0,0,2,0,"BBX","","","","8/F8XD","T",1,0,0,0,0,"T"
0,1,2,2,"CBCBT","","","","K","T",1,0,0,0,0,"F"
0,2,1,2,"CCBC","","","","K","T",1,0,0,0,0,"F"
1,0,0,2,"CCFS","","","","K","T",1,0,0,0,0,"F"
1,1,0,2,"CSFFT","","","","K","T",1,0,0,0,0,"F"
1,2,0,1,"FX","","","","4/P4D","T",1,0,0,0,0,"F"
0,0,1,1,"BFX","","","","3/L3D","T",1,0,0,0,0,"F"
0,1,0,2,"CFX","","","","9/F9","T",1,0,0,0,0,"F"
0,2,1,0,"BX","","","","8/F8","T",1,0,0,0,0,"F"
1,0,1,0,"BX","","","","13/G23-","T",1,0,0,0,0,"F"
1,1,2,2,"BBSFS","","","","K","T",1,0,0,0,0,"F"
1,2,0,1,"CX","","","","9/L9LD","T",1,0,0,0,0,"F"
0,0,0,0,"X","","","","7/L78XD","T",1,0,0,0,0,"F"
0,1,2,2,"CBSBC","","","","K","T",1,0,0,0,0,"F"
0,2,3,0,"BBBB","","","","W","T",0,1,0,0,0,"F"
0,2,0,0,">C","kempt001","","","SB2","F",0,0,2,0,0,"F"
0,2,2,2,">C.BBFS","","kempt001","","K","T",1,0,0,2,0,"F"
1,0,0,1,"CX","","","","63/G4M","T",1,0,0,0,0,"F"
1,1,2,2,"LBFBX","","","","9/F9D","T",1,0,0,0,0,"F"
1,2,3,2,"CBBSBX","","","","43/G34","T",1,0,0,0,0,"F"
0,0,2,1,"BBCX","","","","D8/L89XD+","T",0,2,0,0,0,"F"
0,0,1,2,"FBCX","","laurr001","","3/P1S","T",1,0,0,2,0,"F"
0,1,1,2,"BFCX","","laurr001","","9/F89D.2-3","T",1,0,0,3,0,"F"
0,2,0,1,"CX","","","laurr001","13/G6MS","T",1,0,0,0,3,"F"
1,0,3,2,"BCFBBFX","","","","S7/G56","T",0,1,0,0,0,"F"
1,0,0,0,"X","crawj002","","","9/F9L","T",1,0,1,0,0,"F"
1,1,2,2,"BC1BCFX","crawj002","","","S7/L78D.1-3","T",0,1,3,0,0,"F"
1,1,1,1,"CBX","lewik001","","crawj002","D9/G3.3-H;1-H","T",0,2,4,0,4,"F"
1,1,1,1,"BCX","","seagk001","","13/G1S","T",1,0,0,2,0,"F"
1,2,1,1,"CBX","","seagk001","","S5/G56S.2-H(E5/TH)(NR)(UR)","T",0,1,0,5,0,"F"
1,2,3,2,"BCBSB>S","nolaa002","","","K","T",1,0,1,0,0,"F"
0,0,0,2,"CFC","","","","K","T",1,0,0,0,0,"F"
0,1,2,2,"BFFFBS","","","","K","T",1,0,0,0,0,"F"
0,2,3,2,"BSFBBS","","","","K","T",1,0,0,0,0,"F"
1,0,0,0,"X","","","","D9/L89XD+","T",0,2,0,0,0,"F"
1,0,2,0,"*BBX","","moord002","","6/P6","T",1,0,0,2,0,"F"
1,1,1,1,"BFX","","moord002","","S7/G56.2-3","T",0,1,0,3,0,"F"
1,1,2,2,"..1FBFFF*BFX","crawj002","","moord002","FC1/G4M.3-H;1-2(E1/TH);B-1","T",0,1,2,0,4,"F"
1,1,3,2,"BC*BSFBFX","lopet001","crawj002","","S8/L8D+.2-H(UR);1-2","T",0,1,2,5,0,"F"
1,1,3,0,"BBBB","lewik001","lopet001","","W.2-3;1-2","T",0,1,2,3,0,"F"
1,1,1,2,".F*BFT","seagk001","lewik001","lopet001","K","T",1,0,1,2,3,"F"
1,2,0,1,"FX","seagk001","lewik001","lopet001","7/F7D","T",1,0,1,2,3,"F"
0,0,1,0,"BX","","","","7/F7","T",1,0,0,0,0,"F"
0,1,3,2,"FBSBFBX","","","","53/G56S","T",1,0,0,0,0,"F"
0,2,1,0,"BX","","","","53/G56S","T",1,0,0,0,0,"F"
1,0,1,2,".FBSX","","","","S67/G6","T",0,1,0,0,0,"F"
1,0,1,2,"*B1CCB","longs001","","","WP.1-2","F",0,0,2,0,0,"F"
1,0,3,2,"*B1CCB.BC","","longs001","","K","T",1,0,0,2,0,"F"
1,1,3,2,"B*BBCCB","","longs001","","W","T",0,1,0,2,0,"F"
1,1,2,2,"FBBFFX","gordd002","longs001","","46(1)3/GDP/G4S","T",2,0,0,2,0,"F"
0,0,1,0,"BX","","","","8/L78XD","T",1,0,0,0,0,"F"
0,1,3,2,"CBBBFFC","","","","K","T",1,0,0,0,0,"F"
0,2,3,2,"BBBCCFFB","","","","W","T",0,1,0,0,0,"F"
0,2,0,1,"CX","canhm001","","","7/F7","T",1,0,1,0,0,"F"
1,0,1,0,"BX","","","","8/L8D","T",1,0,0,0,0,"F"
1,1,0,2,"CCFS","","","","K","T",1,0,0,0,0,"F"
1,2,3,1,"CBBBX","","","","8/F1S","T",1,0,0,0,0,"F"
0,0,1,1,".CBX","","","","S3/G34","T",0,1,0,0,0,"F"
0,0,3,2,"*B*BBCCB","piscs001","","","W.1-2","T",0,1,2,0,0,"F"
0,0,1,1,"CBX","murps001","piscs001","","146(1)/FO/G4D.2-3;B-1","T",1,1,0,3,0,"F"
0,1,1,1,"SBX","kempt001","","piscs001","T9/L89XD.3-H;1-H","T",0,3,4,0,4,"F"
0,1,2,1,".B*BCX","","","semim001","9/SF/F9D.3-H","T",1,0,0,0,4,"F"
0,2,1,0,"BX","","","","8/F8D+","T",1,0,0,0,0,"F"
1,0,1,1,".BFX","","","","D7/L7D+","T",0,2,0,0,0,"F"
1,0,2,2,"F.BBFFX","","white005","","8/L8XD+.2-3","T",1,0,0,3,0,"F"
1,1,0,2,"CCS","","","white005","K","T",1,0,0,0,3,"F"
1,2,0,0,"X","","","white005","8/F89","T",1,0,0,0,3,"F"
0,0,0,1,".CX","","","","63/G4+","T",1,0,0,0,0,"F"
0,1,3,1,"FBBBB","","","","W","T",0,1,0,0,0,"F"
0,1,1,1,"SBX","canhm001","","","7/F78","T",1,0,1,0,0,"F"
0,2,1,2,"BFSX","canhm001","","","9/F89D","T",1,0,1,0,0,"F"
0,0,1,2,"FSB*S","","","","K","T",1,0,0,0,0,"T"
0,1,2,2,"CBCFBX","","","","9/F89","T",1,0,0,0,0,"F"
0,2,2,2,"CBBSC","","","","K","T",1,0,0,0,0,"F"
1,0,2,0,"BBX","","","","8/F89D","T",1,0,0,0,0,"F"
1,1,1,0,"BX","","","","53/G56","T",1,0,0,0,0,"F"
1,2,2,1,"CBBX","","","","S6/G4M","T",0,1,0,0,0,"F"
1,2,1,1,"BFX","lewik001","","","63/G34D+","T",1,0,1,0,0,"F"
0,0,2,0,"BBX","","","","63/G6D","T",1,0,0,0,0,"F"
0,1,1,2,"SCBT","","","","K","T",1,0,0,0,0,"F"
0,2,2,2,"FBFFFFBS","","","","K","T",1,0,0,0,0,"F"
1,0,0,0,"X","","","","53/G5","T",1,0,0,0,0,"F"
1,1,2,2,"CBBSFFFX","","","","8/F8","T",1,0,0,0,0,"F"
1,2,1,0,"BX","","","","9/L89D","T",1,0,0,0,0,"F"
0,0,3,2,"BBSFFFBX","","","","7/F7LSF/FL","T",1,0,0,0,0,"F"
0,1,1,2,"BCSX","","","","S5/G56","T",0,1,0,0,0,"F"
0,1,0,1,"CX","piscs001","","","46(1)3/GDP/G6MD+","T",2,0,0,0,0,"F"
1,0,3,2,"BCBBFX","","","","7/F7L","T",1,0,0,0,0,"F"
1,1,1,2,"CBF*S","","","","K","T",1,0,0,0,0,"F"
1,2,1,1,"CBX","","","","S9/L89","T",0,1,0,0,0,"F"
1,2,0,0,"X","crawj002","","","S8/L8.1-2","T",0,1,2,0,0,"F"
1,2,3,1,"*BBFB*B","nolaa002","crawj002","","W.2-3;1-2","T",0,1,2,3,0,"F"
1,2,0,1,".SX","lewik001","nolaa002","crawj002","S8/L8.3-H;2-H;1X3(85)","T",1,1,0,4,4,"F"
0,0,2,2,"BCTBS","","","","K","T",1,0,0,0,0,"F"
0,1,1,2,"BCSS","","","","K","T",1,0,0,0,0,"F"
0,2,1,1,"BCX","","","","63/G6","T",1,0,0,0,0,"F"
1,0,1,2,"CSBFFFX","","","","53/G56","T",1,0,0,0,0,"F"
1,1,1,0,"BX","","","","5/P56","T",1,0,0,0,0,"F"
1,2,1,0,"BX","","","","3/G3","T",1,0,0,0,0,"F"
0,0,3,0,"BBBB","","","","W","T",0,1,0,0,0,"F"
0,0,0,2,".SCS","canhm001","","","K","T",1,0,1,0,0,"F"
0,1,3,2,"STBB*BX","canhm001","","","6(1)3/GDP/G6M","T",2,0,0,0,0,"F"
1,0,2,2,"BFBFS","","","","K","T",1,0,0,0,0,"F"
1,1,0,0,"X","","","","8/L8XD+","T",1,0,0,0,0,"F"
1,2,0,2,"CCX","","","","E4/G4MD.B-1","T",0,1,0,0,0,"F"
1,2,0,0,">C","crawj002","","","CS2(24)","F",1,0,0,0,0,"F"
0,0,0,0,"X","","","","S8/L8D","T",0,1,0,0,0,"F"
0,0,0,2,"SFX","davik003","","","S8/L8D.1-2","T",0,1,2,0,0,"F"
0,0,2,2,"BCC*BS","piscs001","davik003","","K","T",1,0,1,2,0,"F"
0,1,1,2,"SBFS","piscs001","davik003","","K","T",1,0,1,2,0,"F"
0,2,3,2,"BBCFF*B>X","piscs001","davik003","","53/G5D","T",1,0,1,2,0,"F"
1,0,3,1,"CBBBX","","","","5/P56","T",1,0,0,0,0,"F"
1,1,2,2,"BCTB*S","","","","K","T",1,0,0,0,0,"F"
1,2,3,0,"BBBX","","","","3/G3","T",1,0,0,0,0,"F"
0,0,2,2,".BCFBC","","","","K","T",1,0,0,0,0,"F"
0,1,0,1,"CX","","","","DGR/L9LD","T",0,2,0,0,0,"F"
0,1,2,2,"CBSBT","","canhm001","","K","T",1,0,0,2,0,"F"
0,2,1,2,"SBFX","","canhm001","","HR/L89XD.2-H","T",0,4,0,4,0,"F"
0,2,2,2,"CFBBS","","","","K","T",1,0,0,0,0,"F"
1,0,1,2,".BCSFFX","","","","63/G6","T",1,0,0,0,0,"F"
1,1,1,2,"CSFBX","","","","63/G4MD","T",1,0,0,0,0,"F"
1,2,3,2,"SCBBBC","","","","K","T",1,0,0,0,0,"F"
0,0,0,1,"SX","","","","9/L9D","T",1,0,0,0,0,"F"
0,1,3,1,"BBCBB","","","","W","T",0,1,0,0,0,"F"
0,1,3,1,"B.SBBX","murps001","","","7/L7D","T",1,0,1,0,0,"F"
0,2,2,2,"BBCTS","murps001","","","K","T",1,0,1,0,0,"F"
1,0,0,2,"...FCS","","","","K","T",1,0,0,0,0,"F"
1,1,0,0,"X","","","","8/F8XD","T",1,0,0,0,0,"F"
1,2,2,1,"BBTX","","","","3/P3DF/FL","T",1,0,0,0,0,"F"
0,0,0,1,"..CX","","","","7/F78D","T",1,0,0,0,0,"F"
0,1,2,2,"CBBC*S","","","","K","T",1,0,0,0,0,"F"
0,2,3,0,"BBBB","","","","W","T",0,1,0,0,0,"F"
0,2,1,2,"CBC1B","olsom001","","","WP.1-2","F",0,0,2,0,0,"F"
0,2,3,2,"CBC1B.*BB","","olsom001","","W","T",0,1,0,2,0,"F"
0,2,0,0,".X","pindc001","olsom001","","7/F7LD","T",1,0,1,2,0,"F"
1,0,1,2,".CBFX","","","","S7/L78","T",0,1,0,0,0,"F"
1,0,0,1,".11C1B","gordd002","","","PB.1-2","F",0,0,2,0,0,"F"
1,0,2,2,".11C1B.BFS","","gordd002","","K","T",1,0,0,2,0,"F"
1,1,3,0,"VVVV","","gordd002","","IW","T",0,1,0,2,0,"F"
1,1,3,2,"FSFBB2>F*BB","seagk001","gordd002","","W.2-3;1-2","T",0,1,2,3,0,"F"
1,1,2,2,".SBSBFS","white005","seagk001","gordd002","K","T",1,0,1,2,3,"F"
1,2,2,2,"BSBSS","white005","seagk001","gordd002","K","T",1,0,1,2,3,"F"
0,0,0,2,"....SSFX","","","","9/F89","T",1,0,0,0,0,"F"
0,1,2,1,".BCB.X","","","","DGR/L89XD+.2-H(UR)","T",0,2,0,0,0,"F"
0,1,1,1,"CBX","","grosr001","","8/L8XD.2-3","T",1,0,0,3,0,"F"
0,2,1,2,"SS*BS","","","grosr001","K","T",1,0,0,0,3,"F"
1,0,0,2,"....CLX","","","","1/BP13","T",1,0,0,0,0,"F"
1,1,3,1,"BFBBX","","","","5/P5D","T",1,0,0,0,0,"F"
1,2,1,2,"CBFF*S","","","","K","T",1,0,0,0,0,"F"
0,0,3,2,"CFBBFFFBFX","","","","8/F89D","T",1,0,0,0,0,"T"
0,1,2,0,"BBX","","","","43/G4M+","T",1,0,0,0,0,"F"
0,2,2,1,"BBCX","","","","4/P9S","T",1,0,0,0,0,"F"
1,0,2,2,"CBCBH","","","","HP","T",0,1,0,0,0,"F"
1,0,1,0,"BX","crawj002","","","54(1)/FO/G5S.B-1","T",1,1,0,0,0,"F"
1,1,2,2,"B1SBS>FS","moord002","","","K","T",1,0,1,0,0,"F"
1,2,1,2,"FB1>F>B","moord002","","","SB2","F",0,0,2,0,0,"F"
1,2,3,2,"FB1>F>B.FBX","","moord002","","S8/L89D.2-H","T",0,1,0,4,0,"F"
1,2,3,2,"BBCBF>C","voged001","","","K","T",1,0,1,0,0,"F"
0,0,0,1,"CX","","","","53/G5+","T",1,0,0,0,0,"F"
0,1,3,2,"BBCCBX","","","","D9/L9LD","T",0,2,0,0,0,"F"
0,1,3,1,"BCBBX","","canhm001","","31/G3D.2-3","T",1,0,0,3,0,"F"
0,2,2,2,"CBBFX","","","canhm001","31/G3","T",1,0,0,0,3,"F"
1,0,1,2,"FBCS","","","","K","T",1,0,0,0,0,"F"
1,1,0,0,"X","","","","7/F7D","T",1,0,0,0,0,"F"
1,2,1,0,"BX","","","","43/G4","T",1,0,0,0,0,"F"
0,0,2,2,"BBCCFC","","","","K","T",1,0,0,0,0,"F"
0,1,2,2,"BFFBX","","","","S9/L89D","T",0,1,0,0,0,"F"
0,1,2,0,"1B1BX","kempt001","","","9/F9","T",1,0,1,0,0,"F"
0,2,3,2,"1BBCBS>S","kempt001","","","K","T",1,0,1,0,0,"F"
1,0,0,1,"CX","","","","8/F8XD","T",1,0,0,0,0,"F"
1,1,0,1,"CX","","","","8/L78XD","T",1,0,0,0,0,"F"
1,2,2,2,"BFBFFX","","","","63/G6D","T",1,0,0,0,0,"F"
0,0,0,0,"X","","","","8/F78XD","T",1,0,0,0,0,"F"
0,1,1,2,"CFBFC","","","","K","T",1,0,0,0,0,"F"
0,2,3,1,"CBBBB","","","","W","T",0,1,0,0,0,"F"
0,2,1,2,"FBCFX","canhm001","","","7/F7D","T",1,0,1,0,0,"F"
1,0,2,1,"CBBX","","","","13/G4MS","T",1,0,0,0,0,"F"
1,1,2,2,"CBCBFFX","","","","63/G34","T",1,0,0,0,0,"F"
1,2,2,2,"BSSBC","","","","K","T",1,0,0,0,0,"F"
0,0,3,1,"BBSBX","","","","8/F89XD+","T",1,0,0,0,0,"F"
0,1,3,2,"CBFBBFFX","","","","9/F9L","T",1,0,0,0,0,"F"
0,2,3,2,"BFCBBB","","","","W","T",0,1,0,0,0,"F"
0,2,3,2,".*B1BBFC>X","kempt001","","","S5/G6S.1-3","T",0,1,3,0,0,"F"
0,2,1,2,"..CBFX","semim001","","kempt001","HR/L78XD.3-H;1-H","T",0,4,4,0,4,"F"
0,2,2,2,"BSFBS","","","","K","T",1,0,0,0,0,"F"
1,0,0,2,"FSX","","","","S8/G4MS","T",0,1,0,0,0,"F"
1,0,1,0,"BX","longs001","","","9/L89","T",1,0,1,0,0,"F"
1,1,0,2,"SSB","longs001","","","WP.1-2","F",0,0,2,0,0,"F"
1,1,1,2,"SSB.T","","longs001","","K","T",1,0,0,2,0,"F"
1,2,0,1,"CX","","longs001","","6/P6D","T",1,0,0,2,0,"F"
0,0,3,2,"BBFSBX","","","","5/P5F/FL","T",1,0,0,0,0,"F"
0,1,1,1,"CBH","","","","HP","T",0,1,0,0,0,"F"
0,1,0,2,"C*S>B","canhm001","","","SB2.1X3(25)","F",1,0,0,0,0,"F"
0,2,3,2,"C*S>B.BB*B","","","","W","T",0,1,0,0,0,"F"
0,2,0,2,".1CF1S","grosr001","","","K","T",1,0,1,0,0,"F"
1,0,2,2,".BCF.BC","","","","K","T",1,0,0,0,0,"F"
1,1,2,0,"BBX","","","","S8/L8D","T",0,1,0,0,0,"F"
1,1,2,2,"BBFFS","moord002","","","K","T",1,0,1,0,0,"F"
1,2,0,0,"..X","moord002","","","63/G34D","T",1,0,1,0,0,"F"
0,0,3,2,".CCFBBBB","","","","W","T",0,1,0,0,0,"F"
0,0,3,0,"BBBB","allea001","","","W.1-2","T",0,1,2,0,0,"F"
0,0,1,1,".CBX","kempt001","allea001","","9/F89","T",1,0,1,2,0,"F"
0,1,1,2,"CFBS","kempt001","allea001","","K","T",1,0,1,2,0,"F"
0,2,2,2,"CBSBS","kempt001","allea001","","K","T",1,0,1,2,0,"F"
1,0,3,0,".BBBB","","","","W","T",0,1,0,0,0,"F"
1,0,3,2,"*BCBCFFFBFB","white005","","","W.1-2","T",0,1,2,0,0,"F"
1,0,2,2,"CCFFBFBX","longs001","white005","","6/P6","T",1,0,1,2,0,"F"
1,1,3,2,".BBSFBC","longs001","white005","","K","T",1,0,1,2,0,"F"
1,2,3,2,"..BBBCS>S","longs001","white005","","K","T",1,0,1,2,0,"F"
0,0,1,1,"..BCX","","","","S7/L78D","T",0,1,0,0,0,"F"
0,0,2,2,"BFS1FBFS","chapm001","","","K","T",1,0,1,0,0,"F"
0,1,3,2,"C1BB*BFX","chapm001","","","3/G3S.1-3","T",1,0,3,0,0,"F"
0,2,3,2,"BFCBBFS","","","chapm001","K","T",1,0,0,0,3,"F"
1,0,2,1,".BBCX","","","","43/G34","T",1,0,0,0,0,"F"
1,1,0,0,"X","","","","1/BP1S","T",1,0,0,0,0,"F"
1,2,0,1,"CX","","","","HR/F78XD","T",0,4,0,0,0,"F"
1,2,2,2,"BBSCFX","","","","31/G3+","T",1,0,0,0,0,"F"
0,0,1,2,"..FFBS","","","","K","T",1,0,0,0,0,"F"
0,1,0,1,"FX","","","","63/G6MD","T",1,0,0,0,0,"F"
0,2,0,2,"CSS","","","","K","T",1,0,0,0,0,"F"
1,0,1,2,"..CFBS","","","","K","T",1,0,0,0,0,"F"
1,1,1,0,"BX","","","","S7/L7+","T",0,1,0,0,0,"F"
1,1,3,2,".1BCFBB1FFFFF>S","longs001","","","K+SB2","T",1,0,2,0,0,"F"
1,2,1,2,".CSBT","","longs001","","K","T",1,0,0,2,0,"F"
0,0,3,2,"CFBBBX","","","","53/G5D","T",1,0,0,0,0,"T"
0,1,2,1,"CBBX","","","","S7/L78D+","T",0,1,0,0,0,"F"
0,1,1,0,"BN","laurr001","","","SB2","F",0,0,2,0,0,"F"
0,1,2,2,"BN.CCB*S","","laurr001","","K","T",1,0,0,2,0,"F"
0,2,0,1,"CX","","laurr001","","8/L8D","T",1,0,0,2,0,"F"
1,0,1,2,"CCBS","","","","K","T",1,0,0,0,0,"F"
1,1,1,1,"BCX","","","","S4/G4","T",0,1,0,0,0,"F"
1,1,0,2,"CFS","longs001","","","K","T",1,0,1,0,0,"F"
1,2,0,0,"X","longs001","","","S7/G5.1-3","T",0,1,3,0,0,"F"
1,2,1,2,"CBCS","seagk001","","longs001","K","T",1,0,1,0,3,"F"
0,0,1,2,"CFBX","","","","7/F7D","T",1,0,0,0,0,"F"
0,1,1,0,"BX","","","","63/G6D+","T",1,0,0,0,0,"F"
0,2,0,1,"FX","","","","8/L8D+","T",1,0,0,0,0,"F"
1,0,3,1,"CBBBB","","","","W","T",0,1,0,0,0,"F"
1,0,0,0,"X","voged001","","","7/F7LD","T",1,0,1,0,0,"F"
1,1,0,1,"CX","voged001","","","3/G3S-.1-2","T",1,0,2,0,0,"F"
1,2,0,2,"SFS","","voged001","","K","T",1,0,0,2,0,"F"
0,0,0,2,"CSS","","","","K","T",1,0,0,0,0,"F"
0,1,1,2,"BFFC","","","","K","T",1,0,0,0,0,"F"
0,2,3,1,"BSBBB","","","","W","T",0,1,0,0,0,"F"
0,2,1,2,"CC1B*S","semim001","","","K","T",1,0,1,0,0,"F"
1,0,3,2,"BCBBFF*B","","","","W","T",0,1,0,0,0,"F"
1,0,0,0,"X","crawj002","","","63/G6M.1-2","T",1,0,2,0,0,"F"
1,1,1,1,"BCX","","crawj002","","53/G5","T",1,0,0,2,0,"F"
1,2,0,1,"CX","","crawj002","","D9/L9LD.2-H","T",0,2,0,4,0,"F"
1,2,0,0,"X","","seagk001","","9/L9D","T",1,0,0,2,0,"F"
0,0,3,2,"BFCBBFX","","","","8/F8XD","T",1,0,0,0,0,"F"
0,1,1,0,"BX","","","","3/P25","T",1,0,0,0,0,"F"
0,2,3,2,"CBSBBX","","","","8/F8D+","T",1,0,0,0,0,"F"
1,0,3,2,"CBBBCB","","","","W","T",0,1,0,0,0,"F"
1,0,0,2,"CFX","voged001","","","3/P3F/FL","T",1,0,1,0,0,"F"
1,1,1,2,"CBSFS","voged001","","","K","T",1,0,1,0,0,"F"
1,2,0,2,"FCX","voged001","","","D9/G3.1-3","T",0,2,3,0,0,"F"
1,2,0,1,"CX","","smitm007","voged001","63/G6M","T",1,0,0,2,3,"F"
0,0,0,2,"SCX","","","","63/G6D","T",1,0,0,0,0,"F"
0,1,3,2,"SFBBBFFFB","","","","W","T",0,1,0,0,0,"F"
0,1,1,2,"MBSX","davik003","","","S7/L7L.1-2","T",0,1,2,0,0,"F"
0,1,3,1,"B.BBCX","piscs001","davik003","","S5/G5.2-3;1-2","T",0,1,2,3,0,"F"
0,1,3,2,".CBBF*BS","murps001","piscs001","davik003","K","T",1,0,1,2,3,"F"
0,2,1,1,"*BCX","murps001","piscs001","davik003","S9/G4.3-H;2-H;1-3;B-2","T",0,2,3,4,4,"F"
0,2,1,1,"..CBB","","laurr001","murps001","PB.3-H(NR);2-3","F",0,0,0,3,4,"F"
0,2,2,1,"..CBB.X","","","laurr001","S9/G34.3-H","T",0,1,0,0,4,"F"
0,2,0,0,"X","canhm001","","","S1/G25-.1-2","T",0,1,2,0,0,"F"
0,2,3,2,"BBBCC>*B","chapm001","canhm001","","W.2-3;1-2","T",0,1,2,3,0,"F"
0,2,0,1,"FX","olsom001","chapm001","canhm001","S8/L89D.3-H;2-H;1-3","T",0,1,3,4,4,"F"
0,2,0,1,"CX","pindc001","","olsom001","S5/G56S-.3-H;1-2","T",0,1,2,0,4,"F"
0,2,0,0,"X","davik003","pindc001","","D7/G5.2-H;1-3","T",0,2,3,4,0,"F"
0,2,3,2,".BFBBFB","","piscs001","davik003","W","T",0,1,0,2,3,"F"
0,2,3,2,"BBBCC>X","murps001","piscs001","davik003","7/F78D","T",1,0,1,2,3,"F"
1,0,2,2,"CCBBC","","","","K","T",1,0,0,0,0,"F"
1,1,1,1,"BCX","","","","63/G6","T",1,0,0,0,0,"F"
1,2,3,2,"BCCBBB","","","","W","T",0,1,0,0,0,"F"
1,2,0,0,"X","seagk001","","","2/P2F/FL","T",1,0,1,0,0,"F"
0,0,3,2,".BCFBBB","","","","W","T",0,1,0,0,0,"F"
0,0,2,2,"CBCFBH","laurr001","","","HP.1-2","T",0,1,2,0,0,"F"
0,0,2,2,"CBSBS","canhm001","laurr001","","K","T",1,0,1,2,0,"F"
0,1,3,1,"B*SBBB","canhm001","laurr001","","W.2-3;1-2","T",0,1,2,3,0,"F"
0,1,2,2,".BC*BCX","olsom001","canhm001","laurr001","54(1)3/GDP/G5","T",2,0,0,2,3,"F"
1,0,1,2,"CCFBC","","","","K","T",1,0,0,0,0,"F"
1,1,0,2,"SSS","","","","K","T",1,0,0,0,0,"F"
1,2,1,2,"CCBFX","","","","9/F9D","T",1,0,0,0,0,"F"
0,0,0,2,"CFX","","","","HR/L7D","T",0,4,0,0,0,"F"
0,0,0,2,"CFX","","","","53/G5","T",1,0,0,0,0,"F"
0,1,3,2,"BCCBBFB","","","","W","T",0,1,0,0,0,"F"
0,1,1,0,"BX","murps001","","","D9/G3.1-3","T",0,2,3,0,0,"F"
0,1,0,0,"H","","semim001","murps001","HP","T",0,1,0,2,3,"F"
0,1,3,2,"BBBCFB","laurr001","semim001","murps001","W.3-H;2-3;1-2","T",0,1,2,3,4,"F"
0,1,1,2,"BCCFX","canhm001","laurr001","semim001","46(1)3/GDP/G4+","T",2,0,0,2,3,"F"
1,0,1,2,"BCCC","","","","K","T",1,0,0,0,0,"F"
1,1,0,2,"SFX","","","","43/G34","T",1,0,0,0,0,"F"
1,2,2,2,"BCSBX","","","","63/G6","T",1,0,0,0,0,"F"
0,0,3,0,"..BBBB","","","","W","T",0,1,0,0,0,"F"
0,0,0,1,".CX","olsom001","","","3/P3SF/FL","T",1,0,1,0,0,"F"
0,1,1,2,"CF*BFH","olsom001","","","HP.1-2","T",0,1,2,0,0,"F"
0,1,1,2,"CBFX","davik003","olsom001","","54(1)/FO/G56.2-3;B-1","T",1,1,0,3,0,"F"
0,2,2,2,"BBFCS","piscs001","","olsom001","K","T",1,0,1,0,3,"F"
1,0,0,2,".....CSFS","","","","K","T",1,0,0,0,0,"F"
1,1,1,0,"BX","","","","63/G34D","T",1,0,0,0,0,"F"
1,2,1,0,"BX","","","","7/F7","T",1,0,0,0,0,"F"
0,0,0,0,"..X","","","","53/G56","T",1,0,0,0,0,"F"
0,1,3,1,"CBBBB","","","","W","T",0,1,0,0,0,"F"
0,1,3,2,"FFFBBFBB","machv001","","","W.1-2","T",0,1,2,0,0,"F"
0,1,0,2,"SCC","canhm001","machv001","","K","T",1,0,1,2,0,"F"
0,2,0,1,"SX","canhm001","machv001","","S7/L78D.2-H;1-2","T",0,1,2,4,0,"F"
0,2,2,2,".CSBBC","brows003","canhm001","","K","T",1,0,1,2,0,"F"
1,0,3,2,"..BSBCBFFC","","","","K","T",1,0,0,0,0,"F"
1,1,1,2,"BSSC","","","","K","T",1,0,0,0,0,"F"
1,2,0,0,"X","","","","E6/G4+.B-1","T",0,1,0,0,0,"F"
1,2,0,0,"X","marmj001","","","43/G34","T",1,0,1,0,0,"F"
0,0,3,2,"CBBFBX","","","","8/F89","T",1,0,0,0,0,"T"
0,1,2,2,"CBBFX","","","","HR/L78XD","T",0,4,0,0,0,"F"
0,1,0,2,"CFS","","","","K","T",1,0,0,0,0,"F"
0,2,3,1,"CBBBB","","","","W","T",0,1,0,0,0,"F"
0,2,2,1,"CB1B>B","goodb001","","","SB2","F",0,0,2,0,0,"F"
0,2,3,1,"CB1B>B.X","","goodb001","","HR/F7LD.2-H","T",0,4,0,4,0,"F"
0,2,3,1,"CBBBB","","","","W","T",0,1,0,0,0,"F"
0,2,1,2,"11CBSFX","lastt001","","","S5/G56S.1-2","T",0,1,2,0,0,"F"
0,2,0,2,"CFX","adelj001","lastt001","","7/F7D","T",1,0,1,2,0,"F"
1,0,3,1,"CBBBB","","","","W","T",0,1,0,0,0,"F"
1,0,1,0,"1BX","crawj002","","","3/L3/DP.1X1(3)","T",2,0,0,0,0,"F"
1,2,0,0,"X","","","","63/G78S","T",1,0,0,0,0,"F"
0,0,3,0,"BBBB","","","","W","T",0,1,0,0,0,"F"
0,0,2,2,"BCB1CC","rengl001","","","K","T",1,0,1,0,0,"F"
0,1,3,1,"F*BBBB","rengl001","","","W.1-2","T",0,1,2,0,0,"F"
0,1,2,2,"BCFBX","troum001","rengl001","","9/F9L/DP.2X2(96)","T",2,0,1,0,0,"F"
1,0,2,2,"CBBFX","","","","S8/L8XD+","T",0,1,0,0,0,"F"
1,0,2,0,"BBX","seagk001","","","46(1)/FO/G6MD+.B-1","T",1,1,0,0,0,"F"
1,1,0,2,"CSC","nolaa002","","","K","T",1,0,1,0,0,"F"
1,2,2,2,"CS1B*BX","nolaa002","","","13/G1S","T",1,0,1,0,0,"F"
0,0,1,0,"BX","","","","43/G34","T",1,0,0,0,0,"F"
0,1,0,1,"CX","","","","63/G56+","T",1,0,0,0,0,"F"
0,2,2,2,"CBBCX","","","","7/L78","T",1,0,0,0,0,"F"
1,0,3,2,"CFBFBBFX","","","","D7/L7LD+","T",0,2,0,0,0,"F"
1,0,0,2,"SC*S","","moord002","","K.BX1(23)","T",1,0,0,2,0,"F"
1,1,1,1,"C*BX","","moord002","","13/G2-.2-3","T",1,0,0,3,0,"F"
1,2,3,2,"SSBBBF*B","","","moord002","W","T",0,1,0,0,3,"F"
1,2,2,2,"SBBFX","lopet001","","moord002","7/L7D+","T",1,0,1,0,3,"F"
0,0,0,2,"CC*S","","","","K.BX1(23)","T",1,0,0,0,0,"F"
0,1,1,2,"BCFFS","","","","K","T",1,0,0,0,0,"F"
0,2,1,1,"CBX","","","","7/F7LSF/FL","T",1,0,0,0,0,"F"
1,0,0,0,"X","","","","9/F89D","T",1,0,0,0,0,"F"
1,1,3,1,"CBBBB","","","","W","T",0,1,0,0,0,"F"
1,1,1,2,"SBCFX","nolaa002","","","64(1)/FO/G6.B-1","T",1,1,0,0,0,"F"
1,2,1,0,"BX","white005","","","63/G6MD","T",1,0,1,0,0,"F"
0,0,2,2,".BCCBC","","","","K","T",1,0,0,0,0,"F"
0,1,0,1,"CX","","","","63/G56","T",1,0,0,0,0,"F"
0,2,2,1,"BTBX","","","","8/F8S","T",1,0,0,0,0,"F"
1,0,1,0,"BX","","","","8/F89XD+","T",1,0,0,0,0,"F"
1,1,2,2,"FCBFBFX","","","","4/L4MD","T",1,0,0,0,0,"F"
1,2,1,2,"BCFX","","","","6/P56D","T",1,0,0,0,0,"F"
0,0,2,1,".CBBX","","","","3/L3","T",1,0,0,0,0,"F"
0,1,1,1,"BCX","","","","43/G4M","T",1,0,0,0,0,"F"
0,2,2,2,"CBFBFX","","","","7/F7D","T",1,0,0,0,0,"F"
1,0,0,2,"CSFS","","","","K","T",1,0,0,0,0,"F"
1,1,0,0,"X","","","","63/G6D","T",1,0,0,0,0,"F"
1,2,3,1,"BCBBB","","","","W","T",0,1,0,0,0,"F"
1,2,0,0,"X","seagk001","","","T8/L78XD.1-H","T",0,3,4,0,0,"F"
1,2,2,2,"..FBFBS","","","nolaa002","K","T",1,0,0,0,3,"F"
0,0,0,2,".FCX","","","","3/G34+","T",1,0,0,0,0,"F"
0,1,2,0,"BBX","","","","8/F8XD+","T",1,0,0,0,0,"F"
0,2,0,2,"CTX","","","","S8/L78D","T",0,1,0,0,0,"F"
0,2,1,1,"BCX","rengl001","","","HR/L7LD.1-H","T",0,4,4,0,0,"F"
0,2,2,2,"BCBSX","","","","4/P4D","T",1,0,0,0,0,"F"
1,0,2,2,"BFBSFX","","","","53/G56S-","T",1,0,0,0,0,"F"
1,1,2,2,"BCFBX","","","","HR/F7LD","T",0,4,0,0,0,"F"
1,1,0,2,"..FCFS","","","","K","T",1,0,0,0,0,"F"
1,2,3,2,"BBCBFS","","","","K","T",1,0,0,0,0,"F"
0,0,2,1,".BBCX","","","","5/P5F/FL","T",1,0,0,0,0,"F"
0,1,3,2,"CCBBBT","","","","K","T",1,0,0,0,0,"F"
0,2,0,2,"CFC","","","","K","T",1,0,0,0,0,"F"
1,0,0,2,".FFS","","","","K","T",1,0,0,0,0,"F"
1,1,2,2,"BBCFFX","","","","D9/L9LD","T",0,2,0,0,0,"F"
1,1,1,2,"BCFX","","lewik001","","3/G3.2-3","T",1,0,0,3,0,"F"
1,2,3,2,"BCSBBX","","","lewik001","S76/F78S.3-H","T",0,1,0,0,4,"F"
1,2,2,2,"..CSBB+1X","nolaa002","","","43/G4","T",1,0,1,0,0,"F"
0,0,2,2,".CBBFX","","","","31/G3D","T",1,0,0,0,0,"F"
0,1,2,2,"FBBFX","","","","53/G56S","T",1,0,0,0,0,"F"
0,2,1,0,"BX","","","","S7/G6","T",0,1,0,0,0,"F"
0,2,1,0,"BX","castj006","","","63/G56D","T",1,0,1,0,0,"F"
1,0,1,1,"SBX","","","","63/G6MD","T",1,0,0,0,0,"F"
1,1,2,2,"BBCCFFX","","","","63/G56","T",1,0,0,0,0,"F"
1,2,0,0,"X","","","","7/F7L","T",1,0,0,0,0,"F"
0,0,3,2,"BCSBBX","","","","3/G3S-","T",1,0,0,0,0,"T"
0,1,3,2,"TBBCBX","","","","53/G5D+","T",1,0,0,0,0,"F"
0,2,1,2,"CCBX","","","","5/P5SF/FL","T",1,0,0,0,0,"F"
1,0,3,1,"BBBCB","","","","W","T",0,1,0,0,0,"F"
1,0,0,1,"1C1>B","crawj002","","","SB2","F",0,0,2,0,0,"F"
1,0,1,2,"1C1>B.CX","","crawj002","","5/P5SF/FL","T",1,0,0,2,0,"F"
1,1,0,2,"CCFX","","crawj002","","43/G4.2-3","T",1,0,0,3,0,"F"
1,2,3,2,"BBBCFX","","","crawj002","63/G34","T",1,0,0,0,3,"F"
0,0,1,2,"CFFBS","","","","K","T",1,0,0,0,0,"F"
0,1,2,2,"BCBFX","","","","43/G4MD","T",1,0,0,0,0,"F"
0,2,2,2,"CBBFS","","","","K","T",1,0,0,0,0,"F"
1,0,1,2,"BFCF","","","","FLE3","F",0,0,0,0,0,"F"
1,0,1,2,"BFCF.S","","","","K","T",1,0,0,0,0,"F"
1,1,3,1,"BBBCB","","","","W","T",0,1,0,0,0,"F"
1,1,1,2,"BCFS","voged001","","","K","T",1,0,1,0,0,"F"
1,2,1,1,"*BCX","voged001","","","13/G1-","T",1,0,1,0,0,"F"
0,0,2,2,"BBCFC","","","","K","T",1,0,0,0,0,"F"
0,1,1,1,"CBX","","","","HR/L78XD","T",0,4,0,0,0,"F"
0,1,0,0,"X","","","","3/P3S","T",1,0,0,0,0,"F"
0,2,0,2,"CFX","","","","7/F7","T",1,0,0,0,0,"F"
1,0,1,2,"BFSFX","","","","43/G4","T",1,0,0,0,0,"F"
1,1,2,2,"BCBFX","","","","S8/L8","T",0,1,0,0,0,"F"
1,1,0,2,"1CC1F11X","crawj002","","","S8/F8S.1-2","T",0,1,2,0,0,"F"
1,1,1,0,"BX","moord002","crawj002","","9/F9D.2-3","T",1,0,1,3,0,"F"
1,2,1,1,"..S1BX","moord002","","crawj002","HR/F9LD.3-H;1-H","T",0,4,4,0,4,"F"
1,2,1,0,"BX","","","","D7/L7LD","T",0,2,0,0,0,"F"
1,2,3,2,"CCBFBBB","","nolaa002","","W","T",0,1,0,2,0,"F"
1,2,1,2,"BFFS","voged001","nolaa002","","K","T",1,0,1,2,0,"F"
0,0,2,2,"CFBBFX","","","","6/P6","T",1,0,0,0,0,"F"
0,1,1,1,"BCX","","","","3/G34","T",1,0,0,0,0,"F"
0,2,0,2,"SFS","","","","K","T",1,0,0,0,0,"F"
1,0,2,0,".BBX","","","","7/F7LS","T",1,0,0,0,0,"F"
1,1,2,2,"BBCFFX","","","","63/G6D","T",1,0,0,0,0,"F"
1,2,1,1,"BCX","","","","13/G34S","T",1,0,0,0,0,"F"
0,0,1,1,"FBX","","","","8/L8D","T",1,0,0,0,0,"F"
0,1,0,2,"CCFC","","","","K","T",1,0,0,0,0,"F"
0,2,1,2,"SFBFS","","","","K","T",1,0,0,0,0,"F"
1,0,1,0,"BX","","","","D9/L9LD","T",0,2,0,0,0,"F"
1,0,1,0,"BX","","moord002","","S8/G2+.2-H","T",0,1,0,4,0,"F"
1,0,1,0,"B1>C","lewik001","","","SB2","F",0,0,2,0,0,"F"
1,0,2,1,"B1>C.*BX","","lewik001","","31/G3.2-3","T",1,0,0,3,0,"F"
1,1,0,0,"X","","","lewik001","FC/G56S.3XH(52);B-1","T",1,1,0,0,0,"F"
1,2,3,2,"1CCBBFB>X","nolaa002","","","5/P5DF/FL","T",1,0,1,0,0,"F"
0,0,1,2,"BSCFX","","","","4/P4MD","T",1,0,0,0,0,"F"
0,1,3,2,"BCBBFFX","","","","63/G6S","T",1,0,0,0,0,"F"
0,2,0,2,"CCX","","","","HR/L7LD","T",0,4,0,0,0,"F"
0,2,1,1,"BFX","","","","HR/F78XD","T",0,4,0,0,0,"F"
0,2,1,0,"BX","","","","4/P34","T",1,0,0,0,0,"F"
1,0,3,2,"BBCBCC","","","","K","T",1,0,0,0,0,"F"
1,1,1,1,".BCX","","","","S8/L8","T",0,1,0,0,0,"F"
1,1,1,2,"F1F1F1BX","longs001","","","46(1)3/GDP/G4","T",2,0,0,0,0,"F"
0,0,1,2,"CBFFS","","","","K","T",1,0,0,0,0,"F"
0,1,1,2,"BSFX","","","","5/P5F/FL","T",1,0,0,0,0,"F"
0,2,1,1,"BCX","","","","53/G5","T",1,0,0,0,0,"F"
1,0,0,1,".CX","","","","63/G23+","T",1,0,0,0,0,"F"
1,1,0,2,"CC*S","","","","K","T",1,0,0,0,0,"F"
1,2,0,0,"X","","","","S8/L8XD","T",0,1,0,0,0,"F"
1,2,3,2,"BBFBC>F>F>X","lewik001","","","S9/L89.1-3","T",0,1,3,0,0,"F"
1,2,2,2,"CBBS>B","seagk001","","lewik001","SB2","F",0,0,2,0,3,"F"
1,2,3,2,"CBBS>B.X","","seagk001","lewik001","D9/L89XD.3-H;2-H","T",0,2,0,4,4,"F"
1,2,3,0,"VVVV","","nolaa002","","IW","T",0,1,0,2,0,"F"
1,2,1,1,"..BSX","voged001","nolaa002","","DGR/L9LD.2-H;1-3","T",0,2,3,4,0,"F"
1,2,1,2,"CBCX","","white005","voged001","6/P4M","T",1,0,0,2,3,"F"
0,0,0,0,".X","","","","S5/G5","T",0,1,0,0,0,"F"
0,0,1,2,"CBSH","adelj001","","","HP.1-2","T",0,1,2,0,0,"F"
0,0,2,2,"CBBCS","stasm001","adelj001","","K","T",1,0,1,2,0,"F"
0,1,3,2,"BBBCCX","stasm001","adelj001","","4/P4","T",1,0,1,2,0,"F"
0,2,0,1,"CB","stasm001","adelj001","","WP.2-3;1-2","F",0,0,2,3,0,"F"
0,2,3,2,"CB.BSBX","","stasm001","adelj001","HR/F7LD.3-H;2-H","T",0,4,0,4,4,"F"
0,2,0,0,"H","","","","HP","T",0,1,0,0,0,"F"
0,2,0,0,"..X","renda001","","","9/L89XD","T",1,0,1,0,0,"F"
1,0,1,2,"..BSFX","","","","8/L78D","T",1,0,0,0,0,"F"
1,1,1,2,"BFSX","","","","7/F78","T",1,0,0,0,0,"F"
1,2,0,2,"SFX","","","","S7/G56","T",0,1,0,0,0,"F"
1,2,3,0,"1BBB>C","moord002","","","SB2","F",0,0,2,0,0,"F"
1,2,3,1,"1BBB>C.B","","moord002","","W","T",0,1,0,2,0,"F"
1,2,3,2,"..SBBC.B>X","lewik001","moord002","","6/P8S","T",1,0,1,2,0,"F"
0,0,3,1,".BFBBX","","","","43/G6","T",1,0,0,0,0,"F"
0,1,2,2,".BCFBT","","","","K","T",1,0,0,0,0,"F"
0,2,2,2,"BBSCS","","","","K","T",1,0,0,0,0,"F"
0,0,1,2,"BCFX","","","","9/F89D","T",1,0,0,0,0,"T"
0,1,2,1,"CBBX","","","","9/L89D","T",1,0,0,0,0,"F"
0,2,0,1,"CX","","","","63/G56","T",1,0,0,0,0,"F"
1,0,1,1,"BCX","","","","3/G3+","T",1,0,0,0,0,"F"
1,1,0,0,"H","","","","HP","T",0,1,0,0,0,"F"
1,1,2,2,"C11BB1S1>B","moord002","","","SB2","F",0,0,2,0,0,"F"
1,1,3,2,"C11BB1S1>B.S","","moord002","","K","T",1,0,0,2,0,"F"
1,2,1,2,"CBCX","","moord002","","43/G34","T",1,0,0,2,0,"F"
0,0,1,0,"BX","","","","HR/F7LD","T",0,4,0,0,0,"F"
0,0,1,2,"BCSFC","","","","K","T",1,0,0,0,0,"F"
0,1,2,2,"BCSFBX","","","","53/G56","T",1,0,0,0,0,"F"
0,2,2,2,"BBCSS","","","","K","T",1,0,0,0,0,"F"
1,0,0,2,"SSFC","","","","K","T",1,0,0,0,0,"F"
1,1,0,1,"CX","","","","63/G56D","T",1,0,0,0,0,"F"
1,2,2,0,"BBX","","","","63/G6","T",1,0,0,0,0,"F"
0,0,1,2,"CSBS","","","","K","T",1,0,0,0,0,"F"
0,1,2,1,"BBCX","","","","43/G34D","T",1,0,0,0,0,"F"
0,2,2,2,"CCBBX","","","","43/G4M","T",1,0,0,0,0,"F"
1,0,2,1,"BCBX","","","","31/G34","T",1,0,0,0,0,"F"
1,1,1,2,"FBSFC","","","","K","T",1,0,0,0,0,"F"
1,2,2,2,"CCBBX","","","","S8/F8S","T",0,1,0,0,0,"F"
1,2,1,2,"B1SC1*S","crawj002","","","K.BX1(23)","T",1,0,1,0,0,"F"
0,0,0,1,"CX","","","","S8/L8","T",0,1,0,0,0,"F"
0,0,3,2,"CSBFBB1>B","troum001","","","W.1-2","T",0,1,2,0,0,"F"
0,0,3,0,"B.BBB","renda001","troum001","","W.2-3;1-2","T",0,1,2,3,0,"F"
0,0,1,1,"BCX","ohtas001","renda001","troum001","S9/L9.3-H;2-3;1-2","T",0,1,2,3,4,"F"
0,0,0,0,"H","lastt001","ohtas001","renda001","HP.3-H;2-3;1-2","T",0,1,2,3,4,"F"
0,0,0,2,"CCX","uptoj001","lastt001","ohtas001","5/P5DF/FL","T",1,0,1,2,3,"F"
0,1,1,1,"FBX","uptoj001","lastt001","ohtas001","9/SF/F9D.3-H;2-3","T",1,0,1,3,4,"F"
0,2,3,1,"BBBCB","uptoj001","","lastt001","W.1-2","T",0,1,2,0,3,"F"
0,2,0,0,"..X","rengl001","uptoj001","lastt001","64(1)/FO/G6.B-1","T",1,1,0,2,3,"F"
1,0,0,1,"CX","","","","31/G3","T",1,0,0,0,0,"F"
1,1,1,0,"BX","","","","HR/L9D","T",0,4,0,0,0,"F"
1,1,0,2,"CFX","","","","D8/L8XD","T",0,2,0,0,0,"F"
1,1,0,1,"FX","","longs001","","13/G4S-.2-3","T",1,0,0,3,0,"F"
1,2,0,1,"CX","","","longs001","7/F7","T",1,0,0,0,3,"F"
0,0,1,1,"CBX","","","","63/G56","T",1,0,0,0,0,"F"
0,1,0,0,"H","","","","HP","T",0,1,0,0,0,"F"
0,1,2,1,"BFBX","renda001","","","7/F7LS","T",1,0,1,0,0,"F"
0,2,1,0,"BX","renda001","","","43/G3D","T",1,0,1,0,0,"F"
1,0,0,2,"LCS","","","","K","T",1,0,0,0,0,"F"
1,1,3,1,"BBBCX","","","","5/L5D","T",1,0,0,0,0,"F"
1,2,1,2,"CBCX","","","","63/G6M","T",1,0,0,0,0,"F"
0,0,2,2,".BFBSC","","","","K","T",1,0,0,0,0,"F"
0,1,0,1,"CX","","","","S8/L89.B-2(E8)","T",0,2,0,0,0,"F"
0,1,0,1,"FX","","goodb001","","7/F7LS","T",1,0,0,2,0,"F"
0,2,1,2,"BFFX","","goodb001","","3/P3SF/FL","T",1,0,0,2,0,"F"
1,0,0,2,"CFC","","","","K","T",1,0,0,0,0,"F"
1,1,2,2,"BFBFX","","","","43/G4","T",1,0,0,0,0,"F"
1,2,1,2,"BCCX","","","","6/P6D","T",1,0,0,0,0,"F"
0,0,3,2,".FCBBBX","","","","D9/L9L","T",0,2,0,0,0,"F"
0,0,2,2,"CBFF*BFX","","fletd002","","53/G56","T",1,0,0,2,0,"F"
0,1,3,2,"BFFBBC","","fletd002","","K","T",1,0,0,2,0,"F"
0,2,0,1,"FX","","fletd002","","8/F8+","T",1,0,0,2,0,"F"
1,0,1,2,"CSBS","","","","K","T",1,0,0,0,0,"F"
1,1,1,2,"BSSS","","","","K","T",1,0,0,0,0,"F"
1,2,0,0,"X","","","","7/L7","T",1,0,0,0,0,"F"
0,0,3,1,".BCBBX","","","","D9/L9LD","T",0,2,0,0,0,"F"
0,0,0,0,"X","","lastt001","","6/P5DF/FL","T",1,0,0,2,0,"F"
0,1,2,2,"BFC*BC","","lastt001","","K","T",1,0,0,2,0,"F"
0,2,0,2,"FSX","","lastt001","","HR/F7D.2-H","T",0,4,0,4,0,"F"
0,2,1,2,"FBSX","","","","53/G5","T",1,0,0,0,0,"F"
1,0,0,0,"X","","","","S4/G4M.B-2(E4/TH)","T",0,2,0,0,0,"F"
1,0,2,1,"BCBX","","smitm007","","4/P4MD","T",1,0,0,2,0,"F"
1,1,2,1,"BCBX","","smitm007","","6/P9S","T",1,0,0,2,0,"F"
1,2,0,2,"CSS","","smitm007","","K","T",1,0,0,2,0,"F"
0,0,0,1,"CX","","","","4/P4MS","T",1,0,0,0,0,"F"
0,1,1,2,"BFCX","","","","43/G6MD","T",1,0,0,0,0,"F"
0,2,1,2,"CBCS","","","","K","T",1,0,0,0,0,"F"
1,0,3,2,"CBCBBS","","","","K","T",1,0,0,0,0,"F"
1,1,0,2,"CCX","","","","463/L4D+","T",1,0,0,0,0,"F"
1,2,0,0,"X","","","","63/G6M","T",1,0,0,0,0,"F"
0,0,3,1,"BBBCB","","","","W","T",0,1,0,0,0,"T"
0,0,1,0,"BX","hampg001","","","8/L8XD+","T",1,0,1,0,0,"F"
0,1,0,1,"CX","hampg001","","","63/G6D.1-2","T",1,0,2,0,0,"F"
0,2,1,2,"BCFX","","hampg001","","63/G6","T",1,0,0,2,0,"F"
1,0,3,1,"BBBCB","","","","W","T",0,1,0,0,0,"F"
1,0,0,0,"X","longs001","","","9/L9D","T",1,0,1,0,0,"F"
1,1,1,1,"BFX","longs001","","","9/L9D","T",1,0,1,0,0,"F"
1,2,2,1,"BBC1X","longs001","","","S9/G34+.1-3","T",0,1,3,0,0,"F"
1,2,3,1,"C*BBBX","seagk001","","longs001","43/G4","T",1,0,1,0,3,"F"
0,0,2,2,"BFFBX","","","","53/G56","T",1,0,0,0,0,"F"
0,1,3,2,"BBFFBX","","","","43/G34+","T",1,0,0,0,0,"F"
0,2,3,2,"BSFBBFX","","","","23/G2-","T",1,0,0,0,0,"F"
1,0,0,1,"FX","","","","53/G6D","T",1,0,0,0,0,"F"
1,1,0,2,"CSS","","","","K","T",1,0,0,0,0,"F"
1,2,1,0,"BX","","","","E6/TH/G6D.B-2","T",0,2,0,0,0,"F"
1,2,1,1,"BFX","","gordd002","","S7/G6.2-H(UR);B-2","T",0,2,0,5,0,"F"
1,2,1,2,"FS*BS","","smitm007","","K","T",1,0,0,2,0,"F"
0,0,0,1,"CX","","","","S9/L9S","T",0,1,0,0,0,"F"
0,0,0,0,"X","owinc001","","","D7/G5+.1-3","T",0,2,3,0,0,"F"
0,0,1,0,"BX","","diaze005","owinc001","163/G6S+.3-H;2-3","T",1,0,0,3,4,"F"
0,1,1,2,"SC*BFX","","","diaze005","FC5/G56S-.3-H;B-1","T",0,1,0,0,4,"F"
0,1,0,1,"FX","stort001","","","S8/L89D.1-2","T",0,1,2,0,0,"F"
0,1,2,0,".B*BX","blacc001","stort001","","54(1)3/GDP/G5+","T",2,0,0,2,0,"F"
1,0,0,2,"FC*S","","","","K.BX1(23)","T",1,0,0,0,0,"F"
1,1,1,2,"CTBX","","","","9/F89","T",1,0,0,0,0,"F"
1,2,1,1,"CBX","","","","8/L8+","T",1,0,0,0,0,"F"
0,0,3,2,"CTBFBBS","","","","K","T",1,0,0,0,0,"F"
0,1,0,1,"CX","","","","13/G1","T",1,0,0,0,0,"F"
0,2,2,2,"CSBFFBFFX","","","","3/G3S","T",1,0,0,0,0,"F"
1,0,0,0,"X","","","","8/F78D","T",1,0,0,0,0,"F"
1,1,1,2,"CBFX","","","","7/L7LD","T",1,0,0,0,0,"F"
1,2,1,0,"BX","","","","53/G56S","T",1,0,0,0,0,"F"
0,0,3,2,"SBFBBS","","","","K","T",1,0,0,0,0,"F"
0,1,2,2,"BCSFBX","","","","3/P3DF/FL","T",1,0,0,0,0,"F"
0,2,0,0,"X","","","","9/F9","T",1,0,0,0,0,"F"
1,0,2,2,"FBFBFX","","","","43/G34D","T",1,0,0,0,0,"F"
1,1,2,2,"BFSBFX","","","","S15/G1S","T",0,1,0,0,0,"F"
1,1,0,0,">B","smitm007","","","SB2","F",0,0,2,0,0,"F"
1,1,3,1,">B.BBCX","","smitm007","","13/G13.2-3","T",1,0,0,3,0,"F"
1,2,2,2,"CBCBS","","","smitm007","K","T",1,0,0,0,3,"F"
0,0,3,2,"BBCBFS","","","","K","T",1,0,0,0,0,"F"
0,1,1,2,"BFFX","","","","S9/L89+","T",0,1,0,0,0,"F"
0,1,1,0,"BX","blacc001","","","7/F78XD","T",1,0,1,0,0,"F"
0,2,1,2,"1TC*BX","blacc001","","","D9/L9L.1-3","T",0,2,3,0,0,"F"
0,2,0,1,".CX","","kempm001","blacc001","S49/G4.3-H;2-H","T",0,1,0,4,4,"F"
0,2,0,2,"..CSS","murpd006","","","K","T",1,0,1,0,0,"F"
1,0,3,2,"CBFBBS","","","","K","T",1,0,0,0,0,"F"
1,1,3,2,"FCBBBX","","","","D7/L7L","T",0,2,0,0,0,"F"
1,1,1,0,"BX","","seagk001","","HR/L7LD.2-H","T",0,4,0,4,0,"F"
1,1,1,1,"CBX","","","","6/P8S","T",1,0,0,0,0,"F"
1,2,2,0,"BBX","","","","53/G56","T",1,0,0,0,0,"F"
0,0,3,1,"BBSBB","","","","W","T",0,1,0,0,0,"F"
0,0,2,0,"B.BX","owinc001","","","54(1)3/GDP/G5+","T",2,0,0,0,0,"F"
0,2,2,1,"BBCX","","","","HR/F78XD","T",0,4,0,0,0,"F"
0,2,2,1,"BBFX","","","","9/F9L","T",1,0,0,0,0,"F"
1,0,2,2,".BFBFS","","","","K","T",1,0,0,0,0,"F"
1,1,0,2,"CSC","","","","K","T",1,0,0,0,0,"F"
1,2,1,1,"BSX","","","","31/G34","T",1,0,0,0,0,"F"
0,0,1,0,".BX","","","","HR/F89XD","T",0,4,0,0,0,"F"
0,0,3,1,"BBCBX","","","","5/P5","T",1,0,0,0,0,"F"
0,1,3,1,"BBBCB","","","","W","T",0,1,0,0,0,"F"
0,1,0,0,"X","kempm001","","","HR/L9LD.1-H","T",0,4,4,0,0,"F"
0,1,0,2,"CFX","","","","8/F8XD","T",1,0,0,0,0,"F"
0,2,0,2,"CFS","","","","K","T",1,0,0,0,0,"F"
1,0,0,2,".CCS","","","","K","T",1,0,0,0,0,"F"
1,1,2,1,"BBCX","","","","S8/L8S","T",0,1,0,0,0,"F"
1,1,1,2,"BCFFS","lewik001","","","K","T",1,0,1,0,0,"F"
1,2,1,0,"BX","lewik001","","","D9/G3.1-H","T",0,2,4,0,0,"F"
1,2,0,2,"SCX","","nolaa002","","5/P5DF/FL","T",1,0,0,2,0,"F"
0,0,2,0,"BBX","","","","S7/L78XD+","T",0,1,0,0,0,"F"
0,0,1,2,"CCBS","diaze005","","","K","T",1,0,1,0,0,"F"
0,1,3,2,"BBFFBS","diaze005","","","K","T",1,0,1,0,0,"F"
0,2,3,2,"*S*BBS*B>*B","diaze005","","","W.1-2","T",0,1,2,0,0,"F"
0,2,0,0,"B","blacc001","diaze005","","PB.2-3;1-2","F",0,0,2,3,0,"F"
0,2,3,2,"B...*BBCF*B","","blacc001","diaze005","W","T",0,1,0,2,3,"F"
0,2,3,2,"FF*BBB>F>S","arenn001","blacc001","diaze005","K","T",1,0,1,2,3,"F"
1,0,0,1,".FX","","","","S7/G56","T",0,1,0,0,0,"F"
1,0,0,1,"FX","lopet001","","","S6/G6.1-2","T",0,1,2,0,0,"F"
1,0,2,1,"*BCBX","gordd002","lopet001","","9/F9","T",1,0,1,2,0,"F"
1,1,3,1,"BBCBX","gordd002","lopet001","","8/F78XD+","T",1,0,1,2,0,"F"
1,2,1,2,"CCBC","gordd002","lopet001","","K","T",1,0,1,2,0,"F"
0,0,1,1,"BFX","","","","8/L89XD+","T",1,0,0,0,0,"T"
0,1,1,1,"BFX","","","","8/F8D","T",1,0,0,0,0,"F"
0,2,3,2,"FSFBBFBFFX","","","","D9/L89XD+","T",0,2,0,0,0,"F"
0,2,1,1,"CBX","","blacc001","","7/F78D+","T",1,0,0,2,0,"F"
1,0,0,2,"CSS","","","","K","T",1,0,0,0,0,"F"
1,1,2,1,"BSBX","","","","63/G6MD+","T",1,0,0,0,0,"F"
1,2,3,2,"BBBCFX","","","","7/L78D+","T",1,0,0,0,0,"F"
0,0,1,2,"CFFBS","","","","K","T",1,0,0,0,0,"F"
0,1,3,2,"CBBTBB","","","","W","T",0,1,0,0,0,"F"
0,1,0,2,"CSX","kempm001","","","5/P5F/FL","T",1,0,1,0,0,"F"
0,2,1,1,"BSX","kempm001","","","6/P56D","T",1,0,1,0,0,"F"
1,0,0,1,"CX","","","","8/F89D","T",1,0,0,0,0,"F"
1,1,1,2,"FBSX","","","","63/G4S","T",1,0,0,0,0,"F"
1,2,0,1,"CX","","","","7/F78XD","T",1,0,0,0,0,"F"
0,0,3,2,"CFBFBFBX","","","","5/P5DF/FL","T",1,0,0,0,0,"F"
0,1,2,2,"CFBBC","","","","K","T",1,0,0,0,0,"F"
0,2,2,2,"FBCBF*S","","","","K","T",1,0,0,0,0,"F"
1,0,1,1,"BSX","","","","43/G89S+","T",1,0,0,0,0,"F"
1,1,1,2,"FBCFX","","","","43/G4S","T",1,0,0,0,0,"F"
1,2,2,2,"CFBBS","","","","K","T",1,0,0,0,0,"F"
0,0,0,2,"CSX","","","","S8/G4M+","T",0,1,0,0,0,"F"
0,0,0,0,"X","blacc001","","","7/F7LD","T",1,0,1,0,0,"F"
0,1,1,0,"BX","blacc001","","","S8/L8S.1-2","T",0,1,2,0,0,"F"
0,1,0,1,"..SX","murpd006","blacc001","","8/F89XD+.2-3","T",1,0,1,3,0,"F"
0,2,2,2,"FB*S*BS","murpd006","","blacc001","K","T",1,0,1,0,3,"F"
1,0,3,2,"CBFBBX","","","","9/L89XD","T",1,0,0,0,0,"F"
1,1,3,2,"BBFBCX","","","","43/G23+","T",1,0,0,0,0,"F"
1,2,2,2,"BBCFFS","","","","K","T",1,0,0,0,0,"F"
0,0,1,0,"BX","","","","D7/F7LS","T",0,2,0,0,0,"F"
0,0,3,2,"FBBBCFFC","","mcmar001","","K","T",1,0,0,2,0,"F"
0,1,3,0,".*BBBB","","mcmar001","","W","T",0,1,0,2,0,"F"
0,1,2,0,"..BBX","hampg001","mcmar001","","S7/L7D+.2-3;1-2","T",0,1,2,3,0,"F"
0,1,0,0,"X","stort001","hampg001","mcmar001","D8/L9D.3-H;2-H;1-H","T",0,2,4,4,4,"F"
0,1,1,0,"BX","","blacc001","","53/G5+","T",1,0,0,2,0,"F"
0,2,1,2,"BFFB","","blacc001","","WP.2-3","F",0,0,0,3,0,"F"
0,2,2,2,"BFFB.X","","","blacc001","S7/L78+.3-H","T",0,1,0,0,4,"F"
0,2,1,2,"CCBX","murpd006","","","9/F9","T",1,0,1,0,0,"F"
1,0,2,0,"BBH","","","","HP","T",0,1,0,0,0,"F"
1,0,3,1,".CBBBB","seagk001","","","W.1-2","T",0,1,2,0,0,"F"
1,0,1,0,"..BX","voged001","seagk001","","36(1)1/GDP/G34D+.2-3","T",2,0,0,3,0,"F"
1,2,0,2,"CCX","","","seagk001","13/G1S","T",1,0,0,0,3,"F"
0,0,3,2,"BCBBFB","","","","W","T",0,1,0,0,0,"F"
0,0,0,0,"X","dahld001","","","8/F8D","T",1,0,1,0,0,"F"
0,1,1,2,"CCFF*BFX","dahld001","","","4/L4-","T",1,0,1,0,0,"F"
0,2,3,2,"SBB*BC>B","dahld001","","","W.1-2","T",0,1,2,0,0,"F"
0,2,2,1,"..BBCX","hampg001","dahld001","","S9/L89.2-H;1-3","T",0,1,3,4,0,"F"
0,2,2,1,"BBC>C","stort001","","hampg001","SB2","F",0,0,2,0,3,"F"
0,2,3,2,"BBC>C.FBFB","","stort001","hampg001","W","T",0,1,0,2,3,"F"
0,2,1,0,"BX","blacc001","stort001","hampg001","4/P4M","T",1,0,1,2,3,"F"
1,0,1,1,"FBX","","","","43/G4","T",1,0,0,0,0,"F"
1,1,0,0,"X","","","","8/F8D+","T",1,0,0,0,0,"F"
1,2,2,0,"BBX","","","","S8/L8","T",0,1,0,0,0,"F"
1,2,2,0,"BBX","crawj002","","","5/P5SF/FL","T",1,0,1,0,0,"F"
0,0,1,0,"BX","","","","S8/G4M","T",0,1,0,0,0,"F"
0,0,2,2,"CFBBX","murpd006","","","64(1)3/GDP/G6","T",2,0,0,0,0,"F"
0,2,1,0,"BX","","","","4/L34D+","T",1,0,0,0,0,"F"
1,0,3,2,"BCBBFB","","","","W","T",0,1,0,0,0,"F"
1,0,1,0,"BX","lewik001","","","7/F78","T",1,0,1,0,0,"F"
1,1,2,2,"C1BBTS","lewik001","","","K","T",1,0,1,0,0,"F"
1,2,0,2,"FTC","lewik001","","","K","T",1,0,1,0,0,"F"
0,0,0,1,".SX","","","","8/F78XD","T",1,0,0,0,0,"F"
0,1,3,1,"BSBBB","","","","W","T",0,1,0,0,0,"F"
0,1,2,2,"SCBF*BX","buted001","","","7/F78D","T",1,0,1,0,0,"F"
0,2,1,1,"BSX","buted001","","","9/F9S","T",1,0,1,0,0,"F"
1,0,2,1,".CBBX","","","","9/F9LD","T",1,0,0,0,0,"F"
1,1,0,1,"CX","","","","43/G34","T",1,0,0,0,0,"F"
1,2,3,2,"CBBCBC","","","","K","T",1,0,0,0,0,"F"
0,0,0,1,".CX","","","","7/F78S","T",1,0,0,0,0,"F"
0,1,0,1,"CX","","","","3/P3DF-/FL","T",1,0,0,0,0,"F"
0,2,1,2,"CSBT","","","","K","T",1,0,0,0,0,"F"
1,0,3,2,".BFBBCFFX","","","","9/F89XD","T",1,0,0,0,0,"F"
1,1,2,2,"SBCFBX","","","","13/G13","T",1,0,0,0,0,"F"
1,2,2,2,"BFBFX","","","","63/G6D","T",1,0,0,0,0,"F"
0,0,2,2,"CBBCX","","","","8/F89D","T",1,0,0,0,0,"T"
0,1,1,0,"BX","","","","9/F89XD","T",1,0,0,0,0,"F"
0,2,3,1,"CBBBX","","","","D9/L9LD+","T",0,2,0,0,0,"F"
0,2,0,0,"S","","blacc001","","PB.2-3","F",0,0,0,3,0,"F"
0,2,1,2,"S.BCS","","","blacc001","K","T",1,0,0,0,3,"F"
1,0,0,0,"X","","","","S9/L9S+","T",0,1,0,0,0,"F"
1,0,2,2,"*BBCSX","crawj002","","","HR/F9D.1-H","T",0,4,4,0,0,"F"
1,0,3,2,"BCBBFX","","","","31/G4","T",1,0,0,0,0,"F"
1,1,2,2,"FBBCX","","","","8/L8D","T",1,0,0,0,0,"F"
1,2,3,2,"CBBBCX","","","","7/F7L","T",1,0,0,0,0,"F"
0,0,3,2,"CCBFBFFBS","","","","K","T",1,0,0,0,0,"F"
0,1,1,2,"SCBFFX","","","","53/G5D","T",1,0,0,0,0,"F"
0,2,1,0,"BX","","","","31/G34D","T",1,0,0,0,0,"F"
1,0,1,2,"CSB*S","","","","K","T",1,0,0,0,0,"F"
1,1,0,0,"X","","","","63/G6+","T",1,0,0,0,0,"F"
1,2,1,0,"BX","","","","63/G6MS","T",1,0,0,0,0,"F"
0,0,1,2,"BFFX","","","","43/G4M","T",1,0,0,0,0,"F"
0,1,1,2,"FSBS","","","","K","T",1,0,0,0,0,"F"
0,2,0,2,"CCX","","","","S8/F8S","T",0,1,0,0,0,"F"
0,2,1,2,"CF*B>X","hampg001","","","43/G6M","T",1,0,1,0,0,"F"
1,0,1,0,"BX","","","","S7/L78","T",0,1,0,0,0,"F"
1,0,0,0,"X","hudsj002","","","64(1)3/GDP/G6+","T",2,0,0,0,0,"F"
1,2,2,2,"CBBCT","","","","K","T",1,0,0,0,0,"F"
0,0,1,1,"CBX","","","","S9/L9","T",0,1,0,0,0,"F"
0,0,1,2,"S1*BFS","blacc001","","","K","T",1,0,1,0,0,"F"
0,1,2,2,"L1FBBFX","blacc001","","","S8/L8D.1-3","T",0,1,3,0,0,"F"
0,1,0,0,".X","dahld001","","blacc001","6/P6MD","T",1,0,1,0,3,"F"
0,2,3,2,"BS1CBB>S","dahld001","","blacc001","K","T",1,0,1,0,3,"F"
1,0,1,2,"BFFX","","","","7/F7D","T",1,0,0,0,0,"F"
1,1,0,1,"CX","","","","6/P8S","T",1,0,0,0,0,"F"
1,2,0,2,"CSS","","","","K","T",1,0,0,0,0,"F"
0,0,1,2,"FFBX","","","","8/F8XD","T",1,0,0,0,0,"F"
0,1,1,2,"BSFX","","","","1/P56S-","T",1,0,0,0,0,"F"
0,2,1,1,"BSX","","","","8/F8","T",1,0,0,0,0,"F"
1,0,1,2,"BSSS","","","","K","T",1,0,0,0,0,"F"
1,1,2,2,"CFBBX","","","","9/L9","T",1,0,0,0,0,"F"
1,2,1,1,"BFX","","","","3/G34","T",1,0,0,0,0,"F"
0,0,2,2,"FBBFS","","","","K","T",1,0,0,0,0,"F"
0,1,1,0,"BX","","","","63/G4MS","T",1,0,0,0,0,"F"
0,2,2,2,"CFBBC","","","","K","T",1,0,0,0,0,"F"
1,0,3,2,"BFBCFBFB","","","","W","T",0,1,0,0,0,"F"
1,0,2,1,"*BB.CX","hudsj002","","","8/L8XD+","T",1,0,1,0,0,"F"
1,1,0,0,"X","hudsj002","","","46(1)3/GDP/G4","T",2,0,0,0,0,"F"
0,0,0,2,".CST","","","","K","T",1,0,0,0,0,"F"
0,1,0,0,"X","","","","63/G6","T",1,0,0,0,0,"F"
0,2,0,2,"CSS","","","","K","T",1,0,0,0,0,"F"
1,0,0,1,"SX","","","","S5/G56S-","T",0,1,0,0,0,"F"
1,0,0,0,"1X","lewik001","","","FC5/G6.1-3(E5)(E5/TH);B-2","T",0,2,3,0,0,"F"
1,0,0,0,"X","","seagk001","lewik001","3/G34","T",1,0,0,2,3,"F"
1,1,0,0,"X","","seagk001","lewik001","8/SF/F8XD+.3-H(UR);2-3","T",1,0,0,3,5,"F"
1,2,0,2,"SSX","","","seagk001","S9/L9.3-H(UR)","T",0,1,0,0,5,"F"
1,2,0,0,">C","lopet001","","","SB2","F",0,0,2,0,0,"F"
1,2,0,1,">C.X","","lopet001","","S9/L89S.2-H(UR);B-2","T",0,2,0,5,0,"F"
1,2,1,1,".BSX","","gordd002","","8/F89S","T",1,0,0,2,0,"F"
0,0,3,2,".BBBCCS","","","","K","T",1,0,0,0,0,"F"
0,1,1,1,"BCX","","","","13/G1","T",1,0,0,0,0,"F"
0,2,3,1,"SBBBB","","","","W","T",0,1,0,0,0,"F"
0,2,1,0,"B>C","hampg001","","","SB2","F",0,0,2,0,0,"F"
0,2,1,1,"B>C..X","","hampg001","","S8/L8S.2-H","T",0,1,0,4,0,"F"
0,2,3,2,"BBS1F>FB>F>B","stort001","","","W.1-2","T",0,1,2,0,0,"F"
0,2,0,0,".X","blacc001","stort001","","S7/L7LD.2-H;1-2","T",0,1,2,4,0,"F"
0,2,0,1,"...SX","tapir001","blacc001","","S9/L89.2-H;1-2","T",0,1,2,4,0,"F"
0,2,1,2,".*BFFS","dahld001","tapir001","","K","T",1,0,1,2,0,"F"
1,0,1,0,"...BX","","","","6/P56D","T",1,0,0,0,0,"F"
1,1,3,1,"BBBCH","","","","HP","T",0,1,0,0,0,"F"
1,1,3,0,"B11B*B>B","moord002","","","W.1-2","T",0,1,2,0,0,"F"
1,1,3,2,".BCFBB*B","lewik001","moord002","","W.2-3;1-2","T",0,1,2,3,0,"F"
1,1,3,2,".BBSF*BFS","seagk001","lewik001","moord002","K","T",1,0,1,2,3,"F"
1,2,3,2,"CBBFB>X","seagk001","lewik001","moord002","8/L8XD","T",1,0,1,2,3,"F"
0,0,2,2,"BBCFS","","","","K","T",1,0,0,0,0,"F"
0,1,1,2,"CBSFS","","","","K","T",1,0,0,0,0,"F"
0,2,2,0,"BBX","","","","7/F7","T",1,0,0,0,0,"F"
0,0,0,2,"CFS","","","","K","T",1,0,0,0,0,"T"
0,1,2,2,"CBBFX","","","","E4/G34.B-1","T",0,1,0,0,0,"F"
0,1,3,2,"BCS*B*BFFX","seagc001","","","6/P6MD","T",1,0,1,0,0,"F"
0,2,0,2,"CTS","seagc001","","","K","T",1,0,1,0,0,"F"
1,0,3,2,"BBBCFFC","","","","K","T",1,0,0,0,0,"F"
1,1,2,2,"SFBFBX","","","","S7/L7S","T",0,1,0,0,0,"F"
1,1,0,0,"11>C","moord002","","","SB2","F",0,0,2,0,0,"F"
1,1,1,2,"11>C.BSS","","moord002","","K","T",1,0,0,2,0,"F"
1,2,3,0,"BBBB","","moord002","","W","T",0,1,0,2,0,"F"
1,2,1,2,"BCFFX","seagk001","moord002","","S7/L7LD.2-H;1-3","T",0,1,3,4,0,"F"
1,2,3,2,"BFSFF1BB>S","nolaa002","","seagk001","K","T",1,0,1,0,3,"F"
0,0,2,2,"CBBCX","","","","HR/L9LD","T",0,4,0,0,0,"F"
0,0,1,1,"CBX","","","","8/F89D","T",1,0,0,0,0,"F"
0,1,2,2,"CCBBFX","","","","HR/L8XD","T",0,4,0,0,0,"F"
0,1,1,2,"BSSS","","","","K","T",1,0,0,0,0,"F"
0,2,0,0,"X","","","","S7/L78D","T",0,1,0,0,0,"F"
0,2,3,2,"BCFBB>*B","ruizk001","","","W.1-2","T",0,1,2,0,0,"F"
0,2,3,2,"BFBBS>X","bettm001","ruizk001","","43/G34D","T",1,0,1,2,0,"F"
1,0,2,2,"CBFBFFX","","","","D7/L7D","T",0,2,0,0,0,"F"
1,0,0,1,"FX","","lopet001","","S7/G6+.2-3","T",0,1,0,3,0,"F"
1,0,0,2,"F111FS","haggs001","","lopet001","K","T",1,0,1,0,3,"F"
1,1,0,0,"1>C","haggs001","","lopet001","SB2","F",0,0,2,0,3,"F"
1,1,3,2,"1>C.BB*BCS","","haggs001","lopet001","K","T",1,0,0,2,3,"F"
1,2,0,1,".CX","","haggs001","lopet001","53/G5D","T",1,0,0,2,3,"F"
0,0,1,0,"BX","","","","9/L9","T",1,0,0,0,0,"F"
0,1,0,0,"X","","","","HR/L89XD","T",0,4,0,0,0,"F"
0,1,1,2,"BCCC","","","","K","T",1,0,0,0,0,"F"
0,2,2,1,"FBBX","","","","E5/G5.B-1","T",0,1,0,0,0,"F"
0,2,0,0,"1","polla001","","","PO1(13)","F",1,0,0,0,0,"F"
1,0,1,1,"BCX","","","","S5/G5","T",0,1,0,0,0,"F"
1,0,3,2,"BBBSC>F>B","lewik001","","","W.1-2","T",0,1,2,0,0,"F"
1,0,2,2,"CCB*BFX","seagk001","lewik001","","HR/F7LD.2-H;1-H","T",0,4,4,4,0,"F"
1,0,3,2,"BCBF.BB","","","","W","T",0,1,0,0,0,"F"
1,0,1,2,"CF1B>FX","longs001","","","S5/G1S-.1-2","T",0,1,2,0,0,"F"
1,0,2,2,"CFBBS","lopet001","longs001","","K","T",1,0,1,2,0,"F"
1,1,0,0,"H","lopet001","longs001","","HP.2-3;1-2","T",0,1,2,3,0,"F"
1,1,1,0,".BX","bishb001","lopet001","longs001","8/SF/L8.3-H","T",1,0,1,2,4,"F"
1,2,0,0,"X","bishb001","lopet001","","13/G2","T",1,0,1,2,0,"F"
0,0,1,2,"..CCBX","","","","8/F89XD","T",1,0,0,0,0,"F"
0,1,1,2,"FFBC","","","","K","T",1,0,0,0,0,"F"
0,2,1,2,"BCFX","","","","3/G3","T",1,0,0,0,0,"F"
1,0,0,1,"CX","","","","S68/G6M","T",0,1,0,0,0,"F"
1,0,2,1,"B1BCX","lewik001","","","16(1)3/GDP/G1S","T",2,0,0,0,0,"F"
1,2,1,2,"CSBFC","","","","K","T",1,0,0,0,0,"F"
0,0,0,1,"CX","","","","3/P9LS","T",1,0,0,0,0,"F"
0,1,1,2,"SCFFBS","","","","K","T",1,0,0,0,0,"F"
0,2,2,2,"FBFBS","","","","K","T",1,0,0,0,0,"F"
1,0,1,0,"BX","","","","E4/G4D.B-2","T",0,2,0,0,0,"F"
1,0,2,1,"BCBX","","longs001","","63/G6MS.2-3","T",1,0,0,3,0,"F"
1,1,1,2,"BSS+3","","","longs001","PO3(25)","F",1,0,0,0,0,"F"
1,2,1,2,"BSS+3.S","","","","K","T",1,0,0,0,0,"F"
0,0,2,1,"BBCX","","","","63/G4D+","T",1,0,0,0,0,"F"
0,1,2,2,"BBCC.S","","","","K","T",1,0,0,0,0,"F"
0,2,0,1,".CX","","","","8/L8XD+","T",1,0,0,0,0,"F"
1,0,3,2,"..BBBCSX","","","","43/G6MD","T",1,0,0,0,0,"F"
1,1,0,1,"CX","","","","63/G4","T",1,0,0,0,0,"F"
1,2,2,2,"CCBFFBX","","","","HR/L78XD","T",0,4,0,0,0,"F"
1,2,2,1,"BBSX","","","","7/F1S","T",1,0,0,0,0,"F"
0,0,1,0,"BX","","","","8/F8XD+","T",1,0,0,0,0,"F"
0,1,0,1,"FX","","","","63/G6S","T",1,0,0,0,0,"F"
0,2,2,2,"BCBFX","","","","9/F89D","T",1,0,0,0,0,"F"
1,0,3,2,".FFBFBBB","","","","W","T",0,1,0,0,0,"F"
1,0,2,1,"CBB1X","seagk001","","","9/F9L","T",1,0,1,0,0,"F"
1,1,0,0,"X","seagk001","","","1/G13.1-2","T",1,0,2,0,0,"F"
1,2,0,2,"CSX","","seagk001","","9/L1S","T",1,0,0,2,0,"F"
0,0,3,2,".SBSFFBFBX","","","","D57/G5+","T",0,2,0,0,0,"F"
0,0,0,0,"X","","bettm001","","6/L4D+","T",1,0,0,2,0,"F"
0,1,1,1,"*BCX","","bettm001","","S8/G6+.2-H","T",0,1,0,4,0,"F"
0,1,2,1,"S*B1BX","turnj001","","","7/F7L","T",1,0,1,0,0,"F"
0,2,0,0,"..X","turnj001","","","8/F8XD","T",1,0,1,0,0,"F"
1,0,2,2,"...BCBFX","","","","E6/TH/G6D+.B-1","T",0,1,0,0,0,"F"
1,0,0,2,"F1>F1>*S","haggs001","","","K+SB2","T",1,0,2,0,0,"F"
1,1,3,2,"BBFBFX","","haggs001","","43/G4.2-3","T",1,0,0,3,0,"F"
1,2,0,2,"CCX","","","haggs001","9/F9","T",1,0,0,0,3,"F"
0,0,3,1,"BBBCX","","","","S5/G5S","T",0,1,0,0,0,"F"
0,0,0,2,"CF*S","polla001","","","K","T",1,0,1,0,0,"F"
0,1,3,1,"BBBC*B","polla001","","","W.1-2","T",0,1,2,0,0,"F"
0,1,1,2,"BFFS","taylc001","polla001","","K","T",1,0,1,2,0,"F"
0,2,3,1,"*BC*BBB","taylc001","polla001","","W.2-3;1-2","T",0,1,2,3,0,"F"
0,2,1,2,"SFBS","bettm001","taylc001","polla001","K","T",1,0,1,2,3,"F"
0,0,1,0,"BX","","","","3/L34","T",1,0,0,0,0,"T"
0,1,0,1,"CX","","","","9/F9D","T",1,0,0,0,0,"F"
0,2,2,2,"BCBCS","","","","K","T",1,0,0,0,0,"F"
1,0,0,2,"CFC","","","","K","T",1,0,0,0,0,"F"
1,1,1,2,"CCBC","","","","K","T",1,0,0,0,0,"F"
1,2,3,1,"BBBCB","","","","W","T",0,1,0,0,0,"F"
1,2,0,0,"X","lewik001","","","8/F8D","T",1,0,1,0,0,"F"
0,0,1,2,"CFB*S","","","","K","T",1,0,0,0,0,"F"
0,1,1,2,"BLSS","","","","K","T",1,0,0,0,0,"F"
0,2,1,0,"BX","","","","7/F78","T",1,0,0,0,0,"F"
1,0,2,1,"CBBX","","","","53/G56+","T",1,0,0,0,0,"F"
1,1,0,1,"FX","","","","2/P2F/FL","T",1,0,0,0,0,"F"
1,2,2,2,"CBBSX","","","","3/G34","T",1,0,0,0,0,"F"
0,0,1,1,"BCX","","","","S9/L9LS","T",0,1,0,0,0,"F"
0,0,3,2,"F*BSB1BB","herne001","","","W.1-2","T",0,1,2,0,0,"F"
0,0,2,2,"LCB*BFFFX","barna001","herne001","","DGR/L9LD.2-H;1-3","T",0,2,3,4,0,"F"
0,0,1,0,"BB","","beatm001","barna001","PB.3-H(NR);2-3","F",0,0,0,3,4,"F"
0,0,2,2,"BB.SFS","","","beatm001","K","T",1,0,0,0,3,"F"
0,1,0,1,"SX","","","beatm001","S7/G56+.3-H","T",0,1,0,0,4,"F"
0,1,3,2,"CFF*BF*BFBX","polla001","","","53/G5.1-2","T",1,0,2,0,0,"F"
0,2,0,0,"X","","polla001","","S8/L89D.2-H","T",0,1,0,4,0,"F"
0,2,0,0,"X","bellc002","","","9/F89XD","T",1,0,1,0,0,"F"
1,0,2,2,"BFBSC","","","","K","T",1,0,0,0,0,"F"
1,1,1,2,"SBFC","","","","K","T",1,0,0,0,0,"F"
1,2,0,0,"X","","","","DGR/L78XD+","T",0,2,0,0,0,"F"
1,2,1,1,"BSX","","haggs001","","3/L34","T",1,0,0,2,0,"F"
0,0,2,2,".BCBFX","","","","31/G34","T",1,0,0,0,0,"F"
0,1,2,2,"BBCSFFX","","","","7/F7D","T",1,0,0,0,0,"F"
0,2,2,2,"BFBCT","","","","K","T",1,0,0,0,0,"F"
1,0,1,1,"BCX","","","","53/G56-","T",1,0,0,0,0,"F"
1,1,3,1,"BCBBX","","","","HR/F9LD","T",0,4,0,0,0,"F"
1,1,0,0,"X","","","","8/F8XD","T",1,0,0,0,0,"F"
1,2,3,2,"BCSBFBX","","","","53/G6","T",1,0,0,0,0,"F"
0,0,1,1,"CBX","","","","3/G3","T",1,0,0,0,0,"F"
0,1,3,1,"BBBCB","","","","W","T",0,1,0,0,0,"F"
0,1,1,0,"BX","bettm001","","","9/F9D","T",1,0,1,0,0,"F"
0,2,1,0,"11B>B","bettm001","","","SB2","F",0,0,2,0,0,"F"
0,2,3,0,"11B>B.*BB","","bettm001","","W","T",0,1,0,2,0,"F"
0,2,3,0,"*BBBB","turnj001","bettm001","","W.2-3;1-2","T",0,1,2,3,0,"F"
0,2,0,0,".B","bellc002","turnj001","bettm001","WP.3-H(NR);2-3;1-2","F",0,0,2,3,4,"F"
0,2,3,0,".B.*BBB","","bellc002","turnj001","W","T",0,1,0,2,3,"F"
0,2,2,2,"C*BFBX","taylc001","bellc002","turnj001","8/F8XD","T",1,0,1,2,3,"F"
1,0,1,2,"SSBS","","","","K","T",1,0,0,0,0,"F"
1,1,1,2,"SBSS","","","","K","T",1,0,0,0,0,"F"
1,2,0,2,"CCS","","","","K","T",1,0,0,0,0,"F"
0,0,3,2,".BTSBBX","","","","53/G5+","T",1,0,0,0,0,"F"
0,1,2,2,"BCBFS","","","","K","T",1,0,0,0,0,"F"
0,2,1,1,"CBX","","","","8/F8","T",1,0,0,0,0,"F"
1,0,3,2,"BFBSBC","","","","K","T",1,0,0,0,0,"F"
1,1,1,2,"BFFX","","","","53/G56","T",1,0,0,0,0,"F"
1,2,1,0,"BX","","","","S8/L8XD+","T",0,1,0,0,0,"F"
1,2,2,2,"S1BSBC","lewik001","","","K","T",1,0,1,0,0,"F"
0,0,1,1,"CBX","","","","3/G3","T",1,0,0,0,0,"F"
0,1,0,0,"X","","","","63/G6","T",1,0,0,0,0,"F"
0,2,1,2,"BCSFX","","","","63/G6","T",1,0,0,0,0,"F"
1,0,1,1,"FBX","","","","S7/G6","T",0,1,0,0,0,"F"
1,0,3,1,"B*BBCX","nolaa002","","","53/G5.1-2","T",1,0,2,0,0,"F"
1,1,0,2,"CSS","","nolaa002","","K","T",1,0,0,2,0,"F"
1,2,0,2,"SCF*S","","nolaa002","","K","T",1,0,0,2,0,"F"
0,0,0,1,"FX","","","","HR/F9LD","T",0,4,0,0,0,"F"
0,0,2,2,"SFBBX","","","","53/G56","T",1,0,0,0,0,"F"
0,1,3,2,"BBSBCX","","","","3/G3","T",1,0,0,0,0,"F"
0,2,1,1,"BFX","","","","D7/G5","T",0,2,0,0,0,"F"
0,2,2,1,"SBBX","","herne001","","S4/G4M.2-3","T",0,1,0,3,0,"F"
0,2,1,0,"BX","barna001","","herne001","8/L8D+","T",1,0,1,0,3,"F"
1,0,1,1,".BSX","","","","E4/TH/G6MD.B-2","T",0,2,0,0,0,"F"
1,0,0,2,"SSS","","odomj001","","K","T",1,0,0,2,0,"F"
1,1,0,2,"FST","","odomj001","","K","T",1,0,0,2,0,"F"
1,2,2,2,"CBS*BX","","odomj001","","8/F89","T",1,0,0,2,0,"F"
0,0,1,0,".BX","","","","4/P4","T",1,0,0,0,0,"F"
0,1,1,2,"BCCC","","","","K","T",1,0,0,0,0,"F"
0,2,2,0,"BBX","","","","8/F8XD","T",1,0,0,0,0,"F"
1,0,0,0,".X","","","","3/G3","T",1,0,0,0,0,"F"
1,1,3,2,"BFBBFFFX","","","","53/G56D+","T",1,0,0,0,0,"F"
1,2,2,2,"BFFBFS","","","","K","T",1,0,0,0,0,"F"
0,0,0,2,"CCF*S","","","","K.BX1(23)","T",1,0,0,0,0,"T"
0,1,1,2,"CBFS","","","","K","T",1,0,0,0,0,"F"
0,2,1,2,"CBCX","","","","8/F8D","T",1,0,0,0,0,"F"
1,0,0,2,"CCX","","","","S7/L7","T",0,1,0,0,0,"F"
1,0,0,2,"F1FX","crawj002","","","D7/G5.1-H;B-3(E7)","T",0,3,4,0,0,"F"
1,0,1,1,"SBB","","","haggs001","WP.3-H(NR)","F",0,0,0,0,4,"F"
1,0,3,2,"SBB.TFFBFB","","","","W","T",0,1,0,0,0,"F"
1,0,2,1,"BCBX","lewik001","","","13/G2-.1-2","T",1,0,2,0,0,"F"
1,1,1,1,"C*BX","","lewik001","","S8/F8.2-H;B-2","T",0,2,0,4,0,"F"
1,1,1,1,"BSX","","nolaa002","","S8/L89.2-3","T",0,1,0,3,0,"F"
1,1,1,2,"SFB1FS","lopet001","","nolaa002","K","T",1,0,1,0,3,"F"
1,2,1,0,"BX","lopet001","","nolaa002","DGR/L9LD.3-H;1-3","T",0,2,3,0,4,"F"
1,2,3,2,"BBCCBB","","bishb001","lopet001","W","T",0,1,0,2,3,"F"
1,2,1,2,".CFBFC","odomj001","bishb001","lopet001","K","T",1,0,1,2,3,"F"
0,0,1,2,"BSFS","","","","K","T",1,0,0,0,0,"F"
0,1,2,2,"BCBCC","","","","K","T",1,0,0,0,0,"F"
0,2,2,0,"BBX","","","","9/F9D","T",1,0,0,0,0,"F"
1,0,0,2,"SSX","","","","8/F8D","T",1,0,0,0,0,"F"
1,1,0,1,"CX","","","","HR/L8XD","T",0,4,0,0,0,"F"
1,1,1,2,"TCBX","","","","7/F7S","T",1,0,0,0,0,"F"
1,2,1,1,"CBX","","","","43/G4MD+","T",1,0,0,0,0,"F"
0,0,2,1,"FBBX","","","","63/G6+","T",1,0,0,0,0,"F"
0,1,1,2,"CBFS","","","","K","T",1,0,0,0,0,"F"
0,2,0,2,"FFX","","","","S6/G15","T",0,1,0,0,0,"F"
0,2,0,2,"F1F>B","heins001","","","SB2","F",0,0,2,0,0,"F"
0,2,1,2,"F1F>B.FC","","heins001","","K","T",1,0,0,2,0,"F"
1,0,0,2,"CSFX","","","","S7/L7","T",0,1,0,0,0,"F"
1,0,0,0,"11>C","lopet001","","","SB2","F",0,0,2,0,0,"F"
1,0,0,1,"11>C.X","","lopet001","","S1/BG1S.2-3","T",0,1,0,3,0,"F"
1,0,1,2,"SC*BFX","gordd002","","lopet001","53/G6.3-H;1-2","T",1,0,2,0,4,"F"
1,1,2,2,"C*BCBS","","gordd002","","K","T",1,0,0,2,0,"F"
1,2,1,0,"BX","","gordd002","","23/G2-","T",1,0,0,2,0,"F"
0,0,1,2,"SBFX","","","","53/G56","T",1,0,0,0,0,"F"
0,1,1,2,"CBFX","","","","53/G56","T",1,0,0,0,0,"F"
0,2,2,2,"CBBCC","","","","K","T",1,0,0,0,0,"F"
1,0,2,1,"CBBX","","","","8/F89XD+","T",1,0,0,0,0,"F"
1,1,2,2,"BCBFS","","","","K","T",1,0,0,0,0,"F"
1,2,1,0,"BX","","","","8/F8","T",1,0,0,0,0,"F"
0,0,1,2,"CFBX","","","","D7/G5+","T",0,2,0,0,0,"F"
0,0,0,1,"SX","","trevj001","","8/F8D","T",1,0,0,2,0,"F"
0,1,2,0,"BBX","","trevj001","","63/G56D","T",1,0,0,2,0,"F"
0,2,3,1,"BCBBB","","trevj001","","W","T",0,1,0,2,0,"F"
0,2,0,2,"SCX","refsr001","trevj001","","D9/L9L.2-H;1-H;B-3","T",0,3,4,4,0,"F"
0,2,0,1,"CX","","","heins001","7/F7S","T",1,0,0,0,3,"F"
1,0,2,1,"CBBX","","","","7/F78S","T",1,0,0,0,0,"F"
1,1,2,1,"BBFX","","","","9/L89XD+","T",1,0,0,0,0,"F"
1,2,1,2,"FFBX","","","","8/L8D","T",1,0,0,0,0,"F"
0,0,1,1,"FBX","","","","HR/L9D","T",0,4,0,0,0,"F"
0,0,1,1,"CBX","","","","53/G5","T",1,0,0,0,0,"F"
0,1,0,0,"X","","","","S5/BG5","T",0,1,0,0,0,"F"
0,1,2,0,"BBX","gallj002","","","S9/L89D.1-3","T",0,1,3,0,0,"F"
0,1,2,0,".BBX","trevj001","","gallj002","8/SF/F8D.3-H","T",1,0,1,0,4,"F"
0,2,0,0,"1X","trevj001","","","8/F8D","T",1,0,1,0,0,"F"
1,0,3,1,"FBBBB","","","","W","T",0,1,0,0,0,"F"
1,0,2,1,".B1BC1","bishb001","","","PO1(E1/TH).1-2","F",0,0,2,0,0,"F"
1,0,2,1,".B1BC1.X","","bishb001","","3/SH/BG3S.2-3","T",1,0,0,3,0,"F"
1,1,1,2,"FFBX","","","bishb001","FC/G4S.3XH(12);B-1","T",1,1,0,0,0,"F"
1,2,0,0,"X","crawj002","","","43/G4D+","T",1,0,1,0,0,"F"
0,0,0,2,".CFX","","","","9/F9S","T",1,0,0,0,0,"F"
0,1,2,2,"BCBF*S","","","","K","T",1,0,0,0,0,"F"
0,2,0,0,"X","","","","63/G6","T",1,0,0,0,0,"F"
1,0,3,1,"CBBBB","","","","W","T",0,1,0,0,0,"F"
1,0,3,2,"FBBFB>F1>B","lewik001","","","W.1-2","T",0,1,2,0,0,"F"
1,0,1,1,".CBX","seagk001","lewik001","","9/L9D/DP.2-3;1X2(96)","T",2,0,0,3,0,"F"
1,2,2,2,"SBCBX","","","lewik001","E4/TH/G4.3-H(NR)(UR);B-1","T",0,1,0,0,5,"F"
1,2,2,2,"BSC>F1>FB1X","lopet001","","","9/L9","T",1,0,1,0,0,"F"
0,0,0,2,".CSS","","","","K","T",1,0,0,0,0,"F"
0,1,2,2,"BBCFS","","","","K","T",1,0,0,0,0,"F"
0,2,1,2,"SSBT","","","","K","T",1,0,0,0,0,"F"
1,0,1,2,".CSBC","","","","K","T",1,0,0,0,0,"F"
1,1,3,2,"BSSBBC","","","","K","T",1,0,0,0,0,"F"
1,2,0,2,"SC*S","","","","K","T",1,0,0,0,0,"F"
0,0,1,0,".BX","","","","8/F8XD+","T",1,0,0,0,0,"F"
0,1,3,2,"BBBCFS","","","","K","T",1,0,0,0,0,"F"
0,2,1,2,"CSBX","","","","53/G56","T",1,0,0,0,0,"F"
0,0,2,2,"CBFBS","","","","K","T",1,0,0,0,0,"T"
0,1,2,2,"BFBCX","","","","53/G5","T",1,0,0,0,0,"F"
0,2,3,1,"FBBBX","","","","S67/G56+","T",0,1,0,0,0,"F"
0,2,0,0,"X","frazt001","","","8/F89D","T",1,0,1,0,0,"F"
1,0,0,2,"CF*S","","","","K","T",1,0,0,0,0,"F"
1,1,0,0,"X","","","","S8/L8","T",0,1,0,0,0,"F"
1,1,0,2,"CCX","haggs001","","","S8/L89.1-3","T",0,1,3,0,0,"F"
1,1,0,0,"X","lewik001","","haggs001","8/SF/L8XD.3-H","T",1,0,1,0,4,"F"
1,2,1,1,"SBX","lewik001","","","S4/L89S+.1-3","T",0,1,3,0,0,"F"
1,2,2,1,"B*BCB","nolaa002","","lewik001","WP.1-2","F",0,0,2,0,3,"F"
1,2,3,2,"B*BCB.CX","","nolaa002","lewik001","D7/G5+.3-H;2-H","T",0,2,0,4,4,"F"
1,2,2,2,"BCBSX","","white005","","43/G34","T",1,0,0,2,0,"F"
0,0,1,1,"CBX","","","","53/G56D","T",1,0,0,0,0,"F"
0,1,0,0,"X","","","","9/L9D","T",1,0,0,0,0,"F"
0,2,0,1,"CX","","","","43/G4MD+","T",1,0,0,0,0,"F"
1,0,0,2,"CFS","","","","K","T",1,0,0,0,0,"F"
1,1,3,1,"BTBBX","","","","6/P4MS","T",1,0,0,0,0,"F"
1,2,0,0,"X","","","","S64/G4","T",0,1,0,0,0,"F"
1,2,3,1,"*BBC1BX","crawj002","","","43/G34","T",1,0,1,0,0,"F"
0,0,0,2,"CTFH","","","","HP","T",0,1,0,0,0,"F"
0,0,0,1,"SX","refsr001","","","9/L9LD","T",1,0,1,0,0,"F"
0,1,1,2,"FBF1X","refsr001","","","S9/G34.1-3","T",0,1,3,0,0,"F"
0,1,1,1,"F1*BX","solan001","","refsr001","7/SF/F7D.3-H","T",1,0,1,0,4,"F"
0,2,3,0,"BBBX","solan001","","","7/F7S","T",1,0,1,0,0,"F"
1,0,2,1,"CBBX","","","","S9/G34+","T",0,1,0,0,0,"F"
1,0,0,1,"CX","lewik001","","","S8/L8.1-2","T",0,1,2,0,0,"F"
1,0,2,2,"BBCSX","seagk001","lewik001","","S8/G6M.2-H;1-2","T",0,1,2,4,0,"F"
1,0,1,2,"F*BFFX","nolaa002","seagk001","","HR/L7LD.2-H;1-H","T",0,4,4,4,0,"F"
1,0,3,2,"SBSFBBX","","","","D9/L9LD+","T",0,2,0,0,0,"F"
1,0,0,2,"FFFB","","fralj001","","WP.2-3","F",0,0,0,3,0,"F"
1,0,2,2,"FFFB.F*BFX","","","fralj001","63/G6S.3-H","T",1,0,0,0,4,"F"
1,1,0,0,"X","","","","43/G4","T",1,0,0,0,0,"F"
1,2,2,1,"BFBX","","","","8/F8D","T",1,0,0,0,0,"F"
0,0,0,2,"FSC","","","","K","T",1,0,0,0,0,"F"
0,1,1,0,"BX","","","","S8/G6M+","T",0,1,0,0,0,"F"
0,1,2,2,"FCBF*BS","trevj001","","","K","T",1,0,1,0,0,"F"
0,2,2,0,"B*BX","trevj001","","","S7/L7D+.1-2","T",0,1,2,0,0,"F"
0,2,1,2,"FFBS","kinei001","trevj001","","K","T",1,0,1,2,0,"F"
1,0,2,2,"FBCFBFFX","","","","7/L7L","T",1,0,0,0,0,"F"
1,1,1,2,"CBFX","","","","D7/L7LD","T",0,2,0,0,0,"F"
1,1,0,2,"CFX","","lewik001","","7/F7D","T",1,0,0,2,0,"F"
1,2,0,0,"X","","lewik001","","53/G56","T",1,0,0,2,0,"F"
0,0,0,2,"CCX","","","","8/L8XD+","T",1,0,0,0,0,"F"
0,1,1,0,"BX","","","","S48/G4M+","T",0,1,0,0,0,"F"
0,1,1,1,"C*BX","solan001","","","53/G5D.1-2","T",1,0,2,0,0,"F"
0,2,0,0,"X","","solan001","","53/G56","T",1,0,0,2,0,"F"
1,0,1,2,".CBFT","","","","K","T",1,0,0,0,0,"F"
1,1,2,2,"BCSFFBS","","","","K","T",1,0,0,0,0,"F"
1,2,1,1,"FBX","","","","8/F89XD","T",1,0,0,0,0,"F"
0,0,2,2,"CBBFS","","","","K","T",1,0,0,0,0,"F"
0,1,2,2,"BCCFBX","","","","D7/G5+","T",0,2,0,0,0,"F"
0,1,0,1,"CX","","trevj001","","5/P5F/FL","T",1,0,0,2,0,"F"
0,2,3,0,"*B*BBB","","trevj001","","W","T",0,1,0,2,0,"F"
0,2,0,1,"SX","kinei001","trevj001","","7/F78XD","T",1,0,1,2,0,"F"
1,0,2,2,"CBBSC","","","","K","T",1,0,0,0,0,"F"
1,1,1,2,"CSBFS","","","","K","T",1,0,0,0,0,"F"
1,2,2,1,"CBBX","","","","S8/L8D+","T",0,1,0,0,0,"F"
1,2,3,2,"BBCCB>F>B","haggs001","","","W.1-2","T",0,1,2,0,0,"F"
1,2,1,2,"CFBS","lewik001","haggs001","","K","T",1,0,1,2,0,"F"
0,0,2,2,".CCBFBFX","","","","63/G6","T",1,0,0,0,0,"F"
0,1,1,1,"CBX","","","","31/G4S","T",1,0,0,0,0,"F"
0,2,1,2,"SBSX","","","","D7/L7LD","T",0,2,0,0,0,"F"
0,2,2,2,"BCBSX","","santd001","","7/L78D+","T",1,0,0,2,0,"F"
1,0,2,2,".CTBBX","","","","S9/L9","T",0,1,0,0,0,"F"
1,0,1,2,"CCBC","nolaa002","","","K","T",1,0,1,0,0,"F"
1,1,3,1,"BBCBB","nolaa002","","","W.1-2","T",0,1,2,0,0,"F"
1,1,1,2,"FBCS","fralj001","nolaa002","","K","T",1,0,1,2,0,"F"
1,2,2,0,"BBX","fralj001","nolaa002","","DGR/L9LD.2-H;1-3","T",0,2,3,4,0,"F"
1,2,2,0,"*BBX","","longs001","fralj001","9/L89XD","T",1,0,0,2,3,"F"
0,0,3,2,".BFSBBC","","","","K","T",1,0,0,0,0,"F"
0,1,1,1,"BSX","","","","E5/G5.B-1","T",0,1,0,0,0,"F"
0,1,0,0,"X","trevj001","","","7/L7D+","T",1,0,1,0,0,"F"
0,2,2,0,"B*BX","trevj001","","","53/G5","T",1,0,1,0,0,"F"
1,0,0,2,".CSC","","","","K","T",1,0,0,0,0,"F"
1,1,3,2,"BCBBCB","","","","W","T",0,1,0,0,0,"F"
1,1,0,0,"X","lewik001","","","S8/L8.1-2","T",0,1,2,0,0,"F"
1,1,1,1,"CBB","seagk001","lewik001","","WP.2-3;1-2","F",0,0,2,3,0,"F"
1,1,2,1,"CBB.X","","seagk001","lewik001","E5/G5.B-1","T",0,1,0,2,3,"F"
1,1,2,1,"BBFX","nolaa002","seagk001","lewik001","46(1)/FO/G4MD.3-H(UR);2-3;B-1","T",1,1,0,3,5,"F"
1,2,2,2,"FB*SBFS","white005","","seagk001","K","T",1,0,1,0,3,"F"
0,0,2,1,".SBBX","","","","S7/L7LD","T",0,1,0,0,0,"F"
0,0,0,2,"FS*S","refsr001","","","K","T",1,0,1,0,0,"F"
0,1,1,2,"CCBS","refsr001","","","K","T",1,0,1,0,0,"F"
0,2,2,1,"SBBX","refsr001","","","5/P5DF/FL","T",1,0,1,0,0,"F"
0,0,1,2,"FFBFX","","","","63/G6","T",1,0,0,0,0,"T"
0,1,2,2,"CBBSS","","","","K","T",1,0,0,0,0,"F"
0,2,0,2,"SFS","","","","K","T",1,0,0,0,0,"F"
1,0,1,1,"BSX","","","","7/L7L","T",1,0,0,0,0,"F"
1,1,3,2,"TBBSBX","","","","63/G6D","T",1,0,0,0,0,"F"
1,2,0,1,"CX","","","","HR/L7D","T",0,4,0,0,0,"F"
1,2,2,2,"BBSFS","","","","K","T",1,0,0,0,0,"F"
0,0,1,0,"BX","","","","8/F89S","T",1,0,0,0,0,"F"
0,1,2,2,"LBBFFT","","","","K","T",1,0,0,0,0,"F"
0,2,3,2,"CBBBCT","","","","K","T",1,0,0,0,0,"F"
1,0,2,0,"BBX","","","","HR/L7D","T",0,4,0,0,0,"F"
1,0,1,2,"CFBS","","","","K","T",1,0,0,0,0,"F"
1,1,0,0,"X","","","","D7/L7LD","T",0,2,0,0,0,"F"
1,1,0,2,"C*SX","","lopet001","","43/G4.2-3","T",1,0,0,3,0,"F"
1,2,1,0,"BX","","","lopet001","8/L8","T",1,0,0,0,3,"F"
0,0,1,1,"BCX","","","","9/F9LS","T",1,0,0,0,0,"F"
0,1,1,0,"BX","","","","53/G5","T",1,0,0,0,0,"F"
0,2,0,2,"SSS","","","","K","T",1,0,0,0,0,"F"
1,0,3,2,"BBBCCX","","","","43/G4","T",1,0,0,0,0,"F"
1,1,3,2,"CBBSBB","","","","W","T",0,1,0,0,0,"F"
1,1,2,2,"BCCB1X","haggs001","","","13/G1-.1-2","T",1,0,2,0,0,"F"
1,2,2,1,"*BBCX","","haggs001","","8/F89","T",1,0,0,2,0,"F"
0,0,1,1,"CBX","","","","3/P3F/FL","T",1,0,0,0,0,"F"
0,1,1,2,"CBCX","","","","5/P56S","T",1,0,0,0,0,"F"
0,2,3,0,"BBBB","","","","W","T",0,1,0,0,0,"F"
0,2,0,2,">F1SX","santd001","","","6/P6MD","T",1,0,1,0,0,"F"
1,0,0,0,"X","","","","3/P34D","T",1,0,0,0,0,"F"
1,1,1,1,"CBX","","","","7/F78XD","T",1,0,0,0,0,"F"
1,2,2,2,"CBBFFC","","","","K","T",1,0,0,0,0,"F"
0,0,0,2,"SCX","","","","7/F78D","T",1,0,0,0,0,"F"
0,1,0,1,"CX","","","","D7/L7LD","T",0,2,0,0,0,"F"
0,1,0,0,"X","","kinei001","","7/L7D","T",1,0,0,2,0,"F"
0,2,2,2,"BS*BFS","","kinei001","","K","T",1,0,0,2,0,"F"
1,0,1,2,"CCBX","","","","43/G4S","T",1,0,0,0,0,"F"
1,1,2,0,"BBX","","","","S8/G4","T",0,1,0,0,0,"F"
1,1,0,0,">C","bishb001","","","SB2","F",0,0,2,0,0,"F"
1,1,0,2,">C.CX","","bishb001","","3/G3S.2-3","T",1,0,0,3,0,"F"
1,2,3,2,"BCSBBX","","","bishb001","HR/F7LD.3-H","T",0,4,0,0,4,"F"
1,2,0,1,"CX","","","","7/L7D","T",1,0,0,0,0,"F"
0,0,2,2,"CSBFFFBX","","","","E5/G56S.B-1","T",0,1,0,0,0,"F"
0,0,1,2,"C*BSX","rivey001","","","7/F78XD","T",1,0,1,0,0,"F"
0,1,0,0,">B","rivey001","","","SB2","F",0,0,2,0,0,"F"
0,1,1,2,">B.FFX","","rivey001","","8/L8XD+.2-3","T",1,0,0,3,0,"F"
0,2,1,2,"FBFX","","","rivey001","3/G23","T",1,0,0,0,3,"F"
1,0,2,2,"BFBSX","","","","8/L8XD","T",1,0,0,0,0,"F"
1,1,1,2,"CCBC","","","","K","T",1,0,0,0,0,"F"
1,2,1,2,"FSBX","","","","9/F89D","T",1,0,0,0,0,"F"
0,0,1,1,".CBX","","","","5/P56D","T",1,0,0,0,0,"F"
0,1,0,0,"X","","","","7/F78","T",1,0,0,0,0,"F"
0,2,2,1,"CBBX","","","","6/L6","T",1,0,0,0,0,"F"
1,0,0,2,".FCX","","","","9/L9D","T",1,0,0,0,0,"F"
1,1,3,2,"CBBBSS","","","","K","T",1,0,0,0,0,"F"
1,2,0,2,"SFC","","","","K","T",1,0,0,0,0,"F"
0,0,0,1,".FX","","","","53/G56","T",1,0,0,0,0,"F"
0,1,3,1,"BBBCX","","","","HR/L78XD","T",0,4,0,0,0,"F"
0,1,0,1,"SX","","","","9/L9D","T",1,0,0,0,0,"F"
0,2,0,2,"CCS","","","","K","T",1,0,0,0,0,"F"
1,0,1,2,".CSBS","","","","K","T",1,0,0,0,0,"F"
1,1,3,1,"CBBBX","","","","3/G3+","T",1,0,0,0,0,"F"
1,2,0,2,"CCX","","","","163/G6","T",1,0,0,0,0,"F"
0,0,0,1,".CX","","","","S8/L89D","T",0,1,0,0,0,"F"
0,0,2,2,"BFCBFFX","dietd001","","","45(1)/FO/G34.B-1","T",1,1,0,0,0,"F"
0,1,2,2,"BFBFS","santd001","","","K","T",1,0,1,0,0,"F"
0,2,1,1,"FBX","santd001","","","9/F9D","T",1,0,1,0,0,"F"
0,0,2,2,"BBFFT","","","","K","T",1,0,0,0,0,"T"
0,1,3,1,"BBBCX","","","","53/G56","T",1,0,0,0,0,"F"
0,2,1,2,"BCCX","","","","9/F89","T",1,0,0,0,0,"F"
1,0,1,2,"BFCX","","","","6/P6MD","T",1,0,0,0,0,"F"
1,1,0,1,"CX","","","","7/F7D","T",1,0,0,0,0,"F"
1,2,1,1,"CBX","","","","63/G6MD","T",1,0,0,0,0,"F"
0,0,2,2,"BCBSS","","","","K","T",1,0,0,0,0,"F"
0,1,3,2,"CBBCBFF*S","","","","K","T",1,0,0,0,0,"F"
0,2,2,2,"SCBFBX","","","","63/G4D","T",1,0,0,0,0,"F"
1,0,3,2,"BCBSBFFFB","","","","W","T",0,1,0,0,0,"F"
1,0,0,0,"1","seagk001","","","PO1(E1/TH).1-2","F",0,0,2,0,0,"F"
1,0,1,1,"1.CBX","","seagk001","","S7/G6.2-H(UR)","T",0,1,0,5,0,"F"
1,0,2,2,"CF1B*B>X","frant002","","","8/F8/DP.1X1(83)","T",2,0,0,0,0,"F"
1,2,3,0,"BBBB","","","","W","T",0,1,0,0,0,"F"
1,2,0,1,"CX","white005","","","53/G56","T",1,0,1,0,0,"F"
0,0,3,1,"BBFBX","","","","53/G5D+","T",1,0,0,0,0,"F"
0,1,1,2,"SBC*S","","","","K","T",1,0,0,0,0,"F"
0,2,2,1,"BFBX","","","","3/G34","T",1,0,0,0,0,"F"
1,0,3,2,"BBSBFS","","","","K","T",1,0,0,0,0,"F"
1,1,0,2,"CFC","","","","K","T",1,0,0,0,0,"F"
1,2,1,2,"CBSX","","","","8/F8","T",1,0,0,0,0,"F"
0,0,1,0,"BX","","","","63/G56D+","T",1,0,0,0,0,"F"
0,1,3,1,"BBBCX","","","","S7/G56","T",0,1,0,0,0,"F"
0,1,0,2,"CFX","kinei001","","","46(1)3/GDP/G4","T",2,0,0,0,0,"F"
1,0,0,0,".X","","","","9/F9D","T",1,0,0,0,0,"F"
1,1,0,0,"H","","","","HP","T",0,1,0,0,0,"F"
1,1,3,1,"B*BC*B1B","seagk001","","","W.1-2","T",0,1,2,0,0,"F"
1,1,2,2,"CBF*BX","frant002","seagk001","","S9/G34+.2-3;1-2","T",0,1,2,3,0,"F"
1,1,0,0,"X","marmj001","frant002","seagk001","D7/L7D.3-H;2-H;1-3","T",0,2,3,4,4,"F"
1,1,1,0,"BX","","white005","marmj001","43/G6MS+","T",1,0,0,2,3,"F"
1,2,0,0,"X","","white005","marmj001","43/G6M","T",1,0,0,2,3,"F"
0,0,1,2,"CBSFS","","","","K","T",1,0,0,0,0,"F"
0,1,2,1,"BCBX","","","","HR/F7LD","T",0,4,0,0,0,"F"
0,1,2,2,"BSCBFC","","","","K","T",1,0,0,0,0,"F"
0,2,2,0,"BBX","","","","63/G56","T",1,0,0,0,0,"F"
1,0,1,2,"CBCX","","","","43/G4","T",1,0,0,0,0,"F"
1,1,3,1,"BBFBX","","","","D9/L9L+","T",0,2,0,0,0,"F"
1,1,3,2,"CBF*BBS","","moord002","","K","T",1,0,0,2,0,"F"
1,2,0,0,"X","","moord002","","7/F5D","T",1,0,0,2,0,"F"
0,0,3,2,"SBBFBX","","","","63/G4D+","T",1,0,0,0,0,"F"
0,1,3,1,"BBFBX","","","","53/G56D+","T",1,0,0,0,0,"F"
0,2,1,2,"SCBC","","","","K","T",1,0,0,0,0,"F"
1,0,2,2,".CBSBX","","","","9/L9L","T",1,0,0,0,0,"F"
1,1,1,2,"CCBX","","","","8/F8","T",1,0,0,0,0,"F"
1,2,3,2,"BBSBS*B","","","","W","T",0,1,0,0,0,"F"
1,2,3,0,"BBBB","white005","","","W.1-2","T",0,1,2,0,0,"F"
1,2,3,2,"BFFFF*BB>S","torrl001","white005","","K","T",1,0,1,2,0,"F"
0,0,1,0,".BX","","","","13/G13","T",1,0,0,0,0,"F"
0,1,2,1,"BFBX","","","","53/G56D","T",1,0,0,0,0,"F"
0,2,3,2,"CBFFBBC","","","","K","T",1,0,0,0,0,"F"
1,0,1,2,".CBFFX","","","","5/P7S","T",1,0,0,0,0,"F"
1,1,1,2,"CBCX","","","","S13/G3S","T",0,1,0,0,0,"F"
1,1,0,0,"1>X","moord002","","","6/P34","T",1,0,1,0,0,"F"
1,2,0,0,">C","moord002","","","SB2","F",0,0,2,0,0,"F"
1,2,3,1,">C.BB*BB","","moord002","","W","T",0,1,0,2,0,"F"
1,2,2,2,"BCSFBX","seagk001","moord002","","63/G6","T",1,0,1,2,0,"F"
0,0,3,2,".BBCCBFFFX","","","","4/P4D","T",1,0,0,0,0,"F"
0,1,3,2,"BSFBBX","","","","43/G89S","T",1,0,0,0,0,"F"
0,2,2,2,"CBSBS","","","","K","T",1,0,0,0,0,"F"
1,0,0,2,".CFX","","","","5/P6S","T",1,0,0,0,0,"F"
1,1,0,2,"CFFX","","","","S8/L8+","T",0,1,0,0,0,"F"
1,1,2,2,"C*BCBF1S","white005","","","K","T",1,0,1,0,0,"F"
1,2,1,0,"BB","white005","","","WP.1-2","F",0,0,2,0,0,"F"
1,2,3,1,"BB.FBB","","white005","","W","T",0,1,0,2,0,"F"
1,2,0,1,"CX","haggs001","white005","","HR/L9D.2-H;1-H","T",0,4,4,4,0,"F"
1,2,1,2,"CFBS","","","","K","T",1,0,0,0,0,"F"
0,0,0,1,"..SX","","","","23/G2-","T",1,0,0,0,0,"F"
0,1,3,2,"BCBFFBFF*B","","","","W","T",0,1,0,0,0,"F"
0,1,0,2,"CFFX","white006","","","S8/F8S.1-2","T",0,1,2,0,0,"F"
0,1,1,2,"BFFFFFX","tavel001","white006","","S9/L9L.2-3;1-2","T",0,1,2,3,0,"F"
0,1,0,0,"X","kinei001","tavel001","white006","8/SF/F78XD.3-H;2-3","T",1,0,1,3,4,"F"
0,2,1,2,"SS*BX","kinei001","","tavel001","S7/G56.3-H;1-2","T",0,1,2,0,4,"F"
0,2,1,1,"BSX","gallj002","kinei001","","63/G6D","T",1,0,1,2,0,"F"
0,0,0,0,"X","","","","S8/L78","T",0,1,0,0,0,"T"
0,0,0,0,"1X","tavel001","","","8/L8D","T",1,0,1,0,0,"F"
0,1,0,2,"C11>FT","tavel001","","","K","T",1,0,1,0,0,"F"
0,2,3,2,"111BBCF*BX","tavel001","","","13/L1+","T",1,0,1,0,0,"F"
1,0,3,1,"CBBBX","","","","53/G56","T",1,0,0,0,0,"F"
1,1,1,2,"SFFBFFX","","","","63/G56","T",1,0,0,0,0,"F"
1,2,2,2,"FBBS*S","","","","K","T",1,0,0,0,0,"F"
0,0,1,1,"CBX","","","","S7/G6","T",0,1,0,0,0,"F"
0,0,0,1,"C>X","choos001","","","53/G5/DP.1X3(35)","T",2,0,0,0,0,"F"
0,2,0,0,"X","","","","7/F78XD+","T",1,0,0,0,0,"F"
1,0,3,2,"BBCFBX","","","","S9/G34","T",0,1,0,0,0,"F"
1,0,0,0,"X","seagk001","","","9/F9D+","T",1,0,1,0,0,"F"
1,1,0,1,"C1X","seagk001","","","31/G34.1-2","T",1,0,2,0,0,"F"
1,2,0,0,"X","","seagk001","","63/G6","T",1,0,0,2,0,"F"
0,0,2,0,"BBX","","","","63/G56","T",1,0,0,0,0,"F"
0,1,1,1,"BSX","","","","53/G6","T",1,0,0,0,0,"F"
0,2,3,2,"FBBBSB","","","","W","T",0,1,0,0,0,"F"
0,2,2,0,"BBX","tavel001","","","54(1)/FO/G56D.B-1","T",1,1,0,0,0,"F"
1,0,3,2,"BCBSBX","","","","9/F9LSF/FL","T",1,0,0,0,0,"F"
1,1,0,0,"X","","","","S8/L8D+","T",0,1,0,0,0,"F"
1,1,0,0,"X","torrl001","","","46(1)/FO/G34.B-1","T",1,1,0,0,0,"F"
1,2,3,1,"1CBB1BB","crawj002","","","W.1-2","T",0,1,2,0,0,"F"
1,2,3,0,"BBBX","moord002","crawj002","","S8/L8D+.2-H;1-3","T",0,1,3,4,0,"F"
1,2,2,2,"F1S*BBH","lewik001","","moord002","HP.1-2","T",0,1,2,0,3,"F"
1,2,3,2,"C*BBBC>F>*B","seagk001","lewik001","moord002","W.3-H;2-3;1-2","T",0,1,2,3,4,"F"
1,2,3,2,"BSFF*BFB>X","frant002","seagk001","lewik001","1/L4MS","T",1,0,1,2,3,"F"
0,0,0,1,"CX","","","","S9/L89","T",0,1,0,0,0,"F"
0,0,1,1,"BC1X","solan001","","","3/P3F/FL","T",1,0,1,0,0,"F"
0,1,0,0,"X","solan001","","","S5/BG25.1-2","T",0,1,2,0,0,"F"
0,1,0,0,">B","choos001","solan001","","SB3;SB2","F",0,0,2,3,0,"F"
0,1,2,1,">B.C*BX","","choos001","solan001","63/G56D.3-H","T",1,0,0,2,4,"F"
0,2,1,2,"BFSC","","choos001","","K","T",1,0,0,2,0,"F"
1,0,3,2,"CFBBBS","","","","K","T",1,0,0,0,0,"F"
1,1,0,2,"SSX","","","","63/G6D","T",1,0,0,0,0,"F"
1,2,3,2,"CSBBBFFC","","","","K","T",1,0,0,0,0,"F"
0,0,1,2,"SBFS","","","","K","T",1,0,0,0,0,"F"
0,1,0,1,"FX","","","","S8/G6M","T",0,1,0,0,0,"F"
0,1,1,2,"FBC>*B","tejea001","","","SB2","F",0,0,2,0,0,"F"
0,1,2,2,"FBC>*B.FX","","tejea001","","FC/G6D+.2X3(65);B-1","T",1,1,0,0,0,"F"
0,2,0,0,"1>S","tavel001","","","SB2","F",0,0,2,0,0,"F"
0,2,3,2,"1>S.BBF*BC","","tavel001","","K","T",1,0,0,2,0,"F"
1,0,2,1,"BCBX","","","","S9/G3+","T",0,1,0,0,0,"F"
1,0,3,2,"BF*BF1B1>X","crawj002","","","S8/G4M.1-3","T",0,1,3,0,0,"F"
1,0,2,2,"S*B*BF11*B","moord002","","crawj002","OA.3XH(21);1-2","F",1,0,2,0,0,"F"
1,1,3,2,"S*B*BF11*B.*S","","moord002","","K","T",1,0,0,2,0,"F"
1,2,3,0,"*BB*BV","","moord002","","IW","T",0,1,0,2,0,"F"
1,2,1,2,"CBSX","seagk001","moord002","","S5/G5S-.2-3;1-2","T",0,1,2,3,0,"F"
1,2,1,2,".F*BFC","frant002","seagk001","moord002","K","T",1,0,1,2,3,"F"
0,0,0,1,"FX","","","","S6/G56","T",0,1,0,0,0,"F"
0,0,3,0,"BBBX","solan001","","","64(1)3/GDP/G6","T",2,0,0,0,0,"F"
0,2,1,1,"BFX","","","","S7/G6","T",0,1,0,0,0,"F"
0,2,0,0,"X","choos001","","","64(1)/FO/G6.B-1","T",1,1,0,0,0,"F"
1,0,0,0,"X","","","","3/BG3","T",1,0,0,0,0,"F"
1,1,0,2,"FCX","","","","7/F78D","T",1,0,0,0,0,"F"
1,2,0,0,"X","","","","9/F9D","T",1,0,0,0,0,"F"
0,0,2,2,"BFFBS","","","","K","T",1,0,0,0,0,"F"
0,1,0,0,"X","","","","9/F9L","T",1,0,0,0,0,"F"
0,2,1,0,"BX","","","","HR/L7D","T",0,4,0,0,0,"F"
0,2,2,2,"BFBF*S","","","","K","T",1,0,0,0,0,"F"
1,0,1,2,".BSCX","","","","13/G1","T",1,0,0,0,0,"F"
1,1,0,1,"CX","","","","9/F9LD","T",1,0,0,0,0,"F"
1,2,1,2,"CB.CX","","","","8/F8D","T",1,0,0,0,0,"F"
0,0,3,1,".BBBCX","","","","S9/F9L.BX2(96)","T",1,0,0,0,0,"F"
0,1,0,0,"X","","","","53/G56","T",1,0,0,0,0,"F"
0,2,1,2,"CBCS","","","","K","T",1,0,0,0,0,"F"
1,0,0,1,"CH","","","","HP","T",0,1,0,0,0,"F"
1,0,0,0,"X","seagk001","","","S8/G6M+.1-2","T",0,1,2,0,0,"F"
1,0,0,1,"CX","frant002","seagk001","","S9/G4+.2-H;1-3","T",0,1,3,4,0,"F"
1,0,2,2,".CBF1*BF>X","gordd002","","frant002","S8/L8.3-H;1-3","T",0,1,3,0,4,"F"
1,0,0,2,"CFX","white005","","gordd002","D7/L7LS.3-H;1-3","T",0,2,3,0,4,"F"
1,0,0,0,"X","","ervip001","white005","3/G4S","T",1,0,0,2,3,"F"
1,1,0,1,"SX","","ervip001","white005","FC/G34+.3XH(42);2-3;B-1","T",1,1,0,3,0,"F"
1,2,0,0,"X","crawj002","","ervip001","9/F9LD","T",1,0,1,0,3,"F"
0,0,2,2,"..CBBSX","","","","HR/F9D","T",0,4,0,0,0,"F"
0,0,0,2,".SCX","","","","6/L4","T",1,0,0,0,0,"F"
0,1,3,2,".BFFBBS","","","","K","T",1,0,0,0,0,"F"
0,2,2,2,".CBSBX","","","","8/F89D","T",1,0,0,0,0,"F"
0,0,0,2,"CFX","","","","5/P5F/FL","T",1,0,0,0,0,"T"
0,1,3,2,"BFCBBB","","","","W","T",0,1,0,0,0,"F"
0,1,2,2,"C1CBB>F>B","kinei001","","","CS2(25)","F",1,0,0,0,0,"F"
0,2,3,2,"C1CBB>F>B.B","","","","W","T",0,1,0,0,0,"F"
0,2,2,2,"*B1BFCX","choos001","","","5/P2F/FL","T",1,0,1,0,0,"F"
1,0,3,0,"BBBB","","","","W","T",0,1,0,0,0,"F"
1,0,3,2,"BBCS*B>B","crawj002","","","W.1-2","T",0,1,2,0,0,"F"
1,0,1,0,"BX","frant002","crawj002","","64(1)3/GDP/G6S.2-3","T",2,0,0,3,0,"F"
1,2,3,2,"B*BCBCFX","","","crawj002","HR/L89XD.3-H","T",0,4,0,0,4,"F"
1,2,1,2,"FBCX","","","","53/G5","T",1,0,0,0,0,"F"
0,0,1,2,"CSFBX","","","","HR/F9LD","T",0,4,0,0,0,"F"
0,0,1,0,"BX","","","","8/F78XD+","T",1,0,0,0,0,"F"
0,1,3,2,"TFBFBBFB","","","","W","T",0,1,0,0,0,"F"
0,1,3,2,"BBFCBFS","guzmr001","","","K","T",1,0,1,0,0,"F"
0,2,0,2,"CCX","guzmr001","","","7/F7","T",1,0,1,0,0,"F"
1,0,0,2,"CCX","","","","53/G6","T",1,0,0,0,0,"F"
1,1,0,0,"X","","","","4/P4D","T",1,0,0,0,0,"F"
1,2,1,2,"CBCC","","","","K","T",1,0,0,0,0,"F"
0,0,0,1,"CX","","","","3/G3","T",1,0,0,0,0,"F"
0,1,0,2,"CFX","","","","S7/G56","T",0,1,0,0,0,"F"
0,1,0,1,"F>B","kinei001","","","SB2","F",0,0,2,0,0,"F"
0,1,3,2,"F>B.C*BB2B","","kinei001","","W","T",0,1,0,2,0,"F"
0,1,0,1,"CX","choos001","kinei001","","64(1)3/GDP/G6D","T",2,0,0,2,0,"F"
1,0,1,2,"CSBX","","","","63/G6MS","T",1,0,0,0,0,"F"
1,1,3,2,"FBFFBBX","","","","7/F7D","T",1,0,0,0,0,"F"
1,2,3,2,"BBSBCC","","","","K","T",1,0,0,0,0,"F"
0,0,1,1,"BCX","","","","5/P56","T",1,0,0,0,0,"F"
0,1,1,1,"BCX","","","","9/L89XD","T",1,0,0,0,0,"F"
0,2,0,2,"CSX","","","","8/L78XD+","T",1,0,0,0,0,"F"
1,0,0,1,"CX","","","","HR/F8XD","T",0,4,0,0,0,"F"
1,0,0,0,"X","","","","S4/L89S+","T",0,1,0,0,0,"F"
1,0,2,2,"C*BC*BFT","seagk001","","","K","T",1,0,1,0,0,"F"
1,1,1,1,"BCX","seagk001","","","13/G23.1-2","T",1,0,2,0,0,"F"
1,2,1,1,"BCX","","seagk001","","63/G6D","T",1,0,0,2,0,"F"
0,0,0,2,"CFS","","","","K","T",1,0,0,0,0,"F"
0,1,1,2,"CSBC","","","","K","T",1,0,0,0,0,"F"
0,2,0,0,"X","","","","HR/L9LD","T",0,4,0,0,0,"F"
0,2,0,2,"CFX","","","","S9/L89D","T",0,1,0,0,0,"F"
0,2,0,0,"X","kinei001","","","8/L8XD","T",1,0,1,0,0,"F"
1,0,1,0,"BX","","","","43/G4D","T",1,0,0,0,0,"F"
1,1,2,1,"CBBX","","","","6/P78S","T",1,0,0,0,0,"F"
1,2,0,1,"SX","","","","7/F7LF/FL","T",1,0,0,0,0,"F"
0,0,0,2,"SCX","","","","63/G6D","T",1,0,0,0,0,"F"
0,1,2,2,"CBBF*S","","","","K","T",1,0,0,0,0,"F"
0,2,2,2,"CSBBX","","","","53/G5+","T",1,0,0,0,0,"F"
1,0,1,1,"BCX","","","","143/G4M","T",1,0,0,0,0,"F"
1,1,1,1,"BFX","","","","9/F9D","T",1,0,0,0,0,"F"
1,2,1,2,"CBFX","","","","7/F7S","T",1,0,0,0,0,"F"
0,0,0,0,".X","","","","43/G4D","T",1,0,0,0,0,"F"
0,1,3,2,"BCBFFFFBFB","","","","W","T",0,1,0,0,0,"F"
0,1,2,2,"*BFB1SFFC","dietd001","","","K","T",1,0,1,0,0,"F"
0,2,0,0,"X","dietd001","","","D8/L78XD+.1XH(862)","T",1,2,0,0,0,"F"
1,0,0,2,"SCS","","","","K","T",1,0,0,0,0,"F"
1,1,3,2,"CBBBFB","","","","W","T",0,1,0,0,0,"F"
1,1,1,2,".CF*B1>*B","moord002","","","SB2","F",0,0,2,0,0,"F"
1,1,3,2,".CF*B1>*B.*BF*B","","moord002","","W","T",0,1,0,2,0,"F"
1,1,3,1,".BS*BBX","ervip001","moord002","","S9/G34+.2-H;1-2","T",0,1,2,4,0,"F"
1,1,0,1,"CX","longs001","ervip001","","3/P3F/FL","T",1,0,1,2,0,"F"
1,2,3,2,"CF*BBF*B>B","longs001","ervip001","","W.2-3;1-2","T",0,1,2,3,0,"F"
1,2,0,2,"FFX","crawj002","longs001","ervip001","53/G56S","T",1,0,1,2,3,"F"
0,0,1,1,"..BSX","","","","63/G6","T",1,0,0,0,0,"F"
0,1,3,2,"BCBFFBFX","","","","4/L34D","T",1,0,0,0,0,"F"
0,2,1,0,"BX","","","","S6/G6MS","T",0,1,0,0,0,"F"
0,2,3,2,"BBCFB>X","solan001","","","3/G3","T",1,0,1,0,0,"F"
1,0,1,2,".CCBS","","","","K","T",1,0,0,0,0,"F"
1,1,2,2,"BCBSX","","","","31/G34","T",1,0,0,0,0,"F"
1,2,0,0,"X","","","","8/L89XD+","T",1,0,0,0,0,"F"
0,0,2,2,".CBCB*S","","","","K","T",1,0,0,0,0,"F"
0,1,2,2,"BSBTX","","","","HR/F9D","T",0,4,0,0,0,"F"
0,1,3,2,"BSBSBFC","","","","K","T",1,0,0,0,0,"F"
0,2,1,2,"BSS*S","","","","K","T",1,0,0,0,0,"F"
0,0,1,2,"CSBX","","","","8/L8XD+","T",1,0,0,0,0,"T"
0,1,0,1,"CX","","","","53/G5","T",1,0,0,0,0,"F"
0,2,2,2,"BFBCX","","","","8/L78XD","T",1,0,0,0,0,"F"
1,0,3,2,"CCBFBBFX","","","","2/P2F/FL","T",1,0,0,0,0,"F"
1,1,1,2,"CBSFS","","","","K","T",1,0,0,0,0,"F"
1,2,3,1,"BBBC*B","","","","W","T",0,1,0,0,0,"F"
1,2,3,2,"BC*BBF>X","lewik001","","","HR/F89XD.1-H","T",0,4,4,0,0,"F"
1,2,1,0,"BX","","","","8/F8XD","T",1,0,0,0,0,"F"
0,0,1,1,"SBX","","","","9/F9LS","T",1,0,0,0,0,"F"
0,1,1,2,"CSBS","","","","K","T",1,0,0,0,0,"F"
0,2,1,2,"CCBS","","","","K","T",1,0,0,0,0,"F"
1,0,3,2,"BBFCBB","","","","W","T",0,1,0,0,0,"F"
1,0,1,2,"BFCX","white005","","","54(1)/FO/G6.B-1","T",1,1,0,0,0,"F"
1,1,0,0,"X","ervip001","","","46(1)/FO/G6MD.B-1","T",1,1,0,0,0,"F"
1,2,0,2,"CLH","torrl001","","","HP.1-2","T",0,1,2,0,0,"F"
1,2,2,2,"CF*BBX","gordd002","torrl001","","63/G6D","T",1,0,1,2,0,"F"
0,0,0,1,"FX","","","","13/G1S-","T",1,0,0,0,0,"F"
0,1,3,2,"BCBBCFS","","","","K","T",1,0,0,0,0,"F"
0,2,1,0,"BX","","","","7/F78XD","T",1,0,0,0,0,"F"
1,0,1,2,"SBCX","","","","HR/L78XD","T",0,4,0,0,0,"F"
1,0,0,0,"X","","","","8/F8S","T",1,0,0,0,0,"F"
1,1,1,2,"CCFBS","","","","K","T",1,0,0,0,0,"F"
1,2,1,2,"CBFT","","","","K","T",1,0,0,0,0,"F"
0,0,3,2,"SSBFFFBBS","","","","K","T",1,0,0,0,0,"F"
0,1,2,2,"CBFBX","","","","S8/F8","T",0,1,0,0,0,"F"
0,1,2,1,"TBBX","kinei001","","","S7/L78D+.1-2","T",0,1,2,0,0,"F"
0,1,1,0,"BX","choos001","kinei001","","8/F8XD+.2-3","T",1,0,1,3,0,"F"
0,2,1,0,"BX","choos001","","kinei001","D9/L89XD+.3-H;1-H","T",0,2,4,0,4,"F"
0,2,1,0,"BX","","gallj002","","7/L7D","T",1,0,0,2,0,"F"
1,0,3,2,"BFBFBX","","","","S6/G56","T",0,1,0,0,0,"F"
1,0,2,2,"BBC>FS","white005","","","K","T",1,0,1,0,0,"F"
1,1,0,1,"CX","white005","","","S9/L9+.1-2","T",0,1,2,0,0,"F"
1,1,2,2,"CBBST","torrl001","white005","","K","T",1,0,1,2,0,"F"
1,2,3,2,"FBF*B*B>B","torrl001","white005","","W.2-3;1-2","T",0,1,2,3,0,"F"
1,2,3,2,"BSBFB>X","crawj002","torrl001","white005","D7/L7LD.3-H;2-H;1-H","T",0,2,4,4,4,"F"
1,2,3,2,"BFFBBB","","moord002","","W","T",0,1,0,2,0,"F"
1,2,0,0,".H","lewik001","moord002","","HP.2-3;1-2","T",0,1,2,3,0,"F"
1,2,2,2,"CBBSX","seagk001","lewik001","moord002","S7/L7.3-H;2-H;1-2","T",0,1,2,4,4,"F"
1,2,1,0,"BX","frant002","seagk001","","64(1)/FO/G6.B-1","T",1,1,0,2,0,"F"
0,0,2,1,"BBCX","","","","S7/L78","T",0,1,0,0,0,"F"
0,0,2,2,"CFBBX","guzmr001","","","14(1)3/GDP/G6MS","T",2,0,0,0,0,"F"
0,2,3,2,"CFFBBBX","","","","43/G4","T",1,0,0,0,0,"F"
1,0,1,2,".CBFS","","","","K","T",1,0,0,0,0,"F"
1,1,3,2,"BTSBFBFC","","","","K","T",1,0,0,0,0,"F"
1,2,3,2,"FBSBFBX","","","","8/F78S","T",1,0,0,0,0,"F"
0,0,2,2,"CBCFBS","","","","K","T",1,0,0,0,0,"F"
0,1,0,0,"X","","","","9/F89","T",1,0,0,0,0,"F"
0,2,1,2,".CCFBX","","","","6/L6","T",1,0,0,0,0,"F"
1,0,2,2,".CFBFBFFFX","","","","31/G3","T",1,0,0,0,0,"F"
1,1,1,2,".BCFX","","","","8/F8D","T",1,0,0,0,0,"F"
1,2,1,2,"FBSS","","","","K","T",1,0,0,0,0,"F"
0,0,2,2,"CBBFX","","","","53/G25-","T",1,0,0,0,0,"F"
0,1,2,2,"BBSFFS","","","","K","T",1,0,0,0,0,"F"
0,2,3,2,"CBCBBS","","","","K","T",1,0,0,0,0,"F"
1,0,3,1,".BBBCX","","","","4/P3D","T",1,0,0,0,0,"F"
1,1,1,1,"BCX","","","","53/G5","T",1,0,0,0,0,"F"
1,2,1,2,"BSCC","","","","K","T",1,0,0,0,0,"F"
0,0,1,0,".BX","","","","43/G34","T",1,0,0,0,0,"F"
0,1,0,1,"CX","","","","9/F9LS","T",1,0,0,0,0,"F"
0,2,2,2,"BBFSX","","","","9/L9S","T",1,0,0,0,0,"F"
1,0,3,1,".CBBBX","","","","63/G6D","T",1,0,0,0,0,"F"
1,1,2,2,"BCBCX","","","","4/P4M","T",1,0,0,0,0,"F"
1,2,2,1,"FBBX","","","","S8/G6M","T",0,1,0,0,0,"F"
1,2,3,2,"BBFSF*B>B","gordd002","","","W.1-2","T",0,1,2,0,0,"F"
1,2,3,2,"FCFBBB>S","crawj002","gordd002","","K","T",1,0,1,2,0,"F"
0,0,3,2,".CBBCFFBB","","","","W","T",0,1,0,0,0,"F"
0,0,2,2,"FCBBX","tavel001","","","S9/G34+.1-2","T",0,1,2,0,0,"F"
0,0,3,2,"BBSBSFC","kinei001","tavel001","","K","T",1,0,1,2,0,"F"
0,1,0,0,"X","kinei001","tavel001","","S8/G6M.2-H;1-2","T",0,1,2,4,0,"F"
0,1,3,1,"BBBCB","solan001","kinei001","","W.2-3;1-2","T",0,1,2,3,0,"F"
0,1,3,1,".BBBCX","gallj002","solan001","kinei001","8/SF/L8XD+.3-H;2-3","T",1,0,1,3,4,"F"
0,2,1,0,"B>B","gallj002","","solan001","DI.1-2","F",0,0,2,0,3,"F"
0,2,3,1,"B>B.CBB","","gallj002","solan001","W","T",0,1,0,2,3,"F"
0,2,0,0,"X","guzmr001","gallj002","solan001","2/P2F/FL","T",1,0,1,2,3,"F"
0,0,3,2,"CBBFBFFB","","","","W","T",0,1,0,0,0,"T"
0,0,1,1,"CBX","semim001","","","S7/G6.1-2","T",0,1,2,0,0,"F"
0,0,1,1,"BCX","lastt001","semim001","","7/L7LD.2-3","T",1,0,1,3,0,"F"
0,1,2,2,"BCBCS","lastt001","","semim001","K","T",1,0,1,0,3,"F"
0,2,1,2,"FBFT","lastt001","","semim001","K","T",1,0,1,0,3,"F"
1,0,2,2,"CSBBS","","","","K","T",1,0,0,0,0,"F"
1,1,0,2,"CFFC","","","","K","T",1,0,0,0,0,"F"
1,2,1,2,"FBFS","","","","K","T",1,0,0,0,0,"F"
0,0,0,1,"CX","","","","53/G56","T",1,0,0,0,0,"F"
0,1,1,2,"CCBX","","","","DGR/L78XD+","T",0,2,0,0,0,"F"
0,1,0,1,"CX","","davik003","","8/L8XD+.2-3","T",1,0,0,3,0,"F"
0,2,1,2,"CC*BH","","","davik003","HP","T",0,1,0,0,3,"F"
0,2,0,0,"X","kempt001","","davik003","S7/L78.3-H;1-3(E7);B-2","T",0,2,3,0,4,"F"
0,2,1,2,"CF*BX","","semim001","kempt001","3/G34","T",1,0,0,2,3,"F"
1,0,1,0,"BX","","","","9/F89D","T",1,0,0,0,0,"F"
1,1,0,2,"CFS","","","","K","T",1,0,0,0,0,"F"
1,2,2,1,"BBFX","","","","S7/L7D","T",0,1,0,0,0,"F"
1,2,1,2,"BCSX","torrl001","","","8/F8","T",1,0,1,0,0,"F"
0,0,1,0,"BX","","","","8/F89XD","T",1,0,0,0,0,"F"
0,1,0,1,"CX","","","","2/P2F/FL","T",1,0,0,0,0,"F"
0,2,2,2,"BCFBS","","","","K","T",1,0,0,0,0,"F"
1,0,0,2,"CFS","","","","K","T",1,0,0,0,0,"F"
1,1,0,0,"X","","","","D7/L7D","T",0,2,0,0,0,"F"
1,1,2,2,"SBFBFH","","lopet001","","HP","T",0,1,0,2,0,"F"
1,1,0,0,"X","moord002","lopet001","","3/P3S","T",1,0,1,2,0,"F"
1,2,0,2,"CFS","moord002","lopet001","","K","T",1,0,1,2,0,"F"
0,0,1,0,"BX","","","","HR/F7LD","T",0,4,0,0,0,"F"
0,0,1,2,"CFBX","","","","S9/G34","T",0,1,0,0,0,"F"
0,0,0,0,"H","davik003","","","HP.1-2","T",0,1,2,0,0,"F"
0,0,1,2,"LC*BX","laurr001","davik003","","36(1)/FO/G3.2-3;B-1","T",1,1,0,3,0,"F"
0,1,2,2,"CBB1CX","kempt001","","davik003","HR/F7D.3-H;1-H","T",0,4,4,0,4,"F"
0,1,1,1,"CBX","","","","8/F8S","T",1,0,0,0,0,"F"
0,2,1,2,"CFBC","","","","K","T",1,0,0,0,0,"F"
1,0,3,2,"FBBSBS","","","","K","T",1,0,0,0,0,"F"
1,1,1,1,"CBX","","","","63/G56D","T",1,0,0,0,0,"F"
1,2,1,0,"BX","","","","HR/L9LD","T",0,4,0,0,0,"F"
1,2,3,2,"BFBCBX","","","","53/G56","T",1,0,0,0,0,"F"
0,0,0,1,"SX","","","","E6/G6.B-1","T",0,1,0,0,0,"F"
0,0,2,2,"BBFCS","canhm001","","","K","T",1,0,1,0,0,"F"
0,1,3,2,"SFB*BBS","canhm001","","","K","T",1,0,1,0,0,"F"
0,2,1,2,"CFFBS","canhm001","","","K","T",1,0,1,0,0,"F"
1,0,1,1,"..CBX","","","","HR/L78XD","T",0,4,0,0,0,"F"
1,0,2,0,"BBX","","","","D7/G5","T",0,2,0,0,0,"F"
1,0,2,2,"CFBBFFX","","lopet001","","63/G6","T",1,0,0,2,0,"F"
1,1,2,2,"BSFBX","","lopet001","","4/P4","T",1,0,0,2,0,"F"
1,2,0,0,"X","","lopet001","","HR/F8XD.2-H","T",0,4,0,4,0,"F"
1,2,3,2,"CBBBSX","","","","S8/L8","T",0,1,0,0,0,"F"
1,2,0,1,".CX","seagk001","","","9/F9D","T",1,0,1,0,0,"F"
0,0,1,1,"CBX","","","","63/G6","T",1,0,0,0,0,"F"
0,1,2,1,"BBCX","","","","53/G6","T",1,0,0,0,0,"F"
0,2,2,2,"BCFBFX","","","","13/G1-","T",1,0,0,0,0,"F"
1,0,2,2,".BFCBC","","","","K","T",1,0,0,0,0,"F"
1,1,2,2,"CBFBX","","","","S7/L7D+","T",0,1,0,0,0,"F"
1,1,1,1,"B1CX","ervip001","","","7/F78","T",1,0,1,0,0,"F"
1,2,0,0,"1X","ervip001","","","D8/F89XD.1-H","T",0,2,4,0,0,"F"
1,2,3,1,"CBBBB","","lopet001","","W","T",0,1,0,2,0,"F"
1,2,3,2,"*BFBBF>B","moord002","lopet001","","W.2-3;1-2","T",0,1,2,3,0,"F"
1,2,3,0,"BBBB","frant002","moord002","lopet001","W.3-H;2-3;1-2","T",0,1,2,3,4,"F"
1,2,0,1,".CX","lewik001","frant002","moord002","43/G34D","T",1,0,1,2,3,"F"
0,0,2,2,"...CBFBX","","","","63/G6MD","T",1,0,0,0,0,"F"
0,1,3,2,"CBBBFC","","","","K","T",1,0,0,0,0,"F"
0,2,2,2,"SBFFBH","","","","HP","T",0,1,0,0,0,"F"
0,2,0,0,"X","canhm001","","","3/G3","T",1,0,1,0,0,"F"
0,0,1,1,"CBH","","","","HP","T",0,1,0,0,0,"T"
0,0,3,2,"FBBFBB","lastt001","","","W.1-2","T",0,1,2,0,0,"F"
0,0,2,2,"BBFCX","semim001","lastt001","","36(1)/FO/G3.2-3;B-1","T",1,1,0,3,0,"F"
0,1,2,2,"FBSB>B","grosr001","","lastt001","SB2","F",0,0,2,0,3,"F"
0,1,3,2,"FBSB>B.B","","grosr001","lastt001","W","T",0,1,0,2,3,"F"
0,1,2,2,"FBFFBX","olsom001","grosr001","lastt001","S7/L7.3-H;2-3;1-2","T",0,1,2,3,4,"F"
0,1,2,2,"BBCFS","canhm001","olsom001","grosr001","K","T",1,0,1,2,3,"F"
0,2,0,1,"CX","canhm001","olsom001","grosr001","8/F78XD","T",1,0,1,2,3,"F"
1,0,2,2,"BSSFBX","","","","8/L78XD","T",1,0,0,0,0,"F"
1,1,0,2,"FSFX","","","","9/F9","T",1,0,0,0,0,"F"
1,2,3,1,"CBBBB","","","","W","T",0,1,0,0,0,"F"
1,2,3,2,"BCF*BB>X","lewik001","","","9/F9D","T",1,0,1,0,0,"F"
0,0,3,1,"BBBCB","","","","W","T",0,1,0,0,0,"F"
0,0,1,0,"BX","heimj001","","","9/F89","T",1,0,1,0,0,"F"
0,1,2,1,"BTBX","heimj001","","","S8/L8.1-2","T",0,1,2,0,0,"F"
0,1,2,1,".BCBX","lastt001","heimj001","","8/F8XD","T",1,0,1,2,0,"F"
0,2,2,1,"BBFX","lastt001","heimj001","","4/P4D","T",1,0,1,2,0,"F"
1,0,2,2,"FBSBS","","","","K","T",1,0,0,0,0,"F"
1,1,2,2,"CBBFX","","","","53/G5","T",1,0,0,0,0,"F"
1,2,0,2,"CCS","","","","K","T",1,0,0,0,0,"F"
0,0,3,2,"BSFBFBB","","","","W","T",0,1,0,0,0,"F"
0,0,0,0,"X","olsom001","","","7/F7LD","T",1,0,1,0,0,"F"
0,1,0,0,"X","olsom001","","","D9/L9LD.1-3","T",0,2,3,0,0,"F"
0,1,2,2,"BCBFFFFFFX","","lambj001","olsom001","D9/F9L.3-H;2-H","T",0,2,0,4,4,"F"
0,1,2,2,"BBFFX","","laurr001","","S9/L9L.2-H","T",0,1,0,4,0,"F"
0,1,0,1,"CX","heimj001","","","S7/F78S.1-2","T",0,1,2,0,0,"F"
0,1,3,2,"BF*BFBB","machv001","heimj001","","W.2-3;1-2","T",0,1,2,3,0,"F"
0,1,0,2,"FFFX","lastt001","machv001","heimj001","54(1)/FO/G56.3-H;2-3;B-1","T",1,1,0,3,4,"F"
0,2,2,2,"BBFF1X","semim001","","machv001","S8/G6M.3-H;1-2","T",0,1,2,0,4,"F"
0,2,1,0,"BX","grosr001","semim001","","8/F8","T",1,0,1,2,0,"F"
1,0,1,2,"CFBX","","","","S8/G6M","T",0,1,0,0,0,"F"
1,0,2,2,"1BFB1SS","waltd002","","","K","T",1,0,1,0,0,"F"
1,1,1,1,"BF1","waltd002","","","POCS2(136)","F",1,0,0,0,0,"F"
1,2,1,2,"BF1.FC","","","","K","T",1,0,0,0,0,"F"
0,0,1,0,".BX","","","","4/P8S","T",1,0,0,0,0,"F"
0,1,1,1,"FBX","","","","63/G6MS","T",1,0,0,0,0,"F"
0,2,2,2,"CFBBX","","","","13/G34S-","T",1,0,0,0,0,"F"
1,0,1,2,"CCBFX","","","","63/G6S","T",1,0,0,0,0,"F"
1,1,1,2,"BCSS","","","","K","T",1,0,0,0,0,"F"
1,2,1,2,"CSBX","","","","31/G3D","T",1,0,0,0,0,"F"
0,0,0,0,"X","","","","5/P5","T",1,0,0,0,0,"F"
0,1,3,1,"CBBBX","","","","8/F78XD","T",1,0,0,0,0,"F"
0,2,0,1,"CX","","","","8/L8XD","T",1,0,0,0,0,"F"
1,0,3,2,"FBBSBB","","","","W","T",0,1,0,0,0,"F"
1,0,0,1,"CX","white005","","","4(1)3/GDP/G6M","T",2,0,0,0,0,"F"
1,2,3,2,"BBSSBX","","","","9/F89","T",1,0,0,0,0,"F"
0,0,1,1,"BFX","","","","7/F7D","T",1,0,0,0,0,"F"
0,1,0,2,"FCX","","","","S7/G56","T",0,1,0,0,0,"F"
0,1,2,2,"BBSC>*B","grosr001","","","SB2","F",0,0,2,0,0,"F"
0,1,3,2,"BBSC>*B.FS","","grosr001","","K","T",1,0,0,2,0,"F"
0,2,1,2,"CF*BX","","grosr001","","HR/F78XD.2-H","T",0,4,0,4,0,"F"
0,2,1,1,"BCX","","","","HR/F9D","T",0,4,0,0,0,"F"
0,2,0,0,"X","","","","S7/G56+","T",0,1,0,0,0,"F"
0,2,1,2,"CBFX","laurr001","","","43/G34D+","T",1,0,1,0,0,"F"
1,0,2,1,"CBBX","","","","31/G34-","T",1,0,0,0,0,"F"
1,1,1,2,"FCBS","","","","K","T",1,0,0,0,0,"F"
1,2,2,2,"BCFBS","","","","K","T",1,0,0,0,0,"F"
0,0,0,0,"X","","","","8/F8D","T",1,0,0,0,0,"F"
0,1,0,0,"X","","","","3/G3","T",1,0,0,0,0,"F"
0,2,0,1,".CX","","","","7/F78XD","T",1,0,0,0,0,"F"
1,0,3,2,"...BBSFFBS","","","","K","T",1,0,0,0,0,"F"
1,1,2,2,"CSBBX","","","","D7/L7L","T",0,2,0,0,0,"F"
1,1,0,0,"X","","lewik001","","2/P3SF/FL","T",1,0,0,2,0,"F"
1,2,0,1,"FX","","lewik001","","4/P89S","T",1,0,0,2,0,"F"
0,0,3,2,"FCBFBBB","","","","W","T",0,1,0,0,0,"T"
0,0,2,1,"BBCX","yastm001","","","S7/G5.1-2","T",0,1,2,0,0,"F"
0,0,0,1,"FX","dicka001","yastm001","","54(1)/FO/G5.2-3;B-1","T",1,1,0,3,0,"F"
0,1,1,2,"SBFX","florw001","","yastm001","5/P5DF/FL","T",1,0,1,0,3,"F"
0,2,0,1,"SX","florw001","","yastm001","S7/G56.3-H;1-2","T",0,1,2,0,4,"F"
0,2,0,2,"CFFS","solad001","florw001","","K","T",1,0,1,2,0,"F"
1,0,0,1,"CX","","","","8/F8D","T",1,0,0,0,0,"F"
1,1,1,2,"CBCX","","","","S8/L89","T",0,1,0,0,0,"F"
1,1,1,2,"CBS1X","moord002","","","S8/L8.1-2","T",0,1,2,0,0,"F"
1,1,1,2,"CCBFS","lewik001","moord002","","K","T",1,0,1,2,0,"F"
1,2,3,2,"*BFBCFB>X","lewik001","moord002","","8/F8XD","T",1,0,1,2,0,"F"
0,0,2,2,"CSBFBFX","","","","D7/L7L","T",0,2,0,0,0,"F"
0,0,0,1,"CX","","crawb001","","4/P3D","T",1,0,0,2,0,"F"
0,1,0,1,"SX","","crawb001","","S7/L7D+.2-H;BX2(74)","T",1,0,0,4,0,"F"
0,2,0,1,"CX","","","","63/G8S","T",1,0,0,0,0,"F"
1,0,1,2,"FSB*S","","","","K","T",1,0,0,0,0,"F"
1,1,3,2,"CBBSFBS","","","","K","T",1,0,0,0,0,"F"
1,2,3,2,"BBFSBFF*S","","","","K","T",1,0,0,0,0,"F"
0,0,1,2,"FBFX","","","","D7/L7LD","T",0,2,0,0,0,"F"
0,0,3,1,"BBBFX","","dicka001","","4/P4","T",1,0,0,2,0,"F"
0,1,1,1,"BCX","","dicka001","","HR/L89XD.2-H","T",0,4,0,4,0,"F"
0,1,1,1,"BCX","","","","8/F8XD+","T",1,0,0,0,0,"F"
0,2,2,1,"BFBX","","","","HR/L7LD","T",0,4,0,0,0,"F"
0,2,0,1,"SX","","","","D7/L7D+","T",0,2,0,0,0,"F"
0,2,2,2,"CBBFFX","","crawb001","","63/G6D+","T",1,0,0,2,0,"F"
1,0,2,2,"BBCFF*S","","","","K","T",1,0,0,0,0,"F"
1,1,1,2,"CBSX","","","","5/L56","T",1,0,0,0,0,"F"
1,2,2,2,"CBSFBS","","","","K","T",1,0,0,0,0,"F"
0,0,3,2,".CBBBC*B","","","","W","T",0,1,0,0,0,"F"
0,0,0,2,"CCX","dubom001","","","D8/L78XD+.1-H","T",0,2,4,0,0,"F"
0,0,1,1,"BFB","","yastm001","","WP.2-3","F",0,0,0,3,0,"F"
0,0,3,2,"BFB.FBX","","","yastm001","S9/G34.3-H","T",0,1,0,0,4,"F"
0,0,3,2,"FBFBFB>X","dicka001","","","8/F8D","T",1,0,1,0,0,"F"
0,1,0,2,"CSFX","dicka001","","","S8/L8D.1-2","T",0,1,2,0,0,"F"
0,1,1,2,"CFBX","beltb001","dicka001","","S9/L9.2-3;1-2","T",0,1,2,3,0,"F"
0,1,0,2,".FCFB","solad001","beltb001","dicka001","PB.3-H(NR)(UR);2-3;1-2","F",0,0,2,3,5,"F"
0,1,1,2,".FCFB.S","","solad001","beltb001","K","T",1,0,0,2,3,"F"
0,2,2,2,"BBFFS","","solad001","beltb001","K","T",1,0,0,2,3,"F"
1,0,0,2,"CS*S","","","","K","T",1,0,0,0,0,"F"
1,1,3,1,"BCBBB","","","","W","T",0,1,0,0,0,"F"
1,1,2,2,"BFBCX","seagk001","","","S67/G56+.1-2","T",0,1,2,0,0,"F"
1,1,1,1,"CBX","frant002","seagk001","","D7/L7D.2-H;1-3","T",0,2,3,4,0,"F"
1,1,2,2,"FB*S*BC","","torrl001","frant002","K","T",1,0,0,2,3,"F"
1,2,3,1,".BC*BBB","","torrl001","frant002","W","T",0,1,0,2,3,"F"
1,2,3,2,"F*BBFB>F>B","lopet001","torrl001","frant002","W.3-H;2-3;1-2","T",0,1,2,3,4,"F"
1,2,3,2,"CBBSB>B","ervip001","lopet001","torrl001","W.3-H;2-3;1-2","T",0,1,2,3,4,"F"
1,2,3,2,".CC*B*B*B>C","crawj002","ervip001","lopet001","K","T",1,0,1,2,3,"F"
0,0,0,2,"CFS","","","","K","T",1,0,0,0,0,"F"
0,1,1,2,"CCBF*S","","","","K","T",1,0,0,0,0,"F"
0,2,0,2,"FCS","","","","K","T",1,0,0,0,0,"F"
1,0,0,1,"CX","","","","S9/L9","T",0,1,0,0,0,"F"
1,0,1,2,"*BCCS","lewik001","","","K","T",1,0,1,0,0,"F"
1,1,0,1,"1CX","lewik001","","","3/P3DF/FL","T",1,0,1,0,0,"F"
1,2,1,0,"B1>S","lewik001","","","CS2(24)","F",1,0,0,0,0,"F"
0,0,1,0,"BX","","","","43/G34D","T",1,0,0,0,0,"F"
0,1,3,2,"BFBBCX","","","","7/L7D","T",1,0,0,0,0,"F"
0,2,0,1,"FX","","","","43/G89S+","T",1,0,0,0,0,"F"
1,0,3,1,"BCBB*B","","","","W","T",0,1,0,0,0,"F"
1,0,0,2,"FSS","torrl001","","","K","T",1,0,1,0,0,"F"
1,1,2,0,"BBX","torrl001","","","S5/G5S-.1-2","T",0,1,2,0,0,"F"
1,1,3,2,"BFBCBC","lopet001","torrl001","","K","T",1,0,1,2,0,"F"
1,2,2,2,".C*BCBFC","lopet001","torrl001","","K","T",1,0,1,2,0,"F"
0,0,1,2,".BCFS","","","","K","T",1,0,0,0,0,"F"
0,1,2,0,"BBX","","","","3/G34","T",1,0,0,0,0,"F"
0,2,3,2,"BCBBCFX","","","","HR/L8XD","T",0,4,0,0,0,"F"
0,2,0,2,"CSX","","","","S8/G6+","T",0,1,0,0,0,"F"
0,2,1,1,"FBX","bartj003","","","54(1)/FO/G5.B-1","T",1,1,0,0,0,"F"
1,0,1,1,".CBH","","","","HP","T",0,1,0,0,0,"F"
1,0,2,1,"BBCX","moord002","","","16(1)/FO/G4MS.B-1","T",1,1,0,0,0,"F"
1,1,3,2,"1*B*BBCFB","lewik001","","","W.1-2","T",0,1,2,0,0,"F"
1,1,0,0,"X","seagk001","lewik001","","9/L9D+","T",1,0,1,2,0,"F"
1,2,2,2,"BBCFC","seagk001","lewik001","","K","T",1,0,1,2,0,"F"
0,0,2,0,".BBX","","","","53/G6M","T",1,0,0,0,0,"F"
0,1,1,1,"CBX","","","","63/G4","T",1,0,0,0,0,"F"
0,2,3,0,"BBBB","","","","W","T",0,1,0,0,0,"F"
0,2,1,2,"FCBX","florw001","","","7/F7D","T",1,0,1,0,0,"F"
1,0,3,1,"..CBBBB","","","","W","T",0,1,0,0,0,"F"
1,0,0,2,"FCFFS","white005","","","K","T",1,0,1,0,0,"F"
1,1,0,0,".X","white005","","","56(1)3/GDP/G6","T",2,0,0,0,0,"F"
0,0,0,1,"..CX","","","","6/P6MD","T",1,0,0,0,0,"F"
0,1,1,1,"CBX","","","","S8/L78","T",0,1,0,0,0,"F"
0,1,1,2,"CSBS","longe001","","","K","T",1,0,1,0,0,"F"
0,2,2,2,"CB*SBX","longe001","","","3/G3","T",1,0,1,0,0,"F"
1,0,0,0,".H","","","","HP","T",0,1,0,0,0,"F"
1,0,0,0,"X","crawj002","","","46(1)/FO/G4.B-1","T",1,1,0,0,0,"F"
1,1,2,2,"SBSBS","gordd002","","","K","T",1,0,1,0,0,"F"
1,2,3,1,"CBBBB","gordd002","","","W.1-2","T",0,1,2,0,0,"F"
1,2,2,2,"BFCBS","seagk001","gordd002","","K","T",1,0,1,2,0,"F"
0,0,3,2,"CBFBB*B","","","","W","T",0,1,0,0,0,"T"
0,0,2,2,"1C1B*BFX","slata001","","","64(1)3/GDP/G6","T",2,0,0,0,0,"F"
0,2,1,2,"CBFS","","","","K","T",1,0,0,0,0,"F"
1,0,0,2,"CFC","","","","K","T",1,0,0,0,0,"F"
1,1,2,2,"BCFBX","","","","9/F9","T",1,0,0,0,0,"F"
1,2,1,2,"CBFS","","","","K","T",1,0,0,0,0,"F"
0,0,0,0,"X","","","","2/P2F/FL","T",1,0,0,0,0,"F"
0,1,1,2,"CCBX","","","","HR/F7D","T",0,4,0,0,0,"F"
0,1,1,1,"BCX","","","","53/G56","T",1,0,0,0,0,"F"
0,2,1,2,"BCFX","","","","43/G34","T",1,0,0,0,0,"F"
1,0,0,0,".H","","","","HP","T",0,1,0,0,0,"F"
1,0,0,0,">*B","seagk001","","","SB2","F",0,0,2,0,0,"F"
1,0,1,1,">*B.CX","","seagk001","","S7/L7D+.2-3","T",0,1,0,3,0,"F"
1,0,1,2,"1FBFX","frant002","","seagk001","6/P6","T",1,0,1,0,3,"F"
1,1,3,2,"*BSB1FBX","frant002","","seagk001","S8/L8S.3-H;1-2","T",0,1,2,0,4,"F"
1,1,0,2,"FTX","lopet001","frant002","","9/F9D","T",1,0,1,2,0,"F"
1,2,1,2,"FTBX","lopet001","frant002","","S8/L89D.2-H;1-3;B-2","T",0,2,3,4,0,"F"
1,2,1,1,"FBX","","ervip001","lopet001","S7/L7LS.3-H;2-H","T",0,1,0,4,4,"F"
1,2,2,2,"CBF11*B1C","crawj002","","","K","T",1,0,1,0,0,"F"
0,0,2,0,"BBX","","","","9/F9L","T",1,0,0,0,0,"F"
0,1,3,2,"CFBBBB","","","","W","T",0,1,0,0,0,"F"
0,1,0,0,"X","dubom001","","","43/G34.1-2","T",1,0,2,0,0,"F"
0,2,3,0,"BBBB","","dubom001","","W","T",0,1,0,2,0,"F"
0,2,1,2,"FFBS","solad001","dubom001","","K","T",1,0,1,2,0,"F"
1,0,3,2,"SBSBFBFB","","","","W","T",0,1,0,0,0,"F"
1,0,1,2,"..B1CS1X","lewik001","","","3/L3/DP.1X1(3)","T",2,0,0,0,0,"F"
1,2,2,0,"BBX","","","","9/F9L","T",1,0,0,0,0,"F"
0,0,0,2,"CST","","","","K","T",1,0,0,0,0,"F"
0,1,0,1,"CX","","","","63/G6","T",1,0,0,0,0,"F"
0,2,3,2,"BC.SBBFX","","","","D8/L78XD+","T",0,2,0,0,0,"F"
0,2,0,0,"B","","longe001","","WP.2-3","F",0,0,0,3,0,"F"
0,2,3,1,"B.CBBX","","","longe001","8/L8XD","T",1,0,0,0,3,"F"
1,0,2,2,"FFBBX","","","","3/G3","T",1,0,0,0,0,"F"
1,1,3,2,"CBSBBFFS","","","","K","T",1,0,0,0,0,"F"
1,2,3,1,"SBBBB","","","","W","T",0,1,0,0,0,"F"
1,2,3,2,"BC1BBS1>S","white005","","","K","T",1,0,1,0,0,"F"
0,0,0,0,"X","","","","53/G5","T",1,0,0,0,0,"F"
0,1,0,2,"CFX","","","","S9/L3D","T",0,1,0,0,0,"F"
0,1,2,1,"CBBX","dubom001","","","7/L78D","T",1,0,1,0,0,"F"
0,2,0,0,"X","dubom001","","","9/L9D","T",1,0,1,0,0,"F"
1,0,3,2,"CTBBBS","","","","K","T",1,0,0,0,0,"F"
1,1,3,2,"BCBSFBFFX","","","","63/G6","T",1,0,0,0,0,"F"
1,2,1,1,"BCX","","","","8/F89XD","T",1,0,0,0,0,"F"
0,0,0,0,"X","","","","S7/G56","T",0,1,0,0,0,"F"
0,0,2,1,"1B11FBX","basal001","","","S7/L7S.1-2","T",0,1,2,0,0,"F"
0,0,3,1,"..BFBBB","florw001","basal001","","W.2-3;1-2","T",0,1,2,3,0,"F"
0,0,0,1,"SX","dicka001","florw001","basal001","S7/G6+.3-H;2-3;1-2","T",0,1,2,3,4,"F"
0,0,1,2,"SFBX","longe001","dicka001","florw001","8/SF/L8XD.3-H;2-3","T",1,0,1,3,4,"F"
0,1,2,1,".BSBX","longe001","","dicka001","36(1)1/GDP/G34","T",2,0,0,0,3,"F"
1,0,3,2,"...BCSFBBX","","","","8/L8XD+","T",1,0,0,0,0,"F"
1,1,2,2,"BFBFC","","","","K","T",1,0,0,0,0,"F"
1,2,3,2,"BBFBCB","","","","W","T",0,1,0,0,0,"F"
1,2,2,1,"BFBX","torrl001","","","64(1)/FO/G6.B-1","T",1,1,0,0,0,"F"
0,0,1,2,".BCFFX","","","","S4/G6M","T",0,1,0,0,0,"F"
0,0,3,2,".B1CSFB1BT","dubom001","","","K","T",1,0,1,0,0,"F"
0,1,1,2,"FFB+1X","dubom001","","","7/L7","T",1,0,1,0,0,"F"
0,2,3,2,"1SB1BBS>F>B","dubom001","","","W.1-2","T",0,1,2,0,0,"F"
0,2,2,1,"BBFX","basal001","dubom001","","T8/L89XD+.2-H;1-H","T",0,3,4,4,0,"F"
0,2,1,1,".BFX","","","florw001","S8/L8+.3-H","T",0,1,0,0,4,"F"
0,2,0,0,"1","dicka001","","","PO1(13)","F",1,0,0,0,0,"F"
1,0,3,1,"..BBSBX","","","","63/G6","T",1,0,0,0,0,"F"
1,1,0,2,"CFS","","","","K","T",1,0,0,0,0,"F"
1,2,2,1,"CBBX","","","","E6/G6.B-1","T",0,1,0,0,0,"F"
1,2,0,0,"X","crawj002","","","S9/G4+.1-2","T",0,1,2,0,0,"F"
1,2,1,2,"BSFFS","moord002","crawj002","","K","T",1,0,1,2,0,"F"
0,0,0,0,".H","","","","HP","T",0,1,0,0,0,"F"
0,0,0,2,"SFB","longe001","","","WP.1-2","F",0,0,2,0,0,"F"
0,0,2,2,"SFB.F*BH","","longe001","","HP","T",0,1,0,2,0,"F"
0,0,3,1,"BBBCX","crawb001","longe001","","7/F78D","T",1,0,1,2,0,"F"
0,1,2,1,"*BSBX","crawb001","longe001","","9/F89D","T",1,0,1,2,0,"F"
0,2,1,1,"C*BX","crawb001","longe001","","7/F7L","T",1,0,1,2,0,"F"
1,0,2,2,".BBCCX","","","","S6/G4S-","T",0,1,0,0,0,"F"
1,0,2,2,"1BF1FBC","seagk001","","","K","T",1,0,1,0,0,"F"
1,1,0,2,"1CCX","seagk001","","","S7/L78S.1-2","T",0,1,2,0,0,"F"
1,1,0,0,"X","torrl001","seagk001","","53/G56S.2-3;1-2","T",1,0,2,3,0,"F"
1,2,2,2,".CBBCS","","gordd002","seagk001","K","T",1,0,0,2,3,"F"
0,0,0,1,"..CX","","","","9/F9LD","T",1,0,0,0,0,"F"
0,1,3,2,"BCFBBB","","","","W","T",0,1,0,0,0,"F"
0,1,2,2,"F1BFB>*B","basal001","","","SB2","F",0,0,2,0,0,"F"
0,1,3,2,"F1BFB>*B.B","","basal001","","W","T",0,1,0,2,0,"F"
0,1,2,2,"BFCBFX","florw001","basal001","","7/F78","T",1,0,1,2,0,"F"
0,2,1,2,"CFBX","florw001","basal001","","6/P6MS","T",1,0,1,2,0,"F"
1,0,1,2,"..CSBH","","","","HP","T",0,1,0,0,0,"F"
1,0,0,1,"CS","marmj001","","","WP.1-2","F",0,0,2,0,0,"F"
1,0,0,2,"CS.S","","marmj001","","K","T",1,0,0,2,0,"F"
1,1,3,2,"CF*BBBFB","","marmj001","","W","T",0,1,0,2,0,"F"
1,1,1,2,"CSFBX","moord002","marmj001","","8/L8XD+","T",1,0,1,2,0,"F"
1,2,3,1,"B*BSBX","moord002","marmj001","","8/F89D","T",1,0,1,2,0,"F"
0,0,0,2,"CSFS","","","","K","T",1,0,0,0,0,"T"
0,1,1,1,"BFX","","","","53/G5D+","T",1,0,0,0,0,"F"
0,2,1,1,"BCX","","","","63/G6+","T",1,0,0,0,0,"F"
1,0,0,0,"X","","","","43/G34","T",1,0,0,0,0,"F"
1,1,2,1,"BBCX","","","","63/G6+","T",1,0,0,0,0,"F"
1,2,3,2,"CBBSBB","","","","W","T",0,1,0,0,0,"F"
1,2,1,0,"B1X","lewik001","","","7/L78","T",1,0,1,0,0,"F"
0,0,1,0,"BX","","","","S8/L8D+","T",0,1,0,0,0,"F"
0,0,0,0,"B","morem001","","","WP.1-2","F",0,0,2,0,0,"F"
0,0,1,0,"B.X","","morem001","","31/G34.2-3","T",1,0,0,3,0,"F"
0,1,3,1,"BBBFB","","","morem001","W","T",0,1,0,0,3,"F"
0,1,2,1,"C1BBX","phamt001","","morem001","7/F78S","T",1,0,1,0,3,"F"
0,2,3,1,"CBBBX","phamt001","","morem001","6/L1S","T",1,0,1,0,3,"F"
1,0,1,2,"CCFBFX","","","","4/P4M","T",1,0,0,0,0,"F"
1,1,0,1,"CX","","","","43/G4D+","T",1,0,0,0,0,"F"
1,2,3,1,"BBBCX","","","","63/G6D","T",1,0,0,0,0,"F"
0,0,3,1,"BBBCB","","","","W","T",0,1,0,0,0,"F"
0,0,3,2,"BFFB*BFX","grist001","","","9/F9D","T",1,0,1,0,0,"F"
0,1,3,2,"BBBFCB","grist001","","","W.1-2","T",0,1,2,0,0,"F"
0,1,2,0,"BB>B","machm001","grist001","","SB3;SB2","F",0,0,2,3,0,"F"
0,1,3,0,"BB>B.S","","machm001","grist001","WP.3-H(NR)","F",0,0,0,2,4,"F"
0,1,3,1,"BB>B.S.B","","machm001","","W","T",0,1,0,2,0,"F"
0,1,1,1,"BCX","nolaa002","machm001","","36(1)/FO/G3.2-3;B-1","T",1,1,0,3,0,"F"
0,2,1,0,"BX","morem001","","machm001","64(1)/FO/G6D+.B-1","T",1,1,0,0,3,"F"
1,0,1,2,"CBCX","","","","S6/G6M+","T",0,1,0,0,0,"F"
1,0,0,1,"CX","white005","","","53/G56S.1-2","T",1,0,2,0,0,"F"
1,1,2,0,"BBX","","white005","","7/F7S","T",1,0,0,2,0,"F"
1,2,3,2,"BCBS*BX","","white005","","8/L89XD","T",1,0,0,2,0,"F"
0,0,0,0,"X","","","","S8/G6M+","T",0,1,0,0,0,"F"
0,0,0,1,"CB","phamt001","","","WP.1-2","F",0,0,2,0,0,"F"
0,0,3,1,"CB.BBB","","phamt001","","W","T",0,1,0,2,0,"F"
0,0,0,2,"SFX","cronj001","phamt001","","S5/G5S.2-3;1-2","T",0,1,2,3,0,"F"
0,0,1,1,"SBX","profj001","cronj001","phamt001","36(1)/FO/G34.3-H;2-3;B-1","T",1,1,0,3,4,"F"
0,1,1,2,"*BSSS","grist001","","cronj001","K","T",1,0,1,0,3,"F"
0,2,2,2,"S>SBBX","grist001","","cronj001","HR/L7D.3-H;1-H","T",0,4,4,0,4,"F"
0,2,3,2,"BSBBSB","","","","W","T",0,1,0,0,0,"F"
0,2,1,2,"*BC*SFFS","nolaa002","","","K","T",1,0,1,0,0,"F"
1,0,0,0,"X","","","","63/G6","T",1,0,0,0,0,"F"
1,1,1,2,"CCBX","","","","43/G4","T",1,0,0,0,0,"F"
1,2,3,2,"CBBBFX","","","","43/G6MD","T",1,0,0,0,0,"F"
0,0,1,2,".CBFS","","","","K","T",1,0,0,0,0,"F"
0,1,0,0,"X","","","","9/L9D","T",1,0,0,0,0,"F"
0,2,2,2,"BCCBX","","","","D8/L89XD+","T",0,2,0,0,0,"F"
0,2,0,2,"CFS","","cronj001","","K","T",1,0,0,2,0,"F"
1,0,1,1,"SBX","","","","53/G9+","T",1,0,0,0,0,"F"
1,1,1,2,"CBCX","","","","43/G4MD","T",1,0,0,0,0,"F"
1,2,3,2,"BCCBFBC","","","","K","T",1,0,0,0,0,"F"
0,0,0,2,"CCX","","","","43/G34","T",1,0,0,0,0,"F"
0,1,1,2,"CCBS","","","","K","T",1,0,0,0,0,"F"
0,2,0,2,"SFX","","","","13/G1","T",1,0,0,0,0,"F"
1,0,3,2,"FCBBBS","","","","K","T",1,0,0,0,0,"F"
1,1,3,2,"FBSFFBBX","","","","63/G6M","T",1,0,0,0,0,"F"
1,2,3,2,"CBFBFBB","","","","W","T",0,1,0,0,0,"F"
1,2,1,2,"1CS*BS","moord002","","","K","T",1,0,1,0,0,"F"
0,0,0,2,".CSC","","","","K","T",1,0,0,0,0,"F"
0,1,0,0,"X","","","","43/G34","T",1,0,0,0,0,"F"
0,2,1,0,"BX","","","","9/F89S","T",1,0,0,0,0,"F"
1,0,2,0,".BBX","","","","7/F78XD","T",1,0,0,0,0,"F"
1,1,3,2,"BSFBFBFFFX","","","","S6/G6","T",0,1,0,0,0,"F"
1,1,3,2,".BFSBBFFFX","frant002","","","46(1)3/GDP/G4+","T",2,0,0,0,0,"F"
0,0,0,1,".CX","","","","43/G6MD","T",1,0,0,0,0,"F"
0,1,1,1,"CBX","","","","43/G34","T",1,0,0,0,0,"F"
0,2,1,2,"BSFFX","","","","53/G6S","T",1,0,0,0,0,"F"
1,0,2,2,".CBSBC","","","","K","T",1,0,0,0,0,"F"
1,1,3,2,"CBCBBX","","","","HR/F7LD","T",0,4,0,0,0,"F"
1,1,1,2,"SCFBC","","","","K","T",1,0,0,0,0,"F"
1,2,3,2,"BCBBCX","","","","7/F7S","T",1,0,0,0,0,"F"
0,0,2,2,"CBFBFX","","","","5/P6S","T",1,0,0,0,0,"F"
0,1,3,2,"BBBCFB","","","","W","T",0,1,0,0,0,"F"
0,1,0,0,">B","tatif002","","","CS2(24)","F",1,0,0,0,0,"F"
0,2,1,0,">B.X","","","","HR/L78XD","T",0,4,0,0,0,"F"
0,2,1,2,"BSSX","","","","S8/L8","T",0,1,0,0,0,"F"
0,2,2,2,"CB+1*BFX","nolaa002","","","63/G4","T",1,0,1,0,0,"F"
1,0,2,2,".CFBBC","","","","K","T",1,0,0,0,0,"F"
1,1,1,1,"BFX","","","","9/F9D","T",1,0,0,0,0,"F"
1,2,2,2,"CBFBS","","","","K","T",1,0,0,0,0,"F"
0,0,3,2,"CBFBBC","","","","K","T",1,0,0,0,0,"T"
0,1,2,2,"CBSBX","","","","S8/L8D","T",0,1,0,0,0,"F"
0,1,0,2,"CCC","machm001","","","K","T",1,0,1,0,0,"F"
0,2,3,2,"BCBBF>B","machm001","","","W.1-2","T",0,1,2,0,0,"F"
0,2,0,1,"C2","myerw001","machm001","","POCS3(16)","F",1,0,1,0,0,"F"
1,0,3,2,"BCFBBC","","","","K","T",1,0,0,0,0,"F"
1,1,3,1,"CBBBB","","","","W","T",0,1,0,0,0,"F"
1,1,0,0,">B","moord002","","","SB2","F",0,0,2,0,0,"F"
1,1,2,1,">B.BSX","","moord002","","8/F89D","T",1,0,0,2,0,"F"
1,2,3,2,"C*BCBB*B","","moord002","","W","T",0,1,0,2,0,"F"
1,2,3,2,"B*BBCF>F>F>F>F>F>X","seagk001","moord002","","S9/L9.2-H;1-3","T",0,1,3,4,0,"F"
1,2,0,2,"CSC","frant002","","seagk001","K","T",1,0,1,0,3,"F"
0,0,2,2,"BCSBX","","","","6/L6M","T",1,0,0,0,0,"F"
0,1,1,1,"CBX","","","","63/G6","T",1,0,0,0,0,"F"
0,2,3,0,"BBBB","","","","W","T",0,1,0,0,0,"F"
0,2,2,1,"CB*BX","cronj001","","","S9/G34+.1-2","T",0,1,2,0,0,"F"
0,2,2,2,"S*BSB*S","profj001","cronj001","","K","T",1,0,1,2,0,"F"
1,0,3,2,"CBBFBX","","","","S8/G6M+","T",0,1,0,0,0,"F"
1,0,0,2,"CCS","torrl001","","","K","T",1,0,1,0,0,"F"
1,1,0,0,"X","torrl001","","","S68/G6M+.1-2","T",0,1,2,0,0,"F"
1,1,3,1,"BC*B*BX","lopet001","torrl001","","36(1)/FO/G3.2-3;B-1","T",1,1,0,3,0,"F"
1,2,3,0,".1B*B*BB","crawj002","","torrl001","W.1-2","T",0,1,2,0,3,"F"
1,2,1,2,"FBCC","moord002","crawj002","torrl001","K","T",1,0,1,2,3,"F"
0,0,0,0,"X","","","","D8/F78XD+","T",0,2,0,0,0,"F"
0,0,1,0,"BX","","tatif002","","S9/G4+.2-H","T",0,1,0,4,0,"F"
0,0,2,1,"*B*BFX","machm001","","","7/F78XD+/DP.1X2(74)","T",2,0,0,0,0,"F"
0,2,2,1,"BFBX","","","","S8/G6M+","T",0,1,0,0,0,"F"
0,2,1,0,"B1","myerw001","","","POCS2(136)","F",1,0,0,0,0,"F"
1,0,3,0,"BBBB","","","","W","T",0,1,0,0,0,"F"
1,0,1,1,"CBX","seagk001","","","8/F8XD+.1-2","T",1,0,2,0,0,"F"
1,1,1,2,"BSFS","","seagk001","","K+WP.2-3;B-1","T",0,1,0,3,0,"F"
1,1,2,1,"CBBX","marmj001","","seagk001","D7/L7L.3-H;1-H;BX3(7658)","T",1,0,4,0,4,"F"
1,2,2,2,"BCBCC","","","","K","T",1,0,0,0,0,"F"
0,0,1,2,"CSBX","","","","53/G56S","T",1,0,0,0,0,"F"
0,1,1,1,"BFX","","","","13/G1S","T",1,0,0,0,0,"F"
0,2,2,2,"CBCBX","","","","5/P5F/FL","T",1,0,0,0,0,"F"
1,0,2,2,".CBSBX","","","","9/F89XD","T",1,0,0,0,0,"F"
1,1,1,1,"BCX","","","","43/G34D","T",1,0,0,0,0,"F"
1,2,3,2,"CBBFBS","","","","K","T",1,0,0,0,0,"F"
0,0,3,2,"BBFCFBS","","","","K","T",1,0,0,0,0,"F"
0,1,1,1,"BFH","","","","HP","T",0,1,0,0,0,"F"
0,1,3,2,"SBFF*BF*BX","grist001","","","S67/G6+.1-2","T",0,1,2,0,0,"F"
0,1,0,0,"X","tatif002","grist001","","36(1)/FO/G34.2-3;B-1","T",1,1,0,3,0,"F"
0,2,0,1,"CX","machm001","","grist001","43/G4+","T",1,0,1,0,3,"F"
1,0,2,2,"CFBBX","","","","HR/F7D","T",0,4,0,0,0,"F"
1,0,1,0,"BX","","","","8/L8XD+","T",1,0,0,0,0,"F"
1,1,2,2,"BFFBFX","","","","43/G4","T",1,0,0,0,0,"F"
1,2,2,2,"BCFBS","","","","K","T",1,0,0,0,0,"F"
0,0,1,2,"LBCS","","","","K","T",1,0,0,0,0,"F"
0,1,1,2,"BCFFX","","","","8/L8D","T",1,0,0,0,0,"F"
0,2,2,0,"BBX","","","","53/G56+","T",1,0,0,0,0,"F"
1,0,1,2,"CCBFS","","","","K","T",1,0,0,0,0,"F"
1,1,0,0,"X","","","","S4/G1S","T",0,1,0,0,0,"F"
1,1,0,0,"X","white005","","","9/F89D","T",1,0,1,0,0,"F"
1,2,1,1,"BF1","white005","","","POCS2(136)","F",1,0,0,0,0,"F"
0,0,0,0,"...X","","","","43/G4","T",1,0,0,0,0,"F"
0,1,3,2,"BCBBCC","","","","K","T",1,0,0,0,0,"F"
0,2,1,1,"CBX","","","","7/F78D","T",1,0,0,0,0,"F"
1,0,1,2,".BSFX","","","","S9/G34+","T",0,1,0,0,0,"F"
1,0,3,2,"F1B1FB*B>X","crawj002","","","7/F78D","T",1,0,1,0,0,"F"
1,1,0,0,"1X","crawj002","","","64(1)/FO/G6.B-1","T",1,1,0,0,0,"F"
1,2,3,2,"BBFC*B>S","lewik001","","","K","T",1,0,1,0,0,"F"
0,0,1,1,".SBX","","","","53/G56","T",1,0,0,0,0,"F"
0,1,3,1,"BBBCX","","","","8/L8","T",1,0,0,0,0,"F"
0,2,0,0,"X","","","","53/G56","T",1,0,0,0,0,"F"
1,0,1,2,".SBSX","","","","S8/L8D+","T",0,1,0,0,0,"F"
1,0,1,2,".1BCFC","gordd002","","","K","T",1,0,1,0,0,"F"
1,1,0,0,"X","gordd002","","","8/L8XD","T",1,0,1,0,0,"F"
1,2,0,0,"1X","gordd002","","","46(1)/FO/G4.B-1","T",1,1,0,0,0,"F"
0,0,3,2,"..BBBCSX","","","","S9/L89D","T",0,1,0,0,0,"F"
0,0,0,0,"X","myerw001","","","S15/L1.1-2","T",0,1,2,0,0,"F"
0,0,0,2,"FCX","hosme001","myerw001","","S7/L7.2-3;1-2","T",0,1,2,3,0,"F"
0,0,2,2,"BFBCX","phamt001","hosme001","myerw001","12(3)3/GDP/G4MS.2-3;1-2","T",2,0,2,3,0,"F"
0,2,1,2,"BCFX","","phamt001","hosme001","43/G34D","T",1,0,0,2,3,"F"
0,0,2,1,"CBBX","","","","43/G34D+","T",1,0,0,0,0,"T"
0,1,1,2,"FBCX","","","","8/L8XD+","T",1,0,0,0,0,"F"
0,2,0,0,"X","","","","43/G4+","T",1,0,0,0,0,"F"
1,0,0,0,"X","","","","7/L78D","T",1,0,0,0,0,"F"
1,1,0,2,"CSS","","","","K","T",1,0,0,0,0,"F"
1,2,3,2,"SCBBBB","","","","W","T",0,1,0,0,0,"F"
1,2,0,1,"CB","lewik001","","","WP.1-2","F",0,0,2,0,0,"F"
1,2,2,2,"CB.FFBX","","lewik001","","43/G34","T",1,0,0,2,0,"F"
0,0,2,2,"CBFBX","","","","8/L89XD","T",1,0,0,0,0,"F"
0,1,2,2,"BCFBC","","","","K","T",1,0,0,0,0,"F"
0,2,3,2,"BCBCBB","","","","W","T",0,1,0,0,0,"F"
0,2,2,2,"*BF*BF1>X","myerw001","","","7/L78S","T",1,0,1,0,0,"F"
1,0,1,2,"FBFF*S","","","","K","T",1,0,0,0,0,"F"
1,1,0,1,"CX","","","","6/L6D","T",1,0,0,0,0,"F"
1,2,0,2,"CFS","","","","K","T",1,0,0,0,0,"F"
0,0,1,2,"CSBFX","","","","43/G9S+","T",1,0,0,0,0,"F"
0,1,0,1,"SH","","","","HP","T",0,1,0,0,0,"F"
0,1,2,1,"BFB>B","profj001","","","SB2","F",0,0,2,0,0,"F"
0,1,3,1,"BFB>B.B","","profj001","","W","T",0,1,0,2,0,"F"
0,1,0,1,"SX","grist001","profj001","","8/L89XD.2-3","T",1,0,1,3,0,"F"
0,2,0,0,">C","grist001","","profj001","SB2","F",0,0,2,0,3,"F"
0,2,0,2,">C.FT","","grist001","profj001","K","T",1,0,0,2,3,"F"
1,0,0,2,"CSFS","","","","K","T",1,0,0,0,0,"F"
1,1,3,2,"CBBBSB","","","","W","T",0,1,0,0,0,"F"
1,1,1,2,"CBFX","odomj001","","","65(1)3/GDP/G4","T",2,0,0,0,0,"F"
0,0,0,0,"X","","","","8/F8D","T",1,0,0,0,0,"F"
0,1,3,2,"BCCFBBX","","","","7/F78D","T",1,0,0,0,0,"F"
0,2,3,2,"BCCBBFB","","","","W","T",0,1,0,0,0,"F"
0,2,1,2,"CC1B>B","myerw001","","","SB2","F",0,0,2,0,0,"F"
0,2,2,2,"CC1B>B.S","","myerw001","","K","T",1,0,0,2,0,"F"
1,0,0,2,"CCFFFF*S","","","","K.BX1(23)","T",1,0,0,0,0,"F"
1,1,0,0,"X","","","","43/G4MS","T",1,0,0,0,0,"F"
1,2,0,0,"X","","","","63/G6","T",1,0,0,0,0,"F"
0,0,1,2,"BCCS","","","","K","T",1,0,0,0,0,"F"
0,1,2,2,"BCFBX","","","","7/F78S","T",1,0,0,0,0,"F"
0,2,2,2,"BCBFFF*S","","","","K","T",1,0,0,0,0,"F"
1,0,1,2,"CFBFFS","","","","K","T",1,0,0,0,0,"F"
1,1,1,1,"BCX","","","","6/P7LSF/FL","T",1,0,0,0,0,"F"
1,2,2,2,"BBFSX","","","","S7/G56+","T",0,1,0,0,0,"F"
1,2,1,2,"SBSX","white005","","","D7/G5.1-H","T",0,2,4,0,0,"F"
1,2,3,2,"BCBBSFT","","lopet001","","K","T",1,0,0,2,0,"F"
0,0,3,2,"BBSBSX","","","","7/L78","T",1,0,0,0,0,"F"
0,1,3,2,"BBFBF*B","","","","W","T",0,1,0,0,0,"F"
0,1,2,2,"FBBS*S","hosme001","","","K","T",1,0,1,0,0,"F"
0,2,0,0,"X","hosme001","","","DGR/L7D.1-3","T",0,2,3,0,0,"F"
0,2,2,2,"CBC*BX","","morem001","hosme001","HR/F8XD.3-H;2-H","T",0,4,0,4,4,"F"
0,2,2,2,".BCCBFX","","","","9/F8","T",1,0,0,0,0,"F"
1,0,1,2,"CBCFFS","","","","K","T",1,0,0,0,0,"F"
1,1,0,2,"CCT","","","","K","T",1,0,0,0,0,"F"
1,2,0,2,"CCC","","","","K","T",1,0,0,0,0,"F"
0,0,2,2,".FSBBFX","","","","3/L3+","T",1,0,0,0,0,"F"
0,1,2,2,"CBBCFX","","","","63/G6MS","T",1,0,0,0,0,"F"
0,2,2,2,"SSBBFX","","","","43/G34D+","T",1,0,0,0,0,"F"
1,0,3,2,".CBBFBB","","","","W","T",0,1,0,0,0,"F"
1,0,1,2,"BFSS","seagk001","","","K","T",1,0,1,0,0,"F"
1,1,3,1,".BBFBB","seagk001","","","W.1-2","T",0,1,2,0,0,"F"
1,1,0,2,"CCS","ervip001","seagk001","","K","T",1,0,1,2,0,"F"
1,2,1,2,"CBSX","ervip001","seagk001","","3/P3F/FL","T",1,0,1,2,0,"F"
0,0,3,2,"...SBBSBB","","","","W","T",0,1,0,0,0,"F"
0,0,1,2,"BFCFS","tatif002","","","K","T",1,0,1,0,0,"F"
0,1,2,2,"SBFB>FX","tatif002","","","3/P3SF/FL","T",1,0,1,0,0,"F"
0,2,1,1,"BS1>B","tatif002","","","SB2","F",0,0,2,0,0,"F"
0,2,3,1,"BS1>B.BX","","tatif002","","7/F7LF/FL","T",1,0,0,2,0,"F"
1,0,2,2,"..CBBCFX","","","","S9/G34","T",0,1,0,0,0,"F"
1,0,1,2,"FBSC","torrl001","","","K","T",1,0,1,0,0,"F"
1,1,2,0,"BBX","torrl001","","","HR/L7D.1-H","T",0,4,4,0,0,"F"
1,1,0,2,"CSS","","","","K","T",1,0,0,0,0,"F"
1,2,3,2,"CBBBCFX","","","","7/F7L","T",1,0,0,0,0,"F"
0,0,2,2,"..CBFBX","","","","63/G56D","T",1,0,0,0,0,"F"
0,1,0,1,"CX","","","","S8/L8D","T",0,1,0,0,0,"F"
0,1,1,2,"SBCX","cronj001","","","6(1)3/GDP/G4MD+","T",2,0,0,0,0,"F"
1,0,2,2,".SBBC*S","","","","K","T",1,0,0,0,0,"F"
1,1,0,2,"CSS","","","","K","T",1,0,0,0,0,"F"
1,2,3,0,"BBBB","","","","W","T",0,1,0,0,0,"F"
1,2,0,0,"B","white005","","","WP.1-2","F",0,0,2,0,0,"F"
1,2,1,1,"B.CX","","white005","","63/G6","T",1,0,0,2,0,"F"
0,0,1,0,"...BX","","","","43/G4.2-3","T",1,0,0,0,0,"F"
0,1,3,1,"BFB*B*B","","","","W","T",0,1,0,0,0,"F"
0,1,0,0,"X","grist001","","","S8/L8.3-H(UR);1-2","T",0,1,2,0,0,"F"
0,1,2,2,"BFBSC","tatif002","grist001","","K","T",1,0,1,2,0,"F"
0,2,3,1,"BBFBX","tatif002","grist001","","53/G5","T",1,0,1,2,0,"F"
1,0,1,1,"...BSX","","","","9/F9D.2-3","T",1,0,0,0,0,"F"
1,1,3,1,"*BBSBX","","","","7/SF/F7D.3-H(UR)","T",1,0,0,0,0,"F"
1,2,1,1,"BSX","","","","DGR/F89XD+","T",0,2,0,0,0,"F"
1,2,3,2,"FBBCFBS","","moord002","","K","T",1,0,0,2,0,"F"
0,0,0,1,"..CX","","","","D7/F7LS.2-H(UR)","T",0,2,0,0,0,"F"
0,0,3,2,"CS*BBBS","","morem001","","K","T",1,0,0,2,0,"F"
0,1,3,2,"*BBBCFB","","morem001","","W","T",0,1,0,2,0,"F"
0,1,0,1,"FX","cronj001","morem001","","54(1)/FO/G56.2-3;B-1","T",1,1,0,3,0,"F"
0,2,2,2,"1BSCBFX","nolaa002","","morem001","S8/L8S.3-H;1-2","T",0,1,2,0,4,"F"
0,2,0,0,"X","profj001","nolaa002","","E4/G34D.2-H(NR)(UR);1-3;B-1","T",0,1,3,5,0,"F"
0,2,1,1,"FBX","grist001","","profj001","53/G5D","T",1,0,1,0,3,"F"
1,0,1,1,".C*BX","","","","5/P5D","T",1,0,0,0,0,"F"
1,1,3,2,"CBBSFFBX","","","","8/F8","T",1,0,0,0,0,"F"
1,2,0,2,"*SCS","","","","K","T",1,0,0,0,0,"F"
0,0,2,2,"CBCFFBX","","","","8/F8D","T",1,0,0,0,0,"T"
0,1,2,2,"CBFBS","","","","K","T",1,0,0,0,0,"F"
0,2,0,0,"X","","","","9/L9","T",1,0,0,0,0,"F"
1,0,1,2,"CBSX","","","","13/G4MS+","T",1,0,0,0,0,"F"
1,1,2,1,"BCBX","","","","3/P3SF/FL","T",1,0,0,0,0,"F"
1,2,3,2,"CBBBFFB","","","","W","T",0,1,0,0,0,"F"
1,2,3,2,"CB*BCB>X","lewik001","","","63/G4M","T",1,0,1,0,0,"F"
0,0,0,0,"X","","","","S7/L78","T",0,1,0,0,0,"F"
0,0,0,0,"X","branm003","","","9/F9D","T",1,0,1,0,0,"F"
0,1,1,1,"BCX","branm003","","","S9/L9+.1-2","T",0,1,2,0,0,"F"
0,1,0,2,"CFC","tuckk001","branm003","","K","T",1,0,1,2,0,"F"
0,2,1,2,"BFFX","tuckk001","branm003","","2/P2F/FL","T",1,0,1,2,0,"F"
1,0,3,2,"BCBBFFX","","","","7/F78S","T",1,0,0,0,0,"F"
1,1,3,2,"BCBSB*S","","","","K","T",1,0,0,0,0,"F"
1,2,2,0,"BBX","","","","43/G4D","T",1,0,0,0,0,"F"
0,0,0,2,"CCX","","","","7/F7D","T",1,0,0,0,0,"F"
0,1,1,2,"CFBX","","","","8/L89D","T",1,0,0,0,0,"F"
0,2,1,0,"BX","","","","S7/L7LS","T",0,1,0,0,0,"F"
0,2,2,1,"CBBX","altuj001","","","8/F89XD","T",1,0,1,0,0,"F"
1,0,1,2,"SBCC","","","","K","T",1,0,0,0,0,"F"
1,1,1,0,"BX","","","","53/G5S","T",1,0,0,0,0,"F"
1,2,2,2,"BFBSS","","","","K","T",1,0,0,0,0,"F"
0,0,0,0,"X","","","","S6/P7S","T",0,1,0,0,0,"F"
0,0,2,0,"BBX","branm003","","","64(1)3/GDP/G6","T",2,0,0,0,0,"F"
0,2,0,0,"X","","","","D7/L7D+","T",0,2,0,0,0,"F"
0,2,0,0,"X","","tuckk001","","63/G56","T",1,0,0,2,0,"F"
1,0,0,1,"CX","","","","53/G5+","T",1,0,0,0,0,"F"
1,1,3,1,"BBSBX","","","","9/F9D","T",1,0,0,0,0,"F"
1,2,0,2,"CCS","","","","K","T",1,0,0,0,0,"F"
0,0,1,0,"BX","","","","43/G34+","T",1,0,0,0,0,"F"
0,1,1,1,"BCX","","","","43/G4MD","T",1,0,0,0,0,"F"
0,2,1,2,"BFFS","","","","K","T",1,0,0,0,0,"F"
1,0,2,2,"BBCFX","","","","8/F89D","T",1,0,0,0,0,"F"
1,1,2,0,"BBX","","","","43/G34+","T",1,0,0,0,0,"F"
1,2,0,0,"X","","","","3/P3DF/FL","T",1,0,0,0,0,"F"
0,0,3,1,"BBCBB","","","","W","T",0,1,0,0,0,"F"
0,0,1,1,"B1CX","altuj001","","","54(1)/FO/G6.B-1","T",1,1,0,0,0,"F"
0,1,1,1,"CB+1X","brega001","","","S9/G3.1-2","T",0,1,2,0,0,"F"
0,1,0,1,"SX","branm003","brega001","","9/F89","T",1,0,1,2,0,"F"
0,2,1,1,"FBX","branm003","brega001","","43/G34+","T",1,0,1,2,0,"F"
1,0,2,2,"BSBFS","","","","K","T",1,0,0,0,0,"F"
1,1,2,1,"FBBX","","","","D8/L8XD+","T",0,2,0,0,0,"F"
1,1,3,1,"BBCBX","","lopet001","","53/G56","T",1,0,0,2,0,"F"
1,2,0,0,"X","","lopet001","","6/L6","T",1,0,0,2,0,"F"
0,0,1,2,"FBFFC","","","","K","T",1,0,0,0,0,"F"
0,1,1,1,"CBX","","","","63/G4","T",1,0,0,0,0,"F"
0,2,2,2,"CBBFF*S","","","","K","T",1,0,0,0,0,"F"
1,0,3,0,"BBBB","","","","W","T",0,1,0,0,0,"F"
1,0,0,0,"X","lewik001","","","FC4/G4D+.1-2(E4);B-1","T",0,1,2,0,0,"F"
1,0,0,0,"X","seagk001","lewik001","","D7/G5.2-H(UR);1-3","T",0,2,3,5,0,"F"
1,0,1,2,"CBFS","","frant002","seagk001","K","T",1,0,0,2,3,"F"
1,1,2,2,"CBC*BS","","frant002","seagk001","K","T",1,0,0,2,3,"F"
1,2,2,2,"BBSFX","","frant002","seagk001","HR/F7LD.3-H(UR);2-H(UR);B-H(UR)","T",0,5,0,5,5,"F"
1,2,1,2,".BCCX","","","","3/P3D","T",1,0,0,0,0,"F"
0,0,1,2,".TCFBX","","","","8/F78XD","T",1,0,0,0,0,"F"
0,1,0,0,"X","","","","D7/F7LD+","T",0,2,0,0,0,"F"
0,1,0,0,"X","","altuj001","","6/P5D","T",1,0,0,2,0,"F"
0,2,3,2,"BBCCBFFS","","altuj001","","K","T",1,0,0,2,0,"F"
1,0,0,0,".X","","","","S4/G4","T",0,1,0,0,0,"F"
1,0,0,1,"S11H","crawj002","","","HP.1-2","T",0,1,2,0,0,"F"
1,0,3,0,"BBBB","moord002","crawj002","","W.2-3;1-2","T",0,1,2,3,0,"F"
1,0,0,2,"CSX","lewik001","moord002","crawj002","S7/F7LD.3-H;2-H;1-2","T",0,1,2,4,4,"F"
1,0,3,2,"CBSBBX","seagk001","lewik001","","S7/L78D.2-3;1-2","T",0,1,2,3,0,"F"
1,0,3,2,"SBC*B*BS","frant002","seagk001","lewik001","K","T",1,0,1,2,3,"F"
1,1,0,1,"CX","frant002","seagk001","lewik001","54(1)3/GDP/G56","T",2,0,0,2,3,"F"
0,0,1,1,".CBX","","","","63/G6MD","T",1,0,0,0,0,"F"
0,1,2,2,"SBCBS","","","","K","T",1,0,0,0,0,"F"
0,2,1,2,"BSCX","","","","D9/L89XD+","T",0,2,0,0,0,"F"
0,2,1,1,"FBX","","corrc001","","S8/L78D.2-H","T",0,1,0,4,0,"F"
0,2,0,0,"X","reddj001","","","9/F89D","T",1,0,1,0,0,"F"
0,0,1,0,"BX","","","","S8/L8","T",0,1,0,0,0,"T"
0,0,2,1,"1F*BBX","sprig001","","","8/F8D","T",1,0,1,0,0,"F"
0,1,1,2,"CCB+1X","sprig001","","","46(1)/FO/G34.B-1","T",1,1,0,0,0,"F"
0,2,2,2,"BFBCX","branm003","","","S68/G6M.1-3","T",0,1,3,0,0,"F"
0,2,3,1,"CBB*BX","brega001","","branm003","S7/G6+.3-H;1-2","T",0,1,2,0,4,"F"
0,2,2,2,"BCS*BX","tuckk001","brega001","","43/G6M","T",1,0,1,2,0,"F"
1,0,1,1,"BCX","","","","S7/G56+","T",0,1,0,0,0,"F"
1,0,0,0,"X","crawj002","","","53/G56.1-2","T",1,0,2,0,0,"F"
1,1,3,2,"CBF*BFBX","","crawj002","","9/F89XD","T",1,0,0,2,0,"F"
1,2,1,1,"BFX","","crawj002","","D9/F9LD+.2-H","T",0,2,0,4,0,"F"
1,2,2,1,"B*BCX","","seagk001","","43/G4MD+","T",1,0,0,2,0,"F"
0,0,1,2,"CBSX","","","","53/G56S+","T",1,0,0,0,0,"F"
0,1,1,1,"FBX","","","","6/P6D","T",1,0,0,0,0,"F"
0,2,2,2,"CSFBBX","","","","43/G4M","T",1,0,0,0,0,"F"
1,0,1,0,"BX","","","","53/G6","T",1,0,0,0,0,"F"
1,1,0,1,"CX","","","","63/G56+","T",1,0,0,0,0,"F"
1,2,2,2,"BBCF*S","","","","K","T",1,0,0,0,0,"F"
0,0,0,0,"X","","","","6/P6MD","T",1,0,0,0,0,"F"
0,1,0,1,"CX","","","","7/F78XD","T",1,0,0,0,0,"F"
0,2,0,2,"CSX","","","","5/P56S","T",1,0,0,0,0,"F"
1,0,3,2,"BCSBFBX","","","","63/G7S+","T",1,0,0,0,0,"F"
1,1,1,2,"CFFFFBX","","","","31/G34D","T",1,0,0,0,0,"F"
1,2,2,2,"BFBST","","","","K","T",1,0,0,0,0,"F"
0,0,1,1,"CBX","","","","6/L56D","T",1,0,0,0,0,"F"
0,1,0,1,"CX","","","","D9/L9LD+","T",0,2,0,0,0,"F"
0,1,0,2,"FFFX","","tuckk001","","63/G6.2-3","T",1,0,0,3,0,"F"
0,2,2,2,"CBSBFH","","","tuckk001","HP","T",0,1,0,0,3,"F"
0,2,0,1,"CX","corrc001","","tuckk001","7/F78","T",1,0,1,0,3,"F"
1,0,0,1,"FX","","","","7/L7D","T",1,0,0,0,0,"F"
1,1,1,1,"CBX","","","","S7/L7L","T",0,1,0,0,0,"F"
1,1,0,0,"1X","seagk001","","","S8/G4M.1-2","T",0,1,2,0,0,"F"
1,1,1,2,"CBFS","torrl001","seagk001","","K+WP.2-3;1-2","T",1,0,2,3,0,"F"
1,2,0,2,"CFFX","","torrl001","seagk001","43/G4","T",1,0,0,2,3,"F"
0,0,2,2,"CBFBC","","","","K","T",1,0,0,0,0,"F"
0,1,0,1,".CX","","","","7/F7S","T",1,0,0,0,0,"F"
0,2,0,0,"X","","","","13/G1S","T",1,0,0,0,0,"F"
1,0,3,2,"BCFBFBC","","","","K","T",1,0,0,0,0,"F"
1,1,2,2,"CBCFBX","","","","S8/L8XD+","T",0,1,0,0,0,"F"
1,1,0,2,"C1S*S","ervip001","","","K","T",1,0,1,0,0,"F"
1,2,1,0,"BH","ervip001","","","HP.1-2","T",0,1,2,0,0,"F"
1,2,2,2,"CFB*BFX","frant002","ervip001","","46(1)/FO/G4D+.B-1","T",1,1,0,2,0,"F"
0,0,1,0,"BX","","","","HR/F9D","T",0,4,0,0,0,"F"
0,0,1,0,"BX","","","","7/F7D","T",1,0,0,0,0,"F"
0,1,0,2,"FSX","","","","S9/L9","T",0,1,0,0,0,"F"
0,1,0,0,">B","tuckk001","","","SB2","F",0,0,2,0,0,"F"
0,1,3,2,">B.BBCFB","","tuckk001","","W","T",0,1,0,2,0,"F"
0,1,0,0,"B","gurry001","tuckk001","","WP.2-3;1-2","F",0,0,2,3,0,"F"
0,1,2,2,"B.BCFX","","gurry001","tuckk001","7/F56D","T",1,0,0,2,3,"F"
0,2,1,2,"*BC*SB","","gurry001","tuckk001","WP.3-H(NR);2-3","F",0,0,0,3,4,"F"
0,2,3,2,"*BC*SB.FBFFB","","","gurry001","W","T",0,1,0,0,3,"F"
0,2,2,0,".BBX","reddj001","","gurry001","HR/F7D.3-H;1-H","T",0,4,4,0,4,"F"
0,2,0,0,"X","","","","6/P6S","T",1,0,0,0,0,"F"
1,0,2,2,"BFFBX","","","","8/F78XD","T",1,0,0,0,0,"F"
1,1,0,0,"X","","","","63/G6MD+","T",1,0,0,0,0,"F"
1,2,0,0,"X","","","","8/L8+","T",1,0,0,0,0,"F"
0,0,1,0,"BX","","","","9/F9","T",1,0,0,0,0,"F"
0,1,3,1,"BBBCB","","","","W","T",0,1,0,0,0,"F"
0,1,1,2,"*BFSFX","branm003","","","S7/L7+.1-2","T",0,1,2,0,0,"F"
0,1,0,0,">B","brega001","branm003","","SB3","F",0,0,1,3,0,"F"
0,1,1,2,">B.SFS","brega001","","branm003","K","T",1,0,1,0,3,"F"
0,2,1,2,"1CC*B*S","brega001","","branm003","K","T",1,0,1,0,3,"F"
1,0,1,2,"CSBFFS","","","","K","T",1,0,0,0,0,"F"
1,1,3,2,"BFBBCS","","","","K","T",1,0,0,0,0,"F"
1,2,2,2,"BBCFC","","","","K","T",1,0,0,0,0,"F"
0,0,0,0,".X","","","","7/F78XD+","T",1,0,0,0,0,"F"
0,1,2,2,"CBFBFC","","","","K","T",1,0,0,0,0,"F"
0,2,3,2,"BBCFBFB","","","","W","T",0,1,0,0,0,"F"
0,2,0,2,"CFX","maldm001","","","53/G5","T",1,0,1,0,0,"F"
1,0,0,0,".X","","","","S7/L7LS","T",0,1,0,0,0,"F"
1,0,2,1,"BFBX","crawj002","","","64(1)3/GDP/G6","T",2,0,0,0,0,"F"
1,2,2,2,"CBBSFFFFS","","","","K","T",1,0,0,0,0,"F"
0,0,1,2,"FBFFFS","","","","K","T",1,0,0,0,0,"F"
0,1,3,2,"BBBCCFFX","","","","7/F7D","T",1,0,0,0,0,"F"
0,2,3,1,"BCBBB","","","","W","T",0,1,0,0,0,"F"
0,2,0,1,"CX","brega001","","","S9/L89D+.1-3","T",0,1,3,0,0,"F"
0,2,1,0,"BX","tuckk001","","brega001","54(1)/FO/G5D+.B-1","T",1,1,0,0,3,"F"
1,0,2,2,".CFFBBX","","","","63/G4D+","T",1,0,0,0,0,"F"
1,1,3,2,"CBBBFS","","","","K","T",1,0,0,0,0,"F"
1,2,2,2,"CFFBBC","","","","K","T",1,0,0,0,0,"F"
0,0,1,2,"FSBFS","","","","K","T",1,0,0,0,0,"T"
0,1,1,1,"FBX","","","","13/BG13","T",1,0,0,0,0,"F"
0,2,2,2,"BCCBX","","","","9/F89XD","T",1,0,0,0,0,"F"
1,0,2,2,"CBBCX","","","","43/G13","T",1,0,0,0,0,"F"
1,1,0,2,"CSX","","","","S5/G25","T",0,1,0,0,0,"F"
1,1,1,0,"BX","lewik001","","","S9/L9L.1-3","T",0,1,3,0,0,"F"
1,1,1,1,"S*BX","seagk001","","lewik001","D7/G5.3-H;1-3","T",0,2,3,0,4,"F"
1,1,3,1,"B*BFBX","","frant002","seagk001","7/F7S","T",1,0,0,2,3,"F"
1,2,3,0,"*B*BBB","","frant002","seagk001","W","T",0,1,0,2,3,"F"
1,2,2,2,"SC*BBS","torrl001","frant002","seagk001","K","T",1,0,1,2,3,"F"
0,0,3,1,"BCBBB","","","","W","T",0,1,0,0,0,"F"
0,0,2,2,"BB1CFFX","brega001","","","4/P34D","T",1,0,1,0,0,"F"
0,1,2,2,"CB11CBS","brega001","","","K","T",1,0,1,0,0,"F"
0,2,1,1,"BFX","brega001","","","6/P6D","T",1,0,1,0,0,"F"
1,0,2,1,"CBBX","","","","7/L7D+","T",1,0,0,0,0,"F"
1,1,1,1,"BCX","","","","7/F7","T",1,0,0,0,0,"F"
1,2,1,2,"CBSX","","","","43/G4D","T",1,0,0,0,0,"F"
0,0,1,2,"CBSX","","","","DGR/L9LD","T",0,2,0,0,0,"F"
0,0,2,1,"BCBX","","diaza003","","63/G56D","T",1,0,0,2,0,"F"
0,1,3,1,"BBBCB","","diaza003","","W","T",0,1,0,2,0,"F"
0,1,2,1,"BCBX","sprig001","diaza003","","6/L6D+/DP.2X2(64)","T",2,0,1,0,0,"F"
1,0,0,0,"X","","","","53/G56","T",1,0,0,0,0,"F"
1,1,1,2,"BFC*S","","","","K.BX1(23)","T",1,0,0,0,0,"F"
1,2,1,0,"BX","","","","8/L89D","T",1,0,0,0,0,"F"
0,0,1,2,"CFBC","","","","K","T",1,0,0,0,0,"F"
0,1,3,1,"BFBBX","","","","53/G56","T",1,0,0,0,0,"F"
0,2,0,2,"FFX","","","","13/G1","T",1,0,0,0,0,"F"
1,0,2,2,"CBCBC","","","","K","T",1,0,0,0,0,"F"
1,1,3,2,"CBFBBFX","","","","S6/G6","T",0,1,0,0,0,"F"
1,1,3,2,"C1B1BBCC","torrl001","","","K","T",1,0,1,0,0,"F"
1,2,2,1,"BSBX","torrl001","","","54(1)/FO/G56.B-1","T",1,1,0,0,0,"F"
0,0,2,2,"FBFBFX","","","","S8/L8D","T",0,1,0,0,0,"F"
0,0,0,0,"X","gurry001","","","S7/G56+.1-2","T",0,1,2,0,0,"F"
0,0,0,2,"CCX","corrc001","gurry001","","5/P5SF/FL","T",1,0,1,2,0,"F"
0,1,3,0,"BB*BB","corrc001","gurry001","","W.2-3;1-2","T",0,1,2,3,0,"F"
0,1,0,2,"SSS","maldm001","corrc001","gurry001","K","T",1,0,1,2,3,"F"
0,2,1,2,"CBSX","maldm001","corrc001","gurry001","8/F78XD","T",1,0,1,2,3,"F"
1,0,2,1,"CBBX","","","","53/G5S-","T",1,0,0,0,0,"F"
1,1,1,1,"BFX","","","","S8/L8D","T",0,1,0,0,0,"F"
1,1,2,2,"SBB1S1S","crawj002","","","K","T",1,0,1,0,0,"F"
1,2,1,1,"SB1X","crawj002","","","D8/L89XD.1-H","T",0,2,4,0,0,"F"
1,2,2,1,"C*BBX","","seagk001","","S7/L7D.2-H","T",0,1,0,4,0,"F"
1,2,3,2,"BBCS*B>X","frant002","","","S9/G4+.1-3","T",0,1,3,0,0,"F"
1,2,2,2,".BF*BS1T","marmj001","","frant002","K","T",1,0,1,0,3,"F"
0,0,1,0,"BX","","","","31/G3D","T",1,0,0,0,0,"F"
0,1,2,2,"BCBCX","","","","8/F8","T",1,0,0,0,0,"F"
0,2,3,1,"BFBBX","","","","8/F8D","T",1,0,0,0,0,"F"
1,0,2,2,"SBBCX","","","","53/G56","T",1,0,0,0,0,"F"
1,1,3,2,"BBBCSFFB","","","","W","T",0,1,0,0,0,"F"
1,1,0,0,"11X","lopet001","","","13/G23.1-2","T",1,0,2,0,0,"F"
1,2,2,1,"CBBX","","lopet001","","7/F7","T",1,0,0,2,0,"F"
0,0,0,0,".X","","","","2/P2F/FL","T",1,0,0,0,0,"F"
0,1,1,0,"BX","","","","63/G6D","T",1,0,0,0,0,"F"
0,2,0,2,"CSX","","","","8/F8XD","T",1,0,0,0,0,"F"
1,0,1,1,".BFX","","","","S9/L89","T",0,1,0,0,0,"F"
1,0,1,0,"1*BX","lewik001","","","7/F7","T",1,0,1,0,0,"F"
1,1,0,0,">B","lewik001","","","SB2","F",0,0,2,0,0,"F"
1,1,3,2,">B.BBCFX","","lewik001","","63/G6D.2-3","T",1,0,0,3,0,"F"
1,2,3,2,".FBBFBB","","","lewik001","W","T",0,1,0,0,3,"F"
1,2,0,2,"C1CC","ervip001","","lewik001","K","T",1,0,1,0,3,"F"
0,0,2,2,"..BCBFC","","","","K","T",1,0,0,0,0,"F"
0,1,3,1,"BFBBB","","","","W","T",0,1,0,0,0,"F"
0,1,0,1,"CX","sprig001","","","S7/L78D.1-2","T",0,1,2,0,0,"F"
0,1,0,0,".X","altuj001","sprig001","","3/G3.2-3;1-2","T",1,0,2,3,0,"F"
0,2,2,2,"CC*B*BC","","altuj001","sprig001","K","T",1,0,0,2,3,"F"
1,0,2,2,".BSBSS","","","","K","T",1,0,0,0,0,"F"
1,1,0,1,"CX","","","","9/F9L","T",1,0,0,0,0,"F"
1,2,3,1,"CBBBB","","","","W","T",0,1,0,0,0,"F"
1,2,1,2,"CBST","gordd002","","","K","T",1,0,1,0,0,"F"
0,0,3,2,".SFBBBB","","","","W","T",0,1,0,0,0,"F"
0,0,0,0,"X","tuckk001","","","8/F8XD","T",1,0,1,0,0,"F"
0,1,1,2,"CBCFX","tuckk001","","","9/F9S","T",1,0,1,0,0,"F"
0,2,2,0,"BBX","tuckk001","","","D7/G5.1-3","T",0,2,3,0,0,"F"
0,2,1,1,".FBX","","diaza003","tuckk001","S8/G6M.3-H;2-H","T",0,1,0,4,4,"F"
0,2,2,2,".BBCFFX","stram002","","","S9/G4.1-2","T",0,1,2,0,0,"F"
0,2,1,2,"C*BFS","sprig001","stram002","","K","T",1,0,1,2,0,"F"
0,0,0,2,"CCX","","","","31/G34","T",1,0,0,0,0,"T"
0,1,2,2,"BCCBX","","","","HR/F9LD","T",0,4,0,0,0,"F"
0,1,3,0,"BBBB","","","","W","T",0,1,0,0,0,"F"
0,1,1,2,"C1BCX","lastt001","","","5/L56","T",1,0,1,0,0,"F"
0,2,2,2,"C*BBCS","lastt001","","","K","T",1,0,1,0,0,"F"
1,0,0,1,"CX","","","","31/G3","T",1,0,0,0,0,"F"
1,1,1,1,"BCX","","","","7/F7LF/FL","T",1,0,0,0,0,"F"
1,2,0,0,"X","","","","53/G5+","T",1,0,0,0,0,"F"
0,0,0,2,"CCFX","","","","53/G5D","T",1,0,0,0,0,"F"
0,1,2,2,"CBFFFBC","","","","K","T",1,0,0,0,0,"F"
0,2,1,0,"BX","","","","7/L7D","T",1,0,0,0,0,"F"
1,0,2,2,"BBFFFS","","","","K","T",1,0,0,0,0,"F"
1,1,1,2,"CFBX","","","","6/P78S","T",1,0,0,0,0,"F"
1,2,0,1,"CX","","","","4/P6M","T",1,0,0,0,0,"F"
0,0,1,0,"BX","","","","63/G6","T",1,0,0,0,0,"F"
0,1,0,0,"X","","","","S5/L56.B-2(E5/TH)","T",0,2,0,0,0,"F"
0,1,1,2,"BCCX","","kempt001","","6/P6M","T",1,0,0,2,0,"F"
0,2,0,2,"*SCX","","kempt001","","43/G34","T",1,0,0,2,0,"F"
1,0,2,2,"CBFBS","","","","K","T",1,0,0,0,0,"F"
1,1,2,1,"CBBX","","","","S8/G4M","T",0,1,0,0,0,"F"
1,1,0,0,">B","gordd002","","","SB2","F",0,0,2,0,0,"F"
1,1,3,1,">B.BBCX","","gordd002","","S6/G56.2-3","T",0,1,0,3,0,"F"
1,1,0,0,"X","odomj001","","gordd002","D7/L7D.3-H;1-3","T",0,2,3,0,4,"F"
1,1,2,1,"BFBB","","crawj002","odomj001","WP.3-H(NR);2-3","F",0,0,0,3,4,"F"
1,1,3,2,"BFBB.CFB","","","crawj002","W","T",0,1,0,0,3,"F"
1,1,0,1,"C1X","seagk001","","crawj002","D7/G5.3-H;1-3","T",0,2,3,0,4,"F"
1,1,3,0,"*BBBB","","frant002","seagk001","W","T",0,1,0,2,3,"F"
1,1,1,0,"BX","marmj001","frant002","seagk001","S9/L89.3-H;2-3;1-2","T",0,1,2,3,4,"F"
1,1,2,2,".CSB*BX","lopet001","marmj001","frant002","S5/G5.3-H;2-3;1-2","T",0,1,2,3,4,"F"
1,1,3,1,"*BCBBB","white005","lopet001","marmj001","W.3-H;2-3;1-2","T",0,1,2,3,4,"F"
1,1,0,0,"X","bishb001","white005","lopet001","S8/G4M.3-H;2-H;1-3","T",0,1,3,4,4,"F"
1,1,3,2,"BBF*BFC","gordd002","","bishb001","K","T",1,0,1,0,3,"F"
1,2,0,0,"X","gordd002","","bishb001","43/G34","T",1,0,1,0,3,"F"
0,0,3,2,"FCBBBFB","","","","W","T",0,1,0,0,0,"F"
0,0,2,0,"BBX","canhm001","","","5/P5F/FL","T",1,0,1,0,0,"F"
0,1,1,2,"*BFCX","canhm001","","","D7/L78XD+.1-3","T",0,2,3,0,0,"F"
0,1,0,2,"C*SX","","murps001","canhm001","S9/L9D.3-H;2-3","T",0,1,0,3,4,"F"
0,1,1,2,"C*BFX","lambj001","","murps001","56(1)3/GDP/G56S","T",2,0,0,0,3,"F"
1,0,2,0,"BBX","","","","HR/F9D","T",0,4,0,0,0,"F"
1,0,2,2,"SCBBT","","","","K","T",1,0,0,0,0,"F"
1,1,3,2,"BSCFBBX","","","","8/F8XD+","T",1,0,0,0,0,"F"
1,2,0,2,"SCC","","","","K","T",1,0,0,0,0,"F"
0,0,1,2,"CCBX","","","","5/L5","T",1,0,0,0,0,"F"
0,1,2,2,"FBBFX","","","","43/G34","T",1,0,0,0,0,"F"
0,2,2,1,"BFBX","","","","HR/F9LD","T",0,4,0,0,0,"F"
0,2,1,0,"BX","","","","S9/G4+","T",0,1,0,0,0,"F"
0,2,2,2,"CBBSFX","lastt001","","","64(1)/FO/G6D.B-1","T",1,1,0,0,0,"F"
1,0,0,1,".SX","","","","HR/F8XD","T",0,4,0,0,0,"F"
1,0,3,1,"BBFBX","","","","9/L9D+","T",1,0,0,0,0,"F"
1,1,3,1,"CBBBB","","","","W","T",0,1,0,0,0,"F"
1,1,3,2,"BFBBSB","gordd002","","","W.1-2","T",0,1,2,0,0,"F"
1,1,0,1,"CX","odomj001","gordd002","","S7/F7S.2-H;1-2","T",0,1,2,4,0,"F"
1,1,3,1,"BBBCX","crawj002","odomj001","","5/P5F/FL","T",1,0,1,2,0,"F"
1,2,2,0,"BBX","crawj002","odomj001","","8/F8XD","T",1,0,1,2,0,"F"
0,0,1,1,".SBX","","","","S9/L9L","T",0,1,0,0,0,"F"
0,0,1,1,"BSX","olsom001","","","9/F89S","T",1,0,1,0,0,"F"
0,1,0,1,"CX","olsom001","","","5/P6D","T",1,0,1,0,0,"F"
0,2,0,0,"X","olsom001","","","S9/G4+.1-2","T",0,1,2,0,0,"F"
0,2,1,2,"CC*BC","machv001","olsom001","","K","T",1,0,1,2,0,"F"
1,0,1,1,".BCX","","","","31/G3D","T",1,0,0,0,0,"F"
1,1,0,0,"X","","","","HR/F7D","T",0,4,0,0,0,"F"
1,1,3,2,"BBFFBX","","","","D8/L78XD+","T",0,2,0,0,0,"F"
1,1,0,0,"X","","white005","","53/G5D","T",1,0,0,2,0,"F"
1,2,0,0,"X","","white005","","3/G3","T",1,0,0,2,0,"F"
0,0,0,0,"X","","","","5/P5F/FL","T",1,0,0,0,0,"F"
0,1,0,0,"X","","","","S9/G34+","T",0,1,0,0,0,"F"
0,1,2,1,"BCBX","grosr001","","","65(1)3/GDP/G4MD","T",2,0,0,0,0,"F"
