0,0,3,1,"CBBBB","","","","W","T",0,1,0,0,0,"T"
0,0,1,0,"BX","bettm001","","","S39/G34.1-3","T",0,1,3,0,0,"F"
0,0,1,0,"BX","muncm001","","bettm001","9/SF/L9LD.3-H","T",1,0,1,0,4,"F"
0,1,1,0,"1BX","muncm001","","","8/F8","T",1,0,1,0,0,"F"
0,2,1,1,"BCX","muncm001","","","HR/F7D.1-H","T",0,4,4,0,0,"F"
0,2,3,2,"BBSBCC","","","","K","T",1,0,0,0,0,"F"
1,0,1,1,"CBX","","","","S9/L89","T",0,1,0,0,0,"F"
1,0,0,0,"X","martk001","","","8/F89XD","T",1,0,1,0,0,"F"
1,1,3,2,"CSBFFFFBFFBFF>X","martk001","","","8/F89","T",1,0,1,0,0,"F"
1,2,1,0,"BX","martk001","","","6/L4MD","T",1,0,1,0,0,"F"
0,0,1,1,"SBX","","","","HR/L9D","T",0,4,0,0,0,"F"
0,0,2,2,"CBSBFS","","","","K","T",1,0,0,0,0,"F"
0,1,3,0,"BBBB","","","","W","T",0,1,0,0,0,"F"
0,1,1,2,".CBFB","smitw003","","","WP.1-2","F",0,0,2,0,0,"F"
0,1,3,2,".CBFB.F*BX","","smitw003","","S9/L89+.2-3;B-2","T",0,2,0,3,0,"F"
0,1,1,0,"BX","","bettm001","smitw003","2/P2F/FL","T",1,0,0,2,3,"F"
0,2,3,2,"CB*BBCB","","bettm001","smitw003","W","T",0,1,0,2,3,"F"
0,2,0,1,".*SX","turnj001","bettm001","smitw003","43/G34D+","T",1,0,1,2,3,"F"
1,0,1,1,"BCX","","","","7/F7D","T",1,0,0,0,0,"F"
1,1,3,1,"BCBBB","","","","W","T",0,1,0,0,0,"F"
1,1,2,1,"BCBX","perad001","","","6/P6D","T",1,0,1,0,0,"F"
1,2,1,2,"CCBX","perad001","","","8/L8XD","T",1,0,1,0,0,"F"
0,0,1,1,"BCX","","","","53/G5+","T",1,0,0,0,0,"F"
0,1,3,1,"BBSBB","","","","W","T",0,1,0,0,0,"F"
0,1,2,2,"BBFS11X","taylc001","","","13/G1S-.1-2","T",1,0,2,0,0,"F"
0,2,0,0,"X","","taylc001","","9/F9S","T",1,0,0,2,0,"F"
1,0,1,1,"BCX","","","","43/G6MS","T",1,0,0,0,0,"F"
1,1,1,0,"BX","","","","HR/L7D","T",0,4,0,0,0,"F"
1,1,2,2,"BCCBX","","","","9/L9","T",1,0,0,0,0,"F"
1,2,3,0,"BBBB","","","","W","T",0,1,0,0,0,"F"
1,2,0,2,"CSS","marts002","","","K","T",1,0,1,0,0,"F"
0,0,3,2,"SBFBBC","","","","K","T",1,0,0,0,0,"F"
0,1,2,2,"BBCFFC","","","","K","T",1,0,0,0,0,"F"
0,2,3,1,"BBBCB","","","","W","T",0,1,0,0,0,"F"
0,2,3,0,"BBBB","muncm001","","","W.1-2","T",0,1,2,0,0,"F"
0,2,0,2,"STFX","turnj001","muncm001","","63/G4S","T",1,0,1,2,0,"F"
1,0,1,2,"FBCS","","","","K","T",1,0,0,0,0,"F"
1,1,1,1,"CBX","","","","43/G34D","T",1,0,0,0,0,"F"
1,2,2,2,"CCBBFX","","","","D7/L7LD","T",0,2,0,0,0,"F"
1,2,1,1,"C*BX","","kellc002","","8/F89XD+","T",1,0,0,2,0,"F"
0,0,0,0,"X","","","","D8/L8XD+","T",0,2,0,0,0,"F"
0,0,1,1,"S*BX","","polla001","","8/F8XD+.2-3","T",1,0,0,3,0,"F"
0,1,0,0,"X","","","polla001","53/G5S-.3-H","T",1,0,0,0,4,"F"
0,2,1,1,"..BSX","","","","S5/G56","T",0,1,0,0,0,"F"
0,2,3,2,"BCBCB>X","herne001","","","53/G5","T",1,0,1,0,0,"F"
1,0,0,0,"X","","","","9/L9D","T",1,0,0,0,0,"F"
1,1,3,2,"BCBBCX","","","","8/L8XD+","T",1,0,0,0,0,"F"
1,2,0,1,"CX","","","","3/G3-","T",1,0,0,0,0,"F"
0,0,2,2,"CSBFFFBX","","","","9/L9D","T",1,0,0,0,0,"F"
0,1,2,2,".SSBFFBX","","","","HR/L78XD","T",0,4,0,0,0,"F"
0,1,3,2,"FBBBSX","","","","53/G5D","T",1,0,0,0,0,"F"
0,2,1,2,"FBSFFC","","","","K","T",1,0,0,0,0,"F"
1,0,0,0,"H","","","","HP","T",0,1,0,0,0,"F"
1,0,2,2,"BFS*BX","marts002","","","64(1)/FO/G6D.B-1","T",1,1,0,0,0,"F"
1,1,0,1,"CX","escoe001","","","D7/L7LD+.1-H","T",0,2,4,0,0,"F"
1,1,1,1,"...BCX","","walkc002","","1/P13-","T",1,0,0,2,0,"F"
1,2,3,2,"FBBC.BFFFX","","walkc002","","S9/F89S.2-H","T",0,1,0,4,0,"F"
1,2,1,2,".BCFFC","kellc002","","","K","T",1,0,1,0,0,"F"
0,0,1,2,"....FFBX","","","","63/G6D","T",1,0,0,0,0,"F"
0,1,2,2,"BBCSS","","","","K","T",1,0,0,0,0,"F"
0,2,3,1,"BBBSB","","","","W","T",0,1,0,0,0,"F"
0,2,0,1,"..SX","seagc001","","","53/G56","T",1,0,1,0,0,"F"
1,0,2,2,".BBCFX","","","","63/G56D","T",1,0,0,0,0,"F"
1,1,3,1,"BBFBX","","","","53/G4MD","T",1,0,0,0,0,"F"
1,2,0,1,"CX","","","","7/F7","T",1,0,0,0,0,"F"
0,0,3,2,"CBFBFFBFB","","","","W","T",0,1,0,0,0,"F"
0,0,0,0,"X","smitw003","","","46(1)3/GDP/G1S","T",2,0,0,0,0,"F"
0,2,1,0,"BX","","","","7/L2","T",1,0,0,0,0,"F"
1,0,1,2,".FBFS","","","","K","T",1,0,0,0,0,"F"
1,1,0,2,"CFX","","","","9/F9LD","T",1,0,0,0,0,"F"
1,2,0,0,"X","","","","43/G4D","T",1,0,0,0,0,"F"
0,0,1,2,".SSBFX","","","","8/F89","T",1,0,0,0,0,"F"
0,1,2,0,"BBX","","","","31/G34S","T",1,0,0,0,0,"F"
0,2,1,2,"CCBS","","","","K","T",1,0,0,0,0,"F"
1,0,2,2,".BCFBX","","","","9/L89XD","T",1,0,0,0,0,"F"
1,1,2,2,"BBCSX","","","","43/G4MD","T",1,0,0,0,0,"F"
1,2,3,2,".BBCCBB","","","","W","T",0,1,0,0,0,"F"
1,2,0,0,">B","varsd001","","","DI.1-2","F",0,0,2,0,0,"F"
1,2,2,1,">B.C.BX","","varsd001","","6/P6","T",1,0,0,2,0,"F"
0,0,1,2,"CFFBS","","","","K","T",1,0,0,0,0,"T"
0,1,2,2,"CBCBC","","","","K","T",1,0,0,0,0,"F"
0,2,1,2,"CBCFS","","","","K","T",1,0,0,0,0,"F"
1,0,1,2,"BCCX","","","","D9/L9L.BX3(96)","T",1,0,0,0,0,"F"
1,1,0,1,"CX","","","","8/F8XD+","T",1,0,0,0,0,"F"
1,2,3,2,"CSBBBX","","","","8/F89XD","T",1,0,0,0,0,"F"
0,0,0,2,"FCS","","","","K","T",1,0,0,0,0,"F"
0,1,1,2,"BFSX","","","","43/G34D","T",1,0,0,0,0,"F"
0,2,3,2,"FBBTBB","","","","W","T",0,1,0,0,0,"F"
0,2,0,0,"1>C","taylc001","","","SB2","F",0,0,2,0,0,"F"
0,2,1,2,"1>C..S*BT","","taylc001","","K","T",1,0,0,2,0,"F"
1,0,2,2,"CBBFX","","","","63/G6","T",1,0,0,0,0,"F"
1,1,1,2,"BFFFX","","","","9/L9D+","T",1,0,0,0,0,"F"
1,2,0,2,"FFX","","","","63/G8S","T",1,0,0,0,0,"F"
0,0,0,0,"X","","","","7/F7LF/FL","T",1,0,0,0,0,"F"
0,1,1,0,"BX","","","","8/F89","T",1,0,0,0,0,"F"
0,2,2,2,"CBSFBFX","","","","5/P5DF/FL","T",1,0,0,0,0,"F"
1,0,2,1,"BBSX","","","","9/F9D","T",1,0,0,0,0,"F"
1,1,3,2,"CBBSBX","","","","8/F8XD","T",1,0,0,0,0,"F"
1,2,2,2,"BBCCFX","","","","31/G34","T",1,0,0,0,0,"F"
0,0,2,2,"BFCBX","","","","HR/F7LD","T",0,4,0,0,0,"F"
0,0,1,2,"BFCX","","","","63/G4M","T",1,0,0,0,0,"F"
0,1,1,2,"SBSC","","","","K","T",1,0,0,0,0,"F"
0,2,1,2,"SBFFX","","","","S8/L8D+","T",0,1,0,0,0,"F"
0,2,0,2,"111SCX","seagc001","","","S6/G6S-.1-2","T",0,1,2,0,0,"F"
0,2,2,2,"SSFF*BFF.BS","taylc001","seagc001","","K","T",1,0,1,2,0,"F"
1,0,3,2,"BCBBFX","","","","43/G34D","T",1,0,0,0,0,"F"
1,1,3,2,"SBCBB*B","","","","W","T",0,1,0,0,0,"F"
1,1,0,2,"CCX","calhk001","","","8/F89XD","T",1,0,1,0,0,"F"
1,2,2,2,"FB1F1FBFS","calhk001","","","K","T",1,0,1,0,0,"F"
0,0,1,1,"CBX","","","","D8/L8XD+","T",0,2,0,0,0,"F"
0,0,1,0,"BX","","riose001","","13/SH/BG1S-.2-3","T",1,0,0,3,0,"F"
0,1,1,1,"S*BH","","","riose001","HP","T",0,1,0,0,3,"F"
0,1,0,0,"X","muncm001","","riose001","S9/G34S+.3-H;1-2","T",0,1,2,0,4,"F"
0,1,0,2,"CCX","bettm001","muncm001","","46(1)/FO/G34.2-3;B-1","T",1,1,0,3,0,"F"
0,2,0,0,"111>C","bellc002","","muncm001","SB2","F",0,0,2,0,3,"F"
0,2,0,1,"111>C.X","","bellc002","muncm001","53/G56S","T",1,0,0,2,3,"F"
1,0,0,0,".X","","","","S9/G34","T",0,1,0,0,0,"F"
1,0,2,2,"BBCFX","walkc002","","","53/G4+.1-2","T",1,0,2,0,0,"F"
1,1,1,2,"BFFS","","walkc002","","K","T",1,0,0,2,0,"F"
1,2,0,2,"CSH","","walkc002","","HP","T",0,1,0,2,0,"F"
1,2,1,1,".C*BX","lambj001","walkc002","","63/G6","T",1,0,1,2,0,"F"
0,0,0,2,"CFS","","","","K","T",1,0,0,0,0,"F"
0,1,2,2,"CTBBFFS","","","","K","T",1,0,0,0,0,"F"
0,2,0,1,"CX","","","","6/L4MD+","T",1,0,0,0,0,"F"
1,0,0,2,"FFX","","","","S9/F9S","T",0,1,0,0,0,"F"
1,0,2,2,"CBSBX","martk001","","","D9/L9LD+.1-H","T",0,2,4,0,0,"F"
1,0,3,2,"..BBFBCB","","calhk001","","W","T",0,1,0,2,0,"F"
1,0,0,1,"CX","marts002","calhk001","","16(1)3/GDP/G2.2-3","T",2,0,0,3,0,"F"
1,2,3,2,"BBCBCFX","","","calhk001","9/F9L","T",1,0,0,0,3,"F"
0,0,0,2,"..CC*S","","","","K","T",1,0,0,0,0,"F"
0,1,3,2,"BBCFBT","","","","K","T",1,0,0,0,0,"F"
0,2,0,2,"CCX","","","","S4/G4","T",0,1,0,0,0,"F"
0,2,1,2,"..BCS1X","muncm001","","","43/G4","T",1,0,1,0,0,"F"
1,0,0,0,".....X","","","","S6/G4","T",0,1,0,0,0,"F"
1,0,2,2,".BCBC1FX","perad001","","","4(1)3/GDP/G4M","T",2,0,0,0,0,"F"
1,2,1,2,"..CCFBX","","","","63/G6D","T",1,0,0,0,0,"F"
0,0,3,2,"....BBFFFBFS","","","","K","T",1,0,0,0,0,"F"
0,1,1,2,"CBSX","","","","8/L8XD","T",1,0,0,0,0,"F"
0,2,1,1,"BCX","","","","HR/L9LD","T",0,4,0,0,0,"F"
0,2,1,2,"SFBX","","","","S8/L89XD+","T",0,1,0,0,0,"F"
0,2,0,2,"..C1FS","taylc001","","","K","T",1,0,1,0,0,"F"
1,0,3,2,".BBCBCS","","","","K","T",1,0,0,0,0,"F"
1,1,2,2,"CBBFX","","","","E5/G8S+.B-1","T",0,1,0,0,0,"F"
1,1,3,2,"BBFBFB","martk001","","","W.1-2","T",0,1,2,0,0,"F"
1,1,2,2,".BBFCX","calhk001","martk001","","63/G6MS.2-3;1-2","T",1,0,2,3,0,"F"
1,2,3,0,"VVVV","","calhk001","martk001","IW","T",0,1,0,2,3,"F"
1,2,0,0,"X","escoe001","calhk001","martk001","D8/L89XD+.3-H(UR);2-H(UR);1-H(UR)","T",0,2,5,5,5,"F"
1,2,0,0,"..B","","walkc002","","WP.2-3","F",0,0,0,3,0,"F"
1,2,1,1,"..B.CX","","","walkc002","S7/L7.3-H(UR)","T",0,1,0,0,5,"F"
1,2,2,1,"BBSX","perad001","","","S7/L78XD.1-3","T",0,1,3,0,0,"F"
1,2,3,0,"B*B*BB","kellc002","","perad001","W.1-2","T",0,1,2,0,3,"F"
1,2,0,1,"CX","ahmen001","kellc002","perad001","13/G1S","T",1,0,1,2,3,"F"
0,0,1,2,".FCFBC","","","","K","T",1,0,0,0,0,"F"
0,1,3,1,".BBBCB","","","","W","T",0,1,0,0,0,"F"
0,1,2,2,"BBCCS","beatm001","","","K","T",1,0,1,0,0,"F"
0,2,0,0,"X","beatm001","","","D8/L78D+.1-3","T",0,2,3,0,0,"F"
0,2,0,0,".X","","bettm001","beatm001","5/P7LSF/FL","T",1,0,0,2,3,"F"
0,0,1,2,"FBFS","","","","K","T",1,0,0,0,0,"T"
0,1,3,2,"CCBBBX","","","","D98/L89XD+","T",0,2,0,0,0,"F"
0,1,0,1,"CX","","bettm001","","13/G3S.2-3","T",1,0,0,3,0,"F"
0,2,0,1,".FX","","","bettm001","8/F8XD","T",1,0,0,0,3,"F"
1,0,1,0,"BX","","","","63/G6S","T",1,0,0,0,0,"F"
1,1,3,2,"BBBCS*B","","","","W","T",0,1,0,0,0,"F"
1,1,3,1,"SBBBX","vargi001","","","S7/L7D.1-2","T",0,1,2,0,0,"F"
1,1,0,2,"FFX","marts002","vargi001","","S8/G6M.2-H;1-2","T",0,1,2,4,0,"F"
1,1,3,2,"BSBC*BFS","escoe001","marts002","","K","T",1,0,1,2,0,"F"
1,2,2,2,"CBCBS","escoe001","marts002","","K","T",1,0,1,2,0,"F"
0,0,1,2,"CSB*S","","","","K","T",1,0,0,0,0,"F"
0,1,3,2,"BFTBBB","","","","W","T",0,1,0,0,0,"F"
0,1,2,2,"S1BF1FBS","polla001","","","K","T",1,0,1,0,0,"F"
0,2,3,2,"BCBB1S>F>X","polla001","","","S8/L89.1-3","T",0,1,3,0,0,"F"
0,2,0,2,"FFFS","smitw003","","polla001","K","T",1,0,1,0,3,"F"
1,0,1,1,"BCX","","","","7/F78D","T",1,0,0,0,0,"F"
1,1,0,2,"FFX","","","","13/G1-","T",1,0,0,0,0,"F"
1,2,0,0,"X","","","","2/P23F/FL","T",1,0,0,0,0,"F"
0,0,1,2,"CBSS","","","","K","T",1,0,0,0,0,"F"
0,1,0,1,"CX","","","","8/L8XD+","T",1,0,0,0,0,"F"
0,2,2,2,"SFBBX","","","","D7/L7LD+","T",0,2,0,0,0,"F"
0,2,2,0,"BBX","","seagc001","","7/L7D","T",1,0,0,2,0,"F"
1,0,1,2,"CFFFB*S","","","","K","T",1,0,0,0,0,"F"
1,1,3,2,"BCBCBFX","","","","63/G6-","T",1,0,0,0,0,"F"
1,2,3,2,"BFBSBX","","","","63/G6D","T",1,0,0,0,0,"F"
0,0,3,2,"FBBBSB","","","","W","T",0,1,0,0,0,"F"
0,0,0,2,"S1CX","pedej001","","","9/F9L","T",1,0,1,0,0,"F"
0,1,1,0,"BX","pedej001","","","HR/F89XD.1-H","T",0,4,4,0,0,"F"
0,1,2,1,"BBCX","","","","63/G6D","T",1,0,0,0,0,"F"
0,2,0,0,"X","","","","HR/F9LD","T",0,4,0,0,0,"F"
0,2,1,2,"BCSFX","","","","5/L6D-","T",1,0,0,0,0,"F"
1,0,1,0,"BX","","","","9/F9S","T",1,0,0,0,0,"F"
1,1,0,1,"CX","","","","D7/L7LD+","T",0,2,0,0,0,"F"
1,1,1,2,"SFFBX","","walkc002","","7/F7S","T",1,0,0,2,0,"F"
1,2,1,1,"CBX","","walkc002","","S8/L89.2-H","T",0,1,0,4,0,"F"
1,2,0,0,"X","kellc002","","","64(1)/FO/G6S.B-1","T",1,1,0,0,0,"F"
0,0,3,1,"BBCBB","","","","W","T",0,1,0,0,0,"F"
0,0,0,0,"X","bettm001","","","S9/L9+.1-3","T",0,1,3,0,0,"F"
0,0,2,1,"BSBX","seagc001","","bettm001","T8/L89XD+.3-H;1-H","T",0,3,4,0,4,"F"
0,0,0,2,"..FFX","","","turnj001","S7/G56.3-H","T",0,1,0,0,4,"F"
0,0,0,0,"X","pedej001","","","HR/F7D+.1-H","T",0,4,4,0,0,"F"
0,0,0,0,"X","","","","4E3/G4D.B-1","T",0,1,0,0,0,"F"
0,0,3,2,"*BCSBBC","riose001","","","K","T",1,0,1,0,0,"F"
0,1,0,0,"X","riose001","","","7/L78XD","T",1,0,1,0,0,"F"
0,2,0,2,"CSX","riose001","","","43/G13","T",1,0,1,0,0,"F"
1,0,2,1,"CBBX","","","","8/F8D+","T",1,0,0,0,0,"F"
1,1,0,1,"CX","","","","S4/G6M","T",0,1,0,0,0,"F"
1,1,1,1,"BCX","martk001","","","54(1)3/GDP/G5","T",2,0,0,0,0,"F"
0,0,0,1,".CX","","","","63/G6D","T",1,0,0,0,0,"F"
0,1,2,2,"BCFBFX","","","","43/G89S+","T",1,0,0,0,0,"F"
0,2,2,0,"BBX","","","","63/G1S","T",1,0,0,0,0,"F"
1,0,2,0,".BBX","","","","9/F89XD","T",1,0,0,0,0,"F"
1,1,2,2,"BCBS*S","","","","K","T",1,0,0,0,0,"F"
1,2,2,2,"BFSBF*S","","","","K","T",1,0,0,0,0,"F"
0,0,2,0,"BBX","","","","53/G6MD","T",1,0,0,0,0,"F"
0,1,2,2,"CBTBS","","","","K","T",1,0,0,0,0,"F"
0,2,1,1,"CBX","","","","13/G4MS","T",1,0,0,0,0,"F"
1,0,2,1,"..CBBX","","","","41/G34+","T",1,0,0,0,0,"F"
1,1,1,2,"BFFC","","","","K","T",1,0,0,0,0,"F"
1,2,0,0,"X","","","","8/L89D","T",1,0,0,0,0,"F"
0,0,2,0,"BBX","","","","9/F9LS","T",1,0,0,0,0,"F"
0,1,1,1,"BSX","","","","43/G4D","T",1,0,0,0,0,"F"
0,2,3,1,"FBBBB","","","","W","T",0,1,0,0,0,"F"
0,2,2,2,"BCCBX","muncm001","","","S4/G2.1-2","T",0,1,2,0,0,"F"
0,2,1,0,"*BX","herne001","muncm001","","HR/L9D.2-H;1-H","T",0,4,4,4,0,"F"
0,2,3,2,"CBBFBS","","","","K","T",1,0,0,0,0,"F"
1,0,1,2,".BSCS","","","","K","T",1,0,0,0,0,"F"
1,1,0,2,".CCX","","","","9/F8XD","T",1,0,0,0,0,"F"
1,2,2,1,"BCBX","","","","43/G34D","T",1,0,0,0,0,"F"
0,0,1,2,"....BCFFS","","","","K","T",1,0,0,0,0,"F"
0,1,2,0,"BBX","","","","4/P8S","T",1,0,0,0,0,"F"
0,2,1,0,"BX","","","","31/G34-","T",1,0,0,0,0,"F"
1,0,3,2,".BCFBFBS","","","","K","T",1,0,0,0,0,"F"
1,1,1,1,"FBX","","","","8/L89D","T",1,0,0,0,0,"F"
1,2,3,2,"BCSBFBFFS","","","","K","T",1,0,0,0,0,"F"
0,0,0,0,"X","","","","8/L8XD","T",1,0,0,0,0,"T"
0,1,2,1,"BBCX","","","","31/G3","T",1,0,0,0,0,"F"
0,2,2,2,"BBCCFX","","","","S8/G6M","T",0,1,0,0,0,"F"
0,2,3,2,"BBBFC>X","turnj001","","","HR/L9LD.1-H","T",0,4,4,0,0,"F"
0,2,0,0,"X","","","","8/F8XD+","T",1,0,0,0,0,"F"
1,0,2,2,"CBCBC","","","","K","T",1,0,0,0,0,"F"
1,1,0,2,"CSS","","","","K","T",1,0,0,0,0,"F"
1,2,1,2,"BCFFX","","","","43/G4MD+","T",1,0,0,0,0,"F"
0,0,0,1,"FX","","","","53/G5","T",1,0,0,0,0,"F"
0,1,1,2,"CBFX","","","","4/P9S","T",1,0,0,0,0,"F"
0,2,1,1,"CBX","","","","31/G4S","T",1,0,0,0,0,"F"
1,0,1,0,"BX","","","","63/G56","T",1,0,0,0,0,"F"
1,1,1,1,"CBX","","","","9/F9D","T",1,0,0,0,0,"F"
1,2,1,1,"BCX","","","","63/G6","T",1,0,0,0,0,"F"
0,0,2,2,"CBFBFFFC","","","","K","T",1,0,0,0,0,"F"
0,1,2,1,"BBCX","","","","D9/L9L","T",0,2,0,0,0,"F"
0,1,1,0,"BX","","bettm001","","7/F5D","T",1,0,0,2,0,"F"
0,2,0,0,"X","","bettm001","","9/L9D","T",1,0,0,2,0,"F"
1,0,3,2,"CBBBSFFS","","","","K","T",1,0,0,0,0,"F"
1,1,1,2,"CCFFBFX","","","","63/G6S","T",1,0,0,0,0,"F"
1,2,2,2,"CBBSS","","","","K","T",1,0,0,0,0,"F"
0,0,1,0,"BX","","","","9/L9D+","T",1,0,0,0,0,"F"
0,1,1,2,"CSBX","","","","63/G6S","T",1,0,0,0,0,"F"
0,2,0,1,"CX","","","","S7/L7D","T",0,1,0,0,0,"F"
0,2,0,0,"X","polla001","","","S5/G2.1-2","T",0,1,2,0,0,"F"
0,2,1,0,"BX","pedej001","polla001","","4/P1S","T",1,0,1,2,0,"F"
1,0,2,2,"SBBFX","","","","3/P4","T",1,0,0,0,0,"F"
1,1,0,2,"CSX","","","","S9/G4","T",0,1,0,0,0,"F"
1,1,0,0,"X","marts002","","","S8/L8D+.1-2","T",0,1,2,0,0,"F"
1,1,0,2,"CSX","walkc002","marts002","","43/G6S.2-3;1-2","T",1,0,2,3,0,"F"
1,2,1,2,"SCBS","","walkc002","marts002","K","T",1,0,0,2,3,"F"
0,0,2,2,"FBFBC","","","","K","T",1,0,0,0,0,"F"
0,1,2,1,"FBBX","","","","HR/L89XD","T",0,4,0,0,0,"F"
0,1,0,0,"X","","","","S8/L89XD","T",0,1,0,0,0,"F"
0,1,2,2,".CBFF*BX","muncm001","","","S7/L7S.1-2","T",0,1,2,0,0,"F"
0,1,1,2,".CBSX","turnj001","muncm001","","46(1)/FO/G4.2-3;B-1","T",1,1,0,3,0,"F"
0,2,2,2,"1BB1SF1C","bellc002","","muncm001","K","T",1,0,1,0,3,"F"
1,0,1,1,"CBX","","","","63/G56D","T",1,0,0,0,0,"F"
1,1,2,1,"FBBX","","","","53/G4M","T",1,0,0,0,0,"F"
1,2,2,2,"BSBFX","","","","S3/G4","T",0,1,0,0,0,"F"
1,2,2,2,"FF*B*BC","vargi001","","","K","T",1,0,1,0,0,"F"
0,0,2,2,"BBCSX","","","","9/L89","T",1,0,0,0,0,"F"
0,1,1,0,"BX","","","","43/G4S","T",1,0,0,0,0,"F"
0,2,0,0,"X","","","","S7/L7LD+","T",0,1,0,0,0,"F"
0,2,1,2,"1CFB1T","herne001","","","K","T",1,0,1,0,0,"F"
1,0,2,2,"FBBSX","","","","63/G6","T",1,0,0,0,0,"F"
1,1,0,1,"TX","","","","53/G56","T",1,0,0,0,0,"F"
1,2,2,2,"..SBBFX","","","","63/G56+","T",1,0,0,0,0,"F"
0,0,1,1,"..BSX","","","","7/L7D","T",1,0,0,0,0,"F"
0,1,2,2,"BCFBC","","","","K","T",1,0,0,0,0,"F"
0,2,2,2,"BFBF*S","","","","K.BX1(23)","T",1,0,0,0,0,"F"
1,0,3,2,"...BCBCBS","","","","K","T",1,0,0,0,0,"F"
1,1,3,2,"BFFBFBFX","","","","S8/L8D","T",0,1,0,0,0,"F"
1,1,2,2,"*B.TCBX","calhk001","","","8/F89XD","T",1,0,1,0,0,"F"
1,2,1,1,"BFX","calhk001","","","9/L9D+","T",1,0,1,0,0,"F"
0,0,3,1,"BBBCX","","","","63/G4S","T",1,0,0,0,0,"F"
0,1,0,2,"..CF*S","","","","K.BX1(23)","T",1,0,0,0,0,"F"
0,2,1,2,"BCCS","","","","K","T",1,0,0,0,0,"F"
1,0,2,2,".CBCFFBT","","","","K","T",1,0,0,0,0,"F"
1,1,2,2,"BFBCS","","","","K","T",1,0,0,0,0,"F"
1,2,3,2,"FSBBBS","","","","K","T",1,0,0,0,0,"F"
0,0,1,2,".BCFS","","","","K","T",1,0,0,0,0,"F"
0,1,2,2,"BBFFX","","","","63/G6D","T",1,0,0,0,0,"F"
0,2,2,0,"BBX","","","","4/P4D","T",1,0,0,0,0,"F"
1,0,2,2,".BFCBH","","","","HP","T",0,1,0,0,0,"F"
1,0,1,2,"B1SF1>S","marts002","","","K+SB2","T",1,0,2,0,0,"F"
1,1,0,2,".FFC","","marts002","","K","T",1,0,0,2,0,"F"
1,2,0,2,"FF>*B","","marts002","","DI.2-3","F",0,0,0,3,0,"F"
1,2,3,2,"FF>*B.FBBFFX","","","marts002","8/F78XD","T",1,0,0,0,3,"F"
0,0,0,0,"X","","","","53/G5S","T",1,0,0,0,0,"T"
0,1,0,0,"X","","","","HR/L7D","T",0,4,0,0,0,"F"
0,1,1,2,"CSBX","","","","5/P5F/FL","T",1,0,0,0,0,"F"
0,2,0,2,"CTT","","","","K","T",1,0,0,0,0,"F"
1,0,1,2,"CBCX","","","","7/F78D","T",1,0,0,0,0,"F"
1,1,2,0,"BBX","","","","9/L9D+","T",1,0,0,0,0,"F"
1,2,1,2,"FBSX","","","","9/F1","T",1,0,0,0,0,"F"
0,0,1,1,"CBX","","","","HR/L78XD","T",0,4,0,0,0,"F"
0,0,3,2,"BBSBFFFX","","","","9/F9D","T",1,0,0,0,0,"F"
0,1,2,2,"CSBBH","","","","HP","T",0,1,0,0,0,"F"
0,1,0,1,"S1X","toroa001","","","S8/G4M.1-3","T",0,1,3,0,0,"F"
0,1,0,2,"CCH","tuckk001","","toroa001","HP.1-2","T",0,1,2,0,3,"F"
0,1,0,0,"X","maldm001","tuckk001","toroa001","8/SF/F8D.3-H;2-3","T",1,0,1,3,4,"F"
0,2,2,0,"BBX","maldm001","","tuckk001","13/G4MS+","T",1,0,1,0,3,"F"
1,0,1,2,"BFSC","","","","K","T",1,0,0,0,0,"F"
1,1,1,1,"BFX","","","","6/P6D","T",1,0,0,0,0,"F"
1,2,1,2,"BFCX","","","","S56/G6","T",0,1,0,0,0,"F"
1,2,1,0,"BX","perad001","","","63/G56S","T",1,0,1,0,0,"F"
0,0,1,1,"BFX","","","","S7/L7","T",0,1,0,0,0,"F"
0,0,2,2,"SF*BBX","brega001","","","3/P2F/FL","T",1,0,1,0,0,"F"
0,1,1,2,"C11TBX","brega001","","","S9/L9+.1-2","T",0,1,2,0,0,"F"
0,1,2,2,"C*BBSFX","corrc001","brega001","","9/F9D.2-3","T",1,0,1,3,0,"F"
0,2,0,1,"FX","corrc001","","brega001","4/P6S","T",1,0,1,0,3,"F"
1,0,1,1,"BFX","","","","63/G4M","T",1,0,0,0,0,"F"
1,1,1,0,"BX","","","","53/G56","T",1,0,0,0,0,"F"
1,2,1,1,"CBX","","","","8/L78XD+","T",1,0,0,0,0,"F"
0,0,2,2,"SBFFBT","","","","K","T",1,0,0,0,0,"F"
0,1,3,2,"FBBFBB","","","","W","T",0,1,0,0,0,"F"
0,1,1,0,"BX","maldm001","","","8/F8XD","T",1,0,1,0,0,"F"
0,2,0,0,"X","maldm001","","","7/F1S","T",1,0,1,0,0,"F"
1,0,2,1,"BFBX","","","","D9/L9L","T",0,2,0,0,0,"F"
1,0,1,1,"BCX","","calhk001","","9/F9LSF/FL","T",1,0,0,2,0,"F"
1,1,3,2,"B*BCSBB","","calhk001","","W","T",0,1,0,2,0,"F"
1,1,3,1,"BBCBX","walkc002","calhk001","","S9/G34+.2-H;1-3","T",0,1,3,4,0,"F"
1,1,1,2,".CFB1FX","escoe001","","walkc002","46(1)3/GDP/G4","T",2,0,0,0,3,"F"
0,0,0,1,"CX","","","","53/G5","T",1,0,0,0,0,"F"
0,1,0,0,"X","","","","D7/L7LD","T",0,2,0,0,0,"F"
0,1,3,0,"VVVV","","gurry001","","IW","T",0,1,0,2,0,"F"
0,1,1,2,"CFBX","corrc001","gurry001","","FC1/G6S-.2-H(NR);1-3(E1/TH);B-1","T",0,1,3,4,0,"F"
0,1,1,2,"1BFFFH","reddj001","","corrc001","HP.1-2","T",0,1,2,0,3,"F"
0,1,0,1,"CX","toroa001","reddj001","corrc001","S9/L9.3-H(UR);2-3;1-2","T",0,1,2,3,5,"F"
0,1,3,2,"..BBBCFB","tuckk001","toroa001","reddj001","W.3-H;2-3;1-2","T",0,1,2,3,4,"F"
0,1,0,0,"X","maldm001","tuckk001","toroa001","D7/G5.3-H;2-H;1-3","T",0,2,3,4,4,"F"
0,1,2,2,"CCBFBS","","sprig001","maldm001","K","T",1,0,0,2,3,"F"
0,2,3,2,"BBBCFFFX","","sprig001","maldm001","63/G6D+","T",1,0,0,2,3,"F"
1,0,1,2,"CCBS","","","","K","T",1,0,0,0,0,"F"
1,1,0,0,"X","","","","7/L7","T",1,0,0,0,0,"F"
1,2,1,2,"CCBFX","","","","S57/G56","T",0,1,0,0,0,"F"
1,2,2,0,"BBX","ahmen001","","","3/G3","T",1,0,1,0,0,"F"
0,0,2,2,"......BBCSS","","","","K","T",1,0,0,0,0,"F"
0,1,3,2,"CBSBBF*B","","","","W","T",0,1,0,0,0,"F"
0,1,0,2,"CFF1C","corrc001","","","K","T",1,0,1,0,0,"F"
0,2,2,1,"B1BCX","corrc001","","","7/L7D","T",1,0,1,0,0,"F"
1,0,0,1,"CX","","","","8/L8XD+","T",1,0,0,0,0,"F"
1,1,2,2,"BFFBX","","","","8/L8XD+","T",1,0,0,0,0,"F"
1,2,2,1,"BBCX","","","","6/P1S","T",1,0,0,0,0,"F"
0,0,0,1,"SX","","","","3/G3S-","T",1,0,0,0,0,"F"
0,1,3,1,"BFBBX","","","","63/G6S","T",1,0,0,0,0,"F"
0,2,1,2,"CBCH","","","","HP","T",0,1,0,0,0,"F"
0,2,1,1,"C*BX","sprig001","","","54(1)/FO/G56D.B-1","T",1,1,0,0,0,"F"
1,0,0,1,".CX","","","","D7/L7LS+","T",0,2,0,0,0,"F"
1,0,2,0,"BBX","","youna003","","41/G34.2-3","T",1,0,0,3,0,"F"
1,1,3,0,"B*BBB","","","youna003","W","T",0,1,0,0,3,"F"
1,1,2,2,"B.SBCF*S","kellc002","","youna003","K","T",1,0,1,0,3,"F"
1,2,3,1,"CBBBB","kellc002","","youna003","W.1-2","T",0,1,2,0,3,"F"
1,2,3,0,".BBBB","ahmen001","kellc002","youna003","W.3-H;2-3;1-2","T",0,1,2,3,4,"F"
1,2,2,2,"..CCF*BFFFBX","locat001","ahmen001","kellc002","8/L1S+","T",1,0,1,2,3,"F"
0,0,0,0,"...X","","","","63/G56","T",1,0,0,0,0,"F"
0,1,1,1,"BCX","","","","63/G6D","T",1,0,0,0,0,"F"
0,2,3,2,"SBBBCFX","","","","S9/G34","T",0,1,0,0,0,"F"
0,2,2,1,"SBBX","corrc001","","","S8/L8D+.1-2","T",0,1,2,0,0,"F"
0,2,1,1,"C*B.X","reddj001","corrc001","","3/L3","T",1,0,1,2,0,"F"
1,0,3,1,"CBBBB","","","","W","T",0,1,0,0,0,"F"
1,0,1,1,"BSX","vogts001","","","36(1)/FO/L3.B-1","T",1,1,0,0,0,"F"
1,1,0,1,"SX","lambj001","","","S9/L89.1-2","T",0,1,2,0,0,"F"
1,1,0,0,"X","youna003","lambj001","","S8/L8XD+.2-3;1-2","T",0,1,2,3,0,"F"
1,1,0,0,"X","perad001","youna003","lambj001","6/L6MD","T",1,0,1,2,3,"F"
1,2,2,2,"CBFBX","perad001","youna003","lambj001","6/L1S-","T",1,0,1,2,3,"F"
0,0,1,2,".CBFC","","","","K","T",1,0,0,0,0,"F"
0,1,0,0,"X","","","","8/F8XD+","T",1,0,0,0,0,"F"
0,2,1,2,"BSFS","","","","K","T",1,0,0,0,0,"F"
1,0,0,1,".CX","","","","53/G5","T",1,0,0,0,0,"F"
1,1,0,1,"FX","","","","8/F89","T",1,0,0,0,0,"F"
1,2,1,1,"BSX","","","","8/F78","T",1,0,0,0,0,"F"
0,0,0,2,"FCS","","","","K","T",1,0,0,0,0,"T"
0,1,0,0,"X","","","","8/L8XD","T",1,0,0,0,0,"F"
0,2,1,1,"CBX","","","","D7/L7LD+","T",0,2,0,0,0,"F"
0,2,2,0,"*BBX","","brega001","","8/L8XD+","T",1,0,0,2,0,"F"
1,0,1,0,"BX","","","","43/G4D","T",1,0,0,0,0,"F"
1,1,1,1,"BCX","","","","63/G4M","T",1,0,0,0,0,"F"
1,2,0,1,"SX","","","","53/G6","T",1,0,0,0,0,"F"
0,0,1,0,"BX","","","","D8/L89D+","T",0,2,0,0,0,"F"
0,0,3,2,"BS*BSBX","","corrc001","","S8/L78D.2-H","T",0,1,0,4,0,"F"
0,0,1,1,"S*BX","toroa001","","","HR8/L89XD/IPHR.1-H","T",0,4,4,0,0,"F"
0,0,2,0,"BB.X","","","","8/F8XD","T",1,0,0,0,0,"F"
0,1,0,2,"CSX","","","","8/F78D","T",1,0,0,0,0,"F"
0,2,3,0,"BBBX","","","","9/F9LSF/FL","T",1,0,0,0,0,"F"
1,0,2,1,"BFBX","","","","53/G5","T",1,0,0,0,0,"F"
1,1,0,1,"CX","","","","31/G34","T",1,0,0,0,0,"F"
1,2,3,2,"CBFBFFBFFX","","","","3/G3","T",1,0,0,0,0,"F"
0,0,3,1,"BBBCX","","","","7/F78","T",1,0,0,0,0,"F"
0,1,3,1,"BCBBX","","","","4/P6D","T",1,0,0,0,0,"F"
0,2,2,0,"BBX","","","","8/F8D","T",1,0,0,0,0,"F"
1,0,1,2,"CBSX","","","","3/G3","T",1,0,0,0,0,"F"
1,1,0,1,"CX","","","","43/G4S","T",1,0,0,0,0,"F"
1,2,1,2,"CBST","","","","K","T",1,0,0,0,0,"F"
0,0,2,2,"CBBFC","","","","K","T",1,0,0,0,0,"F"
0,1,2,1,"CBBX","","","","HR/F78XD","T",0,4,0,0,0,"F"
0,1,0,2,"CSS","","","","K","T",1,0,0,0,0,"F"
0,2,1,2,"CFBX","","","","9/F89","T",1,0,0,0,0,"F"
1,0,1,1,"BCX","","","","S9/L89","T",0,1,0,0,0,"F"
1,0,3,2,"F*BCBFBX","martk001","","","HR/L9LD.1-H","T",0,4,4,0,0,"F"
1,0,0,0,"X","","","","S1/BG25-","T",0,1,0,0,0,"F"
1,0,0,2,"CFFX","marts002","","","DGR/L78XD.1-3","T",0,2,3,0,0,"F"
1,0,0,0,"H","","walkc002","marts002","HP","T",0,1,0,2,3,"F"
1,0,2,2,".FFFBBX","escoe001","walkc002","marts002","T9/L9LD+.3-H;2-H;1-H","T",0,3,4,4,4,"F"
1,0,0,0,"X","","","perad001","D8/L89XD+.3-H","T",0,2,0,0,4,"F"
1,0,0,0,"X","","vogts001","","13/G4MS","T",1,0,0,2,0,"F"
1,1,1,1,"BSX","","vogts001","","5/L56","T",1,0,0,2,0,"F"
1,2,0,0,"X","","vogts001","","D8/L78XD+.2-H","T",0,2,0,4,0,"F"
1,2,2,2,"..SCBBX","","martk001","","S9/L9D.2-H","T",0,1,0,4,0,"F"
1,2,3,1,"BBBCB","calhk001","","","W.1-2","T",0,1,2,0,0,"F"
1,2,1,2,"FSFBFX","marts002","calhk001","","S7/G56+.2-H;1-3","T",0,1,3,4,0,"F"
1,2,0,1,"SX","walkc002","","marts002","7/F7L","T",1,0,1,0,3,"F"
0,0,3,1,"BCBBB","","","","W","T",0,1,0,0,0,"F"
0,0,3,1,"BF*BBX","maldm001","","","HR/L7D.1-H","T",0,4,4,0,0,"F"
0,0,2,2,"BCFFBS","","","","K","T",1,0,0,0,0,"F"
0,1,1,2,"BSSS","","","","K","T",1,0,0,0,0,"F"
0,2,3,1,"FBBBB","","","","W","T",0,1,0,0,0,"F"
0,2,2,2,".SBC>F11BS","gurry001","","","K","T",1,0,1,0,0,"F"
1,0,2,1,"BBCX","","","","7/F7LD","T",1,0,0,0,0,"F"
1,1,3,2,"CBFBFBFX","","","","4/P9LSF+/FL","T",1,0,0,0,0,"F"
1,2,0,1,"CX","","","","D9/G3","T",0,2,0,0,0,"F"
1,2,0,0,"X","","jay-j001","","HR/F78XD.2-H","T",0,4,0,4,0,"F"
1,2,0,1,"CX","","","","S4/G4M","T",0,1,0,0,0,"F"
1,2,2,2,"..11BFBSX","martk001","","","3/G3S","T",1,0,1,0,0,"F"
0,0,2,2,".CBFBS","","","","K","T",1,0,0,0,0,"F"
0,1,1,1,"CBX","","","","3/L3","T",1,0,0,0,0,"F"
0,2,1,2,"CCBS","","","","K","T",1,0,0,0,0,"F"
1,0,3,2,"BSFBFBB","","","","W","T",0,1,0,0,0,"F"
1,0,0,1,"FX","marts002","","","8/F8","T",1,0,1,0,0,"F"
1,1,0,0,">C","marts002","","","CS2(26)","F",1,0,0,0,0,"F"
1,2,1,2,">C.FBX","","","","4/L34D","T",1,0,0,0,0,"F"
0,0,3,2,".BFCBBX","","","","63/G6D","T",1,0,0,0,0,"F"
0,1,0,0,"X","","","","7/L7D+","T",1,0,0,0,0,"F"
0,2,2,2,"FBBSS","","","","K","T",1,0,0,0,0,"F"
1,0,0,0,"X","","","","HR/L89XD","T",0,4,0,0,0,"F"
1,0,0,1,"CX","","","","D9/F9L","T",0,2,0,0,0,"F"
1,0,0,0,"X","","vogts001","","63/G6D","T",1,0,0,2,0,"F"
1,1,1,2,"CS*BX","","vogts001","","53/G56S","T",1,0,0,2,0,"F"
1,2,1,0,"BX","","vogts001","","6/P8S","T",1,0,0,2,0,"F"
0,0,0,0,".X","","","","9/F9LD","T",1,0,0,0,0,"F"
0,1,2,2,"BBFFX","","","","HR/F7D","T",0,4,0,0,0,"F"
0,1,0,1,"FX","","","","S9/G4","T",0,1,0,0,0,"F"
0,1,3,2,"*SBSBFFFB111X","corrc001","","","7/F7D","T",1,0,1,0,0,"F"
0,2,3,0,"BBBB","corrc001","","","W.1-2","T",0,1,2,0,0,"F"
0,2,1,2,"..CFBC","tuckk001","corrc001","","K","T",1,0,1,2,0,"F"
1,0,1,2,"...FCBX","","","","8/F89XD+","T",1,0,0,0,0,"F"
1,1,2,0,"BBX","","","","S7/L7D","T",0,1,0,0,0,"F"
1,1,1,1,"BFB","marts002","","","WP.1-2","F",0,0,2,0,0,"F"
1,1,2,2,"BFB.FS","","marts002","","K","T",1,0,0,2,0,"F"
1,2,0,0,"X","","marts002","","HR/L9LD.2-H","T",0,4,0,4,0,"F"
1,2,3,1,"CBBBB","","","","W","T",0,1,0,0,0,"F"
1,2,3,2,"BBCBC>B","perad001","","","W.1-2","T",0,1,2,0,0,"F"
1,2,3,1,".BBCBX","vogts001","perad001","","8/L8XD+","T",1,0,1,2,0,"F"
0,0,0,0,"..X","","","","7/L7LD","T",1,0,0,0,0,"F"
0,1,3,2,"BBBCFB","","","","W","T",0,1,0,0,0,"F"
0,1,0,1,"CX","sprig001","","","64(1)3/GDP/G6","T",2,0,0,0,0,"F"
0,0,2,2,"BCBCFC","","","","K","T",1,0,0,0,0,"T"
0,1,0,2,"CL*S","","","","K.BX1(23)","T",1,0,0,0,0,"F"
0,2,3,2,"BCBCBC","","","","K","T",1,0,0,0,0,"F"
1,0,1,1,"BCX","","","","63/G6M","T",1,0,0,0,0,"F"
1,1,1,2,"CSFFBX","","","","31/G34","T",1,0,0,0,0,"F"
1,2,0,0,"X","","","","S7/L78D","T",0,1,0,0,0,"F"
1,2,2,2,"BSS11*BX","marts002","","","53/G56","T",1,0,1,0,0,"F"
0,0,1,1,"CBX","","","","53/G6D","T",1,0,0,0,0,"F"
0,1,3,2,"BBBCFFFFFFX","","","","9/F9LF/FL","T",1,0,0,0,0,"F"
0,2,1,0,"BX","","","","S7/L7D+","T",0,1,0,0,0,"F"
0,2,0,2,"1C11F11S","corrc001","","","K","T",1,0,1,0,0,"F"
1,0,2,1,"BSBX","","","","6/P4S","T",1,0,0,0,0,"F"
1,1,3,1,"BCBBB","","","","W","T",0,1,0,0,0,"F"
1,1,0,2,"FFX","perad001","","","64(1)3/GDP/G6D","T",2,0,0,0,0,"F"
0,0,2,2,"CFBBX","","","","43/G34D","T",1,0,0,0,0,"F"
0,1,3,2,"SCBBBB","","","","W","T",0,1,0,0,0,"F"
0,1,0,0,"1X","maldm001","","","64(1)3/GDP/G6","T",2,0,0,0,0,"F"
1,0,3,2,"CFBBBB","","","","W","T",0,1,0,0,0,"F"
1,0,2,1,"1CBBX","youna003","","","7/F7LF/FL","T",1,0,1,0,0,"F"
1,1,2,2,"BFBFFX","youna003","","","S7/F7S.1-2","T",0,1,2,0,0,"F"
1,1,1,2,"CS*BS","martk001","youna003","","K","T",1,0,1,2,0,"F"
1,2,0,1,"CX","martk001","youna003","","63/G6S","T",1,0,1,2,0,"F"
0,0,0,0,"X","","","","S9/L9D","T",0,1,0,0,0,"F"
0,0,2,2,"11B1S111B1F1F1F11S","altuj001","","","K","T",1,0,1,0,0,"F"
0,1,0,0,">B","altuj001","","","SB2","F",0,0,2,0,0,"F"
0,1,3,1,">B.FB*BX","","altuj001","","3/G3.2-3","T",1,0,0,3,0,"F"
0,2,0,0,"X","","","altuj001","S6/G5.3-H","T",0,1,0,0,4,"F"
0,2,3,2,"B1C1CB1B>S","gurry001","","","K","T",1,0,1,0,0,"F"
1,0,2,2,"FSBBX","","","","14/L4MD","T",1,0,0,0,0,"F"
1,1,2,1,"CBBX","","","","8/L78XD+","T",1,0,0,0,0,"F"
1,2,3,2,"BBFBSB","","","","W","T",0,1,0,0,0,"F"
1,2,2,0,"BBX","perad001","","","9/F9LS","T",1,0,1,0,0,"F"
0,0,1,1,"CBX","","","","S9/L9L","T",0,1,0,0,0,"F"
0,0,0,1,"1C1X","reddj001","","","46(1)3/GDP/G34","T",2,0,0,0,0,"F"
0,2,0,1,"SX","","","","5/P56","T",1,0,0,0,0,"F"
1,0,3,2,"CSBBFBFX","","","","8/L8D+","T",1,0,0,0,0,"F"
1,1,2,2,"SBFFBX","","","","53/G56","T",1,0,0,0,0,"F"
1,2,0,0,"X","","","","43/G34D","T",1,0,0,0,0,"F"
0,0,3,1,"SBBBX","","","","8/L89D","T",1,0,0,0,0,"F"
0,1,1,0,"BX","","","","HR/F7D","T",0,4,0,0,0,"F"
0,1,3,2,"CBTBFBX","","","","D7/G5+","T",0,2,0,0,0,"F"
0,1,1,1,".C*BX","","brega001","","43/G34D.2-3","T",1,0,0,3,0,"F"
0,2,0,1,"FX","","","brega001","7/L78D","T",1,0,0,0,3,"F"
1,0,1,0,".BX","","","","8/F89XD","T",1,0,0,0,0,"F"
1,1,1,1,"BCX","","","","D9/L9L","T",0,2,0,0,0,"F"
1,1,2,1,"BFBX","","marts002","","D8/F8XD.2-H","T",0,2,0,4,0,"F"
1,1,1,2,"CFFBFX","","walkc002","","S9/L9.2-3","T",0,1,0,3,0,"F"
1,1,1,2,"..CF*BX","escoe001","","walkc002","S9/G34+.3-H;1-2","T",0,1,2,0,4,"F"
1,1,3,1,"BBCB*B","perad001","escoe001","","W.2-3;1-2","T",0,1,2,3,0,"F"
1,1,1,2,".CSFBX","kellc002","perad001","escoe001","46(1)/FO/G4D.3-H;2-3;B-1","T",1,1,0,3,4,"F"
1,2,1,2,"1BCFC","youna003","","perad001","K","T",1,0,1,0,3,"F"
0,0,2,1,".BFBX","","","","9/F9","T",1,0,0,0,0,"F"
0,1,3,2,"BFBBSFS","","","","K","T",1,0,0,0,0,"F"
0,2,1,0,"BX","","","","3/G34","T",1,0,0,0,0,"F"
1,0,1,0,".BX","","","","S9/G4+","T",0,1,0,0,0,"F"
1,0,2,1,"CBBX","martk001","","","46(1)3/GDP/G34","T",2,0,0,0,0,"F"
1,2,3,1,"BBFBX","","","","D7/L78XD","T",0,2,0,0,0,"F"
1,2,0,0,"..X","","marts002","","53/G56","T",1,0,0,2,0,"F"
0,0,3,2,".BBBCFC","","","","K","T",1,0,0,0,0,"F"
0,1,1,2,"BCFX","","","","5/L56","T",1,0,0,0,0,"F"
0,2,0,1,"CX","","","","D7/L7L+","T",0,2,0,0,0,"F"
0,2,2,2,"BCBFX","","altuj001","","HR/L78XD.2-H","T",0,4,0,4,0,"F"
0,2,1,1,"..BFX","","","","53/G56D+","T",1,0,0,0,0,"F"
1,0,0,1,"CX","","","","43/G34","T",1,0,0,0,0,"F"
1,1,3,2,"BCBBCX","","","","13/G13","T",1,0,0,0,0,"F"
1,2,0,2,"CSFT","","","","K","T",1,0,0,0,0,"F"
0,0,0,2,".SST","","","","K","T",1,0,0,0,0,"F"
0,1,1,2,"CCBX","","","","E6/TH/G56.B-1","T",0,1,0,0,0,"F"
0,1,0,0,"X","corrc001","","","7/F78","T",1,0,1,0,0,"F"
0,2,0,0,"X","corrc001","","","43/G89S","T",1,0,1,0,0,"F"
1,0,3,2,".BBFBFB","","","","W","T",0,1,0,0,0,"F"
1,0,0,0,".1X","locat001","","","S67/G56.1-2","T",0,1,2,0,0,"F"
1,0,0,2,"FFX","ahmen001","locat001","","S7/L7L.2-3;1-2","T",0,1,2,3,0,"F"
1,0,2,2,"BCSBX","martk001","ahmen001","locat001","D9/L9LD.3-H;2-H;1-3","T",0,2,3,4,4,"F"
0,0,3,2,"BBBCCS","","","","K","T",1,0,0,0,0,"T"
0,1,1,2,"CFBS","","","","K","T",1,0,0,0,0,"F"
0,2,1,1,"CBX","","","","E5/TH/G5.B-2","T",0,2,0,0,0,"F"
0,2,2,2,"SBSBC","","machm001","","K","T",1,0,0,2,0,"F"
1,0,0,0,"X","","","","9/L9D+","T",1,0,0,0,0,"F"
1,1,3,2,"CBSBBC","","","","K","T",1,0,0,0,0,"F"
1,2,0,0,"X","","","","8/F8XD","T",1,0,0,0,0,"F"
0,0,1,2,"FCBFFX","","","","S9/L89","T",0,1,0,0,0,"F"
0,0,2,2,"BBCSS","hosme001","","","K","T",1,0,1,0,0,"F"
0,1,1,1,"1BC>B","hosme001","","","SB2","F",0,0,2,0,0,"F"
0,1,2,1,"1BC>B.X","","hosme001","","3/G3.2-3","T",1,0,0,3,0,"F"
0,2,0,1,"FX","","","hosme001","8/L8XD","T",1,0,0,0,3,"F"
1,0,3,1,"BBFBX","","","","7/L78D","T",1,0,0,0,0,"F"
1,1,3,2,"SBBFBX","","","","63/G6D+","T",1,0,0,0,0,"F"
1,2,1,2,"CBFFFC","","","","K","T",1,0,0,0,0,"F"
0,0,1,0,"BX","","","","31/G34","T",1,0,0,0,0,"F"
0,1,1,1,"FBX","","","","S5/G5.B-2(E5/TH)","T",0,2,0,0,0,"F"
0,1,0,2,"FFFX","","tatif002","","S4/G4S.2-3","T",0,1,0,3,0,"F"
0,1,1,0,"*B>B","grist001","","tatif002","SB2","F",0,0,2,0,3,"F"
0,1,3,0,"*B>B.VV","","grist001","tatif002","IW","T",0,1,0,2,3,"F"
0,1,0,2,"FFS","machm001","grist001","tatif002","K","T",1,0,1,2,3,"F"
0,2,0,1,"CX","machm001","grist001","tatif002","8/L8XD","T",1,0,1,2,3,"F"
1,0,3,0,"BBBB","","","","W","T",0,1,0,0,0,"F"
1,0,1,2,"CF*BX","youna003","","","6/P56D","T",1,0,1,0,0,"F"
1,1,1,2,"*BF1SC","youna003","","","K","T",1,0,1,0,0,"F"
1,2,0,1,"C11X","youna003","","","2/P2F/FL","T",1,0,1,0,0,"F"
0,0,1,0,"BX","","","","31/G34S","T",1,0,0,0,0,"F"
0,1,0,1,"CX","","","","31/G3+","T",1,0,0,0,0,"F"
0,2,1,1,"BSX","","","","8/L8XD","T",1,0,0,0,0,"F"
1,0,3,2,"BFBBFC","","","","K","T",1,0,0,0,0,"F"
1,1,0,0,"X","","","","63/G78S+","T",1,0,0,0,0,"F"
1,2,1,2,"CBCX","","","","S5/G34","T",0,1,0,0,0,"F"
1,2,0,2,"CF*S","perad001","","","K","T",1,0,1,0,0,"F"
0,0,2,1,"BBCX","","","","43/G4","T",1,0,0,0,0,"F"
0,1,3,2,"BSBBCFX","","","","9/L89D+","T",1,0,0,0,0,"F"
0,2,0,0,"X","","","","13/G34S-","T",1,0,0,0,0,"F"
1,0,0,1,"CX","","","","7/F7LS","T",1,0,0,0,0,"F"
1,1,2,2,"BBSSS","","","","K","T",1,0,0,0,0,"F"
1,2,0,0,"X","","","","S6/BG25","T",0,1,0,0,0,"F"
1,2,2,2,"F1BC1BS","varsd001","","","K","T",1,0,1,0,0,"F"
0,0,3,1,"FBBBX","","","","8/F8D","T",1,0,0,0,0,"F"
0,1,1,2,"CFBS","","","","K","T",1,0,0,0,0,"F"
0,2,2,2,"BBTCX","","","","43/G34D","T",1,0,0,0,0,"F"
1,0,0,1,"SX","","","","HR/L9LD","T",0,4,0,0,0,"F"
1,0,1,1,"FBX","","","","3/G3","T",1,0,0,0,0,"F"
1,1,3,2,"OBBFBFS","","","","K","T",1,0,0,0,0,"F"
1,2,0,2,"SSX","","","","8/L8XD","T",1,0,0,0,0,"F"
0,0,1,2,".CBF*S","","","","K","T",1,0,0,0,0,"F"
0,1,3,2,"BCBBCB","","","","W","T",0,1,0,0,0,"F"
0,1,1,0,"B11X","cronj001","","","4/P34","T",1,0,1,0,0,"F"
0,2,3,1,"..1BBC1BX","cronj001","","","6/P78S","T",1,0,1,0,0,"F"
1,0,2,1,".BFBX","","","","6/P56D","T",1,0,0,0,0,"F"
1,1,0,0,"X","","","","53/G4D","T",1,0,0,0,0,"F"
1,2,3,2,"CSFBBBX","","","","53/G34D","T",1,0,0,0,0,"F"
0,0,3,2,".BBBCCX","","","","63/G56D","T",1,0,0,0,0,"F"
0,1,1,2,"CBCX","","","","D9/L9LD+","T",0,2,0,0,0,"F"
0,1,1,2,"BCFS","","grist001","","K","T",1,0,0,2,0,"F"
0,2,1,1,"BFX","","grist001","","9/L9","T",1,0,0,2,0,"F"
1,0,3,2,".SBCBBS","","","","K+WP.B-1","T",0,1,0,0,0,"F"
1,0,1,0,"..B1X","varsd001","","","S57/G56+.1-3","T",0,1,3,0,0,"F"
1,0,1,2,"S*BCX","ahmen001","","varsd001","S9/L9LS.3-H;1-3","T",0,1,3,0,4,"F"
1,0,0,1,"TX","calhk001","","ahmen001","8/SF/L8XD+.3-H","T",1,0,1,0,4,"F"
1,1,0,0,"B","calhk001","","","WP.1-2","F",0,0,2,0,0,"F"
1,1,1,0,"B..X","","calhk001","","D7/L7LD+.2-H","T",0,2,0,4,0,"F"
1,1,0,1,"FX","","marts002","","S9/L9+.2-H","T",0,1,0,4,0,"F"
1,1,1,2,"*BSFS","perad001","","","K","T",1,0,1,0,0,"F"
1,2,0,0,"..X","perad001","","","S8/G4.1-3","T",0,1,3,0,0,"F"
1,2,3,0,"BBVV","vogts001","","perad001","IW.1-2","T",0,1,2,0,3,"F"
1,2,2,2,"CBBCC","escoe001","vogts001","perad001","K","T",1,0,1,2,3,"F"
0,0,1,1,".CBX","","","","43/G34","T",1,0,0,0,0,"F"
0,1,2,2,"CBCBX","","","","D9/L9L+","T",0,2,0,0,0,"F"
0,1,2,1,"CB*BX","","myerw001","","S8/L78D.2-H","T",0,1,0,4,0,"F"
0,1,0,2,"..CFFF*S","cronj001","","","K","T",1,0,1,0,0,"F"
0,2,1,2,"FFBX","cronj001","","","54(1)/FO/G56+.B-1","T",1,1,0,0,0,"F"
0,0,3,2,"CFBBBS","","","","K","T",1,0,0,0,0,"T"
0,1,2,2,"CSFBBC","","","","K","T",1,0,0,0,0,"F"
0,2,2,0,"BBX","","","","HR/L7LD","T",0,4,0,0,0,"F"
0,2,1,1,"CBX","","","","4/L89S+","T",1,0,0,0,0,"F"
1,0,2,2,"BFBCFS","","","","K","T",1,0,0,0,0,"F"
1,1,3,2,"CBBSBX","","","","53/G34D","T",1,0,0,0,0,"F"
1,2,0,1,"CX","","","","53/G5","T",1,0,0,0,0,"F"
0,0,2,1,"CBBX","","","","D7/L78D+","T",0,2,0,0,0,"F"
0,0,1,2,"LBS*S","","myerw001","","K","T",1,0,0,2,0,"F"
0,1,0,1,"CX","","myerw001","","43/G4D.2-3","T",1,0,0,3,0,"F"
0,2,0,1,"FX","","","myerw001","8/L8XD","T",1,0,0,0,3,"F"
1,0,1,2,"CCFBFX","","","","S7/G5","T",0,1,0,0,0,"F"
1,0,1,0,"..BX","perad001","","","8/L8XD+","T",1,0,1,0,0,"F"
1,1,1,2,"FBF>B","perad001","","","SB2","F",0,0,2,0,0,"F"
1,1,3,2,"FBF>B.BX","","perad001","","63/G8S+.2-3","T",1,0,0,3,0,"F"
1,2,1,2,"C*BFS","","","perad001","K","T",1,0,0,0,3,"F"
0,0,1,2,"BFCX","","","","43/G34","T",1,0,0,0,0,"F"
0,1,0,2,"CFX","","","","13/G23-","T",1,0,0,0,0,"F"
0,2,0,0,"X","","","","43/G6M","T",1,0,0,0,0,"F"
1,0,2,1,"BBCX","","","","D7/G5S-","T",0,2,0,0,0,"F"
1,0,1,2,"F*BFC","","varsd001","","K","T",1,0,0,2,0,"F"
1,1,0,0,"X","","varsd001","","7/F7D","T",1,0,0,2,0,"F"
1,2,1,2,"BCSS","","varsd001","","K","T",1,0,0,2,0,"F"
0,0,1,2,"SCFBS","","","","K","T",1,0,0,0,0,"F"
0,1,1,1,"BFX","","","","S7/G56+","T",0,1,0,0,0,"F"
0,1,2,2,"1SS*BFBS","hosme001","","","K","T",1,0,1,0,0,"F"
0,2,1,1,"1CBX","hosme001","","","S9/L9S.1-3","T",0,1,3,0,0,"F"
0,2,3,2,"SBC11BB>B","profj001","","hosme001","W.1-2","T",0,1,2,0,3,"F"
0,2,0,0,".X","cronj001","profj001","hosme001","64(1)/FO/G6.B-1","T",1,1,0,2,3,"F"
1,0,1,2,"BFFFS","","","","K","T",1,0,0,0,0,"F"
1,1,1,0,".BX","","","","S9/L9S","T",0,1,0,0,0,"F"
1,1,3,2,"11*BFFF1B*B1X","perad001","","","D8/F8XD+.1XH(862)","T",1,2,0,0,0,"F"
1,2,3,1,".CBBVV","","walkc002","","IW","T",0,1,0,2,0,"F"
1,2,1,2,"*BCFX","escoe001","walkc002","","S9/L89.2-H;1-3","T",0,1,3,4,0,"F"
1,2,0,0,"..X","kellc002","","escoe001","63/G4M","T",1,0,1,0,3,"F"
0,0,0,0,"X","","","","1/BP1S-","T",1,0,0,0,0,"F"
0,1,2,2,"..CBFBX","","","","63/G6MS","T",1,0,0,0,0,"F"
0,2,3,1,"SBBBB","","","","W","T",0,1,0,0,0,"F"
0,2,2,2,"B1CC*BX","machm001","","","54(1)/FO/G5.B-1","T",1,1,0,0,0,"F"
1,0,1,1,"...CBX","","","","7/F7S","T",1,0,0,0,0,"F"
1,1,0,0,"X","","","","43/G1S","T",1,0,0,0,0,"F"
1,2,0,1,"CX","","","","S7/G6+","T",0,1,0,0,0,"F"
1,2,1,2,"1SBC1H","martk001","","","HP.1-2","T",0,1,2,0,0,"F"
1,2,0,0,"X","marts002","martk001","","43/G4","T",1,0,1,2,0,"F"
0,0,0,0,".X","","","","3/G3+","T",1,0,0,0,0,"F"
0,1,1,2,"CCBX","","","","8/F8D","T",1,0,0,0,0,"F"
0,2,1,2,"BFSX","","","","53/G4","T",1,0,0,0,0,"F"
1,0,0,0,".X","","","","S7/L7D+","T",0,1,0,0,0,"F"
1,0,3,0,"B1BBB","walkc002","","","W.1-2","T",0,1,2,0,0,"F"
1,0,1,0,".BX","escoe001","walkc002","","S7/L7D.2-3;1-2","T",0,1,2,3,0,"F"
1,0,0,2,"CSS","kellc002","escoe001","walkc002","K","T",1,0,1,2,3,"F"
1,1,3,1,"*BBBCX","kellc002","escoe001","walkc002","D7/L7+.3-H;2-H;1-3","T",0,2,3,4,4,"F"
1,1,1,2,"..CFBX","","ahmen001","kellc002","43/G4.3-H;2-3","T",1,0,0,3,4,"F"
1,2,0,0,"X","","","ahmen001","S4/BG34.3-H","T",0,1,0,0,4,"F"
1,2,0,0,"X","martk001","","","54(1)/FO/G56.B-1","T",1,1,0,0,0,"F"
0,0,2,0,"BBX","","","","43/G13","T",1,0,0,0,0,"F"
0,1,3,2,"BBCFBF*S","","","","K","T",1,0,0,0,0,"F"
0,2,1,2,"CFBH","","","","HP","T",0,1,0,0,0,"F"
0,2,1,2,"CBSS","grist001","","","K","T",1,0,1,0,0,"F"
1,0,2,2,"..CBBFX","","","","S9/L89","T",0,1,0,0,0,"F"
1,0,2,2,"BSBS1S","perad001","","","K","T",1,0,1,0,0,"F"
1,1,3,1,"B*BF1B>B","perad001","","","W.1-3(E2/TH)","T",0,1,3,0,0,"F"
1,1,0,0,"X","escoe001","","perad001","S5/G5.3-H;1-2","T",0,1,2,0,4,"F"
1,1,0,2,"SSX","kellc002","escoe001","","8/F89XD.2-3","T",1,0,1,3,0,"F"
1,2,2,2,"1B1SF*BX","kellc002","","escoe001","S8/G4M.3-H;1-2","T",0,1,2,0,4,"F"
1,2,1,2,"BTFS","ahmen001","kellc002","","K","T",1,0,1,2,0,"F"
0,0,1,2,".CBFFX","","","","7/F78D","T",1,0,0,0,0,"F"
0,1,3,2,"FFBBBB","","","","W","T",0,1,0,0,0,"F"
0,1,0,0,"X","tatif002","","","HR/L89XD.1-H","T",0,4,4,0,0,"F"
0,1,3,2,"CCBBBFFB","","","","W","T",0,1,0,0,0,"F"
0,1,1,2,".C1BSS","garcg002","","","K","T",1,0,1,0,0,"F"
0,2,3,2,"CBBBC>B","garcg002","","","W.1-2","T",0,1,2,0,0,"F"
0,2,2,2,"..BBSFX","cronj001","garcg002","","2/P2F/FL","T",1,0,1,2,0,"F"
1,0,1,1,"CBX","","","","3/G34","T",1,0,0,0,0,"F"
1,1,1,1,"BSX","","","","S9/L9","T",0,1,0,0,0,"F"
1,1,0,1,"11FX","marts002","","","8/F8","T",1,0,1,0,0,"F"
1,2,2,0,"1BB1X","marts002","","","8/F89XD","T",1,0,1,0,0,"F"
0,0,1,0,"BX","","","","8/F78XD+","T",1,0,0,0,0,"F"
0,1,1,1,"CBX","","","","S9/G4","T",0,1,0,0,0,"F"
0,1,0,0,"X","olive001","","","D7/L7LD+.1-3","T",0,2,3,0,0,"F"
0,1,0,0,"X","","machm001","olive001","DGR/L89XD+.3-H;2-H","T",0,2,0,4,4,"F"
0,1,2,2,"BSBFS","","tatif002","","K","T",1,0,0,2,0,"F"
0,2,0,0,"X","","tatif002","","S8/L8.2-H","T",0,1,0,4,0,"F"
0,2,2,1,"..C1111BB1>X","matej003","","","S8/G4.1XH(842)","T",1,1,0,0,0,"F"
0,0,1,2,"CCBS","","","","K","T",1,0,0,0,0,"T"
0,1,3,2,"FSBBFBB","","","","W","T",0,1,0,0,0,"F"
0,1,2,1,"BC*BX","machm001","","","64(1)3/GDP/G6D","T",2,0,0,0,0,"F"
1,0,1,1,"BFX","","","","63/G6MD","T",1,0,0,0,0,"F"
1,1,1,1,"BCX","","","","43/G4S","T",1,0,0,0,0,"F"
1,2,0,0,"X","","","","53/G56","T",1,0,0,0,0,"F"
0,0,3,2,"BBCBFX","","","","8/F8D","T",1,0,0,0,0,"F"
0,1,3,1,"BBBCB","","","","W","T",0,1,0,0,0,"F"
0,1,1,2,"BC1C>S","phamt001","","","K+SB2","T",1,0,2,0,0,"F"
0,2,1,1,"C*BB","","phamt001","","WP.2-3","F",0,0,0,3,0,"F"
0,2,2,2,"C*BB.FX","","","phamt001","7/F7LD","T",1,0,0,0,3,"F"
1,0,1,1,"BCX","","","","31/G3D","T",1,0,0,0,0,"F"
1,1,1,2,"CFBX","","","","53/G5","T",1,0,0,0,0,"F"
1,2,0,0,"X","","","","5/L9S+","T",1,0,0,0,0,"F"
0,0,3,1,"BCBBB","","","","W","T",0,1,0,0,0,"F"
0,0,2,2,"CF*B*BS","hedga001","","","K","T",1,0,1,0,0,"F"
0,1,1,1,"1C*BX","hedga001","","","7/F78XD","T",1,0,1,0,0,"F"
0,2,2,0,"1BBX","hedga001","","","4/P4D","T",1,0,1,0,0,"F"
1,0,3,2,"BCBSBB","","","","W","T",0,1,0,0,0,"F"
1,0,2,2,"CBBSS","vogts001","","","K","T",1,0,1,0,0,"F"
1,1,1,0,"BX","vogts001","","","4/P4MD","T",1,0,1,0,0,"F"
1,2,2,2,"BF*B*SX","vogts001","","","HR/F78XD.1-H","T",0,4,4,0,0,"F"
1,2,1,2,"SBFX","","","","S7/L78XD+","T",0,1,0,0,0,"F"
1,2,1,2,"1BSF1>X","martk001","","","53/G6","T",1,0,1,0,0,"F"
0,0,1,2,"CBSH","","","","HP","T",0,1,0,0,0,"F"
0,0,2,0,"*B*B1X","tatif002","","","9/F9","T",1,0,1,0,0,"F"
0,1,0,0,"1X","tatif002","","","9/F9S","T",1,0,1,0,0,"F"
0,2,0,0,"S","tatif002","","","WP.1-2","F",0,0,2,0,0,"F"
0,2,2,1,"S.BBX","","tatif002","","8/F8XD","T",1,0,0,2,0,"F"
1,0,2,2,"CBFBX","","","","31/G3D","T",1,0,0,0,0,"F"
1,1,1,0,"BX","","","","63/G6+","T",1,0,0,0,0,"F"
1,2,2,2,"CBBFX","","","","S6/G6M","T",0,1,0,0,0,"F"
1,2,0,0,"X","escoe001","","","S9/L9L+.1-3","T",0,1,3,0,0,"F"
1,2,0,1,"SX","vogts001","","escoe001","9/F9D","T",1,0,1,0,3,"F"
0,0,1,1,"CBX","","","","53/G5+","T",1,0,0,0,0,"F"
0,1,3,1,"BCBBB","","","","W","T",0,1,0,0,0,"F"
0,1,2,1,"*BB.CX","hedga001","","","4/P3D","T",1,0,1,0,0,"F"
0,2,3,2,"1BBBCF>F>F>B","hedga001","","","W.1-2","T",0,1,2,0,0,"F"
0,2,3,2,".C*BFBB>*S","grist001","hedga001","","K","T",1,0,1,2,0,"F"
1,0,2,2,"CBBFX","","","","7/L7D","T",1,0,0,0,0,"F"
1,1,0,2,"CFX","","","","43/G4","T",1,0,0,0,0,"F"
1,2,0,1,"CX","","","","S8/G4M","T",0,1,0,0,0,"F"
1,2,0,0,"1>C","martk001","","","SB2","F",0,0,2,0,0,"F"
1,2,0,1,"1>C.X","","martk001","","8/L8","T",1,0,0,2,0,"F"
0,0,3,2,"BCSBBB","","","","W","T",0,1,0,0,0,"F"
0,0,1,1,"..BCX","tatif002","","","HR/F89XD.1-H","T",0,4,4,0,0,"F"
0,0,0,1,"CX","","","","S1/G56S","T",0,1,0,0,0,"F"
0,0,2,1,"1B1BSX","phamt001","","","S8/L8.1-3","T",0,1,3,0,0,"F"
0,0,1,2,"..C*BFFX","cronj001","","phamt001","S4/P89S.3-H;1-3","T",0,1,3,0,4,"F"
0,0,0,0,"X","naylj001","","cronj001","FC/BG1S-.3XH(12);1-2;B-1","T",1,1,2,0,0,"F"
0,1,0,1,"CX","hedga001","naylj001","","13/SH/BG2-.2-3;1-2","T",1,0,2,3,0,"F"
0,2,1,2,"S*BFX","","hedga001","naylj001","6/L4MD","T",1,0,0,2,3,"F"
1,0,2,2,".BFFBX","","","","3/P3S","T",1,0,0,0,0,"F"
1,1,1,1,"CBX","","","","63/G6","T",1,0,0,0,0,"F"
1,2,0,0,"X","","","","S8/L8+","T",0,1,0,0,0,"F"
1,2,0,0,"X","escoe001","","","2/G2","T",1,0,1,0,0,"F"
0,0,3,1,".BCBBB","","","","W","T",0,1,0,0,0,"F"
0,0,2,2,"C1C1B*B1S","machm001","","","K","T",1,0,1,0,0,"F"
0,1,3,1,"*BBBCB","machm001","","","W.1-2","T",0,1,2,0,0,"F"
0,1,1,1,".BSX","hosme001","machm001","","FC6/G6.2-H(E6/TH)(NR)(UR);1-3;B-2","T",0,2,3,5,0,"F"
0,1,1,2,"BCFFT","","phamt001","hosme001","K","T",1,0,0,2,3,"F"
0,2,0,1,"FX","","phamt001","hosme001","43/G34","T",1,0,0,2,3,"F"
1,0,2,2,"FCBB*S","","","","K","T",1,0,0,0,0,"F"
1,1,3,1,"BBBCB","","","","W","T",0,1,0,0,0,"F"
1,1,2,0,"*BB.X","jay-j001","","","56(1)3/GDP/G4","T",2,0,0,0,0,"F"
0,0,2,2,"CBCBS","","","","K","T",1,0,0,0,0,"F"
0,1,0,2,"SFC","","","","K","T",1,0,0,0,0,"F"
0,2,0,0,"X","","","","5/P5DF/FL","T",1,0,0,0,0,"F"
1,0,0,2,"..SSC","","","","K","T",1,0,0,0,0,"F"
1,1,3,2,"SBCBBX","","","","S9/F89","T",0,1,0,0,0,"F"
1,1,0,0,"X","marts002","","","9/F89","T",1,0,1,0,0,"F"
1,2,3,2,"SBTBB>F>B","marts002","","","W.1-2","T",0,1,2,0,0,"F"
1,2,1,1,".FBX","locat001","marts002","","HR/L9D.2-H;1-H","T",0,4,4,4,0,"F"
1,2,2,2,"CBSBT","","","","K","T",1,0,0,0,0,"F"
0,0,3,2,"..FSBBBB","","","","W","T",0,1,0,0,0,"F"
0,0,2,0,"BB.X","machm001","","","54(1)/FO/G5.B-1","T",1,1,0,0,0,"F"
0,1,3,2,"1F1BBBS>X","tatif002","","","341/G34.1-3","T",1,0,3,0,0,"F"
0,2,1,2,".BCF....S","","","tatif002","K","T",1,0,0,0,3,"F"
0,0,1,0,"BX","","","","43/G6MD","T",1,0,0,0,0,"T"
0,1,0,1,"CX","","","","31/G34D","T",1,0,0,0,0,"F"
0,2,3,2,"BBCFFBX","","","","43/G6","T",1,0,0,0,0,"F"
1,0,1,0,"BX","","","","9/L9LD","T",1,0,0,0,0,"F"
1,1,0,1,"CX","","","","7/F7L","T",1,0,0,0,0,"F"
1,2,3,2,"CBSBBB","","","","W","T",0,1,0,0,0,"F"
1,2,1,2,"1BCF1S","marts002","","","K","T",1,0,1,0,0,"F"
0,0,2,2,"BCSBS","","","","K","T",1,0,0,0,0,"F"
0,1,3,2,"BCBBCX","","","","7/L7D","T",1,0,0,0,0,"F"
0,2,1,0,"BX","","","","9/F9LD+","T",1,0,0,0,0,"F"
1,0,3,1,"BBBCX","","","","S8/G6+","T",0,1,0,0,0,"F"
1,0,0,0,"X","walkc002","","","D7/L7LD.1-3","T",0,2,3,0,0,"F"
1,0,1,2,"*BCFS","","escoe001","walkc002","K","T",1,0,0,2,3,"F"
1,1,0,2,"FCFS","","escoe001","walkc002","K","T",1,0,0,2,3,"F"
1,2,3,2,"*BBCBCB","","escoe001","walkc002","W","T",0,1,0,2,3,"F"
1,2,0,0,"X","ahmen001","escoe001","walkc002","3/G3","T",1,0,1,2,3,"F"
0,0,3,2,"BSBSFBS","","","","K","T",1,0,0,0,0,"F"
0,1,1,2,"CCFBX","","","","53/G6S","T",1,0,0,0,0,"F"
0,2,2,2,"FBBSS","","","","K","T",1,0,0,0,0,"F"
1,0,0,2,"CSX","","","","6/P6","T",1,0,0,0,0,"F"
1,1,3,2,"CBBBFFFFX","","","","43/G4","T",1,0,0,0,0,"F"
1,2,1,1,"BFX","","","","HR/L9D","T",0,4,0,0,0,"F"
1,2,1,0,"BX","","","","63/G6S","T",1,0,0,0,0,"F"
0,0,3,2,"BCFBBB","","","","W","T",0,1,0,0,0,"F"
0,0,1,0,"BX","semim001","","","8/L8XD","T",1,0,1,0,0,"F"
0,1,2,0,"11B1B1X","semim001","","","34(1)/FO/G4.B-1","T",1,1,0,0,0,"F"
0,2,0,0,"1X","chapm001","","","63/G4","T",1,0,1,0,0,"F"
1,0,1,1,"BFX","","","","43/G34","T",1,0,0,0,0,"F"
1,1,1,0,"BX","","","","63/G6D+","T",1,0,0,0,0,"F"
1,2,1,1,"BCH","","","","HP","T",0,1,0,0,0,"F"
1,2,1,1,"BCX","cronk001","","","23/BG23","T",1,0,1,0,0,"F"
0,0,0,2,"CCF*S","","","","K","T",1,0,0,0,0,"F"
0,1,0,2,"CFX","","","","63/G6MD","T",1,0,0,0,0,"F"
0,2,3,2,"BBSFFBFS","","","","K","T",1,0,0,0,0,"F"
1,0,3,2,"BBBCCFB","","","","W","T",0,1,0,0,0,"F"
1,0,1,1,"BF1X","calhk001","","","46(1)3/GDP/G34","T",2,0,0,0,0,"F"
1,2,1,2,"BFCX","","","","7/F7S","T",1,0,0,0,0,"F"
0,0,0,1,"SX","","","","7/L78D","T",1,0,0,0,0,"F"
0,1,1,0,"BX","","","","S9/L9LS","T",0,1,0,0,0,"F"
0,1,1,2,"F1F1B11X","allea001","","","S5/G1S.1-2","T",0,1,2,0,0,"F"
0,1,2,2,"CBF*BS","semim001","allea001","","K","T",1,0,1,2,0,"F"
0,2,2,2,"BSSBS","semim001","allea001","","K","T",1,0,1,2,0,"F"
1,0,1,0,"BX","","","","D9/L89XD+","T",0,2,0,0,0,"F"
1,0,0,0,"X","","perad001","","8/F89XD.2-3","T",1,0,0,3,0,"F"
1,1,0,1,"FX","","","perad001","FC4/G34S.3-H;B-1","T",0,1,0,0,4,"F"
1,1,2,1,"B1BC1","escoe001","","","SB2.1-3(E1/TH)","F",0,0,3,0,0,"F"
1,1,2,2,"B1BC1.TX","","","escoe001","S8/G4M.3-H","T",0,1,0,0,4,"F"
1,1,1,2,".BFFS","kellc002","","","K","T",1,0,1,0,0,"F"
1,2,1,0,"BX","kellc002","","","S56/G56+.1-2","T",0,1,2,0,0,"F"
1,2,0,0,"X","ahmen001","kellc002","","8/F8XD+","T",1,0,1,2,0,"F"
0,0,1,2,"CCBS","","","","K","T",1,0,0,0,0,"F"
0,1,2,0,"BBX","","","","7/L7D","T",1,0,0,0,0,"F"
0,2,1,0,"BX","","","","HR/L89XD","T",0,4,0,0,0,"F"
0,2,1,0,"BX","","","","63/G6S","T",1,0,0,0,0,"F"
1,0,0,1,".CX","","","","6/P6","T",1,0,0,0,0,"F"
1,1,2,2,"LCBBX","","","","S9/L9S","T",0,1,0,0,0,"F"
1,1,2,2,"1BC*B1F>B","marts002","","","SB2","F",0,0,2,0,0,"F"
1,1,3,2,"1BC*B1F>B.X","","marts002","","43/G34.2-3","T",1,0,0,3,0,"F"
1,2,3,0,".BBBX","","","marts002","8/F8XD+","T",1,0,0,0,3,"F"
0,0,0,0,".X","","","","S9/G34+","T",0,1,0,0,0,"F"
0,0,0,2,"SFX","machv001","","","D9/L9LS.1-3","T",0,2,3,0,0,"F"
0,0,0,2,".FFX","","barrf001","machv001","3/P3","T",1,0,0,2,3,"F"
0,1,3,1,"SBBBB","","barrf001","machv001","W","T",0,1,0,2,3,"F"
0,1,2,0,"BBX","kempt001","barrf001","machv001","9/SF/F9LD.3-H;2-3","T",1,0,1,3,4,"F"
0,2,2,1,".BBFX","kempt001","","barrf001","E6/P7S.3-H(NR)(UR);1-2;B-1","T",0,1,2,0,5,"F"
0,2,1,0,"BX","olsom001","kempt001","","7/F78","T",1,0,1,2,0,"F"
1,0,2,2,"..BFBFX","","","","43/G4MD","T",1,0,0,0,0,"F"
1,1,3,1,"CBBBX","","","","7/F78D","T",1,0,0,0,0,"F"
1,2,0,2,"SSX","","","","4/P34","T",1,0,0,0,0,"F"
0,0,1,0,"BX","","","","S7/G56","T",0,1,0,0,0,"F"
0,0,0,2,".L1SX","grosr001","","","46(1)3/GDP/G4","T",2,0,0,0,0,"F"
0,2,1,0,"BX","","","","7/L7D","T",1,0,0,0,0,"F"
1,0,1,1,"FBX","","","","D7/L7LD+","T",0,2,0,0,0,"F"
1,0,1,2,".BCSS","","ahmen001","","K","T",1,0,0,2,0,"F"
1,1,0,0,"X","","ahmen001","","S7/G56+.2-3","T",0,1,0,3,0,"F"
1,1,3,0,"VVVV","martk001","","ahmen001","IW.1-2","T",0,1,2,0,3,"F"
1,1,0,2,"S*SX","marts002","martk001","ahmen001","S9/G34.3-H;2-3;1-2","T",0,1,2,3,4,"F"
0,0,3,2,"BTCBFBX","","","","S9/L9S","T",0,1,0,0,0,"T"
0,0,3,1,"BCBBB","semim001","","","W.1-2","T",0,1,2,0,0,"F"
0,0,3,2,"CFBBBX","laurr001","semim001","","3/G3F/FL.2-3;1-2","T",1,0,2,3,0,"F"
0,1,2,2,"BSCBS","","laurr001","semim001","K","T",1,0,0,2,3,"F"
0,2,1,1,"*BCX","","laurr001","semim001","9/F9L","T",1,0,0,2,3,"F"
1,0,0,0,"X","","","","D8/L89D+","T",0,2,0,0,0,"F"
1,0,0,0,"X","","calhk001","","8/F8","T",1,0,0,2,0,"F"
1,1,2,2,"CSFBBX","","calhk001","","S6/G6M.2-3","T",0,1,0,3,0,"F"
1,1,0,0,"B","marts002","","calhk001","WP.3-H(NR);1-2","F",0,0,2,0,4,"F"
1,1,3,0,"B.B*BB","","marts002","","W","T",0,1,0,2,0,"F"
1,1,3,1,"BBCBB","perad001","marts002","","W.2-3;1-2","T",0,1,2,3,0,"F"
1,1,0,0,"X","walkc002","perad001","marts002","7/SF/F7LF/FL.3-H;2-3;1-2","T",1,0,2,3,4,"F"
1,2,0,1,"SX","","walkc002","perad001","HR/F7D.3-H;2-H","T",0,4,0,4,4,"F"
1,2,3,2,"CSBFBBFB","","","","W","T",0,1,0,0,0,"F"
1,2,2,1,"BCBX","lambj001","","","7/L7","T",1,0,1,0,0,"F"
0,0,1,0,"BX","","","","9/F9LDF/FL","T",1,0,0,0,0,"F"
0,1,1,1,"CBX","","","","S54/G6","T",0,1,0,0,0,"F"
0,1,0,0,"X","piscs001","","","8/F89D","T",1,0,1,0,0,"F"
0,2,2,2,"C*BBFX","piscs001","","","D9/L9LD.1-H","T",0,2,4,0,0,"F"
0,2,3,2,"BCCBFBX","","murps001","","9/F9D","T",1,0,0,2,0,"F"
1,0,1,1,"BCX","","","","HR/F78XD","T",0,4,0,0,0,"F"
1,0,1,2,"BCCFS","","","","K","T",1,0,0,0,0,"F"
1,1,2,1,"FBBX","","","","S7/L7D","T",0,1,0,0,0,"F"
1,1,1,1,"1BFX","marts002","","","64(1)/FO/G6.B-1","T",1,1,0,0,0,"F"
1,2,0,0,"X","perad001","","","S7/G56+.1-2","T",0,1,2,0,0,"F"
1,2,3,2,"*BCBSFB>F>B","walkc002","perad001","","W.2-3;1-2","T",0,1,2,3,0,"F"
1,2,0,0,".X","escoe001","walkc002","perad001","S7/L78+.3-H;2-H;1-3","T",0,1,3,4,4,"F"
1,2,2,1,"B*S*BX","ahmen001","","escoe001","S9/L89.3-H;1-3","T",0,1,3,0,4,"F"
1,2,2,2,"FC*BBFF*S","lambj001","","ahmen001","K","T",1,0,1,0,3,"F"
0,0,1,2,"BCFX","","","","9/F9LD","T",1,0,0,0,0,"F"
0,1,1,2,"CCBT","","","","K","T",1,0,0,0,0,"F"
0,2,0,2,"CSS","","","","K","T",1,0,0,0,0,"F"
1,0,1,2,"BSSS","","","","K","T",1,0,0,0,0,"F"
1,1,1,2,"CBFX","","","","3/G3","T",1,0,0,0,0,"F"
1,2,3,1,"SBBBB","","","","W","T",0,1,0,0,0,"F"
1,2,3,1,"BBCBX","marts002","","","7/F7LS","T",1,0,1,0,0,"F"
0,0,3,2,"BCBBCT","","","","K","T",1,0,0,0,0,"F"
0,1,0,0,"X","","","","3/G3","T",1,0,0,0,0,"F"
0,2,2,2,"BBCFS","","","","K","T",1,0,0,0,0,"F"
1,0,1,2,"SBSFFS","","","","K","T",1,0,0,0,0,"F"
1,1,2,2,"BTFBFX","","","","5/P5S","T",1,0,0,0,0,"F"
1,2,2,2,"BFCFFBS","","","","K","T",1,0,0,0,0,"F"
0,0,3,2,"CBBCFBX","","","","7/F7","T",1,0,0,0,0,"F"
0,1,2,2,"BFFBFX","","","","8/L8XD","T",1,0,0,0,0,"F"
0,2,3,2,"CBBFBFS","","","","K","T",1,0,0,0,0,"F"
1,0,0,2,".CCS","","","","K","T",1,0,0,0,0,"F"
1,1,1,2,"CFBFH","","","","HP","T",0,1,0,0,0,"F"
1,1,2,2,"FSFFBBFFS","varsd001","","","K","T",1,0,1,0,0,"F"
1,2,0,2,"CFX","varsd001","","","9/F9D","T",1,0,1,0,0,"F"
0,0,2,2,".BCFBC","","","","K","T",1,0,0,0,0,"F"
0,1,2,2,"BSBFC","","","","K","T",1,0,0,0,0,"F"
0,2,3,2,"SBBSBFB","","","","W","T",0,1,0,0,0,"F"
0,2,1,2,"CF*BT","chapm001","","","K","T",1,0,1,0,0,"F"
1,0,0,2,"CTX","","","","53/G5","T",1,0,0,0,0,"F"
1,1,3,2,"CBFBFBFC","","","","K","T",1,0,0,0,0,"F"
1,2,0,2,"CSX","","","","63/G6+","T",1,0,0,0,0,"F"
0,0,1,2,"..CFFFBS","","","","K","T",1,0,0,0,0,"F"
0,1,0,2,"FFT","","","","K","T",1,0,0,0,0,"F"
0,2,2,2,"SBCBX","","","","8/L8XD","T",1,0,0,0,0,"F"
1,0,1,0,"....BX","","","","3/G3S","T",1,0,0,0,0,"F"
1,1,1,1,"CBX","","","","D8/G6+","T",0,2,0,0,0,"F"
1,1,1,2,"BFFX","","ahmen001","","S9/G34+.2-3","T",0,1,0,3,0,"F"
1,1,1,2,"CC*BX","lambj001","","ahmen001","46(1)3/GDP/G4","T",2,0,0,0,3,"F"
0,0,1,2,"CSFB*S","","","","K","T",1,0,0,0,0,"F"
0,1,1,2,"BSCX","","","","43/G4","T",1,0,0,0,0,"F"
0,2,3,2,"BSSBBB","","","","W","T",0,1,0,0,0,"F"
0,2,1,2,"FFBX","laurr001","","","4/P4D","T",1,0,1,0,0,"F"
1,0,3,2,"BFSBB*B","","","","W","T",0,1,0,0,0,"F"
1,0,1,1,"C*BX","jay-j001","","","9/F89XD","T",1,0,1,0,0,"F"
1,1,1,0,"BX","jay-j001","","","D8/L8XD+.1-H","T",0,2,4,0,0,"F"
1,1,1,0,"BX","","locat001","","7/F7D","T",1,0,0,2,0,"F"
1,2,1,1,"BFX","","locat001","","4/P8S","T",1,0,0,2,0,"F"
0,0,0,2,".FSS","","","","K","T",1,0,0,0,0,"F"
0,1,3,2,"SBBSBFX","","","","S8/G6M+","T",0,1,0,0,0,"F"
0,1,1,0,".BX","canhm001","","","14(1)3/GDP/G6MD","T",2,0,0,0,0,"F"
0,0,1,2,"CBFFFX","","","","31/G34","T",1,0,0,0,0,"T"
0,1,2,2,"CBBSFX","","","","HR/L7D","T",0,4,0,0,0,"F"
0,1,0,0,"X","","","","S7/G5+","T",0,1,0,0,0,"F"
0,1,1,1,"CBX","arenn001","","","36(1)1/GDP/G34","T",2,0,0,0,0,"F"
1,0,2,2,"CBFBX","","","","9/L9D","T",1,0,0,0,0,"F"
1,1,2,1,"CBBX","","","","8/F8D","T",1,0,0,0,0,"F"
1,2,0,0,"X","","","","31/G34","T",1,0,0,0,0,"F"
0,0,2,1,"CBBX","","","","43/G34","T",1,0,0,0,0,"F"
0,1,1,0,"BX","","","","7/L78D+","T",1,0,0,0,0,"F"
0,2,3,1,"BCBBB","","","","W","T",0,1,0,0,0,"F"
0,2,2,2,"1BC1BCS","hills005","","","K","T",1,0,1,0,0,"F"
1,0,0,1,"CX","","","","43/G4","T",1,0,0,0,0,"F"
1,1,3,2,"BBCFB*B","","","","W","T",0,1,0,0,0,"F"
1,1,0,1,"CX","walkc002","","","S8/G6M.1-3;BX2(854)","T",1,0,3,0,0,"F"
1,2,2,2,"CBS*BX","","","walkc002","63/G6+","T",1,0,0,0,3,"F"
0,0,2,2,"CFBFBFX","","","","S8/L8D","T",0,1,0,0,0,"F"
0,0,0,2,"CFF1X","woltt001","","","S8/L8D.1X3(8E5);B-2","T",0,2,3,0,0,"F"
0,0,2,2,"BCCBS","","tapir001","woltt001","K","T",1,0,0,2,3,"F"
0,1,3,0,"VVVV","","tapir001","woltt001","IW","T",0,1,0,2,3,"F"
0,1,1,2,"CB*SX","arenn001","tapir001","woltt001","9/SF/F89XD.3-H(UR);2-3","T",1,0,1,3,5,"F"
0,2,0,0,"X","arenn001","","tapir001","63/G4M","T",1,0,1,0,3,"F"
1,0,1,2,"CFFBFS","","","","K","T",1,0,0,0,0,"F"
1,1,1,0,"BX","","","","6/P78S","T",1,0,0,0,0,"F"
1,2,1,1,"CBX","","","","HR/F9D","T",0,4,0,0,0,"F"
1,2,3,1,"BBSBB","","","","W","T",0,1,0,0,0,"F"
1,2,1,0,"1B1X","martk001","","","8/F8D","T",1,0,1,0,0,"F"
0,0,3,2,"BBBCFX","","","","43/G6S","T",1,0,0,0,0,"F"
0,1,1,2,"BFCS","","","","K","T",1,0,0,0,0,"F"
0,2,1,2,"CSFBFFS","","","","K","T",1,0,0,0,0,"F"
1,0,3,2,"CFBBBX","","","","7/F7D","T",1,0,0,0,0,"F"
1,1,1,2,"CSBX","","","","HR/F7LD","T",0,4,0,0,0,"F"
1,1,0,0,"H","","","","HP","T",0,1,0,0,0,"F"
1,1,1,2,"BS1SS","escoe001","","","K","T",1,0,1,0,0,"F"
1,2,0,1,"1CX","escoe001","","","7/F78D","T",1,0,1,0,0,"F"
0,0,2,0,".BBX","","","","D9/L89XD","T",0,2,0,0,0,"F"
0,0,1,1,"CBX","","woltt001","","S9/G34.2-H","T",0,1,0,4,0,"F"
0,0,3,1,"B11*B1BFX","tapir001","","","9/F9","T",1,0,1,0,0,"F"
0,1,0,0,"1>B","tapir001","","","SB2","F",0,0,2,0,0,"F"
0,1,3,0,"1>B.VVV","","tapir001","","IW","T",0,1,0,2,0,"F"
0,1,1,2,"BFFX","arenn001","tapir001","","9/F9LD.2-3","T",1,0,1,3,0,"F"
0,2,3,2,"CBCBFB>F>F>X","arenn001","","tapir001","5/P5DF/FL","T",1,0,1,0,3,"F"
1,0,3,2,"CBBFFB*B","","","","W","T",0,1,0,0,0,"F"
1,0,1,1,"C*BX","varsd001","","","36(1)/FO/G3.B-1","T",1,1,0,0,0,"F"
1,1,0,0,"X","calhk001","","","7/F7LS/NDP/RINT.1X2(24)","T",2,0,0,0,0,"F"
0,0,2,2,".SBBFS","","","","K","T",1,0,0,0,0,"F"
0,1,1,0,"BX","","","","8/F8XD","T",1,0,0,0,0,"F"
0,2,3,2,"CBFBFBFFX","","","","8/F78XD","T",1,0,0,0,0,"F"
1,0,1,0,"BX","","","","43/G8S","T",1,0,0,0,0,"F"
1,1,2,1,"BBFX","","","","53/G6S+","T",1,0,0,0,0,"F"
1,2,1,2,"CBSFS","","","","K","T",1,0,0,0,0,"F"
0,0,2,0,".BBX","","","","6/P56D","T",1,0,0,0,0,"F"
0,1,3,2,"BBCFFFFBX","","","","S8/L78XD+","T",0,1,0,0,0,"F"
0,1,3,2,"B1B1C1*BFB","tapir001","","","W.1-2","T",0,1,2,0,0,"F"
0,1,2,1,"BBCX","stort001","tapir001","","54(1)/FO/G56.2-3;B-1","T",1,1,0,3,0,"F"
0,2,2,2,"*BSBFFF*S","arenn001","","tapir001","K.BX1(23)","T",1,0,1,0,3,"F"
1,0,1,2,".CFBX","","","","8/F89S","T",1,0,0,0,0,"F"
1,1,3,1,"BCBBX","","","","8/F8XD","T",1,0,0,0,0,"F"
1,2,1,1,"CBX","","","","S9/G34","T",0,1,0,0,0,"F"
1,2,1,1,"BFX","vogts001","","","S9/G34+.1-2","T",0,1,2,0,0,"F"
1,2,0,0,".X","varsd001","vogts001","","7/F7D+","T",1,0,1,2,0,"F"
0,0,2,2,".BSBCFH","","","","HP","T",0,1,0,0,0,"F"
0,0,1,1,"CB1X","mcmar001","","","54(1)3/GDP/G56","T",2,0,0,0,0,"F"
0,2,2,0,"BBX","","","","7/F7","T",1,0,0,0,0,"F"
1,0,0,2,"CFX","","","","7/L7","T",1,0,0,0,0,"F"
1,1,2,2,"BSBCFX","","","","S9/G3","T",0,1,0,0,0,"F"
1,1,0,1,"11C1X","marts002","","","8/F8D","T",1,0,1,0,0,"F"
1,2,0,2,"1SSS","marts002","","","K","T",1,0,1,0,0,"F"
0,0,1,0,"BX","","","","63/G15","T",1,0,0,0,0,"F"
0,1,1,0,"BX","","","","S8/F8","T",0,1,0,0,0,"F"
0,1,1,0,"BX","woltt001","","","64(1)3/GDP/G4M","T",2,0,0,0,0,"F"
1,0,2,2,".BBCSX","","","","53/G6","T",1,0,0,0,0,"F"
1,1,0,2,"F.FX","","","","53/G5","T",1,0,0,0,0,"F"
1,2,0,2,"CCFS","","","","K.BX1(23)","T",1,0,0,0,0,"F"
0,0,3,1,"BBCBX","","","","13/G6S","T",1,0,0,0,0,"T"
0,1,2,1,"BBCX","","","","T9/L89XD+","T",0,3,0,0,0,"F"
0,1,0,2,"FFX","","","stort001","D7/L7LD.3-H","T",0,2,0,0,4,"F"
0,1,3,1,"BBC*BB","","arenn001","","W","T",0,1,0,2,0,"F"
0,1,1,2,"BSCX","blacc001","arenn001","","D7/L7LD+.2-H;1-3","T",0,2,3,4,0,"F"
0,1,0,2,"FFS","","kempm001","blacc001","K","T",1,0,0,2,3,"F"
0,2,2,2,"BFFFBX","","kempm001","blacc001","9/F9L","T",1,0,0,2,3,"F"
1,0,2,2,"CBCFBX","","","","7/L7D","T",1,0,0,0,0,"F"
1,1,1,0,"BX","","","","D8/L78XD","T",0,2,0,0,0,"F"
1,1,1,2,"CS*BFX","","martk001","","3/G3S-.2-3","T",1,0,0,3,0,"F"
1,2,0,2,"CSX","","","martk001","43/G34","T",1,0,0,0,3,"F"
0,0,2,1,"BCBX","","","","63/G6MS","T",1,0,0,0,0,"F"
0,1,1,2,"CSBS","","","","K","T",1,0,0,0,0,"F"
0,2,1,2,"BSF*S","","","","K","T",1,0,0,0,0,"F"
1,0,2,1,"BBCX","","","","HR/L78XD","T",0,4,0,0,0,"F"
1,0,1,2,"CBFS","","","","K","T",1,0,0,0,0,"F"
1,1,0,2,"SCFX","","","","63/G6D","T",1,0,0,0,0,"F"
1,2,2,2,"BBCSX","","","","HR/L9D","T",0,4,0,0,0,"F"
1,2,2,2,"BBCFC","","","","K","T",1,0,0,0,0,"F"
0,0,2,1,"BBCX","","","","S9/L89+","T",0,1,0,0,0,"F"
0,0,0,0,"X","stort001","","","4/P78S","T",1,0,1,0,0,"F"
0,1,0,0,">B","stort001","","","SB2","F",0,0,2,0,0,"F"
0,1,1,2,">B.FCS","","stort001","","K","T",1,0,0,2,0,"F"
0,2,1,2,"CC*BFX","","stort001","","8/F89XD","T",1,0,0,2,0,"F"
1,0,3,1,"BBCBB","","","","W","T",0,1,0,0,0,"F"
1,0,2,1,"*B1BCX","calhk001","","","36(1)/FO/G3S.B-2(E6/TH)","T",1,2,0,0,0,"F"
1,1,1,2,"SS*BX","","martk001","","53/G56","T",1,0,0,2,0,"F"
1,2,3,2,"BBSFBS","","martk001","","K","T",1,0,0,2,0,"F"
0,0,0,2,"CCFS","","","","K","T",1,0,0,0,0,"F"
0,1,1,2,"CSBX","","","","4/P89S","T",1,0,0,0,0,"F"
0,2,2,1,"FBBX","","","","HR/L7LD","T",0,4,0,0,0,"F"
0,2,3,2,"SBFFBFBX","","","","7/F1S","T",1,0,0,0,0,"F"
1,0,0,0,"X","","","","S8/G6M+","T",0,1,0,0,0,"F"
1,0,2,1,"CBBX","walkc002","","","D9/L9L.1-3","T",0,2,3,0,0,"F"
1,0,3,0,"BBBB","","escoe001","walkc002","W","T",0,1,0,2,3,"F"
1,0,2,2,"CFB*BX","ahmen001","escoe001","walkc002","8/SF/F8XD.3-H;2-3;1-2","T",1,0,2,3,4,"F"
1,1,0,2,"CF*S","","ahmen001","escoe001","K","T",1,0,0,2,3,"F"
1,2,3,1,"BC*BBB","","ahmen001","escoe001","W","T",0,1,0,2,3,"F"
1,2,1,2,"CBSX","calhk001","ahmen001","escoe001","9/F89D","T",1,0,1,2,3,"F"
0,0,1,2,"BCFH","","","","HP","T",0,1,0,0,0,"F"
0,0,2,1,"B1111BSX","tapir001","","","9/F9D","T",1,0,1,0,0,"F"
0,1,1,1,"1>FB>X","tapir001","","","5/P5F/FL","T",1,0,1,0,0,"F"
0,2,1,1,"C1B11X","tapir001","","","13/G1S-","T",1,0,1,0,0,"F"
1,0,1,1,"CBX","","","","9/F9D","T",1,0,0,0,0,"F"
1,1,0,0,"X","","","","S7/L7L","T",0,1,0,0,0,"F"
1,1,0,2,"SFX","perad001","","","53/G5.1-2","T",1,0,2,0,0,"F"
1,2,2,2,"BCB*S*S","","perad001","","K","T",1,0,0,2,0,"F"
0,0,0,2,".CSS","","","","K","T",1,0,0,0,0,"F"
0,1,2,2,"CFBBFX","","","","D7/G5S+","T",0,2,0,0,0,"F"
0,1,0,0,"X","","fuenj001","","53/G56","T",1,0,0,2,0,"F"
0,2,1,0,"BB","","fuenj001","","WP.2-3","F",0,0,0,3,0,"F"
0,2,3,0,"BB.BB","","","fuenj001","W","T",0,1,0,0,3,"F"
0,2,2,0,".BBX","hampg001","","fuenj001","7/F7D","T",1,0,1,0,3,"F"
1,0,1,2,"..FBFX","","","","D8/L78","T",0,2,0,0,0,"F"
1,0,0,1,"FX","","ahmen001","","3/G3.2-3","T",1,0,0,3,0,"F"
1,1,2,2,"CBF*BX","","","ahmen001","63/G2-","T",1,0,0,0,3,"F"
1,2,3,2,"SBFB*BS","","","ahmen001","K","T",1,0,0,0,3,"F"
0,0,3,2,".CSBFBFBX","","","","7/F7LSF/FL","T",1,0,0,0,0,"F"
0,1,3,2,"CBBCBFB","","","","W","T",0,1,0,0,0,"F"
0,1,1,0,"B11>C","stort001","","","SB2","F",0,0,2,0,0,"F"
0,1,1,2,"B11>C.CFX","","stort001","","D7/F7LD.2-H","T",0,2,0,4,0,"F"
0,1,3,0,"VVVV","","arenn001","","IW","T",0,1,0,2,0,"F"
0,1,2,0,"BBX","blacc001","arenn001","","S56/G56.2-3;1-2","T",0,1,2,3,0,"F"
0,1,2,2,".*SFBBC","kempm001","blacc001","arenn001","K","T",1,0,1,2,3,"F"
0,2,0,2,".CSB","kempm001","blacc001","arenn001","PB.3-H(NR);2-3;1-2","F",0,0,2,3,4,"F"
0,2,3,2,".CSB.BBFF*B","","kempm001","blacc001","W","T",0,1,0,2,3,"F"
0,2,0,0,"X","mcmar001","kempm001","blacc001","7/F78XD","T",1,0,1,2,3,"F"
1,0,1,1,"..BCX","","","","31/G3D","T",1,0,0,0,0,"F"
1,1,1,0,"BX","","","","D9/L9LS","T",0,2,0,0,0,"F"
1,1,0,2,"FFX","","marts002","","43/G34+.2-3","T",1,0,0,3,0,"F"
1,2,2,2,"BCBFX","","","marts002","53/G5","T",1,0,0,0,3,"F"
0,0,1,2,"BCCS","","","","K","T",1,0,0,0,0,"F"
0,1,3,2,"CSFBBFBFFB","","","","W","T",0,1,0,0,0,"F"
0,1,2,2,"1CFBB1FS","tapir001","","","K","T",1,0,1,0,0,"F"
0,2,1,1,".1S1*B1X","tapir001","","","8/F8D","T",1,0,1,0,0,"F"
1,0,2,2,".CBFFBFS","","","","K","T",1,0,0,0,0,"F"
1,1,3,2,"CBSBBB","","","","W","T",0,1,0,0,0,"F"
1,1,0,2,"CCS","ahmen001","","","K","T",1,0,1,0,0,"F"
1,2,0,1,".FX","ahmen001","","","3/G23","T",1,0,1,0,0,"F"
0,0,0,0,"..X","","","","8/L8XD","T",1,0,0,0,0,"F"
0,1,1,2,"BCCX","","","","7/L7D+","T",1,0,0,0,0,"F"
0,2,1,0,"BX","","","","S7/L4","T",0,1,0,0,0,"F"
0,2,1,2,"BF1S1S","fuenj001","","","K","T",1,0,1,0,0,"F"
1,0,3,1,"..BCBBB","","","","W","T",0,1,0,0,0,"F"
1,0,0,2,"CF1S","calhk001","","","K","T",1,0,1,0,0,"F"
1,1,2,2,"BSSFF11BX","calhk001","","","64(1)/FO/G6.B-1","T",1,1,0,0,0,"F"
1,2,0,0,">C","marts002","","","DI.1-2","F",0,0,2,0,0,"F"
1,2,3,2,">C.BBFBX","","marts002","","S7/L7LD+.2-H","T",0,1,0,4,0,"F"
1,2,0,0,".H","locat001","","","HP.1-2","T",0,1,2,0,0,"F"
1,2,3,2,"BCSBFB>B","walkc002","locat001","","W.2-3;1-2","T",0,1,2,3,0,"F"
1,2,0,2,".FSS","escoe001","varsd001","locat001","K","T",1,0,1,2,3,"F"
0,0,3,2,"CBSBBFB","","","","W","T",0,1,0,0,0,"T"
0,0,1,0,"B111B","hampg001","","","WP.1-2","F",0,0,2,0,0,"F"
0,0,3,0,"B111B.BB","","hampg001","","W","T",0,1,0,2,0,"F"
0,0,1,2,"CS*BX","stort001","hampg001","","D7/L78XD+.2-H;1-H","T",0,2,4,4,0,"F"
0,0,0,2,"FFX","","arenn001","","9/F89","T",1,0,0,2,0,"F"
0,1,0,2,"CCC","","arenn001","","K","T",1,0,0,2,0,"F"
0,2,2,2,"*SFB*BX","","arenn001","","6/L1S+","T",1,0,0,2,0,"F"
1,0,2,2,"BFBCS","","","","K","T",1,0,0,0,0,"F"
1,1,1,2,"BCCFX","","","","7/F78D","T",1,0,0,0,0,"F"
1,2,1,2,"CBSC","","","","K","T",1,0,0,0,0,"F"
0,0,0,2,"SC*S","","","","K","T",1,0,0,0,0,"F"
0,1,2,2,"BBCFC","","","","K","T",1,0,0,0,0,"F"
0,2,2,2,"CBBFC","","","","K","T",1,0,0,0,0,"F"
1,0,0,1,"CX","","","","7/F7","T",1,0,0,0,0,"F"
1,1,2,2,"CBFBX","","","","63/G6-","T",1,0,0,0,0,"F"
1,2,3,2,"BBCBFB","","","","W","T",0,1,0,0,0,"F"
1,2,3,2,"BBCCFB>X","escoe001","","","63/G6D+","T",1,0,1,0,0,"F"
0,0,2,2,"BBCFS","","","","K","T",1,0,0,0,0,"F"
0,1,3,2,"BSFBBFB","","","","W","T",0,1,0,0,0,"F"
0,1,2,0,"B1*B1>B","stort001","","","SB2","F",0,0,2,0,0,"F"
0,1,3,1,"B1*B1>B.CB","","stort001","","W","T",0,1,0,2,0,"F"
0,1,2,2,"SBFFFBFS","arenn001","stort001","","K","T",1,0,1,2,0,"F"
0,2,2,2,"BSBFC","arenn001","stort001","","K","T",1,0,1,2,0,"F"
1,0,3,2,"CBFBBB","","","","W","T",0,1,0,0,0,"F"
1,0,0,0,"X","vogts001","","","9/L89D","T",1,0,1,0,0,"F"
1,1,1,2,"SCBX","vogts001","","","4/L34D","T",1,0,1,0,0,"F"
1,2,0,1,"CX","vogts001","","","6/P6MD-","T",1,0,1,0,0,"F"
0,0,3,2,"BFBFBB","","","","W","T",0,1,0,0,0,"F"
0,0,3,2,"BB1CS*BFX","diaze005","","","D8/G6.1-3","T",0,2,3,0,0,"F"
0,0,2,2,"BBSFS","","rodgb002","diaze005","K","T",1,0,0,2,3,"F"
0,1,1,1,"CBX","","rodgb002","diaze005","7/F78","T",1,0,0,2,3,"F"
0,2,1,1,"CBX","","rodgb002","diaze005","9/F9S","T",1,0,0,2,3,"F"
1,0,0,1,"FX","","","","S9/L9S+","T",0,1,0,0,0,"F"
1,0,1,1,"1B1FX","marts002","","","S9/G34.1-3","T",0,1,3,0,0,"F"
1,0,0,2,"CFX","perad001","","marts002","7/SF/L78XD+.3-H","T",1,0,1,0,4,"F"
1,1,0,2,"FSX","perad001","","","7/F7","T",1,0,1,0,0,"F"
1,2,1,2,"FBFS","perad001","","","K","T",1,0,1,0,0,"F"
0,0,3,2,"BBCCBB","","","","W","T",0,1,0,0,0,"F"
0,0,0,0,".C","stort001","","","BK.1-2","F",0,0,2,0,0,"F"
0,0,0,2,".C.FX","","stort001","","7/F7LD","T",1,0,0,2,0,"F"
0,1,3,0,"VVVV","","stort001","","IW","T",0,1,0,2,0,"F"
0,1,1,2,"BSFFX","blacc001","stort001","","54(1)/FO/G6-.2-3;B-1","T",1,1,0,3,0,"F"
0,2,2,2,"1B1BCS*S","fuenj001","","stort001","K","T",1,0,1,0,3,"F"
1,0,1,2,"BCCS","","","","K","T",1,0,0,0,0,"F"
1,1,2,2,"BCBCS","","","","K","T",1,0,0,0,0,"F"
1,2,2,2,"BCBFX","","","","7/F78XD","T",1,0,0,0,0,"F"
0,0,0,2,"CSS","","","","K","T",1,0,0,0,0,"F"
0,1,2,0,"BBX","","","","S16/G4M+","T",0,1,0,0,0,"F"
0,1,0,1,"C11>B","hills005","","","SB2","F",0,0,2,0,0,"F"
0,1,2,2,"C11>B.FBS","","hills005","","K","T",1,0,0,2,0,"F"
0,2,3,2,"BBCBCFFX","","hills005","","S7/G56.2-H","T",0,1,0,4,0,"F"
0,2,1,0,".1BX","hampg001","","","S5/G5.1X3(536)","T",1,1,0,0,0,"F"
1,0,0,2,"CCX","","","","9/L9D","T",1,0,0,0,0,"F"
1,1,1,2,"CFBX","","","","43/G4D+","T",1,0,0,0,0,"F"
1,2,3,2,"CBFBBB","","","","W","T",0,1,0,0,0,"F"
1,2,2,1,"B*BFX","perad001","","","S9/L9S.1-2","T",0,1,2,0,0,"F"
1,2,1,1,"BCX","walkc002","perad001","","9/L1S+","T",1,0,1,2,0,"F"
0,0,1,2,"BCFS","","","","K","T",1,0,0,0,0,"F"
0,1,0,2,"FFS","","","","K","T",1,0,0,0,0,"F"
0,2,1,2,"CSBX","","","","S9/L89","T",0,1,0,0,0,"F"
0,2,1,1,"BS>B","fuenj001","","","SB2","F",0,0,2,0,0,"F"
0,2,3,2,"BS>B.FBB","","fuenj001","","W","T",0,1,0,2,0,"F"
0,2,2,2,"CS*BBX","diaze005","fuenj001","","8/F78XD","T",1,0,1,2,0,"F"
1,0,1,2,".SBCFX","","","","4/P4D","T",1,0,0,0,0,"F"
1,1,2,2,"BCBSX","","","","8/F8D","T",1,0,0,0,0,"F"
1,2,0,2,"CFFX","","","","8/F8XD+","T",1,0,0,0,0,"F"
0,0,0,0,".X","","","","HR/F9D+","T",0,4,0,0,0,"F"
0,0,0,0,"X","","","","S8/G6M","T",0,1,0,0,0,"F"
0,0,0,0,"1X","buted001","","","S1/BG1S.1-2","T",0,1,2,0,0,"F"
0,0,2,2,".BCBFC","hampg001","buted001","","K","T",1,0,1,2,0,"F"
0,1,1,2,"CBFX","hampg001","buted001","","S5/G5.2-3;1-2","T",0,1,2,3,0,"F"
0,1,2,0,"BBX","arenn001","hampg001","buted001","HR/L9LD.3-H;2-H;1-H","T",0,4,4,4,4,"F"
0,1,1,1,"BCX","","","","43/G89S+","T",1,0,0,0,0,"F"
0,2,1,1,"BFX","","","","53/G56","T",1,0,0,0,0,"F"
1,0,0,1,"CX","","","","D8/L8XD+","T",0,2,0,0,0,"F"
1,0,1,0,"BX","","calhk001","","3/G3D.2-3","T",1,0,0,3,0,"F"
1,1,0,1,"FX","","","calhk001","T9/L89XD+.3-H","T",0,3,0,0,4,"F"
1,1,0,1,".CX","","","marts002","8/F8","T",1,0,0,0,3,"F"
1,2,1,2,"CSBX","","","marts002","D7/L78XD+.3-H","T",0,2,0,0,4,"F"
1,2,0,0,"X","","walkc002","","31/G3","T",1,0,0,2,0,"F"
0,0,0,0,"X","","","","63/G56S","T",1,0,0,0,0,"F"
0,1,1,2,"CFBX","","","","53/G6MS","T",1,0,0,0,0,"F"
0,2,2,2,"BBCFX","","","","7/F78XD","T",1,0,0,0,0,"F"
1,0,2,0,"BBX","","","","S7/L7D","T",0,1,0,0,0,"F"
1,0,3,1,"*BBSBB","ahmen001","","","W.1-2","T",0,1,2,0,0,"F"
1,0,0,0,".X","vogts001","ahmen001","","8/F78XD+.2-3","T",1,0,1,3,0,"F"
1,1,3,1,"BBBCB","vogts001","","ahmen001","W.1-2","T",0,1,2,0,3,"F"
1,1,1,0,"BX","calhk001","vogts001","ahmen001","36(1)/FO/G3D.3-H;2-3;B-1","T",1,1,0,3,4,"F"
1,2,0,0,">*B","martk001","","vogts001","DI.1-2","F",0,0,2,0,3,"F"
1,2,1,2,">*B.CSH","","martk001","vogts001","HP","T",0,1,0,2,3,"F"
1,2,1,0,"BX","marts002","martk001","vogts001","S7/L7.3-H;2-3;1-2","T",0,1,2,3,4,"F"
1,2,1,2,".C*BFFX","locat001","marts002","martk001","S7/L7D+.3-H;2-H;1-3","T",0,1,3,4,4,"F"
1,2,0,0,"..>B","varsd001","","locat001","SB2","F",0,0,2,0,3,"F"
1,2,3,0,"..>B.B*BV","","varsd001","locat001","IW","T",0,1,0,2,3,"F"
1,2,0,2,"SSC","escoe001","varsd001","locat001","K","T",1,0,1,2,3,"F"
0,0,0,2,"CCX","","","","63/G1S+","T",1,0,0,0,0,"T"
0,1,0,2,"CSX","","","","5/P56","T",1,0,0,0,0,"F"
0,2,2,1,"BFBX","","","","S14/G4M","T",0,1,0,0,0,"F"
0,2,3,2,"F1B1CBB>B","longe001","","","W.1-2","T",0,1,2,0,0,"F"
0,2,2,2,"BSCF*BS","beltb001","longe001","","K","T",1,0,1,2,0,"F"
1,0,1,2,"CSBS","","","","K","T",1,0,0,0,0,"F"
1,1,3,2,"BCBCBX","","","","DGR/L78XD","T",0,2,0,0,0,"F"
1,1,0,1,"CX","","martk001","","S7/L7D.2-H","T",0,1,0,4,0,"F"
1,1,1,2,"CFBX","marts002","","","46(1)3/GDP/G4","T",2,0,0,0,0,"F"
0,0,1,2,"BCCS","","","","K","T",1,0,0,0,0,"F"
0,1,1,1,"FBX","","","","4/L9S","T",1,0,0,0,0,"F"
0,2,3,2,"CBBFFFBC","","","","K","T",1,0,0,0,0,"F"
1,0,1,1,"CBX","","","","8/L8","T",1,0,0,0,0,"F"
1,1,3,2,"BCFBFBB","","","","W","T",0,1,0,0,0,"F"
1,1,1,0,"BX","escoe001","","","8/F89XD","T",1,0,1,0,0,"F"
1,2,2,2,"BCSBFFS","escoe001","","","K","T",1,0,1,0,0,"F"
0,0,1,1,"CBX","","","","9/F9D","T",1,0,0,0,0,"F"
0,1,1,2,"BCCH","","","","HP","T",0,1,0,0,0,"F"
0,1,1,0,"1B1X","yastm001","","","36(1)3/GDP/G3","T",2,0,0,0,0,"F"
1,0,1,2,"CCBX","","","","DGR/L7LD","T",0,2,0,0,0,"F"
1,0,0,0,"X","","kellc002","","S9/L9.2-3","T",0,1,0,3,0,"F"
1,0,0,2,"CFH","locat001","","kellc002","HP.1-2","T",0,1,2,0,3,"F"
1,0,1,2,"SFFFBX","martk001","locat001","kellc002","6/P78S","T",1,0,1,2,3,"F"
1,1,0,0,"X","martk001","locat001","kellc002","7/SF/F7LD.3-H","T",1,0,1,2,4,"F"
1,2,0,0,"X","martk001","locat001","","S8/G6.2-H;1-3;B-2","T",0,2,3,4,0,"F"
1,2,1,0,"BX","","perad001","martk001","6/P6","T",1,0,0,2,3,"F"
0,0,3,1,"BBBCX","","","","53/G5","T",1,0,0,0,0,"F"
0,1,1,2,"BTFS","","","","K","T",1,0,0,0,0,"F"
0,2,1,2,"FFBX","","","","143/G6MD","T",1,0,0,0,0,"F"
1,0,1,1,"FBX","","","","63/G6D","T",1,0,0,0,0,"F"
1,1,3,2,"BBSSBB","","","","W","T",0,1,0,0,0,"F"
1,1,1,2,"*BFCFT","youna003","","","K","T",1,0,1,0,0,"F"
1,2,0,0,"11","youna003","","","PO1(13)","F",1,0,0,0,0,"F"
0,0,1,1,"BTX","","","","7/L78D","T",1,0,0,0,0,"F"
0,1,0,0,"X","","","","3/P4S","T",1,0,0,0,0,"F"
0,2,0,1,"CX","","","","S8/L8D+","T",0,1,0,0,0,"F"
0,2,2,1,"FB1BX","bartj003","","","64(1)/FO/G6.B-1","T",1,1,0,0,0,"F"
1,0,3,1,"BBBCB","","","","W","T",0,1,0,0,0,"F"
1,0,0,1,"FX","locat001","","","S9/F9LS.1-2","T",0,1,2,0,0,"F"
1,0,0,0,"X","martk001","locat001","","S8/L78.2-H;1-2","T",0,1,2,4,0,"F"
1,0,1,2,"FC*BX","marts002","martk001","","S8/F89.2-H;1-3","T",0,1,3,4,0,"F"
1,0,0,1,"CX","walkc002","","marts002","6/P6D","T",1,0,1,0,3,"F"
1,1,0,0,"111","walkc002","","marts002","PO3(E1/TH).3-H(NR)","F",0,0,1,0,4,"F"
1,1,2,1,"111.BBCX","walkc002","","","7/F7S","T",1,0,1,0,0,"F"
1,2,0,0,"B","walkc002","","","WP.1-2","F",0,0,2,0,0,"F"
1,2,2,0,"B.BX","","walkc002","","DGR/L7LD+.2-H","T",0,2,0,4,0,"F"
1,2,1,2,".BSFH","","ahmen001","","HP","T",0,1,0,2,0,"F"
1,2,0,2,"FCS","youna003","ahmen001","","K","T",1,0,1,2,0,"F"
0,0,0,1,"CX","","","","3/G3","T",1,0,0,0,0,"F"
0,1,0,1,"FX","","","","7/F7S","T",1,0,0,0,0,"F"
0,2,1,0,"BX","","","","HR/L7LD","T",0,4,0,0,0,"F"
0,2,1,0,"BX","","","","8/F89XD","T",1,0,0,0,0,"F"
1,0,3,2,"FBFBFFBB","","","","W","T",0,1,0,0,0,"F"
1,0,0,2,"CFX","locat001","","","9/F9LF/FL.1-2","T",1,0,2,0,0,"F"
1,1,2,1,"BBFX","","locat001","","9/F89D","T",1,0,0,2,0,"F"
1,2,3,2,"BSFFB*BX","","locat001","","9/F9D","T",1,0,0,2,0,"F"
0,0,2,2,"CBFFBS","","","","K","T",1,0,0,0,0,"F"
0,1,1,1,"SBX","","","","S8/L8","T",0,1,0,0,0,"F"
0,1,0,0,"X","solad001","","","S9/G34.1-3","T",0,1,3,0,0,"F"
0,1,1,1,"FB1X","crawb001","","solad001","8/F8","T",1,0,1,0,3,"F"
0,2,0,1,".FX","crawb001","","solad001","4/L9S","T",1,0,1,0,3,"F"
1,0,3,2,"...BBCBCFT","","","","K","T",1,0,0,0,0,"F"
1,1,2,1,"SBBX","","","","63/G6","T",1,0,0,0,0,"F"
1,2,2,1,"BBFX","","","","53/G5D","T",1,0,0,0,0,"F"
0,0,0,0,".X","","","","S8/L89D","T",0,1,0,0,0,"F"
0,0,0,2,"CFX","yastm001","","","56(1)3/GDP/G56","T",2,0,0,0,0,"F"
0,2,1,2,"BCSX","","","","31/G4","T",1,0,0,0,0,"F"
1,0,2,2,".CSBFBFX","","","","4/L4MD+","T",1,0,0,0,0,"F"
1,1,2,2,"CSBFBFS","","","","K","T",1,0,0,0,0,"F"
1,2,3,1,"BSBBX","","","","3/P3","T",1,0,0,0,0,"F"
0,0,0,2,"FFX","","","","T9/G3","T",0,3,0,0,0,"F"
0,0,3,2,"*BBF*BFX","","","beltb001","D7/L78XD+.3-H","T",0,2,0,0,4,"F"
0,0,0,2,"CCX","","florw001","","53/G5","T",1,0,0,2,0,"F"
0,1,0,0,"X","","florw001","","HR/L9D.2-H","T",0,4,0,4,0,"F"
0,1,0,2,"FFC","","","","K","T",1,0,0,0,0,"F"
0,2,2,2,"CBBCX","","","","43/G4D","T",1,0,0,0,0,"F"
0,0,0,2,"CCS","","","","K","T",1,0,0,0,0,"T"
0,1,1,2,"CFBX","","","","S9/G4+","T",0,1,0,0,0,"F"
0,1,2,1,"BBFX","dicka001","","","D8/L78XD+.1-H","T",0,2,4,0,0,"F"
0,1,1,2,"FSF*BX","","longe001","","D9/L9LD.2-H","T",0,2,0,4,0,"F"
0,1,0,2,"CCS","","beltb001","","K","T",1,0,0,2,0,"F"
0,2,0,2,"CTX","","beltb001","","7/F7D","T",1,0,0,2,0,"F"
1,0,3,2,"CBCBBX","","","","8/L8XD+","T",1,0,0,0,0,"F"
1,1,0,1,"CX","","","","3/G3D+","T",1,0,0,0,0,"F"
1,2,3,2,"CBBSBS","","","","K","T",1,0,0,0,0,"F"
0,0,1,2,"FFFB*S","","","","K.BX1(23)","T",1,0,0,0,0,"F"
0,1,1,2,"CFFBX","","","","3/G3","T",1,0,0,0,0,"F"
0,2,2,2,"BFCBFX","","","","S8/L8D","T",0,1,0,0,0,"F"
0,2,2,2,"F1CB11BF1X","dubom001","","","D9/L8XD.1-H","T",0,2,4,0,0,"F"
0,2,1,2,"*BCSS","","yastm001","","K","T",1,0,0,2,0,"F"
1,0,2,2,"CSBBS","","","","K","T",1,0,0,0,0,"F"
1,1,2,2,"BCBSS","","","","K","T",1,0,0,0,0,"F"
1,2,2,2,"CCBBX","","","","43/G34D","T",1,0,0,0,0,"F"
0,0,0,0,"X","","","","D8/L89XD+","T",0,2,0,0,0,"F"
0,0,3,1,"BBBFB","","longe001","","W","T",0,1,0,2,0,"F"
0,0,0,2,"SSS","beltb001","longe001","","K","T",1,0,1,2,0,"F"
0,1,0,0,"X","beltb001","longe001","","S8/G4M.2-H;1-2","T",0,1,2,4,0,"F"
0,1,0,0,"X","sandp001","beltb001","","S9/F9S.2-3;1-2","T",0,1,2,3,0,"F"
0,1,2,2,"B*BCSFS","crawb001","sandp001","beltb001","K","T",1,0,1,2,3,"F"
0,2,2,2,"FBT*BX","crawb001","sandp001","beltb001","9/L9LD","T",1,0,1,2,3,"F"
1,0,3,2,"BBBCCS","","","","K","T",1,0,0,0,0,"F"
1,1,2,2,"BBCFFX","","","","6/P56D","T",1,0,0,0,0,"F"
1,2,2,2,"CBCBH","","","","HP","T",0,1,0,0,0,"F"
1,2,3,2,"B1CBFFFB>B","jay-j001","","","W.1-2","T",0,1,2,0,0,"F"
1,2,0,0,"X","calhk001","jay-j001","","8/F8","T",1,0,1,2,0,"F"
0,0,3,2,".FFBBBC","","","","K","T",1,0,0,0,0,"F"
0,1,0,2,"CSX","","","","43/G4","T",1,0,0,0,0,"F"
0,2,2,2,"CFBBS","","","","K","T",1,0,0,0,0,"F"
1,0,0,0,"X","","","","S8/L8D+","T",0,1,0,0,0,"F"
1,0,0,2,"SS>X","marts002","","","3/G3S.1-2","T",1,0,2,0,0,"F"
1,1,1,2,"SBFFX","","marts002","","HR/L78XD.2-H","T",0,4,0,4,0,"F"
1,1,3,0,"BBB.B","","","","W","T",0,1,0,0,0,"F"
1,1,1,2,"BFCX","escoe001","","","64(1)3/GDP/G6M","T",2,0,0,0,0,"F"
0,0,3,1,"BBBCB","","","","W","T",0,1,0,0,0,"F"
0,0,0,1,"CX","beltb001","","","64(1)/FO/G6MS.B-1","T",1,1,0,0,0,"F"
0,1,1,1,"BFX","florw001","","","7/L7D","T",1,0,1,0,0,"F"
0,2,2,1,".CBBX","florw001","","","D9/L89+.1-3","T",0,2,3,0,0,"F"
0,2,1,1,"S*BX","","crawb001","florw001","63/G6","T",1,0,0,2,3,"F"
1,0,0,1,"FX","","","","7/F7D","T",1,0,0,0,0,"F"
1,1,2,2,"CBBFX","","","","7/F7D","T",1,0,0,0,0,"F"
1,2,1,2,"BFFFX","","","","31/G34S","T",1,0,0,0,0,"F"
0,0,0,2,"CCS","","","","K","T",1,0,0,0,0,"F"
0,1,0,2,"SSS","","","","K","T",1,0,0,0,0,"F"
0,2,0,0,"X","","","","6/L6M","T",1,0,0,0,0,"F"
1,0,1,2,".CSBX","","","","6/P5F/FL","T",1,0,0,0,0,"F"
1,1,0,2,"CSFX","","","","63/G6","T",1,0,0,0,0,"F"
1,2,2,2,"SSBBFFS","","","","K","T",1,0,0,0,0,"F"
0,0,3,0,"..BBBB","","","","W","T",0,1,0,0,0,"F"
0,0,1,2,"CFBX","longe001","","","S8/L8D.1-2","T",0,1,2,0,0,"F"
0,0,1,0,"*BX","beltb001","longe001","","46(1)/FO/G4MD.2-3;B-1","T",1,1,0,3,0,"F"
0,1,1,2,"BFFFS","florw001","","longe001","K","T",1,0,1,0,3,"F"
0,2,1,1,".BF>B","florw001","","longe001","SB2","F",0,0,2,0,3,"F"
0,2,3,1,".BF>B.VV","","florw001","longe001","IW","T",0,1,0,2,3,"F"
0,2,3,1,"BBBCX","crawb001","florw001","longe001","4/L4MD","T",1,0,1,2,3,"F"
1,0,1,2,".BFCX","","","","43/G4D","T",1,0,0,0,0,"F"
1,1,3,1,"BSBBX","","","","T9/L9LD+","T",0,3,0,0,0,"F"
1,1,1,0,"BX","","","escoe001","9/F9","T",1,0,0,0,3,"F"
1,2,2,2,"BB*SSS","","","escoe001","K","T",1,0,0,0,3,"F"
0,0,3,1,"BBCBX","","","","S8/L78","T",0,1,0,0,0,"F"
0,0,0,1,"S1>S","dubom001","","","CS2(26)","F",1,0,0,0,0,"F"
0,1,1,2,"S1>S.B*S","","","","K","T",1,0,0,0,0,"F"
0,2,1,0,"BX","","","","S8/G4M","T",0,1,0,0,0,"F"
0,2,2,2,".CF1*B11BS","duggs001","","","K","T",1,0,1,0,0,"F"
1,0,3,2,"...CBCBBB","","","","W","T",0,1,0,0,0,"F"
1,0,1,2,"CSB*S","locat001","","","K","T",1,0,1,0,0,"F"
1,1,1,1,"BFX","locat001","","","64(1)/FO/G6M.B-1","T",1,1,0,0,0,"F"
1,2,2,0,"BBX","martk001","","","63/G6","T",1,0,1,0,0,"F"
0,0,3,2,"..BBBCFFFX","","","","9/F9D","T",1,0,0,0,0,"F"
0,1,3,1,"BBFBX","","","","HR/F7D","T",0,4,0,0,0,"F"
0,1,3,2,"BBBCSX","","","","7/F7D","T",1,0,0,0,0,"F"
0,2,0,0,"X","","","","8/F8","T",1,0,0,0,0,"F"
1,0,0,1,"..CX","","","","43/G34D+","T",1,0,0,0,0,"F"
1,1,0,0,"X","","","","9/F9LD","T",1,0,0,0,0,"F"
1,2,2,1,"BCBX","","","","43/G4D","T",1,0,0,0,0,"F"
0,0,1,2,"CBFC","","","","K","T",1,0,0,0,0,"T"
0,1,1,0,"BX","","","","HR/L9D","T",0,4,0,0,0,"F"
0,1,2,1,"BCBX","","","","43/G6","T",1,0,0,0,0,"F"
0,2,1,0,"BX","","","","6/P4D","T",1,0,0,0,0,"F"
1,0,3,2,"BCBSBFB","","","","W","T",0,1,0,0,0,"F"
1,0,1,1,"CBX","calhk001","","","6/P78S","T",1,0,1,0,0,"F"
1,1,2,2,"CBSBX","calhk001","","","64(1)/FO/G6MD.B-1","T",1,1,0,0,0,"F"
1,2,1,2,"BCFX","marts002","","","7/F7","T",1,0,1,0,0,"F"
0,0,2,0,"BBX","","","","3/G34S+","T",1,0,0,0,0,"F"
0,1,2,2,"BBCSFX","","","","43/G89S","T",1,0,0,0,0,"F"
0,2,1,2,"BSCC","","","","K","T",1,0,0,0,0,"F"
1,0,3,2,"CFBBFBX","","","","7/L78D","T",1,0,0,0,0,"F"
1,1,1,0,"BX","","","","S4/G34","T",0,1,0,0,0,"F"
1,1,1,1,"SBX","escoe001","","","53/G56S.1-2","T",1,0,2,0,0,"F"
1,2,1,1,"BCX","","escoe001","","63/G4D","T",1,0,0,2,0,"F"
0,0,3,2,"FSBBBFFX","","","","8/L78D+","T",1,0,0,0,0,"F"
0,1,1,2,"BCFS","","","","K","T",1,0,0,0,0,"F"
0,2,2,2,"BFBCX","","","","E3/G34D.B-1","T",0,1,0,0,0,"F"
0,2,0,2,"1CS>B","yastm001","","","SB2","F",0,0,2,0,0,"F"
0,2,3,2,"1CS>B.*B*BC","","yastm001","","K","T",1,0,0,2,0,"F"
1,0,2,2,"BFFBFX","","","","6/P6","T",1,0,0,0,0,"F"
1,1,2,2,"FBBFS","","","","K","T",1,0,0,0,0,"F"
1,2,0,2,"CFC","","","","K","T",1,0,0,0,0,"F"
0,0,1,2,"CCFBX","","","","8/F8XD+","T",1,0,0,0,0,"F"
0,1,2,2,"BFBCC","","","","K","T",1,0,0,0,0,"F"
0,2,3,2,"CCBBB*B","","","","W","T",0,1,0,0,0,"F"
0,2,1,2,"F1BCS","solad001","","","K","T",1,0,1,0,0,"F"
1,0,2,2,"CBSBS","","","","K","T",1,0,0,0,0,"F"
1,1,1,2,"CCBFS","","","","K","T",1,0,0,0,0,"F"
1,2,0,1,"CX","","","","13/G2-","T",1,0,0,0,0,"F"
0,0,0,1,"CX","","","","9/F9LD","T",1,0,0,0,0,"F"
0,1,3,2,"CBCFFBFBS","","","","K","T",1,0,0,0,0,"F"
0,2,0,1,"SX","","","","8/F78XD","T",1,0,0,0,0,"F"
1,0,0,0,"X","","","","13/G6S-","T",1,0,0,0,0,"F"
1,1,2,1,"CBBX","","","","53/G56","T",1,0,0,0,0,"F"
1,2,2,2,"CBFBC","","","","K","T",1,0,0,0,0,"F"
0,0,1,2,".CSBS","","","","K","T",1,0,0,0,0,"F"
0,1,1,2,"SBSFX","","","","3/G23","T",1,0,0,0,0,"F"
0,2,0,2,"CC*S","","","","K","T",1,0,0,0,0,"F"
1,0,3,2,"BBCSFFFBB","","","","W","T",0,1,0,0,0,"F"
1,0,0,0,"X","varsd001","","","7/F7","T",1,0,1,0,0,"F"
1,1,0,1,"CX","varsd001","","","S9/L9D.1-2","T",0,1,2,0,0,"F"
1,1,3,1,"FBBBX","martk001","varsd001","","64(1)/FO/G6.2-3;B-1","T",1,1,0,3,0,"F"
1,2,0,2,"SF1S","marts002","","varsd001","K","T",1,0,1,0,3,"F"
0,0,1,2,".BSSS","","","","K","T",1,0,0,0,0,"F"
0,1,1,1,"BSX","","","","4/L4D","T",1,0,0,0,0,"F"
0,2,2,2,"FBBSFX","","","","8/L8D+","T",1,0,0,0,0,"F"
1,0,0,0,"X","","","","53/G5D","T",1,0,0,0,0,"F"
1,1,2,2,"CFFBBX","","","","HR/L89XD","T",0,4,0,0,0,"F"
1,1,0,1,"SX","","","","63/G56","T",1,0,0,0,0,"F"
1,2,3,2,"BSFBFB*B","","","","W","T",0,1,0,0,0,"F"
1,2,2,2,"..CB*BS1","lambj001","","","POCS2(134)","F",1,0,0,0,0,"F"
0,0,2,2,"..CBFBX","","","","S7/L7D","T",0,1,0,0,0,"F"
0,0,1,2,"B1FF1T","crawb001","","","K","T",1,0,1,0,0,"F"
0,1,1,1,".BCX","crawb001","","","D7/L7L.1-3","T",0,2,3,0,0,"F"
0,1,0,1,"..CH","","rickj001","crawb001","HP","T",0,1,0,2,3,"F"
0,1,1,0,"BX","yastm001","rickj001","crawb001","S7/L7S.3-H;2-3;1-2","T",0,1,2,3,4,"F"
0,1,0,2,"FFX","dicka001","yastm001","rickj001","S8/G4.3-H;2-H;1-3","T",0,1,3,4,4,"F"
0,1,0,2,".FCX","longe001","","duggs001","6(1)3/GDP/G4S","T",2,0,0,0,3,"F"
1,0,1,2,"...CCFBS","","","","K","T",1,0,0,0,0,"F"
1,1,0,1,"CX","","","","23/G2-","T",1,0,0,0,0,"F"
1,2,1,1,"CBX","","","","63/G6MD","T",1,0,0,0,0,"F"
0,0,0,2,".CFFF*S","","","","K.BX1(23)","T",1,0,0,0,0,"F"
0,1,1,0,"BX","","","","S8/G6M+","T",0,1,0,0,0,"F"
0,1,0,2,"SFFC","sandp001","","","K","T",1,0,1,0,0,"F"
0,2,0,1,"FX","sandp001","","","S9/L9S.1-2","T",0,1,2,0,0,"F"
0,2,1,2,"CF*BF*S","dubom001","sandp001","","K","T",1,0,1,2,0,"F"
1,0,2,2,".CBBFX","","","","31/G34","T",1,0,0,0,0,"F"
1,1,0,2,"FFX","","","","31/G3D","T",1,0,0,0,0,"F"
1,2,3,2,"BBFSBX","","","","43/G4D","T",1,0,0,0,0,"F"
0,0,0,2,"CFX","","","","8/F78XD","T",1,0,0,0,0,"T"
0,1,3,2,"CSFBBFBB","","","","W","T",0,1,0,0,0,"F"
0,1,1,2,"CBFX","seagc001","","","9/F89XD","T",1,0,1,0,0,"F"
0,2,3,2,"BBTCB>B","seagc001","","","W.1-2","T",0,1,2,0,0,"F"
0,2,1,2,"BSCX","bellc002","seagc001","","8/F8XD","T",1,0,1,2,0,"F"
1,0,0,0,"X","","","","7/F7LD","T",1,0,0,0,0,"F"
1,1,2,2,"CFBBX","","","","31/G3D+","T",1,0,0,0,0,"F"
1,2,2,2,"CBCBFFT","","","","K","T",1,0,0,0,0,"F"
0,0,3,2,"BFBSFBT","","","","K","T",1,0,0,0,0,"F"
0,1,2,2,"CBCBX","","","","HR/F7LD","T",0,4,0,0,0,"F"
0,1,1,1,"CBX","","","","8/F78XD+","T",1,0,0,0,0,"F"
0,2,1,1,"FBX","","","","S7/G56S+","T",0,1,0,0,0,"F"
0,2,0,0,"X","barna001","","","54(1)/FO/G5.B-1","T",1,1,0,0,0,"F"
1,0,2,2,"SBFFBFX","","","","13/G23","T",1,0,0,0,0,"F"
1,1,2,1,"BSBX","","","","7/F7S","T",1,0,0,0,0,"F"
1,2,2,2,"FBFBS","","","","K","T",1,0,0,0,0,"F"
0,0,0,0,"X","","","","8/F8D","T",1,0,0,0,0,"F"
0,1,2,2,"CSBBFX","","","","43/G6M","T",1,0,0,0,0,"F"
0,2,0,0,"X","","","","S8/G6M+","T",0,1,0,0,0,"F"
0,2,1,1,"CBX","bellc002","","","S9/L89.1-3","T",0,1,3,0,0,"F"
0,2,3,0,"BBBX","muncm001","","bellc002","8/F1S","T",1,0,1,0,3,"F"
1,0,0,2,"CFFFFX","","","","8/F8XD","T",1,0,0,0,0,"F"
1,1,1,1,"BCX","","","","HR/F7LD","T",0,4,0,0,0,"F"
1,1,2,2,"BSSBX","","","","S9/L89D","T",0,1,0,0,0,"F"
1,1,1,0,"B11>S","locat001","","","SB2","F",0,0,2,0,0,"F"
1,1,3,2,"B11>S.BSFF*BX","","locat001","","S9/L9+.2-3","T",0,1,0,3,0,"F"
1,1,1,0,"BX","rojaj001","","locat001","E4/TH/G34.3-H;1-3;B-1","T",0,1,3,0,4,"F"
1,1,1,2,"SB1FFX","martk001","","rojaj001","36(1)/FO/G3S.3-H(UR);B-1","T",1,1,0,0,5,"F"
1,2,2,0,"*BBX","walkc002","","","HR/F7D.1-H(UR);B-H(UR)","T",0,5,5,0,0,"F"
1,2,0,2,".CFS","","","","K","T",1,0,0,0,0,"F"
0,0,2,2,"BBFFS","","","","K","T",1,0,0,0,0,"F"
0,1,3,1,"BBCBB","","","","W","T",0,1,0,0,0,"F"
0,1,3,1,"FB1BBB","riose001","","","W.1-2","T",0,1,2,0,0,"F"
0,1,1,2,"FBFX","barna001","riose001","","9/F89","T",1,0,1,2,0,"F"
0,2,2,1,"FBBX","barna001","riose001","","8/F8XD","T",1,0,1,2,0,"F"
1,0,1,0,"BX","","","","13/G1S","T",1,0,0,0,0,"F"
1,1,2,2,"CCBFBFS","","","","K","T",1,0,0,0,0,"F"
1,2,3,0,"BBBX","","","","43/G34D","T",1,0,0,0,0,"F"
0,0,1,2,"FBCX","","","","S5/G5","T",0,1,0,0,0,"F"
0,0,1,0,".BX","polla001","","","7/F7","T",1,0,1,0,0,"F"
0,1,1,1,"BC1","polla001","","","PO1(E1/TH).1-2","F",0,0,2,0,0,"F"
0,1,3,1,"BC1.BBB","","polla001","","W","T",0,1,0,2,0,"F"
0,1,1,1,"FBX","muncm001","polla001","","S8/L78+.2-H;1-2","T",0,1,2,4,0,"F"
0,1,3,2,"BBBCFS","taylc001","muncm001","","K","T",1,0,1,2,0,"F"
0,2,3,2,"BCBCFB>F>B","taylc001","muncm001","","W.2-3;1-2","T",0,1,2,3,0,"F"
0,2,2,2,".FBC*BX","riose001","taylc001","muncm001","43/G4","T",1,0,1,2,3,"F"
1,0,1,1,".CBX","","","","63/G6D","T",1,0,0,0,0,"F"
1,1,2,2,"BBCCFX","","","","S8/L8D","T",0,1,0,0,0,"F"
1,1,3,2,"B11C1BC1FBX","rojaj001","","","34(1)/FO/G34.B-1","T",1,1,0,0,0,"F"
1,2,0,0,"X","martk001","","","6/L6","T",1,0,1,0,0,"F"
0,0,0,2,".CSC","","","","K","T",1,0,0,0,0,"F"
0,1,2,2,"BBFFS","","","","K","T",1,0,0,0,0,"F"
0,2,0,2,"SCS","","","","K","T",1,0,0,0,0,"F"
1,0,3,0,".BBBB","","","","W","T",0,1,0,0,0,"F"
1,0,0,1,"CX","calhk001","","","S8/G4.1-3","T",0,1,3,0,0,"F"
1,0,1,2,"BCFX","escoe001","","calhk001","54(1)/FO/G6.3-H;B-1","T",1,1,0,0,4,"F"
1,1,0,2,".CFB","perad001","","","WP.1-2","F",0,0,2,0,0,"F"
1,1,1,2,".CFB.S","","perad001","","K","T",1,0,0,2,0,"F"
1,2,1,2,"CCBX","","perad001","","63/G6M","T",1,0,0,2,0,"F"
0,0,3,2,"..BFFBBB","","","","W","T",0,1,0,0,0,"F"
0,0,2,2,"CBB1SF1X","bellc002","","","7/F78D","T",1,0,1,0,0,"F"
0,1,3,1,"LB1BBB","bellc002","","","W.1-2","T",0,1,2,0,0,"F"
0,1,0,1,"CX","taylc001","bellc002","","S8/G1S+.2-H;1-2","T",0,1,2,4,0,"F"
0,1,1,2,".SC*BB","lux-g001","taylc001","","WP.2-3;1-2","F",0,0,2,3,0,"F"
0,1,2,2,".SC*BB.X","","lux-g001","taylc001","D9/L89XD+.3-H;2-H","T",0,2,0,4,4,"F"
0,1,3,2,"FBBFBB","","riose001","","W","T",0,1,0,2,0,"F"
0,1,0,1,"FX","barna001","riose001","","S8/G6M+.2-H;1-3","T",0,1,3,4,0,"F"
0,1,0,1,"F11X","bettm001","","barna001","6(1)3/GDP/G4MS","T",2,0,0,0,3,"F"
1,0,0,2,".CCX","","","","53/G56","T",1,0,0,0,0,"F"
1,1,0,2,"SCX","","","","7/L7D","T",1,0,0,0,0,"F"
1,2,0,1,"FX","","","","13/G4MS","T",1,0,0,0,0,"F"
0,0,0,0,"X","","","","9/L89D","T",1,0,0,0,0,"F"
0,1,1,2,"FFBFS","","","","K+WP.B-1","T",0,1,0,0,0,"F"
0,1,1,0,"1B>C","bellc002","","","SB2","F",0,0,2,0,0,"F"
0,1,3,2,"1B>C.FBBS","","bellc002","","K","T",1,0,0,2,0,"F"
0,2,0,0,"H","","bellc002","","HP","T",0,1,0,2,0,"F"
0,2,3,2,".BBBCF>FN","taylc001","bellc002","","SB3","F",0,0,1,3,0,"F"
0,2,3,2,".BBBCF>FN.>*B","taylc001","","bellc002","W.1-2","T",0,1,2,0,3,"F"
0,2,3,2,"BSSB*B>X","lux-g001","taylc001","bellc002","31/G3","T",1,0,1,2,3,"F"
1,0,0,2,"SFFX","","","","53/G5","T",1,0,0,0,0,"F"
1,1,0,1,".SH","","","","HP","T",0,1,0,0,0,"F"
1,1,0,0,"X","calhk001","","","8/F8XD","T",1,0,1,0,0,"F"
1,2,0,1,"SX","calhk001","","","S9/G13.1-2","T",0,1,2,0,0,"F"
1,2,3,2,"*SBF*B*B>X","perad001","calhk001","","8/L89XD+","T",1,0,1,2,0,"F"
0,0,0,0,"X","","","","8/F89D","T",1,0,0,0,0,"F"
0,1,3,2,"CBBBCX","","","","8/F8XD","T",1,0,0,0,0,"F"
0,2,3,1,"CBBBB","","","","W","T",0,1,0,0,0,"F"
0,2,1,2,"CSBF1B","seagc001","","","WP.1-2","F",0,0,2,0,0,"F"
0,2,2,2,"CSBF1B.S","","seagc001","","K","T",1,0,0,2,0,"F"
1,0,0,2,"SF*S","","","","K","T",1,0,0,0,0,"F"
1,1,3,1,"BFBBB","","","","W","T",0,1,0,0,0,"F"
1,1,3,2,"BBC1BCFX","locat001","","","8/F8","T",1,0,1,0,0,"F"
1,2,0,1,".11C>B","locat001","","","SB2.1-3(E2/TH)","F",0,0,3,0,0,"F"
1,2,1,1,".11C>BN","","","locat001","OA.3XH(832)","F",1,0,0,0,0,"F"
0,0,0,0,"..X","","","","7/F78XD.2-3","T",1,0,0,0,0,"F"
0,1,3,0,"VVVV","","","","IW","T",0,1,0,0,0,"F"
0,1,1,0,"BX","muncm001","","","FC5/G5.3-H(E5)(NR)(UR);1-2;B-1","T",0,1,2,0,0,"F"
0,1,0,1,"*SX","taylc001","muncm001","","HR/F9LD.2-H(UR);1-H","T",0,4,4,5,0,"F"
0,1,0,0,"X","","","","31/G3D","T",1,0,0,0,0,"F"
0,2,2,2,"BCFFBFX","","","","53/G56","T",1,0,0,0,0,"F"
1,0,0,1,".CX","","","","31/G34.2-3","T",1,0,0,0,0,"F"
1,1,3,2,"FBFBFFBFFX","","","","HR/L7D.3-H(UR)","T",0,4,0,0,0,"F"
1,1,1,0,"BX","","","","43/G34S","T",1,0,0,0,0,"F"
1,2,1,2,"CCBX","","","","D9/L9L","T",0,2,0,0,0,"F"
1,2,1,0,"BN","","escoe001","","DI.2-3","F",0,0,0,3,0,"F"
1,2,2,2,"BN.SSBX","","","escoe001","S8/G4M.3-H","T",0,1,0,0,4,"F"
1,2,3,2,"B*B1BCC>C","perad001","","","K","T",1,0,1,0,0,"F"
0,0,1,0,"BX","","","","HR/F78XD+","T",0,4,0,0,0,"T"
0,0,3,2,"BBCCBFFX","","","","7/F78XD+","T",1,0,0,0,0,"F"
0,1,2,2,"BBSCX","","","","S7/L7D+","T",0,1,0,0,0,"F"
0,1,0,0,"1X","taylc001","","","8/F8D","T",1,0,1,0,0,"F"
0,2,3,2,"BCFBB>F>B","taylc001","","","W.1-2","T",0,1,2,0,0,"F"
0,2,0,0,"X","muncm001","taylc001","","9/L2","T",1,0,1,2,0,"F"
1,0,1,1,"CBX","","","","63/G6+","T",1,0,0,0,0,"F"
1,1,3,2,"BCBBCFFB","","","","W","T",0,1,0,0,0,"F"
1,1,3,2,"*BBCS1*BX","ahmen001","","","63/G6.1-2","T",1,0,2,0,0,"F"
1,2,1,1,"CBX","","ahmen001","","9/L9D","T",1,0,0,2,0,"F"
0,0,0,0,"X","","","","7/F7","T",1,0,0,0,0,"F"
0,1,0,1,"CX","","","","8/F78D","T",1,0,0,0,0,"F"
0,2,3,2,"CBFBBX","","","","HR/F7D+","T",0,4,0,0,0,"F"
0,2,1,2,"FCBC","","","","K","T",1,0,0,0,0,"F"
1,0,3,1,"BFBBX","","","","S6/BG5S-","T",0,1,0,0,0,"F"
1,0,1,2,"CC*BX","rojaj001","","","S5/G5S.1-2","T",0,1,2,0,0,"F"
1,0,3,1,"BBBCB","mathw001","rojaj001","","W.2-3;1-2","T",0,1,2,3,0,"F"
1,0,1,0,"BX","varsd001","mathw001","rojaj001","63/G56D+.3-H;2-3;1-2","T",1,0,2,3,4,"F"
1,1,2,1,"CBBX","","varsd001","mathw001","9/SF/F89D.3-H","T",1,0,0,2,4,"F"
1,2,1,1,"C*BX","","varsd001","","T8/L78XD+.2-H","T",0,3,0,4,0,"F"
1,2,1,2,"FF*BC","","","locat001","K","T",1,0,0,0,3,"F"
0,0,2,2,"FBFBC","","","","K","T",1,0,0,0,0,"F"
0,1,1,2,"SBSS","","","","K","T",1,0,0,0,0,"F"
0,2,1,0,"BX","","","","5/P5F/FL","T",1,0,0,0,0,"F"
1,0,1,1,"FBX","","","","9/F9L","T",1,0,0,0,0,"F"
1,1,0,0,"X","","","","9/F9S","T",1,0,0,0,0,"F"
1,2,0,2,"CCX","","","","31/G34D-","T",1,0,0,0,0,"F"
0,0,0,0,"X","","","","S9/L89+","T",0,1,0,0,0,"F"
0,0,2,2,"CB1BSX","muncm001","","","S8/L8.1-2","T",0,1,2,0,0,"F"
0,0,3,2,"BBSCFFBB","polla001","muncm001","","W.2-3;1-2","T",0,1,2,3,0,"F"
0,0,1,1,"SBX","smitw003","polla001","muncm001","64(1)/FO/G6D+.3-H;2-3;B-1","T",1,1,0,3,4,"F"
0,1,0,0,"1X","lux-g001","","polla001","S7/G56+.3-H;1-2","T",0,1,2,0,4,"F"
0,1,2,0,"*BBX","herne001","lux-g001","","9/F9D","T",1,0,1,2,0,"F"
0,2,1,0,"*BX","herne001","lux-g001","","53/G56S","T",1,0,1,2,0,"F"
1,0,2,2,"CBFBX","","","","9/F9D","T",1,0,0,0,0,"F"
1,1,0,2,"FSS","","","","K","T",1,0,0,0,0,"F"
1,2,1,2,"BCCX","","","","3/P3DF-/FL","T",1,0,0,0,0,"F"
0,0,0,0,"X","","","","23/G2-","T",1,0,0,0,0,"F"
0,1,1,2,"CBFS","","","","K","T",1,0,0,0,0,"F"
0,2,0,0,"X","","","","63/G4D","T",1,0,0,0,0,"F"
1,0,1,2,"CFBX","","","","7/L7","T",1,0,0,0,0,"F"
1,1,0,2,"CCX","","","","E6/TH/G56.B-1","T",0,1,0,0,0,"F"
1,1,0,2,"F11SX","locat001","","","D9/L9LS.1-H(E9)(NR)(UR);B-3(E9/TH)","T",0,3,5,0,0,"F"
1,1,2,2,"BFSFBFFS","","","ahmen001","K","T",1,0,0,0,3,"F"
1,2,1,1,"C*BX","","","ahmen001","63/G6D","T",1,0,0,0,3,"F"
0,0,0,2,"CCS","","","","K","T",1,0,0,0,0,"F"
0,1,0,0,"X","","","","4/P6MD","T",1,0,0,0,0,"F"
0,2,2,2,"CBBFX","","","","31/G34-","T",1,0,0,0,0,"F"
1,0,2,2,".CFBBS","","","","K","T",1,0,0,0,0,"F"
1,1,3,1,"CBBBB","","","","W","T",0,1,0,0,0,"F"
1,1,1,1,"BFX","mathw001","","","4/P9S-","T",1,0,1,0,0,"F"
1,2,0,0,".X","mathw001","","","3/P3-","T",1,0,1,0,0,"F"
0,0,0,2,".SF*S","","","","K","T",1,0,0,0,0,"F"
0,1,0,0,"X","","","","7/L7LD+","T",1,0,0,0,0,"F"
0,2,1,1,"FBX","","","","8/L1S+","T",1,0,0,0,0,"F"
1,0,1,2,"BCSS","","","","K","T",1,0,0,0,0,"F"
1,1,0,0,"H","","","","HP","T",0,1,0,0,0,"F"
1,1,0,1,"CX","locat001","","","S9/G34.1-2","T",0,1,2,0,0,"F"
1,1,1,0,"BX","ahmen001","locat001","","64(1)3/GDP/G56D","T",2,0,0,2,0,"F"
0,0,1,2,"SBFX","","","","9/F9LD","T",1,0,0,0,0,"F"
0,1,2,2,"BBCSS","","","","K","T",1,0,0,0,0,"F"
0,2,3,1,"BBBFB","","","","W","T",0,1,0,0,0,"F"
0,2,2,2,"*SFB*B1X","muncm001","","","S8/L8+.1-3","T",0,1,3,0,0,"F"
0,2,2,2,"BBF1CC","polla001","","muncm001","K","T",1,0,1,0,3,"F"
1,0,3,2,".BBBCFX","","","","DGR/L89XD+","T",0,2,0,0,0,"F"
1,0,1,2,"SFBC","","escoe001","","K","T",1,0,0,2,0,"F"
1,1,2,2,"CSFBBFFS","","escoe001","","K","T",1,0,0,2,0,"F"
1,2,0,0,"X","","escoe001","","43/G4D","T",1,0,0,2,0,"F"
0,0,1,2,".BCCX","","","","3/G3","T",1,0,0,0,0,"F"
0,1,0,2,"SCX","","","","E5/TH/G56-.B-1","T",0,1,0,0,0,"F"
0,1,0,1,"CX","herne001","","","7/F7LD","T",1,0,1,0,0,"F"
0,2,0,2,"1FF>S","herne001","","","K","T",1,0,1,0,0,"F"
1,0,1,2,".BSFFS","","","","K","T",1,0,0,0,0,"F"
1,1,0,1,"CX","","","","43/G4D","T",1,0,0,0,0,"F"
1,2,1,2,"SSBS","","","","K","T",1,0,0,0,0,"F"
0,0,0,0,"..B","","","","WP.2-3","F",0,0,0,0,0,"F"
0,0,3,0,"..B.BBX","","","","S7/G6+.3-H(UR)","T",0,1,0,0,0,"F"
0,0,0,2,"SFS","taylc001","","","K","T",1,0,1,0,0,"F"
0,1,3,2,"1BB1B1CS>B","taylc001","","","W.1-2","T",0,1,2,0,0,"F"
0,1,0,0,".X","muncm001","taylc001","","S8/L78XD+.2-H;1-3;B-2","T",0,2,3,4,0,"F"
0,1,3,0,"VVVV","","polla001","muncm001","IW","T",0,1,0,2,3,"F"
0,1,0,2,"SSC","smitw003","polla001","muncm001","K","T",1,0,1,2,3,"F"
0,2,0,1,"CX","smitw003","polla001","muncm001","8/L8XD+","T",1,0,1,2,3,"F"
1,0,0,1,"..CX","","","","63/G6S","T",1,0,0,0,0,"F"
1,1,2,1,"B*BCX","","","","7/F78XD","T",1,0,0,0,0,"F"
1,2,3,2,"SSBFBBX","","","","3/G3","T",1,0,0,0,0,"F"
0,0,2,2,"CBFFFBX","","","","7/F7LF/FL","T",1,0,0,0,0,"T"
0,1,1,2,"BFSFFX","","","","S8/L8XD","T",0,1,0,0,0,"F"
0,1,1,1,"BFX","seagc001","","","7/L78D+","T",1,0,1,0,0,"F"
0,2,0,2,"1CFS","seagc001","","","K","T",1,0,1,0,0,"F"
1,0,1,0,"BX","","","","S15/G1S","T",0,1,0,0,0,"F"
1,0,1,1,"B1CX","rojaj001","","","36(1)/FO/G.B-1","T",1,1,0,0,0,"F"
1,1,1,2,"CF*B1X","vanmj001","","","S4/G34.1-2","T",0,1,2,0,0,"F"
1,1,1,2,"CCBX","walkc002","vanmj001","","7/L78XD+","T",1,0,1,2,0,"F"
1,2,0,2,"FSX","walkc002","vanmj001","","8/F8XD","T",1,0,1,2,0,"F"
0,0,2,2,"CSFBBC","","","","K","T",1,0,0,0,0,"F"
0,1,0,2,"CFFX","","","","S8/L8","T",0,1,0,0,0,"F"
0,1,2,2,"BCB1SX","bellc002","","","9/F9D","T",1,0,1,0,0,"F"
0,2,1,0,"BX","bellc002","","","S7/G56+.1-2","T",0,1,2,0,0,"F"
0,2,2,2,"CF*BBFX","smitw003","bellc002","","7/F7LD","T",1,0,1,2,0,"F"
1,0,2,2,".BBCCX","","","","S4/G34","T",0,1,0,0,0,"F"
1,0,1,2,"F*BCB","perad001","","","WP.1-3(E2/TH)","F",0,0,3,0,0,"F"
1,0,2,2,"F*BCB.S","","","perad001","K","T",1,0,0,0,3,"F"
1,1,2,2,"BBCSX","","","perad001","6/L6MS","T",1,0,0,0,3,"F"
1,2,0,0,"X","","","perad001","9/F9S","T",1,0,0,0,3,"F"
0,0,0,0,"X","","","","53/G5","T",1,0,0,0,0,"F"
0,1,1,1,"BFX","","","","HR/L7LD","T",0,4,0,0,0,"F"
0,1,0,0,"X","","","","HR/F7D","T",0,4,0,0,0,"F"
0,1,2,2,"FBSBX","","","","1/G34S-","T",1,0,0,0,0,"F"
0,2,3,2,"FSBBBX","","","","E5/TH/G5.B-1","T",0,1,0,0,0,"F"
0,2,1,2,"B11CFX","taylc001","","","8/F","T",1,0,1,0,0,"F"
1,0,2,2,".BBCCFX","","","","E5/G4.B-1","T",0,1,0,0,0,"F"
1,0,0,2,"CCX","rojaj001","","","D9/L9L.1-3","T",0,2,3,0,0,"F"
1,0,3,2,"BF*BCFBX","","vanmj001","rojaj001","D7/G5.3-H(UR);2-H","T",0,2,0,4,5,"F"
1,0,0,0,"X","","walkc002","","9/L9D.2-3","T",1,0,0,3,0,"F"
1,1,1,1,"BFX","","","walkc002","7/F78S","T",1,0,0,0,3,"F"
1,2,3,2,"BSBBCC","","","walkc002","K","T",1,0,0,0,3,"F"
0,0,0,2,"CCFFX","","","","S8/G6MS","T",0,1,0,0,0,"F"
0,0,3,2,"BCB1SBX","herne001","","","D7/L7LD+.1-3","T",0,2,3,0,0,"F"
0,0,1,1,"BFX","","smitw003","herne001","8/F8","T",1,0,0,2,3,"F"
0,1,3,0,"VVVV","","smitw003","herne001","IW","T",0,1,0,2,3,"F"
0,1,2,0,"BBX","bettm001","smitw003","herne001","46(1)3/GDP/G4","T",2,0,0,2,3,"F"
1,0,3,2,".SBBSBFFX","","","","S4/G4MS","T",0,1,0,0,0,"F"
1,0,0,2,"CSX","ahmen001","","","8/L8D","T",1,0,1,0,0,"F"
1,1,0,2,".C11SX","ahmen001","","","S7/G6+.1-2","T",0,1,2,0,0,"F"
1,1,1,1,"SBX","kellc002","ahmen001","","6/P4MD","T",1,0,1,2,0,"F"
1,2,1,1,"BCX","kellc002","ahmen001","","7/F7D","T",1,0,1,2,0,"F"
0,0,1,1,"CBX","","","","7/F7","T",1,0,0,0,0,"F"
0,1,0,1,"CX","","","","8/F78D","T",1,0,0,0,0,"F"
0,2,3,2,"BCBFBB","","","","W","T",0,1,0,0,0,"F"
0,2,0,2,"CFX","taylc001","","","13/G34S+","T",1,0,1,0,0,"F"
1,0,0,0,"X","","","","9/F89","T",1,0,0,0,0,"F"
1,1,0,0,"X","","","","43/G9S+","T",1,0,0,0,0,"F"
1,2,0,2,"CCF*S","","","","K","T",1,0,0,0,0,"F"
0,0,3,1,".BBBCB","","","","W","T",0,1,0,0,0,"F"
0,0,1,2,"CC*BFX","herne001","","","S8/G4M+.1-3;BX2(863)","T",1,0,3,0,0,"F"
0,1,3,0,"BBBB","","","herne001","W","T",0,1,0,0,3,"F"
0,1,1,2,"FF*B>B","barna001","","herne001","CSH(242).1-2","F",1,0,2,0,0,"F"
0,2,3,2,"FF*B>B.BF*B","","barna001","","W","T",0,1,0,2,0,"F"
0,2,1,2,"BFFX","bettm001","barna001","","31/G3D+","T",1,0,1,2,0,"F"
1,0,2,0,"BBX","","","","43/G34D","T",1,0,0,0,0,"F"
1,1,0,0,"X","","","","S8/L8D","T",0,1,0,0,0,"F"
1,1,0,2,"CS11B","ahmen001","","","WP.1-2","F",0,0,2,0,0,"F"
1,1,1,2,"CS11B.X","","ahmen001","","T9/F9D+.2-H","T",0,3,0,4,0,"F"
1,1,0,1,"FX","","","varsd001","HR/L78XD.3-H","T",0,4,0,0,4,"F"
1,1,3,2,"BSBCBX","","","","63/G6","T",1,0,0,0,0,"F"
1,2,0,2,"CCX","","","","6/P5SF/FL","T",1,0,0,0,0,"F"
0,0,2,2,"CFFBFBC","","","","K","T",1,0,0,0,0,"F"
0,1,2,2,"BBCCC","","","","K","T",1,0,0,0,0,"F"
0,2,1,2,"CSBC","","","","K","T",1,0,0,0,0,"F"
1,0,3,2,"CBBFFBFC","","","","K","T",1,0,0,0,0,"F"
1,1,0,1,"SX","","","","3/G3","T",1,0,0,0,0,"F"
1,2,1,2,"FSBX","","","","8/F8D","T",1,0,0,0,0,"F"
0,0,2,2,"BBFCX","","","","3/G3+","T",1,0,0,0,0,"F"
0,1,3,1,"BBFBB","","","","W","T",0,1,0,0,0,"F"
0,1,1,2,"BCFX","herne001","","","S4/G34.1-2","T",0,1,2,0,0,"F"
0,1,0,2,".CCS","smitw003","herne001","","K","T",1,0,1,2,0,"F"
0,2,1,1,"CBX","smitw003","herne001","","8/F8XD+","T",1,0,1,2,0,"F"
1,0,1,2,"..BCSFX","","","","S8/L78XD","T",0,1,0,0,0,"F"
1,0,1,0,"BX","perad001","","","8/F8D","T",1,0,1,0,0,"F"
1,1,3,2,"C*BS*BF*B>B","perad001","","","W.1-2","T",0,1,2,0,0,"F"
1,1,1,2,"BSFC","varsd001","perad001","","K","T",1,0,1,2,0,"F"
1,2,1,1,"SBX","varsd001","perad001","","7/L78D","T",1,0,1,2,0,"F"
0,0,1,2,"FCBX","","","","43/G34D","T",1,0,0,0,0,"F"
0,1,3,2,"CBCFBBB","","","","W","T",0,1,0,0,0,"F"
0,1,3,2,".BBFFBC","polla001","","","K","T",1,0,1,0,0,"F"
0,2,1,0,".BX","polla001","","","6/P6D","T",1,0,1,0,0,"F"
0,0,1,2,"CBSFX","","","","E6/G56.B-1","T",0,1,0,0,0,"T"
0,0,0,1,"SX","moord002","","","9/L89XD","T",1,0,1,0,0,"F"
0,1,1,0,"1B11","moord002","","","SB2","F",0,0,2,0,0,"F"
0,1,2,2,"1B11.SBFS","","moord002","","K","T",1,0,0,2,0,"F"
0,2,0,2,"CCS","","moord002","","K","T",1,0,0,2,0,"F"
1,0,1,2,"CFBFX","","","","S8/G6M","T",0,1,0,0,0,"F"
1,0,1,2,"11CBFFX","locat001","","","36(1)/FO/G34.B-1","T",1,1,0,0,0,"F"
1,1,0,1,"C>X","rojaj001","","","T9/L9L+.1-H","T",0,3,4,0,0,"F"
1,1,0,0,"X","","","walkc002","7/SF/L78XD.3-H","T",1,0,0,0,4,"F"
1,2,1,2,"BFSX","","","","D9/L9L+","T",0,2,0,0,0,"F"
1,2,0,1,"CX","","calhk001","","S9/L9S.2-H","T",0,1,0,4,0,"F"
1,2,0,2,"CF>B","ahmen001","","","SB2","F",0,0,2,0,0,"F"
1,2,1,2,"CF>B.FS","","ahmen001","","K","T",1,0,0,2,0,"F"
0,0,1,1,"CBX","","","","5/L5+","T",1,0,0,0,0,"F"
0,1,3,1,"FBBBB","","","","W","T",0,1,0,0,0,"F"
0,1,1,2,"CFF*BC","torrl001","","","K","T",1,0,1,0,0,"F"
0,2,0,1,"CX","torrl001","","","7/F7LD+","T",1,0,1,0,0,"F"
1,0,3,2,"BBCSFBX","","","","63/G4D","T",1,0,0,0,0,"F"
1,1,2,2,"CBFFBX","","","","9/L9","T",1,0,0,0,0,"F"
1,2,2,1,"BBCX","","","","13/G23-","T",1,0,0,0,0,"F"
0,0,0,1,"CX","","","","3/G34","T",1,0,0,0,0,"F"
0,1,2,2,"BBCCX","","","","HR/L7D","T",0,4,0,0,0,"F"
0,1,0,0,"X","","","","5/P5SF/FL","T",1,0,0,0,0,"F"
0,2,0,1,"CX","","","","63/G6D","T",1,0,0,0,0,"F"
1,0,0,0,"X","","","","S9/G34","T",0,1,0,0,0,"F"
1,0,0,1,"C1X","rojaj001","","","43/G34.1-2","T",1,0,2,0,0,"F"
1,1,2,1,"BC*BX","","rojaj001","","D9/F9L.2-3","T",0,2,0,3,0,"F"
1,1,0,1,"CX","","escoe001","rojaj001","8/SF/F8XD.3-H;2-3","T",1,0,0,3,4,"F"
1,2,1,2,"CSF*BX","","","escoe001","8/L8XD","T",1,0,0,0,3,"F"
0,0,2,2,".SSBBX","","","","8/L8XD","T",1,0,0,0,0,"F"
0,1,1,1,"CBX","","","","4/P34D","T",1,0,0,0,0,"F"
0,2,2,2,"FBFFBX","","","","5/L5D","T",1,0,0,0,0,"F"
1,0,1,2,"SCBS","","","","K","T",1,0,0,0,0,"F"
1,1,3,1,"BBFBB","","","","W","T",0,1,0,0,0,"F"
1,1,1,2,"FBSX","vogts001","","","9/F89S","T",1,0,1,0,0,"F"
1,2,2,0,"B*BX","vogts001","","","9/F9L","T",1,0,1,0,0,"F"
0,0,0,2,"CSX","","","","3/G3","T",1,0,0,0,0,"F"
0,1,3,1,"CBBBB","","","","W","T",0,1,0,0,0,"F"
0,1,0,2,"S1FX","ervip001","","","6/P6MD","T",1,0,1,0,0,"F"
0,2,0,2,"1SSX","ervip001","","","64(1)/FO/G6.B-1","T",1,1,0,0,0,"F"
1,0,0,2,"CTX","","","","43/G4","T",1,0,0,0,0,"F"
1,1,1,0,"BX","","","","4/L4D","T",1,0,0,0,0,"F"
1,2,0,2,"CF*S","","","","K","T",1,0,0,0,0,"F"
0,0,1,0,"BX","","","","9/F9D","T",1,0,0,0,0,"F"
0,1,0,0,"X","","","","8/L8XD+","T",1,0,0,0,0,"F"
0,2,2,2,"CSBBFX","","","","8/F89XD","T",1,0,0,0,0,"F"
1,0,0,1,"FX","","","","43/G34D","T",1,0,0,0,0,"F"
1,1,3,2,"BCBFBFFS","","","","K","T",1,0,0,0,0,"F"
1,2,1,2,"CSBFS","","","","K","T",1,0,0,0,0,"F"
0,0,3,2,"FBBFBB","","","","W","T",0,1,0,0,0,"F"
0,0,1,2,"FFBF1B","white005","","","WP.1-2","F",0,0,2,0,0,"F"
0,0,2,2,"FFBF1B.FFX","","white005","","53/G56S","T",1,0,0,2,0,"F"
0,1,2,2,"SFBBX","","white005","","S9/L89XD.2-H","T",0,1,0,4,0,"F"
0,1,0,1,"SX","marmj001","","","54(1)3/GDP/G5S","T",2,0,0,0,0,"F"
1,0,0,1,".CX","","","","8/F8","T",1,0,0,0,0,"F"
1,1,3,1,"BCBBX","","","","6/L6D","T",1,0,0,0,0,"F"
1,2,2,2,"BBFFFX","","","","9/F89","T",1,0,0,0,0,"F"
0,0,1,2,"FBSX","","","","8/L8","T",1,0,0,0,0,"F"
0,1,0,1,"FX","","","","8/F8D","T",1,0,0,0,0,"F"
0,2,1,0,"BX","","","","HR/F7D","T",0,4,0,0,0,"F"
0,2,3,2,"CBBBSX","","","","5/P5S","T",1,0,0,0,0,"F"
1,0,1,2,".CCBX","","","","S7/L7","T",0,1,0,0,0,"F"
1,0,1,1,"C11B1X","rojaj001","","","8/F8D.1-2","T",1,0,2,0,0,"F"
1,1,1,1,"BSX","","rojaj001","","9/F9L","T",1,0,0,2,0,"F"
1,2,3,2,"BBSFBS","","rojaj001","","K","T",1,0,0,2,0,"F"
0,0,2,2,"FBBFF*S","","","","K","T",1,0,0,0,0,"F"
0,1,3,2,".BBFCBC","","","","K","T",1,0,0,0,0,"F"
0,2,0,2,"CCX","","","","63/G56D+","T",1,0,0,0,0,"F"
0,0,1,2,"BCS*S","","","","K","T",1,0,0,0,0,"T"
0,1,0,1,"CX","","","","HR/L7D","T",0,4,0,0,0,"F"
0,1,3,2,"CBBFBS","","","","K","T",1,0,0,0,0,"F"
0,2,3,1,"BBBFB","","","","W","T",0,1,0,0,0,"F"
0,2,0,0,"11X","seagk001","","","D8/L78D.1-H","T",0,2,4,0,0,"F"
0,2,3,2,"CCBBBB","","marmj001","","W","T",0,1,0,2,0,"F"
0,2,0,1,"CX","white005","marmj001","","D7/L7LD+.2-H;1-H","T",0,2,4,4,0,"F"
0,2,0,2,"FSS","","torrl001","","K","T",1,0,0,2,0,"F"
1,0,0,2,"CCC","","","","K","T",1,0,0,0,0,"F"
1,1,2,1,"BCBX","","","","S9/G4","T",0,1,0,0,0,"F"
1,1,1,2,"CFB1X","ahmen001","","","64(1)3/GDP/G6M","T",2,0,0,0,0,"F"
0,0,1,1,"CBX","","","","S7/G56","T",0,1,0,0,0,"F"
0,0,0,1,"11CX","ervip001","","","3/P34S","T",1,0,1,0,0,"F"
0,1,1,1,"1C1B1X","ervip001","","","S4/G4.1-2","T",0,1,2,0,0,"F"
0,1,3,2,"BCBF*BB","frant002","ervip001","","W.2-3;1-2","T",0,1,2,3,0,"F"
0,1,3,2,"B*BBFCB","lewik001","frant002","ervip001","W.3-H;2-3;1-2","T",0,1,2,3,4,"F"
0,1,1,0,"BX","seagk001","lewik001","frant002","6/P7S","T",1,0,1,2,3,"F"
0,2,2,2,"BCBFFT","seagk001","lewik001","frant002","K","T",1,0,1,2,3,"F"
1,0,1,0,"BX","","","","53/G56+","T",1,0,0,0,0,"F"
1,1,3,2,"CCBBBC","","","","K","T",1,0,0,0,0,"F"
1,2,1,2,"CTBT","","","","K","T",1,0,0,0,0,"F"
0,0,1,2,"CBSX","","","","8/L8XD+","T",1,0,0,0,0,"F"
0,1,0,0,"X","","","","8/L78D","T",1,0,0,0,0,"F"
0,2,3,2,"BFBFBX","","","","7/F7D+","T",1,0,0,0,0,"F"
1,0,1,1,"FBX","","","","31/G34D","T",1,0,0,0,0,"F"
1,1,3,2,"BBBCFB","","","","W","T",0,1,0,0,0,"F"
1,1,0,1,"CX","kellc002","","","64(1)/FO/G6MS+.B-1","T",1,1,0,0,0,"F"
1,2,0,0,"X","smitp002","","","8/L78XD","T",1,0,1,0,0,"F"
0,0,1,2,"CBCX","","","","53/G56","T",1,0,0,0,0,"F"
0,1,2,1,"BBCX","","","","S8/L8D","T",0,1,0,0,0,"F"
0,1,0,1,"1S1X","frant002","","","64(1)3/GDP/G6","T",2,0,0,0,0,"F"
1,0,0,0,"X","","","","S8/L8XD+","T",0,1,0,0,0,"F"
1,0,3,1,"BFB*BB","ahmen001","","","W.1-2","T",0,1,2,0,0,"F"
1,0,0,2,"CFFFX","walkc002","ahmen001","","S8/F8.2-3;1-2","T",0,1,2,3,0,"F"
1,0,1,0,"BX","escoe001","walkc002","ahmen001","7/F7LS","T",1,0,1,2,3,"F"
1,1,0,0,"X","escoe001","walkc002","ahmen001","S7/G6+.3-H;2-H;1-2","T",0,1,2,4,4,"F"
1,1,3,0,"BBBB","mathw001","escoe001","","W.2-3;1-2","T",0,1,2,3,0,"F"
1,1,0,2,"CFT","vanmj001","mathw001","escoe001","K","T",1,0,1,2,3,"F"
1,2,0,1,"CX","vanmj001","mathw001","escoe001","31/G34","T",1,0,1,2,3,"F"
0,0,3,0,"BBB*B","","","","W","T",0,1,0,0,0,"F"
0,0,1,1,"1C1BX","seagk001","","","HR/F9D.1-H","T",0,4,4,0,0,"F"
0,0,2,2,"TBFB*S","","","","K","T",1,0,0,0,0,"F"
0,1,1,1,"BCX","","","","8/F8","T",1,0,0,0,0,"F"
0,2,2,2,"SSBBS","","","","K","T",1,0,0,0,0,"F"
1,0,0,1,"CX","","","","9/L9D","T",1,0,0,0,0,"F"
1,1,2,2,"CCBFBX","","","","9/F9D","T",1,0,0,0,0,"F"
1,2,1,2,"TCFFBFH","","","","HP","T",0,1,0,0,0,"F"
1,2,0,0,"X","walkc002","","","9/F1S","T",1,0,1,0,0,"F"
0,0,1,0,".BX","","","","D9/G3","T",0,2,0,0,0,"F"
0,0,2,2,"BBC*SS","","ervip001","","K","T",1,0,0,2,0,"F"
0,1,0,0,"X","","ervip001","","7/L7","T",1,0,0,2,0,"F"
0,2,0,2,"SF*S","","ervip001","","K.BX1(23)","T",1,0,0,2,0,"F"
1,0,0,2,"CFS","","","","K","T",1,0,0,0,0,"F"
1,1,2,2,"BSBFC","","","","K","T",1,0,0,0,0,"F"
1,2,0,2,"SCS","","","","K","T",1,0,0,0,0,"F"
0,0,3,2,"CBBBCX","","","","7/F7LS","T",1,0,0,0,0,"F"
0,1,0,0,"X","","","","9/F89XD","T",1,0,0,0,0,"F"
0,2,0,0,"X","","","","7/L78D+","T",1,0,0,0,0,"F"
1,0,0,0,"X","","","","63/G6","T",1,0,0,0,0,"F"
1,1,0,1,"CX","","","","3/G3","T",1,0,0,0,0,"F"
1,2,1,2,"CSBFFX","","","","S5/G5S","T",0,1,0,0,0,"F"
1,2,0,0,"B","locat001","","","WP.1-2","F",0,0,2,0,0,"F"
1,2,1,0,"B.X","","locat001","","53/G5","T",1,0,0,2,0,"F"
0,0,2,2,".FBBFX","","","","S8/G6M+","T",0,1,0,0,0,"F"
0,0,0,0,"X","torrl001","","","6(1)3/GDP/G6MD","T",2,0,0,0,0,"F"
0,2,2,2,"CBCBS","","","","K","T",1,0,0,0,0,"F"
1,0,1,2,".CBSX","","","","D7/L78XD+","T",0,2,0,0,0,"F"
1,0,0,1,"CX","","walkc002","","43/G4.2-3","T",1,0,0,3,0,"F"
1,1,0,0,"X","","","walkc002","43/G4.3-H","T",1,0,0,0,4,"F"
1,2,2,1,"BBCX","","","","8/F8D","T",1,0,0,0,0,"F"
0,0,3,2,".CBBSFBX","","","","S8/L8D+","T",0,1,0,0,0,"F"
0,0,3,1,"B1CB1B>B","moord002","","","W.1-2","T",0,1,2,0,0,"F"
0,0,2,1,"*BSBX","frant002","moord002","","54(1)3/GDP/G56.2-3","T",2,0,0,3,0,"F"
0,2,1,0,"BX","","","moord002","8/F78XD","T",1,0,0,0,3,"F"
1,0,1,1,".FBX","","","","53/G6S","T",1,0,0,0,0,"F"
1,1,0,0,"X","","","","7/F7D","T",1,0,0,0,0,"F"
1,2,1,1,"BCX","","","","S8/G6M","T",0,1,0,0,0,"F"
1,2,1,1,"BFX","smitp002","","","53/G5","T",1,0,1,0,0,"F"
0,0,1,2,"BSFX","","","","63/G6D","T",1,0,0,0,0,"T"
0,1,2,2,"FBBFS","","","","K","T",1,0,0,0,0,"F"
0,2,3,2,"BBBCF*B","","","","W","T",0,1,0,0,0,"F"
0,2,3,2,"BBCCB>X","seagk001","","","D9/L9L.1-H","T",0,2,4,0,0,"F"
0,2,2,2,"SCBBS","","marmj001","","K","T",1,0,0,2,0,"F"
1,0,3,2,"SBBBCB","","","","W","T",0,1,0,0,0,"F"
1,0,0,0,"X","rojaj001","","","D9/L8XD+.1-H","T",0,2,4,0,0,"F"
1,0,3,2,"BF*B+2FBC","","vanmj001","","K","T",1,0,0,2,0,"F"
1,1,3,1,"F*BBBB","","vanmj001","","W","T",0,1,0,2,0,"F"
1,1,2,2,"CFBF2FBS","calhk001","vanmj001","","K","T",1,0,1,2,0,"F"
1,2,1,1,"BFX","calhk001","vanmj001","","8/F1S","T",1,0,1,2,0,"F"
0,0,3,2,"BCSBBB","","","","W","T",0,1,0,0,0,"F"
0,0,2,2,"S1BLB>FX","ervip001","","","S9/L9.1-3","T",0,1,3,0,0,"F"
0,0,0,2,"C1S1X","gordd002","","ervip001","43/G34.3-H;1-2","T",1,0,2,0,4,"F"
0,1,0,1,"CX","","gordd002","","9/F9S","T",1,0,0,2,0,"F"
0,2,3,0,"B*BB>B","","gordd002","","W+SB3","T",0,1,0,3,0,"F"
0,2,0,2,"1C1F>B","moord002","","gordd002","CS2(243)","F",1,0,0,0,3,"F"
1,0,2,2,"BCBFFS","","","","K","T",1,0,0,0,0,"F"
1,1,3,2,"BFSBFBB","","","","W","T",0,1,0,0,0,"F"
1,1,1,1,"CB>B","varsd001","","","SB2","F",0,0,2,0,0,"F"
1,1,3,1,"CB>B.BB","","varsd001","","W","T",0,1,0,2,0,"F"
1,1,1,0,"*B>C","smitp002","varsd001","","SB3;SB2","F",0,0,2,3,0,"F"
1,1,3,2,"*B>C.FFF*BBFB","","smitp002","varsd001","W","T",0,1,0,2,3,"F"
1,1,3,2,"BBC*BFS","rojaj001","smitp002","varsd001","K","T",1,0,1,2,3,"F"
1,2,2,2,"*S*SBBS","rojaj001","smitp002","varsd001","K","T",1,0,1,2,3,"F"
0,0,2,2,"SBBSFFX","","","","43/G4D","T",1,0,0,0,0,"F"
0,1,1,2,"CFBFFX","","","","5/P5","T",1,0,0,0,0,"F"
0,2,2,2,"BBSSFX","","","","3/L3D","T",1,0,0,0,0,"F"
1,0,1,2,".BSF*S","","","","K","T",1,0,0,0,0,"F"
1,1,3,2,"CBSBBX","","","","D9/L89D","T",0,2,0,0,0,"F"
1,1,3,2,"BFC*B*BS","","perad001","","K","T",1,0,0,2,0,"F"
1,2,0,1,"CX","","perad001","","4/L6MD","T",1,0,0,2,0,"F"
0,0,1,2,"BSCFS","","","","K","T",1,0,0,0,0,"F"
0,1,0,0,"X","","","","4/P34D","T",1,0,0,0,0,"F"
0,2,2,2,"CCBBX","","","","43/G1S","T",1,0,0,0,0,"F"
1,0,2,2,"CBFFBS","","","","K","T",1,0,0,0,0,"F"
1,1,0,0,"X","","","","3/G3D+","T",1,0,0,0,0,"F"
1,2,2,2,"CSBBX","","","","7/L7D","T",1,0,0,0,0,"F"
0,0,1,1,"CBX","","","","3/G3","T",1,0,0,0,0,"F"
0,1,0,1,"CX","","","","S8/L8D","T",0,1,0,0,0,"F"
0,1,3,1,"BFBBX","odomj001","","","9/F9LS","T",1,0,1,0,0,"F"
0,2,0,0,"X","odomj001","","","D7/G5+.1-3","T",0,2,3,0,0,"F"
0,2,0,1,"CX","","frant002","odomj001","8/F89D","T",1,0,0,2,3,"F"
1,0,3,2,".BFBCBB","","","","W","T",0,1,0,0,0,"F"
1,0,1,2,"CBFFC","vanmj001","","","K","T",1,0,1,0,0,"F"
1,1,0,1,"CX","vanmj001","","","3(B)6(1)/GDP/G3","T",2,0,0,0,0,"F"
0,0,3,2,".BBCBCFB","","","","W","T",0,1,0,0,0,"F"
0,0,1,2,"BCSC","marmj001","","","K","T",1,0,1,0,0,"F"
0,1,3,1,"CBBBB","marmj001","","","W.1-2","T",0,1,2,0,0,"F"
0,1,3,2,"BSBCBX","ervip001","marmj001","","8/L8D","T",1,0,1,2,0,"F"
0,2,1,1,"BFX","ervip001","marmj001","","D8/L8XD+.2-H;1-H","T",0,2,4,4,0,"F"
0,2,2,2,".BCFBB","","waltd002","","WP.2-3","F",0,0,0,3,0,"F"
0,2,3,2,".BCFBB.X","","","waltd002","63/G6MD","T",1,0,0,0,3,"F"
1,0,0,2,".CFS","","","","K","T",1,0,0,0,0,"F"
1,1,1,1,".BCX","","","","63/G1S+","T",1,0,0,0,0,"F"
1,2,1,0,"BX","","","","S1/BG25-","T",0,1,0,0,0,"F"
1,2,0,0,"X","ahmen001","","","7/F78S","T",1,0,1,0,0,"F"
0,0,0,1,".CX","","","","63/G56","T",1,0,0,0,0,"F"
0,1,1,2,"CSBC","","","","K","T",1,0,0,0,0,"F"
0,2,1,2,"CBFX","","","","63/G4D","T",1,0,0,0,0,"F"
1,0,0,1,"CX","","","","S9/L89S","T",0,1,0,0,0,"F"
1,0,3,2,"BFB1BFFB","smitp002","","","W.1-2","T",0,1,2,0,0,"F"
1,0,2,0,"BBX","rojaj001","smitp002","","S9/L9.2-3;1-2","T",0,1,2,3,0,"F"
1,0,3,1,".B*BCBX","vanmj001","rojaj001","smitp002","36(1)/FO/G34+.3-H;2-3;B-1","T",1,1,0,3,4,"F"
1,1,1,2,"CBFX","walkc002","","rojaj001","8/SF/L8XD.3-H","T",1,0,1,0,4,"F"
1,2,2,2,"CFBFBS","walkc002","","","K","T",1,0,1,0,0,"F"
0,0,1,1,".FBX","","","","S9/G34+","T",0,1,0,0,0,"F"
0,0,0,1,".F1X","lewik001","","","S8/L8S.1-2","T",0,1,2,0,0,"F"
0,0,0,0,"X","white005","lewik001","","D7/L7LD.2-H;1-3","T",0,2,3,4,0,"F"
0,0,0,0,"X","","ervip001","white005","7/F78S","T",1,0,0,2,3,"F"
0,1,1,2,"B*S*S*S","","ervip001","white005","K.BX1(23)","T",1,0,0,2,3,"F"
0,2,1,1,"BFB","","ervip001","white005","WP.3-H(NR);2-3","F",0,0,0,3,4,"F"
0,2,2,2,"BFB.FC","","","ervip001","K","T",1,0,0,0,3,"F"
1,0,3,0,"...BBBB","","","","W","T",0,1,0,0,0,"F"
1,0,1,1,"B1CX","locat001","","","5/P5F/FL","T",1,0,1,0,0,"F"
1,1,0,2,"CSC","locat001","","","K","T",1,0,1,0,0,"F"
1,2,2,2,"CBC*BX","locat001","","","4/P4","T",1,0,1,0,0,"F"
0,0,0,1,".CX","","","","S7/G6","T",0,1,0,0,0,"F"
0,0,1,1,"B1S1>B","moord002","","","SB2","F",0,0,2,0,0,"F"
0,0,3,2,"B1S1>B.BSFB","","moord002","","W","T",0,1,0,2,0,"F"
0,0,3,1,"*BBFBX","frant002","moord002","","8/F8XD.2-3;1-2","T",1,0,2,3,0,"F"
0,1,0,2,"CFX","","frant002","moord002","8/SF/L8D+.3-H","T",1,0,0,2,4,"F"
0,2,2,2,"BFBSC","","frant002","","K","T",1,0,0,2,0,"F"
1,0,1,0,".BX","","","","9/L9+","T",1,0,0,0,0,"F"
1,1,3,2,"BBBCCX","","","","9/L9LD","T",1,0,0,0,0,"F"
1,2,1,2,"BFS*S","","","","K","T",1,0,0,0,0,"F"
0,0,3,0,"BBBB","","","","W","T",0,1,0,0,0,"T"
0,0,3,2,"B1BBCCB","tavel001","","","W.1-2","T",0,1,2,0,0,"F"
0,0,3,2,"BBCCFFBB","solan001","tavel001","","W.2-3;1-2","T",0,1,2,3,0,"F"
0,0,0,2,"CCX","kinei001","solan001","tavel001","5/P5SF/FL","T",1,0,1,2,3,"F"
0,1,2,2,"SB*BFS","kinei001","solan001","tavel001","K","T",1,0,1,2,3,"F"
0,2,0,2,"CC*S","kinei001","solan001","tavel001","K","T",1,0,1,2,3,"F"
1,0,1,2,"BCFX","","","","8/L78XD+","T",1,0,0,0,0,"F"
1,1,1,0,"BX","","","","7/F7D","T",1,0,0,0,0,"F"
1,2,1,2,"CBSX","","","","S7/L7LD","T",0,1,0,0,0,"F"
1,2,3,2,"SBBSB>S","walkc002","","","K","T",1,0,1,0,0,"F"
0,0,2,2,"CBSFBX","","","","63/G56","T",1,0,0,0,0,"F"
0,1,3,2,"SBSBBX","","","","53/G56D","T",1,0,0,0,0,"F"
0,2,2,2,"BFBFX","","","","S7/G6","T",0,1,0,0,0,"F"
0,2,1,1,"CB11>B","white006","","","SB2","F",0,0,2,0,0,"F"
0,2,2,1,"CB11>B.X","","white006","","3/P34S","T",1,0,0,2,0,"F"
1,0,0,1,"CX","","","","S8/L8D","T",0,1,0,0,0,"F"
1,0,0,0,"X","escoe001","","","S8/G4M+.1-2","T",0,1,2,0,0,"F"
1,0,3,1,"BBBCX","perad001","escoe001","","5/L5D+","T",1,0,1,2,0,"F"
1,1,0,2,"SSX","perad001","escoe001","","13/G23.2-3;1-2","T",1,0,2,3,0,"F"
1,2,0,1,"SX","","perad001","escoe001","8/L78D","T",1,0,0,2,3,"F"
0,0,1,1,"BCX","","","","9/F9LD","T",1,0,0,0,0,"F"
0,1,3,2,"BBFBCX","","","","63/G6","T",1,0,0,0,0,"F"
0,2,0,2,"CSX","","","","7/F7D+","T",1,0,0,0,0,"F"
1,0,1,0,"BX","","","","7/F7D","T",1,0,0,0,0,"F"
1,1,1,2,"CFFBX","","","","8/L78D","T",1,0,0,0,0,"F"
1,2,0,0,"X","","","","63/G1S+","T",1,0,0,0,0,"F"
0,0,3,2,"BFCBBX","","","","7/F7LS","T",1,0,0,0,0,"F"
0,1,2,2,"BCFBX","","","","6/P56","T",1,0,0,0,0,"F"
0,2,2,2,"SBBFX","","","","8/F8XD","T",1,0,0,0,0,"F"
1,0,1,0,"BX","","","","3E1/G3.B-1","T",0,1,0,0,0,"F"
1,0,3,2,"BFFBBFFX","calhk001","","","S9/L89D+.1-2","T",0,1,2,0,0,"F"
1,0,1,1,"BSX","escoe001","calhk001","","S49/G34.2-H(UR);1-3","T",0,1,3,5,0,"F"
1,0,1,2,"C*B*SS","perad001","","escoe001","K","T",1,0,1,0,3,"F"
1,1,2,0,"BBX","perad001","","escoe001","9/SF/L89D.3-H(UR)","T",1,0,1,0,5,"F"
1,2,3,2,"BBSCF*B>X","perad001","","","9/F89XD","T",1,0,1,0,0,"F"
0,0,1,2,".CBSC","","","","K","T",1,0,0,0,0,"F"
0,1,2,2,"CFBBX","","","","S8/L78D","T",0,1,0,0,0,"F"
0,1,0,0,"X","white006","","","13/SH/BG1.1-2","T",1,0,2,0,0,"F"
0,2,1,0,"BX","","white006","","9/F9D","T",1,0,0,2,0,"F"
1,0,0,2,"CFH","","","","HP","T",0,1,0,0,0,"F"
1,0,2,2,"BBCFX","varsd001","","","S9/G34.1-2","T",0,1,2,0,0,"F"
1,0,0,1,"C1","martk001","varsd001","","PO2(E1/TH).2-3","F",0,0,1,3,0,"F"
1,0,0,2,"C1.SFFS","martk001","","varsd001","K","T",1,0,1,0,3,"F"
1,1,2,1,"BBSX","martk001","","varsd001","7/SF/F78D.3-H(UR);1-2","T",1,0,2,0,5,"F"
1,2,0,0,"X","","martk001","","4/L4D","T",1,0,0,2,0,"F"
0,0,0,1,"CX","","","","43/G4MS","T",1,0,0,0,0,"F"
0,1,1,1,"BFX","","","","7/F78XD","T",1,0,0,0,0,"F"
0,2,0,2,"FFC","","","","K","T",1,0,0,0,0,"F"
1,0,2,0,"BBX","","","","DGR/L9LD+","T",0,2,0,0,0,"F"
1,0,0,0,"X","","perad001","","T9/G23.2-H","T",0,3,0,4,0,"F"
1,0,3,1,"B*BBCX","","","ahmen001","S3/G34S.3-3","T",0,1,0,0,3,"F"
1,0,1,0,"BX","smitp002","","ahmen001","HR/F78XD.3-H;1-H","T",0,4,4,0,4,"F"
1,0,3,2,".FBFBFBB","","","","W","T",0,1,0,0,0,"F"
1,0,1,0,"BX","varsd001","","","4/P4","T",1,0,1,0,0,"F"
1,1,0,1,"CX","varsd001","","","E5/G7S.1-2;B-1","T",0,1,2,0,0,"F"
1,1,2,2,"SSFBBFX","walkc002","varsd001","","8/F78XD","T",1,0,1,2,0,"F"
1,2,3,2,"BBBCS>T","walkc002","varsd001","","K","T",1,0,1,2,0,"F"
0,0,0,2,"CC*S","","","","K","T",1,0,0,0,0,"F"
0,1,0,2,"CCX","","","","S9/G3","T",0,1,0,0,0,"F"
0,1,0,0,"X","huffs001","","","9/F9D","T",1,0,1,0,0,"F"
0,2,1,1,"BCX","huffs001","","","S7/L78.1-2","T",0,1,2,0,0,"F"
0,2,0,2,"CFS","white006","huffs001","","K","T",1,0,1,2,0,"F"
1,0,2,2,".BFSBFX","","","","63/G4M","T",1,0,0,0,0,"F"
1,1,3,2,"BBCFBX","","","","4/P4D","T",1,0,0,0,0,"F"
1,2,2,2,"FBBCX","","","","53/G6S","T",1,0,0,0,0,"F"
0,0,1,2,"..BCFS","","","","K","T",1,0,0,0,0,"F"
0,1,0,2,"CCX","","","","43/G4M","T",1,0,0,0,0,"F"
0,2,0,0,"X","","","","5/P5","T",1,0,0,0,0,"F"
1,0,0,2,"FFS","","","","K","T",1,0,0,0,0,"F"
1,1,3,2,"FBFBBX","","","","S69/G4","T",0,1,0,0,0,"F"
1,1,2,2,"*BFBFC","varsd001","","","K","T",1,0,1,0,0,"F"
1,2,1,2,"FSBFX","varsd001","","","53/G56","T",1,0,1,0,0,"F"
0,0,0,2,"FCS","","","","K","T",1,0,0,0,0,"F"
0,1,0,1,"CX","","","","S8/L78D","T",0,1,0,0,0,"F"
0,1,1,0,"BX","tejea001","","","S7/L7D+.1-2","T",0,1,2,0,0,"F"
0,1,1,2,"CCBFX","huffs001","tejea001","","63/G6MD.2-3;1-2","T",1,0,2,3,0,"F"
0,2,3,2,"CFBBBC","","huffs001","tejea001","K","T",1,0,0,2,3,"F"
0,0,1,0,"BX","","","","D7/L7LD","T",0,2,0,0,0,"T"
0,0,2,2,"*BCSF*BX","","tavel001","","9/F9D.2-3","T",1,0,0,3,0,"F"
0,1,0,1,"SX","","","tavel001","53/G5D.3-H","T",1,0,0,0,4,"F"
0,2,0,0,"X","","","","3/P3","T",1,0,0,0,0,"F"
1,0,0,1,"CX","","","","63/G6","T",1,0,0,0,0,"F"
1,1,1,2,"BFFX","","","","E5/TH/G5.B-1","T",0,1,0,0,0,"F"
1,1,1,2,"F*BFS","martk001","","","K","T",1,0,1,0,0,"F"
1,2,0,0,"X","martk001","","","S8/L8+.1-2","T",0,1,2,0,0,"F"
1,2,0,2,"CFC","escoe001","martk001","","K","T",1,0,1,2,0,"F"
0,0,2,2,"FBCBS","","","","K","T",1,0,0,0,0,"F"
0,1,0,1,"CX","","","","S17/G6","T",0,1,0,0,0,"F"
0,1,1,2,"BSFS","calhw001","","","K","T",1,0,1,0,0,"F"
0,2,3,2,"S*BSBB>S","calhw001","","","K","T",1,0,1,0,0,"F"
1,0,0,1,"FX","","","","43/G4","T",1,0,0,0,0,"F"
1,1,2,2,"CBBSX","","","","S7/G56+","T",0,1,0,0,0,"F"
1,1,1,1,"CBX","kellc002","","","8/F8","T",1,0,1,0,0,"F"
1,2,3,2,"BBSFF*B>X","kellc002","","","53/G56","T",1,0,1,0,0,"F"
0,0,1,2,"FSFBFX","","","","8/F89D","T",1,0,0,0,0,"F"
0,1,1,0,"BX","","","","S16/G6M","T",0,1,0,0,0,"F"
0,1,0,0,"X","tavel001","","","8/F89D","T",1,0,1,0,0,"F"
0,2,0,2,"CFX","tavel001","","","64(1)/FO/G6D.B-1","T",1,1,0,0,0,"F"
1,0,2,2,"CBCFBX","","","","6/L56D","T",1,0,0,0,0,"F"
1,1,0,2,"FSFX","","","","43/G4MD+","T",1,0,0,0,0,"F"
1,2,3,2,"BBSFBB","","","","W","T",0,1,0,0,0,"F"
1,2,2,0,"*B*B1X","walkc002","","","9/F9D","T",1,0,1,0,0,"F"
0,0,2,2,"CBSFBFX","","","","3/G3","T",1,0,0,0,0,"F"
0,1,3,2,"SSBBBX","","","","D8/L89XD+","T",0,2,0,0,0,"F"
0,1,2,2,"FBF*BFX","","huffs001","","43/G4MS.2-3","T",1,0,0,3,0,"F"
0,2,1,0,"BX","","","huffs001","S8/G6M.3-H","T",0,1,0,0,4,"F"
0,2,0,2,"S1F*S","tejea001","","","K","T",1,0,1,0,0,"F"
1,0,1,2,"FSBX","","","","31/G3D","T",1,0,0,0,0,"F"
1,1,0,1,"SX","","","","S8/L78XD+","T",0,1,0,0,0,"F"
1,1,2,1,"B*BCX","ahmen001","","","54(1)3/GDP/G5","T",2,0,0,0,0,"F"
0,0,0,1,"CX","","","","8/F8XD","T",1,0,0,0,0,"F"
0,1,2,2,"BCBCX","","","","7/F7D","T",1,0,0,0,0,"F"
0,2,3,2,"BCBFFBB","","","","W","T",0,1,0,0,0,"F"
0,2,0,0,"1111X","solan001","","","T9/L89XD.1-H","T",0,3,4,0,0,"F"
0,2,1,2,"CBFC","","","kinei001","K","T",1,0,0,0,3,"F"
1,0,0,0,"X","","","","2/BP2F/FL","T",1,0,0,0,0,"F"
1,1,0,1,"CX","","","","HR/F7D","T",0,4,0,0,0,"F"
1,1,1,1,"CBX","","","","S9/L89","T",0,1,0,0,0,"F"
1,1,1,1,"BCX","locat001","","","9/F9D","T",1,0,1,0,0,"F"
1,2,3,2,"*BBFSB>S","locat001","","","K","T",1,0,1,0,0,"F"
0,0,1,2,".CCBX","","","","D7/G5","T",0,2,0,0,0,"F"
0,0,1,0,"BX","","huffs001","","43/G4D+.2-3","T",1,0,0,3,0,"F"
0,1,3,2,"BBCSBX","","","huffs001","FC/G34.3XH(32);B-1","T",1,1,0,0,0,"F"
0,2,1,0,"B1","tejea001","","","POCS2(1343)","F",1,0,0,0,0,"F"
1,0,2,1,"BBCX","","","","S7/L7","T",0,1,0,0,0,"F"
1,0,0,0,"X","escoe001","","","S7/L7.1-2","T",0,1,2,0,0,"F"
1,0,3,2,".SF*BFBF*BX","calhk001","escoe001","","63/G6.2-3;1-2","T",1,0,2,3,0,"F"
1,1,2,2,"BCSBX","","calhk001","escoe001","S8/G6+.3-H;2-H","T",0,1,0,4,4,"F"
1,1,2,2,"BCF*BFX","kellc002","","","T8/L89XD.1-H","T",0,3,4,0,0,"F"
1,1,0,2,"CSFX","","","varsd001","HR/F7D.3-H","T",0,4,0,0,4,"F"
1,1,0,2,".FSX","","","","HR/F7LD","T",0,4,0,0,0,"F"
1,1,1,2,"SBFX","","","","T8/L89XD+","T",0,3,0,0,0,"F"
1,1,3,1,"*BBBCX","","","martk001","3/G34","T",1,0,0,0,3,"F"
1,2,1,0,"BX","","","martk001","53/G5","T",1,0,0,0,3,"F"
0,0,3,2,".CBBBCFB","","","","W","T",0,1,0,0,0,"F"
0,0,3,2,"BBBCSFFS","aposs001","","","K","T",1,0,1,0,0,"F"
0,1,2,2,"BBSSS","aposs001","","","K","T",1,0,1,0,0,"F"
0,2,3,2,"CFBBB>C","aposs001","","","K","T",1,0,1,0,0,"F"
1,0,1,2,".SSBFS","","","","K","T",1,0,0,0,0,"F"
1,1,3,2,"BBFCBS","","","","K","T",1,0,0,0,0,"F"
1,2,0,2,"CSX","","","","3/P23F/FL","T",1,0,0,0,0,"F"
0,0,0,2,".C.SX","","","","63/G6D","T",1,0,0,0,0,"F"
0,1,0,0,"X","","","","7/F78XD","T",1,0,0,0,0,"F"
0,2,2,2,"FCBFBX","","","","63/G78S","T",1,0,0,0,0,"F"
1,0,1,2,".CBFS","","","","K","T",1,0,0,0,0,"F"
1,1,1,1,"BSX","","","","3/P3SF-/FL","T",1,0,0,0,0,"F"
1,2,0,0,"H","","","","HP","T",0,1,0,0,0,"F"
1,2,0,0,">B","locat001","","","SB2","F",0,0,2,0,0,"F"
1,2,3,2,">B.FFBBT","","locat001","","K","T",1,0,0,2,0,"F"
0,0,0,2,".CFX","","","","43/G4+","T",1,0,0,0,0,"F"
0,1,1,1,"BFX","","","","7/F7S","T",1,0,0,0,0,"F"
0,2,1,0,"BX","","","","31/G34","T",1,0,0,0,0,"F"
0,0,2,2,"CFBBF","","","","C/E2.B-1","T",0,1,0,0,0,"T"
0,0,2,2,"B1BS1F1S","tapir001","","","K","T",1,0,1,0,0,"F"
0,1,2,2,"B1B1FC1S","tapir001","","","K+WP.1-2","T",1,0,2,0,0,"F"
0,2,1,2,"BCCC","","tapir001","","K","T",1,0,0,2,0,"F"
1,0,1,1,"CBX","","","","S8/G6+","T",0,1,0,0,0,"F"
1,0,3,2,"BBFFFFBF1>X","varsd001","","","3/G3.1-2","T",1,0,2,0,0,"F"
1,1,0,1,"CX","","varsd001","","43/G4M.2-3","T",1,0,0,3,0,"F"
1,2,3,2,"BSB*BCX","","","varsd001","4/L4","T",1,0,0,0,3,"F"
0,0,2,1,"BSBX","","","","53/G56D","T",1,0,0,0,0,"F"
0,1,1,1,"CBX","","","","3/G3D","T",1,0,0,0,0,"F"
0,2,3,1,"BCBBB","","","","W","T",0,1,0,0,0,"F"
0,2,0,0,"X","kempm001","","","S9/L89D.1-3","T",0,1,3,0,0,"F"
0,2,2,2,"CBBFS","diaze005","","kempm001","K","T",1,0,1,0,3,"F"
1,0,1,1,"CBX","","","","2/P2F/FL","T",1,0,0,0,0,"F"
1,1,3,0,"BBBB","","","","W","T",0,1,0,0,0,"F"
1,1,1,2,"CF*BFFX","perad001","","","S9/G4.1-2","T",0,1,2,0,0,"F"
1,1,0,0,"X","ahmen001","perad001","","6/L6MD+/DP.2X2(6)","T",2,0,1,0,0,"F"
0,0,0,0,"X","","","","S8/L78","T",0,1,0,0,0,"F"
0,0,0,2,"FF111S","tapir001","","","K","T",1,0,1,0,0,"F"
0,1,2,2,"CB11BSS","tapir001","","","K","T",1,0,1,0,0,"F"
0,2,1,0,"BX","tapir001","","","43/G34+","T",1,0,1,0,0,"F"
1,0,2,2,"CBFBS","","","","K","T",1,0,0,0,0,"F"
1,1,0,1,"CX","","","","S8/L8","T",0,1,0,0,0,"F"
1,1,1,2,"CFBX","varsd001","","","3/P3F/FL","T",1,0,1,0,0,"F"
1,2,0,0,"X","varsd001","","","HR/F7LD.1-H","T",0,4,4,0,0,"F"
1,2,3,2,"BFSFBBB","","","","W","T",0,1,0,0,0,"F"
1,2,0,1,"CX","calhk001","","","T9/F9D.1-H","T",0,3,4,0,0,"F"
1,2,1,2,"CBFX","","","escoe001","31/G23","T",1,0,0,0,3,"F"
0,0,3,0,"BBBB","","","","W","T",0,1,0,0,0,"F"
0,0,0,1,"C1X","fuenj001","","","46(1)3/GDP/G34","T",2,0,0,0,0,"F"
0,2,2,2,"BBCSC","","","","K","T",1,0,0,0,0,"F"
1,0,1,1,".CBX","","","","53/G56D","T",1,0,0,0,0,"F"
1,1,3,2,"BBBCFB","","","","W","T",0,1,0,0,0,"F"
1,1,2,2,"CBFF*BX","smitp002","","","64(1)/FO/G6.B-1","T",1,1,0,0,0,"F"
1,2,2,2,"BFBFS","kellc002","","","K","T",1,0,1,0,0,"F"
0,0,1,2,"BSF*S","","","","K","T",1,0,0,0,0,"F"
0,1,2,2,"CBCB*S","","","","K","T",1,0,0,0,0,"F"
0,2,0,2,"CFX","","","","S7/L78D","T",0,1,0,0,0,"F"
0,2,1,2,"C1BCX","tapir001","","","5/L56","T",1,0,1,0,0,"F"
1,0,1,2,"CCBX","","","","S6/G4M+","T",0,1,0,0,0,"F"
1,0,1,1,"BFX","martk001","","","S5/G5S-.1-3(E5/TH)","T",0,1,3,0,0,"F"
1,0,1,0,"B>C","walkc002","","martk001","SB2","F",0,0,2,0,3,"F"
1,0,3,2,"B>C.FBBFB","","walkc002","martk001","W","T",0,1,0,2,3,"F"
1,0,0,2,"SSFX","calhk001","walkc002","martk001","42(3)/FO/G4.2-3;1-2;B-1","T",1,1,2,3,0,"F"
1,1,1,0,"BX","escoe001","calhk001","walkc002","S9/L9.3-H;2-3;1-2","T",0,1,2,3,4,"F"
1,1,3,2,".B*BCF*BFS","perad001","escoe001","calhk001","K","T",1,0,1,2,3,"F"
1,2,1,0,"BX","perad001","escoe001","calhk001","4/P34","T",1,0,1,2,3,"F"
0,0,2,2,"CFBBFC","","","","K","T",1,0,0,0,0,"F"
0,1,1,1,"SBX","","","","S9/L9","T",0,1,0,0,0,"F"
0,1,1,1,"BCX","blacc001","","","S9/L9.1-2","T",0,1,2,0,0,"F"
0,1,1,1,"S*BX","fuenj001","blacc001","","36(1)1/GDP/G34","T",2,0,0,2,0,"F"
1,0,1,2,".CBSX","","","","S8/L8D+","T",0,1,0,0,0,"F"
1,0,3,2,"FF*BBBB","kellc002","","","W.1-2","T",0,1,2,0,0,"F"
1,0,3,2,"B*S*SBBFB","varsd001","kellc002","","W.2-3;1-2","T",0,1,2,3,0,"F"
1,0,0,0,"X","martk001","varsd001","kellc002","3/P3SF/FL","T",1,0,1,2,3,"F"
1,1,0,0,"X","martk001","varsd001","kellc002","42(3)3/GDP/G4","T",2,0,1,2,0,"F"
0,0,0,2,"..CSS","","","","K","T",1,0,0,0,0,"F"
0,1,0,0,"X","","","","9/F89D","T",1,0,0,0,0,"F"
0,2,3,2,"CBBFBFB","","","","W","T",0,1,0,0,0,"F"
0,2,0,0,"X","hampg001","","","S7/G6.1-2","T",0,1,2,0,0,"F"
0,2,1,1,".BSX","tapir001","hampg001","","53/G5D","T",1,0,1,2,0,"F"
0,0,1,2,"CBFT","","","","K","T",1,0,0,0,0,"T"
0,1,0,1,"CX","","","","D7/L7LD","T",0,2,0,0,0,"F"
0,1,0,1,"FX","","pillk001","","S8/L78.2-H","T",0,1,0,4,0,"F"
0,1,0,0,"1","stort001","","","PO1(13)","F",1,0,0,0,0,"F"
0,2,3,0,"1.BBBB","","","","W","T",0,1,0,0,0,"F"
0,2,0,0,"X","blacc001","","","9/F89S","T",1,0,1,0,0,"F"
1,0,0,1,"CX","","","","S8/L8","T",0,1,0,0,0,"F"
1,0,1,2,"BC1FH","locat001","","","HP.1-2","T",0,1,2,0,0,"F"
1,0,0,1,"CX","vanmj001","locat001","","S4/F89S-.2-3;1-2","T",0,1,2,3,0,"F"
1,0,2,0,"BBX","walkc002","vanmj001","locat001","S8/G4M.3-H;2-H;1-2","T",0,1,2,4,4,"F"
1,0,3,0,"BBBB","perad001","walkc002","","W.2-3;1-2","T",0,1,2,3,0,"F"
1,0,0,0,"X","smitp002","perad001","walkc002","54(1)/FO/G5+.3-H;2-3;B-1","T",1,1,0,3,4,"F"
1,1,1,2,"CF11BX","ahmen001","","perad001","S7/L7S.3-H;1-2","T",0,1,2,0,4,"F"
1,1,3,0,"BBBB","vogts001","ahmen001","","W.2-3;1-2","T",0,1,2,3,0,"F"
1,1,2,2,"B*BCFS","mathw001","vogts001","ahmen001","K","T",1,0,1,2,3,"F"
1,2,3,2,"*BFF*BFB>F>X","mathw001","vogts001","ahmen001","S7/L7.3-H;2-H;1-2","T",0,1,2,4,4,"F"
1,2,1,2,".CBSFX","locat001","mathw001","","FC6/G6MD.2-3;1-2(E6);B-1","T",0,1,2,3,0,"F"
1,2,1,0,"BX","vanmj001","locat001","mathw001","8/L8XD+","T",1,0,1,2,3,"F"
0,0,2,1,"BCBX","","","","D7/L7LD+","T",0,2,0,0,0,"F"
0,0,2,2,"SBBCX","","mcmar001","","31/G34+.2-3","T",1,0,0,3,0,"F"
0,1,1,2,"BCFS","","","mcmar001","K","T",1,0,0,0,3,"F"
0,2,3,1,"T*BB*B*B","","","mcmar001","W","T",0,1,0,0,3,"F"
0,2,3,0,"1BB1BB","woltt001","","mcmar001","W.1-2","T",0,1,2,0,3,"F"
0,2,2,1,"F*B*BX","tapir001","woltt001","mcmar001","D7/L7LD+.3-H;2-H;1-H","T",0,2,4,4,4,"F"
0,2,0,2,"SSS","","pillk001","","K","T",1,0,0,2,0,"F"
1,0,3,2,"BBCFBX","","","","D9/L9D+","T",0,2,0,0,0,"F"
1,0,2,1,"*BC*BX","","perad001","","7/F7D","T",1,0,0,2,0,"F"
1,1,0,1,"CX","","perad001","","5/P5F/FL","T",1,0,0,2,0,"F"
1,2,0,1,"FB","","perad001","","WP.2-3","F",0,0,0,3,0,"F"
1,2,1,2,"FB.CX","","","perad001","9/F89XD","T",1,0,0,0,3,"F"
0,0,0,1,"SX","","","","S8/G6M+","T",0,1,0,0,0,"F"
0,0,3,2,"B1FS*B1BF1X","blacc001","","","5/P5SF/FL","T",1,0,1,0,0,"F"
0,1,2,2,"F1FBB1X","blacc001","","","46(1)/FO/G34.B-1","T",1,1,0,0,0,"F"
0,2,1,2,"SFF*BX","mcmar001","","","3/G3","T",1,0,1,0,0,"F"
1,0,2,1,"CBBX","","","","9/F9D","T",1,0,0,0,0,"F"
1,1,0,1,"SX","","","","S8/L8D","T",0,1,0,0,0,"F"
1,1,1,2,"CBFH","jay-j001","","","HP.1-2","T",0,1,2,0,0,"F"
1,1,0,2,"CTX","locat001","jay-j001","","HR/F9D.2-H;1-H","T",0,4,4,4,0,"F"
1,1,1,2,"SFFFBS","","","","K","T",1,0,0,0,0,"F"
1,2,1,0,"BX","","","","S8/L89D","T",0,1,0,0,0,"F"
1,2,0,1,".FX","perad001","","","3/G3","T",1,0,1,0,0,"F"
0,0,2,2,"FBBSS","","","","K","T",1,0,0,0,0,"F"
0,1,2,2,"CBFBS","","","","K","T",1,0,0,0,0,"F"
0,2,2,2,"FBTBX","","","","D7/L7LD","T",0,2,0,0,0,"F"
0,2,1,1,"S*BX","","tapir001","","8/F8XD","T",1,0,0,2,0,"F"
1,0,1,0,"BX","","","","53/G5","T",1,0,0,0,0,"F"
1,1,2,2,"BCBFS","","","","K","T",1,0,0,0,0,"F"
1,2,3,2,"BBSCBB","","","","W","T",0,1,0,0,0,"F"
1,2,1,0,"BX","mathw001","","","S8/G4.1-3","T",0,1,3,0,0,"F"
1,2,3,0,"*BBBB","jay-j001","","mathw001","W.1-2","T",0,1,2,0,3,"F"
1,2,1,0,"BB","locat001","jay-j001","mathw001","WP.3-H(NR);2-3;1-2","F",0,0,2,3,4,"F"
1,2,3,2,"BB.CBCC","","locat001","jay-j001","K","T",1,0,0,2,3,"F"
0,0,2,1,"FBBX","","","","3/P3DF/FL","T",1,0,0,0,0,"F"
0,1,0,0,"X","","","","9/F89D","T",1,0,0,0,0,"F"
0,2,1,1,"CBX","","","","9/F9","T",1,0,0,0,0,"F"
1,0,1,2,".....BSFX","","","","7/F7D","T",1,0,0,0,0,"F"
1,1,0,1,"FX","","","","7/L7","T",1,0,0,0,0,"F"
1,2,2,0,"BBX","","","","HR/F9D","T",0,4,0,0,0,"F"
1,2,3,2,"FBBBFB","","","","W","T",0,1,0,0,0,"F"
1,2,0,1,"CX","ahmen001","","","S8/L89.1-2","T",0,1,2,0,0,"F"
1,2,3,2,"CFBFFFBB>F>X","vogts001","ahmen001","","9/F9L","T",1,0,1,2,0,"F"
0,0,0,0,".X","","","","HR/F9D","T",0,4,0,0,0,"F"
0,0,1,2,"CBSFFX","","","","2/P2F/FL","T",1,0,0,0,0,"F"
0,1,3,2,"BFBBFB","","","","W","T",0,1,0,0,0,"F"
0,1,0,2,"CCFFX","hampg001","","","54(1)3/GDP/G6","T",2,0,0,0,0,"F"
1,0,3,2,".BBFFBB","","","","W","T",0,1,0,0,0,"F"
1,0,1,0,"*BX","jay-j001","","","S9/L89S+.1-3","T",0,1,3,0,0,"F"
1,0,1,2,"FBSX","locat001","","jay-j001","5/P5D","T",1,0,1,0,3,"F"
1,1,3,1,"*SBBBX","locat001","","jay-j001","9/L9","T",1,0,1,0,3,"F"
1,2,3,2,"B1BCFB>S","locat001","","jay-j001","K","T",1,0,1,0,3,"F"
0,0,1,1,"BCX","","","","3/G3","T",1,0,0,0,0,"F"
0,1,0,1,"CX","","","","S8/L8D+","T",0,1,0,0,0,"F"
0,1,3,2,"BBFCFF*BFT","pillk001","","","K","T",1,0,1,0,0,"F"
0,2,1,1,"CBX","pillk001","","","63/G4D","T",1,0,1,0,0,"F"
0,0,2,2,"BCSBX","","","","S9/L9S","T",0,1,0,0,0,"T"
0,0,0,0,"X","tapir001","","","8/F78XD+","T",1,0,1,0,0,"F"
0,1,2,2,"1BCLBFX","tapir001","","","6/L34","T",1,0,1,0,0,"F"
0,2,0,2,"C1CT","tapir001","","","K","T",1,0,1,0,0,"F"
1,0,2,1,"CBBX","","","","D9/L9D+","T",0,2,0,0,0,"F"
1,0,1,1,"BCX","","varsd001","","E1/TH/BG1.B-1","T",0,1,0,2,0,"F"
1,0,0,1,"CX","martk001","varsd001","","FC4/G6MD.2-H(E6/TH)(NR)(UR);1X2(46);B-1","T",1,1,0,5,0,"F"
1,1,2,2,"FB*BFX","walkc002","","","36(1)/FO/G3.B-1","T",1,1,0,0,0,"F"
1,2,1,2,"SFF*BS","calhk001","","","K","T",1,0,1,0,0,"F"
0,0,2,2,"BCBSS","","","","K","T",1,0,0,0,0,"F"
0,1,1,0,"BX","","","","9/F89XD+","T",1,0,0,0,0,"F"
0,2,3,2,"CSBBFBX","","","","DGR/L89XD+","T",0,2,0,0,0,"F"
0,2,1,2,"BFSFS","","diaze005","","K","T",1,0,0,2,0,"F"
1,0,2,0,"BBX","","","","4/P89S","T",1,0,0,0,0,"F"
1,1,1,2,"CSB*S","","","","K","T",1,0,0,0,0,"F"
1,2,1,2,"CCBX","","","","43/G4D+","T",1,0,0,0,0,"F"
0,0,1,2,"CBCFC","","","","K","T",1,0,0,0,0,"F"
0,1,1,0,"BX","","","","63/G8S+","T",1,0,0,0,0,"F"
0,2,3,2,"BBCCBX","","","","8/F89XD","T",1,0,0,0,0,"F"
1,0,1,2,"CCBX","","","","31/G3D","T",1,0,0,0,0,"F"
1,1,1,2,"CBSS","","","","K","T",1,0,0,0,0,"F"
1,2,0,0,"X","","","","43/G89S+","T",1,0,0,0,0,"F"
0,0,3,2,"BFBFFBX","","","","7/F7D","T",1,0,0,0,0,"F"
0,1,0,0,"X","","","","7/F7","T",1,0,0,0,0,"F"
0,2,0,1,"FX","","","","D7/L78XD","T",0,2,0,0,0,"F"
0,2,2,2,"*BFCBX","","fuenj001","","S9/L9+.2-H","T",0,1,0,4,0,"F"
0,2,1,2,"CF*BX","murpd006","","","HR/L78XD.1-H","T",0,4,4,0,0,"F"
0,2,1,2,"FSBFS","","","","K","T",1,0,0,0,0,"F"
1,0,0,1,"CX","","","","8/L8XD","T",1,0,0,0,0,"F"
1,1,0,0,"X","","","","3/G3","T",1,0,0,0,0,"F"
1,2,2,0,"BBX","","","","8/F1S","T",1,0,0,0,0,"F"
0,0,3,1,"FBBBX","","","","D8/L78XD+","T",0,2,0,0,0,"F"
0,0,1,2,"OFBX","","hampg001","","S7/G5+.2-H","T",0,1,0,4,0,"F"
0,0,0,0,"B","tapir001","","","PB.1-2","F",0,0,2,0,0,"F"
0,0,1,2,"B.FSFX","","tapir001","","8/F89XD.2-3","T",1,0,0,3,0,"F"
0,1,0,0,"X","","","tapir001","7/SF/F7D.3-H(UR)","T",1,0,0,0,5,"F"
0,2,1,2,"CFBS","","","","K","T",1,0,0,0,0,"F"
1,0,1,2,"CCBS","","","","K","T",1,0,0,0,0,"F"
1,1,3,1,"BCBBB","","","","W","T",0,1,0,0,0,"F"
1,1,1,0,"BX","smitp002","","","FC4/G4D+.1-2(E4/TH);B-1","T",0,1,2,0,0,"F"
1,1,0,0,"X","vanmj001","smitp002","","S9/G34.2XH(92);1-3","T",1,1,3,0,0,"F"
1,2,0,0,"S","jay-j001","","vanmj001","WP.3-H(NR)(UR);1-2","F",0,0,2,0,5,"F"
1,2,0,2,"S.C*S","","jay-j001","","K.BX1(23)","T",1,0,0,2,0,"F"
0,0,1,1,".FBX","","","","63/G6","T",1,0,0,0,0,"F"
0,1,2,1,"BFBX","","","","6/L4MD","T",1,0,0,0,0,"F"
0,2,2,0,"BBX","","","","S8/L89D","T",0,1,0,0,0,"F"
0,2,1,2,"BCCX","diaze005","","","HR/F78XD.1-H","T",0,4,4,0,0,"F"
0,2,3,2,"CBBFFBS","","","","K","T",1,0,0,0,0,"F"
1,0,2,1,"BBCX","","","","E3/G3D.B-1","T",0,1,0,0,0,"F"
1,0,0,0,"X","martk001","","","64(1)/FO/G6D.B-1","T",1,1,0,0,0,"F"
1,1,3,2,"SBBF*BT","walkc002","","","K","T",1,0,1,0,0,"F"
1,2,0,0,"B","walkc002","","","WP.1-2","F",0,0,2,0,0,"F"
1,2,1,1,"B.CX","","walkc002","","S7/G6S.2-H(UR)","T",0,1,0,5,0,"F"
1,2,1,1,"BFX","escoe001","","","6/P78S","T",1,0,1,0,0,"F"
0,0,0,0,".X","","","","7/L7LD","T",1,0,0,0,0,"F"
0,1,3,0,"BBBB","","","","W","T",0,1,0,0,0,"F"
0,1,2,1,"FBB>X","pillk001","","","7/F78D","T",1,0,1,0,0,"F"
0,2,1,0,"BX","pillk001","","","S9/L9S.1-3","T",0,1,3,0,0,"F"
0,2,1,2,"111CF1*B>F>F1>F>B","stort001","","pillk001","SB2","F",0,0,2,0,3,"F"
0,2,3,2,"111CF1*B>F>F1>F>B.BC","","stort001","pillk001","K","T",1,0,0,2,3,"F"
1,0,1,0,"BX","","","","63/G6D+","T",1,0,0,0,0,"F"
1,1,1,1,"BCX","","","","6/P8S","T",1,0,0,0,0,"F"
1,2,0,1,"FX","","","","S7/L7L","T",0,1,0,0,0,"F"
1,2,0,0,"X","jay-j001","","","S7/G6.1-2","T",0,1,2,0,0,"F"
1,2,0,2,"CC*S","varsd001","jay-j001","","K","T",1,0,1,2,0,"F"
0,0,2,2,".BSCFFBX","","","","31/G34","T",1,0,0,0,0,"F"
0,1,0,2,"FSS","","","","K","T",1,0,0,0,0,"F"
0,2,0,1,"CX","","","","E6/G3D.B-2","T",0,2,0,0,0,"F"
0,2,2,2,"SCBFBC","","mcmar001","","K","T",1,0,0,2,0,"F"
1,0,0,2,"......CSS","","","","K","T",1,0,0,0,0,"F"
1,1,0,2,"CFS","","","","K","T",1,0,0,0,0,"F"
1,2,1,2,"FSBX","","","","8/L8D","T",1,0,0,0,0,"F"
0,0,1,2,".BCFX","","","","S5/G5+.B-2(E5)","T",0,2,0,0,0,"F"
0,0,0,1,"CX","","tapir001","","5/L5D","T",1,0,0,2,0,"F"
0,1,1,1,"BCB","","tapir001","","WP.2-3","F",0,0,0,3,0,"F"
0,1,3,2,"BCB.FBFX","","","tapir001","S9/L9.3-H","T",0,1,0,0,4,"F"
0,1,2,1,"BBCX","blacc001","","","T8/L89XD+.1-H","T",0,3,4,0,0,"F"
0,1,1,0,"BX","","","stort001","3/G3.3-H","T",1,0,0,0,4,"F"
0,2,3,2,"BBSBFFFB","","","","W","T",0,1,0,0,0,"F"
0,2,1,2,"CF*B*S","hills005","","","K","T",1,0,1,0,0,"F"
1,0,1,1,".BCX","","","","143/G4","T",1,0,0,0,0,"F"
1,1,0,1,"CX","","","","43/G4D","T",1,0,0,0,0,"F"
1,2,0,0,"X","","","","S9/L89","T",0,1,0,0,0,"F"
1,2,0,0,">B","vanmj001","","","DI.1-2","F",0,0,2,0,0,"F"
1,2,2,2,">B.*SBFFX","","vanmj001","","63/G6MD","T",1,0,0,2,0,"F"
0,0,0,2,"FFS","","","","K","T",1,0,0,0,0,"T"
0,1,1,2,"CFBC","","","","K","T",1,0,0,0,0,"F"
0,2,3,2,"FBBBFFX","","","","1/P1S","T",1,0,0,0,0,"F"
1,0,2,1,"CBBX","","","","S8/G6+","T",0,1,0,0,0,"F"
1,0,2,0,"BBX","locat001","","","D5/G5+.1-3","T",0,2,3,0,0,"F"
1,0,3,0,"B*BBB","","martk001","locat001","W","T",0,1,0,2,3,"F"
1,0,0,1,"CX","walkc002","martk001","locat001","S8/L8D.3-H;2-3;1-2","T",0,1,2,3,4,"F"
1,0,2,2,"CFBFBS","calhk001","walkc002","martk001","K","T",1,0,1,2,3,"F"
1,1,0,1,"FX","calhk001","walkc002","martk001","54(1)/FO/G5.3-H;2-3;B-1","T",1,1,0,3,4,"F"
1,2,2,2,"CCBBC","ahmen001","","walkc002","K.BX1(23)","T",1,0,1,0,3,"F"
0,0,0,0,"X","","","","53/G5","T",1,0,0,0,0,"F"
0,1,2,0,"BBX","","","","53/G5D","T",1,0,0,0,0,"F"
0,2,0,1,"CX","","","","43/G4D","T",1,0,0,0,0,"F"
1,0,1,1,"CBX","","","","S9/L89S","T",0,1,0,0,0,"F"
1,0,1,1,"BCX","mathw001","","","8/F8XD/DP.1X2(86)","T",2,0,0,0,0,"F"
1,2,1,1,"BFX","","","","53/G56D","T",1,0,0,0,0,"F"
0,0,1,0,"BX","","","","8/F8XD","T",1,0,0,0,0,"F"
0,1,2,2,"CFBBC","","","","K","T",1,0,0,0,0,"F"
0,2,1,1,"BFX","","","","S39/G34","T",0,1,0,0,0,"F"
0,2,0,1,"FX","woltt001","","","D7/L7LD.1-3","T",0,2,3,0,0,"F"
0,2,1,0,"BX","","tapir001","woltt001","3/P3","T",1,0,0,2,3,"F"
1,0,3,2,"BCBBCFB","","","","W","T",0,1,0,0,0,"F"
1,0,0,1,"CX","martk001","","","8/F8D","T",1,0,1,0,0,"F"
1,1,1,2,"BS1FX","martk001","","","HR/F89XD.1-H","T",0,4,4,0,0,"F"
1,1,1,1,"BCX","","","","D9/L9L","T",0,2,0,0,0,"F"
1,1,0,1,"CX","","escoe001","","D8/L78XD+.2-H","T",0,2,0,4,0,"F"
1,1,0,0,"C","","ahmen001","","PB.2-3","F",0,0,0,3,0,"F"
1,1,0,1,"C.X","","","ahmen001","FC4/G4.3-H;B-1","T",0,1,0,0,4,"F"
1,1,3,2,"BBCFBX","varsd001","","","S9/L9S.1-2","T",0,1,2,0,0,"F"
1,1,1,1,".CBH","mathw001","varsd001","","HP.2-3;1-2","T",0,1,2,3,0,"F"
1,1,1,0,"BX","kellc002","mathw001","varsd001","9/F9L","T",1,0,1,2,3,"F"
1,2,0,0,"X","kellc002","mathw001","varsd001","4/P89S","T",1,0,1,2,3,"F"
0,0,2,0,"BBX","","","","E1/TH/G1S-.B-1","T",0,1,0,0,0,"F"
0,0,2,2,"BBCFFFF*S","blacc001","","","K","T",1,0,1,0,0,"F"
0,1,0,2,"CFX","blacc001","","","8/F8XD+","T",1,0,1,0,0,"F"
0,2,3,2,"F*BCFF*BB>X","blacc001","","","53/G6","T",1,0,1,0,0,"F"
1,0,2,0,"BBX","","","","53/G5","T",1,0,0,0,0,"F"
1,1,0,1,"CX","","","","31/G3","T",1,0,0,0,0,"F"
1,2,1,1,"CBX","","","","8/F8","T",1,0,0,0,0,"F"
0,0,0,0,"X","","","","563/G56","T",1,0,0,0,0,"F"
0,1,3,2,"FBBSBX","","","","43/G4D","T",1,0,0,0,0,"F"
0,2,0,0,"H","","","","HP","T",0,1,0,0,0,"F"
0,2,1,0,"BX","woltt001","","","6/L6D","T",1,0,1,0,0,"F"
1,0,1,2,"CFBX","","","","S7/L7D","T",0,1,0,0,0,"F"
1,0,0,1,"SX","ahmen001","","","1/L4MS/DP.1X1(13)","T",2,0,0,0,0,"F"
1,2,2,2,"CCBBC","","","","K","T",1,0,0,0,0,"F"
0,0,1,2,".BSSS","","","","K","T",1,0,0,0,0,"F"
0,1,0,2,"CCS","","","","K","T",1,0,0,0,0,"F"
0,2,0,1,"CX","","","","9/L9","T",1,0,0,0,0,"F"
1,0,1,2,"CBFFX","","","","S8/G6M","T",0,1,0,0,0,"F"
1,0,0,0,"X","kellc002","","","D7/L7LD.1-3","T",0,2,3,0,0,"F"
1,0,0,1,"CX","","locat001","kellc002","7/SF/L78D+.3-H","T",1,0,0,2,4,"F"
1,1,1,0,"BX","","locat001","","S7/G25.2-3","T",0,1,0,3,0,"F"
1,1,1,2,"C*BSS","walkc002","","locat001","K","T",1,0,1,0,3,"F"
1,2,0,0,">B","walkc002","","locat001","CS2(26)","F",1,0,0,0,3,"F"
0,0,0,2,"CSX","","","","8/F8","T",1,0,0,0,0,"F"
0,1,0,2,"FSX","","","","3/G3","T",1,0,0,0,0,"F"
0,2,0,2,"CC*S","","","","K","T",1,0,0,0,0,"F"
1,0,3,1,"......BSBBX","","","","5/L34D+","T",1,0,0,0,0,"F"
1,1,3,2,"BBBCSB","","","","W","T",0,1,0,0,0,"F"
1,1,3,0,"*B*BBB","ahmen001","","","W.1-2","T",0,1,2,0,0,"F"
1,1,3,1,"CB*BBB","varsd001","ahmen001","","W.2-3;1-2","T",0,1,2,3,0,"F"
1,1,3,2,"BCBSBFX","mathw001","varsd001","ahmen001","D7/F7LD.3-H;2-H;1-3","T",0,2,3,4,4,"F"
1,1,2,2,".CFBFFBX","","kellc002","mathw001","4/P89S","T",1,0,0,2,3,"F"
1,2,0,1,"CX","","kellc002","mathw001","S8/L89XD+.3-H;2-H","T",0,1,0,4,4,"F"
1,2,0,0,".X","vanmj001","","","64(1)/FO/G6M.B-1","T",1,1,0,0,0,"F"
0,0,0,0,"..X","","","","T9/G3+","T",0,3,0,0,0,"F"
0,0,1,2,"BCCX","","","hills005","S9/L9LS.3-H","T",0,1,0,0,4,"F"
0,0,0,1,"CX","woltt001","","","D7/G5.1-H(E7)(NR)","T",0,2,4,0,0,"F"
0,0,1,1,"BFX","","tapir001","","D7/G5.2-H","T",0,2,0,4,0,"F"
0,0,0,2,"FSX","","fuenj001","","E5/G5D.B-1","T",0,1,0,2,0,"F"
0,0,1,0,".BX","buted001","fuenj001","","64(1)/FO/G56.2-3;B-1","T",1,1,0,3,0,"F"
0,1,1,0,"BX","stort001","","fuenj001","6(1)3/GDP/G6M","T",2,0,0,0,3,"F"
1,0,0,0,"X","","","","5/L34D","T",1,0,0,0,0,"F"
1,1,3,2,"CFBBBX","","","","S7/L78","T",0,1,0,0,0,"F"
1,1,2,1,"SBBX","escoe001","","","64(1)3/GDP/G56","T",2,0,0,0,0,"F"
0,0,0,2,"..SFS","","","","K","T",1,0,0,0,0,"F"
0,1,1,2,"CFFBC","","","","K","T",1,0,0,0,0,"F"
0,2,3,2,"CCBBBS","","","","K","T",1,0,0,0,0,"F"
