0,0,1,2,"CBSS","","","","K","T",1,0,0,0,0,"T"
0,1,3,0,"BBBB","","","","W","T",0,1,0,0,0,"F"
0,1,0,1,"S>*B","eatoa002","","","SB2","F",0,0,2,0,0,"F"
0,1,1,2,"S>*B.FFX","","eatoa002","","3/G3.2-3","T",1,0,0,3,0,"F"
0,2,1,2,"BCFX","","","eatoa002","7/L78D","T",1,0,0,0,3,"F"
1,0,3,2,"BSSBBB","","","","W","T",0,1,0,0,0,"F"
1,0,2,1,"BF1BX","hernt002","","","36(1)3/GDP/G3","T",2,0,0,0,0,"F"
1,2,2,2,"TSBFBS","","","","K","T",1,0,0,0,0,"F"
0,0,0,2,"CSX","","","","53/G56D","T",1,0,0,0,0,"F"
0,1,1,2,"CFBFX","","","","63/G56","T",1,0,0,0,0,"F"
0,2,3,2,"BBCBSS","","","","K","T",1,0,0,0,0,"F"
1,0,3,1,"BBBCX","","","","9/F89","T",1,0,0,0,0,"F"
1,1,1,2,"BCFX","","","","S6/G56","T",0,1,0,0,0,"F"
1,1,0,2,"CFS","tellr001","","","K","T",1,0,1,0,0,"F"
1,2,0,0,"X","tellr001","","","43/G4","T",1,0,1,0,0,"F"
0,0,0,0,"X","","","","7/F78XD","T",1,0,0,0,0,"F"
0,1,1,1,"CBX","","","","3/P34","T",1,0,0,0,0,"F"
0,2,2,2,"CSBBX","","","","S6/G56","T",0,1,0,0,0,"F"
0,2,3,1,"1BBBCB","turnt001","","","W.1-2","T",0,1,2,0,0,"F"
0,2,1,1,"C*BX","eatoa002","turnt001","","41/G34","T",1,0,1,2,0,"F"
1,0,0,2,"CCS","","","","K","T",1,0,0,0,0,"F"
1,1,0,1,"CX","","","","D7/L78XD+","T",0,2,0,0,0,"F"
1,1,0,2,"SS*S","","fishd001","","K","T",1,0,0,2,0,"F"
1,2,3,2,"BCFBB*B","","fishd001","","W","T",0,1,0,2,0,"F"
1,2,1,1,"BCX","biggc002","fishd001","","63/G56+","T",1,0,1,2,0,"F"
0,0,1,1,"CBX","","","","D9/L9L","T",0,2,0,0,0,"F"
0,0,2,0,"BBX","","thame001","","43/G4M.2-3","T",1,0,0,3,0,"F"
0,1,1,0,"*BX","","","thame001","4/L4M","T",1,0,0,0,3,"F"
0,2,0,2,"CSC","","","thame001","K","T",1,0,0,0,3,"F"
1,0,3,2,"CBSBBC","","","","K","T",1,0,0,0,0,"F"
1,1,3,2,"BBBSFX","","","","7/F7","T",1,0,0,0,0,"F"
1,2,1,2,"SSBS","","","","K","T",1,0,0,0,0,"F"
0,0,1,2,"CSBS","","","","K","T",1,0,0,0,0,"F"
0,1,3,2,"SBSBFFFBS","","","","K","T",1,0,0,0,0,"F"
0,2,0,2,"SFX","","","","9/F9","T",1,0,0,0,0,"F"
1,0,2,2,"CFBBX","","","","53/G4M+","T",1,0,0,0,0,"F"
1,1,0,2,"SCT","","","","K","T",1,0,0,0,0,"F"
1,2,2,2,"CFBBC","","","","K","T",1,0,0,0,0,"F"
0,0,2,2,".BFFBFX","","","","63/G6","T",1,0,0,0,0,"F"
0,1,0,0,"X","","","","9/F9L","T",1,0,0,0,0,"F"
0,2,1,2,"FBSS","","","","K","T",1,0,0,0,0,"F"
1,0,1,2,"CFBFS","","","","K","T",1,0,0,0,0,"F"
1,1,3,2,"BSCFBBX","","","","43/G34","T",1,0,0,0,0,"F"
1,2,0,0,"X","","","","13/G1S-","T",1,0,0,0,0,"F"
0,0,3,2,".CFBFBBX","","","","9/F9","T",1,0,0,0,0,"F"
0,1,3,2,"CBBBFB","","","","W","T",0,1,0,0,0,"F"
0,1,0,0,"X","casts001","","","S8/L8+.1-2","T",0,1,2,0,0,"F"
0,1,3,2,".BFLBFBX","kiebc001","casts001","","7/L7D","T",1,0,1,2,0,"F"
0,2,2,2,"..BCBCS","kiebc001","casts001","","K","T",1,0,1,2,0,"F"
1,0,0,0,"X","","","","63/G6+","T",1,0,0,0,0,"F"
1,1,1,0,"BX","","","","43/G34D+","T",1,0,0,0,0,"F"
1,2,3,2,"BBSFBFX","","","","43/G6M","T",1,0,0,0,0,"F"
0,0,2,1,"CBBX","","","","13/G6MS","T",1,0,0,0,0,"F"
0,1,2,2,"FFBBF*S","","","","K","T",1,0,0,0,0,"F"
0,2,1,2,"BCSS","","","","K","T",1,0,0,0,0,"F"
1,0,0,2,"FCX","","","","S8/G6M","T",0,1,0,0,0,"F"
1,0,1,0,".1B>M","alfoa002","","","SB2","F",0,0,2,0,0,"F"
1,0,2,2,".1B>M.BLL","","alfoa002","","K","T",1,0,0,2,0,"F"
1,1,0,0,"2","","alfoa002","","PO2(E1/TH).2-3","F",0,0,0,3,0,"F"
1,1,3,2,"2.SSBBB*B","","","alfoa002","W","T",0,1,0,0,3,"F"
1,1,2,2,"..CCBBX","fishd001","","alfoa002","64(1)3/GDP/G6+","T",2,0,0,0,3,"F"
0,0,1,2,"..FCBX","","","","63/G4M+","T",1,0,0,0,0,"F"
0,1,2,2,"BSSBX","","","","53/G56","T",1,0,0,0,0,"F"
0,2,1,2,"CCBX","","","","63/G56D","T",1,0,0,0,0,"F"
1,0,0,2,"FSC","","","","K","T",1,0,0,0,0,"F"
1,1,3,2,"CBBCFBS","","","","K","T",1,0,0,0,0,"F"
1,2,2,2,"BBCFFS","","","","K","T",1,0,0,0,0,"F"
0,0,3,2,"...BFS*BFBFFB","","","","W","T",0,1,0,0,0,"F"
0,0,3,2,".BCB+2*BFB","kiebc001","","","W.2-3;1-2","T",0,1,2,0,0,"F"
0,0,1,2,"FFBS","steva001","kiebc001","","K","T",1,0,1,2,0,"F"
0,1,3,2,"CBBFBS","steva001","kiebc001","","K","T",1,0,1,2,0,"F"
0,2,0,0,"X","steva001","kiebc001","","S14/G4MS+.3-H(UR);2-3;1-2","T",0,1,2,3,0,"F"
0,2,3,1,".BBBCX","eatoa002","steva001","kiebc001","T39/G3.3-H;2-H;1-H","T",0,3,4,4,4,"F"
0,2,1,1,"BFX","","","cabra002","7/L7D","T",1,0,0,0,3,"F"
1,0,3,2,"....BBFFFBFC","","","","K/C","T",1,0,0,0,0,"F"
1,1,0,2,"...STS","","","","K","T",1,0,0,0,0,"F"
1,2,3,2,"CCBBBS","","","","K+WP.2-3;B-1","T",0,1,0,0,0,"F"
1,2,2,1,"S*BB>B","drurb001","","","DI.1-2","F",0,0,2,0,0,"F"
1,2,3,2,"S*BB>B.FX","","drurb001","","8/F89S","T",1,0,0,2,0,"F"
0,0,2,2,"CBBSX","","","","9/F9","T",1,0,0,0,0,"T"
0,1,1,2,"SFBS","","","","K","T",1,0,0,0,0,"F"
0,2,3,2,"BBCFBFFFFFFX","","","","S7/G56+","T",0,1,0,0,0,"F"
0,2,2,1,"BCBX","casts001","","","64(1)/FO/G4MD.B-1","T",1,1,0,0,0,"F"
1,0,0,1,"F..X","","","","D9/L9LD+","T",0,2,0,0,0,"F"
1,0,0,0,"X","","bichb001","","43/G34D.2-3","T",1,0,0,3,0,"F"
1,1,3,1,"BF*BBX","","","bichb001","S5/P7S.3-H","T",0,1,0,0,4,"F"
1,1,1,2,"CC*B1X","gurrl001","","","14(1)/FO/G4S.B-1","T",1,1,0,0,0,"F"
1,2,2,1,"BFBX","guerv002","","","53/G4MD+","T",1,0,1,0,0,"F"
0,0,0,0,"X","","","","6/L56D+","T",1,0,0,0,0,"F"
0,1,0,2,"CFS","","","","K","T",1,0,0,0,0,"F"
0,2,3,2,"BCFBFFBB","","","","W","T",0,1,0,0,0,"F"
0,2,1,0,"BX","kiebc001","","","S8/L8D.1-3;B-2","T",0,2,3,0,0,"F"
0,2,1,2,"CBSS","","roblv001","kiebc001","K","T",1,0,0,2,3,"F"
1,0,1,0,"BX","","","","S9/G4","T",0,1,0,0,0,"F"
1,0,2,1,"TB11B>C","hernt002","","","CS2(25)","F",1,0,0,0,0,"F"
1,1,3,2,"TB11B>C.BX","","","","43/G34","T",1,0,0,0,0,"F"
1,2,3,2,"CBFBFBB","","","","W","T",0,1,0,0,0,"F"
1,2,1,1,"CBX","jansd001","","","9/L9D","T",1,0,1,0,0,"F"
0,0,1,1,"..FBX","","","","4/P34D","T",1,0,0,0,0,"F"
0,1,0,1,"CX","","","","S8/G4M+","T",0,1,0,0,0,"F"
0,1,0,0,"1X","eatoa002","","","S8/L89.1-2","T",0,1,2,0,0,"F"
0,1,2,1,"BBCX","casts001","eatoa002","","9/F89D.2-3","T",1,0,1,3,0,"F"
0,2,0,1,"CX","casts001","","eatoa002","D9/L89XD.3-H;1-H","T",0,2,4,0,4,"F"
0,2,0,1,"SX","","suzuk001","","7/F78D","T",1,0,0,2,0,"F"
1,0,2,1,"FBBX","","","","9/F9LD","T",1,0,0,0,0,"F"
1,1,1,0,"BX","","","","3/L3","T",1,0,0,0,0,"F"
1,2,0,1,"FX","","","","S8/L8D+","T",0,1,0,0,0,"F"
1,2,3,1,"BBBFX","gurrl001","","","64(1)/FO/G56D+.B-1","T",1,1,0,0,0,"F"
0,0,0,0,"..X","","","","S7/L78D","T",0,1,0,0,0,"F"
0,0,1,2,"CL*BS","kiebc001","","","K","T",1,0,1,0,0,"F"
0,1,1,2,"1FFFBX","kiebc001","","","HR/F8XD.1-H","T",0,4,4,0,0,"F"
0,1,3,2,"CBBFBX","","","","43/G4D","T",1,0,0,0,0,"F"
0,2,0,2,"CFFFFX","","","","4/P89S","T",1,0,0,0,0,"F"
1,0,0,0,"X","","","","53/G4MD+","T",1,0,0,0,0,"F"
1,1,0,0,"X","","","","HR/F8D","T",0,4,0,0,0,"F"
1,1,1,0,"BX","","","","S9/L+","T",0,1,0,0,0,"F"
1,1,3,2,".SBB1BC>B","panij002","","","W.1-2","T",0,1,2,0,0,"F"
1,1,0,2,"..CCFX","jansd001","panij002","","53/G6S.2-3;1-2","T",1,0,2,3,0,"F"
1,2,0,2,"*SF*S","","jansd001","panij002","K.BX1(23)","T",1,0,0,2,3,"F"
0,0,1,1,"CBX","","","","D7/L7LD","T",0,2,0,0,0,"F"
0,0,2,2,"CBCFBX","","casts001","","D9/L9D.2-H","T",0,2,0,4,0,"F"
0,0,2,2,"CBF*BC","","cabra002","","K","T",1,0,0,2,0,"F"
0,1,0,0,"..X","","cabra002","","8/F78","T",1,0,0,2,0,"F"
0,2,3,2,"*BBCSFBB","","cabra002","","W","T",0,1,0,2,0,"F"
0,2,2,2,"FBBCX","kiebc001","cabra002","","8/L78XD","T",1,0,1,2,0,"F"
1,0,3,2,".BBCSBX","","","","9/F9LD","T",1,0,0,0,0,"F"
1,1,0,2,"CCX","","","","S7/L7D+","T",0,1,0,0,0,"F"
1,1,0,0,"X","gurrl001","","","64(1)3/GDP/G6","T",2,0,0,0,0,"F"
0,0,1,1,"FBX","","","","63/G6M","T",1,0,0,0,0,"F"
0,1,0,2,"CFS","","","","K","T",1,0,0,0,0,"F"
0,2,2,0,"BBX","","","","3/G3","T",1,0,0,0,0,"F"
1,0,3,2,".FBBBCFFX","","","","S7/L7L","T",0,1,0,0,0,"F"
1,0,1,1,"BFX","tellr001","","","8/F89XD+","T",1,0,1,0,0,"F"
1,1,0,2,"CFC","tellr001","","","K","T",1,0,1,0,0,"F"
1,2,1,2,"..CTFBT","tellr001","","","K","T",1,0,1,0,0,"F"
0,0,1,2,"CSBX","","","","S9/L89","T",0,1,0,0,0,"F"
0,0,1,0,"*BX","casts001","","","46(1)3/GDP/G4","T",2,0,0,0,0,"F"
0,2,0,0,"X","","","","8/F8D","T",1,0,0,0,0,"F"
1,0,0,0,"X","","","","7/L7D+","T",1,0,0,0,0,"F"
1,1,2,2,"CCBBFS","","","","K","T",1,0,0,0,0,"F"
1,2,3,1,"BBBCX","","","","HR/F9D","T",0,4,0,0,0,"F"
1,2,0,2,"TFFX","","","","63/G6D","T",1,0,0,0,0,"F"
0,0,2,2,".CFBBX","","","","4/L8S","T",1,0,0,0,0,"F"
0,1,1,2,"CBCFX","","","","S9/L9LS","T",0,1,0,0,0,"F"
0,1,0,2,"FCF1X","kiebc001","","","S7/G56.1-2","T",0,1,2,0,0,"F"
0,1,2,2,".FC.BFBFX","roblv001","kiebc001","","S7/G56.2-3;1-2","T",0,1,2,3,0,"F"
0,1,1,2,"...CSFBX","steva001","roblv001","kiebc001","9/SF/L9LD.3-H;2-3","T",1,0,1,3,4,"F"
0,2,0,1,"S>B","steva001","","roblv001","SB2","F",0,0,2,0,3,"F"
0,2,3,2,"S>B.SB*BC","","steva001","roblv001","K","T",1,0,0,2,3,"F"
1,0,0,0,"..X","","","","7/F7LD","T",1,0,0,0,0,"F"
1,1,1,2,"BFSX","","","","7/F7S","T",1,0,0,0,0,"F"
1,2,1,0,"BX","","","","HR/L78XD","T",0,4,0,0,0,"F"
1,2,2,1,"BBCX","","","","6/P5D","T",1,0,0,0,0,"F"
0,0,3,2,"BBSFBS","","","","K","T",1,0,0,0,0,"F"
0,1,0,0,"X","","","","7/F7LSF/FL","T",1,0,0,0,0,"F"
0,2,0,0,"X","","","","3/P3","T",1,0,0,0,0,"F"
1,0,2,1,".BFBX","","","","8/F89XD+","T",1,0,0,0,0,"F"
1,1,0,1,".FX","","","","8/F8D","T",1,0,0,0,0,"F"
1,2,1,2,"BFFFFFFX","","","","D7/L7LD","T",0,2,0,0,0,"F"
1,2,1,2,"BCCN","","bichb001","","DI.2-3","F",0,0,0,3,0,"F"
1,2,2,2,"BCCN.BS","","","bichb001","K","T",1,0,0,0,3,"F"
0,0,2,2,"FSBBFFT","","","","K","T",1,0,0,0,0,"T"
0,1,2,1,"BBFX","","","","53/G56","T",1,0,0,0,0,"F"
0,2,3,1,"BBBCB","","","","W","T",0,1,0,0,0,"F"
0,2,2,1,"BFBX","aguij001","","","43/G4","T",1,0,1,0,0,"F"
1,0,2,2,"CBBCC","","","","K","T",1,0,0,0,0,"F"
1,1,0,0,"X","","","","4/P34D","T",1,0,0,0,0,"F"
1,2,2,2,"BCSBX","","","","S9/L89S","T",0,1,0,0,0,"F"
1,2,1,1,"FBX","shawt001","","","5/L56","T",1,0,1,0,0,"F"
0,0,3,2,"BBSBCX","","","","HR/L7LD","T",0,4,0,0,0,"F"
0,0,1,0,"BX","","","","3/P3F/FL","T",1,0,0,0,0,"F"
0,1,0,2,"SFT","","","","K","T",1,0,0,0,0,"F"
0,2,0,2,"CCS","","","","K","T",1,0,0,0,0,"F"
1,0,3,2,"TFBBBFB","","","","W","T",0,1,0,0,0,"F"
1,0,0,0,"1","gurrl001","","","PO1(E1/TH).1-2","F",0,0,2,0,0,"F"
1,0,0,0,"1.X","","gurrl001","","63/G6","T",1,0,0,2,0,"F"
1,1,0,0,"X","","gurrl001","","53/G56","T",1,0,0,2,0,"F"
1,2,1,0,"B2","","gurrl001","","OA.2X3(45)","F",1,0,0,0,0,"F"
0,0,2,2,"BCSFFBT","","","","K","T",1,0,0,0,0,"F"
0,1,0,0,"X","","","","S6/G6","T",0,1,0,0,0,"F"
0,1,0,0,"1X","villj001","","","E6/G6.1-2;B-1","T",0,1,2,0,0,"F"
0,1,0,1,"C2X","bertj001","villj001","","64(1)3/GDP/G6","T",2,0,0,2,0,"F"
1,0,1,2,"CBCS","","","","K","T",1,0,0,0,0,"F"
1,1,3,2,"FBBFBFFC","","","","K","T",1,0,0,0,0,"F"
1,2,1,1,"BFX","","","","8/L8XD+","T",1,0,0,0,0,"F"
0,0,3,2,"CCFBFBBFFX","","","","7/F7D","T",1,0,0,0,0,"F"
0,1,1,1,"FBX","","","","63/G56","T",1,0,0,0,0,"F"
0,2,2,0,"BBX","","","","4/P6D","T",1,0,0,0,0,"F"
1,0,1,1,"CBX","","","","E6/G6M.B-1","T",0,1,0,0,0,"F"
1,0,0,0,"X","bichb001","","","7/F7LS","T",1,0,1,0,0,"F"
1,1,1,2,"TCFBC","bichb001","","","K","T",1,0,1,0,0,"F"
1,2,0,0,"1X","bichb001","","","4/P4D","T",1,0,1,0,0,"F"
0,0,3,2,"CSBBBB","","","","W","T",0,1,0,0,0,"F"
0,0,2,2,"1CB1S*BC","brinl001","","","K","T",1,0,1,0,0,"F"
0,1,3,2,"F1BB1SBFC","brinl001","","","K","T",1,0,1,0,0,"F"
0,2,0,0,">B","brinl001","","","SB2","F",0,0,2,0,0,"F"
0,2,2,1,">B.FBX","","brinl001","","FC/G5.2X3(546);B-1","T",1,1,0,0,0,"F"
1,0,3,2,"SBFBBFX","","","","63/G6D+","T",1,0,0,0,0,"F"
1,1,2,2,"BBSCFFS","","","","K","T",1,0,0,0,0,"F"
1,2,1,1,"BFX","","","","9/F9D","T",1,0,0,0,0,"F"
0,0,1,2,"CFBC","","","","K","T",1,0,0,0,0,"F"
0,1,1,0,"BX","","","","53/G5","T",1,0,0,0,0,"F"
0,2,0,2,"SCX","","","","53/G6S","T",1,0,0,0,0,"F"
1,0,2,2,"BFBSX","","","","D7/L7D","T",0,2,0,0,0,"F"
1,0,0,0,"X","","jansd001","","D7/F7LD.2-3","T",0,2,0,3,0,"F"
1,0,1,2,".CFBX","","biggc002","jansd001","HR/F7D.3-H;2-H","T",0,4,0,4,4,"F"
1,0,3,2,"BBSBSX","","","","8/L8XD+","T",1,0,0,0,0,"F"
1,1,3,2,"..BBSBCFS","","","","K","T",1,0,0,0,0,"F"
1,2,0,0,"X","","","","3/P3F/FL","T",1,0,0,0,0,"F"
0,0,0,1,".CX","","","","63/G56","T",1,0,0,0,0,"F"
0,1,2,1,"BSBX","","","","8/L89XD+","T",1,0,0,0,0,"F"
0,2,1,0,"BX","","","","5/L5","T",1,0,0,0,0,"F"
1,0,0,1,".SX","","","","7/F7S","T",1,0,0,0,0,"F"
1,1,3,0,"BBBB","","","","W","T",0,1,0,0,0,"F"
1,1,1,2,"F*BCS","gricr001","","","K","T",1,0,1,0,0,"F"
1,2,3,1,"BB.BCB","gricr001","","","W.1-2","T",0,1,2,0,0,"F"
1,2,1,1,"BCX","jansd001","gricr001","","S9/L89.2-H;1-3","T",0,1,3,4,0,"F"
1,2,2,2,"SBBF>B","biggc002","","jansd001","SB2","F",0,0,2,0,3,"F"
1,2,3,2,"SBBF>B.X","","biggc002","jansd001","8/F8XD+","T",1,0,0,2,3,"F"
0,0,1,0,".BX","","","","9/L9D+","T",1,0,0,0,0,"F"
0,1,1,2,".FBCX","","","","43/G4","T",1,0,0,0,0,"F"
0,2,0,2,"SSS","","","","K","T",1,0,0,0,0,"F"
1,0,3,1,"...BBFBX","","","","63/G2","T",1,0,0,0,0,"F"
1,1,1,2,"CSBX","","","","8/L89XD+","T",1,0,0,0,0,"F"
1,2,0,1,"CX","","","","53/G56","T",1,0,0,0,0,"F"
0,0,3,2,".CBBBFFFFX","","","","D7/F78XD","T",0,2,0,0,0,"F"
0,0,0,1,"CX","","bertj001","","8/L8D","T",1,0,0,2,0,"F"
0,1,3,2,"BFBCFF*BFFX","","bertj001","","31/G34.2-3","T",1,0,0,3,0,"F"
0,2,3,2,"CBBBCB","","","bertj001","W","T",0,1,0,0,3,"F"
0,2,3,0,"*BBBX","andeb006","","bertj001","HR/F7D.3-H;1-H","T",0,4,4,0,4,"F"
0,2,3,2,"..BBBCFFX","","","","7/F7D","T",1,0,0,0,0,"F"
1,0,1,2,".BSFX","","","","53/G5","T",1,0,0,0,0,"F"
1,1,3,2,"BBCSBX","","","","S4/G4MS","T",0,1,0,0,0,"F"
1,1,1,0,"BX","gricr001","","","36(1)1/GDP/G3","T",2,0,0,0,0,"F"
0,0,0,2,".CFS","","","","K","T",1,0,0,0,0,"F"
0,1,2,2,"BFCBX","","","","7/F7LF/FL","T",1,0,0,0,0,"F"
0,2,3,0,"VVVV","","","","IW","T",0,1,0,0,0,"F"
0,2,2,2,".FSBBB","villj001","","","WP.2-3;1-2","F",0,0,2,0,0,"F"
0,2,3,2,".FSBBB.FX","","villj001","","7/F7","T",1,0,0,2,0,"F"
1,0,0,0,"...X","","","","24/SH/BG2.2-3","T",1,0,0,0,0,"F"
1,1,3,1,"...BBSBB","","","","W","T",0,1,0,0,0,"F"
1,1,3,0,"VVVV","biggc002","","","IW.1-2","T",0,1,2,0,0,"F"
1,1,2,2,"*BCBCX","bichb001","biggc002","","S9/L89S.3-H(UR);2-3;1-2","T",0,1,2,3,0,"F"
0,0,2,1,"BBCX","","","","8/F8D","T",1,0,0,0,0,"T"
0,1,0,0,"X","","","","5/L56","T",1,0,0,0,0,"F"
0,2,3,2,"BBSFBB","","","","W","T",0,1,0,0,0,"F"
0,2,1,2,"CBCFFX","dickc002","","","S9/L89S.1-3","T",0,1,3,0,0,"F"
0,2,2,0,"BBX","joycm001","","dickc002","HR/F7D.3-H;1-H","T",0,4,4,0,4,"F"
0,2,3,1,"BBBCB","","","","W","T",0,1,0,0,0,"F"
0,2,0,2,".CCX","cervf001","","","53/G56","T",1,0,1,0,0,"F"
1,0,2,2,"BFBCS","","","","K","T",1,0,0,0,0,"F"
1,1,1,1,"BSX","","","","S7/L78+","T",0,1,0,0,0,"F"
1,1,2,1,"F*B*B>*B","bichb001","","","SB2","F",0,0,2,0,0,"F"
1,1,3,1,"F*B*B>*B.*B","","bichb001","","W","T",0,1,0,2,0,"F"
1,1,2,1,"2BS+2*BX","shawt001","bichb001","","8/F89D/DP.2-3;1X2(8634)","T",2,0,0,3,0,"F"
0,0,0,1,"CX","","","","3/P3F/FL","T",1,0,0,0,0,"F"
0,1,3,2,"BBFBCX","","","","3/G3","T",1,0,0,0,0,"F"
0,2,1,0,"BX","","","","S9/F9S","T",0,1,0,0,0,"F"
0,2,2,0,"1B1B>C","villj001","","","SB2","F",0,0,2,0,0,"F"
0,2,3,2,"1B1B>C.FBX","","villj001","","63/G6S","T",1,0,0,2,0,"F"
1,0,2,2,"FBBFX","","","","S7/G6","T",0,1,0,0,0,"F"
1,0,2,2,"SBF*BFS","gurrl001","","","K","T",1,0,1,0,0,"F"
1,1,3,0,"BBBB","gurrl001","","","W.1-2","T",0,1,2,0,0,"F"
1,1,3,2,".BSBFF*BS","gricr001","gurrl001","","K","T",1,0,1,2,0,"F"
1,2,3,1,"FB*BBX","gricr001","gurrl001","","8/F8D","T",1,0,1,2,0,"F"
0,0,2,2,"BCBFX","","","","S7/L7LS","T",0,1,0,0,0,"F"
0,0,1,0,"BX","dickc002","","","S9/G34.1-3","T",0,1,3,0,0,"F"
0,0,1,2,"FSBFS","joycm001","","dickc002","K","T",1,0,1,0,3,"F"
0,1,3,0,"*BBBB","joycm001","","dickc002","W.1-2","T",0,1,2,0,3,"F"
0,1,3,1,"BBBFB","cervf001","joycm001","dickc002","W.3-H;2-3;1-2","T",0,1,2,3,4,"F"
0,1,1,2,"..BCCS","alvae001","cervf001","joycm001","K","T",1,0,1,2,3,"F"
0,2,0,2,"FFFX","alvae001","cervf001","joycm001","E3/G3.3-H(NR)(UR);2-3;1-2;B-1","T",0,1,2,3,5,"F"
0,2,0,0,"B","sierm002","alvae001","cervf001","PB.3-H(NR)(UR);2-3;1-2","F",0,0,2,3,5,"F"
0,2,3,0,"B.BBB","","sierm002","alvae001","W","T",0,1,0,2,3,"F"
0,2,1,2,"BCS+2","villj001","sierm002","alvae001","SBH.3-H(NR)(UR)","F",0,0,1,2,5,"F"
0,2,2,2,"BCS+2.*BFX","villj001","sierm002","","S9/L9S.2-H(UR);1X3(95)","T",1,1,0,5,0,"F"
1,0,2,1,"CBBX","","","","43/G4D+","T",1,0,0,0,0,"F"
1,1,1,1,"BCX","","","","S8/L89S","T",0,1,0,0,0,"F"
1,1,0,2,"CCT","bichb001","","","K","T",1,0,1,0,0,"F"
1,2,1,0,"*B1X","bichb001","","","HR/F78XD.1-H","T",0,4,4,0,0,"F"
1,2,1,2,"CBCC","","","","K","T",1,0,0,0,0,"F"
0,0,2,2,"CBFBX","","","","43/G34S","T",1,0,0,0,0,"F"
0,1,0,2,"CSX","","","","31/G34","T",1,0,0,0,0,"F"
0,2,2,2,"CFBBS","","","","K","T",1,0,0,0,0,"F"
1,0,0,1,"CX","","","","9/F9D","T",1,0,0,0,0,"F"
1,1,3,2,"CBFBBX","","","","S5/G56S","T",0,1,0,0,0,"F"
1,1,0,1,"CX","gricr001","","","HR/F9D.1-H","T",0,4,4,0,0,"F"
1,1,2,2,"CFBBX","","","","S9/L34D","T",0,1,0,0,0,"F"
1,1,0,1,"..CX","jansd001","","","3/L3/DP.1X1(3)","T",2,0,0,0,0,"F"
0,0,1,0,"BX","","","","6E3/G56.B-1","T",0,1,0,0,0,"F"
0,0,1,1,"BSX","cervf001","","","S9/G34.1-2","T",0,1,2,0,0,"F"
0,0,0,0,"X","alvae001","cervf001","","S9/G34.2-3;1-2","T",0,1,2,3,0,"F"
0,0,1,2,"CB*SS","bertj001","alvae001","cervf001","K","T",1,0,1,2,3,"F"
0,1,0,0,"X","bertj001","alvae001","cervf001","S9/G34.3-H(UR);2-3;1-2","T",0,1,2,3,5,"F"
0,1,2,2,"*BFBSX","villj001","bertj001","alvae001","S9/L9L.3-H;2-H;1-3;BX2(96)","T",1,0,3,4,4,"F"
0,2,2,1,"..BFBX","","","villj001","7/F7LS","T",1,0,0,0,3,"F"
1,0,0,0,"X","","","","S8/G6M+","T",0,1,0,0,0,"F"
1,0,0,0,"X","bichb001","","","HR/F7LD.1-H","T",0,4,4,0,0,"F"
1,0,1,1,"BSX","","","","8/F8XD","T",1,0,0,0,0,"F"
1,1,1,0,"BX","","","","9/F89","T",1,0,0,0,0,"F"
1,2,0,2,"FCX","","","","31/G34","T",1,0,0,0,0,"F"
0,0,0,2,"FSS","","","","K","T",1,0,0,0,0,"F"
0,1,3,2,"CBSFBBFS","","","","K","T",1,0,0,0,0,"F"
0,2,1,0,"BX","","","","3/G34","T",1,0,0,0,0,"F"
1,0,0,0,".X","","","","8/L8XD+","T",1,0,0,0,0,"F"
1,1,3,2,"C...SBBFBFX","","","","D9/L9D+","T",0,2,0,0,0,"F"
1,1,1,0,"BX","","tellr001","","HR/L7D.2-H","T",0,4,0,4,0,"F"
1,1,3,0,"BBBB","","","","W","T",0,1,0,0,0,"F"
1,1,1,2,".FBFX","biggc002","","","S8/G6M+.1-2","T",0,1,2,0,0,"F"
1,1,2,2,"*BCBS>B","bichb001","biggc002","","SB3;SB2","F",0,0,2,3,0,"F"
1,1,3,2,"*BCBS>B.C","","bichb001","biggc002","K","T",1,0,0,2,3,"F"
1,2,0,2,"..CF*S","","bichb001","biggc002","K","T",1,0,0,2,3,"F"
0,0,3,2,"BSSBBS","","","","K","T",1,0,0,0,0,"F"
0,1,2,2,"BFCBC","","","","K","T",1,0,0,0,0,"F"
0,2,2,0,"BBX","","","","3/BL3","T",1,0,0,0,0,"F"
1,0,2,2,"FBBSX","","","","53/G56","T",1,0,0,0,0,"F"
1,1,1,0,"BX","","","","HR/L89XD","T",0,4,0,0,0,"F"
1,1,1,0,"BX","","","","S7/L7S","T",0,1,0,0,0,"F"
1,1,2,2,"..SBBCX","gricr001","","","D59/G34.1-3","T",0,2,3,0,0,"F"
1,1,2,0,".BBX","","tellr001","gricr001","8/F8","T",1,0,0,2,3,"F"
1,2,1,2,"CBFS","","tellr001","gricr001","K","T",1,0,0,2,3,"F"
0,0,0,2,".CSS","","","","K","T",1,0,0,0,0,"F"
0,1,3,2,"FBFBBFC","","","","K","T",1,0,0,0,0,"F"
0,2,2,1,"BCBX","","","","8/F8XD","T",1,0,0,0,0,"F"
1,0,0,1,".FX","","","","HR/F7D","T",0,4,0,0,0,"F"
1,0,1,1,"BCX","","","","HR/L9D","T",0,4,0,0,0,"F"
1,0,3,2,".BCSBBX","","","","8/L8D","T",1,0,0,0,0,"F"
1,1,3,2,"FBBBCS","","","","K","T",1,0,0,0,0,"F"
1,2,1,0,"..BX","","","","S9/G4","T",0,1,0,0,0,"F"
1,2,0,2,".1CSC","alfoa002","","","K","T",1,0,1,0,0,"F"
0,0,1,2,"....CSBS","","","","K","T",1,0,0,0,0,"F"
0,1,3,2,"CBBSBX","","","","53/G5","T",1,0,0,0,0,"F"
0,2,0,0,"X","","","","S8/L8","T",0,1,0,0,0,"F"
0,2,2,2,"BSBF>*B","cervf001","","","SB2","F",0,0,2,0,0,"F"
0,2,3,2,"BSBF>*B..S","","harrm003","","K","T",1,0,0,2,0,"F"
1,0,1,2,"..SBFFFX","","","","31/G34","T",1,0,0,0,0,"F"
1,1,0,0,"X","","","","9/F89XD","T",1,0,0,0,0,"F"
1,2,0,0,"X","","","","3/G3-","T",1,0,0,0,0,"F"
0,0,1,1,"..LBX","","","","S5/BG56S.2-3","T",0,1,0,0,0,"F"
0,0,0,2,"LF*B","bertj001","","","SB2","F",0,0,2,0,0,"F"
0,0,1,2,"LF*B.X","","bertj001","","S9/L89S.3-H(UR);2-H","T",0,1,0,4,0,"F"
0,0,0,0,"N","sierm002","","","OA.1-2(E1/TH)","F",0,0,2,0,0,"F"
0,0,0,0,"N.X","","sierm002","","23/SH/BG2.2-3","T",1,0,0,3,0,"F"
0,1,0,0,"X","","","sierm002","S9/L9S.3-H","T",0,1,0,0,4,"F"
0,1,1,2,"BSFX","aguij001","","","56(1)/FO/G56.B-1","T",1,1,0,0,0,"F"
0,2,3,2,"1SS*B*BB>*B","dickc002","","","W.1-2","T",0,1,2,0,0,"F"
0,2,3,2,"..FBCBB>F>S","brinl001","dickc002","","K","T",1,0,1,2,0,"F"
1,0,3,2,"..*BBBCT*B","","","","W","T",0,1,0,0,0,"F"
1,0,0,2,"FFFFC","bichb001","","","K","T",1,0,1,0,0,"F"
1,1,1,1,".BSX","bichb001","","","6/P6D+","T",1,0,1,0,0,"F"
1,2,1,2,"FBFS","bichb001","","","K","T",1,0,1,0,0,"F"
0,0,3,2,"CBSBBB","","","","W","T",0,1,0,0,0,"T"
0,0,2,2,"BS1BSX","meada001","","","HR/F9D.1-H","T",0,4,4,0,0,"F"
0,0,0,1,"CX","","","","S7/G56","T",0,1,0,0,0,"F"
0,0,2,2,"CS1B1*BT","wendj002","","","K","T",1,0,1,0,0,"F"
0,1,2,2,"1CSBBS","wendj002","","","K","T",1,0,1,0,0,"F"
0,2,0,0,">B","wendj002","","","SB2","F",0,0,2,0,0,"F"
0,2,3,1,">B.BCBB","","wendj002","","W","T",0,1,0,2,0,"F"
0,2,0,2,".FFC","tsuty001","wendj002","","K","T",1,0,1,2,0,"F"
1,0,2,2,"FBBFFS","","","","K","T",1,0,0,0,0,"F"
1,1,1,0,"BX","","","","9/F9","T",1,0,0,0,0,"F"
1,2,3,0,"BBBB","","","","W","T",0,1,0,0,0,"F"
1,2,0,2,"CFX","shawt001","","","53/G5+","T",1,0,1,0,0,"F"
0,0,0,0,"X","","","","63/G56+","T",1,0,0,0,0,"F"
0,1,0,1,"CX","","","","8/L8D","T",1,0,0,0,0,"F"
0,2,3,1,"BCBBB","","","","W","T",0,1,0,0,0,"F"
0,2,3,2,"*B1SBBS>F>X","meada001","","","S9/L9LD.1-H","T",0,1,4,0,0,"F"
0,2,0,2,"C*SX","loweb001","","","7/L7D","T",1,0,1,0,0,"F"
1,0,0,0,"X","","","","43/G6","T",1,0,0,0,0,"F"
1,1,2,0,"BBX","","","","S8/L78XD+","T",0,1,0,0,0,"F"
1,1,0,0,"X","guerv002","","","9/F89D","T",1,0,1,0,0,"F"
1,2,2,1,"SBBX","guerv002","","","HR/F9D.1-H","T",0,4,4,0,0,"F"
1,2,3,1,"CBBBX","","","","E5/G6+.B-1","T",0,1,0,0,0,"F"
1,2,3,1,"B*BBCB","jansd001","","","W.1-2","T",0,1,2,0,0,"F"
1,2,1,2,".*BS*S*S","biggc002","jansd001","","K.BX1(23)","T",1,0,1,2,0,"F"
0,0,1,0,"BX","","","","7/F78S","T",1,0,0,0,0,"F"
0,1,3,2,"CCBBBX","","","","D9/L9D+","T",0,2,0,0,0,"F"
0,1,3,2,"BFF*BBB","","adamw002","","W","T",0,1,0,2,0,"F"
0,1,3,2,"BFS*BBX","tsuty001","adamw002","","6(1)3/GDP/G6MS+","T",2,0,0,2,0,"F"
1,0,1,2,"CBCX","","","","53/G5","T",1,0,0,0,0,"F"
1,1,0,0,"X","","","","E5/G5.B-1","T",0,1,0,0,0,"F"
1,1,1,2,"1C1BFX","hernt002","","","64(1)/FO/G6S.B-1","T",1,1,0,0,0,"F"
1,2,3,1,"SBBBB","gurrl001","","","W.1-2","T",0,1,2,0,0,"F"
1,2,3,1,"BBBFX","guerv002","gurrl001","","7/L7+","T",1,0,1,2,0,"F"
0,0,1,0,"BX","","","","8/F78XD+","T",1,0,0,0,0,"F"
0,1,2,2,"BFBSS","","","","K","T",1,0,0,0,0,"F"
0,2,2,2,"CBBSFX","","","","13/G1S","T",1,0,0,0,0,"F"
1,0,1,1,"BCX","","","","8/F8D","T",1,0,0,0,0,"F"
1,1,1,2,"SBFX","","","","9/L89D","T",1,0,0,0,0,"F"
1,2,2,1,"BBCX","","","","HR/F9LD","T",0,4,0,0,0,"F"
1,2,1,1,"BFX","","","","9/F9D","T",1,0,0,0,0,"F"
0,0,3,2,".CCBFFBBX","","","","9/F89","T",1,0,0,0,0,"F"
0,1,2,2,"BCTBFX","","","","4/L4D+","T",1,0,0,0,0,"F"
0,2,3,2,"BBBCST","","","","K","T",1,0,0,0,0,"F"
1,0,2,2,"FBFFBS","","","","K","T",1,0,0,0,0,"F"
1,1,1,2,"CBSFX","","","","S8/L89+","T",0,1,0,0,0,"F"
1,1,1,2,"..SBS11X","hernt002","","","7/F78","T",1,0,1,0,0,"F"
1,2,0,0,"X","hernt002","","","43/G4MS","T",1,0,1,0,0,"F"
0,0,3,1,"BBFBX","","","","D7/L7L","T",0,2,0,0,0,"F"
0,0,3,2,"..*BCBBFB","","adamw002","","W","T",0,1,0,2,0,"F"
0,0,3,2,"BBCBCF*B","diazy001","adamw002","","W.2-3;1-2","T",0,1,2,3,0,"F"
0,0,1,2,".BFFX","kierk001","diazy001","adamw002","9/SF/F9.3-H","T",1,0,1,2,4,"F"
0,1,1,2,"...BSFX","kierk001","diazy001","","64(1)3/GDP/G6D","T",2,0,0,2,0,"F"
1,0,0,1,"..CX","","","","HR/L7LD","T",0,4,0,0,0,"F"
1,0,0,0,"X","","","","S7/G6","T",0,1,0,0,0,"F"
1,0,2,2,"CBBCX","tellr001","","","7/F78S","T",1,0,1,0,0,"F"
1,1,0,0,"..H","tellr001","","","HP.1-2","T",0,1,2,0,0,"F"
1,1,0,0,"X","biggc002","tellr001","","HR/L89XD.2-H;1-H","T",0,4,4,4,0,"F"
1,1,1,1,"CBX","","","","3/L3+","T",1,0,0,0,0,"F"
1,2,0,2,"FSX","","","","HR/F8XD","T",0,4,0,0,0,"F"
1,2,1,0,"BX","","","","8/F8","T",1,0,0,0,0,"F"
0,0,3,2,".CBFFBBT","","","","K","T",1,0,0,0,0,"F"
0,1,1,2,"CBSX","","","","6/P6","T",1,0,0,0,0,"F"
0,2,3,1,"BBCBB","","","","W","T",0,1,0,0,0,"F"
0,2,2,2,"BCS*BC","wendj002","","","K","T",1,0,1,0,0,"F"
1,0,0,1,"CX","","","","8/L8D","T",1,0,0,0,0,"F"
1,1,2,2,"BBSFFFX","","","","23/G1S-","T",1,0,0,0,0,"F"
1,2,0,0,"X","","","","9/L9D","T",1,0,0,0,0,"F"
0,0,2,0,".BBX","","","","13/G23","T",1,0,0,0,0,"F"
0,1,1,1,"CBX","","","","43/G4","T",1,0,0,0,0,"F"
0,2,2,2,"SBFBC","","","","K","T",1,0,0,0,0,"F"
1,0,3,2,".BBSBFB","","","","W","T",0,1,0,0,0,"F"
1,0,0,1,"CH","jansd001","","","HP.1-2","T",0,1,2,0,0,"F"
1,0,1,2,"CBCX","biggc002","jansd001","","S7/L78.2-3;1-2","T",0,1,2,3,0,"F"
1,0,1,1,".TBB","bichb001","biggc002","jansd001","WP.3-H(NR);2-3;1-2","F",0,0,2,3,4,"F"
1,0,2,2,".TBB.CS","","bichb001","biggc002","K","T",1,0,0,2,3,"F"
1,1,1,1,"BCX","","bichb001","biggc002","HR/F78XD.3-H;2-H","T",0,4,0,4,4,"F"
1,1,0,2,"CSS","","","","K","T",1,0,0,0,0,"F"
1,2,3,2,"BFBCFBB","","","","W","T",0,1,0,0,0,"F"
1,2,1,2,"..CBFC","guerv002","","","K","T",1,0,1,0,0,"F"
0,0,1,2,".CBTF*S","","","","K","T",1,0,0,0,0,"F"
0,1,1,0,"BX","","","","6/P5D+","T",1,0,0,0,0,"F"
0,2,2,2,"CBBSFFX","","","","8/L8XD+","T",1,0,0,0,0,"F"
0,0,1,1,"CBX","","","","7/F7D","T",1,0,0,0,0,"T"
0,1,0,2,"TSX","","","","6/P8S","T",1,0,0,0,0,"F"
0,2,3,1,"BBBCX","","","","S9/L9D+","T",0,1,0,0,0,"F"
0,2,2,2,"CBFFB1X","diazy001","","","8/L8D","T",1,0,1,0,0,"F"
1,0,1,2,"CFBFX","","","","S7/F7S","T",0,1,0,0,0,"F"
1,0,0,2,"FS*S","biggc002","","","K","T",1,0,1,0,0,"F"
1,1,2,2,"BBT*SX","biggc002","","","8/L8D","T",1,0,1,0,0,"F"
1,2,2,1,"*BBCX","biggc002","","","S7/L7S+.1-2","T",0,1,2,0,0,"F"
1,2,2,2,"BBFF*S","hernt002","biggc002","","K","T",1,0,1,2,0,"F"
0,0,2,2,"BCBFX","","","","S5/G5","T",0,1,0,0,0,"F"
0,0,2,2,"1BFBCC","brosm001","","","K","T",1,0,1,0,0,"F"
0,1,1,2,"CBSFC","brosm001","","","K","T",1,0,1,0,0,"F"
0,2,3,1,"BBBCX","brosm001","","","S9/L89D+.1-3","T",0,1,3,0,0,"F"
0,2,0,0,"X","margm001","","brosm001","3/P2F/FL","T",1,0,1,0,3,"F"
1,0,1,2,"FFBFX","","","","63/G6S","T",1,0,0,0,0,"F"
1,1,1,0,"BX","","","","163/G6MD+","T",1,0,0,0,0,"F"
1,2,0,0,"X","","","","7/F1S","T",1,0,0,0,0,"F"
0,0,0,1,"CX","","","","HR/F9D","T",0,4,0,0,0,"F"
0,0,2,0,"BBX","","","","S8/L8","T",0,1,0,0,0,"F"
0,0,2,2,"SB1FBX","loweb001","","","63/G6MS.1-2","T",1,0,2,0,0,"F"
0,1,2,2,"FBCBFX","","loweb001","","2/P2F/FL","T",1,0,0,2,0,"F"
0,2,0,2,"CFFFT","","loweb001","","K","T",1,0,0,2,0,"F"
1,0,0,2,"SCX","","","","S7/L7S","T",0,1,0,0,0,"F"
1,0,2,2,"CSBBFX","drurb001","","","7/F7LD","T",1,0,1,0,0,"F"
1,1,1,1,"FBX","drurb001","","","S7/G56.1-2","T",0,1,2,0,0,"F"
1,1,0,1,"CX","bichb001","drurb001","","9/F89XD.2-3","T",1,0,1,3,0,"F"
1,2,3,2,"F*BBCB>F>X","bichb001","","drurb001","8/L8","T",1,0,1,0,3,"F"
0,0,2,2,".CBBSS","","","","K","T",1,0,0,0,0,"F"
0,1,0,0,"X","","","","13/L4S","T",1,0,0,0,0,"F"
0,2,1,1,"BCX","","","","S5/BG5S","T",0,1,0,0,0,"F"
0,2,1,2,"SB1S>F>B","margm001","","","SB2.1-3(E2/TH)","F",0,0,3,0,0,"F"
0,2,2,2,"SB1S>F>B.S","","","margm001","K","T",1,0,0,0,3,"F"
1,0,1,1,"...BSX","","","","53/G5","T",1,0,0,0,0,"F"
1,1,0,1,"FX","","","","D3/P3D","T",0,2,0,0,0,"F"
1,1,0,2,"SCB","","gricr001","","PB.2-3","F",0,0,0,3,0,"F"
1,1,1,2,"SCB.X","","","gricr001","S8/G6M.3-H(UR)","T",0,1,0,0,5,"F"
1,1,1,2,"CBCFFS","tellr001","","","K","T",1,0,1,0,0,"F"
1,2,0,1,"SX","tellr001","","","9/F9S","T",1,0,1,0,0,"F"
0,0,1,2,"..BCSS","","","","K","T",1,0,0,0,0,"F"
0,1,3,2,"CBCBFFBC","","","","K","T",1,0,0,0,0,"F"
0,2,2,1,"SBBX","","","","S9/L3D","T",0,1,0,0,0,"F"
0,2,1,0,"BX","diazy001","","","D9/L9LD.1-H(E4)(NR)(UR);B-3","T",0,3,5,0,0,"F"
0,2,3,1,"BF*BB*B","","","choij001","W","T",0,1,0,0,3,"F"
0,2,1,2,"CSBX","brosm001","","choij001","63/G6S","T",1,0,1,0,3,"F"
1,0,0,2,"CCS","","","","K","T",1,0,0,0,0,"F"
1,1,0,0,"X","","","","S7/L78","T",0,1,0,0,0,"F"
1,1,3,2,"CBBFBFX","panij002","","","4/P4","T",1,0,1,0,0,"F"
1,2,2,2,"CBBSX","panij002","","","D7/L7L.1-H","T",0,2,4,0,0,"F"
1,2,1,2,"BFCX","","hernt002","","13/G6MS","T",1,0,0,2,0,"F"
0,0,1,2,"TSFBS","","","","K","T",1,0,0,0,0,"F"
0,1,1,0,"BX","","","","8/F8XD","T",1,0,0,0,0,"F"
0,2,0,2,"SFC","","","","K","T",1,0,0,0,0,"F"
1,0,0,2,"CCX","","","","S9/L89S+","T",0,1,0,0,0,"F"
1,0,0,0,"X","gricr001","","","S8/G6M+.1-2","T",0,1,2,0,0,"F"
1,0,0,0,"X","tellr001","gricr001","","54/SH/BG25.2-3;1-2","T",1,0,2,3,0,"F"
1,1,3,2,".BFS*BFF*BX","","tellr001","gricr001","FC/G5S+.3XH(521);2-3;B-1","T",1,1,0,3,0,"F"
1,2,2,2,"BFCB*S","drurb001","","tellr001","K.BX1(23)","T",1,0,1,0,3,"F"
0,0,1,2,".CBSS","","","","K","T",1,0,0,0,0,"F"
0,1,3,1,"BBBCX","","","","DGR/L8XD+","T",0,2,0,0,0,"F"
0,1,3,1,"CBBBV","","loweb001","","IW","T",0,1,0,2,0,"F"
0,1,3,0,".B*BBB","diazy001","loweb001","","W.2-3;1-2","T",0,1,2,3,0,"F"
0,1,1,2,"..F*BCS","martj008","diazy001","loweb001","K","T",1,0,1,2,3,"F"
0,2,1,0,"BX","martj008","diazy001","loweb001","7/F7D","T",1,0,1,2,3,"F"
1,0,2,2,"..CBBFX","","","","9/F89XD+","T",1,0,0,0,0,"F"
1,1,0,0,".X","","","","7/L7S","T",1,0,0,0,0,"F"
1,2,2,2,"BCCBC","","","","K","T",1,0,0,0,0,"F"
0,0,3,2,"BFFBBFB","","","","W","T",0,1,0,0,0,"F"
0,0,1,2,"1BC1CFS","kierk001","","","K","T",1,0,1,0,0,"F"
0,1,1,1,"CB1>*S","kierk001","","","SB2","F",0,0,2,0,0,"F"
0,1,1,2,"CB1>*S.S","","kierk001","","K","T",1,0,0,2,0,"F"
0,2,1,1,".FBX","","kierk001","","2/P2F/FL","T",1,0,0,2,0,"F"
1,0,2,0,"BBX","","","","9/F9LS","T",1,0,0,0,0,"F"
1,1,3,2,"BCCBFFB*B","","","","W","T",0,1,0,0,0,"F"
1,1,1,2,".CBSS","gricr001","","","K","T",1,0,1,0,0,"F"
1,2,0,0,".X","gricr001","","","8/L8","T",1,0,1,0,0,"F"
0,0,2,2,".FCBBX","","","","HR/L78XD","T",0,4,0,0,0,"F"
0,0,2,1,"BFBX","","","","53/G6","T",1,0,0,0,0,"F"
0,1,2,2,"CBBSX","","","","S8/G4M","T",0,1,0,0,0,"F"
0,1,1,1,"CBX","martj008","","","43/G34.1-2","T",1,0,2,0,0,"F"
0,2,3,2,"CBBS*BB","","martj008","","W","T",0,1,0,2,0,"F"
0,2,2,2,".BFBSX","adamw002","martj008","","7/F78D","T",1,0,1,2,0,"F"
1,0,1,2,"..BCCS","","","","K","T",1,0,0,0,0,"F"
1,1,1,1,"CBX","","","","7/F6D","T",1,0,0,0,0,"F"
1,2,1,2,"CBFX","","","","8/L8XD","T",1,0,0,0,0,"F"
0,0,1,2,"BFFS","","","","K","T",1,0,0,0,0,"T"
0,1,1,2,"CBSFS","","","","K","T",1,0,0,0,0,"F"
0,2,2,2,"BFBFS","","","","K","T",1,0,0,0,0,"F"
1,0,1,0,"BX","","","","D7/L7LD","T",0,2,0,0,0,"F"
1,0,1,0,"BX","","biggc002","","HR/F78XD.2-H","T",0,4,0,4,0,"F"
1,0,3,2,"SBBBFS","","","","K","T",1,0,0,0,0,"F"
1,1,3,2,"CBFFBBX","","","","3/P3SF/FL","T",1,0,0,0,0,"F"
1,2,1,1,"SBX","","","","5/P5F/FL","T",1,0,0,0,0,"F"
0,0,2,0,"BBX","","","","8/F78XD","T",1,0,0,0,0,"F"
0,1,1,0,"BX","","","","6/P6M","T",1,0,0,0,0,"F"
0,2,1,2,"CCBFS","","","","K","T",1,0,0,0,0,"F"
1,0,0,0,"H","","","","HP","T",0,1,0,0,0,"F"
1,0,0,0,"X","guerv002","","","S7/L7S.1-2","T",0,1,2,0,0,"F"
1,0,1,2,".BSFF*S","jansd001","guerv002","","K","T",1,0,1,2,0,"F"
1,1,2,2,"BBCSFX","jansd001","guerv002","","6/L6D/DP.2X2(64)","T",2,0,1,0,0,"F"
0,0,0,1,"LX","","","","S9/L9","T",0,1,0,0,0,"F"
0,0,0,2,"C1C1","kierk001","","","PO1(13)","F",1,0,0,0,0,"F"
0,1,0,2,"C1C1.T","","","","K","T",1,0,0,0,0,"F"
0,2,1,2,"CSBX","","","","43/G34","T",1,0,0,0,0,"F"
1,0,0,2,"CCX","","","","9/F8XD","T",1,0,0,0,0,"F"
1,1,2,2,"BBCCFT","","","","K","T",1,0,0,0,0,"F"
1,2,1,2,"CFBX","","","","S9/L89S","T",0,1,0,0,0,"F"
1,2,2,1,".BBFX","shawt001","","","S7/L78+.1-2","T",0,1,2,0,0,"F"
1,2,0,0,"..X","hernt002","shawt001","","63/G6S-","T",1,0,1,2,0,"F"
0,0,1,1,"FBX","","","","7/F7LSF/FL","T",1,0,0,0,0,"F"
0,1,2,1,"BFBX","","","","S9/L9S+","T",0,1,0,0,0,"F"
0,1,3,2,"FF1BBB>B","loweb001","","","W.1-2","T",0,1,2,0,0,"F"
0,1,2,2,"B.BFCS","wendj002","loweb001","","K","T",1,0,1,2,0,"F"
0,2,2,2,"FFBBX","wendj002","loweb001","","HR/F7D.2-H;1-H","T",0,4,4,4,0,"F"
0,2,1,2,"FFBS","","","","K","T",1,0,0,0,0,"F"
1,0,1,1,"..BCX","","","","HR/L78XD","T",0,4,0,0,0,"F"
1,0,3,1,"CBBBB","","","","W","T",0,1,0,0,0,"F"
1,0,3,2,".BCBFBC","jansd001","","","K","T",1,0,1,0,0,"F"
1,1,0,0,"..X","jansd001","","","HR/F78XD.1-H","T",0,4,4,0,0,"F"
1,1,0,1,"CX","","","","9/F8XD","T",1,0,0,0,0,"F"
1,2,1,2,"FBSFFS","","","","K","T",1,0,0,0,0,"F"
0,0,0,1,".CX","","","","S7/G6","T",0,1,0,0,0,"F"
0,0,0,1,"CX","kierk001","","","S7/F78.1-3","T",0,1,3,0,0,"F"
0,0,2,2,"BSSBT","renfh001","","kierk001","K","T",1,0,1,0,3,"F"
0,1,1,1,"..FBX","renfh001","","kierk001","7/SF/F78D.3-H","T",1,0,1,0,4,"F"
0,2,3,0,"BBBB","renfh001","","","W.1-2","T",0,1,2,0,0,"F"
0,2,3,2,"..BCFBB>B","loweb001","renfh001","","W.2-3;1-2","T",0,1,2,3,0,"F"
0,2,0,2,"SSFX","diazy001","loweb001","renfh001","43/G4","T",1,0,1,2,3,"F"
1,0,1,2,".CBSC","","","","K","T",1,0,0,0,0,"F"
1,1,0,1,"CX","","","","8/L8D","T",1,0,0,0,0,"F"
1,2,1,0,"BX","","","","8/F8D","T",1,0,0,0,0,"F"
0,0,3,2,"FBFBBX","","","","D7/L7D+","T",0,2,0,0,0,"F"
0,0,3,1,".*BBSBB","","margm001","","W","T",0,1,0,2,0,"F"
0,0,1,2,"B*SSS","adamw002","margm001","","K","T",1,0,1,2,0,"F"
0,1,1,1,"..FBX","adamw002","margm001","","64(1)3/GDP/G6","T",2,0,0,2,0,"F"
1,0,1,1,"..CBX","","","","S7/G56","T",0,1,0,0,0,"F"
1,0,3,2,"BB.CBFT","guerv002","","","K","T",1,0,1,0,0,"F"
1,1,0,1,"CX","guerv002","","","7/F7LD","T",1,0,1,0,0,"F"
1,2,3,2,"*BCBBS>C","guerv002","","","K","T",1,0,1,0,0,"F"
0,0,3,1,".BBCBX","","","","7/F7L","T",1,0,0,0,0,"F"
0,1,1,0,"BX","","","","S39/G34","T",0,1,0,0,0,"F"
0,1,2,0,"BBX","meada001","","","9/F89XD+","T",1,0,1,0,0,"F"
0,2,3,1,"CBBBX","meada001","","","S9/L89D.1-H(E9)(NR)(UR);B-2","T",0,2,5,0,0,"F"
0,2,0,1,".SX","","brosm001","","3/G3","T",1,0,0,2,0,"F"
1,0,2,2,"..SFBFBX","","","","7/L7D","T",1,0,0,0,0,"F"
1,1,0,0,"X","","","","S7/G56","T",0,1,0,0,0,"F"
1,1,0,0,"X","gricr001","","","46(1)3/GDP/G4D","T",2,0,0,0,0,"F"
0,0,1,0,"..BX","","","","63/G6M.2-3","T",1,0,0,0,0,"F"
0,1,0,0,"X","","","","HR/F89XD.3-H(UR)","T",0,4,0,0,0,"F"
0,1,2,0,"BBX","","","","8/F78XD+","T",1,0,0,0,0,"F"
0,2,2,0,"BBX","","","","3/P34","T",1,0,0,0,0,"F"
1,0,3,2,"..BSBBCX","","","","53/G5","T",1,0,0,0,0,"F"
1,1,0,2,"SCFS","","","","K","T",1,0,0,0,0,"F"
1,2,0,1,".SX","","","","53/G56S","T",1,0,0,0,0,"F"
0,0,2,2,"BFBCFT","","","","K","T",1,0,0,0,0,"T"
0,1,1,2,"TBCS","","","","K","T",1,0,0,0,0,"F"
0,2,0,0,"X","","","","HR/F7LD","T",0,4,0,0,0,"F"
0,2,3,2,"BBFFBX","","","","53/G56","T",1,0,0,0,0,"F"
1,0,2,2,"CCBBFX","","","","S9/G4+","T",0,1,0,0,0,"F"
1,0,3,2,"BFBBFX","biggc002","","","54(1)/FO/G56.B-1","T",1,1,0,0,0,"F"
1,1,1,2,"TFBT","gricr001","","","K","T",1,0,1,0,0,"F"
1,2,1,2,"CCBT","gricr001","","","K","T",1,0,1,0,0,"F"
0,0,3,2,"BBSBCX","","","","S8/L8","T",0,1,0,0,0,"F"
0,0,1,2,"S1FBX","seguj002","","","8/F8S","T",1,0,1,0,0,"F"
0,1,1,0,"*BX","seguj002","","","6/P6MD","T",1,0,1,0,0,"F"
0,2,3,2,"BBBCS>C","seguj002","","","K","T",1,0,1,0,0,"F"
1,0,0,1,"CX","","","","7/L78XD+","T",1,0,0,0,0,"F"
1,1,3,0,"BBBB","","","","W","T",0,1,0,0,0,"F"
1,1,1,2,"BCTX","panij002","","","S8/L8.1-2","T",0,1,2,0,0,"F"
1,1,2,2,"BBFFFC","mckib001","panij002","","K","T",1,0,1,2,0,"F"
1,2,2,2,"CBBST","mckib001","panij002","","K","T",1,0,1,2,0,"F"
0,0,2,2,"CSBFBX","","","","S6/G6","T",0,1,0,0,0,"F"
0,0,1,0,"11B>B","quinr003","","","SB2.1-3(E2/TH)","F",0,0,3,0,0,"F"
0,0,3,1,"11B>B.FBX","","","quinr003","S8/L8S.3-H(UR)","T",0,1,0,0,5,"F"
0,0,3,1,"B11BBFB","mccua001","","","W.1-2","T",0,1,2,0,0,"F"
0,0,1,1,"CBX","hoskr001","mccua001","","4/P9LS","T",1,0,1,2,0,"F"
0,1,3,2,"BBBTFFFX","hoskr001","mccua001","","64(1)3/GDP/G6","T",2,0,0,2,0,"F"
1,0,0,0,"X","","","","8/F89D","T",1,0,0,0,0,"F"
1,1,0,0,"X","","","","8/F78XD","T",1,0,0,0,0,"F"
1,2,3,1,"BBCB*B","","","","W","T",0,1,0,0,0,"F"
1,2,2,2,"SBFFBS","shawt001","","","K","T",1,0,1,0,0,"F"
0,0,2,2,"CBBCFX","","","","4/P9S","T",1,0,0,0,0,"F"
0,1,3,2,"BBSBFH","","","","HP","T",0,1,0,0,0,"F"
0,1,1,2,"B1CF>X","gregd001","","","9/L9","T",1,0,1,0,0,"F"
0,2,2,2,".BBSFFS","gregd001","","","K","T",1,0,1,0,0,"F"
1,0,1,0,"BX","","","","S7/L7D+","T",0,1,0,0,0,"F"
1,0,0,0,"X","guerv002","","","S9/G34.1-2","T",0,1,2,0,0,"F"
1,0,1,2,"BTTX","panij002","guerv002","","8/F8D","T",1,0,1,2,0,"F"
1,1,0,1,"CX","panij002","guerv002","","S8/L8S.2-3;1-2","T",0,1,2,3,0,"F"
1,1,1,2,"BFFX","mcgur002","panij002","guerv002","9/SF/L9D.3-H;2-3","T",1,0,1,3,4,"F"
1,2,3,1,".BC*BBB","mcgur002","","panij002","W.1-2","T",0,1,2,0,3,"F"
1,2,2,1,"F*BBX","biggc002","mcgur002","panij002","64(1)/FO/G6.B-1","T",1,1,0,2,3,"F"
0,0,2,2,"BCBFFFFC","","","","K","T",1,0,0,0,0,"F"
0,1,1,1,"FBX","","","","S8/L89D+","T",0,1,0,0,0,"F"
0,1,1,2,"TB1FC","mccua001","","","K","T",1,0,1,0,0,"F"
0,2,0,0,"X","mccua001","","","13/BG1S","T",1,0,1,0,0,"F"
1,0,3,2,"BBCFBX","","","","S8/L8S+","T",0,1,0,0,0,"F"
1,0,1,2,"CBFS","shawt001","","","K","T",1,0,1,0,0,"F"
1,1,2,1,"BSBX","shawt001","","","8/F8XD","T",1,0,1,0,0,"F"
1,2,1,0,"..BX","shawt001","","","13/L4MS+","T",1,0,1,0,0,"F"
0,0,1,2,".....CFBFF*S","","","","K","T",1,0,0,0,0,"F"
0,1,2,2,"FBBCS","","","","K","T",1,0,0,0,0,"F"
0,2,1,0,"BX","","","","S6/BG5S","T",0,1,0,0,0,"F"
0,2,3,2,"BBFFB>X","gregd001","","","9/F9L","T",1,0,1,0,0,"F"
1,0,1,0,".BX","","","","S9/L34D+","T",0,1,0,0,0,"F"
1,0,2,2,"1BLLBX","mckib001","","","14/SH/BG1S.1-2","T",1,0,2,0,0,"F"
1,1,1,1,".BFX","","mckib001","","43/G9S.2-3","T",1,0,0,3,0,"F"
1,2,2,1,"CBBX","","","mckib001","D9/L9D+.3-H","T",0,2,0,0,4,"F"
1,2,0,1,"CX","","biggc002","","9/L9D+","T",1,0,0,2,0,"F"
0,0,3,2,"..BFSFFFBBS","","","","K","T",1,0,0,0,0,"F"
0,1,0,2,"SSS","","","","K","T",1,0,0,0,0,"F"
0,2,3,2,"CBBBSS","","","","K","T",1,0,0,0,0,"F"
1,0,1,0,".BX","","","","43/G4D","T",1,0,0,0,0,"F"
1,1,2,2,"CBBFX","","","","S7/L7+","T",0,1,0,0,0,"F"
1,1,0,0,"X","hernt002","","","S8/L6D.1-3(E8)","T",0,1,3,0,0,"F"
1,1,3,2,"C*B*BF*BFX","guerv002","","hernt002","S7/G56.3-H(UR);1-2","T",0,1,2,0,5,"F"
0,0,1,1,"BFX","","","","S7/F78","T",0,1,0,0,0,"T"
0,0,1,2,"C*B1SX","mccua001","","","S8/F89S.1-2","T",0,1,2,0,0,"F"
0,0,3,0,"BBBB","hoskr001","mccua001","","W.2-3;1-2","T",0,1,2,3,0,"F"
0,0,3,2,"BF*BFBFFX","harpb003","hoskr001","mccua001","S7/F78.3-H;2-3;1-2","T",0,1,2,3,4,"F"
0,0,0,1,"FX","gregd001","harpb003","hoskr001","S9/L9+.3-H;2-3;1-2","T",0,1,2,3,4,"F"
0,0,1,2,"FS*BT","bohma001","gregd001","harpb003","K","T",1,0,1,2,3,"F"
0,1,1,1,"BSX","bohma001","gregd001","harpb003","8/SF/F89.3-H","T",1,0,1,2,4,"F"
0,2,1,2,"BFFX","bohma001","gregd001","","D7/F7D.2-H;1-3","T",0,2,3,4,0,"F"
0,2,1,2,".CBFH","","knapa001","bohma001","HP","T",0,1,0,2,3,"F"
0,2,1,2,"SBCFX","kings001","knapa001","bohma001","D9/F9D.3-H;2-H;1-H","T",0,2,4,4,4,"F"
0,2,2,2,"*BCFBS","","mccua001","","K","T",1,0,0,2,0,"F"
1,0,3,2,"BBBCCB","","","","W","T",0,1,0,0,0,"F"
1,0,1,2,"C1*BFS","biggc002","","","K","T",1,0,1,0,0,"F"
1,1,0,1,"CX","biggc002","","","46(1)/FO/G34D.B-1","T",1,1,0,0,0,"F"
1,2,0,2,"*SCFX","tellr001","","","HR/F78XD.1-H","T",0,4,4,0,0,"F"
1,2,3,0,"BBBB","","","","W","T",0,1,0,0,0,"F"
1,2,1,0,"BX","guerv002","","","S7/L78S.1-3","T",0,1,3,0,0,"F"
1,2,2,0,"BBX","gurrl001","","guerv002","6/P6","T",1,0,1,0,3,"F"
0,0,2,2,"BCFBFFFX","","","","63/G4M","T",1,0,0,0,0,"F"
0,1,0,2,"CSX","","","","7/F78","T",1,0,0,0,0,"F"
0,2,2,2,"BBCFFX","","","","8/F89","T",1,0,0,0,0,"F"
1,0,3,2,"CBBFBFFFX","","","","9/F89","T",1,0,0,0,0,"F"
1,1,1,2,"BFFX","","","","43/G6MD","T",1,0,0,0,0,"F"
1,2,3,2,"BCBBSS","","","","K","T",1,0,0,0,0,"F"
0,0,3,2,"BBCSBFX","","","","43/G34D","T",1,0,0,0,0,"F"
0,1,1,2,"CBSFC","","","","K","T",1,0,0,0,0,"F"
0,2,1,2,"CCBS","","","","K","T",1,0,0,0,0,"F"
1,0,0,0,"X","","","","63/G6D","T",1,0,0,0,0,"F"
1,1,1,0,"BX","","","","S7/L78S+","T",0,1,0,0,0,"F"
1,1,2,2,"BSBFS","tellr001","","","K","T",1,0,1,0,0,"F"
1,2,1,2,"CFF*BFC","tellr001","","","K","T",1,0,1,0,0,"F"
0,0,2,0,".BBX","","","","7/F78XD","T",1,0,0,0,0,"F"
0,1,1,2,"CBTX","","","","9/F9D","T",1,0,0,0,0,"F"
0,2,3,2,"SCBBBFS","","","","K","T",1,0,0,0,0,"F"
1,0,0,1,"CX","","","","9/F9D","T",1,0,0,0,0,"F"
1,1,2,1,"BFBX","","","","63/G6M","T",1,0,0,0,0,"F"
1,2,2,2,"BTFBX","","","","8/L8D","T",1,0,0,0,0,"F"
0,0,3,2,"SBFBB*B","","","","W","T",0,1,0,0,0,"F"
0,0,2,2,"*BSS*BFFFX","harpb003","","","2/P2F/FL","T",1,0,1,0,0,"F"
0,1,3,1,"F*BBBB","harpb003","","","W.1-2","T",0,1,2,0,0,"F"
0,1,1,2,"CSBFS","bohma001","harpb003","","K","T",1,0,1,2,0,"F"
0,2,2,2,"SFBBC","bohma001","harpb003","","K","T",1,0,1,2,0,"F"
1,0,2,2,"SCBBS","","","","K","T",1,0,0,0,0,"F"
1,1,0,2,"CFFC","","","","K","T",1,0,0,0,0,"F"
1,2,1,2,"CBFFFS","","","","K","T",1,0,0,0,0,"F"
0,0,3,2,"BBBCCX","","","","9/F9","T",1,0,0,0,0,"F"
0,1,2,2,"BSCBS","","","","K","T",1,0,0,0,0,"F"
0,2,1,1,".CBX","","","","3/P13","T",1,0,0,0,0,"F"
1,0,1,0,"..BX","","","","HR/L9LD","T",0,4,0,0,0,"F"
1,0,1,2,"BCSX","","","","S8/L89+","T",0,1,0,0,0,"F"
1,0,3,1,".B1BFBB","hernt002","","","W.1-2","T",0,1,2,0,0,"F"
1,0,1,1,"BFX","guerv002","hernt002","","HR/F78XD.2-H;1-H","T",0,4,4,4,0,"F"
1,0,2,1,"BBCX","","","","43/G4D","T",1,0,0,0,0,"F"
1,1,1,2,".FSBX","","","","E4/TH/G6S.B-1","T",0,1,0,0,0,"F"
1,1,0,2,".CF*S","jansd001","","","K","T",1,0,1,0,0,"F"
1,2,3,2,"CSB*BB>B","jansd001","","","W.1-2","T",0,1,2,0,0,"F"
1,2,1,0,"BX","biggc002","jansd001","","E6/G6+.2-3;1-2;B-1","T",0,1,2,3,0,"F"
1,2,1,2,"BFFB","gricr001","biggc002","jansd001","WP.3-H(NR)(UR);2-3;1-2","F",0,0,2,3,5,"F"
1,2,2,2,"BFFB.X","","gricr001","biggc002","S8/F8.3-H(UR);2-H(UR)","T",0,1,0,5,5,"F"
1,2,3,0,".BBBB","tellr001","","","W.1-2","T",0,1,2,0,0,"F"
1,2,0,1,"CX","hernt002","tellr001","","S7/L7S+.2-3;1-2","T",0,1,2,3,0,"F"
1,2,0,0,"X","guerv002","hernt002","tellr001","63/G56","T",1,0,1,2,3,"F"
0,0,1,2,"..FBFX","","","","6/P56D","T",1,0,0,0,0,"F"
0,1,1,2,"FBSX","","","","7/F7LF/FL","T",1,0,0,0,0,"F"
0,2,3,2,"CFFBBBX","","","","S5/G6","T",0,1,0,0,0,"F"
0,2,2,1,"C*BBX","gregd001","","","D8/L89XD+.1-3","T",0,2,3,0,0,"F"
0,2,0,1,"..CX","","bohma001","gregd001","S13/L34S.3-H;2-3","T",0,1,0,3,4,"F"
0,2,2,2,"BFC*BS","realj001","","bohma001","K","T",1,0,1,0,3,"F"
0,0,1,0,"BX","","","","31/G34S","T",1,0,0,0,0,"T"
0,1,2,2,"CBBLC","","","","K","T",1,0,0,0,0,"F"
0,2,2,1,"CBBX","","","","43/G4M+","T",1,0,0,0,0,"F"
1,0,2,1,"BBFX","","","","S7/G6","T",0,1,0,0,0,"F"
1,0,1,1,"CBX","biggc002","","","S7/L7S.1-2","T",0,1,2,0,0,"F"
1,0,1,2,"BCSX","gricr001","biggc002","","8/L8D+","T",1,0,1,2,0,"F"
1,1,3,0,"BBBB","gricr001","biggc002","","W.2-3;1-2","T",0,1,2,3,0,"F"
1,1,2,0,"BBX","hernt002","gricr001","biggc002","D9/L89XD+.3-H;2-H;1-3","T",0,2,3,4,4,"F"
1,1,3,2,"*BCCBBX","","gurrl001","hernt002","5/P5S","T",1,0,0,2,3,"F"
1,2,1,1,"BCX","","gurrl001","hernt002","S7/G56.3-H;2-H;BX2(724)","T",1,0,0,4,4,"F"
0,0,2,0,"BBX","","","","D8/L78XD+","T",0,2,0,0,0,"F"
0,0,1,1,"BFX","","bogax001","","S8/G6M.2-H","T",0,1,0,4,0,"F"
0,0,1,1,"C*BX","morem001","","","8/L8D","T",1,0,1,0,0,"F"
0,1,0,2,"CTFS","morem001","","","K","T",1,0,1,0,0,"F"
0,2,1,2,"COBFX","morem001","","","43/G34","T",1,0,1,0,0,"F"
1,0,0,0,"X","","","","53/G5D","T",1,0,0,0,0,"F"
1,1,2,2,"BSBSX","","","","D8/L78XD","T",0,2,0,0,0,"F"
1,1,3,2,"CBCB*BB","","espis001","","W","T",0,1,0,2,0,"F"
1,1,0,0,"X","biggc002","espis001","","S5/G5+.2-3;1-2","T",0,1,2,3,0,"F"
1,1,2,2,"BFBFX","gricr001","biggc002","espis001","64(1)3/GDP/G6D+","T",2,0,0,2,3,"F"
0,0,0,1,"..CX","","","","4/L4M","T",1,0,0,0,0,"F"
0,1,3,2,"FBCFFBBFX","","","","3/G3","T",1,0,0,0,0,"F"
0,2,0,2,"CCX","","","","S7/L78S","T",0,1,0,0,0,"F"
0,2,2,0,"BBX","dever001","","","3/P3F/FL","T",1,0,1,0,0,"F"
1,0,2,2,"BCBSFC","","","","K","T",1,0,0,0,0,"F"
1,1,0,0,"X","","","","9/F9S","T",1,0,0,0,0,"F"
1,2,0,1,"CX","","","","S8/L8","T",0,1,0,0,0,"F"
1,2,2,2,"*B1FBCC","panij002","","","K","T",1,0,1,0,0,"F"
0,0,2,2,"BCBFX","","","","S9/L89S","T",0,1,0,0,0,"F"
0,0,0,0,"X","bogax001","","","D8/L89XD+.1-H","T",0,2,4,0,0,"F"
0,0,0,0,"X","","morem001","","53/G56S","T",1,0,0,2,0,"F"
0,1,1,2,"*SCBX","","morem001","","53/G56","T",1,0,0,2,0,"F"
0,2,1,1,"SBB","","morem001","","PB.2-3","F",0,0,0,3,0,"F"
0,2,2,1,"SBB.X","","","morem001","S6/G6M.3-H(UR)","T",0,1,0,0,5,"F"
0,2,0,1,"11SX","bradj001","","","63/G","T",1,0,1,0,0,"F"
1,0,1,2,"CFBC","","","","K","T",1,0,0,0,0,"F"
1,1,0,1,"CX","","","","S5/BG5S-","T",0,1,0,0,0,"F"
1,1,3,1,"1SBB1*B1B","espis001","","","W.1-2","T",0,1,2,0,0,"F"
1,1,3,2,".CSB*BB>X","biggc002","espis001","","63/G6.2-3;1-2","T",1,0,2,3,0,"F"
1,2,1,1,"BCX","","biggc002","espis001","S7/G56+.3-H;2-H","T",0,1,0,4,4,"F"
1,2,1,1,"BFX","guerv002","","","43/G6D+","T",1,0,1,0,0,"F"
0,0,2,1,"BBFX","","","","S7/L56D","T",0,1,0,0,0,"F"
0,0,0,2,"11SSFS","verda001","","","K","T",1,0,1,0,0,"F"
0,1,1,2,"BFC1X","verda001","","","9/F9S","T",1,0,1,0,0,"F"
0,2,1,1,"CBX","verda001","","","7/F7D","T",1,0,1,0,0,"F"
1,0,3,1,"BBCBB","","","","W","T",0,1,0,0,0,"F"
1,0,1,2,"1BCCS","gurrl001","","","K","T",1,0,1,0,0,"F"
1,1,2,2,"*BF1B1CS","gurrl001","","","K","T",1,0,1,0,0,"F"
1,2,1,1,"FBX","gurrl001","","","9/F9LS","T",1,0,1,0,0,"F"
0,0,3,1,"CBBBB","","","","W","T",0,1,0,0,0,"F"
0,0,3,2,".CBBCBFX","morem001","","","D8/L8XD+.1-3","T",0,2,3,0,0,"F"
0,0,1,2,"BSTFX","","vazqc001","morem001","3/P3","T",1,0,0,2,3,"F"
0,1,0,1,"CX","","vazqc001","morem001","S8/G6M+.3-H;2-3","T",0,1,0,3,4,"F"
0,1,0,2,"CFH","bradj001","","vazqc001","HP.1-2","T",0,1,2,0,3,"F"
0,1,1,0,"BX","peraj003","bradj001","vazqc001","S9/G34+.3-H;2-3;1-2","T",0,1,2,3,4,"F"
0,1,3,2,".CS*BBBX","verda001","peraj003","bradj001","T9/G3+.3-H;2-H;1-H","T",0,3,4,4,4,"F"
0,1,0,2,"CSX","","","dever001","9/SF/F9.3-H","T",1,0,0,0,4,"F"
0,2,2,2,"CSBBX","","","","S7/L7S+","T",0,1,0,0,0,"F"
0,2,1,1,"CBX","bogax001","","","3/P3","T",1,0,1,0,0,"F"
1,0,1,2,".CBCX","","","","S8/G6","T",0,1,0,0,0,"F"
1,0,0,1,"CX","espis001","","","64(1)/FO/G6S.B-1","T",1,1,0,0,0,"F"
1,1,1,2,"CBFC","biggc002","","","K","T",1,0,1,0,0,"F"
1,2,2,2,"FBBFX","biggc002","","","63/G56D+","T",1,0,1,0,0,"F"
0,0,1,2,".CBFFFC","","","","K","T",1,0,0,0,0,"F"
0,1,3,1,"FBBBX","","","","63/G6+","T",1,0,0,0,0,"F"
0,2,3,1,"BBBCB","","","","W","T",0,1,0,0,0,"F"
0,2,1,0,"B>S","bradj001","","","CS2(24)","F",1,0,0,0,0,"F"
1,0,3,2,"CBTBBX","","","","53/G5D","T",1,0,0,0,0,"F"
1,1,0,2,"CFX","","","","63/G6","T",1,0,0,0,0,"F"
1,2,3,1,"BBBCB","","","","W","T",0,1,0,0,0,"F"
1,2,0,1,"CX","panij002","","","S8/L8S.1-2","T",0,1,2,0,0,"F"
1,2,2,2,"BFF*BS","jansd001","panij002","","K","T",1,0,1,2,0,"F"
0,0,2,2,"CFBBX","","","","S7/G56","T",0,1,0,0,0,"F"
0,0,3,2,"1BCBBF1S","peraj003","","","K","T",1,0,1,0,0,"F"
0,1,2,2,"SBSBS","peraj003","","","K","T",1,0,1,0,0,"F"
0,2,2,1,".BF1BX","peraj003","","","8/F8","T",1,0,1,0,0,"F"
1,0,2,2,".FBFBS","","","","K","T",1,0,0,0,0,"F"
1,1,2,2,"CBCBX","","","","8/F89XD","T",1,0,0,0,0,"F"
1,2,0,2,"CCFX","","","","7/F78S","T",1,0,0,0,0,"F"
0,0,0,0,"X","","","","9/F89D","T",1,0,0,0,0,"F"
0,1,3,0,"BBBB","","","","W","T",0,1,0,0,0,"F"
0,1,1,0,"BX","morem001","","","8/F89XD","T",1,0,1,0,0,"F"
0,2,0,0,"X","morem001","","","64(1)/FO/G6.B-1","T",1,1,0,0,0,"F"
1,0,0,0,".X","","","","43/G34","T",1,0,0,0,0,"F"
1,1,2,2,"BCCBX","","","","HR/L9LD","T",0,4,0,0,0,"F"
1,1,2,2,"BBFFS","","","","K","T",1,0,0,0,0,"F"
1,2,2,2,"FCBFBX","","","","S8/L8S","T",0,1,0,0,0,"F"
1,2,0,0,".>S","panij002","","","DI.1-2","F",0,0,2,0,0,"F"
1,2,0,1,".>S.>B","","panij002","","DI.2-3","F",0,0,0,3,0,"F"
1,2,2,2,".>S.>B.*S*BS","","","panij002","K","T",1,0,0,0,3,"F"
0,0,0,2,"CCFS","","","","K","T",1,0,0,0,0,"T"
0,1,1,2,"FSBT","","","","K","T",1,0,0,0,0,"F"
0,2,3,2,"BBBCFFX","","","","7/F7D","T",1,0,0,0,0,"F"
1,0,1,0,"BX","","","","3/G3","T",1,0,0,0,0,"F"
1,1,3,2,"CBSBFFBX","","","","HR/L78XD","T",0,4,0,0,0,"F"
1,1,0,2,"CLS","","","","K","T",1,0,0,0,0,"F"
1,2,1,1,"BCX","","","","S8/L78","T",0,1,0,0,0,"F"
1,2,0,2,"S*S>C","hernt002","","","K","T",1,0,1,0,0,"F"
0,0,3,2,"BCSBBFX","","","","9/F9D","T",1,0,0,0,0,"F"
0,1,2,2,"BFBSS","","","","K","T",1,0,0,0,0,"F"
0,2,3,2,"CBFBBX","","","","D7/L7L+","T",0,2,0,0,0,"F"
0,2,1,1,"B*SX","","vazqc001","","43/G4S","T",1,0,0,2,0,"F"
1,0,2,1,"BBCX","","","","HR/L89XD","T",0,4,0,0,0,"F"
1,0,3,1,"FBBBB","","","","W","T",0,1,0,0,0,"F"
1,0,1,2,"CSFB>B","gurrl001","","","SB2","F",0,0,2,0,0,"F"
1,0,2,2,"CSFB>B.FX","","gurrl001","","63/G6MS","T",1,0,0,2,0,"F"
1,1,2,1,"BTBX","","gurrl001","","8/L8XD+.2-3","T",1,0,0,3,0,"F"
1,2,2,2,"BT*BFC","","","gurrl001","K","T",1,0,0,0,3,"F"
0,0,0,1,".CX","","","","S14/G1","T",0,1,0,0,0,"F"
0,0,3,2,"BSBBFB","bradj001","","","W.1-2","T",0,1,2,0,0,"F"
0,0,0,1,"SX","chavm001","bradj001","","46(1)3/GDP/G34.2-3","T",2,0,0,3,0,"F"
0,2,3,2,"SBF*BFBX","","","bradj001","63/G4D+","T",1,0,0,0,3,"F"
1,0,2,2,"CCBFBF*S","","","","K","T",1,0,0,0,0,"F"
1,1,1,0,"BX","","","","63/G6","T",1,0,0,0,0,"F"
1,2,3,2,"CBSBBX","","","","43/G4D+","T",1,0,0,0,0,"F"
0,0,2,1,"BBSX","","","","8/L89D","T",1,0,0,0,0,"F"
0,1,1,0,"BX","","","","9/F9LD","T",1,0,0,0,0,"F"
0,2,0,0,"X","","","","HR/F7LD","T",0,4,0,0,0,"F"
0,2,1,2,"BCTX","","","","53/G56","T",1,0,0,0,0,"F"
1,0,0,2,"CSX","","","","D7/G5+","T",0,2,0,0,0,"F"
1,0,1,1,"CB+2X","","guerv002","","HR/F9D.2-H","T",0,4,0,4,0,"F"
1,0,2,2,"FCFBFBFX","","","","53/G56","T",1,0,0,0,0,"F"
1,1,1,0,"BX","","","","43/G4S","T",1,0,0,0,0,"F"
1,2,3,1,"CBBBB","","","","W","T",0,1,0,0,0,"F"
1,2,3,2,".BCF1B1B>F>X","espis001","","","63/G4","T",1,0,1,0,0,"F"
0,0,2,2,"CFFBBX","","","","43/G4","T",1,0,0,0,0,"F"
0,1,2,2,"SLBBX","","","","53/G4MD","T",1,0,0,0,0,"F"
0,2,0,2,"FSS","","","","K","T",1,0,0,0,0,"F"
1,0,2,1,"BCBX","","","","9/F9L","T",1,0,0,0,0,"F"
1,1,1,1,"FBX","","","","5/L56D","T",1,0,0,0,0,"F"
1,2,3,2,"CSBFBBS","","","","K","T",1,0,0,0,0,"F"
0,0,1,1,"CBX","","","","3/G3+","T",1,0,0,0,0,"F"
0,1,1,1,"BCX","","","","8/F78D","T",1,0,0,0,0,"F"
0,2,3,2,"BFSBBB","","","","W","T",0,1,0,0,0,"F"
0,2,2,2,"BCBFS","martj006","","","K","T",1,0,1,0,0,"F"
1,0,0,1,"CX","","","","63/G56D","T",1,0,0,0,0,"F"
1,1,2,0,"BBX","","","","31/G3+","T",1,0,0,0,0,"F"
1,2,3,1,"BBCBB","","","","W","T",0,1,0,0,0,"F"
1,2,2,2,"CFBBX","gurrl001","","","13/G6MS","T",1,0,1,0,0,"F"
0,0,1,2,".CCFBC","","","","K","T",1,0,0,0,0,"F"
0,1,3,2,"BBBCC*B","","","","W","T",0,1,0,0,0,"F"
0,1,2,2,"BBCFX","vazqc001","","","9/F9D","T",1,0,1,0,0,"F"
0,2,0,2,"CCX","vazqc001","","","56(1)/FO/G4S.B-1","T",1,1,0,0,0,"F"
1,0,2,1,"CBBX","","","","S8/G6M","T",0,1,0,0,0,"F"
1,0,0,1,"1CX","espis001","","","S9/G3.1-3","T",0,1,3,0,0,"F"
1,0,0,0,"X","biggc002","","espis001","S9/L34D+.3-H;1-2","T",0,1,2,0,4,"F"
1,0,2,1,"CBBX","gricr001","biggc002","","8/L8XD","T",1,0,1,2,0,"F"
1,1,0,1,".SB","gricr001","biggc002","","WP.2-3;1-2","F",0,0,2,3,0,"F"
1,1,3,2,".SB.BCBB","","gricr001","biggc002","W","T",0,1,0,2,3,"F"
1,1,3,0,"BBBX","hernt002","gricr001","biggc002","D7/G5+.3-H;2-H;1-H","T",0,2,4,4,4,"F"
1,1,0,0,"X","","guerv002","","S9/L9LS.2-H","T",0,1,0,4,0,"F"
1,1,0,0,"X","tellr001","","","64(1)3/GDP/G6+","T",2,0,0,0,0,"F"
0,0,1,2,".BSFX","","","","53/G56","T",1,0,0,0,0,"F"
0,1,0,1,"CX","","","","43/G34","T",1,0,0,0,0,"F"
0,2,2,2,"BSBSC","","","","K","T",1,0,0,0,0,"F"
1,0,0,0,".X","","","","6/P6D","T",1,0,0,0,0,"F"
1,1,1,2,"CFBX","","","","S8/L4MD","T",0,1,0,0,0,"F"
1,1,1,2,"BCSS","espis001","","","K","T",1,0,1,0,0,"F"
1,2,1,2,"CBFX","espis001","","","6/P78S","T",1,0,1,0,0,"F"
0,0,0,0,".X","","","","43/G8S+","T",1,0,0,0,0,"F"
0,1,1,1,"CBX","","","","43/G4MD+","T",1,0,0,0,0,"F"
0,2,0,2,"CFFX","","","","2/P5SF/FL","T",1,0,0,0,0,"F"
0,0,1,0,"BX","","","","S5/BG2-","T",0,1,0,0,0,"T"
0,0,2,2,"FBBFX","albeh001","","","8/L78XD","T",1,0,1,0,0,"F"
0,1,1,2,"BCCX","albeh001","","","6(1)3/GDP/G6MS","T",2,0,0,0,0,"F"
1,0,3,2,"BBCCBS","","","","K","T",1,0,0,0,0,"F"
1,1,3,2,"BFCFFBFBFFX","","","","53/G56S","T",1,0,0,0,0,"F"
1,2,3,2,"CBBCBFFX","","","","9/F9","T",1,0,0,0,0,"F"
0,0,1,2,"BFF*S","","","","K.BX1(23)","T",1,0,0,0,0,"F"
0,1,3,2,"BBBCCC","","","","K","T",1,0,0,0,0,"F"
0,2,1,2,"FSBX","","","","S9/L89S","T",0,1,0,0,0,"F"
0,2,1,2,"CFBFX","mounr001","","","64(1)/FO/G6D.B-1","T",1,1,0,0,0,"F"
1,0,0,1,"CX","","","","43/G4M","T",1,0,0,0,0,"F"
1,1,2,1,"SBBX","","","","7/L78D","T",1,0,0,0,0,"F"
1,2,1,2,"CSBFC","","","","K","T",1,0,0,0,0,"F"
0,0,2,2,"LBBLFS","","","","K","T",1,0,0,0,0,"F"
0,1,1,2,"BCFT","","","","K","T",1,0,0,0,0,"F"
0,2,1,2,"BTFX","","","","S8/L89","T",0,1,0,0,0,"F"
0,2,1,2,"CF*BX","albeh001","","","1/L1S","T",1,0,1,0,0,"F"
1,0,2,1,"CBBX","","","","8/F89XD+","T",1,0,0,0,0,"F"
1,1,3,2,"FFFBBBFX","","","","6/P6D","T",1,0,0,0,0,"F"
1,2,1,1,"CBX","","","","D9/L9L+","T",0,2,0,0,0,"F"
1,2,3,1,"BBCB*B","","panij002","","W","T",0,1,0,2,0,"F"
1,2,1,2,"FFBFS","biggc002","panij002","","K","T",1,0,1,2,0,"F"
0,0,1,1,"CBX","","","","S7/G56+","T",0,1,0,0,0,"F"
0,0,2,0,"1BBX","iglej001","","","7/F78","T",1,0,1,0,0,"F"
0,1,0,0,"1X","iglej001","","","8/F8XD","T",1,0,1,0,0,"F"
0,2,0,2,"FSX","iglej001","","","63/G6S","T",1,0,1,0,0,"F"
1,0,0,0,"X","","","","HR/F9D","T",0,4,0,0,0,"F"
1,0,0,0,"X","","","","HR/L78XD","T",0,4,0,0,0,"F"
1,0,2,1,"SBBX","","","","3/P3F/FL","T",1,0,0,0,0,"F"
1,1,0,0,"X","","","","53/G4S","T",1,0,0,0,0,"F"
1,2,0,1,"CX","","","","S9/L89D","T",0,1,0,0,0,"F"
1,2,2,1,"BBCX","shawt001","","","9/F4D","T",1,0,1,0,0,"F"
0,0,1,0,"BX","","","","S4/P3D","T",0,1,0,0,0,"F"
0,0,1,1,"SB1X","valap001","","","64(1)3/GDP/G6S","T",2,0,0,0,0,"F"
0,2,1,2,"CBFS","","","","K","T",1,0,0,0,0,"F"
1,0,3,2,".BBCBSC","","","","K","T",1,0,0,0,0,"F"
1,1,3,2,"CBBBSFX","","","","43/G34D+","T",1,0,0,0,0,"F"
1,2,1,2,"CSBS","","","","K","T",1,0,0,0,0,"F"
0,0,3,2,"BBFBFFX","","","","S8/L8","T",0,1,0,0,0,"F"
0,0,1,1,"BSX","albeh001","","","7/L7D","T",1,0,1,0,0,"F"
0,1,1,0,"BX","albeh001","","","S7/L78S+.1-3;B-2","T",0,2,3,0,0,"F"
0,1,3,2,"BFF*B*BB","","iglej001","albeh001","W","T",0,1,0,2,3,"F"
0,1,0,2,"FFFS","nuner001","iglej001","albeh001","K","T",1,0,1,2,3,"F"
0,2,2,2,"BFFBX","nuner001","iglej001","albeh001","E5/G56.3-H(NR)(UR);2-H(NR)(UR);1-3","T",0,1,3,5,5,"F"
0,2,1,2,"SBF*S","mounr001","","nuner001","K","T",1,0,1,0,3,"F"
1,0,0,0,"X","","","","D7/G5+","T",0,2,0,0,0,"F"
1,0,3,2,"BBCCBB","","guerv002","","W","T",0,1,0,2,0,"F"
1,0,2,1,"BBCX","hernt002","guerv002","","64(1)3/GDP/G6S.2-3","T",2,0,0,3,0,"F"
1,2,0,1,".SB","","","guerv002","WP.3-H(NR)","F",0,0,0,0,4,"F"
1,2,3,2,".SB.BBFS","","","","K","T",1,0,0,0,0,"F"
0,0,2,2,".FFFFBFBS","","","","K","T",1,0,0,0,0,"F"
0,1,3,0,"BBBB","","","","W","T",0,1,0,0,0,"F"
0,1,1,0,"1B>B","mullc002","","","CS2(26)","F",1,0,0,0,0,"F"
0,2,2,2,"1B>B.TCX","","","","53/G56","T",1,0,0,0,0,"F"
1,0,1,0,"BX","","","","8/F89","T",1,0,0,0,0,"F"
1,1,2,1,"BBCX","","","","D7/G5S+","T",0,2,0,0,0,"F"
1,1,3,2,"FBC*BBC","","jansd001","","K","T",1,0,0,2,0,"F"
1,2,0,2,"CCC","","jansd001","","K","T",1,0,0,2,0,"F"
0,0,2,2,".CBSBT","","","","K","T",1,0,0,0,0,"F"
0,1,0,2,"FSX","","","","43/G4","T",1,0,0,0,0,"F"
0,2,3,2,"BSBBFX","","","","HR/L7D","T",0,4,0,0,0,"F"
0,2,1,2,"C.BSS","","","","K","T",1,0,0,0,0,"F"
1,0,0,1,".CX","","","","S4/G4MS","T",0,1,0,0,0,"F"
1,0,1,1,"S1BX","gricr001","","","64(1)/FO/G6MS.B-1","T",1,1,0,0,0,"F"
1,1,2,2,"BCCFFFBC","guerv002","","","K","T",1,0,1,0,0,"F"
1,2,1,2,"C*BFS","guerv002","","","K","T",1,0,1,0,0,"F"
0,0,1,0,"BX","","","","E4/G4D.B-1","T",0,1,0,0,0,"F"
0,0,1,1,"CB1>P","mounr001","","","CS2(26)","F",1,0,0,0,0,"F"
0,1,2,1,"CB1>P.X","","","","S8/G6M","T",0,1,0,0,0,"F"
0,1,0,0,".*S","valap001","","","OA.1X2(26)","F",1,0,0,0,0,"F"
0,2,2,2,".*S.BBST","","","","K","T",1,0,0,0,0,"F"
1,0,1,2,"....BSCX","","","","13/G4MS","T",1,0,0,0,0,"F"
1,1,2,2,"SBSBX","","","","7/F78S","T",1,0,0,0,0,"F"
1,2,2,2,".BBCFS","","","","K","T",1,0,0,0,0,"F"
0,0,2,1,"...BBFX","","","","14/SH/BG2-.2-3","T",1,0,0,0,0,"F"
0,1,0,2,"FFX","","","","S4/P4MD.3-H(UR)","T",0,1,0,0,0,"F"
0,1,2,0,"BBX","albeh001","","","8/F8XD","T",1,0,1,0,0,"F"
0,2,1,2,"BCF*S","albeh001","","","K.BX1(23)","T",1,0,1,0,0,"F"
1,0,0,0,"..X","","","","1/BP1S","T",1,0,0,0,0,"F"
1,1,0,2,"CSX","","","","8/L8D","T",1,0,0,0,0,"F"
1,2,1,0,"BX","","","","HR/L8XD.2-H(UR)","T",0,4,0,0,0,"F"
0,0,2,2,"FBSBFX","","","","7/F78D","T",1,0,0,0,0,"T"
0,1,0,0,"X","","","","S7/L78S","T",0,1,0,0,0,"F"
0,1,1,0,"BX","santa003","","","13/G2.1-2","T",1,0,2,0,0,"F"
0,2,3,2,"CBBBCFB","","santa003","","W","T",0,1,0,2,0,"F"
0,2,1,1,"*BFX","nuner001","santa003","","53/G5","T",1,0,1,2,0,"F"
1,0,2,2,"FBSBX","","","","43/G34","T",1,0,0,0,0,"F"
1,1,2,2,"CSFBB*S","","","","K","T",1,0,0,0,0,"F"
1,2,3,1,"LBBBB","","","","W","T",0,1,0,0,0,"F"
1,2,3,2,"BCCB*B>X","tellr001","","","S9/L9+.1-3(E9);B-2","T",0,2,3,0,0,"F"
1,2,0,0,"X","","hernt002","tellr001","S7/L7D+.3-H;2-H(UR)","T",0,1,0,5,4,"F"
1,2,0,1,"FX","guerv002","","","3/G3","T",1,0,1,0,0,"F"
0,0,3,2,"BBBCFFC","","","","K","T",1,0,0,0,0,"F"
0,1,0,0,"X","","","","53/G5D","T",1,0,0,0,0,"F"
0,2,1,2,"CFFBS","","","","K","T",1,0,0,0,0,"F"
1,0,1,1,"FBX","","","","63/G6MD","T",1,0,0,0,0,"F"
1,1,0,1,"CX","","","","E5/TH/G5.B-2","T",0,2,0,0,0,"F"
1,1,0,1,"CX","","jansd001","","43/G4.2-3","T",1,0,0,3,0,"F"
1,2,1,1,"CBX","","","jansd001","43/G34D","T",1,0,0,0,3,"F"
0,0,3,2,"BBCBSFB","","","","W","T",0,1,0,0,0,"F"
0,0,0,1,"C1X","mullc002","","","1/P15","T",1,0,1,0,0,"F"
0,1,1,2,"CSB1T","mullc002","","","K","T",1,0,1,0,0,"F"
0,2,0,0,"X","mullc002","","","S9/L89.1-2","T",0,1,2,0,0,"F"
0,2,0,2,"CTFX","iglej001","mullc002","","9/L9","T",1,0,1,2,0,"F"
1,0,0,0,"X","","","","S9/L9LD+.BX2(96)","T",1,0,0,0,0,"F"
1,1,1,2,"CSFFBS","","","","K","T",1,0,0,0,0,"F"
1,2,0,1,"SX","","","","8/F8XD","T",1,0,0,0,0,"F"
0,0,2,0,"BBX","","","","53/G56","T",1,0,0,0,0,"F"
0,1,3,2,"BFSBFBFB","","","","W","T",0,1,0,0,0,"F"
0,1,1,1,"BFX","siscc001","","","63/G6M.1-2","T",1,0,2,0,0,"F"
0,2,0,0,"X","","siscc001","","3/G3S","T",1,0,0,2,0,"F"
1,0,3,2,"BCBFFBX","","","","S8/L8D","T",0,1,0,0,0,"F"
1,0,2,1,"BCBX","guerv002","","","S4/G34+.1-3","T",0,1,3,0,0,"F"
1,0,3,1,"BSBBX","shawt001","","guerv002","46(1)/FO/G4+.3-H;B-1","T",1,1,0,0,4,"F"
1,1,0,0,"X","fishd001","","","7/F7S","T",1,0,1,0,0,"F"
1,2,0,2,"C11SX","fishd001","","","D9/L9D+.1-3","T",0,2,3,0,0,"F"
1,2,1,1,"BFX","","panij002","fishd001","S7/L7L.3-H;2-H","T",0,1,0,4,4,"F"
1,2,1,2,"C1FB1X","biggc002","","","4/P34S","T",1,0,1,0,0,"F"
0,0,3,2,"BBBCCS","","","","K","T",1,0,0,0,0,"F"
0,1,2,2,"BFFFBX","","","","8/L89D","T",1,0,0,0,0,"F"
0,2,0,1,"FX","","","","S8/L8","T",0,1,0,0,0,"F"
0,2,1,0,"*BX","santa003","","","D7/L7L.1-3","T",0,2,3,0,0,"F"
0,2,1,0,"*BX","","iglej001","santa003","9/F9S","T",1,0,0,2,3,"F"
1,0,3,0,"BBBB","","","","W","T",0,1,0,0,0,"F"
1,0,0,0,"X","tellr001","","","S7/F78S.1-2","T",0,1,2,0,0,"F"
1,0,2,2,".BCSBS","hernt002","tellr001","","K","T",1,0,1,2,0,"F"
1,1,0,2,"CFX","hernt002","tellr001","","9/F9D.2-3","T",1,0,1,3,0,"F"
1,2,2,2,"BBC1T1>B","hernt002","","tellr001","SB2","F",0,0,2,0,3,"F"
1,2,3,2,"BBC1T1>B.F*S","","hernt002","tellr001","K","T",1,0,0,2,3,"F"
0,0,3,1,"BBBCX","","","","9/F9","T",1,0,0,0,0,"F"
0,1,2,0,"BBX","","","","53/G4","T",1,0,0,0,0,"F"
0,2,0,0,"X","","","","8/F8","T",1,0,0,0,0,"F"
1,0,1,2,"CSBS","","","","K","T",1,0,0,0,0,"F"
1,1,0,0,"X","","","","7/F78D","T",1,0,0,0,0,"F"
1,2,0,0,"X","","","","S6/G4","T",0,1,0,0,0,"F"
1,2,2,2,"1CBBSS","biggc002","","","K+WP.1-2;B-1","T",0,1,2,0,0,"F"
1,2,0,1,"CX","gricr001","biggc002","","43/G34D+","T",1,0,1,2,0,"F"
0,0,2,2,".SBSBX","","","","53/G4","T",1,0,0,0,0,"F"
0,1,1,2,"FBFFFX","","","","8/F8D","T",1,0,0,0,0,"F"
0,2,0,2,"FFX","","","","S8/L8+","T",0,1,0,0,0,"F"
0,2,1,0,"BX","albeh001","","","9/F34","T",1,0,1,0,0,"F"
1,0,3,2,"BCBFBS","","","","K","T",1,0,0,0,0,"F"
1,1,1,1,"BCX","","","","7/F7D","T",1,0,0,0,0,"F"
1,2,3,1,"FBBBB","","","","W","T",0,1,0,0,0,"F"
1,2,2,1,"*BBCX","shawt001","","","43/G4+","T",1,0,1,0,0,"F"
0,0,1,2,".BSSS","","","","K","T",1,0,0,0,0,"F"
0,1,1,2,"SCBT","","","","K","T",1,0,0,0,0,"F"
0,2,1,2,"SCBX","","","","8/L8D","T",1,0,0,0,0,"F"
1,0,3,2,".BFCFBBFC","","","","K","T",1,0,0,0,0,"F"
1,1,2,0,"BBX","","","","5/P5F/FL","T",1,0,0,0,0,"F"
1,2,0,2,"CCFH","","","","HP","T",0,1,0,0,0,"F"
1,2,0,2,"SFC","biggc002","","","K","T",1,0,1,0,0,"F"
0,0,2,2,".BCBFFS","","","","K","T",1,0,0,0,0,"F"
0,1,1,2,"CFBFFX","","","","43/G4","T",1,0,0,0,0,"F"
0,2,2,2,"BCFFBX","","","","9/L9D","T",1,0,0,0,0,"F"
0,0,0,0,"X","","","","2/P2F/FL","T",1,0,0,0,0,"T"
0,1,0,2,"CFX","","","","7/L7S","T",1,0,0,0,0,"F"
0,2,0,0,"X","","","","S9/G34+","T",0,1,0,0,0,"F"
0,2,0,1,"CX","iglej001","","","S9/G4.1-2","T",0,1,2,0,0,"F"
0,2,3,2,"CBCFBB>C","nuner001","iglej001","","K","T",1,0,1,2,0,"F"
1,0,1,1,"BFX","","","","5/P5SF/FL","T",1,0,0,0,0,"F"
1,1,2,1,"CBBX","","","","9/F9D","T",1,0,0,0,0,"F"
1,2,1,2,"BFSS","","","","K","T",1,0,0,0,0,"F"
0,0,2,2,"CFFBBX","","","","HR/F7D","T",0,4,0,0,0,"F"
0,0,1,1,"BCX","","","","13/G13","T",1,0,0,0,0,"F"
0,1,3,2,"BBCFBFFF*B","","","","W","T",0,1,0,0,0,"F"
0,1,0,2,"FSFC","ruizr002","","","K","T",1,0,1,0,0,"F"
0,2,0,1,"CX","ruizr002","","","S9/G34.1-2","T",0,1,2,0,0,"F"
0,2,1,2,"FFBX","albeh001","ruizr002","","9/F9S","T",1,0,1,2,0,"F"
1,0,1,1,"BCX","","","","9/L9D","T",1,0,0,0,0,"F"
1,1,0,0,"X","","","","43/G4MD","T",1,0,0,0,0,"F"
1,2,0,0,"X","","","","53/G6+","T",1,0,0,0,0,"F"
0,0,1,2,"CSBX","","","","63/G6S","T",1,0,0,0,0,"F"
0,1,0,1,"FH","","","","HP","T",0,1,0,0,0,"F"
0,1,2,1,"SB1BX","nuner001","","","54(1)3/GDP/G56S","T",2,0,0,0,0,"F"
1,0,0,0,"X","","","","63/G6","T",1,0,0,0,0,"F"
1,1,1,2,"CBFS","","","","K","T",1,0,0,0,0,"F"
1,2,2,2,"BCCBC","","","","K","T",1,0,0,0,0,"F"
0,0,3,2,"BBBCFX","","","","S9/G34+","T",0,1,0,0,0,"F"
0,0,0,2,"FSFT","mounr001","","","K","T",1,0,1,0,0,"F"
0,1,0,0,"X","mounr001","","","64(1)3/GDP/G6","T",2,0,0,0,0,"F"
1,0,0,0,"X","","","","23/BG2-","T",1,0,0,0,0,"F"
1,1,3,0,"BBBX","","","","D7/G5","T",0,2,0,0,0,"F"
1,1,3,1,"B*BBCB","","gricr001","","W","T",0,1,0,2,0,"F"
1,1,0,1,"FX","shawt001","gricr001","","9/F9D.2-3","T",1,0,1,3,0,"F"
1,2,0,1,"CX","shawt001","","gricr001","S8/G6+.3-H;1-3","T",0,1,3,0,4,"F"
1,2,0,0,"X","guerv002","","shawt001","5/P56D","T",1,0,1,0,3,"F"
0,0,3,2,"BCBFBB","","","","W","T",0,1,0,0,0,"F"
0,0,0,2,">FC1S","velaa001","","","K","T",1,0,1,0,0,"F"
0,1,0,2,"1CFT","velaa001","","","K","T",1,0,1,0,0,"F"
0,2,1,0,"1B>B","velaa001","","","SB2","F",0,0,2,0,0,"F"
0,2,2,2,"1B>B.FFFX","","velaa001","","4/P34D","T",1,0,0,2,0,"F"
1,0,3,2,"BBFBCFB","","","","W","T",0,1,0,0,0,"F"
1,0,3,1,"CB11BB*B","gurrl001","","","W.1-2","T",0,1,2,0,0,"F"
1,0,0,0,"X","panij002","gurrl001","","53/SH/BG1S.2-3;1-2","T",1,0,2,3,0,"F"
1,1,2,2,"FC*BFBX","","panij002","gurrl001","S9/G34.3-H;2-3","T",0,1,0,3,4,"F"
1,1,1,1,"C1*BX","biggc002","","panij002","9/SF/L9.3-H","T",1,0,1,0,4,"F"
1,2,1,1,".B11F1X","biggc002","","","D8/F8.1-3","T",0,2,3,0,0,"F"
1,2,1,2,"CC*B*S","","shawt001","biggc002","K.BX1(23)","T",1,0,0,2,3,"F"
0,0,0,0,"X","","","","D8/L8XD+","T",0,2,0,0,0,"F"
0,0,0,0,"B","","nuner001","","PB.2-3","F",0,0,0,3,0,"F"
0,0,1,0,"B.X","","","nuner001","S7/L7S.3-H","T",0,1,0,0,4,"F"
0,0,1,1,"BFX","sevep001","","","HR/F78XD.1-H","T",0,4,4,0,0,"F"
0,0,2,0,".BBX","","","","T8/L89XD","T",0,3,0,0,0,"F"
0,0,3,2,"BBFFBX","","","willm007","3/G34S-","T",1,0,0,0,3,"F"
0,1,0,0,">B","","","willm007","CSH(253)","F",1,0,0,0,0,"F"
0,2,3,2,">B.CBFBFS","","","","K","T",1,0,0,0,0,"F"
1,0,0,1,"FX","","","","53/G56+","T",1,0,0,0,0,"F"
1,1,1,2,"FCBC","","","","K","T",1,0,0,0,0,"F"
1,2,0,0,"X","","","","31/G34S","T",1,0,0,0,0,"F"
0,0,1,2,".CBFFX","","","","2/P2F/FL","T",1,0,0,0,0,"F"
0,1,0,2,"FFF*S","","","","K","T",1,0,0,0,0,"F"
0,2,2,1,"BBSX","","","","23/G23-","T",1,0,0,0,0,"F"
1,0,1,0,"BX","","","","43/G4MS","T",1,0,0,0,0,"F"
1,1,1,1,"CBX","","","","6/P5D","T",1,0,0,0,0,"F"
1,2,2,2,"BFBSC","","","","K","T",1,0,0,0,0,"F"
0,0,3,1,"BCBBX","","","","9/F9","T",1,0,0,0,0,"F"
0,1,0,0,"X","","","","S7/G56","T",0,1,0,0,0,"F"
0,1,2,1,"BBFX","sevep001","","","8/F8D","T",1,0,1,0,0,"F"
0,2,2,2,"SBBFS","sevep001","","","K","T",1,0,1,0,0,"F"
1,0,0,1,"...CX","","","","4/P8S","T",1,0,0,0,0,"F"
1,1,2,1,"BBFX","","","","43/G34","T",1,0,0,0,0,"F"
1,2,2,2,"CBBCX","","","","S9/G34","T",0,1,0,0,0,"F"
1,2,3,2,"BSBBS>B","hernt002","","","W.1-2","T",0,1,2,0,0,"F"
1,2,1,1,".CBX","guerv002","hernt002","","S9/L89+.2-H;1-3","T",0,1,3,4,0,"F"
1,2,0,0,"X","tellr001","","guerv002","5/L56","T",1,0,1,0,3,"F"
0,0,2,0,".BBX","","","","S9/G34+","T",0,1,0,0,0,"F"
0,0,0,0,"X","ruizr002","","","54/SH/BG1S.1-2","T",1,0,2,0,0,"F"
0,1,0,0,"X","","ruizr002","","63/G6M.2-3","T",1,0,0,3,0,"F"
0,2,3,0,"VVVV","","","ruizr002","IW","T",0,1,0,0,3,"F"
0,2,1,2,"CSB>X","santa003","","ruizr002","S6/G6M.3-H;1-2","T",0,1,2,0,4,"F"
0,2,0,0,"X","iglej001","santa003","","8/F8D","T",1,0,1,2,0,"F"
1,0,3,2,".CBFBBB","","","","W","T",0,1,0,0,0,"F"
1,0,1,0,"1BX","panij002","","","53/SH/BG1S.1-2","T",1,0,2,0,0,"F"
1,1,1,2,".BSFX","","espis001","","5/P56","T",1,0,0,2,0,"F"
1,2,3,0,"BBBV","","espis001","","IW","T",0,1,0,2,0,"F"
1,2,3,2,"CFBBB>B","gricr001","espis001","","W.2-3;1-2","T",0,1,2,3,0,"F"
1,2,1,2,"FBCX","shawt001","gricr001","espis001","S7/G6.3-H;2-H;1-2","T",0,1,2,4,4,"F"
0,0,1,2,"BFFF*S","","","","K","T",1,0,0,0,0,"T"
0,1,3,2,"BBSSBX","","","","D9/L9D+","T",0,2,0,0,0,"F"
0,1,2,2,"*BBCFX","","santa003","","S9/L89S.2-H","T",0,1,0,4,0,"F"
0,1,0,2,"SFS","iglej001","","","K","T",1,0,1,0,0,"F"
0,2,3,2,"1BSBBC>C","iglej001","","","K","T",1,0,1,0,0,"F"
1,0,0,2,"CSC","","","","K","T",1,0,0,0,0,"F"
1,1,0,1,"CX","","","","7/F7L","T",1,0,0,0,0,"F"
1,2,1,2,"SBSFX","","","","31/G34","T",1,0,0,0,0,"F"
0,0,0,1,"CX","","","","D9/L9L","T",0,2,0,0,0,"F"
0,0,3,2,"CBBBFS","","siscc001","","K","T",1,0,0,2,0,"F"
0,1,2,2,"BBSFS","","siscc001","","K","T",1,0,0,2,0,"F"
0,2,3,2,"2BFBBSS","","siscc001","","K","T",1,0,0,2,0,"F"
1,0,3,2,"CBCBFBFFS","","","","K","T",1,0,0,0,0,"F"
1,1,2,2,"BBCSX","","","","D7/L7L+","T",0,2,0,0,0,"F"
1,1,3,2,"BCCBBFC","","gurrl001","","K","T",1,0,0,2,0,"F"
1,2,3,2,"SBBFBFB","","gurrl001","","W","T",0,1,0,2,0,"F"
1,2,0,1,"CX","jansd001","gurrl001","","8/L78XD","T",1,0,1,2,0,"F"
0,0,0,0,"X","","","","53/G56S","T",1,0,0,0,0,"F"
0,1,0,0,"X","","","","4/L34D+","T",1,0,0,0,0,"F"
0,2,1,2,"CBSX","","","","63/G6S","T",1,0,0,0,0,"F"
1,0,1,0,"BX","","","","7/L7D+","T",1,0,0,0,0,"F"
1,1,0,2,"CFS","","","","K","T",1,0,0,0,0,"F"
1,2,2,2,"BFBFX","","","","3/P4S","T",1,0,0,0,0,"F"
0,0,2,2,"SSBBC","","","","K","T",1,0,0,0,0,"F"
0,1,3,2,"BCSBFBFFFX","","","","53/G56S","T",1,0,0,0,0,"F"
0,2,2,2,"BFBFX","","","","4/L3D-","T",1,0,0,0,0,"F"
1,0,3,2,"FBFBBS","","","","K","T",1,0,0,0,0,"F"
1,1,0,0,"X","","","","D39/G3-","T",0,2,0,0,0,"F"
1,1,1,2,"BCFC","","hernt002","","K","T",1,0,0,2,0,"F"
1,2,1,2,"CFB2","","hernt002","","PO2(16)","F",1,0,0,0,0,"F"
0,0,2,0,"BBX","","","","63/G6D","T",1,0,0,0,0,"F"
0,1,1,1,"BCX","","","","4/P4D","T",1,0,0,0,0,"F"
0,2,3,2,"LBFFBFBT","","","","K","T",1,0,0,0,0,"F"
1,0,1,2,"CBSX","","","","43/G34D","T",1,0,0,0,0,"F"
1,1,3,2,"CCBFFBFFBFB","","","","W","T",0,1,0,0,0,"F"
1,1,1,0,"BX","jansd001","","","D9/L3D.1-3","T",0,2,3,0,0,"F"
1,1,3,2,".BCBF*BT","","panij002","jansd001","K","T",1,0,0,2,3,"F"
1,2,1,1,"BSX","","panij002","jansd001","E4/TH/G4.3-H(NR)(UR);2-H(NR)(UR);B-1","T",0,1,0,5,5,"F"
1,2,3,1,"1BSB*BB","biggc002","","","W.1-2","T",0,1,2,0,0,"F"
1,2,0,2,"SSC","gricr001","biggc002","","K","T",1,0,1,2,0,"F"
0,0,1,0,".BX","","","","S8/L8","T",0,1,0,0,0,"F"
0,0,0,2,"CSX","albeh001","","","D7/L78XD.1-H","T",0,2,4,0,0,"F"
0,0,2,2,"BBCFFS","","santa003","","K","T",1,0,0,2,0,"F"
0,1,1,2,"CSBX","","santa003","","8/L78XD+","T",1,0,0,2,0,"F"
0,2,2,0,"BBX","","santa003","","7/L7LD","T",1,0,0,2,0,"F"
1,0,2,1,"BBCX","","","","9/F9LD","T",1,0,0,0,0,"F"
1,1,0,1,"FX","","","","D7/L7LD","T",0,2,0,0,0,"F"
1,1,1,2,"CF*B>B","","gurrl001","","SB3","F",0,0,0,3,0,"F"
1,1,2,2,"CF*B>B.FX","","","gurrl001","FC/G34.3XH(42);B-1","T",1,1,0,0,0,"F"
1,2,0,0,"X","voged001","","","54(1)/FO/G56.B-1","T",1,1,0,0,0,"F"
0,0,2,2,".FBFBS","","","","K","T",1,0,0,0,0,"F"
0,1,2,2,"FSBBFFX","","","","S9/G4+","T",0,1,0,0,0,"F"
0,1,0,0,"X","mounr001","","","S9/L89S+.1-2","T",0,1,2,0,0,"F"
0,1,1,2,"...CFFBS","ruizr002","mounr001","","K","T",1,0,1,2,0,"F"
0,2,2,0,"BBX","ruizr002","mounr001","","7/F7D","T",1,0,1,2,0,"F"
1,0,2,1,"..BFBX","","","","S7/L7S","T",0,1,0,0,0,"F"
1,0,0,2,"11CSS","panij002","","","K","T",1,0,1,0,0,"F"
1,1,0,0,"X","panij002","","","46(1)/FO/G4.B-1","T",1,1,0,0,0,"F"
1,2,1,0,".BX","biggc002","","","54(1)/FO/G5.B-1","T",1,1,0,0,0,"F"
0,0,1,0,"BX","","","","7/F7D","T",1,0,0,0,0,"F"
0,1,1,1,"CBX","","","","3/P3SF/FL","T",1,0,0,0,0,"F"
0,2,1,2,"CBSFX","","","","8/L8XD","T",1,0,0,0,0,"F"
1,0,1,2,"CFBS","","","","K","T",1,0,0,0,0,"F"
1,1,2,2,"BBCFX","","","","63/G56D","T",1,0,0,0,0,"F"
1,2,3,2,"CCBBBC","","","","K","T",1,0,0,0,0,"F"
0,0,3,2,".CFBBFBX","","","","S5/G6S","T",0,1,0,0,0,"F"
0,0,3,2,"BBBCFS","sevep001","","","K","T",1,0,1,0,0,"F"
0,1,0,0,"X","sevep001","","","8/L8D","T",1,0,1,0,0,"F"
0,2,3,0,"BBBB","sevep001","","","W.1-2","T",0,1,2,0,0,"F"
0,2,0,0,".X","ruizr002","velaa001","","43/G4S","T",1,0,1,2,0,"F"
1,0,3,2,".BCFBBB","","","","W","T",0,1,0,0,0,"F"
1,0,1,0,".BX","fishd001","","","1/BP13-","T",1,0,1,0,0,"F"
1,1,0,0,"X","fishd001","","","9/L9D+","T",1,0,1,0,0,"F"
1,2,1,0,".B>B","fishd001","","","CS2(26)","F",1,0,0,0,0,"F"
0,0,0,0,".....X","","","","14/SH/BG2-.2-3","T",1,0,0,0,0,"F"
0,1,1,2,"BFFX","","","","9/F9/DP.3XH(92)","T",2,0,0,0,0,"F"
1,0,2,1,"..C*BBX","","","","43/G23+.2-3","T",1,0,0,0,0,"F"
1,1,1,2,"CFBFX","","","","53/G2-","T",1,0,0,0,0,"F"
1,2,0,0,"X","","","","53/G5","T",1,0,0,0,0,"F"
0,0,2,0,"..BBX","","","","D7/L78D.2-H(UR)","T",0,2,0,0,0,"F"
0,0,1,2,"CF*BS","","iglej001","","K","T",1,0,0,2,0,"F"
0,1,0,0,"X","","iglej001","","D9/L9LD.2-H","T",0,2,0,4,0,"F"
0,1,3,2,"CF*BBBX","","holab001","","8/F78XD","T",1,0,0,2,0,"F"
0,2,1,2,"SSBS","","holab001","","K","T",1,0,0,2,0,"F"
1,0,0,0,"......X","","","","43/G34.2-3","T",1,0,0,0,0,"F"
1,1,1,2,"CBSS","","","","K","T",1,0,0,0,0,"F"
1,2,1,0,"BX","","","","S8/L89.3-H(UR)","T",0,1,0,0,0,"F"
1,2,0,2,".FFX","gurrl001","","","D9/L9L.1XH(962)","T",1,2,0,0,0,"F"
0,0,2,2,"BCBFX","","","","7/F7","T",1,0,0,0,0,"T"
0,1,2,1,"SBBX","","","","4/P4","T",1,0,0,0,0,"F"
0,2,2,2,"BBFCS","","","","K","T",1,0,0,0,0,"F"
1,0,2,2,"CCFBBX","","","","9/L9","T",1,0,0,0,0,"F"
1,1,0,2,"CSFX","","","","9/F9LS","T",1,0,0,0,0,"F"
1,2,0,1,"CX","","","","8/L89D","T",1,0,0,0,0,"F"
0,0,2,1,"CBBX","","","","S8/L89D+","T",0,1,0,0,0,"F"
0,0,1,1,"BCX","vazqc001","","","8/L8D","T",1,0,1,0,0,"F"
0,1,0,0,"X","vazqc001","","","S5/BG56S.1-2","T",0,1,2,0,0,"F"
0,1,1,2,"CBSS","bradj001","vazqc001","","K","T",1,0,1,2,0,"F"
0,2,1,2,"CFBX","bradj001","vazqc001","","DGR/L89XD.2-H;1-3","T",0,2,3,4,0,"F"
0,2,1,1,"CBX","","lin-t001","bradj001","43/G34D","T",1,0,0,2,3,"F"
1,0,2,2,"CBSBFX","","","","5/L5D","T",1,0,0,0,0,"F"
1,1,2,2,"BFSBX","","","","13/G23-","T",1,0,0,0,0,"F"
1,2,1,0,"BX","","","","S7/L7L","T",0,1,0,0,0,"F"
1,2,3,2,"BS1SB1FB>B","gurrl001","","","W.1-2","T",0,1,2,0,0,"F"
1,2,2,2,"F*SB+2BX","fishd001","gurrl001","","7/F78S","T",1,0,1,2,0,"F"
0,0,3,2,"BCFBBFX","","","","6/P78S","T",1,0,0,0,0,"F"
0,1,0,2,"FSX","","","","S9/G3","T",0,1,0,0,0,"F"
0,1,0,2,"F1FX","munoy001","","","36(1)/FO/G3.B-1","T",1,1,0,0,0,"F"
0,2,3,2,"CBBB+1F>B","dever001","","","W.1-2","T",0,1,2,0,0,"F"
0,2,0,2,"SCX","vazqc001","dever001","","S8/L89D+.2-H;1-2","T",0,1,2,4,0,"F"
0,2,2,2,"BBCF*S","chavm001","vazqc001","","K","T",1,0,1,2,0,"F"
1,0,1,2,"BCSX","","","","7/L7D","T",1,0,0,0,0,"F"
1,1,2,1,"BBFX","","","","S7/L56D","T",0,1,0,0,0,"F"
1,1,0,0,"X","biggc002","","","64(1)3/GDP/G6D","T",2,0,0,0,0,"F"
0,0,2,1,"BBTX","","","","53/G56","T",1,0,0,0,0,"F"
0,1,0,0,"X","","","","3/G3D","T",1,0,0,0,0,"F"
0,2,1,2,"CCBT","","","","K","T",1,0,0,0,0,"F"
1,0,3,1,"BBBCX","","","","HR/F7LD","T",0,4,0,0,0,"F"
1,0,2,2,"CBSBS","","","","K","T",1,0,0,0,0,"F"
1,1,3,2,"BFBFBS","","","","K","T",1,0,0,0,0,"F"
1,2,2,2,"CBFBX","","","","63/G6","T",1,0,0,0,0,"F"
0,0,2,2,"BCFBX","","","","8/F8D","T",1,0,0,0,0,"F"
0,1,0,1,"TX","","","","D8/L8XD+","T",0,2,0,0,0,"F"
0,1,3,1,"BBCBB","","munoy001","","W","T",0,1,0,2,0,"F"
0,1,3,2,".CBBSBB","dever001","munoy001","","W.2-3;1-2","T",0,1,2,3,0,"F"
0,1,0,1,"C+2","vazqc001","dever001","munoy001","PO3(E2/TH).3-H(NR);2-3;1-2","F",0,0,2,3,4,"F"
0,1,2,2,"C+2.B*SB*S","","vazqc001","dever001","K","T",1,0,0,2,3,"F"
0,2,3,0,"VVVV","","vazqc001","dever001","IW","T",0,1,0,2,3,"F"
0,2,2,2,"BFBFX","bradj001","vazqc001","dever001","13/G4MS","T",1,0,1,2,3,"F"
1,0,2,2,".BCCBX","","","","63/G8S+","T",1,0,0,0,0,"F"
1,1,1,2,"CSBX","","","","43/G34","T",1,0,0,0,0,"F"
1,2,2,2,"BBFSS","","","","K","T",1,0,0,0,0,"F"
0,0,3,2,"BFSBBC","","","","K","T",1,0,0,0,0,"F"
0,1,1,2,"BCFT","","","","K","T",1,0,0,0,0,"F"
0,2,3,2,"BFBFBFS","","","","K","T",1,0,0,0,0,"F"
1,0,2,2,".BCBCC","","","","K","T",1,0,0,0,0,"F"
1,1,3,1,"BBBCX","","","","D7/L7LS","T",0,2,0,0,0,"F"
1,1,3,0,"BBB*B","","gricr001","","W","T",0,1,0,2,0,"F"
1,1,3,2,".S+1SF*BBFBS","espis001","gricr001","","K","T",1,0,1,2,0,"F"
1,2,3,2,"CBSFBB>X","espis001","gricr001","","S8/G4M.2-H;1-3","T",0,1,3,4,0,"F"
1,2,3,1,"SBBBB","villj001","","espis001","W.1-2","T",0,1,2,0,3,"F"
1,2,1,2,"SBCS","gurrl001","villj001","espis001","K","T",1,0,1,2,3,"F"
0,0,0,2,"...CFFX","","","","S7/L7","T",0,1,0,0,0,"F"
0,0,2,1,"BB1SX","munoy001","","","7/F7","T",1,0,1,0,0,"F"
0,1,1,2,"F1TBFX","munoy001","","","64(1)3/GDP/G6","T",2,0,0,0,0,"F"
1,0,2,2,".CBBSX","","","","S6/G4M+","T",0,1,0,0,0,"F"
1,0,0,1,".SX","shawt001","","","54(1)3/GDP/G56","T",2,0,0,0,0,"F"
1,2,2,2,"CBBCS","","","","K","T",1,0,0,0,0,"F"
0,0,1,0,"BX","","","","3/G34","T",1,0,0,0,0,"T"
0,1,0,0,"X","","","","HR/F7LD","T",0,4,0,0,0,"F"
0,1,1,2,"CBCFX","","","","HR/F7LD","T",0,4,0,0,0,"F"
0,1,1,1,"FBX","","","","E5/G5.B-1","T",0,1,0,0,0,"F"
0,1,3,2,"BB*BCCS","frazc001","","","K","T",1,0,1,0,0,"F"
0,2,3,2,"BC*BBS>X","frazc001","","","53/G56","T",1,0,1,0,0,"F"
1,0,2,2,"CBFFBX","","","","D7/L7L","T",0,2,0,0,0,"F"
1,0,3,1,"*B*BBCX","","biggc002","","7/L7","T",1,0,0,2,0,"F"
1,1,2,2,"FF*B*B>B","","biggc002","","SB3","F",0,0,0,3,0,"F"
1,1,3,2,"FF*B*B>B.X","","","biggc002","D9/G3.3-H","T",0,2,0,0,4,"F"
1,1,3,1,"BB*BSB","","tellr001","","W","T",0,1,0,2,0,"F"
1,1,3,1,"BC*BBX","guerv002","tellr001","","7/L78D+","T",1,0,1,2,0,"F"
1,2,0,2,"CFFX","guerv002","tellr001","","8/F8XD","T",1,0,1,2,0,"F"
0,0,2,0,"BBX","","","","53/G25-","T",1,0,0,0,0,"F"
0,1,0,0,"X","","","","63/G6D","T",1,0,0,0,0,"F"
0,2,1,2,"CFBX","","","","E4/G4D.B-1","T",0,1,0,0,0,"F"
0,2,1,1,"C1BX","estrt001","","","64(1)/FO/G6.B-1","T",1,1,0,0,0,"F"
1,0,1,2,"BCFX","","","","D7/F7D","T",0,2,0,0,0,"F"
1,0,3,2,"BBTBFX","","shawt001","","S8/L8S+.2-H;B-2(E8/TH)","T",0,2,0,4,0,"F"
1,0,2,2,"CBS*BFX","","espis001","","31/G34S-.2-3","T",1,0,0,3,0,"F"
1,1,2,1,"BCBX","","","espis001","3/G34S","T",1,0,0,0,3,"F"
1,2,1,0,"BX","","","espis001","63/G56","T",1,0,0,0,3,"F"
0,0,2,2,"BBSSX","","","","63/G6","T",1,0,0,0,0,"F"
0,1,3,0,"BBBB","","","","W","T",0,1,0,0,0,"F"
0,1,1,1,"CBX","hicka001","","","46(1)3/GDP/G13+","T",2,0,0,0,0,"F"
1,0,3,2,"SCFBFBBC","","","","K","T",1,0,0,0,0,"F"
1,1,2,2,"BFBSX","","","","S9/G4","T",0,1,0,0,0,"F"
1,1,1,1,"SBX","guerv002","","","S8/G6M.1-2","T",0,1,2,0,0,"F"
1,1,0,0,"X","gurrl001","guerv002","","8/L8D","T",1,0,1,2,0,"F"
1,2,1,1,"C*BB","gurrl001","guerv002","","PB.2-3;1-2","F",0,0,2,3,0,"F"
1,2,2,1,"C*BB.X","","gurrl001","guerv002","43/G4D","T",1,0,0,2,3,"F"
0,0,3,2,"BBCFBS","","","","K","T",1,0,0,0,0,"F"
0,1,1,0,"BX","","","","HR/F78XD","T",0,4,0,0,0,"F"
0,1,1,2,"BCSFFS","","","","K","T",1,0,0,0,0,"F"
0,2,2,2,"CBBFT","","","","K","T",1,0,0,0,0,"F"
1,0,2,2,"CFBBX","","","","5/L56","T",1,0,0,0,0,"F"
1,1,3,1,"BCBBB","","","","W","T",0,1,0,0,0,"F"
1,1,3,2,".BB*BCCFB","jansd001","","","W.1-2","T",0,1,2,0,0,"F"
1,1,0,0,"X","biggc002","jansd001","","9/F9L","T",1,0,1,2,0,"F"
1,2,0,2,"CFT","biggc002","jansd001","","K","T",1,0,1,2,0,"F"
0,0,1,0,"BX","","","","3/G23","T",1,0,0,0,0,"F"
0,1,2,2,"CFBBFX","","","","S34/G4+","T",0,1,0,0,0,"F"
0,1,2,1,"S*BBX","lemad001","","","S7/L7S.1-2","T",0,1,2,0,0,"F"
0,1,2,2,"BBSCX","voitl001","lemad001","","2/P2F/FL","T",1,0,1,2,0,"F"
0,2,2,2,"BFS*BX","voitl001","lemad001","","D7/L7LS.2-H;1-H;B-3","T",0,3,4,4,0,"F"
0,2,3,2,"BFBC*BB","","","frazc001","W","T",0,1,0,0,3,"F"
0,2,1,2,"SFBFT","torrg001","","frazc001","K","T",1,0,1,0,3,"F"
1,0,1,1,"BFX","","","","9/L9L","T",1,0,0,0,0,"F"
1,1,1,2,"CFBX","","","","D7/G5","T",0,2,0,0,0,"F"
1,1,1,2,"CSFBFX","","gurrl001","","31/G34.2-3","T",1,0,0,3,0,"F"
1,2,2,2,"BSBFS","","","gurrl001","K","T",1,0,0,0,3,"F"
0,0,2,0,".BBX","","","","3/G3","T",1,0,0,0,0,"F"
0,1,3,2,"BFBBCX","","","","3/P3F/FL","T",1,0,0,0,0,"F"
0,2,1,2,"SBSX","","","","S7/L7S+","T",0,1,0,0,0,"F"
0,2,2,1,"1BC*B1>B","estrt001","","","SB2","F",0,0,2,0,0,"F"
0,2,3,1,"1BC*B1>B.B","","estrt001","","W","T",0,1,0,2,0,"F"
0,2,3,0,"BBBB","lemad001","estrt001","","W.2-3;1-2","T",0,1,2,3,0,"F"
0,2,3,2,"*BBFSB>F>B","voitl001","lemad001","estrt001","W.3-H;2-3;1-2","T",0,1,2,3,4,"F"
0,2,2,1,"SB*BX","hicka001","voitl001","lemad001","8/F89D","T",1,0,1,2,3,"F"
1,0,3,2,".CCBBFBFFFB","","","","W","T",0,1,0,0,0,"F"
1,0,0,0,"X","espis001","","","8/F8XD","T",1,0,1,0,0,"F"
1,1,3,1,"BB1CBB","espis001","","","W.1-2","T",0,1,2,0,0,"F"
1,1,1,1,"BFX","biggc002","espis001","","S7/G56+.2-3;1-2","T",0,1,2,3,0,"F"
1,1,3,2,"FFFFBFBBFX","gricr001","biggc002","espis001","E3/G3.3-H;2-3;1-2;B-1","T",0,1,2,3,4,"F"
1,1,0,0,".X","tellr001","gricr001","biggc002","S9/G3+.3-H;2-H;1-3","T",0,1,3,4,4,"F"
1,1,0,0,">B","guerv002","","tellr001","SB2","F",0,0,2,0,3,"F"
1,1,1,1,">B.CX","","guerv002","tellr001","S7/L78.3-H(UR);2-3","T",0,1,0,3,5,"F"
1,1,3,1,"B*BCB>S","gurrl001","","guerv002","SB2","F",0,0,2,0,3,"F"
1,1,3,2,"B*BCB>S.FFFB","","gurrl001","guerv002","W","T",0,1,0,2,3,"F"
1,1,1,2,"BCFX","villj001","gurrl001","guerv002","S8/G4+.3-H;2-H;1-3","T",0,1,3,4,4,"F"
1,1,3,2,".BFCB*B>F>B","shawt001","","villj001","W.1-2","T",0,1,2,0,3,"F"
1,1,3,1,"BBFBX","panij002","shawt001","villj001","HR/F78XD.3-H;2-H;1-H","T",0,4,4,4,4,"F"
1,1,2,2,".CBCBX","","","","7/F78","T",1,0,0,0,0,"F"
1,2,2,1,"BBFX","","","","4/P8S","T",1,0,0,0,0,"F"
0,0,3,2,"...CBCFBFBFX","","","","53/G56D","T",1,0,0,0,0,"F"
0,1,3,2,"BSBSBFX","","","","3/L34D","T",1,0,0,0,0,"F"
0,2,3,2,"BBCBFS","","","","K","T",1,0,0,0,0,"F"
1,0,0,1,"SX","","","","63/G6","T",1,0,0,0,0,"F"
1,1,1,2,"FBCX","","","","43/G4D","T",1,0,0,0,0,"F"
1,2,1,2,"CSFFBX","","","","43/G4D+","T",1,0,0,0,0,"F"
0,0,0,0,"X","","","","43/G4MD","T",1,0,0,0,0,"F"
0,1,2,2,"CBFFFBX","","","","63/G6M","T",1,0,0,0,0,"F"
0,2,3,2,"CBBFBFB","","","","W","T",0,1,0,0,0,"F"
0,2,2,2,"FBFBX","lemad001","","","53/G56D","T",1,0,1,0,0,"F"
1,0,0,2,".FSS","","","","K","T",1,0,0,0,0,"F"
1,1,1,2,"BSSFX","","","","5/P56","T",1,0,0,0,0,"F"
1,2,3,1,"FBBBB","","","","W","T",0,1,0,0,0,"F"
1,2,3,2,"C*BFBB>B","panij002","","","W.1-2","T",0,1,2,0,0,"F"
1,2,0,2,"CSFT","jansd001","panij002","","K","T",1,0,1,2,0,"F"
0,0,1,0,".BX","","","","53/G4D","T",1,0,0,0,0,"F"
0,1,1,0,"BX","","","","S68/G6M+","T",0,1,0,0,0,"F"
0,1,3,1,"BBFBX","frazc001","","","D7/F7LD.1-3","T",0,2,3,0,0,"F"
0,1,2,0,"*B*BX","","torrg001","frazc001","63/G6.3-H;2-3","T",1,0,0,3,4,"F"
0,2,1,1,"CBX","","","torrg001","63/G6M","T",1,0,0,0,3,"F"
0,0,1,2,"CFBFX","","","","63/G6MS","T",1,0,0,0,0,"T"
0,1,2,2,"SSBFBX","","","","63/G6","T",1,0,0,0,0,"F"
0,2,3,1,"BBBFB","","","","W","T",0,1,0,0,0,"F"
0,2,3,0,"BB1BB","hicka001","","","W.1-2","T",0,1,2,0,0,"F"
0,2,3,2,"BCBSB>B","frazc001","hicka001","","W.2-3;1-2","T",0,1,2,3,0,"F"
0,2,3,1,"CBBBX","torrg001","frazc001","hicka001","7/F78","T",1,0,1,2,3,"F"
1,0,2,2,"BCCBC","","","","K","T",1,0,0,0,0,"F"
1,1,3,1,"BBBFB","","","","W","T",0,1,0,0,0,"F"
1,1,0,1,"FX","gricr001","","","65(1)3/GDP/G6","T",2,0,0,0,0,"F"
0,0,2,2,"CBFBF","","","","FLE2","F",0,0,0,0,0,"F"
0,0,3,2,"CBFBF.BX","","","","53/G5","T",1,0,0,0,0,"F"
0,1,1,2,"CBFX","","","","D8/L78XD","T",0,2,0,0,0,"F"
0,1,3,1,"BCBBB","","andum001","","W","T",0,1,0,2,0,"F"
0,1,0,0,"X","wadet002","andum001","","8/F89XD.2-3","T",1,0,1,3,0,"F"
0,2,1,0,"B>*B","wadet002","","andum001","SB2","F",0,0,2,0,3,"F"
0,2,3,2,"B>*B.BSCFC","","wadet002","andum001","K","T",1,0,0,2,3,"F"
1,0,0,2,"CSC","","","","K","T",1,0,0,0,0,"F"
1,1,0,2,"CSX","","","","8/L8XD","T",1,0,0,0,0,"F"
1,2,3,1,"CBBBX","","","","S8/L78S","T",0,1,0,0,0,"F"
1,2,2,2,"CB*BFX","panij002","","","HR/L78XD.1-H","T",0,4,4,0,0,"F"
1,2,2,2,"CCBBC","","","","K","T",1,0,0,0,0,"F"
0,0,1,2,"BFCH","","","","HP","T",0,1,0,0,0,"F"
0,0,0,0,">C","hicka001","","","SB2","F",0,0,2,0,0,"F"
0,0,1,2,">C.*BSS","","hicka001","","K","T",1,0,0,2,0,"F"
0,1,1,2,"BFC>B","","hicka001","","CS3(25)","F",1,0,0,0,0,"F"
0,2,3,2,"BFC>B.BT","","","","K","T",1,0,0,0,0,"F"
1,0,1,2,"CBFX","","","","D7/L7LD","T",0,2,0,0,0,"F"
1,0,1,2,"FFBX","","espis001","","9/F9D.2-3","T",1,0,0,3,0,"F"
1,1,2,0,"BBX","","","espis001","9/F89","T",1,0,0,0,3,"F"
1,2,1,0,"BX","","","espis001","43/G4D","T",1,0,0,0,3,"F"
0,0,1,1,"BCX","","","","63/G6","T",1,0,0,0,0,"F"
0,1,2,2,"CSBBX","","","","7/L7D+","T",1,0,0,0,0,"F"
0,2,0,0,"X","","","","S9/L9S","T",0,1,0,0,0,"F"
0,2,3,0,"11BBBB","andum001","","","W.1-2","T",0,1,2,0,0,"F"
0,2,3,2,"CCB*BB>X","wadet002","andum001","","63/G6M+","T",1,0,1,2,0,"F"
1,0,3,2,"CBBBSC","","","","K","T",1,0,0,0,0,"F"
1,1,1,0,"BX","","","","S7/L78S","T",0,1,0,0,0,"F"
1,1,2,2,"C*BFBS","gurrl001","","","K","T",1,0,1,0,0,"F"
1,2,2,2,"S*BS*BS","gurrl001","","","K","T",1,0,1,0,0,"F"
0,0,0,1,".FX","","","","S7/G56","T",0,1,0,0,0,"F"
0,0,0,2,"CFX","voitl001","","","S7/F7L.1-2","T",0,1,2,0,0,"F"
0,0,3,2,"BBF*BS*B","hicka001","voitl001","","W.2-3;1-2","T",0,1,2,3,0,"F"
0,0,2,0,"BBX","frazc001","hicka001","voitl001","9/F89","T",1,0,1,2,3,"F"
0,1,1,1,"BSX","frazc001","hicka001","voitl001","7/SF/F7LD.3-H","T",1,0,1,2,4,"F"
0,2,1,2,"FS*BFS","frazc001","hicka001","","K","T",1,0,1,2,0,"F"
1,0,2,2,"SBBFC","","","","K","T",1,0,0,0,0,"F"
1,1,3,2,"FBBFBS","","","","K.BX1(23)","T",1,0,0,0,0,"F"
1,2,3,2,"BSBFBFFFFF","","","","FLE2","F",0,0,0,0,0,"F"
1,2,3,2,"BSBFBFFFFF.FFB","","","","W","T",0,1,0,0,0,"F"
1,2,3,2,"B1B*BFF>S","biggc002","","","K","T",1,0,1,0,0,"F"
0,0,3,2,"BFBBF*S","","","","K","T",1,0,0,0,0,"F"
0,1,3,2,"BTBBCS","","","","K","T",1,0,0,0,0,"F"
0,2,0,1,"FX","","","","S9/L9+","T",0,1,0,0,0,"F"
0,2,0,0,"X","lemad001","","","63/G6","T",1,0,1,0,0,"F"
1,0,2,2,"FBBFX","","","","53/G4M","T",1,0,0,0,0,"F"
1,1,1,2,"FCBX","","","","9/F9D","T",1,0,0,0,0,"F"
1,2,1,1,"FBX","","","","9/L9LD","T",1,0,0,0,0,"F"
0,0,3,2,".BBFBFX","","","","63/G6D","T",1,0,0,0,0,"F"
0,1,1,2,"FSBC","","","","K","T",1,0,0,0,0,"F"
0,2,2,2,"STBBX","","","","9/F9L","T",1,0,0,0,0,"F"
1,0,3,2,"CBFBBFS","","","","K","T",1,0,0,0,0,"F"
1,1,3,2,".BBCBFX","","","","43/G6MS+","T",1,0,0,0,0,"F"
1,2,0,2,"CFC","","","","K","T",1,0,0,0,0,"F"
0,0,2,2,"..BFFBFFX","","","","8/F8","T",1,0,0,0,0,"F"
0,1,0,1,"FX","","","","53/G5","T",1,0,0,0,0,"F"
0,2,1,1,"BCX","","","","4/P4","T",1,0,0,0,0,"F"
1,0,2,2,"..BCSBT","","","","K","T",1,0,0,0,0,"F"
1,1,2,2,"CSBBS","","","","K","T",1,0,0,0,0,"F"
1,2,0,0,"X","","","","13/G6MS","T",1,0,0,0,0,"F"
0,0,3,2,"...BFCBBS","","","","K","T",1,0,0,0,0,"F"
0,1,2,2,"CCBBX","","","","43/G4","T",1,0,0,0,0,"F"
0,2,3,2,"SSBBBS","","","","K","T",1,0,0,0,0,"F"
0,0,3,2,"CBBSBFFB","","","","W","T",0,1,0,0,0,"T"
0,0,0,1,"SX","lemad001","","","9/F9","T",1,0,1,0,0,"F"
0,1,1,0,"B1X","lemad001","","","1/P15","T",1,0,1,0,0,"F"
0,2,1,2,"1FCBS","lemad001","","","K","T",1,0,1,0,0,"F"
1,0,1,0,"BX","","","","9/F89XD+","T",1,0,0,0,0,"F"
1,1,0,1,"CX","","","","3/P3F/FL","T",1,0,0,0,0,"F"
1,2,3,2,"FBSBBX","","","","S9/F9LS","T",0,1,0,0,0,"F"
1,2,0,0,"X","shawt001","","","6/P6MS","T",1,0,1,0,0,"F"
0,0,2,2,"CBFBX","","","","HR/F78XD","T",0,4,0,0,0,"F"
0,0,2,2,"BCFBX","","","","4/P4","T",1,0,0,0,0,"F"
0,1,3,2,"CCBBBX","","","","43/G4","T",1,0,0,0,0,"F"
0,2,3,1,"CBBBB","","","","W","T",0,1,0,0,0,"F"
0,2,3,2,"BBSBFF>C","sancg002","","","K","T",1,0,1,0,0,"F"
1,0,0,2,"FFX","","","","4/L4D","T",1,0,0,0,0,"F"
1,1,2,1,"BSBX","","","","S6/G6+","T",0,1,0,0,0,"F"
1,1,1,0,"11BX","villj001","","","64(1)/FO/G6.B-1","T",1,1,0,0,0,"F"
1,2,3,2,"FBBBC>F>X","josec002","","","HR/L89XD.1-H","T",0,4,4,0,0,"F"
1,2,1,2,"CSBS","","","","K","T",1,0,0,0,0,"F"
0,0,0,0,"X","","","","HR/L9LD","T",0,4,0,0,0,"F"
0,0,0,0,"X","","","","63/G6","T",1,0,0,0,0,"F"
0,1,0,2,"CFC","","","","K","T",1,0,0,0,0,"F"
0,2,3,1,"CBBB*B","","","","W","T",0,1,0,0,0,"F"
0,2,0,1,"CX","frazc001","","","9/F9S","T",1,0,1,0,0,"F"
1,0,1,1,"BCX","","","","S9/L9LS","T",0,1,0,0,0,"F"
1,0,2,2,"1FSF1BB1FFF1S","biggc002","","","K","T",1,0,1,0,0,"F"
1,1,1,2,"1BS1SC","biggc002","","","K","T",1,0,1,0,0,"F"
1,2,2,2,"1CBB1SS","biggc002","","","K","T",1,0,1,0,0,"F"
0,0,3,1,"CBBBX","","","","6/P8S","T",1,0,0,0,0,"F"
0,1,1,1,"CBX","","","","8/L8XD+","T",1,0,0,0,0,"F"
0,2,2,1,"CBBX","","","","4/P4MD","T",1,0,0,0,0,"F"
1,0,1,1,"CBX","","","","43/G34","T",1,0,0,0,0,"F"
1,1,0,0,"X","","","","6/P6","T",1,0,0,0,0,"F"
1,2,2,0,"BBX","","","","53/G56D","T",1,0,0,0,0,"F"
0,0,3,1,".BBBCX","","","","S8/G4M","T",0,1,0,0,0,"F"
0,0,1,1,"F1B1X","wadet002","","","43/G4S.1-2","T",1,0,2,0,0,"F"
0,1,0,1,"CX","","wadet002","","S8/G6M.2-H","T",0,1,0,4,0,"F"
0,1,3,0,"B*BBB","voitl001","","","W.1-2","T",0,1,2,0,0,"F"
0,1,3,2,"BBCC*BS","hicka001","voitl001","","K","T",1,0,1,2,0,"F"
0,2,0,0,"X","hicka001","voitl001","","D7/G56.2-H;1-H","T",0,2,4,4,0,"F"
0,2,2,1,"CBBX","","torrg001","","13/G34S","T",1,0,0,2,0,"F"
1,0,0,1,"CX","","","","7/F7LSF/FL","T",1,0,0,0,0,"F"
1,1,2,1,"CBBX","","","","D8/L8","T",0,2,0,0,0,"F"
1,1,2,2,"BFBSFFX","","davij007","","3/G3.2-3","T",1,0,0,3,0,"F"
1,2,0,2,"FST","","","davij007","K","T",1,0,0,0,3,"F"
0,0,0,1,"CX","","","","8/F8","T",1,0,0,0,0,"F"
0,1,2,2,"CBFBX","","","","3/G34","T",1,0,0,0,0,"F"
0,2,0,0,"X","","","","31/G3","T",1,0,0,0,0,"F"
1,0,2,2,"FBFBS","","","","K","T",1,0,0,0,0,"F"
1,1,0,0,"X","","","","9/L9D+","T",1,0,0,0,0,"F"
1,2,3,1,"BFBBX","","","","8/F8XD","T",1,0,0,0,0,"F"
0,0,3,2,"CBCBBB","","","","W","T",0,1,0,0,0,"F"
0,0,0,1,"CX","lemad001","","","54(1)/FO/G5.B-1","T",1,1,0,0,0,"F"
0,1,0,0,"X","voitl001","","","3/P13","T",1,0,1,0,0,"F"
0,2,2,0,"BBX","voitl001","","","S1/G56S.1-2","T",0,1,2,0,0,"F"
0,2,3,2,"B*BCBC>S","frazc001","voitl001","","K","T",1,0,1,2,0,"F"
1,0,0,0,"X","","","","43/G34D","T",1,0,0,0,0,"F"
1,1,2,2,"CCBBFX","","","","9/F9","T",1,0,0,0,0,"F"
1,2,1,0,"BX","","","","9/F89D","T",1,0,0,0,0,"F"
0,0,1,2,"BFFFX","","","","63/G6D","T",1,0,0,0,0,"F"
0,1,3,2,".FBBCBB","","","","W","T",0,1,0,0,0,"F"
0,1,1,2,"1SF1BS","gardb001","","","K","T",1,0,1,0,0,"F"
0,2,0,2,"C1FX","gardb001","","","2/P2F/FL","T",1,0,1,0,0,"F"
1,0,0,1,".CX","","","","53/G56S","T",1,0,0,0,0,"F"
1,1,0,0,"X","","","","31/G3","T",1,0,0,0,0,"F"
1,2,0,0,"X","","","","S9/G4","T",0,1,0,0,0,"F"
1,2,0,2,".FS*B","gricr001","","","OA.1X2(26)","F",1,0,0,0,0,"F"
0,0,2,2,"..SBBCFFX","","","","E6/TH/G6D.B-1","T",0,1,0,0,0,"F"
0,0,0,0,"X","lemad001","","","53/G5D.1-2","T",1,0,2,0,0,"F"
0,1,0,1,"C>B","","lemad001","","SB3","F",0,0,0,3,0,"F"
0,1,3,2,"C>B.SFBBB","","","lemad001","W","T",0,1,0,0,3,"F"
0,1,3,2,"*BBC1SFB>X","hicka001","","lemad001","S7/G56.3-H(UR);1-3","T",0,1,3,0,5,"F"
0,1,0,0,">B","frazc001","","hicka001","SB2","F",0,0,2,0,3,"F"
0,1,3,1,">B.BBFX","","frazc001","hicka001","563/G5.3-H(UR)","T",1,0,0,2,5,"F"
0,2,0,1,"CS","","frazc001","","PB.2-3","F",0,0,0,3,0,"F"
0,2,1,2,"CS.BX","","","frazc001","63/G6","T",1,0,0,0,3,"F"
1,0,2,2,".CFBBS","","","","K","T",1,0,0,0,0,"F"
1,1,1,2,"CBSC","","","","K","T",1,0,0,0,0,"F"
1,2,0,2,"CFC","","","","K","T",1,0,0,0,0,"F"
0,0,3,2,"BBBCFS","","","","K","T",1,0,0,0,0,"T"
0,1,2,2,"BBSSS","","","","K","T",1,0,0,0,0,"F"
0,2,1,0,"BX","","","","63/G6","T",1,0,0,0,0,"F"
1,0,0,2,"FCS","","","","K","T",1,0,0,0,0,"F"
1,1,0,1,"CX","","","","S9/L89","T",0,1,0,0,0,"F"
1,1,1,1,"BCX","gricr001","","","7/F7L","T",1,0,1,0,0,"F"
1,2,0,1,"F>C","gricr001","","","SB2","F",0,0,2,0,0,"F"
1,2,2,2,"F>C.B*BX","","gricr001","","S9/L9D.2-H","T",0,1,0,4,0,"F"
1,2,1,2,"SBCC","guerv002","","","K","T",1,0,1,0,0,"F"
0,0,3,1,"BFBBB","","","","W","T",0,1,0,0,0,"F"
0,0,1,2,"CSB1X","smitd008","","","54(1)/FO/G56.B-1","T",1,1,0,0,0,"F"
0,1,0,1,"FX","canor001","","","8/F8XD+","T",1,0,1,0,0,"F"
0,2,3,1,"*BCBBB","canor001","","","W.1-2","T",0,1,2,0,0,"F"
0,2,2,1,"BSBX","mcnej002","canor001","","7/F56D","T",1,0,1,2,0,"F"
1,0,3,2,"CBBSBS","","","","K","T",1,0,0,0,0,"F"
1,1,1,2,"BFCS","","","","K","T",1,0,0,0,0,"F"
1,2,0,1,"CX","","","","31/G34","T",1,0,0,0,0,"F"
0,0,1,2,"BFSX","","","","D9/L9LS","T",0,2,0,0,0,"F"
0,0,0,1,"FX","","ramow001","","S9/G34.2-3","T",0,1,0,3,0,"F"
0,0,3,2,"BF1FBBF1X","nimmb001","","ramow001","HR/F78XD.3-H;1-H","T",0,4,4,0,4,"F"
0,0,3,2,"CBBBFB","","","","W","T",0,1,0,0,0,"F"
0,0,3,2,"*BS1BBSS","davij006","","","K","T",1,0,1,0,0,"F"
0,1,2,0,"B1BX","davij006","","","S8/L8.1-2","T",0,1,2,0,0,"F"
0,1,3,2,"BBSBSC","canor001","davij006","","K","T",1,0,1,2,0,"F"
0,2,1,0,".*BX","canor001","davij006","","D8/F89.2-H;1-3","T",0,2,3,4,0,"F"
0,2,2,2,"C*BBCS","","mcnej002","canor001","K","T",1,0,0,2,3,"F"
1,0,1,2,"CCBX","","","","13/G6MS","T",1,0,0,0,0,"F"
1,1,3,2,"BBCBFS","","","","K","T",1,0,0,0,0,"F"
1,2,2,2,"CBSBS","","","","K","T",1,0,0,0,0,"F"
0,0,3,2,"BBCFBB","","","","W","T",0,1,0,0,0,"F"
0,0,0,0,"X","ramow001","","","S7/G56.1-2","T",0,1,2,0,0,"F"
0,0,3,2,"BCBBFB","nimmb001","ramow001","","W.2-3;1-2","T",0,1,2,3,0,"F"
0,0,3,2,"BSSB*BFX","confm001","nimmb001","ramow001","FC6/G6.3XH(6E2)(NR)(UR);2-3;1-2;B-1","T",0,1,2,3,5,"F"
0,0,3,0,"BBBX","davij006","confm001","nimmb001","HR/L9D.3-H;2-H;1-H","T",0,4,4,4,4,"F"
0,0,3,1,"BBBCX","","","","S7/L7S","T",0,1,0,0,0,"F"
0,0,3,2,"CBFBBS","canor001","","","K","T",1,0,1,0,0,"F"
0,1,1,1,".SBX","canor001","","","S8/L8.1-2","T",0,1,2,0,0,"F"
0,1,2,2,"SFBFFBFH","mcnej002","canor001","","HP.2-3;1-2","T",0,1,2,3,0,"F"
0,1,1,0,"BX","gimea001","mcnej002","canor001","D8/L89D+.3-H;2-H;1-H","T",0,2,4,4,4,"F"
0,1,0,2,"SFX","","ramow001","","63/G6MS.2-3","T",1,0,0,3,0,"F"
0,2,0,2,"SCX","","","ramow001","S7/L7LS.3-H(TUR)","T",0,1,0,0,6,"F"
0,2,1,2,"CFBX","confm001","","","D7/G5.1-H(TUR)","T",0,2,6,0,0,"F"
0,2,1,2,"C*S*BC","","davij006","","K","T",1,0,0,2,0,"F"
1,0,3,2,"FBFBFBFFFFF*B","","","","W","T",0,1,0,0,0,"F"
1,0,1,2,"BFSFS","shawt001","","","K","T",1,0,1,0,0,"F"
1,1,2,0,"BBX","shawt001","","","7/F7","T",1,0,1,0,0,"F"
1,2,3,2,"FFBFBB>F>T","shawt001","","","K","T",1,0,1,0,0,"F"
0,0,1,1,"BCX","","","","S8/G6+","T",0,1,0,0,0,"F"
0,0,0,0,"X","canor001","","","64(1)3/GDP/G6S","T",2,0,0,0,0,"F"
0,2,2,1,"FBBX","","","","53/G4","T",1,0,0,0,0,"F"
1,0,1,2,"FSBX","","","","8/L8D","T",1,0,0,0,0,"F"
1,1,3,2,"BCCBBFB","","","","W","T",0,1,0,0,0,"F"
1,1,0,2,"SCS","jansd001","","","K","T",1,0,1,0,0,"F"
1,2,0,0,"X","jansd001","","","D9/L9L.1-3","T",0,2,3,0,0,"F"
1,2,0,0,"X","","biggc002","jansd001","9/L9L","T",1,0,0,2,3,"F"
0,0,1,1,"FBX","","","","8/F8","T",1,0,0,0,0,"F"
0,1,2,1,"FBBX","","","","63/G6D","T",1,0,0,0,0,"F"
0,2,0,1,"CX","","","","53/G56S","T",1,0,0,0,0,"F"
1,0,1,0,"BX","","","","7/F7LSF/FL","T",1,0,0,0,0,"F"
1,1,2,2,"CBFBFFX","","","","3/P3F/FL","T",1,0,0,0,0,"F"
1,2,2,2,"FBFBX","","","","6/P6MS","T",1,0,0,0,0,"F"
0,0,3,2,".CFBBFBX","","","","E6/TH/G6S.B-1","T",0,1,0,0,0,"F"
0,0,0,0,"X","confm001","","","S9/F9LS.1-2","T",0,1,2,0,0,"F"
0,0,3,2,"C*BS*BBX","davij006","confm001","","S7/L7LS.2-3;1-2","T",0,1,2,3,0,"F"
0,0,3,2,".BCBBCB","smitd008","davij006","confm001","W.3-H(UR);2-3;1-2","T",0,1,2,3,5,"F"
0,0,2,2,".FSBBS","guill001","smitd008","davij006","K","T",1,0,1,2,3,"F"
0,1,2,2,"BFCBX","guill001","smitd008","davij006","64(1)/FO/G6M.3-H(UR);2-3;B-1","T",1,1,0,3,5,"F"
0,2,0,1,"SX","mcnej002","","smitd008","8/F8D","T",1,0,1,0,3,"F"
1,0,1,1,"......BSX","","","","63/G6MD","T",1,0,0,0,0,"F"
1,1,1,0,"BX","","","","9/L9D","T",1,0,0,0,0,"F"
1,2,0,0,"X","","","","43/G6MS+","T",1,0,0,0,0,"F"
0,0,0,0,".X","","","","HR/L8XD","T",0,4,0,0,0,"F"
0,0,2,2,"BCFBS","","","","K","T",1,0,0,0,0,"F"
0,1,1,2,"CSB*S","","","","K.BX1(23)","T",1,0,0,0,0,"F"
0,2,2,2,"SBBSFX","","","","S7/G56","T",0,1,0,0,0,"F"
0,2,2,1,"*BBCX","rosaa003","","","65(1)/FO/G6MD+.B-1","T",1,1,0,0,0,"F"
1,0,0,0,"X","","","","S7/L78+","T",0,1,0,0,0,"F"
1,0,1,0,"BX","espis001","","","S39/G34.1-2","T",0,1,2,0,0,"F"
1,0,1,0,"BX","biggc002","espis001","","64(1)3/GDP/G56D.2-3","T",2,0,0,3,0,"F"
1,2,0,0,"X","","","espis001","7/F7S","T",1,0,0,0,3,"F"
0,0,3,2,"....CBFBBFX","","","","1/P15","T",1,0,0,0,0,"F"
0,1,1,2,"BFCH","","","","HP","T",0,1,0,0,0,"F"
0,1,2,2,"BFFBX","alonp001","","","S3/G3.1-2","T",0,1,2,0,0,"F"
0,1,1,1,"FBX","mcnej002","alonp001","","D9/L9L.2-H;1-3","T",0,2,3,4,0,"F"
0,1,0,0,"X","","gimea001","mcnej002","7/L9LD+","T",1,0,0,2,3,"F"
0,2,2,2,"FFBBFX","","gimea001","mcnej002","5/P56S","T",1,0,0,2,3,"F"
1,0,3,2,"FBSFFBBX","","","","8/F8XD","T",1,0,0,0,0,"F"
1,1,0,0,"X","","","","8/L8XD+","T",1,0,0,0,0,"F"
1,2,3,1,"BCBBB","","","","W","T",0,1,0,0,0,"F"
1,2,1,2,"CF*BC","fishd001","","","K","T",1,0,1,0,0,"F"
0,0,3,2,"BFBCBX","","","","8/L8XD","T",1,0,0,0,0,"T"
0,1,1,2,"FBCS","","","","K","T",1,0,0,0,0,"F"
0,2,2,2,"BCBCX","","","","13/G6MS","T",1,0,0,0,0,"F"
1,0,1,1,"FBX","","","","31/G3","T",1,0,0,0,0,"F"
1,1,1,2,"FCBFS","","","","K","T",1,0,0,0,0,"F"
1,2,1,0,"BX","","","","63/G6","T",1,0,0,0,0,"F"
0,0,1,2,"BCSX","","","","9/F9LF/FL","T",1,0,0,0,0,"F"
0,1,2,2,"CBSBFFS","","","","K","T",1,0,0,0,0,"F"
0,2,0,0,"X","","","","31/G3D","T",1,0,0,0,0,"F"
1,0,0,1,"CX","","","","43/G4","T",1,0,0,0,0,"F"
1,1,0,0,"X","","","","63/G6","T",1,0,0,0,0,"F"
1,2,0,2,"CFFT","","","","K","T",1,0,0,0,0,"F"
0,0,1,2,"CCBX","","","","13/G34S-","T",1,0,0,0,0,"F"
0,1,3,2,"FBBFBB","","","","W","T",0,1,0,0,0,"F"
0,1,3,2,"BSBCFBX","ramow001","","","S8/L8.1-2","T",0,1,2,0,0,"F"
0,1,2,1,"S*B*BX","rosaa003","ramow001","","8/F8XD","T",1,0,1,2,0,"F"
0,2,1,2,"FFBX","rosaa003","ramow001","","7/L78","T",1,0,1,2,0,"F"
1,0,3,2,"CSBBBC","","","","K","T",1,0,0,0,0,"F"
1,1,1,1,"CBX","","","","43/G4","T",1,0,0,0,0,"F"
1,2,1,2,"BCSX","","","","S9/G34","T",0,1,0,0,0,"F"
1,2,2,2,"L1SB*BFS","panij002","","","K","T",1,0,1,0,0,"F"
0,0,2,1,"SBBX","","","","S9/L9L.B-2(E9)","T",0,2,0,0,0,"F"
0,0,2,2,"BFSFBS","","confm001","","K","T",1,0,0,2,0,"F"
0,1,1,2,"BCSX","","confm001","","53/G56","T",1,0,0,2,0,"F"
0,2,3,2,"BFBBFB","","confm001","","W","T",0,1,0,2,0,"F"
0,2,0,0,"X","canor001","confm001","","D7/G5+.2-H;1-3","T",0,2,3,4,0,"F"
0,2,1,0,"BX","","marij002","canor001","53/G56","T",1,0,0,2,3,"F"
1,0,0,1,"CX","","","","S7/G56","T",0,1,0,0,0,"F"
1,0,1,1,"11BC1X","bichb001","","","DGR/L89XD.1-3","T",0,2,3,0,0,"F"
1,0,3,2,"BSBFBX","","shawt001","bichb001","S5/G56S.3-H;2-2","T",0,1,0,2,4,"F"
1,0,0,0,"X","gricr001","shawt001","","1(2)/FO/G56S.1-2;B-1","T",1,1,2,0,0,"F"
1,1,0,2,"SCX","guerv002","gricr001","","8/L8D","T",1,0,1,2,0,"F"
1,2,2,2,"SBSBFC","guerv002","gricr001","","K","T",1,0,1,2,0,"F"
0,0,0,1,"CX","","","","D8/L89XD","T",0,2,0,0,0,"F"
0,0,1,1,"BFX","","rosaa003","","7/F7","T",1,0,0,2,0,"F"
0,1,2,2,"CBS*BS","","rosaa003","","K","T",1,0,0,2,0,"F"
0,2,2,2,"BFBFS","","rosaa003","","K","T",1,0,0,2,0,"F"
1,0,3,0,"BBBB","","","","W","T",0,1,0,0,0,"F"
1,0,3,1,"BBBCX","kirka001","","","S9/G34+.1-2","T",0,1,2,0,0,"F"
1,0,2,1,"FBBX","panij002","kirka001","","S9/G34.2-3;1-2","T",0,1,2,3,0,"F"
1,0,0,2,"SFFX","biggc002","panij002","kirka001","3/L3S-","T",1,0,1,2,3,"F"
1,1,3,2,"B*BBCFX","biggc002","panij002","kirka001","8/SF/F89XD+.3-H;2-3","T",1,0,1,3,4,"F"
1,2,0,1,"FX","biggc002","","panij002","7/L7S","T",1,0,1,0,3,"F"
0,0,0,1,".CX","","","","7/F78D","T",1,0,0,0,0,"F"
0,1,1,2,"CFFFBX","","","","S9/L89S","T",0,1,0,0,0,"F"
0,1,0,2,"F*SS","smitd008","","","K","T",1,0,1,0,0,"F"
0,2,2,2,".FSBFBX","smitd008","","","7/F7S","T",1,0,1,0,0,"F"
1,0,2,2,".BBSCFFX","","","","D9/L9LD+","T",0,2,0,0,0,"F"
1,0,1,0,"BX","","guerv002","","43/G4D+.2-3","T",1,0,0,3,0,"F"
1,1,0,0,".X","","","guerv002","S7/G56.3-H","T",0,1,0,0,4,"F"
1,1,1,1,"BFX","villj001","","","S7/G6+.1-2","T",0,1,2,0,0,"F"
1,1,3,2,"BBFFB>S","kirka001","villj001","","K+SB3","T",1,0,1,3,0,"F"
1,2,3,1,"*BSBBB","kirka001","","villj001","W.1-2","T",0,1,2,0,3,"F"
1,2,0,0,".X","biggc002","kirka001","villj001","8/L89XD","T",1,0,1,2,3,"F"
0,0,2,0,"BBX","","","","S7/G56+","T",0,1,0,0,0,"F"
0,0,0,1,"CX","ramow001","","","S9/G34.1-2","T",0,1,2,0,0,"F"
0,0,2,0,"BBX","rosaa003","ramow001","","36(1)/FO/G3D.2-3;B-1","T",1,1,0,3,0,"F"
0,1,1,2,"C*S*BX","mcnej002","","ramow001","64(1)/FO/G6.3-H;B-1","T",1,1,0,0,4,"F"
0,2,0,2,"CTFX","davij006","","","13/G1-","T",1,0,1,0,0,"F"
1,0,1,2,"FBST","","","","K","T",1,0,0,0,0,"F"
1,1,2,2,"FBSFBFS","","","","K","T",1,0,0,0,0,"F"
1,2,3,2,"BBCCBS","","","","K","T",1,0,0,0,0,"F"
0,0,1,2,".FBCS","","","","K","T",1,0,0,0,0,"F"
0,1,1,0,"BX","","","","43/G34","T",1,0,0,0,0,"F"
0,2,1,2,"CBTS","","","","K","T",1,0,0,0,0,"F"
1,0,0,0,".X","","","","43/G4","T",1,0,0,0,0,"F"
1,1,0,0,"X","","","","S6/G4M","T",0,1,0,0,0,"F"
1,1,0,1,"1C111>B","villj001","","","SB2","F",0,0,2,0,0,"F"
1,1,2,1,"1C111>B.BX","","villj001","","43/G4.2-3","T",1,0,0,3,0,"F"
1,2,3,1,"B*BBCB","","","villj001","W","T",0,1,0,0,3,"F"
1,2,1,1,".CB>C","davij007","","villj001","SB2","F",0,0,2,0,3,"F"
1,2,2,2,".CB>C.BFC","","davij007","villj001","K","T",1,0,0,2,3,"F"
0,0,3,2,"...CCBFBB*B","","","","W","T",0,1,0,0,0,"F"
0,0,2,0,".BBX","nimmb001","","","54(1)3/GDP/G5","T",2,0,0,0,0,"F"
0,2,2,2,"BBCCS","","","","K+WP.B-1","T",0,1,0,0,0,"F"
0,2,0,1,"*S1","rosaa003","","","PO1(13)","F",1,0,0,0,0,"F"
0,0,1,2,"CSFBX","","","","S49/G34","T",0,1,0,0,0,"T"
0,0,2,2,"BFSBX","mcnej002","","","7/L78XD","T",1,0,1,0,0,"F"
0,1,0,2,"CFC","mcnej002","","","K","T",1,0,1,0,0,"F"
0,2,2,0,"BBX","mcnej002","","","S8/G6M+.1-2","T",0,1,2,0,0,"F"
0,2,0,1,"CX","frazt001","mcnej002","","S8/L78.2-H;1XH(8246)","T",1,1,0,4,0,"F"
1,0,3,1,"BBBCX","","","","43/G4S","T",1,0,0,0,0,"F"
1,1,2,2,"BSCBX","","","","63/G6","T",1,0,0,0,0,"F"
1,2,3,2,"CFFBBBFX","","","","13/G6MS+","T",1,0,0,0,0,"F"
0,0,3,1,"BFBBX","","","","S5/G5+","T",0,1,0,0,0,"F"
0,0,0,1,"CX","alonp001","","","46(1)3/GDP/G4MD","T",2,0,0,0,0,"F"
0,2,1,2,"CFBX","","","","D7/L78XD","T",0,2,0,0,0,"F"
0,2,1,2,"BCSX","","nimmb001","","7/L78XD","T",1,0,0,2,0,"F"
1,0,1,0,"BX","","","","S9/L9LD+","T",0,1,0,0,0,"F"
1,0,0,0,"X","gricr001","","","HR/L7LD.1-H","T",0,4,4,0,0,"F"
1,0,0,0,"X","","","","5/BP5S","T",1,0,0,0,0,"F"
1,1,3,2,"CBCFFBBB","","","","W","T",0,1,0,0,0,"F"
1,1,0,0,"X","davij007","","","1/BP56S","T",1,0,1,0,0,"F"
1,2,1,1,"B11CX","davij007","","","9/L9LD","T",1,0,1,0,0,"F"
0,0,2,2,"FFBBX","","","","63/G6","T",1,0,0,0,0,"F"
0,1,1,0,"BX","","","","3/G34S","T",1,0,0,0,0,"F"
0,2,0,0,"X","","","","S9/G34+","T",0,1,0,0,0,"F"
0,2,3,2,"CBB1BS>C","confm001","","","K","T",1,0,1,0,0,"F"
1,0,3,2,"FBBBFB","","","","W","T",0,1,0,0,0,"F"
1,0,0,2,"CFFFFS","biggc002","","","K","T",1,0,1,0,0,"F"
1,1,3,1,"*B1BFBX","biggc002","","","54(1)/FO/G5.B-1","T",1,1,0,0,0,"F"
1,2,2,2,"*BBFFFFX","guerv002","","","64(1)/FO/G56S.B-1","T",1,1,0,0,0,"F"
0,0,1,1,"CBX","","","","S9/L3D","T",0,1,0,0,0,"F"
0,0,1,2,"BFSS","smitd008","","","K","T",1,0,1,0,0,"F"
0,1,1,1,"SBX","smitd008","","","S7/G6S.1-2","T",0,1,2,0,0,"F"
0,1,3,2,"BBBCSC","rosaa003","smitd008","","K","T",1,0,1,2,0,"F"
0,2,1,2,"CSFBS","rosaa003","smitd008","","K","T",1,0,1,2,0,"F"
1,0,0,0,".X","","","","63/G6","T",1,0,0,0,0,"F"
1,1,0,1,"CX","","","","S9/G34","T",0,1,0,0,0,"F"
1,1,1,2,"FC+111BS","villj001","","","K","T",1,0,1,0,0,"F"
1,2,3,2,"B11BCBF>X","villj001","","","4/P4D","T",1,0,1,0,0,"F"
0,0,0,1,"FX","","","","8/F78D","T",1,0,0,0,0,"F"
0,1,2,2,"CBFBS","","","","K","T",1,0,0,0,0,"F"
0,2,0,2,"FF*S","","","","K","T",1,0,0,0,0,"F"
1,0,0,1,"CX","","","","8/L8XD+","T",1,0,0,0,0,"F"
1,1,0,1,"CX","","","","43/G4","T",1,0,0,0,0,"F"
1,2,2,2,"CBSFBX","","","","4/P34D","T",1,0,0,0,0,"F"
0,0,3,2,"BBFSFBX","","","","7/F7D","T",1,0,0,0,0,"F"
0,1,1,2,"BFFX","","","","6/L6D","T",1,0,0,0,0,"F"
0,2,1,1,"BSX","","","","53/G56","T",1,0,0,0,0,"F"
1,0,3,1,".BBBC*B","","","","W","T",0,1,0,0,0,"F"
1,0,3,1,"BBBCB","guerv002","","","W.1-2","T",0,1,2,0,0,"F"
1,0,3,2,"FBFBBB","gricr001","guerv002","","W.2-3;1-2","T",0,1,2,3,0,"F"
1,0,3,1,".BSBBB","gurrl001","gricr001","guerv002","W.3-H;2-3;1-2","T",0,1,2,3,4,"F"
1,0,2,2,".CFBBS","villj001","gurrl001","gricr001","K","T",1,0,1,2,3,"F"
1,1,0,0,"X","villj001","gurrl001","gricr001","D7/L5D.3-H;2-H;1-H;B-3(E6/TH)","T",0,3,4,4,4,"F"
1,1,0,0,"X","","","espis001","S8/L4MD.3-H","T",0,1,0,0,4,"F"
1,1,2,0,"BBX","jansd001","","","D8/L8XD+.1-3","T",0,2,3,0,0,"F"
1,1,0,2,"FFFFS","","biggc002","jansd001","K","T",1,0,0,2,3,"F"
1,2,2,2,"BBCSX","","biggc002","jansd001","63/G6","T",1,0,0,2,3,"F"
0,0,1,2,"...CSBX","","","","9/F89D","T",1,0,0,0,0,"F"
0,1,3,2,"FBSBBX","","","","S7/L7S","T",0,1,0,0,0,"F"
0,1,1,1,"CBX","nimmb001","","","13/G34S-.1-2","T",1,0,2,0,0,"F"
0,2,1,2,"SCBX","","nimmb001","","43/G34","T",1,0,0,2,0,"F"
1,0,0,1,".FX","","","","8/F8","T",1,0,0,0,0,"F"
1,1,1,2,"CBFX","","","","9/L9","T",1,0,0,0,0,"F"
1,2,2,2,"SBBCS","","","","K","T",1,0,0,0,0,"F"
0,0,0,0,"X","","","","S9/G3+","T",0,1,0,0,0,"F"
0,0,1,2,"BFS1FX","davij006","","","S8/L8S.1-2","T",0,1,2,0,0,"F"
0,0,2,2,"BFBFFX","confm001","davij006","","S9/L89D+.2-H;1-3","T",0,1,3,4,0,"F"
0,0,0,1,".SX","frazt001","","confm001","36(1)/FO/G34.3-H;B-1","T",1,1,0,0,4,"F"
0,1,0,1,"CX","smitd008","","","4/L6MD","T",1,0,1,0,0,"F"
0,2,3,1,".BBBCX","smitd008","","","6(1)/FO/G6M.B-1","T",1,1,0,0,0,"F"
1,0,2,1,"..BFBX","","","","S9/G34+","T",0,1,0,0,0,"F"
1,0,1,2,"BCFFX","shawt001","","","8/L8D","T",1,0,1,0,0,"F"
1,1,1,2,"BFFS","shawt001","","","K","T",1,0,1,0,0,"F"
1,2,2,1,"1BFBX","shawt001","","","53/G34D","T",1,0,1,0,0,"F"
0,0,0,2,".CCFX","","","","63/G6M","T",1,0,0,0,0,"F"
0,1,2,2,".BSSBS","","","","K","T",1,0,0,0,0,"F"
0,2,3,1,"BBBCB","","","","W","T",0,1,0,0,0,"F"
0,2,3,1,"BCBBB","guill001","","","W.1-2","T",0,1,2,0,0,"F"
0,2,1,2,"CC*BS","davij006","guill001","","K","T",1,0,1,2,0,"F"
0,0,1,2,"CFBX","","","","5/P56S","T",1,0,0,0,0,"T"
0,1,3,2,"BBCCBFF*B","","","","W","T",0,1,0,0,0,"F"
0,1,3,1,"BC*BBB","harpb003","","","W.1-2","T",0,1,2,0,0,"F"
0,1,0,0,"X","bohma001","harpb003","","D9/L9LD+.2-H;1-3","T",0,2,3,4,0,"F"
0,1,1,2,"*SBFFX","","gregd001","bohma001","9/F9LS","T",1,0,0,2,3,"F"
0,2,2,2,"F*BSF*BF*S","","gregd001","bohma001","K","T",1,0,0,2,3,"F"
1,0,1,0,"BX","","","","S7/L7S","T",0,1,0,0,0,"F"
1,0,0,2,"F1F*S","biggc002","","","K","T",1,0,1,0,0,"F"
1,1,1,2,"1SC*B1FS","biggc002","","","K","T",1,0,1,0,0,"F"
1,2,2,2,"BCB1FS","biggc002","","","K","T",1,0,1,0,0,"F"
0,0,0,0,"X","","","","43/G4M","T",1,0,0,0,0,"F"
0,1,1,2,"BCSS","","","","K","T",1,0,0,0,0,"F"
0,2,1,2,"CFBS","","","","K","T",1,0,0,0,0,"F"
1,0,1,2,"FCBX","","","","7/F78D","T",1,0,0,0,0,"F"
1,1,1,0,"BX","","","","7/L78D","T",1,0,0,0,0,"F"
1,2,1,2,"CBSS","","","","K","T",1,0,0,0,0,"F"
0,0,3,2,"CCFBBB*B","","","","W","T",0,1,0,0,0,"F"
0,0,3,2,"1BF1BBSX","mccua001","","","4/P89S","T",1,0,1,0,0,"F"
0,1,1,0,"*B>C","mccua001","","","SB2","F",0,0,2,0,0,"F"
0,1,3,2,"*B>C.FB*BX","","mccua001","","13/G4MS.2-3","T",1,0,0,3,0,"F"
0,2,0,2,"*SFFS","","","mccua001","K","T",1,0,0,0,3,"F"
1,0,0,0,"X","","","","43/G34D+","T",1,0,0,0,0,"F"
1,1,0,1,"CX","","","","53/G56","T",1,0,0,0,0,"F"
1,2,3,1,"BBBCB","","","","W","T",0,1,0,0,0,"F"
1,2,1,1,"BC1>B","biggc002","","","SB2","F",0,0,2,0,0,"F"
1,2,2,2,"BC1>B.CX","","biggc002","","7/F78D","T",1,0,0,2,0,"F"
0,0,2,0,"BBX","","","","S8/G6M+","T",0,1,0,0,0,"F"
0,0,0,0,"X","gossp001","","","6/L6","T",1,0,1,0,0,"F"
0,1,2,2,"CB11*BFX","gossp001","","","8/L89D","T",1,0,1,0,0,"F"
0,2,1,2,"BSCS","gossp001","","","K","T",1,0,1,0,0,"F"
1,0,3,2,"BCFBBS","","","","K","T",1,0,0,0,0,"F"
1,1,3,2,"CFBBBB","","","","W","T",0,1,0,0,0,"F"
1,1,0,0,"X","hernt002","","","64(1)3/GDP/G6","T",2,0,0,0,0,"F"
0,0,0,2,"MFS","","","","K","T",1,0,0,0,0,"F"
0,1,3,1,"BBCBB","","","","W","T",0,1,0,0,0,"F"
0,1,1,1,"FB1X","mccua001","","","HR/F9LD.1-H","T",0,4,4,0,0,"F"
0,1,1,0,"BX","","","","S8/L8S","T",0,1,0,0,0,"F"
0,1,1,2,"SBFX","bohma001","","","S8/L78S.1-3","T",0,1,3,0,0,"F"
0,1,0,1,".CX","gregd001","","bohma001","S7/L7S.3-H;1-2","T",0,1,2,0,4,"F"
0,1,0,0,"X","gossp001","gregd001","","5/P23","T",1,0,1,2,0,"F"
0,2,3,2,"SFBB*B>X","gossp001","gregd001","","T9/L9L+.2-H;1-H","T",0,3,4,4,0,"F"
0,2,1,0,"BX","","","knapa001","13/G1","T",1,0,0,0,3,"F"
1,0,2,2,"CBBFX","","","","5/L5+","T",1,0,0,0,0,"F"
1,1,3,2,"BBFFFBS","","","","K","T",1,0,0,0,0,"F"
1,2,3,2,"CFBBBS","","","","K","T",1,0,0,0,0,"F"
0,0,3,1,"BBSB*B","","","","W","T",0,1,0,0,0,"F"
0,0,0,0,"X","quinr003","","","3/L3","T",1,0,1,0,0,"F"
0,1,0,0,"1>B","quinr003","","","SB2","F",0,0,2,0,0,"F"
0,1,1,0,"1>B.X","","quinr003","","7/F78D","T",1,0,0,2,0,"F"
0,2,1,1,"CBX","","quinr003","","S9/L9.2-H","T",0,1,0,4,0,"F"
0,2,0,0,".X","bohma001","","","S7/L7L.1-2","T",0,1,2,0,0,"F"
0,2,3,2,"BCBCFFB>S","gregd001","bohma001","","K","T",1,0,1,2,0,"F"
1,0,1,2,"CCBX","","","","9/L89+","T",1,0,0,0,0,"F"
1,1,0,1,"CX","","","","S8/L8S","T",0,1,0,0,0,"F"
1,1,0,1,"CX","biggc002","","","64(1)3/GDP/G6D","T",2,0,0,0,0,"F"
0,0,0,0,"X","","","","53/G5D","T",1,0,0,0,0,"F"
0,1,2,2,"BFCBFS","","","","K","T",1,0,0,0,0,"F"
0,2,3,2,"BBSBSB","","","","W","T",0,1,0,0,0,"F"
0,2,2,2,"CCBFFFBC","monim001","","","K","T",1,0,1,0,0,"F"
1,0,1,0,"BX","","","","S9/L4D","T",0,1,0,0,0,"F"
1,0,0,2,"SC*S","gurrl001","","","K","T",1,0,1,0,0,"F"
1,1,1,1,"FBX","gurrl001","","","S7/G56+.1-2","T",0,1,2,0,0,"F"
1,1,1,1,"F*BX","gricr001","gurrl001","","53/G56.2-3;1-2","T",1,0,2,3,0,"F"
1,2,1,2,"BFSS","","gricr001","gurrl001","K","T",1,0,0,2,3,"F"
0,0,0,0,"X","","","","9/L9D+","T",1,0,0,0,0,"T"
0,1,3,2,"CSBBFBX","","","","S8/L78S","T",0,1,0,0,0,"F"
0,1,1,2,"BCSX","judga001","","","64(1)3/GDP/G6","T",2,0,0,0,0,"F"
1,0,1,2,"CBFFS","","","","K","T",1,0,0,0,0,"F"
1,1,0,1,"CX","","","","8/F8XD","T",1,0,0,0,0,"F"
1,2,1,2,"BSFS","","","","K","T",1,0,0,0,0,"F"
0,0,2,2,"FBBSX","","","","9/F9","T",1,0,0,0,0,"F"
0,1,3,2,"BCBSBFF*B","","","","W","T",0,1,0,0,0,"F"
0,1,3,2,"CFB*BB>B","torrg001","","","W.1-2","T",0,1,2,0,0,"F"
0,1,0,0,"X","hicka001","torrg001","","S8/G4M.2-H;1-2","T",0,1,2,4,0,"F"
0,1,0,1,"FX","urshg001","hicka001","","64(1)3/GDP/G6","T",2,0,0,2,0,"F"
1,0,1,2,"..SFBS","","","","K","T",1,0,0,0,0,"F"
1,1,1,1,"BSX","","","","5/L5","T",1,0,0,0,0,"F"
1,2,2,2,"BCBFX","","","","T98/F89XD","T",0,3,0,0,0,"F"
1,2,2,2,"CBBFFS","","","guerv002","K","T",1,0,0,0,3,"F"
0,0,2,2,"BBCSX","","","","43/G34S","T",1,0,0,0,0,"F"
0,1,1,1,"CBX","","","","S9/G34+","T",0,1,0,0,0,"F"
0,1,3,2,"CB1B1BF>S","lemad001","","","K+SB2","T",1,0,2,0,0,"F"
0,2,3,0,"*BBBX","","lemad001","","E5/TH/G5.2-3;B-1","T",0,1,0,3,0,"F"
0,2,0,1,"F1X","stanm004","","lemad001","53/G56","T",1,0,1,0,3,"F"
1,0,1,2,"BCSFX","","","","S39/G34+","T",0,1,0,0,0,"F"
1,0,2,2,"BFFBC","kirka001","","","K","T",1,0,1,0,0,"F"
1,1,3,2,"BCBBSB","kirka001","","","W.1-2","T",0,1,2,0,0,"F"
1,1,3,2,"C*BSBBX","biggc002","kirka001","","S7/L56D.2-H;1-2","T",0,1,2,4,0,"F"
1,1,0,2,"CFX","bichb001","biggc002","","S8/G4M.2-H;1-2","T",0,1,2,4,0,"F"
1,1,1,2,"CBSFS","hernt002","bichb001","","K","T",1,0,1,2,0,"F"
1,2,2,2,"FBBFFX","hernt002","bichb001","","S9/G34+.2-H;1-3","T",0,1,3,4,0,"F"
1,2,2,2,".*BF1F*BX","gricr001","","hernt002","D7/G5.3-H;1-H","T",0,2,4,0,4,"F"
1,2,1,2,"B*SSFFX","","guerv002","","31/G3","T",1,0,0,2,0,"F"
0,0,2,0,".BBX","","","","8/L78D+","T",1,0,0,0,0,"F"
0,1,2,2,"BCFBX","","","","43/G4D","T",1,0,0,0,0,"F"
0,2,1,2,"BSCX","","","","63/G6S","T",1,0,0,0,0,"F"
1,0,2,1,"BBCX","","","","D7/L7LS","T",0,2,0,0,0,"F"
1,0,2,2,"BFBSF","","kirka001","","C/E2.B-1","T",0,1,0,2,0,"F"
1,0,3,2,"BBBCFB","davij007","kirka001","","W.2-3;1-2","T",0,1,2,3,0,"F"
1,0,0,2,"CCX","biggc002","davij007","kirka001","S9/L89.3-H;2-3;1-2","T",0,1,2,3,4,"F"
1,0,0,1,"CX","bichb001","biggc002","davij007","S5/G5.3-H(UR);2-3;1-2","T",0,1,2,3,5,"F"
1,0,0,1,"FX","hernt002","bichb001","biggc002","64(1)3/GDP/G6.3-H(NR);2-3","T",2,0,0,3,4,"F"
1,2,3,1,"BBSB*B","","","bichb001","W","T",0,1,0,0,3,"F"
1,2,1,0,"BX","gricr001","","bichb001","D7/L7L.3-H;1-3","T",0,2,3,0,4,"F"
1,2,2,2,".FC*B*BX","","guerv002","gricr001","63/G6","T",1,0,0,2,3,"F"
0,0,2,1,"BCBX","","","","53/G6S+","T",1,0,0,0,0,"F"
0,1,1,2,"CBFX","","","","53/G4","T",1,0,0,0,0,"F"
0,2,1,2,"BCCX","","","","43/G4D+","T",1,0,0,0,0,"F"
1,0,3,2,"CBBBFX","","","","S9/F9D+","T",0,1,0,0,0,"F"
1,0,0,2,"CCFX","kirka001","","","64(1)/FO/G6S.B-2(E4/TH)","T",1,2,0,0,0,"F"
1,1,3,2,"CBSBBX","","davij007","","43/G4D.2-3","T",1,0,0,3,0,"F"
1,2,2,2,"SSBB*S","","","davij007","K","T",1,0,0,0,3,"F"
0,0,0,1,"CX","","","","5/L5","T",1,0,0,0,0,"F"
0,1,3,2,"BCCBBFX","","","","43/G6D+","T",1,0,0,0,0,"F"
0,2,1,2,"FBSX","","","","43/G6MS","T",1,0,0,0,0,"F"
1,0,3,2,"BCBSFFFBS","","","","K","T",1,0,0,0,0,"F"
1,1,1,1,"CBX","","","","43/G4MS","T",1,0,0,0,0,"F"
1,2,3,2,"BFFFBBX","","","","HR/F89XD","T",0,4,0,0,0,"F"
1,2,3,2,"SBBCBFB","","","","W","T",0,1,0,0,0,"F"
1,2,0,2,".SSFFS","guerv002","","","K","T",1,0,1,0,0,"F"
0,0,3,0,"BBBB","","","","W","T",0,1,0,0,0,"F"
0,0,0,2,"CCX","torrg001","","","D9/L9L.1-3","T",0,2,3,0,0,"F"
0,0,3,1,"BBBCX","","hicka001","torrg001","63/G6D+.3-H","T",1,0,0,2,4,"F"
0,1,0,1,".SX","","hicka001","","8/F8XD.2-3","T",1,0,0,3,0,"F"
0,2,3,2,"CCBFFBFBFX","","","hicka001","13/G4S","T",1,0,0,0,3,"F"
1,0,0,1,"CX","","","","HR/F9LD","T",0,4,0,0,0,"F"
1,0,1,1,"SBX","","","","9/F89S","T",1,0,0,0,0,"F"
1,1,2,2,"BCFFBC","","","","K","T",1,0,0,0,0,"F"
1,2,1,2,"FFBX","","","","13/G1+","T",1,0,0,0,0,"F"
0,0,1,2,"CFBX","","","","S8/L89+","T",0,1,0,0,0,"F"
0,0,0,1,"FX","lemad001","","","9/F9LD","T",1,0,1,0,0,"F"
0,1,2,2,"BBCSFFX","lemad001","","","D7/G5+.1-3","T",0,2,3,0,0,"F"
0,1,2,2,"CBBFC","","stanm004","lemad001","K","T",1,0,0,2,3,"F"
0,2,1,1,"BCX","","stanm004","lemad001","63/G56","T",1,0,0,2,3,"F"
1,0,0,2,"....FCS","","","","K","T",1,0,0,0,0,"F"
1,1,0,2,"FFFS","","","","K","T",1,0,0,0,0,"F"
1,2,3,2,"CBSBBX","","","","3/G34+","T",1,0,0,0,0,"F"
0,0,1,1,".CBX","","","","3/G3","T",1,0,0,0,0,"F"
0,1,2,2,"BBSCX","","","","S8/G6M+","T",0,1,0,0,0,"F"
0,1,1,2,"*BCSX","urshg001","","","63/G6.1-2","T",1,0,2,0,0,"F"
0,2,0,0,">B","","urshg001","","DI.2-3","F",0,0,0,3,0,"F"
0,2,3,2,">B.BCFFBFFB","","","urshg001","W","T",0,1,0,0,3,"F"
0,2,3,1,"FBBBB","gardb001","","urshg001","W.1-2","T",0,1,2,0,3,"F"
0,2,3,2,"BBBCF>F>X","wadet002","gardb001","urshg001","D9/L3D+.3-H;2-H;1-H","T",0,2,4,4,4,"F"
0,2,2,2,".BS*BSFS","","taucm001","","K","T",1,0,0,2,0,"F"
0,0,1,1,"CBX","","","","43/G2","T",1,0,0,0,0,"T"
0,1,2,0,"BBX","","","","S7/G56+","T",0,1,0,0,0,"F"
0,1,3,1,"BBBCX","judga001","","","T9/L9L+.1-H","T",0,3,4,0,0,"F"
0,1,1,1,"BFB","","","hicka001","WP.3-H(NR)","F",0,0,0,0,4,"F"
0,1,2,1,"BFB.X","","","","6/P6D","T",1,0,0,0,0,"F"
0,2,1,2,"SBSS","","","","K","T",1,0,0,0,0,"F"
1,0,3,2,"BFBCBS","","","","K","T",1,0,0,0,0,"F"
1,1,2,2,"FBBCFX","","","","8/F89XD","T",1,0,0,0,0,"F"
1,2,1,1,"CBX","","","","43/G6MS","T",1,0,0,0,0,"F"
0,0,2,1,"BBCX","","","","S5/G56S-","T",0,1,0,0,0,"F"
0,0,3,1,"BBBCX","urshg001","","","54(1)3/GDP/G56","T",2,0,0,0,0,"F"
0,2,2,2,"LBCBC","","","","K","T",1,0,0,0,0,"F"
1,0,1,2,"SBFFFFX","","","","63/G6D+","T",1,0,0,0,0,"F"
1,1,1,2,"FBSX","","","","S9/L9D+","T",0,1,0,0,0,"F"
1,1,3,2,"F1SBBBX","gricr001","","","54(1)3/GDP/G56","T",2,0,0,0,0,"F"
0,0,0,0,"X","","","","8/F8XD+","T",1,0,0,0,0,"F"
0,1,2,1,"CBBX","","","","8/F8XD","T",1,0,0,0,0,"F"
0,2,1,0,"BX","","","","63/G6","T",1,0,0,0,0,"F"
1,0,0,2,"FFFS","","","","K","T",1,0,0,0,0,"F"
1,1,2,1,"BCBX","","","","31/G34","T",1,0,0,0,0,"F"
1,2,1,2,"CSFBX","","","","43/G4D","T",1,0,0,0,0,"F"
0,0,2,0,"BBX","","","","8/F8D","T",1,0,0,0,0,"F"
0,1,1,1,"BCX","","","","53/G56","T",1,0,0,0,0,"F"
0,2,3,2,"CBSBBX","","","","D8/L89XD+","T",0,2,0,0,0,"F"
0,2,1,0,"BX","","torrg001","","S9/L9+.2-H","T",0,1,0,4,0,"F"
0,2,2,2,"SBCBS","urshg001","","","K","T",1,0,1,0,0,"F"
1,0,1,1,"CBX","","","","HR/F78XD","T",0,4,0,0,0,"F"
1,0,2,2,"BCCFFB*S","","","","K","T",1,0,0,0,0,"F"
1,1,2,2,"CCBBS","","","","K","T",1,0,0,0,0,"F"
1,2,2,1,"BBFX","","","","9/F89","T",1,0,0,0,0,"F"
0,0,0,2,"CCS","","","","K","T",1,0,0,0,0,"F"
0,1,1,2,"CSBX","","","","S7/L78S+","T",0,1,0,0,0,"F"
0,1,1,1,"*BCH","higak001","","","HP.1-2","T",0,1,2,0,0,"F"
0,1,1,1,"BCX","lemad001","higak001","","S7/L78.2-H;1-3;B-2","T",0,2,3,4,0,"F"
0,1,3,1,".*BBFBX","","judga001","lemad001","S9/G3.3-H;2-H","T",0,1,0,4,4,"F"
0,1,3,2,"BC1B*BS>S","hicka001","","","K+SB2","T",1,0,2,0,0,"F"
0,2,3,2,"BBS*BCX","","hicka001","","S7/G6+.2-H","T",0,1,0,4,0,"F"
0,2,1,1,"SBX","torrg001","","","43/G4","T",1,0,1,0,0,"F"
1,0,1,2,"FCB*S","","","","K.BX1(23)","T",1,0,0,0,0,"F"
1,1,3,2,"BCBFBX","","","","8/F8XD","T",1,0,0,0,0,"F"
1,2,2,2,"BSFBS","","","","K","T",1,0,0,0,0,"F"
0,0,3,2,".BBCFBX","","","","8/L8XD+","T",1,0,0,0,0,"F"
0,1,1,1,"BCX","","","","53/G4D","T",1,0,0,0,0,"F"
0,2,3,2,"FBFBBS","","","","K","T",1,0,0,0,0,"F"
1,0,0,2,"CSFX","","","","S67/G56","T",0,1,0,0,0,"F"
1,0,0,1,"CX","kirka001","","","S8/L8.1-2","T",0,1,2,0,0,"F"
1,0,1,0,"BX","davij007","kirka001","","23/G2-.2-3;1-2","T",1,0,2,3,0,"F"
1,1,1,1,"CBX","","davij007","kirka001","FC/G56.3XH(52);B-1","T",1,1,0,2,0,"F"
1,2,0,2,"CSX","bichb001","davij007","","5(2)/FO/G56.B-1","T",1,1,1,0,0,"F"
0,0,3,2,"BBCFBFS","","","","K","T",1,0,0,0,0,"F"
0,1,1,2,"CCFB*S","","","","K","T",1,0,0,0,0,"F"
0,2,3,2,"FBBCBFS","","","","K","T",1,0,0,0,0,"F"
1,0,0,0,"X","","","","S9/F9S","T",0,1,0,0,0,"F"
1,0,0,2,"CFX","guerv002","","","4(1)3/GDP/G6MD","T",2,0,0,0,0,"F"
1,2,2,2,"TBCBFFFFFFC","","","","K","T",1,0,0,0,0,"F"
0,0,2,2,"BCCBC","","","","K","T",1,0,0,0,0,"F"
0,1,2,1,"BBTX","","","","53/G56","T",1,0,0,0,0,"F"
0,2,1,2,"CBFX","","","","D7/L7+","T",0,2,0,0,0,"F"
0,2,3,2,"BBSBFFB","","urshg001","","W","T",0,1,0,2,0,"F"
0,2,3,1,"BBSBX","frazc001","urshg001","","S7/L5D.2-H;1-2","T",0,1,2,4,0,"F"
0,2,1,2,"CFBFX","gardb001","frazc001","","D7/L78XD.2-H;1-H","T",0,2,4,4,0,"F"
0,2,0,0,".X","","higak001","","63/G6D","T",1,0,0,2,0,"F"
1,0,3,2,"....BFBBFX","","","","43/G34D","T",1,0,0,0,0,"F"
1,1,2,0,"BBX","","","","53/G56","T",1,0,0,0,0,"F"
1,2,3,2,"BFFBBFS","","","","K","T",1,0,0,0,0,"F"
0,0,0,1,"..SX","","","","S8/L89S","T",0,1,0,0,0,"F"
0,0,3,2,"CB*BBFB","judga001","","","W.1-2","T",0,1,2,0,0,"F"
0,0,0,1,"CX","taucm001","judga001","","8/F8D","T",1,0,1,2,0,"F"
0,1,2,2,"FFBBFFX","taucm001","judga001","","S9/L89+.2-H;1-3","T",0,1,3,4,0,"F"
0,1,0,2,"CFX","torrg001","","taucm001","S15/G4MS.3-H;1-2","T",0,1,2,0,4,"F"
0,1,2,2,".BCFBX","urshg001","torrg001","","64(1)3/GDP/G6S","T",2,0,0,2,0,"F"
1,0,2,2,".BFSFBT","","","","K","T",1,0,0,0,0,"F"
1,1,3,2,"BCBFFBS","","","","K","T",1,0,0,0,0,"F"
1,2,2,2,"BCBSX","","","","7/F78","T",1,0,0,0,0,"F"
0,0,1,1,"CBX","","","","53/G56D","T",1,0,0,0,0,"T"
0,1,1,2,"BFCS","","","","K","T",1,0,0,0,0,"F"
0,2,3,2,"BBBFSC","","","","K","T",1,0,0,0,0,"F"
1,0,3,2,"BCBBFFB","","","","W","T",0,1,0,0,0,"F"
1,0,0,2,"F1SFS","biggc002","","","K","T",1,0,1,0,0,"F"
1,1,0,2,"1FSX","biggc002","","","S8/G4M.1-2","T",0,1,2,0,0,"F"
1,1,0,2,"CSFS","hernt002","biggc002","","K","T",1,0,1,2,0,"F"
1,2,0,0,"X","hernt002","biggc002","","S8/L8S.2-H;1-3","T",0,1,3,4,0,"F"
1,2,3,2,"BC+1*BFFB+1","guerv002","","hernt002","PO3(E2/TH).3-H(NR)(UR);1-3","F",0,0,3,0,5,"F"
1,2,3,2,"BC+1*BFFB+1.X","","","guerv002","53/G56","T",1,0,0,0,3,"F"
0,0,3,1,"CBBBB","","","","W","T",0,1,0,0,0,"F"
0,0,0,0,"X","voitl001","","","7/L7D","T",1,0,1,0,0,"F"
0,1,3,2,"*BBCSBFB","voitl001","","","W.1-2","T",0,1,2,0,0,"F"
0,1,2,0,"B*BX","hicka001","voitl001","","S9/L9.2-3;1-2","T",0,1,2,3,0,"F"
0,1,0,0,"B","urshg001","hicka001","voitl001","PB.3-H(NR)(UR);2-3;1-2","F",0,0,2,3,5,"F"
0,1,1,2,"B.CS*S","","urshg001","hicka001","K","T",1,0,0,2,3,"F"
0,2,2,2,"CCFBF*BX","","urshg001","hicka001","7/F78S","T",1,0,0,2,3,"F"
1,0,3,2,"CFBBBS","","","","K","T",1,0,0,0,0,"F"
1,1,3,2,"CBBFBFX","","","","7/F7","T",1,0,0,0,0,"F"
1,2,1,1,"BCX","","","","D7/L7D","T",0,2,0,0,0,"F"
1,2,1,0,"BX","","jansd001","","43/G34","T",1,0,0,2,0,"F"
0,0,2,2,"CBSBX","","","","S8/G4M","T",0,1,0,0,0,"F"
0,0,3,2,"S1SB1FB*BX","lemad001","","","64(1)/FO/G56.B-1","T",1,1,0,0,0,"F"
0,1,1,2,"C*BSFS","judga001","","","K","T",1,0,1,0,0,"F"
0,2,0,0,"X","judga001","","","64(1)/FO/G6.B-1","T",1,1,0,0,0,"F"
1,0,3,1,"BBSB*B","","","","W","T",0,1,0,0,0,"F"
1,0,3,2,"S11F>F1*BB1B>S","bichb001","","","K+CS2(24)/DP","T",2,0,0,0,0,"F"
1,2,1,2,"FBFX","","","","E6/G6.B-1","T",0,1,0,0,0,"F"
1,2,2,2,"FBBSX","gricr001","","","D7/G5+.1-H(UR)","T",0,2,5,0,0,"F"
1,2,0,0,"X","","guerv002","","S1/G2-.2-3","T",0,1,0,3,0,"F"
1,2,2,2,"BFBSS","gurrl001","","guerv002","K","T",1,0,1,0,3,"F"
0,0,3,2,"CBBCBX","","","","9/F89S","T",1,0,0,0,0,"F"
0,1,2,1,"BBFX","","","","13/G6S","T",1,0,0,0,0,"F"
0,2,3,2,"BCBBSB","","","","W","T",0,1,0,0,0,"F"
0,2,2,2,"SS*B*BS","urshg001","","","K","T",1,0,1,0,0,"F"
1,0,1,0,"BX","","","","31/G3","T",1,0,0,0,0,"F"
1,1,0,0,"X","","","","HR/L7LD","T",0,4,0,0,0,"F"
1,1,2,2,"FFFBBX","","","","S34/G34","T",0,1,0,0,0,"F"
1,1,1,0,"B1","biggc002","","","PO1(E3).1-2","F",0,0,2,0,0,"F"
1,1,3,1,"B1.BFBB","","biggc002","","W","T",0,1,0,2,0,"F"
1,1,0,0,"X","bichb001","biggc002","","64(1)/FO/G6.2-3;B-1","T",1,1,0,3,0,"F"
1,2,1,0,"1BX","hernt002","","biggc002","S7/L7S.3-H;1-2","T",0,1,2,0,4,"F"
1,2,1,1,"BSX","gricr001","hernt002","","53/G5","T",1,0,1,2,0,"F"
0,0,3,1,"SBBBB","","","","W","T",0,1,0,0,0,"F"
0,0,2,2,"BCBCFX","frazc001","","","S9/G34.1-2","T",0,1,2,0,0,"F"
0,0,3,2,".BBCFF*BB","lemad001","frazc001","","W.2-3;1-2","T",0,1,2,3,0,"F"
0,0,1,2,"CF*BS","judga001","lemad001","frazc001","K","T",1,0,1,2,3,"F"
0,1,1,2,"CS*BFX","judga001","lemad001","frazc001","4/P34D","T",1,0,1,2,3,"F"
0,2,1,1,"BFX","judga001","lemad001","frazc001","9/F9D","T",1,0,1,2,3,"F"
1,0,1,2,".BSFFX","","","","S8/G4M+","T",0,1,0,0,0,"F"
1,0,1,2,"CF1*BC","gurrl001","","","K","T",1,0,1,0,0,"F"
1,1,2,2,"1BSB1CX","gurrl001","","","8/F8D","T",1,0,1,0,0,"F"
1,2,1,1,"BFX","gurrl001","","","S8/L8.1-2","T",0,1,2,0,0,"F"
1,2,1,1,"CBX","jansd001","gurrl001","","9/F9","T",1,0,1,2,0,"F"
0,0,0,0,".X","","","","9/F89XD+","T",1,0,0,0,0,"F"
0,1,0,1,"CX","","","","43/G4S","T",1,0,0,0,0,"F"
0,2,3,2,"BBCCBFX","","","","31/G4","T",1,0,0,0,0,"F"
1,0,1,1,"SBX","","","","S16/L1S","T",0,1,0,0,0,"F"
1,0,1,0,"BF","bichb001","","","C/E2.1-2;B-1","T",0,1,2,0,0,"F"
1,0,3,0,"BBBB","hernt002","bichb001","","W.2-3;1-2","T",0,1,2,3,0,"F"
1,0,3,2,"SBSBBX","gricr001","hernt002","bichb001","5(2)/FO/G56S.3-H;1-2;B-1","T",1,1,2,0,4,"F"
1,1,2,1,"BBCX","guerv002","gricr001","","S7/G6.2-H(UR);1-3;B-2","T",0,2,3,5,0,"F"
1,1,2,2,".SCF*B*BX","","gurrl001","guerv002","S9/L9S.3-H;2-3","T",0,1,0,3,4,"F"
1,1,3,2,"BBCCFBB","shawt001","","gurrl001","W.1-2","T",0,1,2,0,3,"F"
1,1,1,0,"BH","panij002","shawt001","gurrl001","HP.3-H;2-3;1-2","T",0,1,2,3,4,"F"
1,1,1,0,"BX","jansd001","panij002","shawt001","D9/L9D.3-H;2-H;1-3","T",0,2,3,4,4,"F"
1,1,0,1,"FX","","biggc002","jansd001","D8/F8D.3-H;2-H","T",0,2,0,4,4,"F"
1,1,2,0,"BBX","","bichb001","","8/F8D","T",1,0,0,2,0,"F"
1,2,0,0,"X","","bichb001","","9/F9","T",1,0,0,2,0,"F"
0,0,1,2,"CFBS","","","","K","T",1,0,0,0,0,"F"
0,1,1,1,"CBX","","","","9/F9LSF/FL","T",1,0,0,0,0,"F"
0,2,2,1,"BBCX","","","","23/G23","T",1,0,0,0,0,"F"
1,0,0,1,"CX","","","","53/G56+","T",1,0,0,0,0,"F"
1,1,2,0,"BBX","","","","63/G6","T",1,0,0,0,0,"F"
1,2,0,0,"X","","","","53/G6","T",1,0,0,0,0,"F"
0,0,1,1,"CBX","","","","13/G1S","T",1,0,0,0,0,"F"
0,1,1,0,"BX","","","","S8/L8","T",0,1,0,0,0,"F"
0,1,1,1,"SBX","voitl001","","","53/G5S.1-2","T",1,0,2,0,0,"F"
0,2,3,2,"SSBBBFFX","","voitl001","","9/L9","T",1,0,0,2,0,"F"
1,0,1,2,"..FFBX","","","","63/G4M","T",1,0,0,0,0,"F"
1,1,1,1,"BFX","","","","HR/L78XD","T",0,4,0,0,0,"F"
1,1,0,0,"X","","","","7/F7S","T",1,0,0,0,0,"F"
1,2,3,2,"BBCBCFFFX","","","","3/P4","T",1,0,0,0,0,"F"
0,0,1,2,".CTBC","","","","K","T",1,0,0,0,0,"F"
0,1,2,2,"CBFBFS","","","","K","T",1,0,0,0,0,"F"
0,2,0,0,"X","","","","63/G56","T",1,0,0,0,0,"F"
0,0,0,1,"CX","","","","7/F8XD","T",1,0,0,0,0,"T"
0,1,1,0,"BX","","","","63/G2-","T",1,0,0,0,0,"F"
0,2,3,2,"CBBFBFS","","","","K","T",1,0,0,0,0,"F"
1,0,3,2,"BBSBFC","","","","K","T",1,0,0,0,0,"F"
1,1,0,2,"CFFS","","","","K","T",1,0,0,0,0,"F"
1,2,0,1,"CX","","","","9/L9D+","T",1,0,0,0,0,"F"
0,0,2,2,"BBCFFX","","","","63/G6","T",1,0,0,0,0,"F"
0,1,3,2,"BFBFBX","","","","9/F9S","T",1,0,0,0,0,"F"
0,2,0,0,"X","","","","D7/L78XD+","T",0,2,0,0,0,"F"
0,2,3,2,"CF2*BBBFS","","urshg001","","K","T",1,0,0,2,0,"F"
1,0,2,1,"BCBX","","","","53/G56","T",1,0,0,0,0,"F"
1,1,1,1,"BFX","","","","HR/F78XD","T",0,4,0,0,0,"F"
1,1,1,2,"BFSS","","","","K","T",1,0,0,0,0,"F"
1,2,0,2,"CCS","","","","K","T",1,0,0,0,0,"F"
0,0,0,1,"CX","","","","8/F8","T",1,0,0,0,0,"F"
0,1,3,1,"BBBMX","","","","6/P2F/FL","T",1,0,0,0,0,"F"
0,2,0,0,"X","","","","S9/L9LS","T",0,1,0,0,0,"F"
0,2,0,0,"X","lemad001","","","54(1)/FO/G56S.B-1","T",1,1,0,0,0,"F"
1,0,2,2,"FBFFFFBX","","","","5/L5D+","T",1,0,0,0,0,"F"
1,1,1,1,"BCX","","","","43/G6M","T",1,0,0,0,0,"F"
1,2,2,2,"SBBCX","","","","D8/F89XD","T",0,2,0,0,0,"F"
1,2,1,2,"FF*BFX","","biggc002","","D7/L7L.2-H","T",0,2,0,4,0,"F"
1,2,1,2,"FBC*S","","bichb001","","K","T",1,0,0,2,0,"F"
0,0,0,0,"X","","","","6/L6D+","T",1,0,0,0,0,"F"
0,1,2,0,"BBX","","","","7/F7L","T",1,0,0,0,0,"F"
0,2,3,1,"BBCBB","","","","W","T",0,1,0,0,0,"F"
0,2,0,2,"CFFX","torrg001","","","53/G5","T",1,0,1,0,0,"F"
1,0,1,0,"BX","","","","5/L5D+","T",1,0,0,0,0,"F"
1,1,2,2,"SBBCX","","","","S8/G4M","T",0,1,0,0,0,"F"
1,1,2,0,"BBX","guerv002","","","S1/G23.1-2","T",0,1,2,0,0,"F"
1,1,1,2,"CS*BX","gurrl001","guerv002","","8/F8","T",1,0,1,2,0,"F"
1,2,1,0,"BX","gurrl001","guerv002","","9/F9D","T",1,0,1,2,0,"F"
0,0,1,2,"CBTS","","","","K","T",1,0,0,0,0,"F"
0,1,0,0,"X","","","","63/G6","T",1,0,0,0,0,"F"
0,2,3,2,"BCBFFBB","","","","W","T",0,1,0,0,0,"F"
0,2,0,1,"C1X","gardb001","","","63/G6","T",1,0,1,0,0,"F"
1,0,2,2,"BSSBFS","","","","K","T",1,0,0,0,0,"F"
1,1,2,2,"CBBFC","","","","K","T",1,0,0,0,0,"F"
1,2,0,0,"X","","","","53/G56","T",1,0,0,0,0,"F"
0,0,2,2,"TBBFX","","","","S7/L7S+","T",0,1,0,0,0,"F"
0,0,1,0,"BX","voitl001","","","S9/G4.1-2","T",0,1,2,0,0,"F"
0,0,0,2,"CCS","hicka001","voitl001","","K","T",1,0,1,2,0,"F"
0,1,0,1,"CX","hicka001","voitl001","","9/F89D.2-3","T",1,0,1,3,0,"F"
0,2,2,2,"BFFBFX","hicka001","","voitl001","43/G4","T",1,0,1,0,3,"F"
1,0,1,2,"BCSS","","","","K","T",1,0,0,0,0,"F"
1,1,2,2,"BSFBX","","","","S8/G6M","T",0,1,0,0,0,"F"
1,1,2,1,".11F1B1B>X","gricr001","","","S7/L78S.1-2","T",0,1,2,0,0,"F"
1,1,1,2,"CFBFC","guerv002","gricr001","","K","T",1,0,1,2,0,"F"
1,2,0,1,"CX","guerv002","gricr001","","D7/G5.2-H;1-H","T",0,2,4,4,0,"F"
1,2,0,0,"X","","kirka001","","S7/L7S.2-3","T",0,1,0,3,0,"F"
1,2,1,1,"BF>C","villj001","","kirka001","SB2","F",0,0,2,0,3,"F"
1,2,1,2,"BF>C.S","","villj001","kirka001","K","T",1,0,0,2,3,"F"
0,0,3,1,"BBBCX","","","","S8/L8S","T",0,1,0,0,0,"F"
0,0,2,2,"BCBFX","frazc001","","","9/F9LF/FL","T",1,0,1,0,0,"F"
0,1,2,0,".BBX","frazc001","","","9/F89D","T",1,0,1,0,0,"F"
0,2,0,1,"CX","frazc001","","","9/F9L","T",1,0,1,0,0,"F"
1,0,2,2,"...BCSFFBX","","","","8/F8XD","T",1,0,0,0,0,"F"
1,1,0,1,"FX","","","","63/G56D+","T",1,0,0,0,0,"F"
1,2,3,2,"BBSFBFB","","","","W","T",0,1,0,0,0,"F"
1,2,0,1,"C>B","hernt002","","","SB2","F",0,0,2,0,0,"F"
1,2,1,2,"C>B.SX","","hernt002","","S5/G15.2-3","T",0,1,0,3,0,"F"
1,2,0,1,"1SX","gricr001","","hernt002","8/F8D","T",1,0,1,0,3,"F"
0,0,0,0,".X","","","","8/L8D","T",1,0,0,0,0,"F"
0,1,3,2,"BSBCBFB","","","","W","T",0,1,0,0,0,"F"
0,1,3,1,"S*BB*B*B","hicka001","","","W.1-2","T",0,1,2,0,0,"F"
0,1,1,0,"BX","stanm004","hicka001","","36(1)/FO/G4+.2-3;B-1","T",1,1,0,3,0,"F"
0,2,0,1,"CX","torrg001","","hicka001","S4/G4.3-H;1-2","T",0,1,2,0,4,"F"
0,2,3,0,"BBBB","urshg001","torrg001","","W.2-3;1-2","T",0,1,2,3,0,"F"
0,2,1,2,"..C*SBX","frazc001","urshg001","torrg001","8/F78D","T",1,0,1,2,3,"F"
1,0,1,2,"..BSSX","","","","9/F9S","T",1,0,0,0,0,"F"
1,1,0,2,"SFS","","","","K","T",1,0,0,0,0,"F"
1,2,0,2,"SSS","","","","K","T",1,0,0,0,0,"F"
0,0,3,2,"BCBCFBS","","","","K","T",1,0,0,0,0,"F"
0,1,2,2,"SFFBB*S","","","","K","T",1,0,0,0,0,"F"
0,2,3,2,"BCBFBFX","","","","S5/G25-","T",0,1,0,0,0,"F"
0,2,1,2,"CFBS","voitl001","","","K","T",1,0,1,0,0,"F"
0,0,1,2,"CCFBC","","","","K","T",1,0,0,0,0,"T"
0,1,3,2,"FBCBBFX","","","","9/L9D+","T",1,0,0,0,0,"F"
0,2,1,1,"CBX","","","","4/P89S","T",1,0,0,0,0,"F"
1,0,0,1,"CX","","","","5/L56","T",1,0,0,0,0,"F"
1,1,0,2,"SCX","","","","S3/G3","T",0,1,0,0,0,"F"
1,1,1,2,"CCBX","bichb001","","","64(1)3/GDP/G6","T",2,0,0,0,0,"F"
0,0,0,0,"X","","","","43/G4S+","T",1,0,0,0,0,"F"
0,1,1,1,"BCX","","","","63/G6MD","T",1,0,0,0,0,"F"
0,2,3,2,"BBBCCFX","","","","9/F9D","T",1,0,0,0,0,"F"
1,0,3,1,"BBBCX","","","","HR/F78XD","T",0,4,0,0,0,"F"
1,0,0,1,"CX","","","","S7/G56+","T",0,1,0,0,0,"F"
1,0,3,2,"BS*BBCX","guerv002","","","9/F89","T",1,0,1,0,0,"F"
1,1,0,1,"CH","guerv002","","","HP.1-2","T",0,1,2,0,0,"F"
1,1,3,1,"CBBBB","davij007","guerv002","","W.2-3;1-2","T",0,1,2,3,0,"F"
1,1,0,0,"X","panij002","davij007","guerv002","S9/G34+.3-H;2-3;1-2","T",0,1,2,3,4,"F"
1,1,0,0,"X","jansd001","panij002","davij007","8/SF/F8D.3-H","T",1,0,1,2,4,"F"
1,2,0,1,"SX","jansd001","panij002","","S9/G4.2-H;1-2","T",0,1,2,4,0,"F"
1,2,0,2,"SSB","bichb001","jansd001","","WP.2-3;1-2","F",0,0,2,3,0,"F"
1,2,1,2,"SSB.X","","bichb001","jansd001","S8/L78.3-H;2-H","T",0,1,0,4,4,"F"
1,2,2,2,"CBBSS","hernt002","","","K","T",1,0,1,0,0,"F"
0,0,2,2,"CBFBFS","","","","K","T",1,0,0,0,0,"F"
0,1,2,2,"BBCSS","","","","K","T",1,0,0,0,0,"F"
0,2,1,2,"CBFFS","","","","K","T",1,0,0,0,0,"F"
1,0,0,1,"CX","","","","S9/G4+","T",0,1,0,0,0,"F"
1,0,2,0,"BBX","guerv002","","","S9/L9+.1-2","T",0,1,2,0,0,"F"
1,0,3,2,"BC*BFFBX","shawt001","guerv002","","S8/G4M.2-H;1-2","T",0,1,2,4,0,"F"
1,0,0,2,".CFFX","davij007","shawt001","","S67/G6.2XH(72);1-2","T",1,1,2,0,0,"F"
1,1,1,2,"BSCX","panij002","davij007","","8/L89","T",1,0,1,2,0,"F"
1,2,1,2,"FBFX","panij002","davij007","","S7/L7LS.2-H;1-2","T",0,1,2,4,0,"F"
1,2,0,2,"FFT","villj001","panij002","","K","T",1,0,1,2,0,"F"
0,0,0,2,".CSS","","","","K","T",1,0,0,0,0,"F"
0,1,0,2,"CFX","","","","63/G6D","T",1,0,0,0,0,"F"
0,2,3,1,"BBFBB","","","","W","T",0,1,0,0,0,"F"
0,2,0,1,"FX","stewd002","","","S7/G56+.1-2","T",0,1,2,0,0,"F"
0,2,0,2,"CCFX","mounr001","stewd002","","43/G34","T",1,0,1,2,0,"F"
1,0,0,2,"CSFX","","","","43/G8S","T",1,0,0,0,0,"F"
1,1,1,1,"CBX","","","","S7/G56+","T",0,1,0,0,0,"F"
1,1,1,2,"CS*BX","gricr001","","","8/F8","T",1,0,1,0,0,"F"
1,2,2,0,"BBX","gricr001","","","HR/F9D.1-H","T",0,4,4,0,0,"F"
1,2,1,1,"SBX","","","","S8/G6","T",0,1,0,0,0,"F"
1,2,2,1,"*B*BCX","davij007","","","3/G3S","T",1,0,1,0,0,"F"
0,0,1,0,"BX","","","","7/F7D","T",1,0,0,0,0,"F"
0,1,2,2,"BFCBS","","","","K","T",1,0,0,0,0,"F"
0,2,2,1,".FBBX","","","","HR/F89XD","T",0,4,0,0,0,"F"
0,2,1,1,"BFX","","","","HR/F9D","T",0,4,0,0,0,"F"
0,2,2,0,"BBX","","","","3/G3","T",1,0,0,0,0,"F"
1,0,0,2,"FSX","","","","13/G25-","T",1,0,0,0,0,"F"
1,1,3,2,"CSBBBX","","","","43/G34","T",1,0,0,0,0,"F"
1,2,0,0,"X","","","","53/G5S-","T",1,0,0,0,0,"F"
0,0,2,1,"CBBX","","","","HR/F7LD","T",0,4,0,0,0,"F"
0,0,0,0,"X","","","","3/G3+","T",1,0,0,0,0,"F"
0,1,3,2,"CBBBFFFFFFX","","","","S9/L9D+","T",0,1,0,0,0,"F"
0,1,0,0,".X","mounr001","","","46(1)/FO/G4D+.B-1","T",1,1,0,0,0,"F"
0,2,1,2,"BFFX","ruizr002","","","D7/G5.1-H;B-3","T",0,3,4,0,0,"F"
0,2,0,2,"S*SS","","","albeh001","K","T",1,0,0,0,3,"F"
1,0,2,1,"BCBX","","","","53/G5","T",1,0,0,0,0,"F"
1,1,0,0,"X","","","","9/F9L","T",1,0,0,0,0,"F"
1,2,0,2,"CFX","","","","53/G56","T",1,0,0,0,0,"F"
0,0,0,1,".SX","","","","8/L89D","T",1,0,0,0,0,"F"
0,1,0,0,"X","","","","163/G6M+","T",1,0,0,0,0,"F"
0,2,0,2,"CTX","","","","8/L8XD","T",1,0,0,0,0,"F"
1,0,1,2,"FFFFBX","","","","D9/F89XD","T",0,2,0,0,0,"F"
1,0,2,2,".BSF*BFFS","","shawt001","","K","T",1,0,0,2,0,"F"
1,1,1,2,"BSSX","","shawt001","","31/G34.2-3","T",1,0,0,3,0,"F"
1,2,0,2,"CSX","","","shawt001","63/G6D","T",1,0,0,0,3,"F"
0,0,1,1,"BCX","","","","63/G6","T",1,0,0,0,0,"F"
0,1,0,0,"X","","","","3/G3","T",1,0,0,0,0,"F"
0,2,3,2,"BBBCSB","","","","W","T",0,1,0,0,0,"F"
0,2,0,1,"SX","mounr001","","","43/G34D","T",1,0,1,0,0,"F"
1,0,3,0,"BBBB","","","","W","T",0,1,0,0,0,"F"
1,0,0,2,"SCX","villj001","","","8/F89","T",1,0,1,0,0,"F"
1,1,2,2,"BFBSFX","villj001","","","8/F89XD+","T",1,0,1,0,0,"F"
1,2,1,2,"FFBX","villj001","","","64(1)/FO/G6.B-1","T",1,1,0,0,0,"F"
0,0,2,1,".BBCX","","","","S9/L89","T",0,1,0,0,0,"F"
0,0,2,0,"BBX","albeh001","","","S8/L8.1-2","T",0,1,2,0,0,"F"
0,0,1,0,"BX","siscc001","albeh001","","63/G6.2-3;1-2","T",1,0,2,3,0,"F"
0,1,2,0,"BBX","","siscc001","albeh001","43/G34+.3-H;2-3","T",1,0,0,3,4,"F"
0,2,2,1,"BF*BX","","","siscc001","63/G56D","T",1,0,0,0,3,"F"
0,0,2,2,"FBCFBFFFFX","","","","63/G6","T",1,0,0,0,0,"T"
0,1,2,0,"BBX","","","","D7/G25+","T",0,2,0,0,0,"F"
0,1,0,1,"SX","","iglej001","","9/F9","T",1,0,0,2,0,"F"
0,2,0,1,"SX","","iglej001","","6/P34","T",1,0,0,2,0,"F"
1,0,3,2,"FBCBBT","","","","K","T",1,0,0,0,0,"F"
1,1,3,1,"BBSBB","","","","W","T",0,1,0,0,0,"F"
1,1,0,2,"C11CF1>B","villj001","","","SB2","F",0,0,2,0,0,"F"
1,1,1,2,"C11CF1>B.S","","villj001","","K","T",1,0,0,2,0,"F"
1,2,1,0,"BX","","villj001","","8/F78S","T",1,0,0,2,0,"F"
0,0,3,2,"BCBBSX","","","","63/G56+","T",1,0,0,0,0,"F"
0,1,0,1,"CX","","","","43/G4","T",1,0,0,0,0,"F"
0,2,1,2,"CBFX","","","","63/G6","T",1,0,0,0,0,"F"
1,0,2,2,"CCFBBFFFFS","","","","K","T",1,0,0,0,0,"F"
1,1,2,2,"FFBBS","","","","K","T",1,0,0,0,0,"F"
1,2,2,1,"BBCX","","","","63/G6D+","T",1,0,0,0,0,"F"
0,0,1,2,"CFBX","","","","63/G6+","T",1,0,0,0,0,"F"
0,1,1,2,"CFBX","","","","S3/G3","T",0,1,0,0,0,"F"
0,1,0,0,"X","mullc002","","","S9/F-.1-2","T",0,1,2,0,0,"F"
0,1,1,1,"BCX","haysa001","mullc002","","53/G56S.2-3;1-2","T",1,0,2,3,0,"F"
0,2,0,0,"X","","haysa001","mullc002","43/G4+","T",1,0,0,2,3,"F"
1,0,1,2,"SFFBX","","","","7/L7LD","T",1,0,0,0,0,"F"
1,1,2,1,"BCBX","","","","7/F7LD","T",1,0,0,0,0,"F"
1,2,2,2,"BCFBX","","","","4/P4","T",1,0,0,0,0,"F"
0,0,3,1,"TBBBX","","","","3/G3+","T",1,0,0,0,0,"F"
0,1,2,2,"BBFFX","","","","3/P3DF/FL","T",1,0,0,0,0,"F"
0,2,2,0,"BBX","","","","D8/F89XD","T",0,2,0,0,0,"F"
0,2,1,0,"*BX","","ruizr002","","8/L8D","T",1,0,0,2,0,"F"
1,0,2,2,"FBFBX","","","","3/G34+","T",1,0,0,0,0,"F"
1,1,0,1,"CX","","","","53/G56","T",1,0,0,0,0,"F"
1,2,2,2,"CCFBBFC","","","","K","T",1,0,0,0,0,"F"
0,0,2,2,"BCCBX","","","","43/G4","T",1,0,0,0,0,"F"
0,1,3,2,"BBCBFX","","","","53/G4M+","T",1,0,0,0,0,"F"
0,2,0,0,"X","","","","S6/G56","T",0,1,0,0,0,"F"
0,2,3,2,"BF11*B*BC>X","haysa001","","","53/G56S","T",1,0,1,0,0,"F"
1,0,2,2,"BSFBS","","","","K","T",1,0,0,0,0,"F"
1,1,0,2,"CSFFS","","","","K","T",1,0,0,0,0,"F"
1,2,1,2,"FBC*S","","","","K","T",1,0,0,0,0,"F"
0,0,3,2,"...BSFBBS","","","","K","T",1,0,0,0,0,"F"
0,1,1,2,"SFBS","","","","K","T",1,0,0,0,0,"F"
0,2,0,2,"CCT","","","","K","T",1,0,0,0,0,"F"
1,0,2,2,"SBBCS","","","","K","T",1,0,0,0,0,"F"
1,1,3,2,"BCSFFBFFBX","","","","7/L7D","T",1,0,0,0,0,"F"
1,2,1,0,"BX","","","","HR/F89XD","T",0,4,0,0,0,"F"
1,2,0,2,"FFX","","","","3/G34","T",1,0,0,0,0,"F"
0,0,2,2,"CBSBC","","","","K","T",1,0,0,0,0,"F"
0,1,0,0,"X","","","","2/BINT/BG2","T",1,0,0,0,0,"F"
0,2,1,2,"BCCX","","","","S7/L7S+","T",0,1,0,0,0,"F"
0,2,1,1,"BF1X","uriar001","","","8/F8D","T",1,0,1,0,0,"F"
1,0,1,2,".CCBH","","","","HP","T",0,1,0,0,0,"F"
1,0,0,1,"F11X","hernt002","","","E4/G4.1-2;B-1","T",0,1,2,0,0,"F"
1,0,0,0,"X","guerv002","hernt002","","HR/F9LD.2-H;1-H(UR)","T",0,4,5,4,0,"F"
1,0,2,2,"SBBSFS","","","","K","T",1,0,0,0,0,"F"
1,1,1,2,"FBFX","","","","S8/L8","T",0,1,0,0,0,"F"
1,1,2,1,".BBFX","kirka001","","","7/F78D","T",1,0,1,0,0,"F"
1,2,1,2,"CF*BS","kirka001","","","K","T",1,0,1,0,0,"F"
0,0,3,2,".CBFBBX","","","","S6/G56","T",0,1,0,0,0,"F"
0,0,0,1,"CX","haysa001","","","D9/F89XD+.1-H","T",0,2,4,0,0,"F"
0,0,3,1,"BB*BCX","","iglej001","","S9/F9LD.2-H;BX2(96)","T",1,0,0,4,0,"F"
0,1,0,2,"CSX","","","","123/G23F+/FL","T",1,0,0,0,0,"F"
0,2,2,2,".BFBCS","","","","K","T",1,0,0,0,0,"F"
1,0,2,1,".BFBX","","","","S8/G4M","T",0,1,0,0,0,"F"
1,0,0,0,"X","biggc002","","","S9/G34+.1-3","T",0,1,3,0,0,"F"
1,0,3,2,"BB1C1BFS","villj001","","biggc002","K","T",1,0,1,0,3,"F"
1,1,2,2,"S*BB>SFX","villj001","","biggc002","FC1/G1.3XH(1E2)(NR)(UR);1-2;B-1","T",0,1,2,0,5,"F"
1,1,2,2,".SS*BBN","guerv002","villj001","","SB3","F",0,0,1,3,0,"F"
1,1,2,2,".SS*BBN.FFFS","guerv002","","villj001","K","T",1,0,1,0,3,"F"
1,2,0,1,".FX","guerv002","","villj001","9/F9","T",1,0,1,0,3,"F"
0,0,2,2,"CBBFX","","","","53/G4+","T",1,0,0,0,0,"F"
0,1,1,0,"BX","","","","7/F7D","T",1,0,0,0,0,"F"
0,2,1,2,"SBFC","","","","K","T",1,0,0,0,0,"F"
0,0,0,0,"X","","","","8/F8D","T",1,0,0,0,0,"T"
0,1,0,1,"CX","","","","S9/L9+","T",0,1,0,0,0,"F"
0,1,3,2,"BFS*B*BX","stewd002","","","S9/G34+.1-2","T",0,1,2,0,0,"F"
0,1,3,2,"BFBFFBB","mounr001","stewd002","","W.2-3;1-2","T",0,1,2,3,0,"F"
0,1,1,2,"S*BFX","nuner001","mounr001","stewd002","5/P6","T",1,0,1,2,3,"F"
0,2,0,2,"FFX","nuner001","mounr001","stewd002","5(2)/FO/G5.B-1","T",1,1,1,0,3,"F"
1,0,3,2,"BCBFBB","","","","W","T",0,1,0,0,0,"F"
1,0,2,0,"BBX","biggc002","","","9/L9D+","T",1,0,1,0,0,"F"
1,1,2,2,"FBCBFC","biggc002","","","K","T",1,0,1,0,0,"F"
1,2,1,2,"BFSS","biggc002","","","K","T",1,0,1,0,0,"F"
0,0,2,2,"BFCBFS","","","","K","T",1,0,0,0,0,"F"
0,1,3,1,"BBBCX","","","","4/P4","T",1,0,0,0,0,"F"
0,2,0,1,"CX","","","","9/F9LD+","T",1,0,0,0,0,"F"
1,0,1,1,"BSX","","","","D7/L5D+","T",0,2,0,0,0,"F"
1,0,0,1,"CX","","gurrl001","","S8/L78+.2-3","T",0,1,0,3,0,"F"
1,0,1,2,"FBSS","shawt001","","gurrl001","K","T",1,0,1,0,3,"F"
1,1,0,0,"X","shawt001","","gurrl001","9/SF/L9D+.3-H","T",1,0,1,0,4,"F"
1,2,0,1,"CX","shawt001","","","64(1)/FO/G56D.B-1","T",1,1,0,0,0,"F"
0,0,3,2,"CBCBBX","","","","S8/G6M+","T",0,1,0,0,0,"F"
0,0,2,1,"*BBSX","haysa001","","","43/G4D+.1-2","T",1,0,2,0,0,"F"
0,1,1,1,"*B*SX","","haysa001","","3/G34.2-3","T",1,0,0,3,0,"F"
0,2,1,1,"CBX","","","haysa001","D8/L8XD+.3-H","T",0,2,0,0,4,"F"
0,2,2,2,"*BBCSX","","nuner001","","3/G3","T",1,0,0,2,0,"F"
1,0,0,1,"FX","","","","8/F8D","T",1,0,0,0,0,"F"
1,1,0,2,"FFS","","","","K","T",1,0,0,0,0,"F"
1,2,0,0,"X","","","","HR/F89XD","T",0,4,0,0,0,"F"
1,2,1,2,"FFBFFX","","","","S8/G6M+","T",0,1,0,0,0,"F"
1,2,3,2,"*BBSFB>X","gricr001","","","HR/F7LD.1-H","T",0,4,4,0,0,"F"
1,2,1,0,"BX","","","","8/F78D","T",1,0,0,0,0,"F"
0,0,1,1,"BSX","","","","E8/L89D.B-3","T",0,3,0,0,0,"F"
0,0,3,2,"BTBSFBX","","","albeh001","6/P5D","T",1,0,0,0,3,"F"
0,1,3,1,"BBBFB","","","albeh001","W","T",0,1,0,0,3,"F"
0,1,1,0,"*BX","valap001","","albeh001","T8/L78XD+.3-H(UR);1-H","T",0,3,4,0,5,"F"
0,1,3,2,"SBC*BFB3X","","","mullc002","7/SF/F7.3-H(UR)","T",1,0,0,0,5,"F"
0,2,3,2,"SFFBBFFFBS","","","","K","T",1,0,0,0,0,"F"
1,0,3,2,".BBSBSX","","","","8/L8D","T",1,0,0,0,0,"F"
1,1,0,2,"CCS","","","","K","T",1,0,0,0,0,"F"
1,2,3,1,"BBCBB","","","","W","T",0,1,0,0,0,"F"
1,2,3,2,"CBSBB>F>C","jansd001","","","K","T",1,0,1,0,0,"F"
0,0,0,2,".FSX","","","","S5/G5S","T",0,1,0,0,0,"F"
0,0,0,2,"CCFX","mounr001","","","S9/F9S.1-2","T",0,1,2,0,0,"F"
0,0,1,0,"BX","nuner001","mounr001","","D9/L9LD+.2-H;1-3","T",0,2,3,4,0,"F"
0,0,1,2,"SBFX","","ruizr002","nuner001","63/G6D.3-H;2-3","T",1,0,0,3,4,"F"
0,1,0,0,"X","","","ruizr002","4/L4+","T",1,0,0,0,3,"F"
0,2,2,0,"BBX","","","ruizr002","S8/L8S.3-H","T",0,1,0,0,4,"F"
0,2,1,2,"FBSN","valap001","","","CS2(16)","F",1,0,0,0,0,"F"
1,0,1,0,"BX","","","","8/L8XD+","T",1,0,0,0,0,"F"
1,1,2,2,"SCBBX","","","","53/G5","T",1,0,0,0,0,"F"
1,2,2,2,"CBFFBX","","","","53/G56","T",1,0,0,0,0,"F"
0,0,0,0,"X","","","","6/P4D","T",1,0,0,0,0,"F"
0,1,1,2,"CBFX","","","","63/G6+","T",1,0,0,0,0,"F"
0,2,3,2,"SBBBCFB","","","","W","T",0,1,0,0,0,"F"
0,2,0,1,"FX","stewd002","","","3/P3F/FL","T",1,0,1,0,0,"F"
1,0,0,0,".X","","","","S8/L89S+","T",0,1,0,0,0,"F"
1,0,1,1,"*BCX","gurrl001","","","7/F7","T",1,0,1,0,0,"F"
1,1,3,2,"CSBBB*S","gurrl001","","","K","T",1,0,1,0,0,"F"
1,2,0,2,"CFFS","gurrl001","","","K","T",1,0,1,0,0,"F"
0,0,2,1,".BBSX","","","","4/L6MD","T",1,0,0,0,0,"F"
0,1,2,2,"CSBB*S","","","","K.BX1(23)","T",1,0,0,0,0,"F"
0,2,1,1,"BFX","","","","53/G6S","T",1,0,0,0,0,"F"
1,0,2,2,"BCSBS","","","","K","T",1,0,0,0,0,"F"
1,1,3,1,"BCBBB","","","","W","T",0,1,0,0,0,"F"
1,1,0,0,"..B","biggc002","","","WP.1-2","F",0,0,2,0,0,"F"
1,1,2,2,"..B.CBCX","","biggc002","","31/G34D.2-3","T",1,0,0,3,0,"F"
1,2,2,0,"BBX","","","biggc002","9/F9D","T",1,0,0,0,3,"F"
0,0,3,2,".BBSFBB","","","","W","T",0,1,0,0,0,"F"
0,0,0,0,"X","siscc001","","","3(B)6(1)/GDP/G3S","T",2,0,0,0,0,"F"
0,2,1,0,"BX","","","","T8/L78S","T",0,3,0,0,0,"F"
0,2,2,1,"BFBX","","","mullc002","9/F89D","T",1,0,0,0,3,"F"
1,0,0,0,".X","","","","9/F9LD","T",1,0,0,0,0,"F"
1,1,1,1,"SBX","","","","D8/L89XD+","T",0,2,0,0,0,"F"
1,1,1,1,"BSX","","gurrl001","","3/G3D+.2-3","T",1,0,0,3,0,"F"
1,2,1,0,"BX","","","gurrl001","4E3/G4.3-H(NR)(UR);B-1","T",0,1,0,0,5,"F"
1,2,1,2,"BF1>F>B","villj001","","","SB2.1-3(E2/TH)","F",0,0,3,0,0,"F"
1,2,2,2,"BF1>F>B.X","","","villj001","9/F9LS","T",1,0,0,0,3,"F"
0,0,0,0,".X","","","","7/F7D","T",1,0,0,0,0,"F"
0,1,0,2,"CSS","","","","K","T",1,0,0,0,0,"F"
0,2,2,2,"SSBBFS","","","","K","T",1,0,0,0,0,"F"
1,0,2,2,".BBFCFFX","","","","63/G56D","T",1,0,0,0,0,"F"
1,1,1,1,"BCX","","","","8/F78XD+","T",1,0,0,0,0,"F"
1,2,2,0,"BBX","","","","143/G4D","T",1,0,0,0,0,"F"
