0,0,0,0,"X","","","","E6/G+.B-1","T",0,1,0,0,0,"T"
0,0,0,2,"CSX","yastm001","","","9/F","T",1,0,1,0,0,"F"
0,1,0,1,"CX","yastm001","","","S5/G.1X2(5)","T",1,1,0,0,0,"F"
0,2,2,1,"BBSX","sandp001","","","S6/G.1-2","T",0,1,2,0,0,"F"
0,2,0,1,"CX","dicka001","sandp001","","13/G-","T",1,0,1,2,0,"F"
1,0,2,1,"BBCX","","","","7/F","T",1,0,0,0,0,"F"
1,1,1,2,"CFB*S","","","","K","T",1,0,0,0,0,"F"
1,2,2,2,"FBCBX","","","","7/F/FL","T",1,0,0,0,0,"F"
0,0,2,2,"BFBSFS","","","","K","T",1,0,0,0,0,"F"
0,1,0,0,"X","","","","53/G","T",1,0,0,0,0,"F"
0,2,0,2,"SFX","","","","53/G","T",1,0,0,0,0,"F"
1,0,0,0,"H","","","","HP","T",0,1,0,0,0,"F"
1,0,1,0,"BX","turnj001","","","3(B)6(1)/GDP/G","T",2,0,0,0,0,"F"
1,2,2,1,"BBSX","","","","S9/F","T",0,1,0,0,0,"F"
1,2,1,0,"BX","herne001","","","43/G","T",1,0,1,0,0,"F"
0,0,0,1,"FX","","","","S6/BG","T",0,1,0,0,0,"F"
0,0,3,2,"CLFBB*BX","heint001","","","S9/L.1-2","T",0,1,2,0,0,"F"
0,0,0,0,"X","yastm001","heint001","","S8/L.2-3;1-2","T",0,1,2,3,0,"F"
0,0,0,1,"FX","florw001","yastm001","heint001","7/SF/F.3-H","T",1,0,1,2,4,"F"
0,1,1,2,"BFCS","florw001","yastm001","","K","T",1,0,1,2,0,"F"
0,2,1,0,"BX","florw001","yastm001","","53/G","T",1,0,1,2,0,"F"
1,0,2,2,"BCSBC","","","","K","T",1,0,0,0,0,"F"
1,1,3,2,"BBBCCS","","","","K","T",1,0,0,0,0,"F"
1,2,1,1,"BCX","","","","D8/L","T",0,2,0,0,0,"F"
1,2,1,0,"BX","","muncm001","","53/G","T",1,0,0,2,0,"F"
0,0,1,0,"BX","","","","8/F","T",1,0,0,0,0,"F"
0,1,0,2,"CFS","","","","K","T",1,0,0,0,0,"F"
0,2,1,2,"CSBX","","","","13/G","T",1,0,0,0,0,"F"
1,0,1,1,"CBX","","","","43/G","T",1,0,0,0,0,"F"
1,1,1,2,"CCBX","","","","53/G","T",1,0,0,0,0,"F"
1,2,1,1,"BFX","","","","D7/L+","T",0,2,0,0,0,"F"
1,2,1,0,"BX","","seagc001","","S7/F.2-H","T",0,1,0,4,0,"F"
1,2,2,1,"*BBCX","herne001","","","S9/L.1-3","T",0,1,3,0,0,"F"
1,2,3,2,"1*BSBBF>B","pedej001","","herne001","W.1-2","T",0,1,2,0,3,"F"
1,2,1,1,"BFX","polla001","pedej001","herne001","5(2)/FO/G.B-1","T",1,1,1,0,3,"F"
0,0,2,2,"CBFFBX","","","","S9/L+","T",0,1,0,0,0,"F"
0,0,0,0,"X","heint001","","","S9/F.1-3","T",0,1,3,0,0,"F"
0,0,1,2,"FBCC","yastm001","","heint001","K","T",1,0,1,0,3,"F"
0,1,1,2,"..BSSFX","yastm001","","heint001","14(1)/FO/G/DP.3XH(45);B-1","T",2,1,0,0,0,"F"
1,0,2,2,".CBBFFC","","","","K","T",1,0,0,0,0,"F"
1,1,1,2,"CBCFX","","","","E5/G.B-1","T",0,1,0,0,0,"F"
1,1,3,0,"111B1BBB","bettm001","","","W.1-2","T",0,1,2,0,0,"F"
1,1,0,0,"X","bellc002","bettm001","","8/L+.2-3","T",1,0,1,3,0,"F"
1,2,1,2,"1TSB1S","bellc002","","bettm001","K","T",1,0,1,0,3,"F"
0,0,2,2,".BTFBX","","","","9/F/FL","T",1,0,0,0,0,"F"
0,1,3,2,"BFBSBS","","","","K","T",1,0,0,0,0,"F"
0,2,0,2,"CCX","","","","6/P","T",1,0,0,0,0,"F"
1,0,0,2,".FCX","","","","4/P","T",1,0,0,0,0,"F"
1,1,2,1,"BSBX","","","","31/G","T",1,0,0,0,0,"F"
1,2,0,1,"FX","","","","S9/G","T",0,1,0,0,0,"F"
1,2,0,0,"X","polla001","","","64(1)/FO/G.B-1","T",1,1,0,0,0,"F"
0,0,2,2,"BFFFBS","","","","K","T",1,0,0,0,0,"F"
0,1,0,0,"...X","","","","63/G","T",1,0,0,0,0,"F"
0,2,0,0,"X","","","","9/F","T",1,0,0,0,0,"F"
1,0,0,0,"...X","","","","43/G+","T",1,0,0,0,0,"F"
1,1,2,1,"BCBX","","","","S7/L","T",0,1,0,0,0,"F"
1,1,1,0,"BX","bettm001","","","D7/L.1-3","T",0,2,3,0,0,"F"
1,1,1,0,"BX","","bellc002","bettm001","FC4/G.3-H;2-3;B-1","T",0,1,0,3,4,"F"
1,1,0,0,"X","turnj001","","bellc002","FC/G.3XH(1251);1-3;B-2","T",1,2,3,0,0,"F"
1,2,0,1,"CX","","seagc001","turnj001","S9/L.3-H;2-H;B-2","T",0,2,0,4,4,"F"
1,2,3,2,"..*BBCB*SF*B","","herne001","","W","T",0,1,0,2,0,"F"
1,2,3,2,"BCBBC>B","pedej001","herne001","","W.2-3;1-2","T",0,1,2,3,0,"F"
1,2,2,1,"BBFX","polla001","pedej001","herne001","S4/G.3-H;2-3;1-2","T",0,1,2,3,4,"F"
1,2,3,0,"BBBB","barna001","polla001","pedej001","W.3-H;2-3;1-2","T",0,1,2,3,4,"F"
1,2,1,2,".FFBS","muncm001","barna001","polla001","K","T",1,0,1,2,3,"F"
0,0,1,2,"BFFC","","","","K","T",1,0,0,0,0,"F"
0,1,1,2,"BCFC","","","","K","T",1,0,0,0,0,"F"
0,2,2,1,"SBBX","","","","8/L","T",1,0,0,0,0,"F"
1,0,1,2,".FFFBF.X","","","","1/P","T",1,0,0,0,0,"F"
1,1,2,2,"BCFBX","","","","D9/F","T",0,2,0,0,0,"F"
1,1,1,0,"BX","","turnj001","","63/G.2-3","T",1,0,0,3,0,"F"
1,2,2,2,"BBC*SX","","","turnj001","HR/F7.3-H","T",0,4,0,0,4,"F"
1,2,0,0,".X","","","","7/L+","T",1,0,0,0,0,"F"
0,0,1,2,"..CBFX","","","","S7/G","T",0,1,0,0,0,"F"
0,0,0,2,"CFFX","dicka001","","","14(1)3/GDP/G","T",2,0,0,0,0,"F"
0,2,0,0,"X","","","","53/G","T",1,0,0,0,0,"F"
0,0,3,2,"CBBBFX","","","","6/P","T",1,0,0,0,0,"T"
0,1,0,0,"X","","","","S7/L+","T",0,1,0,0,0,"F"
0,1,1,2,"FBCFS","florw001","","","K","T",1,0,1,0,0,"F"
0,2,1,2,"BSSS","florw001","","","K","T",1,0,1,0,0,"F"
1,0,0,1,"FX","","","","8/L","T",1,0,0,0,0,"F"
1,1,2,1,"BSBX","","","","HR/L89","T",0,4,0,0,0,"F"
1,1,3,1,"CBBBB","","","","W","T",0,1,0,0,0,"F"
1,1,3,1,"BBSB*B","turnj001","","","W.1-2","T",0,1,2,0,0,"F"
1,1,1,2,"CF*BX","bellc002","turnj001","","8/L","T",1,0,1,2,0,"F"
1,2,0,0,"X","bellc002","turnj001","","S6/G.2-3;1-2","T",0,1,2,3,0,"F"
1,2,2,1,"*BCBX","seagc001","bellc002","turnj001","7/F+","T",1,0,1,2,3,"F"
0,0,2,2,"FBBCFX","","","","31/G","T",1,0,0,0,0,"F"
0,1,3,2,"BBFBFX","","","","9/F","T",1,0,0,0,0,"F"
0,2,0,2,"CST","","","","K","T",1,0,0,0,0,"F"
1,0,0,1,"CX","","","","S8/L","T",0,1,0,0,0,"F"
1,0,2,2,"C1FBBX","pedej001","","","9/F","T",1,0,1,0,0,"F"
1,1,0,0,"X","pedej001","","","7/L","T",1,0,1,0,0,"F"
1,2,3,1,"C*BBBB","pedej001","","","W.1-2","T",0,1,2,0,0,"F"
1,2,0,0,"..X","muncm001","pedej001","","S7/L.2-H;1-2","T",0,1,2,4,0,"F"
1,2,0,2,"FCX","turnj001","muncm001","","9/L+","T",1,0,1,2,0,"F"
0,0,2,2,"SBCBFX","","","","HR/L9","T",0,4,0,0,0,"F"
0,0,0,1,"CX","","","","63/G","T",1,0,0,0,0,"F"
0,1,3,2,"BCCBBS","","","","K","T",1,0,0,0,0,"F"
0,2,2,1,"BCBX","","","","E5/TH/G.B-1","T",0,1,0,0,0,"F"
0,2,0,1,"FX","florw001","","","53/G+","T",1,0,1,0,0,"F"
1,0,1,2,".FFBS","","","","K","T",1,0,0,0,0,"F"
1,1,0,0,"X","","","","D8/L+","T",0,2,0,0,0,"F"
1,1,3,1,"BBFBB","","seagc001","","W","T",0,1,0,2,0,"F"
1,1,1,2,"BCTFX","taylc001","seagc001","","43/G.2-3;1-2","T",1,0,2,3,0,"F"
1,2,0,0,"X","","taylc001","seagc001","53/G","T",1,0,0,2,3,"F"
0,0,1,2,"CSBX","","","","13/G-","T",1,0,0,0,0,"F"
0,1,1,2,"CBFFS","","","","K","T",1,0,0,0,0,"F"
0,2,0,0,"X","","","","3/P","T",1,0,0,0,0,"F"
1,0,1,2,"CBSX","","","","63/G","T",1,0,0,0,0,"F"
1,1,2,2,"BCBCFX","","","","D9/L","T",0,2,0,0,0,"F"
1,1,0,0,"X","","muncm001","","D7/L+.2-H","T",0,2,0,4,0,"F"
1,1,0,0,"X","","turnj001","","43/G.2-3","T",1,0,0,3,0,"F"
1,2,0,0,"X","","","turnj001","2/P/FL","T",1,0,0,0,3,"F"
0,0,1,0,"BX","","","","S8/L","T",0,1,0,0,0,"F"
0,0,0,0,"X","crawb001","","","9/F","T",1,0,1,0,0,"F"
0,1,1,0,"BX","crawb001","","","5/P","T",1,0,1,0,0,"F"
0,2,1,2,"*BCF>S","crawb001","","","K","T",1,0,1,0,0,"F"
1,0,2,1,"FBBX","","","","S14/G","T",0,1,0,0,0,"F"
1,0,0,0,"X","seagc001","","","S5/G-.1-3(E5/TH)","T",0,1,3,0,0,"F"
1,0,0,0,".1X","taylc001","","seagc001","4/L","T",1,0,1,0,3,"F"
1,1,3,2,"*BFC*B*BX","taylc001","","seagc001","8/SF/L.3-H(UR)","T",1,0,1,0,5,"F"
1,2,0,0,"11>C","taylc001","","","CS2(24)","F",1,0,0,0,0,"F"
0,0,1,0,"BX","","","","S56/G+","T",0,1,0,0,0,"F"
0,0,0,2,"CFX","florw001","","","64(1)3/GDP/G","T",2,0,0,0,0,"F"
0,2,2,2,"BBFFC","","","","K","T",1,0,0,0,0,"F"
1,0,3,2,"CBBBFX","","","","8/L","T",1,0,0,0,0,"F"
1,1,0,2,"CFX","","","","HR/L8","T",0,4,0,0,0,"F"
1,1,1,2,"BCFFS","","","","K","T",1,0,0,0,0,"F"
1,2,0,1,"CX","","","","9/F","T",1,0,0,0,0,"F"
0,0,1,0,"BX","","","","7/F","T",1,0,0,0,0,"F"
0,1,2,2,"BCSBX","","","","7/F","T",1,0,0,0,0,"F"
0,2,0,2,"FSFFX","","","","43/G","T",1,0,0,0,0,"F"
1,0,0,0,".X","","","","S8/G","T",0,1,0,0,0,"F"
1,0,0,0,"X","herne001","","","313/G.1-3","T",1,0,3,0,0,"F"
1,1,1,1,"BCX","","","herne001","3/L+","T",1,0,0,0,3,"F"
1,2,3,0,"B*BBB","","","herne001","W","T",0,1,0,0,3,"F"
1,2,0,1,"C>B","pedej001","","herne001","SB2.3-H(E4)(NR);1-3","F",0,0,3,0,4,"F"
1,2,3,1,"C>B.BBB","","","pedej001","W","T",0,1,0,0,3,"F"
1,2,1,2,"B1FFX","smitw003","","pedej001","S7/G.3-H;1-3","T",0,1,3,0,4,"F"
1,2,2,2,"..SS*BBX","bettm001","","smitw003","3/G","T",1,0,1,0,3,"F"
0,0,3,2,".BSBSFBX","","","","8/F","T",1,0,0,0,0,"F"
0,1,1,1,"BCX","","","","53/G","T",1,0,0,0,0,"F"
0,2,3,2,"FBBCBB","","","","W","T",0,1,0,0,0,"F"
0,2,0,2,"FFX","yastm001","","","53/G","T",1,0,1,0,0,"F"
1,0,0,1,"FX","","","","E1/TH/G-.B-1","T",0,1,0,0,0,"F"
1,0,2,2,".BCFBX","riose001","","","16(1)/FO/G.B-1","T",1,1,0,0,0,"F"
1,1,1,0,"BX","bellc002","","","FC6/G-.1-2(E6);B-1","T",0,1,2,0,0,"F"
1,1,3,2,"BBBCCB","herne001","bellc002","","W.2-3;1-2","T",0,1,2,3,0,"F"
1,1,1,2,"BCSX","seagc001","herne001","bellc002","S7/L.3-H(UR);2-3;1-2","T",0,1,2,3,5,"F"
1,1,0,2,".FFS","taylc001","seagc001","herne001","K","T",1,0,1,2,3,"F"
1,2,3,0,"BBBB","taylc001","seagc001","herne001","W.3-H(UR);2-3;1-2","T",0,1,2,3,5,"F"
1,2,1,0,".BX","smitw003","taylc001","seagc001","9/F","T",1,0,1,2,3,"F"
0,0,0,1,"....CX","","","","13/G-","T",1,0,0,0,0,"F"
0,1,2,2,"BCFBS","","","","K","T",1,0,0,0,0,"F"
0,2,1,2,"CBSS","","","","K","T",1,0,0,0,0,"F"
0,0,3,1,"BBBC*B","","","","W","T",0,1,0,0,0,"T"
0,0,2,2,"C*BBFS","slata001","","","K","T",1,0,1,0,0,"F"
0,1,0,2,"C1FX","slata001","","","43/G.1-2","T",1,0,2,0,0,"F"
0,2,1,2,"BFSX","","slata001","","S8/L.2-H","T",0,1,0,4,0,"F"
0,2,0,1,"SX","ruf-d001","","","4(1)/FO/G.B-1","T",1,1,0,0,0,"F"
1,0,1,2,"CSBX","","","","63/G","T",1,0,0,0,0,"F"
1,1,2,2,"CBBFC","","","","K","T",1,0,0,0,0,"F"
1,2,1,1,"SBX","","","","S1/G-","T",0,1,0,0,0,"F"
1,2,1,0,"1BX","bellc002","","","D9/F+.1-H","T",0,2,4,0,0,"F"
1,2,0,1,"CX","","turnj001","","7/L+","T",1,0,0,2,0,"F"
0,0,1,2,"CBSX","","","","D7/G","T",0,2,0,0,0,"F"
0,0,3,2,"BSBSBS","","yastm001","","K","T",1,0,0,2,0,"F"
0,1,0,0,"X","","yastm001","","53/G","T",1,0,0,2,0,"F"
0,2,3,2,"BBBCCFF*B","","yastm001","","W","T",0,1,0,2,0,"F"
0,2,3,2,"CF*BB*B>F>B","heint001","yastm001","","W.2-3;1-2","T",0,1,2,3,0,"F"
0,2,1,0,".BB","slata001","heint001","yastm001","WP.3-H(NR);2-3;1-2","F",0,0,2,3,4,"F"
0,2,3,1,".BB.SBX","","slata001","heint001","63/G","T",1,0,0,2,3,"F"
1,0,0,2,"CCS","","","","K","T",1,0,0,0,0,"F"
1,1,2,2,"BFSBX","","","","C/E2.B-1","T",0,1,0,0,0,"F"
1,1,1,2,"CFF*B1X","pedej001","","","8/F","T",1,0,1,0,0,"F"
1,2,3,0,"BBBB","pedej001","","","W.1-2","T",0,1,2,0,0,"F"
1,2,2,1,"BBCH","barna001","pedej001","","HP.2-3;1-2","T",0,1,2,3,0,"F"
1,2,3,2,"..BCBC.B>X","muncm001","barna001","pedej001","8/F","T",1,0,1,2,3,"F"
0,0,2,2,"CSBFFBX","","","","HR/F78","T",0,4,0,0,0,"F"
0,0,3,2,"BSBBCS","","","","K","T",1,0,0,0,0,"F"
0,1,1,0,"BX","","","","63/G","T",1,0,0,0,0,"F"
0,2,1,2,"CSBC","","","","K","T",1,0,0,0,0,"F"
1,0,1,2,"BCCX","","","","7/F","T",1,0,0,0,0,"F"
1,1,2,1,"BCBX","","","","D9/F","T",0,2,0,0,0,"F"
1,1,1,0,"BX","","turnj001","","4/L/DP.2X2(46)","T",2,0,0,0,0,"F"
0,0,0,1,".FX","","","","S9/L+","T",0,1,0,0,0,"F"
0,0,0,2,"CF1S","davij008","","","K","T",1,0,1,0,0,"F"
0,1,1,0,"B1X","davij008","","","S9/L.1-2","T",0,1,2,0,0,"F"
0,1,1,2,".BCCF.X","heint001","davij008","","7/L+","T",1,0,1,2,0,"F"
0,2,3,1,"BBBCX","heint001","davij008","","D8/L+.2-H;1-H","T",0,2,4,4,0,"F"
0,2,1,1,"BFX","","solad001","","9/L","T",1,0,0,2,0,"F"
1,0,0,0,"X","","","","S8/G","T",0,1,0,0,0,"F"
1,0,3,1,"FBBBX","taylc001","","","S9/L.1X3(951)","T",1,1,0,0,0,"F"
1,1,3,2,"BBCFBX","pedej001","","","8/F/DP.1X1(83)","T",2,0,0,0,0,"F"
0,0,2,2,"FBSBX","","","","7/F","T",1,0,0,0,0,"F"
0,1,0,0,"H","","","","HP","T",0,1,0,0,0,"F"
0,1,0,2,".SSS","pench001","","","K","T",1,0,1,0,0,"F"
0,2,0,2,"CCFF1S","pench001","","","K","T",1,0,1,0,0,"F"
1,0,2,2,"CBCBX","","","","S7/L+","T",0,1,0,0,0,"F"
1,0,2,2,"..CCB*BX","barna001","","","8/F+","T",1,0,1,0,0,"F"
1,1,1,1,"BCX","barna001","","","6/L/DP.1X1(63)","T",2,0,0,0,0,"F"
0,0,1,2,".CCBS","","","","K","T",1,0,0,0,0,"F"
0,1,0,2,"CCF*S","","","","K","T",1,0,0,0,0,"F"
0,2,3,2,"BCSBFBB","","","","W","T",0,1,0,0,0,"F"
0,2,1,0,"B>C","slata001","","","CS2(26)","F",1,0,0,0,0,"F"
1,0,2,2,"CFBFBX","","","","6/P","T",1,0,0,0,0,"F"
1,1,0,2,"FFFS","","","","K","T",1,0,0,0,0,"F"
1,2,0,0,"X","","","","7/L+","T",1,0,0,0,0,"F"
0,0,0,2,".CFX","","","","63/G","T",1,0,0,0,0,"F"
0,1,0,0,"X","","","","63/G","T",1,0,0,0,0,"F"
0,2,1,2,"CBSC","","","","K","T",1,0,0,0,0,"F"
1,0,3,1,".BBBCB","","","","W","T",0,1,0,0,0,"F"
1,0,1,2,"BFS1S","taylc001","","","K","T",1,0,1,0,0,"F"
1,1,1,2,"CCBS","taylc001","","","K","T",1,0,1,0,0,"F"
1,2,1,2,".1BSCC","taylc001","","","K","T",1,0,1,0,0,"F"
0,0,2,2,"..CBBSS","","","","K","T",1,0,0,0,0,"F"
0,1,2,2,"BCSFBX","","","","S9/G+","T",0,1,0,0,0,"F"
0,1,2,2,"FB1BSS","yastm001","","","K","T",1,0,1,0,0,"F"
0,2,2,2,"B1BFFS","yastm001","","","K","T",1,0,1,0,0,"F"
1,0,2,2,"....CCBBFH","","","","HP","T",0,1,0,0,0,"F"
1,0,0,1,"CX","muncm001","","","8/L","T",1,0,1,0,0,"F"
1,1,3,1,"BBBCX","muncm001","","","36(1)/FO/G.B-1","T",1,1,0,0,0,"F"
1,2,0,0,"X","bellc002","","","E5/G.1-3;B-2","T",0,2,3,0,0,"F"
1,2,2,2,"CS.BBX","","turnj001","bellc002","S9/L+.3-H(UR);2-H(UR)","T",0,1,0,5,5,"F"
1,2,2,2,"..BBCSX","seagc001","","","S9/G-.1-3","T",0,1,3,0,0,"F"
1,2,0,0,"H","taylc001","","seagc001","HP.1-2","T",0,1,2,0,3,"F"
1,2,1,2,"CSBX","pedej001","taylc001","seagc001","43/G","T",1,0,1,2,3,"F"
0,0,2,2,".BFBFX","","","","43/G","T",1,0,0,0,0,"F"
0,1,2,0,"BBX","","","","53/G+","T",1,0,0,0,0,"F"
0,2,0,0,"X","","","","63/G","T",1,0,0,0,0,"F"
1,0,2,1,"..FBBX","","","","HR/L8","T",0,4,0,0,0,"F"
1,0,2,1,"BCBX","","","","9/L+","T",1,0,0,0,0,"F"
1,1,2,0,"BBX","","","","43/G+","T",1,0,0,0,0,"F"
1,2,0,1,"FX","","","","7/F","T",1,0,0,0,0,"F"
0,0,1,2,"BCCX","","","","9/L9LD","T",1,0,0,0,0,"T"
0,1,1,0,"BX","","","","53/G56","T",1,0,0,0,0,"F"
0,2,1,0,"BX","","","","S7/L7","T",0,1,0,0,0,"F"
0,2,0,1,"SX","ruf-d001","","","8/F89D","T",1,0,1,0,0,"F"
1,0,3,2,"BBCCFB*S","","","","K","T",1,0,0,0,0,"F"
1,1,1,0,"BX","","","","3/G3","T",1,0,0,0,0,"F"
1,2,1,1,"BCX","","","","S8/L8D","T",0,1,0,0,0,"F"
1,2,1,1,"BCX","turnj001","","","9/F9D","T",1,0,1,0,0,"F"
0,0,3,2,"BBBCSX","","","","9/L9LD","T",1,0,0,0,0,"F"
0,1,3,1,"BFBBB","","","","W","T",0,1,0,0,0,"F"
0,1,0,2,"1SC1>C","heint001","","","K+SB2","T",1,0,2,0,0,"F"
0,2,2,1,".S*BBX","","heint001","","63/G6MD","T",1,0,0,2,0,"F"
1,0,2,2,"BCCBX","","","","8/L89XD","T",1,0,0,0,0,"F"
1,1,0,0,"X","","","","8/L8XD+","T",1,0,0,0,0,"F"
1,2,0,2,"CSX","","","","S8/F78D","T",0,1,0,0,0,"F"
1,2,2,1,"B1*BFX","herne001","","","4(1)/FO/G4M.B-1","T",1,1,0,0,0,"F"
0,0,0,1,"CX","","","","S3/G34-","T",0,1,0,0,0,"F"
0,0,3,2,"B1BC1BSB","dubom001","","","W.1-2","T",0,1,2,0,0,"F"
0,0,1,2,"BFSS","yastm001","dubom001","","K","T",1,0,1,2,0,"F"
0,1,0,2,".CSX","yastm001","dubom001","","S7/L7.2-H;1-2","T",0,1,2,4,0,"F"
0,1,0,1,"CX","ruf-d001","yastm001","","9/L89D+","T",1,0,1,2,0,"F"
0,2,1,2,"FBCFFFX","ruf-d001","yastm001","","8/F89D","T",1,0,1,2,0,"F"
1,0,3,2,"CBBFBX","","","","8/F78","T",1,0,0,0,0,"F"
1,1,2,2,"CBBCX","","","","S9/G4+","T",0,1,0,0,0,"F"
1,1,3,2,"C11*B11BF1>FBS","bettm001","","","K","T",1,0,1,0,0,"F"
1,2,0,0,">B","bettm001","","","SB2","F",0,0,2,0,0,"F"
1,2,3,2,">B.BBCCB","","bettm001","","W","T",0,1,0,2,0,"F"
1,2,0,0,".X","turnj001","bettm001","","S9/G34+.2-H;1-3","T",0,1,3,4,0,"F"
1,2,1,2,"1SBF1FFX","bellc002","","turnj001","7/L78D","T",1,0,1,0,3,"F"
0,0,3,2,"CBBBFX","","","","S9/G4","T",0,1,0,0,0,"F"
0,0,0,1,"FX","heint001","","","14(1)/FO/G6MS.B-1","T",1,1,0,0,0,"F"
0,1,0,0,"1X","davij008","","","9/L9D","T",1,0,1,0,0,"F"
0,2,1,1,"BFX","davij008","","","9/F9","T",1,0,1,0,0,"F"
1,0,1,2,"FSFBX","","","","43/G34","T",1,0,0,0,0,"F"
1,1,2,2,"..BBSSS","","","","K","T",1,0,0,0,0,"F"
1,2,1,2,"CBCC","","","","K","T",1,0,0,0,0,"F"
0,0,3,1,"BFBBB","","","","W","T",0,1,0,0,0,"F"
0,0,1,1,"B1FX","yastm001","","","S7/G6.1-2","T",0,1,2,0,0,"F"
0,0,0,2,".CSC","florw001","yastm001","","K","T",1,0,1,2,0,"F"
0,1,0,2,"SFX","florw001","yastm001","","54(1)3/GDP/G56","T",2,0,0,2,0,"F"
1,0,2,0,"BBX","","","","6/P5D","T",1,0,0,0,0,"F"
1,1,3,1,"BBSBB","","","","W","T",0,1,0,0,0,"F"
1,1,0,2,"..CF1B","bettm001","","","BK.1-2","F",0,0,2,0,0,"F"
1,1,2,2,"..CF1B.*BC","","bettm001","","K","T",1,0,0,2,0,"F"
1,2,0,1,"CX","","bettm001","","63/G56","T",1,0,0,2,0,"F"
0,0,0,1,".CX","","","","S5/G5-","T",0,1,0,0,0,"F"
0,0,2,2,"L1BSBX","solad001","","","9/F9D","T",1,0,1,0,0,"F"
0,1,0,0,".X","solad001","","","S7/G56+.1-2","T",0,1,2,0,0,"F"
0,1,0,1,"..SX","sandp001","solad001","","9/F9S","T",1,0,1,2,0,"F"
0,2,2,1,"BSBX","sandp001","solad001","","S7/L7.2-H;1-2","T",0,1,2,4,0,"F"
0,2,2,0,".BBX","dubom001","sandp001","","9/L9D","T",1,0,1,2,0,"F"
1,0,0,0,"...X","","","","63/G4","T",1,0,0,0,0,"F"
1,1,3,1,"..BSBBB","","","","W","T",0,1,0,0,0,"F"
1,1,2,0,"BBX","taylc001","","","7/F7LD+","T",1,0,1,0,0,"F"
1,2,2,2,"1BF1B1SFS","taylc001","","","K","T",1,0,1,0,0,"F"
0,0,0,1,".FX","","","","7/F78XD","T",1,0,0,0,0,"F"
0,1,3,2,"BBCFBFFB","","","","W","T",0,1,0,0,0,"F"
0,1,2,2,"SSBFBX","ruf-d001","","","7/F7D","T",1,0,1,0,0,"F"
0,2,0,0,">S","ruf-d001","","","SB2","F",0,0,2,0,0,"F"
0,2,1,1,">S.*BX","","ruf-d001","","S7/L7.2-H","T",0,1,0,4,0,"F"
0,2,3,2,"BBF1BF>X","solad001","","","43/G34D","T",1,0,1,0,0,"F"
1,0,2,2,".CCFBBS","","","","K","T",1,0,0,0,0,"F"
1,1,1,1,"CBX","","","","9/L9D","T",1,0,0,0,0,"F"
1,2,0,1,"CX","","","","9/F9D","T",1,0,0,0,0,"F"
0,0,3,2,".BFFBBFFFFFB","","","","W","T",0,1,0,0,0,"F"
0,0,2,2,"CBSBFX","sandp001","","","4/L4MD","T",1,0,1,0,0,"F"
0,1,0,0,"X","sandp001","","","54(1)3/GDP/G5","T",2,0,0,0,0,"F"
1,0,0,2,".CCX","","","","31/G34-","T",1,0,0,0,0,"F"
1,1,0,1,"CX","","","","S9/G4","T",0,1,0,0,0,"F"
1,1,0,0,"X","turnj001","","","S8/G6.1-2","T",0,1,2,0,0,"F"
1,1,1,2,"FSBX","bellc002","turnj001","","41/G4S-.2-3;1-2","T",1,0,2,3,0,"F"
1,2,0,0,"H","","bellc002","turnj001","HP","T",0,1,0,2,3,"F"
1,2,2,1,"BBCX","seagc001","bellc002","turnj001","53/G56","T",1,0,1,2,3,"F"
0,0,3,2,".CFBBFBS","","","","K","T",1,0,0,0,0,"F"
0,1,0,1,"CX","","","","9/L9","T",1,0,0,0,0,"F"
0,2,0,0,"X","","","","4/L6MD","T",1,0,0,0,0,"F"
1,0,0,0,"..X","","","","D7/L8XD","T",0,2,0,0,0,"F"
1,0,3,1,"CBB*BX","","polla001","","9/F89+","T",1,0,0,2,0,"F"
1,1,1,0,"BX","","polla001","","8/L89XD","T",1,0,0,2,0,"F"
1,2,1,2,".BCCS","","polla001","","K","T",1,0,0,2,0,"F"
0,0,3,2,"CBFFFBBB","","","","W","T",0,1,0,0,0,"T"
0,0,3,1,"BBB1C1X","slata001","","","5/P5F/FL","T",1,0,1,0,0,"F"
0,1,0,2,"CFX","slata001","","","8/F8XD","T",1,0,1,0,0,"F"
0,2,0,0,"1>B","slata001","","","SB2","F",0,0,2,0,0,"F"
0,2,1,1,"1>B.FX","","slata001","","9/F9L","T",1,0,0,2,0,"F"
1,0,3,2,"CBFBBB","","","","W","T",0,1,0,0,0,"F"
1,0,0,2,"CF1FX","pedej001","","","D7/L7LD+.1-3","T",0,2,3,0,0,"F"
1,0,2,1,"FBBX","","bettm001","pedej001","5/P5","T",1,0,0,2,3,"F"
1,1,2,1,".BBSX","","bettm001","pedej001","8/F8S","T",1,0,0,2,3,"F"
1,2,0,0,".X","","bettm001","pedej001","7/F7S","T",1,0,0,2,3,"F"
0,0,2,2,"BBCSX","","","","9/L89D","T",1,0,0,0,0,"F"
0,1,3,2,"BBSBFS","","","","K","T",1,0,0,0,0,"F"
0,2,3,2,"BFBBFB","","","","W","T",0,1,0,0,0,"F"
0,2,1,2,"CFF11BX","ruf-d001","","","S7/L7S+.1-2","T",0,1,2,0,0,"F"
0,2,2,2,"SBF*BX","tromc001","ruf-d001","","4/L6M","T",1,0,1,2,0,"F"
1,0,1,2,"BCCX","","","","7/F7S","T",1,0,0,0,0,"F"
1,1,0,0,"X","","","","31/G34S","T",1,0,0,0,0,"F"
1,2,3,2,"BCSBBX","","","","6/P6MD","T",1,0,0,0,0,"F"
0,0,0,2,"CCX","","","","43/G4MD","T",1,0,0,0,0,"F"
0,1,1,1,"...CBX","","","","D7/L78XD+","T",0,2,0,0,0,"F"
0,1,2,1,"SBBX","","yastm001","","S8/L78.2-H","T",0,1,0,4,0,"F"
0,1,1,2,"BFSX","solad001","","","54(1)3/GDP/G5","T",2,0,0,0,0,"F"
1,0,2,2,"BBCFC","","","","K","T",1,0,0,0,0,"F"
1,1,0,2,"CFFX","","","","31/G3","T",1,0,0,0,0,"F"
1,2,2,2,"BCCBX","","","","HR/F78XD","T",0,4,0,0,0,"F"
1,2,2,1,"BBFX","","","","S7/L78.B-2(E7)","T",0,2,0,0,0,"F"
1,2,0,0,"X","","bellc002","","S7/L7S.2-H(UR)","T",0,1,0,5,0,"F"
1,2,2,2,"BCBFX","turnj001","","","4/P34D","T",1,0,1,0,0,"F"
0,0,3,2,"CBFBFFFFBFFS","","","","K","T",1,0,0,0,0,"F"
0,1,1,0,"BX","","","","8/F8","T",1,0,0,0,0,"F"
0,2,2,1,"CBBX","","","","43/G4MS+","T",1,0,0,0,0,"F"
1,0,2,2,"BFBFFX","","","","HR/L9D","T",0,4,0,0,0,"F"
1,0,2,2,"CBBFX","","","","S8/L8+","T",0,1,0,0,0,"F"
1,0,0,2,".1CS1S","taylc001","","","K","T",1,0,1,0,0,"F"
1,1,1,2,"1FFBX","taylc001","","","HR/F7D.1-H","T",0,4,4,0,0,"F"
1,1,2,2,"BCFFFBC","","","","K","T",1,0,0,0,0,"F"
1,2,1,0,"BX","","","","9/F89","T",1,0,0,0,0,"F"
0,0,2,2,".FFBFBS","","","","K","T",1,0,0,0,0,"F"
0,1,1,2,"FSBS","","","","K","T",1,0,0,0,0,"F"
0,2,2,2,"CFFFBBFX","","","","T7/G5","T",0,3,0,0,0,"F"
0,2,1,0,"*BX","","","slata001","43/G4D","T",1,0,0,0,3,"F"
1,0,3,2,"CBBBC*B","","","","W","T",0,1,0,0,0,"F"
1,0,0,0,"H","bellc002","","","HP.1-2","T",0,1,2,0,0,"F"
1,0,0,1,"CH","turnj001","bellc002","","HP.2-3;1-2","T",0,1,2,3,0,"F"
1,0,1,2,"..FBSX","herne001","turnj001","bellc002","8/F8","T",1,0,1,2,3,"F"
1,1,2,2,"BBCFFX","herne001","turnj001","bellc002","54(1)/FO/G25.3-H;2-3;B-1","T",1,1,0,3,4,"F"
1,2,1,2,"BCTC","taylc001","","turnj001","K","T",1,0,1,0,3,"F"
0,0,0,2,".CSS","","","","K","T",1,0,0,0,0,"F"
0,1,1,0,"BX","","","","13/G6S","T",1,0,0,0,0,"F"
0,2,0,2,"CCX","","","","HR/L78XD","T",0,4,0,0,0,"F"
0,2,0,2,"SC*S","","","","K","T",1,0,0,0,0,"F"
1,0,3,2,"BCBFBX","","","","7/L78XD","T",1,0,0,0,0,"F"
1,1,1,2,"SCBS","","","","K","T",1,0,0,0,0,"F"
1,2,3,0,"BBBB","","","","W","T",0,1,0,0,0,"F"
1,2,3,2,"B1BFBC>F>S","bettm001","","","K","T",1,0,1,0,0,"F"
0,0,2,2,"BCFBX","","","","S9/L89","T",0,1,0,0,0,"F"
0,0,0,2,".CSX","ruf-d001","","","S7/L78.1-2","T",0,1,2,0,0,"F"
0,0,0,2,".CSX","tromc001","ruf-d001","","3/L3","T",1,0,1,2,0,"F"
0,1,0,2,"...CFFS","tromc001","ruf-d001","","K","T",1,0,1,2,0,"F"
0,2,2,2,"CF*B.B*S","tromc001","ruf-d001","","K","T",1,0,1,2,0,"F"
1,0,3,2,"...BBCBFB","","","","W","T",0,1,0,0,0,"F"
1,0,0,1,"FB","turnj001","","","WP.1-2","F",0,0,2,0,0,"F"
1,0,3,1,"FB.B*BX","","turnj001","","9/F89","T",1,0,0,2,0,"F"
1,1,3,2,"BBSFBX","","turnj001","","7/F7LS","T",1,0,0,2,0,"F"
1,2,0,0,"X","","turnj001","","53/G5","T",1,0,0,2,0,"F"
0,0,2,1,".BCBX","","","","63/G6","T",1,0,0,0,0,"F"
0,1,3,2,"SCBBBFFFX","","","","63/G6","T",1,0,0,0,0,"F"
0,2,1,1,"CBX","","","","D7/L8D+","T",0,2,0,0,0,"F"
0,2,0,1,"CX","","florw001","","7/F7D","T",1,0,0,2,0,"F"
1,0,0,0,".X","","","","HR/F9LD","T",0,4,0,0,0,"F"
1,0,1,0,"BX","","","","S7/L7","T",0,1,0,0,0,"F"
1,0,1,2,".CF*BS","smitw003","","","K","T",1,0,1,0,0,"F"
1,1,0,2,"CFX","smitw003","","","7/L7D","T",1,0,1,0,0,"F"
1,2,1,1,"SBX","smitw003","","","7/L7LD","T",1,0,1,0,0,"F"
0,0,1,2,"..CFBS","","","","K","T",1,0,0,0,0,"F"
0,1,2,2,"SBFBFFC","","","","K","T",1,0,0,0,0,"F"
0,2,0,0,"X","","","","43/G34","T",1,0,0,0,0,"F"
0,0,2,1,"FBBX","","","","8/L8D+","T",1,0,0,0,0,"T"
0,1,1,2,"CBCX","","","","S7/L78D+","T",0,1,0,0,0,"F"
0,1,1,2,"C*BF*S","solad001","","","K","T",1,0,1,0,0,"F"
0,2,0,0,"1X","solad001","","","S8/G4M.1-2","T",0,1,2,0,0,"F"
0,2,3,1,"BBBCB","longe001","solad001","","W.2-3;1-2","T",0,1,2,3,0,"F"
0,2,1,2,"*BCFX","florw001","longe001","solad001","4/P89S","T",1,0,1,2,3,"F"
1,0,1,1,"CBX","","","","9/F9LD","T",1,0,0,0,0,"F"
1,1,0,2,"CF*S","","","","K","T",1,0,0,0,0,"F"
1,2,3,1,"BCBBX","","","","8/F8D","T",1,0,0,0,0,"F"
0,0,0,0,"X","","","","8/L8XD","T",1,0,0,0,0,"F"
0,1,1,2,"CBS*S","","","","K","T",1,0,0,0,0,"F"
0,2,1,2,"CBFFX","","","","63/G6S","T",1,0,0,0,0,"F"
1,0,2,1,"BCBX","","","","63/G6","T",1,0,0,0,0,"F"
1,1,3,2,"BCCBBX","","","","8/F8D","T",1,0,0,0,0,"F"
1,2,2,1,"CBBX","","","","9/F9","T",1,0,0,0,0,"F"
0,0,2,2,"CCBFBFX","","","","HR/F8XD","T",0,4,0,0,0,"F"
0,0,0,1,"CX","","","","63/G6D","T",1,0,0,0,0,"F"
0,1,2,2,"BCFFBFX","","","","HR/F9D","T",0,4,0,0,0,"F"
0,1,0,2,"CFC","","","","K","T",1,0,0,0,0,"F"
0,2,1,2,"CFBS","","","","K","T",1,0,0,0,0,"F"
1,0,3,2,"CSBBBFFB","","","","W","T",0,1,0,0,0,"F"
1,0,0,2,"CCT","taylc001","","","K","T",1,0,1,0,0,"F"
1,1,2,2,"BFFFFBS","taylc001","","","K","T",1,0,1,0,0,"F"
1,2,1,0,"BX","taylc001","","","8/F8D+","T",1,0,1,0,0,"F"
0,0,0,2,"SCS","","","","K","T",1,0,0,0,0,"F"
0,1,2,2,"CBBFX","","","","63/G56S","T",1,0,0,0,0,"F"
0,2,3,2,"SBBSBS","","","","K","T",1,0,0,0,0,"F"
1,0,0,1,"CX","","","","9/F9S","T",1,0,0,0,0,"F"
1,1,3,2,"BBTBFX","","","","8/L8XD","T",1,0,0,0,0,"F"
1,2,0,0,"X","","","","63/G56D","T",1,0,0,0,0,"F"
0,0,2,2,"CBFFBFX","","","","6/L6D","T",1,0,0,0,0,"F"
0,1,0,0,"X","","","","HR/F8XD","T",0,4,0,0,0,"F"
0,1,1,1,"CBX","","","","D7/G5+","T",0,2,0,0,0,"F"
0,1,2,2,"FCBBX","","solad001","","D8/L89XD.2-H","T",0,2,0,4,0,"F"
0,1,1,2,"..BCFF.X","","yastm001","","63/G56S","T",1,0,0,2,0,"F"
0,2,1,0,"BX","","yastm001","","63/G6+","T",1,0,0,2,0,"F"
1,0,2,2,"CCBBX","","","","7/F7LS","T",1,0,0,0,0,"F"
1,1,3,2,"CBBCBX","","","","9/F9","T",1,0,0,0,0,"F"
1,2,0,0,"X","","","","3/G34","T",1,0,0,0,0,"F"
0,0,0,1,"TX","","","","S9/L9D","T",0,1,0,0,0,"F"
0,0,3,2,"BFBC1BB","pench001","","","W.1-2","T",0,1,2,0,0,"F"
0,0,0,1,".CX","ruf-d001","pench001","","63/G6.2-3;1-2","T",1,0,2,3,0,"F"
0,1,0,1,"FX","","ruf-d001","pench001","9/SF/F9LD.3-H","T",1,0,0,2,4,"F"
0,2,0,2,"CFC","","ruf-d001","","K","T",1,0,0,2,0,"F"
1,0,2,1,"BFBX","","","","T8/F7D+","T",0,3,0,0,0,"F"
1,0,2,0,"*BBX","","","herne001","63/G56D.3-H","T",1,0,0,0,4,"F"
1,1,3,1,"SBBBB","","","","W","T",0,1,0,0,0,"F"
1,1,3,2,"B*BCBFX","pedej001","","","5/P25","T",1,0,1,0,0,"F"
1,2,3,2,"..*BBSF*B>F>B","pedej001","","","W.1-2","T",0,1,2,0,0,"F"
1,2,1,0,"BX","bellc002","pedej001","","HR/F7D.2-H;1-H","T",0,4,4,4,0,"F"
1,2,0,0,"..X","","","","2/P2F/FL","T",1,0,0,0,0,"F"
0,0,2,2,".CSBBFS","","","","K","T",1,0,0,0,0,"F"
0,1,2,2,"CBFBX","","","","63/G6","T",1,0,0,0,0,"F"
0,2,0,1,"CX","","","","S9/L9LS","T",0,1,0,0,0,"F"
0,2,1,2,"*BF1F1X","longe001","","","8/F8D","T",1,0,1,0,0,"F"
1,0,0,0,".X","","","","7/F78D","T",1,0,0,0,0,"F"
1,1,1,1,"CBX","","","","53/G56","T",1,0,0,0,0,"F"
1,2,2,2,"CFBFBS","","","","K","T",1,0,0,0,0,"F"
0,0,2,2,"..BBCSFS","","","","K","T",1,0,0,0,0,"F"
0,1,1,2,"CBCS","","","","K","T",1,0,0,0,0,"F"
0,2,0,0,"X","","","","43/G4MD","T",1,0,0,0,0,"F"
1,0,2,2,"....BCBCX","","","","13/G6S","T",1,0,0,0,0,"F"
1,1,0,1,"SX","","","","5/P5F/FL","T",1,0,0,0,0,"F"
1,2,1,1,"BCX","","","","8/L89XD","T",1,0,0,0,0,"F"
0,0,2,2,"..BFBFC","","","","K","T",1,0,0,0,0,"F"
0,1,1,2,"CBFFFS","","","","K","T",1,0,0,0,0,"F"
0,2,1,0,"BX","","","","S7/G6M","T",0,1,0,0,0,"F"
0,2,0,2,"CCX","solad001","","","3/G3S","T",1,0,1,0,0,"F"
1,0,1,0,"..BX","","","","8/F78XD","T",1,0,0,0,0,"F"
1,1,3,2,"CSBBBB","","","","W","T",0,1,0,0,0,"F"
1,1,1,2,"*BCFFFX","turnj001","","","5/P6","T",1,0,1,0,0,"F"
1,2,0,1,"CX","turnj001","","","7/F78XD","T",1,0,1,0,0,"F"
0,0,3,0,"BBBB","","","","W","T",0,1,0,0,0,"T"
0,0,0,1,"CX","yastm001","","","8/F8XD","T",1,0,1,0,0,"F"
0,1,0,1,"C1X","yastm001","","","5/P5D","T",1,0,1,0,0,"F"
0,2,0,0,"1X","yastm001","","","7/F7S","T",1,0,1,0,0,"F"
1,0,1,2,"FCBS","","","","K","T",1,0,0,0,0,"F"
1,1,1,2,"FSBX","","","","5/P1S","T",1,0,0,0,0,"F"
1,2,0,2,"FSS","","","","K","T",1,0,0,0,0,"F"
0,0,0,0,"X","","","","13/G1-","T",1,0,0,0,0,"F"
0,1,0,1,"CX","","","","43/G4","T",1,0,0,0,0,"F"
0,2,1,2,"BFCFC","","","","K","T",1,0,0,0,0,"F"
1,0,0,1,"FX","","","","2/P2F/FL","T",1,0,0,0,0,"F"
1,1,2,2,"BBCCFFC","","","","K","T",1,0,0,0,0,"F"
1,2,0,2,"CSX","","","","S9/G34+","T",0,1,0,0,0,"F"
1,2,0,0,"1F","polla001","","","BK.1-2","F",0,0,2,0,0,"F"
1,2,1,2,"1F.FBX","","polla001","","3/G3","T",1,0,0,2,0,"F"
0,0,3,2,"CSBBBF*B","","","","W","T",0,1,0,0,0,"F"
0,0,3,0,"B*BB>C","slata001","","","SB2","F",0,0,2,0,0,"F"
0,0,3,2,"B*BB>C.SS","","slata001","","K","T",1,0,0,2,0,"F"
0,1,1,0,"BX","","slata001","","6/P6MD","T",1,0,0,2,0,"F"
0,2,2,2,"*SBFFBX","","slata001","","5/P56S","T",1,0,0,2,0,"F"
1,0,3,2,"SFBBBX","","","","8/L8XD","T",1,0,0,0,0,"F"
1,1,2,2,"BFFFBS","","","","K","T",1,0,0,0,0,"F"
1,2,2,2,"SBBFFX","","","","9/F89XD+","T",1,0,0,0,0,"F"
0,0,2,2,"TBSBS","","","","K","T",1,0,0,0,0,"F"
0,1,0,0,"X","","","","7/L7D","T",1,0,0,0,0,"F"
0,2,1,1,"BSX","","","","8/F8","T",1,0,0,0,0,"F"
1,0,2,1,"FBBX","","","","63/G6S","T",1,0,0,0,0,"F"
1,1,0,0,"X","","","","3/G3S-","T",1,0,0,0,0,"F"
1,2,3,2,"CBFBFBFS","","","","K","T",1,0,0,0,0,"F"
0,0,3,2,"BBSSBB","","","","W","T",0,1,0,0,0,"F"
0,0,2,1,"SBBX","sandp001","","","7/F78D","T",1,0,1,0,0,"F"
0,1,0,1,"TH","sandp001","","","HP.1-2","T",0,1,2,0,0,"F"
0,1,1,2,"C*BFB","slata001","sandp001","","WP.2-3;1-2","F",0,0,2,3,0,"F"
0,1,2,2,"C*BFB.S","","slata001","sandp001","K","T",1,0,0,2,3,"F"
0,2,2,2,"SB*SBX","","slata001","sandp001","S8/L8D+.3-H;2-H;B-2","T",0,2,0,4,4,"F"
0,2,1,2,"BCCS","","yastm001","","K","T",1,0,0,2,0,"F"
1,0,0,2,"FCX","","","","S9/L9D+","T",0,1,0,0,0,"F"
1,0,1,2,"SBFS","muncm001","","","K","T",1,0,1,0,0,"F"
1,1,0,0,"X","muncm001","","","36(1)1/GDP/G3+","T",2,0,0,0,0,"F"
0,0,3,0,"BBBB","","","","W","T",0,1,0,0,0,"F"
0,0,2,2,"BCSBX","solad001","","","6/P56D","T",1,0,1,0,0,"F"
0,1,2,2,"SBBFS","solad001","","","K","T",1,0,1,0,0,"F"
0,2,3,2,"..SB*BSB>C","solad001","","","K","T",1,0,1,0,0,"F"
1,0,0,0,"X","","","","6/P78S","T",1,0,0,0,0,"F"
1,1,1,2,"CBFX","","","","8/L8XD","T",1,0,0,0,0,"F"
1,2,1,0,"BX","","","","6/P8S","T",1,0,0,0,0,"F"
0,0,1,2,"FBFS","","","","K","T",1,0,0,0,0,"F"
0,1,3,2,"BBCFBS","","","","K","T",1,0,0,0,0,"F"
0,2,0,0,"..X","","","","3/P3F/FL","T",1,0,0,0,0,"F"
1,0,2,0,"BBX","","","","9/L9D","T",1,0,0,0,0,"F"
1,1,1,2,"CBCX","","","","S8/L8","T",0,1,0,0,0,"F"
1,1,0,2,"..CCX","bellc002","","","S8/L8+.1-2","T",0,1,2,0,0,"F"
1,1,1,2,"BCFC","turnj001","bellc002","","K","T",1,0,1,2,0,"F"
1,2,3,2,"BBBCC>X","turnj001","bellc002","","HR/L78XD.2-H;1-H","T",0,4,4,4,0,"F"
1,2,2,2,"...CFBFBS","","","","K","T",1,0,0,0,0,"F"
0,0,1,0,"...BX","","","","63/G6M","T",1,0,0,0,0,"F"
0,1,0,2,".CFS","","","","K","T",1,0,0,0,0,"F"
0,2,0,0,"..X","","","","S5/G25-","T",0,1,0,0,0,"F"
0,2,0,1,"FX","solad001","","","43/G34D+","T",1,0,1,0,0,"F"
1,0,3,1,"...FBBBB","","","","W","T",0,1,0,0,0,"F"
1,0,1,0,"BX","smitw003","","","D7/L7LD+.1-3","T",0,2,3,0,0,"F"
1,0,0,1,".SX","","herne001","smitw003","9/F89S","T",1,0,0,2,3,"F"
1,1,0,0,"..X","","herne001","smitw003","HR/L78XD.3-H;2-H","T",0,4,0,4,4,"F"
1,1,0,2,"CSFX","","","","6/L78S+","T",1,0,0,0,0,"F"
1,2,0,1,"FX","","","","63/G6M","T",1,0,0,0,0,"F"
0,0,1,2,".CBFX","","","","9/F9S","T",1,0,0,0,0,"F"
0,1,2,2,"BBFFT","","","","K","T",1,0,0,0,0,"F"
0,2,0,2,"FSX","","","","9/F9LD","T",1,0,0,0,0,"F"
0,0,1,0,"BX","","","","7/F7D","T",1,0,0,0,0,"T"
0,1,1,1,"CBX","","","","7/L7D","T",1,0,0,0,0,"F"
0,2,2,2,"CCBBS","","","","K","T",1,0,0,0,0,"F"
1,0,3,1,"BBFBB","","","","W","T",0,1,0,0,0,"F"
1,0,1,2,"CBFX","pedej001","","","S7/G56+.1-2","T",0,1,2,0,0,"F"
1,0,1,2,"CSBX","bettm001","pedej001","","S39/G34+.2-H;1-2","T",0,1,2,4,0,"F"
1,0,1,2,"FCF*BX","bellc002","bettm001","","8/L8XD+.2-3","T",1,0,1,3,0,"F"
1,1,1,0,"1B1X","bellc002","","bettm001","FC/G34.3XH(3253);1-3;B-2","T",1,2,3,0,0,"F"
1,2,3,2,"BBBCCX","","muncm001","bellc002","43/G6M","T",1,0,0,2,3,"F"
0,0,1,0,"BX","","","","S8/G6M+","T",0,1,0,0,0,"F"
0,0,0,2,"*S1CX","phamt001","","","4(1)3/GDP/G4M","T",2,0,0,0,0,"F"
0,2,2,1,"CBBX","","","","63/G6D","T",1,0,0,0,0,"F"
1,0,2,1,".BBCX","","","","43/G34-","T",1,0,0,0,0,"F"
1,1,2,2,"CFBFBC","","","","K","T",1,0,0,0,0,"F"
1,2,0,0,"X","","","","6/L6D+","T",1,0,0,0,0,"F"
0,0,0,2,"CSX","","","","S8/L8","T",0,1,0,0,0,"F"
0,0,0,0,"X","cronj001","","","23/SH/BG2.1-2","T",1,0,2,0,0,"F"
0,1,0,0,"X","","cronj001","","3/G34.2-3","T",1,0,0,3,0,"F"
0,2,3,2,"FFBFB*BS","","","cronj001","K","T",1,0,0,0,3,"F"
1,0,1,1,"BCX","","","","7/F7D","T",1,0,0,0,0,"F"
1,1,2,2,"BBCCC","","","","K","T",1,0,0,0,0,"F"
1,2,2,2,"CBCBX","","","","9/L89D","T",1,0,0,0,0,"F"
0,0,2,2,"CCBBX","","","","7/F7D+","T",1,0,0,0,0,"F"
0,1,0,0,"X","","","","D9/F9L","T",0,2,0,0,0,"F"
0,1,3,0,"BBBX","","machm001","","43/G4.2-3","T",1,0,0,3,0,"F"
0,2,2,1,"FBBX","","","machm001","7/F7LF/FL","T",1,0,0,0,3,"F"
1,0,2,0,".BBX","","","","S8/L8","T",0,1,0,0,0,"F"
1,0,0,2,"CFFX","turnj001","","","S3/G34.1-2","T",0,1,2,0,0,"F"
1,0,2,2,"BS*BFH","muncm001","turnj001","","HP.2-3;1-2","T",0,1,2,3,0,"F"
1,0,0,2,"CFS","taylc001","muncm001","turnj001","K","T",1,0,1,2,3,"F"
1,1,1,2,"SFBX","taylc001","muncm001","turnj001","3/L3/DP.1X1(3)","T",2,0,0,2,3,"F"
0,0,2,1,"CBBX","","","","7/L7L","T",1,0,0,0,0,"F"
0,1,1,1,"BFX","","","","3/L3D","T",1,0,0,0,0,"F"
0,2,1,1,"BCX","","","","HR/F8XD","T",0,4,0,0,0,"F"
0,2,1,2,"FFBFFFX","","","","53/G4M","T",1,0,0,0,0,"F"
1,0,3,2,"CBFBBFFX","","","","8/F8XD","T",1,0,0,0,0,"F"
1,1,0,1,"CX","","","","8/F78","T",1,0,0,0,0,"F"
1,2,0,1,"CX","","","","3/P3F/FL","T",1,0,0,0,0,"F"
0,0,0,0,"X","","","","8/F8XD+","T",1,0,0,0,0,"F"
0,1,3,1,"BBBCB","","","","W","T",0,1,0,0,0,"F"
0,1,1,1,".CBX","grist001","","","3/P2F/FL","T",1,0,1,0,0,"F"
0,2,3,1,"BBBC1B","grist001","","","W.1-2","T",0,1,2,0,0,"F"
0,2,0,2,".CSFFX","phamt001","grist001","","S7/L7D.2-H;1-2","T",0,1,2,4,0,"F"
0,2,1,0,"BX","hosme001","phamt001","","8/F8","T",1,0,1,2,0,"F"
1,0,3,2,"CBBBFFC","","","","K","T",1,0,0,0,0,"F"
1,1,1,2,"CBFC","","","","K","T",1,0,0,0,0,"F"
1,2,3,2,"BCSBBX","","","","8/F78","T",1,0,0,0,0,"F"
0,0,0,2,".FCX","","","","43/G4","T",1,0,0,0,0,"F"
0,1,2,2,"BFBFX","","","","3/P3D","T",1,0,0,0,0,"F"
0,2,3,1,"FBBBB","","","","W","T",0,1,0,0,0,"F"
0,2,0,0,"..>B","profj001","","","CS2(24)","F",1,0,0,0,0,"F"
1,0,3,2,".BSBBF*B","","","","W","T",0,1,0,0,0,"F"
1,0,2,1,"BF1B>X","taylc001","","","53/G34.1-2","T",1,0,2,0,0,"F"
1,1,1,2,".FBFS","","taylc001","","K","T",1,0,0,2,0,"F"
1,2,2,2,"BBSC+2","","taylc001","","PO2(E2/TH).2-3","F",0,0,0,3,0,"F"
1,2,3,2,"BBSC+2.BB","","","taylc001","W","T",0,1,0,0,3,"F"
1,2,1,2,".CBF>FX","smitw003","","taylc001","6(1)/FO/G4M.B-1","T",1,1,0,0,3,"F"
0,0,2,2,"CBBFX","","","","S5/G5","T",0,1,0,0,0,"F"
0,0,3,2,"1BFSB1B>B","tatif002","","","W.1-2","T",0,1,2,0,0,"F"
0,0,0,2,".FFX","grist001","tatif002","","64(1)3/GDP/G6+.2-3","T",2,0,0,3,0,"F"
0,2,0,2,"CFS","","","tatif002","K","T",1,0,0,0,3,"F"
1,0,0,2,".FFX","","","","5/P5DF/FL","T",1,0,0,0,0,"F"
1,1,0,2,"SSX","","","","9/F9D","T",1,0,0,0,0,"F"
1,2,2,1,"BBCX","","","","8/F8XD+","T",1,0,0,0,0,"F"
0,0,2,2,".BCFBS","","","","K","T",1,0,0,0,0,"F"
0,1,2,0,"BBX","","","","43/G4M","T",1,0,0,0,0,"F"
0,2,0,1,"SX","","","","3/G3","T",1,0,0,0,0,"F"
1,0,3,2,".BBBCFX","","","","7/F7LD","T",1,0,0,0,0,"F"
1,1,1,0,"BX","","","","43/G4","T",1,0,0,0,0,"F"
1,2,2,1,".BBFX","","","","3/P3F/FL","T",1,0,0,0,0,"F"
0,0,1,2,"CSBS","","","","K","T",1,0,0,0,0,"T"
0,1,3,2,"BCBBFB","","","","W","T",0,1,0,0,0,"F"
0,1,2,2,"BS1BF1X","grist001","","","4(1)3/GDP/G4","T",2,0,0,0,0,"F"
1,0,0,1,"CX","","","","3/G3","T",1,0,0,0,0,"F"
1,1,3,2,"CBBBCFX","","","","S5/G5","T",0,1,0,0,0,"F"
1,1,0,1,"1FX","bettm001","","","36(1)3/GDP/G34S","T",2,0,0,0,0,"F"
0,0,0,1,"CX","","","","7/F78XD+","T",1,0,0,0,0,"F"
0,1,2,2,"CCBBC","","","","K","T",1,0,0,0,0,"F"
0,2,0,0,"X","","","","9/F9D","T",1,0,0,0,0,"F"
1,0,1,1,"CBX","","","","D7/F7D","T",0,2,0,0,0,"F"
1,0,2,0,"BBX","","turnj001","","63/G56D","T",1,0,0,2,0,"F"
1,1,2,2,"CBC*BS","","turnj001","","K","T",1,0,0,2,0,"F"
1,2,1,2,"SC*BX","","turnj001","","S9/L9LS.2-H","T",0,1,0,4,0,"F"
1,2,1,2,"SBF1X","taylc001","","","D7/L7D.1XH(762);B-1","T",1,1,0,0,0,"F"
0,0,0,2,"CFX","","","","D7/L78D","T",0,2,0,0,0,"F"
0,0,0,1,"LX","","cronj001","","FC/SH/BG2.2-H(NR);B-1(E1/TH)","T",0,1,0,4,0,"F"
0,0,0,0,"X","hedga001","","","FC/SH/BG25.1-2;B-1(E5/TH)","T",0,1,2,0,0,"F"
0,0,1,0,"BX","profj001","hedga001","","S9/G4.2-3;1-2","T",0,1,2,3,0,"F"
0,0,1,0,"BX","tatif002","profj001","hedga001","52(3)/FO/G6.2-3;1-2;B-1","T",1,1,2,3,0,"F"
0,1,0,0,"X","grist001","tatif002","profj001","HR/F78XD.3-H(UR);2-H(UR);1-H(UR);B-H(UR)","T",0,5,5,5,5,"F"
0,1,1,1,"BCX","","","","8/L89XD","T",1,0,0,0,0,"F"
0,2,1,2,"FCFBFX","","","","9/F89D","T",1,0,0,0,0,"F"
1,0,1,2,"CCFBFFX","","","","53/G56","T",1,0,0,0,0,"F"
1,1,0,0,"X","","","","S6/BG56S","T",0,1,0,0,0,"F"
1,1,3,1,"BBBC*B","pedej001","","","W.1-2","T",0,1,2,0,0,"F"
1,1,0,2,"FCFX","bettm001","pedej001","","46(1)3/GDP/G4D","T",2,0,0,2,0,"F"
0,0,0,0,"X","","","","4/L4MD","T",1,0,0,0,0,"F"
0,1,1,1,"CBX","","","","43/G34D","T",1,0,0,0,0,"F"
0,2,0,2,"CCFFF*S","","","","K","T",1,0,0,0,0,"F"
1,0,0,2,"CCX","","","","9/L9","T",1,0,0,0,0,"F"
1,1,0,1,"CX","","","","9/L9D","T",1,0,0,0,0,"F"
1,2,1,0,"BX","","","","4/P4M","T",1,0,0,0,0,"F"
0,0,0,1,"CX","","","","HR/F9D","T",0,4,0,0,0,"F"
0,0,0,0,"X","","","","S7/L78S+","T",0,1,0,0,0,"F"
0,0,1,0,"B1>C","tatif002","","","SB2","F",0,0,2,0,0,"F"
0,0,1,2,"B1>C.FC","","tatif002","","K","T",1,0,0,2,0,"F"
0,1,1,2,"FFBF2","","tatif002","","PO2(14)","F",1,0,0,0,0,"F"
0,2,1,2,"FFBF2.X","","","","S8/L8S","T",0,1,0,0,0,"F"
0,2,3,1,"BBSBB","machm001","","","W.1-2","T",0,1,2,0,0,"F"
0,2,0,0,"..X","phamt001","machm001","","53/G6","T",1,0,1,2,0,"F"
1,0,2,2,"CSFFBBFFC","","","","K","T",1,0,0,0,0,"F"
1,1,1,2,"CFBFFS","","","","K","T",1,0,0,0,0,"F"
1,2,1,0,"BX","","","","D9/L89XD+","T",0,2,0,0,0,"F"
1,2,3,1,"FBBBB","","barna001","","W","T",0,1,0,2,0,"F"
1,2,1,0,".BX","pedej001","barna001","","8/L78XD+","T",1,0,1,2,0,"F"
0,0,0,1,"CX","","","","43/G6MS","T",1,0,0,0,0,"F"
0,1,1,2,"CBCX","","","","S8/L8D","T",0,1,0,0,0,"F"
0,1,0,1,"CX","cronj001","","","64(1)3/GDP/G56","T",2,0,0,0,0,"F"
1,0,1,1,"BF.X","","","","7/F7D","T",1,0,0,0,0,"F"
1,1,1,2,"CSBX","","","","53/G56","T",1,0,0,0,0,"F"
1,2,0,0,"X","","","","53/G56S","T",1,0,0,0,0,"F"
0,0,3,2,"CBBFBX","","","","S7/L7+","T",0,1,0,0,0,"F"
0,0,3,2,"BFBFBX","profj001","","","53/G6.1-2","T",1,0,2,0,0,"F"
0,1,2,0,"BBX","","profj001","","3/G3S-.2-3","T",1,0,0,3,0,"F"
0,2,1,0,"..BX","","","profj001","9/F9L","T",1,0,0,0,3,"F"
1,0,3,2,".BBSBFS","","","","K","T",1,0,0,0,0,"F"
1,1,2,1,"BSBX","","","","S9/L9+","T",0,1,0,0,0,"F"
1,1,3,2,"BFBBFX","taylc001","","","6/P56D","T",1,0,1,0,0,"F"
1,2,3,2,"BFBBS>S","taylc001","","","K","T",1,0,1,0,0,"F"
0,0,0,1,"CX","","","","63/G6D","T",1,0,0,0,0,"F"
0,1,1,1,"BCX","","","","13/G1","T",1,0,0,0,0,"F"
0,2,3,2,"BBFCBFX","","","","S9/G34+","T",0,1,0,0,0,"F"
0,2,2,2,"BBCFX","myerw001","","","65(1)/FO/G6D.B-1","T",1,1,0,0,0,"F"
1,0,2,2,"..BFCBS","","","","K","T",1,0,0,0,0,"F"
1,1,1,1,"BCX","","","","E4/G6M.B-1","T",0,1,0,0,0,"F"
1,1,1,1,"BFB","bettm001","","","PB.1-2","F",0,0,2,0,0,"F"
1,1,2,2,"BFB.FFX","","bettm001","","3/G3+.2-3","T",1,0,0,3,0,"F"
1,2,0,2,"..CFX","","","bettm001","8/L8D+","T",1,0,0,0,3,"F"
0,0,1,1,"..BSX","","","","S7/L7D+","T",0,1,0,0,0,"F"
0,0,2,2,"CBSF*BX","hedga001","","","8/L78D","T",1,0,1,0,0,"F"
0,1,0,1,"CX","hedga001","","","7/L7D","T",1,0,1,0,0,"F"
0,2,2,2,"BCBFX","hedga001","","","6/P5F/FL","T",1,0,1,0,0,"F"
1,0,1,2,"SBFC","","","","K","T",1,0,0,0,0,"F"
1,1,0,2,"CSX","","","","S9/L89D+","T",0,1,0,0,0,"F"
1,1,2,1,"F*BBX","muncm001","","","3/P34","T",1,0,1,0,0,"F"
1,2,0,1,".F>B","muncm001","","","WP.1-3","F",0,0,3,0,0,"F"
1,2,1,2,".F>B.SH","","","muncm001","HP","T",0,1,0,0,3,"F"
1,2,0,2,"CFX","riose001","","muncm001","S9/G34.3-H;1-3","T",0,1,3,0,4,"F"
1,2,0,0,"..X","barna001","","riose001","7/F7S","T",1,0,1,0,3,"F"
0,0,3,1,"BBCBX","","","","8/F78","T",1,0,0,0,0,"T"
0,1,1,0,"BX","","","","S9/L9L","T",0,1,0,0,0,"F"
0,1,0,0,"X","grist001","","","S7/L78.1-2","T",0,1,2,0,0,"F"
0,1,3,2,"BBBCSS","machm001","grist001","","K","T",1,0,1,2,0,"F"
0,2,0,2,"CCX","machm001","grist001","","9/F89","T",1,0,1,2,0,"F"
1,0,1,1,"CBX","","","","7/L7D","T",1,0,0,0,0,"F"
1,1,0,1,"CX","","","","E4/TH/G4M.B-1","T",0,1,0,0,0,"F"
1,1,1,0,"*BX","bettm001","","","56(1)3/GDP/G4","T",2,0,0,0,0,"F"
0,0,1,2,"BSSS","","","","K","T",1,0,0,0,0,"F"
0,1,1,2,"BFCS","","","","K","T",1,0,0,0,0,"F"
0,2,3,2,"BFBBCFC","","","","K","T",1,0,0,0,0,"F"
1,0,2,2,"BCCBS","","","","K","T",1,0,0,0,0,"F"
1,1,2,1,"BSBX","","","","3/G3","T",1,0,0,0,0,"F"
1,2,3,2,"BBCSBF*B","","","","W","T",0,1,0,0,0,"F"
1,2,2,2,"FB1SB1C","polla001","","","K","T",1,0,1,0,0,"F"
0,0,3,2,"BFCBBFFX","","","","7/L7","T",1,0,0,0,0,"F"
0,1,2,2,"CBBFX","","","","53/G5","T",1,0,0,0,0,"F"
0,2,2,2,"CSBBFX","","","","23/G2-","T",1,0,0,0,0,"F"
1,0,1,2,"CBCX","","","","S9/L89","T",0,1,0,0,0,"F"
1,0,1,1,"CBX","riose001","","","54(1)3/GDP/G56","T",2,0,0,0,0,"F"
1,2,3,2,"CBBCBX","","","","6/P6D","T",1,0,0,0,0,"F"
0,0,1,2,"FFFB*S","","","","K","T",1,0,0,0,0,"F"
0,1,0,2,"CCS","","","","K","T",1,0,0,0,0,"F"
0,2,1,2,"SSBFFT","","","","K","T",1,0,0,0,0,"F"
1,0,2,2,"CCBFBS","","","","K","T",1,0,0,0,0,"F"
1,1,2,2,"CCBBFFFX","","","","53/G34","T",1,0,0,0,0,"F"
1,2,0,1,"CX","","","","S7/L78D","T",0,1,0,0,0,"F"
1,2,1,2,"*BCFS","turnj001","","","K","T",1,0,1,0,0,"F"
0,0,3,2,".LBBBFB","","","","W","T",0,1,0,0,0,"F"
0,0,2,2,"*B>FC*B11S","myerw001","","","K","T",1,0,1,0,0,"F"
0,1,2,1,"F1B*B>X","myerw001","","","5/P56S","T",1,0,1,0,0,"F"
0,2,1,0,".*B1X","myerw001","","","S8/L8S.1-2","T",0,1,2,0,0,"F"
0,2,3,2,"..*BSBC*B>S","profj001","myerw001","","K","T",1,0,1,2,0,"F"
1,0,3,1,"BBBC*B","","","","W","T",0,1,0,0,0,"F"
1,0,0,0,"1>X","polla001","","","S5/BG6S.1-2","T",0,1,2,0,0,"F"
1,0,0,0,"X","taylc001","polla001","","S19/L34D+.2-H;1-3","T",0,1,3,4,0,"F"
1,0,0,0,"X","riose001","","taylc001","36(1)/FO/BG23/SH.3-H;B-1","T",1,1,0,0,4,"F"
1,1,0,1,"FX","barna001","","","9/F9L","T",1,0,1,0,0,"F"
1,2,0,0,"X","barna001","","","7/L7D","T",1,0,1,0,0,"F"
0,0,2,2,"CBFBS","","","","K","T",1,0,0,0,0,"F"
0,1,1,0,"BX","","","","53/G5","T",1,0,0,0,0,"F"
0,2,1,2,"CBCFFS","","","","K","T",1,0,0,0,0,"F"
1,0,2,2,"BCBFX","","","","6/P5","T",1,0,0,0,0,"F"
1,1,0,0,"X","","","","63/G56","T",1,0,0,0,0,"F"
1,2,0,0,"X","","","","8/L78XD","T",1,0,0,0,0,"F"
0,0,0,1,".CX","","","","8/L78XD","T",1,0,0,0,0,"F"
0,1,3,2,"BSBBSB","","","","W","T",0,1,0,0,0,"F"
0,1,0,2,"FFX","myerw001","","","8/F78","T",1,0,1,0,0,"F"
0,2,1,2,"..CFBX","myerw001","","","43/G34","T",1,0,1,0,0,"F"
1,0,1,2,".CBS.S","","","","K","T",1,0,0,0,0,"F"
1,1,0,1,"FX","","","","8/F8","T",1,0,0,0,0,"F"
1,2,0,1,"CX","","","","53/G34","T",1,0,0,0,0,"F"
0,0,3,0,"..BBBB","","","","W","T",0,1,0,0,0,"F"
0,0,1,0,"..BX","profj001","","","14(1)3/GDP/G4MS","T",2,0,0,0,0,"F"
0,2,1,0,"BX","","","","D7/L7L","T",0,2,0,0,0,"F"
0,2,0,2,"CCS","","grist001","","K","T",1,0,0,2,0,"F"
1,0,0,0,".X","","","","S4/G4M+","T",0,1,0,0,0,"F"
1,0,0,1,"SX","barna001","","","9/F89","T",1,0,1,0,0,"F"
1,1,3,2,"C*BBFFB>X","barna001","","","S6/G6S.1-2","T",0,1,2,0,0,"F"
1,1,0,0,".X","bettm001","barna001","","DGR/L7L.2-H;1-3","T",0,2,3,4,0,"F"
1,1,1,0,"BX","","bellc002","bettm001","HR/L89XD.3-H;2-H","T",0,4,0,4,4,"F"
1,1,1,2,"FBCC","","","","K","T",1,0,0,0,0,"F"
1,2,0,0,"X","","","","53/G56","T",1,0,0,0,0,"F"
0,0,2,1,".CBBX","","","","S6/G56","T",0,1,0,0,0,"F"
0,0,3,1,".*BCBBB","phamt001","","","W.1-2","T",0,1,2,0,0,"F"
0,0,2,1,".BB.CX","frant002","phamt001","","S6/G6+.2-3;1-2","T",0,1,2,3,0,"F"
0,0,1,2,"...FBCFS","myerw001","frant002","phamt001","K","T",1,0,1,2,3,"F"
0,1,1,2,"BSFS","myerw001","frant002","phamt001","K","T",1,0,1,2,3,"F"
0,2,2,2,"BFSF.BFX","myerw001","frant002","phamt001","43/G34","T",1,0,1,2,3,"F"
0,0,1,2,"SBSS","","","","K","T",1,0,0,0,0,"T"
0,1,3,2,"BCSBBFX","","","","8/F78XD+","T",1,0,0,0,0,"F"
0,2,0,2,"FTFX","","","","HR/L7D","T",0,4,0,0,0,"F"
0,2,0,0,"X","","","","HR/L8XD","T",0,4,0,0,0,"F"
0,2,1,2,"CFBX","","","","S7/L78D","T",0,1,0,0,0,"F"
0,2,0,0,"X","myerw001","","","9/F89XD","T",1,0,1,0,0,"F"
1,0,0,1,"CH","","","","HP","T",0,1,0,0,0,"F"
1,0,0,2,"C1FX","bettm001","","","HR/F9D.1-H","T",0,4,4,0,0,"F"
1,0,3,2,"FBBSBFFX","","","","53/G56","T",1,0,0,0,0,"F"
1,1,0,0,"X","","","","8/L78XD+","T",1,0,0,0,0,"F"
1,2,2,1,"BCBX","","","","HR/F7D","T",0,4,0,0,0,"F"
1,2,2,2,"CCBBT","","","","K","T",1,0,0,0,0,"F"
0,0,0,0,"X","","","","63/G56","T",1,0,0,0,0,"F"
0,1,1,1,"CBX","","","","53/G5","T",1,0,0,0,0,"F"
0,2,2,2,"CSBBS","","","","K","T",1,0,0,0,0,"F"
1,0,1,0,"BX","","","","5/P89S","T",1,0,0,0,0,"F"
1,1,2,2,"BCSBX","","","","D9/L9LS","T",0,2,0,0,0,"F"
1,1,1,2,"FFBX","","taylc001","","7/F7D","T",1,0,0,2,0,"F"
1,2,0,0,"X","","taylc001","","HR/L89XD.2-H","T",0,4,0,4,0,"F"
1,2,0,0,"X","","","","9/F89XD","T",1,0,0,0,0,"F"
0,0,0,2,"CSX","","","","8/F8S","T",1,0,0,0,0,"F"
0,1,3,2,"BCSBBX","","","","53/G5","T",1,0,0,0,0,"F"
0,2,2,2,"CBBST","","","","K","T",1,0,0,0,0,"F"
1,0,1,2,"CBSX","","","","S8/L8+.B-2(E8)","T",0,2,0,0,0,"F"
1,0,0,0,"X","","turnj001","","3/L3D+","T",1,0,0,2,0,"F"
1,1,0,1,"SX","","turnj001","","D9/L9LD+.2-H","T",0,2,0,4,0,"F"
1,1,0,0,".>C","","polla001","","CS3(25)","F",1,0,0,0,0,"F"
1,2,3,2,".>C.FBBFBFB","","","","W","T",0,1,0,0,0,"F"
1,2,0,0,"X","muncm001","","","53/G34D","T",1,0,1,0,0,"F"
0,0,1,1,"CBX","","","","7/F78D","T",1,0,0,0,0,"F"
0,1,2,2,"FBBFX","","","","53/G5","T",1,0,0,0,0,"F"
0,2,2,0,"BBX","","","","S8/L89XD","T",0,1,0,0,0,"F"
0,2,0,1,"SX","profj001","","","4(1)/FO/G6MD.B-1","T",1,1,0,0,0,"F"
1,0,1,2,".FBSX","","","","D7/L78XD+","T",0,2,0,0,0,"F"
1,0,1,1,"CBX","","taylc001","","HR/F78XD.2-H","T",0,4,0,4,0,"F"
1,0,0,2,"CCX","","","","HR/L78XD","T",0,4,0,0,0,"F"
1,0,3,2,"FBBSBB","","","","W","T",0,1,0,0,0,"F"
1,0,0,2,"CFFFS","seagc001","","","K","T",1,0,1,0,0,"F"
1,1,3,2,"BFBBCB","seagc001","","","W.1-2","T",0,1,2,0,0,"F"
1,1,0,0,".X","bellc002","seagc001","","7/F78D","T",1,0,1,2,0,"F"
1,2,1,2,"BCFC","bellc002","seagc001","","K","T",1,0,1,2,0,"F"
0,0,0,0,"X","","","","2/P2F/FL","T",1,0,0,0,0,"F"
0,1,1,2,"CBFX","","","","9/F3D","T",1,0,0,0,0,"F"
0,2,1,0,"BX","","","","9/F89","T",1,0,0,0,0,"F"
1,0,1,2,"BFSX","","","","53/G34D","T",1,0,0,0,0,"F"
1,1,1,2,"FFBX","","","","S6/G6+","T",0,1,0,0,0,"F"
1,1,0,0,"X","taylc001","","","543/G5S.1-2","T",1,0,2,0,0,"F"
1,2,3,1,"BBBCX","","taylc001","","HR/F.2-H","T",0,4,0,4,0,"F"
1,2,3,2,"SBCBFBX","","","","8/F78D+","T",1,0,0,0,0,"F"
0,0,3,1,".CBBBX","","","","3/P3SF/FL","T",1,0,0,0,0,"F"
0,1,3,2,"BCSBFFBX","","","","9/F9LS","T",1,0,0,0,0,"F"
0,2,1,1,"FBX","","","","5/L4D","T",1,0,0,0,0,"F"
1,0,1,2,"..FBFFX","","","","9/F89D","T",1,0,0,0,0,"F"
1,1,1,2,"CBSS","","","","K","T",1,0,0,0,0,"F"
1,2,3,1,"CBBBB","","","","W","T",0,1,0,0,0,"F"
1,2,1,2,"CCF*BX","polla001","","","53/G4D","T",1,0,1,0,0,"F"
0,0,1,0,".BX","","","","S9/G4","T",0,1,0,0,0,"F"
0,0,1,2,"*BFFX","myerw001","","","9/L89D","T",1,0,1,0,0,"F"
0,1,0,2,"..CSFX","myerw001","","","6/P78S","T",1,0,1,0,0,"F"
0,2,1,0,"BX","myerw001","","","31/G34-","T",1,0,1,0,0,"F"
1,0,0,2,".....FCS","","","","K","T",1,0,0,0,0,"F"
1,1,3,2,"CBSBBFX","","","","9/L89XD","T",1,0,0,0,0,"F"
1,2,0,0,"X","","","","S8/L8","T",0,1,0,0,0,"F"
1,2,0,0,"X","barna001","","","S5/G5S-.1-2","T",0,1,2,0,0,"F"
1,2,1,1,"CBX","bettm001","barna001","","7/F7","T",1,0,1,2,0,"F"
0,0,0,1,"CX","","","","8/L8D+","T",1,0,0,0,0,"F"
0,1,1,2,"CFBX","","","","D9/G3","T",0,2,0,0,0,"F"
0,1,1,2,"FC*BFX","","garcg002","","4/P4D","T",1,0,0,2,0,"F"
0,2,2,2,"C*BC*BC","","garcg002","","K","T",1,0,0,2,0,"F"
1,0,2,2,".SCBBX","","","","6/P5DF/FL","T",1,0,0,0,0,"F"
1,1,2,2,"FBSB*S","","","","K","T",1,0,0,0,0,"F"
1,2,1,0,"BX","","","","43/G4-","T",1,0,0,0,0,"F"
0,0,1,2,".BFCFFFFFS","","","","K","T",1,0,0,0,0,"F"
0,1,3,2,"BCBSFBFFB","","","","W","T",0,1,0,0,0,"F"
0,1,1,2,".BCCFFX","myerw001","","","9/L9D+","T",1,0,1,0,0,"F"
0,2,2,2,"..BCFBS","myerw001","","","K","T",1,0,1,0,0,"F"
0,0,2,2,"CBFBFX","","","","8/L8","T",1,0,0,0,0,"T"
0,1,1,2,"CCBX","","","","9/L9","T",1,0,0,0,0,"F"
0,2,2,1,"CBBX","","","","S8/G4M","T",0,1,0,0,0,"F"
0,2,0,2,"CCX","lewik001","","","S7/L7.1-H(E7)(NR);B-2","T",0,2,4,0,0,"F"
0,2,1,1,"BFX","","seagk001","","S8/L8S.2-H(UR)","T",0,1,0,5,0,"F"
0,2,2,2,"CBBSX","nolaa002","","","5(1)/FO/G4.B-1","T",1,1,0,0,0,"F"
1,0,0,1,"CX","","","","HR/L7D","T",0,4,0,0,0,"F"
1,0,1,0,"BX","","","","1/L4MS","T",1,0,0,0,0,"F"
1,1,2,1,"BSBX","","","","9/F9D","T",1,0,0,0,0,"F"
1,2,2,2,"FFFBBS","","","","K","T",1,0,0,0,0,"F"
0,0,3,2,"CBBBFC","","","","K","T",1,0,0,0,0,"F"
0,1,1,2,"CFFFFFBFFX","","","","53/G4MD","T",1,0,0,0,0,"F"
0,2,0,1,"CX","","","","43/G6MD+","T",1,0,0,0,0,"F"
1,0,1,1,"CBX","","","","S9/L89D","T",0,1,0,0,0,"F"
1,0,3,2,"F1C*B*BB>B","polla001","","","W.1-2","T",0,1,2,0,0,"F"
1,0,1,2,"BCFX","muncm001","polla001","","S8/L8.2-3;1-2","T",0,1,2,3,0,"F"
1,0,0,2,"FCH","pedej001","muncm001","polla001","HP.3-H;2-3;1-2","T",0,1,2,3,4,"F"
1,0,2,0,"BBX","beatm001","pedej001","muncm001","3/P3F/FL","T",1,0,1,2,3,"F"
1,1,0,0,"X","beatm001","pedej001","muncm001","S9/L89S.3-H;2XH(92);1-2","T",1,1,2,0,4,"F"
1,2,1,1,"FBX","bettm001","beatm001","","HR/L9D.2-H;1-H","T",0,4,4,4,0,"F"
1,2,3,2,"BBFBCX","","","","8/F8XD","T",1,0,0,0,0,"F"
0,0,1,0,"BX","","","","9/F9D","T",1,0,0,0,0,"F"
0,1,2,2,"CCBFBFX","","","","S7/L78","T",0,1,0,0,0,"F"
0,1,0,1,"F>X","moord002","","","HR/L8XD.1-H","T",0,4,4,0,0,"F"
0,1,0,0,"X","","","","HR/F8XD","T",0,4,0,0,0,"F"
0,1,3,2,"CBCFBBX","","","","S9/L9L","T",0,1,0,0,0,"F"
0,1,1,0,"BX","nolaa002","","","8/F8D","T",1,0,1,0,0,"F"
0,2,0,0,"B","nolaa002","","","WP.1-2","F",0,0,2,0,0,"F"
0,2,1,0,"B.X","","nolaa002","","HR/L89XD.2-H","T",0,4,0,4,0,"F"
0,2,0,2,"CCC","","","","K","T",1,0,0,0,0,"F"
1,0,1,2,".CSBX","","","","53/G6M+","T",1,0,0,0,0,"F"
1,1,1,2,"CBFX","","","","9/L9D","T",1,0,0,0,0,"F"
1,2,1,1,"BCX","","","","8/L8D","T",1,0,0,0,0,"F"
0,0,2,2,".BSSFBX","","","","13/G1S-","T",1,0,0,0,0,"F"
0,1,1,1,"BCX","","","","6/P6","T",1,0,0,0,0,"F"
0,2,0,0,"X","","","","S8/L8D","T",0,1,0,0,0,"F"
0,2,0,1,"C1X","moord002","","","S9/L89.1-3","T",0,1,3,0,0,"F"
0,2,2,2,"CCBBX","lewik001","","moord002","S8/G4+.3-H;1-3","T",0,1,3,0,4,"F"
0,2,0,1,"CX","seagk001","","lewik001","13/G1S-","T",1,0,1,0,3,"F"
1,0,3,2,"CBSBBS","","","","K","T",1,0,0,0,0,"F"
1,1,0,0,"X","","","","S7/L7","T",0,1,0,0,0,"F"
1,1,1,0,"BX","beatm001","","","S7/G56+.1-2","T",0,1,2,0,0,"F"
1,1,3,2,"CBFBBFS","barna001","beatm001","","K","T",1,0,1,2,0,"F"
1,2,1,0,"*BX","barna001","beatm001","","3/G3","T",1,0,1,2,0,"F"
0,0,3,2,".BCSBBT","","","","K","T",1,0,0,0,0,"F"
0,1,2,1,"CBBX","","","","9/F9S","T",1,0,0,0,0,"F"
0,2,1,2,"CBFFFX","","","","9/F9D","T",1,0,0,0,0,"F"
1,0,2,2,".CSBBFS","","","","K","T",1,0,0,0,0,"F"
1,1,1,1,"SBX","","","","8/F89XD","T",1,0,0,0,0,"F"
1,2,3,2,"SBBTBS","","","","K","T",1,0,0,0,0,"F"
0,0,3,1,"BBBCX","","","","9/L9","T",1,0,0,0,0,"F"
0,1,1,2,"BCSS","","","","K","T",1,0,0,0,0,"F"
0,2,1,2,".BSSC","","","","K","T",1,0,0,0,0,"F"
1,0,3,2,".BCBSB*B","","","","W","T",0,1,0,0,0,"F"
1,0,1,0,"BX","muncm001","","","36(1)/FO/G3.B-1","T",1,1,0,0,0,"F"
1,1,1,2,".CFFFBS","pedej001","","","K","T",1,0,1,0,0,"F"
1,2,1,0,"B1X","pedej001","","","S8/G4M.1-2","T",0,1,2,0,0,"F"
1,2,1,1,"CBX","barna001","pedej001","","9/F9LD","T",1,0,1,2,0,"F"
0,0,2,1,"..CBBX","","","","9/L9","T",1,0,0,0,0,"F"
0,1,3,1,"BBBCB","","","","W","T",0,1,0,0,0,"F"
0,1,0,0,">C","seagk001","","","SB2","F",0,0,2,0,0,"F"
0,1,0,2,">C.2FFS","","seagk001","","K","T",1,0,0,2,0,"F"
0,2,0,0,"X","","seagk001","","4/P89","T",1,0,0,2,0,"F"
1,0,0,2,".CCX","","","","S69/G34+","T",0,1,0,0,0,"F"
1,0,1,2,"CF*BFX","seagc001","","","S8/L8.1-2","T",0,1,2,0,0,"F"
1,0,3,2,"*BBBCSB","turnj001","seagc001","","W.2-3;1-2","T",0,1,2,3,0,"F"
1,0,0,0,"X","bellc002","turnj001","seagc001","S7/G56.3-H;2-3;1-2","T",0,1,2,3,4,"F"
1,0,3,2,"C*BFBBF*B","polla001","bellc002","turnj001","W.3-H;2-3;1-2","T",0,1,2,3,4,"F"
1,0,3,2,"CBFFBBX","muncm001","polla001","bellc002","6(1)3/GDP/G4MD+.3-H(NR);2-3","T",2,0,0,3,4,"F"
1,2,2,2,"FCB*BX","","","polla001","HR/F7D.3-H","T",0,4,0,0,4,"F"
1,2,3,2,".SBSFBFBC","","","","K","T",1,0,0,0,0,"F"
0,0,1,2,".BSCX","","","","HR/F7D","T",0,4,0,0,0,"F"
0,0,0,2,"CFC","","","","K","T",1,0,0,0,0,"F"
0,1,1,2,"BSFX","","","","53/G56","T",1,0,0,0,0,"F"
0,2,0,0,"X","","","","8/F89XD","T",1,0,0,0,0,"F"
1,0,0,0,"X","","","","53/G56","T",1,0,0,0,0,"F"
1,1,3,1,"BBBCB","","","","W","T",0,1,0,0,0,"F"
1,1,3,2,"CB*BF*B>X","seagc001","","","S7/G56+.1-3","T",0,1,3,0,0,"F"
1,1,3,1,"*BBBFB","turnj001","","seagc001","W.1-2","T",0,1,2,0,3,"F"
1,1,3,1,"BBFBX","bellc002","turnj001","seagc001","54(1)3/GDP/G56","T",2,0,0,2,3,"F"
0,0,0,2,".FSX","","","","S4/P34D","T",0,1,0,0,0,"F"
0,0,3,1,"BCB1BB","moord002","","","W.1-2","T",0,1,2,0,0,"F"
0,0,0,2,"CCC","lewik001","moord002","","K","T",1,0,1,2,0,"F"
0,1,3,2,"FBSFBFBX","lewik001","moord002","","5/P5SF/FL","T",1,0,1,2,0,"F"
0,2,3,2,"CBBBT>F>X","lewik001","moord002","","9/F9LS","T",1,0,1,2,0,"F"
0,0,0,0,"X","","","","8/L8XD","T",1,0,0,0,0,"T"
0,1,2,2,"BCBCX","","","","9/L9D+","T",1,0,0,0,0,"F"
0,2,1,2,"CSFFBFX","","","","9/F9D","T",1,0,0,0,0,"F"
1,0,2,2,"CCBBX","","","","9/L89XD+","T",1,0,0,0,0,"F"
1,1,1,1,"BCX","","","","9/F9LDF/FL","T",1,0,0,0,0,"F"
1,2,2,2,"CFBBC","","","","K","T",1,0,0,0,0,"F"
0,0,1,1,"CBX","","","","9/F89XD","T",1,0,0,0,0,"F"
0,1,0,2,"FCX","","","","63/G6","T",1,0,0,0,0,"F"
0,2,2,2,"FBBCS","","","","K","T",1,0,0,0,0,"F"
1,0,1,2,"FCBS","","","","K","T",1,0,0,0,0,"F"
1,1,2,2,"BBCFC","","","","K","T",1,0,0,0,0,"F"
1,2,2,2,"CBSFFBFT","","","","K","T",1,0,0,0,0,"F"
0,0,2,1,"BCBX","","","","13/G1","T",1,0,0,0,0,"F"
0,1,3,2,"BFCBBFX","","","","43/G34D","T",1,0,0,0,0,"F"
0,2,0,2,"FLFFFH","","","","HP","T",0,1,0,0,0,"F"
0,2,1,0,"1B>C","gordd002","","","SB2","F",0,0,2,0,0,"F"
0,2,2,1,"1B>C.*BX","","gordd002","","43/G34D","T",1,0,0,2,0,"F"
1,0,1,2,"CFFBFFC","","","","K","T",1,0,0,0,0,"F"
1,1,2,2,"BFBFFX","","","","43/G6D+","T",1,0,0,0,0,"F"
1,2,0,0,"X","","","","S8/L8D","T",0,1,0,0,0,"F"
1,2,1,2,"CCBX","barna001","","","8/F8XD","T",1,0,1,0,0,"F"
0,0,1,0,"BX","","","","S7/L7D.BX2(74)","T",1,0,0,0,0,"F"
0,1,3,2,"CBBSFBFFX","","","","S7/G6","T",0,1,0,0,0,"F"
0,1,0,1,"SX","lewik001","","","7/F7","T",1,0,1,0,0,"F"
0,2,0,1,"C>C","lewik001","","","SB2","F",0,0,2,0,0,"F"
0,2,2,2,"C>C.*BBX","","lewik001","","9/L9S","T",1,0,0,2,0,"F"
1,0,0,0,"X","","","","D8/L78XD+","T",0,2,0,0,0,"F"
1,0,0,0,"X","","seagc001","","8/L89XD+.2-3","T",1,0,0,3,0,"F"
1,1,0,1,"CX","","","seagc001","7/F78","T",1,0,0,0,3,"F"
1,2,1,2,"CC*BS","","","seagc001","K","T",1,0,0,0,3,"F"
0,0,1,2,"CCBX","","","","7/F7LDF/FL","T",1,0,0,0,0,"F"
0,1,1,2,"CBSFS","","","","K","T",1,0,0,0,0,"F"
0,2,0,2,"SSS","","","","K","T",1,0,0,0,0,"F"
1,0,0,2,"CSFFFS","","","","K","T",1,0,0,0,0,"F"
1,1,0,2,"FCFS","","","","K","T",1,0,0,0,0,"F"
1,2,2,2,"CSBFBT","","","","K","T",1,0,0,0,0,"F"
0,0,0,0,"X","","","","43/G4","T",1,0,0,0,0,"F"
0,1,1,2,"CCBX","","","","7/L7L","T",1,0,0,0,0,"F"
0,2,1,2,"FBFX","","","","5/P5F/FL","T",1,0,0,0,0,"F"
1,0,2,2,"CBBSX","","","","S1/G2-","T",0,1,0,0,0,"F"
1,0,1,2,"BCCX","barna001","","","9/L89XD","T",1,0,1,0,0,"F"
1,1,0,1,"FX","barna001","","","3/G3.1-2","T",1,0,2,0,0,"F"
1,2,0,1,"CX","","barna001","","S7/G56+.2-H","T",0,1,0,4,0,"F"
1,2,3,2,"BFBFFFB>X","turnj001","","","53/G5D","T",1,0,1,0,0,"F"
0,0,3,2,".CSFBBFFBB","","","","W","T",0,1,0,0,0,"F"
0,0,0,0,"X","lewik001","","","D9/L9D.1-3","T",0,2,3,0,0,"F"
0,0,1,2,"FCBFC","","seagk001","lewik001","K","T",1,0,0,2,3,"F"
0,1,0,1,"..FX","","seagk001","lewik001","53/G56.3-H","T",1,0,0,2,4,"F"
0,2,0,1,"CX","","seagk001","","E5/TH/G5.2-3;B-1","T",0,1,0,3,0,"F"
0,2,1,2,"F*B>FS","white005","","seagk001","K","T",1,0,1,0,3,"F"
1,0,0,1,".CX","","","","9/F9L","T",1,0,0,0,0,"F"
1,1,2,2,"CBFBX","","","","S8/L8","T",0,1,0,0,0,"F"
1,1,0,1,"CX","taylc001","","","6(1)3/GDP/G4S","T",2,0,0,0,0,"F"
0,0,0,0,"X","","","","13/G1","T",1,0,0,0,0,"F"
0,1,3,2,"BCFBFFBB","","","","W","T",0,1,0,0,0,"F"
0,1,2,2,".111F>F1B>F1B>S","crawj002","","","K+SB2","T",1,0,2,0,0,"F"
0,2,1,1,"CBX","","crawj002","","9/F9D","T",1,0,0,2,0,"F"
1,0,1,2,".BSCC","","","","K","T",1,0,0,0,0,"F"
1,1,3,2,"BSBBFB","","","","W","T",0,1,0,0,0,"F"
1,1,3,2,"CFBBB>X","barna001","","","4/P34D","T",1,0,1,0,0,"F"
1,2,2,2,"1SB*BF>B","barna001","","","SB2","F",0,0,2,0,0,"F"
1,2,3,2,"1SB*BF>B.X","","barna001","","S9/G34.2-H","T",0,1,0,4,0,"F"
1,2,3,0,"BBBB","seagc001","","","W.1-2","T",0,1,2,0,0,"F"
1,2,0,2,"CFC","turnj001","seagc001","","K","T",1,0,1,2,0,"F"
0,0,1,1,"BCX","","","","7/F7L","T",1,0,0,0,0,"F"
0,1,1,0,"BX","","","","63/G6","T",1,0,0,0,0,"F"
0,2,0,1,"FX","","","","63/G6","T",1,0,0,0,0,"F"
0,0,2,2,"BCCBFFFX","","","","9/F9D","T",1,0,0,0,0,"T"
0,1,2,2,"BCBSS","","","","K","T",1,0,0,0,0,"F"
0,2,1,1,"CBX","","","","43/G34D","T",1,0,0,0,0,"F"
1,0,3,2,"BBBCFFFX","","","","D8/L8D+","T",0,2,0,0,0,"F"
1,0,0,0,"X","","pedej001","","3/P3S","T",1,0,0,2,0,"F"
1,1,3,2,"BBSSBX","","pedej001","","S8/L8D+.2-3","T",0,1,0,3,0,"F"
1,1,1,0,"BX","turnj001","","pedej001","D8/L78D+.3-H;1-3","T",0,2,3,0,4,"F"
1,1,0,0,"X","","bellc002","turnj001","7/F78","T",1,0,0,2,3,"F"
1,2,0,1,"FX","","bellc002","turnj001","8/F8XD","T",1,0,0,2,3,"F"
0,0,0,2,"CCX","","","","43/G4D","T",1,0,0,0,0,"F"
0,1,0,0,"X","","","","9/L89","T",1,0,0,0,0,"F"
0,2,3,2,"CBBBCC","","","","K","T",1,0,0,0,0,"F"
1,0,0,0,"X","","","","8/L8XD+","T",1,0,0,0,0,"F"
1,1,3,1,"BBFB*B","","","","W","T",0,1,0,0,0,"F"
1,1,1,0,"B1","taylc001","","","BK.1-2","F",0,0,2,0,0,"F"
1,1,1,1,"B1.CX","","taylc001","","3/P3F/FL","T",1,0,0,2,0,"F"
1,2,3,2,"CBBBFFH","","taylc001","","HP","T",0,1,0,2,0,"F"
1,2,1,1,"FBX","pedej001","taylc001","","8/F8XD","T",1,0,1,2,0,"F"
0,0,1,2,"BCCS","","","","K","T",1,0,0,0,0,"F"
0,1,2,2,"CSFBBFFS","","","","K","T",1,0,0,0,0,"F"
0,2,0,0,"X","","","","3/P34S","T",1,0,0,0,0,"F"
1,0,1,2,"CCFBX","","","","43/G4MD","T",1,0,0,0,0,"F"
1,1,3,1,"BCBBB","","","","W","T",0,1,0,0,0,"F"
1,1,1,1,"S11BX","bellc002","","","35(1)3/GDP/G3","T",2,0,0,0,0,"F"
0,0,1,2,"BCFC","","","","K","T",1,0,0,0,0,"F"
0,1,0,2,"SFS","","","","K","T",1,0,0,0,0,"F"
0,2,0,1,"CX","","","","S8/L8D+","T",0,1,0,0,0,"F"
0,2,1,2,"CCBFFFFS","blacc001","","","K","T",1,0,1,0,0,"F"
1,0,0,1,"CX","","","","D7/L7D+","T",0,2,0,0,0,"F"
1,0,3,1,"BBS*BX","","polla001","","S9/L9D.2-H","T",0,1,0,4,0,"F"
1,0,3,2,"*SS1*B1F*B1BFX","beatm001","","","S9/L9.1-2","T",0,1,2,0,0,"F"
1,0,1,2,"LBCX","taylc001","beatm001","","4/P4","T",1,0,1,2,0,"F"
1,1,0,0,"X","taylc001","beatm001","","5/P1S","T",1,0,1,2,0,"F"
1,2,1,0,"BX","taylc001","beatm001","","D9/L9LS+.2-H;1-H","T",0,2,4,4,0,"F"
1,2,2,1,".BCBX","","seagc001","","9/F9LF/FL","T",1,0,0,2,0,"F"
0,0,1,0,"BX","","","","63/G4MD+","T",1,0,0,0,0,"F"
0,1,2,2,"CFBBT","","","","K","T",1,0,0,0,0,"F"
0,2,2,2,"BSFB*S","","","","K","T",1,0,0,0,0,"F"
1,0,2,2,"BBSCFX","","","","S7/L7","T",0,1,0,0,0,"F"
1,0,0,1,"CX","bellc002","","","S34/G34.1-2","T",0,1,2,0,0,"F"
1,0,2,2,"BBCFX","muncm001","bellc002","","64(1)3/GDP/G6.2-3","T",2,0,0,3,0,"F"
1,2,0,0,"X","","","bellc002","63/G1S+","T",1,0,0,0,3,"F"
0,0,1,2,"CCBFS","","","","K","T",1,0,0,0,0,"F"
0,1,0,2,"SCX","","","","S9/L89","T",0,1,0,0,0,"F"
0,1,1,0,"BX","buted001","","","S9/G34.1-2","T",0,1,2,0,0,"F"
0,1,2,2,"CB*BCX","tapir001","buted001","","S9/G4+.2-H;1-3","T",0,1,3,4,0,"F"
0,1,0,0,">C","stort001","","tapir001","SB2","F",0,0,2,0,3,"F"
0,1,0,2,">C.F*S","","stort001","tapir001","K","T",1,0,0,2,3,"F"
0,2,3,2,"B*BBFFX","","stort001","tapir001","9/F9LD","T",1,0,0,2,3,"F"
1,0,0,0,"X","","","","D8/L8XD+","T",0,2,0,0,0,"F"
1,0,0,0,"B","","taylc001","","WP.2-3","F",0,0,0,3,0,"F"
1,0,2,0,"B.BX","","","taylc001","7/SF/F78XD.3-H","T",1,0,0,0,4,"F"
1,1,1,2,"..BCFX","","","","13/G6MS","T",1,0,0,0,0,"F"
1,2,0,1,"CX","","","","7/F7","T",1,0,0,0,0,"F"
0,0,0,2,"..CFX","","","","8/F78XD","T",1,0,0,0,0,"F"
0,1,2,2,"CBFBS","","","","K","T",1,0,0,0,0,"F"
0,2,0,2,"CFX","","","","9/F9D","T",1,0,0,0,0,"F"
1,0,2,1,"BBCX","","","","8/F78XD","T",1,0,0,0,0,"F"
1,1,1,2,"FBCX","","","","43/G34","T",1,0,0,0,0,"F"
1,2,2,2,"BCBFC","","","","K","T",1,0,0,0,0,"F"
0,0,1,2,"..CBCT","","","","K","T",1,0,0,0,0,"F"
0,1,2,2,".FFFBFBS","","","","K","T",1,0,0,0,0,"F"
0,2,0,0,"X","","","","13/G6MS","T",1,0,0,0,0,"F"
1,0,0,0,"...X","","","","8/L8XD+","T",1,0,0,0,0,"F"
1,1,3,1,"CBBBB","","","","W","T",0,1,0,0,0,"F"
1,1,0,0,"X","beatm001","","","64(1)/FO/G6MD.B-1","T",1,1,0,0,0,"F"
1,2,1,1,"SBX","taylc001","","","64(1)/FO/G6.B-1","T",1,1,0,0,0,"F"
0,0,0,1,".CX","","","","3/P34","T",1,0,0,0,0,"F"
0,1,1,1,"BCX","","","","63/G4D","T",1,0,0,0,0,"F"
0,2,0,1,"FX","","","","6/P6D","T",1,0,0,0,0,"F"
0,0,3,1,"BBBCB","","","","W","T",0,1,0,0,0,"T"
0,0,1,1,"B1SX","tapir001","","","3/P3F/FL","T",1,0,1,0,0,"F"
0,1,0,0,">C","tapir001","","","SB2","F",0,0,2,0,0,"F"
0,1,1,2,">C.BFX","","tapir001","","43/G34D.2-3","T",1,0,0,3,0,"F"
0,2,0,1,"CX","","","tapir001","3/G3","T",1,0,0,0,3,"F"
1,0,3,2,"CCBBFFBB","","","","W","T",0,1,0,0,0,"F"
1,0,0,0,"X","bettm001","","","S7/G6+.1-H(NR);BX2(75346)","T",1,0,4,0,0,"F"
1,1,1,2,"FBSFX","","","","63/G56","T",1,0,0,0,0,"F"
1,2,1,2,"CBFS","","","","K","T",1,0,0,0,0,"F"
0,0,1,2,"FFBFX","","","","53/G4MD","T",1,0,0,0,0,"F"
0,1,0,0,"X","","","","43/G4S","T",1,0,0,0,0,"F"
0,2,2,2,"BLSFBFS","","","","K","T",1,0,0,0,0,"F"
1,0,1,1,"BFX","","","","8/L8","T",1,0,0,0,0,"F"
1,1,3,2,"BBCSBFFX","","","","HR/F9D","T",0,4,0,0,0,"F"
1,1,2,2,"BSBSX","","","","S7/L78","T",0,1,0,0,0,"F"
1,1,0,0,"X","muncm001","","","64(1)3/GDP/G6","T",2,0,0,0,0,"F"
0,0,2,0,"BBX","","","","HR/L9D","T",0,4,0,0,0,"F"
0,0,1,2,"BCSFFX","","","","8/L8D","T",1,0,0,0,0,"F"
0,1,0,0,"X","","","","53/G6","T",1,0,0,0,0,"F"
0,2,1,0,"BX","","","","9/L9L","T",1,0,0,0,0,"F"
1,0,2,1,"BBFX","","","","63/G6","T",1,0,0,0,0,"F"
1,1,1,2,"CFB*S","","","","K","T",1,0,0,0,0,"F"
1,2,0,1,"FX","","","","31/G34","T",1,0,0,0,0,"F"
0,0,0,2,"CFX","","","","7/L78D","T",1,0,0,0,0,"F"
0,1,3,2,"FFBFBBX","","","","53/G56","T",1,0,0,0,0,"F"
0,2,1,2,"CBSFX","","","","S8/L78D","T",0,1,0,0,0,"F"
0,2,0,2,"C1CX","murpd006","","","43/G34","T",1,0,1,0,0,"F"
1,0,3,2,"BFBFBFB","","","","W","T",0,1,0,0,0,"F"
1,0,1,2,"C*BFX","turnj001","","","64(1)3/GDP/G6S","T",2,0,0,0,0,"F"
1,2,0,2,"CCF*S","","","","K","T",1,0,0,0,0,"F"
0,0,3,2,"CBBFBFX","","","","43/G4MS","T",1,0,0,0,0,"F"
0,1,3,2,"FBBCFBFB","","","","W","T",0,1,0,0,0,"F"
0,1,0,0,">C","hills005","","","SB2","F",0,0,2,0,0,"F"
0,1,1,2,">C.BFX","","hills005","","43/G4.2-3","T",1,0,0,3,0,"F"
0,2,2,2,"SBFBX","","","hills005","43/G4M","T",1,0,0,0,3,"F"
1,0,1,2,"CBCS","","","","K","T",1,0,0,0,0,"F"
1,1,2,2,"BCBFFX","","","","63/G4","T",1,0,0,0,0,"F"
1,2,1,0,"BX","","","","63/G56","T",1,0,0,0,0,"F"
0,0,0,2,".CCX","","","","S6/G6M.B-2(E6/TH)","T",0,2,0,0,0,"F"
0,0,0,0,"X","","stort001","","43/G34.2-3","T",1,0,0,3,0,"F"
0,1,1,0,"BX","","","stort001","9/SF/L89D.3-H(UR)","T",1,0,0,0,5,"F"
0,2,0,1,"CX","","","","63/G1S","T",1,0,0,0,0,"F"
1,0,0,1,"CX","","","","53/G5","T",1,0,0,0,0,"F"
1,1,1,2,"CBFFC","","","","K","T",1,0,0,0,0,"F"
1,2,1,2,"FBSS","","","","K","T",1,0,0,0,0,"F"
0,0,3,2,".BFCBBB","","","","W","T",0,1,0,0,0,"F"
0,0,0,0,"X","mcmar001","","","13/SH/BG1S-.1-2","T",1,0,2,0,0,"F"
0,1,3,2,"FCBBFFBFX","","mcmar001","","43/G4.2-3","T",1,0,0,3,0,"F"
0,2,3,1,"..BBBCB","","","mcmar001","W+WP.3-H(NR)","T",0,1,0,0,4,"F"
0,2,1,2,"CFBS","kempm001","","","K","T",1,0,1,0,0,"F"
1,0,0,0,".H","","","","HP","T",0,1,0,0,0,"F"
1,0,1,2,"CS*BX","turnj001","","","D7/L7LS+.1-3","T",0,2,3,0,0,"F"
1,0,3,2,"BFFBB*B","","polla001","turnj001","W","T",0,1,0,2,3,"F"
1,0,3,1,".BBBCX","bellc002","polla001","turnj001","46(1)3/GDP/G4MD+.3-H(NR);2-3","T",2,0,0,3,4,"F"
1,2,3,2,"BBCBC*B","","","polla001","W","T",0,1,0,0,3,"F"
1,2,3,2,".BBBCF>B","muncm001","","polla001","W.1-2","T",0,1,2,0,3,"F"
1,2,1,2,"CSBC","pedej001","muncm001","polla001","K","T",1,0,1,2,3,"F"
0,0,3,2,"..CBFBBFX","","","","D8/L78D+","T",0,2,0,0,0,"F"
0,0,1,2,"FFFBX","","stort001","","3/G34.2-3","T",1,0,0,3,0,"F"
0,1,1,1,"CBX","","","stort001","FC/G6.3XH(5621);B-2","T",1,2,0,0,0,"F"
0,2,2,2,".FSFF*BFBX","","arenn001","","43/G34","T",1,0,0,2,0,"F"
1,0,1,0,".BX","","","","7/L7D+","T",1,0,0,0,0,"F"
1,1,0,2,"FFS","","","","K","T",1,0,0,0,0,"F"
1,2,3,2,"BCBFBB","","","","W","T",0,1,0,0,0,"F"
1,2,1,2,"CCBFS","turnj001","","","K","T",1,0,1,0,0,"F"
0,0,1,2,"BCCX","","","","3E1/G34.B-1","T",0,1,0,0,0,"F"
0,0,0,1,"SX","mcmar001","","","2/BP2F-/FL","T",1,0,1,0,0,"F"
0,1,1,2,"CFFB1S","mcmar001","","","K","T",1,0,1,0,0,"F"
0,2,1,2,"..1SB1S111>F>S","mcmar001","","","K","T",1,0,1,0,0,"F"
1,0,1,0,"..BX","","","","HR/L9D","T",0,4,0,0,0,"F"
0,0,3,2,"CFBBBX","","","","7/F7D","T",1,0,0,0,0,"T"
0,1,2,2,"FBCBS","","","","K","T",1,0,0,0,0,"F"
0,2,2,0,"BBX","","","","S9/L89","T",0,1,0,0,0,"F"
0,2,1,2,"CBCS","blacc001","","","K","T",1,0,1,0,0,"F"
1,0,2,2,"CBFFBX","","","","4/P9S","T",1,0,0,0,0,"F"
1,1,1,0,"BX","","","","HR/F7D","T",0,4,0,0,0,"F"
1,1,1,0,"BX","","","","53/G56","T",1,0,0,0,0,"F"
1,2,3,1,"BBBCX","","","","3/G3","T",1,0,0,0,0,"F"
0,0,3,2,"BFBCBB","","","","W","T",0,1,0,0,0,"F"
0,0,0,2,"CCX","murpd006","","","S7/L78D.1-3;B-2(E7/TH)","T",0,2,3,0,0,"F"
0,0,2,0,"BBX","","mcmar001","murpd006","FC/G5.3XH(52);B-1","T",1,1,0,2,0,"F"
0,1,0,0,"X","rodgb002","mcmar001","","36(1)/FO/G3.2-3;B-1","T",1,1,0,3,0,"F"
0,2,3,0,"*BBBB","hills005","","mcmar001","W.1-2","T",0,1,2,0,3,"F"
0,2,0,1,"TX","diaze005","hills005","mcmar001","7/F7LD","T",1,0,1,2,3,"F"
1,0,3,2,"CBBSBX","","","","3/G3","T",1,0,0,0,0,"F"
1,1,3,2,"BBFFBB","","","","W","T",0,1,0,0,0,"F"
1,1,1,1,"BCX","muncm001","","","64(1)3/GDP/G56D","T",2,0,0,0,0,"F"
0,0,1,1,"BCX","","","","63/G6D","T",1,0,0,0,0,"F"
0,1,1,1,"BFX","","","","43/G34","T",1,0,0,0,0,"F"
0,2,1,1,"BFX","","","","HR/F7D","T",0,4,0,0,0,"F"
0,2,0,2,"CFX","","","","8/F8XD","T",1,0,0,0,0,"F"
1,0,0,2,"CSX","","","","9/L89D","T",1,0,0,0,0,"F"
1,1,1,0,"BX","","","","9/F9D","T",1,0,0,0,0,"F"
1,2,3,2,"CCBBFBX","","","","HR/F78XD","T",0,4,0,0,0,"F"
1,2,0,0,"X","","","","8/L8D+","T",1,0,0,0,0,"F"
0,0,0,0,"X","","","","HR/L8XD","T",0,4,0,0,0,"F"
0,0,1,0,"BX","","","","63/G6D","T",1,0,0,0,0,"F"
0,1,1,2,"CCBX","","","","53/G4D+","T",1,0,0,0,0,"F"
0,2,1,2,"SBSX","","","","S8/L89D","T",0,1,0,0,0,"F"
0,2,0,1,"CX","diaze005","","","S9/G3.1-3","T",0,1,3,0,0,"F"
0,2,1,0,"B>X","tapir001","","diaze005","4(1)/FO/G4M.B-1","T",1,1,0,0,3,"F"
1,0,0,1,"CX","","","","6/L6D","T",1,0,0,0,0,"F"
1,1,3,1,"CBBBX","","","","43/G34+","T",1,0,0,0,0,"F"
1,2,2,1,"BBCX","","","","S8/L78D+","T",0,1,0,0,0,"F"
1,2,2,2,"CBCBX","pedej001","","","S39/G3.1-3","T",0,1,3,0,0,"F"
1,2,1,1,"SBX","muncm001","","pedej001","HR/L89XD.3-H;1-H","T",0,4,4,0,4,"F"
1,2,1,0,"BX","","","","S6/G4","T",0,1,0,0,0,"F"
1,2,0,1,"C1X","beatm001","","","54(1)/FO/G56.B-1","T",1,1,0,0,0,"F"
0,0,1,2,".CSBX","","","","S7/L7L","T",0,1,0,0,0,"F"
0,0,0,1,"CX","blacc001","","","9/F9D","T",1,0,1,0,0,"F"
0,1,3,1,"BBBCX","blacc001","","","56(1)3/GDP/G34","T",2,0,0,0,0,"F"
1,0,1,2,"FBFC","","","","K","T",1,0,0,0,0,"F"
1,1,0,0,"X","","","","53/G4D","T",1,0,0,0,0,"F"
1,2,0,0,"X","","","","9/F89XD","T",1,0,0,0,0,"F"
0,0,1,2,"CBCS","","","","K","T",1,0,0,0,0,"F"
0,1,1,2,"BFF*S","","","","K","T",1,0,0,0,0,"F"
0,2,1,2,"FBSX","","","","13/G1S-","T",1,0,0,0,0,"F"
1,0,2,0,"BBX","","","","HR/L9D","T",0,4,0,0,0,"F"
1,0,0,1,"CH","","","","HP","T",0,1,0,0,0,"F"
1,0,1,1,"BCX","pedej001","","","7/F7L","T",1,0,1,0,0,"F"
1,1,0,2,".CF1X","pedej001","","","7/F7L","T",1,0,1,0,0,"F"
1,2,0,2,"CSS","pedej001","","","K","T",1,0,1,0,0,"F"
0,0,2,2,".BCCBFX","","","","63/G6S","T",1,0,0,0,0,"F"
0,1,0,0,"X","","","","7/F7LD","T",1,0,0,0,0,"F"
0,2,2,1,"BBSX","","","","S8/L8","T",0,1,0,0,0,"F"
0,2,1,2,".CBS>X","hampg001","","","E4/TH/G34D.1-2;B-1","T",0,1,2,0,0,"F"
0,2,3,1,"FBBBX","blacc001","hampg001","","8/L8XD","T",1,0,1,2,0,"F"
1,0,1,2,"CCBX","","","","HR/F78XD","T",0,4,0,0,0,"F"
1,0,0,2,"CCX","","","","S7/G56","T",0,1,0,0,0,"F"
1,0,1,0,".B>C","bettm001","","","SB2","F",0,0,2,0,0,"F"
1,0,1,1,".B>C.X","","bettm001","","8/F8","T",1,0,0,2,0,"F"
1,1,3,2,"CBBCFBB","","bettm001","","W","T",0,1,0,2,0,"F"
1,1,0,1,"F>B","taylc001","bettm001","","SB3;SB2","F",0,0,2,3,0,"F"
1,1,3,1,"F>B.BBB","","taylc001","bettm001","W","T",0,1,0,2,3,"F"
1,1,0,0,".X","bellc002","taylc001","bettm001","7/SF/F7D.3-H","T",1,0,1,2,4,"F"
1,2,2,2,"BSF*B*B","bellc002","taylc001","","OA.1X2(26)","F",1,0,0,2,0,"F"
0,0,0,1,".CX","","","","63/G6MD","T",1,0,0,0,0,"F"
0,1,2,2,"BSFBFFFS","","","","K","T",1,0,0,0,0,"F"
0,2,1,1,".BSX","","","","7/F7D","T",1,0,0,0,0,"F"
1,0,0,1,"....FX","","","","HR/L89XD","T",0,4,0,0,0,"F"
1,0,1,1,"FBX","","","","9/F9D","T",1,0,0,0,0,"F"
1,1,0,1,"CX","","","","6/L6D","T",1,0,0,0,0,"F"
1,2,3,2,"BBFSBB","","","","W","T",0,1,0,0,0,"F"
1,2,1,0,"BX","smitw003","","","HR/L7LD.1-H","T",0,4,4,0,0,"F"
1,2,1,1,"BSX","","","","S9/L89+","T",0,1,0,0,0,"F"
1,2,3,1,"BBFBB","seagc001","","","W.1-2","T",0,1,2,0,0,"F"
1,2,1,2,"CS*BX","taylc001","seagc001","","43/G4D","T",1,0,1,2,0,"F"
0,0,2,2,"SBBFX","","","","HR/L9LD","T",0,4,0,0,0,"F"
0,0,0,2,"CCS","","","","K","T",1,0,0,0,0,"F"
0,1,1,2,"CFBT","","","","K","T",1,0,0,0,0,"F"
0,2,1,0,"BX","","","","8/F8XD","T",1,0,0,0,0,"F"
0,0,1,2,"CCBFS","","","","K","T",1,0,0,0,0,"T"
0,1,1,1,"CBX","","","","63/G6+","T",1,0,0,0,0,"F"
0,2,2,1,"BCBX","","","","3/P34","T",1,0,0,0,0,"F"
1,0,1,2,"CFB*S","","","","K","T",1,0,0,0,0,"F"
1,1,3,2,"FBFFBBB","","","","W","T",0,1,0,0,0,"F"
1,1,3,2,"B*BSBFX","seagc001","","","S7/L78.1-2","T",0,1,2,0,0,"F"
1,1,2,2,"CS*BBX","polla001","seagc001","","S8/L78D.2-3;1-2","T",0,1,2,3,0,"F"
1,1,3,0,"BBBB","muncm001","polla001","seagc001","W.3-H;2-3;1-2","T",0,1,2,3,4,"F"
1,1,2,2,"*BCF*BX","taylc001","muncm001","polla001","9/F89","T",1,0,1,2,3,"F"
1,2,1,2,"CS*BX","taylc001","muncm001","polla001","54(1)/FO/G56S.B-1","T",1,1,0,2,3,"F"
0,0,2,2,"BFBFFX","","","","S6/G56","T",0,1,0,0,0,"F"
0,0,1,0,"BX","escoe001","","","7/F7","T",1,0,1,0,0,"F"
0,1,0,2,"STT","escoe001","","","K","T",1,0,1,0,0,"F"
0,2,1,2,"CBS1T","escoe001","","","K","T",1,0,1,0,0,"F"
1,0,1,2,"CCBX","","","","8/F89XD","T",1,0,0,0,0,"F"
1,1,1,2,"CFBS","","","","K","T",1,0,0,0,0,"F"
1,2,1,2,"BFSX","","","","E6/TH/G56+.B-1","T",0,1,0,0,0,"F"
1,2,0,0,"111X","bettm001","","","8/F78XD","T",1,0,1,0,0,"F"
0,0,0,0,"X","","","","1/BP4S-","T",1,0,0,0,0,"F"
0,1,2,1,"CBBX","","","","HR/F78XD","T",0,4,0,0,0,"F"
0,1,0,1,"CX","","","","S9/G4","T",0,1,0,0,0,"F"
0,1,0,0,"X","locat001","","","S9/G4+.1-3","T",0,1,3,0,0,"F"
0,1,2,2,"CFBB1X","martk001","","locat001","6/P6","T",1,0,1,0,3,"F"
0,2,1,0,"BX","martk001","","locat001","7/L78XD","T",1,0,1,0,3,"F"
1,0,1,2,"CBSX","","","","D7/L7L+","T",0,2,0,0,0,"F"
1,0,0,2,"CS*S","","polla001","","K.BX1(23)","T",1,0,0,2,0,"F"
1,1,0,1,"FX","","polla001","","D9/L9LS.2-H","T",0,2,0,4,0,"F"
1,1,3,2,"*BBCBFB","","taylc001","","W","T",0,1,0,2,0,"F"
1,1,1,0,"BX","smitw003","taylc001","","54(1)3/GDP/G5","T",2,0,0,2,0,"F"
0,0,2,2,"CCBBX","","","","43/G34","T",1,0,0,0,0,"F"
0,1,2,0,"BBX","","","","7/F78D","T",1,0,0,0,0,"F"
0,2,2,2,"CSBBS","","","","K","T",1,0,0,0,0,"F"
1,0,0,0,"X","","","","4/L4D+","T",1,0,0,0,0,"F"
1,1,3,2,"BBFFBB","","","","W","T",0,1,0,0,0,"F"
1,1,0,0,"X","lux-g001","","","S9/L89.1-2","T",0,1,2,0,0,"F"
1,1,0,0,"X","bettm001","lux-g001","","8/L8XD+.2-3","T",1,0,1,3,0,"F"
1,2,0,2,"F11CF1S","bettm001","","lux-g001","K","T",1,0,1,0,3,"F"
0,0,0,2,"CCC","","","","K","T",1,0,0,0,0,"F"
0,1,2,1,"CBBX","","","","7/L78XD","T",1,0,0,0,0,"F"
0,2,0,1,"CX","","","","13/G4S-","T",1,0,0,0,0,"F"
1,0,0,0,"X","","","","S9/L89D+","T",0,1,0,0,0,"F"
1,0,0,0,"X","muncm001","","","E5/G6.1-3;B-1","T",0,1,3,0,0,"F"
1,0,3,0,"BB*BB","taylc001","","muncm001","W.1-2","T",0,1,2,0,3,"F"
1,0,1,1,"BFX","smitw003","taylc001","muncm001","8/SF/F8XD+.3-H(UR);2-3;1-2","T",1,0,2,3,5,"F"
1,1,0,0,"X","","smitw003","taylc001","8/SF/F78D.3-H(UR)","T",1,0,0,2,5,"F"
1,2,0,0,"X","","smitw003","","43/G4D","T",1,0,0,2,0,"F"
0,0,2,2,"BCCBFFX","","","","31/G3D+","T",1,0,0,0,0,"F"
0,1,2,2,"BCSBX","","","","43/G4-","T",1,0,0,0,0,"F"
0,2,0,1,"CX","","","","43/G4-","T",1,0,0,0,0,"F"
1,0,3,0,".BBBB","","","","W","T",0,1,0,0,0,"F"
1,0,3,2,"BC1BBCB","bettm001","","","W.1-2","T",0,1,2,0,0,"F"
1,0,1,1,"*BCX","seagc001","bettm001","","7/L7LD","T",1,0,1,2,0,"F"
1,1,2,2,"C*B*BFC","seagc001","bettm001","","K","T",1,0,1,2,0,"F"
1,2,0,0,"B","seagc001","bettm001","","PB.2-3;1-2","F",0,0,2,3,0,"F"
1,2,3,2,"B.BFTBFX","","seagc001","bettm001","D9/L9D+.3-H;2-H(UR)","T",0,2,0,5,4,"F"
1,2,1,2,"CF*BX","","taylc001","","8/L8D+","T",1,0,0,2,0,"F"
0,0,1,0,".BX","","","","43/G34S","T",1,0,0,0,0,"F"
0,1,0,0,"X","","","","2/P2F/FL","T",1,0,0,0,0,"F"
0,2,3,2,"BCSBBS","","","","K","T",1,0,0,0,0,"F"
1,0,2,0,"BBX","","","","9/F89XD+","T",1,0,0,0,0,"F"
1,1,1,1,"BSX","","","","4/L4D","T",1,0,0,0,0,"F"
1,2,3,2,"BBBCCC","","","","K","T",1,0,0,0,0,"F"
0,0,2,2,".BSBFC","","","","K","T",1,0,0,0,0,"F"
0,1,2,2,"CCBFBS","","","","K","T",1,0,0,0,0,"F"
0,2,3,2,"CCBFBBFH","","","","HP","T",0,1,0,0,0,"F"
0,2,0,2,"FFX","locat001","","","8/L89XD","T",1,0,1,0,0,"F"
1,0,2,1,".CBBX","","","","9/F89XD","T",1,0,0,0,0,"F"
1,1,3,2,"BFBBSX","","","","D9/L3D+","T",0,2,0,0,0,"F"
1,1,0,2,"FC*S","","seagc001","","K","T",1,0,0,2,0,"F"
1,2,3,0,"VVVV","","seagc001","","IW","T",0,1,0,2,0,"F"
1,2,1,1,"FBX","muncm001","seagc001","","4/P4","T",1,0,1,2,0,"F"
0,0,1,1,".BFX","","","","7/F7D","T",1,0,0,0,0,"F"
0,1,0,0,"X","","","","13/G25","T",1,0,0,0,0,"F"
0,2,3,2,"BBBCSB","","","","W","T",0,1,0,0,0,"F"
0,2,2,1,"BCB>X","calhk001","","","HR/L7LD.1-H","T",0,4,4,0,0,"F"
0,2,3,2,"BBCBCB","","","","W","T",0,1,0,0,0,"F"
0,2,1,2,".BSSFS","youna003","","","K","T",1,0,1,0,0,"F"
0,0,1,2,"BCCFS","","","","K","T",1,0,0,0,0,"T"
0,1,1,1,"CBX","","","","43/G4","T",1,0,0,0,0,"F"
0,2,2,1,"BBCX","","","","8/F78D","T",1,0,0,0,0,"F"
1,0,0,0,"X","","","","S8/L8S","T",0,1,0,0,0,"F"
1,0,0,1,"11F1X","bettm001","","","8/F78S","T",1,0,1,0,0,"F"
1,1,2,1,"1B1CB1X","bettm001","","","46(1)/FO/G4.B-1","T",1,1,0,0,0,"F"
1,2,3,2,"C1SF1F1*B*B*B>X","polla001","","","3/G3","T",1,0,1,0,0,"F"
0,0,1,1,"BCX","","","","D9/G3","T",0,2,0,0,0,"F"
0,0,0,2,"CFX","","perad001","","5/P5","T",1,0,0,2,0,"F"
0,1,0,2,"CSS","","perad001","","K+WP.2-3;B-1","T",0,1,0,3,0,"F"
0,1,3,2,"BBF1SF1FBX","rojaj001","","perad001","9/F9.1-2(E9/TH)","T",1,0,2,0,3,"F"
0,2,1,1,"*BCX","","rojaj001","perad001","4/P9S","T",1,0,0,2,3,"F"
1,0,0,1,"CX","","","","53/G5","T",1,0,0,0,0,"F"
1,1,2,2,"SCBBX","","","","63/G4+","T",1,0,0,0,0,"F"
1,2,3,2,"BBBCFB","","","","W","T",0,1,0,0,0,"F"
1,2,1,1,"1C1BX","smitw003","","","5/P56D","T",1,0,1,0,0,"F"
0,0,1,0,"BX","","","","8/L8XD+","T",1,0,0,0,0,"F"
0,1,1,0,"BX","","","","8/F8XD+","T",1,0,0,0,0,"F"
0,2,3,0,"BBBB","","","","W","T",0,1,0,0,0,"F"
0,2,1,2,"CFB1S","martk001","","","K","T",1,0,1,0,0,"F"
1,0,0,2,"CCX","","","","6/P6MD","T",1,0,0,0,0,"F"
1,1,0,2,"CCFF*S","","","","K","T",1,0,0,0,0,"F"
1,2,1,1,"FBX","","","","53/G6S","T",1,0,0,0,0,"F"
0,0,1,2,"CCBX","","","","7/F7LF/FL","T",1,0,0,0,0,"F"
0,1,0,0,"X","","","","43/G4","T",1,0,0,0,0,"F"
0,2,3,2,"CBBBCC","","","","K","T",1,0,0,0,0,"F"
1,0,0,2,"CFX","","","","53/G56","T",1,0,0,0,0,"F"
1,1,3,0,"BBBX","","","","7/F7D+","T",1,0,0,0,0,"F"
1,2,0,2,"FFS","","","","K","T",1,0,0,0,0,"F"
0,0,3,2,"FBSBBC","","","","K","T",1,0,0,0,0,"F"
0,1,1,2,"SBFS","","","","K","T",1,0,0,0,0,"F"
0,2,1,1,"BCX","","","","S9/L34D","T",0,1,0,0,0,"F"
0,2,1,1,"*BCX","kellc002","","","3/G3","T",1,0,1,0,0,"F"
1,0,0,2,"FC*S","","","","K","T",1,0,0,0,0,"F"
1,1,2,2,"CFBBX","","","","43/G6D","T",1,0,0,0,0,"F"
1,2,2,2,"BSCBS","","","","K","T",1,0,0,0,0,"F"
0,0,2,2,".SBFBX","","","","8/F89XD","T",1,0,0,0,0,"F"
0,1,2,2,"FFBFBX","","","","HR/F7D","T",0,4,0,0,0,"F"
0,1,1,1,"CBX","","","","S7/G25","T",0,1,0,0,0,"F"
0,1,2,2,"BCFFBX","perad001","","","4/P6M","T",1,0,1,0,0,"F"
0,2,0,0,"X","perad001","","","S9/L89.1-2","T",0,1,2,0,0,"F"
0,2,1,0,".BX","rojaj001","perad001","","5(2)/FO/G5.B-1","T",1,1,1,0,0,"F"
1,0,2,2,"SFBBS","","","","K","T",1,0,0,0,0,"F"
1,1,3,2,"SFFBBBX","","","","53/G56","T",1,0,0,0,0,"F"
1,2,2,2,"SBFBS","","","","K","T",1,0,0,0,0,"F"
0,0,1,0,"BX","","","","43/G4","T",1,0,0,0,0,"F"
0,1,1,2,"CBF*S","","","","K.BX1(23)","T",1,0,0,0,0,"F"
0,2,1,2,"BFSX","","","","4/P9S","T",1,0,0,0,0,"F"
1,0,0,0,"X","","","","9/F9","T",1,0,0,0,0,"F"
1,1,3,2,"CBBSBFS","","","","K","T",1,0,0,0,0,"F"
1,2,0,0,"X","","","","8/L8XD+","T",1,0,0,0,0,"F"
0,0,0,1,".CX","","","","7/L7LD","T",1,0,0,0,0,"F"
0,1,2,0,"BBX","","","","7/F78D","T",1,0,0,0,0,"F"
0,2,3,1,"BBBCX","","","","3/G3","T",1,0,0,0,0,"F"
1,0,3,2,"FBBBCB","","","","W","T",0,1,0,0,0,"F"
1,0,2,1,".B1BFX","pedej001","","","54(1)3/GDP/G56","T",2,0,0,0,0,"F"
1,2,1,1,"BSX","","","","7/L7","T",1,0,0,0,0,"F"
0,0,1,1,".BSX","","","","43/G4MD","T",1,0,0,0,0,"F"
0,1,3,1,"BSBBB","","","","W","T",0,1,0,0,0,"F"
0,1,1,0,"1*B1X","rojaj001","","","23/G2-.1-2","T",1,0,2,0,0,"F"
0,2,0,2,"TS*S","","rojaj001","","K","T",1,0,0,2,0,"F"
1,0,0,0,".X","","","","43/G4","T",1,0,0,0,0,"F"
1,1,2,2,"CBSBFX","","","","HR/L8XD","T",0,4,0,0,0,"F"
1,1,1,1,"CBX","","","","D7/L7D+","T",0,2,0,0,0,"F"
1,1,1,2,"TBCS","","seagc001","","K","T",1,0,0,2,0,"F"
1,2,3,2,"BCS*BBX","","seagc001","","43/G34D","T",1,0,0,2,0,"F"
0,0,2,2,"..C*BBSX","","","","9/F89","T",1,0,0,0,0,"F"
0,1,3,0,"B*BBB","","","","W","T",0,1,0,0,0,"F"
0,1,1,1,"CBH","calhk001","","","HP.2-3;1-2","T",0,1,2,0,0,"F"
0,1,3,2,"BBBCSB","martk001","calhk001","","W.3-H(UR);2-3;1-2","T",0,1,2,3,0,"F"
0,1,1,2,"BFFX","walkc002","martk001","calhk001","5/P56S","T",1,0,1,2,3,"F"
0,2,0,2,"CSS","walkc002","martk001","calhk001","K","T",1,0,1,2,3,"F"
1,0,1,1,"..LBX","","","","FC/SH/BG1S-.2-H(E1/TH)(NR)(UR);B-2","T",0,2,0,0,0,"F"
1,0,3,2,"BCF*BBX","","taylc001","","63/G6M.2-3","T",1,0,0,3,0,"F"
1,1,2,1,"BF*BX","","","taylc001","S7/L7D+.3-H(UR)","T",0,1,0,0,5,"F"
0,0,2,2,"FMBBX","","","","63/G56","T",1,0,0,0,0,"T"
0,1,2,2,"SCBBS","","","","K","T",1,0,0,0,0,"F"
0,2,2,2,"CBCFBC","","","","K","T",1,0,0,0,0,"F"
1,0,2,2,"CBFBX","","","","7/L7LD","T",1,0,0,0,0,"F"
1,1,1,0,"BX","","","","S8/L89","T",0,1,0,0,0,"F"
1,1,3,2,"B*BBCFFX","seagc001","","","S34/G3.1-2","T",0,1,2,0,0,"F"
1,1,2,2,"BCCFBX","muncm001","seagc001","","3/G3.2-H(E3/TH)(NR);1-2","T",1,0,2,4,0,"F"
1,2,0,1,"FX","","muncm001","","S7/L78D+.2-H","T",0,1,0,4,0,"F"
1,2,1,0,"BX","taylc001","","","43/G34D+","T",1,0,1,0,0,"F"
0,0,3,2,"CCFBBBB","","","","W","T",0,1,0,0,0,"F"
0,0,0,2,"TSS","perad001","","","K","T",1,0,1,0,0,"F"
0,1,1,1,"BS1X","perad001","","","13/G1S-.1-2","T",1,0,2,0,0,"F"
0,2,0,2,"CCS","","perad001","","K","T",1,0,0,2,0,"F"
1,0,1,2,"CBSFFS","","","","K","T",1,0,0,0,0,"F"
1,1,1,1,"BFX","","","","8/F8XD","T",1,0,0,0,0,"F"
1,2,1,2,"FBSX","","","","8/F8","T",1,0,0,0,0,"F"
0,0,0,2,"FFX","","","","63/G6D+","T",1,0,0,0,0,"F"
0,1,0,2,"CTC","","","","K","T",1,0,0,0,0,"F"
0,2,3,2,"BCCBFFFFFBFC","","","","K","T",1,0,0,0,0,"F"
1,0,0,2,"CCX","","","","3/P3SF/FL","T",1,0,0,0,0,"F"
1,1,2,0,"BBX","","","","7/F7LS","T",1,0,0,0,0,"F"
1,2,2,2,"SBSFBS","","","","K","T",1,0,0,0,0,"F"
0,0,0,2,"CSX","","","","3/G3","T",1,0,0,0,0,"F"
0,1,0,2,"FCFF*S","","","","K","T",1,0,0,0,0,"F"
0,2,3,1,"FBBBX","","","","3/G3+","T",1,0,0,0,0,"F"
1,0,2,2,"CBFBX","","","","3/G3","T",1,0,0,0,0,"F"
1,1,1,2,"FBCT","","","","K","T",1,0,0,0,0,"F"
1,2,2,0,"BBX","","","","8/L89XD","T",1,0,0,0,0,"F"
0,0,3,0,"BBBB","","","","W","T",0,1,0,0,0,"F"
0,0,0,1,"FX","ahmen001","","","8/F8D","T",1,0,1,0,0,"F"
0,1,0,0,"H","ahmen001","","","HP.1-2","T",0,1,2,0,0,"F"
0,1,1,2,"CCFBS","youna003","ahmen001","","K","T",1,0,1,2,0,"F"
0,2,3,2,"BSCBFFF*B>X","youna003","ahmen001","","43/G6MD","T",1,0,1,2,0,"F"
1,0,3,2,"BCFFBBS","","","","K","T",1,0,0,0,0,"F"
1,1,1,2,"TFBFX","","","","9/F89XD","T",1,0,0,0,0,"F"
1,2,1,2,"CCFBS","","","","K","T",1,0,0,0,0,"F"
0,0,0,2,"CFX","","","","43/G8S","T",1,0,0,0,0,"F"
0,1,0,0,"X","","","","43/G34D","T",1,0,0,0,0,"F"
0,2,3,2,"CBBBFX","","","","S4/G6+","T",0,1,0,0,0,"F"
0,2,2,2,"SSB*BX","walkc002","","","56(1)/FO/G4M.B-1","T",1,1,0,0,0,"F"
1,0,3,2,"CFBBBX","","","","8/F78D","T",1,0,0,0,0,"F"
1,1,3,2,"BFFFBFBX","","","","S39/G34+","T",0,1,0,0,0,"F"
1,1,3,0,".BBBB","seagc001","","","W.1-2","T",0,1,2,0,0,"F"
1,1,1,2,"CBCX","muncm001","seagc001","","8/F8D","T",1,0,1,2,0,"F"
1,2,3,1,"CBB*BX","muncm001","seagc001","","64(1)/FO/G56.B-1","T",1,1,0,2,0,"F"
0,0,3,2,".BBBCCFB","","","","W","T",0,1,0,0,0,"F"
0,0,1,1,"BCX","ahmen001","","","S8/L89D.1-3","T",0,1,3,0,0,"F"
0,0,1,2,"C1BCX","rojaj001","","ahmen001","54(1)/FO/G15.3-H;B-1","T",1,1,0,0,4,"F"
0,1,1,2,"BSSFX","youna003","","","7/F78","T",1,0,1,0,0,"F"
0,2,2,2,"BBSSX","youna003","","","9/L9","T",1,0,1,0,0,"F"
1,0,0,0,"..X","","","","HR/L8XD","T",0,4,0,0,0,"F"
1,0,0,2,"FFF*S","","","","K","T",1,0,0,0,0,"F"
1,1,2,0,"BBX","","","","E5/G5","T",0,1,0,0,0,"F"
1,1,0,1,"F1B","herne001","","","WP.1-2","F",0,0,2,0,0,"F"
1,1,2,2,"F1B.BS*S","","herne001","","K","T",1,0,0,2,0,"F"
1,2,0,1,"SX","","herne001","","S8/G6+.2-H(UR)","T",0,1,0,5,0,"F"
1,2,0,2,".111SCX","bettm001","","","S7/L78S-.1-3","T",0,1,3,0,0,"F"
1,2,3,0,"BBBB","seagc001","","bettm001","W.1-2","T",0,1,2,0,3,"F"
1,2,0,1,"SX","muncm001","seagc001","bettm001","9/L9D","T",1,0,1,2,3,"F"
0,0,0,1,"..CX","","","","S5/G6S-","T",0,1,0,0,0,"F"
0,0,0,0,"H","locat001","","","HP.1-2","T",0,1,2,0,0,"F"
0,0,1,2,"S*BFX","calhk001","locat001","","9/F9","T",1,0,1,2,0,"F"
0,1,0,0,"X","calhk001","locat001","","64(1)/FO/G6M.2-3;B-1","T",1,1,0,3,0,"F"
0,2,1,2,"CLBX","perad001","","locat001","64(1)/FO/G6.B-1","T",1,1,0,0,3,"F"
1,0,2,2,".TBCFBX","","","","D8/L78D","T",0,2,0,0,0,"F"
1,0,0,0,"X","","taylc001","","7/L7D","T",1,0,0,2,0,"F"
1,1,0,0,"X","","taylc001","","S6/G6.2-3","T",0,1,0,3,0,"F"
1,1,0,1,"LX","beatm001","","taylc001","S8/L78+.3-H;1-2","T",0,1,2,0,4,"F"
1,1,0,1,"FX","herne001","beatm001","","7/L78XD","T",1,0,1,2,0,"F"
1,2,1,0,"*BX","herne001","beatm001","","8/F89XD","T",1,0,1,2,0,"F"
0,0,1,2,".CCBT","","","","K","T",1,0,0,0,0,"F"
0,1,1,2,"SBCX","","","","D9/G3","T",0,2,0,0,0,"F"
0,1,1,2,"TFBS","","youna003","","K","T",1,0,0,2,0,"F"
0,2,0,2,"SFS","","youna003","","K","T",1,0,0,2,0,"F"
0,0,1,1,"BCX","","","","HR/F9D","T",0,4,0,0,0,"T"
0,0,2,2,"CBFFBC","","","","K","T",1,0,0,0,0,"F"
0,1,0,1,"CX","","","","3/P34D","T",1,0,0,0,0,"F"
0,2,3,1,"CBBBB","","","","W","T",0,1,0,0,0,"F"
0,2,1,2,"CC*BS","blacc001","","","K","T",1,0,1,0,0,"F"
1,0,1,2,"CCBX","","","","S9/L9","T",0,1,0,0,0,"F"
1,0,2,1,"BC1BX","bettm001","","","35(1)1/GDP/G34S","T",2,0,0,0,0,"F"
1,2,3,2,"FBFBBFX","","","","HR/L89XD","T",0,4,0,0,0,"F"
1,2,3,2,"BBBCFX","","","","63/G4S+","T",1,0,0,0,0,"F"
0,0,0,1,"FX","","","","S7/L7","T",0,1,0,0,0,"F"
0,0,3,1,"BB*BCX","murpd006","","","64(1)/FO/G6.B-1","T",1,1,0,0,0,"F"
0,1,0,0,"1S","hampg001","","","WP.1-2","F",0,0,2,0,0,"F"
0,1,1,2,"1S.BFS","","hampg001","","K","T",1,0,0,2,0,"F"
0,2,0,1,"CX","","hampg001","","63/G6M","T",1,0,0,2,0,"F"
1,0,0,0,"X","","","","S9/L9+","T",0,1,0,0,0,"F"
1,0,1,1,"BC1X","polla001","","","46(1)3/GDP/G34","T",2,0,0,0,0,"F"
1,2,2,2,"CSBBS","","","","K","T",1,0,0,0,0,"F"
0,0,3,2,"BFBFBFFX","","","","5/P6D-","T",1,0,0,0,0,"F"
0,1,0,1,"CX","","","","53/G56+","T",1,0,0,0,0,"F"
0,2,0,0,"X","","","","53/G56","T",1,0,0,0,0,"F"
1,0,3,2,"BSCBFBX","","","","63/G6","T",1,0,0,0,0,"F"
1,1,3,1,"BBSBX","","","","S9/G4+","T",0,1,0,0,0,"F"
1,1,1,1,"CBX","lux-g001","","","8/F89","T",1,0,1,0,0,"F"
1,2,2,2,"FSBB1FFF*S","lux-g001","","","K","T",1,0,1,0,0,"F"
0,0,1,2,"CBFS","","","","K","T",1,0,0,0,0,"F"
0,1,0,1,"CX","","","","143/G4MD","T",1,0,0,0,0,"F"
0,2,1,2,"BCFFS","","","","K","T",1,0,0,0,0,"F"
1,0,3,2,"BBCSFBX","","","","43/G34S","T",1,0,0,0,0,"F"
1,1,3,0,"BBBX","","","","5/P5F/FL","T",1,0,0,0,0,"F"
1,2,1,0,"BX","","","","7/F7","T",1,0,0,0,0,"F"
0,0,1,2,"FCFBFX","","","","53/G56","T",1,0,0,0,0,"F"
0,1,3,2,"BBFBFFX","","","","HR/F9D","T",0,4,0,0,0,"F"
0,1,2,1,"CBBX","","","","53/G6","T",1,0,0,0,0,"F"
0,2,3,1,"BBBCX","","","","13/G4MS","T",1,0,0,0,0,"F"
1,0,0,1,"FX","","","","E4/G4.B-1","T",0,1,0,0,0,"F"
1,0,0,0,"X","pedej001","","","9/F89XD","T",1,0,1,0,0,"F"
1,1,1,1,"CBX","pedej001","","","7/F7D","T",1,0,1,0,0,"F"
1,2,2,1,"C*BBX","pedej001","","","8/L8XD","T",1,0,1,0,0,"F"
0,0,2,2,"BBCCX","","","","E4/TH/G4+.B-1","T",0,1,0,0,0,"F"
0,0,0,1,"C11X","stort001","","","54(1)3/GDP/G56","T",2,0,0,0,0,"F"
0,2,3,2,".CFBBBX","","","","31/G34","T",1,0,0,0,0,"F"
1,0,1,2,"BFFX","","","","S8/L78D+.B-2(E8)","T",0,2,0,0,0,"F"
1,0,0,0,"X","","bettm001","","S7/G56.2-H","T",0,1,0,4,0,"F"
1,0,0,2,"CCS","seagc001","","","K","T",1,0,1,0,0,"F"
1,1,2,2,"STBBX","seagc001","","","S9/L89.1-2","T",0,1,2,0,0,"F"
1,1,1,0,".BX","bellc002","seagc001","","8/L89XD.2-3","T",1,0,1,3,0,"F"
1,2,1,1,"BC>S","bellc002","","seagc001","SB2","F",0,0,2,0,3,"F"
1,2,3,2,"BC>S.FFBBFS","","bellc002","seagc001","K","T",1,0,0,2,3,"F"
0,0,0,1,"FX","","","","43/G4MD","T",1,0,0,0,0,"F"
0,1,2,1,"BBSX","","","","13/G34S","T",1,0,0,0,0,"F"
0,2,1,1,"LBX","","","","S15/BG2","T",0,1,0,0,0,"F"
0,2,0,0,"1X","hampg001","","","43/G34D","T",1,0,1,0,0,"F"
1,0,3,2,"BFCFBFBX","","","","S9/L9S","T",0,1,0,0,0,"F"
1,0,3,2,"1CB1BBF1>X","taylc001","","","HR/F78XD.1-H","T",0,4,4,0,0,"F"
1,0,3,1,".BBCBB","","","","W","T",0,1,0,0,0,"F"
1,0,1,1,"CB1B","lux-g001","","","WP.1-2","F",0,0,2,0,0,"F"
1,0,3,2,"CB1B.*BCX","","lux-g001","","7/L78XD.2-3","T",1,0,0,3,0,"F"
1,1,1,1,"F*BX","","","lux-g001","8/SF/F78D.3-H","T",1,0,0,0,4,"F"
1,2,1,2,"CSBX","","","","8/F8XD+","T",1,0,0,0,0,"F"
0,0,0,0,"..H","","","","HP","T",0,1,0,0,0,"F"
0,0,1,2,"CBFX","fuenj001","","","31/G34.1-2","T",1,0,2,0,0,"F"
0,1,2,2,"SBTBFX","","fuenj001","","8/F78XD","T",1,0,0,2,0,"F"
0,2,3,2,"CFBBBB","","fuenj001","","W","T",0,1,0,2,0,"F"
0,2,0,2,".SSX","arenn001","fuenj001","","S5/P5S-.2-3;1-2","T",0,1,2,3,0,"F"
0,2,0,1,"FX","blacc001","arenn001","fuenj001","HR/F7D.3-H;2-H;1-H","T",0,4,4,4,4,"F"
0,2,1,2,".BCCFC","","","","K","T",1,0,0,0,0,"F"
1,0,0,2,"....CFX","","","","S9/L9D+","T",0,1,0,0,0,"F"
1,0,1,1,"CBX","bellc002","","","HR/L89XD.1-H","T",0,4,4,0,0,"F"
1,0,3,1,"BBCBX","","","","HR/F9D","T",0,4,0,0,0,"F"
1,0,0,1,"CX","","","","8/F8XD","T",1,0,0,0,0,"F"
1,1,0,1,"CX","","","","S9/L9S","T",0,1,0,0,0,"F"
1,1,1,1,".BCX","smitw003","","","46(1)/FO/G4.B-1","T",1,1,0,0,0,"F"
1,2,1,0,"*B>C","lux-g001","","","SB2","F",0,0,2,0,0,"F"
1,2,1,2,"*B>C.CFX","","lux-g001","","HR/F78XD.2-H","T",0,4,0,4,0,"F"
1,2,1,2,"SBSX","","","","S8/L78D+","T",0,1,0,0,0,"F"
1,2,2,2,"C1FFF1*B*BS","seagc001","","","K","T",1,0,1,0,0,"F"
0,0,0,2,".CCX","","","","S8/F8","T",0,1,0,0,0,"F"
0,0,2,2,"BBFFS","hampg001","","","K","T",1,0,1,0,0,"F"
0,1,1,2,"BFLX","hampg001","","","9/F9LD","T",1,0,1,0,0,"F"
0,2,0,0,">B","hampg001","","","DI.1-2","F",0,0,2,0,0,"F"
0,2,1,2,">B.FFH","","hampg001","","HP","T",0,1,0,2,0,"F"
0,2,1,2,"TBSFX","tapir001","hampg001","","6/P6","T",1,0,1,2,0,"F"
0,0,3,2,"BBCBTFFT","","","","K","T",1,0,0,0,0,"T"
0,1,2,2,"BBCFC","","","","K","T",1,0,0,0,0,"F"
0,2,0,2,"FS*S","","","","K","T",1,0,0,0,0,"F"
1,0,3,2,"CBBSBB","","","","W","T",0,1,0,0,0,"F"
1,0,2,2,"B1F1FBFFC","bettm001","","","K","T",1,0,1,0,0,"F"
1,1,0,0,"1X","bettm001","","","653/G4.1-3","T",1,0,3,0,0,"F"
1,2,2,1,"*BBSX","","","bettm001","43/G4S","T",1,0,0,0,3,"F"
0,0,1,1,"CBX","","","","D9/L9LD+","T",0,2,0,0,0,"F"
0,0,0,1,"SX","","blacc001","","9/F89XD.2-H(E9/TH)(NR)(UR)","T",1,0,0,5,0,"F"
0,1,1,2,"BFSX","","","","9/F9L","T",1,0,0,0,0,"F"
0,2,2,0,"BBX","","","","7/F7","T",1,0,0,0,0,"F"
1,0,1,1,"CBX","","","","3/G3D","T",1,0,0,0,0,"F"
1,1,2,2,"CCBFBFS","","","","K","T",1,0,0,0,0,"F"
1,2,1,0,"BX","","","","D9/L9LD","T",0,2,0,0,0,"F"
1,2,0,2,"SFX","","lux-g001","","8/F8D","T",1,0,0,2,0,"F"
0,0,3,2,"BFLBBS","","","","K","T",1,0,0,0,0,"F"
0,1,0,1,"CX","","","","8/L8XD","T",1,0,0,0,0,"F"
0,2,0,0,"X","","","","D7/L7LS","T",0,2,0,0,0,"F"
0,2,1,1,"BSX","","tapir001","","43/G6MS","T",1,0,0,2,0,"F"
1,0,1,2,"CCB*S","","","","K","T",1,0,0,0,0,"F"
1,1,0,2,"CCX","","","","S9/L9","T",0,1,0,0,0,"F"
1,1,1,2,"S11BFX","bettm001","","","8/F8XD","T",1,0,1,0,0,"F"
1,2,1,2,"CC*B1","bettm001","","","PO1(E1/TH).1-2","F",0,0,2,0,0,"F"
1,2,1,2,"CC*B1.X","","bettm001","","8/L8XD","T",1,0,0,2,0,"F"
0,0,2,2,"CFBBS","","","","K","T",1,0,0,0,0,"F"
0,1,3,2,"SBFBBFX","","","","HR/L9LD","T",0,4,0,0,0,"F"
0,1,0,2,"SS*S","","","","K","T",1,0,0,0,0,"F"
0,2,0,0,"X","","","","7/L7LD","T",1,0,0,0,0,"F"
1,0,0,0,"X","","","","9/F9D+","T",1,0,0,0,0,"F"
1,1,2,0,"BBX","","","","43/G34D+","T",1,0,0,0,0,"F"
1,2,0,0,"X","","","","4/L4D","T",1,0,0,0,0,"F"
0,0,2,2,"CFFBBFX","","","","63/G6","T",1,0,0,0,0,"F"
0,1,1,2,"SBSS","","","","K","T",1,0,0,0,0,"F"
0,2,1,0,"BX","","","","13/G1S-","T",1,0,0,0,0,"F"
1,0,3,1,"CBBBB","","","","W","T",0,1,0,0,0,"F"
1,0,0,1,"FX","lux-g001","","","13/G23-.1-2","T",1,0,2,0,0,"F"
1,1,2,0,"BBX","","lux-g001","","63/G6.2-3","T",1,0,0,3,0,"F"
1,2,0,1,"SX","","","lux-g001","S7/L7.3-H","T",0,1,0,0,4,"F"
1,2,0,1,"F1X","bettm001","","","D8/L89XD.1-H","T",0,2,4,0,0,"F"
1,2,0,0,"X","","seagc001","","7/L7D","T",1,0,0,2,0,"F"
0,0,1,0,"BX","","","","23/G2-","T",1,0,0,0,0,"F"
0,1,0,2,"LCS","","","","K","T",1,0,0,0,0,"F"
0,2,0,0,"X","","","","43/G6D","T",1,0,0,0,0,"F"
1,0,3,2,"BBCSBFB","","","","W","T",0,1,0,0,0,"F"
1,0,0,0,"X","bellc002","","","6(1)3/GDP/G4MS+","T",2,0,0,0,0,"F"
1,2,3,2,"BFSBBT","","","","K","T",1,0,0,0,0,"F"
0,0,0,2,".CSS","","","","K","T",1,0,0,0,0,"F"
0,1,0,2,"CF*S","","","","K","T",1,0,0,0,0,"F"
0,2,1,2,"BCFX","","","","63/G56","T",1,0,0,0,0,"F"
1,0,2,2,"CBCBFX","","","","7/L7LD","T",1,0,0,0,0,"F"
1,1,1,2,"CFB*S","","","","K","T",1,0,0,0,0,"F"
1,2,1,0,"BX","","","","D7/L7LS","T",0,2,0,0,0,"F"
1,2,0,1,"FX","","barna001","","9/F9","T",1,0,0,2,0,"F"
0,0,2,2,"FCBBX","","","","8/F89XD","T",1,0,0,0,0,"F"
0,1,0,2,"CCS","","","","K","T",1,0,0,0,0,"F"
0,2,1,2,"..SBFF*S","","","","K","T",1,0,0,0,0,"F"
1,0,0,2,"..SF*S","","","","K","T",1,0,0,0,0,"F"
1,1,2,2,"SBSBX","","","","3/G3","T",1,0,0,0,0,"F"
1,2,0,2,"CFX","","","","9/F9","T",1,0,0,0,0,"F"
0,0,2,0,"BBX","","","","S7/G5+","T",0,1,0,0,0,"F"
0,0,1,0,"1BX","tapir001","","","S9/L9.1-3","T",0,1,3,0,0,"F"
0,0,0,1,"C1X","stort001","","tapir001","S9/G4.3-H;1-2","T",0,1,2,0,4,"F"
0,0,1,1,".BCX","arenn001","stort001","","23/G2-.2-3;1-2","T",1,0,2,3,0,"F"
0,1,3,0,"VVVV","","arenn001","stort001","IW","T",0,1,0,2,3,"F"
0,1,1,2,".FS*BFX","pillk001","arenn001","stort001","D9/L9LS.3-H;2-H;1-3","T",0,2,3,4,4,"F"
0,1,2,2,"CBCBC","","fuenj001","pillk001","K","T",1,0,0,2,3,"F"
0,2,3,2,"FBCFB*BS","","fuenj001","pillk001","K","T",1,0,0,2,3,"F"
1,0,2,2,"..BFCFBS","","","","K","T",1,0,0,0,0,"F"
1,1,2,2,"CBSBFX","","","","S9/L9+","T",0,1,0,0,0,"F"
1,1,3,2,"BCBTBS","polla001","","","K","T",1,0,1,0,0,"F"
1,2,0,0,">X","polla001","","","7/F78XD","T",1,0,1,0,0,"F"
0,0,0,2,"CF*S","","","","K","T",1,0,0,0,0,"T"
0,1,3,2,"FBSBBB","","","","W","T",0,1,0,0,0,"F"
0,1,0,2,"C1C1","stort001","","","SB2","F",0,0,2,0,0,"F"
0,1,1,2,"C1C1.BFFX","","stort001","","7/F7D.2-3","T",1,0,0,3,0,"F"
0,2,2,2,"SSFBBS","","","stort001","K","T",1,0,0,0,3,"F"
1,0,0,2,"FFX","","","","5/P56D","T",1,0,0,0,0,"F"
1,1,0,2,"CFFX","","","","HR/F7D","T",0,4,0,0,0,"F"
1,1,3,1,"FBBBB","","","","W","T",0,1,0,0,0,"F"
1,1,2,2,"S*BBFX","muncm001","","","6/P8S","T",1,0,1,0,0,"F"
1,2,3,2,"BBTCB>C","muncm001","","","K","T",1,0,1,0,0,"F"
0,0,0,0,"X","","","","3/BP3F/FL","T",1,0,0,0,0,"F"
0,1,2,1,"BBCX","","","","S7/L7","T",0,1,0,0,0,"F"
0,1,0,1,"FX","kempm001","","","HR/F7D.1-H","T",0,4,4,0,0,"F"
0,1,3,2,"BBSBFX","","","","8/F8","T",1,0,0,0,0,"F"
0,2,0,1,"CX","","","","S1/G25-","T",0,1,0,0,0,"F"
0,2,0,2,"FCB","diaze005","","","WP.1-2","F",0,0,2,0,0,"F"
0,2,1,2,"FCB.FFT","","diaze005","","K","T",1,0,0,2,0,"F"
1,0,3,2,"CBBSBX","","","","HR/F89XD","T",0,4,0,0,0,"F"
1,0,3,2,"SBBSFBB","","","","W","T",0,1,0,0,0,"F"
1,0,2,1,"1*BCBX","taylc001","","","56(1)3/GDP/G6S","T",2,0,0,0,0,"F"
1,2,1,2,"SFBX","","","","13/G2-","T",1,0,0,0,0,"F"
0,0,3,2,"BBCCFBF*B","","","","W","T",0,1,0,0,0,"F"
0,0,0,0,"X","stort001","","","4(1)3/GDP/G1S+","T",2,0,0,0,0,"F"
0,2,2,2,"CBBCFC","","","","K","T",1,0,0,0,0,"F"
1,0,2,2,"BBCFX","","","","7/F7LS","T",1,0,0,0,0,"F"
1,1,3,0,"BBBB","","","","W","T",0,1,0,0,0,"F"
1,1,3,2,"CBCFBBFFFB","seagc001","","","W.1-2","T",0,1,2,0,0,"F"
1,1,0,0,"X","muncm001","seagc001","","9/L9D+/DP.2X2(936)","T",2,0,1,0,0,"F"
0,0,0,0,"X","","","","8/L8D","T",1,0,0,0,0,"F"
0,1,2,2,"FBCBS","","","","K","T",1,0,0,0,0,"F"
0,2,1,2,"FFBX","","","","3/L3-","T",1,0,0,0,0,"F"
1,0,2,2,"FBBFX","","","","S9/L9D+.BX2(96)","T",1,0,0,0,0,"F"
1,1,1,1,"BFX","","","","S8/G6M","T",0,1,0,0,0,"F"
1,1,0,0,"X","smitw003","","","4/L4MD","T",1,0,1,0,0,"F"
1,2,1,2,"BCFX","smitw003","","","63/G6M+","T",1,0,1,0,0,"F"
0,0,1,1,"CBX","","","","S5/BG2","T",0,1,0,0,0,"F"
0,0,0,2,"CF11>T","hampg001","","","K+SB2","T",1,0,2,0,0,"F"
0,1,0,1,"SX","","hampg001","","S7/G6.2-H;B-2","T",0,2,0,4,0,"F"
0,1,2,0,".BBX","","tapir001","","8/L89XD+.2-3","T",1,0,0,3,0,"F"
0,2,3,1,"CBBBX","","","tapir001","S7/L7D+.3-H","T",0,1,0,0,4,"F"
0,2,0,1,"CX","arenn001","","","56(1)/FO/G1.B-1","T",1,1,0,0,0,"F"
1,0,2,1,"CBBX","","","","D7/L7D+","T",0,2,0,0,0,"F"
1,0,3,1,"FBBBX","","herne001","","7/F7D","T",1,0,0,2,0,"F"
1,1,0,0,"X","","herne001","","HR/L9D.2-H","T",0,4,0,4,0,"F"
1,1,2,2,".FBCBS","","","","K","T",1,0,0,0,0,"F"
1,2,2,2,"BSFBX","","","","6/L4MD","T",1,0,0,0,0,"F"
0,0,3,2,"BCFFBBB","","","","W","T",0,1,0,0,0,"F"
0,0,2,2,"BBSSX","pillk001","","","63/G6.1-2","T",1,0,2,0,0,"F"
0,1,0,2,"CFFS","","pillk001","","K","T",1,0,0,2,0,"F"
0,2,2,2,".BCSBFFX","","pillk001","","T8/L8XD+.2-H","T",0,3,0,4,0,"F"
0,2,1,2,"SBTT","","","hampg001","K","T",1,0,0,0,3,"F"
1,0,0,0,"X","","","","S6/G6MS","T",0,1,0,0,0,"F"
1,0,2,2,"BCBFC","polla001","","","K","T",1,0,1,0,0,"F"
1,1,0,0,"X","polla001","","","HR/L9D.1-H","T",0,4,4,0,0,"F"
1,1,0,2,"FCS","","","","K","T",1,0,0,0,0,"F"
1,2,2,1,"CBBX","","","","53/G5+","T",1,0,0,0,0,"F"
0,0,0,2,".FCX","","","","S5/G56","T",0,1,0,0,0,"F"
0,0,0,2,"1TFFX","tapir001","","","64(1)/FO/G6.B-1","T",1,1,0,0,0,"F"
0,1,1,0,"B11>B","stort001","","","SB2","F",0,0,2,0,0,"F"
0,1,3,2,"B11>B.BCCX","","stort001","","43/G4M.2-3","T",1,0,0,3,0,"F"
0,2,2,2,".BSBTX","","","stort001","3/G3","T",1,0,0,0,3,"F"
1,0,1,2,".CSBX","","","","31/G34S","T",1,0,0,0,0,"F"
1,1,2,2,"BFFBS","","","","K","T",1,0,0,0,0,"F"
1,2,0,1,"CX","","","","63/G4M+","T",1,0,0,0,0,"F"
0,0,0,0,".X","","","","S7/G6+","T",0,1,0,0,0,"F"
0,0,0,1,"CX","pillk001","","","HR/L7D.1-H","T",0,4,4,0,0,"F"
0,0,3,0,"BBBB","","","","W","T",0,1,0,0,0,"F"
0,0,2,2,"CB1FBS","fuenj001","","","K","T",1,0,1,0,0,"F"
0,1,0,1,"FX","fuenj001","","","8/F89","T",1,0,1,0,0,"F"
0,2,0,2,"TS>X","fuenj001","","","S5/G5S-.1-2","T",0,1,2,0,0,"F"
0,2,2,2,"FBFFFB*S","tapir001","fuenj001","","K","T",1,0,1,2,0,"F"
1,0,0,2,".CFX","","","","8/F8D","T",1,0,0,0,0,"F"
1,1,1,2,"CSBX","","","","S9/F89","T",0,1,0,0,0,"F"
1,1,2,1,"BBF1>X","polla001","","","3/P34","T",1,0,1,0,0,"F"
1,2,1,2,"CFBF>B","polla001","","","CS2(24)","F",1,0,0,0,0,"F"
0,0,2,1,".BFBX","","","","53/G56S","T",1,0,0,0,0,"F"
0,1,0,0,"X","","","","13/BG2","T",1,0,0,0,0,"F"
0,2,1,2,"BCCFX","","","","S7/L78D","T",0,1,0,0,0,"F"
0,2,1,2,"SCB>F1T","pillk001","","","K","T",1,0,1,0,0,"F"
1,0,0,0,".X","","","","63/G6D+","T",1,0,0,0,0,"F"
1,1,2,2,"FBSBFS","","","","K","T",1,0,0,0,0,"F"
1,2,3,2,".BBCBFFB","","","","W","T",0,1,0,0,0,"F"
1,2,3,2,"CFFBBFF*B>F>B","riose001","","","W.1-2","T",0,1,2,0,0,"F"
1,2,0,1,"SX","lux-g001","riose001","","43/G4","T",1,0,1,2,0,"F"
0,0,1,0,"BX","","","","D7/G5+","T",0,2,0,0,0,"T"
0,0,0,0,"X","","sprig001","","7/F78","T",1,0,0,2,0,"F"
0,1,2,2,"BCCBX","","sprig001","","43/G4D+.2-3","T",1,0,0,3,0,"F"
0,2,3,2,"BBBCFX","","","sprig001","S8/F78S.3-H","T",0,1,0,0,4,"F"
0,2,1,2,"SC1BFT","gurry001","","","K","T",1,0,1,0,0,"F"
1,0,0,2,"CCC","","","","K","T",1,0,0,0,0,"F"
1,1,1,0,"BX","","","","63/G4D","T",1,0,0,0,0,"F"
1,2,2,2,"CCBBX","","","","43/G4MD","T",1,0,0,0,0,"F"
0,0,0,1,"CX","","","","7/F78XD","T",1,0,0,0,0,"F"
0,1,0,2,"CSX","","","","7/L7D","T",1,0,0,0,0,"F"
0,2,2,2,"BBFFX","","","","6/P6","T",1,0,0,0,0,"F"
1,0,1,2,"CBCT","","","","K","T",1,0,0,0,0,"F"
1,1,3,1,"BBCBX","","","","S7/L7+","T",0,1,0,0,0,"F"
1,1,1,1,"*BCX","smitw003","","","7/F7D+","T",1,0,1,0,0,"F"
1,2,3,1,"S*BBBX","smitw003","","","HR/F9D.1-H","T",0,4,4,0,0,"F"
1,2,0,0,"X","","","","HR/L9D","T",0,4,0,0,0,"F"
1,2,0,2,"CFX","","","","7/F78","T",1,0,0,0,0,"F"
0,0,3,2,"BFCBFBFB","","","","W","T",0,1,0,0,0,"F"
0,0,0,1,"CX","maldm001","","","7/L7D","T",1,0,1,0,0,"F"
0,1,0,1,"CX","maldm001","","","64(1)3/GDP/G56","T",2,0,0,0,0,"F"
1,0,2,2,"BSBCS","","","","K","T",1,0,0,0,0,"F"
1,1,2,1,"TBBX","","","","T8/L78XD+","T",0,3,0,0,0,"F"
1,1,0,0,"X","","","seagc001","9/SF/L9D+.3-H","T",1,0,0,0,4,"F"
1,2,1,2,"SCFBX","","","","63/G4-","T",1,0,0,0,0,"F"
0,0,3,2,"BCBTFBX","","","","7/L78XD","T",1,0,0,0,0,"F"
0,1,3,2,"BCFBFBB","","","","W","T",0,1,0,0,0,"F"
0,1,0,1,"SX","gurry001","","","5/P5DF/FL","T",1,0,1,0,0,"F"
0,2,0,0,">C","gurry001","","","CS2(24)","F",1,0,0,0,0,"F"
1,0,0,1,"CX","","","","43/G4-","T",1,0,0,0,0,"F"
1,1,2,2,"BCBCFC","","","","K","T",1,0,0,0,0,"F"
1,2,3,2,"BBSFB*S","","","","K.BX1(23)","T",1,0,0,0,0,"F"
0,0,3,1,"BBBC*B","","","","W","T",0,1,0,0,0,"F"
0,0,1,2,"C*BF1FFX","corrc001","","","54(1)/FO/G5.B-1","T",1,1,0,0,0,"F"
0,1,1,2,"FBFS","diaza003","","","K","T",1,0,1,0,0,"F"
0,2,1,2,"*BCSFFFC","diaza003","","","K","T",1,0,1,0,0,"F"
1,0,1,1,"BFX","","","","9/F9D","T",1,0,0,0,0,"F"
1,1,3,2,"BBBCF*S","","","","K","T",1,0,0,0,0,"F"
1,2,3,1,"BBBCB","","","","W","T",0,1,0,0,0,"F"
1,2,0,1,"111CB","bettm001","","","WP.1-2","F",0,0,2,0,0,"F"
1,2,1,1,"111CB.X","","bettm001","","S7/G56.2-H","T",0,1,0,4,0,"F"
1,2,2,2,"BBFF1*S","seagc001","","","K.BX1(23)","T",1,0,1,0,0,"F"
0,0,1,2,"CBFX","","","","4/P89S","T",1,0,0,0,0,"F"
0,1,3,2,"BCBBFFB","","","","W","T",0,1,0,0,0,"F"
0,1,0,0,"X","brega001","","","9/F89XD","T",1,0,1,0,0,"F"
0,2,0,1,"FX","brega001","","","S7/L7.1-2","T",0,1,2,0,0,"F"
0,2,0,1,"CX","gurry001","brega001","","8/F8","T",1,0,1,2,0,"F"
1,0,3,2,".BBFFBS","","","","K","T",1,0,0,0,0,"F"
1,1,1,1,"CBX","","","","D7/L7L","T",0,2,0,0,0,"F"
1,1,2,2,"SBSFBFT","","smitw003","","K","T",1,0,0,2,0,"F"
1,2,1,0,"BX","","smitw003","","S7/G56.2-3","T",0,1,0,3,0,"F"
1,2,0,2,"CF1C","taylc001","","smitw003","K","T",1,0,1,0,3,"F"
0,0,0,2,".CFX","","","","63/G56D+","T",1,0,0,0,0,"F"
0,1,0,1,"CX","","","","D9/L9L","T",0,2,0,0,0,"F"
0,1,2,2,"FF*BBS","","diaza003","","K","T",1,0,0,2,0,"F"
0,2,0,0,"X","","diaza003","","53/G56","T",1,0,0,2,0,"F"
1,0,1,2,".BCFF*S","","","","K","T",1,0,0,0,0,"F"
1,1,0,0,"X","","","","S4/G6","T",0,1,0,0,0,"F"
1,1,3,2,"1BFC*BBC","bettm001","","","K","T",1,0,1,0,0,"F"
1,2,0,1,".F>B","bettm001","","","CS2(24)","F",1,0,0,0,0,"F"
0,0,0,0,".X","","","","S8/L89","T",0,1,0,0,0,"F"
0,0,2,1,"CBBX","sprig001","","","54(1)/FO/G56.B-1","T",1,1,0,0,0,"F"
0,1,0,0,"X","brega001","","","S7/L78D.1-3","T",0,1,3,0,0,"F"
0,1,0,0,"X","branm003","","brega001","4(1)/FO/G6MD+.3-H;B-1","T",1,1,0,0,4,"F"
0,2,1,2,"SF*BS","gurry001","","","K","T",1,0,1,0,0,"F"
1,0,1,2,"BSCX","","","","9/L9D","T",1,0,0,0,0,"F"
1,1,1,0,"BX","","","","3/G3","T",1,0,0,0,0,"F"
1,2,1,1,"BCX","","","","9/F9LS","T",1,0,0,0,0,"F"
0,0,0,1,".SX","","","","S7/L78D","T",0,1,0,0,0,"F"
0,0,0,2,"SFF1FX","corrc001","","","S7/L78S.1-2","T",0,1,2,0,0,"F"
0,0,1,2,"CBSX","diaza003","corrc001","","D8/L78D.2-H;1-H","T",0,2,4,4,0,"F"
0,0,1,0,"BX","","reddj001","","S7/L7.2-3","T",0,1,0,3,0,"F"
0,0,0,2,".1S1SFX","mayfj001","","reddj001","S5/G56.3-H;1-2;B-1","T",0,1,2,0,4,"F"
0,0,1,2,"CSBX","sprig001","mayfj001","","S8/L89D.2-H;1-3","T",0,1,3,4,0,"F"
0,0,0,1,".CX","brega001","","sprig001","FC/G6MD.3XH(62);1-3;B-1","T",1,1,3,0,0,"F"
0,1,0,1,"CX","branm003","","brega001","8/SF/L89D.3-H","T",1,0,1,0,4,"F"
0,2,2,2,"CBFB1S","branm003","","","K","T",1,0,1,0,0,"F"
1,0,3,2,"...BFTBFBX","","","","S9/L89D+","T",0,1,0,0,0,"F"
1,0,1,0,"*BX","bellc002","","","64(1)3/GDP/G6","T",2,0,0,0,0,"F"
1,2,0,1,".CX","","","","D7/L78XD+","T",0,2,0,0,0,"F"
1,2,0,2,"CCN","","pedej001","","DI.2-3","F",0,0,0,3,0,"F"
1,2,1,2,"CCN.FB*S","","","pedej001","K","T",1,0,0,0,3,"F"
0,0,0,2,"SFS","","","","K","T",1,0,0,0,0,"T"
0,1,0,2,"CCS","","","","K","T",1,0,0,0,0,"F"
0,2,1,1,"CBX","","","","S7/L78","T",0,1,0,0,0,"F"
0,2,0,2,"FFT","branm003","","","K","T",1,0,1,0,0,"F"
1,0,0,2,"TCX","","","","63/G6D+","T",1,0,0,0,0,"F"
1,1,2,0,"BBX","","","","3/G3","T",1,0,0,0,0,"F"
1,2,1,1,"BSX","","","","HR/L7LD","T",0,4,0,0,0,"F"
1,2,2,2,"BCSBS","","","","K","T",1,0,0,0,0,"F"
0,0,0,0,".X","","","","9/L89XD","T",1,0,0,0,0,"F"
0,1,3,1,"BBFB*B","","","","W","T",0,1,0,0,0,"F"
0,1,0,1,"CX","maldm001","","","63/G4D.1-2","T",1,0,2,0,0,"F"
0,2,2,2,"CBS*BX","","maldm001","","43/G4","T",1,0,0,2,0,"F"
1,0,2,1,"CBBX","","","","13/G1S-","T",1,0,0,0,0,"F"
1,1,1,1,"BCX","","","","S8/G6M","T",0,1,0,0,0,"F"
1,1,0,0,"X","bellc002","","","S5/BG6S.1-2","T",0,1,2,0,0,"F"
1,1,0,0,"X","taylc001","bellc002","","36(1)1/GDP/G3","T",2,0,0,2,0,"F"
0,0,1,2,".CBFX","","","","43/G6MS+","T",1,0,0,0,0,"F"
0,1,0,1,"CX","","","","63/G6","T",1,0,0,0,0,"F"
0,2,3,1,"CBBBX","","","","DGR/L7LD+","T",0,2,0,0,0,"F"
0,2,0,0,"B","","brega001","","WP.2-3","F",0,0,0,3,0,"F"
0,2,1,0,"B.X","","","brega001","43/G34D","T",1,0,0,0,3,"F"
1,0,0,0,"X","","","","8/F89D","T",1,0,0,0,0,"F"
1,1,0,1,"CX","","","","7/F7D","T",1,0,0,0,0,"F"
1,2,1,2,"CBCS","","","","K","T",1,0,0,0,0,"F"
0,0,0,1,"CX","","","","63/G6","T",1,0,0,0,0,"F"
0,1,0,2,"CCFFS","","","","K","T",1,0,0,0,0,"F"
0,2,2,2,"SBBC*S","","","","K","T",1,0,0,0,0,"F"
1,0,2,2,"CCBBX","","","","53/G56","T",1,0,0,0,0,"F"
1,1,0,0,"X","","","","13/G4MS+","T",1,0,0,0,0,"F"
1,2,1,0,"BX","","","","9/F9D","T",1,0,0,0,0,"F"
0,0,0,2,".SSS","","","","K","T",1,0,0,0,0,"F"
0,1,2,2,"SFBFFBX","","","","9/L9","T",1,0,0,0,0,"F"
0,2,0,1,"CX","","","","9/F89S","T",1,0,0,0,0,"F"
1,0,1,2,"CFBX","","","","S5/G56S-","T",0,1,0,0,0,"F"
1,0,2,0,"1B*BX","bellc002","","","D9/F9LS.1-3","T",0,2,3,0,0,"F"
1,0,2,2,"CCBBX","","taylc001","bellc002","43/G4S+","T",1,0,0,2,3,"F"
1,1,1,0,"*BX","","taylc001","bellc002","S7/G6.3-H;2-H","T",0,1,0,4,4,"F"
1,1,0,2,"CF1X","herne001","","","HR/F89XD.1-H","T",0,4,4,0,0,"F"
1,1,3,2,"BSBSBX","","","","DGR/L9LD","T",0,2,0,0,0,"F"
1,1,0,0,"X","","seagc001","","7/F7","T",1,0,0,2,0,"F"
1,2,0,2,"SCS","","seagc001","","K","T",1,0,0,2,0,"F"
0,0,1,2,".BSSX","","","","HR/F8XD","T",0,4,0,0,0,"F"
0,0,1,2,"CBFX","","","","4/L4MD","T",1,0,0,0,0,"F"
0,1,1,1,"CBX","","","","43/G34D","T",1,0,0,0,0,"F"
0,2,3,2,"CBBTBC","","","","K","T",1,0,0,0,0,"F"
1,0,3,2,".BFBFFBX","","","","S9/F9S","T",0,1,0,0,0,"F"
1,0,2,2,"BSBSFC","smitw003","","","K","T",1,0,1,0,0,"F"
1,1,1,0,"BS","smitw003","","","BK.1-2","F",0,0,2,0,0,"F"
1,1,1,2,"BS.FS","","smitw003","","K","T",1,0,0,2,0,"F"
1,2,1,2,"SFBFS","","smitw003","","K","T",1,0,0,2,0,"F"
0,0,2,2,".CSBBX","","","","6/P56D","T",1,0,0,0,0,"F"
0,1,1,1,"CBX","","","","S9/F89S","T",0,1,0,0,0,"F"
0,1,0,1,"CH","maldm001","","","HP.1-2","T",0,1,2,0,0,"F"
0,1,3,2,"SBBFFFBX","toroa001","maldm001","","9/F9","T",1,0,1,2,0,"F"
0,2,2,2,"BSF*BS","toroa001","maldm001","","K","T",1,0,1,2,0,"F"
1,0,1,2,"CFBFFS","","","","K","T",1,0,0,0,0,"F"
1,1,2,2,"CBFBC","","","","K","T",1,0,0,0,0,"F"
1,2,0,1,"FX","","","","7/F7L","T",1,0,0,0,0,"F"
0,0,2,2,".CFBFFBFX","","","","63/G6","T",1,0,0,0,0,"F"
0,1,1,2,"FFFBFX","","","","63/G56","T",1,0,0,0,0,"F"
0,2,2,2,"CFBBS","","","","K","T",1,0,0,0,0,"F"
1,0,2,2,".FBFBX","","","","6/L56D","T",1,0,0,0,0,"F"
1,1,0,2,"CTX","","","","S8/L89","T",0,1,0,0,0,"F"
1,1,3,2,"B1C*BSBX","muncm001","","","DGR/F9LD.1-3","T",0,2,3,0,0,"F"
1,1,3,2,"BSBSFFBFX","","smitw003","muncm001","7/F7S","T",1,0,0,2,3,"F"
1,2,3,1,".BBFBX","","smitw003","muncm001","HR/L78XD.3-H;2-H","T",0,4,0,4,4,"F"
1,2,1,1,"CBX","","","","31/G3","T",1,0,0,0,0,"F"
0,0,1,1,".CBX","","","","7/F7","T",1,0,0,0,0,"F"
0,1,2,2,"FBFBFFF*S","","","","K","T",1,0,0,0,0,"F"
0,2,1,2,"CBFX","","","","43/G6M","T",1,0,0,0,0,"F"
0,0,2,0,"BBX","","","","9/L89","T",1,0,0,0,0,"T"
0,1,1,0,"BX","","","","HR/F7LD","T",0,4,0,0,0,"F"
0,1,0,0,"X","","","","6/L6D","T",1,0,0,0,0,"F"
0,2,3,2,"CBBBSB","","","","W","T",0,1,0,0,0,"F"
0,2,2,2,"BCBCFX","olsom001","","","43/G4M","T",1,0,1,0,0,"F"
1,0,0,2,"CTX","","","","S7/L7S","T",0,1,0,0,0,"F"
1,0,0,1,"C1B","bettm001","","","WP.1-2","F",0,0,2,0,0,"F"
1,0,1,2,"C1B.TX","","bettm001","","S8/G4.2-H","T",0,1,0,4,0,"F"
1,0,0,2,"CFS","seagc001","","","K","T",1,0,1,0,0,"F"
1,1,0,1,"FX","seagc001","","","D9/L9LS.1-3","T",0,2,3,0,0,"F"
1,1,3,2,"CTBB*BX","","bellc002","seagc001","6/L6/DP.3X3(65)","T",2,0,0,2,0,"F"
0,0,1,2,"CFBS","","","","K","T",1,0,0,0,0,"F"
0,1,0,2,"FFT","","","","K","T",1,0,0,0,0,"F"
0,2,0,1,"FX","","","","7/F78XD","T",1,0,0,0,0,"F"
1,0,2,2,"CTBBFFX","","","","43/G1S","T",1,0,0,0,0,"F"
1,1,2,2,"BSFFBS","","","","K","T",1,0,0,0,0,"F"
1,2,2,2,"FSBBX","","","","53/G56","T",1,0,0,0,0,"F"
0,0,3,2,"CBBFBB","","","","W","T",0,1,0,0,0,"F"
0,0,1,0,"BX","murps001","","","3/G3.1-2","T",1,0,2,0,0,"F"
0,1,0,1,"FX","","murps001","","43/G23.2-3","T",1,0,0,3,0,"F"
0,2,0,1,"CB","","","murps001","WP.3-H(NR)","F",0,0,0,0,4,"F"
0,2,2,2,"CB.BFX","","","","9/F9","T",1,0,0,0,0,"F"
1,0,2,1,"BFBX","","","","43/L34D","T",1,0,0,0,0,"F"
1,1,0,1,"CX","","","","5/L5D","T",1,0,0,0,0,"F"
1,2,1,0,"BX","","","","S8/F8","T",0,1,0,0,0,"F"
1,2,0,1,"C1X","seagc001","","","HR/F8XD.1-H","T",0,4,4,0,0,"F"
1,2,3,2,"CBBBFB","","","","W","T",0,1,0,0,0,"F"
1,2,0,2,"CFX","bellc002","","","8/F8D","T",1,0,1,0,0,"F"
0,0,1,1,"BCX","","","","8/L8XD+","T",1,0,0,0,0,"F"
0,1,0,1,"CX","","","","S8/L89S","T",0,1,0,0,0,"F"
0,1,0,2,"CS*S","canhm001","","","K","T",1,0,1,0,0,"F"
0,2,3,2,"B1F*BBF>S","canhm001","","","K","T",1,0,1,0,0,"F"
1,0,0,0,"X","","","","HR/L7D","T",0,4,0,0,0,"F"
1,0,1,2,"CSBX","","","","8/F8XD","T",1,0,0,0,0,"F"
1,1,1,1,"BCX","","","","HR/F8XD","T",0,4,0,0,0,"F"
1,1,0,2,"CCS","","","","K","T",1,0,0,0,0,"F"
1,2,2,1,"CBBX","","","","4/P4MD","T",1,0,0,0,0,"F"
0,0,0,1,"FX","","","","S9/G34","T",0,1,0,0,0,"F"
0,0,3,2,"FFBF*BB>C","kempt001","","","K+SB2","T",1,0,2,0,0,"F"
0,1,3,1,"CBBBB","","kempt001","","W","T",0,1,0,2,0,"F"
0,1,3,2,"CBSBBFX","lastt001","kempt001","","4/P89S","T",1,0,1,2,0,"F"
0,2,0,0,"X","lastt001","kempt001","","4/P4MD","T",1,0,1,2,0,"F"
1,0,2,2,".CBFBX","","","","HR/F8XD","T",0,4,0,0,0,"F"
1,0,2,2,"BFSBX","","","","31/G34","T",1,0,0,0,0,"F"
1,1,3,0,"BBBB","","","","W","T",0,1,0,0,0,"F"
1,1,1,2,"CFFFBX","bellc002","","","9/F9L","T",1,0,1,0,0,"F"
1,2,3,2,"C*B11BFB1>X","bellc002","","","8/F8XD","T",1,0,1,0,0,"F"
0,0,2,2,".FCBBT","","","","K","T",1,0,0,0,0,"F"
0,1,0,0,"X","","","","S7/G5+","T",0,1,0,0,0,"F"
0,1,3,2,"BBT*BSX","canhm001","","","64(1)/FO/G6MD.B-1","T",1,1,0,0,0,"F"
0,2,1,2,"S*BFX","lambj001","","","FC6/G6D.1-2(E6);B-1","T",0,1,2,0,0,"F"
0,2,2,2,"..BCFFBS","piscs001","lambj001","","K","T",1,0,1,2,0,"F"
1,0,0,0,".X","","","","S8/L8D+","T",0,1,0,0,0,"F"
1,0,0,0,".X","pedej001","","","16(1)3/GDP/G1-","T",2,0,0,0,0,"F"
1,2,2,2,"BSSBC","","","","K","T",1,0,0,0,0,"F"
0,0,2,2,"CSBBC","","","","K","T",1,0,0,0,0,"F"
0,1,2,2,"BCCFFBX","","","","31/G34","T",1,0,0,0,0,"F"
0,2,2,2,".BBCSF*S","","","","K.BX1(23)","T",1,0,0,0,0,"F"
1,0,0,1,"FX","","","","E3/G34D.B-1","T",0,1,0,0,0,"F"
1,0,3,2,"CBBBC1B","bettm001","","","W.1-2","T",0,1,2,0,0,"F"
1,0,3,0,"BBBB","seagc001","bettm001","","W.2-3;1-2","T",0,1,2,3,0,"F"
1,0,1,2,"FFF*BFX","muncm001","seagc001","bettm001","S3/G34.3-H(UR);2-3;1-2","T",0,1,2,3,5,"F"
1,0,3,2,"B*BBCFC","bellc002","muncm001","seagc001","K","T",1,0,1,2,3,"F"
1,1,1,1,"CBX","bellc002","muncm001","seagc001","46(1)3/GDP/G4M+","T",2,0,0,2,3,"F"
0,0,1,2,".CBSS","","","","K","T",1,0,0,0,0,"F"
0,1,3,2,"BCBBCFFS","","","","K","T",1,0,0,0,0,"F"
0,2,2,2,"SFFBBX","","","","9/F9LD","T",1,0,0,0,0,"F"
1,0,1,2,".CFBS","","","","K","T",1,0,0,0,0,"F"
1,1,2,0,"BBX","","","","63/G6","T",1,0,0,0,0,"F"
1,2,0,1,"SX","","","","DGR/F9LD","T",0,2,0,0,0,"F"
1,2,0,1,"CX","","riose001","","9/F9L","T",1,0,0,2,0,"F"
0,0,3,1,".BBBCX","","","","D7/L78XD+","T",0,2,0,0,0,"F"
0,0,1,1,"BFX","","lambj001","","9/L9D+.2-3","T",1,0,0,3,0,"F"
0,1,0,2,".FST","","","lambj001","K","T",1,0,0,0,3,"F"
0,2,1,2,"FSBFFFS","","","lambj001","K","T",1,0,0,0,3,"F"
0,0,1,1,"BCX","","","","D9/L9LS","T",0,2,0,0,0,"T"
0,0,1,0,"*BX","","lastt001","","D8/L78XD+.2-H","T",0,2,0,4,0,"F"
0,0,3,2,"*BBBCCFB","","grosr001","","W","T",0,1,0,2,0,"F"
0,0,1,1,"C*BX","semim001","grosr001","","43/G34.2-3;1-2","T",1,0,2,3,0,"F"
0,1,0,0,"X","","semim001","grosr001","8/SF/L8XD.3-H;2-H(E8/TH)(NR)(UR)","T",1,0,0,5,4,"F"
0,2,3,2,"BBCSB*S","","","","K","T",1,0,0,0,0,"F"
1,0,1,1,"BFX","","","","63/G56+","T",1,0,0,0,0,"F"
1,1,0,0,"X","","","","S9/L34D+","T",0,1,0,0,0,"F"
1,1,2,2,"FBBSX","seagc001","","","S5/G56.1-2","T",0,1,2,0,0,"F"
1,1,0,1,"CX","turnj001","seagc001","","9/L9D+","T",1,0,1,2,0,"F"
1,2,2,2,"CCBF*BX","turnj001","seagc001","","9/F9S","T",1,0,1,2,0,"F"
0,0,0,0,".X","","","","43/G4MS","T",1,0,0,0,0,"F"
0,1,2,1,"CBBX","","","","9/L9","T",1,0,0,0,0,"F"
0,2,3,2,"CCFBBBFFFFX","","","","63/G6M","T",1,0,0,0,0,"F"
1,0,1,2,"BFCT","","","","K","T",1,0,0,0,0,"F"
1,1,1,2,"CFBFX","","","","43/G34D","T",1,0,0,0,0,"F"
1,2,3,2,"BSBBCX","","","","S7/L7D+","T",0,1,0,0,0,"F"
1,2,1,0,"BX","taylc001","","","9/F9LD","T",1,0,1,0,0,"F"
0,0,1,2,".FFBX","","","","9/L89D","T",1,0,0,0,0,"F"
0,1,3,2,"BCSBBFFS","","","","K","T",1,0,0,0,0,"F"
0,2,3,2,"CBSBBX","","","","2/P2F/FL","T",1,0,0,0,0,"F"
1,0,2,2,"BCSBC","","","","K","T",1,0,0,0,0,"F"
1,1,0,0,"X","","","","S9/L89+","T",0,1,0,0,0,"F"
1,1,1,0,"BX","seagc001","","","54(1)/FO/G5.B-1","T",1,1,0,0,0,"F"
1,2,2,1,"CBBX","turnj001","","","HR/F9D.1-H","T",0,4,4,0,0,"F"
1,2,1,2,"SFBX","","","","53/G5","T",1,0,0,0,0,"F"
0,0,0,2,"CCFX","","","","8/F8D","T",1,0,0,0,0,"F"
0,1,3,0,"BBBB","","","","W","T",0,1,0,0,0,"F"
0,1,0,1,"C1X","canhm001","","","7/F78D","T",1,0,1,0,0,"F"
0,2,0,2,"SS1X","canhm001","","","53/G56","T",1,0,1,0,0,"F"
1,0,0,2,"CSS","","","","K","T",1,0,0,0,0,"F"
1,1,2,2,"CBFFBS","","","","K","T",1,0,0,0,0,"F"
1,2,3,2,"BFBSBB","","","","W","T",0,1,0,0,0,"F"
1,2,1,2,"BCFX","taylc001","","","64(1)/FO/G6.B-1","T",1,1,0,0,0,"F"
0,0,1,2,"CBS*S","","","","K","T",1,0,0,0,0,"F"
0,1,1,1,"FBX","","","","8/F8S","T",1,0,0,0,0,"F"
0,2,1,2,"BCSFS","","","","K","T",1,0,0,0,0,"F"
1,0,0,0,"X","","","","7/F78","T",1,0,0,0,0,"F"
1,1,0,0,"X","","","","9/F9D","T",1,0,0,0,0,"F"
1,2,2,1,"BCBX","","","","8/F8XD","T",1,0,0,0,0,"F"
0,0,1,2,".BFS*S","","","","K.BX1(23)","T",1,0,0,0,0,"F"
0,1,1,2,"CBTS","","","","K","T",1,0,0,0,0,"F"
0,2,2,1,"BBSX","","","","6/P6","T",1,0,0,0,0,"F"
1,0,0,1,"FX","","","","8/F78XD","T",1,0,0,0,0,"F"
1,1,3,2,"BFFBBX","","","","2/P23F/FL","T",1,0,0,0,0,"F"
1,2,0,0,"X","","","","63/G6S+","T",1,0,0,0,0,"F"
0,0,3,2,"CBBBSFB","","","","W","T",0,1,0,0,0,"F"
0,0,0,2,"CSX","canhm001","","","S9/G34.1-2","T",0,1,2,0,0,"F"
0,0,1,2,"SFBX","piscs001","canhm001","","9/F9L","T",1,0,1,2,0,"F"
0,1,2,2,"BBCCFX","piscs001","canhm001","","S7/G56+.2-H;1-2","T",0,1,2,4,0,"F"
0,1,1,1,"BFX","laurr001","piscs001","","8/F8XD+","T",1,0,1,2,0,"F"
0,2,1,2,"*BCFX","laurr001","piscs001","","6/P8S","T",1,0,1,2,0,"F"
1,0,3,2,"FBBFFBX","","","","HR/F89XD","T",0,4,0,0,0,"F"
1,0,3,2,".CTBBBX","","","","8/F8+","T",1,0,0,0,0,"F"
1,1,1,1,"BCX","","","","8/F8","T",1,0,0,0,0,"F"
1,2,2,1,"FBBX","","","","8/L8XD+","T",1,0,0,0,0,"F"
0,0,0,1,"CX","","","","63/G6","T",1,0,0,0,0,"F"
0,1,0,0,"X","","","","8/F78XD+","T",1,0,0,0,0,"F"
0,2,0,0,"X","","","","7/F7D","T",1,0,0,0,0,"F"
1,0,2,2,"..CFBBFX","","","","6/P6D","T",1,0,0,0,0,"F"
1,1,3,1,"BBSBX","","","","HR/F9LD","T",0,4,0,0,0,"F"
1,1,3,2,"SBBCB*S","","","","K.BX1(23)","T",1,0,0,0,0,"F"
1,2,1,2,"CBCFS","","","","K","T",1,0,0,0,0,"F"
0,0,1,2,".CSBS","","","","K","T",1,0,0,0,0,"F"
0,1,1,1,"BFX","","","","S9/L89","T",0,1,0,0,0,"F"
0,1,0,1,"F1>S","piscs001","","","SB2","F",0,0,2,0,0,"F"
0,1,0,2,"F1>S.X","","piscs001","","8/F8S","T",1,0,0,2,0,"F"
0,2,2,1,"BC*BX","","piscs001","","HR/L7LD.2-H","T",0,4,0,4,0,"F"
0,2,0,0,"X","","","","6/P4M","T",1,0,0,0,0,"F"
1,0,0,2,".SFFFX","","","","7/L7D+","T",1,0,0,0,0,"F"
1,1,1,2,"BSSS","","","","K","T",1,0,0,0,0,"F"
1,2,3,2,"BFBSBX","","","","7/L7D","T",1,0,0,0,0,"F"
0,0,3,2,"BFCFBBT","","","","K","T",1,0,0,0,0,"T"
0,1,0,2,"CFS","","","","K","T",1,0,0,0,0,"F"
0,2,0,0,"X","","","","3/P2","T",1,0,0,0,0,"F"
1,0,0,0,"X","","","","S9/G1S","T",0,1,0,0,0,"F"
1,0,1,0,"BX","bettm001","","","8/L8D","T",1,0,1,0,0,"F"
1,1,0,1,"CX","bettm001","","","S7/G2.1-2","T",0,1,2,0,0,"F"
1,1,0,0,"X","turnj001","bettm001","","8/F8XD+.2-3","T",1,0,1,3,0,"F"
1,2,1,2,"FFBFFFX","turnj001","","bettm001","S7/L7L.3-H;1-2","T",0,1,2,0,4,"F"
1,2,0,0,"X","smitw003","turnj001","","6/P4MD","T",1,0,1,2,0,"F"
0,0,2,2,"CCBFBX","","","","S8/L8+","T",0,1,0,0,0,"F"
0,0,2,2,"CB*BFX","olsom001","","","8/L89XD+","T",1,0,1,0,0,"F"
0,1,2,2,"BBSCFFX","olsom001","","","54(1)3/GDP/G56","T",2,0,0,0,0,"F"
1,0,0,1,"CX","","","","6/P78S","T",1,0,0,0,0,"F"
1,1,1,1,"BSH","","","","HP","T",0,1,0,0,0,"F"
1,1,0,1,"FX","pedej001","","","64(1)/FO/G6.B-1","T",1,1,0,0,0,"F"
1,2,1,2,"C1B1SS","taylc001","","","K","T",1,0,1,0,0,"F"
0,0,1,2,"BCFX","","","","43/G4","T",1,0,0,0,0,"F"
0,1,1,2,"CBSS","","","","K","T",1,0,0,0,0,"F"
0,2,0,2,"CSS","","","","K","T",1,0,0,0,0,"F"
1,0,0,0,"X","","","","HR/F78XD","T",0,4,0,0,0,"F"
1,0,3,2,"BCFBFFBS","","","","K","T",1,0,0,0,0,"F"
1,1,3,2,"BBBCFX","","","","43/G34D","T",1,0,0,0,0,"F"
1,2,1,0,"BX","","","","6/P7S","T",1,0,0,0,0,"F"
0,0,1,2,"BCSFFS","","","","K","T",1,0,0,0,0,"F"
0,1,1,2,"BCSX","","","","7/F7D","T",1,0,0,0,0,"F"
0,2,3,2,"BBFFFBFFB","","","","W","T",0,1,0,0,0,"F"
0,2,2,2,"*B*BFF1B","semim001","","","WP.1-2","F",0,0,2,0,0,"F"
0,2,3,2,"*B*BFF1B.S","","semim001","","K","T",1,0,0,2,0,"F"
1,0,3,2,"CBBFBFB","","","","W","T",0,1,0,0,0,"F"
1,0,1,2,"FCBX","bellc002","","","7/F7D","T",1,0,1,0,0,"F"
1,1,3,2,"1FF*BB1B1X","bellc002","","","8/F89XD","T",1,0,1,0,0,"F"
1,2,3,2,"BBCCF*B>C","bellc002","","","K","T",1,0,1,0,0,"F"
0,0,1,1,".CBX","","","","8/F8XD","T",1,0,0,0,0,"F"
0,1,0,2,"CSC","","","","K","T",1,0,0,0,0,"F"
0,2,1,0,"BX","","","","3/G2","T",1,0,0,0,0,"F"
1,0,3,2,"FFBBBX","","","","8/F8D","T",1,0,0,0,0,"F"
1,1,1,0,"BX","","","","3/G3D","T",1,0,0,0,0,"F"
1,2,0,0,"X","","","","D8/F78XD","T",0,2,0,0,0,"F"
1,2,2,2,"CBC*BX","","turnj001","","8/F8","T",1,0,0,2,0,"F"
0,0,0,2,".SS*S","","","","K","T",1,0,0,0,0,"F"
0,1,2,1,"BCBX","","","","8/F78","T",1,0,0,0,0,"F"
0,2,3,1,"BCBBB","","","","W","T",0,1,0,0,0,"F"
0,2,1,2,"BTCS","lastt001","","","K","T",1,0,1,0,0,"F"
1,0,2,1,".CBBX","","","","D7/L7LD+","T",0,2,0,0,0,"F"
1,0,0,0,"X","","smitw003","","D8/G4.2-3","T",0,2,0,3,0,"F"
1,0,3,2,"F*BBFB*B","","bellc002","smitw003","W","T",0,1,0,2,3,"F"
1,0,0,1,".CX","polla001","bellc002","smitw003","S9/L9S.3-H;2-3;1-2","T",0,1,2,3,4,"F"
1,0,3,2,"C*BBSBB","herne001","polla001","bellc002","W.3-H;2-3;1-2","T",0,1,2,3,4,"F"
1,0,1,2,"BFCX","taylc001","herne001","polla001","3/P3F/FL","T",1,0,1,2,3,"F"
1,1,1,2,"SS*BX","taylc001","herne001","polla001","8/SF/F8XD.3-H;2-3","T",1,0,1,3,4,"F"
1,2,0,2,"FSX","taylc001","","herne001","7/F1S","T",1,0,1,0,3,"F"
0,0,3,2,"..BCBSFBX","","","","S5/G5S-","T",0,1,0,0,0,"F"
0,0,0,2,"FS*S","semim001","","","K","T",1,0,1,0,0,"F"
0,1,1,2,"CF11B*S","semim001","","","K","T",1,0,1,0,0,"F"
0,2,0,1,"CB","semim001","","","WP.1-3","F",0,0,3,0,0,"F"
0,2,3,2,"CB.FBBFB","","","semim001","W","T",0,1,0,0,3,"F"
0,2,0,0,">B","laurr001","","semim001","SB2","F",0,0,2,0,3,"F"
0,2,1,2,">B.CFS","","laurr001","semim001","K","T",1,0,0,2,3,"F"
1,0,2,0,"BBX","","","","43/G9S+","T",1,0,0,0,0,"F"
1,1,1,0,"BX","","","","8/F78XD+","T",1,0,0,0,0,"F"
1,2,3,1,"BBCBB","","","","W","T",0,1,0,0,0,"F"
1,2,0,1,"FX","bellc002","","","64(1)/FO/G6S.B-1","T",1,1,0,0,0,"F"
0,0,0,2,"..CFS","","","","K","T",1,0,0,0,0,"F"
0,1,0,2,"FSFFX","","","","HR/L8XD","T",0,4,0,0,0,"F"
0,1,0,0,"X","","","","43/G34","T",1,0,0,0,0,"F"
0,2,0,2,"CFS","","","","K","T",1,0,0,0,0,"F"
1,0,2,1,"FBBX","","","","7/L7D+","T",1,0,0,0,0,"F"
1,1,3,2,"BFBBFX","","","","8/L89XD","T",1,0,0,0,0,"F"
1,2,1,0,"BX","","","","3/P2F/FL","T",1,0,0,0,0,"F"
0,0,3,1,".CBBBX","","","","7/F78","T",1,0,0,0,0,"F"
0,1,2,2,"SSBBS","","","","K","T",1,0,0,0,0,"F"
0,2,1,2,"CBCS","","","","K","T",1,0,0,0,0,"F"
0,0,0,1,"FX","","","","D7/G5","T",0,2,0,0,0,"T"
0,0,0,2,"CCX","","fletd002","","S14/G34.2-3","T",0,1,0,3,0,"F"
0,0,0,1,"CX","walsj001","","fletd002","9/F9LS","T",1,0,1,0,3,"F"
0,1,1,0,"B1X","walsj001","","fletd002","54(1)3/GDP/G56","T",2,0,0,0,3,"F"
1,0,0,0,"X","","","","S7/G56+","T",0,1,0,0,0,"F"
1,0,2,2,"C1SB1BX","bettm001","","","7/F78","T",1,0,1,0,0,"F"
1,1,3,2,"BBF*BF11S","bettm001","","","K","T",1,0,1,0,0,"F"
1,2,1,2,"CCFBX","bettm001","","","S9/G4.1-3","T",0,1,3,0,0,"F"
1,2,1,2,"SBT>B","muncm001","","bettm001","SB2;SBH","F",0,0,2,0,4,"F"
1,2,2,2,"SBT>B.X","","muncm001","","7/F7LD","T",1,0,0,2,0,"F"
0,0,2,1,"BBFX","","","","S57/G5+","T",0,1,0,0,0,"F"
0,0,3,2,"CF*B*BFFFBS","pujoa001","","","K","T",1,0,1,0,0,"F"
0,1,2,0,"B*BX","pujoa001","","","64(1)3/GDP/G56","T",2,0,0,0,0,"F"
1,0,3,1,"BFBBX","","","","8/F8S","T",1,0,0,0,0,"F"
1,1,1,0,"BX","","","","5/P25","T",1,0,0,0,0,"F"
1,2,0,1,"CX","","","","D8/L89XD","T",0,2,0,0,0,"F"
1,2,3,2,"BFSBBFX","","herne001","","9/F89","T",1,0,0,2,0,"F"
0,0,1,2,"CBFX","","","","63/G6D","T",1,0,0,0,0,"F"
0,1,2,2,"BFCFBX","","","","E6/G6.B-1","T",0,1,0,0,0,"F"
0,1,1,2,"F1C1*BX","rengl001","","","S9/L9S.1-2","T",0,1,2,0,0,"F"
0,1,0,2,"SFX","fletd002","rengl001","","8/F8XD+.2-3","T",1,0,1,3,0,"F"
0,2,3,2,"CB*BSFB>F>X","fletd002","","rengl001","HR/F78XD.3-H(UR);1-H(UR);B-H(UR)","T",0,5,5,0,5,"F"
0,2,0,1,"CX","","","","S9/F89","T",0,1,0,0,0,"F"
0,2,3,2,"BBF*BS>F>X","renda001","","","8/L89D","T",1,0,1,0,0,"F"
1,0,1,1,"BFX","","","","9/F89XD","T",1,0,0,0,0,"F"
1,1,1,2,"FFBFC","","","","K","T",1,0,0,0,0,"F"
1,2,1,2,"CFBX","","","","HR/F7D","T",0,4,0,0,0,"F"
1,2,3,0,"BBBB","","","","W","T",0,1,0,0,0,"F"
1,2,0,1,"CX","muncm001","","","S4/G4S-.1-2","T",0,1,2,0,0,"F"
1,2,2,2,"CBBFS","smitw003","muncm001","","K","T",1,0,1,2,0,"F"
0,0,0,1,"SX","","","","HR/F78XD","T",0,4,0,0,0,"F"
0,0,0,0,"X","","","","D7/L78XD+","T",0,2,0,0,0,"F"
0,0,1,2,"BS*SS","","stasm001","","K","T",1,0,0,2,0,"F"
0,1,2,2,"F*SBF*BFFS","","stasm001","","K","T",1,0,0,2,0,"F"
0,2,2,1,"B*BFX","","stasm001","","8/F78","T",1,0,0,2,0,"F"
1,0,0,0,"X","","","","HR/F78XD","T",0,4,0,0,0,"F"
1,0,1,0,"BX","","","","3/G34","T",1,0,0,0,0,"F"
1,1,2,1,"BCBX","","","","5/L5D+","T",1,0,0,0,0,"F"
1,2,3,2,"CFBBFFBFB","","","","W","T",0,1,0,0,0,"F"
1,2,1,0,"1BX","bettm001","","","4/P34D","T",1,0,1,0,0,"F"
0,0,0,0,".X","","","","HR/F89XD","T",0,4,0,0,0,"F"
0,0,3,2,"CBFBBX","","","","143/G4M","T",1,0,0,0,0,"F"
0,1,1,2,"BCCX","","","","9/F9LD","T",1,0,0,0,0,"F"
0,2,0,1,"CX","","","","63/G6","T",1,0,0,0,0,"F"
1,0,0,1,"CX","","","","HR/F7D","T",0,4,0,0,0,"F"
1,0,2,2,"BFSBX","","","","S7/L78","T",0,1,0,0,0,"F"
1,0,2,2,".CB*BSFF1FFX","muncm001","","","HR/F7D.1-H","T",0,4,4,0,0,"F"
1,0,0,0,"X","","","","61/G34","T",1,0,0,0,0,"F"
1,1,1,2,"CBF*S","","","","K","T",1,0,0,0,0,"F"
1,2,3,1,"BFBBX","","","","5/P25F/FL","T",1,0,0,0,0,"F"
0,0,2,2,"..CFBBS","","","","K","T",1,0,0,0,0,"F"
0,1,1,2,"CSBFX","","","","8/F8D+","T",1,0,0,0,0,"F"
0,2,1,2,"CFFBFS","","","","K","T",1,0,0,0,0,"F"
1,0,0,0,"X","","","","53/G5","T",1,0,0,0,0,"F"
1,1,2,2,"CCBBX","","","","7/F7D","T",1,0,0,0,0,"F"
1,2,1,1,".CBX","","","","7/F7D+","T",1,0,0,0,0,"F"
0,0,1,1,"...CBX","","","","S8/G6M+","T",0,1,0,0,0,"F"
0,0,0,1,".CX","sotoe001","","","13/G2.1-2","T",1,0,2,0,0,"F"
0,1,2,2,"BBSFC","","sotoe001","","K","T",1,0,0,2,0,"F"
0,2,1,2,".CFBX","","sotoe001","","63/G6D+","T",1,0,0,2,0,"F"
1,0,2,2,".BBFFX","","","","8/F8XD+","T",1,0,0,0,0,"F"
1,1,1,1,"BCX","","","","43/G4+","T",1,0,0,0,0,"F"
1,2,3,2,".CBBSBB","","","","W","T",0,1,0,0,0,"F"
1,2,3,2,"S*BBFB>B","smitw003","","","W.1-2","T",0,1,2,0,0,"F"
1,2,2,2,".CT*BFBX","bellc002","smitw003","","S8/L78+.2-H;1-2","T",0,1,2,4,0,"F"
1,2,1,1,".BCX","pedej001","bellc002","","4/P1S","T",1,0,1,2,0,"F"
0,0,1,1,"..BCX","","","","S57/G56+","T",0,1,0,0,0,"F"
0,0,1,2,"CBCS","renda001","","","K","T",1,0,1,0,0,"F"
0,1,2,2,"SBBSC","renda001","","","K","T",1,0,1,0,0,"F"
0,2,2,2,"BFBFC","renda001","","","K","T",1,0,1,0,0,"F"
1,0,1,2,"CBCT","","","","K","T",1,0,0,0,0,"F"
1,1,1,0,"BX","","","","63/G56","T",1,0,0,0,0,"F"
1,2,3,2,".BSCBBB","","","","W","T",0,1,0,0,0,"F"
1,2,0,0,"X","seagc001","","","HR/F89XD.1-H","T",0,4,4,0,0,"F"
1,2,0,1,"CX","","","","S8/L8","T",0,1,0,0,0,"F"
1,2,1,2,"CS*BFC","lux-g001","","","K","T",1,0,1,0,0,"F"
0,0,3,2,".FBCFBFBX","","","","S9/L9LS","T",0,1,0,0,0,"F"
0,0,3,2,".BCBBCF","wardt002","","","FLE6","F",0,0,1,0,0,"F"
0,0,3,2,".BCBBCF.FFC","wardt002","","","K","T",1,0,1,0,0,"F"
0,1,1,2,"CBFFFFX","wardt002","","","63/G6.1-2","T",1,0,2,0,0,"F"
0,2,0,1,"C>B","","wardt002","","DI.2-3","F",0,0,0,3,0,"F"
0,2,1,1,"C>B.X","","","wardt002","3/G34","T",1,0,0,0,3,"F"
0,0,1,1,"CBX","","","","13/G4S","T",1,0,0,0,0,"T"
0,1,0,2,"CSX","","","","7/F7L","T",1,0,0,0,0,"F"
0,2,0,0,"X","","","","13/G4MS","T",1,0,0,0,0,"F"
1,0,2,2,"CCBFBH","","","","HP","T",0,1,0,0,0,"F"
1,0,3,2,"1S1FBB1BS","bettm001","","","K","T",1,0,1,0,0,"F"
1,1,1,1,"*BC11X","bettm001","","","S9/L4D.1-3","T",0,1,3,0,0,"F"
1,1,3,2,"BBBCS1FB","turnj001","","bettm001","W.1-2","T",0,1,2,0,3,"F"
1,1,3,2,"FFFBFF*B*B*B","muncm001","turnj001","bettm001","W.3-H;2-3;1-2","T",0,1,2,3,4,"F"
1,1,1,2,"FBFFFX","bellc002","muncm001","turnj001","S9/L9.3-H;2-3;1-2","T",0,1,2,3,4,"F"
1,1,3,2,"BBBCSX","smitw003","bellc002","muncm001","FC3/G3.3-H;2-3;1-2(E3/TH);B-1","T",0,1,2,3,4,"F"
1,1,1,2,"BCCS","pedej001","smitw003","bellc002","K","T",1,0,1,2,3,"F"
1,2,2,2,"CSBBS","pedej001","smitw003","bellc002","K","T",1,0,1,2,3,"F"
0,0,1,2,".CBFS","","","","K","T",1,0,0,0,0,"F"
0,1,1,2,"CBSS","","","","K","T",1,0,0,0,0,"F"
0,2,2,1,"BBSX","","","","63/G6","T",1,0,0,0,0,"F"
1,0,0,2,".TFS","","","","K","T",1,0,0,0,0,"F"
1,1,1,2,"SSBS","","","","K","T",1,0,0,0,0,"F"
1,2,0,1,"CX","","","","8/L89XD","T",1,0,0,0,0,"F"
0,0,2,2,"CFBBX","","","","D9/L9LD+","T",0,2,0,0,0,"F"
0,0,0,0,"X","","adelj001","","S8/L8D.2-H","T",0,1,0,4,0,"F"
0,0,0,1,"CX","jonej007","","","S9/L9S.1-2","T",0,1,2,0,0,"F"
0,0,2,2,"*BB+2CL*S","sotoe001","jonej007","","K","T",1,0,1,2,0,"F"
0,1,2,2,"*S*BFF*BX","sotoe001","jonej007","","T7/F7LD.2-H;1-H","T",0,3,4,4,0,"F"
0,1,2,2,"S*BF*BX","","","walsj001","8/SF/F8D.3-H","T",1,0,0,0,4,"F"
0,2,2,1,"BFBX","","","","7/F7D","T",1,0,0,0,0,"F"
1,0,0,2,"CCC","","","","K","T",1,0,0,0,0,"F"
1,1,2,1,"BFBX","","","","D7/L78XD+","T",0,2,0,0,0,"F"
1,1,2,2,"BFF*BFC","","bellc002","","K.BX1(23)","T",1,0,0,2,0,"F"
1,2,2,2,"BSBFFC","","bellc002","","K","T",1,0,0,2,0,"F"
0,0,1,0,"BX","","","","63/G6D","T",1,0,0,0,0,"F"
0,1,2,2,"CBSBX","","","","S9/L9L","T",0,1,0,0,0,"F"
0,1,0,0,"X","wardt002","","","S7/L7LD.1-2","T",0,1,2,0,0,"F"
0,1,1,2,"CS*BFS","adelj001","wardt002","","K","T",1,0,1,2,0,"F"
0,2,0,0,"S","adelj001","wardt002","","WP.2-3;1-2","F",0,0,2,3,0,"F"
0,2,3,1,"S.*BBBX","","adelj001","wardt002","3/G34","T",1,0,0,2,3,"F"
1,0,2,2,".BBCSFX","","","","63/G6","T",1,0,0,0,0,"F"
1,1,0,0,"X","","","","S5/G56.B-2(E5/TH)","T",0,2,0,0,0,"F"
1,1,2,2,"BBCSFX","","polla001","","S7/L7D+.2-3","T",0,1,0,3,0,"F"
1,1,1,0,"BX","herne001","","polla001","6(1)3/GDP/G6MS","T",2,0,0,0,3,"F"
0,0,2,1,"CBBX","","","","S6/G56","T",0,1,0,0,0,"F"
0,0,0,1,"CX","fletd002","","","5/P5D","T",1,0,1,0,0,"F"
0,1,1,2,"CF*BX","fletd002","","","34(1)3/GDP/G3","T",2,0,0,0,0,"F"
1,0,1,1,"BCX","","","","9/F9","T",1,0,0,0,0,"F"
1,1,3,1,"BCBBX","","","","43/G34D","T",1,0,0,0,0,"F"
1,2,1,2,"CBFX","","","","63/G8S+","T",1,0,0,0,0,"F"
0,0,3,2,"SBBSBC","","","","K","T",1,0,0,0,0,"F"
0,1,0,2,"CFFC","","","","K","T",1,0,0,0,0,"F"
0,2,1,0,"BX","","","","8/F8XD+","T",1,0,0,0,0,"F"
1,0,3,2,".BBFBSB","","","","W","T",0,1,0,0,0,"F"
1,0,0,2,"SFX","smitw003","","","HR/F7LD.1-H","T",0,4,4,0,0,"F"
1,0,3,2,"FBBFBFT","","","","K","T",1,0,0,0,0,"F"
1,1,3,2,"CFBFBBS","","","","K","T",1,0,0,0,0,"F"
1,2,1,1,"SBX","","","","7/L78D+","T",1,0,0,0,0,"F"
0,0,2,1,"...BCBX","","","","53/G56","T",1,0,0,0,0,"F"
0,1,1,1,"BCX","","","","53/G6S","T",1,0,0,0,0,"F"
0,2,3,2,"BSBSBB","","","","W","T",0,1,0,0,0,"F"
0,2,2,1,"F1B*BX","sotoe001","","","S1/G1S-.1-2","T",0,1,2,0,0,"F"
0,2,0,2,"CSB","fletd002","sotoe001","","WP.2-3;1-2","F",0,0,2,3,0,"F"
0,2,2,2,"CSB.B*S","","fletd002","sotoe001","K","T",1,0,0,2,3,"F"
1,0,0,2,".SFFS","","","","K","T",1,0,0,0,0,"F"
1,1,2,1,"BBCX","","","","HR/F8XD","T",0,4,0,0,0,"F"
1,1,2,2,"CBBCC","","","","K","T",1,0,0,0,0,"F"
1,2,2,1,"BBFX","","","","8/F89D+","T",1,0,0,0,0,"F"
0,0,2,2,".CBFBX","","","","4/P8S","T",1,0,0,0,0,"F"
0,1,3,2,"BCBTBB","","","","W","T",0,1,0,0,0,"F"
0,1,0,2,"FFFC","ohtas001","","","K","T",1,0,1,0,0,"F"
0,2,1,1,"C*BX","ohtas001","","","8/F8XD","T",1,0,1,0,0,"F"
1,0,1,0,".BX","","","","HR/F7D","T",0,4,0,0,0,"F"
1,0,2,2,"CBBS*S","","","","K","T",1,0,0,0,0,"F"
1,1,2,2,"BBCSC","","","","K","T",1,0,0,0,0,"F"
1,2,0,0,"X","","","","53/G5","T",1,0,0,0,0,"F"
0,0,2,2,"BSBSS","","","","K","T",1,0,0,0,0,"F"
0,1,1,2,"CBSFX","","","","E5/G5.B-1","T",0,1,0,0,0,"F"
0,1,0,1,"CX","jonej007","","","DGR/L9LD.1-3","T",0,2,3,0,0,"F"
0,1,1,0,"BX","","sotoe001","jonej007","D7/L7L.3-H(UR);2-H","T",0,2,0,4,5,"F"
0,1,0,1,".FX","","fletd002","","S6/G6.2-2","T",0,1,0,2,0,"F"
0,1,1,0,"BX","walsj001","fletd002","","9/L9D.2-3","T",1,0,1,3,0,"F"
0,2,3,1,"BBBCX","walsj001","","fletd002","13/G4MS+","T",1,0,1,0,3,"F"
0,0,0,2,"CCX","","","","53/G5","T",1,0,0,0,0,"T"
0,1,3,2,"BBBCFX","","","","3/G34","T",1,0,0,0,0,"F"
0,2,1,2,"CCBS","","","","K","T",1,0,0,0,0,"F"
1,0,2,0,"BBX","","","","HR/F78XD","T",0,4,0,0,0,"F"
1,0,2,2,"BFBFX","","","","3/G3","T",1,0,0,0,0,"F"
1,1,2,1,"CBBX","","","","53/G5","T",1,0,0,0,0,"F"
1,2,1,0,"BX","","","","53/G6","T",1,0,0,0,0,"F"
0,0,0,2,"SCX","","","","S3/G34","T",0,1,0,0,0,"F"
0,0,1,2,".CB1>FS","ohtas001","","","K","T",1,0,1,0,0,"F"
0,1,0,0,"1>B","ohtas001","","","CS2(26)","F",1,0,0,0,0,"F"
0,2,3,1,"1>B.BCBX","","","","43/G34","T",1,0,0,0,0,"F"
1,0,1,2,"CBFC","","","","K","T",1,0,0,0,0,"F"
1,1,2,2,"CBFBFS","","","","K","T",1,0,0,0,0,"F"
1,2,3,2,"FBBFBFT","","","","K","T",1,0,0,0,0,"F"
0,0,1,0,"BX","","","","63/G6MS","T",1,0,0,0,0,"F"
0,1,1,2,"BTFX","","","","S7/G6","T",0,1,0,0,0,"F"
0,1,2,2,"B>F111B>SS","jonej007","","","K","T",1,0,1,0,0,"F"
0,2,0,2,"CF1FX","jonej007","","","13/G1S","T",1,0,1,0,0,"F"
1,0,3,2,"BBCBCB","","","","W","T",0,1,0,0,0,"F"
1,0,3,2,"CBCFBB*B","barna001","","","W.1-2","T",0,1,2,0,0,"F"
1,0,3,2,"F*BFBFBFFB","pedej001","barna001","","W.2-3;1-2","T",0,1,2,3,0,"F"
1,0,2,1,"B*BFX","polla001","pedej001","barna001","46(1)3/GDP/G4.3-H(NR);2-3","T",2,0,0,3,4,"F"
1,2,2,1,"FBBX","","","pedej001","E3/P34D.3-H(NR)(UR);B-1","T",0,1,0,0,5,"F"
1,2,1,2,".SCBC","turnj001","","","K","T",1,0,1,0,0,"F"
0,0,3,2,"BFBBF*B","","","","W","T",0,1,0,0,0,"F"
0,0,2,2,"BFFBS","walsj001","","","K","T",1,0,1,0,0,"F"
0,1,1,2,"CCBFS","walsj001","","","K","T",1,0,1,0,0,"F"
0,2,0,2,"CFS","walsj001","","","K","T",1,0,1,0,0,"F"
1,0,1,1,"BCX","","","","9/F9LS","T",1,0,0,0,0,"F"
1,1,3,2,"CBBBCFS","","","","K","T",1,0,0,0,0,"F"
1,2,1,0,"BX","","","","D8/L78D+","T",0,2,0,0,0,"F"
1,2,1,2,"BCSX","","herne001","","4/L4D","T",1,0,0,2,0,"F"
0,0,3,1,"BFBBB","","","","W","T",0,1,0,0,0,"F"
0,0,2,2,"BCFBX","bemba001","","","54(1)3/GDP/G56D","T",2,0,0,0,0,"F"
0,2,0,0,"X","","","","S8/L8D+","T",0,1,0,0,0,"F"
0,2,0,0,"X","jonej007","","","64(1)/FO/G6.B-1","T",1,1,0,0,0,"F"
1,0,1,1,".CBX","","","","3/G3","T",1,0,0,0,0,"F"
1,1,2,2,"BFBSX","","","","S4/L6","T",0,1,0,0,0,"F"
1,1,1,1,"BF1X","polla001","","","8/F8D","T",1,0,1,0,0,"F"
1,2,3,2,"B*BCFB>B","polla001","","","W.1-2","T",0,1,2,0,0,"F"
1,2,2,1,".*BCBX","riose001","polla001","","43/G34D","T",1,0,1,2,0,"F"
0,0,1,1,"......BCX","","","","53/G5","T",1,0,0,0,0,"F"
0,1,0,1,"SX","","","","8/F8","T",1,0,0,0,0,"F"
0,2,3,2,"SSBBFBB","","","","W","T",0,1,0,0,0,"F"
0,2,1,2,"C1FB>X","wardt002","","","6/P56D","T",1,0,1,0,0,"F"
1,0,3,2,".CBSBB*S","","","","K","T",1,0,0,0,0,"F"
1,1,0,0,"X","","","","S8/L8","T",0,1,0,0,0,"F"
1,1,1,1,"BSX","taylc001","","","2/P2F/FL","T",1,0,1,0,0,"F"
1,2,1,2,"BFSX","taylc001","","","8/F8XD","T",1,0,1,0,0,"F"
0,0,1,2,".FSBX","","","","6/L6+","T",1,0,0,0,0,"F"
0,1,0,0,"X","","","","13/G4MS","T",1,0,0,0,0,"F"
0,2,3,2,"BFBSFBX","","","","53/G5","T",1,0,0,0,0,"F"
1,0,0,0,".X","","","","S8/G4M+","T",0,1,0,0,0,"F"
1,0,3,1,"BCBBX","pedej001","","","HR/F8XD.1-H","T",0,4,4,0,0,"F"
1,0,0,0,"X","","","","7/F7D","T",1,0,0,0,0,"F"
1,1,1,2,"BSCX","","","","7/F7D","T",1,0,0,0,0,"F"
1,2,3,1,"CBBBX","","","","8/L8XD+","T",1,0,0,0,0,"F"
0,0,2,2,"....BFBFC","","","","K","T",1,0,0,0,0,"F"
0,1,0,2,"CSX","","","","31/G34","T",1,0,0,0,0,"F"
0,2,2,2,"BBCFFX","","","","13/G6MS","T",1,0,0,0,0,"F"
1,0,0,1,".CX","","","","63/G56+","T",1,0,0,0,0,"F"
1,1,3,2,"FBTBBS","","","","K","T",1,0,0,0,0,"F"
1,2,0,1,"CX","","","","53/G6","T",1,0,0,0,0,"F"
0,0,1,0,".BX","","","","8/L8D","T",1,0,0,0,0,"F"
0,1,1,2,"CFBS","","","","K","T",1,0,0,0,0,"F"
0,2,1,1,"BCX","","","","3/G34","T",1,0,0,0,0,"F"
