0,0,2,2,"FCBFBFX","","","","3/G","T",1,0,0,0,0,"T"
0,1,1,2,"BSFFFS","","","","K","T",1,0,0,0,0,"F"
0,2,0,2,"CFFFFX","","","","8/F","T",1,0,0,0,0,"F"
1,0,3,2,"BCBBCS","","","","K","T",1,0,0,0,0,"F"
1,1,1,0,"BX","","","","6/P/FL","T",1,0,0,0,0,"F"
1,2,1,0,"BX","","","","43/G","T",1,0,0,0,0,"F"
0,0,1,2,"BCFS","","","","K","T",1,0,0,0,0,"F"
0,1,2,2,"BCCBX","","","","8/F","T",1,0,0,0,0,"F"
0,2,0,0,"X","","","","7/F","T",1,0,0,0,0,"F"
1,0,1,2,"CFBFX","","","","63/G","T",1,0,0,0,0,"F"
1,1,2,1,"BSBX","","","","6/L","T",1,0,0,0,0,"F"
1,2,1,1,"FBX","","","","63/G","T",1,0,0,0,0,"F"
0,0,3,2,"BBFBSX","","","","8/L","T",1,0,0,0,0,"F"
0,1,0,0,"X","","","","S9/L+","T",0,1,0,0,0,"F"
0,1,1,2,"CS1BX","fishd001","","","6/P","T",1,0,1,0,0,"F"
0,2,1,2,"FBFS","fishd001","","","K","T",1,0,1,0,0,"F"
1,0,1,1,"BFX","","","","D48/G+","T",0,2,0,0,0,"F"
1,0,3,2,"BCF*BFFBX","","adamw002","","63/G.2-3","T",1,0,0,3,0,"F"
1,1,2,1,"BBSX","","","adamw002","3/P/FL","T",1,0,0,0,3,"F"
1,2,3,1,"BBBCB","","","adamw002","W","T",0,1,0,0,3,"F"
1,2,2,2,"BCC*BS","diazy001","","adamw002","K","T",1,0,1,0,3,"F"
0,0,0,0,"X","","","","S3/BG-","T",0,1,0,0,0,"F"
0,0,0,0,"X","biggc002","","","S9/G.1-2","T",0,1,2,0,0,"F"
0,0,3,2,"CSBBFBB","guerv002","biggc002","","W.2-3;1-2","T",0,1,2,3,0,"F"
0,0,3,1,"CBBBX","shawt001","guerv002","biggc002","S7/L+.3-H;2-3;1-2","T",0,1,2,3,4,"F"
0,0,1,1,".BFX","gricr001","shawt001","guerv002","8/SF/F+.3-H;2-3","T",1,0,1,3,4,"F"
0,1,0,0,"X","gricr001","","shawt001","7/SF/F.3-H","T",1,0,1,0,4,"F"
0,2,2,2,"BCBFC","gricr001","","","K","T",1,0,1,0,0,"F"
1,0,2,2,"CFBBH","","","","HP","T",0,1,0,0,0,"F"
1,0,0,2,"CTS","tsuty001","","","K","T",1,0,1,0,0,"F"
1,1,1,2,"BSSFX","tsuty001","","","54(1)/FO/G.B-1","T",1,1,0,0,0,"F"
1,2,2,1,"C1BBX","margm001","","","D8/F.1-H","T",0,2,4,0,0,"F"
1,2,3,2,"BBSFBB","","brosm001","","W","T",0,1,0,2,0,"F"
1,2,1,2,"BCCFFS","adamw002","brosm001","","K","T",1,0,1,2,0,"F"
0,0,0,1,"FX","","","","S9/F-","T",0,1,0,0,0,"F"
0,0,2,2,"FBSBFX","jansd001","","","S8/L.1-2","T",0,1,2,0,0,"F"
0,0,3,1,".FBBBX","bichb001","jansd001","","HR/F9.2-H;1-H","T",0,4,4,4,0,"F"
0,0,0,0,"..X","","","","63/G","T",1,0,0,0,0,"F"
0,1,2,2,"BCBFFX","","","","5/P-","T",1,0,0,0,0,"F"
0,2,2,1,"CBBX","","","","3/P","T",1,0,0,0,0,"F"
1,0,1,2,"SSBX","","","","53/G","T",1,0,0,0,0,"F"
1,1,2,0,"BBX","","","","63/G","T",1,0,0,0,0,"F"
1,2,3,2,"BSBFBB","","","","W","T",0,1,0,0,0,"F"
1,2,3,2,"FBBBS>X","renfh001","","","HR/F78.1-H","T",0,4,4,0,0,"F"
1,2,1,0,"BX","","","","D7/L","T",0,2,0,0,0,"F"
1,2,3,1,"..BBBCB","","martj008","","W","T",0,1,0,2,0,"F"
1,2,0,2,"..CFC","margm001","martj008","","K","T",1,0,1,2,0,"F"
0,0,1,2,".FBFX","","","","5/P","T",1,0,0,0,0,"F"
0,1,1,1,"CBX","","","","D7/L","T",0,2,0,0,0,"F"
0,1,3,2,"CBBFBB","","hernt002","","W","T",0,1,0,2,0,"F"
0,1,1,1,"FBX","fishd001","hernt002","","64(1)/FO/G.2-3;B-1","T",1,1,0,3,0,"F"
0,2,2,1,"BBFX","jansd001","","hernt002","13/G-","T",1,0,1,0,3,"F"
1,0,0,1,"CX","","","","63/G","T",1,0,0,0,0,"F"
1,1,1,2,"BCFFT","","","","K","T",1,0,0,0,0,"F"
1,2,3,2,"BFBBSB","","","","W","T",0,1,0,0,0,"F"
1,2,2,2,"..CCBF*BX","zunim001","","","53/G","T",1,0,1,0,0,"F"
0,0,1,2,".BCCS","","","","K","T",1,0,0,0,0,"F"
0,1,2,2,"TSBBS","","","","K","T",1,0,0,0,0,"F"
0,2,3,2,"SCBFBBX","","","","D8/F+","T",0,2,0,0,0,"F"
0,2,0,2,"CFFX","","shawt001","","8/F","T",1,0,0,2,0,"F"
1,0,2,2,"CSBBX","","","","53/G","T",1,0,0,0,0,"F"
1,1,2,2,"BCBFX","","","","2/P-/FL","T",1,0,0,0,0,"F"
1,2,0,0,"X","","","","4/F","T",1,0,0,0,0,"F"
0,0,1,2,"FSBFT","","","","K","T",1,0,0,0,0,"F"
0,1,0,2,"CSS","","","","K","T",1,0,0,0,0,"F"
0,2,2,2,"BSBST","","","","K","T",1,0,0,0,0,"F"
1,0,1,0,".BX","","","","E6/G.B-1","T",0,1,0,0,0,"F"
1,0,3,1,"B1*BBCB","margm001","","","W.1-2","T",0,1,2,0,0,"F"
1,0,3,2,".*BBFCB.X","loweb001","margm001","","S7/L+.2-H(UR);1-2","T",0,1,2,5,0,"F"
1,0,1,0,".BX","adamw002","loweb001","","8/F","T",1,0,1,2,0,"F"
1,1,3,2,".*BC*BSBB","adamw002","loweb001","","W.2-3;1-2","T",0,1,2,3,0,"F"
1,1,0,0,"X","choij001","adamw002","loweb001","4/P","T",1,0,1,2,3,"F"
1,2,2,2,"CBBSC","choij001","adamw002","loweb001","K","T",1,0,1,2,3,"F"
0,0,3,2,"...CCBBBFB","","","","W","T",0,1,0,0,0,"F"
0,0,1,2,"C*B.FS","jansd001","","","K","T",1,0,1,0,0,"F"
0,1,3,2,"CS*BBBC","jansd001","","","K","T",1,0,1,0,0,"F"
0,2,0,0,"X","jansd001","","","64(1)/FO/G.B-1","T",1,1,0,0,0,"F"
1,0,2,2,"..BFBTX","","","","7/F","T",1,0,0,0,0,"F"
1,1,0,2,"SSS","","","","K","T",1,0,0,0,0,"F"
1,2,3,2,"SSBFBBFB","","","","W","T",0,1,0,0,0,"F"
1,2,0,2,"CSB","margm001","","","DI.1-3","F",0,0,3,0,0,"F"
1,2,1,2,"CSB.S","","","margm001","K","T",1,0,0,0,3,"F"
0,0,2,2,"CBFFFBX","","","","43/G","T",1,0,0,0,0,"T"
0,1,0,0,"X","","","","S7/L","T",0,1,0,0,0,"F"
0,1,2,1,"BCBX","biggc002","","","7/F+","T",1,0,1,0,0,"F"
0,2,0,2,"SSX","biggc002","","","63/G","T",1,0,1,0,0,"F"
1,0,0,0,"X","","","","3/G","T",1,0,0,0,0,"F"
1,1,0,2,"CCFX","","","","S6/G","T",0,1,0,0,0,"F"
1,1,2,1,"B1CBX","loweb001","","","S8/L+.1-3","T",0,1,3,0,0,"F"
1,1,0,0,"1X","diazy001","","loweb001","6/P","T",1,0,1,0,3,"F"
1,2,0,1,"CX","diazy001","","loweb001","5/L","T",1,0,1,0,3,"F"
0,0,2,0,"BBX","","","","43/G","T",1,0,0,0,0,"F"
0,1,0,0,"X","","","","8/F","T",1,0,0,0,0,"F"
0,2,0,2,"CSX","","","","43/G","T",1,0,0,0,0,"F"
1,0,0,1,"CX","","","","6/P","T",1,0,0,0,0,"F"
1,1,3,2,"CBBBLX","","","","53/G","T",1,0,0,0,0,"F"
1,2,2,2,"CSBFFBX","","","","2/P","T",1,0,0,0,0,"F"
0,0,0,1,"CX","","","","31/G","T",1,0,0,0,0,"F"
0,1,2,2,"BBCFS","","","","K","T",1,0,0,0,0,"F"
0,2,2,2,"BBFSX","","","","53/G","T",1,0,0,0,0,"F"
1,0,3,2,"BCBFBX","","","","9/F","T",1,0,0,0,0,"F"
1,1,1,1,"CBX","","","","3/G","T",1,0,0,0,0,"F"
1,2,3,2,"BSBBSC","","","","K","T",1,0,0,0,0,"F"
0,0,2,1,"BCBX","","","","S9/L","T",0,1,0,0,0,"F"
0,0,0,0,"X","biggc002","","","63/G.1-2","T",1,0,2,0,0,"F"
0,1,0,1,"FX","","biggc002","","8/L","T",1,0,0,2,0,"F"
0,2,3,2,"CCF.2B*BFB*B","","biggc002","","W","T",0,1,0,2,0,"F"
0,2,1,2,"FS*BX","shawt001","biggc002","","S1/G.2-3;1-2","T",0,1,2,3,0,"F"
0,2,0,1,"SX","gricr001","shawt001","biggc002","8/F","T",1,0,1,2,3,"F"
1,0,3,0,"BBBB","","","","W","T",0,1,0,0,0,"F"
1,0,1,1,"B1CX","diazy001","","","46(1)3/GDP/G","T",2,0,0,0,0,"F"
1,2,0,1,"FX","","","","31/G","T",1,0,0,0,0,"F"
0,0,0,1,"CX","","","","43/G","T",1,0,0,0,0,"F"
0,1,1,2,"FSBX","","","","9/F","T",1,0,0,0,0,"F"
0,2,0,2,"CFX","","","","53/G","T",1,0,0,0,0,"F"
1,0,1,2,"CBCS","","","","K","T",1,0,0,0,0,"F"
1,1,0,1,"TX","","","","7/F","T",1,0,0,0,0,"F"
1,2,1,2,"CCBS","","","","K","T",1,0,0,0,0,"F"
0,0,1,0,"BX","","","","9/F","T",1,0,0,0,0,"F"
0,1,1,1,"CBX","","","","S7/L","T",0,1,0,0,0,"F"
0,1,3,2,"..BBFBF>X","gurrl001","","","S9/G+.1-2","T",0,1,2,0,0,"F"
0,1,0,2,".FFC","guerv002","gurrl001","","K","T",1,0,1,2,0,"F"
0,2,0,0,"X","guerv002","gurrl001","","8/L","T",1,0,1,2,0,"F"
1,0,3,2,"BCBSBFFB","","","","W","T",0,1,0,0,0,"F"
1,0,2,1,".C11BBX","brosm001","","","D8/F.1-H","T",0,2,4,0,0,"F"
1,0,2,2,"BCBCS","","choij001","","K","T",1,0,0,2,0,"F"
1,1,0,0,"X","","choij001","","63/G","T",1,0,0,2,0,"F"
1,2,1,0,"BX","","choij001","","31/G","T",1,0,0,2,0,"F"
0,0,1,2,"..FCBC","","","","K","T",1,0,0,0,0,"F"
0,1,1,1,"BSX","","","","HR/L89","T",0,4,0,0,0,"F"
0,1,0,2,".SFF*S","","","","K","T",1,0,0,0,0,"F"
0,2,3,2,"CBBBCX","","","","S9/L+","T",0,1,0,0,0,"F"
0,2,3,0,".11BBBB","bichb001","","","W.1-2","T",0,1,2,0,0,"F"
0,2,0,0,"..X","biggc002","bichb001","","2/P","T",1,0,1,2,0,"F"
1,0,1,1,"..BFX","","","","9/F","T",1,0,0,0,0,"F"
1,1,2,1,"BBCX","","","","9/L","T",1,0,0,0,0,"F"
1,2,2,0,"BBX","","","","63/G+","T",1,0,0,0,0,"F"
0,0,0,2,"FFX","","","","63/G","T",1,0,0,0,0,"F"
0,1,0,1,"CX","","","","S7/L","T",0,1,0,0,0,"F"
0,1,2,1,"CBBX","shawt001","","","9/F","T",1,0,1,0,0,"F"
0,2,1,2,"FS*BX","shawt001","","","8/L","T",1,0,1,0,0,"F"
1,0,2,2,".BCCBS","","","","K","T",1,0,0,0,0,"F"
1,1,2,2,"BBCCX","","","","S8/L","T",0,1,0,0,0,"F"
1,1,3,1,".1BBBC*B","renfh001","","","W.1-2","T",0,1,2,0,0,"F"
1,1,0,1,".CX","choij001","renfh001","","T9/L+.2-H;1-H","T",0,3,4,4,0,"F"
1,1,1,0,"BB","","","loweb001","BK.3-H(NR)","F",0,0,0,0,4,"F"
1,1,3,0,"BB.BB","","","","W","T",0,1,0,0,0,"F"
1,1,3,2,"..BFSBBS","diazy001","","","K","T",1,0,1,0,0,"F"
1,2,1,2,"BCCX","diazy001","","","43/G","T",1,0,1,0,0,"F"
0,0,0,1,"......CX","","","","3/G","T",1,0,0,0,0,"F"
0,1,3,2,"BBBCSX","","","","3/G+","T",1,0,0,0,0,"F"
0,2,2,2,"FBCBFS","","","","K","T",1,0,0,0,0,"F"
0,0,2,2,"BBCF*S","","","","K","T",1,0,0,0,0,"T"
0,1,2,2,"BBLLS","","","","K","T",1,0,0,0,0,"F"
0,2,1,1,"BCX","","","","S8/L8S","T",0,1,0,0,0,"F"
0,2,2,2,"*BB*SFB","guerv002","","","WP.1-2","F",0,0,2,0,0,"F"
0,2,3,2,"*BB*SFB.B","","guerv002","","W","T",0,1,0,2,0,"F"
0,2,3,1,"BCBBB","tellr001","guerv002","","W.2-3;1-2","T",0,1,2,3,0,"F"
0,2,1,2,".CBSS","gricr001","tellr001","guerv002","K","T",1,0,1,2,3,"F"
1,0,2,1,"CBBX","","","","5/P5","T",1,0,0,0,0,"F"
1,1,2,2,"FBBFS","","","","K","T",1,0,0,0,0,"F"
1,2,3,2,"BBCCBB","","","","W","T",0,1,0,0,0,"F"
1,2,3,2,"BBBCS>F>F>B","diazy001","","","W.1-2","T",0,1,2,0,0,"F"
1,2,0,1,".CX","martj008","diazy001","","43/G4+","T",1,0,1,2,0,"F"
0,0,2,1,"CBBX","","","","9/F89S","T",1,0,0,0,0,"F"
0,1,1,0,"BX","","","","S7/G56","T",0,1,0,0,0,"F"
0,1,0,2,"FSS","drurb001","","","K","T",1,0,1,0,0,"F"
0,2,1,1,"BFX","drurb001","","","S7/L78D.1-2","T",0,1,2,0,0,"F"
0,2,1,2,"C*BFB","bichb001","drurb001","","WP.2-3;1-2","F",0,0,2,3,0,"F"
0,2,2,2,"C*BFB.F*S","","bichb001","drurb001","K","T",1,0,0,2,3,"F"
1,0,2,1,"BBCX","","","","43/G4MS","T",1,0,0,0,0,"F"
1,1,3,2,"TBBSBC","","","","K","T",1,0,0,0,0,"F"
1,2,1,2,"SBSX","","","","8/F8XD+","T",1,0,0,0,0,"F"
0,0,0,2,".CFS","","","","K","T",1,0,0,0,0,"F"
0,1,0,0,"X","","","","5/P5F/FL","T",1,0,0,0,0,"F"
0,2,0,1,"CX","","","","S7/G56+","T",0,1,0,0,0,"F"
0,2,1,2,"FFBC","gricr001","","","K","T",1,0,1,0,0,"F"
1,0,3,2,"CBSBFBFC","","","","K","T",1,0,0,0,0,"F"
1,1,1,2,"..CBTS","","","","K","T",1,0,0,0,0,"F"
1,2,2,2,"BBCTX","","","","D9/L89XD","T",0,2,0,0,0,"F"
1,2,1,2,"CBTX","","loweb001","","9/L9D+","T",1,0,0,2,0,"F"
0,0,1,1,"BFX","","","","7/F7L","T",1,0,0,0,0,"F"
0,1,0,1,"CX","","","","8/F8","T",1,0,0,0,0,"F"
0,2,2,2,"TFBBX","","","","63/G56","T",1,0,0,0,0,"F"
1,0,3,2,"BBCCBFS","","","","K","T",1,0,0,0,0,"F"
1,1,1,1,"BCX","","","","43/G4D","T",1,0,0,0,0,"F"
1,2,1,0,"BX","","","","63/G6S","T",1,0,0,0,0,"F"
0,0,0,0,"X","","","","9/L9","T",1,0,0,0,0,"F"
0,1,1,0,"BX","","","","7/F78S","T",1,0,0,0,0,"F"
0,2,1,1,"CBX","","","","S8/G4+","T",0,1,0,0,0,"F"
0,2,1,0,"BX","guerv002","","","63/G6MS","T",1,0,1,0,0,"F"
1,0,2,1,"BFBX","","","","63/G6MS-","T",1,0,0,0,0,"F"
1,1,1,2,"CFBX","","","","63/G6D","T",1,0,0,0,0,"F"
1,2,3,2,"SBBBSX","","","","7/L7D","T",1,0,0,0,0,"F"
0,0,0,1,"CX","","","","S7/L7LD","T",0,1,0,0,0,"F"
0,0,1,2,"CSBX","gricr001","","","D7/G6+.1-H(NR);B-3(E7)","T",0,3,4,0,0,"F"
0,0,0,0,"X","","","hernt002","S9/L89.3-H","T",0,1,0,0,4,"F"
0,0,1,2,".*BSFFX","jansd001","","","S8/G6M.1-2","T",0,1,2,0,0,"F"
0,0,0,2,"...CFX","drurb001","jansd001","","S7/L78D.2-3;1-2","T",0,1,2,3,0,"F"
0,0,0,2,"CFX","gurrl001","drurb001","jansd001","S7/G56.3-H;2-H;1-2","T",0,1,2,4,4,"F"
0,0,2,2,"BBCFX","bichb001","gurrl001","","36(1)/FO/G3.2-3;B-1","T",1,1,0,3,0,"F"
0,1,0,0,"X","biggc002","","gurrl001","64(1)3/GDP/G6","T",2,0,0,0,3,"F"
1,0,0,0,".X","","","","HR/L78XD","T",0,4,0,0,0,"F"
1,0,1,1,"FBX","","","","DGR/L78XD+","T",0,2,0,0,0,"F"
1,0,0,2,".....C*SS","","loweb001","","K","T",1,0,0,2,0,"F"
1,1,0,2,"CFX","","loweb001","","8/L89D","T",1,0,0,2,0,"F"
1,2,0,2,"CSX","","loweb001","","43/G4D+","T",1,0,0,2,0,"F"
0,0,1,2,"CBSS","","","","K","T",1,0,0,0,0,"F"
0,1,2,1,"BBCX","","","","13/G4S","T",1,0,0,0,0,"F"
0,2,1,2,"BCCX","","","","S7/G56+","T",0,1,0,0,0,"F"
0,2,3,1,"FBBB>B","hernt002","","","W.1-2","T",0,1,2,0,0,"F"
0,2,2,2,"C*S+2*B>FFB>B","jansd001","hernt002","","SB3.1-2(PB)","F",0,0,2,3,0,"F"
0,2,3,2,"C*S+2*B>FFB>B.F*B","","jansd001","hernt002","W","T",0,1,0,2,3,"F"
0,2,0,1,".CX","drurb001","jansd001","hernt002","63/G56","T",1,0,1,2,3,"F"
1,0,2,2,".CCBBX","","","","D7/G5","T",0,2,0,0,0,"F"
1,0,0,0,"X","","margm001","","4/P89S","T",1,0,0,2,0,"F"
1,1,2,2,"BFCBX","","margm001","","S4/G6M.2-3","T",0,1,0,3,0,"F"
1,1,2,2,".CBF*BX","adamw002","","margm001","43/G34.3-H;1-2","T",1,0,2,0,4,"F"
1,2,2,0,"*BBX","","adamw002","","43/G4","T",1,0,0,2,0,"F"
0,0,3,2,"....BFFBBS","","","","K","T",1,0,0,0,0,"F"
0,1,1,2,"BCFFX","","","","S8/L78D","T",0,1,0,0,0,"F"
0,1,3,2,"BBFSB>F>F>X","biggc002","","","53/G56+.1-2","T",1,0,2,0,0,"F"
0,2,0,1,"C>X","","biggc002","","63/G1-","T",1,0,0,2,0,"F"
1,0,3,2,".CBCBFFBX","","","","5/P6D","T",1,0,0,0,0,"F"
1,1,3,2,"CSBBBC","","","","K","T",1,0,0,0,0,"F"
1,2,0,0,"X","","","","9/F9","T",1,0,0,0,0,"F"
0,0,3,2,".BCBSBFS","","","","K","T",1,0,0,0,0,"F"
0,1,2,2,"CBFBC","","","","K","T",1,0,0,0,0,"F"
0,2,2,2,"BBFCX","","","","9/F9","T",1,0,0,0,0,"F"
1,0,1,1,".SBX","","","","8/F8D","T",1,0,0,0,0,"F"
1,1,0,2,"CSS","","","","K","T",1,0,0,0,0,"F"
1,2,0,1,".SX","","","","D9/G3","T",0,2,0,0,0,"F"
1,2,3,2,"*BCBBCB","","wendj002","","W","T",0,1,0,2,0,"F"
1,2,3,0,".*BBBB","adamw002","wendj002","","W.2-3;1-2","T",0,1,2,3,0,"F"
1,2,3,1,".*BCBB..B","tsuty001","adamw002","wendj002","W.3-H;2-3;1-2","T",0,1,2,3,4,"F"
1,2,1,1,"SBX","choij001","tsuty001","adamw002","S4/G34.3-H;2-3;1-2","T",0,1,2,3,4,"F"
1,2,1,1,"BFX","loweb001","choij001","tsuty001","9/L9D","T",1,0,1,2,3,"F"
0,0,2,2,".....*BFBCX","","","","3/P3","T",1,0,0,0,0,"F"
0,1,2,1,"BBC>C","","","","SB3","F",0,0,0,0,0,"F"
0,1,2,2,"BBC>C.X","","","","7/SF/F78.3-H(UR)","T",1,0,0,0,0,"F"
0,2,0,0,"X","","","","7/F78XD","T",1,0,0,0,0,"F"
1,0,3,2,"...C*BSFBBFFB","","","","W","T",0,1,0,0,0,"F"
1,0,1,0,".BX","martj008","","","T9/L9L+.2-H(UR);1-H;B-2","T",0,2,4,0,0,"F"
0,0,2,2,"BCCBS","","","","K","T",1,0,0,0,0,"T"
0,1,2,2,"BFSFBS","","","","K","T",1,0,0,0,0,"F"
0,2,3,2,"BBCCBB","","","","W","T",0,1,0,0,0,"F"
0,2,3,2,"*BBSSB>S","freef001","","","K","T",1,0,1,0,0,"F"
1,0,2,2,"CFBBX","","","","9/F89","T",1,0,0,0,0,"F"
1,1,3,1,"BFBBB","","","","W","T",0,1,0,0,0,"F"
1,1,2,2,"FBC1BX","loweb001","","","64(1)3/GDP/G6","T",2,0,0,0,0,"F"
0,0,0,0,"X","","","","7/F7","T",1,0,0,0,0,"F"
0,1,3,2,"SCBBBFX","","","","HR/L8XD","T",0,4,0,0,0,"F"
0,1,1,2,"BSFF*S","","","","K","T",1,0,0,0,0,"F"
0,2,3,2,"BCBFBFFB","","","","W","T",0,1,0,0,0,"F"
0,2,1,2,"CS*B>S","incie001","","","K","T",1,0,1,0,0,"F"
1,0,2,2,"BBSFC","","","","K","T",1,0,0,0,0,"F"
1,1,1,1,"CBX","","","","S9/G4S","T",0,1,0,0,0,"F"
1,1,1,0,"BX","renfh001","","","6(1)3/GDP/G4MD","T",2,0,0,0,0,"F"
0,0,0,2,"CSS","","","","K","T",1,0,0,0,0,"F"
0,1,0,0,"X","","","","7/F78","T",1,0,0,0,0,"F"
0,2,1,2,"CCBX","","","","31/G34","T",1,0,0,0,0,"F"
1,0,2,2,"BBFFS","","","","K","T",1,0,0,0,0,"F"
1,1,0,1,"CX","","","","43/G34","T",1,0,0,0,0,"F"
1,2,3,2,"BCSBBX","","","","HR/F78XD","T",0,4,0,0,0,"F"
1,2,2,2,"CFFFBFBS","","","","K","T",1,0,0,0,0,"F"
0,0,2,2,"CSFBBT","","","","K","T",1,0,0,0,0,"F"
0,1,2,2,"CBBFC","","","","K","T",1,0,0,0,0,"F"
0,2,2,2,"BBFFC","","","","K","T",1,0,0,0,0,"F"
1,0,0,0,"X","","","","5/P5F/FL","T",1,0,0,0,0,"F"
1,1,3,2,"CBFBFBB","","","","W","T",0,1,0,0,0,"F"
1,1,3,2,"BCCB*BF1F>B","martj008","","","W.1-2","T",0,1,2,0,0,"F"
1,1,1,0,"BX","tsuty001","martj008","","HR/F78XD.2-H;1-H","T",0,4,4,4,0,"F"
1,1,0,0,"X","","","","HR/L9D","T",0,4,0,0,0,"F"
1,1,3,1,"BB.FBB","","","","W","T",0,1,0,0,0,"F"
1,1,2,1,"..FB1B>*S","adamw002","","","SB2","F",0,0,2,0,0,"F"
1,1,3,2,"..FB1B>*S.BX","","adamw002","","S6/G6.2-H","T",0,1,0,4,0,"F"
1,1,0,0,"H","kierk001","","","HP.1-2","T",0,1,2,0,0,"F"
1,1,1,2,"BSFS","zunim001","kierk001","","K","T",1,0,1,2,0,"F"
1,2,2,0,"BBX","zunim001","kierk001","","T8/F8XD+.2-H;1-H","T",0,3,4,4,0,"F"
1,2,0,2,"CCB","","","loweb001","WP.3-H(NR)","F",0,0,0,0,4,"F"
1,2,2,2,"CCB.BFS","","","","K","T",1,0,0,0,0,"F"
0,0,0,2,".FSC","","","","K","T",1,0,0,0,0,"F"
0,1,2,1,"BCBX","","","","3/G3","T",1,0,0,0,0,"F"
0,2,0,2,"SFT","","","","K","T",1,0,0,0,0,"F"
1,0,1,1,"CBX","","","","43/G34","T",1,0,0,0,0,"F"
1,1,2,2,"CSBBX","","","","HR/L78XD","T",0,4,0,0,0,"F"
1,1,0,2,"CCFC","","","","K","T",1,0,0,0,0,"F"
1,2,2,2,"SBSBFS","","","","K","T",1,0,0,0,0,"F"
0,0,1,2,".BCFS","","","","K+WP.B-1","T",0,1,0,0,0,"F"
0,0,1,0,"BX","acunr001","","","FC6/G6.1-2(E6);B-1","T",0,1,2,0,0,"F"
0,0,0,0,"X","albio001","acunr001","","S7/L7.2-H(UR);1-2","T",0,1,2,5,0,"F"
0,0,0,2,"SF*S","freef001","albio001","","K","T",1,0,1,2,0,"F"
0,1,1,2,"CS*BX","freef001","albio001","","HR/L7LD.2-H;1-H","T",0,4,4,4,0,"F"
0,1,2,2,"BCBFFT","","","","K","T",1,0,0,0,0,"F"
0,2,0,2,"CFX","","","","9/F9LF/FL","T",1,0,0,0,0,"F"
1,0,0,2,"CFC","","","","K","T",1,0,0,0,0,"F"
1,1,2,2,"BFSBS","","","","K","T",1,0,0,0,0,"F"
1,2,3,2,"BSBBFB","","","","W","T",0,1,0,0,0,"F"
1,2,1,2,"TBCX","choij001","","","D7/L7LD.1-3","T",0,2,3,0,0,"F"
1,2,2,2,"CSF*BBX","","loweb001","choij001","S8/L8XD+.3-H;2-H","T",0,1,0,4,4,"F"
1,2,2,2,"CBBSX","martj008","","","43/G34","T",1,0,1,0,0,"F"
0,0,2,2,"...SFBBFS","","","","K","T",1,0,0,0,0,"F"
0,1,1,2,"CSBS","","","","K","T",1,0,0,0,0,"F"
0,2,1,1,"BCX","","","","S7/L78D+","T",0,1,0,0,0,"F"
0,2,0,1,"FX","acunr001","","","8/F8","T",1,0,1,0,0,"F"
1,0,0,2,".CFS","","","","K","T",1,0,0,0,0,"F"
1,1,3,2,"CBBFBX","","","","S8/L8XD","T",0,1,0,0,0,"F"
1,1,0,0,"X","wendj002","","","D7/G5.1-H","T",0,2,4,0,0,"F"
1,1,2,2,"S*BFBX","","adamw002","","8/L8D","T",1,0,0,2,0,"F"
1,2,3,2,"BSFFBBFB","","adamw002","","W","T",0,1,0,2,0,"F"
1,2,1,2,"..BCCFFS","smitk002","adamw002","","K","T",1,0,1,2,0,"F"
0,0,0,2,".FSS","","","","K","T",1,0,0,0,0,"F"
0,1,0,0,".X","","","","53/G5","T",1,0,0,0,0,"F"
0,2,3,2,"BCCBFFBS","","","","K","T",1,0,0,0,0,"F"
1,0,0,2,"...CFS","","","","K","T",1,0,0,0,0,"F"
1,1,1,2,"FBFX","","","","HR/F7LD","T",0,4,0,0,0,"F"
1,1,1,2,"BCSX","","","","S9/L89D+","T",0,1,0,0,0,"F"
1,1,1,1,"CBX","tsuty001","","","23/G2-.1-2","T",1,0,2,0,0,"F"
1,2,1,0,"BX","","tsuty001","","8/L78XD","T",1,0,0,2,0,"F"
0,0,0,0,".X","","","","E5/G56.B-1","T",0,1,0,0,0,"F"
0,0,0,0,"X","hecha001","","","46(1)/FO/G4MD.B-1","T",1,1,0,0,0,"F"
0,1,0,2,"CTFT","rilea001","","","K","T",1,0,1,0,0,"F"
0,2,3,2,"FBCBF.B>X","rilea001","","","8/L8D+","T",1,0,1,0,0,"F"
0,0,1,0,"BX","","","","7/L78XD+","T",1,0,0,0,0,"T"
0,1,1,1,"BSX","","","","S9/L9LD","T",0,1,0,0,0,"F"
0,1,3,2,"BF*BSBC","albio001","","","K+CS2(26)/DP","T",2,0,0,0,0,"F"
1,0,0,2,"FCS","","","","K","T",1,0,0,0,0,"F"
1,1,0,2,"FCS","","","","K","T",1,0,0,0,0,"F"
1,2,1,2,"CBCX","","","","9/L9LD","T",1,0,0,0,0,"F"
0,0,3,2,"BCBFB*B","","","","W","T",0,1,0,0,0,"F"
0,0,3,1,"BBCBX","ozunm001","","","35(1)3/GDP/G3","T",2,0,0,0,0,"F"
0,2,1,2,"BFFFX","","","","S9/L9LS","T",0,1,0,0,0,"F"
0,2,0,1,"SX","swand001","","","3/G3","T",1,0,1,0,0,"F"
1,0,0,2,"CFX","","","","6/P78S","T",1,0,0,0,0,"F"
1,1,0,2,"CCX","","","","S5/G5+","T",0,1,0,0,0,"F"
1,1,1,0,"BX","martj008","","","8/L78XD+","T",1,0,1,0,0,"F"
1,2,1,1,"BS1X","martj008","","","64(1)/FO/G56.B-1","T",1,1,0,0,0,"F"
0,0,2,0,"BBX","","","","E3/G34.B-1","T",0,1,0,0,0,"F"
0,0,1,1,"BCX","incie001","","","D7/L7LD+.1-3","T",0,2,3,0,0,"F"
0,0,3,2,".CB*SB*BFB","","jacka002","incie001","W","T",0,1,0,2,3,"F"
0,0,2,2,".SBBFS","acunr001","jacka002","incie001","K","T",1,0,1,2,3,"F"
0,1,1,2,"SS*BS","acunr001","jacka002","incie001","K","T",1,0,1,2,3,"F"
0,2,2,2,"BSBFX","acunr001","jacka002","incie001","S7/L7D+.3-H(UR);2-3;1-2","T",0,1,2,3,5,"F"
0,2,1,2,"FF*BX","ozunm001","acunr001","jacka002","6/P6MD","T",1,0,1,2,3,"F"
1,0,3,2,"SSBBBB","","","","W","T",0,1,0,0,0,"F"
1,0,1,2,"11BS1SX","kierk001","","","7/F7L","T",1,0,1,0,0,"F"
1,1,0,2,"C1FS","kierk001","","","K","T",1,0,1,0,0,"F"
1,2,0,1,"S>B","kierk001","","","SB2","F",0,0,2,0,0,"F"
1,2,3,2,"S>B.CBBB","","kierk001","","W","T",0,1,0,2,0,"F"
1,2,3,0,"BBBB","loweb001","kierk001","","W.2-3;1-2","T",0,1,2,3,0,"F"
1,2,0,1,".CX","diazy001","loweb001","kierk001","S9/L89D.3-H;2-H;1-3","T",0,1,3,4,4,"F"
1,2,2,1,"BBCX","tsuty001","","diazy001","S7/F7.3-H;1-2","T",0,1,2,0,4,"F"
1,2,1,2,"*BSFX","martj008","tsuty001","","S9/G4+.2-H;1-3","T",0,1,3,4,0,"F"
1,2,1,1,"..B1FB","wendj002","","martj008","WP.3-H(NR);1-2","F",0,0,2,0,4,"F"
1,2,3,2,"..B1FB.F2*BX","","wendj002","","43/G6M","T",1,0,0,2,0,"F"
0,0,0,0,"X","","","","63/G6S","T",1,0,0,0,0,"F"
0,1,1,2,"BCCS","","","","K","T",1,0,0,0,0,"F"
0,2,0,2,"SFX","","","","5/P5F/FL","T",1,0,0,0,0,"F"
1,0,0,1,"CX","","","","63/G6M","T",1,0,0,0,0,"F"
1,1,0,2,"FC*S","","","","K","T",1,0,0,0,0,"F"
1,2,2,2,"CBFBX","","","","43/G34","T",1,0,0,0,0,"F"
0,0,0,0,".X","","","","S9/F9LS","T",0,1,0,0,0,"F"
0,0,3,2,"BBCSBS","jacka002","","","K","T",1,0,1,0,0,"F"
0,1,1,2,"BSSFFF*S","jacka002","","","K","T",1,0,1,0,0,"F"
0,2,3,2,"BBFBS>C","jacka002","","","K","T",1,0,1,0,0,"F"
1,0,3,2,"FBSBBFX","","","","7/F78XD","T",1,0,0,0,0,"F"
1,1,3,2,"CBBBCX","","","","S19/G4","T",0,1,0,0,0,"F"
1,1,2,2,"C1BFBFS","diazy001","","","K","T",1,0,1,0,0,"F"
1,2,0,2,"C1FC","diazy001","","","K","T",1,0,1,0,0,"F"
0,0,1,2,".CBSX","","","","5/L56","T",1,0,0,0,0,"F"
0,1,2,1,"BFBX","","","","63/G4D","T",1,0,0,0,0,"F"
0,2,3,2,"BCCFBBS","","","","K","T",1,0,0,0,0,"F"
1,0,2,1,".BSBX","","","","13/G34S","T",1,0,0,0,0,"F"
1,1,3,2,"CCBBFB*S","","","","K","T",1,0,0,0,0,"F"
1,2,1,1,"BSX","","","","S4/G4","T",0,1,0,0,0,"F"
1,2,0,0,"X","kierk001","","","3/G3","T",1,0,1,0,0,"F"
0,0,3,2,"BBBCFFFB","","","","W","T",0,1,0,0,0,"F"
0,0,2,2,"CBCBX","camaj001","","","FC3/G34S.1-2(E3/TH);B-1","T",0,1,2,0,0,"F"
0,0,2,1,".CBBX","incie001","camaj001","","64(1)3/GDP/G6.2-3","T",2,0,0,3,0,"F"
0,2,3,1,"CBBBB","","","camaj001","W","T",0,1,0,0,3,"F"
0,2,2,2,"..CB*B*SX","acunr001","","camaj001","S9/L9D+.3-H(UR);1-2","T",0,1,2,0,5,"F"
0,2,0,2,"CF*S","albio001","acunr001","","K","T",1,0,1,2,0,"F"
1,0,1,2,".BSCS","","","","K","T",1,0,0,0,0,"F"
1,1,0,0,"X","","","","43/G4S","T",1,0,0,0,0,"F"
1,2,1,1,"CBX","","","","3/G34","T",1,0,0,0,0,"F"
0,0,0,1,"...CX","","","","8/L78XD","T",1,0,0,0,0,"F"
0,1,1,2,"BCFFS","","","","K","T",1,0,0,0,0,"F"
0,2,3,2,"BBCBFS","","","","K","T",1,0,0,0,0,"F"
1,0,0,0,"X","","","","S9/L89D","T",0,1,0,0,0,"F"
1,0,0,0,"..X","tsuty001","","","46(1)3/GDP/G4M+","T",2,0,0,0,0,"F"
1,2,0,2,"CSX","","","","4/P34D","T",1,0,0,0,0,"F"
0,0,1,2,"..BCSFX","","","","63/G6MD","T",1,0,0,0,0,"F"
0,1,0,2,"LFS","","","","K","T",1,0,0,0,0,"F"
0,2,0,2,".CFX","","","","4/P4D","T",1,0,0,0,0,"F"
0,0,3,2,"FFBBFBX","","","","8/F8XD+","T",1,0,0,0,0,"T"
0,1,1,2,"FSBS","","","","K","T",1,0,0,0,0,"F"
0,2,1,1,"SBX","","","","3/L34+","T",1,0,0,0,0,"F"
1,0,3,2,"BFBBFFS","","","","K","T",1,0,0,0,0,"F"
1,1,1,2,"SCB*S","","","","K","T",1,0,0,0,0,"F"
1,2,2,2,"BBCFX","","","","3/G3","T",1,0,0,0,0,"F"
0,0,1,2,"BCFX","","","","63/G6","T",1,0,0,0,0,"F"
0,1,2,2,"CBBSX","","","","HR/F9D","T",0,4,0,0,0,"F"
0,1,2,2,"CBCBS","","","","K","T",1,0,0,0,0,"F"
0,2,2,2,"BFCBFX","","","","S8/L89D","T",0,1,0,0,0,"F"
0,2,1,2,"BCFX","verda001","","","53/G6D","T",1,0,1,0,0,"F"
1,0,1,1,"BFX","","","","7/F7L","T",1,0,0,0,0,"F"
1,1,3,2,"BFBBFS","","","","K","T",1,0,0,0,0,"F"
1,2,2,1,"BBSX","","","","T9/L8XD+","T",0,3,0,0,0,"F"
1,2,0,2,"CSC","","","wendj002","K","T",1,0,0,0,3,"F"
0,0,2,1,"CBBX","","","","S9/L9","T",0,1,0,0,0,"F"
0,0,1,2,"TBCFFF1S","peraj003","","","K","T",1,0,1,0,0,"F"
0,1,0,1,"CX","peraj003","","","8/L78XD","T",1,0,1,0,0,"F"
0,2,1,1,"FB1X","peraj003","","","DGR/L7LD.1-3","T",0,2,3,0,0,"F"
0,2,2,2,"CBFB.X","","martj006","peraj003","8/F8D","T",1,0,0,2,3,"F"
1,0,2,2,"CBBCT","","","","K","T",1,0,0,0,0,"F"
1,1,3,2,"BBBCFFFX","","","","3/G3","T",1,0,0,0,0,"F"
1,2,0,0,"X","","","","S8/G6","T",0,1,0,0,0,"F"
1,2,0,1,"FX","meada001","","","8/L8D","T",1,0,1,0,0,"F"
0,0,0,1,"CX","","","","43/G3D","T",1,0,0,0,0,"F"
0,1,0,0,"X","","","","63/G6","T",1,0,0,0,0,"F"
0,2,1,2,"CFFBX","","","","3/G34","T",1,0,0,0,0,"F"
1,0,0,0,"X","","","","9/F89D","T",1,0,0,0,0,"F"
1,1,1,2,"CBSS","","","","K","T",1,0,0,0,0,"F"
1,2,3,2,".FFBBFBB","","","","W","T",0,1,0,0,0,"F"
1,2,1,2,"CFBX","tsuty001","","","S7/L7.1-2","T",0,1,2,0,0,"F"
1,2,1,1,"F.BX","wendj002","tsuty001","","D8/L89XD.2-H;1-H","T",0,2,4,4,0,"F"
1,2,2,1,"SB*BX","","renfh001","","8/F8XD","T",1,0,0,2,0,"F"
0,0,3,2,"SBCFBBX","","","","8/F78XD","T",1,0,0,0,0,"F"
0,1,1,0,"BX","","","","8/F8D","T",1,0,0,0,0,"F"
0,2,0,2,"SFX","","","","23/G23","T",1,0,0,0,0,"F"
1,0,0,0,"H","","","","HP","T",0,1,0,0,0,"F"
1,0,1,0,".BX","perem005","","","T9/L89XD.1-H","T",0,3,4,0,0,"F"
1,0,0,1,"FX","","","meada001","S9/L9LD+.3-H","T",0,1,0,0,4,"F"
1,0,1,2,".CF1B1X","loweb001","","","46(1)3/GDP/G4","T",2,0,0,0,0,"F"
1,2,2,2,"SSBBX","","","","8/F78XD","T",1,0,0,0,0,"F"
0,0,3,2,"BSFFFFBBS","","","","K","T",1,0,0,0,0,"F"
0,1,0,0,"X","","","","D8/L89XD+","T",0,2,0,0,0,"F"
0,1,1,2,"CFBS","","martj006","","K","T",1,0,0,2,0,"F"
0,2,0,1,"...CX","","martj006","","63/G6","T",1,0,0,2,0,"F"
1,0,3,2,"..BBCFBX","","","","5/P5F/FL","T",1,0,0,0,0,"F"
1,1,2,1,"CBBX","","","","S7/L78","T",0,1,0,0,0,"F"
1,1,0,1,"1C11>B","wendj002","","","SB2","F",0,0,2,0,0,"F"
1,1,1,1,"1C11>B.X","","wendj002","","8/F8D","T",1,0,0,2,0,"F"
1,2,3,2,"FBBBSB","","wendj002","","W","T",0,1,0,2,0,"F"
1,2,1,2,"..CSFBS","kierk001","wendj002","","K","T",1,0,1,2,0,"F"
0,0,1,0,"BX","","","","3/P3F/FL","T",1,0,0,0,0,"F"
0,1,0,2,".FCFC","","","","K","T",1,0,0,0,0,"F"
0,2,0,0,"X","","","","53/G56+","T",1,0,0,0,0,"F"
1,0,3,2,".BBCBCC","","","","K","T",1,0,0,0,0,"F"
1,1,0,0,"X","","","","S8/L8XD","T",0,1,0,0,0,"F"
1,1,0,0,"..X","loweb001","","","S67/G6.1-3","T",0,1,3,0,0,"F"
1,1,0,0,"X","diazy001","","loweb001","7/SF/L7D.3-H","T",1,0,1,0,4,"F"
1,2,0,2,"1FSFC","diazy001","","","K","T",1,0,1,0,0,"F"
0,0,1,0,".BX","","","","7/F78","T",1,0,0,0,0,"F"
0,1,1,1,"CBX","","","","E5/G7S.B-1","T",0,1,0,0,0,"F"
0,1,3,2,"LSBBBFFFFB","benia002","","","W.1-2","T",0,1,2,0,0,"F"
0,1,0,2,".S*SS","dever001","benia002","","K","T",1,0,1,2,0,"F"
0,2,3,2,"CBBBF>S","dever001","benia002","","K","T",1,0,1,2,0,"F"
1,0,2,1,".BBCX","","","","8/L8XD","T",1,0,0,0,0,"F"
1,1,3,2,"CBSBBX","","","","7/F7D+","T",1,0,0,0,0,"F"
1,2,1,2,"CBFS","","","","K","T",1,0,0,0,0,"F"
0,0,2,2,".CFBBX","","","","63/G6MD","T",1,0,0,0,0,"F"
0,1,0,2,"CFX","","","","S9/L9L","T",0,1,0,0,0,"F"
0,1,0,1,"SX","vazqc001","","","S7/G56.1-2","T",0,1,2,0,0,"F"
0,1,1,1,".CBX","pillk001","vazqc001","","S6/G6.2-3;1-2","T",0,1,2,3,0,"F"
0,1,2,2,"..BSFBFC","bradj001","pillk001","vazqc001","K","T",1,0,1,2,3,"F"
0,2,1,2,"C*BF.FC","bradj001","pillk001","vazqc001","K","T",1,0,1,2,3,"F"
0,0,1,2,"CBFS","","","","K","T",1,0,0,0,0,"T"
0,1,0,2,"CSC","","","","K","T",1,0,0,0,0,"F"
0,2,0,2,"TCX","","","","D7/L78XD+","T",0,2,0,0,0,"F"
0,2,0,2,"CSX","","martj006","","53/G5","T",1,0,0,2,0,"F"
1,0,3,2,"BBBCCFX","","","","D8/F89XD","T",0,2,0,0,0,"F"
1,0,1,2,"CBFX","","diazy001","","4/P9S","T",1,0,0,2,0,"F"
1,1,0,2,"CFC","","diazy001","","K","T",1,0,0,2,0,"F"
1,2,3,2,".*BBBCSB","","diazy001","","W","T",0,1,0,2,0,"F"
1,2,3,1,"BBBCX","renfh001","diazy001","","5(2)/FO/G5.B-1","T",1,1,1,0,0,"F"
0,0,0,0,"X","","","","53/G56","T",1,0,0,0,0,"F"
0,1,2,2,"BFSBFX","","","","S8/L8","T",0,1,0,0,0,"F"
0,1,2,2,"BCBCFF1FS","chavm001","","","K","T",1,0,1,0,0,"F"
0,2,1,1,"CB>X","chavm001","","","3/G34S","T",1,0,1,0,0,"F"
1,0,2,2,"BBSSX","","","","S9/L9LD","T",0,1,0,0,0,"F"
1,0,2,1,"BBFX","loweb001","","","54(1)3/GDP/G56","T",2,0,0,0,0,"F"
1,2,3,2,"CBBBCS","","","","K","T",1,0,0,0,0,"F"
0,0,1,1,"BCX","","","","8/F8S","T",1,0,0,0,0,"F"
0,1,0,0,"X","","","","63/G56+","T",1,0,0,0,0,"F"
0,2,0,1,"CX","","","","S9/L9D+","T",0,1,0,0,0,"F"
0,2,1,1,"BSX","dever001","","","7/F7","T",1,0,1,0,0,"F"
1,0,3,2,"BFSBBB","","","","W","T",0,1,0,0,0,"F"
1,0,3,1,"1B1BBCX","kierk001","","","46(1)3/GDP/G4","T",2,0,0,0,0,"F"
1,2,0,0,"X","","","","8/F78D","T",1,0,0,0,0,"F"
0,0,1,1,"BCX","","","","7/L78D+","T",1,0,0,0,0,"F"
0,1,1,2,"BFFX","","","","53/G6","T",1,0,0,0,0,"F"
0,2,0,1,"SX","","","","S8/L8D","T",0,1,0,0,0,"F"
0,2,0,1,"CX","chavm001","","","HR/L9LD.1-H","T",0,4,4,0,0,"F"
0,2,0,1,"FX","","","","6/P78S","T",1,0,0,0,0,"F"
1,0,0,1,"FX","","","","D8/L89XD","T",0,2,0,0,0,"F"
1,0,3,1,"BB*BCB","","martj008","","W","T",0,1,0,2,0,"F"
1,0,3,1,"BBCBX","renfh001","martj008","","3/P34S","T",1,0,1,2,0,"F"
1,1,0,1,"TX","renfh001","martj008","","9/L9D","T",1,0,1,2,0,"F"
1,2,3,2,"BSBFB>S","renfh001","martj008","","K","T",1,0,1,2,0,"F"
0,0,0,2,"CFFT","","","","K","T",1,0,0,0,0,"F"
0,1,1,0,"BX","","","","8/F78D","T",1,0,0,0,0,"F"
0,2,0,0,"H","","","","HP","T",0,1,0,0,0,"F"
0,2,0,2,"SSFS","dever001","","","K","T",1,0,1,0,0,"F"
1,0,2,2,"FBSBC","","","","K","T",1,0,0,0,0,"F"
1,1,3,2,"BCCBBX","","","","3/G3","T",1,0,0,0,0,"F"
1,2,1,1,"BCX","","","","D8/L78XD","T",0,2,0,0,0,"F"
1,2,2,2,"BBFFX","","diazy001","","9/F9","T",1,0,0,2,0,"F"
0,0,0,1,"CX","","","","D9/L89XD+","T",0,2,0,0,0,"F"
0,0,0,1,".CX","","bogax001","","S7/G5.2-H","T",0,1,0,4,0,"F"
0,0,3,2,"BS*BBSX","vazqc001","","","HR/L78XD.1-H","T",0,4,4,0,0,"F"
0,0,1,1,"BFH","","","","HP","T",0,1,0,0,0,"F"
0,0,3,1,"BBBCB","verda001","","","W.1-2","T",0,1,2,0,0,"F"
0,0,0,2,"..FSS","peraj003","verda001","","K","T",1,0,1,2,0,"F"
0,1,0,2,"FFX","peraj003","verda001","","4(1)3/GDP/G6MD","T",2,0,0,2,0,"F"
1,0,3,2,".CBFFBBB","","","","W","T",0,1,0,0,0,"F"
1,0,1,2,"SCF*BT","martj008","","","K","T",1,0,1,0,0,"F"
1,1,1,2,"C*BSC","martj008","","","K","T",1,0,1,0,0,"F"
1,2,2,0,"BBX","martj008","","","3/G34","T",1,0,1,0,0,"F"
0,0,0,0,".X","","","","13/G1S","T",1,0,0,0,0,"F"
0,1,3,2,"BBCBSFC","","","","K","T",1,0,0,0,0,"F"
0,2,1,1,"CBX","","","","S7/G56","T",0,1,0,0,0,"F"
0,2,3,2,"C*BCFBFB>F>F>S","bogax001","","","K","T",1,0,1,0,0,"F"
1,0,1,2,".CSBX","","","","8/L8XD","T",1,0,0,0,0,"F"
1,1,2,2,"CBFBC","","","","K","T",1,0,0,0,0,"F"
1,2,1,1,"BFX","","","","3/G34","T",1,0,0,0,0,"F"
0,0,1,2,".BSSS","","","","K","T",1,0,0,0,0,"F"
0,1,0,2,"CSX","","","","63/G4MD","T",1,0,0,0,0,"F"
0,2,1,0,"BX","","","","S7/G6","T",0,1,0,0,0,"F"
0,2,1,0,"BX","peraj003","","","7/F7","T",1,0,1,0,0,"F"
1,0,0,2,".....FCX","","","","3/L34","T",1,0,0,0,0,"F"
1,1,1,2,"CBFC","","","","K","T",1,0,0,0,0,"F"
1,2,1,0,"BX","","","","43/G4D","T",1,0,0,0,0,"F"
0,0,1,2,".CFBFFFFFX","","","","7/L78D","T",1,0,0,0,0,"F"
0,1,2,2,"CCBFFBS","","","","K","T",1,0,0,0,0,"F"
0,2,1,2,"SBSS","","","","K","T",1,0,0,0,0,"F"
1,0,3,2,".CBBBFB","","","","W","T",0,1,0,0,0,"F"
1,0,2,2,"CBCBFS","renfh001","","","K","T",1,0,1,0,0,"F"
1,1,1,2,"*BSFS","renfh001","","","K","T",1,0,1,0,0,"F"
1,2,0,2,"CFC","renfh001","","","K","T",1,0,1,0,0,"F"
0,0,3,1,"BBFBB","","","","W","T",0,1,0,0,0,"T"
0,0,3,2,"BC*BS11BC","lemad001","","","K","T",1,0,1,0,0,"F"
0,1,3,2,"CBBBFS","lemad001","","","K","T",1,0,1,0,0,"F"
0,2,1,2,"BFCT","lemad001","","","K","T",1,0,1,0,0,"F"
1,0,2,2,"CBBFX","","","","43/G4D","T",1,0,0,0,0,"F"
1,1,2,2,"CBSBX","","","","43/G4","T",1,0,0,0,0,"F"
1,2,1,1,"CBX","","","","S9/G4","T",0,1,0,0,0,"F"
1,2,1,1,"BSX","diazy001","","","5/P56","T",1,0,1,0,0,"F"
0,0,2,2,"BBFSS","","","","K","T",1,0,0,0,0,"F"
0,1,1,0,"BX","","","","43/G6M","T",1,0,0,0,0,"F"
0,2,3,2,"SBSBBFFFX","","","","53/G5D+","T",1,0,0,0,0,"F"
1,0,2,2,"CBFBFFX","","","","43/G34","T",1,0,0,0,0,"F"
1,1,0,1,"CX","","","","3/P3DF/FL","T",1,0,0,0,0,"F"
1,2,1,2,"BCSX","","","","8/L89D","T",1,0,0,0,0,"F"
0,0,3,2,"BCBBCB","","","","W","T",0,1,0,0,0,"F"
0,0,2,1,"BC*BX","sancg002","","","7/F7LF/FL","T",1,0,1,0,0,"F"
0,1,1,2,"FCF*BFX","sancg002","","","9/F9L","T",1,0,1,0,0,"F"
0,2,2,2,"BB*SFB","sancg002","","","WP.1-2","F",0,0,2,0,0,"F"
0,2,3,2,"BB*SFB.S","","sancg002","","K","T",1,0,0,2,0,"F"
1,0,0,0,"X","","","","13/G13","T",1,0,0,0,0,"F"
1,1,1,2,"CTBS","","","","K","T",1,0,0,0,0,"F"
1,2,1,1,"BFX","","","","9/F9D","T",1,0,0,0,0,"F"
0,0,0,2,".CFX","","","","63/G4","T",1,0,0,0,0,"F"
0,1,1,2,"FSFBX","","","","2/P3SF/FL","T",1,0,0,0,0,"F"
0,2,2,2,"BCFBX","","","","53/G5D","T",1,0,0,0,0,"F"
1,0,3,2,"SBBFFBFS","","","","K","T",1,0,0,0,0,"F"
1,1,1,1,"CBX","","","","63/G6D","T",1,0,0,0,0,"F"
1,2,0,2,"FCS","","","","K","T",1,0,0,0,0,"F"
0,0,1,2,"CCBFX","","","","8/L8XD","T",1,0,0,0,0,"F"
0,1,0,1,"FX","","","","9/F9D","T",1,0,0,0,0,"F"
0,2,2,1,"BBSX","","","","43/G6M","T",1,0,0,0,0,"F"
1,0,0,2,"FFS","","","","K","T",1,0,0,0,0,"F"
1,1,0,1,"CX","","","","8/L78XD","T",1,0,0,0,0,"F"
1,2,0,2,"CCS","","","","K","T",1,0,0,0,0,"F"
0,0,3,2,".FBBFBS","","","","K","T",1,0,0,0,0,"F"
0,1,1,1,"CBX","","","","S8/L89D","T",0,1,0,0,0,"F"
0,1,3,2,"C*BF*BBX","lemad001","","","4(1)3/GDP/G6M","T",2,0,0,0,0,"F"
1,0,0,2,".CSX","","","","D9/L9LD","T",0,2,0,0,0,"F"
1,0,2,0,"BBX","","kierk001","","7/F78D","T",1,0,0,2,0,"F"
1,1,1,2,"CC*B.*S","","kierk001","","K+WP.2-3;BX1(23)","T",1,0,0,3,0,"F"
1,2,1,2,"FBCX","","","kierk001","5/P5F/FL","T",1,0,0,0,3,"F"
0,0,3,1,".BSBBB","","","","W","T",0,1,0,0,0,"F"
0,0,3,1,"CBBBB","hicka001","","","W.1-2","T",0,1,2,0,0,"F"
0,0,2,1,".FB*BX","stanm004","hicka001","","9/F9L","T",1,0,1,2,0,"F"
0,1,0,1,"..CX","stanm004","hicka001","","9/F9LD.2-3","T",1,0,1,3,0,"F"
0,2,3,2,"BSSFF*BB>F>F>B","stanm004","","hicka001","W.1-2","T",0,1,2,0,3,"F"
0,2,0,2,".SFS","urshg001","stanm004","hicka001","K","T",1,0,1,2,3,"F"
1,0,0,2,"CCC","","","","K","T",1,0,0,0,0,"F"
1,1,2,2,"CSBBX","","","","63/G4D","T",1,0,0,0,0,"F"
1,2,2,1,"BCBX","","","","6/P56D","T",1,0,0,0,0,"F"
0,0,1,2,".BFCX","","","","D7/L7L","T",0,2,0,0,0,"F"
0,0,0,1,"CX","","taucm001","","FC/G6.2X3(65);B-1","T",1,1,0,0,0,"F"
0,1,1,2,"CBSS","lemad001","","","K","T",1,0,1,0,0,"F"
0,2,3,2,"CCBBFB>X","lemad001","","","43/G9S","T",1,0,1,0,0,"F"
1,0,3,2,".CBBCBB","","","","W","T",0,1,0,0,0,"F"
1,0,2,2,"SBBFC","tsuty001","","","K","T",1,0,1,0,0,"F"
1,1,3,0,"BBBB","tsuty001","","","W.1-2","T",0,1,2,0,0,"F"
1,1,0,0,"..B","kierk001","tsuty001","","WP.2-3;1-2","F",0,0,2,3,0,"F"
1,1,1,2,"..B.CCF.X","","kierk001","tsuty001","8/SF/F8D.3-H","T",1,0,0,2,4,"F"
1,2,1,0,"BX","","kierk001","","43/G4","T",1,0,0,2,0,"F"
0,0,2,2,".CBBSFFX","","","","3/P3F/FL","T",1,0,0,0,0,"F"
0,1,0,2,"SFS","","","","K","T",1,0,0,0,0,"F"
0,2,1,2,"BSSFX","","","","8/F8S","T",1,0,0,0,0,"F"
0,0,1,2,"FCBF*S","","","","K","T",1,0,0,0,0,"T"
0,1,0,0,"X","","","","9/F9LS","T",1,0,0,0,0,"F"
0,2,1,0,"BX","","","","53/G6M","T",1,0,0,0,0,"F"
1,0,2,2,"TBCBX","","","","S9/G34+","T",0,1,0,0,0,"F"
1,0,2,2,"BBSSS","diazy001","","","K","T",1,0,1,0,0,"F"
1,1,2,2,"CS*BB1S","diazy001","","","K","T",1,0,1,0,0,"F"
1,2,1,2,"CBFC","diazy001","","","K","T",1,0,1,0,0,"F"
0,0,3,2,"BBSFBFX","","","","S8/G6M+","T",0,1,0,0,0,"F"
0,0,2,1,"*BCBX","stanm004","","","S8/L89D.1-2","T",0,1,2,0,0,"F"
0,0,0,2,"SCFS","torrg001","stanm004","","K","T",1,0,1,2,0,"F"
0,1,3,1,"C*B*BBB","torrg001","stanm004","","W.2-3;1-2","T",0,1,2,3,0,"F"
0,1,3,2,".BFBCFBS","urshg001","torrg001","stanm004","K","T",1,0,1,2,3,"F"
0,2,0,2,"CSFS","urshg001","torrg001","stanm004","K","T",1,0,1,2,3,"F"
1,0,1,2,"TSBS","","","","K","T",1,0,0,0,0,"F"
1,1,3,1,"BBFBX","","","","43/G34D","T",1,0,0,0,0,"F"
1,2,1,2,"SBFX","","","","D8/L8XD","T",0,2,0,0,0,"F"
1,2,2,2,"BBSSS","","adamw002","","K","T",1,0,0,2,0,"F"
0,0,0,0,"X","","","","3/L34D","T",1,0,0,0,0,"F"
0,1,3,1,"CBBBX","","","","S7/G6","T",0,1,0,0,0,"F"
0,1,2,0,"BBX","judga001","","","HR/F89XD.1-H","T",0,4,4,0,0,"F"
0,1,3,1,"BBCB*B","","","","W","T",0,1,0,0,0,"F"
0,1,3,2,"B1CBS1BB","stanm004","","","W.1-2","T",0,1,2,0,0,"F"
0,1,2,2,".BSSBFFS","torrg001","stanm004","","K","T",1,0,1,2,0,"F"
0,2,2,2,"BSBFX","torrg001","stanm004","","D8/L78XD.2-H;1-H","T",0,2,4,4,0,"F"
0,2,2,2,"..C*BFBX","","urshg001","","9/F1","T",1,0,0,2,0,"F"
1,0,2,2,"BFSBT","","","","K","T",1,0,0,0,0,"F"
1,1,3,2,"CFFBBBX","","","","53/G6S","T",1,0,0,0,0,"F"
1,2,2,2,"CBBFX","","","","D8/L8XD+","T",0,2,0,0,0,"F"
1,2,1,2,"BSCS","","choij001","","K","T",1,0,0,2,0,"F"
0,0,3,2,"BCBBFX","","","","7/F7D","T",1,0,0,0,0,"F"
0,1,0,0,"X","","","","53/G56D","T",1,0,0,0,0,"F"
0,2,2,1,"BCBX","","","","S8/F8","T",0,1,0,0,0,"F"
0,2,0,1,"CX","judga001","","","8/F8D","T",1,0,1,0,0,"F"
1,0,3,2,"BBSCFBFFFFFB","","","","W","T",0,1,0,0,0,"F"
1,0,2,1,"SBBX","tsuty001","","","3/P34S","T",1,0,1,0,0,"F"
1,1,1,1,"BFX","tsuty001","","","7/F7LF/FL","T",1,0,1,0,0,"F"
1,2,0,2,"FST","tsuty001","","","K","T",1,0,1,0,0,"F"
0,0,2,0,"BBX","","","","HR/F7D","T",0,4,0,0,0,"F"
0,0,1,2,"CFBS","","","","K","T",1,0,0,0,0,"F"
0,1,2,2,"BBFCS","","","","K","T",1,0,0,0,0,"F"
0,2,2,2,"BCFBX","","","","S5/G56S","T",0,1,0,0,0,"F"
0,2,3,2,"BBBCC>B","urshg001","","","W.1-2","T",0,1,2,0,0,"F"
0,2,3,2,"FBBCB>S","sancg002","urshg001","","K","T",1,0,1,2,0,"F"
1,0,2,2,"CFBBS","","","","K","T",1,0,0,0,0,"F"
1,1,2,2,"CSBFBX","","","","D7/L7L+","T",0,2,0,0,0,"F"
1,1,3,2,"BCBBCFC","","zunim001","","K","T",1,0,0,2,0,"F"
1,2,2,2,".BCF*BB","","zunim001","","PB.2-3","F",0,0,0,3,0,"F"
1,2,3,2,".BCF*BB.X","","","zunim001","D9/G3+.3-H","T",0,2,0,0,4,"F"
1,2,2,0,".BBX","","choij001","","HR/F78XD.2-H","T",0,4,0,4,0,"F"
1,2,2,2,"..CBTBC","","","","K","T",1,0,0,0,0,"F"
0,0,2,1,"CBBX","","","","S7/G56+","T",0,1,0,0,0,"F"
0,0,0,1,"FX","lemad001","","","HR/F78XD.1-H","T",0,4,4,0,0,"F"
0,0,0,2,"CCS","","","","K","T",1,0,0,0,0,"F"
0,1,3,2,"SCBBBX","","","","43/G4MD+","T",1,0,0,0,0,"F"
0,2,2,2,"SBBCX","","","","43/G4MD","T",1,0,0,0,0,"F"
1,0,3,2,"..CBBCBB","","","","W","T",0,1,0,0,0,"F"
1,0,3,2,"CBBFBB","renfh001","","","W.1-2","T",0,1,2,0,0,"F"
1,0,0,2,".CSFB","wendj002","renfh001","","WP.2-3;1-2","F",0,0,2,3,0,"F"
1,0,1,2,".CSFB.FS","","wendj002","renfh001","K","T",1,0,0,2,3,"F"
1,1,3,2,".BBCBSX","","wendj002","renfh001","43/G4D.3-H;2-3","T",1,0,0,3,4,"F"
1,2,1,1,".CBX","","","wendj002","5/P2F/FL","T",1,0,0,0,3,"F"
0,0,0,2,"..CSX","","","","D8/L78XD","T",0,2,0,0,0,"F"
0,0,2,0,"BB>B","","taucm001","","SB3","F",0,0,0,3,0,"F"
0,0,3,1,"BB>B.FX","","","taucm001","8/SF/L89D.3-H","T",1,0,0,0,4,"F"
0,1,3,1,"BBBCB","","","","W","T",0,1,0,0,0,"F"
0,1,1,2,"BCCFX","sancg002","","","46(1)/FO/G4S.B-1","T",1,1,0,0,0,"F"
0,2,2,1,"FBB>X","gardb001","","","53/G5","T",1,0,1,0,0,"F"
1,0,2,2,".CBCBX","","","","13/G1S","T",1,0,0,0,0,"F"
1,1,2,2,"CBSBS","","","","K","T",1,0,0,0,0,"F"
1,2,1,2,"BCCC","","","","K","T",1,0,0,0,0,"F"
0,0,2,1,"BCBX","","","","3/G34","T",1,0,0,0,0,"T"
0,1,0,0,"X","","","","53/G56","T",1,0,0,0,0,"F"
0,2,0,1,"CX","","","","S8/G4+","T",0,1,0,0,0,"F"
0,2,2,1,"CBBX","hicka001","","","43/G4D","T",1,0,1,0,0,"F"
1,0,1,1,"CBX","","","","D8/L89XD+","T",0,2,0,0,0,"F"
1,0,2,2,"BSBFC","","meada001","","K","T",1,0,0,2,0,"F"
1,1,2,1,"BBSX","","meada001","","13/G1.2-3","T",1,0,0,3,0,"F"
1,2,3,0,"*BBBB","","","meada001","W","T",0,1,0,0,3,"F"
1,2,3,2,"BBCFB>F>B","choij001","","meada001","W.1-2","T",0,1,2,0,3,"F"
1,2,3,2,".BFBFB>B","wendj002","choij001","meada001","W.3-H;2-3;1-2","T",0,1,2,3,4,"F"
1,2,1,1,".CBX","tsuty001","wendj002","choij001","54(1)/FO/G56.B-1","T",1,1,0,2,3,"F"
0,0,0,2,"CSS","","","","K","T",1,0,0,0,0,"F"
0,1,0,1,"CX","","","","63/G6","T",1,0,0,0,0,"F"
0,2,2,1,"CBBX","","","","43/G4+","T",1,0,0,0,0,"F"
1,0,1,2,"CSBS","","","","K","T",1,0,0,0,0,"F"
1,1,1,2,"FBFT","","","","K","T",1,0,0,0,0,"F"
1,2,0,2,"CFS","","","","K","T",1,0,0,0,0,"F"
0,0,0,1,".FX","","","","63/G56D+","T",1,0,0,0,0,"F"
0,1,3,2,"CBCBBFB","","","","W","T",0,1,0,0,0,"F"
0,1,2,2,"CBFF*BX","krate001","","","64(1)/FO/G6D.B-1","T",1,1,0,0,0,"F"
0,2,2,2,".SBBFS","lemad001","","","K","T",1,0,1,0,0,"F"
1,0,2,2,"SCBBX","","","","8/F78","T",1,0,0,0,0,"F"
1,1,0,0,"X","","","","63/G6D","T",1,0,0,0,0,"F"
1,2,0,0,"X","","","","63/G6M","T",1,0,0,0,0,"F"
0,0,0,0,".X","","","","63/G4MD+","T",1,0,0,0,0,"F"
0,1,3,2,"BCBBTB","","","","W","T",0,1,0,0,0,"F"
0,1,0,2,"C*SB","stanm004","","","WP.1-2","F",0,0,2,0,0,"F"
0,1,2,2,"C*SB.F*BX","","stanm004","","S8/L89D.2-3","T",0,1,0,3,0,"F"
0,1,3,1,".BB*S*BX","torrg001","","stanm004","S8/G4.3-H;1X3(85)","T",1,1,0,0,4,"F"
0,2,1,2,"BCSC","voitl001","","","K","T",1,0,1,0,0,"F"
1,0,1,1,"BFX","","","","8/F78","T",1,0,0,0,0,"F"
1,1,3,2,"CBBSBX","","","","13/G4MS","T",1,0,0,0,0,"F"
1,2,3,2,"CCBBBB","","","","W","T",0,1,0,0,0,"F"
1,2,3,1,"B11BFBB","adamw002","","","W.1-2","T",0,1,2,0,0,"F"
1,2,3,2,"...BCCBB>B","kierk001","adamw002","","W.2-3;1-2","T",0,1,2,3,0,"F"
1,2,2,1,"BBFX","diazy001","kierk001","adamw002","S7/F7S.3-H;2-H;1-2","T",0,1,2,4,4,"F"
1,2,3,2,"..SBSBB>F>B","meada001","diazy001","","W.2-3;1-2","T",0,1,2,3,0,"F"
1,2,0,1,"CX","renfh001","meada001","diazy001","43/G4","T",1,0,1,2,3,"F"
0,0,1,2,"......CBCX","","","","9/L9LD","T",1,0,0,0,0,"F"
0,1,1,1,"FBX","","","","63/G6D+","T",1,0,0,0,0,"F"
0,2,2,1,"BBCX","","","","13/G4S","T",1,0,0,0,0,"F"
1,0,2,2,"...CBFBX","","","","S9/L89XD","T",0,1,0,0,0,"F"
1,0,0,1,"FH","choij001","","","HP.1-2","T",0,1,2,0,0,"F"
1,0,1,1,"BFX","wendj002","choij001","","8/F78XD+","T",1,0,1,2,0,"F"
1,1,1,2,"SFBFT","wendj002","choij001","","K","T",1,0,1,2,0,"F"
1,2,3,0,"B*BBB","wendj002","choij001","","W.2-3;1-2","T",0,1,2,3,0,"F"
1,2,1,1,".BCX","kierk001","wendj002","choij001","S7/G56.3-H;2-H;1-3","T",0,1,3,4,4,"F"
1,2,3,2,"BBCSB>X","smitk002","","kierk001","43/G34D","T",1,0,1,0,3,"F"
0,0,1,2,".CCBX","","","","S7/G56","T",0,1,0,0,0,"F"
0,0,3,2,"CS*B*BBFFB","judga001","","","W.1-2","T",0,1,2,0,0,"F"
0,0,3,2,"..BBBCCC","hicka001","judga001","","K","T",1,0,1,2,0,"F"
0,1,1,1,"BSX","hicka001","judga001","","64(1)3/GDP/G6+","T",2,0,0,2,0,"F"
1,0,3,2,".CBCBFB*B","","","","W","T",0,1,0,0,0,"F"
1,0,0,0,"X","renfh001","","","S8/L8.1-2","T",0,1,2,0,0,"F"
1,0,2,2,"TBS.*BS","martj008","renfh001","","K","T",1,0,1,2,0,"F"
1,1,2,2,"..CBCBX","martj008","renfh001","","7/F78D","T",1,0,1,2,0,"F"
1,2,1,1,"BCX","martj008","renfh001","","63/G6","T",1,0,1,2,0,"F"
0,0,1,0,"..BX","","","","S7/L78D","T",0,1,0,0,0,"F"
0,0,1,1,"BSX","voitl001","","","46(1)3/GDP/G4S","T",2,0,0,0,0,"F"
0,2,0,1,"CX","","","","S8/F8","T",0,1,0,0,0,"F"
0,2,1,0,"BX","urshg001","","","D9/L9L+.1-3","T",0,2,3,0,0,"F"
0,2,1,2,".CBSX","","krate001","urshg001","S9/L9D.3-H;2-H","T",0,1,0,4,4,"F"
0,2,0,0,"..>B","lemad001","","","DI.1-2","F",0,0,2,0,0,"F"
0,2,3,2,"..>B.F*BSF*BFX","","lemad001","","8/F78XD","T",1,0,0,2,0,"F"
0,0,0,1,"CX","","","","S9/G3","T",0,1,0,0,0,"T"
0,0,0,0,"X","lemad001","","","9/F9LD","T",1,0,1,0,0,"F"
0,1,2,2,"CBBC1X","lemad001","","","D9/L9LD.1-3","T",0,2,3,0,0,"F"
0,1,3,1,"BBSBB","","hicka001","lemad001","W","T",0,1,0,2,3,"F"
0,1,2,2,"BBFCX","voitl001","hicka001","lemad001","9/F9","T",1,0,1,2,3,"F"
0,2,2,2,"BFBCH","voitl001","hicka001","lemad001","HP.3-H;2-3;1-2","T",0,1,2,3,4,"F"
0,2,0,0,"X","fordm002","voitl001","hicka001","5(2)/FO/G5+.B-1","T",1,1,1,0,3,"F"
1,0,2,2,"BBCFX","","","","S48/G4M","T",0,1,0,0,0,"F"
1,0,2,2,"BTF1*BS","diazy001","","","K","T",1,0,1,0,0,"F"
1,1,0,0,"X","diazy001","","","54(1)3/GDP/G56","T",2,0,0,0,0,"F"
0,0,0,0,"X","","","","S7/G5","T",0,1,0,0,0,"F"
0,0,1,2,"BSCS","sancg002","","","K","T",1,0,1,0,0,"F"
0,1,2,2,"CSFFB*BFX","sancg002","","","64(1)/FO/G6.B-1","T",1,1,0,0,0,"F"
0,2,3,2,"FCBFB*B>F>X","lemad001","","","9/F89S","T",1,0,1,0,0,"F"
1,0,3,2,"BCCBBT","","","","K","T",1,0,0,0,0,"F"
1,1,1,0,"BX","","","","8/F89D","T",1,0,0,0,0,"F"
1,2,1,0,"BH","","","","HP","T",0,1,0,0,0,"F"
1,2,2,2,"FBBFS","loweb001","","","K","T",1,0,1,0,0,"F"
0,0,3,1,"BBBCB","","","","W","T",0,1,0,0,0,"F"
0,0,1,0,"..1BB","hicka001","","","WP.1-2","F",0,0,2,0,0,"F"
0,0,3,2,"..1BB.F*SBC","","hicka001","","K","T",1,0,0,2,0,"F"
0,1,3,1,"*BFB*BB","","hicka001","","W","T",0,1,0,2,0,"F"
0,1,3,2,".BBCCBFX","torrg001","hicka001","","16(1)3/GDP/G1S-","T",2,0,0,2,0,"F"
1,0,0,2,"CFC","","","","K","T",1,0,0,0,0,"F"
1,1,3,1,"BFBBB","","","","W","T",0,1,0,0,0,"F"
1,1,1,2,"FSBC","zunim001","","","K","T",1,0,1,0,0,"F"
1,2,0,0,"X","zunim001","","","9/F89D","T",1,0,1,0,0,"F"
0,0,2,2,"CCBBC","","","","K","T",1,0,0,0,0,"F"
0,1,1,0,"BX","","","","63/G56","T",1,0,0,0,0,"F"
0,2,0,2,"TCX","","","","D7/G5","T",0,2,0,0,0,"F"
0,2,3,2,"BBBCCFFFFB","","gardb001","","W","T",0,1,0,2,0,"F"
0,2,1,1,".F*BX","lemad001","gardb001","","64(1)/FO/G56D.B-1","T",1,1,0,2,0,"F"
1,0,2,2,"CCBBS","","","","K","T",1,0,0,0,0,"F"
1,1,0,2,"CSC","","","","K","T",1,0,0,0,0,"F"
1,2,2,2,"BCBSC","","","","K","T",1,0,0,0,0,"F"
0,0,0,2,"CS.FX","","","","43/G34D+","T",1,0,0,0,0,"F"
0,1,2,2,"BSSBX","","","","S7/L7D+","T",0,1,0,0,0,"F"
0,1,0,1,"FX","voitl001","","","D9/L89XD.1-3","T",0,2,3,0,0,"F"
0,1,2,1,"BF*BX","","torrg001","voitl001","4/P34D","T",1,0,0,2,3,"F"
0,2,0,0,"X","","torrg001","voitl001","E8/F89XD+.3-H(NR)(UR);2-H(NR)(UR);B-3","T",0,3,0,5,5,"F"
0,2,3,2,"BFSBB*S","","","urshg001","K","T",1,0,0,0,3,"F"
1,0,0,0,"X","","","","2/P2","T",1,0,0,0,0,"F"
1,1,2,2,"CBBSFT","","","","K","T",1,0,0,0,0,"F"
1,2,1,1,"BFX","","","","63/G6D","T",1,0,0,0,0,"F"
0,0,1,1,"CBX","","","","3/G3","T",1,0,0,0,0,"F"
0,1,1,1,"BFX","","","","S9/L9D+","T",0,1,0,0,0,"F"
0,1,1,0,"BX","lemad001","","","9/L9","T",1,0,1,0,0,"F"
0,2,2,2,"BCBF1S","lemad001","","","K","T",1,0,1,0,0,"F"
1,0,2,2,"FSBBFC","","","","K","T",1,0,0,0,0,"F"
1,1,0,0,"X","","","","63/G6","T",1,0,0,0,0,"F"
1,2,2,2,"CBSFFFBS","","","","K","T",1,0,0,0,0,"F"
0,0,2,2,".FBCBX","","","","7/L7D","T",1,0,0,0,0,"F"
0,1,1,2,"CSFB*S","","","","K","T",1,0,0,0,0,"F"
0,2,1,2,"CCFBFX","","","","63/G4","T",1,0,0,0,0,"F"
1,0,2,0,"BBX","","","","D8/L89XD","T",0,2,0,0,0,"F"
1,0,1,0,".BX","","martj008","","3/P34D","T",1,0,0,2,0,"F"
1,1,0,2,"CFX","","martj008","","HR/F7D.2-H","T",0,4,0,4,0,"F"
1,1,0,1,"CX","","","","HR/L9D","T",0,4,0,0,0,"F"
1,1,0,0,"..X","","","","7/F78","T",1,0,0,0,0,"F"
1,2,0,2,"CFX","","","","9/F9","T",1,0,0,0,0,"F"
0,0,2,2,"BFFFFBS","","","","K","T",1,0,0,0,0,"F"
0,1,1,2,"SBFS","","","","K","T",1,0,0,0,0,"F"
0,2,0,2,"FFFS","","","","K","T",1,0,0,0,0,"F"
1,0,3,2,".BSBCBFFX","","","","S9/G34+","T",0,1,0,0,0,"F"
1,0,2,2,"BCSBX","choij001","","","64(1)/FO/G6.B-1","T",1,1,0,0,0,"F"
1,1,2,2,"CBFBX","diazy001","","","D9/L9LD.1-3","T",0,2,3,0,0,"F"
1,1,3,0,".VVVV","","meada001","wendj002","IW","T",0,1,0,2,3,"F"
1,1,2,2,".BCCBFX","martj008","meada001","wendj002","54(1)3/GDP/G5","T",2,0,0,2,3,"F"
0,0,0,1,"...CX","","","","53/G56","T",1,0,0,0,0,"F"
0,1,1,2,"CSBX","","","","4/P89S","T",1,0,0,0,0,"F"
0,2,1,0,"BX","","","","43/G4","T",1,0,0,0,0,"F"
1,0,3,2,".BCFBBFX","","","","D8/L78XD+","T",0,2,0,0,0,"F"
1,0,1,1,"BLX","","brosm001","","FC/G4M.2X3(65);B-1","T",1,1,0,0,0,"F"
1,1,1,0,"BB","loweb001","","","WP.1-2","F",0,0,2,0,0,"F"
1,1,3,1,"BB.FBB","","loweb001","","W","T",0,1,0,2,0,"F"
1,1,0,0,"X","margm001","loweb001","","3/G34.2-3;1-2","T",1,0,2,3,0,"F"
1,2,1,1,"CBX","","margm001","loweb001","S9/L9.3-H;2-3","T",0,1,0,3,4,"F"
0,0,2,2,"FFFBBS","","","","K","T",1,0,0,0,0,"T"
0,1,2,2,"FBBS*S","","","","K.BX1(23)","T",1,0,0,0,0,"F"
0,2,1,2,"CSFB*S","","","","K","T",1,0,0,0,0,"F"
1,0,0,2,"CFFS","","","","K","T",1,0,0,0,0,"F"
1,1,1,1,"FBX","","","","HR/F89XD","T",0,4,0,0,0,"F"
1,1,0,2,"SCX","","","","S5/G56S-","T",0,1,0,0,0,"F"
1,1,0,2,"FSX","diazy001","","","D7/G5.1XH(72)","T",1,2,0,0,0,"F"
1,2,3,1,"BBBCB","","choij001","","W","T",0,1,0,2,0,"F"
1,2,1,2,"FBCS","wendj002","choij001","","K","T",1,0,1,2,0,"F"
0,0,0,1,"SX","","","","HR/F78XD","T",0,4,0,0,0,"F"
0,0,1,0,"BX","","","","HR/L7D","T",0,4,0,0,0,"F"
0,0,2,2,"BBFCX","","","","63/G6M","T",1,0,0,0,0,"F"
0,1,1,2,"BCFX","","","","S9/L89D","T",0,1,0,0,0,"F"
0,1,0,2,"CFB","drurb001","","","WP.1-2","F",0,0,2,0,0,"F"
0,1,3,2,"CFB.BFBFB","","drurb001","","W","T",0,1,0,2,0,"F"
0,1,1,2,"CS*BX","biggc002","drurb001","","3/P3F/FL","T",1,0,1,2,0,"F"
0,2,0,1,"SX","biggc002","drurb001","","D7/L7LD.2-H;1-3","T",0,2,3,4,0,"F"
0,2,1,0,"BX","","gurrl001","biggc002","S4/G4.3-H;2XH(432)","T",1,1,0,0,4,"F"
1,0,2,1,"BBFX","","","","63/G56D","T",1,0,0,0,0,"F"
1,1,0,2,"CFC","","","","K","T",1,0,0,0,0,"F"
1,2,1,0,"BX","","","","6/P4MD","T",1,0,0,0,0,"F"
0,0,0,0,"X","","","","13/G23-","T",1,0,0,0,0,"F"
0,1,3,2,"FBBBFB","","","","W","T",0,1,0,0,0,"F"
0,1,2,2,"CBBSX","hernt002","","","13/G1S-.1-2","T",1,0,2,0,0,"F"
0,2,0,0,"X","","hernt002","","53/G56","T",1,0,0,2,0,"F"
1,0,0,1,"CX","","","","3/G3","T",1,0,0,0,0,"F"
1,1,2,2,"FBSFBS","","","","K","T",1,0,0,0,0,"F"
1,2,0,2,"CCX","","","","HR/L78XD","T",0,4,0,0,0,"F"
1,2,3,2,"BBBCFX","","","","3/G3","T",1,0,0,0,0,"F"
0,0,0,0,"X","","","","8/F8D","T",1,0,0,0,0,"F"
0,1,1,0,"BX","","","","S4/G3","T",0,1,0,0,0,"F"
0,1,0,1,"C1X","biggc002","","","4(1)3/GDP/G4M","T",2,0,0,0,0,"F"
1,0,2,2,"CCBBX","","","","63/G6","T",1,0,0,0,0,"F"
1,1,3,2,"BBBCFFS","","","","K","T",1,0,0,0,0,"F"
1,2,0,0,"X","","","","43/G6","T",1,0,0,0,0,"F"
0,0,2,2,"BFSBS","","","","K","T",1,0,0,0,0,"F"
0,1,2,2,"CCBFBX","","","","9/L9D+","T",1,0,0,0,0,"F"
0,2,0,0,"X","","","","143/G4M","T",1,0,0,0,0,"F"
1,0,2,2,"BSFBX","","","","23/G1S-","T",1,0,0,0,0,"F"
1,1,1,2,"SLBFS","","","","K","T",1,0,0,0,0,"F"
1,2,0,2,"CSX","","","","3/P3SF/FL","T",1,0,0,0,0,"F"
0,0,1,2,"FCBC","","","","K","T",1,0,0,0,0,"F"
0,1,3,1,"BBSBX","","","","8/L8XD+","T",1,0,0,0,0,"F"
0,2,1,1,"FBX","","","","7/L7D","T",1,0,0,0,0,"F"
1,0,3,1,".CBBBB","","","","W","T",0,1,0,0,0,"F"
1,0,3,2,"FCBFBBB","loweb001","","","W.1-2","T",0,1,2,0,0,"F"
1,0,0,0,".X","diazy001","loweb001","","D7/G5.2-H;1-H","T",0,2,4,4,0,"F"
1,0,3,2,".BLBFFBX","","brosm001","","S9/L89.2-3","T",0,1,0,3,0,"F"
1,0,2,0,"..BBX","wendj002","","brosm001","4/P8S","T",1,0,1,0,3,"F"
1,1,1,1,"1BFX","wendj002","","brosm001","8/F8S","T",1,0,1,0,3,"F"
1,2,3,0,"BBBB","wendj002","","brosm001","W.1-2","T",0,1,2,0,3,"F"
1,2,3,2,"BC*BBC>F>S","kierk001","wendj002","brosm001","K","T",1,0,1,2,3,"F"
0,0,2,2,"..CFBBFX","","","","S9/L9S","T",0,1,0,0,0,"F"
0,0,0,0,"X","drurb001","","","S8/L89S.1-2","T",0,1,2,0,0,"F"
0,0,0,2,"CLL","biggc002","drurb001","","K","T",1,0,1,2,0,"F"
0,1,2,2,".SBBSX","biggc002","drurb001","","5(2)3/GDP/G5","T",2,0,1,0,0,"F"
1,0,3,2,".FBBBFX","","","","8/F78XD","T",1,0,0,0,0,"F"
1,1,3,2,"BFBSBX","","","","13/G1S","T",1,0,0,0,0,"F"
1,2,3,2,"BBCCBB","","","","W","T",0,1,0,0,0,"F"
1,2,1,2,"CBSX","diazy001","","","64(1)/FO/G15.B-1","T",1,1,0,0,0,"F"
0,0,1,2,"BCFS","","","","K","T",1,0,0,0,0,"F"
0,1,1,0,".BX","","","","9/L9D+","T",1,0,0,0,0,"F"
0,2,0,2,"CSS","","","","K","T",1,0,0,0,0,"F"
1,0,1,0,"..BX","","","","S7/G6","T",0,1,0,0,0,"F"
1,0,1,0,"1BB","wendj002","","","CS2(26)","F",1,0,0,0,0,"F"
1,1,3,2,"1BB.CCBX","","","","9/F9LS","T",1,0,0,0,0,"F"
1,2,2,1,"BCBX","","","","63/G6","T",1,0,0,0,0,"F"
0,0,1,0,".BX","","","","9/L9LD","T",1,0,0,0,0,"F"
0,1,3,2,"BCTBBX","","","","6/P6D","T",1,0,0,0,0,"F"
0,2,1,2,"CFBC","","","","K","T",1,0,0,0,0,"F"
1,0,2,2,".CBBCS","","","","K","T",1,0,0,0,0,"F"
1,1,2,2,"SCBBC","","","","K","T",1,0,0,0,0,"F"
1,2,0,0,"X","","","","S9/G4+","T",0,1,0,0,0,"F"
1,2,1,1,"*BSX","meada001","","","8/F8","T",1,0,1,0,0,"F"
0,0,1,0,".BX","","","","D7/L7L.2-H(UR)","T",0,2,0,0,0,"F"
0,0,0,1,"CX","","biggc002","","53/SH/BG15.2-3","T",1,0,0,3,0,"F"
0,1,0,0,"X","","","biggc002","9/SF/L89D.3-H","T",1,0,0,0,4,"F"
0,2,3,2,"BBFBFX","","","","D8/L89XD+","T",0,2,0,0,0,"F"
0,2,0,0,"X","","gricr001","","1/L13","T",1,0,0,2,0,"F"
1,0,0,0,"..X","","","","S9/L9L.2-H(UR)","T",0,1,0,0,0,"F"
1,0,2,0,"BBX","diazy001","","","8/F8XD","T",1,0,1,0,0,"F"
1,1,1,2,".CBSS","adamw002","","","K","T",1,0,1,0,0,"F"
1,2,1,2,"CBSX","adamw002","","","S8/L8XD+.1-3","T",0,1,3,0,0,"F"
1,2,2,2,"C*BBCX","margm001","","adamw002","13/G4S","T",1,0,1,0,3,"F"
0,0,3,2,"BCBBFX","","","","7/L78D","T",1,0,0,0,0,"T"
0,1,3,1,"BBSBX","","","","53/G56","T",1,0,0,0,0,"F"
0,2,1,2,"CBFFS","","","","K","T",1,0,0,0,0,"F"
1,0,1,2,"BSCS","","","","K","T",1,0,0,0,0,"F"
1,1,1,0,"BX","","","","8/F78XD","T",1,0,0,0,0,"F"
1,2,3,2,"CBFBBX","","","","13/G23-","T",1,0,0,0,0,"F"
0,0,2,2,"BFFBFS","","","","K","T",1,0,0,0,0,"F"
0,1,2,1,"BSBX","","","","63/G6","T",1,0,0,0,0,"F"
0,2,1,2,"BTSC","","","","K","T",1,0,0,0,0,"F"
1,0,1,2,"CFBX","","","","S9/L9LS","T",0,1,0,0,0,"F"
1,0,1,1,"BCX","martj008","","","8/L8XD","T",1,0,1,0,0,"F"
1,1,1,2,"CCBX","martj008","","","4(1)/FO/G4M.B-1","T",1,1,0,0,0,"F"
1,2,1,2,"CBSX","wendj002","","","63/G56+","T",1,0,1,0,0,"F"
0,0,1,1,"BFX","","","","E4/G6M+.B-1","T",0,1,0,0,0,"F"
0,0,0,2,"CFC","gurrl001","","","K","T",1,0,1,0,0,"F"
0,1,1,1,"FBX","gurrl001","","","5/P56","T",1,0,1,0,0,"F"
0,2,1,2,"CSFBX","gurrl001","","","6/P4","T",1,0,1,0,0,"F"
1,0,1,2,"CCBFFFFFX","","","","43/G34D","T",1,0,0,0,0,"F"
1,1,3,2,"FBBSBS","","","","K","T",1,0,0,0,0,"F"
1,2,2,2,"CSBFBFFX","","","","63/G56D","T",1,0,0,0,0,"F"
0,0,3,2,"SSBBFFBX","","","","53/G56","T",1,0,0,0,0,"F"
0,1,0,2,"FFS","","","","K","T",1,0,0,0,0,"F"
0,2,1,1,"CBX","","","","53/G56","T",1,0,0,0,0,"F"
1,0,3,2,"FBBSBS","","","","K","T",1,0,0,0,0,"F"
1,1,3,1,"BBSBX","","","","43/G4","T",1,0,0,0,0,"F"
1,2,0,2,"CSS","","","","K","T",1,0,0,0,0,"F"
0,0,3,1,".BSBBB","","","","W","T",0,1,0,0,0,"F"
0,0,1,1,"CBX","guerv002","","","6/P6MD","T",1,0,1,0,0,"F"
0,1,3,1,"BS*BBB","guerv002","","","W.1-2","T",0,1,2,0,0,"F"
0,1,2,2,"FBBCX","gurrl001","guerv002","","S9/L9.2-3;1-2","T",0,1,2,3,0,"F"
0,1,0,2,"CSS","panij002","gurrl001","guerv002","K","T",1,0,1,2,3,"F"
0,2,3,2,"CBBBS>F>B","panij002","gurrl001","guerv002","W.3-H;2-3;1-2","T",0,1,2,3,4,"F"
0,2,0,1,"CX","biggc002","panij002","gurrl001","53/G56","T",1,0,1,2,3,"F"
1,0,2,2,"BCSBX","","","","S7/G56","T",0,1,0,0,0,"F"
1,0,3,2,"BCCBFFBF>X","adamw002","","","S8/G6M.1-3","T",0,1,3,0,0,"F"
1,0,3,1,"1FBBBX","wendj002","","adamw002","46(1)/FO/G4.3-H;B-1","T",1,1,0,0,4,"F"
1,1,2,2,"1FC1FBBC","margm001","","","K","T",1,0,1,0,0,"F"
1,2,2,2,"BBF1FT","margm001","","","K","T",1,0,1,0,0,"F"
0,0,1,0,"BX","","","","S8/L8D","T",0,1,0,0,0,"F"
0,0,0,1,".FX","shawt001","","","S9/L9S.1-2","T",0,1,2,0,0,"F"
0,0,1,2,"CBFX","hernt002","shawt001","","36(1)1/GDP/G34D.2-3","T",2,0,0,3,0,"F"
0,2,3,1,"BSBBB","","","shawt001","W","T",0,1,0,0,3,"F"
0,2,0,0,"X","tellr001","","shawt001","13/G4MS","T",1,0,1,0,3,"F"
1,0,2,2,".FBBCS","","","","K","T",1,0,0,0,0,"F"
1,1,1,2,"FBSFC","","","","K","T",1,0,0,0,0,"F"
1,2,0,1,"SX","","","","8/F8D","T",1,0,0,0,0,"F"
0,0,0,2,".FCFX","","","","31/G34S","T",1,0,0,0,0,"F"
0,1,3,2,"SFBBBX","","","","31/G3","T",1,0,0,0,0,"F"
0,2,2,1,"CBBX","","","","S4/L9D","T",0,1,0,0,0,"F"
0,2,1,1,"C1*B>S","biggc002","","","SB2","F",0,0,2,0,0,"F"
0,2,1,2,"C1*B>S.FS","","biggc002","","K+WP.2XH(21);B-1","T",1,1,0,0,0,"F"
1,0,1,0,"BX","","","","S6/G56","T",0,1,0,0,0,"F"
1,0,0,0,"X","martj008","","","9/F9LSF/FL","T",1,0,1,0,0,"F"
1,1,3,2,"B1SSBBFFX","martj008","","","7/F78D","T",1,0,1,0,0,"F"
1,2,3,2,"FBFBB>F>B","martj008","","","W.1-2","T",0,1,2,0,0,"F"
1,2,2,2,".FBBCC","margm001","martj008","","K","T",1,0,1,2,0,"F"
0,0,1,0,".BX","","","","4/L9D+","T",1,0,0,0,0,"F"
0,1,1,2,"SBSX","","","","43/G6MD","T",1,0,0,0,0,"F"
0,2,0,0,"X","","","","S8/G6M+","T",0,1,0,0,0,"F"
0,2,0,2,"CFX","guerv002","","","3/G34","T",1,0,1,0,0,"F"
1,0,0,2,"CFC","","","","K","T",1,0,0,0,0,"F"
1,1,3,1,"SBBBB","","","","W","T",0,1,0,0,0,"F"
1,1,0,2,".CFS","brosm001","","","K","T",1,0,1,0,0,"F"
1,2,0,1,"SX","brosm001","","","8/L8XD+","T",1,0,1,0,0,"F"
0,0,3,2,"..BBBCSFF*B","","","","W","T",0,1,0,0,0,"F"
0,0,1,2,"BM1LX","gurrl001","","","3(B)6(1)/GDP/G3","T",2,0,0,0,0,"F"
0,2,1,2,"BCFT","","","","K","T",1,0,0,0,0,"F"
1,0,3,2,"CBBBFB","","","","W","T",0,1,0,0,0,"F"
1,0,2,2,"SFBBX","martj008","","","2/P2F/FL","T",1,0,1,0,0,"F"
1,1,1,1,"BCX","martj008","","","5/P56","T",1,0,1,0,0,"F"
1,2,0,2,".CFX","martj008","","","64(1)/FO/G6D.B-1","T",1,1,0,0,0,"F"
0,0,3,0,"...BBB*B","","","","W","T",0,1,0,0,0,"F"
0,0,0,1,"CX","biggc002","","","8/F89XD.2-3","T",1,0,1,0,0,"F"
0,1,0,2,"CSX","biggc002","","","3(B)6(1)/GDP/G34","T",2,0,0,0,0,"F"
1,0,1,2,"..CCBFX","","","","43/G34D+.2-3","T",1,0,0,0,0,"F"
1,1,3,0,".VVVV","","","","IW","T",0,1,0,0,0,"F"
1,1,0,0,".X","choij001","","","S7/L7.3-H(UR);1-2","T",0,1,2,0,0,"F"
0,0,2,2,"CBBSS","","","","K","T",1,0,0,0,0,"T"
0,1,1,1,"BSX","","","","43/G6MD","T",1,0,0,0,0,"F"
0,2,2,2,"BBFC*S","","","","K","T",1,0,0,0,0,"F"
1,0,1,2,"FBFFS","","","","K","T",1,0,0,0,0,"F"
1,1,3,2,"CBBBFS","","","","K","T",1,0,0,0,0,"F"
1,2,3,2,"CCBBFFBX","","","","S9/L89D","T",0,1,0,0,0,"F"
1,2,1,2,"BSFX","diazy001","","","D9/L9D+.1-3","T",0,2,3,0,0,"F"
1,2,0,1,"FX","","choij001","diazy001","43/G4D","T",1,0,0,2,3,"F"
0,0,1,0,"BX","","","","HR/L7D","T",0,4,0,0,0,"F"
0,0,1,2,"CFFBX","","","","3/G3","T",1,0,0,0,0,"F"
0,1,1,2,"CBSS","","","","K","T",1,0,0,0,0,"F"
0,2,2,2,"SBFBX","","","","9/F9LS","T",1,0,0,0,0,"F"
1,0,1,2,".BCFFX","","","","7/L7D","T",1,0,0,0,0,"F"
1,1,3,2,"BBBCCS","","","","K","T",1,0,0,0,0,"F"
1,2,2,1,"BBFX","","","","8/F8XD","T",1,0,0,0,0,"F"
0,0,0,0,"X","","","","4/P4D","T",1,0,0,0,0,"F"
0,1,2,1,"BCBX","","","","53/G56","T",1,0,0,0,0,"F"
0,2,1,1,"SBX","","","","43/G34D","T",1,0,0,0,0,"F"
1,0,2,0,"BBX","","","","43/G34D","T",1,0,0,0,0,"F"
1,1,2,2,"CBBFS","","","","K","T",1,0,0,0,0,"F"
1,2,1,0,"BX","","","","13/G23-","T",1,0,0,0,0,"F"
0,0,2,0,"BBX","","","","4/L6MD+","T",1,0,0,0,0,"F"
0,1,0,0,"X","","","","T9/L9LD","T",0,3,0,0,0,"F"
0,1,3,1,"BF*B*B*B","","","guerv002","W","T",0,1,0,0,3,"F"
0,1,0,1,"CX","hernt002","","guerv002","S7/L7D+.3-H;1-2","T",0,1,2,0,4,"F"
0,1,3,2,"CBBS*BB","shawt001","hernt002","","W.2-3;1-2","T",0,1,2,3,0,"F"
0,1,0,0,"X","gurrl001","shawt001","hernt002","9/F89","T",1,0,1,2,3,"F"
0,2,2,0,"BBX","gurrl001","shawt001","hernt002","13/G1S","T",1,0,1,2,3,"F"
1,0,3,2,"BSBFBB","","","","W","T",0,1,0,0,0,"F"
1,0,2,1,"CBBX","diazy001","","","3/L3/DP.1X1(3)","T",2,0,0,0,0,"F"
1,2,1,2,"FCBX","","","","7/F7","T",1,0,0,0,0,"F"
0,0,1,2,"FFBFX","","","","8/L8D","T",1,0,0,0,0,"F"
0,1,1,0,"BX","","","","63/G4MD","T",1,0,0,0,0,"F"
0,2,3,1,"BBBCX","","","","D9/L9LD","T",0,2,0,0,0,"F"
0,2,1,0,"BX","","gricr001","","53/G5D","T",1,0,0,2,0,"F"
1,0,1,1,"CBX","","","","S8/L8D","T",0,1,0,0,0,"F"
1,0,3,1,"BB1BCB","wendj002","","","W.1-2","T",0,1,2,0,0,"F"
1,0,1,2,".FSBX","adamw002","wendj002","","8/L8D","T",1,0,1,2,0,"F"
1,1,3,2,".CB*BBF>X","adamw002","wendj002","","S9/L9.2-H;1-3","T",0,1,3,4,0,"F"
1,1,0,0,"X","martj008","","adamw002","9/SF/F9.3-H;1-2(E9/TH)","T",1,0,2,0,4,"F"
1,2,0,1,"FX","","martj008","","S8/L8XD+.2-H","T",0,1,0,4,0,"F"
1,2,2,2,".1BFBCFFX","loweb001","","","S9/L9.1-3","T",0,1,3,0,0,"F"
1,2,2,0,"BBX","diazy001","","loweb001","8/F8D","T",1,0,1,0,3,"F"
0,0,3,2,"..BFBBC*B","","","","W","T",0,1,0,0,0,"F"
0,0,0,2,"FCS","hernt002","","","K","T",1,0,1,0,0,"F"
0,1,2,2,"11BBS1>FX","hernt002","","","9/F9","T",1,0,1,0,0,"F"
0,2,1,2,"BC1S>B","hernt002","","","SB2","F",0,0,2,0,0,"F"
0,2,3,2,"BC1S>B.B.>*B","","hernt002","","W+SB3","T",0,1,0,3,0,"F"
0,2,0,2,".F*S*S","jansd001","","hernt002","K","T",1,0,1,0,3,"F"
1,0,3,2,"..BSBFFBFX","","","","7/L7D","T",1,0,0,0,0,"F"
1,1,2,2,"CBFFB*S","","","","K.BX1(23)","T",1,0,0,0,0,"F"
1,2,3,1,"BCBBX","","","","8/L8XD+","T",1,0,0,0,0,"F"
0,0,1,2,".BSLX","","","","7/F7LD","T",1,0,0,0,0,"F"
0,1,3,2,"BBBCCX","","","","D7/L7LD","T",0,2,0,0,0,"F"
0,1,0,2,"CFX","","biggc002","","9/F9","T",1,0,0,2,0,"F"
0,2,0,2,".CCX","","biggc002","","63/G4M","T",1,0,0,2,0,"F"
1,0,1,2,"BFSX","","","","S5/G6","T",0,1,0,0,0,"F"
1,0,2,0,"1BBX","kierk001","","","7/F78D","T",1,0,1,0,0,"F"
1,1,0,1,"C1>S","kierk001","","","SB2","F",0,0,2,0,0,"F"
1,1,3,2,"C1>S.BFFB*BX","","kierk001","","S9/L89.2-H","T",0,1,0,4,0,"F"
1,1,3,0,"*BBBB","meada001","","","W.1-2","T",0,1,2,0,0,"F"
1,1,3,1,".B+1BBC*B","loweb001","meada001","","W.2-3;1-2","T",0,1,2,3,0,"F"
1,1,1,1,"CBX","diazy001","loweb001","meada001","9/SF/F89XD+.3-H;2-3","T",1,0,1,3,4,"F"
1,2,2,2,"CBFBX","diazy001","","loweb001","7/L78XD","T",1,0,1,0,3,"F"
0,0,3,1,"BBCB*B","","","","W","T",0,1,0,0,0,"F"
0,0,3,2,"BSFBBX","hernt002","","","6/P8S","T",1,0,1,0,0,"F"
0,1,0,0,"X","hernt002","","","HR/L78XD.1-H","T",0,4,4,0,0,"F"
0,1,0,0,"..X","","","","7/F7S","T",1,0,0,0,0,"F"
0,2,1,0,"BX","","","","13/G1","T",1,0,0,0,0,"F"
1,0,1,0,"..BX","","","","31/G34","T",1,0,0,0,0,"F"
1,1,0,1,"FX","","","","D8/L8XD+","T",0,2,0,0,0,"F"
1,1,3,1,"BBBCX","","adamw002","","5/P6S","T",1,0,0,2,0,"F"
1,2,1,2,"SSBS","","adamw002","","K","T",1,0,0,2,0,"F"
0,0,1,2,"BCFX","","","","53/G56","T",1,0,0,0,0,"F"
0,1,3,2,"BCSBBFX","","","","9/F89D","T",1,0,0,0,0,"F"
0,2,0,0,"X","","","","3/P3","T",1,0,0,0,0,"F"
0,0,3,2,"BBCSBFC","","","","K","T",1,0,0,0,0,"T"
0,1,3,2,"CBBBCX","","","","D9/L89XD","T",0,2,0,0,0,"F"
0,1,3,2,"S*BB*BFB","","gricr001","","W","T",0,1,0,2,0,"F"
0,1,0,2,"CFS","guerv002","gricr001","","K","T",1,0,1,2,0,"F"
0,2,3,2,"BC*BBC>X","guerv002","gricr001","","43/G13","T",1,0,1,2,0,"F"
1,0,2,2,"BSFBX","","","","53/G4S","T",1,0,0,0,0,"F"
1,1,3,2,"SBBFFFBFB","","","","W","T",0,1,0,0,0,"F"
1,1,1,2,"FBC1X","loweb001","","","46(1)3/GDP/G4","T",2,0,0,0,0,"F"
0,0,2,1,"BBCX","","","","9/F9LF/FL","T",1,0,0,0,0,"F"
0,1,1,0,"BX","","","","8/L89","T",1,0,0,0,0,"F"
0,2,0,2,"CCX","","","","43/G4MD","T",1,0,0,0,0,"F"
1,0,3,2,"BBLFBX","","","","8/F8XD","T",1,0,0,0,0,"F"
1,1,1,0,"BX","","","","HR/F9LD","T",0,4,0,0,0,"F"
1,1,2,2,"BCBSX","","","","S9/L89D+","T",0,1,0,0,0,"F"
1,1,1,1,"1BCX","wendj002","","","D7/L7LD.1XH(762);B-3","T",1,3,0,0,0,"F"
1,2,0,1,"LX","","","adamw002","31/G34","T",1,0,0,0,3,"F"
0,0,1,0,"BX","","","","7/L7D+","T",1,0,0,0,0,"F"
0,1,1,2,"BCFX","","","","S7/G2","T",0,1,0,0,0,"F"
0,1,1,2,"BCFS","biggc002","","","K","T",1,0,1,0,0,"F"
0,2,3,2,"BF11FB*B>X","biggc002","","","D8/L78XD.1-H","T",0,2,4,0,0,"F"
0,2,1,2,"SCBS","","guerv002","","K","T",1,0,0,2,0,"F"
1,0,1,1,"CBX","","","","D9/L89XD+","T",0,2,0,0,0,"F"
1,0,0,2,"CS*S","","zunim001","","K","T",1,0,0,2,0,"F"
1,1,3,2,"FTFB*BBC","","zunim001","","K","T",1,0,0,2,0,"F"
1,2,1,0,"BX","","zunim001","","63/G6D+","T",1,0,0,2,0,"F"
0,0,2,2,"CFBFFBFS","","","","K","T",1,0,0,0,0,"F"
0,1,2,2,"SFBBC","","","","K","T",1,0,0,0,0,"F"
0,2,0,2,"FCS","","","","K","T",1,0,0,0,0,"F"
1,0,2,2,"SBBCX","","","","3/G3S-","T",1,0,0,0,0,"F"
1,1,3,2,"BBFBSB","","","","W","T",0,1,0,0,0,"F"
1,1,2,0,"B*BX","tsuty001","","","43/G34.1-2","T",1,0,2,0,0,"F"
1,2,3,2,"B*BCBCFX","","tsuty001","","HR/L9L.2-H","T",0,4,0,4,0,"F"
1,2,2,2,"CSBBX","","","","3/G34","T",1,0,0,0,0,"F"
0,0,2,2,"BBCSX","","","","43/G4","T",1,0,0,0,0,"F"
0,1,1,2,"CCBFX","","","","53/G56","T",1,0,0,0,0,"F"
0,2,2,2,"CFFBBC","","","","K","T",1,0,0,0,0,"F"
1,0,0,2,"FSFX","","","","D8/L8XD","T",0,2,0,0,0,"F"
1,0,0,2,"STX","","zunim001","","7/F7L","T",1,0,0,2,0,"F"
1,1,1,0,"BX","","zunim001","","5/L6","T",1,0,0,2,0,"F"
1,2,3,1,"BBCBB","","zunim001","","W","T",0,1,0,2,0,"F"
1,2,3,1,"BBBFX","diazy001","zunim001","","2/P2F/FL","T",1,0,1,2,0,"F"
0,0,1,2,"CFB*S","","","","K","T",1,0,0,0,0,"F"
0,1,2,2,"CBFBX","","","","23/G2","T",1,0,0,0,0,"F"
0,2,0,2,"SFX","","","","HR/F7D","T",0,4,0,0,0,"F"
0,2,0,1,".CX","","","","S8/G6M","T",0,1,0,0,0,"F"
0,2,0,0,"1X","hernt002","","","63/G6","T",1,0,1,0,0,"F"
1,0,3,1,".FBBBB","","","","W","T",0,1,0,0,0,"F"
1,0,0,2,"CFS","tsuty001","","","K","T",1,0,1,0,0,"F"
1,1,1,1,"BCX","tsuty001","","","63/G4MS.1-2","T",1,0,2,0,0,"F"
1,2,1,0,"BH","","tsuty001","","HP","T",0,1,0,2,0,"F"
1,2,2,1,"BBCX","kierk001","tsuty001","","8/F8XD+","T",1,0,1,2,0,"F"
0,0,3,2,".BBCFBFB","","","","W","T",0,1,0,0,0,"F"
0,0,0,2,"CCX","jansd001","","","36(1)1/GDP/G3","T",2,0,0,0,0,"F"
0,2,3,2,"CTBBFBFB","","","","W","T",0,1,0,0,0,"F"
0,2,1,1,".BSX","espis001","","","C/E2.1-2;B-1","T",0,1,2,0,0,"F"
0,2,1,1,"BSX","biggc002","espis001","","HR/L7LD.2-H;1-H(UR)","T",0,4,5,4,0,"F"
0,2,3,1,"BBFBB","","","","W","T",0,1,0,0,0,"F"
0,2,1,1,"BCX","guerv002","","","46(1)/FO/G4M.B-1","T",1,1,0,0,0,"F"
1,0,2,2,"BBCSFFS","","","","K","T",1,0,0,0,0,"F"
1,1,3,2,"BFCFFBB*B","","","","W","T",0,1,0,0,0,"F"
1,1,0,0,"X","loweb001","","","64(1)3/GDP/G6MD","T",2,0,0,0,0,"F"
0,0,0,1,"..CX","","","","53/G56","T",1,0,0,0,0,"F"
0,1,0,2,"TFC","","","","K","T",1,0,0,0,0,"F"
0,2,3,2,"BBBCTX","","","","8/F8XD","T",1,0,0,0,0,"F"
1,0,3,2,".....BCBSBFX","","","","S8/G4M+","T",0,1,0,0,0,"F"
1,0,3,2,"*BSBBFFFFB","choij001","","","W.1-2","T",0,1,2,0,0,"F"
1,0,0,2,"FFFX","tsuty001","choij001","","36(1)/FO/G34S.2-H(E6/TH)(NR)(UR);B-1","T",1,1,0,5,0,"F"
1,1,2,1,"SBBX","wendj002","","","64(1)3/GDP/G6S+","T",2,0,0,0,0,"F"
0,0,1,1,"CBX","","","","3/G3","T",1,0,0,0,0,"F"
0,1,0,2,"CSX","","","","E6/TH/G6.B-2","T",0,2,0,0,0,"F"
0,1,1,1,"FBX","","espis001","","D9/L9LD+.2-H(UR)","T",0,2,0,5,0,"F"
0,1,0,2,"FSX","","biggc002","","3/G3.2-3","T",1,0,0,3,0,"F"
0,2,1,0,"BX","","","biggc002","8/F8D","T",1,0,0,0,3,"F"
1,0,0,1,".CX","","","","S6/G56","T",0,1,0,0,0,"F"
1,0,0,0,".X","margm001","","","64(1)/FO/G6D.B-1","T",1,1,0,0,0,"F"
1,1,3,2,"BBSBCB","martj008","","","W.1-2","T",0,1,2,0,0,"F"
1,1,0,2,"*SFS","meada001","martj008","","K","T",1,0,1,2,0,"F"
1,2,2,2,"F*BBCX","meada001","martj008","","31/G4","T",1,0,1,2,0,"F"
0,0,1,2,"CBSC","","","","K","T",1,0,0,0,0,"T"
0,1,3,2,"BCBFBX","","","","7/F7D","T",1,0,0,0,0,"F"
0,2,1,2,"CBSX","","","","HR/L7LD","T",0,4,0,0,0,"F"
0,2,0,0,"X","","","","31/G3","T",1,0,0,0,0,"F"
1,0,0,2,"SCFS","","","","K","T",1,0,0,0,0,"F"
1,1,1,2,"CBSC","","","","K","T",1,0,0,0,0,"F"
1,2,3,2,"BBCBCB","","","","W","T",0,1,0,0,0,"F"
1,2,3,1,"B1BC1BX","loweb001","","","7/L7D","T",1,0,1,0,0,"F"
0,0,1,1,"BSX","","","","63/G56","T",1,0,0,0,0,"F"
0,1,1,2,"BSC*S","","","","K","T",1,0,0,0,0,"F"
0,2,3,1,"BSBBB","","","","W","T",0,1,0,0,0,"F"
0,2,0,0,"X","mounr001","","","S8/L8.1-3","T",0,1,3,0,0,"F"
0,2,0,0,"X","willm007","","mounr001","53/G6","T",1,0,1,0,3,"F"
1,0,1,1,"CBX","","","","E6/TH/G6S.B-1","T",0,1,0,0,0,"F"
1,0,0,2,"CCX","martj008","","","HR/F7D+.1-H(UR)","T",0,4,5,0,0,"F"
1,0,0,1,"CX","","","","HR/F7D","T",0,4,0,0,0,"F"
1,0,3,2,"CBBBCS","","","","K","T",1,0,0,0,0,"F"
1,1,1,0,"BH","","","","HP","T",0,1,0,0,0,"F"
1,1,1,0,"*BX","zunim001","","","S6/G56.1-2","T",0,1,2,0,0,"F"
1,1,3,2,"BCBBFFFX","brosm001","zunim001","","9/F9","T",1,0,1,2,0,"F"
1,2,3,2,"*BTB*BF>X","brosm001","zunim001","","3/G3","T",1,0,1,2,0,"F"
0,0,0,1,"LX","","","","63/G4MD","T",1,0,0,0,0,"F"
0,1,2,2,"BFCFBS","","","","K","T",1,0,0,0,0,"F"
0,2,0,2,"SSFS","","","","K","T",1,0,0,0,0,"F"
1,0,2,0,"BBX","","","","4/P34","T",1,0,0,0,0,"F"
1,1,1,1,"FBX","","","","8/F89XD","T",1,0,0,0,0,"F"
1,2,3,2,"FBBSBX","","","","43/G4MD","T",1,0,0,0,0,"F"
0,0,0,0,"X","","","","53/G56","T",1,0,0,0,0,"F"
0,1,0,1,"CX","","","","S3/G34+","T",0,1,0,0,0,"F"
0,1,1,0,"BX","albeh001","","","S9/G3.1-3","T",0,1,3,0,0,"F"
0,1,0,1,"SX","siscc001","","albeh001","S9/L9S.3-H;1-2","T",0,1,2,0,4,"F"
0,1,1,0,"BX","mounr001","siscc001","","13/G1S.2-3;1-2","T",1,0,2,3,0,"F"
0,2,2,2,"BF*S*B*S","","mounr001","siscc001","K","T",1,0,0,2,3,"F"
1,0,1,2,"CFB*S","","","","K","T",1,0,0,0,0,"F"
1,1,2,2,"FSBBC","","","","K","T",1,0,0,0,0,"F"
1,2,1,2,"BSCS","","","","K","T",1,0,0,0,0,"F"
0,0,1,2,"BCFS","","","","K","T",1,0,0,0,0,"F"
0,1,0,2,"FCF*S","","","","K","T",1,0,0,0,0,"F"
0,2,0,2,"CCF*S","","","","K.BX1(23)","T",1,0,0,0,0,"F"
1,0,0,2,"FFX","","","","9/F9D","T",1,0,0,0,0,"F"
1,1,2,1,"SBBX","","","","S5/G25-","T",0,1,0,0,0,"F"
1,1,0,1,"CX","diazy001","","","8/F8XD+","T",1,0,1,0,0,"F"
1,2,0,0,"X","diazy001","","","8/F89XD","T",1,0,1,0,0,"F"
0,0,1,2,"CFFBFS","","","","K","T",1,0,0,0,0,"F"
0,1,1,2,"CSBX","","","","4/P89S","T",1,0,0,0,0,"F"
0,2,2,2,"CCBBFFFS","","","","K","T",1,0,0,0,0,"F"
1,0,2,1,"BBCX","","","","8/L8XD","T",1,0,0,0,0,"F"
1,1,2,1,"CBBX","","","","E6/TH/G56+.B-1","T",0,1,0,0,0,"F"
1,1,3,1,".BBBCB","renfh001","","","W.1-2","T",0,1,2,0,0,"F"
1,1,0,2,"FSFX","margm001","renfh001","","S7/L78D.2-3;1-2","T",0,1,2,3,0,"F"
1,1,1,0,".BX","tsuty001","margm001","renfh001","9/SF/F9L.3-H(UR)","T",1,0,1,2,5,"F"
1,2,3,2,"CBFB*B>T","tsuty001","margm001","","K","T",1,0,1,2,0,"F"
0,0,1,2,"....CCBS","","","","K","T",1,0,0,0,0,"F"
0,1,1,2,"CSBS","","","","K","T",1,0,0,0,0,"F"
0,2,0,2,"SSC","","","","K","T",1,0,0,0,0,"F"
1,0,1,2,"FBFT","","","","K","T",1,0,0,0,0,"F"
1,1,0,2,".CCS","","","","K","T",1,0,0,0,0,"F"
1,2,2,2,"CBFBX","","","","D9/G3","T",0,2,0,0,0,"F"
1,2,0,0,"X","","adamw002","","7/L78D","T",1,0,0,2,0,"F"
0,0,1,2,".CBFX","","","","63/G56","T",1,0,0,0,0,"F"
0,1,2,2,"CSBBS","","","","K","T",1,0,0,0,0,"F"
0,2,1,2,"BFFX","","","","S8/L89XD+","T",0,1,0,0,0,"F"
0,2,2,2,"*BBSFX","nuner001","","","5/P5F/FL","T",1,0,1,0,0,"F"
1,0,0,1,".CX","","","","8/F8XD","T",1,0,0,0,0,"F"
1,1,1,0,"BX","","","","S6/G5","T",0,1,0,0,0,"F"
1,1,0,1,"11C>B","margm001","","","SB2","F",0,0,2,0,0,"F"
1,1,1,1,"11C>B.X","","margm001","","8/F8XD","T",1,0,0,2,0,"F"
1,2,3,1,"FBBBV","","margm001","","IW","T",0,1,0,2,0,"F"
1,2,1,1,"BCX","choij001","margm001","","5(2)/FO/G5.B-1","T",1,1,1,0,0,"F"
0,0,0,1,"CX","","","","S8/L8","T",0,1,0,0,0,"F"
0,0,1,2,".CSBX","albeh001","","","53/G5.1-2","T",1,0,2,0,0,"F"
0,1,2,2,"SSFF.BBS","","albeh001","","K","T",1,0,0,2,0,"F"
0,2,0,1,"CX","","albeh001","","3/G3+","T",1,0,0,2,0,"F"
0,0,1,1,"SBX","","","","S5/BG25-","T",0,1,0,0,0,"T"
0,0,0,1,"CX","mullc002","","","S9/G34.1-H(E9)(NR);B-3","T",0,3,4,0,0,"F"
0,0,1,2,"SBSX","","","albeh001","5/P5SF/FL","T",1,0,0,0,3,"F"
0,1,0,2,"FCX","","","albeh001","FC4/G6S+.3-H(UR);BX1(23)","T",1,0,0,0,5,"F"
0,2,3,2,"BSBBTS","","","","K","T",1,0,0,0,0,"F"
1,0,3,1,"BBBCX","","","","D39/L9LS+","T",0,2,0,0,0,"F"
1,0,2,0,"BBX","","meada001","","9/F89+","T",1,0,0,2,0,"F"
1,1,2,1,"BBFX","","meada001","","D8/F8.2-3","T",0,2,0,3,0,"F"
1,1,1,1,"BCX","","wendj002","meada001","9/F9","T",1,0,0,2,3,"F"
1,2,2,1,"BCBX","","wendj002","meada001","5/P4MS-","T",1,0,0,2,3,"F"
0,0,2,2,"SBSFFBS","","","","K","T",1,0,0,0,0,"F"
0,1,2,2,"SBSBS","","","","K","T",1,0,0,0,0,"F"
0,2,1,2,"BCSX","","","","9/F9LS","T",1,0,0,0,0,"F"
1,0,0,2,"CFS","","","","K","T",1,0,0,0,0,"F"
1,1,3,2,"BCFBFBS","","","","K","T",1,0,0,0,0,"F"
1,2,1,0,"BX","","","","8/L8XD+","T",1,0,0,0,0,"F"
0,0,1,0,"BX","","","","S6/G56","T",0,1,0,0,0,"F"
0,0,0,2,"SSX","holab001","","","S8/G6M.1-2","T",0,1,2,0,0,"F"
0,0,1,1,"FBX","mullc002","holab001","","4/P4D","T",1,0,1,2,0,"F"
0,1,2,2,"TBBSX","mullc002","holab001","","2/P23F/FL","T",1,0,1,2,0,"F"
0,2,3,2,"CFBFFBFFB>X","mullc002","holab001","","3/P3","T",1,0,1,2,0,"F"
1,0,0,2,"CSS","","","","K","T",1,0,0,0,0,"F"
1,1,3,2,"CSBBFB*B","","","","W","T",0,1,0,0,0,"F"
1,1,1,2,"B1FC11X","meada001","","","HR/F9LD.1-H","T",0,4,4,0,0,"F"
1,1,1,2,"FSBFX","","","","43/G34","T",1,0,0,0,0,"F"
1,2,3,2,"CBSBBFFFFB","","","","W","T",0,1,0,0,0,"F"
1,2,2,1,"BSBX","choij001","","","53/G56S-","T",1,0,1,0,0,"F"
0,0,2,2,"CBFBFX","","","","9/L89D","T",1,0,0,0,0,"F"
0,1,0,1,"FX","","","","S6/G56","T",0,1,0,0,0,"F"
0,1,0,1,"FX","mounr001","","","7/F7LD","T",1,0,1,0,0,"F"
0,2,1,1,"BFX","mounr001","","","DGR/L78XD.1-3","T",0,2,3,0,0,"F"
0,2,1,0,"BX","","valap001","mounr001","43/G6MD","T",1,0,0,2,3,"F"
1,0,3,2,"FBBFBFFB","","","","W","T",0,1,0,0,0,"F"
1,0,0,2,"FCX","kierk001","","","64(1)3/GDP/G6","T",2,0,0,0,0,"F"
1,2,3,1,"CBBBX","","","","9/L89D","T",1,0,0,0,0,"F"
0,0,3,2,"BCFBFBFB","","","","W","T",0,1,0,0,0,"F"
0,0,0,0,"1X","mullc002","","","13/SH/BG1S.1-2","T",1,0,2,0,0,"F"
0,1,3,1,"BCBBB","","mullc002","","W","T",0,1,0,2,0,"F"
0,1,0,1,".C>C","santa003","mullc002","","SB3","F",0,0,1,3,0,"F"
0,1,1,2,".C>C.FBFFS","santa003","","mullc002","K","T",1,0,1,0,3,"F"
0,2,0,0,"X","santa003","","mullc002","7/L78D","T",1,0,1,0,3,"F"
1,0,1,1,"BFX","","","","D7/L7LD","T",0,2,0,0,0,"F"
1,0,3,2,".CBBC*BB","","margm001","","W","T",0,1,0,2,0,"F"
1,0,0,0,"H","meada001","margm001","","HP.2-3;1-2","T",0,1,2,3,0,"F"
1,0,2,2,".BSBFFFX","loweb001","meada001","margm001","6(1)/FO/G6M.3-H;2-3;B-1","T",1,1,0,3,4,"F"
1,1,0,0,"X","diazy001","","meada001","8/F8.1-2","T",1,0,2,0,3,"F"
1,2,3,2,"CBSBBB","","diazy001","meada001","W","T",0,1,0,2,3,"F"
1,2,2,2,"*BC..BFC","tsuty001","diazy001","meada001","K","T",1,0,1,2,3,"F"
0,0,0,0,"....X","","","","S7/G56+","T",0,1,0,0,0,"F"
0,0,1,1,"CBX","mounr001","","","6(1)3/GDP/G6M","T",2,0,0,0,0,"F"
0,2,2,2,"BSBFS","","","","K","T",1,0,0,0,0,"F"
1,0,2,2,"CSBBFX","","","","E6/G56.B-1","T",0,1,0,0,0,"F"
1,0,1,0,"BX","renfh001","","","8/F8D","T",1,0,1,0,0,"F"
1,1,0,0,">S","renfh001","","","SB2","F",0,0,2,0,0,"F"
1,1,1,2,">S.SF*BFX","","renfh001","","5/L5D","T",1,0,0,2,0,"F"
1,2,1,1,".CBX","","renfh001","","3/G3+","T",1,0,0,2,0,"F"
0,0,0,2,".CFS","","","","K","T",1,0,0,0,0,"F"
0,1,1,2,"SBCFX","","","","8/L78XD","T",1,0,0,0,0,"F"
0,2,1,1,"BCX","","","","E5/G7S.B-1","T",0,1,0,0,0,"F"
0,2,0,2,"CFFB","albeh001","","","WP.1-2","F",0,0,2,0,0,"F"
0,2,3,2,"CFFB.BF*BFX","","albeh001","","S7/L78D.2-H(UR)","T",0,1,0,5,0,"F"
0,2,2,2,"SBFB1S","santa003","","","K","T",1,0,1,0,0,"F"
1,0,1,2,".B*SSS","","","","K","T",1,0,0,0,0,"F"
1,1,3,2,"BBCCBB","","","","W","T",0,1,0,0,0,"F"
1,1,1,2,"C*BFFS","diazy001","","","K","T",1,0,1,0,0,"F"
1,2,3,1,"BBFBB","diazy001","","","W.1-2","T",0,1,2,0,0,"F"
1,2,3,2,".BCBBF>F>F.>F>X","tsuty001","diazy001","","3/P3F/FL","T",1,0,1,2,0,"F"
0,0,0,2,".CFFX","","","","6/P8S","T",1,0,0,0,0,"F"
0,1,0,2,"CFX","","","","6/P6MD","T",1,0,0,0,0,"F"
0,2,1,2,"CBFX","","","","53/G5","T",1,0,0,0,0,"F"
1,0,1,2,"CSFBFFC","","","","K","T",1,0,0,0,0,"F"
1,1,2,0,"BBX","","","","HR/F78XD","T",0,4,0,0,0,"F"
1,1,1,2,"CBCS","","","","K","T",1,0,0,0,0,"F"
1,2,2,2,"CBSBFS","","","","K","T",1,0,0,0,0,"F"
0,0,1,2,".BCSS","","","","K","T",1,0,0,0,0,"F"
0,1,0,2,".CSX","","","","43/G34","T",1,0,0,0,0,"F"
0,2,2,2,"CCBBS","","","","K","T",1,0,0,0,0,"F"
0,0,1,0,"BX","","","","43/G6MD+","T",1,0,0,0,0,"T"
0,1,2,1,"CBBX","","","","43/G4D","T",1,0,0,0,0,"F"
0,2,3,2,"BBBCSX","","","","63/G6D+","T",1,0,0,0,0,"F"
1,0,1,2,"CSFBS","","","","K","T",1,0,0,0,0,"F"
1,1,1,0,"BX","","","","43/G34D","T",1,0,0,0,0,"F"
1,2,0,1,"CX","","","","S5/G56","T",0,1,0,0,0,"F"
1,2,2,2,"BBFTS","wendj002","","","K","T",1,0,1,0,0,"F"
0,0,2,2,"BCSBS","","","","K","T",1,0,0,0,0,"F"
0,1,0,1,"FX","","","","53/G5","T",1,0,0,0,0,"F"
0,2,2,1,"BBCX","","","","43/G4S+","T",1,0,0,0,0,"F"
1,0,3,2,"BBFBFFS","","","","K","T",1,0,0,0,0,"F"
1,1,2,2,"BCFBFFX","","","","HR/F78XD","T",0,4,0,0,0,"F"
1,1,1,0,"BX","","","","31/G4","T",1,0,0,0,0,"F"
1,2,0,1,"CX","","","","43/G34D","T",1,0,0,0,0,"F"
0,0,1,2,"CBFX","","","","HR/L7LD","T",0,4,0,0,0,"F"
0,0,1,0,"BX","","","","3/G3","T",1,0,0,0,0,"F"
0,1,2,1,"FBBX","","","","S8/L8D","T",0,1,0,0,0,"F"
0,1,2,1,"CBBX","brinl001","","","64(1)3/GDP/G6D","T",2,0,0,0,0,"F"
1,0,1,2,"CSB*S","","","","K","T",1,0,0,0,0,"F"
1,1,0,1,"CX","","","","63/G4D","T",1,0,0,0,0,"F"
1,2,0,1,"SX","","","","43/G4","T",1,0,0,0,0,"F"
0,0,1,1,"LBX","","","","63/G6","T",1,0,0,0,0,"F"
0,1,2,2,"BFBFX","","","","63/G56D","T",1,0,0,0,0,"F"
0,2,1,1,"BFX","","","","HR/F7LD","T",0,4,0,0,0,"F"
0,2,0,2,"CSFS","","","","K","T",1,0,0,0,0,"F"
1,0,1,2,"CFBX","","","","S7/L7L","T",0,1,0,0,0,"F"
1,0,1,2,"FBC>B","wendj002","","","SB2","F",0,0,2,0,0,"F"
1,0,3,2,"FBC>B.BF*B","","wendj002","","W","T",0,1,0,2,0,"F"
1,0,2,2,"BC*BFS","meada001","wendj002","","K","T",1,0,1,2,0,"F"
1,1,1,0,"BX","meada001","wendj002","","S9/L9D+.2-3;1-2","T",0,1,2,3,0,"F"
1,1,0,2,"CFFFX","tsuty001","meada001","wendj002","4/L4MD","T",1,0,1,2,3,"F"
1,2,3,2,"BSFBB>F>B","tsuty001","meada001","wendj002","W.3-H;2-3;1-2","T",0,1,2,3,4,"F"
1,2,2,1,"B*BFX","kierk001","tsuty001","meada001","D8/L78XD+.3-H;2-H;1-H","T",0,2,4,4,4,"F"
1,2,1,2,"CBFS","","perem005","","K","T",1,0,0,2,0,"F"
0,0,1,0,"BX","","","","43/G4MS","T",1,0,0,0,0,"F"
0,1,0,1,"CX","","","","5/P56","T",1,0,0,0,0,"F"
0,2,3,0,"BBBX","","","","S8/L8+","T",0,1,0,0,0,"F"
0,2,0,1,"FX","alfaj002","","","S7/G6+.1-2","T",0,1,2,0,0,"F"
0,2,0,0,"X","brinl001","alfaj002","","D8/L89XD+.2-H;1-H","T",0,2,4,4,0,"F"
0,2,2,2,"CBBFFX","","bertj001","","S5/G5.2-3","T",0,1,0,3,0,"F"
0,2,2,1,"BCBX","marts002","","bertj001","43/G4S","T",1,0,1,0,3,"F"
1,0,1,2,".BCFX","","","","4/P3D","T",1,0,0,0,0,"F"
1,1,3,2,"BBBCCB","","","","W","T",0,1,0,0,0,"F"
1,1,1,1,"1FBX","wendj002","","","S8/F8S.1-2","T",0,1,2,0,0,"F"
1,1,2,2,"BBSSFS","meada001","wendj002","","K","T",1,0,1,2,0,"F"
1,2,3,1,"B*BTBB","meada001","wendj002","","W.2-3;1-2","T",0,1,2,3,0,"F"
1,2,3,2,".BFBBF>C","tsuty001","meada001","wendj002","K","T",1,0,1,2,3,"F"
0,0,1,2,".CCBFS","","","","K","T",1,0,0,0,0,"F"
0,1,1,2,"CCBS","","","","K","T",1,0,0,0,0,"F"
0,2,2,2,"BCFFBC","","","","K","T",1,0,0,0,0,"F"
1,0,2,2,"CCBBS","","","","K","T",1,0,0,0,0,"F"
1,1,3,2,"FBBBSX","","","","3/G3S","T",1,0,0,0,0,"F"
1,2,0,2,"CFS","","","","K","T",1,0,0,0,0,"F"
0,0,0,0,".X","","","","8/L78XD","T",1,0,0,0,0,"F"
0,1,0,2,"SS*S","","","","K.BX1(23)","T",1,0,0,0,0,"F"
0,2,1,1,".SBX","","","","D9/L9LD+","T",0,2,0,0,0,"F"
0,2,3,2,"FBFFB*BB","","joycm001","","W","T",0,1,0,2,0,"F"
0,2,0,0,"X","bertj001","joycm001","","64(1)/FO/G6D.B-1","T",1,1,0,2,0,"F"
1,0,0,2,"..FFS","","","","K","T",1,0,0,0,0,"F"
1,1,1,1,"CBX","","","","63/G6MS","T",1,0,0,0,0,"F"
1,2,1,1,"CBX","","","","43/G4MD","T",1,0,0,0,0,"F"
0,0,2,2,".BBCCX","","","","43/G4","T",1,0,0,0,0,"F"
0,1,1,1,"BSX","","","","63/G6D","T",1,0,0,0,0,"F"
0,2,0,2,"SCS","","","","K","T",1,0,0,0,0,"F"
1,0,2,2,".SSBBS","","","","K","T",1,0,0,0,0,"F"
1,1,3,1,"BBCBB","","","","W","T",0,1,0,0,0,"F"
1,1,3,0,".B1BB1","philb002","","","PO1(E1/TH).1-2","F",0,0,2,0,0,"F"
1,1,3,0,".B1BB1.B","","philb002","","W","T",0,1,0,2,0,"F"
1,1,0,1,"F>S","margm001","philb002","","SB3;SB2","F",0,0,2,3,0,"F"
1,1,0,2,"F>S.S","","margm001","philb002","K","T",1,0,0,2,3,"F"
1,2,1,0,"BX","","margm001","philb002","8/F8XD+","T",1,0,0,2,3,"F"
0,0,3,1,"..BBCBB","","","","W","T",0,1,0,0,0,"F"
0,0,1,2,".BSCX","chisj001","","","FC6/G6.1-2(E6);B-1","T",0,1,2,0,0,"F"
0,0,1,1,"BCX","dickc002","chisj001","","5(2)/FO/G5.1-2;B-1","T",1,1,2,0,0,"F"
0,1,1,2,"SFBX","alfaj002","dickc002","","5/P56","T",1,0,1,2,0,"F"
0,2,3,2,"SSBBB>C","alfaj002","dickc002","","K","T",1,0,1,2,0,"F"
0,0,1,2,"CCBS","","","","K","T",1,0,0,0,0,"T"
0,1,0,0,"X","","","","63/G6D","T",1,0,0,0,0,"F"
0,2,3,2,"CBBFBF*B","","","","W","T",0,1,0,0,0,"F"
0,2,1,2,"FSBS","aguij001","","","K","T",1,0,1,0,0,"F"
1,0,0,2,"CFFF*S","","","","K.BX1(23)","T",1,0,0,0,0,"F"
1,1,3,2,"SFBBBF*B","","","","W","T",0,1,0,0,0,"F"
1,1,1,2,"BFFT","loweb001","","","K","T",1,0,1,0,0,"F"
1,2,2,0,"B1BX","loweb001","","","43/G4","T",1,0,1,0,0,"F"
0,0,1,2,"SBFS","","","","K","T",1,0,0,0,0,"F"
0,1,3,2,"CBFBBX","","","","63/G6MD","T",1,0,0,0,0,"F"
0,2,2,2,"CBBSS","","","","K","T",1,0,0,0,0,"F"
1,0,1,2,"FSBFC","","","","K","T",1,0,0,0,0,"F"
1,1,0,1,"CX","","","","53/G5","T",1,0,0,0,0,"F"
1,2,3,2,"BSBCBS","","","","K","T",1,0,0,0,0,"F"
0,0,2,1,"BBFX","","","","63/G6","T",1,0,0,0,0,"F"
0,1,3,2,"CFBBFBX","","","","S48/G4M","T",0,1,0,0,0,"F"
0,1,1,2,"FCFBS","rojam002","","","K","T",1,0,1,0,0,"F"
0,2,2,2,"C11BSBS","rojam002","","","K","T",1,0,1,0,0,"F"
1,0,2,2,"BFFBFS","","","","K","T",1,0,0,0,0,"F"
1,1,1,1,"CBX","","","","S7/L78D","T",0,1,0,0,0,"F"
1,1,1,2,"BFFS","perem005","","","K","T",1,0,1,0,0,"F"
1,2,2,2,"BCBSX","perem005","","","43/G34","T",1,0,1,0,0,"F"
0,0,3,1,"BBBCB","","","","W","T",0,1,0,0,0,"F"
0,0,1,1,"CBX","aguij001","","","D8/L89XD.1-3","T",0,2,3,0,0,"F"
0,0,1,2,"BSFS","","andeb006","aguij001","K+PB.3-H(NR);2-3","T",1,0,0,3,4,"F"
0,1,0,0,"X","","","andeb006","S8/G4MS.3-H","T",0,1,0,0,4,"F"
0,1,0,1,"SX","ramih004","","","HR/L78XD.1-H","T",0,4,4,0,0,"F"
0,1,0,2,"SF*S","","","","K.BX1(23)","T",1,0,0,0,0,"F"
0,2,3,1,"SBBBB","","","","W","T",0,1,0,0,0,"F"
0,2,0,0,"X","rojam002","","","7/F78","T",1,0,1,0,0,"F"
1,0,3,1,"BCBBB","","","","W","T",0,1,0,0,0,"F"
1,0,2,2,"CBFBS","choij001","","","K","T",1,0,1,0,0,"F"
1,1,0,0,"1X","choij001","","","7/F7D","T",1,0,1,0,0,"F"
1,2,0,2,"CCX","choij001","","","53/G5D","T",1,0,1,0,0,"F"
0,0,0,0,"X","","","","13/BG1S-","T",1,0,0,0,0,"F"
0,1,1,2,"CBFFX","","","","S9/L9","T",0,1,0,0,0,"F"
0,1,0,0,"X","aguij001","","","3/G3S-.1-2","T",1,0,2,0,0,"F"
0,2,1,1,"C*BX","","aguij001","","S4/G6.2-H(E4/TH)(NR)(UR);B-2","T",0,2,0,5,0,"F"
0,2,3,2,"FB*BF*BX","","brinl001","","53/G5","T",1,0,0,2,0,"F"
1,0,3,2,".BBSSBFFB","","","","W","T",0,1,0,0,0,"F"
1,0,0,2,"SFX","tsuty001","","","6/P5D","T",1,0,1,0,0,"F"
1,1,3,1,"BBBCX","tsuty001","","","D9/L9L.1-H","T",0,2,4,0,0,"F"
1,1,0,2,"CSX","","perem005","","7/F7D","T",1,0,0,2,0,"F"
1,2,0,0,"X","","perem005","","7/F7LD","T",1,0,0,2,0,"F"
0,0,0,0,".X","","","","7/F7","T",1,0,0,0,0,"F"
0,1,1,2,"FBFFS","","","","K","T",1,0,0,0,0,"F"
0,2,3,0,"BBBB","","","","W","T",0,1,0,0,0,"F"
0,2,0,2,"1CFC","rojam002","","","K","T",1,0,1,0,0,"F"
1,0,1,0,"BX","","","","D9/L9L","T",0,2,0,0,0,"F"
1,0,3,2,"FCFB*BBFC","","choij001","","K","T",1,0,0,2,0,"F"
1,1,2,0,"*BBX","","choij001","","63/G6MD.2-3","T",1,0,0,3,0,"F"
1,2,1,2,"FBCX","","","choij001","63/G6D+","T",1,0,0,0,3,"F"
0,0,2,2,"BFBFX","","","","13/G4MS","T",1,0,0,0,0,"F"
0,1,3,2,"BBCBCB","","","","W","T",0,1,0,0,0,"F"
0,1,1,1,"FBX","aguij001","","","8/F89D","T",1,0,1,0,0,"F"
0,2,1,2,"CS*BX","aguij001","","","D7/G5+.1-3","T",0,2,3,0,0,"F"
0,2,0,0,"X","","brinl001","aguij001","S7/G5.3-H;2-H","T",0,1,0,4,4,"F"
0,2,1,1,"BFX","joycm001","","","4/L4D","T",1,0,1,0,0,"F"
1,0,2,2,".CBFFFBFC","","","","K","T",1,0,0,0,0,"F"
1,1,1,1,".CBX","","","","S9/G4+","T",0,1,0,0,0,"F"
1,1,1,1,"BCX","arozr001","","","3(B)64(1)/GDP/G3","T",2,0,0,0,0,"F"
0,0,2,0,"....BBX","","","","8/F8D","T",1,0,0,0,0,"F"
0,1,3,2,"CBBFBFX","","","","63/G6S","T",1,0,0,0,0,"F"
0,2,0,2,"..CCX","","","","53/G6","T",1,0,0,0,0,"F"
1,0,1,2,".CFBX","","","","8/L78XD","T",1,0,0,0,0,"F"
1,1,3,2,"BCBBSC","","","","K","T",1,0,0,0,0,"F"
1,2,0,1,"CX","","","","53/G56","T",1,0,0,0,0,"F"
0,0,2,2,"BFCBX","","","","53/G56","T",1,0,0,0,0,"F"
0,1,0,1,"FX","","","","3/P4","T",1,0,0,0,0,"F"
0,2,0,0,"X","","","","8/L8XD","T",1,0,0,0,0,"F"
1,0,2,2,"CBFFBFX","","","","8/L78XD","T",1,0,0,0,0,"F"
1,1,1,2,"CFBX","","","","63/G6M+","T",1,0,0,0,0,"F"
1,2,3,1,"BFBBB","","","","W","T",0,1,0,0,0,"F"
1,2,3,2,"B*BCF*B>B","renfh001","","","W.1-2","T",0,1,2,0,0,"F"
1,2,0,1,"CX","tsuty001","renfh001","","S4/G4.2-3;1-2","T",0,1,2,3,0,"F"
1,2,2,2,"BCFBX","arozr001","tsuty001","renfh001","S8/L78XD+.3-H;2-H;1-3","T",0,1,3,4,4,"F"
1,2,0,1,".CX","perem005","","arozr001","3/G3","T",1,0,1,0,3,"F"
0,0,3,2,"BSBTFBFB","","","","W","T",0,1,0,0,0,"T"
0,0,1,1,"CBX","dickc002","","","HR/L8XD.1-H","T",0,4,4,0,0,"F"
0,0,3,1,"BBBCX","","","","8/F8XD","T",1,0,0,0,0,"F"
0,1,3,1,"BBCBB","","","","W","T",0,1,0,0,0,"F"
0,1,0,2,"CS11FS","joycm001","","","K","T",1,0,1,0,0,"F"
0,2,2,2,"CBFBC","joycm001","","","K","T",1,0,1,0,0,"F"
1,0,1,2,"CFBX","","","","63/G6","T",1,0,0,0,0,"F"
1,1,2,2,"BCSBX","","","","HR/L89XD","T",0,4,0,0,0,"F"
1,1,2,2,"CBFB*S","","","","K","T",1,0,0,0,0,"F"
1,2,1,1,"BCX","","","","S8/L8D+","T",0,1,0,0,0,"F"
1,2,0,2,"CCC","brosm001","","","K","T",1,0,1,0,0,"F"
0,0,1,2,"CBC*S","","","","K","T",1,0,0,0,0,"F"
0,1,1,2,"CFBS","","","","K","T",1,0,0,0,0,"F"
0,2,1,2,"FSBX","","","","3/G3S-","T",1,0,0,0,0,"F"
1,0,2,0,"BBX","","","","7/F78","T",1,0,0,0,0,"F"
1,1,1,2,"FCBX","","","","7/F7D","T",1,0,0,0,0,"F"
1,2,0,2,"CCS","","","","K","T",1,0,0,0,0,"F"
0,0,1,2,"BCFX","","","","T9/G2","T",0,3,0,0,0,"F"
0,0,1,2,"FBSS","","","dickc002","K","T",1,0,0,0,3,"F"
0,1,0,1,"FX","","","dickc002","S9/L9L.3-H","T",0,1,0,0,4,"F"
0,1,1,2,"BSCS","aguij001","","","K","T",1,0,1,0,0,"F"
0,2,1,0,"BX","aguij001","","","S8/G6M.1-2","T",0,1,2,0,0,"F"
0,2,2,2,"BBCCN","andeb006","aguij001","","CS3(1E5).1-2","F",0,0,2,3,0,"F"
0,2,3,2,"BBCCN.BFC","","andeb006","aguij001","K","T",1,0,0,2,3,"F"
1,0,3,2,"BCBBFC","","","","K","T",1,0,0,0,0,"F"
1,1,3,1,"BBBCB","","","","W","T",0,1,0,0,0,"F"
1,1,1,1,"BS>S","margm001","","","SB2","F",0,0,2,0,0,"F"
1,1,1,2,"BS>S.>*B","","margm001","","SB3","F",0,0,0,3,0,"F"
1,1,2,2,"BS>S.>*B.X","","","margm001","9/F89S","T",1,0,0,0,3,"F"
1,2,2,2,"BTBSS","","","margm001","K","T",1,0,0,0,3,"F"
0,0,2,0,"BBX","","","","5/P5","T",1,0,0,0,0,"F"
0,1,2,2,"FBCB*S","","","","K.BX1(23)","T",1,0,0,0,0,"F"
0,2,1,2,"CCBX","","","","43/G4D","T",1,0,0,0,0,"F"
1,0,1,2,"CCB*S","","","","K","T",1,0,0,0,0,"F"
1,1,3,2,"CBBFBS","","","","K","T",1,0,0,0,0,"F"
1,2,0,2,"CFC","","","","K","T",1,0,0,0,0,"F"
0,0,2,2,"BSBFFFX","","","","43/G4D+","T",1,0,0,0,0,"F"
0,1,0,1,"CX","","","","53/G56","T",1,0,0,0,0,"F"
0,2,2,2,"BBCFFX","","","","9/F9","T",1,0,0,0,0,"F"
1,0,1,2,"SCBFFFX","","","","HR/F9LD","T",0,4,0,0,0,"F"
1,0,3,2,"BFBBTC","","","","K","T",1,0,0,0,0,"F"
1,1,0,2,"FCC","","","","K","T",1,0,0,0,0,"F"
1,2,1,1,"CBX","","","","53/G5","T",1,0,0,0,0,"F"
0,0,3,2,"FBBFBS","","","","K","T",1,0,0,0,0,"F"
0,1,3,2,"BFCBFBB","","","","W","T",0,1,0,0,0,"F"
0,1,1,2,".FBSX","andeb006","","","56(1)3/GDP/G56","T",2,0,0,0,0,"F"
1,0,2,1,"FBBX","","","","HR/L7LD","T",0,4,0,0,0,"F"
1,0,1,1,"BCX","","","","3/G3+","T",1,0,0,0,0,"F"
1,1,2,2,"BFBSX","","","","9/L9D","T",1,0,0,0,0,"F"
1,2,1,2,"CFFBX","","","","63/G6S","T",1,0,0,0,0,"F"
0,0,1,2,"CCBX","","","","S9/L89D","T",0,1,0,0,0,"F"
0,0,1,1,"BF1","chisj001","","","POCS2(136)","F",1,0,0,0,0,"F"
0,1,2,2,"BF1.BCS","","","","K","T",1,0,0,0,0,"F"
0,2,3,1,".BBBCB","","","","W","T",0,1,0,0,0,"F"
0,2,2,2,"BCF*BX","wallc001","","","5/P5F/FL","T",1,0,1,0,0,"F"
1,0,1,2,".CBFX","","","","43/G4D","T",1,0,0,0,0,"F"
1,1,2,2,"BBCSX","","","","4/P6MD","T",1,0,0,0,0,"F"
1,2,1,2,".CBCS","","","","K","T",1,0,0,0,0,"F"
0,0,1,2,".CSBX","","","","S8/G6M+","T",0,1,0,0,0,"F"
0,0,0,0,">B","marts002","","","SB2","F",0,0,2,0,0,"F"
0,0,1,2,">B.CFS","","marts002","","K","T",1,0,0,2,0,"F"
0,1,3,2,"B*S*BBSX","","marts002","","6/P4","T",1,0,0,2,0,"F"
0,2,2,1,"SBBX","","marts002","","9/F9L","T",1,0,0,2,0,"F"
1,0,1,0,".BX","","","","6/P8S","T",1,0,0,0,0,"F"
1,1,1,0,".BX","","","","5/L56","T",1,0,0,0,0,"F"
1,2,2,1,"CBBX","","","","S6/G56","T",0,1,0,0,0,"F"
1,2,0,2,"CSS","arozr001","","","K","T",1,0,1,0,0,"F"
0,0,2,0,"...BBX","","","","D8/L89XD+","T",0,2,0,0,0,"F"
0,0,0,1,".LX","","bertj001","","5/BP5SF/FL","T",1,0,0,2,0,"F"
0,1,0,0,".X","","bertj001","","7/F78D","T",1,0,0,2,0,"F"
0,2,3,2,".CSBBBB","","bertj001","","W","T",0,1,0,2,0,"F"
0,2,0,0,"X","rojam002","bertj001","","9/F89D","T",1,0,1,2,0,"F"
1,0,2,2,".....BSBCS","","","","K","T",1,0,0,0,0,"F"
1,1,1,2,"TBFFS","","","","K","T",1,0,0,0,0,"F"
1,2,1,2,"CFBFS","","","","K","T",1,0,0,0,0,"F"
0,0,0,0,"..X","","","","63/G6","T",1,0,0,0,0,"F"
0,1,1,2,"BSCX","","","","8/L8D","T",1,0,0,0,0,"F"
0,2,2,2,"CBCBX","","","","S8/G6M.2-H(UR)","T",0,1,0,0,0,"F"
0,2,1,2,"B1FF1F1FT","joycm001","","","K","T",1,0,1,0,0,"F"
1,0,1,2,"...FBCX","","","","D9/G3.2-H(UR)","T",0,2,0,0,0,"F"
1,0,0,0,".X","","philb002","","8/L8XD.2-3","T",1,0,0,3,0,"F"
1,1,3,1,".BCB*BB","","","philb002","W","T",0,1,0,0,3,"F"
1,1,3,2,"F1*BBSBX","kierk001","","philb002","8/SF/F8XD.3-H","T",1,0,1,0,4,"F"
0,0,1,2,"CFBC","","","","K","T",1,0,0,0,0,"T"
0,1,1,2,"CCBFX","","","","13/G6MS","T",1,0,0,0,0,"F"
0,2,2,2,"BBCSX","","","","S3/G4","T",0,1,0,0,0,"F"
0,2,1,2,"SFBS","bogax001","","","K","T",1,0,1,0,0,"F"
1,0,0,2,"CFX","","","","1E3/G15-.B-2","T",0,2,0,0,0,"F"
1,0,3,2,"BB*SB*SFS","","margm001","","K","T",1,0,0,2,0,"F"
1,1,0,0,">B","","margm001","","CS3(25)","F",1,0,0,0,0,"F"
1,2,3,1,">B.SBBB","","","","W","T",0,1,0,0,0,"F"
1,2,0,2,"CSH","meada001","","","HP.1-2","T",0,1,2,0,0,"F"
1,2,0,2,"CFX","brosm001","meada001","","9/F9D","T",1,0,1,2,0,"F"
0,0,2,2,"CBCBS","","","","K","T",1,0,0,0,0,"F"
0,1,1,2,"SFBS","","","","K","T",1,0,0,0,0,"F"
0,2,2,1,"FBBX","","","","43/G34","T",1,0,0,0,0,"F"
1,0,0,2,"CSF*S","","","","K","T",1,0,0,0,0,"F"
1,1,1,2,"CBCC","","","","K","T",1,0,0,0,0,"F"
1,2,0,1,"CH","","","","HP","T",0,1,0,0,0,"F"
1,2,1,2,"CBCS","smitk002","","","K.BX1(23)","T",1,0,1,0,0,"F"
0,0,2,2,"BBSFS","","","","K","T",1,0,0,0,0,"F"
0,1,3,2,"BCBSBX","","","","7/F78XD","T",1,0,0,0,0,"F"
0,2,1,2,"CBCFX","","","","S7/G56","T",0,1,0,0,0,"F"
0,2,1,1,"FBX","verda001","","","HR/F9LD.1-H","T",0,4,4,0,0,"F"
0,2,3,1,"BBBCB","","","","W","T",0,1,0,0,0,"F"
0,2,1,2,"BFC1FFX","bogax001","","","64(1)/FO/G6.B-1","T",1,1,0,0,0,"F"
1,0,0,2,"CCX","","","","S6/G56","T",0,1,0,0,0,"F"
1,0,1,1,"CBX","margm001","","","64(1)/FO/G56.B-1","T",1,1,0,0,0,"F"
1,1,2,2,"BSFF*BS","arozr001","","","K","T",1,0,1,0,0,"F"
1,2,0,2,"TFS","arozr001","","","K","T",1,0,1,0,0,"F"
0,0,3,1,"BFBBB","","","","W","T",0,1,0,0,0,"F"
0,0,0,1,"FX","vazqc001","","","36(1)/FO/G3.B-1","T",1,1,0,0,0,"F"
0,1,0,0,"X","munoy001","","","16(1)3/GDP/G6MS","T",2,0,0,0,0,"F"
1,0,1,1,"BCX","","","","HR/F78XD","T",0,4,0,0,0,"F"
1,0,0,0,"X","","","","HR/L8XD","T",0,4,0,0,0,"F"
1,0,0,2,"FFS","","","","K","T",1,0,0,0,0,"F"
1,1,1,2,"CBFFS","","","","K","T",1,0,0,0,0,"F"
1,2,0,2,"CFX","","","","43/G4","T",1,0,0,0,0,"F"
0,0,1,0,"BX","","","","HR/L9LD","T",0,4,0,0,0,"F"
0,0,1,0,"BX","","","","S9/G34+","T",0,1,0,0,0,"F"
0,0,0,0,"X","arroc001","","","64(1)/FO/G6.B-1","T",1,1,0,0,0,"F"
0,1,0,0,"X","verda001","","","S9/L89.1-2","T",0,1,2,0,0,"F"
0,1,1,1,".BCX","dever001","verda001","","4/P89S","T",1,0,1,2,0,"F"
0,2,1,2,"BSSFS","dever001","verda001","","K","T",1,0,1,2,0,"F"
1,0,1,0,".BX","","","","S7/G56+","T",0,1,0,0,0,"F"
1,0,1,1,".S1B11>X","margm001","","","8/F8","T",1,0,1,0,0,"F"
1,1,0,1,"F>B","margm001","","","SB2","F",0,0,2,0,0,"F"
1,1,1,1,"F>B.X","","margm001","","DGR/L7LD.2-H","T",0,2,0,4,0,"F"
1,1,3,2,".BBCSBS","","meada001","","K","T",1,0,0,2,0,"F"
1,2,3,2,"BBS*BFC","","meada001","","K","T",1,0,0,2,0,"F"
0,0,0,2,"..CSFX","","","","8/L89XD","T",1,0,0,0,0,"F"
0,1,1,2,"BFSS","","","","K","T",1,0,0,0,0,"F"
0,2,1,0,".BX","","","","6/P8S","T",1,0,0,0,0,"F"
1,0,3,1,"BBFBB","","","","W","T",0,1,0,0,0,"F"
1,0,2,2,"SBFBC","loweb001","","","K","T",1,0,1,0,0,"F"
1,1,2,1,".BCBX","loweb001","","","9/F89XD","T",1,0,1,0,0,"F"
1,2,2,2,"CBC1BFB","loweb001","","","WP.1-2","F",0,0,2,0,0,"F"
1,2,3,2,"CBC1BFB.C","","loweb001","","K","T",1,0,0,2,0,"F"
0,0,2,2,"..CBCBS","","","","K","T",1,0,0,0,0,"F"
0,1,1,1,"FBX","","","","S6/G56","T",0,1,0,0,0,"F"
0,1,3,2,"CBTB*BB","arroc001","","","W.1-2","T",0,1,2,0,0,"F"
0,1,0,0,"X","verda001","arroc001","","S9/G34+.2-H;1-3","T",0,1,3,4,0,"F"
0,1,0,1,"SX","dever001","","verda001","8/F8S","T",1,0,1,0,3,"F"
0,2,3,2,"*BBSBF>S","dever001","","verda001","K","T",1,0,1,0,3,"F"
1,0,1,0,"BX","","","","7/F7D","T",1,0,0,0,0,"F"
1,1,2,2,".BCSBFC","","","","K","T",1,0,0,0,0,"F"
1,2,3,2,"BCBFBB","","","","W","T",0,1,0,0,0,"F"
1,2,3,1,"BBBCX","meada001","","","43/G34D","T",1,0,1,0,0,"F"
0,0,1,2,".CSBX","","","","9/L9D","T",1,0,0,0,0,"F"
0,1,0,2,"SFFFS","","","","K","T",1,0,0,0,0,"F"
0,2,0,2,"CFFS","","","","K","T",1,0,0,0,0,"F"
1,0,2,2,"..FFBBC","","","","K","T",1,0,0,0,0,"F"
1,1,3,2,"BSBBCX","","","","7/F7LD","T",1,0,0,0,0,"F"
1,2,3,2,"BFSBFB*B","","","","W","T",0,1,0,0,0,"F"
1,2,2,2,"C1*BBTT","adamw002","","","K","T",1,0,1,0,0,"F"
0,0,2,2,"...CSBBS","","","","K","T",1,0,0,0,0,"F"
0,1,0,0,"X","","","","9/F9LF/FL","T",1,0,0,0,0,"F"
0,2,2,2,"BCFBC","","","","K","T",1,0,0,0,0,"F"
1,0,3,1,".BBCBB","","","","W","T",0,1,0,0,0,"F"
1,0,1,0,"1BX","wendj002","","","36(1)/FO/G34.B-1","T",1,1,0,0,0,"F"
1,1,2,1,"F11BB>C","margm001","","","SB2","F",0,0,2,0,0,"F"
1,1,2,2,"F11BB>C.*S","","margm001","","K","T",1,0,0,2,0,"F"
1,2,0,1,"CB","","margm001","","WP.2-3","F",0,0,0,3,0,"F"
1,2,2,2,"CB.CFBC","","","margm001","K","T",1,0,0,0,3,"F"
0,0,3,2,"BCFBBX","","","","13/G4MS","T",1,0,0,0,0,"T"
0,1,2,2,"BBSSS","","","","K","T",1,0,0,0,0,"F"
0,2,1,2,"CBSS","","","","K","T",1,0,0,0,0,"F"
1,0,1,1,"BSX","","","","3/P3DF/FL","T",1,0,0,0,0,"F"
1,1,0,2,"CFX","","","","43/G13+","T",1,0,0,0,0,"F"
1,2,3,2,"BBCBFX","","","","S4/G4","T",0,1,0,0,0,"F"
1,2,1,1,"FB>B","loweb001","","","SB2","F",0,0,2,0,0,"F"
1,2,3,2,"FB>B.F*BB","","loweb001","","W","T",0,1,0,2,0,"F"
1,2,2,2,"BCF*BX","choij001","loweb001","","43/G34D","T",1,0,1,2,0,"F"
0,0,0,0,"X","","","","9/L89D","T",1,0,0,0,0,"F"
0,1,2,2,"CBFBX","","","","43/G4MD","T",1,0,0,0,0,"F"
0,2,1,0,"BX","","","","D7/L7LD+","T",0,2,0,0,0,"F"
0,2,2,2,"BBFCS","","bradj001","","K","T",1,0,0,2,0,"F"
1,0,2,2,".CBFFFFBX","","","","HR/L89XD","T",0,4,0,0,0,"F"
1,0,2,2,"CBBSS","","","","K","T",1,0,0,0,0,"F"
1,1,1,2,"BSCX","","","","43/G4D","T",1,0,0,0,0,"F"
1,2,0,0,"X","","","","S7/G6+","T",0,1,0,0,0,"F"
1,2,1,0,"BX","perem005","","","43/G34S","T",1,0,1,0,0,"F"
0,0,3,2,"BCSBBB","","","","W","T",0,1,0,0,0,"F"
0,0,1,0,"BX","chavm001","","","54(1)3/GDP/G56","T",2,0,0,0,0,"F"
0,2,3,2,"CBCBBFFX","","","","S9/L9+","T",0,1,0,0,0,"F"
0,2,0,0,"X","verda001","","","S8/G4M+.1-2","T",0,1,2,0,0,"F"
0,2,2,2,"C*BSF*BFFX","dever001","verda001","","13/G6MS-","T",1,0,1,2,0,"F"
1,0,1,2,"CSBX","","","","S7/L7L","T",0,1,0,0,0,"F"
1,0,0,0,"X","wendj002","","","S8/L78D.1-2","T",0,1,2,0,0,"F"
1,0,1,0,"BX","loweb001","wendj002","","8/L8XD","T",1,0,1,2,0,"F"
1,1,1,0,"B>C","loweb001","wendj002","","SB3;SB2","F",0,0,2,3,0,"F"
1,1,2,1,"B>C.BX","","loweb001","wendj002","63/G4M.3-H;2-3","T",1,0,0,3,4,"F"
1,2,1,0,"BX","","","loweb001","7/L7","T",1,0,0,0,3,"F"
0,0,1,1,"BCX","","","","S7/L7D","T",0,1,0,0,0,"F"
0,0,0,0,"X","vazqc001","","","9/F89XD","T",1,0,1,0,0,"F"
0,1,2,1,"B*BS>C","vazqc001","","","CS2(26)","F",1,0,0,0,0,"F"
0,2,2,2,"B*BS>C.X","","","","8/L78XD+","T",1,0,0,0,0,"F"
1,0,1,2,"CBCX","","","","S7/L7","T",0,1,0,0,0,"F"
1,0,2,2,"FCBBS","lowen001","","","K","T",1,0,1,0,0,"F"
1,1,3,1,"BBBCB","lowen001","","","W.1-2","T",0,1,2,0,0,"F"
1,1,1,2,"CFBX","perem005","lowen001","","D8/L89XD+.2-H;1-H","T",0,2,4,4,0,"F"
1,1,3,1,"BBBC*B","","meada001","","W","T",0,1,0,2,0,"F"
1,1,1,1,".BCX","wendj002","meada001","","46(1)3/GDP/G4S","T",2,0,0,2,0,"F"
0,0,3,2,"FBBTB*B","","","","W","T",0,1,0,0,0,"F"
0,0,1,2,"FBFS","dalbb001","","","K","T",1,0,1,0,0,"F"
0,1,2,2,"CBB1FFFS","dalbb001","","","K","T",1,0,1,0,0,"F"
0,2,1,2,"BSCX","dalbb001","","","7/L1S","T",1,0,1,0,0,"F"
1,0,1,0,"BX","","","","5/L56D","T",1,0,0,0,0,"F"
1,1,3,2,"SBFBBT","","","","K","T",1,0,0,0,0,"F"
1,2,2,2,"CFBBC","","","","K","T",1,0,0,0,0,"F"
0,0,3,2,"BBSFBX","","","","3/G3","T",1,0,0,0,0,"F"
0,1,3,2,"BCBSBX","","","","S7/L78XD+","T",0,1,0,0,0,"F"
0,1,3,2,"BCFFFBB1X","bogax001","","","FC5/G6.1-2(E5);B-1","T",0,1,2,0,0,"F"
0,1,3,1,".C*BBBX","vazqc001","bogax001","","64(1)3/GDP/G6","T",2,0,0,2,0,"F"
1,0,0,1,".CX","","","","HR/L9D","T",0,4,0,0,0,"F"
1,0,0,0,"X","","","","8/F8XD","T",1,0,0,0,0,"F"
1,1,2,2,"BFCFFBX","","","","7/F7D","T",1,0,0,0,0,"F"
1,2,3,2,"CFBBBFFB","","","","W","T",0,1,0,0,0,"F"
1,2,1,2,"FSFFBS","meada001","","","K","T",1,0,1,0,0,"F"
0,0,1,0,".BX","","","","7/F78","T",1,0,0,0,0,"F"
0,1,0,1,"CX","","","","S9/L89D","T",0,1,0,0,0,"F"
0,1,0,0,"X","dalbb001","","","8/F8S","T",1,0,1,0,0,"F"
0,2,1,2,"BFFX","dalbb001","","","54(1)/FO/G56S.B-1","T",1,1,0,0,0,"F"
1,0,2,2,".BFCBS","","","","K","T",1,0,0,0,0,"F"
1,1,3,2,"CFFFBBBB","","","","W","T",0,1,0,0,0,"F"
1,1,3,1,"CBB*BB","choij001","","","W.1-2","T",0,1,2,0,0,"F"
1,1,3,1,"*BBBCX","kierk001","choij001","","S8/G6+.2-H;1-3","T",0,1,3,4,0,"F"
1,1,2,0,"BBX","tsuty001","","kierk001","HR/L7LD.3-H;1-H","T",0,4,4,0,4,"F"
1,1,3,2,".BBBCFX","","","","5/P5D","T",1,0,0,0,0,"F"
1,2,0,0,"X","","","","31/G3","T",1,0,0,0,0,"F"
0,0,3,2,".CCBBBFX","","","","S7/L78D","T",0,1,0,0,0,"F"
0,0,3,2,"BBFCBX","verda001","","","S8/F89.1-2","T",0,1,2,0,0,"F"
0,0,3,2,"BBCBCFX","dever001","verda001","","64(1)/FO/G6.2-3;B-1","T",1,1,0,3,0,"F"
0,1,1,1,"CBX","bogax001","","verda001","54(1)3/GDP/G6","T",2,0,0,0,3,"F"
1,0,1,2,"..CBSC","","","","K","T",1,0,0,0,0,"F"
1,1,0,1,"CX","","","","D9/L9LD+","T",0,2,0,0,0,"F"
1,1,2,2,"FCBBB","","wendj002","","WP.2-3","F",0,0,0,3,0,"F"
1,1,3,2,"FCBBB.B","","","wendj002","W","T",0,1,0,0,3,"F"
1,1,2,1,"BBFX","loweb001","","wendj002","D8/L89+.3-H;1-3","T",0,2,3,0,4,"F"
1,1,1,0,"BX","","choij001","loweb001","43/G4D+.3-H;2-3","T",1,0,0,3,4,"F"
1,2,1,2,"CFBS","","","choij001","K","T",1,0,0,0,3,"F"
0,0,1,1,".BFX","","","","7/L78","T",1,0,0,0,0,"F"
0,1,2,1,"FBBX","","","","D7/G5+","T",0,2,0,0,0,"F"
0,1,0,1,"SX","","bradj001","","D9/F9L.2-H","T",0,2,0,4,0,"F"
0,1,3,2,"T*BBCBX","","dalbb001","","S9/G4+.2-3","T",0,1,0,3,0,"F"
0,1,0,2,"SFC","chavm001","","dalbb001","K","T",1,0,1,0,3,"F"
0,2,2,2,"CFBBX","chavm001","","dalbb001","43/G34","T",1,0,1,0,3,"F"
0,0,0,1,"FX","","","","S4/G4","T",0,1,0,0,0,"T"
0,0,0,2,"SC1*S","verda001","","","K","T",1,0,1,0,0,"F"
0,1,1,2,"C*B1SFF>*B","verda001","","","SB2","F",0,0,2,0,0,"F"
0,1,3,2,"C*B1SFF>*B.BX","","verda001","","43/G4+.2-3","T",1,0,0,3,0,"F"
0,2,0,2,"SCT","","","verda001","K","T",1,0,0,0,3,"F"
1,0,3,2,"BSFBBX","","","","HR/F9LD","T",0,4,0,0,0,"F"
1,0,2,0,"BBX","","","","3/G3","T",1,0,0,0,0,"F"
1,1,0,0,"X","","","","43/G4","T",1,0,0,0,0,"F"
1,2,0,0,"X","","","","D7/L7LD","T",0,2,0,0,0,"F"
1,2,1,2,"CBSFH","","choij001","","HP","T",0,1,0,2,0,"F"
1,2,1,2,"CCBS","wendj002","choij001","","K","T",1,0,1,2,0,"F"
0,0,1,0,"BX","","","","6/P56D","T",1,0,0,0,0,"F"
0,1,0,0,"X","","","","5/P56","T",1,0,0,0,0,"F"
0,2,0,2,"SFF*S","","","","K.BX1(23)","T",1,0,0,0,0,"F"
1,0,0,0,"X","","","","3/G3D+","T",1,0,0,0,0,"F"
1,1,0,1,"CX","","","","S8/L89D+","T",0,1,0,0,0,"F"
1,1,0,1,"11C>S","margm001","","","CS2(26)","F",1,0,0,0,0,"F"
1,2,0,2,"11C>S.FF*S","","","","K.BX1(23)","T",1,0,0,0,0,"F"
0,0,1,0,"BX","","","","HR/L8XD","T",0,4,0,0,0,"F"
0,0,0,0,"X","","","","8/L8XD+","T",1,0,0,0,0,"F"
0,1,0,1,"CX","","","","63/G6M+","T",1,0,0,0,0,"F"
0,2,1,0,"BX","","","","3/G3","T",1,0,0,0,0,"F"
1,0,1,2,"CFBT","","","","K","T",1,0,0,0,0,"F"
1,1,1,1,"BCX","","","","8/F78XD","T",1,0,0,0,0,"F"
1,2,2,2,"CSBBT","","","","K","T",1,0,0,0,0,"F"
0,0,3,2,"BBCCFFFBFB","","","","W","T",0,1,0,0,0,"F"
0,0,2,1,"CB*BX","bogax001","","","7/L7D","T",1,0,1,0,0,"F"
0,1,1,0,"B>C","bogax001","","","SB2","F",0,0,2,0,0,"F"
0,1,1,1,"B>C.>*B","","bogax001","","SB3","F",0,0,0,3,0,"F"
0,1,2,1,"B>C.>*B.X","","","bogax001","S8/L8XD+.3-H","T",0,1,0,0,4,"F"
0,1,2,0,"BBX","plawk001","","","6(1)/FO/G4D.B-1","T",1,1,0,0,0,"F"
0,2,1,0,"1B1>B","bradj001","","","SB2","F",0,0,2,0,0,"F"
0,2,2,2,"1B1>B.SCX","","bradj001","","8/F8D","T",1,0,0,2,0,"F"
1,0,3,2,".BBFBCB","","","","W","T",0,1,0,0,0,"F"
1,0,0,2,"FSS","choij001","","","K+WP.1-2","T",1,0,2,0,0,"F"
1,1,3,2,"SSBBBB","","choij001","","W","T",0,1,0,2,0,"F"
1,1,1,1,"CBX","adamw002","choij001","","S9/L9D.2-H;1-3","T",0,1,3,4,0,"F"
1,1,1,1,"CBX","lowen001","","adamw002","D8/L78XD.3-H;1-H","T",0,2,4,0,4,"F"
1,1,0,0,"X","","margm001","","3/G3.2-3","T",1,0,0,3,0,"F"
1,2,0,2,"CFT","","","margm001","K","T",1,0,0,0,3,"F"
0,0,1,2,"SCBS","","","","K+WP.B-1","T",0,1,0,0,0,"F"
0,0,0,2,"SFX","chavm001","","","8/F8XD","T",1,0,1,0,0,"F"
0,1,1,1,"1BC1>*B","chavm001","","","SB2","F",0,0,2,0,0,"F"
0,1,3,2,"1BC1>*B.CBFX","","chavm001","","5/P56D/DP.2X2(54)","T",2,0,0,0,0,"F"
1,0,2,1,"BSBX","","","","43/G4D","T",1,0,0,0,0,"F"
1,1,2,2,"CCBBC","","","","K","T",1,0,0,0,0,"F"
1,2,0,0,".X","","","","8/F78XD","T",1,0,0,0,0,"F"
0,0,0,2,".SSX","","","","S5/G56","T",0,1,0,0,0,"F"
0,0,0,1,"CB","dever001","","","WP.1-2","F",0,0,2,0,0,"F"
0,0,1,2,"CB.FFX","","dever001","","53/G56","T",1,0,0,2,0,"F"
0,1,3,2,"F*BFFB*B*S","","dever001","","K","T",1,0,0,2,0,"F"
0,2,0,0,"X","","dever001","","8/F8","T",1,0,0,2,0,"F"
1,0,2,2,"CBCBX","","","","S8/L8D","T",0,1,0,0,0,"F"
1,0,0,1,"1S.X","wendj002","","","7/F7D","T",1,0,1,0,0,"F"
1,1,3,2,"B1FBBC1>S","wendj002","","","K+SB2","T",1,0,2,0,0,"F"
1,2,1,2,"FSBB","","wendj002","","WP.2-3","F",0,0,0,3,0,"F"
1,2,2,2,"FSBB.S","","","wendj002","K","T",1,0,0,0,3,"F"
0,0,1,1,"FBX","","","","S8/L8D","T",0,1,0,0,0,"F"
0,0,0,2,"SFS","bradj001","","","K","T",1,0,1,0,0,"F"
0,1,1,1,"B>F11>C","bradj001","","","SB2","F",0,0,2,0,0,"F"
0,1,3,2,"B>F11>C.*BFBC","","bradj001","","K","T",1,0,0,2,0,"F"
0,2,0,1,"SX","","bradj001","","HR/F7LD.2-H","T",0,4,0,4,0,"F"
0,2,0,0,"X","","","","3/G3","T",1,0,0,0,0,"F"
1,0,1,2,".CBFX","","","","63/G4MD+","T",1,0,0,0,0,"F"
1,1,2,2,"BBFFS","","","","K","T",1,0,0,0,0,"F"
1,2,1,1,"BFX","","","","HR/F89XD","T",0,4,0,0,0,"F"
1,2,3,2,"CBCBFBS","","","","K","T",1,0,0,0,0,"F"
0,0,0,2,".FSS","","","","K","T",1,0,0,0,0,"F"
0,1,2,2,"BSSBFX","","","","7/F78XD","T",1,0,0,0,0,"F"
0,2,0,0,"X","","","","8/F8XD","T",1,0,0,0,0,"F"
1,0,2,2,".CCBBX","","","","5/P5DF/FL","T",1,0,0,0,0,"F"
1,1,1,2,"CBTS","","","","K","T",1,0,0,0,0,"F"
1,2,2,2,"CBBSS","","","","K","T",1,0,0,0,0,"F"
0,0,3,2,"..BCFBBS","","","","K","T",1,0,0,0,0,"F"
0,1,0,2,"CSC","","","","K","T",1,0,0,0,0,"F"
0,2,0,0,"X","","","","DGR/L7LD","T",0,2,0,0,0,"F"
0,2,0,0,"X","","munoy001","","53/G56","T",1,0,0,2,0,"F"
0,0,1,0,"BX","","","","D9/G3","T",0,2,0,0,0,"T"
0,0,1,2,"CBFX","","munoy001","","HR/F78XD.2-H","T",0,4,0,4,0,"F"
0,0,0,2,"FFFX","","","","63/G4","T",1,0,0,0,0,"F"
0,1,1,0,"BX","","","","31/G34D+","T",1,0,0,0,0,"F"
0,2,1,2,"BSFS","","","","K","T",1,0,0,0,0,"F"
1,0,1,1,"CBX","","","","1E3/BG34S-.B-1","T",0,1,0,0,0,"F"
1,0,2,1,"B1BFX","margm001","","","64(1)3/GDP/G6","T",2,0,0,0,0,"F"
1,2,3,2,"CBBCBX","","","","S6/G4M","T",0,1,0,0,0,"F"
1,2,3,2,"BC1BSB>X","wendj002","","","D9/L9LD.1-H","T",0,2,4,0,0,"F"
1,2,1,1,"CBX","","brosm001","","4/P4MD","T",1,0,0,2,0,"F"
0,0,3,2,"CBBFFFBFS","","","","K","T",1,0,0,0,0,"F"
0,1,3,2,"BSBBSFX","","","","9/F9LF/FL","T",1,0,0,0,0,"F"
0,2,2,2,"BBSF*S","","","","K","T",1,0,0,0,0,"F"
1,0,3,2,"BBCCBS","","","","K","T",1,0,0,0,0,"F"
1,1,0,2,"FSX","","","","S5/G5S","T",0,1,0,0,0,"F"
1,1,0,0,"X","adamw002","","","46(1)/FO/G34D.B-1","T",1,1,0,0,0,"F"
1,2,3,0,"BBBB","tsuty001","","","W.1-2","T",0,1,2,0,0,"F"
1,2,1,2,"CBFX","smitk002","tsuty001","","5(2)/FO/G56.B-1","T",1,1,1,0,0,"F"
0,0,2,0,"BBX","","","","8/F8S","T",1,0,0,0,0,"F"
0,1,1,2,"CCBX","","","","63/G6MD","T",1,0,0,0,0,"F"
0,2,3,2,"FBBBFFFX","","","","43/G4+","T",1,0,0,0,0,"F"
1,0,2,1,"CBBX","","","","S8/L8XD+","T",0,1,0,0,0,"F"
1,0,1,1,"CBX","arozr001","","","6/L6D","T",1,0,1,0,0,"F"
1,1,2,1,"B1CBX","arozr001","","","E7/F78S.1-2;B-1","T",0,1,2,0,0,"F"
1,1,1,2,"CBSS","brosm001","arozr001","","K","T",1,0,1,2,0,"F"
1,2,0,2,"CFS","brosm001","arozr001","","K","T",1,0,1,2,0,"F"
0,0,0,2,"FTX","","","","S8/G6M","T",0,1,0,0,0,"F"
0,0,0,2,"CFFX","dever001","","","S6/G56.1-2","T",0,1,2,0,0,"F"
0,0,1,0,"BX","martj006","dever001","","7/F7LD","T",1,0,1,2,0,"F"
0,1,0,2,"CF*S","martj006","dever001","","K","T",1,0,1,2,0,"F"
0,2,0,1,"CX","martj006","dever001","","S6/G6+.2-3;1-2","T",0,1,2,3,0,"F"
0,2,2,2,"BSFBX","chavm001","martj006","dever001","8/F8XD","T",1,0,1,2,3,"F"
1,0,1,2,"CFBFX","","","","6E3/G6D.B-1","T",0,1,0,0,0,"F"
1,0,0,1,"CX","adamw002","","","8/L8XD+","T",1,0,1,0,0,"F"
1,1,0,0,"X","adamw002","","","HR/F78XD.1-H(UR)","T",0,4,5,0,0,"F"
1,1,0,0,"X","","","","4/P8S","T",1,0,0,0,0,"F"
1,2,3,2,"BBCCFFFBS","","","","K","T",1,0,0,0,0,"F"
0,0,1,1,"LBX","","","","7/F78","T",1,0,0,0,0,"F"
0,1,0,2,"FFX","","","","S8/L8XD","T",0,1,0,0,0,"F"
0,1,1,0,".B>B","munoy001","","","SB2","F",0,0,2,0,0,"F"
0,1,3,0,".B>B.BB","","munoy001","","W","T",0,1,0,2,0,"F"
0,1,1,1,"BFX","vazqc001","munoy001","","D9/L9LD+.2-H;1-3","T",0,2,3,4,0,"F"
0,1,0,2,"CSFX","","dever001","vazqc001","563/G56.3-H","T",1,0,0,2,4,"F"
0,2,0,1,"CH","","dever001","","HP","T",0,1,0,2,0,"F"
0,2,0,1,"TX","bradj001","dever001","","54(1)/FO/G56.B-1","T",1,1,0,2,0,"F"
1,0,0,1,"CX","","","","43/G4","T",1,0,0,0,0,"F"
1,1,2,2,"BCCBC","","","","K","T",1,0,0,0,0,"F"
1,2,3,2,"BBCBSB","","","","W","T",0,1,0,0,0,"F"
1,2,0,2,"CCC","renfh001","","","K","T",1,0,1,0,0,"F"
0,0,3,2,".BBCFBFB","","","","W","T",0,1,0,0,0,"F"
0,0,3,1,"BBBCX","chavm001","","","HR/L89XD.1-H","T",0,4,4,0,0,"F"
0,0,2,1,"BCBX","","","","53/G56","T",1,0,0,0,0,"F"
0,1,0,1,"CX","","","","7/F78XD","T",1,0,0,0,0,"F"
0,2,0,1,"CX","","","","9/F9D","T",1,0,0,0,0,"F"
1,0,3,1,".BBCBX","","","","3/P3DF/FL","T",1,0,0,0,0,"F"
1,1,3,2,"CBBCBX","","","","D7/L7LD","T",0,2,0,0,0,"F"
1,1,0,2,"CFX","","tsuty001","","43/G34.2-3","T",1,0,0,3,0,"F"
1,2,2,1,"BBFX","","","tsuty001","9/F9LD","T",1,0,0,0,3,"F"
0,0,2,2,".FFBBX","","","","S8/G4M+","T",0,1,0,0,0,"F"
0,0,0,1,"C1X","dever001","","","54(1)3/GDP/G56","T",2,0,0,0,0,"F"
0,2,2,2,"CBSBX","","","","S7/G6","T",0,1,0,0,0,"F"
0,2,0,1,"11FX","bradj001","","","S7/L7+.1-2","T",0,1,2,0,0,"F"
0,2,1,2,"FFFF*BX","dalbb001","bradj001","","64(1)/FO/G6D.B-1","T",1,1,0,2,0,"F"
1,0,2,2,"..BFCBFC","","","","K","T",1,0,0,0,0,"F"
1,1,0,1,"CX","","","","13/G1S+","T",1,0,0,0,0,"F"
1,2,0,1,"CX","","","","S8/G6","T",0,1,0,0,0,"F"
1,2,3,2,"BCBCB>B","brosm001","","","W.1-2","T",0,1,2,0,0,"F"
1,2,2,2,".SFBBS","renfh001","brosm001","","K","T",1,0,1,2,0,"F"
0,0,0,2,".FSS","","","","K","T",1,0,0,0,0,"F"
0,1,2,1,"BBSX","","","","43/G34","T",1,0,0,0,0,"F"
0,2,1,1,"SBX","","","","53/G56","T",1,0,0,0,0,"F"
1,0,0,1,"FX","","","","8/F8XD","T",1,0,0,0,0,"F"
1,1,1,2,"CSFBT","","","","K","T",1,0,0,0,0,"F"
1,2,0,2,"SSFS","","","","K","T",1,0,0,0,0,"F"
0,0,2,2,"BSBFS","","","","K","T",1,0,0,0,0,"F"
0,1,0,0,"X","","","","8/L8D","T",1,0,0,0,0,"F"
0,2,1,0,"BX","","","","8/L89XD","T",1,0,0,0,0,"F"
1,0,2,2,".CBFBFX","","","","S9/L9D","T",0,1,0,0,0,"F"
1,0,0,1,"FX","margm001","","","46(1)/FO/G34D.B-1","T",1,1,0,0,0,"F"
1,1,3,2,"FS*BFBBFFC","meada001","","","K","T",1,0,1,0,0,"F"
1,2,0,2,"CCS","meada001","","","K","T",1,0,1,0,0,"F"
0,0,0,2,"SSX","","","","7/L7L","T",1,0,0,0,0,"T"
0,1,0,2,"CFX","","","","43/G4D+","T",1,0,0,0,0,"F"
0,2,3,2,"CSBBBS","","","","K","T",1,0,0,0,0,"F"
1,0,3,2,"SBSFBBX","","","","8/F8","T",1,0,0,0,0,"F"
1,1,1,2,"FCBS","","","","K","T",1,0,0,0,0,"F"
1,2,2,2,"BBSCX","","","","S7/L7","T",0,1,0,0,0,"F"
1,2,1,2,"CCB>*B","brosm001","","","SB2","F",0,0,2,0,0,"F"
1,2,2,2,"CCB>*B.X","","brosm001","","6/P56S","T",1,0,0,2,0,"F"
0,0,3,2,"FBFBBX","","","","9/L9D","T",1,0,0,0,0,"F"
0,1,3,1,"BBBFB","","","","W","T",0,1,0,0,0,"F"
0,1,2,2,".CBFBFS","suzuk001","","","K","T",1,0,1,0,0,"F"
0,2,3,1,"CBB*BX","suzuk001","","","S7/G56+.1-2","T",0,1,2,0,0,"F"
0,2,1,2,"SBSS","kiebc001","suzuk001","","K","T",1,0,1,2,0,"F"
1,0,1,0,"BX","","","","9/F9D","T",1,0,0,0,0,"F"
1,1,0,0,"X","","","","HR/F9D","T",0,4,0,0,0,"F"
1,1,3,2,"BBBCCC","","","","K","T",1,0,0,0,0,"F"
1,2,3,2,"BFBBSX","","","","S8/L8D+","T",0,1,0,0,0,"F"
1,2,0,0,"11","kierk001","","","BK.1-2","F",0,0,2,0,0,"F"
1,2,3,1,"11.*BBBCX","","kierk001","","S7/L78.2-H","T",0,1,0,4,0,"F"
1,2,1,2,"BTS>S","smitk002","","","K","T",1,0,1,0,0,"F"
0,0,3,2,"BSBSBS","","","","K","T",1,0,0,0,0,"F"
0,1,1,0,"BX","","","","7/F7D","T",1,0,0,0,0,"F"
0,2,0,1,"FX","","","","3/P3D","T",1,0,0,0,0,"F"
1,0,0,2,"CSS","","","","K","T",1,0,0,0,0,"F"
1,1,3,2,"BFSBBFX","","","","9/L9D","T",1,0,0,0,0,"F"
1,2,2,2,"FBBFX","","","","6/P5D","T",1,0,0,0,0,"F"
0,0,3,1,"BCBBX","","","","7/F7L","T",1,0,0,0,0,"F"
0,1,2,2,"BBCFC","","","","K","T",1,0,0,0,0,"F"
0,2,2,2,"BBCFFFH","","","","HP","T",0,1,0,0,0,"F"
0,2,3,2,"B1CBTB>X","suzuk001","","","8/F8D","T",1,0,1,0,0,"F"
1,0,0,1,"..CX","","","","53/G5+","T",1,0,0,0,0,"F"
1,1,2,2,"BBCSX","","","","S7/G56","T",0,1,0,0,0,"F"
1,1,1,0,"B1>S","lowen001","","","SB2","F",0,0,2,0,0,"F"
1,1,1,2,"B1>S.SX","","lowen001","","5E3/G5.B-1","T",0,1,0,2,0,"F"
1,1,2,0,"*BBX","adamw002","lowen001","","36(1)/FO/G34.2-3;B-1","T",1,1,0,3,0,"F"
1,2,1,0,"B1>C","kierk001","","lowen001","SB2","F",0,0,2,0,3,"F"
1,2,3,2,"B1>C.FBBX","","kierk001","lowen001","53/G56","T",1,0,0,2,3,"F"
0,0,2,2,"FBBFFX","","","","S7/L7D","T",0,1,0,0,0,"F"
0,0,0,0,"X","kiebc001","","","S9/G34.1-2","T",0,1,2,0,0,"F"
0,0,0,0,"X","garcl006","kiebc001","","13/SH/BG2.2-3;1-2","T",1,0,2,3,0,"F"
0,1,1,0,"BX","","garcl006","kiebc001","53/G56S-","T",1,0,0,2,3,"F"
0,2,2,2,"BCC*BX","","garcl006","kiebc001","3/P3D","T",1,0,0,2,3,"F"
1,0,0,0,"X","","","","S8/L78D","T",0,1,0,0,0,"F"
1,0,1,2,"BCS>*B","meada001","","","SB2","F",0,0,2,0,0,"F"
1,0,2,2,"BCS>*B.X","","meada001","","6/L5","T",1,0,0,2,0,"F"
1,1,0,0,"H","","meada001","","HP","T",0,1,0,2,0,"F"
1,1,3,2,"BTBSBB","brosm001","meada001","","W.2-3;1-2","T",0,1,2,3,0,"F"
1,1,1,2,"FCBFX","tsuty001","brosm001","meada001","S4/G34.3-H;2-3;1-2","T",0,1,2,3,4,"F"
1,1,3,1,".BBC*BB","margm001","tsuty001","brosm001","W.3-H;2-3;1-2","T",0,1,2,3,4,"F"
1,1,3,2,"CBBBSFFFS","lowen001","margm001","tsuty001","K","T",1,0,1,2,3,"F"
1,2,1,0,"BX","lowen001","margm001","tsuty001","S7/L7+.3-H;2-H;1-2","T",0,1,2,4,4,"F"
1,2,1,2,"BCSS","kierk001","lowen001","","K","T",1,0,1,2,0,"F"
0,0,1,0,"BX","","","","D8/L8XD+","T",0,2,0,0,0,"F"
0,0,0,1,"CX","","sotoj001","","63/G6.2-3","T",1,0,0,3,0,"F"
0,1,0,0,"X","","","sotoj001","53/G5.3-H","T",1,0,0,0,4,"F"
0,2,3,2,"CCBBFBFFC","","","","K","T",1,0,0,0,0,"F"
1,0,1,2,"CFBC","","","","K","T",1,0,0,0,0,"F"
1,1,0,0,"X","","","","S7/G56+","T",0,1,0,0,0,"F"
1,1,1,0,".BX","loweb001","","","S8/G6M.1-2","T",0,1,2,0,0,"F"
1,1,0,0,"X","brosm001","loweb001","","6(1)3/GDP/G6M","T",2,0,0,2,0,"F"
0,0,2,2,"BFSBX","","","","6/L6D+","T",1,0,0,0,0,"F"
0,1,2,0,"BBX","","","","S3/G34","T",0,1,0,0,0,"F"
0,1,0,0,"X","garcl006","","","6/P56D/DP.1X1(63)","T",2,0,0,0,0,"F"
1,0,3,1,"BBCBX","","","","S8/L8D","T",0,1,0,0,0,"F"
1,0,1,1,"1>F1B1>C","margm001","","","SB2","F",0,0,2,0,0,"F"
1,0,2,2,"1>F1B1>C.FBC","","margm001","","K","T",1,0,0,2,0,"F"
1,1,0,2,"CCX","","margm001","","7/L78D+","T",1,0,0,2,0,"F"
1,2,3,0,"BBBV","","margm001","","IW","T",0,1,0,2,0,"F"
1,2,1,0,"BX","kierk001","margm001","","53/G56","T",1,0,1,2,0,"F"
0,0,0,0,".X","","","","63/G6","T",1,0,0,0,0,"F"
0,1,1,2,"CFFFBX","","","","8/F8D","T",1,0,0,0,0,"F"
0,2,2,1,"BBFX","","","","43/G4","T",1,0,0,0,0,"F"
1,0,1,1,".FBX","","","","8/F8D","T",1,0,0,0,0,"F"
1,1,1,2,"CCBX","","","","43/G4","T",1,0,0,0,0,"F"
1,2,2,0,"BBX","","","","7/F78S","T",1,0,0,0,0,"F"
0,0,1,1,".FBX","","","","43/G4M","T",1,0,0,0,0,"F"
0,1,0,0,"X","","","","S8/G4M","T",0,1,0,0,0,"F"
0,1,2,1,".BBCX","suzuk001","","","S8/L8D+.1-2","T",0,1,2,0,0,"F"
0,1,3,1,"FB*BBB","nollj001","suzuk001","","W.2-3;1-2","T",0,1,2,3,0,"F"
0,1,0,2,".FFS","kiebc001","nollj001","suzuk001","K","T",1,0,1,2,3,"F"
0,2,1,2,".SFB*S","kiebc001","nollj001","suzuk001","K","T",1,0,1,2,3,"F"
0,0,1,2,"BFTFFC","","","","K","T",1,0,0,0,0,"T"
0,1,0,1,"SX","","","","31/G34","T",1,0,0,0,0,"F"
0,2,3,2,"BBBCFFX","","","","S8/G6M+","T",0,1,0,0,0,"F"
0,2,2,2,"1F1BBSC","turnt001","","","K","T",1,0,1,0,0,"F"
1,0,2,2,"FFBBX","","","","6/P56D","T",1,0,0,0,0,"F"
1,1,1,0,"BX","","","","7/F78XD","T",1,0,0,0,0,"F"
1,2,2,2,"BCBFH","","","","HP","T",0,1,0,0,0,"F"
1,2,0,2,"C11SX","arozr001","","","D9/L9LD.1-H","T",0,2,4,0,0,"F"
1,2,0,2,"FCS","","lowen001","","K","T",1,0,0,2,0,"F"
0,0,2,1,".BCBX","","","","43/G34","T",1,0,0,0,0,"F"
0,1,1,1,"BFX","","","","S8/L89XD+","T",0,1,0,0,0,"F"
0,1,2,2,"CBBFX","gomey001","","","S7/G6.1-2","T",0,1,2,0,0,"F"
0,1,0,0,".X","kiebc001","gomey001","","3/G3.2-3;1-2","T",1,0,2,3,0,"F"
0,2,3,2,"SBBFFFFBB","","kiebc001","gomey001","W","T",0,1,0,2,3,"F"
0,2,1,2,"LSBX","roblv001","kiebc001","gomey001","5(2)/FO/G5.B-1","T",1,1,1,0,3,"F"
1,0,2,2,"BFTBX","","","","S9/L9L","T",0,1,0,0,0,"F"
1,0,1,2,"C1FB1S","wendj002","","","K","T",1,0,1,0,0,"F"
1,1,3,2,"B1BFSB>X","wendj002","","","43/G34.1-2","T",1,0,2,0,0,"F"
1,2,1,0,"BX","","wendj002","","7/L78D","T",1,0,0,2,0,"F"
0,0,0,1,"CX","","","","43/G34D","T",1,0,0,0,0,"F"
0,1,1,1,"BCX","","","","S54/G6","T",0,1,0,0,0,"F"
0,1,0,0,"X","turnt001","","","3/G3S.1-2","T",1,0,2,0,0,"F"
0,2,1,0,"BX","","turnt001","","13/G6MS","T",1,0,0,2,0,"F"
1,0,2,2,"CBFFBS","","","","K","T",1,0,0,0,0,"F"
1,1,3,2,"CCBBBB","","","","W","T",0,1,0,0,0,"F"
1,1,3,2,"SB1BFB>F>T","loweb001","","","K+SB2","T",1,0,2,0,0,"F"
1,2,3,0,"VVVV","","loweb001","","IW","T",0,1,0,2,0,"F"
1,2,2,2,"CBBSFFS","lowen001","loweb001","","K","T",1,0,1,2,0,"F"
0,0,1,2,"CBFX","","","","53/G6","T",1,0,0,0,0,"F"
0,1,2,2,"CBFBFFT","","","","K","T",1,0,0,0,0,"F"
0,2,1,2,"CBSS","","","","K","T",1,0,0,0,0,"F"
1,0,2,1,".FBBX","","","","9/F9D","T",1,0,0,0,0,"F"
1,1,0,0,"X","","","","4/P9LS","T",1,0,0,0,0,"F"
1,2,0,1,"CX","","","","T8/L78XD+","T",0,3,0,0,0,"F"
1,2,1,2,"SBSX","","","kierk001","9/F89D","T",1,0,0,0,3,"F"
0,0,3,2,"CBSBBFX","","","","53/G56","T",1,0,0,0,0,"F"
0,1,3,2,"BBFSFBFX","","","","63/G6S","T",1,0,0,0,0,"F"
0,2,0,1,"FX","","","","63/G4MS","T",1,0,0,0,0,"F"
1,0,1,2,"SFFBX","","","","9/F9D","T",1,0,0,0,0,"F"
1,1,3,1,"BBFBX","","","","D9/L9LD+","T",0,2,0,0,0,"F"
1,1,1,2,"CSFBS","","loweb001","","K","T",1,0,0,2,0,"F"
1,2,3,0,"VVVV","","loweb001","","IW","T",0,1,0,2,0,"F"
1,2,0,0,"X","lowen001","loweb001","","6/P6D","T",1,0,1,2,0,"F"
0,0,1,2,".CBFFX","","","","9/F89D","T",1,0,0,0,0,"F"
0,1,3,2,"BCBBFB","","","","W","T",0,1,0,0,0,"F"
0,1,0,0,"X","sotoj001","","","HR/F9LD.1-H","T",0,4,4,0,0,"F"
0,1,3,2,"SBFBBS","","","","K","T",1,0,0,0,0,"F"
0,2,2,2,"BFFBX","","","","8/F89","T",1,0,0,0,0,"F"
1,0,1,1,".BFX","","","","53/G4","T",1,0,0,0,0,"F"
1,1,3,2,"SSBBBT","","","","K","T",1,0,0,0,0,"F"
1,2,3,2,"BSCBBS","","","","K","T",1,0,0,0,0,"F"
0,0,2,2,".SBBCC","","","","K","T",1,0,0,0,0,"F"
0,1,1,2,"BFTFS","","","","K","T",1,0,0,0,0,"F"
0,2,0,0,"X","","","","8/L89XD","T",1,0,0,0,0,"F"
1,0,0,0,".X","","","","3/G3","T",1,0,0,0,0,"F"
1,1,2,0,"BBX","","","","S8/L8D+","T",0,1,0,0,0,"F"
1,1,1,0,"*BX","meada001","","","S9/L89D+.1-2","T",0,1,2,0,0,"F"
1,1,3,2,".CBCBBS","loweb001","meada001","","K","T",1,0,1,2,0,"F"
1,2,3,2,"BCCBFB>B","loweb001","meada001","","W.2-3;1-2","T",0,1,2,3,0,"F"
1,2,1,1,"C*BX","lowen001","loweb001","meada001","63/G6","T",1,0,1,2,3,"F"
0,0,0,2,"...FFFX","","","","S5/G5","T",0,1,0,0,0,"F"
0,0,0,0,"X","nollj001","","","54(1)3/GDP/G5","T",2,0,0,0,0,"F"
0,2,3,2,"CBBCBFFX","","","","43/G4","T",1,0,0,0,0,"F"
1,0,1,2,"..CFB*S","","","","K.BX1(23)","T",1,0,0,0,0,"F"
1,1,1,2,"FCFB*S","","","","K.BX1(23)","T",1,0,0,0,0,"F"
1,2,0,1,"CX","","","","5/P56","T",1,0,0,0,0,"F"
0,0,1,0,"BX","","","","8/F8","T",1,0,0,0,0,"F"
0,1,1,0,"BX","","","","9/L9LD","T",1,0,0,0,0,"F"
0,2,0,2,"CFFX","","","","43/G4D","T",1,0,0,0,0,"F"
1,0,1,2,"...CBST","","","","K","T",1,0,0,0,0,"F"
1,1,1,1,"FBX","","","","9/F89","T",1,0,0,0,0,"F"
1,2,2,2,"TBCFBX","","","","HR/F9LD","T",0,4,0,0,0,"F"
1,2,2,2,"BBCFS","","","","K","T",1,0,0,0,0,"F"
0,0,0,0,"....X","","","","HR/L9D.2-H(UR)","T",0,4,0,0,0,"F"
0,0,1,2,"CFBC","","","","K","T",1,0,0,0,0,"F"
0,1,0,2,"LSS","","","","K","T",1,0,0,0,0,"F"
0,2,0,2,"FSFS","","","","K","T",1,0,0,0,0,"F"
1,0,2,2,"..BSBCFFS","","","","K","T",1,0,0,0,0,"F"
1,1,1,2,"SSB*S","","","","K","T",1,0,0,0,0,"F"
1,2,3,2,"*BBCFB*S","","","","K.BX1(23)","T",1,0,0,0,0,"F"
0,0,0,0,"X","","","","S5/BG25","T",0,1,0,0,0,"T"
0,0,2,1,"BB1C>X","mullc002","","","43/G34.1-2","T",1,0,2,0,0,"F"
0,1,3,1,"BBBCB","","mullc002","","W","T",0,1,0,2,0,"F"
0,1,1,1,"*BFX","mounr001","mullc002","","54(1)3/GDP/G56","T",2,0,0,2,0,"F"
1,0,0,0,"X","","","","9/F9L","T",1,0,0,0,0,"F"
1,1,2,2,"CBBCH","","","","HP","T",0,1,0,0,0,"F"
1,1,3,1,"BBBCB","renfh001","","","W.1-2","T",0,1,2,0,0,"F"
1,1,1,1,"CBX","loweb001","renfh001","","9/F9L","T",1,0,1,2,0,"F"
1,2,1,0,"BX","loweb001","renfh001","","HR/L78XD+.2-H;1-H","T",0,4,4,4,0,"F"
1,2,3,2,"FFBBBFC","","","","K","T",1,0,0,0,0,"F"
0,0,2,2,"BSFBS","","","","K","T",1,0,0,0,0,"F"
0,1,0,1,"CX","","","","HR/L7LD","T",0,4,0,0,0,"F"
0,1,0,2,"SFFS","","","","K","T",1,0,0,0,0,"F"
0,2,0,0,"X","","","","53/G56S","T",1,0,0,0,0,"F"
1,0,1,1,"CBX","","","","7/L7D+","T",1,0,0,0,0,"F"
1,1,1,1,"BCX","","","","7/L78XD","T",1,0,0,0,0,"F"
1,2,2,1,"BBCX","","","","S8/G4M","T",0,1,0,0,0,"F"
1,2,1,2,"1BFCX","wendj002","","","64(1)/FO/G6.B-1","T",1,1,0,0,0,"F"
0,0,0,1,"CX","","","","8/F89","T",1,0,0,0,0,"F"
0,1,2,2,"CBFBS","","","","K","T",1,0,0,0,0,"F"
0,2,3,2,"BCTBFBFB","","","","W","T",0,1,0,0,0,"F"
0,2,0,0,"X","stewd002","","","D98/L89.1-H","T",0,2,4,0,0,"F"
0,2,2,2,"BSFB*S","","mounr001","","K","T",1,0,0,2,0,"F"
1,0,0,0,"X","","","","HR/F7D","T",0,4,0,0,0,"F"
1,0,1,2,"SBCS","","","","K","T",1,0,0,0,0,"F"
1,1,1,2,"BCFFH","","","","HP","T",0,1,0,0,0,"F"
1,1,0,1,"CX","brosm001","","","54(1)3/GDP/G5","T",2,0,0,0,0,"F"
0,0,1,1,"SBX","","","","S9/L89","T",0,1,0,0,0,"F"
0,0,0,1,"LX","siscc001","","","7/L7LD","T",1,0,1,0,0,"F"
0,1,1,0,"BX","siscc001","","","HR/L9D.1-H","T",0,4,4,0,0,"F"
0,1,3,2,".CBCFFBBS","","","","K","T",1,0,0,0,0,"F"
0,2,2,0,"BBX","","","","S5/G25","T",0,1,0,0,0,"F"
0,2,0,0,"X","valap001","","","S7/G6S.1-2","T",0,1,2,0,0,"F"
0,2,0,1,"FX","mullc002","valap001","","D9/L9LD+.2-H;1-H","T",0,2,4,4,0,"F"
0,2,0,2,"CCC","","stewd002","","K","T",1,0,0,2,0,"F"
1,0,1,2,"BFCX","","","","S7/G56","T",0,1,0,0,0,"F"
1,0,3,1,".BFBBX","lowen001","","","4/P3","T",1,0,1,0,0,"F"
1,1,0,2,"CFFS","lowen001","","","K","T",1,0,1,0,0,"F"
1,2,1,2,"BFFX","lowen001","","","HR/L9D.1-H","T",0,4,4,0,0,"F"
1,2,3,2,"BFBFBFFX","","","","D7/L7L+","T",0,2,0,0,0,"F"
1,2,3,1,"BB*BCB","","arozr001","","W","T",0,1,0,2,0,"F"
1,2,1,0,".BX","renfh001","arozr001","","4/P34D","T",1,0,1,2,0,"F"
0,0,3,2,".BCFBBC","","","","K","T",1,0,0,0,0,"F"
0,1,2,2,"SFBBX","","","","S7/F7LS","T",0,1,0,0,0,"F"
0,1,2,2,"*BSFBFFT","siscc001","","","K","T",1,0,1,0,0,"F"
0,2,2,2,"CBTF*BX","siscc001","","","S6/G6.1-2","T",0,1,2,0,0,"F"
0,2,2,0,"BBX","ruizr002","siscc001","","5(2)/FO/G5+.B-1","T",1,1,1,0,0,"F"
1,0,3,2,"CBBFBB","","","","W","T",0,1,0,0,0,"F"
1,0,0,0,">S","brosm001","","","SB2","F",0,0,2,0,0,"F"
1,0,0,1,">S.X","","brosm001","","S5/G5.2-3(E5/TH)","T",0,1,0,3,0,"F"
1,0,0,2,"T1CX","adamw002","","brosm001","S8/L8.3-H;1-2","T",0,1,2,0,4,"F"
1,0,0,1,".LX","lowen001","adamw002","","S1/BG1S.2-3;1-2","T",0,1,2,3,0,"F"
1,0,0,1,"CX","margm001","lowen001","adamw002","S1/G25-.3-H;2-3;1-2","T",0,1,2,3,4,"F"
1,0,3,2,"FFB*BFFFBX","smitk002","margm001","lowen001","7/SF/F7D.3-H;2-3;1-2","T",1,0,2,3,4,"F"
1,1,0,1,"SX","","smitk002","margm001","7/SF/L7D.3-H","T",1,0,0,2,4,"F"
1,2,0,2,".CCS","","smitk002","","K","T",1,0,0,2,0,"F"
0,0,2,1,"..CBBX","","","","9/F9","T",1,0,0,0,0,"F"
0,1,1,0,"BX","","","","63/G6M+","T",1,0,0,0,0,"F"
0,2,1,2,"FFBS","","","","K","T",1,0,0,0,0,"F"
1,0,3,2,"SCBBBFC","","","","K","T",1,0,0,0,0,"F"
1,1,0,2,"CFT","","","","K","T",1,0,0,0,0,"F"
1,2,1,2,"BCSS","","","","K","T",1,0,0,0,0,"F"
0,0,0,0,"X","","","","4/P6D","T",1,0,0,0,0,"F"
0,1,2,1,"BCBX","","","","8/L89XD+","T",1,0,0,0,0,"F"
0,2,2,2,"FCFBBH","","","","HP","T",0,1,0,0,0,"F"
0,2,0,0,">*B","siscc001","","","DI.1-2","F",0,0,2,0,0,"F"
0,2,1,2,">*B.FSX","","siscc001","","E6/G6.2-3;B-1","T",0,1,0,3,0,"F"
0,2,0,1,"F>S","albeh001","","siscc001","DI.1-2","F",0,0,2,0,3,"F"
0,2,1,2,"F>S.BX","","albeh001","siscc001","43/G4D","T",1,0,0,2,3,"F"
0,0,1,2,"CCBFX","","","","9/F89","T",1,0,0,0,0,"T"
0,1,1,2,"CFBFS","","","","K","T",1,0,0,0,0,"F"
0,2,3,2,"CSBFBBB","","","","W","T",0,1,0,0,0,"F"
0,2,1,1,"BFX","harpb003","","","53/G56","T",1,0,1,0,0,"F"
1,0,0,2,"CCX","","","","43/G34","T",1,0,0,0,0,"F"
1,1,2,2,"BFCBC","","","","K","T",1,0,0,0,0,"F"
1,2,0,1,"CX","","","","63/G4MD","T",1,0,0,0,0,"F"
0,0,1,2,"CFBS","","","","K","T",1,0,0,0,0,"F"
0,1,0,2,"CC*S","","","","K","T",1,0,0,0,0,"F"
0,2,1,2,"CBSS","","","","K","T",1,0,0,0,0,"F"
1,0,2,1,"SBBX","","","","53/G5","T",1,0,0,0,0,"F"
1,1,0,0,"X","","","","S8/G4M","T",0,1,0,0,0,"F"
1,1,3,2,"1BB1CBF1B","kierk001","","","W.1-2","T",0,1,2,0,0,"F"
1,1,1,2,"S2BCFS","brosm001","kierk001","","K","T",1,0,1,2,0,"F"
1,2,2,2,"BFSBX","brosm001","kierk001","","S9/G34.2-H;1-2","T",0,1,2,4,0,"F"
1,2,0,0,"H","philb002","brosm001","","HP.2-3;1-2","T",0,1,2,3,0,"F"
1,2,0,0,"X","zunim001","philb002","brosm001","3/G3","T",1,0,1,2,3,"F"
0,0,2,2,"BFCBX","","","","31/G3","T",1,0,0,0,0,"F"
0,1,1,0,"BX","","","","S8/G6M+","T",0,1,0,0,0,"F"
0,1,2,2,"CCF1F*BF1B>X","kings001","","","53/G56.1-2","T",1,0,2,0,0,"F"
0,2,1,2,"FS*BB","","kings001","","WP.2-3","F",0,0,0,3,0,"F"
0,2,3,2,"FS*BB.F*BX","","","kings001","S9/F9LS.3-H","T",0,1,0,0,4,"F"
0,2,1,1,"FBX","bohma001","","","T9/G3+.1-H;B-H(E6/TH)(NR)(UR)","T",0,5,4,0,0,"F"
0,2,0,0,"X","","","","43/G6MD","T",1,0,0,0,0,"F"
1,0,3,2,"BFBBFX","","","","S8/G6M+","T",0,1,0,0,0,"F"
1,0,0,2,"C1TC","arozr001","","","K","T",1,0,1,0,0,"F"
1,1,2,2,"1FS1B*BF>S","arozr001","","","K+SB2.1-3(E2/TH)","T",1,0,3,0,0,"F"
1,2,1,0,"BX","","","arozr001","13/G6MS","T",1,0,0,0,3,"F"
0,0,1,1,"BSX","","","","S8/G4M+","T",0,1,0,0,0,"F"
0,0,3,2,"FFF*BBB>F>S","gregd001","","","K+CS2(26)/DP","T",2,0,0,0,0,"F"
0,2,1,2,"FFBFS","","","","K","T",1,0,0,0,0,"F"
1,0,1,2,"FCBFFX","","","","8/F89D","T",1,0,0,0,0,"F"
1,1,1,2,"FBSFFX","","","","2/P2F/FL","T",1,0,0,0,0,"F"
1,2,3,0,"BBBB","","","","W","T",0,1,0,0,0,"F"
1,2,3,2,"1BSBFF*B>F>F>S","philb002","","","K","T",1,0,1,0,0,"F"
0,0,1,2,"BCCS","","","","K","T",1,0,0,0,0,"F"
0,1,2,2,"BBSFX","","","","DGR/L8+","T",0,2,0,0,0,"F"
0,1,1,2,"CBSS","","kings001","","K","T",1,0,0,2,0,"F"
0,2,0,0,"X","","kings001","","S9/L9+.2-3","T",0,1,0,3,0,"F"
0,2,0,1,"FX","bohma001","","kings001","S9/L89XD+.3-H;1-3","T",0,1,3,0,4,"F"
0,2,2,1,"CBBX","harpb003","","bohma001","64(1)/FO/G6D.B-1","T",1,1,0,0,3,"F"
1,0,1,2,"CSBX","","","","S4/G4+","T",0,1,0,0,0,"F"
1,0,1,2,"CC*BFX","wendj002","","","D7/L7D+.1-3","T",0,2,3,0,0,"F"
1,0,2,2,"BCFBS","","arozr001","wendj002","K","T",1,0,0,2,3,"F"
1,1,1,1,"SBX","","arozr001","wendj002","S8/L89D.3-H;2-3","T",0,1,0,3,4,"F"
1,1,1,2,".CBSX","adamw002","","arozr001","46(1)/FO/G34.3-H;B-1","T",1,1,0,0,4,"F"
1,2,1,1,".1BC1X","kierk001","","","7/F7D","T",1,0,1,0,0,"F"
0,0,1,2,"..BSFX","","","","8/F8XD","T",1,0,0,0,0,"F"
0,1,1,0,"BX","","","","9/F9D","T",1,0,0,0,0,"F"
0,2,3,1,"BBFBB","","","","W","T",0,1,0,0,0,"F"
0,2,1,2,"BCSX","brucj001","","","63/G34","T",1,0,1,0,0,"F"
1,0,3,2,"CTBBBC","","","","K","T",1,0,0,0,0,"F"
1,1,2,2,"BFCBX","","","","HR/L8XD","T",0,4,0,0,0,"F"
1,1,1,2,"FBFS","","","","K","T",1,0,0,0,0,"F"
1,2,1,2,"CFBX","","","","53/G6","T",1,0,0,0,0,"F"
0,0,1,2,".BSCS","","","","K","T",1,0,0,0,0,"F"
0,1,2,2,"BSBSX","","","","8/F8XD","T",1,0,0,0,0,"F"
0,2,2,2,"BCBFC","","","","K","T",1,0,0,0,0,"F"
1,0,2,2,".BCSFBS","","","","K","T",1,0,0,0,0,"F"
1,1,1,2,"CSBS","","","","K","T",1,0,0,0,0,"F"
1,2,1,2,"CBFS","","","","K","T",1,0,0,0,0,"F"
0,0,0,0,".X","","","","31/G34","T",1,0,0,0,0,"F"
0,1,1,1,"CBX","","","","8/F89XD+","T",1,0,0,0,0,"F"
0,2,3,2,"BFFBFB*B","","","","W","T",0,1,0,0,0,"F"
0,2,3,1,"BBCBX","gregd001","","","4/P3D","T",1,0,1,0,0,"F"
1,0,2,2,"..BBCLX","","","","7/L7D","T",1,0,0,0,0,"F"
1,1,1,0,"BX","","","","S8/G6M+","T",0,1,0,0,0,"F"
1,1,3,2,"CB*BCBB","tsuty001","","","W.1-2","T",0,1,2,0,0,"F"
1,1,3,2,"BSFBBB","renfh001","tsuty001","","W.2-3;1-2","T",0,1,2,3,0,"F"
1,1,1,2,"..CFBX","philb002","renfh001","tsuty001","6/P56D","T",1,0,1,2,3,"F"
1,2,1,0,"BX","philb002","renfh001","tsuty001","S9/L9L.3-H;2-H;1-3","T",0,1,3,4,4,"F"
1,2,2,2,"BBSS>S","wendj002","","philb002","K","T",1,0,1,0,3,"F"
0,0,1,2,".....SBFC","","","","K","T",1,0,0,0,0,"F"
0,1,1,2,"BFFS","","","","K","T",1,0,0,0,0,"F"
0,2,1,2,"CFBS","","","","K","T",1,0,0,0,0,"F"
0,0,0,0,"X","","","","S9/G4","T",0,1,0,0,0,"T"
0,0,0,1,"C1X","mccua001","","","S9/G4.1-2","T",0,1,2,0,0,"F"
0,0,1,1,"BTX","bohma001","mccua001","","8/F8D","T",1,0,1,2,0,"F"
0,1,3,2,"BBCBFX","bohma001","mccua001","","8/F8XD","T",1,0,1,2,0,"F"
0,2,2,0,"BBX","bohma001","mccua001","","S5/G56.2-H(E5/TH)(NR)(UR);1-2","T",0,1,2,5,0,"F"
0,2,0,0,".X","seguj002","bohma001","","5(2)/FO/G5.B-1","T",1,1,1,0,0,"F"
1,0,2,2,"BBSFX","","","","S9/L9","T",0,1,0,0,0,"F"
1,0,0,1,"SX","arozr001","","","46(1)/FO/G34.B-1","T",1,1,0,0,0,"F"
1,1,0,1,"CX","loweb001","","","64(1)3/GDP/G6","T",2,0,0,0,0,"F"
0,0,0,1,"CX","","","","3/P3F/FL","T",1,0,0,0,0,"F"
0,1,1,2,"SCBFS","","","","K","T",1,0,0,0,0,"F"
0,2,2,1,"BSBX","","","","3/L34","T",1,0,0,0,0,"F"
1,0,3,2,"BBFBFB","","","","W","T",0,1,0,0,0,"F"
1,0,0,1,"CX","tsuty001","","","64(1)3/GDP/G6","T",2,0,0,0,0,"F"
1,2,0,1,"FX","","","","13/G1","T",1,0,0,0,0,"F"
0,0,0,2,"FCX","","","","DGR/L89XD","T",0,2,0,0,0,"F"
0,0,0,1,"CX","","mccua001","","13/G4MS","T",1,0,0,2,0,"F"
0,1,0,2,"CSS","","mccua001","","K","T",1,0,0,2,0,"F"
0,2,0,1,"CX","","mccua001","","S8/L89+.2XH(82)","T",1,1,0,0,0,"F"
1,0,1,2,"BFFX","","","","53/G56","T",1,0,0,0,0,"F"
1,1,2,2,"CBSBS","","","","K","T",1,0,0,0,0,"F"
1,2,2,2,"BFFBS","","","","K","T",1,0,0,0,0,"F"
0,0,0,0,"X","","","","S5/BG25","T",0,1,0,0,0,"F"
0,0,1,2,"BFSX","seguj002","","","4/P4D","T",1,0,1,0,0,"F"
0,1,1,2,"BFCS","seguj002","","","K","T",1,0,1,0,0,"F"
0,2,1,2,"1BCSS","seguj002","","","K","T",1,0,1,0,0,"F"
1,0,2,2,"FSBBC","","","","K","T",1,0,0,0,0,"F"
1,1,3,2,"BBFBFF*B","","","","W","T",0,1,0,0,0,"F"
1,1,1,1,"FBX","loweb001","","","53/G5.1-2","T",1,0,2,0,0,"F"
1,2,0,1,"CX","","loweb001","","S7/G6.2-H","T",0,1,0,4,0,"F"
1,2,2,2,"BFFBC","tsuty001","","","K","T",1,0,1,0,0,"F"
0,0,1,0,".BX","","","","63/G6M","T",1,0,0,0,0,"F"
0,1,0,0,"X","","","","HR/F7D","T",0,4,0,0,0,"F"
0,1,0,2,"SFS","","","","K","T",1,0,0,0,0,"F"
0,2,3,2,"SBBBS*B","","","","W","T",0,1,0,0,0,"F"
0,2,0,2,"1SS1FS","harpb003","","","K","T",1,0,1,0,0,"F"
1,0,2,2,"BFSBS","","","","K","T",1,0,0,0,0,"F"
1,1,0,0,"X","","","","D7/L78XD+","T",0,2,0,0,0,"F"
1,1,3,2,"SBSBBS","","margm001","","K","T",1,0,0,2,0,"F"
1,2,1,2,"FCFBFFX","","margm001","","S7/L7L.2-H","T",0,1,0,4,0,"F"
1,2,2,0,"BBH","zunim001","","","HP.1-2","T",0,1,2,0,0,"F"
1,2,1,0,"BX","arozr001","zunim001","","S7/G6.2-H;1-2","T",0,1,2,4,0,"F"
1,2,2,0,"BBX","loweb001","arozr001","","S8/L8D.2-H;1-3;B-2","T",0,2,3,4,0,"F"
1,2,3,0,"VVVV","","adamw002","loweb001","IW","T",0,1,0,2,3,"F"
1,2,0,2,"FFS","tsuty001","adamw002","loweb001","K","T",1,0,1,2,3,"F"
0,0,0,2,".CSX","","","","43/G4MD","T",1,0,0,0,0,"F"
0,1,1,1,"CBX","","","","3/G3","T",1,0,0,0,0,"F"
0,2,1,0,".BX","","","","S8/G4M","T",0,1,0,0,0,"F"
0,2,1,0,"1BX","hasea001","","","E5/G6.1-2;B-1","T",0,1,2,0,0,"F"
0,2,2,2,"BBCSS","kings001","hasea001","","K","T",1,0,1,2,0,"F"
1,0,1,2,".CBFFX","","","","43/G4","T",1,0,0,0,0,"F"
1,1,1,2,"FBCX","","","","53/G5","T",1,0,0,0,0,"F"
1,2,1,1,"CBX","","","","43/G34","T",1,0,0,0,0,"F"
0,0,3,2,".SBBBFFFX","","","","S8/L8XD+","T",0,1,0,0,0,"F"
0,0,2,2,"BFBFX","mccua001","","","S8/G4+.1-2","T",0,1,2,0,0,"F"
0,0,3,2,"CBBCBX","bohma001","mccua001","","S9/G4+.2-H;1-2","T",0,1,2,4,0,"F"
0,0,2,2,"BSBSFX","harpb003","bohma001","","64(1)3/GDP/G6S.2-3","T",2,0,0,3,0,"F"
0,2,2,2,"C*SBBS","","","bohma001","K","T",1,0,0,0,3,"F"
1,0,0,0,"X","","","","S7/L7D+","T",0,1,0,0,0,"F"
1,0,1,2,"CSBS","zunim001","","","K","T",1,0,1,0,0,"F"
1,1,1,2,"BSFX","zunim001","","","46(1)/FO/G4S.B-1","T",1,1,0,0,0,"F"
1,2,2,2,"BFBSFX","loweb001","","","4/P4D","T",1,0,1,0,0,"F"
0,0,2,2,"BFSBX","","","","8/F89D","T",1,0,0,0,0,"F"
0,1,0,0,"X","","","","13/G3S-","T",1,0,0,0,0,"F"
0,2,1,0,"BX","","","","8/F89S","T",1,0,0,0,0,"F"
1,0,3,2,"CBBCB*B","","","","W","T",0,1,0,0,0,"F"
1,0,1,2,".SSBS","tsuty001","","","K","T",1,0,1,0,0,"F"
1,1,1,2,"CBFFC","tsuty001","","","K","T",1,0,1,0,0,"F"
1,2,3,2,"FBBSB>S","tsuty001","","","K","T",1,0,1,0,0,"F"
0,0,1,2,".FFBFX","","","","S8/L8D","T",0,1,0,0,0,"F"
0,0,1,1,"BCX","brucj001","","","54(1)3/GDP/G5","T",2,0,0,0,0,"F"
0,2,0,1,"FX","","","","4/L4D","T",1,0,0,0,0,"F"
0,0,3,2,"FBCBFBFC","","","","K","T",1,0,0,0,0,"T"
0,1,2,2,"CBSBX","","","","163/G6","T",1,0,0,0,0,"F"
0,2,0,0,"X","","","","S8/G4M","T",0,1,0,0,0,"F"
0,2,2,2,"BFBFS","harpb003","","","K","T",1,0,1,0,0,"F"
1,0,3,2,"BCBBSS","","","","K","T",1,0,0,0,0,"F"
1,1,3,2,"BCBSBFFFC","","","","K","T",1,0,0,0,0,"F"
1,2,1,1,"BCX","","","","53/G56","T",1,0,0,0,0,"F"
0,0,0,1,"FX","","","","63/G6","T",1,0,0,0,0,"F"
0,1,0,1,"CX","","","","53/G56","T",1,0,0,0,0,"F"
0,2,2,2,"CBBST","","","","K","T",1,0,0,0,0,"F"
1,0,0,0,"X","","","","S8/L8D","T",0,1,0,0,0,"F"
1,0,2,2,"CFB*BX","lowen001","","","46(1)/FO/G4.B-1","T",1,1,0,0,0,"F"
1,1,0,2,"1SS1X","wendj002","","","S9/L9.1-3","T",0,1,3,0,0,"F"
1,1,1,2,".*BCSFX","renfh001","","wendj002","S7/G56.3-H;1-2","T",0,1,2,0,4,"F"
1,1,1,2,"CS*BS","smitk002","renfh001","","K","T",1,0,1,2,0,"F"
1,2,0,1,"CX","smitk002","renfh001","","3/P3D","T",1,0,1,2,0,"F"
0,0,0,0,".....X","","","","S9/G34","T",0,1,0,0,0,"F"
0,0,0,0,"X","kings001","","","16(1)/FO/BG2-.B-1","T",1,1,0,0,0,"F"
0,1,3,2,"1B1CBC*BX","quinr003","","","54(1)3/GDP/G56","T",2,0,0,0,0,"F"
1,0,0,2,"FFS","","","","K","T",1,0,0,0,0,"F"
1,1,1,2,"BSSS","","","","K","T",1,0,0,0,0,"F"
1,2,3,1,"CBBBB","","","","W","T",0,1,0,0,0,"F"
1,2,1,1,"1C1BX","arozr001","","","S9/G34.1-3","T",0,1,3,0,0,"F"
1,2,2,2,"BCFFFBX","lowen001","","arozr001","S8/L8.3-H;1-2","T",0,1,2,0,4,"F"
1,2,1,2,"CFBX","wendj002","lowen001","","S7/L7LD.2-H;1-3","T",0,1,3,4,0,"F"
1,2,2,2,"BCCBX","renfh001","","wendj002","43/G4","T",1,0,1,0,3,"F"
0,0,3,1,"BBBCX","","","","63/G6","T",1,0,0,0,0,"F"
0,1,1,0,"BX","","","","S7/G56+","T",0,1,0,0,0,"F"
0,1,2,2,"BCFBX","harpb003","","","FC6/G56.1-2(E6);B-1","T",0,1,2,0,0,"F"
0,1,1,2,"BCCX","realj001","harpb003","","4/L4-","T",1,0,1,2,0,"F"
0,2,0,0,"X","realj001","harpb003","","S7/G6.2-3;1-2","T",0,1,2,3,0,"F"
0,2,3,2,"BFBBS>X","gregd001","realj001","harpb003","63/G6D+","T",1,0,1,2,3,"F"
1,0,1,2,"BFS*S","","","","K","T",1,0,0,0,0,"F"
1,1,3,1,"BBBCB","","","","W","T",0,1,0,0,0,"F"
1,1,3,2,"CFF.BB1BX","perem005","","","7/F7LS","T",1,0,1,0,0,"F"
1,2,3,2,"F*BCFFBB>B","perem005","","","W.1-2","T",0,1,2,0,0,"F"
1,2,0,2,".CC*S","loweb001","perem005","","K","T",1,0,1,2,0,"F"
0,0,1,2,"BFFX","","","","8/F8XD","T",1,0,0,0,0,"F"
0,1,3,2,".BFBTFBFX","","","","9/F9LSF/FL","T",1,0,0,0,0,"F"
0,2,0,0,"X","","","","8/F8XD+","T",1,0,0,0,0,"F"
1,0,3,2,"..BBBSCX","","","","43/G4","T",1,0,0,0,0,"F"
1,1,1,2,"BCS*S","","","","K","T",1,0,0,0,0,"F"
1,2,2,2,"BCBSS","","","","K","T",1,0,0,0,0,"F"
0,0,2,0,"BBX","","","","63/G6","T",1,0,0,0,0,"F"
0,1,3,2,"FBBBCS","","","","K","T",1,0,0,0,0,"F"
0,2,3,0,"BBBB","","","","W","T",0,1,0,0,0,"F"
0,2,2,2,"*B1FCBS","realj001","","","K","T",1,0,1,0,0,"F"
1,0,1,2,"FBSX","","","","D7/L7LD+","T",0,2,0,0,0,"F"
1,0,0,0,"X","","smitk002","","T8/L9D.2-H","T",0,3,0,4,0,"F"
1,0,3,2,"CFBBF*BS","","","brosm001","K+WP.3-H(NR);B-1","T",0,1,0,0,4,"F"
1,0,1,0,".BX","perem005","","","46(1)/FO/G4M.B-1","T",1,1,0,0,0,"F"
1,1,2,1,"BBCX","tsuty001","","","4/L4D+","T",1,0,1,0,0,"F"
1,2,3,2,"S*BBS*B>B","tsuty001","","","W.1-2","T",0,1,2,0,0,"F"
1,2,0,0,"X","arozr001","tsuty001","","43/G1S-","T",1,0,1,2,0,"F"
0,0,1,1,".BCX","","","","31/G3DF/FL","T",1,0,0,0,0,"F"
0,1,3,1,".BBSBX","","","","43/G34","T",1,0,0,0,0,"F"
0,2,2,2,".CBSBX","","","","31/G3","T",1,0,0,0,0,"F"
1,0,1,2,"..BFFH","","","","HP","T",0,1,0,0,0,"F"
1,0,2,0,"BBX","wendj002","","","3/P3","T",1,0,1,0,0,"F"
1,1,1,1,"CBX","wendj002","","","54(1)3/GDP/G56","T",2,0,0,0,0,"F"
0,0,1,2,".BCCFX","","","","63/G6","T",1,0,0,0,0,"F"
0,1,0,2,"SCX","","","","3/P3D","T",1,0,0,0,0,"F"
0,2,2,0,"BBX","","","","D8/L8XD+","T",0,2,0,0,0,"F"
0,2,2,2,"BCBFX","","bohma001","","63/G6+","T",1,0,0,2,0,"F"
1,0,2,1,"BBCX","","","","S9/G4S","T",0,1,0,0,0,"F"
1,0,2,2,"SFBFBX","brosm001","","","46(1)3/GDP/G34D","T",2,0,0,0,0,"F"
1,2,1,2,".CFBX","","","","53/G56+","T",1,0,0,0,0,"F"
0,0,1,2,".BCSX","","","","S5/G5","T",0,1,0,0,0,"F"
0,0,2,1,"BCBX","realj001","","","64(1)3/GDP/G6+","T",2,0,0,0,0,"F"
0,2,1,2,"CBSX","","","","43/G4D","T",1,0,0,0,0,"F"
