0,0,1,1,"BCX","","","","S9/L","T",0,1,0,0,0,"T"
0,0,0,1,"CX","eatoa002","","","7/F","T",1,0,1,0,0,"F"
0,1,0,2,"SSFX","eatoa002","","","S8/G.1-3","T",0,1,3,0,0,"F"
0,1,0,2,"1C1FX","harpb003","","eatoa002","54(1)/FO/G.3-H","T",1,1,0,0,4,"F"
0,2,1,2,"BFFFX","zimmr001","","","8/F","T",1,0,1,0,0,"F"
1,0,2,2,"BCFFFBS","","","","K","T",1,0,0,0,0,"F"
1,1,1,2,"SSBX","","","","6/P","T",1,0,0,0,0,"F"
1,2,0,1,"CX","","","","8/F+","T",1,0,0,0,0,"F"
0,0,2,1,"CBBX","","","","8/F+","T",1,0,0,0,0,"F"
0,1,1,1,"FBX","","","","8/F","T",1,0,0,0,0,"F"
0,2,2,1,"BBCX","","","","3/P","T",1,0,0,0,0,"F"
1,0,1,0,"BX","","","","D9/G","T",0,2,0,0,0,"F"
1,0,2,2,"SFBBS","","genns001","","K","T",1,0,0,2,0,"F"
1,1,2,2,"SBCBS","","genns001","","K","T",1,0,0,2,0,"F"
1,2,1,2,"BCSS","","genns001","","K","T",1,0,0,2,0,"F"
0,0,2,2,"CBSFFBX","","","","9/L","T",1,0,0,0,0,"F"
0,1,3,1,"BBCBB","","","","W","T",0,1,0,0,0,"F"
0,1,0,1,"1CX","eatoa002","","","9/F","T",1,0,1,0,0,"F"
0,2,3,2,"BC*BFB>X","eatoa002","","","S14/G.1-2","T",0,1,2,0,0,"F"
0,2,1,1,"*BFX","harpb003","eatoa002","","9/L+","T",1,0,1,2,0,"F"
1,0,2,2,"SSBBC","","","","K","T",1,0,0,0,0,"F"
1,1,1,2,"CSFBS","","","","K","T",1,0,0,0,0,"F"
1,2,1,2,"FSBFS","","","","K","T",1,0,0,0,0,"F"
0,0,0,1,"CX","","","","13/G","T",1,0,0,0,0,"F"
0,1,1,0,"BX","","","","9/F","T",1,0,0,0,0,"F"
0,2,1,2,"FFBX","","","","63/G","T",1,0,0,0,0,"F"
1,0,2,2,"BCBSC","","","","K","T",1,0,0,0,0,"F"
1,1,0,0,"X","","","","7/F","T",1,0,0,0,0,"F"
1,2,3,2,"CBBBFFFFFX","","","","S9/G","T",0,1,0,0,0,"F"
1,2,3,2,"CBBSB>F>F>F>X","genns001","","","S7/L.1-3","T",0,1,3,0,0,"F"
1,2,0,2,"SF>B","sches001","","genns001","SB2","F",0,0,2,0,3,"F"
1,2,1,2,"SF>B.T","","sches001","genns001","K","T",1,0,0,2,3,"F"
0,0,1,1,"CBX","","","","8/F","T",1,0,0,0,0,"F"
0,1,0,1,"CX","","","","13/G-","T",1,0,0,0,0,"F"
0,2,3,2,"CCFBFFBBC","","","","K","T",1,0,0,0,0,"F"
1,0,1,2,"BSCS","","","","K","T",1,0,0,0,0,"F"
1,1,1,2,"CBFX","","","","S8/G","T",0,1,0,0,0,"F"
1,1,0,1,"SX","bailh001","","","3/G.1-2","T",1,0,2,0,0,"F"
1,2,3,0,"BBBB","","bailh001","","W","T",0,1,0,2,0,"F"
1,2,0,0,"X","winkj002","bailh001","","8/F+","T",1,0,1,2,0,"F"
0,0,1,1,"BFX","","","","S8/G","T",0,1,0,0,0,"F"
0,0,3,2,"FBBC1*BB","renda001","","","W.1-2","T",0,1,2,0,0,"F"
0,0,2,2,"CF*BFBS","harpb003","renda001","","K","T",1,0,1,2,0,"F"
0,1,0,2,"SFS","harpb003","renda001","","K","T",1,0,1,2,0,"F"
0,2,3,2,"C*BFBB*B","harpb003","renda001","","W.2-3;1-2","T",0,1,2,3,0,"F"
0,2,3,2,"FB*BBS>F>X","turnt001","harpb003","renda001","7/F+","T",1,0,1,2,3,"F"
1,0,0,0,"X","","","","43/G","T",1,0,0,0,0,"F"
1,1,2,2,"CBBFX","","","","S8/F","T",0,1,0,0,0,"F"
1,1,0,0,"X","genns001","","","46(1)/FO/G","T",1,1,0,0,0,"F"
1,2,3,1,"1BSBB>X","sches001","","","6/P","T",1,0,1,0,0,"F"
0,0,3,2,".SCBBB*B","","","","W","T",0,1,0,0,0,"F"
0,0,1,2,".BCCS","wietm001","","","K","T",1,0,1,0,0,"F"
0,1,0,1,"SX","wietm001","","","154(1)/FO/G","T",1,1,0,0,0,"F"
0,2,0,2,"CCFS","eatoa002","","","K","T",1,0,1,0,0,"F"
1,0,0,1,"..CX","","","","53/G","T",1,0,0,0,0,"F"
1,1,2,2,".BCSBX","","","","53/G","T",1,0,0,0,0,"F"
1,2,0,2,"SCS","","","","K","T",1,0,0,0,0,"F"
0,0,1,1,".BSX","","","","31/G","T",1,0,0,0,0,"F"
0,1,1,0,".BX","","","","8/F","T",1,0,0,0,0,"F"
0,2,2,2,"BCFBX","","","","D9/L","T",0,2,0,0,0,"F"
0,2,2,2,"FBSBFX","","kendh001","","63/G","T",1,0,0,2,0,"F"
1,0,1,2,".BFFS","","","","K","T",1,0,0,0,0,"F"
1,1,0,2,"FCX","","","","53/G","T",1,0,0,0,0,"F"
1,2,0,0,"X","","","","S8/L","T",0,1,0,0,0,"F"
1,2,1,2,"*B1FS1FFX","vottj001","","","S7/L.1-2","T",0,1,2,0,0,"F"
1,2,2,2,"*BSTBX","genns001","vottj001","","43/G","T",1,0,1,2,0,"F"
0,0,0,0,"..X","","","","S1/BG","T",0,1,0,0,0,"F"
0,0,0,1,"11C>B","taylm002","","","SB2","F",0,0,2,0,0,"F"
0,0,1,1,"11C>B.X","","taylm002","","63/G.2-3","T",1,0,0,3,0,"F"
0,1,1,2,"CBFX","","","taylm002","7/F/SF.3-H","T",1,0,0,0,4,"F"
0,2,3,2,".CBSFBBFS","","","","K","T",1,0,0,0,0,"F"
1,0,1,0,"..BX","","","","8/F","T",1,0,0,0,0,"F"
1,1,0,2,"FTS","","","","K","T",1,0,0,0,0,"F"
1,2,3,2,"FBSBFFBB","","","","W","T",0,1,0,0,0,"F"
1,2,1,2,"CSBFS","ervip001","","","K","T",1,0,1,0,0,"F"
0,0,1,2,"BCSX","","","","S7/L","T",0,1,0,0,0,"T"
0,0,3,1,"BBBC1B","eatoa002","","","W.1-2","T",0,1,2,0,0,"F"
0,0,1,2,"FBFX","renda001","eatoa002","","36(1)/FO/G.2-3","T",1,1,0,3,0,"F"
0,1,2,2,"S1BBSX","harpb003","","eatoa002","HR/89/F.3-H;1-H","T",0,4,4,0,4,"F"
0,1,0,2,"CSC","","","","K","T",1,0,0,0,0,"F"
0,2,2,1,"CBBX","","","","53/G","T",1,0,0,0,0,"F"
1,0,2,2,"BFCBX","","","","8/L","T",1,0,0,0,0,"F"
1,1,1,0,"BX","","","","S8/G+","T",0,1,0,0,0,"F"
1,1,0,0,"X","suare001","","","S8/L.1-2","T",0,1,2,0,0,"F"
1,1,1,0,"BX","vottj001","suare001","","3/G-.2-3;1-2","T",1,0,2,3,0,"F"
1,2,1,2,"SSBX","","vottj001","suare001","31/G","T",1,0,0,2,3,"F"
0,0,1,2,"CCBFS","","","","K","T",1,0,0,0,0,"F"
0,1,0,2,"CSX","","","","43/G","T",1,0,0,0,0,"F"
0,2,1,0,"BX","","","","53/G","T",1,0,0,0,0,"F"
1,0,2,2,"BBCCT","","","","K","T",1,0,0,0,0,"F"
1,1,0,2,"CSFS","","","","K23","T",1,0,0,0,0,"F"
1,2,2,2,"BTSBFX","","","","3/G","T",1,0,0,0,0,"F"
0,0,1,1,"CBX","","","","DGR/8/L+","T",0,2,0,0,0,"F"
0,0,0,2,"CSFX","","eatoa002","","S7/G.2-3","T",0,1,0,3,0,"F"
0,0,2,1,"BBTX","renda001","","eatoa002","7/F/SF.3-H;1-2","T",1,0,2,0,4,"F"
0,1,2,2,"BSBS2S","","renda001","","K","T",1,0,0,2,0,"F"
0,2,0,1,"SX","","renda001","","63/G","T",1,0,0,2,0,"F"
1,0,0,2,"CCX","","","","63/G","T",1,0,0,0,0,"F"
1,1,2,2,"CBBCFS","","","","K","T",1,0,0,0,0,"F"
1,2,1,1,"CBX","","","","3/L-","T",1,0,0,0,0,"F"
0,0,1,0,"BX","","","","HR/7/L","T",0,4,0,0,0,"F"
0,0,2,2,"SBBCS","","","","K","T",1,0,0,0,0,"F"
0,1,0,2,"FSS","","","","K","T",1,0,0,0,0,"F"
0,2,2,1,"BCBX","","","","53/G","T",1,0,0,0,0,"F"
1,0,2,1,"BSBX","","","","3/G","T",1,0,0,0,0,"F"
1,1,0,0,"X","","","","43/G","T",1,0,0,0,0,"F"
1,2,0,0,"X","","","","HR/89/F","T",0,4,0,0,0,"F"
1,2,1,2,"CFBS","","","","K","T",1,0,0,0,0,"F"
0,0,2,2,"CBFBFX","","","","D9/L+","T",0,2,0,0,0,"F"
0,0,2,1,"C*BBX","","eatoa002","","9/F9LF.2-3","T",1,0,0,3,0,"F"
0,1,0,2,"FSFX","","","eatoa002","7/F/SF.3-H","T",1,0,0,0,4,"F"
0,2,1,2,"CBSS","","","","K","T",1,0,0,0,0,"F"
1,0,0,0,"X","","","","9/F","T",1,0,0,0,0,"F"
1,1,0,0,"X","","","","8/L+","T",1,0,0,0,0,"F"
1,2,0,2,".CFC","","","","K","T",1,0,0,0,0,"F"
0,0,2,2,".CBFBX","","","","S8/G","T",0,1,0,0,0,"F"
0,0,2,1,"CBBX","kendh001","","","S7/G+.1-2","T",0,1,2,0,0,"F"
0,0,3,2,"BSBBFX","turnt001","kendh001","","65(2)/FO/G.1-2","T",1,1,2,0,0,"F"
0,1,0,0,">N","goodb001","turnt001","","CS2(1).2-2","F",1,0,0,2,0,"F"
0,2,3,0,">N.VVVV","","turnt001","","IW","T",0,1,0,2,0,"F"
0,2,3,2,"BFFBB>C","wietm001","turnt001","","K","T",1,0,1,2,0,"F"
1,0,2,2,"FBCBX","","","","S8/F-","T",0,1,0,0,0,"F"
1,0,2,2,"FFBBFX","winkj002","","","E6/FO/G+.1-2","T",0,1,2,0,0,"F"
1,0,3,0,"BBBB","suare001","winkj002","","W.2-3;1-2","T",0,1,2,3,0,"F"
1,0,0,2,"SCX","vottj001","suare001","winkj002","S7/G.3-H(UR);2-3;1-2","T",0,1,2,3,5,"F"
1,0,0,0,"X","genns001","vottj001","suare001","5/P5F-","T",1,0,1,2,3,"F"
1,1,1,0,"BX","genns001","vottj001","suare001","8/F+/SF.3-H(UR);2-3;1-2","T",1,0,2,3,5,"F"
1,2,0,2,"SFFS","","genns001","vottj001","K23","T",1,0,0,2,3,"F"
0,0,1,1,"CBX","","","","HR/89/F","T",0,4,0,0,0,"F"
0,0,3,2,"CBSBBFFFX","","","","8/F","T",1,0,0,0,0,"F"
0,1,1,0,"BX","","","","63/G","T",1,0,0,0,0,"F"
0,2,1,1,"BMX","","","","7/L","T",1,0,0,0,0,"F"
1,0,3,2,"BFBCBX","","","","S9/G","T",0,1,0,0,0,"F"
1,0,1,0,".BX","barnt001","","","S9/G.1-2","T",0,1,2,0,0,"F"
1,0,2,2,"BFBFFX","pennc001","barnt001","","S9/L.2-3;1-2","T",0,1,2,3,0,"F"
1,0,1,2,"FBFS","winkj002","pennc001","barnt001","K","T",1,0,1,2,3,"F"
1,1,1,2,".SCBC","winkj002","pennc001","barnt001","K","T",1,0,1,2,3,"F"
1,2,0,2,"CFX","winkj002","pennc001","barnt001","13/G","T",1,0,1,2,3,"F"
0,0,0,1,".CX","","","","8/F","T",1,0,0,0,0,"F"
0,1,0,2,"CSX","","","","9/F","T",1,0,0,0,0,"F"
0,2,1,1,"BFX","","","","S7/L","T",0,1,0,0,0,"F"
0,2,1,2,"11C+11BF1FX","goodb001","","","S9/F.1-3","T",0,1,3,0,0,"F"
0,2,0,2,".CSH","wietm001","","goodb001","HP.1-2","T",0,1,2,0,3,"F"
0,2,3,2,"BF*BF*B>X","zimmr001","wietm001","goodb001","S7/L.3-H;2-H;1-3","T",0,1,3,4,4,"F"
0,2,1,2,"BFCC","eatoa002","","zimmr001","K","T",1,0,1,0,3,"F"
1,0,0,0,"...X","","","","D7/L+","T",0,2,0,0,0,"F"
1,0,0,1,"CX","","sches001","","HR/8/F.2-H","T",0,4,0,4,0,"F"
1,0,2,1,"CBBX","","","","13/G","T",1,0,0,0,0,"F"
1,1,1,2,"SBFT","","","","K","T",1,0,0,0,0,"F"
1,2,3,2,".CBBFFBFC","","","","K","T",1,0,0,0,0,"F"
0,0,1,0,".BX","","","","8/F","T",1,0,0,0,0,"F"
0,1,3,0,"BBB*B","","","","W","T",0,1,0,0,0,"F"
0,1,2,2,"CSB*BX","adamm002","","","S8/L+.1-2","T",0,1,2,0,0,"F"
0,1,3,2,"BFFBFBB","kendh001","adamm002","","W.2-3;1-2","T",0,1,2,3,0,"F"
0,1,3,2,"BBBCCX","turnt001","kendh001","adamm002","HR/8/F.3-H;2-H;1-H","T",0,4,4,4,4,"F"
0,1,1,2,"BFFFX","","","","5/L","T",1,0,0,0,0,"F"
0,2,0,0,".X","","","","3/P","T",1,0,0,0,0,"F"
1,0,3,2,"..BCSBB*B","","","","W","T",0,1,0,0,0,"F"
1,0,2,2,"BFFBX","winkj002","","","HR/78/F.1-H","T",0,4,4,0,0,"F"
1,0,3,2,"CBBBSS","","","","K","T",1,0,0,0,0,"F"
1,1,2,1,"FBBX","","","","S7/G+","T",0,1,0,0,0,"F"
1,1,2,0,"BBX","genns001","","","4/L","T",1,0,1,0,0,"F"
1,2,0,0,".>C","genns001","","","DI.1-2","F",0,0,2,0,0,"F"
1,2,1,2,".>C.BFX","","genns001","","63/G","T",1,0,0,2,0,"F"
0,0,1,1,"BCX","","","","S39/G","T",0,1,0,0,0,"T"
0,0,1,2,"1CSFFBFX","eatoa002","","","HR/7/F.1-H","T",0,4,4,0,0,"F"
0,0,3,1,"BBBCX","","","","43/G","T",1,0,0,0,0,"F"
0,1,3,2,"CBBCFBX","","","","31/G","T",1,0,0,0,0,"F"
0,2,3,2,"CSBBBFB","","","","W","T",0,1,0,0,0,"F"
0,2,0,0,"11>B","turnt001","","","SB2","F",0,0,2,0,0,"F"
0,2,2,2,"11>B.CFBC","","turnt001","","K","T",1,0,0,2,0,"F"
1,0,3,2,"CBCBBFS","","","","K","T",1,0,0,0,0,"F"
1,1,2,2,"CBBSC","","","","K","T",1,0,0,0,0,"F"
1,2,0,0,"X","","","","S7/L+","T",0,1,0,0,0,"F"
1,2,0,1,"CX","vottj001","","","8/F","T",1,0,1,0,0,"F"
0,0,1,0,"BX","","","","63/G","T",1,0,0,0,0,"F"
0,1,1,2,"CBFS","","","","K","T",1,0,0,0,0,"F"
0,2,2,1,"CBBX","","","","43/G","T",1,0,0,0,0,"F"
1,0,2,2,"BCCFBFS","","","","K","T",1,0,0,0,0,"F"
1,1,1,2,"CCBS","","","","K","T",1,0,0,0,0,"F"
1,2,3,2,"BCBSBX","","","","S7/L","T",0,1,0,0,0,"F"
1,2,0,1,"CX","sches001","","","9/L","T",1,0,1,0,0,"F"
0,0,1,1,"CBX","","","","63/G","T",1,0,0,0,0,"F"
0,1,1,1,"CBX","","","","8/L","T",1,0,0,0,0,"F"
0,2,1,1,"SBX","","","","7/F","T",1,0,0,0,0,"F"
1,0,1,2,"CBSC","","","","K","T",1,0,0,0,0,"F"
1,1,3,2,"MCBBFFBFX","","","","9/L","T",1,0,0,0,0,"F"
1,2,0,0,"X","","","","43/G","T",1,0,0,0,0,"F"
0,0,3,2,"CBFBFBB","","","","W","T",0,1,0,0,0,"F"
0,0,0,0,"X","zimmr001","","","S8/G.1-2","T",0,1,2,0,0,"F"
0,0,0,1,"FX","turnt001","zimmr001","","64(1)3/GDP.2-3","T",2,0,0,3,0,"F"
0,2,3,0,"VVVV","","","zimmr001","IW","T",0,1,0,0,3,"F"
0,2,0,1,"FX","montm001","","zimmr001","54(1)/FO/G","T",1,1,0,0,3,"F"
1,0,0,1,"CX","","","","3/G","T",1,0,0,0,0,"F"
1,1,1,2,"FFBC","","","","K","T",1,0,0,0,0,"F"
1,2,0,0,"X","","","","D8/F+","T",0,2,0,0,0,"F"
1,2,0,0,"X","","genns001","","3/G","T",1,0,0,2,0,"F"
0,0,1,0,"BX","","","","31/G","T",1,0,0,0,0,"F"
0,1,0,1,"CX","","","","43/G","T",1,0,0,0,0,"F"
0,2,2,2,"CBCBX","","","","9/F","T",1,0,0,0,0,"F"
1,0,3,2,"BSBBSX","","","","4/P","T",1,0,0,0,0,"F"
1,1,2,0,"BBX","","","","8/F+","T",1,0,0,0,0,"F"
1,2,1,2,"FSBS","","","","K","T",1,0,0,0,0,"F"
0,0,3,1,"BFBBX","","","","HR/89/F","T",0,4,0,0,0,"F"
0,0,2,1,"BCBX","","","","53/G","T",1,0,0,0,0,"F"
0,1,3,1,"BBBCX","","","","63/G","T",1,0,0,0,0,"F"
0,2,3,0,"BBBB","","","","W","T",0,1,0,0,0,"F"
0,2,2,0,"*B1BX","taylm002","","","13/G","T",1,0,1,0,0,"F"
1,0,1,1,"SBX","","","","9/F","T",1,0,0,0,0,"F"
1,1,3,2,"BCFBBB","","","","W","T",0,1,0,0,0,"F"
1,1,1,1,"FBX","suare001","","","43/G.1-2","T",1,0,2,0,0,"F"
1,2,3,2,"*BBCBCX","","suare001","","D98/F.2-H","T",0,2,0,4,0,"F"
1,2,1,0,"*B>X","","duvaa001","","5/P5F","T",1,0,0,2,0,"F"
0,0,1,2,".FBCS","","","","K","T",1,0,0,0,0,"F"
0,1,0,1,"CX","","","","S7/L","T",0,1,0,0,0,"F"
0,1,0,1,"1C11>B","difow001","","","SB2","F",0,0,2,0,0,"F"
0,1,2,1,"1C11>B.BX","","difow001","","HR/89/F.2-H","T",0,4,0,4,0,"F"
0,1,2,2,"BBFFX","","","","9/F","T",1,0,0,0,0,"F"
0,2,3,1,"FBBBB","","","","W","T",0,1,0,0,0,"F"
0,2,2,1,"1C1BBX","harpb003","","","S7/L.1-2","T",0,1,2,0,0,"F"
0,2,2,1,"BBCX","zimmr001","harpb003","","9/L","T",1,0,1,2,0,"F"
1,0,0,1,"CX","","","","S7/L+","T",0,1,0,0,0,"F"
1,0,0,1,".FX","mesod001","","","7/L","T",1,0,1,0,0,"F"
1,1,0,0,"X","mesod001","","","4(1)3/GDP","T",2,0,0,0,0,"F"
0,0,0,2,".SSS","","","","K","T",1,0,0,0,0,"F"
0,1,0,0,"X","","","","63/G","T",1,0,0,0,0,"F"
0,2,0,0,".H","","","","HP","T",0,1,0,0,0,"F"
0,2,3,1,"BB1BCB","goodb001","","","W.1-2","T",0,1,2,0,0,"F"
0,2,0,0,"X","difow001","goodb001","","7/L","T",1,0,1,2,0,"F"
1,0,3,2,"...BCBBSFFFFB","","","","W","T",0,1,0,0,0,"F"
1,0,0,1,"FX","gossp001","","","D7/L.1-H","T",0,2,4,0,0,"F"
1,0,3,1,"BFBBB","","hamib001","","W","T",0,1,0,2,0,"F"
1,0,0,1,"SH","suare001","hamib001","","HP.2-3;1-2","T",0,1,2,3,0,"F"
1,0,1,1,".BCX","vottj001","suare001","hamib001","54(1)3/GDP.3-H;2-3","T",2,0,0,3,4,"F"
1,2,1,2,"F*BFX","","","suare001","9/L","T",1,0,0,0,3,"F"
0,0,1,2,"..CSBX","","","","9/F","T",1,0,0,0,0,"F"
0,1,2,2,"SBSBFX","","","","HR/8/F","T",0,4,0,0,0,"F"
0,1,1,2,"CCBS","","","","K","T",1,0,0,0,0,"F"
0,2,0,2,"CCS","","","","K","T",1,0,0,0,0,"F"
1,0,1,0,".BX","","","","4/P","T",1,0,0,0,0,"F"
1,1,1,2,"SBFH","","","","HP","T",0,1,0,0,0,"F"
1,1,1,2,"CFFBX","sches001","","","4/P","T",1,0,1,0,0,"F"
1,2,0,1,"F>C","sches001","","","DI.1-2","F",0,0,2,0,0,"F"
1,2,0,2,"F>C.FX","","sches001","","HR/8/F.2-H","T",0,4,0,4,0,"F"
1,2,1,2,"BCSFC","","","","K","T",1,0,0,0,0,"F"
0,0,3,2,"BSCBBB","","","","W","T",0,1,0,0,0,"T"
0,0,1,1,"1FBX","happi001","","","8/F","T",1,0,1,0,0,"F"
0,1,1,2,"BCFH","happi001","","","HP.1-2","T",0,1,2,0,0,"F"
0,1,2,2,"BCCBS","rizza001","happi001","","K","T",1,0,1,2,0,"F"
0,2,2,2,"CFB*BFS","rizza001","happi001","","K","T",1,0,1,2,0,"F"
1,0,3,1,"CBBBB","","","","W","T",0,1,0,0,0,"F"
1,0,3,2,"*B*BCBC>B","winkj002","","","W.1-2","T",0,1,2,0,0,"F"
1,0,0,2,"FFC","pennc001","winkj002","","K","T",1,0,1,2,0,"F"
1,1,0,0,"X","pennc001","winkj002","","S9/G.2-3;1-2","T",0,1,2,3,0,"F"
1,1,2,1,"BBFX","genns001","pennc001","winkj002","4(1)3/GDP","T",2,0,0,2,3,"F"
0,0,2,2,"CBCFBC","","","","K","T",1,0,0,0,0,"F"
0,1,3,2,"SBBFFFBC","","","","K","T",1,0,0,0,0,"F"
0,2,1,0,"BX","","","","T9/F","T",0,3,0,0,0,"F"
0,2,0,2,"CCC","","","baezj001","K","T",1,0,0,0,3,"F"
1,0,2,1,"BCBX","","","","7/F","T",1,0,0,0,0,"F"
1,1,0,1,"CX","","","","S7/L","T",0,1,0,0,0,"F"
1,1,3,1,"BBFB1B","barnt001","","","W.1-2","T",0,1,2,0,0,"F"
1,1,0,0,"X","hamib001","barnt001","","34/BG/SH.2-3;1-2","T",1,0,2,3,0,"F"
1,2,0,2,"CSS","","hamib001","barnt001","K","T",1,0,0,2,3,"F"
0,0,2,2,"BFBSFC","","","","K","T",1,0,0,0,0,"F"
0,1,1,1,"BFX","","","","9/L","T",1,0,0,0,0,"F"
0,2,0,0,"X","","","","9/L+","T",1,0,0,0,0,"F"
1,0,3,2,"CFFBFBBX","","","","43/G","T",1,0,0,0,0,"F"
1,1,2,2,"BBTFX","","","","43/G","T",1,0,0,0,0,"F"
1,2,2,1,"FBBX","","","","43/G","T",1,0,0,0,0,"F"
0,0,0,0,"X","","","","53/G","T",1,0,0,0,0,"F"
0,1,3,2,"BSSBBB","","","","W","T",0,1,0,0,0,"F"
0,1,0,0,"X","schwk001","","","64(1)3/GDP","T",2,0,0,0,0,"F"
1,0,0,0,"X","","","","T8/F+","T",0,3,0,0,0,"F"
1,0,0,0,"X","","","suare001","53/G.3-H","T",1,0,0,0,4,"F"
1,1,0,2,"SSC","","","","K","T",1,0,0,0,0,"F"
1,2,0,0,"X","","","","13/BG","T",1,0,0,0,0,"F"
0,0,3,2,"BBCCBX","","","","8/F+","T",1,0,0,0,0,"F"
0,1,1,2,"TFBX","","","","3/G","T",1,0,0,0,0,"F"
0,2,1,2,"FFBX","","","","3/P3F","T",1,0,0,0,0,"F"
1,0,1,1,"BFX","","","","9/L9LF","T",1,0,0,0,0,"F"
1,1,3,0,"BBB*B","","","","W","T",0,1,0,0,0,"F"
1,1,0,0,"B","winkj002","","","WP.1-2","F",0,0,2,0,0,"F"
1,1,3,0,"B.BBB","","winkj002","","W","T",0,1,0,2,0,"F"
1,1,1,0,"BX","pennc001","winkj002","","7/F","T",1,0,1,2,0,"F"
1,2,0,0,"X","pennc001","winkj002","","31/G","T",1,0,1,2,0,"F"
0,0,1,2,"BSFC","","","","K","T",1,0,0,0,0,"F"
0,1,2,2,"SBFFBX","","","","53/G","T",1,0,0,0,0,"F"
0,2,0,0,"X","","","","7/F+","T",1,0,0,0,0,"F"
1,0,3,2,"CBFBBFB","","","","W","T",0,1,0,0,0,"F"
1,0,2,0,"BBX","suare001","","","3/P3F","T",1,0,1,0,0,"F"
1,1,2,0,"BB1X","suare001","","","D8/L.1-3","T",0,2,3,0,0,"F"
1,1,1,2,"BCFX","","barnt001","suare001","FC1/G-.3XH(12);2-3","T",1,1,0,3,0,"F"
1,2,1,2,".SSBS","hamib001","","barnt001","K","T",1,0,1,0,3,"F"
0,0,1,1,".CBX","","","","43/G+","T",1,0,0,0,0,"F"
0,1,3,2,"CSBFBB*B","","","","W","T",0,1,0,0,0,"F"
0,1,2,1,"S1*B+11B>S","schwk001","","","CS2(24)","F",1,0,0,0,0,"F"
0,2,3,2,"S1*B+11B>S.FBX","","","","13/G","T",1,0,0,0,0,"F"
1,0,0,2,".FFFFX","","","","8/F","T",1,0,0,0,0,"F"
1,1,2,2,"FFBBFFS","","","","K","T",1,0,0,0,0,"F"
1,2,1,2,"CSBFS","","","","K","T",1,0,0,0,0,"F"
0,0,3,2,"..BCFFBBS","","","","K","T",1,0,0,0,0,"F"
0,1,0,2,"CSS","","","","K","T",1,0,0,0,0,"F"
0,2,3,1,".BSBBB","","","","W","T",0,1,0,0,0,"F"
0,2,0,0,"X","zobrb001","","","S7/L.1-2","T",0,1,2,0,0,"F"
0,2,3,0,".BBBB","happi001","zobrb001","","W.2-3;1-2","T",0,1,2,3,0,"F"
0,2,2,2,"BCSFBS","bryak001","happi001","zobrb001","K","T",1,0,1,2,3,"F"
1,0,1,2,"...CBSX","","","","9/F","T",1,0,0,0,0,"F"
1,1,2,0,"BBX","","","","E5/G","T",0,1,0,0,0,"F"
1,1,1,2,"BCFC","suare001","","","K","T",1,0,1,0,0,"F"
1,2,1,1,"BFX","suare001","","","S9/L+.1-3","T",0,1,3,0,0,"F"
1,2,0,0,"X","barnt001","","suare001","6/P","T",1,0,1,0,3,"F"
0,0,2,0,"BBX","","","","7/F","T",1,0,0,0,0,"F"
0,1,2,2,"SBBCS","","","","K","T",1,0,0,0,0,"F"
0,2,1,2,"BSCX","","","","53/G","T",1,0,0,0,0,"F"
0,0,3,2,"CBBSFBX","","","","S8/L","T",0,1,0,0,0,"T"
0,0,0,1,"CX","fowld001","","","53/G-.1-2","T",1,0,2,0,0,"F"
0,1,3,2,"BBBCCFB","","fowld001","","W","T",0,1,0,2,0,"F"
0,1,1,0,"BX","carpm002","fowld001","","8/F","T",1,0,1,2,0,"F"
0,2,0,1,"CX","carpm002","fowld001","","S9/G.2-H;1-3(E9)","T",0,1,3,4,0,"F"
0,2,3,2,"BBCBF>X","martj008","","carpm002","S8/G.3-H;1-3","T",0,1,3,0,4,"F"
0,2,1,1,"CBX","moliy001","","martj008","9/L","T",1,0,1,0,3,"F"
1,0,3,0,"BBBB","","","","W","T",0,1,0,0,0,"F"
1,0,1,1,"1BF1X","hamib001","","","D9/L-.1-3","T",0,2,3,0,0,"F"
1,0,1,1,"BFX","","peraj003","hamib001","S7/L.3-H;2-H(E7)(UR);B-2","T",0,2,0,5,4,"F"
1,0,3,2,"BSBFBX","","winkj002","","53/G","T",1,0,0,2,0,"F"
1,1,0,2,"SCS","","winkj002","","K","T",1,0,0,2,0,"F"
1,2,1,2,"BCSX","","winkj002","","1/L-","T",1,0,0,2,0,"F"
0,0,0,2,"CFS","","","","K","T",1,0,0,0,0,"F"
0,1,2,2,"CBBFS","","","","K","T",1,0,0,0,0,"F"
0,2,3,1,"BBCBX","","","","7/F","T",1,0,0,0,0,"F"
1,0,3,2,"CSBBBX","","","","43/G","T",1,0,0,0,0,"F"
1,1,0,0,"X","","","","9/F9LF","T",1,0,0,0,0,"F"
1,2,1,2,"CSBS","","","","K","T",1,0,0,0,0,"F"
0,0,0,2,"CCX","","","","63/G","T",1,0,0,0,0,"F"
0,1,1,2,"SCBS","","","","K","T",1,0,0,0,0,"F"
0,2,1,1,"CBX","","","","HR/8/F","T",0,4,0,0,0,"F"
0,2,3,1,"BCBBX","","","","9/F+","T",1,0,0,0,0,"F"
1,0,2,2,"CBBFX","","","","S7/L","T",0,1,0,0,0,"F"
1,0,0,0,"11X","hamib001","","","S5/BG.1-2","T",0,1,2,0,0,"F"
1,0,3,2,"BBCFBC","peraj003","hamib001","","K","T",1,0,1,2,0,"F"
1,1,3,0,"B2*B*BB","peraj003","hamib001","","W.2-3;1-2","T",0,1,2,3,0,"F"
1,1,1,2,"CSF*BX","duvaa001","peraj003","hamib001","S8/L.3-H;2-H;1-3","T",0,1,3,4,4,"F"
1,1,0,0,"X","genns001","","duvaa001","7/L","T",1,0,1,0,3,"F"
1,2,0,2,"CS>B","genns001","","duvaa001","SB2","F",0,0,2,0,3,"F"
1,2,3,2,"CS>B.BBB","","genns001","duvaa001","W","T",0,1,0,2,3,"F"
1,2,1,2,"CBCX","barnt001","genns001","duvaa001","5(2)/FO/G.1-2","T",1,1,2,0,3,"F"
0,0,2,0,"BBX","","","","9/F","T",1,0,0,0,0,"F"
0,1,1,0,"BX","","","","63/G","T",1,0,0,0,0,"F"
0,2,3,2,"BFBFBB","","","","W","T",0,1,0,0,0,"F"
0,2,1,2,"CFBX","wongk001","","","3/G","T",1,0,1,0,0,"F"
1,0,2,2,"CBSFBFS","","","","K","T",1,0,0,0,0,"F"
1,1,1,2,"CBCC","","","","K","T",1,0,0,0,0,"F"
1,2,0,2,"CFFX","","","","63/G","T",1,0,0,0,0,"F"
0,0,1,0,"BX","","","","S6/P","T",0,1,0,0,0,"F"
0,0,0,0,"1X","fowld001","","","S8/G.1-2","T",0,1,2,0,0,"F"
0,0,3,2,"B+2C*BBFFB","phamt001","fowld001","","W.2-3;1-2","T",0,1,2,3,0,"F"
0,0,2,2,"BFS*BFS","carpm002","phamt001","fowld001","K","T",1,0,1,2,3,"F"
0,1,3,2,"BBSCBFB","carpm002","phamt001","fowld001","W.3-H;2-3;1-2","T",0,1,2,3,4,"F"
0,1,2,1,".CBBX","martj008","carpm002","phamt001","46(1)3/GDP","T",2,0,0,2,3,"F"
1,0,2,1,"CBBX","","","","3/G","T",1,0,0,0,0,"F"
1,1,1,1,"BFX","","","","6/P","T",1,0,0,0,0,"F"
1,2,1,2,"CFFBX","","","","3/G","T",1,0,0,0,0,"F"
0,0,3,2,"BCSBBX","","","","HR/78/F","T",0,4,0,0,0,"F"
0,0,1,0,"BX","","","","3/G","T",1,0,0,0,0,"F"
0,1,1,2,".CBFH","","","","HP","T",0,1,0,0,0,"F"
0,1,1,1,"..CB1X","badeh001","","","S7/G.1-2","T",0,1,2,0,0,"F"
0,1,0,0,"X","fowld001","badeh001","","S9/L.2-3;1-2","T",0,1,2,3,0,"F"
0,1,1,2,"CBSC","phamt001","fowld001","badeh001","K","T",1,0,1,2,3,"F"
0,2,3,2,"BB*BCF>X","phamt001","fowld001","badeh001","43/G","T",1,0,1,2,3,"F"
1,0,2,2,".CCBBS","","","","K","T",1,0,0,0,0,"F"
1,1,2,1,"BCBX","","","","9/F","T",1,0,0,0,0,"F"
1,2,2,2,"BCCBFC","","","","K","T",1,0,0,0,0,"F"
0,0,2,0,".BBX","","","","HR/7/L","T",0,4,0,0,0,"F"
0,0,2,0,"BBX","","","","HR/78/F","T",0,4,0,0,0,"F"
0,0,3,0,"BBBB","","","","W","T",0,1,0,0,0,"F"
0,0,3,1,"BBB1CB","dejop001","","","W.1-2","T",0,1,2,0,0,"F"
0,0,3,0,"...BBBB","wongk001","dejop001","","W.2-3;1-2","T",0,1,2,3,0,"F"
0,0,3,2,"CBCBFBB","garcg002","wongk001","dejop001","W.3-H;2-3;1-2","T",0,1,2,3,4,"F"
0,0,3,2,"C*BS*BBFB","fowld001","garcg002","wongk001","W.3-H;2-3;1-2","T",0,1,2,3,4,"F"
0,0,3,2,"BSBBFX","phamt001","fowld001","garcg002","8/F/SF.3-H;2-3","T",1,0,1,3,4,"F"
0,1,1,2,"SS*BX","phamt001","","fowld001","3/L3F","T",1,0,1,0,3,"F"
0,2,2,2,"BC*BSX","phamt001","","fowld001","D9/F.3-H;1-H","T",0,2,4,0,4,"F"
0,2,1,2,"FFBX","","martj008","","63/G","T",1,0,0,2,0,"F"
1,0,0,0,"...X","","","","63/G","T",1,0,0,0,0,"F"
1,1,2,2,"BFCBX","","","","63/G","T",1,0,0,0,0,"F"
1,2,1,0,"BX","","","","D7/L+","T",0,2,0,0,0,"F"
1,2,3,2,"BBCSFFBX","","peraj003","","7/F7LF","T",1,0,0,2,0,"F"
0,0,0,2,".CSS","","","","K","T",1,0,0,0,0,"F"
0,1,2,2,"FBBFX","","","","2E3/G-","T",0,1,0,0,0,"F"
0,1,0,0,"X","wongk001","","","8/F","T",1,0,1,0,0,"F"
0,2,2,2,"FBBCS","wongk001","","","K","T",1,0,1,0,0,"F"
1,0,2,2,"CBFBS","","","","K","T",1,0,0,0,0,"F"
1,1,0,1,"CX","","","","43/G","T",1,0,0,0,0,"F"
1,2,1,2,"BCCX","","","","S6/L","T",0,1,0,0,0,"F"
1,2,0,0,">B","ervip001","","","DI.1-2","F",0,0,2,0,0,"F"
1,2,3,1,">B.FBBB","","ervip001","","W","T",0,1,0,2,0,"F"
1,2,3,2,".BSCBFB>C","barnt001","ervip001","","K","T",1,0,1,2,0,"F"
0,0,3,2,"...CBBFBB","","","","W","T",0,1,0,0,0,"F"
0,0,0,1,"CX","phamt001","","","7/F+","T",1,0,1,0,0,"F"
0,1,2,1,"C*B*BX","phamt001","","","63/G.1-2","T",1,0,2,0,0,"F"
0,2,1,2,"CC*BX","","phamt001","","D7/L+.2-H","T",0,2,0,4,0,"F"
0,2,3,2,"CBBFBFB","","martj008","","W","T",0,1,0,2,0,"F"
0,2,3,2,"BBBCF>C","mayem001","martj008","","K","T",1,0,1,2,0,"F"
1,0,0,2,"CCX","","","","31/G","T",1,0,0,0,0,"F"
1,1,1,0,"BX","","","","43/G","T",1,0,0,0,0,"F"
1,2,0,1,"CX","","","","8/L","T",1,0,0,0,0,"F"
0,0,1,0,"BX","","","","7/F","T",1,0,0,0,0,"T"
0,1,1,2,"CFBFC","","","","K","T",1,0,0,0,0,"F"
0,2,2,2,"CBBFS","","","","K","T",1,0,0,0,0,"F"
1,0,3,1,"CBBBB","","","","W","T",0,1,0,0,0,"F"
1,0,0,0,"1X","hamib001","","","46(1)/FO/G","T",1,1,0,0,0,"F"
1,1,2,2,"S1BFF*BFX","peraj003","","","7/F","T",1,0,1,0,0,"F"
1,2,1,2,"1SBCS","peraj003","","","K","T",1,0,1,0,0,"F"
0,0,3,2,".BCCBBFFC","","","","K","T",1,0,0,0,0,"F"
0,1,0,2,"CCX","","","","S9/G+","T",0,1,0,0,0,"F"
0,1,0,0,">B","martj008","","","CS2(24)","F",1,0,0,0,0,"F"
0,2,2,1,">B.CBX","","","","HR/89/F","T",0,4,0,0,0,"F"
0,2,2,2,"CBSBC","","","","K","T",1,0,0,0,0,"F"
1,0,3,2,"BFFBFBFS","","","","K","T",1,0,0,0,0,"F"
1,1,2,2,"CFBBX","","","","63/G","T",1,0,0,0,0,"F"
1,2,1,2,"CCBC","","","","K","T",1,0,0,0,0,"F"
0,0,0,0,"X","","","","7/F","T",1,0,0,0,0,"F"
0,1,0,2,"CST","","","","K","T",1,0,0,0,0,"F"
0,2,1,2,"CCBX","","","","53/G","T",1,0,0,0,0,"F"
1,0,3,2,"CBBBFFX","","","","9/F","T",1,0,0,0,0,"F"
1,1,1,0,"BX","","","","3/G","T",1,0,0,0,0,"F"
1,2,2,2,"CCBBFFC","","","","K","T",1,0,0,0,0,"F"
0,0,0,2,"CFX","","","","S9/L","T",0,1,0,0,0,"F"
0,0,3,2,"F1BB1BC>X","phamt001","","","8/F","T",1,0,1,0,0,"F"
0,1,0,0,"X","phamt001","","","64(1)3/GDP","T",2,0,0,0,0,"F"
1,0,1,2,"BCFFS","","","","K","T",1,0,0,0,0,"F"
1,1,0,0,"X","","","","13/G-","T",1,0,0,0,0,"F"
1,2,1,0,"BX","","","","7/F","T",1,0,0,0,0,"F"
0,0,1,1,"BCX","","","","S9/L","T",0,1,0,0,0,"F"
0,0,0,0,"X","martj008","","","E5/TH/FO/G.1-2","T",0,1,2,0,0,"F"
0,0,0,0,"X","moliy001","martj008","","E5/FO/G.2-3;1-2","T",0,1,2,3,0,"F"
0,0,1,1,"BFX","dejop001","moliy001","martj008","6/P5F","T",1,0,1,2,3,"F"
0,1,1,1,"SBX","dejop001","moliy001","martj008","64(1)3/GDP","T",2,0,0,2,3,"F"
1,0,1,1,"BCX","","","","S6/G","T",0,1,0,0,0,"F"
1,0,1,0,"BX","mesod001","","","5/P5F","T",1,0,1,0,0,"F"
1,1,3,1,"FBB*BX","mesod001","","","4/P","T",1,0,1,0,0,"F"
1,2,2,2,"CBBFS","mesod001","","","K","T",1,0,1,0,0,"F"
0,0,2,1,"BBSX","","","","HR/9/F","T",0,4,0,0,0,"F"
0,0,0,0,"X","","","","S9/F","T",0,1,0,0,0,"F"
0,0,0,0,"1X","phamt001","","","D9/L.1-3","T",0,2,3,0,0,"F"
0,0,1,0,"BX","","carpm002","phamt001","S7/G+.3-H;2-3","T",0,1,0,3,4,"F"
0,0,1,0,"BX","ozunm001","","carpm002","53/G.1-2","T",1,0,2,0,3,"F"
0,1,1,0,"BX","","ozunm001","carpm002","S7/L+.3-H;2-H","T",0,1,0,4,4,"F"
0,1,3,1,"..B1BSBX","moliy001","","","3/P3F","T",1,0,1,0,0,"F"
0,2,1,1,"11BCX","moliy001","","","S9/L.1-3","T",0,1,3,0,0,"F"
0,2,1,2,"BTSFS","wongk001","","moliy001","K","T",1,0,1,0,3,"F"
1,0,2,2,"BCBFFT","","","","K","T",1,0,0,0,0,"F"
1,1,0,2,"CSX","","","","S2/G-","T",0,1,0,0,0,"F"
1,1,0,1,"CX","hamib001","","","64(1)/FO/G","T",1,1,0,0,0,"F"
1,2,2,2,"BCBCX","peraj003","","","13/G","T",1,0,1,0,0,"F"
0,0,0,0,"X","","","","S8/G","T",0,1,0,0,0,"F"
0,0,0,0,"X","fowld001","","","9/L","T",1,0,1,0,0,"F"
0,1,2,1,"BBC1X","fowld001","","","8/L","T",1,0,1,0,0,"F"
0,2,1,1,"FBX","fowld001","","","S8/G.1X3(85)","T",1,1,0,0,0,"F"
1,0,2,2,"BBFFX","","","","S9/G+","T",0,1,0,0,0,"F"
1,0,1,2,"CBCFX","genns001","","","HR/7/L.1-H","T",0,4,4,0,0,"F"
1,0,2,2,".CBSBFX","","","","7/F","T",1,0,0,0,0,"F"
1,1,1,2,"CSBC","","","","K","T",1,0,0,0,0,"F"
1,2,3,2,".BCFBBFX","","","","S8/G+","T",0,1,0,0,0,"F"
1,2,0,2,"FFC","blana002","","","K","T",1,0,1,0,0,"F"
0,0,3,2,"..FBBBFFFX","","","","3/P3F","T",1,0,0,0,0,"F"
0,1,0,2,"CCS","","","","K","T",1,0,0,0,0,"F"
0,2,2,2,"CBBFT","","","","K","T",1,0,0,0,0,"F"
1,0,3,2,".BBCBCB","","","","W","T",0,1,0,0,0,"F"
1,0,0,0,"X","hamib001","","","13/BG/SH.1-2","T",1,0,2,0,0,"F"
1,1,0,0,"X","","hamib001","","S7/L.2-H","T",0,1,0,4,0,"F"
1,1,1,2,"SBSC","vottj001","","","K","T",1,0,1,0,0,"F"
1,2,2,1,".CBB1","vottj001","","","PO1(13)","F",1,0,0,0,0,"F"
0,0,2,2,".CSBBX","","","","31/G","T",1,0,0,0,0,"F"
0,1,0,0,".X","","","","D7/L","T",0,2,0,0,0,"F"
0,1,3,2,"BSBBFFX","","munoy001","","13/G-.2-3","T",1,0,0,3,0,"F"
0,2,3,0,"VVVV","","","munoy001","IW","T",0,1,0,0,3,"F"
0,2,1,0,"B>C","phamt001","","munoy001","SB2","F",0,0,2,0,3,"F"
0,2,3,1,"B>C.BBB","","phamt001","munoy001","W","T",0,1,0,2,3,"F"
0,2,1,2,"SFBS","carpm002","phamt001","munoy001","K","T",1,0,1,2,3,"F"
1,0,3,2,".CFBBBS","","","","K","T",1,0,0,0,0,"F"
1,1,0,1,"CX","","","","S9/L","T",0,1,0,0,0,"F"
1,1,3,1,"BSBBB","duvaa001","","","W.1-2","T",0,1,2,0,0,"F"
1,1,2,2,"CBSBS","ervip001","duvaa001","","K","T",1,0,1,2,0,"F"
1,2,2,2,".CBS*BFC","ervip001","duvaa001","","K","T",1,0,1,2,0,"F"
0,0,3,1,"BBFBB","","","","W","T",0,1,0,0,0,"T"
0,0,3,1,"BBC1BB","phamt001","","","W.1-2","T",0,1,2,0,0,"F"
0,0,3,2,"CBBCF*BX","dejop001","phamt001","","9/F.2-3","T",1,0,1,3,0,"F"
0,1,1,1,"SBX","dejop001","","phamt001","8/F/SF.3-H;1-2","T",1,0,2,0,4,"F"
0,2,1,1,"CBX","","dejop001","","63/G+","T",1,0,0,2,0,"F"
1,0,2,2,"BBCCC","","","","K","T",1,0,0,0,0,"F"
1,1,1,1,"CBX","","","","63/G","T",1,0,0,0,0,"F"
1,2,1,0,"BX","","","","43/G","T",1,0,0,0,0,"F"
0,0,0,2,"FFFX","","","","43/G","T",1,0,0,0,0,"F"
0,1,2,2,"CBSBS","","","","K23","T",1,0,0,0,0,"F"
0,2,1,2,"FFBFX","","","","HR/9/L","T",0,4,0,0,0,"F"
0,2,1,2,"BCFX","","","","163/G","T",1,0,0,0,0,"F"
1,0,0,0,"X","","","","63/G","T",1,0,0,0,0,"F"
1,1,3,1,"BBBCB","","","","W","T",0,1,0,0,0,"F"
1,1,2,2,"*BFCF1BX","duvaa001","","","2/P5F","T",1,0,1,0,0,"F"
1,2,1,1,"CBX","duvaa001","","","3/P3F","T",1,0,1,0,0,"F"
0,0,1,0,"BX","","","","S8/G","T",0,1,0,0,0,"F"
0,0,2,2,"11B>FB11FS","phamt001","","","K","T",1,0,1,0,0,"F"
0,1,2,0,"BB>C","phamt001","","","SB2","F",0,0,2,0,0,"F"
0,1,3,2,"BB>C.CBB","","phamt001","","W","T",0,1,0,2,0,"F"
0,1,0,0,"2X","martj008","phamt001","","54(1)3/GDP","T",2,0,0,2,0,"F"
1,0,0,0,"X","","","","6/P5F","T",1,0,0,0,0,"F"
1,1,1,2,"CCBX","","","","43/G","T",1,0,0,0,0,"F"
1,2,2,2,"BBCCX","","","","63/G","T",1,0,0,0,0,"F"
0,0,1,0,"BX","","","","4/L","T",1,0,0,0,0,"F"
0,1,1,1,"FBX","","","","S7/G","T",0,1,0,0,0,"F"
0,1,1,2,"BF1C1FFS","badeh001","","","K","T",1,0,1,0,0,"F"
0,2,0,0,">B","badeh001","","","SB2","F",0,0,2,0,0,"F"
0,2,2,1,">B.FBX","","badeh001","","HR/9/L.2-H","T",0,4,0,4,0,"F"
0,2,1,2,"CBFS","","","","K","T",1,0,0,0,0,"F"
1,0,0,2,"CSS","","","","K","T",1,0,0,0,0,"F"
1,1,1,0,"BX","","","","7/F","T",1,0,0,0,0,"F"
1,2,1,1,"BFX","","","","S7/G","T",0,1,0,0,0,"F"
1,2,0,0,"X","genns001","","","8/F+","T",1,0,1,0,0,"F"
0,0,3,2,"BBFBCX","","","","S9/L","T",0,1,0,0,0,"F"
0,0,1,0,"BX","phamt001","","","53/G.1-2","T",1,0,2,0,0,"F"
0,1,0,0,">C","","phamt001","","SB3","F",0,0,0,3,0,"F"
0,1,1,2,">C.*BCX","","","phamt001","D9/F-.3-H","T",0,2,0,0,4,"F"
0,1,3,1,"BBBFB","","martj008","","W","T",0,1,0,2,0,"F"
0,1,0,1,".CX","ozunm001","martj008","","8/F","T",1,0,1,2,0,"F"
0,2,2,2,"CBBSFC","ozunm001","martj008","","K","T",1,0,1,2,0,"F"
1,0,2,1,"BCBX","","","","HR/9/F","T",0,4,0,0,0,"F"
1,0,0,0,"X","","","","S9/L","T",0,1,0,0,0,"F"
1,0,1,2,"1BCCX","ervip001","","","46(1)3/GDP","T",2,0,0,0,0,"F"
1,2,2,2,"CSBBS","","","","K","T",1,0,0,0,0,"F"
0,0,1,2,"FSBC","","","","K","T",1,0,0,0,0,"F"
0,1,2,1,"FBBX","","","","D9/L","T",0,2,0,0,0,"F"
0,1,0,2,"SSS","","garcg002","","K23","T",1,0,0,2,0,"F"
0,2,0,1,"CX","","garcg002","","D7/G.2-H","T",0,2,0,4,0,"F"
0,2,1,2,"C*BSS","","phamt001","","K","T",1,0,0,2,0,"F"
1,0,1,2,"FBFS","","","","K","T",1,0,0,0,0,"F"
1,1,0,0,"X","","","","13/L","T",1,0,0,0,0,"F"
1,2,1,0,"BX","","","","13/L","T",1,0,0,0,0,"F"
0,0,2,2,"..BFBFX","","","","63/G","T",1,0,0,0,0,"F"
0,1,0,1,"CX","","","","9/F","T",1,0,0,0,0,"F"
0,2,3,2,"CBFFBBX","","","","9/F","T",1,0,0,0,0,"F"
1,0,1,1,"CBX","","","","S7/L","T",0,1,0,0,0,"F"
1,0,0,1,"FX","genns001","","","53/G.1-2","T",1,0,2,0,0,"F"
1,1,0,0,"X","","genns001","","9/L","T",1,0,0,2,0,"F"
1,2,3,2,"CBCBFBFB","","genns001","","W","T",0,1,0,2,0,"F"
1,2,2,1,"BBSX","ervip001","genns001","","6/L","T",1,0,1,2,0,"F"
0,0,0,1,"FX","","","","9/F","T",1,0,0,0,0,"F"
0,1,3,2,"SBFBBX","","","","5/L","T",1,0,0,0,0,"F"
0,2,0,0,"X","","","","53/G-","T",1,0,0,0,0,"F"
1,0,1,2,".CCBX","","","","9/F","T",1,0,0,0,0,"F"
1,1,1,2,"BCCS","","","","K","T",1,0,0,0,0,"F"
1,2,2,2,".FBBCX","","","","S7/L","T",0,1,0,0,0,"F"
1,2,1,2,"CBCX","mesod001","","","13/G","T",1,0,1,0,0,"F"
0,0,1,2,"..BSFFH","","","","HP","T",0,1,0,0,0,"F"
0,0,1,2,"CBCS","wongk001","","","K","T",1,0,1,0,0,"F"
0,1,1,2,"FCBX","wongk001","","","7/F","T",1,0,1,0,0,"F"
0,2,3,1,"*BBCBB","wongk001","","","W.1-2","T",0,1,2,0,0,"F"
0,2,1,0,"BX","martj008","wongk001","","7/L","T",1,0,1,2,0,"F"
1,0,0,0,".X","","","","S7/L","T",0,1,0,0,0,"F"
1,0,0,1,"C1X","genns001","","","S5/G.1-2","T",0,1,2,0,0,"F"
1,0,1,1,"CBX","duvaa001","genns001","","46(1)/FO/G.2-3","T",1,1,0,3,0,"F"
1,1,3,2,"CSB*BBFB","barnt001","","genns001","W.1-2","T",0,1,2,0,3,"F"
1,1,1,2,"*BCFC","ervip001","barnt001","genns001","K","T",1,0,1,2,3,"F"
1,2,2,2,"CBFBFX","ervip001","barnt001","genns001","9/F","T",1,0,1,2,3,"F"
0,0,1,0,"BX","","","","7/F","T",1,0,0,0,0,"T"
0,1,1,2,"TBFX","","","","5/L","T",1,0,0,0,0,"F"
0,2,1,2,"CSBS","","","","K","T",1,0,0,0,0,"F"
1,0,2,2,"BBFFS","","","","K","T",1,0,0,0,0,"F"
1,1,1,2,"FFBFX","","","","D9/L","T",0,2,0,0,0,"F"
1,1,3,1,"BC*BBB","","peraj003","","W","T",0,1,0,2,0,"F"
1,1,1,1,"BFX","vottj001","peraj003","","36(1)/FO/G.2-3","T",1,1,0,3,0,"F"
1,2,0,2,"SCFX","genns001","","peraj003","64(1)/FO/G","T",1,1,0,0,3,"F"
0,0,1,2,"BCFFFS","","","","K","T",1,0,0,0,0,"F"
0,1,0,0,"X","","","","S8/G","T",0,1,0,0,0,"F"
0,1,0,2,"FCX","moliy001","","","36(1)/FO/G","T",1,1,0,0,0,"F"
0,2,1,0,"*BX","garcg002","","","HR/89/F.1-H","T",0,4,4,0,0,"F"
0,2,2,1,"BSBX","","","","9/F","T",1,0,0,0,0,"F"
1,0,3,2,"BCBBCFB","","","","W","T",0,1,0,0,0,"F"
1,0,0,2,"CCX","barnt001","","","8/F","T",1,0,1,0,0,"F"
1,1,1,2,"CBSFFT","barnt001","","","K","T",1,0,1,0,0,"F"
1,2,0,2,"FSS","barnt001","","","K","T",1,0,1,0,0,"F"
0,0,3,2,"BBCBCS","","","","K","T",1,0,0,0,0,"F"
0,1,1,2,"FBCX","","","","53/G","T",1,0,0,0,0,"F"
0,2,2,0,"BBX","","","","8/L+","T",1,0,0,0,0,"F"
1,0,0,1,"CX","","","","3/G","T",1,0,0,0,0,"F"
1,1,3,1,"BBBCB","","","","W","T",0,1,0,0,0,"F"
1,1,0,0,"1","peraj003","","","PO1(E1).1-2","F",0,0,2,0,0,"F"
1,1,2,2,"1.SBBFT","","peraj003","","K","T",1,0,0,2,0,"F"
1,2,0,2,"CCFB","","peraj003","","WP.2-3","F",0,0,0,3,0,"F"
1,2,1,2,"CCFB.FS","","","peraj003","K","T",1,0,0,0,3,"F"
0,0,1,0,"BX","","","","43/G","T",1,0,0,0,0,"F"
0,1,0,0,"X","","","","63/G+","T",1,0,0,0,0,"F"
0,2,1,2,"FFBX","","","","43/G+","T",1,0,0,0,0,"F"
1,0,0,0,"X","","","","D7/L+","T",0,2,0,0,0,"F"
1,0,3,0,"BBBB","","duvaa001","","W","T",0,1,0,2,0,"F"
1,0,0,0,"X","barnt001","duvaa001","","64(1)3/GDP.2-3","T",2,0,0,3,0,"F"
1,2,0,2,"CCT","","","duvaa001","K","T",1,0,0,0,3,"F"
0,0,2,0,"BBX","","","","4/P","T",1,0,0,0,0,"F"
0,1,3,1,"BBCBB","","","","W","T",0,1,0,0,0,"F"
0,1,0,0,"1>B","badeh001","","","CS2(26)","F",1,0,0,0,0,"F"
0,2,3,1,"1>B.BBCX","","","","7/F","T",1,0,0,0,0,"F"
1,0,1,2,"CCBS","","","","K","T",1,0,0,0,0,"F"
1,1,3,2,"FBFBBFT","","","","K","T",1,0,0,0,0,"F"
1,2,1,2,"FCBC","","","","K","T",1,0,0,0,0,"F"
0,0,0,1,"FX","","","","63/G","T",1,0,0,0,0,"F"
0,1,2,2,"CCBBS","","","","K","T",1,0,0,0,0,"F"
0,2,2,1,"BBFX","","","","63/G","T",1,0,0,0,0,"F"
1,0,0,0,"X","","","","31/G","T",1,0,0,0,0,"F"
1,1,3,2,"CBBBFC","","","","K","T",1,0,0,0,0,"F"
1,2,0,0,"X","","","","8/F","T",1,0,0,0,0,"F"
0,0,0,1,"CX","","","","3/G","T",1,0,0,0,0,"F"
0,1,3,2,"BBFCFBX","","","","D9/L+","T",0,2,0,0,0,"F"
0,1,1,2,"BCSX","","martj008","","S8/L+.2-H;BX2(84)","T",1,0,0,4,0,"F"
0,2,3,1,"BCBBB","","","","W","T",0,1,0,0,0,"F"
0,2,0,1,"1FX","garcg002","","","9/F","T",1,0,1,0,0,"F"
1,0,1,2,"BFSX","","","","13/G","T",1,0,0,0,0,"F"
1,1,0,1,"CX","","","","8/F","T",1,0,0,0,0,"F"
1,2,3,2,"CSBBBFH","","","","HP","T",0,1,0,0,0,"F"
1,2,0,2,".CSFT","ervip001","","","K","T",1,0,1,0,0,"F"
0,0,3,1,".BBBCX","","","","63/G","T",1,0,0,0,0,"F"
0,1,0,0,".X","","","","43/G","T",1,0,0,0,0,"F"
0,2,0,2,"SSC","","","","K","T",1,0,0,0,0,"F"
1,0,0,0,".X","","","","HR/78/F","T",0,4,0,0,0,"F"
1,0,1,1,"BFX","","","","E4/TH/G","T",0,1,0,0,0,"F"
1,0,1,2,"CFBFX","peraj003","","","46(1)3/GDP","T",2,0,0,0,0,"F"
1,2,2,2,"BSFBX","","","","43/G","T",1,0,0,0,0,"F"
0,0,2,1,"BCBX","","","","S9/L+","T",0,1,0,0,0,"F"
0,0,0,0,"1>S","phamt001","","","CS2(26)","F",1,0,0,0,0,"F"
0,1,1,2,"1>S.BSS","","","","K","T",1,0,0,0,0,"F"
0,2,3,0,".BBBX","","","","9/F","T",1,0,0,0,0,"F"
1,0,0,1,"...FX","","","","HR/78/F","T",0,4,0,0,0,"F"
1,0,1,1,"BFX","","","","S5/BG.B-2(E5/TH)","T",0,2,0,0,0,"F"
1,0,1,2,".MLBFS","","winkj002","","K","T",1,0,0,2,0,"F"
1,1,0,2,"SCC","","winkj002","","K","T",1,0,0,2,0,"F"
1,2,2,1,".BBCH","","winkj002","","HP","T",0,1,0,2,0,"F"
1,2,1,2,"BFCFX","mesod001","winkj002","","7/L","T",1,0,1,2,0,"F"
0,0,0,0,"X","","","","7/F","T",1,0,0,0,0,"T"
0,1,2,2,"BFFBFX","","","","53/G-","T",1,0,0,0,0,"F"
0,2,1,1,"BFX","","","","7/F","T",1,0,0,0,0,"F"
1,0,1,0,"BX","","","","8/F","T",1,0,0,0,0,"F"
1,1,2,2,"BSBSX","","","","S8/L","T",0,1,0,0,0,"F"
1,1,3,1,"CBBBB","peraj003","","","W.1-2","T",0,1,2,0,0,"F"
1,1,3,2,"BFCB*BS","vottj001","peraj003","","K","T",1,0,1,2,0,"F"
1,2,3,2,"CBBFF*B>B","vottj001","peraj003","","W.2-3;1-2","T",0,1,2,3,0,"F"
1,2,1,2,"SSBFC","duvaa001","vottj001","peraj003","K","T",1,0,1,2,3,"F"
0,0,1,1,"BCX","","","","7/F","T",1,0,0,0,0,"F"
0,1,2,0,"BBX","","","","9/F","T",1,0,0,0,0,"F"
0,2,1,0,"BX","","","","41/G","T",1,0,0,0,0,"F"
1,0,1,2,"CBFX","","","","8/F","T",1,0,0,0,0,"F"
1,1,3,2,"BCBSFFBX","","","","63/G","T",1,0,0,0,0,"F"
1,2,1,2,"FBFS","","","","K","T",1,0,0,0,0,"F"
0,0,3,2,"BCBBFFF*B","","","","W","T",0,1,0,0,0,"F"
0,0,2,2,"*B1FC11>F*BC","swand001","","","K","T",1,0,1,0,0,"F"
0,1,0,2,"MLM","swand001","","","K","T",1,0,1,0,0,"F"
0,2,2,2,"1FCF1*BB1>X","swand001","","","S7/L.1-H(UR)(E7/TH)(NR);B-2","T",0,2,5,0,0,"F"
0,2,3,2,"BCSBBFFS","","incie001","","K","T",1,0,0,2,0,"F"
1,0,1,1,"FBX","","","","63/G","T",1,0,0,0,0,"F"
1,1,1,2,"CSBFX","","","","9/F","T",1,0,0,0,0,"F"
1,2,2,2,"CBBTC","","","","K","T",1,0,0,0,0,"F"
0,0,1,1,"FBX","","","","31/G","T",1,0,0,0,0,"F"
0,1,3,2,"BCBCBX","","","","HR/78/F","T",0,4,0,0,0,"F"
0,1,1,0,"BX","","","","7/L","T",1,0,0,0,0,"F"
0,2,1,1,"BCX","","","","D9/L+","T",0,2,0,0,0,"F"
0,2,2,2,"CBF*BX","","tuckp001","","53/G","T",1,0,0,2,0,"F"
1,0,3,2,"CBBSFBFB","","","","W","T",0,1,0,0,0,"F"
1,0,2,1,"BFBX","genns001","","","9/F","T",1,0,1,0,0,"F"
1,1,1,2,"CBSF1FS","genns001","","","K","T",1,0,1,0,0,"F"
1,2,2,2,"TBBSS","genns001","","","K","T",1,0,1,0,0,"F"
0,0,3,2,"FBBBFC","","","","K","T",1,0,0,0,0,"F"
0,1,0,2,"SCC","","","","K","T",1,0,0,0,0,"F"
0,2,1,2,"CFFBX","","","","63/G","T",1,0,0,0,0,"F"
1,0,3,2,"BCBBSFT","","","","K","T",1,0,0,0,0,"F"
1,1,3,2,"CBBBCB","","","","W","T",0,1,0,0,0,"F"
1,1,0,2,"C1FX","hamib001","","","HR/8/F.1-H","T",0,4,4,0,0,"F"
1,1,0,1,"SX","","","","8/L","T",1,0,0,0,0,"F"
1,2,2,0,"BBX","","","","S9/L","T",0,1,0,0,0,"F"
1,2,3,2,".B*BBCS>S","vottj001","","","K","T",1,0,1,0,0,"F"
0,0,0,2,"CLFX","","","","13/G","T",1,0,0,0,0,"F"
0,1,0,1,"FX","","","","43/G","T",1,0,0,0,0,"F"
0,2,3,1,"BBBCX","","","","S7/G","T",0,1,0,0,0,"F"
0,2,2,2,"BC*BCX","markn001","","","7/F","T",1,0,1,0,0,"F"
1,0,3,2,"FBFBFFBFB","","","","W","T",0,1,0,0,0,"F"
1,0,1,1,"*BCX","duvaa001","","","S8/G+.1-3","T",0,1,3,0,0,"F"
1,0,3,0,"BBBB","barnt001","","duvaa001","W.1-2","T",0,1,2,0,3,"F"
1,0,2,2,"...FFB*BX","pennc001","barnt001","duvaa001","S7/L.3-H;2-3;1-2","T",0,1,2,3,4,"F"
1,0,0,2,"CTS","winkj002","pennc001","barnt001","K","T",1,0,1,2,3,"F"
1,1,1,1,"CBX","winkj002","pennc001","barnt001","32(3)/FO/G.2-3;1-2","T",1,1,2,3,0,"F"
1,2,1,0,"BX","sches001","winkj002","pennc001","S9/G.3-H;2-3;1-2","T",0,1,2,3,4,"F"
1,2,3,0,"...BBBB","peraj003","sches001","winkj002","W.3-H;2-3;1-2","T",0,1,2,3,4,"F"
1,2,0,1,"CX","vottj001","peraj003","sches001","S7/F.3-H;2-H;1-2","T",0,1,2,4,4,"F"
1,2,1,1,"CBX","genns001","vottj001","","64(1)/FO/G","T",1,1,0,2,0,"F"
0,0,0,2,".CCC","","","","K","T",1,0,0,0,0,"F"
0,1,0,1,"SX","","","","63/G","T",1,0,0,0,0,"F"
0,2,0,1,"CX","","","","7/L","T",1,0,0,0,0,"F"
1,0,2,2,"CBCBX","","","","53/G","T",1,0,0,0,0,"F"
1,1,2,2,"BBFCFX","","","","63/G","T",1,0,0,0,0,"F"
1,2,0,2,"CSS","","","","K","T",1,0,0,0,0,"F"
0,0,0,0,".X","","","","63/G","T",1,0,0,0,0,"F"
0,1,1,2,"CFBX","","","","S7/L","T",0,1,0,0,0,"F"
0,1,0,1,"F1X","incie001","","","4/P","T",1,0,1,0,0,"F"
0,2,0,2,"FFFX","incie001","","","S9/L.1-3","T",0,1,3,0,0,"F"
0,2,0,0,">B","freef001","","incie001","DI.1-2","F",0,0,2,0,3,"F"
0,2,3,2,">B.BSBFFX","","freef001","incie001","S8/L.3-H;2-H","T",0,1,0,4,4,"F"
0,2,0,0,".X","markn001","","","64(1)/FO/G","T",1,1,0,0,0,"F"
1,0,2,2,".CCBBFX","","","","S8/L","T",0,1,0,0,0,"F"
1,0,0,0,"1>P","hamib001","","","SB2","F",0,0,2,0,0,"F"
1,0,2,2,"1>P.FFBX","","hamib001","","S7/G+.2-H","T",0,1,0,4,0,"F"
1,0,3,2,"FBFF*BB*B","sches001","","","W.1-2","T",0,1,2,0,0,"F"
1,0,1,2,"CCBFS","peraj003","sches001","","K","T",1,0,1,2,0,"F"
1,1,3,2,"BSS*BFBX","peraj003","sches001","","7/F","T",1,0,1,2,0,"F"
1,2,2,1,"BBCX","peraj003","sches001","","D7/L.2-H;1-H","T",0,2,4,4,0,"F"
1,2,1,1,"BFX","","duvaa001","","63/G","T",1,0,0,2,0,"F"
0,0,1,2,"BCCS","","","","K","T",1,0,0,0,0,"F"
0,1,3,1,"CBBBX","","","","63/G","T",1,0,0,0,0,"F"
0,2,1,1,"BCX","","","","31/G","T",1,0,0,0,0,"F"
0,0,0,2,"CFC","","","","K","T",1,0,0,0,0,"T"
0,1,1,2,"SFBS","","","","K","T",1,0,0,0,0,"F"
0,2,1,1,"BSX","","","","8/L","T",1,0,0,0,0,"F"
1,0,3,2,"BCBFBX","","","","8/F","T",1,0,0,0,0,"F"
1,1,0,0,"X","","","","3/G","T",1,0,0,0,0,"F"
1,2,0,1,"TX","","","","63/G","T",1,0,0,0,0,"F"
0,0,3,2,"CBBBFFFFB","","","","W","T",0,1,0,0,0,"F"
0,0,1,2,"CFBS","markn001","","","K","T",1,0,1,0,0,"F"
0,1,2,2,"CSBBX","markn001","","","3/G.1-1","T",1,0,1,0,0,"F"
0,2,1,2,"FBTFS","markn001","","","K","T",1,0,1,0,0,"F"
1,0,1,2,"FBFX","","","","S7/L","T",0,1,0,0,0,"F"
1,0,1,2,"BCCX","genns001","","","9/L","T",1,0,1,0,0,"F"
1,1,3,1,"BCBBB","genns001","","","W.1-2","T",0,1,2,0,0,"F"
1,1,0,0,"X","barnt001","genns001","","S8/L+.2-3;1-2","T",0,1,2,3,0,"F"
1,1,0,0,"X","blana002","barnt001","genns001","E3/TH/FO/G.3-H(NR)(UR);2-3;1-2","T",0,1,2,3,5,"F"
1,1,0,0,"X","mahlt001","blana002","barnt001","S1/G.3-H;2-3;1-2","T",0,1,2,3,4,"F"
1,1,1,0,"BX","hamib001","mahlt001","blana002","7/L/SF.3-H(UR)","T",1,0,1,2,5,"F"
1,2,0,2,"CFX","hamib001","mahlt001","","S9/G.2-3;1-2","T",0,1,2,3,0,"F"
1,2,0,1,"FX","peraj003","hamib001","mahlt001","43/G","T",1,0,1,2,3,"F"
0,0,2,2,"BBCFS","","","","K","T",1,0,0,0,0,"F"
0,1,1,2,"BCCS","","","","K","T",1,0,0,0,0,"F"
0,2,0,1,"CX","","","","13/G","T",1,0,0,0,0,"F"
1,0,0,2,"SFX","","","","7/F","T",1,0,0,0,0,"F"
1,1,1,0,"BX","","","","3/P","T",1,0,0,0,0,"F"
1,2,0,1,"FX","","","","9/L+","T",1,0,0,0,0,"F"
0,0,1,1,"FBX","","","","9/L","T",1,0,0,0,0,"F"
0,1,1,2,"SBFX","","","","13/G+","T",1,0,0,0,0,"F"
0,2,3,2,"CBSBBB","","","","W","T",0,1,0,0,0,"F"
0,2,0,1,"CX","markn001","","","64(1)/FO/G","T",1,1,0,0,0,"F"
1,0,3,2,"CCBBBX","","","","63/G","T",1,0,0,0,0,"F"
1,1,0,0,"X","","","","31/G","T",1,0,0,0,0,"F"
1,2,3,2,"TBSBFBFFC","","","","K","T",1,0,0,0,0,"F"
0,0,2,2,"SBBFFS","","","","K","T",1,0,0,0,0,"F"
0,1,1,1,"SBX","","","","4/P","T",1,0,0,0,0,"F"
0,2,3,2,"BBFSBC","","","","K","T",1,0,0,0,0,"F"
1,0,0,2,"FFX","","","","7/F","T",1,0,0,0,0,"F"
1,1,1,1,"CBX","","","","9/F","T",1,0,0,0,0,"F"
1,2,0,1,"CX","","","","HR/7/F","T",0,4,0,0,0,"F"
1,2,2,0,"BBX","","","","HR/9/F","T",0,4,0,0,0,"F"
1,2,0,0,"X","","","","63/G","T",1,0,0,0,0,"F"
0,0,2,2,".SBBFC","","","","K","T",1,0,0,0,0,"F"
0,1,0,2,"CSC","","","","K","T",1,0,0,0,0,"F"
0,2,1,2,"TSBFS","","","","K","T",1,0,0,0,0,"F"
1,0,1,2,".FFBFS","","","","K","T",1,0,0,0,0,"F"
1,1,2,2,"CBCBX","","","","S8/G+","T",0,1,0,0,0,"F"
1,1,1,2,"MLBX","blana002","","","24/BG/SH.1-2","T",1,0,2,0,0,"F"
1,2,0,1,"FX","","blana002","","63/G","T",1,0,0,2,0,"F"
0,0,1,1,"BFX","","","","HR/89/F","T",0,4,0,0,0,"F"
0,0,0,0,"X","","","","D8/L","T",0,2,0,0,0,"F"
0,0,2,2,"FSBFBX","","markn001","","HR/7/F.2-H","T",0,4,0,4,0,"F"
0,0,2,0,".BBX","","","","13/G","T",1,0,0,0,0,"F"
0,1,3,2,"CBBBCX","","","","S7/L","T",0,1,0,0,0,"F"
0,1,1,0,"BX","swand001","","","36(1)3/GDP","T",2,0,0,0,0,"F"
1,0,1,0,".BX","","","","D7/L+","T",0,2,0,0,0,"F"
1,0,0,2,".LLX","","ervip001","","S8/G.2-3","T",0,1,0,3,0,"F"
1,0,2,2,"C*BFBF1FFS","peraj003","","ervip001","K","T",1,0,1,0,3,"F"
1,1,0,0,">X","peraj003","","ervip001","53/BG/SH.3-H;1-2","T",1,0,2,0,4,"F"
1,2,3,0,"VVVV","","peraj003","","IW","T",0,1,0,2,0,"F"
1,2,0,1,"F>B","duvaa001","peraj003","","SB3;SB2","F",0,0,2,3,0,"F"
1,2,2,2,"F>B.BSX","","duvaa001","peraj003","S4/G.3-H;2XH(45)","T",1,1,0,0,4,"F"
0,0,0,0,"..X","","","","63/G+","T",1,0,0,0,0,"F"
0,1,2,2,"BFFBFFC","","","","K","T",1,0,0,0,0,"F"
0,2,1,0,"BX","","","","8/F","T",1,0,0,0,0,"F"
1,0,3,2,".CBBBCFB","","","","W","T",0,1,0,0,0,"F"
1,0,0,2,"CML","blana002","","","K/BF","T",1,0,1,0,0,"F"
1,1,2,2,"1SBBSX","blana002","","","8/L","T",1,0,1,0,0,"F"
1,2,3,2,"TBS*BFB>X","blana002","","","7/F","T",1,0,1,0,0,"F"
0,0,1,2,"CBFFFFX","","","","HR/89/F","T",0,4,0,0,0,"F"
0,0,1,1,"BCX","","","","31/G","T",1,0,0,0,0,"F"
0,1,2,1,"BBCX","","","","S9/G","T",0,1,0,0,0,"F"
0,1,2,1,"BBFX","suzuk001","","","D8/L+.1-3","T",0,2,3,0,0,"F"
0,1,3,1,".FBBBB","","tuckp001","suzuk001","W","T",0,1,0,2,3,"F"
0,1,0,2,"FCS","swand001","tuckp001","suzuk001","K","T",1,0,1,2,3,"F"
0,2,3,2,".BBFS*B>F>B","swand001","tuckp001","suzuk001","W.3-H;2-3;1-2","T",0,1,2,3,4,"F"
0,2,0,2,"FFX","camaj001","swand001","tuckp001","S4/G+.3-H;2-H;1-2","T",0,1,2,4,4,"F"
0,2,0,0,"X","incie001","camaj001","","36(1)/FO/G+","T",1,1,0,2,0,"F"
1,0,3,2,"..SFBFBBX","","","","S7/G","T",0,1,0,0,0,"F"
1,0,2,2,"FB1SBX","peraj003","","","7/F","T",1,0,1,0,0,"F"
1,1,1,2,"1>F11BC11FF>X","peraj003","","","43/G.1-2","T",1,0,2,0,0,"F"
1,2,0,1,"CX","","peraj003","","8/L","T",1,0,0,2,0,"F"
0,0,2,0,".BBX","","","","31/G","T",1,0,0,0,0,"F"
0,1,2,1,"BBCX","","","","S7/L","T",0,1,0,0,0,"F"
0,1,1,0,"...*BH","markn001","","","HP.1-2","T",0,1,2,0,0,"F"
0,1,1,1,"BSX","suzuk001","markn001","","3/G.2-3;1-2","T",1,0,2,3,0,"F"
0,2,3,2,"BFSBBFC","","suzuk001","markn001","K","T",1,0,0,2,3,"F"
1,0,2,2,"FBSBS","","","","K","T",1,0,0,0,0,"F"
1,1,0,2,"CCS","","","","K","T",1,0,0,0,0,"F"
1,2,2,2,"BCBCS","","","","K","T",1,0,0,0,0,"F"
0,0,2,0,"BBX","","","","7/F","T",1,0,0,0,0,"F"
0,1,0,1,"CX","","","","63/G","T",1,0,0,0,0,"F"
0,2,1,0,"BX","","","","S9/L","T",0,1,0,0,0,"F"
0,2,2,2,".B1BCSS","incie001","","","K","T",1,0,1,0,0,"F"
1,0,2,2,".BCBSX","","","","43/G-","T",1,0,0,0,0,"F"
1,1,2,1,"BBFX","","","","9/F","T",1,0,0,0,0,"F"
1,2,2,1,"CBBX","","","","9/F","T",1,0,0,0,0,"F"
0,0,2,2,"SBBSX","","","","43/G","T",1,0,0,0,0,"F"
0,1,3,2,"FBFBBX","","","","31/G","T",1,0,0,0,0,"F"
0,2,0,1,"SX","","","","S7/L","T",0,1,0,0,0,"F"
0,2,2,2,"BFBFX","suzuk001","","","5/P","T",1,0,1,0,0,"F"
1,0,3,1,".CBBBB","","","","W","T",0,1,0,0,0,"F"
1,0,1,2,"CC*BX","vottj001","","","HR/89/F.1-H","T",0,4,4,0,0,"F"
0,0,1,1,"CBX","","","","S7/L","T",0,1,0,0,0,"T"
0,0,1,2,"BFS*B","incie001","","","SB2","F",0,0,2,0,0,"F"
0,0,2,2,"BFS*B.FX","","incie001","","S4/G.2-H(UR)(E4/TH)(NR);B-2","T",0,2,0,5,0,"F"
0,0,2,2,"BSBFS","","albio001","","K","T",1,0,0,2,0,"F"
0,1,3,1,"BBCBB","","albio001","","W","T",0,1,0,2,0,"F"
0,1,2,2,"B>BF2FFC","markn001","albio001","","K","T",1,0,1,2,0,"F"
0,2,0,0,"X","markn001","albio001","","8/F+","T",1,0,1,2,0,"F"
1,0,1,0,"BX","","","","S9/L+","T",0,1,0,0,0,"F"
1,0,0,0,"X","winkj002","","","S8/L+.1-2","T",0,1,2,0,0,"F"
1,0,1,2,"CBCFX","peraj003","winkj002","","S8/G.2-3;1-2","T",0,1,2,3,0,"F"
1,0,1,2,"CSBX","vottj001","peraj003","winkj002","8/F","T",1,0,1,2,3,"F"
1,1,2,2,"BF*BCX","vottj001","peraj003","winkj002","4(1)3/GDP","T",2,0,0,2,3,"F"
0,0,0,1,"CX","","","","5/L+","T",1,0,0,0,0,"F"
0,1,1,1,"CBX","","","","9/F","T",1,0,0,0,0,"F"
0,2,0,2,"CFS","","","","K","T",1,0,0,0,0,"F"
1,0,0,1,"SX","","","","8/L+","T",1,0,0,0,0,"F"
1,1,0,0,"X","","","","43/G","T",1,0,0,0,0,"F"
1,2,0,0,"X","","","","S9/L","T",0,1,0,0,0,"F"
1,2,2,0,"BBX","blana002","","","46(1)/FO/G","T",1,1,0,0,0,"F"
0,0,0,1,"FX","","","","S3/G-","T",0,1,0,0,0,"F"
0,0,2,2,"BS11S>FFB1>X","incie001","","","9/F","T",1,0,1,0,0,"F"
0,1,0,1,"S1X","incie001","","","S7/F.1-2","T",0,1,2,0,0,"F"
0,1,2,0,"BBX","freef001","incie001","","8/F.2-3","T",1,0,1,3,0,"F"
0,2,3,1,"*BB*BCX","freef001","","incie001","D7/L.3-H;1-3","T",0,2,3,0,4,"F"
0,2,0,0,"X","","camaj001","freef001","9/L","T",1,0,0,2,3,"F"
1,0,1,1,"CBX","","","","S9/L+","T",0,1,0,0,0,"F"
1,0,0,0,"X","winkj002","","","8/L","T",1,0,1,0,0,"F"
1,1,3,2,"BBBC1F>F>B","winkj002","","","W.1-2","T",0,1,2,0,0,"F"
1,1,2,2,"BCBFX","vottj001","winkj002","","4/P/IF","T",1,0,1,2,0,"F"
1,2,1,2,"SFBX","vottj001","winkj002","","4/P","T",1,0,1,2,0,"F"
0,0,3,2,"FFBBFBX","","","","7/L","T",1,0,0,0,0,"F"
0,1,0,0,"X","","","","9/F","T",1,0,0,0,0,"F"
0,2,1,2,"CFBC","","","","K","T",1,0,0,0,0,"F"
1,0,1,0,"BX","","","","43/G","T",1,0,0,0,0,"F"
1,1,0,2,"CFFX","","","","6/P","T",1,0,0,0,0,"F"
1,2,3,1,"BCBBX","","","","S9/G","T",0,1,0,0,0,"F"
1,2,1,0,"BX","blana002","","","8/L+","T",1,0,1,0,0,"F"
0,0,0,0,"X","","","","43/G","T",1,0,0,0,0,"F"
0,1,0,0,"X","","","","HR/7/F","T",0,4,0,0,0,"F"
0,1,0,1,"SX","","","","6/L","T",1,0,0,0,0,"F"
0,2,1,1,"BCX","","","","S8/L+","T",0,1,0,0,0,"F"
0,2,1,2,"SFBX","markn001","","","13/G","T",1,0,1,0,0,"F"
1,0,3,2,"CBCFBBB","","","","W","T",0,1,0,0,0,"F"
1,0,1,0,"B+1X","winkj002","","","7/L","T",1,0,1,0,0,"F"
1,1,0,0,"X","winkj002","","","HR/78/F.1-H","T",0,4,4,0,0,"F"
1,1,2,0,"BBX","","","","43/G","T",1,0,0,0,0,"F"
1,2,3,2,"BSBFBB","","","","W","T",0,1,0,0,0,"F"
1,2,0,0,"X","duvaa001","","","D8/L+.1-H","T",0,2,4,0,0,"F"
1,2,0,1,"CX","","sches001","","D9/L.2-H","T",0,2,0,4,0,"F"
1,2,1,2,"CBFX","","barnt001","","9/F","T",1,0,0,2,0,"F"
0,0,3,2,"..BCBFBC","","","","K","T",1,0,0,0,0,"F"
0,1,0,2,"CFX","","","","8/F","T",1,0,0,0,0,"F"
0,2,1,1,"BFX","","","","7/L","T",1,0,0,0,0,"F"
1,0,0,2,"..SFX","","","","S5/G-","T",0,1,0,0,0,"F"
1,0,2,0,"BBX","pennc001","","","6/P","T",1,0,1,0,0,"F"
1,1,2,2,"C*BF*BX","pennc001","","","6(1)3/GDP","T",2,0,0,0,0,"F"
0,0,0,2,"FFFFS","","","","K","T",1,0,0,0,0,"F"
0,1,0,0,"X","","","","S7/G","T",0,1,0,0,0,"F"
0,1,1,1,">F1B+1>B","incie001","","","SB2","F",0,0,2,0,0,"F"
0,1,2,1,">F1B+1>B.X","","incie001","","8/F","T",1,0,0,2,0,"F"
0,2,3,0,"BVVV","","incie001","","IW","T",0,1,0,2,0,"F"
0,2,2,1,"BCBX","freef001","incie001","","53/G-","T",1,0,1,2,0,"F"
1,0,0,2,"CFX","","","","63/G","T",1,0,0,0,0,"F"
1,1,2,1,"BBFX","","","","D8/L+","T",0,2,0,0,0,"F"
1,1,3,0,"VVVV","","genns001","","IW","T",0,1,0,2,0,"F"
1,1,1,1,"BSX","duvaa001","genns001","","S6/G+.2-3;1-2","T",0,1,2,3,0,"F"
1,1,2,2,"CF*BBFC","sches001","duvaa001","genns001","K","T",1,0,1,2,3,"F"
1,2,1,2,".FSBS","sches001","duvaa001","genns001","K","T",1,0,1,2,3,"F"
0,0,2,2,"..BBCFFFX","","","","9/F","T",1,0,0,0,0,"F"
0,1,1,2,"BCFX","","","","S8/G","T",0,1,0,0,0,"F"
0,1,3,2,"SBFF*BF*B+1>X","acunr001","","","S7/G.1-3","T",0,1,3,0,0,"F"
0,1,2,2,".FFBBS","swand001","","acunr001","K","T",1,0,1,0,3,"F"
0,2,1,0,"BX","swand001","","acunr001","S8/G.3-H;1-2","T",0,1,2,0,4,"F"
0,2,1,0,"BX","suzuk001","swand001","","43/G","T",1,0,1,2,0,"F"
1,0,0,1,".SX","","","","3/L-","T",1,0,0,0,0,"F"
1,1,0,0,"X","","","","63/G","T",1,0,0,0,0,"F"
1,2,1,1,"CBX","","","","63/G","T",1,0,0,0,0,"F"
0,0,2,2,"BFFBFH","","","","HP","T",0,1,0,0,0,"F"
0,0,0,0,"X","albio001","","","S8/L+.1-2","T",0,1,2,0,0,"F"
0,0,2,1,"...CBBX","freef001","albio001","","54(1)/FO/G.2-3","T",1,1,0,3,0,"F"
0,1,1,2,"C>LBX","markn001","","albio001","D67/G.3-H;1-3","T",0,2,3,0,4,"F"
0,1,0,2,"FSS","","camaj001","markn001","K","T",1,0,0,2,3,"F"
0,2,0,0,"X","","camaj001","markn001","53/G-","T",1,0,0,2,3,"F"
1,0,0,0,".X","","","","7/F","T",1,0,0,0,0,"F"
1,1,2,2,"BBFSS","","","","K","T",1,0,0,0,0,"F"
1,2,2,2,"SBFBX","","","","8/F+","T",1,0,0,0,0,"F"
0,0,1,0,"BX","","","","5/P5F","T",1,0,0,0,0,"T"
0,1,0,2,"CFS","","","","K","T",1,0,0,0,0,"F"
0,2,0,0,"X","","","","D9/L+","T",0,2,0,0,0,"F"
0,2,0,0,"X","","freef001","","S9/L+.2-H;B-2(TH)","T",0,2,0,4,0,"F"
0,2,0,2,"CFX","","markn001","","13/G-","T",1,0,0,2,0,"F"
1,0,1,2,"CBSS","","","","K","T",1,0,0,0,0,"F"
1,1,0,2,"CST","","","","K","T",1,0,0,0,0,"F"
1,2,0,2,"FCFX","","","","63/G","T",1,0,0,0,0,"F"
0,0,3,1,"BBSBX","","","","HR/7/F","T",0,4,0,0,0,"F"
0,0,2,2,"CBFFFBX","","","","63/G","T",1,0,0,0,0,"F"
0,1,0,1,"CX","","","","S8/L","T",0,1,0,0,0,"F"
0,1,0,0,"X","flahr001","","","14/BG/SH.1-2","T",1,0,2,0,0,"F"
0,2,0,0,"X","","flahr001","","9/F","T",1,0,0,2,0,"F"
1,0,1,1,"BSX","","","","9/F","T",1,0,0,0,0,"F"
1,1,1,2,"CBCS","","","","K","T",1,0,0,0,0,"F"
1,2,0,0,"X","","","","S7/G+","T",0,1,0,0,0,"F"
1,2,1,1,"C*BX","mesod001","","","43/G+","T",1,0,1,0,0,"F"
0,0,0,0,"X","","","","6/P","T",1,0,0,0,0,"F"
0,1,1,0,"BX","","","","31/G","T",1,0,0,0,0,"F"
0,2,0,1,"CX","","","","3/P","T",1,0,0,0,0,"F"
1,0,2,2,"CBBFC","","","","K","T",1,0,0,0,0,"F"
1,1,0,2,"CFC","","","","K","T",1,0,0,0,0,"F"
1,2,2,2,"CSBBS","","","","K","T",1,0,0,0,0,"F"
0,0,0,0,"X","","","","53/G","T",1,0,0,0,0,"F"
0,1,0,1,"CX","","","","8/F","T",1,0,0,0,0,"F"
0,2,3,2,"BBBCFX","","","","8/L+","T",1,0,0,0,0,"F"
1,0,1,0,"BX","","","","S7/G","T",0,1,0,0,0,"F"
1,0,1,1,"BF>X","peraj003","","","7/F","T",1,0,1,0,0,"F"
1,1,3,0,"BBBB","peraj003","","","W.1-2","T",0,1,2,0,0,"F"
1,1,1,2,"TFBX","duvaa001","peraj003","","9/F","T",1,0,1,2,0,"F"
1,2,1,1,"CBX","duvaa001","peraj003","","8/F","T",1,0,1,2,0,"F"
0,0,0,1,"LX","","","","63/G","T",1,0,0,0,0,"F"
0,1,0,1,"CX","","","","S7/G","T",0,1,0,0,0,"F"
0,1,1,0,"BX","newcs001","","","9/F","T",1,0,1,0,0,"F"
0,2,1,0,"BX","newcs001","","","HR/9/F.1-H","T",0,4,4,0,0,"F"
0,2,0,0,"X","","","","D9/L+","T",0,2,0,0,0,"F"
0,2,3,0,"VVVV","","freef001","","IW","T",0,1,0,2,0,"F"
0,2,0,0,"X","markn001","freef001","","2/P3F","T",1,0,1,2,0,"F"
1,0,1,1,"SBX","","","","63/G","T",1,0,0,0,0,"F"
1,1,2,0,"BBX","","","","S7/G","T",0,1,0,0,0,"F"
1,1,3,0,".BBBB","blana002","","","W.1-2","T",0,1,2,0,0,"F"
1,1,3,0,"BBBB","gossp001","blana002","","W.2-3;1-2","T",0,1,2,3,0,"F"
1,1,0,2,"FFX","hamib001","gossp001","blana002","54(1)/FO/G.3-H;2-3","T",1,1,0,3,4,"F"
1,2,0,1,"SX","peraj003","","gossp001","HR/8/F.3-H;1-H","T",0,4,4,0,4,"F"
1,2,1,2,"BCCS","","","","K","T",1,0,0,0,0,"F"
0,0,2,2,"..BFSBFX","","","","S6/G","T",0,1,0,0,0,"F"
0,0,2,2,"CF11BBC","acunr001","","","K","T",1,0,1,0,0,"F"
0,1,2,2,".BFBCX","acunr001","","","6/L/DP.1X1(63)","T",2,0,0,0,0,"F"
1,0,2,2,"BCSBFX","","","","3/P","T",1,0,0,0,0,"F"
1,1,3,2,"BCFBBX","","","","53/G","T",1,0,0,0,0,"F"
1,2,1,2,"BFFX","","","","S9/L","T",0,1,0,0,0,"F"
1,2,2,1,"BFBX","sches001","","","8/F","T",1,0,1,0,0,"F"
0,0,0,2,".FSS","","","","K","T",1,0,0,0,0,"F"
0,1,3,2,"FBBFFBFX","","","","7/F","T",1,0,0,0,0,"F"
0,2,0,0,"X","","","","4/P","T",1,0,0,0,0,"F"
1,0,3,2,".BFCFFBBFFX","","","","63/G","T",1,0,0,0,0,"F"
1,1,3,1,"BBBCX","","","","4/P3F","T",1,0,0,0,0,"F"
1,2,2,2,"BSSBX","","","","8/L","T",1,0,0,0,0,"F"
0,0,1,1,".BCX","","","","D8/L+","T",0,2,0,0,0,"F"
0,0,2,1,"BBCX","","freef001","","7/L","T",1,0,0,2,0,"F"
0,1,0,1,"FX","","freef001","","6/P","T",1,0,0,2,0,"F"
0,2,0,0,"X","","freef001","","D9/F.2-H","T",0,2,0,4,0,"F"
0,2,0,0,"X","","acunr001","","S7/G.2-H","T",0,1,0,4,0,"F"
0,2,1,2,"C>FB11","swand001","","","POCS2(136)","F",1,0,0,0,0,"F"
1,0,2,2,"BCBFC","","","","K","T",1,0,0,0,0,"F"
1,1,2,2,"..CBFFBX","","","","43/G","T",1,0,0,0,0,"F"
1,2,2,2,"SBSFBS","","","","K","T",1,0,0,0,0,"F"
0,0,1,2,".FSBFFS","","","","K","T",1,0,0,0,0,"F"
0,1,1,1,".BCX","","","","6/P","T",1,0,0,0,0,"F"
0,2,0,1,"FX","","","","S8/G","T",0,1,0,0,0,"F"
0,2,3,2,"C1PPCB>X","incie001","","","D9/G.1-H","T",0,2,4,0,0,"F"
0,2,3,0,"VVVV","","albio001","","IW","T",0,1,0,2,0,"F"
0,2,2,1,"BBFX","freef001","albio001","","13/G","T",1,0,1,2,0,"F"
1,0,2,2,".BBCFFS","","","","K","T",1,0,0,0,0,"F"
1,1,3,2,"BBBCCFFFX","","","","8/F+","T",1,0,0,0,0,"F"
1,2,1,1,".BFX","","","","D9/L","T",0,2,0,0,0,"F"
1,2,3,1,".BBFBB","","winkj002","","W","T",0,1,0,2,0,"F"
1,2,0,0,".X","genns001","winkj002","","7/F","T",1,0,1,2,0,"F"
0,0,3,1,"BBFBB","","","","W","T",0,1,0,0,0,"T"
0,0,0,0,"X","cainl001","","","6/P","T",1,0,1,0,0,"F"
0,1,2,2,"CB*BF*B","cainl001","","","SB2","F",0,0,2,0,0,"F"
0,1,3,2,"CB*BF*B.F*B","","cainl001","","W","T",0,1,0,2,0,"F"
0,1,2,2,"BFC*BX","braur002","cainl001","","9/F.2-3","T",1,0,1,3,0,"F"
0,2,1,0,"BX","braur002","","cainl001","4/L","T",1,0,1,0,3,"F"
1,0,2,2,"CBFBX","","","","63/G","T",1,0,0,0,0,"F"
1,1,0,1,"FX","","","","4/P","T",1,0,0,0,0,"F"
1,2,3,2,"CBBBFB","","","","W","T",0,1,0,0,0,"F"
1,2,0,0,"X","vottj001","","","43/G","T",1,0,1,0,0,"F"
0,0,0,0,"X","","","","9/L","T",1,0,0,0,0,"F"
0,1,2,2,"BBFCS","","","","K","T",1,0,0,0,0,"F"
0,2,0,1,"FX","","","","13/G","T",1,0,0,0,0,"F"
1,0,1,1,"CBX","","","","63/G","T",1,0,0,0,0,"F"
1,1,3,0,"BBBB","","","","W","T",0,1,0,0,0,"F"
1,1,3,2,"1*B+1C*BSB>S","barnt001","","","K+CS2(24)/DP","T",2,0,0,0,0,"F"
0,0,1,0,"BX","","","","43/G","T",1,0,0,0,0,"F"
0,1,3,2,"CBBFFFBFX","","","","8/F","T",1,0,0,0,0,"F"
0,2,1,1,"BCX","","","","S9/G","T",0,1,0,0,0,"F"
0,2,2,2,"SBBFX","yelic001","","","S8/G.1-3","T",0,1,3,0,0,"F"
0,2,1,0,"BX","braur002","","yelic001","2/P2F","T",1,0,1,0,3,"F"
1,0,1,0,"BX","","","","3/G","T",1,0,0,0,0,"F"
1,1,0,0,"X","","","","13/BG","T",1,0,0,0,0,"F"
1,2,1,0,"BX","","","","D8/L","T",0,2,0,0,0,"F"
1,2,2,2,"LSBF*BX","","winkj002","","8/L","T",1,0,0,2,0,"F"
0,0,0,0,"X","","","","63/G","T",1,0,0,0,0,"F"
0,1,2,1,"CBBX","","","","HR/8/F","T",0,4,0,0,0,"F"
0,1,3,2,"BLCFBBB","","","","W","T",0,1,0,0,0,"F"
0,1,2,2,"CCFB1BX","villj001","","","46(1)3/GDP","T",2,0,0,0,0,"F"
1,0,1,0,"BH","","","","HP","T",0,1,0,0,0,"F"
1,0,2,1,"C*BBX","vottj001","","","D7/L.1-3","T",0,2,3,0,0,"F"
1,0,0,1,"FX","","sches001","vottj001","D7/L+.3-H;2-H","T",0,2,0,4,4,"F"
1,0,3,0,"BB*BB","","suare001","","W","T",0,1,0,2,0,"F"
1,0,1,1,"BCX","barnt001","suare001","","64(1)3/GDP.2-3","T",2,0,0,3,0,"F"
1,2,0,2,"CCX","","","suare001","3/G","T",1,0,0,0,3,"F"
0,0,3,1,"CBBBX","","","","S9/L+","T",0,1,0,0,0,"F"
0,0,2,2,"BCF*BX","chacj001","","","HR/78/F.1-H","T",0,4,4,0,0,"F"
0,0,1,2,"CBSS","","","","K","T",1,0,0,0,0,"F"
0,1,1,1,"SBX","","","","9/F","T",1,0,0,0,0,"F"
0,2,3,1,"BBCBX","","","","9/F","T",1,0,0,0,0,"F"
1,0,1,1,"FBX","","","","D7/L-","T",0,2,0,0,0,"F"
1,0,0,0,"X","","hamib001","","S3/BG.2-3","T",0,1,0,3,0,"F"
1,0,0,1,"SX","winkj002","","hamib001","8/L/SF.3-H","T",1,0,1,0,4,"F"
1,1,3,2,".1BCSBBB","winkj002","","","W.1-2","T",0,1,2,0,0,"F"
1,1,0,0,"X","vottj001","winkj002","","S7/G.2-3;1-2","T",0,1,2,3,0,"F"
1,1,1,2,".BCFX","sches001","vottj001","winkj002","S8/G.3-H;2-H;1-2","T",0,1,2,4,4,"F"
1,1,1,2,"CS*BX","suare001","sches001","","8/F","T",1,0,1,2,0,"F"
1,2,2,2,"BFCBC","suare001","sches001","","K","T",1,0,1,2,0,"F"
0,0,2,2,".BCCBFT","","","","K","T",1,0,0,0,0,"F"
0,1,2,2,"CBFFBFX","","","","13/G-","T",1,0,0,0,0,"F"
0,2,2,2,"CBBSFFX","","","","S8/G","T",0,1,0,0,0,"F"
0,2,0,0,"11>B","villj001","","","SB2","F",0,0,2,0,0,"F"
0,2,1,2,"11>B.SFFS","","villj001","","K23","T",1,0,0,2,0,"F"
1,0,3,2,"...BCCBFBS","","","","K","T",1,0,0,0,0,"F"
1,1,2,2,"BCBSS","","","","K","T",1,0,0,0,0,"F"
1,2,0,1,"FX","","","","7/F","T",1,0,0,0,0,"F"
0,0,1,0,".BX","","","","8/L","T",1,0,0,0,0,"F"
0,1,0,2,"CSX","","","","8/L","T",1,0,0,0,0,"F"
0,2,0,0,"X","","","","S8/L+","T",0,1,0,0,0,"F"
0,2,3,2,"FB1BBS>B","yelic001","","","W.1-2","T",0,1,2,0,0,"F"
0,2,0,0,">B","braur002","yelic001","","SB3;SB2.2-H(E2/TH)(NR);1-3","F",0,0,3,4,0,"F"
0,2,3,2,">B.CS*BFBB","","","braur002","W","T",0,1,0,0,3,"F"
0,2,0,0,".X","shawt001","","braur002","D8/L+.3-H;1-H;B-3(TH)","T",0,3,4,0,4,"F"
0,2,2,0,"BBX","","","santd002","53/G-","T",1,0,0,0,3,"F"
1,0,0,1,"CX","","","","53/G+","T",1,0,0,0,0,"F"
1,1,0,2,"....FCS","","","","K","T",1,0,0,0,0,"F"
1,2,1,2,"BSCS","","","","K","T",1,0,0,0,0,"F"
0,0,0,0,"X","","","","1/BP5F","T",1,0,0,0,0,"F"
0,1,2,1,"BFBX","","","","S7/L+","T",0,1,0,0,0,"F"
0,1,0,1,"FX","aguij001","","","54(1)/FO/G-","T",1,1,0,0,0,"F"
0,2,1,0,"B>B","pereh001","","","SB2","F",0,0,2,0,0,"F"
0,2,2,1,"B>B.CX","","pereh001","","43/G","T",1,0,0,2,0,"F"
1,0,1,2,"CCBT","","","","K","T",1,0,0,0,0,"F"
1,1,3,1,"BBBCB","","","","W","T",0,1,0,0,0,"F"
1,1,1,2,"CFBT","barnt001","","","K","T",1,0,1,0,0,"F"
1,2,0,2,".SSS","barnt001","","","K","T",1,0,1,0,0,"F"
0,0,2,2,".CFBBX","","","","8/F","T",1,0,0,0,0,"F"
0,1,1,2,"CSBFX","","","","8/L","T",1,0,0,0,0,"F"
0,2,1,2,"SSBX","","","","3/G","T",1,0,0,0,0,"F"
1,0,1,2,"CSBL","","","","K/BF","T",1,0,0,0,0,"F"
1,1,2,2,"BCBCFS","","","","K","T",1,0,0,0,0,"F"
1,2,1,2,"FBFS","","","","K","T",1,0,0,0,0,"F"
0,0,2,0,"BBX","","","","3/P3F","T",1,0,0,0,0,"T"
0,1,0,1,"CX","","","","S9/L","T",0,1,0,0,0,"F"
0,1,2,2,"B1BC1FX","yelic001","","","53/G.1-2","T",1,0,2,0,0,"F"
0,2,3,2,"BBBCCFFX","","yelic001","","HR/89/F.2-H","T",0,4,0,4,0,"F"
0,2,0,1,"CX","","","","HR/78/F","T",0,4,0,0,0,"F"
0,2,2,2,"BCSBX","","","","3/P3F","T",1,0,0,0,0,"F"
1,0,1,1,"BTX","","","","S8/G+","T",0,1,0,0,0,"F"
1,0,0,0,">B","peraj003","","","SB2","F",0,0,2,0,0,"F"
1,0,2,2,">B.CCBS","","peraj003","","K","T",1,0,0,2,0,"F"
1,1,2,1,"CBBX","","peraj003","","S7/L+.2-H","T",0,1,0,4,0,"F"
1,1,0,0,"X","vottj001","","","9/F","T",1,0,1,0,0,"F"
1,2,0,0,"X","vottj001","","","HR/78/F.1-H","T",0,4,4,0,0,"F"
1,2,0,2,"FFX","","","","8/L","T",1,0,0,0,0,"F"
0,0,1,1,"SBX","","","","8/F","T",1,0,0,0,0,"F"
0,1,0,1,"CX","","","","S9/G","T",0,1,0,0,0,"F"
0,1,0,2,"1CFX","arcio002","","","14/BG/SH.1-2","T",1,0,2,0,0,"F"
0,2,1,1,"FBX","","arcio002","","43/G","T",1,0,0,2,0,"F"
1,0,0,0,"X","","","","S9/G","T",0,1,0,0,0,"F"
1,0,0,0,"1X","herrr002","","","14/BG/SH.1-2","T",1,0,2,0,0,"F"
1,1,1,1,"SBX","","herrr002","","63/G-.2-3","T",1,0,0,3,0,"F"
1,2,3,0,"BBBB","","","herrr002","W","T",0,1,0,0,3,"F"
1,2,0,2,"CF>B","peraj003","","herrr002","SB2","F",0,0,2,0,3,"F"
1,2,3,2,"CF>B.BBFS","","peraj003","herrr002","K","T",1,0,0,2,3,"F"
0,0,1,2,"CBSFX","","","","43/G+","T",1,0,0,0,0,"F"
0,1,0,0,"X","","","","9/F","T",1,0,0,0,0,"F"
0,2,3,1,"BBBCX","","","","9/F","T",1,0,0,0,0,"F"
1,0,1,2,"SBFS","","","","K","T",1,0,0,0,0,"F"
1,1,1,1,"FBX","","","","S9/L+","T",0,1,0,0,0,"F"
1,1,0,0,"X","sches001","","","4/L","T",1,0,1,0,0,"F"
1,2,1,0,"1BX","sches001","","","S5/BG.1-2","T",0,1,2,0,0,"F"
1,2,2,2,"CB+2FBT","barnt001","sches001","","K","T",1,0,1,2,0,"F"
0,0,2,2,"CBBCX","","","","3/L","T",1,0,0,0,0,"F"
0,1,0,1,"CX","","","","8/F","T",1,0,0,0,0,"F"
0,2,2,2,"CCBBS","","","","K","T",1,0,0,0,0,"F"
1,0,1,1,"CBX","","","","63/G","T",1,0,0,0,0,"F"
1,1,1,2,"CFBFX","","","","7/L","T",1,0,0,0,0,"F"
1,2,0,1,"CX","","","","7/F","T",1,0,0,0,0,"F"
0,0,3,2,"BBFCBFX","","","","S6/G","T",0,1,0,0,0,"F"
0,0,0,1,"1LX","arcio002","","","3/BP3F","T",1,0,1,0,0,"F"
0,1,1,1,"C*BX","arcio002","","","43/G.1-2","T",1,0,2,0,0,"F"
0,2,3,2,"CB*BBFFF*B","","arcio002","","W","T",0,1,0,2,0,"F"
0,2,1,0,"BX","yelic001","arcio002","","D9/L+.2-H;1-H","T",0,2,4,4,0,"F"
0,2,2,2,"BCBFX","","braur002","","63/G","T",1,0,0,2,0,"F"
1,0,3,0,"BBBB","","","","W","T",0,1,0,0,0,"F"
1,0,3,2,"S1BBTB>F1X","duvaa001","","","7/F","T",1,0,1,0,0,"F"
1,1,2,2,"1BBF1SX","duvaa001","","","9/F","T",1,0,1,0,0,"F"
1,2,3,1,"CBB*BB","duvaa001","","","W.1-2","T",0,1,2,0,0,"F"
1,2,0,0,"2","suare001","duvaa001","","PO2(16)","F",1,0,1,0,0,"F"
0,0,2,2,".CBSBS","","","","K","T",1,0,0,0,0,"F"
0,1,3,1,"BBCBB","","","","W","T",0,1,0,0,0,"F"
0,1,3,2,"FC*BBFF*BFX","pinam001","","","T8/L+.1-H","T",0,3,4,0,0,"F"
0,1,1,0,"BX","","","villj001","5/L+/DP.3X3(5)","T",2,0,0,0,0,"F"
1,0,3,1,"BBBCB","","","","W","T",0,1,0,0,0,"F"
1,0,2,2,"CFBFBX","barnt001","","","7/L","T",1,0,1,0,0,"F"
1,1,1,0,"...BX","barnt001","","","13/G-.1-2","T",1,0,2,0,0,"F"
1,2,0,1,"FX","","barnt001","","S8/L.2-H","T",0,1,0,4,0,"F"
1,2,0,0,"1>B","hamib001","","","CS2(24)","F",1,0,0,0,0,"F"
0,0,2,1,".BBCX","","","","HR/78/L","T",0,4,0,0,0,"F"
0,0,0,2,"FSX","","","","9/F","T",1,0,0,0,0,"F"
0,1,1,1,"BCX","","","","7/L+","T",1,0,0,0,0,"F"
0,2,1,0,"BX","","","","8/L+","T",1,0,0,0,0,"F"
1,0,2,1,"BFBX","","","","S5/BG","T",0,1,0,0,0,"F"
1,0,1,2,"C1CBS","peraj003","","","K","T",1,0,1,0,0,"F"
1,1,3,0,"1BBBB","peraj003","","","W.1-2","T",0,1,2,0,0,"F"
1,1,1,1,"BSX","vottj001","peraj003","","E6/G.2-3;1-2","T",0,1,2,3,0,"F"
1,1,0,0,"X","sches001","vottj001","peraj003","7/L/SF.3-H(UR)","T",1,0,1,2,5,"F"
1,2,3,1,"FB+2BBB","sches001","vottj001","","W.2-3;1-2","T",0,1,2,3,0,"F"
1,2,0,0,"X","barnt001","sches001","vottj001","8/F","T",1,0,1,2,3,"F"
0,0,1,2,"CSBS","","","","K","T",1,0,0,0,0,"F"
0,1,1,2,"..BCSS","","","","K","T",1,0,0,0,0,"F"
0,2,0,2,"CTFFS","","","","K","T",1,0,0,0,0,"F"
1,0,2,1,".BFBX","","","","HR/7/F","T",0,4,0,0,0,"F"
1,0,1,1,"BCX","","","","S8/G","T",0,1,0,0,0,"F"
1,0,1,1,"1FBX","hamib001","","","8/F","T",1,0,1,0,0,"F"
1,1,2,0,".1111BBX","hamib001","","","S9/L.1-3","T",0,1,3,0,0,"F"
1,1,1,2,"....CBFC","winkj002","","hamib001","K","T",1,0,1,0,3,"F"
1,2,0,0,"X","winkj002","","hamib001","31/G-","T",1,0,1,0,3,"F"
0,0,1,2,".CBCC","","","","K","T",1,0,0,0,0,"F"
0,1,1,0,"BX","","","","S9/F","T",0,1,0,0,0,"F"
0,1,1,0,"1B1>C","arcio002","","","CS2(24)","F",1,0,0,0,0,"F"
0,2,1,2,"1B1>C.SC","","","","K","T",1,0,0,0,0,"F"
1,0,1,1,"FBX","","","","8/L+","T",1,0,0,0,0,"F"
1,1,1,0,"BX","","","","63/G+","T",1,0,0,0,0,"F"
1,2,1,1,".BCX","","","","63/G-","T",1,0,0,0,0,"F"
0,0,1,2,"FSBFX","","","","1/G-","T",1,0,0,0,0,"T"
0,1,2,2,"CBFBX","","","","31/G","T",1,0,0,0,0,"F"
0,2,2,2,"SBFBS","","","","K","T",1,0,0,0,0,"F"
1,0,3,2,"BFFBFBB","","","","W","T",0,1,0,0,0,"F"
1,0,0,0,"1X","winkj002","","","8/F","T",1,0,1,0,0,"F"
1,1,3,2,"FBFBBFX","winkj002","","","6(1)/FO/G.B-2(E6/TH)","T",1,2,0,0,0,"F"
1,2,1,1,"CBX","","vottj001","","63/G","T",1,0,0,2,0,"F"
0,0,3,2,"BBSSBFS","","","","K","T",1,0,0,0,0,"F"
0,1,2,2,"BBCFX","","","","S7/L+","T",0,1,0,0,0,"F"
0,1,1,0,"BX","aguij001","","","S9/G+.1-3","T",0,1,3,0,0,"F"
0,1,0,2,"FSS","santd002","","aguij001","K","T",1,0,1,0,3,"F"
0,2,3,1,"CBBBX","santd002","","aguij001","S3/G.3-H;1-3","T",0,1,3,0,4,"F"
0,2,0,0,"X","arcio002","","santd002","4(1)/FO/G","T",1,1,0,0,3,"F"
1,0,0,1,".CX","","","","8/F","T",1,0,0,0,0,"F"
1,1,2,1,"BBCX","","","","63/G","T",1,0,0,0,0,"F"
1,2,1,0,"BX","","","","63/G","T",1,0,0,0,0,"F"
0,0,3,2,"BSBFFBX","","","","S9/L.BX2(96)","T",1,0,0,0,0,"F"
0,1,1,2,"SFBX","","","","D8/L+","T",0,2,0,0,0,"F"
0,1,2,2,"SBFBX","","yelic001","","53/G","T",1,0,0,2,0,"F"
0,2,0,1,"FX","","yelic001","","E6/TH/G.2-3","T",0,1,0,3,0,"F"
0,2,2,2,"BC1>FBS","pereh001","","yelic001","K","T",1,0,1,0,3,"F"
1,0,3,2,"BBBCCS","","","","K","T",1,0,0,0,0,"F"
1,1,0,0,"X","","","","S9/L","T",0,1,0,0,0,"F"
1,1,0,0,"1X","hamib001","","","5/P5F","T",1,0,1,0,0,"F"
1,2,0,1,"CX","hamib001","","","S7/G.1-2","T",0,1,2,0,0,"F"
1,2,2,2,"BCCBX","peraj003","hamib001","","9/L","T",1,0,1,2,0,"F"
0,0,0,2,"CSS","","","","K","T",1,0,0,0,0,"F"
0,1,1,0,"BX","","","","43/G","T",1,0,0,0,0,"F"
0,2,1,1,"BCX","","","","D9/L+","T",0,2,0,0,0,"F"
0,2,0,0,"X","","arcio002","","S6/G.2-3","T",0,1,0,3,0,"F"
0,2,3,2,"SSBBB>F>S","milew001","","arcio002","K","T",1,0,1,0,3,"F"
1,0,3,2,".BBBFCFB","","","","W","T",0,1,0,0,0,"F"
1,0,2,2,"CBBFFS","suare001","","","K","T",1,0,1,0,0,"F"
1,1,0,0,"X","suare001","","","D8/L+.1-H","T",0,2,4,0,0,"F"
1,1,3,1,"BBBCB","","mesod001","","W","T",0,1,0,2,0,"F"
1,1,0,2,"LSS","blana002","mesod001","","K","T",1,0,1,2,0,"F"
1,2,3,2,"BBSBF>S","blana002","mesod001","","K","T",1,0,1,2,0,"F"
0,0,3,1,"BBSBX","","","","HR/9/F","T",0,4,0,0,0,"F"
0,0,2,1,"BFBX","","","","8/L+","T",1,0,0,0,0,"F"
0,1,0,2,"SSS","","","","K","T",1,0,0,0,0,"F"
0,2,1,1,"CBX","","","","63/G","T",1,0,0,0,0,"F"
1,0,2,2,"CCBBFFX","","","","7/F","T",1,0,0,0,0,"F"
1,1,3,2,"BBBCFX","","","","53/G-","T",1,0,0,0,0,"F"
1,2,3,1,"SBBBX","","","","43/G","T",1,0,0,0,0,"F"
0,0,1,0,"BX","","","","S8/G","T",0,1,0,0,0,"F"
0,0,0,1,"CX","santd002","","","54(1)3/GDP","T",2,0,0,0,0,"F"
0,2,1,2,"CBCX","","","","9/L","T",1,0,0,0,0,"F"
1,0,1,1,"..BCX","","","","9/L","T",1,0,0,0,0,"F"
1,1,0,1,"CX","","","","53/G+","T",1,0,0,0,0,"F"
1,2,1,2,"SCFBX","","","","63/G","T",1,0,0,0,0,"F"
0,0,3,2,".CBBFBB","","","","W","T",0,1,0,0,0,"F"
0,0,1,2,".B1F1F1S","cainl001","","","K","T",1,0,1,0,0,"F"
0,1,1,1,"CBX","cainl001","","","4/P","T",1,0,1,0,0,"F"
0,2,1,2,"CBCC","cainl001","","","K","T",1,0,1,0,0,"F"
1,0,3,1,".BBSB*B","","","","W","T",0,1,0,0,0,"F"
1,0,1,2,".FBFX","blana002","","","13/G+.1-2","T",1,0,2,0,0,"F"
1,1,1,0,"BX","","blana002","","63/G.2-3","T",1,0,0,3,0,"F"
1,2,1,1,"C*BX","","","blana002","8/L","T",1,0,0,0,3,"F"
0,0,2,2,".CCBFBX","","","","S8/G","T",0,1,0,0,0,"F"
0,0,0,0,"X","pereh001","","","S7/L.1-3","T",0,1,3,0,0,"F"
0,0,2,2,"CSB*BS","aguij001","","pereh001","K","T",1,0,1,0,3,"F"
0,1,1,1,"BFX","aguij001","","pereh001","64(1)/FO/G.3-H;B-2(E4/TH)","T",1,2,0,0,4,"F"
0,2,0,1,"CX","","pinam001","","53/G-","T",1,0,0,2,0,"F"
1,0,0,1,"..SX","","","","1/L","T",1,0,0,0,0,"F"
1,1,1,2,"SCBX","","","","43/G","T",1,0,0,0,0,"F"
1,2,3,1,"BBBCB","","","","W","T",0,1,0,0,0,"F"
1,2,1,1,"BCX","suare001","","","4/P-","T",1,0,1,0,0,"F"
0,0,1,2,"BSSX","","","","S7/L","T",0,1,0,0,0,"F"
0,0,0,0,".X","bandj001","","","E5/TH/FO/G.1-3","T",0,1,3,0,0,"F"
0,0,2,1,"C1BB>C","villj001","","bandj001","SB2","F",0,0,2,0,3,"F"
0,0,3,2,"C1BB>C.*BX","","villj001","bandj001","53/G-","T",1,0,0,2,3,"F"
0,1,2,2,"*BCSBS","","villj001","bandj001","K","T",1,0,0,2,3,"F"
0,2,2,2,"...BCBCX","","villj001","bandj001","8/L","T",1,0,0,2,3,"F"
1,0,2,2,"CBBFFX","","","","43/G+","T",1,0,0,0,0,"F"
1,1,1,1,"FBX","","","","S1/G-","T",0,1,0,0,0,"F"
1,1,1,1,"B1FX","blana002","","","46(1)3/GDP","T",2,0,0,0,0,"F"
0,0,2,2,"BFBTFS","","","","K","T",1,0,0,0,0,"T"
0,1,0,1,"CX","","","","53/G","T",1,0,0,0,0,"F"
0,2,3,1,"BBBCB","","","","W","T",0,1,0,0,0,"F"
0,2,2,1,"C*BBX","casts001","","","5/P","T",1,0,1,0,0,"F"
1,0,1,0,"BX","","","","D7/L+","T",0,2,0,0,0,"F"
1,0,1,0,"BB","","peraj003","","PB.2-3","F",0,0,0,3,0,"F"
1,0,3,2,"BB.CBFFB","","","peraj003","W","T",0,1,0,0,3,"F"
1,0,3,2,"FBCBBS","blana002","","peraj003","K","T",1,0,1,0,3,"F"
1,1,1,2,"BF1CX","blana002","","peraj003","HR/7/F.3-H;1-H","T",0,4,4,0,4,"F"
1,1,1,1,"CBX","","","","HR/9/F","T",0,4,0,0,0,"F"
1,1,1,1,"BSX","","","","6/P","T",1,0,0,0,0,"F"
1,2,1,1,"BFX","","","","7/F","T",1,0,0,0,0,"F"
0,0,3,2,"CBCBFBX","","","","S8/L","T",0,1,0,0,0,"F"
0,0,3,0,"BBBB","andeb006","","","W.1-2","T",0,1,2,0,0,"F"
0,0,3,2,"BCB*BCFX","pradm001","andeb006","","64(1)3/GDP.2-3","T",2,0,0,3,0,"F"
0,2,3,2,"*BBFFBX","","","andeb006","8/F","T",1,0,0,0,3,"F"
1,0,1,2,"CCBT","","","","K","T",1,0,0,0,0,"F"
1,1,3,2,"FCBFBFFBB","","","","W","T",0,1,0,0,0,"F"
1,1,0,0,"X","hamib001","","","S8/F.1-2","T",0,1,2,0,0,"F"
1,1,2,1,"*BBCX","peraj003","hamib001","","54(1)3/GDP","T",2,0,0,2,0,"F"
0,0,2,2,"CBFFFBX","","","","13/G","T",1,0,0,0,0,"F"
0,1,0,0,"X","","","","5/P","T",1,0,0,0,0,"F"
0,2,1,1,"BCX","","","","63/G+","T",1,0,0,0,0,"F"
1,0,2,2,"FCBFBFX","","","","D8/F+","T",0,2,0,0,0,"F"
1,0,3,2,"CBBBFB","","vottj001","","W","T",0,1,0,2,0,"F"
1,0,0,1,"CX","suare001","vottj001","","8/F","T",1,0,1,2,0,"F"
1,1,2,1,"BSBX","suare001","vottj001","","6/P/IF","T",1,0,1,2,0,"F"
1,2,3,1,"BBBCB","suare001","vottj001","","W.2-3;1-2","T",0,1,2,3,0,"F"
1,2,0,1,"FX","barnt001","suare001","vottj001","63/G","T",1,0,1,2,3,"F"
0,0,0,0,"X","","","","9/F9LF","T",1,0,0,0,0,"F"
0,1,3,2,"CCBBBX","","","","8/F","T",1,0,0,0,0,"F"
0,2,2,2,"FSBBFFC","","","","K","T",1,0,0,0,0,"F"
1,0,2,1,"CBBX","","","","4/P-","T",1,0,0,0,0,"F"
1,1,0,2,"CTX","","","","9/F","T",1,0,0,0,0,"F"
1,2,2,0,"BBX","","","","4/P","T",1,0,0,0,0,"F"
0,0,1,1,"CBX","","","","8/F","T",1,0,0,0,0,"F"
0,1,1,2,"CBFX","","","","53/G","T",1,0,0,0,0,"F"
0,2,2,2,"CBBSFX","","","","HR/8/F","T",0,4,0,0,0,"F"
0,2,2,2,".BCSBX","","","","3/G","T",1,0,0,0,0,"F"
1,0,2,0,".BBX","","","","9/L","T",1,0,0,0,0,"F"
1,1,3,2,"BCSBFBB","","","","W","T",0,1,0,0,0,"F"
1,1,1,2,"F>FBFX","suare001","","","5/L","T",1,0,1,0,0,"F"
1,2,3,2,"BBCB1F>B","suare001","","","W.1-2","T",0,1,2,0,0,"F"
1,2,1,1,"CBX","sches001","suare001","","8/F","T",1,0,1,2,0,"F"
0,0,0,2,"CFFH","","","","HP","T",0,1,0,0,0,"F"
0,0,0,1,"FX","dietd001","","","S57/G.1-3","T",0,1,3,0,0,"F"
0,0,0,2,"CFX","realj001","","dietd001","9/L","T",1,0,1,0,3,"F"
0,1,3,0,".BB*BB","realj001","","dietd001","W.1-2","T",0,1,2,0,3,"F"
0,1,1,2,".CC*BX","bourj002","realj001","dietd001","7/L","T",1,0,1,2,3,"F"
0,2,2,0,"BBX","bourj002","realj001","dietd001","7/L","T",1,0,1,2,3,"F"
1,0,1,2,".CBTFC","","","","K","T",1,0,0,0,0,"F"
1,1,3,1,"BBBCB","","","","W","T",0,1,0,0,0,"F"
1,1,2,0,"BBX","hamib001","","","64(1)/FO/G+","T",1,1,0,0,0,"F"
1,2,0,0,"X","peraj003","","","8/L","T",1,0,1,0,0,"F"
0,0,3,2,".CFFBBBX","","","","43/G","T",1,0,0,0,0,"F"
0,1,2,2,"CBFBS","","","","K","T",1,0,0,0,0,"F"
0,2,1,1,".BCX","","","","13/G","T",1,0,0,0,0,"F"
1,0,1,2,".CBCC","","","","K","T",1,0,0,0,0,"F"
1,1,1,2,"CSBC","","","","K","T",1,0,0,0,0,"F"
1,2,2,1,"TBBX","","","","8/F+","T",1,0,0,0,0,"F"
0,0,3,2,"CFBBBFX","","","","S8/G+","T",0,1,0,0,0,"F"
0,0,0,1,"CX","dietd001","","","64(1)3/GDP","T",2,0,0,0,0,"F"
0,2,2,2,"CSBBS","","","","K","T",1,0,0,0,0,"F"
1,0,2,2,".BSFBC","","","","K","T",1,0,0,0,0,"F"
1,1,0,1,"FX","","","","43/G","T",1,0,0,0,0,"F"
1,2,1,0,".BX","","","","S9/G+","T",0,1,0,0,0,"F"
1,2,2,1,"BCBX","winkj002","","","S7/F.1-2","T",0,1,2,0,0,"F"
1,2,1,2,"BFSX","hamib001","winkj002","","7/F","T",1,0,1,2,0,"F"
0,0,0,2,".CSX","","","","5/P","T",1,0,0,0,0,"F"
0,1,1,1,"BCX","","","","S8/L","T",0,1,0,0,0,"F"
0,1,3,1,"BBBCX","andeb006","","","64(1)3/GDP","T",2,0,0,0,0,"F"
0,0,0,1,"CX","","","","8/F","T",1,0,0,0,0,"T"
0,1,1,1,"BCX","","","","S9/L","T",0,1,0,0,0,"F"
0,1,2,2,"CBFBX","pradm001","","","HR/8/F.1-H","T",0,4,4,0,0,"F"
0,1,0,2,"CSFFFC","","","","K","T",1,0,0,0,0,"F"
0,2,1,1,"BCX","","","","53/G-","T",1,0,0,0,0,"F"
1,0,0,2,"CCX","","","","6/P","T",1,0,0,0,0,"F"
1,1,1,1,"BFX","","","","4/P","T",1,0,0,0,0,"F"
1,2,3,2,"BFFBBX","","","","D7/L+","T",0,2,0,0,0,"F"
1,2,3,2,"TBBFBS","","vottj001","","K","T",1,0,0,2,0,"F"
0,0,2,0,"BBX","","","","S8/G+","T",0,1,0,0,0,"F"
0,0,3,2,"CSBB*BS","dietd001","","","K","T",1,0,1,0,0,"F"
0,1,1,0,"B1>X","dietd001","","","S9/G+.1-3","T",0,1,3,0,0,"F"
0,1,1,2,"1BL1LX","rojam002","","dietd001","13/BG/SH.1-2","T",1,0,2,0,3,"F"
0,2,2,0,"BBX","","rojam002","dietd001","23/G-","T",1,0,0,2,3,"F"
1,0,1,2,"FFFFBC","","","","K","T",1,0,0,0,0,"F"
1,1,2,2,"BFBST","","","","K","T",1,0,0,0,0,"F"
1,2,0,0,"X","","","","43/G","T",1,0,0,0,0,"F"
0,0,1,2,"CBCX","","","","63/G","T",1,0,0,0,0,"F"
0,1,1,1,"FBX","","","","E6/TH/G.B-2","T",0,2,0,0,0,"F"
0,1,3,2,"CBBFBS","","casts001","","K","T",1,0,0,2,0,"F"
0,2,2,1,"BBF2","","casts001","","PO2(14)","F",1,0,0,0,0,"F"
1,0,1,2,"BFSS","","","","K","T",1,0,0,0,0,"F"
1,1,1,2,"BCFX","","","","63/G","T",1,0,0,0,0,"F"
1,2,2,0,"BBX","","","","8/F","T",1,0,0,0,0,"F"
0,0,2,0,"BBX","","","","63/G","T",1,0,0,0,0,"F"
0,1,1,1,"CBX","","","","43/G+","T",1,0,0,0,0,"F"
0,2,2,2,"BCFBFFX","","","","9/L","T",1,0,0,0,0,"F"
1,0,0,0,"X","","","","S1/BG","T",0,1,0,0,0,"F"
1,0,2,2,"FCBFBX","peraj003","","","56(1)3/GDP","T",2,0,0,0,0,"F"
1,2,2,2,"BFBCS","","","","K","T",1,0,0,0,0,"F"
0,0,1,2,"CSBX","","","","4/P-","T",1,0,0,0,0,"F"
0,1,0,2,"FSC","","","","K","T",1,0,0,0,0,"F"
0,2,2,1,"BBFX","","","","3/G-","T",1,0,0,0,0,"F"
1,0,2,2,"CBBFX","","","","E5/TH/G","T",0,1,0,0,0,"F"
1,0,3,2,"CCBBFFBS","duvaa001","","","K","T",1,0,1,0,0,"F"
1,1,1,2,"F*BFFX","duvaa001","","","S9/L+.1-2","T",0,1,2,0,0,"F"
1,1,2,2,"BFBFFX","sches001","duvaa001","","5(2)3/GDP","T",2,0,1,0,0,"F"
0,0,2,1,"CBBX","","","","8/F","T",1,0,0,0,0,"F"
0,1,2,2,"CBSBX","","","","8/L","T",1,0,0,0,0,"F"
0,2,3,2,"CBBTBX","","","","HR/8/L+","T",0,4,0,0,0,"F"
0,2,1,1,"SBX","","","","9/F","T",1,0,0,0,0,"F"
1,0,3,2,".BBFBCC","","","","K","T",1,0,0,0,0,"F"
1,1,3,1,"BFBBB","","","","W","T",0,1,0,0,0,"F"
1,1,0,1,"FX","winkj002","","","3/P3F","T",1,0,1,0,0,"F"
1,2,3,2,"BBFBT>F>F>X","winkj002","","","E4/G.1-2","T",0,1,2,0,0,"F"
1,2,2,2,"...BFFBFX","vottj001","winkj002","","4/P","T",1,0,1,2,0,"F"
0,0,1,1,".BFX","","","","4/P","T",1,0,0,0,0,"F"
0,1,2,2,"CBBFFS","","","","K","T",1,0,0,0,0,"F"
0,2,2,2,"FBTBS","","","","K","T",1,0,0,0,0,"F"
1,0,3,2,"BCBBCFX","","","","4/P-","T",1,0,0,0,0,"F"
1,1,0,1,"SX","","","","13/G-","T",1,0,0,0,0,"F"
1,2,1,2,"CBSC","","","","K","T",1,0,0,0,0,"F"
0,0,1,2,"BCLX","","","","S4/G","T",0,1,0,0,0,"F"
0,0,0,0,"H","shucj001","","","HP.1-2","T",0,1,2,0,0,"F"
0,0,1,1,"BFX","realj001","shucj001","","8/L","T",1,0,1,2,0,"F"
0,1,0,0,"X","realj001","shucj001","","D7/L+.2-H;1-3","T",0,2,3,4,0,"F"
0,1,0,2,"..FCX","","casts001","realj001","63/G","T",1,0,0,2,3,"F"
0,2,1,1,"BFX","","casts001","realj001","S9/L-.3-H;2-H","T",0,1,0,4,4,"F"
0,2,0,1,"CX","andeb006","","","43/G","T",1,0,1,0,0,"F"
1,0,3,2,".....BBCBCFB","","","","W","T",0,1,0,0,0,"F"
1,0,1,2,".CC*BS","mesod001","","","K","T",1,0,1,0,0,"F"
1,1,0,0,"X","mesod001","","","46(1)3/GDP","T",2,0,0,0,0,"F"
0,0,0,2,".CFS","","","","K","T",1,0,0,0,0,"F"
0,1,1,2,"CBFX","","","","63/G","T",1,0,0,0,0,"F"
0,2,0,2,"CFS","","","","K","T",1,0,0,0,0,"F"
1,0,0,2,".CFFS","","","","K","T",1,0,0,0,0,"F"
1,1,0,0,"X","","","","S7/L+","T",0,1,0,0,0,"F"
1,1,0,1,"FX","vottj001","","","64(1)3/GDP","T",2,0,0,0,0,"F"
0,0,3,0,"BBBB","","","","W","T",0,1,0,0,0,"T"
0,0,3,2,"CBBBCX","realj001","","","FC5/G.1-3(E4/TH);B-2","T",0,2,3,0,0,"F"
0,0,2,2,"CSBF*BX","","pradm001","realj001","S7/L.3-H;2-H(UR)","T",0,1,0,5,4,"F"
0,0,3,2,"FBBBF>F>B","casts001","","","W.1-2","T",0,1,2,0,0,"F"
0,0,3,2,"CF*BBFBX","andeb006","casts001","","43/G.2-3;1-2","T",1,0,2,3,0,"F"
0,1,0,1,"CX","","andeb006","casts001","S7/G+.3-H;2-3","T",0,1,0,3,4,"F"
0,1,0,2,"C1SX","maybc001","","andeb006","143/G+.3-H(UR);1-2","T",1,0,2,0,5,"F"
0,2,3,0,"VVVV","","maybc001","","IW","T",0,1,0,2,0,"F"
0,2,1,2,"BFFC","rivey001","maybc001","","K","T",1,0,1,2,0,"F"
1,0,0,2,"CCFX","","","","63/G","T",1,0,0,0,0,"F"
1,1,2,2,"BFBSX","","","","8/F+","T",1,0,0,0,0,"F"
1,2,2,2,"BFBSFX","","","","S8/L","T",0,1,0,0,0,"F"
1,2,3,1,"BBBCB","vottj001","","","W.1-2","T",0,1,2,0,0,"F"
1,2,1,2,"FBSX","genns001","vottj001","","63/G","T",1,0,1,2,0,"F"
0,0,0,0,"X","","","","D7/L+","T",0,2,0,0,0,"F"
0,0,1,0,"BX","","realj001","","3/G.2-3","T",1,0,0,3,0,"F"
0,1,1,1,"CBX","","","realj001","7/F/SF.3-H","T",1,0,0,0,4,"F"
0,2,0,2,"CFFX","","","","63/G","T",1,0,0,0,0,"F"
1,0,0,2,"CSX","","","","13/G","T",1,0,0,0,0,"F"
1,1,0,2,"CCS","","","","K","T",1,0,0,0,0,"F"
1,2,1,2,"BSSS","","","","K","T",1,0,0,0,0,"F"
0,0,0,0,"X","","","","9/F","T",1,0,0,0,0,"F"
0,1,0,1,"CX","","","","63/G","T",1,0,0,0,0,"F"
0,2,1,0,"BX","","","","9/F","T",1,0,0,0,0,"F"
1,0,2,2,"BCCBX","","","","43/G","T",1,0,0,0,0,"F"
1,1,0,2,"FSX","","","","7/F","T",1,0,0,0,0,"F"
1,2,3,2,"BBFCFBB","","","","W","T",0,1,0,0,0,"F"
1,2,0,0,"X","winkj002","","","HR/78/F.1-H","T",0,4,4,0,0,"F"
1,2,0,1,"SX","","","","D9/L+","T",0,2,0,0,0,"F"
1,2,1,2,"SBCFX","","genns001","","53/G","T",1,0,0,2,0,"F"
0,0,0,2,"FFFC","","","","K","T",1,0,0,0,0,"F"
0,1,3,1,"BBFBX","","","","S7/G","T",0,1,0,0,0,"F"
0,1,0,0,".X","strad003","","","S8/L.1-2","T",0,1,2,0,0,"F"
0,1,3,2,"CCBBBFFT","realj001","strad003","","K","T",1,0,1,2,0,"F"
0,2,0,0,"X","realj001","strad003","","63/G","T",1,0,1,2,0,"F"
1,0,3,2,"BFBSFBB","","","","W","T",0,1,0,0,0,"F"
1,0,0,1,"C1X","sches001","","","9/L+","T",1,0,1,0,0,"F"
1,1,0,2,"MLX","sches001","","","54/BG/SH.1-2","T",1,0,2,0,0,"F"
1,2,3,2,"B*BFFBB","","sches001","","W","T",0,1,0,2,0,"F"
1,2,0,1,"FX","hamib001","sches001","","3/L+","T",1,0,1,2,0,"F"
0,0,3,2,".CSBFFBBS","","","","K","T",1,0,0,0,0,"F"
0,1,2,2,"BBCFS","","","","K","T",1,0,0,0,0,"F"
0,2,2,2,"CBBFFH","","","","HP","T",0,1,0,0,0,"F"
0,2,1,2,"CF*B1F1N","maybc001","","","BK.1-2","F",0,0,2,0,0,"F"
0,2,1,2,"CF*B1F1N.S","","maybc001","","K23","T",1,0,0,2,0,"F"
1,0,1,2,"...CFBX","","","","31/G","T",1,0,0,0,0,"F"
1,1,2,2,"SFBBFC","","","","K","T",1,0,0,0,0,"F"
1,2,1,2,"SFBC","","","","K","T",1,0,0,0,0,"F"
0,0,0,1,"SX","","","","53/G","T",1,0,0,0,0,"F"
0,1,2,2,"CBCBS","","","","K","T",1,0,0,0,0,"F"
0,2,3,2,"BBBCSB","","","","W","T",0,1,0,0,0,"F"
0,2,0,0,"X","realj001","","","9/F","T",1,0,1,0,0,"F"
1,0,1,2,"CCBX","","","","3/G","T",1,0,0,0,0,"F"
1,1,2,2,"BFSBFS","","","","K","T",1,0,0,0,0,"F"
1,2,0,1,"CX","","","","S8/L+","T",0,1,0,0,0,"F"
1,2,0,2,".FSC","barnt001","","","K","T",1,0,1,0,0,"F"
0,0,0,2,".CSX","","","","S8/L+","T",0,1,0,0,0,"F"
0,0,0,0,"1B","casts001","","","PB.1-2","F",0,0,2,0,0,"F"
0,0,3,2,"1B.*BCSBS","","casts001","","K","T",1,0,0,2,0,"F"
0,1,3,0,"VVVV","","casts001","","IW","T",0,1,0,2,0,"F"
0,1,0,2,"FCFFX","bourj002","casts001","","D7/L+.2-H;1-3","T",0,2,3,4,0,"F"
0,1,2,2,"..CFF*BBS","","maybc001","bourj002","K","T",1,0,0,2,3,"F"
0,2,3,1,"BBS*BB","","maybc001","bourj002","W","T",0,1,0,2,3,"F"
0,2,1,2,"SS*BFS","rivey001","maybc001","bourj002","K","T",1,0,1,2,3,"F"
1,0,1,2,".CCFBX","","","","D9/G","T",0,2,0,0,0,"F"
1,0,2,0,"BBX","","hamib001","","8/L","T",1,0,0,2,0,"F"
1,1,0,0,"X","","hamib001","","7/F7LF","T",1,0,0,2,0,"F"
1,2,3,1,"BBFBX","","hamib001","","D9/L+.2-H","T",0,2,0,4,0,"F"
1,2,2,2,"BFFBS","","vottj001","","K","T",1,0,0,2,0,"F"
0,0,1,2,".CFBS","","","","K","T",1,0,0,0,0,"F"
0,1,2,1,"BBFX","","","","53/G","T",1,0,0,0,0,"F"
0,2,0,2,"TSS","","","","K","T",1,0,0,0,0,"F"
1,0,3,1,".CBBBX","","","","9/F","T",1,0,0,0,0,"F"
1,1,3,2,"BBFSBFFX","","","","43/G+","T",1,0,0,0,0,"F"
1,2,0,0,"X","","","","S9/L+","T",0,1,0,0,0,"F"
1,2,1,1,".BFX","barnt001","","","7/F","T",1,0,1,0,0,"F"
0,0,3,2,".BTSBBFB","","","","W","T",0,1,0,0,0,"F"
0,0,3,1,"BBC1BX","andeb006","","","S9/G.1-3","T",0,1,3,0,0,"F"
0,0,3,2,"SF*BFFB*BS","bourj002","","andeb006","K","T",1,0,1,0,3,"F"
0,1,0,1,".CX","bourj002","","andeb006","S8/L+.3-H;1-2","T",0,1,2,0,4,"F"
0,1,0,2,"CSX","rojam002","bourj002","","S16/G.2-3;1-2","T",0,1,2,3,0,"F"
0,1,1,2,"BFFX","rivey001","rojam002","bourj002","E5/FO/G.3-H;2-3;1-2","T",0,1,2,3,4,"F"
0,1,2,1,"*BF*BX","shucj001","rivey001","rojam002","12(3)/FO/G.2-3;1-2","T",1,1,2,3,0,"F"
0,2,1,2,"CBFX","realj001","shucj001","rivey001","43/G","T",1,0,1,2,3,"F"
1,0,3,2,"..BCBFFBB","","","","W","T",0,1,0,0,0,"F"
1,0,0,0,"X","hamib001","","","D9/L.1-3","T",0,2,3,0,0,"F"
1,0,3,2,"BBBCCX","","peraj003","hamib001","3/G.3-H;2-3","T",1,0,0,3,4,"F"
1,1,2,1,"BBFX","","","peraj003","S9/L.3-H","T",0,1,0,0,4,"F"
1,1,3,1,".FBBBX","vottj001","","","46(1)/FO/G.B-2(E6/TH)","T",1,2,0,0,0,"F"
1,2,0,0,"X","","genns001","","E6/G.2-3","T",0,1,0,3,0,"F"
1,2,3,2,"BFBBF>F>F>S","suare001","","genns001","K","T",1,0,1,0,3,"F"
0,0,1,0,"BX","","","","HR/7/F","T",0,4,0,0,0,"T"
0,0,1,2,"CSBX","","","","7/L","T",1,0,0,0,0,"F"
0,1,3,0,"BBBB","","","","W","T",0,1,0,0,0,"F"
0,1,1,2,"BSFS","brucj001","","","K","T",1,0,1,0,0,"F"
0,2,3,0,"1BBBX","brucj001","","","3/P","T",1,0,1,0,0,"F"
1,0,1,1,"CBX","","","","8/F","T",1,0,0,0,0,"F"
1,1,1,2,"FFFBX","","","","9/F","T",1,0,0,0,0,"F"
1,2,3,2,"CBBSBB","","","","W","T",0,1,0,0,0,"F"
1,2,1,1,"BCX","vottj001","","","9/F","T",1,0,1,0,0,"F"
0,0,1,2,"CBSFX","","","","S8/L","T",0,1,0,0,0,"F"
0,0,3,2,"BSBSBX","gonza003","","","D9/L+.1-3","T",0,2,3,0,0,"F"
0,0,2,2,"CSBBX","","lobaj001","gonza003","13/G","T",1,0,0,2,3,"F"
0,1,0,1,"SX","","lobaj001","gonza003","8/F/SF.3-H;2-3","T",1,0,0,3,4,"F"
0,2,0,2,"SCFX","","","lobaj001","63/G","T",1,0,0,0,3,"F"
1,0,1,0,"BX","","","","8/F","T",1,0,0,0,0,"F"
1,1,2,0,"BBX","","","","3/P","T",1,0,0,0,0,"F"
1,2,3,2,"CBBBCT","","","","K","T",1,0,0,0,0,"F"
0,0,0,1,"CX","","","","D7/G","T",0,2,0,0,0,"F"
0,0,1,2,"BCFX","","cespy001","","HR/9/F.2-H","T",0,4,0,4,0,"F"
0,0,2,2,"FBBFFFS","","","","K","T",1,0,0,0,0,"F"
0,1,3,1,"BBCBX","","","","7/L+","T",1,0,0,0,0,"F"
0,2,2,2,"CSFBBFX","","","","HR/89/F","T",0,4,0,0,0,"F"
0,2,1,2,"CFFFBC","","","","K","T",1,0,0,0,0,"F"
1,0,1,1,"BCX","","","","63/G","T",1,0,0,0,0,"F"
1,1,1,0,"BX","","","","HR/7/F","T",0,4,0,0,0,"F"
1,1,1,2,"CCBX","","","","43/G","T",1,0,0,0,0,"F"
1,2,1,0,"BX","","","","6/L","T",1,0,0,0,0,"F"
0,0,1,1,"BFX","","","","S68/G","T",0,1,0,0,0,"F"
0,0,1,2,"CFF*BX","conlp001","","","D9/F.1-3","T",0,2,3,0,0,"F"
0,0,2,1,"BBFX","","rosaa003","conlp001","7/F","T",1,0,0,2,3,"F"
0,1,0,0,"X","","rosaa003","conlp001","8/F/SF.3-H;2-3","T",1,0,0,3,4,"F"
0,2,1,0,"BX","","","rosaa003","3/G","T",1,0,0,0,3,"F"
1,0,1,0,"BX","","","","7/F","T",1,0,0,0,0,"F"
1,1,2,1,"BBCX","","","","D7/L","T",0,2,0,0,0,"F"
1,1,2,0,"BBX","","suare001","","D7/L+.2-H","T",0,2,0,4,0,"F"
1,1,0,0,"X","","genns001","","8/F.2-3","T",1,0,0,3,0,"F"
1,2,1,0,"BX","","","genns001","D7/L.3-H","T",0,2,0,0,4,"F"
1,2,3,1,".BCB*BB","","barnt001","","W","T",0,1,0,2,0,"F"
1,2,1,0,".BX","blana002","barnt001","","8/F","T",1,0,1,2,0,"F"
0,0,3,2,".FBFBBX","","","","8/F","T",1,0,0,0,0,"F"
0,1,3,2,"CBBCBS","","","","K","T",1,0,0,0,0,"F"
0,2,1,1,"BSX","","","","HR/89/F","T",0,4,0,0,0,"F"
0,2,3,2,"BSBBCX","","","","7/L","T",1,0,0,0,0,"F"
1,0,0,0,"X","","","","9/F","T",1,0,0,0,0,"F"
1,1,2,1,"BFBX","","","","8/L","T",1,0,0,0,0,"F"
1,2,1,2,"FBFX","","","","13/G","T",1,0,0,0,0,"F"
0,0,2,1,"BCBX","","","","63/G","T",1,0,0,0,0,"F"
0,1,1,1,"SBX","","","","D7/G","T",0,2,0,0,0,"F"
0,1,1,1,"CBX","","rosaa003","","S4/G.2-3","T",0,1,0,3,0,"F"
0,1,0,0,"X","confm001","","rosaa003","FC1/G-.3XH(1525);1-3","T",1,1,3,0,0,"F"
0,2,3,2,"BCFF*BB*B","cespy001","","confm001","W.1-2","T",0,1,2,0,3,"F"
0,2,1,2,"CSBX","brucj001","cespy001","confm001","3/G+","T",1,0,1,2,3,"F"
1,0,1,2,"BFCX","","","","HR/7/L","T",0,4,0,0,0,"F"
1,0,2,1,"BFBX","","","","1/G-","T",1,0,0,0,0,"F"
1,1,0,1,"CX","","","","S8/G","T",0,1,0,0,0,"F"
1,1,1,2,"FCFBFFX","duvaa001","","","S9/L.1-3","T",0,1,3,0,0,"F"
1,1,2,0,"..BBX","barnt001","","duvaa001","7/L+/SF.3-H","T",1,0,1,0,4,"F"
1,2,0,0,"X","barnt001","","","8/F","T",1,0,1,0,0,"F"
0,0,1,2,".SCBS","","","","K","T",1,0,0,0,0,"F"
0,1,2,2,"BSFBS","","","","K","T",1,0,0,0,0,"F"
0,2,3,1,"BFBBX","","","","43/G","T",1,0,0,0,0,"F"
1,0,0,1,"CX","","","","31/G+","T",1,0,0,0,0,"F"
1,1,0,0,"X","","","","63/G","T",1,0,0,0,0,"F"
1,2,3,1,"BBTBX","","","","8/L","T",1,0,0,0,0,"F"
0,0,1,2,"CCBC","","","","K","T",1,0,0,0,0,"F"
0,1,1,2,"CSBS","","","","K","T",1,0,0,0,0,"F"
0,2,1,1,"FBX","","","","9/F","T",1,0,0,0,0,"F"
1,0,2,2,"TCBBX","","","","9/F","T",1,0,0,0,0,"F"
1,1,0,0,"X","","","","HR/7/F","T",0,4,0,0,0,"F"
1,1,0,1,"CX","","","","53/G-","T",1,0,0,0,0,"F"
1,2,0,1,"CX","","","","3/G","T",1,0,0,0,0,"F"
0,0,0,1,"..CX","","","","D7/L+","T",0,2,0,0,0,"F"
0,0,0,0,".X","","reyej001","","S9/L.2-3","T",0,1,0,3,0,"F"
0,0,3,2,"BBBFFS","brucj001","","reyej001","K","T",1,0,1,0,3,"F"
0,1,1,0,"BX","brucj001","","reyej001","46(1)3/GDP","T",2,0,0,0,3,"F"
1,0,2,2,"...SCBBC","","","","K","T",1,0,0,0,0,"F"
1,1,2,2,"BCBFX","","","","7/L","T",1,0,0,0,0,"F"
1,2,2,2,"BBFFS","","","","K","T",1,0,0,0,0,"F"
0,0,0,0,"X","","","","6/P","T",1,0,0,0,0,"T"
0,1,1,2,"CFBS","","","","K","T",1,0,0,0,0,"F"
0,2,0,2,"CFFS","","","","K","T",1,0,0,0,0,"F"
1,0,1,1,"CBX","","","","S7/L","T",0,1,0,0,0,"F"
1,0,1,1,"1BC>X","peraj003","","","S8/F.1-3","T",0,1,3,0,0,"F"
1,0,2,2,"BBFFFH","sches001","","peraj003","HP.1-2","T",0,1,2,0,3,"F"
1,0,3,2,"CBBCBX","vottj001","sches001","peraj003","S7/L.3-H;2-H;1-2","T",0,1,2,4,4,"F"
1,0,0,2,"FSX","suare001","vottj001","","7/F","T",1,0,1,2,0,"F"
1,1,1,2,"CSBX","suare001","vottj001","","54(1)3/GDP","T",2,0,0,2,0,"F"
0,0,3,2,"BFSBBX","","","","5/P5F","T",1,0,0,0,0,"F"
0,1,2,2,"CBBCX","","","","53/G","T",1,0,0,0,0,"F"
0,2,1,0,"BX","","","","63/G","T",1,0,0,0,0,"F"
1,0,0,0,"X","","","","T7/F","T",0,3,0,0,0,"F"
1,0,1,2,"SFBX","","","barnt001","13/G","T",1,0,0,0,3,"F"
1,1,1,2,"S*BSS","","","barnt001","K","T",1,0,0,0,3,"F"
1,2,2,2,"FBF*BX","","","barnt001","4/P","T",1,0,0,0,3,"F"
0,0,0,1,"SX","","","","63/G","T",1,0,0,0,0,"F"
0,1,1,2,"BCLX","","","","3/G","T",1,0,0,0,0,"F"
0,2,3,2,"BCLBBC","","","","K","T",1,0,0,0,0,"F"
1,0,2,1,"BCBX","","","","13/G+","T",1,0,0,0,0,"F"
1,1,3,2,"FBCBBB","","","","W","T",0,1,0,0,0,"F"
1,1,3,1,"BFBBX","vottj001","","","D9/L+.1-H;B-3(E4/TH)","T",0,3,4,0,0,"F"
1,1,1,1,"BFX","","","suare001","6/P","T",1,0,0,0,3,"F"
1,2,3,2,"C*BSB*BB","","","suare001","W","T",0,1,0,0,3,"F"
1,2,0,1,"C>X","duvaa001","","suare001","S8/L.3-H;1-3","T",0,1,3,0,4,"F"
1,2,0,1,"SX","barnt001","","duvaa001","8/L","T",1,0,1,0,3,"F"
0,0,0,1,"CX","","","","63/G","T",1,0,0,0,0,"F"
0,1,1,2,"SSBX","","","","8/L","T",1,0,0,0,0,"F"
0,2,1,0,"BX","","","","8/F","T",1,0,0,0,0,"F"
1,0,3,1,"BBBCX","","","","53/G+","T",1,0,0,0,0,"F"
1,1,0,0,"X","","","","7/F","T",1,0,0,0,0,"F"
1,2,1,0,"BX","","","","63/G","T",1,0,0,0,0,"F"
0,0,3,2,"CBBFBS","","","","K","T",1,0,0,0,0,"F"
0,1,2,2,"SSBBS","","","","K","T",1,0,0,0,0,"F"
0,2,2,2,"BBFFX","","","","S8/L","T",0,1,0,0,0,"F"
0,2,1,2,"SCBS","rosaa003","","","K","T",1,0,1,0,0,"F"
1,0,0,2,"...CFC","","","","K","T",1,0,0,0,0,"F"
1,1,0,1,"FX","","","","43/G","T",1,0,0,0,0,"F"
1,2,3,2,"BCBSBX","","","","5/P","T",1,0,0,0,0,"F"
0,0,0,2,"CSS","","","","K","T",1,0,0,0,0,"F"
0,1,1,1,"CBX","","","","HR/7/F","T",0,4,0,0,0,"F"
0,1,2,2,"CBSBX","","","","3/G","T",1,0,0,0,0,"F"
0,2,0,1,"CX","","","","S9/G","T",0,1,0,0,0,"F"
0,2,3,2,"BBBFS>B","cabra002","","","W.1-2","T",0,1,2,0,0,"F"
0,2,3,0,".BBBB","cespy001","cabra002","","W.2-3;1-2","T",0,1,2,3,0,"F"
0,2,3,2,"BCCBFFB>B","brucj001","cespy001","cabra002","W.3-H;2-3;1-2","T",0,1,2,3,4,"F"
0,2,1,2,".BCCS","gonza003","brucj001","cespy001","K","T",1,0,1,2,3,"F"
1,0,3,2,".BFBBFX","","","","S9/G","T",0,1,0,0,0,"F"
1,0,0,0,"X","duvaa001","","","9/F","T",1,0,1,0,0,"F"
1,1,1,2,".1*BCFS","duvaa001","","","K","T",1,0,1,0,0,"F"
1,2,0,2,"CF1X","duvaa001","","","S9/G.1-2","T",0,1,2,0,0,"F"
1,2,1,0,"*BX","hamib001","duvaa001","","63/G","T",1,0,1,2,0,"F"
0,0,2,1,".BFBX","","","","13/G-","T",1,0,0,0,0,"F"
0,1,1,0,"BX","","","","9/F","T",1,0,0,0,0,"F"
0,2,0,1,"CX","","","","S8/F","T",0,1,0,0,0,"F"
0,2,1,2,".*BCFC","florw001","","","K","T",1,0,1,0,0,"F"
1,0,2,2,"BSBSX","","","","D9/L+","T",0,2,0,0,0,"F"
1,0,3,2,".BBBCCFFX","","sches001","","8/F.2-3","T",1,0,0,3,0,"F"
1,1,3,2,".BTBC*BX","","","sches001","S7/F.3-H","T",0,1,0,0,4,"F"
1,1,0,0,"X","suare001","","","HR/9/L.1-H","T",0,4,4,0,0,"F"
1,1,3,2,"CBBBCB","","","","W","T",0,1,0,0,0,"F"
1,1,2,1,"BSBX","duvaa001","","","S9/L.1-2","T",0,1,2,0,0,"F"
1,1,0,1,"MX","barnt001","duvaa001","","24/BG/SH.2-3;1-2","T",1,0,2,3,0,"F"
1,2,0,0,".X","","barnt001","duvaa001","7/F","T",1,0,0,2,3,"F"
0,0,2,1,".BBFX","","","","S9/G","T",0,1,0,0,0,"F"
0,0,3,1,"BBFBB","cabra002","","","W.1-2","T",0,1,2,0,0,"F"
0,0,3,2,"CSB*BFFBS","cespy001","cabra002","","K","T",1,0,1,2,0,"F"
0,1,2,1,"BBFX","cespy001","cabra002","","64(1)3/GDP","T",2,0,0,2,0,"F"
1,0,1,0,"BX","","","","9/L","T",1,0,0,0,0,"F"
1,1,0,0,"X","","","","63/G","T",1,0,0,0,0,"F"
1,2,0,0,"X","","","","43/G","T",1,0,0,0,0,"F"
0,0,0,1,"..CX","","","","S9/G","T",0,1,0,0,0,"F"
0,0,2,2,".B*BCFC","lagaj001","","","K","T",1,0,1,0,0,"F"
0,1,1,1,"BCX","lagaj001","","","4/L","T",1,0,1,0,0,"F"
0,2,0,0,">B","lagaj001","","","DI.1-2","F",0,0,2,0,0,"F"
0,2,1,0,">B.X","","lagaj001","","9/L","T",1,0,0,2,0,"F"
0,0,0,2,"CCC","","","","K","T",1,0,0,0,0,"T"
0,1,0,2,"CFS","","","","K","T",1,0,0,0,0,"F"
0,2,0,0,"N","","","","2/G","T",1,0,0,0,0,"F"
1,0,0,1,"FX","","","","5/P5F","T",1,0,0,0,0,"F"
1,1,3,0,"BBBB","","","","W","T",0,1,0,0,0,"F"
1,1,0,2,"F1CS","peraj003","","","K","T",1,0,1,0,0,"F"
1,2,0,0,"X","peraj003","","","S8/G.1-2","T",0,1,2,0,0,"F"
1,2,1,2,"CFBX","suare001","peraj003","","43/G","T",1,0,1,2,0,"F"
0,0,2,1,"CBBX","","","","S7/L","T",0,1,0,0,0,"F"
0,0,1,0,"BX","gonza003","","","6/P","T",1,0,1,0,0,"F"
0,1,0,1,"CX","gonza003","","","D8/L.1-3","T",0,2,3,0,0,"F"
0,1,1,2,"BFFC","","confm001","gonza003","K","T",1,0,0,2,3,"F"
0,2,1,1,"CBX","","confm001","gonza003","23/G-","T",1,0,0,2,3,"F"
1,0,3,2,"TFBBFBX","","","","S4/G","T",0,1,0,0,0,"F"
1,0,1,2,"CBFX","blana002","","","6/P","T",1,0,1,0,0,"F"
1,1,0,1,"LX","blana002","","","14/BG/SH.1-2","T",1,0,2,0,0,"F"
1,2,1,2,"FFBS","","blana002","","K","T",1,0,0,2,0,"F"
0,0,2,2,"BBFFX","","","","T8/F","T",0,3,0,0,0,"F"
0,0,0,0,"X","","","nimmb001","31/G.3-H","T",1,0,0,0,4,"F"
0,1,1,2,"BFFS","","","","K","T",1,0,0,0,0,"F"
0,2,2,1,"TBBX","","","","3/L","T",1,0,0,0,0,"F"
1,0,2,1,"CBBX","","","","63/G","T",1,0,0,0,0,"F"
1,1,0,1,"LX","","","","13/G","T",1,0,0,0,0,"F"
1,2,3,2,"BBFFBS","","","","K","T",1,0,0,0,0,"F"
0,0,2,2,"BBFFFS","","","","K","T",1,0,0,0,0,"F"
0,1,3,2,"CFBBFBS","","","","K","T",1,0,0,0,0,"F"
0,2,3,2,"CBCBFBS","","","","K","T",1,0,0,0,0,"F"
1,0,2,2,"BCSBX","","","","13/G","T",1,0,0,0,0,"F"
1,1,2,1,"BCBX","","","","31/G","T",1,0,0,0,0,"F"
1,2,0,1,"CX","","","","13/G-","T",1,0,0,0,0,"F"
0,0,1,2,"CBLX","","","","63/G","T",1,0,0,0,0,"F"
0,1,1,0,"BX","","","","S8/L","T",0,1,0,0,0,"F"
0,1,1,0,"B1>C","rosaa003","","","SB2","F",0,0,2,0,0,"F"
0,1,3,1,"B1>C.*BBB","","rosaa003","","W","T",0,1,0,2,0,"F"
0,1,3,2,"CBF*B*BX","nimmb001","rosaa003","","8/L","T",1,0,1,2,0,"F"
0,2,0,1,"CX","nimmb001","rosaa003","","43/G","T",1,0,1,2,0,"F"
1,0,0,2,"CFS","","","","K","T",1,0,0,0,0,"F"
1,1,0,2,"CSS","","","","K","T",1,0,0,0,0,"F"
1,2,2,0,"BBX","","","","9/L","T",1,0,0,0,0,"F"
0,0,3,2,"FBSBFBX","","","","8/F","T",1,0,0,0,0,"F"
0,1,1,2,"FFFFBX","","","","53/G","T",1,0,0,0,0,"F"
0,2,3,2,"BCBBCFFX","","","","63/G","T",1,0,0,0,0,"F"
1,0,3,2,"BFBFBB","","","","W","T",0,1,0,0,0,"F"
1,0,0,0,"X","winkj002","","","S5/BG.1-2","T",0,1,2,0,0,"F"
1,0,0,0,"X","peraj003","winkj002","","S9/L+.2-H;1-3","T",0,1,3,4,0,"F"
1,0,1,2,"FBFS","vottj001","","peraj003","K","T",1,0,1,0,3,"F"
1,1,3,2,"FFBBF*BB","vottj001","","peraj003","W.1-2","T",0,1,2,0,3,"F"
1,1,1,0,"BX","sches001","vottj001","peraj003","6/P/IF","T",1,0,1,2,3,"F"
1,2,1,2,"BFFT","sches001","vottj001","peraj003","K","T",1,0,1,2,3,"F"
0,0,0,0,".X","","","","31/G","T",1,0,0,0,0,"F"
0,1,1,1,".CBX","","","","43/G","T",1,0,0,0,0,"F"
0,2,2,2,"LFBBFX","","","","63/G+","T",1,0,0,0,0,"F"
1,0,2,0,"..BBX","","","","6/P","T",1,0,0,0,0,"F"
1,1,0,1,"CX","","","","9/F","T",1,0,0,0,0,"F"
1,2,0,1,"FX","","","","43/G","T",1,0,0,0,0,"F"
0,0,3,1,".SBBBB","","","","W","T",0,1,0,0,0,"F"
0,0,0,0,"X","nimmb001","","","54(1)/FO/G","T",1,1,0,0,0,"F"
0,1,1,2,"FBSX","cabra002","","","9/F","T",1,0,1,0,0,"F"
0,2,2,2,"SFB*BX","cabra002","","","8/F","T",1,0,1,0,0,"F"
1,0,1,0,"BX","","","","53/G-","T",1,0,0,0,0,"F"
1,1,2,2,"BBFCFX","","","","43/G+","T",1,0,0,0,0,"F"
1,2,1,0,"BX","","","","3/P","T",1,0,0,0,0,"F"
0,0,0,0,"..X","","","","8/L","T",1,0,0,0,0,"F"
0,1,3,2,"BTBBFS","","","","K","T",1,0,0,0,0,"F"
0,2,2,2,"BSFBS","","","","K","T",1,0,0,0,0,"F"
1,0,0,1,".CX","","","","31/G","T",1,0,0,0,0,"F"
1,1,3,2,"BCBFFBC","","","","K","T",1,0,0,0,0,"F"
1,2,0,2,"CCS","","","","K","T",1,0,0,0,0,"F"
0,0,0,1,".FX","","","","13/G-","T",1,0,0,0,0,"F"
0,1,0,2,"CST","","","","K","T",1,0,0,0,0,"F"
0,2,0,1,"SX","","","","7/F","T",1,0,0,0,0,"F"
1,0,2,1,".CBBX","","","","HR/7/F","T",0,4,0,0,0,"F"
0,0,0,1,"CX","","","","S8/L","T",0,1,0,0,0,"T"
0,0,0,0,"X","zobrb001","","","D7/F.1-3","T",0,2,3,0,0,"F"
0,0,1,2,"BFSFX","","bryak001","zobrb001","S7/L.3-H;2-3","T",0,1,0,3,4,"F"
0,0,1,2,"CSFBFX","rizza001","","bryak001","S7/G.3-H;1-2","T",0,1,2,0,4,"F"
0,0,2,1,"BBFX","contw001","rizza001","","S8/L+.2-H;1-3(TH);B-2","T",0,2,3,4,0,"F"
0,0,0,2,"CFX","","russa002","contw001","6/P-","T",1,0,0,2,3,"F"
0,1,0,2,"CFS","","russa002","contw001","K","T",1,0,0,2,3,"F"
0,2,3,0,"VVVV","","russa002","contw001","IW","T",0,1,0,2,3,"F"
0,2,0,0,"X","happi001","russa002","contw001","43/G","T",1,0,1,2,3,"F"
1,0,2,2,"CFBBX","","","","9/F","T",1,0,0,0,0,"F"
1,1,2,2,"SCBBX","","","","5/L","T",1,0,0,0,0,"F"
1,2,3,2,"BSBSBFFFFFB","","","","W","T",0,1,0,0,0,"F"
1,2,3,2,"BBBCC>C","suare001","","","K","T",1,0,1,0,0,"F"
0,0,1,2,"CBCX","","","","2/P2F","T",1,0,0,0,0,"F"
0,1,2,2,"BBFCS","","","","K","T",1,0,0,0,0,"F"
0,2,3,2,"BCBFFBFX","","","","7/F","T",1,0,0,0,0,"F"
1,0,2,2,"FBFBS","","","","K","T",1,0,0,0,0,"F"
1,1,0,1,"CX","","","","43/G+","T",1,0,0,0,0,"F"
1,2,0,2,"CFS","","","","K","T",1,0,0,0,0,"F"
0,0,1,1,"FBX","","","","S8/G+","T",0,1,0,0,0,"F"
0,0,0,1,"CX","contw001","","","S9/G.1-2","T",0,1,2,0,0,"F"
0,0,3,2,"FBB2BFB","russa002","contw001","","W.2-3;1-2","T",0,1,2,3,0,"F"
0,0,1,0,"*BX","schwk001","russa002","contw001","46(1)3/GDP.3-H;2-3","T",2,0,0,3,4,"F"
0,2,3,0,"VVVV","","","russa002","IW","T",0,1,0,0,3,"F"
0,2,1,2,"CC*BS","happi001","","russa002","K","T",1,0,1,0,3,"F"
1,0,2,2,"CBSBC","","","","K","T",1,0,0,0,0,"F"
1,1,1,2,"CBSS","","","","K","T",1,0,0,0,0,"F"
1,2,0,1,"CX","","","","53/G","T",1,0,0,0,0,"F"
0,0,0,0,"X","","","","43/G+","T",1,0,0,0,0,"F"
0,1,0,1,"FX","","","","S7/L+","T",0,1,0,0,0,"F"
0,1,1,2,"FS1BX","bryak001","","","9/L","T",1,0,1,0,0,"F"
0,2,0,0,"X","bryak001","","","8/F+","T",1,0,1,0,0,"F"
1,0,1,2,"BFSFX","","","","S9/G","T",0,1,0,0,0,"F"
1,0,2,1,"BC*BX","genns001","","","54(1)3/GDP","T",2,0,0,0,0,"F"
1,2,3,1,"BSBBX","","","","31/G","T",1,0,0,0,0,"F"
0,0,1,0,"BX","","","","S7/G","T",0,1,0,0,0,"F"
0,0,0,1,"CX","russa002","","","D8/L+.1-H","T",0,2,4,0,0,"F"
0,0,1,2,"FS*BFFX","","schwk001","","63/G.2-3","T",1,0,0,3,0,"F"
0,1,3,0,"BBVV","","","schwk001","IW","T",0,1,0,0,3,"F"
0,1,1,1,"L3*BX","happi001","","schwk001","34/BG/SH.3-H;1-2","T",1,0,2,0,4,"F"
0,2,3,2,"CBFBBB","","happi001","","W","T",0,1,0,2,0,"F"
0,2,2,2,"..BCBSX","zobrb001","happi001","","54(1)/FO/G","T",1,1,0,2,0,"F"
1,0,0,0,"X","","","","HR/78/F","T",0,4,0,0,0,"F"
1,0,2,2,"BBCCX","","","","31/G","T",1,0,0,0,0,"F"
1,1,3,2,"BBBCFFFFS","","","","K","T",1,0,0,0,0,"F"
1,2,0,2,"CFS","","","","K","T",1,0,0,0,0,"F"
0,0,1,2,"BFSX","","","","7/L","T",1,0,0,0,0,"F"
0,1,1,2,"BCSX","","","","4/P","T",1,0,0,0,0,"F"
0,2,1,1,"BCX","","","","S4/G","T",0,1,0,0,0,"F"
0,2,1,0,"B>B","russa002","","","SB2","F",0,0,2,0,0,"F"
0,2,3,0,"B>B.BX","","russa002","","31/G","T",1,0,0,2,0,"F"
1,0,3,2,"BBSSBFX","","","","6/P","T",1,0,0,0,0,"F"
1,1,2,1,"BBFX","","","","9/F","T",1,0,0,0,0,"F"
1,2,3,2,"SFFBBFBS","","","","K","T",1,0,0,0,0,"F"
0,0,2,1,"CBBX","","","","63/G","T",1,0,0,0,0,"F"
0,1,1,0,"BX","","","","D7/L-","T",0,2,0,0,0,"F"
0,1,1,1,".C*BX","","happi001","","143/G-.2-3","T",1,0,0,3,0,"F"
0,2,1,2,"SFF*BX","","","happi001","63/G+","T",1,0,0,0,3,"F"
1,0,0,2,"...CCFS","","","","K","T",1,0,0,0,0,"F"
1,1,3,2,"FBBBCFB","","","","W","T",0,1,0,0,0,"F"
1,1,1,2,"CFBFS","vottj001","","","K","T",1,0,1,0,0,"F"
1,2,1,2,"BCFFS","vottj001","","","K","T",1,0,1,0,0,"F"
0,0,0,2,"CFS","","","","K","T",1,0,0,0,0,"F"
0,1,0,1,"FX","","","","S9/L+","T",0,1,0,0,0,"F"
0,1,0,0,"X","rizza001","","","S8/G.1-2","T",0,1,2,0,0,"F"
0,1,3,1,"BBBCB","contw001","rizza001","","W.2-3;1-2","T",0,1,2,3,0,"F"
0,1,0,0,".X","russa002","contw001","rizza001","8/L","T",1,0,1,2,3,"F"
0,2,0,2,"CFX","russa002","contw001","rizza001","S6/G.3-H;2-3;1-2","T",0,1,2,3,4,"F"
0,2,3,2,"BBBCF>F>S","baezj001","russa002","contw001","K","T",1,0,1,2,3,"F"
1,0,3,2,"...BBBCFS","","","","K","T",1,0,0,0,0,"F"
1,1,3,1,"CBBBB","","","","W","T",0,1,0,0,0,"F"
1,1,0,2,"FSC","blana002","","","K","T",1,0,1,0,0,"F"
1,2,1,1,"FBX","blana002","","","4(1)/FO/G","T",1,1,0,0,0,"F"
0,0,3,0,".BBBB","","","","W","T",0,1,0,0,0,"F"
0,0,3,1,"BCBB*B","almoa002","","","W.1-2","T",0,1,2,0,0,"F"
0,0,0,0,"X","zobrb001","almoa002","","8/F.2-3","T",1,0,1,3,0,"F"
0,1,1,1,"BFX","zobrb001","","almoa002","S49/G.3-H;1-2","T",0,1,2,0,4,"F"
0,1,2,1,"BSBX","rizza001","zobrb001","","54(1)3/GDP","T",2,0,0,2,0,"F"
1,0,3,2,".CBBFFFBFS","","","","K","T",1,0,0,0,0,"F"
1,1,2,2,".BCBSS","","","","K","T",1,0,0,0,0,"F"
1,2,2,2,"BSBFX","","","","13/G","T",1,0,0,0,0,"F"
0,0,1,1,"CBX","","","","S8/G","T",0,1,0,0,0,"T"
0,0,2,2,"BCS1FBX","almoa002","","","S8/L.1-2","T",0,1,2,0,0,"F"
0,0,0,0,"X","bryak001","almoa002","","9/F","T",1,0,1,2,0,"F"
0,1,3,2,"CBBBSB","bryak001","almoa002","","W.2-3;1-2","T",0,1,2,3,0,"F"
0,1,1,0,"BX","russa002","bryak001","almoa002","4(1)3/GDP","T",2,0,0,2,3,"F"
1,0,1,2,"CCBS","","","","K","T",1,0,0,0,0,"F"
1,1,3,0,"BBBB","","","","W","T",0,1,0,0,0,"F"
1,1,1,1,"B1C>S","peraj003","","","SB2","F",0,0,2,0,0,"F"
1,1,1,2,"B1C>S.FFS","","peraj003","","K","T",1,0,0,2,0,"F"
1,2,0,1,"FX","","peraj003","","S8/L+.2-H","T",0,1,0,4,0,"F"
1,2,2,0,"BBX","genns001","","","64(1)/FO/G","T",1,1,0,0,0,"F"
0,0,2,1,"BBFX","","","","3/G","T",1,0,0,0,0,"F"
0,1,3,2,"BBFSFBFS","","","","K","T",1,0,0,0,0,"F"
0,2,3,2,"BCCBBX","","","","D7/L","T",0,2,0,0,0,"F"
0,2,1,1,"CBX","","happi001","","31/G","T",1,0,0,2,0,"F"
1,0,1,2,"CSBX","","","","8/L","T",1,0,0,0,0,"F"
1,1,1,2,"SBSS","","","","K","T",1,0,0,0,0,"F"
1,2,0,2,"CCS","","","","K","T",1,0,0,0,0,"F"
0,0,1,2,"SBFX","","","","S86/F","T",0,1,0,0,0,"F"
0,0,1,1,"FBX","almoa002","","","D8/L+.1-H","T",0,2,4,0,0,"F"
0,0,1,2,"BFSS","","bryak001","","K","T",1,0,0,2,0,"F"
0,1,2,2,"CS*BBT","","bryak001","","K","T",1,0,0,2,0,"F"
0,2,3,0,"BBBV","","bryak001","","IW","T",0,1,0,2,0,"F"
0,2,0,1,"CX","schwk001","bryak001","","7/F","T",1,0,1,2,0,"F"
1,0,2,2,"CBBFX","","","","8/F","T",1,0,0,0,0,"F"
1,1,0,1,"FX","","","","S3/G","T",0,1,0,0,0,"F"
1,1,1,0,"B1X","winkj002","","","46(1)3/GDP","T",2,0,0,0,0,"F"
0,0,0,0,"X","","","","53/G","T",1,0,0,0,0,"F"
0,1,3,2,"BCFBFBB","","","","W","T",0,1,0,0,0,"F"
0,1,0,0,"1N","happi001","","","BK.1-2","F",0,0,2,0,0,"F"
0,1,0,1,"1N.CX","","happi001","","4/P","T",1,0,0,2,0,"F"
0,2,3,2,"CSBBBB","","happi001","","W","T",0,1,0,2,0,"F"
0,2,1,2,"SCBS","almoa002","happi001","","K","T",1,0,1,2,0,"F"
1,0,1,2,"CCBFX","","","","D9/L","T",0,2,0,0,0,"F"
1,0,0,0,"X","","vottj001","","13/BG/SH.2-3","T",1,0,0,3,0,"F"
1,1,0,0,"X","","","vottj001","8/F/SF.3-H","T",1,0,0,0,4,"F"
1,2,1,0,"BX","","","","S8/G","T",0,1,0,0,0,"F"
1,2,0,0,"X","sches001","","","53/G-","T",1,0,1,0,0,"F"
0,0,2,2,"BCFBX","","","","1/P","T",1,0,0,0,0,"F"
0,1,2,1,"FBBX","","","","53/G","T",1,0,0,0,0,"F"
0,2,3,1,"BBBFB","","","","W","T",0,1,0,0,0,"F"
0,2,1,1,"SBX","schwk001","","","S6/G.1-2","T",0,1,2,0,0,"F"
0,2,0,0,"X","carav001","schwk001","","5(2)/FO/G.1-2","T",1,1,2,0,0,"F"
1,0,1,2,".CBFS","","","","K","T",1,0,0,0,0,"F"
1,1,0,2,"CFC","","","","K","T",1,0,0,0,0,"F"
1,2,0,0,"X","","","","7/L","T",1,0,0,0,0,"F"
0,0,3,2,".BBBCCX","","","","T7/L","T",0,3,0,0,0,"F"
0,0,0,0,"X","","","happi001","D8/F.3-H","T",0,2,0,0,4,"F"
0,0,0,0,"X","","hendk001","","1/BP","T",1,0,0,2,0,"F"
0,1,0,1,"FX","","hendk001","","8/F","T",1,0,0,2,0,"F"
0,2,3,0,"VVVV","","hendk001","","IW","T",0,1,0,2,0,"F"
0,2,0,0,"X","rizza001","hendk001","","54(1)/FO/G+","T",1,1,0,2,0,"F"
1,0,1,1,"CBX","","","","E6/G","T",0,1,0,0,0,"F"
1,0,3,0,"B1BBB","peraj003","","","W.1-2","T",0,1,2,0,0,"F"
1,0,1,2,"LFBX","vottj001","peraj003","","S8/G.2-H(UR);1-2","T",0,1,2,5,0,"F"
1,0,1,1,"BFX","genns001","vottj001","","D8/L.2-H;1-3","T",0,2,3,4,0,"F"
1,0,3,2,".SBBS*BX","","suare001","genns001","3/G","T",1,0,0,2,3,"F"
1,1,0,0,"X","","suare001","genns001","43/G","T",1,0,0,2,3,"F"
1,2,3,0,".VVVV","","suare001","genns001","IW","T",0,1,0,2,3,"F"
1,2,0,2,"SFFFS","duvaa001","suare001","genns001","K","T",1,0,1,2,3,"F"
0,0,3,1,"..BBBCB","","","","W","T",0,1,0,0,0,"F"
0,0,1,2,"CSBX","schwk001","","","54(1)3/GDP","T",2,0,0,0,0,"F"
0,2,2,2,"BCBSS","","","","K","T",1,0,0,0,0,"F"
1,0,2,2,".CFBBX","","","","43/G","T",1,0,0,0,0,"F"
1,1,2,1,"FBBX","","","","53/G","T",1,0,0,0,0,"F"
1,2,3,2,"BBBCCS","","","","K","T",1,0,0,0,0,"F"
0,0,3,2,".CBBBCX","","","","HR/78/F","T",0,4,0,0,0,"F"
0,0,3,2,".BBCSFFFBX","","","","S9/L","T",0,1,0,0,0,"F"
0,0,2,2,"BFFBS","lastt001","","","K","T",1,0,1,0,0,"F"
0,1,0,2,"SFX","lastt001","","","9/F","T",1,0,1,0,0,"F"
0,2,2,2,"CBBSX","lastt001","","","D8/L+.1-H","T",0,2,4,0,0,"F"
0,2,1,2,"FCBT","","rizza001","","K","T",1,0,0,2,0,"F"
1,0,0,2,".CCFX","","","","7/F","T",1,0,0,0,0,"F"
1,1,1,2,"CBSS","","","","K","T",1,0,0,0,0,"F"
1,2,3,2,"FSBBBB","","","","W","T",0,1,0,0,0,"F"
1,2,1,1,"CB1>B","sches001","","","SB2","F",0,0,2,0,0,"F"
1,2,3,1,"CB1>B.*BX","","sches001","","63/G","T",1,0,0,2,0,"F"
0,0,0,1,".CX","","","","13/G-","T",1,0,0,0,0,"F"
0,1,0,2,"CFS","","","","K","T",1,0,0,0,0,"F"
0,2,0,0,"X","","","","43/G+","T",1,0,0,0,0,"F"
1,0,0,1,"..FX","","","","8/F","T",1,0,0,0,0,"F"
1,1,1,0,"BX","","","","D9/L","T",0,2,0,0,0,"F"
1,1,1,2,".CFBS","","hamib001","","K","T",1,0,0,2,0,"F"
1,2,0,2,"CST","","hamib001","","K","T",1,0,0,2,0,"F"
0,0,0,2,".CFFS","","","","K","T",1,0,0,0,0,"F"
0,1,3,1,"BCBBX","","","","31/G","T",1,0,0,0,0,"F"
0,2,3,2,"CFBBBC","","","","K","T",1,0,0,0,0,"F"
1,0,1,1,".FBX","","","","6/L","T",1,0,0,0,0,"F"
1,1,1,2,"FFBS","","","","K","T",1,0,0,0,0,"F"
1,2,1,0,".BX","","","","63/G","T",1,0,0,0,0,"F"
0,0,0,2,"CFX","","","","S4/G","T",0,1,0,0,0,"F"
0,0,0,0,"X","bryak001","","","7/F","T",1,0,1,0,0,"F"
0,1,0,2,"CF>B","bryak001","","","SB2","F",0,0,2,0,0,"F"
0,1,1,2,"CF>B.X","","bryak001","","7/F","T",1,0,0,2,0,"F"
0,2,3,0,"VVVV","","bryak001","","IW","T",0,1,0,2,0,"F"
0,2,0,1,"CX","schwk001","bryak001","","43/G","T",1,0,1,2,0,"F"
1,0,3,2,".BFBBFB","","","","W","T",0,1,0,0,0,"F"
1,0,0,1,"FX","sches001","","","S9/L.1-2","T",0,1,2,0,0,"F"
1,0,3,1,"BBBCB","barnt001","sches001","","W.2-3;1-2","T",0,1,2,3,0,"F"
1,0,3,1,"BBSBB","duvaa001","barnt001","sches001","W.3-H;2-3;1-2","T",0,1,2,3,4,"F"
0,0,3,2,"BCSBBB","","","","W","T",0,1,0,0,0,"T"
0,0,1,1,"CBX","zobrb001","","","S8/L.1-3","T",0,1,3,0,0,"F"
0,0,3,2,"BSF*BBFX","lastt001","","zobrb001","FC5/G.3XH(52);1-2","T",1,1,2,0,0,"F"
0,1,0,0,"B","bryak001","lastt001","","WP.2-3;1-2","F",0,0,2,3,0,"F"
0,1,1,2,"B.CCT","","bryak001","lastt001","K","T",1,0,0,2,3,"F"
0,2,1,1,"BSX","","bryak001","lastt001","7/L","T",1,0,0,2,3,"F"
1,0,1,2,"FFBX","","","","43/G","T",1,0,0,0,0,"F"
1,1,0,1,"FX","","","","7/F","T",1,0,0,0,0,"F"
1,2,0,1,"SX","","","","43/G","T",1,0,0,0,0,"F"
0,0,3,1,"BBBCB","","","","W","T",0,1,0,0,0,"F"
0,0,0,2,"F11FS","happi001","","","K","T",1,0,1,0,0,"F"
0,1,1,2,"C1BSFFX","happi001","","","3/P","T",1,0,1,0,0,"F"
0,2,1,2,"BCFC","happi001","","","K","T",1,0,1,0,0,"F"
1,0,1,2,"CBCX","","","","9/F","T",1,0,0,0,0,"F"
1,1,2,2,"BBCFFFS","","","","K","T",1,0,0,0,0,"F"
1,2,3,2,"BFBSFBFFB","","","","W","T",0,1,0,0,0,"F"
1,2,0,0,"X","duvaa001","","","8/F","T",1,0,1,0,0,"F"
0,0,0,1,"SX","","","","S8/L+","T",0,1,0,0,0,"F"
0,0,0,0,">X","zobrb001","","","S7/L-.1-3","T",0,1,3,0,0,"F"
0,0,1,1,"BFX","lastt001","","zobrb001","46(1)/FO/G.3-H","T",1,1,0,0,4,"F"
0,1,0,1,">FX","bryak001","","","46(1)/FO/G","T",1,1,0,0,0,"F"
0,2,0,2,"CF1S","rizza001","","","K","T",1,0,1,0,0,"F"
1,0,2,2,"CBFBX","","","","4/P","T",1,0,0,0,0,"F"
1,1,1,2,"CCBFS","","","","K","T",1,0,0,0,0,"F"
1,2,0,1,"CX","","","","63/G","T",1,0,0,0,0,"F"
0,0,0,0,"X","","","","HR/9/L","T",0,4,0,0,0,"F"
0,0,2,1,"BCBX","","","","43/G+","T",1,0,0,0,0,"F"
0,1,2,2,"BBCCFFX","","","","31/G","T",1,0,0,0,0,"F"
0,2,0,0,"X","","","","43/G","T",1,0,0,0,0,"F"
1,0,1,2,"BFCX","","","","9/F","T",1,0,0,0,0,"F"
1,1,3,1,"BBFBX","","","","43/G","T",1,0,0,0,0,"F"
1,2,1,2,"BCCS","","","","K","T",1,0,0,0,0,"F"
0,0,3,1,"BCBBB","","","","W","T",0,1,0,0,0,"F"
0,0,1,2,"B1C1CX","zobrb001","","","7/F","T",1,0,1,0,0,"F"
0,1,3,2,"BBC*B>F>B","zobrb001","","","W.1-2","T",0,1,2,0,0,"F"
0,1,0,1,"FX","bryak001","zobrb001","","D9/L+.2-H;1-H","T",0,2,4,4,0,"F"
0,1,0,2,"FFS","","rizza001","","K","T",1,0,0,2,0,"F"
0,2,3,0,"VVVV","","rizza001","","IW","T",0,1,0,2,0,"F"
0,2,3,2,"BC*BBF>B","happi001","rizza001","","W.2-3;1-2","T",0,1,2,3,0,"F"
0,2,1,1,"CBX","russa002","happi001","rizza001","T4/P.3-H;2-H;1-H","T",0,3,4,4,4,"F"
0,2,1,2,"BCFS","","","heywj001","K","T",1,0,0,0,3,"F"
1,0,0,1,"FX","","","","9/F","T",1,0,0,0,0,"F"
1,1,3,2,"BFBSBB","","","","W","T",0,1,0,0,0,"F"
1,1,1,0,"BX","duvaa001","","","S9/G+.1-2","T",0,1,2,0,0,"F"
1,1,0,2,"FFX","sches001","duvaa001","","5(2)3/GDP","T",2,0,1,0,0,"F"
0,0,1,1,".BCX","","","","43/G","T",1,0,0,0,0,"F"
0,1,0,0,"X","","","","43/G","T",1,0,0,0,0,"F"
0,2,3,0,"BBBB","","","","W","T",0,1,0,0,0,"F"
0,2,0,0,"X","bryak001","","","7/F","T",1,0,1,0,0,"F"
1,0,2,2,"FBFBS","","","","K","T",1,0,0,0,0,"F"
1,1,2,2,"BFFBC","","","","K","T",1,0,0,0,0,"F"
1,2,1,2,"CBFS","","","","K","T",1,0,0,0,0,"F"
0,0,3,2,"FBBBFB","","","","W","T",0,1,0,0,0,"F"
0,0,1,2,"BCCFS","contw001","","","K","T",1,0,1,0,0,"F"
0,1,0,0,"X","contw001","","","S7/L+.1-2","T",0,1,2,0,0,"F"
0,1,1,2,"FBFB","russa002","contw001","","WP.2-3;1-2","F",0,0,2,3,0,"F"
0,1,2,2,"FBFB.X","","russa002","contw001","8/F/SF.3-H","T",1,0,0,2,4,"F"
0,2,2,2,"CBCFBFX","","russa002","","43/G","T",1,0,0,2,0,"F"
1,0,2,2,"CBCBX","","","","7/F","T",1,0,0,0,0,"F"
1,1,3,1,"BCBBB","","","","W","T",0,1,0,0,0,"F"
1,1,2,2,"BBFFC","suare001","","","K","T",1,0,1,0,0,"F"
1,2,3,0,"BBBB","suare001","","","W.1-2","T",0,1,2,0,0,"F"
1,2,0,0,"X","duvaa001","suare001","","31/G","T",1,0,1,2,0,"F"
0,0,1,0,"..BX","","","","S8/F-","T",0,1,0,0,0,"F"
0,0,1,1,"BFX","zobrb001","","","S8/L-.1-3","T",0,1,3,0,0,"F"
0,0,3,2,"C*BSB*BS","lastt001","","zobrb001","K","T",1,0,1,0,3,"F"
0,1,1,1,"BFX","lastt001","","zobrb001","8/F/SF.3-H","T",1,0,1,0,4,"F"
0,2,0,1,"FX","lastt001","","","64(1)/FO/G","T",1,1,0,0,0,"F"
1,0,0,2,".....CCC","","","","K","T",1,0,0,0,0,"F"
1,1,0,0,".X","","","","S7/L","T",0,1,0,0,0,"F"
1,1,0,2,"CSS","blana002","","","K","T",1,0,1,0,0,"F"
1,2,0,0,">C","blana002","","","DI.1-2","F",0,0,2,0,0,"F"
1,2,2,2,">C.SB*BFX","","blana002","","9/F","T",1,0,0,2,0,"F"
0,0,2,1,"..BCBX","","","","3/G","T",1,0,0,0,0,"F"
0,1,0,2,"CFS","","","","K","T",1,0,0,0,0,"F"
0,2,3,1,"BFBBX","","","","S9/G","T",0,1,0,0,0,"F"
0,2,0,0,"X","heywj001","","","D8/L+.1-H","T",0,2,4,0,0,"F"
0,2,3,2,"CBBC*BX","","almoa002","","13/G-","T",1,0,0,2,0,"F"
1,0,1,0,"..BX","","","","S8/G","T",0,1,0,0,0,"F"
1,0,1,2,"BCFX","herrr002","","","146(1)3/GDP","T",2,0,0,0,0,"F"
1,2,1,2,".BCCFFS","","","","K","T",1,0,0,0,0,"F"
0,0,0,2,"CCC","","","","K","T",1,0,0,0,0,"T"
0,1,1,0,"BX","","","","S8/L","T",0,1,0,0,0,"F"
0,1,2,0,"BBX","almoa002","","","5/P","T",1,0,1,0,0,"F"
0,2,1,2,"CT*BS","almoa002","","","K","T",1,0,1,0,0,"F"
1,0,3,2,"CBBSB*B","","","","W","T",0,1,0,0,0,"F"
1,0,2,2,"BF1FBFX","blana002","","","2/P2F","T",1,0,1,0,0,"F"
1,1,2,2,"BCBCX","blana002","","","S8/L.1-3","T",0,1,3,0,0,"F"
1,1,3,2,"BSBSF1B>H","vottj001","","blana002","HP.1-2","T",0,1,2,0,3,"F"
1,1,1,2,"BFCS","genns001","vottj001","blana002","K","T",1,0,1,2,3,"F"
1,2,1,2,"BSSFFFX","genns001","vottj001","blana002","S6/G.3-H;2-3;1-2","T",0,1,2,3,4,"F"
1,2,1,2,"CBCX","sches001","genns001","vottj001","5/P5F","T",1,0,1,2,3,"F"
0,0,3,0,"BBBB","","","","W","T",0,1,0,0,0,"F"
0,0,1,1,"CB1X","happi001","","","HR/9/F.1-H","T",0,4,4,0,0,"F"
0,0,2,1,"BCBX","","","","HR/78/F","T",0,4,0,0,0,"F"
0,0,3,2,"BBFBCX","","","","4/P","T",1,0,0,0,0,"F"
0,1,0,2,"CCX","","","","63/G","T",1,0,0,0,0,"F"
0,2,3,0,"BBBB","","","","W","T",0,1,0,0,0,"F"
0,2,1,1,"TBX","zobrb001","","","9/F","T",1,0,1,0,0,"F"
1,0,2,2,"BCBFS","","","","K","T",1,0,0,0,0,"F"
1,1,0,0,"X","","","","9/L","T",1,0,0,0,0,"F"
1,2,2,2,"SBBSC","","","","K","T",1,0,0,0,0,"F"
0,0,1,2,"CBFFX","","","","43/G","T",1,0,0,0,0,"F"
0,1,0,0,"X","","","","3/P3F","T",1,0,0,0,0,"F"
0,2,3,2,"BCBSBC","","","","K","T",1,0,0,0,0,"F"
1,0,0,0,"X","","","","8/F","T",1,0,0,0,0,"F"
1,1,3,1,"BFBBX","","","","43/G","T",1,0,0,0,0,"F"
1,2,2,2,"BSBFC","","","","K","T",1,0,0,0,0,"F"
0,0,0,0,"X","","","","S1/BG","T",0,1,0,0,0,"F"
0,0,1,2,"BSCX","schwk001","","","S9/L.1-2","T",0,1,2,0,0,"F"
0,0,1,0,"BX","baezj001","schwk001","","64(1)3/GDP.2-3","T",2,0,0,3,0,"F"
0,2,0,2,"CCC","","","schwk001","K","T",1,0,0,0,3,"F"
1,0,1,2,"BSFS","","","","K","T",1,0,0,0,0,"F"
1,1,3,0,"BBBB","","","","W","T",0,1,0,0,0,"F"
1,1,0,1,"FX","sches001","","","8/F","T",1,0,1,0,0,"F"
1,2,3,0,"BBB*B","sches001","","","W.1-2","T",0,1,2,0,0,"F"
1,2,0,0,"X","mahlt001","sches001","","6/P","T",1,0,1,2,0,"F"
0,0,0,0,"X","","","","HR/9/F","T",0,4,0,0,0,"F"
0,0,0,1,"SX","","","","63/G","T",1,0,0,0,0,"F"
0,1,0,1,"CX","","","","7/F","T",1,0,0,0,0,"F"
0,2,2,2,"BCCBS","","","","K","T",1,0,0,0,0,"F"
1,0,2,2,"BCSFBH","","","","HP","T",0,1,0,0,0,"F"
1,0,0,0,"X","blana002","","","9/F","T",1,0,1,0,0,"F"
1,1,0,2,"SFX","blana002","","","6(1)3/GDP","T",2,0,0,0,0,"F"
0,0,3,1,"BCBBX","","","","7/L","T",1,0,0,0,0,"F"
0,1,0,2,"CCT","","","","K","T",1,0,0,0,0,"F"
0,2,1,1,"BSX","","","","S7/L+","T",0,1,0,0,0,"F"
0,2,0,2,"C1F1X","baezj001","","","9/L+","T",1,0,1,0,0,"F"
1,0,0,0,"X","","","","6/P","T",1,0,0,0,0,"F"
1,1,1,2,"FFBS","","","","K","T",1,0,0,0,0,"F"
1,2,0,2,"SCS","","","","K","T",1,0,0,0,0,"F"
0,0,3,2,"..CFBBBB","","","","W","T",0,1,0,0,0,"F"
0,0,1,1,"BC1X","lastt001","","","E3/TH/FO/G.1-3;B-2","T",0,2,3,0,0,"F"
0,0,1,0,"BX","","zobrb001","lastt001","9/F/SF.3-H(UR);2-3","T",1,0,0,3,5,"F"
0,1,0,1,"CX","","","zobrb001","S9/L+.3-H(UR)","T",0,1,0,0,5,"F"
0,1,0,2,"..SFX","rizza001","","","9/F","T",1,0,1,0,0,"F"
0,2,3,1,"BBBCB","rizza001","","","W.1-2","T",0,1,2,0,0,"F"
0,2,2,2,"CCB*BFC","happi001","rizza001","","K","T",1,0,1,2,0,"F"
1,0,1,2,"....BCFX","","","","63/G","T",1,0,0,0,0,"F"
1,1,1,2,"CSBX","","","","43/G","T",1,0,0,0,0,"F"
1,2,0,2,"CSS","","","","K","T",1,0,0,0,0,"F"
0,0,1,0,"BX","","","","9/F","T",1,0,0,0,0,"F"
0,1,1,1,"BCX","","","","43/G","T",1,0,0,0,0,"F"
0,2,3,2,"BFFBFFBFB","","","","W","T",0,1,0,0,0,"F"
0,2,0,0,"X","lastt001","","","43/G+","T",1,0,1,0,0,"F"
1,0,3,2,".BBCFFFBC","","","","K","T",1,0,0,0,0,"F"
1,1,1,2,"BFFFS","","","","K","T",1,0,0,0,0,"F"
1,2,1,0,"BX","","","","S8/L","T",0,1,0,0,0,"F"
1,2,0,0,"X","vottj001","","","3/L-","T",1,0,1,0,0,"F"
0,0,0,0,".X","","","","S7/L+","T",0,1,0,0,0,"F"
0,0,0,2,"CFFX","almoa002","","","8/L+","T",1,0,1,0,0,"F"
0,1,1,0,"BX","almoa002","","","D7/G+.1-3","T",0,2,3,0,0,"F"
0,1,3,0,"VVVV","","contw001","almoa002","IW","T",0,1,0,2,3,"F"
0,1,0,1,".FX","happi001","contw001","almoa002","46(1)3/GDP","T",2,0,0,2,3,"F"
1,0,1,2,".CBFS","","","","K","T",1,0,0,0,0,"F"
1,1,0,2,".CFFC","","","","K","T",1,0,0,0,0,"F"
1,2,2,2,"BFBCT","","","","K","T",1,0,0,0,0,"F"
0,0,3,2,"CBFBFFFBX","","","","63/G","T",1,0,0,0,0,"T"
0,1,1,1,"SBX","","","","S9/L+","T",0,1,0,0,0,"F"
0,1,3,0,"BBBB","polag001","","","W.1-2","T",0,1,2,0,0,"F"
0,1,3,2,"CBFBBFB","cervf001","polag001","","W.2-3;1-2","T",0,1,2,3,0,"F"
0,1,0,0,"X","bellj005","cervf001","polag001","8/F","T",1,0,1,2,3,"F"
0,2,1,2,"CCBFFS","bellj005","cervf001","polag001","K","T",1,0,1,2,3,"F"
1,0,2,2,"CBBFFC","","","","K","T",1,0,0,0,0,"F"
1,1,1,1,"FBX","","","","S9/L","T",0,1,0,0,0,"F"
1,1,0,2,"FFC","barnt001","","","K","T",1,0,1,0,0,"F"
1,2,2,2,"*BBFCX","barnt001","","","D9/L.1-H","T",0,2,4,0,0,"F"
1,2,2,2,"FCB*BX","","genns001","","D7/L.2-H","T",0,2,0,4,0,"F"
1,2,1,2,"BFCFFS","","suare001","","K","T",1,0,0,2,0,"F"
0,0,1,1,"BCX","","","","8/F","T",1,0,0,0,0,"F"
0,1,2,2,"BCBSC","","","","K","T",1,0,0,0,0,"F"
0,2,0,2,"CFFS","","","","K","T",1,0,0,0,0,"F"
1,0,0,1,"FX","","","","8/F","T",1,0,0,0,0,"F"
1,1,2,2,"CSBBX","","","","43/G","T",1,0,0,0,0,"F"
1,2,0,0,"X","","","","S7/G","T",0,1,0,0,0,"F"
1,2,0,0,"X","hamib001","","","9/F9LF","T",1,0,1,0,0,"F"
0,0,1,1,"BSX","","","","8/L","T",1,0,0,0,0,"F"
0,1,1,2,"CFBFX","","","","7/F","T",1,0,0,0,0,"F"
0,2,1,2,"CBCX","","","","S5/G-","T",0,1,0,0,0,"F"
0,2,2,1,"BBFX","cervf001","","","6(1)/FO/G","T",1,1,0,0,0,"F"
1,0,1,2,"FFBS","","","","K","T",1,0,0,0,0,"F"
1,1,0,0,"X","","","","5/P","T",1,0,0,0,0,"F"
1,2,1,2,"BCFFX","","","","7/F","T",1,0,0,0,0,"F"
0,0,1,1,"BCX","","","","23/G-","T",1,0,0,0,0,"F"
0,1,0,2,"CCX","","","","HR/9/F","T",0,4,0,0,0,"F"
0,1,1,2,"FBFC","","","","K","T",1,0,0,0,0,"F"
0,2,1,1,"CBX","","","","7/F","T",1,0,0,0,0,"F"
1,0,0,1,"SX","","","","D8/L","T",0,2,0,0,0,"F"
1,0,0,2,"FFS","","suare001","","K","T",1,0,0,2,0,"F"
1,1,0,2,"FFS","","suare001","","K23","T",1,0,0,2,0,"F"
1,2,2,2,"SBFBS","","suare001","","K","T",1,0,0,2,0,"F"
0,0,0,1,"CX","","","","41/G","T",1,0,0,0,0,"F"
0,1,2,1,"CBBX","","","","9/L","T",1,0,0,0,0,"F"
0,2,1,2,"BCFFS","","","","K","T",1,0,0,0,0,"F"
1,0,1,0,"BX","","","","8/L","T",1,0,0,0,0,"F"
1,1,1,2,"CCBX","","","","S8/L","T",0,1,0,0,0,"F"
1,1,1,2,"F1FB>FX","peraj003","","","D9/G.1-3","T",0,2,3,0,0,"F"
1,1,3,0,"VVVV","","barnt001","peraj003","IW","T",0,1,0,2,3,"F"
1,1,0,0,"X","vottj001","barnt001","peraj003","HR/9/F.3-H;2-H;1-H","T",0,4,4,4,4,"F"
1,1,3,2,"BCSBBS","","","","K","T",1,0,0,0,0,"F"
1,2,1,1,"SBX","","","","4/L","T",1,0,0,0,0,"F"
0,0,2,1,"FBBX","","","","63/G","T",1,0,0,0,0,"F"
0,1,0,0,"X","","","","7/F","T",1,0,0,0,0,"F"
0,2,1,2,"FFBFFX","","","","7/F","T",1,0,0,0,0,"F"
1,0,3,2,"CFBBBFX","","","","63/G","T",1,0,0,0,0,"F"
1,1,0,0,".X","","","","9/F","T",1,0,0,0,0,"F"
1,2,1,0,"BX","","","","53/G","T",1,0,0,0,0,"F"
0,0,0,2,".FSX","","","","9/F","T",1,0,0,0,0,"F"
0,1,0,1,"CX","","","","HR/9/F","T",0,4,0,0,0,"F"
0,1,3,1,"CBBBB","","","","W","T",0,1,0,0,0,"F"
0,1,3,2,".SBBCBB","mercj002","","","W.1-2","T",0,1,2,0,0,"F"
0,1,0,2,".CSX","rodrs002","mercj002","","S8/G.2-3;1-2","T",0,1,2,3,0,"F"
0,1,2,1,"BFBX","harrj002","rodrs002","mercj002","4/P/IF","T",1,0,1,2,3,"F"
0,2,2,2,"BCCBX","harrj002","rodrs002","mercj002","63/G","T",1,0,1,2,3,"F"
1,0,1,1,".CBH","","","","HP","T",0,1,0,0,0,"F"
1,0,0,1,"C>B","peraj003","","","SB2","F",0,0,2,0,0,"F"
1,0,1,2,"C>B.FX","","peraj003","","S7/G.2-3","T",0,1,0,3,0,"F"
1,0,2,2,"BBSFC","barnt001","","peraj003","K","T",1,0,1,0,3,"F"
1,1,1,1,"BCX","barnt001","","peraj003","8/L/SF.3-H","T",1,0,1,0,4,"F"
1,2,1,2,"BSCS","barnt001","","","K","T",1,0,1,0,0,"F"
0,0,3,2,"CBBBFS","","","","K","T",1,0,0,0,0,"F"
0,1,3,2,"BFBBFFB","","","","W","T",0,1,0,0,0,"F"
0,1,3,2,"..BCBFFBX","dickc002","","","9/L","T",1,0,1,0,0,"F"
0,2,1,1,"FBX","dickc002","","","43/G","T",1,0,1,0,0,"F"
1,0,1,2,".CSBS","","","","K","T",1,0,0,0,0,"F"
1,1,3,2,"CBBBCS","","","","K","T",1,0,0,0,0,"F"
1,2,0,1,"CX","","","","63/G","T",1,0,0,0,0,"F"
0,0,1,2,"BFCX","","","","S8/L","T",0,1,0,0,0,"F"
0,0,1,0,"..BX","mercj002","","","64(1)3/GDP","T",2,0,0,0,0,"F"
0,2,2,1,"BSBX","","","","9/F","T",1,0,0,0,0,"F"
0,0,0,0,"X","","","","63/G","T",1,0,0,0,0,"T"
0,1,3,2,"CBFBBB","","","","W","T",0,1,0,0,0,"F"
0,1,1,1,"C11BX","polag001","","","HR/7/L+.1-H","T",0,4,4,0,0,"F"
0,1,1,2,"FBSFX","","","","S7/L+","T",0,1,0,0,0,"F"
0,1,0,0,"X","bellj005","","","9/L","T",1,0,1,0,0,"F"
0,2,0,0,"X","bellj005","","","3/G","T",1,0,1,0,0,"F"
1,0,1,1,"CBX","","","","7/F","T",1,0,0,0,0,"F"
1,1,2,2,"CBFFBC","","","","K","T",1,0,0,0,0,"F"
1,2,2,2,"CBCBX","","","","13/G-","T",1,0,0,0,0,"F"
0,0,2,2,"BSBFX","","","","9/L+","T",1,0,0,0,0,"F"
0,1,1,2,"CBFX","","","","63/G+","T",1,0,0,0,0,"F"
0,2,2,2,"BCBFX","","","","43/G","T",1,0,0,0,0,"F"
1,0,3,0,"BBBB","","","","W","T",0,1,0,0,0,"F"
1,0,0,0,"X","genns001","","","9/F","T",1,0,1,0,0,"F"
1,1,1,2,"FCBT","genns001","","","K","T",1,0,1,0,0,"F"
1,2,2,1,"BBF>X","genns001","","","3/P3F","T",1,0,1,0,0,"F"
0,0,1,2,"BFSX","","","","S4/G","T",0,1,0,0,0,"F"
0,0,1,1,"C1BX","harrj002","","","46(1)3/GDP","T",2,0,0,0,0,"F"
0,2,1,1,"FBX","","","","9/L","T",1,0,0,0,0,"F"
1,0,1,2,"CFBS","","","","K","T",1,0,0,0,0,"F"
1,1,1,0,"BX","","","","5/P2F","T",1,0,0,0,0,"F"
1,2,0,0,"X","","","","S9/L+","T",0,1,0,0,0,"F"
1,2,2,2,"CBFB1X","winkj002","","","43/G","T",1,0,1,0,0,"F"
0,0,3,2,"FBBBSFB","","","","W","T",0,1,0,0,0,"F"
0,0,1,1,"BCX","bellj005","","","S9/G+.1-2","T",0,1,2,0,0,"F"
0,0,0,2,"FFC","dickc002","bellj005","","K","T",1,0,1,2,0,"F"
0,1,2,2,"CB*BSFX","dickc002","bellj005","","4/L","T",1,0,1,2,0,"F"
0,2,3,1,"BBCBB","dickc002","bellj005","","W.2-3;1-2","T",0,1,2,3,0,"F"
0,2,0,1,"SX","mercj002","dickc002","bellj005","53/G-","T",1,0,1,2,3,"F"
1,0,0,0,"X","","","","8/F","T",1,0,0,0,0,"F"
1,1,1,2,"CFBS","","","","K","T",1,0,0,0,0,"F"
1,2,0,2,"CCX","","","","S7/L","T",0,1,0,0,0,"F"
1,2,2,2,"BFBSFF1S","suare001","","","K","T",1,0,1,0,0,"F"
0,0,0,1,"CX","","","","S7/L","T",0,1,0,0,0,"F"
0,0,2,2,"B111CB1CS","harrj002","","","K","T",1,0,1,0,0,"F"
0,1,0,1,"C1X","harrj002","","","S7/L.1-2","T",0,1,2,0,0,"F"
0,1,0,2,"FSS","cervf001","harrj002","","K","T",1,0,1,2,0,"F"
0,2,2,2,"CSFF*BBX","cervf001","harrj002","","S8/G.2-H;1-2","T",0,1,2,4,0,"F"
0,2,2,2,"BBFCX","dickc002","cervf001","","8/F","T",1,0,1,2,0,"F"
1,0,1,2,"BCCX","","","","7/L","T",1,0,0,0,0,"F"
1,1,0,0,"X","","","","S5/G","T",0,1,0,0,0,"F"
1,1,0,2,"CCS","bailh001","","","K","T",1,0,1,0,0,"F"
1,2,2,0,"BBX","bailh001","","","31/G","T",1,0,1,0,0,"F"
0,0,1,1,"TBX","","","","S4/G","T",0,1,0,0,0,"F"
0,0,0,0,"X","meada001","","","S7/F-.1-2","T",0,1,2,0,0,"F"
0,0,0,1,"FX","mercj002","meada001","","S1/BG.2-H;1-2","T",0,1,2,4,0,"F"
0,0,3,2,".BBFBFB","kuhlc001","mercj002","","W.2-3;1-2","T",0,1,2,3,0,"F"
0,0,1,2,"BFFS","harrj002","kuhlc001","mercj002","K","T",1,0,1,2,3,"F"
0,1,2,2,"BBFFS","harrj002","kuhlc001","mercj002","K","T",1,0,1,2,3,"F"
0,2,1,0,"BX","harrj002","kuhlc001","mercj002","13/G","T",1,0,1,2,3,"F"
1,0,0,0,"X","","","","7/F","T",1,0,0,0,0,"F"
1,1,1,2,"FFBX","","","","8/L+","T",1,0,0,0,0,"F"
1,2,0,0,"X","","","","HR/89/L+","T",0,4,0,0,0,"F"
1,2,0,1,"SX","","","","43/G","T",1,0,0,0,0,"F"
0,0,3,0,"BBBB","","","","W","T",0,1,0,0,0,"F"
0,0,1,2,"CB1F>X","dickc002","","","7/F","T",1,0,1,0,0,"F"
0,1,1,1,"*BS1>X","dickc002","","","9/F","T",1,0,1,0,0,"F"
0,2,2,2,"C1BBFS","dickc002","","","K","T",1,0,1,0,0,"F"
1,0,3,1,"BBCBX","","","","S8/G","T",0,1,0,0,0,"F"
1,0,1,0,".BX","sches001","","","8/F","T",1,0,1,0,0,"F"
1,1,1,2,".CBFX","sches001","","","6/P","T",1,0,1,0,0,"F"
1,2,0,2,"SCS","sches001","","","K","T",1,0,1,0,0,"F"
0,0,1,0,"..BX","","","","43/G","T",1,0,0,0,0,"F"
0,1,1,2,"BCCT","","","","K","T",1,0,0,0,0,"F"
0,2,2,1,"FBBX","","","","63/G","T",1,0,0,0,0,"F"
1,0,1,1,".BSX","","","","S9/L+","T",0,1,0,0,0,"F"
1,0,1,0,"BX","winkj002","","","S12/L.1-2","T",0,1,2,0,0,"F"
1,0,0,0,"X","barnt001","winkj002","","8/F+.2-3","T",1,0,1,3,0,"F"
1,1,3,2,"B*BBCC*B","barnt001","","winkj002","W.1-2","T",0,1,2,0,3,"F"
1,1,1,2,"CFF*BX","genns001","barnt001","winkj002","7/L/SF.3-H","T",1,0,1,2,4,"F"
1,2,1,2,"...BCCFX","genns001","barnt001","","S7/L-.2-H;1-2","T",0,1,2,4,0,"F"
1,2,3,2,"BFFBFB>X","blana002","genns001","","S8/L.2-H;1-3(E8/TH);B-2","T",0,2,3,4,0,"F"
1,2,1,2,".BCFC","","peraj003","blana002","K","T",1,0,0,2,3,"F"
0,0,3,2,"...BFFBFBX","","","","53/G","T",1,0,0,0,0,"F"
0,1,2,2,"FBFBFX","","","","8/F","T",1,0,0,0,0,"F"
0,2,0,1,"FX","","","","S8/G","T",0,1,0,0,0,"F"
0,2,1,1,"F1BX","dickc002","","","13/G","T",1,0,1,0,0,"F"
1,0,0,0,"X","","","","8/L","T",1,0,0,0,0,"F"
1,1,1,1,"CBX","","","","8/F","T",1,0,0,0,0,"F"
1,2,1,0,"BX","","","","53/G","T",1,0,0,0,0,"F"
0,0,1,2,".FFFBFX","","","","8/F","T",1,0,0,0,0,"F"
0,1,2,2,"CBTBX","","","","63/G","T",1,0,0,0,0,"F"
0,2,3,2,"BFFBBB","","","","W","T",0,1,0,0,0,"F"
0,2,0,0,"X","rodrs002","","","S8/L.1-2","T",0,1,2,0,0,"F"
0,2,2,2,".BC*BFX","harrj002","rodrs002","","43/G","T",1,0,1,2,0,"F"
1,0,2,1,".BCBX","","","","7/F","T",1,0,0,0,0,"F"
1,1,0,2,"FFFFS","","","","K","T",1,0,0,0,0,"F"
1,2,3,0,"VVVV","","","","IW","T",0,1,0,0,0,"F"
1,2,1,2,".CFF*BX","suare001","","","8/F","T",1,0,1,0,0,"F"
0,0,2,1,".BBCX","","","","8/L","T",1,0,0,0,0,"F"
0,1,0,2,"CFFX","","","","8/F","T",1,0,0,0,0,"F"
0,2,0,2,"CSX","","","","D7/L","T",0,2,0,0,0,"F"
0,2,0,1,"CX","","dickc002","","9/F","T",1,0,0,2,0,"F"
1,0,3,2,"CBBBFB","","","","W","T",0,1,0,0,0,"F"
1,0,0,1,"1F1X","peraj003","","","24/BG/BINT.1-1","T",1,0,1,0,0,"F"
1,1,0,1,"FX","peraj003","","","4/P","T",1,0,1,0,0,"F"
1,2,0,0,"H","peraj003","","","HP.1-2","T",0,1,2,0,0,"F"
1,2,2,2,"CBSBFS","winkj002","peraj003","","K","T",1,0,1,2,0,"F"
0,0,1,0,"BX","","","","D9/F","T",0,2,0,0,0,"F"
0,0,0,0,"X","","meada001","","FC1/G.2X3(165)","T",1,1,0,0,0,"F"
0,1,3,2,"BSFBBFX","mercj002","","","9/F","T",1,0,1,0,0,"F"
0,2,1,1,"1SBX","mercj002","","","T9/L+.1-H","T",0,3,4,0,0,"F"
0,2,0,2,".CCFX","","","harrj002","63/G-","T",1,0,0,0,3,"F"
1,0,2,1,"..FBBX","","","","D9/G","T",0,2,0,0,0,"F"
1,0,2,0,"BBX","","vottj001","","S8/L.2-3","T",0,1,0,3,0,"F"
1,0,0,1,"FX","genns001","","vottj001","7/L","T",1,0,1,0,3,"F"
1,1,1,2,"C*BSS","genns001","","vottj001","K","T",1,0,1,0,3,"F"
1,2,3,2,"CBBBF>B","genns001","","vottj001","W.1-2","T",0,1,2,0,3,"F"
1,2,0,1,"FX","peraj003","genns001","vottj001","63/G","T",1,0,1,2,3,"F"
0,0,0,2,"CFS","","","","K23","T",1,0,0,0,0,"T"
0,1,0,2,"CFFX","","","","S8/F","T",0,1,0,0,0,"F"
0,1,2,0,"B11BX","fraza001","","","8/F","T",1,0,1,0,0,"F"
0,2,0,1,"CX","fraza001","","","6(1)/FO/G","T",1,1,0,0,0,"F"
1,0,1,2,"FFBX","","","","163/G","T",1,0,0,0,0,"F"
1,1,3,2,"CCBFBBFB","","","","W","T",0,1,0,0,0,"F"
1,1,0,1,"1FX","peraj003","","","7/F","T",1,0,1,0,0,"F"
1,2,1,2,"*BFFS","peraj003","","","K","T",1,0,1,0,0,"F"
0,0,3,1,"BCBBB","","","","W","T",0,1,0,0,0,"F"
0,0,2,2,"B1FFBX","morac001","","","S8/L.1-2","T",0,1,2,0,0,"F"
0,0,1,0,"BX","meada001","morac001","","64(1)3/GDP.2-3","T",2,0,0,3,0,"F"
0,2,0,2,"FSS","","","morac001","K","T",1,0,0,0,3,"F"
1,0,3,2,"BSFBBFX","","","","S3/G","T",0,1,0,0,0,"F"
1,0,0,2,"CFX","sches001","","","3/G.1-2","T",1,0,2,0,0,"F"
1,1,0,1,"FX","","sches001","","31/G.2-3","T",1,0,0,3,0,"F"
1,2,2,2,"CBF*BS","","","sches001","K","T",1,0,0,0,3,"F"
0,0,2,2,"BBCFX","","","","13/G","T",1,0,0,0,0,"F"
0,1,1,2,"BFSFFFX","","","","4/L","T",1,0,0,0,0,"F"
0,2,3,2,"BCFBBFX","","","","63/G+","T",1,0,0,0,0,"F"
1,0,3,1,"BBCBB","","","","W","T",0,1,0,0,0,"F"
1,0,1,2,"FF*BX","castl003","","","S9/G.1-2","T",0,1,2,0,0,"F"
1,0,2,0,"BBX","winkj002","castl003","","1/BP","T",1,0,1,2,0,"F"
1,1,2,1,"SB*BX","winkj002","castl003","","E1/TH/G-.2-3;1-2","T",0,1,2,3,0,"F"
1,1,2,2,"BCBFX","genns001","winkj002","castl003","HR/7/F.3-H;2-H;1-H(UR)","T",0,4,5,4,4,"F"
1,1,3,2,"BBFBTX","","","","5/P","T",1,0,0,0,0,"F"
1,2,1,2,"BFFS","","","","K","T",1,0,0,0,0,"F"
0,0,2,1,"BBCX","","","","S9/F","T",0,1,0,0,0,"F"
0,0,1,2,"BFFX","freed001","","","8/L","T",1,0,1,0,0,"F"
0,1,1,0,"BX","freed001","","","8/F","T",1,0,1,0,0,"F"
0,2,2,2,"C*BBCFX","freed001","","","43/G+","T",1,0,1,0,0,"F"
1,0,1,0,"BX","","","","S9/G+","T",0,1,0,0,0,"F"
1,0,1,2,">FFBX","dixob001","","","46(1)3/GDP","T",2,0,0,0,0,"F"
1,2,0,0,"X","","","","63/G","T",1,0,0,0,0,"F"
0,0,0,2,"CCS","","","","K","T",1,0,0,0,0,"F"
0,1,1,2,"FSBS","","","","K","T",1,0,0,0,0,"F"
0,2,0,2,"CSX","","","","4/P","T",1,0,0,0,0,"F"
1,0,2,1,"BCBX","","","","HR/8/F","T",0,4,0,0,0,"F"
1,0,1,2,"CBFX","","","","43/G","T",1,0,0,0,0,"F"
1,1,2,2,"BSBSC","","","","K","T",1,0,0,0,0,"F"
1,2,2,2,"CBBSX","","","","9/L","T",1,0,0,0,0,"F"
0,0,1,0,"BX","","","","5/P","T",1,0,0,0,0,"F"
0,1,3,2,"CBBBCB","","","","W","T",0,1,0,0,0,"F"
0,1,3,1,"BBBCX","fraza001","","","HR/7/F.1-H","T",0,4,4,0,0,"F"
0,1,0,2,"FFS","","","","K","T",1,0,0,0,0,"F"
0,2,0,1,"SX","","","","43/G","T",1,0,0,0,0,"F"
1,0,1,2,"FFBX","","","","S8/G+","T",0,1,0,0,0,"F"
1,0,1,0,"BX","sches001","","","5/L+","T",1,0,1,0,0,"F"
1,1,1,2,"SC*BX","sches001","","","S5/G.1-2","T",0,1,2,0,0,"F"
1,1,0,1,".CX","dixob001","sches001","","8/F.2-3","T",1,0,1,3,0,"F"
1,2,3,2,".B*BCBC>B","dixob001","","sches001","W.1-2","T",0,1,2,0,3,"F"
1,2,1,2,"CFFBX","vottj001","dixob001","sches001","7/F","T",1,0,1,2,3,"F"
0,0,2,2,"...BFBFX","","","","D8/L","T",0,2,0,0,0,"F"
0,0,0,2,"CSS","","meada001","","K","T",1,0,0,2,0,"F"
0,1,3,2,"BBBCFFX","","meada001","","9/F.2-3","T",1,0,0,3,0,"F"
0,2,0,2,"..FFS","","","meada001","K","T",1,0,0,0,3,"F"
1,0,0,1,".CX","","","","43/G","T",1,0,0,0,0,"F"
1,1,2,2,"BFSFFBX","","","","43/G","T",1,0,0,0,0,"F"
1,2,0,0,"X","","","","63/G","T",1,0,0,0,0,"F"
0,0,1,2,"SBSX","","","","7/F","T",1,0,0,0,0,"F"
0,1,3,2,"BCBBSC","","","","K","T",1,0,0,0,0,"F"
0,2,0,2,"CFS","","","","K","T",1,0,0,0,0,"F"
1,0,3,2,"BCBCBS","","","","K","T",1,0,0,0,0,"F"
1,1,0,2,"SSC","","","","K","T",1,0,0,0,0,"F"
1,2,2,2,"BFBSFX","","","","D9/L+","T",0,2,0,0,0,"F"
1,2,1,0,"BX","","dixob001","","9/L","T",1,0,0,2,0,"F"
0,0,0,2,"FFX","","","","S5/G","T",0,1,0,0,0,"F"
0,0,0,2,".CF1S","dickc002","","","K","T",1,0,1,0,0,"F"
0,1,2,1,"BFBX","dickc002","","","HR/89/L.1-H","T",0,4,4,0,0,"F"
0,1,1,0,".BX","","","","143/G","T",1,0,0,0,0,"F"
0,2,1,0,".BX","","","","9/F","T",1,0,0,0,0,"F"
0,0,2,1,"BCBX","","","","S8/G+","T",0,1,0,0,0,"T"
0,0,0,2,"LFX","lemad001","","","T9/G+.1-H","T",0,3,4,0,0,"F"
0,0,3,1,"BBBFB","","","blacc001","W","T",0,1,0,0,3,"F"
0,0,1,1,"CBX","arenn001","","blacc001","S3/G-.3-H;1-2","T",0,1,2,0,4,"F"
0,0,0,1,"CX","gonzc001","arenn001","","3/P9LF","T",1,0,1,2,0,"F"
0,1,2,2,"CBFBX","gonzc001","arenn001","","7/F/DP.2X2(74)","T",2,0,1,0,0,"F"
1,0,1,2,"CBFT","","","","K","T",1,0,0,0,0,"F"
1,1,1,1,"CBX","","","","63/G","T",1,0,0,0,0,"F"
1,2,0,1,"CX","","","","3/G","T",1,0,0,0,0,"F"
0,0,2,1,"BCBX","","","","S7/L","T",0,1,0,0,0,"F"
0,0,0,2,"F1CX","desmi001","","","HR/9/F.1-H","T",0,4,4,0,0,"F"
0,0,1,2,"BSFX","","","","8/L","T",1,0,0,0,0,"F"
0,1,3,2,"BFBCBC","","","","K","T",1,0,0,0,0,"F"
0,2,2,2,"BFBCX","","","","7/F7LF","T",1,0,0,0,0,"F"
1,0,2,2,"CBSBX","","","","63/G","T",1,0,0,0,0,"F"
1,1,0,0,"X","","","","4/P","T",1,0,0,0,0,"F"
1,2,3,1,"BBCBX","","","","S8/L+","T",0,1,0,0,0,"F"
1,2,2,2,"BF1CBX","duvaa001","","","43/G","T",1,0,1,0,0,"F"
0,0,2,2,"BBSSFT","","","","K","T",1,0,0,0,0,"F"
0,1,2,2,"FSFBBX","","","","43/G","T",1,0,0,0,0,"F"
0,2,2,2,"FBBFC","","","","K","T",1,0,0,0,0,"F"
1,0,1,1,"CBX","","","","7/F","T",1,0,0,0,0,"F"
1,1,0,1,"CX","","","","53/G","T",1,0,0,0,0,"F"
1,2,2,2,"CBBSS","","","","K","T",1,0,0,0,0,"F"
0,0,0,1,"FX","","","","S5/BG","T",0,1,0,0,0,"F"
0,0,0,1,"C>C","parrg001","","","CS2(24)","F",1,0,0,0,0,"F"
0,1,2,2,"C>C.BBX","","","","31/G","T",1,0,0,0,0,"F"
0,2,2,2,"SCBBX","","","","53/G","T",1,0,0,0,0,"F"
1,0,2,1,"CBBX","","","","S9/L.BX2(96)","T",1,0,0,0,0,"F"
1,1,2,2,"CBFBFX","","","","43/G","T",1,0,0,0,0,"F"
1,2,0,1,"CX","","","","S9/G","T",0,1,0,0,0,"F"
1,2,1,2,"FFBC","suare001","","","K","T",1,0,1,0,0,"F"
0,0,3,2,"BCBSBS","","","","K","T",1,0,0,0,0,"F"
0,1,3,2,"BBFCBX","","","","8/F","T",1,0,0,0,0,"F"
0,2,3,2,"FBBSBT","","","","K","T",1,0,0,0,0,"F"
1,0,1,2,"FSBX","","","","8/F","T",1,0,0,0,0,"F"
1,1,0,0,"X","","","","HR/9/F","T",0,4,0,0,0,"F"
1,1,2,2,"BCFBX","","","","43/G","T",1,0,0,0,0,"F"
1,2,3,2,".BCSBBC","","","","K","T",1,0,0,0,0,"F"
0,0,0,2,".CSFX","","","","S7/G+","T",0,1,0,0,0,"F"
0,0,2,2,"SFBFBFX","arenn001","","","S7/G.1-2","T",0,1,2,0,0,"F"
0,0,2,2,"BBFFX","gonzc001","arenn001","","9/L","T",1,0,1,2,0,"F"
0,1,0,0,"X","gonzc001","arenn001","","S9/L+.2-H;1-2","T",0,1,2,4,0,"F"
0,1,1,1,"S*BX","parrg001","gonzc001","","63/G.2-3;1-2","T",1,0,2,3,0,"F"
0,2,3,0,"VVVV","","parrg001","gonzc001","IW","T",0,1,0,2,3,"F"
0,2,3,2,"*BBBCC>B","iannc001","parrg001","gonzc001","W.3-H;2-3;1-2","T",0,1,2,3,4,"F"
0,2,1,1,"CBX","freek001","iannc001","parrg001","64(1)/FO/G","T",1,1,0,2,3,"F"
1,0,0,0,"X","","","","S8/G","T",0,1,0,0,0,"F"
1,0,0,0,"X","winkj002","","","8/F","T",1,0,1,0,0,"F"
1,1,3,2,"CBBBFX","winkj002","","","S7/L.1-2","T",0,1,2,0,0,"F"
1,1,2,2,"FBBCT","vottj001","winkj002","","K","T",1,0,1,2,0,"F"
1,2,1,2,"CBFT","vottj001","winkj002","","K","T",1,0,1,2,0,"F"
0,0,0,1,".CX","","","","S8/G+","T",0,1,0,0,0,"F"
0,0,3,0,"B1BBB","blacc001","","","W.1-2","T",0,1,2,0,0,"F"
0,0,3,2,"B*BC*BFX","arenn001","blacc001","","HR/8/F.2-H;1-H","T",0,4,4,4,0,"F"
0,0,0,0,"X","","","","8/F","T",1,0,0,0,0,"F"
0,1,1,2,"BCSS","","","","K","T",1,0,0,0,0,"F"
0,2,1,2,"SSFFBX","","","","53/G","T",1,0,0,0,0,"F"
1,0,2,1,"BCBX","","","","8/F+","T",1,0,0,0,0,"F"
1,1,1,0,"BX","","","","S8/G","T",0,1,0,0,0,"F"
1,1,2,0,"BBX","sches001","","","S8/G+.1-2","T",0,1,2,0,0,"F"
1,1,1,2,".CFBS","peraj003","sches001","","K","T",1,0,1,2,0,"F"
1,2,3,1,"BBBCB","peraj003","sches001","","W.2-3;1-2","T",0,1,2,3,0,"F"
1,2,3,1,"CBBBX","winkj002","peraj003","sches001","S7/G.3-H;2-H;1-2","T",0,1,2,4,4,"F"
1,2,0,2,".SFX","barnt001","winkj002","","S7/L.2XH(72);1-2","T",1,1,2,0,0,"F"
0,0,0,1,".CX","","","","31/G","T",1,0,0,0,0,"F"
0,1,3,1,".BBBCB","","","","W","T",0,1,0,0,0,"F"
0,1,0,2,"CCX","taucm001","","","64(1)3/GDP","T",2,0,0,0,0,"F"
1,0,3,2,".BBFCBX","","","","S5/G","T",0,1,0,0,0,"F"
1,0,0,1,"CX","suare001","","","S8/L.1-2","T",0,1,2,0,0,"F"
1,0,2,2,"FBBFS","genns001","suare001","","K","T",1,0,1,2,0,"F"
1,1,3,2,"SFBBBS","genns001","suare001","","K","T",1,0,1,2,0,"F"
1,2,0,0,"X","genns001","suare001","","9/F9LF","T",1,0,1,2,0,"F"
0,0,0,2,".CFFX","","","","S8/G","T",0,1,0,0,0,"F"
0,0,2,2,"CSB*BX","blacc001","","","6/P","T",1,0,1,0,0,"F"
0,1,0,2,"CCC","blacc001","","","K","T",1,0,1,0,0,"F"
0,2,2,2,"BBFSS","blacc001","","","K","T",1,0,1,0,0,"F"
1,0,1,2,"..BCFX","","","","D7/L+","T",0,2,0,0,0,"F"
1,0,0,0,"B","","casac001","","WP.2-3","F",0,0,0,3,0,"F"
1,0,1,2,"B.CTX","","","casac001","31/G.3-H","T",1,0,0,0,4,"F"
1,1,0,0,"X","","","","S7/L","T",0,1,0,0,0,"F"
1,1,0,1,"SX","barnt001","","","S7/L.1-2","T",0,1,2,0,0,"F"
1,1,0,1,"CX","vottj001","barnt001","","8/F+","T",1,0,1,2,0,"F"
1,2,0,0,"X","vottj001","barnt001","","S9/L.2-H;1-3","T",0,1,3,4,0,"F"
1,2,1,1,"B>F>X","genns001","","vottj001","S9/L.3-H;1-3","T",0,1,3,0,4,"F"
1,2,0,0,".>C","duvaa001","","genns001","DI.1-2","F",0,0,2,0,3,"F"
1,2,0,2,".>C.SC","","duvaa001","genns001","K","T",1,0,0,2,3,"F"
0,0,1,2,"BCSX","","","","53/G","T",1,0,0,0,0,"T"
0,1,2,2,"CBSFBFFS","","","","K","T",1,0,0,0,0,"F"
0,2,0,0,"X","","","","D8/L+","T",0,2,0,0,0,"F"
0,2,0,0,"X","","arenn001","","31/G","T",1,0,0,2,0,"F"
1,0,2,1,"CBBX","","","","9/F","T",1,0,0,0,0,"F"
1,1,0,0,"X","","","","5/P5F","T",1,0,0,0,0,"F"
1,2,3,2,"SBSBBS","","","","K","T",1,0,0,0,0,"F"
0,0,2,2,"BBFFFC","","","","K","T",1,0,0,0,0,"F"
0,1,0,2,"FFS","","","","K","T",1,0,0,0,0,"F"
0,2,3,2,"CBBBFFB","","","","W","T",0,1,0,0,0,"F"
0,2,0,2,"T1CX","desmi001","","","D9/G+.1-H","T",0,2,4,0,0,"F"
0,2,0,2,"CSS","","woltt001","","K","T",1,0,0,2,0,"F"
1,0,3,2,"CBBSFB*B","","","","W","T",0,1,0,0,0,"F"
1,0,1,1,"BF1X","genns001","","","S7/G.1-2","T",0,1,2,0,0,"F"
1,0,3,2,"BBCSFBS","suare001","genns001","","K","T",1,0,1,2,0,"F"
1,1,0,1,"SX","suare001","genns001","","S8/L.2-H;1-2","T",0,1,2,4,0,"F"
1,1,0,1,"LX","peraj003","suare001","","15(2)/FO/BG.1-2","T",1,1,2,0,0,"F"
1,2,0,0,"X","romas001","peraj003","","9/L","T",1,0,1,2,0,"F"
0,0,1,2,"CSBX","","","","7/L","T",1,0,0,0,0,"F"
0,1,1,0,"BX","","","","43/G","T",1,0,0,0,0,"F"
0,2,2,2,"CBBFX","","","","8/F","T",1,0,0,0,0,"F"
1,0,2,2,"CCBFFBX","","","","D8/F","T",0,2,0,0,0,"F"
1,0,0,2,"SFS","","winkj002","","K","T",1,0,0,2,0,"F"
1,1,2,2,"C*B*BSX","","winkj002","","S7/L.2-3","T",0,1,0,3,0,"F"
1,1,2,2,"*BBCCX","vottj001","","winkj002","8/F/SF.3-H","T",1,0,1,0,4,"F"
1,2,0,1,"CX","vottj001","","","53/G","T",1,0,1,0,0,"F"
0,0,3,1,"BBCBX","","","","7/F","T",1,0,0,0,0,"F"
0,1,0,0,"X","","","","DGR/8/F","T",0,2,0,0,0,"F"
0,1,1,2,"LS*BFX","","stort001","","S9/G.2-H","T",0,1,0,4,0,"F"
0,1,1,1,"B11TX","parrg001","","","HR/78/L+.1-H","T",0,4,4,0,0,"F"
0,1,3,2,"BTCBFBC","","","","K","T",1,0,0,0,0,"F"
0,2,2,1,"BBCX","","","","63/G","T",1,0,0,0,0,"F"
1,0,1,2,"BFCX","","","","S7/L-","T",0,1,0,0,0,"F"
1,0,0,2,"SFFX","sches001","","","43/G.1-2","T",1,0,2,0,0,"F"
1,1,1,2,"CBCS","","sches001","","K","T",1,0,0,2,0,"F"
1,2,3,0,"BBBB","","sches001","","W","T",0,1,0,2,0,"F"
1,2,1,0,"BX","hamib001","sches001","","8/F","T",1,0,1,2,0,"F"
0,0,2,2,"BBCCC","","","","K","T",1,0,0,0,0,"F"
0,1,2,1,"BCBX","","","","4/P","T",1,0,0,0,0,"F"
0,2,1,2,"CCBX","","","","53/G-","T",1,0,0,0,0,"F"
1,0,2,2,"BFBCC","","","","K","T",1,0,0,0,0,"F"
1,1,3,2,"BBBCFX","","","","D8/F+","T",0,2,0,0,0,"F"
1,1,1,2,"FSBX","","vottj001","","D9/L.2-H","T",0,2,0,4,0,"F"
1,1,3,2,"BBBSTB","","genns001","","W","T",0,1,0,2,0,"F"
1,1,1,0,"BX","suare001","genns001","","8/L.2-3","T",1,0,1,3,0,"F"
1,2,1,2,"CCFBX","suare001","","genns001","9/F","T",1,0,1,0,3,"F"
0,0,3,2,"BBFBFFFX","","","","D8/L","T",0,2,0,0,0,"F"
0,0,1,2,"..BCSC","","gonzc001","","K","T",1,0,0,2,0,"F"
0,1,0,1,"CX","","gonzc001","","8/F.2-3","T",1,0,0,3,0,"F"
0,2,3,1,"B*BCB*B","","","gonzc001","W","T",0,1,0,0,3,"F"
0,2,1,0,"BX","desmi001","","gonzc001","S9/G.3-H;1-3","T",0,1,3,0,4,"F"
0,2,1,2,".BFS>X","woltt001","","desmi001","43/G","T",1,0,1,0,3,"F"
1,0,3,1,".BCBBB","","","","W","T",0,1,0,0,0,"F"
1,0,2,2,"B*B+1CFFS","blana002","","","K","T",1,0,1,0,0,"F"
1,1,3,1,"BBBCB","blana002","","","W.1-2","T",0,1,2,0,0,"F"
1,1,2,2,"BSFBFFS","winkj002","blana002","","K","T",1,0,1,2,0,"F"
1,2,1,2,"F*BFT","winkj002","blana002","","K","T",1,0,1,2,0,"F"
0,0,1,1,"BCX","","","","8/F","T",1,0,0,0,0,"F"
0,1,1,2,"BFFS","","","","K","T",1,0,0,0,0,"F"
0,2,0,1,"CX","","","","9/F","T",1,0,0,0,0,"F"
1,0,0,0,"X","","","","9/F","T",1,0,0,0,0,"F"
1,1,1,0,"BX","","","","8/L","T",1,0,0,0,0,"F"
1,2,0,0,"X","","","","S8/L+","T",0,1,0,0,0,"F"
1,2,2,2,"..C*BFBFS","sches001","","","K","T",1,0,1,0,0,"F"
0,0,2,2,".CBFBFX","","","","E8/F.B-2","T",0,2,0,0,0,"F"
0,0,1,2,"CBSB","","gonzc001","","WP.2-3","F",0,0,0,3,0,"F"
0,0,3,2,"CBSB.BF*B","","","gonzc001","W","T",0,1,0,0,3,"F"
0,0,0,0,"X","stort001","","gonzc001","S9/G.3-H(UR);1X3(96)","T",1,1,0,0,5,"F"
0,1,2,2,"1S1*BFBS","parrg001","","","K","T",1,0,1,0,0,"F"
0,2,0,0,"X","parrg001","","","5/P","T",1,0,1,0,0,"F"
1,0,0,2,"CFFFS","","","","K23","T",1,0,0,0,0,"F"
1,1,2,2,".SSBBS","","","","K","T",1,0,0,0,0,"F"
1,2,0,0,"X","","","","S7/L","T",0,1,0,0,0,"F"
1,2,3,2,"BSSBFB>F>F>X","winkj002","","","S9/L.1-3","T",0,1,3,0,0,"F"
1,2,0,0,"X","barnt001","","winkj002","7/F7LF","T",1,0,1,0,3,"F"
0,0,1,1,"...SBX","","","","7/F","T",1,0,0,0,0,"F"
0,1,2,1,"SBBX","","","","53/G+","T",1,0,0,0,0,"F"
0,2,1,0,"BX","","","","31/G","T",1,0,0,0,0,"F"
1,0,1,0,".BX","","","","3/P3F","T",1,0,0,0,0,"F"
1,1,1,1,"BCX","","","","S4/G.B-2(E4/TH)","T",0,2,0,0,0,"F"
1,1,2,2,"*BBFCS","","suare001","","K23","T",1,0,0,2,0,"F"
1,2,2,0,"BBX","","suare001","","6/P","T",1,0,0,2,0,"F"
0,0,1,2,"CBFX","","","","E6/TH/G","T",0,1,0,0,0,"T"
0,0,1,2,"LFB1X","lemad001","","","S9/L.1-3","T",0,1,3,0,0,"F"
0,0,1,0,"BX","blacc001","","lemad001","64(1)3/GDP.3-H(NR)(UR)","T",2,0,0,0,5,"F"
0,2,3,2,"CBFBBB","","","","W","T",0,1,0,0,0,"F"
0,2,0,2,"SCFX","gonzc001","","","64(1)/FO/G","T",1,1,0,0,0,"F"
1,0,1,1,"SBX","","","","S7/G+","T",0,1,0,0,0,"F"
1,0,0,1,"C1X","sches001","","","46(1)3/GDP","T",2,0,0,0,0,"F"
1,2,2,2,"CBCFBX","","","","43/G","T",1,0,0,0,0,"F"
0,0,3,2,"BSFBBS","","","","K","T",1,0,0,0,0,"F"
0,1,1,2,"CBFFFX","","","","9/F","T",1,0,0,0,0,"F"
0,2,3,2,"BCFBBB","","","","W","T",0,1,0,0,0,"F"
0,2,0,2,"CSS","woltt001","","","K","T",1,0,1,0,0,"F"
1,0,1,1,"CBX","","","","3/L","T",1,0,0,0,0,"F"
1,1,1,0,"BX","","","","S7/L+","T",0,1,0,0,0,"F"
1,1,1,1,"FBX","duvaa001","","","D7/L+.1-H","T",0,2,4,0,0,"F"
1,1,1,2,"CCBX","","casac001","","53/G","T",1,0,0,2,0,"F"
1,2,1,2,"CCBX","","casac001","","53/G","T",1,0,0,2,0,"F"
0,0,2,2,"CBCBFFFX","","","","D7/L","T",0,2,0,0,0,"F"
0,0,1,2,"SSBT","","lemad001","","K","T",1,0,0,2,0,"F"
0,1,2,2,"CBBSC","","lemad001","","K","T",1,0,0,2,0,"F"
0,2,3,1,"BCBBX","","lemad001","","S8/G+.2-H","T",0,1,0,4,0,"F"
0,2,0,0,"X","gonzc001","","","7/L","T",1,0,1,0,0,"F"
1,0,1,2,"FBFS","","","","K","T",1,0,0,0,0,"F"
1,1,0,0,"X","","","","7/F","T",1,0,0,0,0,"F"
1,2,0,0,"X","","","","9/F","T",1,0,0,0,0,"F"
0,0,2,2,"BFCBX","","","","D7/G","T",0,2,0,0,0,"F"
0,0,2,2,"BFTBX","","taucm001","","9/L+.2-3","T",1,0,0,3,0,"F"
0,1,0,0,"H","","","taucm001","HP","T",0,1,0,0,3,"F"
0,1,0,0,"1X","woltt001","","taucm001","36(1)/FO/BG.3-H","T",1,1,0,0,4,"F"
0,2,0,2,"FFC","andet002","","","K","T",1,0,1,0,0,"F"
1,0,3,2,"BBFCFBFB","","","","W","T",0,1,0,0,0,"F"
1,0,2,2,"F*BFBS","vottj001","","","K","T",1,0,1,0,0,"F"
1,1,3,2,"1SBFFBBS","vottj001","","","K","T",1,0,1,0,0,"F"
1,2,0,0,"X","vottj001","","","64(1)/FO/G-","T",1,1,0,0,0,"F"
0,0,1,2,"CBCX","","","","S7/F","T",0,1,0,0,0,"F"
0,0,0,2,"F1SFX","blacc001","","","7/F/DP.1X2(74)","T",2,0,0,0,0,"F"
0,2,1,2,"SBFFX","","","","D9/L","T",0,2,0,0,0,"F"
0,2,1,2,"CF*BS","","gonzc001","","K","T",1,0,0,2,0,"F"
1,0,1,2,"SFFBS","","","","K","T",1,0,0,0,0,"F"
1,1,2,0,".BBX","","","","S7/L+","T",0,1,0,0,0,"F"
1,1,0,2,"1CFX","lorem002","","","54(1)/FO/G","T",1,1,0,0,0,"F"
1,2,1,2,"S11F1>F*BF1X","hamib001","","","D7/L.1-H","T",0,2,4,0,0,"F"
1,2,1,2,"BCCX","","sches001","","53/G+","T",1,0,0,2,0,"F"
0,0,2,0,"..BBX","","","","S8/L","T",0,1,0,0,0,"F"
0,0,0,0,"X","taucm001","","","T9/L.1-H","T",0,3,4,0,0,"F"
0,0,0,0,"H","","","mcmar001","HP","T",0,1,0,0,3,"F"
0,0,1,0,"1BX","woltt001","","mcmar001","14/BG/SH.3-3;1-2","T",1,0,2,0,3,"F"
0,1,0,0,"X","","woltt001","mcmar001","9/F/SF.3-H;2-3","T",1,0,0,3,4,"F"
0,2,2,1,"BC*BX","","","woltt001","2/P2F","T",1,0,0,0,3,"F"
1,0,2,2,"CCFFFFBBC","","","","K","T",1,0,0,0,0,"F"
1,1,0,0,"X","","","","8/F","T",1,0,0,0,0,"F"
1,2,3,2,"CSBFBFBX","","","","4/P","T",1,0,0,0,0,"F"
0,0,0,2,"CCX","","","","S1/G","T",0,1,0,0,0,"F"
0,0,0,0,"X","arenn001","","","46(1)/FO/G","T",1,1,0,0,0,"F"
0,1,1,1,"BFX","gonzc001","","","53/G.1-2","T",1,0,2,0,0,"F"
0,2,2,2,"BBCFT","","gonzc001","","K","T",1,0,0,2,0,"F"
1,0,3,2,"BSSBBX","","","","53/G","T",1,0,0,0,0,"F"
1,1,2,1,"SBBX","","","","53/G-","T",1,0,0,0,0,"F"
1,2,1,0,"BX","","","","8/L","T",1,0,0,0,0,"F"
0,0,1,0,".BX","","","","63/G","T",1,0,0,0,0,"F"
0,1,0,1,"CX","","","","6/L","T",1,0,0,0,0,"F"
0,2,3,2,".FSBBBX","","","","63/G","T",1,0,0,0,0,"F"
1,0,3,2,".CBBBCB","","","","W","T",0,1,0,0,0,"F"
1,0,0,0,"X","hamib001","","","S9/L+.1-2","T",0,1,2,0,0,"F"
1,0,3,2,".BC*BBCF*B","sches001","hamib001","","W.2-3;1-2","T",0,1,2,3,0,"F"
1,0,2,2,".CSBBX","genns001","sches001","hamib001","43/G.3-H;2-3;1-2","T",1,0,2,3,4,"F"
1,1,1,1,"BFX","","genns001","sches001","FC6/G+.3-H;2X3(6546);B-2(TH)","T",1,2,0,0,4,"F"
1,2,2,2,".SBBCX","","suare001","","S9/G+.2XH(92)","T",1,1,0,0,0,"F"
0,0,1,0,"..BX","","","","63/G","T",1,0,0,0,0,"F"
0,1,3,1,"BBBCX","","","","43/G+","T",1,0,0,0,0,"F"
0,2,3,1,"BBBCX","","","","S8/L+","T",0,1,0,0,0,"F"
0,2,0,0,"X","arenn001","","","13/G","T",1,0,1,0,0,"F"
1,0,2,2,".CFFBBH","","","","HP","T",0,1,0,0,0,"F"
1,0,0,2,"FSS","casac001","","","K","T",1,0,1,0,0,"F"
1,1,2,2,"*B*BSFX","casac001","","","S7/G+.1-2","T",0,1,2,0,0,"F"
1,1,0,2,"CFB","peraj003","casac001","","WP.2-3;1-2","F",0,0,2,3,0,"F"
1,1,1,2,"CFB.S","","peraj003","casac001","K","T",1,0,0,2,3,"F"
1,2,1,2,"S*BFFB","","peraj003","casac001","WP.3-H(NR);2-3","F",0,0,0,3,4,"F"
1,2,2,2,"S*BFFB.FS","","","peraj003","K23","T",1,0,0,0,3,"F"
0,0,1,2,".CBSFS","","","","K","T",1,0,0,0,0,"F"
0,1,3,2,"CBTBBS","","","","K","T",1,0,0,0,0,"F"
0,2,0,2,"SSS","","","","K","T",1,0,0,0,0,"F"
1,0,1,1,"...SBX","","","","43/G","T",1,0,0,0,0,"F"
1,1,3,1,"BBBCB","","","","W","T",0,1,0,0,0,"F"
1,1,1,1,"CBX","vottj001","","","46(1)3/GDP","T",2,0,0,0,0,"F"
0,0,1,1,".CBX","","","","8/F","T",1,0,0,0,0,"F"
0,1,0,0,"X","","","","S8/L+","T",0,1,0,0,0,"F"
0,1,0,0,"X","parrg001","","","13/BG/SH.1-2","T",1,0,2,0,0,"F"
0,2,1,0,"BX","","parrg001","","43/G","T",1,0,0,2,0,"F"
1,0,3,1,"CBBBX","","","","S6/G+","T",0,1,0,0,0,"F"
1,0,0,0,"X","winkj002","","","53/BG/SH.1-2","T",1,0,2,0,0,"F"
1,1,3,1,"F*BB*B*B","","winkj002","","W","T",0,1,0,2,0,"F"
1,1,0,1,"CX","dixob001","winkj002","","64(1)3/GDP","T",2,0,0,2,0,"F"
0,0,3,0,"BBBB","","","","W","T",0,1,0,0,0,"F"
0,0,1,2,"CBSX","arenn001","","","64(1)3/GDP","T",2,0,0,0,0,"F"
0,2,0,0,"X","","","","S9/G+","T",0,1,0,0,0,"F"
0,2,1,2,".C1*B1FX","stort001","","","8/L","T",1,0,1,0,0,"F"
1,0,0,0,".X","","","","7/L","T",1,0,0,0,0,"F"
1,1,3,2,"BCFBBS","","","","K","T",1,0,0,0,0,"F"
1,2,0,1,"FX","","","","63/G","T",1,0,0,0,0,"F"
0,0,3,2,"FSBBFBT","","","","K","T",1,0,0,0,0,"F"
0,1,0,1,"CX","","","","53/G","T",1,0,0,0,0,"F"
0,2,0,1,"SX","","","","S9/L+","T",0,1,0,0,0,"F"
0,2,0,2,"C111>FX","parrg001","","","8/F","T",1,0,1,0,0,"F"
1,0,0,0,"H","","","","HP","T",0,1,0,0,0,"F"
1,0,0,1,"FX","vottj001","","","8/F","T",1,0,1,0,0,"F"
1,1,2,1,"CBBX","vottj001","","","HR/89/F.1-H","T",0,4,4,0,0,"F"
0,0,2,1,"BBCX","","","","7/F","T",1,0,0,0,0,"T"
0,1,0,2,"CCC","","","","K","T",1,0,0,0,0,"F"
0,2,1,0,"BX","","","","HR/9/F","T",0,4,0,0,0,"F"
0,2,1,2,"BSFFX","","","","2/P3F","T",1,0,0,0,0,"F"
1,0,3,2,"BCBCBFX","","","","9/L","T",1,0,0,0,0,"F"
1,1,0,0,"X","","","","8/F","T",1,0,0,0,0,"F"
1,2,3,1,"BBCBX","","","","7/F","T",1,0,0,0,0,"F"
0,0,1,1,"BCX","","","","8/F","T",1,0,0,0,0,"F"
0,1,1,1,"BFX","","","","63/G","T",1,0,0,0,0,"F"
0,2,0,0,"X","","","","HR/7/L","T",0,4,0,0,0,"F"
0,2,2,2,"CBFBFH","","","","HP","T",0,1,0,0,0,"F"
0,2,0,2,"CCS","wongk001","","","K","T",1,0,1,0,0,"F"
1,0,0,2,"CSS","","","","K","T",1,0,0,0,0,"F"
1,1,3,2,"CBFBBX","","","","S9/L","T",0,1,0,0,0,"F"
1,1,2,2,"BCBCFX","suare001","","","S9/G.1-3","T",0,1,3,0,0,"F"
1,1,0,0,"X","winkj002","","suare001","46(1)/FO/G.3-H","T",1,1,0,0,4,"F"
1,2,3,1,"BBSBB","peraj003","","","W.1-2","T",0,1,2,0,0,"F"
1,2,1,2,"BSFS","harvm001","peraj003","","K","T",1,0,1,2,0,"F"
0,0,3,2,"BBCCBB","","","","W","T",0,1,0,0,0,"F"
0,0,0,0,"X","carpm002","","","S8/G.1-2","T",0,1,2,0,0,"F"
0,0,1,1,"CBX","phamt001","carpm002","","HR/8/F.2-H;1-H","T",0,4,4,4,0,"F"
0,0,2,2,"SBBFC","","","","K","T",1,0,0,0,0,"F"
0,1,3,2,"BCBFBS","","","","K","T",1,0,0,0,0,"F"
0,2,2,2,"BBSCX","","","","7/F","T",1,0,0,0,0,"F"
1,0,0,2,"FCX","","","","S7/L","T",0,1,0,0,0,"F"
1,0,2,2,"C1BBFX","sches001","","","46(1)3/GDP","T",2,0,0,0,0,"F"
1,2,3,1,"FBBBB","","","","W","T",0,1,0,0,0,"F"
1,2,0,0,"X","vottj001","","","D8/F.1-H","T",0,2,4,0,0,"F"
1,2,2,2,"BCBSS","","genns001","","K","T",1,0,0,2,0,"F"
0,0,3,2,"BCFBBFFX","","","","53/G","T",1,0,0,0,0,"F"
0,1,0,2,"CSC","","","","K","T",1,0,0,0,0,"F"
0,2,1,2,"CBCX","","","","3/G","T",1,0,0,0,0,"F"
1,0,2,1,"SBBX","","","","8/L","T",1,0,0,0,0,"F"
1,1,1,1,"CBX","","","","S8/L","T",0,1,0,0,0,"F"
1,1,0,1,"1>FX","peraj003","","","1/G-.1-2","T",1,0,2,0,0,"F"
1,2,2,0,"BBX","","peraj003","","7/L","T",1,0,0,2,0,"F"
0,0,3,1,"SBBBB","","","","W","T",0,1,0,0,0,"F"
0,0,1,2,"BCSX","carpm002","","","46(1)3/GDP","T",2,0,0,0,0,"F"
0,2,1,2,"CBFFX","","","","8/L+","T",1,0,0,0,0,"F"
1,0,1,0,"BX","","","","S8/G+","T",0,1,0,0,0,"F"
1,0,1,1,"*BS1X","sches001","","","16(1)/FO/G","T",1,1,0,0,0,"F"
1,1,0,0,"X","barnt001","","","8/L+","T",1,0,1,0,0,"F"
1,2,2,0,"BBX","barnt001","","","S8/G.1-3","T",0,1,3,0,0,"F"
1,2,3,2,"BFF*BB>B","genns001","","barnt001","W.1-2","T",0,1,2,0,3,"F"
1,2,3,0,"BBBB","suare001","genns001","barnt001","W.3-H;2-3;1-2","T",0,1,2,3,4,"F"
1,2,0,1,"CX","winkj002","suare001","genns001","9/F","T",1,0,1,2,3,"F"
0,0,1,2,"BTFX","","","","8/F","T",1,0,0,0,0,"F"
0,1,0,0,"X","","","","3/P","T",1,0,0,0,0,"F"
0,2,3,2,"BSCBFFBB","","","","W","T",0,1,0,0,0,"F"
0,2,2,1,"BBCX","fowld001","","","9/F","T",1,0,1,0,0,"F"
1,0,3,2,".CBFFBFBFFB","","","","W","T",0,1,0,0,0,"F"
1,0,3,1,"..BB1BCB","blana002","","","W.1-2","T",0,1,2,0,0,"F"
1,0,2,2,"SB*BFX","hamib001","blana002","","46(1)3/GDP.2-3","T",2,0,0,3,0,"F"
1,2,3,2,"CBBBFB","","","blana002","W","T",0,1,0,0,3,"F"
1,2,0,0,"X","barnt001","","blana002","S9/L.3-H;1-2","T",0,1,2,0,4,"F"
1,2,1,1,"BC>S","vottj001","barnt001","","CS3(25)","F",1,0,1,0,0,"F"
0,0,3,1,".CBBB*B","","","","W","T",0,1,0,0,0,"F"
0,0,1,0,"*BX","wongk001","","","63/G-.1-2","T",1,0,2,0,0,"F"
0,1,1,2,"BCFB","","wongk001","","WP.2-3","F",0,0,0,3,0,"F"
0,1,2,2,"BCFB.X","","","wongk001","S9/L+.3-H","T",0,1,0,0,4,"F"
0,1,2,2,"C*BF*BFX","carpm002","","","146(1)/FO/G.B-2(E6/TH)","T",1,2,0,0,0,"F"
0,2,0,0,"X","","phamt001","","53/G","T",1,0,0,2,0,"F"
1,0,1,2,"CSBC","","","","K","T",1,0,0,0,0,"F"
1,1,0,1,"...CX","","","","63/G","T",1,0,0,0,0,"F"
1,2,0,1,"CX","","","","7/F","T",1,0,0,0,0,"F"
0,0,0,0,"X","","","","T8/F+","T",0,3,0,0,0,"F"
0,0,2,2,"CSFFFBFBX","","","ozunm001","63/G","T",1,0,0,0,3,"F"
0,1,0,0,"X","","","ozunm001","5/P2F","T",1,0,0,0,3,"F"
0,2,0,0,"X","","","ozunm001","13/G-","T",1,0,0,0,3,"F"
1,0,0,1,".CX","","","","53/G","T",1,0,0,0,0,"F"
1,1,2,2,".CSBBC","","","","K","T",1,0,0,0,0,"F"
1,2,1,2,"MCBX","","","","3/G","T",1,0,0,0,0,"F"
0,0,1,2,".BCCS","","","","K23","T",1,0,0,0,0,"F"
0,1,1,1,"SBX","","","","53/G","T",1,0,0,0,0,"F"
0,2,3,0,"BBBB","","","","W","T",0,1,0,0,0,"F"
0,2,2,2,".BBFFFS","carpm002","","","K","T",1,0,1,0,0,"F"
1,0,1,2,".SBSX","","","","D8/L","T",0,2,0,0,0,"F"
1,0,3,2,"CBBSBFFS","","sches001","","K","T",1,0,0,2,0,"F"
1,1,2,2,"*BBCFX","","sches001","","S8/L.2-H","T",0,1,0,4,0,"F"
1,1,2,2,".11BBCSS","dixob001","","","K","T",1,0,1,0,0,"F"
1,2,1,1,"FBX","dixob001","","","S7/L.1-3","T",0,1,3,0,0,"F"
1,2,0,0,"X","suare001","","dixob001","S57/G.3-H;1-2","T",0,1,2,0,4,"F"
1,2,0,1,"CX","winkj002","suare001","","3/L","T",1,0,1,2,0,"F"
0,0,0,1,"...CX","","","","5/P5F","T",1,0,0,0,0,"F"
0,1,3,0,"BBBB","","","","W","T",0,1,0,0,0,"F"
0,1,1,1,"FB>X","ozunm001","","","S9/G.1-3","T",0,1,3,0,0,"F"
0,1,1,2,"S*BFFX","moliy001","","ozunm001","S7/G.3-H;1-2","T",0,1,2,0,4,"F"
0,1,0,2,"SCX","gyorj001","moliy001","","8/L","T",1,0,1,2,0,"F"
0,2,0,2,"CSFC","gyorj001","moliy001","","K","T",1,0,1,2,0,"F"
1,0,1,1,"..CBX","","","","6/P","T",1,0,0,0,0,"F"
1,1,0,2,"FFFX","","","","8/F","T",1,0,0,0,0,"F"
1,2,0,1,"SX","","","","D9/L+","T",0,2,0,0,0,"F"
1,2,3,1,"SB*BBV","","sches001","","IW","T",0,1,0,2,0,"F"
1,2,1,2,"BFSFS","barnt001","sches001","","K","T",1,0,1,2,0,"F"
0,0,0,2,"CCS","","","","K","T",1,0,0,0,0,"T"
0,1,0,2,"SFS","","","","K","T",1,0,0,0,0,"F"
0,2,2,2,"BCSBX","","","","HR/8/F","T",0,4,0,0,0,"F"
0,2,1,0,"BX","","","","HR/8/F","T",0,4,0,0,0,"F"
0,2,3,2,"SBFBBFX","","","","13/L","T",1,0,0,0,0,"F"
1,0,0,2,"CSS","","","","K","T",1,0,0,0,0,"F"
1,1,3,2,"BCSBBS","","","","K","T",1,0,0,0,0,"F"
1,2,1,0,"BX","","","","D9/L","T",0,2,0,0,0,"F"
1,2,0,2,"SFS","","vottj001","","K","T",1,0,0,2,0,"F"
0,0,2,0,"BBX","","","","8/F+","T",1,0,0,0,0,"F"
0,1,2,2,"BSBFFC","","","","K","T",1,0,0,0,0,"F"
0,2,1,2,"CBSS","","","","K","T",1,0,0,0,0,"F"
1,0,1,0,"BX","","","","8/F","T",1,0,0,0,0,"F"
1,1,1,2,"CBFS","","","","K","T",1,0,0,0,0,"F"
1,2,3,2,"BCCBBB","","","","W","T",0,1,0,0,0,"F"
1,2,0,2,"CF>X","duvaa001","","","9/L","T",1,0,1,0,0,"F"
0,0,3,2,"BCCBBFFFB","","","","W","T",0,1,0,0,0,"F"
0,0,2,1,"CBBX","wachm001","","","S9/L+.1-2","T",0,1,2,0,0,"F"
0,0,2,2,"CCBBS","carpm002","wachm001","","K","T",1,0,1,2,0,"F"
0,1,3,0,"BBBB","carpm002","wachm001","","W.2-3;1-2","T",0,1,2,3,0,"F"
0,1,2,1,"BBFX","martj008","carpm002","wachm001","3/P3F","T",1,0,1,2,3,"F"
0,2,0,0,"X","martj008","carpm002","wachm001","D8/L+.3-H;2-H;1-H;B-3(TH)","T",0,3,4,4,4,"F"
0,2,0,2,"CSC","","","moliy001","K","T",1,0,0,0,3,"F"
1,0,3,1,"BBBCB","","","","W","T",0,1,0,0,0,"F"
1,0,2,2,"BFC*BX","castl003","","","46(1)/FO/G","T",1,1,0,0,0,"F"
1,1,0,2,"F1FX","sches001","","","7/F","T",1,0,1,0,0,"F"
1,2,1,0,"BX","sches001","","","43/G-","T",1,0,1,0,0,"F"
0,0,0,2,"SFS","","","","K","T",1,0,0,0,0,"F"
0,1,1,1,"FBX","","","","9/L","T",1,0,0,0,0,"F"
0,2,2,2,"CSBBX","","","","43/G","T",1,0,0,0,0,"F"
1,0,2,2,"BFFBX","","","","S8/G","T",0,1,0,0,0,"F"
1,0,3,1,"BBB+1CX","genns001","","","HR/78/F.1-H","T",0,4,4,0,0,"F"
1,0,1,1,"BSX","","","","9/L","T",1,0,0,0,0,"F"
1,1,0,0,"X","","","","D7/L","T",0,2,0,0,0,"F"
1,1,1,0,"BX","","duvaa001","","9/F","T",1,0,0,2,0,"F"
1,2,1,2,"CBCFT","","duvaa001","","K","T",1,0,0,2,0,"F"
0,0,3,2,"CCFFBBBFX","","","","5/P","T",1,0,0,0,0,"F"
0,1,1,1,"CBX","","","","8/L","T",1,0,0,0,0,"F"
0,2,2,2,"CBBSS","","","","K","T",1,0,0,0,0,"F"
1,0,2,1,"BFBX","","","","43/G+","T",1,0,0,0,0,"F"
1,1,1,2,"BCFFX","","","","3/L","T",1,0,0,0,0,"F"
1,2,1,2,"FBFFT","","","","K","T",1,0,0,0,0,"F"
0,0,1,1,"CBX","","","","63/G","T",1,0,0,0,0,"F"
0,1,3,2,"SBBBFB","","","","W","T",0,1,0,0,0,"F"
0,1,2,2,"FBC*BC","moliy001","","","K","T",1,0,1,0,0,"F"
0,2,2,2,"BFS*BS","moliy001","","","K","T",1,0,1,0,0,"F"
1,0,0,1,"LX","","","","9/F","T",1,0,0,0,0,"F"
1,1,3,2,"BBFFFBFB","","","","W","T",0,1,0,0,0,"F"
1,1,3,2,"F11BFFBBX","suare001","","","8/F","T",1,0,1,0,0,"F"
1,2,0,0,"..X","suare001","","","64(1)/FO/G","T",1,1,0,0,0,"F"
0,0,0,2,"..CSX","","","","63/G","T",1,0,0,0,0,"F"
0,1,1,1,"BFX","","","","63/G","T",1,0,0,0,0,"F"
0,2,3,2,"BBCBCFX","","","","HR/9/F","T",0,4,0,0,0,"F"
0,2,2,1,"BBSX","","","","S8/G+","T",0,1,0,0,0,"F"
0,2,1,2,"CB1C>B","phamt001","","","SB2","F",0,0,2,0,0,"F"
0,2,3,2,"CB1C>B.*BB","","phamt001","","W","T",0,1,0,2,0,"F"
0,2,0,0,".X","wongk001","phamt001","","8/L+","T",1,0,1,2,0,"F"
1,0,2,0,"...BBX","","","","D7/L+","T",0,2,0,0,0,"F"
1,0,0,2,"FFC","","peraj003","","K","T",1,0,0,2,0,"F"
1,1,3,2,"SF*BF*BBX","","peraj003","","D9/G+.2-H","T",0,2,0,4,0,"F"
1,1,3,2,"BBCFBFX","","sches001","","7/F","T",1,0,0,2,0,"F"
1,2,3,2,".*BBF*BCB","","sches001","","W","T",0,1,0,2,0,"F"
1,2,0,2,"FCB","vottj001","sches001","","WP.2-3;1-2","F",0,0,2,3,0,"F"
1,2,1,2,"FCB.X","","vottj001","sches001","8/F","T",1,0,0,2,3,"F"
0,0,2,1,"BSBX","","","","S8/L+","T",0,1,0,0,0,"F"
0,0,3,2,"..BSBCFB>X","moliy001","","","9/F","T",1,0,1,0,0,"F"
0,1,3,2,".CC*BB*BB","moliy001","","","W.1-2","T",0,1,2,0,0,"F"
0,1,0,1,"CX","garcg002","moliy001","","9/F","T",1,0,1,2,0,"F"
0,2,1,0,"BX","garcg002","moliy001","","63/G","T",1,0,1,2,0,"F"
1,0,1,2,".CBFX","","","","63/G","T",1,0,0,0,0,"F"
1,1,3,2,"CBCFBBX","","","","HR/8/F","T",0,4,0,0,0,"F"
1,1,2,0,"BBX","","","","S8/L","T",0,1,0,0,0,"F"
1,1,1,1,"1CBX","casac001","","","S8/L+.1-2","T",0,1,2,0,0,"F"
1,1,0,2,"FSFFX","peraj003","casac001","","9/L+","T",1,0,1,2,0,"F"
1,2,0,2,"SFX","peraj003","casac001","","13/G","T",1,0,1,2,0,"F"
0,0,2,2,"BBCSC","","","","K","T",1,0,0,0,0,"F"
0,1,1,0,"BX","","","","63/G","T",1,0,0,0,0,"F"
0,2,0,0,"X","","","","9/F","T",1,0,0,0,0,"F"
1,0,3,2,"..FBBCFBC","","","","K","T",1,0,0,0,0,"F"
1,1,3,2,"FBBCBX","","","","S7/L","T",0,1,0,0,0,"F"
1,1,2,2,"*BFF*BT","vottj001","","","K","T",1,0,1,0,0,"F"
1,2,0,2,"FSS","vottj001","","","K","T",1,0,1,0,0,"F"
0,0,1,2,"BCCS","","","","K","T",1,0,0,0,0,"T"
0,1,0,0,"X","","","","13/G","T",1,0,0,0,0,"F"
0,2,0,0,"X","","","","S8/L.BX2(84)","T",1,0,0,0,0,"F"
1,0,2,2,"FFBBX","","","","13/G","T",1,0,0,0,0,"F"
1,1,3,1,"BBBCB","","","","W","T",0,1,0,0,0,"F"
1,1,3,1,"BBBCB","barnt001","","","W.1-2","T",0,1,2,0,0,"F"
1,1,0,0,"X","vottj001","barnt001","","8/F","T",1,0,1,2,0,"F"
1,2,2,2,"CBFBFFS","vottj001","barnt001","","K","T",1,0,1,2,0,"F"
0,0,2,1,"BBFX","","","","S7/G+","T",0,1,0,0,0,"F"
0,0,1,2,"FBST","ozunm001","","","K","T",1,0,1,0,0,"F"
0,1,2,2,"BFC1B1C","ozunm001","","","K","T",1,0,1,0,0,"F"
0,2,1,2,"CF1FBX","ozunm001","","","S8/G.1-2","T",0,1,2,0,0,"F"
0,2,1,2,"CFBS","badeh001","ozunm001","","K","T",1,0,1,2,0,"F"
1,0,3,2,"CBFBFBC","","","","K","T",1,0,0,0,0,"F"
1,1,1,2,"CBSFS","","","","K","T",1,0,0,0,0,"F"
1,2,1,2,"SSBFC","","","","K","T",1,0,0,0,0,"F"
0,0,1,2,"BCFC","","","","K","T",1,0,0,0,0,"F"
0,1,2,2,"CBBCX","","","","S9/L+","T",0,1,0,0,0,"F"
0,1,3,0,"BBBB","carpm002","","","W.1-2","T",0,1,2,0,0,"F"
0,1,3,1,"BBC*BB","phamt001","carpm002","","W.2-3;1-2","T",0,1,2,3,0,"F"
0,1,0,0,"X","martj008","phamt001","carpm002","S7/L.3-H;2-3;1-2","T",0,1,2,3,4,"F"
0,1,0,0,"X","ozunm001","martj008","phamt001","7/L/SF.3-H","T",1,0,1,2,4,"F"
0,2,2,2,"FBBFX","ozunm001","martj008","","7/F","T",1,0,1,2,0,"F"
1,0,0,0,"X","","","","T8/L","T",0,3,0,0,0,"F"
1,0,0,0,"X","","","hamib001","43/G.3-H","T",1,0,0,0,4,"F"
1,1,3,2,"BBBCFB","","","","W","T",0,1,0,0,0,"F"
1,1,3,0,"BBBB","barnt001","","","W.1-2","T",0,1,2,0,0,"F"
1,1,1,2,"BFSFS","vottj001","barnt001","","K","T",1,0,1,2,0,"F"
1,2,0,0,"H","vottj001","barnt001","","HP.2-3;1-2","T",0,1,2,3,0,"F"
1,2,0,0,"X","suare001","vottj001","barnt001","46(1)/FO/G","T",1,1,0,2,3,"F"
0,0,1,2,"CBTS","","","","K","T",1,0,0,0,0,"F"
0,1,1,0,"BX","","","","8/L","T",1,0,0,0,0,"F"
0,2,1,0,"BX","","","","S8/L+","T",0,1,0,0,0,"F"
0,2,1,1,"BCX","martc006","","","D8/L.1XH(82)","T",1,2,0,0,0,"F"
1,0,0,1,"CX","","","","63/G","T",1,0,0,0,0,"F"
1,1,1,2,"CCBX","","","","9/L","T",1,0,0,0,0,"F"
1,2,3,2,"CBSFBBB","","","","W","T",0,1,0,0,0,"F"
1,2,3,2,"1C1FBBB>B","hamib001","","","W+WP.1-3","T",0,1,3,0,0,"F"
1,2,0,0,"X","sches001","","hamib001","S9/G.3-H;1-3","T",0,1,3,0,4,"F"
1,2,3,2,"BCSB*B>B","barnt001","","sches001","W.1-2","T",0,1,2,0,3,"F"
1,2,2,2,"SFFBBX","vottj001","barnt001","sches001","S9/G+.3-H;2-H;1-3","T",0,1,3,4,4,"F"
1,2,2,2,"SBFBX","genns001","","vottj001","S8/L+.3-H;1-2","T",0,1,2,0,4,"F"
1,2,0,1,".SX","suare001","genns001","","7/L","T",1,0,1,2,0,"F"
0,0,2,0,"BBX","","","","S9/L","T",0,1,0,0,0,"F"
0,0,2,2,"CBTBX","phamt001","","","54(1)/FO/G","T",1,1,0,0,0,"F"
0,1,0,0,"X","martj008","","","9/F","T",1,0,1,0,0,"F"
0,2,1,2,"SBFX","martj008","","","9/F","T",1,0,1,0,0,"F"
1,0,3,2,"FBBBSB","","","","W","T",0,1,0,0,0,"F"
1,0,0,2,"1LM+1M","peraj003","","","K","T",1,0,1,0,0,"F"
1,1,1,1,"1CB>C","peraj003","","","CS2(24)","F",1,0,0,0,0,"F"
1,2,1,2,"1CB>C.S","","","","K","T",1,0,0,0,0,"F"
0,0,0,0,"X","","","","D39/G","T",0,2,0,0,0,"F"
0,0,3,2,"BBBCCFX","","garcg002","","S7/L.2-3","T",0,1,0,3,0,"F"
0,0,0,2,"..SSX","badeh001","","garcg002","9/F.3-H(UR)(E9/TH)(NR);1-3","T",1,0,3,0,5,"F"
0,1,2,2,".C*BCBX","","","badeh001","FC1/G.3XH(125361);B-2(TH)","T",1,2,0,0,0,"F"
0,2,2,2,"BCS*BFS","","voitl001","","K","T",1,0,0,2,0,"F"
1,0,2,2,"...FBBSS","","","","K","T",1,0,0,0,0,"F"
1,1,2,1,"BCBX","","","","3/G","T",1,0,0,0,0,"F"
1,2,3,2,"CBBBSB","","","","W","T",0,1,0,0,0,"F"
1,2,0,0,"X","vottj001","","","8/F","T",1,0,1,0,0,"F"
0,0,3,2,".BCBCBX","","","","8/F","T",1,0,0,0,0,"F"
0,1,0,0,"X","","","","S7/L+","T",0,1,0,0,0,"F"
0,1,3,1,"FBBBX","martj008","","","3/P3F","T",1,0,1,0,0,"F"
0,2,2,2,"FBF*BS","martj008","","","K","T",1,0,1,0,0,"F"
1,0,3,2,"CBCBBB","","","","W","T",0,1,0,0,0,"F"
1,0,3,0,"1B*BBB","suare001","","","W.1-2","T",0,1,2,0,0,"F"
1,0,3,2,"BBFBFX","winkj002","suare001","","9/F","T",1,0,1,2,0,"F"
1,1,0,1,".CB","winkj002","suare001","","OA.2X3(15);1-2","F",1,0,2,0,0,"F"
1,2,2,2,".CB.SBFFFX","","winkj002","","S7/L.2-H","T",0,1,0,4,0,"F"
1,2,0,1,"F1","duvaa001","","","POCS2(136)","F",1,0,0,0,0,"F"
0,0,3,1,"..BBTBX","","","","8/F","T",1,0,0,0,0,"F"
0,1,1,2,"BSSS","","","","K","T",1,0,0,0,0,"F"
0,2,1,2,"BFSS","","","","K","T",1,0,0,0,0,"F"
1,0,1,2,"...CBSS","","","","K","T",1,0,0,0,0,"F"
1,1,3,2,"SBBCBX","","","","9/F","T",1,0,0,0,0,"F"
1,2,0,2,"CCS","","","","K","T",1,0,0,0,0,"F"
0,0,3,0,"BBBB","","","","W","T",0,1,0,0,0,"F"
0,0,0,0,"X","gyorj001","","","8/F+","T",1,0,1,0,0,"F"
0,1,2,2,"SS*BFFBS","gyorj001","","","K","T",1,0,1,0,0,"F"
0,2,0,0,">C","gyorj001","","","DI.1-2","F",0,0,2,0,0,"F"
0,2,1,2,">C.BSFX","","gyorj001","","43/G","T",1,0,0,2,0,"F"
0,0,1,0,"BX","","","","S8/G+","T",0,1,0,0,0,"T"
0,0,3,2,"CSB1BB>X","martl004","","","5/P","T",1,0,1,0,0,"F"
0,1,0,0,"X","martl004","","","63/G.1-2","T",1,0,2,0,0,"F"
0,2,1,2,"C*BSS","","martl004","","K23","T",1,0,0,2,0,"F"
1,0,1,0,"BX","","","","8/F","T",1,0,0,0,0,"F"
1,1,1,1,"CBH","","","","HP","T",0,1,0,0,0,"F"
1,1,2,2,"BB1CCC","barnt001","","","K","T",1,0,1,0,0,"F"
1,2,2,2,"CBS*BC","barnt001","","","K","T",1,0,1,0,0,"F"
0,0,0,2,"FSFS","","","","K","T",1,0,0,0,0,"F"
0,1,3,2,"CBBBFFB","","","","W","T",0,1,0,0,0,"F"
0,1,1,1,"BSX","greig001","","","36(1)/FO/G","T",1,1,0,0,0,"F"
0,2,0,0,"X","reyev001","","","4/P","T",1,0,1,0,0,"F"
1,0,0,1,"CX","","","","S8/L","T",0,1,0,0,0,"F"
1,0,3,2,"BBBC1SS","genns001","","","K","T",1,0,1,0,0,"F"
1,1,2,2,"BCBF1S","genns001","","","K","T",1,0,1,0,0,"F"
1,2,3,2,"BFCBB>X","genns001","","","23/G-","T",1,0,1,0,0,"F"
0,0,0,2,"CFS","","","","K23","T",1,0,0,0,0,"F"
0,1,2,1,"CBBX","","","","S9/F","T",0,1,0,0,0,"F"
0,1,3,2,"BBCSFB>F>F*B","martl004","","","W.1-2","T",0,1,2,0,0,"F"
0,1,1,1,"CBX","candj002","martl004","","64(1)3/GDP","T",2,0,0,2,0,"F"
1,0,3,1,"FBBBB","","","","W","T",0,1,0,0,0,"F"
1,0,0,1,"C1X","hamib001","","","S7/L.1-2","T",0,1,2,0,0,"F"
1,0,3,2,"LLBBB>B","peraj003","hamib001","","W.2-3;1-2","T",0,1,2,3,0,"F"
1,0,2,1,"BCBX","barnt001","peraj003","hamib001","HR/89/F.3-H;2-H;1-H","T",0,4,4,4,4,"F"
1,0,1,2,"CCBFFC","","","","K","T",1,0,0,0,0,"F"
1,1,1,2,"BSSX","","","","S9/G","T",0,1,0,0,0,"F"
1,1,0,0,"X","genns001","","","S9/L.1-2","T",0,1,2,0,0,"F"
1,1,1,2,"FBSX","duvaa001","genns001","","3/G-.2-3;1-2","T",1,0,2,3,0,"F"
1,2,0,1,"FX","","duvaa001","genns001","43/G","T",1,0,0,2,3,"F"
0,0,0,1,"CX","","","","S7/G","T",0,1,0,0,0,"F"
0,0,0,2,"SSX","goodn002","","","64(1)/FO/G","T",1,1,0,0,0,"F"
0,1,2,1,"BCBX","hickj001","","","3/L/DP.1X1(3)","T",2,0,0,0,0,"F"
1,0,0,1,"CX","","","","63/G","T",1,0,0,0,0,"F"
1,1,3,0,"BBBB","","","","W","T",0,1,0,0,0,"F"
1,1,0,2,"CFX","peraj003","","","D7/G+.1-H","T",0,2,4,0,0,"F"
1,1,1,0,"BX","","barnt001","","9/L","T",1,0,0,2,0,"F"
1,2,0,0,"X","","barnt001","","4/L","T",1,0,0,2,0,"F"
0,0,1,1,"MBX","","","","3/G","T",1,0,0,0,0,"F"
0,1,0,2,"CCX","","","","S4/L","T",0,1,0,0,0,"F"
0,1,0,2,".CCS","iglej001","","","K","T",1,0,1,0,0,"F"
0,2,2,2,"BFF*B>F>B","iglej001","","","SB2","F",0,0,2,0,0,"F"
0,2,3,2,"BFF*B>F>B.FB","","iglej001","","W","T",0,1,0,2,0,"F"
0,2,1,1,"BCX","martl004","iglej001","","3/G","T",1,0,1,2,0,"F"
1,0,2,1,".BFBX","","","","63/G","T",1,0,0,0,0,"F"
1,1,3,1,"FBBB*B","","","","W","T",0,1,0,0,0,"F"
1,1,3,1,"CB*BBX","duvaa001","","","9/L+","T",1,0,1,0,0,"F"
1,2,1,2,"FFBS","duvaa001","","","K","T",1,0,1,0,0,"F"
0,0,1,2,"BCSFS","","","","K23","T",1,0,0,0,0,"F"
0,1,3,2,"BFSBBFB","","","","W","T",0,1,0,0,0,"F"
0,1,0,2,"FSX","goodn002","","","3/P","T",1,0,1,0,0,"F"
0,2,1,2,"FFBS","goodn002","","","K","T",1,0,1,0,0,"F"
1,0,2,2,"BSFBX","","","","HR/9/L","T",0,4,0,0,0,"F"
1,0,0,1,"CX","","","","63/G","T",1,0,0,0,0,"F"
1,1,3,2,"FSBFBBX","","","","S8/L","T",0,1,0,0,0,"F"
1,1,3,1,"BBCBB","barnt001","","","W.1-2","T",0,1,2,0,0,"F"
1,1,3,1,"B*BFBX","vottj001","barnt001","","S9/G.2-3;1-2","T",0,1,2,3,0,"F"
1,1,0,0,"X","suare001","vottj001","barnt001","9/F","T",1,0,1,2,3,"F"
1,2,2,2,"SF*BBX","suare001","vottj001","barnt001","D9/L+.3-H;2-H;1-3","T",0,2,3,4,4,"F"
1,2,0,2,".CFS","","duvaa001","suare001","K","T",1,0,0,2,3,"F"
0,0,2,2,"BCFFFBX","","","","8/L","T",1,0,0,0,0,"F"
0,1,0,2,"CFX","","","","8/L","T",1,0,0,0,0,"F"
0,2,0,1,"CX","","","","43/G","T",1,0,0,0,0,"F"
1,0,0,2,".FFS","","","","K","T",1,0,0,0,0,"F"
1,1,0,0,"X","","","","S9/G","T",0,1,0,0,0,"F"
1,1,1,1,"BCX","hamib001","","","36(1)/FO/G","T",1,1,0,0,0,"F"
1,2,1,2,".CBCFFX","peraj003","","","S49/P.1-3","T",0,1,3,0,0,"F"
1,2,3,0,"BBBB","barnt001","","peraj003","W.1-2","T",0,1,2,0,3,"F"
1,2,1,2,"SC*BH","vottj001","barnt001","peraj003","HP.3-H;2-3;1-2","T",0,1,2,3,4,"F"
1,2,3,2,"BFBFB>X","suare001","vottj001","barnt001","9/F","T",1,0,1,2,3,"F"
0,0,3,2,"....BBBCCB","","","","W","T",0,1,0,0,0,"F"
0,0,2,1,"BBCX","martl004","","","9/F","T",1,0,1,0,0,"F"
0,1,3,2,".CFBFBFBFFFS","martl004","","","K","T",1,0,1,0,0,"F"
0,2,0,0,"X","martl004","","","S8/L+.1-2","T",0,1,2,0,0,"F"
0,2,0,2,"CFFFS","goodn002","martl004","","K","T",1,0,1,2,0,"F"
1,0,2,2,".CBBCX","","","","D7/L","T",0,2,0,0,0,"F"
1,0,3,2,"BBBCFS","","duvaa001","","K","T",1,0,0,2,0,"F"
1,1,2,2,"BBFSX","","duvaa001","","7/F","T",1,0,0,2,0,"F"
1,2,2,1,"BBCX","","duvaa001","","3/G","T",1,0,0,2,0,"F"
0,0,2,0,".BBX","","","","S7/G","T",0,1,0,0,0,"F"
0,0,0,0,"X","greig001","","","S8/G.1-2","T",0,1,2,0,0,"F"
0,0,2,2,"BBSFX","reyev001","greig001","","S9/G.2-3;1-2","T",0,1,2,3,0,"F"
0,0,3,2,".F*BCFBBFFFB","iglej001","reyev001","greig001","W.3-H;2-3;1-2","T",0,1,2,3,4,"F"
0,0,3,2,"C*BF*BF*BX","jonej006","iglej001","reyev001","D7/L+.3-H;2-H;1-3","T",0,2,3,4,4,"F"
0,0,2,2,".BBCFFX","","martl004","jonej006","7/L/SF.3-H;2-3","T",1,0,0,3,4,"F"
0,1,3,1,"BBBCB","","","martl004","W","T",0,1,0,0,3,"F"
0,1,0,1,"C>S","rodrr009","","martl004","DI.1-2","F",0,0,2,0,3,"F"
0,1,1,2,"C>S.BX","","rodrr009","martl004","8/L/SF.3-H","T",1,0,0,2,4,"F"
0,2,0,1,"FX","","rodrr009","","8/F","T",1,0,0,2,0,"F"
0,0,0,2,"CSS","","","","K","T",1,0,0,0,0,"T"
0,1,0,0,"X","","","","HR/7/F","T",0,4,0,0,0,"F"
0,1,3,2,"BFBFBFX","","","","43/G","T",1,0,0,0,0,"F"
0,2,2,2,"CSBFBFFFFFS","","","","K","T",1,0,0,0,0,"F"
1,0,1,2,"FFFBS","","","","K","T",1,0,0,0,0,"F"
1,1,0,1,"CH","","","","HP","T",0,1,0,0,0,"F"
1,1,3,2,"FBSBFB>F>C","barnt001","","","K+CS2(26)/DP","T",2,0,0,0,0,"F"
0,0,1,1,"BCX","","","","53/G","T",1,0,0,0,0,"F"
0,1,2,2,"BCFBS","","","","K","T",1,0,0,0,0,"F"
0,2,1,2,"CCBFX","","","","S8/L","T",0,1,0,0,0,"F"
0,2,0,1,"FX","iglej001","","","64(1)/FO/G","T",1,1,0,0,0,"F"
1,0,1,2,"CBCX","","","","9/F","T",1,0,0,0,0,"F"
1,1,1,2,"FCFBS","","","","K","T",1,0,0,0,0,"F"
1,2,0,0,"X","","","","S8/L.B-2(E8)","T",0,2,0,0,0,"F"
1,2,2,2,"BCTBX","","winkj002","","8/F","T",1,0,0,2,0,"F"
0,0,1,2,"SCBS","","","","K","T",1,0,0,0,0,"F"
0,1,1,2,"CSFBS","","","","K","T",1,0,0,0,0,"F"
0,2,3,2,"BBBCFB","","","","W","T",0,1,0,0,0,"F"
0,2,0,0,"X","candj002","","","9/F","T",1,0,1,0,0,"F"
1,0,2,2,"CBSBS","","","","K","T",1,0,0,0,0,"F"
1,1,0,1,"FX","","","","9/L","T",1,0,0,0,0,"F"
1,2,1,0,"BX","","","","43/G+","T",1,0,0,0,0,"F"
0,0,2,2,"BSBSFX","","","","HR/8/F","T",0,4,0,0,0,"F"
0,0,2,2,"CBSBFFX","","","","13/G","T",1,0,0,0,0,"F"
0,1,0,0,"X","","","","43/G","T",1,0,0,0,0,"F"
0,2,1,2,"CFBX","","","","8/L","T",1,0,0,0,0,"F"
1,0,0,0,"X","","","","S8/L+","T",0,1,0,0,0,"F"
1,0,1,2,"BCCX","barnt001","","","7/F","T",1,0,1,0,0,"F"
1,1,1,2,"CFFFBC","barnt001","","","K","T",1,0,1,0,0,"F"
1,2,0,2,"CFS","barnt001","","","K","T",1,0,1,0,0,"F"
0,0,1,2,"BCFX","","","","S7/L","T",0,1,0,0,0,"F"
0,0,0,1,"L1X","machd001","","","34/BG/SH.1-2","T",1,0,2,0,0,"F"
0,1,0,0,"X","","machd001","","4/P","T",1,0,0,2,0,"F"
0,2,3,1,"FB*B*BB","","machd001","","W","T",0,1,0,2,0,"F"
0,2,0,0,"2X","candj002","machd001","","8/F","T",1,0,1,2,0,"F"
1,0,3,1,"CBBBB","","","","W","T",0,1,0,0,0,"F"
1,0,0,1,"CX","winkj002","","","53/G+.1-2","T",1,0,2,0,0,"F"
1,1,0,2,"SFT","","winkj002","","K","T",1,0,0,2,0,"F"
1,2,2,2,"CFBFBC","","winkj002","","K","T",1,0,0,2,0,"F"
0,0,1,2,"BFCFS","","","","K","T",1,0,0,0,0,"F"
0,1,0,2,"LSS","","","","K","T",1,0,0,0,0,"F"
0,2,3,0,"BBBB","","","","W","T",0,1,0,0,0,"F"
0,2,0,1,"1CX","jonej006","","","S7/L+.1-3;B-2(TH)","T",0,2,3,0,0,"F"
0,2,3,0,"VVVV","","iglej001","jonej006","IW","T",0,1,0,2,3,"F"
0,2,0,2,"SFS","machd001","iglej001","jonej006","K","T",1,0,1,2,3,"F"
1,0,2,1,"BCBX","","","","D8/L","T",0,2,0,0,0,"F"
1,0,0,0,"X","","sches001","","7/F.2-3","T",1,0,0,3,0,"F"
1,1,1,2,"BCSS","","","sches001","K","T",1,0,0,0,3,"F"
1,2,1,2,"FSFBFX","","","sches001","HR/89/F.3-H","T",0,4,0,0,4,"F"
1,2,0,0,"X","","","","HR/7/F","T",0,4,0,0,0,"F"
1,2,3,2,"CBCFBBFB","","","","W","T",0,1,0,0,0,"F"
1,2,3,2,".BBFF*B>B","winkj002","","","W.1-2","T",0,1,2,0,0,"F"
1,2,3,2,".BCSBB>X","peraj003","winkj002","","13/G","T",1,0,1,2,0,"F"
0,0,1,2,"..CFFFBFX","","","","31/G","T",1,0,0,0,0,"F"
0,1,0,1,"FX","","","","63/G","T",1,0,0,0,0,"F"
0,2,1,0,".BX","","","","9/F","T",1,0,0,0,0,"F"
1,0,0,1,"FX","","","","S8/G","T",0,1,0,0,0,"F"
1,0,0,1,".C1X","hamib001","","","S9/G.1-3","T",0,1,3,0,0,"F"
1,0,1,1,"BCX","sches001","","hamib001","S8/L.3-H;1-2","T",0,1,2,0,4,"F"
1,0,3,1,"BBBFB","barnt001","sches001","","W.2-3;1-2","T",0,1,2,3,0,"F"
1,0,0,1,"SX","vottj001","barnt001","sches001","9/L","T",1,0,1,2,3,"F"
1,1,3,2,".C*BBSBX","vottj001","barnt001","sches001","6/P","T",1,0,1,2,3,"F"
1,2,3,2,".CCBBB>S","vottj001","barnt001","sches001","K","T",1,0,1,2,3,"F"
0,0,2,2,".CBSBX","","","","43/G","T",1,0,0,0,0,"F"
0,1,0,2,"CFFS","","","","K","T",1,0,0,0,0,"F"
0,2,0,0,"X","","","","S5/G","T",0,1,0,0,0,"F"
0,2,1,0,"B>C","jonej006","","","SB2","F",0,0,2,0,0,"F"
0,2,2,2,"B>C.FBX","","jonej006","","S2/G.2-H","T",0,1,0,4,0,"F"
0,2,0,0,".X","iglej001","","","7/L","T",1,0,1,0,0,"F"
1,0,1,0,"...BX","","","","6/L","T",1,0,0,0,0,"F"
1,1,2,2,"BFBFFX","","","","HR/9/F","T",0,4,0,0,0,"F"
1,1,0,1,"FX","","","","DGR/89/F","T",0,2,0,0,0,"F"
1,1,0,1,"SX","","hamib001","","9/L","T",1,0,0,2,0,"F"
1,2,2,0,"BBX","","hamib001","","8/F","T",1,0,0,2,0,"F"
0,0,2,2,".CBFBS","","","","K","T",1,0,0,0,0,"F"
0,1,0,1,"FX","","","","341/G","T",1,0,0,0,0,"F"
0,2,0,0,"X","","","","S9/L+","T",0,1,0,0,0,"F"
0,2,0,2,"CSX","candj002","","","53/G","T",1,0,1,0,0,"F"
0,0,1,2,"FSBFX","","","","53/G","T",1,0,0,0,0,"T"
0,1,0,2,"SSX","","","","S8/L","T",0,1,0,0,0,"F"
0,1,1,1,"BCX","heywj001","","","53/G-.1-2","T",1,0,2,0,0,"F"
0,2,3,2,"BBCSBX","","heywj001","","9/F9LF","T",1,0,0,2,0,"F"
1,0,2,2,"CBCBFFH","","","","HP","T",0,1,0,0,0,"F"
1,0,0,1,"CX","peraj003","","","53/G.1-2","T",1,0,2,0,0,"F"
1,1,2,2,"BCCFBFX","","peraj003","","3/G.2-3","T",1,0,0,3,0,"F"
1,2,3,2,"CBSFFBFFF*BFX","","","peraj003","7/F","T",1,0,0,0,3,"F"
0,0,3,2,"CFBBFFBB","","","","W","T",0,1,0,0,0,"F"
0,0,0,2,"SCS","russa002","","","K","T",1,0,1,0,0,"F"
0,1,1,0,"BX","russa002","","","3/P3F","T",1,0,1,0,0,"F"
0,2,2,1,"1CB1BX","russa002","","","43/G","T",1,0,1,0,0,"F"
1,0,1,0,"BX","","","","S9/G","T",0,1,0,0,0,"F"
1,0,1,2,"CC1BX","suare001","","","46(1)3/GDP","T",2,0,0,0,0,"F"
1,2,3,2,"BBCCBS","","","","K","T",1,0,0,0,0,"F"
0,0,2,2,"CBBCC","","","","K","T",1,0,0,0,0,"F"
0,1,0,0,"H","","","","HP","T",0,1,0,0,0,"F"
0,1,1,1,"FBX","bryak001","","","S5/G.1-2","T",0,1,2,0,0,"F"
0,1,2,1,"BBCX","heywj001","bryak001","","D9/L.2-H;1-H;B-3(TH)","T",0,3,4,4,0,"F"
0,1,0,1,"FH","","","baezj001","HP","T",0,1,0,0,3,"F"
0,1,3,2,"CBBBSX","rizza001","","baezj001","64(1)3/GDP","T",2,0,0,0,3,"F"
1,0,0,2,"CCC","","","","K","T",1,0,0,0,0,"F"
1,1,1,1,"SBX","","","","6/L","T",1,0,0,0,0,"F"
1,2,1,0,"BX","","","","S7/G+","T",0,1,0,0,0,"F"
1,2,1,0,"B1>C","peraj003","","","SB2","F",0,0,2,0,0,"F"
1,2,3,2,"B1>C..*BC*BS","","peraj003","","K","T",1,0,0,2,0,"F"
0,0,1,2,"FBCX","","","","8/L","T",1,0,0,0,0,"F"
0,1,1,2,"SFBC","","","","K","T",1,0,0,0,0,"F"
0,2,0,2,"CFC","","","","K","T",1,0,0,0,0,"F"
1,0,0,2,"CCC","","","","K","T",1,0,0,0,0,"F"
1,1,0,0,"X","","","","43/G","T",1,0,0,0,0,"F"
1,2,0,1,"CX","","","","53/G","T",1,0,0,0,0,"F"
0,0,3,2,"CBBBCX","","","","S8/G+","T",0,1,0,0,0,"F"
0,0,0,2,"CFC","hendk001","","","K","T",1,0,1,0,0,"F"
0,1,0,0,"X","hendk001","","","S7/L+.1-2","T",0,1,2,0,0,"F"
0,1,0,0,"X","heywj001","hendk001","","4/P/IF","T",1,0,1,2,0,"F"
0,2,2,2,"FBBFX","heywj001","hendk001","","43/G+","T",1,0,1,2,0,"F"
1,0,3,0,"BBBB","","","","W","T",0,1,0,0,0,"F"
1,0,0,1,"CX","winkj002","","","8/F","T",1,0,1,0,0,"F"
1,1,0,0,"X","winkj002","","","26(1)4/BG/GDP","T",2,0,0,0,0,"F"
0,0,3,2,"FFFBBBC","","","","K","T",1,0,0,0,0,"F"
0,1,2,1,"FBBX","","","","31/G","T",1,0,0,0,0,"F"
0,2,1,2,"CFBFX","","","","9/L","T",1,0,0,0,0,"F"
1,0,3,0,"BBBB","","","","W","T",0,1,0,0,0,"F"
1,0,0,0,"11>P","hamib001","","","SB2","F",0,0,2,0,0,"F"
1,0,1,2,"11>P.FCS","","hamib001","","K","T",1,0,0,2,0,"F"
1,1,0,1,">FX","","hamib001","","7/L","T",1,0,0,2,0,"F"
1,2,3,0,"BBBB","","hamib001","","W","T",0,1,0,2,0,"F"
1,2,0,0,"X","vottj001","hamib001","","S4/G.2-3;1-2","T",0,1,2,3,0,"F"
1,2,3,2,"CF*BF*BB>B","genns001","vottj001","hamib001","W.3-H;2-3;1-2","T",0,1,2,3,4,"F"
1,2,1,0,".BX","suare001","genns001","vottj001","HR/8/F.3-H;2-H;1-H","T",0,4,4,4,4,"F"
1,2,0,0,"X","","","","S9/L","T",0,1,0,0,0,"F"
1,2,3,2,".BBSFB>F>F>X","duvaa001","","","S8/L.1-3","T",0,1,3,0,0,"F"
1,2,1,0,"BX","blana002","","duvaa001","S8/L.3-H;1-2","T",0,1,2,0,4,"F"
1,2,3,2,"BBFFB>X","hamib001","blana002","","63/G+","T",1,0,1,2,0,"F"
0,0,1,2,"..CBFX","","","","3/G","T",1,0,0,0,0,"F"
0,1,1,2,".BCFX","","","","6/L","T",1,0,0,0,0,"F"
0,2,0,1,"FX","","","","S5/G","T",0,1,0,0,0,"F"
0,2,2,2,"CF*BBX","bryak001","","","D8/L+.1-3","T",0,2,3,0,0,"F"
0,2,3,2,"BFFFF*B*B*B","","heywj001","bryak001","W","T",0,1,0,2,3,"F"
0,2,0,2,".CSC","baezj001","heywj001","bryak001","K","T",1,0,1,2,3,"F"
1,0,0,2,".FCX","","","","13/G","T",1,0,0,0,0,"F"
1,1,1,2,"SSBX","","","","7/L","T",1,0,0,0,0,"F"
1,2,0,1,"CX","","","","43/G","T",1,0,0,0,0,"F"
0,0,1,0,"BX","","","","8/F","T",1,0,0,0,0,"F"
0,1,3,2,"BBCBSB","","","","W","T",0,1,0,0,0,"F"
0,1,2,1,"BCBX","schwk001","","","7/L","T",1,0,1,0,0,"F"
0,2,1,0,"BX","schwk001","","","S8/G.1-2","T",0,1,2,0,0,"F"
0,2,0,2,"...FTS","happi001","schwk001","","K","T",1,0,1,2,0,"F"
1,0,0,1,"..SX","","","","9/F","T",1,0,0,0,0,"F"
1,1,2,1,"CBBX","","","","53/G","T",1,0,0,0,0,"F"
1,2,0,1,"FX","","","","9/F","T",1,0,0,0,0,"F"
0,0,0,2,"FSS","","","","K","T",1,0,0,0,0,"F"
0,1,1,2,"FBSFX","","","","43/G","T",1,0,0,0,0,"F"
0,2,2,2,"SBSBFFX","","","","5/P5F","T",1,0,0,0,0,"F"
0,0,1,2,"CFBS","","","","K23","T",1,0,0,0,0,"T"
0,1,2,2,"CBBFFS","","","","K","T",1,0,0,0,0,"F"
0,2,3,2,"CBCBBFB","","","","W","T",0,1,0,0,0,"F"
0,2,2,2,"BSFBX","zobrb001","","","5/P","T",1,0,1,0,0,"F"
1,0,0,1,"CX","","","","63/G","T",1,0,0,0,0,"F"
1,1,0,2,"CCX","","","","9/F","T",1,0,0,0,0,"F"
1,2,2,0,"BBX","","","","D7/L+","T",0,2,0,0,0,"F"
1,2,2,1,"CBBX","","vottj001","","S9/L.2-3","T",0,1,0,3,0,"F"
1,2,0,0,"X","suare001","","vottj001","9/F","T",1,0,1,0,3,"F"
0,0,3,2,"CBFBBS","","","","K","T",1,0,0,0,0,"F"
0,1,2,2,"BBFFX","","","","1/P","T",1,0,0,0,0,"F"
0,2,0,2,"CSX","","","","3/G","T",1,0,0,0,0,"F"
1,0,1,2,"CBCFX","","","","31/G","T",1,0,0,0,0,"F"
1,1,1,0,"BX","","","","D7/F","T",0,2,0,0,0,"F"
1,1,0,0,"X","","casac001","","S8/G.2-3","T",0,1,0,3,0,"F"
1,1,0,1,"F1X","castl003","","casac001","S9/L.3-H;1-2","T",0,1,2,0,4,"F"
1,1,2,1,"CBBX","hamib001","castl003","","54(1)/FO/G.2-3","T",1,1,0,3,0,"F"
1,2,2,2,"CCBBF>B","peraj003","","castl003","SB2","F",0,0,2,0,3,"F"
1,2,3,2,"CCBBF>B.B","","peraj003","castl003","W","T",0,1,0,2,3,"F"
1,2,3,2,"CCBBB>C","blana002","peraj003","castl003","K","T",1,0,1,2,3,"F"
0,0,2,2,"CFBFBFX","","","","E5/TH/G","T",0,1,0,0,0,"F"
0,0,0,1,"1L1X","gimec001","","","54(1)3/GDP","T",2,0,0,0,0,"F"
0,2,1,2,"SFBS","","","","K","T",1,0,0,0,0,"F"
1,0,0,0,"X","","","","63/G","T",1,0,0,0,0,"F"
1,1,1,2,"CBSX","","","","8/L+","T",1,0,0,0,0,"F"
1,2,1,2,"CTBS","","","","K","T",1,0,0,0,0,"F"
0,0,3,2,"CBBFBX","","","","43/G","T",1,0,0,0,0,"F"
0,1,1,0,"BX","","","","D9/G","T",0,2,0,0,0,"F"
0,1,0,2,"FCFX","","zobrb001","","3/G-.2-3","T",1,0,0,3,0,"F"
0,2,0,0,"X","","","zobrb001","S5/BG.3-H","T",0,1,0,0,4,"F"
0,2,0,0,"X","baezj001","","","HR/8/F.1-H","T",0,4,4,0,0,"F"
0,2,1,1,"FBX","","","","7/F","T",1,0,0,0,0,"F"
1,0,2,2,"CBFBFFX","","","","63/G","T",1,0,0,0,0,"F"
1,1,0,0,"X","","","","3/P3F","T",1,0,0,0,0,"F"
1,2,2,2,"CBFBFX","","","","8/F","T",1,0,0,0,0,"F"
0,0,1,2,"BCFFS","","","","K","T",1,0,0,0,0,"F"
0,1,0,1,"CX","","","","53/G-","T",1,0,0,0,0,"F"
0,2,0,0,"X","","","","63/G","T",1,0,0,0,0,"F"
1,0,2,1,"BCBX","","","","S8/L+","T",0,1,0,0,0,"F"
1,0,1,1,"C*B1>B","peraj003","","","SB2","F",0,0,2,0,0,"F"
1,0,3,2,"C*B1>B.FBC","","peraj003","","K","T",1,0,0,2,0,"F"
1,1,2,1,"BCBX","","peraj003","","S8/L+.2-H","T",0,1,0,4,0,"F"
1,1,1,0,"*BX","vottj001","","","HR/8/F.1-H","T",0,4,4,0,0,"F"
1,1,3,2,"BFFBBFB","","","","W","T",0,1,0,0,0,"F"
1,1,1,2,"CSBN1","duvaa001","","","POCS2(136E3).1-1","F",0,0,1,0,0,"F"
1,1,1,2,"CSBN1.X","duvaa001","","","S7/L.1-2","T",0,1,2,0,0,"F"
1,1,0,0,"X","winkj002","duvaa001","","8/F","T",1,0,1,2,0,"F"
1,2,0,0,"X","winkj002","duvaa001","","64(1)/FO/G","T",1,1,0,2,0,"F"
0,0,1,0,"BX","","","","53/G","T",1,0,0,0,0,"F"
0,1,3,2,"BCBCFBX","","","","S7/L","T",0,1,0,0,0,"F"
0,1,0,1,"FX","zobrb001","","","6/P","T",1,0,1,0,0,"F"
0,2,0,0,"H","zobrb001","","","HP.1-2","T",0,1,2,0,0,"F"
0,2,2,2,".SCBBC","baezj001","zobrb001","","K","T",1,0,1,2,0,"F"
1,0,1,2,".CSBFT","","","","K","T",1,0,0,0,0,"F"
1,1,1,0,"BX","","","","8/F","T",1,0,0,0,0,"F"
1,2,0,0,"X","","","","63/G","T",1,0,0,0,0,"F"
0,0,0,2,".CFFS","","","","K","T",1,0,0,0,0,"F"
0,1,1,2,"FSBFS","","","","K","T",1,0,0,0,0,"F"
0,2,0,0,".X","","","","7/L","T",1,0,0,0,0,"F"
1,0,3,2,".BBCBFB","","","","W","T",0,1,0,0,0,"F"
1,0,1,1,"BFX","vottj001","","","S7/G.1-2","T",0,1,2,0,0,"F"
1,0,0,0,"X","suare001","vottj001","","S8/L-.2-H;1-2","T",0,1,2,4,0,"F"
1,0,0,1,"CX","duvaa001","suare001","","1/BP","T",1,0,1,2,0,"F"
1,1,1,0,"BX","duvaa001","suare001","","64(1)3/GDP","T",2,0,0,2,0,"F"
0,0,1,2,".CFBS","","","","K","T",1,0,0,0,0,"F"
0,1,3,1,"BBBCX","","","","8/L+","T",1,0,0,0,0,"F"
0,2,2,2,"BBCFX","","","","43/G","T",1,0,0,0,0,"F"
1,0,1,2,"..BSSX","","","","9/F","T",1,0,0,0,0,"F"
1,1,1,0,"BX","","","","53/G","T",1,0,0,0,0,"F"
1,2,3,1,"CBBBB","","","","W","T",0,1,0,0,0,"F"
1,2,1,1,"B1C>B","peraj003","","","SB2","F",0,0,2,0,0,"F"
1,2,2,2,"B1C>B.CX","","peraj003","","S39/G.2-H;BX2(92634)","T",1,0,0,4,0,"F"
0,0,0,0,".X","","","","8/F","T",1,0,0,0,0,"F"
0,1,2,2,"BSSBS","","","","K","T",1,0,0,0,0,"F"
0,2,2,1,"CBBX","","","","31/G","T",1,0,0,0,0,"F"
0,0,1,0,"BX","","","","9/F","T",1,0,0,0,0,"T"
0,1,2,1,"FBBX","","","","43/G","T",1,0,0,0,0,"F"
0,2,2,2,"FBBCS","","","","K","T",1,0,0,0,0,"F"
1,0,3,2,"BBBCFFFB","","","","W","T",0,1,0,0,0,"F"
1,0,0,0,"X","blana002","","","HR/89/F.1-H","T",0,4,4,0,0,"F"
1,0,0,0,"X","","","","5/P5F","T",1,0,0,0,0,"F"
1,1,2,2,"BFCBFS","","","","K","T",1,0,0,0,0,"F"
1,2,3,2,"FSBFFBBS","","","","K","T",1,0,0,0,0,"F"
0,0,0,0,"X","","","","7/F","T",1,0,0,0,0,"F"
0,1,2,2,"SCBBX","","","","HR/89/L","T",0,4,0,0,0,"F"
0,1,2,2,"CBFFBFS","","","","K","T",1,0,0,0,0,"F"
0,2,1,1,"CBX","","","","8/F","T",1,0,0,0,0,"F"
1,0,2,1,"BFBX","","","","S9/L+","T",0,1,0,0,0,"F"
1,0,1,0,"*BX","winkj002","","","54(1)/FO/G","T",1,1,0,0,0,"F"
1,1,1,2,"LCBS","duvaa001","","","K","T",1,0,1,0,0,"F"
1,2,3,2,"B1BFBF>F>F>F>X","duvaa001","","","7/F","T",1,0,1,0,0,"F"
0,0,3,2,"CBSBBB","","","","W","T",0,1,0,0,0,"F"
0,0,0,0,"1X","happi001","","","24/BG/SH.1-2","T",1,0,2,0,0,"F"
0,1,1,0,"BX","","happi001","","8/L","T",1,0,0,2,0,"F"
0,2,1,1,"BFX","","happi001","","3/G","T",1,0,0,2,0,"F"
1,0,0,2,"CFC","","","","K","T",1,0,0,0,0,"F"
1,1,2,1,"BCBX","","","","3/L","T",1,0,0,0,0,"F"
1,2,3,2,"BBBCCB","","","","W","T",0,1,0,0,0,"F"
1,2,0,0,".X","vottj001","","","D9/L.1-H","T",0,2,4,0,0,"F"
1,2,0,0,"X","","genns001","","S7/L+.2-H","T",0,1,0,4,0,"F"
1,2,3,0,"BBBB","suare001","","","W.1-2","T",0,1,2,0,0,"F"
1,2,1,2,"SFBX","winkj002","suare001","","S1/G-.2-3;1-2","T",0,1,2,3,0,"F"
1,2,3,2,"BBBCC>X","duvaa001","winkj002","suare001","HR/7/L.3-H;2-H;1-H","T",0,4,4,4,4,"F"
1,2,1,2,"FBSX","","","","4/L","T",1,0,0,0,0,"F"
0,0,1,2,"BCFT","","","","K","T",1,0,0,0,0,"F"
0,1,0,1,"CX","","","","3/G","T",1,0,0,0,0,"F"
0,2,3,2,"BFFB.FBX","","","","53/G","T",1,0,0,0,0,"F"
1,0,1,1,"BCX","","","","43/G","T",1,0,0,0,0,"F"
1,1,3,1,"BBBCX","","","","63/G","T",1,0,0,0,0,"F"
1,2,1,2,"SSFBC","","","","K","T",1,0,0,0,0,"F"
0,0,3,0,"BBBB","","","","W","T",0,1,0,0,0,"F"
0,0,2,2,"FCBBX","schwk001","","","7/F","T",1,0,1,0,0,"F"
0,1,2,1,"FBBX","schwk001","","","S8/G+.1-2","T",0,1,2,0,0,"F"
0,1,0,1,".FX","happi001","schwk001","","54(1)/FO/G.2-3","T",1,1,0,3,0,"F"
0,2,2,2,"*BFBFX","almoa002","","schwk001","43/G","T",1,0,1,0,3,"F"
1,0,1,1,".BFX","","","","31/G","T",1,0,0,0,0,"F"
1,1,2,2,"BCCBX","","","","S7/L+","T",0,1,0,0,0,"F"
1,1,3,1,"FBBBB","suare001","","","W.1-2","T",0,1,2,0,0,"F"
1,1,1,2,"BFFFFFFFS","winkj002","suare001","","K","T",1,0,1,2,0,"F"
1,2,0,0,"X","winkj002","suare001","","7/F","T",1,0,1,2,0,"F"
0,0,2,1,"BBFX","","","","63/G+","T",1,0,0,0,0,"F"
0,1,1,1,"CBX","","","","HR/89/L","T",0,4,0,0,0,"F"
0,1,3,0,"BBBB","","","","W","T",0,1,0,0,0,"F"
0,1,0,0,"X","rizza001","","","7/F","T",1,0,1,0,0,"F"
0,2,1,2,"CBFX","rizza001","","","43/G+","T",1,0,1,0,0,"F"
1,0,0,0,"X","","","","S8/L","T",0,1,0,0,0,"F"
1,0,0,0,"1C","hamib001","","","SB2","F",0,0,2,0,0,"F"
1,0,1,2,"1C.CB.C","","hamib001","","K","T",1,0,0,2,0,"F"
1,1,0,1,"SX","","hamib001","","43/G+.2-3","T",1,0,0,3,0,"F"
1,2,3,2,"CFBBBC","","","hamib001","K","T",1,0,0,0,3,"F"
0,0,0,1,"CX","","","","3/P","T",1,0,0,0,0,"F"
0,1,3,2,"BBCCBFB","","","","W","T",0,1,0,0,0,"F"
0,1,2,2,"..FBC*BX","happi001","","","6/L/DP.1X1(63)","T",2,0,0,0,0,"F"
1,0,0,2,".SCFFS","","","","K","T",1,0,0,0,0,"F"
1,1,1,2,"BFFX","","","","T8/F","T",0,3,0,0,0,"F"
1,1,3,0,"VVVV","","","suare001","IW","T",0,1,0,0,3,"F"
1,1,2,2,"CBSFBFFX","winkj002","","suare001","54(1)3/GDP","T",2,0,0,0,3,"F"
0,0,0,0,".X","","","","8/L","T",1,0,0,0,0,"F"
0,1,1,0,"BX","","","","S7/L","T",0,1,0,0,0,"F"
0,1,2,2,"CCBFFBX","heywj001","","","S7/G.1-2","T",0,1,2,0,0,"F"
0,1,1,0,".BX","zobrb001","heywj001","","46(1)3/GDP","T",2,0,0,2,0,"F"
1,0,0,2,"..CFX","","","","S8/L","T",0,1,0,0,0,"F"
1,0,3,1,"BCBBB","dixob001","","","W.1-2","T",0,1,2,0,0,"F"
1,0,1,1,"CBX","hamib001","dixob001","","7/L","T",1,0,1,2,0,"F"
1,1,1,2,"CFBFS","hamib001","dixob001","","K","T",1,0,1,2,0,"F"
1,2,1,0,"BX","hamib001","dixob001","","HR/89/F.2-H;1-H","T",0,4,4,4,0,"F"
1,2,0,0,"X","","","","9/F","T",1,0,0,0,0,"F"
0,0,2,2,"..CBBFX","","","","63/G","T",1,0,0,0,0,"F"
0,1,3,2,"BBFBFB","","","","W","T",0,1,0,0,0,"F"
0,1,0,0,"X","schwk001","","","9/F","T",1,0,1,0,0,"F"
0,2,1,2,"CFBFX","schwk001","","","S9/G.1-2","T",0,1,2,0,0,"F"
0,2,2,1,"SBBX","happi001","schwk001","","54(1)/FO/G","T",1,1,0,2,0,"F"
0,0,0,1,"FX","","","","S8/G+","T",0,1,0,0,0,"T"
0,0,0,0,"X","almoa002","","","54(1)/FO/G","T",1,1,0,0,0,"F"
0,1,0,0,"X","heywj001","","","36(1)/FO/G","T",1,1,0,0,0,"F"
0,2,1,1,"BFX","baezj001","","","43/G+","T",1,0,1,0,0,"F"
1,0,0,0,"X","","","","S8/L","T",0,1,0,0,0,"F"
1,0,1,2,"*BCFFFC","sches001","","","K","T",1,0,1,0,0,"F"
1,1,3,1,"FB*B1BB","sches001","","","W.1-2","T",0,1,2,0,0,"F"
1,1,0,0,"*B","vottj001","sches001","","OA.1X2(23)","F",1,0,0,2,0,"F"
1,2,1,0,"*B.X","","sches001","","5/L","T",1,0,0,2,0,"F"
0,0,2,2,"CBBFX","","","","9/L","T",1,0,0,0,0,"F"
0,1,3,1,"BBBSX","","","","7/F","T",1,0,0,0,0,"F"
0,2,3,2,"CBCBFBB","","","","W","T",0,1,0,0,0,"F"
0,2,2,2,"BFF*BFX","happi001","","","4/L-","T",1,0,1,0,0,"F"
1,0,3,1,"LBBBX","","","","7/L+","T",1,0,0,0,0,"F"
1,1,0,0,"X","","","","8/L","T",1,0,0,0,0,"F"
1,2,1,2,"CBCX","","","","63/G","T",1,0,0,0,0,"F"
0,0,0,2,"CCS","","","","K","T",1,0,0,0,0,"F"
0,1,1,0,"BX","","","","S8/L+","T",0,1,0,0,0,"F"
0,1,0,2,">FSS","almoa002","","","K","T",1,0,1,0,0,"F"
0,2,0,1,"F1X","almoa002","","","D7/G.1XH(762)","T",1,2,0,0,0,"F"
1,0,1,2,"SBFS","","","","K","T",1,0,0,0,0,"F"
1,1,1,2,"CBFS","","","","K","T",1,0,0,0,0,"F"
1,2,3,0,"BBBB","","","","W","T",0,1,0,0,0,"F"
1,2,1,2,"FB>FX","sches001","","","53/G","T",1,0,1,0,0,"F"
0,0,2,1,"BCBX","","","","8/L","T",1,0,0,0,0,"F"
0,1,2,2,"BBCFS","","","","K","T",1,0,0,0,0,"F"
0,2,2,2,"CBFBS","","","","K","T",1,0,0,0,0,"F"
1,0,1,2,"CBCX","","","","8/F","T",1,0,0,0,0,"F"
1,1,0,2,"FCC","","","","K","T",1,0,0,0,0,"F"
1,2,1,2,"CBFS","","","","K","T",1,0,0,0,0,"F"
0,0,0,0,"X","","","","S8/G+","T",0,1,0,0,0,"F"
0,0,1,0,"BX","happi001","","","S7/G.1-2","T",0,1,2,0,0,"F"
0,0,0,2,"LLC","russa002","happi001","","K","T",1,0,1,2,0,"F"
0,1,1,1,"FBX","russa002","happi001","","7/L","T",1,0,1,2,0,"F"
0,2,3,2,"BBFFB>X","russa002","happi001","","D7/L+.2-H;1-H","T",0,2,4,4,0,"F"
0,2,0,1,"CX","","heywj001","","S9/L.2-H;B-2(E9/TH)","T",0,2,0,4,0,"F"
0,2,1,1,"FBX","","baezj001","","HR/89/F.2-H","T",0,4,0,4,0,"F"
0,2,2,2,"CSBBFS","","","","K","T",1,0,0,0,0,"F"
1,0,1,0,"BX","","","","3/P3F","T",1,0,0,0,0,"F"
1,1,1,1,"BCX","","","","3/G-","T",1,0,0,0,0,"F"
1,2,1,1,".CBX","","","","HR/7/F","T",0,4,0,0,0,"F"
1,2,1,0,"BX","","","","7/F","T",1,0,0,0,0,"F"
0,0,3,2,".CSBBBC","","","","K","T",1,0,0,0,0,"F"
0,1,1,0,"BX","","","","3/P3F","T",1,0,0,0,0,"F"
0,2,1,0,"BX","","","","53/G","T",1,0,0,0,0,"F"
1,0,0,0,"X","","","","7/L","T",1,0,0,0,0,"F"
1,1,0,2,"CFC","","","","K","T",1,0,0,0,0,"F"
1,2,3,1,"CBBBX","","","","S7/L","T",0,1,0,0,0,"F"
1,2,0,1,"FX","vottj001","","","54(1)/FO/G","T",1,1,0,0,0,"F"
0,0,0,0,"..X","","","","31/G","T",1,0,0,0,0,"F"
0,1,2,0,"BBX","","","","HR/89/F","T",0,4,0,0,0,"F"
0,1,0,1,"CX","","","","31/G","T",1,0,0,0,0,"F"
0,2,1,2,"FBSS","","","","K","T",1,0,0,0,0,"F"
1,0,0,0,"X","","","","S9/L","T",0,1,0,0,0,"F"
1,0,1,2,"FFFBFX","genns001","","","D7/L.1-3","T",0,2,3,0,0,"F"
1,0,1,0,"BX","","duvaa001","genns001","S9/L.3-H;2-3","T",0,1,0,3,4,"F"
1,0,0,0,"..X","peraj003","","duvaa001","HR/7/F.3-H;1-H","T",0,4,4,0,4,"F"
1,0,1,2,"BCSX","","","","S8/L","T",0,1,0,0,0,"F"
1,0,3,2,"1FFB1FBB*B","hamib001","","","W.1-2","T",0,1,2,0,0,"F"
1,0,0,0,"X","sches001","hamib001","","S8/L+.2-H;1-2","T",0,1,2,4,0,"F"
1,0,2,0,"BBX","barnt001","sches001","","D9/L.2-H;1-3","T",0,2,3,4,0,"F"
1,0,1,2,".BCFFC","","vottj001","barnt001","K","T",1,0,0,2,3,"F"
1,1,3,0,"VVVV","","vottj001","barnt001","IW","T",0,1,0,2,3,"F"
1,1,0,0,"X","genns001","vottj001","barnt001","6/L","T",1,0,1,2,3,"F"
1,2,3,2,"BFS*BB>B","genns001","vottj001","barnt001","W.3-H;2-3;1-2","T",0,1,2,3,4,"F"
1,2,0,2,".CCC","peraj003","genns001","vottj001","K","T",1,0,1,2,3,"F"
0,0,2,2,"..BCBCS","","","","K","T",1,0,0,0,0,"F"
0,1,0,0,"X","","","","D8/L+","T",0,2,0,0,0,"F"
0,1,1,2,"BSCS","","contw001","","K","T",1,0,0,2,0,"F"
0,2,0,2,"CFS","","contw001","","K","T",1,0,0,2,0,"F"
1,0,1,0,"BX","","","","8/F","T",1,0,0,0,0,"F"
1,1,3,2,"BBSFBX","","","","8/F","T",1,0,0,0,0,"F"
1,2,3,1,"BBFBB","","","","W","T",0,1,0,0,0,"F"
1,2,1,1,"BSX","barnt001","","","S7/L.1-2","T",0,1,2,0,0,"F"
1,2,0,0,"X","vottj001","barnt001","","64(1)/FO/G","T",1,1,0,2,0,"F"
0,0,1,0,"..BX","","","","3/G","T",1,0,0,0,0,"F"
0,1,0,1,".CX","","","","3/P3F","T",1,0,0,0,0,"F"
0,2,0,2,"SCX","","","","9/L","T",1,0,0,0,0,"F"
0,0,2,2,"BCFBFS","","","","K","T",1,0,0,0,0,"T"
0,1,1,2,"FBSX","","","","3/G","T",1,0,0,0,0,"F"
0,2,3,2,"BCBBFFX","","","","S7/G","T",0,1,0,0,0,"F"
0,2,1,2,"CSBFX","aguij001","","","7/F","T",1,0,1,0,0,"F"
1,0,2,0,".BBX","","","","HR/78/F","T",0,4,0,0,0,"F"
1,0,1,2,"BCFX","","","","D8/L","T",0,2,0,0,0,"F"
1,0,0,0,"X","","barnt001","","7/F","T",1,0,0,2,0,"F"
1,1,2,2,"LFBBFFFS","","barnt001","","K23","T",1,0,0,2,0,"F"
1,2,1,1,"BFX","","barnt001","","D8/L+.2-H","T",0,2,0,4,0,"F"
1,2,3,2,"BBCBC*B","","suare001","","W","T",0,1,0,2,0,"F"
1,2,0,2,"CS+2N","winkj002","suare001","","SB3","F",0,0,1,3,0,"F"
1,2,1,2,"CS+2N.BX","winkj002","","suare001","64(1)/FO/G","T",1,1,0,0,3,"F"
0,0,0,1,"FX","","","","9/F","T",1,0,0,0,0,"F"
0,1,0,2,"CCS","","","","K+WP.B-1","T",0,1,0,0,0,"F"
0,1,1,2,"BS1SS","millb002","","","K","T",1,0,1,0,0,"F"
0,2,0,0,"X","millb002","","","4/P","T",1,0,1,0,0,"F"
1,0,0,2,"CCC","","","","K","T",1,0,0,0,0,"F"
1,1,1,0,"BX","","","","8/L","T",1,0,0,0,0,"F"
1,2,1,2,"FFBX","","","","S6/G","T",0,1,0,0,0,"F"
1,2,1,2,"1FB1FB","peraj003","","","WP.1-2","F",0,0,2,0,0,"F"
1,2,2,2,"1FB1FB.X","","peraj003","","31/G","T",1,0,0,2,0,"F"
0,0,0,0,"X","","","","63/G","T",1,0,0,0,0,"F"
0,1,1,1,"CBX","","","","7/F","T",1,0,0,0,0,"F"
0,2,1,1,"BSX","","","","S1/G-.B-2(E1/TH)","T",0,2,0,0,0,"F"
0,2,3,2,"CBBCBFX","","broxk001","","HR/7/F.2-H","T",0,4,0,4,0,"F"
0,2,1,2,"CSBX","","","","8/L+","T",1,0,0,0,0,"F"
1,0,3,2,"BCBBCX","","","","7/F","T",1,0,0,0,0,"F"
1,1,1,2,"FFBFFFX","","","","9/L+","T",1,0,0,0,0,"F"
1,2,3,2,"FBSFBBFX","","","","D8/L+","T",0,2,0,0,0,"F"
1,2,0,0,"X","","suare001","","HR/7/F.2-H","T",0,4,0,4,0,"F"
1,2,1,2,"BCCFS","","","","K","T",1,0,0,0,0,"F"
0,0,1,2,"BFSC","","","","K","T",1,0,0,0,0,"F"
0,1,0,0,"X","","","","43/G","T",1,0,0,0,0,"F"
0,2,1,1,"CBX","","","","9/F","T",1,0,0,0,0,"F"
1,0,0,2,"CTC","","","","K","T",1,0,0,0,0,"F"
1,1,0,0,"X","","","","S9/G","T",0,1,0,0,0,"F"
1,1,0,0,"11X","hamib001","","","6/P","T",1,0,1,0,0,"F"
1,2,1,2,"11BFF>X","hamib001","","","43/G+","T",1,0,1,0,0,"F"
0,0,2,2,"BCBFX","","","","S4/G","T",0,1,0,0,0,"F"
0,0,0,2,"LLX","arcio002","","","34/BG/SH.1-2","T",1,0,2,0,0,"F"
0,1,0,2,"FFS","","arcio002","","K","T",1,0,0,2,0,"F"
0,2,0,0,".X","","arcio002","","3/G+","T",1,0,0,2,0,"F"
1,0,2,2,"CCBBX","","","","43/G","T",1,0,0,0,0,"F"
1,1,2,1,"FBBX","","","","8/F","T",1,0,0,0,0,"F"
1,2,0,1,"SX","","","","7/L+","T",1,0,0,0,0,"F"
0,0,0,2,"CCX","","","","63/G","T",1,0,0,0,0,"F"
0,1,0,0,"X","","","","8/F","T",1,0,0,0,0,"F"
0,2,1,1,"CBX","","","","63/G","T",1,0,0,0,0,"F"
1,0,3,2,"CBBBFX","","","","S9/G","T",0,1,0,0,0,"F"
1,0,0,0,"X","winkj002","","","7/F","T",1,0,1,0,0,"F"
1,1,0,2,"LSS","winkj002","","","K","T",1,0,1,0,0,"F"
1,2,1,2,"CBFS","winkj002","","","K","T",1,0,1,0,0,"F"
0,0,2,2,"BCFBC","","","","K","T",1,0,0,0,0,"F"
0,1,3,0,"BBBB","","","","W","T",0,1,0,0,0,"F"
0,1,1,0,"BX","krate001","","","S8/L+.1-2","T",0,1,2,0,0,"F"
0,1,1,0,"..BX","arcio002","krate001","","6/P/IF","T",1,0,1,2,0,"F"
0,2,2,0,"*BBX","arcio002","krate001","","HR/89/F.2-H;1-H","T",0,4,4,4,0,"F"
0,2,2,0,"BBX","","","","43/G","T",1,0,0,0,0,"F"
1,0,3,1,".BCBBB","","","","W","T",0,1,0,0,0,"F"
1,0,1,1,"1B1FX","peraj003","","","53/BG/SH.1-2","T",1,0,2,0,0,"F"
1,1,0,0,"X","","peraj003","","7/L","T",1,0,0,2,0,"F"
1,2,1,1,".BCX","","peraj003","","4/L","T",1,0,0,2,0,"F"
0,0,1,1,".SBX","","","","S9/L","T",0,1,0,0,0,"F"
0,0,0,1,"LX","aguij001","","","64(1)3/GDP","T",2,0,0,0,0,"F"
0,2,1,0,"BX","","","","63/G","T",1,0,0,0,0,"F"
1,0,0,2,".FSS","","","","K","T",1,0,0,0,0,"F"
1,1,3,2,"CCBBFFBC","","","","K","T",1,0,0,0,0,"F"
1,2,0,2,"SCS","","","","K","T",1,0,0,0,0,"F"
0,0,2,1,"BBCX","","","","D7/L+","T",0,2,0,0,0,"F"
0,0,0,0,"N","","millb002","","BK.2-3","F",0,0,0,3,0,"F"
0,0,2,2,"N.*BBCCX","","","millb002","63/G","T",1,0,0,0,3,"F"
0,1,3,0,"B*BBB","","","millb002","W","T",0,1,0,0,3,"F"
0,1,0,1,".L>X","arcio002","","millb002","7/F/SF.3-H","T",1,0,1,0,4,"F"
0,2,1,2,"1BCT1>X","arcio002","","","3/P","T",1,0,1,0,0,"F"
1,0,2,2,"...CBSFBFFS","","","","K","T",1,0,0,0,0,"F"
1,1,2,1,"BCBX","","","","S9/G","T",0,1,0,0,0,"F"
1,1,0,0,">C","hamib001","","","DI.1-2","F",0,0,2,0,0,"F"
1,1,2,1,">C.BBX","","hamib001","","8/L.2-3","T",1,0,0,3,0,"F"
1,2,0,2,"CFS","","","hamib001","K","T",1,0,0,0,3,"F"
0,0,2,2,"BCSBX","","","","S8/G","T",0,1,0,0,0,"T"
0,0,1,2,"C*BSS","millb002","","","K","T",1,0,1,0,0,"F"
0,1,0,2,"CFS","millb002","","","K","T",1,0,1,0,0,"F"
0,2,2,2,"TBBFX","millb002","","","3/G+","T",1,0,1,0,0,"F"
1,0,2,2,"FBBSS","","","","K","T",1,0,0,0,0,"F"
1,1,1,2,"FBSFS","","","","K","T",1,0,0,0,0,"F"
1,2,0,2,"TFX","","","","6/P","T",1,0,0,0,0,"F"
0,0,0,0,"X","","","","S5/BG","T",0,1,0,0,0,"F"
0,0,1,1,"F1BX","braur002","","","S8/L.1-2","T",0,1,2,0,0,"F"
0,0,1,2,"LS*BX","pinam001","braur002","","S8/L.2-H;1-2","T",0,1,2,4,0,"F"
0,0,2,2,"SBF*BS","broxk001","pinam001","","K","T",1,0,1,2,0,"F"
0,1,0,0,"X","broxk001","pinam001","","13/BG/SH.2-3;1-2","T",1,0,2,3,0,"F"
0,2,3,2,"SS*BF*BBX","","broxk001","pinam001","31/G","T",1,0,0,2,3,"F"
1,0,0,2,"CFX","","","","3/G-","T",1,0,0,0,0,"F"
1,1,0,2,"SFS","","","","K","T",1,0,0,0,0,"F"
1,2,3,2,"BFBBFC","","","","K","T",1,0,0,0,0,"F"
0,0,0,0,"X","","","","6/P","T",1,0,0,0,0,"F"
0,1,0,2,"CSX","","","","S9/L","T",0,1,0,0,0,"F"
0,1,3,1,"BFBBB","aguij001","","","W.1-2","T",0,1,2,0,0,"F"
0,1,0,1,"CX","shawt001","aguij001","","14(1)/FO/G.2-3","T",1,1,0,3,0,"F"
0,2,3,2,"BBFBF>X","braur002","","aguij001","3/P3F","T",1,0,1,0,3,"F"
1,0,1,2,"CBCX","","","","9/F","T",1,0,0,0,0,"F"
1,1,1,1,"CBX","","","","43/G","T",1,0,0,0,0,"F"
1,2,0,1,"CX","","","","3/G","T",1,0,0,0,0,"F"
0,0,0,0,"X","","","","HR/78/F","T",0,4,0,0,0,"F"
0,0,1,2,"CBCS","","","","K","T",1,0,0,0,0,"F"
0,1,0,0,"X","","","","43/G","T",1,0,0,0,0,"F"
0,2,1,2,"BSFS","","","","K","T",1,0,0,0,0,"F"
1,0,0,2,"SFFFS","","","","K","T",1,0,0,0,0,"F"
1,1,1,2,"BCTX","","","","S7/G","T",0,1,0,0,0,"F"
1,1,0,2,"FCX","barnt001","","","56(1)3/GDP","T",2,0,0,0,0,"F"
0,0,0,1,"CX","","","","S9/G+","T",0,1,0,0,0,"F"
0,0,0,1,"CX","thame001","","","7/F","T",1,0,1,0,0,"F"
0,1,0,1,"F>B","thame001","","","SB2","F",0,0,2,0,0,"F"
0,1,3,2,"F>B.F*BBB","","thame001","","W","T",0,1,0,2,0,"F"
0,1,0,1,"FX","shawt001","thame001","","8/F","T",1,0,1,2,0,"F"
0,2,0,1,"CH","shawt001","thame001","","HP.2-3;1-2","T",0,1,2,3,0,"F"
0,2,3,1,"B*BBCX","pinam001","shawt001","thame001","64(1)/FO/G","T",1,1,0,2,3,"F"
1,0,1,2,"FBFX","","","","6/P","T",1,0,0,0,0,"F"
1,1,1,0,"BX","","","","8/F+","T",1,0,0,0,0,"F"
1,2,0,0,"X","","","","7/F","T",1,0,0,0,0,"F"
0,0,0,0,".X","","","","3/G-","T",1,0,0,0,0,"F"
0,1,0,0,"X","","","","9/L","T",1,0,0,0,0,"F"
0,2,3,2,"BCBBSFS","","","","K","T",1,0,0,0,0,"F"
1,0,0,1,"CX","","","","6/L","T",1,0,0,0,0,"F"
1,1,2,2,"SBBFFX","","","","HR/78/L","T",0,4,0,0,0,"F"
1,1,1,2,"FBCX","","","","7/L","T",1,0,0,0,0,"F"
1,2,3,2,"TBBBSB","","","","W","T",0,1,0,0,0,"F"
1,2,1,2,"FFFBX","sches001","","","43/G","T",1,0,1,0,0,"F"
0,0,2,1,"BBCX","","","","43/G","T",1,0,0,0,0,"F"
0,1,1,2,"CBFFFFFX","","","","53/G+","T",1,0,0,0,0,"F"
0,2,3,2,"BBFBFB","","","","W","T",0,1,0,0,0,"F"
0,2,1,1,".*BCX","shawt001","","","64(1)/FO/G","T",1,1,0,0,0,"F"
1,0,3,2,"...BBCBCB","","","","W","T",0,1,0,0,0,"F"
1,0,2,2,".CBBSS","vottj001","","","K","T",1,0,1,0,0,"F"
1,1,3,2,"FSBFBBX","vottj001","","","64(1)3/GDP","T",2,0,0,0,0,"F"
0,0,0,1,"CH","","","","HP","T",0,1,0,0,0,"F"
0,0,2,1,"BSBB","pinam001","","","WP.1-2","F",0,0,2,0,0,"F"
0,0,3,1,"BSBB.B","","pinam001","","W","T",0,1,0,2,0,"F"
0,0,0,0,"X","broxk001","pinam001","","15(2)/FO/BG.1-2","T",1,1,2,0,0,"F"
0,1,1,0,".B>C","arcio002","broxk001","","SB3;SB2","F",0,0,2,3,0,"F"
0,1,1,1,".B>C.>S","","arcio002","broxk001","CS3(2528).3-H(NR)","F",1,0,0,0,4,"F"
0,2,2,2,".B>C.>S.FBX","","","","7/F","T",1,0,0,0,0,"F"
1,0,2,1,".BBSX","","","","8/F","T",1,0,0,0,0,"F"
1,1,2,2,"CTBBX","","","","S7/L","T",0,1,0,0,0,"F"
1,1,2,2,".CSBBT","peraj003","","","K","T",1,0,1,0,0,"F"
1,2,0,2,"C1SFC","peraj003","","","K","T",1,0,1,0,0,"F"
0,0,0,0,".X","","","","43/G","T",1,0,0,0,0,"F"
0,1,3,2,"CBBBFFX","","","","2/P5F","T",1,0,0,0,0,"F"
0,2,2,2,"BBFFX","","","","S7/L+","T",0,1,0,0,0,"F"
0,2,2,1,"C*B*BX","aguij001","","","S8/G.1-2","T",0,1,2,0,0,"F"
0,2,0,1,".FX","shawt001","aguij001","","D8/L.2-H;1XH(86E2)(UR)(NR);B-3","T",0,3,5,4,0,"F"
0,2,3,2,"BBFBFX","","","pereh001","S7/L.3-H(UR)","T",0,1,0,0,5,"F"
0,2,0,2,"CFX","pinam001","","","HR/89/F.1-H(UR);B-H(UR)","T",0,5,5,0,0,"F"
0,2,0,2,"FSS","","","","K","T",1,0,0,0,0,"F"
1,0,0,2,"..CCFX","","","","S8/L","T",0,1,0,0,0,"F"
1,0,2,2,"BBCFX","sches001","","","8/L","T",1,0,1,0,0,"F"
1,1,0,0,"X","sches001","","","S7/L.1-2","T",0,1,2,0,0,"F"
1,1,0,0,"X","vottj001","sches001","","8/L","T",1,0,1,2,0,"F"
1,2,3,2,"BCS*BF*B>X","vottj001","sches001","","S8/L+.2-H;1-2","T",0,1,2,4,0,"F"
1,2,1,1,"FBX","suare001","vottj001","","3/G-","T",1,0,1,2,0,"F"
0,0,2,2,"BBSSS","","","","K","T",1,0,0,0,0,"T"
0,1,1,2,"SCBX","","","","HR/89/L","T",0,4,0,0,0,"F"
0,1,2,2,"BSSFBS","","","","K","T",1,0,0,0,0,"F"
0,2,3,2,"CBSBFBB","","","","W","T",0,1,0,0,0,"F"
0,2,1,2,"CBFX","shawt001","","","S9/G.1-2","T",0,1,2,0,0,"F"
0,2,2,2,"CSBBS","pereh001","shawt001","","K","T",1,0,1,2,0,"F"
1,0,0,0,"X","","","","3/G","T",1,0,0,0,0,"F"
1,1,3,2,"CBBFBC","","","","K","T",1,0,0,0,0,"F"
1,2,0,1,"FX","","","","31/G","T",1,0,0,0,0,"F"
0,0,0,1,"CX","","","","53/G-","T",1,0,0,0,0,"F"
0,1,0,2,"SSS","","","","K","T",1,0,0,0,0,"F"
0,2,1,2,"CBCC","","","","K","T",1,0,0,0,0,"F"
1,0,0,0,"X","","","","3/G","T",1,0,0,0,0,"F"
1,1,3,2,"BBCFBX","","","","S9/G+","T",0,1,0,0,0,"F"
1,1,3,1,"BB1FBX","suare001","","","7/F","T",1,0,1,0,0,"F"
1,2,3,2,"BFBCB>F>S","suare001","","","K","T",1,0,1,0,0,"F"
0,0,2,2,"BBFFFS","","","","K23","T",1,0,0,0,0,"F"
0,1,1,2,"BFCFC","","","","K","T",1,0,0,0,0,"F"
0,2,3,2,"BBSCBS","","","","K","T",1,0,0,0,0,"F"
1,0,0,2,"CSS","","","","K","T",1,0,0,0,0,"F"
1,1,0,2,"CFX","","","","53/G-","T",1,0,0,0,0,"F"
1,2,3,2,"BFBSBB","","","","W","T",0,1,0,0,0,"F"
1,2,0,1,"C1>X","sches001","","","8/F","T",1,0,1,0,0,"F"
0,0,3,1,"BBBFB","","","","W","T",0,1,0,0,0,"F"
0,0,0,0,"X","shawt001","","","4/L","T",1,0,1,0,0,"F"
0,1,2,2,"SBS*BX","shawt001","","","5/P","T",1,0,1,0,0,"F"
0,2,1,2,"CBSS","shawt001","","","K","T",1,0,1,0,0,"F"
1,0,1,1,"CBX","","","","S8/G","T",0,1,0,0,0,"F"
1,0,2,0,"BBX","vottj001","","","S9/G.1X3(95);B-2(TH)","T",1,2,0,0,0,"F"
1,1,1,2,"SSBS","","genns001","","K","T",1,0,0,2,0,"F"
1,2,2,2,"FFBBC","","genns001","","K","T",1,0,0,2,0,"F"
0,0,0,2,"SCFS","","","","K","T",1,0,0,0,0,"F"
0,1,0,2,"CCX","","","","S7/G","T",0,1,0,0,0,"F"
0,1,2,1,"BBCX","chacj001","","","D7/L+.1-3","T",0,2,3,0,0,"F"
0,1,3,0,"VVVV","","millb002","chacj001","IW","T",0,1,0,2,3,"F"
0,1,0,2,"FFS","thame001","millb002","chacj001","K","T",1,0,1,2,3,"F"
0,2,2,2,"FBSF*BC","thame001","millb002","chacj001","K","T",1,0,1,2,3,"F"
1,0,3,2,"BBBCSB","","","","W","T",0,1,0,0,0,"F"
1,0,3,2,"BBBCFF1>F>F>B","duvaa001","","","W.1-2","T",0,1,2,0,0,"F"
1,0,0,2,"CLX","casac001","duvaa001","","S5/BG.2-3;1-2","T",0,1,2,3,0,"F"
1,0,0,2,"CFFX","mahlt001","casac001","duvaa001","8/L+/SF.3-H","T",1,0,1,2,4,"F"
1,1,2,2,"BCBFX","mahlt001","casac001","","14(1)/FO/G.2-3","T",1,1,0,3,0,"F"
1,2,0,2,"FF1X","peraj003","","casac001","7/F","T",1,0,1,0,3,"F"
0,0,3,2,"BBCBCFX","","","","E5/G","T",0,1,0,0,0,"F"
0,0,0,1,"MX","pereh001","","","D7/L.1-H(UR);B-3(TH)","T",0,3,5,0,0,"F"
0,0,2,1,"SBBX","","","villj001","63/G","T",1,0,0,0,3,"F"
0,1,2,2,"*BC*BFX","","","villj001","43/G.3-H(UR)","T",1,0,0,0,5,"F"
0,2,0,2,"CSX","","","","S49/G","T",0,1,0,0,0,"F"
0,2,0,2,"..CFC","arcio002","","","K","T",1,0,1,0,0,"F"
1,0,0,0,"..X","","","","S7/L","T",0,1,0,0,0,"F"
1,0,1,2,"BCS1X","genns001","","","S9/L.1-2","T",0,1,2,0,0,"F"
1,0,0,0,"B","suare001","genns001","","WP.2-3;1-2","F",0,0,2,3,0,"F"
1,0,3,2,"B.BCBSFB","","suare001","genns001","W","T",0,1,0,2,3,"F"
1,0,0,0,"X","winkj002","suare001","genns001","9/F","T",1,0,1,2,3,"F"
1,1,1,2,".BSFX","winkj002","suare001","genns001","S9/L.3-H;2-3;1-2","T",0,1,2,3,4,"F"
1,1,1,2,".BCCS","barnt001","winkj002","suare001","K","T",1,0,1,2,3,"F"
1,2,1,1,"BFX","barnt001","winkj002","suare001","31/G","T",1,0,1,2,3,"F"
0,0,3,2,"..BFCBFBFB","","","","W","T",0,1,0,0,0,"F"
0,0,0,2,"CS1FX","thame001","","","13/G-.1-2","T",1,0,2,0,0,"F"
0,1,0,2,"CSS","","thame001","","K","T",1,0,0,2,0,"F"
0,2,0,2,"CCS","","thame001","","K","T",1,0,0,2,0,"F"
1,0,3,2,"BCBSFBX","","","","S7/G","T",0,1,0,0,0,"F"
1,0,3,2,".11SC11B1BFB>B","peraj003","","","W.1-2","T",0,1,2,0,0,"F"
1,0,1,1,"BCX","vottj001","peraj003","","D7/L.2-H;1-3","T",0,2,3,4,0,"F"
1,0,3,0,"VVVV","","genns001","vottj001","IW","T",0,1,0,2,3,"F"
1,0,0,1,"CX","suare001","genns001","vottj001","S7/G+.3-H;2-3;1-2","T",0,1,2,3,4,"F"
1,0,1,0,"...BX","winkj002","suare001","genns001","S7/L.3-H;2-H;1-2","T",0,1,2,4,4,"F"
1,0,3,2,"BFBBFX","duvaa001","winkj002","","S8/G.2-3;1-2","T",0,1,2,3,0,"F"
1,0,1,0,"..BX","barnt001","duvaa001","hamib001","HR/78/F.3-H;2-H;1-H","T",0,4,4,4,4,"F"
1,0,1,0,"BX","","","","5/P5F","T",1,0,0,0,0,"F"
1,1,1,2,"BFCS","","","","K","T",1,0,0,0,0,"F"
1,2,2,1,"BSBX","","","","43/G","T",1,0,0,0,0,"F"
0,0,1,1,"...BCX","","","","9/L","T",1,0,0,0,0,"F"
0,1,3,2,"CBBFBX","","","","43/G+","T",1,0,0,0,0,"F"
0,2,2,2,"BCBCX","","","","13/G-","T",1,0,0,0,0,"F"
1,0,3,1,"..CBBBB","","","","W","T",0,1,0,0,0,"F"
1,0,0,2,"CCFC","genns001","","","K","T",1,0,1,0,0,"F"
1,1,0,0,"X","genns001","","","S8/L.1-2","T",0,1,2,0,0,"F"
1,1,3,1,"BBBCX","hamib001","genns001","","S7/G.2-H;1-3(E7/TH);B-2","T",0,2,3,4,0,"F"
1,1,0,1,"FX","","duvaa001","hamib001","8/F/SF.3-H(UR)","T",1,0,0,2,5,"F"
1,2,1,1,"CBX","","duvaa001","","63/G","T",1,0,0,2,0,"F"
0,0,1,2,".CBCS","","","","K","T",1,0,0,0,0,"F"
0,1,2,2,"BBCFFC","","","","K","T",1,0,0,0,0,"F"
0,2,0,2,"SSS","","","","K","T",1,0,0,0,0,"F"
0,0,2,1,"BSBX","","","","5/P","T",1,0,0,0,0,"T"
0,1,1,2,"BSSS","","","","K","T",1,0,0,0,0,"F"
0,2,0,0,"X","","","","53/G","T",1,0,0,0,0,"F"
1,0,3,2,"BBFFBX","","","","DGR/8/F","T",0,2,0,0,0,"F"
1,0,3,2,"F*BFFBBB","","peraj003","","W+WP.2-3","T",0,1,0,3,0,"F"
1,0,3,1,"CBBBX","barnt001","","peraj003","D9/L+.3-H;1-3","T",0,2,3,0,4,"F"
1,0,0,1,"CX","","vottj001","barnt001","S9/L+.3-H;2-3","T",0,1,0,3,4,"F"
1,0,1,2,"SBFX","suare001","","vottj001","S7/G+.3-H;1-2","T",0,1,2,0,4,"F"
1,0,3,2,"*BCF*B2BFB","sches001","suare001","","W.2-3;1-2","T",0,1,2,3,0,"F"
1,0,1,2,"BSCC","duvaa001","sches001","suare001","K","T",1,0,1,2,3,"F"
1,1,0,2,"FFS","duvaa001","sches001","suare001","K","T",1,0,1,2,3,"F"
1,2,1,2,"SBCFS","duvaa001","sches001","suare001","K","T",1,0,1,2,3,"F"
0,0,0,1,"CX","","","","9/F","T",1,0,0,0,0,"F"
0,1,0,2,"CFS","","","","K","T",1,0,0,0,0,"F"
0,2,1,1,"CBX","","","","6/P","T",1,0,0,0,0,"F"
1,0,0,0,"X","","","","7/L","T",1,0,0,0,0,"F"
1,1,1,0,"BX","","","","S6/P","T",0,1,0,0,0,"F"
1,1,3,2,"BCFBB1>F>B","barnt001","","","W.1-2","T",0,1,2,0,0,"F"
1,1,2,2,"CCB*BX","vottj001","barnt001","","46(1)3/GDP","T",2,0,0,2,0,"F"
0,0,2,2,"BBFSC","","","","K","T",1,0,0,0,0,"F"
0,1,2,2,"BBFFX","","","","4/P","T",1,0,0,0,0,"F"
0,2,2,2,"BCSBS","","","","K","T",1,0,0,0,0,"F"
1,0,0,0,"X","","","","8/F","T",1,0,0,0,0,"F"
1,1,1,2,"SCBX","","","","5/L","T",1,0,0,0,0,"F"
1,2,0,2,"CFS","","","","K","T",1,0,0,0,0,"F"
0,0,1,2,"CBFS","","","","K","T",1,0,0,0,0,"F"
0,1,1,0,"BX","","","","31/G","T",1,0,0,0,0,"F"
0,2,1,1,"CBX","","","","43/G","T",1,0,0,0,0,"F"
1,0,3,2,"CBCBFBFFFS","","","","K","T",1,0,0,0,0,"F"
1,1,0,2,"SFX","","","","53/G","T",1,0,0,0,0,"F"
1,2,3,1,"BBBCX","","","","9/L","T",1,0,0,0,0,"F"
0,0,1,1,"CBX","","","","S7/G","T",0,1,0,0,0,"F"
0,0,2,1,"S*BBX","shawt001","","","8/F","T",1,0,1,0,0,"F"
0,1,3,2,"BFBSBS","shawt001","","","K","T",1,0,1,0,0,"F"
0,2,1,2,"BCFX","shawt001","","","13/G","T",1,0,1,0,0,"F"
1,0,1,1,"BFX","","","","31/G","T",1,0,0,0,0,"F"
1,1,1,1,"CBX","","","","7/L+","T",1,0,0,0,0,"F"
1,2,0,2,"CSX","","","","8/F","T",1,0,0,0,0,"F"
0,0,0,2,"CCFX","","","","63/G","T",1,0,0,0,0,"F"
0,1,1,1,".BFX","","","","13/G","T",1,0,0,0,0,"F"
0,2,0,2,"FFX","","","","S8/G","T",0,1,0,0,0,"F"
0,2,1,2,".*BSCFX","millb002","","","8/F","T",1,0,1,0,0,"F"
1,0,1,1,"..FBX","","","","43/G","T",1,0,0,0,0,"F"
1,1,1,0,"BH","","","","HP","T",0,1,0,0,0,"F"
1,1,1,2,"CF*BX","duvaa001","","","S8/L.1-3","T",0,1,3,0,0,"F"
1,1,1,1,".CBX","blana002","","duvaa001","S9/L.3-H;1-2","T",0,1,2,0,4,"F"
1,1,0,2,"CCX","winkj002","blana002","","S5/G.2-3;1-2","T",0,1,2,3,0,"F"
1,1,1,2,"CFFBFX","hamib001","winkj002","blana002","HR/78/F.3-H;2-H;1-H","T",0,4,4,4,4,"F"
1,1,3,2,"BCBSBX","","","","6/P","T",1,0,0,0,0,"F"
1,2,0,0,"X","","","","S8/L","T",0,1,0,0,0,"F"
1,2,1,2,"*BFCS","vottj001","","","K","T",1,0,1,0,0,"F"
0,0,1,2,".BCSFFX","","","","53/G","T",1,0,0,0,0,"F"
0,1,0,0,"X","","","","S7/G","T",0,1,0,0,0,"F"
0,1,2,2,"CS*B*BT","shawt001","","","K","T",1,0,1,0,0,"F"
0,2,3,2,"FB*BF*B>B","shawt001","","","W.1-2","T",0,1,2,0,0,"F"
0,2,1,2,"FBCFS","villj001","shawt001","","K","T",1,0,1,2,0,"F"
1,0,0,0,"X","","","","3/G","T",1,0,0,0,0,"F"
1,1,1,2,"FBFS","","","","K","T",1,0,0,0,0,"F"
1,2,2,0,"BBX","","","","8/F","T",1,0,0,0,0,"F"
0,0,0,0,".X","","","","3/P3F","T",1,0,0,0,0,"F"
0,1,3,2,"BFCBFBX","","","","63/G","T",1,0,0,0,0,"F"
0,2,2,2,"BCFBX","","","","63/G","T",1,0,0,0,0,"F"
1,0,0,1,".CX","","","","9/F","T",1,0,0,0,0,"F"
1,1,1,0,"BX","","","","5/P5F","T",1,0,0,0,0,"F"
1,2,2,2,"BFCBT","","","","K","T",1,0,0,0,0,"F"
0,0,3,0,"..BBBB","","","","W","T",0,1,0,0,0,"F"
0,0,2,2,"BBFFFX","thame001","","","HR/8/F.1-H","T",0,4,4,0,0,"F"
0,0,1,0,"BX","","","","8/L+","T",1,0,0,0,0,"F"
0,1,2,2,"BSBSS","","","","K","T",1,0,0,0,0,"F"
0,2,0,0,"X","","","","31/G","T",1,0,0,0,0,"F"
0,0,2,2,"BSFBS","","","","K","T",1,0,0,0,0,"T"
0,1,0,2,"FCX","","","","D5/P","T",0,2,0,0,0,"F"
0,1,1,2,"FS*BFX","","sancc001","","4/P","T",1,0,0,2,0,"F"
0,2,2,2,"SBSBS","","sancc001","","K","T",1,0,0,2,0,"F"
1,0,0,0,"X","","","","HR/9/F","T",0,4,0,0,0,"F"
1,0,0,0,"X","","","","7/F","T",1,0,0,0,0,"F"
1,1,3,2,"CBBBCFS","","","","K","T",1,0,0,0,0,"F"
1,2,0,1,"CX","","","","S9/L+","T",0,1,0,0,0,"F"
1,2,3,2,"CFBBB>B","genns001","","","W.1-2","T",0,1,2,0,0,"F"
1,2,3,1,"BBBCB","suare001","genns001","","W.2-3;1-2","T",0,1,2,3,0,"F"
1,2,1,1,"CBX","winkj002","suare001","genns001","4/P","T",1,0,1,2,3,"F"
0,0,0,2,"CSX","","","","63/G","T",1,0,0,0,0,"F"
0,1,1,2,"FFBX","","","","3/G","T",1,0,0,0,0,"F"
0,2,1,2,"BSTS","","","","K","T",1,0,0,0,0,"F"
1,0,1,2,"CSBS","","","","K","T",1,0,0,0,0,"F"
1,1,0,0,"X","","","","5/P","T",1,0,0,0,0,"F"
1,2,3,1,"BBTBX","","","","3/L","T",1,0,0,0,0,"F"
0,0,0,2,"CSS","","","","K23","T",1,0,0,0,0,"F"
0,1,1,2,"CFBX","","","","S7/L","T",0,1,0,0,0,"F"
0,1,2,1,"S*B*BX","shiej002","","","8/L+","T",1,0,1,0,0,"F"
0,2,0,0,"X","shiej002","","","43/G","T",1,0,1,0,0,"F"
1,0,0,0,"X","","","","9/L","T",1,0,0,0,0,"F"
1,1,0,0,"X","","","","7/F","T",1,0,0,0,0,"F"
1,2,3,0,"BBBB","","","","W","T",0,1,0,0,0,"F"
1,2,2,0,"11BBX","genns001","","","7/F","T",1,0,1,0,0,"F"
0,0,2,2,"BFBFS","","","","K","T",1,0,0,0,0,"F"
0,1,3,1,"BBFBX","","","","E9/L+","T",0,1,0,0,0,"F"
0,1,0,1,"SX","palkd001","","","8/F+","T",1,0,1,0,0,"F"
0,2,1,2,"FFBX","palkd001","","","S7/G.1-2","T",0,1,2,0,0,"F"
0,2,0,1,"FX","narvo001","palkd001","","54(1)/FO/G","T",1,1,0,2,0,"F"
1,0,2,1,"BCBX","","","","9/L+","T",1,0,0,0,0,"F"
1,1,1,2,"BFFX","","","","8/F","T",1,0,0,0,0,"F"
1,2,2,2,"BFFBX","","","","13/G-","T",1,0,0,0,0,"F"
0,0,1,2,"SSBX","","","","63/G","T",1,0,0,0,0,"F"
0,1,0,2,"CCX","","","","53/G","T",1,0,0,0,0,"F"
0,2,2,2,"BFSBX","","","","D9/L","T",0,2,0,0,0,"F"
0,2,2,1,"BBCX","","moncy001","","7/F","T",1,0,0,2,0,"F"
1,0,1,2,"LBCS","","","","K23","T",1,0,0,0,0,"F"
1,1,1,0,"BX","","","","D9/L","T",0,2,0,0,0,"F"
1,1,1,1,"BCX","","sches001","","7/F","T",1,0,0,2,0,"F"
1,2,3,1,"BBBFX","","sches001","","9/L+","T",1,0,0,2,0,"F"
0,0,1,2,"FFBX","","","","53/G","T",1,0,0,0,0,"F"
0,1,3,2,"CBBSFBS","","","","K","T",1,0,0,0,0,"F"
0,2,0,2,"SFFX","","","","S7/L","T",0,1,0,0,0,"F"
0,2,0,2,"CCFX","garca003","","","8/F","T",1,0,1,0,0,"F"
1,0,1,2,"CFBX","","","","13/G-","T",1,0,0,0,0,"F"
1,1,0,1,"CX","","","","53/G","T",1,0,0,0,0,"F"
1,2,0,0,"X","","","","3/L","T",1,0,0,0,0,"F"
0,0,1,0,"BX","","","","63/G","T",1,0,0,0,0,"F"
0,1,1,2,"FBFX","","","","S7/L","T",0,1,0,0,0,"F"
0,1,0,0,"X","engea001","","","34/BG/SH.1-2","T",1,0,2,0,0,"F"
0,2,0,1,"..S+2X","","engea001","","D7/L+.2-H","T",0,2,0,4,0,"F"
0,2,3,1,"BFBBX","","moncy001","","S5/G.2-H","T",0,1,0,4,0,"F"
0,2,0,2,"..1CF11>B","sancc001","","","SB2","F",0,0,2,0,0,"F"
0,2,1,2,"..1CF11>B.FS","","sancc001","","K","T",1,0,0,2,0,"F"
1,0,1,1,".CBX","","","","9/F","T",1,0,0,0,0,"F"
1,1,0,0,"X","","","","S7/L","T",0,1,0,0,0,"F"
1,1,0,0,"X","duvaa001","","","36(1)/FO/G","T",1,1,0,0,0,"F"
1,2,3,1,"P11BF1BB","hamib001","","","W.1-2","T",0,1,2,0,0,"F"
1,2,3,0,".BBBB","sches001","hamib001","","W.2-3;1-2","T",0,1,2,3,0,"F"
1,2,3,0,".BBBX","barnt001","sches001","hamib001","8/F","T",1,0,1,2,3,"F"
0,0,1,1,"FBX","","","","8/F","T",1,0,0,0,0,"F"
0,1,3,2,"FBBBCFX","","","","HR/89/F","T",0,4,0,0,0,"F"
0,1,3,2,"CFBBFBFX","","","","D7/L","T",0,2,0,0,0,"F"
0,1,0,1,"..CX","","narvo001","","S8/G.2-3","T",0,1,0,3,0,"F"
0,1,0,1,"C>X","andet001","","narvo001","23/BG/SH.3-3;1-2","T",1,0,2,0,3,"F"
0,2,2,0,".BBX","","andet001","narvo001","63/G","T",1,0,0,2,3,"F"
1,0,1,1,".FBX","","","","S9/L+","T",0,1,0,0,0,"F"
1,0,0,2,"S1FX","genns001","","","D7/L+.1-3","T",0,2,3,0,0,"F"
1,0,2,2,"*BCC*BFFFS","","suare001","genns001","K","T",1,0,0,2,3,"F"
1,1,3,2,"CBCB*BB","","suare001","genns001","W","T",0,1,0,2,3,"F"
1,1,2,1,"BBCX","peraj003","suare001","genns001","FC3/G.3-H;2-3;1-2","T",0,1,2,3,4,"F"
1,1,1,0,"BX","duvaa001","peraj003","suare001","8/L/SF.3-H;2-3;1-2","T",1,0,2,3,4,"F"
1,2,2,2,".BBCCFX","","duvaa001","peraj003","D9/L.3-H;2-H","T",0,2,0,4,4,"F"
1,2,3,2,".BCBSBFB","","blana002","","W","T",0,1,0,2,0,"F"
1,2,3,2,"CCBBB>S","barnt001","blana002","","K","T",1,0,1,2,0,"F"
0,0,1,2,".BCSS","","","","K","T",1,0,0,0,0,"F"
0,1,1,2,"CFBX","","","","13/G-","T",1,0,0,0,0,"F"
0,2,1,2,"CBFS","","","","K","T",1,0,0,0,0,"F"
0,0,1,2,"BCFX","","","","7/F","T",1,0,0,0,0,"T"
0,1,0,2,"SCC","","","","K","T",1,0,0,0,0,"F"
0,2,2,2,"FSBBX","","","","63/G","T",1,0,0,0,0,"F"
1,0,2,0,"BBX","","","","T8/L+","T",0,3,0,0,0,"F"
1,0,1,1,"FBX","","","peraj003","HR/9/F.3-H","T",0,4,0,0,4,"F"
1,0,3,2,"BCBBSFB","","","","W","T",0,1,0,0,0,"F"
1,0,0,1,"SX","vottj001","","","HR/7/F.1-H","T",0,4,4,0,0,"F"
1,0,0,1,"CX","","","","D8/F+","T",0,2,0,0,0,"F"
1,0,2,2,"BB2CCFX","","winkj002","","53/G","T",1,0,0,2,0,"F"
1,1,0,2,"CFS","","winkj002","","K","T",1,0,0,2,0,"F"
1,2,0,1,"CX","","winkj002","","63/G","T",1,0,0,2,0,"F"
0,0,2,2,"BCBSC","","","","K","T",1,0,0,0,0,"F"
0,1,2,1,"BBFX","","","","63/G","T",1,0,0,0,0,"F"
0,2,1,1,"CBX","","","","E5/G","T",0,1,0,0,0,"F"
0,2,0,2,"FC1>X","andet001","","","63/G-","T",1,0,1,0,0,"F"
1,0,2,2,"BBFFFX","","","","5/P2F","T",1,0,0,0,0,"F"
1,1,1,0,"BX","","","","3/P3F","T",1,0,0,0,0,"F"
1,2,0,0,"X","","","","9/F","T",1,0,0,0,0,"F"
0,0,1,0,"BX","","","","7/L+","T",1,0,0,0,0,"F"
0,1,0,2,"CCS","","","","K","T",1,0,0,0,0,"F"
0,2,3,0,"BBBB","","","","W","T",0,1,0,0,0,"F"
0,2,0,2,"CFFX","moncy001","","","6/P","T",1,0,1,0,0,"F"
1,0,3,2,"FBBBCS","","","","K","T",1,0,0,0,0,"F"
1,1,3,2,"BBFTBB","","","","W","T",0,1,0,0,0,"F"
1,1,2,2,"BBC1F1FX","suare001","","","46(1)/FO/G","T",1,1,0,0,0,"F"
1,2,0,2,"SCX","winkj002","","","7/L","T",1,0,1,0,0,"F"
0,0,1,1,"CBX","","","","S67/G+","T",0,1,0,0,0,"F"
0,0,0,2,"FFX","garca003","","","HR/8/F.1-H","T",0,4,4,0,0,"F"
0,0,1,0,"BX","","","","53/G","T",1,0,0,0,0,"F"
0,1,0,1,"CX","","","","S8/L","T",0,1,0,0,0,"F"
0,1,2,2,"1F1S1P+1*B>F1FX","andet001","","","64(1)3/GDP","T",2,0,0,0,0,"F"
1,0,2,2,"BBCSS","","","","K","T",1,0,0,0,0,"F"
1,1,0,1,"CX","","","","S8/F","T",0,1,0,0,0,"F"
1,1,1,2,"FFBX","desca001","","","56(1)/FO/G-","T",1,1,0,0,0,"F"
1,2,0,1,"1CX","hamib001","","","S8/G.1-3","T",0,1,3,0,0,"F"
1,2,0,2,"FFX","peraj003","","hamib001","6/L","T",1,0,1,0,3,"F"
0,0,2,2,"CBBSC","","","","K","T",1,0,0,0,0,"F"
0,1,1,2,"CSBFS","","","","K","T",1,0,0,0,0,"F"
0,2,0,1,"CX","","","","43/G","T",1,0,0,0,0,"F"
1,0,0,0,"X","","","","13/G-","T",1,0,0,0,0,"F"
1,1,3,1,"CBBBB","","","","W","T",0,1,0,0,0,"F"
1,1,2,2,"BBFFX","suare001","","","S8/L.1-2","T",0,1,2,0,0,"F"
1,1,1,0,"BX","winkj002","suare001","","HR/78/F.2-H;1-H","T",0,4,4,4,0,"F"
1,1,0,0,"X","","","","8/F","T",1,0,0,0,0,"F"
1,2,0,0,"X","","","","E5/G","T",0,1,0,0,0,"F"
1,2,1,0,"BX","desca001","","","8/F","T",1,0,1,0,0,"F"
0,0,2,2,"CBBFX","","","","3/L","T",1,0,0,0,0,"F"
0,1,2,0,"BBX","","","","HR/7/F","T",0,4,0,0,0,"F"
0,1,0,1,"CX","","","","HR/8/F","T",0,4,0,0,0,"F"
0,1,0,2,"SCX","","","","S5/G-","T",0,1,0,0,0,"F"
0,1,1,0,".BX","smitk002","","","S9/G.1-2","T",0,1,2,0,0,"F"
0,1,0,2,"FCFX","andet001","smitk002","","D9/F.2-H;1-3","T",0,2,3,4,0,"F"
0,1,1,2,"SF*BFX","","davim005","andet001","53/G.3-H;2-3","T",1,0,0,3,4,"F"
0,2,1,2,".BCFX","","","davim005","31/G","T",1,0,0,0,3,"F"
1,0,1,2,".CSFFBFX","","","","63/G","T",1,0,0,0,0,"F"
1,1,3,2,"CBSBBFS","","","","K","T",1,0,0,0,0,"F"
1,2,2,2,"BCBCS","","","","K","T",1,0,0,0,0,"F"
0,0,1,2,"CCBX","","","","S8/G+","T",0,1,0,0,0,"F"
0,0,0,1,"CX","moncy001","","","46(1)/FO/G","T",1,1,0,0,0,"F"
0,1,2,2,"CF*BF*BS","sancc001","","","K","T",1,0,1,0,0,"F"
0,2,0,2,".CCS","sancc001","","","K","T",1,0,1,0,0,"F"
1,0,0,2,".CFS","","","","K","T",1,0,0,0,0,"F"
1,1,3,0,"BBBB","","","","W","T",0,1,0,0,0,"F"
1,1,1,1,"BCX","winkj002","","","8/F","T",1,0,1,0,0,"F"
1,2,0,0,"X","winkj002","","","S7/G.1-2","T",0,1,2,0,0,"F"
1,2,1,2,".FS*BFX","casac001","winkj002","","13/G","T",1,0,1,2,0,"F"
0,0,1,2,"..BCSX","","","","S4/G","T",0,1,0,0,0,"F"
0,0,0,0,">X","smitk002","","","53/G-.1-2","T",1,0,2,0,0,"F"
0,1,3,2,"BBCBSB","","smitk002","","W","T",0,1,0,2,0,"F"
0,1,0,0,"X","davim005","smitk002","","9/F9LF.2-3","T",1,0,1,3,0,"F"
0,2,1,2,".FSFBFX","davim005","","smitk002","S9/L.3-H;1-2","T",0,1,2,0,4,"F"
0,2,3,2,"BCBSB>S","garcl004","davim005","","K","T",1,0,1,2,0,"F"
1,0,0,2,".FSX","","","","S9/L","T",0,1,0,0,0,"F"
1,0,0,1,"1LX","hamib001","","","13/BG/SH.1-2","T",1,0,2,0,0,"F"
1,1,1,1,"BC>C","","hamib001","","SB3","F",0,0,0,3,0,"F"
1,1,1,2,"BC>C.X","","","hamib001","63/G.3-H(NR)","T",1,0,0,0,4,"F"
1,2,0,0,"X","","","","9/L","T",1,0,0,0,0,"F"
0,0,0,2,".CFS","","","","K","T",1,0,0,0,0,"F"
0,1,1,0,"BX","","","","HR/78/F","T",0,4,0,0,0,"F"
0,1,0,2,"SSX","","","","43/G","T",1,0,0,0,0,"F"
0,2,2,2,"BSBFX","","","","8/L","T",1,0,0,0,0,"F"
1,0,2,0,"BBX","","","","9/F","T",1,0,0,0,0,"F"
1,1,0,2,".CSS","","","","K23","T",1,0,0,0,0,"F"
1,2,1,1,"BCX","","","","53/G-","T",1,0,0,0,0,"F"
0,0,0,1,".SX","","","","7/F","T",1,0,0,0,0,"F"
0,1,2,2,"CBCBS","","","","K","T",1,0,0,0,0,"F"
0,2,1,2,"SBSFX","","","","3/G","T",1,0,0,0,0,"F"
1,0,2,1,"..SBBX","","","","4/L","T",1,0,0,0,0,"F"
1,1,2,2,"SSBFBS","","","","K","T",1,0,0,0,0,"F"
1,2,3,2,"FBFBBFC","","","","K","T",1,0,0,0,0,"F"
0,0,1,2,"..CBFX","","","","43/G","T",1,0,0,0,0,"F"
0,1,2,1,"BBFX","","","","S7/L","T",0,1,0,0,0,"F"
0,1,2,1,"BBS>B","moncy001","","","SB2","F",0,0,2,0,0,"F"
0,1,3,1,"BBS>B.B","","moncy001","","W","T",0,1,0,2,0,"F"
0,1,2,2,"*BBCSFS","sancc001","moncy001","","K","T",1,0,1,2,0,"F"
0,2,1,2,".C*BSX","sancc001","moncy001","","E6/G.2-3;1-2","T",0,1,2,3,0,"F"
0,2,2,2,"..C*BSBX","palkd001","sancc001","moncy001","43/G","T",1,0,1,2,3,"F"
1,0,3,2,"..CBBFFBC","","","","K","T",1,0,0,0,0,"F"
1,1,2,2,"BCFBS","","","","K","T",1,0,0,0,0,"F"
1,2,3,2,"CBBCFBB","","","","W","T",0,1,0,0,0,"F"
1,2,1,2,"FBFT","vottj001","","","K","T",1,0,1,0,0,"F"
0,0,3,1,"BBFBX","","","","E4/G","T",0,1,0,0,0,"F"
0,0,1,0,"B1>P","andet001","","","SB2","F",0,0,2,0,0,"F"
0,0,3,2,"B1>P.C*BFF*B","","andet001","","W","T",0,1,0,2,0,"F"
0,0,1,1,"L2BX","davim005","andet001","","E5/TH/BG/SH.2-3;1-2","T",0,1,2,3,0,"F"
0,0,2,2,"F*BF*BX","engea001","davim005","andet001","3/L","T",1,0,1,2,3,"F"
0,1,3,1,"BBBCX","engea001","davim005","andet001","T9/L+.3-H(UR);2-H(UR);1-H(UR)","T",0,3,5,5,5,"F"
0,1,0,2,"SCFX","","","moncy001","T9/F.3-H(UR)","T",0,3,0,0,5,"F"
0,1,3,0,"BBBB","","","sancc001","W","T",0,1,0,0,3,"F"
0,1,3,0,".VVVV","garca003","","sancc001","IW.1-2","T",0,1,2,0,3,"F"
0,1,0,0,"X","palkd001","garca003","sancc001","6(1)3/GDP","T",2,0,0,2,3,"F"
1,0,2,2,"BCBFFFS","","","","K","T",1,0,0,0,0,"F"
1,1,0,2,"FFFC","","","","K","T",1,0,0,0,0,"F"
1,2,2,2,"BBFCFC","","","","K","T",1,0,0,0,0,"F"
0,0,1,2,"CBSS","","","","K23","T",1,0,0,0,0,"T"
0,1,1,2,"BFFFX","","","","7/L","T",1,0,0,0,0,"F"
0,2,1,2,"BCFS","","","","K","T",1,0,0,0,0,"F"
1,0,3,2,"FBFFFBBX","","","","53/G","T",1,0,0,0,0,"F"
1,1,0,0,"X","","","","63/G+","T",1,0,0,0,0,"F"
1,2,2,2,"BCCBS","","","","K","T",1,0,0,0,0,"F"
0,0,1,0,"BX","","","","53/G-","T",1,0,0,0,0,"F"
0,1,3,2,"BCFBFBFS","","","","K","T",1,0,0,0,0,"F"
0,2,0,0,"X","","","","53/G","T",1,0,0,0,0,"F"
1,0,1,0,"BX","","","","8/F","T",1,0,0,0,0,"F"
1,1,2,2,"CBFFBFFS","","","","K","T",1,0,0,0,0,"F"
1,2,2,2,"CCBBX","","","","63/G","T",1,0,0,0,0,"F"
0,0,1,2,"CSBFFX","","","","S5/G-","T",0,1,0,0,0,"F"
0,0,0,1,"CX","andet001","","","4/P","T",1,0,1,0,0,"F"
0,1,2,2,"FL*B*B>M","andet001","","","K+SB2","T",1,0,2,0,0,"F"
0,2,3,2,"BCF*BBX","","andet001","","HR/8/F.2-H","T",0,4,0,4,0,"F"
0,2,2,2,"BCSBFX","","","","31/G","T",1,0,0,0,0,"F"
1,0,2,2,"CFBBX","","","","63/G","T",1,0,0,0,0,"F"
1,1,3,2,"BCCBFBX","","","","8/L","T",1,0,0,0,0,"F"
1,2,3,2,"BBCSBX","","","","3/G","T",1,0,0,0,0,"F"
0,0,1,1,"BSX","","","","53/G","T",1,0,0,0,0,"F"
0,1,0,1,"CX","","","","8/L+","T",1,0,0,0,0,"F"
0,2,3,1,"SBBBX","","","","HR/89/F","T",0,4,0,0,0,"F"
0,2,3,2,"BBCCFBX","","","","S8/G","T",0,1,0,0,0,"F"
0,2,2,0,"BBX","smitk002","","","53/G","T",1,0,1,0,0,"F"
1,0,3,2,"BCBBCFFB","","","","W","T",0,1,0,0,0,"F"
1,0,1,0,"BX","sches001","","","8/F","T",1,0,1,0,0,"F"
1,1,3,1,"BCBBX","sches001","","","S7/L.1-2","T",0,1,2,0,0,"F"
1,1,2,2,"BCFBFX","vottj001","sches001","","S8/L.2-H;1-2","T",0,1,2,4,0,"F"
1,1,0,0,"X","genns001","vottj001","","S8/L+.2-3;1-2","T",0,1,2,3,0,"F"
1,1,1,0,"BX","suare001","genns001","vottj001","S8/G+.3-H;2-H;1-2","T",0,1,2,4,4,"F"
1,1,0,1,"FH","winkj002","suare001","","HP.2-3;1-2","T",0,1,2,3,0,"F"
1,1,1,0,"BX","duvaa001","winkj002","suare001","S8/G+.3-H;2-H;1-3;B-2(TH)","T",0,2,3,4,4,"F"
1,1,2,0,"BB>X","","peraj003","duvaa001","13/BG/SH.3-H;2-3","T",1,0,0,3,4,"F"
1,2,0,2,".CCS","","","peraj003","K","T",1,0,0,0,3,"F"
0,0,3,1,"FBBBX","","","","S7/L+","T",0,1,0,0,0,"F"
0,0,0,2,"MMO","engea001","","","K","T",1,0,1,0,0,"F"
0,1,1,2,"C1B+1CFS","engea001","","","K+WP.1-2","T",1,0,2,0,0,"F"
0,2,3,2,"BSFBBFX","","engea001","","D7/L.2-H","T",0,2,0,4,0,"F"
0,2,2,2,"CBBSFX","","sancc001","","43/G","T",1,0,0,2,0,"F"
1,0,1,2,"FBFC","","","","K","T",1,0,0,0,0,"F"
1,1,1,2,"CCBS","","","","K","T",1,0,0,0,0,"F"
1,2,3,2,"FBBCFBX","","","","3/G","T",1,0,0,0,0,"F"
0,0,1,0,".BX","","","","D7/L+","T",0,2,0,0,0,"F"
0,0,3,2,"SBSBBS","","garca003","","K","T",1,0,0,2,0,"F"
0,1,2,2,"BBFFX","","garca003","","63/G","T",1,0,0,2,0,"F"
0,2,1,2,"BFTFFFS","","garca003","","K","T",1,0,0,2,0,"F"
1,0,0,0,"..X","","","","5/L","T",1,0,0,0,0,"F"
1,1,2,2,"BCBFX","","","","D7/F+","T",0,2,0,0,0,"F"
1,1,1,2,"BSSFS","","winkj002","","K","T",1,0,0,2,0,"F"
1,2,3,0,"B*BBB","","winkj002","","W","T",0,1,0,2,0,"F"
1,2,2,2,"..SC*B*BFS","peraj003","hamib001","","K23","T",1,0,1,2,0,"F"
0,0,0,1,"...CX","","","","S8/G+","T",0,1,0,0,0,"F"
0,0,3,2,"BB1BC1F>F>S","engea001","","","K+CS2(26)/DP","T",2,0,0,0,0,"F"
0,2,0,0,"X","","","","6/P","T",1,0,0,0,0,"F"
1,0,1,2,".FCBX","","","","7/F","T",1,0,0,0,0,"F"
1,1,0,1,"CX","","","","53/G","T",1,0,0,0,0,"F"
1,2,3,1,"BBBCX","","","","S7/L","T",0,1,0,0,0,"F"
1,2,1,1,"CBX","vottj001","","","9/L","T",1,0,1,0,0,"F"
0,0,1,2,"BFFC","","","","K","T",1,0,0,0,0,"F"
0,1,3,2,"BBBFF*B","","","","W","T",0,1,0,0,0,"F"
0,1,3,2,"..SB*BSBB","abrej003","","","W.1-2","T",0,1,2,0,0,"F"
0,1,0,2,"SCS","garca003","abrej003","","K","T",1,0,1,2,0,"F"
0,2,0,1,".FX","garca003","abrej003","","S8/G.2XH(82);1-2","T",1,1,2,0,0,"F"
1,0,3,2,".BCSBBX","","","","S7/G","T",0,1,0,0,0,"F"
1,0,0,0,"H","suare001","","","HP.1-2","T",0,1,2,0,0,"F"
1,0,2,2,"BCCBX","hamib001","suare001","","9/F","T",1,0,1,2,0,"F"
1,1,3,2,"BFC*BBFB","hamib001","suare001","","W.2-3;1-2","T",0,1,2,3,0,"F"
1,1,2,0,"BBX","peraj003","hamib001","suare001","E1/TH/FO/G.3-H(UR)(NR);2-3;1-2","T",0,1,2,3,5,"F"
1,1,2,2,"BFCBS","blana002","peraj003","hamib001","K","T",1,0,1,2,3,"F"
1,2,1,2,".FBCX","blana002","peraj003","hamib001","43/G","T",1,0,1,2,3,"F"
0,0,1,2,"BCFS","","","","K","T",1,0,0,0,0,"F"
0,1,2,2,"CBBSX","","","","53/G","T",1,0,0,0,0,"F"
0,2,2,2,"BBCFFFX","","","","63/G","T",1,0,0,0,0,"F"
0,0,1,1,"BCX","","","","8/L","T",1,0,0,0,0,"T"
0,1,0,1,"CX","","","","53/G","T",1,0,0,0,0,"F"
0,2,2,2,"BCBSFX","","","","7/F","T",1,0,0,0,0,"F"
1,0,1,2,"CFFFFBFX","","","","53/G","T",1,0,0,0,0,"F"
1,1,3,2,"CBBFBX","","","","7/F","T",1,0,0,0,0,"F"
1,2,2,2,"FFBBX","","","","9/L","T",1,0,0,0,0,"F"
0,0,1,1,"BFX","","","","S7/L","T",0,1,0,0,0,"F"
0,0,0,1,"FX","diaze005","","","S9/G.1-2","T",0,1,2,0,0,"F"
0,0,1,2,"CCF*BFS","morac001","diaze005","","K","T",1,0,1,2,0,"F"
0,1,1,2,"CTB2","morac001","diaze005","","PO2(E1).2-3;1-2","F",0,0,2,3,0,"F"
0,1,1,2,"CTB2.X","","morac001","diaze005","53/G","T",1,0,0,2,3,"F"
0,2,3,0,"VVVV","","morac001","diaze005","IW","T",0,1,0,2,3,"F"
0,2,2,2,"BFFBX","mercj002","morac001","diaze005","43/G","T",1,0,1,2,3,"F"
1,0,0,2,"CCX","","","","S8/L+","T",0,1,0,0,0,"F"
1,0,1,2,"C*BFFX","suare001","","","S7/G.1-2","T",0,1,2,0,0,"F"
1,0,2,2,"C*BBSX","winkj002","suare001","","53/G-.2-3;1-2","T",1,0,2,3,0,"F"
1,1,0,1,"CX","","winkj002","suare001","13/G-","T",1,0,0,2,3,"F"
1,2,0,1,"FX","","winkj002","suare001","13/G-","T",1,0,0,2,3,"F"
0,0,1,2,"CBFT","","","","K","T",1,0,0,0,0,"F"
0,1,0,0,"X","","","","D8/F+","T",0,2,0,0,0,"F"
0,1,0,1,"CX","","marts002","","7/F","T",1,0,0,2,0,"F"
0,2,2,2,"BCBSS","","marts002","","K","T",1,0,0,2,0,"F"
1,0,0,2,"SCS","","","","K23","T",1,0,0,0,0,"F"
1,1,2,2,"BSBCFX","","","","S4/G-","T",0,1,0,0,0,"F"
1,1,0,0,"X","peraj003","","","S9/L.1-2","T",0,1,2,0,0,"F"
1,1,1,2,"C*BFFS","barnt001","peraj003","","K","T",1,0,1,2,0,"F"
1,2,2,1,"SB*BX","barnt001","peraj003","","9/F","T",1,0,1,2,0,"F"
0,0,1,2,"BCSX","","","","S7/L","T",0,1,0,0,0,"F"
0,0,2,2,"CBBFB","morac001","","","WP.1-2","F",0,0,2,0,0,"F"
0,0,3,2,"CBBFB.B","","morac001","","W","T",0,1,0,2,0,"F"
0,0,3,2,"TSFFBBBX","bellj005","morac001","","S7/G.2-H;1-2","T",0,1,2,4,0,"F"
0,0,3,2,"BBBCFX","rodrs002","bellj005","","64(1)/FO/G.2-3","T",1,1,0,3,0,"F"
0,1,0,0,"X","mercj002","","bellj005","34/BG/SH.3-H;1-2","T",1,0,2,0,4,"F"
0,2,0,0,"X","","mercj002","","7/F","T",1,0,0,2,0,"F"
1,0,0,0,"X","","","","S94/F","T",0,1,0,0,0,"F"
1,0,2,2,"C*BBCS","winkj002","","","K","T",1,0,1,0,0,"F"
1,1,3,2,"S*BFBFBS","winkj002","","","K","T",1,0,1,0,0,"F"
1,2,3,2,"B*BCTB>T","winkj002","","","K","T",1,0,1,0,0,"F"
0,0,3,2,"BCBFFBX","","","","9/F","T",1,0,0,0,0,"F"
0,1,0,0,"X","","","","5/P5F","T",1,0,0,0,0,"F"
0,2,2,1,"BBFX","","","","6/L+","T",1,0,0,0,0,"F"
1,0,0,0,"X","","","","53/G-","T",1,0,0,0,0,"F"
1,1,0,1,"CX","","","","9/F","T",1,0,0,0,0,"F"
1,2,3,1,"CBBBX","","","","31/G","T",1,0,0,0,0,"F"
0,0,2,2,"BFFFFFBX","","","","S9/L","T",0,1,0,0,0,"F"
0,0,3,1,"BBSBB","morac001","","","W.1-2","T",0,1,2,0,0,"F"
0,0,0,0,"X","bellj005","morac001","","HR/7/F.2-H;1-H","T",0,4,4,4,0,"F"
0,0,0,0,"X","","","","7/L","T",1,0,0,0,0,"F"
0,1,2,2,"CBCFBX","","","","5/P","T",1,0,0,0,0,"F"
0,2,3,2,"BBTFBFFFX","","","","HR/9/F","T",0,4,0,0,0,"F"
0,2,0,0,".X","","","","53/G","T",1,0,0,0,0,"F"
1,0,3,2,"BCBBS*B","","","","W","T",0,1,0,0,0,"F"
1,0,1,2,"CCFFBFFS","genns001","","","K","T",1,0,1,0,0,"F"
1,1,2,1,"*BBSX","genns001","","","D98/F.1-H","T",0,2,4,0,0,"F"
1,1,1,2,".CBCS","","winkj002","","K","T",1,0,0,2,0,"F"
1,2,2,2,"SBS*BX","","winkj002","","43/G","T",1,0,0,2,0,"F"
0,0,1,1,".BCX","","","","T8/F","T",0,3,0,0,0,"F"
0,0,3,2,"BSBBFFX","","","polag001","S9/G+.3-H","T",0,1,0,0,4,"F"
0,0,2,2,"BFBFX","diaze005","","","9/L+","T",1,0,1,0,0,"F"
0,1,2,0,"BBX","diaze005","","","3(B)6(1)/GDP","T",2,0,0,0,0,"F"
1,0,2,2,"..SBSFBC","","","","K","T",1,0,0,0,0,"F"
1,1,0,2,"FCS","","","","K","T",1,0,0,0,0,"F"
1,2,1,2,"CBFX","","","","3/P9LF","T",1,0,0,0,0,"F"
0,0,2,0,".BBX","","","","S7/L","T",0,1,0,0,0,"F"
0,0,0,2,"CCX","rodrs002","","","S8/G.1-2","T",0,1,2,0,0,"F"
0,0,2,2,".BBFSFS","mercj002","rodrs002","","K","T",1,0,1,2,0,"F"
0,1,1,2,"FSBX","mercj002","rodrs002","","S9/L.2-3;1-2","T",0,1,2,3,0,"F"
0,1,1,1,"FBX","dickc002","mercj002","rodrs002","HR/78/F.3-H;2-H;1-H","T",0,4,4,4,4,"F"
0,1,0,0,"X","","","","31/G","T",1,0,0,0,0,"F"
0,2,0,2,"FCX","","","","S8/F","T",0,1,0,0,0,"F"
0,2,0,0,"X","diaze005","","","S8/L+.1-3","T",0,1,3,0,0,"F"
0,2,2,1,"BFBX","morac001","","diaze005","7/L","T",1,0,1,0,3,"F"
1,0,2,2,"...BBSCFFFS","","","","K","T",1,0,0,0,0,"F"
1,1,2,1,".BBFX","","","","S8/L","T",0,1,0,0,0,"F"
1,1,2,1,"BCBX","blana002","","","S7/G+.1-2","T",0,1,2,0,0,"F"
1,1,0,1,"FX","suare001","blana002","","46(1)3/GDP","T",2,0,0,2,0,"F"
0,0,3,2,"....CBBBF*B","","","","W","T",0,1,0,0,0,"F"
0,0,3,2,"FFFBBB*B","rodrs002","","","W.1-2","T",0,1,2,0,0,"F"
0,0,0,0,"X","morom001","rodrs002","","4(1)3/GDP.2-3","T",2,0,0,3,0,"F"
0,2,1,1,"..BCX","","","rodrs002","E4/G.3-H(NR)(UR)","T",0,1,0,0,5,"F"
0,2,1,0,"BX","dickc002","","","8/F","T",1,0,1,0,0,"F"
1,0,2,2,"BFFBS","","","","K","T",1,0,0,0,0,"F"
1,1,0,2,"SFX","","","","D9/F","T",0,2,0,0,0,"F"
1,1,1,2,"FFBX","","ervip001","","7/F","T",1,0,0,2,0,"F"
1,2,3,2,"FBFFFBBFS","","ervip001","","K","T",1,0,0,2,0,"F"
0,0,2,2,"BBFFX","","","","143/L","T",1,0,0,0,0,"T"
0,1,0,2,"FFX","","","","S7/L.BX2(74)","T",1,0,0,0,0,"F"
0,2,2,1,"BSBX","","","","7/F","T",1,0,0,0,0,"F"
1,0,3,2,"BSBFBB","","","","W","T",0,1,0,0,0,"F"
1,0,3,2,"*BF1FFBB>F*B","peraj003","","","W.1-2","T",0,1,2,0,0,"F"
1,0,2,0,"BBX","genns001","peraj003","","46(1)3/GDP.2-3","T",2,0,0,3,0,"F"
1,2,3,2,"CBBBCX","","","peraj003","8/F+","T",1,0,0,0,3,"F"
0,0,3,2,"BSBBTC","","","","K","T",1,0,0,0,0,"F"
0,1,2,2,"BSBFC","","","","K","T",1,0,0,0,0,"F"
0,2,0,2,"CCX","","","","S6/G","T",0,1,0,0,0,"F"
0,2,1,2,"CCBS","bellj005","","","K","T",1,0,1,0,0,"F"
1,0,0,1,"CX","","","","8/F","T",1,0,0,0,0,"F"
1,1,0,0,"X","","","","9/F","T",1,0,0,0,0,"F"
1,2,0,1,"CX","","","","9/L","T",1,0,0,0,0,"F"
0,0,3,2,"CBFBBS","","","","K","T",1,0,0,0,0,"F"
0,1,0,1,"CX","","","","9/F","T",1,0,0,0,0,"F"
0,2,0,0,"X","","","","HR/8/F","T",0,4,0,0,0,"F"
0,2,0,0,"X","","","","8/F","T",1,0,0,0,0,"F"
1,0,0,2,"CSS","","","","K","T",1,0,0,0,0,"F"
1,1,0,0,"X","","","","3/G","T",1,0,0,0,0,"F"
1,2,0,2,"CFX","","","","D7/G","T",0,2,0,0,0,"F"
1,2,1,1,"*BFX","","peraj003","","63/G","T",1,0,0,2,0,"F"
0,0,1,1,"BFX","","","","D9/L","T",0,2,0,0,0,"F"
0,0,0,1,"CX","","polag001","","53/G-.2-3","T",1,0,0,3,0,"F"
0,1,3,1,"BT*B*BB","","","polag001","W","T",0,1,0,0,3,"F"
0,1,0,0,"X","morac001","","polag001","D9/L+.3-H;1-3","T",0,2,3,0,4,"F"
0,1,2,2,"TBCBX","","bellj005","morac001","53/G-","T",1,0,0,2,3,"F"
0,2,3,0,"VVVV","","bellj005","morac001","IW","T",0,1,0,2,3,"F"
0,2,1,2,"FS*BS","mercj002","bellj005","morac001","K","T",1,0,1,2,3,"F"
1,0,1,2,"TBCC","","","","K","T",1,0,0,0,0,"F"
1,1,1,1,"CBX","","","","53/G","T",1,0,0,0,0,"F"
1,2,2,2,"BBSFFX","","","","S7/L","T",0,1,0,0,0,"F"
1,2,2,2,"BBCFX","winkj002","","","4/P","T",1,0,1,0,0,"F"
0,0,0,0,"X","","","","HR/9/F","T",0,4,0,0,0,"F"
0,0,0,2,"CFC","","","","K","T",1,0,0,0,0,"F"
0,1,0,1,".CX","","","","4/P","T",1,0,0,0,0,"F"
0,2,1,0,"BX","","","","D7/L+","T",0,2,0,0,0,"F"
0,2,1,1,"CBB","","diaze005","","WP.2-3","F",0,0,0,3,0,"F"
0,2,3,2,"CBB.BFC","","","diaze005","K","T",1,0,0,0,3,"F"
1,0,0,0,"X","","","","8/F","T",1,0,0,0,0,"F"
1,1,0,1,".SX","","","","E1/TH/G-","T",0,1,0,0,0,"F"
1,1,1,0,"BX","lorem002","","","8/L","T",1,0,1,0,0,"F"
1,2,1,0,"*B+1X","lorem002","","","43/G","T",1,0,1,0,0,"F"
0,0,0,0,".X","","","","S7/G","T",0,1,0,0,0,"F"
0,0,1,1,"CBX","bellj005","","","5/P5F","T",1,0,1,0,0,"F"
0,1,1,1,"CBX","bellj005","","","D7/L.1-3","T",0,2,3,0,0,"F"
0,1,2,2,"B*BSSX","","mercj002","bellj005","S8/G-.3-H;2-H","T",0,1,0,4,4,"F"
0,1,1,1,"BCX","kingn001","","","36(1)/FO/G","T",1,1,0,0,0,"F"
0,2,2,1,"BCB>S","dickc002","","","SB2","F",0,0,2,0,0,"F"
0,2,3,2,"BCB>S.BFX","","dickc002","","53/G-","T",1,0,0,2,0,"F"
1,0,0,0,"X","","","","43/G","T",1,0,0,0,0,"F"
1,1,0,0,"X","","","","9/F","T",1,0,0,0,0,"F"
1,2,1,2,"CBCS","","","","K","T",1,0,0,0,0,"F"
0,0,2,1,".BSBX","","","","4/P","T",1,0,0,0,0,"F"
0,1,2,2,"BCSBX","","","","6/P","T",1,0,0,0,0,"F"
0,2,2,2,"BFBSS","","","","K","T",1,0,0,0,0,"F"
1,0,0,0,"X","","","","S7/G","T",0,1,0,0,0,"F"
1,0,1,0,"BX","winkj002","","","3/P3F","T",1,0,1,0,0,"F"
1,1,3,2,"CS*BFB*BX","winkj002","","","HR/78/F.1-H","T",0,4,4,0,0,"F"
1,1,1,0,"..BX","","","","S7/G+","T",0,1,0,0,0,"F"
1,1,2,2,"FBSBC","ervip001","","","K","T",1,0,1,0,0,"F"
1,2,1,0,"BX","ervip001","","","5/L","T",1,0,1,0,0,"F"
0,0,2,2,".BCBFFX","","","","S4/G-","T",0,1,0,0,0,"F"
0,0,0,0,"X","bellj005","","","S5/BG.1-2","T",0,1,2,0,0,"F"
0,0,0,0,"X","rodrs002","bellj005","","53/BG/SH.2-3;1-2","T",1,0,2,3,0,"F"
0,1,0,1,".CX","","rodrs002","bellj005","FC4/G.3XH(42);2-3","T",1,1,0,3,0,"F"
0,2,2,1,"BBFB","freed001","","rodrs002","WP.3-H(NR);1-2","F",0,0,2,0,4,"F"
0,2,3,1,"BBFB.X","","freed001","","8/L","T",1,0,0,2,0,"F"
1,0,1,2,".BFSFFS","","","","K","T",1,0,0,0,0,"F"
1,1,1,1,"BCX","","","","8/L+","T",1,0,0,0,0,"F"
1,2,2,2,"FBBFFS","","","","K","T",1,0,0,0,0,"F"
0,0,0,0,".X","","","","63/G","T",1,0,0,0,0,"F"
0,1,2,2,"CSFBBX","","","","3/G","T",1,0,0,0,0,"F"
0,2,2,1,"SBBX","","","","63/G","T",1,0,0,0,0,"F"
1,0,3,2,".BBFFBC","","","","K","T",1,0,0,0,0,"F"
1,1,0,1,"SX","","","","D7/L","T",0,2,0,0,0,"F"
1,1,0,0,"H","","duvaa001","","HP","T",0,1,0,2,0,"F"
1,1,1,2,".SSFBT","casac001","duvaa001","","K","T",1,0,1,2,0,"F"
1,2,0,0,"X","casac001","duvaa001","","9/F","T",1,0,1,2,0,"F"
0,0,0,2,"FFX","","","","D7/L","T",0,2,0,0,0,"T"
0,0,0,0,"X","","dickc002","","23/BG/SH.2-3","T",1,0,0,3,0,"F"
0,1,1,0,"BX","","","dickc002","HR/89/F.3-H","T",0,4,0,0,4,"F"
0,1,0,2,"CFX","","","","31/G","T",1,0,0,0,0,"F"
0,2,1,1,"BFX","","","","7/L","T",1,0,0,0,0,"F"
1,0,1,0,"BX","","","","7/L","T",1,0,0,0,0,"F"
1,1,2,2,"CFFBBFX","","","","63/G","T",1,0,0,0,0,"F"
1,2,0,0,"X","","","","63/G","T",1,0,0,0,0,"F"
0,0,2,0,"BBX","","","","43/G","T",1,0,0,0,0,"F"
0,1,2,2,"CBBFX","","","","D8/F","T",0,2,0,0,0,"F"
0,1,0,1,"CX","","rodrs002","","S9/L.2-H","T",0,1,0,4,0,"F"
0,1,1,0,"B1X","morom001","","","364/BG/SH.1-2","T",1,0,2,0,0,"F"
0,2,2,0,"BBX","","morom001","","HR/89/F.2-H","T",0,4,0,4,0,"F"
0,2,0,1,"CX","","","","HR/8/F","T",0,4,0,0,0,"F"
0,2,3,2,"BBFCFBS","","","","K","T",1,0,0,0,0,"F"
1,0,3,2,"BBBCCFFS","","","","K","T",1,0,0,0,0,"F"
1,1,0,2,"CFS","","","","K","T",1,0,0,0,0,"F"
1,2,3,2,"FSBBBX","","","","S9/G","T",0,1,0,0,0,"F"
1,2,0,0,"X","barnt001","","","4/P","T",1,0,1,0,0,"F"
0,0,0,0,"X","","","","2/P2F","T",1,0,0,0,0,"F"
0,1,2,2,"BFBCFFC","","","","K","T",1,0,0,0,0,"F"
0,2,3,2,"CSBBBFX","","","","5/P5F","T",1,0,0,0,0,"F"
1,0,2,1,"CBBX","","","","4/P","T",1,0,0,0,0,"F"
1,1,1,1,"CBX","","","","4/L","T",1,0,0,0,0,"F"
1,2,1,1,"LBX","","","","S8/L","T",0,1,0,0,0,"F"
1,2,2,1,"BBFX","peraj003","","","8/F","T",1,0,1,0,0,"F"
0,0,2,0,"BBX","","","","HR/8/F","T",0,4,0,0,0,"F"
0,0,0,0,"X","","","","3/G","T",1,0,0,0,0,"F"
0,1,0,1,"CX","","","","43/G","T",1,0,0,0,0,"F"
0,2,0,1,"TX","","","","S9/L+","T",0,1,0,0,0,"F"
0,2,2,2,".>FBBS1X","dickc002","","","S7/L.1-2","T",0,1,2,0,0,"F"
0,2,2,0,"BBX","marts002","dickc002","","S7/G.2-H;1-2","T",0,1,2,4,0,"F"
0,2,1,2,"CSFBC","polag001","marts002","","K","T",1,0,1,2,0,"F"
1,0,3,1,"BBBCB","","","","W","T",0,1,0,0,0,"F"
1,0,2,2,"BSBFX","vottj001","","","54(1)3/GDP","T",2,0,0,0,0,"F"
1,2,0,0,"X","","","","63/G","T",1,0,0,0,0,"F"
0,0,1,2,"FFBX","","","","3/G","T",1,0,0,0,0,"F"
0,1,3,1,"BBFBX","","","","S9/L+","T",0,1,0,0,0,"F"
0,1,1,2,"FCFF*BS","bellj005","","","K","T",1,0,1,0,0,"F"
0,2,0,0,"X","bellj005","","","13/G-","T",1,0,1,0,0,"F"
1,0,2,1,"BCBX","","","","3/P3F","T",1,0,0,0,0,"F"
1,1,2,2,"FFBBX","","","","8/F+","T",1,0,0,0,0,"F"
1,2,1,2,"FFBX","","","","S9/G","T",0,1,0,0,0,"F"
1,2,2,2,"CCBBX","ervip001","","","6(1)/FO/G","T",1,1,0,0,0,"F"
0,0,0,0,"X","","","","S8/L","T",0,1,0,0,0,"F"
0,0,3,1,"BC*BBX","novai001","","","S8/L+.1-2","T",0,1,2,0,0,"F"
0,0,0,0,"X","dickc002","novai001","","9/F","T",1,0,1,2,0,"F"
0,1,1,2,"FBSC","dickc002","novai001","","K","T",1,0,1,2,0,"F"
0,2,1,1,"CBX","dickc002","novai001","","D9/L.2-H;1-3","T",0,2,3,4,0,"F"
0,2,0,0,"X","","diaze005","dickc002","8/L","T",1,0,0,2,3,"F"
1,0,0,2,"CFX","","","","8/L","T",1,0,0,0,0,"F"
1,1,1,0,"BX","","","","7/F7LF","T",1,0,0,0,0,"F"
1,2,3,2,"CFBFBBX","","","","8/F","T",1,0,0,0,0,"F"
0,0,0,0,".X","","","","S8/L","T",0,1,0,0,0,"F"
0,0,1,2,"*BSFX","bellj005","","","6/L+","T",1,0,1,0,0,"F"
0,1,3,2,"BBBCSFFX","bellj005","","","8/L+","T",1,0,1,0,0,"F"
0,2,0,0,"B","bellj005","","","WP.1-2","F",0,0,2,0,0,"F"
0,2,3,2,"B.BCFBFFX","","bellj005","","43/G","T",1,0,0,2,0,"F"
1,0,0,0,"X","","","","9/F","T",1,0,0,0,0,"F"
1,1,3,2,"BCCBBFB","","","","W","T",0,1,0,0,0,"F"
1,1,0,0,"X","winkj002","","","8/L","T",1,0,1,0,0,"F"
1,2,3,1,"CBBBX","winkj002","","","D7/L+.1-3","T",0,2,3,0,0,"F"
1,2,0,0,"X","","duvaa001","winkj002","S8/L.3-H;2-H","T",0,1,0,4,4,"F"
1,2,0,0,"..X","ervip001","","","8/L","T",1,0,1,0,0,"F"
0,0,2,1,"....BBCX","","","","8/F","T",1,0,0,0,0,"F"
0,1,2,1,"FBBX","","","","53/G","T",1,0,0,0,0,"F"
0,2,3,2,"BBCFFBS","","","","K","T",1,0,0,0,0,"F"
1,0,0,0,"X","","","","D89/L","T",0,2,0,0,0,"F"
1,0,1,1,"FBX","","peraj003","","63/G","T",1,0,0,2,0,"F"
1,1,2,2,"BBFCX","","peraj003","","6/P","T",1,0,0,2,0,"F"
1,2,1,2,".CBSS","","peraj003","","K","T",1,0,0,2,0,"F"
0,0,0,2,".CFFFS","","","","K","T",1,0,0,0,0,"F"
0,1,2,0,"BBX","","","","4/L+","T",1,0,0,0,0,"F"
0,2,3,2,"BBFBCX","","","","8/F","T",1,0,0,0,0,"F"
1,0,1,0,".BX","","","","7/F","T",1,0,0,0,0,"F"
1,1,3,2,"BBFBFX","","","","43/G","T",1,0,0,0,0,"F"
1,2,1,2,"FFBT","","","","K","T",1,0,0,0,0,"F"
0,0,3,2,"BBCSBS","","","","K","T",1,0,0,0,0,"T"
0,1,1,1,"CBX","","","","8/F","T",1,0,0,0,0,"F"
0,2,1,1,"CBX","","","","9/F","T",1,0,0,0,0,"F"
1,0,0,1,"CX","","","","9/L","T",1,0,0,0,0,"F"
1,1,3,2,"CBBBFX","","","","7/L","T",1,0,0,0,0,"F"
1,2,0,1,"CX","","","","43/G-","T",1,0,0,0,0,"F"
0,0,2,2,"CBBSFFX","","","","8/F","T",1,0,0,0,0,"F"
0,1,2,1,"BBCX","","","","S8/G+","T",0,1,0,0,0,"F"
0,1,0,1,"FX","martj008","","","64(1)/FO/G","T",1,1,0,0,0,"F"
0,2,2,2,"CB1S*BS","phamt001","","","K","T",1,0,1,0,0,"F"
1,0,1,2,"CBFFFC","","","","K","T",1,0,0,0,0,"F"
1,1,1,1,"SBX","","","","8/F","T",1,0,0,0,0,"F"
1,2,3,2,"BCBSBB","","","","W","T",0,1,0,0,0,"F"
1,2,0,2,"CSS","barnt001","","","K","T",1,0,1,0,0,"F"
0,0,1,1,"CBX","","","","3/G","T",1,0,0,0,0,"F"
0,1,0,2,"CCC","","","","K","T",1,0,0,0,0,"F"
0,2,2,0,"BBX","","","","S9/L+","T",0,1,0,0,0,"F"
0,2,1,1,"S*BX","carpm002","","","8/F+","T",1,0,1,0,0,"F"
1,0,1,2,"BCFFX","","","","63/G","T",1,0,0,0,0,"F"
1,1,2,2,"BCSBX","","","","63/G","T",1,0,0,0,0,"F"
1,2,1,1,"BSX","","","","9/L","T",1,0,0,0,0,"F"
0,0,2,0,"BBX","","","","53/G","T",1,0,0,0,0,"F"
0,1,3,2,"BCFBBFFB","","","","W","T",0,1,0,0,0,"F"
0,1,2,2,"BCC*BX","ozunm001","","","54(1)3/GDP","T",2,0,0,0,0,"F"
1,0,2,2,"FFBBFX","","","","9/L+","T",1,0,0,0,0,"F"
1,1,3,1,"BBBCB","","","","W","T",0,1,0,0,0,"F"
1,1,1,2,"CFBFX","vottj001","","","7/L+","T",1,0,1,0,0,"F"
1,2,1,2,"SFBX","vottj001","","","43/G","T",1,0,1,0,0,"F"
0,0,2,2,"BBFFX","","","","63/G","T",1,0,0,0,0,"F"
0,1,2,2,"SSBBFS","","","","K","T",1,0,0,0,0,"F"
0,2,1,1,"SBH","","","","HP","T",0,1,0,0,0,"F"
0,2,1,2,"CS*BC","garcg002","","","K","T",1,0,1,0,0,"F"
1,0,1,0,"BX","","","","7/F","T",1,0,0,0,0,"F"
1,1,2,2,"BFSBFX","","","","1/P-","T",1,0,0,0,0,"F"
1,2,1,1,"BCX","","","","13/G","T",1,0,0,0,0,"F"
0,0,1,0,"BX","","","","D9/G","T",0,2,0,0,0,"F"
0,0,1,2,"BCFFX","","carpm002","","S7/L.2-H;B-2(TH)","T",0,2,0,4,0,"F"
0,0,1,0,"BX","","moliy001","","8/F","T",1,0,0,2,0,"F"
0,1,0,0,".X","","moliy001","","9/F","T",1,0,0,2,0,"F"
0,2,3,2,"CBF*B*BS","","moliy001","","K","T",1,0,0,2,0,"F"
1,0,1,2,"SSFBS","","","","K","T",1,0,0,0,0,"F"
1,1,2,2,"BFFFBFFX","","","","7/F","T",1,0,0,0,0,"F"
1,2,2,2,"BFFBX","","","","63/G","T",1,0,0,0,0,"F"
0,0,1,1,"BFX","","","","D7/F.BX3(8765)","T",1,0,0,0,0,"F"
0,1,0,0,"X","","","","63/G","T",1,0,0,0,0,"F"
0,2,0,0,"X","","","","53/G","T",1,0,0,0,0,"F"
1,0,3,2,"BBBFS*B","","","","W","T",0,1,0,0,0,"F"
1,0,3,2,"BCFBBFFFX","vottj001","","","7/F","T",1,0,1,0,0,"F"
1,1,1,0,"BX","vottj001","","","7/F","T",1,0,1,0,0,"F"
1,2,3,2,"SFBFBFF*B>X","vottj001","","","7/F","T",1,0,1,0,0,"F"
0,0,1,2,".BCCX","","","","6/P","T",1,0,0,0,0,"F"
0,1,2,2,".CSBBS","","","","K","T",1,0,0,0,0,"F"
0,2,2,0,"BBX","","","","8/F","T",1,0,0,0,0,"F"
1,0,0,0,"...X","","","","6/P","T",1,0,0,0,0,"F"
1,1,2,2,".BCBSX","","","","S8/G","T",0,1,0,0,0,"F"
1,1,0,0,"11X","ervip001","","","53/G.1-2","T",1,0,2,0,0,"F"
1,2,2,0,"B*BX","","ervip001","","53/G","T",1,0,0,2,0,"F"
0,0,1,2,".CFBT","","","","K","T",1,0,0,0,0,"F"
0,1,3,2,"BBCFBFFX","","","","53/G","T",1,0,0,0,0,"F"
0,2,0,0,"X","","","","13/G","T",1,0,0,0,0,"F"
1,0,1,2,"..CFBC","","","","K","T",1,0,0,0,0,"F"
1,1,2,2,"BFCBFFX","","","","7/L","T",1,0,0,0,0,"F"
1,2,1,0,"BX","","","","HR/78/F","T",0,4,0,0,0,"F"
1,2,1,1,"BFX","","","","S9/G","T",0,1,0,0,0,"F"
1,2,1,0,"1BX","winkj002","","","S9/G+.1-2","T",0,1,2,0,0,"F"
1,2,3,2,"BCSBFB>B","barnt001","winkj002","","W.2-3;1-2","T",0,1,2,3,0,"F"
1,2,0,0,".X","duvaa001","barnt001","winkj002","S8/L.3-H;2-3;1-2","T",0,1,2,3,4,"F"
0,0,1,2,"CCFBS","","","","K","T",1,0,0,0,0,"T"
0,1,2,2,"CBBFFFFS","","","","K","T",1,0,0,0,0,"F"
0,2,2,2,"CBFFBS","","","","K","T",1,0,0,0,0,"F"
1,0,1,1,"BCX","","","","63/G","T",1,0,0,0,0,"F"
1,1,2,0,"BBX","","","","7/F","T",1,0,0,0,0,"F"
1,2,2,2,"BBCFFFX","","","","7/F","T",1,0,0,0,0,"F"
0,0,0,0,"X","","","","D8/L+","T",0,2,0,0,0,"F"
0,0,1,1,"CBX","","ozunm001","","43/G.2-3","T",1,0,0,3,0,"F"
0,1,2,2,"*BBFFX","","","ozunm001","3/P3F","T",1,0,0,0,3,"F"
0,2,3,2,"BSBBCB","","","ozunm001","W","T",0,1,0,0,3,"F"
0,2,0,1,"FX","fowld001","","ozunm001","9/L","T",1,0,1,0,3,"F"
1,0,0,2,"FSC","","","","K","T",1,0,0,0,0,"F"
1,1,1,2,"BFSC","","","","K","T",1,0,0,0,0,"F"
1,2,2,2,"CFFBBFFS","","","","K","T",1,0,0,0,0,"F"
0,0,3,2,"BBCSBS","","","","K","T",1,0,0,0,0,"F"
0,1,1,2,"CBSX","","","","7/L","T",1,0,0,0,0,"F"
0,2,2,2,"CFFFBBT","","","","K","T",1,0,0,0,0,"F"
1,0,3,2,"FSFFBBFBB","","","","W","T",0,1,0,0,0,"F"
1,0,2,0,"BBB","casac001","","","WP.1-2","F",0,0,2,0,0,"F"
1,0,3,1,"BBB.CB","","casac001","","W","T",0,1,0,2,0,"F"
1,0,2,2,"BBCFS","bailh001","casac001","","K","T",1,0,1,2,0,"F"
1,1,0,1,"CX","bailh001","casac001","","64(1)/FO/G.2-3","T",1,1,0,3,0,"F"
1,2,1,2,"BFCN1","peraj003","","casac001","CSH(1362)","F",1,0,1,0,0,"F"
0,0,3,1,"CBBBX","","","","D8/L+","T",0,2,0,0,0,"F"
0,0,2,2,"SBFBFX","","dejop001","","9/F","T",1,0,0,2,0,"F"
0,1,0,1,"FX","","dejop001","","S8/L+.2-H","T",0,1,0,4,0,"F"
0,1,2,1,"BF*BX","martj008","","","54(1)3/GDP","T",2,0,0,0,0,"F"
1,0,0,0,"X","","","","7/L","T",1,0,0,0,0,"F"
1,1,1,2,"CBCS","","","","K","T",1,0,0,0,0,"F"
1,2,1,2,"SFBS","","","","K","T",1,0,0,0,0,"F"
0,0,2,2,"CCFBFBX","","","","7/L","T",1,0,0,0,0,"F"
0,1,0,1,"CX","","","","9/F","T",1,0,0,0,0,"F"
0,2,1,2,"CBSX","","","","1/G","T",1,0,0,0,0,"F"
1,0,0,2,"FSFX","","","","8/F","T",1,0,0,0,0,"F"
1,1,1,1,"BFX","","","","63/G","T",1,0,0,0,0,"F"
1,2,0,1,"SX","","","","63/G+","T",1,0,0,0,0,"F"
0,0,0,2,"CSS","","","","K","T",1,0,0,0,0,"F"
0,1,0,2,"CSX","","","","S9/L","T",0,1,0,0,0,"F"
0,1,0,1,"CX","moliy001","","","8/L","T",1,0,1,0,0,"F"
0,2,2,2,"BFSB>S","moliy001","","","K","T",1,0,1,0,0,"F"
1,0,1,1,"FBX","","","","9/F","T",1,0,0,0,0,"F"
1,1,2,1,"BFBX","","","","53/G","T",1,0,0,0,0,"F"
1,2,1,0,"BX","","","","4/L","T",1,0,0,0,0,"F"
0,0,1,2,"CBSX","","","","43/G+","T",1,0,0,0,0,"F"
0,1,1,2,"BSFS","","","","K","T",1,0,0,0,0,"F"
0,2,3,1,"BBBFB","","","","W","T",0,1,0,0,0,"F"
0,2,0,1,"S1>B","fowld001","","","SB2","F",0,0,2,0,0,"F"
0,2,3,2,"S1>B.*BFBX","","fowld001","","D7/L+.2-H","T",0,2,0,4,0,"F"
0,2,0,0,".X","","munoy001","","S6/G.2-3","T",0,1,0,3,0,"F"
0,2,3,1,"CBB*BB","gomba001","","munoy001","W.1-2","T",0,1,2,0,3,"F"
0,2,2,2,"CFF*B*BX","carpm002","gomba001","munoy001","9/F","T",1,0,1,2,3,"F"
1,0,1,0,"...BX","","","","8/F+","T",1,0,0,0,0,"F"
1,1,3,2,"BFBFBX","","","","S9/L","T",0,1,0,0,0,"F"
1,1,2,0,"BBX","vottj001","","","HR/78/F.1-H","T",0,4,4,0,0,"F"
1,1,1,2,".SBSC","","","","K","T",1,0,0,0,0,"F"
1,2,3,1,"BCBBX","","","","5/L","T",1,0,0,0,0,"F"
0,0,1,1,"BFX","","","","8/L","T",1,0,0,0,0,"F"
0,1,1,0,"BX","","","","8/L","T",1,0,0,0,0,"F"
0,2,3,0,"BBBB","","","","W","T",0,1,0,0,0,"F"
0,2,0,2,"FCF11FC","garcg002","","","K","T",1,0,1,0,0,"F"
1,0,1,1,".BCX","","","","53/G","T",1,0,0,0,0,"F"
1,1,2,2,".BCBST","","","","K","T",1,0,0,0,0,"F"
1,2,0,0,"X","","","","S8/G","T",0,1,0,0,0,"F"
1,2,1,1,"1BC11>X","hamib001","","","9/F","T",1,0,1,0,0,"F"
0,0,3,2,".TFBBBX","","","","23/G","T",1,0,0,0,0,"F"
0,1,1,1,"CBX","","","","9/F","T",1,0,0,0,0,"F"
0,2,2,2,".BSBSFS","","","","K","T",1,0,0,0,0,"F"
1,0,1,1,".BSX","","","","8/F","T",1,0,0,0,0,"F"
1,1,2,2,".FBBFS","","","","K","T",1,0,0,0,0,"F"
1,2,3,2,"SBBFBS","","","","K","T",1,0,0,0,0,"F"
0,0,0,0,"X","","","","5/P","T",1,0,0,0,0,"F"
0,1,1,2,"BCFX","","","","63/G","T",1,0,0,0,0,"F"
0,2,3,2,"CBCBFBB","","","","W","T",0,1,0,0,0,"F"
0,2,1,2,"*BFFFX","dejop001","","","8/F","T",1,0,1,0,0,"F"
1,0,1,0,"BX","","","","S8/F","T",0,1,0,0,0,"F"
1,0,0,0,"H","duvaa001","","","HP.1-2","T",0,1,2,0,0,"F"
1,0,1,1,"*BCX","ervip001","duvaa001","","56(2)/FO/BG.1-2","T",1,1,2,0,0,"F"
1,1,2,0,".BBX","casac001","ervip001","","8/F","T",1,0,1,2,0,"F"
1,2,0,2,"SFFX","casac001","ervip001","","9/F","T",1,0,1,2,0,"F"
0,0,0,2,"..CSS","","","","K","T",1,0,0,0,0,"F"
0,1,1,1,"CBX","","","","S9/L","T",0,1,0,0,0,"F"
0,1,0,1,"SX","phamt001","","","HR/9/F.1-H","T",0,4,4,0,0,"F"
0,1,0,2,"SSX","","","","9/F","T",1,0,0,0,0,"F"
0,2,3,0,".BBBB","","","","W","T",0,1,0,0,0,"F"
0,2,0,0,"X","gyorj001","","","3/G","T",1,0,1,0,0,"F"
1,0,1,1,".BFX","","","","S7/G+","T",0,1,0,0,0,"F"
1,0,1,2,"CBFFX","peraj003","","","46(1)/FO/G.B-2(E6/TH)","T",1,2,0,0,0,"F"
1,1,3,2,"SFB*BBC","","genns001","","K","T",1,0,0,2,0,"F"
1,2,3,0,"BBVV","","genns001","","IW","T",0,1,0,2,0,"F"
1,2,0,1,"CX","suare001","genns001","","6/P","T",1,0,1,2,0,"F"
0,0,0,2,"FFX","","","","S5/P","T",0,1,0,0,0,"T"
0,0,0,2,"SFX","carpm002","","","S9/F.1-2","T",0,1,2,0,0,"F"
0,0,0,0,"X","moliy001","carpm002","","9/L","T",1,0,1,2,0,"F"
0,1,2,0,"BBX","moliy001","carpm002","","8/L","T",1,0,1,2,0,"F"
0,2,2,2,"BCSBX","moliy001","carpm002","","S45/G.2-3;1-2","T",0,1,2,3,0,"F"
0,2,3,2,"BSBSB+2>X","martj008","moliy001","carpm002","53/G","T",1,0,1,2,3,"F"
1,0,1,0,"BX","","","","9/F","T",1,0,0,0,0,"F"
1,1,1,2,"LBCS","","","","K","T",1,0,0,0,0,"F"
1,2,3,2,"BCBFB*B","","","","W","T",0,1,0,0,0,"F"
1,2,1,2,"BCTX","vottj001","","","HR/9/F.1-H","T",0,4,4,0,0,"F"
1,2,0,2,"CCX","","","","7/L","T",1,0,0,0,0,"F"
0,0,0,2,"CSFX","","","","8/F","T",1,0,0,0,0,"F"
0,1,1,2,"SSBS","","","","K","T",1,0,0,0,0,"F"
0,2,1,2,"CSFBX","","","","31/G","T",1,0,0,0,0,"F"
1,0,1,2,"BCFS","","","","K","T",1,0,0,0,0,"F"
1,1,3,2,"SCBBBT","","","","K","T",1,0,0,0,0,"F"
1,2,2,2,"BBCCS","","","","K","T",1,0,0,0,0,"F"
0,0,3,2,"FBBBCX","","","","8/F+","T",1,0,0,0,0,"F"
0,1,2,2,"CBFBX","","","","7/F","T",1,0,0,0,0,"F"
0,2,1,1,"CBX","","","","HR/78/F","T",0,4,0,0,0,"F"
0,2,2,1,"BBCX","","","","7/F","T",1,0,0,0,0,"F"
1,0,3,1,"BBCBB","","","","W","T",0,1,0,0,0,"F"
1,0,2,0,"B1BX","hamib001","","","4(1)3/GDP","T",2,0,0,0,0,"F"
1,2,3,1,"CBBBX","","","","S9/L","T",0,1,0,0,0,"F"
1,2,3,2,"BB11BCC>X","genns001","","","8/F","T",1,0,1,0,0,"F"
0,0,3,2,"BCTBBS","","","","K","T",1,0,0,0,0,"F"
0,1,3,2,"CBBBFX","","","","S9/L","T",0,1,0,0,0,"F"
0,1,1,0,"B>X","fowld001","","","E6/G.1-3;B-2(TH)","T",0,2,3,0,0,"F"
0,1,0,2,"FSFC","","munoy001","fowld001","K","T",1,0,0,2,3,"F"
0,2,0,2,"CFS","","munoy001","fowld001","K","T",1,0,0,2,3,"F"
1,0,2,2,"BBCCS","","","","K","T",1,0,0,0,0,"F"
1,1,1,2,"BFSFS","","","","K","T",1,0,0,0,0,"F"
1,2,2,1,"BBSX","","","","HR/9/F","T",0,4,0,0,0,"F"
1,2,1,2,"BFSC","","","","K","T",1,0,0,0,0,"F"
0,0,2,2,"CBBFX","","","","31/G","T",1,0,0,0,0,"F"
0,1,1,1,"BFX","","","","S7/L","T",0,1,0,0,0,"F"
0,1,1,0,"BX","moliy001","","","7/F","T",1,0,1,0,0,"F"
0,2,0,0,"X","moliy001","","","64(1)/FO/G","T",1,1,0,0,0,"F"
1,0,0,2,"CCFS","","","","K","T",1,0,0,0,0,"F"
1,1,0,2,"CSX","","","","S8/L","T",0,1,0,0,0,"F"
1,1,1,1,"1B>F1","hamib001","","","PO1(13)","F",1,0,0,0,0,"F"
1,2,1,1,"1B>F1.X","","","","13/BG","T",1,0,0,0,0,"F"
0,0,0,0,"X","","","","63/G","T",1,0,0,0,0,"F"
0,1,3,2,"BFSFBBB","","","","W","T",0,1,0,0,0,"F"
0,1,0,0,"X","fowld001","","","D8/L+.1-H;B-3(TH)","T",0,3,4,0,0,"F"
0,1,1,2,"BCSS","","","munoy001","K","T",1,0,0,0,3,"F"
0,2,0,1,".FX","","","munoy001","13/G","T",1,0,0,0,3,"F"
1,0,0,0,".X","","","","S8/F","T",0,1,0,0,0,"F"
1,0,3,2,"1BBFFF1B>B","genns001","","","W.1-2","T",0,1,2,0,0,"F"
1,0,0,1,"CX","vottj001","genns001","","6/L/DP.2X2(64)","T",2,0,1,0,0,"F"
1,2,2,0,"BBX","vottj001","","","HR/9/F.1-H","T",0,4,4,0,0,"F"
1,2,3,2,"CTBBBB","","","","W","T",0,1,0,0,0,"F"
1,2,1,2,"BCF1X","duvaa001","","","S7/L.1-2","T",0,1,2,0,0,"F"
1,2,2,2,".BSF*BS","ervip001","duvaa001","","K","T",1,0,1,2,0,"F"
0,0,0,0,".X","","","","43/G+","T",1,0,0,0,0,"F"
0,1,1,1,"CBX","","","","HR/7/F","T",0,4,0,0,0,"F"
0,1,1,1,"BSX","","","","5/P","T",1,0,0,0,0,"F"
0,2,0,0,"X","","","","S9/F","T",0,1,0,0,0,"F"
0,2,0,0,"X","ozunm001","","","64(1)/FO/G","T",1,1,0,0,0,"F"
1,0,0,2,".CTS","","","","K","T",1,0,0,0,0,"F"
1,1,2,2,"CBFBX","","","","8/F","T",1,0,0,0,0,"F"
1,2,0,1,"CX","","","","D7/F","T",0,2,0,0,0,"F"
1,2,3,2,"BBTCBFB","","genns001","","W","T",0,1,0,2,0,"F"
1,2,3,2,"CBBF*B>F>S","vottj001","genns001","","K","T",1,0,1,2,0,"F"
0,0,3,1,".BBCBB","","","","W","T",0,1,0,0,0,"F"
0,0,0,1,"C1X","fowld001","","","54(1)/FO/G","T",1,1,0,0,0,"F"
0,1,3,2,"BS*BBTFS","munoy001","","","K","T",1,0,1,0,0,"F"
0,2,2,2,".SB*BFX","munoy001","","","S9/G.1-3","T",0,1,3,0,0,"F"
0,2,3,2,"BBCFFFFFB>B","garcg002","","munoy001","W.1-2","T",0,1,2,0,3,"F"
0,2,1,0,"*BX","carpm002","garcg002","munoy001","9/F","T",1,0,1,2,3,"F"
1,0,3,1,".BBCBB","","","","W","T",0,1,0,0,0,"F"
1,0,0,0,"X","barnt001","","","D7/L.1-3","T",0,2,3,0,0,"F"
1,0,0,1,"FX","","duvaa001","barnt001","D8/L+.3-H;2-H","T",0,2,0,4,4,"F"
1,0,1,2,".CFBX","","ervip001","","FC1/G.2X3(145);B-2","T",1,2,0,0,0,"F"
1,1,1,0,"BX","","dixob001","","63/G","T",1,0,0,2,0,"F"
1,2,1,2,"*BFFS","","dixob001","","K","T",1,0,0,2,0,"F"
0,0,1,0,".BX","","","","13/G","T",1,0,0,0,0,"F"
0,1,3,2,"BBCCFBX","","","","7/F","T",1,0,0,0,0,"F"
0,2,1,2,"BSSS","","","","K","T",1,0,0,0,0,"F"
0,0,3,2,"CBBBCFC","","","","K","T",1,0,0,0,0,"T"
0,1,3,2,"CBBBFFFX","","","","HR/78/F","T",0,4,0,0,0,"F"
0,1,1,2,"CCBFFFX","","","","S16/L","T",0,1,0,0,0,"F"
0,1,1,2,"CBSX","herro001","","","HR/9/F.1-H","T",0,4,4,0,0,"F"
0,1,1,2,"SBFS","","","","K23","T",1,0,0,0,0,"F"
0,2,3,2,"CBSBBFX","","","","S8/G+","T",0,1,0,0,0,"F"
0,2,1,2,"F1SBX","willn001","","","D7/G.1-3","T",0,2,3,0,0,"F"
0,2,3,0,"VVVV","","kings001","willn001","IW","T",0,1,0,2,3,"F"
0,2,1,2,"BFCS","alfaj002","kings001","willn001","K","T",1,0,1,2,3,"F"
1,0,1,1,"CBX","","","","63/G","T",1,0,0,0,0,"F"
1,1,1,1,"CBX","","","","S7/L","T",0,1,0,0,0,"F"
1,1,1,0,"BX","genns001","","","7/F","T",1,0,1,0,0,"F"
1,2,3,0,"BBBX","genns001","","","HR/78/F.1-H","T",0,4,4,0,0,"F"
1,2,0,1,"SX","","","","7/L+","T",1,0,0,0,0,"F"
0,0,3,2,"FFBBBFFX","","","","S7/F","T",0,1,0,0,0,"F"
0,0,3,2,".1BBCSB1S","hernc005","","","K","T",1,0,1,0,0,"F"
0,1,3,1,"BB*BCB","hernc005","","","W.1-2","T",0,1,2,0,0,"F"
0,1,1,2,"CBCFS","herro001","hernc005","","K","T",1,0,1,2,0,"F"
0,2,2,1,"F*BBX","herro001","hernc005","","4/P","T",1,0,1,2,0,"F"
1,0,3,2,"CBTBBC","","","","K","T",1,0,0,0,0,"F"
1,1,0,0,"X","","","","S7/G","T",0,1,0,0,0,"F"
1,1,2,1,"11CBBX","ervip001","","","6(1)3/GDP","T",2,0,0,0,0,"F"
0,0,1,2,"CSBX","","","","HR/8/F","T",0,4,0,0,0,"F"
0,0,0,1,"CX","","","","7/F","T",1,0,0,0,0,"F"
0,1,1,1,"CBX","","","","9/L","T",1,0,0,0,0,"F"
0,2,3,2,"CSBFFBFBC","","","","K","T",1,0,0,0,0,"F"
1,0,1,1,"CBX","","","","13/G-","T",1,0,0,0,0,"F"
1,1,2,1,"BBCX","","","","9/F","T",1,0,0,0,0,"F"
1,2,0,1,"FX","","","","63/G","T",1,0,0,0,0,"F"
0,0,2,0,"BBX","","","","43/G","T",1,0,0,0,0,"F"
0,1,3,1,"BFBBX","","","","53/G-","T",1,0,0,0,0,"F"
0,2,1,2,"BCCC","","","","K","T",1,0,0,0,0,"F"
1,0,2,2,"CBBCC","","","","K","T",1,0,0,0,0,"F"
1,1,3,0,"BBBB","","","","W","T",0,1,0,0,0,"F"
1,1,3,2,"SBBCFBX","suare001","","","9/F","T",1,0,1,0,0,"F"
1,2,2,2,"BCFBX","suare001","","","HR/7/F.1-H","T",0,4,4,0,0,"F"
1,2,1,2,"BFSX","","","","9/F","T",1,0,0,0,0,"F"
0,0,2,0,"BBX","","","","9/F","T",1,0,0,0,0,"F"
0,1,0,0,"X","","","","HR/7/F","T",0,4,0,0,0,"F"
0,1,0,1,"FX","","","","S9/L+","T",0,1,0,0,0,"F"
0,1,0,1,"MX","willn001","","","64(1)/FO/G","T",1,1,0,0,0,"F"
0,2,0,1,"F1X","kings001","","","S8/L+.1XH(842)","T",1,1,0,0,0,"F"
1,0,0,1,"FX","","","","53/G","T",1,0,0,0,0,"F"
1,1,0,1,"CX","","","","5/L","T",1,0,0,0,0,"F"
1,2,1,1,"CBX","","","","S7/L+","T",0,1,0,0,0,"F"
1,2,2,2,"1B1FS*BC","peraj003","","","K","T",1,0,1,0,0,"F"
0,0,1,2,".CFBFX","","","","31/G","T",1,0,0,0,0,"F"
0,1,2,2,"LBBFX","","","","31/G","T",1,0,0,0,0,"F"
0,2,3,1,"BBCBX","","","","HR/7/F","T",0,4,0,0,0,"F"
0,2,1,1,"CBX","","","","2/P2F","T",1,0,0,0,0,"F"
1,0,1,2,"CCBX","","","","S9/F","T",0,1,0,0,0,"F"
1,0,2,2,".BBCFS","vottj001","","","K","T",1,0,1,0,0,"F"
1,1,0,2,"CST","vottj001","","","K","T",1,0,1,0,0,"F"
1,2,2,2,"SBSF*BS","vottj001","","","K","T",1,0,1,0,0,"F"
0,0,0,1,"FX","","","","31/G","T",1,0,0,0,0,"F"
0,1,1,1,"BSX","","","","HR/7/F","T",0,4,0,0,0,"F"
0,1,1,2,"CFFFBFX","","","","6/L","T",1,0,0,0,0,"F"
0,2,1,2,"CBFX","","","","53/G","T",1,0,0,0,0,"F"
1,0,1,2,".BCCT","","","","K","T",1,0,0,0,0,"F"
1,1,0,1,".SX","","","","7/F","T",1,0,0,0,0,"F"
1,2,1,0,"BX","","","","8/L","T",1,0,0,0,0,"F"
0,0,1,1,".BSX","","","","D8/F","T",0,2,0,0,0,"F"
0,0,3,2,".BBFC*BFS","","alfaj002","","K","T",1,0,0,2,0,"F"
0,1,2,1,"FBBX","","alfaj002","","S7/L+.2-H;BX2(74)","T",1,0,0,4,0,"F"
0,2,1,0,"BX","","","","D7/G","T",0,2,0,0,0,"F"
0,2,1,2,"CFBX","","hoskr001","","43/G","T",1,0,0,2,0,"F"
1,0,0,2,".CFX","","","","S8/L+","T",0,1,0,0,0,"F"
1,0,2,2,"BFSFBFFX","peraj003","","","8/F","T",1,0,1,0,0,"F"
1,1,3,2,"CBBCBFFX","peraj003","","","S9/G.1-3","T",0,1,3,0,0,"F"
1,1,3,2,".CBBC*BS","vottj001","","peraj003","K","T",1,0,1,0,3,"F"
1,2,0,2,"FCX","vottj001","","peraj003","4(1)/FO/G","T",1,1,0,0,3,"F"
0,0,1,1,"CBX","","","","43/G-","T",1,0,0,0,0,"F"
0,1,2,1,"BFBX","","","","53/G","T",1,0,0,0,0,"F"
0,2,2,1,"BCBX","","","","HR/8/F","T",0,4,0,0,0,"F"
0,2,0,2,"CFFX","","","","S7/L","T",0,1,0,0,0,"F"
0,2,1,2,"BFFFX","kings001","","","S67/G+.1-2","T",0,1,2,0,0,"F"
0,2,2,2,".CBFBFS","alfaj002","kings001","","K","T",1,0,1,2,0,"F"
1,0,2,2,".BFBCC","","","","K","T",1,0,0,0,0,"F"
1,1,1,2,"SCBX","","","","9/F","T",1,0,0,0,0,"F"
1,2,2,1,".FBBX","","","","7/F","T",1,0,0,0,0,"F"
0,0,3,1,"BBCBB","","","","W","T",0,1,0,0,0,"T"
0,0,1,2,"CBC1C","hernc005","","","K","T",1,0,1,0,0,"F"
0,1,1,2,"FBSFX","hernc005","","","3/G-.1-1","T",1,0,1,0,0,"F"
0,2,3,2,"B1S*BCB>F>B","hernc005","","","W.1-2","T",0,1,2,0,0,"F"
0,2,0,2,"SCS","santc002","hernc005","","K","T",1,0,1,2,0,"F"
1,0,1,2,"CFFFFFBC","","","","K","T",1,0,0,0,0,"F"
1,1,0,2,"CCT","","","","K","T",1,0,0,0,0,"F"
1,2,3,2,"FBBCFBC","","","","K","T",1,0,0,0,0,"F"
0,0,2,2,"SBCBFS","","","","K","T",1,0,0,0,0,"F"
0,1,1,2,"FBSS","","","","K","T",1,0,0,0,0,"F"
0,2,0,2,"SFC","","","","K","T",1,0,0,0,0,"F"
1,0,3,2,"BSSBBX","","","","HR/8/F","T",0,4,0,0,0,"F"
1,0,1,2,"FBSC","","","","K","T",1,0,0,0,0,"F"
1,1,1,2,"CSBC","","","","K","T",1,0,0,0,0,"F"
1,2,0,0,"X","","","","43/G","T",1,0,0,0,0,"F"
0,0,2,2,"BBCSX","","","","63/G","T",1,0,0,0,0,"F"
0,1,2,2,"BCBFC","","","","K","T",1,0,0,0,0,"F"
0,2,3,2,"BCCBFBX","","","","S57/G","T",0,1,0,0,0,"F"
0,2,1,2,"FCBX","hoskr001","","","HR/89/L.1-H","T",0,4,4,0,0,"F"
0,2,2,2,"CBBSS","","","","K","T",1,0,0,0,0,"F"
1,0,1,2,"BCCS","","","","K","T",1,0,0,0,0,"F"
1,1,1,2,"CFBFC","","","","K","T",1,0,0,0,0,"F"
1,2,1,0,"BX","","","","D7/G+","T",0,2,0,0,0,"F"
1,2,0,2,"CSFX","","peraj003","","S9/L.2-H","T",0,1,0,4,0,"F"
1,2,1,1,"CBB","genns001","","","WP.1-2","F",0,0,2,0,0,"F"
1,2,3,1,"CBB.BB","","genns001","","W","T",0,1,0,2,0,"F"
1,2,3,1,"BBSBX","vottj001","genns001","","7/F","T",1,0,1,2,0,"F"
0,0,1,2,"FCBX","","","","9/F","T",1,0,0,0,0,"F"
0,1,0,1,"CX","","","","9/L+","T",1,0,0,0,0,"F"
0,2,3,2,"BBBCFX","","","","8/L","T",1,0,0,0,0,"F"
1,0,1,0,"BX","","","","S7/L","T",0,1,0,0,0,"F"
1,0,1,2,"SFFBX","barnt001","","","D7/L+.1-3","T",0,2,3,0,0,"F"
1,0,1,2,"CFBX","","duvaa001","barnt001","HR/9/F.3-H;2-H","T",0,4,0,4,4,"F"
1,0,0,2,"SFS","","","","K","T",1,0,0,0,0,"F"
1,1,0,2,"FST","","","","K","T",1,0,0,0,0,"F"
1,2,1,1,"SBX","","","","6/P","T",1,0,0,0,0,"F"
0,0,0,0,"X","","","","S5/G","T",0,1,0,0,0,"F"
0,0,0,0,"X","alfaj002","","","34/BG/SH.1-2","T",1,0,2,0,0,"F"
0,1,3,2,"CFF*BBBX","","alfaj002","","S6/G.2-3","T",0,1,0,3,0,"F"
0,1,1,1,"*BCX","hernc005","","alfaj002","S8/L+.3-H;1-2","T",0,1,2,0,4,"F"
0,1,1,2,".CBSFX","hoskr001","hernc005","","31/G-.2-3;1-2","T",1,0,2,3,0,"F"
0,2,1,2,".BSFX","","hoskr001","hernc005","2/P2F","T",1,0,0,2,3,"F"
1,0,3,0,"BBBB","","","","W","T",0,1,0,0,0,"F"
1,0,0,1,"CX","genns001","","","3(B)5(1)/GDP","T",2,0,0,0,0,"F"
1,2,1,2,"BFCFC","","","","K","T",1,0,0,0,0,"F"
0,0,1,1,"CBX","","","","8/F","T",1,0,0,0,0,"F"
0,1,0,1,"FX","","","","7/F","T",1,0,0,0,0,"F"
0,2,1,2,"CFBS","","","","K","T",1,0,0,0,0,"F"
1,0,0,1,"SX","","","","63/G-","T",1,0,0,0,0,"F"
1,1,1,2,"FFBS","","","","K","T",1,0,0,0,0,"F"
1,2,0,2,"CFC","","","","K","T",1,0,0,0,0,"F"
0,0,0,2,"CFC","","","","K","T",1,0,0,0,0,"F"
0,1,0,1,".FX","","","","53/G","T",1,0,0,0,0,"F"
0,2,3,2,"FBSBBX","","","","31/G","T",1,0,0,0,0,"F"
1,0,3,2,"..BBSCFFFB*B","","","","W","T",0,1,0,0,0,"F"
1,0,3,1,"BBLBX","herrd002","","","S1/BP.1-2","T",0,1,2,0,0,"F"
1,0,0,0,"X","hamib001","herrd002","","13/BG/SH.2-3;1-2","T",1,0,2,3,0,"F"
1,1,0,2,"CFFX","","hamib001","herrd002","63/G-","T",1,0,0,2,3,"F"
1,2,3,0,"VVVV","","hamib001","herrd002","IW","T",0,1,0,2,3,"F"
1,2,2,2,"BBFSX","vottj001","hamib001","herrd002","53/G","T",1,0,1,2,3,"F"
0,0,2,2,".CBBCC","","","","K","T",1,0,0,0,0,"F"
0,1,3,2,"FBBSBX","","","","31/G","T",1,0,0,0,0,"F"
0,2,3,1,".BBFBB","","","","W","T",0,1,0,0,0,"F"
0,2,1,2,"..SCBX","santc002","","","43/G","T",1,0,1,0,0,"F"
1,0,3,2,"CBCBBB","","","","W","T",0,1,0,0,0,"F"
1,0,3,1,"BBSBB","barnt001","","","W.1-2","T",0,1,2,0,0,"F"
1,0,0,0,"X","duvaa001","barnt001","","FC2/BG/SH.2-3;1-2","T",0,1,2,3,0,"F"
1,0,1,2,"C*BFS","willm007","duvaa001","barnt001","K","T",1,0,1,2,3,"F"
1,1,2,2,"CSBFBX","willm007","duvaa001","barnt001","9/L/SF.3-H;2-3","T",1,0,1,3,4,"F"
1,2,3,1,"BFB*BV","willm007","","duvaa001","IW.1-2","T",0,1,2,0,3,"F"
1,2,1,1,"BFX","peraj003","willm007","duvaa001","53/G-","T",1,0,1,2,3,"F"
0,0,1,1,"CBX","","","","9/L+","T",1,0,0,0,0,"F"
0,1,1,2,"CCBX","","","","S7/L+","T",0,1,0,0,0,"F"
0,1,0,2,".SSX","kings001","","","FC4.1X2(4E6);B-1","T",0,1,2,0,0,"F"
0,1,1,1,".BFX","knapa001","kings001","","3/P3F","T",1,0,1,2,0,"F"
0,2,1,2,"CFBX","knapa001","kings001","","S9/F.2-H(UR);1-2","T",0,1,2,5,0,"F"
0,2,1,2,"CSBX","hernc005","knapa001","","54(1)/FO/G","T",1,1,0,2,0,"F"
0,0,3,2,"CBSBBFX","","","","43/G","T",1,0,0,0,0,"T"
0,1,1,2,"CSBS","","","","K","T",1,0,0,0,0,"F"
0,2,0,2,"FSS","","","","K","T",1,0,0,0,0,"F"
1,0,2,1,"CBBX","","","","D7/L","T",0,2,0,0,0,"F"
1,0,3,2,"BFBFBS","","peraj003","","K","T",1,0,0,2,0,"F"
1,1,2,2,"BCTBS","","peraj003","","K","T",1,0,0,2,0,"F"
1,2,2,1,"BSBX","","peraj003","","8/F","T",1,0,0,2,0,"F"
0,0,2,2,"FCBBX","","","","43/G","T",1,0,0,0,0,"F"
0,1,3,2,"BBFSBS","","","","K","T",1,0,0,0,0,"F"
0,2,2,2,"SBBSS","","","","K","T",1,0,0,0,0,"F"
1,0,1,0,"BX","","","","S9/G","T",0,1,0,0,0,"F"
1,0,0,1,"1CX","willm007","","","D8/F+.1-H","T",0,2,4,0,0,"F"
1,0,1,1,"BCX","","barnt001","","S7/L+.2-3","T",0,1,0,3,0,"F"
1,0,0,1,"LX","duvaa001","","barnt001","2/BP2F","T",1,0,1,0,3,"F"
1,1,3,2,"BBBCCF>F>X","duvaa001","","barnt001","FC4/G.3XH(42);1-2","T",1,1,2,0,0,"F"
1,2,1,0,"BX","hamib001","duvaa001","","43/G","T",1,0,1,2,0,"F"
0,0,0,0,"X","","","","8/F","T",1,0,0,0,0,"F"
0,1,3,2,"CSBFBBFFFX","","","","43/G","T",1,0,0,0,0,"F"
0,2,1,2,"CBSX","","","","8/L+","T",1,0,0,0,0,"F"
1,0,0,0,"X","","","","31/G","T",1,0,0,0,0,"F"
1,1,3,2,"BFFBBB","","","","W","T",0,1,0,0,0,"F"
1,1,0,2,"FFX","vottj001","","","43/G.1-2","T",1,0,2,0,0,"F"
1,2,0,1,"SX","","vottj001","","43/G","T",1,0,0,2,0,"F"
0,0,3,2,"CCBBBB","","","","W","T",0,1,0,0,0,"F"
0,0,0,1,"FX","hernc005","","","HR/8/F+.1-H","T",0,4,4,0,0,"F"
0,0,3,1,"BSBBB","","","","W","T",0,1,0,0,0,"F"
0,0,1,2,"CSBFX","herro001","","","5/P5F","T",1,0,1,0,0,"F"
0,1,1,0,"B1X","herro001","","","5/P5F","T",1,0,1,0,0,"F"
0,2,3,1,"BBBCX","herro001","","","5/P","T",1,0,1,0,0,"F"
1,0,0,0,"X","","","","43/G+","T",1,0,0,0,0,"F"
1,1,3,2,"FFBBBB","","","","W","T",0,1,0,0,0,"F"
1,1,0,1,"LX","duvaa001","","","34/BG/SH.1-2","T",1,0,2,0,0,"F"
1,2,0,2,"CCX","","duvaa001","","S9/L.2-H","T",0,1,0,4,0,"F"
1,2,3,0,"11BB1BB","hamib001","","","W.1-2","T",0,1,2,0,0,"F"
1,2,1,2,"FCFBX","peraj003","hamib001","","7/F","T",1,0,1,2,0,"F"
0,0,0,2,"CFFX","","","","D9/F+","T",0,2,0,0,0,"F"
0,0,2,2,"BLBCL","","franm004","","K/BF","T",1,0,0,2,0,"F"
0,1,2,2,"S*BFFBFFFX","","franm004","","43/G.2-3","T",1,0,0,3,0,"F"
0,2,1,2,"CSBX","","","franm004","8/F","T",1,0,0,0,3,"F"
1,0,0,2,"CFX","","","","S8/L","T",0,1,0,0,0,"F"
1,0,3,2,"FFFBBBB","vottj001","","","W.1-2","T",0,1,2,0,0,"F"
1,0,0,0,"X","suare001","vottj001","","53/BG/SH.2-3;1-2","T",1,0,2,3,0,"F"
1,1,3,0,"BB*BB","","suare001","vottj001","W","T",0,1,0,2,3,"F"
1,1,0,2,"SFS","barnt001","suare001","vottj001","K","T",1,0,1,2,3,"F"
1,2,2,2,".CCBBS","barnt001","suare001","vottj001","K","T",1,0,1,2,3,"F"
0,0,2,2,".BBFCFX","","","","4/P","T",1,0,0,0,0,"F"
0,1,2,2,"BSBSFFS","","","","K","T",1,0,0,0,0,"F"
0,2,2,0,"BBX","","","","63/G+","T",1,0,0,0,0,"F"
1,0,0,2,".CSX","","","","D5/G","T",0,2,0,0,0,"F"
1,0,0,0,"X","","hamib001","","13/BG/SH.2-3","T",1,0,0,3,0,"F"
1,1,0,0,"H","","","hamib001","HP","T",0,1,0,0,3,"F"
1,1,0,0,"X","genns001","","hamib001","S49/G.3-H;1-3","T",0,1,3,0,4,"F"
1,1,0,0,"X","vottj001","","genns001","54(1)/FO/G.3-H","T",1,1,0,0,4,"F"
1,2,0,2,"CFFFX","suare001","","","5/P5F","T",1,0,1,0,0,"F"
0,0,1,1,"CBX","","","","9/F","T",1,0,0,0,0,"F"
0,1,1,2,"CBSX","","","","S8/L","T",0,1,0,0,0,"F"
0,1,2,2,".CF*BFBX","willn001","","","54(1)3/GDP","T",2,0,0,0,0,"F"
1,0,3,0,"...BBBB","","","","W","T",0,1,0,0,0,"F"
1,0,0,2,"FSS","barnt001","","","K","T",1,0,1,0,0,"F"
1,1,0,0,".B","barnt001","","","WP.1-2","F",0,0,2,0,0,"F"
1,1,3,2,".B.S*BBFX","","barnt001","","8/F","T",1,0,0,2,0,"F"
1,2,1,2,"BFTX","","barnt001","","7/F","T",1,0,0,2,0,"F"
0,0,1,2,".CBSFFS","","","","K","T",1,0,0,0,0,"F"
0,1,1,1,"BTH","","","","HP","T",0,1,0,0,0,"F"
0,1,0,1,"CX","knapa001","","","S1/BG.1-2","T",0,1,2,0,0,"F"
0,1,1,0,".BX","hernc005","knapa001","","64(1)3/GDP","T",2,0,0,2,0,"F"
1,0,3,2,".CBBTBFFX","","","","D7/F","T",0,2,0,0,0,"F"
1,0,0,0,"X","","peraj003","","D9/L.2-H","T",0,2,0,4,0,"F"
1,0,2,0,"BBX","","genns001","","S7/L-.2-H","T",0,1,0,4,0,"F"
1,0,0,2,"SCX","vottj001","","","64(1)3/GDP","T",2,0,0,0,0,"F"
1,2,3,2,"BFBCBX","","","","6/P","T",1,0,0,0,0,"F"
0,0,0,1,"CX","","","","43/G","T",1,0,0,0,0,"F"
0,1,3,1,"FBBBX","","","","31/G+","T",1,0,0,0,0,"F"
0,2,0,0,"X","","","","9/L+","T",1,0,0,0,0,"F"
0,0,2,2,"BCCBS","","","","K","T",1,0,0,0,0,"T"
0,1,0,0,"X","","","","8/F","T",1,0,0,0,0,"F"
0,2,3,0,"BBBX","","","","S7/L","T",0,1,0,0,0,"F"
0,2,2,2,"BBC1CB","herro001","","","WP.1-2","F",0,0,2,0,0,"F"
0,2,3,2,"BBC1CB.B","","herro001","","W","T",0,1,0,2,0,"F"
0,2,2,2,"BFBFS","hoskr001","herro001","","K","T",1,0,1,2,0,"F"
1,0,2,1,"BBFX","","","","9/F9LF","T",1,0,0,0,0,"F"
1,1,1,0,"BX","","","","63/G","T",1,0,0,0,0,"F"
1,2,1,2,"CBCX","","","","13/G","T",1,0,0,0,0,"F"
0,0,2,1,"CBBX","","","","S9/L","T",0,1,0,0,0,"F"
0,0,1,2,"CBSX","franm004","","","7/F","T",1,0,1,0,0,"F"
0,1,1,2,"C*BFS","franm004","","","K","T",1,0,1,0,0,"F"
0,2,2,2,"CS*BBS","franm004","","","K","T",1,0,1,0,0,"F"
1,0,1,2,"CSBT","","","","K","T",1,0,0,0,0,"F"
1,1,0,2,"FCS","","","","K","T",1,0,0,0,0,"F"
1,2,3,2,"BBBCCFX","","","","8/F","T",1,0,0,0,0,"F"
0,0,0,1,"CX","","","","S9/L+","T",0,1,0,0,0,"F"
0,0,0,1,"CX","santc002","","","8/F","T",1,0,1,0,0,"F"
0,1,1,1,"BSX","santc002","","","4/P","T",1,0,1,0,0,"F"
0,2,1,2,"BSCB","santc002","","","WP.1-2","F",0,0,2,0,0,"F"
0,2,3,2,"BSCB.B2FFS","","santc002","","K","T",1,0,0,2,0,"F"
1,0,0,1,"CX","","","","D7/G","T",0,2,0,0,0,"F"
1,0,3,1,"BBF*BX","","ervip001","","D7/L.2-H","T",0,2,0,4,0,"F"
1,0,2,1,"BBLX","","casac001","","14/BG/SH.2-3","T",1,0,0,3,0,"F"
1,1,0,1,"CX","","","casac001","63/G","T",1,0,0,0,3,"F"
1,2,1,0,"BX","","","casac001","HR/9/F.3-H","T",0,4,0,0,4,"F"
1,2,0,0,"X","","","","S7/L","T",0,1,0,0,0,"F"
1,2,1,2,"BFSS","vottj001","","","K","T",1,0,1,0,0,"F"
0,0,2,1,"BBCX","","","","S7/L","T",0,1,0,0,0,"F"
0,0,1,2,"CS*BFX","willn001","","","54(1)3/GDP","T",2,0,0,0,0,"F"
0,2,1,2,"FCFFBX","","","","9/F","T",1,0,0,0,0,"F"
1,0,0,1,"CX","","","","43/G","T",1,0,0,0,0,"F"
1,1,2,2,"FSBBX","","","","E5/TH/G.B-2","T",0,2,0,0,0,"F"
1,1,2,2,"BCSBT","","duvaa001","","K","T",1,0,0,2,0,"F"
1,2,3,0,"VVVV","","duvaa001","","IW","T",0,1,0,2,0,"F"
1,2,0,0,"X","casac001","duvaa001","","63/G","T",1,0,1,2,0,"F"
0,0,0,0,"X","","","","63/G+","T",1,0,0,0,0,"F"
0,1,1,2,"BCCS","","","","K","T",1,0,0,0,0,"F"
0,2,0,0,"X","","","","7/F","T",1,0,0,0,0,"F"
1,0,1,2,"BCFX","","","","43/G","T",1,0,0,0,0,"F"
1,1,1,0,"BX","","","","8/L","T",1,0,0,0,0,"F"
1,2,3,2,"BBCCBFFX","","","","S9/G","T",0,1,0,0,0,"F"
1,2,0,0,"X","vottj001","","","9/L","T",1,0,1,0,0,"F"
0,0,1,2,"CBCS","","","","K","T",1,0,0,0,0,"F"
0,1,1,2,"SFBT","","","","K","T",1,0,0,0,0,"F"
0,2,2,1,"BCBX","","","","4/P","T",1,0,0,0,0,"F"
1,0,0,0,"X","","","","S9/L+","T",0,1,0,0,0,"F"
1,0,1,1,"1SB1X","willm007","","","S9/G+.1-3","T",0,1,3,0,0,"F"
1,0,1,2,"BSFX","duvaa001","","willm007","7/F/SF.3-H","T",1,0,1,0,4,"F"
1,1,0,0,".X","duvaa001","","","64(1)3/GDP","T",2,0,0,0,0,"F"
0,0,2,2,"FBFBT","","","","K","T",1,0,0,0,0,"F"
0,1,3,2,"CBBFFFBX","","","","3/G","T",1,0,0,0,0,"F"
0,2,0,2,"FSX","","","","63/G","T",1,0,0,0,0,"F"
1,0,0,1,".CX","","","","S9/L","T",0,1,0,0,0,"F"
1,0,1,2,"11C1TB1X","hamib001","","","9/F","T",1,0,1,0,0,"F"
1,1,0,1,"1CX","hamib001","","","S9/G.1-3","T",0,1,3,0,0,"F"
1,1,1,0,"BX","genns001","","hamib001","8/F","T",1,0,1,0,3,"F"
1,2,1,2,"BSS>B","genns001","","hamib001","SB2","F",0,0,2,0,3,"F"
1,2,2,2,"BSS>B.C","","genns001","hamib001","K","T",1,0,0,2,3,"F"
0,0,0,2,"....CCC","","","","K","T",1,0,0,0,0,"F"
0,1,0,0,".X","","","","D9/G","T",0,2,0,0,0,"F"
0,1,1,2,"BCSS","","hernc005","","K","T",1,0,0,2,0,"F"
0,2,1,2,"CCBS","","hernc005","","K","T",1,0,0,2,0,"F"
1,0,0,0,"...X","","","","S4/G","T",0,1,0,0,0,"F"
1,0,0,2,"1CSC","willm007","","","K","T",1,0,1,0,0,"F"
1,1,3,1,".B1>FBB>S","willm007","","","SB2","F",0,0,2,0,0,"F"
1,1,3,2,".B1>FBB>S.S","","willm007","","K","T",1,0,0,2,0,"F"
1,2,3,2,"CF*BFBBB","","willm007","","W","T",0,1,0,2,0,"F"
1,2,0,2,".CCX","casac001","willm007","","7/L","T",1,0,1,2,0,"F"
0,0,0,2,".CFX","","","","S1/G","T",0,1,0,0,0,"F"
0,0,3,2,"CBBCBFFX","herro001","","","8/F+","T",1,0,1,0,0,"F"
0,1,0,1,"CX","herro001","","","S7/F.1-2","T",0,1,2,0,0,"F"
0,1,3,2,".BBBCSFX","willn001","herro001","","S9/G.2-3;1-2","T",0,1,2,3,0,"F"
0,1,3,2,"*BBCFFBS","franm004","willn001","herro001","K","T",1,0,1,2,3,"F"
0,2,1,2,"FBFS","franm004","willn001","herro001","K","T",1,0,1,2,3,"F"
0,0,3,1,"BBBCX","","","","7/L","T",1,0,0,0,0,"T"
0,1,2,2,"CCFBBX","","","","S8/L-","T",0,1,0,0,0,"F"
0,1,0,0,"X","goldp001","","","54(1)3/GDP","T",2,0,0,0,0,"F"
1,0,1,1,"CBX","","","","8/F","T",1,0,0,0,0,"F"
1,1,0,0,"X","","","","7/F","T",1,0,0,0,0,"F"
1,2,2,1,"CBBX","","","","63/G","T",1,0,0,0,0,"F"
0,0,1,2,"BFFS","","","","K","T",1,0,0,0,0,"F"
0,1,0,2,"CLX","","","","3/P","T",1,0,0,0,0,"F"
0,2,2,0,"BBX","","","","7/F","T",1,0,0,0,0,"F"
1,0,1,1,"CBX","","","","S68/G","T",0,1,0,0,0,"F"
1,0,1,2,"F11FBS","genns001","","","K","T",1,0,1,0,0,"F"
1,1,0,0,"X","genns001","","","46(1)3/GDP","T",2,0,0,0,0,"F"
0,0,1,2,"BSFX","","","","63/G","T",1,0,0,0,0,"F"
0,1,2,2,"CSBFBS","","","","K","T",1,0,0,0,0,"F"
0,2,0,2,"CCS","","","","K","T",1,0,0,0,0,"F"
1,0,0,0,"X","","","","7/F","T",1,0,0,0,0,"F"
1,1,0,2,"CFC","","","","K","T",1,0,0,0,0,"F"
1,2,0,1,"LX","","","","6/P","T",1,0,0,0,0,"F"
0,0,2,2,"BBFFX","","","","7/F","T",1,0,0,0,0,"F"
0,1,3,2,"CBCBBX","","","","4/L","T",1,0,0,0,0,"F"
0,2,2,2,"BSFBFX","","","","S7/G-","T",0,1,0,0,0,"F"
0,2,1,1,"BSX","polla001","","","8/F","T",1,0,1,0,0,"F"
1,0,0,0,"X","","","","S56/G","T",0,1,0,0,0,"F"
1,0,1,1,"11BFX","peraj003","","","7/F","T",1,0,1,0,0,"F"
1,1,0,0,"X","peraj003","","","S7/L.1-2","T",0,1,2,0,0,"F"
1,1,2,2,"CBCFFBX","suare001","peraj003","","7/F7LF","T",1,0,1,2,0,"F"
1,2,3,2,"BBSFB>B","suare001","peraj003","","W.2-3;1-2","T",0,1,2,3,0,"F"
1,2,0,1,"CX","ervip001","suare001","peraj003","43/G","T",1,0,1,2,3,"F"
0,0,1,2,"FSBC","","","","K","T",1,0,0,0,0,"F"
0,1,1,2,"BFFC","","","","K","T",1,0,0,0,0,"F"
0,2,1,2,"FSBX","","","","53/G","T",1,0,0,0,0,"F"
1,0,0,0,"X","","","","3/G","T",1,0,0,0,0,"F"
1,1,0,2,"CCFX","","","","43/G","T",1,0,0,0,0,"F"
1,2,0,0,"X","","","","43/G","T",1,0,0,0,0,"F"
0,0,3,2,"FBFBBT","","","","K","T",1,0,0,0,0,"F"
0,1,2,2,"CBCBC","","","","K","T",1,0,0,0,0,"F"
0,2,0,1,"SX","","","","53/G","T",1,0,0,0,0,"F"
1,0,0,1,"CX","","","","S8/L","T",0,1,0,0,0,"F"
1,0,1,2,"CBFF1FX","peraj003","","","S8/L.1-3","T",0,1,3,0,0,"F"
1,0,0,1,"FX","vottj001","","peraj003","7/F/SF.3-H","T",1,0,1,0,4,"F"
1,1,3,2,"FBBBFFS","vottj001","","","K","T",1,0,1,0,0,"F"
1,2,2,2,"FBBFS","vottj001","","","K","T",1,0,1,0,0,"F"
0,0,2,2,"TFBFBT","","","","K","T",1,0,0,0,0,"F"
0,1,0,0,"X","","","","63/G","T",1,0,0,0,0,"F"
0,2,2,2,"BCFBFS","","","","K","T",1,0,0,0,0,"F"
1,0,1,2,"CBLX","","","","9/F","T",1,0,0,0,0,"F"
1,1,2,0,"BBX","","","","D7/L","T",0,2,0,0,0,"F"
1,1,2,2,"BSSBX","","barnt001","","S9/L-.2-3","T",0,1,0,3,0,"F"
1,1,3,1,"S*BB*BX","desca001","","barnt001","S1/BG.3-H;1-H(UR)(E1/TH);B-2","T",0,2,5,0,4,"F"
1,1,0,2,"FFX","","hamib001","","8/F.2-3","T",1,0,0,3,0,"F"
1,2,3,0,"BBVV","","","hamib001","IW","T",0,1,0,0,3,"F"
1,2,0,0,">X","vottj001","","hamib001","53/G+","T",1,0,1,0,3,"F"
0,0,0,0,"X","","","","S7/L","T",0,1,0,0,0,"F"
0,0,1,0,".BX","souzs001","","","3/G-.1-2","T",1,0,2,0,0,"F"
0,1,0,2,"FFX","","souzs001","","S7/L.2-3","T",0,1,0,3,0,"F"
0,1,1,1,"C*BX","ahmen001","","souzs001","46(1)3/GDP","T",2,0,0,0,3,"F"
1,0,0,2,".CFC","","","","K","T",1,0,0,0,0,"F"
1,1,1,2,"CBFFS","","","","K","T",1,0,0,0,0,"F"
1,2,1,0,"BX","","","","S9/L","T",0,1,0,0,0,"F"
1,2,3,2,"CB*BBF>C","willm007","","","K","T",1,0,1,0,0,"F"
0,0,0,2,"...CSX","","","","9/F","T",1,0,0,0,0,"F"
0,1,1,2,"TBFX","","","","43/G","T",1,0,0,0,0,"F"
0,2,2,0,"BBX","","","","D7/L+","T",0,2,0,0,0,"F"
0,2,3,2,"BCBBFS","","goldp001","","K","T",1,0,0,2,0,"F"
0,0,0,1,"CX","","","","7/F","T",1,0,0,0,0,"T"
0,1,0,0,"X","","","","8/F+","T",1,0,0,0,0,"F"
0,2,2,0,"BBX","","","","S67/G+","T",0,1,0,0,0,"F"
0,2,3,2,"CFB1BFFB>B","polla001","","","W.1-2","T",0,1,2,0,0,"F"
0,2,1,2,"C*BFFC","escoe001","polla001","","K","T",1,0,1,2,0,"F"
1,0,1,2,"BCSS","","","","K","T",1,0,0,0,0,"F"
1,1,3,1,"BBBCB","","","","W","T",0,1,0,0,0,"F"
1,1,3,2,"BBFBCFB","herrd002","","","W.1-2","T",0,1,2,0,0,"F"
1,1,0,1,"CB","genns001","herrd002","","WP.2-3;1-2","F",0,0,2,3,0,"F"
1,1,3,2,"CB.*BFFBS","","genns001","herrd002","K","T",1,0,0,2,3,"F"
1,2,2,2,"FB*BFX","","genns001","herrd002","43/G","T",1,0,0,2,3,"F"
0,0,3,2,"CBBBFX","","","","5/P","T",1,0,0,0,0,"F"
0,1,2,2,"SFFBBFS","","","","K","T",1,0,0,0,0,"F"
0,2,2,2,"BBSFC","","","","K","T",1,0,0,0,0,"F"
1,0,2,2,"CBBFS","","","","K","T",1,0,0,0,0,"F"
1,1,1,0,"BX","","","","S8/L","T",0,1,0,0,0,"F"
1,1,3,2,"LBBFBS","casac001","","","K","T",1,0,1,0,0,"F"
1,2,1,1,"BFX","casac001","","","8/L","T",1,0,1,0,0,"F"
0,0,3,1,"BBCBX","","","","3/G","T",1,0,0,0,0,"F"
0,1,1,0,"BX","","","","13/G-","T",1,0,0,0,0,"F"
0,2,3,2,"BBCFBX","","","","63/G","T",1,0,0,0,0,"F"
1,0,0,2,"CSFFX","","","","9/F","T",1,0,0,0,0,"F"
1,1,2,2,"BSSBX","","","","7/F","T",1,0,0,0,0,"F"
1,2,1,2,"CBFX","","","","8/F","T",1,0,0,0,0,"F"
0,0,1,1,"BFX","","","","S9/G","T",0,1,0,0,0,"F"
0,0,2,2,"*BBCFFFX","polla001","","","HR/9/F.1-H","T",0,4,4,0,0,"F"
0,0,2,2,"CCBBS","","","","K","T",1,0,0,0,0,"F"
0,1,2,1,"CBBX","","","","7/F","T",1,0,0,0,0,"F"
0,2,3,2,"BBBCSX","","","","53/G","T",1,0,0,0,0,"F"
1,0,1,0,"BH","","","","HP","T",0,1,0,0,0,"F"
1,0,3,2,"BFTBFBX","suare001","","","D7/L+.1-H","T",0,2,4,0,0,"F"
1,0,2,2,"BBCFFFX","","ervip001","","7/F.2-3","T",1,0,0,3,0,"F"
1,1,2,2,"CB*BSS","","","ervip001","K","T",1,0,0,0,3,"F"
1,2,2,2,"*BBCSX","","","ervip001","S9/L.3-H","T",0,1,0,0,4,"F"
1,2,0,2,"FCS","harvm001","","","K","T",1,0,1,0,0,"F"
0,0,3,2,"BCBSBC","","","","K","T",1,0,0,0,0,"F"
0,1,0,2,"CSX","","","","D7/L","T",0,2,0,0,0,"F"
0,1,0,0,"X","","ray-r002","","8/F","T",1,0,0,2,0,"F"
0,2,0,2,"FFS","","ray-r002","","K","T",1,0,0,2,0,"F"
1,0,0,2,"FFX","","","","S9/L-","T",0,1,0,0,0,"F"
1,0,1,2,"SB1S>FFF11>FF>B","peraj003","","","CS2(26)","F",1,0,0,0,0,"F"
1,1,3,2,"SB1S>FFF11>FF>B.BX","","","","63/G","T",1,0,0,0,0,"F"
1,2,1,2,"BSSFX","","","","5/P","T",1,0,0,0,0,"F"
0,0,0,2,"TFS","","","","K","T",1,0,0,0,0,"F"
0,1,0,1,"FX","","","","6/P","T",1,0,0,0,0,"F"
0,2,0,0,"X","","","","3/P9LF-","T",1,0,0,0,0,"F"
1,0,1,2,".CFBX","","","","63/G","T",1,0,0,0,0,"F"
1,1,2,1,"BBFX","","","","3/G","T",1,0,0,0,0,"F"
1,2,0,0,"X","","","","S8/G","T",0,1,0,0,0,"F"
1,2,1,0,"BX","dixob001","","","23/G-","T",1,0,1,0,0,"F"
0,0,0,1,"CX","","","","43/G","T",1,0,0,0,0,"F"
0,1,1,0,"BX","","","","S7/L","T",0,1,0,0,0,"F"
0,1,0,0,"X","ahmen001","","","54(1)3/GDP","T",2,0,0,0,0,"F"
1,0,1,2,"..BCTS","","","","K","T",1,0,0,0,0,"F"
1,1,2,2,"CBBCX","","","","S8/L","T",0,1,0,0,0,"F"
1,1,3,1,"..BBBCX","hamib001","","","8/F","T",1,0,1,0,0,"F"
1,2,1,0,".B>C","hamib001","","","SB2","F",0,0,2,0,0,"F"
1,2,3,1,".B>C.VVV","","hamib001","","IW","T",0,1,0,2,0,"F"
1,2,1,2,"SSBF2>X","vottj001","hamib001","","8/L","T",1,0,1,2,0,"F"
0,0,2,2,"...BCFBFX","","","","3/P","T",1,0,0,0,0,"F"
0,1,1,2,"CSFBFX","","","","HR/9/F","T",0,4,0,0,0,"F"
0,1,0,0,"X","","","","D7/L+","T",0,2,0,0,0,"F"
0,1,0,0,"X","","goldp001","","13/G.2-3","T",1,0,0,3,0,"F"
0,2,3,2,".CFBFBBX","","","goldp001","7/F","T",1,0,0,0,3,"F"
1,0,1,1,"BCH","","","","HP","T",0,1,0,0,0,"F"
1,0,0,1,"FX","suare001","","","53/G-.1-2","T",1,0,2,0,0,"F"
1,1,1,2,"*BCSFS","","suare001","","K","T",1,0,0,2,0,"F"
1,2,3,0,"*BBBB","","suare001","","W","T",0,1,0,2,0,"F"
1,2,3,2,".CBBBF>F>X","casac001","suare001","","D8/L.2-H;1-H","T",0,2,4,4,0,"F"
1,2,1,1,".BCX","","barnt001","","S18/L+.2-H","T",0,1,0,4,0,"F"
1,2,0,0,"1*B","hamib001","","","SB2","F",0,0,2,0,0,"F"
1,2,3,0,"1*B.VVV","","hamib001","","IW","T",0,1,0,2,0,"F"
1,2,0,0,"X","peraj003","hamib001","","S7/G.2-H;1-2","T",0,1,2,4,0,"F"
1,2,1,1,"S*BX","vottj001","peraj003","","13/G","T",1,0,1,2,0,"F"
0,0,0,0,".X","","","","6/L-","T",1,0,0,0,0,"F"
0,1,1,2,"CSBFX","","","","63/G","T",1,0,0,0,0,"F"
0,2,2,2,"BBFSS","","","","K","T",1,0,0,0,0,"F"
0,0,1,2,"CBTFFFFX","","","","S7/L","T",0,1,0,0,0,"T"
0,0,0,0,"X","jay-j001","","","4/P","T",1,0,1,0,0,"F"
0,1,3,1,"BBBSB","jay-j001","","","W.1-2","T",0,1,2,0,0,"F"
0,1,1,2,"CBCS","perad001","jay-j001","","K","T",1,0,1,2,0,"F"
0,2,0,2,"CFX","perad001","jay-j001","","HR/8/F.2-H;1-H","T",0,4,4,4,0,"F"
0,2,1,2,"CFFBFS","","","","K","T",1,0,0,0,0,"F"
1,0,2,2,"CCBFFBX","","","","8/L","T",1,0,0,0,0,"F"
1,1,3,2,"CBBBCS","","","","K","T",1,0,0,0,0,"F"
1,2,1,0,"BX","","","","8/F+","T",1,0,0,0,0,"F"
0,0,1,2,"FBFX","","","","8/F","T",1,0,0,0,0,"F"
0,1,1,0,"BX","","","","43/G","T",1,0,0,0,0,"F"
0,2,2,2,"CBCBFX","","","","8/L","T",1,0,0,0,0,"F"
1,0,0,1,"CX","","","","S9/L","T",0,1,0,0,0,"F"
1,0,1,0,"BX","suare001","","","S9/L.1-2","T",0,1,2,0,0,"F"
1,0,3,2,"*BBFBSS","willm007","suare001","","K","T",1,0,1,2,0,"F"
1,1,3,2,"BFBFBX","willm007","suare001","","36(1)/FO/G.2-H(UR)(E1)(NR);B-2","T",1,2,0,5,0,"F"
1,2,1,2,"FBSS","","tuckp001","","K","T",1,0,0,2,0,"F"
0,0,0,2,"CCS","","","","K","T",1,0,0,0,0,"F"
0,1,3,2,"CBFBBS","","","","K","T",1,0,0,0,0,"F"
0,2,0,0,"X","","","","31/G","T",1,0,0,0,0,"F"
1,0,2,2,"BCBCX","","","","3/G","T",1,0,0,0,0,"F"
1,1,1,0,"BX","","","","T9/L","T",0,3,0,0,0,"F"
1,1,1,1,"F*BX","","","peraj003","8/L/SF.3-H","T",1,0,0,0,4,"F"
1,2,2,2,"BCCBFFT","","","","K","T",1,0,0,0,0,"F"
0,0,0,0,"X","","","","8/F","T",1,0,0,0,0,"F"
0,1,1,2,"BCCC","","","","K","T",1,0,0,0,0,"F"
0,2,2,2,"CBTBX","","","","6/P","T",1,0,0,0,0,"F"
1,0,1,1,"CBX","","","","53/G","T",1,0,0,0,0,"F"
1,1,1,0,"BX","","","","63/G","T",1,0,0,0,0,"F"
1,2,1,0,"BX","","","","43/G+","T",1,0,0,0,0,"F"
0,0,3,1,"FBBBX","","","","53/G","T",1,0,0,0,0,"F"
0,1,3,2,"SBSBBS","","","","K","T",1,0,0,0,0,"F"
0,2,0,2,"CSS","","","","K","T",1,0,0,0,0,"F"
1,0,1,2,"FFBS","","","","K","T",1,0,0,0,0,"F"
1,1,0,2,"CCX","","","","63/G","T",1,0,0,0,0,"F"
1,2,1,2,"CFFBFX","","","","S8/L","T",0,1,0,0,0,"F"
1,2,1,1,"BFX","hamib001","","","63/G","T",1,0,1,0,0,"F"
0,0,1,2,"CBFX","","","","S7/G","T",0,1,0,0,0,"F"
0,0,0,1,"CX","jay-j001","","","HR/89/F.1-H","T",0,4,4,0,0,"F"
0,0,0,1,"CX","","","","63/G+","T",1,0,0,0,0,"F"
0,1,1,2,"CSBX","","","","13/G","T",1,0,0,0,0,"F"
0,2,1,1,"FBX","","","","D9/L+","T",0,2,0,0,0,"F"
0,2,1,0,".BX","","descd001","","31/G","T",1,0,0,2,0,"F"
1,0,3,1,"CBBB*B","","","","W","T",0,1,0,0,0,"F"
1,0,0,0,"X","vottj001","","","36(1)/FO/G","T",1,1,0,0,0,"F"
1,1,1,0,"BX","genns001","","","S8/L.1-2","T",0,1,2,0,0,"F"
1,1,0,1,"CX","suare001","genns001","","46(1)3/GDP","T",2,0,0,2,0,"F"
0,0,1,1,"FBX","","","","8/F+","T",1,0,0,0,0,"F"
0,1,3,2,"CBCBBB","","","","W","T",0,1,0,0,0,"F"
0,1,0,2,"LM1X","avila001","","","14/BG/SH.1-2","T",1,0,2,0,0,"F"
0,2,0,2,".SFFFX","","avila001","","43/G","T",1,0,0,2,0,"F"
1,0,0,0,"X","","","","8/F","T",1,0,0,0,0,"F"
1,1,3,2,"BCBBFFFS","","","","K","T",1,0,0,0,0,"F"
1,2,1,2,".CFBX","","","","S7/L","T",0,1,0,0,0,"F"
1,2,1,2,".BFCS","herrd002","","","K","T",1,0,1,0,0,"F"
0,0,1,1,".CBX","","","","D7/L","T",0,2,0,0,0,"F"
0,0,3,2,"FBBBFB","","goldp001","","W","T",0,1,0,2,0,"F"
0,0,1,2,"SBFS","perad001","goldp001","","K","T",1,0,1,2,0,"F"
0,1,1,2,"TBTX","perad001","goldp001","","7/F","T",1,0,1,2,0,"F"
0,2,1,1,"BCX","perad001","goldp001","","36(1)/FO/G","T",1,1,0,2,0,"F"
1,0,2,2,"..FBCBX","","","","S9/G","T",0,1,0,0,0,"F"
1,0,2,1,"CBBX","peraj003","","","6/L","T",1,0,1,0,0,"F"
1,1,1,2,"FBFFX","peraj003","","","46(1)3/GDP","T",2,0,0,0,0,"F"
0,0,0,1,"FX","","","","D7/L+","T",0,2,0,0,0,"F"
0,0,1,2,"F*BTC","","ahmen001","","K","T",1,0,0,2,0,"F"
0,1,1,1,"FBX","","ahmen001","","HR/89/L.2-H","T",0,4,0,4,0,"F"
0,1,1,2,"BSFFS","","","","K","T",1,0,0,0,0,"F"
0,2,3,2,"BBBCFX","","","","HR/78/F","T",0,4,0,0,0,"F"
0,2,0,2,"CTX","","","","HR/7/F","T",0,4,0,0,0,"F"
0,2,1,2,"SBCX","","","","8/L+","T",1,0,0,0,0,"F"
1,0,2,1,".BBCX","","","","63/G","T",1,0,0,0,0,"F"
1,1,2,2,"BFSBS","","","","K","T",1,0,0,0,0,"F"
1,2,1,1,"FBX","","","","43/G","T",1,0,0,0,0,"F"
0,0,3,2,"BBBCCFFX","","","","S9/L","T",0,1,0,0,0,"T"
0,0,0,0,">C","lindf001","","","CS2(26)","F",1,0,0,0,0,"F"
0,1,1,2,">C.BFS","","","","K","T",1,0,0,0,0,"F"
0,2,2,1,"BFBX","","","","S7/F-","T",0,1,0,0,0,"F"
0,2,0,0,"X","ramij003","","","7/F","T",1,0,1,0,0,"F"
1,0,0,0,"X","","","","63/G","T",1,0,0,0,0,"F"
1,1,2,2,"BCCBX","","","","63/G","T",1,0,0,0,0,"F"
1,2,1,2,"CCBT","","","","K","T",1,0,0,0,0,"F"
0,0,0,1,"CX","","","","8/F","T",1,0,0,0,0,"F"
0,1,1,2,"BFFS","","","","K","T",1,0,0,0,0,"F"
0,2,0,2,"CSX","","","","D7/L","T",0,2,0,0,0,"F"
0,2,1,2,"CF*BX","","gomey001","","63/G","T",1,0,0,2,0,"F"
1,0,3,2,"CBBBFX","","","","43/G","T",1,0,0,0,0,"F"
1,1,2,0,"BBX","","","","HR/78/F","T",0,4,0,0,0,"F"
1,1,2,1,"BFBX","","","","S9/L+","T",0,1,0,0,0,"F"
1,1,1,2,"CBSS","willm007","","","K","T",1,0,1,0,0,"F"
1,2,3,1,"BBBC1B","willm007","","","W.1-2","T",0,1,2,0,0,"F"
1,2,1,2,"SSBS","tuckp001","willm007","","K","T",1,0,1,2,0,"F"
0,0,2,2,"CBBCS","","","","K","T",1,0,0,0,0,"F"
0,1,1,2,"CBFS","","","","K","T",1,0,0,0,0,"F"
0,2,1,2,"FFBX","","","","S8/G","T",0,1,0,0,0,"F"
0,2,1,2,"SCBX","branm003","","","HR/9/F.1-H","T",0,4,4,0,0,"F"
0,2,0,1,"CX","","","","D7/L+","T",0,2,0,0,0,"F"
0,2,0,2,"CFX","","alony001","","43/G","T",1,0,0,2,0,"F"
1,0,3,2,"CCFBFBBX","","","","63/G","T",1,0,0,0,0,"F"
1,1,0,0,"X","","","","D8/F","T",0,2,0,0,0,"F"
1,1,3,2,"FSBB*BB","","vottj001","","W","T",0,1,0,2,0,"F"
1,1,2,1,"BBFX","suare001","vottj001","","7/F","T",1,0,1,2,0,"F"
1,2,3,2,"BFBBF>B","suare001","vottj001","","W.2-3;1-2","T",0,1,2,3,0,"F"
1,2,0,2,"CFS","barnt001","suare001","vottj001","K","T",1,0,1,2,3,"F"
0,0,1,2,"CBCX","","","","S9/L","T",0,1,0,0,0,"F"
0,0,2,1,"*BFB1X","kipnj001","","","E6/FO/G.1-2","T",0,1,2,0,0,"F"
0,0,0,0,"N","gomey001","kipnj001","","BK.2-3;1-2","F",0,0,2,3,0,"F"
0,0,0,0,"N.X","","gomey001","kipnj001","1/BL","T",1,0,0,2,3,"F"
0,1,1,2,"FS*BT","","gomey001","kipnj001","K","T",1,0,0,2,3,"F"
0,2,3,2,"BBFF*B*B","","gomey001","kipnj001","W","T",0,1,0,2,3,"F"
0,2,0,2,"CSFX","lindf001","gomey001","kipnj001","43/G","T",1,0,1,2,3,"F"
1,0,0,2,"CCX","","","","S8/L","T",0,1,0,0,0,"F"
1,0,1,0,"BX","ervip001","","","7/F","T",1,0,1,0,0,"F"
1,1,0,0,"1X","ervip001","","","1/BP","T",1,0,1,0,0,"F"
1,2,1,2,"C11B>F>B","ervip001","","","SB2","F",0,0,2,0,0,"F"
1,2,3,2,"C11B>F>B.BFB","","ervip001","","W+WP.2-3","T",0,1,0,3,0,"F"
1,2,3,1,"BB1FBB","peraj003","","ervip001","W.1-2","T",0,1,2,0,3,"F"
1,2,2,2,"FSBBX","vottj001","peraj003","ervip001","13/G-","T",1,0,1,2,3,"F"
0,0,2,2,"BCFBX","","","","31/G","T",1,0,0,0,0,"F"
0,1,3,1,"BBBTX","","","","9/L","T",1,0,0,0,0,"F"
0,2,2,0,"BBX","","","","S9/L+","T",0,1,0,0,0,"F"
0,2,1,0,"BX","cabrm002","","","8/L","T",1,0,1,0,0,"F"
1,0,1,1,"BFX","","","","HR/9/F","T",0,4,0,0,0,"F"
1,0,3,0,"BBBB","","","","W","T",0,1,0,0,0,"F"
1,0,2,0,"BBX","barnt001","","","5/P5F","T",1,0,1,0,0,"F"
1,1,0,2,"FCFX","barnt001","","","46(1)3/GDP","T",2,0,0,0,0,"F"
0,0,0,1,"FX","","","","8/L","T",1,0,0,0,0,"F"
0,1,1,0,"BX","","","","S7/G","T",0,1,0,0,0,"F"
0,1,0,1,".T>B","alleg002","","","SB2","F",0,0,2,0,0,"F"
0,1,3,2,".T>B.BFF*BFX","","alleg002","","D7/L.2-H","T",0,2,0,4,0,"F"
0,1,3,0,"VVVV","","diazy001","","IW","T",0,1,0,2,0,"F"
0,1,2,0,"..BBX","lindf001","diazy001","","D9/L.2-H;1-3","T",0,2,3,4,0,"F"
0,1,3,0,"VVVV","","branm003","lindf001","IW","T",0,1,0,2,3,"F"
0,1,3,2,"SS*BBBT","ramij003","branm003","lindf001","K","T",1,0,1,2,3,"F"
0,2,0,1,"FX","ramij003","branm003","lindf001","S8/L.3-H;2-H;1-3;B-2(TH)","T",0,2,3,4,4,"F"
0,2,0,0,".X","","guyeb001","ramij003","D8/F.3-H;2-H","T",0,2,0,4,4,"F"
0,2,1,0,"BX","","kipnj001","","D7/L.2-H","T",0,2,0,4,0,"F"
0,2,1,0,"BX","","gomey001","","8/F","T",1,0,0,2,0,"F"
1,0,2,2,"..CSBBS","","","","K","T",1,0,0,0,0,"F"
1,1,0,1,"FX","","","","D7/G","T",0,2,0,0,0,"F"
1,1,1,1,"CBX","","dixob001","","S5/G.2-2","T",0,1,0,2,0,"F"
1,1,0,0,"X","peraj003","dixob001","","7/F","T",1,0,1,2,0,"F"
1,2,2,1,"CBBX","peraj003","dixob001","","64(1)/FO/G","T",1,1,0,2,0,"F"
0,0,0,2,"...CSS","","","","K","T",1,0,0,0,0,"F"
0,1,3,2,"BCCBBX","","","","S7/G+","T",0,1,0,0,0,"F"
0,1,1,2,"CC*BFX","lindf001","","","S8/L.1-3","T",0,1,3,0,0,"F"
0,1,2,0,"*B*B1X","branm003","","lindf001","S7/L.3-H;1-2","T",0,1,2,0,4,"F"
0,1,2,2,"FFBFBX","ramij003","branm003","","2/P2F","T",1,0,1,2,0,"F"
0,2,1,1,"C*BX","ramij003","branm003","","13/G","T",1,0,1,2,0,"F"
1,0,0,2,".CSS","","","","K","T",1,0,0,0,0,"F"
1,1,1,0,"BX","","","","43/G","T",1,0,0,0,0,"F"
1,2,0,1,"CX","","","","43/G","T",1,0,0,0,0,"F"
0,0,0,1,"..CX","","","","8/F","T",1,0,0,0,0,"F"
0,1,1,1,"BSX","","","","S9/L","T",0,1,0,0,0,"F"
0,1,2,2,"FCB*BS","gomey001","","","K","T",1,0,1,0,0,"F"
0,2,0,0,".X","gomey001","","","13/G","T",1,0,1,0,0,"F"
1,0,2,2,".CBBCX","","","","HR/78/F","T",0,4,0,0,0,"F"
1,0,1,2,"CBFC","","","","K","T",1,0,0,0,0,"F"
1,1,2,2,"BFSBFC","","","","K","T",1,0,0,0,0,"F"
1,2,1,2,"CBFX","","","","13/G","T",1,0,0,0,0,"F"
0,0,1,1,"..CBX","","","","5/P","T",1,0,0,0,0,"F"
0,1,2,1,"BFBX","","","","7/F","T",1,0,0,0,0,"F"
0,2,0,2,"CCS","","","","K","T",1,0,0,0,0,"F"
1,0,1,2,".BSFS","","","","K","T",1,0,0,0,0,"F"
1,1,2,2,"CBFBX","","","","S9/G","T",0,1,0,0,0,"F"
1,1,1,1,"C*BX","suare001","","","S8/G.1-2","T",0,1,2,0,0,"F"
1,1,2,1,"BFBX","lorem002","suare001","","6/P","T",1,0,1,2,0,"F"
1,2,2,2,"FSBFBX","lorem002","suare001","","43/G","T",1,0,1,2,0,"F"
0,0,2,1,"BCBX","","","","S48/G","T",0,1,0,0,0,"T"
0,0,3,1,"FBB*BB","lindf001","","","W.1-2","T",0,1,2,0,0,"F"
0,0,2,1,"BBFX","branm003","lindf001","","S9/G+.2-H;1-3;B-2(TH)","T",0,2,3,4,0,"F"
0,0,1,0,"BX","","ramij003","branm003","S8/L.3-H;2-H","T",0,1,0,4,4,"F"
0,0,1,0,"BX","alony001","","","S7/G+.1-2","T",0,1,2,0,0,"F"
0,0,2,1,"CBBX","cabrm002","alony001","","46(1)/FO/G.2-3","T",1,1,0,3,0,"F"
0,1,3,1,"*BFBBX","kipnj001","","alony001","53/G.3-H;1-2","T",1,0,2,0,4,"F"
0,2,3,0,"VVVV","","kipnj001","","IW","T",0,1,0,2,0,"F"
0,2,1,2,"BCSFF>B","alleg002","kipnj001","","SB3","F",0,0,1,3,0,"F"
0,2,2,2,"BCSFF>B.S","alleg002","","kipnj001","K","T",1,0,1,0,3,"F"
1,0,1,1,"CBX","","","","9/F","T",1,0,0,0,0,"F"
1,1,1,2,"SSBC","","","","K","T",1,0,0,0,0,"F"
1,2,0,1,"FX","","","","53/G","T",1,0,0,0,0,"F"
0,0,2,0,"BBX","","","","4/P","T",1,0,0,0,0,"F"
0,1,0,0,"X","","","","S8/L","T",0,1,0,0,0,"F"
0,1,2,0,"BBX","branm003","","","D9/G+.1-3","T",0,2,3,0,0,"F"
0,1,0,2,"FFX","","ramij003","branm003","8/F/SF.3-H","T",1,0,0,2,4,"F"
0,2,0,0,"X","","ramij003","","S7/L.2-H","T",0,1,0,4,0,"F"
0,2,1,1,".BCX","cabrm002","","","9/L","T",1,0,1,0,0,"F"
1,0,1,2,"FCBT","","","","K","T",1,0,0,0,0,"F"
1,1,1,2,"BFCX","","","","6/L","T",1,0,0,0,0,"F"
1,2,1,2,"CBFC","","","","K","T",1,0,0,0,0,"F"
0,0,0,0,"X","","","","9/F","T",1,0,0,0,0,"F"
0,1,3,2,"CBSFBBX","","","","S1/L","T",0,1,0,0,0,"F"
0,1,1,2,"L*BOC","alleg002","","","K","T",1,0,1,0,0,"F"
0,2,1,1,"BCX","alleg002","","","9/L","T",1,0,1,0,0,"F"
1,0,2,1,"BBCX","","","","S8/G+","T",0,1,0,0,0,"F"
1,0,2,0,"BBX","tuckp001","","","46(1)3/GDP","T",2,0,0,0,0,"F"
1,2,3,1,"BBBCB","","","","W","T",0,1,0,0,0,"F"
1,2,1,0,"B>C","hamib001","","","CS2(26)","F",1,0,0,0,0,"F"
0,0,2,2,"BCBSX","","","","43/G","T",1,0,0,0,0,"F"
0,1,2,2,"CCBBX","","","","43/G+","T",1,0,0,0,0,"F"
0,2,2,0,"BBX","","","","7/F","T",1,0,0,0,0,"F"
1,0,1,1,"CBX","","","","43/G","T",1,0,0,0,0,"F"
1,1,0,0,"X","","","","31/G","T",1,0,0,0,0,"F"
1,2,1,1,"BFX","","","","7/L+","T",1,0,0,0,0,"F"
0,0,1,1,"CBX","","","","S7/F","T",0,1,0,0,0,"F"
0,0,3,1,"FBBBB","cabrm002","","","W.1-2","T",0,1,2,0,0,"F"
0,0,3,2,"CBF*BBB","kipnj001","cabrm002","","W.2-3;1-2","T",0,1,2,3,0,"F"
0,0,0,2,"CCX","gomey001","kipnj001","cabrm002","46(1)3/GDP.3-H(NR);2-3","T",2,0,0,3,4,"F"
0,2,0,0,"X","","","kipnj001","6/P","T",1,0,0,0,3,"F"
1,0,1,1,"FBX","","","","43/G","T",1,0,0,0,0,"F"
1,1,1,0,"BX","","","","3/G","T",1,0,0,0,0,"F"
1,2,0,1,"CX","","","","S9/G","T",0,1,0,0,0,"F"
1,2,3,1,"BCBBB","willm007","","","W.1-2","T",0,1,2,0,0,"F"
1,2,1,2,"FBFFX","tuckp001","willm007","","8/L","T",1,0,1,2,0,"F"
0,0,1,1,"FBX","","","","43/G","T",1,0,0,0,0,"F"
0,1,2,2,"CFBBX","","","","53/G","T",1,0,0,0,0,"F"
0,2,3,2,"FBFBFBX","","","","HR/9/F","T",0,4,0,0,0,"F"
0,2,1,0,"BX","","","","7/F","T",1,0,0,0,0,"F"
1,0,2,2,"FFBBX","","","","S6/L-","T",0,1,0,0,0,"F"
1,0,0,2,"CFS","hamib001","","","K","T",1,0,1,0,0,"F"
1,1,0,2,"CCFS","hamib001","","","K","T",1,0,1,0,0,"F"
1,2,3,2,"CBBCB>F>S","hamib001","","","K","T",1,0,1,0,0,"F"
0,0,0,2,"...CFC","","","","K","T",1,0,0,0,0,"F"
0,1,1,0,"BX","","","","43/G","T",1,0,0,0,0,"F"
0,2,1,2,"CFBS","","","","K","T",1,0,0,0,0,"F"
1,0,2,2,".CBBCX","","","","7/F","T",1,0,0,0,0,"F"
1,1,0,0,"X","","","","T9/G","T",0,3,0,0,0,"F"
1,1,2,2,"FBBCS","","","barnt001","K","T",1,0,0,0,3,"F"
1,2,2,0,"BBX","","","barnt001","S9/L+.3-H","T",0,1,0,0,4,"F"
1,2,2,1,"BFBX","tuckp001","","","6(1)/FO/G","T",1,1,0,0,0,"F"
0,0,3,1,".TBBBX","","","","7/F","T",1,0,0,0,0,"F"
0,1,2,2,".FBBSS","","","","K","T",1,0,0,0,0,"F"
0,2,1,1,"BCX","","","","8/F","T",1,0,0,0,0,"F"
1,0,0,2,"..SFFS","","","","K","T",1,0,0,0,0,"F"
1,1,3,2,".BSCBBS","","","","K","T",1,0,0,0,0,"F"
1,2,1,2,"BCFX","","","","7/F","T",1,0,0,0,0,"F"
0,0,1,2,"..CCBS","","","","K","T",1,0,0,0,0,"F"
0,1,0,2,"CSFC","","","","K","T",1,0,0,0,0,"F"
0,2,3,2,"FBBSBS","","","","K","T",1,0,0,0,0,"F"
1,0,2,0,"..BBX","","","","9/F","T",1,0,0,0,0,"F"
1,1,2,2,"FSFBBX","","","","43/G","T",1,0,0,0,0,"F"
1,2,0,1,"FX","","","","5/L","T",1,0,0,0,0,"F"
0,0,3,2,"CBBFBB","","","","W","T",0,1,0,0,0,"T"
0,0,1,1,"F1B1X","lindf001","","","S68/L+.1-2","T",0,1,2,0,0,"F"
0,0,3,1,"BBBFX","branm003","lindf001","","8/F","T",1,0,1,2,0,"F"
0,1,3,2,"BBSBFS","branm003","lindf001","","K","T",1,0,1,2,0,"F"
0,2,2,2,"CS*BBS","branm003","lindf001","","K","T",1,0,1,2,0,"F"
1,0,0,1,"CX","","","","D8/L+","T",0,2,0,0,0,"F"
1,0,2,2,"SC*B*BFX","","peraj003","","8/F+.2-3","T",1,0,0,3,0,"F"
1,1,1,2,"SBSS","","","peraj003","K","T",1,0,0,0,3,"F"
1,2,1,2,"CBFX","","","peraj003","S9/L.3-H","T",0,1,0,0,4,"F"
1,2,3,2,"B*BC*BF>X","genns001","","","HR/89/L.1-H","T",0,4,4,0,0,"F"
1,2,2,2,"BBCFX","","","","D8/L+","T",0,2,0,0,0,"F"
1,2,0,2,"FCX","","barnt001","","43/G","T",1,0,0,2,0,"F"
0,0,3,0,"BBBB","","","","W","T",0,1,0,0,0,"F"
0,0,0,0,"B","kipnj001","","","WP.1-2","F",0,0,2,0,0,"F"
0,0,2,1,"B.CBX","","kipnj001","","S8/G+.2-H","T",0,1,0,4,0,"F"
0,0,1,0,"1B>B","alleg002","","","SB2","F",0,0,2,0,0,"F"
0,0,2,0,"1B>B.X","","alleg002","","7/F.2-3","T",1,0,0,3,0,"F"
0,1,3,0,"BBBB","","","alleg002","W","T",0,1,0,0,3,"F"
0,1,2,2,"CFF*BFBFFFFFX","biebs001","","alleg002","3/G.3-H;1-2","T",1,0,2,0,4,"F"
0,2,3,1,"*BBBCB","","biebs001","","W","T",0,1,0,2,0,"F"
0,2,2,1,".CBBX","branm003","biebs001","","9/F","T",1,0,1,2,0,"F"
1,0,2,2,"BBCCS","","","","K","T",1,0,0,0,0,"F"
1,1,3,2,"FBBFBFFX","","","","D8/L","T",0,2,0,0,0,"F"
1,1,0,0,"X","","hamib001","","9/F","T",1,0,0,2,0,"F"
1,2,1,0,"*BB","","hamib001","","WP.2-3","F",0,0,0,3,0,"F"
1,2,2,0,"*BB.X","","","hamib001","7/L","T",1,0,0,0,3,"F"
0,0,1,1,"CBX","","","","S7/G","T",0,1,0,0,0,"F"
0,0,0,0,"X","alony001","","","64(1)3/GDP","T",2,0,0,0,0,"F"
0,2,1,0,"BX","","","","8/L","T",1,0,0,0,0,"F"
1,0,3,2,"CBBCBT","","","","K","T",1,0,0,0,0,"F"
1,1,1,1,"BFX","","","","63/G","T",1,0,0,0,0,"F"
1,2,3,1,"BFBBB","","","","W","T",0,1,0,0,0,"F"
1,2,0,0,"X","tuckp001","","","S5/BG.1-3(E5/TH)","T",0,1,3,0,0,"F"
1,2,1,1,"BFX","barnt001","","tuckp001","8/F","T",1,0,1,0,3,"F"
0,0,0,0,"X","","","","53/G","T",1,0,0,0,0,"F"
0,1,2,2,"CBCFBC","","","","K","T",1,0,0,0,0,"F"
0,2,2,2,"BSFBX","","","","63/G","T",1,0,0,0,0,"F"
1,0,1,2,"BCFS","","","","K","T",1,0,0,0,0,"F"
1,1,1,1,"FBX","","","","8/F","T",1,0,0,0,0,"F"
1,2,1,1,"CBX","","","","2/P2F","T",1,0,0,0,0,"F"
0,0,0,2,"CFFX","","","","63/G","T",1,0,0,0,0,"F"
0,1,2,2,"CBBCFFFFFFFX","","","","43/G","T",1,0,0,0,0,"F"
0,2,1,1,"BCX","","","","7/F","T",1,0,0,0,0,"F"
1,0,3,1,"BBBFB","","","","W","T",0,1,0,0,0,"F"
1,0,3,2,"CB*BFBC","vottj001","","","K","T",1,0,1,0,0,"F"
1,1,3,0,"BBBX","vottj001","","","S9/L.1-2","T",0,1,2,0,0,"F"
1,1,2,2,".CBFBX","genns001","vottj001","","31/G.2-3;1-2","T",1,0,2,3,0,"F"
1,2,3,2,"BCCBFBB","","genns001","vottj001","W","T",0,1,0,2,3,"F"
1,2,1,0,".BX","barnt001","genns001","vottj001","8/L","T",1,0,1,2,3,"F"
0,0,3,1,"BBBCB","","","","W","T",0,1,0,0,0,"F"
0,0,1,0,"BX","alony001","","","HR/7/F.1-H","T",0,4,4,0,0,"F"
0,0,0,1,"CX","","","","8/F","T",1,0,0,0,0,"F"
0,1,1,0,"BX","","","","S9/G","T",0,1,0,0,0,"F"
0,1,3,2,"...C1BC1*BB>S","alleg002","","","K+CS2(24)/DP","T",2,0,0,0,0,"F"
1,0,0,2,"..CSFS","","","","K","T",1,0,0,0,0,"F"
1,1,0,2,"FCS","","","","K","T",1,0,0,0,0,"F"
1,2,2,1,"BBFX","","","","D8/L","T",0,2,0,0,0,"F"
1,2,2,2,"BCBSS","","peraj003","","K","T",1,0,0,2,0,"F"
0,0,1,2,"..BSFS","","","","K","T",1,0,0,0,0,"F"
0,1,0,0,"X","","","","5/L+","T",1,0,0,0,0,"F"
0,2,2,1,"CBBX","","","","31/G","T",1,0,0,0,0,"F"
1,0,1,2,".BCFC","","","","K","T",1,0,0,0,0,"F"
1,1,2,2,"BCBSFFFFS","","","","K","T",1,0,0,0,0,"F"
1,2,3,2,".BBSCBFS","","","","K","T",1,0,0,0,0,"F"
0,0,3,2,".BCBCBX","","","","2/P2F","T",1,0,0,0,0,"F"
0,1,0,1,"FX","","","","41/G","T",1,0,0,0,0,"F"
0,2,0,1,"FX","","","","5/P","T",1,0,0,0,0,"F"
1,0,2,0,".BBX","","","","7/L","T",1,0,0,0,0,"F"
1,1,1,2,"CBFFS","","","","K","T",1,0,0,0,0,"F"
1,2,2,1,"BBCX","","","","63/G","T",1,0,0,0,0,"F"
0,0,1,2,".BSSH","","","","HP","T",0,1,0,0,0,"F"
0,0,1,2,"BSSFX","kipnj001","","","7/F","T",1,0,1,0,0,"F"
0,1,0,1,"CX","kipnj001","","","8/F","T",1,0,1,0,0,"F"
0,2,0,2,".CFFS","kipnj001","","","K","T",1,0,1,0,0,"F"
1,0,0,2,".CFX","","","","S8/L-","T",0,1,0,0,0,"F"
1,0,0,2,"C1F1X","hamib001","","","DGR/9/F.1-3","T",0,2,3,0,0,"F"
1,0,1,0,"BX","","peraj003","hamib001","FC3/G.3XH(32)","T",1,1,0,2,0,"F"
1,1,1,2,"S*BSFFFS","vottj001","peraj003","","K","T",1,0,1,2,0,"F"
1,2,3,0,"BBBB","vottj001","peraj003","","W.2-3;1-2","T",0,1,2,3,0,"F"
1,2,1,2,"..*BCCX","genns001","lorem002","peraj003","9/F","T",1,0,1,2,3,"F"
0,0,0,1,"CX","","","","53/G","T",1,0,0,0,0,"T"
0,1,0,1,"FX","","","","43/G+","T",1,0,0,0,0,"F"
0,2,3,0,"BBBB","","","","W","T",0,1,0,0,0,"F"
0,2,1,1,"*BFX","poseb001","","","53/G-","T",1,0,1,0,0,"F"
1,0,2,2,"BFBFX","","","","S9/L","T",0,1,0,0,0,"F"
1,0,0,0,"1X","hamib001","","","9/F","T",1,0,1,0,0,"F"
1,1,1,0,"B11","hamib001","","","PO1(13)","F",1,0,0,0,0,"F"
1,2,2,1,"B11.FBX","","","","S9/L","T",0,1,0,0,0,"F"
1,2,0,0,"X","genns001","","","S8/G+.1-2","T",0,1,2,0,0,"F"
1,2,1,0,"BX","suare001","genns001","","9/F","T",1,0,1,2,0,"F"
0,0,2,1,"BBCX","","","","3/P3F","T",1,0,0,0,0,"F"
0,1,1,2,"BCFT","","","","K","T",1,0,0,0,0,"F"
0,2,1,1,"CBX","","","","7/F","T",1,0,0,0,0,"F"
1,0,1,1,"FBX","","","","D7/F","T",0,2,0,0,0,"F"
1,0,0,2,"SCX","","barnt001","","5/L","T",1,0,0,2,0,"F"
1,1,0,1,"CX","","barnt001","","S9/L.2-H","T",0,1,0,4,0,"F"
1,1,1,2,"BLCS","casac001","","","K","T",1,0,1,0,0,"F"
1,2,0,1,"CX","casac001","","","53/G","T",1,0,1,0,0,"F"
0,0,1,1,"BCX","","","","D7/L","T",0,2,0,0,0,"F"
0,0,1,0,"BX","","duggs001","","14/BG/SH.2-3","T",1,0,0,3,0,"F"
0,1,1,1,"BFX","","","duggs001","S8/G.3-H","T",0,1,0,0,4,"F"
0,1,0,0,"X","mccua001","","","S8/G.1-2","T",0,1,2,0,0,"F"
0,1,3,2,"FB*BFB>T","hansa001","mccua001","","K+CS2(24)/DP","T",2,0,0,2,0,"F"
1,0,1,1,"BFX","","","","S8/L","T",0,1,0,0,0,"F"
1,0,2,2,"BFCB1X","peraj003","","","53/G.1-2","T",1,0,2,0,0,"F"
1,1,3,1,"CBBBB","","peraj003","","W","T",0,1,0,2,0,"F"
1,1,1,2,"BCFFX","suare001","peraj003","","9/L","T",1,0,1,2,0,"F"
1,2,1,2,"FCBFX","suare001","peraj003","","9/L","T",1,0,1,2,0,"F"
0,0,1,1,"BCX","","","","S9/L","T",0,1,0,0,0,"F"
0,0,2,2,"SFBBFX","beltb001","","","64(1)3/GDP","T",2,0,0,0,0,"F"
0,2,1,1,"BCX","","","","43/G","T",1,0,0,0,0,"F"
1,0,1,2,"CCBX","","","","63/G","T",1,0,0,0,0,"F"
1,1,1,2,"CFBX","","","","S8/G","T",0,1,0,0,0,"F"
1,1,2,2,"BLB+1LL","casac001","","","K/BF","T",1,0,1,0,0,"F"
1,2,1,0,"BX","casac001","","","7/F","T",1,0,1,0,0,"F"
0,0,0,1,"CX","","","","S7/L","T",0,1,0,0,0,"F"
0,0,3,2,"*BBBCSC","panij002","","","K","T",1,0,1,0,0,"F"
0,1,0,0,">T","panij002","","","SB2","F",0,0,2,0,0,"F"
0,1,0,2,">T.FC","","panij002","","K","T",1,0,0,2,0,"F"
0,2,1,2,"CBCX","","panij002","","13/G-","T",1,0,0,2,0,"F"
1,0,0,1,"CX","","","","S8/G+","T",0,1,0,0,0,"F"
1,0,0,0,"11>B","peraj003","","","CS2(26)","F",1,0,0,0,0,"F"
1,1,3,2,"11>B.BFTBX","","","","S8/G+","T",0,1,0,0,0,"F"
1,1,0,2,".CSS","genns001","","","K","T",1,0,1,0,0,"F"
1,2,2,2,"*BBFCFS","genns001","","","K","T",1,0,1,0,0,"F"
0,0,0,1,"CX","","","","4/L-","T",1,0,0,0,0,"F"
0,1,1,1,"BSX","","","","63/G","T",1,0,0,0,0,"F"
0,2,0,2,"FSX","","","","31/G","T",1,0,0,0,0,"F"
1,0,0,0,"X","","","","6/L","T",1,0,0,0,0,"F"
1,1,3,0,"BBBB","","","","W","T",0,1,0,0,0,"F"
1,1,1,1,"BSX","willm007","","","53/G.1-2","T",1,0,2,0,0,"F"
1,2,0,2,"SCS","","willm007","","K","T",1,0,0,2,0,"F"
0,0,2,2,"BCFBX","","","","63/G+","T",1,0,0,0,0,"F"
0,1,1,0,"BX","","","","43/G","T",1,0,0,0,0,"F"
0,2,1,1,"CBX","","","","13/G-","T",1,0,0,0,0,"F"
1,0,1,2,".SBFS","","","","K","T",1,0,0,0,0,"F"
1,1,1,1,"CBX","","","","13/BG","T",1,0,0,0,0,"F"
1,2,2,0,"BBX","","","","D7/L","T",0,2,0,0,0,"F"
1,2,2,1,"C*BBX","","genns001","","63/G","T",1,0,0,2,0,"F"
0,0,1,1,"CBX","","","","9/F","T",1,0,0,0,0,"F"
0,1,1,2,".FCBX","","","","143/L","T",1,0,0,0,0,"F"
0,2,1,2,"FFBX","","","","S57/G","T",0,1,0,0,0,"F"
0,2,0,1,"S1*B","mccua001","","","SB2","F",0,0,2,0,0,"F"
0,2,3,2,"S1*B.BCFBS","","mccua001","","K+WP.2-3;B-1","T",0,1,0,3,0,"F"
0,2,1,1,".C*BX","hansa001","","mccua001","64(1)/FO/G","T",1,1,0,0,3,"F"
1,0,0,1,"..CX","","","","3/G","T",1,0,0,0,0,"F"
1,1,0,1,"CX","","","","53/G","T",1,0,0,0,0,"F"
1,2,0,1,"CX","","","","53/G","T",1,0,0,0,0,"F"
0,0,2,2,"...BFBSS","","","","K","T",1,0,0,0,0,"F"
0,1,2,2,"BSBCS","","","","K","T",1,0,0,0,0,"F"
0,2,0,0,"X","","","","3/G","T",1,0,0,0,0,"F"
1,0,3,2,".BCSBBT","","","","K","T",1,0,0,0,0,"F"
1,1,1,2,"CSBS","","","","K","T",1,0,0,0,0,"F"
1,2,1,0,"BX","","","","9/F","T",1,0,0,0,0,"F"
0,0,1,0,"BX","","","","S8/L","T",0,1,0,0,0,"F"
0,0,2,0,"BB1X","panij002","","","9/L","T",1,0,1,0,0,"F"
0,1,0,2,".C1FX","panij002","","","54(1)/FO/G","T",1,1,0,0,0,"F"
0,2,3,0,"B1BBX","herng001","","","S8/L.1-3","T",0,1,3,0,0,"F"
0,2,0,2,"CS>S","mccua001","","herng001","K","T",1,0,1,0,3,"F"
1,0,0,2,".CST","","","","K","T",1,0,0,0,0,"F"
1,1,1,2,"CSBT","","","","K","T",1,0,0,0,0,"F"
1,2,3,2,"FBBCFBS","","","","K","T",1,0,0,0,0,"F"
0,0,3,1,".BBBCX","","","","8/L+","T",1,0,0,0,0,"F"
0,1,3,2,"BFBFBS","","","","K","T",1,0,0,0,0,"F"
0,2,1,2,"BFFT","","","","K","T",1,0,0,0,0,"F"
1,0,1,1,"TBX","","","","HR/8/F","T",0,4,0,0,0,"F"
0,0,3,1,"CBBBX","","","","8/L+","T",1,0,0,0,0,"T"
0,1,1,1,"CBX","","","","53/G-","T",1,0,0,0,0,"F"
0,2,3,2,"CCBBBX","","","","3/P3F","T",1,0,0,0,0,"F"
1,0,0,0,"X","","","","7/F","T",1,0,0,0,0,"F"
1,1,0,1,"CX","","","","3/P","T",1,0,0,0,0,"F"
1,2,1,1,"CBX","","","","9/F","T",1,0,0,0,0,"F"
0,0,2,2,"FBSBS","","","","K","T",1,0,0,0,0,"F"
0,1,1,2,"CCBX","","","","4/P","T",1,0,0,0,0,"F"
0,2,0,0,"X","","","","3/G","T",1,0,0,0,0,"F"
1,0,1,2,"FBCS","","","","K","T",1,0,0,0,0,"F"
1,1,0,0,"X","","","","S8/G+","T",0,1,0,0,0,"F"
1,1,0,0,">S","ervip001","","","SB2","F",0,0,2,0,0,"F"
1,1,1,2,">S.FFFBS","","ervip001","","K","T",1,0,0,2,0,"F"
1,2,1,2,"CSBS","","ervip001","","K","T",1,0,0,2,0,"F"
0,0,0,2,"CCS","","","","K","T",1,0,0,0,0,"F"
0,1,0,2,"CCS","","","","K","T",1,0,0,0,0,"F"
0,2,1,0,"BX","","","","7/F","T",1,0,0,0,0,"F"
1,0,2,0,"BBX","","","","8/F","T",1,0,0,0,0,"F"
1,1,0,1,"CX","","","","8/L","T",1,0,0,0,0,"F"
1,2,0,1,"CX","","","","53/G","T",1,0,0,0,0,"F"
0,0,2,0,"BBX","","","","13/G-","T",1,0,0,0,0,"F"
0,1,2,2,"BBFSX","","","","E5/G","T",0,1,0,0,0,"F"
0,1,3,1,"BBBC*B","panij002","","","W.1-2","T",0,1,2,0,0,"F"
0,1,0,0,"N","poseb001","panij002","","BK.2-3;1-2","F",0,0,2,3,0,"F"
0,1,1,2,"N.FBFS","","poseb001","panij002","K","T",1,0,0,2,3,"F"
0,2,0,0,"X","","poseb001","panij002","8/F","T",1,0,0,2,3,"F"
1,0,0,2,"CFFX","","","","HR/7/L","T",0,4,0,0,0,"F"
1,0,0,1,"FX","","","","S9/G","T",0,1,0,0,0,"F"
1,0,3,2,"BBFBC1C","genns001","","","K","T",1,0,1,0,0,"F"
1,1,0,0,"X","genns001","","","9/F","T",1,0,1,0,0,"F"
1,2,0,0,"X","genns001","","","D34/G.1-3","T",0,2,3,0,0,"F"
1,2,3,0,"BBBB","","barnt001","genns001","W","T",0,1,0,2,3,"F"
1,2,2,2,"BFFBX","herrd002","barnt001","genns001","D9/F-.3-H;2-H;1-3","T",0,2,3,4,4,"F"
1,2,0,1,"CX","","dixob001","herrd002","63/G","T",1,0,0,2,3,"F"
0,0,1,2,"BFFX","","","","7/L","T",1,0,0,0,0,"F"
0,1,2,2,"FBFBFX","","","","3/G","T",1,0,0,0,0,"F"
0,2,1,2,"CFFBX","","","","9/F","T",1,0,0,0,0,"F"
1,0,1,0,"BX","","","","7/F","T",1,0,0,0,0,"F"
1,1,1,1,"BFX","","","","D7/L+","T",0,2,0,0,0,"F"
1,1,1,0,"BX","","peraj003","","S16/L.2-3","T",0,1,0,3,0,"F"
1,1,3,2,"F*B*BC1B>F>B","genns001","","peraj003","W.1-2","T",0,1,2,0,3,"F"
1,1,0,2,"FCFFX","suare001","genns001","peraj003","8/L/SF.3-H;2-H(UR)(E8/TH);1-2","T",1,0,2,5,4,"F"
1,2,1,2,"BSFC","","suare001","","K","T",1,0,0,2,0,"F"
0,0,3,2,"SBBFBS","","","","K","T",1,0,0,0,0,"F"
0,1,2,2,"BBCFFX","","","","8/L","T",1,0,0,0,0,"F"
0,2,1,1,"CBX","","","","S6/G","T",0,1,0,0,0,"F"
0,2,3,2,"BBCBF>X","panij002","","","S9/L.1-3","T",0,1,3,0,0,"F"
0,2,2,0,"BBX","poseb001","","panij002","7/F","T",1,0,1,0,3,"F"
1,0,3,2,"BFBFBX","","","","HR/78/F","T",0,4,0,0,0,"F"
1,0,0,2,"SFFS","","","","K","T",1,0,0,0,0,"F"
1,1,2,2,"CBCFBX","","","","8/L","T",1,0,0,0,0,"F"
1,2,3,2,"CSBBFBFX","","","","8/L","T",1,0,0,0,0,"F"
0,0,0,0,"..X","","","","S49/G","T",0,1,0,0,0,"F"
0,0,0,2,"CCFFX","longe001","","","8/F","T",1,0,1,0,0,"F"
0,1,1,1,"S*BX","longe001","","","S9/G.1-2","T",0,1,2,0,0,"F"
0,1,1,1,"..CBX","hansa001","longe001","","9/F.2-3","T",1,0,1,3,0,"F"
0,2,0,0,".X","hansa001","","longe001","43/G","T",1,0,1,0,3,"F"
1,0,0,1,"..FX","","","","6/P","T",1,0,0,0,0,"F"
1,1,0,1,"SX","","","","D9/L","T",0,2,0,0,0,"F"
1,1,2,2,"FSBBX","","genns001","","S8/L-.2-H","T",0,1,0,4,0,"F"
1,1,1,2,"CBFX","suare001","","","7/L+","T",1,0,1,0,0,"F"
1,2,0,0,"X","suare001","","","8/L","T",1,0,1,0,0,"F"
0,0,0,1,"CX","","","","S5/G-","T",0,1,0,0,0,"F"
0,0,1,2,"CBSX","mccua001","","","S9/G.1-2","T",0,1,2,0,0,"F"
0,0,3,0,"*BBBB","panij002","mccua001","","W.2-3;1-2","T",0,1,2,3,0,"F"
0,0,2,2,"..BSBTS","poseb001","panij002","mccua001","K","T",1,0,1,2,3,"F"
0,1,2,2,"FFFBF*BX","poseb001","panij002","mccua001","64(1)/FO/G.3-H;2-3","T",1,1,0,3,4,"F"
0,2,2,2,"BCF*BFFS","longe001","","panij002","K","T",1,0,1,0,3,"F"
1,0,1,1,"...CBX","","","","S3/G","T",0,1,0,0,0,"F"
1,0,2,1,"CBBX","willm007","","","9/F","T",1,0,1,0,0,"F"
1,1,0,0,"X","willm007","","","64(1)3/GDP","T",2,0,0,0,0,"F"
0,0,0,0,"X","","","","S9/L","T",0,1,0,0,0,"F"
0,0,2,1,"BFBX","hansa001","","","9/F","T",1,0,1,0,0,"F"
0,1,0,0,"X","hansa001","","","64(1)3/GDP","T",2,0,0,0,0,"F"
0,0,0,2,"FFS","","","","K","T",1,0,0,0,0,"T"
0,1,0,1,"CX","","","","7/F","T",1,0,0,0,0,"F"
0,2,0,1,"CX","","","","D9/G","T",0,2,0,0,0,"F"
0,2,1,2,"SBFX","","mccua001","","43/G","T",1,0,0,2,0,"F"
1,0,3,2,"CBBBCB","","","","W","T",0,1,0,0,0,"F"
1,0,0,2,"C1FFX","hamib001","","","54(1)3/GDP","T",2,0,0,0,0,"F"
1,2,0,1,"SX","","","","7/F","T",1,0,0,0,0,"F"
0,0,0,2,"CFFX","","","","S9/L","T",0,1,0,0,0,"F"
0,0,0,1,"CX","longe001","","","14(1)/FO/G","T",1,1,0,0,0,"F"
0,1,0,0,"X","hundn001","","","D7/L.1-3","T",0,2,3,0,0,"F"
0,1,0,1,"SX","","duggs001","hundn001","7/F/SF.3-H","T",1,0,0,2,4,"F"
0,2,0,2,"CFS","","duggs001","","K","T",1,0,0,2,0,"F"
1,0,3,2,"BBFBFFX","","","","63/G","T",1,0,0,0,0,"F"
1,1,3,2,"CBBFBFS","","","","K","T",1,0,0,0,0,"F"
1,2,2,2,"BCBST","","","","K","T",1,0,0,0,0,"F"
0,0,2,2,"BBFFS","","","","K","T",1,0,0,0,0,"F"
0,1,0,2,"FCX","","","","S8/L","T",0,1,0,0,0,"F"
0,1,0,2,"CFFS","panij002","","","K","T",1,0,1,0,0,"F"
0,2,1,2,"FFBT","panij002","","","K","T",1,0,1,0,0,"F"
1,0,1,2,"CFBX","","","","S7/F","T",0,1,0,0,0,"F"
1,0,1,2,"C11BCX","herrd002","","","D7/G.1-H","T",0,2,4,0,0,"F"
1,0,0,0,"X","","casac001","","E3/SH/BG.2-3;B-1","T",0,1,0,3,0,"F"
1,0,0,2,"CCX","castl003","","casac001","7/L/SF.3-H","T",1,0,1,0,4,"F"
1,1,1,2,"TS*BX","castl003","","","S7/G.1-2","T",0,1,2,0,0,"F"
1,1,0,2,"FFX","peraj003","castl003","","T9/G.2-H(UR);1-H","T",0,3,4,5,0,"F"
1,1,1,0,"BX","","","genns001","HR/8/F.3-H","T",0,4,0,0,4,"F"
1,1,3,2,"CBBBFB","","","","W","T",0,1,0,0,0,"F"
1,1,1,0,"BX","ervip001","","","S9/G.1-2","T",0,1,2,0,0,"F"
1,1,2,2,"BCCBS","barnt001","ervip001","","K","T",1,0,1,2,0,"F"
1,2,1,2,"CBFX","barnt001","ervip001","","S7/L.2-H(UR);1-3","T",0,1,3,5,0,"F"
1,2,0,1,".FX","casac001","","barnt001","13/G","T",1,0,1,0,3,"F"
0,0,1,1,"BFX","","","","4/P","T",1,0,0,0,0,"F"
0,1,1,2,"SCBS","","","","K","T",1,0,0,0,0,"F"
0,2,2,2,"CBBFFS","","","","K","T",1,0,0,0,0,"F"
1,0,2,1,"FBBX","","","","9/L","T",1,0,0,0,0,"F"
1,1,2,2,"CFBFBX","","","","S7/G","T",0,1,0,0,0,"F"
1,1,3,2,"BBCFB>F>X","peraj003","","","9/L","T",1,0,1,0,0,"F"
1,2,1,2,"BTFC","peraj003","","","K","T",1,0,1,0,0,"F"
0,0,2,2,"SCBFBX","","","","53/G","T",1,0,0,0,0,"F"
0,1,1,2,"BCCC","","","","K","T",1,0,0,0,0,"F"
0,2,1,0,"BX","","","","7/L+","T",1,0,0,0,0,"F"
1,0,3,2,"CSBBBX","","","","D7/L","T",0,2,0,0,0,"F"
1,0,3,0,"BBBB","","ervip001","","W","T",0,1,0,2,0,"F"
1,0,1,0,"BX","barnt001","ervip001","","4/P/IF","T",1,0,1,2,0,"F"
1,1,2,2,"SFBBX","barnt001","ervip001","","64(1)3/GDP","T",2,0,0,2,0,"F"
0,0,0,2,"CFX","","","","63/G","T",1,0,0,0,0,"F"
0,1,3,2,"BCSBBFFFX","","","","8/F","T",1,0,0,0,0,"F"
0,2,3,2,"BBBCFS","","","","K","T",1,0,0,0,0,"F"
1,0,1,2,"CSFBX","","","","13/G","T",1,0,0,0,0,"F"
1,1,0,0,"X","","","","T9/L","T",0,3,0,0,0,"F"
1,1,0,0,"X","","","hamib001","HR/78/F.3-H","T",0,4,0,0,4,"F"
1,1,1,0,"BX","","","","S7/L","T",0,1,0,0,0,"F"
1,1,2,1,".*BBSX","aquia001","","","D7/L.1-3","T",0,2,3,0,0,"F"
1,1,1,2,".SFFBX","","suare001","aquia001","7/F","T",1,0,0,2,3,"F"
1,2,0,1,"FX","","suare001","aquia001","5/P-","T",1,0,0,2,3,"F"
0,0,0,0,"...X","","","","3/P-","T",1,0,0,0,0,"F"
0,1,0,2,"CFX","","","","13/G","T",1,0,0,0,0,"F"
0,2,3,2,"FBBFBX","","","","D8/L+","T",0,2,0,0,0,"F"
0,2,1,1,"BCX","","duggs001","","6E3/G.2-H(NR)(UR)","T",0,1,0,5,0,"F"
0,2,0,2,".CFX","herng001","","","D7/L+.1-H(UR)","T",0,2,5,0,0,"F"
0,2,1,1,"..BFX","","pench001","","7/F","T",1,0,0,2,0,"F"
1,0,1,1,".FBX","","","","41/G","T",1,0,0,0,0,"F"
1,1,3,2,"BCBBFFX","","","","S7/G+","T",0,1,0,0,0,"F"
1,1,0,0,"X","casac001","","","DGR/9/F.1-3","T",0,2,3,0,0,"F"
1,1,1,0,"BX","","dixob001","casac001","T9/L.3-H;2-H","T",0,3,0,4,4,"F"
1,1,2,2,"T*BBFFFS","","","hamib001","K","T",1,0,0,0,3,"F"
1,2,2,2,"CBSBS","","","hamib001","K","T",1,0,0,0,3,"F"
0,0,2,1,"CBBX","","","","S6/G+.B-2(E6/TH)","T",0,2,0,0,0,"F"
0,0,1,0,".BB","","panij002","","PB.2-3","F",0,0,0,3,0,"F"
0,0,3,2,".BB.FSBS","","","panij002","K","T",1,0,0,0,3,"F"
0,1,0,1,".CX","","","panij002","D7/L.3-H","T",0,2,0,0,4,"F"
0,1,1,1,"BCB","","darnc001","","WP.2-3","F",0,0,0,3,0,"F"
0,1,3,1,"BCB.BX","","","darnc001","8/F","T",1,0,0,0,3,"F"
0,2,0,2,"FFS","","","darnc001","K","T",1,0,0,0,3,"F"
1,0,1,2,"...BCCX","","","","9/F","T",1,0,0,0,0,"F"
1,1,3,2,"BBSBSX","","","","S9/L+","T",0,1,0,0,0,"F"
1,1,1,1,".BTX","ervip001","","","8/F","T",1,0,1,0,0,"F"
1,2,1,1,"CBX","ervip001","","","9/F","T",1,0,1,0,0,"F"
0,0,3,1,".BBBCX","","","","13/G","T",1,0,0,0,0,"F"
0,1,0,0,"X","","","","4/P","T",1,0,0,0,0,"F"
0,2,1,2,"BSSX","","","","3/P3F","T",1,0,0,0,0,"F"
0,0,0,2,"CSX","","","","31/G","T",1,0,0,0,0,"T"
0,1,2,2,"FFBBX","","","","43/G","T",1,0,0,0,0,"F"
0,2,2,2,"FFBFBX","","","","6/P","T",1,0,0,0,0,"F"
1,0,0,0,"X","","","","S9/G","T",0,1,0,0,0,"F"
1,0,1,1,"B1C1X","hamib001","","","HR/78/L.1-H","T",0,4,4,0,0,"F"
1,0,0,1,"CX","","","","S7/L","T",0,1,0,0,0,"F"
1,0,1,1,"BSX","genns001","","","D7/G+.1-3","T",0,2,3,0,0,"F"
1,0,1,2,"SSBS","","suare001","genns001","K","T",1,0,0,2,3,"F"
1,1,3,1,"SB*B*B*B","","suare001","genns001","W","T",0,1,0,2,3,"F"
1,1,1,0,"BX","ervip001","suare001","genns001","S9/L-.3-H;2-3;1-2","T",0,1,2,3,4,"F"
1,1,0,2,"FFB","barnt001","ervip001","suare001","WP.3-H(NR);2-3;1-2","F",0,0,2,3,4,"F"
1,1,1,2,"FFB.S","","barnt001","ervip001","K","T",1,0,0,2,3,"F"
1,2,0,2,"CSS","","barnt001","ervip001","K","T",1,0,0,2,3,"F"
0,0,3,2,"BBCBFX","","","","9/F","T",1,0,0,0,0,"F"
0,1,1,2,"CBFS","","","","K","T",1,0,0,0,0,"F"
0,2,2,2,"CSBBS","","","","K","T",1,0,0,0,0,"F"
1,0,0,0,"X","","","","S7/F","T",0,1,0,0,0,"F"
1,0,1,0,"1B>S","hamib001","","","CS2(24361)","F",1,0,0,0,0,"F"
1,1,2,2,"1B>S.BFX","","","","S7/L","T",0,1,0,0,0,"F"
1,1,1,2,"F*BTX","peraj003","","","S7/G.1-3","T",0,1,3,0,0,"F"
1,1,3,2,"FBSFFBBB","genns001","","peraj003","W.1-2","T",0,1,2,0,3,"F"
1,1,3,1,".BBBC*B","suare001","genns001","peraj003","W.3-H;2-3;1-2","T",0,1,2,3,4,"F"
1,1,0,1,"CX","sches001","suare001","genns001","54(1)/FO/G.3-H;2-3","T",1,1,0,3,4,"F"
1,2,0,1,"CX","ervip001","","suare001","7/F","T",1,0,1,0,3,"F"
0,0,3,2,"BCBSBX","","","","7/F","T",1,0,0,0,0,"F"
0,1,1,2,"CBCX","","","","S9/G","T",0,1,0,0,0,"F"
0,1,0,2,"LLS","arcio002","","","K","T",1,0,1,0,0,"F"
0,2,2,1,"1B1CBX","arcio002","","","64(1)/FO/G","T",1,1,0,0,0,"F"
1,0,3,2,"SCBBBC","","","","K","T",1,0,0,0,0,"F"
1,1,2,2,"SSBBC","","","","K","T",1,0,0,0,0,"F"
1,2,0,0,"X","","","","7/L","T",1,0,0,0,0,"F"
0,0,1,1,"BCX","","","","43/G","T",1,0,0,0,0,"F"
0,1,1,2,"CFBFX","","","","S8/L","T",0,1,0,0,0,"F"
0,1,3,2,"CFBFB*BB","aguij001","","","W.1-2","T",0,1,2,0,0,"F"
0,1,0,0,"X","shawt001","aguij001","","S9/L.2-3;1-2","T",0,1,2,3,0,"F"
0,1,0,2,"FFS","braur002","shawt001","aguij001","K","T",1,0,1,2,3,"F"
0,2,0,0,"X","braur002","shawt001","aguij001","S8/G.3-H;2XH(82);1-2","T",1,1,2,0,4,"F"
1,0,2,2,"CBCBFS","","","","K","T",1,0,0,0,0,"F"
1,1,3,2,"BFBSFBFB","","","","W","T",0,1,0,0,0,"F"
1,1,0,0,"X","genns001","","","S8/L.1-2","T",0,1,2,0,0,"F"
1,1,2,0,"BBX","suare001","genns001","","7/F","T",1,0,1,2,0,"F"
1,2,1,2,"CBSX","suare001","genns001","","64(1)/FO/G","T",1,1,0,2,0,"F"
0,0,0,2,"CSS","","","","K","T",1,0,0,0,0,"F"
0,1,2,2,".BBSSFFX","","","","63/G","T",1,0,0,0,0,"F"
0,2,0,0,"X","","","","9/L","T",1,0,0,0,0,"F"
1,0,1,1,".CBX","","","","3/G","T",1,0,0,0,0,"F"
1,1,3,2,"CBSBBB","","","","W","T",0,1,0,0,0,"F"
1,1,2,2,"M*BLBX","casac001","","","24/BG/SH.1-2","T",1,0,2,0,0,"F"
1,2,1,2,"CBFX","","casac001","","3/G","T",1,0,0,2,0,"F"
0,0,0,1,"FX","","","","HR/8/F","T",0,4,0,0,0,"F"
0,0,0,2,"CSFX","","","","13/G","T",1,0,0,0,0,"F"
0,1,0,0,"X","","","","8/F","T",1,0,0,0,0,"F"
0,2,0,0,"X","","","","13/G-","T",1,0,0,0,0,"F"
1,0,0,0,"X","","","","S8/G","T",0,1,0,0,0,"F"
1,0,2,2,"BFBFFFS","peraj003","","","K","T",1,0,1,0,0,"F"
1,1,3,2,"BCBBC>B","peraj003","","","W.1-2","T",0,1,2,0,0,"F"
1,1,1,2,"SBSFS","suare001","peraj003","","K","T",1,0,1,2,0,"F"
1,2,1,1,"...S*BX","suare001","peraj003","","S9/L.2-H;1-3;B-2(TH)","T",0,2,3,4,0,"F"
1,2,3,0,"BBVV","","ervip001","suare001","IW","T",0,1,0,2,3,"F"
1,2,2,2,"S*BFBX","barnt001","ervip001","suare001","53/G","T",1,0,1,2,3,"F"
0,0,1,1,"CBX","","","","S9/G","T",0,1,0,0,0,"F"
0,0,0,1,"FX","mousm001","","","7/L+","T",1,0,1,0,0,"F"
0,1,2,2,"BF*BFC","mousm001","","","K","T",1,0,1,0,0,"F"
0,2,0,2,"FFX","mousm001","","","D9/L.1-H","T",0,2,4,0,0,"F"
0,2,3,1,"..BCBBB","","pereh001","","W","T",0,1,0,2,0,"F"
0,2,1,1,"CBX","cainl001","pereh001","","HR/9/F.2-H;1-H","T",0,4,4,4,0,"F"
0,2,0,1,"CX","","","","3/G-","T",1,0,0,0,0,"F"
1,0,3,2,"CBFFFBBFX","","","","S9/G","T",0,1,0,0,0,"F"
1,0,2,0,"B1BX","willm007","","","2/BP2F","T",1,0,1,0,0,"F"
1,1,2,0,"BBX","willm007","","","S8/G.1-2","T",0,1,2,0,0,"F"
1,1,3,2,".FBFB*BX","peraj003","willm007","","T9/L.2-H;1-H","T",0,3,4,4,0,"F"
1,1,2,2,"SSBBS","","","genns001","K","T",1,0,0,0,3,"F"
1,2,2,2,"BS*BSFS","","","genns001","K","T",1,0,0,0,3,"F"
0,0,1,2,".CFBFX","","","","9/F","T",1,0,0,0,0,"F"
0,1,3,2,".CBBBFX","","","","S8/G","T",0,1,0,0,0,"F"
0,1,1,2,"*BSSX","pinam001","","","8/F","T",1,0,1,0,0,"F"
0,2,2,2,"..BFBFX","pinam001","","","43/G","T",1,0,1,0,0,"F"
1,0,0,2,"..FSX","","","","4/P","T",1,0,0,0,0,"F"
1,1,3,2,"SSBFBBB","","","","W","T",0,1,0,0,0,"F"
1,1,1,2,"CBSS","barnt001","","","K","T",1,0,1,0,0,"F"
1,2,1,2,"FBSX","barnt001","","","7/L","T",1,0,1,0,0,"F"
0,0,1,1,".FBX","","","","63/G","T",1,0,0,0,0,"F"
0,1,3,2,"CCBBFBFX","","","","S8/L","T",0,1,0,0,0,"F"
0,1,1,0,"BX","pereh001","","","D7/L+.1-3","T",0,2,3,0,0,"F"
0,1,1,1,"SBX","","cainl001","pereh001","43/G.3-H;2-3","T",1,0,0,3,4,"F"
0,2,3,2,"B*BSBFFS","","","cainl001","K","T",1,0,0,0,3,"F"
0,0,2,2,"BBCFX","","","","S9/L","T",0,1,0,0,0,"T"
0,0,2,2,"FBBF1X","cainl001","","","S8/L.1-2","T",0,1,2,0,0,"F"
0,0,2,0,"BBX","yelic001","cainl001","","D8/F+.2-H;1-3","T",0,2,3,4,0,"F"
0,0,0,1,"FX","","shawt001","yelic001","6/P","T",1,0,0,2,3,"F"
0,1,0,0,"X","","shawt001","yelic001","43/G.3-H;2-3","T",1,0,0,3,4,"F"
0,2,0,1,"CX","","","shawt001","63/G","T",1,0,0,0,3,"F"
1,0,3,1,"BBCBX","","","","HR/9/F","T",0,4,0,0,0,"F"
1,0,1,2,"FBFFX","","","","63/G","T",1,0,0,0,0,"F"
1,1,0,2,"FCX","","","","3/L","T",1,0,0,0,0,"F"
1,2,1,2,"CBCC","","","","K","T",1,0,0,0,0,"F"
0,0,2,2,"CCBBFFS","","","","K","T",1,0,0,0,0,"F"
0,1,1,2,"CCBFX","","","","S9/L","T",0,1,0,0,0,"F"
0,1,1,2,"LBFL","pinam001","","","K/BF","T",1,0,1,0,0,"F"
0,2,1,0,"BX","pinam001","","","46(1)/FO/G","T",1,1,0,0,0,"F"
1,0,0,2,"SSS","","","","K","T",1,0,0,0,0,"F"
1,1,0,2,"CCT","","","","K","T",1,0,0,0,0,"F"
1,2,1,1,"FBX","","","","D8/L","T",0,2,0,0,0,"F"
1,2,1,1,"BFX","","barnt001","","S7/L+.2-H;B-2(TH)","T",0,2,0,4,0,"F"
1,2,0,2,"SFS","","casac001","","K","T",1,0,0,2,0,"F"
0,0,3,2,"FSBBBX","","","","S4/G","T",0,1,0,0,0,"F"
0,0,2,2,"FB1BFFC","yelic001","","","K","T",1,0,1,0,0,"F"
0,1,1,0,"B1X","yelic001","","","9/F","T",1,0,1,0,0,"F"
0,2,0,1,"FX","yelic001","","","S7/G.1-2","T",0,1,2,0,0,"F"
0,2,0,0,"X","mousm001","yelic001","","3/P","T",1,0,1,2,0,"F"
1,0,2,2,"BSCBFX","","","","8/F","T",1,0,0,0,0,"F"
1,1,3,2,"BBBCFX","","","","9/F","T",1,0,0,0,0,"F"
1,2,0,0,"X","","","","S5/BG","T",0,1,0,0,0,"F"
1,2,2,2,"BCS*BX","genns001","","","9/F","T",1,0,1,0,0,"F"
0,0,1,2,"CFBS","","","","K","T",1,0,0,0,0,"F"
0,1,2,2,"CBCBS","","","","K","T",1,0,0,0,0,"F"
0,2,1,2,"SBFS","","","","K","T",1,0,0,0,0,"F"
1,0,1,2,"FFBFS","","","","K","T",1,0,0,0,0,"F"
1,1,2,1,"BBSX","","","","8/F","T",1,0,0,0,0,"F"
1,2,0,0,"X","","","","HR/9/F","T",0,4,0,0,0,"F"
1,2,0,0,"X","","","","8/F","T",1,0,0,0,0,"F"
0,0,2,2,"BCCBX","","","","S1/G","T",0,1,0,0,0,"F"
0,0,0,0,"X","cainl001","","","HR/9/F.1-H","T",0,4,4,0,0,"F"
0,0,1,0,"BX","","","","S9/L+","T",0,1,0,0,0,"F"
0,0,0,0,"X","shawt001","","","S8/L.1-2","T",0,1,2,0,0,"F"
0,0,1,1,"BFX","braur002","shawt001","","S9/L.2-H;1-3","T",0,1,3,4,0,"F"
0,0,1,2,".*BTFFX","mousm001","","braur002","FC5/G.3XH(52);1-2","T",1,1,2,0,0,"F"
0,1,2,0,"BBX","schoj001","mousm001","","54(1)/FO/G.2-3","T",1,1,0,3,0,"F"
0,2,0,2,"FTFFF>P","thame001","","mousm001","SB2","F",0,0,2,0,3,"F"
0,2,2,2,"FTFFF>P.*BFS","","thame001","mousm001","K","T",1,0,0,2,3,"F"
1,0,3,0,".BBBB","","","","W","T",0,1,0,0,0,"F"
1,0,1,2,"BFFX","herrd002","","","S9/L.1-2","T",0,1,2,0,0,"F"
1,0,1,2,"CBFX","hamib001","herrd002","","8/L.2-3","T",1,0,1,3,0,"F"
1,1,1,2,"....BFFX","hamib001","","herrd002","D9/L.3-H;1-H","T",0,2,4,0,4,"F"
1,1,1,2,"FCBX","","genns001","","HR/89/F.2-H","T",0,4,0,4,0,"F"
1,1,2,2,"BSCBX","","","","43/G","T",1,0,0,0,0,"F"
1,2,2,2,"SBFFBX","","","","43/G","T",1,0,0,0,0,"F"
0,0,1,1,".CBX","","","","E1/TH/G-","T",0,1,0,0,0,"F"
0,0,2,2,"CBFBS","arcio002","","","K","T",1,0,1,0,0,"F"
0,1,2,1,"B1FBX","arcio002","","","D8/L+.1-3","T",0,2,3,0,0,"F"
0,1,1,0,"BX","","yelic001","arcio002","8/L/SF.3-H(UR)","T",1,0,0,2,5,"F"
0,2,1,1,"CBX","","yelic001","","53/G","T",1,0,0,2,0,"F"
1,0,3,0,"BBBB","","","","W","T",0,1,0,0,0,"F"
1,0,0,0,"X","barnt001","","","S7/G+.1-2","T",0,1,2,0,0,"F"
1,0,1,2,".LBLFX","casac001","barnt001","","HR/7/F.2-H;1-H","T",0,4,4,4,0,"F"
1,0,0,0,"X","","","","S9/L","T",0,1,0,0,0,"F"
1,0,0,2,"CSF>S","hamib001","","","K+CS2(26)/DP","T",2,0,0,0,0,"F"
1,2,2,2,"CBSBS","","","","K","T",1,0,0,0,0,"F"
0,0,1,0,".BX","","","","S7/L","T",0,1,0,0,0,"F"
0,0,1,0,"1BX","mousm001","","","HR/8/F.1-H","T",0,4,4,0,0,"F"
0,0,0,1,"..CX","","","","8/L","T",1,0,0,0,0,"F"
0,1,1,1,"CBH","","","","HP","T",0,1,0,0,0,"F"
0,1,0,2,".CFX","krate001","","","4/P","T",1,0,1,0,0,"F"
0,2,0,0,"X","krate001","","","D78/F.1-H","T",0,2,4,0,0,"F"
0,2,0,0,"B","","cainl001","","PB.2-3","F",0,0,0,3,0,"F"
0,2,1,0,"B.X","","","cainl001","T9/L.3-H","T",0,3,0,0,4,"F"
0,2,3,1,"BSBBB","","","yelic001","W","T",0,1,0,0,3,"F"
0,2,0,0,"X","shawt001","","yelic001","4/P-","T",1,0,1,0,3,"F"
1,0,3,2,"....BSBBFB","","","","W","T",0,1,0,0,0,"F"
1,0,0,2,"1FFS","suare001","","","K","T",1,0,1,0,0,"F"
1,1,3,1,"B1BFBB","suare001","","","W.1-2","T",0,1,2,0,0,"F"
1,1,0,0,"X","ervip001","suare001","","5/P5F","T",1,0,1,2,0,"F"
1,2,1,2,"CBSX","ervip001","suare001","","S7/L.2XH(72);1-2","T",1,1,2,0,0,"F"
0,0,1,1,"CBX","","","","HR/9/L","T",0,4,0,0,0,"F"
0,0,0,0,"X","","","","S9/L","T",0,1,0,0,0,"F"
0,0,1,1,".LB11X","schoj001","","","64(1)3/GDP","T",2,0,0,0,0,"F"
0,2,3,2,"SBSBBS","","","","K","T",1,0,0,0,0,"F"
1,0,0,2,"..CCS","","","","K","T",1,0,0,0,0,"F"
1,1,0,1,"CX","","","","S6/G-","T",0,1,0,0,0,"F"
1,1,0,2,"C11FFFH","hamib001","","","HP.1-2","T",0,1,2,0,0,"F"
1,1,2,2,"BSFBX","peraj003","hamib001","","46(1)/FO/G.2-3","T",1,1,0,3,0,"F"
1,2,0,1,"S>C","genns001","","hamib001","SB2","F",0,0,2,0,3,"F"
1,2,2,2,"S>C.BBB","","genns001","hamib001","WP.3-H(NR);2-3","F",0,0,0,3,4,"F"
1,2,3,2,"S>C.BBB..X","","","genns001","8/F","T",1,0,0,0,3,"F"
0,0,3,1,"..BBBCX","","","","8/F","T",1,0,0,0,0,"F"
0,1,0,2,"CFFS","","","","K","T",1,0,0,0,0,"F"
0,2,1,1,"BSX","","","","S5/G-","T",0,1,0,0,0,"F"
0,2,1,2,"CFBS","yelic001","","","K","T",1,0,1,0,0,"F"
1,0,1,2,"..SFBX","","","","43/G","T",1,0,0,0,0,"F"
1,1,3,2,"BCBCB*B","","","","W","T",0,1,0,0,0,"F"
1,1,3,2,"11*BSBS1B>B","ervip001","","","W.1-2","T",0,1,2,0,0,"F"
1,1,2,2,"B*BFFC","barnt001","ervip001","","K","T",1,0,1,2,0,"F"
1,2,0,1,"FX","barnt001","ervip001","","7/L","T",1,0,1,2,0,"F"
0,0,2,1,"BFBX","","","","HR/8/F","T",0,4,0,0,0,"F"
0,0,1,2,"...BSSS","","","","K","T",1,0,0,0,0,"F"
0,1,1,2,"BSFS","","","","K","T",1,0,0,0,0,"F"
0,2,1,1,"CBX","","","","D8/L","T",0,2,0,0,0,"F"
0,2,1,1,"CBX","","pereh001","","S8/L+.2-H;BX2(86)","T",1,0,0,4,0,"F"
1,0,1,0,"BX","","","","HR/8/F","T",0,4,0,0,0,"F"
1,0,3,2,"BFBFBX","","","","9/F","T",1,0,0,0,0,"F"
1,1,0,2,"CFFT","","","","K","T",1,0,0,0,0,"F"
1,2,2,1,"CBBX","","","","53/G","T",1,0,0,0,0,"F"
0,0,3,2,"BBCCBB","","","","W","T",0,1,0,0,0,"T"
0,0,0,1,"CX","cainl001","","","3/G.1-2","T",1,0,2,0,0,"F"
0,1,3,2,"CFBBFBFX","","cainl001","","43/G","T",1,0,0,2,0,"F"
0,2,2,2,"BFBSFX","","cainl001","","53/G","T",1,0,0,2,0,"F"
1,0,0,0,"X","","","","8/F+","T",1,0,0,0,0,"F"
1,1,1,1,"CBX","","","","3/P","T",1,0,0,0,0,"F"
1,2,1,2,"CBFC","","","","K","T",1,0,0,0,0,"F"
0,0,1,2,"BSFS","","","","K","T",1,0,0,0,0,"F"
0,1,2,0,"BBX","","","","31/G","T",1,0,0,0,0,"F"
0,2,1,2,"BCSX","","","","43/G","T",1,0,0,0,0,"F"
1,0,1,0,"BX","","","","63/G+","T",1,0,0,0,0,"F"
1,1,1,1,"CBX","","","","53/G","T",1,0,0,0,0,"F"
1,2,0,2,"CFS","","","","K","T",1,0,0,0,0,"F"
0,0,3,1,"SBBBB","","","","W","T",0,1,0,0,0,"F"
0,0,2,1,"BBLX","krate001","","","S8/G+.1-2","T",0,1,2,0,0,"F"
0,0,1,0,"*BX","milew001","krate001","","54(1)3/GDP.2-3","T",2,0,0,3,0,"F"
0,2,1,1,"FBX","","","krate001","13/G+","T",1,0,0,0,3,"F"
1,0,2,2,"CBBFFX","","","","3/P","T",1,0,0,0,0,"F"
1,1,0,2,"CFFX","","","","3/G","T",1,0,0,0,0,"F"
1,2,1,2,"CCBC","","","","K","T",1,0,0,0,0,"F"
0,0,2,1,"CBBX","","","","1/L+","T",1,0,0,0,0,"F"
0,1,1,1,"BFX","","","","53/G","T",1,0,0,0,0,"F"
0,2,1,1,"BFX","","","","63/G","T",1,0,0,0,0,"F"
1,0,3,1,"FBBBX","","","","D9/L","T",0,2,0,0,0,"F"
1,0,2,2,"LBBSX","","sches001","","53/G","T",1,0,0,2,0,"F"
1,1,1,2,"CCBX","","sches001","","3/G.2-3","T",1,0,0,3,0,"F"
1,2,1,0,"BX","","","sches001","13/G-","T",1,0,0,0,3,"F"
0,0,0,0,"X","","","","S8/G","T",0,1,0,0,0,"F"
0,0,0,1,"CX","mousm001","","","S7/L.1-2","T",0,1,2,0,0,"F"
0,0,1,2,"FBSS","pereh001","mousm001","","K","T",1,0,1,2,0,"F"
0,1,1,2,"LLBL","pereh001","mousm001","","K/BF","T",1,0,1,2,0,"F"
0,2,0,0,"X","pereh001","mousm001","","S16/G.2-3;1-2","T",0,1,2,3,0,"F"
0,2,3,0,"BBBB","cainl001","pereh001","mousm001","W.3-H;2-3;1-2","T",0,1,2,3,4,"F"
0,2,0,1,".CX","yelic001","cainl001","pereh001","8/F","T",1,0,1,2,3,"F"
1,0,2,2,"CBBFC","","","","K","T",1,0,0,0,0,"F"
1,1,3,1,"BBBCX","","","","4/P","T",1,0,0,0,0,"F"
1,2,1,0,"BX","","","","9/L+","T",1,0,0,0,0,"F"
0,0,0,0,"X","","","","3/G","T",1,0,0,0,0,"F"
0,1,1,1,"CBX","","","","8/L","T",1,0,0,0,0,"F"
0,2,0,2,"CFT","","","","K","T",1,0,0,0,0,"F"
1,0,1,0,"BX","","","","S8/L","T",0,1,0,0,0,"F"
1,0,2,1,"F1BBX","willm007","","","46(1)3/GDP","T",2,0,0,0,0,"F"
1,2,3,2,"BCFFBBFB","","","","W","T",0,1,0,0,0,"F"
1,2,1,1,"1BCX","sches001","","","43/G","T",1,0,1,0,0,"F"
0,0,0,1,"CX","","","","13/L+","T",1,0,0,0,0,"F"
0,1,0,2,"CCC","","","","K","T",1,0,0,0,0,"F"
0,2,0,2,"FCS","","","","K","T",1,0,0,0,0,"F"
1,0,2,1,"BBFX","","","","8/F","T",1,0,0,0,0,"F"
1,1,1,2,"BCCX","","","","S9/L","T",0,1,0,0,0,"F"
1,1,1,2,"CFBS","ervip001","","","K","T",1,0,1,0,0,"F"
1,2,0,0,"11X","ervip001","","","D7/L.1-H","T",0,2,4,0,0,"F"
1,2,1,2,"FFBS","","herrd002","","K","T",1,0,0,2,0,"F"
0,0,1,2,".BCFFS","","","","K","T",1,0,0,0,0,"F"
0,1,0,2,"CFX","","","","31/G+","T",1,0,0,0,0,"F"
0,2,3,2,"BFBBF*B","","","","W","T",0,1,0,0,0,"F"
0,2,1,2,"BTFFB","aguij001","","","OA.1X2(24)","F",1,0,0,0,0,"F"
1,0,3,2,"CBBFBFFX","","","","7/L","T",1,0,0,0,0,"F"
1,1,1,2,".FBFFX","","","","D9/G","T",0,2,0,0,0,"F"
1,1,0,1,".FX","","hamib001","","FC1/G.2X3(165);B-2","T",1,2,0,0,0,"F"
1,2,0,1,".CX","","sches001","","7/L","T",1,0,0,2,0,"F"
0,0,3,2,"...CBFFFBBS","","","","K","T",1,0,0,0,0,"F"
0,1,3,2,"BFBSFBB","","","","W","T",0,1,0,0,0,"F"
0,1,1,0,"BX","schoj001","","","36(1)1/GDP","T",2,0,0,0,0,"F"
1,0,0,0,".X","","","","8/F","T",1,0,0,0,0,"F"
1,1,1,0,"BX","","","","5/P","T",1,0,0,0,0,"F"
1,2,1,0,"BX","","","","43/G","T",1,0,0,0,0,"F"
0,0,0,2,".SSS","","","","K","T",1,0,0,0,0,"F"
0,1,3,2,"SFBBFFFBC","","","","K","T",1,0,0,0,0,"F"
0,2,2,2,".FBCBFFS","","","","K","T",1,0,0,0,0,"F"
1,0,0,2,".SFS","","","","K","T",1,0,0,0,0,"F"
1,1,3,2,"BBCSBT","","","","K","T",1,0,0,0,0,"F"
1,2,0,0,"X","","","","S7/L","T",0,1,0,0,0,"F"
1,2,1,1,"FBX","willm007","","","3/L","T",1,0,1,0,0,"F"
0,0,0,0,"..X","","","","HR/78/L","T",0,4,0,0,0,"F"
0,0,0,1,"FX","","","","7/F","T",1,0,0,0,0,"F"
0,1,0,1,"C.X","","","","S8/L","T",0,1,0,0,0,"F"
0,1,0,1,".CX","arcio002","","","53/G.1-2","T",1,0,2,0,0,"F"
0,2,1,1,"BSH","","arcio002","","HP","T",0,1,0,2,0,"F"
0,2,0,0,"X","schoj001","arcio002","","5/P2F","T",1,0,1,2,0,"F"
1,0,0,0,"...X","","","","43/G","T",1,0,0,0,0,"F"
1,1,0,2,"CFX","","","","9/F","T",1,0,0,0,0,"F"
1,2,2,2,"SBCFBX","","","","43/G","T",1,0,0,0,0,"F"
0,0,1,2,"FFBFS","","","","K","T",1,0,0,0,0,"T"
0,1,2,2,"CBCBS","","","","K","T",1,0,0,0,0,"F"
0,2,1,0,"BX","","","","53/G","T",1,0,0,0,0,"F"
1,0,1,2,"CBFFX","","","","53/G","T",1,0,0,0,0,"F"
1,1,2,2,"BBFFX","","","","S7/G.BX2(74)","T",1,0,0,0,0,"F"
1,2,3,1,"BSBBB","","","","W","T",0,1,0,0,0,"F"
1,2,3,2,"CBCBB>F>S","vottj001","","","K","T",1,0,1,0,0,"F"
0,0,1,1,"CBX","","","","31/G","T",1,0,0,0,0,"F"
0,1,2,2,"CBFBS","","","","K","T",1,0,0,0,0,"F"
0,2,2,2,"CBBFFX","","","","43/G","T",1,0,0,0,0,"F"
1,0,1,0,"BX","","","","2/BP2F","T",1,0,0,0,0,"F"
1,1,1,2,"TSBFFS","","","","K","T",1,0,0,0,0,"F"
1,2,2,2,"BBSCS","","","","K","T",1,0,0,0,0,"F"
0,0,1,0,"BX","","","","HR/78/F","T",0,4,0,0,0,"F"
0,0,0,1,"CX","","","","8/F+","T",1,0,0,0,0,"F"
0,1,3,2,"BSBBFX","","","","63/G","T",1,0,0,0,0,"F"
0,2,1,2,"CBFX","","","","7/F","T",1,0,0,0,0,"F"
1,0,3,2,"BBFCBFFC","","","","K","T",1,0,0,0,0,"F"
1,1,1,2,"CBSFS","","","","K","T",1,0,0,0,0,"F"
1,2,3,2,"BBFBFC","","","","K","T",1,0,0,0,0,"F"
0,0,1,1,"CBX","","","","13/G-","T",1,0,0,0,0,"F"
0,1,1,1,"SBX","","","","HR/78/F","T",0,4,0,0,0,"F"
0,1,1,1,"BCX","","","","S8/L+","T",0,1,0,0,0,"F"
0,1,1,1,"CBX","hosme001","","","E6/G.1-2","T",0,1,2,0,0,"F"
0,1,2,2,"BSTFBFS","myerw001","hosme001","","K","T",1,0,1,2,0,"F"
0,2,0,0,"X","myerw001","hosme001","","HR/9/F.2-H(UR);1-H(UR);B-H(UR)","T",0,5,5,5,0,"F"
0,2,2,2,"SBCBS","","","","K","T",1,0,0,0,0,"F"
1,0,1,1,"BCX","","","","S7/G","T",0,1,0,0,0,"F"
1,0,3,2,"CBBBSFFB","peraj003","","","W.1-2","T",0,1,2,0,0,"F"
1,0,3,2,"CBBFBF*B","vottj001","peraj003","","W.2-3;1-2","T",0,1,2,3,0,"F"
1,0,3,2,"SBSF*BBS","suare001","vottj001","peraj003","K","T",1,0,1,2,3,"F"
1,1,3,2,"BBCBSC","suare001","vottj001","peraj003","K","T",1,0,1,2,3,"F"
1,2,0,0,"X","suare001","vottj001","peraj003","7/L+","T",1,0,1,2,3,"F"
0,0,1,2,".BFSC","","","","K","T",1,0,0,0,0,"F"
0,1,1,0,"BX","","","","S8/G","T",0,1,0,0,0,"F"
0,1,1,0,"B1>S","jankt001","","","SB2","F",0,0,2,0,0,"F"
0,1,2,1,"B1>S.BX","","jankt001","","7/F","T",1,0,0,2,0,"F"
0,2,3,2,"CBB*BSS","","jankt001","","K","T",1,0,0,2,0,"F"
1,0,3,1,".BBBCX","","","","8/F","T",1,0,0,0,0,"F"
1,1,0,0,".X","","","","6/P","T",1,0,0,0,0,"F"
1,2,1,0,"BX","","","","7/L","T",1,0,0,0,0,"F"
0,0,1,0,".BX","","","","9/F","T",1,0,0,0,0,"F"
0,1,0,2,"SCX","","","","S7/F","T",0,1,0,0,0,"F"
0,1,1,2,"SS*BS","myerw001","","","K","T",1,0,1,0,0,"F"
0,2,2,2,"BCBF>X","myerw001","","","43/G","T",1,0,1,0,0,"F"
1,0,1,1,"CBX","","","","S8/L","T",0,1,0,0,0,"F"
1,0,2,2,"...BFFBS","peraj003","","","K","T",1,0,1,0,0,"F"
1,1,1,2,"CBCX","peraj003","","","64(1)/FO/G","T",1,1,0,0,0,"F"
1,2,0,0,"X","suare001","","","7/F","T",1,0,1,0,0,"F"
0,0,3,2,"BBBCFB","","","","W","T",0,1,0,0,0,"F"
0,0,2,0,"BBX","galvf001","","","S7/G.1-2","T",0,1,2,0,0,"F"
0,0,0,0,"X","margm001","galvf001","","23/BG/SH.2-3;1-2","T",1,0,2,3,0,"F"
0,1,1,1,"BCX","","margm001","galvf001","7/F/SF.3-H","T",1,0,0,2,4,"F"
0,2,3,2,"FFBBF*BX","","margm001","","3/P3F","T",1,0,0,2,0,"F"
1,0,2,2,".FBFBX","","","","HR/89/F","T",0,4,0,0,0,"F"
1,0,0,2,"FSC","","","","K","T",1,0,0,0,0,"F"
1,1,0,1,"CX","","","","8/F","T",1,0,0,0,0,"F"
1,2,3,2,".BSSBBX","","","","HR/89/F","T",0,4,0,0,0,"F"
1,2,1,2,"SSBS","","","","K","T",1,0,0,0,0,"F"
0,0,3,2,"..BBFBFFFFX","","","","3/P","T",1,0,0,0,0,"F"
0,1,1,2,"CSBFX","","","","D7/L","T",0,2,0,0,0,"F"
0,1,1,2,".BSSC","","myerw001","","K","T",1,0,0,2,0,"F"
0,2,0,2,"FFFFS","","myerw001","","K","T",1,0,0,2,0,"F"
1,0,1,1,".CBX","","","","9/F","T",1,0,0,0,0,"F"
1,1,2,2,"FCBFBX","","","","3/G","T",1,0,0,0,0,"F"
1,2,0,0,"X","","","","63/G","T",1,0,0,0,0,"F"
0,0,1,2,".CBSX","","","","S7/G","T",0,1,0,0,0,"F"
0,0,0,0,"X","galvf001","","","164(1)/FO/G","T",1,1,0,0,0,"F"
0,1,2,1,"BBFX","margm001","","","7/L","T",1,0,1,0,0,"F"
0,2,1,2,"FSFB11S","margm001","","","K","T",1,0,1,0,0,"F"
1,0,2,2,".BBSCFFX","","","","63/G","T",1,0,0,0,0,"F"
1,1,0,2,"SFFFS","","","","K","T",1,0,0,0,0,"F"
1,2,2,2,"BSSBS","","","","K","T",1,0,0,0,0,"F"
0,0,2,2,"BCBCS","","","","K","T",1,0,0,0,0,"T"
0,1,1,2,"CBFX","","","","S9/L","T",0,1,0,0,0,"F"
0,1,1,1,"B+1CX","mejif001","","","S7/G.1-2","T",0,1,2,0,0,"F"
0,1,2,1,"BCBX","renfh001","mejif001","","S7/L.2-H;1-2","T",0,1,2,4,0,"F"
0,1,1,0,"BX","hosme001","renfh001","","S8/G.2-H;1-2","T",0,1,2,4,0,"F"
0,1,0,1,"CX","myerw001","hosme001","","43/G.2-3;1-2","T",1,0,2,3,0,"F"
0,2,2,2,"CSBBS","","myerw001","hosme001","K","T",1,0,0,2,3,"F"
1,0,3,2,"BBFCBX","","","","63/G","T",1,0,0,0,0,"F"
1,1,2,2,"BBCFX","","","","43/G","T",1,0,0,0,0,"F"
1,2,0,0,"X","","","","S9/L","T",0,1,0,0,0,"F"
1,2,2,2,"TBBFS","vottj001","","","K","T",1,0,1,0,0,"F"
0,0,0,0,"X","","","","S6/G","T",0,1,0,0,0,"F"
0,0,2,1,"BBC1X","margm001","","","36(1)4/BG/GDP","T",2,0,0,0,0,"F"
0,2,2,2,"BSCBX","","","","7/L","T",1,0,0,0,0,"F"
1,0,3,2,"BCBSFBB","","","","W","T",0,1,0,0,0,"F"
1,0,0,0,"X","suare001","","","46(1)/FO/G","T",1,1,0,0,0,"F"
1,1,3,1,"FBBB1B","willm007","","","W.1-2","T",0,1,2,0,0,"F"
1,1,3,2,"BFBFBB","barnt001","willm007","","W.2-3;1-2","T",0,1,2,3,0,"F"
1,1,1,2,"CBCS","ervip001","barnt001","willm007","K","T",1,0,1,2,3,"F"
1,2,2,0,"BBB","ervip001","barnt001","willm007","PB.3-H(NR);2-3;1-2","F",0,0,2,3,4,"F"
1,2,3,0,"BBB.B","","ervip001","barnt001","W","T",0,1,0,2,3,"F"
1,2,1,1,".FBX","sches001","ervip001","barnt001","D7/F.3-H;2-H;1-H","T",0,2,4,4,4,"F"
1,2,2,2,"CTBBS","","peraj003","","K","T",1,0,0,2,0,"F"
0,0,1,1,"BCX","","","","9/F+","T",1,0,0,0,0,"F"
0,1,2,2,"FBFBFFFX","","","","HR/7/L+","T",0,4,0,0,0,"F"
0,1,0,0,"X","","","","7/F","T",1,0,0,0,0,"F"
0,2,1,0,"BX","","","","53/G","T",1,0,0,0,0,"F"
1,0,1,1,"CBX","","","","43/G","T",1,0,0,0,0,"F"
1,1,3,2,"BCFBBS","","","","K","T",1,0,0,0,0,"F"
1,2,3,2,"BBTBFS","","","","K","T",1,0,0,0,0,"F"
0,0,2,1,"SBBX","","","","D7/L","T",0,2,0,0,0,"F"
0,0,1,2,"CS*BS","","reyef001","","K","T",1,0,0,2,0,"F"
0,1,2,1,"BSBX","","reyef001","","D8/L+.2-H","T",0,2,0,4,0,"F"
0,1,0,1,"S>M","","margm001","","CS3(25)","F",1,0,0,0,0,"F"
0,2,0,2,"S>M.X","","","","8/F","T",1,0,0,0,0,"F"
1,0,3,2,"CFBBBS","","","","K","T",1,0,0,0,0,"F"
1,1,0,0,"X","","","","HR/7/F+","T",0,4,0,0,0,"F"
1,1,1,2,".FFBS","","","","K","T",1,0,0,0,0,"F"
1,2,0,0,"X","","","","7/L","T",1,0,0,0,0,"F"
0,0,1,2,".CFFBFX","","","","31/G","T",1,0,0,0,0,"F"
0,1,1,2,"BTFX","","","","63/G","T",1,0,0,0,0,"F"
0,2,2,1,"BBFX","","","","3/P","T",1,0,0,0,0,"F"
1,0,1,2,".FFFBFX","","","","9/F","T",1,0,0,0,0,"F"
1,1,1,2,"CFBC","","","","K","T",1,0,0,0,0,"F"
1,2,0,1,"CX","","","","5/L","T",1,0,0,0,0,"F"
0,0,1,1,"BFX","","","","8/F","T",1,0,0,0,0,"F"
0,1,1,2,"FTBX","","","","7/L+","T",1,0,0,0,0,"F"
0,2,1,0,"BX","","","","63/G","T",1,0,0,0,0,"F"
1,0,3,2,"BFFBBC","","","","K","T",1,0,0,0,0,"F"
1,1,2,0,"BBX","","","","S4/G","T",0,1,0,0,0,"F"
1,1,2,2,"FB1FB>X","willm007","","","S9/G.1-3","T",0,1,3,0,0,"F"
1,1,0,1,"F>X","barnt001","","willm007","S3/BG-.3-H;1-2","T",0,1,2,0,4,"F"
1,1,0,1,"CX","ervip001","barnt001","","S1/BG.2-3;1-2","T",0,1,2,3,0,"F"
1,1,2,1,"BCBX","lorem002","ervip001","barnt001","HR/89/F.3-H;2-H;1-H","T",0,4,4,4,4,"F"
1,1,1,1,"..SBX","","","","S7/L","T",0,1,0,0,0,"F"
1,1,2,2,"FSFBBS","peraj003","","","K","T",1,0,1,0,0,"F"
1,2,2,2,"BBFCS","peraj003","","","K","T",1,0,1,0,0,"F"
0,0,0,0,"X","","","","S8/G","T",0,1,0,0,0,"F"
0,0,0,2,"FCX","galvf001","","","64(1)3/GDP","T",2,0,0,0,0,"F"
0,2,3,2,"CBBSBFS","","","","K","T",1,0,0,0,0,"F"
1,0,3,1,"BBFBX","","","","S39/G","T",0,1,0,0,0,"F"
1,0,0,2,"SSS","suare001","","","K","T",1,0,1,0,0,"F"
1,1,2,2,"BSBFC","suare001","","","K","T",1,0,1,0,0,"F"
1,2,0,0,"X","suare001","","","HR/89/F.1-H","T",0,4,4,0,0,"F"
1,2,0,2,".SCX","","","","53/G-","T",1,0,0,0,0,"F"
0,0,0,1,".CX","","","","S8/L","T",0,1,0,0,0,"F"
0,0,0,2,"FCX","urial001","","","4/L","T",1,0,1,0,0,"F"
0,1,1,0,"BX","urial001","","","6/P","T",1,0,1,0,0,"F"
0,2,1,1,"SBX","urial001","","","HR/7/F.1-H","T",0,4,4,0,0,"F"
0,2,2,2,".CBFFBFS","","","","K","T",1,0,0,0,0,"F"
1,0,1,0,"..BX","","","","9/L","T",1,0,0,0,0,"F"
1,1,1,2,"BSCS","","","","K","T",1,0,0,0,0,"F"
1,2,3,1,"BBFBB","","","","W","T",0,1,0,0,0,"F"
1,2,1,2,".FTFBS","dixob001","","","K","T",1,0,1,0,0,"F"
0,0,1,2,"...CBSX","","","","63/G","T",1,0,0,0,0,"F"
0,1,2,2,"FBBSS","","","","K","T",1,0,0,0,0,"F"
0,2,1,0,"BX","","","","53/G","T",1,0,0,0,0,"F"
0,0,0,2,"SSS","","","","K","T",1,0,0,0,0,"T"
0,1,0,2,"CCS","","","","K","T",1,0,0,0,0,"F"
0,2,1,2,"BSSS","","","","K","T",1,0,0,0,0,"F"
1,0,0,2,"FFX","","","","8/L","T",1,0,0,0,0,"F"
1,1,1,0,"BX","","","","63/G","T",1,0,0,0,0,"F"
1,2,3,2,"FBFBBX","","","","7/F","T",1,0,0,0,0,"F"
0,0,2,2,"BBCFFX","","","","6/P","T",1,0,0,0,0,"F"
0,1,0,1,"SX","","","","S8/L+","T",0,1,0,0,0,"F"
0,1,3,1,"BBFBB","reyef001","","","W.1-2","T",0,1,2,0,0,"F"
0,1,0,2,"FSX","hedga001","reyef001","","46(1)/FO/G.2-3","T",1,1,0,3,0,"F"
0,2,0,0,"X","spanc001","","reyef001","8/F","T",1,0,1,0,3,"F"
1,0,0,1,"CX","","","","S57/G","T",0,1,0,0,0,"F"
1,0,2,2,"BF*BFX","suare001","","","9/F","T",1,0,1,0,0,"F"
1,1,1,1,"CB1X","suare001","","","S8/L.1-3","T",0,1,3,0,0,"F"
1,1,0,0,"X","casac001","","suare001","S7/G.3-H;1-2","T",0,1,2,0,4,"F"
1,1,1,1,"BLX","dixob001","casac001","","S1/BG.2-3;1-2","T",0,1,2,3,0,"F"
1,1,1,0,"BX","harvm001","dixob001","casac001","9/L/SF.3-H;2-3","T",1,0,1,3,4,"F"
1,2,0,0,"X","harvm001","","dixob001","S8/G.3-H;1-2","T",0,1,2,0,4,"F"
1,2,1,0,"BX","sches001","harvm001","","S7/L.2-3;1-2","T",0,1,2,3,0,"F"
1,2,2,1,"BC*BX","peraj003","sches001","harvm001","HR/9/F.3-H;2-H;1-H","T",0,4,4,4,4,"F"
1,2,0,0,"X","","","","S9/L","T",0,1,0,0,0,"F"
1,2,2,2,"CS*BFBFX","suare001","","","9/F","T",1,0,1,0,0,"F"
0,0,1,2,"BCSS","","","","K","T",1,0,0,0,0,"F"
0,1,0,2,"CCS","","","","K","T",1,0,0,0,0,"F"
0,2,0,0,"X","","","","7/F","T",1,0,0,0,0,"F"
1,0,0,0,"X","","","","9/F","T",1,0,0,0,0,"F"
1,1,3,1,"BFBBX","","","","8/F","T",1,0,0,0,0,"F"
1,2,1,2,"CBFX","","","","13/G-","T",1,0,0,0,0,"F"
0,0,3,2,"FCBBBX","","","","S8/L","T",0,1,0,0,0,"F"
0,0,1,0,"BX","renfh001","","","HR/78/F.1-H","T",0,4,4,0,0,"F"
0,0,1,2,"SSBX","","","","7/F","T",1,0,0,0,0,"F"
0,1,0,0,"X","","","","T8/L+","T",0,3,0,0,0,"F"
0,1,3,1,"BBTBB","","","hedga001","W","T",0,1,0,0,3,"F"
0,1,3,2,"BBBCF>B","spanc001","","hedga001","W.1-2","T",0,1,2,0,3,"F"
0,1,0,2,".TFFS","margm001","spanc001","hedga001","K","T",1,0,1,2,3,"F"
0,2,2,2,"BBSSS","margm001","spanc001","hedga001","K","T",1,0,1,2,3,"F"
1,0,0,0,".X","","","","7/F","T",1,0,0,0,0,"F"
1,1,1,2,"BCFS","","","","K","T",1,0,0,0,0,"F"
1,2,0,1,"CX","","","","43/G","T",1,0,0,0,0,"F"
0,0,2,2,"FFBBX","","","","4/P","T",1,0,0,0,0,"F"
0,1,1,2,"SBTC","","","","K","T",1,0,0,0,0,"F"
0,2,1,2,"CFFBFFX","","","","8/F+","T",1,0,0,0,0,"F"
1,0,3,0,"BBBB","","","","W","T",0,1,0,0,0,"F"
1,0,2,1,"CBBX","vottj001","","","54(1)3/GDP","T",2,0,0,0,0,"F"
1,2,0,2,"CCC","","","","K","T",1,0,0,0,0,"F"
0,0,0,2,"CFS","","","","K","T",1,0,0,0,0,"F"
0,1,3,2,"FBBCFBX","","","","8/F","T",1,0,0,0,0,"F"
0,2,1,2,"CBFS","","","","K","T",1,0,0,0,0,"F"
1,0,2,1,"..CBBX","","","","9/L","T",1,0,0,0,0,"F"
1,1,2,2,"SBFBC","","","","K","T",1,0,0,0,0,"F"
1,2,3,2,".BBBCSB","","","","W","T",0,1,0,0,0,"F"
1,2,1,2,"CSF*BX","fedet001","","","7/F","T",1,0,1,0,0,"F"
0,0,2,1,".CBBX","","","","63/G","T",1,0,0,0,0,"F"
0,1,1,1,"BSX","","","","S5/G-","T",0,1,0,0,0,"F"
0,0,0,1,"FX","","","","31/G","T",1,0,0,0,0,"T"
0,1,1,2,"CSBX","","","","S68/G","T",0,1,0,0,0,"F"
0,1,3,0,"BBBB","urial001","","","W.1-2","T",0,1,2,0,0,"F"
0,1,1,2,"FCBS","renfh001","urial001","","K","T",1,0,1,2,0,"F"
0,2,3,2,"CSFFB*BFFB*B","renfh001","urial001","","W.2-3;1-2","T",0,1,2,3,0,"F"
0,2,1,0,"BX","reyef001","renfh001","urial001","8/L+","T",1,0,1,2,3,"F"
1,0,2,2,"BSBSFC","","","","K","T",1,0,0,0,0,"F"
1,1,1,1,"CBX","","","","9/F","T",1,0,0,0,0,"F"
1,2,3,0,"BBBB","","","","W","T",0,1,0,0,0,"F"
1,2,0,2,"CFFS","vottj001","","","K","T",1,0,1,0,0,"F"
0,0,3,2,"FBSBFBFB","","","","W","T",0,1,0,0,0,"F"
0,0,0,0,"X","spanc001","","","8/L","T",1,0,1,0,0,"F"
0,1,2,2,"L1LBBL","spanc001","","","K/BF","T",1,0,1,0,0,"F"
0,2,1,2,"CC+1*BFFX","spanc001","","","D9/L+.1-3","T",0,2,3,0,0,"F"
0,2,1,2,"CSBS","","jankt001","spanc001","K","T",1,0,0,2,3,"F"
1,0,1,2,"CFBH","","","","HP","T",0,1,0,0,0,"F"
1,0,0,1,"CX","ervip001","","","7/F","T",1,0,1,0,0,"F"
1,1,1,2,"B1S+1>FX","ervip001","","","54(1)3/GDP","T",2,0,0,0,0,"F"
0,0,0,0,"X","","","","8/F+","T",1,0,0,0,0,"F"
0,1,2,2,"CBBSX","","","","S8/G","T",0,1,0,0,0,"F"
0,1,2,2,"CCBBC","hosme001","","","K","T",1,0,1,0,0,"F"
0,2,3,2,"FBBFB>X","hosme001","","","HR/7/F.1-H","T",0,4,4,0,0,"F"
0,2,1,2,"FSBX","","","","S9/L","T",0,1,0,0,0,"F"
0,2,0,2,"CFC","spanc001","","","K","T",1,0,1,0,0,"F"
1,0,2,2,".CBFBS","","","","K23","T",1,0,0,0,0,"F"
1,1,3,2,"CCBBBS","","","","K","T",1,0,0,0,0,"F"
1,2,0,2,"CSS","","","","K","T",1,0,0,0,0,"F"
0,0,1,2,".FBST","","","","K","T",1,0,0,0,0,"F"
0,1,3,1,"SBBBB","","","","W","T",0,1,0,0,0,"F"
0,1,0,1,"1F>B","jankt001","","","SB2","F",0,0,2,0,0,"F"
0,1,2,2,"1F>B.S*BX","","jankt001","","HR/7/F.2-H","T",0,4,0,4,0,"F"
0,1,2,2,"BCBSS","","","","K","T",1,0,0,0,0,"F"
0,2,2,2,"BCSBX","","","","53/G+","T",1,0,0,0,0,"F"
1,0,0,0,"X","","","","S9/F","T",0,1,0,0,0,"F"
1,0,0,0,"X","peraj003","","","43/G.1-2","T",1,0,2,0,0,"F"
1,1,1,0,"BX","","peraj003","","7/F","T",1,0,0,2,0,"F"
1,2,3,1,"BBBCB","","peraj003","","W","T",0,1,0,2,0,"F"
1,2,1,0,"*BX","ervip001","peraj003","","S8/L.2-H;1-3","T",0,1,3,4,0,"F"
1,2,2,0,"BBX","barnt001","","ervip001","8/L+","T",1,0,1,0,3,"F"
0,0,0,0,"X","","","","S7/L+","T",0,1,0,0,0,"F"
0,0,0,1,"CX","reyef001","","","9/F","T",1,0,1,0,0,"F"
0,1,3,2,"SBBS1*B>B","reyef001","","","W.1-2","T",0,1,2,0,0,"F"
0,1,3,2,"FFBBBFX","spanc001","reyef001","","D7/L+.2-H;1-H","T",0,2,4,4,0,"F"
0,1,0,0,"X","","galvf001","","9/L.2-3","T",1,0,0,3,0,"F"
0,2,3,2,"BBBCFFFB","","","galvf001","W","T",0,1,0,0,3,"F"
0,2,0,2,"..F1C1X","jankt001","","galvf001","13/G","T",1,0,1,0,3,"F"
1,0,3,2,"CBFFBBX","","","","S8/G+","T",0,1,0,0,0,"F"
1,0,1,1,"CBX","trahb001","","","S9/F.1-2","T",0,1,2,0,0,"F"
1,0,3,2,"BBFBSX","hamib001","trahb001","","S9/L.2-3;1-2","T",0,1,2,3,0,"F"
1,0,0,1,"CX","sches001","hamib001","trahb001","D7/L+.3-H;2-H;1-3","T",0,2,3,4,4,"F"
1,0,3,1,"CBB*BX","","peraj003","sches001","HR/8/F.3-H;2-H","T",0,4,0,4,4,"F"
1,0,0,0,".X","","","","9/F","T",1,0,0,0,0,"F"
1,1,3,1,"BFBBB","","","","W","T",0,1,0,0,0,"F"
1,1,0,1,"FX","ervip001","","","6/P","T",1,0,1,0,0,"F"
1,2,0,2,".CSFS","ervip001","","","K","T",1,0,1,0,0,"F"
0,0,3,2,".BBSSBC","","","","K","T",1,0,0,0,0,"F"
0,1,3,2,"CBBBFX","","","","7/L","T",1,0,0,0,0,"F"
0,2,3,2,"CBFFBFBX","","","","S9/G+","T",0,1,0,0,0,"F"
0,2,0,0,"X","reyef001","","","64(1)/FO/G+","T",1,1,0,0,0,"F"
1,0,0,0,".X","","","","63/G","T",1,0,0,0,0,"F"
1,1,2,2,"BBFSX","","","","S5/G","T",0,1,0,0,0,"F"
1,1,0,0,"...X","hamib001","","","4/P","T",1,0,1,0,0,"F"
1,2,3,1,"B111BBC>C","hamib001","","","SB2.1-3(E2/TH)","F",0,0,3,0,0,"F"
1,2,3,2,"B111BBC>C.X","","","hamib001","53/G","T",1,0,0,0,3,"F"
0,0,1,2,"SBFS","","","","K23","T",1,0,0,0,0,"F"
0,1,2,2,"SBBFX","","","","8/F","T",1,0,0,0,0,"F"
0,2,1,2,"CFBT","","","","K","T",1,0,0,0,0,"F"
1,0,3,2,"SBBFBX","","","","7/L","T",1,0,0,0,0,"F"
1,1,1,2,"BFFX","","","","3/G","T",1,0,0,0,0,"F"
1,2,3,2,"BBBCFFT","","","","K","T",1,0,0,0,0,"F"
0,0,1,1,".BCX","","","","31/G","T",1,0,0,0,0,"F"
0,1,0,2,"LFS","","","","K","T",1,0,0,0,0,"F"
0,2,2,2,"BBCFS","","","","K","T",1,0,0,0,0,"F"
1,0,2,1,".CBBX","","","","DGR/9/F","T",0,2,0,0,0,"F"
1,0,3,2,".BLBLF*BS","","barnt001","","K23","T",1,0,0,2,0,"F"
1,1,3,2,".B*BCSBS","","barnt001","","K","T",1,0,0,2,0,"F"
1,2,1,1,"FBX","","barnt001","","7/F","T",1,0,0,2,0,"F"
0,0,1,0,"..BX","","","","HR/78/F","T",0,4,0,0,0,"F"
0,0,0,0,".X","","","","9/L+","T",1,0,0,0,0,"F"
0,1,1,2,"FCBX","","","","9/F","T",1,0,0,0,0,"F"
0,2,2,0,"BBX","","","","7/F","T",1,0,0,0,0,"F"
1,0,1,2,".SFBS","","","","K","T",1,0,0,0,0,"F"
1,1,1,2,"BFFS","","","","K","T",1,0,0,0,0,"F"
1,2,3,2,"BCBBSX","","","","8/F","T",1,0,0,0,0,"F"
0,0,3,2,"BBCCBX","","","","S9/L","T",0,1,0,0,0,"T"
0,0,3,1,"CBBBX","taylc001","","","E6/FO/G.1-2","T",0,1,2,0,0,"F"
0,0,1,1,"C*BX","turnj001","taylc001","","54(1)/FO/G.2-3","T",1,1,0,3,0,"F"
0,1,2,2,"BBC1FS","machm001","","taylc001","K","T",1,0,1,0,3,"F"
0,2,0,0,">C","machm001","","taylc001","SB2","F",0,0,2,0,3,"F"
0,2,3,2,">C.BBBCB","","machm001","taylc001","W","T",0,1,0,2,3,"F"
0,2,2,2,"BCBFFS","freed001","machm001","taylc001","K","T",1,0,1,2,3,"F"
1,0,3,1,"BCBBB","","","","W","T",0,1,0,0,0,"F"
1,0,0,1,"CH","hamib001","","","HP.1-2","T",0,1,2,0,0,"F"
1,0,0,1,"SX","peraj003","hamib001","","D9/L.2-H;1-H","T",0,2,4,4,0,"F"
1,0,1,2,"CFBC","","vottj001","","K","T",1,0,0,2,0,"F"
1,1,1,2,"CF*BX","","vottj001","","S9/L.2-H","T",0,1,0,4,0,"F"
1,1,1,2,"CCBX","genns001","","","S7/L.1-2","T",0,1,2,0,0,"F"
1,1,2,2,"C*BFBS","ervip001","genns001","","K","T",1,0,1,2,0,"F"
1,2,0,0,"X","ervip001","genns001","","E6/TH/G.2-H(NR)(UR);1-3;B-2","T",0,2,3,5,0,"F"
1,2,2,1,"CBBX","","dixob001","ervip001","63/G","T",1,0,0,2,3,"F"
0,0,0,2,"CFS","","","","K","T",1,0,0,0,0,"F"
0,1,1,2,"CFBX","","","","43/G","T",1,0,0,0,0,"F"
0,2,1,2,"BCFC","","","","K","T",1,0,0,0,0,"F"
1,0,1,1,"CBX","","","","53/G","T",1,0,0,0,0,"F"
1,1,0,0,"X","","","","53/G","T",1,0,0,0,0,"F"
1,2,2,2,"BCCBC","","","","K","T",1,0,0,0,0,"F"
0,0,3,1,"BBBCB","","","","W","T",0,1,0,0,0,"F"
0,0,2,0,"BBX","taylc001","","","3/P3F","T",1,0,1,0,0,"F"
0,1,0,0,"X","taylc001","","","S7/L+.1-2","T",0,1,2,0,0,"F"
0,1,1,2,"FC*BX","machm001","taylc001","","S8/G.2-H;1-3","T",0,1,3,4,0,"F"
0,1,1,2,"BSFFS","kempm001","","machm001","K","T",1,0,1,0,3,"F"
0,2,3,2,"*BBBFS>X","kempm001","","machm001","63/G","T",1,0,1,0,3,"F"
1,0,0,0,"X","","","","HR/89/F","T",0,4,0,0,0,"F"
1,0,1,2,"CBFX","","","","S59/G","T",0,1,0,0,0,"F"
1,0,0,0,"X","genns001","","","9/F","T",1,0,1,0,0,"F"
1,1,1,2,"FCBC","genns001","","","K","T",1,0,1,0,0,"F"
1,2,1,2,"BC1SFS","genns001","","","K","T",1,0,1,0,0,"F"
0,0,2,1,"CBBX","","","","53/G","T",1,0,0,0,0,"F"
0,1,3,1,"BBBCX","","","","D7/L","T",0,2,0,0,0,"F"
0,1,0,0,"X","","dozib001","","43/G.2-3","T",1,0,0,3,0,"F"
0,2,0,0,"X","","","dozib001","HR/89/F.3-H","T",0,4,0,0,4,"F"
0,2,3,1,"BBBCB","","","","W","T",0,1,0,0,0,"F"
0,2,0,0,"X","turnj001","","","64(1)/FO/G+","T",1,1,0,0,0,"F"
1,0,1,1,".BFX","","","","43/G+","T",1,0,0,0,0,"F"
1,1,2,1,"CBBX","","","","D7/L","T",0,2,0,0,0,"F"
1,1,0,1,"FX","","hamib001","","S7/L+.2-H;B-2(TH)","T",0,2,0,4,0,"F"
1,1,3,2,"*BBCSFFFBC","","peraj003","","K","T",1,0,0,2,0,"F"
1,2,3,0,"VVVV","","peraj003","","IW","T",0,1,0,2,0,"F"
1,2,0,2,"FFX","suare001","peraj003","","S9/G.2-H;1-3","T",0,1,3,4,0,"F"
1,2,0,0,".X","genns001","","suare001","9/F","T",1,0,1,0,3,"F"
0,0,2,0,".BBX","","","","8/F","T",1,0,0,0,0,"F"
0,1,1,2,".CBFS","","","","K","T",1,0,0,0,0,"F"
0,2,2,2,".BCCBS","","","","K","T",1,0,0,0,0,"F"
1,0,1,2,"..BCFX","","","","43/G","T",1,0,0,0,0,"F"
1,1,3,1,"BFBBX","","","","8/F","T",1,0,0,0,0,"F"
1,2,2,2,"BCFBX","","","","D8/L","T",0,2,0,0,0,"F"
1,2,1,2,"CC*BFX","","lorem002","","6/P","T",1,0,0,2,0,"F"
0,0,3,2,"BBBCFX","","","","HR/89/L","T",0,4,0,0,0,"F"
0,0,1,1,".CBX","","","","8/F","T",1,0,0,0,0,"F"
0,1,0,0,".X","","","","31/G","T",1,0,0,0,0,"F"
0,2,0,2,"SSC","","","","K","T",1,0,0,0,0,"F"
1,0,0,1,"..CX","","","","S9/L","T",0,1,0,0,0,"F"
1,0,1,0,"B1>S","peraj003","","","SB2","F",0,0,2,0,0,"F"
1,0,1,2,"B1>S.CS","","peraj003","","K","T",1,0,0,2,0,"F"
1,1,2,2,"CS*BBF>S","","peraj003","","K+SB3","T",1,0,0,3,0,"F"
1,2,1,2,"*BFSX","","","peraj003","S8/L.3-H","T",0,1,0,0,4,"F"
1,2,3,1,"CBB*BX","genns001","","","D9/L.1-3","T",0,2,3,0,0,"F"
1,2,3,2,"B*BFSBX","","ervip001","genns001","S8/G.3-H;2-H","T",0,1,0,4,4,"F"
1,2,1,2,"BSSS","barnt001","","","K","T",1,0,1,0,0,"F"
0,0,3,0,"BBBB","","","","W","T",0,1,0,0,0,"F"
0,0,3,1,"C*BBBX","turnj001","","","D8/L+.1-3","T",0,2,3,0,0,"F"
0,0,0,1,"CX","","machm001","turnj001","63/G.3-H","T",1,0,0,2,4,"F"
0,1,1,1,"..CBX","","machm001","","S4/G+.2-3","T",0,1,0,3,0,"F"
0,1,1,2,"BFCX","bellc002","","machm001","S7/L.3-H;1-2","T",0,1,2,0,4,"F"
0,1,3,2,"CBCBBFB","muncm001","bellc002","","W.2-3;1-2","T",0,1,2,3,0,"F"
0,1,2,2,"..BBCFFFFFFFX","grany001","muncm001","bellc002","5/L+/DP.2X2(54)","T",2,0,1,0,3,"F"
1,0,0,1,"....SX","","","","S5/BG","T",0,1,0,0,0,"F"
1,0,3,1,"B1CBBX","willm007","","","3/L/DP.1X1(3)","T",2,0,0,0,0,"F"
1,2,1,0,"BX","","","","6/P5F","T",1,0,0,0,0,"F"
0,0,0,0,".X","","","","43/G","T",1,0,0,0,0,"F"
0,1,0,2,"FFX","","","","9/F","T",1,0,0,0,0,"F"
0,2,1,2,"CFBX","","","","4/L","T",1,0,0,0,0,"F"
1,0,3,2,".BSBBFB","","","","W","T",0,1,0,0,0,"F"
1,0,3,2,"CSBBBFFS","vottj001","","","K","T",1,0,1,0,0,"F"
1,1,2,2,"CBBFS","vottj001","","","K","T",1,0,1,0,0,"F"
1,2,1,2,"CS*BS","vottj001","","","K","T",1,0,1,0,0,"F"
0,0,0,2,".CFX","","","","9/F","T",1,0,0,0,0,"F"
0,1,2,2,"BBFSS","","","","K","T",1,0,0,0,0,"F"
0,2,3,0,"BBBB","","","","W","T",0,1,0,0,0,"F"
0,2,1,0,"B>B","bellc002","","","SB2","F",0,0,2,0,0,"F"
0,2,3,1,"B>B.CBX","","bellc002","","31/G","T",1,0,0,2,0,"F"
0,0,2,1,"CBBX","","","","S8/G+","T",0,1,0,0,0,"T"
0,0,1,2,"BCSS","pedej001","","","K","T",1,0,1,0,0,"F"
0,1,2,2,"*BBCSX","pedej001","","","S7/G.1-2","T",0,1,2,0,0,"F"
0,1,2,2,"BBFSS","machm001","pedej001","","K","T",1,0,1,2,0,"F"
0,2,2,2,"BBSFS","machm001","pedej001","","K","T",1,0,1,2,0,"F"
1,0,2,1,"CBBX","","","","43/G","T",1,0,0,0,0,"F"
1,1,1,0,"BX","","","","D7/L+","T",0,2,0,0,0,"F"
1,1,3,2,"C*BFBFBB","","peraj003","","W","T",0,1,0,2,0,"F"
1,1,2,2,"CBBFFS","genns001","peraj003","","K","T",1,0,1,2,0,"F"
1,2,0,2,"CFX","genns001","peraj003","","4/P","T",1,0,1,2,0,"F"
0,0,1,1,"CBX","","","","5/P5F","T",1,0,0,0,0,"F"
0,1,2,2,"BCFBS","","","","K","T",1,0,0,0,0,"F"
0,2,0,0,"X","","","","63/G","T",1,0,0,0,0,"F"
1,0,2,2,"BSBSFS","","","","K","T",1,0,0,0,0,"F"
1,1,1,0,"BX","","","","HR/7/F","T",0,4,0,0,0,"F"
1,1,0,2,"CTFFS","","","","K","T",1,0,0,0,0,"F"
1,2,2,2,"CBFBS","","","","K","T",1,0,0,0,0,"F"
0,0,1,2,"CBFS","","","","K","T",1,0,0,0,0,"F"
0,1,1,2,"CBCS","","","","K","T",1,0,0,0,0,"F"
0,2,2,2,"FBFBS","","","","K","T",1,0,0,0,0,"F"
1,0,1,0,"BX","","","","HR/9/F","T",0,4,0,0,0,"F"
1,0,0,1,"CX","","","","4/L","T",1,0,0,0,0,"F"
1,1,0,0,"X","","","","13/BG","T",1,0,0,0,0,"F"
1,2,2,2,"CBCBX","","","","S8/L","T",0,1,0,0,0,"F"
1,2,3,2,"CBBFB>F>S","suare001","","","K","T",1,0,1,0,0,"F"
0,0,1,0,"BX","","","","9/L","T",1,0,0,0,0,"F"
0,1,2,2,"FFFBBX","","","","3/G","T",1,0,0,0,0,"F"
0,2,2,2,"BBCFFX","","","","43/G","T",1,0,0,0,0,"F"
1,0,2,1,"BBFX","","","","3/P3F","T",1,0,0,0,0,"F"
1,1,0,1,"CX","","","","7/F","T",1,0,0,0,0,"F"
1,2,2,2,"SBSBX","","","","S9/L","T",0,1,0,0,0,"F"
1,2,0,2,"FSFC","guerg001","","","K","T",1,0,1,0,0,"F"
0,0,2,1,"BCBX","","","","43/G","T",1,0,0,0,0,"F"
0,1,0,1,"CX","","","","53/G","T",1,0,0,0,0,"F"
0,2,1,2,"FBFX","","","","53/G","T",1,0,0,0,0,"F"
1,0,0,1,"FX","","","","S1/G-","T",0,1,0,0,0,"F"
1,0,0,0,"X","sches001","","","S7/L.1-2","T",0,1,2,0,0,"F"
1,0,0,2,"CSX","peraj003","sches001","","S7/L.2-H;1-2","T",0,1,2,4,0,"F"
1,0,1,2,"FBSX","genns001","peraj003","","64(1)3/GDP.2-3","T",2,0,0,3,0,"F"
1,2,1,1,"SBX","","","peraj003","9/F","T",1,0,0,0,3,"F"
0,0,1,2,".BCCS","","","","K","T",1,0,0,0,0,"F"
0,1,0,1,"FX","","","","HR/9/F","T",0,4,0,0,0,"F"
0,1,0,2,"CFS","","","","K","T",1,0,0,0,0,"F"
0,2,1,2,"TBSX","","","","53/G","T",1,0,0,0,0,"F"
1,0,1,1,".CBX","","","","53/G","T",1,0,0,0,0,"F"
1,1,3,0,"BBBB","","","","W","T",0,1,0,0,0,"F"
1,1,1,2,"SSB+1S","dixob001","","","K","T",1,0,1,0,0,"F"
1,2,0,2,"CSS","dixob001","","","K","T",1,0,1,0,0,"F"
0,0,1,0,"BX","","","","7/F7LF","T",1,0,0,0,0,"F"
0,1,1,2,"BCFX","","","","D8/L+","T",0,2,0,0,0,"F"
0,1,1,0,"BB","","grany001","","WP.2-3","F",0,0,0,3,0,"F"
0,1,3,0,"BB.BB","","","grany001","W","T",0,1,0,0,3,"F"
0,1,1,2,".SCFBFX","verda001","","grany001","9/F.1-2","T",1,0,2,0,3,"F"
0,2,3,2,"CBSB*B*B","","verda001","grany001","W","T",0,1,0,2,3,"F"
0,2,2,1,"..BBSX","puigy001","verda001","grany001","64(1)/FO/G","T",1,1,0,2,3,"F"
1,0,0,2,".FSS","","","","K","T",1,0,0,0,0,"F"
1,1,0,1,"FX","","","","53/G","T",1,0,0,0,0,"F"
1,2,1,0,"BX","","","","S9/L","T",0,1,0,0,0,"F"
1,2,0,0,".X","genns001","","","S7/G+.1-3","T",0,1,3,0,0,"F"
1,2,2,2,"SBFFF*BX","suare001","","genns001","9/F","T",1,0,1,0,3,"F"
0,0,2,2,".CBBFFS","","","","K","T",1,0,0,0,0,"F"
0,1,0,2,"LCX","","","","S68/P","T",0,1,0,0,0,"F"
0,1,1,2,"BCFX","muncm001","","","46(1)3/GDP","T",2,0,0,0,0,"F"
1,0,0,0,"X","","","","3/P","T",1,0,0,0,0,"F"
1,1,0,1,"SX","","","","53/G","T",1,0,0,0,0,"F"
1,2,2,1,"CBBX","","","","63/G","T",1,0,0,0,0,"F"
0,0,1,2,".CSBS","","","","K","T",1,0,0,0,0,"F"
0,1,3,2,"BBCSBB","","","","W","T",0,1,0,0,0,"F"
0,1,2,2,".BC*BCX","locat001","","","3(1)31/GDP","T",2,0,0,0,0,"F"
0,0,0,2,"CCX","","","","9/F","T",1,0,0,0,0,"T"
0,1,1,0,"BX","","","","8/F","T",1,0,0,0,0,"F"
0,2,2,1,"BBFX","","","","63/G","T",1,0,0,0,0,"F"
1,0,3,2,"BBFFB*B","","","","W","T",0,1,0,0,0,"F"
1,0,0,0,">B","sches001","","","CS2(26)","F",1,0,0,0,0,"F"
1,1,2,1,">B.BFX","","","","HR/7/F","T",0,4,0,0,0,"F"
1,1,0,0,"X","","","","S8/L","T",0,1,0,0,0,"F"
1,1,1,2,"CBFX","vottj001","","","9/L","T",1,0,1,0,0,"F"
1,2,3,2,"BBBCF>S","vottj001","","","K","T",1,0,1,0,0,"F"
0,0,2,2,"FCBBC","","","","K","T",1,0,0,0,0,"F"
0,1,1,2,"CFBT","","","","K","T",1,0,0,0,0,"F"
0,2,1,1,"CBX","","","","43/G","T",1,0,0,0,0,"F"
1,0,2,2,"CFBBS","","","","K","T",1,0,0,0,0,"F"
1,1,2,2,"CBBCX","","","","43/G","T",1,0,0,0,0,"F"
1,2,1,2,"CBCS","","","","K23","T",1,0,0,0,0,"F"
0,0,2,2,"CBBCFX","","","","3/G","T",1,0,0,0,0,"F"
0,1,2,2,"CSBBC","","","","K","T",1,0,0,0,0,"F"
0,2,0,2,"CCS","","","","K","T",1,0,0,0,0,"F"
1,0,1,0,"BX","","","","D49/G","T",0,2,0,0,0,"F"
1,0,1,2,"S*BFX","","hamib001","","43/G.2-3","T",1,0,0,3,0,"F"
1,1,0,0,"X","","","hamib001","1/L","T",1,0,0,0,3,"F"
1,2,3,2,"BBCBCC","","","hamib001","K","T",1,0,0,0,3,"F"
0,0,3,2,"CBBFBFFX","","","","HR/8/F","T",0,4,0,0,0,"F"
0,0,3,1,"BBBCX","","","","5/P5F","T",1,0,0,0,0,"F"
0,1,3,2,"BBCFBX","","","","63/G","T",1,0,0,0,0,"F"
0,2,0,1,"CX","","","","S9/L+","T",0,1,0,0,0,"F"
0,2,2,2,"BC*BCX","muncm001","","","D9/F/FINT.1-H","T",0,2,4,0,0,"F"
0,2,3,0,"VVVV","","grany001","","IW","T",0,1,0,2,0,"F"
0,2,1,1,"*B2FX","bellc002","grany001","","64(1)/FO/G","T",1,1,0,2,0,"F"
1,0,1,1,"CBX","","","","8/F","T",1,0,0,0,0,"F"
1,1,0,0,".X","","","","7/F7LF","T",1,0,0,0,0,"F"
1,2,2,2,"SSFBBS","","","","K","T",1,0,0,0,0,"F"
0,0,3,1,"SBBBB","","","","W","T",0,1,0,0,0,"F"
0,0,0,2,".SSC","puigy001","","","K","T",1,0,1,0,0,"F"
0,1,1,2,"C1P1F11X","puigy001","","","D7/G.1-3","T",0,2,3,0,0,"F"
0,1,1,0,"BX","","pedej001","puigy001","S8/L.3-H;2-H","T",0,1,0,4,4,"F"
0,1,2,2,"BFBSX","turnj001","","","5/P5F","T",1,0,1,0,0,"F"
0,2,3,2,"CBBBC*B","turnj001","","","W.1-2","T",0,1,2,0,0,"F"
0,2,3,2,".BCFBB>X","muncm001","turnj001","","S9/G.2-H;1-3","T",0,1,3,4,0,"F"
0,2,1,1,"CBX","grany001","","muncm001","E4/G.3-H(NR)(UR);1-2","T",0,1,2,0,5,"F"
0,2,2,2,"BC*BCFFX","bellc002","grany001","","9/F9LF","T",1,0,1,2,0,"F"
1,0,1,2,".FCBS","","","","K","T",1,0,0,0,0,"F"
1,1,2,2,".BBCSC","","","","K","T",1,0,0,0,0,"F"
1,2,1,2,"SBSFX","","","","T7/L","T",0,3,0,0,0,"F"
1,2,1,2,"SBFS","","","hamib001","K","T",1,0,0,0,3,"F"
0,0,0,0,".X","","","","D7/L","T",0,2,0,0,0,"F"
0,0,3,2,".BBFCBB","","puigy001","","W+WP.2-3","T",0,1,0,3,0,"F"
0,0,1,2,".BFSS","freed001","","puigy001","K","T",1,0,1,0,3,"F"
0,1,1,2,"CF*BX","freed001","","puigy001","D7/L+.3-H;1-3","T",0,2,3,0,4,"F"
0,1,3,0,"VVVV","","turnj001","freed001","IW","T",0,1,0,2,3,"F"
0,1,3,2,"BSCFBBFX","machm001","turnj001","freed001","6/L","T",1,0,1,2,3,"F"
0,2,0,0,".X","machm001","turnj001","freed001","S9/L+.3-H;2-3;1-2","T",0,1,2,3,4,"F"
0,2,2,2,"BFCBX","grany001","machm001","turnj001","43/G","T",1,0,1,2,3,"F"
1,0,2,0,"..BBX","","","","63/G","T",1,0,0,0,0,"F"
1,1,1,1,"BCX","","","","43/G","T",1,0,0,0,0,"F"
1,2,2,2,"FBFBX","","","","4/L","T",1,0,0,0,0,"F"
0,0,0,1,".SX","","","","8/F","T",1,0,0,0,0,"F"
0,1,0,0,"X","","","","S9/L","T",0,1,0,0,0,"F"
0,1,3,2,"CC*BFBFFFB>T","puigy001","","","K+SB2","T",1,0,2,0,0,"F"
0,2,1,1,".*BCX","","puigy001","","43/G","T",1,0,0,2,0,"F"
1,0,2,2,".BSFBX","","","","S7/L","T",0,1,0,0,0,"F"
1,0,0,1,"CX","genns001","","","4/P","T",1,0,1,0,0,"F"
1,1,1,2,"FFBC","genns001","","","K","T",1,0,1,0,0,"F"
1,2,1,2,"..BCSS","genns001","","","K","T",1,0,1,0,0,"F"
0,0,0,1,".CX","","","","7/L","T",1,0,0,0,0,"F"
0,1,0,0,"X","","","","63/G","T",1,0,0,0,0,"F"
0,2,3,0,"BBBB","","","","W","T",0,1,0,0,0,"F"
0,2,1,0,"BX","muncm001","","","3/G","T",1,0,1,0,0,"F"
1,0,0,0,"X","","","","6/P5F","T",1,0,0,0,0,"F"
1,1,1,2,"FFBX","","","","6/P","T",1,0,0,0,0,"F"
1,2,1,2,"CBCX","","","","8/F","T",1,0,0,0,0,"F"
0,0,0,2,".SSS","","","","K","T",1,0,0,0,0,"F"
0,1,2,1,"BFBX","","","","9/F","T",1,0,0,0,0,"F"
0,2,1,1,"BCX","","","","S9/L","T",0,1,0,0,0,"F"
0,2,3,1,"BBBC*B","puigy001","","","W.1-2","T",0,1,2,0,0,"F"
0,2,2,0,".BBX","verda001","puigy001","","6/P","T",1,0,1,2,0,"F"
1,0,2,1,".BFBX","","","","9/F","T",1,0,0,0,0,"F"
1,1,2,2,"BCBFC","","","","K","T",1,0,0,0,0,"F"
1,2,0,0,"X","","","","5/P","T",1,0,0,0,0,"F"
0,0,3,1,"BSBBX","","","","2/P2F","T",1,0,0,0,0,"T"
0,1,1,2,"FSBC","","","","K","T",1,0,0,0,0,"F"
0,2,0,0,"X","","","","31/G","T",1,0,0,0,0,"F"
1,0,0,1,"FX","","","","3/G","T",1,0,0,0,0,"F"
1,1,0,1,"CX","","","","9/F","T",1,0,0,0,0,"F"
1,2,1,1,"CBX","","","","S9/G","T",0,1,0,0,0,"F"
1,2,2,1,"BFBX","vottj001","","","53/G","T",1,0,1,0,0,"F"
0,0,0,0,"X","","","","S8/G","T",0,1,0,0,0,"F"
0,0,0,0,"X","peres002","","","DGR/8/F.1-3","T",0,2,3,0,0,"F"
0,0,1,2,"SSBX","","ohear001","peres002","3/G","T",1,0,0,2,3,"F"
0,1,2,2,"BFBFX","","ohear001","peres002","S4/G.3-H;2-3","T",0,1,0,3,4,"F"
0,1,1,2,"FFB1FFFS","goodb001","","ohear001","K","T",1,0,1,0,3,"F"
0,2,0,2,"FCS","goodb001","","ohear001","K","T",1,0,1,0,3,"F"
1,0,2,2,"CBFBFX","","","","6/P","T",1,0,0,0,0,"F"
1,1,3,2,"BSCFBFBFC","","","","K","T",1,0,0,0,0,"F"
1,2,0,0,"X","","","","8/F","T",1,0,0,0,0,"F"
0,0,1,2,"CCFFBX","","","","8/F","T",1,0,0,0,0,"F"
0,1,0,2,"SSS","","","","K","T",1,0,0,0,0,"F"
0,2,1,0,"BX","","","","8/L","T",1,0,0,0,0,"F"
1,0,1,1,"CBX","","","","8/F","T",1,0,0,0,0,"F"
1,1,2,1,"CB.BX","","","","13/G-","T",1,0,0,0,0,"F"
1,2,0,0,"X","","","","3/P3F","T",1,0,0,0,0,"F"
0,0,1,0,"BX","","","","S8/G+","T",0,1,0,0,0,"F"
0,0,0,1,"CX","peres002","","","HR/89/F.1-H","T",0,4,4,0,0,"F"
0,0,2,2,"CCBBFX","","","","3/P9LF","T",1,0,0,0,0,"F"
0,1,3,2,"FBBCBX","","","","9/L","T",1,0,0,0,0,"F"
0,2,1,2,"FBFS","","","","K","T",1,0,0,0,0,"F"
1,0,1,0,"BX","","","","53/G","T",1,0,0,0,0,"F"
1,1,0,0,"X","","","","7/L","T",1,0,0,0,0,"F"
1,2,3,1,"FBBBX","","","","63/G","T",1,0,0,0,0,"F"
0,0,0,1,"CX","","","","43/G","T",1,0,0,0,0,"F"
0,1,1,0,"BX","","","","S9/G","T",0,1,0,0,0,"F"
0,1,1,1,"11F1B>B","merrw001","","","SB2","F",0,0,2,0,0,"F"
0,1,2,1,"11F1B>B.X","","merrw001","","63/G+.2-3","T",1,0,0,3,0,"F"
0,2,2,2,"BCBFS","","","merrw001","K","T",1,0,0,0,3,"F"
1,0,2,2,"FSBBX","","","","7/L","T",1,0,0,0,0,"F"
1,1,2,2,"FBBSX","","","","S8/G","T",0,1,0,0,0,"F"
1,1,2,2,"BBFFC","ervip001","","","K","T",1,0,1,0,0,"F"
1,2,3,1,".BBBC1X","ervip001","","","HR/89/F.1-H","T",0,4,4,0,0,"F"
1,2,3,1,"BBCBX","","","","9/F","T",1,0,0,0,0,"F"
0,0,0,0,".X","","","","E6/G","T",0,1,0,0,0,"F"
0,0,0,0,"X","peres002","","","3/G.1-2","T",1,0,2,0,0,"F"
0,1,1,0,"BX","","peres002","","9/F.2-3","T",1,0,0,3,0,"F"
0,2,2,1,"B*BCX","","","peres002","7/F","T",1,0,0,0,3,"F"
1,0,0,0,".X","","","","43/G","T",1,0,0,0,0,"F"
1,1,2,1,"CBBX","","","","13/G","T",1,0,0,0,0,"F"
1,2,1,2,"BCFC","","","","K","T",1,0,0,0,0,"F"
0,0,3,2,"BBSSBS","","","","K","T",1,0,0,0,0,"F"
0,1,3,2,".FBSBFBC","","","","K","T",1,0,0,0,0,"F"
0,2,3,2,"BFFBBF*B","","","","W","T",0,1,0,0,0,"F"
0,2,0,0,"X","merrw001","","","64(1)/FO/G","T",1,1,0,0,0,"F"
1,0,3,2,".BBCSFBS","","","","K","T",1,0,0,0,0,"F"
1,1,1,2,"CBCX","","","","T9/G","T",0,3,0,0,0,"F"
1,1,1,1,"BFX","","","genns001","S7/G.3-H","T",0,1,0,0,4,"F"
1,1,1,0,"*B>C","ervip001","","","SB2","F",0,0,2,0,0,"F"
1,1,2,2,"*B>C.BSS","","ervip001","","K","T",1,0,0,2,0,"F"
1,2,3,0,".VVVV","","ervip001","","IW","T",0,1,0,2,0,"F"
1,2,0,2,"CSS","willm007","ervip001","","K","T",1,0,1,2,0,"F"
0,0,0,2,".FFC","","","","K","T",1,0,0,0,0,"F"
0,1,0,2,"CFX","","","","8/F","T",1,0,0,0,0,"F"
0,2,3,2,"CBBFBFS","","","","K","T",1,0,0,0,0,"F"
1,0,3,0,".BBBB","","","","W","T",0,1,0,0,0,"F"
1,0,0,1,"LX","sches001","","","S7/G.1-2","T",0,1,2,0,0,"F"
1,0,2,0,"BBX","peraj003","sches001","","S1/G.2-3;1-2","T",0,1,2,3,0,"F"
1,0,3,0,"BBBX","vottj001","peraj003","sches001","62(3)/FO/G.2-3;1-2","T",1,1,2,3,0,"F"
1,1,0,2,"CSFS","suare001","vottj001","peraj003","K","T",1,0,1,2,3,"F"
1,2,0,0,"X","suare001","vottj001","peraj003","54(1)/FO/G","T",1,1,0,2,3,"F"
0,0,1,0,"..BX","","","","HR/78/F","T",0,4,0,0,0,"F"
0,0,2,2,"CBFBFS","","","","K","T",1,0,0,0,0,"F"
0,1,0,1,"FX","","","","43/G","T",1,0,0,0,0,"F"
0,2,1,0,".BX","","","","43/G","T",1,0,0,0,0,"F"
1,0,3,2,".CCFBBBFX","","","","43/G","T",1,0,0,0,0,"F"
1,1,3,2,"BBCFBB","","","","W","T",0,1,0,0,0,"F"
1,1,1,2,"CBFFX","dixob001","","","S9/G.1-2","T",0,1,2,0,0,"F"
1,1,1,0,"BX","hamib001","dixob001","","65(2)/FO/G.1-2","T",1,1,2,0,0,"F"
1,2,0,1,"CX","sches001","hamib001","","S5/G.2-3;1-2","T",0,1,2,3,0,"F"
1,2,1,0,"BX","peraj003","sches001","hamib001","43/G","T",1,0,1,2,3,"F"
0,0,1,1,"BCX","","","","63/G","T",1,0,0,0,0,"T"
0,1,2,2,"FBCBX","","","","S7/G","T",0,1,0,0,0,"F"
0,1,0,0,">C","mondr003","","","SB2","F",0,0,2,0,0,"F"
0,1,3,2,">C.C*B*BBS","","mondr003","","K","T",1,0,0,2,0,"F"
0,2,1,0,"B>B","","mondr003","","SB3","F",0,0,0,3,0,"F"
0,2,2,0,"B>B.X","","","mondr003","D8/L.3-H","T",0,2,0,0,4,"F"
0,2,1,1,"BFX","","peres002","","53/G","T",1,0,0,2,0,"F"
1,0,1,2,"FTBFS","","","","K23","T",1,0,0,0,0,"F"
1,1,3,2,"CBBBFX","","","","HR/78/F","T",0,4,0,0,0,"F"
1,1,2,1,"FBBX","","","","9/L+","T",1,0,0,0,0,"F"
1,2,0,0,"X","","","","31/G","T",1,0,0,0,0,"F"
0,0,0,1,"CX","","","","63/G","T",1,0,0,0,0,"F"
0,1,3,2,"BBSCBX","","","","63/G","T",1,0,0,0,0,"F"
0,2,3,1,"CBBBB","","","","W","T",0,1,0,0,0,"F"
0,2,2,2,"SCBBC","escoa003","","","K","T",1,0,1,0,0,"F"
1,0,3,2,"BSSBB*B","","","","W","T",0,1,0,0,0,"F"
1,0,2,2,"CBF1BS","suare001","","","K","T",1,0,1,0,0,"F"
1,1,0,1,"CX","suare001","","","3/P","T",1,0,1,0,0,"F"
1,2,1,2,"CSBS","suare001","","","K","T",1,0,1,0,0,"F"
0,0,1,0,"BX","","","","S7/L","T",0,1,0,0,0,"F"
0,0,0,0,">C","merrw001","","","SB2","F",0,0,2,0,0,"F"
0,0,0,2,">C.LX","","merrw001","","63/G","T",1,0,0,2,0,"F"
0,1,0,0,">B","","merrw001","","SB3","F",0,0,0,3,0,"F"
0,1,2,2,">B.BSFX","","","merrw001","S8/L.3-H","T",0,1,0,0,4,"F"
0,1,2,0,"B11BX","gorda001","","","64(1)3/GDP","T",2,0,0,0,0,"F"
1,0,3,2,"FBFFBBS","","","","K","T",1,0,0,0,0,"F"
1,1,2,2,"SBSBS","","","","K23","T",1,0,0,0,0,"F"
1,2,0,0,"X","","","","9/L","T",1,0,0,0,0,"F"
0,0,3,0,"BBBB","","","","W","T",0,1,0,0,0,"F"
0,0,2,1,"C1BBX","dozih001","","","D7/L/FINT.1-3","T",0,2,3,0,0,"F"
0,0,0,0,"X","","bonij002","dozih001","53/G-","T",1,0,0,2,3,"F"
0,1,1,2,"BFSX","","bonij002","dozih001","S4/G.3-H;2-3","T",0,1,0,3,4,"F"
0,1,1,2,"MCBX","escoa003","","bonij002","3/BG/SH.1-2","T",1,0,2,0,3,"F"
0,2,1,2,".CCFFBX","","escoa003","bonij002","4/P","T",1,0,0,2,3,"F"
1,0,1,2,"CCBX","","","","7/L","T",1,0,0,0,0,"F"
1,1,0,0,"X","","","","9/L","T",1,0,0,0,0,"F"
1,2,2,2,"CBBSC","","","","K","T",1,0,0,0,0,"F"
0,0,1,1,"SBX","","","","T8/F","T",0,3,0,0,0,"F"
0,0,0,1,"FX","","","mondr003","13/G-.3-H(TH)(NR)","T",1,0,0,0,4,"F"
0,1,1,0,"BX","","","","53/G","T",1,0,0,0,0,"F"
0,2,0,1,"SX","","","","4/P","T",1,0,0,0,0,"F"
1,0,0,0,"X","","","","53/G","T",1,0,0,0,0,"F"
1,1,3,2,"BCSBFBS","","","","K","T",1,0,0,0,0,"F"
1,2,0,2,".CSX","","","","S7/G","T",0,1,0,0,0,"F"
1,2,3,2,"SBBT*B>B","guerg001","","","W.1-2","T",0,1,2,0,0,"F"
1,2,0,0,"X","hamib001","guerg001","","8/L","T",1,0,1,2,0,"F"
0,0,2,2,".BCBFC","","","","K","T",1,0,0,0,0,"F"
0,1,2,2,"BBCCFX","","","","63/G","T",1,0,0,0,0,"F"
0,2,1,0,"BX","","","","E6/G","T",0,1,0,0,0,"F"
0,2,1,0,"BX","escoa003","","","D8/L+.1-H(UR)","T",0,2,5,0,0,"F"
0,2,3,2,"FSBBBFFFX","","fillh001","","8/F","T",1,0,0,2,0,"F"
1,0,2,2,"CBCFFFBX","","","","S7/G","T",0,1,0,0,0,"F"
1,0,1,2,"*BCFFS","peraj003","","","K","T",1,0,1,0,0,"F"
1,1,0,1,"CX","peraj003","","","36(1)3/GDP","T",2,0,0,0,0,"F"
0,0,3,2,".SBSFBFFFBS","","","","K","T",1,0,0,0,0,"F"
0,1,0,1,"FX","","","","HR/78/F","T",0,4,0,0,0,"F"
0,1,0,2,"CCFS","","","","K","T",1,0,0,0,0,"F"
0,2,3,1,"CBBBX","","","","63/G","T",1,0,0,0,0,"F"
1,0,0,0,"X","","","","7/L+","T",1,0,0,0,0,"F"
1,1,0,0,"X","","","","8/F","T",1,0,0,0,0,"F"
1,2,2,2,"CBBFC","","","","K","T",1,0,0,0,0,"F"
0,0,1,2,".BCFC","","","","K","T",1,0,0,0,0,"F"
0,1,2,2,"SBFFBFS","","","","K","T",1,0,0,0,0,"F"
0,2,1,1,"CBX","","","","63/G","T",1,0,0,0,0,"F"
1,0,3,2,".BCBBCX","","","","8/F","T",1,0,0,0,0,"F"
1,1,0,0,"X","","","","S8/G","T",0,1,0,0,0,"F"
1,1,0,2,".CFC","hamib001","","","K","T",1,0,1,0,0,"F"
1,2,2,1,"BFBX","hamib001","","","8/F","T",1,0,1,0,0,"F"
0,0,0,2,".CSS","","","","K","T",1,0,0,0,0,"F"
0,1,0,2,"FSX","","","","43/G","T",1,0,0,0,0,"F"
0,2,0,0,"X","","","","43/G","T",1,0,0,0,0,"F"
1,0,2,1,"BBCX","","","","S57/G","T",0,1,0,0,0,"F"
1,0,0,1,"CX","vottj001","","","9/F","T",1,0,1,0,0,"F"
1,1,0,2,".CSC","vottj001","","","K","T",1,0,1,0,0,"F"
1,2,3,2,"C*BSBFB>F>B","vottj001","","","W.1-2","T",0,1,2,0,0,"F"
1,2,3,2,".FBC*BFFB>X","casac001","vottj001","","43/G","T",1,0,1,2,0,"F"
0,0,1,2,"BSCFX","","","","D7/L","T",0,2,0,0,0,"T"
0,0,3,2,"CBBFBB","","fraza001","","W","T",0,1,0,2,0,"F"
0,0,3,2,"SFBBBS","marts002","fraza001","","K","T",1,0,1,2,0,"F"
0,1,0,0,"X","marts002","fraza001","","D7/L.2-H;1-3","T",0,2,3,4,0,"F"
0,1,0,1,"SX","","dickc002","marts002","8/F/SF.3-H","T",1,0,0,2,4,"F"
0,2,1,2,"CSFBFX","","dickc002","","7/F","T",1,0,0,2,0,"F"
1,0,0,0,"X","","","","S4/G","T",0,1,0,0,0,"F"
1,0,1,1,"BFX","sches001","","","6/L","T",1,0,1,0,0,"F"
1,1,3,2,"BCFBB1>F>B","sches001","","","W.1-2","T",0,1,2,0,0,"F"
1,1,2,2,"LBT*BS","vottj001","sches001","","K","T",1,0,1,2,0,"F"
1,2,3,2,"CBB*BF>C","vottj001","sches001","","K","T",1,0,1,2,0,"F"
0,0,1,2,"CSBX","","","","8/F","T",1,0,0,0,0,"F"
0,1,3,2,"CBFBFBX","","","","6/P","T",1,0,0,0,0,"F"
0,2,2,2,"BBCFS","","","","K","T",1,0,0,0,0,"F"
1,0,0,0,"X","","","","S9/G","T",0,1,0,0,0,"F"
1,0,3,1,"FBBBX","barnt001","","","8/L+","T",1,0,1,0,0,"F"
1,1,0,1,"CX","barnt001","","","24/BG/SH.1-2","T",1,0,2,0,0,"F"
1,2,3,1,"BFB*BB","","barnt001","","W","T",0,1,0,2,0,"F"
1,2,2,1,"*BF*BX","hamib001","barnt001","","3/G","T",1,0,1,2,0,"F"
0,0,2,2,"CBBCX","","","","31/G","T",1,0,0,0,0,"F"
0,1,1,2,"FCFBX","","","","43/G","T",1,0,0,0,0,"F"
0,2,1,0,"BX","","","","43/G","T",1,0,0,0,0,"F"
1,0,2,2,"BCSBX","","","","6/P","T",1,0,0,0,0,"F"
1,1,0,0,"X","","","","D9/L","T",0,2,0,0,0,"F"
1,1,2,2,"SF*BBFX","","vottj001","","3/G.2-3","T",1,0,0,3,0,"F"
1,2,2,2,"FFBBX","","","vottj001","HR/8/F.3-H","T",0,4,0,0,4,"F"
1,2,1,0,"BX","","","","T9/L","T",0,3,0,0,0,"F"
1,2,3,0,"VVVV","","","barnt001","IW","T",0,1,0,0,3,"F"
1,2,2,2,"*BF*BFS","ervip001","","barnt001","K","T",1,0,1,0,3,"F"
0,0,0,2,"CFS","","","","K","T",1,0,0,0,0,"F"
0,1,3,2,"BBFFBFX","","","","HR/7/F","T",0,4,0,0,0,"F"
0,1,1,2,"FFBS","","","","K","T",1,0,0,0,0,"F"
0,2,0,2,"FFFX","","","","8/F+","T",1,0,0,0,0,"F"
1,0,0,1,"CX","","","","S7/L","T",0,1,0,0,0,"F"
1,0,1,2,"F11CF1F1B11X","hamib001","","","43/G.1-2","T",1,0,2,0,0,"F"
1,1,2,2,"B>FFBX","","hamib001","","9/F","T",1,0,0,2,0,"F"
1,2,3,2,".BSBBFF>B","","hamib001","","W+SB3","T",0,1,0,3,0,"F"
1,2,1,1,"BF>T","vottj001","","hamib001","SB2","F",0,0,2,0,3,"F"
1,2,2,2,"BF>T.*BX","","vottj001","hamib001","13/G","T",1,0,0,2,3,"F"
0,0,0,1,"CX","","","","63/G","T",1,0,0,0,0,"F"
0,1,0,2,"CSFFC","","","","K","T",1,0,0,0,0,"F"
0,2,2,2,"BCBSC","","","","K","T",1,0,0,0,0,"F"
1,0,2,1,"BBFX","","","","8/F","T",1,0,0,0,0,"F"
1,1,1,0,"BX","","","","S16/G","T",0,1,0,0,0,"F"
1,1,3,2,"BCSB*BS","barnt001","","","K","T",1,0,1,0,0,"F"
1,2,2,2,".CB*BFC","barnt001","","","K","T",1,0,1,0,0,"F"
0,0,0,2,".FFFX","","","","S67/L","T",0,1,0,0,0,"F"
0,0,0,1,"S11X","marts002","","","S1/G.1-2","T",0,1,2,0,0,"F"
0,0,0,2,"FFFX","bellj005","marts002","","S16/G.2-3;1-2","T",0,1,2,3,0,"F"
0,0,0,2,".CCS","dickc002","bellj005","marts002","K","T",1,0,1,2,3,"F"
0,1,2,1,"BFBX","dickc002","bellj005","marts002","8/L/SF.3-H;2-3","T",1,0,1,3,4,"F"
0,2,0,0,"X","dickc002","","bellj005","S9/G.3-H;1-2","T",0,1,2,0,4,"F"
0,2,2,1,"BC*BX","kramk001","dickc002","","4/P","T",1,0,1,2,0,"F"
1,0,1,2,"CFFBC","","","","K","T",1,0,0,0,0,"F"
1,1,0,0,"X","","","","13/G","T",1,0,0,0,0,"F"
1,2,1,2,"CBFX","","","","S8/G+","T",0,1,0,0,0,"F"
1,2,0,2,"SFX","peraj003","","","S8/L.1-3;B-2(E8/TH)","T",0,2,3,0,0,"F"
1,2,0,0,"X","","vottj001","peraj003","43/G","T",1,0,0,2,3,"F"
0,0,1,0,".BX","","","","S7/L","T",0,1,0,0,0,"F"
0,0,0,0,"X","kangj001","","","7/L","T",1,0,1,0,0,"F"
0,1,1,2,"*BFSX","kangj001","","","D8/L.1-3","T",0,2,3,0,0,"F"
0,1,3,1,".BBS*BX","","marts002","kangj001","43/G+","T",1,0,0,2,3,"F"
0,2,0,2,"SSFFFS","","marts002","kangj001","K23","T",1,0,0,2,3,"F"
1,0,2,2,".BSBCFX","","","","S7/G+","T",0,1,0,0,0,"F"
1,0,2,1,"BCBX","suare001","","","S5/BG.1-2","T",0,1,2,0,0,"F"
1,0,1,1,"C*BX","barnt001","suare001","","64(1)3/GDP.2-3","T",2,0,0,3,0,"F"
1,2,2,2,".FSF*BBC","","","suare001","K","T",1,0,0,0,3,"F"
0,0,2,2,".BBFFX","","","","63/G+","T",1,0,0,0,0,"F"
0,1,1,0,"BX","","","","HR/8/F","T",0,4,0,0,0,"F"
0,1,1,0,"BX","","","","S9/L.B-2(E9)","T",0,2,0,0,0,"F"
0,1,0,2,"FFX","","kramk001","","S39/G.2-H(UR)","T",0,1,0,5,0,"F"
0,1,0,0,".X","newmk001","","","6/P","T",1,0,1,0,0,"F"
0,2,0,1,"CX","newmk001","","","3/G+","T",1,0,1,0,0,"F"
1,0,1,2,".CBSC","","","","K","T",1,0,0,0,0,"F"
1,1,3,2,"BBBCTB","","","","W","T",0,1,0,0,0,"F"
1,1,2,2,"CBBFFT","sches001","","","K","T",1,0,1,0,0,"F"
1,2,0,0,"X","sches001","","","3/G","T",1,0,1,0,0,"F"
0,0,3,2,"...BFSFFBB*B","","","","W","T",0,1,0,0,0,"F"
0,0,0,0,"X","marts002","","","7/F","T",1,0,1,0,0,"F"
0,1,0,1,"SX","marts002","","","E1/TH/FO/G.1-3","T",0,1,3,0,0,"F"
0,1,1,2,"SBFS","dickc002","","marts002","K","T",1,0,1,0,3,"F"
0,2,0,1,"CX","dickc002","","marts002","S9/L.3-H(UR);1-2","T",0,1,2,0,5,"F"
0,2,1,2,"SBSS","morac001","dickc002","","K","T",1,0,1,2,0,"F"
1,0,1,2,".CFBX","","","","8/L","T",1,0,0,0,0,"F"
1,1,1,1,"BSX","","","","S7/G","T",0,1,0,0,0,"F"
1,1,1,0,"BX","suare001","","","HR/89/F.1-H","T",0,4,4,0,0,"F"
1,1,1,2,"FCFBFS","","","","K","T",1,0,0,0,0,"F"
1,2,2,2,".CBCBFX","","","","63/G","T",1,0,0,0,0,"F"
0,0,0,0,"X","","","","31/G","T",1,0,0,0,0,"T"
0,1,2,2,"BSFFFBFX","","","","D8/L+","T",0,2,0,0,0,"F"
0,1,0,0,"X","","marts002","","6/L/DP.2X2(6)","T",2,0,0,0,0,"F"
1,0,0,2,"CSFFX","","","","53/G","T",1,0,0,0,0,"F"
1,1,2,0,"BBX","","","","S8/L","T",0,1,0,0,0,"F"
1,1,1,2,"F1BSFX","willm007","","","9/F","T",1,0,1,0,0,"F"
1,2,1,2,"FC1BX","willm007","","","63/G+","T",1,0,1,0,0,"F"
0,0,0,0,"X","","","","43/G","T",1,0,0,0,0,"F"
0,1,2,1,"BCBX","","","","53/G","T",1,0,0,0,0,"F"
0,2,0,1,"CX","","","","S8/G","T",0,1,0,0,0,"F"
0,2,1,1,"1BC1X","harrj002","","","64(1)/FO/G","T",1,1,0,0,0,"F"
1,0,2,2,"FSBFBFS","","","","K","T",1,0,0,0,0,"F"
1,1,1,2,"FBFC","","","","K","T",1,0,0,0,0,"F"
1,2,0,2,"LCFS","","","","K23","T",1,0,0,0,0,"F"
0,0,0,0,"X","","","","2/P2F","T",1,0,0,0,0,"F"
0,1,0,1,"CX","","","","S8/L","T",0,1,0,0,0,"F"
0,1,3,1,"BCBBX","tailj001","","","7/F","T",1,0,1,0,0,"F"
0,2,1,0,"BX","tailj001","","","8/F+","T",1,0,1,0,0,"F"
1,0,1,2,"FBCS","","","","K","T",1,0,0,0,0,"F"
1,1,0,0,"X","","","","T9/L","T",0,3,0,0,0,"F"
1,1,0,1,"FX","","","hamib001","9/L/SF.3-H","T",1,0,0,0,4,"F"
1,2,1,0,"BX","","","","S9/G+","T",0,1,0,0,0,"F"
1,2,0,1,">FX","willm007","","","7/F","T",1,0,1,0,0,"F"
0,0,3,2,"CBBFBS","","","","K","T",1,0,0,0,0,"F"
0,1,2,0,"BBX","","","","3/G","T",1,0,0,0,0,"F"
0,2,2,2,"BCBSC","","","","K","T",1,0,0,0,0,"F"
1,0,0,1,".FX","","","","HR/8/F","T",0,4,0,0,0,"F"
1,0,1,2,"BSSS","","","","K","T",1,0,0,0,0,"F"
1,1,1,0,"BX","","","","5/P5F","T",1,0,0,0,0,"F"
1,2,0,0,"X","","","","D7/L","T",0,2,0,0,0,"F"
1,2,2,1,"BS*BX","","herrd002","","S7/G.2-H;B-2(TH)","T",0,2,0,4,0,"F"
1,2,1,2,"CBCFX","","lorem002","","8/F","T",1,0,0,2,0,"F"
0,0,3,1,"CBBBB","","","","W","T",0,1,0,0,0,"F"
0,0,0,1,"C1X","harrj002","","","53/G.1-2","T",1,0,2,0,0,"F"
0,1,2,1,"C*BBX","","harrj002","","13/G-.2-3","T",1,0,0,3,0,"F"
0,2,0,1,"CX","","","harrj002","63/G","T",1,0,0,0,3,"F"
1,0,1,2,"..BFFX","","","","13/G","T",1,0,0,0,0,"F"
1,1,2,1,"CBBX","","","","S8/L","T",0,1,0,0,0,"F"
1,1,0,0,">B","willm007","","","CS2(26)","F",1,0,0,0,0,"F"
1,2,2,2,">B.STBX","","","","8/F","T",1,0,0,0,0,"F"
0,0,0,1,"CX","","","","63/G","T",1,0,0,0,0,"F"
0,1,0,2,".FSX","","","","4/L-","T",1,0,0,0,0,"F"
0,2,3,2,"BCBCBB","","","","W","T",0,1,0,0,0,"F"
0,2,2,1,"CBBX","bellj005","","","S7/G.1-2","T",0,1,2,0,0,"F"
0,2,0,0,"X","dickc002","bellj005","","S9/L.2-3;1-2","T",0,1,2,3,0,"F"
0,2,2,2,".SBSBX","kangj001","dickc002","bellj005","31/G","T",1,0,1,2,3,"F"
1,0,1,2,"BCFT","","","","K","T",1,0,0,0,0,"F"
1,1,2,2,"BSBSX","","","","2/P2F","T",1,0,0,0,0,"F"
1,2,3,2,"BCBBSC","","","","K","T",1,0,0,0,0,"F"
0,0,0,0,"X","","","","S8/L","T",0,1,0,0,0,"F"
0,0,0,2,"CFS","newmk001","","","K","T",1,0,1,0,0,"F"
0,1,0,2,".SFT","newmk001","","","K","T",1,0,1,0,0,"F"
0,2,0,2,"SFB","newmk001","","","WP.1-2","F",0,0,2,0,0,"F"
0,2,1,2,"SFB.X","","newmk001","","6/P","T",1,0,0,2,0,"F"
1,0,1,2,".BFCS","","","","K","T",1,0,0,0,0,"F"
1,1,0,2,".FFS","","","","K","T",1,0,0,0,0,"F"
1,2,2,2,"BCSBT","","","","K","T",1,0,0,0,0,"F"
0,0,2,2,"..CFBBFX","","","","63/G","T",1,0,0,0,0,"F"
0,1,1,2,"BSFX","","","","5/L","T",1,0,0,0,0,"F"
0,2,0,1,".CX","","","","53/G","T",1,0,0,0,0,"F"
1,0,2,0,"...BBX","","","","9/F","T",1,0,0,0,0,"F"
1,1,0,2,".SCFT","","","","K","T",1,0,0,0,0,"F"
1,2,1,2,"BFCC","","","","K","T",1,0,0,0,0,"F"
0,0,2,1,"...BCBX","","","","53/G","T",1,0,0,0,0,"F"
0,1,2,2,"BCSBS","","","","K","T",1,0,0,0,0,"F"
0,2,0,2,"CCS","","","","K","T",1,0,0,0,0,"F"
0,0,0,1,"FX","","","","53/G","T",1,0,0,0,0,"T"
0,1,0,1,"FX","","","","63/G","T",1,0,0,0,0,"F"
0,2,1,1,"BCX","","","","13/G","T",1,0,0,0,0,"F"
1,0,1,0,"BX","","","","13/L+","T",1,0,0,0,0,"F"
1,1,3,1,"BFBBX","","","","D49/G","T",0,2,0,0,0,"F"
1,1,3,1,"BBBC>B","","hamib001","","W+SB3.2-H(UR)(E2/TH)","T",0,1,0,5,0,"F"
1,1,1,2,"FS*BX","vottj001","","","54(1)3/GDP","T",2,0,0,0,0,"F"
0,0,0,1,"CX","","","","S9/G","T",0,1,0,0,0,"F"
0,0,1,1,"FBX","diaze005","","","7/F","T",1,0,1,0,0,"F"
0,1,2,2,"BFF*BX","diaze005","","","14(1)3/GDP","T",2,0,0,0,0,"F"
1,0,3,2,"FBBCBF*B","","","","W","T",0,1,0,0,0,"F"
1,0,0,1,"CX","sches001","","","S9/G.1-2","T",0,1,2,0,0,"F"
1,0,1,0,"BX","ervip001","sches001","","5/L/DP.1X1(53)","T",2,0,0,2,0,"F"
1,2,3,1,"BFBBX","","sches001","","HR/7/F.2-H","T",0,4,0,4,0,"F"
1,2,0,2,"CSS","","","","K","T",1,0,0,0,0,"F"
0,0,3,2,"BFBSBS","","","","K","T",1,0,0,0,0,"F"
0,1,0,0,"X","","","","9/F","T",1,0,0,0,0,"F"
0,2,1,2,"CCBX","","","","63/G","T",1,0,0,0,0,"F"
1,0,2,1,"SBBX","","","","53/G","T",1,0,0,0,0,"F"
1,1,2,0,"BBX","","","","3/G","T",1,0,0,0,0,"F"
1,2,2,1,"CBBX","","","","7/F","T",1,0,0,0,0,"F"
0,0,0,0,"..X","","","","13/BG","T",1,0,0,0,0,"F"
0,1,0,2,"CFX","","","","D7/F+","T",0,2,0,0,0,"F"
0,1,0,0,"X","","marts002","","7/F","T",1,0,0,2,0,"F"
0,2,1,1,"BSX","","marts002","","53/G","T",1,0,0,2,0,"F"
1,0,0,0,"X","","","","9/F","T",1,0,0,0,0,"F"
1,1,3,1,"BFBBB","","","","W","T",0,1,0,0,0,"F"
1,1,0,2,"S>FS","sches001","","","K","T",1,0,1,0,0,"F"
1,2,2,2,"BBFS*B","sches001","","","SB2","F",0,0,2,0,0,"F"
1,2,3,2,"BBFS*B.*B","","sches001","","W","T",0,1,0,2,0,"F"
1,2,2,2,"CS*B*BS","herrd002","sches001","","K","T",1,0,1,2,0,"F"
0,0,3,2,".BSBBSFB","","","","W","T",0,1,0,0,0,"F"
0,0,0,1,"CX","morac001","","","D8/F+.1-3","T",0,2,3,0,0,"F"
0,0,1,2,"BSCX","","osunj001","morac001","7/F/SF.3-H;2-3","T",1,0,0,3,4,"F"
0,1,0,2,"CFX","","","osunj001","13/G","T",1,0,0,0,3,"F"
0,2,0,2,".CSB","","","osunj001","WP.3-H(NR)","F",0,0,0,0,4,"F"
0,2,3,2,".CSB.BBFX","","","","9/F","T",1,0,0,0,0,"F"
1,0,0,1,"..FX","","","","S9/L","T",0,1,0,0,0,"F"
1,0,0,2,"SSH","casac001","","","HP.1-2","T",0,1,2,0,0,"F"
1,0,0,2,"CFX","peraj003","casac001","","8/L.2-3","T",1,0,1,3,0,"F"
1,1,1,2,"BF1FFS","peraj003","","casac001","K","T",1,0,1,0,3,"F"
1,2,1,0,"BX","peraj003","","casac001","E4/TH/G.3-H(NR)(UR);1-2","T",0,1,2,0,5,"F"
1,2,3,1,"*BBBCB","trahb001","peraj003","","W.2-3;1-2","T",0,1,2,3,0,"F"
1,2,1,2,"BCFS","sches001","trahb001","peraj003","K","T",1,0,1,2,3,"F"
0,0,2,1,".CBBX","","","","7/F","T",1,0,0,0,0,"F"
0,1,1,1,"CBX","","","","HR/7/F","T",0,4,0,0,0,"F"
0,1,0,0,"X","","","","HR/8/F","T",0,4,0,0,0,"F"
0,1,1,2,"CBFX","","","","63/G","T",1,0,0,0,0,"F"
0,2,1,2,"..CCBFX","","","","3/L","T",1,0,0,0,0,"F"
1,0,2,2,"BBFSFX","","","","HR/8/F","T",0,4,0,0,0,"F"
1,0,1,2,"CBFS","","","","K","T",1,0,0,0,0,"F"
1,1,1,0,"BX","","","","43/G","T",1,0,0,0,0,"F"
1,2,0,2,"SFS","","","","K","T",1,0,0,0,0,"F"
0,0,2,2,"BBCSFX","","","","D9/L","T",0,2,0,0,0,"F"
0,0,1,1,"BSX","","osunj001","","9/F.2-3","T",1,0,0,3,0,"F"
0,1,0,2,".CCX","","","osunj001","S9/L.3-H","T",0,1,0,0,4,"F"
0,1,0,0,".>X","newmk001","","","S9/G.1-3","T",0,1,3,0,0,"F"
0,1,2,1,"BC*BX","lavar001","","newmk001","64(1)3/GDP","T",2,0,0,0,3,"F"
1,0,1,2,".SSBS","","","","K","T",1,0,0,0,0,"F"
1,1,2,2,"BSBFC","","","","K","T",1,0,0,0,0,"F"
1,2,3,1,"CBBBX","","","","9/F9LF","T",1,0,0,0,0,"F"
0,0,0,2,".CFX","","","","4/P","T",1,0,0,0,0,"F"
0,1,0,0,"X","","","","7/F","T",1,0,0,0,0,"F"
0,2,2,2,"CBBFS","","","","K","T",1,0,0,0,0,"F"
1,0,2,2,".BBCSS","","","","K","T",1,0,0,0,0,"F"
1,1,1,0,".BX","","","","63/G","T",1,0,0,0,0,"F"
1,2,1,2,"BCSC","","","","K","T",1,0,0,0,0,"F"
0,0,0,0,".X","","","","D8/L","T",0,2,0,0,0,"F"
0,0,0,1,"SX","","morac001","","9/L","T",1,0,0,2,0,"F"
0,1,2,2,"S*BS*BC","","morac001","","K","T",1,0,0,2,0,"F"
0,2,0,2,"CCS","","morac001","","K","T",1,0,0,2,0,"F"
1,0,1,2,".BSCS","","","","K","T",1,0,0,0,0,"F"
1,1,2,2,"CBSBFS","","","","K","T",1,0,0,0,0,"F"
1,2,2,2,"CBFBS","","","","K+WP.B-1","T",0,1,0,0,0,"F"
1,2,2,1,"B*BSX","peraj003","","","64(1)/FO/G","T",1,1,0,0,0,"F"
0,0,1,2,"...BCFC","","","","K","T",1,0,0,0,0,"F"
0,1,0,0,"X","","","","D8/L.B-3(E8)","T",0,3,0,0,0,"F"
0,1,0,0,"X","","","reyep001","53/G","T",1,0,0,0,3,"F"
0,2,3,1,"BSB*BV","","","reyep001","IW","T",0,1,0,0,3,"F"
0,2,2,0,"*BBB","bellj005","","reyep001","WP.3-H(UR)(NR);1-2","F",0,0,2,0,5,"F"
0,2,3,1,"*BBB.CB","","bellj005","","W","T",0,1,0,2,0,"F"
0,2,1,2,"CBFX","diaze005","bellj005","","5/L","T",1,0,1,2,0,"F"
1,0,1,1,".SBX","","","","7/L","T",1,0,0,0,0,"F"
1,1,1,2,"BFSC","","","","K","T",1,0,0,0,0,"F"
1,2,1,2,"BFCS","","","","K","T",1,0,0,0,0,"F"
