0,0,0,1,"CX","","","","3/G","T",1,0,0,0,0,"T"
0,1,0,1,"CX","","","","7/F","T",1,0,0,0,0,"F"
0,2,3,2,"FFFBBBX","","","","S8/L+","T",0,1,0,0,0,"F"
0,2,0,0,"X","cabrm001","","","S7/L+.1-2","T",0,1,2,0,0,"F"
0,2,3,2,"FFBBFB>B","castn001","cabrm001","","W.2-3;1-2","T",0,1,2,3,0,"F"
0,2,1,2,"FS*BX","martv001","castn001","cabrm001","3/P","T",1,0,1,2,3,"F"
1,0,0,2,"CFFX","","","","7/F","T",1,0,0,0,0,"F"
1,1,0,0,"X","","","","S8/L","T",0,1,0,0,0,"F"
1,1,2,1,"C1B*BX","garca003","","","7/F","T",1,0,1,0,0,"F"
1,2,3,2,"*BFFBF*B>B","garca003","","","W.1-2","T",0,1,2,0,0,"F"
1,2,0,0,"X","davim005","garca003","","T9/L.2-H;1-H","T",0,3,4,4,0,"F"
1,2,0,2,"CFX","","","sancc001","5/P","T",1,0,0,0,3,"F"
0,0,3,1,"CBBBX","","","","53/G","T",1,0,0,0,0,"F"
0,1,1,2,"CBFFX","","","","8/L","T",1,0,0,0,0,"F"
0,2,3,2,"BSCBBX","","","","D7/G+","T",0,2,0,0,0,"F"
0,2,0,0,"X","","machd001","","S9/L.2-H","T",0,1,0,4,0,"F"
0,2,1,0,"BN","martl004","","","POCS2(16)","F",1,0,0,0,0,"F"
1,0,0,1,".CX","","","","S7/G","T",0,1,0,0,0,"F"
1,0,0,0,"11.>B","andet001","","","SB2","F",0,0,2,0,0,"F"
1,0,2,1,"11.>B.FBX","","andet001","","43/G.2-3","T",1,0,0,3,0,"F"
1,1,3,2,"BFBLBX","","","andet001","8/F/SF.3-H","T",1,0,0,0,4,"F"
1,2,1,2,"CSBS","","","","K","T",1,0,0,0,0,"F"
0,0,1,2,"CSBX","","","","3/G-","T",1,0,0,0,0,"F"
0,1,1,2,"SFBFX","","","","E3/G","T",0,1,0,0,0,"F"
0,1,2,0,"B*B>B","goodn002","","","SB2","F",0,0,2,0,0,"F"
0,1,3,0,"B*B>B.X","","goodn002","","9/F.2-3","T",1,0,0,3,0,"F"
0,2,1,1,"C*BX","","","goodn002","6/L","T",1,0,0,0,3,"F"
1,0,0,1,"CX","","","","63/G","T",1,0,0,0,0,"F"
1,1,2,2,"BSFBX","","","","8/F+","T",1,0,0,0,0,"F"
1,2,2,1,"BCBX","","","","S7/L","T",0,1,0,0,0,"F"
1,2,0,1,"SX","davim005","","","S9/G.1-2","T",0,1,2,0,0,"F"
1,2,1,1,"BSX","sancc001","davim005","","S8/L.2-H;1X3(8354)","T",1,1,0,4,0,"F"
0,0,1,1,"CBX","","","","63/G","T",1,0,0,0,0,"F"
0,1,3,1,"SBBBX","","","","3/P","T",1,0,0,0,0,"F"
0,2,1,0,"BX","","","","S7/G","T",0,1,0,0,0,"F"
0,2,3,1,"BBFBX","iglej001","","","D7/F.1-H","T",0,2,4,0,0,"F"
0,2,2,1,"*BFBX","","machd001","","3/L+","T",1,0,0,2,0,"F"
1,0,0,2,"FCFS","","","","K","T",1,0,0,0,0,"F"
1,1,0,2,"CCX","","","","D8/L","T",0,2,0,0,0,"F"
1,1,2,0,"BBX","","narvo001","","5/P","T",1,0,0,2,0,"F"
1,2,3,2,"CBFBBS","","narvo001","","K","T",1,0,0,2,0,"F"
0,0,0,0,"X","","","","3/G","T",1,0,0,0,0,"F"
0,1,3,2,"BCBSBX","","","","S7/G","T",0,1,0,0,0,"F"
0,1,0,0,"1X","goodn002","","","53/G-.1-2","T",1,0,2,0,0,"F"
0,2,2,0,"BBX","","goodn002","","S9/G.2-H","T",0,1,0,4,0,"F"
0,2,1,2,"FBSS","martv001","","","K","T",1,0,1,0,0,"F"
1,0,0,0,"X","","","","D7/L","T",0,2,0,0,0,"F"
1,0,0,1,"SX","","garca003","","53/G","T",1,0,0,2,0,"F"
1,1,1,2,"BCCX","","garca003","","D8/F+.2-H","T",0,2,0,4,0,"F"
1,1,1,1,".BCX","","davim005","","T9/L.2-H","T",0,3,0,4,0,"F"
1,1,2,1,"BFBX","","","sancc001","13/G","T",1,0,0,0,3,"F"
1,2,3,1,"BSB*BB","","","sancc001","W","T",0,1,0,0,3,"F"
1,2,0,0,".X","andet001","","sancc001","7/L","T",1,0,1,0,3,"F"
0,0,2,2,".BSFBS","","","","K","T",1,0,0,0,0,"F"
0,1,1,2,"CFFBS","","","","K","T",1,0,0,0,0,"F"
0,2,1,0,"BX","","","","7/L+","T",1,0,0,0,0,"F"
1,0,0,2,"FFS","","","","K","T",1,0,0,0,0,"F"
1,1,2,2,"SBSBX","","","","63/G","T",1,0,0,0,0,"F"
1,2,1,2,"BSSFS","","","","K","T",1,0,0,0,0,"F"
0,0,2,2,"BCFFFBFFFFS","","","","K","T",1,0,0,0,0,"F"
0,1,3,2,".BFBCBS","","","","K","T",1,0,0,0,0,"F"
0,2,2,2,"BSBFS","","","","K","T",1,0,0,0,0,"F"
1,0,0,2,"CSS","","","","K","T",1,0,0,0,0,"F"
1,1,3,2,"BBCBFB","","","","W","T",0,1,0,0,0,"F"
1,1,1,2,"FSBS","davim005","","","K","T",1,0,1,0,0,"F"
1,2,0,0,"X","davim005","","","D8/L.1-H","T",0,2,4,0,0,"F"
1,2,3,1,"BBBCB","","garcl004","","W","T",0,1,0,2,0,"F"
1,2,2,2,"BFF*BC","andet001","garcl004","","K","T",1,0,1,2,0,"F"
0,0,0,1,".CX","","","","S9/G","T",0,1,0,0,0,"F"
0,0,2,2,"FBCBX","castn001","","","S8/G.1-2","T",0,1,2,0,0,"F"
0,0,0,2,"CSFX","martv001","castn001","","S9/G.2-3;1-2","T",0,1,2,3,0,"F"
0,0,3,2,"C*BFBBX","mccaj001","martv001","castn001","8/F/SF.3-H","T",1,0,1,2,4,"F"
0,1,3,2,"BBFSFBX","mccaj001","martv001","","5(2)3/GDP","T",2,0,1,0,0,"F"
1,0,1,1,"SBX","","","","8/L","T",1,0,0,0,0,"F"
1,1,1,2,"CFBS","","","","K","T",1,0,0,0,0,"F"
1,2,1,2,"SFBX","","","","9/F","T",1,0,0,0,0,"F"
0,0,3,1,".BCBBX","","","","53/G","T",1,0,0,0,0,"F"
0,1,0,1,"SX","","","","S8/L","T",0,1,0,0,0,"F"
0,1,3,1,"BBBCX","martl004","","","6/P","T",1,0,1,0,0,"F"
0,2,1,0,"B>B","martl004","","","DI.1-2","F",0,0,2,0,0,"F"
0,2,3,2,"B>B.CC*BX","","martl004","","HR/89/L.2-H","T",0,4,0,4,0,"F"
0,2,2,2,"BSCBX","","","","S9/L","T",0,1,0,0,0,"F"
0,2,0,0,"X","castn001","","","D7/L.1-H","T",0,2,4,0,0,"F"
0,2,3,1,".BSBBX","","jonej006","","63/G","T",1,0,0,2,0,"F"
1,0,2,2,"..CBFBFX","","","","8/F","T",1,0,0,0,0,"F"
1,1,0,1,"CX","","","","31/G","T",1,0,0,0,0,"F"
1,2,2,2,"BFBSX","","","","43/G","T",1,0,0,0,0,"F"
0,0,0,2,".FCX","","","","S9/L","T",0,1,0,0,0,"F"
0,0,3,2,"1B1B1BCC>F1>B","mahtm001","","","W.1-2","T",0,1,2,0,0,"F"
0,0,2,0,"BBX","iglej001","mahtm001","","9/F.2-3","T",1,0,1,3,0,"F"
0,1,0,1,".FX","iglej001","","mahtm001","FC4/G.3-H;1-2","T",0,1,2,0,4,"F"
0,1,2,0,"BBX","martl004","iglej001","","S7/G+.2-H;1-2","T",0,1,2,4,0,"F"
0,1,0,1,"CX","candj002","martl004","","15(2)3/GDP","T",2,0,1,0,0,"F"
1,0,0,2,".CST","","","","K","T",1,0,0,0,0,"F"
1,1,0,2,"CSS","","","","K","T",1,0,0,0,0,"F"
1,2,3,2,"CBBBC*B","","","","W","T",0,1,0,0,0,"F"
1,2,0,1,".FH","narvo001","","","HP.1-2","T",0,1,2,0,0,"F"
1,2,2,2,".CBS*BS","delmn001","salat001","","K","T",1,0,1,2,0,"F"
0,0,2,1,"BBCX","","","","6/P","T",1,0,0,0,0,"T"
0,1,2,1,"BBSX","","","","8/F","T",1,0,0,0,0,"F"
0,2,3,2,"CBBSBS","","","","K","T",1,0,0,0,0,"F"
1,0,1,2,"CBFC","","","","K","T",1,0,0,0,0,"F"
1,1,0,0,"X","","","","S8/L","T",0,1,0,0,0,"F"
1,1,0,0,"X","garca003","","","54(1)/FO/G","T",1,1,0,0,0,"F"
1,2,2,2,"CF*B*BT","abrej003","","","K","T",1,0,1,0,0,"F"
0,0,1,0,"BX","","","","9/F","T",1,0,0,0,0,"F"
0,1,3,2,"BBBCFS","","","","K","T",1,0,0,0,0,"F"
0,2,0,1,"FX","","","","8/F","T",1,0,0,0,0,"F"
1,0,1,1,"SBX","","","","D8/L+","T",0,2,0,0,0,"F"
1,0,3,0,"BBBB","","delmn001","","W","T",0,1,0,2,0,"F"
1,0,3,1,"BBCBB","castw002","delmn001","","W.2-3;1-2","T",0,1,2,3,0,"F"
1,0,3,1,"BBF*BX","andet001","castw002","delmn001","8/F","T",1,0,1,2,3,"F"
1,1,3,2,"BCBCBS","andet001","castw002","delmn001","K","T",1,0,1,2,3,"F"
1,2,0,1,"SX","andet001","castw002","delmn001","43/G+","T",1,0,1,2,3,"F"
0,0,0,0,"X","","","","63/G","T",1,0,0,0,0,"F"
0,1,1,0,"BH","","","","HP","T",0,1,0,0,0,"F"
0,1,0,1,"C>B","iglej001","","","SB2","F",0,0,2,0,0,"F"
0,1,3,2,"C>B.BBSX","","iglej001","","53/G","T",1,0,0,2,0,"F"
0,2,3,1,"*BF*BBB","","iglej001","","W","T",0,1,0,2,0,"F"
0,2,3,0,"BBB*B","martl004","iglej001","","W.2-3;1-2","T",0,1,2,3,0,"F"
0,2,1,1,"BCX","candj002","martl004","iglej001","S8/G.3-H;2-H;1-3","T",0,1,3,4,4,"F"
0,2,1,2,"SBSX","cabrm001","","candj002","9/F","T",1,0,1,0,3,"F"
1,0,1,1,"BSX","","","","9/L+","T",1,0,0,0,0,"F"
1,1,1,1,"BSX","","","","43/G","T",1,0,0,0,0,"F"
1,2,3,2,"FSBBBB","","","","W","T",0,1,0,0,0,"F"
1,2,0,0,"X","davim005","","","S4/G.1-2","T",0,1,2,0,0,"F"
1,2,0,1,"FX","delmn001","davim005","","3/P3F","T",1,0,1,2,0,"F"
0,0,3,2,"BBBCFS","","","","K","T",1,0,0,0,0,"F"
0,1,1,0,"BX","","","","8/F","T",1,0,0,0,0,"F"
0,2,3,1,"BBFBB","","","","W","T",0,1,0,0,0,"F"
0,2,1,0,"11B>C","jonej006","","","SB2","F",0,0,2,0,0,"F"
0,2,1,1,"11B>C..X","","jonej006","","2/P2F","T",1,0,0,2,0,"F"
1,0,1,1,"CBX","","","","53/G","T",1,0,0,0,0,"F"
1,1,0,2,"CCX","","","","3/G","T",1,0,0,0,0,"F"
1,2,3,2,"BCBBCX","","","","9/F","T",1,0,0,0,0,"F"
0,0,0,0,"X","","","","S8/G","T",0,1,0,0,0,"F"
0,0,3,2,"1FSFBBFB>X","machd001","","","8/F","T",1,0,1,0,0,"F"
0,1,0,0,"1X","machd001","","","S9/L.1-3","T",0,1,3,0,0,"F"
0,1,0,0,"X","candj002","","machd001","53/G.3-H;1-2","T",1,0,2,0,4,"F"
0,2,2,2,"SF*BBFFS","","candj002","","K","T",1,0,0,2,0,"F"
1,0,3,2,"BFBFBX","","","","S8/L","T",0,1,0,0,0,"F"
1,0,3,2,"BBBCFF>F1>X","moncy001","","","5/P","T",1,0,1,0,0,"F"
1,1,0,2,"1CFX","moncy001","","","S7/G+.1-2","T",0,1,2,0,0,"F"
1,1,0,0,"X","abrej003","moncy001","","64(1)3/GDP","T",2,0,0,2,0,"F"
0,0,0,1,"FH","","","","HP","T",0,1,0,0,0,"F"
0,0,0,0,"H","martv001","","","HP.1-2","T",0,1,2,0,0,"F"
0,0,1,0,"BX","mccaj001","martv001","","9/F","T",1,0,1,2,0,"F"
0,1,1,1,"*BCX","mccaj001","martv001","","13/G.2-3;1-2","T",1,0,2,3,0,"F"
0,2,1,1,"*BCX","","mccaj001","martv001","D7/L+.3-H;2-H","T",0,2,0,4,4,"F"
0,2,3,2,".BSBBFC","","machd001","","K","T",1,0,0,2,0,"F"
1,0,2,2,"CSFBFFBS","","","","K","T",1,0,0,0,0,"F"
1,1,0,2,"CFX","","","","D7/L","T",0,2,0,0,0,"F"
1,1,2,2,".CB*BSX","","castw002","","8/F.2-3","T",1,0,0,3,0,"F"
1,2,1,0,"BX","","","castw002","9/F","T",1,0,0,0,3,"F"
0,0,0,1,"CX","","","","S8/G","T",0,1,0,0,0,"F"
0,0,0,1,"CX","candj002","","","6/P","T",1,0,1,0,0,"F"
0,1,1,1,"CBX","candj002","","","DGR/89/F+.1-3","T",0,2,3,0,0,"F"
0,1,2,2,"BFBFX","","castn001","candj002","3/P3F","T",1,0,0,2,3,"F"
0,2,0,0,"X","","castn001","candj002","9/F","T",1,0,0,2,3,"F"
1,0,1,2,"CBSFC","","","","K","T",1,0,0,0,0,"F"
1,1,3,1,"BBFBX","","","","D7/L+","T",0,2,0,0,0,"F"
1,1,2,2,"BFFBB","","moncy001","","WP.2-3","F",0,0,0,3,0,"F"
1,1,3,2,"BFFBB.X","","","moncy001","7/L+/SF.3-H","T",1,0,0,0,4,"F"
1,2,1,0,"BX","","","","4/P","T",1,0,0,0,0,"F"
0,0,1,2,"BFFH","","","","HP","T",0,1,0,0,0,"F"
0,0,3,2,"BCBBC>F>F1>F>B","jonej006","","","W.1-2","T",0,1,2,0,0,"F"
0,0,2,2,"FBFBX","iglej001","jonej006","","3/P/IF","T",1,0,1,2,0,"F"
0,1,1,0,"*B>S","iglej001","jonej006","","SB3","F",0,0,1,3,0,"F"
0,1,2,2,"*B>S.FFBS","iglej001","","jonej006","K","T",1,0,1,0,3,"F"
0,2,2,2,"CBFB>FS","iglej001","","jonej006","K","T",1,0,1,0,3,"F"
1,0,1,2,".CSBS","","","","K","T",1,0,0,0,0,"F"
1,1,2,2,"SBBSX","","","","3/P3F","T",1,0,0,0,0,"F"
1,2,1,1,"SBX","","","","S9/G","T",0,1,0,0,0,"F"
1,2,3,2,"FBBSFB>S","castw002","","","K","T",1,0,1,0,0,"F"
0,0,3,2,".BBSFBFFB","","","","W","T",0,1,0,0,0,"F"
0,0,2,1,".B1BC>B","goodn002","","","SB2","F",0,0,2,0,0,"F"
0,0,3,2,".B1BC>B.CB","","goodn002","","W","T",0,1,0,2,0,"F"
0,0,3,0,"BBBB","castn001","goodn002","","W.2-3;1-2","T",0,1,2,3,0,"F"
0,0,3,1,".BBBCB","reyev001","castn001","goodn002","W.3-H;2-3;1-2","T",0,1,2,3,4,"F"
0,0,1,0,".BX","mccaj001","reyev001","castn001","5/P5F","T",1,0,1,2,3,"F"
0,1,0,2,"FFS","mccaj001","reyev001","castn001","K","T",1,0,1,2,3,"F"
0,2,0,2,"FCS","mccaj001","reyev001","castn001","K","T",1,0,1,2,3,"F"
1,0,3,2,"..BBCCFBFX","","","","9/L","T",1,0,0,0,0,"F"
1,1,2,2,"CSBBX","","","","13/G","T",1,0,0,0,0,"F"
1,2,3,2,"CFBBBB","","","","W","T",0,1,0,0,0,"F"
1,2,1,1,"B>FX","moncy001","","","E5/TH/G.1-3;B-2","T",0,2,3,0,0,"F"
1,2,0,1,".CX","","garca003","moncy001","8/F","T",1,0,0,2,3,"F"
0,0,1,0,"BX","","","","S7/F","T",0,1,0,0,0,"T"
0,0,0,1,"F>S","martl004","","","SB2","F",0,0,2,0,0,"F"
0,0,0,2,"F>S.FS","","martl004","","K23","T",1,0,0,2,0,"F"
0,1,0,0,"B","","martl004","","PB.2-3","F",0,0,0,3,0,"F"
0,1,2,0,"B.BX","","","martl004","8/F/SF.3-H(UR)","T",1,0,0,0,5,"F"
0,2,1,0,"BX","","","","8/F+","T",1,0,0,0,0,"F"
1,0,1,2,"CFBX","","","","6/L","T",1,0,0,0,0,"F"
1,1,1,1,"CBX","","","","S9/G","T",0,1,0,0,0,"F"
1,1,0,0,"H","garca003","","","HP.1-2","T",0,1,2,0,0,"F"
1,1,3,2,"BBCSBB","abrej003","garca003","","W.2-3;1-2","T",0,1,2,3,0,"F"
1,1,0,2,"CCX","davim005","abrej003","garca003","6/L","T",1,0,1,2,3,"F"
1,2,3,2,"CFBBB>F>X","davim005","abrej003","garca003","63/G","T",1,0,1,2,3,"F"
0,0,1,2,"SSBFX","","","","43/G","T",1,0,0,0,0,"F"
0,1,1,2,"BFCS","","","","K","T",1,0,0,0,0,"F"
0,2,0,2,"CSS","","","","K","T",1,0,0,0,0,"F"
1,0,2,1,"BSBX","","","","7/F","T",1,0,0,0,0,"F"
1,1,0,2,"CFFX","","","","S8/L","T",0,1,0,0,0,"F"
1,1,0,2,"11C1>F>S","andet001","","","K+SB2","T",1,0,2,0,0,"F"
1,2,3,2,"CFBBB>S","","andet001","","K","T",1,0,0,2,0,"F"
0,0,0,0,"X","","","","53/G","T",1,0,0,0,0,"F"
0,1,1,2,"CCBX","","","","3/P","T",1,0,0,0,0,"F"
0,2,1,0,"BX","","","","S9/L","T",0,1,0,0,0,"F"
0,2,1,0,"BX","martl004","","","43/G","T",1,0,1,0,0,"F"
1,0,0,2,"SFFX","","","","S7/G","T",0,1,0,0,0,"F"
1,0,2,2,"BFBS>X","garca003","","","4/P","T",1,0,1,0,0,"F"
1,1,3,2,"*B1BFS1B>F>S","garca003","","","K+CS2(24)/DP","T",2,0,0,0,0,"F"
0,0,2,2,"CBFBS","","","","K","T",1,0,0,0,0,"F"
0,1,2,2,"SSFBBX","","","","9/F","T",1,0,0,0,0,"F"
0,2,3,2,"CBBBFB","","","","W","T",0,1,0,0,0,"F"
0,2,1,2,"CB1F>B","goodn002","","","SB2","F",0,0,2,0,0,"F"
0,2,3,2,"CB1F>B.*BB","","goodn002","","W","T",0,1,0,2,0,"F"
0,2,0,2,"FFFS","mahtm001","goodn002","","K","T",1,0,1,2,0,"F"
1,0,2,0,"BBX","","","","9/F","T",1,0,0,0,0,"F"
1,1,2,2,"CBBSX","","","","63/G","T",1,0,0,0,0,"F"
1,2,0,2,"CFFS","","","","K23","T",1,0,0,0,0,"F"
0,0,0,1,"CX","","","","6/P","T",1,0,0,0,0,"F"
0,1,3,1,"BCBBB","","","","W","T",0,1,0,0,0,"F"
0,1,2,1,"BBF>B","machd001","","","CS2(26)","F",1,0,0,0,0,"F"
0,2,3,1,"BBF>B.B","","","","W","T",0,1,0,0,0,"F"
0,2,0,1,"1CX","martl004","","","53/G","T",1,0,1,0,0,"F"
1,0,1,2,"CBCX","","","","7/F","T",1,0,0,0,0,"F"
1,1,0,2,"CSX","","","","31/G","T",1,0,0,0,0,"F"
1,2,1,0,"BX","","","","8/F","T",1,0,0,0,0,"F"
0,0,0,0,"X","","","","8/F","T",1,0,0,0,0,"F"
0,1,1,2,"BFFX","","","","1/L+","T",1,0,0,0,0,"F"
0,2,3,2,"TFBBBB","","","","W","T",0,1,0,0,0,"F"
0,2,0,1,"FX","goodn002","","","7/L","T",1,0,1,0,0,"F"
1,0,1,2,"BSFS","","","","K","T",1,0,0,0,0,"F"
1,1,0,2,"FSX","","","","7/F+","T",1,0,0,0,0,"F"
1,2,2,2,"BCBFS","","","","K","T",1,0,0,0,0,"F"
0,0,0,0,"X","","","","53/G","T",1,0,0,0,0,"F"
0,1,2,0,"BBX","","","","6/P","T",1,0,0,0,0,"F"
0,2,0,0,"X","","","","8/F+","T",1,0,0,0,0,"F"
1,0,3,0,".BBBB","","","","W","T",0,1,0,0,0,"F"
1,0,2,2,"CBFFBX","delmn001","","","4(1)3/GDP","T",2,0,0,0,0,"F"
1,2,1,1,".BFX","","","","7/L","T",1,0,0,0,0,"F"
0,0,1,0,".BX","","","","9/F","T",1,0,0,0,0,"F"
0,1,2,1,"BBCX","","","","3/G","T",1,0,0,0,0,"F"
0,2,1,2,".SFFFBS","","","","K","T",1,0,0,0,0,"F"
1,0,0,0,".X","","","","8/F","T",1,0,0,0,0,"F"
1,1,3,2,"BBFBFFT","","","","K","T",1,0,0,0,0,"F"
1,2,0,2,"FFC","","","","K","T",1,0,0,0,0,"F"
0,0,3,2,"BCFBBS","","","","K","T",1,0,0,0,0,"F"
0,1,1,2,"SBFC","","","","K","T",1,0,0,0,0,"F"
0,2,1,2,"FBCS","","","","K","T",1,0,0,0,0,"F"
1,0,0,1,".CX","","","","E5/G","T",0,1,0,0,0,"F"
1,0,2,2,"BCTBFX","garca003","","","64(1)3/GDP","T",2,0,0,0,0,"F"
1,2,1,2,"CFBFFC","","","","K","T",1,0,0,0,0,"F"
0,0,3,2,"CBBFBX","","","","6/P","T",1,0,0,0,0,"T"
0,1,2,2,"FBFFBFFFX","","","","53/G","T",1,0,0,0,0,"F"
0,2,2,2,"CFBFFBX","","","","S7/L+","T",0,1,0,0,0,"F"
0,2,3,1,"BBBF1>B","gomec002","","","W.1-2","T",0,1,2,0,0,"F"
0,2,1,0,"BX","cronc002","gomec002","","S4/G.2-H;1-2","T",0,1,2,4,0,"F"
0,2,1,1,"CBX","duffm002","cronc002","","3/P3F","T",1,0,1,2,0,"F"
1,0,3,2,"CBFBBB","","","","W","T",0,1,0,0,0,"F"
1,0,0,2,"FFFS","moncy001","","","K","T",1,0,1,0,0,"F"
1,1,0,1,"F>H","moncy001","","","HP.1-2","T",0,1,2,0,0,"F"
1,1,3,2,"B*BBCSB","abrej003","moncy001","","W.2-3;1-2","T",0,1,2,3,0,"F"
1,1,1,0,"BX","delmn001","abrej003","moncy001","9/F/SF.3-H","T",1,0,1,2,4,"F"
1,2,2,2,"SBSBS","delmn001","abrej003","","K","T",1,0,1,2,0,"F"
0,0,2,1,"CBBX","","","","7/L","T",1,0,0,0,0,"F"
0,1,2,2,"LFBBX","","","","S7/L","T",0,1,0,0,0,"F"
0,1,3,2,"1P+11FB1BF1>X","smitm007","","","S7/G.1-3;B-2(E7)","T",0,2,3,0,0,"F"
0,1,1,0,"BX","","refsr001","smitm007","4/L","T",1,0,0,2,3,"F"
0,2,0,1,"CX","","refsr001","smitm007","43/G","T",1,0,0,2,3,"F"
1,0,2,2,"BFBFFFX","","","","3/G","T",1,0,0,0,0,"F"
1,1,2,1,"CBBX","","","","53/G","T",1,0,0,0,0,"F"
1,2,3,1,"BSBBX","","","","7/L","T",1,0,0,0,0,"F"
0,0,0,1,"FX","","","","7/F7LF","T",1,0,0,0,0,"F"
0,1,2,1,"BFBX","","","","8/F","T",1,0,0,0,0,"F"
0,2,0,0,"X","","","","8/L","T",1,0,0,0,0,"F"
1,0,0,0,"X","","","","D8/L+","T",0,2,0,0,0,"F"
1,0,0,0,"X","","moncy001","","53/G","T",1,0,0,2,0,"F"
1,1,1,2,"CCF*BT","","moncy001","","K","T",1,0,0,2,0,"F"
1,2,0,2,"FFS","","moncy001","","K","T",1,0,0,2,0,"F"
0,0,0,0,"X","","","","53/G","T",1,0,0,0,0,"F"
0,1,3,2,"CBCBBB","","","","W","T",0,1,0,0,0,"F"
0,1,1,2,"BFF1B","robed004","","","WP.1-2","F",0,0,2,0,0,"F"
0,1,2,2,"BFF1B.X","","robed004","","T8/L.2-H","T",0,3,0,4,0,"F"
0,1,3,2,"BSBCFBX","","","smitm007","FC6/G.3XH(62)","T",1,1,0,0,0,"F"
0,2,0,1,"CX","refsr001","","","9/F","T",1,0,1,0,0,"F"
1,0,0,2,"CCX","","","","3/G","T",1,0,0,0,0,"F"
1,1,0,0,"X","","","","S7/G","T",0,1,0,0,0,"F"
1,1,0,1,"S>X","andet001","","","S7/G+.1-2","T",0,1,2,0,0,"F"
1,1,0,1,"CX","garcl004","andet001","","8/F.2-3","T",1,0,1,3,0,"F"
1,2,2,2,"SBF*BS","garcl004","","andet001","K","T",1,0,1,0,3,"F"
0,0,2,0,"BBX","","","","HR/89/L","T",0,4,0,0,0,"F"
0,0,2,1,"CBBX","","","","D8/L+","T",0,2,0,0,0,"F"
0,0,0,1,"CX","","gomec002","","8/F+.2-3","T",1,0,0,3,0,"F"
0,1,2,2,"BSB>LX","","","gomec002","S9/L.3-H","T",0,1,0,0,4,"F"
0,1,1,0,".11BB","duffm002","","","WP.1-2","F",0,0,2,0,0,"F"
0,1,2,0,".11BB.2X","","duffm002","","S8/G.2XH(82)","T",1,1,0,0,0,"F"
0,2,2,0,"BBX","ramow001","","","9/F","T",1,0,1,0,0,"F"
1,0,0,1,"CX","","","","S8/L+","T",0,1,0,0,0,"F"
1,0,0,0,"B","moncy001","","","WP.1-2","F",0,0,2,0,0,"F"
1,0,1,1,"B.SX","","moncy001","","8/F.2-3","T",1,0,0,3,0,"F"
1,1,0,0,"X","","","moncy001","3/P","T",1,0,0,0,3,"F"
1,2,0,2,"TFX","","","moncy001","HR/9/L.3-H","T",0,4,0,0,4,"F"
1,2,1,2,"FBCFFS","","","","K","T",1,0,0,0,0,"F"
0,0,0,2,".LFX","","","","S7/L","T",0,1,0,0,0,"F"
0,0,1,1,"BCB","smitm007","","","WP.1-2","F",0,0,2,0,0,"F"
0,0,2,2,"BCB.S>B","","smitm007","","SB3","F",0,0,0,3,0,"F"
0,0,3,2,"BCB.S>B.FS","","","smitm007","K","T",1,0,0,0,3,"F"
0,1,2,1,"BF*BX","","","smitm007","S9/L.3-H","T",0,1,0,0,4,"F"
0,1,2,2,"1BCF1B>B","spand001","","","SB2","F",0,0,2,0,0,"F"
0,1,3,2,"1BCF1B>B.S","","spand001","","K","T",1,0,0,2,0,"F"
0,2,2,2,".FB*BST","","spand001","","K","T",1,0,0,2,0,"F"
1,0,2,2,"SBBSS","","","","K","T",1,0,0,0,0,"F"
1,1,2,2,"BSBFX","","","","E6/G","T",0,1,0,0,0,"F"
1,1,1,2,"BF1C>S","garcl004","","","K+SB2","T",1,0,2,0,0,"F"
1,2,1,0,"BX","","garcl004","","D7/L.2-H(UR)","T",0,2,0,5,0,"F"
1,2,3,2,"BFBBCFB","","narvo001","","W","T",0,1,0,2,0,"F"
1,2,1,1,".BCX","moncy001","narvo001","","54(1)/FO/G","T",1,1,0,2,0,"F"
0,0,2,2,"CSBBX","","","","53/G","T",1,0,0,0,0,"F"
0,1,2,2,"BTSFBS","","","","K","T",1,0,0,0,0,"F"
0,2,0,0,"X","","","","S4/G","T",0,1,0,0,0,"F"
0,2,3,1,"BC*BBX","ramow001","","","53/G","T",1,0,1,0,0,"F"
1,0,1,2,"CBSFS","","","","K","T",1,0,0,0,0,"F"
1,1,0,0,".X","","","","9/F","T",1,0,0,0,0,"F"
1,2,3,2,"CFBBBX","","","","S7/G+","T",0,1,0,0,0,"F"
1,2,1,2,".BF11F1>S","sancc001","","","K","T",1,0,1,0,0,"F"
0,0,0,2,".MFX","","","","D9/L","T",0,2,0,0,0,"F"
0,0,2,1,"C2BBX","","smitm007","","7/F","T",1,0,0,2,0,"F"
0,1,0,0,"2>B","","smitm007","","SB3","F",0,0,0,3,0,"F"
0,1,3,2,"2>B.CF*B*BB","","","smitm007","W","T",0,1,0,0,3,"F"
0,1,1,1,"BSN1","spand001","","smitm007","CSH(132)","F",1,0,1,0,0,"F"
0,2,1,1,"BSN1.1X","spand001","","","S8/G.1-2","T",0,1,2,0,0,"F"
0,2,0,2,"FCS","wendj002","spand001","","K","T",1,0,1,2,0,"F"
1,0,1,1,"FBX","","","","S9/L","T",0,1,0,0,0,"F"
1,0,1,0,"B1X","garcl004","","","3/BG/SH.1-2","T",1,0,2,0,0,"F"
1,1,3,1,"B*BBCB","","garcl004","","W","T",0,1,0,2,0,"F"
1,1,1,2,".CBSS","engea001","garcl004","","K","T",1,0,1,2,0,"F"
1,2,0,0,">B","engea001","garcl004","","SB3;SB2","F",0,0,2,3,0,"F"
1,2,1,2,">B.FSS","","engea001","garcl004","K","T",1,0,0,2,3,"F"
0,0,2,2,"....BFCBX","","","","5/P5F","T",1,0,0,0,0,"F"
0,1,3,2,"BBCBCFFFT","","","","K","T",1,0,0,0,0,"F"
0,2,1,2,"SCFBS","","","","K","T",1,0,0,0,0,"F"
1,0,3,2,".BFBCBF*B","","","","W","T",0,1,0,0,0,"F"
1,0,0,0,"X","abrej003","","","S8/G.1-2","T",0,1,2,0,0,"F"
1,0,0,2,"SCB","delmn001","abrej003","","WP.2-3;1-2","F",0,0,2,3,0,"F"
1,0,1,2,"SCB.X","","delmn001","abrej003","13/G-","T",1,0,0,2,3,"F"
1,1,0,0,"X","","delmn001","abrej003","53/G","T",1,0,0,2,3,"F"
1,2,1,0,"BX","","delmn001","abrej003","3/G","T",1,0,0,2,3,"F"
0,0,0,1,"CX","","","","8/L","T",1,0,0,0,0,"T"
0,1,3,0,"BBBB","","","","W","T",0,1,0,0,0,"F"
0,1,1,1,"BFX","wendj002","","","8/F+","T",1,0,1,0,0,"F"
0,2,0,0,"N","wendj002","","","BK.1-2","F",0,0,2,0,0,"F"
0,2,0,0,"N.H","","wendj002","","HP","T",0,1,0,2,0,"F"
0,2,1,1,"CBX","cronc002","wendj002","","8/F","T",1,0,1,2,0,"F"
1,0,3,2,"BBCFBS","","","","K","T",1,0,0,0,0,"F"
1,1,3,2,"CCBBBFS","","","","K","T",1,0,0,0,0,"F"
1,2,0,2,"CCX","","","","31/G","T",1,0,0,0,0,"F"
0,0,1,0,"BX","","","","3/G","T",1,0,0,0,0,"F"
0,1,0,2,"CCC","","","","K","T",1,0,0,0,0,"F"
0,2,0,0,"X","","","","43/G","T",1,0,0,0,0,"F"
1,0,3,2,"CBBSBX","","","","53/G-","T",1,0,0,0,0,"F"
1,1,1,0,"BX","","","","8/F","T",1,0,0,0,0,"F"
1,2,2,2,"SFBBS","","","","K","T",1,0,0,0,0,"F"
0,0,3,2,"BBCCBB","","","","W","T",0,1,0,0,0,"F"
0,0,3,2,"BC*BB1C11>B","robed004","","","W.1-2","T",0,1,2,0,0,"F"
0,0,3,1,"*BBBCX","spand001","robed004","","S7/L.2-H;1-H(UR)(E7)(NR);B-2","T",0,2,5,4,0,"F"
0,0,1,2,"FFFBT","","wendj002","","K","T",1,0,0,2,0,"F"
0,1,0,2,"CSX","","wendj002","","53/G.2-3","T",1,0,0,3,0,"F"
0,2,0,1,"FX","","","wendj002","53/G","T",1,0,0,0,3,"F"
1,0,0,2,"CSS","","","","K","T",1,0,0,0,0,"F"
1,1,1,1,"CBX","","","","43/G","T",1,0,0,0,0,"F"
1,2,3,2,"BBSBCB","","","","W","T",0,1,0,0,0,"F"
1,2,1,0,"BB","engea001","","","WP.1-2","F",0,0,2,0,0,"F"
1,2,3,2,"BB.BCFS","","engea001","","K","T",1,0,0,2,0,"F"
0,0,0,0,"X","","","","S7/L","T",0,1,0,0,0,"F"
0,0,3,1,"1*BBBC1B","smitm007","","","W.1-2","T",0,1,2,0,0,"F"
0,0,0,0,"B","ramow001","smitm007","","WP.2-3;1-2","F",0,0,2,3,0,"F"
0,0,1,0,"B.X","","ramow001","smitm007","8/F/SF.3-H;2-3","T",1,0,0,3,4,"F"
0,1,1,2,"FCBC","","","ramow001","K","T",1,0,0,0,3,"F"
0,2,0,2,"FSH","","","ramow001","HP","T",0,1,0,0,3,"F"
0,2,3,0,"B*BBB","spand001","","ramow001","W.1-2","T",0,1,2,0,3,"F"
0,2,3,2,"*BCBFFFB>S","wendj002","spand001","ramow001","K","T",1,0,1,2,3,"F"
1,0,0,1,"CX","","","","63/G","T",1,0,0,0,0,"F"
1,1,3,2,"CFBBBS","","","","K","T",1,0,0,0,0,"F"
1,2,3,2,"FBSBBB","","","","W","T",0,1,0,0,0,"F"
1,2,3,2,"CS*BBB>X","davim005","","","13/G-","T",1,0,1,0,0,"F"
0,0,0,0,"X","","","","7/L","T",1,0,0,0,0,"F"
0,1,0,1,"CX","","","","S9/L","T",0,1,0,0,0,"F"
0,1,1,2,"C*BS11X","duffm002","","","13/L.1-2","T",1,0,2,0,0,"F"
0,2,0,0,"X","","duffm002","","S9/L.2-H","T",0,1,0,4,0,"F"
0,2,3,2,"BBBCF>B","ramow001","","","W.1-2","T",0,1,2,0,0,"F"
0,2,2,2,"C*BBCX","hecha001","ramow001","","S5/G-.2-3;1-2","T",0,1,2,3,0,"F"
0,2,2,2,".BSFBFS","robed004","hecha001","ramow001","K","T",1,0,1,2,3,"F"
1,0,3,2,"BBCBFB","","","","W","T",0,1,0,0,0,"F"
1,0,0,2,"CFS","delmn001","","","K","T",1,0,1,0,0,"F"
1,1,3,1,"CBBBX","delmn001","","","DGR/8/F.1-3","T",0,2,3,0,0,"F"
1,1,1,2,"CBFX","","salat001","delmn001","43/G.3-H;2-3","T",1,0,0,3,4,"F"
1,2,2,2,"CBS*BS","","","salat001","K","T",1,0,0,0,3,"F"
0,0,2,2,"BCFBC","","","","K","T",1,0,0,0,0,"F"
0,1,1,0,"BX","","","","HR/8/F","T",0,4,0,0,0,"F"
0,1,0,0,"X","","","","S9/G","T",0,1,0,0,0,"F"
0,1,2,1,"CBBX","cronc002","","","8/F","T",1,0,1,0,0,"F"
0,2,1,1,"BC>B","cronc002","","","CS2(26)","F",1,0,0,0,0,"F"
1,0,2,0,"BBX","","","","53/G","T",1,0,0,0,0,"F"
1,1,0,2,"FSFS","","","","K23","T",1,0,0,0,0,"F"
1,2,3,1,"BCBBB","","","","W","T",0,1,0,0,0,"F"
1,2,3,2,".BC*BFB>B","davim005","","","W.1-2","T",0,1,2,0,0,"F"
1,2,2,2,".BCBFFT","narvo001","davim005","","K","T",1,0,1,2,0,"F"
0,0,1,2,".CBSX","","","","S4/G","T",0,1,0,0,0,"F"
0,0,1,0,"1BX","smitm007","","","4(1)3/GDP","T",2,0,0,0,0,"F"
0,2,1,1,"FBX","","","","9/F","T",1,0,0,0,0,"F"
1,0,1,1,".CBX","","","","43/G","T",1,0,0,0,0,"F"
1,1,0,2,"CCX","","","","S7/L","T",0,1,0,0,0,"F"
1,1,2,2,"BCBFX","salat001","","","4(1)/FO/G","T",1,1,0,0,0,"F"
1,2,0,0,"X","engea001","","","S49/G.1-3","T",0,1,3,0,0,"F"
1,2,0,0,"X","moncy001","","engea001","7/L","T",1,0,1,0,3,"F"
0,0,0,2,"CFX","","","","3/P","T",1,0,0,0,0,"F"
0,1,3,0,"BBBB","","","","W","T",0,1,0,0,0,"F"
0,1,3,1,"BB11BCB","spand001","","","W.1-2","T",0,1,2,0,0,"F"
0,1,0,1,".F2X","wendj002","spand001","","S9/L.2-3;1-2","T",0,1,2,3,0,"F"
0,1,0,2,"SSS","gomec002","wendj002","spand001","K","T",1,0,1,2,3,"F"
0,2,2,1,"BBFX","gomec002","wendj002","spand001","5(2)/FO/G.1-2","T",1,1,2,0,3,"F"
1,0,1,1,".CBX","","","","D7/L","T",0,2,0,0,0,"F"
1,0,3,2,"CB*BSBS","","abrej003","","K","T",1,0,0,2,0,"F"
1,1,1,1,"F*BX","","abrej003","","43/G.2-3","T",1,0,0,3,0,"F"
1,2,1,2,"BFFX","","","abrej003","43/G","T",1,0,0,0,3,"F"
0,0,3,2,"FBFBBB","","","","W","T",0,1,0,0,0,"F"
0,0,2,1,"BB1F>B","smitm007","","","CS2(24)","F",1,0,0,0,0,"F"
0,1,3,2,"BB1F>B.FB","","","","W","T",0,1,0,0,0,"F"
0,1,0,0,"X","ramow001","","","S7/L.1-2","T",0,1,2,0,0,"F"
0,1,3,1,"BBFBX","hecha001","ramow001","","S8/L.2-H;1-2","T",0,1,2,4,0,"F"
0,1,2,2,".BC*BFS","robed004","hecha001","","K","T",1,0,1,2,0,"F"
0,2,0,2,"SSS","robed004","hecha001","","K","T",1,0,1,2,0,"F"
1,0,2,2,".CBFBX","","","","D57/G","T",0,2,0,0,0,"F"
1,0,1,0,".B>B","","andet001","","SB3","F",0,0,0,3,0,"F"
1,0,2,1,".B>B.SX","","","andet001","8/F/SF.3-H","T",1,0,0,0,4,"F"
1,1,0,0,".X","","","","E4/G","T",0,1,0,0,0,"F"
1,1,3,2,"CBBBFB","garcl004","","","W.1-2","T",0,1,2,0,0,"F"
1,1,0,2,".SFX","moncy001","garcl004","","13/G-.2-3;1-2","T",1,0,2,3,0,"F"
1,2,1,2,"S*BFX","","moncy001","garcl004","HR/8/F.3-H(UR);2-H(UR);B-H(TUR)","T",0,6,0,5,5,"F"
1,2,3,2,"BSBBSFB","","","","W","T",0,1,0,0,0,"F"
1,2,1,1,"SBX","davim005","","","9/L+","T",1,0,1,0,0,"F"
0,0,2,2,"CSBBFX","","","","6/P","T",1,0,0,0,0,"T"
0,1,3,2,"BBFSBFB","","","","W","T",0,1,0,0,0,"F"
0,1,3,0,"*BB1BB","kierk001","","","W.1-2","T",0,1,2,0,0,"F"
0,1,0,0,"X","gomec002","kierk001","","53/G-.2-3;1-2","T",1,0,2,3,0,"F"
0,2,3,1,"CBBBB","","gomec002","kierk001","W","T",0,1,0,2,3,"F"
0,2,1,2,"CBSS","wendj002","gomec002","kierk001","K","T",1,0,1,2,3,"F"
1,0,2,1,"BFBX","","","","43/G","T",1,0,0,0,0,"F"
1,1,0,0,"X","","","","9/F9LF","T",1,0,0,0,0,"F"
1,2,2,1,"CBBX","","","","53/G","T",1,0,0,0,0,"F"
0,0,3,2,"BBBCC*B","","","","W","T",0,1,0,0,0,"F"
0,0,0,0,"1X","smitm007","","","S7/G.1-2","T",0,1,2,0,0,"F"
0,0,0,1,"LX","hecha001","smitm007","","14/BG/SH.2-3;1-2","T",1,0,2,3,0,"F"
0,1,1,0,"B>3","","hecha001","smitm007","POCSH(152).2-3","F",1,0,0,3,0,"F"
0,2,3,1,"B>3.BBCB","","","hecha001","W","T",0,1,0,0,3,"F"
0,2,2,1,"*BFBX","spand001","","hecha001","7/L","T",1,0,1,0,3,"F"
1,0,2,2,"CFBBX","","","","8/F+","T",1,0,0,0,0,"F"
1,1,0,0,"X","","","","S8/L","T",0,1,0,0,0,"F"
1,1,1,0,"BX","delmn001","","","36(1)/FO/G","T",1,1,0,0,0,"F"
1,2,1,0,"1BX","sancc001","","","53/G-","T",1,0,1,0,0,"F"
0,0,0,1,"FX","","","","S5/BG","T",0,1,0,0,0,"F"
0,0,1,2,"BFSS","gomec002","","","K","T",1,0,1,0,0,"F"
0,1,1,2,"1B1C>FS","gomec002","","","K","T",1,0,1,0,0,"F"
0,2,0,0,"1X","gomec002","","","63/G","T",1,0,1,0,0,"F"
1,0,1,1,"CBX","","","","S7/L","T",0,1,0,0,0,"F"
1,0,3,2,"L*BBFB*B","narvo001","","","W.1-2","T",0,1,2,0,0,"F"
1,0,2,2,"SFF*B*BS","engea001","narvo001","","K","T",1,0,1,2,0,"F"
1,1,0,2,"FFFFS","engea001","narvo001","","K","T",1,0,1,2,0,"F"
1,2,0,0,"H","engea001","narvo001","","HP.2-3;1-2","T",0,1,2,3,0,"F"
1,2,1,2,"CTBFC","abrej003","engea001","narvo001","K","T",1,0,1,2,3,"F"
0,0,1,2,"CBSS","","","","K","T",1,0,0,0,0,"F"
0,1,3,2,"CBCFBBX","","","","4/P","T",1,0,0,0,0,"F"
0,2,0,2,"CSS","","","","K","T",1,0,0,0,0,"F"
1,0,0,1,"FX","","","","6/P","T",1,0,0,0,0,"F"
1,1,0,2,"CTX","","","","43/G","T",1,0,0,0,0,"F"
1,2,0,0,"X","","","","S9/L","T",0,1,0,0,0,"F"
1,2,1,0,"B1","andet001","","","PO1(13)","F",1,0,0,0,0,"F"
0,0,1,1,"BCX","","","","43/G","T",1,0,0,0,0,"F"
0,1,3,1,"BBBCX","","","","S8/G","T",0,1,0,0,0,"F"
0,1,2,2,"S*B*B111SS","kierk001","","","K","T",1,0,1,0,0,"F"
0,2,3,2,"SB*BBC>X","kierk001","","","D8/L+.1-H","T",0,2,4,0,0,"F"
0,2,0,1,"CX","","cronc002","","3/G","T",1,0,0,2,0,"F"
1,0,2,2,"BFCBX","","","","43/G","T",1,0,0,0,0,"F"
1,1,3,2,"SSBBBC","","","","K","T",1,0,0,0,0,"F"
1,2,2,2,"CTBBS","","","","K","T",1,0,0,0,0,"F"
0,0,0,2,"CCX","","","","7/F","T",1,0,0,0,0,"F"
0,1,1,1,"BMX","","","","63/G","T",1,0,0,0,0,"F"
0,2,0,1,"CX","","","","7/F","T",1,0,0,0,0,"F"
1,0,0,2,"CFX","","","","D7/G","T",0,2,0,0,0,"F"
1,0,1,2,"CBFX","","garca003","","8/L+.2-3","T",1,0,0,3,0,"F"
1,1,2,2,".BBFSC","","","garca003","K","T",1,0,0,0,3,"F"
1,2,3,1,"BBBCB","","","garca003","W","T",0,1,0,0,3,"F"
1,2,1,0,"BX","delmn001","","garca003","54(1)/FO/G","T",1,1,0,0,3,"F"
0,0,0,0,"X","","","","8/L","T",1,0,0,0,0,"F"
0,1,2,2,".CBCBC","","","","K","T",1,0,0,0,0,"F"
0,2,0,2,"CFT","","","","K","T",1,0,0,0,0,"F"
1,0,1,2,"FBFFS","","","","K","T",1,0,0,0,0,"F"
1,1,1,1,"CBX","","","","E7/F.B-3(E7/TH)","T",0,3,0,0,0,"F"
1,1,1,1,"..FBH","","","narvo001","HP","T",0,1,0,0,3,"F"
1,1,0,2,"T1C+3","garcl004","","narvo001","POCSH(2526).1-2","F",1,0,2,0,0,"F"
1,2,0,2,"T1C+3.S","","garcl004","","K","T",1,0,0,2,0,"F"
0,0,1,2,"..BCFS","","","","K","T",1,0,0,0,0,"F"
0,1,2,2,"FBBSFX","","","","9/F","T",1,0,0,0,0,"F"
0,2,1,1,"SBX","","","","63/G","T",1,0,0,0,0,"F"
1,0,3,2,".BBSFBS","","","","K","T",1,0,0,0,0,"F"
1,1,3,2,"BFCFBBFX","","","","S67/G","T",0,1,0,0,0,"F"
1,1,1,1,"CBX","abrej003","","","HR/8/F.1-H","T",0,4,4,0,0,"F"
1,1,0,0,"X","","","","S7/G","T",0,1,0,0,0,"F"
1,1,1,0,"BX","delmn001","","","S9/L.1-2","T",0,1,2,0,0,"F"
1,1,0,0,"X","sancc001","delmn001","","8/F+.2-3","T",1,0,1,3,0,"F"
1,2,0,1,"SX","sancc001","","delmn001","43/G","T",1,0,1,0,3,"F"
0,0,3,1,".CBBBB","","","","W","T",0,1,0,0,0,"F"
0,0,3,2,"BBCBCS","duffm002","","","K","T",1,0,1,0,0,"F"
0,1,0,2,"FSS","duffm002","","","K","T",1,0,1,0,0,"F"
0,2,0,0,"X","duffm002","","","43/G","T",1,0,1,0,0,"F"
0,0,1,0,"BX","","","","63/G","T",1,0,0,0,0,"T"
0,1,1,1,"BCX","","","","43/G","T",1,0,0,0,0,"F"
0,2,3,2,"BCSBFBC","","","","K","T",1,0,0,0,0,"F"
1,0,2,2,"BFBCS","","","","K","T",1,0,0,0,0,"F"
1,1,0,1,"SX","","","","3/P2F","T",1,0,0,0,0,"F"
1,2,3,2,"BFSBBFX","","","","8/L+","T",1,0,0,0,0,"F"
0,0,2,2,"CBSBX","","","","S4/G","T",0,1,0,0,0,"F"
0,0,2,0,"BBX","reddj001","","","4/P","T",1,0,1,0,0,"F"
0,1,3,1,"BC*BBB","reddj001","","","W.1-2","T",0,1,2,0,0,"F"
0,1,3,2,"*BBCBS>FB","brega001","reddj001","","W.2-3;1-2","T",0,1,2,3,0,"F"
0,1,0,1,"CX","mccab002","brega001","reddj001","8/F","T",1,0,1,2,3,"F"
0,2,2,2,"*BFSBC","mccab002","brega001","reddj001","K","T",1,0,1,2,3,"F"
1,0,0,2,"FCX","","","","2/P","T",1,0,0,0,0,"F"
1,1,1,2,"CSBC","","","","K","T",1,0,0,0,0,"F"
1,2,0,2,"CSX","","","","13/G","T",1,0,0,0,0,"F"
0,0,2,1,"BCBX","","","","8/F+","T",1,0,0,0,0,"F"
0,1,3,2,"BCFBFBX","","","","8/F","T",1,0,0,0,0,"F"
0,2,2,2,"FBBCX","","","","S8/L","T",0,1,0,0,0,"F"
0,2,1,1,"CBX","corrc001","","","63/G","T",1,0,1,0,0,"F"
1,0,0,1,"CX","","","","7/F","T",1,0,0,0,0,"F"
1,1,0,1,"CX","","","","7/F","T",1,0,0,0,0,"F"
1,2,1,2,"SBSFS","","","","K","T",1,0,0,0,0,"F"
0,0,0,0,"X","","","","D7/L","T",0,2,0,0,0,"F"
0,0,1,0,"BX","","gurry001","","S9/L.2-H;B-2(E9)","T",0,2,0,4,0,"F"
0,0,0,1,"CX","","brega001","","S9/L.2-H","T",0,1,0,4,0,"F"
0,0,3,1,"BBBCB","mccab002","","","W.1-2","T",0,1,2,0,0,"F"
0,0,2,2,"BFCBX","gonzm002","mccab002","","8/L.2-3","T",1,0,1,3,0,"F"
0,1,1,1,"F*BX","gonzm002","","mccab002","D7/L.3-H;1-H;B-H(E6/TH)","T",0,4,4,0,4,"F"
0,1,0,2,"CFFFX","","","","S7/G","T",0,1,0,0,0,"F"
0,1,3,2,"BBC1BC1>C","altuj001","","","K+CS2(24)/DP","T",2,0,0,0,0,"F"
1,0,3,2,"CBBSBB","","","","W","T",0,1,0,0,0,"F"
1,0,3,2,"C*B1F*B*B>S","moncy001","","","K+SB2","T",1,0,2,0,0,"F"
1,1,1,2,"CSFBX","","moncy001","","53/G","T",1,0,0,2,0,"F"
1,2,3,2,"CFFBFFB*BFB","","moncy001","","W","T",0,1,0,2,0,"F"
1,2,1,2,"BCSS","delmn001","moncy001","","K","T",1,0,1,2,0,"F"
0,0,0,2,"CFC","","","","K","T",1,0,0,0,0,"F"
0,1,1,1,"BCX","","","","43/G-","T",1,0,0,0,0,"F"
0,2,1,2,"SFBX","","","","63/G","T",1,0,0,0,0,"F"
1,0,2,2,"BSCBX","","","","53/G","T",1,0,0,0,0,"F"
1,1,1,2,"CBFX","","","","S7/G+","T",0,1,0,0,0,"F"
1,1,3,0,"BBB>B","andet001","","","W.1-2","T",0,1,2,0,0,"F"
1,1,1,0,"BN","narvo001","andet001","","CS2(154)","F",1,0,0,2,0,"F"
1,2,3,2,"BN.BBCFX","","andet001","","8/L","T",1,0,0,2,0,"F"
0,0,3,2,"BBFFFBFB","","","","W","T",0,1,0,0,0,"F"
0,0,0,2,"CFX","mccab002","","","6/P","T",1,0,1,0,0,"F"
0,1,2,0,"BBX","mccab002","","","D9/L+.1-3","T",0,2,3,0,0,"F"
0,1,0,1,".3FX","","fishd001","mccab002","DGR/9/L.3-H;2-H","T",0,2,0,4,4,"F"
0,1,2,2,"C*BBFS","","sprig001","","K23","T",1,0,0,2,0,"F"
0,2,3,2,"C*BBFBX","","sprig001","","HR/89/F.2-H","T",0,4,0,4,0,"F"
0,2,0,1,"CX","","","","7/F","T",1,0,0,0,0,"F"
1,0,0,2,"...CSX","","","","3/G","T",1,0,0,0,0,"F"
1,1,1,0,"BX","","","","9/F","T",1,0,0,0,0,"F"
1,2,2,2,"FCBBX","","","","S5/G+","T",0,1,0,0,0,"F"
1,2,1,1,"*BCX","abrej003","","","9/F","T",1,0,1,0,0,"F"
0,0,2,2,".CBBFX","","","","43/G","T",1,0,0,0,0,"F"
0,1,2,2,"BCBSS","","","","K","T",1,0,0,0,0,"F"
0,2,3,1,"BBBCX","","","","9/L","T",1,0,0,0,0,"F"
1,0,2,2,".BFFFBFFFS","","","","K","T",1,0,0,0,0,"F"
1,1,0,2,"SFFS","","","","K","T",1,0,0,0,0,"F"
1,2,1,2,"FBCX","","","","9/F","T",1,0,0,0,0,"F"
0,0,1,1,".CBX","","","","7/F","T",1,0,0,0,0,"F"
0,1,1,2,"CBCX","","","","63/G","T",1,0,0,0,0,"F"
0,2,3,2,".FBCFBBC","","","","K","T",1,0,0,0,0,"F"
1,0,0,1,"..CX","","","","8/F","T",1,0,0,0,0,"F"
1,1,0,0,"X","","","","4/P","T",1,0,0,0,0,"F"
1,2,1,2,"CSBC","","","","K","T",1,0,0,0,0,"F"
0,0,2,2,"SBFBFFS","","","","K","T",1,0,0,0,0,"F"
0,1,0,0,"X","","","","HR/8/F","T",0,4,0,0,0,"F"
0,1,1,2,"SCBX","","","","5/P5F","T",1,0,0,0,0,"F"
0,2,0,0,"X","","","","S3/G-","T",0,1,0,0,0,"F"
0,2,0,0,"X","gurry001","","","D8/F+.1-3","T",0,2,3,0,0,"F"
0,2,0,2,"CSS","","brega001","gurry001","K23","T",1,0,0,2,3,"F"
1,0,1,2,".BSFX","","","","5/P5F","T",1,0,0,0,0,"F"
1,1,1,1,"BFX","","","","8/F","T",1,0,0,0,0,"F"
1,2,0,1,"CX","","","","13/G","T",1,0,0,0,0,"F"
0,0,1,0,"BX","","","","D7/L+","T",0,2,0,0,0,"T"
0,0,3,0,"BBBB","","sprig001","","W","T",0,1,0,2,0,"F"
0,0,3,2,"BSC*BB>X","altuj001","sprig001","","S8/L.2-H;1-3","T",0,1,3,4,0,"F"
0,0,3,0,"BB*BB","corrc001","","altuj001","W.1-2","T",0,1,2,0,3,"F"
0,0,0,0,"X","reddj001","corrc001","altuj001","9/F/SF.3-H","T",1,0,1,2,4,"F"
0,1,1,1,"BCX","reddj001","corrc001","","S7/G+.2-3;1-2","T",0,1,2,3,0,"F"
0,1,1,2,"BCFX","brega001","reddj001","corrc001","5/P5F","T",1,0,1,2,3,"F"
0,2,2,2,"FC*BFBFX","brega001","reddj001","corrc001","DGR/8/F.3-H;2-H;1-3","T",0,2,3,4,4,"F"
0,2,2,2,"CBC*B+3X","","gonzm002","brega001","7/F7LF","T",1,0,0,2,3,"F"
1,0,1,1,"BFX","","","","D7/G","T",0,2,0,0,0,"F"
1,0,3,2,"BSTBBFS","","andet001","","K","T",1,0,0,2,0,"F"
1,1,3,2,"BBFCBC","","andet001","","K","T",1,0,0,2,0,"F"
1,2,0,0,"X","","andet001","","63/G","T",1,0,0,2,0,"F"
0,0,3,1,"BBCBB","","","","W","T",0,1,0,0,0,"F"
0,0,3,2,"BCBBC1>B","sprig001","","","W.1-2","T",0,1,2,0,0,"F"
0,0,3,2,"BCSBB>B","altuj001","sprig001","","W.2-3;1-2","T",0,1,2,3,0,"F"
0,0,0,0,"X","corrc001","altuj001","sprig001","HR/9/F.3-H;2-H;1-H","T",0,4,4,4,4,"F"
0,0,0,1,"CX","","","","31/G","T",1,0,0,0,0,"F"
0,1,1,0,"BX","","","","7/F","T",1,0,0,0,0,"F"
0,2,2,2,"BBFCT","","","","K","T",1,0,0,0,0,"F"
1,0,2,2,"CFBBS","","","","K","T",1,0,0,0,0,"F"
1,1,2,2,"CBCFBX","","","","53/G","T",1,0,0,0,0,"F"
1,2,2,0,"BBX","","","","63/G","T",1,0,0,0,0,"F"
0,0,3,1,".BBCBB","","","","W","T",0,1,0,0,0,"F"
0,0,3,0,"BB*BB","gonzm002","","","W.1-2","T",0,1,2,0,0,"F"
0,0,1,0,".BX","gatte001","gonzm002","","14(1)3/GDP.2-3","T",2,0,0,3,0,"F"
0,2,1,1,"FBX","","","gonzm002","S8/G.3-H","T",0,1,0,0,4,"F"
0,2,1,2,"*BCCC","altuj001","","","K","T",1,0,1,0,0,"F"
1,0,0,2,"CFFX","","","","63/G","T",1,0,0,0,0,"F"
1,1,1,1,"BFX","","","","8/L","T",1,0,0,0,0,"F"
1,2,2,2,"CFBBX","","","","9/F","T",1,0,0,0,0,"F"
0,0,1,1,"CBX","","","","HR/89/F","T",0,4,0,0,0,"F"
0,0,1,1,"CBX","","","","S5/G","T",0,1,0,0,0,"F"
0,0,2,2,"FBFBS","gurry001","","","K","T",1,0,1,0,0,"F"
0,1,0,0,"X","gurry001","","","4/P3F","T",1,0,1,0,0,"F"
0,2,0,2,"CFFFS","gurry001","","","K","T",1,0,1,0,0,"F"
1,0,1,2,"SSFBFC","","","","K","T",1,0,0,0,0,"F"
1,1,1,1,"BSX","","","","S9/L+","T",0,1,0,0,0,"F"
1,1,1,1,"C*BX","abrej003","","","8/F","T",1,0,1,0,0,"F"
1,2,2,2,"FSB*BC","abrej003","","","K","T",1,0,1,0,0,"F"
0,0,2,2,"CSFBBX","","","","S5/G","T",0,1,0,0,0,"F"
0,0,2,0,"BBX","gatte001","","","9/L+","T",1,0,1,0,0,"F"
0,1,1,0,"BX","gatte001","","","4(1)3/GDP","T",2,0,0,0,0,"F"
1,0,1,1,"CBX","","","","3/P3F","T",1,0,0,0,0,"F"
1,1,1,0,"BX","","","","HR/89/F","T",0,4,0,0,0,"F"
1,1,0,0,"X","","","","S9/L","T",0,1,0,0,0,"F"
1,1,0,1,"CX","sancc001","","","4/P","T",1,0,1,0,0,"F"
1,2,2,0,"*BBX","sancc001","","","63/G","T",1,0,1,0,0,"F"
0,0,1,0,"BX","","","","S8/G","T",0,1,0,0,0,"F"
0,0,3,2,".CBBFFBFFC","corrc001","","","K","T",1,0,1,0,0,"F"
0,1,0,2,"CS1S","corrc001","","","K","T",1,0,1,0,0,"F"
0,2,2,2,"CCBBFX","corrc001","","","S9/F-.1-2","T",0,1,2,0,0,"F"
0,2,3,2,"B*BBCC>X","brega001","corrc001","","43/G","T",1,0,1,2,0,"F"
1,0,0,1,"FX","","","","53/G","T",1,0,0,0,0,"F"
1,1,2,1,"BSBX","","","","7/F","T",1,0,0,0,0,"F"
1,2,3,1,"BBBCB","","","","W","T",0,1,0,0,0,"F"
1,2,2,2,"BCBFFB","castw002","","","WP.1-2","F",0,0,2,0,0,"F"
1,2,3,2,"BCBFFB.B","","castw002","","W","T",0,1,0,2,0,"F"
1,2,2,2,"CFF*BBS","davim005","castw002","","K","T",1,0,1,2,0,"F"
0,0,2,1,"BCBX","","","","S7/G","T",0,1,0,0,0,"F"
0,0,1,2,".BFCC","gonzm002","","","K","T",1,0,1,0,0,"F"
0,1,2,1,"BCBX","gonzm002","","","54(1)3/GDP","T",2,0,0,0,0,"F"
1,0,3,2,".....CCBFBBX","","","","43/G","T",1,0,0,0,0,"F"
1,1,1,2,"BCFFFX","","","","43/G","T",1,0,0,0,0,"F"
1,2,1,0,"BX","","","","3/P","T",1,0,0,0,0,"F"
0,0,0,2,".SCFX","","","","S6/G","T",0,1,0,0,0,"F"
0,0,0,0,"X","altuj001","","","2/P2F","T",1,0,1,0,0,"F"
0,1,2,2,"BFBSC","altuj001","","","K","T",1,0,1,0,0,"F"
0,2,1,0,"BX","altuj001","","","9/F","T",1,0,1,0,0,"F"
1,0,3,2,".BFFBBC","","","","K","T",1,0,0,0,0,"F"
1,1,1,0,"BX","","","","43/G","T",1,0,0,0,0,"F"
1,2,3,0,"BBBB","","","","W","T",0,1,0,0,0,"F"
1,2,3,1,"BFBBB","abrej003","","","W.1-2","T",0,1,2,0,0,"F"
1,2,3,1,"BCBBX","narvo001","abrej003","","63/G+","T",1,0,1,2,0,"F"
0,0,0,0,".X","","","","8/F","T",1,0,0,0,0,"F"
0,1,0,1,"CX","","","","63/G","T",1,0,0,0,0,"F"
0,2,2,2,"BBFFX","","","","4/P","T",1,0,0,0,0,"F"
1,0,2,2,".BBTCC","","","","K","T",1,0,0,0,0,"F"
1,1,3,2,"CBBBCC","","","","K","T",1,0,0,0,0,"F"
1,2,0,1,"FX","","","","53/G","T",1,0,0,0,0,"F"
0,0,0,2,"FFX","","","","43/G","T",1,0,0,0,0,"T"
0,1,3,1,"BFBBB","","","","W","T",0,1,0,0,0,"F"
0,1,1,1,"F*BX","altuj001","","","S7/L.1-2","T",0,1,2,0,0,"F"
0,1,2,2,"CSFB*BF>X","corrc001","altuj001","","7/F","T",1,0,1,2,0,"F"
0,2,3,0,"BBBB","corrc001","altuj001","","W.2-3;1-2","T",0,1,2,3,0,"F"
0,2,2,0,"BBX","brega001","corrc001","altuj001","6/P","T",1,0,1,2,3,"F"
1,0,1,2,"CBFFC","","","","K","T",1,0,0,0,0,"F"
1,1,1,2,"CBSX","","","","S5/G-","T",0,1,0,0,0,"F"
1,1,2,2,"CS*BF*BX","garca003","","","64(1)3/GDP","T",2,0,0,0,0,"F"
0,0,2,0,"BBX","","","","9/F","T",1,0,0,0,0,"F"
0,1,3,2,"BFBBCX","","","","53/G","T",1,0,0,0,0,"F"
0,2,0,0,"X","","","","63/G","T",1,0,0,0,0,"F"
1,0,0,0,"X","","","","9/F","T",1,0,0,0,0,"F"
1,1,1,1,"BCX","","","","5/P2F","T",1,0,0,0,0,"F"
1,2,0,0,"X","","","","D9/L+","T",0,2,0,0,0,"F"
1,2,3,2,"BBSBCFX","","davim005","","D9/G.2-H","T",0,2,0,4,0,"F"
1,2,0,1,"CX","","sancc001","","63/G","T",1,0,0,2,0,"F"
0,0,1,2,"CCBFX","","","","9/F","T",1,0,0,0,0,"F"
0,1,3,2,"BCCFFBBX","","","","63/G","T",1,0,0,0,0,"F"
0,2,2,2,"CFBBX","","","","S9/L","T",0,1,0,0,0,"F"
0,2,0,2,"1CSX","corrc001","","","7/F","T",1,0,1,0,0,"F"
1,0,0,0,"X","","","","63/G","T",1,0,0,0,0,"F"
1,1,3,2,"CBBBCB","","","","W","T",0,1,0,0,0,"F"
1,1,1,0,"BX","moncy001","","","S6/G+.1-2","T",0,1,2,0,0,"F"
1,1,0,0,"X","garca003","moncy001","","S9/L.2XH(92);1-3","T",1,1,3,0,0,"F"
1,2,0,0,"X","abrej003","","garca003","9/L","T",1,0,1,0,3,"F"
0,0,3,2,"CBBBCX","","","","S8/G","T",0,1,0,0,0,"F"
0,0,0,2,"F1CFX","brega001","","","43/G.1-2","T",1,0,2,0,0,"F"
0,1,2,2,"BSBFC","","brega001","","K","T",1,0,0,2,0,"F"
0,2,3,2,"BBBCCB","","brega001","","W","T",0,1,0,2,0,"F"
0,2,2,2,"CBCBB","stasm001","brega001","","WP.2-3;1-2","F",0,0,2,3,0,"F"
0,2,3,2,"CBCBB.S","","stasm001","brega001","K","T",1,0,0,2,3,"F"
1,0,1,0,"BH","","","","HP","T",0,1,0,0,0,"F"
1,0,2,2,"CCBBFX","castw002","","","64(1)3/GDP","T",2,0,0,0,0,"F"
1,2,0,1,"LX","","","","S7/L","T",0,1,0,0,0,"F"
1,2,1,0,"BX","sancc001","","","S8/L.1-2","T",0,1,2,0,0,"F"
1,2,3,2,"BSSFBB>X","andet001","sancc001","","31/G","T",1,0,1,2,0,"F"
0,0,1,1,"CBX","","","","D8/L+","T",0,2,0,0,0,"F"
0,0,2,1,"BCBX","","sprig001","","63/G.2-3","T",1,0,0,3,0,"F"
0,1,1,2,"FBFX","","","sprig001","9/L/SF.3-H","T",1,0,0,0,4,"F"
0,2,3,1,"CBBBB","","","","W","T",0,1,0,0,0,"F"
0,2,0,0,"X","reddj001","","","5/L","T",1,0,1,0,0,"F"
1,0,3,2,"CSFBBBC","","","","K","T",1,0,0,0,0,"F"
1,1,0,1,"CX","","","","53/G","T",1,0,0,0,0,"F"
1,2,3,2,"CBSBBX","","","","63/G","T",1,0,0,0,0,"F"
0,0,2,0,".BBX","","","","43/G","T",1,0,0,0,0,"F"
0,1,1,2,"SFBC","","","","K","T",1,0,0,0,0,"F"
0,2,0,0,"X","","","","5/P","T",1,0,0,0,0,"F"
1,0,2,2,"BBFFFX","","","","7/L","T",1,0,0,0,0,"F"
1,1,3,2,"SBBBSFX","","","","S8/G+","T",0,1,0,0,0,"F"
1,1,0,2,"CSS","castw002","","","K","T",1,0,1,0,0,"F"
1,2,0,0,"H","castw002","","","HP.1-2","T",0,1,2,0,0,"F"
1,2,3,1,"BBBFX","sancc001","castw002","","64(1)/FO/G","T",1,1,0,2,0,"F"
0,0,2,2,"..FCBBFX","","","","S8/L-","T",0,1,0,0,0,"F"
0,0,1,1,".FBB","marij002","","","WP.1-2","F",0,0,2,0,0,"F"
0,0,2,1,".FBB.B","","marij002","","PB.2-3","F",0,0,0,3,0,"F"
0,0,3,2,".FBB.B.CFB","","","marij002","W","T",0,1,0,0,3,"F"
0,0,3,1,"BB1BC1X","sprig001","","marij002","S8/L.3-H;1-3","T",0,1,3,0,4,"F"
0,0,3,0,"BBBB","altuj001","","sprig001","W.1-2","T",0,1,2,0,3,"F"
0,0,1,2,"CF*BS","corrc001","altuj001","sprig001","K","T",1,0,1,2,3,"F"
0,1,2,2,"BBFFX","corrc001","altuj001","sprig001","S7/L.3-H;2-3;1-2","T",0,1,2,3,4,"F"
0,1,0,0,".X","brega001","corrc001","altuj001","DGR/78/L.3-H;2-H;1-3","T",0,2,3,4,4,"F"
0,1,3,0,"BBBX","","gonzm002","brega001","FC6/G.3-H","T",0,1,0,2,4,"F"
0,1,0,1,"SX","gatte001","gonzm002","","9/F","T",1,0,1,2,0,"F"
0,2,1,2,"BSCFS","gatte001","gonzm002","","K","T",1,0,1,2,0,"F"
1,0,1,2,"....CSBFS","","","","K","T",1,0,0,0,0,"F"
1,1,1,1,"BFX","","","","S49/G","T",0,1,0,0,0,"F"
1,1,2,1,"FBBX","moncy001","","","54(1)3/GDP","T",2,0,0,0,0,"F"
0,0,0,0,".X","","","","63/G","T",1,0,0,0,0,"F"
0,1,0,0,"X","","","","9/F","T",1,0,0,0,0,"F"
0,2,3,2,"BCBCFBB","","","","W","T",0,1,0,0,0,"F"
0,2,2,2,"CBBCX","corrc001","","","7/F","T",1,0,1,0,0,"F"
1,0,0,0,".X","","","","9/F","T",1,0,0,0,0,"F"
1,1,2,2,"CBFFBFX","","","","3/G","T",1,0,0,0,0,"F"
1,2,2,2,"CCBBC","","","","K","T",1,0,0,0,0,"F"
0,0,0,2,".FCX","","","","3/G","T",1,0,0,0,0,"F"
0,1,1,2,"FSBS","","","","K","T",1,0,0,0,0,"F"
0,2,0,2,"FFFX","","","","HR/7/F","T",0,4,0,0,0,"F"
0,2,0,1,"SX","","","","S5/G-","T",0,1,0,0,0,"F"
0,2,1,2,"BCFFFS","stasm001","","","K","T",1,0,1,0,0,"F"
1,0,1,2,".CFBX","","","","63/G","T",1,0,0,0,0,"F"
1,1,3,2,"BCBCFBB","","","","W","T",0,1,0,0,0,"F"
1,1,1,2,"C*BSFX","sancc001","","","64(1)3/GDP","T",2,0,0,0,0,"F"
0,0,2,2,"FBFBX","","","","8/L","T",1,0,0,0,0,"T"
0,1,2,0,"BBX","","","","D8/L+","T",0,2,0,0,0,"F"
0,1,0,1,"CX","","seguj002","","FC1/G.2X3(165)","T",1,1,0,0,0,"F"
0,2,3,1,"BFB*BX","canor001","","","8/F","T",1,0,1,0,0,"F"
1,0,1,0,"BX","","","","T89/L+","T",0,3,0,0,0,"F"
1,0,2,1,"BBFX","","","moncy001","S9/L.3-H","T",0,1,0,0,4,"F"
1,0,0,2,"CF11","garca003","","","PO1(13)","F",1,0,0,0,0,"F"
1,1,1,2,"CF11.BX","","","","S7/G","T",0,1,0,0,0,"F"
1,1,1,0,"BX","abrej003","","","S9/G+.1-2","T",0,1,2,0,0,"F"
1,1,0,0,"X","delmn001","abrej003","","S7/L.2-H;1-3","T",0,1,3,4,0,"F"
1,1,0,2,"CCB","castw002","","delmn001","WP.3-H(NR);1-2","F",0,0,2,0,4,"F"
1,1,1,2,"CCB.X","","castw002","","S9/L.2-H","T",0,1,0,4,0,"F"
1,1,1,1,"BFX","sancc001","","","D7/L+.1-H","T",0,2,4,0,0,"F"
1,1,1,0,"BX","","davim005","","9/F.2-3","T",1,0,0,3,0,"F"
1,2,0,1,"CX","","","davim005","53/G","T",1,0,0,0,3,"F"
0,0,1,2,"CCBS","","","","K","T",1,0,0,0,0,"F"
0,1,1,0,"BX","","","","9/F","T",1,0,0,0,0,"F"
0,2,2,2,"CBBCX","","","","3/G","T",1,0,0,0,0,"F"
1,0,0,0,"X","","","","D9/L+","T",0,2,0,0,0,"F"
1,0,1,2,"FFBFX","","moncy001","","53/G","T",1,0,0,2,0,"F"
1,1,1,0,"BX","","moncy001","","HR/7/F.2-H","T",0,4,0,4,0,"F"
1,1,0,0,"X","","","","63/G","T",1,0,0,0,0,"F"
1,2,0,0,"X","","","","63/G","T",1,0,0,0,0,"F"
0,0,2,2,".BCFBX","","","","9/F","T",1,0,0,0,0,"F"
0,1,3,1,"BFBBX","","","","63/G","T",1,0,0,0,0,"F"
0,2,3,2,"CBBCBX","","","","7/L7LF","T",1,0,0,0,0,"F"
1,0,0,1,"CX","","","","8/F","T",1,0,0,0,0,"F"
1,1,2,2,"BCBFFX","","","","13/G","T",1,0,0,0,0,"F"
1,2,2,1,"BBSX","","","","T787/L+","T",0,3,0,0,0,"F"
1,2,1,2,"CBCS","","","andet001","K23","T",1,0,0,0,3,"F"
0,0,3,1,".BBFBX","","","","2/P2F","T",1,0,0,0,0,"F"
0,1,1,1,"CBX","","","","43/G","T",1,0,0,0,0,"F"
0,2,3,2,"BCFBBX","","","","8/F","T",1,0,0,0,0,"F"
1,0,1,2,"CBCFX","","","","HR/89/F","T",0,4,0,0,0,"F"
1,0,1,2,"BCFX","","","","8/F","T",1,0,0,0,0,"F"
1,1,3,2,"CBFBBX","","","","S7/G+","T",0,1,0,0,0,"F"
1,1,0,2,".SFS","abrej003","","","K","T",1,0,1,0,0,"F"
1,2,1,2,"CCFBC","abrej003","","","K","T",1,0,1,0,0,"F"
0,0,0,0,"X","","","","8/F","T",1,0,0,0,0,"F"
0,1,1,2,"BCCX","","","","D7/G","T",0,2,0,0,0,"F"
0,1,1,2,"CBCC","","hanim001","","K","T",1,0,0,2,0,"F"
0,2,1,1,"CBX","","hanim001","","HR/78/F.2-H","T",0,4,0,4,0,"F"
0,2,3,2,"BFBFFFBX","","","","8/F","T",1,0,0,0,0,"F"
1,0,0,1,"CX","","","","S8/L+","T",0,1,0,0,0,"F"
1,0,2,2,"CSFBBC","sancc001","","","K","T",1,0,1,0,0,"F"
1,1,0,1,"S1>S","sancc001","","","SB2","F",0,0,2,0,0,"F"
1,1,0,2,"S1>S.X","","sancc001","","53/G-","T",1,0,0,2,0,"F"
1,2,0,0,"X","","sancc001","","S7/L+.2-H","T",0,1,0,4,0,"F"
1,2,0,2,"C11S>B","engea001","","","SB2","F",0,0,2,0,0,"F"
1,2,3,2,"C11S>B.BBC","","engea001","","K","T",1,0,0,2,0,"F"
0,0,1,2,"CBFX","","","","43/G","T",1,0,0,0,0,"F"
0,1,3,2,"CBBFBB","","","","W","T",0,1,0,0,0,"F"
0,1,0,1,"SX","seguj002","","","5/P5F","T",1,0,1,0,0,"F"
0,2,2,2,"CFBBC","seguj002","","","K","T",1,0,1,0,0,"F"
1,0,2,2,"CFBBC","","","","K","T",1,0,0,0,0,"F"
1,1,3,2,"CSBBBX","","","","HR/78/F","T",0,4,0,0,0,"F"
1,1,0,2,"FFX","","","","8/F","T",1,0,0,0,0,"F"
1,2,0,1,"FX","","","","S7/G","T",0,1,0,0,0,"F"
1,2,2,2,"FFBBX","castw002","","","4(1)/FO/G","T",1,1,0,0,0,"F"
0,0,1,2,".CBFFX","","","","9/L+","T",1,0,0,0,0,"F"
0,1,0,0,"X","","","","HR/78/F","T",0,4,0,0,0,"F"
0,1,0,0,"X","","","","S7/G-","T",0,1,0,0,0,"F"
0,1,1,2,"CFF*BX","voged001","","","S7/G+.1-2","T",0,1,2,0,0,"F"
0,1,3,0,"*BBBN","zunim001","voged001","","OA/DP.2X3(235);1X2(56)","F",2,0,0,0,0,"F"
1,0,1,2,"SFBX","","","","63/G","T",1,0,0,0,0,"F"
1,1,2,1,"BFBX","","","","S7/L+","T",0,1,0,0,0,"F"
1,1,1,2,"FFBS","andet001","","","K","T",1,0,1,0,0,"F"
1,2,0,1,"CX","andet001","","","7/F","T",1,0,1,0,0,"F"
0,0,1,1,"BSX","","","","D9/F","T",0,2,0,0,0,"F"
0,0,1,2,"CBCX","","gameb001","","63/G.2-3","T",1,0,0,3,0,"F"
0,1,1,1,"BFX","","","gameb001","9/F/SF.3-H","T",1,0,0,0,4,"F"
0,2,0,0,"X","","","","S7/G","T",0,1,0,0,0,"F"
0,2,0,0,"X","canor001","","","53/G","T",1,0,1,0,0,"F"
1,0,3,1,"FBBBX","","","","D7/G","T",0,2,0,0,0,"F"
1,0,0,1,"SX","","thomt002","","7/L","T",1,0,0,2,0,"F"
1,1,1,0,"BX","","thomt002","","43/G.2-3","T",1,0,0,3,0,"F"
1,2,0,0,"X","","","thomt002","7/F+","T",1,0,0,0,3,"F"
0,0,2,1,"CBBX","","","","D9/L+","T",0,2,0,0,0,"F"
0,0,1,2,"CBFX","","seagk001","","9/F","T",1,0,0,2,0,"F"
0,1,2,2,"*BBCSFX","","seagk001","","2/P2F","T",1,0,0,2,0,"F"
0,2,1,2,"FBFFS","","seagk001","","K","T",1,0,0,2,0,"F"
0,0,1,0,"BX","","","","3/G","T",1,0,0,0,0,"T"
0,1,2,2,"CLFBBC","","","","K","T",1,0,0,0,0,"F"
0,2,1,2,"CBCX","","","","S9/G","T",0,1,0,0,0,"F"
0,2,0,1,"CX","canor001","","","8/F+","T",1,0,1,0,0,"F"
1,0,1,0,"BX","","","","S7/L","T",0,1,0,0,0,"F"
1,0,1,2,"CC*B1X","andet001","","","S7/G.1-2","T",0,1,2,0,0,"F"
1,0,0,1,"C2","sancc001","andet001","","POCS3(145365)","F",1,0,1,0,0,"F"
1,1,1,2,"C2.FBFX","sancc001","","","54(1)3/GDP","T",2,0,0,0,0,"F"
0,0,2,2,"CBFBFX","","","","63/G","T",1,0,0,0,0,"F"
0,1,1,2,"CBCS","","","","K","T",1,0,0,0,0,"F"
0,2,2,2,"CBFBS","","","","K","T",1,0,0,0,0,"F"
1,0,2,2,"BBCSFX","","","","7/L","T",1,0,0,0,0,"F"
1,1,1,2,"CFBS","","","","K+WP.B-1","T",0,1,0,0,0,"F"
1,1,3,1,"BBBCB","davim005","","","W.1-2","T",0,1,2,0,0,"F"
1,1,0,2,"CCC","moncy001","davim005","","K","T",1,0,1,2,0,"F"
1,2,1,2,"SBTS","moncy001","davim005","","K","T",1,0,1,2,0,"F"
0,0,1,2,"CSBX","","","","63/G","T",1,0,0,0,0,"F"
0,1,3,1,"BBCBX","","","","43/G","T",1,0,0,0,0,"F"
0,2,1,1,"FBH","","","","HP","T",0,1,0,0,0,"F"
0,2,1,2,"1CF1*BX","gordd002","","","63/G","T",1,0,1,0,0,"F"
1,0,0,1,"CX","","","","31/G-","T",1,0,0,0,0,"F"
1,1,3,2,"BBCBCX","","","","2/P2F","T",1,0,0,0,0,"F"
1,2,1,0,"BX","","","","9/F","T",1,0,0,0,0,"F"
0,0,1,1,"BCX","","","","43/G","T",1,0,0,0,0,"F"
0,1,1,1,"FBX","","","","8/F","T",1,0,0,0,0,"F"
0,2,3,2,"FBFBFBX","","","","D8/F","T",0,2,0,0,0,"F"
0,2,0,2,"FCX","","seagk001","","S8/G.2-H","T",0,1,0,4,0,"F"
0,2,1,0,"BX","hanim001","","","23/G-","T",1,0,1,0,0,"F"
1,0,0,2,"CCX","","","","13/G","T",1,0,0,0,0,"F"
1,1,0,1,"CX","","","","E5/G","T",0,1,0,0,0,"F"
1,1,1,2,"T*BCFFFS","castw002","","","K","T",1,0,1,0,0,"F"
1,2,1,2,"CC*BX","castw002","","","53/G-","T",1,0,1,0,0,"F"
0,0,1,1,"BFX","","","","9/F","T",1,0,0,0,0,"F"
0,1,3,2,".BCBCBFB","","","","W","T",0,1,0,0,0,"F"
0,1,1,1,"CBX","voged001","","","56(1)/FO/G","T",1,1,0,0,0,"F"
0,2,0,1,"C1","gordd002","","","POCS2(13)","F",1,0,0,0,0,"F"
1,0,0,0,"X","","","","63/G","T",1,0,0,0,0,"F"
1,1,2,2,"CCBBC","","","","K","T",1,0,0,0,0,"F"
1,2,1,2,"CSBX","","","","E5/G","T",0,1,0,0,0,"F"
1,2,1,0,"B1>B","engea001","","","CS2(24)","F",1,0,0,0,0,"F"
0,0,1,2,"CFFBFX","","","","6/P","T",1,0,0,0,0,"F"
0,1,2,2,"CSBBX","","","","8/F+","T",1,0,0,0,0,"F"
0,2,1,2,"SBFX","","","","63/G","T",1,0,0,0,0,"F"
1,0,0,0,"X","","","","S9/L","T",0,1,0,0,0,"F"
1,0,2,2,"BC11BFS","andet001","","","K","T",1,0,1,0,0,"F"
1,1,0,2,"F1SFS","andet001","","","K","T",1,0,1,0,0,"F"
1,2,0,2,"FFX","andet001","","","S7/L+.1-3","T",0,1,3,0,0,"F"
1,2,0,2,"SSC","castw002","","andet001","K","T",1,0,1,0,3,"F"
0,0,3,2,".CBSFBBX","","","","S8/L","T",0,1,0,0,0,"F"
0,0,2,2,"BBFFS","seagk001","","","K","T",1,0,1,0,0,"F"
0,1,0,1,"1CX","seagk001","","","S8/G.1-2","T",0,1,2,0,0,"F"
0,1,1,0,"BX","gameb001","seagk001","","4/P","T",1,0,1,2,0,"F"
0,2,0,2,"CCX","gameb001","seagk001","","E4/G.2-3;1-2","T",0,1,2,3,0,"F"
0,2,0,2,"SFX","voged001","gameb001","seagk001","53/G","T",1,0,1,2,3,"F"
1,0,0,1,"CX","","","","D7/L+","T",0,2,0,0,0,"F"
1,0,0,2,"..SSS","","moncy001","","K","T",1,0,0,2,0,"F"
1,1,0,0,"X","","moncy001","","5/P5F","T",1,0,0,2,0,"F"
1,2,0,0,"..X","","moncy001","","63/G","T",1,0,0,2,0,"F"
0,0,1,2,"..CBFFX","","","","9/F","T",1,0,0,0,0,"F"
0,1,2,2,"FBFFBX","","","","7/L","T",1,0,0,0,0,"F"
0,2,1,0,".BX","","","","13/G","T",1,0,0,0,0,"F"
1,0,0,2,".SCFS","","","","K","T",1,0,0,0,0,"F"
1,1,1,2,"SCFFFBFFFX","","","","9/F","T",1,0,0,0,0,"F"
1,2,0,0,"X","","","","2/P2F","T",1,0,0,0,0,"F"
0,0,2,0,"BBX","","","","8/F","T",1,0,0,0,0,"F"
0,1,2,2,"CBSFBC","","","","K","T",1,0,0,0,0,"F"
0,2,2,2,"CBCBX","","","","3/G","T",1,0,0,0,0,"F"
1,0,1,1,".CBX","","","","53/G","T",1,0,0,0,0,"F"
1,1,1,2,"CBSS","","","","K","T",1,0,0,0,0,"F"
1,2,1,2,"SSBS","","","","K","T",1,0,0,0,0,"F"
0,0,1,2,"CCFFBFC","","","","K","T",1,0,0,0,0,"T"
0,1,0,0,"X","","","","6/L","T",1,0,0,0,0,"F"
0,2,3,2,"BBBCCB","","","","W","T",0,1,0,0,0,"F"
0,2,3,2,"BBCSFB>F>X","canor001","","","8/F","T",1,0,1,0,0,"F"
1,0,0,0,"X","","","","HR/9/F","T",0,4,0,0,0,"F"
1,0,0,0,"X","","","","DGR/89/L","T",0,2,0,0,0,"F"
1,0,1,0,"BX","","sancc001","","3/P","T",1,0,0,2,0,"F"
1,1,0,2,"CF>B","","sancc001","","SB3","F",0,0,0,3,0,"F"
1,1,3,2,"CF>B.BBF*B","","","sancc001","W","T",0,1,0,0,3,"F"
1,1,1,1,"BCX","delmn001","","sancc001","S7/L.3-H;1-2","T",0,1,2,0,4,"F"
1,1,0,0,"X","andet001","delmn001","","7/F","T",1,0,1,2,0,"F"
1,2,2,2,"C*BSBS","andet001","delmn001","","K","T",1,0,1,2,0,"F"
0,0,2,0,"BBX","","","","43/G","T",1,0,0,0,0,"F"
0,1,2,2,"CBSBX","","","","9/F","T",1,0,0,0,0,"F"
0,2,0,2,"CSS","","","","K/BINT","T",1,0,0,0,0,"F"
1,0,0,1,"CX","","","","43/G","T",1,0,0,0,0,"F"
1,1,2,2,"FFBBFX","","","","53/G","T",1,0,0,0,0,"F"
1,2,1,2,"CFBC","","","","K","T",1,0,0,0,0,"F"
0,0,0,2,"SSFX","","","","D7/G","T",0,2,0,0,0,"F"
0,0,1,1,"C*BX","","zunim001","","4/L+","T",1,0,0,2,0,"F"
0,1,0,1,"SX","","zunim001","","9/L.2-3","T",1,0,0,3,0,"F"
0,2,2,0,"BBX","","","zunim001","S7/L+.3-H;B-2(E7)","T",0,2,0,0,4,"F"
0,2,3,0,"BBBB","","seguj002","","W","T",0,1,0,2,0,"F"
0,2,3,2,"FBF*B*B>X","canor001","seguj002","","S9/G.2-H;1-3","T",0,1,3,4,0,"F"
0,2,1,2,"CSBS","cruzn002","","canor001","K","T",1,0,1,0,3,"F"
1,0,0,1,"CX","","","","S8/L","T",0,1,0,0,0,"F"
1,0,3,2,"BS*B1F*B>X","sancc001","","","7/F","T",1,0,1,0,0,"F"
1,1,1,0,"BX","sancc001","","","S7/L+.1-2","T",0,1,2,0,0,"F"
1,1,0,1,"F2X","delmn001","sancc001","","S7/L.2-3;1-2","T",0,1,2,3,0,"F"
1,1,0,2,"CFX","andet001","delmn001","sancc001","1/G-.3-H;2-3;1-2","T",1,0,2,3,4,"F"
1,2,2,2,"CBBFFFX","","andet001","delmn001","9/L","T",1,0,0,2,3,"F"
0,0,2,2,".CBSFFBS","","","","K","T",1,0,0,0,0,"F"
0,1,1,2,"BSSX","","","","6/P","T",1,0,0,0,0,"F"
0,2,1,1,"FBX","","","","43/G","T",1,0,0,0,0,"F"
1,0,0,0,"X","","","","7/L","T",1,0,0,0,0,"F"
1,1,3,2,"BCBBFC","","","","K","T",1,0,0,0,0,"F"
1,2,1,2,"CFBS","","","","K","T",1,0,0,0,0,"F"
0,0,3,0,"BBBB","","","","W","T",0,1,0,0,0,"F"
0,0,0,0,"X","voged001","","","S3/BG.1-2","T",0,1,2,0,0,"F"
0,0,0,0,"X","gordd002","voged001","","8/F.2-3","T",1,0,1,3,0,"F"
0,1,1,0,"11BX","gordd002","","voged001","6/P","T",1,0,1,0,3,"F"
0,2,1,0,"BX","gordd002","","voged001","S8/G.3-H;1-2","T",0,1,2,0,4,"F"
0,2,3,0,"B*BBB","cruzn002","gordd002","","W.2-3;1-2","T",0,1,2,3,0,"F"
0,2,0,1,"CX","seagk001","cruzn002","gordd002","9/F","T",1,0,1,2,3,"F"
1,0,0,2,"CCFC","","","","K","T",1,0,0,0,0,"F"
1,1,1,1,"BCX","","","","S7/L","T",0,1,0,0,0,"F"
1,1,3,2,"BBCCBF>B","davim005","","","W.1-2","T",0,1,2,0,0,"F"
1,1,2,2,"CBFBX","delmn001","davim005","","64(1)3/GDP","T",2,0,0,2,0,"F"
0,0,0,1,"CX","","","","8/L+","T",1,0,0,0,0,"F"
0,1,3,2,"CFFBBFFBX","","","","HR/9/F","T",0,4,0,0,0,"F"
0,1,1,2,"CCBX","","","","8/F","T",1,0,0,0,0,"F"
0,2,2,1,"SBBX","","","","7/F","T",1,0,0,0,0,"F"
1,0,0,0,"X","","","","3/P","T",1,0,0,0,0,"F"
1,1,3,2,"BBBCFX","","","","6/P","T",1,0,0,0,0,"F"
1,2,1,2,"CCBS","","","","K23","T",1,0,0,0,0,"F"
0,0,2,1,".CBBX","","","","S6/G","T",0,1,0,0,0,"F"
0,0,2,0,"1BB>B","seguj002","","","SB2","F",0,0,2,0,0,"F"
0,0,3,0,"1BB>B.B","","seguj002","","W","T",0,1,0,2,0,"F"
0,0,1,1,"BC2","canor001","seguj002","","PO2(14)","F",1,0,1,0,0,"F"
0,1,1,1,"BC2.X","canor001","","","D7/L.1-3","T",0,2,3,0,0,"F"
0,1,3,0,"VVVV","","cruzn002","canor001","IW","T",0,1,0,2,3,"F"
0,1,3,1,"BBCBX","seagk001","cruzn002","canor001","9/L","T",1,0,1,2,3,"F"
0,2,1,2,".CSBT","seagk001","cruzn002","canor001","K","T",1,0,1,2,3,"F"
1,0,0,0,"..X","","","","9/L","T",1,0,0,0,0,"F"
1,1,0,2,"FFC","","","","K","T",1,0,0,0,0,"F"
1,2,3,2,"BFBBSX","","","","43/G","T",1,0,0,0,0,"F"
0,0,1,2,".CBSS","","","","K","T",1,0,0,0,0,"F"
0,1,0,0,"X","","","","7/L","T",1,0,0,0,0,"F"
0,2,3,2,"CBBCFBFS","","","","K","T",1,0,0,0,0,"F"
1,0,3,2,".BFBBSS","","","","K","T",1,0,0,0,0,"F"
1,1,1,2,"BFSFS","","","","K","T",1,0,0,0,0,"F"
1,2,2,2,"BFFBS","","","","K","T",1,0,0,0,0,"F"
0,0,1,0,".BX","","","","5/P","T",1,0,0,0,0,"F"
0,1,3,2,"BBCCBX","","","","E5/TH","T",0,1,0,0,0,"F"
0,1,1,1,"BCX","canor001","","","8/L","T",1,0,1,0,0,"F"
0,2,1,2,"BCFX","canor001","","","5/P5F","T",1,0,1,0,0,"F"
1,0,3,2,".BBFSFFBS","","","","K","T",1,0,0,0,0,"F"
1,1,2,2,"BSSFBX","","","","6/P","T",1,0,0,0,0,"F"
1,2,2,2,"CFBBFC","","","","K","T",1,0,0,0,0,"F"
0,0,0,1,"CX","","","","5/P","T",1,0,0,0,0,"T"
0,1,2,1,"CBBX","","","","31/G","T",1,0,0,0,0,"F"
0,2,2,1,"SBBX","","","","8/F","T",1,0,0,0,0,"F"
1,0,1,1,"CBX","","","","7/F","T",1,0,0,0,0,"F"
1,1,1,2,"SCBFS","","","","K","T",1,0,0,0,0,"F"
1,2,2,1,"CBBX","","","","6/P","T",1,0,0,0,0,"F"
0,0,0,2,"FFX","","","","8/F","T",1,0,0,0,0,"F"
0,1,1,0,"BX","","","","3/G","T",1,0,0,0,0,"F"
0,2,0,1,"CX","","","","31/G","T",1,0,0,0,0,"F"
1,0,2,2,"SFBFBS","","","","K","T",1,0,0,0,0,"F"
1,1,2,2,"FSBBX","","","","S7/L+","T",0,1,0,0,0,"F"
1,1,2,2,"BBSCFFF1S","davim005","","","K","T",1,0,1,0,0,"F"
1,2,2,2,"CBBCX","davim005","","","7/F","T",1,0,1,0,0,"F"
0,0,3,1,"BSBBX","","","","D7/F","T",0,2,0,0,0,"F"
0,0,0,1,"CX","","morrl001","","S9/L.2-3","T",0,1,0,3,0,"F"
0,0,0,1,"C1B","petig001","","morrl001","PB.3-H(NR);1-2","F",0,0,2,0,4,"F"
0,0,1,1,"C1B.B","","petig001","","PB.2-3","F",0,0,0,3,0,"F"
0,0,2,1,"C1B.B.X","","","petig001","9/L/SF.3-H(UR)","T",1,0,0,0,5,"F"
0,1,0,0,"X","","","","53/G","T",1,0,0,0,0,"F"
0,2,2,1,"BCBX","","","","63/G","T",1,0,0,0,0,"F"
1,0,3,2,"BBBCCC","","","","K","T",1,0,0,0,0,"F"
1,1,3,2,"BBCBFB","","","","W","T",0,1,0,0,0,"F"
1,1,1,0,"B11>B","engea001","","","SB2.1-3(E6)","F",0,0,3,0,0,"F"
1,1,3,1,"B11>B.BCX","","","engea001","63/G.3-H(UR)","T",1,0,0,0,5,"F"
1,2,2,2,"BBFSC","","","","K","T",1,0,0,0,0,"F"
0,0,1,0,"BX","","","","9/F+","T",1,0,0,0,0,"F"
0,1,3,0,"BBBB","","","","W","T",0,1,0,0,0,"F"
0,1,0,0,"X","escoe001","","","D8/L+.1-H","T",0,2,4,0,0,"F"
0,1,2,1,"B22*BFX","","rosae001","","6/P","T",1,0,0,2,0,"F"
0,2,1,0,"BX","","rosae001","","HR/9/F.2-H","T",0,4,0,4,0,"F"
0,2,1,2,"CBSX","","","","S9/L-","T",0,1,0,0,0,"F"
0,2,3,2,"CBBB1C>B","petig001","","","W.1-2","T",0,1,2,0,0,"F"
0,2,2,1,"BCBX","castj006","petig001","","2/P2F","T",1,0,1,2,0,"F"
1,0,0,1,"CX","","","","8/F+","T",1,0,0,0,0,"F"
1,1,1,2,"SSBX","","","","S6/G","T",0,1,0,0,0,"F"
1,1,2,2,"CBSBS","delmn001","","","K","T",1,0,1,0,0,"F"
1,2,0,0,"X","delmn001","","","HR/89/F.1-H","T",0,4,4,0,0,"F"
1,2,1,2,"SSBFFS","","","","K","T",1,0,0,0,0,"F"
0,0,0,2,"CFX","","","","8/L","T",1,0,0,0,0,"F"
0,1,1,1,"BFX","","","","9/F","T",1,0,0,0,0,"F"
0,2,0,1,"CX","","","","53/G-","T",1,0,0,0,0,"F"
1,0,0,0,"X","","","","D9/G+","T",0,2,0,0,0,"F"
1,0,1,0,"BX","","narvo001","","53/BG/SH.2-3","T",1,0,0,3,0,"F"
1,1,2,1,"BCBX","","","narvo001","S9/L+.3-H","T",0,1,0,0,4,"F"
1,1,1,2,"1F1BC1F>T","sancc001","","","K+CS2(24)/DP","T",2,0,0,0,0,"F"
0,0,0,1,"CX","","","","5/P","T",1,0,0,0,0,"F"
0,1,1,2,"CFBX","","","","7/F","T",1,0,0,0,0,"F"
0,2,2,2,"BFBFX","","","","S9/L","T",0,1,0,0,0,"F"
0,2,0,0,"X","morrl001","","","9/L","T",1,0,1,0,0,"F"
1,0,3,1,"BCBBB","","","","W","T",0,1,0,0,0,"F"
1,0,3,2,"BCB*BFX","abrej003","","","5/P5F","T",1,0,1,0,0,"F"
1,1,2,2,"FSFBFBX","abrej003","","","D9/L+.1-H(UR)(E9)","T",0,2,5,0,0,"F"
1,1,1,2,".CS*BC","","davim005","","K","T",1,0,0,2,0,"F"
1,2,2,2,"BSCFBFT","","davim005","","K","T",1,0,0,2,0,"F"
0,0,0,0,"X","","","","4/L","T",1,0,0,0,0,"F"
0,1,1,0,"BX","","","","8/L+","T",1,0,0,0,0,"F"
0,2,3,1,".BBCBX","","","","S8/L","T",0,1,0,0,0,"F"
0,2,1,2,"CBFS","mauej001","","","K","T",1,0,1,0,0,"F"
1,0,0,1,"FX","","","","63/G","T",1,0,0,0,0,"F"
1,1,0,0,"X","","","","7/F","T",1,0,0,0,0,"F"
1,2,0,2,"CFS","","","","K","T",1,0,0,0,0,"F"
0,0,2,1,"BFBX","","","","5/L","T",1,0,0,0,0,"F"
0,1,3,2,"BFBFBS","","","","K","T",1,0,0,0,0,"F"
0,2,3,2,".BBFFBX","","","","163/G","T",1,0,0,0,0,"F"
1,0,1,2,".BSSS","","","","K23","T",1,0,0,0,0,"F"
1,1,2,2,"BFBSS","","","","K23","T",1,0,0,0,0,"F"
1,2,0,1,"CH","","","","HP","T",0,1,0,0,0,"F"
1,2,1,1,"BC>B","delmn001","","","CS2(24)","F",1,0,0,0,0,"F"
0,0,2,0,".BBX","","","","5/P","T",1,0,0,0,0,"F"
0,1,2,2,"CCBBFC","","","","K","T",1,0,0,0,0,"F"
0,2,2,2,"BCFBH","","","","HP","T",0,1,0,0,0,"F"
0,2,1,1,".BFX","castj006","","","63/G","T",1,0,1,0,0,"F"
1,0,1,2,".BFFC","","","","K","T",1,0,0,0,0,"F"
1,1,1,1,"SBX","","","","8/F","T",1,0,0,0,0,"F"
1,2,3,1,"BSBBX","","","","HR/7/F","T",0,4,0,0,0,"F"
0,0,0,1,"CX","","","","63/G+","T",1,0,0,0,0,"T"
0,1,2,2,"CSBBFFFX","","","","T9/L","T",0,3,0,0,0,"F"
0,1,1,1,"BFX","","","dozib001","3/G","T",1,0,0,0,3,"F"
0,2,1,2,"FBSFFX","","","dozib001","5/P5F","T",1,0,0,0,3,"F"
1,0,0,0,"X","","","","7/F+","T",1,0,0,0,0,"F"
1,1,0,2,"CCFX","","","","S1/BG","T",0,1,0,0,0,"F"
1,1,2,2,"F11FFP+11*BX","sancc001","","","HR/8/L+.1-H","T",0,4,4,0,0,"F"
1,1,2,2,"CBBSX","","","","6/P","T",1,0,0,0,0,"F"
1,2,1,1,"BFX","","","","S8/L","T",0,1,0,0,0,"F"
1,2,0,2,"CCS","davim005","","","K","T",1,0,1,0,0,"F"
0,0,1,1,"CBX","","","","HR/9/F+","T",0,4,0,0,0,"F"
0,0,0,2,"CFX","","","","9/F","T",1,0,0,0,0,"F"
0,1,2,0,"BBX","","","","S8/L","T",0,1,0,0,0,"F"
0,1,1,2,"C11F>FBS","adrie001","","","K","T",1,0,1,0,0,"F"
0,2,0,1,"1F1B","adrie001","","","PB.1-2","F",0,0,2,0,0,"F"
0,2,3,1,"1F1B.B*BX","","adrie001","","S8/L.2-H(UR)","T",0,1,0,5,0,"F"
0,2,0,2,"CFS","lamar001","","","K","T",1,0,1,0,0,"F"
1,0,0,1,"FX","","","","41/G","T",1,0,0,0,0,"F"
1,1,2,2,"CBFBFX","","","","3/L","T",1,0,0,0,0,"F"
1,2,2,1,"BBFX","","","","5/P","T",1,0,0,0,0,"F"
0,0,2,1,"BBCX","","","","HR/78/F+","T",0,4,0,0,0,"F"
0,0,2,2,"CBBFFS","","","","K","T",1,0,0,0,0,"F"
0,1,1,2,"CBFX","","","","6/L","T",1,0,0,0,0,"F"
0,2,0,2,"FFX","","","","HR/89/F+","T",0,4,0,0,0,"F"
0,2,1,1,"BSX","","","","HR/8/F+","T",0,4,0,0,0,"F"
0,2,2,2,"BBFFS","","","","K","T",1,0,0,0,0,"F"
1,0,1,2,"BFFS","","","","K","T",1,0,0,0,0,"F"
1,1,0,2,"CSFX","","","","T9/L","T",0,3,0,0,0,"F"
1,1,1,1,"BFX","","","sancc001","43/G+.3-H","T",1,0,0,0,4,"F"
1,2,0,2,"FSX","","","","63/G","T",1,0,0,0,0,"F"
0,0,3,0,"BBBB","","","","W","T",0,1,0,0,0,"F"
0,0,3,1,"CB*BBB","castj006","","","W.1-2","T",0,1,2,0,0,"F"
0,0,3,2,"BBBCCS","lamar001","castj006","","K","T",1,0,1,2,0,"F"
0,1,2,2,"CC*BBS","lamar001","castj006","","K","T",1,0,1,2,0,"F"
0,2,0,1,".FX","lamar001","castj006","","S8/L.2XH(82);1-2(TH)","T",1,1,2,0,0,"F"
1,0,2,2,"CBSBFX","","","","43/G","T",1,0,0,0,0,"F"
1,1,1,2,"FSBX","","","","3/G","T",1,0,0,0,0,"F"
1,2,1,1,"SBX","","","","HR/7/F","T",0,4,0,0,0,"F"
1,2,1,1,"FBX","","","","53/G","T",1,0,0,0,0,"F"
0,0,0,0,"X","","","","D8/G+","T",0,2,0,0,0,"F"
0,0,3,2,"CBBS*BX","","rosae001","","D9/G+.2-H","T",0,2,0,4,0,"F"
0,0,0,0,"X","","escoe001","","63/G.2-3","T",1,0,0,3,0,"F"
0,1,1,1,"CB>M","","","escoe001","POCSH(25)","F",1,0,0,0,0,"F"
0,2,3,2,"CB>M.BFBFFS","","","","K","T",1,0,0,0,0,"F"
1,0,0,2,"CTX","","","","8/L","T",1,0,0,0,0,"F"
1,1,3,1,"BBFBB","","","","W","T",0,1,0,0,0,"F"
1,1,1,1,"BS1>X","moncy001","","","8/F","T",1,0,1,0,0,"F"
1,2,0,2,".FFF1X","engea001","","","S9/G-.1-3","T",0,1,3,0,0,"F"
1,2,3,0,"BBBB","abrej003","","engea001","W.1-2","T",0,1,2,0,3,"F"
1,2,1,2,"S*BCFX","delmn001","abrej003","engea001","53/G","T",1,0,1,2,3,"F"
0,0,1,1,"...CBX","","","","63/G","T",1,0,0,0,0,"F"
0,1,1,0,"BX","","","","163/G+","T",1,0,0,0,0,"F"
0,2,0,2,"CCX","","","","63/G","T",1,0,0,0,0,"F"
1,0,2,0,"BBX","","","","4/P","T",1,0,0,0,0,"F"
1,1,0,2,"SFX","","","","7/F","T",1,0,0,0,0,"F"
1,2,2,2,"BFFBX","","","","7/F","T",1,0,0,0,0,"F"
0,0,2,2,"BFL.BX","","","","S68/L","T",0,1,0,0,0,"F"
0,0,2,0,".BBX","dozib001","","","46(1)/FO/G","T",1,1,0,0,0,"F"
0,1,0,2,"CF1S","keplm001","","","K","T",1,0,1,0,0,"F"
0,2,1,0,"1BB","keplm001","","","WP.1-2","F",0,0,2,0,0,"F"
0,2,3,0,"1BB.BB","","keplm001","","W","T",0,1,0,2,0,"F"
0,2,1,1,"C*BB","escoe001","keplm001","","WP.2-3;1-2","F",0,0,2,3,0,"F"
0,2,2,1,"C*BB.X","","escoe001","keplm001","31/G","T",1,0,0,2,3,"F"
1,0,0,1,".CX","","","","8/F","T",1,0,0,0,0,"F"
1,1,0,0,"X","","","","43/G","T",1,0,0,0,0,"F"
1,2,2,2,"BCBCX","","","","S9/G","T",0,1,0,0,0,"F"
1,2,1,2,".*BSFX","sancc001","","","S6/G.1-3(E6/TH);B-2","T",0,2,3,0,0,"F"
1,2,3,1,"BS*BBB","","abrej003","sancc001","W","T",0,1,0,2,3,"F"
1,2,0,2,"TSS","delmn001","abrej003","sancc001","K","T",1,0,1,2,3,"F"
0,0,3,2,".BBFBFX","","","","7/F7LF","T",1,0,0,0,0,"F"
0,1,3,2,"BFSBBC","","","","K","T",1,0,0,0,0,"F"
0,2,1,2,"BCCS","","","","K","T",1,0,0,0,0,"F"
1,0,1,2,".SSFBS","","","","K","T",1,0,0,0,0,"F"
1,1,0,0,"X","","","","S7/G+","T",0,1,0,0,0,"F"
1,1,0,1,"C1X","garcl004","","","36(1)/FO/G","T",1,1,0,0,0,"F"
1,2,1,0,"B>S","andet001","","","SB2","F",0,0,2,0,0,"F"
1,2,1,1,"B>S.X","","andet001","","6/P","T",1,0,0,2,0,"F"
0,0,2,0,".BBX","","","","D9/F","T",0,2,0,0,0,"F"
0,0,0,2,"CSX","","mauej001","","8/F","T",1,0,0,2,0,"F"
0,1,3,1,"TBBBB","","mauej001","","W","T",0,1,0,2,0,"F"
0,1,1,1,"BSX","keplm001","mauej001","","8/F","T",1,0,1,2,0,"F"
0,2,1,2,"CBST","keplm001","mauej001","","K","T",1,0,1,2,0,"F"
1,0,2,2,".CBFFBFX","","","","43/G+","T",1,0,0,0,0,"F"
1,1,1,2,"CFFBS","","","","K","T",1,0,0,0,0,"F"
1,2,0,1,"CX","","","","43/G","T",1,0,0,0,0,"F"
0,0,2,1,"BBCX","","","","S9/L+","T",0,1,0,0,0,"T"
0,0,3,2,"BB1SBFX","mauej001","","","53/G.1-2","T",1,0,2,0,0,"F"
0,1,3,1,"CBBBB","","mauej001","","W","T",0,1,0,2,0,"F"
0,1,0,1,"CX","keplm001","mauej001","","DGR/8/L+.2-H;1-3","T",0,2,3,4,0,"F"
0,1,1,2,"BCFX","","escoe001","keplm001","S6/G.3-H;2-3","T",0,1,0,3,4,"F"
0,1,2,1,"BBCX","rosae001","","escoe001","S9/G.3-H;1-3","T",0,1,3,0,4,"F"
0,1,1,2,"BCSFS","garvm001","","rosae001","K","T",1,0,1,0,3,"F"
0,2,1,2,"CBF>F>X","garvm001","","rosae001","4/P","T",1,0,1,0,3,"F"
1,0,1,2,"BCFFS","","","","K","T",1,0,0,0,0,"F"
1,1,0,1,"CX","","","","D9/L","T",0,2,0,0,0,"F"
1,1,1,1,"BFX","","sancc001","","S9/L.2-H","T",0,1,0,4,0,"F"
1,1,2,1,"BFBX","abrej003","","","S7/G.1-2","T",0,1,2,0,0,"F"
1,1,1,1,"BCX","delmn001","abrej003","","S9/G.2-3;1-2","T",0,1,2,3,0,"F"
1,1,3,1,"*BBCBX","castw002","delmn001","abrej003","6(1)3/GDP","T",2,0,0,2,3,"F"
0,0,1,0,"BX","","","","5/P","T",1,0,0,0,0,"F"
0,1,3,1,"BBBCB","","","","W","T",0,1,0,0,0,"F"
0,1,1,1,"BCX","mauej001","","","6/P","T",1,0,1,0,0,"F"
0,2,1,0,"BX","mauej001","","","43/G","T",1,0,1,0,0,"F"
1,0,1,2,"CCFFFBS","","","","K","T",1,0,0,0,0,"F"
1,1,1,1,"FBX","","","","4/P","T",1,0,0,0,0,"F"
1,2,0,0,"X","","","","7/F7LF","T",1,0,0,0,0,"F"
0,0,3,2,"BBSBFB","","","","W","T",0,1,0,0,0,"F"
0,0,2,2,"C11BSBX","escoe001","","","HR/9/F.1-H","T",0,4,4,0,0,"F"
0,0,1,2,"BCCX","","","","63/G","T",1,0,0,0,0,"F"
0,1,3,2,"BBCBFB","","","","W","T",0,1,0,0,0,"F"
0,1,1,0,"B1X","morrl001","","","D7/L.1-H;BX3(7625)","T",1,0,4,0,0,"F"
0,2,1,2,"CBFC","","","","K","T",1,0,0,0,0,"F"
1,0,1,1,"BFX","","","","63/G","T",1,0,0,0,0,"F"
1,1,2,2,"CBBCFX","","","","43/G","T",1,0,0,0,0,"F"
1,2,1,2,"CSFBFFX","","","","8/F","T",1,0,0,0,0,"F"
0,0,3,1,"BCBBB","","","","W","T",0,1,0,0,0,"F"
0,0,1,1,"BFX","mauej001","","","7/F+","T",1,0,1,0,0,"F"
0,1,3,2,"FBFBFB1B","mauej001","","","W.1-2","T",0,1,2,0,0,"F"
0,1,0,0,".X","keplm001","mauej001","","2/P2F","T",1,0,1,2,0,"F"
0,2,2,2,"CFFBFBFX","keplm001","mauej001","","D8/F+.2-H;1-H","T",0,2,4,4,0,"F"
0,2,3,2,"BBCBCB","","rosae001","","W","T",0,1,0,2,0,"F"
0,2,2,2,"CS*BBC","garvm001","rosae001","","K","T",1,0,1,2,0,"F"
1,0,0,2,"CFX","","","","D7/L","T",0,2,0,0,0,"F"
1,0,2,2,"CBFFBFC","","delmn001","","K","T",1,0,0,2,0,"F"
1,1,2,2,"S*B*BTS","","delmn001","","K","T",1,0,0,2,0,"F"
1,2,0,2,"CCS","","delmn001","","K","T",1,0,0,2,0,"F"
0,0,0,0,"X","","","","7/F","T",1,0,0,0,0,"F"
0,1,1,2,"CBFX","","","","9/L","T",1,0,0,0,0,"F"
0,2,1,2,"CFBC","","","","K","T",1,0,0,0,0,"F"
1,0,1,2,"BFSFFFX","","","","D8/L","T",0,2,0,0,0,"F"
1,0,2,0,"*BBX","","andet001","","S8/L-.2-3","T",0,1,0,3,0,"F"
1,0,1,1,"FBX","engea001","","andet001","64(1)3/GDP.3-H","T",2,0,0,0,4,"F"
1,2,0,1,"FX","","","","D9/L","T",0,2,0,0,0,"F"
1,2,2,1,"FBBX","","sancc001","","8/F","T",1,0,0,2,0,"F"
0,0,1,1,"BSX","","","","S9/G","T",0,1,0,0,0,"F"
0,0,2,2,".BCBCX","dozib001","","","9/F","T",1,0,1,0,0,"F"
0,1,0,1,"CX","dozib001","","","8/F","T",1,0,1,0,0,"F"
0,2,2,2,"B1SBCX","dozib001","","","43/G","T",1,0,1,0,0,"F"
1,0,2,2,"SFBBX","","","","53/G","T",1,0,0,0,0,"F"
1,1,0,2,"CSS","","","","K","T",1,0,0,0,0,"F"
1,2,0,2,"SCS","","","","K","T",1,0,0,0,0,"F"
0,0,1,1,"CBX","","","","4/P","T",1,0,0,0,0,"F"
0,1,1,2,"CSBS","","","","K","T",1,0,0,0,0,"F"
0,2,0,2,"FSS","","","","K23","T",1,0,0,0,0,"F"
1,0,3,2,".BBBCFFFC","","","","K","T",1,0,0,0,0,"F"
1,1,1,1,"SBX","","","","HR/78/F","T",0,4,0,0,0,"F"
1,1,0,0,"X","","","","4/P","T",1,0,0,0,0,"F"
1,2,3,2,"BFSBBX","","","","S7/L-","T",0,1,0,0,0,"F"
1,2,0,0,">C","garcl004","","","SB2","F",0,0,2,0,0,"F"
1,2,0,2,">C.FX","","garcl004","","43/G","T",1,0,0,2,0,"F"
0,0,0,0,".X","","","","S7/L","T",0,1,0,0,0,"F"
0,0,0,0,">C","lamar001","","","CS2(26)","F",1,0,0,0,0,"F"
0,1,1,2,">C.FBX","","","","S7/L","T",0,1,0,0,0,"F"
0,1,0,2,"CFFFC","mauej001","","","K","T",1,0,1,0,0,"F"
0,2,3,2,"CBB*BC>B","mauej001","","","W.1-2","T",0,1,2,0,0,"F"
0,2,1,0,"BX","keplm001","mauej001","","8/F","T",1,0,1,2,0,"F"
1,0,1,1,"BCX","","","","43/G","T",1,0,0,0,0,"F"
1,1,3,2,"BSCBBC","","","","K","T",1,0,0,0,0,"F"
1,2,1,2,"CCBC","","","","K","T",1,0,0,0,0,"F"
0,0,1,1,"BCX","","","","S8/L","T",0,1,0,0,0,"F"
0,0,2,2,"BCF*B11T","rosae001","","","K","T",1,0,1,0,0,"F"
0,1,1,1,"BCX","rosae001","","","3/G.1-2","T",1,0,2,0,0,"F"
0,2,0,1,"CX","","rosae001","","43/G","T",1,0,0,2,0,"F"
1,0,1,2,".BCTX","","","","8/F","T",1,0,0,0,0,"F"
1,1,2,2,".BBFSFFFFFFFX","","","","5/L","T",1,0,0,0,0,"F"
1,2,1,0,"BX","","","","HR/7/L","T",0,4,0,0,0,"F"
1,2,0,2,"CSS","","","","K","T",1,0,0,0,0,"F"
0,0,2,2,"CBBCX","","","","43/G","T",1,0,0,0,0,"T"
0,1,2,2,"CBBSC","","","","K","T",1,0,0,0,0,"F"
0,2,1,1,"BSX","","","","7/F","T",1,0,0,0,0,"F"
1,0,0,0,"X","","","","7/L","T",1,0,0,0,0,"F"
1,1,0,2,"CFFX","","","","9/F","T",1,0,0,0,0,"F"
1,2,1,0,"BX","","","","53/G","T",1,0,0,0,0,"F"
0,0,1,1,"BCX","","","","3/G","T",1,0,0,0,0,"F"
0,1,1,2,"FFBX","","","","53/G","T",1,0,0,0,0,"F"
0,2,3,2,"BBCBCX","","","","7/F","T",1,0,0,0,0,"F"
1,0,1,2,"BFCFS","","","","K23","T",1,0,0,0,0,"F"
1,1,2,2,"CBBFS","","","","K","T",1,0,0,0,0,"F"
1,2,1,1,"CBX","","","","E6/G","T",0,1,0,0,0,"F"
1,2,1,1,"CBX","narvo001","","","S6/G.1-2","T",0,1,2,0,0,"F"
1,2,0,1,"SX","rondj002","narvo001","","8/L","T",1,0,1,2,0,"F"
0,0,1,1,"BCX","","","","8/L","T",1,0,0,0,0,"F"
0,1,1,2,"BSMS","","","","K","T",1,0,0,0,0,"F"
0,2,0,0,"X","","","","9/F","T",1,0,0,0,0,"F"
1,0,1,0,"BX","","","","D7/L","T",0,2,0,0,0,"F"
1,0,0,1,"LX","","engea001","","53/BG/SH.2-3","T",1,0,0,3,0,"F"
1,1,2,2,"*BSBFFS","","","engea001","K","T",1,0,0,0,3,"F"
1,2,2,2,"FBF*BB","","","engea001","WP.3-H(NR)","F",0,0,0,0,4,"F"
1,2,3,2,"FBF*BB.FS","","","","K","T",1,0,0,0,0,"F"
0,0,1,1,"CBX","","","","43/G+","T",1,0,0,0,0,"F"
0,1,1,1,"BCX","","","","5/L","T",1,0,0,0,0,"F"
0,2,2,2,"CFBFBS","","","","K","T",1,0,0,0,0,"F"
1,0,0,0,"X","","","","3/G","T",1,0,0,0,0,"F"
1,1,3,2,"BBCSBB","","","","W","T",0,1,0,0,0,"F"
1,1,0,0,"X","davim005","","","8/F","T",1,0,1,0,0,"F"
1,2,1,2,"FF*B1X","davim005","","","43/G","T",1,0,1,0,0,"F"
0,0,0,1,"SX","","","","53/G-","T",1,0,0,0,0,"F"
0,1,2,0,"BBX","","","","8/F","T",1,0,0,0,0,"F"
0,2,0,0,"X","","","","8/F","T",1,0,0,0,0,"F"
1,0,1,2,"BSFS","","","","K","T",1,0,0,0,0,"F"
1,1,2,2,"CBBSFS","","","","K","T",1,0,0,0,0,"F"
1,2,2,2,"CBBFS","","","","K","T",1,0,0,0,0,"F"
0,0,2,1,"BBSX","","","","8/F","T",1,0,0,0,0,"F"
0,1,3,1,"SBBBB","","","","W","T",0,1,0,0,0,"F"
0,1,2,2,"C1FB*B1S","adrie001","","","K","T",1,0,1,0,0,"F"
0,2,1,1,"BCB","adrie001","","","WP.1-2","F",0,0,2,0,0,"F"
0,2,3,1,"BCB.BX","","adrie001","","5/P-","T",1,0,0,2,0,"F"
1,0,0,1,"SX","","","","D9/L","T",0,2,0,0,0,"F"
1,0,2,1,"BBFX","","sancc001","","9/F.2-3","T",1,0,0,3,0,"F"
1,1,3,2,"CBBSBB","","","sancc001","W","T",0,1,0,0,3,"F"
1,1,2,2,"FBBTX","delmn001","","sancc001","9/F/SF.3-H","T",1,0,1,0,4,"F"
1,2,2,2,"1BCC1*BX","delmn001","","","9/F","T",1,0,1,0,0,"F"
0,0,3,2,"BBCCBFB","","","","W","T",0,1,0,0,0,"F"
0,0,1,2,"FC*BS","dozib001","","","K","T",1,0,1,0,0,"F"
0,1,1,2,"BCSX","dozib001","","","S9/L.1-3","T",0,1,3,0,0,"F"
0,1,0,1,"FX","escoe001","","dozib001","S9/G+.3-H;1-2","T",0,1,2,0,4,"F"
0,1,1,1,"*BFX","rosae001","escoe001","","8/F.2-3","T",1,0,1,3,0,"F"
0,2,0,2,".F1F*B","rosae001","","escoe001","SB2","F",0,0,2,0,3,"F"
0,2,1,2,".F1F*B.X","","rosae001","escoe001","D9/L.3-H;2-H","T",0,2,0,4,4,"F"
0,2,1,2,"CFF*BX","","morrl001","","8/F","T",1,0,0,2,0,"F"
1,0,1,1,"CBX","","","","S7/G+","T",0,1,0,0,0,"F"
1,0,2,0,"B11BX","rondj002","","","13/BG/SH.1-2","T",1,0,2,0,0,"F"
1,1,2,2,"*BBCCC","","rondj002","","K","T",1,0,0,2,0,"F"
1,2,2,1,".BBSX","","rondj002","","S9/L+.2-H","T",0,1,0,4,0,"F"
1,2,2,2,"11CB1BF1S","garcl004","","","K","T",1,0,1,0,0,"F"
0,0,0,0,".X","","","","13/G","T",1,0,0,0,0,"F"
0,1,3,0,"BBBB","","","","W","T",0,1,0,0,0,"F"
0,1,0,1,"C1X","mauej001","","","FC6.1X3(6E4);B-1","T",0,1,3,0,0,"F"
0,1,3,1,".1BBBCX","dozib001","","mauej001","53/G-.3-H(UR);1-2","T",1,0,2,0,5,"F"
0,2,2,2,"BFFBX","","dozib001","","7/F","T",1,0,0,2,0,"F"
1,0,1,2,"...CBFS","","","","K","T",1,0,0,0,0,"F"
1,1,2,2,"SBCBX","","","","5/P5F","T",1,0,0,0,0,"F"
1,2,1,2,"CBFS","","","","K","T",1,0,0,0,0,"F"
0,0,2,2,".BSFFFBX","","","","HR/8/F+","T",0,4,0,0,0,"F"
0,0,1,2,"BCSS","","","","K","T",1,0,0,0,0,"F"
0,1,2,2,"FSBBX","","","","3/G","T",1,0,0,0,0,"F"
0,2,3,2,"FBBBTFX","","","","8/F","T",1,0,0,0,0,"F"
1,0,0,1,".CX","","","","5/P5F","T",1,0,0,0,0,"F"
1,1,3,2,"CBFBBX","","","","8/F","T",1,0,0,0,0,"F"
1,2,0,2,"CFFS","","","","K","T",1,0,0,0,0,"F"
0,0,0,1,"CX","","","","8/F","T",1,0,0,0,0,"T"
0,1,1,2,"CLFBFX","","","","9/F","T",1,0,0,0,0,"F"
0,2,1,2,"BFFX","","","","S8/G","T",0,1,0,0,0,"F"
0,2,0,0,">B","marts002","","","SB2","F",0,0,2,0,0,"F"
0,2,1,1,">B.SX","","marts002","","4/P","T",1,0,0,2,0,"F"
1,0,1,2,"BFFX","","","","S15/G","T",0,1,0,0,0,"F"
1,0,0,1,"FX","garcl004","","","T7/L.1-H","T",0,3,4,0,0,"F"
1,0,3,2,"CB*BFBX","","","sancc001","53/G.3-H","T",1,0,0,0,4,"F"
1,1,3,2,"CCBBFBFFB","","","","W","T",0,1,0,0,0,"F"
1,1,1,1,"FB1X","delmn001","","","HR/9/L.1-H","T",0,4,4,0,0,"F"
1,1,2,1,"SBBX","","","","S9/G","T",0,1,0,0,0,"F"
1,1,3,2,"CBF*BBB","palkd001","","","W.1-2","T",0,1,2,0,0,"F"
1,1,3,2,"BFFBFBFX","davim005","palkd001","","5/P/IF","T",1,0,1,2,0,"F"
1,2,2,2,"BSFF*BFFFC","davim005","palkd001","","K","T",1,0,1,2,0,"F"
0,0,0,1,"CX","","","","D9/L+","T",0,2,0,0,0,"F"
0,0,1,1,"BCH","","dickc002","","HP","T",0,1,0,2,0,"F"
0,0,2,2,"BCCFBS","cervf001","dickc002","","K","T",1,0,1,2,0,"F"
0,1,0,2,"CSX","cervf001","dickc002","","S8/G.2-H;1-3","T",0,1,3,4,0,"F"
0,1,3,2,"BCBS*BX","osunj001","","cervf001","54(1)/FO/G.3-H","T",1,1,0,0,4,"F"
0,2,3,2,"11CF1BFBB>F>B","mercj002","","","W.1-2","T",0,1,2,0,0,"F"
0,2,2,1,"FBBX","fraza001","mercj002","","DGR/9/L.2-H;1-3","T",0,2,3,4,0,"F"
0,2,2,1,"BSBX","","polag001","fraza001","S7/G.3-H;2XH(72)","T",1,1,0,0,4,"F"
1,0,3,1,"CBBBX","","","","43/G","T",1,0,0,0,0,"F"
1,1,2,2,"BCBFFX","","","","S7/G","T",0,1,0,0,0,"F"
1,1,1,2,"1C*BS>X","sancc001","","","D7/L.1-H","T",0,2,4,0,0,"F"
1,1,3,1,"BBBCX","","abrej003","","9/F+.2-3","T",1,0,0,3,0,"F"
1,2,2,2,"CFFBBS","","","abrej003","K","T",1,0,0,0,3,"F"
0,0,3,2,"BFBFFBB","","","","W","T",0,1,0,0,0,"F"
0,0,2,2,"1BFBFX","bellj005","","","S57/P.1-2","T",0,1,2,0,0,"F"
0,0,2,2,"CF*BBX","dickc002","bellj005","","5(2)/FO/G.1-2","T",1,1,2,0,0,"F"
0,1,0,1,"FX","cervf001","dickc002","","36(1)/FO/G.2-3","T",1,1,0,3,0,"F"
0,2,2,2,"1SF1*BBX","morac001","","dickc002","3/P","T",1,0,1,0,3,"F"
1,0,3,2,".CBFBBX","","","","31/G","T",1,0,0,0,0,"F"
1,1,3,0,"BBBX","","","","8/F","T",1,0,0,0,0,"F"
1,2,0,2,"CSFFS","","","","K","T",1,0,0,0,0,"F"
0,0,2,2,"CBBSS","","","","K","T",1,0,0,0,0,"F"
0,1,3,1,"BBBCX","","","","43/G","T",1,0,0,0,0,"F"
0,2,3,2,"BBSBSX","","","","S6/G","T",0,1,0,0,0,"F"
0,2,2,2,"11CC1B1BFFS","polag001","","","K23","T",1,0,1,0,0,"F"
1,0,1,2,"CBCX","","","","8/F","T",1,0,0,0,0,"F"
1,1,2,2,"CBFBS","","","","K","T",1,0,0,0,0,"F"
1,2,2,2,"CCBFBX","","","","3/G","T",1,0,0,0,0,"F"
0,0,0,0,".X","","","","S6/G","T",0,1,0,0,0,"F"
0,0,1,2,"BCFC","bellj005","","","K","T",1,0,1,0,0,"F"
0,1,0,0,">X","bellj005","","","S7/L+.1-2","T",0,1,2,0,0,"F"
0,1,2,0,"BBX","cervf001","bellj005","","D8/L+.2-H;1-H","T",0,2,4,4,0,"F"
0,1,0,1,"SX","","morac001","","63/G","T",1,0,0,2,0,"F"
0,2,3,2,"BFBCFBFX","","morac001","","S8/L.2-H","T",0,1,0,4,0,"F"
0,2,0,0,"X","mercj002","","","7/L","T",1,0,1,0,0,"F"
1,0,0,2,"CCX","","","","S9/G","T",0,1,0,0,0,"F"
1,0,3,2,"BFCFBBFS","abrej003","","","K","T",1,0,1,0,0,"F"
1,1,1,1,".CBX","abrej003","","","4(1)3/GDP","T",2,0,0,0,0,"F"
0,0,3,2,".CSBBBFB","","","","W","T",0,1,0,0,0,"F"
0,0,1,2,"FCBC","polag001","","","K","T",1,0,1,0,0,"F"
0,1,1,2,"SBS1X","polag001","","","T9/L.1-H","T",0,3,4,0,0,"F"
0,1,2,1,"*BBSX","","","bellj005","S7/L.3-H","T",0,1,0,0,4,"F"
0,1,0,0,".1>B","dickc002","","","CS2(24)","F",1,0,0,0,0,"F"
0,2,3,0,".1>B.BBB","","","","W","T",0,1,0,0,0,"F"
0,2,0,0,"X","cervf001","","","S9/G.1-3","T",0,1,3,0,0,"F"
0,2,2,2,"C*BC*BX","morac001","","cervf001","5/P","T",1,0,1,0,3,"F"
1,0,2,2,"BCCFFBC","","","","K","T",1,0,0,0,0,"F"
1,1,0,1,"FX","","","","S8/L","T",0,1,0,0,0,"F"
1,1,2,2,"SBFBFFFFX","davim005","","","S8/L.1-2","T",0,1,2,0,0,"F"
1,1,1,1,"CB+1X","andet001","davim005","","31/G.2-3;1-2","T",1,0,2,3,0,"F"
1,2,2,2,"BCFBX","","andet001","davim005","8/F","T",1,0,0,2,3,"F"
0,0,2,2,"BCBFX","","","","8/L","T",1,0,0,0,0,"F"
0,1,1,0,"BX","","","","31/G","T",1,0,0,0,0,"F"
0,2,2,2,"FBBFFX","","","","7/F","T",1,0,0,0,0,"F"
1,0,3,2,".BFBBFFFX","","","","S9/G","T",0,1,0,0,0,"F"
1,0,0,2,"CFC","sancc001","","","K","T",1,0,1,0,0,"F"
1,1,2,0,"BBX","sancc001","","","46(1)3/GDP","T",2,0,0,0,0,"F"
0,0,0,0,".X","","","","S9/G","T",0,1,0,0,0,"F"
0,0,3,2,"1BBSBC1X","marts002","","","43/G.1-2","T",1,0,2,0,0,"F"
0,1,0,2,"SFX","","marts002","","S9/L+.2-H","T",0,1,0,4,0,"F"
0,1,0,0,"X","dickc002","","","8/L+/DP.1X1(863)","T",2,0,0,0,0,"F"
1,0,0,1,".CX","","","","HR/7/F","T",0,4,0,0,0,"F"
1,0,2,2,"BSFBX","","","","43/G","T",1,0,0,0,0,"F"
1,1,2,2,"CFBFBX","","","","8/L","T",1,0,0,0,0,"F"
1,2,1,2,"CBSS","","","","K","T",1,0,0,0,0,"F"
0,0,1,2,"..BFSFX","","","","43/G","T",1,0,0,0,0,"F"
0,1,2,2,"BFBSFC","","","","K","T",1,0,0,0,0,"F"
0,2,3,1,"BBCBX","","","","6/P5F","T",1,0,0,0,0,"F"
1,0,2,2,"..BBSCS","","","","K","T",1,0,0,0,0,"F"
1,1,0,2,"CSX","","","","63/G","T",1,0,0,0,0,"F"
1,2,3,2,"BFFBFFBS","","","","K","T",1,0,0,0,0,"F"
0,0,0,2,"CFX","","","","6/P","T",1,0,0,0,0,"T"
0,1,0,0,"X","","","","6/P","T",1,0,0,0,0,"F"
0,2,2,2,"CSBBC","","","","K","T",1,0,0,0,0,"F"
1,0,0,0,"X","","","","43/G","T",1,0,0,0,0,"F"
1,1,2,2,"BBCFX","","","","S56/G+","T",0,1,0,0,0,"F"
1,1,3,2,"11BCBF1FB>F>B","sancc001","","","W.1-2","T",0,1,2,0,0,"F"
1,1,1,1,"CBX","abrej003","sancc001","","46(1)3/GDP","T",2,0,0,2,0,"F"
0,0,1,2,"CBSS","","","","K","T",1,0,0,0,0,"F"
0,1,1,2,"CSBX","","","","43/G","T",1,0,0,0,0,"F"
0,2,0,0,"X","","","","8/L","T",1,0,0,0,0,"F"
1,0,2,2,"CBFBX","","","","3/P2F","T",1,0,0,0,0,"F"
1,1,0,2,"CFX","","","","S8/L+","T",0,1,0,0,0,"F"
1,1,1,2,"CBCS","palkd001","","","K","T",1,0,1,0,0,"F"
1,2,1,0,"BX","palkd001","","","HR/7/F.1-H","T",0,4,4,0,0,"F"
1,2,0,1,"FX","","","","63/G","T",1,0,0,0,0,"F"
0,0,1,1,"BFX","","","","63/G","T",1,0,0,0,0,"F"
0,1,3,2,"BFFBBFT","","","","K","T",1,0,0,0,0,"F"
0,2,0,0,"X","","","","4/P","T",1,0,0,0,0,"F"
1,0,0,1,"CX","","","","43/G","T",1,0,0,0,0,"F"
1,1,1,0,"BX","","","","63/G","T",1,0,0,0,0,"F"
1,2,1,2,"CBSX","","","","D9/G","T",0,2,0,0,0,"F"
1,2,1,2,"BSSX","","abrej003","","S6/L.2XH(62)","T",1,1,0,0,0,"F"
0,0,0,1,"CX","","","","8/L","T",1,0,0,0,0,"F"
0,1,2,1,"BFBX","","","","S9/L","T",0,1,0,0,0,"F"
0,1,1,1,"1FBX","polag001","","","14(1)/FO/G","T",1,1,0,0,0,"F"
0,2,3,1,"1BB11BF>B","marts002","","","W.1-2","T",0,1,2,0,0,"F"
0,2,0,0,"X","bellj005","marts002","","4/P","T",1,0,1,2,0,"F"
1,0,0,1,"CX","","","","S7/L","T",0,1,0,0,0,"F"
1,0,0,0,"X","castw002","","","HR/78/F.1-H","T",0,4,4,0,0,"F"
1,0,3,2,"CSBBBFFB","","","","W","T",0,1,0,0,0,"F"
1,0,2,2,"BFBFFFFFFS","davim005","","","K","T",1,0,1,0,0,"F"
1,1,1,2,"BCFFS","davim005","","","K","T",1,0,1,0,0,"F"
1,2,2,2,"SFFF*BBX","davim005","","","43/G","T",1,0,1,0,0,"F"
0,0,1,1,"...CBX","","","","8/L","T",1,0,0,0,0,"F"
0,1,1,0,"BX","","","","5/P5F","T",1,0,0,0,0,"F"
0,2,3,2,"CSBBBX","","","","43/G","T",1,0,0,0,0,"F"
1,0,1,1,"BCX","","","","8/L","T",1,0,0,0,0,"F"
1,1,3,2,"CCBBBFFX","","","","5/L","T",1,0,0,0,0,"F"
1,2,1,1,"CBX","","","","9/F","T",1,0,0,0,0,"F"
0,0,3,2,"BSFBFBX","","","","HR/7/F","T",0,4,0,0,0,"F"
0,0,1,0,"BX","","","","9/L","T",1,0,0,0,0,"F"
0,1,0,0,"X","","","","HR/9/F","T",0,4,0,0,0,"F"
0,1,0,2,"FFS","","","","K","T",1,0,0,0,0,"F"
0,2,3,2,"BBFBFB","","","","W","T",0,1,0,0,0,"F"
0,2,3,2,"BCBFB>X","bellj005","","","9/F","T",1,0,1,0,0,"F"
1,0,1,1,".CBX","","","","63/G","T",1,0,0,0,0,"F"
1,1,1,1,"BFX","","","","S7/G","T",0,1,0,0,0,"F"
1,1,2,2,"CCBB>T","palkd001","","","K+SB2","T",1,0,2,0,0,"F"
1,2,1,2,"BSFS","","palkd001","","K","T",1,0,0,2,0,"F"
0,0,1,2,"CSFBX","","","","8/L+","T",1,0,0,0,0,"F"
0,1,2,2,"CBFBFX","","","","5/L","T",1,0,0,0,0,"F"
0,2,3,2,"SBSBBT","","","","K","T",1,0,0,0,0,"F"
1,0,1,2,"CBFS","","","","K","T",1,0,0,0,0,"F"
1,1,0,0,"X","","","","3/BG+","T",1,0,0,0,0,"F"
1,2,1,2,"BSFT","","","","K","T",1,0,0,0,0,"F"
0,0,0,2,".CFS","","","","K","T",1,0,0,0,0,"F"
0,1,1,2,"..CFBC","","","","K","T",1,0,0,0,0,"F"
0,2,2,2,"BCBFFT","","","","K","T",1,0,0,0,0,"F"
1,0,2,0,"...BBX","","","","9/F","T",1,0,0,0,0,"F"
1,1,0,2,"SFFX","","","","D7/L","T",0,2,0,0,0,"F"
1,1,1,1,"BCX","","rondj002","","D9/L.2-H","T",0,2,0,4,0,"F"
1,1,3,0,"VVVV","","castw002","","IW","T",0,1,0,2,0,"F"
1,1,2,2,"CSFB*BS","palkd001","castw002","","K","T",1,0,1,2,0,"F"
1,2,2,1,"BBCX","palkd001","castw002","","8/F","T",1,0,1,2,0,"F"
0,0,1,0,".BX","","","","S8/G","T",0,1,0,0,0,"F"
0,0,0,0,"X","marts002","","","S9/L+.1-3","T",0,1,3,0,0,"F"
0,0,0,0,"X","bellj005","","marts002","53/G-.1-2","T",1,0,2,0,3,"F"
0,1,0,2,"CSFX","","bellj005","marts002","DGR/9/F.3-H;2-H","T",0,2,0,4,4,"F"
0,1,1,0,"*BX","","diaze005","","HR/8/F.2-H","T",0,4,0,4,0,"F"
0,1,0,2,"CTC","","","","K","T",1,0,0,0,0,"F"
0,2,2,1,"BSBX","","","","63/G","T",1,0,0,0,0,"F"
1,0,2,1,".BFBX","","","","7/F","T",1,0,0,0,0,"F"
1,1,2,2,"BFTBFFFX","","","","8/F","T",1,0,0,0,0,"F"
1,2,0,1,"CX","","","","63/G","T",1,0,0,0,0,"F"
0,0,2,2,"CSFBFBC","","","","K","T",1,0,0,0,0,"T"
0,1,0,0,"X","","","","63/G+","T",1,0,0,0,0,"F"
0,2,1,1,"BCX","","","","63/G","T",1,0,0,0,0,"F"
1,0,1,1,"CBX","","","","S9/L","T",0,1,0,0,0,"F"
1,0,3,2,"BB11CCB>X","moncy001","","","8/F","T",1,0,1,0,0,"F"
1,1,0,0,"X","moncy001","","","8/F","T",1,0,1,0,0,"F"
1,2,1,2,"1BSSF11","moncy001","","","PO1(13)","F",1,0,0,0,0,"F"
0,0,1,0,"BX","","","","3/G+","T",1,0,0,0,0,"F"
0,1,2,2,"BCFBS","","","","K","T",1,0,0,0,0,"F"
0,2,1,2,"CBCX","","","","S7/L","T",0,1,0,0,0,"F"
0,2,3,0,"BB1BB","kinei001","","","W.1-2","T",0,1,2,0,0,"F"
0,2,1,1,"BFX","odorr001","kinei001","","8/F","T",1,0,1,2,0,"F"
1,0,2,1,"BFBX","","","","S7/L","T",0,1,0,0,0,"F"
1,0,1,1,"CBX","delmn001","","","3/P","T",1,0,1,0,0,"F"
1,1,1,1,"B1CX","delmn001","","","54(1)3/GDP","T",2,0,0,0,0,"F"
0,0,0,0,"X","","","","S9/L","T",0,1,0,0,0,"F"
0,0,0,0,"X","guzmr001","","","13/BG/SH.1-2","T",1,0,2,0,0,"F"
0,1,0,0,"X","","guzmr001","","S68/G.2-H","T",0,1,0,4,0,"F"
0,1,0,1,"FX","choos001","","","8/F","T",1,0,1,0,0,"F"
0,2,2,2,"1BFF*B1X","choos001","","","6(1)/FO/G","T",1,1,0,0,0,"F"
1,0,0,1,"CX","","","","S7/G","T",0,1,0,0,0,"F"
1,0,2,2,"CB1FF1F*B11S","garcl004","","","K","T",1,0,1,0,0,"F"
1,1,2,1,"B1BC1X","garcl004","","","S8/L.1-2","T",0,1,2,0,0,"F"
1,1,3,2,"*BBCC*B>C","thomt002","garcl004","","K+SB3;SB2","T",1,0,2,3,0,"F"
1,2,2,2,"BSFBC","","thomt002","garcl004","K","T",1,0,0,2,3,"F"
0,0,0,1,"LX","","","","5/P","T",1,0,0,0,0,"F"
0,1,2,0,"BBX","","","","7/L","T",1,0,0,0,0,"F"
0,2,1,2,"CBCS","","","","K","T",1,0,0,0,0,"F"
1,0,1,2,"CSBX","","","","43/G","T",1,0,0,0,0,"F"
1,1,2,1,"BBCX","","","","4/L","T",1,0,0,0,0,"F"
1,2,3,2,"BCBCBX","","","","53/G","T",1,0,0,0,0,"F"
0,0,3,1,"BCBBB","","","","W","T",0,1,0,0,0,"F"
0,0,0,1,"CX","chirr001","","","65(1)/FO/G","T",1,1,0,0,0,"F"
0,1,1,1,"BFX","guzmr001","","","64(1)/FO/G.BX2(4E3)","T",1,2,0,0,0,"F"
0,2,2,2,"SBBCS","","deshd002","","K","T",1,0,0,2,0,"F"
1,0,0,1,"CX","","","","8/L+","T",1,0,0,0,0,"F"
1,1,0,1,"CX","","","","E1/TH/G.B-2","T",0,2,0,0,0,"F"
1,1,0,0,"X","","garcl004","","4/P","T",1,0,0,2,0,"F"
1,2,3,2,"C2SBBBX","","garcl004","","43/G","T",1,0,0,2,0,"F"
0,0,0,0,"X","","","","9/F","T",1,0,0,0,0,"F"
0,1,2,2,"CFBBFC","","","","K","T",1,0,0,0,0,"F"
0,2,1,2,"BSSFS","","","","K","T",1,0,0,0,0,"F"
1,0,1,2,"FBFX","","","","S8/L+","T",0,1,0,0,0,"F"
1,0,0,0,">X","moncy001","","","8/L+/DP.1X1(83)","T",2,0,0,0,0,"F"
1,2,1,1,"CBX","","","","S8/L+","T",0,1,0,0,0,"F"
1,2,1,1,"C*BX","abrej003","","","9/L","T",1,0,1,0,0,"F"
0,0,3,1,"CBBBB","","","","W","T",0,1,0,0,0,"F"
0,0,2,0,"BBX","kinei001","","","13/G-.1-2","T",1,0,2,0,0,"F"
0,1,0,1,"SB","","kinei001","","WP.2-3","F",0,0,0,3,0,"F"
0,1,1,2,"SB.F3FS","","","kinei001","K23","T",1,0,0,0,3,"F"
0,2,0,1,"FX","","","kinei001","63/G","T",1,0,0,0,3,"F"
1,0,2,2,"BCCBFX","","","","43/G","T",1,0,0,0,0,"F"
1,1,0,1,"CX","","","","6/L","T",1,0,0,0,0,"F"
1,2,0,2,"CSFFS","","","","K","T",1,0,0,0,0,"F"
0,0,3,2,"BFFBFBFC","","","","K","T",1,0,0,0,0,"F"
0,1,3,2,".CBBBFFX","","","","S8/G","T",0,1,0,0,0,"F"
0,1,0,1,"11CX","choos001","","","3/P","T",1,0,1,0,0,"F"
0,2,2,1,"*B+11SBX","choos001","","","T9/G.1-H","T",0,3,4,0,0,"F"
0,2,1,2,"S*BCX","","","mazan001","8/L","T",1,0,0,0,3,"F"
1,0,1,1,".BFX","","","","53/G","T",1,0,0,0,0,"F"
1,1,2,2,"CCBBS","","","","K","T",1,0,0,0,0,"F"
1,2,2,0,"BBX","","","","DGR/9/L+","T",0,2,0,0,0,"F"
1,2,1,2,"S*BCB","","moncy001","","PB.2-3","F",0,0,0,3,0,"F"
1,2,2,2,"S*BCB.X","","","moncy001","E1/TH/G.3-H(UR);B-2","T",0,2,0,0,5,"F"
1,2,3,0,"VVVV","","sancc001","","IW","T",0,1,0,2,0,"F"
1,2,3,2,"B*BC*BC>F>F>B","abrej003","sancc001","","W.2-3;1-2","T",0,1,2,3,0,"F"
1,2,3,2,"SC*BBB*B","delmn001","abrej003","sancc001","W.3-H(UR);2-3;1-2","T",0,1,2,3,5,"F"
1,2,0,1,"..FX","davim005","delmn001","abrej003","S89/L.3-H(UR);2-H(UR);1-3","T",0,1,3,5,5,"F"
1,2,2,1,"SB*BX","castw002","","davim005","7/F","T",1,0,1,0,3,"F"
0,0,1,0,"...BH","","","","HP","T",0,1,0,0,0,"F"
0,0,1,0,"BX","kinei001","","","3/P3F","T",1,0,1,0,0,"F"
0,1,1,1,"CBX","kinei001","","","S8/L.1-2","T",0,1,2,0,0,"F"
0,1,1,0,".BX","rua-r001","kinei001","","3/G.2-3;1-2","T",1,0,2,3,0,"F"
0,2,1,2,"BCTFFS","","rua-r001","kinei001","K","T",1,0,0,2,3,"F"
0,0,0,0,"H","","","","HP","T",0,1,0,0,0,"T"
0,0,0,0,">B","deshd002","","","SB2","F",0,0,2,0,0,"F"
0,0,3,0,">B.BBB","","deshd002","","W","T",0,1,0,2,0,"F"
0,0,2,0,"BBX","choos001","deshd002","","54/BG/SH.2-3;1-2","T",1,0,2,3,0,"F"
0,1,3,1,"BBCBB","","choos001","deshd002","W","T",0,1,0,2,3,"F"
0,1,0,2,"CSX","mazan001","choos001","deshd002","S48/G.3-H;2-H;1-3","T",0,1,3,4,4,"F"
0,1,3,2,"1BSBBF11FFX","profj001","","mazan001","S8/L.3-H;1-3","T",0,1,3,0,4,"F"
0,1,1,2,"CBCS","gallj002","","profj001","K","T",1,0,1,0,3,"F"
0,2,2,0,"B*BX","gallj002","","profj001","53/G","T",1,0,1,0,3,"F"
1,0,0,1,"CX","","","","S9/L+","T",0,1,0,0,0,"F"
1,0,0,1,"CX","andet001","","","7/F","T",1,0,1,0,0,"F"
1,1,3,1,"BSBBX","andet001","","","D7/L+.1-H","T",0,2,4,0,0,"F"
1,1,0,2,"CSS","","abrej003","","K","T",1,0,0,2,0,"F"
1,2,2,2,"B*BCCFX","","abrej003","","S8/L+.2-H","T",0,1,0,4,0,"F"
1,2,0,0,"X","castw002","","","S49/G.1-3","T",0,1,3,0,0,"F"
1,2,0,2,"FCX","palkd001","","castw002","13/G","T",1,0,1,0,3,"F"
0,0,3,2,"BCFBFBFB","","","","W","T",0,1,0,0,0,"F"
0,0,1,2,"*BCCB","guzmr001","","","WP.1-2","F",0,0,2,0,0,"F"
0,0,3,2,"*BCCB.*BX","","guzmr001","","8/F.2-3","T",1,0,0,3,0,"F"
0,1,3,2,"SBFBB*B","","","guzmr001","W","T",0,1,0,0,3,"F"
0,1,1,2,"CF*BX","choos001","","guzmr001","7/F/SF.3-H;1-2(TH)","T",1,0,2,0,4,"F"
0,2,1,2,"FBFC","","choos001","","K","T",1,0,0,2,0,"F"
1,0,0,1,"CX","","","","3/P3F","T",1,0,0,0,0,"F"
1,1,3,2,"BCBBFFX","","","","E6/G","T",0,1,0,0,0,"F"
1,1,2,2,"FBB1SS","thomt002","","","K","T",1,0,1,0,0,"F"
1,2,1,2,"FT1*BH","thomt002","","","HP.1-2","T",0,1,2,0,0,"F"
1,2,1,2,".C*BTFFFX","garcl004","thomt002","","D67/G.2-H(UR);1-3","T",0,2,3,5,0,"F"
1,2,3,2,"CBTB*BB","","abrej003","garcl004","W","T",0,1,0,2,3,"F"
1,2,0,2,"SFS","davim005","abrej003","garcl004","K","T",1,0,1,2,3,"F"
0,0,0,2,".CFH","","","","HP","T",0,1,0,0,0,"F"
0,0,0,1,"SX","profj001","","","S9/L.1-3","T",0,1,3,0,0,"F"
0,0,2,2,"F*BF*BFX","gallj002","","profj001","FC3/G.3-H;1-2","T",0,1,2,0,4,"F"
0,0,3,1,"C*BB*BB","odorr001","gallj002","","W.2-3;1-2","T",0,1,2,3,0,"F"
0,0,3,2,".CBBBCFC","chirr001","odorr001","gallj002","K","T",1,0,1,2,3,"F"
0,1,2,2,"BCCBX","chirr001","odorr001","gallj002","12(3)/FO/G.2-3;1-2","T",1,1,2,3,0,"F"
0,2,0,2,"CFX","deshd002","chirr001","odorr001","HR/9/F.3-H;2-H;1-H","T",0,4,4,4,4,"F"
0,2,3,2,"CBFBBX","","","","43/G","T",1,0,0,0,0,"F"
1,0,0,1,"CX","","","","8/F","T",1,0,0,0,0,"F"
1,1,1,2,"CBCX","","","","53/G","T",1,0,0,0,0,"F"
1,2,1,2,"BTSX","","","","4/P","T",1,0,0,0,0,"F"
0,0,0,2,"CFX","","","","63/G","T",1,0,0,0,0,"F"
0,1,0,1,"CX","","","","63/G-","T",1,0,0,0,0,"F"
0,2,1,2,"SBFC","","","","K","T",1,0,0,0,0,"F"
1,0,2,2,"FBCBS","","","","K","T",1,0,0,0,0,"F"
1,1,3,2,"SBBFBFFB","","","","W","T",0,1,0,0,0,"F"
1,1,2,2,"FB.BFFFS","andet001","","","K","T",1,0,1,0,0,"F"
1,2,3,2,"BSBS*B>B","andet001","","","W.1-2","T",0,1,2,0,0,"F"
1,2,2,0,".BBB","abrej003","andet001","","WP.2-3;1-2","F",0,0,2,3,0,"F"
1,2,3,2,".BBB.CFX","","abrej003","andet001","D7/L.3-H;2-H","T",0,2,0,4,4,"F"
1,2,2,1,"BSBX","","davim005","","8/F","T",1,0,0,2,0,"F"
0,0,1,1,"CBX","","","","8/L","T",1,0,0,0,0,"F"
0,1,3,1,"CBBBX","","","","S8/L+","T",0,1,0,0,0,"F"
0,1,0,2,"FCX","chirr001","","","65(1)3/GDP","T",2,0,0,0,0,"F"
1,0,3,1,"BBSBX","","","","S8/L+","T",0,1,0,0,0,"F"
1,0,0,2,"CFX","palkd001","","","S9/G.1-2","T",0,1,2,0,0,"F"
1,0,1,2,"FSBX","moncy001","palkd001","","5/P5F","T",1,0,1,2,0,"F"
1,1,2,0,"BBX","moncy001","palkd001","","3/P3F","T",1,0,1,2,0,"F"
1,2,2,2,"SBBFS","moncy001","palkd001","","K","T",1,0,1,2,0,"F"
0,0,1,2,"CSBX","","","","63/G","T",1,0,0,0,0,"F"
0,1,0,1,"CX","","","","7/F","T",1,0,0,0,0,"F"
0,2,2,0,"BBX","","","","63/G+","T",1,0,0,0,0,"F"
1,0,2,2,"BBFSX","","","","43/G","T",1,0,0,0,0,"F"
1,1,0,0,"X","","","","13/G","T",1,0,0,0,0,"F"
1,2,0,1,"CX","","","","3/P","T",1,0,0,0,0,"F"
0,0,2,2,".BCBFX","","","","S5/G","T",0,1,0,0,0,"F"
0,0,0,1,"CX","mazan001","","","63/G.1-2","T",1,0,2,0,0,"F"
0,1,3,2,"SC*BBBC","","mazan001","","K","T",1,0,0,2,0,"F"
0,2,0,0,"X","","mazan001","","5/P5F","T",1,0,0,2,0,"F"
1,0,2,2,"FBCBX","","","","7/F+","T",1,0,0,0,0,"F"
1,1,0,1,".FX","","","","13/G","T",1,0,0,0,0,"F"
1,2,1,0,"BX","","","","53/G","T",1,0,0,0,0,"F"
0,0,0,2,"CCFS","","","","K","T",1,0,0,0,0,"F"
0,1,1,1,"SBX","","","","3/G","T",1,0,0,0,0,"F"
0,2,2,1,"BBCX","","","","43/G-","T",1,0,0,0,0,"F"
1,0,1,2,"CBCFX","","","","63/G","T",1,0,0,0,0,"F"
1,1,1,1,"CBX","","","","53/G","T",1,0,0,0,0,"F"
1,2,2,2,"BCCBFFX","","","","S7/L","T",0,1,0,0,0,"F"
1,2,0,2,"CFX","andet001","","","64(1)/FO/G","T",1,1,0,0,0,"F"
0,0,2,2,".CFBFBFFX","","","","S8/L","T",0,1,0,0,0,"F"
0,0,0,2,"FCFFX","choos001","","","54(1)/FO/G","T",1,1,0,0,0,"F"
0,1,1,2,"SBFX","kinei001","","","S7/G.1-2","T",0,1,2,0,0,"F"
0,1,0,1,"FX","mazan001","kinei001","","S8/L.2-H;1-3(E8/TH);B-2","T",0,2,3,4,0,"F"
0,1,0,0,"X","","profj001","mazan001","D9/L.3-H;2-H(UR)","T",0,2,0,5,4,"F"
0,1,1,2,"CFBFFS","","gallj002","","K","T",1,0,0,2,0,"F"
0,2,2,2,"C*BSBFFS","","gallj002","","K","T",1,0,0,2,0,"F"
1,0,2,2,".BCCBFFFFS","","","","K","T",1,0,0,0,0,"F"
1,1,3,2,"BCBBFB","","","","W","T",0,1,0,0,0,"F"
1,1,1,2,"FCFBFFS","davim005","","","K","T",1,0,1,0,0,"F"
1,2,1,2,"S*BSS","davim005","","","K","T",1,0,1,0,0,"F"
0,0,2,0,"BBX","","","","9/F","T",1,0,0,0,0,"T"
0,1,3,1,"CBBBB","","","","W","T",0,1,0,0,0,"F"
0,1,1,1,"BCX","choos001","","","64(1)3/GDP","T",2,0,0,0,0,"F"
1,0,2,1,"BBCX","","","","7/F","T",1,0,0,0,0,"F"
1,1,1,0,"BX","","","","31/G","T",1,0,0,0,0,"F"
1,2,0,1,"CX","","","","D9/L+","T",0,2,0,0,0,"F"
1,2,1,0,"BX","","abrej003","","8/F+","T",1,0,0,2,0,"F"
0,0,2,2,"BSBFX","","","","D7/L","T",0,2,0,0,0,"F"
0,0,0,0,"X","","mazan001","","D9/L+.2-H","T",0,2,0,4,0,"F"
0,0,3,2,"FBC*BFBC","","profj001","","K","T",1,0,0,2,0,"F"
0,1,1,1,"BCX","","profj001","","D8/L+.2-H","T",0,2,0,4,0,"F"
0,1,1,2,"BFCX","","odorr001","","8/F","T",1,0,0,2,0,"F"
0,2,1,2,"CBCX","","odorr001","","43/G","T",1,0,0,2,0,"F"
1,0,3,2,"CBBCBFX","","","","5/P","T",1,0,0,0,0,"F"
1,1,1,2,"BCCS","","","","K","T",1,0,0,0,0,"F"
1,2,1,1,"CBX","","","","43/G","T",1,0,0,0,0,"F"
0,0,3,2,"FBSBBFS","","","","K","T",1,0,0,0,0,"F"
0,1,3,0,"BBBB","","","","W","T",0,1,0,0,0,"F"
0,1,2,2,"BC*B>FH","choos001","","","HP.1-2","T",0,1,2,0,0,"F"
0,1,2,0,"BBX","kinei001","choos001","","FC6.2-3;1X2(6E4);B-1","T",0,1,2,3,0,"F"
0,1,0,0,"X","mazan001","kinei001","choos001","8/F/SF.3-H(UR);2-3","T",1,0,1,3,5,"F"
0,2,0,2,"FF1X","mazan001","","kinei001","7/F","T",1,0,1,0,3,"F"
1,0,3,2,"CBFBFBX","","","","D7/L","T",0,2,0,0,0,"F"
1,0,0,2,"LLFX","","narvo001","","7/F","T",1,0,0,2,0,"F"
1,1,1,1,"BCX","","narvo001","","43/G+.2-3","T",1,0,0,3,0,"F"
1,2,3,2,"BBBCSB","","","narvo001","W","T",0,1,0,0,3,"F"
1,2,2,2,"*BCBFX","sancc001","","narvo001","S7/L+.3-H;1-2","T",0,1,2,0,4,"F"
1,2,1,1,"BFX","abrej003","sancc001","","S7/L.2-H;1-3","T",0,1,3,4,0,"F"
1,2,1,0,"BX","davim005","","abrej003","T8/F+.3-H;1-H","T",0,3,4,0,4,"F"
1,2,1,2,"FSBX","","","palkd001","63/G+","T",1,0,0,0,3,"F"
0,0,3,2,"BBSBFX","","","","8/L+","T",1,0,0,0,0,"F"
0,1,0,1,"CX","","","","S5/BG","T",0,1,0,0,0,"F"
0,1,0,0,"X","chirr001","","","8/F","T",1,0,1,0,0,"F"
0,2,2,1,"BBCX","chirr001","","","9/F","T",1,0,1,0,0,"F"
1,0,2,2,"BBSCX","","","","53/G","T",1,0,0,0,0,"F"
1,1,0,1,"CX","","","","8/L","T",1,0,0,0,0,"F"
1,2,1,2,"CBFX","","","","53/G","T",1,0,0,0,0,"F"
0,0,1,2,"CCBX","","","","31/G-","T",1,0,0,0,0,"F"
0,1,0,1,"CH","","","","HP","T",0,1,0,0,0,"F"
0,1,2,2,"B1BFFFX","kinei001","","","8/F","T",1,0,1,0,0,"F"
0,2,3,2,"BFBB1F>X","kinei001","","","53/G","T",1,0,1,0,0,"F"
1,0,0,2,"FCX","","","","D9/G+","T",0,2,0,0,0,"F"
1,0,0,2,"FFFFX","","moncy001","","63/G.2-3","T",1,0,0,3,0,"F"
1,1,3,0,"VVVV","","","moncy001","IW","T",0,1,0,0,3,"F"
1,1,1,2,"BCFS","abrej003","","moncy001","K","T",1,0,1,0,3,"F"
1,2,3,1,".BBBFB","abrej003","","moncy001","W.1-2","T",0,1,2,0,3,"F"
1,2,0,0,"X","palkd001","abrej003","moncy001","64(1)/FO/G","T",1,1,0,2,3,"F"
0,0,0,1,"CX","","","","163/G","T",1,0,0,0,0,"F"
0,1,1,2,"LFBX","","","","43/G","T",1,0,0,0,0,"F"
0,2,3,2,"BFFBBFS","","","","K","T",1,0,0,0,0,"F"
1,0,0,0,"X","","","","6/P","T",1,0,0,0,0,"F"
1,1,0,1,"CX","","","","163/G","T",1,0,0,0,0,"F"
1,2,3,1,"BFBBB","","","","W","T",0,1,0,0,0,"F"
1,2,0,0,"111>B","engea001","","","SB2.1-3(E4)","F",0,0,3,0,0,"F"
1,2,3,1,"111>B.BBCX","","","engea001","8/F","T",1,0,0,0,3,"F"
0,0,1,2,".CBCX","","","","9/L","T",1,0,0,0,0,"F"
0,1,1,2,"FSBFX","","","","S8/L","T",0,1,0,0,0,"F"
0,1,2,2,"1C1S*BBFS","deshd002","","","K","T",1,0,1,0,0,"F"
0,2,0,0,"B","deshd002","","","PB.1-2","F",0,0,2,0,0,"F"
0,2,2,2,"B.BCCFS","","deshd002","","K23","T",1,0,0,2,0,"F"
1,0,0,2,"CFS","","","","K","T",1,0,0,0,0,"F"
1,1,2,2,".FFBBX","","","","HR/8/L","T",0,4,0,0,0,"F"
1,1,2,2,"BFBFFX","","","","53/G","T",1,0,0,0,0,"F"
1,2,0,0,".X","","","","3/G+","T",1,0,0,0,0,"F"
0,0,2,2,"..CBBSS","","","","K","T",1,0,0,0,0,"F"
0,1,0,1,"SX","","","","63/G","T",1,0,0,0,0,"F"
0,2,0,1,"FX","","","","8/F+","T",1,0,0,0,0,"F"
1,0,1,0,"BX","","","","S8/G+","T",0,1,0,0,0,"F"
1,0,1,2,"CFFBX","garcl004","","","13/G-.1-2","T",1,0,2,0,0,"F"
1,1,1,2,"*BFFX","","garcl004","","63/G.2-3","T",1,0,0,3,0,"F"
1,2,2,2,"SBSBC","","","garcl004","K","T",1,0,0,0,3,"F"
0,0,0,2,"CLS","","","","K","T",1,0,0,0,0,"F"
0,1,1,2,".CBSS","","","","K","T",1,0,0,0,0,"F"
0,2,2,2,"BCFBX","","","","6/P-","T",1,0,0,0,0,"F"
0,0,1,2,"CBCT","","","","K","T",1,0,0,0,0,"T"
0,1,2,1,"FBBX","","","","S9/G+","T",0,1,0,0,0,"F"
0,1,0,2,"SFX","choos001","","","46(1)/FO/G","T",1,1,0,0,0,"F"
0,2,2,2,"CBSB>B","profj001","","","SB2","F",0,0,2,0,0,"F"
0,2,3,2,"CBSB>B.X","","profj001","","31/G","T",1,0,0,2,0,"F"
1,0,1,2,"CFBX","","","","43/G","T",1,0,0,0,0,"F"
1,1,3,2,"BCFBFBX","","","","53/G","T",1,0,0,0,0,"F"
1,2,2,2,"BCBSS","","","","K","T",1,0,0,0,0,"F"
0,0,3,0,"BBBB","","","","W","T",0,1,0,0,0,"F"
0,0,1,2,"SCFBS","gallj002","","","K","T",1,0,1,0,0,"F"
0,1,0,0,"X","gallj002","","","53/G.1-2","T",1,0,2,0,0,"F"
0,2,0,1,"SX","","gallj002","","63/G","T",1,0,0,2,0,"F"
1,0,2,2,"BSSFBC","","","","K","T",1,0,0,0,0,"F"
1,1,1,2,"CCBX","","","","HR/7/F+","T",0,4,0,0,0,"F"
1,1,2,2,"BSBCX","","","","53/G","T",1,0,0,0,0,"F"
1,2,1,2,"BCFS","","","","K","T",1,0,0,0,0,"F"
0,0,3,1,"BCBBX","","","","D7/L+","T",0,2,0,0,0,"F"
0,0,3,2,"BBBCFS","","perec003","","K","T",1,0,0,2,0,"F"
0,1,0,1,"CX","","perec003","","43/G+.2-3","T",1,0,0,3,0,"F"
0,2,1,2,"FBTS","","","perec003","K","T",1,0,0,0,3,"F"
1,0,0,1,"CX","","","","S48/G+","T",0,1,0,0,0,"F"
1,0,1,2,"1B+1C11SS","engea001","","","K","T",1,0,1,0,0,"F"
1,1,0,0,"1>X","engea001","","","S7/G+.1-3","T",0,1,3,0,0,"F"
1,1,0,2,"SL>B","andet001","","engea001","SB2","F",0,0,2,0,3,"F"
1,1,2,2,"SL>B.BX","","andet001","engea001","S9/L.3-H;2-H","T",0,1,0,4,4,"F"
1,1,3,2,"B1SFBBX","garcl004","","","8/F","T",1,0,1,0,0,"F"
1,2,1,2,"FBFC","garcl004","","","K","T",1,0,1,0,0,"F"
0,0,1,1,"BFX","","","","43/G","T",1,0,0,0,0,"F"
0,1,0,0,"X","","","","7/F+","T",1,0,0,0,0,"F"
0,2,0,2,"FCT","","","","K","T",1,0,0,0,0,"F"
1,0,0,2,"CSFX","","","","S7/L+","T",0,1,0,0,0,"F"
1,0,0,2,"CFC","castw002","","","K","T",1,0,1,0,0,"F"
1,1,1,2,"FSBX","castw002","","","3/P3F","T",1,0,1,0,0,"F"
1,2,2,2,"CFBFFBFS","castw002","","","K","T",1,0,1,0,0,"F"
0,0,1,0,"BX","","","","13/BG","T",1,0,0,0,0,"F"
0,1,1,1,"BCX","","","","7/L","T",1,0,0,0,0,"F"
0,2,0,2,"CFX","","","","8/L","T",1,0,0,0,0,"F"
1,0,0,2,"FSC","","","","K","T",1,0,0,0,0,"F"
1,1,1,0,"BX","","","","63/G","T",1,0,0,0,0,"F"
1,2,2,2,"CBBCX","","","","S8/G","T",0,1,0,0,0,"F"
1,2,1,2,"11FBFS","garcl004","","","K","T",1,0,1,0,0,"F"
0,0,2,2,"CBBSS","","","","K","T",1,0,0,0,0,"F"
0,1,2,2,"BCFBX","","","","31/G","T",1,0,0,0,0,"F"
0,2,2,1,"CBBX","","","","E5/G-","T",0,1,0,0,0,"F"
0,2,0,0,"X","profj001","","","8/L+","T",1,0,1,0,0,"F"
1,0,1,2,".CBSC","","","","K","T",1,0,0,0,0,"F"
1,1,0,1,"CX","","","","8/F","T",1,0,0,0,0,"F"
1,2,3,2,"BFBBCX","","","","6/P","T",1,0,0,0,0,"F"
0,0,0,1,"SX","","","","7/F","T",1,0,0,0,0,"F"
0,1,1,1,"BFX","","","","9/F","T",1,0,0,0,0,"F"
0,2,2,2,"CSFBFBC","","","","K","T",1,0,0,0,0,"F"
1,0,0,0,".X","","","","S4/G","T",0,1,0,0,0,"F"
1,0,1,2,"L1SBS","sancc001","","","K","T",1,0,1,0,0,"F"
1,1,0,0,"1>B","sancc001","","","CS2(24)","F",1,0,0,0,0,"F"
1,2,1,0,"1>B.X","","","","D8/L+","T",0,2,0,0,0,"F"
1,2,0,0,"X","","thomt002","","4/P","T",1,0,0,2,0,"F"
0,0,1,1,"CBX","","","","8/F","T",1,0,0,0,0,"F"
0,1,1,1,"BCX","","","","8/L","T",1,0,0,0,0,"F"
0,2,3,2,"FFBBBFB","","","","W","T",0,1,0,0,0,"F"
0,2,3,2,"BFBBF>S","deshd002","","","K","T",1,0,1,0,0,"F"
1,0,0,2,".FFS","","","","K","T",1,0,0,0,0,"F"
1,1,2,2,"CBFFBFFX","","","","7/F","T",1,0,0,0,0,"F"
1,2,3,2,"CCBBBC","","","","K","T",1,0,0,0,0,"F"
0,0,1,1,".CBX","","","","9/F","T",1,0,0,0,0,"F"
0,1,1,2,"BCCS","","","","K23","T",1,0,0,0,0,"F"
0,2,3,2,"CSBBBFC","","","","K","T",1,0,0,0,0,"F"
0,0,1,0,"BX","","","","63/G+","T",1,0,0,0,0,"T"
0,1,3,2,"CBFFBFBB","","","","W","T",0,1,0,0,0,"F"
0,1,0,1,"FX","jonea003","","","6/P","T",1,0,1,0,0,"F"
0,2,3,2,"1BBFCB>S","jonea003","","","K","T",1,0,1,0,0,"F"
1,0,0,0,"X","","","","5/L","T",1,0,0,0,0,"F"
1,1,0,2,"CSC","","","","K","T",1,0,0,0,0,"F"
1,2,3,2,"BBFFBFX","","","","D8/L+","T",0,2,0,0,0,"F"
1,2,1,1,"BFX","","abrej003","","63/G+","T",1,0,0,2,0,"F"
0,0,1,1,"FBX","","","","8/F+","T",1,0,0,0,0,"F"
0,1,1,2,"CBTC","","","","K","T",1,0,0,0,0,"F"
0,2,3,2,"BBCCFBX","","","","7/F","T",1,0,0,0,0,"F"
1,0,1,1,"BCX","","","","S7/L+","T",0,1,0,0,0,"F"
1,0,0,1,"FX","davim005","","","36(1)/FO/G+","T",1,1,0,0,0,"F"
1,1,3,2,"1F*BBSB>X","garcl004","","","143/G+.1-2","T",1,0,2,0,0,"F"
1,2,3,2,"B2BBCCF*B","","garcl004","","W","T",0,1,0,2,0,"F"
1,2,2,2,"BCBFS","andet001","garcl004","","K","T",1,0,1,2,0,"F"
0,0,0,2,"CFX","","","","S7/L+","T",0,1,0,0,0,"F"
0,0,2,2,"BBSFS","rickj001","","","K","T",1,0,1,0,0,"F"
0,1,3,2,"1BCB+1BFX","rickj001","","","64(1)3/GDP","T",2,0,0,0,0,"F"
1,0,0,2,"CSFS","","","","K","T",1,0,0,0,0,"F"
1,1,2,2,"CFFFBBFFX","","","","163/G","T",1,0,0,0,0,"F"
1,2,0,2,"SFFX","","","","3/P3F","T",1,0,0,0,0,"F"
0,0,0,0,"X","","","","8/F+","T",1,0,0,0,0,"F"
0,1,2,1,"BFBX","","","","HR/7/F","T",0,4,0,0,0,"F"
0,1,0,2,"FFC","","","","K","T",1,0,0,0,0,"F"
0,2,3,2,"CBBBCT","","","","K","T",1,0,0,0,0,"F"
1,0,1,2,"SFBFX","","","","43/G+","T",1,0,0,0,0,"F"
1,1,3,1,"BCBBB","","","","W","T",0,1,0,0,0,"F"
1,1,0,0,"X","davim005","","","4/L","T",1,0,1,0,0,"F"
1,2,0,2,"FFC","davim005","","","K","T",1,0,1,0,0,"F"
0,0,0,1,"FX","","","","HR/8/F","T",0,4,0,0,0,"F"
0,0,0,0,"X","","","","4/L+","T",1,0,0,0,0,"F"
0,1,1,2,"BSFS","","","","K","T",1,0,0,0,0,"F"
0,2,1,1,"SBX","","","","43/G+","T",1,0,0,0,0,"F"
1,0,0,1,"SX","","","","53/G-","T",1,0,0,0,0,"F"
1,1,0,0,"X","","","","S7/L.BX2(74)","T",1,0,0,0,0,"F"
1,2,3,0,"BBBB","","","","W","T",0,1,0,0,0,"F"
1,2,2,1,"B*BCX","moncy001","","","S8/L.1-2","T",0,1,2,0,0,"F"
1,2,1,1,"C*BX","sancc001","moncy001","","D7/L.2-H;1XH(762)","T",1,2,0,4,0,"F"
0,0,0,2,"SCX","","","","8/F+","T",1,0,0,0,0,"F"
0,1,2,2,"SBBCX","","","","HR/78/F","T",0,4,0,0,0,"F"
0,1,3,0,"VVVV","","","","IW","T",0,1,0,0,0,"F"
0,1,0,0,"X","machm001","","","S9/L.1-2","T",0,1,2,0,0,"F"
0,1,2,1,"BC2BX","schoj001","machm001","","6/P/IF","T",1,0,1,2,0,"F"
0,2,3,2,"SBFBB>F>F>F>C","schoj001","machm001","","K","T",1,0,1,2,0,"F"
1,0,2,2,"CBFBX","","","","DGR/78/F","T",0,2,0,0,0,"F"
1,0,3,1,"BBC*BX","","palkd001","","S8/G+.2-3","T",0,1,0,3,0,"F"
1,0,0,2,"FSFX","davim005","","palkd001","DGR/8/F+.3-H;1-3","T",0,2,3,0,4,"F"
1,0,1,2,".CBCFFX","","garcl004","davim005","3/P","T",1,0,0,2,3,"F"
1,1,1,2,"BSSS","","garcl004","davim005","K","T",1,0,0,2,3,"F"
1,2,2,2,"BFBFS","","garcl004","davim005","K","T",1,0,0,2,3,"F"
0,0,3,1,"..BBBCX","","","","8/L+","T",1,0,0,0,0,"F"
0,1,3,2,"SCBFBBS","","","","K","T",1,0,0,0,0,"F"
0,2,2,2,"CBFBS","","","","K","T",1,0,0,0,0,"F"
1,0,0,0,"X","","","","43/G","T",1,0,0,0,0,"F"
1,1,2,2,"BFBCFFX","","","","43/G","T",1,0,0,0,0,"F"
1,2,2,2,"SBBFX","","","","8/L+","T",1,0,0,0,0,"F"
0,0,3,2,".BBFCB*B","","","","W","T",0,1,0,0,0,"F"
0,0,1,2,".1TCBX","gentc001","","","3/P3F","T",1,0,1,0,0,"F"
0,1,2,2,"CBBF1>C","gentc001","","","K+SB2","T",1,0,2,0,0,"F"
0,2,0,1,"SX","","gentc001","","63/G","T",1,0,0,2,0,"F"
1,0,2,0,"..BBX","","","","1/L","T",1,0,0,0,0,"F"
1,1,1,2,"BCFX","","","","9/L","T",1,0,0,0,0,"F"
1,2,0,1,"CX","","","","S1/G-","T",0,1,0,0,0,"F"
1,2,0,0,"11>X","garcl004","","","43/G","T",1,0,1,0,0,"F"
0,0,2,2,"..CBSBX","","","","53/G-","T",1,0,0,0,0,"F"
0,1,0,2,"CFS","","","","K","T",1,0,0,0,0,"F"
0,2,1,2,".SBCS","","","","K23","T",1,0,0,0,0,"F"
1,0,2,2,"..FSBBFFS","","","","K","T",1,0,0,0,0,"F"
1,1,3,2,"SBBSBB","","","","W","T",0,1,0,0,0,"F"
1,1,0,0,"111X","engea001","","","S9/L.1-3","T",0,1,3,0,0,"F"
1,1,0,2,"CLFS","moncy001","","engea001","K","T",1,0,1,0,3,"F"
1,2,3,0,"VVVV","moncy001","","engea001","IW.1-2","T",0,1,2,0,3,"F"
1,2,0,2,"CTFT","abrej003","moncy001","engea001","K","T",1,0,1,2,3,"F"
0,0,1,0,"BX","","","","53/G","T",1,0,0,0,0,"T"
0,1,2,2,"CBSBFX","","","","53/G","T",1,0,0,0,0,"F"
0,2,1,1,"FBX","","","","4/P","T",1,0,0,0,0,"F"
1,0,1,1,"CBX","","","","43/G","T",1,0,0,0,0,"F"
1,1,0,2,"CFX","","","","S7/L","T",0,1,0,0,0,"F"
1,1,2,2,"*BCB1SS","sancc001","","","K","T",1,0,1,0,0,"F"
1,2,3,2,"BBS*BF>F>B","sancc001","","","W.1-2","T",0,1,2,0,0,"F"
1,2,2,2,"B*BSSX","davim005","sancc001","","43/G","T",1,0,1,2,0,"F"
0,0,2,2,"BCCBX","","","","S6/G","T",0,1,0,0,0,"F"
0,0,2,2,"CBF*BFC","schoj001","","","K","T",1,0,1,0,0,"F"
0,1,3,2,"CBFBF*BB","schoj001","","","W.1-2","T",0,1,2,0,0,"F"
0,1,3,2,"BBBCCFX","alvap001","schoj001","","D7/L+.2-H;1-3","T",0,2,3,4,0,"F"
0,1,2,2,"BFSBX","","trumm001","alvap001","43/G.3-H;2-3","T",1,0,0,3,4,"F"
0,2,3,2,"SFBBB*B","","","trumm001","W","T",0,1,0,0,3,"F"
0,2,0,0,"X","siscc001","","trumm001","9/F","T",1,0,1,0,3,"F"
1,0,3,2,"CBCBBX","","","","S7/L+","T",0,1,0,0,0,"F"
1,0,0,2,"CFS","castw002","","","K","T",1,0,1,0,0,"F"
1,1,1,2,"F*BFX","castw002","","","D7/G.1-3","T",0,2,3,0,0,"F"
1,1,0,2,"CFX","","rondj002","castw002","43/G","T",1,0,0,2,3,"F"
1,2,0,2,"FSS","","rondj002","castw002","K","T",1,0,0,2,3,"F"
0,0,0,2,"FFX","","","","63/G","T",1,0,0,0,0,"F"
0,1,3,1,"BFBBX","","","","9/F","T",1,0,0,0,0,"F"
0,2,1,0,"BX","","","","43/G","T",1,0,0,0,0,"F"
1,0,2,2,"CBSBX","","","","5/P","T",1,0,0,0,0,"F"
1,1,0,0,"X","","","","D9/L+","T",0,2,0,0,0,"F"
1,1,0,2,"CSS","","abrej003","","K","T",1,0,0,2,0,"F"
1,2,1,0,"BX","","abrej003","","8/L+","T",1,0,0,2,0,"F"
0,0,1,0,"BX","","","","43/G","T",1,0,0,0,0,"F"
0,1,0,2,"CSS","","","","K","T",1,0,0,0,0,"F"
0,2,0,0,"X","","","","D8/G","T",0,2,0,0,0,"F"
0,2,1,0,"BB","","trumm001","","WP.2-3","F",0,0,0,3,0,"F"
0,2,3,2,"BB.T*BFS","","","trumm001","K","T",1,0,0,0,3,"F"
1,0,1,2,"CSBS","","","","K","T",1,0,0,0,0,"F"
1,1,0,0,"X","","","","63/G","T",1,0,0,0,0,"F"
1,2,2,1,"CBBX","","","","53/G","T",1,0,0,0,0,"F"
0,0,0,2,"CSH","","","","HP","T",0,1,0,0,0,"F"
0,0,0,0,"X","siscc001","","","S7/G.1-2","T",0,1,2,0,0,"F"
0,0,0,0,"X","manct001","siscc001","","9/F/DP.2X3(946)","T",2,0,1,0,0,"F"
0,2,0,0,"X","manct001","","","9/F","T",1,0,1,0,0,"F"
1,0,1,2,"BSLFFX","","","","13/G-","T",1,0,0,0,0,"F"
1,1,1,2,"SSBX","","","","S8/G","T",0,1,0,0,0,"F"
1,1,2,1,"BFB1X","moncy001","","","7/F","T",1,0,1,0,0,"F"
1,2,1,1,"*BSX","moncy001","","","S5/G.1-2","T",0,1,2,0,0,"F"
1,2,1,2,"C*BSFS","abrej003","moncy001","","K","T",1,0,1,2,0,"F"
0,0,0,2,"CSFC","","","","K","T",1,0,0,0,0,"F"
0,1,1,2,"CBFFFS","","","","K","T",1,0,0,0,0,"F"
0,2,3,2,"BBBTSX","","","","63/G","T",1,0,0,0,0,"F"
1,0,1,2,"BCSX","","","","S7/L","T",0,1,0,0,0,"F"
1,0,0,0,"X","palkd001","","","D7/L+.1-3","T",0,2,3,0,0,"F"
1,0,1,2,"BFSC","","castw002","palkd001","K","T",1,0,0,2,3,"F"
1,1,0,2,"CSS","","castw002","palkd001","K23","T",1,0,0,2,3,"F"
1,2,0,2,"CFS","","castw002","palkd001","K","T",1,0,0,2,3,"F"
0,0,2,1,"CBBX","","","","S9/L","T",0,1,0,0,0,"F"
0,0,2,2,"CLBFBX","trumm001","","","46(1)3/GDP","T",2,0,0,0,0,"F"
0,2,1,2,"CSBX","","","","43/G","T",1,0,0,0,0,"F"
1,0,3,2,"BCLBBS","","","","K","T",1,0,0,0,0,"F"
1,1,0,0,"X","","","","S8/L","T",0,1,0,0,0,"F"
1,1,1,2,".BSFFX","sancc001","","","8/L","T",1,0,1,0,0,"F"
1,2,0,2,"C1CT","sancc001","","","K","T",1,0,1,0,0,"F"
0,0,1,2,".CCBFS","","","","K","T",1,0,0,0,0,"F"
0,1,1,1,"FBX","","","","D7/L+","T",0,2,0,0,0,"F"
0,1,3,2,"*BSBBFFFS","","jonea003","","K","T",1,0,0,2,0,"F"
0,2,1,1,"SBX","","jonea003","","43/G","T",1,0,0,2,0,"F"
1,0,2,2,".BCFFBFX","","","","T9/F","T",0,3,0,0,0,"F"
1,0,1,0,"BX","","","palkd001","S9/L.3-H","T",0,1,0,0,4,"F"
1,0,1,2,"BCSS","castw002","","","K","T",1,0,1,0,0,"F"
1,1,1,2,"BCSFX","castw002","","","S8/L.1-3","T",0,1,3,0,0,"F"
1,1,0,2,".1LL1>B","rondj002","","thomt002","SB2","F",0,0,2,0,3,"F"
1,1,3,2,".1LL1>B.BBFB","","rondj002","thomt002","W","T",0,1,0,2,3,"F"
1,1,2,2,".BSBFX","engea001","rondj002","thomt002","9/F/SF.3-H;2-3","T",1,0,1,3,4,"F"
1,2,1,2,"F1BF1X","engea001","","rondj002","S9/L.3-H;1-2","T",0,1,2,0,4,"F"
1,2,1,2,".BSSS","sancc001","engea001","","K","T",1,0,1,2,0,"F"
0,0,3,2,"...BFBBFB","","","","W","T",0,1,0,0,0,"F"
0,0,0,2,"CSFS","davic003","","","K","T",1,0,1,0,0,"F"
0,1,0,0,"X","davic003","","","S8/L+.1-2","T",0,1,2,0,0,"F"
0,1,3,2,".BBBCCX","rickj001","davic003","","8/L","T",1,0,1,2,0,"F"
0,2,1,2,"SS*BFS","rickj001","davic003","","K","T",1,0,1,2,0,"F"
0,0,2,2,"BBCCS","","","","K","T",1,0,0,0,0,"T"
0,1,2,2,"CCBBX","","","","E3/TH/G.B-2","T",0,2,0,0,0,"F"
0,1,1,1,"BFX","","jonea003","","43/G.2-3","T",1,0,0,3,0,"F"
0,2,0,2,"FFFS","","","jonea003","K","T",1,0,0,0,3,"F"
1,0,2,2,"FBCBS","","","","K","T",1,0,0,0,0,"F"
1,1,2,2,"CFFFBFBX","","","","7/F","T",1,0,0,0,0,"F"
1,2,0,2,"CSS","","","","K","T",1,0,0,0,0,"F"
0,0,2,2,"CBBSC","","","","K","T",1,0,0,0,0,"F"
0,1,1,2,"CBFX","","","","S9/L","T",0,1,0,0,0,"F"
0,1,3,1,"BB*BC*B","valed001","","","W.1-2","T",0,1,2,0,0,"F"
0,1,2,1,"BCBX","siscc001","valed001","","36(1)/FO/G.2-3","T",1,1,0,3,0,"F"
0,2,2,0,"*BBX","rickj001","","valed001","S8/G.3-H;1-3","T",0,1,3,0,4,"F"
0,2,0,1,"C11X","petej002","","rickj001","63/G","T",1,0,1,0,3,"F"
1,0,2,2,"BCBCC","","","","K","T",1,0,0,0,0,"F"
1,1,2,1,"CBBX","","","","53/G","T",1,0,0,0,0,"F"
1,2,0,0,"X","","","","8/L","T",1,0,0,0,0,"F"
0,0,0,0,"X","","","","43/G","T",1,0,0,0,0,"F"
0,1,1,2,"CBFX","","","","3/G","T",1,0,0,0,0,"F"
0,2,1,1,"BSX","","","","S5/G-","T",0,1,0,0,0,"F"
0,2,2,0,"BBX","schoj001","","","8/F","T",1,0,1,0,0,"F"
1,0,0,0,"X","","","","63/G","T",1,0,0,0,0,"F"
1,1,3,2,"CBFBBFB","","","","W","T",0,1,0,0,0,"F"
1,1,0,0,"1X","andet001","","","S57/G.1-3","T",0,1,3,0,0,"F"
1,1,1,2,"1BC1FX","engea001","","andet001","HR/8/F.3-H;1-H","T",0,4,4,0,4,"F"
1,1,1,1,"FBX","","","","3/G","T",1,0,0,0,0,"F"
1,2,1,1,"BCX","","","","D8/L+","T",0,2,0,0,0,"F"
1,2,3,1,"*B*BBCX","","abrej003","","S8/G.2-H","T",0,1,0,4,0,"F"
1,2,0,1,"CX","palkd001","","","S7/G.1-2","T",0,1,2,0,0,"F"
1,2,1,2,"BFCX","castw002","palkd001","","43/G","T",1,0,1,2,0,"F"
0,0,1,2,"CBFC","","","","K","T",1,0,0,0,0,"F"
0,1,3,1,"BSBBX","","","","S7/G","T",0,1,0,0,0,"F"
0,1,0,2,"CFFT","siscc001","","","K","T",1,0,1,0,0,"F"
0,2,2,2,"FSB*BX","siscc001","","","7/F","T",1,0,1,0,0,"F"
1,0,2,2,"CBFFBX","","","","6/P","T",1,0,0,0,0,"F"
1,1,0,0,"X","","","","8/L","T",1,0,0,0,0,"F"
1,2,0,2,"CCX","","","","S7/G","T",0,1,0,0,0,"F"
1,2,1,2,"BC1S1>B","engea001","","","SB2","F",0,0,2,0,0,"F"
1,2,2,2,"BC1S1>B.B","","engea001","","WP.2-3","F",0,0,0,3,0,"F"
1,2,3,2,"BC1S1>B.B.B","","","engea001","W","T",0,1,0,0,3,"F"
1,2,1,1,"BCX","moncy001","","engea001","S9/L.3-H;1-2","T",0,1,2,0,4,"F"
1,2,3,2,"C*BBFB>X","sancc001","moncy001","","S8/L.2-H;1-3","T",0,1,3,4,0,"F"
1,2,1,0,".BX","abrej003","","sancc001","63/G","T",1,0,1,0,3,"F"
0,0,2,1,"CBBX","","","","S8/G","T",0,1,0,0,0,"F"
0,0,0,2,"CFS","manct001","","","K","T",1,0,1,0,0,"F"
0,1,1,1,"BSX","manct001","","","9/F","T",1,0,1,0,0,"F"
0,2,1,0,"BX","manct001","","","S8/L.1-2","T",0,1,2,0,0,"F"
0,2,3,2,"CBSB*B>C","schoj001","manct001","","K","T",1,0,1,2,0,"F"
1,0,3,2,"BBCBCX","","","","63/G","T",1,0,0,0,0,"F"
1,1,3,2,"BBSSB*B","","","","W","T",0,1,0,0,0,"F"
1,1,0,0,">S","garcl004","","","SB2","F",0,0,2,0,0,"F"
1,1,2,2,">S.CBF*B>B","","garcl004","","SB3","F",0,0,0,3,0,"F"
1,1,3,2,">S.CBF*B>B..*B","","","thomt002","W","T",0,1,0,0,3,"F"
1,1,1,0,"*BS","rondj002","","thomt002","SB2.3XH(21)","F",1,0,2,0,0,"F"
1,2,3,1,"*BS.B*BX","","rondj002","","S8/F.2-H","T",0,1,0,4,0,"F"
1,2,1,0,"BX","andet001","","","HR/7/F.1-H","T",0,4,4,0,0,"F"
1,2,1,2,"SBCX","","","","43/G","T",1,0,0,0,0,"F"
0,0,0,0,".X","","","","8/F","T",1,0,0,0,0,"F"
0,1,2,2,"CCBBS","","","","K","T",1,0,0,0,0,"F"
0,2,1,1,"BCX","","","","13/G+","T",1,0,0,0,0,"F"
1,0,0,1,".CX","","","","43/G","T",1,0,0,0,0,"F"
1,1,0,2,"CSS","","","","K","T",1,0,0,0,0,"F"
1,2,3,2,"FBSBB*B","","","","W","T",0,1,0,0,0,"F"
1,2,3,2,"BBBCC>F>S","palkd001","","","K","T",1,0,1,0,0,"F"
0,0,1,0,"BX","","","","43/G","T",1,0,0,0,0,"F"
0,1,1,2,"CBFX","","","","3/G","T",1,0,0,0,0,"F"
0,2,0,0,".X","","","","63/G","T",1,0,0,0,0,"F"
1,0,3,2,".CBBSBB","","","","W","T",0,1,0,0,0,"F"
1,0,0,1,"FX","thomt002","","","HR/9/F.1-H","T",0,4,4,0,0,"F"
1,0,1,2,"CBFX","","","","43/G","T",1,0,0,0,0,"F"
1,1,0,0,"X","","","","S6/G","T",0,1,0,0,0,"F"
1,1,3,2,"*BSBF*BS","engea001","","","K","T",1,0,1,0,0,"F"
1,2,0,2,"SCFS","engea001","","","K23","T",1,0,1,0,0,"F"
0,0,3,1,".CBBBX","","","","4/P","T",1,0,0,0,0,"F"
0,1,0,0,"X","","","","53/G","T",1,0,0,0,0,"F"
0,2,3,2,"SBFBFBFX","","","","4/L","T",1,0,0,0,0,"F"
1,0,1,2,"....CFFBX","","","","9/L","T",1,0,0,0,0,"F"
1,1,2,2,"SCBBX","","","","3/L","T",1,0,0,0,0,"F"
1,2,1,2,"BCCS","","","","K","T",1,0,0,0,0,"F"
0,0,1,0,".BX","","","","53/G-","T",1,0,0,0,0,"F"
0,1,1,2,"FBFS","","","","K","T",1,0,0,0,0,"F"
0,2,0,0,"X","","","","53/G","T",1,0,0,0,0,"F"
0,0,0,0,"X","","","","53/G","T",1,0,0,0,0,"T"
0,1,1,0,"BX","","","","S7/L","T",0,1,0,0,0,"F"
0,1,2,2,"*BCCBX","jonea003","","","S7/G.1-2","T",0,1,2,0,0,"F"
0,1,0,1,"CB","machm001","jonea003","","WP.2-3;1-2","F",0,0,2,3,0,"F"
0,1,1,1,"CB.X","","machm001","jonea003","FC5/G.2X3(52)","T",1,1,0,0,3,"F"
0,2,3,2,"BBBFS>B","schoj001","","jonea003","W.1-2","T",0,1,2,0,3,"F"
0,2,3,0,"BBBB","davic003","schoj001","jonea003","W.3-H;2-3;1-2","T",0,1,2,3,4,"F"
0,2,3,1,"BBBCB","alvap001","davic003","schoj001","W.3-H;2-3;1-2","T",0,1,2,3,4,"F"
0,2,0,2,"CFX","gentc001","alvap001","davic003","S7/L.3-H;2-H;1-2","T",0,1,2,4,4,"F"
0,2,2,1,"BCBX","siscc001","gentc001","","8/F","T",1,0,1,2,0,"F"
1,0,2,2,"BCCBFFS","","","","K","T",1,0,0,0,0,"F"
1,1,0,2,"CFS","","","","K23","T",1,0,0,0,0,"F"
1,2,2,0,"BBX","","","","8/F","T",1,0,0,0,0,"F"
0,0,3,2,"CBSBBFFX","","","","HR/7/L","T",0,4,0,0,0,"F"
0,0,1,0,"BX","","","","HR/8/F","T",0,4,0,0,0,"F"
0,0,0,0,"X","","","","8/F","T",1,0,0,0,0,"F"
0,1,3,2,"BBFFBFX","","","","S9/F","T",0,1,0,0,0,"F"
0,1,1,1,"BSH","schoj001","","","HP.1-2","T",0,1,2,0,0,"F"
0,1,2,0,".BBX","davic003","schoj001","","5/P","T",1,0,1,2,0,"F"
0,2,3,0,"B*BBB","davic003","schoj001","","W.2-3;1-2","T",0,1,2,3,0,"F"
0,2,3,2,"BBFBF>F>B","gentc001","davic003","schoj001","W.3-H;2-3;1-2","T",0,1,2,3,4,"F"
0,2,3,2,"SCBBFB>X","siscc001","gentc001","davic003","8/F","T",1,0,1,2,3,"F"
1,0,3,2,"BBBCFX","","","","8/F+","T",1,0,0,0,0,"F"
1,1,0,2,"CSS","","","","K23","T",1,0,0,0,0,"F"
1,2,2,2,"BBCSFC","","","","K","T",1,0,0,0,0,"F"
0,0,3,0,"BBBB","","","","W","T",0,1,0,0,0,"F"
0,0,3,2,"BCF*BBX","manct001","","","S7/L.1-2","T",0,1,2,0,0,"F"
0,0,0,0,"X","jonea003","manct001","","S8/L+.2-H;1-2","T",0,1,2,4,0,"F"
0,0,0,2,"FTS","machm001","jonea003","","K","T",1,0,1,2,0,"F"
0,1,1,2,"BFFS","machm001","jonea003","","K","T",1,0,1,2,0,"F"
0,2,3,2,"BFCBB>X","machm001","jonea003","","S8/L.2-H;1-3","T",0,1,3,4,0,"F"
0,2,0,1,"FX","alvap001","","machm001","6(1)/FO/G","T",1,1,0,0,3,"F"
1,0,1,2,"CBFS","","","","K","T",1,0,0,0,0,"F"
1,1,0,1,"CX","","","","4/L+","T",1,0,0,0,0,"F"
1,2,1,2,"CBSS","","","","K23","T",1,0,0,0,0,"F"
0,0,2,1,"CBBX","","","","63/G+","T",1,0,0,0,0,"F"
0,1,0,1,"FX","","","","63/G","T",1,0,0,0,0,"F"
0,2,2,2,"BFCBS","","","","K","T",1,0,0,0,0,"F"
1,0,0,0,"X","","","","7/F","T",1,0,0,0,0,"F"
1,1,0,2,"CCFH","","","","HP","T",0,1,0,0,0,"F"
1,1,1,2,"CBSS","sancc001","","","K","T",1,0,1,0,0,"F"
1,2,1,2,"CBFS","sancc001","","","K+WP.1-2;B-1","T",0,1,2,0,0,"F"
1,2,1,1,"BCX","palkd001","sancc001","","HR/7/F.2-H;1-H","T",0,4,4,4,0,"F"
1,2,3,2,"CBSBBX","","","","43/G","T",1,0,0,0,0,"F"
0,0,0,2,"FSX","","","","3E1/G","T",0,1,0,0,0,"F"
0,0,0,1,"SB","jonea003","","","WP.1-2","F",0,0,2,0,0,"F"
0,0,1,2,"SB.SS","","jonea003","","K","T",1,0,0,2,0,"F"
0,1,3,2,"BSBS2*BX","","jonea003","","3/P","T",1,0,0,2,0,"F"
0,2,1,0,".BB","","jonea003","","PB.2-3","F",0,0,0,3,0,"F"
0,2,3,2,".BB.*BCCX","","","jonea003","63/G","T",1,0,0,0,3,"F"
1,0,0,0,"X","","","","8/L+","T",1,0,0,0,0,"F"
1,1,1,2,"CCBFX","","","","7/F","T",1,0,0,0,0,"F"
1,2,0,2,"FFC","","","","K","T",1,0,0,0,0,"F"
0,0,0,2,"CSX","","","","S8/L","T",0,1,0,0,0,"F"
0,0,2,0,"BBX","alvap001","","","54(1)/FO/G","T",1,1,0,0,0,"F"
0,1,3,2,"CBBBCS","gentc001","","","K","T",1,0,1,0,0,"F"
0,2,0,1,"C>S","gentc001","","","SB2","F",0,0,2,0,0,"F"
0,2,1,2,"C>S.*BC","","gentc001","","K","T",1,0,0,2,0,"F"
1,0,0,2,"FFX","","","","5/P5F","T",1,0,0,0,0,"F"
1,1,3,2,"BBCBFB","","","","W","T",0,1,0,0,0,"F"
1,1,2,1,"FB*BX","sancc001","","","54(1)3/GDP","T",2,0,0,0,0,"F"
0,0,3,2,".CSBFBBFFS","","","","K","T",1,0,0,0,0,"F"
0,1,2,2,"BSFBX","","","","53/G","T",1,0,0,0,0,"F"
0,2,1,0,"BX","","","","S7/L","T",0,1,0,0,0,"F"
0,2,3,2,"FBS*BFFF*B>F>X","machm001","","","63/G","T",1,0,1,0,0,"F"
1,0,0,2,"CFS","","","","K","T",1,0,0,0,0,"F"
1,1,2,2,"SSBBT","","","","K","T",1,0,0,0,0,"F"
1,2,0,2,"FFX","","","","S8/G","T",0,1,0,0,0,"F"
1,2,1,2,"C*BCS","narvo001","","","K","T",1,0,1,0,0,"F"
0,0,3,0,".BBBB","","","","W","T",0,1,0,0,0,"F"
0,0,0,1,"CX","davic003","","","35(1)3/GDP","T",2,0,0,0,0,"F"
0,2,1,2,"BCFX","","","","S7/L","T",0,1,0,0,0,"F"
0,2,1,2,"BCFFX","gentc001","","","43/G","T",1,0,1,0,0,"F"
1,0,0,2,"CFS","","","","K","T",1,0,0,0,0,"F"
1,1,1,0,"BX","","","","9/L","T",1,0,0,0,0,"F"
1,2,1,2,"SBCS","","","","K","T",1,0,0,0,0,"F"
0,0,2,2,".BCFBX","","","","3/G-","T",1,0,0,0,0,"F"
0,1,3,2,"CSBBBS","","","","K","T",1,0,0,0,0,"F"
0,2,2,1,"BBFX","","","","4/P","T",1,0,0,0,0,"F"
1,0,2,2,"..BFBFFFX","","","","7/L","T",1,0,0,0,0,"F"
1,1,1,2,"SFBX","","","","31/G","T",1,0,0,0,0,"F"
1,2,2,1,"BFBX","","","","163/G","T",1,0,0,0,0,"F"
0,0,3,2,"CFFBBFBB","","","","W","T",0,1,0,0,0,"T"
0,0,1,2,"CBCX","cainl001","","","64(1)/FO/G","T",1,1,0,0,0,"F"
0,1,0,1,"CX","yelic001","","","HR/8/F.1-H","T",0,4,4,0,0,"F"
0,1,0,1,"CX","","","","3/G","T",1,0,0,0,0,"F"
0,2,1,2,"BSFX","","","","S3/G","T",0,1,0,0,0,"F"
0,2,0,2,"SSX","shawt001","","","64(1)/FO/G","T",1,1,0,0,0,"F"
1,0,3,2,"BBBCCX","","","","3/G","T",1,0,0,0,0,"F"
1,1,1,1,"BCX","","","","9/F+","T",1,0,0,0,0,"F"
1,2,1,1,"CBX","","","","63/G","T",1,0,0,0,0,"F"
0,0,1,2,"FBFC","","","","K","T",1,0,0,0,0,"F"
0,1,0,1,"CX","","","","3/G","T",1,0,0,0,0,"F"
0,2,3,2,"BBFBCB","","","","W","T",0,1,0,0,0,"F"
0,2,3,2,"BB1CFB>F>F>B","arcio002","","","W.1-2","T",0,1,2,0,0,"F"
0,2,3,2,"BBFFB>B","cainl001","arcio002","","W.2-3;1-2","T",0,1,2,3,0,"F"
0,2,0,0,"X","yelic001","cainl001","arcio002","9/F","T",1,0,1,2,3,"F"
1,0,3,1,"BSBBB","","","","W","T",0,1,0,0,0,"F"
1,0,0,0,"X","palkd001","","","64(1)3/GDP","T",2,0,0,0,0,"F"
1,2,1,1,"CBX","","","","6/P","T",1,0,0,0,0,"F"
0,0,1,2,"BFSFX","","","","8/L","T",1,0,0,0,0,"F"
0,1,0,1,"CX","","","","S5/BG-","T",0,1,0,0,0,"F"
0,1,1,1,"FBX","shawt001","","","D7/G.1-3","T",0,2,3,0,0,"F"
0,1,0,1,"CX","","santd002","shawt001","8/F/SF.3-H","T",1,0,0,2,4,"F"
0,2,3,2,"CFBBB>FF2FX","","santd002","","8/F","T",1,0,0,2,0,"F"
1,0,2,0,"BBX","","","","DGR/7/L+","T",0,2,0,0,0,"F"
1,0,0,0,"X","","engea001","","S8/G.2-H","T",0,1,0,4,0,"F"
1,0,0,0,">B","tilsc001","","","SB2","F",0,0,2,0,0,"F"
1,0,1,0,">B.X","","tilsc001","","E5/TH/G.2-H;B-2","T",0,2,0,4,0,"F"
1,0,0,1,"CX","","thomt002","","S8/L.2-H(UR);BX2(8364)","T",1,0,0,5,0,"F"
1,1,0,2,"CFS","","","","K","T",1,0,0,0,0,"F"
1,2,2,2,"CBBFFX","","","","7/L","T",1,0,0,0,0,"F"
0,0,1,2,"CBSFX","","","","S8/G","T",0,1,0,0,0,"F"
0,0,3,2,"1FBBBCX","arcio002","","","4/P","T",1,0,1,0,0,"F"
0,1,3,2,"BBBCFB","arcio002","","","W.1-2","T",0,1,2,0,0,"F"
0,1,3,2,".CBBBFX","yelic001","arcio002","","64(1)/FO/G.2-3","T",1,1,0,3,0,"F"
0,2,0,1,"CX","braur002","","arcio002","63/G","T",1,0,1,0,3,"F"
1,0,3,1,"BBBCX","","","","8/F","T",1,0,0,0,0,"F"
1,1,3,2,"CFBFBBFX","","","","53/G","T",1,0,0,0,0,"F"
1,2,3,1,"FBBBX","","","","43/G+","T",1,0,0,0,0,"F"
0,0,3,2,"BFBBFFB","","","","W","T",0,1,0,0,0,"F"
0,0,1,2,"CCBX","shawt001","","","8/F","T",1,0,1,0,0,"F"
0,1,1,2,"CC*BX","shawt001","","","64(1)/FO/G","T",1,1,0,0,0,"F"
0,2,1,0,"B11X","pereh001","","","54(1)/FO/G","T",1,1,0,0,0,"F"
1,0,2,1,"BBCX","","","","S5/BG","T",0,1,0,0,0,"F"
1,0,1,0,"11B1>C","engea001","","","CS2(26)","F",1,0,0,0,0,"F"
1,1,3,2,"11B1>C.FBFBX","","","","5/L+","T",1,0,0,0,0,"F"
1,2,2,1,"BBFX","","","","13/G-","T",1,0,0,0,0,"F"
0,0,2,2,"BCBCX","","","","63/G","T",1,0,0,0,0,"F"
0,1,0,1,"CX","","","","31/G","T",1,0,0,0,0,"F"
0,2,0,0,".X","","","","6/P","T",1,0,0,0,0,"F"
1,0,0,2,"CSFFX","","","","9/L","T",1,0,0,0,0,"F"
1,1,0,1,"CX","","","","6/P","T",1,0,0,0,0,"F"
1,2,0,2,"CFFX","","","","S7/L","T",0,1,0,0,0,"F"
1,2,3,1,".BBSBB","abrej003","","","W.1-2","T",0,1,2,0,0,"F"
1,2,0,1,".CX","palkd001","abrej003","","T7/L.2-H;1-H","T",0,3,4,4,0,"F"
1,2,3,2,"BFBFFFBX","","","andet001","S9/G.3-H","T",0,1,0,0,4,"F"
1,2,0,0,"X","narvo001","","","43/G+","T",1,0,1,0,0,"F"
0,0,2,2,".SBBSC","","","","K","T",1,0,0,0,0,"F"
0,1,0,2,"CFS","","","","K","T",1,0,0,0,0,"F"
0,2,1,2,"FFBX","","","","63/G","T",1,0,0,0,0,"F"
1,0,2,2,".FCBBS","","","","K","T",1,0,0,0,0,"F"
1,1,2,0,"BBX","","","","D9/L","T",0,2,0,0,0,"F"
1,1,2,2,"BCFBX","","thomt002","","43/G.2-3","T",1,0,0,3,0,"F"
1,2,2,2,"FF*BBX","","","thomt002","S7/G.3-H","T",0,1,0,0,4,"F"
1,2,1,2,"CBFX","sancc001","","","D7/L.1-3","T",0,2,3,0,0,"F"
1,2,2,1,"BBCX","","abrej003","sancc001","S4/G.3-H;2XH(42)","T",1,1,0,0,4,"F"
0,0,1,2,".BFCS","","","","K","T",1,0,0,0,0,"F"
0,1,0,1,"CX","","","","63/G","T",1,0,0,0,0,"F"
0,2,3,1,"BCBBB","","","","W","T",0,1,0,0,0,"F"
0,2,3,2,"BBSSB>S","pinam001","","","K","T",1,0,1,0,0,"F"
1,0,1,1,".BSX","","","","9/F","T",1,0,0,0,0,"F"
1,1,1,1,"BSX","","","","63/G","T",1,0,0,0,0,"F"
1,2,3,2,"SBBSBS","","","","K","T",1,0,0,0,0,"F"
0,0,2,2,".CFBBX","","","","4/P","T",1,0,0,0,0,"F"
0,1,3,0,"BBBB","","","","W","T",0,1,0,0,0,"F"
0,1,0,2,"CTX","yelic001","","","46(1)/FO/G","T",1,1,0,0,0,"F"
0,2,0,1,"F>B","braur002","","","DI.1-2","F",0,0,2,0,0,"F"
0,2,3,2,"F>B.S*BFBS","","braur002","","K","T",1,0,0,2,0,"F"
0,0,3,2,"SBCBBC","","","","K","T",1,0,0,0,0,"T"
0,1,1,1,"FBX","","","","S8/L","T",0,1,0,0,0,"F"
0,1,1,2,"CSB>B","yelic001","","","SB2","F",0,0,2,0,0,"F"
0,1,3,2,"CSB>B.*BB","","yelic001","","W","T",0,1,0,2,0,"F"
0,1,1,1,"BSX","aguij001","yelic001","","16(1)3/GDP","T",2,0,0,2,0,"F"
1,0,0,0,"X","","","","31/G","T",1,0,0,0,0,"F"
1,1,2,2,"BCFFBX","","","","4/P","T",1,0,0,0,0,"F"
1,2,2,2,"CBFBC","","","","K","T",1,0,0,0,0,"F"
0,0,1,2,"CBSS","","","","K","T",1,0,0,0,0,"F"
0,1,0,2,"FCX","","","","163/G","T",1,0,0,0,0,"F"
0,2,2,2,"TSBBX","","","","3/G","T",1,0,0,0,0,"F"
1,0,1,2,"BSFC","","","","K","T",1,0,0,0,0,"F"
1,1,0,0,"X","","","","8/L","T",1,0,0,0,0,"F"
1,2,1,1,"BFX","","","","S8/L","T",0,1,0,0,0,"F"
1,2,3,2,"FBBBF>F>X","narvo001","","","3/G-","T",1,0,1,0,0,"F"
0,0,1,2,"BSSX","","","","HR/7/F","T",0,4,0,0,0,"F"
0,0,0,0,"X","","","","63/G","T",1,0,0,0,0,"F"
0,1,2,0,"BBX","","","","8/F","T",1,0,0,0,0,"F"
0,2,0,1,"CX","","","","9/L","T",1,0,0,0,0,"F"
1,0,0,0,"X","","","","3/G","T",1,0,0,0,0,"F"
1,1,3,2,"CBBBSFFB","","","","W","T",0,1,0,0,0,"F"
1,1,0,1,"1CX","thomt002","","","7/F","T",1,0,1,0,0,"F"
1,2,1,0,"11BX","thomt002","","","S8/L.1-3","T",0,1,3,0,0,"F"
1,2,0,2,"FSFS","sancc001","","thomt002","K","T",1,0,1,0,3,"F"
0,0,0,2,"CCX","","","","S7/L","T",0,1,0,0,0,"F"
0,0,1,0,"BX","aguij001","","","9/F","T",1,0,1,0,0,"F"
0,1,1,2,"BSFS","aguij001","","","K","T",1,0,1,0,0,"F"
0,2,0,2,"CSS","aguij001","","","K","T",1,0,1,0,0,"F"
1,0,1,2,"CFBS","","","","K","T",1,0,0,0,0,"F"
1,1,2,1,"BBCX","","","","63/G","T",1,0,0,0,0,"F"
1,2,1,1,"CBX","","","","9/F","T",1,0,0,0,0,"F"
0,0,1,1,"CBX","","","","S9/G+","T",0,1,0,0,0,"F"
0,0,1,1,"C11P1X","villj001","","","S8/G.1-3","T",0,1,3,0,0,"F"
0,0,1,1,"3CBX","krate001","","villj001","6/P5F","T",1,0,1,0,3,"F"
0,1,0,2,"CSFS","krate001","","villj001","K","T",1,0,1,0,3,"F"
0,2,2,2,"C*BBCS","krate001","","villj001","K","T",1,0,1,0,3,"F"
1,0,2,2,"BCFBS","","","","K","T",1,0,0,0,0,"F"
1,1,1,1,"CBX","","","","63/G","T",1,0,0,0,0,"F"
1,2,2,1,"SBBX","","","","8/L","T",1,0,0,0,0,"F"
0,0,0,1,"CX","","","","D8/F","T",0,2,0,0,0,"F"
0,0,0,2,"CFFB","","aguij001","","WP.2-3","F",0,0,0,3,0,"F"
0,0,3,2,"CFFB.FFBFBX","","","aguij001","3/P","T",1,0,0,0,3,"F"
0,1,1,1,"F3*BX","","","aguij001","6/L/DP.3X3(65)","T",2,0,0,0,0,"F"
1,0,1,1,"BCX","","","","S8/G","T",0,1,0,0,0,"F"
1,0,1,1,"1FB>X","moncy001","","","8/F","T",1,0,1,0,0,"F"
1,1,0,0,">S","moncy001","","","SB2","F",0,0,2,0,0,"F"
1,1,3,2,">S.BBBCX","","moncy001","","43/G.2-3","T",1,0,0,3,0,"F"
1,2,0,2,"..SSC","","","moncy001","K","T",1,0,0,0,3,"F"
0,0,3,1,".BSBBX","","","","8/F","T",1,0,0,0,0,"F"
0,1,0,0,"X","","","","HR/9/F","T",0,4,0,0,0,"F"
0,1,0,1,"TX","","","","7/F","T",1,0,0,0,0,"F"
0,2,2,1,"BBCX","","","","8/F","T",1,0,0,0,0,"F"
1,0,0,2,"CFFFFX","","","","4/P","T",1,0,0,0,0,"F"
1,1,3,2,"BSFBBB","","","","W","T",0,1,0,0,0,"F"
1,1,0,2,"CCS","narvo001","","","K","T",1,0,1,0,0,"F"
1,2,0,2,"FSC","narvo001","","","K","T",1,0,1,0,0,"F"
0,0,3,2,"BCFBBX","","","","HR/7/F","T",0,4,0,0,0,"F"
0,0,3,2,".BBBCCB","","","","W","T",0,1,0,0,0,"F"
0,0,1,0,"BX","yelic001","","","HR/89/F.1-H","T",0,4,4,0,0,"F"
0,0,1,2,"CBSX","","","","53/G","T",1,0,0,0,0,"F"
0,1,0,0,"X","","","","5/P5F","T",1,0,0,0,0,"F"
0,2,1,2,"BFCS","","","","K","T",1,0,0,0,0,"F"
1,0,2,2,".CCBBS","","","","K","T",1,0,0,0,0,"F"
1,1,1,2,"CBFX","","","","13/G","T",1,0,0,0,0,"F"
1,2,1,1,"CBX","","","","7/L","T",1,0,0,0,0,"F"
0,0,3,2,".CBBCBX","","","","S4/G","T",0,1,0,0,0,"F"
0,0,2,2,"BCF*BX","villj001","","","64(1)3/GDP","T",2,0,0,0,0,"F"
0,2,2,2,"BFSBFFX","","","","53/G","T",1,0,0,0,0,"F"
1,0,2,2,"BFSBX","","","","S8/L","T",0,1,0,0,0,"F"
1,0,1,2,"CFBFX","abrej003","","","D7/L.1-3","T",0,2,3,0,0,"F"
1,0,2,2,"*BS*BSFX","","rondj002","abrej003","6/P","T",1,0,0,2,3,"F"
1,1,0,0,"X","","rondj002","abrej003","5/P5F","T",1,0,0,2,3,"F"
1,2,0,2,".SFFS","","rondj002","abrej003","K","T",1,0,0,2,3,"F"
0,0,2,2,"CCFBBFS","","","","K","T",1,0,0,0,0,"T"
0,1,0,0,"X","","","","63/G+","T",1,0,0,0,0,"F"
0,2,0,2,"CTX","","","","S8/L","T",0,1,0,0,0,"F"
0,2,3,2,"*BBSCFB>F>B","aguij001","","","W.1-2","T",0,1,2,0,0,"F"
0,2,3,2,"FBCFBB>S","shawt001","aguij001","","K","T",1,0,1,2,0,"F"
1,0,1,2,"CBFX","","","","53/G","T",1,0,0,0,0,"F"
1,1,2,2,"CBSBX","","","","8/F","T",1,0,0,0,0,"F"
1,2,2,2,"BFBFS","","","","K","T",1,0,0,0,0,"F"
0,0,3,2,"CSBFBFBX","","","","6/P","T",1,0,0,0,0,"F"
0,1,2,2,"BFSBS","","","","K","T",1,0,0,0,0,"F"
0,2,0,2,"CFX","","","","53/G","T",1,0,0,0,0,"F"
1,0,0,2,"CSS","","","","K","T",1,0,0,0,0,"F"
1,1,0,2,"CFS","","","","K","T",1,0,0,0,0,"F"
1,2,3,2,"BFBFBX","","","","T9/L","T",0,3,0,0,0,"F"
1,2,2,0,"BBX","","","moncy001","63/G-","T",1,0,0,0,3,"F"
0,0,0,2,"SFT","","","","K","T",1,0,0,0,0,"F"
0,1,0,0,"X","","","","31/G","T",1,0,0,0,0,"F"
0,2,2,2,"CCBBX","","","","3/G","T",1,0,0,0,0,"F"
1,0,0,1,"LX","","","","6/P","T",1,0,0,0,0,"F"
1,1,1,0,"BX","","","","3/L","T",1,0,0,0,0,"F"
1,2,3,1,"CBBBX","","","","9/L","T",1,0,0,0,0,"F"
0,0,2,1,"BCBX","","","","3/P","T",1,0,0,0,0,"F"
0,1,3,2,"FBSBBFB","","","","W","T",0,1,0,0,0,"F"
0,1,1,1,"BCX","shawt001","","","54(1)/FO/G","T",1,1,0,0,0,"F"
0,2,1,2,"FSF*BS","santd002","","","K","T",1,0,1,0,0,"F"
1,0,0,1,"CX","","","","53/G","T",1,0,0,0,0,"F"
1,1,3,2,"BFBBFFFX","","","","53/G","T",1,0,0,0,0,"F"
1,2,2,2,"SBBSS","","","","K","T",1,0,0,0,0,"F"
0,0,3,2,"CBSBBFC","","","","K","T",1,0,0,0,0,"F"
0,1,1,1,"FBX","","","","S7/L","T",0,1,0,0,0,"F"
0,1,0,0,">X","pinam001","","","S8/G.1-3","T",0,1,3,0,0,"F"
0,1,3,1,"1BBBCB","arcio002","","pinam001","W.1-2","T",0,1,2,0,3,"F"
0,1,0,1,"FX","cainl001","arcio002","pinam001","E5/FO/G.3-H(NR)(UR);2-3;1-2","T",0,1,2,3,5,"F"
0,1,0,1,"CX","yelic001","cainl001","arcio002","3/P/IF","T",1,0,1,2,3,"F"
0,2,2,2,"BCFBS","yelic001","cainl001","arcio002","K","T",1,0,1,2,3,"F"
1,0,1,2,"CFBS","","","","K","T",1,0,0,0,0,"F"
1,1,3,1,"CBBBB","","","","W","T",0,1,0,0,0,"F"
1,1,1,2,"11CBS1FS","moncy001","","","K","T",1,0,1,0,0,"F"
1,2,3,2,"FF1>FB1B1FB>F>B","moncy001","","","W.1-2","T",0,1,2,0,0,"F"
1,2,0,0,"X","tilsc001","moncy001","","S7/L.2-H;1-2","T",0,1,2,4,0,"F"
1,2,1,0,"BX","gonza006","tilsc001","","5(2)/FO/G.1-2","T",1,1,2,0,0,"F"
0,0,1,0,"BX","","","","S4/G","T",0,1,0,0,0,"F"
0,0,0,1,"..1CX","santd002","","","4/L/DP.1X1(43)","T",2,0,0,0,0,"F"
0,2,1,0,"BX","","","","S1/G-","T",0,1,0,0,0,"F"
0,2,0,2,".11CC>B","villj001","","","CS2(24)","F",1,0,0,0,0,"F"
1,0,2,2,".CSBBFX","","","","S8/L","T",0,1,0,0,0,"F"
1,0,2,1,".1BT1*BX","sancc001","","","6/P","T",1,0,1,0,0,"F"
1,1,1,0,".B>S","sancc001","","","SB2.1-3(E2/TH)","F",0,0,3,0,0,"F"
1,1,3,2,".B>S.FBBFX","","","sancc001","HR/9/F.3-H","T",0,4,0,0,4,"F"
1,1,1,0,"BX","","","","HR/8/F","T",0,4,0,0,0,"F"
1,1,0,0,"X","","","","9/L","T",1,0,0,0,0,"F"
1,2,2,2,"BCCBC","","","","K","T",1,0,0,0,0,"F"
0,0,1,2,"..CBCS","","","","K","T",1,0,0,0,0,"F"
0,1,1,2,"CSBX","","","","1/G-","T",1,0,0,0,0,"F"
0,2,0,2,"FCS","","","","K","T",1,0,0,0,0,"F"
1,0,1,1,".BFX","","","","31/G","T",1,0,0,0,0,"F"
1,1,1,2,"SBST","","","","K","T",1,0,0,0,0,"F"
1,2,2,2,"BFBCX","","","","53/G","T",1,0,0,0,0,"F"
0,0,0,0,".X","","","","3/BG","T",1,0,0,0,0,"F"
0,1,1,2,"CBSX","","","","9/F","T",1,0,0,0,0,"F"
0,2,2,0,"BBX","","","","31/G","T",1,0,0,0,0,"F"
1,0,3,2,".BSBFBB","","","","W","T",0,1,0,0,0,"F"
1,0,1,1,"1CB1X","sancc001","","","D7/L.1-H","T",0,2,4,0,0,"F"
1,0,2,2,"*BBFCS","","abrej003","","K","T",1,0,0,2,0,"F"
1,1,0,0,"X","","abrej003","","D8/L.2-H","T",0,2,0,4,0,"F"
1,1,1,2,"FC*BS","","engea001","","K","T",1,0,0,2,0,"F"
1,2,3,0,"BBBV","","engea001","","IW","T",0,1,0,2,0,"F"
1,2,0,0,"X","thomt002","engea001","","1/G-","T",1,0,1,2,0,"F"
0,0,2,0,".BBX","","","","53/G","T",1,0,0,0,0,"F"
0,1,2,1,"BBFX","","","","63/G","T",1,0,0,0,0,"F"
0,2,1,2,"CSBX","","","","S6/G","T",0,1,0,0,0,"F"
0,2,0,0,">C","villj001","","","DI.1-2","F",0,0,2,0,0,"F"
0,2,2,1,">C.BBX","","villj001","","4/P","T",1,0,0,2,0,"F"
0,0,1,1,"BCX","","","","7/F","T",1,0,0,0,0,"T"
0,1,2,0,"BBX","","","","6/P","T",1,0,0,0,0,"F"
0,2,2,2,"CBCFBX","","","","3/G","T",1,0,0,0,0,"F"
1,0,0,2,"CSC","","","","K","T",1,0,0,0,0,"F"
1,1,1,1,"BFH","","","","HP","T",0,1,0,0,0,"F"
1,1,2,2,"CFB1FBB","sancc001","","","WP.1-2","F",0,0,2,0,0,"F"
1,1,3,2,"CFB1FBB.FX","","sancc001","","8/L","T",1,0,0,2,0,"F"
1,2,1,1,"BC*B","","sancc001","","SB3","F",0,0,0,3,0,"F"
1,2,3,2,"BC*B.BFS","","","sancc001","K","T",1,0,0,0,3,"F"
0,0,1,0,"BX","","","","63/G","T",1,0,0,0,0,"F"
0,1,0,0,"X","","","","63/G","T",1,0,0,0,0,"F"
0,2,3,0,"BBBB","","","","W","T",0,1,0,0,0,"F"
0,2,2,2,"BBCFX","cabrm002","","","7/F","T",1,0,1,0,0,"F"
1,0,1,2,"CSBS","","","","K","T",1,0,0,0,0,"F"
1,1,3,2,"CFBFBFFBFX","","","","S8/G","T",0,1,0,0,0,"F"
1,1,2,2,"CBBFS","smitk002","","","K","T",1,0,1,0,0,"F"
1,2,3,2,"FSBB*B>F>X","smitk002","","","S4/G.1-2","T",0,1,2,0,0,"F"
1,2,1,2,"BCFC","tilsc001","smitk002","","K","T",1,0,1,2,0,"F"
0,0,1,2,"BFSS","","","","K","T",1,0,0,0,0,"F"
0,1,3,1,"BCBBB","","","","W","T",0,1,0,0,0,"F"
0,1,0,0,"1>B","gonze004","","","SB2","F",0,0,2,0,0,"F"
0,1,3,2,"1>B.SBSBX","","gonze004","","7/F","T",1,0,0,2,0,"F"
0,2,0,1,"FX","","gonze004","","8/F","T",1,0,0,2,0,"F"
1,0,1,2,"SBSS","","","","K","T",1,0,0,0,0,"F"
1,1,0,1,"CX","","","","43/G","T",1,0,0,0,0,"F"
1,2,0,1,"CX","","","","53/G","T",1,0,0,0,0,"F"
0,0,3,2,"BBBCFFX","","","","63/G","T",1,0,0,0,0,"F"
0,1,2,2,"BFCBC","","","","K","T",1,0,0,0,0,"F"
0,2,3,2,"CBFBBB","","","","W","T",0,1,0,0,0,"F"
0,2,3,1,"BBFBB","alony001","","","W.1-2","T",0,1,2,0,0,"F"
0,2,0,0,"X","cabrm002","alony001","","S8/F.2-H;1-3","T",0,1,3,4,0,"F"
0,2,2,1,"CBBX","chisl001","","cabrm002","D7/L+.3-H;1-H","T",0,2,4,0,4,"F"
0,2,3,2,"*BFS*B*BX","","gomey001","","63/G","T",1,0,0,2,0,"F"
1,0,2,2,"BFBFS","","","","K","T",1,0,0,0,0,"F"
1,1,2,2,"FBBSFS","","","","K","T",1,0,0,0,0,"F"
1,2,0,1,"CX","","","","9/L","T",1,0,0,0,0,"F"
0,0,1,0,"BX","","","","53/G","T",1,0,0,0,0,"F"
0,1,2,1,"CBBX","","","","HR/9/F","T",0,4,0,0,0,"F"
0,1,3,2,"BCSBBS","","","","K","T",1,0,0,0,0,"F"
0,2,3,1,"BBBFX","","","","7/F","T",1,0,0,0,0,"F"
1,0,1,0,"BX","","","","53/G","T",1,0,0,0,0,"F"
1,1,1,1,"CBX","","","","43/G","T",1,0,0,0,0,"F"
1,2,1,0,"BX","","","","9/F","T",1,0,0,0,0,"F"
0,0,0,0,"X","","","","S7/G","T",0,1,0,0,0,"F"
0,0,3,2,".CSF*B*BBFS","alony001","","","K","T",1,0,1,0,0,"F"
0,1,1,1,"BFX","alony001","","","DGR/89/L.1-3","T",0,2,3,0,0,"F"
0,1,0,0,"X","","chisl001","alony001","63/G","T",1,0,0,2,3,"F"
0,2,2,1,"CB2BX","","chisl001","alony001","63/G","T",1,0,0,2,3,"F"
1,0,0,2,"CFC","","","","K","T",1,0,0,0,0,"F"
1,1,3,2,"BCBFFBB","","","","W","T",0,1,0,0,0,"F"
1,1,0,2,"FCB","sancc001","","","WP.1-2","F",0,0,2,0,0,"F"
1,1,1,2,"FCB.X","","sancc001","","7/F","T",1,0,0,2,0,"F"
1,2,1,2,"CBS+2X","","sancc001","","5/P","T",1,0,0,2,0,"F"
0,0,0,2,".FLS","","","","K","T",1,0,0,0,0,"F"
0,1,2,2,"BFFBS","","","","K","T",1,0,0,0,0,"F"
0,2,3,2,"CBCBFBX","","","","S7/L+","T",0,1,0,0,0,"F"
0,2,2,1,"*BBF>B","ramij003","","","SB2","F",0,0,2,0,0,"F"
0,2,3,1,"*BBF>B.B","","ramij003","","W","T",0,1,0,2,0,"F"
0,2,0,0,"X","lindf001","ramij003","","3/P","T",1,0,1,2,0,"F"
1,0,0,2,"SFFS","","","","K","T",1,0,0,0,0,"F"
1,1,1,2,"SBFX","","","","63/G","T",1,0,0,0,0,"F"
1,2,1,2,"BFCS","","","","K","T",1,0,0,0,0,"F"
0,0,2,1,".BFBX","","","","9/F","T",1,0,0,0,0,"F"
0,1,0,2,"CFX","","","","S14/G","T",0,1,0,0,0,"F"
0,1,3,2,"11BBF1BS>F>B","chisl001","","","W.1-2","T",0,1,2,0,0,"F"
0,1,1,2,"BCFC","gomey001","chisl001","","K","T",1,0,1,2,0,"F"
0,2,0,2,"FFC","gomey001","chisl001","","K","T",1,0,1,2,0,"F"
1,0,1,2,".CBCX","","","","6/L-","T",1,0,0,0,0,"F"
1,1,0,0,"H","","","","HP","T",0,1,0,0,0,"F"
1,1,0,1,".CX","engea001","","","164(1)/FO/G","T",1,1,0,0,0,"F"
1,2,2,2,"FBBFX","moncy001","","","7/F","T",1,0,1,0,0,"F"
0,0,3,1,".BCBBX","","","","63/G","T",1,0,0,0,0,"F"
0,1,2,0,"BBX","","","","7/L","T",1,0,0,0,0,"F"
0,2,1,0,"BX","","","","53/G","T",1,0,0,0,0,"F"
1,0,0,0,".X","","","","8/F","T",1,0,0,0,0,"F"
1,1,1,2,"CSFBS","","","","K23","T",1,0,0,0,0,"F"
1,2,2,2,"BCBFS","","","","K","T",1,0,0,0,0,"F"
0,0,0,0,"H","","","","HP","T",0,1,0,0,0,"T"
0,0,3,1,"BBBCX","lindf001","","","7/F","T",1,0,1,0,0,"F"
0,1,1,2,"CBS>X","lindf001","","","3/P","T",1,0,1,0,0,"F"
0,2,1,2,"SBFS","lindf001","","","K","T",1,0,1,0,0,"F"
1,0,2,1,"BBFX","","","","HR/8/F","T",0,4,0,0,0,"F"
1,0,0,0,"X","","","","HR/8/F","T",0,4,0,0,0,"F"
1,0,2,2,"CFBBX","","","","43/G","T",1,0,0,0,0,"F"
1,1,3,2,"FBBFBFB","","","","W","T",0,1,0,0,0,"F"
1,1,0,0,"X","palkd001","","","D8/F+.1-H","T",0,2,4,0,0,"F"
1,1,1,1,"C*BX","","davim005","","7/F","T",1,0,0,2,0,"F"
1,2,0,0,"B","","davim005","","WP.2-3","F",0,0,0,3,0,"F"
1,2,1,2,"B.SFFS","","","davim005","K","T",1,0,0,0,3,"F"
0,0,2,1,"CBBX","","","","7/F","T",1,0,0,0,0,"F"
0,1,1,2,"CBFX","","","","8/L","T",1,0,0,0,0,"F"
0,2,0,2,"CFX","","","","9/L","T",1,0,0,0,0,"F"
1,0,1,0,"BX","","","","S7/L","T",0,1,0,0,0,"F"
1,0,1,0,"B1X","tilsc001","","","8/F","T",1,0,1,0,0,"F"
1,1,0,1,"C1>B","tilsc001","","","CS2(26)","F",1,0,0,0,0,"F"
1,2,2,2,"C1>B.FBS","","","","K","T",1,0,0,0,0,"F"
0,0,2,2,"CBFBS","","","","K","T",1,0,0,0,0,"F"
0,1,1,0,"BX","","","","8/F","T",1,0,0,0,0,"F"
0,2,1,1,"BCX","","","","D7/G","T",0,2,0,0,0,"F"
0,2,0,0,"X","","lindf001","","8/L+","T",1,0,0,2,0,"F"
1,0,3,2,"BBFFBFB","","","","W","T",0,1,0,0,0,"F"
1,0,2,1,"BBF1N","sancc001","","","BK.1-2","F",0,0,2,0,0,"F"
1,0,2,2,"BBF1N.SS","","sancc001","","K","T",1,0,0,2,0,"F"
1,1,1,2,"BFFT","","sancc001","","K","T",1,0,0,2,0,"F"
1,2,2,2,"SFBBS","","sancc001","","K","T",1,0,0,2,0,"F"
0,0,3,2,"BBCCFBX","","","","8/L","T",1,0,0,0,0,"F"
0,1,2,2,"FCBBFX","","","","9/F","T",1,0,0,0,0,"F"
0,2,2,1,"BSBX","","","","63/G","T",1,0,0,0,0,"F"
1,0,2,0,"BBX","","","","S8/L","T",0,1,0,0,0,"F"
1,0,1,0,"BX","narvo001","","","4/P","T",1,0,1,0,0,"F"
1,1,3,2,"*BCBLFFBX","narvo001","","","46(1)/FO/G","T",1,1,0,0,0,"F"
1,2,1,0,"1BX","tilsc001","","","S9/L.1-3","T",0,1,3,0,0,"F"
1,2,0,0,"X","engea001","","tilsc001","5/P5F","T",1,0,1,0,3,"F"
0,0,2,2,"BFFBFX","","","","8/L","T",1,0,0,0,0,"F"
0,1,1,2,"BCFX","","","","53/G","T",1,0,0,0,0,"F"
0,2,0,1,"CX","","","","8/F","T",1,0,0,0,0,"F"
1,0,0,1,"CX","","","","5/P2F","T",1,0,0,0,0,"F"
1,1,0,2,"FCX","","","","63/G","T",1,0,0,0,0,"F"
1,2,3,2,"BCBBSB","","","","W","T",0,1,0,0,0,"F"
1,2,1,1,"B+1SX","palkd001","","","D8/L+.1-H","T",0,2,4,0,0,"F"
1,2,0,0,"X","","davim005","","D9/L+.2-H","T",0,2,0,4,0,"F"
1,2,0,2,".CSFFFS","","narvo001","","K","T",1,0,0,2,0,"F"
0,0,2,2,"CSBBX","","","","8/L","T",1,0,0,0,0,"F"
0,1,1,0,"BX","","","","D9/L","T",0,2,0,0,0,"F"
0,1,2,0,"BBX","","lindf001","","S46/G.2-3","T",0,1,0,3,0,"F"
0,1,1,2,"CF*BB","branm003","","lindf001","WP.1-2","F",0,0,2,0,3,"F"
0,1,3,2,"CF*BB.BFX","","branm003","lindf001","7/F/SF.3-H","T",1,0,0,2,4,"F"
0,2,0,2,"CSFX","","branm003","","7/F","T",1,0,0,2,0,"F"
1,0,2,2,"FFBBS","","","","K","T",1,0,0,0,0,"F"
1,1,1,2,"CSBX","","","","6/L","T",1,0,0,0,0,"F"
1,2,3,2,"BBFBSC","","","","K","T",1,0,0,0,0,"F"
0,0,1,0,"BX","","","","D8/F","T",0,2,0,0,0,"F"
0,0,2,2,"BCFF*BX","","alony001","","7/F","T",1,0,0,2,0,"F"
0,1,1,2,"FTBFX","","alony001","","63/G.2-3","T",1,0,0,3,0,"F"
0,2,1,0,"BX","","","alony001","8/F","T",1,0,0,0,3,"F"
1,0,0,0,"X","","","","7/L","T",1,0,0,0,0,"F"
1,1,2,1,"BBFX","","","","63/G","T",1,0,0,0,0,"F"
1,2,0,2,"CTFX","","","","3/G","T",1,0,0,0,0,"F"
0,0,3,2,"..CBBBFS","","","","K","T",1,0,0,0,0,"F"
0,1,2,2,"CBBFS","","","","K","T",1,0,0,0,0,"F"
0,2,2,2,"BCBSX","","","","63/G","T",1,0,0,0,0,"F"
1,0,3,2,".BFBFBB","","","","W","T",0,1,0,0,0,"F"
1,0,1,0,".1BX","rondj002","","","2/BP2F","T",1,0,1,0,0,"F"
1,1,1,0,"BX","rondj002","","","7/L","T",1,0,1,0,0,"F"
1,2,3,1,"11S1BBB*B","rondj002","","","W.1-2","T",0,1,2,0,0,"F"
1,2,1,2,".BCSFFFS","tilsc001","rondj002","","K","T",1,0,1,2,0,"F"
0,0,3,2,"..BCBBFFFX","","","","D8/L","T",0,2,0,0,0,"F"
0,0,1,0,"BX","","ramij003","","43/G.2-3","T",1,0,0,3,0,"F"
0,1,3,0,"*BBB*B","","","ramij003","W","T",0,1,0,0,3,"F"
0,1,2,2,".BBSFS","alony001","","ramij003","K","T",1,0,1,0,3,"F"
0,2,0,1,".F*B","alony001","","ramij003","DI.1-2","F",0,0,2,0,3,"F"
0,2,1,1,".F*B.X","","alony001","ramij003","8/F","T",1,0,0,2,3,"F"
0,0,3,2,"BBCCBX","","","","3/G+","T",1,0,0,0,0,"T"
0,1,1,1,"BFX","","","","S7/F","T",0,1,0,0,0,"F"
0,1,0,0,"X","branm003","","","S9/G+.1-2","T",0,1,2,0,0,"F"
0,1,0,1,"CX","ramij003","branm003","","43/G.2-3;1-2","T",1,0,2,3,0,"F"
0,2,2,2,"BBSFC","","ramij003","branm003","K","T",1,0,0,2,3,"F"
1,0,1,2,"CSBC","","","","K","T",1,0,0,0,0,"F"
1,1,3,2,"CBBSBB","","","","W","T",0,1,0,0,0,"F"
1,1,0,0,"X","sancc001","","","9/L+","T",1,0,1,0,0,"F"
1,2,0,2,"CC1B","sancc001","","","WP.1-2","F",0,0,2,0,0,"F"
1,2,1,2,"CC1B.S","","sancc001","","K","T",1,0,0,2,0,"F"
0,0,3,2,"CFBFBBS","","","","K","T",1,0,0,0,0,"F"
0,1,1,2,"CCBFFT","","","","K","T",1,0,0,0,0,"F"
0,2,0,0,"X","","","","43/G","T",1,0,0,0,0,"F"
1,0,2,2,"FCBFBFS","","","","K","T",1,0,0,0,0,"F"
1,1,1,2,"CSBX","","","","53/G","T",1,0,0,0,0,"F"
1,2,0,0,"X","","","","S5/G","T",0,1,0,0,0,"F"
1,2,0,0,"X","tilsc001","","","7/F","T",1,0,1,0,0,"F"
0,0,2,2,"BCBCC","","","","K","T",1,0,0,0,0,"F"
0,1,0,1,"CX","","","","43/G","T",1,0,0,0,0,"F"
0,2,0,2,"FCS","","","","K","T",1,0,0,0,0,"F"
1,0,3,2,"CBFBFBFX","","","","53/G","T",1,0,0,0,0,"F"
1,1,1,2,"SBFS","","","","K","T",1,0,0,0,0,"F"
1,2,1,2,"CSFBC","","","","K","T",1,0,0,0,0,"F"
0,0,2,0,"BBX","","","","31/G","T",1,0,0,0,0,"F"
0,1,1,0,"BX","","","","9/F+","T",1,0,0,0,0,"F"
0,2,1,2,"SBFX","","","","S4/G","T",0,1,0,0,0,"F"
0,2,0,0,"X","alony001","","","S8/L.1-2","T",0,1,2,0,0,"F"
0,2,0,2,"CCX","cabrm002","alony001","","53/G-","T",1,0,1,2,0,"F"
1,0,1,1,"CBX","","","","63/G","T",1,0,0,0,0,"F"
1,1,2,2,"FBBSFFC","","","","K","T",1,0,0,0,0,"F"
1,2,2,1,"BBFX","","","","3/G","T",1,0,0,0,0,"F"
0,0,0,0,"X","","","","S7/L","T",0,1,0,0,0,"F"
0,0,1,0,"BX","perer003","","","9/F","T",1,0,1,0,0,"F"
0,1,1,0,"BX","perer003","","","3(B)6(1)/GDP","T",2,0,0,0,0,"F"
1,0,3,2,"BSCFBBB","","","","W","T",0,1,0,0,0,"F"
1,0,1,0,"B>C","andet001","","","SB2.1-3(E2/TH)","F",0,0,3,0,0,"F"
1,0,1,1,"B>C.X","","","andet001","T9/L.3-H","T",0,3,0,0,4,"F"
1,0,1,2,"BSCS","","","tilsc001","K","T",1,0,0,0,3,"F"
1,1,1,1,"S*B>X","","","tilsc001","23/BG/SH.3-H","T",1,0,0,0,4,"F"
1,2,0,0,"X","","","","9/F+","T",1,0,0,0,0,"F"
0,0,0,1,"CX","","","","S16/G","T",0,1,0,0,0,"F"
0,0,1,1,"CBX","branm003","","","S9/L+.1-2","T",0,1,2,0,0,"F"
0,0,1,2,"FBFX","ramij003","branm003","","9/L.2-3","T",1,0,1,3,0,"F"
0,1,2,1,"B*BF>X","ramij003","","branm003","3/P","T",1,0,1,0,3,"F"
0,2,1,0,"B11X","ramij003","","branm003","8/F+","T",1,0,1,0,3,"F"
1,0,0,2,"CCFS","","","","K23","T",1,0,0,0,0,"F"
1,1,2,1,"BCBX","","","","D7/L","T",0,2,0,0,0,"F"
1,1,0,2,"FSS","","abrej003","","K23","T",1,0,0,2,0,"F"
1,2,3,2,"CS*B*B*BX","","abrej003","","S9/L+.2-H;B-2(TH)","T",0,2,0,4,0,"F"
1,2,1,2,"CBFS","","smitk002","","K","T",1,0,0,2,0,"F"
0,0,1,1,"CBX","","","","S9/G","T",0,1,0,0,0,"F"
0,0,1,0,"BX","kipnj001","","","53/G-.1-2","T",1,0,2,0,0,"F"
0,1,0,0,"X","","kipnj001","","3/G/DP.2X3(35)","T",2,0,0,0,0,"F"
1,0,0,1,"CX","","","","43/G","T",1,0,0,0,0,"F"
1,1,1,2,"FFBX","","","","7/F","T",1,0,0,0,0,"F"
1,2,2,2,"BBCFC","","","","K","T",1,0,0,0,0,"F"
0,0,1,1,"CBX","","","","S9/L","T",0,1,0,0,0,"F"
0,0,1,2,"BFFX","lindf001","","","S9/G+.1-3;B-2(TH)","T",0,2,3,0,0,"F"
0,0,0,0,".X","","branm003","lindf001","53/G","T",1,0,0,2,3,"F"
0,1,1,0,"BX","","branm003","lindf001","S7/L.3-H;2-3","T",0,1,0,3,4,"F"
0,1,1,1,".S*B1>X","davir003","","branm003","D9/G.3-H;1-3","T",0,2,3,0,4,"F"
0,1,0,2,".SFFS","","gonze004","davir003","K","T",1,0,0,2,3,"F"
0,2,2,2,"BBCFS","","gonze004","davir003","K","T",1,0,0,2,3,"F"
1,0,3,2,"..BFFBBX","","","","8/L+","T",1,0,0,0,0,"F"
1,1,0,2,"CFS","","","","K23","T",1,0,0,0,0,"F"
1,2,1,2,".CFBX","","","","43/G","T",1,0,0,0,0,"F"
0,0,0,2,".FSC","","","","K","T",1,0,0,0,0,"F"
0,1,2,2,".SSBBX","","","","S7/L+","T",0,1,0,0,0,"F"
0,1,0,1,"SX","chisl001","","","S7/F.1-2","T",0,1,2,0,0,"F"
0,1,1,1,"FBX","lindf001","chisl001","","4(1)3/GDP","T",2,0,0,2,0,"F"
0,0,1,1,"BFX","","","","HR/7/F","T",0,4,0,0,0,"T"
0,0,1,2,"BFSX","","","","63/G","T",1,0,0,0,0,"F"
0,1,3,2,"FBSBBX","","","","8/F","T",1,0,0,0,0,"F"
0,2,3,2,"CCBFFBBX","","","","9/F","T",1,0,0,0,0,"F"
1,0,0,1,"CX","","","","E4/G","T",0,1,0,0,0,"F"
1,0,1,2,"C1BSC","sancc001","","","K","T",1,0,1,0,0,"F"
1,1,0,1,"C1X","sancc001","","","HR/89/F.1-H(UR)","T",0,4,5,0,0,"F"
1,1,1,1,"FBX","","","","13/G-","T",1,0,0,0,0,"F"
1,2,0,0,"X","","","","S4/G","T",0,1,0,0,0,"F"
1,2,1,1,"BCX","smitk002","","","2/P","T",1,0,1,0,0,"F"
0,0,0,0,"X","","","","S7/L+","T",0,1,0,0,0,"F"
0,0,0,1,"CH","guyeb001","","","HP.1-2","T",0,1,2,0,0,"F"
0,0,3,1,"BBBCX","gomey001","guyeb001","","7/L","T",1,0,1,2,0,"F"
0,1,2,1,"BBSX","gomey001","guyeb001","","9/L","T",1,0,1,2,0,"F"
0,2,2,2,"BFBCFT","gomey001","guyeb001","","K","T",1,0,1,2,0,"F"
1,0,0,2,"CFS","","","","K","T",1,0,0,0,0,"F"
1,1,0,1,"CX","","","","13/G-","T",1,0,0,0,0,"F"
1,2,1,2,"CBST","","","","K","T",1,0,0,0,0,"F"
0,0,0,0,"X","","","","4/P","T",1,0,0,0,0,"F"
0,1,3,2,"CBBBFFF*B","","","","W","T",0,1,0,0,0,"F"
0,1,1,2,"CCBX","davir003","","","7/F","T",1,0,1,0,0,"F"
0,2,2,0,"111BB>C","davir003","","","SB2","F",0,0,2,0,0,"F"
0,2,3,2,"111BB>C.BCB","","davir003","","W","T",0,1,0,2,0,"F"
0,2,0,2,"CFH","encae001","davir003","","HP.2-3;1-2","T",0,1,2,3,0,"F"
0,2,3,2,"FBFBB*B","guyeb001","encae001","davir003","W.3-H;2-3;1-2","T",0,1,2,3,4,"F"
0,2,1,2,"CFBS","gomey001","guyeb001","encae001","K","T",1,0,1,2,3,"F"
1,0,3,2,"CSBBBC","","","","K","T",1,0,0,0,0,"F"
1,1,1,2,"SSBS","","","","K","T",1,0,0,0,0,"F"
1,2,2,2,"CBFBFX","","","","63/G","T",1,0,0,0,0,"F"
0,0,3,2,"CBSBFFFBC","","","","K","T",1,0,0,0,0,"F"
0,1,1,2,"FSFBT","","","","K","T",1,0,0,0,0,"F"
0,2,1,0,"BX","","","","63/G-","T",1,0,0,0,0,"F"
1,0,3,2,"FBFBBFFX","","","","63/G","T",1,0,0,0,0,"F"
1,1,0,0,"X","","","","S8/G","T",0,1,0,0,0,"F"
1,1,3,2,"BSBBCS","smitk002","","","K","T",1,0,1,0,0,"F"
1,2,0,1,"FN","smitk002","","","C/E2.1-2","T",0,1,2,0,0,"F"
1,2,0,2,"SCT","tilsc001","smitk002","","K","T",1,0,1,2,0,"F"
0,0,2,0,"BBX","","","","4/P","T",1,0,0,0,0,"F"
0,1,3,2,"BBFFFBFX","","","","7/F+","T",1,0,0,0,0,"F"
0,2,0,1,"SX","","","","8/F","T",1,0,0,0,0,"F"
1,0,0,2,"CFFX","","","","S9/G","T",0,1,0,0,0,"F"
1,0,2,2,"CB11T>FB1>B","thomt002","","","CS2(26)","F",1,0,0,0,0,"F"
1,1,3,2,"CB11T>FB1>B.B","","","","W","T",0,1,0,0,0,"F"
1,1,1,2,"F1FBS","sancc001","","","K","T",1,0,1,0,0,"F"
1,2,2,2,"BTTBS","sancc001","","","K","T",1,0,1,0,0,"F"
0,0,2,1,".CBBX","","","","63/G","T",1,0,0,0,0,"F"
0,1,3,2,"BBBCFFFFX","","","","D7/G+","T",0,2,0,0,0,"F"
0,1,0,0,"X","","gomey001","","63/G.2-3","T",1,0,0,3,0,"F"
0,2,2,1,"BBSX","","","gomey001","63/G","T",1,0,0,0,3,"F"
1,0,0,0,"X","","","","43/G","T",1,0,0,0,0,"F"
1,1,3,2,"BCBSFBX","","","","43/G","T",1,0,0,0,0,"F"
1,2,1,2,"CBTC","","","","K","T",1,0,0,0,0,"F"
0,0,0,2,"CCX","","","","43/G","T",1,0,0,0,0,"F"
0,1,0,1,"CX","","","","S8/G+","T",0,1,0,0,0,"F"
0,1,0,1,"FX","lindf001","","","4/P","T",1,0,1,0,0,"F"
0,2,0,0,">B","lindf001","","","SB2","F",0,0,2,0,0,"F"
0,2,2,2,">B.CBSFX","","lindf001","","HR/89/F.2-H","T",0,4,0,4,0,"F"
0,2,2,1,"BCBX","","","","43/G","T",1,0,0,0,0,"F"
1,0,0,1,"CX","","","","S4/G","T",0,1,0,0,0,"F"
1,0,0,0,"X","tilsc001","","","5/L/DP.1X1(53)","T",2,0,0,0,0,"F"
1,2,2,2,"CBFBS","","","","K","T",1,0,0,0,0,"F"
0,0,1,1,".FBX","","","","53/G","T",1,0,0,0,0,"F"
0,1,3,2,"BBBCSB","","","","W","T",0,1,0,0,0,"F"
0,1,0,0,"X","gomey001","","","3/P3F","T",1,0,1,0,0,"F"
0,2,3,1,"1BBBCX","gomey001","","","S8/G+.1-2","T",0,1,2,0,0,"F"
0,2,2,2,"FSFFB*BX","gonze004","gomey001","","3E1/G.2-H(NR)(UR);1-3","T",0,1,3,5,0,"F"
0,2,0,2,"CF>S","alleg002","","gonze004","K","T",1,0,1,0,3,"F"
1,0,1,0,".BX","","","","8/L","T",1,0,0,0,0,"F"
1,1,3,2,".BSBFFFBX","","","","8/F","T",1,0,0,0,0,"F"
1,2,2,2,"CBBFX","","","","S8/L","T",0,1,0,0,0,"F"
1,2,1,2,"..SCBS","abrej003","","","K","T",1,0,1,0,0,"F"
0,0,1,2,"....FCBS","","","","K","T",1,0,0,0,0,"F"
0,1,3,1,"CBBBX","","","","8/F","T",1,0,0,0,0,"F"
0,2,2,2,"BFBCFS","","","","K","T",1,0,0,0,0,"F"
1,0,2,2,".CFBBFFC","","","","K","T",1,0,0,0,0,"F"
1,1,0,2,"SSS","","","","K","T",1,0,0,0,0,"F"
1,2,1,1,"BCX","","","","S7/G","T",0,1,0,0,0,"F"
1,2,0,1,"C>C","tilsc001","","","DI.1-2","F",0,0,2,0,0,"F"
1,2,1,2,"C>C.BB","","tilsc001","","WP.2-3","F",0,0,0,3,0,"F"
1,2,2,2,"C>C.BB.S","","","tilsc001","K","T",1,0,0,0,3,"F"
0,0,2,2,"CFBBFS","","","","K","T",1,0,0,0,0,"T"
0,1,2,1,"BCBX","","","","8/F","T",1,0,0,0,0,"F"
0,2,2,2,"BFSBS","","","","K","T",1,0,0,0,0,"F"
1,0,2,2,"BBFCX","","","","43/G","T",1,0,0,0,0,"F"
1,1,1,2,"CBSX","","","","43/G","T",1,0,0,0,0,"F"
1,2,0,1,"FX","","","","6/P","T",1,0,0,0,0,"F"
0,0,0,2,"FFX","","","","5/P","T",1,0,0,0,0,"F"
0,1,2,0,"BBX","","","","HR/8/F","T",0,4,0,0,0,"F"
0,1,1,2,"CFBX","","","","43/G","T",1,0,0,0,0,"F"
0,2,1,1,"BCX","","","","S8/F","T",0,1,0,0,0,"F"
0,2,1,2,"SSBX","mccaj001","","","S9/L.1-2","T",0,1,2,0,0,"F"
0,2,0,2,"SSFX","reyev001","mccaj001","","7/F","T",1,0,1,2,0,"F"
1,0,2,2,"BCFBC","","","","K","T",1,0,0,0,0,"F"
1,1,0,2,"CFFX","","","","53/G","T",1,0,0,0,0,"F"
1,2,1,0,"BX","","","","D8/L+","T",0,2,0,0,0,"F"
1,2,1,2,"CCBC","","narvo001","","K","T",1,0,0,2,0,"F"
0,0,1,0,"BX","","","","S9/L+","T",0,1,0,0,0,"F"
0,0,1,2,"B11CS1X","martl004","","","7/F","T",1,0,1,0,0,"F"
0,1,0,1,"SX","martl004","","","S7/G+.1-2","T",0,1,2,0,0,"F"
0,1,1,1,"C2BX","castn001","martl004","","D9/L.2-H;1-H","T",0,2,4,4,0,"F"
0,1,1,1,"CBX","","martv001","","8/L","T",1,0,0,2,0,"F"
0,2,0,2,"CFX","","martv001","","6/P","T",1,0,0,2,0,"F"
1,0,0,1,"CX","","","","S8/G","T",0,1,0,0,0,"F"
1,0,0,0,"X","tilsc001","","","5/P5F","T",1,0,1,0,0,"F"
1,1,0,2,"CC11FS","tilsc001","","","K","T",1,0,1,0,0,"F"
1,2,0,0,"1X","tilsc001","","","7/F7LF","T",1,0,1,0,0,"F"
0,0,0,2,"FCX","","","","S8/G","T",0,1,0,0,0,"F"
0,0,1,2,"1CBFT","mccaj001","","","K","T",1,0,1,0,0,"F"
0,1,0,2,"CFFFFFX","mccaj001","","","7/L","T",1,0,1,0,0,"F"
0,2,0,0,"X","mccaj001","","","S9/L.1-3","T",0,1,3,0,0,"F"
0,2,0,2,"C>F>B","martl004","","mccaj001","CSH(262)","F",1,0,1,0,0,"F"
1,0,0,0,"X","","","","3/P3F","T",1,0,0,0,0,"F"
1,1,1,1,"BCX","","","","7/F","T",1,0,0,0,0,"F"
1,2,3,2,"BBBCFX","","","","S4/G","T",0,1,0,0,0,"F"
1,2,3,2,"BBSCB>X","davim005","","","53/G","T",1,0,1,0,0,"F"
0,0,1,0,"BH","","","","HP","T",0,1,0,0,0,"F"
0,0,1,2,"BSS1X","candj002","","","E5/G.1-2","T",0,1,2,0,0,"F"
0,0,0,2,"CFFX","castn001","candj002","","36(1)3/GDP.2-3","T",2,0,0,3,0,"F"
0,2,0,2,"CFFX","","","candj002","53/G","T",1,0,0,0,3,"F"
1,0,1,0,"BX","","","","S7/L","T",0,1,0,0,0,"F"
1,0,0,1,"1FX","andet001","","","46(1)3/GDP","T",2,0,0,0,0,"F"
1,2,2,0,"BBX","","","","S9/G","T",0,1,0,0,0,"F"
1,2,3,1,"S11BBB+1*B","engea001","","","W.1-2","T",0,1,2,0,0,"F"
1,2,0,2,"CFS","moncy001","engea001","","K","T",1,0,1,2,0,"F"
0,0,1,1,"BCX","","","","7/F","T",1,0,0,0,0,"F"
0,1,1,2,"CBCX","","","","S5/G+","T",0,1,0,0,0,"F"
0,1,1,0,"BX","mccaj001","","","5/P5F","T",1,0,1,0,0,"F"
0,2,1,1,"S*BX","mccaj001","","","8/L","T",1,0,1,0,0,"F"
1,0,1,1,"BFX","","","","5/P5F","T",1,0,0,0,0,"F"
1,1,0,0,"X","","","","S8/L","T",0,1,0,0,0,"F"
1,1,3,2,"CBSF1BFFFBX","palkd001","","","S7/G.1-2","T",0,1,2,0,0,"F"
1,1,2,0,"BBX","davim005","palkd001","","HR/9/F.2-H;1-H","T",0,4,4,4,0,"F"
1,1,0,0,"H","","","","HP","T",0,1,0,0,0,"F"
1,1,1,1,".11BSX","andet001","","","54(1)3/GDP","T",2,0,0,0,0,"F"
0,0,2,2,".CBFBS","","","","K23","T",1,0,0,0,0,"F"
0,1,2,2,".BFFBX","","","","3/G","T",1,0,0,0,0,"F"
0,2,3,2,"BCBBSB","","","","W","T",0,1,0,0,0,"F"
0,2,0,1,".FX","castn001","","","54(1)/FO/G","T",1,1,0,0,0,"F"
1,0,1,2,"FSBS","","","","K","T",1,0,0,0,0,"F"
1,1,3,2,"CCBBBS","","","","K","T",1,0,0,0,0,"F"
1,2,0,1,"FX","","","","S1/BG","T",0,1,0,0,0,"F"
1,2,1,0,".BX","sancc001","","","8/F","T",1,0,1,0,0,"F"
0,0,0,0,".X","","","","S9/L","T",0,1,0,0,0,"F"
0,0,3,2,"BFBSFB1>F>B","hickj001","","","W.1-2","T",0,1,2,0,0,"F"
0,0,1,2,"C*BFX","goodn002","hickj001","","9/F.2-3","T",1,0,1,3,0,"F"
0,1,0,1,"1F>B","goodn002","","hickj001","SB2","F",0,0,2,0,3,"F"
0,1,2,1,"1F>B.BX","","goodn002","hickj001","FC3/G.3-H;2-3","T",0,1,0,3,4,"F"
0,1,1,2,".BFF>S","reyev001","","goodn002","K+SB2","T",1,0,2,0,3,"F"
0,2,1,2,"FFFBS","","reyev001","goodn002","K","T",1,0,0,2,3,"F"
1,0,2,2,"...BFFBX","","","","S6/G","T",0,1,0,0,0,"F"
1,0,1,0,".BX","thomt002","","","S9/L.1-2","T",0,1,2,0,0,"F"
1,0,0,0,".X","rondj002","thomt002","","13/BG/SH.2-3;1-2","T",1,0,2,3,0,"F"
1,1,3,0,"VVVV","","rondj002","thomt002","IW","T",0,1,0,2,3,"F"
1,1,0,1,"FX","andet001","rondj002","thomt002","32(3)/FO/G-.2-3;1-2","T",1,1,2,3,0,"F"
1,2,2,2,"BSSBX","tilsc001","andet001","rondj002","63/G","T",1,0,1,2,3,"F"
0,0,3,2,"..BCFFFFBFBS","","","","K","T",1,0,0,0,0,"F"
0,1,3,2,"BCBBFC","","","","K","T",1,0,0,0,0,"F"
0,2,0,2,"FCX","","","","43/G","T",1,0,0,0,0,"F"
1,0,0,1,".CX","","","","43/G","T",1,0,0,0,0,"F"
1,1,1,1,"CBX","","","","4/L+","T",1,0,0,0,0,"F"
1,2,1,1,"CBX","","","","S6/G","T",0,1,0,0,0,"F"
1,2,1,2,"CSFBX","abrej003","","","6/P","T",1,0,1,0,0,"F"
0,0,0,0,"X","","","","8/L+","T",1,0,0,0,0,"T"
0,1,3,2,"BCCBBFX","","","","7/F","T",1,0,0,0,0,"F"
0,2,0,1,"CX","","","","4/P","T",1,0,0,0,0,"F"
1,0,2,2,"CCBBC","","","","K","T",1,0,0,0,0,"F"
1,1,3,2,"CBCBFFBX","","","","43/G","T",1,0,0,0,0,"F"
1,2,0,2,"CSS","","","","K","T",1,0,0,0,0,"F"
0,0,3,1,"BBBCX","","","","S9/L","T",0,1,0,0,0,"F"
0,0,1,2,"CBSS","martv001","","","K","T",1,0,1,0,0,"F"
0,1,0,1,"CX","martv001","","","3/P3F","T",1,0,1,0,0,"F"
0,2,0,0,"X","martv001","","","43/G","T",1,0,1,0,0,"F"
1,0,1,2,"FSBS","","","","K","T",1,0,0,0,0,"F"
1,1,1,1,"FBX","","","","63/G","T",1,0,0,0,0,"F"
1,2,2,1,"BFBX","","","","63/G","T",1,0,0,0,0,"F"
0,0,0,1,"CX","","","","8/L","T",1,0,0,0,0,"F"
0,1,0,2,"FFX","","","","9/F","T",1,0,0,0,0,"F"
0,2,3,0,"BBBB","","","","W","T",0,1,0,0,0,"F"
0,2,0,1,"11CX","martl004","","","S9/G+.1-3","T",0,1,3,0,0,"F"
0,2,1,0,"BX","candj002","","martl004","HR/89/F.3-H;1-H","T",0,4,4,0,4,"F"
0,2,2,0,"BBX","","","","S7/L","T",0,1,0,0,0,"F"
0,2,3,1,"FBBBX","martv001","","","8/F","T",1,0,1,0,0,"F"
1,0,2,2,"CSBBX","","","","31/G","T",1,0,0,0,0,"F"
1,1,2,2,"SFBBX","","","","7/F","T",1,0,0,0,0,"F"
1,2,0,1,"CX","","","","8/F","T",1,0,0,0,0,"F"
0,0,2,2,"BCCFBS","","","","K","T",1,0,0,0,0,"F"
0,1,1,2,"BFCS","","","","K","T",1,0,0,0,0,"F"
0,2,0,2,"CFX","","","","63/G","T",1,0,0,0,0,"F"
1,0,3,2,"BFBBFX","","","","9/L","T",1,0,0,0,0,"F"
1,1,0,2,"CSFS","","","","K23","T",1,0,0,0,0,"F"
1,2,1,2,"CFBX","","","","8/F","T",1,0,0,0,0,"F"
0,0,3,2,"BSBBSX","","","","63/G","T",1,0,0,0,0,"F"
0,1,1,0,"BX","","","","8/F","T",1,0,0,0,0,"F"
0,2,3,1,"BBBCB","","","","W","T",0,1,0,0,0,"F"
0,2,0,1,"CX","candj002","","","HR/7/F.1-H","T",0,4,4,0,0,"F"
0,2,3,2,"CFBFBBS","","","","K","T",1,0,0,0,0,"F"
1,0,3,2,"CBBFFBX","","","","S7/L","T",0,1,0,0,0,"F"
1,0,0,0,"X","davim005","","","S9/F.1-2","T",0,1,2,0,0,"F"
1,0,0,1,"FX","smitk002","davim005","","D9/F.2-H;1-3","T",0,2,3,4,0,"F"
1,0,0,0,"X","","andet001","smitk002","S7/L.3-H;2-H","T",0,1,0,4,4,"F"
1,0,1,1,"11FB1N","tilsc001","","","POCS2(1E4)","F",0,0,2,0,0,"F"
1,0,2,2,"11FB1N.LFBX","","tilsc001","","43/G.2-3","T",1,0,0,3,0,"F"
1,1,0,0,"X","","","tilsc001","7/F/SF.3-H(UR)","T",1,0,0,0,5,"F"
1,2,1,1,"BFX","","","","7/L","T",1,0,0,0,0,"F"
0,0,2,2,"BSBFS","","","","K+WP.B-1","T",0,1,0,0,0,"F"
0,0,1,2,"B1CFT","hickj001","","","K","T",1,0,1,0,0,"F"
0,1,0,0,"X","hickj001","","","D8/F.1-3","T",0,2,3,0,0,"F"
0,1,0,0,".X","","greig001","hickj001","FC5/G.3X3(52);2-3","T",1,1,0,3,0,"F"
0,2,0,2,"1CF1S","iglej001","","greig001","K","T",1,0,1,0,3,"F"
1,0,1,2,".CBFX","","","","T8/F","T",0,3,0,0,0,"F"
1,0,1,2,"CBSX","","","sancc001","9/F/SF.3-H","T",1,0,0,0,4,"F"
1,1,0,2,"FFC","","","","K","T",1,0,0,0,0,"F"
1,2,0,1,"FX","","","","S9/G","T",0,1,0,0,0,"F"
1,2,0,2,"SSB","smitk002","","","WP.1-2","F",0,0,2,0,0,"F"
1,2,1,2,"SSB.X","","smitk002","","9/F","T",1,0,0,2,0,"F"
0,0,2,2,".BCFBS","","","","K","T",1,0,0,0,0,"F"
0,1,1,2,"BSSS","","","","K","T",1,0,0,0,0,"F"
0,2,2,2,"SBSBX","","","","8/F","T",1,0,0,0,0,"F"
1,0,0,1,".FX","","","","43/G","T",1,0,0,0,0,"F"
1,1,0,0,"X","","","","S7/L","T",0,1,0,0,0,"F"
1,1,1,2,"11C1FB>S","engea001","","","K+SB2","T",1,0,2,0,0,"F"
1,2,3,2,"BBCCFBB","","engea001","","W","T",0,1,0,2,0,"F"
1,2,3,1,"FBBBB","moncy001","engea001","","W.2-3;1-2","T",0,1,2,3,0,"F"
1,2,1,2,"SSBFX","sancc001","moncy001","engea001","5(2)/FO/G.1-2","T",1,1,2,0,3,"F"
0,0,2,2,"CCBBX","","","","S7/L","T",0,1,0,0,0,"F"
0,0,3,0,"..11BBBB","reyev001","","","W.1-2","T",0,1,2,0,0,"F"
0,0,0,0,"X","hickj001","reyev001","","S1/BP.2-3;1-2","T",0,1,2,3,0,"F"
0,0,2,2,"SBSBS","jonej006","hickj001","reyev001","K","T",1,0,1,2,3,"F"
0,1,0,1,"FX","jonej006","hickj001","reyev001","S4/G.3-H;2-3;1-2","T",0,1,2,3,4,"F"
0,1,3,0,".B*BBB","iglej001","jonej006","hickj001","W.3-H;2-3;1-2","T",0,1,2,3,4,"F"
0,1,2,2,".S*BSBS","goodn002","iglej001","jonej006","K","T",1,0,1,2,3,"F"
0,2,0,2,"CFS","goodn002","iglej001","jonej006","K","T",1,0,1,2,3,"F"
1,0,1,2,"...BFCFS","","","","K","T",1,0,0,0,0,"F"
1,1,1,1,"BCX","","","","8/L+","T",1,0,0,0,0,"F"
1,2,2,1,"BFBX","","","","8/F","T",1,0,0,0,0,"F"
0,0,2,2,".CCBBX","","","","S8/L","T",0,1,0,0,0,"F"
0,0,0,2,"CFT","castn001","","","K","T",1,0,1,0,0,"F"
0,1,3,2,"BBFBF1","castn001","","","PO1(13)","F",1,0,0,0,0,"F"
0,2,3,2,"BBFBF1.B","","","","W","T",0,1,0,0,0,"F"
0,2,0,0,"X","hickj001","","","4(1)/FO/G","T",1,1,0,0,0,"F"
1,0,2,2,".BBCCFX","","","","53/G","T",1,0,0,0,0,"F"
1,1,2,2,"CFBFBFS","","","","K","T",1,0,0,0,0,"F"
1,2,2,2,".CBFFBFS","","","","K","T",1,0,0,0,0,"F"
0,0,3,2,"BTBSBS","","","","K","T",1,0,0,0,0,"T"
0,1,3,2,"BBCFBB","","","","W","T",0,1,0,0,0,"F"
0,1,3,1,"BBC*B1X","candj002","","","HR/78/F.1-H","T",0,4,4,0,0,"F"
0,1,2,2,"BCFBX","","","","63/G","T",1,0,0,0,0,"F"
0,2,0,2,"FFX","","","","9/F","T",1,0,0,0,0,"F"
1,0,1,0,"BX","","","","S7/G","T",0,1,0,0,0,"F"
1,0,0,1,"C11>C","andet001","","","CS2(24)","F",1,0,0,0,0,"F"
1,1,3,2,"C11>C.BBBX","","","","53/G+","T",1,0,0,0,0,"F"
1,2,3,2,"CFBBFBFX","","","","4/P","T",1,0,0,0,0,"F"
0,0,1,2,"BFST","","","","K","T",1,0,0,0,0,"F"
0,1,1,1,"BCX","","","","8/L","T",1,0,0,0,0,"F"
0,2,0,1,"CX","","","","43/G","T",1,0,0,0,0,"F"
1,0,0,1,"FX","","","","HR/7/F","T",0,4,0,0,0,"F"
1,0,0,2,"CCX","","","","43/G","T",1,0,0,0,0,"F"
1,1,1,1,"CBX","","","","53/G","T",1,0,0,0,0,"F"
1,2,0,1,"CX","","","","S8/G","T",0,1,0,0,0,"F"
1,2,2,2,"CB*BS1S","moncy001","","","K","T",1,0,1,0,0,"F"
0,0,2,2,"BFBFX","","","","S9/G","T",0,1,0,0,0,"F"
0,0,0,0,"11X","jonej006","","","D9/L+.1-3","T",0,2,3,0,0,"F"
0,0,1,0,"B3X","","martl004","jonej006","FC1/DP.3XH(152);BX2(24)","T",2,0,0,2,0,"F"
0,2,3,1,"BBCBB","","martl004","","W","T",0,1,0,2,0,"F"
0,2,1,0,"BX","castn001","martl004","","3/G","T",1,0,1,2,0,"F"
1,0,0,2,"CFFX","","","","8/F","T",1,0,0,0,0,"F"
1,1,1,2,"CCBS","","","","K","T",1,0,0,0,0,"F"
1,2,0,0,"X","","","","D8/L+","T",0,2,0,0,0,"F"
1,2,2,2,"FBSFBFX","","sancc001","","S3/G-.2-3","T",0,1,0,3,0,"F"
1,2,3,2,"BFBCB>S","smitk002","","sancc001","K","T",1,0,1,0,3,"F"
0,0,1,2,"BFSS","","","","K","T",1,0,0,0,0,"F"
0,1,0,1,"CX","","","","D7/L","T",0,2,0,0,0,"F"
0,1,0,2,"CF>X","","goodn002","","23/G-.2-3","T",1,0,0,3,0,"F"
0,2,3,1,"B3FBBX","","","goodn002","S7/G+.3-H","T",0,1,0,0,4,"F"
0,2,3,2,"BBBCC>B","iglej001","","","W.1-2","T",0,1,2,0,0,"F"
0,2,0,1,"CX","jonej006","iglej001","","43/G","T",1,0,1,2,0,"F"
1,0,1,0,"BX","","","","8/F+","T",1,0,0,0,0,"F"
1,1,0,0,"X","","","","8/F","T",1,0,0,0,0,"F"
1,2,3,1,"CBBBX","","","","4/P","T",1,0,0,0,0,"F"
0,0,3,2,"BCBBFB","","","","W","T",0,1,0,0,0,"F"
0,0,1,2,"CB1FS","candj002","","","K","T",1,0,1,0,0,"F"
0,1,2,0,"BBX","candj002","","","8/L","T",1,0,1,0,0,"F"
0,2,3,2,"BBCBC>X","candj002","","","43/G","T",1,0,1,0,0,"F"
1,0,3,1,"BFBBX","","","","8/F","T",1,0,0,0,0,"F"
1,1,0,2,"CFX","","","","7/L","T",1,0,0,0,0,"F"
1,2,2,2,"CBBFX","","","","8/F","T",1,0,0,0,0,"F"
0,0,0,1,"CX","","","","8/F","T",1,0,0,0,0,"F"
0,1,1,2,"CSBS","","","","K","T",1,0,0,0,0,"F"
0,2,0,1,"CX","","","","8/L","T",1,0,0,0,0,"F"
1,0,0,1,"CX","","","","53/G","T",1,0,0,0,0,"F"
1,1,0,0,"X","","","","S6/G-","T",0,1,0,0,0,"F"
1,1,1,0,".BX","smitk002","","","9/F","T",1,0,1,0,0,"F"
1,2,3,2,"SBBCF*B>F>X","smitk002","","","S5/G-.1-2","T",0,1,2,0,0,"F"
1,2,1,2,"SSBS","palkd001","smitk002","","K","T",1,0,1,2,0,"F"
0,0,1,2,"BCFFX","","","","S9/L","T",0,1,0,0,0,"F"
0,0,0,1,".F1","jonej006","","","POCS2(136)","F",1,0,0,0,0,"F"
0,1,1,2,".F1.BFS","","","","K","T",1,0,0,0,0,"F"
0,2,3,2,"BBFFBB","","","","W","T",0,1,0,0,0,"F"
0,2,2,1,".FBBX","candj002","","","63/G+","T",1,0,1,0,0,"F"
1,0,2,2,"CBBCS","","","","K","T",1,0,0,0,0,"F"
1,1,2,2,"SCBBX","","","","53/G","T",1,0,0,0,0,"F"
1,2,0,2,"CFH","","","","HP","T",0,1,0,0,0,"F"
1,2,2,2,".C1BFFB1X","tilsc001","","","S8/L.1-2","T",0,1,2,0,0,"F"
1,2,0,0,"X","andet001","tilsc001","","63/G","T",1,0,1,2,0,"F"
0,0,0,0,"X","","","","63/G","T",1,0,0,0,0,"F"
0,1,2,2,"BBFFS","","","","K","T",1,0,0,0,0,"F"
0,2,2,2,"BBFSX","","","","63/G","T",1,0,0,0,0,"F"
1,0,1,2,"FBFX","","","","13/G","T",1,0,0,0,0,"F"
1,1,0,1,"SX","","","","53/G","T",1,0,0,0,0,"F"
1,2,2,1,"BCBX","","","","S7/L+","T",0,1,0,0,0,"F"
1,2,1,1,"CBX","palkd001","","","4/P","T",1,0,1,0,0,"F"
0,0,2,2,".BCFFFBX","","","","4/P","T",1,0,0,0,0,"F"
0,1,2,2,"CFBFFBFFX","","","","4/L","T",1,0,0,0,0,"F"
0,2,2,2,"CBBFX","","","","8/F","T",1,0,0,0,0,"F"
1,0,1,2,".CCFBS","","","","K","T",1,0,0,0,0,"F"
1,1,1,2,"CSBS","","","","K","T",1,0,0,0,0,"F"
1,2,1,2,"CCFBC","","","","K","T",1,0,0,0,0,"F"
0,0,2,2,"BBCFS","","","","K","T",1,0,0,0,0,"T"
0,1,1,2,"CBSX","","","","53/G","T",1,0,0,0,0,"F"
0,2,1,0,"BX","","","","31/G-","T",1,0,0,0,0,"F"
1,0,0,1,"SX","","","","8/L","T",1,0,0,0,0,"F"
1,1,1,2,"CFBX","","","","13/G","T",1,0,0,0,0,"F"
1,2,0,2,"CFC","","","","K","T",1,0,0,0,0,"F"
0,0,3,2,"BBBCFX","","","","63/G","T",1,0,0,0,0,"F"
0,1,1,1,"BCX","","","","E4/G","T",0,1,0,0,0,"F"
0,1,3,1,"CBBBB","olsom001","","","W.1-2","T",0,1,2,0,0,"F"
0,1,0,1,"CX","canhm001","olsom001","","S7/G.2-3;1-2","T",0,1,2,3,0,"F"
0,1,3,2,"CFBBBFFX","piscs001","canhm001","olsom001","8/F/SF.3-H(UR);2-3","T",1,0,1,3,5,"F"
0,2,2,2,"CB*BFF>X","piscs001","","canhm001","HR/7/F.3-H(UR);1-H(UR);B-H(UR)","T",0,5,5,0,5,"F"
0,2,1,2,"BSFFX","","","","63/G","T",1,0,0,0,0,"F"
1,0,3,2,"BBCCBS","","","","K","T",1,0,0,0,0,"F"
1,1,1,1,"CBX","","","","S9/G","T",0,1,0,0,0,"F"
1,1,1,2,"FFBX","smitk002","","","S8/L.1-2","T",0,1,2,0,0,"F"
1,1,0,0,"X","garcl004","smitk002","","8/L","T",1,0,1,2,0,"F"
1,2,2,2,"BBCFT","garcl004","smitk002","","K","T",1,0,1,2,0,"F"
0,0,0,0,"X","","","","53/G","T",1,0,0,0,0,"F"
0,1,2,1,"BBSX","","","","9/F","T",1,0,0,0,0,"F"
0,2,0,0,"X","","","","6/L","T",1,0,0,0,0,"F"
1,0,0,1,"CX","","","","63/G","T",1,0,0,0,0,"F"
1,1,1,2,"BSFS","","","","K","T",1,0,0,0,0,"F"
1,2,1,2,"BFFS","","","","K","T",1,0,0,0,0,"F"
0,0,2,1,"BBCX","","","","8/F","T",1,0,0,0,0,"F"
0,1,0,2,"FFFS","","","","K23","T",1,0,0,0,0,"F"
0,2,1,2,"FBFFS","","","","K","T",1,0,0,0,0,"F"
1,0,3,2,"BFBSBX","","","","63/G","T",1,0,0,0,0,"F"
1,1,1,2,"CFFFBS","","","","K","T",1,0,0,0,0,"F"
1,2,3,1,"BBFBX","","","","9/F","T",1,0,0,0,0,"F"
0,0,3,0,"BBBB","","","","W","T",0,1,0,0,0,"F"
0,0,1,2,"BCFFX","lucrj001","","","7/F","T",1,0,1,0,0,"F"
0,1,0,0,"X","lucrj001","","","S7/G.1-3","T",0,1,3,0,0,"F"
0,1,3,2,"1*B>FB11FB>FX","fowld002","","lucrj001","3/P3F","T",1,0,1,0,3,"F"
0,2,2,0,"*BBX","fowld002","","lucrj001","S9/G.3-H;1-3","T",0,1,3,0,4,"F"
0,2,3,2,"C*BB*BF>X","lowrj001","","fowld002","S7/F.3-H;1-H(UR)(E7);B-2","T",0,2,5,0,4,"F"
0,2,0,2,"FSX","","davik003","","E4/G.2-3","T",0,1,0,3,0,"F"
0,2,2,2,"CBBCS","olsom001","","davik003","K+WP.3-H(UR);1-2;B-1","T",0,1,2,0,5,"F"
0,2,2,1,".CBBX","canhm001","olsom001","","4/P","T",1,0,1,2,0,"F"
1,0,1,1,"CBX","","","","S8/L","T",0,1,0,0,0,"F"
1,0,2,2,"CFBBFX","garcl004","","","E6/FO/G.1-2","T",0,1,2,0,0,"F"
1,0,1,2,"BFFX","moncy001","garcl004","","3/P3F","T",1,0,1,2,0,"F"
1,1,0,2,"SFS","moncy001","garcl004","","K","T",1,0,1,2,0,"F"
1,2,1,2,"CFFBFFFFFX","moncy001","garcl004","","8/F","T",1,0,1,2,0,"F"
0,0,0,2,"CFFFX","","","","6/L","T",1,0,0,0,0,"F"
0,1,2,2,"CFFBBX","","","","8/F","T",1,0,0,0,0,"F"
0,2,1,2,"SCBS","","","","K","T",1,0,0,0,0,"F"
1,0,1,2,"SBSX","","","","S6/G","T",0,1,0,0,0,"F"
1,0,1,1,"BFX","garca003","","","64(1)/FO/G","T",1,1,0,0,0,"F"
1,1,1,1,"BSX","abrej003","","","D8/L+.1-3","T",0,2,3,0,0,"F"
1,1,1,2,"CFFBX","","davim005","abrej003","53/G/DP.3-H;2X3(36)","T",2,0,0,0,4,"F"
0,0,1,2,"CFBC","","","","K","T",1,0,0,0,0,"F"
0,1,2,2,"BFFBFX","","","","8/F","T",1,0,0,0,0,"F"
0,2,1,0,"BX","","","","S7/G","T",0,1,0,0,0,"F"
0,2,2,2,".CFB*BFX","davik003","","","7/L","T",1,0,1,0,0,"F"
1,0,0,2,"CSX","","","","43/G","T",1,0,0,0,0,"F"
1,1,1,2,"CBFX","","","","9/F","T",1,0,0,0,0,"F"
1,2,2,0,"BBX","","","","63/G+","T",1,0,0,0,0,"F"
0,0,0,0,"X","","","","S5/G","T",0,1,0,0,0,"F"
0,0,0,1,"FX","canhm001","","","5/P","T",1,0,1,0,0,"F"
0,1,0,2,"CFX","canhm001","","","S9/F.1-2","T",0,1,2,0,0,"F"
0,1,1,2,"FBFFX","lucrj001","canhm001","","HR/7/F.2-H;1-H","T",0,4,4,4,0,"F"
0,1,0,1,"CX","","","","5/P5F","T",1,0,0,0,0,"F"
0,2,1,0,".BX","","","","8/F","T",1,0,0,0,0,"F"
1,0,0,2,".CFX","","","","S8/L","T",0,1,0,0,0,"F"
1,0,3,2,"CBBS*BX","engea001","","","S57/G.1-2","T",0,1,2,0,0,"F"
1,0,3,2,"B*BTFBFS","andet001","engea001","","K","T",1,0,1,2,0,"F"
1,1,0,2,"CFT","andet001","engea001","","K","T",1,0,1,2,0,"F"
1,2,2,2,"FBF*BX","andet001","engea001","","3/P3F","T",1,0,1,2,0,"F"
0,0,0,1,"FX","","","","S9/L+","T",0,1,0,0,0,"F"
0,0,1,2,"SSBS","lowrj001","","","K","T",1,0,1,0,0,"F"
0,1,3,1,"C*B*B*BX","lowrj001","","","S9/G.1-2","T",0,1,2,0,0,"F"
0,1,2,0,"BBX","olsom001","lowrj001","","54(1)3/GDP","T",2,0,0,2,0,"F"
1,0,2,2,".BCBFFFH","","","","HP","T",0,1,0,0,0,"F"
1,0,1,1,"BCX","smitk002","","","7/F","T",1,0,1,0,0,"F"
1,1,0,1,"CX","smitk002","","","31/G.1-2","T",1,0,2,0,0,"F"
1,2,0,2,"CFX","","smitk002","","DGR/8/L+.2-H","T",0,2,0,4,0,"F"
1,2,2,1,"BC*BX","","sancc001","","53/G","T",1,0,0,2,0,"F"
0,0,0,1,"CX","","","","31/G","T",1,0,0,0,0,"T"
0,1,2,2,"BFCFBS","","","","K","T",1,0,0,0,0,"F"
0,2,3,0,"BBBB","","","","W","T",0,1,0,0,0,"F"
0,2,3,2,"BBBCF>B","joycm001","","","W.1-2","T",0,1,2,0,0,"F"
0,2,2,2,"CBF*BFX","davik003","joycm001","","S8/G.2-H;1-2","T",0,1,2,4,0,"F"
0,2,1,2,"CBFS","olsom001","davik003","","K","T",1,0,1,2,0,"F"
1,0,2,1,"CBBX","","","","8/F","T",1,0,0,0,0,"F"
1,1,3,2,"CBCBBC","","","","K","T",1,0,0,0,0,"F"
1,2,0,0,"X","","","","4/P","T",1,0,0,0,0,"F"
0,0,1,0,"BX","","","","8/L+","T",1,0,0,0,0,"F"
0,1,1,2,"CCBS","","","","K","T",1,0,0,0,0,"F"
0,2,0,2,"CCC","","","","K","T",1,0,0,0,0,"F"
1,0,2,2,"BBFSS","","","","K","T",1,0,0,0,0,"F"
1,1,0,1,"FX","","","","S8/G","T",0,1,0,0,0,"F"
1,1,0,1,"CX","palkd001","","","D9/L.1-3","T",0,2,3,0,0,"F"
1,1,2,1,"BCBX","","andet001","palkd001","S9/L.3-H;2-H","T",0,1,0,4,4,"F"
1,1,2,2,"BBFSFFX","narvo001","","","63/G.1-2","T",1,0,2,0,0,"F"
1,2,0,0,"X","","narvo001","","S7/F.2-H","T",0,1,0,4,0,"F"
1,2,1,0,"1BX","tilsc001","","","S17/G.1-3","T",0,1,3,0,0,"F"
1,2,0,0,"X","moncy001","","tilsc001","8/L","T",1,0,1,0,3,"F"
0,0,1,1,"BCX","","","","7/L","T",1,0,0,0,0,"F"
0,1,1,2,"BCFX","","","","8/F","T",1,0,0,0,0,"F"
0,2,0,1,"CX","","","","7/F","T",1,0,0,0,0,"F"
1,0,2,2,"CCBFBX","","","","53/G","T",1,0,0,0,0,"F"
1,1,0,0,"X","","","","53/G","T",1,0,0,0,0,"F"
1,2,0,2,"CFS","","","","K","T",1,0,0,0,0,"F"
0,0,0,0,"X","","","","6/P","T",1,0,0,0,0,"F"
0,1,2,2,"CFBBX","","","","5/P","T",1,0,0,0,0,"F"
0,2,0,1,"FX","","","","D9/F","T",0,2,0,0,0,"F"
0,2,0,0,"X","","canhm001","","63/G","T",1,0,0,2,0,"F"
1,0,0,2,"CSFX","","","","9/L+","T",1,0,0,0,0,"F"
1,1,0,0,"X","","","","S9/L","T",0,1,0,0,0,"F"
1,1,0,0,"X","narvo001","","","7/F","T",1,0,1,0,0,"F"
1,2,2,2,"B*BCSFX","narvo001","","","13/G","T",1,0,1,0,0,"F"
0,0,1,2,"SBSX","","","","6/P","T",1,0,0,0,0,"F"
0,1,0,1,"SX","","","","S5/G-","T",0,1,0,0,0,"F"
0,1,2,2,"CBBCFS","phegj001","","","K","T",1,0,1,0,0,"F"
0,2,0,1,"SX","phegj001","","","4/L","T",1,0,1,0,0,"F"
1,0,0,0,"X","","","","43/G","T",1,0,0,0,0,"F"
1,1,1,2,"CBCX","","","","63/G","T",1,0,0,0,0,"F"
1,2,0,0,"X","","","","53/G","T",1,0,0,0,0,"F"
0,0,0,0,"X","","","","43/G","T",1,0,0,0,0,"F"
0,1,1,2,"CBSC","","","","K","T",1,0,0,0,0,"F"
0,2,0,0,"X","","","","HR/9/F","T",0,4,0,0,0,"F"
0,2,1,2,"CBCT","","","","K","T",1,0,0,0,0,"F"
1,0,3,2,"BBCFBFB","","","","W","T",0,1,0,0,0,"F"
1,0,2,2,"BFCFFBS","davim005","","","K","T",1,0,1,0,0,"F"
1,1,0,0,"X","davim005","","","E6/FO/G.1-2","T",0,1,2,0,0,"F"
1,1,0,1,".FX","andet001","davim005","","S9/L.2-3;1-2","T",0,1,2,3,0,"F"
1,1,1,0,"BX","narvo001","andet001","davim005","S8/G.3-H(UR);2-H;1-2","T",0,1,2,4,5,"F"
1,1,0,1,"CX","engea001","narvo001","","S6/G.2-3;1-2","T",0,1,2,3,0,"F"
1,1,1,2,"C*BCFS","tilsc001","engea001","narvo001","K","T",1,0,1,2,3,"F"
1,2,1,0,"BX","tilsc001","engea001","narvo001","64(1)/FO/G","T",1,1,0,2,3,"F"
0,0,2,0,"BBX","","","","S7/G","T",0,1,0,0,0,"F"
0,0,0,0,"B","pindc001","","","WP.1-2","F",0,0,2,0,0,"F"
0,0,1,2,"B.CSX","","pindc001","","8/L/DP.2X3(85)","T",2,0,0,0,0,"F"
0,2,1,2,"FBSS","","","","K","T",1,0,0,0,0,"F"
1,0,1,1,".CBX","","","","5/L","T",1,0,0,0,0,"F"
1,1,1,2,"SSBS","","","","K","T",1,0,0,0,0,"F"
1,2,0,0,"X","","","","53/G-","T",1,0,0,0,0,"F"
0,0,3,2,"FFFBBBX","","","","S9/L+","T",0,1,0,0,0,"F"
0,0,0,2,"CFX","fowld002","","","S8/L.1-2","T",0,1,2,0,0,"F"
0,0,3,0,"..BBBB","semim001","fowld002","","W.2-3;1-2","T",0,1,2,3,0,"F"
0,0,3,2,".BBFBCX","piscs001","semim001","fowld002","S8/G.3-H;2-H;1-3","T",0,1,3,4,4,"F"
0,0,2,0,".B*BX","davik003","","piscs001","6/L","T",1,0,1,0,3,"F"
0,1,1,2,"C*BFFS","davik003","","piscs001","K","T",1,0,1,0,3,"F"
0,2,0,1,"CX","davik003","","piscs001","64(1)/FO/G","T",1,1,0,0,3,"F"
1,0,1,2,"...BFFFX","","","","HR/7/F","T",0,4,0,0,0,"F"
1,0,2,2,"BFFBX","","","","43/G","T",1,0,0,0,0,"F"
1,1,1,1,"BFX","","","","8/F","T",1,0,0,0,0,"F"
1,2,3,2,"FFBBBFB","","","","W","T",0,1,0,0,0,"F"
1,2,3,2,"1BCC1B*B>S","tilsc001","","","K","T",1,0,1,0,0,"F"
0,0,1,2,"..BSFS","","","","K","T",1,0,0,0,0,"F"
0,1,2,2,".FCBBT","","","","K","T",1,0,0,0,0,"F"
0,2,1,1,"FBX","","","","43/G","T",1,0,0,0,0,"F"
0,0,3,2,"FBFBBB","","","","W","T",0,1,0,0,0,"T"
0,0,1,1,"BCX","fowld002","","","64(1)3/GDP","T",2,0,0,0,0,"F"
0,2,1,2,"BFCX","","","","3/G","T",1,0,0,0,0,"F"
1,0,0,1,"CH","","","","HP","T",0,1,0,0,0,"F"
1,0,2,2,"1B1F1FBX","moncy001","","","S7/L.1-2","T",0,1,2,0,0,"F"
1,0,1,1,"BSX","garca003","moncy001","","S7/G+.2-H;1-2","T",0,1,2,4,0,"F"
1,0,3,1,"CBB*BB","abrej003","garca003","","W.2-3;1-2","T",0,1,2,3,0,"F"
1,0,1,1,"CBX","davim005","abrej003","garca003","64(1)/FO/G.3-H;2-3","T",1,1,0,3,4,"F"
1,1,2,2,"BCFFBX","smitk002","","abrej003","FC3/G.3XH(325);1-3(TH);B-2","T",1,2,3,0,0,"F"
1,2,1,1,"C*BX","","sancc001","smitk002","HR/9/F.3-H;2-H","T",0,4,0,4,4,"F"
1,2,1,0,"BX","","","","9/F","T",1,0,0,0,0,"F"
0,0,0,1,"CX","","","","8/L+","T",1,0,0,0,0,"F"
0,1,3,2,"BBBCCB","","","","W","T",0,1,0,0,0,"F"
0,1,0,2,"CCFFX","olsom001","","","HR/8/F.1-H","T",0,4,4,0,0,"F"
0,1,0,2,"CFFFX","","","","43/G-","T",1,0,0,0,0,"F"
0,2,1,1,"BCX","","","","8/L","T",1,0,0,0,0,"F"
1,0,1,2,"CFBX","","","","63/G","T",1,0,0,0,0,"F"
1,1,0,0,"X","","","","S8/G","T",0,1,0,0,0,"F"
1,1,1,2,"CS1*BFF>S","moncy001","","","K+SB2","T",1,0,2,0,0,"F"
1,2,2,1,"BBFX","","moncy001","","9/F","T",1,0,0,2,0,"F"
0,0,0,1,"CX","","","","43/G","T",1,0,0,0,0,"F"
0,1,2,1,"CBBX","","","","S7/L","T",0,1,0,0,0,"F"
0,1,0,2,"FCX","fowld002","","","FC4.1X2(4E6);B-1","T",0,1,2,0,0,"F"
0,1,0,0,"","semim001","fowld002","","OA.2X2(5)","F",1,0,1,0,0,"F"
0,2,2,1,"BBF>B","semim001","","","SB2","F",0,0,2,0,0,"F"
0,2,3,2,"BBF>B.C2FS","","semim001","","K","T",1,0,0,2,0,"F"
1,0,3,2,".BBCBSS","","","","K","T",1,0,0,0,0,"F"
1,1,0,0,"X","","","","D7/L+","T",0,2,0,0,0,"F"
1,1,1,0,"BX","","smitk002","","9/F.2-3","T",1,0,0,3,0,"F"
1,2,1,2,"CSBX","","","smitk002","63/G","T",1,0,0,0,3,"F"
0,0,1,1,"BSX","","","","4/L","T",1,0,0,0,0,"F"
0,1,0,0,"X","","","","23/G-","T",1,0,0,0,0,"F"
0,2,0,2,"CCX","","","","53/G","T",1,0,0,0,0,"F"
1,0,0,2,"SSX","","","","D9/L","T",0,2,0,0,0,"F"
1,0,3,2,"BBSBFFC","","engea001","","K","T",1,0,0,2,0,"F"
1,1,0,2,"CFFC","","engea001","","K","T",1,0,0,2,0,"F"
1,2,0,0,"X","","engea001","","9/F9LF","T",1,0,0,2,0,"F"
0,0,3,2,"CFBBBB","","","","W","T",0,1,0,0,0,"F"
0,0,3,2,"BC*B.CB>B","joycm001","","","W.1-2","T",0,1,2,0,0,"F"
0,0,0,2,"CFX","lucrj001","joycm001","","S7/G.2-3;1-2","T",0,1,2,3,0,"F"
0,0,1,1,"CBX","barrf001","lucrj001","joycm001","9/L/SF.3-H;2-3","T",1,0,1,3,4,"F"
0,1,0,1,"1F1X","barrf001","","lucrj001","9/F","T",1,0,1,0,3,"F"
0,2,2,2,"BS1*B1SX","barrf001","","lucrj001","D9/L.3-H;1-H","T",0,2,4,0,4,"F"
0,2,2,2,"SF*BBX","","lowrj001","","8/L","T",1,0,0,2,0,"F"
1,0,0,1,".CX","","","","13/G","T",1,0,0,0,0,"F"
1,1,2,2,"BBFFX","","","","8/F","T",1,0,0,0,0,"F"
1,2,1,1,"..CBX","","","","63/G","T",1,0,0,0,0,"F"
0,0,2,1,"BCBX","","","","HR/78/F","T",0,4,0,0,0,"F"
0,0,3,2,"BSFBBB","","","","W","T",0,1,0,0,0,"F"
0,0,0,0,"..X","piscs001","","","S7/G.1-2","T",0,1,2,0,0,"F"
0,0,2,2,"BSBFFFS","pindc001","piscs001","","K","T",1,0,1,2,0,"F"
0,1,2,2,"F*BFBFX","pindc001","piscs001","","7/F/DP.2X2(74)","T",2,0,1,0,0,"F"
1,0,0,0,"..X","","","","13/G-","T",1,0,0,0,0,"F"
1,1,0,1,"CX","","","","S8/G","T",0,1,0,0,0,"F"
1,1,0,0,"1H","andet001","","","HP.1-2","T",0,1,2,0,0,"F"
1,1,1,0,"B>B","engea001","andet001","","SB3;SB2","F",0,0,2,3,0,"F"
1,1,3,0,"B>B.BB","","engea001","andet001","W","T",0,1,0,2,3,"F"
1,1,0,0,".X","tilsc001","engea001","andet001","46(1)/FO/G.3-H;2-3","T",1,1,0,3,4,"F"
1,2,0,2,"SS>F>T","moncy001","","engea001","K","T",1,0,1,0,3,"F"
0,0,1,1,"BFX","","","","7/F","T",1,0,0,0,0,"F"
0,1,3,1,"CBBBX","","","","8/L","T",1,0,0,0,0,"F"
0,2,3,2,"BBCBFC","","","","K","T",1,0,0,0,0,"F"
1,0,2,2,"CBFBFT","","","","K","T",1,0,0,0,0,"F"
1,1,1,2,"BCSS","","","","K","T",1,0,0,0,0,"F"
1,2,0,2,"CFS","","","","K","T",1,0,0,0,0,"F"
0,0,1,2,".SSBS","","","","K","T",1,0,0,0,0,"F"
0,1,1,2,"BCCS","","","","K","T",1,0,0,0,0,"F"
0,2,0,2,"FCX","","","","D9/F","T",0,2,0,0,0,"F"
0,2,3,2,".BBSCFBFX","","piscs001","","S8/G.2-H;B-2(TH)","T",0,2,0,4,0,"F"
0,2,1,2,"BFCFFX","","martn003","","13/G-","T",1,0,0,2,0,"F"
1,0,1,1,"..CBX","","","","D7/L","T",0,2,0,0,0,"F"
1,0,0,2,"FFS","","sancc001","","K","T",1,0,0,2,0,"F"
1,1,1,2,"..CBFFFFS","","sancc001","","K","T",1,0,0,2,0,"F"
1,2,1,1,"SBX","","sancc001","","43/G","T",1,0,0,2,0,"F"
0,0,1,2,"..BCFX","","","","7/L","T",1,0,0,0,0,"F"
0,1,3,2,"BCBCBFFFFFFFX","","","","S7/L","T",0,1,0,0,0,"F"
0,1,1,2,"FCB>B","fowld002","","","SB2","F",0,0,2,0,0,"F"
0,1,3,2,"FCB>B.BB","","fowld002","","W","T",0,1,0,2,0,"F"
0,1,2,0,"BBX","semim001","fowld002","","9/F","T",1,0,1,2,0,"F"
0,2,3,2,"BBBCS>X","semim001","fowld002","","3/P","T",1,0,1,2,0,"F"
1,0,2,2,"CSBFBX","","","","3E1/G","T",0,1,0,0,0,"F"
1,0,1,2,"SSBS","moncy001","","","K","T",1,0,1,0,0,"F"
1,1,1,1,"BCX","moncy001","","","E6/FO/G.1-2","T",0,1,2,0,0,"F"
1,1,0,1,"CX","abrej003","moncy001","","64(1)3/GDP","T",2,0,0,2,0,"F"
0,0,0,1,"CX","","","","8/F","T",1,0,0,0,0,"T"
0,1,0,0,"X","","","","13/G+","T",1,0,0,0,0,"F"
0,2,1,1,"CBX","","","","8/F","T",1,0,0,0,0,"F"
1,0,1,2,"BCFC","","","","K","T",1,0,0,0,0,"F"
1,1,2,0,"BBX","","","","7/L","T",1,0,0,0,0,"F"
1,2,2,0,"BBX","","","","7/L","T",1,0,0,0,0,"F"
0,0,2,2,"CBBFS","","","","K","T",1,0,0,0,0,"F"
0,1,1,2,"CCBX","","","","S8/G+","T",0,1,0,0,0,"F"
0,1,0,1,"SX","olsom001","","","D7/G.1-3","T",0,2,3,0,0,"F"
0,1,1,0,"BX","","piscs001","olsom001","9/L/SF.3-H","T",1,0,0,2,4,"F"
0,2,1,2,"CFBX","","piscs001","","63/G","T",1,0,0,2,0,"F"
1,0,2,0,"BBX","","","","9/F","T",1,0,0,0,0,"F"
1,1,1,1,"CBX","","","","53/G","T",1,0,0,0,0,"F"
1,2,1,1,"BCX","","","","S6/G","T",0,1,0,0,0,"F"
1,2,0,1,"S>B","sancc001","","","SB2.1-3(E2/TH)","F",0,0,3,0,0,"F"
1,2,2,2,"S>B.BFS","","","sancc001","K","T",1,0,0,0,3,"F"
0,0,3,2,"BBCFBX","","","","9/F","T",1,0,0,0,0,"F"
0,1,1,1,"CBX","","","","8/L","T",1,0,0,0,0,"F"
0,2,1,0,"BX","","","","53/G","T",1,0,0,0,0,"F"
1,0,0,0,"X","","","","63/G","T",1,0,0,0,0,"F"
1,1,1,2,"BCFFFS","","","","K","T",1,0,0,0,0,"F"
1,2,2,1,"BCBX","","","","8/F+","T",1,0,0,0,0,"F"
0,0,0,1,"CX","","","","9/F","T",1,0,0,0,0,"F"
0,1,3,2,"CTBBBFS","","","","K","T",1,0,0,0,0,"F"
0,2,3,2,"SSBBFFBX","","","","S8/G+","T",0,1,0,0,0,"F"
0,2,0,0,"X","olsom001","","","9/F9LF","T",1,0,1,0,0,"F"
1,0,1,1,"SBX","","","","53/G+","T",1,0,0,0,0,"F"
1,1,1,0,"BX","","","","63/G","T",1,0,0,0,0,"F"
1,2,1,2,"CCBFS","","","","K","T",1,0,0,0,0,"F"
0,0,0,0,"X","","","","HR/7/F","T",0,4,0,0,0,"F"
0,0,0,0,"X","","","","S9/F","T",0,1,0,0,0,"F"
0,0,1,2,"CSBFFX","lucrj001","","","D56/G.1-3","T",0,2,3,0,0,"F"
0,0,1,0,"BX","","barrf001","lucrj001","53/G","T",1,0,0,2,3,"F"
0,1,2,2,"BFBFS","","barrf001","lucrj001","K","T",1,0,0,2,3,"F"
0,2,1,1,"FBX","","barrf001","lucrj001","4/P","T",1,0,0,2,3,"F"
1,0,1,0,"BX","","","","S8/G","T",0,1,0,0,0,"F"
1,0,0,0,"11>B","andet001","","","CS2(26)","F",1,0,0,0,0,"F"
1,1,1,1,"11>B.FX","","","","63/G","T",1,0,0,0,0,"F"
1,2,1,2,"CCBX","","","","S9/L","T",0,1,0,0,0,"F"
1,2,2,2,"BSSFFBX","narvo001","","","S9/L.1-3","T",0,1,3,0,0,"F"
1,2,0,1,"S1H","garcl004","","narvo001","HP.1-2","T",0,1,2,0,3,"F"
1,2,0,0,"X","engea001","garcl004","narvo001","D9/L.3-H;2-H;1-H","T",0,2,4,4,4,"F"
1,2,1,2,"FSBX","","moncy001","","S7/L.2-H;B-2(TH)","T",0,2,0,4,0,"F"
1,2,1,1,"BCX","","garca003","","S7/L.2-H;BX2(74)","T",1,0,0,4,0,"F"
0,0,0,1,"CX","","","","9/F","T",1,0,0,0,0,"F"
0,1,0,2,"CSX","","","","8/L","T",1,0,0,0,0,"F"
0,2,2,0,"BBX","","","","9/F","T",1,0,0,0,0,"F"
1,0,1,0,"BX","","","","HR/9/L","T",0,4,0,0,0,"F"
1,0,1,2,".CBFS","","","","K","T",1,0,0,0,0,"F"
1,1,0,2,"FFFX","","","","HR/89/F","T",0,4,0,0,0,"F"
1,1,2,2,"CBSBX","","","","S9/L","T",0,1,0,0,0,"F"
1,1,1,2,"BSFFS","narvo001","","","K","T",1,0,1,0,0,"F"
1,2,3,2,"FBFB*B>F>F>F>F>X","narvo001","","","S56/G.1-2","T",0,1,2,0,0,"F"
1,2,3,1,"SBBBX","engea001","narvo001","","HR/89/F.2-H;1-H","T",0,4,4,4,0,"F"
1,2,0,0,"X","","","","4/P","T",1,0,0,0,0,"F"
0,0,0,0,"X","","","","8/F","T",1,0,0,0,0,"F"
0,1,1,2,"CCBX","","","","S9/L","T",0,1,0,0,0,"F"
0,1,1,2,"SFFFBX","lucrj001","","","64(1)3/GDP","T",2,0,0,0,0,"F"
1,0,1,2,"..CSFFBX","","","","7/F","T",1,0,0,0,0,"F"
1,1,0,1,"SX","","","","53/G","T",1,0,0,0,0,"F"
1,2,2,2,"BCSFBS","","","","K","T",1,0,0,0,0,"F"
0,0,3,2,"BCBBFX","","","","5/P2F","T",1,0,0,0,0,"F"
0,1,0,1,"FX","","","","8/L","T",1,0,0,0,0,"F"
0,2,1,0,"BX","","","","8/F","T",1,0,0,0,0,"F"
1,0,0,1,"..CX","","","","53/G","T",1,0,0,0,0,"F"
1,1,3,2,"BFBCBB","","","","W","T",0,1,0,0,0,"F"
1,1,2,2,"BBCFFX","narvo001","","","7/F","T",1,0,1,0,0,"F"
1,2,0,0,"X","narvo001","","","13/G-","T",1,0,1,0,0,"F"
0,0,3,0,".BBBB","","","","W","T",0,1,0,0,0,"F"
0,0,3,2,".FBBSBFFF*B","davik003","","","W.1-2","T",0,1,2,0,0,"F"
0,0,0,0,"X","olsom001","davik003","","64(1)3/GDP.2-3","T",2,0,0,3,0,"F"
0,2,3,2,"CBS*BFBB","","","davik003","W+WP.3-H(NR)","T",0,1,0,0,4,"F"
0,2,3,2,"CFF*BFFB*B>X","canhm001","","","53/G","T",1,0,1,0,0,"F"
0,0,3,2,"CBCBFBX","","","","31/G","T",1,0,0,0,0,"T"
0,1,0,0,"X","","","","9/F9LF+","T",1,0,0,0,0,"F"
0,2,1,2,"CFBFFFFX","","","","4/L","T",1,0,0,0,0,"F"
1,0,2,2,"CBBFC","","","","K","T",1,0,0,0,0,"F"
1,1,1,2,"CSBX","","","","43/G","T",1,0,0,0,0,"F"
1,2,1,2,"CSBT","","","","K","T",1,0,0,0,0,"F"
0,0,0,0,"X","","","","8/F+","T",1,0,0,0,0,"F"
0,1,1,0,"BX","","","","HR/7/F","T",0,4,0,0,0,"F"
0,1,3,2,"FFBBBX","","","","43/G","T",1,0,0,0,0,"F"
0,2,3,2,"BSFBBB","","","","W","T",0,1,0,0,0,"F"
0,2,0,0,"X","garvm001","","","7/F+","T",1,0,1,0,0,"F"
1,0,2,2,"CFBBX","","","","4/L","T",1,0,0,0,0,"F"
1,1,2,2,"BBSFFFS","","","","K","T",1,0,0,0,0,"F"
1,2,0,0,"X","","","","S9/G","T",0,1,0,0,0,"F"
1,2,3,0,"BBBB","garcl004","","","W.1-2","T",0,1,2,0,0,"F"
1,2,2,2,"CBSFFBS","smitk002","garcl004","","K23","T",1,0,1,2,0,"F"
0,0,0,0,"X","","","","HR/8/F","T",0,4,0,0,0,"F"
0,0,3,1,"BBCBX","","","","7/F","T",1,0,0,0,0,"F"
0,1,2,2,"BSBFFX","","","","8/F","T",1,0,0,0,0,"F"
0,2,2,2,"BFBSX","","","","S7/L.BX2(74)","T",1,0,0,0,0,"F"
1,0,1,1,"CBX","","","","E6/TH/G","T",0,1,0,0,0,"F"
1,0,0,0,"X","engea001","","","T9/L+.1-H(UR)","T",0,3,5,0,0,"F"
1,0,0,0,"X","","","moncy001","43/G.3-H","T",1,0,0,0,4,"F"
1,1,2,0,"BBH","","","","HP","T",0,1,0,0,0,"F"
1,1,3,2,"B*BBCFFS","abrej003","","","K","T",1,0,1,0,0,"F"
1,2,0,2,"FFS","abrej003","","","K","T",1,0,1,0,0,"F"
0,0,1,2,"BFFX","","","","8/F","T",1,0,0,0,0,"F"
0,1,0,2,"CCS","","","","K","T",1,0,0,0,0,"F"
0,2,2,2,"CBBCX","","","","5/P","T",1,0,0,0,0,"F"
1,0,1,1,"FBX","","","","S8/L","T",0,1,0,0,0,"F"
1,0,2,1,"1SBBX","garcl004","","","64(1)3/GDP","T",2,0,0,0,0,"F"
1,2,1,1,"BCX","","","","S7/G+","T",0,1,0,0,0,"F"
1,2,2,2,"CBF1FB1FX","andet001","","","S9/L+.1-2","T",0,1,2,0,0,"F"
1,2,2,2,"SC*B*BX","engea001","andet001","","9/F","T",1,0,1,2,0,"F"
0,0,1,1,"BCX","","","","S7/L+","T",0,1,0,0,0,"F"
0,0,0,1,"CX","garvm001","","","S8/L.1-2","T",0,1,2,0,0,"F"
0,0,2,0,"BBX","cavej001","garvm001","","S39/G.2-H;1-3","T",0,1,3,4,0,"F"
0,0,1,2,"1BC1FFX","adrie001","","cavej001","9/F/SF.3-H","T",1,0,1,0,4,"F"
0,1,2,0,"1BB1X","adrie001","","","7/F","T",1,0,1,0,0,"F"
0,2,1,2,"CBFT","adrie001","","","K","T",1,0,1,0,0,"F"
1,0,2,2,"CBSBS","","","","K","T",1,0,0,0,0,"F"
1,1,0,2,"CFS","","","","K","T",1,0,0,0,0,"F"
1,2,0,0,"X","","","","63/G+","T",1,0,0,0,0,"F"
0,0,1,2,"BSFX","","","","9/F","T",1,0,0,0,0,"F"
0,1,2,2,"CBBTFS","","","","K","T",1,0,0,0,0,"F"
0,2,2,1,"BBCX","","","","8/F","T",1,0,0,0,0,"F"
1,0,0,1,"SX","","","","S1/G-","T",0,1,0,0,0,"F"
1,0,0,0,"X","davim005","","","S14/G+.1-2","T",0,1,2,0,0,"F"
1,0,0,0,"X","garcl004","davim005","","S7/L.2-3;1-2","T",0,1,2,3,0,"F"
1,0,3,1,".BBBCB","smitk002","garcl004","davim005","W.3-H;2-3;1-2","T",0,1,2,3,4,"F"
1,0,0,2,"CSFC","andet001","smitk002","garcl004","K","T",1,0,1,2,3,"F"
1,1,1,1,".BCX","andet001","smitk002","garcl004","6/P/IF","T",1,0,1,2,3,"F"
1,2,3,2,"BBFFFFB>X","andet001","smitk002","garcl004","S8/L.3-H;2-H;1-3","T",0,1,3,4,4,"F"
1,2,1,2,".BCFC","sancc001","","andet001","K","T",1,0,1,0,3,"F"
0,0,0,2,"CCS","","","","K","T",1,0,0,0,0,"F"
0,1,3,2,".CBSBFBFFS","","","","K","T",1,0,0,0,0,"F"
0,2,0,0,".X","","","","31/G","T",1,0,0,0,0,"F"
1,0,1,1,"BFX","","","","HR/78/F","T",0,4,0,0,0,"F"
1,0,2,2,"SBCBC","","","","K","T",1,0,0,0,0,"F"
1,1,1,2,"BTTC","","","","K","T",1,0,0,0,0,"F"
1,2,2,1,"BBCX","","","","8/F+","T",1,0,0,0,0,"F"
0,0,3,2,".BBCFBX","","","","7/F","T",1,0,0,0,0,"F"
0,1,1,2,"CSBFS","","","","K","T",1,0,0,0,0,"F"
0,2,2,2,"BSFFBS","","","","K","T",1,0,0,0,0,"F"
1,0,1,1,"BFX","","","","S6/G-","T",0,1,0,0,0,"F"
1,0,1,1,"BL11H","andet001","","","HP.1-2","T",0,1,2,0,0,"F"
1,0,1,1,"TBX","engea001","andet001","","E4/FO/G+.2-3;1-2","T",0,1,2,3,0,"F"
1,0,1,1,"BFX","moncy001","engea001","andet001","S9/L+.3-H;2-3;1-2","T",0,1,2,3,4,"F"
1,0,3,2,".BFCFBFBB","sancc001","moncy001","engea001","W.3-H(UR);2-3;1-2","T",0,1,2,3,5,"F"
1,0,1,1,"*BSX","abrej003","sancc001","moncy001","2/P2F","T",1,0,1,2,3,"F"
1,1,2,2,"SSBF*BFS","abrej003","sancc001","moncy001","K","T",1,0,1,2,3,"F"
1,2,1,2,"BSFFS","abrej003","sancc001","moncy001","K","T",1,0,1,2,3,"F"
0,0,0,0,".X","","","","4/L","T",1,0,0,0,0,"F"
0,1,2,2,"CFBBFX","","","","9/F","T",1,0,0,0,0,"F"
0,2,0,0,"X","","","","43/G","T",1,0,0,0,0,"F"
0,0,1,1,"BCX","","","","23/G-","T",1,0,0,0,0,"T"
0,1,2,2,"CFBBX","","","","3/G-","T",1,0,0,0,0,"F"
0,2,0,1,"SX","","","","43/G","T",1,0,0,0,0,"F"
1,0,0,0,"X","","","","31/G","T",1,0,0,0,0,"F"
1,1,3,1,"BCBBB","","","","W","T",0,1,0,0,0,"F"
1,1,2,0,"BBX","sancc001","","","9/L","T",1,0,1,0,0,"F"
1,2,2,2,"SB1FB1S","sancc001","","","K","T",1,0,1,0,0,"F"
0,0,2,1,"BBCX","","","","8/L","T",1,0,0,0,0,"F"
0,1,2,2,"BCSBT","","","","K","T",1,0,0,0,0,"F"
0,2,3,2,"BSBFFBB","","","","W","T",0,1,0,0,0,"F"
0,2,0,0,"X","grosr001","","","E4/G.1-2","T",0,1,2,0,0,"F"
0,2,1,0,"BX","cavej001","grosr001","","S6/G.2-3;1-2","T",0,1,2,3,0,"F"
0,2,2,2,"BBFCX","adrie001","cavej001","grosr001","5(2)/FO/G.1-2","T",1,1,2,0,3,"F"
1,0,2,2,"CFBBS","","","","K","T",1,0,0,0,0,"F"
1,1,0,0,"X","","","","4/L+","T",1,0,0,0,0,"F"
1,2,1,1,"CBX","","","","S9/G+","T",0,1,0,0,0,"F"
1,2,0,2,"CF1","andet001","","","POCS2(136)","F",1,0,0,0,0,"F"
0,0,1,1,"CBX","","","","3/G","T",1,0,0,0,0,"F"
0,1,0,1,"CX","","","","8/F","T",1,0,0,0,0,"F"
0,2,0,2,"CFS","","","","K","T",1,0,0,0,0,"F"
1,0,1,2,"CFFBX","","","","3/G-","T",1,0,0,0,0,"F"
1,1,0,0,"X","","","","S8/L","T",0,1,0,0,0,"F"
1,1,3,1,"BS1BBX","tilsc001","","","S9/L.1-3","T",0,1,3,0,0,"F"
1,1,0,2,"SF*B","moncy001","","tilsc001","OA.3XH(12);1-2(TH)","F",1,0,2,0,0,"F"
1,2,1,2,"SF*B.S","","moncy001","","K23","T",1,0,0,2,0,"F"
0,0,2,2,"CBSBC","","","","K","T",1,0,0,0,0,"F"
0,1,1,1,"CBX","","","","9/F","T",1,0,0,0,0,"F"
0,2,0,2,"CTS","","","","K","T",1,0,0,0,0,"F"
1,0,2,2,"CBFBX","","","","S7/G","T",0,1,0,0,0,"F"
1,0,1,0,"BX","abrej003","","","S9/L.1-2","T",0,1,2,0,0,"F"
1,0,2,2,"BBCTFFS","palkd001","abrej003","","K","T",1,0,1,2,0,"F"
1,1,1,1,"BFX","palkd001","abrej003","","D9/L+.2-H;1-3","T",0,2,3,4,0,"F"
1,1,0,0,"X","","garcl004","palkd001","S9/L.3-H;2-3","T",0,1,0,3,4,"F"
1,1,0,0,"1>X","andet001","","garcl004","63/G.3-H;1-2","T",1,0,2,0,4,"F"
1,2,1,0,"BX","","andet001","","31/G","T",1,0,0,2,0,"F"
0,0,3,1,"BBBCX","","","","43/G","T",1,0,0,0,0,"F"
0,1,0,1,"CX","","","","S7/L","T",0,1,0,0,0,"F"
0,1,2,2,"BCBFX","adrie001","","","54(1)3/GDP","T",2,0,0,0,0,"F"
1,0,1,2,"SCBS","","","","K","T",1,0,0,0,0,"F"
1,1,2,0,"BBX","","","","31/G","T",1,0,0,0,0,"F"
1,2,2,1,"BCBX","","","","HR/78/L","T",0,4,0,0,0,"F"
1,2,1,2,"FSFBFS","","","","K","T",1,0,0,0,0,"F"
0,0,0,1,"CX","","","","53/G-","T",1,0,0,0,0,"F"
0,1,0,0,"X","","","","43/G","T",1,0,0,0,0,"F"
0,2,3,1,"BBCBB","","","","W","T",0,1,0,0,0,"F"
0,2,2,2,"CF*BFBX","rosae001","","","S9/L.1-3","T",0,1,3,0,0,"F"
0,2,1,2,".F3.*BFC","dozib001","","rosae001","K","T",1,0,1,0,3,"F"
1,0,2,2,"CBSFFBX","","","","63/G","T",1,0,0,0,0,"F"
1,1,0,0,"X","","","","S8/L","T",0,1,0,0,0,"F"
1,1,1,2,"1BFS1X","garcl004","","","54(1)/FO/G","T",1,1,0,0,0,"F"
1,2,1,0,"BX","andet001","","","S7/G.1-3","T",0,1,3,0,0,"F"
1,2,1,1,"CBX","narvo001","","andet001","S9/F.3-H;1-3","T",0,1,3,0,4,"F"
1,2,3,2,"*BFBF1B>F>S","tilsc001","","narvo001","K","T",1,0,1,0,3,"F"
0,0,2,2,"BBCFFX","","","","43/G","T",1,0,0,0,0,"F"
0,1,2,2,"BFFFBX","","","","63/G","T",1,0,0,0,0,"F"
0,2,1,1,"TBX","","","","D9/L+","T",0,2,0,0,0,"F"
0,2,1,0,"BX","","adrie001","","53/G","T",1,0,0,2,0,"F"
1,0,1,2,"BFFX","","","","8/F","T",1,0,0,0,0,"F"
1,1,2,1,"CBBX","","","","163/G","T",1,0,0,0,0,"F"
1,2,1,1,"FBX","","","","43/G+","T",1,0,0,0,0,"F"
0,0,1,2,".BCFFFFX","","","","13/G","T",1,0,0,0,0,"F"
0,1,1,2,"BCSS","","","","K","T",1,0,0,0,0,"F"
0,2,3,2,"SBBFFBFFX","","","","7/L","T",1,0,0,0,0,"F"
1,0,2,2,".FBBFFFFX","","","","HR/78/L","T",0,4,0,0,0,"F"
1,0,0,2,"CSS","","","","K","T",1,0,0,0,0,"F"
1,1,1,2,"BSSS","","","","K","T",1,0,0,0,0,"F"
1,2,1,0,"BX","","","","43/G","T",1,0,0,0,0,"F"
0,0,3,2,"...CBBFBFX","","","","63/G","T",1,0,0,0,0,"F"
0,1,2,2,"CBBFFX","","","","7/L","T",1,0,0,0,0,"F"
0,2,3,1,"BBBCB","","","","W","T",0,1,0,0,0,"F"
0,2,3,2,"CFBFBB>B","grosr001","","","W.1-2","T",0,1,2,0,0,"F"
0,2,0,2,"CFX","cavej001","grosr001","","S9/G.2-H;1-3","T",0,1,3,4,0,"F"
0,2,1,2,"..C*BSS","adrie001","","cavej001","K","T",1,0,1,0,3,"F"
0,0,3,1,"BFBBB","","","","W","T",0,1,0,0,0,"T"
0,0,0,2,"CCX","grosr001","","","13/G-.1-2","T",1,0,2,0,0,"F"
0,1,0,0,"X","","grosr001","","31/G.2-3","T",1,0,0,3,0,"F"
0,2,3,1,"B*BBCB","","","grosr001","W","T",0,1,0,0,3,"F"
0,2,1,1,"FB>B","dozib001","","grosr001","SB2","F",0,0,2,0,3,"F"
0,2,3,1,"FB>B.*BB","","dozib001","grosr001","W","T",0,1,0,2,3,"F"
0,2,3,2,"BBBCF>F>X","morrl001","dozib001","grosr001","6/P","T",1,0,1,2,3,"F"
1,0,2,1,"CBBX","","","","8/F","T",1,0,0,0,0,"F"
1,1,2,2,"BFSBS","","","","K","T",1,0,0,0,0,"F"
1,2,2,2,"CFBBFS","","","","K","T",1,0,0,0,0,"F"
0,0,0,1,"CX","","","","53/G","T",1,0,0,0,0,"F"
0,1,1,2,"CCBFX","","","","43/G","T",1,0,0,0,0,"F"
0,2,2,2,"CFBBX","","","","7/F","T",1,0,0,0,0,"F"
1,0,0,2,"TFFS","","","","K","T",1,0,0,0,0,"F"
1,1,2,2,"BCBFX","","","","43/G","T",1,0,0,0,0,"F"
1,2,1,2,"BFFFFC","","","","K","T",1,0,0,0,0,"F"
0,0,0,0,"X","","","","6/P","T",1,0,0,0,0,"F"
0,1,0,2,"CFX","","","","7/F","T",1,0,0,0,0,"F"
0,2,0,1,"CX","","","","9/F","T",1,0,0,0,0,"F"
1,0,2,2,"BCSBFX","","","","S9/L","T",0,1,0,0,0,"F"
1,0,1,2,"111LS1B>C","andet001","","","K+SB2","T",1,0,2,0,0,"F"
1,1,3,2,"FBSBBC","","andet001","","K","T",1,0,0,2,0,"F"
1,2,1,2,"BCFS","","andet001","","K","T",1,0,0,2,0,"F"
0,0,1,2,"CSBS","","","","K","T",1,0,0,0,0,"F"
0,1,3,1,"BBFBX","","","","5/L","T",1,0,0,0,0,"F"
0,2,1,2,"CBSX","","","","7/L","T",1,0,0,0,0,"F"
1,0,2,2,"BFFBFX","","","","4/P","T",1,0,0,0,0,"F"
1,1,0,2,"FSX","","","","S8/G","T",0,1,0,0,0,"F"
1,1,3,1,"BCBBB","abrej003","","","W.1-2","T",0,1,2,0,0,"F"
1,1,2,0,"BBX","davim005","abrej003","","14(1)3/GDP","T",2,0,0,2,0,"F"
0,0,1,2,"CBCX","","","","43/G","T",1,0,0,0,0,"F"
0,1,0,0,"X","","","","63/G","T",1,0,0,0,0,"F"
0,2,2,2,"CFBBC","","","","K","T",1,0,0,0,0,"F"
1,0,0,0,"X","","","","43/G","T",1,0,0,0,0,"F"
1,1,1,2,"CBFX","","","","6/L","T",1,0,0,0,0,"F"
1,2,3,2,"FCBFFBBFFX","","","","63/G","T",1,0,0,0,0,"F"
0,0,2,2,"CBBFC","","","","K","T",1,0,0,0,0,"F"
0,1,1,0,"BX","","","","D39/G","T",0,2,0,0,0,"F"
0,1,2,1,"CBBX","","rosae001","","7/F","T",1,0,0,2,0,"F"
0,2,1,0,"BX","","rosae001","","8/L","T",1,0,0,2,0,"F"
1,0,1,0,"BX","","","","8/L","T",1,0,0,0,0,"F"
1,1,2,1,"BBSX","","","","D8/F","T",0,2,0,0,0,"F"
1,1,3,2,"FBBBFS","","moncy001","","K","T",1,0,0,2,0,"F"
1,2,3,0,"VVVV","","moncy001","","IW","T",0,1,0,2,0,"F"
1,2,3,0,"BBBB","abrej003","moncy001","","W.2-3;1-2","T",0,1,2,3,0,"F"
1,2,3,2,"CFBBFFFFFFFB>F>X","davim005","abrej003","moncy001","9/F","T",1,0,1,2,3,"F"
0,0,3,2,"TBBBFX","","","","HR/9/F","T",0,4,0,0,0,"F"
0,0,0,0,"X","","","","23/BG","T",1,0,0,0,0,"F"
0,1,1,2,"FFBX","","","","S7/G","T",0,1,0,0,0,"F"
0,1,2,0,".11BB1X","cavej001","","","S9/G.1-3","T",0,1,3,0,0,"F"
0,1,1,2,"1>FB1FF*B","keplm001","","cavej001","SB2","F",0,0,2,0,3,"F"
0,1,3,2,"1>FB1FF*B.FBFFB","","keplm001","cavej001","W","T",0,1,0,2,3,"F"
0,1,2,2,".CBCBX","wilsb002","keplm001","cavej001","4/L/DP.2X2(4)","T",2,0,1,0,3,"F"
1,0,1,2,"..CCBX","","","","S7/G","T",0,1,0,0,0,"F"
1,0,1,2,"SFB1FF1FX","sancc001","","","46(1)/FO/G","T",1,1,0,0,0,"F"
1,1,1,2,"SBFFB","andet001","","","PB.1-2","F",0,0,2,0,0,"F"
1,1,2,2,"SBFFB.X","","andet001","","43/G","T",1,0,0,2,0,"F"
1,2,1,0,"BX","","andet001","","63/G","T",1,0,0,2,0,"F"
0,0,0,0,"X","","","","9/F","T",1,0,0,0,0,"F"
0,1,3,2,"CFBBBFS","","","","K","T",1,0,0,0,0,"F"
0,2,0,2,".CCX","","","","9/F9LF","T",1,0,0,0,0,"F"
1,0,1,2,".BSFS","","","","K","T",1,0,0,0,0,"F"
1,1,0,0,"X","","","","5/L","T",1,0,0,0,0,"F"
1,2,1,1,"BFX","","","","43/G","T",1,0,0,0,0,"F"
0,0,0,2,".FCX","","","","5/P","T",1,0,0,0,0,"F"
0,1,0,0,"X","","","","63/G","T",1,0,0,0,0,"F"
0,2,1,2,"BFFS","","","","K","T",1,0,0,0,0,"F"
1,0,3,2,".CBFBBFC","","","","K","T",1,0,0,0,0,"F"
1,1,2,0,"BBX","","","","53/G","T",1,0,0,0,0,"F"
1,2,1,0,"BX","","","","S7/F","T",0,1,0,0,0,"F"
1,2,1,1,"BF1H","sancc001","","","HP.1-2","T",0,1,2,0,0,"F"
1,2,2,2,"CBSF*B>B","andet001","sancc001","","SB3;SB2","F",0,0,2,3,0,"F"
1,2,3,2,"CBSF*B>B.FFFB","","andet001","sancc001","W","T",0,1,0,2,3,"F"
1,2,3,0,".BBBB","tilsc001","andet001","sancc001","W.3-H;2-3;1-2","T",0,1,2,3,4,"F"
1,2,2,2,"BBCSFC","palkd001","tilsc001","andet001","K","T",1,0,1,2,3,"F"
0,0,1,1,"..BCX","","","","S7/L","T",0,1,0,0,0,"F"
0,0,1,1,"1CBX","keplm001","","","3/BG/SH.1-2","T",1,0,2,0,0,"F"
0,1,3,2,"CB*BSBX","","keplm001","","6E3/G.2-3","T",0,1,0,3,0,"F"
0,1,1,0,"BX","grosr001","","keplm001","3/P3F","T",1,0,1,0,3,"F"
0,2,3,1,"FVVVV","grosr001","","keplm001","IW.1-2","T",0,1,2,0,3,"F"
0,2,1,2,"FSBS","escoe001","grosr001","keplm001","K","T",1,0,1,2,3,"F"
1,0,0,2,".SFX","","","","S7/L","T",0,1,0,0,0,"F"
1,0,0,1,"SX","garca003","","","9/F.1-2","T",1,0,2,0,0,"F"
1,1,1,1,"FBX","","garca003","","2/P2F","T",1,0,0,2,0,"F"
1,2,0,2,"SSC","","garca003","","K","T",1,0,0,2,0,"F"
0,0,0,1,".FX","","","","7/F","T",1,0,0,0,0,"F"
0,1,3,2,"BCBBCX","","","","S6/G","T",0,1,0,0,0,"F"
0,1,1,2,"1CBTC","adrie001","","","K","T",1,0,1,0,0,"F"
0,2,0,1,"FX","adrie001","","","8/F","T",1,0,1,0,0,"F"
1,0,1,0,".BX","","","","63/G","T",1,0,0,0,0,"F"
1,1,0,1,"CX","","","","S9/L","T",0,1,0,0,0,"F"
1,1,1,2,"CF111FPF11>S","andet001","","","K+CS2(26)/DP","T",2,0,0,0,0,"F"
0,0,1,2,"....BCCX","","","","8/F","T",1,0,0,0,0,"F"
0,1,1,2,"CFBX","","","","43/G","T",1,0,0,0,0,"F"
0,2,3,2,"BCFBBX","","","","8/F","T",1,0,0,0,0,"F"
1,0,0,2,"CSX","","","","S7/L","T",0,1,0,0,0,"F"
1,0,3,2,"CLB1BBS","garcl004","","","K","T",1,0,1,0,0,"F"
1,1,1,0,".BX","garcl004","","","S8/L.1-2","T",0,1,2,0,0,"F"
1,1,0,0,"X","garca003","garcl004","","9/F","T",1,0,1,2,0,"F"
1,2,0,2,"FFFFS","garca003","garcl004","","K","T",1,0,1,2,0,"F"
0,0,2,2,"CSBFBX","","","","4/P","T",1,0,0,0,0,"F"
0,1,1,2,"BFFX","","","","7/F","T",1,0,0,0,0,"F"
0,2,2,2,"BFCFBX","","","","D7/F","T",0,2,0,0,0,"F"
0,2,3,1,"BCVVV","","morrl001","","IW","T",0,1,0,2,0,"F"
0,2,3,2,"*BSBBF>B","adrie001","morrl001","","W.2-3;1-2","T",0,1,2,3,0,"F"
0,2,3,2,"BCFBB>B","cavej001","adrie001","morrl001","W.3-H;2-3;1-2","T",0,1,2,3,4,"F"
0,2,1,0,".BX","keplm001","cavej001","adrie001","7/F","T",1,0,1,2,3,"F"
1,0,0,0,".X","","","","S7/L","T",0,1,0,0,0,"F"
1,0,0,0,"*B","smitk002","","","SB2","F",0,0,2,0,0,"F"
1,0,1,0,"*B.X","","smitk002","","63/G","T",1,0,0,2,0,"F"
1,1,3,2,".*BBCBSS","","smitk002","","K","T",1,0,0,2,0,"F"
1,2,0,0,"X","","smitk002","","63/G","T",1,0,0,2,0,"F"
0,0,1,2,"CCBFC","","","","K","T",1,0,0,0,0,"T"
0,1,1,2,"BCSFS","","","","K","T",1,0,0,0,0,"F"
0,2,3,1,"CBBBB","","","","W","T",0,1,0,0,0,"F"
0,2,2,1,"BCBX","martj008","","","43/G","T",1,0,1,0,0,"F"
1,0,2,2,"CBBCS","","","","K","T",1,0,0,0,0,"F"
1,1,1,2,"BCTFS","","","","K","T",1,0,0,0,0,"F"
1,2,2,2,"BCFBFX","","","","43/G","T",1,0,0,0,0,"F"
0,0,0,2,"CFS","","","","K","T",1,0,0,0,0,"F"
0,1,3,1,"FBBBX","","","","63/G","T",1,0,0,0,0,"F"
0,2,1,2,"CBFS","","","","K","T",1,0,0,0,0,"F"
1,0,2,2,"BCFBC","","","","K","T",1,0,0,0,0,"F"
1,1,2,2,"CSBBFT","","","","K","T",1,0,0,0,0,"F"
1,2,1,2,"SCBFS","","","","K","T",1,0,0,0,0,"F"
0,0,0,0,"X","","","","53/G","T",1,0,0,0,0,"F"
0,1,0,1,"CX","","","","43/G","T",1,0,0,0,0,"F"
0,2,3,2,"CBBBCX","","","","S9/L","T",0,1,0,0,0,"F"
0,2,0,0,"X","carpm002","","","S9/L.1-2","T",0,1,2,0,0,"F"
0,2,0,1,"SX","dejop001","carpm002","","S8/L+.2-H;1-3","T",0,1,3,4,0,"F"
0,2,2,2,"*BSS*BX","martj008","","dejop001","S9/L.3-H;1-2","T",0,1,2,0,4,"F"
0,2,1,2,"2FF*BX","ozunm001","martj008","","9/F","T",1,0,1,2,0,"F"
1,0,0,1,"CX","","","","S8/L","T",0,1,0,0,0,"F"
1,0,0,1,"CX","narvo001","","","D8/L.1-3","T",0,2,3,0,0,"F"
1,0,1,2,"TLBFX","","andet001","narvo001","S9/G.3-H;2-H","T",0,1,0,4,4,"F"
1,0,3,2,"11BBBCFX","tilsc001","","","5/P","T",1,0,1,0,0,"F"
1,1,0,0,"S","tilsc001","","","WP.1-2","F",0,0,2,0,0,"F"
1,1,0,1,"S.X","","tilsc001","","7/F","T",1,0,0,2,0,"F"
1,2,0,0,"X","","tilsc001","","63/G","T",1,0,0,2,0,"F"
0,0,0,0,"X","","","","D7/L","T",0,2,0,0,0,"F"
0,0,0,0,"X","","gyorj001","","S7/L.2-3","T",0,1,0,3,0,"F"
0,0,1,2,"1F1FB1X","fowld001","","gyorj001","64(1)/FO/G.3-H","T",1,1,0,0,4,"F"
0,1,0,0,"1X","munoy001","","","D9/L.1XH(962)","T",1,2,0,0,0,"F"
0,2,2,2,"BCSFBS","","wongk001","","K","T",1,0,0,2,0,"F"
1,0,2,2,"FFBFBS","","","","K","T",1,0,0,0,0,"F"
1,1,0,1,"FX","","","","9/L","T",1,0,0,0,0,"F"
1,2,0,1,"CX","","","","43/G","T",1,0,0,0,0,"F"
0,0,1,0,"BX","","","","E6/G","T",0,1,0,0,0,"F"
0,0,2,2,"BCSBX","dejop001","","","S8/L+.1-2","T",0,1,2,0,0,"F"
0,0,1,0,"*BX","martj008","dejop001","","8/F.2-3","T",1,0,1,3,0,"F"
0,1,0,0,"1X","martj008","","dejop001","8/F/SF.3-H(UR);1-2","T",1,0,2,0,5,"F"
0,2,3,2,"BCFBB*B","","martj008","","W","T",0,1,0,2,0,"F"
0,2,1,2,"BFCX","gyorj001","martj008","","43/G","T",1,0,1,2,0,"F"
1,0,3,2,"BCCBBFFFFX","","","","43/G","T",1,0,0,0,0,"F"
1,1,0,0,"X","","","","63/G","T",1,0,0,0,0,"F"
1,2,3,2,"BFBFBX","","","","3/G","T",1,0,0,0,0,"F"
0,0,2,1,"BFBX","","","","S48/G","T",0,1,0,0,0,"F"
0,0,0,0,".X","munoy001","","","S2/BG.1-2","T",0,1,2,0,0,"F"
0,0,3,2,"CS*B*BBF*B","wongk001","munoy001","","W.2-3;1-2","T",0,1,2,3,0,"F"
0,0,1,2,"CBSS","carpm002","wongk001","munoy001","K","T",1,0,1,2,3,"F"
0,1,0,0,".X","carpm002","wongk001","munoy001","9/F","T",1,0,1,2,3,"F"
0,2,2,0,"BBB","carpm002","wongk001","munoy001","PB.3-H(NR);2-3;1-2","F",0,0,2,3,4,"F"
0,2,3,0,"BBB.B","","carpm002","wongk001","W","T",0,1,0,2,3,"F"
0,2,1,1,"F*BB","ozunm001","carpm002","wongk001","WP.3-H(NR);2-3;1-2","F",0,0,2,3,4,"F"
0,2,3,1,"F*BB.BB","","ozunm001","carpm002","W","T",0,1,0,2,3,"F"
0,2,3,0,"B*BBB","moliy001","ozunm001","carpm002","W.3-H;2-3;1-2","T",0,1,2,3,4,"F"
0,2,1,0,".BX","gyorj001","moliy001","ozunm001","HR/78/F.3-H;2-H;1-H","T",0,4,4,4,4,"F"
0,2,1,1,"BCX","","","","8/F","T",1,0,0,0,0,"F"
1,0,3,2,"CFBBFBB","","","","W","T",0,1,0,0,0,"F"
1,0,2,2,"CBC*BX","moncy001","","","4/P","T",1,0,1,0,0,"F"
1,1,0,1,"CX","moncy001","","","46(1)3/GDP","T",2,0,0,0,0,"F"
0,0,0,1,"CX","","","","S8/G","T",0,1,0,0,0,"F"
0,0,2,2,"CFBBX","wongk001","","","S9/L+.1-2","T",0,1,2,0,0,"F"
0,0,2,2,"*BSBFFX","carpm002","wongk001","","3/P3F","T",1,0,1,2,0,"F"
0,1,3,2,"BSBCFBB","carpm002","wongk001","","W.2-3;1-2","T",0,1,2,3,0,"F"
0,1,0,0,"X","martj008","carpm002","wongk001","9/F","T",1,0,1,2,3,"F"
0,2,1,2,"CSBX","martj008","carpm002","wongk001","3/P","T",1,0,1,2,3,"F"
1,0,0,1,"..CX","","","","4/P","T",1,0,0,0,0,"F"
1,1,0,1,"CX","","","","53/G","T",1,0,0,0,0,"F"
1,2,0,2,"FFX","","","","S8/L","T",0,1,0,0,0,"F"
1,2,0,0,"X","garcl004","","","8/F","T",1,0,1,0,0,"F"
0,0,3,1,"FBBBB","","","","W","T",0,1,0,0,0,"F"
0,0,2,2,"BFFBS","gyorj001","","","K","T",1,0,1,0,0,"F"
0,1,1,0,"BX","gyorj001","","","6/L","T",1,0,1,0,0,"F"
0,2,2,1,"CBBX","gyorj001","","","HR/89/L.1-H","T",0,4,4,0,0,"F"
0,2,1,2,"CSBS","","","","K","T",1,0,0,0,0,"F"
1,0,1,0,".BX","","","","3/P3F","T",1,0,0,0,0,"F"
1,1,3,1,"BBCBB","","","","W","T",0,1,0,0,0,"F"
1,1,1,2,"CF*BC","tilsc001","","","K","T",1,0,1,0,0,"F"
1,2,2,2,"CBF*BX","tilsc001","","","DGR/89/F.1-3","T",0,2,3,0,0,"F"
1,2,1,2,"SSBX","","sancc001","tilsc001","53/G","T",1,0,0,2,3,"F"
0,0,3,2,"FBBBFFX","","","","S1/G","T",0,1,0,0,0,"F"
0,0,0,0,"X","dejop001","","","D9/L+.1-H","T",0,2,4,0,0,"F"
0,0,3,1,"BBCBX","","martj008","","53/G","T",1,0,0,2,0,"F"
0,1,1,2,"FBFT","","martj008","","K","T",1,0,0,2,0,"F"
0,2,2,2,"CBF*BFFX","","martj008","","8/F","T",1,0,0,2,0,"F"
1,0,3,2,".CFFBBBS","","","","K","T",1,0,0,0,0,"F"
1,1,2,2,"BCBFC","","","","K","T",1,0,0,0,0,"F"
1,2,1,0,"BX","","","","7/F","T",1,0,0,0,0,"F"
0,0,0,0,"X","","","","7/F","T",1,0,0,0,0,"T"
0,1,3,2,"CFBBBC","","","","K","T",1,0,0,0,0,"F"
0,2,2,2,"CBBFX","","","","S8/G+","T",0,1,0,0,0,"F"
0,2,0,2,"FFS","martj008","","","K","T",1,0,1,0,0,"F"
1,0,0,0,"F","","","","FLE2","F",0,0,0,0,0,"F"
1,0,3,2,"FBSBBB","","","","W","T",0,1,0,0,0,"F"
1,0,1,2,"1FBC1FX","moncy001","","","S3/G.1-2","T",0,1,2,0,0,"F"
1,0,3,2,"CBFFBF*BFFFX","sancc001","moncy001","","7/L/DP.2X2(74)","T",2,0,1,0,0,"F"
1,2,0,0,"X","sancc001","","","3/G","T",1,0,1,0,0,"F"
0,0,1,0,"BX","","","","7/F","T",1,0,0,0,0,"F"
0,1,1,2,"SFBFS","","","","K","T",1,0,0,0,0,"F"
0,2,0,0,"X","","","","43/G","T",1,0,0,0,0,"F"
1,0,2,2,"BCBFS","","","","K","T",1,0,0,0,0,"F"
1,1,1,2,"SBST","","","","K","T",1,0,0,0,0,"F"
1,2,1,2,"CFFBX","","","","43/G","T",1,0,0,0,0,"F"
0,0,1,1,"BFX","","","","63/G","T",1,0,0,0,0,"F"
0,1,1,1,"CBX","","","","43/G","T",1,0,0,0,0,"F"
0,2,3,2,"BCBBC*B","","","","W","T",0,1,0,0,0,"F"
0,2,0,2,"CSS","carpm002","","","K","T",1,0,1,0,0,"F"
1,0,1,0,"BX","","","","3/P9LF","T",1,0,0,0,0,"F"
1,1,1,2,"BFFFC","","","","K","T",1,0,0,0,0,"F"
1,2,0,0,"X","","","","8/F","T",1,0,0,0,0,"F"
0,0,1,1,"CBX","","","","63/G","T",1,0,0,0,0,"F"
0,1,3,2,"BBFBFX","","","","31/G","T",1,0,0,0,0,"F"
0,2,3,2,"CCBBBS","","","","K","T",1,0,0,0,0,"F"
1,0,3,2,"CFBBBX","","","","S8/L","T",0,1,0,0,0,"F"
1,0,0,1,"1CX","sancc001","","","4/P","T",1,0,1,0,0,"F"
1,1,1,2,"1BCSS","sancc001","","","K","T",1,0,1,0,0,"F"
1,2,0,2,"F1FS","sancc001","","","K","T",1,0,1,0,0,"F"
0,0,0,1,"CX","","","","13/G","T",1,0,0,0,0,"F"
0,1,1,2,"CFBS","","","","K","T",1,0,0,0,0,"F"
0,2,0,0,"X","","","","53/G-","T",1,0,0,0,0,"F"
1,0,3,2,"BSBCBFB","","","","W","T",0,1,0,0,0,"F"
1,0,0,2,"S1SX","garcl004","","","S8/L.1-3","T",0,1,3,0,0,"F"
1,0,0,0,"X","narvo001","","garcl004","64(1)/FO/G.3-H","T",1,1,0,0,4,"F"
1,1,2,2,"1FC1*BBX","andet001","","","9/L","T",1,0,1,0,0,"F"
1,2,2,2,"B11SS*BC","andet001","","","K","T",1,0,1,0,0,"F"
0,0,3,2,"BSBBFX","","","","7/L","T",1,0,0,0,0,"F"
0,1,1,1,"BCX","","","","D9/L+","T",0,2,0,0,0,"F"
0,1,3,2,"BBCBFC","","carpm002","","K","T",1,0,0,2,0,"F"
0,2,3,2,"*B*BFC*BX","","carpm002","","13/G","T",1,0,0,2,0,"F"
1,0,2,1,"BSBX","","","","31/G","T",1,0,0,0,0,"F"
1,1,1,2,"SBFX","","","","8/L","T",1,0,0,0,0,"F"
1,2,0,2,"CSS","","","","K","T",1,0,0,0,0,"F"
0,0,0,2,"FSX","","","","63/G","T",1,0,0,0,0,"F"
0,1,0,0,"X","","","","53/G","T",1,0,0,0,0,"F"
0,2,2,2,"CBSFFBX","","","","43/G","T",1,0,0,0,0,"F"
1,0,0,0,".X","","","","63/G","T",1,0,0,0,0,"F"
1,1,3,2,"BSBBCS","","","","K","T",1,0,0,0,0,"F"
1,2,3,2,"BCBFFBX","","","","S7/L","T",0,1,0,0,0,"F"
1,2,1,1,"CBX","narvo001","","","D7/L.1-H;B-3(TH)","T",0,3,4,0,0,"F"
1,2,0,0,"X","","","andet001","S4/P.3-H","T",0,1,0,0,4,"F"
1,2,1,1,"1FB+1","tilsc001","","","PO1(23)","F",1,0,0,0,0,"F"
0,0,0,1,"CX","","","","S98/F","T",0,1,0,0,0,"F"
0,0,1,0,"BX","dejop001","","","14(1)/FO/G-","T",1,1,0,0,0,"F"
0,1,0,2,"CCFX","fowld001","","","E4/FO/G.1-3","T",0,1,3,0,0,"F"
0,1,3,0,"BBBB","wongk001","","fowld001","W.1-2","T",0,1,2,0,3,"F"
0,1,1,2,".BFFFS","carpm002","wongk001","fowld001","K","T",1,0,1,2,3,"F"
0,2,0,2,".SSS","carpm002","wongk001","fowld001","K","T",1,0,1,2,3,"F"
1,0,3,2,".CBBFBX","","","","T9/L","T",0,3,0,0,0,"F"
1,0,1,2,"C*BSS","","","moncy001","K","T",1,0,0,0,3,"F"
1,1,0,1,"CX","","","moncy001","13/G.3-H","T",1,0,0,0,4,"F"
1,2,2,2,"BBCFS","","","","K","T",1,0,0,0,0,"F"
0,0,1,0,"..BX","","","","9/F9LF","T",1,0,0,0,0,"F"
0,1,1,2,"BFFX","","","","S8/L","T",0,1,0,0,0,"F"
0,1,2,2,"FFBBS","moliy001","","","K","T",1,0,1,0,0,"F"
0,2,3,2,"FBF*BB>B","moliy001","","","W.1-2","T",0,1,2,0,0,"F"
0,2,3,2,"SBFBFFB>X","dejop001","moliy001","","5/P","T",1,0,1,2,0,"F"
0,0,1,1,"CBX","","","","9/F","T",1,0,0,0,0,"T"
0,1,2,2,"CBSFBFC","","","","K","T",1,0,0,0,0,"F"
0,2,2,1,"BFBX","","","","3/P3F","T",1,0,0,0,0,"F"
1,0,3,2,"CBSBFBB","","","","W","T",0,1,0,0,0,"F"
1,0,3,2,"BBBCFB","moncy001","","","W.1-2","T",0,1,2,0,0,"F"
1,0,1,0,"BX","sancc001","moncy001","","7/L","T",1,0,1,2,0,"F"
1,1,1,1,"BCX","sancc001","moncy001","","S7/L.2-H;1-3;B-2(TH)","T",0,2,3,4,0,"F"
1,1,0,1,"FX","","palkd001","sancc001","D7/L.3-H;2-H","T",0,2,0,4,4,"F"
1,1,1,0,"BX","","garcl004","","43/G.2-3","T",1,0,0,3,0,"F"
1,2,0,1,"FX","","","garcl004","63/G","T",1,0,0,0,3,"F"
0,0,0,0,"X","","","","53/G","T",1,0,0,0,0,"F"
0,1,3,2,"BCSBBB","","","","W","T",0,1,0,0,0,"F"
0,1,2,2,"CFBFBC","dudal001","","","K","T",1,0,1,0,0,"F"
0,2,1,2,"BSFX","dudal001","","","D7/L.1-3","T",0,2,3,0,0,"F"
0,2,1,2,"BFFX","","gorda001","dudal001","7/F","T",1,0,0,2,3,"F"
1,0,1,1,"SBX","","","","53/G","T",1,0,0,0,0,"F"
1,1,0,0,"X","","","","8/L","T",1,0,0,0,0,"F"
1,2,3,2,"CFFBBBB","","","","W","T",0,1,0,0,0,"F"
1,2,0,0,"X","moncy001","","","S9/G.1-3","T",0,1,3,0,0,"F"
1,2,0,1,"CX","sancc001","","moncy001","43/G","T",1,0,1,0,3,"F"
0,0,0,0,"X","","","","9/F+","T",1,0,0,0,0,"F"
0,1,3,1,"CBBBB","","","","W","T",0,1,0,0,0,"F"
0,1,0,1,"SH","merrw001","","","HP.1-2","T",0,1,2,0,0,"F"
0,1,1,0,"BX","bonij002","merrw001","","E4/FO/G.2-3;1-2","T",0,1,2,3,0,"F"
0,1,2,1,"*BCBX","mousm001","bonij002","merrw001","8/F/SF.3-H(UR);2-3","T",1,0,1,3,5,"F"
0,2,0,1,"SB","mousm001","","bonij002","WP.3-H(NR)(UR);1-2","F",0,0,2,0,5,"F"
0,2,2,2,"SB.BSS","","mousm001","","K","T",1,0,0,2,0,"F"
1,0,2,2,"CBSBX","","","","S8/L","T",0,1,0,0,0,"F"
1,0,0,0,"X","palkd001","","","S5/BG.1-2","T",0,1,2,0,0,"F"
1,0,0,2,"CFB","garcl004","palkd001","","WP.2-3;1-2","F",0,0,2,3,0,"F"
1,0,2,2,"CFB.BX","","garcl004","palkd001","S7/G.3-H;2-3","T",0,1,0,3,4,"F"
1,0,3,2,"CBSF*BBFS","narvo001","","garcl004","K","T",1,0,1,0,3,"F"
1,1,0,1,"LX","narvo001","","garcl004","S9/G.3-H;1-2","T",0,1,2,0,4,"F"
1,1,1,2,"CBFX","lamar001","narvo001","","46(1)/FO/G.2-3","T",1,1,0,3,0,"F"
1,2,3,2,"BFBFB>F>B","tilsc001","","narvo001","W.1-2","T",0,1,2,0,3,"F"
1,2,0,2,".CCFT","moncy001","tilsc001","narvo001","K","T",1,0,1,2,3,"F"
0,0,1,0,"BX","","","","7/F","T",1,0,0,0,0,"F"
0,1,0,2,"CSS","","","","K","T",1,0,0,0,0,"F"
0,2,1,1,"BCX","","","","53/G","T",1,0,0,0,0,"F"
1,0,2,2,"FCBBX","","","","S8/L","T",0,1,0,0,0,"F"
1,0,0,1,"SB","abrej003","","","WP.1-2","F",0,0,2,0,0,"F"
1,0,3,2,"SB.FFBFBFX","","abrej003","","6/P","T",1,0,0,2,0,"F"
1,1,0,1,"CX","","abrej003","","7/F","T",1,0,0,2,0,"F"
1,2,3,2,"SB*BCFBFB","","abrej003","","W","T",0,1,0,2,0,"F"
1,2,3,2,"BFBCFB>F>F>X","narvo001","abrej003","","63/G","T",1,0,1,2,0,"F"
0,0,2,2,"CBSBS","","","","K","T",1,0,0,0,0,"F"
0,1,1,1,"BFX","","","","63/G","T",1,0,0,0,0,"F"
0,2,1,2,"FSBC","","","","K","T",1,0,0,0,0,"F"
1,0,2,2,"CBBFFX","","","","S8/G.B-2(E8)","T",0,2,0,0,0,"F"
1,0,3,1,"BBBCB","","lamar001","","W","T",0,1,0,2,0,"F"
1,0,2,2,"CB*BCC","tilsc001","lamar001","","K","T",1,0,1,2,0,"F"
1,1,0,1,"FX","tilsc001","lamar001","","6(1)3/GDP","T",2,0,0,2,0,"F"
0,0,1,1,"CBX","","","","8/L","T",1,0,0,0,0,"F"
0,1,1,0,"BX","","","","S7/L+","T",0,1,0,0,0,"F"
0,1,2,2,"S*B*BSX","peres002","","","8/F","T",1,0,1,0,0,"F"
0,2,0,2,"FFB","peres002","","","WP.1-2","F",0,0,2,0,0,"F"
0,2,3,2,"FFB.B*BX","","peres002","","8/F","T",1,0,0,2,0,"F"
1,0,0,0,"X","","","","HR/8/F","T",0,4,0,0,0,"F"
1,0,1,2,".BFSFX","","","","3/G","T",1,0,0,0,0,"F"
1,1,3,1,"BBFBX","","","","HR/8/F","T",0,4,0,0,0,"F"
1,1,3,2,"BBBCFFX","","","","63/G","T",1,0,0,0,0,"F"
1,2,0,2,"SCX","","","","S8/F","T",0,1,0,0,0,"F"
1,2,3,2,"CBB1BF>F1>S","andet001","","","K","T",1,0,1,0,0,"F"
0,0,2,1,"BBFX","","","","8/L","T",1,0,0,0,0,"F"
0,1,0,2,"SFS","","","","K","T",1,0,0,0,0,"F"
0,2,2,2,"SFBBX","","","","S9/L","T",0,1,0,0,0,"F"
0,2,0,0,"X","mondr003","","","S9/G.1-2","T",0,1,2,0,0,"F"
0,2,2,2,"BBCF>FX","merrw001","mondr003","","D7/G.2-H;1-H","T",0,2,4,4,0,"F"
0,2,2,2,".CBFF*BH","","bonij002","","HP","T",0,1,0,2,0,"F"
0,2,1,1,".BFX","mousm001","bonij002","","9/F","T",1,0,1,2,0,"F"
1,0,1,2,".CFBX","","","","53/G","T",1,0,0,0,0,"F"
1,1,3,1,"BBBCX","","","","7/F","T",1,0,0,0,0,"F"
1,2,0,1,"CX","","","","43/G","T",1,0,0,0,0,"F"
0,0,0,1,".CX","","","","S6/G","T",0,1,0,0,0,"F"
0,0,3,2,"BSFB*BFFF*B","dudal001","","","W.1-2","T",0,1,2,0,0,"F"
0,0,0,1,"CX","dozih001","dudal001","","31/G.2-3;1-2","T",1,0,2,3,0,"F"
0,1,3,1,"SBBBX","","dozih001","dudal001","E5/G.3-H","T",0,1,0,2,4,"F"
0,1,0,1,"SX","escoa003","dozih001","","9/F","T",1,0,1,2,0,"F"
0,2,1,2,".CBCFX","escoa003","dozih001","","S9/G.2-H(UR);1-3;B-2(TH)","T",0,2,3,5,0,"F"
0,2,1,0,"BX","","merrw001","escoa003","8/F+","T",1,0,0,2,3,"F"
1,0,1,0,".BX","","","","7/F","T",1,0,0,0,0,"F"
1,1,3,2,"BFBBCX","","","","D39/G","T",0,2,0,0,0,"F"
1,1,1,1,".SBX","","engea001","","4/L","T",1,0,0,2,0,"F"
1,2,1,1,"CBX","","engea001","","HR/89/F.2-H","T",0,4,0,4,0,"F"
1,2,1,0,"BX","","","","43/G","T",1,0,0,0,0,"F"
0,0,1,2,"..CBFFX","","","","8/F","T",1,0,0,0,0,"F"
0,1,1,2,"FBSFFS","","","","K","T",1,0,0,0,0,"F"
0,2,0,2,"CCC","","","","K","T",1,0,0,0,0,"F"
0,0,1,0,"BX","","","","S7/L+","T",0,1,0,0,0,"T"
0,0,1,0,"B1X","merrw001","","","HR/7/F.1-H","T",0,4,4,0,0,"F"
0,0,1,2,"TCBFS","","","","K","T",1,0,0,0,0,"F"
0,1,0,0,"X","","","","9/F","T",1,0,0,0,0,"F"
0,2,2,1,"BFBX","","","","63/G","T",1,0,0,0,0,"F"
1,0,1,2,"CSBC","","","","K","T",1,0,0,0,0,"F"
1,1,1,0,"BX","","","","63/G","T",1,0,0,0,0,"F"
1,2,0,2,"CCT","","","","K","T",1,0,0,0,0,"F"
0,0,0,2,"CSS","","","","K","T",1,0,0,0,0,"F"
0,1,2,1,"BSBX","","","","5/P7LF","T",1,0,0,0,0,"F"
0,2,0,0,"X","","","","43/G+","T",1,0,0,0,0,"F"
1,0,3,2,"CBCBBFC","","","","K","T",1,0,0,0,0,"F"
1,1,2,2,"BCBFX","","","","53/G","T",1,0,0,0,0,"F"
1,2,0,1,"FX","","","","S8/G","T",0,1,0,0,0,"F"
1,2,0,1,"SB","moncy001","","","WP.1-2","F",0,0,2,0,0,"F"
1,2,2,2,"SB.BFX","","moncy001","","3/G","T",1,0,0,2,0,"F"
0,0,0,2,"FSFFX","","","","S9/L","T",0,1,0,0,0,"F"
0,0,0,2,"CSS","escoa003","","","K","T",1,0,1,0,0,"F"
0,1,2,1,"B1FBX","escoa003","","","7/L","T",1,0,1,0,0,"F"
0,2,1,2,"FBF1F*B","escoa003","","","SB2","F",0,0,2,0,0,"F"
0,2,2,2,"FBF1F*B.X","","escoa003","","43/G","T",1,0,0,2,0,"F"
1,0,2,2,"BBFFX","","","","13/G+","T",1,0,0,0,0,"F"
1,1,0,2,"FTFS","","","","K","T",1,0,0,0,0,"F"
1,2,0,0,"X","","","","S8/F","T",0,1,0,0,0,"F"
1,2,1,0,"BX","andet001","","","S9/G.1-3","T",0,1,3,0,0,"F"
1,2,1,2,"CCBC","garcl004","","andet001","K","T",1,0,1,0,3,"F"
0,0,0,2,"FFX","","","","S7/L+.BX2(74)","T",1,0,0,0,0,"F"
0,1,0,2,"CFS","","","","K","T",1,0,0,0,0,"F"
0,2,2,2,"BFFFBX","","","","S8/L","T",0,1,0,0,0,"F"
0,2,1,2,"1F*B1SS","dozih001","","","K","T",1,0,1,0,0,"F"
1,0,1,2,"SSBT","","","","K","T",1,0,0,0,0,"F"
1,1,3,2,"FBBFBB","","","","W","T",0,1,0,0,0,"F"
1,1,3,2,"BSCBFFBB","smitk002","","","W.1-2","T",0,1,2,0,0,"F"
1,1,0,0,"B","moncy001","smitk002","","WP.2-3;1-2","F",0,0,2,3,0,"F"
1,1,1,2,"B.SSFC","","moncy001","smitk002","K","T",1,0,0,2,3,"F"
1,2,1,2,"SBFX","","moncy001","smitk002","7/L+","T",1,0,0,2,3,"F"
0,0,0,1,"CX","","","","S9/L","T",0,1,0,0,0,"F"
0,0,1,2,"1B>F1FF1F1N","orlap001","","","BK.1-2","F",0,0,2,0,0,"F"
0,0,3,2,"1B>F1FF1F1N.B.BS","","orlap001","","K","T",1,0,0,2,0,"F"
0,1,2,1,"BB2...CX","","orlap001","","63/G","T",1,0,0,2,0,"F"
0,2,0,0,"X","","orlap001","","T7/L.2-H","T",0,3,0,4,0,"F"
0,2,1,0,"BX","","","bonij002","7/F","T",1,0,0,0,3,"F"
1,0,2,2,"BSBSS","","","","K","T",1,0,0,0,0,"F"
1,1,2,2,"BSSBX","","","","4/P","T",1,0,0,0,0,"F"
1,2,1,0,"BX","","","","8/L","T",1,0,0,0,0,"F"
0,0,0,0,"X","","","","3/P3F","T",1,0,0,0,0,"F"
0,1,1,2,"CBSFS","","","","K","T",1,0,0,0,0,"F"
0,2,1,1,"CBX","","","","4/L","T",1,0,0,0,0,"F"
1,0,3,0,"BBBB","","","","W","T",0,1,0,0,0,"F"
1,0,1,2,"BCCX","abrej003","","","7/L","T",1,0,1,0,0,"F"
1,1,0,1,"F1X","abrej003","","","S8/G.1-2","T",0,1,2,0,0,"F"
1,1,2,2,"BSC*BX","smitk002","abrej003","","7/F","T",1,0,1,2,0,"F"
1,2,1,2,"FBFX","smitk002","abrej003","","5(2)/FO/G.1-2","T",1,1,2,0,0,"F"
0,0,0,1,".CX","","","","6/P","T",1,0,0,0,0,"F"
0,1,2,2,"CFBFBX","","","","8/F","T",1,0,0,0,0,"F"
0,2,1,2,"CCFBX","","","","8/L","T",1,0,0,0,0,"F"
1,0,1,2,"CSFBFFX","","","","9/F","T",1,0,0,0,0,"F"
1,1,2,0,"BBX","","","","7/F","T",1,0,0,0,0,"F"
1,2,0,1,"CX","","","","7/L","T",1,0,0,0,0,"F"
0,0,1,2,"CBFX","","","","S9/L","T",0,1,0,0,0,"F"
0,0,0,0,"1>B","merrw001","","","SB2","F",0,0,2,0,0,"F"
0,0,1,0,"1>B.X","","merrw001","","FC1/BG.2X3(15)","T",1,1,0,0,0,"F"
0,1,2,1,"BBCX","bonij002","","","9/F","T",1,0,1,0,0,"F"
0,2,0,2,"SFX","bonij002","","","HR/9/F.1-H","T",0,4,4,0,0,"F"
0,2,2,2,".CFBBS","","","","K","T",1,0,0,0,0,"F"
1,0,1,0,".BX","","","","5/P5F","T",1,0,0,0,0,"F"
1,1,2,2,"CFBBX","","","","S7/G","T",0,1,0,0,0,"F"
1,1,2,2,"FBC*BFX","abrej003","","","S9/F.1-2","T",0,1,2,0,0,"F"
1,1,0,2,"CFX","davim005","abrej003","","23/G-.2-3;1-2","T",1,0,2,3,0,"F"
1,2,0,0,"X","","davim005","abrej003","23/G-","T",1,0,0,2,3,"F"
0,0,1,2,"BFCX","","","","8/F","T",1,0,0,0,0,"F"
0,1,0,2,"CFC","","","","K","T",1,0,0,0,0,"F"
0,2,1,2,".BCFX","","","","43/G+","T",1,0,0,0,0,"F"
1,0,2,2,".CBFBFS","","","","K","T",1,0,0,0,0,"F"
1,1,1,2,"FBCFX","","","","63/G","T",1,0,0,0,0,"F"
1,2,2,2,".CCBFBFS","","","","K","T",1,0,0,0,0,"F"
0,0,3,2,"FFBFFBBFFB","","","","W","T",0,1,0,0,0,"T"
0,0,0,0,"X","merrw001","","","64(1)/FO/G","T",1,1,0,0,0,"F"
0,1,3,2,"BFC1FFFFBB11>B","bonij002","","","W.1-2","T",0,1,2,0,0,"F"
0,1,0,0,"X","mousm001","bonij002","","S7/L.2XH(752);1-2","T",1,1,2,0,0,"F"
0,2,3,2,"BFCB2FB>F>C","peres002","mousm001","","K","T",1,0,1,2,0,"F"
1,0,1,1,"CBX","","","","S9/L","T",0,1,0,0,0,"F"
1,0,0,2,"C1F11FS","moncy001","","","K","T",1,0,1,0,0,"F"
1,1,2,1,"1BBC>X","moncy001","","","63/G.1-2","T",1,0,2,0,0,"F"
1,2,2,0,"BBX","","moncy001","","HR/89/L.2-H","T",0,4,0,4,0,"F"
1,2,0,0,"X","","","","S8/G","T",0,1,0,0,0,"F"
1,2,0,0,">B","garcl004","","","SB2","F",0,0,2,0,0,"F"
1,2,1,2,">B.SFX","","garcl004","","43/G","T",1,0,0,2,0,"F"
0,0,2,2,"BCCBFX","","","","9/F","T",1,0,0,0,0,"F"
0,1,2,1,"BBFX","","","","7/F","T",1,0,0,0,0,"F"
0,2,1,2,"BFLX","","","","DGR/8/F+","T",0,2,0,0,0,"F"
0,2,3,1,"BCBBX","","mondr003","","7/F","T",1,0,0,2,0,"F"
1,0,2,1,"LBBX","","","","6/P","T",1,0,0,0,0,"F"
1,1,1,1,"BFX","","","","53/G","T",1,0,0,0,0,"F"
1,2,1,2,"SSBS","","","","K","T",1,0,0,0,0,"F"
0,0,3,2,"BCFFBBFS","","","","K","T",1,0,0,0,0,"F"
0,1,1,2,"CFFFBS","","","","K","T",1,0,0,0,0,"F"
0,2,0,0,"X","","","","63/G","T",1,0,0,0,0,"F"
1,0,3,2,".BSFBB*B","","","","W","T",0,1,0,0,0,"F"
1,0,1,1,"11BF1>X","moncy001","","","9/L/DP.1X1(93)","T",2,0,0,0,0,"F"
1,2,3,0,"BBBB","","","","W","T",0,1,0,0,0,"F"
1,2,2,1,"SBBX","abrej003","","","S8/G+.1-3","T",0,1,3,0,0,"F"
1,2,0,0,"B","palkd001","","abrej003","WP.3-H(NR);1-2","F",0,0,2,0,4,"F"
1,2,1,2,"B.SFFX","","palkd001","","S7/L.2-H;B-2(TH)","T",0,2,0,4,0,"F"
1,2,0,2,"CFS","","garcl004","","K","T",1,0,0,2,0,"F"
0,0,0,2,"CFX","","","","63/G","T",1,0,0,0,0,"F"
0,1,1,2,"CBFX","","","","3/G","T",1,0,0,0,0,"F"
0,2,0,0,"X","","","","6/P","T",1,0,0,0,0,"F"
1,0,2,2,"FBBFX","","","","63/G","T",1,0,0,0,0,"F"
1,1,0,1,"FX","","","","53/G","T",1,0,0,0,0,"F"
1,2,2,1,"BBFX","","","","53/G","T",1,0,0,0,0,"F"
0,0,2,2,"BBFFS","","","","K","T",1,0,0,0,0,"F"
0,1,0,2,"CSX","","","","6/P","T",1,0,0,0,0,"F"
0,2,3,2,"BBCBFC","","","","K","T",1,0,0,0,0,"F"
1,0,2,2,".BCCBFFX","","","","HR/78/F","T",0,4,0,0,0,"F"
1,0,1,2,"BFFT","","","","K","T",1,0,0,0,0,"F"
1,1,1,0,"BX","","","","8/L","T",1,0,0,0,0,"F"
1,2,2,2,"CBBCX","","","","S7/L","T",0,1,0,0,0,"F"
1,2,0,0,"X","palkd001","","","S56/G.1-2","T",0,1,2,0,0,"F"
1,2,0,1,"CX","garcl004","palkd001","","S9/L.2-3;1-2","T",0,1,2,3,0,"F"
1,2,2,0,"BBX","davim005","garcl004","palkd001","D7/G+.3-H;2-H;1-3","T",0,2,3,4,4,"F"
1,2,0,0,"X","","andet001","davim005","D7/G.3-H;2-H","T",0,2,0,4,4,"F"
1,2,1,2,"FBSX","","smitk002","","63/G","T",1,0,0,2,0,"F"
0,0,1,2,"CBCS","","","","K","T",1,0,0,0,0,"F"
0,1,3,2,"BBFFBB","","","","W","T",0,1,0,0,0,"F"
0,1,1,0,"BX","bonij002","","","45(1)3/GDP","T",2,0,0,0,0,"F"
1,0,2,1,"..CBBX","","","","D9/L.B-3(E9)","T",0,3,0,0,0,"F"
1,0,1,1,"BSX","","","moncy001","S7/G.3-H","T",0,1,0,0,4,"F"
1,0,3,2,"BB*BCSS","sancc001","","","K","T",1,0,1,0,0,"F"
1,1,0,2,"CFFS","sancc001","","","K","T",1,0,1,0,0,"F"
1,2,1,2,"SFBS","sancc001","","","K","T",1,0,1,0,0,"F"
0,0,1,2,"BFFX","","","","63/G","T",1,0,0,0,0,"F"
0,1,2,0,".BBX","","","","S9/G","T",0,1,0,0,0,"F"
0,1,1,2,"BSFX","dudal001","","","9/L","T",1,0,1,0,0,"F"
0,2,2,0,"BBX","dudal001","","","43/G","T",1,0,1,0,0,"F"
1,0,0,1,".FX","","","","63/G","T",1,0,0,0,0,"F"
1,1,0,1,"CX","","","","8/L","T",1,0,0,0,0,"F"
1,2,0,2,"CSFX","","","","43/G","T",1,0,0,0,0,"F"
0,0,1,0,".BX","","","","HR/89/F","T",0,4,0,0,0,"F"
0,0,1,2,"CBCFX","","","","7/L","T",1,0,0,0,0,"F"
0,1,0,2,"SFFX","","","","D7/G","T",0,2,0,0,0,"F"
0,1,1,2,"SBFC","","merrw001","","K","T",1,0,0,2,0,"F"
0,2,1,1,"BCX","","merrw001","","63/G","T",1,0,0,2,0,"F"
1,0,0,0,"X","","","","53/G","T",1,0,0,0,0,"F"
1,1,1,1,"BSX","","","","7/F","T",1,0,0,0,0,"F"
1,2,2,2,"CBBCS","","","","K","T",1,0,0,0,0,"F"
0,0,0,2,".CSFX","","","","3/P3F","T",1,0,0,0,0,"F"
0,1,0,1,"SX","","","","5/P","T",1,0,0,0,0,"F"
0,2,0,2,"CFFS","","","","K","T",1,0,0,0,0,"F"
0,0,1,0,"BX","","","","HR/9/F","T",0,4,0,0,0,"T"
0,0,0,0,"X","","","","HR/7/L","T",0,4,0,0,0,"F"
0,0,1,1,"BCX","","","","S9/L","T",0,1,0,0,0,"F"
0,0,3,2,"CF*B*BF*BB","smoaj001","","","W.1-2","T",0,1,2,0,0,"F"
0,0,0,0,"..X","morak001","smoaj001","","46(1)3/GDP.2-3","T",2,0,0,3,0,"F"
0,2,2,2,"BF*BFS","","","smoaj001","K","T",1,0,0,0,3,"F"
1,0,3,2,"BCBFBX","","","","13/G","T",1,0,0,0,0,"F"
1,1,1,0,"BX","","","","3/G","T",1,0,0,0,0,"F"
1,2,2,1,"CBBX","","","","43/G","T",1,0,0,0,0,"F"
0,0,3,1,"CBBBB","","","","W","T",0,1,0,0,0,"F"
0,0,3,2,"BBSSBX","martr004","","","HR/8/F.1-H","T",0,4,4,0,0,"F"
0,0,1,0,"BX","","","","4/L","T",1,0,0,0,0,"F"
0,1,3,0,"BBBB","","","","W","T",0,1,0,0,0,"F"
0,1,2,2,"B1CF1BC","granc001","","","K","T",1,0,1,0,0,"F"
0,2,3,1,"BBBCX","granc001","","","D9/L+.1-H","T",0,2,4,0,0,"F"
0,2,0,2,"CFX","","smoaj001","","9/F","T",1,0,0,2,0,"F"
1,0,3,1,"CBBBX","","","","S8/L+","T",0,1,0,0,0,"F"
1,0,0,0,"X","garca003","","","S57/P.1-2","T",0,1,2,0,0,"F"
1,0,0,0,"X","palkd001","garca003","","46(1)3/GDP.2-3","T",2,0,0,3,0,"F"
1,2,2,2,"BFC*BX","","","garca003","43/G","T",1,0,0,0,3,"F"
0,0,3,1,"BBBFX","","","","E3/G+","T",0,1,0,0,0,"F"
0,0,3,2,"C*BBCBX","solay001","","","9/F","T",1,0,1,0,0,"F"
0,1,1,0,"BX","solay001","","","9/L","T",1,0,1,0,0,"F"
0,2,2,2,"C*BBSX","solay001","","","7/L+","T",1,0,1,0,0,"F"
1,0,2,1,"BFBX","","","","31/G","T",1,0,0,0,0,"F"
1,1,3,0,"BBBB","","","","W","T",0,1,0,0,0,"F"
1,1,2,1,"CBBX","engea001","","","S9/G.1-2","T",0,1,2,0,0,"F"
1,1,1,2,"BFFX","moncy001","engea001","","4/P/IF","T",1,0,1,2,0,"F"
1,2,2,1,"BBSX","moncy001","engea001","","S8/L+.2-H;1-3","T",0,1,3,4,0,"F"
1,2,0,1,"CX","abrej003","","moncy001","64(1)/FO/G","T",1,1,0,0,3,"F"
0,0,1,2,"CBFX","","","","3/P","T",1,0,0,0,0,"F"
0,1,2,2,"BCBFS","","","","K","T",1,0,0,0,0,"F"
0,2,0,0,"X","","","","HR/7/F","T",0,4,0,0,0,"F"
0,2,1,1,"BCX","","","","41/G","T",1,0,0,0,0,"F"
1,0,1,2,"FSFBS","","","","K","T",1,0,0,0,0,"F"
1,1,0,2,"CFC","","","","K","T",1,0,0,0,0,"F"
1,2,0,1,"CX","","","","63/G","T",1,0,0,0,0,"F"
0,0,1,1,"CBX","","","","HR/9/F","T",0,4,0,0,0,"F"
0,0,0,1,"FX","","","","3/G","T",1,0,0,0,0,"F"
0,1,3,2,"CBCFFBBB","","","","W","T",0,1,0,0,0,"F"
0,1,1,1,".BFX","hernt002","","","D8/L.1-H","T",0,2,4,0,0,"F"
0,1,2,2,"BBFFH","","martr004","","HP","T",0,1,0,2,0,"F"
0,1,0,1,"CH","gricr001","martr004","","HP.2-3;1-2","T",0,1,2,3,0,"F"
0,1,1,2,"CBSFB","travd001","gricr001","martr004","WP.3-H(NR);2-3;1-2","F",0,0,2,3,4,"F"
0,1,2,2,"CBSFB.FX","","travd001","gricr001","7/F/SF.3-H","T",1,0,0,2,4,"F"
0,2,3,1,"BF*BBX","","travd001","","4/P","T",1,0,0,2,0,"F"
1,0,2,2,"BSCBX","","","","13/G","T",1,0,0,0,0,"F"
1,1,1,2,"BCCX","","","","43/G-","T",1,0,0,0,0,"F"
1,2,0,1,"CX","","","","43/G","T",1,0,0,0,0,"F"
0,0,1,2,".CBFFS","","","","K","T",1,0,0,0,0,"F"
0,1,1,1,"CBX","","","","3/G","T",1,0,0,0,0,"F"
0,2,0,2,"FFS","","","","K","T",1,0,0,0,0,"F"
1,0,2,2,"CBFBX","","","","43/G+","T",1,0,0,0,0,"F"
1,1,1,2,"CCBX","","","","53/G+","T",1,0,0,0,0,"F"
1,2,3,2,"FBFFBFFBX","","","","S6/G","T",0,1,0,0,0,"F"
1,2,1,2,"CFBFX","garca003","","","8/L","T",1,0,1,0,0,"F"
0,0,1,2,".CBFC","","","","K","T",1,0,0,0,0,"F"
0,1,0,2,"CCX","","","","53/G","T",1,0,0,0,0,"F"
0,2,0,2,"CFS","","","","K","T",1,0,0,0,0,"F"
1,0,3,2,"CBCBFFFBS","","","","K","T",1,0,0,0,0,"F"
1,1,0,0,"X","","","","7/F","T",1,0,0,0,0,"F"
1,2,1,1,"FBX","","","","T9/L+","T",0,3,0,0,0,"F"
1,2,1,1,"C*BX","","","delmn001","DGR/7/L.3-H","T",0,2,0,0,4,"F"
1,2,0,1,".CX","","engea001","","31/G","T",1,0,0,2,0,"F"
0,0,1,1,".CBX","","","","7/F","T",1,0,0,0,0,"F"
0,1,1,2,".CCBS","","","","K","T",1,0,0,0,0,"F"
0,2,4,2,"BBSBCBFFFFFX","","","","D8/L","T",0,2,0,0,0,"F"
0,2,3,2,"BBBCCX","","gurrl001","","3/P","T",1,0,0,2,0,"F"
1,0,3,2,".SCBBFBX","","","","3/G","T",1,0,0,0,0,"F"
1,1,1,1,"CBX","","","","9/F","T",1,0,0,0,0,"F"
1,2,0,0,"X","","","","9/L+","T",1,0,0,0,0,"F"
0,0,1,2,".CFBX","","","","6/L","T",1,0,0,0,0,"F"
0,1,0,1,"CX","","","","31/G","T",1,0,0,0,0,"F"
0,2,1,2,"BCSX","","","","63/G","T",1,0,0,0,0,"F"
1,0,1,1,".CBX","","","","D9/L+","T",0,2,0,0,0,"F"
1,0,1,0,"BX","","palkd001","","D9/G.2-H","T",0,2,0,4,0,"F"
1,0,0,1,"CB","","andet001","","WP.2-3","F",0,0,0,3,0,"F"
1,0,3,2,"CB.CFBF*BC","","","andet001","K","T",1,0,0,0,3,"F"
1,1,0,0,"X","","","andet001","T9/G.3-H","T",0,3,0,0,4,"F"
1,1,0,2,"CCX","","","delmn001","S6/G-.3-H","T",0,1,0,0,4,"F"
1,1,2,2,"SBSBX","engea001","","","8/F","T",1,0,1,0,0,"F"
1,2,0,0,">B","engea001","","","DI.1-2","F",0,0,2,0,0,"F"
1,2,1,1,">B.CX","","engea001","","9/L","T",1,0,0,2,0,"F"
0,0,1,2,"BSSX","","","","S9/L","T",0,1,0,0,0,"T"
0,0,2,2,"B1FL*BX","granc001","","","S8/L.1-2","T",0,1,2,0,0,"F"
0,0,1,1,"BSX","gurrl001","granc001","","8/F.2-3","T",1,0,1,3,0,"F"
0,1,1,1,"F1BX","gurrl001","","granc001","S8/L-.3-H;1-2","T",0,1,2,0,4,"F"
0,1,2,1,"TB*BX","morak001","gurrl001","","9/F","T",1,0,1,2,0,"F"
0,2,3,2,"CBFBF*B>X","morak001","gurrl001","","63/G","T",1,0,1,2,0,"F"
1,0,3,2,"BCBBFX","","","","7/L","T",1,0,0,0,0,"F"
1,1,2,2,"BCBFFS","","","","K","T",1,0,0,0,0,"F"
1,2,1,1,"CBX","","","","53/G","T",1,0,0,0,0,"F"
0,0,3,2,"CBBSBFB","","","","W","T",0,1,0,0,0,"F"
0,0,3,1,"BCBBX","martr004","","","8/F","T",1,0,1,0,0,"F"
0,1,0,1,"SX","martr004","","","S56/G.1-2","T",0,1,2,0,0,"F"
0,1,2,2,"BCS*BX","drurb001","martr004","","S9/G.2-3;1-2","T",0,1,2,3,0,"F"
0,1,1,0,"*BX","granc001","drurb001","martr004","S7/L.3-H;2-H;1-2","T",0,1,2,4,4,"F"
0,1,2,2,"TBBSC","gurrl001","granc001","","K","T",1,0,1,2,0,"F"
0,2,0,0,"2X","gurrl001","granc001","","143/G","T",1,0,1,2,0,"F"
1,0,3,1,"BBBCX","","","","63/G-","T",1,0,0,0,0,"F"
1,1,2,2,"FCBFBS","","","","K23","T",1,0,0,0,0,"F"
1,2,0,0,"X","","","","53/G","T",1,0,0,0,0,"F"
0,0,3,2,"BFBSFFBFFFX","","","","63/G","T",1,0,0,0,0,"F"
0,1,1,2,"CBCX","","","","53/G","T",1,0,0,0,0,"F"
0,2,3,2,"BCSBFFFBX","","","","HR/7/F","T",0,4,0,0,0,"F"
0,2,1,2,"SBSS","","","","K","T",1,0,0,0,0,"F"
1,0,2,2,"CFBBX","","","","S1/G","T",0,1,0,0,0,"F"
1,0,1,2,"BFSS","smitk002","","","K","T",1,0,1,0,0,"F"
1,1,0,1,"CX","smitk002","","","54(1)3/GDP","T",2,0,0,0,0,"F"
0,0,1,2,"BCST","","","","K","T",1,0,0,0,0,"F"
0,1,0,0,"X","","","","5/P7LF","T",1,0,0,0,0,"F"
0,2,1,1,"BCX","","","","63/G","T",1,0,0,0,0,"F"
1,0,2,2,".CBBCC","","","","K","T",1,0,0,0,0,"F"
1,1,0,2,"TFX","","","","HR/9/F","T",0,4,0,0,0,"F"
1,1,0,1,"CX","","","","S9/L+","T",0,1,0,0,0,"F"
1,1,2,1,"BBSX","abrej003","","","S9/L.1-2","T",0,1,2,0,0,"F"
1,1,0,0,"X","garca003","abrej003","","6(1)3/GDP","T",2,0,0,2,0,"F"
0,0,0,0,"X","","","","D7/L+","T",0,2,0,0,0,"F"
0,0,0,0,"X","","smoaj001","","63/G.2-3","T",1,0,0,3,0,"F"
0,1,0,2,"FSX","","","smoaj001","S9/L.3-H","T",0,1,0,0,4,"F"
0,1,0,0,".X","solay001","","","9/L","T",1,0,1,0,0,"F"
0,2,1,2,"BCCX","solay001","","","S1/G.1-2","T",0,1,2,0,0,"F"
0,2,1,0,"*BH","martr004","solay001","","HP.2-3;1-2","T",0,1,2,3,0,"F"
0,2,0,1,"C2N","gricr001","martr004","solay001","CSH(14251)","F",1,0,1,2,0,"F"
1,0,1,2,"BSFS","","","","K","T",1,0,0,0,0,"F"
1,1,0,0,"X","","","","63/G","T",1,0,0,0,0,"F"
1,2,1,2,"BFFX","","","","43/G","T",1,0,0,0,0,"F"
0,0,3,2,"FFBBBX","","","","53/G","T",1,0,0,0,0,"F"
0,1,2,1,"BBFX","","","","43/G","T",1,0,0,0,0,"F"
0,2,3,2,"CBBBFS","","","","K","T",1,0,0,0,0,"F"
1,0,0,2,".CFX","","","","S8/L","T",0,1,0,0,0,"F"
1,0,2,2,"CBC*BX","andet001","","","64(1)/FO/G","T",1,1,0,0,0,"F"
1,1,1,2,"BSC>B","moncy001","","","SB2","F",0,0,2,0,0,"F"
1,1,2,2,"BSC>B.S","","moncy001","","K","T",1,0,0,2,0,"F"
1,2,1,2,".CSBX","","moncy001","","8/F","T",1,0,0,2,0,"F"
0,0,2,2,".CBFBFX","","","","53/G","T",1,0,0,0,0,"F"
0,1,0,0,"X","","","","D8/F+","T",0,2,0,0,0,"F"
0,1,1,1,"*BSX","","morak001","","31/G.2-3","T",1,0,0,3,0,"F"
0,2,3,2,"B*B*BCFB","","","morak001","W","T",0,1,0,0,3,"F"
0,2,2,2,"CBCFBC","hernt002","","morak001","K","T",1,0,1,0,3,"F"
1,0,2,2,"BBSSFS","","","","K","T",1,0,0,0,0,"F"
1,1,0,2,"CFFX","","","","HR/89/F","T",0,4,0,0,0,"F"
1,1,1,1,"BFX","","","","9/L+","T",1,0,0,0,0,"F"
1,2,0,2,"CCFX","","","","S8/L+","T",0,1,0,0,0,"F"
1,2,0,0,"B","smitk002","","","WP.1-2","F",0,0,2,0,0,"F"
1,2,2,2,"B.SBS+2X","","smitk002","","S8/L.2-H","T",0,1,0,4,0,"F"
1,2,1,2,"BSFS","garcl004","","","K","T",1,0,1,0,0,"F"
0,0,0,2,".CFX","","","","S8/L","T",0,1,0,0,0,"F"
0,0,0,0,"X","gricr001","","","64(1)3/GDP","T",2,0,0,0,0,"F"
0,2,2,2,"BSCFBS","","","","K","T",1,0,0,0,0,"F"
1,0,3,2,".BFFBBB","","","","W","T",0,1,0,0,0,"F"
1,0,2,2,"*BBFSX","moncy001","","","14(1)/FO/G","T",1,1,0,0,0,"F"
1,1,2,0,"BBX","sancc001","","","D7/L+.1-3","T",0,2,3,0,0,"F"
1,1,0,2,".SFX","","abrej003","sancc001","S7/G.3-H;2-3","T",0,1,0,3,4,"F"
1,1,0,0,"H","garca003","","abrej003","HP.1-2","T",0,1,2,0,3,"F"
1,1,3,1,".BBBCX","delmn001","garca003","abrej003","S9/G.3-H;2-H;1-3","T",0,1,3,4,4,"F"
1,1,2,2,"*BL1F*B>FH","palkd001","","delmn001","HP.1-2","T",0,1,2,0,3,"F"
1,1,1,0,"BX","smitk002","palkd001","delmn001","T7/L.3-H;2-H;1-H","T",0,3,4,4,4,"F"
1,1,1,2,".CF*BX","","","garcl004","3/P3F","T",1,0,0,0,3,"F"
1,2,3,2,"BBF*BCFS","","","garcl004","K","T",1,0,0,0,3,"F"
0,0,2,2,"....CBSBX","","","","63/G","T",1,0,0,0,0,"F"
0,1,2,0,"BBX","","","","63/G","T",1,0,0,0,0,"F"
0,2,1,2,"BCSS","","","","K","T",1,0,0,0,0,"F"
0,0,1,2,"FFBS","","","","K","T",1,0,0,0,0,"T"
0,1,1,1,"SBX","","","","S8/L+","T",0,1,0,0,0,"F"
0,1,0,0,"X","gurrl001","","","S8/L.1-2","T",0,1,2,0,0,"F"
0,1,1,0,"BX","smoaj001","gurrl001","","9/F+.2-3","T",1,0,1,3,0,"F"
0,2,2,1,"BCBX","smoaj001","","gurrl001","8/F","T",1,0,1,0,3,"F"
1,0,1,1,"BFX","","","","8/L+","T",1,0,0,0,0,"F"
1,1,3,1,"BBBCX","","","","9/F","T",1,0,0,0,0,"F"
1,2,1,2,"CBSS","","","","K","T",1,0,0,0,0,"F"
0,0,3,2,"FSBBFBX","","","","2/P2F","T",1,0,0,0,0,"F"
0,1,1,1,"BSX","","","","9/F","T",1,0,0,0,0,"F"
0,2,1,2,"CBCX","","","","13/G","T",1,0,0,0,0,"F"
1,0,3,2,"FBCBBFX","","","","53/G","T",1,0,0,0,0,"F"
1,1,2,1,"BBSX","","","","D7/G","T",0,2,0,0,0,"F"
1,1,3,1,"BBCBX","","davim005","","8/F+.2-3","T",1,0,0,3,0,"F"
1,2,2,1,"BBFX","","","davim005","4/P","T",1,0,0,0,3,"F"
0,0,3,2,"BCBBST","","","","K","T",1,0,0,0,0,"F"
0,1,0,1,"FX","","","","5/L+","T",1,0,0,0,0,"F"
0,2,1,1,"FBX","","","","9/F","T",1,0,0,0,0,"F"
1,0,1,2,"BCCT","","","","K","T",1,0,0,0,0,"F"
1,1,3,2,"BBCFBX","","","","T9/F","T",0,3,0,0,0,"F"
1,1,1,2,"CSFBS","","","narvo001","K","T",1,0,0,0,3,"F"
1,2,1,1,"CBX","","","narvo001","63/G","T",1,0,0,0,3,"F"
0,0,1,0,"BX","","","","63/G-","T",1,0,0,0,0,"F"
0,1,3,2,"CBBCFBX","","","","9/F","T",1,0,0,0,0,"F"
0,2,2,1,"BFBX","","","","43/G","T",1,0,0,0,0,"F"
1,0,2,2,"BCBSC","","","","K","T",1,0,0,0,0,"F"
1,1,0,2,"SSFC","","","","K","T",1,0,0,0,0,"F"
1,2,2,2,"CBSBX","","","","63/G","T",1,0,0,0,0,"F"
0,0,0,0,"X","","","","HR/8/F","T",0,4,0,0,0,"F"
0,0,1,2,"CBSFS","","","","K","T",1,0,0,0,0,"F"
0,1,3,2,"BCFBBX","","","","43/G","T",1,0,0,0,0,"F"
0,2,3,1,"BBFBX","","","","8/F+","T",1,0,0,0,0,"F"
1,0,1,1,"CBX","","","","S9/L","T",0,1,0,0,0,"F"
1,0,0,0,"X","moncy001","","","S1/BG-.1-2","T",0,1,2,0,0,"F"
1,0,0,1,"LX","engea001","moncy001","","24/BG/SH.2-3;1-2","T",1,0,2,3,0,"F"
1,1,2,1,"CBBX","","engea001","moncy001","43/G.3-H;2-3","T",1,0,0,3,4,"F"
1,2,0,1,"SX","","","engea001","8/F","T",1,0,0,0,3,"F"
0,0,2,0,"BBX","","","","S7/L","T",0,1,0,0,0,"F"
0,0,2,0,"BBX","gricr001","","","7/F","T",1,0,1,0,0,"F"
0,1,3,2,"BCF*BFB>F>S","gricr001","","","K+CS2(24)/DP","T",2,0,0,0,0,"F"
1,0,1,0,"BX","","","","S9/L","T",0,1,0,0,0,"F"
1,0,2,1,"*BC*B1>S","garcl004","","","SB2","F",0,0,2,0,0,"F"
1,0,2,2,"*BC*B1>S.X","","garcl004","","8/F","T",1,0,0,2,0,"F"
1,1,3,2,"BBCFBB","","garcl004","","W","T",0,1,0,2,0,"F"
1,1,3,2,"BSSBBFX","garca003","garcl004","","S7/G.2-H;1-2","T",0,1,2,4,0,"F"
1,1,3,2,"CSBBBX","davim005","garca003","","9/F","T",1,0,1,2,0,"F"
1,2,0,0,"X","davim005","garca003","","1/G-","T",1,0,1,2,0,"F"
0,0,1,1,"BSX","","","","63/G+","T",1,0,0,0,0,"F"
0,1,2,1,"BBFX","","","","8/F","T",1,0,0,0,0,"F"
0,2,0,2,"CFS","","","","K","T",1,0,0,0,0,"F"
1,0,0,0,".X","","","","5/P","T",1,0,0,0,0,"F"
1,1,2,2,"BBCSFX","","","","HR/9/F","T",0,4,0,0,0,"F"
1,1,2,2,"BBCFS","","","","K","T",1,0,0,0,0,"F"
1,2,1,2,"CSBFX","","","","43/G","T",1,0,0,0,0,"F"
0,0,2,0,"BBH","","","","HP","T",0,1,0,0,0,"F"
0,0,3,2,".BCBBFX","drurb001","","","9/F","T",1,0,1,0,0,"F"
0,1,3,2,"C*BBFBB","drurb001","","","W.1-2","T",0,1,2,0,0,"F"
0,1,1,2,"SFBFS","maill001","drurb001","","K","T",1,0,1,2,0,"F"
0,2,1,1,"F*BX","maill001","drurb001","","S8/L.2-H;1-2","T",0,1,2,4,0,"F"
0,2,1,2,".BCFX","gurrl001","maill001","","4/P","T",1,0,1,2,0,"F"
1,0,1,2,".BSCS","","","","K","T",1,0,0,0,0,"F"
1,1,1,2,"BSFFS","","","","K","T",1,0,0,0,0,"F"
1,2,2,2,"BSFBFX","","","","7/L","T",1,0,0,0,0,"F"
0,0,1,0,".BX","","","","HR/78/L","T",0,4,0,0,0,"F"
0,0,0,2,"CSH","","","","HP","T",0,1,0,0,0,"F"
0,0,1,1,"S*BX","morak001","","","D9/L.1-3","T",0,2,3,0,0,"F"
0,0,2,2,".SFBBX","","diaza003","morak001","D8/L+.3-H;2-H","T",0,2,0,4,4,"F"
0,0,1,1,"FBX","","drurb001","","43/G.2-3","T",1,0,0,3,0,"F"
0,1,1,2,"B3FCX","","","drurb001","D7/G.3-H","T",0,2,0,0,4,"F"
0,1,1,1,"BCX","","maill001","","7/F7LF","T",1,0,0,2,0,"F"
0,2,0,1,"CX","","maill001","","S8/G.2-H;BX2(836)","T",1,0,0,4,0,"F"
1,0,2,2,"...BCCBX","","","","4/L","T",1,0,0,0,0,"F"
1,1,1,2,".CSBX","","","","HR/8/F","T",0,4,0,0,0,"F"
1,1,0,2,"CCX","","","","9/F","T",1,0,0,0,0,"F"
1,2,3,2,"CFBBBX","","","","S7/F-","T",0,1,0,0,0,"F"
1,2,0,0,">B","narvo001","","","DI.1-2","F",0,0,2,0,0,"F"
1,2,1,1,">B.FX","","narvo001","","63/G","T",1,0,0,2,0,"F"
0,0,0,0,"X","","","","3/P3F","T",1,0,0,0,0,"T"
0,1,3,2,"CBSBFBC","","","","K","T",1,0,0,0,0,"F"
0,2,1,1,"CBX","","","","9/F","T",1,0,0,0,0,"F"
1,0,0,0,"X","","","","S9/L","T",0,1,0,0,0,"F"
1,0,3,2,"BFBBC>C","andet001","","","K+CS2(26)/DP","T",2,0,0,0,0,"F"
1,2,2,2,"BBSFX","","","","S8/G","T",0,1,0,0,0,"F"
1,2,0,1,"SX","abrej003","","","3/G","T",1,0,1,0,0,"F"
0,0,2,2,"BBSFC","","","","K","T",1,0,0,0,0,"F"
0,1,1,2,"CSBT","","","","K","T",1,0,0,0,0,"F"
0,2,0,1,"SX","","","","3/G","T",1,0,0,0,0,"F"
1,0,3,2,"BFSFBBB","","","","W","T",0,1,0,0,0,"F"
1,0,3,2,"CBBBFS","davim005","","","K","T",1,0,1,0,0,"F"
1,1,1,2,"BCFS","davim005","","","K","T",1,0,1,0,0,"F"
1,2,1,0,"BX","davim005","","","S7/L.1-2","T",0,1,2,0,0,"F"
1,2,2,2,"CBSBFS","sancc001","davim005","","K","T",1,0,1,2,0,"F"
0,0,2,1,"BSBX","","","","31/G","T",1,0,0,0,0,"F"
0,1,1,0,"BX","","","","7/L","T",1,0,0,0,0,"F"
0,2,1,2,"CSBS","","","","K","T",1,0,0,0,0,"F"
1,0,0,1,"CX","","","","153/G","T",1,0,0,0,0,"F"
1,1,1,2,"CSBS","","","","K23","T",1,0,0,0,0,"F"
1,2,1,2,"BFCS","","","","K+WP.B-1","T",0,1,0,0,0,"F"
1,2,2,2,"BFFBFX","abrej003","","","6/L","T",1,0,1,0,0,"F"
0,0,2,1,"BFBX","","","","8/F","T",1,0,0,0,0,"F"
0,1,2,1,"BCBX","","","","S7/L","T",0,1,0,0,0,"F"
0,1,0,2,"SCS","gorda001","","","K","T",1,0,1,0,0,"F"
0,2,2,0,"1B*BX","gorda001","","","43/G","T",1,0,1,0,0,"F"
1,0,1,1,"BFX","","","","D9/F","T",0,2,0,0,0,"F"
1,0,0,2,"CFS","","davim005","","K","T",1,0,0,2,0,"F"
1,1,2,1,"*BCBX","","davim005","","S8/L.2-3","T",0,1,0,3,0,"F"
1,1,3,0,"BB1BB","engea001","","davim005","W.1-2","T",0,1,2,0,3,"F"
1,1,1,2,"BFSFX","sancc001","engea001","davim005","52(3)/FO/G.2-3;1-2","T",1,1,2,3,0,"F"
1,2,2,2,"FBBFFX","narvo001","sancc001","engea001","8/L+","T",1,0,1,2,3,"F"
0,0,2,1,"BSBX","","","","43/G","T",1,0,0,0,0,"F"
0,1,3,2,"BBBCSFB","","","","W","T",0,1,0,0,0,"F"
0,1,1,0,"BX","bonij002","","","HR/9/F.1-H","T",0,4,4,0,0,"F"
0,1,0,0,"X","","","","4/L+","T",1,0,0,0,0,"F"
0,2,2,2,"MBBFFFC","","","","K","T",1,0,0,0,0,"F"
1,0,0,0,"X","","","","3/P","T",1,0,0,0,0,"F"
1,1,1,0,"BX","","","","63/G","T",1,0,0,0,0,"F"
1,2,2,0,"BBX","","","","S57/G","T",0,1,0,0,0,"F"
1,2,1,1,"CBX","garca003","","","6/P","T",1,0,1,0,0,"F"
0,0,0,1,"CX","","","","9/F","T",1,0,0,0,0,"F"
0,1,2,0,"BBX","","","","S8/L","T",0,1,0,0,0,"F"
0,1,0,2,"SFS","gorda001","","","K","T",1,0,1,0,0,"F"
0,2,3,2,"BBBCF*B","gorda001","","","W.1-2","T",0,1,2,0,0,"F"
0,2,0,0,"X","dudal001","gorda001","","43/G","T",1,0,1,2,0,"F"
1,0,3,2,"BSSBFBB","","","","W","T",0,1,0,0,0,"F"
1,0,1,2,"FBSX","moncy001","","","7/F","T",1,0,1,0,0,"F"
1,1,1,2,"SSBX","moncy001","","","9/F9LF","T",1,0,1,0,0,"F"
1,2,3,2,"BCCFBB>F>B","moncy001","","","W.1-2","T",0,1,2,0,0,"F"
1,2,1,0,".BX","narvo001","moncy001","","543/G","T",1,0,1,2,0,"F"
0,0,1,0,"..BX","","","","3/P","T",1,0,0,0,0,"F"
0,1,3,1,"BFBBB","","","","W","T",0,1,0,0,0,"F"
0,1,0,0,"X","ohear001","","","HR/9/F.1-H","T",0,4,4,0,0,"F"
0,1,1,2,"CFBX","","","","63/G","T",1,0,0,0,0,"F"
0,2,3,1,"BBFBX","","","","S8/L","T",0,1,0,0,0,"F"
0,2,0,0,"1>S","merrw001","","","SB2","F",0,0,2,0,0,"F"
0,2,2,2,"1>S.*BBFS","","merrw001","","K","T",1,0,0,2,0,"F"
1,0,1,1,"FBX","","","","53/G","T",1,0,0,0,0,"F"
1,1,2,0,"BBX","","","","D7/L+","T",0,2,0,0,0,"F"
1,1,0,2,"FF2S","","abrej003","","K","T",1,0,0,2,0,"F"
1,2,1,1,"BFX","","abrej003","","HR/78/L.2-H","T",0,4,0,4,0,"F"
1,2,3,2,".BCFBBFX","","","","63/G-","T",1,0,0,0,0,"F"
0,0,1,2,".SBCS","","","","K","T",1,0,0,0,0,"F"
0,1,1,1,"BCX","","","","8/F","T",1,0,0,0,0,"F"
0,2,0,0,"X","","","","S8/L","T",0,1,0,0,0,"F"
0,2,1,2,"1T1CB1B","herrr002","","","WP.1-2","F",0,0,2,0,0,"F"
0,2,3,2,"1T1CB1B.FBFFS","","herrr002","","K","T",1,0,0,2,0,"F"
1,0,1,0,"..BX","","","","S9/G","T",0,1,0,0,0,"F"
1,0,1,1,"11BS>B","engea001","","","SB2","F",0,0,2,0,0,"F"
1,0,3,2,"11BS>B.BCFX","","engea001","","S9/L.2-3","T",0,1,0,3,0,"F"
1,0,2,2,"B*BFC1S","sancc001","","engea001","K","T",1,0,1,0,3,"F"
1,1,1,1,"BS1X","sancc001","","engea001","5/P5F","T",1,0,1,0,3,"F"
1,2,0,2,"FSFF1B","sancc001","","engea001","WP.1-2","F",0,0,2,0,3,"F"
1,2,1,2,"FSFF1B.T","","sancc001","engea001","K","T",1,0,0,2,3,"F"
0,0,3,2,".CBBBCC","","","","K","T",1,0,0,0,0,"F"
0,1,0,2,"CCS","","","","K","T",1,0,0,0,0,"F"
0,2,0,2,"SFS","","","","K","T",1,0,0,0,0,"F"
1,0,3,1,".BSBBB","","","","W","T",0,1,0,0,0,"F"
1,0,0,2,"SCFFX","abrej003","","","46(1)3/GDP","T",2,0,0,0,0,"F"
1,2,3,2,".BFBFFFBB","","","","W","T",0,1,0,0,0,"F"
1,2,0,2,"CF>S","palkd001","","","K","T",1,0,1,0,0,"F"
0,0,2,1,"BBFX","","","","63/G","T",1,0,0,0,0,"T"
0,1,3,2,"BSBCBX","","","","9/F","T",1,0,0,0,0,"F"
0,2,1,1,"CBX","","","","8/F","T",1,0,0,0,0,"F"
1,0,0,0,"X","","","","HR/9/L","T",0,4,0,0,0,"F"
1,0,0,2,"CFX","","","","D9/L","T",0,2,0,0,0,"F"
1,0,0,1,"CX","","sancc001","","4/P","T",1,0,0,2,0,"F"
1,1,0,0,"X","","sancc001","","3/G-.2-3","T",1,0,0,3,0,"F"
1,2,0,2,"CSS","","","sancc001","K","T",1,0,0,0,3,"F"
0,0,3,2,"FFBBBX","","","","7/L","T",1,0,0,0,0,"F"
0,1,2,1,"BFBX","","","","3/G-","T",1,0,0,0,0,"F"
0,2,0,2,"STC","","","","K","T",1,0,0,0,0,"F"
1,0,2,2,"CSBFBFX","","","","63/G","T",1,0,0,0,0,"F"
1,1,2,2,"CBSBFFC","","","","K","T",1,0,0,0,0,"F"
1,2,0,0,"X","","","","S54/G","T",0,1,0,0,0,"F"
1,2,1,0,"B>B","andet001","","","CS2(24)","F",1,0,0,0,0,"F"
0,0,3,0,"BBBB","","","","W","T",0,1,0,0,0,"F"
0,0,3,1,"CBB1BB","ohear001","","","W.1-2","T",0,1,2,0,0,"F"
0,0,1,2,"BMLX","escoa003","ohear001","","E1/TH/BG-/SH.2-3;1-2","T",0,1,2,3,0,"F"
0,0,3,2,"C*BFBBX","mondr003","escoa003","ohear001","12(3)3/GDP.2-3;1-2","T",2,0,2,3,0,"F"
0,2,2,0,"BBX","","mondr003","escoa003","D8/F.3-H(UR);2-H(UR)","T",0,2,0,5,5,"F"
0,2,0,0,"X","","gorda001","","43/G","T",1,0,0,2,0,"F"
1,0,0,2,"CSX","","","","53/G-","T",1,0,0,0,0,"F"
1,1,1,1,"BCX","","","","S98/G","T",0,1,0,0,0,"F"
1,1,1,1,"1BC>B","moncy001","","","CS2(26)","F",1,0,0,0,0,"F"
1,2,3,2,"1BC>B.FBS","","","","K","T",1,0,0,0,0,"F"
0,0,1,1,"CBX","","","","8/F+","T",1,0,0,0,0,"F"
0,1,2,0,"BBX","","","","53/G-","T",1,0,0,0,0,"F"
0,2,1,0,"BX","","","","D7/L+","T",0,2,0,0,0,"F"
0,2,3,2,"CSBFFBBX","","philb002","","S7/L.2-H;B-2(TH)","T",0,2,0,4,0,"F"
0,2,0,1,"CX","","ohear001","","31/G","T",1,0,0,2,0,"F"
1,0,0,2,"CCX","","","","8/L","T",1,0,0,0,0,"F"
1,1,2,0,"BBX","","","","9/F","T",1,0,0,0,0,"F"
1,2,0,0,"X","","","","8/L","T",1,0,0,0,0,"F"
0,0,0,0,"X","","","","7/F","T",1,0,0,0,0,"F"
0,1,1,2,"CFBX","","","","S9/G","T",0,1,0,0,0,"F"
0,1,2,1,"11S1PB1>B","merrw001","","","SB2","F",0,0,2,0,0,"F"
0,1,3,2,"11S1PB1>B.S*B","","merrw001","","W","T",0,1,0,2,0,"F"
0,1,1,2,"C*BFX","gorda001","merrw001","","FC5.2-H(NR);1X3(5E4);B-1","T",0,1,3,4,0,"F"
0,1,0,0,"X","peres002","","gorda001","S7/L.3-H(UR);1-2","T",0,1,2,0,5,"F"
0,1,2,1,".BCBX","dudal001","peres002","","DGR/7/L.2-H;1-3","T",0,2,3,4,0,"F"
0,1,3,2,"TB*BSBX","","herrr002","dudal001","S9/L.3-H;2-3","T",0,1,0,3,4,"F"
0,1,1,2,"CS*BC","philb002","","herrr002","K","T",1,0,1,0,3,"F"
0,2,0,0,"B","philb002","","herrr002","WP.3-H(NR)(TUR);1-2","F",0,0,2,0,6,"F"
0,2,1,0,"B.X","","philb002","","9/L","T",1,0,0,2,0,"F"
1,0,2,1,"BCBX","","","","7/F","T",1,0,0,0,0,"F"
1,1,1,0,"BX","","","","31/G","T",1,0,0,0,0,"F"
1,2,0,1,"FX","","","","9/L","T",1,0,0,0,0,"F"
0,0,1,2,".SBCX","","","","S8/G","T",0,1,0,0,0,"F"
0,0,0,0,"1X","mondr003","","","7/F","T",1,0,1,0,0,"F"
0,1,0,0,"X","mondr003","","","HR/9/F.1-H","T",0,4,4,0,0,"F"
0,1,1,2,"CFBX","","","","7/F","T",1,0,0,0,0,"F"
0,2,3,2,"SBBCBB","","","","W","T",0,1,0,0,0,"F"
0,2,3,1,"*BBBCB","dudal001","","","W.1-2","T",0,1,2,0,0,"F"
0,2,3,2,"BBBCS>X","herrr002","dudal001","","3/G-","T",1,0,1,2,0,"F"
1,0,1,1,"FBX","","","","S8/G","T",0,1,0,0,0,"F"
1,0,3,0,"BBBB","smitk002","","","W.1-2","T",0,1,2,0,0,"F"
1,0,1,2,"CCBFS","moncy001","smitk002","","K","T",1,0,1,2,0,"F"
1,1,3,0,"*B*BBB","moncy001","smitk002","","W.2-3;1-2","T",0,1,2,3,0,"F"
1,1,3,2,"BCBFBFB","abrej003","moncy001","smitk002","W.3-H;2-3;1-2","T",0,1,2,3,4,"F"
1,1,1,2,"BCSS","palkd001","abrej003","moncy001","K","T",1,0,1,2,3,"F"
1,2,1,0,"BX","palkd001","abrej003","moncy001","S8/G.3-H;2-H;1-2","T",0,1,2,4,4,"F"
1,2,0,1,".CX","garcl004","palkd001","","8/L","T",1,0,1,2,0,"F"
0,0,3,2,".CBSBFBX","","","","31/G","T",1,0,0,0,0,"F"
0,1,0,1,"CX","","","","9/F","T",1,0,0,0,0,"F"
0,2,1,2,"BCSS","","","","K","T",1,0,0,0,0,"F"
1,0,0,2,"CFX","","","","D7/G","T",0,2,0,0,0,"F"
1,0,1,1,"SBX","","andet001","","63/G.2-3","T",1,0,0,3,0,"F"
1,1,3,2,"BBSF*BC","","","andet001","K","T",1,0,0,0,3,"F"
1,2,0,0,"X","","","andet001","43/G","T",1,0,0,0,3,"F"
0,0,1,1,"BCX","","","","8/F","T",1,0,0,0,0,"F"
0,1,0,0,"X","","","","43/G","T",1,0,0,0,0,"F"
0,2,1,1,"CBX","","","","D7/L+","T",0,2,0,0,0,"F"
0,2,0,2,".FCFFFX","","peres002","","7/F","T",1,0,0,2,0,"F"
1,0,0,2,".CFFX","","","","D9/L","T",0,2,0,0,0,"F"
1,0,0,1,"SX","","abrej003","","53/G-.2-3","T",1,0,0,3,0,"F"
1,1,0,0,"X","","","abrej003","4/L+","T",1,0,0,0,3,"F"
1,2,0,0,"X","","","abrej003","S7/G.3-H","T",0,1,0,0,4,"F"
1,2,1,0,"BX","garcl004","","","43/G","T",1,0,1,0,0,"F"
0,0,2,2,"SBCBX","","","","8/F","T",1,0,0,0,0,"F"
0,1,2,2,"BBFCFC","","","","K","T",1,0,0,0,0,"F"
0,2,2,2,"BBFSC","","","","K","T",1,0,0,0,0,"F"
1,0,2,2,".CBSFBFS","","","","K","T",1,0,0,0,0,"F"
1,1,1,1,"CBX","","","","53/G+","T",1,0,0,0,0,"F"
1,2,3,2,"CBBSB*B","","","","W","T",0,1,0,0,0,"F"
1,2,0,2,"C>F>F>X","moncy001","","","3/G","T",1,0,1,0,0,"F"
0,0,1,2,"CBST","","","","K","T",1,0,0,0,0,"T"
0,1,1,0,"BX","","","","63/G","T",1,0,0,0,0,"F"
0,2,0,2,"SCX","","","","63/G","T",1,0,0,0,0,"F"
1,0,2,2,"BCTBC","","","","K","T",1,0,0,0,0,"F"
1,1,3,2,"BTFBBC","","","","K","T",1,0,0,0,0,"F"
1,2,2,2,"CSBBX","","","","63/G","T",1,0,0,0,0,"F"
0,0,0,0,"X","","","","7/L","T",1,0,0,0,0,"F"
0,1,0,1,"CX","","","","3/P","T",1,0,0,0,0,"F"
0,2,1,2,"BCFX","","","","6/P","T",1,0,0,0,0,"F"
1,0,0,0,"X","","","","63/G","T",1,0,0,0,0,"F"
1,1,1,1,"CBX","","","","8/L","T",1,0,0,0,0,"F"
1,2,2,2,"CFBBFS","","","","K","T",1,0,0,0,0,"F"
0,0,1,1,"FBX","","","","9/F+","T",1,0,0,0,0,"F"
0,1,1,2,"CSFBX","","","","43/G","T",1,0,0,0,0,"F"
0,2,0,0,"X","","","","S7/L","T",0,1,0,0,0,"F"
0,2,0,2,"SFX","escoa003","","","7/F","T",1,0,1,0,0,"F"
1,0,0,0,"X","","","","6/L","T",1,0,0,0,0,"F"
1,1,3,1,"CBBB*B","","","","W","T",0,1,0,0,0,"F"
1,1,1,1,"CB>B","delmn001","","","CS2(24)","F",1,0,0,0,0,"F"
1,2,2,1,"CB>B.X","","","","9/F","T",1,0,0,0,0,"F"
0,0,3,2,"CBBBCX","","","","53/G","T",1,0,0,0,0,"F"
0,1,1,1,"BCX","","","","13/G","T",1,0,0,0,0,"F"
0,2,1,0,"BX","","","","S7/G","T",0,1,0,0,0,"F"
0,2,2,0,"BBX","dudal001","","","63/G","T",1,0,1,0,0,"F"
1,0,1,2,"SBSC","","","","K","T",1,0,0,0,0,"F"
1,1,3,2,"SBFFBBX","","","","43/G","T",1,0,0,0,0,"F"
1,2,1,0,"BX","","","","D7/L+","T",0,2,0,0,0,"F"
1,2,2,2,"FBF*BX","","abrej003","","S6/G.2-3","T",0,1,0,3,0,"F"
1,2,0,0,"X","garca003","","abrej003","S9/L+.3-H;1-2","T",0,1,2,0,4,"F"
1,2,3,2,"BBBSF>S","narvo001","garca003","","K","T",1,0,1,2,0,"F"
0,0,1,2,"CBSC","","","","K","T",1,0,0,0,0,"F"
0,1,1,0,"BX","","","","S9/L+","T",0,1,0,0,0,"F"
0,1,3,2,"B1BFBC>B","dozih001","","","W.1-2","T",0,1,2,0,0,"F"
0,1,2,2,"FBSBS","ohear001","dozih001","","K","T",1,0,1,2,0,"F"
0,2,1,2,"LSBX","ohear001","dozih001","","8/F","T",1,0,1,2,0,"F"
1,0,1,1,"FBX","","","","DGR/7/L","T",0,2,0,0,0,"F"
1,0,2,2,"FLB*BFX","","garcl004","","S9/L.2-3","T",0,1,0,3,0,"F"
1,0,0,0,"X","delmn001","","garcl004","8/F/DP.3XH(82);1-2(TH)","T",2,0,2,0,0,"F"
1,2,1,2,"SC*BC","","delmn001","","K","T",1,0,0,2,0,"F"
0,0,3,2,"BBBCFB","","","","W","T",0,1,0,0,0,"F"
0,0,0,0,"X","gorda001","","","4/P","T",1,0,1,0,0,"F"
0,1,1,1,"1FBX","gorda001","","","7/F","T",1,0,1,0,0,"F"
0,2,1,1,"1FBX","gorda001","","","5/L","T",1,0,1,0,0,"F"
1,0,0,1,"CX","","","","8/F","T",1,0,0,0,0,"F"
1,1,0,2,"CSFFFS","","","","K23","T",1,0,0,0,0,"F"
1,2,1,2,"SFBS","","","","K","T",1,0,0,0,0,"F"
0,0,1,2,"FCBC","","","","K","T",1,0,0,0,0,"F"
0,1,2,2,"BBFFX","","","","9/F","T",1,0,0,0,0,"F"
0,2,0,0,"X","","","","43/G","T",1,0,0,0,0,"F"
1,0,3,2,"CBBBFFB","","","","W","T",0,1,0,0,0,"F"
1,0,1,2,"C*BFS","narvo001","","","K","T",1,0,1,0,0,"F"
1,1,3,2,"BBCBCB","narvo001","","","W.1-2","T",0,1,2,0,0,"F"
1,1,0,2,"..FSS","garcl004","narvo001","","K","T",1,0,1,2,0,"F"
1,2,2,1,"BBFX","garcl004","narvo001","","D7/L.2-H;1-3","T",0,2,3,4,0,"F"
1,2,1,2,"FFBC","","andet001","garcl004","K","T",1,0,0,2,3,"F"
0,0,3,2,"..BBCFBX","","","","D7/L","T",0,2,0,0,0,"F"
0,0,1,0,"BX","","escoa003","","S1/BG.2-3","T",0,1,0,3,0,"F"
0,0,2,2,".FBBT>F1S","mondr003","","escoa003","K","T",1,0,1,0,3,"F"
0,1,0,1,".1S11>S","mondr003","","escoa003","SB2","F",0,0,2,0,3,"F"
0,1,0,2,".1S11>S.S","","mondr003","escoa003","K","T",1,0,0,2,3,"F"
0,2,2,1,"..BCBX","","mondr003","escoa003","HR/8/F.3-H;2-H","T",0,4,0,4,4,"F"
0,2,2,1,"BSBX","","","","5/L","T",1,0,0,0,0,"F"
1,0,0,2,"..CSX","","","","8/F","T",1,0,0,0,0,"F"
1,1,2,0,"BBX","","","","HR/8/F","T",0,4,0,0,0,"F"
1,1,0,2,"FSX","","","","D7/L+","T",0,2,0,0,0,"F"
1,1,3,0,"VVVV","","garca003","","IW","T",0,1,0,2,0,"F"
1,1,2,1,"..BSBX","narvo001","garca003","","HR/89/F.2-H;1-H","T",0,4,4,4,0,"F"
1,1,0,0,"X","","","","7/F","T",1,0,0,0,0,"F"
1,2,0,2,"CSFT","","","","K","T",1,0,0,0,0,"F"
0,0,0,0,".X","","","","D7/F","T",0,2,0,0,0,"F"
0,0,0,0,".X","","philb002","","7/F.2-3","T",1,0,0,3,0,"F"
0,1,2,1,"..FB*BX","","","philb002","8/F/SF.3-H","T",1,0,0,0,4,"F"
0,2,3,2,"FBBSBX","","","","53/G","T",1,0,0,0,0,"F"
0,0,3,2,"BBCBCC","","","","K","T",1,0,0,0,0,"T"
0,1,2,2,"CCBBX","","","","3/G+","T",1,0,0,0,0,"F"
0,2,2,1,"BBCX","","","","43/G","T",1,0,0,0,0,"F"
1,0,0,2,"CFC","","","","K","T",1,0,0,0,0,"F"
1,1,3,1,"BBBCB","","","","W","T",0,1,0,0,0,"F"
1,1,2,1,"CB1BX","sancc001","","","3/G-.1-2","T",1,0,2,0,0,"F"
1,2,3,2,"FSB*BFBFX","","sancc001","","S6/G-.2-3","T",0,1,0,3,0,"F"
1,2,2,2,"FSBFBFS","palkd001","","sancc001","K","T",1,0,1,0,3,"F"
0,0,2,1,"BBCX","","","","8/L+","T",1,0,0,0,0,"F"
0,1,3,1,"BCBBX","","","","3/P","T",1,0,0,0,0,"F"
0,2,3,2,"CBBBFFX","","","","8/F","T",1,0,0,0,0,"F"
1,0,3,2,"BBCFBFS","","","","K","T",1,0,0,0,0,"F"
1,1,2,0,"BBX","","","","43/G","T",1,0,0,0,0,"F"
1,2,3,2,"BFFBFFBC","","","","K","T",1,0,0,0,0,"F"
0,0,0,0,"X","","","","53/G","T",1,0,0,0,0,"F"
0,1,0,1,"CX","","","","43/G","T",1,0,0,0,0,"F"
0,2,1,1,"CBX","","","","7/L","T",1,0,0,0,0,"F"
1,0,0,1,"CX","","","","2/P2F","T",1,0,0,0,0,"F"
1,1,1,2,"SBFX","","","","5/P","T",1,0,0,0,0,"F"
1,2,0,0,"X","","","","43/G","T",1,0,0,0,0,"F"
0,0,1,0,"BX","","","","43/G","T",1,0,0,0,0,"F"
0,1,3,1,"FBBBB","","","","W","T",0,1,0,0,0,"F"
0,1,1,0,"BX","stanm004","","","D9/F.1-3","T",0,2,3,0,0,"F"
0,1,0,0,"X","","gregd001","stanm004","S8/L.3-H;2-3","T",0,1,0,3,4,"F"
0,1,0,2,"F11FX","hicka001","","gregd001","S8/G.3-H;1-2","T",0,1,2,0,4,"F"
0,1,0,0,"X","torrg001","hicka001","","8/F+.2-3","T",1,0,1,3,0,"F"
0,2,1,2,"CBCS","torrg001","","hicka001","K","T",1,0,1,0,3,"F"
1,0,2,2,"CBBFFS","","","","K","T",1,0,0,0,0,"F"
1,1,0,0,"X","","","","7/F","T",1,0,0,0,0,"F"
1,2,1,2,"SBSFS","","","","K","T",1,0,0,0,0,"F"
0,0,1,2,"CBCFC","","","","K","T",1,0,0,0,0,"F"
0,1,0,0,"X","","","","S8/G","T",0,1,0,0,0,"F"
0,1,0,2,"CFX","higak001","","","S8/G+.1-3","T",0,1,3,0,0,"F"
0,1,2,1,"CB1B1B","gardb001","","higak001","WP.3-H(NR);1-2","F",0,0,2,0,4,"F"
0,1,3,1,"CB1B1B.X","","gardb001","","7/F","T",1,0,0,2,0,"F"
0,2,1,1,"FBX","","gardb001","","S7/L.2-H;B-2(TH)","T",0,2,0,4,0,"F"
0,2,0,0,"X","","gregd001","","3/P3F","T",1,0,0,2,0,"F"
1,0,1,1,"BFX","","","","8/F","T",1,0,0,0,0,"F"
1,1,1,1,"BFX","","","","6/L","T",1,0,0,0,0,"F"
1,2,1,0,"BX","","","","53/G","T",1,0,0,0,0,"F"
0,0,2,2,"SBFBFS","","","","K","T",1,0,0,0,0,"F"
0,1,3,2,"BBSFBFX","","","","7/F","T",1,0,0,0,0,"F"
0,2,2,2,"BFBSFFFS","","","","K23","T",1,0,0,0,0,"F"
1,0,0,2,"CFS","","","","K","T",1,0,0,0,0,"F"
1,1,3,2,"BSCBFFFFBS","","","","K","T",1,0,0,0,0,"F"
1,2,3,2,"BBCFBX","","","","63/G","T",1,0,0,0,0,"F"
0,0,0,0,"X","","","","S9/L","T",0,1,0,0,0,"F"
0,0,0,0,"X","walkn001","","","3/P3F","T",1,0,1,0,0,"F"
0,1,1,1,".CBX","walkn001","","","6/P","T",1,0,1,0,0,"F"
0,2,3,2,"BFBB>F>B","walkn001","","","W.1-2","T",0,1,2,0,0,"F"
0,2,0,1,"FX","stanm004","walkn001","","9/F","T",1,0,1,2,0,"F"
1,0,1,1,"TBX","","","","63/G-","T",1,0,0,0,0,"F"
1,1,3,2,"BBCBFS","","","","K","T",1,0,0,0,0,"F"
1,2,1,1,"BSX","","","","63/G","T",1,0,0,0,0,"F"
0,0,0,2,".CFS","","","","K","T",1,0,0,0,0,"F"
0,1,3,1,"FBBBX","","","","HR/78/F","T",0,4,0,0,0,"F"
0,1,0,1,"CX","","","","9/F","T",1,0,0,0,0,"F"
0,2,3,2,"CFFFBBBB","","","","W","T",0,1,0,0,0,"F"
0,2,0,0,"X","andum001","","","HR/8/F.1-H","T",0,4,4,0,0,"F"
0,2,1,0,"BX","","","","8/F","T",1,0,0,0,0,"F"
1,0,1,0,"BX","","","","S9/G","T",0,1,0,0,0,"F"
1,0,0,2,"CFX","delmn001","","","9/F","T",1,0,1,0,0,"F"
1,1,3,2,".SBBCBFB","delmn001","","","W.1-2","T",0,1,2,0,0,"F"
1,1,0,2,"FFS","smitk002","delmn001","","K","T",1,0,1,2,0,"F"
1,2,1,2,"SS*BC","smitk002","delmn001","","K","T",1,0,1,2,0,"F"
0,0,1,2,".BCFFX","","","","13/G","T",1,0,0,0,0,"F"
0,1,1,2,"FBFFS","","","","K","T",1,0,0,0,0,"F"
0,2,3,2,"BBBCFB","","","","W","T",0,1,0,0,0,"F"
0,2,0,1,"SX","gregd001","","","S8/L.1-3","T",0,1,3,0,0,"F"
0,2,2,0,"BBX","hicka001","","gregd001","9/F","T",1,0,1,0,3,"F"
1,0,2,2,".BCCFBX","","","","D9/L","T",0,2,0,0,0,"F"
1,0,0,2,"CCX","","sancc001","","7/F+","T",1,0,0,2,0,"F"
1,1,0,1,"CX","","sancc001","","7/F.2-3","T",1,0,0,3,0,"F"
1,2,3,2,"SBBBSFX","","","sancc001","6/P","T",1,0,0,0,3,"F"
0,0,1,0,"BX","","","","7/L","T",1,0,0,0,0,"T"
0,1,1,2,"CFFBC","","","","K","T",1,0,0,0,0,"F"
0,2,0,1,"CX","","","","43/G","T",1,0,0,0,0,"F"
1,0,1,0,"BX","","","","163/G","T",1,0,0,0,0,"F"
1,1,1,2,"BCSS","","","","K","T",1,0,0,0,0,"F"
1,2,2,2,"CBCFFBS","","","","K","T",1,0,0,0,0,"F"
0,0,3,1,"BBFBB","","","","W","T",0,1,0,0,0,"F"
0,0,0,0,"X","torrg001","","","5/P5F","T",1,0,1,0,0,"F"
0,1,1,0,"1BH","torrg001","","","HP.1-2","T",0,1,2,0,0,"F"
0,1,1,2,"SFF*BS","andum001","torrg001","","K","T",1,0,1,2,0,"F"
0,2,0,2,"SSX","andum001","torrg001","","9/F","T",1,0,1,2,0,"F"
1,0,0,2,"CSFS","","","","K","T",1,0,0,0,0,"F"
1,1,3,2,"BCFBBB","","","","W","T",0,1,0,0,0,"F"
1,1,2,2,"BS>F1FFFB>X","moncy001","","","S8/L.1-2","T",0,1,2,0,0,"F"
1,1,0,2,"CFS","lamar001","moncy001","","K","T",1,0,1,2,0,"F"
1,2,1,2,"FSBFX","lamar001","moncy001","","5/P5F","T",1,0,1,2,0,"F"
0,0,0,2,"CSX","","","","43/G","T",1,0,0,0,0,"F"
0,1,0,0,"X","","","","3/G","T",1,0,0,0,0,"F"
0,2,0,0,"X","","","","3/P","T",1,0,0,0,0,"F"
1,0,3,0,"BBBB","","","","W","T",0,1,0,0,0,"F"
1,0,1,2,"BFSS","narvo001","","","K","T",1,0,1,0,0,"F"
1,1,0,0,"X","narvo001","","","D7/L.1-3","T",0,2,3,0,0,"F"
1,1,0,0,"X","","garca003","narvo001","7/L/SF.3-H","T",1,0,0,2,4,"F"
1,2,0,2,"SCFX","","garca003","","9/L","T",1,0,0,2,0,"F"
0,0,2,2,"CBBFS","","","","K","T",1,0,0,0,0,"F"
0,1,3,1,"CBBBX","","","","53/G","T",1,0,0,0,0,"F"
0,2,3,0,"BBBB","","","","W","T",0,1,0,0,0,"F"
0,2,0,0,"N","birdg001","","","BK.1-2","F",0,0,2,0,0,"F"
0,2,2,2,"N.FS*BFFBS","","birdg001","","K","T",1,0,0,2,0,"F"
1,0,2,2,"BFBCFC","","","","K","T",1,0,0,0,0,"F"
1,1,0,2,"CSS","","","","K","T",1,0,0,0,0,"F"
1,2,1,2,"SFBS","","","","K","T",1,0,0,0,0,"F"
0,0,2,2,"BCSBFC","","","","K","T",1,0,0,0,0,"F"
0,1,0,0,"X","","","","8/F+","T",1,0,0,0,0,"F"
0,2,1,2,"CSFBFFX","","","","13/G-/BINT","T",1,0,0,0,0,"F"
1,0,0,0,"X","","","","S3/BG","T",0,1,0,0,0,"F"
1,0,3,2,"BBCF*B>F>B","engea001","","","W.1-2","T",0,1,2,0,0,"F"
1,0,1,2,"CLBS","narvo001","engea001","","K","T",1,0,1,2,0,"F"
1,1,3,2,"BSB*BCX","narvo001","engea001","","5/L","T",1,0,1,2,0,"F"
1,2,0,2,"CFS","narvo001","engea001","","K","T",1,0,1,2,0,"F"
0,0,2,2,"CBSFBX","","","","DGR/8/F+","T",0,2,0,0,0,"F"
0,0,0,0,"B","","hicka001","","PB.2-3","F",0,0,0,3,0,"F"
0,0,2,1,"B.SBX","","","hicka001","S5/G.3-3","T",0,1,0,0,3,"F"
0,0,0,1,"FX","stanm004","","hicka001","5/P","T",1,0,1,0,3,"F"
0,1,0,0,"X","stanm004","","hicka001","8/F","T",1,0,1,0,3,"F"
0,2,1,2,"BFF>F>S","stanm004","","hicka001","K","T",1,0,1,0,3,"F"
1,0,2,2,"BFBSS","","","","K","T",1,0,0,0,0,"F"
1,1,2,2,"SBCBS","","","","K","T",1,0,0,0,0,"F"
1,2,3,2,"BCBCBX","","","","DGR/8/L+","T",0,2,0,0,0,"F"
1,2,2,1,".CBBX","","lamar001","","5/P5F","T",1,0,0,2,0,"F"
0,0,0,0,"X","","","","HR/78/F","T",0,4,0,0,0,"F"
0,0,0,0,"X","","","","8/F+","T",1,0,0,0,0,"F"
0,1,0,2,"FSX","","","","D9/L","T",0,2,0,0,0,"F"
0,1,2,1,".BFBX","","higak001","","8/F.2-3","T",1,0,0,3,0,"F"
0,2,3,2,"BBCFBX","","","higak001","43/G","T",1,0,0,0,3,"F"
1,0,1,2,"..BCFX","","","","63/G","T",1,0,0,0,0,"F"
1,1,2,1,"BBCX","","","","7/F","T",1,0,0,0,0,"F"
1,2,2,2,"BFFBS","","","","K","T",1,0,0,0,0,"F"
0,0,3,2,".BBFFBX","","","","63/G","T",1,0,0,0,0,"F"
0,1,2,2,"SBFBX","","","","43/G","T",1,0,0,0,0,"F"
0,2,2,2,"BFCBX","","","","31/G","T",1,0,0,0,0,"F"
1,0,0,2,".SSS","","","","K","T",1,0,0,0,0,"F"
1,1,0,2,"CSS","","","","K","T",1,0,0,0,0,"F"
1,2,2,2,".FBSFFBC","","","","K23","T",1,0,0,0,0,"F"
0,0,0,1,".CX","","","","53/G","T",1,0,0,0,0,"F"
0,1,1,2,"CFFBS","","","","K","T",1,0,0,0,0,"F"
0,2,1,2,".CBSFS","","","","K","T",1,0,0,0,0,"F"
1,0,2,2,".BBSSX","","","","7/F","T",1,0,0,0,0,"F"
1,1,3,0,".BBBB","","","","W","T",0,1,0,0,0,"F"
1,1,0,0,"1X","delmn001","","","46(1)/FO/G","T",1,1,0,0,0,"F"
1,2,0,1,"C1X","sancc001","","","9/F","T",1,0,1,0,0,"F"
0,0,2,2,".BSSBFS","","","","K","T",1,0,0,0,0,"F"
0,1,3,2,"BCBSBB","","","","W","T",0,1,0,0,0,"F"
0,1,1,2,"1*BCF11S","gardb001","","","K","T",1,0,1,0,0,"F"
0,2,3,2,".1CBB1CB>X","gardb001","","","HR/89/F.1-H","T",0,4,4,0,0,"F"
0,2,3,2,"BSBBFFFB","","","","W","T",0,1,0,0,0,"F"
0,2,2,2,"SBS*BX","gregd001","","","9/F","T",1,0,1,0,0,"F"
1,0,2,1,".CBBH","","","","HP","T",0,1,0,0,0,"F"
1,0,0,1,"CB","narvo001","","","WP.1-2","F",0,0,2,0,0,"F"
1,0,1,1,"CB.X","","narvo001","","13/G","T",1,0,0,2,0,"F"
1,1,1,1,"CBX","","narvo001","","53/G","T",1,0,0,2,0,"F"
1,2,0,1,"SB","","narvo001","","WP.2-3","F",0,0,0,3,0,"F"
1,2,1,1,"SB.X","","","narvo001","HR/8/F.3-H","T",0,4,0,0,4,"F"
1,2,2,2,"BSFBX","","","","63/G","T",1,0,0,0,0,"F"
0,0,3,2,"..CFBFBBC","","","","K","T",1,0,0,0,0,"F"
0,1,0,1,"CX","","","","S6/G-","T",0,1,0,0,0,"F"
0,1,1,0,"*BX","andum001","","","54(1)3/GDP","T",2,0,0,0,0,"F"
1,0,2,2,"..CBBCFS","","","","K","T",1,0,0,0,0,"F"
1,1,2,2,"BFBFX","","","","8/F","T",1,0,0,0,0,"F"
1,2,1,2,"BCFFC","","","","K","T",1,0,0,0,0,"F"
0,0,1,1,"SBX","","","","8/F","T",1,0,0,0,0,"F"
0,1,3,2,"CFBBFBS","","","","K","T",1,0,0,0,0,"F"
0,2,0,0,"X","","","","53/G","T",1,0,0,0,0,"F"
1,0,0,1,"FX","","","","9/F","T",1,0,0,0,0,"F"
1,1,2,2,"CBFBX","","","","S8/L","T",0,1,0,0,0,"F"
1,1,1,1,"BSX","narvo001","","","96(1)/FO/L","T",1,1,0,0,0,"F"
1,2,3,0,"B1BBB","andet001","","","W.1-2","T",0,1,2,0,0,"F"
1,2,0,1,"SX","garca003","andet001","","9/F","T",1,0,1,2,0,"F"
0,0,1,2,".CBSFX","","","","4/P","T",1,0,0,0,0,"F"
0,1,3,0,".BBBB","","","","W","T",0,1,0,0,0,"F"
0,1,2,2,"B1CF1FF*BS","gregd001","","","K","T",1,0,1,0,0,"F"
0,2,2,1,"F1BBX","gregd001","","","S7/G.1-2","T",0,1,2,0,0,"F"
0,2,1,0,"*BX","voitl001","gregd001","","S7/L.2-H;1-2","T",0,1,2,4,0,"F"
0,2,0,0,"X","andum001","voitl001","","3/G-","T",1,0,1,2,0,"F"
1,0,2,0,"BBX","","","","53/G","T",1,0,0,0,0,"F"
1,1,2,2,"CBFBC","","","","K","T",1,0,0,0,0,"F"
1,2,1,2,"BSCS","","","","K","T",1,0,0,0,0,"F"
0,0,2,2,"CBFFBS","","","","K","T",1,0,0,0,0,"T"
0,1,3,2,"CBBSBB","","","","W","T",0,1,0,0,0,"F"
0,1,2,2,"CSBBS","stanm004","","","K","T",1,0,1,0,0,"F"
0,2,2,2,"BCF1FFBX","stanm004","","","6(1)/FO/G","T",1,1,0,0,0,"F"
1,0,2,2,"CBCBS","","","","K","T",1,0,0,0,0,"F"
1,1,0,0,"X","","","","S7/L","T",0,1,0,0,0,"F"
1,1,1,1,"CB1X","sancc001","","","D8/L.1-H","T",0,2,4,0,0,"F"
1,1,2,0,"BBX","","abrej003","","S8/L.2-H","T",0,1,0,4,0,"F"
1,1,1,1,"CBX","palkd001","","","54(1)/FO/G","T",1,1,0,0,0,"F"
1,2,0,2,"CTS","garca003","","","K","T",1,0,1,0,0,"F"
0,0,3,0,"BBBB","","","","W","T",0,1,0,0,0,"F"
0,0,1,2,"B1CCS","torrg001","","","K","T",1,0,1,0,0,"F"
0,1,1,2,"BCFX","torrg001","","","S7/F.1-2","T",0,1,2,0,0,"F"
0,1,2,2,"2BBCSX","walkn001","torrg001","","S7/G.2-H;1-2","T",0,1,2,4,0,"F"
0,1,2,0,"B*BX","romia002","walkn001","","S9/G.2-H;1-2","T",0,1,2,4,0,"F"
0,1,1,2,"CFBFH","robis001","romia002","","HP.2-3;1-2","T",0,1,2,3,0,"F"
0,1,3,2,"BBBFFX","gardb001","robis001","romia002","HR/9/F.3-H;2-H;1-H","T",0,4,4,4,4,"F"
0,1,2,2,"BFSBX","","","","43/G","T",1,0,0,0,0,"F"
0,2,0,0,"X","","","","9/F+","T",1,0,0,0,0,"F"
1,0,0,1,"CX","","","","63/G","T",1,0,0,0,0,"F"
1,1,0,1,"CX","","","","9/F","T",1,0,0,0,0,"F"
1,2,0,2,"CCFFS","","","","K","T",1,0,0,0,0,"F"
0,0,0,1,"CX","","","","S9/L","T",0,1,0,0,0,"F"
0,0,0,0,"X","torrg001","","","9/F","T",1,0,1,0,0,"F"
0,1,0,1,"1CX","torrg001","","","8/L","T",1,0,1,0,0,"F"
0,2,0,0,">C","torrg001","","","SB2","F",0,0,2,0,0,"F"
0,2,1,2,">C.F*B2C","","torrg001","","K","T",1,0,0,2,0,"F"
1,0,2,2,"CSBBX","","","","13/G-","T",1,0,0,0,0,"F"
1,1,2,1,"CBBX","","","","3/G","T",1,0,0,0,0,"F"
1,2,1,0,"BX","","","","5/L+","T",1,0,0,0,0,"F"
0,0,1,2,"FBCX","","","","63/G","T",1,0,0,0,0,"F"
0,1,0,2,"FFS","","","","K","T",1,0,0,0,0,"F"
0,2,1,2,"CCBC","","","","K","T",1,0,0,0,0,"F"
1,0,3,2,"BBSFFBX","","","","8/F","T",1,0,0,0,0,"F"
1,1,2,2,"BSSBS","","","","K","T",1,0,0,0,0,"F"
1,2,1,2,"BFSFFS","","","","K","T",1,0,0,0,0,"F"
0,0,1,2,"LCBX","","","","HR/89/F","T",0,4,0,0,0,"F"
0,0,2,2,"BBCSFC","","","","K","T",1,0,0,0,0,"F"
0,1,3,1,"BCBBB","","","","W","T",0,1,0,0,0,"F"
0,1,1,2,"C*BFX","torrg001","","","E6/FO/G.1-2","T",0,1,2,0,0,"F"
0,1,0,0,"X","andum001","torrg001","","4/L","T",1,0,1,2,0,"F"
0,2,1,0,"BX","andum001","torrg001","","5/L","T",1,0,1,2,0,"F"
1,0,2,2,"FBBFX","","","","HR/9/F","T",0,4,0,0,0,"F"
1,0,1,2,"BFCS","","","","K","T",1,0,0,0,0,"F"
1,1,0,2,"SCS","","","","K","T",1,0,0,0,0,"F"
1,2,3,1,"BBBCX","","","","S7/L","T",0,1,0,0,0,"F"
1,2,0,2,"FS>B","moncy001","","","CS2(26)","F",1,0,0,0,0,"F"
0,0,0,0,".X","","","","63/G","T",1,0,0,0,0,"F"
0,1,3,2,"CBBBFB","","","","W","T",0,1,0,0,0,"F"
0,1,1,1,"1C1BX","gardb001","","","63/G.1-2","T",1,0,2,0,0,"F"
0,2,3,0,"B*BBB","","gardb001","","W","T",0,1,0,2,0,"F"
0,2,2,2,"C*BBFX","hicka001","gardb001","","43/G","T",1,0,1,2,0,"F"
1,0,2,0,"BBX","","","","8/F","T",1,0,0,0,0,"F"
1,1,1,2,"CFBX","","","","S8/L+","T",0,1,0,0,0,"F"
1,1,1,1,"CBX","abrej003","","","36(1)/FO/G-","T",1,1,0,0,0,"F"
1,2,2,2,"SFBBFX","palkd001","","","8/F","T",1,0,1,0,0,"F"
0,0,0,2,"SCX","","","","8/F","T",1,0,0,0,0,"F"
0,1,3,2,"BSSFBBB","","","","W","T",0,1,0,0,0,"F"
0,1,2,1,".BBC>B","andum001","","","SB2","F",0,0,2,0,0,"F"
0,1,3,2,".BBC>B.CS","","andum001","","K","T",1,0,0,2,0,"F"
0,2,2,2,"FBBFC","","andum001","","K","T",1,0,0,2,0,"F"
1,0,0,0,"X","","","","D8/L","T",0,2,0,0,0,"F"
1,0,0,1,"FX","","delmn001","","FC6/G.2X3(65)","T",1,1,0,0,0,"F"
1,1,2,2,"BBFFB","andet001","","","WP.1-2","F",0,0,2,0,0,"F"
1,1,3,2,"BBFFB.FX","","andet001","","9/F.2-3","T",1,0,0,3,0,"F"
1,2,3,2,"SS*BFBBS","","","andet001","K","T",1,0,0,0,3,"F"
0,0,2,1,"FBBX","","","","9/F","T",1,0,0,0,0,"F"
0,1,1,2,"CCBFFFC","","","","K","T",1,0,0,0,0,"F"
0,2,3,1,"BSBBX","","","","7/F+","T",1,0,0,0,0,"F"
1,0,2,2,".CSBBS","","","","K","T",1,0,0,0,0,"F"
1,1,2,2,"CSBBS","","","","K","T",1,0,0,0,0,"F"
1,2,3,2,"FBBBFB","","","","W","T",0,1,0,0,0,"F"
1,2,2,2,"TBBTX","abrej003","","","S8/L.1-3","T",0,1,3,0,0,"F"
1,2,3,2,"BCBC*B>C","palkd001","","abrej003","K","T",1,0,1,0,3,"F"
0,0,3,2,"BFBFBC","","","","K","T",1,0,0,0,0,"F"
0,1,0,1,"CX","","","","S7/G","T",0,1,0,0,0,"F"
0,1,3,2,"CBBBC1S","birdg001","","","K","T",1,0,1,0,0,"F"
0,2,1,0,"BX","birdg001","","","63/G","T",1,0,1,0,0,"F"
1,0,2,2,"..BCSB.X","","","","43/G","T",1,0,0,0,0,"F"
1,1,0,2,"CSS","","","","K","T",1,0,0,0,0,"F"
1,2,2,2,".BCBFFFFX","","","","S7/F-","T",0,1,0,0,0,"F"
1,2,0,0,".>C","narvo001","","","DI.1-2","F",0,0,2,0,0,"F"
1,2,1,1,".>C.BX","","narvo001","","7/L+","T",1,0,0,2,0,"F"
0,0,3,2,"BFBBFB","","","","W","T",0,1,0,0,0,"T"
0,0,2,1,"BBCX","lindf001","","","9/F","T",1,0,1,0,0,"F"
0,1,1,0,"BX","lindf001","","","3/P2F","T",1,0,1,0,0,"F"
0,2,0,1,"F1>C","lindf001","","","SB2","F",0,0,2,0,0,"F"
0,2,3,2,"F1>C.F*BBBB","","lindf001","","W","T",0,1,0,2,0,"F"
0,2,2,1,"CBB>C","encae001","lindf001","","SB3;SB2","F",0,0,2,3,0,"F"
0,2,2,2,"CBB>C.S","","encae001","lindf001","K","T",1,0,0,2,3,"F"
1,0,0,2,"CCFS","","","","K","T",1,0,0,0,0,"F"
1,1,1,2,"CCBX","","","","43/G","T",1,0,0,0,0,"F"
1,2,1,1,"BCX","","","","S8/G","T",0,1,0,0,0,"F"
1,2,3,2,"SSBBB>C","abrej003","","","K","T",1,0,1,0,0,"F"
0,0,1,2,"BCFFFS","","","","K","T",1,0,0,0,0,"F"
0,1,1,0,"BX","","","","53/G","T",1,0,0,0,0,"F"
0,2,1,2,"CBCS","","","","K","T",1,0,0,0,0,"F"
1,0,0,2,"CCS","","","","K","T",1,0,0,0,0,"F"
1,1,2,2,"BBCSX","","","","43/G","T",1,0,0,0,0,"F"
1,2,3,2,"CBBBFFX","","","","D7/L","T",0,2,0,0,0,"F"
1,2,3,1,"*BBBCB","","andet001","","W","T",0,1,0,2,0,"F"
1,2,0,2,"CSX","moncy001","andet001","","53/G","T",1,0,1,2,0,"F"
0,0,0,0,"X","","","","3/BP","T",1,0,0,0,0,"F"
0,1,2,2,"CSBBX","","","","D8/L+","T",0,2,0,0,0,"F"
0,1,2,1,"CBBX","","lindf001","","63/G","T",1,0,0,2,0,"F"
0,2,2,2,"BBF>FX","","lindf001","","3/P","T",1,0,0,2,0,"F"
1,0,0,2,"SCX","","","","7/F","T",1,0,0,0,0,"F"
1,1,3,1,"BFBBX","","","","3/G","T",1,0,0,0,0,"F"
1,2,2,2,"SFFBBFX","","","","3/G","T",1,0,0,0,0,"F"
0,0,0,0,".X","","","","7/F","T",1,0,0,0,0,"F"
0,1,2,2,"CBSBFFFS","","","","K","T",1,0,0,0,0,"F"
0,2,2,1,"BFBX","","","","63/G","T",1,0,0,0,0,"F"
1,0,0,2,".CFFC","","","","K","T",1,0,0,0,0,"F"
1,1,2,2,"SBBSX","","","","53/G","T",1,0,0,0,0,"F"
1,2,3,2,"FBBBFB","","","","W","T",0,1,0,0,0,"F"
1,2,0,1,"SX","narvo001","","","64(1)/FO/G","T",1,1,0,0,0,"F"
0,0,1,2,"CFBX","","","","8/F","T",1,0,0,0,0,"F"
0,1,0,0,"X","","","","6/P","T",1,0,0,0,0,"F"
0,2,0,1,"CX","","","","S4/G","T",0,1,0,0,0,"F"
0,2,0,1,"CX","davir003","","","13/G","T",1,0,1,0,0,"F"
1,0,2,2,"SC.FBBFX","","","","D9/F","T",0,2,0,0,0,"F"
1,0,0,2,"C2M+2FS","","moncy001","","K","T",1,0,0,2,0,"F"
1,1,0,2,"CSFFS","","moncy001","","K","T",1,0,0,2,0,"F"
1,2,0,0,"X","","moncy001","","9/F","T",1,0,0,2,0,"F"
0,0,0,1,"CX","","","","6/P","T",1,0,0,0,0,"F"
0,1,1,0,"BX","","","","D9/L","T",0,2,0,0,0,"F"
0,1,1,1,"CBX","","ramij003","","9/F","T",1,0,0,2,0,"F"
0,2,0,0,"X","","ramij003","","8/F","T",1,0,0,2,0,"F"
1,0,0,0,"X","","","","63/G+","T",1,0,0,0,0,"F"
1,1,2,2,"CBSBFS","","","","K","T",1,0,0,0,0,"F"
1,2,0,0,"X","","","","53/G-","T",1,0,0,0,0,"F"
0,0,1,0,"BX","","","","S9/L+","T",0,1,0,0,0,"F"
0,0,2,1,"BBCX","alony001","","","64(1)3/GDP","T",2,0,0,0,0,"F"
0,2,1,0,"BX","","","","4/L","T",1,0,0,0,0,"F"
1,0,1,2,"FBFX","","","","8/F","T",1,0,0,0,0,"F"
1,1,2,2,"BSCBS","","","","K","T",1,0,0,0,0,"F"
1,2,2,2,".BCBFC","","","","K","T",1,0,0,0,0,"F"
0,0,2,2,"FBBFFS","","","","K","T",1,0,0,0,0,"F"
0,1,0,1,"CX","","","","43/G+","T",1,0,0,0,0,"F"
0,2,0,2,"CFFFFN","","","","C/E2","T",0,1,0,0,0,"F"
0,2,2,1,"B11FBX","branm003","","","9/F","T",1,0,1,0,0,"F"
1,0,1,2,"SCFFBFFX","","","","S9/L","T",0,1,0,0,0,"F"
1,0,0,2,".1L1LL","lamar001","","","K/BF","T",1,0,1,0,0,"F"
1,1,0,2,"CFT","lamar001","","","K","T",1,0,1,0,0,"F"
1,2,0,1,".C>X","lamar001","","","8/F+","T",1,0,1,0,0,"F"
0,0,3,2,"...BBBCSB","","","","W","T",0,1,0,0,0,"F"
0,0,1,2,"..11CS1P1X","alleg002","","","54(1)/FO/G","T",1,1,0,0,0,"F"
0,1,1,0,".BX","guyeb001","","","S9/L.1-2","T",0,1,2,0,0,"F"
0,1,3,2,"BFS*BFFFF*BFS","alony001","guyeb001","","K","T",1,0,1,2,0,"F"
0,2,0,2,"CSX","alony001","guyeb001","","5/P","T",1,0,1,2,0,"F"
1,0,1,2,".FBCX","","","","HR/7/L","T",0,4,0,0,0,"F"
0,0,0,0,"X","","","","8/L","T",1,0,0,0,0,"T"
0,1,0,1,"CX","","","","9/F","T",1,0,0,0,0,"F"
0,2,3,2,"CCBBFBX","","","","7/L","T",1,0,0,0,0,"F"
1,0,1,0,"BX","","","","8/F","T",1,0,0,0,0,"F"
1,1,3,1,"BBBCX","","","","7/F","T",1,0,0,0,0,"F"
1,2,0,2,"CSS","","","","K","T",1,0,0,0,0,"F"
0,0,1,2,"CSBS","","","","K","T",1,0,0,0,0,"F"
0,1,0,0,"X","","","","6/P","T",1,0,0,0,0,"F"
0,2,0,1,"CX","","","","S9/L","T",0,1,0,0,0,"F"
0,2,1,2,"BFFX","kipnj001","","","4/P","T",1,0,1,0,0,"F"
1,0,1,2,"BFSS","","","","K","T",1,0,0,0,0,"F"
1,1,2,2,"FSBFFBFC","","","","K","T",1,0,0,0,0,"F"
1,2,3,2,"BBBCFFX","","","","63/G","T",1,0,0,0,0,"F"
0,0,2,0,"BBX","","","","7/F","T",1,0,0,0,0,"F"
0,1,0,0,"X","","","","63/G","T",1,0,0,0,0,"F"
0,2,3,2,"CBBSBFX","","","","3/G","T",1,0,0,0,0,"F"
1,0,2,2,"BCBSC","","","","K","T",1,0,0,0,0,"F"
1,1,3,2,"SBBTBX","","","","HR/9/F","T",0,4,0,0,0,"F"
1,1,3,2,"BCCBBX","","","","43/G","T",1,0,0,0,0,"F"
1,2,3,2,"CBFBBX","","","","S9/G","T",0,1,0,0,0,"F"
1,2,1,2,"CBSX","delmn001","","","43/G","T",1,0,1,0,0,"F"
0,0,2,2,"CBBFX","","","","D9/L.B-3(E9)","T",0,3,0,0,0,"F"
0,0,1,1,"S3*BX","","","branm003","5/P","T",1,0,0,0,3,"F"
0,1,3,2,"SS*B*BFBFX","","","branm003","5/P","T",1,0,0,0,3,"F"
0,2,1,0,"BX","","","branm003","63/G","T",1,0,0,0,3,"F"
1,0,2,2,"CBBSX","","","","5/P","T",1,0,0,0,0,"F"
1,1,0,2,"CCX","","","","43/G","T",1,0,0,0,0,"F"
1,2,3,2,"SBBSBX","","","","8/F","T",1,0,0,0,0,"F"
0,0,1,0,"BX","","","","8/F","T",1,0,0,0,0,"F"
0,1,3,2,"BFSBBS","","","","K","T",1,0,0,0,0,"F"
0,2,2,0,"BBX","","","","S7/L+","T",0,1,0,0,0,"F"
0,2,0,1,"C*B","perer003","","","SB2.1-3(E2/TH)","F",0,0,3,0,0,"F"
0,2,1,1,"C*B.X","","","perer003","S8/L.3-H(UR)","T",0,1,0,0,5,"F"
0,2,0,2,"11CF1S","alleg002","","","K23","T",1,0,1,0,0,"F"
1,0,0,2,"CSC","","","","K","T",1,0,0,0,0,"F"
1,1,3,2,"FFBBBFX","","","","63/G","T",1,0,0,0,0,"F"
1,2,2,2,"BBCSS","","","","K","T",1,0,0,0,0,"F"
0,0,1,1,"BFX","","","","HR/9/F","T",0,4,0,0,0,"F"
0,0,3,1,"BBBFX","","","","HR/89/F","T",0,4,0,0,0,"F"
0,0,0,0,"X","","","","63/G","T",1,0,0,0,0,"F"
0,1,3,2,"BCFBBX","","","","6/P","T",1,0,0,0,0,"F"
0,2,1,0,"BX","","","","D9/L+","T",0,2,0,0,0,"F"
0,2,1,1,"BSX","","kipnj001","","9/F","T",1,0,0,2,0,"F"
1,0,2,2,"FCBBFT","","","","K","T",1,0,0,0,0,"F"
1,1,1,2,"SFBC","","","","K","T",1,0,0,0,0,"F"
1,2,2,2,"BBCFX","","","","13/G","T",1,0,0,0,0,"F"
0,0,1,0,"BX","","","","13/BG","T",1,0,0,0,0,"F"
0,1,1,2,"CSBS","","","","K","T",1,0,0,0,0,"F"
0,2,0,0,"X","","","","5/P","T",1,0,0,0,0,"F"
1,0,0,1,"CX","","","","13/L","T",1,0,0,0,0,"F"
1,1,3,0,".BBBB","","","","W","T",0,1,0,0,0,"F"
1,1,3,0,"BBBB","palkd001","","","W.1-2","T",0,1,2,0,0,"F"
1,1,2,2,"*BCBFS","garca003","palkd001","","K","T",1,0,1,2,0,"F"
1,2,1,2,"CBFS","garca003","palkd001","","K","T",1,0,1,2,0,"F"
0,0,1,1,".CBX","","","","S8/L","T",0,1,0,0,0,"F"
0,0,3,2,"CC1BFBFB1F1F1X","branm003","","","S8/L.1-3;B-2(E8)","T",0,2,3,0,0,"F"
0,0,2,2,"BCBFS","","ramij003","branm003","K","T",1,0,0,2,3,"F"
0,1,2,2,"BCC*BH","","ramij003","branm003","HP","T",0,1,0,2,3,"F"
0,1,3,2,"B*BBCFX","cabrm002","ramij003","branm003","7/F","T",1,0,1,2,3,"F"
0,2,1,1,".CBX","cabrm002","ramij003","branm003","43/G","T",1,0,1,2,3,"F"
1,0,3,2,"BCBFBFX","","","","9/F9LF","T",1,0,0,0,0,"F"
1,1,0,0,"X","","","","41/G","T",1,0,0,0,0,"F"
1,2,1,2,"BCFS","","","","K","T",1,0,0,0,0,"F"
0,0,0,1,"CX","","","","9/L","T",1,0,0,0,0,"F"
0,1,2,2,"BCBSX","","","","31/G","T",1,0,0,0,0,"F"
0,2,1,0,"BX","","","","43/G","T",1,0,0,0,0,"F"
1,0,1,2,".BFCFX","","","","S8/L","T",0,1,0,0,0,"F"
1,0,0,0,"X","sancc001","","","2/P2F","T",1,0,1,0,0,"F"
1,1,3,2,"FS*BBBX","sancc001","","","8/F","T",1,0,1,0,0,"F"
1,2,2,2,"BCFBS","sancc001","","","K","T",1,0,1,0,0,"F"
0,0,3,2,"BCFBBC","","","","K","T",1,0,0,0,0,"T"
0,1,2,0,"BBX","","","","S7/L","T",0,1,0,0,0,"F"
0,1,0,2,"CSX","branm003","","","8/F+","T",1,0,1,0,0,"F"
0,2,2,1,"1CBBX","branm003","","","S9/L.1-2","T",0,1,2,0,0,"F"
0,2,0,1,"CX","diazy001","branm003","","S7/L.2-H;1-2","T",0,1,2,4,0,"F"
0,2,3,2,"CBSFB2F*B>X","alony001","diazy001","","HR/89/F.2-H;1-H","T",0,4,4,4,0,"F"
0,2,1,0,"BX","","","","63/G","T",1,0,0,0,0,"F"
1,0,0,2,"CFX","","","","5/P","T",1,0,0,0,0,"F"
1,1,3,2,"BCBFBX","","","","S9/G","T",0,1,0,0,0,"F"
1,1,0,2,"CFX","sancc001","","","E3/TH2.1-2","T",0,1,2,0,0,"F"
1,1,0,0,"B","abrej003","sancc001","","WP.2-3;1-2","F",0,0,2,3,0,"F"
1,1,1,0,"B.X","","abrej003","sancc001","31/G.3-H(UR);2-3","T",1,0,0,3,5,"F"
1,2,0,1,"SX","","","abrej003","9/F","T",1,0,0,0,3,"F"
0,0,1,2,"CCBX","","","","S7/G","T",0,1,0,0,0,"F"
0,0,1,2,"1C11BS>B","alleg002","","","SB2","F",0,0,2,0,0,"F"
0,0,2,2,"1C11BS>B.FX","","alleg002","","63/G+","T",1,0,0,2,0,"F"
0,1,3,2,"BFBBFC","","alleg002","","K","T",1,0,0,2,0,"F"
0,2,3,2,"CBFBBB","","alleg002","","W","T",0,1,0,2,0,"F"
0,2,3,1,"CBBBX","branm003","alleg002","","S8/L.2-H;1-3","T",0,1,3,4,0,"F"
0,2,0,1,"F11>X","kipnj001","","branm003","S9/L.3-H;1-3","T",0,1,3,0,4,"F"
0,2,0,2,"F1CFFFX","diazy001","","kipnj001","4/P","T",1,0,1,0,3,"F"
1,0,3,2,"CSBBBFC","","","","K","T",1,0,0,0,0,"F"
1,1,2,0,"BBX","","","","S8/L+","T",0,1,0,0,0,"F"
1,1,2,2,"BFB1FX","andet001","","","54(1)/FO/G","T",1,1,0,0,0,"F"
1,2,0,0,"X","smitk002","","","S7/L.1-2","T",0,1,2,0,0,"F"
1,2,0,2,"SSS","engea001","smitk002","","K","T",1,0,1,2,0,"F"
0,0,2,2,"CBBFX","","","","43/G","T",1,0,0,0,0,"F"
0,1,1,2,"SFFBS","","","","K","T",1,0,0,0,0,"F"
0,2,3,2,"CCBBBFB","","","","W","T",0,1,0,0,0,"F"
0,2,2,2,".BSBC1>S","alleg002","","","K","T",1,0,1,0,0,"F"
1,0,2,2,"CBBFX","","","","43/G","T",1,0,0,0,0,"F"
1,1,0,2,"FSS","","","","K","T",1,0,0,0,0,"F"
1,2,2,2,"BCBFS","","","","K","T",1,0,0,0,0,"F"
0,0,3,1,"BBBCB","","","","W","T",0,1,0,0,0,"F"
0,0,0,1,"C>B","lindf001","","","CS2(26)","F",1,0,0,0,0,"F"
0,1,1,2,"C>B.CX","","","","7/L","T",1,0,0,0,0,"F"
0,2,3,2,"CCBBBX","","","","S7/L","T",0,1,0,0,0,"F"
0,2,2,1,"BBCX","kipnj001","","","8/L+","T",1,0,1,0,0,"F"
1,0,1,1,"BSX","","","","63/G","T",1,0,0,0,0,"F"
1,1,1,2,"CSFBC","","","","K","T",1,0,0,0,0,"F"
1,2,0,2,"FCS","","","","K","T",1,0,0,0,0,"F"
0,0,0,0,"X","","","","S9/L","T",0,1,0,0,0,"F"
0,0,2,2,"CBBFC","alony001","","","K","T",1,0,1,0,0,"F"
0,1,3,2,"BBCFFBFFFX","alony001","","","S7/L.1-3","T",0,1,3,0,0,"F"
0,1,3,2,"BBBCF1C","gomey001","","alony001","K","T",1,0,1,0,3,"F"
0,2,0,2,"TST","gomey001","","alony001","K","T",1,0,1,0,3,"F"
1,0,0,0,"X","","","","53/G","T",1,0,0,0,0,"F"
1,1,2,0,"BBX","","","","9/F","T",1,0,0,0,0,"F"
1,2,1,0,"BX","","","","43/G","T",1,0,0,0,0,"F"
0,0,1,1,"CBX","","","","3/L","T",1,0,0,0,0,"F"
0,1,3,2,"CTBBBX","","","","43/G","T",1,0,0,0,0,"F"
0,2,3,2,"CBCBFBFB","","","","W","T",0,1,0,0,0,"F"
0,2,1,0,"BX","kipnj001","","","6/P","T",1,0,1,0,0,"F"
1,0,0,2,"CFC","","","","K","T",1,0,0,0,0,"F"
1,1,0,2,"CFS","","","","K","T",1,0,0,0,0,"F"
1,2,3,2,"BSBCBFFFX","","","","43/G","T",1,0,0,0,0,"F"
0,0,1,2,"CBCS","","","","K","T",1,0,0,0,0,"F"
0,1,0,0,"X","","","","S7/L.B-3(E7)","T",0,3,0,0,0,"F"
0,1,1,1,"..BCX","","","guyeb001","8/F/SF.3-H(UR)","T",1,0,0,0,5,"F"
0,2,1,0,"BX","","","","9/F","T",1,0,0,0,0,"F"
1,0,1,2,".SFBS","","","","K","T",1,0,0,0,0,"F"
1,1,1,0,"BX","","","","6/P","T",1,0,0,0,0,"F"
1,2,1,2,"SFBX","","","","9/F","T",1,0,0,0,0,"F"
0,0,1,2,"CSFBX","","","","S7/L","T",0,1,0,0,0,"F"
0,0,2,2,"CBBFS","gonze004","","","K","T",1,0,1,0,0,"F"
0,1,3,2,"BBBCCFB","gonze004","","","W.1-2","T",0,1,2,0,0,"F"
0,1,3,2,"BFBBCX","branm003","gonze004","","S9/G+.2-H;1-2","T",0,1,2,4,0,"F"
0,1,2,2,"S.FFBBFFFX","kipnj001","davir003","","S8/G.2-H;1-2","T",0,1,2,4,0,"F"
0,1,1,0,".BX","diazy001","kipnj001","","8/F.2-3","T",1,0,1,3,0,"F"
0,2,3,2,"BCBBC>B","diazy001","","kipnj001","W.1-2","T",0,1,2,0,3,"F"
0,2,0,0,"X","guyeb001","diazy001","kipnj001","63/G","T",1,0,1,2,3,"F"
1,0,0,1,"..CX","","","","63/G","T",1,0,0,0,0,"F"
1,1,2,0,"BBX","","","","HR/8/L","T",0,4,0,0,0,"F"
1,1,1,2,"CFBFFS","","","","K","T",1,0,0,0,0,"F"
1,2,1,1,"FBX","","","","HR/89/F","T",0,4,0,0,0,"F"
1,2,1,1,"BTX","","","","53/G","T",1,0,0,0,0,"F"
0,0,0,2,"CSX","","","","63/G","T",1,0,0,0,0,"F"
0,1,0,0,"X","","","","43/G","T",1,0,0,0,0,"F"
0,2,0,2,"CSS","","","","K","T",1,0,0,0,0,"F"
1,0,2,2,".SBCBT","","","","K","T",1,0,0,0,0,"F"
1,1,0,0,"H","","","","HP","T",0,1,0,0,0,"F"
1,1,3,2,".BCBSBX","lamar001","","","S9/L.1-2","T",0,1,2,0,0,"F"
1,1,0,0,"X","moncy001","lamar001","","S7/L.2-H;1-3;B-2(TH)","T",0,2,3,4,0,"F"
1,1,3,1,"BBFBX","","andet001","moncy001","S8/L.3-H;2-3","T",0,1,0,3,4,"F"
1,1,1,2,".FFBX","smitk002","","andet001","T8/L.3-H;1-H","T",0,3,4,0,4,"F"
1,1,0,2,"CSFFS","","","engea001","K","T",1,0,0,0,3,"F"
1,2,2,2,"BBCFS","","","engea001","K","T",1,0,0,0,3,"F"
0,0,0,2,"CCFX","","","","S7/G","T",0,1,0,0,0,"T"
0,0,0,0,"X","merrw001","","","7/L+","T",1,0,1,0,0,"F"
0,1,2,2,"1B*BFC1S","merrw001","","","K","T",1,0,1,0,0,"F"
0,2,1,1,"BC>B","merrw001","","","CS2(26)","F",1,0,0,0,0,"F"
1,0,1,0,"BX","","","","3/L+","T",1,0,0,0,0,"F"
1,1,3,2,"BBBCCB","","","","W","T",0,1,0,0,0,"F"
1,1,3,2,"BFBBC111>F>X","sancc001","","","8/F","T",1,0,1,0,0,"F"
1,2,2,0,"BBX","sancc001","","","S7/L.1-3","T",0,1,3,0,0,"F"
1,2,0,1,"SX","davim005","","sancc001","9/F","T",1,0,1,0,3,"F"
0,0,2,2,"BFBFS","","","","K","T",1,0,0,0,0,"F"
0,1,0,1,"FX","","","","13/G-","T",1,0,0,0,0,"F"
0,2,2,2,"FBBCX","","","","5/L","T",1,0,0,0,0,"F"
1,0,2,2,"CCBBX","","","","43/G","T",1,0,0,0,0,"F"
1,1,2,1,"BFBX","","","","T8/F","T",0,3,0,0,0,"F"
1,1,2,2,"CF*BBFX","","","andet001","63/G-","T",1,0,0,0,3,"F"
1,2,1,0,"BX","","","andet001","4/P","T",1,0,0,0,3,"F"
0,0,2,2,".BSBCFX","","","","63/G","T",1,0,0,0,0,"F"
0,1,0,0,"X","","","","S7/L","T",0,1,0,0,0,"F"
0,1,1,1,"CB>X","escoa003","","","S9/G.1-3","T",0,1,3,0,0,"F"
0,1,1,2,"FS1BX","buted001","","escoa003","D7/L.3-H;1-3","T",0,2,3,0,4,"F"
0,1,2,2,"BBFFX","","merrw001","buted001","7/F/SF.3-H","T",1,0,0,2,4,"F"
0,2,0,0,"X","","merrw001","","S9/G.2-H","T",0,1,0,4,0,"F"
0,2,0,2,"FSS","peres002","","","K","T",1,0,1,0,0,"F"
1,0,1,1,"BCX","","","","8/F","T",1,0,0,0,0,"F"
1,1,0,2,"CTH","","","","HP","T",0,1,0,0,0,"F"
1,1,2,0,"BBX","sancc001","","","4/P","T",1,0,1,0,0,"F"
1,2,1,2,"B1CSS","sancc001","","","K","T",1,0,1,0,0,"F"
0,0,3,2,"FBBBSX","","","","3/G","T",1,0,0,0,0,"F"
0,1,2,2,"CBCBS","","","","K","T",1,0,0,0,0,"F"
0,2,1,2,"FSBC","","","","K","T",1,0,0,0,0,"F"
1,0,0,0,"X","","","","5/L","T",1,0,0,0,0,"F"
1,1,1,2,"CCBC","","","","K","T",1,0,0,0,0,"F"
1,2,3,2,"BSFBBB","","","","W","T",0,1,0,0,0,"F"
1,2,0,2,"CS>B","andet001","","","SB2","F",0,0,2,0,0,"F"
1,2,1,2,"CS>B.FX","","andet001","","S9/G.2-H","T",0,1,0,4,0,"F"
1,2,2,2,"FBCFFFBS","delmn001","","","K","T",1,0,1,0,0,"F"
0,0,2,2,"BBFFFFX","","","","DGR/7/L","T",0,2,0,0,0,"F"
0,0,0,0,"X","","escoa003","","2/BP2F","T",1,0,0,2,0,"F"
0,1,3,2,"BBBCFB","","escoa003","","W","T",0,1,0,2,0,"F"
0,1,0,1,"SX","merrw001","escoa003","","3/G.2-3;1-2","T",1,0,2,3,0,"F"
0,2,1,1,"33C*BX","","merrw001","escoa003","9/F","T",1,0,0,2,3,"F"
1,0,3,2,"MSBFBBB","","","","W","T",0,1,0,0,0,"F"
1,0,1,1,"F1B>X","moncy001","","","S9/L.1-3","T",0,1,3,0,0,"F"
1,0,0,1,"FX","sancc001","","moncy001","4/P","T",1,0,1,0,3,"F"
1,1,2,2,"B1TBSS","sancc001","","moncy001","K","T",1,0,1,0,3,"F"
1,2,2,2,"CBBFS","sancc001","","moncy001","K","T",1,0,1,0,3,"F"
0,0,2,2,"CBFBFX","","","","7/F","T",1,0,0,0,0,"F"
0,1,1,0,"BX","","","","43/G","T",1,0,0,0,0,"F"
0,2,0,0,"X","","","","8/F","T",1,0,0,0,0,"F"
1,0,1,1,"FBX","","","","43/G","T",1,0,0,0,0,"F"
1,1,0,0,"X","","","","D7/F","T",0,2,0,0,0,"F"
1,1,1,0,".B>C","","andet001","","SB3","F",0,0,0,3,0,"F"
1,1,1,2,".B>C.FFFX","","","andet001","53/G.3-H","T",1,0,0,0,4,"F"
1,2,0,1,"FX","","","","13/G","T",1,0,0,0,0,"F"
0,0,0,0,"X","","","","63/G","T",1,0,0,0,0,"F"
0,1,3,1,"CBBBB","","","","W","T",0,1,0,0,0,"F"
0,1,1,2,"BC1SX","escoa003","","","54(1)3/GDP","T",2,0,0,0,0,"F"
1,0,0,0,"X","","","","S7/L","T",0,1,0,0,0,"F"
1,0,0,0,"X","moncy001","","","E6/FO/G.1-2","T",0,1,2,0,0,"F"
1,0,0,0,".X","sancc001","moncy001","","HR/78/L.2-H(UR);1-H","T",0,4,4,5,0,"F"
1,0,2,2,"CBFBC","","","","K","T",1,0,0,0,0,"F"
1,1,2,2,"CBBFFX","","","","S9/G","T",0,1,0,0,0,"F"
1,1,0,0,"11>B","garcl004","","","SB2","F",0,0,2,0,0,"F"
1,1,3,0,"11>B.BB*B","","garcl004","","W","T",0,1,0,2,0,"F"
1,1,1,1,"BCX","narvo001","garcl004","","S7/L.2-H;1-2","T",0,1,2,4,0,"F"
1,1,0,0,"X","andet001","narvo001","","HR/89/F.2-H;1-H","T",0,4,4,4,0,"F"
1,1,1,2,".FCBFS","","","","K","T",1,0,0,0,0,"F"
1,2,2,1,"BBSX","","","","8/L","T",1,0,0,0,0,"F"
0,0,3,1,".BBBCB","","","","W","T",0,1,0,0,0,"F"
0,0,1,2,"*BCFS","merrw001","","","K","T",1,0,1,0,0,"F"
0,1,3,2,"SBBFFF*BX","merrw001","","","9/L","T",1,0,1,0,0,"F"
0,2,3,2,"CFF*B*BB>S","merrw001","","","K","T",1,0,1,0,0,"F"
1,0,1,1,"BCX","","","","9/F","T",1,0,0,0,0,"F"
1,1,2,2,"CBCBFX","","","","63/G","T",1,0,0,0,0,"F"
1,2,3,2,"BBFTBFX","","","","63/G","T",1,0,0,0,0,"F"
0,0,0,2,".CFX","","","","63/G","T",1,0,0,0,0,"F"
0,1,0,0,"X","","","","9/F","T",1,0,0,0,0,"F"
0,2,0,0,"X","","","","1/L+","T",1,0,0,0,0,"F"
0,0,1,2,"CCBFX","","","","S7/L","T",0,1,0,0,0,"T"
0,0,3,2,"CBBF*B1","merrw001","","","PO1(13)","F",1,0,0,0,0,"F"
0,1,3,2,"CBBF*B1.B","","","","W","T",0,1,0,0,0,"F"
0,1,0,2,"CFB","gorda001","","","WP.1-2","F",0,0,2,0,0,"F"
0,1,1,2,"CFB.S","","gorda001","","K","T",1,0,0,2,0,"F"
0,2,1,1,"C*BX","","gorda001","","43/G","T",1,0,0,2,0,"F"
1,0,2,2,"CBSFBX","","","","63/G","T",1,0,0,0,0,"F"
1,1,0,0,"X","","","","13/G","T",1,0,0,0,0,"F"
1,2,1,1,"BCX","","","","7/L","T",1,0,0,0,0,"F"
0,0,0,0,"X","","","","43/G","T",1,0,0,0,0,"F"
0,1,3,2,"CBBFBFX","","","","63/G","T",1,0,0,0,0,"F"
0,2,3,2,"BBBCCB","","","","W","T",0,1,0,0,0,"F"
0,2,1,1,"11CB1>C","mondr003","","","SB2","F",0,0,2,0,0,"F"
0,2,1,2,"11CB1>C.S","","mondr003","","K","T",1,0,0,2,0,"F"
1,0,0,0,"X","","","","3/G","T",1,0,0,0,0,"F"
1,1,0,2,"CCS","","","","K","T",1,0,0,0,0,"F"
1,2,1,0,"BX","","","","HR/8/F","T",0,4,0,0,0,"F"
1,2,2,2,"FCFFBFBS","","","","K","T",1,0,0,0,0,"F"
0,0,3,2,"FCBBBX","","","","53/G","T",1,0,0,0,0,"F"
0,1,1,2,"BFTFS","","","","K","T",1,0,0,0,0,"F"
0,2,3,0,"BBBB","","","","W","T",0,1,0,0,0,"F"
0,2,1,2,"CFBS","gorda001","","","K","T",1,0,1,0,0,"F"
1,0,1,2,"CCBFX","","","","43/G","T",1,0,0,0,0,"F"
1,1,2,0,"BBX","","","","S6/G","T",0,1,0,0,0,"F"
1,1,0,0,"11>S","engea001","","","SB2","F",0,0,2,0,0,"F"
1,1,3,2,"11>S.B*BBSS","","engea001","","K","T",1,0,0,2,0,"F"
1,2,1,2,"CSFFF*BX","","engea001","","53/G","T",1,0,0,2,0,"F"
0,0,2,2,"CBSBFX","","","","7/F","T",1,0,0,0,0,"F"
0,1,0,0,"X","","","","53/G-","T",1,0,0,0,0,"F"
0,2,3,2,"BBSFBFC","","","","K","T",1,0,0,0,0,"F"
1,0,0,2,"FFFX","","","","S5/G-","T",0,1,0,0,0,"F"
1,0,3,1,"BBBCX","abrej003","","","S9/L.1-3","T",0,1,3,0,0,"F"
1,0,2,2,"SFBFBT","palkd001","","abrej003","K","T",1,0,1,0,3,"F"
1,1,3,2,"BBBFFFS","palkd001","","abrej003","K","T",1,0,1,0,3,"F"
1,2,2,2,"CFBFBX","palkd001","","abrej003","8/F","T",1,0,1,0,3,"F"
0,0,1,0,"BX","","","","63/G","T",1,0,0,0,0,"F"
0,1,2,2,"BFBCC","","","","K","T",1,0,0,0,0,"F"
0,2,1,1,"CBX","","","","63/G","T",1,0,0,0,0,"F"
1,0,1,0,"BX","","","","43/G","T",1,0,0,0,0,"F"
1,1,0,1,"FX","","","","S7/G","T",0,1,0,0,0,"F"
1,1,1,0,"B1>B","engea001","","","CS2(26)","F",1,0,0,0,0,"F"
1,2,3,2,"B1>B.FBCX","","","","S9/G","T",0,1,0,0,0,"F"
1,2,2,2,"CCFBF1F*BX","moncy001","","","D6/G.1-3","T",0,2,3,0,0,"F"
1,2,1,1,"SBX","","sancc001","moncy001","63/G","T",1,0,0,2,3,"F"
0,0,3,2,"BCCFBFBX","","","","43/G","T",1,0,0,0,0,"F"
0,1,1,1,"BCX","","","","HR/9/F","T",0,4,0,0,0,"F"
0,1,0,1,"FX","","","","13/G","T",1,0,0,0,0,"F"
0,2,1,0,"BX","","","","D9/L","T",0,2,0,0,0,"F"
0,2,3,2,"BF2SBFFBX","","dudal001","","S7/L.2-H;B-2(TH)","T",0,2,0,4,0,"F"
0,2,1,0,".BX","","bonij002","","43/G","T",1,0,0,2,0,"F"
1,0,2,2,".BCFBS","","","","K","T",1,0,0,0,0,"F"
1,1,0,0,"X","","","","8/L+","T",1,0,0,0,0,"F"
1,2,3,0,"BBBB","","","","W","T",0,1,0,0,0,"F"
1,2,0,0,".1X","delmn001","","","53/G","T",1,0,1,0,0,"F"
0,0,1,1,"CBX","","","","53/G-","T",1,0,0,0,0,"F"
0,1,2,2,"CSBBS","","","","K23","T",1,0,0,0,0,"F"
0,2,0,2,"CSX","","","","53/G-","T",1,0,0,0,0,"F"
1,0,1,2,"SBCFFX","","","","S7/G","T",0,1,0,0,0,"F"
1,0,1,2,"LLBL","smitk002","","","K/BF","T",1,0,1,0,0,"F"
1,1,2,2,".CFFBFBC","smitk002","","","K","T",1,0,1,0,0,"F"
1,2,2,2,"BCFBS","smitk002","","","K","T",1,0,1,0,0,"F"
0,0,1,2,".SCBC","","","","K","T",1,0,0,0,0,"F"
0,1,0,1,"TX","","","","43/G","T",1,0,0,0,0,"F"
0,2,1,1,"TBX","","","","S7/L","T",0,1,0,0,0,"F"
0,2,1,0,".BX","peres002","","","9/L","T",1,0,1,0,0,"F"
1,0,3,2,".BSCBBFX","","","","D7/L","T",0,2,0,0,0,"F"
1,0,1,2,"CBFS","","abrej003","","K","T",1,0,0,2,0,"F"
1,1,1,2,"*BFFS","","abrej003","","K","T",1,0,0,2,0,"F"
1,2,0,2,"SCS","","abrej003","","K","T",1,0,0,2,0,"F"
0,0,3,1,"BCBBB","","","","W","T",0,1,0,0,0,"F"
0,0,1,0,".BX","bonij002","","","7/F","T",1,0,1,0,0,"F"
0,1,0,0,"1X","bonij002","","","4/P","T",1,0,1,0,0,"F"
0,2,3,0,"*BBBB","bonij002","","","W.1-2","T",0,1,2,0,0,"F"
0,2,1,0,".BX","philb002","bonij002","","S9/F.2-H;1-3","T",0,1,3,4,0,"F"
0,2,0,1,"1F>B","escoa003","","philb002","SB2","F",0,0,2,0,3,"F"
0,2,2,1,"1F>B.BX","","escoa003","philb002","9/F","T",1,0,0,2,3,"F"
1,0,0,0,"..X","","","","8/F","T",1,0,0,0,0,"F"
1,1,1,1,".CBX","","","","7/F","T",1,0,0,0,0,"F"
1,2,2,2,".CCFBFBS","","","","K","T",1,0,0,0,0,"F"
0,0,0,1,"FX","","","","3/P","T",1,0,0,0,0,"T"
0,1,2,2,"BCFBS","","","","K","T",1,0,0,0,0,"F"
0,2,1,2,"BSFS","","","","K","T",1,0,0,0,0,"F"
1,0,3,2,"CBBSBC","","","","K","T",1,0,0,0,0,"F"
1,1,2,2,"CBBFFX","","","","S9/G","T",0,1,0,0,0,"F"
1,1,3,0,"BBBB","sancc001","","","W.1-2","T",0,1,2,0,0,"F"
1,1,1,2,"BSCFX","abrej003","sancc001","","63/G+.2-3;1-2","T",1,0,2,3,0,"F"
1,2,2,0,"BBX","","abrej003","sancc001","4/P","T",1,0,0,2,3,"F"
0,0,2,2,"CBBCFX","","","","S7/L","T",0,1,0,0,0,"F"
0,0,1,2,"F1BSX","bonij002","","","HR/89/F.1-H","T",0,4,4,0,0,"F"
0,0,3,1,"SBBBB","","","","W","T",0,1,0,0,0,"F"
0,0,1,0,"*B1X","herrr002","","","S8/L+.1-3","T",0,1,3,0,0,"F"
0,0,3,2,"SFBB*BS","dozih001","","herrr002","K","T",1,0,1,0,3,"F"
0,1,2,2,"SB11*BFS","dozih001","","herrr002","K","T",1,0,1,0,3,"F"
0,2,3,2,"*BF*BCF*B>X","dozih001","","herrr002","HR/7/F.3-H;1-H","T",0,4,4,0,4,"F"
0,2,3,1,"BBSBX","","","","HR/89/F","T",0,4,0,0,0,"F"
0,2,1,2,"CCFFBS","","","","K","T",1,0,0,0,0,"F"
1,0,1,0,"BX","","","","8/L+","T",1,0,0,0,0,"F"
1,1,2,2,"BFBSS","","","","K","T",1,0,0,0,0,"F"
1,2,3,1,"CBBBX","","","","6/P","T",1,0,0,0,0,"F"
0,0,0,0,"X","","","","S7/L","T",0,1,0,0,0,"F"
0,0,1,2,".CBCFS","bonij002","","","K","T",1,0,1,0,0,"F"
0,1,1,1,"BFX","bonij002","","","8/F","T",1,0,1,0,0,"F"
0,2,1,1,"CBX","bonij002","","","13/G","T",1,0,1,0,0,"F"
1,0,0,2,"CSFS","","","","K","T",1,0,0,0,0,"F"
1,1,1,1,"BFX","","","","31/G","T",1,0,0,0,0,"F"
1,2,0,0,"X","","","","8/F","T",1,0,0,0,0,"F"
0,0,3,2,"TBCBBS","","","","K","T",1,0,0,0,0,"F"
0,1,0,0,"X","","","","8/F+","T",1,0,0,0,0,"F"
0,2,1,2,"BSCX","","","","S3/G-","T",0,1,0,0,0,"F"
0,2,3,2,"BFCBB>F>F>B","merrw001","","","W.1-2","T",0,1,2,0,0,"F"
0,2,0,0,">B","gorda001","merrw001","","SB3;SB2","F",0,0,2,3,0,"F"
0,2,2,2,">B.BCSFS","","gorda001","merrw001","K","T",1,0,0,2,3,"F"
1,0,2,2,"BBCCFX","","","","S7/L","T",0,1,0,0,0,"F"
1,0,3,2,"BSBFBFFFX","abrej003","","","S9/L.1-3","T",0,1,3,0,0,"F"
1,0,1,1,"FB1X","palkd001","","abrej003","HR/78/F.3-H;1-H","T",0,4,4,0,4,"F"
1,0,1,2,"FBSFFX","","","","S9/L","T",0,1,0,0,0,"F"
1,0,3,1,"SB*BBX","delmn001","","","HR/9/F.1-H","T",0,4,4,0,0,"F"
1,0,0,1,"SX","","","","HR/9/F","T",0,4,0,0,0,"F"
1,0,1,0,".BX","","","","S8/L","T",0,1,0,0,0,"F"
1,0,0,0,"X","engea001","","","53/BG/SH.1-2","T",1,0,2,0,0,"F"
1,1,0,2,"FFFX","","engea001","","9/F.2-3","T",1,0,0,3,0,"F"
1,2,3,0,"VVVV","","","engea001","IW","T",0,1,0,0,3,"F"
1,2,1,2,"FC*BS","abrej003","","engea001","K","T",1,0,1,0,3,"F"
0,0,1,2,"CBSS","","","","K","T",1,0,0,0,0,"F"
0,1,0,1,"CX","","","","9/F","T",1,0,0,0,0,"F"
0,2,3,2,"BBCFBS","","","","K","T",1,0,0,0,0,"F"
1,0,3,2,"BFCBBB","","","","W","T",0,1,0,0,0,"F"
1,0,2,1,"B*BCX","garca003","","","63/G.1-2","T",1,0,2,0,0,"F"
1,1,0,0,"X","","garca003","","8/L","T",1,0,0,2,0,"F"
1,2,1,1,"C*BX","","garca003","","S7/G.2-H;BX2(724)","T",1,0,0,4,0,"F"
0,0,1,2,"FFBS","","","","K","T",1,0,0,0,0,"F"
0,1,3,2,"CBFBFBB","","","","W","T",0,1,0,0,0,"F"
0,1,1,0,"BX","philb002","","","S5/BG.1-2","T",0,1,2,0,0,"F"
0,1,1,1,"CBX","mondr003","philb002","","9/F.2-3","T",1,0,1,3,0,"F"
0,2,1,0,"1BX","mondr003","","philb002","5/P5F","T",1,0,1,0,3,"F"
1,0,0,0,"X","","","","63/G","T",1,0,0,0,0,"F"
1,1,2,1,"BFBX","","","","9/L","T",1,0,0,0,0,"F"
1,2,3,2,"BBBCFFFS","","","","K","T",1,0,0,0,0,"F"
0,0,2,2,".BFBCFS","","","","K","T",1,0,0,0,0,"F"
0,1,1,1,"BFX","","","","S7/L+","T",0,1,0,0,0,"F"
0,1,3,2,".BBTF*B1X","bonij002","","","7/F","T",1,0,1,0,0,"F"
0,2,1,2,"BCSS","bonij002","","","K","T",1,0,1,0,0,"F"
1,0,2,2,".CBSFBS","","","","K","T",1,0,0,0,0,"F"
1,1,1,2,"SBCS","","","","K","T",1,0,0,0,0,"F"
1,2,2,0,"BBX","","","","53/G","T",1,0,0,0,0,"F"
0,0,1,2,".BSFC","","","","K","T",1,0,0,0,0,"F"
0,1,3,2,"BBCBCX","","","","E4/G","T",0,1,0,0,0,"F"
0,1,0,0,"X","philb002","","","6/L/DP.1X1(63)","T",2,0,0,0,0,"F"
1,0,0,2,"CSX","","","","63/G","T",1,0,0,0,0,"F"
1,1,0,2,"CFS","","","","K","T",1,0,0,0,0,"F"
1,2,3,2,"BCBBCB","","","","W","T",0,1,0,0,0,"F"
1,2,0,0,"X","narvo001","","","S8/L.1-2","T",0,1,2,0,0,"F"
1,2,1,2,"FFBS","engea001","narvo001","","K","T",1,0,1,2,0,"F"
0,0,0,0,"..X","","","","9/F","T",1,0,0,0,0,"F"
0,1,3,2,".CBCBBS","","","","K","T",1,0,0,0,0,"F"
0,2,2,2,"FBBSS","","","","K","T",1,0,0,0,0,"F"
0,0,0,1,"CX","","","","S9/G","T",0,1,0,0,0,"T"
0,0,1,2,"FSBX","mauej001","","","S9/L.1-3","T",0,1,3,0,0,"F"
0,0,2,2,"BFBS1FX","rosae001","","mauej001","7/F","T",1,0,1,0,3,"F"
0,1,1,2,"FBF1S","rosae001","","mauej001","K","T",1,0,1,0,3,"F"
0,2,3,2,"BBBCF>X","rosae001","","mauej001","8/F","T",1,0,1,0,3,"F"
1,0,0,1,"CX","","","","7/F","T",1,0,0,0,0,"F"
1,1,3,2,"BCSBFB*B","","","","W","T",0,1,0,0,0,"F"
1,1,0,1,"C11X","sancc001","","","S56/G.1-3;BX2(654)","T",1,0,3,0,0,"F"
1,2,3,2,"BBCCF*BFFFS","","","sancc001","K","T",1,0,0,0,3,"F"
0,0,1,2,"CBSFC","","","","K","T",1,0,0,0,0,"F"
0,1,3,2,"CFBBBFFS","","","","K","T",1,0,0,0,0,"F"
0,2,2,2,"CSBBH","","","","HP","T",0,1,0,0,0,"F"
0,2,2,2,"BBFFX","grosr001","","","S7/F.1-2","T",0,1,2,0,0,"F"
0,2,1,2,"CBFFFFC","wilsb002","grosr001","","K","T",1,0,1,2,0,"F"
1,0,0,2,"CSFS","","","","K","T",1,0,0,0,0,"F"
1,1,0,0,"X","","","","HR/8/F","T",0,4,0,0,0,"F"
1,1,3,2,"BFFBBFB","","","","W","T",0,1,0,0,0,"F"
1,1,0,1,"S>C","moncy001","","","CS2(26)","F",1,0,0,0,0,"F"
1,2,3,2,"S>C.BBBX","","","","7/F","T",1,0,0,0,0,"F"
0,0,1,2,".SBFFS","","","","K","T",1,0,0,0,0,"F"
0,1,3,2,"BCBSBS","","","","K","T",1,0,0,0,0,"F"
0,2,3,0,"BBBX","","","","63/G","T",1,0,0,0,0,"F"
1,0,0,1,"CX","","","","S57/L","T",0,1,0,0,0,"F"
1,0,2,1,"BBF1X","engea001","","","64(1)3/GDP","T",2,0,0,0,0,"F"
1,2,1,2,"SFBFX","","","","4/P","T",1,0,0,0,0,"F"
0,0,2,2,"CCFBBFS","","","","K","T",1,0,0,0,0,"F"
0,1,1,1,"CBX","","","","S9/F","T",0,1,0,0,0,"F"
0,1,3,1,"BBBCX","forsl001","","","S4/G-.1-3","T",0,1,3,0,0,"F"
0,1,0,0,".X","cavej001","","forsl001","S9/G.3-H;1-3","T",0,1,3,0,4,"F"
0,1,2,1,"1BLB>S","grosr001","","cavej001","CS2(243).3-H(NR)","F",1,0,0,0,4,"F"
0,2,2,2,"1BLB>S.S","","","","K","T",1,0,0,0,0,"F"
1,0,2,2,"CBFFBX","","","","4/P","T",1,0,0,0,0,"F"
1,1,1,2,"SFBS","","","","K","T",1,0,0,0,0,"F"
1,2,0,1,"FX","","","","43/G","T",1,0,0,0,0,"F"
0,0,3,2,"BBBCFX","","","","8/L","T",1,0,0,0,0,"F"
0,1,2,1,"CBBX","","","","4/P","T",1,0,0,0,0,"F"
0,2,3,2,"SBCBBX","","","","5/P5F","T",1,0,0,0,0,"F"
1,0,2,2,"CBMFBFX","","","","6/P-","T",1,0,0,0,0,"F"
1,1,2,2,"FCBBC","","","","K","T",1,0,0,0,0,"F"
1,2,2,1,"BBFX","","","","S8/L","T",0,1,0,0,0,"F"
1,2,0,2,"FFX","narvo001","","","8/F","T",1,0,1,0,0,"F"
0,0,2,2,"BSFBFS","","","","K","T",1,0,0,0,0,"F"
0,1,1,2,".CBCX","","","","3/G","T",1,0,0,0,0,"F"
0,2,3,2,"BCBCBB","","","","W","T",0,1,0,0,0,"F"
0,2,0,1,"CX","forsl001","","","43/G","T",1,0,1,0,0,"F"
1,0,0,0,".X","","","","8/F","T",1,0,0,0,0,"F"
1,1,3,2,"CBFBBB","","","","W","T",0,1,0,0,0,"F"
1,1,1,2,"CBFC","sancc001","","","K","T",1,0,1,0,0,"F"
1,2,0,0,"X","sancc001","","","9/F","T",1,0,1,0,0,"F"
0,0,2,2,".CCBBFX","","","","43/G","T",1,0,0,0,0,"F"
0,1,3,2,"BBFBFFB","","","","W","T",0,1,0,0,0,"F"
0,1,1,2,"CCBX","wilsb002","","","S8/G+.1-2","T",0,1,2,0,0,"F"
0,1,0,0,"X","mauej001","wilsb002","","9/F.2-3","T",1,0,1,3,0,"F"
0,2,0,1,"CX","mauej001","","wilsb002","43/G","T",1,0,1,0,3,"F"
1,0,0,2,"SFC","","","","K","T",1,0,0,0,0,"F"
1,1,2,2,"BBFSS","","","","K","T",1,0,0,0,0,"F"
1,2,1,1,"CBX","","","","HR/78/F","T",0,4,0,0,0,"F"
1,2,0,1,"CX","","","","31/G","T",1,0,0,0,0,"F"
0,0,2,1,"BBCX","","","","63/G","T",1,0,0,0,0,"F"
0,1,2,1,"BCBX","","","","31/G+","T",1,0,0,0,0,"F"
0,2,2,2,"CBCBX","","","","63/G","T",1,0,0,0,0,"F"
1,0,0,0,".X","","","","S7/L","T",0,1,0,0,0,"F"
1,0,1,0,"B1","engea001","","","POCS2(1E3).1-2","F",0,0,2,0,0,"F"
1,0,2,0,"B1.BX","","engea001","","E1/TH/SH/BG.2XH(3652);B-3(TH)","T",1,3,0,0,0,"F"
1,1,1,2,"BCSS","","","andet001","K","T",1,0,0,0,3,"F"
1,2,0,2,"FFS","","","andet001","K","T",1,0,0,0,3,"F"
0,0,3,2,"FBBBCB","","","","W","T",0,1,0,0,0,"F"
0,0,1,1,"1L1BX","cavej001","","","53/BG/SH.1-2","T",1,0,2,0,0,"F"
0,1,3,2,".B2CC*B*BX","","cavej001","","S9/L.2XH(92);B-2(TH)","T",1,2,0,0,0,"F"
0,2,3,0,"VVVV","","garvm001","","IW","T",0,1,0,2,0,"F"
0,2,3,1,".BSB*BX","mauej001","garvm001","","S8/L.2-H;1-3(E8);B-2","T",0,2,3,4,0,"F"
0,2,0,2,"LFX","","rosae001","mauej001","S7/G.3-H;2-H(UR);BX2(724)","T",1,0,0,5,4,"F"
1,0,1,2,"..CSBFS","","","","K","T",1,0,0,0,0,"F"
1,1,2,2,"BBSFS","","","","K","T",1,0,0,0,0,"F"
1,2,1,1,".CBX","","","","63/G","T",1,0,0,0,0,"F"
0,0,0,1,"CX","","","","S9/L","T",0,1,0,0,0,"T"
0,0,1,2,"L*BFX","forsl001","","","36(1)/FO/G","T",1,1,0,0,0,"F"
0,1,2,0,"B*BX","rosae001","","","HR/7/F.1-H","T",0,4,4,0,0,"F"
0,1,3,2,"BBCBSB","","","","W","T",0,1,0,0,0,"F"
0,1,3,2,"*BBFC*BB","sanom001","","","W.1-2","T",0,1,2,0,0,"F"
0,1,3,2,"CBFF*BFBX","austt001","sanom001","","4/L/DP.2X2(4)","T",2,0,1,0,0,"F"
1,0,3,0,"BBBB","","","","W","T",0,1,0,0,0,"F"
1,0,3,1,"BBBCX","sancc001","","","5/P5F","T",1,0,1,0,0,"F"
1,1,0,0,">B","sancc001","","","CS2(24)","F",1,0,0,0,0,"F"
1,2,2,2,">B.FBFX","","","","S9/L","T",0,1,0,0,0,"F"
1,2,3,2,"CFFBB*B>F>X","garca003","","","13/G","T",1,0,1,0,0,"F"
0,0,2,2,"CFBBS","","","","K","T",1,0,0,0,0,"F"
0,1,0,0,"X","","","","9/F","T",1,0,0,0,0,"F"
0,2,1,2,"CSBC","","","","K","T",1,0,0,0,0,"F"
1,0,1,2,"CFBS","","","","K","T",1,0,0,0,0,"F"
1,1,3,1,"BBBCX","","","","HR/9/F","T",0,4,0,0,0,"F"
1,1,2,2,"CSBBX","","","","23/G-","T",1,0,0,0,0,"F"
1,2,0,0,"X","","","","163/G","T",1,0,0,0,0,"F"
0,0,3,2,"CBFBBX","","","","63/G","T",1,0,0,0,0,"F"
0,1,1,0,"BX","","","","8/F","T",1,0,0,0,0,"F"
0,2,3,2,"BBFBFB","","","","W","T",0,1,0,0,0,"F"
0,2,3,2,"CC>F*B1B*B>S","polaj001","","","K","T",1,0,1,0,0,"F"
1,0,0,2,"CSFS","","","","K23","T",1,0,0,0,0,"F"
1,1,0,1,"CX","","","","D8/L+","T",0,2,0,0,0,"F"
1,1,1,0,"B2X","","sancc001","","31/G-.2-3","T",1,0,0,3,0,"F"
1,2,2,2,"F*BSBX","","","sancc001","63/G","T",1,0,0,0,3,"F"
0,0,3,2,"BCCBFBFS","","","","K","T",1,0,0,0,0,"F"
0,1,3,2,"BFCBBX","","","","9/F","T",1,0,0,0,0,"F"
0,2,1,1,"CBH","","","","HP","T",0,1,0,0,0,"F"
0,2,1,0,"1BX","keplm001","","","8/F","T",1,0,1,0,0,"F"
1,0,2,1,"FBBX","","","","63/G","T",1,0,0,0,0,"F"
1,1,0,1,"SX","","","","HR/7/F","T",0,4,0,0,0,"F"
1,1,3,1,"SBBBX","","","","43/G","T",1,0,0,0,0,"F"
1,2,1,2,"CCBS","","","","K","T",1,0,0,0,0,"F"
0,0,2,1,"SBBX","","","","7/F","T",1,0,0,0,0,"F"
0,1,1,1,"FBX","","","","S5/G-","T",0,1,0,0,0,"F"
0,1,1,1,"C*BB","forsl001","","","WP.1-2","F",0,0,2,0,0,"F"
0,1,2,2,"C*BB.FX","","forsl001","","43/G.2-3","T",1,0,0,3,0,"F"
0,2,2,2,"C*BF*BX","","","forsl001","53/G","T",1,0,0,0,3,"F"
1,0,3,2,"CSBBBB","","","","W","T",0,1,0,0,0,"F"
1,0,0,2,"CFFFX","narvo001","","","HR/7/L.1-H","T",0,4,4,0,0,"F"
1,0,3,2,"CFBBBFB","","","","W","T",0,1,0,0,0,"F"
1,0,0,2,"F1SS","sancc001","","","K","T",1,0,1,0,0,"F"
1,1,0,0,"X","sancc001","","","S8/L+.1-2","T",0,1,2,0,0,"F"
1,1,3,2,"BCBSBX","garca003","sancc001","","E4/G.2-H(UR);1-3","T",0,1,3,5,0,"F"
1,1,0,2,"CTS","palkd001","","garca003","K","T",1,0,1,0,3,"F"
1,2,1,1,"BF*B","palkd001","","garca003","WP.1-2","F",0,0,2,0,3,"F"
1,2,3,1,"BF*B.BV","","palkd001","garca003","IW","T",0,1,0,2,3,"F"
1,2,2,2,"SF*BBX","delmn001","palkd001","garca003","S7/G.3-H(UR);2-H(UR);1-2","T",0,1,2,5,5,"F"
1,2,3,2,".BFFBB>F>B","davim005","delmn001","","W.2-3;1-2","T",0,1,2,3,0,"F"
1,2,1,0,"BX","narvo001","davim005","delmn001","2/P2F","T",1,0,1,2,3,"F"
0,0,1,2,"CBCS","","","","K","T",1,0,0,0,0,"F"
0,1,1,1,"SBX","","","","53/G","T",1,0,0,0,0,"F"
0,2,2,0,"BBX","","","","9/F","T",1,0,0,0,0,"F"
1,0,3,0,".BBBB","","","","W","T",0,1,0,0,0,"F"
1,0,2,1,"CB1BX","sancc001","","","S9/L.1-3","T",0,1,3,0,0,"F"
1,0,2,2,"*BFBFX","moncy001","","sancc001","FC5/G.1-2","T",0,1,2,0,3,"F"
1,0,3,1,"FBBBX","garca003","moncy001","sancc001","32(3)3/GDP.2-3;1-2","T",2,0,2,3,0,"F"
1,2,1,2,"SCBS","","garca003","moncy001","K","T",1,0,0,2,3,"F"
0,0,0,1,".FX","","","","D8/F","T",0,2,0,0,0,"F"
0,0,1,0,"BX","","keplm001","","E5/G","T",0,1,0,2,0,"F"
0,0,3,2,"*BBFBFFS","grosr001","keplm001","","K","T",1,0,1,2,0,"F"
0,1,1,2,".CFBX","grosr001","keplm001","","S7/G.2-H;1-2","T",0,1,2,4,0,"F"
0,1,0,0,"X","forsl001","grosr001","","6/P","T",1,0,1,2,0,"F"
0,2,2,0,"BBX","forsl001","grosr001","","9/L+","T",1,0,1,2,0,"F"
1,0,0,0,".X","","","","7/F","T",1,0,0,0,0,"F"
1,1,0,1,"FX","","","","9/F","T",1,0,0,0,0,"F"
1,2,0,2,"CSX","","","","31/G","T",1,0,0,0,0,"F"
0,0,1,0,"BX","","","","4/P","T",1,0,0,0,0,"F"
0,1,2,2,"BFBFX","","","","63/G","T",1,0,0,0,0,"F"
0,2,1,2,"CBTX","","","","S3/G","T",0,1,0,0,0,"F"
0,2,1,1,"CBX","garvm001","","","3/G","T",1,0,1,0,0,"F"
1,0,0,0,".X","","","","43/G","T",1,0,0,0,0,"F"
1,1,0,1,"CX","","","","53/G","T",1,0,0,0,0,"F"
1,2,2,0,"BBX","","","","3/L","T",1,0,0,0,0,"F"
0,0,3,1,"..BBFBB","","","","W","T",0,1,0,0,0,"F"
0,0,0,2,".CFX","grosr001","","","S4/L-.1-2","T",0,1,2,0,0,"F"
0,0,3,2,"CBBCBS","adrie001","grosr001","","K","T",1,0,1,2,0,"F"
0,1,2,2,"FFFFBBX","adrie001","grosr001","","3/G-.2-3;1-2","T",1,0,2,3,0,"F"
0,2,1,2,"CBSS","","adrie001","grosr001","K","T",1,0,0,2,3,"F"
0,0,3,2,"BBCBCB","","","","W","T",0,1,0,0,0,"T"
0,0,1,2,"BFF11F1","bettm001","","","POCS2(1361)","F",1,0,0,0,0,"F"
0,1,3,2,"BFF11F1.BBFC","","","","K","T",1,0,0,0,0,"F"
0,2,1,0,"BX","","","","6/L","T",1,0,0,0,0,"F"
1,0,1,2,"BCFC","","","","K","T",1,0,0,0,0,"F"
1,1,3,2,"SBBFBB","","","","W","T",0,1,0,0,0,"F"
1,1,2,1,"CBBX","delmn001","","","HR/8/F.1-H","T",0,4,4,0,0,"F"
1,1,0,0,"X","","","","S7/F","T",0,1,0,0,0,"F"
1,1,0,2,"CSS","palkd001","","","K","T",1,0,1,0,0,"F"
1,2,1,1,"BFX","palkd001","","","S9/G+.1-2","T",0,1,2,0,0,"F"
1,2,1,2,"BCFX","moncy001","palkd001","","S68/G.2-H;1-3","T",0,1,3,4,0,"F"
1,2,0,0,"X","davim005","","moncy001","54(1)/FO/G","T",1,1,0,0,3,"F"
0,0,2,2,"BBCFFS","","","","K","T",1,0,0,0,0,"F"
0,1,3,2,"BBBCFFX","","","","43/G","T",1,0,0,0,0,"F"
0,2,2,2,"BBCSFS","","","","K","T",1,0,0,0,0,"F"
1,0,0,2,"CSS","","","","K","T",1,0,0,0,0,"F"
1,1,0,1,"CX","","","","S7/L","T",0,1,0,0,0,"F"
1,1,3,1,"BF1BBX","sancc001","","","D7/F.1-3","T",0,2,3,0,0,"F"
1,1,1,2,"CBFFX","","delmn001","sancc001","8/L/SF.3-H;2-3","T",1,0,0,3,4,"F"
1,2,3,2,"CC*BB*BFFS","","","delmn001","K","T",1,0,0,0,3,"F"
0,0,0,1,"CX","","","","53/G","T",1,0,0,0,0,"F"
0,1,1,2,"CCBFFFFS","","","","K","T",1,0,0,0,0,"F"
0,2,2,2,"CBSBS","","","","K","T",1,0,0,0,0,"F"
1,0,0,0,"X","","","","S9/L","T",0,1,0,0,0,"F"
1,0,3,2,"BBBCSF>B","andet001","","","W.1-2","T",0,1,2,0,0,"F"
1,0,0,2,"CSC","moncy001","andet001","","K","T",1,0,1,2,0,"F"
1,1,0,0,"X","moncy001","andet001","","64(1)3/GDP","T",2,0,0,2,0,"F"
0,0,1,2,"CCBX","","","","3/G","T",1,0,0,0,0,"F"
0,1,0,0,"X","","","","7/F7LF","T",1,0,0,0,0,"F"
0,2,2,2,"BCBSS","","","","K","T",1,0,0,0,0,"F"
1,0,2,2,"CBFBX","","","","63/G","T",1,0,0,0,0,"F"
1,1,0,2,"SCX","","","","S7/L","T",0,1,0,0,0,"F"
1,1,0,0,"X","sancc001","","","8/F","T",1,0,1,0,0,"F"
1,2,3,2,"BSBBS>C","sancc001","","","K","T",1,0,1,0,0,"F"
0,0,1,2,"CBSFFFX","","","","E5/TH/G","T",0,1,0,0,0,"F"
0,0,1,1,"SBX","bogax001","","","53/G.1-2","T",1,0,2,0,0,"F"
0,1,1,2,"CCBS","","bogax001","","K","T",1,0,0,2,0,"F"
0,2,2,2,"CF*BFF*BFX","","bogax001","","S7/L.2-3","T",0,1,0,3,0,"F"
0,2,1,2,"SBSH","kinsi001","","bogax001","HP.1-2","T",0,1,2,0,3,"F"
0,2,1,1,"CBX","leons001","kinsi001","bogax001","3/G","T",1,0,1,2,3,"F"
1,0,1,2,"SFBS","","","","K","T",1,0,0,0,0,"F"
1,1,0,1,"CX","","","","63/G","T",1,0,0,0,0,"F"
1,2,2,2,"BBSFX","","","","7/F","T",1,0,0,0,0,"F"
0,0,3,2,"CBBBFFX","","","","S7/L","T",0,1,0,0,0,"F"
0,0,1,2,"FBFC","bettm001","","","K","T",1,0,1,0,0,"F"
0,1,0,0,"X","bettm001","","","9/F","T",1,0,1,0,0,"F"
0,2,0,1,"CX","bettm001","","","43/G","T",1,0,1,0,0,"F"
1,0,3,2,"CBFFFBBB","","","","W","T",0,1,0,0,0,"F"
1,0,1,2,".CCF1BX","davim005","","","54(1)3/GDP","T",2,0,0,0,0,"F"
1,2,1,2,"FSBS","","","","K","T",1,0,0,0,0,"F"
0,0,2,1,"BBFX","","","","5/P5F","T",1,0,0,0,0,"F"
0,1,3,2,"BCBSBB","","","","W","T",0,1,0,0,0,"F"
0,1,1,0,".1BX","holtb002","","","S9/L.1-3","T",0,1,3,0,0,"F"
0,1,1,1,".CBX","kinsi001","","holtb002","S8/G.3-H;1-3","T",0,1,3,0,4,"F"
0,1,1,0,"BX","swihb001","","kinsi001","8/F/SF.3-H","T",1,0,1,0,4,"F"
0,2,1,1,"11BCX","swihb001","","","HR/7/F.1-H","T",0,4,4,0,0,"F"
0,2,1,2,"BCFS","","","","K","T",1,0,0,0,0,"F"
1,0,0,0,"..X","","","","S8/L","T",0,1,0,0,0,"F"
1,0,0,0,"X","sancc001","","","9/F","T",1,0,1,0,0,"F"
1,1,3,2,"SSBBB>C","sancc001","","","K+SB2","T",1,0,2,0,0,"F"
1,2,2,2,"FCBFFFF*BS","","sancc001","","K","T",1,0,0,2,0,"F"
0,0,2,2,".CSBBFX","","","","9/F","T",1,0,0,0,0,"F"
0,1,3,2,"BFBFFFBX","","","","4/P","T",1,0,0,0,0,"F"
0,2,0,1,"FX","","","","4/P","T",1,0,0,0,0,"F"
1,0,0,2,".SSFFS","","","","K","T",1,0,0,0,0,"F"
1,1,2,1,"FBBX","","","","5/P","T",1,0,0,0,0,"F"
1,2,0,0,"X","","","","63/G","T",1,0,0,0,0,"F"
0,0,2,2,".CBBCC","","","","K","T",1,0,0,0,0,"F"
0,1,3,2,"CFBBBX","","","","S8/L","T",0,1,0,0,0,"F"
0,1,3,2,"111C1BBTB>F11FB","kinsi001","","","W.1-2","T",0,1,2,0,0,"F"
0,1,2,2,"CBBFFX","swihb001","kinsi001","","S9/L.2-H;1-3","T",0,1,3,4,0,"F"
0,1,1,2,"BCCS","bradj001","","swihb001","K","T",1,0,1,0,3,"F"
0,2,0,1,"1CX","bradj001","","swihb001","S8/G.3-H;1-3","T",0,1,3,0,4,"F"
0,2,2,1,"BBFX","benia002","","bradj001","HR/89/F.3-H;1-H","T",0,4,4,0,4,"F"
0,2,3,1,"CBBBB","","","","W","T",0,1,0,0,0,"F"
0,2,2,2,".FBFFBB","bogax001","","","WP.1-2","F",0,0,2,0,0,"F"
0,2,3,2,".FBFFBB.FB","","bogax001","","W","T",0,1,0,2,0,"F"
0,2,2,2,"CBBCX","nunee002","bogax001","","46(1)/FO/G","T",1,1,0,2,0,"F"
1,0,0,2,".CFFX","","","","43/G","T",1,0,0,0,0,"F"
1,1,2,2,"BCBCX","","","","S5/G","T",0,1,0,0,0,"F"
1,1,1,2,"CFBX","engea001","","","16(1)/FO/G-","T",1,1,0,0,0,"F"
1,2,0,0,">B","sancc001","","","DI.1-2","F",0,0,2,0,0,"F"
1,2,2,2,">B.CSBS","","sancc001","","K","T",1,0,0,2,0,"F"
0,0,0,0,"H","","","","HP","T",0,1,0,0,0,"T"
0,0,3,0,"BBBB","bettm001","","","W.1-2","T",0,1,2,0,0,"F"
0,0,2,1,"BCBN","benia002","bettm001","","CS3(14)","F",1,0,1,0,0,"F"
0,1,2,2,"BCBN.CX","benia002","","","9/F","T",1,0,1,0,0,"F"
0,2,1,0,"B1X","benia002","","","4/P","T",1,0,1,0,0,"F"
1,0,2,2,"BBCCFH","","","","HP","T",0,1,0,0,0,"F"
1,0,0,0,"X","sancc001","","","7/F","T",1,0,1,0,0,"F"
1,1,0,2,"FFX","sancc001","","","D7/G.1-H","T",0,2,4,0,0,"F"
1,1,2,1,"BFBX","","garca003","","8/F.2-3","T",1,0,0,3,0,"F"
1,2,1,2,"FBFX","","","garca003","HR/7/F.3-H","T",0,4,0,0,4,"F"
1,2,1,0,"BX","","","","63/G","T",1,0,0,0,0,"F"
0,0,0,1,"SX","","","","3/P3F","T",1,0,0,0,0,"F"
0,1,0,2,"CCFFC","","","","K","T",1,0,0,0,0,"F"
0,2,1,0,"BX","","","","D8/L+","T",0,2,0,0,0,"F"
0,2,1,2,"BFFH","","kinsi001","","HP","T",0,1,0,2,0,"F"
0,2,0,0,"X","leons001","kinsi001","","4/P","T",1,0,1,2,0,"F"
1,0,0,0,"X","","","","43/G+","T",1,0,0,0,0,"F"
1,1,1,0,"BX","","","","DGR/9/L/FINT","T",0,2,0,0,0,"F"
1,1,1,2,"CFBX","","smitk002","","9/F","T",1,0,0,2,0,"F"
1,2,2,2,"FBFBX","","smitk002","","7/L","T",1,0,0,2,0,"F"
0,0,2,2,"CCBBFX","","","","53/G","T",1,0,0,0,0,"F"
0,1,0,0,"X","","","","5/P5F","T",1,0,0,0,0,"F"
0,2,1,1,"CBX","","","","63/G","T",1,0,0,0,0,"F"
1,0,2,2,"BFB.FS","","","","K","T",1,0,0,0,0,"F"
1,1,1,0,"BX","","","","D7/L+","T",0,2,0,0,0,"F"
1,1,0,0,"H","","garca003","","HP","T",0,1,0,2,0,"F"
1,1,3,2,"CCBBF*BS","palkd001","garca003","","K","T",1,0,1,2,0,"F"
1,2,0,0,"X","palkd001","garca003","","S9/L.2-3;1-2","T",0,1,2,3,0,"F"
1,2,0,2,"CSS","davim005","palkd001","garca003","K","T",1,0,1,2,3,"F"
0,0,0,1,".CX","","","","S8/L","T",0,1,0,0,0,"F"
0,0,1,0,"BX","bogax001","","","S9/L.1-2","T",0,1,2,0,0,"F"
0,0,1,0,"BX","nunee002","bogax001","","43/G.2-3;1-2","T",1,0,2,3,0,"F"
0,1,2,2,"CCBFFFFBFC","","nunee002","bogax001","K","T",1,0,0,2,3,"F"
0,2,2,1,"BCBX","","nunee002","bogax001","8/L+","T",1,0,0,2,3,"F"
1,0,1,1,"CBX","","","","53/G","T",1,0,0,0,0,"F"
1,1,0,1,"CX","","","","S6/G","T",0,1,0,0,0,"F"
1,1,2,2,"BC11B+1CF>FS","engea001","","","K","T",1,0,1,0,0,"F"
1,2,0,1,"1>FX","engea001","","","7/F","T",1,0,1,0,0,"F"
0,0,0,0,"X","","","","8/F+","T",1,0,0,0,0,"F"
0,1,2,0,"BBX","","","","S8/G+","T",0,1,0,0,0,"F"
0,1,2,2,"BBFFC","bettm001","","","K","T",1,0,1,0,0,"F"
0,2,2,2,"CF1FBBS","bettm001","","","K","T",1,0,1,0,0,"F"
1,0,0,1,"FX","","","","6/L+","T",1,0,0,0,0,"F"
1,1,1,2,"CBTFS","","","","K","T",1,0,0,0,0,"F"
1,2,1,0,"BX","","","","S7/L","T",0,1,0,0,0,"F"
1,2,2,1,"*BFBX","moncy001","","","S9/L+.1-3;BX2(96)","T",1,0,3,0,0,"F"
0,0,3,2,"CFBFBBX","","","","13/G-","T",1,0,0,0,0,"F"
0,1,3,2,"BCCFFBFBX","","","","3/P3F","T",1,0,0,0,0,"F"
0,2,0,0,"X","","","","43/G","T",1,0,0,0,0,"F"
1,0,3,2,"BBSBFFX","","","","53/G","T",1,0,0,0,0,"F"
1,1,1,2,"BFFX","","","","S9/L","T",0,1,0,0,0,"F"
1,1,3,2,"BCFFFF*B*BS","smitk002","","","K","T",1,0,1,0,0,"F"
1,2,1,2,"CBFX","smitk002","","","D8/L+.1XH(842)","T",1,2,0,0,0,"F"
0,0,3,2,"BCCBBB","","","","W","T",0,1,0,0,0,"F"
0,0,0,0,"..X","kinsi001","","","7/F","T",1,0,1,0,0,"F"
0,1,0,0,"1>B","kinsi001","","","CS2(26)","F",1,0,0,0,0,"F"
0,2,2,0,"1>B.BX","","","","7/F","T",1,0,0,0,0,"F"
1,0,0,2,"...SCS","","","","K","T",1,0,0,0,0,"F"
1,1,3,2,"CBBFBB","","","","W","T",0,1,0,0,0,"F"
1,1,0,1,"FX","garca003","","","S7/G+.1-2","T",0,1,2,0,0,"F"
1,1,3,2,"S*BBBCS","palkd001","garca003","","K","T",1,0,1,2,0,"F"
1,2,2,2,"BFC*BX","palkd001","garca003","","HR/78/F.2-H;1-H","T",0,4,4,4,0,"F"
1,2,3,1,"BBSBX","","","","S8/G","T",0,1,0,0,0,"F"
1,2,3,2,"CBBF*B>B","andet001","","","W.1-2","T",0,1,2,0,0,"F"
1,2,0,2,"FFFS","smitk002","andet001","","K","T",1,0,1,2,0,"F"
0,0,2,2,".CCBBX","","","","9/F","T",1,0,0,0,0,"F"
0,1,3,1,"BBBCX","","","","HR/7/F","T",0,4,0,0,0,"F"
0,1,0,2,"SCS","","","","K","T",1,0,0,0,0,"F"
0,2,3,2,"BBBCCC","","","","K","T",1,0,0,0,0,"F"
1,0,2,1,"...BBCX","","","","9/F","T",1,0,0,0,0,"F"
1,1,1,2,"BF.FS","","","","K","T",1,0,0,0,0,"F"
1,2,0,1,"FX","","","","S8/L+","T",0,1,0,0,0,"F"
1,2,2,2,"BFBSX","garca003","","","7/F","T",1,0,1,0,0,"F"
0,0,0,0,".X","","","","43/G+","T",1,0,0,0,0,"F"
0,1,0,1,"CX","","","","5/L-","T",1,0,0,0,0,"F"
0,2,2,0,"BBX","","","","9/L","T",1,0,0,0,0,"F"
0,0,3,2,"CBFBBFC","","","","K","T",1,0,0,0,0,"T"
0,1,1,0,"BX","","","","9/F","T",1,0,0,0,0,"F"
0,2,1,2,"CSBX","","","","53/G","T",1,0,0,0,0,"F"
1,0,2,2,"FBBFFS","","","","K","T",1,0,0,0,0,"F"
1,1,1,2,"CFBC","","","","K","T",1,0,0,0,0,"F"
1,2,3,2,"BBCSBS","","","","K","T",1,0,0,0,0,"F"
0,0,1,2,"BCFS","","","","K","T",1,0,0,0,0,"F"
0,1,0,2,"CSS","","","","K","T",1,0,0,0,0,"F"
0,2,2,1,"BBFX","","","","7/F","T",1,0,0,0,0,"F"
1,0,3,2,"BBSSBS","","","","K","T",1,0,0,0,0,"F"
1,1,1,2,"CSBX","","","","3/P3F","T",1,0,0,0,0,"F"
1,2,3,2,"BCCBBS","","","","K","T",1,0,0,0,0,"F"
0,0,0,2,"CSX","","","","8/L","T",1,0,0,0,0,"F"
0,1,2,0,"BBX","","","","3/P","T",1,0,0,0,0,"F"
0,2,0,0,"X","","","","T8/L+","T",0,3,0,0,0,"F"
0,2,2,2,"*BCBCFX","","","bradj001","7/L","T",1,0,0,0,3,"F"
1,0,1,2,"CCBC","","","","K","T",1,0,0,0,0,"F"
1,1,0,0,"X","","","","8/F","T",1,0,0,0,0,"F"
1,2,1,2,"CBFFFS","","","","K","T",1,0,0,0,0,"F"
0,0,1,1,"BCX","","","","7/F","T",1,0,0,0,0,"F"
0,1,2,2,"BSBFFH","","","","HP","T",0,1,0,0,0,"F"
0,1,0,1,"FX","pears001","","","53/G.1-2","T",1,0,2,0,0,"F"
0,2,1,1,"BCX","","pears001","","4/P3F","T",1,0,0,2,0,"F"
1,0,1,2,"TBFC","","","","K","T",1,0,0,0,0,"F"
1,1,1,2,"FFBC","","","","K","T",1,0,0,0,0,"F"
1,2,0,2,"SCS","","","","K","T",1,0,0,0,0,"F"
0,0,2,1,"BFBX","","","","HR/78/L","T",0,4,0,0,0,"F"
0,0,1,1,"BCX","","","","53/G","T",1,0,0,0,0,"F"
0,1,1,2,"BCFS","","","","K","T",1,0,0,0,0,"F"
0,2,0,0,"X","","","","HR/89/F","T",0,4,0,0,0,"F"
0,2,3,2,"CBBBCFFFFFX","","","","E5/TH/G","T",0,1,0,0,0,"F"
0,2,0,0,"X","bettm001","","","8/F","T",1,0,1,0,0,"F"
1,0,2,1,"BBFX","","","","S9/L","T",0,1,0,0,0,"F"
1,0,1,2,"BCFX","davim005","","","46(1)3/GDP","T",2,0,0,0,0,"F"
1,2,3,2,"SBFBBFB","","","","W","T",0,1,0,0,0,"F"
1,2,2,2,"BBFCFC","lamar001","","","K","T",1,0,1,0,0,"F"
0,0,1,1,"FBX","","","","63/G","T",1,0,0,0,0,"F"
0,1,1,2,"CSBX","","","","S8/G","T",0,1,0,0,0,"F"
0,1,3,0,"BBBB","martj006","","","W.1-2","T",0,1,2,0,0,"F"
0,1,0,0,"X","bogax001","martj006","","43/G-.2-3;1-2","T",1,0,2,3,0,"F"
0,2,0,1,"CX","","bogax001","martj006","4/P","T",1,0,0,2,3,"F"
1,0,3,2,"BCBFBFX","","","","S4/G","T",0,1,0,0,0,"F"
1,0,0,1,"SX","sancc001","","","46(1)/FO/G","T",1,1,0,0,0,"F"
1,1,0,2,"FFS","engea001","","","K","T",1,0,1,0,0,"F"
1,2,1,1,"BFX","engea001","","","D7/L.1-H","T",0,2,4,0,0,"F"
1,2,0,2,".CSFS","","delmn001","","K","T",1,0,0,2,0,"F"
0,0,3,2,"..SFBFBFB.B","","","","W","T",0,1,0,0,0,"F"
0,0,1,1,"BTX","vazqc001","","","7/F","T",1,0,1,0,0,"F"
0,1,1,1,"BCX","vazqc001","","","D7/G+.1-3","T",0,2,3,0,0,"F"
0,1,0,1,"FX","","bettm001","vazqc001","E1/TH/G.3-H(NR);2-3;B-2","T",0,2,0,3,4,"F"
0,1,2,1,"*BBCX","","benia002","bettm001","S7/G.3-H;2-3","T",0,1,0,3,4,"F"
0,1,1,0,".1BX","pears001","","benia002","S8/G.3-H(UR);1-2","T",0,1,2,0,5,"F"
0,1,0,1,"CX","martj006","pears001","","5(2)3/GDP","T",2,0,1,0,0,"F"
1,0,3,2,".BFSFBFBX","","","","S8/L+","T",0,1,0,0,0,"F"
1,0,0,0,"X","davim005","","","S7/G+.1-2","T",0,1,2,0,0,"F"
1,0,1,0,"BX","moncy001","davim005","","31/G+.2-3;1-2","T",1,0,2,3,0,"F"
1,1,1,2,"C*BTS","","moncy001","davim005","K","T",1,0,0,2,3,"F"
1,2,1,2,"CFBS","","moncy001","davim005","K","T",1,0,0,2,3,"F"
0,0,1,0,"BX","","","","8/L+","T",1,0,0,0,0,"F"
0,1,3,0,"BBBX","","","","HR/7/F","T",0,4,0,0,0,"F"
0,1,1,2,"CBCX","","","","3/L","T",1,0,0,0,0,"F"
0,2,1,0,".BX","","","","8/F","T",1,0,0,0,0,"F"
1,0,1,1,".SBX","","","","9/F9LF","T",1,0,0,0,0,"F"
1,1,3,2,"BBSBFC","","","","K","T",1,0,0,0,0,"F"
1,2,2,2,"BCBSS","","","","K","T",1,0,0,0,0,"F"
0,0,3,2,"BBBCFX","","","","S8/G","T",0,1,0,0,0,"F"
0,0,2,2,"BBCFT","bettm001","","","K","T",1,0,1,0,0,"F"
0,1,2,2,"BBCSX","bettm001","","","6(1)3/GDP","T",2,0,0,0,0,"F"
1,0,0,1,".CX","","","","7/F","T",1,0,0,0,0,"F"
1,1,2,1,"CBBX","","","","9/F+","T",1,0,0,0,0,"F"
1,2,2,2,"BCBFS","","","","K","T",1,0,0,0,0,"F"
0,0,1,0,"BX","","","","9/F","T",1,0,0,0,0,"T"
0,1,1,2,"CBCX","","","","S9/L+","T",0,1,0,0,0,"F"
0,1,0,2,"CCX","bogax001","","","7/F","T",1,0,1,0,0,"F"
0,2,2,1,"SB*BB","bogax001","","","WP.1-2","F",0,0,2,0,0,"F"
0,2,3,2,"SB*BB.SB","","bogax001","","W","T",0,1,0,2,0,"F"
0,2,1,0,"*BX","martj006","bogax001","","8/L","T",1,0,1,2,0,"F"
1,0,1,2,"CCBS","","","","K","T",1,0,0,0,0,"F"
1,1,0,0,"X","","","","HR/8/F","T",0,4,0,0,0,"F"
1,1,1,2,"CSBFX","","","","S7/L+","T",0,1,0,0,0,"F"
1,1,0,2,"CFFS","davim005","","","K","T",1,0,1,0,0,"F"
1,2,3,2,"CBBSB>B","davim005","","","W.1-2","T",0,1,2,0,0,"F"
1,2,0,2,"CFFX","rondj002","davim005","","S7/L.2-H;1-2","T",0,1,2,4,0,"F"
1,2,0,0,"X","smitk002","rondj002","","S5/G.2-3;1-2","T",0,1,2,3,0,"F"
1,2,0,1,"SX","moncy001","smitk002","rondj002","7/F","T",1,0,1,2,3,"F"
0,0,3,2,"CBBBFC","","","","K","T",1,0,0,0,0,"F"
0,1,2,2,"BBCFC","","","","K","T",1,0,0,0,0,"F"
0,2,1,1,"BSX","","","","S9/G","T",0,1,0,0,0,"F"
0,2,2,2,"*BBFS*B","swihb001","","","SB2","F",0,0,2,0,0,"F"
0,2,3,2,"*BBFS*B.FFFX","","swihb001","","43/G","T",1,0,0,2,0,"F"
1,0,0,1,"CX","","","","S7/G+","T",0,1,0,0,0,"F"
1,0,0,1,"FX","engea001","","","S7/G+.1-2","T",0,1,2,0,0,"F"
1,0,3,1,"B*BC*BX","lamar001","engea001","","7/F.2-3","T",1,0,1,3,0,"F"
1,1,1,0,"*BX","lamar001","","engea001","D8/L+.3-H;1-H","T",0,2,4,0,4,"F"
1,1,0,0,".X","","davim005","","9/F","T",1,0,0,2,0,"F"
1,2,3,1,"BBBCX","","davim005","","4/P","T",1,0,0,2,0,"F"
0,0,0,2,"CSS","","","","K","T",1,0,0,0,0,"F"
0,1,1,1,"FBX","","","","7/L","T",1,0,0,0,0,"F"
0,2,3,2,"BSFBBB","","","","W","T",0,1,0,0,0,"F"
0,2,1,1,"SBX","morem001","","","8/L","T",1,0,1,0,0,"F"
1,0,3,2,"BBFBFB","","","","W","T",0,1,0,0,0,"F"
1,0,3,2,"BSFBBS","smitk002","","","K","T",1,0,1,0,0,"F"
1,1,1,0,"BX","smitk002","","","64(1)/FO/G","T",1,1,0,0,0,"F"
1,2,1,1,"1BC1>B","sancc001","","","SB2","F",0,0,2,0,0,"F"
1,2,3,2,"1BC1>B.FBF>FX","","sancc001","","S9/L.2-H","T",0,1,0,4,0,"F"
1,2,0,0,">S","engea001","","","SB2","F",0,0,2,0,0,"F"
1,2,2,2,">S.FBBX","","engea001","","53/G","T",1,0,0,2,0,"F"
0,0,3,2,"CBFFFBBFFFX","","","","63/G","T",1,0,0,0,0,"F"
0,1,1,2,"FSBT","","","","K","T",1,0,0,0,0,"F"
0,2,0,0,"H","","","","HP","T",0,1,0,0,0,"F"
0,2,1,0,"BX","holtb002","","","9/F","T",1,0,1,0,0,"F"
1,0,0,2,".CFS","","","","K","T",1,0,0,0,0,"F"
1,1,1,2,"BCFS","","","","K","T",1,0,0,0,0,"F"
1,2,3,2,"BFFBBX","","","","HR/9/F","T",0,4,0,0,0,"F"
1,2,2,2,"BFCBS","","","","K","T",1,0,0,0,0,"F"
0,0,2,2,"FBBCS","","","","K23","T",1,0,0,0,0,"F"
0,1,1,1,"CBX","","","","43/G+","T",1,0,0,0,0,"F"
0,2,0,0,"X","","","","S9/G+","T",0,1,0,0,0,"F"
0,2,3,1,"BBCB>S","bogax001","","","SB2","F",0,0,2,0,0,"F"
0,2,3,2,"BBCB>S.S","","bogax001","","K","T",1,0,0,2,0,"F"
1,0,3,1,"BBTBB","","","","W","T",0,1,0,0,0,"F"
1,0,3,2,"BSBSBS","smitk002","","","K","T",1,0,1,0,0,"F"
1,1,2,1,"SBBX","smitk002","","","S9/G.1-3","T",0,1,3,0,0,"F"
1,1,0,2,"SSS","sancc001","","smitk002","K","T",1,0,1,0,3,"F"
1,2,2,2,"CBBFFX","sancc001","","smitk002","31/G","T",1,0,1,0,3,"F"
0,0,1,0,"BX","","","","S6/G","T",0,1,0,0,0,"F"
0,0,0,0,"X","martj006","","","6(1)3/GDP","T",2,0,0,0,0,"F"
0,2,1,0,"BX","","","","4/P","T",1,0,0,0,0,"F"
1,0,1,1,"SBX","","","","D7/L","T",0,2,0,0,0,"F"
1,0,1,0,"BH","","andet001","","HP","T",0,1,0,2,0,"F"
1,0,0,1,"SX","davim005","andet001","","9/F.2-3","T",1,0,1,3,0,"F"
1,1,1,2,"*BFCX","davim005","","andet001","16(1)/FO/G.3-H","T",1,1,0,0,4,"F"
1,2,1,0,"*BB","rondj002","","","WP.1-2","F",0,0,2,0,0,"F"
1,2,3,0,"*BB..BB","","rondj002","","W","T",0,1,0,2,0,"F"
1,2,1,0,"BX","smitk002","rondj002","","S6/G+.2-3;1-2","T",0,1,2,3,0,"F"
1,2,3,1,"BBCBX","moncy001","smitk002","rondj002","7/F","T",1,0,1,2,3,"F"
0,0,1,0,"...BX","","","","43/G","T",1,0,0,0,0,"F"
0,1,0,2,"CFFS","","","","K","T",1,0,0,0,0,"F"
0,2,1,2,"SCBS","","","","K","T",1,0,0,0,0,"F"
1,0,3,2,".......BSFFFBBS","","","","K","T",1,0,0,0,0,"F"
1,1,1,1,"CBH","","","","HP","T",0,1,0,0,0,"F"
1,1,1,0,"*BX","delmn001","","","D9/L.1-3","T",0,2,3,0,0,"F"
1,1,3,2,"BSBBSC","","andet001","delmn001","K","T",1,0,0,2,3,"F"
1,2,0,2,"CCS","","andet001","delmn001","K","T",1,0,0,2,3,"F"
0,0,1,2,".CFFBS","","","","K","T",1,0,0,0,0,"F"
0,1,1,2,".CBFFC","","","","K","T",1,0,0,0,0,"F"
0,2,2,1,"FBBX","","","","9/F","T",1,0,0,0,0,"F"
1,0,1,1,".BTX","","","","S7/G","T",0,1,0,0,0,"F"
1,0,3,2,"BCF*BBX","rondj002","","","8/L+","T",1,0,1,0,0,"F"
1,1,0,1,"CX","rondj002","","","13/G-.1-2","T",1,0,2,0,0,"F"
1,2,1,2,"BCCB","","rondj002","","PB.2-3","F",0,0,0,3,0,"F"
1,2,3,2,"BCCB.F*BX","","","rondj002","S9/L+.3-H","T",0,1,0,0,4,"F"
1,2,2,2,"BFSBS","sancc001","","","K","T",1,0,1,0,0,"F"
0,0,0,0,".X","","","","S9/L","T",0,1,0,0,0,"F"
0,0,1,2,"BCFT","martj006","","","K","T",1,0,1,0,0,"F"
0,1,2,2,".FFBBS","martj006","","","K","T",1,0,1,0,0,"F"
0,2,0,1,"C>B","martj006","","","DI.1-2","F",0,0,2,0,0,"F"
0,2,3,2,"C>B.BCFBFB","","martj006","","W","T",0,1,0,2,0,"F"
0,2,1,0,"BX","holtb002","martj006","","2/P2F","T",1,0,1,2,0,"F"
0,0,2,1,"BSBX","","","","S7/G","T",0,1,0,0,0,"T"
0,0,0,2,"F1SC","candj002","","","K","T",1,0,1,0,0,"F"
0,1,0,0,"X","candj002","","","8/F","T",1,0,1,0,0,"F"
0,2,3,2,"BCBBF>S","candj002","","","K","T",1,0,1,0,0,"F"
1,0,0,0,"X","","","","HR/8/F","T",0,4,0,0,0,"F"
1,0,0,0,"X","","","","9/F","T",1,0,0,0,0,"F"
1,1,2,2,"BBSFFX","","","","8/L","T",1,0,0,0,0,"F"
1,2,2,1,"BFBX","","","","31/G","T",1,0,0,0,0,"F"
0,0,2,2,"FBFFFFBC","","","","K","T",1,0,0,0,0,"F"
0,1,2,1,"BSBX","","","","7/F","T",1,0,0,0,0,"F"
0,2,0,2,"SSX","","","","3/P","T",1,0,0,0,0,"F"
1,0,0,2,"FSX","","","","8/L","T",1,0,0,0,0,"F"
1,1,2,1,"SBBX","","","","43/G","T",1,0,0,0,0,"F"
1,2,3,2,"BBFSBB","","","","W","T",0,1,0,0,0,"F"
1,2,1,2,"BF1FF1S","moncy001","","","K","T",1,0,1,0,0,"F"
0,0,0,0,"X","","","","6/P","T",1,0,0,0,0,"F"
0,1,1,2,"CBSFX","","","","T8/F","T",0,3,0,0,0,"F"
0,1,2,2,"CBBSS","","","reyev001","K","T",1,0,0,0,3,"F"
0,2,0,2,"CFH","","","reyev001","HP","T",0,1,0,0,3,"F"
0,2,3,2,"1BF11BS1B>F>S","jonej006","","reyev001","K","T",1,0,1,0,3,"F"
1,0,0,2,"CSX","","","","13/G-","T",1,0,0,0,0,"F"
1,1,2,2,"BBFFFS","","","","K","T",1,0,0,0,0,"F"
1,2,3,2,"CSBBBB","","","","W","T",0,1,0,0,0,"F"
1,2,3,2,"BCB*BS*B","sancc001","","","W.1-2","T",0,1,2,0,0,"F"
1,2,0,0,"X","narvo001","sancc001","","6(1)/FO/G","T",1,1,0,2,0,"F"
0,0,3,1,"BBFBX","","","","8/F","T",1,0,0,0,0,"F"
0,1,1,1,"BFX","","","","8/F","T",1,0,0,0,0,"F"
0,2,1,2,"CFFBC","","","","K","T",1,0,0,0,0,"F"
1,0,1,2,"CBSC","","","","K","T",1,0,0,0,0,"F"
1,1,3,2,"SBBSFBFB","","","","W","T",0,1,0,0,0,"F"
1,1,2,1,"BBCX","davim005","","","8/F","T",1,0,1,0,0,"F"
1,2,1,2,"BFCFX","davim005","","","64(1)/FO/G","T",1,1,0,0,0,"F"
0,0,2,2,"CBFBFX","","","","63/G","T",1,0,0,0,0,"F"
0,1,3,2,"CBFBBX","","","","53/G","T",1,0,0,0,0,"F"
0,2,1,1,"CBX","","","","63/G","T",1,0,0,0,0,"F"
1,0,2,2,"CTBFFBS","","","","K","T",1,0,0,0,0,"F"
1,1,0,0,"X","","","","3/G","T",1,0,0,0,0,"F"
1,2,2,2,"BBFFX","","","","3/G","T",1,0,0,0,0,"F"
0,0,2,1,"BBFX","","","","13/G","T",1,0,0,0,0,"F"
0,1,0,1,"FX","","","","S6/G","T",0,1,0,0,0,"F"
0,1,0,0,"1X","jonej006","","","9/F","T",1,0,1,0,0,"F"
0,2,1,0,"BX","jonej006","","","9/F9LF","T",1,0,1,0,0,"F"
1,0,2,2,"CSBBS","","","","K","T",1,0,0,0,0,"F"
1,1,2,2,"BFCBX","","","","13/L+","T",1,0,0,0,0,"F"
1,2,3,2,".CBBBSFX","","","","8/F","T",1,0,0,0,0,"F"
0,0,1,0,"BX","","","","HR/8/F","T",0,4,0,0,0,"F"
0,0,2,0,"BBX","","","","8/F","T",1,0,0,0,0,"F"
0,1,2,2,"CSBBX","","","","7/L","T",1,0,0,0,0,"F"
0,2,0,0,"X","","","","8/L","T",1,0,0,0,0,"F"
1,0,1,0,"..BX","","","","6/L+","T",1,0,0,0,0,"F"
1,1,2,1,"BCBX","","","","13/G-","T",1,0,0,0,0,"F"
1,2,0,1,"CX","","","","D9/L","T",0,2,0,0,0,"F"
1,2,0,2,"CCC","","andet001","","K","T",1,0,0,2,0,"F"
0,0,1,2,".CFFFBS","","","","K","T",1,0,0,0,0,"F"
0,1,1,1,"BCX","","","","31/G","T",1,0,0,0,0,"F"
0,2,0,0,"X","","","","53/G","T",1,0,0,0,0,"F"
1,0,1,2,"CBSS","","","","K","T",1,0,0,0,0,"F"
1,1,2,2,"CCBBX","","","","9/L","T",1,0,0,0,0,"F"
1,2,3,2,"BSBBFFFS","","","","K","T",1,0,0,0,0,"F"
0,0,1,2,"SCBS","","","","K","T",1,0,0,0,0,"F"
0,1,3,1,".BBBCX","","","","HR/7/L","T",0,4,0,0,0,"F"
0,1,3,2,"BCFBFBX","","","","53/G","T",1,0,0,0,0,"F"
0,2,2,1,"SBBX","","","","63/G","T",1,0,0,0,0,"F"
1,0,2,2,".BCSFBX","","","","HR/78/F","T",0,4,0,0,0,"F"
1,0,2,2,"CBBFFX","","","","S9/G","T",0,1,0,0,0,"F"
1,0,0,0,".X","cordr001","","","HR/7/L.1-H","T",0,4,4,0,0,"F"
0,0,0,0,"X","","","","9/F","T",1,0,0,0,0,"T"
0,1,1,2,"BFTFC","","","","K","T",1,0,0,0,0,"F"
0,2,1,2,"FFBS","","","","K","T",1,0,0,0,0,"F"
1,0,0,0,"X","","","","S8/L","T",0,1,0,0,0,"F"
1,0,3,1,"1BBBCX","andet001","","","9/F","T",1,0,1,0,0,"F"
1,1,2,1,"11BBC1X","andet001","","","9/F","T",1,0,1,0,0,"F"
1,2,2,2,"CBBSX","andet001","","","4(1)/FO/G","T",1,1,0,0,0,"F"
0,0,3,2,"BCBCFFFBFFX","","","","S7/L","T",0,1,0,0,0,"F"
0,0,2,2,"CCBBX","martv001","","","S9/L+.1-2","T",0,1,2,0,0,"F"
0,0,3,2,"CBBBFFB","goodn002","martv001","","W.2-3;1-2","T",0,1,2,3,0,"F"
0,0,1,2,"BFCX","mahtm001","goodn002","martv001","D9/F.3-H;2-H;1-3","T",0,2,3,4,4,"F"
0,0,2,2,"FSBFF*BS","","greig001","mahtm001","K","T",1,0,0,2,3,"F"
0,1,1,0,"*BX","","greig001","mahtm001","D8/L+.3-H;2-H;B-3(E8)","T",0,3,0,4,4,"F"
0,1,3,0,"BBBB","","","lugod001","W","T",0,1,0,0,3,"F"
0,1,1,2,".BSFF1FFFX","candj002","","lugod001","46(1)/FO/G.3-H(UR)","T",1,1,0,0,5,"F"
0,2,0,0,"X","adduj002","","","8/F","T",1,0,1,0,0,"F"
1,0,0,1,"CX","","","","23/G-","T",1,0,0,0,0,"F"
1,1,0,2,"CSX","","","","53/G","T",1,0,0,0,0,"F"
1,2,1,2,"BSCX","","","","D8/L","T",0,2,0,0,0,"F"
1,2,0,0,"X","","lamar001","","53/G","T",1,0,0,2,0,"F"
0,0,1,2,"CSBFFX","","","","63/G","T",1,0,0,0,0,"F"
0,1,3,2,"FBFBFFFBB","","","","W","T",0,1,0,0,0,"F"
0,1,2,2,"11CCBFB>B","goodn002","","","SB2","F",0,0,2,0,0,"F"
0,1,3,2,"11CCBFB>B.S","","goodn002","","K","T",1,0,0,2,0,"F"
0,2,2,0,"BB+2F","","goodn002","","FLE2","F",0,0,0,2,0,"F"
0,2,2,1,"BB+2FX","","goodn002","","S9/L.2-H(UR)","T",0,1,0,5,0,"F"
0,2,1,2,"SBCC","greig001","","","K","T",1,0,1,0,0,"F"
1,0,0,2,"CFS","","","","K","T",1,0,0,0,0,"F"
1,1,0,1,"CX","","","","S9/L","T",0,1,0,0,0,"F"
1,1,1,2,"BCFT","andet001","","","K","T",1,0,1,0,0,"F"
1,2,3,2,"CBBBS>F>F>S","andet001","","","K","T",1,0,1,0,0,"F"
0,0,3,2,"FFBBBX","","","","9/F","T",1,0,0,0,0,"F"
0,1,2,2,"CBSFBFS","","","","K","T",1,0,0,0,0,"F"
0,2,0,2,"SFX","","","","5/P","T",1,0,0,0,0,"F"
1,0,3,0,"BBBB","","","","W","T",0,1,0,0,0,"F"
1,0,1,2,"BCFB","davim005","","","WP.1-2","F",0,0,2,0,0,"F"
1,0,2,2,"BCFB.FX","","davim005","","S7/G+.2-3","T",0,1,0,3,0,"F"
1,0,2,2,"BSFBX","smitk002","","davim005","S9/L.3-H;1-2","T",0,1,2,0,4,"F"
1,0,0,2,"CFFS","moncy001","smitk002","","K","T",1,0,1,2,0,"F"
1,1,1,1,"BFX","moncy001","smitk002","","1E3/G.2-H(NR)(UR);1-3;B-2","T",0,2,3,5,0,"F"
1,1,0,1,"FX","","engea001","moncy001","9/F/SF.3-H(UR);2-3","T",1,0,0,3,5,"F"
1,2,3,2,"BS*BF*BFFS","","","engea001","K","T",1,0,0,0,3,"F"
0,0,2,2,".CTFBBFFFS","","","","K","T",1,0,0,0,0,"F"
0,1,3,2,"SFBBFFBFS","","","","K","T",1,0,0,0,0,"F"
0,2,0,2,"SSS","","","","K","T",1,0,0,0,0,"F"
1,0,3,2,"BBFBFX","","","","53/G","T",1,0,0,0,0,"F"
1,1,1,1,"BFX","","","","9/F","T",1,0,0,0,0,"F"
1,2,2,1,"CBBX","","","","S7/G+","T",0,1,0,0,0,"F"
1,2,1,0,"*BX","davim005","","","53/G","T",1,0,1,0,0,"F"
0,0,3,2,"CBCBFBX","","","","S8/G+","T",0,1,0,0,0,"F"
0,0,0,1,"F>B","mahtm001","","","SB2","F",0,0,2,0,0,"F"
0,0,2,2,"F>B.FBS","","mahtm001","","K","T",1,0,0,2,0,"F"
0,1,1,2,"BSCH","","mahtm001","","HP","T",0,1,0,2,0,"F"
0,1,0,2,"SFC","jonej006","mahtm001","","K","T",1,0,1,2,0,"F"
0,2,2,2,".SBS*BN","jonej006","mahtm001","","BK.2-3;1-2","F",0,0,2,3,0,"F"
0,2,2,2,".SBS*BN.S","","jonej006","mahtm001","K","T",1,0,0,2,3,"F"
1,0,1,2,".CBFX","","","","9/F","T",1,0,0,0,0,"F"
1,1,2,2,"FBBCX","","","","43/G","T",1,0,0,0,0,"F"
1,2,0,1,"CX","","","","9/F","T",1,0,0,0,0,"F"
0,0,0,2,"FCS","","","","K","T",1,0,0,0,0,"F"
0,1,3,2,"BFBBSX","","","","53/G","T",1,0,0,0,0,"F"
0,2,0,0,"X","","","","63/G","T",1,0,0,0,0,"F"
1,0,0,0,"X","","","","2/P","T",1,0,0,0,0,"F"
1,1,3,2,"CBFBBX","","","","53/G","T",1,0,0,0,0,"F"
1,2,1,1,"BCX","","","","S6/L","T",0,1,0,0,0,"F"
1,2,1,0,"BX","rondj002","","","9/L","T",1,0,1,0,0,"F"
0,0,1,2,"CFBX","","","","S9/L","T",0,1,0,0,0,"F"
0,0,0,1,".11FX","goodn002","","","HR/78/F.1-H","T",0,4,4,0,0,"F"
0,0,2,2,"FFBBS","","","","K","T",1,0,0,0,0,"F"
0,1,1,2,"SBCC","","","","K","T",1,0,0,0,0,"F"
0,2,1,0,"BX","","","","S7/L+.BX2(74)","T",1,0,0,0,0,"F"
1,0,0,0,".X","","","","3/P3F","T",1,0,0,0,0,"F"
1,1,2,2,".CBBFC","","","","K","T",1,0,0,0,0,"F"
1,2,2,2,"CBBCS","","","","K","T",1,0,0,0,0,"F"
0,0,2,1,"..FBBX","","","","43/G","T",1,0,0,0,0,"F"
0,1,0,0,"X","","","","S8/L","T",0,1,0,0,0,"F"
0,1,2,1,"FBBX","adduj002","","","9/F","T",1,0,1,0,0,"F"
0,2,2,1,"BCBX","adduj002","","","S9/L+.1-3","T",0,1,3,0,0,"F"
0,2,2,2,".SCFBBS","reyev001","","adduj002","K","T",1,0,1,0,3,"F"
1,0,3,2,"...CSBFFFFBBFC","","","","K","T",1,0,0,0,0,"F"
1,1,1,1,"CBX","","","","9/F","T",1,0,0,0,0,"F"
1,2,1,1,"BCX","","","","63/G","T",1,0,0,0,0,"F"
0,0,2,2,"FSBBX","","","","HR/9/F","T",0,4,0,0,0,"T"
0,0,0,1,"FX","","","","43/G","T",1,0,0,0,0,"F"
0,1,0,0,"X","","","","S8/L+","T",0,1,0,0,0,"F"
0,1,2,2,"BCFBS","castn001","","","K","T",1,0,1,0,0,"F"
0,2,2,2,"1CCBBC","castn001","","","K","T",1,0,1,0,0,"F"
1,0,3,2,"CFBBFBX","","","","43/G","T",1,0,0,0,0,"F"
1,1,2,1,"BBCX","","","","43/G","T",1,0,0,0,0,"F"
1,2,0,2,"CCS","","","","K","T",1,0,0,0,0,"F"
0,0,1,2,"CBFFX","","","","43/G","T",1,0,0,0,0,"F"
0,1,3,2,"BSFBBFB","","","","W","T",0,1,0,0,0,"F"
0,1,0,2,"1CS*B","rodrr009","","","SB2","F",0,0,2,0,0,"F"
0,1,1,2,"1CS*B.X","","rodrr009","","5/L+","T",1,0,0,2,0,"F"
0,2,2,2,"C*BFBFS","","rodrr009","","K","T",1,0,0,2,0,"F"
1,0,1,1,"BFX","","","","S9/L+","T",0,1,0,0,0,"F"
1,0,0,1,"FX","palkd001","","","8/F","T",1,0,1,0,0,"F"
1,1,2,1,"BBFX","palkd001","","","5(1)3/GDP","T",2,0,0,0,0,"F"
0,0,2,2,"CBFFFBT","","","","K","T",1,0,0,0,0,"F"
0,1,0,1,"FX","","","","6/P","T",1,0,0,0,0,"F"
0,2,1,1,"CBX","","","","S7/L","T",0,1,0,0,0,"F"
0,2,2,2,"BF1C1BF1S","castn001","","","K","T",1,0,1,0,0,"F"
1,0,3,2,"BBFFFBX","","","","9/L","T",1,0,0,0,0,"F"
1,1,0,1,"CX","","","","S9/L","T",0,1,0,0,0,"F"
1,1,1,2,"FBFS","smitk002","","","K","T",1,0,1,0,0,"F"
1,2,3,2,"CBFFBB>X","smitk002","","","43/G","T",1,0,1,0,0,"F"
0,0,2,0,"BBX","","","","HR/7/F","T",0,4,0,0,0,"F"
0,0,0,2,"CCFX","","","","S9/L","T",0,1,0,0,0,"F"
0,0,0,1,"SX","mccaj001","","","HR/7/L.1-H","T",0,4,4,0,0,"F"
0,0,0,1,"SX","","","","HR/89/F","T",0,4,0,0,0,"F"
0,0,2,1,"CBBX","","","","D9/G","T",0,2,0,0,0,"F"
0,0,3,2,"SBFFBBS","","lugod001","","K","T",1,0,0,2,0,"F"
0,1,0,0,"B","","lugod001","","WP.2-3","F",0,0,0,3,0,"F"
0,1,1,0,"B.X","","","lugod001","D9/L+.3-H","T",0,2,0,0,4,"F"
0,1,1,1,".BFX","","adduj002","","S8/G.2-H","T",0,1,0,4,0,"F"
0,1,3,1,"BBS*BX","castn001","","","13/G-.1-2","T",1,0,2,0,0,"F"
0,2,0,1,"FX","","castn001","","53/G","T",1,0,0,2,0,"F"
1,0,1,2,"CBFX","","","","43/G","T",1,0,0,0,0,"F"
1,1,2,2,"BSSBX","","","","53/G","T",1,0,0,0,0,"F"
1,2,3,2,"BBCBFB","","","","W","T",0,1,0,0,0,"F"
1,2,0,0,"X","palkd001","","","8/F+","T",1,0,1,0,0,"F"
0,0,1,2,"BTFFX","","","","9/F","T",1,0,0,0,0,"F"
0,1,2,2,"BCBSX","","","","63/G","T",1,0,0,0,0,"F"
0,2,0,2,"SSFFX","","","","53/G","T",1,0,0,0,0,"F"
1,0,1,2,"BFFC","","","","K","T",1,0,0,0,0,"F"
1,1,0,0,"X","","","","9/L","T",1,0,0,0,0,"F"
1,2,0,2,"CFX","","","","13/G","T",1,0,0,0,0,"F"
0,0,3,2,".BSFFFBBX","","","","7/F","T",1,0,0,0,0,"F"
0,1,2,2,"BSSBX","","","","S9/L","T",0,1,0,0,0,"F"
0,1,1,1,"SBX","candj002","","","S1/G-.1-2","T",0,1,2,0,0,"F"
0,1,3,0,"*BBBB","adduj002","candj002","","W.2-3;1-2","T",0,1,2,3,0,"F"
0,1,1,0,"BX","castn001","adduj002","candj002","S7/G+.3-H;2-H;1-2","T",0,1,2,4,4,"F"
0,1,1,0,"..BB","reyev001","castn001","","WP.2-3;1-2","F",0,0,2,3,0,"F"
0,1,3,2,"..BB.FC*BFFF*B","","reyev001","castn001","W","T",0,1,0,2,3,"F"
0,1,1,1,"SBX","mahtm001","reyev001","castn001","S7/L.3-H;2-3;1-2","T",0,1,2,3,4,"F"
0,1,1,2,"SBFS","mccaj001","mahtm001","reyev001","K","T",1,0,1,2,3,"F"
0,2,3,2,"*BFFBFB>F>S","mccaj001","mahtm001","reyev001","K","T",1,0,1,2,3,"F"
1,0,1,2,"..CFBX","","","","8/L","T",1,0,0,0,0,"F"
1,1,3,2,"BBFFFB*B","","","","W","T",0,1,0,0,0,"F"
1,1,1,2,"BSSX","delmn001","","","6(1)3/GDP","T",2,0,0,0,0,"F"
0,0,2,2,".FBSBX","","","","3/G","T",1,0,0,0,0,"F"
0,1,2,2,"CCBBFX","","","","53/G","T",1,0,0,0,0,"F"
0,2,0,0,"X","","","","S9/L+","T",0,1,0,0,0,"F"
0,2,2,2,".BBSCFS","adduj002","","","K","T",1,0,1,0,0,"F"
1,0,2,2,".BCFBX","","","","S9/G","T",0,1,0,0,0,"F"
1,0,1,2,"SCBFX","castw002","","","8/L","T",1,0,1,0,0,"F"
1,1,0,0,"X","castw002","","","E6/TH/FO/G.1-H(UR)(NR);B-3","T",0,3,5,0,0,"F"
1,1,2,2,"BCCBX","","","davim005","4/P","T",1,0,0,0,3,"F"
1,2,2,2,"CS*BBX","","","davim005","S8/L.3-H(UR)","T",0,1,0,0,5,"F"
1,2,1,2,"SFBFX","rondj002","","","S7/L.1-2","T",0,1,2,0,0,"F"
1,2,1,1,"SBX","smitk002","rondj002","","53/G","T",1,0,1,2,0,"F"
0,0,3,2,".CBSFBBFFS","","","","K","T",1,0,0,0,0,"F"
0,1,0,0,"X","","","","6/P","T",1,0,0,0,0,"F"
0,2,3,1,"BBBCB","","","","W","T",0,1,0,0,0,"F"
0,2,0,1,"CX","mccaj001","","","9/F","T",1,0,1,0,0,"F"
1,0,1,2,".CSBS","","","","K","T",1,0,0,0,0,"F"
1,1,2,2,"BCBSX","","","","13/G","T",1,0,0,0,0,"F"
1,2,1,2,"CSBS","","","","K","T",1,0,0,0,0,"F"
0,0,0,2,".FFS","","","","K","T",1,0,0,0,0,"F"
0,1,1,0,"BX","","","","53/G+","T",1,0,0,0,0,"F"
0,2,1,0,"BX","","","","D8/L+","T",0,2,0,0,0,"F"
0,2,2,2,"BSS*BS","","candj002","","K","T",1,0,0,2,0,"F"
1,0,1,0,".BX","","","","3/G","T",1,0,0,0,0,"F"
1,1,3,2,"CBCFBFFBB","","","","W","T",0,1,0,0,0,"F"
1,1,1,1,"*BSX","davim005","","","9/L","T",1,0,1,0,0,"F"
1,2,0,1,"FX","davim005","","","64(1)/FO/G","T",1,1,0,0,0,"F"
0,0,1,2,"CBSS","","","","K","T",1,0,0,0,0,"T"
0,1,1,1,"BCX","","","","9/F9LF","T",1,0,0,0,0,"F"
0,2,0,2,"CFS","","","","K","T",1,0,0,0,0,"F"
1,0,0,0,"X","","","","7/F","T",1,0,0,0,0,"F"
1,1,0,2,"CSFC","","","","K","T",1,0,0,0,0,"F"
1,2,1,2,"CBFC","","","","K","T",1,0,0,0,0,"F"
0,0,2,0,"BBX","","","","S7/L","T",0,1,0,0,0,"F"
0,0,1,2,"CCBX","uptoj001","","","56(1)/FO/G","T",1,1,0,0,0,"F"
0,1,3,2,"CFBFBB1X","ohtas001","","","S8/G+.1-2","T",0,1,2,0,0,"F"
0,1,0,0,"X","simma001","ohtas001","","S7/G.2-3;1-2","T",0,1,2,3,0,"F"
0,1,3,2,"CFBBBS","martj007","simma001","ohtas001","K","T",1,0,1,2,3,"F"
0,2,0,0,"X","martj007","simma001","ohtas001","5(2)/FO/G.1-2","T",1,1,2,0,3,"F"
1,0,1,1,"BSX","","","","HR/89/F","T",0,4,0,0,0,"F"
1,0,2,1,"FBBX","","","","163/G","T",1,0,0,0,0,"F"
1,1,3,2,"CBSBBX","","","","53/G","T",1,0,0,0,0,"F"
1,2,3,2,"BFBFBX","","","","31/G","T",1,0,0,0,0,"F"
0,0,3,0,"BBBB","","","","W","T",0,1,0,0,0,"F"
0,0,3,0,"BB1BB","calhk001","","","W.1-2","T",0,1,2,0,0,"F"
0,0,0,2,"CFH","fletd002","calhk001","","HP.2-3;1-2","T",0,1,2,3,0,"F"
0,0,2,0,"BBX","troum001","fletd002","calhk001","8/L/SF.3-H","T",1,0,1,2,4,"F"
0,1,2,0,"BBX","troum001","fletd002","","HR/8/F.2-H;1-H","T",0,4,4,4,0,"F"
0,1,1,0,"BX","","","","8/F","T",1,0,0,0,0,"F"
0,2,1,0,"BX","","","","3/P","T",1,0,0,0,0,"F"
1,0,0,1,"CX","","","","5/P","T",1,0,0,0,0,"F"
1,1,0,0,"X","","","","S5/BG","T",0,1,0,0,0,"F"
1,1,2,2,"1B*BC1T>X","engea001","","","43/G.1-2","T",1,0,2,0,0,"F"
1,2,0,0,"X","","engea001","","7/F","T",1,0,0,2,0,"F"
0,0,3,2,"BBSFBC","","","","K","T",1,0,0,0,0,"F"
0,1,1,2,"FFBX","","","","7/L","T",1,0,0,0,0,"F"
0,2,3,2,"SBBSFBB","","","","W","T",0,1,0,0,0,"F"
0,2,0,0,"1X","calhk001","","","D7/L.1-3","T",0,2,3,0,0,"F"
0,2,3,0,"VVVV","","fletd002","calhk001","IW","T",0,1,0,2,3,"F"
0,2,2,0,"*BBX","troum001","fletd002","calhk001","63/G","T",1,0,1,2,3,"F"
1,0,0,0,"X","","","","9/L","T",1,0,0,0,0,"F"
1,1,1,0,"BH","","","","HP","T",0,1,0,0,0,"F"
1,1,0,0,"X","garca003","","","S9/G.1-2","T",0,1,2,0,0,"F"
1,1,1,2,"CBCS","palkd001","garca003","","K","T",1,0,1,2,0,"F"
1,2,1,0,"BX","palkd001","garca003","","S8/L.2-H;1-2","T",0,1,2,4,0,"F"
1,2,1,0,"BX","narvo001","palkd001","","7/F","T",1,0,1,2,0,"F"
0,0,3,1,"SBBBB","","","","W","T",0,1,0,0,0,"F"
0,0,3,1,"BB1FB1X","ohtas001","","","7/F","T",1,0,1,0,0,"F"
0,1,3,2,"BBBCCFF1>X","ohtas001","","","7/F","T",1,0,1,0,0,"F"
0,2,0,0,"X","ohtas001","","","S7/L+.1-2","T",0,1,2,0,0,"F"
0,2,1,1,".FBX","wardt002","ohtas001","","63/G","T",1,0,1,2,0,"F"
1,0,3,2,"CBBTFBFFFFS","","","","K","T",1,0,0,0,0,"F"
1,1,2,2,"BFBTFX","","","","S3/G","T",0,1,0,0,0,"F"
1,1,0,1,"CX","moncy001","","","6/P","T",1,0,1,0,0,"F"
1,2,1,2,"1CFB1S","moncy001","","","K23","T",1,0,1,0,0,"F"
0,0,1,2,"CBSS","","","","K","T",1,0,0,0,0,"F"
0,1,1,1,"CBX","","","","13/G-","T",1,0,0,0,0,"F"
0,2,1,0,"BX","","","","S6/G.B-2(E6/TH)","T",0,2,0,0,0,"F"
0,2,2,2,"CBBTFFS","","troum001","","K","T",1,0,0,2,0,"F"
1,0,1,1,"BFX","","","","S8/L","T",0,1,0,0,0,"F"
1,0,0,0,"X","garca003","","","7/F7LF","T",1,0,1,0,0,"F"
1,1,0,2,"FCX","garca003","","","S9/L+.1-2","T",0,1,2,0,0,"F"
1,1,3,2,"CB*BFBX","davim005","garca003","","16(1)3/GDP","T",2,0,0,2,0,"F"
0,0,2,2,".CBFFBS","","","","K","T",1,0,0,0,0,"F"
0,1,3,1,"CBBBX","","","","HR/78/L","T",0,4,0,0,0,"F"
0,1,3,1,"BBBCX","","","","53/G","T",1,0,0,0,0,"F"
0,2,1,2,"CBSS","","","","K","T",1,0,0,0,0,"F"
1,0,0,0,".X","","","","7/F","T",1,0,0,0,0,"F"
1,1,2,2,"BBCFT","","","","K","T",1,0,0,0,0,"F"
1,2,1,1,"CBX","","","","13/G-","T",1,0,0,0,0,"F"
0,0,1,1,"BCX","","","","S6/G","T",0,1,0,0,0,"F"
0,0,2,1,"BBSX","bricj001","","","7/L+","T",1,0,1,0,0,"F"
0,1,1,0,".1B>X","bricj001","","","53/G.1-2","T",1,0,2,0,0,"F"
0,2,3,0,"VVVV","","bricj001","","IW","T",0,1,0,2,0,"F"
0,2,2,2,"CF*B*BC","troum001","bricj001","","K","T",1,0,1,2,0,"F"
1,0,0,2,".CFFX","","","","S7/G","T",0,1,0,0,0,"F"
1,0,0,2,"FFX","sancc001","","","46(1)3/GDP","T",2,0,0,0,0,"F"
1,2,3,1,"CBBBB","","","","W","T",0,1,0,0,0,"F"
1,2,1,2,"SSBS","garca003","","","K","T",1,0,1,0,0,"F"
0,0,2,2,"CSBBC","","","","K","T",1,0,0,0,0,"F"
0,1,1,1,"BCX","","","","8/L","T",1,0,0,0,0,"F"
0,2,1,2,"CCBS","","","","K","T",1,0,0,0,0,"F"
1,0,2,2,".CBFFFBS","","","","K","T",1,0,0,0,0,"F"
1,1,3,2,".CBFBBX","","","","53/G","T",1,0,0,0,0,"F"
1,2,1,2,"CSBX","","","","53/G-","T",1,0,0,0,0,"F"
0,0,0,0,"X","","","","8/F+","T",1,0,0,0,0,"T"
0,1,1,1,"BCX","","","","S8/L","T",0,1,0,0,0,"F"
0,1,3,2,"F*BCB11B>X","fletd002","","","HR/8/F.1-H","T",0,4,4,0,0,"F"
0,1,2,0,"BBX","","","","S9/G","T",0,1,0,0,0,"F"
0,1,1,1,"B1S>B","ohtas001","","","SB2","F",0,0,2,0,0,"F"
0,1,2,2,"B1S>B.FX","","ohtas001","","S9/G.2-H","T",0,1,0,4,0,"F"
0,1,1,2,"BCF1X","uptoj001","","","64(1)3/GDP","T",2,0,0,0,0,"F"
1,0,2,2,"CBTBX","","","","D9/L","T",0,2,0,0,0,"F"
1,0,0,0,"X","","moncy001","","D9/L.2-H","T",0,2,0,4,0,"F"
1,0,1,0,"BX","","sancc001","","53/G","T",1,0,0,2,0,"F"
1,1,0,0,"X","","sancc001","","S7/L+.2-3","T",0,1,0,3,0,"F"
1,1,0,1,"CX","palkd001","","sancc001","46(1)3/GDP","T",2,0,0,0,3,"F"
0,0,1,0,"BX","","","","53/G-","T",1,0,0,0,0,"F"
0,1,3,1,"BBFBX","","","","5/P5F","T",1,0,0,0,0,"F"
0,2,0,1,"FX","","","","63/G","T",1,0,0,0,0,"F"
1,0,1,1,"CBX","","","","4/P","T",1,0,0,0,0,"F"
1,1,3,2,"CBCBBX","","","","8/L","T",1,0,0,0,0,"F"
1,2,2,2,"CBSBX","","","","43/G","T",1,0,0,0,0,"F"
0,0,1,1,"CBX","","","","S8/G","T",0,1,0,0,0,"F"
0,0,2,2,"BB1C>FFX","calhk001","","","S8/G.1-2","T",0,1,2,0,0,"F"
0,0,2,2,"CBBFB","fletd002","calhk001","","WP.2-3;1-2","F",0,0,2,3,0,"F"
0,0,3,2,"CBBFB.X","","fletd002","calhk001","HR/7/F.3-H;2-H","T",0,4,0,4,4,"F"
0,0,3,2,"BBFFFB*B","","","","W","T",0,1,0,0,0,"F"
0,0,1,0,"1B>B","ohtas001","","","CS2(24)","F",1,0,0,0,0,"F"
0,1,2,0,"1B>B.X","","","","5/P","T",1,0,0,0,0,"F"
0,2,0,0,"X","","","","S9/L","T",0,1,0,0,0,"F"
0,2,2,0,"11BBX","simma001","","","8/F","T",1,0,1,0,0,"F"
1,0,0,1,"CX","","","","63/G","T",1,0,0,0,0,"F"
1,1,1,2,"CFBS","","","","K","T",1,0,0,0,0,"F"
1,2,3,2,"BBCBCX","","","","DGR/7/L","T",0,2,0,0,0,"F"
1,2,1,1,"CBX","","sancc001","","S4/P.2-H","T",0,1,0,4,0,"F"
1,2,3,2,"FB*BS*B>C","garca003","","","K","T",1,0,1,0,0,"F"
0,0,2,1,"BBCH","","","","HP","T",0,1,0,0,0,"F"
0,0,0,0,">X","wardt002","","","63/G.1-2","T",1,0,2,0,0,"F"
0,1,0,0,"X","","wardt002","","3/L/DP.2X2(36)","T",2,0,0,0,0,"F"
1,0,2,2,"BSSBC","","","","K","T",1,0,0,0,0,"F"
1,1,2,2,"CBSBX","","","","4/P","T",1,0,0,0,0,"F"
1,2,0,2,"SFFX","","","","S8/G","T",0,1,0,0,0,"F"
1,2,0,1,"11C>B","andet001","","","SB2","F",0,0,2,0,0,"F"
1,2,1,1,"11C>B.X","","andet001","","D8/F.2-H","T",0,2,0,4,0,"F"
1,2,0,2,"CFS","","smitk002","","K","T",1,0,0,2,0,"F"
0,0,1,2,"CSBFFS","","","","K23","T",1,0,0,0,0,"F"
0,1,3,2,"BBBCCX","","","","S8/L","T",0,1,0,0,0,"F"
0,1,1,0,".1*BX","troum001","","","63/G.1-2","T",1,0,2,0,0,"F"
0,2,3,2,".BBBFSS","","troum001","","K","T",1,0,0,2,0,"F"
1,0,0,0,"X","","","","9/F","T",1,0,0,0,0,"F"
1,1,3,1,"CBBBB","","","","W","T",0,1,0,0,0,"F"
1,1,0,1,"SX","sancc001","","","64(1)3/GDP","T",2,0,0,0,0,"F"
0,0,0,1,"CX","","","","S6/G","T",0,1,0,0,0,"F"
0,0,0,0,"11X","simma001","","","S5/P-.1-2","T",0,1,2,0,0,"F"
0,0,2,2,"CFFBBS","fernj004","simma001","","K","T",1,0,1,2,0,"F"
0,1,2,2,"FSFBB2","fernj004","simma001","","PO2(E1).2-3","F",0,0,1,3,0,"F"
0,1,3,2,"FSFBB2.*B3>S","fernj004","","simma001","K+SB2","T",1,0,2,0,3,"F"
0,2,3,1,"C*BB*BV","","fernj004","simma001","IW","T",0,1,0,2,3,"F"
0,2,1,0,"BX","calhk001","fernj004","simma001","9/F","T",1,0,1,2,3,"F"
1,0,1,2,".CCBX","","","","13/G","T",1,0,0,0,0,"F"
1,1,2,1,"FBBX","","","","9/F","T",1,0,0,0,0,"F"
1,2,3,2,"BCBBFC","","","","K","T",1,0,0,0,0,"F"
0,0,3,2,"BFBFBX","","","","S9/G","T",0,1,0,0,0,"F"
0,0,0,1,".CX","troum001","","","7/F","T",1,0,1,0,0,"F"
0,1,0,2,"1CTC","troum001","","","K","T",1,0,1,0,0,"F"
0,2,0,1,"1CB","troum001","","","WP.1-2","F",0,0,2,0,0,"F"
0,2,1,1,"1CB.X","","troum001","","7/L","T",1,0,0,2,0,"F"
1,0,3,2,".BFFFFFBFBB","","","","W","T",0,1,0,0,0,"F"
1,0,2,2,"CBFBFX","andet001","","","S9/G.1-2","T",0,1,2,0,0,"F"
1,0,1,0,"*BX","smitk002","andet001","","8/F","T",1,0,1,2,0,"F"
1,1,1,2,"CBSC","smitk002","andet001","","K","T",1,0,1,2,0,"F"
1,2,2,2,"BCSFBX","smitk002","andet001","","9/L","T",1,0,1,2,0,"F"
0,0,2,0,"..BBX","","","","53/G","T",1,0,0,0,0,"F"
0,1,1,1,"BCX","","","","S7/F","T",0,1,0,0,0,"F"
0,1,3,1,"B1BSBX","wardt002","","","64(1)3/GDP","T",2,0,0,0,0,"F"
1,0,2,2,"...CBFFBFC","","","","K","T",1,0,0,0,0,"F"
1,1,3,1,"SBBBB","","","","W","T",0,1,0,0,0,"F"
1,1,0,1,"CX","palkd001","","","16(1)3/GDP","T",2,0,0,0,0,"F"
0,0,0,1,".SX","","","","E6/TH/G","T",0,1,0,0,0,"F"
0,0,3,2,"1CBBSFFF1BF*B","calhk001","","","W.1-2","T",0,1,2,0,0,"F"
0,0,3,2,"FFBBBX","fletd002","calhk001","","S9/F.2-3;1-2","T",0,1,2,3,0,"F"
0,0,1,0,"*BX","troum001","fletd002","calhk001","T9/G+.3-H(UR);2-H;1-H","T",0,3,4,4,5,"F"
0,0,0,0,".X","","","ohtas001","2/P2F","T",1,0,0,0,3,"F"
0,1,0,2,"CTB","","","ohtas001","WP.3-H(NR)","F",0,0,0,0,4,"F"
0,1,3,2,"CTB.BFBB","","","","W","T",0,1,0,0,0,"F"
0,1,0,0,"B","simma001","","","WP.1-2","F",0,0,2,0,0,"F"
0,1,3,1,"B.*BFBX","","simma001","","S7/G.2-3","T",0,1,0,3,0,"F"
0,1,2,0,"BBX","martj007","","simma001","S9/G.3-H;1-2","T",0,1,2,0,4,"F"
0,1,0,1,".CB","cowak001","martj007","","WP.2-3;1-2","F",0,0,2,3,0,"F"
0,1,1,1,".CB.X","","cowak001","martj007","43/G.3-H(TUR);2-3","T",1,0,0,3,6,"F"
0,2,1,2,"BCSB","","","cowak001","OA.3XH(2)","F",1,0,0,0,0,"F"
1,0,3,2,"......CBFBFBFFFX","","","","53/G","T",1,0,0,0,0,"F"
1,1,3,2,".BSCFFBBS","","","","K","T",1,0,0,0,0,"F"
1,2,2,2,"FCBFFBS","","","","K23","T",1,0,0,0,0,"F"
0,0,0,2,"FFS","","","","K","T",1,0,0,0,0,"T"
0,1,2,2,"CBFFFBX","","","","9/L","T",1,0,0,0,0,"F"
0,2,0,1,"CX","","","","S9/F","T",0,1,0,0,0,"F"
0,2,2,2,"CB11CFBS","troum001","","","K","T",1,0,1,0,0,"F"
1,0,1,2,"CFFFFBX","","","","S9/L","T",0,1,0,0,0,"F"
1,0,0,0,"X","andet001","","","8/F","T",1,0,1,0,0,"F"
1,1,1,1,"BCX","andet001","","","46(1)3/GDP","T",2,0,0,0,0,"F"
0,0,1,2,"FSFBS","","","","K","T",1,0,0,0,0,"F"
0,1,3,0,"BBBB","","","","W","T",0,1,0,0,0,"F"
0,1,0,2,"CCS","fernj004","","","K","T",1,0,1,0,0,"F"
0,2,1,2,"CBFFX","fernj004","","","2/P2F","T",1,0,1,0,0,"F"
1,0,3,2,"CBFFBFFBC","","","","K","T",1,0,0,0,0,"F"
1,1,0,0,"X","","","","8/L","T",1,0,0,0,0,"F"
1,2,2,2,"FBBSC","","","","K","T",1,0,0,0,0,"F"
0,0,3,2,"CBSBBX","","","","8/F","T",1,0,0,0,0,"F"
0,1,2,2,"BCSFBFS","","","","K","T",1,0,0,0,0,"F"
0,2,0,2,"CCFX","","","","4/L","T",1,0,0,0,0,"F"
1,0,2,2,"CBSFBC","","","","K","T",1,0,0,0,0,"F"
1,1,1,2,"SBFS","","","","K23","T",1,0,0,0,0,"F"
1,2,3,2,"CBBSBFS","","","","K","T",1,0,0,0,0,"F"
0,0,2,2,"CBFFBC","","","","K","T",1,0,0,0,0,"F"
0,1,3,2,"TCBFBBB","","","","W","T",0,1,0,0,0,"F"
0,1,1,2,"CFBS","ohtas001","","","K","T",1,0,1,0,0,"F"
0,2,1,1,"1S1BX","ohtas001","","","13/G-","T",1,0,1,0,0,"F"
1,0,0,1,"CX","","","","63/G","T",1,0,0,0,0,"F"
1,1,3,2,"BBBCCS","","","","K","T",1,0,0,0,0,"F"
1,2,1,2,"FBFT","","","","K","T",1,0,0,0,0,"F"
0,0,2,2,"CBBCT","","","","K","T",1,0,0,0,0,"F"
0,1,0,2,"CSS","","","","K","T",1,0,0,0,0,"F"
0,2,3,1,"BBBCB","","","","W","T",0,1,0,0,0,"F"
0,2,0,0,"X","bricj001","","","6/L","T",1,0,1,0,0,"F"
1,0,2,2,"BFSBS","","","","K+WP.B-1","T",0,1,0,0,0,"F"
1,0,0,2,"SCFS","davim005","","","K","T",1,0,1,0,0,"F"
1,1,0,0,"X","davim005","","","64(1)/FO/G","T",1,1,0,0,0,"F"
1,2,0,0,"X","lamar001","","","S7/L.1-2","T",0,1,2,0,0,"F"
1,2,2,2,"BSBFS","moncy001","lamar001","","K","T",1,0,1,2,0,"F"
0,0,3,2,"BBCBCX","","","","9/L","T",1,0,0,0,0,"F"
0,1,1,2,"FCBX","","","","S9/L","T",0,1,0,0,0,"F"
0,1,0,0,"X","troum001","","","8/F","T",1,0,1,0,0,"F"
0,2,1,2,"S1SBF1FFFS","troum001","","","K","T",1,0,1,0,0,"F"
1,0,0,0,"X","","","","4/P","T",1,0,0,0,0,"F"
1,1,1,1,"CBX","","","","53/G","T",1,0,0,0,0,"F"
1,2,1,2,"CBFS","","","","K","T",1,0,0,0,0,"F"
0,0,0,0,".X","","","","S7/L","T",0,1,0,0,0,"F"
0,0,3,1,"B1FBBX","fernj004","","","53/G.1-2","T",1,0,2,0,0,"F"
0,1,3,2,"BS*BSBB","","fernj004","","W","T",0,1,0,2,0,"F"
0,1,2,2,"*BFFBFS","cowak001","fernj004","","K","T",1,0,1,2,0,"F"
0,2,1,0,".BX","cowak001","fernj004","","S9/L.2-H;1-3;B-2(TH)","T",0,2,3,4,0,"F"
0,2,0,1,".CX","","calhk001","cowak001","9/F","T",1,0,0,2,3,"F"
1,0,0,0,"X","","","","S7/G+","T",0,1,0,0,0,"F"
1,0,2,2,"SFFBFFBX","garca003","","","64(1)/FO/G+","T",1,1,0,0,0,"F"
1,1,0,2,"CFFX","davim005","","","8/F","T",1,0,1,0,0,"F"
1,2,1,2,"CCBS","davim005","","","K","T",1,0,1,0,0,"F"
0,0,0,2,"CFS","","","","K","T",1,0,0,0,0,"F"
0,1,0,2,"SFX","","","","D9/L+","T",0,2,0,0,0,"F"
0,1,1,2,"S*BS>S","","ohtas001","","K+CS3(25)/DP","T",2,0,0,0,0,"F"
1,0,3,1,".BFBBX","","","","S7/L","T",0,1,0,0,0,"F"
1,0,1,0,"B1X","moncy001","","","13/BG/SH.1-2","T",1,0,2,0,0,"F"
1,1,3,2,".*BFFFB*BC","","moncy001","","K","T",1,0,0,2,0,"F"
1,2,0,1,"CX","","moncy001","","7/L","T",1,0,0,2,0,"F"
0,0,3,2,"..CFBBBX","","","","53/G","T",1,0,0,0,0,"F"
0,1,3,0,"BBBB","","","","W","T",0,1,0,0,0,"F"
0,1,1,2,"CBSS","wardt002","","","K","T",1,0,1,0,0,"F"
0,2,3,2,"BSB1S>FFFFB>B","wardt002","","","W.1-2","T",0,1,2,0,0,"F"
0,2,3,2,"BSSBFB2>B","bricj001","wardt002","","W.2-3;1-2","T",0,1,2,3,0,"F"
0,2,0,0,".X","calhk001","bricj001","wardt002","8/F","T",1,0,1,2,3,"F"
1,0,1,2,"..CCFBFX","","","","S9/G","T",0,1,0,0,0,"F"
1,0,0,1,"FX","sancc001","","","4/P","T",1,0,1,0,0,"F"
1,1,0,2,"CCB","sancc001","","","WP.1-2","F",0,0,2,0,0,"F"
1,1,1,2,"CCB.H","","sancc001","","HP","T",0,1,0,2,0,"F"
1,1,0,0,".X","smitk002","sancc001","","8/L+.2-3","T",1,0,1,3,0,"F"
1,2,1,2,"..FF*BFC","smitk002","","sancc001","K","T",1,0,1,0,3,"F"
0,0,3,2,"BBBCFFX","","","","HR/9/F","T",0,4,0,0,0,"T"
0,0,3,1,"SBBBX","","","","9/F","T",1,0,0,0,0,"F"
0,1,2,1,"BBCX","","","","S9/F","T",0,1,0,0,0,"F"
0,1,0,2,"CFS","rizza001","","","K","T",1,0,1,0,0,"F"
0,2,0,0,"X","rizza001","","","3/G","T",1,0,1,0,0,"F"
1,0,1,1,"CBX","","","","53/G","T",1,0,0,0,0,"F"
1,1,2,2,"CSBBS","","","","K","T",1,0,0,0,0,"F"
1,2,0,2,"SSS","","","","K","T",1,0,0,0,0,"F"
0,0,1,2,"BCCS","","","","K","T",1,0,0,0,0,"F"
0,1,2,0,"BBX","","","","63/G","T",1,0,0,0,0,"F"
0,2,3,2,"CSBBFBS","","","","K","T",1,0,0,0,0,"F"
1,0,2,1,"BFBX","","","","S8/G","T",0,1,0,0,0,"F"
1,0,0,1,"CX","davim005","","","S8/L.1-2","T",0,1,2,0,0,"F"
1,0,1,1,"BCX","castw002","davim005","","HR/8/F.2-H;1-H","T",0,4,4,4,0,"F"
1,0,0,1,"CX","","","","S9/G","T",0,1,0,0,0,"F"
1,0,1,0,"BX","moncy001","","","S9/G.1-2","T",0,1,2,0,0,"F"
1,0,2,2,"LBSBX","lamar001","moncy001","","7/F.2-3","T",1,0,1,3,0,"F"
1,1,3,2,"CBF*BBS","lamar001","","moncy001","K","T",1,0,1,0,3,"F"
1,2,3,2,"FBBB1C>S","lamar001","","moncy001","K","T",1,0,1,0,3,"F"
0,0,0,2,"CSX","","","","63/G","T",1,0,0,0,0,"F"
0,1,0,1,"FX","","","","6/P","T",1,0,0,0,0,"F"
0,2,1,0,"BX","","","","63/G","T",1,0,0,0,0,"F"
1,0,0,1,"CX","","","","63/G","T",1,0,0,0,0,"F"
1,1,2,2,"BSSBS","","","","K","T",1,0,0,0,0,"F"
1,2,2,0,"BBX","","","","7/F","T",1,0,0,0,0,"F"
0,0,2,2,"BBCCX","","","","S7/F","T",0,1,0,0,0,"F"
0,0,1,1,"SBX","rizza001","","","9/L","T",1,0,1,0,0,"F"
0,1,3,1,"BCBBX","rizza001","","","E3/FO/G.1-2","T",0,1,2,0,0,"F"
0,1,2,1,"FBBX","zobrb001","rizza001","","8/F","T",1,0,1,2,0,"F"
0,2,3,2,"*BBFBF>T","zobrb001","rizza001","","K","T",1,0,1,2,0,"F"
1,0,0,2,"CFX","","","","D9/L","T",0,2,0,0,0,"F"
1,0,3,2,"SBBBSC","","smitk002","","K","T",1,0,0,2,0,"F"
1,1,0,0,"X","","smitk002","","D7/L.2-H","T",0,2,0,4,0,"F"
1,1,2,1,"CB*B2","","lamar001","","POCS3(145)","F",1,0,0,0,0,"F"
1,2,3,2,"CB*B2.BFFX","","","","S5/G","T",0,1,0,0,0,"F"
1,2,0,0,"1X","engea001","","","9/F","T",1,0,1,0,0,"F"
0,0,3,2,"CBBFFBS","","","","K","T",1,0,0,0,0,"F"
0,1,2,1,"BCBX","","","","S9/L+","T",0,1,0,0,0,"F"
0,1,2,2,"B1BCSC","almoa002","","","K","T",1,0,1,0,0,"F"
0,2,1,2,"CBCFF1FFS","almoa002","","","K","T",1,0,1,0,0,"F"
1,0,1,2,"TCBC","","","","K","T",1,0,0,0,0,"F"
1,1,3,2,"CFBBBX","","","","9/F","T",1,0,0,0,0,"F"
1,2,0,2,"CFS","","","","K","T",1,0,0,0,0,"F"
0,0,0,0,"X","","","","9/L","T",1,0,0,0,0,"F"
0,1,0,2,"SSC","","","","K","T",1,0,0,0,0,"F"
0,2,1,1,"SBX","","","","3/G","T",1,0,0,0,0,"F"
1,0,3,2,"BBCSBX","","","","S9/G","T",0,1,0,0,0,"F"
1,0,2,2,"..SBBCX","castw002","","","HR/9/L.1-H","T",0,4,4,0,0,"F"
1,0,2,1,"BCBX","","","","S7/G","T",0,1,0,0,0,"F"
1,0,1,1,"B1CB","moncy001","","","WP.1-2","F",0,0,2,0,0,"F"
1,0,2,2,"B1CB.FX","","moncy001","","S9/L.2-H","T",0,1,0,4,0,"F"
1,0,2,0,".BBX","lamar001","","","8/F","T",1,0,1,0,0,"F"
1,1,0,2,"CSX","lamar001","","","54(1)3/GDP","T",2,0,0,0,0,"F"
0,0,1,2,".BCFX","","","","D7/G","T",0,2,0,0,0,"F"
0,0,0,1,".CX","","boted002","","6/P","T",1,0,0,2,0,"F"
0,1,1,1,"BCX","","boted002","","3/G.2-3","T",1,0,0,3,0,"F"
0,2,1,2,"CBCX","","","boted002","1/P-","T",1,0,0,0,3,"F"
1,0,1,2,"...BFSX","","","","D7/L","T",0,2,0,0,0,"F"
1,0,0,1,"CX","","rondj002","","S7/G.2-3","T",0,1,0,3,0,"F"
1,0,3,1,"SB*BBX","garca003","","rondj002","S8/G.3-H;1-2","T",0,1,2,0,4,"F"
1,0,0,2,"SCX","davim005","garca003","","S8/L.2-3;1-2","T",0,1,2,3,0,"F"
1,0,2,2,"SSBBS","castw002","davim005","garca003","K","T",1,0,1,2,3,"F"
1,1,1,0,"BX","castw002","davim005","garca003","S7/L+.3-H;2-3;1-2","T",0,1,2,3,4,"F"
1,1,3,2,".FBC*BFFBFX","moncy001","castw002","davim005","9/F/SF.3-H","T",1,0,1,2,4,"F"
1,2,2,0,"BBX","moncy001","castw002","","8/F","T",1,0,1,2,0,"F"
0,0,0,2,"..CFX","","","","S7/L","T",0,1,0,0,0,"F"
0,0,2,2,"FSB*BX","murpd006","","","S7/L.1-2","T",0,1,2,0,0,"F"
0,0,0,2,"..CSFS","bryak001","murpd006","","K","T",1,0,1,2,0,"F"
0,1,1,2,"F*BSX","bryak001","murpd006","","9/F.2-3","T",1,0,1,3,0,"F"
0,2,3,1,"B*BBCB","bryak001","","murpd006","W.1-2","T",0,1,2,0,3,"F"
0,2,0,0,".B","goret001","bryak001","murpd006","WP.3-H(NR);2-3;1-2","F",0,0,2,3,4,"F"
0,2,1,1,".B.CX","","goret001","bryak001","S9/L.3-H;2-H","T",0,1,0,4,4,"F"
0,2,3,2,".FBBSFFB*B","boted002","","","W.1-2","T",0,1,2,0,0,"F"
0,2,1,2,"BCCX","carav001","boted002","","9/L","T",1,0,1,2,0,"F"
1,0,0,1,".....FX","","","","S5/G","T",0,1,0,0,0,"F"
1,0,2,2,"BFSFFBFFFX","andet001","","","4(1)3/GDP","T",2,0,0,0,0,"F"
1,2,1,1,"BSX","","","","S7/L","T",0,1,0,0,0,"F"
1,2,3,2,"*BFBFB>B","cordr001","","","W.1-2","T",0,1,2,0,0,"F"
1,2,2,2,".BBCCX","davim005","cordr001","","54(1)/FO/G","T",1,1,0,2,0,"F"
0,0,1,0,".BX","","","","3/G","T",1,0,0,0,0,"F"
0,1,1,2,"FFBX","","","","S7/L","T",0,1,0,0,0,"F"
0,1,0,0,"X","murpd006","","","6/L","T",1,0,1,0,0,"F"
0,2,0,2,"FFB","murpd006","","","WP.1-2","F",0,0,2,0,0,"F"
0,2,1,2,"FFB.X","","murpd006","","3/P3F","T",1,0,0,2,0,"F"
0,0,0,1,"FX","","","","4/L","T",1,0,0,0,0,"T"
0,1,1,1,"BFX","","","","S8/L+","T",0,1,0,0,0,"F"
0,1,0,0,"X","zobrb001","","","HR/7/L.1-H","T",0,4,4,0,0,"F"
0,1,2,1,"BBSX","","","","5/P","T",1,0,0,0,0,"F"
0,2,2,2,"BFBFX","","","","63/G","T",1,0,0,0,0,"F"
1,0,2,2,"CBBFS","","","","K","T",1,0,0,0,0,"F"
1,1,3,2,"BCBBCX","","","","S6/G.B-2(E6/TH)","T",0,2,0,0,0,"F"
1,1,2,2,"FS*BFF*BX","","sancc001","","S8/G.2-H(UR)","T",0,1,0,5,0,"F"
1,1,1,0,"BX","garca003","","","8/L","T",1,0,1,0,0,"F"
1,2,2,2,"BCS*BX","garca003","","","63/G","T",1,0,1,0,0,"F"
0,0,0,0,"X","","","","13/G","T",1,0,0,0,0,"F"
0,1,0,1,"CX","","","","53/G","T",1,0,0,0,0,"F"
0,2,2,2,"BSBSFC","","","","K","T",1,0,0,0,0,"F"
1,0,0,1,"FX","","","","S7/L+","T",0,1,0,0,0,"F"
1,0,1,1,"FBX","smitk002","","","54(1)/FO/G","T",1,1,0,0,0,"F"
1,1,3,2,"B+1FFB*BX","moncy001","","","9/L","T",1,0,1,0,0,"F"
1,2,0,1,"CB","moncy001","","","WP.1-2","F",0,0,2,0,0,"F"
1,2,1,2,"CB.FS","","moncy001","","K","T",1,0,0,2,0,"F"
0,0,0,2,"CCS","","","","K","T",1,0,0,0,0,"F"
0,1,3,1,"BBFBX","","","","7/L","T",1,0,0,0,0,"F"
0,2,0,1,"CX","","","","63/G","T",1,0,0,0,0,"F"
1,0,2,1,"FBBX","","","","HR/7/L","T",0,4,0,0,0,"F"
1,0,2,0,"BBX","","","","43/G","T",1,0,0,0,0,"F"
1,1,2,2,"FSBFBFX","","","","13/G","T",1,0,0,0,0,"F"
1,2,1,2,"SBFX","","","","4/P","T",1,0,0,0,0,"F"
0,0,0,1,"CX","","","","3/G+","T",1,0,0,0,0,"F"
0,1,2,2,"BBCCT","","","","K","T",1,0,0,0,0,"F"
0,2,1,1,"BSX","","","","S4/P","T",0,1,0,0,0,"F"
0,2,1,2,"CCBFX","bryak001","","","63/G","T",1,0,1,0,0,"F"
1,0,2,2,"BCCFBX","","","","S8/L+","T",0,1,0,0,0,"F"
1,0,3,2,"BFSFBBFFC","castw002","","","K","T",1,0,1,0,0,"F"
1,1,3,2,"CBBFBC","castw002","","","K","T",1,0,1,0,0,"F"
1,2,1,2,"CSBX","castw002","","","3/P","T",1,0,1,0,0,"F"
0,0,0,1,"SX","","","","31/G","T",1,0,0,0,0,"F"
0,1,0,0,"X","","","","S7/L+","T",0,1,0,0,0,"F"
0,1,0,2,"CSX","schwk001","","","S8/F.1-2","T",0,1,2,0,0,"F"
0,1,0,0,"X","boted002","schwk001","","D7/L.2-H;1-3","T",0,2,3,4,0,"F"
0,1,1,2,"BSFX","","murpd006","boted002","S8/G.3-H;2-H","T",0,1,0,4,4,"F"
0,1,3,2,"1BB1CCBFFX","zobrb001","","","9/F","T",1,0,1,0,0,"F"
0,2,0,0,"B","zobrb001","","","WP.1-2","F",0,0,2,0,0,"F"
0,2,3,0,"B.VVV","","zobrb001","","IW","T",0,1,0,2,0,"F"
0,2,1,2,"FSBB","rizza001","zobrb001","","WP.2-3","F",0,0,1,3,0,"F"
0,2,2,2,"FSBB.FFC","rizza001","","zobrb001","K","T",1,0,1,0,3,"F"
1,0,1,2,"CSBX","","","","S7/L","T",0,1,0,0,0,"F"
1,0,2,1,"BCBX","engea001","","","64(1)/FO/G","T",1,1,0,0,0,"F"
1,1,1,1,"CB+1X","andet001","","","9/F","T",1,0,1,0,0,"F"
1,2,2,1,"B+1SBX","andet001","","","S7/L.1-3","T",0,1,3,0,0,"F"
1,2,2,0,"*BBX","garca003","","andet001","S7/L.3-H;1-2","T",0,1,2,0,4,"F"
1,2,0,0,"X","davim005","garca003","","63/G","T",1,0,1,2,0,"F"
0,0,0,2,"CFFS","","","","K","T",1,0,0,0,0,"F"
0,1,3,2,"BSBBFFX","","","","63/G","T",1,0,0,0,0,"F"
0,2,3,1,"BFBBB","","","","W","T",0,1,0,0,0,"F"
0,2,1,1,"BFX","schwk001","","","43/G","T",1,0,1,0,0,"F"
1,0,0,2,".CFX","","","","63/G","T",1,0,0,0,0,"F"
1,1,3,1,"BFBBB","","","","W","T",0,1,0,0,0,"F"
1,1,3,2,".SSFBBB>S","moncy001","","","K+SB2","T",1,0,2,0,0,"F"
1,2,1,2,"C*BSFS","","moncy001","","K","T",1,0,0,2,0,"F"
0,0,2,1,".CBBX","","","","43/G","T",1,0,0,0,0,"F"
0,1,2,0,"BBX","","","","7/F","T",1,0,0,0,0,"F"
0,2,3,2,"SBFBB*B","","","","W","T",0,1,0,0,0,"F"
0,2,2,2,".BSFB>FX","baezj001","","","9/F","T",1,0,1,0,0,"F"
1,0,3,2,"......BFSBBB","","","","W","T",0,1,0,0,0,"F"
1,0,1,0,"BX","andet001","","","5/P","T",1,0,1,0,0,"F"
1,1,1,2,"TBCS","andet001","","","K","T",1,0,1,0,0,"F"
1,2,1,2,"CBCS","andet001","","","K","T",1,0,1,0,0,"F"
0,0,1,2,".CTBC","","","","K","T",1,0,0,0,0,"F"
0,1,0,0,"X","","","","13/G-","T",1,0,0,0,0,"F"
0,2,3,2,"BCSFBBX","","","","53/G+","T",1,0,0,0,0,"F"
1,0,3,2,"BBCFBX","","","","4/P","T",1,0,0,0,0,"F"
1,1,1,1,"BCX","","","","63/G","T",1,0,0,0,0,"F"
1,2,0,2,".CTS","","","","K23","T",1,0,0,0,0,"F"
0,0,0,0,".X","","","","DGR/9/FINT","T",0,2,0,0,0,"F"
0,0,0,1,".LB","","goret001","","PB.2-3","F",0,0,0,3,0,"F"
0,0,2,2,".LB.*BSS","","","goret001","K","T",1,0,0,0,3,"F"
0,1,0,1,"3F3X","","","goret001","FC5/G.3-H","T",0,1,0,0,4,"F"
0,1,3,2,"BCFBB1>B","almoa002","","","W.1-2","T",0,1,2,0,0,"F"
0,1,0,2,"FFX","zobrb001","almoa002","","S7/G.2-H;1-2","T",0,1,2,4,0,"F"
0,1,0,1,".CX","baezj001","zobrb001","","46(1)/FO/G.2-H(UR)(E6/TH)(NR);B-2","T",1,2,0,5,0,"F"
0,2,0,1,"C...X","","rizza001","","9/F","T",1,0,0,2,0,"F"
1,0,3,2,"..CSBBBX","","","","43/G","T",1,0,0,0,0,"F"
1,1,2,1,".BBCX","","","","7/F","T",1,0,0,0,0,"F"
1,2,3,1,"BBBCX","","","","8/F","T",1,0,0,0,0,"F"
0,0,1,2,"CSBX","","","","S8/L","T",0,1,0,0,0,"T"
0,0,3,2,"BFBFBF1X","murpd006","","","S9/F.1-2","T",0,1,2,0,0,"F"
0,0,3,2,"*BBCBSS","zobrb001","murpd006","","K","T",1,0,1,2,0,"F"
0,1,0,0,"X","zobrb001","murpd006","","D9/L+.2-H;1-3","T",0,2,3,4,0,"F"
0,1,1,2,"*BFFX","","rizza001","zobrb001","53/G.3-H;2-3","T",1,0,0,3,4,"F"
0,2,0,1,"CX","","","rizza001","S5/G.3-H","T",0,1,0,0,4,"F"
0,2,0,0,"X","boted002","","","4/P","T",1,0,1,0,0,"F"
1,0,1,1,"CBX","","","","8/L+","T",1,0,0,0,0,"F"
1,1,2,2,"BBCLFFS","","","","K","T",1,0,0,0,0,"F"
1,2,1,2,"BFFX","","","","63/G","T",1,0,0,0,0,"F"
0,0,0,0,"X","","","","HR/89/F","T",0,4,0,0,0,"F"
0,0,2,2,"FSBBX","","","","63/G","T",1,0,0,0,0,"F"
0,1,3,2,"BBCBCX","","","","S8/G","T",0,1,0,0,0,"F"
0,1,1,1,"*BCX","murpd006","","","S8/G.1-2","T",0,1,2,0,0,"F"
0,1,1,2,"*BFCX","zobrb001","murpd006","","9/F","T",1,0,1,2,0,"F"
0,2,2,2,"SBF*BS","zobrb001","murpd006","","K","T",1,0,1,2,0,"F"
1,0,2,2,"CFBBX","","","","8/F+","T",1,0,0,0,0,"F"
1,1,1,1,"CBX","","","","8/L","T",1,0,0,0,0,"F"
1,2,1,2,"CBCFX","","","","S46/G","T",0,1,0,0,0,"F"
1,2,2,2,"BFC*B>B","castw002","","","SB2","F",0,0,2,0,0,"F"
1,2,3,2,"BFC*B>B.X","","castw002","","43/G","T",1,0,0,2,0,"F"
0,0,2,1,"BCBX","","","","S7/L+","T",0,1,0,0,0,"F"
0,0,0,2,"CFH","almoa002","","","HP.1-2","T",0,1,2,0,0,"F"
0,0,2,2,"SBCBS","boted002","almoa002","","K","T",1,0,1,2,0,"F"
0,1,3,1,"BBCBX","boted002","almoa002","","D9/F+.2-H;1-3","T",0,2,3,4,0,"F"
0,1,0,0,".X","","schwk001","boted002","FC5/G.3-H;2X3(54)","T",1,1,0,0,4,"F"
0,2,1,1,"CB*B","happi001","","","SB2","F",0,0,2,0,0,"F"
0,2,2,1,"CB*B.X","","happi001","","53/G","T",1,0,0,2,0,"F"
1,0,0,0,"X","","","","8/F","T",1,0,0,0,0,"F"
1,1,2,2,"CBSFFBFX","","","","43/G","T",1,0,0,0,0,"F"
1,2,3,2,"BBCFBX","","","","8/F","T",1,0,0,0,0,"F"
0,0,0,1,"CX","","","","S9/G","T",0,1,0,0,0,"F"
0,0,0,1,"FB","zobrb001","","","WP.1-2","F",0,0,2,0,0,"F"
0,0,2,2,"FB.S*BC","","zobrb001","","K","T",1,0,0,2,0,"F"
0,1,1,2,"C2C*BX","","zobrb001","","43/G.2-3","T",1,0,0,3,0,"F"
0,2,1,1,"BCX","","","zobrb001","53/G","T",1,0,0,0,3,"F"
1,0,0,1,"CX","","","","43/G","T",1,0,0,0,0,"F"
1,1,3,2,"CBBSBC","","","","K","T",1,0,0,0,0,"F"
1,2,0,0,"X","","","","63/G","T",1,0,0,0,0,"F"
0,0,1,2,".CSBX","","","","3/G","T",1,0,0,0,0,"F"
0,1,0,1,"CX","","","","53/G","T",1,0,0,0,0,"F"
0,2,3,1,"BBBCB","","","","W","T",0,1,0,0,0,"F"
0,2,3,2,"SSBB*B>S","schwk001","","","K","T",1,0,1,0,0,"F"
1,0,1,1,"CBX","","","","31/G","T",1,0,0,0,0,"F"
1,1,0,1,"CX","","","","D7/L","T",0,2,0,0,0,"F"
1,1,0,2,"SFX","","castw002","","7/F","T",1,0,0,2,0,"F"
1,2,0,1,"CX","","castw002","","DGR/9/L.2-H","T",0,2,0,4,0,"F"
1,2,0,0,"X","","andet001","","53/G-","T",1,0,0,2,0,"F"
0,0,2,1,"CBBX","","","","7/F","T",1,0,0,0,0,"F"
0,1,1,2,"CBSX","","","","43/G","T",1,0,0,0,0,"F"
0,2,0,1,"SX","","","","D7/L","T",0,2,0,0,0,"F"
0,2,3,0,"VVVV","","baezj001","","IW","T",0,1,0,2,0,"F"
0,2,0,2,"CSS","rizza001","baezj001","","K","T",1,0,1,2,0,"F"
1,0,2,2,"BCFBFX","","","","43/G","T",1,0,0,0,0,"F"
1,1,0,2,"CSFFC","","","","K","T",1,0,0,0,0,"F"
1,2,0,0,"X","","","","9/F","T",1,0,0,0,0,"F"
0,0,3,2,".BSBCBX","","","","63/G","T",1,0,0,0,0,"F"
0,1,1,1,"BFX","","","","S8/L+","T",0,1,0,0,0,"F"
0,1,3,2,"B1BSBSB","contw001","","","W.1-2","T",0,1,2,0,0,"F"
0,1,3,2,"CBFBBB","schwk001","contw001","","W.2-3;1-2","T",0,1,2,3,0,"F"
0,1,0,2,"SCS","happi001","schwk001","contw001","K","T",1,0,1,2,3,"F"
0,2,0,1,"CX","happi001","schwk001","contw001","13/G","T",1,0,1,2,3,"F"
1,0,0,1,"..CX","","","","53/G","T",1,0,0,0,0,"F"
1,1,0,2,"CCC","","","","K","T",1,0,0,0,0,"F"
1,2,3,2,"CBBBCX","","","","8/F","T",1,0,0,0,0,"F"
0,0,2,2,".CBSBC","","","","K","T",1,0,0,0,0,"F"
0,1,2,2,"CBSBX","","","","S7/L","T",0,1,0,0,0,"F"
0,1,1,0,"BX","rizza001","","","S7/L.1-2","T",0,1,2,0,0,"F"
0,1,0,1,"CN","almoa002","rizza001","","BK.2-3;1-2","F",0,0,2,3,0,"F"
0,1,1,2,"CN.BSX","","almoa002","rizza001","FC4/G.3XH(42);2-3","T",1,1,0,3,0,"F"
0,2,0,2,"FSC","boted002","","almoa002","K","T",1,0,1,0,3,"F"
1,0,3,2,"CSBBBX","","","","31/G","T",1,0,0,0,0,"F"
1,1,1,0,"BX","","","","S9/G","T",0,1,0,0,0,"F"
1,1,1,2,"SFBS","andet001","","","K","T",1,0,1,0,0,"F"
1,2,1,2,".BFCFS","andet001","","","K","T",1,0,1,0,0,"F"
0,0,0,2,".CSX","","","","63/G","T",1,0,0,0,0,"F"
0,1,2,1,"BBSX","","","","D7/F","T",0,2,0,0,0,"F"
0,1,1,2,"CBCX","","happi001","","7/L","T",1,0,0,2,0,"F"
0,2,1,2,"FBFX","","happi001","","43/G","T",1,0,0,2,0,"F"
1,0,0,2,"CFX","","","","43/G","T",1,0,0,0,0,"F"
1,1,2,2,"CBSFFBS","","","","K","T",1,0,0,0,0,"F"
1,2,2,2,"CBSBS","","","","K","T",1,0,0,0,0,"F"
0,0,2,2,"BBCSS","","","","K","T",1,0,0,0,0,"T"
0,1,2,1,"BBCX","","","","S9/L","T",0,1,0,0,0,"F"
0,1,0,0,"X","diazy001","","","S7/L.1-2","T",0,1,2,0,0,"F"
0,1,0,2,"FCS","cabrm002","diazy001","","K","T",1,0,1,2,0,"F"
0,2,1,2,"B2FSC","cabrm002","diazy001","","K","T",1,0,1,2,0,"F"
1,0,1,2,"BCFFX","","","","13/G","T",1,0,0,0,0,"F"
1,1,2,2,"BCBFX","","","","43/G","T",1,0,0,0,0,"F"
1,2,1,2,"FCBS","","","","K","T",1,0,0,0,0,"F"
0,0,0,1,"CX","","","","D7/L","T",0,2,0,0,0,"F"
0,0,0,0,"X","","gomey001","","53/BG/SH.2-3","T",1,0,0,3,0,"F"
0,1,1,0,"BX","","","gomey001","43/G","T",1,0,0,0,3,"F"
0,2,2,2,"BFF*BS","","","gomey001","K","T",1,0,0,0,3,"F"
1,0,0,0,"X","","","","S7/L","T",0,1,0,0,0,"F"
1,0,1,2,"*BFCX","narvo001","","","8/F","T",1,0,1,0,0,"F"
1,1,3,2,"BS+1BBFX","narvo001","","","S9/L.1-3","T",0,1,3,0,0,"F"
1,1,2,2,"BSS*BS","delmn001","","narvo001","K","T",1,0,1,0,3,"F"
1,2,2,2,"BBSCC","delmn001","","narvo001","K","T",1,0,1,0,3,"F"
0,0,0,0,"X","","","","3/G","T",1,0,0,0,0,"F"
0,1,1,2,"CBCS","","","","K","T",1,0,0,0,0,"F"
0,2,0,2,"CCX","","","","63/G","T",1,0,0,0,0,"F"
1,0,0,2,"CCC","","","","K","T",1,0,0,0,0,"F"
1,1,1,2,"BCCS","","","","K","T",1,0,0,0,0,"F"
1,2,3,0,"BBBB","","","","W","T",0,1,0,0,0,"F"
1,2,0,0,"X","palkd001","","","S6/G+.1-2","T",0,1,2,0,0,"F"
1,2,1,2,"BFCFS","garca003","palkd001","","K","T",1,0,1,2,0,"F"
0,0,0,1,"CX","","","","S7/L","T",0,1,0,0,0,"F"
0,0,0,0,"X","encae001","","","S8/L.1-2","T",0,1,2,0,0,"F"
0,0,3,2,"BBBFFS","alony001","encae001","","K","T",1,0,1,2,0,"F"
0,1,0,2,"CFFX","alony001","encae001","","54(1)3/GDP","T",2,0,0,2,0,"F"
1,0,1,0,"BX","","","","8/L","T",1,0,0,0,0,"F"
1,1,0,1,"CX","","","","S68/G","T",0,1,0,0,0,"F"
1,1,3,2,"FBSBBFS","delmn001","","","K","T",1,0,1,0,0,"F"
1,2,1,2,"FBSS","delmn001","","","K","T",1,0,1,0,0,"F"
0,0,3,2,"CBBCBFX","","","","8/L","T",1,0,0,0,0,"F"
0,1,1,2,"FSBX","","","","53/G","T",1,0,0,0,0,"F"
0,2,3,0,"BBBB","","","","W","T",0,1,0,0,0,"F"
0,2,0,0,">B","alleg002","","","SB2","F",0,0,2,0,0,"F"
0,2,3,0,">B.2BBX","","alleg002","","9/L","T",1,0,0,2,0,"F"
1,0,1,2,"FBFS","","","","K","T",1,0,0,0,0,"F"
1,1,0,1,"FX","","","","23/BG","T",1,0,0,0,0,"F"
1,2,1,2,"SBCFS","","","","K","T",1,0,0,0,0,"F"
0,0,2,2,"BCSFBFX","","","","53/G","T",1,0,0,0,0,"F"
0,1,3,2,"BBCBFFFFFX","","","","9/F","T",1,0,0,0,0,"F"
0,2,3,0,"BBBX","","","","S68/G","T",0,1,0,0,0,"F"
0,2,3,2,"BCFBB>F>F>S","alony001","","","K","T",1,0,1,0,0,"F"
1,0,1,2,"CBCFFS","","","","K","T",1,0,0,0,0,"F"
1,1,1,2,"CBFX","","","","8/L","T",1,0,0,0,0,"F"
1,2,0,2,"CSX","","","","43/G","T",1,0,0,0,0,"F"
0,0,1,1,".BFX","","","","HR/7/F","T",0,4,0,0,0,"F"
0,0,0,0,"X","","","","7/F","T",1,0,0,0,0,"F"
0,1,0,0,"X","","","","8/F","T",1,0,0,0,0,"F"
0,2,2,1,"BBCX","","","","S8/L","T",0,1,0,0,0,"F"
0,2,0,2,"111C1FX","alleg002","","","3/P3F","T",1,0,1,0,0,"F"
1,0,1,2,"BCSX","","","","3/G-","T",1,0,0,0,0,"F"
1,1,3,2,"CCBFBFBX","","","","4/P","T",1,0,0,0,0,"F"
1,2,2,2,"BSBCX","","","","4/L","T",1,0,0,0,0,"F"
0,0,0,1,".CX","","","","9/F","T",1,0,0,0,0,"F"
0,1,2,2,"BCCBS","","","","K","T",1,0,0,0,0,"F"
0,2,0,1,"CX","","","","S8/G","T",0,1,0,0,0,"F"
0,2,3,0,"BBB*B","alony001","","","W.1-2","T",0,1,2,0,0,"F"
0,2,1,2,".BCSX","gomey001","alony001","","4/P","T",1,0,1,2,0,"F"
1,0,1,2,"..CBSX","","","","4/P","T",1,0,0,0,0,"F"
1,1,1,2,"CBSFFC","","","","K","T",1,0,0,0,0,"F"
1,2,3,2,".SBBSBC","","","","K","T",1,0,0,0,0,"F"
0,0,2,2,"...BCCBS","","","","K","T",1,0,0,0,0,"F"
0,1,1,1,"CBX","","","","HR/7/L","T",0,4,0,0,0,"F"
0,1,1,0,"BX","","","","D9/L","T",0,2,0,0,0,"F"
0,1,0,1,"CX","","alleg002","","S6/G.2-3","T",0,1,0,3,0,"F"
0,1,0,0,"X","diazy001","","alleg002","S9/G.3-H;1-2","T",0,1,2,0,4,"F"
0,1,0,0,"X","barnb002","diazy001","","S7/L+.2-H;1-2","T",0,1,2,4,0,"F"
0,1,0,0,"..X","davir003","barnb002","","3/G.2-3;1-2","T",1,0,2,3,0,"F"
0,2,0,2,"SST","","davir003","barnb002","K","T",1,0,0,2,3,"F"
1,0,1,2,"..BCFS","","","","K","T",1,0,0,0,0,"F"
1,1,2,2,"BCCBC","","","","K","T",1,0,0,0,0,"F"
1,2,2,1,"BBCX","","","","8/F","T",1,0,0,0,0,"F"
0,0,0,1,"CX","","","","8/L","T",1,0,0,0,0,"T"
0,1,3,2,"FBBBCB","","","","W","T",0,1,0,0,0,"F"
0,1,3,0,"BBBX","branm003","","","5/P5F","T",1,0,1,0,0,"F"
0,2,0,0,"X","branm003","","","7/L","T",1,0,1,0,0,"F"
1,0,1,1,"CBX","","","","S5/BG.B-3(E5/TH)(E4/TH)","T",0,3,0,0,0,"F"
1,0,0,2,"FSS","","","sancc001","K","T",1,0,0,0,3,"F"
1,1,0,2,"SCX","","","sancc001","3/G","T",1,0,0,0,3,"F"
1,2,2,2,"S*BSBX","","","sancc001","HR/7/F.3-H","T",0,4,0,0,4,"F"
1,2,1,2,"FBSX","","","","8/L","T",1,0,0,0,0,"F"
0,0,2,0,"BBX","","","","63/G","T",1,0,0,0,0,"F"
0,1,3,2,"BBFSBB","","","","W","T",0,1,0,0,0,"F"
0,1,3,2,"BSFBBS","alony001","","","K","T",1,0,1,0,0,"F"
0,2,3,1,"S*BBBX","alony001","","","9/F","T",1,0,1,0,0,"F"
1,0,0,1,"CX","","","","5/L+","T",1,0,0,0,0,"F"
1,1,0,2,"FFS","","","","K","T",1,0,0,0,0,"F"
1,2,2,1,"CBBX","","","","9/F","T",1,0,0,0,0,"F"
0,0,3,2,"BBSBSS","","","","K","T",1,0,0,0,0,"F"
0,1,1,0,"BX","","","","6/P","T",1,0,0,0,0,"F"
0,2,2,1,"SBBX","","","","D9/L","T",0,2,0,0,0,"F"
0,2,1,1,"CBX","","branm003","","S9/L.2-H","T",0,1,0,4,0,"F"
0,2,0,1,"F1X","ramij003","","","S7/L.1-2","T",0,1,2,0,0,"F"
0,2,3,0,"BBBB","encae001","ramij003","","W.2-3;1-2","T",0,1,2,3,0,"F"
0,2,3,0,"BBBX","donaj001","encae001","ramij003","S8/L+.3-H;2-H;1-2","T",0,1,2,4,4,"F"
0,2,0,0,"X","alony001","donaj001","","3/G","T",1,0,1,2,0,"F"
1,0,1,0,"BX","","","","8/F","T",1,0,0,0,0,"F"
1,1,2,1,"BBCX","","","","43/G","T",1,0,0,0,0,"F"
1,2,2,1,"BBTX","","","","S7/G","T",0,1,0,0,0,"F"
1,2,0,1,"CX","garcl004","","","S4/G.1-2","T",0,1,2,0,0,"F"
1,2,2,2,"SBS+2BF>X","palkd001","garcl004","","1/G","T",1,0,1,2,0,"F"
0,0,1,2,"CBCX","","","","HR/7/F","T",0,4,0,0,0,"F"
0,0,2,2,"BBFSC","","","","K","T",1,0,0,0,0,"F"
0,1,1,1,"BFX","","","","7/L","T",1,0,0,0,0,"F"
0,2,3,2,"BCBBFX","","","","63/G","T",1,0,0,0,0,"F"
1,0,1,1,"BCX","","","","S7/L","T",0,1,0,0,0,"F"
1,0,0,2,"SSS","narvo001","","","K","T",1,0,1,0,0,"F"
1,1,1,2,"SFBX","narvo001","","","9/L","T",1,0,1,0,0,"F"
1,2,2,2,"C*BBFC","narvo001","","","K","T",1,0,1,0,0,"F"
0,0,1,2,".CBFS","","","","K","T",1,0,0,0,0,"F"
0,1,1,1,"CBX","","","","63/G","T",1,0,0,0,0,"F"
0,2,2,2,"FCBBC","","","","K","T",1,0,0,0,0,"F"
1,0,0,1,"..CX","","","","9/F","T",1,0,0,0,0,"F"
1,1,1,1,"FBX","","","","43/G","T",1,0,0,0,0,"F"
1,2,3,0,"BBBB","","","","W","T",0,1,0,0,0,"F"
1,2,0,2,"1CSS","garcl004","","","K","T",1,0,1,0,0,"F"
0,0,3,2,"TSBBBB","","","","W","T",0,1,0,0,0,"F"
0,0,0,2,"CFX","alony001","","","S9/L.1-3","T",0,1,3,0,0,"F"
0,0,2,2,".11B*BS>F1>B","alleg002","","alony001","SB2","F",0,0,2,0,3,"F"
0,0,3,2,".11B*BS>F1>B.X","","alleg002","alony001","5/L","T",1,0,0,2,3,"F"
0,1,0,1,"SX","","alleg002","alony001","9/F","T",1,0,0,2,3,"F"
0,2,3,2,"CSB*B*BS","","alleg002","alony001","K","T",1,0,0,2,3,"F"
1,0,2,2,"..BFFBS","","","","K","T",1,0,0,0,0,"F"
1,1,3,2,"FBTBBB","","","","W","T",0,1,0,0,0,"F"
1,1,1,2,"CSBX","narvo001","","","E5/FO/G.1-2","T",0,1,2,0,0,"F"
1,1,0,2,"CSS","davim005","narvo001","","K","T",1,0,1,2,0,"F"
1,2,0,2,"FSC","davim005","narvo001","","K","T",1,0,1,2,0,"F"
0,0,1,2,".FBSX","","","","8/L","T",1,0,0,0,0,"F"
0,1,1,1,".CBX","","","","8/F","T",1,0,0,0,0,"F"
0,2,2,2,"BFBFT","","","","K","T",1,0,0,0,0,"F"
1,0,2,2,"BFBFS","","","","K","T",1,0,0,0,0,"F"
1,1,3,2,"BCBBTX","","","","63/G","T",1,0,0,0,0,"F"
1,2,1,2,"CBFS","","","","K","T",1,0,0,0,0,"F"
0,0,0,1,"FX","","","","D9/L+","T",0,2,0,0,0,"F"
0,0,0,2,".SSS","","donaj001","","K","T",1,0,0,2,0,"F"
0,1,2,1,"BFBH","","donaj001","","HP","T",0,1,0,2,0,"F"
0,1,1,2,"BFFX","alleg002","donaj001","","4/L/DP.2X2(46)","T",2,0,1,0,0,"F"
1,0,2,2,"FBBFS","","","","K","T",1,0,0,0,0,"F"
1,1,0,2,"FFS","","","","K","T",1,0,0,0,0,"F"
1,2,3,0,"BBBB","","","","W","T",0,1,0,0,0,"F"
1,2,0,2,"CSX","narvo001","","","DGR/89/F.1-3","T",0,2,3,0,0,"F"
1,2,0,2,".CSFX","","rondj002","narvo001","43/G","T",1,0,0,2,3,"F"
0,0,1,2,".CBSS","","","","K","T",1,0,0,0,0,"F"
0,1,3,1,"BBFBX","","","","3/P3F","T",1,0,0,0,0,"F"
0,2,0,0,".X","","","","63/G","T",1,0,0,0,0,"F"
1,0,3,2,".SBBBFB","","","","W","T",0,1,0,0,0,"F"
1,0,0,1,"CX","moncy001","","","S8/L.1-3","T",0,1,3,0,0,"F"
1,0,0,0,"X","engea001","","moncy001","S8/L.3-H;1-2","T",0,1,2,0,4,"F"
1,0,0,1,"M+2X","sancc001","engea001","","14/BG/SH.2-3;1-2","T",1,0,2,3,0,"F"
1,1,1,1,"FBX","","sancc001","engea001","S8/G.3-H;2-H","T",0,1,0,4,4,"F"
0,0,0,2,"CFX","","","","HR/78/F","T",0,4,0,0,0,"T"
0,0,3,2,"CBFBBS","","","","K","T",1,0,0,0,0,"F"
0,1,1,2,"CBCX","","","","6/L","T",1,0,0,0,0,"F"
0,2,2,2,"CBBCX","","","","S9/L","T",0,1,0,0,0,"F"
0,2,3,2,"CS*B*B*B>B","encae001","","","W.1-2","T",0,1,2,0,0,"F"
0,2,3,2,"BS*BSB>S","donaj001","encae001","","K","T",1,0,1,2,0,"F"
1,0,1,1,"SBX","","","","43/G","T",1,0,0,0,0,"F"
1,1,0,2,"SCS","","","","K","T",1,0,0,0,0,"F"
1,2,2,2,"BSFBFX","","","","9/F","T",1,0,0,0,0,"F"
0,0,3,2,".BBCBCFB","","","","W","T",0,1,0,0,0,"F"
0,0,0,1,"CB","cabrm002","","","WP.1-2","F",0,0,2,0,0,"F"
0,0,1,1,"CB.X","","cabrm002","","E6/G.2-3","T",0,1,0,3,0,"F"
0,0,3,1,"B1B*BCX","kipnj001","","cabrm002","FC5/G.3XH(525);1-2","T",1,1,2,0,0,"F"
0,1,2,2,"BCBFFFFC","perer003","kipnj001","","K","T",1,0,1,2,0,"F"
0,2,1,2,"BFFFC","perer003","kipnj001","","K","T",1,0,1,2,0,"F"
1,0,0,0,"X","","","","3/G","T",1,0,0,0,0,"F"
1,1,0,2,"CCS","","","","K","T",1,0,0,0,0,"F"
1,2,2,2,"BBCSC","","","","K","T",1,0,0,0,0,"F"
0,0,3,1,"CBBBX","","","","D8/L+","T",0,2,0,0,0,"F"
0,0,0,1,"SX","","ramij003","","S9/L.2-H","T",0,1,0,4,0,"F"
0,0,1,2,"CCBFX","encae001","","","3/P3F","T",1,0,1,0,0,"F"
0,1,0,1,"SX","encae001","","","S9/L.1-2","T",0,1,2,0,0,"F"
0,1,2,2,"BFBFFFFS","alony001","encae001","","K","T",1,0,1,2,0,"F"
0,2,1,2,"FBSS","alony001","encae001","","K","T",1,0,1,2,0,"F"
1,0,3,2,"CBCBBFS","","","","K","T",1,0,0,0,0,"F"
1,1,2,2,"CBFFBS","","","","K23","T",1,0,0,0,0,"F"
1,2,3,1,"BCBBB","","","","W","T",0,1,0,0,0,"F"
1,2,0,0,"1X","engea001","","","7/F","T",1,0,1,0,0,"F"
0,0,0,1,".FX","","","","4/L+","T",1,0,0,0,0,"F"
0,1,0,0,"X","","","","63/G","T",1,0,0,0,0,"F"
0,2,3,0,"BBBB","","","","W","T",0,1,0,0,0,"F"
0,2,3,0,"*BBBB","branm003","","","W.1-2","T",0,1,2,0,0,"F"
0,2,2,1,"B*BFX","ramij003","branm003","","HR/78/F.2-H;1-H","T",0,4,4,4,0,"F"
0,2,3,2,"BBFBCB","","","","W","T",0,1,0,0,0,"F"
0,2,0,1,"CX","donaj001","","","9/F","T",1,0,1,0,0,"F"
1,0,0,1,"CX","","","","5/P2F","T",1,0,0,0,0,"F"
1,1,3,1,"BBCBB","","","","W","T",0,1,0,0,0,"F"
1,1,2,2,"CBSFBS","garca003","","","K","T",1,0,1,0,0,"F"
1,2,2,2,"BSCBFC","garca003","","","K","T",1,0,1,0,0,"F"
0,0,2,2,"BBCCX","","","","D8/L+","T",0,2,0,0,0,"F"
0,0,1,2,"CFBX","","cabrm002","","S8/L.2-3","T",0,1,0,3,0,"F"
0,0,2,2,".BS*BS1X","kipnj001","","cabrm002","S8/L.3-H;1-2","T",0,1,2,0,4,"F"
0,0,1,0,"BX","perer003","kipnj001","","S9/L.2-3;1-2","T",0,1,2,3,0,"F"
0,0,1,1,"BCX","lindf001","perer003","kipnj001","7/F/SF.3-H","T",1,0,1,2,4,"F"
0,1,1,1,"*BCX","lindf001","perer003","","3/L/DP.1X1(3)","T",2,0,0,2,0,"F"
1,0,0,1,"FX","","","","3/G","T",1,0,0,0,0,"F"
1,1,1,1,"SBX","","","","63/G","T",1,0,0,0,0,"F"
1,2,2,2,"BBFFFX","","","","S1/G-","T",0,1,0,0,0,"F"
1,2,2,2,"FBBFC","moncy001","","","K","T",1,0,1,0,0,"F"
0,0,0,2,"CSS","","","","K","T",1,0,0,0,0,"F"
0,1,3,2,"CSBBFBB","","","","W","T",0,1,0,0,0,"F"
0,1,0,1,"CX","donaj001","","","D9/L.1-3","T",0,2,3,0,0,"F"
0,1,0,0,"X","","alony001","donaj001","7/F","T",1,0,0,2,3,"F"
0,2,1,2,"BFCX","","alony001","donaj001","D9/G.3-H;2-H","T",0,2,0,4,4,"F"
0,2,3,2,"SBBSBFX","","kipnj001","","DGR/89/L+.2-H","T",0,2,0,4,0,"F"
0,2,1,0,".BX","","perer003","","8/F","T",1,0,0,2,0,"F"
1,0,0,1,"...CX","","","","D9/L","T",0,2,0,0,0,"F"
1,0,0,1,"FX","","sancc001","","53/G-","T",1,0,0,2,0,"F"
1,1,2,2,".SFBFBC","","sancc001","","K","T",1,0,0,2,0,"F"
1,2,2,2,"SS*B*BX","","sancc001","","63/G","T",1,0,0,2,0,"F"
0,0,1,0,".BX","","","","S8/L","T",0,1,0,0,0,"F"
0,0,0,2,".CFFB","barnb002","","","WP.1-2","F",0,0,2,0,0,"F"
0,0,1,2,".CFFB.S","","barnb002","","K","T",1,0,0,2,0,"F"
0,1,1,0,".BX","","barnb002","","8/F.2-3","T",1,0,0,3,0,"F"
0,2,3,1,"BS*B*BB","","","barnb002","W","T",0,1,0,0,3,"F"
0,2,3,2,".B*BFSF*B>X","diazy001","","barnb002","7/F","T",1,0,1,0,3,"F"
1,0,3,2,".....BFBSBFX","","","","8/L+","T",1,0,0,0,0,"F"
1,1,0,0,"X","","","","3/P3F","T",1,0,0,0,0,"F"
1,2,2,1,"CBBX","","","","53/G","T",1,0,0,0,0,"F"
0,0,1,0,"..BH","","","","HP","T",0,1,0,0,0,"F"
0,0,0,0,"X","guyeb001","","","S1/G-.1-2","T",0,1,2,0,0,"F"
0,0,3,2,"C*BCBBX","alleg002","guyeb001","","8/L","T",1,0,1,2,0,"F"
0,1,0,0,"H","alleg002","guyeb001","","HP.2-3;1-2","T",0,1,2,3,0,"F"
0,1,0,2,".CFX","davir003","alleg002","guyeb001","64(1)3/GDP","T",2,0,0,2,3,"F"
1,0,2,2,"....CCBBX","","","","S7/G","T",0,1,0,0,0,"F"
1,0,0,0,"X","moncy001","","","8/F","T",1,0,1,0,0,"F"
1,1,3,2,"CF*BBBFFFC","moncy001","","","K","T",1,0,1,0,0,"F"
1,2,1,2,"CBFC","moncy001","","","K","T",1,0,1,0,0,"F"
0,0,2,0,".BBX","","","","5/P","T",1,0,0,0,0,"F"
0,1,2,2,"CSBBX","","","","13/G","T",1,0,0,0,0,"F"
0,2,2,1,"BFBX","","","","S6/G","T",0,1,0,0,0,"F"
0,2,2,2,"BBSFS","diazy001","","","K","T",1,0,1,0,0,"F"
1,0,0,1,".SH","","","","HP","T",0,1,0,0,0,"F"
1,0,0,1,".CX","cordr001","","","S7/G.1-2","T",0,1,2,0,0,"F"
1,0,1,2,"CC*BS","rondj002","cordr001","","K","T",1,0,1,2,0,"F"
1,1,1,1,"FBX","rondj002","cordr001","","S8/G.2-H;1-2","T",0,1,2,4,0,"F"
1,1,3,2,"BSBBCB","smitk002","rondj002","","W.2-3;1-2","T",0,1,2,3,0,"F"
1,1,1,2,"CSBS","andet001","smitk002","rondj002","K","T",1,0,1,2,3,"F"
1,2,0,2,".CCX","andet001","smitk002","rondj002","S7/G.3-H;2-3;1-2","T",0,1,2,3,4,"F"
1,2,2,2,"BFBFFFX","engea001","andet001","smitk002","8/F","T",1,0,1,2,3,"F"
