0,0,0,0,"X","","","","HR/9/F","T",0,4,0,0,0,"T"
0,0,3,2,"BBSBFB","","","","W","T",0,1,0,0,0,"F"
0,0,1,2,"FFB1H","bryak001","","","HP.1-2","T",0,1,2,0,0,"F"
0,0,2,2,"FSFBBFS","rizza001","bryak001","","K","T",1,0,1,2,0,"F"
0,1,2,2,"SFBBX","rizza001","bryak001","","31/G.2-3;1-2","T",1,0,2,3,0,"F"
0,2,1,1,"BFH","","rizza001","bryak001","HP","T",0,1,0,2,3,"F"
0,2,3,0,"BB*BB","russa002","rizza001","bryak001","W.3-H;2-3;1-2","T",0,1,2,3,4,"F"
0,2,0,0,"H","heywj001","russa002","rizza001","HP.3-H;2-3;1-2","T",0,1,2,3,4,"F"
0,2,2,2,"BBCFX","baezj001","heywj001","russa002","43/G","T",1,0,1,2,3,"F"
1,0,1,1,"BCX","","","","63/G","T",1,0,0,0,0,"F"
1,1,1,1,"BSX","","","","43/G","T",1,0,0,0,0,"F"
1,2,3,2,"CBBFBX","","","","S6/G+.B-2(E6/TH)","T",0,2,0,0,0,"F"
1,2,3,2,"BBCFBB","","casts001","","W","T",0,1,0,2,0,"F"
1,2,0,1,"CX","bourj002","casts001","","S8/L.2-H;1-2","T",0,1,2,4,0,"F"
1,2,0,0,"X","andeb006","bourj002","","5(2)/FO/G.1-2","T",1,1,2,0,0,"F"
0,0,2,2,"CBCFBFFS","","","","K","T",1,0,0,0,0,"F"
0,1,1,2,"CBFX","","","","5/L","T",1,0,0,0,0,"F"
0,2,0,0,"X","","","","HR/9/F","T",0,4,0,0,0,"F"
0,2,1,1,"CBX","","","","3/P3F","T",1,0,0,0,0,"F"
1,0,1,2,"CFBX","","","","43/G","T",1,0,0,0,0,"F"
1,1,3,2,"CFBBBB","","","","W","T",0,1,0,0,0,"F"
1,1,2,2,"BL*BFL","wallc001","","","K/BF","T",1,0,1,0,0,"F"
1,2,1,0,"BX","wallc001","","","64(1)/FO/G","T",1,1,0,0,0,"F"
0,0,0,0,"X","","","","43/G","T",1,0,0,0,0,"F"
0,1,3,1,"BBBCX","","","","S8/L","T",0,1,0,0,0,"F"
0,1,0,0,"X","russa002","","","D9/L.1-3","T",0,2,3,0,0,"F"
0,1,3,0,"VVVV","","heywj001","russa002","IW","T",0,1,0,2,3,"F"
0,1,0,1,"CX","baezj001","heywj001","russa002","46(1)3/GDP","T",2,0,0,2,3,"F"
1,0,2,2,"FFBBX","","","","T8/F","T",0,3,0,0,0,"F"
1,0,3,1,"BBBFB","","","dietd001","W","T",0,1,0,0,3,"F"
1,0,0,2,"CSFX","casts001","","dietd001","53/G-.3-H;1-2","T",1,0,2,0,4,"F"
1,1,0,0,"X","","casts001","","S7/L+.2-H;B-3(E7)","T",0,3,0,4,0,"F"
1,1,1,0,"BX","","","andeb006","S8/G.3-H(UR)","T",0,1,0,0,5,"F"
1,1,3,1,"*BBBCX","coopg002","","","9/F9LF","T",1,0,1,0,0,"F"
1,2,2,2,"BSBSS","coopg002","","","K","T",1,0,1,0,0,"F"
0,0,0,1,"SX","","","","5/P","T",1,0,0,0,0,"F"
0,1,2,2,"BFBCX","","","","D7/G","T",0,2,0,0,0,"F"
0,1,1,1,"2*BCX","","bryak001","","8/F","T",1,0,0,2,0,"F"
0,2,1,0,"*BX","","bryak001","","D7/G+.2-H","T",0,2,0,4,0,"F"
0,2,3,0,"VVVV","","contw001","","IW","T",0,1,0,2,0,"F"
0,2,0,0,"X","schwk001","contw001","","3/P","T",1,0,1,2,0,"F"
1,0,0,0,".X","","","","D7/L","T",0,2,0,0,0,"F"
1,0,0,2,"SSX","","maybc001","","53/G","T",1,0,0,2,0,"F"
1,1,0,1,"CX","","maybc001","","S7/L.2-3","T",0,1,0,3,0,"F"
1,1,1,2,".FBCS","dietd001","","maybc001","K","T",1,0,1,0,3,"F"
1,2,3,2,"BCBCB>X","dietd001","","maybc001","7/F","T",1,0,1,0,3,"F"
0,0,3,1,".CBBBX","","","","8/F","T",1,0,0,0,0,"F"
0,1,1,0,"BX","","","","7/L+","T",1,0,0,0,0,"F"
0,2,1,2,"CFBFX","","","","63/G","T",1,0,0,0,0,"F"
1,0,1,0,"BX","","","","3/G-","T",1,0,0,0,0,"F"
1,1,3,0,"BBBB","","","","W","T",0,1,0,0,0,"F"
1,1,1,1,"BCX","coopg002","","","D9/L.1-3","T",0,2,3,0,0,"F"
1,1,0,2,"CSS","","rojam002","coopg002","K","T",1,0,0,2,3,"F"
1,2,2,2,".BCFFBX","","rojam002","coopg002","6/P","T",1,0,0,2,3,"F"
0,0,2,2,".BBCCS","","","","K","T",1,0,0,0,0,"F"
0,1,1,2,"BSFS","","","","K","T",1,0,0,0,0,"F"
0,2,3,2,"BFSFBFBS","","","","K","T",1,0,0,0,0,"F"
1,0,2,2,".BSBFX","","","","63/G","T",1,0,0,0,0,"F"
1,1,0,2,"FFS","","","","K","T",1,0,0,0,0,"F"
1,2,3,0,"BBBB","","","","W","T",0,1,0,0,0,"F"
1,2,2,2,"CF*B+1BX","casts001","","","7/L","T",1,0,1,0,0,"F"
0,0,3,2,"BCBFBC","","","","K","T",1,0,0,0,0,"F"
0,1,3,1,"BBCBX","","","","HR/89/F","T",0,4,0,0,0,"F"
0,1,1,1,"BCX","","","","S8/L","T",0,1,0,0,0,"F"
0,1,3,2,"BF11FBB>FN","russa002","","","C/E2.1-2","T",0,1,2,0,0,"F"
0,1,0,2,".CSFF*B","heywj001","russa002","","SB3","F",0,0,1,3,0,"F"
0,1,2,2,".CSFF*B.FF1BS","heywj001","","russa002","K","T",1,0,1,0,3,"F"
0,2,3,2,".BBBCC>X","heywj001","","russa002","D9/L+.3-H;1-H(UR)","T",0,2,5,0,4,"F"
0,2,1,2,"BCFFS","","lastt001","","K","T",1,0,0,2,0,"F"
1,0,3,2,"..BBBCCB","","","","W","T",0,1,0,0,0,"F"
1,0,1,2,"SBFFFS","andeb006","","","K","T",1,0,1,0,0,"F"
1,1,0,0,"X","andeb006","","","64(1)3/GDP","T",2,0,0,0,0,"F"
0,0,0,0,"..X","","","","9/F","T",1,0,0,0,0,"F"
0,1,0,2,"LLS","","","","K","T",1,0,0,0,0,"F"
0,2,3,2,"BCBBFS","","","","K","T",1,0,0,0,0,"F"
1,0,2,2,".FFFFBBS","","","","K","T",1,0,0,0,0,"F"
1,1,3,2,"BCFBBX","","","","6/P","T",1,0,0,0,0,"F"
1,2,3,2,"CBBSBX","","","","9/F","T",1,0,0,0,0,"F"
0,0,0,0,"X","","","","2/P2F","T",1,0,0,0,0,"F"
0,1,3,2,"CBBFBFB","","","","W","T",0,1,0,0,0,"F"
0,1,0,0,"X","russa002","","","5/P","T",1,0,1,0,0,"F"
0,2,0,0,"1","russa002","","","PO1(E1).1-2","F",0,0,2,0,0,"F"
0,2,0,0,"1.X","","russa002","","6/L","T",1,0,0,2,0,"F"
1,0,0,2,".CCH","","","","HP","T",0,1,0,0,0,"F"
1,0,0,1,"CX","dietd001","","","9/F","T",1,0,1,0,0,"F"
1,1,1,2,"CBSX","dietd001","","","46(1)3/GDP","T",2,0,0,0,0,"F"
0,0,1,2,"FCFFFBX","","","","63/G","T",1,0,0,0,0,"T"
0,1,1,1,"CBX","","","","D7/L+","T",0,2,0,0,0,"F"
0,1,3,2,"BB2BCFB","","bryak001","","W","T",0,1,0,2,0,"F"
0,1,1,2,"BCFS","rizza001","bryak001","","K","T",1,0,1,2,0,"F"
0,2,0,2,"CCS","rizza001","bryak001","","K","T",1,0,1,2,0,"F"
1,0,1,2,"CCBX","","","","53/G","T",1,0,0,0,0,"F"
1,1,1,1,"CBX","","","","7/F","T",1,0,0,0,0,"F"
1,2,2,2,"BCBCX","","","","S68/G","T",0,1,0,0,0,"F"
1,2,1,1,"FBX","casts001","","","3/G","T",1,0,1,0,0,"F"
0,0,1,2,"CSBFX","","","","43/G","T",1,0,0,0,0,"F"
0,1,0,0,"X","","","","D7/F+","T",0,2,0,0,0,"F"
0,1,2,1,"BSBX","","zobrb001","","9/F.2-3","T",1,0,0,3,0,"F"
0,2,1,2,"SSBS","","","zobrb001","K","T",1,0,0,0,3,"F"
1,0,2,1,"BBCX","","","","43/G","T",1,0,0,0,0,"F"
1,1,3,2,"BBCFBC","","","","K","T",1,0,0,0,0,"F"
1,2,3,2,"BBCBFB","","","","W","T",0,1,0,0,0,"F"
1,2,1,1,"BCX","rojam002","","","9/L","T",1,0,1,0,0,"F"
0,0,1,1,"BCX","","","","6/P","T",1,0,0,0,0,"F"
0,1,1,2,"CCBX","","","","HR/7/F","T",0,4,0,0,0,"F"
0,1,1,2,"CCBFX","","","","53/G","T",1,0,0,0,0,"F"
0,2,2,2,"BFSBFFS","","","","K","T",1,0,0,0,0,"F"
1,0,1,1,"CBX","","","","23/G-","T",1,0,0,0,0,"F"
1,1,0,0,"X","","","","S8/L","T",0,1,0,0,0,"F"
1,1,3,0,"B11BBB","brinl001","","","W.1-2","T",0,1,2,0,0,"F"
1,1,1,0,"BX","dietd001","brinl001","","S7/G.2-H;1-2","T",0,1,2,4,0,"F"
1,1,1,2,"CSBS","casts001","dietd001","","K","T",1,0,1,2,0,"F"
1,2,1,1,"CBX","casts001","dietd001","","64(1)/FO/G","T",1,1,0,2,0,"F"
0,0,0,1,"FX","","","","7/L","T",1,0,0,0,0,"F"
0,1,3,0,"BBBB","","","","W","T",0,1,0,0,0,"F"
0,1,0,2,"C1CX","russa002","","","8/F","T",1,0,1,0,0,"F"
0,2,2,2,"SBSBFS","russa002","","","K","T",1,0,1,0,0,"F"
1,0,0,1,"CH","","","","HP","T",0,1,0,0,0,"F"
1,0,1,1,".1FB1X","maybc001","","","8/F","T",1,0,1,0,0,"F"
1,1,0,2,"1CCS","maybc001","","","K","T",1,0,1,0,0,"F"
1,2,0,2,"C1SFFFS","maybc001","","","K","T",1,0,1,0,0,"F"
0,0,2,2,".BCBFS","","","","K","T",1,0,0,0,0,"F"
0,1,3,2,"BBTBFB","","","","W","T",0,1,0,0,0,"F"
0,1,1,2,"CBF1S","almoa002","","","K","T",1,0,1,0,0,"F"
0,2,0,1,"CX","almoa002","","","8/F","T",1,0,1,0,0,"F"
1,0,1,0,"BX","","","","S8/G","T",0,1,0,0,0,"F"
1,0,0,2,"C.1FX","brinl001","","","56(1)/FO/G","T",1,1,0,0,0,"F"
1,1,0,0,"X","dietd001","","","64(1)3/GDP","T",2,0,0,0,0,"F"
0,0,1,2,"CFBFFX","","","","S7/L+","T",0,1,0,0,0,"F"
0,0,2,2,"F1BBFF1S","contw001","","","K","T",1,0,1,0,0,"F"
0,1,0,1,".FX","contw001","","","8/F","T",1,0,1,0,0,"F"
0,2,1,0,"BX","contw001","","","S9/G.1-3","T",0,1,3,0,0,"F"
0,2,0,1,"CX","zobrb001","","contw001","7/F","T",1,0,1,0,3,"F"
1,0,0,1,"CX","","","","6/P","T",1,0,0,0,0,"F"
1,1,0,2,"CSFS","","","","K","T",1,0,0,0,0,"F"
1,2,3,1,"CBBBB","","","","W","T",0,1,0,0,0,"F"
1,2,3,2,"1*BC1>FB*B>X","maybc001","","","6/L","T",1,0,1,0,0,"F"
0,0,2,2,"..CCBBFFC","","","","K","T",1,0,0,0,0,"F"
0,1,2,2,"BFFBX","","","","9/L","T",1,0,0,0,0,"F"
0,2,3,2,"BBCBCB","","","","W","T",0,1,0,0,0,"F"
0,2,2,1,"BC1BX","bryak001","","","9/F","T",1,0,1,0,0,"F"
1,0,0,0,".X","","","","63/G","T",1,0,0,0,0,"F"
1,1,2,1,".CBBX","","","","3/G","T",1,0,0,0,0,"F"
1,2,2,2,"CSBFBX","","","","S8/G","T",0,1,0,0,0,"F"
1,2,1,1,"F1*BX","brinl001","","","23/G-","T",1,0,1,0,0,"F"
0,0,0,2,".CSX","","","","9/F","T",1,0,0,0,0,"F"
0,1,1,2,"CBCS","","","","K","T",1,0,0,0,0,"F"
0,2,3,1,"BBBCB","","","","W","T",0,1,0,0,0,"F"
0,2,2,2,"BBFSS","russa002","","","K","T",1,0,1,0,0,"F"
1,0,3,2,"..SFBBBS","","","","K","T",1,0,0,0,0,"F"
1,1,0,2,"SCX","","","","S8/L","T",0,1,0,0,0,"F"
1,1,2,2,".FBF*BX","rivey001","","","9/F","T",1,0,1,0,0,"F"
1,2,3,1,"BB+1BCB","rivey001","","","W.1-2","T",0,1,2,0,0,"F"
1,2,0,0,"B","maybc001","rivey001","","PB.2-3;1-2","F",0,0,2,3,0,"F"
1,2,3,1,"B.BFBB","","maybc001","rivey001","W","T",0,1,0,2,3,"F"
1,2,1,2,"FSBFT","rojam002","maybc001","rivey001","K","T",1,0,1,2,3,"F"
0,0,2,2,"...BFBFX","","","","6/P","T",1,0,0,0,0,"F"
0,1,2,2,"BBCSS","","","","K","T",1,0,0,0,0,"F"
0,2,0,1,"CX","","","","S14/G","T",0,1,0,0,0,"F"
0,2,1,1,"BSH","almoa002","","","HP.1-2","T",0,1,2,0,0,"F"
0,2,1,1,"CBX","bryak001","almoa002","","8/F+","T",1,0,1,2,0,"F"
1,0,1,2,".....CFBS","","","","K","T",1,0,0,0,0,"F"
1,1,2,2,"BBFFX","","","","S7/F","T",0,1,0,0,0,"F"
1,1,0,0,"X","brinl001","","","7/F","T",1,0,1,0,0,"F"
1,2,3,0,"BBBB","brinl001","","","W.1-2","T",0,1,2,0,0,"F"
1,2,1,2,"CBTC","casts001","brinl001","","K","T",1,0,1,2,0,"F"
0,0,0,0,"....X","","","","43/G","T",1,0,0,0,0,"F"
0,1,3,2,"BCSBBS","","","","K","T",1,0,0,0,0,"F"
0,2,2,0,"BBX","","","","8/L","T",1,0,0,0,0,"F"
1,0,3,2,"BBSSFBX","","","","63/G","T",1,0,0,0,0,"F"
1,1,1,1,"BCX","","","","9/F","T",1,0,0,0,0,"F"
1,2,3,2,"BBFBCFFB","","","","W","T",0,1,0,0,0,"F"
1,2,0,2,".....SSS","rojam002","","","K","T",1,0,1,0,0,"F"
0,0,2,2,"BFBFX","","","","8/F","T",1,0,0,0,0,"F"
0,1,1,2,"FBSFS","","","","K","T",1,0,0,0,0,"F"
0,2,1,0,"BX","","","","7/F","T",1,0,0,0,0,"F"
1,0,0,0,"X","","","","23/BG","T",1,0,0,0,0,"F"
1,1,3,2,"CBBFFBS","","","","K","T",1,0,0,0,0,"F"
1,2,3,2,"BFFFBFBX","","","","31/G","T",1,0,0,0,0,"F"
0,0,1,0,"BX","","","","8/F","T",1,0,0,0,0,"F"
0,1,1,2,"FCBC","","","","K","T",1,0,0,0,0,"F"
0,2,1,2,"BCCFS","","","","K","T",1,0,0,0,0,"F"
1,0,3,1,"BBCBX","","","","53/G","T",1,0,0,0,0,"F"
1,1,0,2,"CCX","","","","13/G","T",1,0,0,0,0,"F"
1,2,0,2,"FCC","","","","K","T",1,0,0,0,0,"F"
0,0,1,0,"BX","","","","43/G","T",1,0,0,0,0,"F"
0,1,2,2,"BCCFBS","","","","K","T",1,0,0,0,0,"F"
0,2,3,2,"BBCBCX","","","","43/G","T",1,0,0,0,0,"F"
1,0,3,2,"CBBBCB","","","","W","T",0,1,0,0,0,"F"
1,0,0,0,"1>S","maybc001","","","CS2(26)","F",1,0,0,0,0,"F"
1,1,0,1,"1>S.X","","","","53/G","T",1,0,0,0,0,"F"
1,2,2,2,"CCBFBT","","","","K","T",1,0,0,0,0,"F"
0,0,1,1,"FBX","","","","8/F","T",1,0,0,0,0,"F"
0,1,0,1,"FX","","","","63/G","T",1,0,0,0,0,"F"
0,2,1,2,"BFFS","","","","K","T",1,0,0,0,0,"F"
1,0,3,2,"CFBBBX","","","","8/F","T",1,0,0,0,0,"F"
1,1,1,0,"BX","","","","9/F","T",1,0,0,0,0,"F"
1,2,1,2,"CBCX","","","","S8/G","T",0,1,0,0,0,"F"
1,2,1,2,"CFFBX","dietd001","","","54(1)/FO/G","T",1,1,0,0,0,"F"
0,0,3,2,"BBBCFB","","","","W","T",0,1,0,0,0,"F"
0,0,0,1,"FX","carav001","","","S7/L.1-2","T",0,1,2,0,0,"F"
0,0,0,0,"X","bryak001","carav001","","46(1)/FO/G.2-3","T",1,1,0,3,0,"F"
0,1,3,0,"VVVV","rizza001","","carav001","IW.1-2","T",0,1,2,0,3,"F"
0,1,0,1,"SX","contw001","rizza001","carav001","3(B)2(3)/GDP","T",2,0,1,2,0,"F"
1,0,1,2,".CBFX","","","","6/P","T",1,0,0,0,0,"F"
1,1,1,0,"BX","","","","S8/G","T",0,1,0,0,0,"F"
1,1,1,2,"FFBFX","andeb006","","","64(1)/FO/G","T",1,1,0,0,0,"F"
1,2,0,1,"C1X","maybc001","","","5/P","T",1,0,1,0,0,"F"
0,0,3,0,".BBBB","","","","W","T",0,1,0,0,0,"F"
0,0,1,2,"BCCFX","butle001","","","S1/G-.1-2","T",0,1,2,0,0,"F"
0,0,0,1,"SX","zobrb001","butle001","","15(2)/FO/BG.1-2","T",1,1,2,0,0,"F"
0,1,0,2,"CFS","baezj001","zobrb001","","K","T",1,0,1,2,0,"F"
0,2,1,2,"FBFS","baezj001","zobrb001","","K","T",1,0,1,2,0,"F"
1,0,0,2,"SCS","","","","K","T",1,0,0,0,0,"F"
1,1,0,0,"X","","","","43/G","T",1,0,0,0,0,"F"
1,2,0,2,"CSX","","","","E5/TH/G","T",0,1,0,0,0,"F"
1,2,1,0,"BX","brinl001","","","43/G","T",1,0,1,0,0,"F"
0,0,2,0,".BBX","","","","4/L","T",1,0,0,0,0,"F"
0,1,1,2,"BCCX","","","","43/G","T",1,0,0,0,0,"F"
0,2,2,1,"BBSX","","","","63/G","T",1,0,0,0,0,"F"
1,0,1,0,"BX","","","","8/L+","T",1,0,0,0,0,"F"
1,1,0,0,"X","","","","13/G","T",1,0,0,0,0,"F"
1,2,1,0,"BX","","","","S7/L","T",0,1,0,0,0,"F"
1,2,1,0,"BX","andeb006","","","S6/G.1-2","T",0,1,2,0,0,"F"
1,2,1,0,".BX","maybc001","andeb006","","S8/L.2-H;1-2","T",0,1,2,4,0,"F"
0,0,1,2,"SFBX","","","","4/P","T",1,0,0,0,0,"T"
0,1,0,2,"FSS","","","","K","T",1,0,0,0,0,"F"
0,2,1,1,"BSX","","","","63/G","T",1,0,0,0,0,"F"
1,0,2,2,"BFSBH","","","","HP","T",0,1,0,0,0,"F"
1,0,1,2,"BC>FFX","brinl001","","","HR/9/F.1-H","T",0,4,4,0,0,"F"
1,0,0,2,"CCX","","","","8/L","T",1,0,0,0,0,"F"
1,1,2,2,"BCBFFX","","","","31/G","T",1,0,0,0,0,"F"
1,2,0,0,"X","","","","4/P","T",1,0,0,0,0,"F"
0,0,3,1,"BCBBX","","","","S7/L","T",0,1,0,0,0,"F"
0,0,3,1,"BCB1BX","contw001","","","HR/9/F.1-H","T",0,4,4,0,0,"F"
0,0,1,2,"CBCX","","","","D8/L","T",0,2,0,0,0,"F"
0,0,0,0,"X","","russa002","","8/F.2-3","T",1,0,0,3,0,"F"
0,1,1,2,"CFBS","","","russa002","K","T",1,0,0,0,3,"F"
0,2,0,2,"CFS","","","russa002","K","T",1,0,0,0,3,"F"
1,0,2,2,"CCBBFX","","","","63/G","T",1,0,0,0,0,"F"
1,1,1,2,"CBCX","","","","8/F","T",1,0,0,0,0,"F"
1,2,2,2,"BBCFFX","","","","63/G","T",1,0,0,0,0,"F"
0,0,1,2,"BSSS","","","","K","T",1,0,0,0,0,"F"
0,1,0,0,"X","","","","S8/L+","T",0,1,0,0,0,"F"
0,1,1,1,"BCX","bryak001","","","46(1)3/GDP","T",2,0,0,0,0,"F"
1,0,2,2,"BCCBS","","","","K","T",1,0,0,0,0,"F"
1,1,2,2,"BFFBS","","","","K","T",1,0,0,0,0,"F"
1,2,2,2,"BCBSH","","","","HP","T",0,1,0,0,0,"F"
1,2,2,2,"CSBBS","dietd001","","","K","T",1,0,1,0,0,"F"
0,0,3,2,"BSSBBX","","","","13/G","T",1,0,0,0,0,"F"
0,1,0,0,"X","","","","13/G","T",1,0,0,0,0,"F"
0,2,1,2,"FBCS","","","","K23","T",1,0,0,0,0,"F"
1,0,3,2,"BBBCFX","","","","53/G","T",1,0,0,0,0,"F"
1,1,3,2,"BCSBBB","","","","W","T",0,1,0,0,0,"F"
1,1,3,2,"*B11CBBF>S","andeb006","","","K+CS2(24)/DP","T",2,0,0,0,0,"F"
0,0,2,2,"CBBFX","","","","63/G","T",1,0,0,0,0,"F"
0,1,2,1,"FBBX","","","","S9/L+","T",0,1,0,0,0,"F"
0,1,0,0,"1X","heywj001","","","13/BG/SH.1-2","T",1,0,2,0,0,"F"
0,2,3,2,"BS*BBSB","","heywj001","","W","T",0,1,0,2,0,"F"
0,2,3,1,"*BBBCB","happi001","heywj001","","W.2-3;1-2","T",0,1,2,3,0,"F"
0,2,2,2,"BCF*BX","bryak001","happi001","heywj001","S9/L.3-H;2-H;1-H(UR)(NR)(E9);B-2","T",0,2,5,4,4,"F"
0,2,2,2,"S*BBST","","rizza001","","K","T",1,0,0,2,0,"F"
1,0,2,0,"BBX","","","","S12/G+","T",0,1,0,0,0,"F"
1,0,3,0,"B*BBB","rojam002","","","W.1-2","T",0,1,2,0,0,"F"
1,0,1,0,".BX","holab001","rojam002","","S9/G.2-3;1-2","T",0,1,2,3,0,"F"
1,0,1,2,"CSFBX","telit001","holab001","rojam002","S8/F.3-H;2-3;1-2","T",0,1,2,3,4,"F"
1,0,3,2,"CFBFBFBFX","brinl001","telit001","holab001","5/L","T",1,0,1,2,3,"F"
1,1,2,2,"BBCFX","brinl001","telit001","holab001","S7/L.3-H;2-H;1-2","T",0,1,2,4,4,"F"
1,1,0,2,".FSX","casts001","brinl001","","43/G.2-3;1-2","T",1,0,2,3,0,"F"
1,2,1,0,"BX","","casts001","brinl001","9/F9LF","T",1,0,0,2,3,"F"
0,0,3,2,".BCBBFFX","","","","D9/L+","T",0,2,0,0,0,"F"
0,0,2,1,"FBBX","","schwk001","","S9/L.2-3","T",0,1,0,3,0,"F"
0,0,3,0,"BBBB","russa002","","schwk001","W.1-2","T",0,1,2,0,3,"F"
0,0,1,2,"SBFFX","zobrb001","russa002","schwk001","9/F/SF.3-H;2-3","T",1,0,1,3,4,"F"
0,1,1,1,".F*BX","zobrb001","","russa002","6/P","T",1,0,1,0,3,"F"
0,2,1,2,"S*BFX","zobrb001","","russa002","43/G","T",1,0,1,0,3,"F"
1,0,2,1,".CBBX","","","","13/G-","T",1,0,0,0,0,"F"
1,1,2,2,"BCBMX","","","","63/G","T",1,0,0,0,0,"F"
1,2,0,1,"CX","","","","8/F","T",1,0,0,0,0,"F"
0,0,1,1,"BCX","","","","63/G","T",1,0,0,0,0,"F"
0,1,0,2,"CFS","","","","K","T",1,0,0,0,0,"F"
0,2,2,2,"CSBBX","","","","S7/L","T",0,1,0,0,0,"F"
0,2,1,2,"CS*BX","contw001","","","3/G+","T",1,0,1,0,0,"F"
1,0,3,2,".BCBFBB","","","","W","T",0,1,0,0,0,"F"
1,0,1,2,"FC*BS","lee-b001","","","K","T",1,0,1,0,0,"F"
1,1,0,0,"..X","lee-b001","","","7/F","T",1,0,1,0,0,"F"
1,2,2,1,"BCBB","lee-b001","","","PB.1-2","F",0,0,2,0,0,"F"
1,2,3,2,"BCBB.CS","","lee-b001","","K","T",1,0,0,2,0,"F"
0,0,3,2,".BCBFBFX","","","","8/F","T",1,0,0,0,0,"F"
0,1,3,2,"BCBCBFB","","","","W","T",0,1,0,0,0,"F"
0,1,0,0,"X","zobrb001","","","S8/L+.1-3","T",0,1,3,0,0,"F"
0,1,2,2,"BCFBC","heywj001","","zobrb001","K","T",1,0,1,0,3,"F"
0,2,0,2,"FFC","heywj001","","zobrb001","K","T",1,0,1,0,3,"F"
1,0,1,2,"CBFX","","","","31/G","T",1,0,0,0,0,"F"
1,1,1,2,"FSBX","","","","S8/G+","T",0,1,0,0,0,"F"
1,1,1,0,"....BX","andeb006","","","4/P","T",1,0,1,0,0,"F"
1,2,3,2,"BCSBF>FB>X","andeb006","","","S5/G.1-2","T",0,1,2,0,0,"F"
1,2,0,1,"CX","rojam002","andeb006","","S8/L.2-H;1-3","T",0,1,3,4,0,"F"
1,2,1,0,".BX","holab001","","rojam002","4(1)/FO/G","T",1,1,0,0,3,"F"
0,0,1,0,".BX","","","","63/G+","T",1,0,0,0,0,"F"
0,1,1,1,"FBX","","","","63/G","T",1,0,0,0,0,"F"
0,2,1,2,"SBFS","","","","K","T",1,0,0,0,0,"F"
1,0,2,2,"CSBBS","","","","K23","T",1,0,0,0,0,"F"
1,1,0,0,"X","","","","S4/G+","T",0,1,0,0,0,"F"
1,1,1,0,"B1X","dietd001","","","64(1)3/GDP","T",2,0,0,0,0,"F"
0,0,1,1,"SBX","","","","D57/L","T",0,2,0,0,0,"F"
0,0,3,2,"BC*BBFB","","baezj001","","W","T",0,1,0,2,0,"F"
0,0,1,0,"BX","russa002","baezj001","","S9/G.2-H;1-2","T",0,1,2,4,0,"F"
0,0,0,1,"CX","zobrb001","russa002","","16(1)/FO/G.2-3","T",1,1,0,3,0,"F"
0,1,0,0,"X","heywj001","","russa002","FC2/G-.1-2","T",0,1,2,0,3,"F"
0,1,1,1,".BSX","almoa002","heywj001","russa002","2(3)/FO/G-.2-3;1-2","T",1,1,2,3,0,"F"
0,2,0,2,"SFFFX","carav001","almoa002","heywj001","D7/G.3-H;2-H;1-H;B-3(TH)","T",0,3,4,4,4,"F"
0,2,3,2,".BC*BBSFC","","","bryak001","K","T",1,0,0,0,3,"F"
1,0,2,2,".BCBFX","","","","S4/G","T",0,1,0,0,0,"F"
1,0,3,2,"BBBCFX","bourj002","","","54(1)3/GDP","T",2,0,0,0,0,"F"
1,2,0,1,"CX","","","","8/F","T",1,0,0,0,0,"F"
0,0,2,2,"CBBFX","","","","63/G","T",1,0,0,0,0,"T"
0,1,3,2,"CSFBBBB","","","","W","T",0,1,0,0,0,"F"
0,1,1,1,"C*B1X","bryak001","","","S7/G.1-2","T",0,1,2,0,0,"F"
0,1,2,2,"BCBCFFX","rizza001","bryak001","","8/L","T",1,0,1,2,0,"F"
0,2,0,1,"CX","rizza001","bryak001","","8/L+","T",1,0,1,2,0,"F"
1,0,3,2,"BFCBFFBX","","","","43/G+","T",1,0,0,0,0,"F"
1,1,2,2,"BFBFFFX","","","","8/F","T",1,0,0,0,0,"F"
1,2,3,0,"BBBB","","","","W","T",0,1,0,0,0,"F"
1,2,3,2,"C*BF1BB>X","casts001","","","53/G","T",1,0,1,0,0,"F"
0,0,2,2,"SBBCFX","","","","9/F","T",1,0,0,0,0,"F"
0,1,1,1,"CBX","","","","63/G","T",1,0,0,0,0,"F"
0,2,0,2,"FFX","","","","9/L+","T",1,0,0,0,0,"F"
1,0,2,2,"CFBBX","","","","63/G","T",1,0,0,0,0,"F"
1,1,0,2,"CFX","","","","8/F","T",1,0,0,0,0,"F"
1,2,3,2,"CBFBBFX","","","","63/G","T",1,0,0,0,0,"F"
0,0,0,2,"CFS","","","","K","T",1,0,0,0,0,"F"
0,1,0,0,"X","","","","S7/L","T",0,1,0,0,0,"F"
0,1,1,1,"C*BX","almoa002","","","S7/L.1-3","T",0,1,3,0,0,"F"
0,1,1,1,"BCX","bryak001","","almoa002","6/P","T",1,0,1,0,3,"F"
0,2,1,0,"BX","bryak001","","almoa002","64(1)/FO/G","T",1,1,0,0,3,"F"
1,0,2,2,"BBFCFX","","","","43/G","T",1,0,0,0,0,"F"
1,1,2,2,"BCFBX","","","","53/G","T",1,0,0,0,0,"F"
1,2,0,1,"CX","","","","7/F+","T",1,0,0,0,0,"F"
0,0,0,1,"FX","","","","D8/L+","T",0,2,0,0,0,"F"
0,0,3,1,"BCBBX","","schwk001","","53/G","T",1,0,0,2,0,"F"
0,1,1,0,"BX","","schwk001","","S3/G.2-3","T",0,1,0,3,0,"F"
0,1,0,0,"X","heywj001","","schwk001","FC3/BG-.3XH(325);1-2","T",1,1,2,0,0,"F"
0,2,1,2,"FBFC","baezj001","heywj001","","K","T",1,0,1,2,0,"F"
1,0,0,0,"X","","","","8/F","T",1,0,0,0,0,"F"
1,1,0,1,"CX","","","","7/F+","T",1,0,0,0,0,"F"
1,2,3,2,"BBFFBB","","","","W","T",0,1,0,0,0,"F"
1,2,0,2,"CSS","andeb006","","","K","T",1,0,1,0,0,"F"
0,0,2,0,"BBX","","","","9/F","T",1,0,0,0,0,"F"
0,1,1,1,"BSX","","","","43/G","T",1,0,0,0,0,"F"
0,2,3,0,"BBBH","","","","HP","T",0,1,0,0,0,"F"
0,2,0,1,"CX","rizza001","","","D8/L.1-3","T",0,2,3,0,0,"F"
0,2,3,2,"BCBSBFX","","russa002","rizza001","3/G","T",1,0,0,2,3,"F"
1,0,0,1,"CX","","","","D7/G","T",0,2,0,0,0,"F"
1,0,3,1,"B*BCBX","","maybc001","","63/G.2-3","T",1,0,0,3,0,"F"
1,1,0,0,"X","","","maybc001","S9/G.3-H","T",0,1,0,0,4,"F"
1,1,0,1,"..FX","wallc001","","","13/BG/SH.1-2","T",1,0,2,0,0,"F"
1,2,3,0,"..BVVV","","wallc001","","IW","T",0,1,0,2,0,"F"
1,2,0,1,"SX","brinl001","wallc001","","S9/G.2-H;1-3","T",0,1,3,4,0,"F"
1,2,3,2,"CBBBS*B","dietd001","","brinl001","W.1-2","T",0,1,2,0,3,"F"
1,2,1,0,"BX","casts001","dietd001","brinl001","D9/L+.3-H;2-H;1-H;BX3(945)","T",1,0,4,4,4,"F"
0,0,1,1,".BFX","","","","7/L","T",1,0,0,0,0,"F"
0,1,2,1,"BFBX","","","","8/F","T",1,0,0,0,0,"F"
0,2,0,0,"X","","","","63/G","T",1,0,0,0,0,"F"
1,0,1,1,"CBX","","","","7/L","T",1,0,0,0,0,"F"
1,1,3,1,"CBBBX","","","","8/F","T",1,0,0,0,0,"F"
1,2,1,0,"BX","","","","S68/G","T",0,1,0,0,0,"F"
1,2,1,1,"BF1X","rivey001","","","D7/L.1-3","T",0,2,3,0,0,"F"
1,2,0,2,".CCFB","","wallc001","rivey001","WP.3-H(NR);2-3","F",0,0,0,3,4,"F"
1,2,1,2,".CCFB.S","","","wallc001","K","T",1,0,0,0,3,"F"
0,0,3,2,"..BFFBBX","","","","S7/L","T",0,1,0,0,0,"F"
0,0,0,0,"X","lastt001","","","9/F","T",1,0,1,0,0,"F"
0,1,1,2,"SFBC","lastt001","","","K","T",1,0,1,0,0,"F"
0,2,1,1,"BFX","lastt001","","","9/L+","T",1,0,1,0,0,"F"
1,0,1,2,".SSBS","","","","K","T",1,0,0,0,0,"F"
1,1,2,1,"BSBX","","","","8/F","T",1,0,0,0,0,"F"
1,2,1,0,"BX","","","","S8/L+","T",0,1,0,0,0,"F"
1,2,2,2,"C*BF*BS","casts001","","","K","T",1,0,1,0,0,"F"
0,0,0,2,".CTX","","","","13/G","T",1,0,0,0,0,"F"
0,1,3,2,"BSBBCFX","","","","S3/G","T",0,1,0,0,0,"F"
0,1,1,2,"CCBS","schwk001","","","K","T",1,0,1,0,0,"F"
0,2,2,1,"T*BBX","schwk001","","","13/G","T",1,0,1,0,0,"F"
1,0,2,0,"BBX","","","","D7/L+","T",0,2,0,0,0,"F"
1,0,0,2,"CSFS","","rojam002","","K","T",1,0,0,2,0,"F"
1,1,0,0,"X","","rojam002","","31/G.2-3","T",1,0,0,3,0,"F"
1,2,3,0,"BBBB","","","rojam002","W","T",0,1,0,0,3,"F"
1,2,3,1,".BBCBX","wallc001","","rojam002","6/P","T",1,0,1,0,3,"F"
0,0,1,2,".FSBS","","","","K","T",1,0,0,0,0,"F"
0,1,1,0,".BX","","","","6/P","T",1,0,0,0,0,"F"
0,2,1,2,"CFBS","","","","K","T",1,0,0,0,0,"F"
0,0,3,2,"BBBCFX","","","","6/P","T",1,0,0,0,0,"T"
0,1,0,2,"TSS","","","","K","T",1,0,0,0,0,"F"
0,2,0,1,"CX","","","","63/G+","T",1,0,0,0,0,"F"
1,0,0,0,"X","","","","2/BG/BINT","T",1,0,0,0,0,"F"
1,1,3,2,"CSBBBT","","","","K","T",1,0,0,0,0,"F"
1,2,3,2,"CBFBBS","","","","K","T",1,0,0,0,0,"F"
0,0,3,2,"BFTBBS","","","","K","T",1,0,0,0,0,"F"
0,1,1,1,"CBX","","","","43/G","T",1,0,0,0,0,"F"
0,2,1,1,"CBX","","","","31/G","T",1,0,0,0,0,"F"
1,0,2,0,"BBX","","","","HR/9/F","T",0,4,0,0,0,"F"
1,0,1,0,"BX","","","","63/G","T",1,0,0,0,0,"F"
1,1,1,0,"BX","","","","63/G","T",1,0,0,0,0,"F"
1,2,0,2,"CFS","","","","K","T",1,0,0,0,0,"F"
0,0,2,2,"SSBBS","","","","K","T",1,0,0,0,0,"F"
0,1,3,2,"FFBFBBX","","","","S9/L","T",0,1,0,0,0,"F"
0,1,1,2,"BLL1L","vazqc001","","","K/BF","T",1,0,1,0,0,"F"
0,2,3,2,"CB*BFB>F>X","vazqc001","","","S7/L.1-2","T",0,1,2,0,0,"F"
0,2,2,2,"BB2TFX","bettm001","vazqc001","","5/P5F","T",1,0,1,2,0,"F"
1,0,2,0,"BBX","","","","53/G","T",1,0,0,0,0,"F"
1,1,1,2,"CCBS","","","","K","T",1,0,0,0,0,"F"
1,2,0,2,"CSFX","","","","S9/L","T",0,1,0,0,0,"F"
1,2,3,1,"BB*BC1B","brinl001","","","W.1-2","T",0,1,2,0,0,"F"
1,2,1,2,"BCCX","dietd001","brinl001","","S4/G.2-3;1-2","T",0,1,2,3,0,"F"
1,2,0,0,"X","casts001","dietd001","brinl001","64(1)/FO/G","T",1,1,0,2,3,"F"
0,0,3,0,"BBBX","","","","4/P","T",1,0,0,0,0,"F"
0,1,3,2,"BFBBCC","","","","K","T",1,0,0,0,0,"F"
0,2,2,2,"BBCFX","","","","S2/G-","T",0,1,0,0,0,"F"
0,2,1,2,"1C1BFX","bogax001","","","D7/G.1-H","T",0,2,4,0,0,"F"
0,2,3,1,"2BBBCB","","nunee002","","W","T",0,1,0,2,0,"F"
0,2,0,0,"X","bradj001","nunee002","","D57/L.2-H;1-H","T",0,2,4,4,0,"F"
0,2,2,2,"CFBBFX","","vazqc001","","53/G","T",1,0,0,2,0,"F"
1,0,2,2,"BCCBX","","","","S7/G+","T",0,1,0,0,0,"F"
1,0,1,2,"CC*BX","bourj002","","","S8/G.1-2","T",0,1,2,0,0,"F"
1,0,1,0,"*BX","maybc001","bourj002","","9/L","T",1,0,1,2,0,"F"
1,1,2,2,"CCBBX","maybc001","bourj002","","46(1)3/GDP","T",2,0,0,2,0,"F"
0,0,2,1,"CBBX","","","","8/F","T",1,0,0,0,0,"F"
0,1,1,0,"BX","","","","S3/G-","T",0,1,0,0,0,"F"
0,1,1,1,"*B>FX","benia002","","","HR/7/L.1-H","T",0,4,4,0,0,"F"
0,1,0,1,"FX","","","","S49/L","T",0,1,0,0,0,"F"
0,1,3,2,"..BTBCB>S","dever001","","","K+CS2(24)/DP","T",2,0,0,0,0,"F"
1,0,1,1,"CBX","","","","9/F","T",1,0,0,0,0,"F"
1,1,1,0,"BX","","","","53/G","T",1,0,0,0,0,"F"
1,2,2,2,"BBCCC","","","","K","T",1,0,0,0,0,"F"
0,0,0,0,"X","","","","63/G","T",1,0,0,0,0,"F"
0,1,3,2,"CBSBFBX","","","","43/G+","T",1,0,0,0,0,"F"
0,2,0,1,"CX","","","","43/G","T",1,0,0,0,0,"F"
1,0,0,0,"X","","","","S8/L+","T",0,1,0,0,0,"F"
1,0,3,1,"BCBBB","casts001","","","W.1-2","T",0,1,2,0,0,"F"
1,0,0,0,"X","andeb006","casts001","","7/F","T",1,0,1,2,0,"F"
1,1,1,1,"BCX","andeb006","casts001","","8/F","T",1,0,1,2,0,"F"
1,2,0,1,"CX","andeb006","casts001","","3/P3F","T",1,0,1,2,0,"F"
0,0,0,1,"..CX","","","","8/F","T",1,0,0,0,0,"F"
0,1,1,2,"CBCX","","","","HR/7/F","T",0,4,0,0,0,"F"
0,1,3,2,"BCCBFFBB","","","","W","T",0,1,0,0,0,"F"
0,1,1,1,"TBX","benia002","","","7/F","T",1,0,1,0,0,"F"
0,2,0,1,"CX","benia002","","","9/L+","T",1,0,1,0,0,"F"
1,0,2,2,"..BFCBS","","","","K","T",1,0,0,0,0,"F"
1,1,0,2,"CSFX","","","","S9/L","T",0,1,0,0,0,"F"
1,1,2,1,"BFBX","telit001","","","8/F","T",1,0,1,0,0,"F"
1,2,2,1,"TBBX","telit001","","","9/F","T",1,0,1,0,0,"F"
0,0,1,0,"..BX","","","","S8/G+","T",0,1,0,0,0,"F"
0,0,0,1,"FX","bogax001","","","9/F","T",1,0,1,0,0,"F"
0,1,3,2,"CBBBF*B","bogax001","","","W.1-2","T",0,1,2,0,0,"F"
0,1,1,2,"CF*BX","bradj001","bogax001","","9/L.2-3","T",1,0,1,3,0,"F"
0,2,2,1,".BFBX","bradj001","","bogax001","13/G","T",1,0,1,0,3,"F"
1,0,1,1,".BCX","","","","D8/L+","T",0,2,0,0,0,"F"
1,0,0,0,"H","","casts001","","HP","T",0,1,0,2,0,"F"
1,0,3,2,"CBFBBS","andeb006","casts001","","K","T",1,0,1,2,0,"F"
1,1,2,0,"BBX","andeb006","casts001","","S8/L.2-H;1-2","T",0,1,2,4,0,"F"
1,1,0,1,"CX","maybc001","andeb006","","16(1)/FO/G.2-3","T",1,1,0,3,0,"F"
1,2,2,0,"B*BX","rojam002","","andeb006","43/G","T",1,0,1,0,3,"F"
0,0,1,0,"BX","","","","9/F","T",1,0,0,0,0,"F"
0,1,0,1,"FX","","","","43/G","T",1,0,0,0,0,"F"
0,2,1,0,"BX","","","","S8/G","T",0,1,0,0,0,"F"
0,2,1,1,"*BC>S","ramih003","","","SB2","F",0,0,2,0,0,"F"
0,2,1,2,"*BC>S.X","","ramih003","","D8/L+.2-H","T",0,2,0,4,0,"F"
0,2,1,1,"BCX","","dever001","","8/F","T",1,0,0,2,0,"F"
1,0,3,2,"BBCBCFB","","","","W","T",0,1,0,0,0,"F"
1,0,1,2,"CBSX","telit001","","","S8/G+.1-2","T",0,1,2,0,0,"F"
1,0,0,1,".FB","brinl001","telit001","","WP.2-3;1-2","F",0,0,2,3,0,"F"
1,0,1,2,".FB.SX","","brinl001","telit001","53/G","T",1,0,0,2,3,"F"
1,1,0,2,"SSX","","brinl001","telit001","3/G.3-H;2-3","T",1,0,0,3,4,"F"
1,2,1,0,"BX","","","brinl001","6/P","T",1,0,0,0,3,"F"
0,0,2,0,"BBX","","","","3/P","T",1,0,0,0,0,"T"
0,1,3,1,"BFBBB","","","","W","T",0,1,0,0,0,"F"
0,1,1,0,"B>C","benia002","","","SB2","F",0,0,2,0,0,"F"
0,1,2,2,"B>C.FBFX","","benia002","","7/F","T",1,0,0,2,0,"F"
0,2,3,0,"BB*BX","","benia002","","S8/G+.2-H","T",0,1,0,4,0,"F"
0,2,3,2,"BCSBFFB>S","martj006","","","K","T",1,0,1,0,0,"F"
1,0,1,2,"CBSFX","","","","13/G","T",1,0,0,0,0,"F"
1,1,2,2,"SBSBC","","","","K","T",1,0,0,0,0,"F"
1,2,3,2,"BBCCFBFFFFX","","","","S6/G","T",0,1,0,0,0,"F"
1,2,3,2,"*BCBSB>C","casts001","","","K","T",1,0,1,0,0,"F"
0,0,2,2,"CCBBX","","","","43/G","T",1,0,0,0,0,"F"
0,1,2,2,"CBFBX","","","","63/G","T",1,0,0,0,0,"F"
0,2,0,1,"CX","","","","43/G","T",1,0,0,0,0,"F"
1,0,0,2,"SSX","","","","8/L","T",1,0,0,0,0,"F"
1,1,3,2,"CSBBBX","","","","S7/L+","T",0,1,0,0,0,"F"
1,1,3,2,"BBF1BFF>X","maybc001","","","9/F/DP.1X1(93)","T",2,0,0,0,0,"F"
0,0,0,2,"SFFC","","","","K","T",1,0,0,0,0,"F"
0,1,0,1,"SX","","","","4/P","T",1,0,0,0,0,"F"
0,2,1,2,"BFTC","","","","K","T",1,0,0,0,0,"F"
1,0,2,2,"BBSCFX","","","","9/F","T",1,0,0,0,0,"F"
1,1,1,2,"CMBFS","","","","K","T",1,0,0,0,0,"F"
1,2,0,2,"SSS","","","","K","T",1,0,0,0,0,"F"
0,0,1,2,"CFFBX","","","","9/F","T",1,0,0,0,0,"F"
0,1,3,2,"CBFBBC","","","","K","T",1,0,0,0,0,"F"
0,2,0,2,"CCS","","","","K","T",1,0,0,0,0,"F"
1,0,2,1,"BBSX","","","","S9/L","T",0,1,0,0,0,"F"
1,0,3,1,"BCBBX","dietd001","","","64(1)3/GDP","T",2,0,0,0,0,"F"
1,2,0,2,"SSX","","","","S8/L+","T",0,1,0,0,0,"F"
1,2,1,2,"BCSX","andeb006","","","D9/L.1-H","T",0,2,4,0,0,"F"
1,2,2,2,"CCBBS","","bourj002","","K","T",1,0,0,2,0,"F"
0,0,2,2,"CBFFBFFX","","","","D9/L","T",0,2,0,0,0,"F"
0,0,0,0,"X","","dever001","","FC1/G.2X3(15)","T",1,1,0,0,0,"F"
0,1,1,2,"C*B1SFS","vazqc001","","","K","T",1,0,1,0,0,"F"
0,2,1,2,"SBFS","vazqc001","","","K","T",1,0,1,0,0,"F"
1,0,3,1,"BBCBX","","","","5/P5F","T",1,0,0,0,0,"F"
1,1,1,2,"CCFFBC","","","","K","T",1,0,0,0,0,"F"
1,2,1,2,"CBSX","","","","23/BG","T",1,0,0,0,0,"F"
0,0,1,1,"CBX","","","","9/F","T",1,0,0,0,0,"F"
0,1,3,2,"CBBFBX","","","","S8/G","T",0,1,0,0,0,"F"
0,1,0,0,"11X","benia002","","","S8/L.1-2","T",0,1,2,0,0,"F"
0,1,2,2,"SBBFFX","ramih003","benia002","","64(1)3/GDP","T",2,0,0,2,0,"F"
1,0,2,2,".CFBFBC","","","","K","T",1,0,0,0,0,"F"
1,1,2,2,"BBCFS","","","","K","T",1,0,0,0,0,"F"
1,2,3,2,"BBCSFBFFX","","","","63/G","T",1,0,0,0,0,"F"
0,0,0,1,"FX","","","","63/G","T",1,0,0,0,0,"F"
0,1,2,2,"FFBBX","","","","63/G","T",1,0,0,0,0,"F"
0,2,2,2,"BCBFFX","","","","53/G","T",1,0,0,0,0,"F"
1,0,2,2,"BFBFX","","","","7/F","T",1,0,0,0,0,"F"
1,1,0,2,"CCS","","","","K","T",1,0,0,0,0,"F"
1,2,1,1,"CBX","","","","S7/L","T",0,1,0,0,0,"F"
1,2,0,1,".11C1>B","maybc001","","","SB2","F",0,0,2,0,0,"F"
1,2,1,2,".11C1>B..CFS","","maybc001","","K","T",1,0,0,2,0,"F"
0,0,2,1,".FBBX","","","","D8/L","T",0,2,0,0,0,"F"
0,0,3,2,".BBF2FBX","","bradj001","","8/F.2-3","T",1,0,0,3,0,"F"
0,1,0,0,"X","","","bradj001","FC4/G.3XH(42)","T",1,1,0,0,0,"F"
0,2,1,1,"1B1C>C","nunee002","","","CS2(26)","F",1,0,0,0,0,"F"
1,0,1,1,".BCX","","","","63/G","T",1,0,0,0,0,"F"
1,1,2,2,".BFCFBFFS","","","","K","T",1,0,0,0,0,"F"
1,2,0,2,"CCX","","","","5/L+","T",1,0,0,0,0,"F"
0,0,0,1,".CX","","","","13/G","T",1,0,0,0,0,"F"
0,1,3,2,"BFBBCS","","","","K","T",1,0,0,0,0,"F"
0,2,1,1,"BFX","","","","31/G-","T",1,0,0,0,0,"F"
1,0,0,0,"X","","","","5/P5F","T",1,0,0,0,0,"F"
1,1,1,1,"FBX","","","","9/F","T",1,0,0,0,0,"F"
1,2,3,2,"BBCBFB","","","","W","T",0,1,0,0,0,"F"
1,2,2,2,"BCBCX","andeb006","","","6/L","T",1,0,1,0,0,"F"
0,0,2,1,".CBBX","","","","43/G","T",1,0,0,0,0,"F"
0,1,0,0,"X","","","","7/F","T",1,0,0,0,0,"F"
0,2,1,2,"CBFX","","","","S7/L","T",0,1,0,0,0,"F"
0,2,3,2,"FBFBB>X","vazqc001","","","53/G","T",1,0,1,0,0,"F"
1,0,1,1,".CBX","","","","43/G","T",1,0,0,0,0,"F"
1,1,0,0,"X","","","","S8/L","T",0,1,0,0,0,"F"
1,1,0,2,"F1SFS","rojam002","","","K","T",1,0,1,0,0,"F"
1,2,2,2,".BSB>F>B","rojam002","","","SB2","F",0,0,2,0,0,"F"
1,2,3,2,".BSB>F>B.B","","rojam002","","W","T",0,1,0,2,0,"F"
1,2,2,0,"BBX","rivey001","rojam002","","9/F","T",1,0,1,2,0,"F"
0,0,3,2,"..BFCBBX","","","","8/F","T",1,0,0,0,0,"F"
0,1,2,2,"CFBBX","","","","D7/L","T",0,2,0,0,0,"F"
0,1,0,1,"TX","","nunee002","","S9/L.2-H;B-2(TH)","T",0,2,0,4,0,"F"
0,1,0,1,"SX","","benia002","","1/L","T",1,0,0,2,0,"F"
0,2,2,2,"SSBBS","","benia002","","K","T",1,0,0,2,0,"F"
1,0,1,2,"..BFFS","","","","K23","T",1,0,0,0,0,"F"
1,1,0,1,"FX","","","","9/L+","T",1,0,0,0,0,"F"
1,2,3,2,"BBCFBB","","","","W","T",0,1,0,0,0,"F"
1,2,3,2,"BSBBC>B","andeb006","","","W.1-2","T",0,1,2,0,0,"F"
1,2,1,0,"BX","bourj002","andeb006","","D7/L+.2-H;1XH(762)","T",1,2,0,4,0,"F"
0,0,0,2,"FSFX","","","","43/G","T",1,0,0,0,0,"F"
0,1,0,1,"SX","","","","S8/G","T",0,1,0,0,0,"F"
0,1,1,2,"CS*BX","dever001","","","46(1)3/GDP","T",2,0,0,0,0,"F"
1,0,2,2,"..BBCFX","","","","3/G","T",1,0,0,0,0,"F"
1,1,1,2,"FBSS","","","","K","T",1,0,0,0,0,"F"
1,2,0,2,".CSS","","","","K","T",1,0,0,0,0,"F"
0,0,1,1,".BFX","","","","143/G","T",1,0,0,0,0,"F"
0,1,1,0,"BX","","","","S8/G","T",0,1,0,0,0,"F"
0,1,0,2,"1FF1X","bettm001","","","53/G.1-2","T",1,0,2,0,0,"F"
0,2,3,0,"BBVV","","bettm001","","IW","T",0,1,0,2,0,"F"
0,2,1,1,"BFX","benia002","bettm001","","D7/L+.2-H;1-H","T",0,2,4,4,0,"F"
0,2,0,2,"CFX","","ramih003","","S4/G.2-3","T",0,1,0,3,0,"F"
0,2,0,0,"X","leons001","","ramih003","9/L","T",1,0,1,0,3,"F"
1,0,1,1,"CBX","","","","53/G","T",1,0,0,0,0,"F"
1,1,1,2,"BCFFX","","","","S7/F","T",0,1,0,0,0,"F"
1,1,1,2,"FBSX","dietd001","","","4(1)/FO/G","T",1,1,0,0,0,"F"
1,2,2,2,"C*BSFBFFT","casts001","","","K","T",1,0,1,0,0,"F"
0,0,0,1,"FX","","","","S8/L","T",0,1,0,0,0,"T"
0,0,2,0,"BBX","confm001","","","7/F","T",1,0,1,0,0,"F"
0,1,2,1,"B1*BS>C","confm001","","","CS2(26)","F",1,0,0,0,0,"F"
0,2,2,2,"B1*BS>C.FX","","","","3/G","T",1,0,0,0,0,"F"
1,0,2,1,"BFBX","","","","43/G","T",1,0,0,0,0,"F"
1,1,1,1,"BSX","","","","63/G","T",1,0,0,0,0,"F"
1,2,2,2,"BFCBS","","","","K","T",1,0,0,0,0,"F"
0,0,3,0,"BBBB","","","","W","T",0,1,0,0,0,"F"
0,0,0,2,"SSX","frazt001","","","S8/G.1-2","T",0,1,2,0,0,"F"
0,0,3,2,"SB2BBSX","cabra002","frazt001","","S9/L.2-H;1-3","T",0,1,3,4,0,"F"
0,0,1,0,"BX","gonza003","","cabra002","54(1)3/GDP.3-H","T",2,0,0,0,4,"F"
0,2,2,2,"SSBBC","","","","K","T",1,0,0,0,0,"F"
1,0,0,0,"X","","","","23/G-","T",1,0,0,0,0,"F"
1,1,0,2,"CFX","","","","53/G","T",1,0,0,0,0,"F"
1,2,2,2,"CSBFBT","","","","K","T",1,0,0,0,0,"F"
0,0,3,2,"BBBCCX","","","","D8/F+","T",0,2,0,0,0,"F"
0,0,1,2,"BCCX","","rosaa003","","7/F","T",1,0,0,2,0,"F"
0,1,2,2,"BBCFS","","rosaa003","","K","T",1,0,0,2,0,"F"
0,2,2,2,"SBFFBX","","rosaa003","","S8/L.2-H","T",0,1,0,4,0,"F"
0,2,1,1,"FBX","brucj001","","","8/F","T",1,0,1,0,0,"F"
1,0,1,1,"CBX","","","","S7/L.BX2(74)","T",1,0,0,0,0,"F"
1,1,3,2,"BSFBBX","","","","8/L","T",1,0,0,0,0,"F"
1,2,1,2,"FBCS","","","","K","T",1,0,0,0,0,"F"
0,0,2,0,"BBX","","","","43/G","T",1,0,0,0,0,"F"
0,1,0,1,"FX","","","","9/F","T",1,0,0,0,0,"F"
0,2,1,2,"FBCFX","","","","53/G","T",1,0,0,0,0,"F"
1,0,1,2,"SBSH","","","","HP","T",0,1,0,0,0,"F"
1,0,1,0,"BX","dietd001","","","S9/G.1-2","T",0,1,2,0,0,"F"
1,0,1,0,"BX","rojam002","dietd001","","64(1)3/GDP.2-3","T",2,0,0,3,0,"F"
1,2,1,1,"*BCX","","","dietd001","31/G","T",1,0,0,0,3,"F"
0,0,1,2,"CBSFS","","","","K","T",1,0,0,0,0,"F"
0,1,3,2,"BCBBCS","","","","K","T",1,0,0,0,0,"F"
0,2,1,2,"CBFX","","","","5/P","T",1,0,0,0,0,"F"
1,0,1,2,"CBSX","","","","E6/G.B-2","T",0,2,0,0,0,"F"
1,0,0,0,"X","","andeb006","","9/F","T",1,0,0,2,0,"F"
1,1,2,2,"CBBFT","","andeb006","","K","T",1,0,0,2,0,"F"
1,2,3,1,"CBBB*B","","andeb006","","W","T",0,1,0,2,0,"F"
1,2,3,1,".*BBBCB","holab001","andeb006","","W.2-3;1-2","T",0,1,2,3,0,"F"
1,2,1,1,"FBX","telit001","holab001","andeb006","S7/L.3-H(UR);2-3;1-2","T",0,1,2,3,5,"F"
1,2,1,2,"CBSX","dietd001","telit001","holab001","64(1)/FO/G","T",1,1,0,2,3,"F"
0,0,1,2,".FFBS","","","","K","T",1,0,0,0,0,"F"
0,1,3,2,"BBBFS*B","","","","W","T",0,1,0,0,0,"F"
0,1,1,2,"CSBFX","brucj001","","","7/L+","T",1,0,1,0,0,"F"
0,2,0,1,"1CX","brucj001","","","7/F","T",1,0,1,0,0,"F"
1,0,0,1,"CX","","","","S7/L","T",0,1,0,0,0,"F"
1,0,3,2,"CS*BBBFS","casts001","","","K","T",1,0,1,0,0,"F"
1,1,1,0,"B>B","casts001","","","SB2","F",0,0,2,0,0,"F"
1,1,2,0,"B>B.X","","casts001","","D7/L.2-H","T",0,2,0,4,0,"F"
1,1,0,2,"CCX","","andeb006","","63/G.2-3","T",1,0,0,3,0,"F"
1,2,1,0,"BX","","","andeb006","63/G","T",1,0,0,0,3,"F"
0,0,3,1,"CBBBB","","","","W","T",0,1,0,0,0,"F"
0,0,2,2,"C1S*BFBS","gonza003","","","K","T",1,0,1,0,0,"F"
0,1,3,2,"....BFFBBX","gonza003","","","E3/TH/FO/G.1-3","T",0,1,3,0,0,"F"
0,1,0,1,"S1X","nimmb001","","gonza003","S7/L.3-H(UR);1-3;B-2(TH)","T",0,2,3,0,5,"F"
0,1,3,0,"B*BBB","","rosaa003","nimmb001","W","T",0,1,0,2,3,"F"
0,1,3,2,"BFBCBFS","confm001","rosaa003","nimmb001","K","T",1,0,1,2,3,"F"
0,2,3,2,"BS*BS*B>C","confm001","rosaa003","nimmb001","K","T",1,0,1,2,3,"F"
1,0,2,1,".CBBX","","","","9/F","T",1,0,0,0,0,"F"
1,1,1,0,"BX","","","","63/G","T",1,0,0,0,0,"F"
1,2,3,2,"CBFBBFFFX","","","","S9/L","T",0,1,0,0,0,"F"
1,2,1,2,"CBFX","dietd001","","","S8/L.1-2","T",0,1,2,0,0,"F"
1,2,0,2,"FCS","rojam002","dietd001","","K","T",1,0,1,2,0,"F"
0,0,3,1,".BBBFB","","","","W","T",0,1,0,0,0,"F"
0,0,2,2,"FB1FBX","frazt001","","","7/F","T",1,0,1,0,0,"F"
0,1,2,0,"BBX","frazt001","","","3/L/DP.1X1(3)","T",2,0,0,0,0,"F"
1,0,0,2,".CCX","","","","5/P","T",1,0,0,0,0,"F"
1,1,3,1,".CBBBB","","","","W","T",0,1,0,0,0,"F"
1,1,1,2,"CSBX","andeb006","","","9/F","T",1,0,1,0,0,"F"
1,2,0,0,".X","andeb006","","","3/P3F","T",1,0,1,0,0,"F"
0,0,1,0,".BX","","","","43/G","T",1,0,0,0,0,"F"
0,1,1,1,".BCX","","","","53/G","T",1,0,0,0,0,"F"
0,2,1,2,"TSBS","","","","K","T",1,0,0,0,0,"F"
1,0,2,1,".BBCX","","","","S8/G","T",0,1,0,0,0,"F"
1,0,0,2,"CSS","holab001","","","K","T",1,0,1,0,0,"F"
1,1,1,1,"BSX","holab001","","","D9/L.1-3","T",0,2,3,0,0,"F"
1,1,0,2,"SFS","","dietd001","holab001","K","T",1,0,0,2,3,"F"
1,2,1,2,"CBTFC","","dietd001","holab001","K","T",1,0,0,2,3,"F"
0,0,0,1,"FX","","","","S7/G","T",0,1,0,0,0,"T"
0,0,0,2,"FFFS","confm001","","","K","T",1,0,1,0,0,"F"
0,1,1,2,"1BSTX","confm001","","","D7/L+.1-H","T",0,2,4,0,0,"F"
0,1,3,2,"CBT*BBFB","","florw001","","W","T",0,1,0,2,0,"F"
0,1,1,2,"FBFFFFC","frazt001","florw001","","K","T",1,0,1,2,0,"F"
0,2,0,2,"SFS","frazt001","florw001","","K","T",1,0,1,2,0,"F"
1,0,0,1,"CX","","","","43/G+","T",1,0,0,0,0,"F"
1,1,2,0,"BBX","","","","7/F","T",1,0,0,0,0,"F"
1,2,1,2,"CBFX","","","","S9/L","T",0,1,0,0,0,"F"
1,2,2,1,"BCBX","casts001","","","43/G-","T",1,0,1,0,0,"F"
0,0,0,0,"X","","","","8/F","T",1,0,0,0,0,"F"
0,1,0,1,"CX","","","","53/G","T",1,0,0,0,0,"F"
0,2,1,1,"CBX","","","","8/F","T",1,0,0,0,0,"F"
1,0,1,1,"BFH","","","","HP","T",0,1,0,0,0,"F"
1,0,2,1,"SBB1X","andeb006","","","8/L","T",1,0,1,0,0,"F"
1,1,1,0,"BX","andeb006","","","7/F","T",1,0,1,0,0,"F"
1,2,1,1,"FBX","andeb006","","","64(1)/FO/G","T",1,1,0,0,0,"F"
0,0,3,2,"CBCBFBS","","","","K","T",1,0,0,0,0,"F"
0,1,2,2,"CBSBX","","","","3/P","T",1,0,0,0,0,"F"
0,2,2,2,"BCBFX","","","","9/L","T",1,0,0,0,0,"F"
1,0,0,2,"CSS","","","","K","T",1,0,0,0,0,"F"
1,1,2,2,"CCBBX","","","","3/G","T",1,0,0,0,0,"F"
1,2,2,2,"CBBFX","","","","43/G","T",1,0,0,0,0,"F"
0,0,3,1,"BBBFX","","","","2/P2F","T",1,0,0,0,0,"F"
0,1,2,2,"FCBBFX","","","","HR/7/F","T",0,4,0,0,0,"F"
0,1,0,2,"FFFX","","","","53/G","T",1,0,0,0,0,"F"
0,2,0,2,"CSS","","","","K","T",1,0,0,0,0,"F"
1,0,1,1,"BSX","","","","S7/G","T",0,1,0,0,0,"F"
1,0,0,2,"CCS","casts001","","","K","T",1,0,1,0,0,"F"
1,1,3,1,"BBSBX","casts001","","","S7/L.1-2","T",0,1,2,0,0,"F"
1,1,1,2,"TBFFX","andeb006","casts001","","3/G.2-3;1-2","T",1,0,2,3,0,"F"
1,2,3,2,"SBBCFFBFFFC","","andeb006","casts001","K","T",1,0,0,2,3,"F"
0,0,0,2,"CCS","","","","K","T",1,0,0,0,0,"F"
0,1,1,0,"BX","","","","D7/L+","T",0,2,0,0,0,"F"
0,1,0,1,"CX","","rosaa003","","S7/L.2-H","T",0,1,0,4,0,"F"
0,1,0,2,"FCS","confm001","","","K","T",1,0,1,0,0,"F"
0,2,3,2,"C*B1BCFB1>X","confm001","","","9/L","T",1,0,1,0,0,"F"
1,0,2,0,"BBX","","","","5/P","T",1,0,0,0,0,"F"
1,1,0,1,".CX","","","","S5/G","T",0,1,0,0,0,"F"
1,1,0,0,"X","rivey001","","","S9/G.1-2","T",0,1,2,0,0,"F"
1,1,0,1,"CX","dietd001","rivey001","","S57/G.2-H;1-3","T",0,1,3,4,0,"F"
1,1,0,0,"X","rojam002","","dietd001","9/L+/SF.3-H;1-2(TH)","T",1,0,2,0,4,"F"
1,2,0,1,"FX","","rojam002","","HR/7/F.2-H","T",0,4,0,4,0,"F"
1,2,3,1,"BBSBB","","","","W","T",0,1,0,0,0,"F"
1,2,0,2,"1SSS","andeb006","","","K","T",1,0,1,0,0,"F"
0,0,2,2,".BBCCFX","","","","D9/F","T",0,2,0,0,0,"F"
0,0,2,1,"B*BSX","","frazt001","","7/F.2-3","T",1,0,0,3,0,"F"
0,1,3,1,"B*BF*B*B","","","frazt001","W","T",0,1,0,0,3,"F"
0,1,0,0,"X","plawk001","","frazt001","8/L/SF.3-H","T",1,0,1,0,4,"F"
0,2,2,2,"BSCBX","plawk001","","","13/G","T",1,0,1,0,0,"F"
1,0,2,2,"CFBBT","","","","K","T",1,0,0,0,0,"F"
1,1,2,2,"CFBBX","","","","53/G","T",1,0,0,0,0,"F"
1,2,2,2,".BBCCFFS","","","","K","T",1,0,0,0,0,"F"
0,0,1,2,".BFCS","","","","K","T",1,0,0,0,0,"F"
0,1,0,2,"CSS","","","","K","T",1,0,0,0,0,"F"
0,2,1,2,"CFBS","","","","K","T",1,0,0,0,0,"F"
1,0,0,2,".FSX","","","","S4/G","T",0,1,0,0,0,"F"
1,0,0,1,"C1X","dietd001","","","14/BG/SH.1-2","T",1,0,2,0,0,"F"
1,1,0,1,"CX","","dietd001","","8/F.2-3","T",1,0,0,3,0,"F"
1,2,0,0,"X","","","dietd001","HR/7/F.3-H","T",0,4,0,0,4,"F"
1,2,0,0,"X","","","","S8/G+","T",0,1,0,0,0,"F"
1,2,1,0,".BX","andeb006","","","13/G","T",1,0,1,0,0,"F"
0,0,0,1,".CX","","","","HR/78/F","T",0,4,0,0,0,"F"
0,0,1,2,"CBCC","","","","K","T",1,0,0,0,0,"F"
0,1,3,0,"BBBX","","","","HR/89/F","T",0,4,0,0,0,"F"
0,1,0,1,"CX","","","","63/G","T",1,0,0,0,0,"F"
0,2,2,2,"BCBFX","","","","63/G","T",1,0,0,0,0,"F"
1,0,2,2,".BCSBT","","","","K","T",1,0,0,0,0,"F"
1,1,2,2,"BBCFFX","","","","D7/F","T",0,2,0,0,0,"F"
1,1,0,1,".SX","","holab001","","7/L","T",1,0,0,2,0,"F"
1,2,3,0,"*BVVV","","holab001","","IW","T",0,1,0,2,0,"F"
1,2,1,2,"BFFS","dietd001","holab001","","K","T",1,0,1,2,0,"F"
0,0,0,0,"..X","","","","13/G","T",1,0,0,0,0,"F"
0,1,2,2,"CSBBX","","","","E5/TH/G","T",0,1,0,0,0,"F"
0,1,3,2,"B1FBBC>B","rosaa003","","","W.1-2","T",0,1,2,0,0,"F"
0,1,0,1,"CX","confm001","rosaa003","","D57/G.2-H(UR);1-H;B-3(TH)","T",0,3,4,5,0,"F"
0,1,0,0,"X","","","cespy001","FC6/G.3XH(62)","T",1,1,0,0,0,"F"
0,2,0,0,"B","florw001","","","WP.1-2","F",0,0,2,0,0,"F"
0,2,1,2,"B.FSFX","","florw001","","63/G","T",1,0,0,2,0,"F"
1,0,2,1,".BBCX","","","","53/G","T",1,0,0,0,0,"F"
1,1,3,2,"BCBBCFC","","","","K","T",1,0,0,0,0,"F"
1,2,1,0,"BX","","","","63/G","T",1,0,0,0,0,"F"
0,0,0,0,"X","","","","53/G","T",1,0,0,0,0,"T"
0,1,2,2,"BCFBX","","","","63/G","T",1,0,0,0,0,"F"
0,2,1,0,"BX","","","","7/F","T",1,0,0,0,0,"F"
1,0,3,2,"BFBBFFS","","","","K","T",1,0,0,0,0,"F"
1,1,2,0,"BBX","","","","HR/7/F+","T",0,4,0,0,0,"F"
1,1,1,0,"BX","","","","9/L","T",1,0,0,0,0,"F"
1,2,3,1,"CBBBB","","","","W","T",0,1,0,0,0,"F"
1,2,0,2,"CFX","bourj002","","","43/G","T",1,0,1,0,0,"F"
0,0,2,2,"BBFCX","","","","E5/TH/G","T",0,1,0,0,0,"F"
0,0,2,0,"BBX","frazt001","","","3(B)64(1)/GDP","T",2,0,0,0,0,"F"
0,2,3,2,"CBFBFFBS","","","","K","T",1,0,0,0,0,"F"
1,0,2,2,"FBFBS","","","","K","T",1,0,0,0,0,"F"
1,1,0,2,"MCX","","","","13/G","T",1,0,0,0,0,"F"
1,2,0,2,"SCX","","","","S9/L","T",0,1,0,0,0,"F"
1,2,0,2,"TLS","wallc001","","","K","T",1,0,1,0,0,"F"
0,0,1,2,"CSBX","","","","63/G","T",1,0,0,0,0,"F"
0,1,1,2,"CBTX","","","","3/G","T",1,0,0,0,0,"F"
0,2,1,2,"CSBC","","","","K","T",1,0,0,0,0,"F"
1,0,3,2,"BFCBBS","","","","K","T",1,0,0,0,0,"F"
1,1,1,2,"BCTX","","","","43/G","T",1,0,0,0,0,"F"
1,2,0,2,"CFC","","","","K","T",1,0,0,0,0,"F"
0,0,0,1,"CX","","","","23/G-","T",1,0,0,0,0,"F"
0,1,2,1,"BFBX","","","","53/G","T",1,0,0,0,0,"F"
0,2,3,1,"BSBBX","","","","8/F","T",1,0,0,0,0,"F"
1,0,0,0,"X","","","","7/F","T",1,0,0,0,0,"F"
1,1,1,0,"BX","","","","53/G","T",1,0,0,0,0,"F"
1,2,0,1,"FX","","","","9/F","T",1,0,0,0,0,"F"
0,0,2,1,"BCBX","","","","8/F+","T",1,0,0,0,0,"F"
0,1,3,1,"BBBCB","","","","W","T",0,1,0,0,0,"F"
0,1,3,0,"*B1BB1B","brucj001","","","W.1-2","T",0,1,2,0,0,"F"
0,1,0,1,"F>S","plawk001","brucj001","","CS3(25)","F",1,0,1,0,0,"F"
0,2,0,2,"F>S.X","plawk001","","","64(1)/FO/G","T",1,1,0,0,0,"F"
1,0,2,2,"SBFFBS","","","","K","T",1,0,0,0,0,"F"
1,1,2,2,"BTBFX","","","","63/G","T",1,0,0,0,0,"F"
1,2,0,1,"CX","","","","53/G","T",1,0,0,0,0,"F"
0,0,2,1,"BFBX","","","","9/L+","T",1,0,0,0,0,"F"
0,1,0,2,"CSC","","","","K","T",1,0,0,0,0,"F"
0,2,3,2,"BBBCFFX","","","","6/P","T",1,0,0,0,0,"F"
1,0,1,2,"SFBT","","","","K","T",1,0,0,0,0,"F"
1,1,2,1,"BBCX","","","","8/F","T",1,0,0,0,0,"F"
1,2,1,0,"BX","","","","9/L","T",1,0,0,0,0,"F"
0,0,1,0,".BX","","","","6/L","T",1,0,0,0,0,"F"
0,1,3,2,"FFBBBX","","","","4/P","T",1,0,0,0,0,"F"
0,2,1,2,"CCBFX","","","","S8/L","T",0,1,0,0,0,"F"
0,2,2,2,"BF*BFS","frazt001","","","K","T",1,0,1,0,0,"F"
1,0,2,1,"BBCX","","","","43/G","T",1,0,0,0,0,"F"
1,1,0,2,"SFX","","","","63/G","T",1,0,0,0,0,"F"
1,2,0,0,"X","","","","63/G","T",1,0,0,0,0,"F"
0,0,0,0,"...H","","","","HP","T",0,1,0,0,0,"F"
0,0,0,2,"FFS","plawk001","","","K","T",1,0,1,0,0,"F"
0,1,1,1,"..BS1X","plawk001","","","D9/L.1-3","T",0,2,3,0,0,"F"
0,1,1,1,".FBX","","confm001","plawk001","S8/L.3-H;2-H","T",0,1,0,4,4,"F"
0,1,3,1,"BBBCX","gonza003","","","S9/F.1-2","T",0,1,2,0,0,"F"
0,1,1,0,"..BX","cabra002","gonza003","","DGR/7/L.2-H;1-3","T",0,2,3,4,0,"F"
0,1,3,0,"VVVV","","florw001","cabra002","IW","T",0,1,0,2,3,"F"
0,1,2,2,"BCSFF*BX","cespy001","florw001","cabra002","8/F/SF.3-H;2-3(E8/TH);1-2","T",1,0,2,3,4,"F"
0,2,3,0,"VVVV","","cespy001","florw001","IW","T",0,1,0,2,3,"F"
0,2,0,0,".X","brucj001","cespy001","florw001","4(1)/FO/G","T",1,1,0,2,3,"F"
1,0,1,2,"...BFCFS","","","","K","T",1,0,0,0,0,"F"
1,1,2,2,"SFBBS","","","","K","T",1,0,0,0,0,"F"
1,2,2,2,"BFCBS","","","","K","T",1,0,0,0,0,"F"
0,0,0,1,"....TX","","","","9/F","T",1,0,0,0,0,"F"
0,1,1,2,"CBSS","","","","K","T",1,0,0,0,0,"F"
0,2,0,1,".CX","","","","9/F","T",1,0,0,0,0,"F"
1,0,2,1,".BCBX","","","","3/L","T",1,0,0,0,0,"F"
1,1,3,0,".BBBB","","","","W","T",0,1,0,0,0,"F"
1,1,2,2,"C*BCBFX","rojam002","","","54(1)3/GDP","T",2,0,0,0,0,"F"
0,0,2,0,"BBX","","","","8/F","T",1,0,0,0,0,"T"
0,1,1,0,"BX","","","","3/P3F","T",1,0,0,0,0,"F"
0,2,3,1,"BBFBB","","","","W","T",0,1,0,0,0,"F"
0,2,1,0,"B>B","marts002","","","SB2","F",0,0,2,0,0,"F"
0,2,2,0,"B>B.X","","marts002","","43/G","T",1,0,0,2,0,"F"
1,0,2,1,"BCBX","","","","S7/G","T",0,1,0,0,0,"F"
1,0,2,1,"BFB1X","dietd001","","","S8/L.1-2","T",0,1,2,0,0,"F"
1,0,2,2,"*BBSCFX","rojam002","dietd001","","64(1)3/GDP.2-3","T",2,0,0,3,0,"F"
1,2,2,2,"*BBCFS","","","dietd001","K","T",1,0,0,0,3,"F"
0,0,3,2,"BBBCFF*B","","","","W","T",0,1,0,0,0,"F"
0,0,1,1,"C1BX","freed001","","","7/F","T",1,0,1,0,0,"F"
0,1,1,1,"1CBX","freed001","","","64(1)3/GDP","T",2,0,0,0,0,"F"
1,0,2,2,"BSBFX","","","","43/G","T",1,0,0,0,0,"F"
1,1,1,2,"CCBFX","","","","T9/F","T",0,3,0,0,0,"F"
1,1,3,0,"BBBB","","","shucj001","W","T",0,1,0,0,3,"F"
1,1,3,2,"BCBCBS","brinl001","","shucj001","K","T",1,0,1,0,3,"F"
1,2,1,0,"B>S","brinl001","","shucj001","SB2","F",0,0,2,0,3,"F"
1,2,1,1,"B>S.B","","brinl001","shucj001","WP.3-H(NR);2-3","F",0,0,0,3,4,"F"
1,2,3,1,"B>S.B.BX","","","brinl001","7/L","T",1,0,0,0,3,"F"
0,0,1,2,"BCSX","","","","S4/G","T",0,1,0,0,0,"F"
0,0,0,0,"X","diaze005","","","34/BG-/SH.1-2","T",1,0,2,0,0,"F"
0,1,3,0,"BBBX","","diaze005","","7/F","T",1,0,0,2,0,"F"
0,2,1,2,"BC2CS","","diaze005","","K","T",1,0,0,2,0,"F"
1,0,0,1,"CX","","","","8/F","T",1,0,0,0,0,"F"
1,1,1,2,"CSBX","","","","S6/G","T",0,1,0,0,0,"F"
1,1,0,0,"X","rojam002","","","64(1)3/GDP","T",2,0,0,0,0,"F"
0,0,1,1,"CBX","","","","S6/G","T",0,1,0,0,0,"F"
0,0,2,1,"FB1*BX","marts002","","","7/F","T",1,0,1,0,0,"F"
0,1,0,0,"11","marts002","","","POCS2(134)","F",1,0,0,0,0,"F"
0,2,1,1,"11.CBX","","","","9/F","T",1,0,0,0,0,"F"
1,0,0,2,"CFX","","","","43/G","T",1,0,0,0,0,"F"
1,1,0,2,"FSX","","","","53/G","T",1,0,0,0,0,"F"
1,2,1,1,"CBX","","","","S8/L","T",0,1,0,0,0,"F"
1,2,3,0,"1BBBX","shucj001","","","23/G-","T",1,0,1,0,0,"F"
0,0,0,0,"X","","","","S9/L+","T",0,1,0,0,0,"F"
0,0,2,1,"CBB1X","dickc002","","","3/P3F","T",1,0,1,0,0,"F"
0,1,0,0,"X","dickc002","","","HR/78/L.1-H","T",0,4,4,0,0,"F"
0,1,1,2,"CBFFFS","","","","K","T",1,0,0,0,0,"F"
0,2,1,1,"CBX","","","","7/F","T",1,0,0,0,0,"F"
1,0,1,1,"BCX","","","","S9/F-","T",0,1,0,0,0,"F"
1,0,0,1,"LX","wallc001","","","26(1)/FO/BG","T",1,1,0,0,0,"F"
1,1,2,2,"BBFCX","peted001","","","S8/L.1-2","T",0,1,2,0,0,"F"
1,1,0,1,"CX","dietd001","peted001","","S7/L.2-3;1-2","T",0,1,2,3,0,"F"
1,1,0,0,"X","rojam002","dietd001","peted001","9/F/SF.3-H;2-H(E2/TH)(NR);1-H(UR)(NR)","T",1,0,5,4,4,"F"
1,2,2,1,"BBCX","","","","S9/G","T",0,1,0,0,0,"F"
1,2,1,2,"BCSX","bourj002","","","23/G-","T",1,0,1,0,0,"F"
0,0,1,2,"FBCFX","","","","7/F","T",1,0,0,0,0,"F"
0,1,3,2,"CBBSBC","","","","K","T",1,0,0,0,0,"F"
0,2,2,0,"BBX","","","","63/G","T",1,0,0,0,0,"F"
1,0,3,1,"BBBCX","","","","S8/G","T",0,1,0,0,0,"F"
1,0,1,2,"CF*BX","shucj001","","","S7/L.1-2","T",0,1,2,0,0,"F"
1,0,0,0,".X","brinl001","shucj001","","24/BG/SH.2-H;1-2","T",1,0,2,4,0,"F"
1,1,1,2,".CBFFS","","brinl001","","K","T",1,0,0,2,0,"F"
1,2,1,1,"BFX","","brinl001","","8/F","T",1,0,0,2,0,"F"
0,0,2,2,".BCFBS","","","","K","T",1,0,0,0,0,"F"
0,1,1,2,"BSFX","","","","D57/G","T",0,2,0,0,0,"F"
0,1,1,1,"CBX","","dickc002","","9/L.2-3","T",1,0,0,3,0,"F"
0,2,3,0,"BBBB","","","dickc002","W","T",0,1,0,0,3,"F"
0,2,3,2,".BBBCC>X","diaze005","","dickc002","43/G","T",1,0,1,0,3,"F"
1,0,3,1,".BBBCX","","","","53/G","T",1,0,0,0,0,"F"
1,1,1,1,"SBX","","","","S48/G","T",0,1,0,0,0,"F"
1,1,2,1,"BBCX","casts001","","","HR/9/F.1-H","T",0,4,4,0,0,"F"
1,1,0,0,"X","","","","2/P2F","T",1,0,0,0,0,"F"
1,2,0,2,"CSX","","","","S9/L","T",0,1,0,0,0,"F"
1,2,1,1,"BSX","shucj001","","","54(1)/FO/G","T",1,1,0,0,0,"F"
0,0,1,2,".CBCFS","","","","K","T",1,0,0,0,0,"F"
0,1,2,2,"CBBFC","","","","K","T",1,0,0,0,0,"F"
0,2,2,2,"BBCFS","","","","K23","T",1,0,0,0,0,"F"
1,0,3,2,"SBBBFX","","","","53/G","T",1,0,0,0,0,"F"
1,1,3,2,".CCBBBB","","","","W","T",0,1,0,0,0,"F"
1,1,1,2,"BFSS","maybc001","","","K","T",1,0,1,0,0,"F"
1,2,2,2,"CBBFFX","maybc001","","","8/L","T",1,0,1,0,0,"F"
0,0,1,0,"..BX","","","","8/F","T",1,0,0,0,0,"F"
0,1,0,1,"CX","","","","8/F","T",1,0,0,0,0,"F"
0,2,0,2,"CSS","","","","K","T",1,0,0,0,0,"F"
0,0,0,0,"X","","","","63/G","T",1,0,0,0,0,"T"
0,1,1,1,"CBX","","","","3/G","T",1,0,0,0,0,"F"
0,2,2,1,"CBBX","","","","4/P","T",1,0,0,0,0,"F"
1,0,0,0,"X","","","","7/F","T",1,0,0,0,0,"F"
1,1,2,2,"BFCBX","","","","63/G","T",1,0,0,0,0,"F"
1,2,2,2,"SBFBS","","","","K","T",1,0,0,0,0,"F"
0,0,2,1,"CBBX","","","","43/G","T",1,0,0,0,0,"F"
0,1,0,1,"FX","","","","8/F","T",1,0,0,0,0,"F"
0,2,1,1,"BFH","","","","HP","T",0,1,0,0,0,"F"
0,2,1,1,"CBX","cervf001","","","43/G","T",1,0,1,0,0,"F"
1,0,2,2,"BCCBX","","","","S8/L+","T",0,1,0,0,0,"F"
1,0,3,2,"FBBCFF*BX","bourj002","","","53/G.1-2","T",1,0,2,0,0,"F"
1,1,3,2,"BBBCCB","","bourj002","","W","T",0,1,0,2,0,"F"
1,1,1,0,"BX","shucj001","bourj002","","64(1)/FO/G.2-3","T",1,1,0,3,0,"F"
1,2,1,2,"BCFS","brinl001","","bourj002","K","T",1,0,1,0,3,"F"
0,0,1,0,"BX","","","","8/F","T",1,0,0,0,0,"F"
0,1,2,2,"BCCBX","","","","43/G","T",1,0,0,0,0,"F"
0,2,0,2,"CFS","","","","K","T",1,0,0,0,0,"F"
1,0,1,1,"BCX","","","","63/G+","T",1,0,0,0,0,"F"
1,1,3,2,"CBFBFBX","","","","43/G","T",1,0,0,0,0,"F"
1,2,3,2,"BFBBCX","","","","S8/G","T",0,1,0,0,0,"F"
1,2,0,0,"X","rojam002","","","53/G","T",1,0,1,0,0,"F"
0,0,2,2,"BCFBX","","","","4/L","T",1,0,0,0,0,"F"
0,1,0,0,"X","","","","3/P3F","T",1,0,0,0,0,"F"
0,2,2,2,"CFBBC","","","","K","T",1,0,0,0,0,"F"
1,0,3,2,"CCBBBFB","","","","W","T",0,1,0,0,0,"F"
1,0,0,1,"FX","bourj002","","","S7/L.1-2","T",0,1,2,0,0,"F"
1,0,1,2,"FFBFFX","andeb006","bourj002","","16(1)/FO/G.2-3","T",1,1,0,3,0,"F"
1,1,0,1,"FX","shucj001","","bourj002","63/G-.1-2","T",1,0,2,0,3,"F"
1,2,3,0,"VVVV","","shucj001","bourj002","IW","T",0,1,0,2,3,"F"
1,2,1,0,"BX","holab001","shucj001","bourj002","23/G-","T",1,0,1,2,3,"F"
0,0,3,2,"BSBSFBX","","","","5/L","T",1,0,0,0,0,"F"
0,1,3,2,"BCBBSX","","","","DGR/7/L","T",0,2,0,0,0,"F"
0,1,0,1,"FX","","cervf001","","13/G-.2-3","T",1,0,0,3,0,"F"
0,2,3,0,"VVVV","","","cervf001","IW","T",0,1,0,0,3,"F"
0,2,0,0,"X","mercj002","","cervf001","53/G","T",1,0,1,0,3,"F"
1,0,2,1,"BCBX","","","","7/F","T",1,0,0,0,0,"F"
1,1,0,2,"LFX","","","","53/G","T",1,0,0,0,0,"F"
1,2,1,0,"BX","","","","S8/G+","T",0,1,0,0,0,"F"
1,2,1,1,"CBX","casts001","","","63/G","T",1,0,1,0,0,"F"
0,0,2,2,"BFFBX","","","","53/G","T",1,0,0,0,0,"F"
0,1,1,2,"CFBX","","","","6/P","T",1,0,0,0,0,"F"
0,2,3,1,"BBSBX","","","","63/G","T",1,0,0,0,0,"F"
1,0,1,1,"FBX","","","","4/P","T",1,0,0,0,0,"F"
1,1,1,0,"BX","","","","43/G","T",1,0,0,0,0,"F"
1,2,1,2,"BCSX","","","","13/G","T",1,0,0,0,0,"F"
0,0,1,0,"BX","","","","8/F+","T",1,0,0,0,0,"F"
0,1,2,1,"FBBX","","","","7/L","T",1,0,0,0,0,"F"
0,2,3,0,"BBBX","","","","S7/L+","T",0,1,0,0,0,"F"
0,2,0,0,"X","cervf001","","","5/P5F","T",1,0,1,0,0,"F"
1,0,2,1,".BFBX","","","","8/L","T",1,0,0,0,0,"F"
1,1,2,1,".CBBX","","","","8/F","T",1,0,0,0,0,"F"
1,2,2,2,"CBBCT","","","","K","T",1,0,0,0,0,"F"
0,0,0,2,".CCS","","","","K","T",1,0,0,0,0,"F"
0,1,3,2,".BFCBFFBB","","","","W","T",0,1,0,0,0,"F"
0,1,1,0,"B1>S","fraza001","","","CS2(24)","F",1,0,0,0,0,"F"
0,2,1,2,"B1>S.SS","","","","K","T",1,0,0,0,0,"F"
1,0,1,1,".BFX","","","","7/F","T",1,0,0,0,0,"F"
1,1,1,1,"FBX","","","","S8/L","T",0,1,0,0,0,"F"
1,1,2,2,"CB*B1FFX","casts001","","","9/L+","T",1,0,1,0,0,"F"
1,2,1,2,"C1*BC1FX","casts001","","","S7/G.1-3","T",0,1,3,0,0,"F"
1,2,0,0,"X","andeb006","","casts001","43/G+","T",1,0,1,0,3,"F"
0,0,2,2,".BBFFX","","","","43/G","T",1,0,0,0,0,"F"
0,1,1,1,"BFX","","","","S1/BG","T",0,1,0,0,0,"F"
0,1,0,1,"C1X","marts002","","","S8/G+.1-3","T",0,1,3,0,0,"F"
0,1,0,0,"X","bellj005","","marts002","S1/BP.3-H;1-2","T",0,1,2,0,4,"F"
0,1,3,1,"BBSBX","dickc002","bellj005","","46(1)3/GDP","T",2,0,0,2,0,"F"
1,0,3,2,".BBBCSFX","","","","4/P","T",1,0,0,0,0,"F"
1,1,2,1,"CBBX","","","","3/P3F","T",1,0,0,0,0,"F"
1,2,2,2,".SBBCX","","","","63/G","T",1,0,0,0,0,"F"
0,0,0,1,"CX","","","","7/F","T",1,0,0,0,0,"T"
0,1,2,0,"BBX","","","","9/L+","T",1,0,0,0,0,"F"
0,2,2,1,"BBFX","","","","S6/G","T",0,1,0,0,0,"F"
0,2,3,2,"11BBC>F>F1B>C","marts002","","","K","T",1,0,1,0,0,"F"
1,0,2,2,"BCFBFFX","","","","S6/G","T",0,1,0,0,0,"F"
1,0,2,2,"CB1B>FX","shucj001","","","S7/G+.1-2","T",0,1,2,0,0,"F"
1,0,0,2,"CFX","rojam002","shucj001","","S5/G-.2-3;1-2","T",0,1,2,3,0,"F"
1,0,0,2,"CFC","casts001","rojam002","shucj001","K","T",1,0,1,2,3,"F"
1,1,0,0,"X","casts001","rojam002","shucj001","153/G+.3-H;2-3;1-2","T",1,0,2,3,4,"F"
1,2,2,2,"BBCCS","","casts001","rojam002","K","T",1,0,0,2,3,"F"
0,0,1,0,"BX","","","","7/F","T",1,0,0,0,0,"F"
0,1,2,2,"CBBCS","","","","K","T",1,0,0,0,0,"F"
0,2,0,0,"X","","","","S9/G","T",0,1,0,0,0,"F"
0,2,3,2,"FSBBB>B","morac001","","","W.1-2","T",0,1,2,0,0,"F"
0,2,0,2,"SSS","rodrs002","morac001","","K","T",1,0,1,2,0,"F"
1,0,0,1,"CX","","","","43/G","T",1,0,0,0,0,"F"
1,1,2,2,"BFSBS","","","","K","T",1,0,0,0,0,"F"
1,2,2,2,"BFBFS","","","","K","T",1,0,0,0,0,"F"
0,0,0,2,"CFH","","","","HP","T",0,1,0,0,0,"F"
0,0,0,1,".1FX","fraza001","","","5/P5F","T",1,0,1,0,0,"F"
0,1,1,2,"1BF1SX","fraza001","","","S7/L.1-2","T",0,1,2,0,0,"F"
0,1,1,1,"BF2X","marts002","fraza001","","D39/G.2-H;1-H","T",0,2,4,4,0,"F"
0,1,1,0,"*BB","","bellj005","","PB.2-3","F",0,0,0,3,0,"F"
0,1,3,1,"*BB.BCX","","","bellj005","S8/L.3-H","T",0,1,0,0,4,"F"
0,1,1,1,"C1BX","dickc002","","","S7/G.1-2","T",0,1,2,0,0,"F"
0,1,2,0,"B*BX","cervf001","dickc002","","7/F","T",1,0,1,2,0,"F"
0,2,0,0,"X","cervf001","dickc002","","7/L","T",1,0,1,2,0,"F"
1,0,0,0,".H","","","","HP","T",0,1,0,0,0,"F"
1,0,0,2,"CFFS","shucj001","","","K","T",1,0,1,0,0,"F"
1,1,2,2,"FB>FBX","shucj001","","","8/F","T",1,0,1,0,0,"F"
1,2,0,1,"FX","shucj001","","","6/L","T",1,0,1,0,0,"F"
0,0,0,2,"CFX","","","","63/G","T",1,0,0,0,0,"F"
0,1,1,2,"BCCX","","","","43/G","T",1,0,0,0,0,"F"
0,2,2,2,"CFFBBS","","","","K","T",1,0,0,0,0,"F"
1,0,3,2,"BCBBFX","","","","8/F","T",1,0,0,0,0,"F"
1,1,1,2,"CFBFT","","","","K","T",1,0,0,0,0,"F"
1,2,0,2,"FCS","","","","K","T",1,0,0,0,0,"F"
0,0,3,1,"FBBBX","","","","S7/G+","T",0,1,0,0,0,"F"
0,0,2,2,"BSFFBS","marts002","","","K","T",1,0,1,0,0,"F"
0,1,3,2,"1BBSBF>X","marts002","","","S9/G.1-3","T",0,1,3,0,0,"F"
0,1,1,0,"BX","dickc002","","marts002","8/F/SF.3-H","T",1,0,1,0,4,"F"
0,2,0,0,"X","dickc002","","","3/G","T",1,0,1,0,0,"F"
1,0,2,2,"CBFBX","","","","63/G-","T",1,0,0,0,0,"F"
1,1,2,1,".BBFX","","","","S7/L","T",0,1,0,0,0,"F"
1,1,1,0,"BX","telit001","","","5/P5F","T",1,0,1,0,0,"F"
1,2,2,0,"BBX","telit001","","","9/F","T",1,0,1,0,0,"F"
0,0,1,2,".SBSS","","","","K","T",1,0,0,0,0,"F"
0,1,2,2,"BCBSFS","","","","K","T",1,0,0,0,0,"F"
0,2,2,2,"CBFBX","","","","8/F","T",1,0,0,0,0,"F"
1,0,1,0,"BX","","","","53/G","T",1,0,0,0,0,"F"
1,1,2,1,"SBBX","","","","8/L+","T",1,0,0,0,0,"F"
1,2,2,1,"SBBX","","","","13/G","T",1,0,0,0,0,"F"
0,0,3,1,"CBBBX","","","","S9/G","T",0,1,0,0,0,"F"
0,0,2,2,"FB1F1BX","polag001","","","S8/L.1-2","T",0,1,2,0,0,"F"
0,0,1,2,"BCFFX","marts002","polag001","","S8/L.2-H;1-3","T",0,1,3,4,0,"F"
0,0,0,1,"TX","bellj005","","marts002","9/F/SF.3-H","T",1,0,1,0,4,"F"
0,1,0,1,"CH","bellj005","","","HP.1-2","T",0,1,2,0,0,"F"
0,1,1,1,"FBX","cervf001","bellj005","","6/P/IF","T",1,0,1,2,0,"F"
0,2,1,2,"CFBC","cervf001","bellj005","","K","T",1,0,1,2,0,"F"
1,0,3,2,"BBFBCFX","","","","D7/G","T",0,2,0,0,0,"F"
1,0,2,2,"*BSSBS","","maybc001","","K","T",1,0,0,2,0,"F"
1,1,0,2,"FFFS","","maybc001","","K23.2-3","T",1,0,0,3,0,"F"
1,2,1,2,".BCSX","","","maybc001","HR/9/L.3-H","T",0,4,0,0,4,"F"
1,2,0,2,".CFFX","","","","E4/G","T",0,1,0,0,0,"F"
1,2,1,2,"CFBC","shucj001","","","K","T",1,0,1,0,0,"F"
0,0,1,2,".....BCFS","","","","K","T",1,0,0,0,0,"F"
0,1,3,1,"BBBCX","","","","3/G","T",1,0,0,0,0,"F"
0,2,1,2,"CBCS","","","","K","T",1,0,0,0,0,"F"
1,0,3,1,".BBCBX","","","","53/G","T",1,0,0,0,0,"F"
1,1,1,2,"CFFBX","","","","S7/L","T",0,1,0,0,0,"F"
1,1,0,1,"FX","dietd001","","","9/F","T",1,0,1,0,0,"F"
1,2,1,2,"CBCFS","dietd001","","","K","T",1,0,1,0,0,"F"
0,0,1,0,".BX","","","","HR/7/F","T",0,4,0,0,0,"F"
0,0,1,1,"BCX","","","","S7/G+","T",0,1,0,0,0,"F"
0,0,0,0,"X","bellj005","","","3/L/DP.1X1(3)","T",2,0,0,0,0,"F"
0,2,1,2,"CSBS","","","","K","T",1,0,0,0,0,"F"
1,0,3,2,"...BFFBFBC","","","","K","T",1,0,0,0,0,"F"
1,1,1,0,"BX","","","","53/G","T",1,0,0,0,0,"F"
1,2,0,2,"CCS","","","","K","T",1,0,0,0,0,"F"
0,0,2,2,"BCBFFX","","","","9/F","T",1,0,0,0,0,"T"
0,1,2,1,"BFBX","","","","6/P5F","T",1,0,0,0,0,"F"
0,2,1,2,"BSFS","","","","K","T",1,0,0,0,0,"F"
1,0,0,1,"CX","","","","4/P","T",1,0,0,0,0,"F"
1,1,2,0,"BBX","","","","7/L","T",1,0,0,0,0,"F"
1,2,0,1,"CX","","","","53/G","T",1,0,0,0,0,"F"
0,0,1,2,"FFBFX","","","","13/G","T",1,0,0,0,0,"F"
0,1,0,2,"CFX","","","","63/G","T",1,0,0,0,0,"F"
0,2,2,2,"BCFBX","","","","S8/L","T",0,1,0,0,0,"F"
0,2,0,0,"X","parrg001","","","64(1)/FO/G","T",1,1,0,0,0,"F"
1,0,3,2,"CBBBFS","","","","K","T",1,0,0,0,0,"F"
1,1,3,2,"CBBSFFFBFX","","","","S8/G+","T",0,1,0,0,0,"F"
1,1,3,1,"BFBB.B","bourj002","","","W.1-2","T",0,1,2,0,0,"F"
1,1,2,2,"CBFBFX","maybc001","bourj002","","3/P3F","T",1,0,1,2,0,"F"
1,2,0,2,"CFX","maybc001","bourj002","","9/F","T",1,0,1,2,0,"F"
0,0,1,2,"CFBC","","","","K","T",1,0,0,0,0,"F"
0,1,2,2,"BBCSC","","","","K","T",1,0,0,0,0,"F"
0,2,2,1,"CBBX","","","","D9/L+","T",0,2,0,0,0,"F"
0,2,2,1,"BFB2","","lemad001","","PO2(16)","F",1,0,0,0,0,"F"
1,0,0,2,"CFS","","","","K","T",1,0,0,0,0,"F"
1,1,3,1,"CBBBX","","","","4/P","T",1,0,0,0,0,"F"
1,2,3,2,"CBCFBBFFC","","","","K","T",1,0,0,0,0,"F"
0,0,3,2,"CFBBBFX","","","","43/G+","T",1,0,0,0,0,"F"
0,1,2,1,"CBBX","","","","8/F+","T",1,0,0,0,0,"F"
0,2,0,2,"SSS","","","","K","T",1,0,0,0,0,"F"
1,0,2,2,".CBCBS","","","","K","T",1,0,0,0,0,"F"
1,1,1,2,"CSBC","","","","K","T",1,0,0,0,0,"F"
1,2,3,2,"BBCFBFB","","","","W","T",0,1,0,0,0,"F"
1,2,0,0,"X","bourj002","","","64(1)/FO/G","T",1,1,0,0,0,"F"
0,0,2,2,"CBBTX","","","","63/G","T",1,0,0,0,0,"F"
0,1,1,1,"CBX","","","","D8/L+","T",0,2,0,0,0,"F"
0,1,0,0,"2X","","parrg001","","53/G","T",1,0,0,2,0,"F"
0,2,3,0,"VVVV","","parrg001","","IW","T",0,1,0,2,0,"F"
0,2,0,1,"FX","iannc001","parrg001","","D7/G.2-H;1-3","T",0,2,3,4,0,"F"
0,2,1,2,"CFBX","","senza001","iannc001","63/G","T",1,0,0,2,3,"F"
1,0,2,2,"CBSFBX","","","","63/G","T",1,0,0,0,0,"F"
1,1,1,1,"BCX","","","","9/F","T",1,0,0,0,0,"F"
1,2,0,1,"SX","","","","D9/G+","T",0,2,0,0,0,"F"
1,2,1,2,"CCFBFFX","","urenj001","","43/G","T",1,0,0,2,0,"F"
0,0,0,1,"CX","","","","43/G","T",1,0,0,0,0,"F"
0,1,3,1,"BBBCX","","","","8/F","T",1,0,0,0,0,"F"
0,2,0,1,"CX","","","","S7/G","T",0,1,0,0,0,"F"
0,2,0,0,">C","dahld001","","","CS2(24)","F",1,0,0,0,0,"F"
1,0,2,2,"..BBCFX","","","","13/G-","T",1,0,0,0,0,"F"
1,1,0,2,"CSFX","","","","2/G-","T",1,0,0,0,0,"F"
1,2,1,1,"CBX","","","","31/G","T",1,0,0,0,0,"F"
0,0,0,1,"CX","","","","S57/L","T",0,1,0,0,0,"F"
0,0,3,1,"B1FBB>X","stort001","","","8/F","T",1,0,1,0,0,"F"
0,1,1,2,">FB11FFX","stort001","","","8/F","T",1,0,1,0,0,"F"
0,2,0,2,"FCS","stort001","","","K","T",1,0,1,0,0,"F"
1,0,3,2,".CBBBCB","","","","W","T",0,1,0,0,0,"F"
1,0,0,2,"FFC","bourj002","","","K","T",1,0,1,0,0,"F"
1,1,1,0,"BX","bourj002","","","5/L","T",1,0,1,0,0,"F"
1,2,0,1,"CX","bourj002","","","S8/G+.1-2","T",0,1,2,0,0,"F"
1,2,1,2,"...BCCFX","brinl001","bourj002","","63/G","T",1,0,1,2,0,"F"
0,0,1,1,".BFX","","","","S8/G+","T",0,1,0,0,0,"F"
0,0,0,0,"X","mcmar001","","","34/BG/SH.1-2","T",1,0,2,0,0,"F"
0,1,3,1,"FBB*BX","","mcmar001","","7/F","T",1,0,0,2,0,"F"
0,2,3,1,"CBBVV","","mcmar001","","IW","T",0,1,0,2,0,"F"
0,2,3,2,"*BBCSB>B","arenn001","mcmar001","","W.2-3;1-2","T",0,1,2,3,0,"F"
0,2,0,2,"CFS","dahld001","arenn001","mcmar001","K","T",1,0,1,2,3,"F"
1,0,2,1,"BCBX","","","","S7/L+","T",0,1,0,0,0,"F"
1,0,0,1,"CX","realj001","","","9/L","T",1,0,1,0,0,"F"
1,1,1,2,"BCFX","realj001","","","S4/G.1-2","T",0,1,2,0,0,"F"
1,1,3,2,"BBCBCS","casts001","realj001","","K","T",1,0,1,2,0,"F"
1,2,0,2,"CFC","casts001","realj001","","K","T",1,0,1,2,0,"F"
0,0,3,0,".BBBB","","","","W","T",0,1,0,0,0,"F"
0,0,3,0,".BBBB","parrg001","","","W.1-2","T",0,1,2,0,0,"F"
0,0,0,1,"CX","cuevn001","parrg001","","54/BG/SH.2-3;1-2","T",1,0,2,3,0,"F"
0,1,3,0,"VVVV","","cuevn001","parrg001","IW","T",0,1,0,2,3,"F"
0,1,1,2,"C*BTFC","mcmar001","cuevn001","parrg001","K","T",1,0,1,2,3,"F"
0,2,1,2,"CBFT","mcmar001","cuevn001","parrg001","K","T",1,0,1,2,3,"F"
1,0,2,1,"..BFBX","","","","D9/L+","T",0,2,0,0,0,"F"
1,0,3,2,"CSBF*BBFC","","dietd001","","K","T",1,0,0,2,0,"F"
1,1,0,2,"CFC","","dietd001","","K","T",1,0,0,2,0,"F"
1,2,3,1,".BB*BCB","","dietd001","","W","T",0,1,0,2,0,"F"
1,2,1,2,"S*BSX","shucj001","dietd001","","64(1)/FO/G","T",1,1,0,2,0,"F"
0,0,1,2,"BCFS","","","","K","T",1,0,0,0,0,"T"
0,1,0,0,"H","","","","HP","T",0,1,0,0,0,"F"
0,1,0,2,"1FCFFF>B","desmi001","","","SB2","F",0,0,2,0,0,"F"
0,1,1,2,"1FCFFF>B.S","","desmi001","","K","T",1,0,0,2,0,"F"
0,2,0,2,"CCC","","desmi001","","K","T",1,0,0,2,0,"F"
1,0,0,2,"CFS","","","","K","T",1,0,0,0,0,"F"
1,1,3,2,"BBFFBB","","","","W","T",0,1,0,0,0,"F"
1,1,2,1,"C*BB>S","realj001","","","SB2","F",0,0,2,0,0,"F"
1,1,3,2,"C*BB>S.BFB","","realj001","","W","T",0,1,0,2,0,"F"
1,1,0,0,"X","casts001","realj001","","S7/G.2-3;1-2","T",0,1,2,3,0,"F"
1,1,3,2,"CB*BFBFFX","andeb006","casts001","realj001","46(1)/FO/G.3-H;2-3","T",1,1,0,3,4,"F"
1,2,2,1,"*BF*BX","pradm001","","casts001","8/L","T",1,0,1,0,3,"F"
0,0,3,2,"CBSBBX","","","","5/L+","T",1,0,0,0,0,"F"
0,1,0,1,"CX","","","","53/G","T",1,0,0,0,0,"F"
0,2,1,0,"BX","","","","8/F","T",1,0,0,0,0,"F"
1,0,1,1,"FBX","","","","9/L","T",1,0,0,0,0,"F"
1,1,1,2,"CCBX","","","","D7/L+","T",0,2,0,0,0,"F"
1,1,0,0,"X","","brinl001","","43/G.2-3","T",1,0,0,3,0,"F"
1,2,2,0,"BBX","","","brinl001","43/G","T",1,0,0,0,3,"F"
0,0,0,0,"X","","","","D7/G","T",0,2,0,0,0,"F"
0,0,1,2,"2BLLX","","valap001","","1/BL","T",1,0,0,2,0,"F"
0,1,0,0,"X","","valap001","","43/G.2-3","T",1,0,0,3,0,"F"
0,2,3,2,"BBCFFFFBX","","","valap001","53/G","T",1,0,0,0,3,"F"
1,0,1,2,"BSCS","","","","K","T",1,0,0,0,0,"F"
1,1,0,1,"CX","","","","S7/G.B-2(E7)","T",0,2,0,0,0,"F"
1,1,0,1,"CX","","casts001","","9/L+","T",1,0,0,2,0,"F"
1,2,1,1,"C*BX","","casts001","","D9/L.2-H(UR)","T",0,2,0,5,0,"F"
1,2,3,1,"B*BBCX","","pradm001","","3/P3F","T",1,0,0,2,0,"F"
0,0,3,1,"CBBBB","","","","W","T",0,1,0,0,0,"F"
0,0,0,0,"X","arenn001","","","9/F","T",1,0,1,0,0,"F"
0,1,3,2,"1BCBSBB","arenn001","","","W.1-2","T",0,1,2,0,0,"F"
0,1,0,0,"X","iannc001","arenn001","","46(1)3/GDP","T",2,0,0,2,0,"F"
1,0,1,2,"BCFX","","","","1E6.B-1","T",0,1,0,0,0,"F"
1,0,3,2,"BF1F*BF1BB","rojam002","","","W.1-2","T",0,1,2,0,0,"F"
1,0,0,1,"LX","brinl001","rojam002","","15(2)/FO/BG.1-2","T",1,1,2,0,0,"F"
1,1,3,2,"C*B*BBFX","chenw001","brinl001","","S9/L.2-H(UR);1-2","T",0,1,2,5,0,"F"
1,1,1,2,"SCBX","dietd001","chenw001","","S8/G.2-3;1-2","T",0,1,2,3,0,"F"
1,1,0,1,"CX","realj001","dietd001","chenw001","64(1)3/GDP","T",2,0,0,2,3,"F"
0,0,1,0,"BX","","","","7/F","T",1,0,0,0,0,"F"
0,1,2,0,"BBX","","","","9/F","T",1,0,0,0,0,"F"
0,2,0,1,"CX","","","","43/G","T",1,0,0,0,0,"F"
1,0,2,2,"CCBBFC","","","","K","T",1,0,0,0,0,"F"
1,1,1,2,"BCFS","","","","K","T",1,0,0,0,0,"F"
1,2,2,2,"BBCFX","","","","7/F","T",1,0,0,0,0,"F"
0,0,2,1,"CBBX","","","","HR/89/F","T",0,4,0,0,0,"F"
0,0,1,0,"BX","","","","D57/G","T",0,2,0,0,0,"F"
0,0,0,0,"X","","desmi001","","6/P","T",1,0,0,2,0,"F"
0,1,0,0,"X","","desmi001","","S7/L.2-3","T",0,1,0,3,0,"F"
0,1,1,2,".1CBST","stort001","","desmi001","K","T",1,0,1,0,3,"F"
0,2,2,2,"BBCS>FX","stort001","","desmi001","9/L","T",1,0,1,0,3,"F"
1,0,3,2,"BBFBCFX","","","","9/L","T",1,0,0,0,0,"F"
1,1,3,2,"CBBFBT","","","","K","T",1,0,0,0,0,"F"
1,2,1,2,".FBCC","","","","K","T",1,0,0,0,0,"F"
0,0,2,1,".BBCX","","","","3/G","T",1,0,0,0,0,"F"
0,1,0,0,"X","","","","53/G-","T",1,0,0,0,0,"F"
0,2,0,2,".CCS","","","","K","T",1,0,0,0,0,"F"
1,0,1,1,".BFX","","","","HR/9/F","T",0,4,0,0,0,"F"
1,0,0,1,"CX","","","","7/F","T",1,0,0,0,0,"F"
1,1,3,1,"BCBBX","","","","63/G","T",1,0,0,0,0,"F"
1,2,1,2,"CBFX","","","","53/G","T",1,0,0,0,0,"F"
0,0,1,1,"...CBX","","","","43/G","T",1,0,0,0,0,"F"
0,1,2,2,"CCBFFBH","","","","HP","T",0,1,0,0,0,"F"
0,1,1,1,"BSX","desmi001","","","64(1)/FO/G","T",1,1,0,0,0,"F"
0,2,1,1,"BCX","arenn001","","","5/L","T",1,0,1,0,0,"F"
1,0,0,1,".CX","","","","S48/L","T",0,1,0,0,0,"F"
1,0,2,2,"CB1BFFS","pradm001","","","K","T",1,0,1,0,0,"F"
1,1,1,2,"1CC*BX","pradm001","","","13/G.1-2","T",1,0,2,0,0,"F"
1,2,2,1,"FBBX","","pradm001","","63/G","T",1,0,0,2,0,"F"
0,0,3,2,".BBCBSS","","","","K","T",1,0,0,0,0,"F"
0,1,1,2,"CCBS","","","","K","T",1,0,0,0,0,"F"
0,2,2,2,".BCBTH","","","","HP","T",0,1,0,0,0,"F"
0,2,3,2,"C*BBBS>S","dahld001","","","K","T",1,0,1,0,0,"F"
0,0,3,1,"BBBCX","","","","7/F","T",1,0,0,0,0,"T"
0,1,0,2,"TFFX","","","","S7/G","T",0,1,0,0,0,"F"
0,1,2,2,"BSS1FBS","desmi001","","","K","T",1,0,1,0,0,"F"
0,2,1,1,"BS>B","desmi001","","","CS2(24)","F",1,0,0,0,0,"F"
1,0,2,2,"CBFBX","","","","63/G","T",1,0,0,0,0,"F"
1,1,3,2,"BCBFBS","","","","K","T",1,0,0,0,0,"F"
1,2,2,1,"CBBX","","","","53/G","T",1,0,0,0,0,"F"
0,0,0,0,"X","","","","7/F","T",1,0,0,0,0,"F"
0,1,1,2,"CCBS","","","","K","T",1,0,0,0,0,"F"
0,2,0,0,"X","","","","3/P","T",1,0,0,0,0,"F"
1,0,2,2,"BBTCX","","","","S8/G","T",0,1,0,0,0,"F"
1,0,1,2,"LB>FX","andeb006","","","7/L","T",1,0,1,0,0,"F"
1,1,0,1,"C>X","andeb006","","","543/G.1-2","T",1,0,2,0,0,"F"
1,2,1,2,"BSSFFX","","andeb006","","S9/L.2-H;B-2(TH)","T",0,2,0,4,0,"F"
1,2,1,2,"BCSX","","brinl001","","8/F","T",1,0,0,2,0,"F"
0,0,1,1,"BCX","","","","7/L","T",1,0,0,0,0,"F"
0,1,2,2,"CFFBBX","","","","7/L","T",1,0,0,0,0,"F"
0,2,2,2,"BCCBS","","","","K","T",1,0,0,0,0,"F"
1,0,2,2,"FBCFFBFS","","","","K","T",1,0,0,0,0,"F"
1,1,1,1,"BCX","","","","S9/L+","T",0,1,0,0,0,"F"
1,1,3,1,"CB1BBX","realj001","","","7/F","T",1,0,1,0,0,"F"
1,2,1,1,"CB1X","realj001","","","53/G","T",1,0,1,0,0,"F"
0,0,1,1,"CBX","","","","S7/G","T",0,1,0,0,0,"F"
0,0,2,2,"B*BT1MS","blacc001","","","K","T",1,0,1,0,0,"F"
0,1,1,0,"1BX","blacc001","","","8/F","T",1,0,1,0,0,"F"
0,2,1,0,"1BX","blacc001","","","7/F","T",1,0,1,0,0,"F"
1,0,3,2,"BBCSBX","","","","7/F","T",1,0,0,0,0,"F"
1,1,1,1,"CBX","","","","4/P","T",1,0,0,0,0,"F"
1,2,0,0,"X","","","","HR/7/F","T",0,4,0,0,0,"F"
1,2,0,2,"CSX","","","","8/F","T",1,0,0,0,0,"F"
0,0,1,2,"CBSS","","","","K","T",1,0,0,0,0,"F"
0,1,0,2,"CSS","","","","K","T",1,0,0,0,0,"F"
0,2,1,2,"CBFT","","","","K","T",1,0,0,0,0,"F"
1,0,0,0,"X","","","","63/G","T",1,0,0,0,0,"F"
1,1,0,1,"CX","","","","23/G-","T",1,0,0,0,0,"F"
1,2,3,2,"CBCBFBS","","","","K","T",1,0,0,0,0,"F"
0,0,2,1,"BCBX","","","","43/G","T",1,0,0,0,0,"F"
0,1,0,2,"CFS","","","","K","T",1,0,0,0,0,"F"
0,2,1,1,"FBX","","","","43/G","T",1,0,0,0,0,"F"
1,0,1,2,"CSBFFC","","","","K","T",1,0,0,0,0,"F"
1,1,0,1,"CX","","","","63/G","T",1,0,0,0,0,"F"
1,2,2,2,"TFBBX","","","","3/P9LF","T",1,0,0,0,0,"F"
0,0,3,2,"CBFBBFF*B","","","","W","T",0,1,0,0,0,"F"
0,0,0,2,"CS1X","desmi001","","","9/F","T",1,0,1,0,0,"F"
0,1,0,2,"FSX","desmi001","","","46(1)/FO/G","T",1,1,0,0,0,"F"
0,2,3,2,"BCB1BF>S","stort001","","","K","T",1,0,1,0,0,"F"
1,0,3,2,"BCBCB*B","","","","W","T",0,1,0,0,0,"F"
1,0,1,2,"11CSB1C","maybc001","","","K","T",1,0,1,0,0,"F"
1,1,1,0,"B1>C","maybc001","","","CS2(24)","F",1,0,0,0,0,"F"
1,2,2,2,"B1>C.BFX","","","","8/L","T",1,0,0,0,0,"F"
0,0,1,2,"..CSBX","","","","S9/L","T",0,1,0,0,0,"F"
0,0,1,2,"CBFS","parrg001","","","K","T",1,0,1,0,0,"F"
0,1,0,2,"FCFC","parrg001","","","K","T",1,0,1,0,0,"F"
0,2,1,2,".CSBS","parrg001","","","K","T",1,0,1,0,0,"F"
1,0,3,2,"...CSBBBB","","","","W","T",0,1,0,0,0,"F"
1,0,0,0,".X","holab001","","","S2/BG.1-2","T",0,1,2,0,0,"F"
1,0,3,1,"BBFBB","shucj001","holab001","","W.2-3;1-2","T",0,1,2,3,0,"F"
1,0,2,2,"BBCCS","realj001","shucj001","holab001","K","T",1,0,1,2,3,"F"
1,1,0,1,"CX","realj001","shucj001","holab001","9/F/SF.3-H;2-3(TH);1-2(TH)","T",1,0,2,3,4,"F"
1,2,2,0,"BBX","","realj001","shucj001","4/P","T",1,0,0,2,3,"F"
0,0,1,1,"...BSX","","","","3/G-","T",1,0,0,0,0,"F"
0,1,2,2,"CBSBFC","","","","K","T",1,0,0,0,0,"F"
0,2,0,2,"CCX","","","","S9/L","T",0,1,0,0,0,"F"
0,2,1,2,"FBSS","arenn001","","","K","T",1,0,1,0,0,"F"
0,0,1,2,"CBSX","","","","8/F","T",1,0,0,0,0,"T"
0,1,3,1,"CBBBB","","","","W","T",0,1,0,0,0,"F"
0,1,0,0,"X","hoskr001","","","S49/L.1-2","T",0,1,2,0,0,"F"
0,1,0,0,"X","herro001","hoskr001","","8/L+","T",1,0,1,2,0,"F"
0,2,2,2,"CFF*BF*BX","herro001","hoskr001","","3/G+","T",1,0,1,2,0,"F"
1,0,2,1,"BBCX","","","","3/P","T",1,0,0,0,0,"F"
1,1,2,1,"CBBX","","","","43/G","T",1,0,0,0,0,"F"
1,2,3,1,"CBBBX","","","","D9/F+","T",0,2,0,0,0,"F"
1,2,1,1,"CBX","","casts001","","3/G","T",1,0,0,2,0,"F"
0,0,0,0,"X","","","","5/P5F","T",1,0,0,0,0,"F"
0,1,3,2,"BBSFFBB","","","","W","T",0,1,0,0,0,"F"
0,1,0,0,"X","franm004","","","HR/8/F.1-H","T",0,4,4,0,0,"F"
0,1,3,2,"BFBBSX","","","","S7/G","T",0,1,0,0,0,"F"
0,1,1,1,"*BCX","arrij001","","","64(1)3/GDP","T",2,0,0,0,0,"F"
1,0,2,0,"BBX","","","","53/G","T",1,0,0,0,0,"F"
1,1,1,1,"BCX","","","","S7/L","T",0,1,0,0,0,"F"
1,1,2,2,"1BCC1B>F1>F>X","maybc001","","","S8/L+.1-3","T",0,1,3,0,0,"F"
1,1,1,0,"B*B","rojam002","","maybc001","SB2","F",0,0,2,0,3,"F"
1,1,2,1,"B*B.SX","","rojam002","maybc001","63/G.3-H","T",1,0,0,2,4,"F"
1,2,3,2,"BBBCCB","","rojam002","","W","T",0,1,0,2,0,"F"
1,2,3,1,"BFBBX","strad003","rojam002","","46(1)/FO/G","T",1,1,0,2,0,"F"
0,0,2,1,"CBBX","","","","7/F","T",1,0,0,0,0,"F"
0,1,3,2,"BBSCBB","","","","W","T",0,1,0,0,0,"F"
0,1,3,2,"1BC11FB*BS","herro001","","","K","T",1,0,1,0,0,"F"
0,2,0,1,"F>B","herro001","","","CS2(26)","F",1,0,0,0,0,"F"
1,0,3,2,"CBBBCX","","","","S16/G","T",0,1,0,0,0,"F"
1,0,3,2,"CBBFB>F*B","pradm001","","","W.1-2","T",0,1,2,0,0,"F"
1,0,0,0,"X","casts001","pradm001","","D9/F+.2-H;1-3","T",0,2,3,4,0,"F"
1,0,0,0,"X","","dietd001","casts001","D9/L.3-H;2-H","T",0,2,0,4,4,"F"
1,0,1,1,"CBX","","andeb006","","63/G.2-3","T",1,0,0,3,0,"F"
1,1,3,1,"BBFBX","","","andeb006","53/G+.3-H","T",1,0,0,0,4,"F"
1,2,1,1,"BCX","","","","53/G","T",1,0,0,0,0,"F"
0,0,0,2,"CFX","","","","8/F","T",1,0,0,0,0,"F"
0,1,3,2,"BFBFBX","","","","D7/L+","T",0,2,0,0,0,"F"
0,1,1,1,"2FBX","","kings001","","HR/7/F.2-H","T",0,4,0,4,0,"F"
0,1,1,1,"BSX","","","","4/P","T",1,0,0,0,0,"F"
0,2,3,0,"BBBB","","","","W","T",0,1,0,0,0,"F"
0,2,2,1,"BBCX","arrij001","","","D9/L.1-3","T",0,2,3,0,0,"F"
0,2,0,0,"X","","hernc005","arrij001","4/P","T",1,0,0,2,3,"F"
1,0,1,2,".CFBS","","","","K","T",1,0,0,0,0,"F"
1,1,0,0,"X","","","","D7/L","T",0,2,0,0,0,"F"
1,1,0,2,"CCC","","realj001","","K","T",1,0,0,2,0,"F"
1,2,0,0,"X","","realj001","","D7/L.2-H","T",0,2,0,4,0,"F"
1,2,0,2,".FSS","","casts001","","K","T",1,0,0,2,0,"F"
0,0,0,2,".CCX","","","","63/G","T",1,0,0,0,0,"F"
0,1,1,2,"BFSX","","","","43/G","T",1,0,0,0,0,"F"
0,2,3,2,"BSBBCX","","","","53/G","T",1,0,0,0,0,"F"
1,0,0,1,"CX","","","","S8/L","T",0,1,0,0,0,"F"
1,0,1,1,"1BCX","andeb006","","","8/F","T",1,0,1,0,0,"F"
1,1,0,2,"CFX","andeb006","","","16(1)3/GDP","T",2,0,0,0,0,"F"
0,0,1,2,"CCFBX","","","","8/L","T",1,0,0,0,0,"F"
0,1,2,0,"BBX","","","","43/G-","T",1,0,0,0,0,"F"
0,2,2,1,"BCBX","","","","S9/L","T",0,1,0,0,0,"F"
0,2,0,1,".CX","alfaj002","","","6/P","T",1,0,1,0,0,"F"
1,0,2,2,".BBCSFS","","","","K","T",1,0,0,0,0,"F"
1,1,2,2,".BBFFC","","","","K","T",1,0,0,0,0,"F"
1,2,3,2,"FBBBCFX","","","","S64/G-","T",0,1,0,0,0,"F"
1,2,0,2,"CC1>B","realj001","","","CS2(26)","F",1,0,0,0,0,"F"
0,0,3,0,".BBBB","","","","W","T",0,1,0,0,0,"F"
0,0,1,2,"BCCS","hernc005","","","K","T",1,0,1,0,0,"F"
0,1,2,0,"B1BX","hernc005","","","S7/L.1-2","T",0,1,2,0,0,"F"
0,1,0,1,"CB","herro001","hernc005","","WP.2-3;1-2","F",0,0,2,3,0,"F"
0,1,3,2,"CB.F*BFF*BB","","herro001","hernc005","W","T",0,1,0,2,3,"F"
0,1,3,2,"*B2*BCBFX","altha001","herro001","hernc005","9/F-","T",1,0,1,2,3,"F"
0,2,1,1,"BSX","altha001","herro001","hernc005","2(3)/FO/G-.2-3;1-2","T",1,1,2,3,0,"F"
1,0,1,0,"..BX","","","","43/G","T",1,0,0,0,0,"F"
1,1,3,2,"BCBBCX","","","","S6/G","T",0,1,0,0,0,"F"
1,1,0,2,"11>FFS","casts001","","","K","T",1,0,1,0,0,"F"
1,2,1,2,"CF*BFX","casts001","","","HR/78/F.1-H","T",0,4,4,0,0,"F"
1,2,0,1,"FX","","","","53/G","T",1,0,0,0,0,"F"
0,0,2,1,".BBCX","","","","8/L+","T",1,0,0,0,0,"F"
0,1,1,2,"SBSS","","","","K","T",1,0,0,0,0,"F"
0,2,1,2,"CFBS","","","","K","T",1,0,0,0,0,"F"
1,0,1,1,".BFX","","","","2/P2F","T",1,0,0,0,0,"F"
1,1,0,1,"CX","","","","S56/G-","T",0,1,0,0,0,"F"
1,1,2,2,".1CF1BBX","brinl001","","","8/F","T",1,0,1,0,0,"F"
1,2,0,0,"X","brinl001","","","64(1)/FO/G","T",1,1,0,0,0,"F"
0,0,2,1,".BBCX","","","","53/G+","T",1,0,0,0,0,"F"
0,1,0,0,"X","","","","63/G+","T",1,0,0,0,0,"F"
0,2,0,2,"CCFFX","","","","31/G","T",1,0,0,0,0,"F"
0,0,2,2,"CBBFX","","","","8/L","T",1,0,0,0,0,"T"
0,1,1,2,"CBFC","","","","K","T",1,0,0,0,0,"F"
0,2,0,0,"X","","","","8/F","T",1,0,0,0,0,"F"
1,0,2,1,"BSBX","","","","8/F","T",1,0,0,0,0,"F"
1,1,0,1,"CX","","","","63/G","T",1,0,0,0,0,"F"
1,2,0,1,"CX","","","","9/F","T",1,0,0,0,0,"F"
0,0,2,2,"CBFBS","","","","K","T",1,0,0,0,0,"F"
0,1,1,0,"BX","","","","6/P","T",1,0,0,0,0,"F"
0,2,0,0,"X","","","","4/P","T",1,0,0,0,0,"F"
1,0,2,2,"CFBBC","","","","K","T",1,0,0,0,0,"F"
1,1,1,2,"CFBS","","","","K","T",1,0,0,0,0,"F"
1,2,2,2,"CCBBFFX","","","","7/F","T",1,0,0,0,0,"F"
0,0,1,0,"BX","","","","8/F+","T",1,0,0,0,0,"F"
0,1,1,0,"BX","","","","S5/G+","T",0,1,0,0,0,"F"
0,1,1,2,"CLBS","alfaj002","","","K","T",1,0,1,0,0,"F"
0,2,1,2,"1BCSX","alfaj002","","","S8/L.1-3","T",0,1,3,0,0,"F"
0,2,1,2,"FSBX","hernc005","","alfaj002","8/F","T",1,0,1,0,3,"F"
1,0,0,0,"X","","","","63/G","T",1,0,0,0,0,"F"
1,1,1,1,"CBX","","","","5/L+","T",1,0,0,0,0,"F"
1,2,2,2,"CBBCFS","","","","K","T",1,0,0,0,0,"F"
0,0,0,2,"CCX","","","","S7/G","T",0,1,0,0,0,"F"
0,0,1,1,"BC1X","herro001","","","8/F","T",1,0,1,0,0,"F"
0,1,3,1,"*BBBCB","herro001","","","W.1-2","T",0,1,2,0,0,"F"
0,1,0,0,"X","santc002","herro001","","5/L5F","T",1,0,1,2,0,"F"
0,2,2,1,"BBFX","santc002","herro001","","64(1)/FO/G","T",1,1,0,2,0,"F"
1,0,1,2,"CCBX","","","","9/F","T",1,0,0,0,0,"F"
1,1,1,2,"BSFFFX","","","","43/G","T",1,0,0,0,0,"F"
1,2,1,2,"CBFX","","","","8/L","T",1,0,0,0,0,"F"
0,0,1,2,"BCFX","","","","S9/L","T",0,1,0,0,0,"F"
0,0,0,0,"X","alfaj002","","","14/BG/SH.1-2","T",1,0,2,0,0,"F"
0,1,1,1,"BCX","","alfaj002","","8/L+.2-3","T",1,0,0,3,0,"F"
0,2,3,2,"BCBSBFX","","","alfaj002","D7/L+.3-H","T",0,2,0,0,4,"F"
0,2,3,1,"BB*BFX","","hoskr001","","31/G","T",1,0,0,2,0,"F"
1,0,2,1,"BBSX","","","","63/G","T",1,0,0,0,0,"F"
1,1,3,2,"CBBBCFT","","","","K","T",1,0,0,0,0,"F"
1,2,0,0,"X","","","","8/F","T",1,0,0,0,0,"F"
0,0,1,0,"BX","","","","43/G+","T",1,0,0,0,0,"F"
0,1,0,1,"FX","","","","8/L","T",1,0,0,0,0,"F"
0,2,3,2,"BCBCBX","","","","13/G-","T",1,0,0,0,0,"F"
1,0,1,0,"BX","","","","D3/P","T",0,2,0,0,0,"F"
1,0,0,0,"X","","rojam002","","FC2/BG.2X3(2565)","T",1,1,0,0,0,"F"
1,1,1,0,".111B11","brinl001","","","PO1(13)","F",1,0,0,0,0,"F"
1,2,2,2,".111B11.CBFX","","","","HR/89/F","T",0,4,0,0,0,"F"
1,2,0,1,"FX","","","","S8/G","T",0,1,0,0,0,"F"
1,2,1,0,"BX","realj001","","","43/G","T",1,0,1,0,0,"F"
0,0,0,2,"....CCX","","","","9/F","T",1,0,0,0,0,"F"
0,1,0,2,"CFS","","","","K","T",1,0,0,0,0,"F"
0,2,0,1,".CX","","","","S8/G","T",0,1,0,0,0,"F"
0,2,1,1,"CBX","willn001","","","43/G","T",1,0,1,0,0,"F"
1,0,0,1,".CX","","","","S9/L","T",0,1,0,0,0,"F"
1,0,1,0,"BX","casts001","","","8/F","T",1,0,1,0,0,"F"
1,1,1,0,"B1X","casts001","","","S8/G.1-2","T",0,1,2,0,0,"F"
1,1,0,2,"CFFS","andeb006","casts001","","K","T",1,0,1,2,0,"F"
1,2,2,2,".BTS*BFX","andeb006","casts001","","3/G+","T",1,0,1,2,0,"F"
0,0,0,2,".CFC","","","","K","T",1,0,0,0,0,"F"
0,1,3,2,"FFBBBFT","","","","K","T",1,0,0,0,0,"F"
0,2,0,2,"CFS","","","","K","T",1,0,0,0,0,"F"
1,0,0,2,"..CSX","","","","4/P","T",1,0,0,0,0,"F"
1,1,0,2,"CCFS","","","","K","T",1,0,0,0,0,"F"
1,2,0,1,".CX","","","","8/F","T",1,0,0,0,0,"F"
0,0,0,0,".X","","","","D7/G","T",0,2,0,0,0,"F"
0,0,0,0,"X","","santc002","","8/F","T",1,0,0,2,0,"F"
0,1,1,2,"BFSH","","santc002","","HP","T",0,1,0,2,0,"F"
0,1,0,2,"SSS","kings001","santc002","","K","T",1,0,1,2,0,"F"
0,2,2,2,".BSBSS","kings001","santc002","","K","T",1,0,1,2,0,"F"
1,0,0,2,".CFX","","","","4/L","T",1,0,0,0,0,"F"
1,1,1,1,"SBX","","","","43/G","T",1,0,0,0,0,"F"
1,2,2,2,"FBSBFS","","","","K","T",1,0,0,0,0,"F"
0,0,0,0,".X","","","","8/F","T",1,0,0,0,0,"F"
0,1,3,1,"BCBBB","","","","W","T",0,1,0,0,0,"F"
0,1,0,1,"CX","hoskr001","","","4/P","T",1,0,1,0,0,"F"
0,2,1,1,"BCX","hoskr001","","","S8/G.1-2","T",0,1,2,0,0,"F"
0,2,3,1,"CB*BBB","altha001","hoskr001","","W.2-3;1-2","T",0,1,2,3,0,"F"
0,2,0,2,"FCX","santc002","altha001","hoskr001","6/L","T",1,0,1,2,3,"F"
1,0,1,2,".CBFS","","","","K","T",1,0,0,0,0,"F"
1,1,2,1,"BFBX","","","","T8/L+","T",0,3,0,0,0,"F"
1,1,3,0,"VVVV","","","maybc001","IW","T",0,1,0,0,3,"F"
1,1,1,1,".BFX","rojam002","","maybc001","S8/L+.3-H;1-2","T",0,1,2,0,4,"F"
0,0,2,1,"CBBX","","","","HR/8/F","T",0,4,0,0,0,"T"
0,0,0,2,"FCFS","","","","K","T",1,0,0,0,0,"F"
0,1,0,0,"H","","","","HP","T",0,1,0,0,0,"F"
0,1,2,2,"1CBBSX","herro001","","","54(1)3/GDP","T",2,0,0,0,0,"F"
1,0,1,2,"BCCX","","","","53/G","T",1,0,0,0,0,"F"
1,1,1,2,"CBFX","","","","S8/L","T",0,1,0,0,0,"F"
1,1,1,1,"BCX","pradm001","","","S56/G+.1-2","T",0,1,2,0,0,"F"
1,1,2,2,"BCFBX","realj001","pradm001","","9/L+","T",1,0,1,2,0,"F"
1,2,1,2,"CSBFS","realj001","pradm001","","K","T",1,0,1,2,0,"F"
0,0,2,1,"BBCX","","","","8/F","T",1,0,0,0,0,"F"
0,1,0,1,"CX","","","","53/G+","T",1,0,0,0,0,"F"
0,2,1,2,"CBFX","","","","D7/L","T",0,2,0,0,0,"F"
0,2,3,0,"VVVV","","florp001","","IW","T",0,1,0,2,0,"F"
0,2,0,1,"CX","alfaj002","florp001","","E1/TH/G.2-H(NR)(UR);1-3;B-2","T",0,2,3,5,0,"F"
0,2,0,1,"CX","","nolaa001","alfaj002","8/F","T",1,0,0,2,3,"F"
1,0,1,0,"BX","","","","S8/G","T",0,1,0,0,0,"F"
1,0,3,2,"11BB1FFB1","rojam002","","","PO1(13)","F",1,0,0,0,0,"F"
1,1,3,2,"11BB1FFB1.B","","","","W","T",0,1,0,0,0,"F"
1,1,3,2,"1BC1BS1FB1>S","brinl001","","","K+CS2(24)/DP","T",2,0,0,0,0,"F"
0,0,0,2,"CCS","","","","K","T",1,0,0,0,0,"F"
0,1,2,2,"CBBFX","","","","43/G","T",1,0,0,0,0,"F"
0,2,0,2,"CFX","","","","S8/G+","T",0,1,0,0,0,"F"
0,2,1,2,"CFF1BFX","altha001","","","3/G","T",1,0,1,0,0,"F"
1,0,0,1,"CX","","","","13/G","T",1,0,0,0,0,"F"
1,1,1,1,"FBX","","","","8/L","T",1,0,0,0,0,"F"
1,2,0,0,"X","","","","9/L","T",1,0,0,0,0,"F"
0,0,3,2,"SBFBBX","","","","9/L","T",1,0,0,0,0,"F"
0,1,2,2,"FCFBFFFBX","","","","S8/G+","T",0,1,0,0,0,"F"
0,1,0,2,"CFFF1S","florp001","","","K","T",1,0,1,0,0,"F"
0,2,0,1,"CX","florp001","","","53/G","T",1,0,1,0,0,"F"
1,0,1,1,"BSX","","","","8/F","T",1,0,0,0,0,"F"
1,1,0,2,"CSC","","","","K","T",1,0,0,0,0,"F"
1,2,2,2,"SBBSS","","","","K","T",1,0,0,0,0,"F"
0,0,0,1,"CX","","","","3/G","T",1,0,0,0,0,"F"
0,1,2,2,"BBFSFFS","","","","K","T",1,0,0,0,0,"F"
0,2,0,0,"X","","","","8/F","T",1,0,0,0,0,"F"
1,0,3,2,"BBCFFBX","","","","7/L","T",1,0,0,0,0,"F"
1,1,3,2,"BBTBFFFS","","","","K","T",1,0,0,0,0,"F"
1,2,1,2,"BSSS","","","","K","T",1,0,0,0,0,"F"
0,0,1,2,"BCFS","","","","K","T",1,0,0,0,0,"F"
0,1,2,2,"CBSBX","","","","31/G","T",1,0,0,0,0,"F"
0,2,0,0,"X","","","","D7/F","T",0,2,0,0,0,"F"
0,2,0,0,"X","","franm004","","43/G","T",1,0,0,2,0,"F"
1,0,1,2,"FBMC","","","","K","T",1,0,0,0,0,"F"
1,1,2,0,"BBX","","","","8/L+","T",1,0,0,0,0,"F"
1,2,1,1,"CBX","","","","7/F","T",1,0,0,0,0,"F"
0,0,0,0,"X","","","","S7/L+","T",0,1,0,0,0,"F"
0,0,0,2,"LLX","alfaj002","","","S9/L.1-2","T",0,1,2,0,0,"F"
0,0,3,2,"CBBFB2X","nolaa001","alfaj002","","36(1)/FO/G+.2-3","T",1,1,0,3,0,"F"
0,1,1,2,"CB1FS","hernc005","","alfaj002","K","T",1,0,1,0,3,"F"
0,2,1,2,"FBF>FFX","hernc005","","alfaj002","5/P5F","T",1,0,1,0,3,"F"
1,0,2,2,"BCCBX","","","","63/G-","T",1,0,0,0,0,"F"
1,1,0,1,"CX","","","","3/G-","T",1,0,0,0,0,"F"
1,2,0,0,"X","","","","63/G","T",1,0,0,0,0,"F"
0,0,0,0,".X","","","","S9/L","T",0,1,0,0,0,"F"
0,0,1,1,"*B11FX","altha001","","","7/F","T",1,0,1,0,0,"F"
0,1,2,2,"CB*BFX","altha001","","","D7/G.1-H;B-3(TH)","T",0,3,4,0,0,"F"
0,1,2,1,"BFBX","","","franm004","3/G-.3-H","T",1,0,0,0,4,"F"
0,2,3,2,"BCBBFFS","","","","K","T",1,0,0,0,0,"F"
1,0,2,2,"CBSBFFX","","","","43/G+","T",1,0,0,0,0,"F"
1,1,1,2,"CBFX","","","","S7/L+","T",0,1,0,0,0,"F"
1,1,1,2,"..BCFX","brinl001","","","5/P5F","T",1,0,1,0,0,"F"
1,2,0,1,"...CX","brinl001","","","13/L","T",1,0,1,0,0,"F"
0,0,1,2,"...BFSX","","","","7/L","T",1,0,0,0,0,"F"
0,1,2,1,"BBFX","","","","S9/L","T",0,1,0,0,0,"F"
0,1,3,2,"CBBBFX","hernc005","","","S8/L.1-3","T",0,1,3,0,0,"F"
0,1,1,2,"FC*BX","hoskr001","","hernc005","S7/L.3-H;1-3","T",0,1,3,0,4,"F"
0,1,0,1,"CX","herro001","","hoskr001","8/F/SF.3-H","T",1,0,1,0,4,"F"
0,2,3,1,"CBBBX","herro001","","","46(1)/FO/G","T",1,1,0,0,0,"F"
1,0,1,1,".BFX","","","","S1/G","T",0,1,0,0,0,"F"
1,0,0,0,"X","maybc001","","","9/F","T",1,0,1,0,0,"F"
1,1,2,2,"BBCFX","maybc001","","","54(1)3/GDP","T",2,0,0,0,0,"F"
0,0,3,2,"SBFBBFFFC","","","","K","T",1,0,0,0,0,"T"
0,1,1,2,"FBFC","","","","K","T",1,0,0,0,0,"F"
0,2,1,1,"BFX","","","","S9/L","T",0,1,0,0,0,"F"
0,2,1,2,"CBC1","freef001","","","POCS2(136)","F",1,0,0,0,0,"F"
1,0,1,2,"CFBX","","","","S8/L","T",0,1,0,0,0,"F"
1,0,0,2,"FCX","realj001","","","9/F","T",1,0,1,0,0,"F"
1,1,0,0,"1","realj001","","","PO1(E1).1-3","F",0,0,3,0,0,"F"
1,1,0,2,"1.FFFX","","","realj001","3/P","T",1,0,0,0,3,"F"
1,2,3,2,"CBBBCB","","","realj001","W","T",0,1,0,0,3,"F"
1,2,1,0,"BX","bourj002","","realj001","9/F9LF","T",1,0,1,0,3,"F"
0,0,2,1,"FBBX","","","","S8/L","T",0,1,0,0,0,"F"
0,0,0,2,"FCC","markn001","","","K","T",1,0,1,0,0,"F"
0,1,1,0,"BX","markn001","","","D9/G.1-3","T",0,2,3,0,0,"F"
0,1,2,1,"B*BFX","","incie001","markn001","43/G.3-H;2-3","T",1,0,0,3,4,"F"
0,2,3,0,"VVVV","","","incie001","IW","T",0,1,0,0,3,"F"
0,2,0,2,"FSS","camaj001","","incie001","K","T",1,0,1,0,3,"F"
1,0,1,1,"BCX","","","","43/G","T",1,0,0,0,0,"F"
1,1,0,1,"CX","","","","63/G","T",1,0,0,0,0,"F"
1,2,1,2,"CFBS","","","","K","T",1,0,0,0,0,"F"
0,0,2,2,"FFBFFFBFFX","","","","9/F","T",1,0,0,0,0,"F"
0,1,1,2,"BSFFX","","","","63/G","T",1,0,0,0,0,"F"
0,2,0,2,"FFX","","","","S8/G","T",0,1,0,0,0,"F"
0,2,0,1,"CX","freef001","","","8/L","T",1,0,1,0,0,"F"
1,0,0,2,"CSC","","","","K","T",1,0,0,0,0,"F"
1,1,2,2,"FBBFS","","","","K","T",1,0,0,0,0,"F"
1,2,2,2,"CBBCX","","","","S9/G","T",0,1,0,0,0,"F"
1,2,3,2,"SFBBB>C","pradm001","","","K","T",1,0,1,0,0,"F"
0,0,1,2,"SBCFS","","","","K","T",1,0,0,0,0,"F"
0,1,3,2,"LBCBBFX","","","","8/F","T",1,0,0,0,0,"F"
0,2,3,2,"SBBBFX","","","","9/F","T",1,0,0,0,0,"F"
1,0,3,2,"CBBBCX","","","","4/P","T",1,0,0,0,0,"F"
1,1,1,0,"BX","","","","7/L+","T",1,0,0,0,0,"F"
1,2,2,2,"CBBCFX","","","","63/G","T",1,0,0,0,0,"F"
0,0,1,1,"BFX","","","","S8/L","T",0,1,0,0,0,"F"
0,0,0,0,"1X","camaj001","","","56(1)/FO/BG","T",1,1,0,0,0,"F"
0,1,1,2,"FFF*BX","foltm001","","","8/L","T",1,0,1,0,0,"F"
0,2,3,2,"S*BFB*B>FB","foltm001","","","W.1-2","T",0,1,2,0,0,"F"
0,2,0,1,"FX","acunr001","foltm001","","S4/G.2-3;1-2","T",0,1,2,3,0,"F"
0,2,0,1,"FX","freef001","acunr001","foltm001","8/L","T",1,0,1,2,3,"F"
1,0,1,2,"CFBX","","","","8/L","T",1,0,0,0,0,"F"
1,1,3,2,"BFBBCFX","","","","E6/TH/G","T",0,1,0,0,0,"F"
1,1,0,0,"1X","brinl001","","","34/BG/SH.1-2","T",1,0,2,0,0,"F"
1,2,3,2,"BCBC*BB","","brinl001","","W","T",0,1,0,2,0,"F"
1,2,3,1,"BBBCX","realj001","brinl001","","S9/L+.2-H(UR);1-3","T",0,1,3,5,0,"F"
1,2,0,1,"CX","pradm001","","realj001","3/P","T",1,0,1,0,3,"F"
0,0,1,1,"BCX","","","","53/G","T",1,0,0,0,0,"F"
0,1,2,2,"FBBFX","","","","S9/F","T",0,1,0,0,0,"F"
0,1,2,1,"1.C1BB>B","incie001","","","SB2","F",0,0,2,0,0,"F"
0,1,3,2,"1.C1BB>B.SFX","","incie001","","5/P5F","T",1,0,0,2,0,"F"
0,2,3,0,"VVVV","","incie001","","IW","T",0,1,0,2,0,"F"
0,2,3,0,".BBBB","camaj001","incie001","","W.2-3;1-2","T",0,1,2,3,0,"F"
0,2,1,1,"BCX","tuckp001","camaj001","incie001","HR/9/L.3-H;2-H;1-H","T",0,4,4,4,4,"F"
0,2,0,0,"X","","","","S8/G","T",0,1,0,0,0,"F"
0,2,0,0,"X","acunr001","","","HR/9/F.1-H","T",0,4,4,0,0,"F"
0,2,3,2,"BFFFFFBBX","","","","S8/G+","T",0,1,0,0,0,"F"
0,2,3,0,".*BBBB","markn001","","","W.1-2","T",0,1,2,0,0,"F"
0,2,1,2,"CBFFX","suzuk001","markn001","","DGR/89/L.2-H;1-3","T",0,2,3,4,0,"F"
0,2,1,0,"BX","","incie001","suzuk001","63/G","T",1,0,0,2,3,"F"
1,0,1,2,"..CSFFBS","","","","K","T",1,0,0,0,0,"F"
1,1,2,1,"BBSX","","","","53/G","T",1,0,0,0,0,"F"
1,2,1,1,"SBX","","","","13/G-","T",1,0,0,0,0,"F"
0,0,2,2,"..BCBCX","","","","9/L","T",1,0,0,0,0,"F"
0,1,1,1,"BFX","","","","S4/G","T",0,1,0,0,0,"F"
0,1,0,2,"CSX","flahr001","","","6/P","T",1,0,1,0,0,"F"
0,2,1,0,"BX","flahr001","","","64(1)/FO/G","T",1,1,0,0,0,"F"
1,0,1,1,".BSX","","","","3/L","T",1,0,0,0,0,"F"
1,1,1,1,"BCX","","","","8/F","T",1,0,0,0,0,"F"
1,2,1,2,"BCFX","","","","S8/F","T",0,1,0,0,0,"F"
1,2,1,2,"B1CSC","maybc001","","","K","T",1,0,1,0,0,"F"
0,0,0,0,"X","","","","S9/L","T",0,1,0,0,0,"F"
0,0,3,2,"BBCF*BX","freef001","","","46(1)/FO/G","T",1,1,0,0,0,"F"
0,1,3,2,"CBFFBFBX","markn001","","","8/F","T",1,0,1,0,0,"F"
0,2,1,2,"CS*BX","markn001","","","7/F","T",1,0,1,0,0,"F"
1,0,0,2,"CCX","","","","7/L","T",1,0,0,0,0,"F"
1,1,0,0,"X","","","","8/L+","T",1,0,0,0,0,"F"
1,2,3,1,"BBBCB","","","","W","T",0,1,0,0,0,"F"
1,2,3,2,"BBC*BF>B","bourj002","","","W.1-2","T",0,1,2,0,0,"F"
1,2,1,2,".SBFFS","andeb006","bourj002","","K","T",1,0,1,2,0,"F"
0,0,0,2,".SSFS","","","","K","T",1,0,0,0,0,"F"
0,1,3,2,"CBBCBX","","","","S7/G","T",0,1,0,0,0,"F"
0,1,0,0,"X","camaj001","","","13/G.1-2","T",1,0,2,0,0,"F"
0,2,1,1,"FBX","","camaj001","","S9/G.2-H","T",0,1,0,4,0,"F"
0,2,0,1,"FX","albio001","","","6(1)/FO/G","T",1,1,0,0,0,"F"
1,0,1,1,"CBX","","","","8/L","T",1,0,0,0,0,"F"
1,1,0,1,"CX","","","","HR/78/F","T",0,4,0,0,0,"F"
1,1,1,0,"BX","","","","9/F","T",1,0,0,0,0,"F"
1,2,0,2,"FCX","","","","3/P","T",1,0,0,0,0,"F"
0,0,0,1,"FX","","","","6/P","T",1,0,0,0,0,"T"
0,1,1,2,"CBSX","","","","53/G-","T",1,0,0,0,0,"F"
0,2,3,2,"CFBBFBB","","","","W","T",0,1,0,0,0,"F"
0,2,2,2,"CBB1CFX","freef001","","","8/L+","T",1,0,1,0,0,"F"
1,0,2,2,"BBFFFX","","","","D7/G+","T",0,2,0,0,0,"F"
1,0,1,0,"BX","","realj001","","43/G.2-3","T",1,0,0,3,0,"F"
1,1,0,0,"X","","","realj001","63/G.3-H","T",1,0,0,0,4,"F"
1,2,3,2,"BCBBFB","","","","W","T",0,1,0,0,0,"F"
1,2,0,0,"X","bourj002","","","6/L","T",1,0,1,0,0,"F"
0,0,0,1,"CX","","","","63/G","T",1,0,0,0,0,"F"
0,1,2,2,"CSBBX","","","","4/P","T",1,0,0,0,0,"F"
0,2,1,2,"CBFC","","","","K","T",1,0,0,0,0,"F"
1,0,0,2,"CCT","","","","K","T",1,0,0,0,0,"F"
1,1,1,2,"FBCFX","","","","S7/F-","T",0,1,0,0,0,"F"
1,1,0,2,"CFS","rojam002","","","K","T",1,0,1,0,0,"F"
1,2,1,2,"CSBC","rojam002","","","K","T",1,0,1,0,0,"F"
0,0,3,2,"BFBBFS","","","","K","T",1,0,0,0,0,"F"
0,1,1,2,"CBFC","","","","K","T",1,0,0,0,0,"F"
0,2,2,2,"CBSBX","","","","HR/9/F","T",0,4,0,0,0,"F"
0,2,1,2,"SBSFS","","","","K","T",1,0,0,0,0,"F"
1,0,0,0,"X","","","","HR/7/F","T",0,4,0,0,0,"F"
1,0,2,1,"CBBX","","","","53/G","T",1,0,0,0,0,"F"
1,1,0,1,"CX","","","","6/L+","T",1,0,0,0,0,"F"
1,2,3,1,"BBBCB","","","","W","T",0,1,0,0,0,"F"
1,2,1,2,"CBCX","bourj002","","","13/G","T",1,0,1,0,0,"F"
0,0,3,2,"BBFFFBX","","","","8/L+","T",1,0,0,0,0,"F"
0,1,1,2,"CFBX","","","","S8/G+","T",0,1,0,0,0,"F"
0,1,0,0,"X","markn001","","","8/F","T",1,0,1,0,0,"F"
0,2,1,1,"BFX","markn001","","","E3/L.1-3","T",0,1,3,0,0,"F"
0,2,0,2,"1F>FH","incie001","","markn001","HP.1-2","T",0,1,2,0,3,"F"
0,2,3,2,"BFBS*B>B","camaj001","incie001","markn001","W.3-H(UR);2-3;1-2","T",0,1,2,3,5,"F"
0,2,0,1,"CX","flahr001","camaj001","incie001","9/F","T",1,0,1,2,3,"F"
1,0,1,1,"BSX","","","","S8/G","T",0,1,0,0,0,"F"
1,0,2,2,"FBFBX","dietd001","","","S9/L+.1-3","T",0,1,3,0,0,"F"
1,0,0,0,"X","rojam002","","dietd001","S7/G.3-H;1-3;B-2(TH)","T",0,2,3,0,4,"F"
1,0,0,1,"CX","","brinl001","rojam002","63/G","T",1,0,0,2,3,"F"
1,1,2,2,"FFBBX","","brinl001","rojam002","S8/G.3-H;2-3","T",0,1,0,3,4,"F"
1,1,1,1,"BS1X","realj001","","brinl001","54(1)3/GDP","T",2,0,0,0,3,"F"
0,0,3,2,"CLBBBFB","","","","W","T",0,1,0,0,0,"F"
0,0,2,1,"BB11F>C","albio001","","","SB2.1-3(E2/TH)","F",0,0,3,0,0,"F"
0,0,3,2,"BB11F>C.BS","","","albio001","K","T",1,0,0,0,3,"F"
0,1,3,2,"BBF*BFX","","","albio001","3/L9LF+","T",1,0,0,0,3,"F"
0,2,1,2,"CFFBX","","","albio001","D9/L+.3-H","T",0,2,0,0,4,"F"
0,2,0,1,"FX","","markn001","","53/G","T",1,0,0,2,0,"F"
1,0,0,1,"CX","","","","HR/8/F","T",0,4,0,0,0,"F"
1,0,2,2,"FBFBX","","","","43/G","T",1,0,0,0,0,"F"
1,1,0,0,"X","","","","S3/P-","T",0,1,0,0,0,"F"
1,1,0,0,">S","andeb006","","","SB2","F",0,0,2,0,0,"F"
1,1,0,1,">S.X","","andeb006","","S8/L.2-3","T",0,1,0,3,0,"F"
1,1,0,1,"LX","dietd001","","andeb006","S7/L.3-H;1-2","T",0,1,2,0,4,"F"
1,1,3,2,"BFBFFBX","rojam002","dietd001","","5/L/DP.2X2(54)","T",2,0,1,0,0,"F"
0,0,2,2,".FBBCFFS","","","","K","T",1,0,0,0,0,"F"
0,1,1,1,"BFX","","","","8/F","T",1,0,0,0,0,"F"
0,2,2,2,"BFBFX","","","","S7/L","T",0,1,0,0,0,"F"
0,2,2,2,".CCBBC","flahr001","","","K","T",1,0,1,0,0,"F"
1,0,3,1,"..BBBCX","","","","S8/L","T",0,1,0,0,0,"F"
1,0,1,2,"CS1BX","shucj001","","","64(1)/FO/G","T",1,1,0,0,0,"F"
1,1,3,1,"B1>FBBB","realj001","","","W.1-2","T",0,1,2,0,0,"F"
1,1,1,1,"BCX","pradm001","realj001","","64(1)3/GDP","T",2,0,0,2,0,"F"
0,0,0,2,".CFS","","","","K","T",1,0,0,0,0,"F"
0,1,3,2,"BFBBFFX","","","","8/F","T",1,0,0,0,0,"F"
0,2,2,1,"BBFX","","","","43/G","T",1,0,0,0,0,"F"
1,0,0,0,".X","","","","43/G","T",1,0,0,0,0,"F"
1,1,2,1,"CBBX","","","","8/F+","T",1,0,0,0,0,"F"
1,2,0,0,"X","","","","S7/G+","T",0,1,0,0,0,"F"
1,2,0,1,"CX","dietd001","","","43/G","T",1,0,1,0,0,"F"
0,0,2,2,"..BFCBX","","","","7/F","T",1,0,0,0,0,"F"
0,1,0,1,"SX","","","","8/F","T",1,0,0,0,0,"F"
0,2,2,2,"BBFCX","","","","8/F","T",1,0,0,0,0,"F"
1,0,0,2,"LFFS","","","","K","T",1,0,0,0,0,"F"
1,1,0,0,"X","","","","D7/G","T",0,2,0,0,0,"F"
1,1,1,0,"*BX","","maybc001","","6/L/DP.2X2(64)","T",2,0,0,0,0,"F"
0,0,3,2,"...BCBBFX","","","","3/G","T",1,0,0,0,0,"F"
0,1,2,1,"BBCX","","","","63/G","T",1,0,0,0,0,"F"
0,2,0,0,".X","","","","S7/G","T",0,1,0,0,0,"F"
0,2,0,0,"X","tuckp001","","","7/L+","T",1,0,1,0,0,"F"
0,0,0,0,"X","","","","53/G","T",1,0,0,0,0,"T"
0,1,1,0,"BX","","","","43/G+","T",1,0,0,0,0,"F"
0,2,0,0,"X","","","","HR/89/F","T",0,4,0,0,0,"F"
0,2,1,2,"BCFS","","","","K","T",1,0,0,0,0,"F"
1,0,1,2,"BSCC","","","","K","T",1,0,0,0,0,"F"
1,1,2,2,"BFCBFS","","","","K","T",1,0,0,0,0,"F"
1,2,2,1,"BBFX","","","","S5/G","T",0,1,0,0,0,"F"
1,2,1,2,"BCCX","casts001","","","S9/L.1-3","T",0,1,3,0,0,"F"
1,2,2,0,"BBX","bourj002","","casts001","D7/L+.3-H;1-3","T",0,2,3,0,4,"F"
1,2,1,2,"F*BFS","","andeb006","bourj002","K","T",1,0,0,2,3,"F"
0,0,0,0,"X","","","","63/G+","T",1,0,0,0,0,"F"
0,1,3,0,"BBBB","","","","W","T",0,1,0,0,0,"F"
0,1,1,1,"1C1BX","incie001","","","S9/F.1-H(UR)(E9);B-2","T",0,2,5,0,0,"F"
0,1,1,0,"BX","","flowt001","","53/G","T",1,0,0,2,0,"F"
0,2,1,2,"CFBX","","flowt001","","3/L","T",1,0,0,2,0,"F"
1,0,2,2,"CBBCX","","","","9/F","T",1,0,0,0,0,"F"
1,1,1,0,"BX","","","","8/F","T",1,0,0,0,0,"F"
1,2,1,2,"FSBS","","","","K","T",1,0,0,0,0,"F"
0,0,0,1,"CX","","","","4/P","T",1,0,0,0,0,"F"
0,1,1,2,"CBFFC","","","","K","T",1,0,0,0,0,"F"
0,2,1,2,"BFCFX","","","","7/F","T",1,0,0,0,0,"F"
1,0,1,0,"BX","","","","D7/L","T",0,2,0,0,0,"F"
1,0,1,2,"FBCX","","realj001","","43/G.2-3","T",1,0,0,3,0,"F"
1,1,2,2,"C*B*BFS","","","realj001","K","T",1,0,0,0,3,"F"
1,2,3,1,"BBCBX","","","realj001","31/G","T",1,0,0,0,3,"F"
0,0,0,1,"CX","","","","7/L","T",1,0,0,0,0,"F"
0,1,2,1,"BCBX","","","","5/P2F","T",1,0,0,0,0,"F"
0,2,1,0,"BX","","","","S9/G","T",0,1,0,0,0,"F"
0,2,1,1,"1S*B1>B","incie001","","","SB2","F",0,0,2,0,0,"F"
0,2,3,1,"1S*B1>B.BB","","incie001","","W","T",0,1,0,2,0,"F"
0,2,2,1,"BBFX","flowt001","incie001","","8/F","T",1,0,1,2,0,"F"
1,0,1,1,"CBX","","","","63/G","T",1,0,0,0,0,"F"
1,1,0,2,"CFS","","","","K","T",1,0,0,0,0,"F"
1,2,0,2,"CSX","","","","S9/L","T",0,1,0,0,0,"F"
1,2,1,2,"BF>FX","rojam002","","","43/G","T",1,0,1,0,0,"F"
0,0,1,1,"CBX","","","","63/G","T",1,0,0,0,0,"F"
0,1,0,2,"CSS","","","","K","T",1,0,0,0,0,"F"
0,2,1,1,"BFX","","","","S8/L+","T",0,1,0,0,0,"F"
0,2,3,2,"BC1FBB>X","acunr001","","","HR/8/F.1-H","T",0,4,4,0,0,"F"
0,2,1,1,"CBX","","","","8/L","T",1,0,0,0,0,"F"
1,0,1,2,"CSBS","","","","K","T",1,0,0,0,0,"F"
1,1,0,2,"FFX","","","","9/F","T",1,0,0,0,0,"F"
1,2,1,2,"CBSX","","","","S8/L","T",0,1,0,0,0,"F"
1,2,1,2,"SS*BFX","pradm001","","","S6/G.1-2","T",0,1,2,0,0,"F"
1,2,3,1,"*BSBBB","casts001","pradm001","","W.2-3;1-2","T",0,1,2,3,0,"F"
1,2,1,0,"*BX","bourj002","casts001","pradm001","E5/G.3-H(UR)(NR);2-3;1-2","T",0,1,2,3,5,"F"
1,2,1,0,"BX","andeb006","bourj002","casts001","D8/L+.3-H(UR);2-H(UR);1-H(UR)","T",0,2,5,5,5,"F"
1,2,3,2,".CS*BBFBC","","dietd001","","K","T",1,0,0,2,0,"F"
0,0,0,1,"CX","","","","HR/7/F","T",0,4,0,0,0,"F"
0,0,1,2,"BCCFS","","","","K","T",1,0,0,0,0,"F"
0,1,2,2,"BFFBX","","","","S8/L","T",0,1,0,0,0,"F"
0,1,1,1,"BSX","flowt001","","","54(1)3/GDP","T",2,0,0,0,0,"F"
1,0,2,2,"..CBBSFX","","","","S6/G","T",0,1,0,0,0,"F"
1,0,2,1,".B11>F111BX","brinl001","","","36(1)/FO/G","T",1,1,0,0,0,"F"
1,1,1,0,"BX","shucj001","","","54(1)3/GDP","T",2,0,0,0,0,"F"
0,0,2,2,".FBBSX","","","","8/L","T",1,0,0,0,0,"F"
0,1,1,2,"FBFX","","","","6/P","T",1,0,0,0,0,"F"
0,2,1,1,"CBX","","","","9/F","T",1,0,0,0,0,"F"
1,0,1,2,"CSBS","","","","K","T",1,0,0,0,0,"F"
1,1,0,0,"X","","","","8/F","T",1,0,0,0,0,"F"
1,2,3,1,".BBCBB","","","","W","T",0,1,0,0,0,"F"
1,2,3,2,"BSFB*B>X","bourj002","","","53/G+","T",1,0,1,0,0,"F"
0,0,3,2,".BBCFBFB","","","","W","T",0,1,0,0,0,"F"
0,0,2,1,"CBBX","freef001","","","S9/L.1-2","T",0,1,2,0,0,"F"
0,0,1,2,".C2FBS","markn001","freef001","","K","T",1,0,1,2,0,"F"
0,1,3,2,"SSFBBBFFFFFFB","markn001","freef001","","W.2-3;1-2","T",0,1,2,3,0,"F"
0,1,3,2,"*BCFF*B*BFB","incie001","markn001","freef001","W.3-H;2-3;1-2","T",0,1,2,3,4,"F"
0,1,3,2,".FSB*BBF*B","flowt001","incie001","markn001","W.3-H;2-3;1-2","T",0,1,2,3,4,"F"
0,1,2,2,"FS*BBFC","camaj001","flowt001","incie001","K","T",1,0,1,2,3,"F"
0,2,1,1,"BFX","camaj001","flowt001","incie001","3/P3F","T",1,0,1,2,3,"F"
1,0,3,2,".BBCFFFFFBX","","","","43/G","T",1,0,0,0,0,"F"
1,1,0,2,"SFX","","","","D3/P","T",0,2,0,0,0,"F"
1,1,1,2,"CC*BX","","rojam002","","43/G.2-3","T",1,0,0,3,0,"F"
1,2,0,1,".CX","","","rojam002","8/F","T",1,0,0,0,3,"F"
0,0,3,2,".CSBBBFC","","","","K","T",1,0,0,0,0,"F"
0,1,1,0,"BX","","","","S7/L","T",0,1,0,0,0,"F"
0,1,3,1,"BBBCX","freef001","","","S9/L+.1X3(95)","T",1,1,0,0,0,"F"
0,2,2,0,".BBX","markn001","","","T7/F.1-H","T",0,3,4,0,0,"F"
0,2,0,1,"SX","","","culbc001","HR/9/L.3-H","T",0,4,0,0,4,"F"
0,2,0,1,"CX","","","","9/F","T",1,0,0,0,0,"F"
1,0,0,2,".CSFS","","","","K","T",1,0,0,0,0,"F"
1,1,2,2,"BBSCX","","","","3/P3F","T",1,0,0,0,0,"F"
1,2,1,2,"FBSX","","","","7/F","T",1,0,0,0,0,"F"
0,0,3,2,"BBFBFX","","","","63/G","T",1,0,0,0,0,"T"
0,1,3,2,"BBBCFFS","","","","K","T",1,0,0,0,0,"F"
0,2,0,0,"X","","","","S9/L+","T",0,1,0,0,0,"F"
0,2,3,2,"BBCFB>X","freef001","","","S6/P.1-H;B-2(E6/TH)","T",0,2,4,0,0,"F"
0,2,3,2,"FBFFBFFBX","","markn001","","43/G","T",1,0,0,2,0,"F"
1,0,0,2,"CFT","","","","K","T",1,0,0,0,0,"F"
1,1,2,2,"BCBFX","","","","9/F","T",1,0,0,0,0,"F"
1,2,1,2,"CBSS","","","","K","T",1,0,0,0,0,"F"
0,0,2,2,"CBFFBC","","","","K","T",1,0,0,0,0,"F"
0,1,2,2,"FBBFS","","","","K","T",1,0,0,0,0,"F"
0,2,2,1,"CBBX","","","","43/G","T",1,0,0,0,0,"F"
1,0,1,2,"FCFBX","","","","63/G","T",1,0,0,0,0,"F"
1,1,2,2,"BCBSX","","","","D7/L+","T",0,2,0,0,0,"F"
1,1,1,2,"BFTX","","andeb006","","13/G-.2-3","T",1,0,0,3,0,"F"
1,2,1,2,"BFSFFS","","","andeb006","K","T",1,0,0,0,3,"F"
0,0,2,2,"BBSTFC","","","","K","T",1,0,0,0,0,"F"
0,1,0,0,"X","","","","43/G","T",1,0,0,0,0,"F"
0,2,3,2,"CBBBFB","","","","W","T",0,1,0,0,0,"F"
0,2,3,0,"B1BBB","acunr001","","","W.1-2","T",0,1,2,0,0,"F"
0,2,2,1,"BCB2X","freef001","acunr001","","7/L","T",1,0,1,2,0,"F"
1,0,3,2,"BFFBBFFB","","","","W","T",0,1,0,0,0,"F"
1,0,0,2,"L1CL","rivey001","","","K/BF","T",1,0,1,0,0,"F"
1,1,0,0,"X","rivey001","","","9/F","T",1,0,1,0,0,"F"
1,2,3,1,"B1T1BBB","rivey001","","","W.1-2","T",0,1,2,0,0,"F"
1,2,2,2,"BBCTX","pradm001","rivey001","","5(2)/FO/G.1-2","T",1,1,2,0,0,"F"
0,0,0,0,"X","","","","8/F","T",1,0,0,0,0,"F"
0,1,1,2,"CFFFBX","","","","43/G","T",1,0,0,0,0,"F"
0,2,1,1,"FBX","","","","43/G","T",1,0,0,0,0,"F"
1,0,3,1,"BBCBX","","","","E5/TH/G","T",0,1,0,0,0,"F"
1,0,2,1,"CBBX","casts001","","","64(1)3/GDP","T",2,0,0,0,0,"F"
1,2,1,0,"BX","","","","8/L","T",1,0,0,0,0,"F"
0,0,1,1,"CBX","","","","3/G","T",1,0,0,0,0,"F"
0,1,1,1,"CBX","","","","43/G","T",1,0,0,0,0,"F"
0,2,0,1,"CX","","","","23/G-","T",1,0,0,0,0,"F"
1,0,3,2,"BBBCFB","","","","W","T",0,1,0,0,0,"F"
1,0,3,2,"BS1FBBFS","rojam002","","","K","T",1,0,1,0,0,"F"
1,1,0,1,"L1X","rojam002","","","54/BG/SH.1-2","T",1,0,2,0,0,"F"
1,2,0,0,"X","","rojam002","","63/G","T",1,0,0,2,0,"F"
0,0,2,2,"FCBBX","","","","D9/G","T",0,2,0,0,0,"F"
0,0,1,2,"BFCX","","acunr001","","63/G.2-3","T",1,0,0,3,0,"F"
0,1,2,2,"CBFBS","","","acunr001","K","T",1,0,0,0,3,"F"
0,2,1,1,"BFX","","","acunr001","HR/9/F.3-H","T",0,4,0,0,4,"F"
0,2,1,2,"BFFX","","","","63/G","T",1,0,0,0,0,"F"
1,0,3,1,"BFBBB","","","","W","T",0,1,0,0,0,"F"
1,0,2,2,"BS1FBS","pradm001","","","K","T",1,0,1,0,0,"F"
1,1,2,2,"CBS*BX","pradm001","","","8/F","T",1,0,1,0,0,"F"
1,2,3,2,"BBBCF>X","pradm001","","","8/F","T",1,0,1,0,0,"F"
0,0,0,1,".FX","","","","7/L","T",1,0,0,0,0,"F"
0,1,1,0,"BX","","","","9/F","T",1,0,0,0,0,"F"
0,2,2,2,".FFBBFFS","","","","K","T",1,0,0,0,0,"F"
1,0,0,1,".CX","","","","6/P","T",1,0,0,0,0,"F"
1,1,0,0,"H","","","","HP","T",0,1,0,0,0,"F"
1,1,0,0,"X","rojam002","","","7/L","T",1,0,1,0,0,"F"
1,2,0,2,".CCS","rojam002","","","K","T",1,0,1,0,0,"F"
0,0,0,0,"...X","","","","6/L","T",1,0,0,0,0,"F"
0,1,3,2,"BCBBFB","","","","W","T",0,1,0,0,0,"F"
0,1,0,0,"X","acunr001","","","8/L","T",1,0,1,0,0,"F"
0,2,2,1,"B11CB>C","acunr001","","","SB2","F",0,0,2,0,0,"F"
0,2,3,2,"B11CB>C.BFC","","acunr001","","K","T",1,0,0,2,0,"F"
1,0,1,2,".FBSX","","","","43/G","T",1,0,0,0,0,"F"
1,1,1,2,"CSBS","","","","K","T",1,0,0,0,0,"F"
1,2,2,2,"SBCBS","","","","K","T",1,0,0,0,0,"F"
0,0,1,2,".CCFBX","","","","S4/G","T",0,1,0,0,0,"F"
0,0,0,0,"X","incie001","","","S8/L+.1-2","T",0,1,2,0,0,"F"
0,0,2,1,"BFB>B","suzuk001","incie001","","CS3(25)","F",1,0,1,0,0,"F"
0,1,3,2,"BFB>B.FX","suzuk001","","","7/F","T",1,0,1,0,0,"F"
0,2,2,0,"BBX","suzuk001","","","S9/L.1-3","T",0,1,3,0,0,"F"
0,2,1,0,".BX","camaj001","","suzuk001","S4/G+.3-H;1-2","T",0,1,2,0,4,"F"
0,2,2,2,"FBFBS","tuckp001","camaj001","","K","T",1,0,1,2,0,"F"
1,0,0,0,".X","","","","S7/L","T",0,1,0,0,0,"F"
1,0,1,2,"CBCX","casts001","","","S6/G.1-2","T",0,1,2,0,0,"F"
1,0,1,2,".CFBFS","shucj001","casts001","","K","T",1,0,1,2,0,"F"
1,1,1,0,".BX","shucj001","casts001","","HR/9/F+.2-H;1-H","T",0,4,4,4,0,"F"
1,1,0,1,"FX","","","","9/L","T",1,0,0,0,0,"F"
1,2,3,1,"BBBCX","","","","3/G+","T",1,0,0,0,0,"F"
0,0,3,1,"BBBC*B","","","","W","T",0,1,0,0,0,"T"
0,0,0,2,"CSX","taylc001","","","7/F","T",1,0,1,0,0,"F"
0,1,3,2,"CBBBFX","taylc001","","","8/F.1-2","T",1,0,2,0,0,"F"
0,2,1,2,"CBSFFS","","taylc001","","K","T",1,0,0,2,0,"F"
1,0,3,2,"CBBCBX","","","","S9/L","T",0,1,0,0,0,"F"
1,0,0,0,"X","pradm001","","","S7/L.1-2","T",0,1,2,0,0,"F"
1,0,0,2,"CCS","realj001","pradm001","","K","T",1,0,1,2,0,"F"
1,1,1,1,"BCX","realj001","pradm001","","64(1)/FO/G.2-H(UR)(E4/TH)","T",1,1,0,5,0,"F"
1,2,1,2,"CBCS","andeb006","","","K","T",1,0,1,0,0,"F"
0,0,1,0,"BX","","","","43/G","T",1,0,0,0,0,"F"
0,1,2,2,"BBCFFS","","","","K","T",1,0,0,0,0,"F"
0,2,2,2,"BCSBFX","","","","9/F","T",1,0,0,0,0,"F"
1,0,1,1,"BCX","","","","S1/BG","T",0,1,0,0,0,"F"
1,0,0,2,"CFX","maybc001","","","8/F","T",1,0,1,0,0,"F"
1,1,1,1,"BS>X","maybc001","","","S8/F.1-3;B-2(TH)","T",0,2,3,0,0,"F"
1,1,0,2,"STX","","brinl001","maybc001","FC5/G/DP.3XH(5);BX1(53)","T",2,0,0,2,0,"F"
0,0,3,2,"CSBBBB","","","","W","T",0,1,0,0,0,"F"
0,0,0,0,"X","puigy001","","","34/BG/SH.1-3","T",1,0,3,0,0,"F"
0,1,3,1,"B*BBSX","","","puigy001","3/P3F","T",1,0,0,0,3,"F"
0,2,3,2,"CBBFBFC","","","puigy001","K","T",1,0,0,0,3,"F"
1,0,2,1,"CBBX","","","","53/G","T",1,0,0,0,0,"F"
1,1,1,2,"CBCS","","","","K","T",1,0,0,0,0,"F"
1,2,0,0,"X","","","","9/F","T",1,0,0,0,0,"F"
0,0,1,2,"FFBX","","","","S9/F-","T",0,1,0,0,0,"F"
0,0,0,0,"X","turnj001","","","9/F","T",1,0,1,0,0,"F"
0,1,1,1,"BCX","turnj001","","","S5/G+.1-2","T",0,1,2,0,0,"F"
0,1,2,2,"SBBCX","barna001","turnj001","","8/F","T",1,0,1,2,0,"F"
0,2,3,2,"CCBBF*B>X","barna001","turnj001","","7/F","T",1,0,1,2,0,"F"
1,0,3,2,"SBBFFBX","","","","S8/L","T",0,1,0,0,0,"F"
1,0,2,2,"FBFBX","andeb006","","","S8/L.1-2","T",0,1,2,0,0,"F"
1,0,2,2,"BSCBX","bourj002","andeb006","","54(1)/FO/G.2-3","T",1,1,0,3,0,"F"
1,1,1,1,"BSX","maybc001","","andeb006","8/F/SF.3-H","T",1,0,1,0,4,"F"
1,2,3,2,"C*BBFB>S","maybc001","","","K","T",1,0,1,0,0,"F"
0,0,3,1,"BBCBB","","","","W","T",0,1,0,0,0,"F"
0,0,0,0,"X","puigy001","","","5/BP","T",1,0,1,0,0,"F"
0,1,1,2,"CB1CX","puigy001","","","S8/L.1-2","T",0,1,2,0,0,"F"
0,1,3,2,"....CBBB2SX","taylc001","puigy001","","7/F.2-3;1-2","T",1,0,2,3,0,"F"
0,2,2,2,"BCBFFX","","taylc001","puigy001","5/L","T",1,0,0,2,3,"F"
1,0,1,1,".BCX","","","","43/G","T",1,0,0,0,0,"F"
1,1,0,0,"X","","","","S7/L","T",0,1,0,0,0,"F"
1,1,3,2,"CBCF*B*BX","pradm001","","","S5/G.1-2","T",0,1,2,0,0,"F"
1,1,0,2,"FFC","realj001","pradm001","","K","T",1,0,1,2,0,"F"
1,2,1,0,"*BX","realj001","pradm001","","163/G","T",1,0,1,2,0,"F"
0,0,1,1,"BFX","","","","63/G","T",1,0,0,0,0,"F"
0,1,2,2,".CBSBX","","","","7/F","T",1,0,0,0,0,"F"
0,2,1,2,"SBTX","","","","7/F","T",1,0,0,0,0,"F"
1,0,2,2,".CFBFBFX","","","","S9/G","T",0,1,0,0,0,"F"
1,0,1,0,"BX","bourj002","","","36(1)/FO/G","T",1,1,0,0,0,"F"
1,1,1,2,"CFBX","maybc001","","","64(1)3/GDP","T",2,0,0,0,0,"F"
0,0,2,2,".CBBCX","","","","9/F","T",1,0,0,0,0,"F"
0,1,1,1,"FBX","","","","HR/78/F","T",0,4,0,0,0,"F"
0,1,0,1,".CX","","","","1/G","T",1,0,0,0,0,"F"
0,2,2,0,"BBX","","","","8/L","T",1,0,0,0,0,"F"
1,0,1,0,"..BX","","","","D7/L","T",0,2,0,0,0,"F"
1,0,0,0,"X","","rivey001","","14/BG/SH.2-3","T",1,0,0,3,0,"F"
1,1,3,2,".BCSBBS","","","rivey001","K","T",1,0,0,0,3,"F"
1,2,3,2,"CBFBBX","","","rivey001","D7/L+.3-H","T",0,2,0,0,4,"F"
1,2,3,1,"BBCBB","","realj001","","W","T",0,1,0,2,0,"F"
1,2,2,2,"BBCCX","casts001","realj001","","S9/G.2-H;1X3(95)","T",1,1,0,4,0,"F"
0,0,1,2,".CFBFFX","","","","3/L+","T",1,0,0,0,0,"F"
0,1,0,2,"STX","","","","43/G","T",1,0,0,0,0,"F"
0,2,2,2,"BSBSFS","","","","K","T",1,0,0,0,0,"F"
1,0,0,1,".CX","","","","9/F","T",1,0,0,0,0,"F"
1,1,2,2,"BCBCX","","","","43/G","T",1,0,0,0,0,"F"
1,2,3,1,"BSBBX","","","","3/P","T",1,0,0,0,0,"F"
0,0,1,2,".CCBX","","","","8/F","T",1,0,0,0,0,"F"
0,1,1,1,"FBX","","","","HR/8/F","T",0,4,0,0,0,"F"
0,1,2,1,"BCBX","","","","63/G","T",1,0,0,0,0,"F"
0,2,1,2,"CFBS","","","","K","T",1,0,0,0,0,"F"
0,0,2,1,"BBCX","","","","63/G","T",1,0,0,0,0,"T"
0,1,3,2,"BBSBSX","","","","3/G+","T",1,0,0,0,0,"F"
0,2,2,2,"FBCBX","","","","S7/L","T",0,1,0,0,0,"F"
0,2,0,2,"CSX","turnj001","","","63/G+","T",1,0,1,0,0,"F"
1,0,0,2,"CFX","","","","S8/L","T",0,1,0,0,0,"F"
1,0,1,2,"FBFFC","pradm001","","","K","T",1,0,1,0,0,"F"
1,1,1,2,"CBFS","pradm001","","","K","T",1,0,1,0,0,"F"
1,2,3,1,"BCBBB","pradm001","","","W.1-2","T",0,1,2,0,0,"F"
1,2,0,1,"CX","bourj002","pradm001","","S8/G+.2-H;1-2","T",0,1,2,4,0,"F"
1,2,2,2,"BSBTX","andeb006","bourj002","","6/P","T",1,0,1,2,0,"F"
0,0,3,2,"BFFFBFB*B","","","","W","T",0,1,0,0,0,"F"
0,0,0,0,"X","bellc002","","","S8/L.1-2","T",0,1,2,0,0,"F"
0,0,1,2,"C2CBC","taylc001","bellc002","","K","T",1,0,1,2,0,"F"
0,1,0,1,"CX","taylc001","bellc002","","9/F","T",1,0,1,2,0,"F"
0,2,1,0,"BX","taylc001","bellc002","","43/G","T",1,0,1,2,0,"F"
1,0,1,0,"BX","","","","5/L","T",1,0,0,0,0,"F"
1,1,3,2,"BSBFBS","","","","K","T",1,0,0,0,0,"F"
1,2,0,0,"X","","","","3/G","T",1,0,0,0,0,"F"
0,0,1,2,"CBSX","","","","63/G","T",1,0,0,0,0,"F"
0,1,0,2,"CFX","","","","43/G","T",1,0,0,0,0,"F"
0,2,1,1,"BCX","","","","8/F","T",1,0,0,0,0,"F"
1,0,0,1,"CX","","","","E6/G+","T",0,1,0,0,0,"F"
1,0,2,2,"CBBSX","pradm001","","","53/G.1-2","T",1,0,2,0,0,"F"
1,1,1,1,"BFX","","pradm001","","S8/G+.2-H(UR)","T",0,1,0,5,0,"F"
1,1,3,2,"BCBBFS","casts001","","","K","T",1,0,1,0,0,"F"
1,2,0,0,"X","casts001","","","9/F","T",1,0,1,0,0,"F"
0,0,3,2,"BCTBBX","","","","HR/8/F+","T",0,4,0,0,0,"F"
0,0,2,2,"BBCFX","","","","4/P","T",1,0,0,0,0,"F"
0,1,1,2,"BSCS","","","","K","T",1,0,0,0,0,"F"
0,2,2,2,"SBBCX","","","","7/F","T",1,0,0,0,0,"F"
1,0,3,2,"BSBCBB","","","","W","T",0,1,0,0,0,"F"
1,0,0,2,"CFFH","dietd001","","","HP.1-2","T",0,1,2,0,0,"F"
1,0,0,2,"CSS","rojam002","dietd001","","K","T",1,0,1,2,0,"F"
1,1,0,2,"LLC","rojam002","dietd001","","K","T",1,0,1,2,0,"F"
1,2,0,2,"CFC","rojam002","dietd001","","K","T",1,0,1,2,0,"F"
0,0,1,1,"CBX","","","","23/G-","T",1,0,0,0,0,"F"
0,1,3,2,"CBBBFX","","","","8/F","T",1,0,0,0,0,"F"
0,2,0,0,"X","","","","7/F","T",1,0,0,0,0,"F"
1,0,0,2,"CFX","","","","53/G-","T",1,0,0,0,0,"F"
1,1,0,1,"CX","","","","S8/L+","T",0,1,0,0,0,"F"
1,1,3,2,"CCBB1B>FX","casts001","","","HR/7/F.1-H","T",0,4,4,0,0,"F"
1,1,0,2,"CFFX","","","","S9/F","T",0,1,0,0,0,"F"
1,1,1,0,"B>X","andeb006","","","S9/G.1-3","T",0,1,3,0,0,"F"
1,1,2,1,"*BBFX","dietd001","","andeb006","8/F/SF.3-H","T",1,0,1,0,4,"F"
1,2,1,2,"CFB1FFX","dietd001","","","43/G","T",1,0,1,0,0,"F"
0,0,0,2,".FCX","","","","D8/F+","T",0,2,0,0,0,"F"
0,0,0,0,"X","","pedej001","","9/L.2-3","T",1,0,0,3,0,"F"
0,1,3,1,"*BBBCX","","","pedej001","S9/L.3-H","T",0,1,0,0,4,"F"
0,1,0,0,"X","grany001","","","D9/L+.1-3","T",0,2,3,0,0,"F"
0,1,1,0,"..BX","","bellc002","grany001","S9/L+.3-H;2-3;B-2(TH)","T",0,2,0,3,4,"F"
0,1,0,1,"CX","","taylc001","bellc002","DGR/89/L+.3-H;2-H","T",0,2,0,4,4,"F"
0,1,1,2,"SF*BFS","","muncm001","","K","T",1,0,0,2,0,"F"
0,2,0,2,".SSS","","muncm001","","K","T",1,0,0,2,0,"F"
1,0,2,2,".BBCFX","","","","6/P","T",1,0,0,0,0,"F"
1,1,2,2,"BBCFX","","","","9/F","T",1,0,0,0,0,"F"
1,2,1,2,"FBFX","","","","HR/78/F+","T",0,4,0,0,0,"F"
1,2,1,2,"BCSX","","","","DGR/9/L","T",0,2,0,0,0,"F"
1,2,3,0,"VVVV","","casts001","","IW","T",0,1,0,2,0,"F"
1,2,1,2,"CFFFBC","bourj002","casts001","","K","T",1,0,1,2,0,"F"
0,0,1,2,"BCFFS","","","","K","T",1,0,0,0,0,"F"
0,1,2,2,"BCBFFX","","","","8/F","T",1,0,0,0,0,"F"
0,2,3,2,"BFBCFFFFBX","","","","S7/L+","T",0,1,0,0,0,"F"
0,2,0,2,"CCS","turnj001","","","K","T",1,0,1,0,0,"F"
1,0,0,2,"..CSFFX","","","","63/G","T",1,0,0,0,0,"F"
1,1,1,1,"CBX","","","","D7/G.BX3(75)","T",1,0,0,0,0,"F"
1,2,0,2,"CSX","","","","7/F","T",1,0,0,0,0,"F"
0,0,3,1,".BBCBX","","","","E4/G+","T",0,1,0,0,0,"F"
0,0,1,2,"SSBC","bellc002","","","K","T",1,0,1,0,0,"F"
0,1,0,0,"H","bellc002","","","HP.1-2","T",0,1,2,0,0,"F"
0,1,0,1,"FX","muncm001","bellc002","","4/P/IF","T",1,0,1,2,0,"F"
0,2,1,1,".BCX","muncm001","bellc002","","64(1)/FO","T",1,1,0,2,0,"F"
1,0,0,1,".CX","","","","63/G","T",1,0,0,0,0,"F"
1,1,3,2,"CBBFBFB","","","","W","T",0,1,0,0,0,"F"
1,1,0,1,"FX","pradm001","","","3/P","T",1,0,1,0,0,"F"
1,2,0,1,"C1X","pradm001","","","S56/G+.1-2","T",0,1,2,0,0,"F"
1,2,1,2,".CFBS","casts001","pradm001","","K","T",1,0,1,2,0,"F"
0,0,1,1,"...BFX","","","","S8/L","T",0,1,0,0,0,"F"
0,0,0,1,"FX","utlec001","","","8/F","T",1,0,1,0,0,"F"
0,1,0,1,"CX","utlec001","","","46(1)3/GDP","T",2,0,0,0,0,"F"
0,0,3,2,"TBFBBS","","","","K","T",1,0,0,0,0,"T"
0,1,1,0,"BX","","","","4/P","T",1,0,0,0,0,"F"
0,2,3,2,"BBFBFFC","","","","K","T",1,0,0,0,0,"F"
1,0,2,0,"BBX","","","","9/F","T",1,0,0,0,0,"F"
1,1,3,2,"CBSFBBFX","","","","3/P3F","T",1,0,0,0,0,"F"
1,2,0,2,"SFX","","","","9/L","T",1,0,0,0,0,"F"
0,0,2,2,"BBSTX","","","","63/G","T",1,0,0,0,0,"F"
0,1,2,2,"BBSSX","","","","43/G","T",1,0,0,0,0,"F"
0,2,3,2,"CTBBBFB","","","","W","T",0,1,0,0,0,"F"
0,2,1,2,"BCCS","bellc002","","","K","T",1,0,1,0,0,"F"
1,0,2,2,"BCSBC","","","","K","T",1,0,0,0,0,"F"
1,1,1,0,"BX","","","","D8/L+","T",0,2,0,0,0,"F"
1,1,0,2,"CSS","","dietd001","","K","T",1,0,0,2,0,"F"
1,2,0,2,"SCS","","dietd001","","K","T",1,0,0,2,0,"F"
0,0,3,2,"SBCFBBB","","","","W","T",0,1,0,0,0,"F"
0,0,0,1,"O1X","puigy001","","","24/BG/SH.1-2","T",1,0,2,0,0,"F"
0,1,3,2,"BBFBSB","","puigy001","","W","T",0,1,0,2,0,"F"
0,1,0,2,"CFFB","taylc001","puigy001","","PB.2-3;1-2","F",0,0,2,3,0,"F"
0,1,3,2,"CFFB.FBBB","","taylc001","puigy001","W","T",0,1,0,2,3,"F"
0,1,0,1,"CX","barna001","taylc001","puigy001","D7/L+.3-H;2-H;1-H","T",0,2,4,4,4,"F"
0,1,2,2,"CFBBFX","","turnj001","","DGR/8/L+.2-H","T",0,2,0,4,0,"F"
0,1,1,2,"FCBS","","kempm001","","K","T",1,0,0,2,0,"F"
0,2,3,2,"F*BBBSX","","kempm001","","7/F","T",1,0,0,2,0,"F"
1,0,1,2,"BCCX","","","","63/G-","T",1,0,0,0,0,"F"
1,1,1,1,".BTX","","","","S8/L","T",0,1,0,0,0,"F"
1,1,1,2,"CCBC","rivey001","","","K","T",1,0,1,0,0,"F"
1,2,0,2,"CSS","rivey001","","","K","T",1,0,1,0,0,"F"
0,0,1,2,".CCBS","","","","K","T",1,0,0,0,0,"F"
0,1,0,0,"X","","","","HR/7/F+","T",0,4,0,0,0,"F"
0,1,0,2,"CFS","","","","K","T",1,0,0,0,0,"F"
0,2,2,1,"CBBX","","","","S9/L","T",0,1,0,0,0,"F"
0,2,3,2,"FCB*BFB>B","taylc001","","","W.1-2","T",0,1,2,0,0,"F"
0,2,3,2,"FBFBB>F>F>X","barna001","taylc001","","D7/L.2-H;1-H","T",0,2,4,4,0,"F"
0,2,0,0,"X","","turnj001","","S6/G.2-3","T",0,1,0,3,0,"F"
0,2,2,1,"BFBX","kempm001","","turnj001","8/F","T",1,0,1,0,3,"F"
1,0,2,2,"CBBCX","","","","7/L","T",1,0,0,0,0,"F"
1,1,3,2,"CBFBBC","","","","K","T",1,0,0,0,0,"F"
1,2,0,2,"CFX","","","","13/G-","T",1,0,0,0,0,"F"
0,0,2,2,".CBSBX","","","","7/L+","T",1,0,0,0,0,"F"
0,1,0,0,"X","","","","63/G","T",1,0,0,0,0,"F"
0,2,3,2,"CBSBBB","","","","W","T",0,1,0,0,0,"F"
0,2,1,2,"BFSX","puigy001","","","6(1)/FO/G","T",1,1,0,0,0,"F"
1,0,1,2,"BFSX","","","","8/F","T",1,0,0,0,0,"F"
1,1,1,2,"CSBFX","","","","53/G","T",1,0,0,0,0,"F"
1,2,0,0,"X","","","","9/L","T",1,0,0,0,0,"F"
0,0,0,1,"....FX","","","","53/G","T",1,0,0,0,0,"F"
0,1,0,2,"CFFFX","","","","63/G","T",1,0,0,0,0,"F"
0,2,0,0,"X","","","","S8/L","T",0,1,0,0,0,"F"
0,2,2,2,"BFBFX","turnj001","","","DGR/89/L.1-3","T",0,2,3,0,0,"F"
0,2,0,0,"X","","kempm001","turnj001","53/G+","T",1,0,0,2,3,"F"
1,0,1,2,".BCFS","","","","K","T",1,0,0,0,0,"F"
1,1,2,2,"CBBCX","","","","43/G","T",1,0,0,0,0,"F"
1,2,1,2,"TTBX","","","","13/G-","T",1,0,0,0,0,"F"
0,0,0,0,"X","","","","6/P","T",1,0,0,0,0,"F"
0,1,1,1,"CBX","","","","8/F","T",1,0,0,0,0,"F"
0,2,2,2,"FBBCFX","","","","S6/G+","T",0,1,0,0,0,"F"
0,2,2,1,"BBCX","puigy001","","","7/F","T",1,0,1,0,0,"F"
1,0,1,1,".CBX","","","","6/P","T",1,0,0,0,0,"F"
1,1,0,2,"FSX","","","","53/G","T",1,0,0,0,0,"F"
1,2,1,1,"FBX","","","","4/P","T",1,0,0,0,0,"F"
0,0,0,0,"X","","","","S9/L","T",0,1,0,0,0,"F"
0,0,1,2,"FFFBX","taylc001","","","54(1)/FO/G+","T",1,1,0,0,0,"F"
0,1,3,1,"BFBBX","barna001","","","7/F","T",1,0,1,0,0,"F"
0,2,1,2,"CFBX","barna001","","","8/F","T",1,0,1,0,0,"F"
1,0,1,2,"CFBS","","","","K","T",1,0,0,0,0,"F"
1,1,0,2,"CSX","","","","3/L-","T",1,0,0,0,0,"F"
1,2,0,1,"SX","","","","9/F9LF","T",1,0,0,0,0,"F"
0,0,2,2,"BCBFX","","","","7/F","T",1,0,0,0,0,"F"
0,1,3,1,"BBBCB","","","","W","T",0,1,0,0,0,"F"
0,1,1,2,"BCFX","bellc002","","","54(1)/FO/G+","T",1,1,0,0,0,"F"
0,2,3,2,"BFFFF*BF*B>F>S","forsl001","","","K","T",1,0,1,0,0,"F"
1,0,2,2,"..CSBBFC","","","","K","T",1,0,0,0,0,"F"
1,1,1,2,"CBFX","","","","S5/G-","T",0,1,0,0,0,"F"
1,1,0,2,"FSX","shucj001","","","S8/L.1-2","T",0,1,2,0,0,"F"
1,1,0,2,"CFFFFFS","maybc001","shucj001","","K","T",1,0,1,2,0,"F"
1,2,0,2,"FSFS","maybc001","shucj001","","K","T",1,0,1,2,0,"F"
0,0,1,1,"CBX","","","","63/G","T",1,0,0,0,0,"T"
0,1,3,2,"BCBBFS","","","","K","T",1,0,0,0,0,"F"
0,2,2,2,"BBCFFX","","","","S7/L+","T",0,1,0,0,0,"F"
0,2,0,0,"X","renda001","","","43/G","T",1,0,1,0,0,"F"
1,0,0,0,"X","","","","S8/L","T",0,1,0,0,0,"F"
1,0,1,2,"CBFFS","pradm001","","","K","T",1,0,1,0,0,"F"
1,1,3,2,"FBSBB>X","pradm001","","","3/P3F","T",1,0,1,0,0,"F"
1,2,0,1,"CX","pradm001","","","53/G","T",1,0,1,0,0,"F"
0,0,2,2,"BBSFS","","","","K","T",1,0,0,0,0,"F"
0,1,2,2,"BFBFH","","","","HP","T",0,1,0,0,0,"F"
0,1,2,1,"CBBX","sevep001","","","HR/7/F.1-H","T",0,4,4,0,0,"F"
0,1,3,2,"FBBBCX","","","","13/G-","T",1,0,0,0,0,"F"
0,2,1,1,"CBX","","","","53/G-","T",1,0,0,0,0,"F"
1,0,0,1,"CX","","","","3/P3F","T",1,0,0,0,0,"F"
1,1,2,2,"BCSFBX","","","","31/G","T",1,0,0,0,0,"F"
1,2,3,1,"BFBBX","","","","3/P","T",1,0,0,0,0,"F"
0,0,1,2,"BFFC","","","","K","T",1,0,0,0,0,"F"
0,1,1,0,"BX","","","","63/G","T",1,0,0,0,0,"F"
0,2,2,1,"BBCX","","","","S8/G","T",0,1,0,0,0,"F"
0,2,2,2,"CBFBFFX","renda001","","","8/F","T",1,0,1,0,0,"F"
1,0,1,1,"SBX","","","","8/F+","T",1,0,0,0,0,"F"
1,1,2,2,"CBSBS","","","","K","T",1,0,0,0,0,"F"
1,2,1,0,"BX","","","","D7/L+","T",0,2,0,0,0,"F"
1,2,3,2,"FSBBBX","","pradm001","","6/P","T",1,0,0,2,0,"F"
0,0,3,2,"CBBBSB","","","","W","T",0,1,0,0,0,"F"
0,0,0,0,"X","sotoj001","","","54(1)3/GDP","T",2,0,0,0,0,"F"
0,2,2,2,"BBCCS","","","","K","T",1,0,0,0,0,"F"
1,0,1,2,"CFFBS","","","","K","T",1,0,0,0,0,"F"
1,1,0,1,"SX","","","","S3/G","T",0,1,0,0,0,"F"
1,1,1,2,"CB>FH","casts001","","","HP.1-2","T",0,1,2,0,0,"F"
1,1,0,0,"X","andeb006","casts001","","3/G-.2-3;1-2","T",1,0,2,3,0,"F"
1,2,2,2,"BBCSFFX","","andeb006","casts001","S8/L.3-H;2-H","T",0,1,0,4,4,"F"
1,2,3,2,"1BBBCS>B","rojam002","","","W.1-2","T",0,1,2,0,0,"F"
1,2,1,1,"FBX","brinl001","rojam002","","9/F","T",1,0,1,2,0,"F"
0,0,2,2,"CFBBS","","","","K","T",1,0,0,0,0,"F"
0,1,2,1,"BFBX","","","","8/F","T",1,0,0,0,0,"F"
0,2,1,2,"CFBS","","","","K","T",1,0,0,0,0,"F"
1,0,2,1,"BCBX","","","","D7/F","T",0,2,0,0,0,"F"
1,0,0,2,"FCS","","pradm001","","K","T",1,0,0,2,0,"F"
1,1,1,1,"FBX","","pradm001","","43/G.2-3","T",1,0,0,3,0,"F"
1,2,0,0,"X","","","pradm001","7/F","T",1,0,0,0,3,"F"
0,0,3,2,"BBFFBS","","","","K","T",1,0,0,0,0,"F"
0,1,1,1,"BCX","","","","D7/G","T",0,2,0,0,0,"F"
0,1,2,2,"C*BBSX","","renda001","","HR/8/F.2-H","T",0,4,0,4,0,"F"
0,1,1,0,"BX","","","","3/G-","T",1,0,0,0,0,"F"
0,2,0,0,"X","","","","63/G","T",1,0,0,0,0,"F"
1,0,3,2,"CCFFBBBB","","","","W","T",0,1,0,0,0,"F"
1,0,2,2,"FB>FFBFX","andeb006","","","HR/89/F.1-H","T",0,4,4,0,0,"F"
1,0,0,2,"FFX","","","","3/P","T",1,0,0,0,0,"F"
1,1,0,0,"X","","","","9/L","T",1,0,0,0,0,"F"
1,2,1,1,".CBX","","","","S8/G","T",0,1,0,0,0,"F"
1,2,3,2,"1BSBFB>X","shucj001","","","E6/G.1-2","T",0,1,2,0,0,"F"
1,2,0,2,".FCFX","strad003","shucj001","","8/F","T",1,0,1,2,0,"F"
0,0,2,2,"...BFLBFFX","","","","D8/L","T",0,2,0,0,0,"F"
0,0,3,2,".FBBSBB","","taylm002","","W+WP.2-3","T",0,1,0,3,0,"F"
0,0,3,2,"BCFBFB*B","steva001","","taylm002","W.1-2","T",0,1,2,0,3,"F"
0,0,2,2,"FFFB*BFFX","difow001","steva001","taylm002","S6/G-.3-H;2-3;1-2","T",0,1,2,3,4,"F"
0,0,2,2,".CCFFBBX","turnt001","difow001","steva001","D7/G.3-H;2-H;1-3","T",0,2,3,4,4,"F"
0,0,3,0,"VVVV","","harpb003","turnt001","IW","T",0,1,0,2,3,"F"
0,0,1,2,"BTFS","renda001","harpb003","turnt001","K","T",1,0,1,2,3,"F"
0,1,0,0,"X","renda001","harpb003","turnt001","64(1)3/GDP","T",2,0,0,2,3,"F"
1,0,2,2,"..CFFBBS","","","","K","T",1,0,0,0,0,"F"
1,1,1,2,".BFTX","","","","S7/L","T",0,1,0,0,0,"F"
1,1,2,1,"FBBX","casts001","","","D8/F+.1-H","T",0,2,4,0,0,"F"
1,1,1,2,"..CFBC","","andeb006","","K","T",1,0,0,2,0,"F"
1,2,3,1,"BBFBB","","andeb006","","W","T",0,1,0,2,0,"F"
1,2,3,2,".CSFB*BFB>S","rojam002","andeb006","","K","T",1,0,1,2,0,"F"
0,0,3,2,".CBSBBX","","","","7/F","T",1,0,0,0,0,"F"
0,1,2,2,"BSBSC","","","","K","T",1,0,0,0,0,"F"
0,2,3,1,"BBSBB","","","","W","T",0,1,0,0,0,"F"
0,2,1,0,"BX","steva001","","","S8/F.1-H(UR)(NR)(E8/TH);B-3","T",0,3,5,0,0,"F"
0,2,0,1,"CX","","","difow001","E6/L.3-H(UR)(NR)","T",0,1,0,0,5,"F"
0,2,3,2,"B1SFB>FB>F>F>X","turnt001","","","S6/G.1-3","T",0,1,3,0,0,"F"
0,2,0,0,"X","harpb003","","turnt001","9/F9LF","T",1,0,1,0,3,"F"
1,0,0,1,"CX","","","","63/G","T",1,0,0,0,0,"F"
1,1,3,2,".CFFBBBB","","","","W","T",0,1,0,0,0,"F"
1,1,1,2,"CFBX","rivey001","","","S7/L+.1-2","T",0,1,2,0,0,"F"
1,1,0,2,"..FSS","realj001","rivey001","","K","T",1,0,1,2,0,"F"
1,2,0,2,"FFX","realj001","rivey001","","64(1)/FO/G","T",1,1,0,2,0,"F"
0,0,2,2,".CFBBFX","","","","3/G","T",1,0,0,0,0,"F"
0,1,1,0,"BX","","","","9/F9LF","T",1,0,0,0,0,"F"
0,2,2,2,"BFBFS","","","","K","T",1,0,0,0,0,"F"
1,0,0,1,"SX","","","","3/P","T",1,0,0,0,0,"F"
1,1,1,2,".FSBS","","","","K","T",1,0,0,0,0,"F"
1,2,0,0,"X","","","","4/L","T",1,0,0,0,0,"F"
0,0,2,2,"BCFBX","","","","7/F","T",1,0,0,0,0,"T"
0,1,2,2,"TSBBS","","","","K","T",1,0,0,0,0,"F"
0,2,0,2,"CFFX","","","","53/G","T",1,0,0,0,0,"F"
1,0,1,2,"FSFFBX","","","","53/G","T",1,0,0,0,0,"F"
1,1,2,2,"FFBFBX","","","","S6/G-","T",0,1,0,0,0,"F"
1,1,1,1,"BCX","realj001","","","8/L","T",1,0,1,0,0,"F"
1,2,1,0,"BX","realj001","","","63/G","T",1,0,1,0,0,"F"
0,0,1,1,"CBX","","","","53/G","T",1,0,0,0,0,"F"
0,1,0,1,"FX","","","","D9/L+","T",0,2,0,0,0,"F"
0,1,2,2,"2CBBFS","","sotoj001","","K","T",1,0,0,2,0,"F"
0,2,3,0,"VVVV","","sotoj001","","IW","T",0,1,0,2,0,"F"
0,2,1,2,"C*BCS","sevep001","sotoj001","","K","T",1,0,1,2,0,"F"
1,0,3,1,"BBCBX","","","","E5/TH/G","T",0,1,0,0,0,"F"
1,0,1,2,"1BC11FX","andeb006","","","64(1)3/GDP","T",2,0,0,0,0,"F"
1,2,1,2,"CFBX","","","","7/L","T",1,0,0,0,0,"F"
0,0,0,2,"CCX","","","","7/F","T",1,0,0,0,0,"F"
0,1,1,1,"BCX","","","","S8/L","T",0,1,0,0,0,"F"
0,1,2,2,"FBSF1BS","turnt001","","","K","T",1,0,1,0,0,"F"
0,2,0,1,"F>B","turnt001","","","SB2","F",0,0,2,0,0,"F"
0,2,2,1,"F>B.BX","","turnt001","","3/P3F","T",1,0,0,2,0,"F"
1,0,0,0,"X","","","","63/G","T",1,0,0,0,0,"F"
1,1,3,2,"BBCSFBX","","","","13/G","T",1,0,0,0,0,"F"
1,2,1,2,"CBCFX","","","","9/F","T",1,0,0,0,0,"F"
0,0,0,1,"CX","","","","63/G","T",1,0,0,0,0,"F"
0,1,0,1,"SX","","","","23/G-","T",1,0,0,0,0,"F"
0,2,0,0,"X","","","","23/G-","T",1,0,0,0,0,"F"
1,0,2,2,"BBFTX","","","","D7/G","T",0,2,0,0,0,"F"
1,0,1,2,"CFBS","","realj001","","K","T",1,0,0,2,0,"F"
1,1,3,2,"CBF*BF*B*B","","realj001","","W","T",0,1,0,2,0,"F"
1,1,3,2,"BFFFBB>X","casts001","realj001","","S9/G.2-H;1-3","T",0,1,3,4,0,"F"
1,1,0,0,"1X","andeb006","","casts001","64(1)3/GDP","T",2,0,0,0,3,"F"
0,0,2,2,"CCBBX","","","","43/G","T",1,0,0,0,0,"F"
0,1,1,1,"BCX","","","","53/G","T",1,0,0,0,0,"F"
0,2,0,1,"SX","","","","9/L","T",1,0,0,0,0,"F"
1,0,2,2,"FBCFBFC","","","","K","T",1,0,0,0,0,"F"
1,1,1,2,"SFBS","","","","K","T",1,0,0,0,0,"F"
1,2,0,2,"CSS","","","","K","T",1,0,0,0,0,"F"
0,0,0,2,"FFX","","","","3/P3F","T",1,0,0,0,0,"F"
0,1,0,2,"FSC","","","","K","T",1,0,0,0,0,"F"
0,2,1,2,"CCFBX","","","","7/F","T",1,0,0,0,0,"F"
1,0,3,2,"BBCFBB","","","","W","T",0,1,0,0,0,"F"
1,0,0,0,"X","dietd001","","","9/F","T",1,0,1,0,0,"F"
1,1,3,2,"BBFCB>C","dietd001","","","K+SB2","T",1,0,2,0,0,"F"
1,2,1,0,"BX","","dietd001","","63/G","T",1,0,0,2,0,"F"
0,0,2,2,"BBCCFS","","","","K","T",1,0,0,0,0,"F"
0,1,1,0,"BX","","","","63/G","T",1,0,0,0,0,"F"
0,2,3,2,"CBBBCB","","","","W","T",0,1,0,0,0,"F"
0,2,0,1,"CX","taylm002","","","9/F","T",1,0,1,0,0,"F"
1,0,1,2,"SBFFX","","","","S8/G","T",0,1,0,0,0,"F"
1,0,0,0,"X","andeb006","","","13/BG/SH.1-2","T",1,0,2,0,0,"F"
1,1,1,1,"FBX","","andeb006","","63/G.2-3","T",1,0,0,3,0,"F"
1,2,3,2,"BSBSBX","","","andeb006","9/F","T",1,0,0,0,3,"F"
0,0,1,1,".CBX","","","","8/F","T",1,0,0,0,0,"F"
0,1,2,2,"BBSFX","","","","HR/7/F","T",0,4,0,0,0,"F"
0,1,0,0,".X","","","","53/G","T",1,0,0,0,0,"F"
0,2,3,2,"CBBSFFBB","","","","W","T",0,1,0,0,0,"F"
0,2,3,2,"F1BBFFFB>X","harpb003","","","5/L5F","T",1,0,1,0,0,"F"
1,0,1,1,"..BCX","","","","S7/G","T",0,1,0,0,0,"F"
1,0,1,1,"L1BX","maybc001","","","8/F","T",1,0,1,0,0,"F"
1,1,0,1,"11CX","maybc001","","","D7/L+.1-3","T",0,2,3,0,0,"F"
1,1,0,2,"SCX","","realj001","maybc001","FC3/G.3XH(32);2-3","T",1,1,0,3,0,"F"
1,2,0,2,".SFC","bourj002","","realj001","K","T",1,0,1,0,3,"F"
0,0,3,1,".CBBBX","","","","HR/78/F","T",0,4,0,0,0,"F"
0,0,0,0,"X","","","","D7/L","T",0,2,0,0,0,"F"
0,0,3,2,"2FMFBBFBB","","sotoj001","","W","T",0,1,0,2,0,"F"
0,0,1,2,"BLLFS","taylm002","sotoj001","","K","T",1,0,1,2,0,"F"
0,1,0,1,".CX","taylm002","sotoj001","","S39/G.2-H;1-3","T",0,1,3,4,0,"F"
0,1,2,1,"B3SBX","adamm002","","taylm002","FC1/BG.3XH(12);1-2","T",1,1,2,0,0,"F"
0,2,0,1,"LX","difow001","adamm002","","S8/L.2-H;1-3","T",0,1,3,4,0,"F"
0,2,1,2,".FBFS","turnt001","","difow001","K","T",1,0,1,0,3,"F"
1,0,1,2,".CSBX","","","","2/P2F","T",1,0,0,0,0,"F"
1,1,0,1,"CX","","","","9/F","T",1,0,0,0,0,"F"
1,2,2,2,"CBBFS","","","","K","T",1,0,0,0,0,"F"
0,0,1,0,"BX","","","","7/L+","T",1,0,0,0,0,"T"
0,1,1,2,"BSFS","","","","K","T",1,0,0,0,0,"F"
0,2,2,0,"BBX","","","","4/P","T",1,0,0,0,0,"F"
1,0,1,2,"BSCX","","","","5/L","T",1,0,0,0,0,"F"
1,1,3,2,"CBSBFBX","","","","9/F","T",1,0,0,0,0,"F"
1,2,1,2,"CCFBS","","","","K","T",1,0,0,0,0,"F"
0,0,1,2,"CFBC","","","","K","T",1,0,0,0,0,"F"
0,1,1,1,"BCX","","","","43/G","T",1,0,0,0,0,"F"
0,2,1,2,"CSBX","","","","T8/L","T",0,3,0,0,0,"F"
0,2,2,1,"BC*BX","","","taylm002","6/P","T",1,0,0,0,3,"F"
1,0,2,2,"BCFBFFX","","","","S7/L+","T",0,1,0,0,0,"F"
1,0,2,1,"CBBX","bourj002","","","8/F+","T",1,0,1,0,0,"F"
1,1,0,2,"CCFH","bourj002","","","HP.1-2","T",0,1,2,0,0,"F"
1,1,2,2,"FBFBFS","rojam002","bourj002","","K","T",1,0,1,2,0,"F"
1,2,1,2,"CFFBS","rojam002","bourj002","","K","T",1,0,1,2,0,"F"
0,0,2,2,"BBFCX","","","","S7/L","T",0,1,0,0,0,"F"
0,0,1,0,"BX","sevep001","","","46(1)3/GDP","T",2,0,0,0,0,"F"
0,2,0,1,"CX","","","","13/BG","T",1,0,0,0,0,"F"
1,0,0,2,"FCS","","","","K","T",1,0,0,0,0,"F"
1,1,3,2,"BFFFBFFBB","","","","W","T",0,1,0,0,0,"F"
1,1,0,2,"CFFS","dietd001","","","K","T",1,0,1,0,0,"F"
1,2,2,2,"BFF*BFFS","dietd001","","","K","T",1,0,1,0,0,"F"
0,0,3,0,"BBBX","","","","4/P+","T",1,0,0,0,0,"F"
0,1,3,1,"BBBCX","","","","HR/78/F","T",0,4,0,0,0,"F"
0,1,2,1,"CBBX","","","","9/F+","T",1,0,0,0,0,"F"
0,2,2,2,"BBFFX","","","","D8/L","T",0,2,0,0,0,"F"
0,2,2,2,"CCB*BS","","sotoj001","","K","T",1,0,0,2,0,"F"
1,0,2,0,"BBX","","","","4/L+","T",1,0,0,0,0,"F"
1,1,1,0,"BX","","","","63/G","T",1,0,0,0,0,"F"
1,2,1,0,"BX","","","","S8/L+","T",0,1,0,0,0,"F"
1,2,3,2,"1BFBCB>S","rojam002","","","K","T",1,0,1,0,0,"F"
0,0,0,0,"X","","","","T8/L","T",0,3,0,0,0,"F"
0,0,0,2,"CCX","","","difow001","3/P3F","T",1,0,0,0,3,"F"
0,1,3,1,"B3BBCX","","","difow001","S9/G.3-H","T",0,1,0,0,4,"F"
0,1,2,2,"*BSFBFFFX","stras001","","","5/L/DP.1X1(53)","T",2,0,0,0,0,"F"
1,0,0,2,"MFFX","","","","S5/G-","T",0,1,0,0,0,"F"
1,0,1,1,".BCX","brinl001","","","7/L","T",1,0,1,0,0,"F"
1,1,3,2,"C1BBCFF*BFX","brinl001","","","7/F","T",1,0,1,0,0,"F"
1,2,3,1,"FBBBB","brinl001","","","W.1-2","T",0,1,2,0,0,"F"
1,2,1,2,"CBFC","realj001","brinl001","","K","T",1,0,1,2,0,"F"
0,0,2,2,".CSBBX","","","","HR/9/F","T",0,4,0,0,0,"F"
0,0,0,2,"CCX","","","","D7/L","T",0,2,0,0,0,"F"
0,0,0,1,"CX","","renda001","","4/P","T",1,0,0,2,0,"F"
0,1,0,2,"FCX","","renda001","","43/G.2-3","T",1,0,0,3,0,"F"
0,2,0,0,"X","","","renda001","23/G-","T",1,0,0,0,3,"F"
1,0,0,2,"..CSFX","","","","7/L","T",1,0,0,0,0,"F"
1,1,1,2,"FCBX","","","","8/F","T",1,0,0,0,0,"F"
1,2,3,2,"CBBFFBC","","","","K","T",1,0,0,0,0,"F"
0,0,1,2,"BSSFFFX","","","","5/P5F","T",1,0,0,0,0,"F"
0,1,3,2,"CBBBFB","","","","W","T",0,1,0,0,0,"F"
0,1,2,1,"BBFX","sevep001","","","S9/L.1-2","T",0,1,2,0,0,"F"
0,1,1,0,"BX","reynm001","sevep001","","D7/L+.2-H;1-3","T",0,2,3,4,0,"F"
0,1,0,0,"X","","turnt001","reynm001","8/L/SF.3-H","T",1,0,0,2,4,"F"
0,2,3,0,"VVVV","","turnt001","","IW","T",0,1,0,2,0,"F"
0,2,1,2,".*BFFFX","renda001","turnt001","","64(1)/FO/G","T",1,1,0,2,0,"F"
1,0,2,2,".BSBSS","","","","K","T",1,0,0,0,0,"F"
1,1,3,2,"BSBSBFX","","","","4/L","T",1,0,0,0,0,"F"
1,2,3,2,".CSBBFBX","","","","E6/G","T",0,1,0,0,0,"F"
1,2,3,2,"BSBFB>X","rivey001","","","S9/G.1-3","T",0,1,3,0,0,"F"
1,2,0,0,"X","dietd001","","rivey001","D7/L+.3-H(UR);1-3","T",0,2,3,0,5,"F"
1,2,3,2,".BFBCBX","","realj001","dietd001","31/G","T",1,0,0,2,3,"F"
0,0,1,1,".CBX","","","","8/F-","T",1,0,0,0,0,"F"
0,1,0,0,"X","","","","43/G","T",1,0,0,0,0,"F"
0,2,1,1,"CBX","","","","D7/G","T",0,2,0,0,0,"F"
0,2,0,1,"CX","","difow001","","43/G+","T",1,0,0,2,0,"F"
1,0,2,0,".BBX","","","","HR/8/F","T",0,4,0,0,0,"F"
1,0,3,2,"FFBBBC","","","","K","T",1,0,0,0,0,"F"
1,1,1,1,"CBX","","","","7/F","T",1,0,0,0,0,"F"
1,2,2,2,"BFFBX","","","","2/P2F","T",1,0,0,0,0,"F"
0,0,1,1,".BFX","","","","8/F","T",1,0,0,0,0,"F"
0,1,1,0,"BX","","","","9/F","T",1,0,0,0,0,"F"
0,2,1,2,"CTBFC","","","","K","T",1,0,0,0,0,"F"
1,0,2,2,".BSSFFFFFBX","","","","63/G+","T",1,0,0,0,0,"F"
1,1,3,2,".BBCBFX","","","","S8/G","T",0,1,0,0,0,"F"
1,1,1,0,"BX","maybc001","","","6/P","T",1,0,1,0,0,"F"
1,2,0,0,">C","maybc001","","","DI.1-2","F",0,0,2,0,0,"F"
1,2,1,2,">C.FBX","","maybc001","","6/L","T",1,0,0,2,0,"F"
0,0,0,2,"CFX","","","","4/P","T",1,0,0,0,0,"T"
0,1,3,1,"BBBCX","","","","D7/F+","T",0,2,0,0,0,"F"
0,1,0,2,"CSX","","hosme001","","7/F/DP.2X2(74)","T",2,0,0,0,0,"F"
1,0,0,2,"CCFX","","","","3/P9LF","T",1,0,0,0,0,"F"
1,1,1,0,"BX","","","","D7/L","T",0,2,0,0,0,"F"
1,1,1,0,"BX","","andeb006","","3/L-","T",1,0,0,2,0,"F"
1,2,3,2,"BBBCCB","","andeb006","","W","T",0,1,0,2,0,"F"
1,2,1,2,"FBFX","bourj002","andeb006","","3/G","T",1,0,1,2,0,"F"
0,0,3,2,"BSBCBS","","","","K","T",1,0,0,0,0,"F"
0,1,3,2,"CSFBBBFFC","","","","K","T",1,0,0,0,0,"F"
0,2,3,2,"CBFBFBFFB","","","","W","T",0,1,0,0,0,"F"
0,2,2,2,"1FSBBX","galvf001","","","64(1)/FO/G+","T",1,1,0,0,0,"F"
1,0,1,1,"BFX","","","","43/G","T",1,0,0,0,0,"F"
1,1,2,2,"SSFBBS","","","","K","T",1,0,0,0,0,"F"
1,2,3,2,"CSBBBFFB","","","","W","T",0,1,0,0,0,"F"
1,2,1,2,"CF1BS","rivey001","","","K","T",1,0,1,0,0,"F"
0,0,3,1,"BBFBX","","","","D7/L+","T",0,2,0,0,0,"F"
0,0,1,0,"BX","","margm001","","14/BG/SH.2-3","T",1,0,0,3,0,"F"
0,1,1,2,"CTBS","","","margm001","K","T",1,0,0,0,3,"F"
0,2,2,1,"BBCX","","","margm001","9/L+","T",1,0,0,0,3,"F"
1,0,0,1,"CX","","","","3/P3F","T",1,0,0,0,0,"F"
1,1,2,0,"BBX","","","","S7/L","T",0,1,0,0,0,"F"
1,1,1,2,"CFFBS","andeb006","","","K","T",1,0,1,0,0,"F"
1,2,2,1,"CBB1","andeb006","","","PO1(13)","F",1,0,0,0,0,"F"
0,0,0,0,"X","","","","4/P","T",1,0,0,0,0,"F"
0,1,2,2,"CBSBX","","","","13/G-","T",1,0,0,0,0,"F"
0,2,0,2,"CSX","","","","63/G","T",1,0,0,0,0,"F"
1,0,3,1,"BBBCB","","","","W","T",0,1,0,0,0,"F"
1,0,0,0,"X","bourj002","","","D7/G+.1-3","T",0,2,3,0,0,"F"
1,0,0,2,"CFS","","maybc001","bourj002","K","T",1,0,0,2,3,"F"
1,1,1,2,"BFFX","","maybc001","bourj002","7/F+/SF.3-H;2-3","T",1,0,0,3,4,"F"
1,2,3,1,"CB*BVV","","","maybc001","IW","T",0,1,0,0,3,"F"
1,2,0,0,"X","rivey001","","maybc001","S9/L.3-H;1-2","T",0,1,2,0,4,"F"
1,2,3,1,"BBFBB","smitc006","rivey001","","W.2-3;1-2","T",0,1,2,3,0,"F"
1,2,1,2,"BFSFS","casts001","smitc006","rivey001","K","T",1,0,1,2,3,"F"
0,0,2,2,"BCBSS","","","","K","T",1,0,0,0,0,"F"
0,1,3,2,"BBBCFC","","","","K","T",1,0,0,0,0,"F"
0,2,0,1,"FX","","","","8/F+","T",1,0,0,0,0,"F"
1,0,1,1,"BFX","","","","6/L-","T",1,0,0,0,0,"F"
1,1,0,2,"FFX","","","","S7/G+","T",0,1,0,0,0,"F"
1,1,0,2,"CFX","bourj002","","","S7/L.1-2","T",0,1,2,0,0,"F"
1,1,2,2,"BCC*BC","maybc001","bourj002","","K","T",1,0,1,2,0,"F"
1,2,3,1,"BSBBB","maybc001","bourj002","","W.2-3;1-2","T",0,1,2,3,0,"F"
1,2,3,1,"BSBBB","brinl001","maybc001","bourj002","W.3-H;2-3;1-2","T",0,1,2,3,4,"F"
1,2,2,2,"FBFFBFFX","rivey001","brinl001","maybc001","43/G","T",1,0,1,2,3,"F"
0,0,0,2,".CCX","","","","43/G","T",1,0,0,0,0,"F"
0,1,0,1,"CX","","","","S7/L","T",0,1,0,0,0,"F"
0,1,3,2,"CB1BB1C1X","pirej001","","","S9/L.1-3","T",0,1,3,0,0,"F"
0,1,3,0,"B*BBB","hosme001","","pirej001","W.1-2","T",0,1,2,0,3,"F"
0,1,0,0,"..X","renfh001","hosme001","pirej001","12(3)3/GDP","T",2,0,1,2,0,"F"
1,0,3,1,"...BBBCX","","","","S8/G","T",0,1,0,0,0,"F"
1,0,2,2,"SFBBX","casts001","","","S9/F.1-3","T",0,1,3,0,0,"F"
1,0,1,2,"FFBX","andeb006","","casts001","64(1)/FO/G.3-H","T",1,1,0,0,4,"F"
1,1,2,2,"B1CTBC","realj001","","","K","T",1,0,1,0,0,"F"
1,2,2,2,"FB>F*B11>X","realj001","","","53/G","T",1,0,1,0,0,"F"
0,0,2,2,"CBFBS","","","","K","T",1,0,0,0,0,"F"
0,1,2,1,"BBFX","","","","43/G","T",1,0,0,0,0,"F"
0,2,2,1,"CBBX","","","","S49/G+","T",0,1,0,0,0,"F"
0,2,0,2,"1CFS","ellia001","","","K","T",1,0,1,0,0,"F"
1,0,1,0,"BX","","","","53/G","T",1,0,0,0,0,"F"
1,1,1,2,"FCBS","","","","K","T",1,0,0,0,0,"F"
1,2,0,0,"X","","","","13/G-","T",1,0,0,0,0,"F"
0,0,0,2,".CCFS","","","","K","T",1,0,0,0,0,"F"
0,1,1,1,"CBX","","","","S9/L","T",0,1,0,0,0,"F"
0,1,1,2,"CBFX","pirej001","","","54(1)/FO/G","T",1,1,0,0,0,"F"
0,2,3,2,".BS1BBC>S","hosme001","","","K","T",1,0,1,0,0,"F"
1,0,0,2,"..FCX","","","","8/F","T",1,0,0,0,0,"F"
1,1,3,1,"BBBFB","","","","W","T",0,1,0,0,0,"F"
1,1,0,2,"CCC","casts001","","","K","T",1,0,1,0,0,"F"
1,2,0,0,"C","casts001","","","SB2","F",0,0,2,0,0,"F"
1,2,3,1,"C..BBBB","","casts001","","W","T",0,1,0,2,0,"F"
1,2,2,1,"BCBX","realj001","casts001","","8/L","T",1,0,1,2,0,"F"
0,0,2,2,"...FFBBC","","","","K","T",1,0,0,0,0,"F"
0,1,0,2,"CFX","","","","8/F","T",1,0,0,0,0,"F"
0,2,2,1,"BBFX","","","","6/L","T",1,0,0,0,0,"F"
0,0,3,2,"BBCBFFFX","","","","S9/L.BX2(96)","T",1,0,0,0,0,"T"
0,1,0,0,"X","","","","S12/L+","T",0,1,0,0,0,"F"
0,1,1,2,"1*BSSX","hosme001","","","S7/G+.1-2","T",0,1,2,0,0,"F"
0,1,3,2,"BFBBCC","pirej001","hosme001","","K","T",1,0,1,2,0,"F"
0,2,3,2,"CS*BBB>X","pirej001","hosme001","","S8/L.2-H;1-3","T",0,1,3,4,0,"F"
0,2,1,1,"SB1>S","spanc001","","pirej001","SB2.3-H(PB)(NR);1-3","F",0,0,3,0,4,"F"
0,2,2,2,"SB1>S.BX","","","spanc001","D7/F.3-H","T",0,2,0,0,4,"F"
0,2,1,2,"FS*BX","","galvf001","","8/L","T",1,0,0,2,0,"F"
1,0,3,1,"CBBBB","","","","W","T",0,1,0,0,0,"F"
1,0,1,2,"C*B1SS","casts001","","","K","T",1,0,1,0,0,"F"
1,1,0,0,"11X","casts001","","","8/F","T",1,0,1,0,0,"F"
1,2,3,2,"CBBBF>C","casts001","","","K","T",1,0,1,0,0,"F"
0,0,3,2,"CBSFBBFFX","","","","7/F7LF","T",1,0,0,0,0,"F"
0,1,2,2,"FCBBFFC","","","","K","T",1,0,0,0,0,"F"
0,2,0,0,"X","","","","23/BG","T",1,0,0,0,0,"F"
1,0,2,2,"CBBCX","","","","53/G","T",1,0,0,0,0,"F"
1,1,1,2,"CBFS","","","","K","T",1,0,0,0,0,"F"
1,2,1,2,"FBFC","","","","K","T",1,0,0,0,0,"F"
0,0,3,2,"BBCBFS","","","","K","T",1,0,0,0,0,"F"
0,1,1,2,"CFBFFX","","","","8/F","T",1,0,0,0,0,"F"
0,2,0,1,"SX","","","","S8/G","T",0,1,0,0,0,"F"
0,2,0,2,"FCX","reyef001","","","8/F","T",1,0,1,0,0,"F"
1,0,1,2,"CBFX","","","","9/L","T",1,0,0,0,0,"F"
1,1,0,2,"CSS","","","","K","T",1,0,0,0,0,"F"
1,2,0,0,"X","","","","D7/L+","T",0,2,0,0,0,"F"
1,2,0,2,"CFFX","","casts001","","S7/L.2-H","T",0,1,0,4,0,"F"
1,2,3,0,"BB*BX","dietd001","","","7/F","T",1,0,1,0,0,"F"
0,0,1,1,"TBX","","","","HR/89/F","T",0,4,0,0,0,"F"
0,0,3,1,"BBFBX","","","","S8/L","T",0,1,0,0,0,"F"
0,0,3,2,"S1BFBB>C","margm001","","","K+CS2(26)/DP","T",2,0,0,0,0,"F"
0,2,3,1,"BCBBX","","","","S8/L+","T",0,1,0,0,0,"F"
0,2,2,2,".C*BFF*BX","rosst001","","","46(1)/FO/G","T",1,1,0,0,0,"F"
1,0,3,1,"CBBBB","","","","W","T",0,1,0,0,0,"F"
1,0,0,0,"X","bourj002","","","S7/L.1-2","T",0,1,2,0,0,"F"
1,0,0,0,"X","andeb006","bourj002","","6/L","T",1,0,1,2,0,"F"
1,1,0,2,"CFX","andeb006","bourj002","","46(1)3/GDP","T",2,0,0,2,0,"F"
0,0,2,2,"BSSBFFFX","","","","53/G","T",1,0,0,0,0,"F"
0,1,2,1,"BFBX","","","","63/G","T",1,0,0,0,0,"F"
0,2,3,2,"BCSBFBX","","","","63/G","T",1,0,0,0,0,"F"
1,0,0,1,"CX","","","","7/L","T",1,0,0,0,0,"F"
1,1,1,2,".BSCS","","","","K23","T",1,0,0,0,0,"F"
1,2,2,1,"CBBX","","","","1/G-","T",1,0,0,0,0,"F"
0,0,1,0,".BX","","","","S9/L","T",0,1,0,0,0,"F"
0,0,0,0,"X","spanc001","","","6/P","T",1,0,1,0,0,"F"
0,1,2,0,"BBX","spanc001","","","8/F","T",1,0,1,0,0,"F"
0,2,3,2,"BBBCC>X","spanc001","","","13/G-","T",1,0,1,0,0,"F"
1,0,2,2,"BFCFBX","","","","HR/8/F","T",0,4,0,0,0,"F"
1,0,2,2,"CFFBBS","","","","K","T",1,0,0,0,0,"F"
1,1,3,1,"BCBBX","","","","D9/L","T",0,2,0,0,0,"F"
1,1,0,0,"X","","bourj002","","S8/G.2-3","T",0,1,0,3,0,"F"
1,1,0,0,"...B","andeb006","","bourj002","WP.3-H(NR);1-2","F",0,0,2,0,4,"F"
1,1,1,2,"...B.FFS","","andeb006","","K","T",1,0,0,2,0,"F"
1,2,3,2,"SB*BS*BX","","andeb006","","S4/G.2-H(E4)(NR)(UR);B-2(TH)","T",0,2,0,5,0,"F"
1,2,1,0,"BX","","rojam002","","8/F","T",1,0,0,2,0,"F"
0,0,3,2,"..BCBBCB","","","","W","T",0,1,0,0,0,"F"
0,0,3,2,"C1BBBC>S","szczm001","","","K+SB2","T",1,0,2,0,0,"F"
0,1,3,0,"VVVV","","szczm001","","IW","T",0,1,0,2,0,"F"
0,1,3,2,"CBBBCC","hosme001","szczm001","","K","T",1,0,1,2,0,"F"
0,2,1,2,"FBSFS","hosme001","szczm001","","K","T",1,0,1,2,0,"F"
1,0,1,2,"CBSS","","","","K","T",1,0,0,0,0,"F"
1,1,1,0,"BX","","","","53/G","T",1,0,0,0,0,"F"
1,2,1,0,"BX","","","","6/P","T",1,0,0,0,0,"F"
0,0,1,2,".SFBX","","","","9/F","T",1,0,0,0,0,"F"
0,1,0,0,"X","","","","4/L","T",1,0,0,0,0,"F"
0,2,1,1,".BSX","","","","D7/F","T",0,2,0,0,0,"F"
0,2,3,0,"VVVV","","renfh001","","IW","T",0,1,0,2,0,"F"
0,2,3,2,"BCBC*B>B","loper002","renfh001","","W.2-3;1-2","T",0,1,2,3,0,"F"
0,2,1,1,"CBX","szczm001","loper002","renfh001","S9/L+.3-H;2-3;1-2","T",0,1,2,3,4,"F"
0,2,2,2,"CBFBX","jankt001","szczm001","loper002","7/F","T",1,0,1,2,3,"F"
1,0,3,2,"..SSBBFBX","","","","6/L","T",1,0,0,0,0,"F"
1,1,2,2,"BCSBS","","","","K","T",1,0,0,0,0,"F"
1,2,3,1,"CBBBX","","","","63/G","T",1,0,0,0,0,"F"
0,0,0,0,"X","","","","9/F","T",1,0,0,0,0,"F"
0,1,0,2,"CFC","","","","K","T",1,0,0,0,0,"F"
0,2,2,0,"BBX","","","","8/F","T",1,0,0,0,0,"F"
1,0,0,0,"..X","","","","E5/TH/G","T",0,1,0,0,0,"F"
1,0,3,2,"L1C*B1B1FB>X","brinl001","","","63/G.1-2","T",1,0,2,0,0,"F"
1,1,2,2,".BBFFS","","brinl001","","K","T",1,0,0,2,0,"F"
1,2,0,2,"CCX","","brinl001","","9/L","T",1,0,0,2,0,"F"
0,0,1,2,"CBFS","","","","K","T",1,0,0,0,0,"T"
0,1,1,1,"BFX","","","","43/G","T",1,0,0,0,0,"F"
0,2,1,1,"BSX","","","","63/G","T",1,0,0,0,0,"F"
1,0,0,1,"CX","","","","53/G","T",1,0,0,0,0,"F"
1,1,3,1,"BBBCB","","","","W","T",0,1,0,0,0,"F"
1,1,0,2,"CFH","andeb006","","","HP.1-2","T",0,1,2,0,0,"F"
1,1,2,2,"FSBBS","realj001","andeb006","","K","T",1,0,1,2,0,"F"
1,2,0,0,"X","realj001","andeb006","","8/L+","T",1,0,1,2,0,"F"
0,0,1,0,"BX","","","","D7/L+","T",0,2,0,0,0,"F"
0,0,3,2,"BFBBCFFFS","","renfh001","","K","T",1,0,0,2,0,"F"
0,1,1,0,"BB","","renfh001","","WP.2-3","F",0,0,0,3,0,"F"
0,1,3,0,"BB.*BX","","","renfh001","8/F/SF.3-H","T",1,0,0,0,4,"F"
0,2,3,1,"BBBCX","","","","9/F","T",1,0,0,0,0,"F"
1,0,1,0,"BX","","","","43/G","T",1,0,0,0,0,"F"
1,1,3,2,"CBBBFFX","","","","8/F","T",1,0,0,0,0,"F"
1,2,0,2,"CSX","","","","43/G","T",1,0,0,0,0,"F"
0,0,1,1,"CBX","","","","43/G","T",1,0,0,0,0,"F"
0,1,0,0,"X","","","","63/G","T",1,0,0,0,0,"F"
0,2,2,1,"CBBX","","","","8/F","T",1,0,0,0,0,"F"
1,0,0,2,"CFS","","","","K","T",1,0,0,0,0,"F"
1,1,0,2,"CFC","","","","K","T",1,0,0,0,0,"F"
1,2,1,1,"BCX","","","","53/G+","T",1,0,0,0,0,"F"
0,0,1,1,"CBX","","","","S9/G+","T",0,1,0,0,0,"F"
0,0,1,2,"BS11FX","hosme001","","","9/F9LF","T",1,0,1,0,0,"F"
0,1,2,2,"1BBFFX","hosme001","","","7/F","T",1,0,1,0,0,"F"
0,2,0,2,"FSX","hosme001","","","S7/F.1-2","T",0,1,2,0,0,"F"
0,2,0,1,"TX","villc002","hosme001","","43/G","T",1,0,1,2,0,"F"
1,0,3,2,"BBCSBS","","","","K","T",1,0,0,0,0,"F"
1,1,1,2,"CTBX","","","","43/G","T",1,0,0,0,0,"F"
1,2,0,0,"X","","","","63/G","T",1,0,0,0,0,"F"
0,0,0,0,"X","","","","53/G-","T",1,0,0,0,0,"F"
0,1,2,1,"BCBX","","","","8/F","T",1,0,0,0,0,"F"
0,2,2,2,"BBCFC","","","","K","T",1,0,0,0,0,"F"
1,0,1,1,"FBX","","","","9/F","T",1,0,0,0,0,"F"
1,1,1,0,"BX","","","","53/G+","T",1,0,0,0,0,"F"
1,2,2,1,"SBBX","","","","43/G-","T",1,0,0,0,0,"F"
0,0,0,0,"X","","","","S9/G","T",0,1,0,0,0,"F"
0,0,3,2,"S1B1BFB>X","jankt001","","","HR/78/F.1-H","T",0,4,4,0,0,"F"
0,0,2,1,"CBBX","","","","S5/G.BX2(34)","T",1,0,0,0,0,"F"
0,1,3,2,"FFBBBFS","","","","K","T",1,0,0,0,0,"F"
0,2,0,2,"CFS","","","","K","T",1,0,0,0,0,"F"
1,0,2,2,".BSSBS","","","","K23","T",1,0,0,0,0,"F"
1,1,3,0,"BBBB","","","","W","T",0,1,0,0,0,"F"
1,1,1,1,"FBX","casts001","","","14(1)/FO/G","T",1,1,0,0,0,"F"
1,2,3,2,"1BBFBF>X","andeb006","","","8/L","T",1,0,1,0,0,"F"
0,0,2,2,".CFBFBX","","","","8/L","T",1,0,0,0,0,"F"
0,1,2,2,"CBCBFX","","","","S7/L","T",0,1,0,0,0,"F"
0,1,3,2,"FBTB*BB","margm001","","","W.1-2","T",0,1,2,0,0,"F"
0,1,0,1,"LX","loper002","margm001","","14/BG/SH.2-3;1-2","T",1,0,2,3,0,"F"
0,2,1,0,"B>3","","loper002","margm001","POCSH(15)","F",1,0,0,2,0,"F"
1,0,3,2,"FSBBBB","","","","W","T",0,1,0,0,0,"F"
1,0,1,0,"BX","bourj002","","","9/F","T",1,0,1,0,0,"F"
1,1,0,0,"X","bourj002","","","64(1)/FO/G+","T",1,1,0,0,0,"F"
1,2,1,1,"CBX","brinl001","","","S8/G.1-2","T",0,1,2,0,0,"F"
1,2,2,1,"CBBX","rojam002","brinl001","","S9/G.2-H;1-2","T",0,1,2,4,0,"F"
1,2,1,1,".*BSX","riddj001","rojam002","","3/G+","T",1,0,1,2,0,"F"
0,0,2,1,".....BBCX","","","","23/G-","T",1,0,0,0,0,"F"
0,1,2,1,"BCBX","","","","43/G+","T",1,0,0,0,0,"F"
0,2,3,2,"FBBTBFS","","","","K","T",1,0,0,0,0,"F"
1,0,2,2,".BSBCX","","","","53/G","T",1,0,0,0,0,"F"
1,1,1,2,"TBSC","","","","K","T",1,0,0,0,0,"F"
1,2,1,2,"CBFS","","","","K","T",1,0,0,0,0,"F"
0,0,3,1,"CBBBX","","","","S7/L+","T",0,1,0,0,0,"F"
0,0,0,2,"STS","renfh001","","","K","T",1,0,1,0,0,"F"
0,1,0,1,"CX","renfh001","","","8/F","T",1,0,1,0,0,"F"
0,2,1,2,"B1FSS","renfh001","","","K","T",1,0,1,0,0,"F"
1,0,2,0,".BBX","","","","43/G+","T",1,0,0,0,0,"F"
1,1,0,0,"X","","","","63/G","T",1,0,0,0,0,"F"
1,2,0,2,"SCFS","","","","K","T",1,0,0,0,0,"F"
0,0,2,2,"BFBFFFX","","","","S9/L","T",0,1,0,0,0,"T"
0,0,1,0,"BX","herng001","","","S7/L.1-2","T",0,1,2,0,0,"F"
0,0,0,1,"CX","poseb001","herng001","","6/P/IF","T",1,0,1,2,0,"F"
0,1,1,0,"BX","poseb001","herng001","","7/L","T",1,0,1,2,0,"F"
0,2,3,2,"CBFBB>X","poseb001","herng001","","8/F","T",1,0,1,2,0,"F"
1,0,2,2,"CBBFS","","","","K","T",1,0,0,0,0,"F"
1,1,1,2,"CFBFX","","","","E5/G","T",0,1,0,0,0,"F"
1,1,2,1,"BCBX","andeb006","","","9/L","T",1,0,1,0,0,"F"
1,2,0,0,"X","andeb006","","","3/P3F","T",1,0,1,0,0,"F"
0,0,2,2,"CFFFBBS","","","","K","T",1,0,0,0,0,"F"
0,1,0,0,"X","","","","7/L","T",1,0,0,0,0,"F"
0,2,3,2,"CBFBBS","","","","K","T",1,0,0,0,0,"F"
1,0,3,1,"BBCBX","","","","3/G","T",1,0,0,0,0,"F"
1,1,3,2,"BBBCTFX","","","","4/P","T",1,0,0,0,0,"F"
1,2,2,2,"CBBSX","","","","9/L","T",1,0,0,0,0,"F"
0,0,2,2,"BBTSS","","","","K","T",1,0,0,0,0,"F"
0,1,3,2,"BCBSB*B","","","","W","T",0,1,0,0,0,"F"
0,1,2,0,"BBX","herng001","","","7/F.1-2","T",1,0,2,0,0,"F"
0,2,3,2,"CBCBBX","","herng001","","S5/G.2-3","T",0,1,0,3,0,"F"
0,2,1,2,"BFSFFX","mccua001","","herng001","S8/G.3-H;1-2","T",0,1,2,0,4,"F"
0,2,2,2,"BCBSFX","longe001","mccua001","","6(1)/FO/G","T",1,1,0,2,0,"F"
1,0,3,2,"BCFBBC","","","","K","T",1,0,0,0,0,"F"
1,1,1,2,"FBSS","","","","K","T",1,0,0,0,0,"F"
1,2,0,0,"X","","","","8/F","T",1,0,0,0,0,"F"
0,0,1,2,"CFBS","","","","K","T",1,0,0,0,0,"F"
0,1,1,2,"CBFS","","","","K","T",1,0,0,0,0,"F"
0,2,1,2,"FSBX","","","","53/G","T",1,0,0,0,0,"F"
1,0,2,1,"CBBX","","","","HR/89/L","T",0,4,0,0,0,"F"
1,0,1,1,"BSX","","","","D7/L+","T",0,2,0,0,0,"F"
1,0,0,0,"X","","realj001","","63/G","T",1,0,0,2,0,"F"
1,1,0,1,"CX","","realj001","","3/G.2-3","T",1,0,0,3,0,"F"
1,2,3,1,"BFBBX","","","realj001","T8/L+.3-H","T",0,3,0,0,4,"F"
1,2,3,1,"BBFBX","","","brinl001","9/F","T",1,0,0,0,3,"F"
0,0,0,0,"X","","","","8/F+","T",1,0,0,0,0,"F"
0,1,3,0,"BBBB","","","","W","T",0,1,0,0,0,"F"
0,1,0,0,"X","herng001","","","S6/G.1-2","T",0,1,2,0,0,"F"
0,1,0,2,"FFX","poseb001","herng001","","D7/L+.2-H;1-3","T",0,2,3,4,0,"F"
0,1,3,0,"VVVV","","mccua001","poseb001","IW","T",0,1,0,2,3,"F"
0,1,0,0,"N","longe001","mccua001","poseb001","BK.3-H;2-3;1-2","F",0,0,2,3,4,"F"
0,1,3,0,"N.VVVV","","longe001","mccua001","IW","T",0,1,0,2,3,"F"
0,1,3,0,".BBBB","crawb001","longe001","mccua001","W.3-H;2-3;1-2","T",0,1,2,3,4,"F"
0,1,0,2,"CFS","hundn001","crawb001","longe001","K","T",1,0,1,2,3,"F"
0,2,2,0,"BBX","hundn001","crawb001","longe001","8/F","T",1,0,1,2,3,"F"
1,0,3,1,"CBBBX","","","","63/G+","T",1,0,0,0,0,"F"
1,1,2,2,".BBCFX","","","","4/P","T",1,0,0,0,0,"F"
1,2,1,2,"CBTX","","","","7/F","T",1,0,0,0,0,"F"
0,0,0,0,".X","","","","53/G+","T",1,0,0,0,0,"F"
0,1,1,2,"CSBS","","","","K","T",1,0,0,0,0,"F"
0,2,2,1,"BSBX","","","","53/G","T",1,0,0,0,0,"F"
1,0,0,0,"X","","","","D7/L+","T",0,2,0,0,0,"F"
1,0,2,0,"BBX","","andeb006","","S3/G-.2-3","T",0,1,0,3,0,"F"
1,0,1,0,"BX","realj001","","andeb006","9/F/SF.3-H","T",1,0,1,0,4,"F"
1,1,3,0,"BBBB","realj001","","","W.1-2","T",0,1,2,0,0,"F"
1,1,2,1,"BFBX","bourj002","realj001","","S7/L.2-H;1-2","T",0,1,2,4,0,"F"
1,1,3,2,"..SSBB*BX","brinl001","bourj002","","4/L/DP.1X1(43)","T",2,0,0,2,0,"F"
0,0,1,2,"BCFH","","","","HP","T",0,1,0,0,0,"F"
0,0,2,2,"1CFBFBX","mccua001","","","S9/L.1-3","T",0,1,3,0,0,"F"
0,0,0,0,".X","longe001","","mccua001","7/L/SF.3-H","T",1,0,1,0,4,"F"
0,1,1,2,"FFFBF1T","longe001","","","K","T",1,0,1,0,0,"F"
0,2,0,2,"SSS","longe001","","","K","T",1,0,1,0,0,"F"
1,0,3,0,"BBBB","","","","W","T",0,1,0,0,0,"F"
1,0,3,2,".B1BL>FB1>S","rivey001","","","K+SB2","T",1,0,2,0,0,"F"
1,1,0,1,".CX","","rivey001","","53/G","T",1,0,0,2,0,"F"
1,2,0,0,"X","","rivey001","","D9/L.2-H","T",0,2,0,4,0,"F"
1,2,2,2,"CFBBX","","andeb006","","HR/8/F.2-H","T",0,4,0,4,0,"F"
1,2,2,1,"BFBX","","","","63/G","T",1,0,0,0,0,"F"
0,0,0,2,"...CSX","","","","6/P","T",1,0,0,0,0,"F"
0,1,3,2,".CSFBBBC","","","","K","T",1,0,0,0,0,"F"
0,2,2,1,"BFBX","","","","S8/G","T",0,1,0,0,0,"F"
0,2,1,2,"BFFX","herng001","","","9/F","T",1,0,1,0,0,"F"
1,0,1,2,"..BFFFX","","","","7/F","T",1,0,0,0,0,"F"
1,1,3,2,"BBBCCFX","","","","2/P2F","T",1,0,0,0,0,"F"
1,2,0,2,"CFS","","","","K","T",1,0,0,0,0,"F"
0,0,1,2,".FFFBX","","","","63/G","T",1,0,0,0,0,"F"
0,1,0,1,"FX","","","","31/G","T",1,0,0,0,0,"F"
0,2,1,2,"CCBS","","","","K","T",1,0,0,0,0,"F"
0,0,3,1,"BBCBB","","","","W","T",0,1,0,0,0,"T"
0,0,3,1,"BBBC*B","panij002","","","W.1-2","T",0,1,2,0,0,"F"
0,0,1,1,"FBB","poseb001","panij002","","WP.2-3;1-2","F",0,0,2,3,0,"F"
0,0,3,2,"FBB.BFFS","","poseb001","panij002","K","T",1,0,0,2,3,"F"
0,1,0,1,"FX","","poseb001","panij002","63/G.3-H","T",1,0,0,2,4,"F"
0,2,3,1,"BBFBX","","poseb001","","63/G","T",1,0,0,2,0,"F"
1,0,0,2,"CFX","","","","7/F","T",1,0,0,0,0,"F"
1,1,1,2,"CBFFX","","","","7/L","T",1,0,0,0,0,"F"
1,2,0,0,"X","","","","63/G","T",1,0,0,0,0,"F"
0,0,2,2,"BCFBX","","","","9/L","T",1,0,0,0,0,"F"
0,1,0,1,"CX","","","","63/G","T",1,0,0,0,0,"F"
0,2,3,2,"CBFFBFBFX","","","","43/G","T",1,0,0,0,0,"F"
1,0,3,1,"CBBBB","","","","W","T",0,1,0,0,0,"F"
1,0,2,2,"CSFBFFBX","bourj002","","","S6/G.1-2","T",0,1,2,0,0,"F"
1,0,0,0,"X","casts001","bourj002","","53/BG/SH.2-3;1-2","T",1,0,2,3,0,"F"
1,1,0,1,"CX","","casts001","bourj002","53/G","T",1,0,0,2,3,"F"
1,2,3,0,"VVVV","","casts001","bourj002","IW","T",0,1,0,2,3,"F"
1,2,1,2,"BCCFC","shucj001","casts001","bourj002","K","T",1,0,1,2,3,"F"
0,0,1,2,"CFBX","","","","S8/L","T",0,1,0,0,0,"F"
0,0,3,2,"FFBBFFFFBX","strac001","","","8/L","T",1,0,1,0,0,"F"
0,1,0,0,"X","strac001","","","4/P","T",1,0,1,0,0,"F"
0,2,1,1,"BCX","strac001","","","4/L","T",1,0,1,0,0,"F"
1,0,2,2,"BFBSFX","","","","S9/L","T",0,1,0,0,0,"F"
1,0,1,1,"BCH","dietd001","","","HP.1-2","T",0,1,2,0,0,"F"
1,0,2,2,"BFBTFX","andeb006","dietd001","","7/L","T",1,0,1,2,0,"F"
1,1,3,2,"CBFFF*B*BB","andeb006","dietd001","","W.2-3;1-2","T",0,1,2,3,0,"F"
1,1,0,1,"FX","bourj002","andeb006","dietd001","S7/G.3-H;2-3;1-2","T",0,1,2,3,4,"F"
1,1,1,2,"SBSX","casts001","bourj002","andeb006","D9/L+.3-H;2-H;1-3","T",0,2,3,4,4,"F"
1,1,1,1,"C*BX","","riddj001","casts001","1/L/DP.3X3(15)","T",2,0,0,2,0,"F"
0,0,0,2,"CFX","","","","43/G","T",1,0,0,0,0,"F"
0,1,0,2,"FSX","","","","S7/L","T",0,1,0,0,0,"F"
0,1,0,1,"CX","longe001","","","6(1)3/GDP","T",2,0,0,0,0,"F"
1,0,1,0,"BX","","","","43/G","T",1,0,0,0,0,"F"
1,1,1,2,"FSBC","","","","K","T",1,0,0,0,0,"F"
1,2,2,2,"BFBFX","","","","3/G","T",1,0,0,0,0,"F"
0,0,0,2,"SSS","","","","K","T",1,0,0,0,0,"F"
0,1,3,2,"CBFBBFB","","","","W","T",0,1,0,0,0,"F"
0,1,0,2,"LLX","herng001","","","53/BG/SH.1-2","T",1,0,2,0,0,"F"
0,2,2,1,"BCB+2","","herng001","","PO2(26)","F",1,0,0,0,0,"F"
1,0,0,2,"FCFT","","","","K","T",1,0,0,0,0,"F"
1,1,2,2,"CBSBX","","","","8/F","T",1,0,0,0,0,"F"
1,2,0,1,"CX","","","","8/F","T",1,0,0,0,0,"F"
0,0,2,2,"BCCBFX","","","","9/L","T",1,0,0,0,0,"F"
0,1,3,1,"CBBBX","","","","63/G","T",1,0,0,0,0,"F"
0,2,1,1,"BCX","","","","43/G","T",1,0,0,0,0,"F"
1,0,0,1,"FX","","","","8/F","T",1,0,0,0,0,"F"
1,1,1,1,"BFX","","","","3/G","T",1,0,0,0,0,"F"
1,2,2,2,"BBFSX","","","","43/G","T",1,0,0,0,0,"F"
0,0,1,2,".BFSX","","","","6/L","T",1,0,0,0,0,"F"
0,1,1,2,"CFBX","","","","8/F","T",1,0,0,0,0,"F"
0,2,3,2,"BBFBSX","","","","8/F","T",1,0,0,0,0,"F"
1,0,0,1,"LX","","","","43/G","T",1,0,0,0,0,"F"
1,1,2,2,".CFFBBX","","","","9/F","T",1,0,0,0,0,"F"
1,2,2,1,"BSBX","","","","7/L","T",1,0,0,0,0,"F"
0,0,1,1,"...BSX","","","","S15/G","T",0,1,0,0,0,"F"
0,0,1,2,"BSFFFS","pench001","","","K","T",1,0,1,0,0,"F"
0,1,2,2,".FBFBX","pench001","","","46(1)3/GDP","T",2,0,0,0,0,"F"
1,0,1,2,".BFFX","","","","S9/G","T",0,1,0,0,0,"F"
1,0,1,1,"BCX","andeb006","","","S1/G-.1-2","T",0,1,2,0,0,"F"
1,0,1,2,".BTFS","realj001","andeb006","","K","T",1,0,1,2,0,"F"
1,1,2,2,"BCBFFS","realj001","andeb006","","K","T",1,0,1,2,0,"F"
1,2,1,2,"CBCS","realj001","andeb006","","K","T",1,0,1,2,0,"F"
0,0,0,2,"...CCX","","","","31/G","T",1,0,0,0,0,"F"
0,1,2,1,"BBCX","","","","53/G","T",1,0,0,0,0,"F"
0,2,2,2,"BSFFBFS","","","","K","T",1,0,0,0,0,"F"
0,0,3,2,"BBBCFX","","","","5/P5F","T",1,0,0,0,0,"T"
0,1,1,2,"CBFX","","","","D8/F","T",0,2,0,0,0,"F"
0,1,0,0,"X","","poseb001","","HR/8/F.2-H","T",0,4,0,4,0,"F"
0,1,3,1,"BBBCX","","","","4/P","T",1,0,0,0,0,"F"
0,2,0,2,"CCS","","","","K","T",1,0,0,0,0,"F"
1,0,2,2,"BCSBX","","","","63/G","T",1,0,0,0,0,"F"
1,1,1,2,"TFBX","","","","53/G-","T",1,0,0,0,0,"F"
1,2,3,2,"CBBBFS","","","","K","T",1,0,0,0,0,"F"
0,0,2,0,"BBX","","","","7/F","T",1,0,0,0,0,"F"
0,1,2,2,"BCBFX","","","","63/G","T",1,0,0,0,0,"F"
0,2,0,0,"X","","","","3/P3F","T",1,0,0,0,0,"F"
1,0,3,2,"CBFBBX","","","","53/G+","T",1,0,0,0,0,"F"
1,1,2,2,"CBFFBX","","","","63/G","T",1,0,0,0,0,"F"
1,2,1,1,"FBX","","","","9/F","T",1,0,0,0,0,"F"
0,0,1,2,"CBSC","","","","K","T",1,0,0,0,0,"F"
0,1,1,1,"BCX","","","","5/P5F","T",1,0,0,0,0,"F"
0,2,3,2,"BBFBCX","","","","S8/L","T",0,1,0,0,0,"F"
0,2,3,1,"CBBBX","poseb001","","","D7/L+.1-3","T",0,2,3,0,0,"F"
0,2,1,1,"BFX","","mccua001","poseb001","9/F","T",1,0,0,2,3,"F"
1,0,1,0,"BX","","","","3/P3F","T",1,0,0,0,0,"F"
1,1,1,2,"CSFFBS","","","","K","T",1,0,0,0,0,"F"
1,2,0,0,"X","","","","S8/G","T",0,1,0,0,0,"F"
1,2,0,2,"CCX","smitc006","","","8/L","T",1,0,1,0,0,"F"
0,0,0,1,"SX","","","","3/G","T",1,0,0,0,0,"F"
0,1,3,2,"BFBSFBX","","","","3/P3F","T",1,0,0,0,0,"F"
0,2,0,1,"CH","","","","HP","T",0,1,0,0,0,"F"
0,2,2,2,"1BBC1SX","jacka001","","","7/L","T",1,0,1,0,0,"F"
1,0,3,1,"BBBCB","","","","W","T",0,1,0,0,0,"F"
1,0,0,2,"1CCX","andeb006","","","S7/L.1-2","T",0,1,2,0,0,"F"
1,0,0,0,"X","realj001","andeb006","","S8/L.2-H;1-3;B-2(TH)","T",0,2,3,4,0,"F"
1,0,3,2,"BCBSBS","","maybc001","realj001","K","T",1,0,0,2,3,"F"
1,1,1,0,"*BX","","maybc001","realj001","S6/G.3-H;2XH(62);B-2(TH)","T",1,2,0,0,4,"F"
1,2,0,1,"CX","","brinl001","","8/F","T",1,0,0,2,0,"F"
0,0,2,2,"BCBFFFC","","","","K","T",1,0,0,0,0,"F"
0,1,0,0,"X","","","","S8/F","T",0,1,0,0,0,"F"
0,1,1,2,"FC*BFX","panij002","","","6/P","T",1,0,1,0,0,"F"
0,2,1,0,"BX","panij002","","","3/P3F","T",1,0,1,0,0,"F"
1,0,2,1,"FBBX","","","","63/G","T",1,0,0,0,0,"F"
1,1,2,0,"BBX","","","","S8/G","T",0,1,0,0,0,"F"
1,1,3,0,"BBBB","smitc006","","","W.1-2","T",0,1,2,0,0,"F"
1,1,3,1,"*BBBCX","casts001","smitc006","","64(1)3/GDP","T",2,0,0,2,0,"F"
0,0,2,2,"BFFBX","","","","63/G","T",1,0,0,0,0,"F"
0,1,1,2,"CBSX","","","","S7/L","T",0,1,0,0,0,"F"
0,1,0,0,"X","crawb001","","","S7/L.1-3","T",0,1,3,0,0,"F"
0,1,1,2,"F1F*BX","hundn001","","crawb001","S8/L.3-H;1-2","T",0,1,2,0,4,"F"
0,1,0,2,"CSS","jacka001","hundn001","","K","T",1,0,1,2,0,"F"
0,2,1,2,".FBS+2X","jacka001","hundn001","","5(2)/FO/G.1-2","T",1,1,2,0,0,"F"
1,0,0,1,".CX","","","","S7/G","T",0,1,0,0,0,"F"
1,0,1,1,"BC>X","realj001","","","13/G.1-2","T",1,0,2,0,0,"F"
1,1,0,2,"CFX","","realj001","","S8/L.2-H","T",0,1,0,4,0,"F"
1,1,1,2,"CS*BX","bourj002","","","46(1)3/GDP","T",2,0,0,0,0,"F"
0,0,3,2,"BBCBFX","","","","4/P","T",1,0,0,0,0,"F"
0,1,3,1,"..BFBBB","","","","W","T",0,1,0,0,0,"F"
0,1,0,0,"X","poseb001","","","63/G-.1-2","T",1,0,2,0,0,"F"
0,2,1,2,"CFBFFFX","","poseb001","","S8/G.2-H","T",0,1,0,4,0,"F"
0,2,3,2,"SBBFB>X","longe001","","","63/G","T",1,0,1,0,0,"F"
1,0,1,2,".CFBFS","","","","K","T",1,0,0,0,0,"F"
1,1,3,2,"CBFBBB","","","","W","T",0,1,0,0,0,"F"
1,1,0,2,"FCS","rivey001","","","K","T",1,0,1,0,0,"F"
1,2,0,2,"FSS","rivey001","","","K","T",1,0,1,0,0,"F"
0,0,0,0,"X","","","","53/G","T",1,0,0,0,0,"F"
0,1,3,2,"BBCFBX","","","","63/G","T",1,0,0,0,0,"F"
0,2,3,2,"CFBBBX","","","","S9/L","T",0,1,0,0,0,"F"
0,2,3,1,".*BCBBB","herng001","","","W.1-2","T",0,1,2,0,0,"F"
0,2,0,0,"....X","hansa001","herng001","","8/F","T",1,0,1,2,0,"F"
1,0,3,1,".BBCBB","","","","W","T",0,1,0,0,0,"F"
1,0,0,2,"C1FB","andeb006","","","PB.1-2","F",0,0,2,0,0,"F"
1,0,2,2,"C1FB.BT","","andeb006","","K","T",1,0,0,2,0,"F"
1,1,0,1,".SX","","andeb006","","43/G.2-3","T",1,0,0,3,0,"F"
1,2,0,0,"X","","","andeb006","D8/L+.3-H(UR)","T",0,2,0,0,5,"F"
1,2,0,2,"FSS","","bourj002","","K","T",1,0,0,2,0,"F"
0,0,0,0,".X","","","","S6/G","T",0,1,0,0,0,"F"
0,0,3,2,"BCBFB>S","poseb001","","","K+SB2","T",1,0,2,0,0,"F"
0,1,1,1,"CBX","","poseb001","","9/F","T",1,0,0,2,0,"F"
0,2,3,0,"VVVV","","poseb001","","IW","T",0,1,0,2,0,"F"
0,2,2,2,"B*BSFX","crawb001","poseb001","","6/P","T",1,0,1,2,0,"F"
1,0,0,2,".CCX","","","","S7/F","T",0,1,0,0,0,"F"
1,0,3,0,"BBBB","rojam002","","","W.1-2","T",0,1,2,0,0,"F"
1,0,2,2,".BFFBFFS","rivey001","rojam002","","K","T",1,0,1,2,0,"F"
1,1,1,1,".BSX","rivey001","rojam002","","S3/G+.2-3;1-2","T",0,1,2,3,0,"F"
1,1,3,1,"BFBBX","shucj001","rivey001","rojam002","8/F/SF.3-H","T",1,0,1,2,4,"F"
0,0,3,2,"CFBFBFBFFFC","","","","K","T",1,0,0,0,0,"T"
0,1,3,2,"BCCFBBB","","","","W","T",0,1,0,0,0,"F"
0,1,2,1,"BF1BX","poseb001","","","HR/7/L+.1-H","T",0,4,4,0,0,"F"
0,1,2,2,"BSBCX","","","","8/F","T",1,0,0,0,0,"F"
0,2,2,2,"BCFFBFS","","","","K","T",1,0,0,0,0,"F"
1,0,2,1,"BCBX","","","","3/P","T",1,0,0,0,0,"F"
1,1,0,1,"SX","","","","63/G","T",1,0,0,0,0,"F"
1,2,3,2,"CSBBBFX","","","","6/P7LF","T",1,0,0,0,0,"F"
0,0,1,2,"BSSS","","","","K","T",1,0,0,0,0,"F"
0,1,0,2,"CSX","","","","HR/7/F+","T",0,4,0,0,0,"F"
0,1,1,1,"SBX","","","","S9/F","T",0,1,0,0,0,"F"
0,1,0,0,"X","herng001","","","13/BG/SH.1-2","T",1,0,2,0,0,"F"
0,2,3,2,"BS*BFBX","","herng001","","8/L+","T",1,0,0,2,0,"F"
1,0,1,0,"BX","","","","S8/L","T",0,1,0,0,0,"F"
1,0,0,1,"CX","casts001","","","46(1)3/GDP","T",2,0,0,0,0,"F"
1,2,0,0,"X","","","","S7/G","T",0,1,0,0,0,"F"
1,2,2,0,"BBX","brinl001","","","7/F","T",1,0,1,0,0,"F"
0,0,0,0,"X","","","","63/G","T",1,0,0,0,0,"F"
0,1,2,2,"BFBSFS","","","","K","T",1,0,0,0,0,"F"
0,2,2,2,"SBSBX","","","","63/G","T",1,0,0,0,0,"F"
1,0,2,1,"BFBX","","","","8/F","T",1,0,0,0,0,"F"
1,1,3,2,"BFBBCFX","","","","53/G","T",1,0,0,0,0,"F"
1,2,3,2,"BBCFBC","","","","K","T",1,0,0,0,0,"F"
0,0,0,1,"CH","","","","HP","T",0,1,0,0,0,"F"
0,0,2,2,"BCFFBS","longe001","","","K","T",1,0,1,0,0,"F"
0,1,3,2,"BFF1*BBX","longe001","","","64(1)/FO/G","T",1,1,0,0,0,"F"
0,2,1,0,"1B>C","willm008","","","CS2(24)","F",1,0,0,0,0,"F"
1,0,2,2,".CBBFFS","","","","K","T",1,0,0,0,0,"F"
1,1,1,2,"CBCS","","","","K","T",1,0,0,0,0,"F"
1,2,1,2,"SCBS","","","","K","T",1,0,0,0,0,"F"
0,0,0,2,"CSS","","","","K","T",1,0,0,0,0,"F"
0,1,1,2,"FSBFFS","","","","K","T",1,0,0,0,0,"F"
0,2,0,1,"CX","","","","7/F","T",1,0,0,0,0,"F"
1,0,0,0,"X","","","","HR/8/F+","T",0,4,0,0,0,"F"
1,0,1,1,"BFX","","","","7/F","T",1,0,0,0,0,"F"
1,1,0,2,"CFFX","","","","43/G","T",1,0,0,0,0,"F"
1,2,0,2,"FFX","","","","S9/L","T",0,1,0,0,0,"F"
1,2,2,1,".BBCX","holab001","","","9/L","T",1,0,1,0,0,"F"
0,0,1,1,".BCX","","","","63/G","T",1,0,0,0,0,"F"
0,1,1,1,"CBX","","","","S8/G","T",0,1,0,0,0,"F"
0,1,1,1,"FBX","mccua001","","","64(1)3/GDP","T",2,0,0,0,0,"F"
1,0,2,0,"BBX","","","","8/L+","T",1,0,0,0,0,"F"
1,1,1,0,"BX","","","","53/G","T",1,0,0,0,0,"F"
1,2,1,2,"BCFX","","","","D8/L","T",0,2,0,0,0,"F"
1,2,0,1,"CX","","bourj002","","2/P3F","T",1,0,0,2,0,"F"
0,0,2,0,"BBX","","","","8/F","T",1,0,0,0,0,"F"
0,1,1,1,"FBX","","","","9/F","T",1,0,0,0,0,"F"
0,2,3,2,"BCFBFBX","","","","53/G-","T",1,0,0,0,0,"F"
1,0,0,1,"CX","","","","9/F","T",1,0,0,0,0,"F"
1,1,2,2,"BBFSX","","","","8/L","T",1,0,0,0,0,"F"
1,2,2,2,"BCCBX","","","","D7/L","T",0,2,0,0,0,"F"
1,2,2,1,"BCBX","","shucj001","","S7/L.2-H","T",0,1,0,4,0,"F"
1,2,0,2,"...CFT","holab001","","","K","T",1,0,1,0,0,"F"
0,0,2,1,".CBBX","","","","S54/G","T",0,1,0,0,0,"F"
0,0,0,2,"11CSS","herng001","","","K","T",1,0,1,0,0,"F"
0,1,3,2,"BBBC1>F>B","herng001","","","W.1-2","T",0,1,2,0,0,"F"
0,1,0,1,"CX","panij002","herng001","","64(1)3/GDP","T",2,0,0,2,0,"F"
1,0,2,1,"BBCX","","","","63/G","T",1,0,0,0,0,"F"
1,1,3,2,"BBFBSFX","","","","9/F","T",1,0,0,0,0,"F"
1,2,0,1,"CX","","","","53/G","T",1,0,0,0,0,"F"
0,0,2,2,"FFBBX","","","","6/L","T",1,0,0,0,0,"F"
0,1,3,2,".FBBFBFX","","","","8/F","T",1,0,0,0,0,"F"
0,2,0,0,"X","","","","D7/G","T",0,2,0,0,0,"F"
0,2,3,1,"BBFBB","","hansa001","","W","T",0,1,0,2,0,"F"
0,2,1,2,".CSBB","sandp001","hansa001","","WP.2-3;1-2","F",0,0,2,3,0,"F"
0,2,3,2,".CSBB.BS","","sandp001","hansa001","K","T",1,0,0,2,3,"F"
1,0,0,1,".CX","","","","E4/P.B-2","T",0,2,0,0,0,"F"
1,0,1,0,"BX","","casts001","","13/BG/SH.2-3","T",1,0,0,3,0,"F"
1,1,3,2,"FBSBBFFFX","","","casts001","8/F+/SF.3-H(UR)","T",1,0,0,0,5,"F"
1,2,2,1,"BBCX","","","","S8/L","T",0,1,0,0,0,"F"
1,2,1,2,"11CBC>X","shucj001","","","43/G","T",1,0,1,0,0,"F"
0,0,3,2,".SBBFBS","","","","K","T",1,0,0,0,0,"F"
0,1,3,1,"SBBBB","","","","W","T",0,1,0,0,0,"F"
0,1,1,0,"1*BX","pench001","","","3(B)634(1)/GDP","T",2,0,0,0,0,"F"
1,0,3,2,"..CBSBFFBB","","","","W","T",0,1,0,0,0,"F"
1,0,2,0,"BBX","maybc001","","","46(1)3/GDP","T",2,0,0,0,0,"F"
1,2,2,1,"BCBX","","","","43/G","T",1,0,0,0,0,"F"
0,0,1,2,".CBFS","","","","K","T",1,0,0,0,0,"F"
0,1,2,1,"BBFX","","","","9/L","T",1,0,0,0,0,"F"
0,2,0,1,"SX","","","","S8/L","T",0,1,0,0,0,"F"
0,2,1,2,"S1BFX","crawb001","","","D9/L.1XH(942)","T",1,2,0,0,0,"F"
1,0,0,1,"CX","","","","3/G","T",1,0,0,0,0,"F"
1,1,1,0,"BX","","","","5/L","T",1,0,0,0,0,"F"
1,2,1,2,"BFFX","","","","43/G","T",1,0,0,0,0,"F"
0,0,3,0,"..BBB*B","","","","W","T",0,1,0,0,0,"F"
0,0,2,1,"BLBX","sandp001","","","24/BG/SH.1-2","T",1,0,2,0,0,"F"
0,1,0,1,"C2X","","sandp001","","9/F","T",1,0,0,2,0,"F"
0,2,1,2,"SS*BFX","","sandp001","","7/L+","T",1,0,0,2,0,"F"
1,0,0,2,"SCX","","","","13/G","T",1,0,0,0,0,"F"
1,1,1,1,"CBX","","","","S8/L","T",0,1,0,0,0,"F"
1,1,0,1,"C>B","shucj001","","","CS2(24)","F",1,0,0,0,0,"F"
1,2,1,1,"C>B.X","","","","7/L","T",1,0,0,0,0,"F"
0,0,1,2,"BFCX","","","","6/P","T",1,0,0,0,0,"F"
0,1,0,0,"X","","","","53/G","T",1,0,0,0,0,"F"
0,2,3,2,"BBCBCFFS","","","","K23","T",1,0,0,0,0,"F"
1,0,1,1,"BFX","","","","43/G","T",1,0,0,0,0,"F"
1,1,0,1,"FX","","","","S7/L","T",0,1,0,0,0,"F"
1,1,2,1,"CBBX","dietd001","","","64(1)/FO/L","T",1,1,0,0,0,"F"
1,2,0,1,"CX","andeb006","","","S7/G.1-2","T",0,1,2,0,0,"F"
1,2,3,0,"VVVV","bourj002","andeb006","","IW.2-3;1-2","T",0,1,2,3,0,"F"
1,2,0,1,"CX","casts001","bourj002","andeb006","13/G","T",1,0,1,2,3,"F"
0,0,1,2,"BSSX","","","","S6/G.B-2(E6/TH)","T",0,2,0,0,0,"F"
0,0,2,2,"CBFBFX","","crawb001","","5/P5F","T",1,0,0,2,0,"F"
0,1,3,0,"VVVV","","crawb001","","IW","T",0,1,0,2,0,"F"
0,1,1,2,"CL*BFC","sandp001","crawb001","","K","T",1,0,1,2,0,"F"
0,2,1,0,"BX","sandp001","crawb001","","8/L","T",1,0,1,2,0,"F"
1,0,2,2,"CBBSS","","","","K","T",1,0,0,0,0,"F"
1,1,2,2,"BBCCFX","","","","7/F","T",1,0,0,0,0,"F"
1,2,0,2,"SSS","","","","K","T",1,0,0,0,0,"F"
0,0,2,1,"BBCX","","","","53/G","T",1,0,0,0,0,"F"
0,1,3,2,"CBFBBFX","","","","6/P","T",1,0,0,0,0,"F"
0,2,1,2,"BCCS","","","","K","T",1,0,0,0,0,"F"
1,0,1,1,"BCX","","","","63/G","T",1,0,0,0,0,"F"
1,1,1,2,"BSFFX","","","","S8/L","T",0,1,0,0,0,"F"
1,1,2,2,"BCBFFX","dietd001","","","S7/G+.1-3","T",0,1,3,0,0,"F"
1,1,0,0,"X","andeb006","","dietd001","54(1)3/GDP","T",2,0,0,0,3,"F"
0,0,0,1,"CX","","","","S8/L","T",0,1,0,0,0,"F"
0,0,3,1,"BCB*BB","mccua001","","","W.1-2","T",0,1,2,0,0,"F"
0,0,1,0,"BX","crawb001","mccua001","","S8/L.2-3;1-2","T",0,1,2,3,0,"F"
0,0,2,1,"BBFX","hansa001","crawb001","mccua001","S9/L+.3-H;2-H;1-3","T",0,1,3,4,4,"F"
0,0,1,0,"BX","sandp001","","hansa001","3/BL","T",1,0,1,0,3,"F"
0,1,1,1,"C1BX","sandp001","","hansa001","8/F/SF.3-H","T",1,0,1,0,4,"F"
0,2,1,2,"*BCCX","sandp001","","","9/L","T",1,0,1,0,0,"F"
1,0,0,1,"FX","","","","53/G","T",1,0,0,0,0,"F"
1,1,1,2,".CBSS","","","","K","T",1,0,0,0,0,"F"
1,2,0,1,"SX","","","","S8/G","T",0,1,0,0,0,"F"
1,2,0,0,"X","brinl001","","","D7/L.1-3","T",0,2,3,0,0,"F"
1,2,1,2,".BFFX","","shucj001","brinl001","9/F","T",1,0,0,2,3,"F"
0,0,1,1,"BFX","","","","6/L-","T",1,0,0,0,0,"T"
0,1,0,0,"X","","","","8/F","T",1,0,0,0,0,"F"
0,2,1,1,"BCX","","","","HR/9/F","T",0,4,0,0,0,"F"
0,2,3,2,"BFTBFBFX","","","","4/P","T",1,0,0,0,0,"F"
1,0,2,2,"BBFCX","","","","7/F","T",1,0,0,0,0,"F"
1,1,2,2,"BSFFBC","","","","K","T",1,0,0,0,0,"F"
1,2,3,2,"BCFBBX","","","","HR/89/F","T",0,4,0,0,0,"F"
1,2,2,2,"CFBBX","","","","9/F","T",1,0,0,0,0,"F"
0,0,2,1,"BCBX","","","","43/G","T",1,0,0,0,0,"F"
0,1,1,2,"BFFH","","","","HP","T",0,1,0,0,0,"F"
0,1,0,2,"F1C1>X","owinc001","","","S8/G.1-3","T",0,1,3,0,0,"F"
0,1,2,2,"BC3C1*B>X","dysoj001","","owinc001","S7/L+.3-H;1-3","T",0,1,3,0,4,"F"
0,1,2,2,"C11CBFBX","mathj001","","dysoj001","7/F/SF.3-H","T",1,0,1,0,4,"F"
0,2,1,2,"BCFS","mathj001","","","K","T",1,0,1,0,0,"F"
1,0,3,2,"CBFFBFBB","","","","W","T",0,1,0,0,0,"F"
1,0,0,1,"1CB","riddj001","","","WP.1-2","F",0,0,2,0,0,"F"
1,0,2,2,"1CB.C*BX","","riddj001","","43/G.2-3","T",1,0,0,3,0,"F"
1,1,0,1,"FX","","","riddj001","23/G-","T",1,0,0,0,3,"F"
1,2,2,2,"BSBCFS","","","riddj001","K23","T",1,0,0,0,3,"F"
0,0,1,2,"CCBX","","","","S8/L+","T",0,1,0,0,0,"F"
0,0,0,1,"CX","goldp001","","","FC4/G.1-2","T",0,1,2,0,0,"F"
0,0,3,2,"2CBBBCFFS","lambj001","goldp001","","K","T",1,0,1,2,0,"F"
0,1,2,0,"BBX","lambj001","goldp001","","8/F","T",1,0,1,2,0,"F"
0,2,1,1,"CBX","lambj001","goldp001","","64(1)/FO/G","T",1,1,0,2,0,"F"
1,0,0,0,"X","","","","D9/L","T",0,2,0,0,0,"F"
1,0,1,1,"BFX","","strad003","","5/L-","T",1,0,0,2,0,"F"
1,1,1,1,"SBX","","strad003","","S9/L.2-3","T",0,1,0,3,0,"F"
1,1,3,2,"BBBCFC","andeb006","","strad003","K","T",1,0,1,0,3,"F"
1,2,2,1,"BBCX","andeb006","","strad003","S8/G.3-H;1-2","T",0,1,2,0,4,"F"
1,2,2,2,"CBFBC","casts001","andeb006","","K","T",1,0,1,2,0,"F"
0,0,1,2,"CBCX","","","","43/G","T",1,0,0,0,0,"F"
0,1,0,1,"CX","","","","6/L","T",1,0,0,0,0,"F"
0,2,0,2,"CCC","","","","K","T",1,0,0,0,0,"F"
1,0,0,2,"CFX","","","","S9/G","T",0,1,0,0,0,"F"
1,0,0,1,"CX","rojam002","","","13/G+.1-2","T",1,0,2,0,0,"F"
1,1,3,2,"CFBBFBS","","rojam002","","K","T",1,0,0,2,0,"F"
1,2,3,2,"BBBCSFB","","rojam002","","W","T",0,1,0,2,0,"F"
1,2,0,0,"X","strad003","rojam002","","S9/L+.2-H;1-2","T",0,1,2,4,0,"F"
1,2,1,0,".BX","dietd001","strad003","","D9/L+.2-H;1-H","T",0,2,4,4,0,"F"
1,2,0,2,"CST","","andeb006","","K","T",1,0,0,2,0,"F"
0,0,3,2,"BFSBBX","","","","9/L","T",1,0,0,0,0,"F"
0,1,0,2,"CFS","","","","K","T",1,0,0,0,0,"F"
0,2,2,2,"CSBBFS","","","","K","T",1,0,0,0,0,"F"
1,0,0,0,"X","","","","63/G","T",1,0,0,0,0,"F"
1,1,1,2,"CBSS","","","","K","T",1,0,0,0,0,"F"
1,2,1,0,"BX","","","","63/G","T",1,0,0,0,0,"F"
0,0,1,2,"BSSX","","","","7/F","T",1,0,0,0,0,"F"
0,1,1,1,"CBX","","","","E4/G","T",0,1,0,0,0,"F"
0,1,0,0,"X","martk001","","","54(1)/FO/G","T",1,1,0,0,0,"F"
0,2,3,2,"1CFB1B1B>S","owinc001","","","K","T",1,0,1,0,0,"F"
1,0,2,2,"SBBTS","","","","K","T",1,0,0,0,0,"F"
1,1,2,2,"BSFBFX","","","","63/G","T",1,0,0,0,0,"F"
1,2,2,2,"BBCSS","","","","K","T",1,0,0,0,0,"F"
0,0,1,1,"BFX","","","","53/G","T",1,0,0,0,0,"F"
0,1,2,2,"..BCBFFX","","","","53/G","T",1,0,0,0,0,"F"
0,2,0,0,"X","","","","1/G-","T",1,0,0,0,0,"F"
1,0,1,2,".FSBS","","","","K","T",1,0,0,0,0,"F"
1,1,2,1,"BBCX","","","","7/L+","T",1,0,0,0,0,"F"
1,2,0,1,"CX","","","","3/G","T",1,0,0,0,0,"F"
0,0,3,1,"..BBBCX","","","","7/L+","T",1,0,0,0,0,"F"
0,1,1,2,"BCCS","","","","K","T",1,0,0,0,0,"F"
0,2,0,0,"X","","","","43/G","T",1,0,0,0,0,"F"
1,0,1,2,"BCFFFX","","","","S7/L","T",0,1,0,0,0,"F"
1,0,1,0,"B11X","casts001","","","S9/G.1-3","T",0,1,3,0,0,"F"
1,0,1,2,"1CF*BX","riddj001","","casts001","S9/L.3-H;1-3","T",0,1,3,0,4,"F"
1,0,3,0,"BBBB","rojam002","","riddj001","W.1-2","T",0,1,2,0,3,"F"
1,0,3,0,"BB*BB","brinl001","rojam002","riddj001","W.3-H;2-3;1-2","T",0,1,2,3,4,"F"
1,0,2,2,"BSBFX","holab001","brinl001","rojam002","S7/G.3-H;2-H;1-2","T",0,1,2,4,4,"F"
1,0,2,2,".B*BCFS","maybc001","holab001","","K","T",1,0,1,2,0,"F"
1,1,2,2,"BCC*BX","maybc001","holab001","","7/L","T",1,0,1,2,0,"F"
1,2,1,1,"BCX","maybc001","holab001","","5/P","T",1,0,1,2,0,"F"
0,0,2,2,"...CFBBX","","","","T8/L+","T",0,3,0,0,0,"F"
0,0,0,0,"X","","","martk001","D8/L+.3-H","T",0,2,0,0,4,"F"
0,0,3,2,"BBCCBX","","owinc001","","31/G.2-3","T",1,0,0,3,0,"F"
0,1,2,0,"BBX","","","owinc001","7/L/SF.3-H","T",1,0,0,0,4,"F"
0,2,3,1,".BCBBB","","","","W","T",0,1,0,0,0,"F"
0,2,0,0,".>C","perad001","","","DI.1-2","F",0,0,2,0,0,"F"
0,2,2,2,".>C.BBFX","","perad001","","53/G-","T",1,0,0,2,0,"F"
0,0,1,2,"CCBT","","","","K","T",1,0,0,0,0,"T"
0,1,0,1,"CX","","","","D7/L","T",0,2,0,0,0,"F"
0,1,3,2,"CCBFB*BX","","goldp001","","43/G.2-3","T",1,0,0,3,0,"F"
0,2,0,2,"CFC","","","goldp001","K","T",1,0,0,0,3,"F"
1,0,0,0,"X","","","","S8/L","T",0,1,0,0,0,"F"
1,0,2,2,"CBS*BFX","dietd001","","","54(1)3/GDP","T",2,0,0,0,0,"F"
1,2,3,2,"BCFBBFF*B","","","","W","T",0,1,0,0,0,"F"
1,2,3,1,"CBBBX","bourj002","","","23/G-","T",1,0,1,0,0,"F"
0,0,3,2,"CFBBBT","","","","K","T",1,0,0,0,0,"F"
0,1,0,2,"CCX","","","","S7/L","T",0,1,0,0,0,"F"
0,1,3,2,"FBFB*B>F>B","murpj001","","","W.1-2","T",0,1,2,0,0,"F"
0,1,0,1,"FX","ahmen001","murpj001","","6/P/IF","T",1,0,1,2,0,"F"
0,2,0,0,"N","ahmen001","murpj001","","BK.2-3;1-2","F",0,0,2,3,0,"F"
0,2,2,2,"N.BC*BFS","","ahmen001","murpj001","K","T",1,0,0,2,3,"F"
1,0,1,0,"BX","","","","D8/L+.BX3(865)","T",1,0,0,0,0,"F"
1,1,1,1,"CBX","","","","E6/G+","T",0,1,0,0,0,"F"
1,1,1,1,"BFX","rojam002","","","7/F.1-2","T",1,0,2,0,0,"F"
1,2,1,2,"CFFBFS","","rojam002","","K","T",1,0,0,2,0,"F"
0,0,1,1,"BCH","","","","HP","T",0,1,0,0,0,"F"
0,0,0,2,"CCX","jay-j001","","","7/F+.1-2","T",1,0,2,0,0,"F"
0,1,0,1,"SX","","jay-j001","","D8/L+.2-H","T",0,2,0,4,0,"F"
0,1,0,0,"X","","lambj001","","D7/L+.2-H","T",0,2,0,4,0,"F"
0,1,1,2,"CBFX","","perad001","","7/F","T",1,0,0,2,0,"F"
0,2,0,2,"CFS","","perad001","","K","T",1,0,0,2,0,"F"
1,0,2,2,"CBCFBFS","","","","K","T",1,0,0,0,0,"F"
1,1,1,2,"BCFFS","","","","K","T",1,0,0,0,0,"F"
1,2,3,2,"CBBBFB","","","","W","T",0,1,0,0,0,"F"
1,2,3,0,"BBBB","andeb006","","","W.1-2","T",0,1,2,0,0,"F"
1,2,0,0,"X","bourj002","andeb006","","54(1)/FO/G","T",1,1,0,2,0,"F"
0,0,3,2,"SCBBBC","","","","K","T",1,0,0,0,0,"F"
0,1,2,2,"LCBBS","","","","K","T",1,0,0,0,0,"F"
0,2,3,1,"BBCBB","","","","W","T",0,1,0,0,0,"F"
0,2,2,2,"BCBSS","godlz001","","","K","T",1,0,1,0,0,"F"
1,0,1,2,"BCSX","","","","S9/L","T",0,1,0,0,0,"F"
1,0,0,0,">X","riddj001","","","63/G.1-2","T",1,0,2,0,0,"F"
1,1,0,2,"CSX","","riddj001","","S9/F.2-3;B-2(TH)","T",0,2,0,3,0,"F"
1,1,0,0,"X","","brinl001","riddj001","63/G.3-H;2-3","T",1,0,0,3,4,"F"
1,2,3,0,".*BBBB","","","brinl001","W","T",0,1,0,0,3,"F"
1,2,0,2,"SFFT","shucj001","","brinl001","K","T",1,0,1,0,3,"F"
0,0,3,2,".CBBBFFX","","","","63/G","T",1,0,0,0,0,"F"
0,1,3,2,"BBCFBFB","","","","W","T",0,1,0,0,0,"F"
0,1,0,1,"CX","lambj001","","","S8/L+.1-2","T",0,1,2,0,0,"F"
0,1,2,2,"SBBFC","perad001","lambj001","","K","T",1,0,1,2,0,"F"
0,2,1,2,"CFBFX","perad001","lambj001","","D7/L.2-H;1-H","T",0,2,4,4,0,"F"
0,2,0,1,"CX","","murpj001","","63/G","T",1,0,0,2,0,"F"
1,0,2,2,"BCBSX","","","","7/L+","T",1,0,0,0,0,"F"
1,1,2,2,"SSBBX","","","","31/G","T",1,0,0,0,0,"F"
1,2,3,2,"BBBCCX","","","","HR/7/F","T",0,4,0,0,0,"F"
1,2,1,2,"CFBX","","","","43/G","T",1,0,0,0,0,"F"
0,0,2,1,"BBFX","","","","63/G","T",1,0,0,0,0,"F"
0,1,2,2,"BCCBX","","","","13/G-","T",1,0,0,0,0,"F"
0,2,1,2,"SBFT","","","","K","T",1,0,0,0,0,"F"
1,0,0,2,"TSFX","","","","S9/L","T",0,1,0,0,0,"F"
1,0,0,0,".X","rojam002","","","7/F","T",1,0,1,0,0,"F"
1,1,0,1,"CX","rojam002","","","7/F","T",1,0,1,0,0,"F"
1,2,2,2,"C*BBSX","rojam002","","","53/G","T",1,0,1,0,0,"F"
0,0,3,0,"BBBB","","","","W","T",0,1,0,0,0,"F"
0,0,1,0,"BB","goldp001","","","WP.1-2","F",0,0,2,0,0,"F"
0,0,2,2,"BB.CFX","","goldp001","","E4/G.2-3","T",0,1,0,3,0,"F"
0,0,0,1,"FX","lambj001","","goldp001","13/G-.1-2","T",1,0,2,0,3,"F"
0,1,3,0,"VVVV","","lambj001","goldp001","IW","T",0,1,0,2,3,"F"
0,1,0,0,"X","martk001","lambj001","goldp001","9/F/SF.3-H(UR);2-3","T",1,0,1,3,5,"F"
0,2,0,2,"CF1X","martk001","","lambj001","8/F","T",1,0,1,0,3,"F"
1,0,2,2,".BBCCC","","","","K","T",1,0,0,0,0,"F"
1,1,0,1,"SX","","","","S64/G+","T",0,1,0,0,0,"F"
1,1,1,2,"BC1CS","andeb006","","","K","T",1,0,1,0,0,"F"
1,2,2,2,"CB1BFB","andeb006","","","WP.1-2","F",0,0,2,0,0,"F"
1,2,3,2,"CB1BFB.B","","andeb006","","W","T",0,1,0,2,0,"F"
1,2,0,1,"CX","casts001","andeb006","","E4/TH/G.2-H(UR);1-3","T",0,1,3,5,0,"F"
1,2,2,2,"CCBF*BS","riddj001","","casts001","K","T",1,0,1,0,3,"F"
0,0,0,2,"CFX","","","","8/L","T",1,0,0,0,0,"F"
0,1,1,0,".BX","","","","9/F","T",1,0,0,0,0,"F"
0,2,1,2,"CBFX","","","","31/G","T",1,0,0,0,0,"F"
1,0,1,0,".BX","","","","9/F","T",1,0,0,0,0,"F"
1,1,1,0,"BH","","","","HP","T",0,1,0,0,0,"F"
1,1,3,2,".S*BF*BBC","holab001","","","K","T",1,0,1,0,0,"F"
1,2,2,1,"FBBX","holab001","","","S8/G.1-2","T",0,1,2,0,0,"F"
1,2,0,2,"STFX","dietd001","holab001","","S4/G.2-3;1-2","T",0,1,2,3,0,"F"
1,2,1,1,"FBX","andeb006","dietd001","holab001","8/F","T",1,0,1,2,3,"F"
0,0,0,2,"....CFX","","","","53/G","T",1,0,0,0,0,"F"
0,1,0,1,"FX","","","","S7/L","T",0,1,0,0,0,"F"
0,1,1,1,"1FBX","lambj001","","","S9/G.1-3","T",0,1,3,0,0,"F"
0,1,0,2,"F1FX","perad001","","lambj001","31/G.1-2","T",1,0,2,0,3,"F"
0,2,3,0,"BBBV","","perad001","lambj001","IW","T",0,1,0,2,3,"F"
0,2,2,2,"C*BFBFT","murpj001","perad001","lambj001","K","T",1,0,1,2,3,"F"
1,0,1,1,".BCX","","","","13/G","T",1,0,0,0,0,"F"
1,1,1,1,"BCX","","","","43/G","T",1,0,0,0,0,"F"
1,2,2,2,"BBFFT","","","","K","T",1,0,0,0,0,"F"
0,0,2,2,"BFBFX","","","","43/G","T",1,0,0,0,0,"T"
0,1,2,2,"SBBFX","","","","3/G","T",1,0,0,0,0,"F"
0,2,1,2,"CBFFS","","","","K","T",1,0,0,0,0,"F"
1,0,2,2,"FCBBX","","","","63/G","T",1,0,0,0,0,"F"
1,1,1,1,"BCX","","","","9/L","T",1,0,0,0,0,"F"
1,2,1,2,"CBSX","","","","9/F9LF","T",1,0,0,0,0,"F"
0,0,1,2,"CSFBFFFX","","","","6/P","T",1,0,0,0,0,"F"
0,1,1,2,"BCCS","","","","K","T",1,0,0,0,0,"F"
0,2,0,0,"X","","","","6/L","T",1,0,0,0,0,"F"
1,0,0,2,"SSC","","","","K","T",1,0,0,0,0,"F"
1,1,2,2,"FFBBFFS","","","","K","T",1,0,0,0,0,"F"
1,2,0,2,"CFX","","","","9/F","T",1,0,0,0,0,"F"
0,0,1,0,"BX","","","","9/F","T",1,0,0,0,0,"F"
0,1,1,1,"CBX","","","","9/F","T",1,0,0,0,0,"F"
0,2,1,2,"CBCC","","","","K","T",1,0,0,0,0,"F"
1,0,1,1,"BFX","","","","S7/G","T",0,1,0,0,0,"F"
1,0,2,1,"CB1*B1X","rivey001","","","54(1)3/GDP","T",2,0,0,0,0,"F"
1,2,0,2,"CFC","","","","K","T",1,0,0,0,0,"F"
0,0,0,0,"X","","","","63/G+","T",1,0,0,0,0,"F"
0,1,1,0,"BX","","","","43/G","T",1,0,0,0,0,"F"
0,2,3,2,"BBBCCB","","","","W","T",0,1,0,0,0,"F"
0,2,0,2,"C1FFX","goldp001","","","S6/G.1-2","T",0,1,2,0,0,"F"
0,2,2,2,"BSSBX","murpj001","goldp001","","43/G+","T",1,0,1,2,0,"F"
1,0,3,1,"CBBBB","","","","W","T",0,1,0,0,0,"F"
1,0,3,0,"BBBB","casts001","","","W.1-2","T",0,1,2,0,0,"F"
1,0,0,2,"CSX","andeb006","casts001","","63/G-.2-3;1-2","T",1,0,2,3,0,"F"
1,1,2,2,"SS*BFF*BS","","andeb006","casts001","K","T",1,0,0,2,3,"F"
1,2,1,2,"FSBFC","","andeb006","casts001","K","T",1,0,0,2,3,"F"
0,0,1,2,"CBFX","","","","D8/G","T",0,2,0,0,0,"F"
0,0,1,2,"2BFSX","","martk001","","S8/L.2-3;B-2(TH)","T",0,2,0,3,0,"F"
0,0,3,1,"*BBBCX","","owinc001","martk001","S8/L.3-H;2XH(82);B-2(TH)","T",1,2,0,0,4,"F"
0,1,1,2,"BLCM","","marrd001","","K","T",1,0,0,2,0,"F"
0,2,2,2,"FSBF*BFS","","marrd001","","K","T",1,0,0,2,0,"F"
1,0,1,1,"CBX","","","","3/P3F","T",1,0,0,0,0,"F"
1,1,0,2,"SCFX","","","","6/L+","T",1,0,0,0,0,"F"
1,2,0,1,"FX","","","","63/G","T",1,0,0,0,0,"F"
0,0,1,1,"SBX","","","","S8/L","T",0,1,0,0,0,"F"
0,0,2,1,"BCBX","ahmen001","","","6/P","T",1,0,1,0,0,"F"
0,1,0,0,"X","ahmen001","","","7/F","T",1,0,1,0,0,"F"
0,2,0,0,"X","ahmen001","","","43/G","T",1,0,1,0,0,"F"
1,0,0,2,".CFS","","","","K","T",1,0,0,0,0,"F"
1,1,2,1,"TBBX","","","","S8/G","T",0,1,0,0,0,"F"
1,1,1,0,"B1X","casts001","","","9/F","T",1,0,1,0,0,"F"
1,2,3,2,"1BBBCF>X","casts001","","","9/F","T",1,0,1,0,0,"F"
0,0,3,2,".MBTBFBFS","","","","K","T",1,0,0,0,0,"F"
0,1,0,1,"CX","","","","13/G+","T",1,0,0,0,0,"F"
0,2,0,0,"X","","","","63/G","T",1,0,0,0,0,"F"
1,0,1,2,".BSFX","","","","43/G","T",1,0,0,0,0,"F"
1,1,2,2,"CFBBS","","","","K","T",1,0,0,0,0,"F"
1,2,1,1,"FBX","","","","63/G","T",1,0,0,0,0,"F"
0,0,2,0,"..BBX","","","","HR/9/L","T",0,4,0,0,0,"F"
0,0,0,0,"X","","","","3/G","T",1,0,0,0,0,"F"
0,1,3,2,"CBFBBFFX","","","","4/P","T",1,0,0,0,0,"F"
0,2,2,2,".BCFBX","","","","8/F+","T",1,0,0,0,0,"F"
1,0,0,2,".CCFS","","","","K","T",1,0,0,0,0,"F"
1,1,1,2,"BFFFX","","","","53/G","T",1,0,0,0,0,"F"
1,2,1,2,".CFFBS","","","","K","T",1,0,0,0,0,"F"
0,0,2,2,".CBCBFX","","","","13/G-","T",1,0,0,0,0,"F"
0,1,3,1,"FBBBB","","","","W","T",0,1,0,0,0,"F"
0,1,1,1,"C*BX","perad001","","","4/P","T",1,0,1,0,0,"F"
0,2,2,2,"B1S*BTFS","perad001","","","K23","T",1,0,1,0,0,"F"
1,0,2,1,".BBCX","","","","HR/78/L","T",0,4,0,0,0,"F"
1,0,3,2,"BCBBSFB","","","","W","T",0,1,0,0,0,"F"
1,0,2,2,".BBCSC","andeb006","","","K","T",1,0,1,0,0,"F"
1,1,1,0,"BB","andeb006","","","WP.1-2","F",0,0,2,0,0,"F"
1,1,2,2,"BB.CFX","","andeb006","","53/G","T",1,0,0,2,0,"F"
1,2,0,1,"FX","","andeb006","","9/F","T",1,0,0,2,0,"F"
0,0,0,1,"CX","","","","43/G","T",1,0,0,0,0,"T"
0,1,0,2,"CSX","","","","S7/G+","T",0,1,0,0,0,"F"
0,1,1,1,"BCX","goldp001","","","S8/L+.1-2","T",0,1,2,0,0,"F"
0,1,3,1,"*BBBCB","lambj001","goldp001","","W.2-3;1-2","T",0,1,2,3,0,"F"
0,1,1,2,"BCSX","perad001","lambj001","goldp001","46(1)/FO/G.3-H;2-3","T",1,1,0,3,4,"F"
0,2,0,1,"FX","descd001","","lambj001","D7/L+.3-H;1-3","T",0,2,3,0,4,"F"
0,2,0,1,"CX","","ahmen001","descd001","4/P","T",1,0,0,2,3,"F"
1,0,0,1,"SH","","","","HP","T",0,1,0,0,0,"F"
1,0,0,2,"CFX","dietd001","","","54(1)/FO/G+","T",1,1,0,0,0,"F"
1,1,0,0,"X","andeb006","","","5/P5F","T",1,0,1,0,0,"F"
1,2,2,2,"BCBS1X","andeb006","","","63/G","T",1,0,1,0,0,"F"
0,0,2,2,"BFBFC","","","","K","T",1,0,0,0,0,"F"
0,1,0,0,"X","","","","S8/G","T",0,1,0,0,0,"F"
0,1,1,0,"BX","greiz001","","","7/F","T",1,0,1,0,0,"F"
0,2,1,0,"B1>B","greiz001","","","SB2","F",0,0,2,0,0,"F"
0,2,2,0,"B1>B.X","","greiz001","","S7/L.2-H","T",0,1,0,4,0,"F"
0,2,2,2,"F1BSBC","goldp001","","","K","T",1,0,1,0,0,"F"
1,0,0,1,"CX","","","","S7/L","T",0,1,0,0,0,"F"
1,0,2,2,"CB111BFS","riddj001","","","K","T",1,0,1,0,0,"F"
1,1,3,1,"BBCBX","riddj001","","","S9/G.1-3","T",0,1,3,0,0,"F"
1,1,0,0,"X","shucj001","","riddj001","54(1)3/GDP","T",2,0,0,0,3,"F"
0,0,3,2,"BBSBFFC","","","","K","T",1,0,0,0,0,"F"
0,1,3,2,"BFSBBB","","","","W","T",0,1,0,0,0,"F"
0,1,1,2,"CFBFFX","descd001","","","64(1)/FO/G","T",1,1,0,0,0,"F"
0,2,2,0,"BB+1X","ahmen001","","","43/G","T",1,0,1,0,0,"F"
1,0,0,2,"CSS","","","","K","T",1,0,0,0,0,"F"
1,1,1,1,"FBX","","","","E4/G","T",0,1,0,0,0,"F"
1,1,0,1,"SX","dietd001","","","9/F9LF.1-2","T",1,0,2,0,0,"F"
1,2,0,1,"CX","","dietd001","","S6/P.2-3","T",0,1,0,3,0,"F"
1,2,2,2,"SBCF*BX","bourj002","","dietd001","43/G+","T",1,0,1,0,3,"F"
0,0,1,0,"BX","","","","S7/L+.BX2(74)","T",1,0,0,0,0,"F"
0,1,2,2,"CBBCX","","","","9/F","T",1,0,0,0,0,"F"
0,2,2,2,"CBSFFFFBX","","","","3/G","T",1,0,0,0,0,"F"
1,0,2,2,"BFFBX","","","","23/G-","T",1,0,0,0,0,"F"
1,1,3,2,"BSBCFFBFFX","","","","S7/G","T",0,1,0,0,0,"F"
1,1,2,0,"BBX","rojam002","","","8/F","T",1,0,1,0,0,"F"
1,2,0,1,"FX","rojam002","","","S7/L.1-2","T",0,1,2,0,0,"F"
1,2,2,2,".C*BCBS","holab001","rojam002","","K","T",1,0,1,2,0,"F"
0,0,0,0,".X","","","","D9/L+","T",0,2,0,0,0,"F"
0,0,3,2,"BBBCCFB","","goldp001","","W","T",0,1,0,2,0,"F"
0,0,1,0,"BX","lambj001","goldp001","","46(1)3/GDP.2-3","T",2,0,0,3,0,"F"
0,2,0,2,"CFX","","","goldp001","3/P","T",1,0,0,0,3,"F"
1,0,3,2,"SSBBBS","","","","K","T",1,0,0,0,0,"F"
1,1,0,1,"CX","","","","3/P3F","T",1,0,0,0,0,"F"
1,2,1,1,"BCX","","","","4/L+","T",1,0,0,0,0,"F"
0,0,3,2,"CBBSBFFFX","","","","S7/L","T",0,1,0,0,0,"F"
0,0,3,2,"BFBF*B1>X","ahmen001","","","63/G+.1-2","T",1,0,2,0,0,"F"
0,1,2,1,"BBCX","","ahmen001","","7/L","T",1,0,0,2,0,"F"
0,2,0,0,"X","","ahmen001","","S9/G.2-H","T",0,1,0,4,0,"F"
0,2,1,1,"BSX","greiz001","","","64(1)/FO/G","T",1,1,0,0,0,"F"
1,0,0,0,"X","","","","8/L","T",1,0,0,0,0,"F"
1,1,1,1,"CBX","","","","S8/L","T",0,1,0,0,0,"F"
1,1,1,2,"*BCFFC","riddj001","","","K","T",1,0,1,0,0,"F"
1,2,1,2,"BCCS","riddj001","","","K","T",1,0,1,0,0,"F"
0,0,3,2,".BCBBCS","","","","K","T",1,0,0,0,0,"F"
0,1,3,0,"BBBB","","","","W","T",0,1,0,0,0,"F"
0,1,0,0,"X","lambj001","","","6/P","T",1,0,1,0,0,"F"
0,2,1,2,"CS*BN","lambj001","","","CS2(16)","F",1,0,0,0,0,"F"
1,0,0,2,"CSFX","","","","S9/F","T",0,1,0,0,0,"F"
1,0,0,1,".SX","holab001","","","7/L+","T",1,0,1,0,0,"F"
1,1,1,1,"F*BX","holab001","","","7/F","T",1,0,1,0,0,"F"
1,2,2,2,"BSF*BX","holab001","","","7/F","T",1,0,1,0,0,"F"
0,0,0,0,".X","","","","43/G","T",1,0,0,0,0,"F"
0,1,1,0,"BX","","","","53/G","T",1,0,0,0,0,"F"
0,2,0,0,"X","","","","S1/BG","T",0,1,0,0,0,"F"
0,2,1,2,"11CBS>B","dysoj001","","","SB2","F",0,0,2,0,0,"F"
0,2,2,2,"11CBS>B.X","","dysoj001","","53/G","T",1,0,0,2,0,"F"
1,0,2,2,"..BCFBS","","","","K","T",1,0,0,0,0,"F"
1,1,3,2,"BBCFBFFFX","","","","S8/G+","T",0,1,0,0,0,"F"
1,1,0,0,"X","casts001","","","S7/G.1-2","T",0,1,2,0,0,"F"
1,1,1,0,"BX","riddj001","casts001","","46(1)3/GDP","T",2,0,0,2,0,"F"
0,0,0,0,"X","","","","S8/G","T",0,1,0,0,0,"F"
0,0,2,2,"SBBFX","martk001","","","46(1)3/GDP","T",2,0,0,0,0,"F"
0,2,1,0,"BX","","","","5/L+","T",1,0,0,0,0,"F"
1,0,1,1,"CBX","","","","5/P5F-","T",1,0,0,0,0,"F"
1,1,2,2,".CSBBS","","","","K","T",1,0,0,0,0,"F"
1,2,0,1,".FX","","","","S1/G.B-2(E1/TH)","T",0,2,0,0,0,"F"
1,2,2,1,".BSBX","","brinl001","","63/G","T",1,0,0,2,0,"F"
0,0,3,2,"BBCFBB","","","","W","T",0,1,0,0,0,"T"
0,0,3,2,"B1CFBB1>X","nimmb001","","","4/P","T",1,0,1,0,0,"F"
0,1,1,1,"FBX","nimmb001","","","7/F","T",1,0,1,0,0,"F"
0,2,3,2,"BBSCB>F>X","nimmb001","","","3/G","T",1,0,1,0,0,"F"
1,0,3,2,"FFBBFBB","","","","W","T",0,1,0,0,0,"F"
1,0,0,2,"S1FX","dietd001","","","54(1)3/GDP","T",2,0,0,0,0,"F"
1,2,0,0,"X","","","","53/G","T",1,0,0,0,0,"F"
0,0,3,1,"FBBBX","","","","9/F","T",1,0,0,0,0,"F"
0,1,0,0,"X","","","","S7/L","T",0,1,0,0,0,"F"
0,1,2,1,"B1BCX","frazt001","","","5/P","T",1,0,1,0,0,"F"
0,2,3,2,"CTFBBB>B","frazt001","","","W.1-2","T",0,1,2,0,0,"F"
0,2,1,1,"BC+2","rosaa003","frazt001","","PO2(26)","F",1,0,1,0,0,"F"
1,0,1,2,"CBCX","","","","S7/F-","T",0,1,0,0,0,"F"
1,0,0,0,"X","bourj002","","","8/L","T",1,0,1,0,0,"F"
1,1,1,1,"CBX","bourj002","","","6/P","T",1,0,1,0,0,"F"
1,2,3,2,"BBFBF>X","bourj002","","","4/L","T",1,0,1,0,0,"F"
0,0,0,2,"CSS","","","","K","T",1,0,0,0,0,"F"
0,1,3,2,"CCBBBS","","","","K","T",1,0,0,0,0,"F"
0,2,3,2,"SFBBFBFX","","","","D7/L","T",0,2,0,0,0,"F"
0,2,1,0,"BX","","bautj002","","63/G","T",1,0,0,2,0,"F"
1,0,0,0,"X","","","","HR/7/F","T",0,4,0,0,0,"F"
1,0,2,2,"FBBCX","","","","31/G","T",1,0,0,0,0,"F"
1,1,3,1,"CBBBB","","","","W","T",0,1,0,0,0,"F"
1,1,3,2,"CB>F*B1FB>X","dietd001","","","S8/G.1-3","T",0,1,3,0,0,"F"
1,1,2,0,"B*BX","andeb006","","dietd001","S7/G.3-H;1-2","T",0,1,2,0,4,"F"
1,1,3,2,"BCBBFS","realj001","andeb006","","K","T",1,0,1,2,0,"F"
1,2,0,1,"CX","realj001","andeb006","","S8/G.2-H;1-3","T",0,1,3,4,0,"F"
1,2,0,1,"F>C","casts001","","realj001","SB2","F",0,0,2,0,3,"F"
1,2,1,2,"F>C.BFX","","casts001","realj001","HR/9/F.3-H;2-H","T",0,4,0,4,4,"F"
1,2,1,1,".CBX","","","","53/G","T",1,0,0,0,0,"F"
0,0,3,1,"BBCBX","","","","63/G","T",1,0,0,0,0,"F"
0,1,3,2,"BCBFFFBB","","","","W","T",0,1,0,0,0,"F"
0,1,1,1,"BCX","florw001","","","8/F+","T",1,0,1,0,0,"F"
0,2,0,0,"X","florw001","","","D7/L+.1-H;B-3(E6/TH)","T",0,3,4,0,0,"F"
0,2,3,2,"BBBCTFB","","","mesod001","W","T",0,1,0,0,3,"F"
0,2,1,0,".BX","rosaa003","","mesod001","43/G","T",1,0,1,0,3,"F"
1,0,2,1,".BCBX","","","","S9/F","T",0,1,0,0,0,"F"
1,0,0,1,"1MX","brinl001","","","16(1)/FO/BG","T",1,1,0,0,0,"F"
1,1,2,0,"BBX","alcas001","","","7/F","T",1,0,1,0,0,"F"
1,2,1,2,"BFFX","alcas001","","","53/G","T",1,0,1,0,0,"F"
0,0,1,2,"FBSX","","","","163/G","T",1,0,0,0,0,"F"
0,1,3,0,"BBBB","","","","W","T",0,1,0,0,0,"F"
0,1,2,1,"BCBX","bautj002","","","46(1)3/GDP","T",2,0,0,0,0,"F"
1,0,1,2,"CCBC","","","","K","T",1,0,0,0,0,"F"
1,1,0,0,"X","","","","9/L","T",1,0,0,0,0,"F"
1,2,1,2,"BFFFS","","","","K","T",1,0,0,0,0,"F"
0,0,3,2,".BFBBFS","","","","K","T",1,0,0,0,0,"F"
0,1,0,0,"X","","","","S9/G","T",0,1,0,0,0,"F"
0,1,2,1,"CBBX","florw001","","","3/P3F","T",1,0,1,0,0,"F"
0,2,2,1,"CBBX","florw001","","","9/F","T",1,0,1,0,0,"F"
1,0,2,2,"BFFBX","","","","7/L","T",1,0,0,0,0,"F"
1,1,3,2,"FBBFBX","","","","9/F","T",1,0,0,0,0,"F"
1,2,0,0,"X","","","","D7/L+","T",0,2,0,0,0,"F"
1,2,0,0,".X","","brinl001","","S7/G.2-H","T",0,1,0,4,0,"F"
1,2,2,2,"..B11SBCX","maybc001","","","4/P","T",1,0,1,0,0,"F"
0,0,0,2,"..CCS","","","","K","T",1,0,0,0,0,"F"
0,1,3,1,"BBCBB","","","","W","T",0,1,0,0,0,"F"
0,1,2,2,"BBTTX","plawk001","","","16(1)3/GDP","T",2,0,0,0,0,"F"
1,0,2,2,"CBBFS","","","","K","T",1,0,0,0,0,"F"
1,1,2,2,"BBCFX","","","","8/F","T",1,0,0,0,0,"F"
1,2,2,1,"CBBX","","","","43/G","T",1,0,0,0,0,"F"
0,0,1,1,"CBX","","","","S8/L+","T",0,1,0,0,0,"F"
0,0,1,0,"BX","bautj002","","","S9/L+.1-3","T",0,1,3,0,0,"F"
0,0,3,2,"B1CF*BB1FB","cabra002","","bautj002","W.1-2","T",0,1,2,0,3,"F"
0,0,1,1,".CBX","confm001","cabra002","bautj002","64(1)3/GDP.3-H;2-3","T",2,0,0,3,4,"F"
0,2,3,1,"BBSBB","","","cabra002","W","T",0,1,0,0,3,"F"
0,2,1,2,".CSBS","frazt001","","cabra002","K","T",1,0,1,0,3,"F"
1,0,2,0,".BBX","","","","S8/L","T",0,1,0,0,0,"F"
1,0,1,0,"BX","casts001","","","S49/G.1-3","T",0,1,3,0,0,"F"
1,0,2,1,"F*BBX","riddj001","","casts001","7/L/SF.3-H","T",1,0,1,0,4,"F"
1,1,2,0,"BBX","riddj001","","","64(1)3/GDP","T",2,0,0,0,0,"F"
0,0,3,2,"...BBBCFB","","","","W","T",0,1,0,0,0,"F"
0,0,2,1,"BCBX","rosaa003","","","3/P3F","T",1,0,1,0,0,"F"
0,1,0,0,"X","rosaa003","","","S7/F.1-2","T",0,1,2,0,0,"F"
0,1,2,2,"SBF*BS","nimmb001","rosaa003","","K","T",1,0,1,2,0,"F"
0,2,1,2,"BCCS","nimmb001","rosaa003","","K","T",1,0,1,2,0,"F"
0,0,0,2,"CSS","","","","K","T",1,0,0,0,0,"T"
0,1,0,0,"X","","","","HR/7/F","T",0,4,0,0,0,"F"
0,1,0,0,"X","","","","43/G","T",1,0,0,0,0,"F"
0,2,2,1,"CBBX","","","","S8/L","T",0,1,0,0,0,"F"
0,2,1,0,"1BX","confm001","","","8/L","T",1,0,1,0,0,"F"
1,0,2,2,"BBCCS","","","","K","T",1,0,0,0,0,"F"
1,1,1,2,"BFFX","","","","8/F","T",1,0,0,0,0,"F"
1,2,0,1,"CX","","","","53/G","T",1,0,0,0,0,"F"
0,0,2,1,"BFBX","","","","53/G","T",1,0,0,0,0,"F"
0,1,1,2,"FBFFFFFX","","","","S5/G-","T",0,1,0,0,0,"F"
0,1,0,2,"FFFFFX","mesod001","","","S7/G.1-2","T",0,1,2,0,0,"F"
0,1,3,2,"LB2LFFBFBX","rosaa003","mesod001","","23/BG/SH.2-3;1-2","T",1,0,2,3,0,"F"
0,2,0,2,"CTS","","rosaa003","mesod001","K","T",1,0,0,2,3,"F"
1,0,1,1,"BFX","","","","63/G","T",1,0,0,0,0,"F"
1,1,1,0,"BX","","","","S9/G","T",0,1,0,0,0,"F"
1,1,1,1,"1BC1>S","casts001","","","CS2(26)","F",1,0,0,0,0,"F"
1,2,2,2,"1BC1>S.BS","","","","K","T",1,0,0,0,0,"F"
0,0,3,2,"BCCBBX","","","","53/G","T",1,0,0,0,0,"F"
0,1,2,2,"CBBFS","","","","K","T",1,0,0,0,0,"F"
0,2,0,2,"CSFX","","","","53/G","T",1,0,0,0,0,"F"
1,0,0,2,"CFX","","","","S6/G","T",0,1,0,0,0,"F"
1,0,2,2,"C*BB1SX","brinl001","","","9/F","T",1,0,1,0,0,"F"
1,1,1,2,"L*BMM","brinl001","","","K","T",1,0,1,0,0,"F"
1,2,1,1,"F1BH","brinl001","","","HP.1-2","T",0,1,2,0,0,"F"
1,2,0,1,"FX","dietd001","brinl001","","64(1)/FO/G","T",1,1,0,2,0,"F"
0,0,1,2,"BCCX","","","","D7/L+","T",0,2,0,0,0,"F"
0,0,0,1,"CX","","florw001","","53/G","T",1,0,0,2,0,"F"
0,1,1,2,"C*BCX","","florw001","","53/G","T",1,0,0,2,0,"F"
0,2,3,0,"VVVV","","florw001","","IW","T",0,1,0,2,0,"F"
0,2,1,2,"TBFX","rosaa003","florw001","","7/F","T",1,0,1,2,0,"F"
1,0,1,2,"SCBS","","","","K","T",1,0,0,0,0,"F"
1,1,0,1,"CX","","","","43/G","T",1,0,0,0,0,"F"
1,2,0,0,"X","","","","53/G","T",1,0,0,0,0,"F"
0,0,2,0,"BBX","","","","43/G","T",1,0,0,0,0,"F"
0,1,3,2,"FBCBBC","","","","K","T",1,0,0,0,0,"F"
0,2,0,2,"FTX","","","","43/G","T",1,0,0,0,0,"F"
1,0,0,2,"SSS","","","","K","T",1,0,0,0,0,"F"
1,1,2,2,"BBSFS","","","","K","T",1,0,0,0,0,"F"
1,2,0,2,"STFC","","","","K","T",1,0,0,0,0,"F"
0,0,2,2,"BFFFBS","","","","K","T",1,0,0,0,0,"F"
0,1,2,2,"BCSBX","","","","7/F","T",1,0,0,0,0,"F"
0,2,0,2,"CCX","","","","HR/78/F","T",0,4,0,0,0,"F"
0,2,0,0,"X","","","","8/F","T",1,0,0,0,0,"F"
1,0,1,2,".CBSS","","","","K","T",1,0,0,0,0,"F"
1,1,3,1,"BBBCX","","","","S6/G","T",0,1,0,0,0,"F"
1,1,2,2,"FCB*BX","dietd001","","","HR/7/F.1-H","T",0,4,4,0,0,"F"
1,1,1,1,"FBX","","","","63/G","T",1,0,0,0,0,"F"
1,2,3,0,"BBBB","","","","W","T",0,1,0,0,0,"F"
1,2,0,1,"CX","bourj002","","","S8/L.1-3","T",0,1,3,0,0,"F"
1,2,1,1,"BSX","casts001","","bourj002","S3/G-.3-H;1-2","T",0,1,2,0,4,"F"
1,2,0,0,"X","riddj001","casts001","","7/L+","T",1,0,1,2,0,"F"
0,0,1,2,".CSBX","","","","53/G","T",1,0,0,0,0,"F"
0,1,3,2,".BSSBBX","","","","63/G","T",1,0,0,0,0,"F"
0,2,1,0,"BX","","","","7/F","T",1,0,0,0,0,"F"
1,0,3,2,".CBBFFBFFX","","","","53/G","T",1,0,0,0,0,"F"
1,1,3,2,".CSBBBX","","","","S7/G","T",0,1,0,0,0,"F"
1,1,0,0,"1X","maybc001","","","46(1)/FO/G","T",1,1,0,0,0,"F"
1,2,0,1,"CX","dietd001","","","E6/G.1-2","T",0,1,2,0,0,"F"
1,2,2,2,"BBCFX","andeb006","dietd001","","D7/L.2-H(UR);1-H(UR)","T",0,2,5,5,0,"F"
1,2,1,2,"BCFC","","realj001","","K","T",1,0,0,2,0,"F"
0,0,2,2,"...CCBBC","","","","K","T",1,0,0,0,0,"F"
0,1,1,1,"BFX","","","","4/P","T",1,0,0,0,0,"F"
0,2,2,2,"BBCTFS","","","","K","T",1,0,0,0,0,"F"
1,0,1,2,".FFBX","","","","S7/L","T",0,1,0,0,0,"F"
1,0,1,2,"SSBX","casts001","","","64(1)/FO/G","T",1,1,0,0,0,"F"
1,1,0,2,"1CCS","riddj001","","","K","T",1,0,1,0,0,"F"
1,2,0,0,">C","riddj001","","","CS2(24)","F",1,0,0,0,0,"F"
0,0,1,2,".CBSX","","","","4/P","T",1,0,0,0,0,"F"
0,1,0,2,"CFS","","","","K","T",1,0,0,0,0,"F"
0,2,0,2,"CSS","","","","K","T",1,0,0,0,0,"F"
0,0,3,2,"CBFBBX","","","","6/P","T",1,0,0,0,0,"T"
0,1,0,2,"CSS","","","","K","T",1,0,0,0,0,"F"
0,2,1,2,"BCFC","","","","K","T",1,0,0,0,0,"F"
1,0,1,2,"SBCX","","","","E4/G","T",0,1,0,0,0,"F"
1,0,2,2,"BCBSFF1X","casts001","","","54(1)3/GDP","T",2,0,0,0,0,"F"
1,2,0,2,"CCX","","","","S7/G","T",0,1,0,0,0,"F"
1,2,2,2,"CBBSX","realj001","","","5/P","T",1,0,1,0,0,"F"
0,0,3,2,"BCFBBS","","","","K","T",1,0,0,0,0,"F"
0,1,0,0,"X","","","","7/L","T",1,0,0,0,0,"F"
0,2,3,2,"BBCSBFB","","","","W","T",0,1,0,0,0,"F"
0,2,3,2,"B1FC1B*B>X","frazt001","","","D8/L.1-H","T",0,2,4,0,0,"F"
0,2,3,0,"VVVV","","plawk001","","IW","T",0,1,0,2,0,"F"
0,2,0,1,"FX","rosaa003","plawk001","","6/L","T",1,0,1,2,0,"F"
1,0,1,2,"FBFX","","","","5/P","T",1,0,0,0,0,"F"
1,1,3,2,"CCBFBBB","","","","W","T",0,1,0,0,0,"F"
1,1,0,1,"SX","brinl001","","","E5/G.1-3","T",0,1,3,0,0,"F"
1,1,1,2,"CSBC","rojam002","","brinl001","K","T",1,0,1,0,3,"F"
1,2,1,1,"BC>B","rojam002","","brinl001","SB2","F",0,0,2,0,3,"F"
1,2,3,2,"BC>B.BCB","","rojam002","brinl001","W","T",0,1,0,2,3,"F"
1,2,2,2,"BSF*BS","strad003","rojam002","brinl001","K","T",1,0,1,2,3,"F"
0,0,2,2,"BFBCFC","","","","K","T",1,0,0,0,0,"F"
0,1,0,1,"CX","","","","9/F","T",1,0,0,0,0,"F"
0,2,3,1,"BBBCX","","","","HR/9/F","T",0,4,0,0,0,"F"
0,2,2,2,"CFBFBS","","","","K","T",1,0,0,0,0,"F"
1,0,1,1,"CBX","","","","63/G","T",1,0,0,0,0,"F"
1,1,2,2,"BBCCX","","","","S8/L","T",0,1,0,0,0,"F"
1,1,1,2,"BCFF>F1X","realj001","","","9/F","T",1,0,1,0,0,"F"
1,2,1,1,"BSX","realj001","","","4/P","T",1,0,1,0,0,"F"
0,0,0,1,"SX","","","","S7/L","T",0,1,0,0,0,"F"
0,0,1,0,"*B1X","florw001","","","S7/G.1-2","T",0,1,2,0,0,"F"
0,0,1,0,"BX","frazt001","florw001","","5(2)53/GDP.1-2","T",2,0,2,0,0,"F"
0,2,3,0,"VVVV","","frazt001","","IW","T",0,1,0,2,0,"F"
0,2,2,1,"BBCX","rosaa003","frazt001","","S8/L.2-H;1-3","T",0,1,3,4,0,"F"
0,2,3,1,"SBBBX","matzs001","","rosaa003","6/P","T",1,0,1,0,3,"F"
1,0,1,1,"FBX","","","","13/G","T",1,0,0,0,0,"F"
1,1,3,2,"BBCBCFX","","","","D8/L","T",0,2,0,0,0,"F"
1,1,0,1,"F>B","","rojam002","","SB3","F",0,0,0,3,0,"F"
1,1,2,2,"F>B.BCFC","","","rojam002","K","T",1,0,0,0,3,"F"
1,2,1,1,"BFX","","","rojam002","E1/BG.3-H(UR)(NR)","T",0,1,0,0,5,"F"
1,2,3,2,"BBCSB>S","strad003","","","K","T",1,0,1,0,0,"F"
0,0,0,0,"X","","","","6/P","T",1,0,0,0,0,"F"
0,1,1,2,"CBSX","","","","53/G","T",1,0,0,0,0,"F"
0,2,3,2,"BBFBFB","","","","W","T",0,1,0,0,0,"F"
0,2,0,1,"1FX","confm001","","","64(1)/FO/G","T",1,1,0,0,0,"F"
1,0,2,2,"CBBFX","","","","23/G-","T",1,0,0,0,0,"F"
1,1,0,2,"SFS","","","","K","T",1,0,0,0,0,"F"
1,2,3,2,"BSBBFX","","","","9/F","T",1,0,0,0,0,"F"
0,0,2,2,"BSBSX","","","","9/F","T",1,0,0,0,0,"F"
0,1,1,1,"FBX","","","","53/G","T",1,0,0,0,0,"F"
0,2,0,2,"CFX","","","","3/P3F","T",1,0,0,0,0,"F"
1,0,3,2,"CBBBFS","","","","K","T",1,0,0,0,0,"F"
1,1,3,2,"..CBBBCS","","","","K","T",1,0,0,0,0,"F"
1,2,1,2,"CSFBX","","","","53/G","T",1,0,0,0,0,"F"
0,0,0,2,"SCS","","","","K","T",1,0,0,0,0,"F"
0,1,2,2,"BFBFX","","","","43/G","T",1,0,0,0,0,"F"
0,2,2,2,"BCSBS","","","","K","T",1,0,0,0,0,"F"
1,0,0,1,".CX","","","","7/L","T",1,0,0,0,0,"F"
1,1,3,1,".BBCBX","","","","7/F","T",1,0,0,0,0,"F"
1,2,3,2,"BSBFBB","","","","W","T",0,1,0,0,0,"F"
1,2,1,1,"CBX","casts001","","","7/L+","T",1,0,1,0,0,"F"
0,0,3,0,"...BBBB","","","","W","T",0,1,0,0,0,"F"
0,0,0,2,"CFFT","cabra002","","","K","T",1,0,1,0,0,"F"
0,1,0,1,"F1X","cabra002","","","8/F","T",1,0,1,0,0,"F"
0,2,2,1,"BBC1X","cabra002","","","E8/F.1-H(NR)(UR);B-3","T",0,3,5,0,0,"F"
0,2,3,2,"CCFBBBB","","","frazt001","W+PO3(E2/TH).3-H(NR)(UR)","T",0,1,0,0,5,"F"
0,2,2,1,".BC*BX","plawk001","","","9/F","T",1,0,1,0,0,"F"
1,0,2,2,"..BFSFBFS","","","","K","T",1,0,0,0,0,"F"
1,1,2,1,"BBFX","","","","HR/8/F","T",0,4,0,0,0,"F"
1,1,2,2,"CSBFFFBFS","","","","K","T",1,0,0,0,0,"F"
1,2,0,2,"FFFX","","","","63/G","T",1,0,0,0,0,"F"
0,0,0,1,".FX","","","","63/G","T",1,0,0,0,0,"F"
0,1,3,2,"FBBCBS","","","","K","T",1,0,0,0,0,"F"
0,2,1,2,"SBSC","","","","K","T",1,0,0,0,0,"F"
1,0,3,2,".CBFBBS","","","","K","T",1,0,0,0,0,"F"
1,1,0,1,"CX","","","","7/F","T",1,0,0,0,0,"F"
1,2,1,2,".CBSS","","","","K","T",1,0,0,0,0,"F"
0,0,1,2,"FBFS","","","","K","T",1,0,0,0,0,"T"
0,1,1,1,"CBX","","","","63/G","T",1,0,0,0,0,"F"
0,2,2,2,"CCBBFX","","","","53/G","T",1,0,0,0,0,"F"
1,0,1,2,"SFBX","","","","63/G","T",1,0,0,0,0,"F"
1,1,2,2,"CBSFBS","","","","K","T",1,0,0,0,0,"F"
1,2,1,0,"BX","","","","43/G","T",1,0,0,0,0,"F"
0,0,1,0,"BX","","","","D9/L","T",0,2,0,0,0,"F"
0,0,1,2,"C*BFFFX","","ramow001","","63/G","T",1,0,0,2,0,"F"
0,1,1,0,"BX","","ramow001","","S7/L.2-3","T",0,1,0,3,0,"F"
0,1,2,0,"BBX","cronc002","","ramow001","54(1)3/GDP","T",2,0,0,0,3,"F"
1,0,3,2,"BFBBFS","","","","K","T",1,0,0,0,0,"F"
1,1,0,2,"CSX","","","","S8/L","T",0,1,0,0,0,"F"
1,1,1,0,"BX","casts001","","","8/F","T",1,0,1,0,0,"F"
1,2,0,1,"C1X","casts001","","","D7/L+.1-H","T",0,2,4,0,0,"F"
1,2,1,2,"BTFX","","rojam002","","S5/G.2-3","T",0,1,0,3,0,"F"
1,2,0,2,"F>FS","brinl001","","rojam002","K","T",1,0,1,0,3,"F"
0,0,1,2,"BCFFFX","","","","S9/F","T",0,1,0,0,0,"F"
0,0,1,2,"CLBC","adamw002","","","K","T",1,0,1,0,0,"F"
0,1,0,2,"1SCC","adamw002","","","K","T",1,0,1,0,0,"F"
0,2,3,2,"*BBCBF>X","adamw002","","","63/G","T",1,0,1,0,0,"F"
1,0,1,2,"FFFBX","","","","63/G+","T",1,0,0,0,0,"F"
1,1,1,0,"BX","","","","43/G","T",1,0,0,0,0,"F"
1,2,1,2,"BFSS","","","","K","T",1,0,0,0,0,"F"
0,0,2,2,"FSBFBX","","","","E4/G+.B-2","T",0,2,0,0,0,"F"
0,0,1,0,"*BX","","robed004","","43/G+.2-3","T",1,0,0,3,0,"F"
0,1,0,1,"FX","","","robed004","9/F/SF.3-H(UR)","T",1,0,0,0,5,"F"
0,2,3,2,"BSBBFX","","","","53/G","T",1,0,0,0,0,"F"
1,0,0,1,"CX","","","","53/G","T",1,0,0,0,0,"F"
1,1,2,1,"BBSX","","","","S7/L","T",0,1,0,0,0,"F"
1,1,3,0,"B11BBB","casts001","","","W.1-2","T",0,1,2,0,0,"F"
1,1,0,1,"FX","riddj001","casts001","","S9/L.2-3;1-2","T",0,1,2,3,0,"F"
1,1,0,2,"SSX","rojam002","riddj001","casts001","62(3)/FO/G.2-3;1-2","T",1,1,2,3,0,"F"
1,2,1,2,"FCFFBX","brinl001","rojam002","riddj001","46(1)/FO/G","T",1,1,0,2,3,"F"
0,0,1,0,"BX","","","","6/L","T",1,0,0,0,0,"F"
0,1,0,2,"CTS","","","","K","T",1,0,0,0,0,"F"
0,2,0,2,"SSS","","","","K","T",1,0,0,0,0,"F"
1,0,0,1,"TX","","","","8/F","T",1,0,0,0,0,"F"
1,1,0,0,"X","","","","63/G","T",1,0,0,0,0,"F"
1,2,1,2,"BCFFFX","","","","HR/78/L","T",0,4,0,0,0,"F"
1,2,1,2,"BFSFS","","","","K","T",1,0,0,0,0,"F"
0,0,2,1,"BBFX","","","","8/F","T",1,0,0,0,0,"F"
0,1,0,0,"X","","","","9/F","T",1,0,0,0,0,"F"
0,2,1,1,"CBX","","","","53/G","T",1,0,0,0,0,"F"
1,0,1,0,"BX","","","","S4/G","T",0,1,0,0,0,"F"
1,0,1,2,"FBFX","casts001","","","4(1)3/GDP","T",2,0,0,0,0,"F"
1,2,0,1,"FX","","","","S9/G","T",0,1,0,0,0,"F"
1,2,3,2,"BSSFBB>X","rojam002","","","43/G","T",1,0,1,0,0,"F"
0,0,1,2,".CBFX","","","","43/G","T",1,0,0,0,0,"F"
0,1,0,2,"FSFX","","","","63/G","T",1,0,0,0,0,"F"
0,2,3,2,"BBFFBFFX","","","","S13/L+","T",0,1,0,0,0,"F"
0,2,0,2,"1FSFS","cronc002","","","K","T",1,0,1,0,0,"F"
1,0,1,1,"...BCX","","","","3/G","T",1,0,0,0,0,"F"
1,1,2,2,"CBSBFX","","","","31/G","T",1,0,0,0,0,"F"
1,2,3,2,"BBBCFX","","","","43/G","T",1,0,0,0,0,"F"
0,0,0,0,"..X","","","","3/P3F","T",1,0,0,0,0,"F"
0,1,1,2,".CSBFFC","","","","K","T",1,0,0,0,0,"F"
0,2,3,1,"BCBBB","","","","W","T",0,1,0,0,0,"F"
0,2,2,0,".1B1BX","kierk001","","","64(1)/FO/G","T",1,1,0,0,0,"F"
1,0,0,0,".X","","","","9/F","T",1,0,0,0,0,"F"
1,1,2,0,"BBX","","","","31/G","T",1,0,0,0,0,"F"
1,2,2,1,"BCBX","","","","S8/L","T",0,1,0,0,0,"F"
1,2,3,1,"BBBCX","casts001","","","9/F+","T",1,0,1,0,0,"F"
0,0,2,2,"...BFBCX","","","","S7/L","T",0,1,0,0,0,"F"
0,0,1,0,"BX","robed004","","","7/F","T",1,0,1,0,0,"F"
0,1,1,2,".BCCX","robed004","","","56(1)/FO/G","T",1,1,0,0,0,"F"
0,2,1,1,"*B111SX","bauej001","","","D7/L.1-H","T",0,2,4,0,0,"F"
0,2,3,0,".VVVV","","cronc002","","IW","T",0,1,0,2,0,"F"
0,2,3,1,"BCBBX","wendj002","cronc002","","9/F","T",1,0,1,2,0,"F"
1,0,0,2,"....CCC","","","","K","T",1,0,0,0,0,"F"
1,1,3,2,"BCSBBS","","","","K","T",1,0,0,0,0,"F"
1,2,3,2,"BCBBCX","","","","S8/G+","T",0,1,0,0,0,"F"
1,2,3,2,".BBCBC>S","shucj001","","","K","T",1,0,1,0,0,"F"
0,0,2,2,".CBBSFX","","","","8/F","T",1,0,0,0,0,"F"
0,1,3,1,"CBBBX","","","","43/G","T",1,0,0,0,0,"F"
0,2,1,0,"BX","","","","9/F","T",1,0,0,0,0,"F"
1,0,3,0,".BBBB","","","","W","T",0,1,0,0,0,"F"
1,0,1,2,"CFBX","andeb006","","","S8/L.1-3","T",0,1,3,0,0,"F"
1,0,2,1,"S*BBX","realj001","","andeb006","S5/G.3-H;1-2","T",0,1,2,0,4,"F"
0,0,0,1,"CX","","","","9/F","T",1,0,0,0,0,"T"
0,1,2,1,"BCBH","","","","HP","T",0,1,0,0,0,"F"
0,1,0,0,"X","duffm002","","","7/F","T",1,0,1,0,0,"F"
0,2,0,0,"1X","duffm002","","","HR/8/F.1-H","T",0,4,4,0,0,"F"
0,2,1,2,"BFTX","","","","7/F","T",1,0,0,0,0,"F"
1,0,0,1,"CX","","","","63/G","T",1,0,0,0,0,"F"
1,1,2,2,"CBBCT","","","","K","T",1,0,0,0,0,"F"
1,2,1,1,"BCX","","","","53/G","T",1,0,0,0,0,"F"
0,0,2,2,"BCFFFBFX","","","","D7/L+","T",0,2,0,0,0,"F"
0,0,0,0,"X","","robed004","","D7/G.2-H","T",0,2,0,4,0,"F"
0,0,1,0,"BX","","hecha001","","S7/L.2-H","T",0,1,0,4,0,"F"
0,0,0,2,"LCC","smitm007","","","K","T",1,0,1,0,0,"F"
0,1,0,0,">X","smitm007","","","S7/L.1-3","T",0,1,3,0,0,"F"
0,1,0,2,"FFX","kierk001","","smitm007","64(1)3/GDP","T",2,0,0,0,3,"F"
1,0,1,2,"BCCX","","","","S8/L","T",0,1,0,0,0,"F"
1,0,2,2,"CFFBBT","bourj002","","","K","T",1,0,1,0,0,"F"
1,1,0,2,"SFFX","bourj002","","","9/L","T",1,0,1,0,0,"F"
1,2,1,0,"BX","bourj002","","","D7/L.1-3","T",0,2,3,0,0,"F"
1,2,3,0,"VVVV","","riddj001","bourj002","IW","T",0,1,0,2,3,"F"
1,2,1,2,"FFBX","brinl001","riddj001","bourj002","S8/L.3-H;2-H;1-3","T",0,1,3,4,4,"F"
1,2,1,0,"BX","richt001","","brinl001","6/L+","T",1,0,1,0,3,"F"
0,0,1,2,"FBSX","","","","63/G","T",1,0,0,0,0,"F"
0,1,3,2,"BSBBFS","","","","K","T",1,0,0,0,0,"F"
0,2,2,0,"BBX","","","","S8/L.B-3(E8)","T",0,3,0,0,0,"F"
0,2,2,2,"CBCBC","","","wendj002","K","T",1,0,0,0,3,"F"
1,0,0,2,"CFC","","","","K","T",1,0,0,0,0,"F"
1,1,2,2,"FCBBX","","","","53/G-","T",1,0,0,0,0,"F"
1,2,2,2,"BBCTX","","","","S9/G","T",0,1,0,0,0,"F"
1,2,0,0,"X","bourj002","","","64(1)/FO/G","T",1,1,0,0,0,"F"
0,0,0,0,"X","","","","S7/L","T",0,1,0,0,0,"F"
0,0,1,0,"BX","hecha001","","","S9/L.1-3","T",0,1,3,0,0,"F"
0,0,1,2,".FCBF>F1FC","smitm007","","hecha001","K","T",1,0,1,0,3,"F"
0,1,1,2,"B>F11S>X","smitm007","","hecha001","6(1)3/GDP","T",2,0,0,0,3,"F"
1,0,3,2,"..CBFBBX","","","","S8/G","T",0,1,0,0,0,"F"
1,0,0,0,"X","rojam002","","","36(1)/FO/G","T",1,1,0,0,0,"F"
1,1,0,1,"CB","riddj001","","","OA.1X2(24)","F",1,0,0,0,0,"F"
1,2,3,2,"CB.SFBBX","","","","63/G","T",1,0,0,0,0,"F"
0,0,2,2,"CBFBX","","","","43/G","T",1,0,0,0,0,"F"
0,1,1,2,"CBFC","","","","K","T",1,0,0,0,0,"F"
0,2,1,0,"BX","","","","S7/L+","T",0,1,0,0,0,"F"
0,2,3,1,"BBCBX","ramow001","","","3/G","T",1,0,1,0,0,"F"
1,0,3,2,".BBCBCB","","","","W","T",0,1,0,0,0,"F"
1,0,1,1,"BS1X","shucj001","","","S9/F-.1-2","T",0,1,2,0,0,"F"
1,0,0,1,"CX","casts001","shucj001","","S9/G.2-H;1-3","T",0,1,3,4,0,"F"
1,0,1,2,"F*BFFX","andeb006","","casts001","9/F/SF.3-H","T",1,0,1,0,4,"F"
1,1,0,1,"CX","andeb006","","","S9/L.1-2","T",0,1,2,0,0,"F"
1,1,0,0,"X","bourj002","andeb006","","S56/G.2-3;1-2","T",0,1,2,3,0,"F"
1,1,0,0,"X","maybc001","bourj002","andeb006","8/F/DP.3XH(82)","T",2,0,1,2,0,"F"
0,0,1,1,".BCX","","","","S9/L","T",0,1,0,0,0,"F"
0,0,2,2,"B1BFFX","robed004","","","9/F-","T",1,0,1,0,0,"F"
0,1,1,2,">FCB1FS","robed004","","","K","T",1,0,1,0,0,"F"
0,2,2,1,".BBCX","robed004","","","S8/F-.1-3","T",0,1,3,0,0,"F"
0,2,1,0,"BX","adamw002","","robed004","8/L+","T",1,0,1,0,3,"F"
1,0,2,0,".BBX","","","","9/F9LF","T",1,0,0,0,0,"F"
1,1,3,2,"CSBBBFX","","","","53/G","T",1,0,0,0,0,"F"
1,2,3,1,".SBBBX","","","","63/G","T",1,0,0,0,0,"F"
0,0,0,0,".X","","","","S9/G","T",0,1,0,0,0,"F"
0,0,1,1,"F1BX","duffm002","","","65(1)/FO/G","T",1,1,0,0,0,"F"
0,1,2,2,"1F1FBBS","bauej001","","","K","T",1,0,1,0,0,"F"
0,2,3,2,"BBBCC>T","bauej001","","","K","T",1,0,1,0,0,"F"
1,0,1,0,"BX","","","","63/G","T",1,0,0,0,0,"F"
1,1,1,1,"BFX","","","","53/G","T",1,0,0,0,0,"F"
1,2,1,0,"BX","","","","63/G","T",1,0,0,0,0,"F"
0,0,1,2,".SBCS","","","","K","T",1,0,0,0,0,"F"
0,1,3,1,"BFBBX","","","","9/F","T",1,0,0,0,0,"F"
0,2,1,0,"BX","","","","13/G-","T",1,0,0,0,0,"F"
1,0,1,1,"BCX","","","","13/G-","T",1,0,0,0,0,"F"
1,1,1,1,"BCX","","","","63/G","T",1,0,0,0,0,"F"
1,2,3,0,"BBBB","","","","W","T",0,1,0,0,0,"F"
1,2,1,2,"BCC>FX","rojam002","","","8/F","T",1,0,1,0,0,"F"
0,0,0,2,"..CSFS","","","","K23","T",1,0,0,0,0,"F"
0,1,2,2,"BCCBFFT","","","","K","T",1,0,0,0,0,"F"
0,2,2,2,"FCBFBX","","","","S8/G","T",0,1,0,0,0,"F"
0,2,0,1,"1CX","duffm002","","","S8/G.1-2","T",0,1,2,0,0,"F"
0,2,3,0,"BBBB","bauej001","duffm002","","W.2-3;1-2","T",0,1,2,3,0,"F"
0,2,3,2,"BCBCB>T","ramow001","bauej001","duffm002","K","T",1,0,1,2,3,"F"
1,0,0,1,"...FX","","","","63/G","T",1,0,0,0,0,"F"
1,1,2,1,".BBFH","","","","HP","T",0,1,0,0,0,"F"
1,1,3,1,"BBBC1B","dietd001","","","W.1-2","T",0,1,2,0,0,"F"
1,1,1,0,"BX","casts001","dietd001","","9/F9LF.2-3","T",1,0,1,3,0,"F"
1,2,0,0,">B","casts001","","dietd001","DI.1-2","F",0,0,2,0,3,"F"
1,2,3,2,">B.SBCFBFS","","casts001","dietd001","K","T",1,0,0,2,3,"F"
0,0,3,1,"...BBCBB","","","","W","T",0,1,0,0,0,"F"
0,0,0,2,"FFX","robed004","","","7/F","T",1,0,1,0,0,"F"
0,1,2,1,"1B1FB>S","robed004","","","CS2(24)","F",1,0,0,0,0,"F"
0,2,2,2,"1B1FB>S.C","","","","K","T",1,0,0,0,0,"F"
1,0,2,2,".CBFBX","","","","63/G","T",1,0,0,0,0,"F"
1,1,3,2,"BBCBCFX","","","","8/L","T",1,0,0,0,0,"F"
1,2,3,1,"BCBBX","","","","S4/P","T",0,1,0,0,0,"F"
1,2,1,2,"1C1*B1CS","rojam002","","","K23","T",1,0,1,0,0,"F"
0,0,0,0,"X","","","","7/F","T",1,0,0,0,0,"F"
0,1,3,2,"CBBCBX","","","","3/G","T",1,0,0,0,0,"F"
0,2,0,2,"CSX","","","","8/L","T",1,0,0,0,0,"F"
1,0,3,2,"CBBBSFS","","","","K","T",1,0,0,0,0,"F"
1,1,1,2,"FBSX","","","","S8/L","T",0,1,0,0,0,"F"
1,1,1,2,"BF>FX","dietd001","","","9/F","T",1,0,1,0,0,"F"
1,2,0,0,".11","dietd001","","","PO1(E3).1-2","F",0,0,2,0,0,"F"
1,2,2,2,".11.CSB*BFX","","dietd001","","3/P3F","T",1,0,0,2,0,"F"
0,0,2,2,".CBBSS","","","","K","T",1,0,0,0,0,"F"
0,1,0,0,"X","","","","7/F","T",1,0,0,0,0,"F"
0,2,1,2,"CBCC","","","","K","T",1,0,0,0,0,"F"
1,0,0,2,".CFS","","","","K","T",1,0,0,0,0,"F"
1,1,1,2,"CBTT","","","","K","T",1,0,0,0,0,"F"
1,2,1,2,"CSBC","","","","K","T",1,0,0,0,0,"F"
0,0,0,1,"...FH","","","","HP","T",0,1,0,0,0,"F"
0,0,3,2,"C1*BB*BF>F>X","robed004","","","S9/L.1-3","T",0,1,3,0,0,"F"
0,0,0,2,"SSX","hecha001","","robed004","9/F","T",1,0,1,0,3,"F"
0,1,0,0,"X","hecha001","","robed004","3/BL-/DP.3X3(35)","T",2,0,1,0,0,"F"
1,0,1,2,"CFFFBX","","","","43/G","T",1,0,0,0,0,"F"
1,1,0,0,"X","","","","43/G","T",1,0,0,0,0,"F"
1,2,3,1,"BSBBX","","","","53/G","T",1,0,0,0,0,"F"
0,0,1,0,"BX","","","","31/G-","T",1,0,0,0,0,"F"
0,1,2,2,"BFFBX","","","","43/G","T",1,0,0,0,0,"F"
0,2,1,2,"BCCS","","","","K","T",1,0,0,0,0,"F"
1,0,0,2,".FFS","","","","K","T",1,0,0,0,0,"F"
1,1,2,2,"CFBBX","","","","63/G","T",1,0,0,0,0,"F"
1,2,3,2,"BBFBCFX","","","","63/G","T",1,0,0,0,0,"F"
0,0,3,2,"CBBFBX","","","","13/G","T",1,0,0,0,0,"F"
0,1,0,0,"X","","","","S7/G.BX2(74)","T",1,0,0,0,0,"F"
0,2,3,1,"BBSBB","","","","W","T",0,1,0,0,0,"F"
0,2,1,2,"B1FFFX","robed004","","","63/G","T",1,0,1,0,0,"F"
1,0,0,0,"X","","","","D7/G","T",0,2,0,0,0,"F"
1,0,1,2,"LBLX","","realj001","","2/BP2F","T",1,0,0,2,0,"F"
1,1,1,2,"BF2FFS","","realj001","","K","T",1,0,0,2,0,"F"
1,2,3,0,"VVVV","","realj001","","IW","T",0,1,0,2,0,"F"
1,2,0,0,"X","rojam002","realj001","","7/F","T",1,0,1,2,0,"F"
0,0,1,0,"BX","","","","S8/L","T",0,1,0,0,0,"F"
0,0,0,1,"F1H","fielj003","","","HP.1-2","T",0,1,2,0,0,"F"
0,0,0,0,"X","gomec002","fielj003","","64(1)5(2)/GDP","T",2,1,0,0,0,"F"
0,2,1,2,"C>F1*B+1>B","kierk001","","","SB2","F",0,0,2,0,0,"F"
0,2,3,2,"C>F1*B+1>B.*BB","","kierk001","","W","T",0,1,0,2,0,"F"
0,2,1,1,"BCX","duffm002","kierk001","","D9/L+.2-H;1-H","T",0,2,4,4,0,"F"
0,2,3,0,"VVVV","","bauej001","","IW","T",0,1,0,2,0,"F"
0,2,1,0,"BX","ramow001","bauej001","","S9/L.2-H;1-2","T",0,1,2,4,0,"F"
0,2,3,2,"CBC.BFBFX","eovan001","ramow001","","D9/L.2-H;1-H","T",0,2,4,4,0,"F"
0,2,0,2,"CSX","","robed004","","4/L","T",1,0,0,2,0,"F"
1,0,0,2,".FFX","","","","S8/G","T",0,1,0,0,0,"F"
1,0,0,0,"X","brinl001","","","S8/G.1-2","T",0,1,2,0,0,"F"
1,0,1,2,"FBFX","dietd001","brinl001","","S7/G.2-3;1-2","T",0,1,2,3,0,"F"
1,0,3,2,"BSBFBX","casts001","dietd001","brinl001","8/F/SF.3-H;2-3","T",1,0,1,3,4,"F"
1,1,1,1,".CBX","casts001","","dietd001","54(1)/FO/G.3-H","T",1,1,0,0,4,"F"
1,2,0,0,".>B","realj001","","","DI.1-2","F",0,0,2,0,0,"F"
1,2,3,2,".>B.BCBCFB","","realj001","","W","T",0,1,0,2,0,"F"
1,2,2,1,"BCBX","strad003","realj001","","43/G","T",1,0,1,2,0,"F"
0,0,2,2,"FBFBX","","","","6/P","T",1,0,0,0,0,"T"
0,1,2,2,"CBFBS","","","","K","T",1,0,0,0,0,"F"
0,2,3,2,"BFCBBC","","","","K","T",1,0,0,0,0,"F"
1,0,0,2,"CFFFS","","","","K","T",1,0,0,0,0,"F"
1,1,0,1,"SX","","","","53/G-","T",1,0,0,0,0,"F"
1,2,3,1,"BBBCB","","","","W","T",0,1,0,0,0,"F"
1,2,3,2,"BBCBF>F>B","bourj002","","","W.1-2","T",0,1,2,0,0,"F"
1,2,2,2,"*BFFF*BX","casts001","bourj002","","S7/L.2-3;1-2","T",0,1,2,3,0,"F"
1,2,0,1,"CX","riddj001","casts001","bourj002","43/G","T",1,0,1,2,3,"F"
0,0,3,2,"BCBSBX","","","","D7/L+","T",0,2,0,0,0,"F"
0,0,3,1,"BBFBB","","cronc002","","W","T",0,1,0,2,0,"F"
0,0,0,2,"LLS","wendj002","cronc002","","K","T",1,0,1,2,0,"F"
0,1,0,0,"X","wendj002","cronc002","","54(1)3/GDP","T",2,0,0,2,0,"F"
1,0,1,0,"BX","","","","8/L","T",1,0,0,0,0,"F"
1,1,0,2,"CCS","","","","K","T",1,0,0,0,0,"F"
1,2,0,2,"CMFS","","","","K","T",1,0,0,0,0,"F"
0,0,3,2,"BBBCFX","","","","S7/G","T",0,1,0,0,0,"F"
0,0,3,2,".CFFBBBFFX","sucrj001","","","64(1)/FO/G","T",1,1,0,0,0,"F"
0,1,1,0,"1B11X","fielj003","","","46(1)/FO/G","T",1,1,0,0,0,"F"
0,2,2,0,"BB>C","kierk001","","","CS2(24)","F",1,0,0,0,0,"F"
1,0,1,0,".BX","","","","9/F","T",1,0,0,0,0,"F"
1,1,0,2,"CCC","","","","K","T",1,0,0,0,0,"F"
1,2,3,1,"BFBBB","","","","W","T",0,1,0,0,0,"F"
1,2,1,1,"BCX","bourj002","","","S7/G.1-2","T",0,1,2,0,0,"F"
1,2,0,1,"CX","casts001","bourj002","","63/G","T",1,0,1,2,0,"F"
0,0,3,2,"FBFFBFBS","","","","K","T",1,0,0,0,0,"F"
0,1,0,1,"FX","","","","8/F","T",1,0,0,0,0,"F"
0,2,2,1,"CBBX","","","","63/G","T",1,0,0,0,0,"F"
1,0,0,1,"CX","","","","3/G","T",1,0,0,0,0,"F"
1,1,0,0,"X","","","","4/L","T",1,0,0,0,0,"F"
1,2,1,0,"BX","","","","9/F","T",1,0,0,0,0,"F"
0,0,1,0,"BX","","","","S9/L","T",0,1,0,0,0,"F"
0,0,0,1,"F1X","wendj002","","","9/F","T",1,0,1,0,0,"F"
0,1,3,2,"CBFBB>S","wendj002","","","K+SB2","T",1,0,2,0,0,"F"
0,2,3,0,"VVVV","","wendj002","","IW","T",0,1,0,2,0,"F"
0,2,0,2,"FFS","sucrj001","wendj002","","K","T",1,0,1,2,0,"F"
1,0,0,1,".CX","","","","9/F","T",1,0,0,0,0,"F"
1,1,1,1,"CBX","","","","63/G","T",1,0,0,0,0,"F"
1,2,1,2,"CBFX","","","","63/G","T",1,0,0,0,0,"F"
0,0,1,2,".CBSS","","","","K","T",1,0,0,0,0,"F"
0,1,2,2,"CBFBFS","","","","K","T",1,0,0,0,0,"F"
0,2,0,0,"X","","","","13/G-","T",1,0,0,0,0,"F"
1,0,2,1,"BBSX","","","","43/G","T",1,0,0,0,0,"F"
1,1,1,2,"CCBFFFX","","","","S8/L","T",0,1,0,0,0,"F"
1,1,0,0,"1X","casts001","","","T8/F.1-H","T",0,3,4,0,0,"F"
1,1,2,1,"BBCX","","","riddj001","FC6/G.3-H","T",0,1,0,0,4,"F"
1,1,0,0,"1>S","shucj001","","","CS2(24)","F",1,0,0,0,0,"F"
1,2,0,2,"1>S.FX","","","","3/G","T",1,0,0,0,0,"F"
0,0,2,1,"BBCX","","","","53/G","T",1,0,0,0,0,"F"
0,1,1,1,"BSX","","","","S9/G","T",0,1,0,0,0,"F"
0,1,3,2,"BCTB1B>X","wendj002","","","9/F/DP.1X1(93)","T",2,0,0,0,0,"F"
1,0,0,0,"X","","","","9/L","T",1,0,0,0,0,"F"
1,1,0,0,".X","","","","S7/L","T",0,1,0,0,0,"F"
1,1,0,1,"CX","maybc001","","","7/F","T",1,0,1,0,0,"F"
1,2,0,1,"F1H","maybc001","","","HP.1-2","T",0,1,2,0,0,"F"
1,2,2,1,"CBBX","andeb006","maybc001","","43/G","T",1,0,1,2,0,"F"
0,0,3,0,"...BBBB","","","","W","T",0,1,0,0,0,"F"
0,0,0,1,"CX","smitm007","","","8/F","T",1,0,1,0,0,"F"
0,1,2,1,".1C1B+1BX","smitm007","","","54(1)3/GDP","T",2,0,0,0,0,"F"
1,0,0,2,"....CCFS","","","","K","T",1,0,0,0,0,"F"
1,1,3,1,"BFBBX","","","","HR/9/F","T",0,4,0,0,0,"F"
1,1,3,2,"BFCBBFS","","","","K","T",1,0,0,0,0,"F"
1,2,3,2,"SBBSBX","","","","43/G","T",1,0,0,0,0,"F"
0,0,0,0,".X","","","","3/G","T",1,0,0,0,0,"F"
0,1,3,2,"CBCBBB","","","","W","T",0,1,0,0,0,"F"
0,1,2,2,"BFCBX","robed004","","","13/G-.1-2","T",1,0,2,0,0,"F"
0,2,2,2,"SFFFBBS","","robed004","","K","T",1,0,0,2,0,"F"
0,0,2,2,"CBBFS","","","","K","T",1,0,0,0,0,"T"
0,1,1,2,"FCBFX","","","","31/G","T",1,0,0,0,0,"F"
0,2,2,2,"FFBBX","","","","S7/G","T",0,1,0,0,0,"F"
0,2,1,1,"1BCX","yelic001","","","7/F","T",1,0,1,0,0,"F"
1,0,0,0,"X","","","","D8/L+","T",0,2,0,0,0,"F"
1,0,1,2,"FF*BX","","casts001","","9/L","T",1,0,0,2,0,"F"
1,1,1,2,"BFFX","","casts001","","63/G.2-3","T",1,0,0,3,0,"F"
1,2,2,2,"CFFBBS","","","casts001","K","T",1,0,0,0,3,"F"
0,0,2,1,"BCBX","","","","3/G","T",1,0,0,0,0,"F"
0,1,2,1,"BBFX","","","","63/G+","T",1,0,0,0,0,"F"
0,2,2,2,"BCBFS","","","","K","T",1,0,0,0,0,"F"
1,0,0,0,"X","","","","S9/G","T",0,1,0,0,0,"F"
1,0,1,1,"BFX","riddj001","","","64(1)3/GDP","T",2,0,0,0,0,"F"
1,2,1,2,"CBFX","","","","S15/G","T",0,1,0,0,0,"F"
1,2,1,0,"B>B","maybc001","","","SB2","F",0,0,2,0,0,"F"
1,2,3,1,"B>B.CBB","","maybc001","","W","T",0,1,0,2,0,"F"
1,2,2,1,"BBSX","holab001","maybc001","","13/BG","T",1,0,1,2,0,"F"
0,0,1,1,"CBX","","","","63/G","T",1,0,0,0,0,"F"
0,1,0,1,"CX","","","","13/G-","T",1,0,0,0,0,"F"
0,2,3,2,"BFFBBX","","","","T9/F","T",0,3,0,0,0,"F"
0,2,0,0,"X","","","thame001","S9/G+.3-H","T",0,1,0,0,4,"F"
0,2,0,1,"11SX","cainl001","","","6(1)/FO/G","T",1,1,0,0,0,"F"
1,0,2,2,"BFBCS","","","","K","T",1,0,0,0,0,"F"
1,1,0,1,"FX","","","","S7/L+","T",0,1,0,0,0,"F"
1,1,3,2,"B1BBCC>FX","andeb006","","","S9/L.1-2","T",0,1,2,0,0,"F"
1,1,2,2,"C*BCBFFX","bourj002","andeb006","","5/L/DP.2X2(5)","T",2,0,1,0,0,"F"
0,0,3,1,"FBBBX","","","","HR/7/F","T",0,4,0,0,0,"F"
0,0,1,0,"BX","","","","31/G","T",1,0,0,0,0,"F"
0,1,3,2,"BSBCBC","","","","K","T",1,0,0,0,0,"F"
0,2,2,1,"CBBX","","","","S7/L+","T",0,1,0,0,0,"F"
0,2,1,0,"B>C","pereh001","","","CS2(24)","F",1,0,0,0,0,"F"
1,0,3,2,"BBBCFB","","","","W","T",0,1,0,0,0,"F"
1,0,1,0,"1BX","riddj001","","","E3/TH/FO/G.1-2","T",0,1,2,0,0,"F"
1,0,1,0,"BX","coopg002","riddj001","","S6/G.2-3;1-2","T",0,1,2,3,0,"F"
1,0,0,0,"X","maybc001","coopg002","riddj001","7/F/SF.3-H(UR)","T",1,0,1,2,5,"F"
1,1,0,2,"LLC","maybc001","coopg002","","K","T",1,0,1,2,0,"F"
1,2,2,2,"BBCSX","maybc001","coopg002","","64(1)/FO/G","T",1,1,0,2,0,"F"
0,0,1,2,"CFBX","","","","S7/F","T",0,1,0,0,0,"F"
0,0,0,1,"LX","nottj001","","","16(1)/FO/BG-","T",1,1,0,0,0,"F"
0,1,2,2,"B*BCFFX","andec001","","","1/L+/DP.1X1(13)","T",2,0,0,0,0,"F"
1,0,2,1,"BBSX","","","","8/F+","T",1,0,0,0,0,"F"
1,1,3,2,"CSFBFBFBFFFFS","","","","K","T",1,0,0,0,0,"F"
1,2,0,2,"CFX","","","","S9/L","T",0,1,0,0,0,"F"
1,2,1,2,"CS*BX","pradm001","","","S9/L.1-2","T",0,1,2,0,0,"F"
1,2,1,0,".*BX","riddj001","pradm001","","43/G","T",1,0,1,2,0,"F"
0,0,3,2,"BSBCBX","","","","S8/L+","T",0,1,0,0,0,"F"
0,0,2,2,"C1B+1C>FFBT","cainl001","","","K","T",1,0,1,0,0,"F"
0,1,3,0,"BBB>C","cainl001","","","SB2","F",0,0,2,0,0,"F"
0,1,3,2,"BBB>C.CB","","cainl001","","W","T",0,1,0,2,0,"F"
0,1,1,1,"CBX","aguij001","cainl001","","8/F.2-3","T",1,0,1,3,0,"F"
0,2,0,1,"..FX","aguij001","","cainl001","43/G","T",1,0,1,0,3,"F"
1,0,0,2,"CCX","","","","13/G-","T",1,0,0,0,0,"F"
1,1,2,2,"BSCBC","","","","K","T",1,0,0,0,0,"F"
1,2,2,1,"SBBX","","","","7/F","T",1,0,0,0,0,"F"
0,0,1,2,"BFFS","","","","K","T",1,0,0,0,0,"F"
0,1,2,2,"CSBBX","","","","D7/L","T",0,2,0,0,0,"F"
0,1,1,2,".BFFS","","nottj001","","K","T",1,0,0,2,0,"F"
0,2,1,0,"*BX","","nottj001","","31/G+","T",1,0,0,2,0,"F"
1,0,3,2,"..FSFBFFFFBBX","","","","HR/78/L+","T",0,4,0,0,0,"F"
1,0,0,0,"X","","","","HR/8/F+","T",0,4,0,0,0,"F"
1,0,1,2,"CBSS","","","","K","T",1,0,0,0,0,"F"
1,1,3,1,"BCBBX","","","","S8/L.BX2(84)","T",1,0,0,0,0,"F"
1,2,0,1,"SX","","","","31/G","T",1,0,0,0,0,"F"
0,0,2,2,"..BCSBX","","","","S8/L","T",0,1,0,0,0,"F"
0,0,0,2,"CSX","cainl001","","","46(1)/FO/G","T",1,1,0,0,0,"F"
0,1,0,1,"1C*B","yelic001","","","SB2","F",0,0,2,0,0,"F"
0,1,3,2,"1C*B.BS2BC","","yelic001","","K","T",1,0,0,2,0,"F"
0,2,0,0,"X","","yelic001","","S9/L.2-H;B-2(TH)","T",0,2,0,4,0,"F"
0,2,3,0,"VVVV","","shawt001","","IW","T",0,1,0,2,0,"F"
0,2,1,1,"BFX","millb002","shawt001","","64(1)/FO/G","T",1,1,0,2,0,"F"
1,0,0,0,"X","","","","S4/BG","T",0,1,0,0,0,"F"
1,0,3,0,"B1BBB","rojam002","","","W.1-2","T",0,1,2,0,0,"F"
1,0,0,0,"X","maybc001","rojam002","","54/BG/SH.2-3;1-2","T",1,0,2,3,0,"F"
1,1,2,2,"BCFFBS","","maybc001","rojam002","K","T",1,0,0,2,3,"F"
1,2,1,0,"..BX","","maybc001","rojam002","3/P","T",1,0,0,2,3,"F"
0,0,3,2,".SBBBSS","","","","K","T",1,0,0,0,0,"F"
0,1,1,1,"CBX","","","","43/G","T",1,0,0,0,0,"F"
0,2,2,1,"BBSX","","","","9/F","T",1,0,0,0,0,"F"
1,0,1,2,"CCFBFX","","","","9/F","T",1,0,0,0,0,"F"
1,1,3,1,".BSBBX","","","","8/F","T",1,0,0,0,0,"F"
1,2,0,1,"CX","","","","43/G","T",1,0,0,0,0,"F"
0,0,3,2,"..BBCBCB","","","","W","T",0,1,0,0,0,"F"
0,0,0,0,"X","cainl001","","","S7/G.1-3;B-2(TH)","T",0,2,3,0,0,"F"
0,0,0,2,"FFS","","yelic001","cainl001","K","T",1,0,0,2,3,"F"
0,1,3,0,"VVVV","","yelic001","cainl001","IW","T",0,1,0,2,3,"F"
0,1,0,0,"X","shawt001","yelic001","cainl001","64(1)3/GDP","T",2,0,0,2,3,"F"
1,0,3,2,"..BBBCSX","","","","3/G","T",1,0,0,0,0,"F"
1,1,2,2,"CBBFH","","","","HP","T",0,1,0,0,0,"F"
1,1,3,0,"11BB1BB","rojam002","","","W.1-2","T",0,1,2,0,0,"F"
1,1,0,0,">B","maybc001","rojam002","","SB3;SB2","F",0,0,2,3,0,"F"
1,1,1,1,">B.FX","","maybc001","rojam002","S8/G.3-H;2-3","T",0,1,0,3,4,"F"
0,0,0,1,"CX","","","","S5/G","T",0,1,0,0,0,"T"
0,0,0,0,"X","thame001","","","D7/L+.1-3","T",0,2,3,0,0,"F"
0,0,3,0,"BBBB","","yelic001","thame001","W","T",0,1,0,2,3,"F"
0,0,1,0,"*BX","aguij001","yelic001","thame001","6(1)/FO/G.3-H;2-3","T",1,1,0,3,4,"F"
0,1,1,2,"CBS1FFFF1FS","shawt001","","yelic001","K","T",1,0,1,0,3,"F"
0,2,2,2,"BBCSF>B","shawt001","","yelic001","SB2","F",0,0,2,0,3,"F"
0,2,3,2,"BBCSF>B.S","","shawt001","yelic001","K","T",1,0,0,2,3,"F"
1,0,1,0,"BX","","","","D9/L+","T",0,2,0,0,0,"F"
1,0,0,1,"CX","","dietd001","","53/G","T",1,0,0,2,0,"F"
1,1,3,0,"B*BBB","","dietd001","","W","T",0,1,0,2,0,"F"
1,1,0,1,"CX","casts001","dietd001","","S8/L+.2-H;1-3","T",0,1,3,4,0,"F"
1,1,2,1,"BBCX","coopg002","","casts001","S8/F.3-H;1-2","T",0,1,2,0,4,"F"
1,1,1,2,"BCSS","riddj001","coopg002","","K","T",1,0,1,2,0,"F"
1,2,1,2,"BCFX","riddj001","coopg002","","4/P","T",1,0,1,2,0,"F"
0,0,1,1,"BCX","","","","S1/G-","T",0,1,0,0,0,"F"
0,0,2,1,"BF1BX","broxk001","","","43/G.1-2","T",1,0,2,0,0,"F"
0,1,1,2,"CSBX","","broxk001","","FC6/G.2X3(65)","T",1,1,0,0,0,"F"
0,2,0,0,"X","chacj001","","","D9/L+.1-3","T",0,2,3,0,0,"F"
0,2,1,0,"BX","","thame001","chacj001","S8/L.3-H;2-H","T",0,1,0,4,4,"F"
0,2,3,2,"BCBBC>F>F>F>B","yelic001","","","W.1-2","T",0,1,2,0,0,"F"
0,2,0,0,"B","aguij001","yelic001","","WP.2-3;1-2","F",0,0,2,3,0,"F"
0,2,3,0,"B.VVV","","aguij001","yelic001","IW","T",0,1,0,2,3,"F"
0,2,0,1,"CX","shawt001","aguij001","yelic001","S7/L.3-H;2-H;1X3(756)","T",1,1,0,4,4,"F"
1,0,1,2,"CBFX","","","","S9/L","T",0,1,0,0,0,"F"
1,0,3,1,"LBBBX","holab001","","","S7/L+.1-3","T",0,1,3,0,0,"F"
1,0,0,1,"CX","lopep002","","holab001","7/F7LF/SF.3-H","T",1,0,1,0,4,"F"
1,1,1,2,"BFFX","lopep002","","","S8/F.1-2","T",0,1,2,0,0,"F"
1,1,1,1,"BCX","andeb006","lopep002","","E6/TH/FO/G.2-3;1-2","T",0,1,2,3,0,"F"
1,1,1,2,"BCST","casts001","andeb006","lopep002","K","T",1,0,1,2,3,"F"
1,2,2,1,"BFBX","casts001","andeb006","lopep002","43/G","T",1,0,1,2,3,"F"
0,0,0,0,"X","","","","43/G","T",1,0,0,0,0,"F"
0,1,3,2,"CBBFBFC","","","","K","T",1,0,0,0,0,"F"
0,2,1,2,"CSBFFX","","","","53/G","T",1,0,0,0,0,"F"
1,0,3,2,"CBFBBX","","","","13/G-","T",1,0,0,0,0,"F"
1,1,1,2,"CBCX","","","","53/G","T",1,0,0,0,0,"F"
1,2,0,0,"X","","","","63/G","T",1,0,0,0,0,"F"
0,0,1,1,"BFX","","","","5/P","T",1,0,0,0,0,"F"
0,1,0,1,"CX","","","","43/G","T",1,0,0,0,0,"F"
0,2,1,2,"CSBC","","","","K","T",1,0,0,0,0,"F"
1,0,3,2,"BBBCFB","","","","W","T",0,1,0,0,0,"F"
1,0,0,0,"X","lopep002","","","S9/L+.1-3;BX2(96)","T",1,0,3,0,0,"F"
1,1,0,0,"X","","","lopep002","63/G.3-H","T",1,0,0,0,4,"F"
1,2,1,1,"BCX","","","","8/F","T",1,0,0,0,0,"F"
0,0,3,2,"BFBCBX","","","","6/P","T",1,0,0,0,0,"F"
0,1,2,2,"BBSSX","","","","3E1/G","T",0,1,0,0,0,"F"
0,1,1,1,"C*BX","shawt001","","","64(1)/FO/G","T",1,1,0,0,0,"F"
0,2,0,1,"C>S","salat001","","","CS2(26)","F",1,0,0,0,0,"F"
1,0,1,2,"CBFS","","","","K","T",1,0,0,0,0,"F"
1,1,0,0,"X","","","","31/G","T",1,0,0,0,0,"F"
1,2,1,2,"BCFX","","","","6/L","T",1,0,0,0,0,"F"
0,0,0,2,"CCFS","","","","K","T",1,0,0,0,0,"F"
0,1,2,1,"SBBX","","","","9/F","T",1,0,0,0,0,"F"
0,2,1,2,"CSBFT","","","","K","T",1,0,0,0,0,"F"
1,0,1,1,"BFX","","","","63/G","T",1,0,0,0,0,"F"
1,1,3,2,"BSCFBBX","","","","63/G","T",1,0,0,0,0,"F"
1,2,3,1,".BBFBB","","","","W","T",0,1,0,0,0,"F"
1,2,1,0,".1BX","rivey001","","","63/G","T",1,0,1,0,0,"F"
0,0,1,2,"..FSBX","","","","8/F","T",1,0,0,0,0,"F"
0,1,0,2,"SSS","","","","K","T",1,0,0,0,0,"F"
0,2,3,2,"BFBBFX","","","","43/G","T",1,0,0,0,0,"F"
1,0,0,2,".CCX","","","","S8/G","T",0,1,0,0,0,"F"
1,0,3,2,"*BCBBC>S","andeb006","","","K+CS2(24)/DP","T",2,0,0,0,0,"F"
1,2,3,2,"SCBFBBX","","","","S8/G","T",0,1,0,0,0,"F"
1,2,1,2,"*BCFFX","coopg002","","","63/G","T",1,0,1,0,0,"F"
0,0,2,2,".CFFFBBX","","","","13/G-","T",1,0,0,0,0,"F"
0,1,3,2,"CBBBFX","","","","HR/9/F","T",0,4,0,0,0,"F"
0,1,0,1,"CX","","","","8/L","T",1,0,0,0,0,"F"
0,2,2,2,"CCFBBS","","","","K","T",1,0,0,0,0,"F"
1,0,2,2,"..BFFBFX","","","","63/G","T",1,0,0,0,0,"F"
1,1,1,0,"BX","","","","8/L+","T",1,0,0,0,0,"F"
1,2,0,2,"FSFS","","","","K","T",1,0,0,0,0,"F"
0,0,2,1,".BBFX","","","","9/F","T",1,0,0,0,0,"F"
0,1,0,0,"X","","","","D7/L+","T",0,2,0,0,0,"F"
0,1,3,2,"CBSB+2FFFBFH","","krate001","","HP","T",0,1,0,2,0,"F"
0,1,1,2,"SSFBS","villj001","krate001","","K","T",1,0,1,2,0,"F"
0,2,1,2,"CSFBX","villj001","krate001","","D7/G.2-H;1-H;B-3(TH)","T",0,3,4,4,0,"F"
0,2,1,2,"CSBS","","","yelic001","K","T",1,0,0,0,3,"F"
1,0,3,2,"..CBBBFFX","","","","63/G","T",1,0,0,0,0,"F"
1,1,0,2,"CSX","","","","53/G","T",1,0,0,0,0,"F"
1,2,1,1,"CBX","","","","9/F","T",1,0,0,0,0,"F"
0,0,3,0,"BBBB","","","","W","T",0,1,0,0,0,"T"
0,0,1,0,"B1","thame001","","","PO1(E1).1-2","F",0,0,2,0,0,"F"
0,0,3,2,"B1.CBCBS","","thame001","","K","T",1,0,0,2,0,"F"
0,1,1,2,"2BSFT","","thame001","","K","T",1,0,0,2,0,"F"
0,2,0,2,"CFX","","thame001","","D7/L.2-H(UR)","T",0,2,0,5,0,"F"
0,2,2,1,"BBCX","","aguij001","","5/P5F","T",1,0,0,2,0,"F"
1,0,3,2,"BBCFFBFX","","","","8/F","T",1,0,0,0,0,"F"
1,1,1,2,"BCFX","","","","4/P","T",1,0,0,0,0,"F"
1,2,3,2,"BBCBFFFX","","","","9/F","T",1,0,0,0,0,"F"
0,0,2,2,"CSBBFS","","","","K","T",1,0,0,0,0,"F"
0,1,0,1,"CX","","","","8/F","T",1,0,0,0,0,"F"
0,2,1,1,"CBX","","","","4/P3F","T",1,0,0,0,0,"F"
1,0,2,2,"BFBFS","","","","K","T",1,0,0,0,0,"F"
1,1,1,2,"CFBC","","","","K","T",1,0,0,0,0,"F"
1,2,3,2,"CBFBFFBX","","","","53/G","T",1,0,0,0,0,"F"
0,0,0,2,"CFX","","","","6/P","T",1,0,0,0,0,"F"
0,1,1,2,"BCFX","","","","D9/L","T",0,2,0,0,0,"F"
0,1,1,2,"BFCS","","thame001","","K","T",1,0,0,2,0,"F"
0,2,1,2,"SSBX","","thame001","","S68/L+.2-H","T",0,1,0,4,0,"F"
0,2,1,1,"B1F1>B","yelic001","","","CS2(24)","F",1,0,0,0,0,"F"
1,0,2,2,"BCBFX","","","","9/F","T",1,0,0,0,0,"F"
1,1,3,2,"BCBBCB","","","","W","T",0,1,0,0,0,"F"
1,1,1,2,"BLLL","holab001","","","K/BF","T",1,0,1,0,0,"F"
1,2,0,2,"CSFB","holab001","","","WP.1-2","F",0,0,2,0,0,"F"
1,2,1,2,"CSFB.C","","holab001","","K","T",1,0,0,2,0,"F"
0,0,2,2,"CFFFBFBFX","","","","S9/L","T",0,1,0,0,0,"F"
0,0,3,2,"FBSBBB","aguij001","","","W.1-2","T",0,1,2,0,0,"F"
0,0,0,2,"CFS","shawt001","aguij001","","K","T",1,0,1,2,0,"F"
0,1,0,2,"FCX","shawt001","aguij001","","8/F","T",1,0,1,2,0,"F"
0,2,2,2,"SSFB*BC","shawt001","aguij001","","K","T",1,0,1,2,0,"F"
1,0,1,2,"FBSX","","","","T8/L","T",0,3,0,0,0,"F"
1,0,3,1,"FBBBX","","","andeb006","8/F/SF.3-H","T",1,0,0,0,4,"F"
1,1,2,2,"CBBFX","","","","HR/89/F","T",0,4,0,0,0,"F"
1,1,2,0,"BBX","","","","8/L","T",1,0,0,0,0,"F"
1,2,1,1,"CBX","","","","S9/G","T",0,1,0,0,0,"F"
1,2,3,2,"BB1FF>F*B>B","rojam002","","","W.1-2","T",0,1,2,0,0,"F"
1,2,2,1,"SBBH","maybc001","rojam002","","HP.2-3;1-2","T",0,1,2,3,0,"F"
1,2,3,1,"CB*BBB","holab001","maybc001","rojam002","W.3-H;2-3;1-2","T",0,1,2,3,4,"F"
1,2,0,2,"..FFFX","strad003","holab001","maybc001","8/F","T",1,0,1,2,3,"F"
0,0,0,2,"CFX","","","","63/G","T",1,0,0,0,0,"F"
0,1,1,2,"BSFX","","","","8/L","T",1,0,0,0,0,"F"
0,2,1,0,"BX","","","","9/L","T",1,0,0,0,0,"F"
1,0,2,2,"BBCFT","","","","K","T",1,0,0,0,0,"F"
1,1,0,0,"X","","","","53/G","T",1,0,0,0,0,"F"
1,2,1,2,"CBFS","","","","K","T",1,0,0,0,0,"F"
0,0,2,2,"BBCFS","","","","K","T",1,0,0,0,0,"F"
0,1,1,1,"CBX","","","","63/G","T",1,0,0,0,0,"F"
0,2,3,2,"CFBBBFX","","","","9/F","T",1,0,0,0,0,"F"
1,0,2,2,"CSBBX","","","","S9/G","T",0,1,0,0,0,"F"
1,0,1,0,"1*BX","pradm001","","","E5/FO/G.1-2","T",0,1,2,0,0,"F"
1,0,1,0,"B*B","rojam002","pradm001","","OA.2-3;1X2(24)","F",1,0,0,3,0,"F"
1,1,3,1,"B*B.F*BB","","","pradm001","W","T",0,1,0,0,3,"F"
1,1,1,0,"11B>C","maybc001","","pradm001","SB2","F",0,0,2,0,3,"F"
1,1,1,2,"11B>C.CX","","maybc001","pradm001","S7/G.3-H(UR);2-3","T",0,1,0,3,5,"F"
1,1,1,2,".C1FBFF1S","holab001","","maybc001","K","T",1,0,1,0,3,"F"
1,2,0,2,"..CSX","holab001","","maybc001","43/G","T",1,0,1,0,3,"F"
0,0,0,0,"..H","","","","HP","T",0,1,0,0,0,"F"
0,0,2,1,"C*BB>S","salat001","","","CS2(24)","F",1,0,0,0,0,"F"
0,1,2,2,"C*BB>S.X","","","","53/G","T",1,0,0,0,0,"F"
0,2,2,2,"CBFBX","","","","S7/G+","T",0,1,0,0,0,"F"
0,2,0,0,"X","nottj001","","","46(1)/FO/G","T",1,1,0,0,0,"F"
1,0,3,0,"BBBB","","","","W","T",0,1,0,0,0,"F"
1,0,0,1,"CX","andeb006","","","54(1)/FO/G","T",1,1,0,0,0,"F"
1,1,2,2,"1CBF*BX","casts001","","","5/P5F","T",1,0,1,0,0,"F"
1,2,1,1,"F1BX","casts001","","","64(1)/FO/G","T",1,1,0,0,0,"F"
0,0,3,2,"...CBFBFBFFB","","","","W","T",0,1,0,0,0,"F"
0,0,0,0,"X","thame001","","","S9/F.1-2","T",0,1,2,0,0,"F"
0,0,0,2,"FFX","cainl001","thame001","","64(1)/FO/G.2-3","T",1,1,0,3,0,"F"
0,1,0,0,"X","yelic001","","thame001","D7/G.3-H;1-H","T",0,2,4,0,4,"F"
0,1,2,2,".CSBBS","","aguij001","","K","T",1,0,0,2,0,"F"
0,2,1,2,"CBSC","","aguij001","","K","T",1,0,0,2,0,"F"
1,0,0,0,".X","","","","9/F","T",1,0,0,0,0,"F"
1,1,0,2,"SCX","","","","43/G","T",1,0,0,0,0,"F"
1,2,2,0,"BBX","","","","8/F","T",1,0,0,0,0,"F"
0,0,3,2,".CFBBBB","","","","W","T",0,1,0,0,0,"F"
0,0,2,2,"1CSBBC","orf-n001","","","K","T",1,0,1,0,0,"F"
0,1,3,1,"CBB1BB","orf-n001","","","W.1-2","T",0,1,2,0,0,"F"
0,1,2,2,"BCBFS","villj001","orf-n001","","K","T",1,0,1,2,0,"F"
0,2,3,2,"BFBC*B*B","villj001","orf-n001","","W.2-3;1-2","T",0,1,2,3,0,"F"
0,2,2,2,"BF*BFS","cainl001","villj001","orf-n001","K","T",1,0,1,2,3,"F"
1,0,1,2,".BSSFC","","","","K","T",1,0,0,0,0,"F"
1,1,2,0,"BBX","","","","63/G","T",1,0,0,0,0,"F"
1,2,1,2,"BTCX","","","","S8/G","T",0,1,0,0,0,"F"
1,2,2,2,"B11FBF1F>B","andeb006","","","CS2(24)","F",1,0,0,0,0,"F"
0,0,0,2,".CCS","","","","K","T",1,0,0,0,0,"F"
0,1,2,2,".BSSBS","","","","K","T",1,0,0,0,0,"F"
0,2,1,2,"FSBX","","","","5/P5F","T",1,0,0,0,0,"F"
1,0,3,1,".BSBBX","","","","9/F","T",1,0,0,0,0,"F"
1,1,2,0,".BBX","","","","7/F","T",1,0,0,0,0,"F"
1,2,1,2,"BCCS","","","","K","T",1,0,0,0,0,"F"
0,0,1,2,"..CBSFFX","","","","63/G","T",1,0,0,0,0,"F"
0,1,1,2,"FFBC","","","","K","T",1,0,0,0,0,"F"
0,2,2,2,"BCSBX","","","","43/G","T",1,0,0,0,0,"F"
1,0,1,2,"CSBX","","","","53/G","T",1,0,0,0,0,"F"
1,1,1,2,"CFBFS","","","","K","T",1,0,0,0,0,"F"
1,2,0,0,"X","","","","8/L","T",1,0,0,0,0,"F"
0,0,1,2,"CBFS","","","","K","T",1,0,0,0,0,"F"
0,1,1,2,"FFBX","","","","S4/G","T",0,1,0,0,0,"F"
0,1,0,2,"FFX","cainl001","","","46(1)/FO/G","T",1,1,0,0,0,"F"
0,2,3,0,"BB*BB","yelic001","","","W.1-2","T",0,1,2,0,0,"F"
0,2,0,2,"CSS","aguij001","yelic001","","K","T",1,0,1,2,0,"F"
1,0,0,0,"X","","","","S9/L","T",0,1,0,0,0,"F"
1,0,1,0,"BX","coopg002","","","13/G-.1-2","T",1,0,2,0,0,"F"
1,1,3,0,"VVVV","","coopg002","","IW","T",0,1,0,2,0,"F"
1,1,0,0,"X","andeb006","coopg002","","S7/G.2-H;1-2","T",0,1,2,4,0,"F"
0,0,3,2,"BCBBCX","","","","8/L","T",1,0,0,0,0,"T"
0,1,2,2,"CSFBBFX","","","","7/F","T",1,0,0,0,0,"F"
0,2,1,2,"BCFC","","","","K","T",1,0,0,0,0,"F"
1,0,0,0,"X","","","","6/L","T",1,0,0,0,0,"F"
1,1,2,2,"BBTFX","","","","53/G","T",1,0,0,0,0,"F"
1,2,3,2,"BCSBBX","","","","9/F","T",1,0,0,0,0,"F"
0,0,1,0,"BX","","","","63/G+","T",1,0,0,0,0,"F"
0,1,0,1,"FX","","","","S7/G","T",0,1,0,0,0,"F"
0,1,0,1,"CX","kings001","","","S7/L.1-2","T",0,1,2,0,0,"F"
0,1,0,0,"X","alfaj002","kings001","","8/L","T",1,0,1,2,0,"F"
0,2,1,0,"BX","alfaj002","kings001","","D7/L.2-H;1-3","T",0,2,3,4,0,"F"
0,2,2,2,"BCS*BC","","altha001","alfaj002","K","T",1,0,0,2,3,"F"
1,0,3,1,"BBCBX","","","","S8/L","T",0,1,0,0,0,"F"
1,0,2,1,"BCBX","bourj002","","","64(1)3/GDP","T",2,0,0,0,0,"F"
1,2,3,2,"BBCFFBT","","","","K","T",1,0,0,0,0,"F"
0,0,1,1,"BCX","","","","S7/G.BX2(74)","T",1,0,0,0,0,"F"
0,1,3,1,"BBCBB","","","","W","T",0,1,0,0,0,"F"
0,1,1,2,"C1FBFS","hoskr001","","","K","T",1,0,1,0,0,"F"
0,2,3,2,"BCBF1FB>X","hoskr001","","","3/P3F","T",1,0,1,0,0,"F"
1,0,1,2,"CFBT","","","","K","T",1,0,0,0,0,"F"
1,1,0,0,"X","","","","S7/L","T",0,1,0,0,0,"F"
1,1,0,0,"11","maybc001","","","PO1(13)","F",1,0,0,0,0,"F"
1,2,2,2,"11.BFBCFX","","","","13/G-","T",1,0,0,0,0,"F"
0,0,2,2,"CBBFC","","","","K","T",1,0,0,0,0,"F"
0,1,1,2,"CBCC","","","","K","T",1,0,0,0,0,"F"
0,2,2,1,"SBBX","","","","6/P","T",1,0,0,0,0,"F"
1,0,1,0,"BX","","","","63/G","T",1,0,0,0,0,"F"
1,1,1,2,"FFFBX","","","","63/G+","T",1,0,0,0,0,"F"
1,2,3,2,"BCBBCFX","","","","63/G","T",1,0,0,0,0,"F"
0,0,1,2,"CSBS","","","","K","T",1,0,0,0,0,"F"
0,1,0,2,"CCC","","","","K","T",1,0,0,0,0,"F"
0,2,1,2,"BCFC","","","","K","T",1,0,0,0,0,"F"
1,0,3,1,"BTBBB","","","","W","T",0,1,0,0,0,"F"
1,0,0,1,"CX","bourj002","","","54(1)3/GDP","T",2,0,0,0,0,"F"
1,2,0,1,"CX","","","","63/G","T",1,0,0,0,0,"F"
0,0,2,2,"CBCBX","","","","63/G","T",1,0,0,0,0,"F"
0,1,0,1,"CX","","","","9/F","T",1,0,0,0,0,"F"
0,2,1,2,"CBCX","","","","S9/F","T",0,1,0,0,0,"F"
0,2,2,1,"1CBBX","santc002","","","4/P","T",1,0,1,0,0,"F"
1,0,0,0,"..X","","","","4/L","T",1,0,0,0,0,"F"
1,1,3,1,"BBCBB","","","","W","T",0,1,0,0,0,"F"
1,1,2,1,".11BFBX","maybc001","","","D9/L+.1XH(962)","T",1,2,0,0,0,"F"
1,2,2,2,"BCC*BFX","","dietd001","","8/F","T",1,0,0,2,0,"F"
0,0,1,2,".CBFS","","","","K","T",1,0,0,0,0,"F"
0,1,0,0,"X","","","","4/P","T",1,0,0,0,0,"F"
0,2,3,2,"CCBBBT","","","","K","T",1,0,0,0,0,"F"
1,0,0,1,"SX","","","","63/G","T",1,0,0,0,0,"F"
1,1,3,2,"FBBBCFS","","","","K","T",1,0,0,0,0,"F"
1,2,3,2,"CFBBBB","","","","W","T",0,1,0,0,0,"F"
1,2,1,0,"BX","bourj002","","","9/L","T",1,0,1,0,0,"F"
0,0,2,1,".BSBX","","","","7/F7LF","T",1,0,0,0,0,"F"
0,1,3,2,"TBBFBFB","","","","W","T",0,1,0,0,0,"F"
0,1,2,2,"BC1FBC","hernc005","","","K","T",1,0,1,0,0,"F"
0,2,0,2,"FF1FS","hernc005","","","K+WP.1-2;B-1","T",0,1,2,0,0,"F"
0,2,3,2,"BCBFB>F>X","herro001","hernc005","","3/G+","T",1,0,1,2,0,"F"
1,0,2,2,".BSFFBX","","","","9/F","T",1,0,0,0,0,"F"
1,1,2,1,"BBFX","","","","43/G","T",1,0,0,0,0,"F"
1,2,3,2,"CCBBBB","","","","W","T",0,1,0,0,0,"F"
1,2,1,2,".1BCFS","maybc001","","","K","T",1,0,1,0,0,"F"
0,0,0,1,".LX","","","","13/G","T",1,0,0,0,0,"F"
0,1,1,0,"BX","","","","53/G","T",1,0,0,0,0,"F"
0,2,0,1,"FX","","","","HR/7/F","T",0,4,0,0,0,"F"
0,2,0,1,"FX","","","","S6/G","T",0,1,0,0,0,"F"
0,2,2,0,".BBX","altha001","","","S9/L.1-3;BX2(963)","T",1,0,3,0,0,"F"
1,0,1,2,".CBSX","","","","4/P","T",1,0,0,0,0,"F"
1,1,0,2,"CFX","","","","9/L","T",1,0,0,0,0,"F"
1,2,2,2,"CBCFBX","","","","8/L","T",1,0,0,0,0,"F"
0,0,2,2,"CBSBFX","","","","8/L","T",1,0,0,0,0,"T"
0,1,0,2,"CCX","","","","S4/P","T",0,1,0,0,0,"F"
0,1,0,2,"T1SFX","hoskr001","","","S4/G.1-2","T",0,1,2,0,0,"F"
0,1,2,2,"BBCCC","herro001","hoskr001","","K","T",1,0,1,2,0,"F"
0,2,3,2,"BCBSFB>T","herro001","hoskr001","","K","T",1,0,1,2,0,"F"
1,0,3,2,"CFBBBX","","","","S8/G","T",0,1,0,0,0,"F"
1,0,0,1,"FX","dietd001","","","S8/G.1-2","T",0,1,2,0,0,"F"
1,0,3,2,"CBC*BFFBB","andeb006","dietd001","","W.2-3;1-2","T",0,1,2,3,0,"F"
1,0,0,2,"CSS","realj001","andeb006","dietd001","K","T",1,0,1,2,3,"F"
1,1,1,2,"BCCX","realj001","andeb006","dietd001","54(1)/FO/G.3-H;2-3","T",1,1,0,3,4,"F"
1,2,1,1,"CBX","casts001","","andeb006","S9/G.3-H;1-3","T",0,1,3,0,4,"F"
1,2,2,2,"BFF1BX","pradm001","","casts001","64(1)/FO/G","T",1,1,0,0,3,"F"
0,0,3,2,"CBSFBBB","","","","W","T",0,1,0,0,0,"F"
0,0,0,1,"MX","willn001","","","9/F","T",1,0,1,0,0,"F"
0,1,3,2,"CBBSFBS","willn001","","","K","T",1,0,1,0,0,"F"
0,2,1,1,"FBX","willn001","","","43/G","T",1,0,1,0,0,"F"
1,0,3,2,"CBBFBC","","","","K","T",1,0,0,0,0,"F"
1,1,0,2,"CCC","","","","K","T",1,0,0,0,0,"F"
1,2,1,2,"CBSFX","","","","7/F","T",1,0,0,0,0,"F"
0,0,1,0,"BX","","","","8/L","T",1,0,0,0,0,"F"
0,1,1,2,"CBFX","","","","S3/G","T",0,1,0,0,0,"F"
0,1,0,2,"FCX","hoskr001","","","8/F","T",1,0,1,0,0,"F"
0,2,0,2,"SSX","hoskr001","","","43/G","T",1,0,1,0,0,"F"
1,0,1,2,"CBFX","","","","63/G","T",1,0,0,0,0,"F"
1,1,0,2,"FFX","","","","31/G","T",1,0,0,0,0,"F"
1,2,1,2,"CBFC","","","","K","T",1,0,0,0,0,"F"
0,0,3,2,"BSBBFX","","","","43/G","T",1,0,0,0,0,"F"
0,1,2,1,"BBCX","","","","7/L","T",1,0,0,0,0,"F"
0,2,1,0,"BX","","","","8/L+","T",1,0,0,0,0,"F"
1,0,0,0,"X","","","","9/L+","T",1,0,0,0,0,"F"
1,1,1,2,"CCBX","","","","S8/G","T",0,1,0,0,0,"F"
1,1,2,0,"BB1X","pradm001","","","8/F","T",1,0,1,0,0,"F"
1,2,3,0,"B*BBX","pradm001","","","53/G","T",1,0,1,0,0,"F"
0,0,0,2,"FFFX","","","","D9/L","T",0,2,0,0,0,"F"
0,0,0,0,"X","","alfaj002","","14/BG/SH.2-3","T",1,0,0,3,0,"F"
0,1,3,2,"CBSBBFX","","","alfaj002","6/P","T",1,0,0,0,3,"F"
0,2,0,0,"X","","","alfaj002","8/F+","T",1,0,0,0,3,"F"
1,0,0,2,"CCFX","","","","63/G","T",1,0,0,0,0,"F"
1,1,1,2,"BSCFFT","","","","K","T",1,0,0,0,0,"F"
1,2,0,0,"X","","","","63/G","T",1,0,0,0,0,"F"
0,0,0,2,"CSX","","","","43/G","T",1,0,0,0,0,"F"
0,1,1,1,"CBX","","","","9/L+","T",1,0,0,0,0,"F"
0,2,3,2,"FBBCBB","","","","W","T",0,1,0,0,0,"F"
0,2,2,2,"1B1SS*BS","franm004","","","K","T",1,0,1,0,0,"F"
1,0,1,2,"CBCFX","","","","53/G","T",1,0,0,0,0,"F"
1,1,0,0,"X","","","","63/G","T",1,0,0,0,0,"F"
1,2,3,1,"BBBCX","","","","E5/TH/G.B-2","T",0,2,0,0,0,"F"
1,2,1,1,"CBX","","casts001","","4/P","T",1,0,0,2,0,"F"
0,0,2,0,".BBX","","","","S8/G","T",0,1,0,0,0,"F"
0,0,0,0,"X","kings001","","","46(1)/FO/G","T",1,1,0,0,0,"F"
0,1,2,2,".B*BFFX","alfaj002","","","64(1)3/GDP","T",2,0,0,0,0,"F"
1,0,2,2,".CFFBBFX","","","","4/L","T",1,0,0,0,0,"F"
1,1,3,1,"BBCBB","","","","W","T",0,1,0,0,0,"F"
1,1,0,0,".1>C","maybc001","","","SB2","F",0,0,2,0,0,"F"
1,1,0,2,".1>C.CX","","maybc001","","53/G.2-3(TH)","T",1,0,0,3,0,"F"
1,2,0,2,".CSFX","","","maybc001","43/G","T",1,0,0,0,3,"F"
0,0,1,1,"..BCX","","","","S7/G","T",0,1,0,0,0,"F"
0,0,2,2,"BBFCX","hernc005","","","6/P","T",1,0,1,0,0,"F"
0,1,2,2,"CFFBF1BX","hernc005","","","8/F","T",1,0,1,0,0,"F"
0,2,3,2,"BBBFF>S","hernc005","","","K","T",1,0,1,0,0,"F"
1,0,2,1,"BBFX","","","","4/P","T",1,0,0,0,0,"F"
1,1,1,2,"CFBH","","","","HP","T",0,1,0,0,0,"F"
1,1,0,2,"CSC","realj001","","","K","T",1,0,1,0,0,"F"
1,2,1,1,"BCB","realj001","","","WP.1-2","F",0,0,2,0,0,"F"
1,2,2,1,"BCB.X","","realj001","","63/G","T",1,0,0,2,0,"F"
0,0,1,1,"...CBX","","","","4/P","T",1,0,0,0,0,"F"
0,1,1,2,"SCBX","","","","31/G","T",1,0,0,0,0,"F"
0,2,2,2,"BFBFFX","","","","S8/L","T",0,1,0,0,0,"F"
0,2,2,2,".CBSBX","kings001","","","S8/L.1-3","T",0,1,3,0,0,"F"
0,2,3,1,".*BBBCX","knapa001","","kings001","6/P5F","T",1,0,1,0,3,"F"
0,0,2,2,"CSBBX","","","","43/G","T",1,0,0,0,0,"T"
0,1,3,1,"BBCBB","","","","W","T",0,1,0,0,0,"F"
0,1,3,2,"11BBCCBS","hoskr001","","","K","T",1,0,1,0,0,"F"
0,2,3,2,"CFBB1FB>F>X","hoskr001","","","3/G","T",1,0,1,0,0,"F"
1,0,3,2,"FBFBBB","","","","W","T",0,1,0,0,0,"F"
1,0,0,2,"CFFFFX","dietd001","","","S8/L.1-2","T",0,1,2,0,0,"F"
1,0,1,1,"BFS","andeb006","dietd001","","PB.2-3;1-2","F",0,0,2,3,0,"F"
1,0,1,2,"BFS.FX","","andeb006","dietd001","6/L","T",1,0,0,2,3,"F"
1,1,3,2,"BBBFFS","","andeb006","dietd001","K","T",1,0,0,2,3,"F"
1,2,0,1,"CX","","andeb006","dietd001","7/F","T",1,0,0,2,3,"F"
0,0,2,1,"BBFX","","","","9/L","T",1,0,0,0,0,"F"
0,1,0,0,"X","","","","63/G","T",1,0,0,0,0,"F"
0,2,0,2,"CCX","","","","53/G","T",1,0,0,0,0,"F"
1,0,1,1,"BFX","","","","D9/L","T",0,2,0,0,0,"F"
1,0,0,1,"CX","","coopg002","","13/G-.2-3","T",1,0,0,3,0,"F"
1,1,0,1,"CX","","","coopg002","4/P","T",1,0,0,0,3,"F"
1,2,1,0,"BX","","","coopg002","13/G+","T",1,0,0,0,3,"F"
0,0,0,2,"CCS","","","","K","T",1,0,0,0,0,"F"
0,1,3,0,"BBBB","","","","W","T",0,1,0,0,0,"F"
0,1,1,1,"CBX","knapa001","","","9/F","T",1,0,1,0,0,"F"
0,2,1,2,"*BCCX","knapa001","","","64(1)/FO/G","T",1,1,0,0,0,"F"
1,0,2,2,"FCBBS","","","","K","T",1,0,0,0,0,"F"
1,1,0,0,"X","","","","53/G","T",1,0,0,0,0,"F"
1,2,2,2,"BSBFX","","","","S6/G","T",0,1,0,0,0,"F"
1,2,0,0,"1","realj001","","","PO1(13)","F",1,0,0,0,0,"F"
0,0,3,2,"BFBBFX","","","","D9/L+","T",0,2,0,0,0,"F"
0,0,2,1,"CBBX","","herro001","","3/G.2-3","T",1,0,0,3,0,"F"
0,1,3,0,"B*B3BB","","","herro001","W","T",0,1,0,0,3,"F"
0,1,0,0,"X","willn001","","herro001","S8/L.3-H;1-2","T",0,1,2,0,4,"F"
0,1,1,2,"BSFFX","franm004","willn001","","S7/G.2-H;1-2","T",0,1,2,4,0,"F"
0,1,0,2,"LFS","kings001","franm004","","K","T",1,0,1,2,0,"F"
0,2,3,2,"*BBS2CFB>B","kings001","franm004","","W.2-3;1-2","T",0,1,2,3,0,"F"
0,2,1,2,"CSBFX","knapa001","kings001","franm004","T9/L.3-H;2-H;1-H","T",0,3,4,4,4,"F"
0,2,3,2,"BBBCFFS","","","hernc005","K","T",1,0,0,0,3,"F"
1,0,1,2,"CBFX","","","","13/G","T",1,0,0,0,0,"F"
1,1,2,2,"CFFFBBX","","","","63/G","T",1,0,0,0,0,"F"
1,2,3,2,"BFSBBX","","","","43/G","T",1,0,0,0,0,"F"
0,0,0,0,"..X","","","","5/P","T",1,0,0,0,0,"F"
0,1,3,2,"CBBBCS","","","","K","T",1,0,0,0,0,"F"
0,2,0,1,"CX","","","","8/F","T",1,0,0,0,0,"F"
1,0,1,1,"CBX","","","","63/G","T",1,0,0,0,0,"F"
1,1,2,0,"BBX","","","","HR/78/F","T",0,4,0,0,0,"F"
1,1,1,1,"BFX","","","","S8/G","T",0,1,0,0,0,"F"
1,1,0,0,"X","bourj002","","","S9/L.1-2","T",0,1,2,0,0,"F"
1,1,2,0,"BBX","dietd001","bourj002","","HR/9/F.2-H;1-H","T",0,4,4,4,0,"F"
1,1,0,2,"SFFH","","","","HP","T",0,1,0,0,0,"F"
1,1,0,2,".CFX","realj001","","","S8/L.1-2","T",0,1,2,0,0,"F"
1,1,0,1,"FX","casts001","realj001","","3/G.2-3;1-2","T",1,0,2,3,0,"F"
1,2,3,2,".BCBBCB","","casts001","realj001","W","T",0,1,0,2,3,"F"
1,2,0,0,"X","pradm001","casts001","realj001","S8/F.3-H;2-H;1-2","T",0,1,2,4,4,"F"
1,2,1,1,"*BCX","rojam002","pradm001","","S6/G.2-3;1-2","T",0,1,2,3,0,"F"
1,2,1,1,".C*BX","maybc001","rojam002","pradm001","S9/L.3-H;2-H;1-3","T",0,1,3,4,4,"F"
1,2,0,0,"X","bourj002","","maybc001","8/F","T",1,0,1,0,3,"F"
0,0,0,1,".CX","","","","31/G","T",1,0,0,0,0,"F"
0,1,0,1,"CX","","","","9/F","T",1,0,0,0,0,"F"
0,2,2,2,".CBSBC","","","","K","T",1,0,0,0,0,"F"
1,0,2,1,".BBCX","","","","53/G","T",1,0,0,0,0,"F"
1,1,0,0,"X","","","","8/L","T",1,0,0,0,0,"F"
1,2,3,1,"CBBBX","","","","S7/L+","T",0,1,0,0,0,"F"
1,2,1,2,"1CBT>FX","casts001","","","13/G","T",1,0,1,0,0,"F"
0,0,1,0,"BX","","","","4/L","T",1,0,0,0,0,"F"
0,1,3,2,"CBBBCB","","","","W","T",0,1,0,0,0,"F"
0,1,2,2,"BFCBS","hernc005","","","K","T",1,0,1,0,0,"F"
0,2,2,2,"..BCBCT","hernc005","","","K","T",1,0,1,0,0,"F"
1,0,2,1,".BSBX","","","","8/L","T",1,0,0,0,0,"F"
1,1,1,2,"BCFS","","","","K","T",1,0,0,0,0,"F"
1,2,1,2,"CCBX","","","","S9/L","T",0,1,0,0,0,"F"
1,2,0,0,".11","maybc001","","","SB2.1-3(E3/TH)","F",0,0,3,0,0,"F"
1,2,1,1,".11.BCX","","","maybc001","9/F","T",1,0,0,0,3,"F"
0,0,0,0,"X","","","","6/P","T",1,0,0,0,0,"F"
0,1,1,0,"BX","","","","23/G/BINT","T",1,0,0,0,0,"F"
0,2,3,2,"FFBBBFX","","","","9/F","T",1,0,0,0,0,"F"
1,0,0,0,"H","","","","HP","T",0,1,0,0,0,"F"
1,0,0,0,"..X","dietd001","","","D7/G.1-3","T",0,2,3,0,0,"F"
1,0,0,0,"B","","andeb006","dietd001","PB.3-H(NR);2-3","F",0,0,0,3,4,"F"
1,0,1,0,"B.X","","","andeb006","7/F/SF.3-H","T",1,0,0,0,4,"F"
1,1,1,2,"SSBS","","","","K","T",1,0,0,0,0,"F"
1,2,2,1,".BFBX","","","","S7/G","T",0,1,0,0,0,"F"
1,2,2,2,"BSBCS","lopep002","","","K","T",1,0,1,0,0,"F"
0,0,1,2,".CBSFFS","","","","K","T",1,0,0,0,0,"F"
0,1,3,2,"CBBFBS","","","","K","T",1,0,0,0,0,"F"
0,2,1,1,"BCX","","","","9/L","T",1,0,0,0,0,"F"
0,0,0,2,"CFX","","","","8/L","T",1,0,0,0,0,"T"
0,1,1,1,"CBX","","","","D7/L","T",0,2,0,0,0,"F"
0,1,3,2,"FBBBFX","","culbc001","","HR/78/F.2-H","T",0,4,0,4,0,"F"
0,1,3,2,"CCBBFBC","","","","K","T",1,0,0,0,0,"F"
0,2,1,0,"BX","","","","7/F","T",1,0,0,0,0,"F"
1,0,3,1,"CBBBB","","","","W","T",0,1,0,0,0,"F"
1,0,1,0,"BX","casts001","","","16(1)3/GDP","T",2,0,0,0,0,"F"
1,2,3,2,"CBBBSX","","","","63/G","T",1,0,0,0,0,"F"
0,0,2,2,"BFSFBFFX","","","","63/G","T",1,0,0,0,0,"F"
0,1,2,2,"BCCBFX","","","","9/F","T",1,0,0,0,0,"F"
0,2,0,0,"X","","","","HR/7/F","T",0,4,0,0,0,"F"
0,2,3,2,"FBBFFBC","","","","K","T",1,0,0,0,0,"F"
1,0,1,1,"CBX","","","","HR/8/F","T",0,4,0,0,0,"F"
1,0,3,2,"CBBBFX","","","","53/G","T",1,0,0,0,0,"F"
1,1,3,0,"BBBB","","","","W","T",0,1,0,0,0,"F"
1,1,2,1,"BBCB","maybc001","","","WP.1-2","F",0,0,2,0,0,"F"
1,1,3,1,"BBCB.B","","maybc001","","W","T",0,1,0,2,0,"F"
1,1,2,2,"CSB*BX","rojam002","maybc001","","54(1)3/GDP","T",2,0,0,2,0,"F"
0,0,3,2,"BCBBFS","","","","K","T",1,0,0,0,0,"F"
0,1,0,2,"CFX","","","","53/G","T",1,0,0,0,0,"F"
0,2,0,0,"X","","","","D9/F","T",0,2,0,0,0,"F"
0,2,3,0,"VVVV","","freef001","","IW","T",0,1,0,2,0,"F"
0,2,2,1,"BBFH","markn001","freef001","","HP.2-3;1-2","T",0,1,2,3,0,"F"
0,2,0,0,"X","suzuk001","markn001","freef001","S8/L.3-H;2-H;1-2","T",0,1,2,4,4,"F"
0,2,1,1,"BFX","camaj001","suzuk001","","8/L","T",1,0,1,2,0,"F"
1,0,2,2,"CBFBS","","","","K","T",1,0,0,0,0,"F"
1,1,1,0,"BX","","","","43/G","T",1,0,0,0,0,"F"
1,2,3,0,"BBBB","","","","W","T",0,1,0,0,0,"F"
1,2,2,1,"BBCX","andeb006","","","4/P","T",1,0,1,0,0,"F"
0,0,1,1,"BCX","","","","53/G-","T",1,0,0,0,0,"F"
0,1,1,2,"CSBX","","","","53/G","T",1,0,0,0,0,"F"
0,2,3,2,"BCSBBB","","","","W","T",0,1,0,0,0,"F"
0,2,2,1,"F1BB1X","acunr001","","","S9/L.1-2","T",0,1,2,0,0,"F"
0,2,2,2,"FBFBS","culbc001","acunr001","","K","T",1,0,1,2,0,"F"
1,0,0,2,"CSX","","","","63/G+","T",1,0,0,0,0,"F"
1,1,1,1,"CBX","","","","S7/L","T",0,1,0,0,0,"F"
1,1,3,1,"BBCBX","pradm001","","","S4/G-.1-2","T",0,1,2,0,0,"F"
1,1,1,2,"BCFX","maybc001","pradm001","","S9/L.2-3;1-2","T",0,1,2,3,0,"F"
1,1,0,2,"CFS","rojam002","maybc001","pradm001","K","T",1,0,1,2,3,"F"
1,2,0,2,".SCC","rojam002","maybc001","pradm001","K","T",1,0,1,2,3,"F"
0,0,1,2,"..CFBX","","","","63/G","T",1,0,0,0,0,"F"
0,1,3,2,"BBBCFB","","","","W","T",0,1,0,0,0,"F"
0,1,3,1,"BBFBX","suzuk001","","","64(1)3/GDP","T",2,0,0,0,0,"F"
1,0,3,2,"TBBFBS","","","","K","T",1,0,0,0,0,"F"
1,1,1,2,"CFBFFX","","","","53/G","T",1,0,0,0,0,"F"
1,2,3,1,"BCBBX","","","","8/F","T",1,0,0,0,0,"F"
0,0,0,0,"X","","","","S9/G","T",0,1,0,0,0,"F"
0,0,1,1,"BCX","incie001","","","8/F","T",1,0,1,0,0,"F"
0,1,0,0,"X","incie001","","","23/BG/SH.1-2","T",1,0,2,0,0,"F"
0,2,0,0,"X","","incie001","","S9/L.2-H;B-2(TH)","T",0,2,0,4,0,"F"
0,2,1,0,"*BX","","acunr001","","D7/L.2-H","T",0,2,0,4,0,"F"
0,2,0,0,"X","","culbc001","","63/G","T",1,0,0,2,0,"F"
1,0,2,2,"CCBBS","","","","K","T",1,0,0,0,0,"F"
1,1,1,2,"CBCX","","","","8/F","T",1,0,0,0,0,"F"
1,2,2,2,"BBCSX","","","","7/L","T",1,0,0,0,0,"F"
0,0,2,1,"CBBX","","","","D7/L","T",0,2,0,0,0,"F"
0,0,0,0,"X","","markn001","","9/F.2-3","T",1,0,0,3,0,"F"
0,1,2,0,"BBH","","","markn001","HP","T",0,1,0,0,3,"F"
0,1,0,0,"X","camaj001","","markn001","D9/L.3-H;1-H;BX3(945)","T",1,0,4,0,4,"F"
0,2,2,2,"CBBFX","","","","S6/G","T",0,1,0,0,0,"F"
0,2,1,2,".FCBS","swand001","","","K","T",1,0,1,0,0,"F"
1,0,1,2,".BFCFX","","","","63/G","T",1,0,0,0,0,"F"
1,1,3,0,".BBBB","","","","W","T",0,1,0,0,0,"F"
1,1,1,2,"CFBS","riddj001","","","K","T",1,0,1,0,0,"F"
1,2,0,0,"X","riddj001","","","9/F","T",1,0,1,0,0,"F"
0,0,1,2,"...BFCFX","","","","D9/L+","T",0,2,0,0,0,"F"
0,0,3,2,"SFBBBX","","acunr001","","S8/L+.2-H","T",0,1,0,4,0,"F"
0,0,0,0,"X","culbc001","","","7/L","T",1,0,1,0,0,"F"
0,1,3,2,"CFFBBBX","culbc001","","","6/L+","T",1,0,1,0,0,"F"
0,2,1,2,"FFBX","culbc001","","","8/F","T",1,0,1,0,0,"F"
1,0,2,1,".BFBX","","","","13/G","T",1,0,0,0,0,"F"
1,1,2,2,"BBFFX","","","","8/L","T",1,0,0,0,0,"F"
1,2,0,2,"CSX","","","","8/F","T",1,0,0,0,0,"F"
0,0,0,1,"CX","","","","S9/G","T",0,1,0,0,0,"F"
0,0,1,1,"BCX","camaj001","","","S8/L.1-2","T",0,1,2,0,0,"F"
0,0,0,0,"X","incie001","camaj001","","64(1)/FO/G.2-3","T",1,1,0,3,0,"F"
0,1,1,1,".BCH","swand001","","camaj001","HP.1-2","T",0,1,2,0,3,"F"
0,1,3,1,"BBBCB","tuckp001","swand001","camaj001","W.3-H;2-3;1-2","T",0,1,2,3,4,"F"
0,1,0,0,"X","acunr001","tuckp001","swand001","53/G-.3-H;2-3;1-2","T",1,0,2,3,4,"F"
0,2,2,2,".BBCFS","","acunr001","tuckp001","K","T",1,0,0,2,3,"F"
1,0,2,2,"..CBBSX","","","","9/F","T",1,0,0,0,0,"F"
1,1,0,1,"FX","","","","S9/G","T",0,1,0,0,0,"F"
1,1,1,2,"CBFS","maybc001","","","K","T",1,0,1,0,0,"F"
1,2,0,2,"FTX","maybc001","","","43/G","T",1,0,1,0,0,"F"
0,0,1,1,"SBX","","","","63/G","T",1,0,0,0,0,"T"
0,1,0,1,"CX","","","","63/G","T",1,0,0,0,0,"F"
0,2,1,1,"BSX","","","","S9/L","T",0,1,0,0,0,"F"
0,2,1,2,"CBFS","freef001","","","K","T",1,0,1,0,0,"F"
1,0,1,2,"FBFFFFS","","","","K","T",1,0,0,0,0,"F"
1,1,0,1,"FX","","","","S9/L","T",0,1,0,0,0,"F"
1,1,1,1,"1BCX","andeb006","","","HR/78/F.1-H","T",0,4,4,0,0,"F"
1,1,3,2,"BBCFFBB","","","","W","T",0,1,0,0,0,"F"
1,1,0,0,"X","bourj002","","","8/F","T",1,0,1,0,0,"F"
1,2,1,2,"CBSX","bourj002","","","43/G","T",1,0,1,0,0,"F"
0,0,3,2,"BBBCFC","","","","K","T",1,0,0,0,0,"F"
0,1,1,2,"SFBX","","","","HR/78/F","T",0,4,0,0,0,"F"
0,1,1,1,"LBX","","","","5/P","T",1,0,0,0,0,"F"
0,2,3,2,"CBBSBFX","","","","53/G","T",1,0,0,0,0,"F"
1,0,1,1,"CBX","","","","8/L+","T",1,0,0,0,0,"F"
1,1,0,2,"CSS","","","","K","T",1,0,0,0,0,"F"
1,2,0,2,"CCC","","","","K","T",1,0,0,0,0,"F"
0,0,3,2,"BBBCCB","","","","W","T",0,1,0,0,0,"F"
0,0,3,2,"CB*BCFBX","tehej001","","","6/L/DP.1X1(63)","T",2,0,0,0,0,"F"
0,2,2,2,"BBCSFS","","","","K","T",1,0,0,0,0,"F"
1,0,1,1,"CBX","","","","S9/L+","T",0,1,0,0,0,"F"
1,0,1,1,"S11BX","dietd001","","","S8/G.1-H(UR)(E8)(NR);B-3","T",0,3,5,0,0,"F"
1,0,2,0,"BBX","","","andeb006","7/SF/L.3-H(UR)","T",1,0,0,0,5,"F"
1,1,3,0,"BBBB","","","","W","T",0,1,0,0,0,"F"
1,1,2,0,"B*BX","bourj002","","","64(1)3/GDP","T",2,0,0,0,0,"F"
0,0,2,2,"CBBSX","","","","9/L","T",1,0,0,0,0,"F"
0,1,1,1,"BCX","","","","63/G","T",1,0,0,0,0,"F"
0,2,3,1,"BBSBB","","","","W","T",0,1,0,0,0,"F"
0,2,0,0,"X","flowt001","","","54(1)/FO/G","T",1,1,0,0,0,"F"
1,0,2,2,"BCBSX","","","","23/G-","T",1,0,0,0,0,"F"
1,1,1,0,"BX","","","","13/G","T",1,0,0,0,0,"F"
1,2,0,1,"FX","","","","43/G","T",1,0,0,0,0,"F"
0,0,0,2,"SSFX","","","","S7/L","T",0,1,0,0,0,"F"
0,0,0,0,"X","incie001","","","8/F","T",1,0,1,0,0,"F"
0,1,0,0,"X","incie001","","","14/BG/SH.1-2","T",1,0,2,0,0,"F"
0,2,3,1,"BBBCB","","incie001","","W","T",0,1,0,2,0,"F"
0,2,1,1,"CBX","acunr001","incie001","","D7/L.2-H;1-H","T",0,2,4,4,0,"F"
0,2,0,0,"X","","culbc001","","6/L","T",1,0,0,2,0,"F"
1,0,0,0,"X","","","","D8/L","T",0,2,0,0,0,"F"
1,0,0,0,"X","","chenw001","","3/G.2-3","T",1,0,0,3,0,"F"
1,1,1,0,"BH","","","chenw001","HP","T",0,1,0,0,3,"F"
1,1,3,0,"1BBBX","andeb006","","chenw001","FC6/G.3-H;1-2","T",0,1,2,0,4,"F"
1,1,0,0,"2X","realj001","andeb006","","S8/G.2-H;1-2","T",0,1,2,4,0,"F"
1,1,0,2,"FCX","bourj002","realj001","","HR/7/F.2-H;1-H","T",0,4,4,4,0,"F"
1,1,1,2,".CBCX","","","","S6/G","T",0,1,0,0,0,"F"
1,1,0,0,"X","pradm001","","","46(1)3/GDP","T",2,0,0,0,0,"F"
0,0,1,2,"CFBX","","","","43/G","T",1,0,0,0,0,"F"
0,1,3,2,"FFBBBFS","","","","K","T",1,0,0,0,0,"F"
0,2,1,2,"CBFX","","","","S1/G","T",0,1,0,0,0,"F"
0,2,3,2,"LBFBB>X","camaj001","","","63/G+","T",1,0,1,0,0,"F"
1,0,1,2,"CFBS","","","","K23","T",1,0,0,0,0,"F"
1,1,3,2,".CBBBFC","","","","K","T",1,0,0,0,0,"F"
1,2,3,2,"BBBCFX","","","","E4/G+","T",0,1,0,0,0,"F"
1,2,1,0,"BX","dietd001","","","S8/G.1-3;B-2(E5)","T",0,2,3,0,0,"F"
1,2,1,2,"CBCX","","andeb006","dietd001","8/F","T",1,0,0,2,3,"F"
0,0,0,1,"..CX","","","","31/G","T",1,0,0,0,0,"F"
0,1,0,0,".X","","","","13/G","T",1,0,0,0,0,"F"
0,2,3,2,"CBBBFFX","","","","53/G+","T",1,0,0,0,0,"F"
1,0,2,2,".CBSBC","","","","K","T",1,0,0,0,0,"F"
1,1,0,0,"X","","","","8/F+","T",1,0,0,0,0,"F"
1,2,3,2,"CCBBBX","","","","3/P","T",1,0,0,0,0,"F"
0,0,1,2,"..BSFS","","","","K","T",1,0,0,0,0,"F"
0,1,0,0,"X","","","","S9/L+","T",0,1,0,0,0,"F"
0,1,2,1,"BFBB","freef001","","","WP.1-2","F",0,0,2,0,0,"F"
0,1,3,1,"BFBB.B","","freef001","","W","T",0,1,0,2,0,"F"
0,1,2,2,"BSCBX","markn001","freef001","","5(2)3/GDP","T",2,0,1,0,0,"F"
1,0,1,2,".CFBFX","","","","5/L","T",1,0,0,0,0,"F"
1,1,0,0,"X","","","","3/G","T",1,0,0,0,0,"F"
1,2,3,2,"CFBBFFBFX","","","","S5/G+","T",0,1,0,0,0,"F"
1,2,2,1,"BCBX","maybc001","","","43/G+","T",1,0,1,0,0,"F"
0,0,0,1,".CX","","","","7/F","T",1,0,0,0,0,"F"
0,1,1,2,"CSBX","","","","7/F7LF","T",1,0,0,0,0,"F"
0,2,0,1,"SX","","","","3/P","T",1,0,0,0,0,"F"
0,0,3,2,"BBCSFBB","","","","W","T",0,1,0,0,0,"T"
0,0,2,2,"C1FB1*BX","eatoa002","","","S7/G.1-2","T",0,1,2,0,0,"F"
0,0,1,2,"CC*BS","turnt001","eatoa002","","K","T",1,0,1,2,0,"F"
0,1,2,2,"CBFBFX","turnt001","eatoa002","","4/P/IF","T",1,0,1,2,0,"F"
0,2,0,0,"2","turnt001","eatoa002","","PO2(16)","F",1,0,1,0,0,"F"
1,0,1,2,"CSBX","","","","S18/G","T",0,1,0,0,0,"F"
1,0,2,0,"BBX","casts001","","","S7/G+.1-2","T",0,1,2,0,0,"F"
1,0,1,2,"BCCX","andeb006","casts001","","D7/L.2-H;1-3","T",0,2,3,4,0,"F"
1,0,2,2,"FC*BBX","","realj001","andeb006","9/F/SF.3-H;2-3","T",1,0,0,3,4,"F"
1,1,3,2,"SBBC*BFX","","","realj001","9/F","T",1,0,0,0,3,"F"
1,2,0,0,"X","","","realj001","S8/G+.3-H","T",0,1,0,0,4,"F"
1,2,0,0,"1","maybc001","","","POCS2(134)","F",1,0,0,0,0,"F"
0,0,2,2,"BCBCX","","","","63/G","T",1,0,0,0,0,"F"
0,1,1,1,"FBX","","","","S7/L+","T",0,1,0,0,0,"F"
0,1,1,2,"FBFX","reynm001","","","46(1)3/GDP","T",2,0,0,0,0,"F"
1,0,1,1,"CBX","","","","53/G","T",1,0,0,0,0,"F"
1,1,0,2,"SFS","","","","K23","T",1,0,0,0,0,"F"
1,2,1,0,"BX","","","","S9/F","T",0,1,0,0,0,"F"
1,2,3,1,"BBBCX","strad003","","","D7/L.1-3","T",0,2,3,0,0,"F"
1,2,1,2,"FSBS","","casts001","strad003","K","T",1,0,0,2,3,"F"
0,0,1,2,"BCSFX","","","","8/F","T",1,0,0,0,0,"F"
0,1,1,1,"BFX","","","","31/G","T",1,0,0,0,0,"F"
0,2,3,2,"BCBFBX","","","","7/F","T",1,0,0,0,0,"F"
1,0,2,1,"BFBX","","","","7/F","T",1,0,0,0,0,"F"
1,1,0,2,"CSS","","","","K","T",1,0,0,0,0,"F"
1,2,3,2,"CBCFFBBX","","","","53/G","T",1,0,0,0,0,"F"
0,0,2,0,"BBX","","","","HR/8/F","T",0,4,0,0,0,"F"
0,0,2,2,"FBSBFS","","","","K","T",1,0,0,0,0,"F"
0,1,2,0,"BBX","","","","63/G","T",1,0,0,0,0,"F"
0,2,1,1,"CBX","","","","HR/9/F","T",0,4,0,0,0,"F"
0,2,1,2,"SSBFX","","","","43/G","T",1,0,0,0,0,"F"
1,0,1,1,"BFX","","","","63/G","T",1,0,0,0,0,"F"
1,1,0,2,"SFFFX","","","","7/L","T",1,0,0,0,0,"F"
1,2,0,2,"CSX","","","","S34/G","T",0,1,0,0,0,"F"
1,2,2,2,"1CBCBS","sierm002","","","K","T",1,0,1,0,0,"F"
0,0,2,0,"BBX","","","","9/L+","T",1,0,0,0,0,"F"
0,1,1,2,"CBSFC","","","","K","T",1,0,0,0,0,"F"
0,2,1,2,"BCFS","","","","K","T",1,0,0,0,0,"F"
1,0,1,1,"CBX","","","","5/L","T",1,0,0,0,0,"F"
1,1,0,2,"FFS","","","","K","T",1,0,0,0,0,"F"
1,2,0,0,"X","","","","D8/F+","T",0,2,0,0,0,"F"
1,2,2,2,"CC*BBS","","realj001","","K","T",1,0,0,2,0,"F"
0,0,3,0,"BBBB","","","","W","T",0,1,0,0,0,"F"
0,0,1,2,"FC*B1F1S","eatoa002","","","K","T",1,0,1,0,0,"F"
0,1,3,2,"FBBBSFT","eatoa002","","","K","T",1,0,1,0,0,"F"
0,2,1,1,"1BFX","eatoa002","","","D8/F+.1-H","T",0,2,4,0,0,"F"
0,2,3,0,"VVVV","","zimmr001","","IW","T",0,1,0,2,0,"F"
0,2,3,0,".BBBB","sotoj001","zimmr001","","W.2-3;1-2","T",0,1,2,3,0,"F"
0,2,0,1,"CX","reynm001","sotoj001","zimmr001","43/G","T",1,0,1,2,3,"F"
1,0,3,2,".CSBBBX","","","","13/G","T",1,0,0,0,0,"F"
1,1,2,2,"BCBSFX","","","","7/L","T",1,0,0,0,0,"F"
1,2,0,1,"CX","","","","5/P5F","T",1,0,0,0,0,"F"
0,0,3,2,".LSBFBFFBFB","","","","W","T",0,1,0,0,0,"F"
0,0,1,2,".L1*B1SFX","difow001","","","S8/F.1-2","T",0,1,2,0,0,"F"
0,0,2,0,"BBX","taylm002","difow001","","8/F.2-3","T",1,0,1,3,0,"F"
0,1,3,1,"CB1*BBX","taylm002","","difow001","T9/F.3-H;1-H","T",0,3,4,0,4,"F"
0,1,3,0,"BBBX","","","turnt001","D9/G.3-H","T",0,2,0,0,4,"F"
0,1,2,2,"..CCFBBX","","harpb003","","63/G.2-3","T",1,0,0,3,0,"F"
0,2,3,0,"VVVV","","","harpb003","IW","T",0,1,0,0,3,"F"
0,2,1,2,"BCFFB","sotoj001","","harpb003","WP.1-2","F",0,0,2,0,3,"F"
0,2,3,2,"BCFFB.BFB","","sotoj001","harpb003","W","T",0,1,0,2,3,"F"
0,2,0,2,"CFX","reynm001","sotoj001","harpb003","43/G","T",1,0,1,2,3,"F"
1,0,1,2,"...LBCC","","","","K","T",1,0,0,0,0,"F"
1,1,0,1,"SX","","","","8/F","T",1,0,0,0,0,"F"
1,2,1,2,"SCBS","","","","K","T",1,0,0,0,0,"F"
0,0,1,2,"FCFBFFX","","","","7/F","T",1,0,0,0,0,"F"
0,1,2,2,"BFBFFX","","","","63/G","T",1,0,0,0,0,"F"
0,2,0,0,".X","","","","D7/L","T",0,2,0,0,0,"F"
0,2,0,0,".X","","murpd006","","53/G","T",1,0,0,2,0,"F"
1,0,1,2,".CSBC","","","","K","T",1,0,0,0,0,"F"
1,1,3,2,"CFBBFBX","","","","S6/G","T",0,1,0,0,0,"F"
1,1,0,0,"X","realj001","","","343/G.1-2","T",1,0,2,0,0,"F"
1,2,2,2,"CFFB*BS","","realj001","","K","T",1,0,0,2,0,"F"
0,0,3,1,".BBSB*B","","","","W","T",0,1,0,0,0,"F"
0,0,0,1,"FX","harpb003","","","8/F","T",1,0,1,0,0,"F"
0,1,2,2,"BFCBFFX","harpb003","","","S7/G.1-3;B-2(TH)","T",0,2,3,0,0,"F"
0,1,3,0,"VVVV","","sotoj001","harpb003","IW","T",0,1,0,2,3,"F"
0,1,2,1,"CBBX","reynm001","sotoj001","harpb003","D8/L.3-H;2-H;1XH(842)","T",1,2,0,4,4,"F"
0,2,2,2,"BCFFFBX","","wietm001","","T8/L.2-H","T",0,3,0,4,0,"F"
0,2,0,2,"SFFX","","","difow001","D7/G.3-H","T",0,2,0,0,4,"F"
0,2,0,0,".H","","taylm002","","HP","T",0,1,0,2,0,"F"
0,2,0,2,"FCX","adamm002","taylm002","","64(1)/FO/G","T",1,1,0,2,0,"F"
1,0,1,1,".BCX","","","","S7/F","T",0,1,0,0,0,"F"
1,0,0,1,".FX","maybc001","","","3/L/DP.1X1(3)","T",2,0,0,0,0,"F"
1,2,0,2,"CCT","","","","K","T",1,0,0,0,0,"F"
0,0,2,1,"BBCX","","","","7/L","T",1,0,0,0,0,"T"
0,1,2,2,"CCBBX","","","","D8/L+","T",0,2,0,0,0,"F"
0,1,1,2,"SFBS","","turnt001","","K","T",1,0,0,2,0,"F"
0,2,0,0,"X","","turnt001","","S8/L.2-H;BX2(826)","T",1,0,0,4,0,"F"
1,0,0,0,"X","","","","63/G","T",1,0,0,0,0,"F"
1,1,1,2,"CSBX","","","","4/P","T",1,0,0,0,0,"F"
1,2,0,0,"X","","","","8/L","T",1,0,0,0,0,"F"
0,0,2,2,"TBBSX","","","","HR/89/F","T",0,4,0,0,0,"F"
0,0,2,1,"BBCX","","","","7/L","T",1,0,0,0,0,"F"
0,1,0,0,"X","","","","9/F","T",1,0,0,0,0,"F"
0,2,2,2,"CCFBBX","","","","63/G-","T",1,0,0,0,0,"F"
1,0,2,0,"BBX","","","","8/F","T",1,0,0,0,0,"F"
1,1,2,2,"BBCFS","","","","K","T",1,0,0,0,0,"F"
1,2,2,0,"BBX","","","","63/G","T",1,0,0,0,0,"F"
0,0,0,1,"CX","","","","S8/G","T",0,1,0,0,0,"F"
0,0,2,0,"BBX","schem001","","","D9/G+.1-3","T",0,2,3,0,0,"F"
0,0,0,0,"B","","eatoa002","schem001","WP.3-H(NR);2-3","F",0,0,0,3,4,"F"
0,0,2,1,"B.BCX","","","eatoa002","53/G","T",1,0,0,0,3,"F"
0,1,1,0,"BX","","","eatoa002","7/F7LF/SF.3-H","T",1,0,0,0,4,"F"
0,2,3,0,"BBBX","","","","S9/G","T",0,1,0,0,0,"F"
0,2,0,0,"X","adamm002","","","31/G","T",1,0,1,0,0,"F"
1,0,0,2,"CFS","","","","K","T",1,0,0,0,0,"F"
1,1,2,2,"FFBBS","","","","K","T",1,0,0,0,0,"F"
1,2,2,2,"CBBSS","","","","K","T",1,0,0,0,0,"F"
0,0,0,0,"X","","","","S8/L","T",0,1,0,0,0,"F"
0,0,3,1,"BBBCB","murpd006","","","W.1-2","T",0,1,2,0,0,"F"
0,0,0,1,"SX","reynm001","murpd006","","46(1)/FO/G.2-3","T",1,1,0,3,0,"F"
0,1,3,1,"CB1BBX","wietm001","","murpd006","54(1)3/GDP","T",2,0,0,0,3,"F"
1,0,1,2,"FBFC","","","","K","T",1,0,0,0,0,"F"
1,1,1,2,"BCCH","","","","HP","T",0,1,0,0,0,"F"
1,1,0,2,"CCX","andeb006","","","64(1)/FO/G","T",1,1,0,0,0,"F"
1,2,0,2,"FSS","realj001","","","K","T",1,0,1,0,0,"F"
0,0,3,2,"BCSBFBB","","","","W","T",0,1,0,0,0,"F"
0,0,0,2,"FSS","eatoa002","","","K","T",1,0,1,0,0,"F"
0,1,0,2,"CFX","eatoa002","","","S7/L+.1-2","T",0,1,2,0,0,"F"
0,1,2,2,"CBBTX","harpb003","eatoa002","","9/F","T",1,0,1,2,0,"F"
0,2,1,1,"C*BX","harpb003","eatoa002","","31/G","T",1,0,1,2,0,"F"
1,0,0,0,"X","","","","8/L+","T",1,0,0,0,0,"F"
1,1,3,1,"BBBCX","","","","S8/G","T",0,1,0,0,0,"F"
1,1,1,1,"CBX","pradm001","","","8/L","T",1,0,1,0,0,"F"
1,2,0,1,"SX","pradm001","","","43/G-","T",1,0,1,0,0,"F"
0,0,2,2,"FSFFBBX","","","","D9/F","T",0,2,0,0,0,"F"
0,0,2,1,"CBBX","","murpd006","","53/G","T",1,0,0,2,0,"F"
0,1,1,2,"BFFS","","murpd006","","K","T",1,0,0,2,0,"F"
0,2,0,1,"SH","","murpd006","","HP","T",0,1,0,2,0,"F"
0,2,3,2,"..BBC*BC>F>B","schem001","murpd006","","W.2-3;1-2","T",0,1,2,3,0,"F"
0,2,3,2,"F*BBBC>C","eatoa002","schem001","murpd006","K","T",1,0,1,2,3,"F"
1,0,3,2,"BBCCBX","","","","E4/TH/G","T",0,1,0,0,0,"F"
1,0,0,2,"SSC","maybc001","","","K","T",1,0,1,0,0,"F"
1,1,3,2,"BCC*BBFC","maybc001","","","K","T",1,0,1,0,0,"F"
1,2,0,2,"SCFT","maybc001","","","K","T",1,0,1,0,0,"F"
0,0,3,2,"BBSBSS","","","","K","T",1,0,0,0,0,"F"
0,1,0,0,"X","","","","2/P2F","T",1,0,0,0,0,"F"
0,2,2,2,"CBCFFBX","","","","S8/L+.B-2(E8)","T",0,2,0,0,0,"F"
0,2,3,0,"VVVV","","sotoj001","","IW","T",0,1,0,2,0,"F"
0,2,1,1,"CBX","murpd006","sotoj001","","8/F","T",1,0,1,2,0,"F"
1,0,0,0,"X","","","","9/F","T",1,0,0,0,0,"F"
1,1,1,1,"CBX","","","","E5/G.B-2(E5/TH)","T",0,2,0,0,0,"F"
1,1,0,1,"CX","","casts001","","D57/G.2-H(UR);B-2","T",0,2,0,5,0,"F"
1,1,1,2,"*BSTFX","","pradm001","","3/G.2-3","T",1,0,0,3,0,"F"
1,2,0,1,".CX","","","pradm001","7/F-","T",1,0,0,0,3,"F"
0,0,3,0,".BBBB","","","","W","T",0,1,0,0,0,"F"
0,0,0,0,"X","wietm001","","","14/BG/SH.1-2","T",1,0,2,0,0,"F"
0,1,2,2,"CFBFFFFBX","","wietm001","","8/F","T",1,0,0,2,0,"F"
0,2,1,1,"BSX","","wietm001","","S4/G-.2-3","T",0,1,0,3,0,"F"
0,2,0,2,"FFX","turnt001","","wietm001","S7/G.3-H;1-2","T",0,1,2,0,4,"F"
0,2,1,0,"BX","harpb003","turnt001","","S8/L.2-H;1-3","T",0,1,3,4,0,"F"
0,2,1,0,"BX","adamm002","","harpb003","T8/L+.3-H;1-H","T",0,3,4,0,4,"F"
0,2,2,1,"CBBX","","","sotoj001","S9/L.3-H","T",0,1,0,0,4,"F"
0,2,1,2,"CFFBX","murpd006","","","63/G","T",1,0,1,0,0,"F"
1,0,3,0,"..BBBB","","","","W","T",0,1,0,0,0,"F"
1,0,1,2,"CBFS","maybc001","","","K","T",1,0,1,0,0,"F"
1,1,1,2,"FBSFX","maybc001","","","6/L","T",1,0,1,0,0,"F"
1,2,0,1,"FX","maybc001","","","S8/L+.1-2","T",0,1,2,0,0,"F"
1,2,0,2,"FST","realj001","maybc001","","K","T",1,0,1,2,0,"F"
0,0,1,2,"..BFSC","","","","K","T",1,0,0,0,0,"F"
0,1,0,0,".X","","","","S8/G","T",0,1,0,0,0,"F"
0,1,0,0,"X","reynm003","","","8/L","T",1,0,1,0,0,"F"
0,2,0,1,"CX","reynm003","","","64(1)/FO/G","T",1,1,0,0,0,"F"
1,0,0,0,"...X","","","","9/F","T",1,0,0,0,0,"F"
1,1,3,2,"CBBCFBX","","","","43/G","T",1,0,0,0,0,"F"
1,2,0,0,"X","","","","7/L","T",1,0,0,0,0,"F"
0,0,0,0,"X","","","","S3/BP","T",0,1,0,0,0,"T"
0,0,1,0,"B>C","turnt001","","","SB2","F",0,0,2,0,0,"F"
0,0,2,2,"B>C.FBFFS","","turnt001","","K","T",1,0,0,2,0,"F"
0,1,0,0,">B","","turnt001","","SB3","F",0,0,0,3,0,"F"
0,1,1,2,">B.SSS","","","turnt001","K","T",1,0,0,0,3,"F"
0,2,2,0,"BBX","","","turnt001","3/G","T",1,0,0,0,3,"F"
1,0,0,2,"CSX","","","","53/G","T",1,0,0,0,0,"F"
1,1,3,2,"BBBCF*B","","","","W","T",0,1,0,0,0,"F"
1,1,2,0,"BBX","andeb006","","","7/L+","T",1,0,1,0,0,"F"
1,2,1,2,"CBFS","andeb006","","","K","T",1,0,1,0,0,"F"
0,0,3,2,"CBBBCF*B","","","","W","T",0,1,0,0,0,"F"
0,0,3,2,"BBCSBC","murpd006","","","K","T",1,0,1,0,0,"F"
0,1,1,0,"BX","murpd006","","","4(1)3/GDP","T",2,0,0,0,0,"F"
1,0,3,2,"BBCBCX","","","","53/G","T",1,0,0,0,0,"F"
1,1,0,1,"CX","","","","S6/G+","T",0,1,0,0,0,"F"
1,1,3,2,"1BFB1FB1>T","rivey001","","","K","T",1,0,1,0,0,"F"
1,2,3,2,"1B*BBCS>X","rivey001","","","9/F","T",1,0,1,0,0,"F"
0,0,1,1,"CBX","","","","3/G","T",1,0,0,0,0,"F"
0,1,1,2,"CBCC","","","","K","T",1,0,0,0,0,"F"
0,2,1,1,"CBX","","","","7/F","T",1,0,0,0,0,"F"
1,0,0,2,"CCC","","","","K","T",1,0,0,0,0,"F"
1,1,0,1,"CX","","","","S8/L.BX2(86)","T",1,0,0,0,0,"F"
1,2,1,1,"CBX","","","","2/P2F","T",1,0,0,0,0,"F"
0,0,3,0,"BBBX","","","","8/L","T",1,0,0,0,0,"F"
0,1,2,2,"BCBFX","","","","13/G-","T",1,0,0,0,0,"F"
0,2,2,2,"CSBBFFFX","","","","S8/L+","T",0,1,0,0,0,"F"
0,2,2,0,"BBN","sotoj001","","","BK.1-2","F",0,0,2,0,0,"F"
0,2,2,2,"BBN.CFFS","","sotoj001","","K","T",1,0,0,2,0,"F"
1,0,3,0,"BBBB","","","","W","T",0,1,0,0,0,"F"
1,0,3,2,"BBCFFFB*B","realj001","","","W.1-2","T",0,1,2,0,0,"F"
1,0,3,1,"BCB*BB","casts001","realj001","","W.2-3;1-2","T",0,1,2,3,0,"F"
1,0,2,1,"BFBX","maybc001","casts001","realj001","9/F9LF/SF.3-H;2-3","T",1,0,1,3,4,"F"
1,1,0,1,"1FX","maybc001","","casts001","6/P","T",1,0,1,0,3,"F"
1,2,1,0,"BX","maybc001","","casts001","7/F","T",1,0,1,0,3,"F"
0,0,1,2,"CBSS","","","","K","T",1,0,0,0,0,"F"
0,1,1,2,"BFFS","","","","K","T",1,0,0,0,0,"F"
0,2,3,2,"BBCCBC","","","","K","T",1,0,0,0,0,"F"
1,0,0,2,"CCFS","","","","K","T",1,0,0,0,0,"F"
1,1,1,0,"BX","","","","63/G","T",1,0,0,0,0,"F"
1,2,3,2,"BSFFFBFBX","","","","5/L","T",1,0,0,0,0,"F"
0,0,2,2,"CBBFX","","","","53/G","T",1,0,0,0,0,"F"
0,1,0,0,"X","","","","S7/L","T",0,1,0,0,0,"F"
0,1,3,2,"1FB1BF1BB","turnt001","","","W.1-2","T",0,1,2,0,0,"F"
0,1,1,0,"BX","harpb003","turnt001","","5(2)53/GDP","T",2,0,1,0,0,"F"
1,0,0,0,"X","","","","63/G","T",1,0,0,0,0,"F"
1,1,2,2,"CBSBX","","","","S5/G","T",0,1,0,0,0,"F"
1,1,3,2,"BCSFBB>FX","casts001","","","54(1)/FO/G","T",1,1,0,0,0,"F"
1,2,1,2,"11SFBX","maybc001","","","7/F","T",1,0,1,0,0,"F"
0,0,1,1,".CBX","","","","43/G","T",1,0,0,0,0,"F"
0,1,0,0,"X","","","","43/G","T",1,0,0,0,0,"F"
0,2,3,2,"BBSBCB","","","","W","T",0,1,0,0,0,"F"
0,2,0,0,"...X","reynm001","","","3/G","T",1,0,1,0,0,"F"
1,0,2,2,"BCBFX","","","","7/L","T",1,0,0,0,0,"F"
1,1,2,0,"BBX","","","","6/P","T",1,0,0,0,0,"F"
1,2,1,2,"BFCX","","","","7/L","T",1,0,0,0,0,"F"
0,0,3,2,"..BBCSFBX","","","","7/F","T",1,0,0,0,0,"F"
0,1,2,2,".CBCBFFX","","","","163/G","T",1,0,0,0,0,"F"
0,2,3,2,"BCBSFBFX","","","","5/P5F","T",1,0,0,0,0,"F"
1,0,0,0,"..X","","","","S8/L","T",0,1,0,0,0,"F"
1,0,0,2,"L1FX","rojam002","","","64(1)3/GDP","T",2,0,0,0,0,"F"
1,2,0,1,"CX","","","","S9/L+","T",0,1,0,0,0,"F"
1,2,3,1,"*BCBBB","realj001","","","W.1-2","T",0,1,2,0,0,"F"
1,2,1,1,"FBX","casts001","realj001","","31/G","T",1,0,1,2,0,"F"
0,0,1,1,".BTH","","","","HP","T",0,1,0,0,0,"F"
0,0,3,1,"FBBBX","harpb003","","","S8/G.1-2","T",0,1,2,0,0,"F"
0,0,1,2,".BFFFX","reynm003","harpb003","","46(1)/FO/G.2-3","T",1,1,0,3,0,"F"
0,1,2,1,"BBSX","sotoj001","","harpb003","S9/G.3-H;1-3","T",0,1,3,0,4,"F"
0,1,2,2,"CBBFX","murpd006","","sotoj001","9/F","T",1,0,1,0,3,"F"
0,2,1,2,"BSF>B","murpd006","","sotoj001","SB2","F",0,0,2,0,3,"F"
0,2,2,2,"BSF>B.X","","murpd006","sotoj001","53/G","T",1,0,0,2,3,"F"
1,0,0,1,"....FX","","","","2/P2F","T",1,0,0,0,0,"F"
1,1,1,2,"CBSS","","","","K","T",1,0,0,0,0,"F"
1,2,1,1,"FBX","","","","9/F","T",1,0,0,0,0,"F"
0,0,0,2,"..CSS","","","","K","T",1,0,0,0,0,"F"
0,1,2,1,"BCBX","","","","63/G","T",1,0,0,0,0,"F"
0,2,2,1,"CBBX","","","","8/F","T",1,0,0,0,0,"F"
1,0,0,0,".X","","","","S1/BG","T",0,1,0,0,0,"F"
1,0,1,0,"1BX","sierm002","","","C/E2/BG2.1-2","T",0,1,2,0,0,"F"
1,0,2,0,"BBX","rojam002","sierm002","","S9/F.2-3;1-2","T",0,1,2,3,0,"F"
1,0,2,1,"BBFX","andeb006","rojam002","sierm002","S8/F.3-H;2-3;1-2","T",0,1,2,3,4,"F"
0,0,0,2,"FCFX","","","","53/G","T",1,0,0,0,0,"T"
0,1,3,2,"CBBBSS","","","","K","T",1,0,0,0,0,"F"
0,2,0,2,"FFFX","","","","S6/G","T",0,1,0,0,0,"F"
0,2,1,0,"B1X","harpb003","","","7/F","T",1,0,1,0,0,"F"
1,0,1,2,"CFBX","","","","5/P","T",1,0,0,0,0,"F"
1,1,1,0,"BX","","","","S8/L+","T",0,1,0,0,0,"F"
1,1,0,1,"CX","andeb006","","","9/F","T",1,0,1,0,0,"F"
1,2,0,1,"CX","andeb006","","","8/F","T",1,0,1,0,0,"F"
0,0,2,2,"BCBFFX","","","","8/L","T",1,0,0,0,0,"F"
0,1,3,2,"FBFFBBB","","","","W","T",0,1,0,0,0,"F"
0,1,3,2,"FBB1FBB","murpd006","","","W.1-2","T",0,1,2,0,0,"F"
0,1,0,0,"X","reynm001","murpd006","","54(1)3/GDP","T",2,0,0,2,0,"F"
1,0,1,2,"CCFBT","","","","K","T",1,0,0,0,0,"F"
1,1,1,1,"LBX","","","","3/P","T",1,0,0,0,0,"F"
1,2,1,1,"CBX","","","","S8/F","T",0,1,0,0,0,"F"
1,2,0,0,"1>X","rojam002","","","S8/L.1-3","T",0,1,3,0,0,"F"
1,2,0,0,"X","sierm002","","rojam002","S8/G.3-H;1-3","T",0,1,3,0,4,"F"
1,2,0,1,"SX","urenj001","","sierm002","43/G","T",1,0,1,0,3,"F"
0,0,0,2,"CCFX","","","","53/G","T",1,0,0,0,0,"F"
0,1,1,2,"CSBC","","","","K","T",1,0,0,0,0,"F"
0,2,0,0,"H","","","","HP","T",0,1,0,0,0,"F"
0,2,3,1,"S1BBB*B","turnt001","","","W.1-2","T",0,1,2,0,0,"F"
0,2,1,0,"BX","harpb003","turnt001","","5/P","T",1,0,1,2,0,"F"
1,0,1,2,"BCFH","","","","HP","T",0,1,0,0,0,"F"
1,0,2,1,"C*BBX","andeb006","","","6/L","T",1,0,1,0,0,"F"
1,1,0,2,"C1CFX","andeb006","","","8/F","T",1,0,1,0,0,"F"
1,2,1,2,"CF1FBX","andeb006","","","D8/F.1-H","T",0,2,4,0,0,"F"
1,2,2,2,"*B*BFFFFX","","pradm001","","43/G","T",1,0,0,2,0,"F"
0,0,3,2,"BBCBC*B","","","","W","T",0,1,0,0,0,"F"
0,0,2,2,"BF>FBC","sotoj001","","","K","T",1,0,1,0,0,"F"
0,1,2,2,"S1CBB>S","sotoj001","","","K","T",1,0,1,0,0,"F"
0,2,1,2,"CC*B>B","sotoj001","","","CS2(24)","F",1,0,0,0,0,"F"
1,0,0,0,"X","","","","7/F","T",1,0,0,0,0,"F"
1,1,0,1,"CX","","","","3/G","T",1,0,0,0,0,"F"
1,2,0,2,"CFS","","","","K","T",1,0,0,0,0,"F"
0,0,1,2,"SBFFX","","","","63/G","T",1,0,0,0,0,"F"
0,1,0,0,"X","","","","8/F","T",1,0,0,0,0,"F"
0,2,2,0,"BBX","","","","4/L+","T",1,0,0,0,0,"F"
1,0,1,2,"CBFC","","","","K","T",1,0,0,0,0,"F"
1,1,2,2,"BFSFBFX","","","","S7/G","T",0,1,0,0,0,"F"
1,1,2,2,"CB+1SBX","andeb006","","","S6/G.1-2","T",0,1,2,0,0,"F"
1,1,1,2,"BCSS","realj001","andeb006","","K","T",1,0,1,2,0,"F"
1,2,3,2,"CBFBB>X","realj001","andeb006","","S9/L.2-H;1-3","T",0,1,3,4,0,"F"
1,2,1,2,".BCFX","pradm001","","realj001","E4/G.3-H(NR)(UR);1-2","T",0,1,2,0,5,"F"
1,2,2,1,"BCBX","riddj001","pradm001","","D7/L.2-H(UR);1-3","T",0,2,3,5,0,"F"
1,2,1,1,"F*BX","","rojam002","riddj001","13/G-","T",1,0,0,2,3,"F"
0,0,3,1,"FBBBX","","","","7/F","T",1,0,0,0,0,"F"
0,1,2,2,"BTFBS","","","","K","T",1,0,0,0,0,"F"
0,2,2,2,"BCBFX","","","","13/G","T",1,0,0,0,0,"F"
1,0,0,0,".X","","","","8/F","T",1,0,0,0,0,"F"
1,1,1,1,"BCX","","","","31/G-","T",1,0,0,0,0,"F"
1,2,0,0,"X","","","","9/L+","T",1,0,0,0,0,"F"
0,0,0,0,"..X","","","","43/G","T",1,0,0,0,0,"F"
0,1,3,2,"BFBFBX","","","","7/F","T",1,0,0,0,0,"F"
0,2,1,2,"SSBS","","","","K","T",1,0,0,0,0,"F"
1,0,0,2,".CFFFX","","","","7/F","T",1,0,0,0,0,"F"
1,1,0,2,"SSFX","","","","5/P","T",1,0,0,0,0,"F"
1,2,1,1,"BCX","","","","53/G","T",1,0,0,0,0,"F"
0,0,0,2,"...CCS","","","","K","T",1,0,0,0,0,"F"
0,1,1,2,".FBFS","","","","K","T",1,0,0,0,0,"F"
0,2,2,2,"CSFBBX","","","","8/F","T",1,0,0,0,0,"F"
1,0,0,2,".CFX","","","","43/G","T",1,0,0,0,0,"F"
1,1,1,1,"BFX","","","","8/F","T",1,0,0,0,0,"F"
1,2,0,2,"CFS","","","","K23","T",1,0,0,0,0,"F"
0,0,0,2,".FCX","","","","63/G","T",1,0,0,0,0,"F"
0,1,3,1,"CBBBB","","","","W","T",0,1,0,0,0,"F"
0,1,0,2,"CSFX","harpb003","","","S7/L.1-2","T",0,1,2,0,0,"F"
0,1,3,2,"BC*BBFS","adamm002","harpb003","","K","T",1,0,1,2,0,"F"
0,2,1,2,"TFFBX","adamm002","harpb003","","4/L","T",1,0,1,2,0,"F"
0,0,2,2,"CBBFFC","","","","K","T",1,0,0,0,0,"T"
0,1,2,2,"CSBBX","","","","63/G","T",1,0,0,0,0,"F"
0,2,2,1,"FBBX","","","","9/L","T",1,0,0,0,0,"F"
1,0,1,1,"CBX","","","","D9/L","T",0,2,0,0,0,"F"
1,0,2,2,"FSF*BF*BX","","dietd001","","S9/G.2-H","T",0,1,0,4,0,"F"
1,0,3,2,"C1*BB1CB>FC","andeb006","","","K","T",1,0,1,0,0,"F"
1,1,1,2,"1BCF1FX","andeb006","","","S16/G.1-2","T",0,1,2,0,0,"F"
1,1,0,1,"CX","bourj002","andeb006","","64(1)3/GDP","T",2,0,0,2,0,"F"
0,0,2,1,"BBCX","","","","S7/L+","T",0,1,0,0,0,"F"
0,0,1,2,"CFBFX","ozunm001","","","9/L","T",1,0,1,0,0,"F"
0,1,2,2,"1CBBFDN","ozunm001","","","C/E2.1-2","T",0,1,2,0,0,"F"
0,1,0,0,"X","dejop001","ozunm001","","8/F+.2-3","T",1,0,1,3,0,"F"
0,2,1,2,"BFSC","dejop001","","ozunm001","K","T",1,0,1,0,3,"F"
1,0,1,1,"CBX","","","","43/G","T",1,0,0,0,0,"F"
1,1,2,2,"BFFFBFX","","","","63/G","T",1,0,0,0,0,"F"
1,2,3,2,"BSBBCX","","","","43/G","T",1,0,0,0,0,"F"
0,0,1,1,"CBX","","","","63/G","T",1,0,0,0,0,"F"
0,1,1,0,"BX","","","","7/F","T",1,0,0,0,0,"F"
0,2,0,1,"FX","","","","7/L","T",1,0,0,0,0,"F"
1,0,0,2,"SSFC","","","","K","T",1,0,0,0,0,"F"
1,1,2,2,"SBCFBC","","","","K","T",1,0,0,0,0,"F"
1,2,1,0,"BX","","","","43/G","T",1,0,0,0,0,"F"
0,0,3,2,"BCFFBBB","","","","W","T",0,1,0,0,0,"F"
0,0,2,1,"BBC1X","martj008","","","8/F","T",1,0,1,0,0,"F"
0,1,0,0,"X","martj008","","","54(1)/FO/G","T",1,1,0,0,0,"F"
0,2,2,2,"CSF*BFBS","gyorj001","","","K","T",1,0,1,0,0,"F"
1,0,1,0,"BX","","","","13/G","T",1,0,0,0,0,"F"
1,1,1,0,"BX","","","","13/G","T",1,0,0,0,0,"F"
1,2,1,0,"BX","","","","HR/7/F","T",0,4,0,0,0,"F"
1,2,1,2,"CFFBX","","","","8/L","T",1,0,0,0,0,"F"
0,0,2,1,"CBBX","","","","9/F","T",1,0,0,0,0,"F"
0,1,3,2,"BBFFBX","","","","9/F","T",1,0,0,0,0,"F"
0,2,2,2,"BSCBFX","","","","53/G","T",1,0,0,0,0,"F"
1,0,2,2,"BFFBT","","","","K","T",1,0,0,0,0,"F"
1,1,1,1,"MBX","","","","D7/L","T",0,2,0,0,0,"F"
1,1,0,2,"FFS","","sierm002","","K","T",1,0,0,2,0,"F"
1,2,0,1,"SX","","sierm002","","6/P","T",1,0,0,2,0,"F"
0,0,3,2,"CFBBBS","","","","K","T",1,0,0,0,0,"F"
0,1,3,2,"CBBBFB","","","","W","T",0,1,0,0,0,"F"
0,1,1,1,"CBX","moliy001","","","64(1)/FO/G","T",1,1,0,0,0,"F"
0,2,2,2,".CBBSFFX","martj008","","","S7/G+.1-2","T",0,1,2,0,0,"F"
0,2,0,2,"CFS","ozunm001","martj008","","K","T",1,0,1,2,0,"F"
1,0,2,2,"SBBSFX","","","","3/G","T",1,0,0,0,0,"F"
1,1,0,1,"FX","","","","9/F9LF","T",1,0,0,0,0,"F"
1,2,0,0,"X","","","","S8/L","T",0,1,0,0,0,"F"
1,2,0,0,"1X","bourj002","","","S8/L.1-2","T",0,1,2,0,0,"F"
1,2,1,0,"BX","casts001","bourj002","","63/G","T",1,0,1,2,0,"F"
0,0,0,2,".CCX","","","","53/G","T",1,0,0,0,0,"F"
0,1,2,2,"FBFBFX","","","","S6/G+","T",0,1,0,0,0,"F"
0,1,3,2,"BBC1CBFF>F>FF1>F>F1>F>X","badeh001","","","53/G.1-2","T",1,0,2,0,0,"F"
0,2,2,2,".BCBFFS","","badeh001","","K","T",1,0,0,2,0,"F"
1,0,1,0,".BX","","","","S9/L","T",0,1,0,0,0,"F"
1,0,0,0,"1X","riddj001","","","1/BP","T",1,0,1,0,0,"F"
1,1,0,2,".F11SC","riddj001","","","K","T",1,0,1,0,0,"F"
1,2,0,2,"CCX","riddj001","","","4/P","T",1,0,1,0,0,"F"
0,0,3,2,"..BBCCBFX","","","","S9/L","T",0,1,0,0,0,"F"
0,0,2,2,"CBFBX","carpm002","","","7/L","T",1,0,1,0,0,"F"
0,1,2,2,"1BBFSX","carpm002","","","9/F9LF","T",1,0,1,0,0,"F"
0,2,2,2,"BSBCFFX","carpm002","","","S6/G.1-2","T",0,1,2,0,0,"F"
0,2,1,1,"CBX","ozunm001","carpm002","","8/F+","T",1,0,1,2,0,"F"
1,0,1,2,"CBFX","","","","4/P","T",1,0,0,0,0,"F"
1,1,1,2,"CBSX","","","","8/F","T",1,0,0,0,0,"F"
1,2,3,2,"BFBSBX","","","","8/F","T",1,0,0,0,0,"F"
0,0,1,1,"..BCX","","","","S8/L","T",0,1,0,0,0,"F"
0,0,1,1,"BCX","dejop001","","","S9/L.1-2","T",0,1,2,0,0,"F"
0,0,3,0,"BB*BB","badeh001","dejop001","","W.2-3;1-2","T",0,1,2,3,0,"F"
0,0,3,2,".BCTBBC","munoy001","badeh001","dejop001","K","T",1,0,1,2,3,"F"
0,1,3,1,"BBFB*B","munoy001","badeh001","dejop001","W.3-H;2-3;1-2","T",0,1,2,3,4,"F"
0,1,0,1,".FX","carpm002","munoy001","badeh001","64(1)3/GDP","T",2,0,0,2,3,"F"
0,0,3,2,"BBCSBS","","","","K","T",1,0,0,0,0,"T"
0,1,2,2,"FBBFFX","","","","53/G","T",1,0,0,0,0,"F"
0,2,1,2,"FBFC","","","","K","T",1,0,0,0,0,"F"
1,0,2,2,"BFBSX","","","","S8/L","T",0,1,0,0,0,"F"
1,0,0,1,"CX","dietd001","","","13/G-.1-2","T",1,0,2,0,0,"F"
1,1,2,2,"CBTFBX","","dietd001","","9/F","T",1,0,0,2,0,"F"
1,2,1,2,"BCFX","","dietd001","","S8/L.2-H","T",0,1,0,4,0,"F"
1,2,1,2,"C1FBFFX","bourj002","","","8/F","T",1,0,1,0,0,"F"
0,0,1,2,"BSFX","","","","S9/G","T",0,1,0,0,0,"F"
0,0,1,0,"BX","ozunm001","","","9/F","T",1,0,1,0,0,"F"
0,1,1,0,"BX","ozunm001","","","9/L","T",1,0,1,0,0,"F"
0,2,3,2,"CBSF1BB>X","ozunm001","","","43/G","T",1,0,1,0,0,"F"
1,0,0,1,"LX","","","","13/G","T",1,0,0,0,0,"F"
1,1,0,0,"X","","","","63/G","T",1,0,0,0,0,"F"
1,2,0,1,"SX","","","","53/G-","T",1,0,0,0,0,"F"
0,0,0,2,"FCFX","","","","5/P5F","T",1,0,0,0,0,"F"
0,1,2,2,"CBCBX","","","","S7/G","T",0,1,0,0,0,"F"
0,1,2,2,"BCCFBC","mikom001","","","K","T",1,0,1,0,0,"F"
0,2,1,1,"FBX","mikom001","","","8/F+","T",1,0,1,0,0,"F"
1,0,1,0,"BX","","","","43/G","T",1,0,0,0,0,"F"
1,1,2,1,"BSBX","","","","S8/G","T",0,1,0,0,0,"F"
1,1,0,1,"F1X","dietd001","","","16(1)3/GDP","T",2,0,0,0,0,"F"
0,0,2,0,"BBX","","","","53/G","T",1,0,0,0,0,"F"
0,1,0,2,"CFX","","","","43/G","T",1,0,0,0,0,"F"
0,2,3,2,"FBSBBC","","","","K","T",1,0,0,0,0,"F"
1,0,0,0,"X","","","","53/G","T",1,0,0,0,0,"F"
1,1,1,2,"BCCX","","","","63/G","T",1,0,0,0,0,"F"
1,2,1,2,"BCFFS","","","","K","T",1,0,0,0,0,"F"
0,0,2,0,"BBX","","","","D7/L","T",0,2,0,0,0,"F"
0,0,2,1,"SB*BX","","dejop001","","63/G.2-3","T",1,0,0,3,0,"F"
0,1,0,1,"SX","","","dejop001","6/P","T",1,0,0,0,3,"F"
0,2,1,2,"FSBS","","","dejop001","K","T",1,0,0,0,3,"F"
1,0,2,2,"BFFFBX","","","","T9/G","T",0,3,0,0,0,"F"
1,0,0,0,"X","","","riddj001","S7/G+.3-H","T",0,1,0,0,4,"F"
1,0,1,2,"1CFBX","rojam002","","","46(1)/FO/G","T",1,1,0,0,0,"F"
1,1,0,1,"L1X","sierm002","","","13/BG/SH.1-2","T",1,0,2,0,0,"F"
1,2,2,1,"BBSX","","sierm002","","3/P","T",1,0,0,2,0,"F"
0,0,2,0,"BBX","","","","43/G","T",1,0,0,0,0,"F"
0,1,1,2,"CBFX","","","","53/G","T",1,0,0,0,0,"F"
0,2,3,2,"BCBFFBX","","","","53/G","T",1,0,0,0,0,"F"
1,0,1,1,"CBX","","","","31/G","T",1,0,0,0,0,"F"
1,1,1,1,"CBX","","","","63/G","T",1,0,0,0,0,"F"
1,2,1,0,"BX","","","","43/G","T",1,0,0,0,0,"F"
0,0,2,2,"BSSBX","","","","7/F","T",1,0,0,0,0,"F"
0,1,3,1,"BBBCB","","","","W","T",0,1,0,0,0,"F"
0,1,0,1,"CX","gyorj001","","","HR/7/L.1-H","T",0,4,4,0,0,"F"
0,1,1,1,"BCX","","","","43/G","T",1,0,0,0,0,"F"
0,2,3,1,"BFBBX","","","","7/L","T",1,0,0,0,0,"F"
1,0,1,0,"BX","","","","9/L+","T",1,0,0,0,0,"F"
1,1,1,2,"CBFX","","","","63/G","T",1,0,0,0,0,"F"
1,2,1,2,"BCFX","","","","6/P","T",1,0,0,0,0,"F"
0,0,2,2,"..BBCFS","","","","K","T",1,0,0,0,0,"F"
0,1,3,2,"BFBBCX","","","","HR/89/F","T",0,4,0,0,0,"F"
0,1,1,2,"BFFS","","","","K","T",1,0,0,0,0,"F"
0,2,3,2,"CSBFFBFBX","","","","9/F","T",1,0,0,0,0,"F"
1,0,0,1,"..MX","","","","23/BG","T",1,0,0,0,0,"F"
1,1,0,1,".CX","","","","8/F","T",1,0,0,0,0,"F"
1,2,1,1,"BFX","","","","S8/L+","T",0,1,0,0,0,"F"
1,2,0,0,".1X","galli001","","","53/G","T",1,0,1,0,0,"F"
0,0,1,1,"..CBX","","","","S7/G","T",0,1,0,0,0,"F"
0,0,0,2,"CCX","ozunm001","","","9/F","T",1,0,1,0,0,"F"
0,1,0,2,"CFS","ozunm001","","","K","T",1,0,1,0,0,"F"
0,2,2,1,"CBBX","ozunm001","","","S7/L.1-2","T",0,1,2,0,0,"F"
0,2,1,2,"BCCFFX","wongk001","ozunm001","","43/G","T",1,0,1,2,0,"F"
1,0,0,1,".CX","","","","63/G","T",1,0,0,0,0,"F"
1,1,3,1,"BBCBB","","","","W","T",0,1,0,0,0,"F"
1,1,1,2,".BCS1B","rivey001","","","WP.1-2","F",0,0,2,0,0,"F"
1,1,2,2,".BCS1B.X","","rivey001","","53/G","T",1,0,0,2,0,"F"
1,2,0,2,"CFFS","","rivey001","","K23","T",1,0,0,2,0,"F"
0,0,0,2,"CCS","","","","K","T",1,0,0,0,0,"T"
0,1,0,1,"FX","","","","HR/78/F","T",0,4,0,0,0,"F"
0,1,0,2,"CFFC","","","","K","T",1,0,0,0,0,"F"
0,2,1,1,"SBX","","","","4/P","T",1,0,0,0,0,"F"
1,0,0,0,"X","","","","7/F","T",1,0,0,0,0,"F"
1,1,0,1,"CX","","","","63/G","T",1,0,0,0,0,"F"
1,2,1,2,"BFCS","","","","K","T",1,0,0,0,0,"F"
0,0,3,1,"BFBBX","","","","4/P","T",1,0,0,0,0,"F"
0,1,1,0,"BX","","","","D7/L+","T",0,2,0,0,0,"F"
0,1,1,1,"BF>N","","munoy001","","CS3(156)","F",1,0,0,0,0,"F"
0,2,3,2,"BF>N.BBCFFB","","","","W","T",0,1,0,0,0,"F"
0,2,2,2,"CSFBB1S","wongk001","","","K","T",1,0,1,0,0,"F"
1,0,3,2,"BBBCFB","","","","W","T",0,1,0,0,0,"F"
1,0,0,0,"X","bourj002","","","64(1)/FO/G","T",1,1,0,0,0,"F"
1,1,0,1,"CX","casts001","","","S9/L.1-3","T",0,1,3,0,0,"F"
1,1,3,1,"BB1BFX","pradm001","","casts001","S8/L.3-H;1-2","T",0,1,2,0,4,"F"
1,1,0,1,"SX","rojam002","pradm001","","3/L","T",1,0,1,2,0,"F"
1,2,0,0,"X","rojam002","pradm001","","3/G","T",1,0,1,2,0,"F"
0,0,2,1,"CBBX","","","","63/G","T",1,0,0,0,0,"F"
0,1,2,2,"CBFBX","","","","9/F","T",1,0,0,0,0,"F"
0,2,2,2,"CBCFBX","","","","9/L","T",1,0,0,0,0,"F"
1,0,0,2,"CFFFX","","","","9/F","T",1,0,0,0,0,"F"
1,1,2,2,"CBBFX","","","","8/L","T",1,0,0,0,0,"F"
1,2,1,2,"FCBFC","","","","K","T",1,0,0,0,0,"F"
0,0,0,2,"TCS","","","","K","T",1,0,0,0,0,"F"
0,1,0,0,"X","","","","53/G","T",1,0,0,0,0,"F"
0,2,2,1,"BSBX","","","","7/F","T",1,0,0,0,0,"F"
1,0,1,0,"BX","","","","63/G-","T",1,0,0,0,0,"F"
1,1,0,2,"CFT","","","","K","T",1,0,0,0,0,"F"
1,2,0,1,"CX","","","","43/G","T",1,0,0,0,0,"F"
0,0,0,2,"SSFC","","","","K","T",1,0,0,0,0,"F"
0,1,0,2,"CCS","","","","K","T",1,0,0,0,0,"F"
0,2,0,2,"SCFS","","","","K","T",1,0,0,0,0,"F"
1,0,0,1,"CX","","","","3/P9LF","T",1,0,0,0,0,"F"
1,1,1,2,"CFBX","","","","53/G","T",1,0,0,0,0,"F"
1,2,1,1,"BCX","","","","3/G-","T",1,0,0,0,0,"F"
0,0,3,2,"CBSFBBFX","","","","9/F","T",1,0,0,0,0,"F"
0,1,3,1,"BBBCX","","","","HR/9/F","T",0,4,0,0,0,"F"
0,1,3,2,"BSBSBX","","","","6/L","T",1,0,0,0,0,"F"
0,2,3,0,"BBBB","","","","W","T",0,1,0,0,0,"F"
0,2,3,2,"CB*BBS>F>X","martj008","","","D7/L.1-H","T",0,2,4,0,0,"F"
0,2,3,1,".BS*BBX","","ozunm001","","3/P","T",1,0,0,2,0,"F"
1,0,1,2,"CBFS","","","","K","T",1,0,0,0,0,"F"
1,1,1,1,"BCX","","","","8/F","T",1,0,0,0,0,"F"
1,2,0,0,"X","","","","2/P2F","T",1,0,0,0,0,"F"
0,0,1,2,"FBSFS","","","","K","T",1,0,0,0,0,"F"
0,1,1,0,"BX","","","","S8/G","T",0,1,0,0,0,"F"
0,1,3,1,"*B1BBC1X","wongk001","","","4/P3F","T",1,0,1,0,0,"F"
0,2,1,2,".SBFX","wongk001","","","54(1)/FO/G","T",1,1,0,0,0,"F"
1,0,1,2,".CBSS","","","","K","T",1,0,0,0,0,"F"
1,1,2,1,".BCBX","","","","63/G","T",1,0,0,0,0,"F"
1,2,2,2,"BCBSX","","","","63/G","T",1,0,0,0,0,"F"
0,0,1,0,".BX","","","","8/F","T",1,0,0,0,0,"F"
0,1,2,2,"BTBFH","","","","HP","T",0,1,0,0,0,"F"
0,1,1,1,"CB1","moliy001","","","POCS2(134)","F",1,0,0,0,0,"F"
0,2,1,2,"CB1.SX","","","","S9/F","T",0,1,0,0,0,"F"
0,2,0,0,".*B","badeh001","","","SB2","F",0,0,2,0,0,"F"
0,2,3,0,".*B.VVV","","badeh001","","IW","T",0,1,0,2,0,"F"
0,2,1,1,"BCX","ozunm001","badeh001","","D7/L.2-H;1-H","T",0,2,4,4,0,"F"
0,2,0,2,"FCFX","","dejop001","","63/G","T",1,0,0,2,0,"F"
1,0,1,1,"..BCX","","","","8/L","T",1,0,0,0,0,"F"
1,1,1,2,"CBFX","","","","6/L","T",1,0,0,0,0,"F"
1,2,1,0,".BX","","","","8/L","T",1,0,0,0,0,"F"
0,0,2,2,".CBBCX","","","","D7/G","T",0,2,0,0,0,"F"
0,0,2,2,"BF*BFX","","wongk001","","63/G","T",1,0,0,2,0,"F"
0,1,1,2,".CSBS","","wongk001","","K","T",1,0,0,2,0,"F"
0,2,3,0,"VVVV","","wongk001","","IW","T",0,1,0,2,0,"F"
0,2,1,0,"BX","carpm002","wongk001","","D9/F.2-H;1-H","T",0,2,4,4,0,"F"
0,2,1,2,"SFBS","","moliy001","","K","T",1,0,0,2,0,"F"
1,0,1,2,".CBCFS","","","","K","T",1,0,0,0,0,"F"
1,1,2,2,"BCFFBFFX","","","","D7/L+","T",0,2,0,0,0,"F"
1,1,1,2,"CS*BX","","andeb006","","63/G","T",1,0,0,2,0,"F"
1,2,0,0,"X","","andeb006","","43/G+","T",1,0,0,2,0,"F"
0,0,2,1,"BBCX","","","","S8/L+","T",0,1,0,0,0,"T"
0,0,0,1,"1FX","rosaa003","","","8/F","T",1,0,1,0,0,"F"
0,1,2,2,"1CSBBX","rosaa003","","","3/P","T",1,0,1,0,0,"F"
0,2,2,2,"B1SFBX","rosaa003","","","8/F","T",1,0,1,0,0,"F"
1,0,0,1,"LX","","","","53/G-","T",1,0,0,0,0,"F"
1,1,2,2,"BSBCS","","","","K","T",1,0,0,0,0,"F"
1,2,3,2,"CBBBSS","","","","K","T",1,0,0,0,0,"F"
0,0,0,0,"X","","","","43/G","T",1,0,0,0,0,"F"
0,1,0,2,"CCC","","","","K","T",1,0,0,0,0,"F"
0,2,0,0,"X","","","","S1/G-","T",0,1,0,0,0,"F"
0,2,1,1,"BFX","jacka001","","","8/L","T",1,0,1,0,0,"F"
1,0,1,2,"CFBS","","","","K","T",1,0,0,0,0,"F"
1,1,3,1,"BCBBX","","","","9/F","T",1,0,0,0,0,"F"
1,2,0,1,"CX","","","","9/L","T",1,0,0,0,0,"F"
0,0,0,2,"CFT","","","","K","T",1,0,0,0,0,"F"
0,1,0,1,"CX","","","","43/G","T",1,0,0,0,0,"F"
0,2,0,0,"X","","","","S8/L+","T",0,1,0,0,0,"F"
0,2,2,0,"B1BX","mcnej002","","","S9/L.1-3","T",0,1,3,0,0,"F"
0,2,3,2,"BBBCT>F>X","florw001","","mcnej002","S9/G.3-H;1-2","T",0,1,2,0,4,"F"
0,2,3,2,"B2SBFB>X","confm001","florw001","","8/F-","T",1,0,1,2,0,"F"
1,0,0,1,"CX","","","","5/P5F","T",1,0,0,0,0,"F"
1,1,1,1,"CBX","","","","E6/G","T",0,1,0,0,0,"F"
1,1,1,1,"BL1X","rojam002","","","34/BG/SH.1-2","T",1,0,2,0,0,"F"
1,2,3,2,"TC*BF*BFBX","","rojam002","","7/L","T",1,0,0,2,0,"F"
0,0,2,1,"BSBX","","","","23/G-","T",1,0,0,0,0,"F"
0,1,3,2,"BBBCFS","","","","K","T",1,0,0,0,0,"F"
0,2,0,0,"X","","","","7/F7LF","T",1,0,0,0,0,"F"
1,0,3,1,"BFBBB","","","","W","T",0,1,0,0,0,"F"
1,0,1,2,"CCB1FFX","andeb006","","","8/F","T",1,0,1,0,0,"F"
1,1,1,2,"SB>FB","andeb006","","","WP.1-2","F",0,0,2,0,0,"F"
1,1,3,2,"SB>FB.BS","","andeb006","","K","T",1,0,0,2,0,"F"
1,2,1,1,"BSX","","andeb006","","53/G","T",1,0,0,2,0,"F"
0,0,0,0,"X","","","","3/G","T",1,0,0,0,0,"F"
0,1,0,1,"FX","","","","S7/G+","T",0,1,0,0,0,"F"
0,1,1,0,"1BX","rosaa003","","","6/P","T",1,0,1,0,0,"F"
0,2,3,1,"B1BBCX","rosaa003","","","5/L+","T",1,0,1,0,0,"F"
1,0,1,2,"CBFX","","","","S7/L","T",0,1,0,0,0,"F"
1,0,0,0,"X","pradm001","","","36(1)/FO/G","T",1,1,0,0,0,"F"
1,1,1,1,"11B1FX","orter001","","","43/G.1-2","T",1,0,2,0,0,"F"
1,2,0,1,"SX","","orter001","","4/P","T",1,0,0,2,0,"F"
0,0,3,2,"BFCFBBB","","","","W","T",0,1,0,0,0,"F"
0,0,3,2,"BBCCFBX","confm001","","","43/G.1-2","T",1,0,2,0,0,"F"
0,1,1,2,"CS*BX","","confm001","","S7/G+.2-3","T",0,1,0,3,0,"F"
0,1,3,1,"*BBSBX","frazt001","","confm001","S18/G.3-H;1-3","T",0,1,3,0,4,"F"
0,1,0,0,".H","jacka001","","frazt001","HP.1-2","T",0,1,2,0,3,"F"
0,1,0,2,"SCS","plawk001","jacka001","frazt001","K","T",1,0,1,2,3,"F"
0,2,2,2,"BSBFX","plawk001","jacka001","frazt001","S48/L.3-H;2-H;1X3(85)","T",1,1,0,4,4,"F"
1,0,1,1,"BCX","","","","13/G","T",1,0,0,0,0,"F"
1,1,3,2,"SBSFFBFBS","","","","K","T",1,0,0,0,0,"F"
1,2,0,1,"CX","","","","D7/G","T",0,2,0,0,0,"F"
1,2,1,2,"BFFX","","realj001","","7/F-","T",1,0,0,2,0,"F"
0,0,1,1,".CBX","","","","63/G","T",1,0,0,0,0,"F"
0,1,2,1,"CBBX","","","","6/P","T",1,0,0,0,0,"F"
0,2,2,0,"BBX","","","","3/G","T",1,0,0,0,0,"F"
1,0,3,2,"CBSFBBS","","","","K","T",1,0,0,0,0,"F"
1,1,1,2,"BFCS","","","","K","T",1,0,0,0,0,"F"
1,2,0,1,"CX","","","","S8/L","T",0,1,0,0,0,"F"
1,2,1,0,"B1X","orter001","","","HR/7/F.1-H","T",0,4,4,0,0,"F"
1,2,1,2,".CSFBS","","","","K","T",1,0,0,0,0,"F"
0,0,2,2,".BBCFS","","","","K","T",1,0,0,0,0,"F"
0,1,0,2,"CFX","","","","S9/L","T",0,1,0,0,0,"F"
0,1,0,2,"CSX","frazt001","","","DGR/89/F.1-3","T",0,2,3,0,0,"F"
0,1,0,1,"FX","","jacka001","frazt001","S8/L.3-H;2-H","T",0,1,0,4,4,"F"
0,1,1,2,".CCBS","plawk001","","","K","T",1,0,1,0,0,"F"
0,2,1,2,"CBFT","plawk001","","","K","T",1,0,1,0,0,"F"
1,0,0,2,".FSX","","","","53/G","T",1,0,0,0,0,"F"
1,1,1,1,"CBX","","","","53/G","T",1,0,0,0,0,"F"
1,2,3,2,"BBBCSFX","","","","9/F","T",1,0,0,0,0,"F"
0,0,0,1,".FX","","","","6/L","T",1,0,0,0,0,"F"
0,1,2,2,"FBFFBX","","","","D7/G+","T",0,2,0,0,0,"F"
0,1,2,2,"FCBBS","","florw001","","K","T",1,0,0,2,0,"F"
0,2,3,2,"BBCCBS","","florw001","","K","T",1,0,0,2,0,"F"
1,0,0,0,".H","","","","HP","T",0,1,0,0,0,"F"
1,0,0,2,".CFX","dietd001","","","14(1)3/GDP","T",2,0,0,0,0,"F"
1,2,3,0,"BBB*B","","","","W","T",0,1,0,0,0,"F"
1,2,0,0,">C","pradm001","","","DI.1-2","F",0,0,2,0,0,"F"
1,2,2,2,">C.F*BBX","","pradm001","","3/G","T",1,0,0,2,0,"F"
0,0,2,2,"BBFSX","","","","4/L","T",1,0,0,0,0,"T"
0,1,1,2,"CFFBX","","","","63/G","T",1,0,0,0,0,"F"
0,2,2,2,"BBSCS","","","","K","T",1,0,0,0,0,"F"
1,0,1,1,"CBX","","","","9/F","T",1,0,0,0,0,"F"
1,1,1,2,"CFBS","","","","K","T",1,0,0,0,0,"F"
1,2,2,1,"BCBX","","","","43/G","T",1,0,0,0,0,"F"
0,0,2,2,"CFBBS","","","","K","T",1,0,0,0,0,"F"
0,1,3,2,"CSBBBC","","","","K","T",1,0,0,0,0,"F"
0,2,3,1,"BBCB*B","","","","W","T",0,1,0,0,0,"F"
0,2,0,0,">C","frazt001","","","SB2","F",0,0,2,0,0,"F"
0,2,3,2,">C.TB*BBC","","frazt001","","K","T",1,0,0,2,0,"F"
1,0,3,2,"CBBFFBC","","","","K","T",1,0,0,0,0,"F"
1,1,0,0,"X","","","","63/G","T",1,0,0,0,0,"F"
1,2,2,1,"CBBX","","","","43/G+","T",1,0,0,0,0,"F"
0,0,1,2,"BFFX","","","","43/G","T",1,0,0,0,0,"F"
0,1,0,0,"X","","","","3/P3F","T",1,0,0,0,0,"F"
0,2,1,2,"CBFX","","","","D7/L","T",0,2,0,0,0,"F"
0,2,0,0,"2","","rosaa003","","PO2(16)","F",1,0,0,0,0,"F"
1,0,0,0,"X","","","","7/F","T",1,0,0,0,0,"F"
1,1,1,1,"CBX","","","","5/P5F","T",1,0,0,0,0,"F"
1,2,0,0,"X","","","","S8/G","T",0,1,0,0,0,"F"
1,2,2,2,"FBFBX","strad003","","","31/G","T",1,0,1,0,0,"F"
0,0,1,0,"BX","","","","9/F","T",1,0,0,0,0,"F"
0,1,1,0,"BX","","","","D7/L+","T",0,2,0,0,0,"F"
0,1,3,2,"FFBBFB*B","","florw001","","W","T",0,1,0,2,0,"F"
0,1,3,2,"BBBCCB","confm001","florw001","","W.2-3;1-2","T",0,1,2,3,0,"F"
0,1,1,2,"BCFX","nimmb001","confm001","florw001","D7/G.3-H;2-H;1-H","T",0,2,4,4,4,"F"
0,1,3,2,"CCFFBB*BFX","","frazt001","","5/P5F","T",1,0,0,2,0,"F"
0,2,3,0,"VVVV","","frazt001","","IW","T",0,1,0,2,0,"F"
0,2,1,2,"SSBC","mesod001","frazt001","","K","T",1,0,1,2,0,"F"
1,0,1,2,"BCFFX","","","","53/G","T",1,0,0,0,0,"F"
1,1,1,1,"FBX","","","","S5/G","T",0,1,0,0,0,"F"
1,1,0,0,"X","casts001","","","16(1)/FO/G","T",1,1,0,0,0,"F"
1,2,2,0,"BBX","andeb006","","","D7/L.1-3","T",0,2,3,0,0,"F"
1,2,0,1,"CX","","dietd001","andeb006","S9/L.3-H;2-H;BX2(9246)","T",1,0,0,4,4,"F"
0,0,0,2,"MSFX","","","","63/G","T",1,0,0,0,0,"F"
0,1,0,1,"SX","","","","8/L","T",1,0,0,0,0,"F"
0,2,2,2,"CFBFBFH","","","","HP","T",0,1,0,0,0,"F"
0,2,0,1,"1CX","florw001","","","S9/L+.1-2","T",0,1,2,0,0,"F"
0,2,1,0,".BX","confm001","florw001","","3/G","T",1,0,1,2,0,"F"
1,0,0,1,"CX","","","","13/G-","T",1,0,0,0,0,"F"
1,1,1,0,"BX","","","","S5/BG","T",0,1,0,0,0,"F"
1,1,2,2,".1S11B*BFS","sierm002","","","K","T",1,0,1,0,0,"F"
1,2,3,2,"1CFFBFB*B>B","sierm002","","","W.1-2","T",0,1,2,0,0,"F"
1,2,2,0,"BBX","orter001","sierm002","","S7/G+.2-H;1-3","T",0,1,3,4,0,"F"
1,2,1,1,"CBX","realj001","","orter001","53/G","T",1,0,1,0,3,"F"
0,0,2,1,".CBBX","","","","9/F9LF","T",1,0,0,0,0,"F"
0,1,2,1,"FBBX","","","","S8/L+","T",0,1,0,0,0,"F"
0,1,1,0,"BX","bautj002","","","7/F7LF","T",1,0,1,0,0,"F"
0,2,2,2,"SBCBX","bautj002","","","43/G","T",1,0,1,0,0,"F"
1,0,0,0,"X","","","","63/G","T",1,0,0,0,0,"F"
1,1,2,2,"CBBFX","","","","3/G-","T",1,0,0,0,0,"F"
1,2,2,1,"BFBH","","","","HP","T",0,1,0,0,0,"F"
1,2,1,2,"*BFFX","pradm001","","","8/L","T",1,0,1,0,0,"F"
0,0,2,2,".BFBFX","","","","43/G","T",1,0,0,0,0,"F"
0,1,0,2,"SSX","","","","8/L","T",1,0,0,0,0,"F"
0,2,2,2,"CCFBBX","","","","9/F","T",1,0,0,0,0,"F"
1,0,0,2,".CST","","","","K","T",1,0,0,0,0,"F"
1,1,0,0,".X","","","","7/F","T",1,0,0,0,0,"F"
1,2,2,2,"CBBFFX","","","","S9/L+","T",0,1,0,0,0,"F"
1,2,3,0,"B*BBB","orter001","","","W.1-2","T",0,1,2,0,0,"F"
1,2,0,2,"CSS","realj001","orter001","","K","T",1,0,1,2,0,"F"
0,0,3,2,".CBFBBB","","","","W","T",0,1,0,0,0,"F"
0,0,0,2,"CCX","confm001","","","46(1)3/GDP","T",2,0,0,0,0,"F"
0,2,1,2,"CBSS","","","","K","T",1,0,0,0,0,"F"
1,0,1,2,".CCBX","","","","S7/G","T",0,1,0,0,0,"F"
1,0,1,2,"BSCX","andeb006","","","8/F","T",1,0,1,0,0,"F"
1,1,0,0,"X","andeb006","","","S7/G.1-2","T",0,1,2,0,0,"F"
1,1,0,0,"B","pradm001","andeb006","","WP.2-3;1-2","F",0,0,2,3,0,"F"
1,1,3,2,"B.BSBSFB","","pradm001","andeb006","W","T",0,1,0,2,3,"F"
1,1,1,2,"FFBFFFS","rojam002","pradm001","andeb006","K","T",1,0,1,2,3,"F"
1,2,1,2,".FCBX","rojam002","pradm001","andeb006","8/L","T",1,0,1,2,3,"F"
0,0,3,2,".FCBBBS","","","","K","T",1,0,0,0,0,"F"
0,1,1,2,"CBSS","","","","K","T",1,0,0,0,0,"F"
0,2,3,2,".CBBSBFC","","","","K","T",1,0,0,0,0,"F"
1,0,3,2,".BTBFBX","","","","7/F","T",1,0,0,0,0,"F"
1,1,3,2,"CBBBSFX","","","","8/F","T",1,0,0,0,0,"F"
1,2,0,0,"X","","","","63/G+","T",1,0,0,0,0,"F"
0,0,2,2,".FFFBBFX","","","","8/L+","T",1,0,0,0,0,"F"
0,1,2,1,"BFBX","","","","7/F","T",1,0,0,0,0,"F"
0,2,1,2,"CFBX","","","","D7/F","T",0,2,0,0,0,"F"
0,2,3,0,"VVVV","","florw001","","IW","T",0,1,0,2,0,"F"
0,2,2,2,"SFFBBFFFX","confm001","florw001","","13/G","T",1,0,1,2,0,"F"
1,0,2,2,"FBBFX","","","","7/L+","T",1,0,0,0,0,"F"
1,1,0,2,"SSFS","","","","K","T",1,0,0,0,0,"F"
1,2,0,0,"X","","","","9/F","T",1,0,0,0,0,"F"
0,0,2,2,".CBBCX","","","","8/F","T",1,0,0,0,0,"F"
0,1,1,0,"BX","","","","8/F+","T",1,0,0,0,0,"F"
0,2,0,2,"CTX","","","","6/P","T",1,0,0,0,0,"F"
1,0,1,1,".BCX","","","","S9/L","T",0,1,0,0,0,"F"
1,0,0,0,"X","rojam002","","","34/BG/SH.1-2","T",1,0,2,0,0,"F"
1,1,1,1,".CBX","","rojam002","","D7/G.2-H","T",0,2,0,4,0,"F"
0,0,3,2,"FBCBFBB","","","","W","T",0,1,0,0,0,"T"
0,0,0,1,"1F>B","rosaa003","","","SB2","F",0,0,2,0,0,"F"
0,0,1,2,"1F>B.CFX","","rosaa003","","9/F.2-3","T",1,0,0,3,0,"F"
0,1,1,1,"BSX","","","rosaa003","8/F/SF.3-H","T",1,0,0,0,4,"F"
0,2,0,2,"SFFS","","","","K","T",1,0,0,0,0,"F"
1,0,0,1,"CX","","","","S4/G","T",0,1,0,0,0,"F"
1,0,0,1,"1C>B","orter001","","","SB2","F",0,0,2,0,0,"F"
1,0,1,1,"1C>B.X","","orter001","","13/G","T",1,0,0,2,0,"F"
1,1,0,2,"SSX","","orter001","","S7/L.2-H","T",0,1,0,4,0,"F"
1,1,0,0,"1X","casts001","","","53/G-.1-2","T",1,0,2,0,0,"F"
1,2,2,0,"BBX","","casts001","","6/P","T",1,0,0,2,0,"F"
0,0,3,2,"BSCBBFC","","","","K","T",1,0,0,0,0,"F"
0,1,2,1,"BFBX","","","","5E3/G-","T",0,1,0,0,0,"F"
0,1,3,1,"CBBBX","bautj002","","","7/F","T",1,0,1,0,0,"F"
0,2,0,2,"CCB","bautj002","","","WP.1-2","F",0,0,2,0,0,"F"
0,2,1,2,"CCB.FX","","bautj002","","HR/78/F.2-H(UR);B-H(UR)","T",0,5,0,5,0,"F"
0,2,0,2,"CCS","","","","K","T",1,0,0,0,0,"F"
1,0,0,2,"CSS","","","","K","T",1,0,0,0,0,"F"
1,1,0,0,"X","","","","53/G-","T",1,0,0,0,0,"F"
1,2,0,0,"X","","","","23/BG","T",1,0,0,0,0,"F"
0,0,3,1,"BSBBB","","","","W","T",0,1,0,0,0,"F"
0,0,1,2,"BFSC","rosaa003","","","K","T",1,0,1,0,0,"F"
0,1,0,1,"CX","rosaa003","","","13/G-.1-2","T",1,0,2,0,0,"F"
0,2,2,2,"C*BSB>X","","rosaa003","","8/F","T",1,0,0,2,0,"F"
1,0,0,2,"CFS","","","","K","T",1,0,0,0,0,"F"
1,1,2,1,"BCBX","","","","6/L","T",1,0,0,0,0,"F"
1,2,2,2,"CSBBS","","","","K","T",1,0,0,0,0,"F"
0,0,1,2,"BCTX","","","","S9/G.BX2(94)","T",1,0,0,0,0,"F"
0,1,3,2,"BBCBCC","","","","K","T",1,0,0,0,0,"F"
0,2,1,2,"CSFBX","","","","8/L","T",1,0,0,0,0,"F"
1,0,2,2,"CSBBS","","","","K","T",1,0,0,0,0,"F"
1,1,2,1,"CBBX","","","","S9/G","T",0,1,0,0,0,"F"
1,1,0,0,"11X","andeb006","","","56(1)/FO/G-","T",1,1,0,0,0,"F"
1,2,1,1,"SBX","dietd001","","","S8/G.1-2","T",0,1,2,0,0,"F"
1,2,1,0,"BX","pradm001","dietd001","","S7/L.2-H;1-2","T",0,1,2,4,0,"F"
1,2,0,1,"SX","holab001","pradm001","","8/L","T",1,0,1,2,0,"F"
0,0,1,1,"BCX","","","","S6/G","T",0,1,0,0,0,"F"
0,0,1,1,"B1>LX","reyej001","","","13/BG/SH.1-2","T",1,0,2,0,0,"F"
0,1,3,1,"BBBCX","","reyej001","","53/G","T",1,0,0,2,0,"F"
0,2,1,2,"FBSFFS","","reyej001","","K","T",1,0,0,2,0,"F"
1,0,1,2,"BSCS","","","","K","T",1,0,0,0,0,"F"
1,1,2,2,"FCBFBFX","","","","S9/G","T",0,1,0,0,0,"F"
1,1,0,0,"111>C","orter001","","","SB2","F",0,0,2,0,0,"F"
1,1,0,2,"111>C.FX","","orter001","","63/G.2-3","T",1,0,0,3,0,"F"
1,2,0,1,"SX","","","orter001","53/G","T",1,0,0,0,3,"F"
0,0,3,1,"BBBFX","","","","5/P","T",1,0,0,0,0,"F"
0,1,1,2,"BCFX","","","","HR/9/F","T",0,4,0,0,0,"F"
0,1,1,2,"CBCFFX","","","","6/P","T",1,0,0,0,0,"F"
0,2,1,0,"BX","","","","43/G","T",1,0,0,0,0,"F"
1,0,1,0,"BX","","","","23/G-","T",1,0,0,0,0,"F"
1,1,1,0,"BX","","","","43/G","T",1,0,0,0,0,"F"
1,2,3,2,"CBBFBB","","","","W","T",0,1,0,0,0,"F"
1,2,1,0,"B>C","pradm001","","","SB2","F",0,0,2,0,0,"F"
1,2,1,1,"B>C.X","","pradm001","","S8/L.2-H","T",0,1,0,4,0,"F"
1,2,0,0,"X","holab001","","","E1/TH/G.1-2","T",0,1,2,0,0,"F"
1,2,2,1,".CBBX","sierm002","holab001","","8/F","T",1,0,1,2,0,"F"
0,0,3,2,".CFBBBC","","","","K","T",1,0,0,0,0,"F"
0,1,2,2,"FBBSX","","","","9/F","T",1,0,0,0,0,"F"
0,2,0,1,"SX","","","","S7/F-","T",0,1,0,0,0,"F"
0,2,2,2,"B*BCFT","syndn001","","","K","T",1,0,1,0,0,"F"
1,0,1,2,"CBFFFS","","","","K","T",1,0,0,0,0,"F"
1,1,0,2,"FSS","","","","K","T",1,0,0,0,0,"F"
1,2,3,2,"CFBBFBFB","","","","W","T",0,1,0,0,0,"F"
1,2,2,1,"11BB1C>X","casts001","","","53/G","T",1,0,1,0,0,"F"
0,0,2,1,"CBBX","","","","8/L+","T",1,0,0,0,0,"F"
0,1,1,2,"FFBX","","","","8/L+","T",1,0,0,0,0,"F"
0,2,1,2,"CSBS","","","","K","T",1,0,0,0,0,"F"
1,0,2,2,".CSBFBX","","","","43/G","T",1,0,0,0,0,"F"
1,1,1,2,"CCBX","","","","S6/G","T",0,1,0,0,0,"F"
1,1,1,0,".1B1>X","rivey001","","","63/G.1-2","T",1,0,2,0,0,"F"
1,2,1,1,"CBX","","rivey001","","3/G","T",1,0,0,2,0,"F"
0,0,0,1,".CX","","","","7/F","T",1,0,0,0,0,"F"
0,1,1,2,".FFBX","","","","8/L","T",1,0,0,0,0,"F"
0,2,0,0,"X","","","","13/G-","T",1,0,0,0,0,"F"
1,0,1,1,"...BFX","","","","S8/L","T",0,1,0,0,0,"F"
1,0,3,2,"11BBFBFFX","realj001","","","46(1)3/GDP","T",2,0,0,0,0,"F"
1,2,0,1,"CX","","","","S8/L","T",0,1,0,0,0,"F"
1,2,1,2,".11CCBFX","galli001","","","53/G","T",1,0,1,0,0,"F"
0,0,1,2,"CBFS","","","","K","T",1,0,0,0,0,"T"
0,1,2,2,"CBBCX","","","","S7/G+","T",0,1,0,0,0,"F"
0,1,0,0,"X","stanm004","","","3/L/DP.1X1(3)","T",2,0,0,0,0,"F"
1,0,3,2,"BFFBFBB","","","","W","T",0,1,0,0,0,"F"
1,0,1,2,"SB1SFF1X","orter001","","","3/P3F","T",1,0,1,0,0,"F"
1,1,0,0,"1","orter001","","","PO1(13)","F",1,0,0,0,0,"F"
1,2,3,2,"1.FBBBSFX","","","","13/G-","T",1,0,0,0,0,"F"
0,0,0,0,"X","","","","9/F","T",1,0,0,0,0,"F"
0,1,0,2,"CCS","","","","K","T",1,0,0,0,0,"F"
0,2,0,2,"CCX","","","","S5/G-","T",0,1,0,0,0,"F"
0,2,0,0,"X","torrg001","","","S9/L.1-2","T",0,1,2,0,0,"F"
0,2,1,0,"B2S","walkn001","torrg001","","PB.2-3","F",0,0,1,3,0,"F"
0,2,3,2,"B2S.B*BS>F>X","walkn001","","torrg001","53/G","T",1,0,1,0,3,"F"
1,0,0,2,"CCX","","","","S9/G","T",0,1,0,0,0,"F"
1,0,0,0,"X","dietd001","","","6/L+/DP.1X1(63)","T",2,0,0,0,0,"F"
1,2,1,1,"CBX","","","","53/G","T",1,0,0,0,0,"F"
0,0,1,1,"CBX","","","","3/G","T",1,0,0,0,0,"F"
0,1,3,2,"BCCBBB","","","","W","T",0,1,0,0,0,"F"
0,1,2,2,"F*BS1B>S","gardb001","","","K+SB2","T",1,0,2,0,0,"F"
0,2,1,2,"CBFC","","gardb001","","K","T",1,0,0,2,0,"F"
1,0,1,1,"CBX","","","","7/L+","T",1,0,0,0,0,"F"
1,1,3,2,"CBFBFBFFC","","","","K","T",1,0,0,0,0,"F"
1,2,2,2,"BSSBS","","","","K","T",1,0,0,0,0,"F"
0,0,1,2,"CFBX","","","","S9/L","T",0,1,0,0,0,"F"
0,0,2,1,"CBBX","andum001","","","4/P","T",1,0,1,0,0,"F"
0,1,1,1,"S*BX","andum001","","","S7/L.1-2","T",0,1,2,0,0,"F"
0,1,3,2,"BBSBCX","torrg001","andum001","","S9/L.2-H;1-2","T",0,1,2,4,0,"F"
0,1,0,1,"FH","walkn001","torrg001","","HP.2-3;1-2","T",0,1,2,3,0,"F"
0,1,0,2,"FMX","romia002","walkn001","torrg001","4/P/IF","T",1,0,1,2,3,"F"
0,2,2,1,"BBCX","romia002","walkn001","torrg001","9/F","T",1,0,1,2,3,"F"
1,0,2,1,"BBCX","","","","S7/G","T",0,1,0,0,0,"F"
1,0,1,2,"B+1F1SS","orter001","","","K","T",1,0,1,0,0,"F"
1,1,0,0,"X","orter001","","","S8/G+.1-3","T",0,1,3,0,0,"F"
1,1,0,1,"CX","andeb006","","orter001","FC3/G.3X3(325);1-2","T",1,1,2,0,0,"F"
1,2,1,1,"BSX","dietd001","andeb006","","63/G","T",1,0,1,2,0,"F"
0,0,1,2,"FFBX","","","","D7/L+","T",0,2,0,0,0,"F"
0,0,1,0,"BX","","stanm004","","3/G.2-3","T",1,0,0,3,0,"F"
0,1,0,1,"SX","","","stanm004","4/L","T",1,0,0,0,3,"F"
0,2,0,0,"X","","","stanm004","9/F","T",1,0,0,0,3,"F"
1,0,0,0,"X","","","","HR/8/F","T",0,4,0,0,0,"F"
1,0,2,2,"BBCSX","","","","4/P","T",1,0,0,0,0,"F"
1,1,0,1,"FX","","","","8/L","T",1,0,0,0,0,"F"
1,2,2,1,"SBBX","","","","53/G","T",1,0,0,0,0,"F"
0,0,2,2,"BSFBX","","","","63/G","T",1,0,0,0,0,"F"
0,1,1,1,"BFX","","","","9/L","T",1,0,0,0,0,"F"
0,2,1,1,"BSX","","","","13/G","T",1,0,0,0,0,"F"
1,0,3,2,"BCBCBX","","","","8/F","T",1,0,0,0,0,"F"
1,1,0,1,"SX","","","","7/L","T",1,0,0,0,0,"F"
1,2,1,2,"CFBS","","","","K","T",1,0,0,0,0,"F"
0,0,3,2,"..BCBBSS","","","","K","T",1,0,0,0,0,"F"
0,1,2,2,"BCFBX","","","","S1/G","T",0,1,0,0,0,"F"
0,1,1,2,"CFBS","gardb001","","","K","T",1,0,1,0,0,"F"
0,2,0,2,"1C1SS","gardb001","","","K","T",1,0,1,0,0,"F"
1,0,3,1,".BBBCX","","","","63/G","T",1,0,0,0,0,"F"
1,1,1,2,"CSBC","","","","K","T",1,0,0,0,0,"F"
1,2,2,2,"CBFBX","","","","2/G-","T",1,0,0,0,0,"F"
0,0,1,0,".BX","","","","4/P","T",1,0,0,0,0,"F"
0,1,0,1,"CX","","","","63/G","T",1,0,0,0,0,"F"
0,2,2,2,"BSSBX","","","","8/F","T",1,0,0,0,0,"F"
1,0,0,2,".CCFX","","","","S7/G","T",0,1,0,0,0,"F"
1,0,0,0,"X","riddj001","","","14/BG/SH.1-2","T",1,0,2,0,0,"F"
1,1,0,2,".CFS","","riddj001","","K","T",1,0,0,2,0,"F"
1,2,3,2,"BCBFBFX","","riddj001","","7/L","T",1,0,0,2,0,"F"
0,0,3,1,".CBBBB","","","","W","T",0,1,0,0,0,"F"
0,0,2,2,"F1SBBS","walkn001","","","K","T",1,0,1,0,0,"F"
0,1,2,2,".1BFB>FX","walkn001","","","9/L","T",1,0,1,0,0,"F"
0,2,3,1,"BBFBX","walkn001","","","9/F","T",1,0,1,0,0,"F"
1,0,3,2,".BBCBFFB","","","","W","T",0,1,0,0,0,"F"
1,0,0,0,"X","realj001","","","S9/G+.1-3","T",0,1,3,0,0,"F"
1,0,3,2,"FSFFBBFBS","andeb006","","realj001","K","T",1,0,1,0,3,"F"
1,1,3,0,"VVVV","andeb006","","realj001","IW.1-2","T",0,1,2,0,3,"F"
1,1,1,2,"BSCS","casts001","andeb006","realj001","K","T",1,0,1,2,3,"F"
1,2,2,2,"BSBFX","casts001","andeb006","realj001","46(1)/FO/G","T",1,1,0,2,3,"F"
0,0,2,2,"...CSBFBX","","","","3/G","T",1,0,0,0,0,"F"
0,1,3,2,"BBBCFFX","","","","43/G","T",1,0,0,0,0,"F"
0,2,2,1,"BBFX","","","","63/G","T",1,0,0,0,0,"F"
1,0,0,2,".LCS","","","","K","T",1,0,0,0,0,"F"
1,1,3,2,"BSBSBC","","","","K","T",1,0,0,0,0,"F"
1,2,1,1,"BFX","","","","E4/TH/G","T",0,1,0,0,0,"F"
1,2,1,2,"1C1FBS","orter001","","","K","T",1,0,1,0,0,"F"
0,0,0,2,"CSS","","","","K","T",1,0,0,0,0,"F"
0,1,3,1,"BCBBX","","","","53/G","T",1,0,0,0,0,"F"
0,2,3,2,"CCBBBB","","","","W","T",0,1,0,0,0,"F"
0,2,1,2,"CSBX","walkn001","","","4/L+","T",1,0,1,0,0,"F"
1,0,3,1,"..BBBC*B","","","","W","T",0,1,0,0,0,"F"
1,0,1,2,"CSB1X","andeb006","","","S9/G.1-3","T",0,1,3,0,0,"F"
1,0,3,1,"*BS*BBV","dietd001","","andeb006","IW.1-2","T",0,1,2,0,3,"F"
1,0,1,0,".BX","casts001","dietd001","andeb006","62(3)/FO/G.2-3;1-2","T",1,1,2,3,0,"F"
1,1,1,2,"FFBS","rivey001","casts001","dietd001","K","T",1,0,1,2,3,"F"
1,2,1,1,"BFX","rivey001","casts001","dietd001","5/P5F","T",1,0,1,2,3,"F"
0,0,1,0,".BX","","","","S7/L","T",0,1,0,0,0,"F"
0,0,3,1,"BBBC1B","higak001","","","W.1-2","T",0,1,2,0,0,"F"
0,0,3,2,"FBBBFT","gardb001","higak001","","K","T",1,0,1,2,0,"F"
0,1,0,0,"H","gardb001","higak001","","HP.2-3;1-2","T",0,1,2,3,0,"F"
0,1,2,2,"BBFFFX","hicka001","gardb001","higak001","7/F/SF.3-H","T",1,0,1,2,4,"F"
0,2,1,0,"BB","hicka001","gardb001","","WP.2-3;1-2","F",0,0,2,3,0,"F"
0,2,3,2,"BB.BCFS","","hicka001","gardb001","K","T",1,0,0,2,3,"F"
1,0,3,1,".BCBBB","","","","W","T",0,1,0,0,0,"F"
1,0,2,2,"B.CFFFF*BX","galli001","","","7/F-","T",1,0,1,0,0,"F"
1,1,1,2,"CSBC","galli001","","","K","T",1,0,1,0,0,"F"
1,2,2,2,"1SBF>FB1>B","galli001","","","CS2(24)","F",1,0,0,0,0,"F"
0,0,1,0,"BX","","","","7/F","T",1,0,0,0,0,"T"
0,1,3,0,"BBBB","","","","W","T",0,1,0,0,0,"F"
0,1,1,2,"CS*BT","stanm004","","","K","T",1,0,1,0,0,"F"
0,2,2,2,"CB1BFFX","stanm004","","","13/G-","T",1,0,1,0,0,"F"
1,0,0,2,"CFFC","","","","K","T",1,0,0,0,0,"F"
1,1,3,2,"BCFBBT","","","","K","T",1,0,0,0,0,"F"
1,2,1,2,"BSFX","","","","E1/TH/G.B-2","T",0,2,0,0,0,"F"
1,2,2,1,"BSBX","","andeb006","","43/G","T",1,0,0,2,0,"F"
0,0,0,0,"X","","","","4/P3F","T",1,0,0,0,0,"F"
0,1,0,1,"CX","","","","8/F","T",1,0,0,0,0,"F"
0,2,2,2,"CBFBS","","","","K","T",1,0,0,0,0,"F"
1,0,2,2,"CBBFX","","","","7/F","T",1,0,0,0,0,"F"
1,1,1,2,"CBCX","","","","S9/L","T",0,1,0,0,0,"F"
1,1,1,2,"BFFS","deana001","","","K","T",1,0,1,0,0,"F"
1,2,1,2,"FBST","deana001","","","K","T",1,0,1,0,0,"F"
0,0,1,2,"FBSS","","","","K","T",1,0,0,0,0,"F"
0,1,1,2,"BCSC","","","","K","T",1,0,0,0,0,"F"
0,2,2,2,"CBBCFX","","","","4/P","T",1,0,0,0,0,"F"
1,0,0,2,"CFS","","","","K","T",1,0,0,0,0,"F"
1,1,3,2,"CFBBFFBB","","","","W","T",0,1,0,0,0,"F"
1,1,2,1,"BFB1X","orter001","","","54(1)/FO/G","T",1,1,0,0,0,"F"
1,2,0,0,"X","realj001","","","63/G","T",1,0,1,0,0,"F"
0,0,3,2,"FBBSBS","","","","K","T",1,0,0,0,0,"F"
0,1,3,2,"BCBCBB","","","","W","T",0,1,0,0,0,"F"
0,1,1,2,"F1F*BS","hicka001","","","K","T",1,0,1,0,0,"F"
0,2,0,1,"CX","hicka001","","","D9/L+.1-H","T",0,2,4,0,0,"F"
0,2,1,2,"F*BCFS","","walkn001","","K","T",1,0,0,2,0,"F"
1,0,2,0,"BBX","","","","9/F","T",1,0,0,0,0,"F"
1,1,0,0,"X","","","","D7/F","T",0,2,0,0,0,"F"
1,1,3,2,"BBFBFX","","dietd001","","S8/L+.2-3","T",0,1,0,3,0,"F"
1,1,2,1,"FBB1X","deana001","","dietd001","4/P3F","T",1,0,1,0,3,"F"
1,2,1,2,"FBF>F>S","deana001","","dietd001","K","T",1,0,1,0,3,"F"
0,0,3,2,"BBFBCX","","","","13/G","T",1,0,0,0,0,"F"
0,1,1,1,"CBX","","","","53/G","T",1,0,0,0,0,"F"
0,2,2,2,"CBSFFFBC","","","","K","T",1,0,0,0,0,"F"
1,0,1,2,"SFBX","","","","31/G","T",1,0,0,0,0,"F"
1,1,2,1,"BBCX","","","","S9/G","T",0,1,0,0,0,"F"
1,1,2,1,"FBBX","orter001","","","46(1)3/GDP","T",2,0,0,0,0,"F"
0,0,0,2,"CCX","","","","S7/L","T",0,1,0,0,0,"F"
0,0,3,2,"BCF11BB>S","gardb001","","","K+SB2","T",1,0,2,0,0,"F"
0,1,3,1,"C2B2BBX","","gardb001","","S9/L.2-3;B-2(TH)","T",0,2,0,3,0,"F"
0,1,3,0,"B*BVV","","hicka001","gardb001","IW","T",0,1,0,2,3,"F"
0,1,0,1,".CX","andum001","hicka001","gardb001","8/F/SF.3-H;2-3","T",1,0,1,3,4,"F"
0,2,0,1,"SX","andum001","","hicka001","9/F","T",1,0,1,0,3,"F"
1,0,2,2,"CSBBX","","","","S8/L","T",0,1,0,0,0,"F"
1,0,2,2,"BF*BSX","andeb006","","","S5/G.1-2","T",0,1,2,0,0,"F"
1,0,0,0,"X","casts001","andeb006","","31/G.2-3;1-2","T",1,0,2,3,0,"F"
1,1,2,2,"T*BBCFX","","casts001","andeb006","S6/G.3-H;2-2","T",0,1,0,2,4,"F"
1,1,1,2,"BSFFX","deana001","casts001","","HR/7/F.2-H;1-H","T",0,4,4,4,0,"F"
1,1,2,2,"LBBFFX","","","","S53/G","T",0,1,0,0,0,"F"
1,1,0,0,"..X","sierm002","","","D8/F.1-H","T",0,2,4,0,0,"F"
1,1,1,2,"CBCS","","rivey001","","K","T",1,0,0,2,0,"F"
1,2,3,2,"CBBFFBFS","","rivey001","","K","T",1,0,0,2,0,"F"
0,0,3,2,".BFSBFBX","","","","3/G","T",1,0,0,0,0,"F"
0,1,1,2,"CBFS","","","","K","T",1,0,0,0,0,"F"
0,2,1,0,".BX","","","","S7/L","T",0,1,0,0,0,"F"
0,2,3,0,"11BBBB","voitl001","","","W.1-2","T",0,1,2,0,0,"F"
0,2,1,0,".BB","gardb001","voitl001","","WP.2-3;1-2","F",0,0,2,3,0,"F"
0,2,2,0,".BB.X","","gardb001","voitl001","S65/G.3-H;2-3","T",0,1,0,3,4,"F"
0,2,3,2,"CBBBF>C","stanm004","","gardb001","K","T",1,0,1,0,3,"F"
1,0,3,2,".BFFBBB","","","","W","T",0,1,0,0,0,"F"
1,0,3,2,"CBSBB>B","andeb006","","","W.1-3(E2/TH)","T",0,1,3,0,0,"F"
1,0,0,1,"FX","casts001","","andeb006","46(1)/FO/G.3-H(UR)","T",1,1,0,0,5,"F"
1,1,1,1,"1FBX","dietd001","","","E6/FO/G.1-2","T",0,1,2,0,0,"F"
1,1,2,1,"BFBX","deana001","dietd001","","46(1)3/GDP","T",2,0,0,2,0,"F"
0,0,1,1,"FBX","","","","43/G+","T",1,0,0,0,0,"F"
0,1,2,2,"BBCFFX","","","","7/F","T",1,0,0,0,0,"F"
0,2,1,0,"BX","","","","9/F9LF","T",1,0,0,0,0,"F"
1,0,1,2,"LCBX","","","","S8/F","T",0,1,0,0,0,"F"
1,0,0,0,".X","sierm002","","","HR/9/F.1-H","T",0,4,4,0,0,"F"
1,0,0,1,"CX","","","","31/G","T",1,0,0,0,0,"F"
1,1,3,2,"BBFCBB","","","","W","T",0,1,0,0,0,"F"
1,1,3,2,"SFBBBX","realj001","","","S9/L.1-2","T",0,1,2,0,0,"F"
1,1,2,0,"BBX","andeb006","realj001","","S8/L.2-H;1-2","T",0,1,2,4,0,"F"
1,1,0,2,"FCX","casts001","andeb006","","9/F.2-3","T",1,0,1,3,0,"F"
1,2,1,2,".*BCFFX","casts001","","andeb006","7/F","T",1,0,1,0,3,"F"
0,0,2,2,"....BSBFFX","","","","43/G","T",1,0,0,0,0,"F"
0,1,0,1,"CX","","","","S9/G+","T",0,1,0,0,0,"F"
0,1,0,1,".CX","romia002","","","S9/L.1-2","T",0,1,2,0,0,"F"
0,1,3,1,"BBBCX","torrr001","romia002","","36(1)3/GDP","T",2,0,0,2,0,"F"
0,0,3,2,"BCCBFFBX","","","","8/F+","T",1,0,0,0,0,"T"
0,1,1,1,"CBX","","","","31/G","T",1,0,0,0,0,"F"
0,2,3,2,"BCFBFBB","","","","W","T",0,1,0,0,0,"F"
0,2,1,1,"BC1X","freef001","","","7/F","T",1,0,1,0,0,"F"
1,0,3,2,"CCBBBB","","","","W","T",0,1,0,0,0,"F"
1,0,1,2,"CBCX","orter001","","","6/P","T",1,0,1,0,0,"F"
1,1,3,2,"CBBCF1B>F1>X","orter001","","","2/P3F","T",1,0,1,0,0,"F"
1,2,2,2,"F*BBFX","orter001","","","7/F","T",1,0,1,0,0,"F"
0,0,1,2,"CSBFS","","","","K","T",1,0,0,0,0,"F"
0,1,3,2,"BFSBBB","","","","W","T",0,1,0,0,0,"F"
0,1,0,0,"X","albio001","","","HR/7/F.1-H","T",0,4,4,0,0,"F"
0,1,0,2,"FFFFX","","","","23/G-","T",1,0,0,0,0,"F"
0,2,1,2,"CCBFT","","","","K","T",1,0,0,0,0,"F"
1,0,3,1,"BBCBB","","","","W","T",0,1,0,0,0,"F"
1,0,0,1,"CX","deana001","","","64(1)3/GDP","T",2,0,0,0,0,"F"
1,2,3,2,"BFBFBFS","","","","K","T",1,0,0,0,0,"F"
0,0,2,2,"BFCBX","","","","HR/78/F","T",0,4,0,0,0,"F"
0,0,3,2,"BBBCFX","","","","S9/L+","T",0,1,0,0,0,"F"
0,0,0,1,"FX","incie001","","","6(1)3/GDP","T",2,0,0,0,0,"F"
0,2,3,2,"CBBFFFBX","","","","3/P3F","T",1,0,0,0,0,"F"
1,0,0,1,"CX","","","","9/L","T",1,0,0,0,0,"F"
1,1,2,2,".CBFBS","","","","K","T",1,0,0,0,0,"F"
1,2,2,2,"BSSBC","","","","K","T",1,0,0,0,0,"F"
0,0,2,2,".CBBSS","","","","K","T",1,0,0,0,0,"F"
0,1,1,1,"BFX","","","","S8/G","T",0,1,0,0,0,"F"
0,1,1,2,"CS1BS","albio001","","","K","T",1,0,1,0,0,"F"
0,2,2,0,"B*BX","albio001","","","S7/L.1-2","T",0,1,2,0,0,"F"
0,2,2,2,"BFSBX","flowt001","albio001","","64(1)/FO/G","T",1,1,0,2,0,"F"
1,0,2,2,"CBBFFC","","","","K","T",1,0,0,0,0,"F"
1,1,3,2,"CFBFBBX","","","","23/G-","T",1,0,0,0,0,"F"
1,2,2,2,"SBFBX","","","","2/G-","T",1,0,0,0,0,"F"
0,0,2,1,"BBCX","","","","9/L+","T",1,0,0,0,0,"F"
0,1,3,1,"BFBBX","","","","HR/89/F","T",0,4,0,0,0,"F"
0,1,3,1,"FBBBB","","","","W","T",0,1,0,0,0,"F"
0,1,3,1,"BBBCX","freef001","","","S15/L+.1-2","T",0,1,2,0,0,"F"
0,1,0,1,".FX","markn001","freef001","","D9/L.2-H;1-3","T",0,2,3,4,0,"F"
0,1,2,2,"FSBFBS","","camaj001","markn001","K","T",1,0,0,2,3,"F"
0,2,1,0,"BX","","camaj001","markn001","9/F","T",1,0,0,2,3,"F"
1,0,3,2,"CBBFBFX","","","","D8/L","T",0,2,0,0,0,"F"
1,0,2,2,"BBCFS","","deana001","","K","T",1,0,0,2,0,"F"
1,1,1,1,"BSX","","deana001","","9/L+","T",1,0,0,2,0,"F"
1,2,2,2,"BBSSC","","deana001","","K","T",1,0,0,2,0,"F"
0,0,0,0,".X","","","","43/G","T",1,0,0,0,0,"F"
0,1,0,2,"CSS","","","","K","T",1,0,0,0,0,"F"
0,2,0,2,"CFFH","","","","HP","T",0,1,0,0,0,"F"
0,2,0,1,"FX","acunr001","","","6(1)/FO/G","T",1,1,0,0,0,"F"
1,0,2,2,".BBCFS","","","","K","T",1,0,0,0,0,"F"
1,1,0,1,"FX","","","","S7/L","T",0,1,0,0,0,"F"
1,1,2,2,"BBCSS","orter001","","","K","T",1,0,1,0,0,"F"
1,2,1,0,"BH","orter001","","","HP.1-2","T",0,1,2,0,0,"F"
1,2,3,1,"BBBCB","andeb006","orter001","","W.2-3;1-2","T",0,1,2,3,0,"F"
1,2,1,2,"BFCFX","casts001","andeb006","orter001","43/G","T",1,0,1,2,3,"F"
0,0,0,0,"..X","","","","8/F","T",1,0,0,0,0,"F"
0,1,1,1,"BCX","","","","D9/G","T",0,2,0,0,0,"F"
0,1,0,0,"X","","markn001","","S9/L.2-3","T",0,1,0,3,0,"F"
0,1,3,1,"BBCBX","camaj001","","markn001","6(1)3/GDP","T",2,0,0,0,3,"F"
1,0,3,2,".SBCBBS","","","","K","T",1,0,0,0,0,"F"
1,1,1,0,"BX","","","","5/P5F","T",1,0,0,0,0,"F"
1,2,2,0,"BBX","","","","S8/F","T",0,1,0,0,0,"F"
1,2,1,0,"BX","galli001","","","53/G","T",1,0,1,0,0,"F"
0,0,0,2,"CSX","","","","S9/L","T",0,1,0,0,0,"F"
0,0,1,1,"SBX","culbc001","","","8/L","T",1,0,1,0,0,"F"
0,1,0,0,".X","culbc001","","","13/G-.1-2","T",1,0,2,0,0,"F"
0,2,0,0,"X","","culbc001","","63/G","T",1,0,0,2,0,"F"
1,0,1,0,".BX","","","","13/G","T",1,0,0,0,0,"F"
1,1,3,2,"CBBBFX","","","","43/G","T",1,0,0,0,0,"F"
1,2,0,0,"H","","","","HP","T",0,1,0,0,0,"F"
1,2,1,2,"SFBS","andeb006","","","K","T",1,0,1,0,0,"F"
0,0,3,0,"BBBB","","","","W","T",0,1,0,0,0,"F"
0,0,2,2,"FBSFFBX","incie001","","","8/F","T",1,0,1,0,0,"F"
0,1,2,1,"BCBX","incie001","","","9/F","T",1,0,1,0,0,"F"
0,2,0,0,"X","incie001","","","S9/G.1-3","T",0,1,3,0,0,"F"
0,2,0,1,"SX","camaj001","","incie001","9/F","T",1,0,1,0,3,"F"
1,0,1,2,".BCSFFFS","","","","K","T",1,0,0,0,0,"F"
1,1,1,1,"CBX","","","","S8/L","T",0,1,0,0,0,"F"
1,1,0,1,"CX","rojam002","","","S7/L.1-2","T",0,1,2,0,0,"F"
1,1,0,2,"CCS","riddj001","rojam002","","K","T",1,0,1,2,0,"F"
1,2,0,2,"CCC","riddj001","rojam002","","K","T",1,0,1,2,0,"F"
0,0,0,1,"CX","","","","7/F","T",1,0,0,0,0,"T"
0,1,2,2,"CFBBX","","","","6/P","T",1,0,0,0,0,"F"
0,2,0,2,"CSS","","","","K","T",1,0,0,0,0,"F"
1,0,1,1,"CBX","","","","8/L","T",1,0,0,0,0,"F"
1,1,3,2,"CCBBBS","","","","K","T",1,0,0,0,0,"F"
1,2,2,2,"CSFBBFFX","","","","8/F","T",1,0,0,0,0,"F"
0,0,3,2,"FFBFBFFBX","","","","3/G","T",1,0,0,0,0,"F"
0,1,0,0,"X","","","","D9/L+","T",0,2,0,0,0,"F"
0,1,3,2,"2BBCBSB","","camaj001","","W","T",0,1,0,2,0,"F"
0,1,0,2,"CSX","albio001","camaj001","","64(1)3/GDP","T",2,0,0,2,0,"F"
1,0,0,0,"X","","","","8/F","T",1,0,0,0,0,"F"
1,1,2,2,"CFBBS","","","","K","T",1,0,0,0,0,"F"
1,2,0,2,"CFX","","","","7/F","T",1,0,0,0,0,"F"
0,0,3,2,"SFBFBFFFBT","","","","K","T",1,0,0,0,0,"F"
0,1,2,2,"BBFFT","","","","K","T",1,0,0,0,0,"F"
0,2,3,0,"BBBX","","","","D7/L+","T",0,2,0,0,0,"F"
0,2,3,2,"CBSBFBFX","","acunr001","","5/P","T",1,0,0,2,0,"F"
1,0,2,1,"BSBX","","","","3/P","T",1,0,0,0,0,"F"
1,1,1,2,"CBMX","","","","3/P","T",1,0,0,0,0,"F"
1,2,2,2,"CBBCFC","","","","K","T",1,0,0,0,0,"F"
0,0,2,1,"BBFX","","","","S9/L","T",0,1,0,0,0,"F"
0,0,3,2,"B1CC1FBFB>F>F11>X","freef001","","","7/F","T",1,0,1,0,0,"F"
0,1,1,1,"C11*BX","freef001","","","9/F","T",1,0,1,0,0,"F"
0,2,0,0,"1X","freef001","","","43/G","T",1,0,1,0,0,"F"
1,0,3,2,"BBCBFFC","","","","K","T",1,0,0,0,0,"F"
1,1,1,1,"BFX","","","","9/F","T",1,0,0,0,0,"F"
1,2,2,1,"BBCX","","","","D7/L+","T",0,2,0,0,0,"F"
1,2,3,2,"BCBSBX","","andeb006","","S8/G.2-H","T",0,1,0,4,0,"F"
1,2,0,0,"X","dietd001","","","4/P","T",1,0,1,0,0,"F"
0,0,1,2,"SCBX","","","","63/G","T",1,0,0,0,0,"F"
0,1,2,2,"CBSFBX","","","","4/P","T",1,0,0,0,0,"F"
0,2,0,2,"FFFS","","","","K","T",1,0,0,0,0,"F"
1,0,3,1,"BSBBB","","","","W","T",0,1,0,0,0,"F"
1,0,2,2,"CCFB*BS","riddj001","","","K","T",1,0,1,0,0,"F"
1,1,1,1,"CBX","riddj001","","","46(1)/FO/G","T",1,1,0,0,0,"F"
1,2,3,2,"BSFB+1FF*B>B","sierm002","","","W.1-2","T",0,1,2,0,0,"F"
1,2,3,2,"TBBSB>S","strad003","sierm002","","K","T",1,0,1,2,0,"F"
0,0,0,0,"X","","","","13/BG","T",1,0,0,0,0,"F"
0,1,1,2,"FBFX","","","","9/F","T",1,0,0,0,0,"F"
0,2,3,1,"BBCBX","","","","8/L","T",1,0,0,0,0,"F"
1,0,2,1,"FBBX","","","","8/F","T",1,0,0,0,0,"F"
1,1,3,1,"BBFBX","","","","E5/G","T",0,1,0,0,0,"F"
1,1,2,2,"BBFFFS","andeb006","","","K","T",1,0,1,0,0,"F"
1,2,0,1,"CB","andeb006","","","WP.1-2","F",0,0,2,0,0,"F"
1,2,1,2,"CB.CC","","andeb006","","K","T",1,0,0,2,0,"F"
0,0,3,2,".BBBCCB","","","","W","T",0,1,0,0,0,"F"
0,0,1,2,"SSFFBX","markn001","","","5/P5F","T",1,0,1,0,0,"F"
0,1,2,2,"BSSBFX","markn001","","","8/F","T",1,0,1,0,0,"F"
0,2,0,2,"CFX","markn001","","","7/F","T",1,0,1,0,0,"F"
1,0,3,2,".BBBCCS","","","","K","T",1,0,0,0,0,"F"
1,1,1,1,"FBX","","","","S8/L","T",0,1,0,0,0,"F"
1,1,2,2,"..1CBSBX","rojam002","","","64(1)/FO/G","T",1,1,0,0,0,"F"
1,2,1,2,".BFCFS","galli001","","","K","T",1,0,1,0,0,"F"
0,0,0,1,"..SX","","","","6/P","T",1,0,0,0,0,"F"
0,1,1,2,".SSBFC","","","","K","T",1,0,0,0,0,"F"
0,2,0,2,"CCC","","","","K","T",1,0,0,0,0,"F"
1,0,0,1,".LX","","","","9/F","T",1,0,0,0,0,"F"
1,1,3,2,"CBCBBFB","","","","W","T",0,1,0,0,0,"F"
1,1,2,0,"BB>B","realj001","","","SB2","F",0,0,2,0,0,"F"
1,1,3,1,"BB>B.CB","","realj001","","W","T",0,1,0,2,0,"F"
1,1,1,0,"BS","andeb006","realj001","","WP.2-3;1-2","F",0,0,2,3,0,"F"
1,1,3,1,"BS.VVV","","andeb006","realj001","IW","T",0,1,0,2,3,"F"
1,1,0,2,"SFS","dietd001","andeb006","realj001","K","T",1,0,1,2,3,"F"
1,2,1,0,"BX","dietd001","andeb006","realj001","7/F","T",1,0,1,2,3,"F"
0,0,1,2,"....SSBFX","","","","9/F","T",1,0,0,0,0,"F"
0,1,1,1,"FBX","","","","8/F","T",1,0,0,0,0,"F"
0,2,0,1,"FX","","","","63/G","T",1,0,0,0,0,"F"
0,0,3,2,"SBBBFFFX","","","","S8/L","T",0,1,0,0,0,"T"
0,0,3,2,"BBBCS>X","acunr001","","","7/F","T",1,0,1,0,0,"F"
0,1,1,0,"BX","acunr001","","","7/F","T",1,0,1,0,0,"F"
0,2,0,0,"1>X","acunr001","","","8/L","T",1,0,1,0,0,"F"
1,0,3,2,"BCBCBX","","","","8/L","T",1,0,0,0,0,"F"
1,1,2,1,"FBBX","","","","S8/F","T",0,1,0,0,0,"F"
1,1,3,2,"1B1*B1*BC1C>X","realj001","","","5/P","T",1,0,1,0,0,"F"
1,2,1,2,"CC*BX","realj001","","","S7/G+.1-3","T",0,1,3,0,0,"F"
1,2,0,2,"C1FX","casts001","","realj001","3/G","T",1,0,1,0,3,"F"
0,0,0,2,"FFS","","","","K","T",1,0,0,0,0,"F"
0,1,1,2,"SBCS","","","","K","T",1,0,0,0,0,"F"
0,2,0,0,"X","","","","E6/G","T",0,1,0,0,0,"F"
0,2,2,1,"CBBX","duvaa001","","","7/F","T",1,0,1,0,0,"F"
1,0,1,2,"SBSFX","","","","3/P","T",1,0,0,0,0,"F"
1,1,3,1,"CBBBX","","","","7/L","T",1,0,0,0,0,"F"
1,2,3,2,"SBBFBT","","","","K","T",1,0,0,0,0,"F"
0,0,2,2,"CBBSC","","","","K","T",1,0,0,0,0,"F"
0,1,2,1,"CBBX","","","","D7/L+","T",0,2,0,0,0,"F"
0,1,3,2,"BSBFFBS","","acunr001","","K","T",1,0,0,2,0,"F"
0,2,0,2,"CSFS","","acunr001","","K","T",1,0,0,2,0,"F"
1,0,0,2,"SCX","","","","63/G","T",1,0,0,0,0,"F"
1,1,2,2,"CCBBFX","","","","8/F","T",1,0,0,0,0,"F"
1,2,3,1,"BBBCB","","","","W","T",0,1,0,0,0,"F"
1,2,0,1,"S>B","realj001","","","SB2","F",0,0,2,0,0,"F"
1,2,2,1,"S>B.2*BX","","realj001","","13/G","T",1,0,0,2,0,"F"
0,0,0,1,"CX","","","","S4/G-","T",0,1,0,0,0,"F"
0,0,1,0,"B1X","markn001","","","9/F","T",1,0,1,0,0,"F"
0,1,0,2,"FFFFX","markn001","","","S7/L.1-2","T",0,1,2,0,0,"F"
0,1,0,0,"X","albio001","markn001","","8/L","T",1,0,1,2,0,"F"
0,2,2,2,"CBC*BS","albio001","markn001","","K","T",1,0,1,2,0,"F"
1,0,0,0,"X","","","","63/G","T",1,0,0,0,0,"F"
1,1,2,2,"CFBFBFX","","","","43/G","T",1,0,0,0,0,"F"
1,2,0,2,"CFX","","","","63/G+","T",1,0,0,0,0,"F"
0,0,1,2,"CCBFS","","","","K","T",1,0,0,0,0,"F"
0,1,3,2,"CFBBFBFFB","","","","W","T",0,1,0,0,0,"F"
0,1,0,1,"C1X","acunr001","","","8/F","T",1,0,1,0,0,"F"
0,2,3,2,"F1F1BFBB>B","acunr001","","","W.1-2","T",0,1,2,0,0,"F"
0,2,2,2,"BC*BCS","freef001","acunr001","","K","T",1,0,1,2,0,"F"
1,0,3,2,"BCCFBBX","","","","53/G-","T",1,0,0,0,0,"F"
1,1,3,2,"BBCFBS","","","","K","T",1,0,0,0,0,"F"
1,2,0,0,"X","","","","13/G-","T",1,0,0,0,0,"F"
0,0,1,1,"FBX","","","","S8/G","T",0,1,0,0,0,"F"
0,0,0,2,"1C1CFS","suzuk001","","","K","T",1,0,1,0,0,"F"
0,1,1,1,"CBX","suzuk001","","","64(1)/FO/G","T",1,1,0,0,0,"F"
0,2,1,2,"CBCX","duvaa001","","","S8/L.1-2","T",0,1,2,0,0,"F"
0,2,0,2,"CFS","swand001","duvaa001","","K","T",1,0,1,2,0,"F"
1,0,1,0,"BX","","","","T9/G+","T",0,3,0,0,0,"F"
1,0,0,0,"X","","","orter001","8/F/SF.3-H","T",1,0,0,0,4,"F"
1,1,3,2,"BBCBSX","","","","S9/L+","T",0,1,0,0,0,"F"
1,1,1,0,"1B1X","dietd001","","","8/F","T",1,0,1,0,0,"F"
1,2,3,1,"BB1B1C*B","dietd001","","","W.1-2","T",0,1,2,0,0,"F"
1,2,2,2,".CFFBBS","riddj001","dietd001","","K","T",1,0,1,2,0,"F"
0,0,0,2,".SSX","","","","9/F","T",1,0,0,0,0,"F"
0,1,3,2,"BBSFFBFFS","","","","K","T",1,0,0,0,0,"F"
0,2,0,0,".X","","","","S7/L.BX2(74)","T",1,0,0,0,0,"F"
1,0,1,0,"BX","","","","S9/F","T",0,1,0,0,0,"F"
1,0,0,0,"1X","rojam002","","","24/BG/SH.1-2","T",1,0,2,0,0,"F"
1,1,3,2,".*BB*BCFX","","rojam002","","HR/78/L.2-H","T",0,4,0,4,0,"F"
1,1,1,0,"BX","","","","31/G","T",1,0,0,0,0,"F"
1,2,3,2,"B.CFBFBS","","","","K","T",1,0,0,0,0,"F"
0,0,0,1,"..FX","","","","63/G","T",1,0,0,0,0,"F"
0,1,2,1,"CBBX","","","","S9/G","T",0,1,0,0,0,"F"
0,1,1,1,"CBX","suzuk001","","","5/P5F","T",1,0,1,0,0,"F"
0,2,0,2,".CCS","suzuk001","","","K","T",1,0,1,0,0,"F"
1,0,2,2,"...BSFBFX","","","","8/F","T",1,0,0,0,0,"F"
1,1,0,2,"SSFS","","","","K","T",1,0,0,0,0,"F"
1,2,1,1,"CBX","","","","7/L","T",1,0,0,0,0,"F"
0,0,2,2,"...CBFFBFX","","","","HR/78/F","T",0,4,0,0,0,"F"
0,0,0,0,".X","","","","4/P","T",1,0,0,0,0,"F"
0,1,0,2,"FSS","","","","K","T",1,0,0,0,0,"F"
0,2,2,2,"CBBSX","","","","7/F","T",1,0,0,0,0,"F"
0,0,3,2,"BBCFBX","","","","S9/L","T",0,1,0,0,0,"T"
0,0,3,1,"1BFBBX","acunr001","","","DGR/8/F.1-3","T",0,2,3,0,0,"F"
0,0,2,2,"SBFBX","","incie001","acunr001","13/G","T",1,0,0,2,3,"F"
0,1,3,0,"VVVV","","incie001","acunr001","IW","T",0,1,0,2,3,"F"
0,1,0,1,"CX","markn001","incie001","acunr001","7/F7LF","T",1,0,1,2,3,"F"
0,2,3,2,"BSC*BB>X","markn001","incie001","acunr001","63/G-","T",1,0,1,2,3,"F"
1,0,1,2,"CCBX","","","","13/G","T",1,0,0,0,0,"F"
1,1,1,2,"CBFX","","","","9/F","T",1,0,0,0,0,"F"
1,2,3,2,"CBBBSFX","","","","8/L","T",1,0,0,0,0,"F"
0,0,2,2,"CBTFBFX","","","","S9/G+","T",0,1,0,0,0,"F"
0,0,0,2,"CFX","flowt001","","","4/P","T",1,0,1,0,0,"F"
0,1,1,2,"CCBM","flowt001","","","K","T",1,0,1,0,0,"F"
0,2,1,2,"CF*BX","flowt001","","","13/G-","T",1,0,1,0,0,"F"
1,0,0,2,"CST","","","","K","T",1,0,0,0,0,"F"
1,1,1,2,"BSFX","","","","63/G","T",1,0,0,0,0,"F"
1,2,1,2,"CBFX","","","","8/F","T",1,0,0,0,0,"F"
0,0,0,0,"X","","","","S9/L","T",0,1,0,0,0,"F"
0,0,0,0,"X","incie001","","","16(1)3/GDP","T",2,0,0,0,0,"F"
0,2,1,1,"CBX","","","","7/F","T",1,0,0,0,0,"F"
1,0,1,2,"CBSFFS","","","","K","T",1,0,0,0,0,"F"
1,1,1,2,"CCBFC","","","","K","T",1,0,0,0,0,"F"
1,2,1,0,"BX","","","","S8/G","T",0,1,0,0,0,"F"
1,2,1,1,"BFX","lopep002","","","8/L","T",1,0,1,0,0,"F"
0,0,1,2,"BSCX","","","","7/F-","T",1,0,0,0,0,"F"
0,1,1,2,"CBFS","","","","K","T",1,0,0,0,0,"F"
0,2,3,2,"FBCBBFFT","","","","K","T",1,0,0,0,0,"F"
1,0,2,2,"BCBCS","","","","K","T",1,0,0,0,0,"F"
1,1,2,2,"BBSFFFX","","","","9/L","T",1,0,0,0,0,"F"
1,2,3,2,"CFBBBX","","","","53/G","T",1,0,0,0,0,"F"
0,0,2,2,"BCBFFT","","","","K","T",1,0,0,0,0,"F"
0,1,0,1,"SX","","","","23/G-","T",1,0,0,0,0,"F"
0,2,0,0,"X","","","","S7/L","T",0,1,0,0,0,"F"
0,2,3,1,"B>FBB1B","acunr001","","","W.1-2","T",0,1,2,0,0,"F"
0,2,0,1,"CX","incie001","acunr001","","8/F","T",1,0,1,2,0,"F"
1,0,1,2,"CBCX","","","","43/G","T",1,0,0,0,0,"F"
1,1,2,2,"BSSBFS","","","","K","T",1,0,0,0,0,"F"
1,2,3,2,"SBSBBB","","","","W","T",0,1,0,0,0,"F"
1,2,1,2,"CFBX","holab001","","","63/G","T",1,0,1,0,0,"F"
0,0,3,2,"BCBBCB","","","","W","T",0,1,0,0,0,"F"
0,0,0,0,"X","markn001","","","3/G.1-2","T",1,0,2,0,0,"F"
0,1,2,2,"CS*BBFX","","markn001","","13/G","T",1,0,0,2,0,"F"
0,2,2,2,"CSBBX","","markn001","","S7/G.2-H;B-2(TH)","T",0,2,0,4,0,"F"
0,2,3,0,"VVVV","","flowt001","","IW","T",0,1,0,2,0,"F"
0,2,3,0,".BBBB","swand001","flowt001","","W.2-3;1-2","T",0,1,2,3,0,"F"
0,2,1,2,"..CBFX","ruizr002","swand001","flowt001","9/F","T",1,0,1,2,3,"F"
1,0,3,2,".BBFBSFB","","","","W","T",0,1,0,0,0,"F"
1,0,0,1,"LX","galli001","","","7/L","T",1,0,1,0,0,"F"
1,1,1,2,"CSFBFC","galli001","","","K","T",1,0,1,0,0,"F"
1,2,1,2,"BFCF>X","galli001","","","3/G-","T",1,0,1,0,0,"F"
0,0,0,1,"CX","","","","3/G","T",1,0,0,0,0,"F"
0,1,2,0,"BBX","","","","63/G","T",1,0,0,0,0,"F"
0,2,3,1,"CBBBX","","","","S7/L","T",0,1,0,0,0,"F"
0,2,2,2,"CSBBFFFT","markn001","","","K","T",1,0,1,0,0,"F"
1,0,1,1,".FBX","","","","7/F-","T",1,0,0,0,0,"F"
1,1,2,1,"BBSX","","","","7/F","T",1,0,0,0,0,"F"
1,2,0,2,"CCX","","","","3/G","T",1,0,0,0,0,"F"
0,0,0,0,".X","","","","S8/G","T",0,1,0,0,0,"F"
0,0,2,2,"F1BTFB1>FH","culbc001","","","HP.1-2","T",0,1,2,0,0,"F"
0,0,0,1,"LX","flowt001","culbc001","","54/BG/SH.2-3;1-2","T",1,0,2,3,0,"F"
0,1,3,2,".SBS*BBB","","flowt001","culbc001","W","T",0,1,0,2,3,"F"
0,1,1,0,"BX","albio001","flowt001","culbc001","E3/TH/FO/G.3-H(UR)(NR);2-H(NR)(UR);1-3","T",0,1,3,5,5,"F"
0,1,2,2,"BC1F1B>B","acunr001","","albio001","SB2","F",0,0,2,0,3,"F"
0,1,3,2,"BC1F1B>B.FX","","acunr001","albio001","7/F/SF.3-H(UR);2-3","T",1,0,0,3,5,"F"
0,2,3,2,"BBBCFS","","","acunr001","K","T",1,0,0,0,3,"F"
1,0,2,2,"..CFBBC","","","","K","T",1,0,0,0,0,"F"
1,1,2,2,".BBCFX","","","","43/G","T",1,0,0,0,0,"F"
1,2,2,1,"BCBX","","","","6/L","T",1,0,0,0,0,"F"
0,0,2,2,".BCBFFX","","","","7/F","T",1,0,0,0,0,"F"
0,1,0,0,"X","","","","D8/L+","T",0,2,0,0,0,"F"
0,1,2,2,".FB*BFT","","camaj001","","K","T",1,0,0,2,0,"F"
0,2,1,0,"BX","","camaj001","","8/F","T",1,0,0,2,0,"F"
1,0,1,1,".BCX","","","","43/G","T",1,0,0,0,0,"F"
1,1,1,2,"BCSC","","","","K","T",1,0,0,0,0,"F"
1,2,1,2,"CSBX","","","","S9/G","T",0,1,0,0,0,"F"
1,2,0,1,">F>B","dietd001","","","DI.1-2","F",0,0,2,0,0,"F"
1,2,3,2,">F>B.SBFBS","","dietd001","","K","T",1,0,0,2,0,"F"
0,0,1,2,"CBCFS","","","","K","T",1,0,0,0,0,"T"
0,1,0,0,"X","","","","7/F","T",1,0,0,0,0,"F"
0,2,1,1,"BFX","","","","8/F+","T",1,0,0,0,0,"F"
1,0,0,1,"CX","","","","8/F","T",1,0,0,0,0,"F"
1,1,3,2,"CBBFBB","","","","W","T",0,1,0,0,0,"F"
1,1,1,2,"CCBX","andeb006","","","54(1)/FO/G","T",1,1,0,0,0,"F"
1,2,2,1,"BBSX","realj001","","","3/G","T",1,0,1,0,0,"F"
0,0,3,1,"CBBBX","","","","8/L","T",1,0,0,0,0,"F"
0,1,0,2,"CFX","","","","53/G","T",1,0,0,0,0,"F"
0,2,0,0,"X","","","","7/F","T",1,0,0,0,0,"F"
1,0,3,2,"BBCBCB","","","","W","T",0,1,0,0,0,"F"
1,0,2,2,"BBFSX","casts001","","","7/L","T",1,0,1,0,0,"F"
1,1,3,2,"BBBCC>S","casts001","","","K+CS2(24)/DP","T",2,0,0,0,0,"F"
0,0,2,0,"BBX","","","","6/P","T",1,0,0,0,0,"F"
0,1,3,2,"CBSBBX","","","","8/F","T",1,0,0,0,0,"F"
0,2,1,1,"BCX","","","","3/G","T",1,0,0,0,0,"F"
1,0,1,0,"BX","","","","43/G","T",1,0,0,0,0,"F"
1,1,1,1,"BCX","","","","43/G","T",1,0,0,0,0,"F"
1,2,2,0,"BBX","","","","7/F","T",1,0,0,0,0,"F"
0,0,0,2,"CFS","","","","K","T",1,0,0,0,0,"F"
0,1,1,1,"CBX","","","","S7/G","T",0,1,0,0,0,"F"
0,1,1,2,"BC1CFX","gurrl001","","","8/F.1-2","T",1,0,2,0,0,"F"
0,2,0,2,"S2SS","","gurrl001","","K23","T",1,0,0,2,0,"F"
1,0,0,1,"CX","","","","D8/F","T",0,2,0,0,0,"F"
1,0,2,2,"BB2FFX","","andeb006","","63/G.2-3","T",1,0,0,3,0,"F"
1,1,2,1,"*BSBX","","","andeb006","S9/L.3-H","T",0,1,0,0,4,"F"
1,1,0,0,"X","dietd001","","","S7/G.1-2","T",0,1,2,0,0,"F"
1,1,1,0,"BX","casts001","dietd001","","S7/L.2-H;1-3;B-2(TH)","T",0,2,3,4,0,"F"
1,1,0,1,"FX","","riddj001","casts001","63/G-.3-H;2-3","T",1,0,0,3,4,"F"
1,2,3,0,"VVVV","","","riddj001","IW","T",0,1,0,0,3,"F"
1,2,0,2,"CCC","sierm002","","riddj001","K","T",1,0,1,0,3,"F"
0,0,0,1,"FX","","","","6/L","T",1,0,0,0,0,"F"
0,1,2,2,"BCBFS","","","","K","T",1,0,0,0,0,"F"
0,2,1,0,"BX","","","","63/G","T",1,0,0,0,0,"F"
1,0,1,2,"FCBX","","","","53/G","T",1,0,0,0,0,"F"
1,1,2,0,"BBX","","","","D7/G","T",0,2,0,0,0,"F"
1,1,0,2,"FFFX","","andeb006","","S8/L.2-H","T",0,1,0,4,0,"F"
1,1,3,1,"BBBCX","realj001","","","S7/L+.1-2","T",0,1,2,0,0,"F"
1,1,3,2,"FBCBBX","dietd001","realj001","","S9/L.2-H;1-2","T",0,1,2,4,0,"F"
1,1,3,2,".CBBBSFX","casts001","dietd001","","7/F","T",1,0,1,2,0,"F"
1,2,3,2,"BBBCF>X","casts001","dietd001","","4/P","T",1,0,1,2,0,"F"
0,0,1,2,"CBFX","","","","63/G","T",1,0,0,0,0,"F"
0,1,0,1,".CX","","","","S9/L","T",0,1,0,0,0,"F"
0,1,2,2,"BCBFX","granc001","","","D7/L.1-3","T",0,2,3,0,0,"F"
0,1,0,1,"FX","","mckib001","granc001","9/F/SF.3-H;2-3","T",1,0,0,3,4,"F"
0,2,3,2,"BSBBSFX","","","mckib001","41/G","T",1,0,0,0,3,"F"
1,0,2,2,".LSBFBX","","","","S15/G","T",0,1,0,0,0,"F"
1,0,0,0,"H","sierm002","","","HP.1-2","T",0,1,2,0,0,"F"
1,0,0,1,"SX","strad003","sierm002","","9/F.2-3","T",1,0,1,3,0,"F"
1,1,3,1,"SBB*BB","strad003","","sierm002","W.1-2","T",0,1,2,0,3,"F"
1,1,0,1,"FX","andeb006","strad003","sierm002","64(1)3/GDP","T",2,0,0,2,3,"F"
0,0,3,2,"CSBBBFX","","","","7/F","T",1,0,0,0,0,"F"
0,1,1,2,"CBSX","","","","53/G","T",1,0,0,0,0,"F"
0,2,3,0,"BBBB","","","","W","T",0,1,0,0,0,"F"
0,2,0,0,"X","jansd001","","","9/F","T",1,0,1,0,0,"F"
1,0,3,2,".FBBTFBX","","","","43/G","T",1,0,0,0,0,"F"
1,1,3,2,"BCSBBX","","","","D8/L","T",0,2,0,0,0,"F"
1,1,0,1,"CX","","casts001","","31/G.2-3","T",1,0,0,3,0,"F"
1,2,0,0,"H","","","casts001","HP","T",0,1,0,0,3,"F"
1,2,0,1,"CX","deana001","","casts001","3/G","T",1,0,1,0,3,"F"
0,0,1,2,".FSFBX","","","","8/F","T",1,0,0,0,0,"F"
0,1,1,2,".SCBFX","","","","8/F","T",1,0,0,0,0,"F"
0,2,0,1,"FX","","","","S8/L","T",0,1,0,0,0,"F"
0,2,0,2,"FTX","mckib001","","","3/P3F","T",1,0,1,0,0,"F"
1,0,2,2,"..CBFBFFFFX","","","","53/G","T",1,0,0,0,0,"F"
1,1,1,1,"BCX","","","","S8/L","T",0,1,0,0,0,"F"
1,1,0,0,"X","orter001","","","7/F+","T",1,0,1,0,0,"F"
1,2,3,2,"FBBFF*B>X","orter001","","","53/G","T",1,0,1,0,0,"F"
0,0,0,2,"..CCX","","","","S8/G","T",0,1,0,0,0,"F"
0,0,0,0,"B","morak001","","","WP.1-2","F",0,0,2,0,0,"F"
0,0,3,1,"B.BSBB","","morak001","","W","T",0,1,0,2,0,"F"
0,0,3,2,"BCCBBS","gricr001","morak001","","K","T",1,0,1,2,0,"F"
0,1,1,2,"C*BFFX","gricr001","morak001","","S4/G.2-3;1-2","T",0,1,2,3,0,"F"
0,1,1,2,".SBSC","jansd001","gricr001","morak001","K","T",1,0,1,2,3,"F"
0,2,3,2,"BBFFB>B","jansd001","gricr001","morak001","W.3-H;2-3;1-2","T",0,1,2,3,4,"F"
0,2,0,2,".SCX","travd001","jansd001","gricr001","HR/9/F.3-H;2-H;1-H","T",0,4,4,4,4,"F"
0,2,2,0,"BBX","","","","S8/G","T",0,1,0,0,0,"F"
0,2,2,1,"B1FBX","mckib001","","","31/G","T",1,0,1,0,0,"F"
1,0,1,0,"..BX","","","","S8/L","T",0,1,0,0,0,"F"
1,0,1,2,".BFCC","rivey001","","","K","T",1,0,1,0,0,"F"
1,1,3,0,"BBBB","rivey001","","","W.1-2","T",0,1,2,0,0,"F"
1,1,2,1,"BBFX","riddj001","rivey001","","3/P3F","T",1,0,1,2,0,"F"
1,2,1,2,"BSTFFX","riddj001","rivey001","","7/L","T",1,0,1,2,0,"F"
0,0,1,2,"BFFC","","","","K","T",1,0,0,0,0,"T"
0,1,2,2,"BFFBFX","","","","S9/F","T",0,1,0,0,0,"F"
0,1,2,2,"CS*B*BS","travd001","","","K","T",1,0,1,0,0,"F"
0,2,0,2,"CSX","travd001","","","8/F","T",1,0,1,0,0,"F"
1,0,1,2,"BFCFFFX","","","","D9/L","T",0,2,0,0,0,"F"
1,0,3,2,"BSSBBX","","riddj001","","S5/G.2-3(TH)","T",0,1,0,3,0,"F"
1,0,3,2,"1F1FFFF*BBB*B","brinl001","","riddj001","W.1-2","T",0,1,2,0,3,"F"
1,0,2,0,"B*BX","realj001","brinl001","riddj001","9/F/SF.3-H","T",1,0,1,2,4,"F"
1,1,2,2,"FBFBX","realj001","brinl001","","9/F9LF.2-3","T",1,0,1,3,0,"F"
1,2,1,1,"CBX","realj001","","brinl001","8/F","T",1,0,1,0,3,"F"
0,0,2,1,"BCBX","","","","6/L","T",1,0,0,0,0,"F"
0,1,0,0,"X","","","","3/P3F","T",1,0,0,0,0,"F"
0,2,1,2,"CFBX","","","","8/F","T",1,0,0,0,0,"F"
1,0,1,1,"BSX","","","","3/L","T",1,0,0,0,0,"F"
1,1,0,0,"X","","","","S1/BG","T",0,1,0,0,0,"F"
1,1,0,2,"CMX","sierm002","","","24/BG/SH.1-2","T",1,0,2,0,0,"F"
1,2,1,2,"CFFBX","","sierm002","","43/G+","T",1,0,0,2,0,"F"
0,0,1,1,"CBX","","","","63/G","T",1,0,0,0,0,"F"
0,1,0,2,"CCC","","","","K","T",1,0,0,0,0,"F"
0,2,0,0,"X","","","","53/G","T",1,0,0,0,0,"F"
1,0,2,2,"CFBBT","","","","K","T",1,0,0,0,0,"F"
1,1,2,2,"BCFBX","","","","HR/8/F","T",0,4,0,0,0,"F"
1,1,3,2,"BBSFFBFX","","","","63/G+","T",1,0,0,0,0,"F"
1,2,0,1,"CX","","","","8/L","T",1,0,0,0,0,"F"
0,0,1,2,"CBFX","","","","D7/L+","T",0,2,0,0,0,"F"
0,0,1,2,"FC*BX","","travd001","","9/F.2-3","T",1,0,0,3,0,"F"
0,1,2,2,"FBFBFFFX","","","travd001","7/L/SF.3-H","T",1,0,0,0,4,"F"
0,2,0,0,"X","","","","53/G","T",1,0,0,0,0,"F"
1,0,0,1,"CX","","","","7/F","T",1,0,0,0,0,"F"
1,1,2,0,"BBX","","","","S8/L+","T",0,1,0,0,0,"F"
1,1,2,2,"CFBBFX","rojam002","","","3/L/DP.1X1(3)","T",2,0,0,0,0,"F"
0,0,3,2,"CCBBFBX","","","","9/F","T",1,0,0,0,0,"F"
0,1,2,2,"BCFBFS","","","","K","T",1,0,0,0,0,"F"
0,2,1,0,"BX","","","","13/G-","T",1,0,0,0,0,"F"
1,0,0,0,"X","","","","S6/G","T",0,1,0,0,0,"F"
1,0,3,1,"BBCBB","chenw001","","","W.1-2","T",0,1,2,0,0,"F"
1,0,1,1,"BFX","riddj001","chenw001","","8/F","T",1,0,1,2,0,"F"
1,1,0,0,"X","riddj001","chenw001","","S7/L.2-3;1-2","T",0,1,2,3,0,"F"
1,1,3,0,"BBBB","realj001","riddj001","chenw001","W.3-H;2-3;1-2","T",0,1,2,3,4,"F"
1,1,1,1,"FBX","andeb006","realj001","riddj001","D7/F.3-H;2-H;1-H","T",0,2,4,4,4,"F"
1,1,0,0,".X","","pradm001","","63/G","T",1,0,0,2,0,"F"
1,2,1,0,"BX","","pradm001","","63/G","T",1,0,0,2,0,"F"
0,0,2,2,".CBCBC","","","","K","T",1,0,0,0,0,"F"
0,1,2,2,"BCBFC","","","","K","T",1,0,0,0,0,"F"
0,2,2,1,"BCBX","","","","9/F","T",1,0,0,0,0,"F"
1,0,2,0,".BBX","","","","3/G","T",1,0,0,0,0,"F"
1,1,0,2,"CFX","","","","13/G-","T",1,0,0,0,0,"F"
1,2,1,0,"BX","","","","S4/G","T",0,1,0,0,0,"F"
1,2,2,2,"BBFS>F1F>X","riddj001","","","63/G+","T",1,0,1,0,0,"F"
0,0,1,2,"FFBX","","","","8/L","T",1,0,0,0,0,"F"
0,1,1,2,"CCBS","","","","K","T",1,0,0,0,0,"F"
0,2,0,1,"FX","","","","9/F9LF","T",1,0,0,0,0,"F"
1,0,2,0,"BBX","","","","4/P","T",1,0,0,0,0,"F"
1,1,3,2,"BBCBCX","","","","9/L","T",1,0,0,0,0,"F"
1,2,0,2,"SFC","","","","K","T",1,0,0,0,0,"F"
0,0,3,2,"BCBBFX","","","","43/G","T",1,0,0,0,0,"F"
0,1,0,0,"X","","","","3/P3F","T",1,0,0,0,0,"F"
0,2,2,2,"FBSBX","","","","S9/L","T",0,1,0,0,0,"F"
0,2,1,2,".BFSFX","hernt002","","","31/G-","T",1,0,1,0,0,"F"
1,0,2,1,".BCBX","","","","3/P","T",1,0,0,0,0,"F"
1,1,2,1,"BBFX","","","","53/G","T",1,0,0,0,0,"F"
1,2,0,1,"CX","","","","43/G","T",1,0,0,0,0,"F"
0,0,3,2,"..BBBCCX","","","","S9/G+","T",0,1,0,0,0,"F"
0,0,3,1,"BBBC>C","gurrl001","","","DI.1-2","F",0,0,2,0,0,"F"
0,0,3,2,"BBBC>C.X","","gurrl001","","63/G+","T",1,0,0,2,0,"F"
0,1,1,0,"BX","","gurrl001","","HR/9/F.2-H","T",0,4,0,4,0,"F"
0,1,2,1,"CBBX","","","","4/L","T",1,0,0,0,0,"F"
0,2,1,0,"BX","","","","8/F","T",1,0,0,0,0,"F"
0,0,3,2,"BFBSBFX","","","","S8/L","T",0,1,0,0,0,"T"
0,0,3,2,"CB1SBB>X","mckib001","","","S9/L.1-3","T",0,1,3,0,0,"F"
0,0,3,2,"CTBFBBX","travd001","","mckib001","9/L+/SF.3-H;1-2(E9/TH)","T",1,0,2,0,4,"F"
0,1,3,2,"BCS*BBS","","travd001","","K","T",1,0,0,2,0,"F"
0,2,2,1,"BBCX","","travd001","","9/F","T",1,0,0,2,0,"F"
1,0,1,2,"BCCS","","","","K","T",1,0,0,0,0,"F"
1,1,0,2,"CSS","","","","K","T",1,0,0,0,0,"F"
1,2,1,2,"CBCS","","","","K","T",1,0,0,0,0,"F"
0,0,0,1,"CX","","","","4/P","T",1,0,0,0,0,"F"
0,1,3,2,"BBCBFB","","","","W","T",0,1,0,0,0,"F"
0,1,0,0,"1H","hernt002","","","HP.1-2","T",0,1,2,0,0,"F"
0,1,1,2,"CMBS","maill001","hernt002","","K","T",1,0,1,2,0,"F"
0,2,3,1,"BFBBB","maill001","hernt002","","W.2-3;1-2","T",0,1,2,3,0,"F"
0,2,0,0,"X","mckib001","maill001","hernt002","8/F","T",1,0,1,2,3,"F"
1,0,1,2,"BCCX","","","","S9/F","T",0,1,0,0,0,"F"
1,0,0,2,"CFX","casts001","","","46(1)/FO/G","T",1,1,0,0,0,"F"
1,1,1,2,"SFBX","orter001","","","9/L","T",1,0,1,0,0,"F"
1,2,2,2,"FBFBT","orter001","","","K","T",1,0,1,0,0,"F"
0,0,3,2,"CBSFBBFB","","","","W","T",0,1,0,0,0,"F"
0,0,2,2,"BFSFBX","morak001","","","D7/L.1-3","T",0,2,3,0,0,"F"
0,0,2,2,"BBFSX","","gricr001","morak001","9/F/SF.3-H;2-3","T",1,0,0,3,4,"F"
0,1,0,0,"X","","","gricr001","8/F+/SF.3-H","T",1,0,0,0,4,"F"
0,2,3,2,"FBBFFFBB","","","","W","T",0,1,0,0,0,"F"
0,2,1,2,"BFS1FX","hernt002","","","D7/F.1XH(762)","T",1,2,0,0,0,"F"
1,0,2,2,"CFBBX","","","","9/L","T",1,0,0,0,0,"F"
1,1,0,2,".CFS","","","","K","T",1,0,0,0,0,"F"
1,2,1,0,"BX","","","","7/F","T",1,0,0,0,0,"F"
0,0,1,2,".CBSS","","","","K","T",1,0,0,0,0,"F"
0,1,0,1,"SX","","","","43/G","T",1,0,0,0,0,"F"
0,2,1,1,"BCX","","","","43/G","T",1,0,0,0,0,"F"
1,0,2,2,"CBFBS","","","","K","T",1,0,0,0,0,"F"
1,1,1,2,"FCBX","","","","S9/G","T",0,1,0,0,0,"F"
1,1,2,2,"C1FBBX","realj001","","","4/L/DP.1X1(43)","T",2,0,0,0,0,"F"
0,0,0,2,"CCS","","","","K","T",1,0,0,0,0,"F"
0,1,1,0,"BH","","","","HP","T",0,1,0,0,0,"F"
0,1,1,2,"FTFBX","gricr001","","","S8/G.1-2","T",0,1,2,0,0,"F"
0,1,2,1,"BS*BX","gurrl001","gricr001","","63/G.2-3;1-2","T",1,0,2,3,0,"F"
0,2,1,2,"*BCSX","","gurrl001","gricr001","HR/7/F.3-H;2-H","T",0,4,0,4,4,"F"
0,2,1,0,"BX","","","","D9/L+","T",0,2,0,0,0,"F"
0,2,0,2,"CSFS","","maill001","","K","T",1,0,0,2,0,"F"
1,0,0,1,"CX","","","","S8/G","T",0,1,0,0,0,"F"
1,0,1,0,"BX","orter001","","","S48/G.1-3","T",0,1,3,0,0,"F"
1,0,0,0,"H","brinl001","","orter001","HP.1-2","T",0,1,2,0,3,"F"
1,0,2,2,"F*BCFBS","wallc001","brinl001","orter001","K","T",1,0,1,2,3,"F"
1,1,1,2,".FBFX","wallc001","brinl001","orter001","4/L","T",1,0,1,2,3,"F"
1,2,3,1,"BBBCB","wallc001","brinl001","orter001","W.3-H;2-3;1-2","T",0,1,2,3,4,"F"
1,2,2,2,"SFBFBS","riddj001","wallc001","brinl001","K","T",1,0,1,2,3,"F"
0,0,0,1,".CX","","","","3/G","T",1,0,0,0,0,"F"
0,1,1,2,"BFSS","","","","K","T",1,0,0,0,0,"F"
0,2,3,2,"FBSBFBX","","","","7/F","T",1,0,0,0,0,"F"
1,0,1,1,"BFX","","","","9/F9LF","T",1,0,0,0,0,"F"
1,1,2,2,"CBCFBX","","","","9/L","T",1,0,0,0,0,"F"
1,2,2,2,"FBBSC","","","","K","T",1,0,0,0,0,"F"
0,0,1,2,"FSBX","","","","53/G","T",1,0,0,0,0,"F"
0,1,1,2,"FFBT","","","","K","T",1,0,0,0,0,"F"
0,2,0,0,"X","","","","6/P","T",1,0,0,0,0,"F"
1,0,0,1,"SX","","","","9/F","T",1,0,0,0,0,"F"
1,1,2,2,"SBSFBS","","","","K","T",1,0,0,0,0,"F"
1,2,0,1,"CX","","","","43/G","T",1,0,0,0,0,"F"
0,0,0,0,".X","","","","8/F","T",1,0,0,0,0,"F"
0,1,1,2,"CFFFBX","","","","D8/L+","T",0,2,0,0,0,"F"
0,1,0,2,".CFFX","","maill001","","43/G.2-3","T",1,0,0,3,0,"F"
0,2,0,2,"CFFFX","","","maill001","63/G","T",1,0,0,0,3,"F"
1,0,3,2,".....BBCFFBX","","","","9/F","T",1,0,0,0,0,"F"
1,1,1,2,"CFBS","","","","K","T",1,0,0,0,0,"F"
1,2,2,2,"FBFBT","","","","K","T",1,0,0,0,0,"F"
0,0,1,2,".CFBX","","","","E6/TH/G","T",0,1,0,0,0,"F"
0,0,2,2,"C*BFBX","travd001","","","23/G-.1-2","T",1,0,2,0,0,"F"
0,1,0,1,"FX","","travd001","","7/L","T",1,0,0,2,0,"F"
0,2,1,0,"*BX","","travd001","","4/L","T",1,0,0,2,0,"F"
1,0,2,2,".BCCBX","","","","4/P","T",1,0,0,0,0,"F"
1,1,1,1,"CBX","","","","6/P","T",1,0,0,0,0,"F"
1,2,0,1,"CX","","","","S9/L","T",0,1,0,0,0,"F"
1,2,0,1,"CX","orter001","","","D9/L+.1-3","T",0,2,3,0,0,"F"
1,2,1,2,"BFFS","","brinl001","orter001","K","T",1,0,0,2,3,"F"
0,0,0,1,"FX","","","","9/F","T",1,0,0,0,0,"T"
0,1,1,2,"CSBS","","","","K","T",1,0,0,0,0,"F"
0,2,0,2,"SSS","","","","K","T",1,0,0,0,0,"F"
1,0,0,1,"CX","","","","4/L","T",1,0,0,0,0,"F"
1,1,0,2,"FFC","","","","K","T",1,0,0,0,0,"F"
1,2,0,1,"SX","","","","S7/L","T",0,1,0,0,0,"F"
1,2,2,1,"BBC1B","realj001","","","WP.1-2","F",0,0,2,0,0,"F"
1,2,3,2,"BBC1B.FX","","realj001","","9/L","T",1,0,0,2,0,"F"
0,0,1,2,"FBSS","","","","K","T",1,0,0,0,0,"F"
0,1,3,2,"BFBSBX","","","","43/G","T",1,0,0,0,0,"F"
0,2,0,2,"FSX","","","","HR/9/F","T",0,4,0,0,0,"F"
0,2,2,2,"CBBSX","","","","7/L","T",1,0,0,0,0,"F"
1,0,0,0,"X","","","","T9/G+","T",0,3,0,0,0,"F"
1,0,0,1,"CX","","","dietd001","53/G","T",1,0,0,0,3,"F"
1,1,2,2,"FBFBX","","","dietd001","S8/L.3-H","T",0,1,0,0,4,"F"
1,1,0,1,"1CX","brinl001","","","D7/L.1-3","T",0,2,3,0,0,"F"
1,1,1,2,"S*BCS","","deana001","brinl001","K","T",1,0,0,2,3,"F"
1,2,0,0,"X","","deana001","brinl001","S7/G.3-H;2-H;B-2(TH)","T",0,2,0,4,4,"F"
1,2,1,0,"BX","","orter001","","9/F-","T",1,0,0,2,0,"F"
0,0,0,2,"CFX","","","","4/P","T",1,0,0,0,0,"F"
0,1,1,0,"BX","","","","63/G","T",1,0,0,0,0,"F"
0,2,1,1,"CBX","","","","43/G","T",1,0,0,0,0,"F"
1,0,0,0,"X","","","","3/P","T",1,0,0,0,0,"F"
1,1,1,2,"BCFFFX","","","","63/G","T",1,0,0,0,0,"F"
1,2,3,1,"BBCBB","","","","W","T",0,1,0,0,0,"F"
1,2,2,2,"FBBFFS","dietd001","","","K","T",1,0,1,0,0,"F"
0,0,3,2,"CBBFBX","","","","S9/L","T",0,1,0,0,0,"F"
0,0,1,1,"FBX","santc002","","","9/L+","T",1,0,1,0,0,"F"
0,1,2,2,"SBBFX","santc002","","","64(1)3/GDP","T",2,0,0,0,0,"F"
1,0,1,2,"CSBX","","","","43/G","T",1,0,0,0,0,"F"
1,1,0,2,"CSS","","","","K","T",1,0,0,0,0,"F"
1,2,0,2,"CSX","","","","13/BG","T",1,0,0,0,0,"F"
0,0,1,2,"FSBFS","","","","K","T",1,0,0,0,0,"F"
0,1,1,2,"FFBX","","","","31/G","T",1,0,0,0,0,"F"
0,2,1,2,"BSSFFC","","","","K","T",1,0,0,0,0,"F"
1,0,2,2,"CFBBX","","","","7/L","T",1,0,0,0,0,"F"
1,1,1,2,"BCFS","","","","K","T",1,0,0,0,0,"F"
1,2,2,2,"BCBFFS","","","","K","T",1,0,0,0,0,"F"
0,0,2,2,".FBBFC","","","","K","T",1,0,0,0,0,"F"
0,1,1,1,"FBX","","","","7/F-","T",1,0,0,0,0,"F"
0,2,2,0,"BBX","","","","S6/G","T",0,1,0,0,0,"F"
0,2,1,0,"B1X","quinr003","","","9/L+","T",1,0,1,0,0,"F"
1,0,2,1,".BCBX","","","","43/G","T",1,0,0,0,0,"F"
1,1,1,0,".BX","","","","7/F","T",1,0,0,0,0,"F"
1,2,0,0,"X","","","","8/L","T",1,0,0,0,0,"F"
0,0,3,1,"BBBCX","","","","8/L+","T",1,0,0,0,0,"F"
0,1,3,2,"FSBBBS","","","","K","T",1,0,0,0,0,"F"
0,2,3,2,"BFBCFFBFX","","","","S8/L","T",0,1,0,0,0,"F"
0,2,1,0,"1BX","willn001","","","8/F","T",1,0,1,0,0,"F"
1,0,2,2,".BSFBX","","","","S7/L","T",0,1,0,0,0,"F"
1,0,2,1,"BS1BX","brinl001","","","8/F","T",1,0,1,0,0,"F"
1,1,1,0,".B>X","brinl001","","","8/F/DP.1X1(83)","T",2,0,0,0,0,"F"
0,0,1,2,"....BCFX","","","","7/F","T",1,0,0,0,0,"F"
0,1,0,1,".SX","","","","53/G","T",1,0,0,0,0,"F"
0,2,2,1,"BFBX","","","","63/G","T",1,0,0,0,0,"F"
1,0,2,2,".....BFBFFC","","","","K","T",1,0,0,0,0,"F"
1,1,1,2,".FBCS","","","","K","T",1,0,0,0,0,"F"
1,2,1,0,"BX","","","","9/F","T",1,0,0,0,0,"F"
0,0,2,2,"....BBCFFX","","","","9/F-","T",1,0,0,0,0,"F"
0,1,1,2,"CBFFS","","","","K","T",1,0,0,0,0,"F"
0,2,2,2,"BCFBS","","","","K","T",1,0,0,0,0,"F"
0,0,2,1,"FBBX","","","","HR/9/F","T",0,4,0,0,0,"T"
0,0,3,2,"BBCSBX","","","","53/G","T",1,0,0,0,0,"F"
0,1,3,2,"BSCFBBX","","","","S8/F-","T",0,1,0,0,0,"F"
0,1,3,2,"BBT1BSB","herro001","","","W.1-2","T",0,1,2,0,0,"F"
0,1,1,1,"BCX","ramow001","herro001","","9/L","T",1,0,1,2,0,"F"
0,2,1,1,"CBH","ramow001","herro001","","HP.2-3;1-2","T",0,1,2,3,0,"F"
0,2,3,1,"BSB*BX","willn001","ramow001","herro001","T9/L+.3-H;2-H;1-H","T",0,3,4,4,4,"F"
0,2,3,0,"VVVV","","","hernc005","IW","T",0,1,0,0,3,"F"
0,2,0,2,"CCS","kings001","","hernc005","K","T",1,0,1,0,3,"F"
1,0,1,2,"CBFX","","","","8/L","T",1,0,0,0,0,"F"
1,1,0,2,"CFS","","","","K","T",1,0,0,0,0,"F"
1,2,2,1,"CBBX","","","","HR/89/F","T",0,4,0,0,0,"F"
1,2,1,2,"TBSFS","","","","K23","T",1,0,0,0,0,"F"
0,0,0,0,"X","","","","S8/G","T",0,1,0,0,0,"F"
0,0,1,0,"*BB","santc002","","","WP.1-2","F",0,0,2,0,0,"F"
0,0,3,1,"*BB.BCB","","santc002","","W","T",0,1,0,2,0,"F"
0,0,0,2,"FCFT","hoskr001","santc002","","K","T",1,0,1,2,0,"F"
0,1,3,2,"CBCBFFBB","hoskr001","santc002","","W.2-3;1-2","T",0,1,2,3,0,"F"
0,1,2,2,".BSSBX","ramow001","hoskr001","santc002","D9/L+.3-H;2-H;1-3","T",0,2,3,4,4,"F"
0,1,2,1,"BCBX","","cabra002","ramow001","43/G-","T",1,0,0,2,3,"F"
0,2,3,0,"VVVV","","cabra002","ramow001","IW","T",0,1,0,2,3,"F"
0,2,2,2,"SFFBFFBX","hernc005","cabra002","ramow001","65(2)/FO/G.1-2","T",1,1,2,0,3,"F"
1,0,1,1,"FBX","","","","53/G","T",1,0,0,0,0,"F"
1,1,0,0,"X","","","","S9/G","T",0,1,0,0,0,"F"
1,1,0,1,"CX","rojam002","","","24(1)/FO/G-","T",1,1,0,0,0,"F"
1,2,3,2,"BFC*B*B>S","brinl001","","","K","T",1,0,1,0,0,"F"
0,0,1,2,".CBCFS","","","","K","T",1,0,0,0,0,"F"
0,1,0,0,"X","","","","43/G+","T",1,0,0,0,0,"F"
0,2,0,2,"CSS","","","","K","T",1,0,0,0,0,"F"
1,0,1,2,".BCFS","","","","K","T",1,0,0,0,0,"F"
1,1,1,2,"CFBC","","","","K","T",1,0,0,0,0,"F"
1,2,0,0,"X","","","","D7/L","T",0,2,0,0,0,"F"
1,2,0,0,"B","","casts001","","WP.2-3","F",0,0,0,3,0,"F"
1,2,3,2,"B.SF*BBB","","","casts001","W","T",0,1,0,0,3,"F"
1,2,0,2,"FCS","realj001","","casts001","K","T",1,0,1,0,3,"F"
0,0,0,2,".CCT","","","","K","T",1,0,0,0,0,"F"
0,1,0,0,"X","","","","43/G","T",1,0,0,0,0,"F"
0,2,1,1,"CBX","","","","HR/9/F","T",0,4,0,0,0,"F"
0,2,0,1,"CX","","","","8/F","T",1,0,0,0,0,"F"
1,0,3,2,"CBCFBBX","","","","53/G","T",1,0,0,0,0,"F"
1,1,1,0,"BX","","","","8/F","T",1,0,0,0,0,"F"
1,2,0,2,"CFS","","","","K","T",1,0,0,0,0,"F"
0,0,0,0,"X","","","","43/G","T",1,0,0,0,0,"F"
0,1,2,2,"BBSFX","","","","T9/L+","T",0,3,0,0,0,"F"
0,1,3,2,"LBS*BBB","","","kings001","W","T",0,1,0,0,3,"F"
0,1,3,1,"BBBFX","arrij001","","kings001","34/G.3-H;1-2","T",1,0,2,0,4,"F"
0,2,1,1,"*BCX","","arrij001","","53/G","T",1,0,0,2,0,"F"
1,0,0,0,"X","","","","S4/G","T",0,1,0,0,0,"F"
1,0,2,2,".FBFFBX","deana001","","","5/L+","T",1,0,1,0,0,"F"
1,1,0,1,"SX","deana001","","","S9/L.1-3","T",0,1,3,0,0,"F"
1,1,0,1,"CX","orter001","","deana001","S8/F-.3-H;1-2","T",0,1,2,0,4,"F"
1,1,3,0,"BBBB","casts001","orter001","","W.2-3;1-2","T",0,1,2,3,0,"F"
1,1,0,0,"X","realj001","casts001","orter001","3/G.3-H;2-3;1-2","T",1,0,2,3,4,"F"
1,2,1,2,"SBSS","","realj001","casts001","K","T",1,0,0,2,3,"F"
0,0,1,2,".CCBFX","","","","13/G","T",1,0,0,0,0,"F"
0,1,2,1,"BTBX","","","","63/G","T",1,0,0,0,0,"F"
0,2,3,2,"BBCBFFFB","","","","W","T",0,1,0,0,0,"F"
0,2,1,0,"BX","cabra002","","","9/F","T",1,0,1,0,0,"F"
1,0,0,2,"CCS","","","","K","T",1,0,0,0,0,"F"
1,1,0,1,"FX","","","","63/G","T",1,0,0,0,0,"F"
1,2,1,2,"CBFS","","","","K","T",1,0,0,0,0,"F"
0,0,2,1,"CBBX","","","","S8/L","T",0,1,0,0,0,"F"
0,0,1,0,"BX","hernc005","","","8/F","T",1,0,1,0,0,"F"
0,1,0,0,"X","hernc005","","","5/BP2F","T",1,0,1,0,0,"F"
0,2,1,1,"CBX","hernc005","","","63/G","T",1,0,1,0,0,"F"
1,0,1,0,".BX","","","","S7/L","T",0,1,0,0,0,"F"
1,0,0,2,"CSX","bostc001","","","46(1)3/GDP","T",2,0,0,0,0,"F"
1,2,1,1,"CBX","","","","43/G","T",1,0,0,0,0,"F"
0,0,2,1,".SBBX","","","","5/P5F","T",1,0,0,0,0,"F"
0,1,1,2,"SCBFX","","","","6/P","T",1,0,0,0,0,"F"
0,2,1,2,"FBFX","","","","S9/G","T",0,1,0,0,0,"F"
0,2,0,1,"CX","ramow001","","","63/G","T",1,0,1,0,0,"F"
1,0,3,2,"SBBBCFX","","","","HR/78/F","T",0,4,0,0,0,"F"
1,0,0,2,"CFFFFS","","","","K","T",1,0,0,0,0,"F"
1,1,1,2,".FFBS","","","","K","T",1,0,0,0,0,"F"
1,2,0,1,"SX","","","","S7/L","T",0,1,0,0,0,"F"
1,2,1,0,"BX","rojam002","","","S7/L.1-2","T",0,1,2,0,0,"F"
1,2,1,1,"CBX","brinl001","rojam002","","8/L+","T",1,0,1,2,0,"F"
0,0,3,1,".BBFBB","","","","W","T",0,1,0,0,0,"F"
0,0,3,2,"BCBFBB","willn001","","","W.1-2","T",0,1,2,0,0,"F"
0,0,3,2,"BSBFBFFFFFX","hernc005","willn001","","5/P/IF","T",1,0,1,2,0,"F"
0,1,0,2,".CFX","hernc005","willn001","","5/P/IF","T",1,0,1,2,0,"F"
0,2,3,1,"F*BBBB","hernc005","willn001","","W.2-3;1-2","T",0,1,2,3,0,"F"
0,2,1,2,"BCFH","santc002","hernc005","willn001","HP.3-H;2-3;1-2","T",0,1,2,3,4,"F"
0,2,0,0,".X","quinr003","santc002","hernc005","9/F-","T",1,0,1,2,3,"F"
1,0,2,2,"....BBCCFX","","","","63/G","T",1,0,0,0,0,"F"
1,1,2,2,"CBFBFX","","","","D9/L","T",0,2,0,0,0,"F"
1,1,0,0,"X","","orter001","","43/G.2-3","T",1,0,0,3,0,"F"
1,2,0,1,"CX","","","orter001","8/L+","T",1,0,0,0,3,"F"
0,0,3,2,"BBBCSB","","","","W","T",0,1,0,0,0,"T"
0,0,0,0,"X","santc002","","","36(1)/FO/G","T",1,1,0,0,0,"F"
0,1,2,2,"BFC*BX","bourj002","","","563/G.1-2","T",1,0,2,0,0,"F"
0,2,1,2,"BCC+2S","","bourj002","","K","T",1,0,0,2,0,"F"
1,0,1,2,"CFFBX","","","","53/G","T",1,0,0,0,0,"F"
1,1,1,0,"BX","","","","8/L+","T",1,0,0,0,0,"F"
1,2,0,2,"CFX","","","","4/P","T",1,0,0,0,0,"F"
0,0,0,2,"CCX","","","","9/F","T",1,0,0,0,0,"F"
0,1,1,2,"CBCS","","","","K","T",1,0,0,0,0,"F"
0,2,2,2,"CBSFBX","","","","S7/G","T",0,1,0,0,0,"F"
0,2,1,2,"CBSX","alfaj002","","","9/L","T",1,0,1,0,0,"F"
1,0,3,2,"BBBCCB","","","","W","T",0,1,0,0,0,"F"
1,0,0,1,"CX","dietd001","","","43/G.1-2","T",1,0,2,0,0,"F"
1,1,1,0,"BX","","dietd001","","S6/G.2-3","T",0,1,0,3,0,"F"
1,1,2,2,"BFBSX","brinl001","","dietd001","54(1)/FO/G.3-H","T",1,1,0,0,4,"F"
1,2,3,2,"BBBCF>B","deana001","","","W.1-2","T",0,1,2,0,0,"F"
1,2,0,2,"CSS","rivey001","deana001","","K","T",1,0,1,2,0,"F"
0,0,2,0,"BBX","","","","6/P5F","T",1,0,0,0,0,"F"
0,1,0,0,"X","","","","DGR/8/L+","T",0,2,0,0,0,"F"
0,1,1,2,"BCCFFX","","santc002","","53/G.2-3","T",1,0,0,3,0,"F"
0,2,1,1,"FBX","","","santc002","53/G-","T",1,0,0,0,3,"F"
1,0,0,2,"CFX","","","","3/G","T",1,0,0,0,0,"F"
1,1,2,2,"BCFBS","","","","K","T",1,0,0,0,0,"F"
1,2,1,2,"CCFBS","","","","K","T",1,0,0,0,0,"F"
0,0,0,2,"SCS","","","","K23","T",1,0,0,0,0,"F"
0,1,1,0,"BX","","","","7/F","T",1,0,0,0,0,"F"
0,2,2,1,"FBBX","","","","43/G","T",1,0,0,0,0,"F"
1,0,0,2,"SFH","","","","HP","T",0,1,0,0,0,"F"
1,0,3,2,"BFB>FF*B>X","dietd001","","","S164/G-.1-2","T",0,1,2,0,0,"F"
1,0,2,1,"CBBX","rojam002","dietd001","","8/L+.2-3","T",1,0,1,3,0,"F"
1,1,1,0,"BX","rojam002","","dietd001","S8/G+.3-H;1-2","T",0,1,2,0,4,"F"
1,1,1,0,"BX","deana001","rojam002","","8/F","T",1,0,1,2,0,"F"
1,2,0,2,"SCFS","deana001","rojam002","","K","T",1,0,1,2,0,"F"
0,0,0,2,"CSX","","","","S9/G+","T",0,1,0,0,0,"F"
0,0,0,0,".X","alfaj002","","","46(1)3/GDP","T",2,0,0,0,0,"F"
0,2,0,1,"CH","","","","HP","T",0,1,0,0,0,"F"
0,2,1,1,"BC>B","quinr003","","","SB2","F",0,0,2,0,0,"F"
0,2,2,1,"BC>B.X","","quinr003","","3/G","T",1,0,0,2,0,"F"
1,0,2,1,".BBCX","","","","43/G","T",1,0,0,0,0,"F"
1,1,1,1,"CBX","","","","63/G","T",1,0,0,0,0,"F"
1,2,1,2,"CBSFX","","","","53/G","T",1,0,0,0,0,"F"
0,0,2,2,"BCSBX","","","","23/G-","T",1,0,0,0,0,"F"
0,1,0,1,"CX","","","","6/P","T",1,0,0,0,0,"F"
0,2,3,2,"CBBBFFX","","","","2/P","T",1,0,0,0,0,"F"
1,0,1,2,"BCSS","","","","K","T",1,0,0,0,0,"F"
1,1,0,1,"CX","","","","53/G","T",1,0,0,0,0,"F"
1,2,1,2,"CBFX","","","","S6/G","T",0,1,0,0,0,"F"
1,2,1,1,"B1CX","brinl001","","","43/G","T",1,0,1,0,0,"F"
0,0,0,2,"CSC","","","","K","T",1,0,0,0,0,"F"
0,1,2,2,"BSFBS","","","","K","T",1,0,0,0,0,"F"
0,2,0,1,"CH","","","","HP","T",0,1,0,0,0,"F"
0,2,0,2,".CSS","alfaj002","","","K","T",1,0,1,0,0,"F"
1,0,3,1,".SBBBX","","","","6/L+","T",1,0,0,0,0,"F"
1,1,0,2,"CSS","","","","K","T",1,0,0,0,0,"F"
1,2,1,1,"CBX","","","","43/G","T",1,0,0,0,0,"F"
0,0,3,1,"..BFBBB","","","","W","T",0,1,0,0,0,"F"
0,0,1,2,".CFB1X","quinr003","","","4/L/DP.1X1(43)","T",2,0,0,0,0,"F"
0,2,1,2,".CBSFX","","","","D8/F+","T",0,2,0,0,0,"F"
0,2,0,2,".CCX","","bautj002","","S7/L.2-H","T",0,1,0,4,0,"F"
0,2,0,2,".CFS","kings001","","","K","T",1,0,1,0,0,"F"
1,0,0,2,"...CFS","","","","K","T",1,0,0,0,0,"F"
1,1,3,2,"CBBBFB","","","","W","T",0,1,0,0,0,"F"
1,1,2,2,"CS*BBX","realj001","","","43/G.1-2","T",1,0,2,0,0,"F"
1,2,0,2,"SSS","","realj001","","K","T",1,0,0,2,0,"F"
0,0,1,0,".BX","","","","43/G","T",1,0,0,0,0,"F"
0,1,3,2,"CCBBBB","","","","W","T",0,1,0,0,0,"F"
0,1,0,2,"FCX","hernc005","","","S9/L.1-2","T",0,1,2,0,0,"F"
0,1,3,2,".BBCBSFFFS","alfaj002","hernc005","","K","T",1,0,1,2,0,"F"
0,2,2,2,"SBSBFFS","alfaj002","hernc005","","K","T",1,0,1,2,0,"F"
0,0,2,1,"CBBX","","","","9/F","T",1,0,0,0,0,"T"
0,1,1,1,"CBX","","","","8/F","T",1,0,0,0,0,"F"
0,2,2,2,"BSBSS","","","","K","T",1,0,0,0,0,"F"
1,0,3,1,"CBBBX","","","","13/G","T",1,0,0,0,0,"F"
1,1,2,2,"CBCBX","","","","31/G","T",1,0,0,0,0,"F"
1,2,1,2,"BCFS","","","","K","T",1,0,0,0,0,"F"
0,0,0,1,"CX","","","","S8/L+","T",0,1,0,0,0,"F"
0,0,1,2,"CBF1S","renda001","","","K","T",1,0,1,0,0,"F"
0,1,2,2,"FBBFFX","renda001","","","D9/L+.1-3","T",0,2,3,0,0,"F"
0,1,3,0,"VVVV","","zimmr001","renda001","IW","T",0,1,0,2,3,"F"
0,1,3,2,"BCFBBX","difow001","zimmr001","renda001","E5/G.3-H;2-3;1-2","T",0,1,2,3,4,"F"
0,1,0,1,"CX","kiebs001","difow001","zimmr001","6(1)3/GDP","T",2,0,0,2,3,"F"
1,0,2,2,"BBCSX","","","","DGR/89/F+","T",0,2,0,0,0,"F"
1,0,3,2,"CBBFBS","","obrip002","","K","T",1,0,0,2,0,"F"
1,1,0,2,"CCX","","obrip002","","63/G.2-3","T",1,0,0,3,0,"F"
1,2,3,2,"BBCBCX","","","obrip002","63/G","T",1,0,0,0,3,"F"
0,0,1,0,"BX","","","","HR/78/F","T",0,4,0,0,0,"F"
0,0,3,2,"BBSBSFX","","","","S8/G","T",0,1,0,0,0,"F"
0,0,1,2,"SBSL","turnt001","","","K/BF","T",1,0,1,0,0,"F"
0,1,1,2,"11CFBX","turnt001","","","HR/7/F.1-H","T",0,4,4,0,0,"F"
0,1,3,2,"SFBBBX","","","","143/G","T",1,0,0,0,0,"F"
0,2,0,0,"X","","","","9/F","T",1,0,0,0,0,"F"
1,0,3,2,"LBBBSS","","","","K","T",1,0,0,0,0,"F"
1,1,1,2,"BSCX","","","","4/P","T",1,0,0,0,0,"F"
1,2,3,2,"BBBCSFB","","","","W","T",0,1,0,0,0,"F"
1,2,2,2,"CBFBX","casts001","","","63/G","T",1,0,1,0,0,"F"
0,0,2,1,"SBBX","","","","3/G","T",1,0,0,0,0,"F"
0,1,1,2,"BCFC","","","","K","T",1,0,0,0,0,"F"
0,2,0,1,"CX","","","","9/L","T",1,0,0,0,0,"F"
1,0,3,1,"TBBBB","","","","W","T",0,1,0,0,0,"F"
1,0,2,2,"CBTBC","realj001","","","K","T",1,0,1,0,0,"F"
1,1,0,2,"1CFS","realj001","","","K","T",1,0,1,0,0,"F"
1,2,1,1,"SBX","realj001","","","53/G","T",1,0,1,0,0,"F"
0,0,1,2,"FBFX","","","","8/L","T",1,0,0,0,0,"F"
0,1,1,2,"TSBC","","","","K","T",1,0,0,0,0,"F"
0,2,3,2,"BCBFBS","","","","K","T",1,0,0,0,0,"F"
1,0,3,0,"BBBB","","","","W","T",0,1,0,0,0,"F"
1,0,3,2,"MC+1BBFFFBB","deana001","","","W.1-2","T",0,1,2,0,0,"F"
1,0,3,2,".FBFBFBS","sierm002","deana001","","K","T",1,0,1,2,0,"F"
1,1,0,0,"X","sierm002","deana001","","D7/L+.2-H;1-H","T",0,2,4,4,0,"F"
1,1,0,2,".FFS","","casts001","","K","T",1,0,0,2,0,"F"
1,2,2,2,"CBFBS","","casts001","","K","T",1,0,0,2,0,"F"
0,0,3,2,".CBFBBX","","","","S6/G","T",0,1,0,0,0,"F"
0,0,1,2,"BCFX","renda001","","","3/G+.1-2","T",1,0,2,0,0,"F"
0,1,3,2,"CBFFBBC","","renda001","","K","T",1,0,0,2,0,"F"
0,2,0,1,"2CX","","renda001","","3/G","T",1,0,0,2,0,"F"
1,0,1,0,".BX","","","","53/G","T",1,0,0,0,0,"F"
1,1,0,2,"FSX","","","","S8/F","T",0,1,0,0,0,"F"
1,1,0,2,"FFX","brinl001","","","S6/G.1-2","T",0,1,2,0,0,"F"
1,1,1,1,"CB+1X","rojam002","brinl001","","S7/G+.2-3;1-2","T",0,1,2,3,0,"F"
1,1,2,1,"BF*BX","deana001","rojam002","brinl001","S9/G.3-H;2-H;1-3","T",0,1,3,4,4,"F"
1,1,0,1,"..111SN","sierm002","","deana001","BK.3-H;1-2","F",0,0,2,0,4,"F"
1,1,0,1,"..111SN.X","","sierm002","","23/G-","T",1,0,0,2,0,"F"
1,2,2,0,"BB>B","","sierm002","","SB3","F",0,0,0,3,0,"F"
1,2,3,1,"BB>B.CX","","","sierm002","8/F","T",1,0,0,0,3,"F"
0,0,3,2,"..CBBBCFB","","","","W","T",0,1,0,0,0,"F"
0,0,1,1,".BFX","eatoa002","","","9/F","T",1,0,1,0,0,"F"
0,1,1,0,"BX","eatoa002","","","S8/L.1-3","T",0,1,3,0,0,"F"
0,1,1,0,"B11X","roblv001","","eatoa002","46(1)/FO/G.3-H","T",1,1,0,0,4,"F"
0,2,1,0,".1BX","turnt001","","","43/G","T",1,0,1,0,0,"F"
1,0,1,2,"..BSFX","","","","S7/G","T",0,1,0,0,0,"F"
1,0,3,0,"BBBB","andeb006","","","W.1-2","T",0,1,2,0,0,"F"
1,0,3,1,"BBBC*B","realj001","andeb006","","W.2-3;1-2","T",0,1,2,3,0,"F"
1,0,3,2,"BCBBCX","obrip002","realj001","andeb006","S7/G.3-H;2-3;1-2","T",0,1,2,3,4,"F"
1,0,1,2,"CCBX","brinl001","obrip002","realj001","8/F/SF.3-H","T",1,0,1,2,4,"F"
1,1,1,2,"CCBX","brinl001","obrip002","","64(1)/FO/G.2-3","T",1,1,0,3,0,"F"
1,2,2,2,"BFCFBX","deana001","","obrip002","4/L","T",1,0,1,0,3,"F"
0,0,1,2,"....CCBT","","","","K","T",1,0,0,0,0,"F"
0,1,0,0,"X","","","","53/G","T",1,0,0,0,0,"F"
0,2,2,2,"BCBSFC","","","","K","T",1,0,0,0,0,"F"
1,0,2,0,".BBX","","","","8/F","T",1,0,0,0,0,"F"
1,1,1,0,".BX","","","","HR/78/F+","T",0,4,0,0,0,"F"
1,1,1,2,"BSFS","","","","K","T",1,0,0,0,0,"F"
1,2,2,2,"SBSBFC","","","","K","T",1,0,0,0,0,"F"
0,0,3,2,".BBCFBS","","","","K","T",1,0,0,0,0,"F"
0,1,1,0,".BX","","","","8/F","T",1,0,0,0,0,"F"
0,2,2,2,"FBBFX","","","","8/F+","T",1,0,0,0,0,"F"
0,0,1,2,"CSBX","","","","S7/L","T",0,1,0,0,0,"T"
0,0,3,2,"CB*BF*BS","eatoa002","","","K","T",1,0,1,0,0,"F"
0,1,3,2,"1BCCF*BFBB","eatoa002","","","W.1-2","T",0,1,2,0,0,"F"
0,1,1,0,"BX","harpb003","eatoa002","","S7/G.2-3;1-2","T",0,1,2,3,0,"F"
0,1,1,2,"BSTS","renda001","harpb003","eatoa002","K","T",1,0,1,2,3,"F"
0,2,0,1,"CX","renda001","harpb003","eatoa002","4/P","T",1,0,1,2,3,"F"
1,0,0,2,"CCS","","","","K","T",1,0,0,0,0,"F"
1,1,0,1,"FX","","","","63/G","T",1,0,0,0,0,"F"
1,2,0,1,"FX","","","","9/F","T",1,0,0,0,0,"F"
0,0,3,1,"BBBCB","","","","W","T",0,1,0,0,0,"F"
0,0,1,1,"C*BX","wietm001","","","S8/G.1-2","T",0,1,2,0,0,"F"
0,0,0,0,"X","difow001","wietm001","","14/BG/SH.2-3;1-2","T",1,0,2,3,0,"F"
0,1,0,0,"X","","difow001","wietm001","S9/L.3-H;2-3","T",0,1,0,3,4,"F"
0,1,0,0,"X","eatoa002","","difow001","S3/BG.3-H;1-2","T",0,1,2,0,4,"F"
0,1,3,0,"BBBB","turnt001","eatoa002","","W.2-3;1-2","T",0,1,2,3,0,"F"
0,1,3,2,"BBCBFX","harpb003","turnt001","eatoa002","6/L","T",1,0,1,2,3,"F"
0,2,3,2,"BBBCF>X","harpb003","turnt001","eatoa002","43/G","T",1,0,1,2,3,"F"
1,0,2,0,"BBX","","","","HR/7/F","T",0,4,0,0,0,"F"
1,0,1,0,"BH","","","","HP","T",0,1,0,0,0,"F"
1,0,0,2,"SCS","andeb006","","","K","T",1,0,1,0,0,"F"
1,1,2,2,"CBFF*B+1S","andeb006","","","K","T",1,0,1,0,0,"F"
1,2,1,2,"C*BCS","andeb006","","","K","T",1,0,1,0,0,"F"
0,0,0,2,"CCX","","","","8/F","T",1,0,0,0,0,"F"
0,1,1,0,"BX","","","","8/F","T",1,0,0,0,0,"F"
0,2,3,1,"CBBBB","","","","W","T",0,1,0,0,0,"F"
0,2,0,2,"1TC>B","difow001","","","CS2(26)","F",1,0,0,0,0,"F"
1,0,2,2,"BCBFC","","","","K","T",1,0,0,0,0,"F"
1,1,0,2,"SSS","","","","K","T",1,0,0,0,0,"F"
1,2,2,2,"BCBSFS","","","","K","T",1,0,0,0,0,"F"
0,0,2,2,"BFFBC","","","","K","T",1,0,0,0,0,"F"
0,1,3,1,"LBBBB","","","","W","T",0,1,0,0,0,"F"
0,1,2,1,"CBBX","eatoa002","","","S7/L.1-2","T",0,1,2,0,0,"F"
0,1,3,2,"CFBBBB","turnt001","eatoa002","","W.2-3;1-2","T",0,1,2,3,0,"F"
0,1,1,1,"BFX","harpb003","turnt001","eatoa002","9/F/SF.3-H;2-3","T",1,0,1,3,4,"F"
0,2,1,0,"BX","harpb003","","turnt001","43/G","T",1,0,1,0,3,"F"
1,0,2,2,"BBFFX","","","","S9/L","T",0,1,0,0,0,"F"
1,0,3,2,"CCB*BBB","realj001","","","W.1-2","T",0,1,2,0,0,"F"
1,0,2,2,"FBC*BS","obrip002","realj001","","K","T",1,0,1,2,0,"F"
1,1,2,2,"BSBFC","obrip002","realj001","","K","T",1,0,1,2,0,"F"
1,2,1,0,"BX","obrip002","realj001","","9/F","T",1,0,1,2,0,"F"
0,0,1,2,".CBFX","","","","13/G","T",1,0,0,0,0,"F"
0,1,2,2,"BCBFFS","","","","K","T",1,0,0,0,0,"F"
0,2,2,1,"BBFX","","","","5/L","T",1,0,0,0,0,"F"
1,0,0,0,"X","","","","53/BG","T",1,0,0,0,0,"F"
1,1,2,2,".CBBFFFX","","","","8/F","T",1,0,0,0,0,"F"
1,2,1,2,"BCCX","","","","S8/L","T",0,1,0,0,0,"F"
1,2,0,0,"X","riddj001","","","S7/G.1-2","T",0,1,2,0,0,"F"
1,2,1,0,"BX","rojam002","riddj001","","S4/L-.2-H;1-3","T",0,1,3,4,0,"F"
1,2,3,2,"SBBBF>B","realj001","","rojam002","W.1-2","T",0,1,2,0,3,"F"
1,2,3,2,"FT*BBB>F>S","obrip002","realj001","rojam002","K","T",1,0,1,2,3,"F"
0,0,0,2,".CFC","","","","K","T",1,0,0,0,0,"F"
0,1,0,0,"X","","","","13/G","T",1,0,0,0,0,"F"
0,2,1,2,"CCBH","","","","HP","T",0,1,0,0,0,"F"
0,2,0,0,">S","turnt001","","","SB2","F",0,0,2,0,0,"F"
0,2,3,2,">S.BCB*BB","","turnt001","","W","T",0,1,0,2,0,"F"
0,2,1,1,"BFX","harpb003","turnt001","","S9/G.2-H;1-3;B-2(E5)","T",0,2,3,4,0,"F"
0,2,0,2,"FFFC","","renda001","harpb003","K","T",1,0,0,2,3,"F"
1,0,2,2,"CBFBS","","","","K","T",1,0,0,0,0,"F"
1,1,0,0,"X","","","","31/G","T",1,0,0,0,0,"F"
1,2,3,1,"BBBCX","","","","8/L","T",1,0,0,0,0,"F"
0,0,0,1,".CX","","","","63/G","T",1,0,0,0,0,"F"
0,1,2,0,"BBX","","","","S87/L","T",0,1,0,0,0,"F"
0,1,0,2,"SFC","wietm001","","","K","T",1,0,1,0,0,"F"
0,2,0,0,".X","wietm001","","","9/L","T",1,0,1,0,0,"F"
1,0,0,0,"..X","","","","8/F","T",1,0,0,0,0,"F"
1,1,1,1,"BMX","","","","7/L","T",1,0,0,0,0,"F"
1,2,1,2,".CSBX","","","","9/F","T",1,0,0,0,0,"F"
0,0,3,2,"...BCFBFFB*B","","","","W","T",0,1,0,0,0,"F"
0,0,1,1,"11*BC1X","roblv001","","","54(1)3/GDP","T",2,0,0,0,0,"F"
0,2,3,1,"BBBCB","","","","W","T",0,1,0,0,0,"F"
0,2,1,1,".1CBX","harpb003","","","3/P3F","T",1,0,1,0,0,"F"
1,0,1,2,"...CBCX","","","","9/F","T",1,0,0,0,0,"F"
1,1,0,2,"SFX","","","","S8/G","T",0,1,0,0,0,"F"
1,1,1,2,"CBSS","obrip002","","","K","T",1,0,1,0,0,"F"
1,2,1,2,"CS*BS","obrip002","","","K","T",1,0,1,0,0,"F"
0,0,3,2,"BBBFCX","","","","43/G","T",1,0,0,0,0,"F"
0,1,0,0,"X","","","","D9/F+","T",0,2,0,0,0,"F"
0,1,3,0,"BBBB","","zimmr001","","W","T",0,1,0,2,0,"F"
0,1,1,0,"BX","wietm001","zimmr001","","46(1)/FO/G.2-3","T",1,1,0,3,0,"F"
0,2,1,2,".SF*BFX","difow001","","zimmr001","6/L-","T",1,0,1,0,3,"F"
1,0,0,2,".CFX","","","","63/G-","T",1,0,0,0,0,"F"
1,1,1,2,".CBSS","","","","K","T",1,0,0,0,0,"F"
1,2,1,2,"BSFS","","","","K","T",1,0,0,0,0,"F"
0,0,2,2,"CBSBS","","","","K","T",1,0,0,0,0,"T"
0,1,2,0,"BBX","","","","9/F","T",1,0,0,0,0,"F"
0,2,1,2,"FCFBS","","","","K","T",1,0,0,0,0,"F"
1,0,2,2,"BCBFFX","","","","S8/G","T",0,1,0,0,0,"F"
1,0,0,2,"TCS","rojam002","","","K","T",1,0,1,0,0,"F"
1,1,0,1,"CX","rojam002","","","64(1)/FO/G","T",1,1,0,0,0,"F"
1,2,0,0,"X","realj001","","","S8/L+.1-3","T",0,1,3,0,0,"F"
1,2,2,0,"BBX","obrip002","","realj001","64(1)/FO/G","T",1,1,0,0,3,"F"
0,0,3,2,"BSBFBB","","","","W","T",0,1,0,0,0,"F"
0,0,1,0,"BX","genns001","","","9/F","T",1,0,1,0,0,"F"
0,1,3,1,"FBBBB","genns001","","","W.1-2","T",0,1,2,0,0,"F"
0,1,0,0,"X","willm007","genns001","","9/F","T",1,0,1,2,0,"F"
0,2,2,2,"BBCCFS","willm007","genns001","","K","T",1,0,1,2,0,"F"
1,0,1,1,"BSX","","","","7/L+","T",1,0,0,0,0,"F"
1,1,0,2,"CCS","","","","K","T",1,0,0,0,0,"F"
1,2,1,2,"SSBFX","","","","13/G","T",1,0,0,0,0,"F"
0,0,3,1,"BBFBB","","","","W","T",0,1,0,0,0,"F"
0,0,2,2,"BB>FF1>B","hamib001","","","SB2.1-3(E2/TH)","F",0,0,3,0,0,"F"
0,0,3,2,"BB>FF1>B.B","","","hamib001","W","T",0,1,0,0,3,"F"
0,0,1,1,"*BCX","sches001","","hamib001","9/F","T",1,0,1,0,3,"F"
0,1,1,2,"CBTS","sches001","","hamib001","K","T",1,0,1,0,3,"F"
0,2,1,0,"BX","sches001","","hamib001","D8/F.3-H;1-H","T",0,2,4,0,4,"F"
0,2,2,2,"CBFBX","","genns001","","S9/G+.2-3","T",0,1,0,3,0,"F"
0,2,1,2,"CTB>X","suare001","","genns001","9/L","T",1,0,1,0,3,"F"
1,0,2,2,"BFBFS","","","","K","T",1,0,0,0,0,"F"
1,1,0,1,"CH","","","","HP","T",0,1,0,0,0,"F"
1,1,1,1,"CBX","rojam002","","","S7/G.1-2","T",0,1,2,0,0,"F"
1,1,1,1,"CBX","casts001","rojam002","","54(1)/FO/G.2-3","T",1,1,0,3,0,"F"
1,2,0,2,"SCS","realj001","","rojam002","K","T",1,0,1,0,3,"F"
0,0,1,2,"FCFBS","","","","K","T",1,0,0,0,0,"F"
0,1,1,2,"CBSC","","","","K","T",1,0,0,0,0,"F"
0,2,1,2,"CFBX","","","","8/L","T",1,0,0,0,0,"F"
1,0,2,0,"BBX","","","","53/G","T",1,0,0,0,0,"F"
1,1,0,1,"SX","","","","8/F+","T",1,0,0,0,0,"F"
1,2,0,0,"X","","","","63/G","T",1,0,0,0,0,"F"
0,0,1,0,"BX","","","","S9/G+","T",0,1,0,0,0,"F"
0,0,1,0,"BX","sches001","","","8/L","T",1,0,1,0,0,"F"
0,1,0,2,"FCX","sches001","","","7/F","T",1,0,1,0,0,"F"
0,2,2,1,"BBCX","sches001","","","43/G","T",1,0,1,0,0,"F"
1,0,2,2,"CFBBFS","","","","K","T",1,0,0,0,0,"F"
1,1,2,2,".BBCSS","","","","K","T",1,0,0,0,0,"F"
1,2,0,0,"X","","","","53/G-","T",1,0,0,0,0,"F"
0,0,0,1,".CX","","","","S9/L","T",0,1,0,0,0,"F"
0,0,0,1,"FX","suare001","","","7/F","T",1,0,1,0,0,"F"
0,1,1,2,"BFCX","suare001","","","9/F","T",1,0,1,0,0,"F"
0,2,3,2,"BCBBC>B","suare001","","","W.1-2","T",0,1,2,0,0,"F"
0,2,1,2,"FCBX","reedc002","suare001","","5(2)/FO/G-.1-2","T",1,1,2,0,0,"F"
1,0,1,0,"BX","","","","S8/G","T",0,1,0,0,0,"F"
1,0,1,0,"BX","casts001","","","S7/L.1-2","T",0,1,2,0,0,"F"
1,0,0,1,"CX","realj001","casts001","","54(1)3/GDP.2-3","T",2,0,0,3,0,"F"
1,2,1,2,"C*BFFX","","","casts001","8/F","T",1,0,0,0,3,"F"
0,0,3,2,"CCBBBX","","","","8/F+","T",1,0,0,0,0,"F"
0,1,2,0,"BBX","","","","S7/G","T",0,1,0,0,0,"F"
0,1,0,0,"X","peraj003","","","9/L","T",1,0,1,0,0,"F"
0,2,1,0,"1BX","peraj003","","","HR/9/F.1-H","T",0,4,4,0,0,"F"
0,2,0,0,"X","","","","9/F","T",1,0,0,0,0,"F"
1,0,3,2,".BFBBCB","","","","W","T",0,1,0,0,0,"F"
1,0,2,2,".FFFBFBX","brinl001","","","64(1)3/GDP","T",2,0,0,0,0,"F"
1,2,1,1,"BSX","","","","5/P","T",1,0,0,0,0,"F"
0,0,3,2,"..FFBBBX","","","","S7/G","T",0,1,0,0,0,"F"
0,0,1,0,"BX","willm007","","","46(1)3/GDP","T",2,0,0,0,0,"F"
0,2,3,2,".BBBCFX","","","","43/G","T",1,0,0,0,0,"F"
1,0,0,1,"..LX","","","","3/L","T",1,0,0,0,0,"F"
1,1,3,2,"CBFFBFFFBB","","","","W","T",0,1,0,0,0,"F"
1,1,0,0,"X","rojam002","","","13/G-.1-2","T",1,0,2,0,0,"F"
1,2,1,1,"BSX","","rojam002","","D7/L.2-H","T",0,2,0,4,0,"F"
1,2,2,1,".BBCX","","realj001","","S9/G-.2-H","T",0,1,0,4,0,"F"
1,2,0,2,".FFB","obrip002","","","WP.1-2","F",0,0,2,0,0,"F"
1,2,1,2,".FFB.FX","","obrip002","","8/F","T",1,0,0,2,0,"F"
0,0,0,0,"..X","","","","S9/L+","T",0,1,0,0,0,"F"
0,0,3,1,"1*BBBFX","hamib001","","","26(1)3/GDP","T",2,0,0,0,0,"F"
0,2,2,0,"BBX","","","","3/P3F","T",1,0,0,0,0,"F"
1,0,2,0,"BBX","","","","2/P2F","T",1,0,0,0,0,"F"
1,1,3,0,"BBBB","","","","W","T",0,1,0,0,0,"F"
1,1,1,2,"CFBFS","orter001","","","K","T",1,0,1,0,0,"F"
1,2,3,2,".BFBCB>B","orter001","","","W.1-2","T",0,1,2,0,0,"F"
1,2,0,0,"X","andeb006","orter001","","43/G+","T",1,0,1,2,0,"F"
0,0,1,2,"BFCFS","","","","K","T",1,0,0,0,0,"T"
0,1,3,2,"SBBSBFFX","","","","4/P","T",1,0,0,0,0,"F"
0,2,2,2,"FBCBX","","","","7/L","T",1,0,0,0,0,"F"
1,0,1,0,"BX","","","","13/G","T",1,0,0,0,0,"F"
1,1,2,2,"BBCFX","","","","53/G","T",1,0,0,0,0,"F"
1,2,0,2,"CSFFS","","","","K","T",1,0,0,0,0,"F"
0,0,1,0,"BX","","","","63/G","T",1,0,0,0,0,"F"
0,1,0,0,"X","","","","8/F","T",1,0,0,0,0,"F"
0,2,0,2,"CFS","","","","K","T",1,0,0,0,0,"F"
1,0,2,2,"FSBBFX","","","","8/L+","T",1,0,0,0,0,"F"
1,1,0,2,"CCX","","","","D8/L","T",0,2,0,0,0,"F"
1,1,0,0,"X","","dietd001","","FC6/G.2X3(65)","T",1,1,0,0,0,"F"
1,2,0,1,"CX","andeb006","","","8/F","T",1,0,1,0,0,"F"
0,0,3,2,"BSSBBX","","","","D8/L+","T",0,2,0,0,0,"F"
0,0,2,2,"CBCF*BS","","casac001","","K","T",1,0,0,2,0,"F"
0,1,0,2,"FFC","","casac001","","K","T",1,0,0,2,0,"F"
0,2,1,0,"*BX","","casac001","","9/F","T",1,0,0,2,0,"F"
1,0,2,1,"MBBX","","","","13/G","T",1,0,0,0,0,"F"
1,1,0,2,"CSFC","","","","K","T",1,0,0,0,0,"F"
1,2,0,1,"CX","","","","31/G","T",1,0,0,0,0,"F"
0,0,3,2,"BCBBFX","","","","7/L","T",1,0,0,0,0,"F"
0,1,2,1,"BFBX","","","","7/F","T",1,0,0,0,0,"F"
0,2,2,1,"BCBX","","","","S5/G","T",0,1,0,0,0,"F"
0,2,2,2,"SBBCFFFFFS","suare001","","","K","T",1,0,1,0,0,"F"
1,0,1,0,"BX","","","","7/L","T",1,0,0,0,0,"F"
1,1,1,2,"CBFX","","","","S9/F","T",0,1,0,0,0,"F"
1,1,1,2,"C*BFS","realj001","","","K","T",1,0,1,0,0,"F"
1,2,0,0,"X","realj001","","","3/G-","T",1,0,1,0,0,"F"
0,0,0,1,"CX","","","","D8/L+","T",0,2,0,0,0,"F"
0,0,0,0,"2X","","ervip001","","9/F.2-3","T",1,0,0,3,0,"F"
0,1,0,1,"CX","","","ervip001","FC6/G.3XH(62)","T",1,1,0,0,0,"F"
0,2,0,0,"X","trahb001","","","9/F","T",1,0,1,0,0,"F"
1,0,2,2,"BCBSS","","","","K","T",1,0,0,0,0,"F"
1,1,0,0,"X","","","","31/G+","T",1,0,0,0,0,"F"
1,2,2,2,"BCFBX","","","","S6/G-","T",0,1,0,0,0,"F"
1,2,1,2,"1CBFX","sierm002","","","13/G","T",1,0,1,0,0,"F"
0,0,1,2,"CBFX","","","","3/P3F","T",1,0,0,0,0,"F"
0,1,1,2,"CBLS","","","","K23","T",1,0,0,0,0,"F"
0,2,0,0,"X","","","","63/G","T",1,0,0,0,0,"F"
1,0,1,2,"CFBX","","","","43/G","T",1,0,0,0,0,"F"
1,1,0,0,"X","","","","13/G","T",1,0,0,0,0,"F"
1,2,0,0,"X","","","","9/L","T",1,0,0,0,0,"F"
0,0,1,2,"CFFBFC","","","","K","T",1,0,0,0,0,"F"
0,1,2,2,"BSBSFS","","","","K","T",1,0,0,0,0,"F"
0,2,2,1,"BFBX","","","","3/P","T",1,0,0,0,0,"F"
1,0,3,2,"CBBFBS","","","","K","T",1,0,0,0,0,"F"
1,1,1,2,"CSFFFBX","","","","4/P","T",1,0,0,0,0,"F"
1,2,0,0,"X","","","","43/G","T",1,0,0,0,0,"F"
0,0,2,2,".FCBBX","","","","43/G","T",1,0,0,0,0,"F"
0,1,1,2,"BCSFFC","","","","K","T",1,0,0,0,0,"F"
0,2,3,2,"BBBCCX","","","","4/L","T",1,0,0,0,0,"F"
1,0,1,1,"BCX","","","","S8/L","T",0,1,0,0,0,"F"
1,0,0,0,".X","galli001","","","16(1)/FO/BG/DP.BX1(63/RINT)","T",2,0,0,0,0,"F"
1,2,1,0,".BX","","","","6/L+","T",1,0,0,0,0,"F"
0,0,1,2,"..FFBT","","","","K","T",1,0,0,0,0,"F"
0,1,3,2,"BSBBFFX","","","","8/F","T",1,0,0,0,0,"F"
0,2,3,2,"CFBBBB","","","","W","T",0,1,0,0,0,"F"
0,2,0,0,"X","vottj001","","","7/F","T",1,0,1,0,0,"F"
1,0,1,1,".BFX","","","","8/L","T",1,0,0,0,0,"F"
1,1,2,2,"BCFBFX","","","","S8/L","T",0,1,0,0,0,"F"
1,1,3,2,"BFBBF>F>B","casts001","","","W.1-2","T",0,1,2,0,0,"F"
1,1,1,2,".BFSX","realj001","casts001","","64(1)3/GDP","T",2,0,0,2,0,"F"
0,0,2,2,"CFBBS","","","","K","T",1,0,0,0,0,"F"
0,1,2,1,".BCBX","","","","7/F","T",1,0,0,0,0,"F"
0,2,2,0,"BBX","","","","9/F","T",1,0,0,0,0,"F"
1,0,3,2,"FSBBBFS","","","","K","T",1,0,0,0,0,"F"
1,1,0,0,"X","","","","D9/L+","T",0,2,0,0,0,"F"
1,1,3,2,"FFB*BBFX","","andeb006","","D9/F.2-H","T",0,2,0,4,0,"F"
0,0,2,1,"BSBX","","","","8/F","T",1,0,0,0,0,"T"
0,1,3,2,"BCBFBX","","","","13/G","T",1,0,0,0,0,"F"
0,2,3,2,"BBCBFFS","","","","K","T",1,0,0,0,0,"F"
1,0,0,1,"CX","","","","8/L","T",1,0,0,0,0,"F"
1,1,2,2,"BCSBS","","","","K","T",1,0,0,0,0,"F"
1,2,2,2,"FBFBS","","","","K","T",1,0,0,0,0,"F"
0,0,1,0,"BX","","","","7/F","T",1,0,0,0,0,"F"
0,1,3,0,"BBBB","","","","W","T",0,1,0,0,0,"F"
0,1,3,2,"1FCBBFB>C","suare001","","","K+CS2(26)/DP","T",2,0,0,0,0,"F"
1,0,1,2,"CSBC","","","","K","T",1,0,0,0,0,"F"
1,1,1,2,"CBSFC","","","","K","T",1,0,0,0,0,"F"
1,2,0,2,"FCC","","","","K","T",1,0,0,0,0,"F"
0,0,1,0,"BX","","","","31/G","T",1,0,0,0,0,"F"
0,1,0,1,"CX","","","","13/G-","T",1,0,0,0,0,"F"
0,2,3,1,"SBBBX","","","","7/F7LF","T",1,0,0,0,0,"F"
1,0,1,1,"BFX","","","","4/L","T",1,0,0,0,0,"F"
1,1,2,1,"BCBX","","","","S8/L","T",0,1,0,0,0,"F"
1,1,0,2,"1LL1M","sierm002","","","K","T",1,0,1,0,0,"F"
1,2,1,0,"BX","sierm002","","","7/L","T",1,0,1,0,0,"F"
0,0,3,2,"SCBBFFBX","","","","6/P","T",1,0,0,0,0,"F"
0,1,1,0,"BH","","","","HP","T",0,1,0,0,0,"F"
0,1,0,1,"FX","peraj003","","","7/F","T",1,0,1,0,0,"F"
0,2,3,2,"BBBCF>X","peraj003","","","S7/L.1-3","T",0,1,3,0,0,"F"
0,2,0,0,"X","genns001","","peraj003","6/P","T",1,0,1,0,3,"F"
1,0,0,2,"FSC","","","","K","T",1,0,0,0,0,"F"
1,1,0,1,"CX","","","","E1/G-","T",0,1,0,0,0,"F"
1,1,1,2,"SBF1S","realj001","","","K","T",1,0,1,0,0,"F"
1,2,3,1,"FBB*BB","realj001","","","W.1-2","T",0,1,2,0,0,"F"
1,2,0,0,"X","andeb006","realj001","","S8/G.2-H(UR);1-2","T",0,1,2,5,0,"F"
1,2,0,1,"C2","brinl001","andeb006","","PO2(E1).2-3","F",0,0,1,3,0,"F"
1,2,0,1,"C2.X","brinl001","","andeb006","S9/L.3-H(UR);1-3","T",0,1,3,0,5,"F"
1,2,0,2,"FFC","deana001","","brinl001","K","T",1,0,1,0,3,"F"
0,0,1,0,"BX","","","","41/G","T",1,0,0,0,0,"F"
0,1,1,2,"CFBX","","","","53/G","T",1,0,0,0,0,"F"
0,2,1,0,"BX","","","","9/F","T",1,0,0,0,0,"F"
1,0,2,2,"SCBBS","","","","K","T",1,0,0,0,0,"F"
1,1,0,1,"CX","","","","6/L","T",1,0,0,0,0,"F"
1,2,0,0,"X","","","","13/G","T",1,0,0,0,0,"F"
0,0,1,2,"CFFBX","","","","43/G","T",1,0,0,0,0,"F"
0,1,1,0,"BX","","","","43/G","T",1,0,0,0,0,"F"
0,2,1,1,"CBX","","","","S9/F","T",0,1,0,0,0,"F"
0,2,1,2,"SBSX","peraj003","","","S8/L.1-2","T",0,1,2,0,0,"F"
0,2,2,1,".BCBX","vottj001","peraj003","","4/L","T",1,0,1,2,0,"F"
1,0,0,0,"X","","","","D7/G","T",0,2,0,0,0,"F"
1,0,3,2,"CBBC*BX","","realj001","","63/G","T",1,0,0,2,0,"F"
1,1,1,1,"FBX","","realj001","","S67/L.2-H","T",0,1,0,4,0,"F"
1,1,1,2,"CFBX","andeb006","","","64(1)/FO/G","T",1,1,0,0,0,"F"
1,2,0,1,"C1X","brinl001","","","HR/78/F.1-H","T",0,4,4,0,0,"F"
1,2,2,2,".SSBFFBX","","","","S34/G","T",0,1,0,0,0,"F"
1,2,0,0,"..X","sierm002","","","4/P","T",1,0,1,0,0,"F"
0,0,0,1,"..CX","","","","8/F","T",1,0,0,0,0,"F"
0,1,1,1,"BCX","","","","4/L","T",1,0,0,0,0,"F"
0,2,2,1,"FBBX","","","","53/G","T",1,0,0,0,0,"F"
1,0,1,1,".CBX","","","","9/F","T",1,0,0,0,0,"F"
1,1,0,1,"CX","","","","53/G","T",1,0,0,0,0,"F"
1,2,2,1,"BBFX","","","","6/L","T",1,0,0,0,0,"F"
0,0,0,0,".X","","","","HR/89/F","T",0,4,0,0,0,"F"
0,0,0,0,"X","","","","7/L","T",1,0,0,0,0,"F"
0,1,3,2,"BBBCSX","","","","7/F","T",1,0,0,0,0,"F"
0,2,0,1,"CX","","","","8/F+","T",1,0,0,0,0,"F"
1,0,1,0,".BX","","","","43/G","T",1,0,0,0,0,"F"
1,1,0,2,"SSX","","","","63/G","T",1,0,0,0,0,"F"
1,2,2,2,"FBBCX","","","","43/G","T",1,0,0,0,0,"F"
0,0,0,0,".X","","","","8/F","T",1,0,0,0,0,"F"
0,1,2,1,"BFBX","","","","63/G","T",1,0,0,0,0,"F"
0,2,0,2,"CCX","","","","S7/L","T",0,1,0,0,0,"F"
0,2,2,0,"BBX","suare001","","","S5/G.1-2","T",0,1,2,0,0,"F"
0,2,1,2,"....CBFX","barnt001","suare001","","13/G","T",1,0,1,2,0,"F"
0,0,1,2,"FBSX","","","","9/F","T",1,0,0,0,0,"T"
0,1,0,2,"CFX","","","","3/P","T",1,0,0,0,0,"F"
0,2,2,1,"BBSX","","","","S9/L","T",0,1,0,0,0,"F"
0,2,2,2,"C*BBSS","genns001","","","K","T",1,0,1,0,0,"F"
1,0,1,0,"BX","","","","S9/L","T",0,1,0,0,0,"F"
1,0,1,0,"BX","riddj001","","","S18/G.1-2","T",0,1,2,0,0,"F"
1,0,3,2,"BBBCSX","deana001","riddj001","","64(1)3/GDP.2-3","T",2,0,0,3,0,"F"
1,2,0,2,"FFFX","","","riddj001","7/F","T",1,0,0,0,3,"F"
0,0,0,2,"FFT","","","","K","T",1,0,0,0,0,"F"
0,1,0,0,"X","","","","53/G","T",1,0,0,0,0,"F"
0,2,1,2,"FCBS","","","","K","T",1,0,0,0,0,"F"
1,0,2,1,"CBBX","","","","63/G","T",1,0,0,0,0,"F"
1,1,0,0,"X","","","","S9/L+","T",0,1,0,0,0,"F"
1,1,1,0,"BX","brinl001","","","S8/G.1-2","T",0,1,2,0,0,"F"
1,1,0,0,"X","wallc001","brinl001","","25(2)/FO/BG.1-2","T",1,1,2,0,0,"F"
1,2,3,2,"CBSBB>B","richt001","wallc001","","W.2-3;1-2","T",0,1,2,3,0,"F"
1,2,1,1,"BSX","sierm002","richt001","wallc001","43/G","T",1,0,1,2,3,"F"
0,0,3,2,"BBSBCS","","","","K","T",1,0,0,0,0,"F"
0,1,0,1,"CX","","","","43/G","T",1,0,0,0,0,"F"
0,2,3,2,"BSBSBFB","","","","W","T",0,1,0,0,0,"F"
0,2,0,2,"1CFF1>S","sches001","","","K","T",1,0,1,0,0,"F"
1,0,1,0,"BX","","","","63/G","T",1,0,0,0,0,"F"
1,1,3,1,"BCBBB","","","","W","T",0,1,0,0,0,"F"
1,1,0,2,"FSX","casts001","","","8/L","T",1,0,1,0,0,"F"
1,2,1,0,"BX","casts001","","","S4/P.1-3","T",0,1,3,0,0,"F"
1,2,0,1,"CX","andeb006","","casts001","S56/G.3-H;1-2","T",0,1,2,0,4,"F"
1,2,2,1,"CB*BX","brinl001","andeb006","","HR/78/F.2-H;1-H","T",0,4,4,4,0,"F"
1,2,0,2,"CCX","","","","43/G","T",1,0,0,0,0,"F"
0,0,2,2,"SBFFBFX","","","","7/F","T",1,0,0,0,0,"F"
0,1,0,1,"CX","","","","S8/L","T",0,1,0,0,0,"F"
0,1,2,2,"BCFBF1X","suare001","","","S9/G.1-2","T",0,1,2,0,0,"F"
0,1,2,2,"BC*BCC","barnt001","suare001","","K","T",1,0,1,2,0,"F"
0,2,0,2,"C+2SC","barnt001","suare001","","K","T",1,0,1,2,0,"F"
1,0,1,0,"BX","","","","S1/BG","T",0,1,0,0,0,"F"
1,0,1,2,"11C1PSX","sierm002","","","S9/G.1-2","T",0,1,2,0,0,"F"
1,0,1,2,"BCFFFX","riddj001","sierm002","","6/L/DP.2X2(64)","T",2,0,1,0,0,"F"
1,2,0,0,"X","riddj001","","","43/G","T",1,0,1,0,0,"F"
0,0,0,0,"X","","","","53/G","T",1,0,0,0,0,"F"
0,1,0,2,".CSS","","","","K23","T",1,0,0,0,0,"F"
0,2,2,1,"BBSX","","","","8/F+","T",1,0,0,0,0,"F"
1,0,2,1,".BBFX","","","","13/G-","T",1,0,0,0,0,"F"
1,1,0,0,"X","","","","S8/L","T",0,1,0,0,0,"F"
1,1,0,2,"CFB","andeb006","","","WP.1-3(E2/TH)","F",0,0,3,0,0,"F"
1,1,1,2,"CFB.S","","","andeb006","K","T",1,0,0,0,3,"F"
1,2,1,2,"C*BSB","","","andeb006","WP.3-H(NR)","F",0,0,0,0,4,"F"
1,2,2,2,"C*BSB.X","","","","S9/L+","T",0,1,0,0,0,"F"
1,2,2,2,"FF*B*BX","wallc001","","","E4/G.1-2","T",0,1,2,0,0,"F"
1,2,0,1,"CX","richt001","wallc001","","S9/G+.2-H(UR);1-3","T",0,1,3,5,0,"F"
1,2,2,2,".BCBTX","sierm002","","richt001","43/G","T",1,0,1,0,3,"F"
0,0,0,0,"X","","","","63/G","T",1,0,0,0,0,"F"
0,1,2,2,"CBSBFFX","","","","31/G","T",1,0,0,0,0,"F"
0,2,2,2,"BBFFFX","","","","6/P","T",1,0,0,0,0,"F"
1,0,0,0,"X","","","","8/L","T",1,0,0,0,0,"F"
1,1,2,1,"CBBX","","","","63/G","T",1,0,0,0,0,"F"
1,2,1,0,"BX","","","","S7/L","T",0,1,0,0,0,"F"
1,2,3,2,"*BBF1CFB>X","obrip002","","","S8/L.1-2","T",0,1,2,0,0,"F"
1,2,0,2,"SFFS","andeb006","obrip002","","K","T",1,0,1,2,0,"F"
0,0,0,2,"CCX","","","","43/G","T",1,0,0,0,0,"F"
0,1,0,0,"X","","","","53/G","T",1,0,0,0,0,"F"
0,2,0,2,"CSS","","","","K","T",1,0,0,0,0,"F"
1,0,1,1,".CBX","","","","53/G","T",1,0,0,0,0,"F"
1,1,2,2,".BSSBFFX","","","","53/G","T",1,0,0,0,0,"F"
1,2,3,2,"BBSSBC","","","","K","T",1,0,0,0,0,"F"
0,0,2,2,"..BSBSX","","","","8/F+","T",1,0,0,0,0,"F"
0,1,3,2,".BBCBCX","","","","63/G","T",1,0,0,0,0,"F"
0,2,1,1,"BSX","","","","3/G","T",1,0,0,0,0,"F"
1,0,0,1,".CX","","","","13/G","T",1,0,0,0,0,"F"
1,1,2,2,"BBFFX","","","","8/F","T",1,0,0,0,0,"F"
1,2,1,2,"CSFFBS","","","","K23","T",1,0,0,0,0,"F"
0,0,0,1,"..CX","","","","S8/L","T",0,1,0,0,0,"F"
0,0,0,2,"FSX","peraj003","","","46(1)/FO/G","T",1,1,0,0,0,"F"
0,1,3,2,"CBBBCX","genns001","","","64(1)3/GDP","T",2,0,0,0,0,"F"
