0,0,2,0,"BBX","","","","HR/9/F","T",0,4,0,0,0,"T"
0,0,1,0,"BX","","","","D7/L+","T",0,2,0,0,0,"F"
0,0,1,1,"CBX","","brega001","","53/G","T",1,0,0,2,0,"F"
0,1,3,2,"BBSBFFS","","brega001","","K","T",1,0,0,2,0,"F"
0,2,0,2,"CSS","","brega001","","K","T",1,0,0,2,0,"F"
1,0,2,1,"CBBX","","","","6/L","T",1,0,0,0,0,"F"
1,1,0,0,"X","","","","5/P","T",1,0,0,0,0,"F"
1,2,0,1,"CX","","","","7/F","T",1,0,0,0,0,"F"
0,0,2,2,"BFFBS","","","","K","T",1,0,0,0,0,"F"
0,1,3,2,"BBCBC*B","","","","W","T",0,1,0,0,0,"F"
0,1,1,1,"CB+1X","gatte001","","","14(1)3/GDP","T",2,0,0,0,0,"F"
1,0,2,2,"CCBBX","","","","S7/L","T",0,1,0,0,0,"F"
1,0,2,0,"BBH","belta001","","","HP.1-2","T",0,1,2,0,0,"F"
1,0,2,2,"BCBFX","mazan001","belta001","","46(1)3/GDP.2-3","T",2,0,0,3,0,"F"
1,2,2,2,"FBSBFS","","","belta001","K","T",1,0,0,0,3,"F"
0,0,1,1,"BFX","","","","S3/G-","T",0,1,0,0,0,"F"
0,0,3,0,"BB*BB","mccab002","","","W.1-2","T",0,1,2,0,0,"F"
0,0,3,1,"*BBCBB","sprig001","mccab002","","W.2-3;1-2","T",0,1,2,3,0,"F"
0,0,1,1,"*BSX","brega001","sprig001","mccab002","9/F9LF/SF.3-H;2-3","T",1,0,1,3,4,"F"
0,1,3,0,"BBBB","brega001","","sprig001","W.1-2","T",0,1,2,0,3,"F"
0,1,2,2,"S*BBFX","corrc001","brega001","sprig001","46(1)3/GDP","T",2,0,0,2,3,"F"
1,0,0,1,"CX","","","","S9/G","T",0,1,0,0,0,"F"
1,0,2,2,"B1BSS11X","odorr001","","","7/F","T",1,0,1,0,0,"F"
1,1,1,1,"B1C1","odorr001","","","PO1(13)","F",1,0,0,0,0,"F"
1,2,1,2,"B1C1.CS","","","","K","T",1,0,0,0,0,"F"
0,0,0,1,"CX","","","","3/G+","T",1,0,0,0,0,"F"
0,1,3,2,"FFFBBBX","","","","43/G-","T",1,0,0,0,0,"F"
0,2,0,0,"X","","","","HR/7/F","T",0,4,0,0,0,"F"
0,2,0,2,"CCFS","","","","K","T",1,0,0,0,0,"F"
1,0,0,0,"X","","","","7/F","T",1,0,0,0,0,"F"
1,1,3,2,"BFBFBB","","","","W","T",0,1,0,0,0,"F"
1,1,2,2,"BBFFX","andre001","","","7/F","T",1,0,1,0,0,"F"
1,2,2,1,"BSBX","andre001","","","7/F","T",1,0,1,0,0,"F"
0,0,0,0,"X","","","","8/F","T",1,0,0,0,0,"F"
0,1,1,2,"CBCFS","","","","K","T",1,0,0,0,0,"F"
0,2,1,2,"CFBC","","","","K","T",1,0,0,0,0,"F"
1,0,0,0,"X","","","","8/F","T",1,0,0,0,0,"F"
1,1,1,2,"CFFBS","","","","K","T",1,0,0,0,0,"F"
1,2,3,1,"BCBBB","","","","W","T",0,1,0,0,0,"F"
1,2,0,0,"X","odorr001","","","63/G","T",1,0,1,0,0,"F"
0,0,2,2,"CBFBS","","","","K","T",1,0,0,0,0,"F"
0,1,2,2,"SBBCX","","","","S7/L","T",0,1,0,0,0,"F"
0,1,1,2,"CBSX","gonzm002","","","3/P3F","T",1,0,1,0,0,"F"
0,2,0,2,".C1SS","gonzm002","","","K","T",1,0,1,0,0,"F"
1,0,1,2,"FCBFX","","","","8/L","T",1,0,0,0,0,"F"
1,1,3,2,"BFBBFS","","","","K","T",1,0,0,0,0,"F"
1,2,2,0,"BBX","","","","S57/G+","T",0,1,0,0,0,"F"
1,2,3,2,"BFCB*B>X","andre001","","","S7/L.1-3","T",0,1,3,0,0,"F"
1,2,2,2,"BFBFS","belta001","","andre001","K","T",1,0,1,0,3,"F"
0,0,1,2,".CFBS","","","","K","T",1,0,0,0,0,"F"
0,1,3,1,"BCBBX","","","","3/G+","T",1,0,0,0,0,"F"
0,2,0,2,"CSS","","","","K","T",1,0,0,0,0,"F"
1,0,1,1,".TBX","","","","6/P","T",1,0,0,0,0,"F"
1,1,1,2,"CBFFS","","","","K","T",1,0,0,0,0,"F"
1,2,1,2,"FFBS","","","","K","T",1,0,0,0,0,"F"
0,0,0,0,".X","","","","8/F","T",1,0,0,0,0,"F"
0,1,3,2,"BBBCCB","","","","W","T",0,1,0,0,0,"F"
0,1,0,0,"11X","altuj001","","","D8/L.1-H","T",0,2,4,0,0,"F"
0,1,3,0,"BBBB","","corrc001","","W","T",0,1,0,2,0,"F"
0,1,1,2,"BFCS","gonzm002","corrc001","","K","T",1,0,1,2,0,"F"
0,2,2,2,"CCBBFC","gonzm002","corrc001","","K","T",1,0,1,2,0,"F"
1,0,0,2,".CCS","","","","K","T",1,0,0,0,0,"F"
1,1,3,2,"CBBBCX","","","","63/G","T",1,0,0,0,0,"F"
1,2,2,2,"SBBFX","","","","9/F+","T",1,0,0,0,0,"F"
0,0,2,2,".FBBFFS","","","","K","T",1,0,0,0,0,"F"
0,1,2,2,"CBCBX","","","","5/P","T",1,0,0,0,0,"F"
0,2,1,1,"BTX","","","","63/G","T",1,0,0,0,0,"F"
1,0,1,1,".BCX","","","","D7/L","T",0,2,0,0,0,"F"
1,0,1,0,"BX","","andre001","","8/F","T",1,0,0,2,0,"F"
1,1,1,2,"BCSFX","","andre001","","9/F.2-3","T",1,0,0,3,0,"F"
1,2,0,0,"B","","","andre001","WP.3-H(NR)","F",0,0,0,0,4,"F"
1,2,1,1,"B.FX","","","","S8/L","T",0,1,0,0,0,"F"
1,2,1,2,"SSB>S","choos001","","","K","T",1,0,1,0,0,"F"
0,0,0,2,"CFC","","","","K","T",1,0,0,0,0,"T"
0,1,3,2,"BFBFBFF*B","","","","W","T",0,1,0,0,0,"F"
0,1,2,1,"CB1BX","reddj001","","","54(1)/FO/G","T",1,1,0,0,0,"F"
0,2,0,0,"11X","altuj001","","","3/P-","T",1,0,1,0,0,"F"
1,0,2,2,"BCBFX","","","","63/G","T",1,0,0,0,0,"F"
1,1,0,1,"CX","","","","S7/L","T",0,1,0,0,0,"F"
1,1,3,2,"CFF*BB*B>X","gallj002","","","64(1)3/GDP","T",2,0,0,0,0,"F"
0,0,3,0,"BBBB","","","","W","T",0,1,0,0,0,"F"
0,0,3,2,"CB11S*BFF1FB1F>X","brega001","","","7/F","T",1,0,1,0,0,"F"
0,1,1,2,"BCCX","brega001","","","1/L","T",1,0,1,0,0,"F"
0,2,2,1,"BCB1X","brega001","","","3/L","T",1,0,1,0,0,"F"
1,0,2,2,"CBCBX","","","","13/G+","T",1,0,0,0,0,"F"
1,1,0,1,"CX","","","","HR/8/F","T",0,4,0,0,0,"F"
1,1,1,2,"BCFX","","","","S8/L","T",0,1,0,0,0,"F"
1,1,3,2,"BFF*B*B>X","choos001","","","54(1)3/GDP","T",2,0,0,0,0,"F"
0,0,2,2,"BBSFC","","","","K","T",1,0,0,0,0,"F"
0,1,0,1,"TX","","","","S8/G+","T",0,1,0,0,0,"F"
0,1,1,1,"BFX","sprig001","","","64(1)3/GDP","T",2,0,0,0,0,"F"
1,0,1,2,"CBSC","","","","K","T",1,0,0,0,0,"F"
1,1,0,0,"X","","","","E5/TH","T",0,1,0,0,0,"F"
1,1,2,0,"BBX","rua-r001","","","S9/L.1-2","T",0,1,2,0,0,"F"
1,1,2,2,"BSBCS","deshd002","rua-r001","","K","T",1,0,1,2,0,"F"
1,2,2,2,"BSFBX","deshd002","rua-r001","","5(2)/FO/G.1-2","T",1,1,2,0,0,"F"
0,0,0,1,"CX","","","","S7/L","T",0,1,0,0,0,"F"
0,0,3,2,"BB1C11BC>B","altuj001","","","W.1-2","T",0,1,2,0,0,"F"
0,0,0,0,"X","corrc001","altuj001","","64(1)3/GDP.2-3","T",2,0,0,3,0,"F"
0,2,1,1,"BCX","","","altuj001","43/G","T",1,0,0,0,3,"F"
1,0,1,1,"CBX","","","","D7/G+","T",0,2,0,0,0,"F"
1,0,3,0,"BB*BB","","belta001","","W","T",0,1,0,2,0,"F"
1,0,1,2,"CCBX","mazan001","belta001","","S8/G+.2-3;1-2","T",0,1,2,3,0,"F"
1,0,0,0,"X","choos001","mazan001","belta001","9/F/SF.3-H;2-3","T",1,0,1,3,4,"F"
1,1,3,2,"SS*B*B*BFFX","choos001","","mazan001","9/F/SF.3-H","T",1,0,1,0,4,"F"
1,2,2,1,"CBBX","choos001","","","63/G","T",1,0,1,0,0,"F"
0,0,1,1,"CBX","","","","D9/L","T",0,2,0,0,0,"F"
0,0,3,2,"BBCFBC","","gatte001","","K","T",1,0,0,2,0,"F"
0,1,0,1,"CX","","gatte001","","D8/L+.2-H","T",0,2,0,4,0,"F"
0,1,0,1,"FX","","stasm001","","8/F","T",1,0,0,2,0,"F"
0,2,1,2,"CBCX","","stasm001","","13/G","T",1,0,0,2,0,"F"
1,0,1,0,"BX","","","","53/G","T",1,0,0,0,0,"F"
1,1,2,2,"BCSBS","","","","K","T",1,0,0,0,0,"F"
1,2,1,1,"BCX","","","","S5/G","T",0,1,0,0,0,"F"
1,2,0,1,"CB","andre001","","","WP.1-2","F",0,0,2,0,0,"F"
1,2,2,1,"CB.BX","","andre001","","3/L","T",1,0,0,2,0,"F"
0,0,2,1,".BBCX","","","","S9/L","T",0,1,0,0,0,"F"
0,0,1,2,"1FCB1S","altuj001","","","K","T",1,0,1,0,0,"F"
0,1,1,2,"C1TBFX","altuj001","","","FC6/G.1-3(E4/TH);B-2","T",0,2,3,0,0,"F"
0,1,3,2,"SBBBCB","","brega001","altuj001","W","T",0,1,0,2,3,"F"
0,1,1,2,"BCCS","gonzm002","brega001","altuj001","K","T",1,0,1,2,3,"F"
0,2,2,2,"..CBBSS","gonzm002","brega001","altuj001","K","T",1,0,1,2,3,"F"
1,0,0,2,"..CFS","","","","K","T",1,0,0,0,0,"F"
1,1,1,1,"CBX","","","","7/F","T",1,0,0,0,0,"F"
1,2,3,2,"CBBCBX","","","","53/G","T",1,0,0,0,0,"F"
0,0,0,0,"X","","","","8/L+","T",1,0,0,0,0,"F"
0,1,2,1,"SBBX","","","","8/F+","T",1,0,0,0,0,"F"
0,2,1,1,"BFX","","","","8/L+","T",1,0,0,0,0,"F"
1,0,2,2,".BCCBX","","","","463/G+","T",1,0,0,0,0,"F"
1,1,0,2,"CFFFX","","","","9/F","T",1,0,0,0,0,"F"
1,2,3,1,"FBBBB","","","","W","T",0,1,0,0,0,"F"
1,2,0,0,"X","deshd002","","","D8/L+.1-H","T",0,2,4,0,0,"F"
1,2,1,2,"CFFBX","","gallj002","","S7/G.2-H;B-2(TH)","T",0,2,0,4,0,"F"
1,2,2,2,"BCBCS","","andre001","","K","T",1,0,0,2,0,"F"
0,0,1,0,".BX","","","","63/G","T",1,0,0,0,0,"F"
0,1,1,0,"BX","","","","E6/G+","T",0,1,0,0,0,"F"
0,1,2,2,"CC*B1BX","corrc001","","","3(B)6(1)/GDP","T",2,0,0,0,0,"F"
1,0,0,2,".TCC","","","","K","T",1,0,0,0,0,"F"
1,1,2,1,"FBBX","","","","D8/F","T",0,2,0,0,0,"F"
1,1,2,1,"BSBX","","choos001","","53/G","T",1,0,0,2,0,"F"
1,2,0,0,"X","","choos001","","9/F","T",1,0,0,2,0,"F"
0,0,0,1,".CX","","","","7/F","T",1,0,0,0,0,"F"
0,1,1,1,"BCX","","","","4/P","T",1,0,0,0,0,"F"
0,2,3,1,"BBBCB","","","","W","T",0,1,0,0,0,"F"
0,2,2,1,"C*BB>B","davij006","","","DI.1-2","F",0,0,2,0,0,"F"
0,2,3,2,"C*BB>B.CX","","davij006","","3/P3F","T",1,0,0,2,0,"F"
0,0,2,2,"BCSBC","","","","K","T",1,0,0,0,0,"T"
0,1,2,0,"BBX","","","","63/G","T",1,0,0,0,0,"F"
0,2,0,0,"X","","","","S7/G+","T",0,1,0,0,0,"F"
0,2,1,0,"B1X","altuj001","","","S8/L.1-3","T",0,1,3,0,0,"F"
0,2,3,2,"BCCFBFB>F>C","corrc001","","altuj001","K","T",1,0,1,0,3,"F"
1,0,0,0,"X","","","","53/G","T",1,0,0,0,0,"F"
1,1,0,2,"CSX","","","","63/G","T",1,0,0,0,0,"F"
1,2,2,2,"BBSCX","","","","63/G+","T",1,0,0,0,0,"F"
0,0,3,2,"BCBFBX","","","","D8/F","T",0,2,0,0,0,"F"
0,0,2,2,"F*BS*BS","","gatte001","","K","T",1,0,0,2,0,"F"
0,1,2,0,"B*BB","","gatte001","","WP.2-3","F",0,0,0,3,0,"F"
0,1,3,2,"B*BB.CFX","","","gatte001","S9/F.3-H","T",0,1,0,0,4,"F"
0,1,0,1,"CB","mccab002","","","WP.1-2","F",0,0,2,0,0,"F"
0,1,2,2,"CB.*BSX","","mccab002","","HR/78/F.2-H","T",0,4,0,4,0,"F"
0,1,3,1,"BBBCX","","","","8/F","T",1,0,0,0,0,"F"
0,2,1,0,"BX","","","","7/F","T",1,0,0,0,0,"F"
1,0,0,2,"CSC","","","","K","T",1,0,0,0,0,"F"
1,1,3,2,"CBBBCB","","","","W","T",0,1,0,0,0,"F"
1,1,1,2,"CBCS","choos001","","","K","T",1,0,1,0,0,"F"
1,2,3,2,"BBCBF>F>X","choos001","","","6/L","T",1,0,1,0,0,"F"
0,0,3,2,"BCBCBX","","","","63/G","T",1,0,0,0,0,"F"
0,1,1,2,"CCBX","","","","D7/L","T",0,2,0,0,0,"F"
0,1,1,2,"CF*BX","","corrc001","","D7/F.2-H","T",0,2,0,4,0,"F"
0,1,3,2,"C*BFBBFFC","","gonzm002","","K","T",1,0,0,2,0,"F"
0,2,0,0,"X","","gonzm002","","63/G+","T",1,0,0,2,0,"F"
1,0,3,2,"CBBSBS","","","","K","T",1,0,0,0,0,"F"
1,1,1,2,"BCSFFC","","","","K","T",1,0,0,0,0,"F"
1,2,3,2,"CBSFFBBX","","","","HR/8/F","T",0,4,0,0,0,"F"
1,2,1,2,"CFBS","","","","K","T",1,0,0,0,0,"F"
0,0,0,2,"FFFC","","","","K","T",1,0,0,0,0,"F"
0,1,0,2,"CSFX","","","","8/L+","T",1,0,0,0,0,"F"
0,2,2,2,"SBFBS","","","","K","T",1,0,0,0,0,"F"
1,0,3,2,"CTBBBT","","","","K","T",1,0,0,0,0,"F"
1,1,1,0,"BX","","","","S9/G+","T",0,1,0,0,0,"F"
1,1,2,1,"BBCX","mazan001","","","153/G.1-2","T",1,0,2,0,0,"F"
1,2,0,1,"FX","","mazan001","","31/G","T",1,0,0,2,0,"F"
0,0,1,0,".BX","","","","8/L","T",1,0,0,0,0,"F"
0,1,0,1,"FX","","","","S7/L","T",0,1,0,0,0,"F"
0,1,0,2,"1C1CX","altuj001","","","S9/G.1-3","T",0,1,3,0,0,"F"
0,1,0,2,"CSX","corrc001","","altuj001","7/L/SF.3-H","T",1,0,1,0,4,"F"
0,2,1,2,"1FSBX","corrc001","","","54(1)/FO/G","T",1,1,0,0,0,"F"
1,0,0,2,"CSC","","","","K","T",1,0,0,0,0,"F"
1,1,2,2,"CBCBS","","","","K","T",1,0,0,0,0,"F"
1,2,1,2,"SCBS","","","","K","T",1,0,0,0,0,"F"
0,0,2,1,".BBFX","","","","9/F","T",1,0,0,0,0,"F"
0,1,2,2,"BCFBX","","","","S9/L+","T",0,1,0,0,0,"F"
0,1,0,1,"CX","mccab002","","","54(1)/FO/G","T",1,1,0,0,0,"F"
0,2,2,1,"11FB1*BX","marij002","","","D7/L+.1-H","T",0,2,4,0,0,"F"
0,2,0,0,"X","","sprig001","","53/G","T",1,0,0,2,0,"F"
1,0,2,2,"BCFBX","","","","S16/G","T",0,1,0,0,0,"F"
1,0,2,2,"BFSBS","andre001","","","K","T",1,0,1,0,0,"F"
1,1,0,1,"CX","andre001","","","D7/G.1-H","T",0,2,4,0,0,"F"
1,1,1,0,".BX","","belta001","","8/L","T",1,0,0,2,0,"F"
1,2,1,2,"SCFBS","","belta001","","K","T",1,0,0,2,0,"F"
0,0,1,2,"BCCFX","","","","S8/L","T",0,1,0,0,0,"F"
0,0,0,2,"1CCX","altuj001","","","HR/78/L.1-H","T",0,4,4,0,0,"F"
0,0,1,2,"CBSX","","","","7/F","T",1,0,0,0,0,"F"
0,1,1,2,"BCFS","","","","K","T",1,0,0,0,0,"F"
0,2,2,0,"BBX","","","","63/G","T",1,0,0,0,0,"F"
1,0,0,2,".CCX","","","","43/G","T",1,0,0,0,0,"F"
1,1,1,0,"BX","","","","3/G","T",1,0,0,0,0,"F"
1,2,2,2,"CBBFC","","","","K","T",1,0,0,0,0,"F"
0,0,3,2,"..BCBCB*B","","","","W","T",0,1,0,0,0,"F"
0,0,0,2,"CSS","mccab002","","","K","T",1,0,1,0,0,"F"
0,1,3,0,"BBBB","mccab002","","","W.1-2","T",0,1,2,0,0,"F"
0,1,3,1,".BBSBX","sprig001","mccab002","","8/F","T",1,0,1,2,0,"F"
0,2,2,2,"CCFBBX","sprig001","mccab002","","S8/L.2-H;1-3","T",0,1,3,4,0,"F"
0,2,3,1,"BC*BBX","altuj001","","sprig001","8/L","T",1,0,1,0,3,"F"
1,0,2,1,"..BCBX","","","","4/L","T",1,0,0,0,0,"F"
1,1,3,1,"BCBBB","","","","W","T",0,1,0,0,0,"F"
1,1,0,2,"SCS","andre001","","","K","T",1,0,1,0,0,"F"
1,2,3,1,"FBBBB","andre001","","","W.1-2","T",0,1,2,0,0,"F"
1,2,2,2,"BCBSX","profj001","andre001","","S7/L.2-H;1-2","T",0,1,2,4,0,"F"
1,2,2,2,".BCBSX","mazan001","profj001","","7/F","T",1,0,1,2,0,"F"
0,0,3,2,".FBBBC*B","","","","W","T",0,1,0,0,0,"F"
0,0,0,0,"B","gonzm002","","","WP.1-2","F",0,0,2,0,0,"F"
0,0,3,2,"B.CFBBB","","gonzm002","","W","T",0,1,0,2,0,"F"
0,0,1,2,"SBCC","gatte001","gonzm002","","K","T",1,0,1,2,0,"F"
0,1,1,1,"BCX","gatte001","gonzm002","","7/F","T",1,0,1,2,0,"F"
0,2,0,0,"X","gatte001","gonzm002","","4/P","T",1,0,1,2,0,"F"
1,0,1,0,"BX","","","","63/G","T",1,0,0,0,0,"F"
1,1,2,2,"CBCBX","","","","8/L","T",1,0,0,0,0,"F"
1,2,3,2,"CSBBBB","","","","W","T",0,1,0,0,0,"F"
1,2,1,1,"BCX","robid003","","","63/G","T",1,0,1,0,0,"F"
0,0,3,1,"BBBCB","","","","W","T",0,1,0,0,0,"T"
0,0,0,2,"CFX","sprig001","","","3/P3F","T",1,0,1,0,0,"F"
0,1,2,2,"FBB11FFFX","sprig001","","","7/F","T",1,0,1,0,0,"F"
0,2,0,2,"CCFFX","sprig001","","","9/F9LF","T",1,0,1,0,0,"F"
1,0,1,0,"BX","","","","8/F","T",1,0,0,0,0,"F"
1,1,0,1,"SX","","","","HR/7/F","T",0,4,0,0,0,"F"
1,1,1,2,"CFFBX","","","","3/L-","T",1,0,0,0,0,"F"
1,2,2,2,"CFBBS","","","","K","T",1,0,0,0,0,"F"
0,0,1,2,"BCCS","","","","K","T",1,0,0,0,0,"F"
0,1,1,0,"BX","","","","6/P","T",1,0,0,0,0,"F"
0,2,2,2,"BCCBFS","","","","K","T",1,0,0,0,0,"F"
1,0,0,0,"X","","","","4/P","T",1,0,0,0,0,"F"
1,1,3,2,"BBCSFBB","","","","W","T",0,1,0,0,0,"F"
1,1,1,2,"SBFC","odorr001","","","K","T",1,0,1,0,0,"F"
1,2,1,2,"1C>F*B1>X","odorr001","","","5/P","T",1,0,1,0,0,"F"
0,0,3,2,"BSBBSX","","","","D8/L","T",0,2,0,0,0,"F"
0,0,0,2,"SSX","","stasm001","","8/L+","T",1,0,0,2,0,"F"
0,1,1,1,"BCX","","stasm001","","3/P","T",1,0,0,2,0,"F"
0,2,2,2,"BSF*BFX","","stasm001","","8/F+","T",1,0,0,2,0,"F"
1,0,2,2,"CCFBBFS","","","","K","T",1,0,0,0,0,"F"
1,1,3,2,"SBBBF*B","","","","W","T",0,1,0,0,0,"F"
1,1,0,2,"C1SS","andre001","","","K","T",1,0,1,0,0,"F"
1,2,2,2,"*BBCC1>FX","andre001","","","3/P3F","T",1,0,1,0,0,"F"
0,0,1,1,"CBX","","","","D8/L+","T",0,2,0,0,0,"F"
0,0,2,2,"CCFB*BFS","","altuj001","","K","T",1,0,0,2,0,"F"
0,1,0,0,">C","","altuj001","","SB3","F",0,0,0,3,0,"F"
0,1,1,2,">C.S*BC","","","altuj001","K","T",1,0,0,0,3,"F"
0,2,3,2,"BBCF*BFF*B","","","altuj001","W","T",0,1,0,0,3,"F"
0,2,2,2,"CBCBFS","gatte001","","altuj001","K","T",1,0,1,0,3,"F"
1,0,0,0,"X","","","","8/L+","T",1,0,0,0,0,"F"
1,1,0,1,"CX","","","","8/F","T",1,0,0,0,0,"F"
1,2,2,1,"BCBX","","","","8/F","T",1,0,0,0,0,"F"
0,0,1,2,"FFFBH","","","","HP","T",0,1,0,0,0,"F"
0,0,1,1,"BCX","stasm001","","","T8/L+.1-H","T",0,3,4,0,0,"F"
0,0,0,1,"SX","","","fishd001","8/F/SF.3-H","T",1,0,0,0,4,"F"
0,1,2,2,"BSBCX","","","","9/F","T",1,0,0,0,0,"F"
0,2,2,2,".FBFBFX","","","","63/G","T",1,0,0,0,0,"F"
1,0,2,2,"FBCBS","","","","K","T",1,0,0,0,0,"F"
1,1,2,2,"BCCBS","","","","K","T",1,0,0,0,0,"F"
1,2,2,2,"CSBBS","","","","K","T",1,0,0,0,0,"F"
0,0,0,2,"FFX","","","","S8/L","T",0,1,0,0,0,"F"
0,0,3,2,"CS*BFBB>S","corrc001","","","K+SB2","T",1,0,2,0,0,"F"
0,1,0,0,"X","","corrc001","","D7/L.2-H","T",0,2,0,4,0,"F"
0,1,0,2,".SSC","","gatte001","","K","T",1,0,0,2,0,"F"
0,2,2,2,"FC*B2BX","","gatte001","","S7/L+.2-H","T",0,1,0,4,0,"F"
0,2,2,2,"FFFFBFBX","stasm001","","","3/G","T",1,0,1,0,0,"F"
1,0,0,0,"X","","","","D7/L+","T",0,2,0,0,0,"F"
1,0,1,2,"SCBFS","","andre001","","K","T",1,0,0,2,0,"F"
1,1,3,1,"BBB2CB","","andre001","","W+PB.2-3","T",0,1,0,3,0,"F"
1,1,1,0,"BX","belta001","","andre001","46(1)3/GDP","T",2,0,0,0,3,"F"
0,0,1,2,"BCST","","","","K","T",1,0,0,0,0,"F"
0,1,1,1,"CBX","","","","S9/L","T",0,1,0,0,0,"F"
0,1,1,2,"C1FBX","brega001","","","S9/L-.1-3","T",0,1,3,0,0,"F"
0,1,0,0,"X","altuj001","","brega001","D9/L+.3-H;1-H","T",0,2,4,0,4,"F"
0,1,2,2,".BCBCX","","corrc001","","7/F","T",1,0,0,2,0,"F"
0,2,1,2,"CBFX","","corrc001","","S9/L.2-H","T",0,1,0,4,0,"F"
0,2,1,0,"BX","gatte001","","","8/L+","T",1,0,1,0,0,"F"
1,0,3,2,"CBBBSFS","","","","K","T",1,0,0,0,0,"F"
1,1,1,2,"BSCS","","","","K","T",1,0,0,0,0,"F"
1,2,1,2,"SSBS","","","","K","T",1,0,0,0,0,"F"
0,0,3,1,".BBBCX","","","","8/F","T",1,0,0,0,0,"F"
0,1,1,2,"CBSFC","","","","K","T",1,0,0,0,0,"F"
0,2,1,2,"FBFC","","","","K","T",1,0,0,0,0,"F"
1,0,1,2,"...CBFX","","","","53/G","T",1,0,0,0,0,"F"
1,1,3,1,"BBBCX","","","","HR/9/F","T",0,4,0,0,0,"F"
1,1,1,2,"BCCFX","","","","8/F","T",1,0,0,0,0,"F"
1,2,0,1,"CX","","","","S5/G","T",0,1,0,0,0,"F"
1,2,1,2,"FBCFX","gallj002","","","4(1)/FO/G-","T",1,1,0,0,0,"F"
0,0,0,1,"...CX","","","","8/F","T",1,0,0,0,0,"F"
0,1,0,0,"X","","","","S6/G","T",0,1,0,0,0,"F"
0,1,0,0,"X","altuj001","","","8/F+","T",1,0,1,0,0,"F"
0,2,0,0,"X","altuj001","","","S8/L.1-2","T",0,1,2,0,0,"F"
0,2,3,1,"*BB*BCX","davij006","altuj001","","D7/G+.2-H;1-3","T",0,2,3,4,0,"F"
0,2,3,2,"FF*BBFFBS","","gatte001","davij006","K","T",1,0,0,2,3,"F"
1,0,3,2,".BCSBFBX","","","","5/P","T",1,0,0,0,0,"F"
1,1,0,2,"CFS","","","","K","T",1,0,0,0,0,"F"
1,2,0,0,"X","","","","8/F","T",1,0,0,0,0,"F"
0,0,1,0,"BX","","","","8/F","T",1,0,0,0,0,"T"
0,1,2,2,"CFBBX","","","","7/L","T",1,0,0,0,0,"F"
0,2,3,2,"BCFBBB","","","","W","T",0,1,0,0,0,"F"
0,2,3,2,"FBSBB>B","smoaj001","","","W.1-2","T",0,1,2,0,0,"F"
0,2,1,2,"CBCH","solay001","smoaj001","","HP.2-3;1-2","T",0,1,2,3,0,"F"
0,2,1,1,"CBX","martr004","solay001","smoaj001","8/F","T",1,0,1,2,3,"F"
1,0,1,2,"CBSS","","","","K","T",1,0,0,0,0,"F"
1,1,0,2,"CTS","","","","K23","T",1,0,0,0,0,"F"
1,2,2,2,"BCTFBX","","","","53/G","T",1,0,0,0,0,"F"
0,0,1,2,"FBFS","","","","K","T",1,0,0,0,0,"F"
0,1,1,1,"BFX","","","","9/F","T",1,0,0,0,0,"F"
0,2,0,1,"FX","","","","3/P3F","T",1,0,0,0,0,"F"
1,0,3,2,"BBCCBX","","","","S4/G","T",0,1,0,0,0,"F"
1,0,0,0,"X","belta001","","","8/F","T",1,0,1,0,0,"F"
1,1,2,2,"CBBFFFX","belta001","","","6/P","T",1,0,1,0,0,"F"
1,2,0,1,"SX","belta001","","","9/F","T",1,0,1,0,0,"F"
0,0,1,2,"CSBX","","","","5/L","T",1,0,0,0,0,"F"
0,1,2,2,"BSFBX","","","","S9/G+","T",0,1,0,0,0,"F"
0,1,0,0,"X","donaj001","","","S7/G.1-2","T",0,1,2,0,0,"F"
0,1,3,1,"BBCBB","smoaj001","donaj001","","W.2-3;1-2","T",0,1,2,3,0,"F"
0,1,3,1,"CBBBX","solay001","smoaj001","donaj001","S8/G.3-H;2-H(E8);1-3","T",0,1,3,4,4,"F"
0,1,3,1,"BSBBX","martr004","","solay001","9/F/SF.3-H(UR);1-2(TH)","T",1,0,2,0,5,"F"
0,2,0,1,"CX","","martr004","","8/F","T",1,0,0,2,0,"F"
1,0,3,1,"BBBCX","","","","4/P","T",1,0,0,0,0,"F"
1,1,1,2,"CBFS","","","","K","T",1,0,0,0,0,"F"
1,2,3,1,"SBBBX","","","","3/G","T",1,0,0,0,0,"F"
0,0,0,0,"X","","","","6/P","T",1,0,0,0,0,"F"
0,1,1,0,"BX","","","","D7/G","T",0,2,0,0,0,"F"
0,1,3,0,"BBBB","","travd001","","W","T",0,1,0,2,0,"F"
0,1,1,2,"FC*BX","pears001","travd001","","S9/L+.2-H;1-3","T",0,1,3,4,0,"F"
0,1,3,2,".BBCBFX","donaj001","","pears001","7/F/SF.3-H","T",1,0,1,0,4,"F"
0,2,3,1,"*BBBCB","donaj001","","","W.1-2","T",0,1,2,0,0,"F"
0,2,3,2,"BSBFFB>X","solay001","donaj001","","S8/G.2-H;1-3","T",0,1,3,4,0,"F"
0,2,3,0,"*BBBB","martr004","","solay001","W.1-2","T",0,1,2,0,3,"F"
0,2,2,2,"CFB*BX","morak001","martr004","solay001","5(2)/FO/G.1-2","T",1,1,2,0,3,"F"
1,0,1,2,"CSFBX","","","","43/G","T",1,0,0,0,0,"F"
1,1,0,1,"CX","","","","S9/L","T",0,1,0,0,0,"F"
1,1,1,2,"FFBX","andre001","","","43/G.1-2","T",1,0,2,0,0,"F"
1,2,1,2,"CS*BT","","andre001","","K","T",1,0,0,2,0,"F"
0,0,1,2,"CCBX","","","","8/F+","T",1,0,0,0,0,"F"
0,1,2,2,"CFBBC","","","","K","T",1,0,0,0,0,"F"
0,2,2,1,"CBBX","","","","8/F","T",1,0,0,0,0,"F"
1,0,0,2,"CSS","","","","K","T",1,0,0,0,0,"F"
1,1,1,0,"BX","","","","2/P2F","T",1,0,0,0,0,"F"
1,2,3,2,"CBFBFBS","","","","K","T",1,0,0,0,0,"F"
0,0,2,2,"BCFBS","","","","K","T",1,0,0,0,0,"F"
0,1,3,2,"BFBFFBX","","","","43/G","T",1,0,0,0,0,"F"
0,2,2,0,"BBX","","","","HR/9/F","T",0,4,0,0,0,"F"
0,2,0,1,"FX","","","","HR/78/F","T",0,4,0,0,0,"F"
0,2,2,2,"BBCFS","","","","K","T",1,0,0,0,0,"F"
1,0,2,2,"CBCBFFX","","","","43/G","T",1,0,0,0,0,"F"
1,1,2,2,"BFBSX","","","","HR/9/F","T",0,4,0,0,0,"F"
1,1,1,2,"SSBT","","","","K","T",1,0,0,0,0,"F"
1,2,0,1,"FX","","","","S7/G","T",0,1,0,0,0,"F"
1,2,2,0,"BBX","andre001","","","S9/L+.1-2","T",0,1,2,0,0,"F"
1,2,3,2,"BSCFBB>B","belta001","andre001","","W.2-3;1-2","T",0,1,2,3,0,"F"
1,2,3,2,"T*BBFF*B>X","mazan001","belta001","andre001","8/F","T",1,0,1,2,3,"F"
0,0,0,1,".SX","","","","3/P3F","T",1,0,0,0,0,"F"
0,1,2,2,"FFBBS","","","","K","T",1,0,0,0,0,"F"
0,2,1,2,"FSFBFX","","","","S4/G+","T",0,1,0,0,0,"F"
0,2,0,1,".CX","ngoeg001","","","43/G","T",1,0,1,0,0,"F"
1,0,1,1,"...CBX","","","","D8/F","T",0,2,0,0,0,"F"
1,0,3,1,"S*BBBX","","odorr001","","63/G+.2-3","T",1,0,0,3,0,"F"
1,1,0,1,"CX","","","odorr001","S6/G.3-H","T",0,1,0,0,4,"F"
1,1,2,1,"BFBX","robid003","","","D7/L+.1-H","T",0,2,4,0,0,"F"
1,1,2,2,".CBFFBFX","","choos001","","7/F","T",1,0,0,2,0,"F"
1,2,2,0,"BBX","","choos001","","S7/L.2-H","T",0,1,0,4,0,"F"
1,2,2,2,"TBC*BX","andre001","","","D7/L.1-H","T",0,2,4,0,0,"F"
1,2,0,1,"CX","","belta001","","7/F","T",1,0,0,2,0,"F"
0,0,2,1,"BBCX","","","","9/F","T",1,0,0,0,0,"F"
0,1,2,2,"BCBFC","","","","K","T",1,0,0,0,0,"F"
0,2,1,0,"BX","","","","43/G","T",1,0,0,0,0,"F"
1,0,2,2,"..CFBBS","","","","K","T",1,0,0,0,0,"F"
1,1,1,1,"CBX","","","","S9/L+","T",0,1,0,0,0,"F"
1,1,3,2,".F*BSBF1BX","odorr001","","","9/L/DP.1X1(93)","T",2,0,0,0,0,"F"
0,0,0,2,"..CFS","","","","K","T",1,0,0,0,0,"F"
0,1,2,0,"BBX","","","","13/G","T",1,0,0,0,0,"F"
0,2,1,1,"BSX","","","","63/G","T",1,0,0,0,0,"F"
1,0,1,2,".FFBX","","","","S9/L","T",0,1,0,0,0,"F"
1,0,2,1,"SBBX","robid003","","","36(1)1/GDP","T",2,0,0,0,0,"F"
1,2,0,0,"X","","","","S9/L+","T",0,1,0,0,0,"F"
1,2,0,1,"FX","gallj002","","","64(1)/FO/G","T",1,1,0,0,0,"F"
0,0,3,2,"BFBBCB","","","","W","T",0,1,0,0,0,"T"
0,0,0,2,"CFC","pears001","","","K","T",1,0,1,0,0,"F"
0,1,3,2,"BBSSBB","pears001","","","W.1-2","T",0,1,2,0,0,"F"
0,1,0,1,"FX","smoaj001","pears001","","54(1)3/GDP","T",2,0,0,2,0,"F"
1,0,3,1,"CBBBX","","","","31/G","T",1,0,0,0,0,"F"
1,1,2,1,"BBSX","","","","63/G+","T",1,0,0,0,0,"F"
1,2,3,2,"BBCBCX","","","","S9/L+","T",0,1,0,0,0,"F"
1,2,0,1,"CX","andre001","","","6(1)/FO/G+","T",1,1,0,0,0,"F"
0,0,2,2,"BCBFS","","","","K","T",1,0,0,0,0,"F"
0,1,1,0,"BX","","","","8/F","T",1,0,0,0,0,"F"
0,2,2,2,"BBFFX","","","","9/F","T",1,0,0,0,0,"F"
1,0,3,0,"BBBB","","","","W","T",0,1,0,0,0,"F"
1,0,3,0,"BBBB","gallj002","","","W.1-2","T",0,1,2,0,0,"F"
1,0,1,2,"LLBX","profj001","gallj002","","43/G.2-3;1-2","T",1,0,2,3,0,"F"
1,1,1,1,"BFX","","profj001","gallj002","9/L+/SF.3-H","T",1,0,0,2,4,"F"
1,2,2,0,"BBX","","profj001","","31/G","T",1,0,0,2,0,"F"
0,0,1,0,"BX","","","","8/F+","T",1,0,0,0,0,"F"
0,1,2,1,"BBCX","","","","63/G","T",1,0,0,0,0,"F"
0,2,3,2,"BFCFBBX","","","","9/F","T",1,0,0,0,0,"F"
1,0,2,1,"CBBX","","","","S9/G+","T",0,1,0,0,0,"F"
1,0,0,0,"X","choos001","","","9/L","T",1,0,1,0,0,"F"
1,1,3,2,"C*BBBF>X","choos001","","","S7/G.1-3","T",0,1,3,0,0,"F"
1,1,3,1,"SB*BBX","andre001","","choos001","46(1)3/GDP","T",2,0,0,0,3,"F"
0,0,0,1,"CX","","","","13/G-","T",1,0,0,0,0,"F"
0,1,3,2,"CBBCBFFS","","","","K","T",1,0,0,0,0,"F"
0,2,2,0,"BBX","","","","53/G","T",1,0,0,0,0,"F"
1,0,3,2,"BSBFBB","","","","W","T",0,1,0,0,0,"F"
1,0,1,2,"CBCX","gallj002","","","S9/G.1-2","T",0,1,2,0,0,"F"
1,0,0,2,"LCC","profj001","gallj002","","K","T",1,0,1,2,0,"F"
1,1,1,0,"BX","profj001","gallj002","","8/F","T",1,0,1,2,0,"F"
1,2,2,2,"BCBSC","profj001","gallj002","","K","T",1,0,1,2,0,"F"
0,0,2,2,"BBCCFS","","","","K","T",1,0,0,0,0,"F"
0,1,3,2,"BSFBBX","","","","T7/L","T",0,3,0,0,0,"F"
0,1,2,2,"SBSBFS","","","pillk001","K","T",1,0,0,0,3,"F"
0,2,0,0,"X","","","pillk001","7/F","T",1,0,0,0,3,"F"
1,0,3,1,"CBBB*B","","","","W","T",0,1,0,0,0,"F"
1,0,3,0,"1*BBBB","choos001","","","W.1-2","T",0,1,2,0,0,"F"
1,0,1,0,"BX","odorr001","choos001","","8/F","T",1,0,1,2,0,"F"
1,1,1,0,"*BN","odorr001","choos001","","BK.2-3;1-2","F",0,0,2,3,0,"F"
1,1,3,2,"*BN.BFBCS","","odorr001","choos001","K","T",1,0,0,2,3,"F"
1,2,2,1,"CB*BX","","odorr001","choos001","D9/L+.3-H;2-H","T",0,2,0,4,4,"F"
1,2,1,1,"BCX","","gallj002","","D9/G+.2-H","T",0,2,0,4,0,"F"
1,2,2,0,".BBX","","profj001","","S49/G.2-H","T",0,1,0,4,0,"F"
1,2,1,2,"CBSFX","centj001","","","S7/L.1-2","T",0,1,2,0,0,"F"
1,2,1,2,"CBSFFC","rua-r001","centj001","","K","T",1,0,1,2,0,"F"
0,0,1,0,"BX","","","","7/L+","T",1,0,0,0,0,"F"
0,1,3,2,"BSSBBX","","","","HR/7/F","T",0,4,0,0,0,"F"
0,1,1,2,"BFCFC","","","","K","T",1,0,0,0,0,"F"
0,2,3,2,"BCBBCS","","","","K","T",1,0,0,0,0,"F"
1,0,1,2,"BFFX","","","","6/P","T",1,0,0,0,0,"F"
1,1,2,2,"CBFBFS","","","","K","T",1,0,0,0,0,"F"
1,2,0,0,"X","","","","43/G","T",1,0,0,0,0,"F"
0,0,3,1,".CBBBB","","","","W","T",0,1,0,0,0,"F"
0,0,0,0,"X","solay001","","","54(1)3/GDP","T",2,0,0,0,0,"F"
0,2,1,0,"BX","","","","8/L","T",1,0,0,0,0,"F"
1,0,0,1,".SX","","","","8/F","T",1,0,0,0,0,"F"
1,1,0,0,"X","","","","8/F","T",1,0,0,0,0,"F"
1,2,3,2,"BBCCBFX","","","","8/F","T",1,0,0,0,0,"F"
0,0,0,0,"X","","","","5/P2F","T",1,0,0,0,0,"F"
0,1,1,2,"CCBFS","","","","K","T",1,0,0,0,0,"F"
0,2,0,2,"CCX","","","","3/G","T",1,0,0,0,0,"F"
1,0,2,0,".BBX","","","","13/G","T",1,0,0,0,0,"F"
1,1,1,0,"BX","","","","53/G","T",1,0,0,0,0,"F"
1,2,3,2,"CBBFFBFC","","","","K","T",1,0,0,0,0,"F"
0,0,2,2,".CBCBX","","","","43/G","T",1,0,0,0,0,"F"
0,1,2,2,"FBBFFFX","","","","13/G-","T",1,0,0,0,0,"F"
0,2,3,2,"BCCBBFS","","","","K","T",1,0,0,0,0,"F"
0,0,0,0,"X","","","","HR/7/F","T",0,4,0,0,0,"T"
0,0,0,2,"CFC","","","","K","T",1,0,0,0,0,"F"
0,1,1,0,"BX","","","","S8/G","T",0,1,0,0,0,"F"
0,1,0,0,"X","smoaj001","","","S9/L.1-2","T",0,1,2,0,0,"F"
0,1,2,2,"CBBSX","solay001","smoaj001","","HR/89/L.2-H;1-H","T",0,4,4,4,0,"F"
0,1,1,2,"BSSX","","","","9/F","T",1,0,0,0,0,"F"
0,2,1,1,"CBX","","","","7/F+","T",1,0,0,0,0,"F"
1,0,1,1,"BCX","","","","D7/L+","T",0,2,0,0,0,"F"
1,0,1,0,"BX","","choos001","","3/BG/SH.2-3","T",1,0,0,3,0,"F"
1,1,0,0,"X","","","choos001","S7/L.3-H","T",0,1,0,0,4,"F"
1,1,0,2,"CFFX","andre001","","","9/F","T",1,0,1,0,0,"F"
1,2,0,2,"CFFX","andre001","","","8/F","T",1,0,1,0,0,"F"
0,0,1,1,"CBX","","","","7/F","T",1,0,0,0,0,"F"
0,1,2,0,"BBX","","","","6/P","T",1,0,0,0,0,"F"
0,2,1,1,"FBX","","","","1E6/TH","T",0,1,0,0,0,"F"
0,2,0,2,"ST*B","pears001","","","OA.1X2(24)","F",1,0,0,0,0,"F"
1,0,2,2,"BFBFX","","","","6/P","T",1,0,0,0,0,"F"
1,1,0,1,"CX","","","","9/F","T",1,0,0,0,0,"F"
1,2,0,2,"CFX","","","","D7/G","T",0,2,0,0,0,"F"
1,2,3,0,"BBBB","","rua-r001","","W","T",0,1,0,2,0,"F"
1,2,1,2,"CBSC","toccc001","rua-r001","","K","T",1,0,1,2,0,"F"
0,0,3,2,"BBCBFFX","","","","9/F","T",1,0,0,0,0,"F"
0,1,2,0,"BBX","","","","S9/G","T",0,1,0,0,0,"F"
0,1,3,0,"BBBB","smoaj001","","","W.1-2","T",0,1,2,0,0,"F"
0,1,1,2,"CBCX","solay001","smoaj001","","S7/G.2-3;1-2","T",0,1,2,3,0,"F"
0,1,0,1,"CX","morak001","solay001","smoaj001","S1/G.3-H;2-3;1-2","T",0,1,2,3,4,"F"
0,1,2,2,"BBSSFX","pillk001","morak001","solay001","5(2)3/GDP","T",2,0,1,0,3,"F"
1,0,3,2,"BCBBCS","","","","K","T",1,0,0,0,0,"F"
1,1,0,1,"CX","","","","4/P","T",1,0,0,0,0,"F"
1,2,3,2,"BFBSFBS","","","","K","T",1,0,0,0,0,"F"
0,0,2,2,"CCBBFX","","","","53/G+","T",1,0,0,0,0,"F"
0,1,0,0,"X","","","","63/G","T",1,0,0,0,0,"F"
0,2,0,2,"SSS","","","","K","T",1,0,0,0,0,"F"
1,0,0,0,"X","","","","8/F","T",1,0,0,0,0,"F"
1,1,3,2,"CBSFBBFC","","","","K","T",1,0,0,0,0,"F"
1,2,3,1,"BCBBB","","","","W","T",0,1,0,0,0,"F"
1,2,2,1,"*B1CBX","profj001","","","9/F","T",1,0,1,0,0,"F"
0,0,1,2,"BSFC","","","","K","T",1,0,0,0,0,"F"
0,1,1,0,"BX","","","","3/G","T",1,0,0,0,0,"F"
0,2,3,2,"SBBFFB*B","","","","W","T",0,1,0,0,0,"F"
0,2,0,2,"CSS","solay001","","","K","T",1,0,1,0,0,"F"
1,0,2,2,"BBCFC","","","","K","T",1,0,0,0,0,"F"
1,1,3,2,"BCBBCX","","","","3/G","T",1,0,0,0,0,"F"
1,2,0,2,"FFFFX","","","","43/G","T",1,0,0,0,0,"F"
0,0,1,2,"FBFFX","","","","E6/TH/G","T",0,1,0,0,0,"F"
0,0,0,2,"SSS","pillk001","","","K","T",1,0,1,0,0,"F"
0,1,0,2,"FCN","pillk001","","","BK.1-2","F",0,0,2,0,0,"F"
0,1,2,2,"FCN.BFBFX","","pillk001","","D9/L.2-H(UR)","T",0,2,0,5,0,"F"
0,1,0,2,".FFS","","maill001","","K","T",1,0,0,2,0,"F"
0,2,0,1,".CX","","maill001","","S8/F-.2-H(UR)","T",0,1,0,5,0,"F"
0,2,3,2,"SB1BFB>X","granc001","","","43/G","T",1,0,1,0,0,"F"
1,0,3,2,".BCBBCX","","","","8/F","T",1,0,0,0,0,"F"
1,1,2,2,"CBBFX","","","","D8/L","T",0,2,0,0,0,"F"
1,1,2,1,"BBCX","","belta001","","HR/9/F.2-H","T",0,4,0,4,0,"F"
1,1,3,0,".BBBB","","","","W","T",0,1,0,0,0,"F"
1,1,2,2,"SFFBFB+1FX","chirr001","","","7/F","T",1,0,1,0,0,"F"
1,2,0,2,"CCS","chirr001","","","K","T",1,0,1,0,0,"F"
0,0,1,2,".BCFX","","","","31/G","T",1,0,0,0,0,"F"
0,1,2,2,"CFFBBX","","","","S9/G","T",0,1,0,0,0,"F"
0,1,2,2,"1B1BFFC","solay001","","","K","T",1,0,1,0,0,"F"
0,2,1,2,"B1CCS","solay001","","","K","T",1,0,1,0,0,"F"
1,0,1,2,".CBFFX","","","","S8/L","T",0,1,0,0,0,"F"
1,0,1,0,"BX","toccc001","","","36(1)/FO/G","T",1,1,0,0,0,"F"
1,1,1,1,"BSX","choos001","","","D7/G.1-3","T",0,2,3,0,0,"F"
1,1,3,1,".BFBBB","","odorr001","choos001","W","T",0,1,0,2,3,"F"
1,1,3,2,"BCBFBS","andre001","odorr001","choos001","K","T",1,0,1,2,3,"F"
1,2,0,2,"FFX","andre001","odorr001","choos001","2/P","T",1,0,1,2,3,"F"
0,0,1,2,"CBSS","","","","K","T",1,0,0,0,0,"F"
0,1,1,2,"CBFFS","","","","K","T",1,0,0,0,0,"F"
0,2,0,0,"X","","","","53/G","T",1,0,0,0,0,"F"
1,0,3,2,"BCSBBB","","","","W","T",0,1,0,0,0,"F"
1,0,3,2,"BSFBBS","chirr001","","","K","T",1,0,1,0,0,"F"
1,1,2,2,"..CB1FF*BFX","chirr001","","","S9/G.1-2","T",0,1,2,0,0,"F"
1,1,2,2,".CBBCX","mazan001","chirr001","","4/P/IF","T",1,0,1,2,0,"F"
1,2,2,2,"SBC*BX","mazan001","chirr001","","S8/G.2-H;1-3","T",0,1,3,4,0,"F"
1,2,0,1,".CH","choos001","","mazan001","HP.1-2","T",0,1,2,0,3,"F"
1,2,0,2,"SCFX","odorr001","choos001","mazan001","13/G-","T",1,0,1,2,3,"F"
0,0,1,2,"...CCBX","","","","4/L","T",1,0,0,0,0,"F"
0,1,0,0,"X","","","","S6/G","T",0,1,0,0,0,"F"
0,1,1,2,"BFFX","donaj001","","","54(1)3/GDP","T",2,0,0,0,0,"F"
1,0,0,2,"CFX","","","","63/G","T",1,0,0,0,0,"F"
1,1,0,0,"X","","","","7/F","T",1,0,0,0,0,"F"
1,2,1,2,"CSFBS","","","","K","T",1,0,0,0,0,"F"
0,0,2,2,"BCBFX","","","","S4/L-","T",0,1,0,0,0,"T"
0,0,1,2,"CF1FBX","cozaz001","","","S7/L.1-2","T",0,1,2,0,0,"F"
0,0,2,2,"2BC*BFC","troum001","cozaz001","","K","T",1,0,1,2,0,"F"
0,1,1,2,"FC*BFS","troum001","cozaz001","","K","T",1,0,1,2,0,"F"
0,2,0,0,"X","troum001","cozaz001","","S9/G.2-H;1-3","T",0,1,3,4,0,"F"
0,2,0,1,"CX","calhk001","","troum001","9/L","T",1,0,1,0,3,"F"
1,0,2,2,"BCSBC","","","","K","T",1,0,0,0,0,"F"
1,1,3,2,"BBFBC*B","","","","W","T",0,1,0,0,0,"F"
1,1,0,2,"FCX","odorr001","","","9/F","T",1,0,1,0,0,"F"
1,2,1,2,".C*BCS","profj001","","","K","T",1,0,1,0,0,"F"
0,0,2,2,".FCBBX","","","","3/G+","T",1,0,0,0,0,"F"
0,1,3,2,"BSSBBFFX","","","","53/G-","T",1,0,0,0,0,"F"
0,2,3,2,"CCBBBC","","","","K","T",1,0,0,0,0,"F"
1,0,1,0,"BX","","","","43/G","T",1,0,0,0,0,"F"
1,1,2,0,"BBX","","","","S8/G","T",0,1,0,0,0,"F"
1,1,1,2,"CBCS","gallj002","","","K","T",1,0,1,0,0,"F"
1,2,2,0,"*BBX","gallj002","","","43/G","T",1,0,1,0,0,"F"
0,0,0,1,"CX","","","","9/F","T",1,0,0,0,0,"F"
0,1,0,0,"X","","","","53/G-","T",1,0,0,0,0,"F"
0,2,2,2,"BBFCFS","","","","K","T",1,0,0,0,0,"F"
1,0,2,2,"BCBSS","","","","K","T",1,0,0,0,0,"F"
1,1,1,0,"BX","","","","8/L","T",1,0,0,0,0,"F"
1,2,3,2,"CCBFBBFB","","","","W","T",0,1,0,0,0,"F"
1,2,0,0,"X","profj001","","","54(1)/FO/G","T",1,1,0,0,0,"F"
0,0,2,1,"BCBX","","","","HR/7/L","T",0,4,0,0,0,"F"
0,0,0,0,"X","","","","3/G+","T",1,0,0,0,0,"F"
0,1,1,0,"BX","","","","S8/L+","T",0,1,0,0,0,"F"
0,1,1,0,"11*BX","simma001","","","S9/L.1-2","T",0,1,2,0,0,"F"
0,1,1,2,"CBSFH","valbl001","simma001","","HP.2-3;1-2","T",0,1,2,3,0,"F"
0,1,0,0,"X","maldm001","valbl001","simma001","53/G.3-H;2-3;1-2","T",1,0,2,3,4,"F"
0,2,3,2,"BSBCBX","","maldm001","valbl001","FC5/G.3XH(525)","T",1,1,0,2,0,"F"
1,0,3,2,".BFBCBX","","","","S8/G","T",0,1,0,0,0,"F"
1,0,2,0,"BBX","belta001","","","S9/G.1-3","T",0,1,3,0,0,"F"
1,0,0,2,"CSFX","mazan001","","belta001","16(1)/FO/G.3-H","T",1,1,0,0,4,"F"
1,1,1,2,"S*BSX","gallj002","","","S7/G+.1-2","T",0,1,2,0,0,"F"
1,1,1,2,"C*BCS","chirr001","gallj002","","K","T",1,0,1,2,0,"F"
1,2,2,2,"BSCBC","chirr001","gallj002","","K","T",1,0,1,2,0,"F"
0,0,1,0,"BX","","","","8/F","T",1,0,0,0,0,"F"
0,1,0,0,"X","","","","7/FL","T",1,0,0,0,0,"F"
0,2,3,2,"BCBFBS","","","","K","T",1,0,0,0,0,"F"
1,0,3,1,".BBCBB","","","","W","T",0,1,0,0,0,"F"
1,0,3,2,"*BBBCF>B","choos001","","","W.1-2","T",0,1,2,0,0,"F"
1,0,2,2,"BCB+1CX","profj001","choos001","","9/L","T",1,0,1,2,0,"F"
1,1,2,2,"C*BF*B*B","profj001","choos001","","SB3","F",0,0,1,3,0,"F"
1,1,3,2,"C*BF*B*B.>*B","profj001","","choos001","W.1-2","T",0,1,2,0,3,"F"
1,1,1,0,".BX","belta001","profj001","choos001","6/P/IF","T",1,0,1,2,3,"F"
1,2,2,2,"S*BFBX","belta001","profj001","choos001","8/F","T",1,0,1,2,3,"F"
0,0,0,0,".X","","","","13/G+","T",1,0,0,0,0,"F"
0,1,2,2,"CBCBX","","","","S7/L","T",0,1,0,0,0,"F"
0,1,1,1,"1BCN","simma001","","","BK.1-2","F",0,0,2,0,0,"F"
0,1,2,2,"1BCN.FFBFX","","simma001","","8/F","T",1,0,0,2,0,"F"
0,2,1,1,"FBX","","simma001","","S8/L.2-H","T",0,1,0,4,0,"F"
0,2,2,2,"BFFBX","maldm001","","","D7/G.1-H;B-3(TH)","T",0,3,4,0,0,"F"
0,2,2,0,".BBX","","","younc004","53/G+","T",1,0,0,0,3,"F"
1,0,2,2,".BBCCX","","","","D9/L+","T",0,2,0,0,0,"F"
1,0,1,2,"BCSS","","chirr001","","K","T",1,0,0,2,0,"F"
1,1,2,2,"BBSFX","","chirr001","","53/G","T",1,0,0,2,0,"F"
1,2,0,1,"SB","","chirr001","","WP.2-3","F",0,0,0,3,0,"F"
1,2,1,1,"SB.X","","","chirr001","31/G-","T",1,0,0,0,3,"F"
0,0,2,2,"CBBFX","","","","63/G","T",1,0,0,0,0,"F"
0,1,2,2,"BCCBFS","","","","K","T",1,0,0,0,0,"F"
0,2,1,2,"CSBX","","","","8/L","T",1,0,0,0,0,"F"
1,0,0,2,".CFX","","","","8/F","T",1,0,0,0,0,"F"
1,1,3,0,"BBBB","","","","W","T",0,1,0,0,0,"F"
1,1,0,2,"CFC","andre001","","","K","T",1,0,1,0,0,"F"
1,2,1,0,"*BX","andre001","","","S7/L+.1-2","T",0,1,2,0,0,"F"
1,2,0,0,"X","mazan001","andre001","","S7/G.2-H;1-2","T",0,1,2,4,0,"F"
1,2,0,0,"X","gallj002","mazan001","","8/F","T",1,0,1,2,0,"F"
0,0,1,2,".CFBX","","","","S9/L","T",0,1,0,0,0,"F"
0,0,1,0,"BX","calhk001","","","E5/TH/G.1-2","T",0,1,2,0,0,"F"
0,0,3,0,"BBBB","simma001","calhk001","","W.2-3;1-2","T",0,1,2,3,0,"F"
0,0,2,2,"FBFBX","valbl001","simma001","calhk001","S9/L+.3-H;2-3;1-2","T",0,1,2,3,4,"F"
0,0,0,0,".X","maldm001","valbl001","simma001","7/F","T",1,0,1,2,3,"F"
0,1,1,2,"C*BCFX","maldm001","valbl001","simma001","S9/G.3-H(UR);2-3;1-2","T",0,1,2,3,5,"F"
0,1,3,0,"BBBB","cozaz001","maldm001","valbl001","W.3-H;2-3;1-2","T",0,1,2,3,4,"F"
0,1,0,1,"CX","troum001","cozaz001","maldm001","64(1)3/GDP","T",2,0,0,2,3,"F"
1,0,1,1,".BCX","","","","43/G","T",1,0,0,0,0,"F"
1,1,1,2,"CBFC","","","","K","T",1,0,0,0,0,"F"
1,2,1,2,"BSFX","","","","3/G-","T",1,0,0,0,0,"F"
0,0,0,0,"X","","","","S8/L+","T",0,1,0,0,0,"F"
0,0,3,2,"S*BBFBFX","pujoa001","","","3/G.1-2","T",1,0,2,0,0,"F"
0,1,2,0,"BBX","","pujoa001","","53/G","T",1,0,0,2,0,"F"
0,2,1,2,".CBCS","","pujoa001","","K","T",1,0,0,2,0,"F"
1,0,2,2,".BCFBT","","","","K","T",1,0,0,0,0,"F"
1,1,1,0,"BX","","","","HR/78/F","T",0,4,0,0,0,"F"
1,1,3,2,"CFBFBFBX","","","","63/G+","T",1,0,0,0,0,"F"
1,2,1,1,"CBX","","","","53/G","T",1,0,0,0,0,"F"
0,0,3,2,"BBCBFFX","","","","9/F","T",1,0,0,0,0,"T"
0,1,2,2,"FBBFFC","","","","K","T",1,0,0,0,0,"F"
0,2,3,1,"BBBCB","","","","W","T",0,1,0,0,0,"F"
0,2,0,0,"X","uptoj001","","","S7/L+.1-3","T",0,1,3,0,0,"F"
0,2,0,1,"FB","pujoa001","","uptoj001","WP.3-H(NR);1-2","F",0,0,2,0,4,"F"
0,2,1,1,"FB.X","","pujoa001","","S5/G.2-3","T",0,1,0,3,0,"F"
0,2,2,0,"BBX","simma001","","pujoa001","S7/G+.3-H;1-2","T",0,1,2,0,4,"F"
0,2,2,1,"CB*BX","martj007","simma001","","S7/L.2-H;1-3(TH);B-2","T",0,2,3,4,0,"F"
0,2,3,2,"C*BS*B*BS","","younc004","martj007","K","T",1,0,0,2,3,"F"
1,0,1,1,"CBX","","","","8/F+","T",1,0,0,0,0,"F"
1,1,2,2,"BCBSX","","","","3/G","T",1,0,0,0,0,"F"
1,2,3,0,"BBBB","","","","W","T",0,1,0,0,0,"F"
1,2,2,2,"CCBB+1FX","andre001","","","S9/L+.1-2","T",0,1,2,0,0,"F"
1,2,0,2,"CCFFX","belta001","andre001","","S13/G+.2-3;1-2","T",0,1,2,3,0,"F"
1,2,2,2,"CBSFBS","mazan001","belta001","andre001","K","T",1,0,1,2,3,"F"
0,0,1,0,"BX","","","","S8/L+","T",0,1,0,0,0,"F"
0,0,0,1,"CX","valbl001","","","46(1)3/GDP","T",2,0,0,0,0,"F"
0,2,2,1,"BBCX","","","","HR/78/F","T",0,4,0,0,0,"F"
0,2,3,1,"BBCBB","","","","W","T",0,1,0,0,0,"F"
0,2,3,1,"BF1B1BX","uptoj001","","","9/F","T",1,0,1,0,0,"F"
1,0,2,2,"CBBFX","","","","7/F","T",1,0,0,0,0,"F"
1,1,3,2,"CSBBBX","","","","S7/G","T",0,1,0,0,0,"F"
1,1,2,2,"BSCBX","rua-r001","","","D9/L.1-H","T",0,2,4,0,0,"F"
1,1,1,2,"BCCX","","robid003","","43/G.2-3","T",1,0,0,3,0,"F"
1,2,3,2,"CS*BF*BF*BB","","","robid003","W","T",0,1,0,0,3,"F"
1,2,3,1,"SB*BBB","profj001","","robid003","W.1-2","T",0,1,2,0,3,"F"
1,2,1,1,"BCX","andre001","profj001","robid003","9/L","T",1,0,1,2,3,"F"
0,0,2,2,"BCCBX","","","","HR/7/F","T",0,4,0,0,0,"F"
0,0,2,2,"BSSBX","","","","9/F","T",1,0,0,0,0,"F"
0,1,3,1,"BCBBX","","","","3/P2F","T",1,0,0,0,0,"F"
0,2,2,2,"CFBBX","","","","D7/L+","T",0,2,0,0,0,"F"
0,2,1,0,"BX","","maldm001","","S7/L.2-H","T",0,1,0,4,0,"F"
0,2,1,0,"BX","valbl001","","","3/P3F","T",1,0,1,0,0,"F"
1,0,0,2,"CFS","","","","K","T",1,0,0,0,0,"F"
1,1,1,2,"CBSS","","","","K","T",1,0,0,0,0,"F"
1,2,0,2,"CCX","","","","7/F","T",1,0,0,0,0,"F"
0,0,3,2,"CFBBFBFB","","","","W","T",0,1,0,0,0,"F"
0,0,3,1,"BBFBB","troum001","","","W.1-2","T",0,1,2,0,0,"F"
0,0,3,2,".SBBSBFX","uptoj001","troum001","","S8/G+.2-H;1-2","T",0,1,2,4,0,"F"
0,0,0,1,"CX","pujoa001","uptoj001","","64(1)3/GDP.2-3","T",2,0,0,3,0,"F"
0,2,2,0,"*BBX","","","uptoj001","S7/L+.3-H","T",0,1,0,0,4,"F"
0,2,0,1,"SX","martj007","","","S7/G.1-2","T",0,1,2,0,0,"F"
0,2,1,0,"*BX","younc004","martj007","","S9/L+.2-H;1-3","T",0,1,3,4,0,"F"
0,2,0,0,"X","maldm001","","younc004","3/P3F","T",1,0,1,0,3,"F"
1,0,0,2,"CCFX","","","","53/G","T",1,0,0,0,0,"F"
1,1,3,1,"BBBCB","","","","W","T",0,1,0,0,0,"F"
1,1,3,2,"FC*BBFBFC","robid003","","","K","T",1,0,1,0,0,"F"
1,2,0,0,"X","robid003","","","8/F","T",1,0,1,0,0,"F"
0,0,2,0,"BBX","","","","7/F","T",1,0,0,0,0,"F"
0,1,2,2,"CBCBFFFX","","","","8/F","T",1,0,0,0,0,"F"
0,2,0,1,"CX","","","","S8/L","T",0,1,0,0,0,"F"
0,2,1,2,"*BCSS","uptoj001","","","K","T",1,0,1,0,0,"F"
1,0,1,2,"CBCX","","","","E5/TH/G","T",0,1,0,0,0,"F"
1,0,1,2,"CBFFT","andre001","","","K","T",1,0,1,0,0,"F"
1,1,1,2,"*BFFS","andre001","","","K","T",1,0,1,0,0,"F"
1,2,2,1,"FBBX","andre001","","","S7/L.1-2","T",0,1,2,0,0,"F"
1,2,1,2,"S*BFS","chirr001","andre001","","K","T",1,0,1,2,0,"F"
0,0,2,2,"CCBBX","","","","63/G","T",1,0,0,0,0,"F"
0,1,2,1,"BBCX","","","","S5/G","T",0,1,0,0,0,"F"
0,1,1,0,"BX","martj007","","","3/G-.1-2","T",1,0,2,0,0,"F"
0,2,1,2,"BFSFX","","martj007","","S8/G.2-H","T",0,1,0,4,0,"F"
0,2,2,2,"CB*BSS","maldm001","","","K","T",1,0,1,0,0,"F"
1,0,2,2,".BFBSX","","","","8/L+","T",1,0,0,0,0,"F"
1,1,1,2,"CCBS","","","","K","T",1,0,0,0,0,"F"
1,2,2,1,"FBBX","","","","31/G","T",1,0,0,0,0,"F"
0,0,0,0,".X","","","","S9/L","T",0,1,0,0,0,"F"
0,0,0,1,"CX","cozaz001","","","S7/F.1-3","T",0,1,3,0,0,"F"
0,0,2,2,".FBSBX","schir001","","cozaz001","7/F/SF.3-H","T",1,0,1,0,4,"F"
0,1,0,1,"CX","schir001","","","14/L/DP.1X1(43)","T",2,0,0,0,0,"F"
1,0,0,0,"..X","","","","6/P","T",1,0,0,0,0,"F"
1,1,1,0,"BX","","","","8/F","T",1,0,0,0,0,"F"
1,2,2,1,"BFBX","","","","S7/L","T",0,1,0,0,0,"F"
1,2,3,2,".BBBCF>X","toccc001","","","S7/F-.1-3","T",0,1,3,0,0,"F"
1,2,0,0,"X","mazan001","","toccc001","5/P5F","T",1,0,1,0,3,"F"
0,0,1,0,"....BX","","","","7/F","T",1,0,0,0,0,"F"
0,1,0,0,"X","","","","143/G","T",1,0,0,0,0,"F"
0,2,2,2,"BFBFS","","","","K","T",1,0,0,0,0,"F"
1,0,2,0,".BBX","","","","8/F","T",1,0,0,0,0,"F"
1,1,1,1,"CBX","","","","8/F","T",1,0,0,0,0,"F"
1,2,2,2,"CSBBFS","","","","K","T",1,0,0,0,0,"F"
0,0,2,1,"BCBX","","","","53/G","T",1,0,0,0,0,"F"
0,1,2,2,"BBCFS","","","","K","T",1,0,0,0,0,"F"
0,2,1,0,".BX","","","","43/G+","T",1,0,0,0,0,"F"
1,0,3,2,"...BBCBFX","","","","8/F","T",1,0,0,0,0,"F"
1,1,2,0,"BBX","","","","6/P","T",1,0,0,0,0,"F"
1,2,1,2,"CFBS","","","","K","T",1,0,0,0,0,"F"
0,0,3,2,"CCBBBFFFX","","","","6/P","T",1,0,0,0,0,"T"
0,1,0,1,"CX","","","","7/F","T",1,0,0,0,0,"F"
0,2,1,2,"CFBX","","","","53/G","T",1,0,0,0,0,"F"
1,0,0,2,"CCX","","","","43/G","T",1,0,0,0,0,"F"
1,1,1,1,"BCX","","","","7/L","T",1,0,0,0,0,"F"
1,2,3,1,"BBBCB","","","","W","T",0,1,0,0,0,"F"
1,2,0,0,"B","andre001","","","PB.1-2","F",0,0,2,0,0,"F"
1,2,3,0,"B.BBB","","andre001","","W","T",0,1,0,2,0,"F"
1,2,2,2,"B*BCCX","belta001","andre001","","3/P","T",1,0,1,2,0,"F"
0,0,1,2,"BCSX","","","","9/F","T",1,0,0,0,0,"F"
0,1,0,0,"X","","","","7/F","T",1,0,0,0,0,"F"
0,2,1,1,"CBX","","","","S9/L","T",0,1,0,0,0,"F"
0,2,2,2,"CBBSX","calhk001","","","S5/G.1-2","T",0,1,2,0,0,"F"
0,2,1,0,"BX","martj007","calhk001","","S7/G.2-H;1-2","T",0,1,2,4,0,"F"
0,2,3,1,"BBSBX","ohtas001","martj007","","S8/L+.2-H;1-2","T",0,1,2,4,0,"F"
0,2,1,0,"BX","river003","ohtas001","","6/P","T",1,0,1,2,0,"F"
1,0,0,2,"CFFX","","","","13/G-","T",1,0,0,0,0,"F"
1,1,0,2,"CSS","","","","K","T",1,0,0,0,0,"F"
1,2,1,0,"BX","","","","9/L","T",1,0,0,0,0,"F"
0,0,2,2,"CBBSS","","","","K","T",1,0,0,0,0,"F"
0,1,1,0,"BX","","","","S7/G+","T",0,1,0,0,0,"F"
0,1,0,1,"C1X","uptoj001","","","8/F","T",1,0,1,0,0,"F"
0,2,0,1,"C1B","uptoj001","","","WP.1-2","F",0,0,2,0,0,"F"
0,2,2,1,"C1B.BX","","uptoj001","","8/L","T",1,0,0,2,0,"F"
1,0,1,1,"CBX","","","","HR/78/L","T",0,4,0,0,0,"F"
1,0,3,0,"BBBB","","","","W","T",0,1,0,0,0,"F"
1,0,1,2,"BFFFFX","choos001","","","3/P","T",1,0,1,0,0,"F"
1,1,0,2,"FFX","choos001","","","7/F","T",1,0,1,0,0,"F"
1,2,1,2,"BFS>S","choos001","","","K","T",1,0,1,0,0,"F"
0,0,1,2,"CTBX","","","","S7/L+","T",0,1,0,0,0,"F"
0,0,1,2,"BSFX","calhk001","","","T9/L.1-H","T",0,3,4,0,0,"F"
0,0,1,2,"CBTC","","","martj007","K","T",1,0,0,0,3,"F"
0,1,3,2,"SC*BBFFFB*B","","","martj007","W","T",0,1,0,0,3,"F"
0,1,1,1,"BCX","river003","","martj007","9/F","T",1,0,1,0,3,"F"
0,2,3,0,"BBBB","river003","","martj007","W.1-2","T",0,1,2,0,3,"F"
0,2,1,1,"CBX","troum001","river003","martj007","9/F","T",1,0,1,2,3,"F"
1,0,0,1,"CX","","","","6/P","T",1,0,0,0,0,"F"
1,1,0,2,"CSX","","","","8/F","T",1,0,0,0,0,"F"
1,2,1,0,"BH","","","","HP","T",0,1,0,0,0,"F"
1,2,3,2,"BBCTB>S","chirr001","","","K","T",1,0,1,0,0,"F"
0,0,1,0,"BX","","","","7/L","T",1,0,0,0,0,"F"
0,1,3,1,"BFBBB","","","","W","T",0,1,0,0,0,"F"
0,1,2,1,"CBBX","simma001","","","7/F","T",1,0,1,0,0,"F"
0,2,0,1,"1S>C","simma001","","","SB2","F",0,0,2,0,0,"F"
0,2,1,2,"1S>C.BX","","simma001","","43/G","T",1,0,0,2,0,"F"
1,0,0,0,"X","","","","6/P","T",1,0,0,0,0,"F"
1,1,3,2,"BBCBFX","","","","7/F","T",1,0,0,0,0,"F"
1,2,0,1,"CX","","","","63/G-","T",1,0,0,0,0,"F"
0,0,1,1,".CBX","","","","1/L","T",1,0,0,0,0,"F"
0,1,0,0,"H","","","","HP","T",0,1,0,0,0,"F"
0,1,1,0,"B1X","river003","","","T9/F.1-H","T",0,3,4,0,0,"F"
0,1,1,0,"BX","","","cozaz001","9/F/SF.3-H","T",1,0,0,0,4,"F"
0,2,3,2,"BBTFBFB","","","","W","T",0,1,0,0,0,"F"
0,2,2,0,"BB1>B","uptoj001","","","SB2","F",0,0,2,0,0,"F"
0,2,3,2,"BB1>B.CFX","","uptoj001","","43/G","T",1,0,0,2,0,"F"
1,0,0,2,".CFS","","","","K","T",1,0,0,0,0,"F"
1,1,3,2,"FBBBC*B","","","","W","T",0,1,0,0,0,"F"
1,1,0,1,".CX","belta001","","","54(1)/FO/G","T",1,1,0,0,0,"F"
1,2,0,0,"X","mazan001","","","43/G+","T",1,0,1,0,0,"F"
0,0,3,2,".CBBBCB","","","","W","T",0,1,0,0,0,"F"
0,0,1,0,"BX","simma001","","","9/L+","T",1,0,1,0,0,"F"
0,1,1,1,"B1CX","simma001","","","54(1)3/GDP","T",2,0,0,0,0,"F"
1,0,1,0,".BX","","","","8/F","T",1,0,0,0,0,"F"
1,1,1,2,"BFSC","","","","K","T",1,0,0,0,0,"F"
1,2,3,2,"CFBBFFBFFFB","","","","W","T",0,1,0,0,0,"F"
1,2,0,2,"CCC","rua-r001","","","K","T",1,0,1,0,0,"F"
0,0,3,2,"SFBBBB","","","","W","T",0,1,0,0,0,"F"
0,0,1,2,".C11C*BX","ohtas001","","","7/L","T",1,0,1,0,0,"F"
0,1,1,1,"B1F1","ohtas001","","","PO1(13)","F",1,0,0,0,0,"F"
0,2,2,2,"B1F1.FBX","","","","7/F","T",1,0,0,0,0,"F"
1,0,1,1,".BCX","","","","S9/G+","T",0,1,0,0,0,"F"
1,0,3,2,"CBSF1BB>X","profj001","","","3/P","T",1,0,1,0,0,"F"
1,1,1,0,"*BX","profj001","","","S7/L.1-2","T",0,1,2,0,0,"F"
1,1,0,2,".CFX","belta001","profj001","","7/L","T",1,0,1,2,0,"F"
1,2,3,2,"BBSBF>S","belta001","profj001","","K","T",1,0,1,2,0,"F"
0,0,3,2,".FBBCBH","","","","HP","T",0,1,0,0,0,"F"
0,0,1,1,"BSX","troum001","","","E5/G.1-2","T",0,1,2,0,0,"F"
0,0,0,1,"CX","uptoj001","troum001","","5/P5F","T",1,0,1,2,0,"F"
0,1,0,1,"FX","uptoj001","troum001","","9/L.2-3","T",1,0,1,3,0,"F"
0,2,1,1,".BC>S","uptoj001","","troum001","SB2","F",0,0,2,0,3,"F"
0,2,2,2,".BC>S.BX","","uptoj001","troum001","S8/L.3-H(UR);2-H(UR)","T",0,1,0,5,5,"F"
0,2,0,2,"FFX","calhk001","","","43/G-","T",1,0,1,0,0,"F"
1,0,3,2,"BCBFBFT","","","","K","T",1,0,0,0,0,"F"
1,1,3,2,"BCBBCB","","","","W","T",0,1,0,0,0,"F"
1,1,1,2,"BCCC","robid003","","","K","T",1,0,1,0,0,"F"
1,2,1,1,"CBX","robid003","","","S7/L+.1-2","T",0,1,2,0,0,"F"
1,2,1,1,"CBX","choos001","robid003","","S8/L+.2-H;1-3","T",0,1,3,4,0,"F"
1,2,0,0,">B","profj001","","choos001","SB2","F",0,0,2,0,3,"F"
1,2,2,0,">B.BH","","profj001","choos001","HP","T",0,1,0,2,3,"F"
1,2,1,0,".BX","kinei001","profj001","choos001","9/F","T",1,0,1,2,3,"F"
0,0,3,2,"CSBBBX","","","","D8/L","T",0,2,0,0,0,"T"
0,0,2,2,"BCF*BX","","gordd002","","S7/G.2-3","T",0,1,0,3,0,"F"
0,0,1,1,"CBX","seguj002","","gordd002","64(1)/FO/G.3-H","T",1,1,0,0,4,"F"
0,1,2,2,"BSS*BX","canor001","","","8/L","T",1,0,1,0,0,"F"
0,2,0,2,"CSS","canor001","","","K","T",1,0,1,0,0,"F"
1,0,1,2,"CCBFX","","","","9/F9LF","T",1,0,0,0,0,"F"
1,1,3,2,"CFBBBS","","","","K","T",1,0,0,0,0,"F"
1,2,2,1,"CBBX","","","","43/G","T",1,0,0,0,0,"F"
0,0,0,1,"CX","","","","D7/G","T",0,2,0,0,0,"F"
0,0,0,1,"TN","","hanim001","","CS3(15)","F",1,0,0,0,0,"F"
0,1,2,2,"TN.BSBC","","","","K","T",1,0,0,0,0,"F"
0,2,0,2,"CCS","","","","K","T",1,0,0,0,0,"F"
1,0,2,1,"FBBX","","","","53/G","T",1,0,0,0,0,"F"
1,1,3,2,"BSFBBS","","","","K","T",1,0,0,0,0,"F"
1,2,0,1,"CX","","","","31/G","T",1,0,0,0,0,"F"
0,0,1,1,"BFH","","","","HP","T",0,1,0,0,0,"F"
0,0,1,1,"BFX","hereg002","","","E1/BG/SH.1-2","T",0,1,2,0,0,"F"
0,0,1,0,"BX","gordd002","hereg002","","65(2)/FO/G.1-2","T",1,1,2,0,0,"F"
0,1,3,2,"FBBSBX","seguj002","gordd002","","46(1)3/GDP","T",2,0,0,2,0,"F"
1,0,0,1,"CX","","","","7/F","T",1,0,0,0,0,"F"
1,1,1,2,"CBFC","","","","K","T",1,0,0,0,0,"F"
1,2,2,2,"CBBCX","","","","S8/L","T",0,1,0,0,0,"F"
1,2,0,0,"X","kinei001","","","S7/L.1-2","T",0,1,2,0,0,"F"
1,2,2,2,"*BCBCFS","choos001","kinei001","","K","T",1,0,1,2,0,"F"
0,0,2,1,"BBFX","","","","D7/L+","T",0,2,0,0,0,"F"
0,0,0,2,"SFFFC","","cruzn002","","K","T",1,0,0,2,0,"F"
0,1,3,2,"SBBSBB","","cruzn002","","W","T",0,1,0,2,0,"F"
0,1,0,2,"SFS","hanim001","cruzn002","","K","T",1,0,1,2,0,"F"
0,2,2,2,"S*BSBX","hanim001","cruzn002","","31/G","T",1,0,1,2,0,"F"
1,0,3,0,"BBBB","","","","W","T",0,1,0,0,0,"F"
1,0,2,1,"CBBX","mazan001","","","54(1)3/GDP","T",2,0,0,0,0,"F"
1,2,3,2,"BBBCCB","","","","W","T",0,1,0,0,0,"F"
1,2,1,0,"*BX","gallj002","","","13/G","T",1,0,1,0,0,"F"
0,0,3,2,"FFBFBBFX","","","","7/F+","T",1,0,0,0,0,"F"
0,1,1,2,"BFCFX","","","","3/G-","T",1,0,0,0,0,"F"
0,2,2,2,"CBFFBFX","","","","7/F","T",1,0,0,0,0,"F"
1,0,2,2,"BBCSS","","","","K","T",1,0,0,0,0,"F"
1,1,0,0,"X","","","","31/G","T",1,0,0,0,0,"F"
1,2,2,2,"BCFBX","","","","8/L","T",1,0,0,0,0,"F"
0,0,1,2,"SBFFFFFS","","","","K","T",1,0,0,0,0,"F"
0,1,1,2,"CCBX","","","","D8/L+","T",0,2,0,0,0,"F"
0,1,0,0,"X","","cruzn002","","S5/G.2-2","T",0,1,0,2,0,"F"
0,1,2,1,".BBFX","seagk001","cruzn002","","9/F","T",1,0,1,2,0,"F"
0,2,2,2,"FC*BF*BFS","seagk001","cruzn002","","K","T",1,0,1,2,0,"F"
1,0,3,1,"BBCBX","","","","D8/L+","T",0,2,0,0,0,"F"
1,0,2,2,"M+2L*BFBX","","choos001","","43/G.2-3","T",1,0,0,3,0,"F"
1,1,2,2,"BCSBX","","","choos001","S7/L.3-H","T",0,1,0,0,4,"F"
1,1,1,1,"BCH","mazan001","","","HP.1-2","T",0,1,2,0,0,"F"
1,1,2,1,".BT*BX","belta001","mazan001","","S9/L.2-3;1-2","T",0,1,2,3,0,"F"
1,1,2,2,"BCFBFX","gallj002","belta001","mazan001","46(1)/FO/G.3-H;2-3","T",1,1,0,3,4,"F"
1,2,3,2,".FBBBF>C","guzmr001","","belta001","K","T",1,0,1,0,3,"F"
0,0,1,1,".CBX","","","","53/G","T",1,0,0,0,0,"F"
0,1,2,1,"BLBX","","","","S6/G","T",0,1,0,0,0,"F"
0,1,0,0,"X","hereg002","","","64(1)/FO/G","T",1,1,0,0,0,"F"
0,2,1,0,"111BX","gordd002","","","S8/L.1-3","T",0,1,3,0,0,"F"
0,2,1,2,"CSB>B","seguj002","","gordd002","SB2","F",0,0,2,0,3,"F"
0,2,2,2,"CSB>B.X","","seguj002","gordd002","8/F","T",1,0,0,2,3,"F"
1,0,0,2,"CCS","","","","K","T",1,0,0,0,0,"F"
1,1,1,2,"CBCFFC","","","","K","T",1,0,0,0,0,"F"
1,2,0,2,"FFC","","","","K","T",1,0,0,0,0,"F"
0,0,1,0,".BX","","","","9/F","T",1,0,0,0,0,"F"
0,1,0,2,"CFX","","","","63/G","T",1,0,0,0,0,"F"
0,2,2,1,"BFBX","","","","HR/8/F","T",0,4,0,0,0,"F"
0,2,1,2,"CSBS","","","","K","T",1,0,0,0,0,"F"
1,0,0,1,".CX","","","","S8/L","T",0,1,0,0,0,"F"
1,0,2,2,"C*BBCFX","profj001","","","45(1)/FO/G","T",1,1,0,0,0,"F"
1,1,0,2,".FC1FX","rua-r001","","","46(1)3/GDP","T",2,0,0,0,0,"F"
0,0,3,1,"..BBCBX","","","","S9/L","T",0,1,0,0,0,"F"
0,0,2,1,".1B1CB1X","romia001","","","34/BG/SH.1-2","T",1,0,2,0,0,"F"
0,1,1,0,"BX","","romia001","","S7/L.2-3","T",0,1,0,3,0,"F"
0,1,0,0,">B","gordd002","","romia001","SB2","F",0,0,2,0,3,"F"
0,1,3,2,">B.BBCCFX","","gordd002","romia001","D8/L.3-H;2-H","T",0,2,0,4,4,"F"
0,1,1,2,".BCF>B","","seguj002","","SB3","F",0,0,0,3,0,"F"
0,1,2,2,".BCF>B.S","","","seguj002","K","T",1,0,0,0,3,"F"
0,2,3,0,"VVVV","","","seguj002","IW","T",0,1,0,0,3,"F"
0,2,0,0,".X","gameb001","","seguj002","S9/G.3-H;1-3","T",0,1,3,0,4,"F"
0,2,0,1,"CX","seagk001","","gameb001","S7/G.3-H;1-2","T",0,1,2,0,4,"F"
0,2,3,2,"BBCBF>X","hanim001","seagk001","","53/G","T",1,0,1,2,0,"F"
1,0,3,2,"...BBCSBS","","","","K","T",1,0,0,0,0,"F"
1,1,3,2,"CBBFBB","","","","W","T",0,1,0,0,0,"F"
1,1,0,0,"H","guzmr001","","","HP.1-2","T",0,1,2,0,0,"F"
1,1,1,2,"BCSS","chirr001","guzmr001","","K","T",1,0,1,2,0,"F"
1,2,0,1,"CX","chirr001","guzmr001","","43/G","T",1,0,1,2,0,"F"
0,0,0,2,"CFFX","","","","S8/G","T",0,1,0,0,0,"T"
0,0,0,0,"1111>C","gordd002","","","CS2(24)","F",1,0,0,0,0,"F"
0,1,2,1,"1111>C.BBX","","","","9/F","T",1,0,0,0,0,"F"
0,2,0,1,"CX","","","","63/G","T",1,0,0,0,0,"F"
1,0,2,2,"CBCBFS","","","","K","T",1,0,0,0,0,"F"
1,1,2,2,"CBFBX","","","","S6/G","T",0,1,0,0,0,"F"
1,1,1,2,"BCFFX","kinei001","","","D9/G.1-H","T",0,2,4,0,0,"F"
1,1,2,2,"BBFFS","","mazan001","","K","T",1,0,0,2,0,"F"
1,2,3,2,"CBFBBFB","","mazan001","","W","T",0,1,0,2,0,"F"
1,2,2,1,"BBSX","nuner001","mazan001","","8/F","T",1,0,1,2,0,"F"
0,0,1,2,"CCBX","","","","63/G+","T",1,0,0,0,0,"F"
0,1,2,1,"BBFX","","","","3/G","T",1,0,0,0,0,"F"
0,2,0,2,"CFC","","","","K","T",1,0,0,0,0,"F"
1,0,1,2,"CBFFS","","","","K","T",1,0,0,0,0,"F"
1,1,2,2,"CBSFBS","","","","K23","T",1,0,0,0,0,"F"
1,2,2,2,"CSBFFBFS","","","","K","T",1,0,0,0,0,"F"
0,0,2,2,"BBCSC","","","","K","T",1,0,0,0,0,"F"
0,1,0,1,"FH","","","","HP","T",0,1,0,0,0,"F"
0,1,0,1,"CX","zunim001","","","53/G.1-2","T",1,0,2,0,0,"F"
0,2,0,2,"FCX","","zunim001","","S8/L.2-H;B-2(TH)","T",0,2,0,4,0,"F"
0,2,1,1,"BFX","","gordd002","","53/G","T",1,0,0,2,0,"F"
1,0,1,2,"FBFX","","","","D7/F","T",0,2,0,0,0,"F"
1,0,3,1,"BBBCB","","choos001","","W","T",0,1,0,2,0,"F"
1,0,2,1,"*BF*BB","kinei001","choos001","","WP.2-3;1-2","F",0,0,2,3,0,"F"
1,0,3,2,"*BF*BB.CB","","kinei001","choos001","W","T",0,1,0,2,3,"F"
1,0,0,0,"X","mazan001","kinei001","choos001","9/F/SF.3-H;2-3","T",1,0,1,3,4,"F"
1,1,0,2,"SFFFX","mazan001","","kinei001","9/F","T",1,0,1,0,3,"F"
1,2,1,2,"FFFBFFFFX","mazan001","","kinei001","D7/L.3-H;1-H","T",0,2,4,0,4,"F"
1,2,0,2,"SSS","","profj001","","K","T",1,0,0,2,0,"F"
0,0,1,2,"BCFX","","","","S7/G","T",0,1,0,0,0,"F"
0,0,3,2,"BBFBFX","canor001","","","HR/7/F.1-H","T",0,4,4,0,0,"F"
0,0,0,0,"X","","","","7/F","T",1,0,0,0,0,"F"
0,1,1,1,"CBX","","","","7/L","T",1,0,0,0,0,"F"
0,2,0,0,"X","","","","S8/L","T",0,1,0,0,0,"F"
0,2,0,0,"X","voged001","","","7/L+","T",1,0,1,0,0,"F"
1,0,1,2,"CBCX","","","","D9/L+","T",0,2,0,0,0,"F"
1,0,0,0,"X","","guzmr001","","54/BG-/SH.2-3","T",1,0,0,3,0,"F"
1,1,0,0,"X","","","guzmr001","D7/F.3-H","T",0,2,0,0,4,"F"
1,1,0,2,"CFX","","choos001","","53/G","T",1,0,0,2,0,"F"
1,2,0,2,"SFX","","choos001","","63/G","T",1,0,0,2,0,"F"
0,0,1,2,"BCFX","","","","31/G","T",1,0,0,0,0,"F"
0,1,1,1,"FBX","","","","31/G","T",1,0,0,0,0,"F"
0,2,1,0,"BX","","","","53/G","T",1,0,0,0,0,"F"
1,0,1,0,".BX","","","","53/G","T",1,0,0,0,0,"F"
1,1,1,1,"CBX","","","","53/G","T",1,0,0,0,0,"F"
1,2,1,1,"CBX","","","","31/G","T",1,0,0,0,0,"F"
0,0,0,0,"X","","","","S9/L+","T",0,1,0,0,0,"F"
0,0,0,0,"X","canor001","","","S7/G+.1-2","T",0,1,2,0,0,"F"
0,0,2,1,"BFBX","cruzn002","canor001","","8/F.2-3","T",1,0,1,3,0,"F"
0,1,2,2,"SBSBFX","cruzn002","","canor001","9/F/SF.3-H","T",1,0,1,0,4,"F"
0,2,3,1,"BBCBB","cruzn002","","","W.1-2","T",0,1,2,0,0,"F"
0,2,2,2,".BSBSS","voged001","cruzn002","","K","T",1,0,1,2,0,"F"
1,0,1,2,"CBFX","","","","D7/L","T",0,2,0,0,0,"F"
1,0,0,1,"CX","","chirr001","","3/G.2-3","T",1,0,0,3,0,"F"
1,1,0,1,"FH","","","chirr001","HP","T",0,1,0,0,3,"F"
1,1,0,0,"X","toccc001","","chirr001","6/L","T",1,0,1,0,3,"F"
1,2,2,2,"BFBC+1X","toccc001","","chirr001","S9/G.3-H;1-3","T",0,1,3,0,4,"F"
1,2,1,1,"CB>C","kinei001","","toccc001","SB2","F",0,0,2,0,3,"F"
1,2,2,2,"CB>C.FBS","","kinei001","toccc001","K","T",1,0,0,2,3,"F"
0,0,2,1,"..BCBX","","","","S6/G","T",0,1,0,0,0,"F"
0,0,1,2,"CS1FBX","hereg002","","","D9/L.1-3","T",0,2,3,0,0,"F"
0,0,0,1,"FX","","gordd002","hereg002","D7/L.3-H;2-H","T",0,2,0,4,4,"F"
0,0,0,0,"X","","seguj002","","HR/9/F.2-H","T",0,4,0,4,0,"F"
0,0,0,1,".SX","","","","S7/G+","T",0,1,0,0,0,"F"
0,0,0,0,"X","cruzn002","","","46(1)3/GDP","T",2,0,0,0,0,"F"
0,2,0,1,"FX","","","","HR/7/F","T",0,4,0,0,0,"F"
0,2,3,1,"BBBCB","","","","W","T",0,1,0,0,0,"F"
0,2,1,1,".C1BX","romia001","","","53/G","T",1,0,1,0,0,"F"
1,0,0,2,"...CFX","","","","S9/G","T",0,1,0,0,0,"F"
1,0,1,2,"CFBX","belta001","","","9/F","T",1,0,1,0,0,"F"
1,1,0,2,"FFB","belta001","","","WP.1-2","F",0,0,2,0,0,"F"
1,1,2,2,"FFB.FBFX","","belta001","","8/F","T",1,0,0,2,0,"F"
1,2,3,1,"BBBCB","","belta001","","W","T",0,1,0,2,0,"F"
1,2,3,2,"BBCFFFB>F>X","chirr001","belta001","","6/P","T",1,0,1,2,0,"F"
0,0,2,2,".CFFBBFX","","","","6/P","T",1,0,0,0,0,"F"
0,1,2,0,"BBX","","","","8/L","T",1,0,0,0,0,"F"
0,2,2,2,"BFBSC","","","","K","T",1,0,0,0,0,"F"
1,0,0,2,"CST","","","","K","T",1,0,0,0,0,"F"
1,1,0,1,".CX","","","","43/G","T",1,0,0,0,0,"F"
1,2,3,1,"CBBBB","","","","W","T",0,1,0,0,0,"F"
1,2,1,2,"CC*BFX","kinei001","","","E6/G.1-3","T",0,1,3,0,0,"F"
1,2,1,2,".CFBB","mazan001","","kinei001","WP.1-2","F",0,0,2,0,3,"F"
1,2,3,2,".CFBB.BX","","mazan001","kinei001","8/F","T",1,0,0,2,3,"F"
0,0,2,1,"SBBX","","","","4/P","T",1,0,0,0,0,"F"
0,1,1,2,"CSBS","","","","K","T",1,0,0,0,0,"F"
0,2,2,0,"BBX","","","","8/F","T",1,0,0,0,0,"F"
1,0,3,2,".CBBFBB","","","","W","T",0,1,0,0,0,"F"
1,0,1,2,"CFBX","robid003","","","S7/L.1-3","T",0,1,3,0,0,"F"
1,0,2,2,"CC*BBS","profj001","","robid003","K","T",1,0,1,0,3,"F"
1,1,1,2,"FSBX","profj001","","robid003","43/G.3-H;1-2","T",1,0,2,0,4,"F"
1,2,3,2,".BBFSBB","","profj001","","W","T",0,1,0,2,0,"F"
1,2,3,0,"BBBB","gallj002","profj001","","W.2-3;1-2","T",0,1,2,3,0,"F"
1,2,3,1,"BBBCX","choos001","gallj002","profj001","7/F","T",1,0,1,2,3,"F"
0,0,1,2,"CBCX","","","","8/F","T",1,0,0,0,0,"T"
0,1,1,0,"BX","","","","63/G","T",1,0,0,0,0,"F"
0,2,0,0,"X","","","","63/G+","T",1,0,0,0,0,"F"
1,0,0,1,"CX","","","","9/L","T",1,0,0,0,0,"F"
1,1,1,1,"BCX","","","","63/G","T",1,0,0,0,0,"F"
1,2,2,2,"CBCBX","","","","7/F","T",1,0,0,0,0,"F"
0,0,2,2,"CBCBX","","","","S8/L","T",0,1,0,0,0,"F"
0,0,2,2,"BBSFH","cruzn002","","","HP.1-2","T",0,1,2,0,0,"F"
0,0,1,1,"BCX","seagk001","cruzn002","","S3/G-.2-3;1-2","T",0,1,2,3,0,"F"
0,0,0,0,"X","suzui001","seagk001","cruzn002","5/L","T",1,0,1,2,3,"F"
0,1,2,2,"*BBCSS","suzui001","seagk001","cruzn002","K","T",1,0,1,2,3,"F"
0,2,0,2,"TFX","suzui001","seagk001","cruzn002","5(2)/FO/G.1-2","T",1,1,2,0,3,"F"
1,0,2,2,"CBSBX","","","","D7/G","T",0,2,0,0,0,"F"
1,0,1,1,"FBX","","belta001","","43/G.2-3","T",1,0,0,3,0,"F"
1,1,0,2,"FFX","","","belta001","13/G.3-H","T",1,0,0,0,4,"F"
1,2,0,1,"CX","","","","43/G","T",1,0,0,0,0,"F"
0,0,1,0,"BX","","","","3/G","T",1,0,0,0,0,"F"
0,1,0,1,"CX","","","","D7/L","T",0,2,0,0,0,"F"
0,1,1,1,"C*BX","","hanim001","","43/G+.2-3","T",1,0,0,3,0,"F"
0,2,2,2,"FBSBC","","","hanim001","K","T",1,0,0,0,3,"F"
1,0,2,1,"BBSX","","","","8/L+","T",1,0,0,0,0,"F"
1,1,2,2,"CBFBX","","","","7/L","T",1,0,0,0,0,"F"
1,2,0,2,"FFS","","","","K","T",1,0,0,0,0,"F"
0,0,2,2,"FBFFBX","","","","13/G-","T",1,0,0,0,0,"F"
0,1,0,1,"CX","","","","S64/G","T",0,1,0,0,0,"F"
0,1,2,0,"BBX","suzui001","","","8/L","T",1,0,1,0,0,"F"
0,2,2,2,"SBBCS","suzui001","","","K","T",1,0,1,0,0,"F"
1,0,1,0,"BX","","","","7/F","T",1,0,0,0,0,"F"
1,1,1,0,"BX","","","","HR/8/F","T",0,4,0,0,0,"F"
1,1,3,0,"BBBB","","","","W","T",0,1,0,0,0,"F"
1,1,3,0,"BBBX","belta001","","","HR/78/L.1-H","T",0,4,4,0,0,"F"
1,1,1,1,"CBX","","","","8/F","T",1,0,0,0,0,"F"
1,2,1,0,"BX","","","","53/G","T",1,0,0,0,0,"F"
0,0,1,0,"BX","","","","T7/F+","T",0,3,0,0,0,"F"
0,0,2,1,"BCBX","","","gameb001","S9/L.3-H","T",0,1,0,0,4,"F"
0,0,2,1,"B*BFN","seguj002","","","BK.1-2","F",0,0,2,0,0,"F"
0,0,3,1,"B*BFN.BX","","seguj002","","D7/G+.2-H","T",0,2,0,4,0,"F"
0,0,3,2,"*BSSFBBX","","hanim001","","43/G.2-3","T",1,0,0,3,0,"F"
0,1,1,0,"BX","","","hanim001","4/L","T",1,0,0,0,3,"F"
0,2,0,1,"CX","","","hanim001","7/F","T",1,0,0,0,3,"F"
1,0,1,1,"BFX","","","","1/G","T",1,0,0,0,0,"F"
1,1,2,1,"BFBX","","","","D9/L","T",0,2,0,0,0,"F"
1,1,1,2,"C*BCX","","centj001","","53/G.2-3","T",1,0,0,3,0,"F"
1,2,2,1,"CBBX","","","centj001","S6/G.3-H","T",0,1,0,0,4,"F"
1,2,0,2,".CFS","choos001","","","K","T",1,0,1,0,0,"F"
0,0,3,1,"BBBCB","","","","W","T",0,1,0,0,0,"F"
0,0,3,2,"BSBBCX","suzui001","","","8/F+","T",1,0,1,0,0,"F"
0,1,1,2,"BCSS","suzui001","","","K","T",1,0,1,0,0,"F"
0,2,1,2,"C*BF1X","suzui001","","","43/G","T",1,0,1,0,0,"F"
1,0,0,2,"FSX","","","","43/G","T",1,0,0,0,0,"F"
1,1,0,1,"FH","","","","HP","T",0,1,0,0,0,"F"
1,1,0,0,"X","gallj002","","","S9/L.1-2","T",0,1,2,0,0,"F"
1,1,1,0,"BX","profj001","gallj002","","9/F.2-3","T",1,0,1,3,0,"F"
1,2,0,1,"CX","profj001","","gallj002","43/G","T",1,0,1,0,3,"F"
0,0,0,2,"..CCX","","","","E6/G","T",0,1,0,0,0,"F"
0,0,1,0,"BX","seguj002","","","HR/8/F.1-H(UR)","T",0,4,5,0,0,"F"
0,0,3,2,"BCSBBB","","","","W","T",0,1,0,0,0,"F"
0,0,3,1,"1F1BB*B1X","canor001","","","7/F","T",1,0,1,0,0,"F"
0,1,0,0,".X","canor001","","","E1/TH/FO/G.1-2","T",0,1,2,0,0,"F"
0,1,3,0,"BBBB","seagk001","canor001","","W.2-3;1-2","T",0,1,2,3,0,"F"
0,1,2,2,"BCFBS","suzui001","seagk001","canor001","K","T",1,0,1,2,3,"F"
0,2,1,2,".BCFS","suzui001","seagk001","canor001","K","T",1,0,1,2,3,"F"
1,0,2,2,"..CCBBFS","","","","K","T",1,0,0,0,0,"F"
1,1,0,0,"X","","","","34/BG","T",1,0,0,0,0,"F"
1,2,1,0,"BX","","","","63/G","T",1,0,0,0,0,"F"
0,0,2,2,".CSBBX","","","","53/G","T",1,0,0,0,0,"F"
0,1,3,2,"CFBBBFX","","","","13/G","T",1,0,0,0,0,"F"
0,2,2,2,"BBCFS","","","","K","T",1,0,0,0,0,"F"
1,0,3,2,"FBBBFFFX","","","","4/L+","T",1,0,0,0,0,"F"
1,1,0,0,".X","","","","D7/L","T",0,2,0,0,0,"F"
1,1,3,0,"VVVV","","belta001","","IW","T",0,1,0,2,0,"F"
1,1,3,1,"SBB2BB","gallj002","belta001","","W.2-3;1-2","T",0,1,2,3,0,"F"
1,1,0,2,"CFX","profj001","gallj002","belta001","S8/L.3-H;2-H;1-3;B-2(TH)","T",0,2,3,4,4,"F"
1,1,0,2,"SLS","","kinei001","profj001","K","T",1,0,0,2,3,"F"
1,2,0,1,"CX","","kinei001","profj001","31/G","T",1,0,0,2,3,"F"
0,0,0,0,".X","","","","S8/G","T",0,1,0,0,0,"F"
0,0,2,1,"BCBX","canor001","","","D7/L+.1-3","T",0,2,3,0,0,"F"
0,0,1,2,"TBSS","","cruzn002","canor001","K","T",1,0,0,2,3,"F"
0,1,0,2,"CFS","","cruzn002","canor001","K","T",1,0,0,2,3,"F"
0,2,2,0,".BBX","","cruzn002","canor001","6/P","T",1,0,0,2,3,"F"
0,0,0,1,"CX","","","","8/F","T",1,0,0,0,0,"T"
0,1,1,2,"CBSFX","","","","6/P","T",1,0,0,0,0,"F"
0,2,1,2,"FBFX","","","","D8/L+","T",0,2,0,0,0,"F"
0,2,0,0,"X","","lowrj001","","9/L","T",1,0,0,2,0,"F"
1,0,2,2,"CBCBX","","","","63/G","T",1,0,0,0,0,"F"
1,1,1,2,"BCCFS","","","","K","T",1,0,0,0,0,"F"
1,2,3,2,"BBCBSX","","","","43/G","T",1,0,0,0,0,"F"
0,0,0,0,"H","","","","HP","T",0,1,0,0,0,"F"
0,0,0,0,"X","chapm001","","","8/F+","T",1,0,1,0,0,"F"
0,1,2,2,"C1BBS1X","chapm001","","","7/F","T",1,0,1,0,0,"F"
0,2,1,0,"BX","chapm001","","","S9/G.1-3","T",0,1,3,0,0,"F"
0,2,1,1,"CBX","pindc001","","chapm001","8/L","T",1,0,1,0,3,"F"
1,0,1,1,"CBX","","","","9/F","T",1,0,0,0,0,"F"
1,1,3,2,"BBFCFBB","","","","W","T",0,1,0,0,0,"F"
1,1,2,2,"BC1F1>FBX","gallj002","","","9/F","T",1,0,1,0,0,"F"
1,2,0,0,">B","gallj002","","","SB2.1-3(E2/TH)","F",0,0,3,0,0,"F"
1,2,1,2,">B.SFS","","","gallj002","K","T",1,0,0,0,3,"F"
0,0,1,2,"BCSFX","","","","S7/G","T",0,1,0,0,0,"F"
0,0,3,0,"BBBB","semim001","","","W.1-2","T",0,1,2,0,0,"F"
0,0,1,0,"BX","piscs001","semim001","","7/L+","T",1,0,1,2,0,"F"
0,1,3,2,"BBFFB>X","piscs001","semim001","","D7/L.2-H;1-H","T",0,2,4,4,0,"F"
0,1,2,2,"BBCFS","","davik003","","K","T",1,0,0,2,0,"F"
0,2,3,2,"B*BFBFFFFFX","","davik003","","5/P5F","T",1,0,0,2,0,"F"
1,0,0,2,"CSFX","","","","3/P","T",1,0,0,0,0,"F"
1,1,1,1,"BCX","","","","D7/L","T",0,2,0,0,0,"F"
1,1,1,0,"*BX","","kinei001","","S8/L.2-3","T",0,1,0,3,0,"F"
1,1,0,2,"1CS>B","deshd002","","kinei001","SB2","F",0,0,2,0,3,"F"
1,1,1,2,"1CS>B.FC","","deshd002","kinei001","K","T",1,0,0,2,3,"F"
1,2,0,0,"B","","deshd002","kinei001","WP.3-H(NR);2-3","F",0,0,0,3,4,"F"
1,2,3,2,"B.BSBSFX","","","deshd002","3/G","T",1,0,0,0,3,"F"
0,0,0,2,"CFX","","","","D7/L","T",0,2,0,0,0,"F"
0,0,0,0,"X","","canhm001","","S48/G.2-H","T",0,1,0,4,0,"F"
0,0,0,2,"CCX","pindc001","","","64(1)3/GDP","T",2,0,0,0,0,"F"
0,2,0,0,"X","","","","53/G+","T",1,0,0,0,0,"F"
1,0,2,2,"CFFBBS","","","","K23","T",1,0,0,0,0,"F"
1,1,0,2,"SFX","","","","43/G","T",1,0,0,0,0,"F"
1,2,3,2,"BSBCBFFFFB","","","","W","T",0,1,0,0,0,"F"
1,2,1,1,"C1BX","profj001","","","HR/7/F.1-H","T",0,4,4,0,0,"F"
1,2,1,2,"SCBS","","","","K23","T",1,0,0,0,0,"F"
0,0,2,1,"BCBX","","","","9/F","T",1,0,0,0,0,"F"
0,1,2,1,"CBBX","","","","53/G","T",1,0,0,0,0,"F"
0,2,3,2,"CSBBBB","","","","W","T",0,1,0,0,0,"F"
0,2,0,2,"CFS","davik003","","","K","T",1,0,1,0,0,"F"
1,0,3,2,"CBBBSFFS","","","","K","T",1,0,0,0,0,"F"
1,1,1,1,"BCX","","","","S8/G","T",0,1,0,0,0,"F"
1,1,2,0,"BB>S","deshd002","","","SB2","F",0,0,2,0,0,"F"
1,1,2,1,"BB>S.>N","","deshd002","","CS3(15)","F",1,0,0,0,0,"F"
1,2,2,1,"BB>S.>N.X","","","","63/G","T",1,0,0,0,0,"F"
0,0,1,2,"SCBFX","","","","S9/G","T",0,1,0,0,0,"F"
0,0,3,2,".CB1SFBBF>T","olsom001","","","K/BINT/DP.1X1(2)","T",2,0,0,0,0,"F"
0,2,0,1,".FX","","","","63/G","T",1,0,0,0,0,"F"
1,0,0,2,"..CFC","","","","K","T",1,0,0,0,0,"F"
1,1,0,1,"FX","","","","9/F","T",1,0,0,0,0,"F"
1,2,3,1,"FBBBX","","","","7/F","T",1,0,0,0,0,"F"
0,0,3,0,"BBBB","","","","W","T",0,1,0,0,0,"F"
0,0,0,2,"CCX","lucrj001","","","54(1)/FO/G","T",1,1,0,0,0,"F"
0,1,0,1,"11FX","semim001","","","3/P","T",1,0,1,0,0,"F"
0,2,3,0,"B1BBB","semim001","","","W.1-2","T",0,1,2,0,0,"F"
0,2,3,1,".BBBFB","lowrj001","semim001","","W.2-3;1-2","T",0,1,2,3,0,"F"
0,2,0,1,"CX","davik003","lowrj001","semim001","64(1)/FO/G","T",1,1,0,2,3,"F"
1,0,1,2,".CFBX","","","","S1/L","T",0,1,0,0,0,"F"
1,0,0,0,"X","profj001","","","16(1)3/GDP","T",2,0,0,0,0,"F"
1,2,2,2,"FCBBX","","","","8/F","T",1,0,0,0,0,"F"
0,0,0,0,".X","","","","S9/L","T",0,1,0,0,0,"F"
0,0,3,1,"CBB1*BB","olsom001","","","W.1-2","T",0,1,2,0,0,"F"
0,0,0,1,".LX","canhm001","olsom001","","64(1)3/GDP.2-3","T",2,0,0,3,0,"F"
0,2,3,1,".BCBBX","","","olsom001","8/F","T",1,0,0,0,3,"F"
1,0,1,1,"..CBX","","","","43/G","T",1,0,0,0,0,"F"
1,1,1,2,"BSFX","","","","3/P","T",1,0,0,0,0,"F"
1,2,1,2,".CBCX","","","","31/G","T",1,0,0,0,0,"F"
0,0,0,0,"X","","","","HR/7/F","T",0,4,0,0,0,"F"
0,0,3,2,"BFCBBS","","","","K","T",1,0,0,0,0,"F"
0,1,0,2,"SSFX","","","","S6/G","T",0,1,0,0,0,"F"
0,1,1,1,"CBX","lowrj001","","","9/F+","T",1,0,1,0,0,"F"
0,2,2,1,"1BCBX","lowrj001","","","T7/F.1-H","T",0,3,4,0,0,"F"
0,2,3,0,"VVVV","","","chapm001","IW","T",0,1,0,0,3,"F"
0,2,0,1,".FX","olsom001","","chapm001","S9/G.3-H;1-2","T",0,1,2,0,4,"F"
0,2,2,2,"FBFBX","canhm001","olsom001","","T5/G.2-H;1-H","T",0,3,4,4,0,"F"
0,2,2,1,"CBBX","","","smolj002","S8/L.3-H","T",0,1,0,0,4,"F"
0,2,1,1,"BCX","lucrj001","","","64(1)/FO/G","T",1,1,0,0,0,"F"
1,0,3,2,"BCBCBFT","","","","K","T",1,0,0,0,0,"F"
1,1,0,0,".X","","","","D8/L","T",0,2,0,0,0,"F"
1,1,2,0,"BBX","","belta001","","D7/L+.2-H","T",0,2,0,4,0,"F"
1,1,1,1,"*BCX","","gallj002","","9/F.2-3","T",1,0,0,3,0,"F"
1,2,1,2,"BCFS","","","gallj002","K","T",1,0,0,0,3,"F"
0,0,3,1,"CBBBB","","","","W","T",0,1,0,0,0,"T"
0,0,0,1,"FX","semim001","","","S9/L+.1-2","T",0,1,2,0,0,"F"
0,0,2,2,"FBFBS","pindc001","semim001","","K","T",1,0,1,2,0,"F"
0,1,1,0,"BX","pindc001","semim001","","8/F.2-3","T",1,0,1,3,0,"F"
0,2,2,2,"BBCCS","pindc001","","semim001","K","T",1,0,1,0,3,"F"
1,0,1,2,"CBFS","","","","K","T",1,0,0,0,0,"F"
1,1,0,2,"CCS","","","","K","T",1,0,0,0,0,"F"
1,2,3,2,"FBFBBX","","","","63/G","T",1,0,0,0,0,"F"
0,0,2,2,"BCSBH","","","","HP","T",0,1,0,0,0,"F"
0,0,2,2,"BC*BCX","olsom001","","","5/L","T",1,0,1,0,0,"F"
0,1,1,0,"B>C","olsom001","","","SB2","F",0,0,2,0,0,"F"
0,1,2,2,"B>C.FFFBH","","olsom001","","HP","T",0,1,0,2,0,"F"
0,1,1,0,"BX","piscs001","olsom001","","8/F.2-3;1-2","T",1,0,2,3,0,"F"
0,2,0,1,"CX","","piscs001","olsom001","53/G","T",1,0,0,2,3,"F"
1,0,1,1,"BCX","","","","S4/G","T",0,1,0,0,0,"F"
1,0,0,1,"FX","belta001","","","8/F","T",1,0,1,0,0,"F"
1,1,2,2,"BCFF1BS","belta001","","","K","T",1,0,1,0,0,"F"
1,2,0,2,"CFFX","belta001","","","9/L","T",1,0,1,0,0,"F"
0,0,0,2,"CSH","","","","HP","T",0,1,0,0,0,"F"
0,0,0,2,"CFX","pindc001","","","7/F","T",1,0,1,0,0,"F"
0,1,1,1,"FB1X","pindc001","","","7/F","T",1,0,1,0,0,"F"
0,2,3,1,"SBBBX","pindc001","","","S8/G.1-2","T",0,1,2,0,0,"F"
0,2,1,2,"FC*BX","chapm001","pindc001","","8/F","T",1,0,1,2,0,"F"
1,0,2,2,"CFBBFC","","","","K","T",1,0,0,0,0,"F"
1,1,0,2,"CCFFS","","","","K","T",1,0,0,0,0,"F"
1,2,0,1,"CX","","","","9/L","T",1,0,0,0,0,"F"
0,0,2,2,"BBFCFFFFX","","","","43/G","T",1,0,0,0,0,"F"
0,1,0,0,"X","","","","5/L","T",1,0,0,0,0,"F"
0,2,3,2,"BCCBBX","","","","3/P3F","T",1,0,0,0,0,"F"
1,0,1,1,"FBX","","","","S8/G","T",0,1,0,0,0,"F"
1,0,2,2,"FBCBFC","choos001","","","K","T",1,0,1,0,0,"F"
1,1,1,0,"BX","choos001","","","54(1)3/GDP","T",2,0,0,0,0,"F"
0,0,2,2,"BCBSX","","","","9/F","T",1,0,0,0,0,"F"
0,1,0,2,"SFFS","","","","K","T",1,0,0,0,0,"F"
0,2,3,0,"BBBB","","","","W","T",0,1,0,0,0,"F"
0,2,1,2,"BFFS","lowrj001","","","K","T",1,0,1,0,0,"F"
1,0,3,1,"BBBCX","","","","7/F","T",1,0,0,0,0,"F"
1,1,0,0,"X","","","","43/G","T",1,0,0,0,0,"F"
1,2,3,2,"BTBBSX","","","","D8/L+","T",0,2,0,0,0,"F"
1,2,0,1,"FX","","chirr001","","5/P5F","T",1,0,0,2,0,"F"
0,0,0,0,"X","","","","63/G","T",1,0,0,0,0,"F"
0,1,2,2,"BFBCX","","","","63/G","T",1,0,0,0,0,"F"
0,2,0,0,"X","","","","HR/89/F","T",0,4,0,0,0,"F"
0,2,0,2,"FSS","","","","K","T",1,0,0,0,0,"F"
1,0,0,1,"CX","","","","53/G","T",1,0,0,0,0,"F"
1,1,0,0,"X","","","","S1/BG-","T",0,1,0,0,0,"F"
1,1,0,0,"1H","deshd002","","","HP.1-2","T",0,1,2,0,0,"F"
1,1,0,0,"B","choos001","deshd002","","WP.2-3;1-2","F",0,0,2,3,0,"F"
1,1,3,2,"B.BSBF*B","","choos001","deshd002","W","T",0,1,0,2,3,"F"
1,1,2,1,"BBCX","mazan001","choos001","deshd002","9/F/SF.3-H;2-3","T",1,0,1,3,4,"F"
1,2,0,0,"X","mazan001","","choos001","43/G","T",1,0,1,0,3,"F"
0,0,0,1,"CX","","","","D8/F.BX3(845)","T",1,0,0,0,0,"F"
0,1,1,2,"CBCX","","","","D7/L","T",0,2,0,0,0,"F"
0,1,3,2,"..FSBBB*B","","semim001","","W","T",0,1,0,2,0,"F"
0,1,0,0,"X","joycm001","semim001","","D8/L+.2-H;1-3","T",0,2,3,4,0,"F"
0,1,2,1,"BSB+3","","lowrj001","joycm001","PO3(25)","F",1,0,0,2,0,"F"
0,2,2,2,"BSB+3.FX","","lowrj001","","63/G","T",1,0,0,2,0,"F"
1,0,0,2,"..CFFFX","","","","7/F","T",1,0,0,0,0,"F"
1,1,3,2,"CFBFFBVB","","","","W","T",0,1,0,0,0,"F"
1,1,0,1,"CX","chirr001","","","4/P3F","T",1,0,1,0,0,"F"
1,2,2,2,"BC*B1FX","chirr001","","","64(1)/FO/G","T",1,1,0,0,0,"F"
0,0,3,1,".BFBBB","","","","W","T",0,1,0,0,0,"F"
0,0,1,2,"BCFX","chapm001","","","D7/F+.1-H","T",0,2,4,0,0,"F"
0,0,2,2,"BFCBS","","olsom001","","K","T",1,0,0,2,0,"F"
0,1,0,0,"H","","olsom001","","HP","T",0,1,0,2,0,"F"
0,1,1,1,"FBX","piscs001","olsom001","","8/F","T",1,0,1,2,0,"F"
0,2,2,1,"BCBX","piscs001","olsom001","","64(1)/FO/G","T",1,1,0,2,0,"F"
1,0,0,0,"X","","","","6/L","T",1,0,0,0,0,"F"
1,1,0,0,".X","","","","S13/L","T",0,1,0,0,0,"F"
1,1,2,2,".1BCFBFC","choos001","","","K","T",1,0,1,0,0,"F"
1,2,3,2,"FBBFFB>X","choos001","","","S8/L+.1-H","T",0,1,4,0,0,"F"
1,2,0,2,".FSS","robid003","","","K","T",1,0,1,0,0,"F"
0,0,1,2,"..CCBFT","","","","K","T",1,0,0,0,0,"F"
0,1,0,0,"X","","","","S8/L","T",0,1,0,0,0,"F"
0,1,2,2,"BF1FBS","lowrj001","","","K","T",1,0,1,0,0,"F"
0,2,1,1,"B+1CX","lowrj001","","","7/F","T",1,0,1,0,0,"F"
1,0,2,2,".CBBC.FX","","","","7/F","T",1,0,0,0,0,"F"
1,1,1,1,"BFX","","","","8/F+","T",1,0,0,0,0,"F"
1,2,1,0,"BX","","","","7/L","T",1,0,0,0,0,"F"
0,0,3,2,"CBFBFFFFBFX","","","","9/F","T",1,0,0,0,0,"T"
0,1,0,1,"CX","","","","S8/G","T",0,1,0,0,0,"F"
0,1,1,1,"CB1X","semim001","","","9/L+","T",1,0,1,0,0,"F"
0,2,0,1,"CX","semim001","","","9/L","T",1,0,1,0,0,"F"
1,0,3,2,"CBBCFBFC","","","","K","T",1,0,0,0,0,"F"
1,1,3,1,"BBBCB","","","","W","T",0,1,0,0,0,"F"
1,1,1,1,"CB1","choos001","","","PO1(E1).1-2","F",0,0,2,0,0,"F"
1,1,1,2,"CB1.FC","","choos001","","K","T",1,0,0,2,0,"F"
1,2,1,2,"CCBS","","choos001","","K","T",1,0,0,2,0,"F"
0,0,3,2,"BCBCBFB","","","","W","T",0,1,0,0,0,"F"
0,0,3,2,"CB*B1CBX","olsom001","","","3/P3F","T",1,0,1,0,0,"F"
0,1,2,2,"CBCF1FF*B1X","olsom001","","","7/F","T",1,0,1,0,0,"F"
0,2,3,2,"BCCBB>F>B","olsom001","","","W.1-2","T",0,1,2,0,0,"F"
0,2,2,2,"CBSBC","piscs001","olsom001","","K","T",1,0,1,2,0,"F"
1,0,0,0,"X","","","","S1/BG-","T",0,1,0,0,0,"F"
1,0,3,2,"FC*BBF*B>B","gallj002","","","W.1-2","T",0,1,2,0,0,"F"
1,0,3,2,"BBCFBX","kinei001","gallj002","","16(1)3/GDP.2-3","T",2,0,0,3,0,"F"
1,2,2,1,"BBCX","","","gallj002","8/L","T",1,0,0,0,3,"F"
0,0,2,0,"BBX","","","","343/G","T",1,0,0,0,0,"F"
0,1,2,1,"BBCX","","","","S9/L","T",0,1,0,0,0,"F"
0,1,2,1,"BCB1X","semim001","","","8/F","T",1,0,1,0,0,"F"
0,2,1,1,"C1B+1X","semim001","","","HR/9/F.1-H","T",0,4,4,0,0,"F"
0,2,2,0,"BBX","","","","63/G+","T",1,0,0,0,0,"F"
1,0,2,2,"BCFBS","","","","K","T",1,0,0,0,0,"F"
1,1,3,1,"BBFBB","","","","W","T",0,1,0,0,0,"F"
1,1,0,0,"1X","deshd002","","","E4/FO/G.1-2","T",0,1,2,0,0,"F"
1,1,0,2,"SFX","choos001","deshd002","","46(1)/FO/G.2-3","T",1,1,0,3,0,"F"
1,2,3,2,"BSBC*B>X","profj001","","deshd002","43/G","T",1,0,1,0,3,"F"
0,0,1,0,"BX","","","","53/G","T",1,0,0,0,0,"F"
0,1,1,2,"CBFS","","","","K","T",1,0,0,0,0,"F"
0,2,1,1,"SBX","","","","S8/L","T",0,1,0,0,0,"F"
0,2,3,2,"FCF1*BB1*B>X","piscs001","","","43/G","T",1,0,1,0,0,"F"
1,0,0,0,"X","","","","S9/L","T",0,1,0,0,0,"F"
1,0,0,0,"X","gallj002","","","7/L","T",1,0,1,0,0,"F"
1,1,0,2,"FFX","gallj002","","","S8/F.1-3","T",0,1,3,0,0,"F"
1,1,1,1,"CBX","guzmr001","","gallj002","54(1)/FO/G-.3-H","T",1,1,0,0,4,"F"
1,2,1,1,"SBX","centj001","","","43/G","T",1,0,1,0,0,"F"
0,0,2,2,"FBCBFFFFT","","","","K","T",1,0,0,0,0,"F"
0,1,3,2,"BCFFBBX","","","","63/G","T",1,0,0,0,0,"F"
0,2,3,1,"FBBB*B","","","","W","T",0,1,0,0,0,"F"
0,2,0,0,".X","lowrj001","","","64(1)/FO/G","T",1,1,0,0,0,"F"
1,0,0,0,"X","","","","3/G","T",1,0,0,0,0,"F"
1,1,3,2,"CBBFBS","","","","K","T",1,0,0,0,0,"F"
1,2,0,1,"FX","","","","D8/L","T",0,2,0,0,0,"F"
1,2,1,1,"FBX","","profj001","","S9/G.2-H;B-2(TH)","T",0,2,0,4,0,"F"
1,2,3,2,"BBCBCB","","mazan001","","W","T",0,1,0,2,0,"F"
1,2,2,0,"BBX","gallj002","mazan001","","S9/L.2-H;1-3","T",0,1,3,4,0,"F"
1,2,0,2,"C>F>B","kinei001","","gallj002","SB2","F",0,0,2,0,3,"F"
1,2,1,2,"C>F>B.X","","kinei001","gallj002","63/G","T",1,0,0,2,3,"F"
0,0,0,0,"X","","","","7/F+","T",1,0,0,0,0,"F"
0,1,3,2,"BBBCSFS","","","","K","T",1,0,0,0,0,"F"
0,2,1,2,"BCFFC","","","","K","T",1,0,0,0,0,"F"
1,0,2,1,"FBBX","","","","3/G","T",1,0,0,0,0,"F"
1,1,3,2,"BBCSBS","","","","K","T",1,0,0,0,0,"F"
1,2,3,2,"BFBBCFS","","","","K","T",1,0,0,0,0,"F"
0,0,0,2,".FFX","","","","4/P","T",1,0,0,0,0,"F"
0,1,0,0,"X","","","","43/G-","T",1,0,0,0,0,"F"
0,2,0,0,"X","","","","53/G+","T",1,0,0,0,0,"F"
1,0,3,2,".BCCBBS","","","","K","T",1,0,0,0,0,"F"
1,1,2,2,".BBCFX","","","","43/G","T",1,0,0,0,0,"F"
1,2,2,2,"CBSBS","","","","K","T",1,0,0,0,0,"F"
0,0,0,1,".CX","","","","E5/TH/G.B-2","T",0,2,0,0,0,"F"
0,0,0,2,"CFX","","semim001","","8/F/DP.2X3(85)","T",2,0,0,0,0,"F"
0,2,3,2,"BSBFBFS","","","","K","T",1,0,0,0,0,"F"
1,0,0,0,"X","","","","S8/L","T",0,1,0,0,0,"F"
1,0,0,1,"C1X","gallj002","","","46(1)/FO/G","T",1,1,0,0,0,"F"
1,1,2,2,"1BBCC>X","kinei001","","","T9/F.1-H","T",0,3,4,0,0,"F"
1,1,1,2,"BSSS","","","guzmr001","K","T",1,0,0,0,3,"F"
1,2,3,1,"BBB.CB","","","guzmr001","W","T",0,1,0,0,3,"F"
1,2,1,2,"BCFS","robid003","","guzmr001","K","T",1,0,1,0,3,"F"
0,0,1,2,".CTBFS","","","","K","T",1,0,0,0,0,"F"
0,1,3,2,"BBCCFBC","","","","K","T",1,0,0,0,0,"F"
0,2,0,2,"CFX","","","","5/P","T",1,0,0,0,0,"F"
0,0,0,0,"X","","","","7/F","T",1,0,0,0,0,"T"
0,1,0,0,"X","","","","53/G","T",1,0,0,0,0,"F"
0,2,2,0,"BBX","","","","9/F","T",1,0,0,0,0,"F"
1,0,2,2,"CCBBFS","","","","K","T",1,0,0,0,0,"F"
1,1,2,2,"FBBCX","","","","53/G","T",1,0,0,0,0,"F"
1,2,1,1,"CBX","","","","8/L","T",1,0,0,0,0,"F"
0,0,0,2,"CSX","","","","D8/G+","T",0,2,0,0,0,"F"
0,0,3,2,"BSBFFFBFC","","bogax001","","K","T",1,0,0,2,0,"F"
0,1,0,0,"X","","bogax001","","8/F","T",1,0,0,2,0,"F"
0,2,1,0,"BX","","bogax001","","9/F","T",1,0,0,2,0,"F"
1,0,0,1,"CX","","","","8/L+","T",1,0,0,0,0,"F"
1,1,3,2,"FBBBCFFH","","","","HP","T",0,1,0,0,0,"F"
1,1,1,0,"BX","gallj002","","","T8/L+.1-H","T",0,3,4,0,0,"F"
1,1,0,1,"CX","","","profj001","7/F/SF.3-H","T",1,0,0,0,4,"F"
1,2,3,2,"BSFBFBS","","","","K","T",1,0,0,0,0,"F"
0,0,1,2,"CFBS","","","","K","T",1,0,0,0,0,"F"
0,1,2,2,"FBBFX","","","","2/P2F","T",1,0,0,0,0,"F"
0,2,2,0,"BBX","","","","HR/78/L","T",0,4,0,0,0,"F"
0,2,3,1,"BFBBB","","","","W","T",0,1,0,0,0,"F"
0,2,1,2,"SSB1X","ramih003","","","S8/G+.1-2","T",0,1,2,0,0,"F"
0,2,2,2,"CCBFBFX","martj006","ramih003","","8/F","T",1,0,1,2,0,"F"
1,0,0,1,"CX","","","","53/G","T",1,0,0,0,0,"F"
1,1,1,1,"BCX","","","","S6/G","T",0,1,0,0,0,"F"
1,1,1,2,"FSBX","deshd002","","","E5/G.1-2","T",0,1,2,0,0,"F"
1,1,0,1,"FX","choos001","deshd002","","5/P-/IF","T",1,0,1,2,0,"F"
1,2,0,2,"F>FX","choos001","deshd002","","D7/L+.2-H(UR);1-H(UR)","T",0,2,5,5,0,"F"
1,2,0,2,"SFS","","mazan001","","K","T",1,0,0,2,0,"F"
0,0,1,0,"BX","","","","S9/G","T",0,1,0,0,0,"F"
0,0,0,0,"1X","dever001","","","S8/G.1-3(E8);B-2","T",0,2,3,0,0,"F"
0,0,3,2,"CBBBTB","","nunee002","dever001","W","T",0,1,0,2,3,"F"
0,0,1,0,"BX","swihb001","nunee002","dever001","S6/P.3-H;2-3;1-2","T",0,1,2,3,4,"F"
0,0,0,2,"FFC","vazqc001","swihb001","nunee002","K","T",1,0,1,2,3,"F"
0,1,1,0,"BX","vazqc001","swihb001","nunee002","9/F/SF.3-H;2-3","T",1,0,1,3,4,"F"
0,2,2,0,"BBX","vazqc001","","swihb001","13/G","T",1,0,1,0,3,"F"
1,0,3,1,"BBFBB","","","","W","T",0,1,0,0,0,"F"
1,0,3,2,"BCB1SBX","profj001","","","3/P3F","T",1,0,1,0,0,"F"
1,1,2,2,"BCB>FX","profj001","","","S7/G.1-2","T",0,1,2,0,0,"F"
1,1,0,1,"FX","chirr001","profj001","","S8/L.2-H;1-2","T",0,1,2,4,0,"F"
1,1,2,2,"FBBFX","rua-r001","chirr001","","S9/L.2-3;1-2","T",0,1,2,3,0,"F"
1,1,2,2,"B+3SFBS","deshd002","rua-r001","chirr001","K","T",1,0,1,2,3,"F"
1,2,3,2,"BFFB*B>B","deshd002","rua-r001","chirr001","W.3-H;2-3;1-2","T",0,1,2,3,4,"F"
1,2,0,0,".B","kinei001","deshd002","rua-r001","WP.3-H(NR);2-3;1-2","F",0,0,2,3,4,"F"
1,2,3,1,".B.FBBX","","kinei001","deshd002","HR/89/F.3-H;2-H","T",0,4,0,4,4,"F"
1,2,0,0,"X","","","","3/G","T",1,0,0,0,0,"F"
0,0,3,2,"CFBBBFX","","","","S5/G","T",0,1,0,0,0,"F"
0,0,3,1,"BC*BBB","martj006","","","W.1-2","T",0,1,2,0,0,"F"
0,0,1,1,"CBX","bogax001","martj006","","46(1)/FO/G.2-3","T",1,1,0,3,0,"F"
0,1,0,2,"SSS","dever001","","martj006","K","T",1,0,1,0,3,"F"
0,2,1,2,"CBCX","dever001","","martj006","64(1)/FO/G","T",1,1,0,0,3,"F"
1,0,3,0,"BBBB","","","","W","T",0,1,0,0,0,"F"
1,0,0,2,"CFS","profj001","","","K","T",1,0,1,0,0,"F"
1,1,3,1,"C*B*BBX","profj001","","","FC6/G.1-3(E6/TH)","T",0,1,3,0,0,"F"
1,1,1,2,".CBSS","chirr001","","profj001","K","T",1,0,1,0,3,"F"
1,2,1,2,"CBFFX","chirr001","","profj001","64(1)/FO/G","T",1,1,0,0,3,"F"
0,0,1,0,"BX","","","","63/G","T",1,0,0,0,0,"F"
0,1,0,0,"X","","","","4/L","T",1,0,0,0,0,"F"
0,2,1,2,"CFBX","","","","31/G-","T",1,0,0,0,0,"F"
1,0,1,1,"FBX","","","","S7/G","T",0,1,0,0,0,"F"
1,0,1,1,"BCX","choos001","","","S9/G.1X3(95)","T",1,1,0,0,0,"F"
1,1,2,0,"BBX","kinei001","","","3/G.1-2","T",1,0,2,0,0,"F"
1,2,1,2,"FSBB","","kinei001","","WP.2-3","F",0,0,0,3,0,"F"
1,2,3,2,"FSBB.BS","","","kinei001","K","T",1,0,0,0,3,"F"
0,0,1,1,".BCX","","","","63/G","T",1,0,0,0,0,"F"
0,1,3,2,"BBFBFS","","","","K","T",1,0,0,0,0,"F"
0,2,0,0,"X","","","","E4/TH/G","T",0,1,0,0,0,"F"
0,2,3,1,"BFBBX","bogax001","","","6(1)/FO/G","T",1,1,0,0,0,"F"
1,0,2,2,"CFBBS","","","","K","T",1,0,0,0,0,"F"
1,1,1,2,"CBCX","","","","E6/TH/G.B-2","T",0,2,0,0,0,"F"
1,1,0,2,"CSX","","nuner001","","D7/F+.2-H(UR)","T",0,2,0,5,0,"F"
1,1,2,2,"BBSFX","","chirr001","","13/G","T",1,0,0,2,0,"F"
1,2,0,0,"X","","chirr001","","8/L","T",1,0,0,2,0,"F"
0,0,1,0,"BX","","","","9/F","T",1,0,0,0,0,"F"
0,1,3,2,"BBCTBFB","","","","W","T",0,1,0,0,0,"F"
0,1,0,1,"CX","swihb001","","","S9/L+.1-2","T",0,1,2,0,0,"F"
0,1,2,2,"BFBSS","vazqc001","swihb001","","K","T",1,0,1,2,0,"F"
0,2,1,2,"CCBX","vazqc001","swihb001","","D7/L+.2-H;1-H","T",0,2,4,4,0,"F"
0,2,1,0,".*BX","","bettm001","","43/G+","T",1,0,0,2,0,"F"
1,0,2,0,"...BBX","","","","S9/L","T",0,1,0,0,0,"F"
1,0,0,1,"CX","choos001","","","64(1)3/GDP","T",2,0,0,0,0,"F"
1,2,3,2,"BBBCFS","","","","K","T",1,0,0,0,0,"F"
0,0,3,2,"BCBFBFX","","","","63/G","T",1,0,0,0,0,"F"
0,1,1,0,"BX","","","","43/G","T",1,0,0,0,0,"F"
0,2,2,2,"CSBFBX","","","","63/G+","T",1,0,0,0,0,"F"
0,0,1,1,"CBX","","","","8/F+","T",1,0,0,0,0,"T"
0,1,1,2,"SBCFC","","","","K","T",1,0,0,0,0,"F"
0,2,1,1,"CBX","","","","9/L+","T",1,0,0,0,0,"F"
1,0,2,2,"BFCBFX","","","","S7/L+","T",0,1,0,0,0,"F"
1,0,1,2,"FFBFFX","deshd002","","","56(1)3/GDP","T",2,0,0,0,0,"F"
1,2,1,1,"CBX","","","","7/L","T",1,0,0,0,0,"F"
0,0,2,2,"BFFBX","","","","HR/78/F","T",0,4,0,0,0,"F"
0,0,1,2,"CCBC","","","","K","T",1,0,0,0,0,"F"
0,1,0,2,"CFFS","","","","K","T",1,0,0,0,0,"F"
0,2,1,2,"CBFFFX","","","","53/G-","T",1,0,0,0,0,"F"
1,0,2,2,"FBCBFFFX","","","","D9/L+","T",0,2,0,0,0,"F"
1,0,0,0,"X","","mazan001","","43/G.2-3","T",1,0,0,3,0,"F"
1,1,1,1,"BFX","","","mazan001","53/G-","T",1,0,0,0,3,"F"
1,2,2,2,"BFFBS","","","mazan001","K","T",1,0,0,0,3,"F"
0,0,2,1,"BCBX","","","","S9/L","T",0,1,0,0,0,"F"
0,0,0,0,"1>X","bradj001","","","9/L","T",1,0,1,0,0,"F"
0,1,0,0,"1X","bradj001","","","53/G-.1-2","T",1,0,2,0,0,"F"
0,2,0,2,"FCX","","bradj001","","3/G","T",1,0,0,2,0,"F"
1,0,1,2,"CBCS","","","","K","T",1,0,0,0,0,"F"
1,1,3,2,"CBBBSS","","","","K","T",1,0,0,0,0,"F"
1,2,2,2,"BFFBX","","","","8/L","T",1,0,0,0,0,"F"
0,0,2,2,"BFBFX","","","","63/G","T",1,0,0,0,0,"F"
0,1,1,1,"BFX","","","","6/L","T",1,0,0,0,0,"F"
0,2,0,0,"X","","","","7/F","T",1,0,0,0,0,"F"
1,0,2,2,"CFBFFBS","","","","K","T",1,0,0,0,0,"F"
1,1,0,2,"CSS","","","","K","T",1,0,0,0,0,"F"
1,2,3,2,"CBBSBFX","","","","HR/8/F","T",0,4,0,0,0,"F"
1,2,0,0,"X","","","","8/F+","T",1,0,0,0,0,"F"
0,0,2,2,"SBFBX","","","","HR/9/F","T",0,4,0,0,0,"F"
0,0,0,0,"X","","","","13/G-","T",1,0,0,0,0,"F"
0,1,0,2,"CCX","","","","3/G","T",1,0,0,0,0,"F"
0,2,2,2,"CFBBFFX","","","","43/G","T",1,0,0,0,0,"F"
1,0,2,2,"CBFBX","","","","53/G","T",1,0,0,0,0,"F"
1,1,3,2,"CBFBBT","","","","K","T",1,0,0,0,0,"F"
1,2,1,0,"BX","","","","6/P","T",1,0,0,0,0,"F"
0,0,0,2,"CFFFFX","","","","HR/78/F","T",0,4,0,0,0,"F"
0,0,2,2,"BCBFFX","","","","3/G","T",1,0,0,0,0,"F"
0,1,2,2,"CFBBX","","","","63/G","T",1,0,0,0,0,"F"
0,2,0,2,"CFS","","","","K","T",1,0,0,0,0,"F"
1,0,3,2,"BCBCBFC","","","","K","T",1,0,0,0,0,"F"
1,1,0,2,"FFS","","","","K","T",1,0,0,0,0,"F"
1,2,3,0,"BBBB","","","","W","T",0,1,0,0,0,"F"
1,2,2,1,"BBFX","choos001","","","7/F","T",1,0,1,0,0,"F"
0,0,0,0,"X","","","","9/F","T",1,0,0,0,0,"F"
0,1,1,1,"BFX","","","","HR/89/L","T",0,4,0,0,0,"F"
0,1,1,0,"BX","","","","7/L","T",1,0,0,0,0,"F"
0,2,0,0,"X","","","","7/L","T",1,0,0,0,0,"F"
1,0,2,2,".BCSBX","","","","8/L","T",1,0,0,0,0,"F"
1,1,3,2,"BBFFBS","","","","K","T",1,0,0,0,0,"F"
1,2,3,1,"CBBBX","","","","9/L","T",1,0,0,0,0,"F"
0,0,3,2,".CBBCBB","","","","W","T",0,1,0,0,0,"F"
0,0,2,2,"CCB*BX","leons001","","","9/F","T",1,0,1,0,0,"F"
0,1,1,0,"*BX","leons001","","","3/P","T",1,0,1,0,0,"F"
0,2,3,2,"CBBFB>X","leons001","","","D7/L+.1-H","T",0,2,4,0,0,"F"
0,2,1,2,"FCBS","","ramih003","","K","T",1,0,0,2,0,"F"
1,0,2,2,".CBBFS","","","","K","T",1,0,0,0,0,"F"
1,1,1,2,"CFBT","","","","K","T",1,0,0,0,0,"F"
1,2,1,1,"CBX","","","","43/G","T",1,0,0,0,0,"F"
0,0,0,1,".CX","","","","13/G-","T",1,0,0,0,0,"F"
0,1,2,1,"CBBX","","","","S8/G","T",0,1,0,0,0,"F"
0,1,1,2,"CF*BS","dever001","","","K","T",1,0,1,0,0,"F"
0,2,3,2,"BSS1B*B>C","dever001","","","K","T",1,0,1,0,0,"F"
1,0,0,1,".CX","","","","S3/BG","T",0,1,0,0,0,"F"
1,0,2,2,"CSBBFFFFX","deshd002","","","7/L+","T",1,0,1,0,0,"F"
1,1,2,2,"C1CFFBBFX","deshd002","","","9/F","T",1,0,1,0,0,"F"
1,2,0,2,"CFS","deshd002","","","K","T",1,0,1,0,0,"F"
0,0,0,1,"CX","","","","7/F","T",1,0,0,0,0,"T"
0,1,1,0,"BX","","","","3/G","T",1,0,0,0,0,"F"
0,2,2,2,"BBSCS","","","","K","T",1,0,0,0,0,"F"
1,0,1,0,"BX","","","","9/F","T",1,0,0,0,0,"F"
1,1,3,2,"CBSBBC","","","","K","T",1,0,0,0,0,"F"
1,2,0,2,"CFFX","","","","13/G","T",1,0,0,0,0,"F"
0,0,0,2,"CFX","","","","9/F","T",1,0,0,0,0,"F"
0,1,1,2,"CBFX","","","","D7/L+","T",0,2,0,0,0,"F"
0,1,3,2,"B*BCFF*BB","","bogax001","","W","T",0,1,0,2,0,"F"
0,1,0,0,"X","morem001","bogax001","","E1/TH/FO/G-.2-3;1-2","T",0,1,2,3,0,"F"
0,1,2,2,"FFBBS","nunee002","morem001","bogax001","K","T",1,0,1,2,3,"F"
0,2,2,2,"CCF*BBFX","nunee002","morem001","bogax001","9/F","T",1,0,1,2,3,"F"
1,0,3,2,"CSBBFFFFBT","","","","K","T",1,0,0,0,0,"F"
1,1,2,2,"SFBBX","","","","HR/9/F","T",0,4,0,0,0,"F"
1,1,2,2,"CBBFX","","","","43/G","T",1,0,0,0,0,"F"
1,2,3,1,"BBBCB","","","","W","T",0,1,0,0,0,"F"
1,2,1,2,"FBFS","nuner001","","","K","T",1,0,1,0,0,"F"
0,0,2,1,"BBCX","","","","8/L+","T",1,0,0,0,0,"F"
0,1,0,1,"FX","","","","7/F","T",1,0,0,0,0,"F"
0,2,2,2,"CFBBX","","","","S9/G","T",0,1,0,0,0,"F"
0,2,3,2,"SB*BS1*B>F>S","ramih003","","","K","T",1,0,1,0,0,"F"
1,0,2,2,"BBSCC","","","","K","T",1,0,0,0,0,"F"
1,1,0,0,"X","","","","9/F","T",1,0,0,0,0,"F"
1,2,1,2,"BCSS","","","","K","T",1,0,0,0,0,"F"
0,0,2,2,"CSBBS","","","","K","T",1,0,0,0,0,"F"
0,1,2,2,"BBFTX","","","","31/G","T",1,0,0,0,0,"F"
0,2,0,1,"CX","","","","53/G","T",1,0,0,0,0,"F"
1,0,1,1,"CBX","","","","9/F","T",1,0,0,0,0,"F"
1,1,1,2,"BFCX","","","","5/L+","T",1,0,0,0,0,"F"
1,2,3,2,"BBCFBC","","","","K","T",1,0,0,0,0,"F"
0,0,1,1,"BSX","","","","7/F7LF","T",1,0,0,0,0,"F"
0,1,3,2,"FBBSB*B","","","","W","T",0,1,0,0,0,"F"
0,1,2,0,"BBX","vazqc001","","","E5/G.1-3;B-2","T",0,2,3,0,0,"F"
0,1,1,0,"*BX","","bettm001","vazqc001","S4/G.3-H(UR);2-2","T",0,1,0,2,5,"F"
0,1,3,2,"BCFBBX","benia002","bettm001","","14(1)3/GDP","T",2,0,0,2,0,"F"
1,0,1,2,"BCCS","","","","K","T",1,0,0,0,0,"F"
1,1,1,2,"FBSFC","","","","K","T",1,0,0,0,0,"F"
1,2,3,2,"FBBBSX","","","","S7/G","T",0,1,0,0,0,"F"
1,2,3,2,"FCBBB>F>F>F>B","chirr001","","","W.1-2","T",0,1,2,0,0,"F"
1,2,0,0,"X","rua-r001","chirr001","","HR/7/F.2-H;1-H","T",0,4,4,4,0,"F"
1,2,2,2,"CBFBS","","","","K","T",1,0,0,0,0,"F"
0,0,3,2,"SBFBBX","","","","S9/L+","T",0,1,0,0,0,"F"
0,0,1,2,"CBFS","martj006","","","K","T",1,0,1,0,0,"F"
0,1,1,1,"BSX","martj006","","","HR/89/F.1-H","T",0,4,4,0,0,"F"
0,1,1,0,"BX","","","","8/L","T",1,0,0,0,0,"F"
0,2,0,1,"CX","","","","43/G","T",1,0,0,0,0,"F"
1,0,1,0,"BX","","","","63/G+","T",1,0,0,0,0,"F"
1,1,2,2,"BBSCFS","","","","K","T",1,0,0,0,0,"F"
1,2,1,1,"SBX","","","","HR/9/F","T",0,4,0,0,0,"F"
1,2,1,0,"BX","","","","8/F","T",1,0,0,0,0,"F"
0,0,0,0,".X","","","","3/P","T",1,0,0,0,0,"F"
0,1,3,2,"CCBBBB","","","","W","T",0,1,0,0,0,"F"
0,1,1,1,".CB11X","bettm001","","","D6/P.1-H(NR)","T",0,2,4,0,0,"F"
0,1,1,2,"SCBX","","benia002","","13/G.2-3","T",1,0,0,3,0,"F"
0,2,1,0,"BX","","","benia002","S8/G+.3-H","T",0,1,0,0,4,"F"
0,2,1,2,"BCFS","martj006","","","K","T",1,0,1,0,0,"F"
1,0,0,2,".CCS","","","","K","T",1,0,0,0,0,"F"
1,1,1,2,"SBST","","","","K","T",1,0,0,0,0,"F"
1,2,3,2,"SBBCFBC","","","","K","T",1,0,0,0,0,"F"
0,0,2,2,"CSBFBX","","","","S9/G","T",0,1,0,0,0,"F"
0,0,0,1,"1LX","morem001","","","13/BG/SH.1-2","T",1,0,2,0,0,"F"
0,1,1,1,"BFX","","morem001","","FC1/G.2X3(15)","T",1,1,0,0,0,"F"
0,2,1,1,".BCX","dever001","","","143/G","T",1,0,1,0,0,"F"
1,0,2,2,"CBFFBX","","","","S9/L","T",0,1,0,0,0,"F"
1,0,1,1,"BFX","deshd002","","","D7/G.1-3","T",0,2,3,0,0,"F"
1,0,0,2,"SFX","","choos001","deshd002","63/G","T",1,0,0,2,3,"F"
1,1,3,0,"VVVV","","choos001","deshd002","IW","T",0,1,0,2,3,"F"
1,1,2,2,".BFBFS","mazan001","choos001","deshd002","K","T",1,0,1,2,3,"F"
1,2,3,2,"FBFBFF*B>F>F>F>C","mazan001","choos001","deshd002","K","T",1,0,1,2,3,"F"
0,0,2,2,".BBCCX","","","","3/P3F","T",1,0,0,0,0,"F"
0,1,2,2,"BBSCX","","","","T8/F","T",0,3,0,0,0,"F"
0,1,2,1,"SBBX","","","benia002","8/F/SF.3-H","T",1,0,0,0,4,"F"
0,2,0,0,"X","","","","3/G","T",1,0,0,0,0,"F"
1,0,0,0,"...X","","","","3/P3F","T",1,0,0,0,0,"F"
1,1,3,2,"BBBCFS","","","","K","T",1,0,0,0,0,"F"
1,2,1,2,".BCFS","","","","K","T",1,0,0,0,0,"F"
0,0,3,1,"BFBBX","","","","S9/L+","T",0,1,0,0,0,"T"
0,0,2,1,"B1B1F1X","bettm001","","","3/G.1-2","T",1,0,2,0,0,"F"
0,1,3,1,"BBF*BB","","bettm001","","W","T",0,1,0,2,0,"F"
0,1,1,1,"BCX","martj006","bettm001","","D9/L.2-H;1-3","T",0,2,3,4,0,"F"
0,1,1,0,"BX","","morem001","martj006","FC5/G.3XH(52)","T",1,1,0,2,0,"F"
0,2,0,0,"X","bogax001","morem001","","43/G","T",1,0,1,2,0,"F"
1,0,1,2,"BCFS","","","","K","T",1,0,0,0,0,"F"
1,1,1,2,"CBSS","","","","K","T",1,0,0,0,0,"F"
1,2,2,2,"CFBBFC","","","","K","T",1,0,0,0,0,"F"
0,0,0,1,"CX","","","","53/G","T",1,0,0,0,0,"F"
0,1,2,2,"FBBSC","","","","K","T",1,0,0,0,0,"F"
0,2,1,0,"BX","","","","S8/G","T",0,1,0,0,0,"F"
0,2,0,2,"CCX","leons001","","","8/L","T",1,0,1,0,0,"F"
1,0,1,0,"...BH","","","","HP","T",0,1,0,0,0,"F"
1,0,0,2,"CFFX","mazan001","","","S9/G-.1-2","T",0,1,2,0,0,"F"
1,0,1,2,"CCBS","profj001","mazan001","","K","T",1,0,1,2,0,"F"
1,1,1,2,"BSSFS","profj001","mazan001","","K","T",1,0,1,2,0,"F"
1,2,2,2,"BFBSX","profj001","mazan001","","E5/G.2-3;1-2","T",0,1,2,3,0,"F"
1,2,1,1,"CBX","guzmr001","profj001","mazan001","1/L","T",1,0,1,2,3,"F"
0,0,0,2,"FFC","","","","K","T",1,0,0,0,0,"F"
0,1,3,1,"BBBCX","","","","D7/G","T",0,2,0,0,0,"F"
0,1,1,2,"FBCX","","martj006","","53/G-","T",1,0,0,2,0,"F"
0,2,0,1,"CX","","martj006","","S7/G.2-H;B-2(TH)","T",0,2,0,4,0,"F"
0,2,1,2,"BCFFX","","bogax001","","8/F","T",1,0,0,2,0,"F"
1,0,3,2,"CBSBBX","","","","S8/G","T",0,1,0,0,0,"F"
1,0,0,2,"CCS","deshd002","","","K","T",1,0,1,0,0,"F"
1,1,2,1,"BFBN","deshd002","","","SB2","F",0,0,2,0,0,"F"
1,1,3,1,"BFBN.BB","","deshd002","","W","T",0,1,0,2,0,"F"
1,1,0,2,"FSS","kinei001","deshd002","","K","T",1,0,1,2,0,"F"
1,2,2,0,"BBX","kinei001","deshd002","","53/G","T",1,0,1,2,0,"F"
0,0,1,1,"BSX","","","","7/L+","T",1,0,0,0,0,"F"
0,1,2,1,"CBBX","","","","63/G","T",1,0,0,0,0,"F"
0,2,3,1,"CBBBB","","","","W","T",0,1,0,0,0,"F"
0,2,2,2,"CBBF1X","leons001","","","S9/L.1X3(95)","T",1,1,0,0,0,"F"
1,0,0,1,"SX","","","","S8/L-","T",0,1,0,0,0,"F"
1,0,0,0,"X","nuner001","","","16(1)3/GDP","T",2,0,0,0,0,"F"
1,2,1,2,"CSBS","","","","K","T",1,0,0,0,0,"F"
0,0,0,0,".X","","","","8/F","T",1,0,0,0,0,"F"
0,1,1,1,"BCX","","","","8/L+","T",1,0,0,0,0,"F"
0,2,0,0,"X","","","","13/G","T",1,0,0,0,0,"F"
1,0,0,2,"SFFFS","","","","K","T",1,0,0,0,0,"F"
1,1,0,2,"FFH","","","","HP","T",0,1,0,0,0,"F"
1,1,0,2,"CF>X","deshd002","","","8/F","T",1,0,1,0,0,"F"
1,2,0,1,"S>B","deshd002","","","SB2","F",0,0,2,0,0,"F"
1,2,3,2,"S>B.BSBX","","deshd002","","3/G","T",1,0,0,2,0,"F"
0,0,1,2,"CFBS","","","","K","T",1,0,0,0,0,"F"
0,1,0,2,"CFC","","","","K","T",1,0,0,0,0,"F"
0,2,2,2,"CBBCX","","","","S7/G","T",0,1,0,0,0,"F"
0,2,1,2,"*B1FSH","nunee002","","","HP.1-2","T",0,1,2,0,0,"F"
0,2,2,0,"BBX","bradj001","nunee002","","HR/89/F.2-H;1-H","T",0,4,4,4,0,"F"
0,2,1,2,"BCSX","","","","143/G","T",1,0,0,0,0,"F"
1,0,1,2,"BCCS","","","","K","T",1,0,0,0,0,"F"
1,1,0,0,"X","","","","43/G","T",1,0,0,0,0,"F"
1,2,1,2,"SCBS","","","","K","T",1,0,0,0,0,"F"
0,0,1,2,"CFBFC","","","","K","T",1,0,0,0,0,"F"
0,1,0,1,"CX","","","","HR/9/F","T",0,4,0,0,0,"F"
0,1,1,2,".BCSFX","","","","S7/G","T",0,1,0,0,0,"F"
0,1,2,2,"BFFFFFF*BFX","morem001","","","7/F+","T",1,0,1,0,0,"F"
0,2,0,1,"CX","morem001","","","3/G","T",1,0,1,0,0,"F"
1,0,3,1,"BBBCX","","","","HR/9/F","T",0,4,0,0,0,"F"
1,0,0,2,"CFS","","","","K","T",1,0,0,0,0,"F"
1,1,0,1,"CX","","","","9/F","T",1,0,0,0,0,"F"
1,2,2,0,"BBX","","","","43/G","T",1,0,0,0,0,"F"
0,0,1,1,"CBX","","","","13/G-","T",1,0,0,0,0,"F"
0,1,1,2,"SSFFBFS","","","","K","T",1,0,0,0,0,"F"
0,2,3,2,"CCBBBX","","","","3/G","T",1,0,0,0,0,"F"
1,0,1,0,".BX","","","","53/G","T",1,0,0,0,0,"F"
1,1,2,1,"BBCX","","","","63/G","T",1,0,0,0,0,"F"
1,2,1,1,"CBX","","","","63/G","T",1,0,0,0,0,"F"
0,0,0,0,".X","","","","31/G","T",1,0,0,0,0,"F"
0,1,2,0,"BBX","","","","9/F","T",1,0,0,0,0,"F"
0,2,1,2,"CBSC","","","","K","T",1,0,0,0,0,"F"
1,0,1,1,".CBX","","","","63/G","T",1,0,0,0,0,"F"
1,1,0,2,"CSX","","","","S6/G","T",0,1,0,0,0,"F"
1,1,1,2,"BFSS","nuner001","","","K","T",1,0,1,0,0,"F"
1,2,0,0,">S","nuner001","","","DI.1-2","F",0,0,2,0,0,"F"
1,2,0,1,">S.>B","","nuner001","","DI.2-3","F",0,0,0,3,0,"F"
1,2,2,2,">S.>B.SBS","","","nuner001","K","T",1,0,0,0,3,"F"
0,0,1,0,"BX","","","","8/F+","T",1,0,0,0,0,"T"
0,1,1,1,"CBX","","","","53/G","T",1,0,0,0,0,"F"
0,2,2,2,"SBFBX","","","","9/F","T",1,0,0,0,0,"F"
1,0,1,2,"BCFX","","","","8/L","T",1,0,0,0,0,"F"
1,1,2,2,"BBFFC","","","","K","T",1,0,0,0,0,"F"
1,2,0,1,"TX","","","","31/G","T",1,0,0,0,0,"F"
0,0,1,1,"FBX","","","","63/G","T",1,0,0,0,0,"F"
0,1,1,0,"BX","","","","9/F","T",1,0,0,0,0,"F"
0,2,1,1,"FBX","","","","D7/L+","T",0,2,0,0,0,"F"
0,2,1,2,"CSBX","","jonej006","","63/G","T",1,0,0,2,0,"F"
1,0,0,0,"X","","","","HR/9/F","T",0,4,0,0,0,"F"
1,0,0,2,"SFT","","","","K","T",1,0,0,0,0,"F"
1,1,1,0,"BX","","","","63/G","T",1,0,0,0,0,"F"
1,2,3,2,"FBFBBB","","","","W","T",0,1,0,0,0,"F"
1,2,0,1,"CX","guzmr001","","","4/P","T",1,0,1,0,0,"F"
0,0,1,2,"FFBX","","","","3/P","T",1,0,0,0,0,"F"
0,1,0,1,"CX","","","","9/L","T",1,0,0,0,0,"F"
0,2,1,2,"CFBFX","","","","D8/L+","T",0,2,0,0,0,"F"
0,2,3,0,"*BBBB","","martl004","","W","T",0,1,0,2,0,"F"
0,2,0,2,"SFX","candj002","martl004","","S8/L.2-H;1-3;B-2(TH)","T",0,2,3,4,0,"F"
0,2,0,1,"CX","","castn001","candj002","S8/L.3-H;2-H","T",0,1,0,4,4,"F"
0,2,0,0,"X","martv001","","","S9/L.1-2","T",0,1,2,0,0,"F"
0,2,1,2,"FBCFS","hickj001","martv001","","K","T",1,0,1,2,0,"F"
1,0,1,1,"CBX","","","","63/G","T",1,0,0,0,0,"F"
1,1,2,2,"CSFBBFS","","","","K","T",1,0,0,0,0,"F"
1,2,0,0,"X","","","","43/G","T",1,0,0,0,0,"F"
0,0,0,2,"FFFS","","","","K","T",1,0,0,0,0,"F"
0,1,1,0,"BX","","","","S7/G","T",0,1,0,0,0,"F"
0,1,3,2,"BBBCCX","iglej001","","","53/G+.1-2","T",1,0,2,0,0,"F"
0,2,3,2,"T*BSBBB","","iglej001","","W","T",0,1,0,2,0,"F"
0,2,0,0,"X","martl004","iglej001","","3/G-","T",1,0,1,2,0,"F"
1,0,0,1,"CX","","","","31/G-","T",1,0,0,0,0,"F"
1,1,3,2,"BBCFBB","","","","W","T",0,1,0,0,0,"F"
1,1,2,2,"SBSFBS","mazan001","","","K","T",1,0,1,0,0,"F"
1,2,1,1,"BFX","mazan001","","","53/G","T",1,0,1,0,0,"F"
0,0,2,2,"FBBFX","","","","D9/L","T",0,2,0,0,0,"F"
0,0,1,2,"BCFFS","","castn001","","K","T",1,0,0,2,0,"F"
0,1,0,0,"X","","castn001","","5/P","T",1,0,0,2,0,"F"
0,2,0,2,"CFS","","castn001","","K","T",1,0,0,2,0,"F"
1,0,2,2,"BBSSFFFFFS","","","","K","T",1,0,0,0,0,"F"
1,1,0,2,"CSS","","","","K","T",1,0,0,0,0,"F"
1,2,1,2,"BSFS","","","","K23","T",1,0,0,0,0,"F"
0,0,2,2,"CFBBX","","","","43/G","T",1,0,0,0,0,"F"
0,1,2,2,"BFFBX","","","","S7/L","T",0,1,0,0,0,"F"
0,1,1,2,"SBSS","iglej001","","","K","T",1,0,1,0,0,"F"
0,2,0,0,"1X","iglej001","","","HR/89/F.1-H","T",0,4,4,0,0,"F"
0,2,1,1,".BCX","","","","S8/G","T",0,1,0,0,0,"F"
0,2,0,0,"X","candj002","","","S7/L.1-2","T",0,1,2,0,0,"F"
0,2,0,0,"X","castn001","candj002","","31/G","T",1,0,1,2,0,"F"
1,0,3,0,"BBBB","","","","W","T",0,1,0,0,0,"F"
1,0,1,1,"FBX","deshd002","","","7/F","T",1,0,1,0,0,"F"
1,1,2,2,"B1BCF11X","deshd002","","","9/F","T",1,0,1,0,0,"F"
1,2,1,1,"BSX","deshd002","","","S49/G.1-3","T",0,1,3,0,0,"F"
1,2,0,0,"X","mazan001","","deshd002","D8/L+.3-H;1-3","T",0,2,3,0,4,"F"
1,2,2,2,"CBBCFX","","gallj002","mazan001","D7/G.3-H;2-H","T",0,2,0,4,4,"F"
1,2,0,0,".X","","kinei001","","S3/G+.2-H;BX2(26)","T",1,0,0,4,0,"F"
0,0,0,2,".SFS","","","","K","T",1,0,0,0,0,"F"
0,1,0,1,"FX","","","","D7/L","T",0,2,0,0,0,"F"
0,1,1,2,"F2BCT","","jonej006","","K","T",1,0,0,2,0,"F"
0,2,3,2,"B*BCFFBFFX","","jonej006","","E9/F.2-H(NR)(UR)","T",0,1,0,5,0,"F"
0,2,1,0,"BX","iglej001","","","9/F","T",1,0,1,0,0,"F"
1,0,1,2,".CFFBS","","","","K23","T",1,0,0,0,0,"F"
1,1,0,1,"SX","","","","4/P","T",1,0,0,0,0,"F"
1,2,1,0,"BX","","","","E6/G","T",0,1,0,0,0,"F"
1,2,3,2,".CBB1111SB>X","deshd002","","","S4/G.1-H(UR)","T",0,1,5,0,0,"F"
1,2,3,2,"CBB1BC>F>F>X","choos001","","","T9/L.1-H(TUR)","T",0,3,6,0,0,"F"
1,2,3,2,"CFFBBBS","","","profj001","K","T",1,0,0,0,3,"F"
0,0,2,2,".CBFFBX","","","","8/F","T",1,0,0,0,0,"F"
0,1,2,2,"CBCBFX","","","","E4/P","T",0,1,0,0,0,"F"
0,1,3,0,"BB1BB","candj002","","","W.1-2","T",0,1,2,0,0,"F"
0,1,0,1,"CX","castn001","candj002","","54(1)3/GDP","T",2,0,0,2,0,"F"
1,0,2,2,".CFBBX","","","","5/P","T",1,0,0,0,0,"F"
1,1,2,2,"CBFBX","","","","3/L","T",1,0,0,0,0,"F"
1,2,3,0,"BBBB","","","","W","T",0,1,0,0,0,"F"
1,2,0,2,"FSS","guzmr001","","","K","T",1,0,1,0,0,"F"
0,0,1,2,".BFFS","","","","K","T",1,0,0,0,0,"F"
0,1,3,2,"CBBBFC","","","","K","T",1,0,0,0,0,"F"
0,2,0,0,"X","","","","S7/L","T",0,1,0,0,0,"F"
0,2,0,1,".CX","reyev001","","","9/F","T",1,0,1,0,0,"F"
0,0,0,1,"CX","","","","8/F","T",1,0,0,0,0,"T"
0,1,0,1,"CX","","","","HR/8/F","T",0,4,0,0,0,"F"
0,1,0,0,"X","","","","S6/G","T",0,1,0,0,0,"F"
0,1,1,1,"BFX","castn001","","","HR/7/F.1-H","T",0,4,4,0,0,"F"
0,1,0,1,"CX","","","","4/P","T",1,0,0,0,0,"F"
0,2,1,2,"CBFX","","","","7/L","T",1,0,0,0,0,"F"
1,0,1,2,"CBFC","","","","K","T",1,0,0,0,0,"F"
1,1,0,0,"X","","","","S9/L+","T",0,1,0,0,0,"F"
1,1,2,2,"BC1BFX","choos001","","","3(B)6(1)/GDP","T",2,0,0,0,0,"F"
0,0,0,2,"SSFX","","","","S7/G","T",0,1,0,0,0,"F"
0,0,3,1,"BBB+1CX","goodn002","","","HR/9/F.1-H","T",0,4,4,0,0,"F"
0,0,1,1,"BFX","","","","S8/G","T",0,1,0,0,0,"F"
0,0,1,0,"BX","machd001","","","9/L","T",1,0,1,0,0,"F"
0,1,0,1,"FX","machd001","","","64(1)3/GDP","T",2,0,0,0,0,"F"
1,0,3,1,"CBBBX","","","","9/F","T",1,0,0,0,0,"F"
1,1,0,0,"X","","","","63/G","T",1,0,0,0,0,"F"
1,2,1,2,"CSBS","","","","K","T",1,0,0,0,0,"F"
0,0,0,2,"FFS","","","","K","T",1,0,0,0,0,"F"
0,1,2,2,"CBFBFX","","","","63/G","T",1,0,0,0,0,"F"
0,2,1,0,"BX","","","","3/P","T",1,0,0,0,0,"F"
1,0,1,2,"CFBX","","","","341/G","T",1,0,0,0,0,"F"
1,1,3,2,"BBCSBX","","","","S9/L+","T",0,1,0,0,0,"F"
1,1,1,0,"*BX","guzmr001","","","64(1)3/GDP","T",2,0,0,0,0,"F"
0,0,2,0,"BBX","","","","D7/L","T",0,2,0,0,0,"F"
0,0,0,0,"X","","mccaj001","","3/P3F","T",1,0,0,2,0,"F"
0,1,2,2,"CBFBX","","mccaj001","","3/L-","T",1,0,0,2,0,"F"
0,2,2,2,"CBBFX","","mccaj001","","13/G-","T",1,0,0,2,0,"F"
1,0,2,0,"BBX","","","","7/F","T",1,0,0,0,0,"F"
1,1,1,2,"CCBX","","","","3/G","T",1,0,0,0,0,"F"
1,2,0,0,"X","","","","S8/L+","T",0,1,0,0,0,"F"
1,2,3,1,"BBBCX","mazan001","","","S9/L.1-3","T",0,1,3,0,0,"F"
1,2,2,2,"FCBF*BS","belta001","","mazan001","K","T",1,0,1,0,3,"F"
0,0,0,0,"X","","","","4/P","T",1,0,0,0,0,"F"
0,1,1,1,"BCX","","","","3/P","T",1,0,0,0,0,"F"
0,2,1,0,"BX","","","","E5/TH/G","T",0,1,0,0,0,"F"
0,2,3,2,"BBBFF1>X","castn001","","","63/G-","T",1,0,1,0,0,"F"
1,0,3,2,"BCSBBX","","","","HR/9/F","T",0,4,0,0,0,"F"
1,0,0,1,"FX","","","","8/F","T",1,0,0,0,0,"F"
1,1,3,2,"BCBFBC","","","","K","T",1,0,0,0,0,"F"
1,2,2,2,"FCFFBFBS","","","","K","T",1,0,0,0,0,"F"
0,0,0,2,"FFFC","","","","K","T",1,0,0,0,0,"F"
0,1,0,2,"CSC","","","","K","T",1,0,0,0,0,"F"
0,2,1,2,"CFBX","","","","8/L","T",1,0,0,0,0,"F"
1,0,0,0,"X","","","","S9/G","T",0,1,0,0,0,"F"
1,0,0,0,"B","deshd002","","","WP.1-2","F",0,0,2,0,0,"F"
1,0,3,1,"B.BBFX","","deshd002","","9/F.2-3","T",1,0,0,3,0,"F"
1,1,3,2,".BSSBBB","","","deshd002","W","T",0,1,0,0,3,"F"
1,1,2,1,"BCBX","mazan001","","deshd002","S7/L.3-H;1-3","T",0,1,3,0,4,"F"
1,1,0,1,"SX","belta001","","mazan001","4/P3F","T",1,0,1,0,3,"F"
1,2,3,1,".BC*BBX","belta001","","mazan001","9/F","T",1,0,1,0,3,"F"
0,0,1,2,"CBCFH","","","","HP","T",0,1,0,0,0,"F"
0,0,3,2,"BBFBC>F>S","iglej001","","","K+CS2(24)/DP","T",2,0,0,0,0,"F"
0,2,3,2,"CCBBBFX","","","","8/F","T",1,0,0,0,0,"F"
1,0,1,2,"CCBC","","","","K","T",1,0,0,0,0,"F"
1,1,1,1,"BSX","","","","43/G","T",1,0,0,0,0,"F"
1,2,1,2,"CBFS","","","","K","T",1,0,0,0,0,"F"
0,0,1,1,".BCX","","","","D8/F","T",0,2,0,0,0,"F"
0,0,0,1,"FH","","candj002","","HP","T",0,1,0,2,0,"F"
0,0,1,2,"BCSFX","castn001","candj002","","25(2)/FO/G.1-2","T",1,1,2,0,0,"F"
0,1,2,1,".BSBS","reyev001","castn001","","PB.2-3;1-2","F",0,0,2,3,0,"F"
0,1,2,2,".BSBS.X","","reyev001","castn001","9/F/SF.3-H(UR);2-3","T",1,0,0,3,5,"F"
0,2,3,2,"BCLB*BB","","","reyev001","W","T",0,1,0,0,3,"F"
0,2,1,1,"CBX","mccaj001","","reyev001","64(1)/FO/G","T",1,1,0,0,3,"F"
1,0,1,2,"..BCSX","","","","S8/G","T",0,1,0,0,0,"F"
1,0,3,2,"B1BSBSX","deshd002","","","D9/G.1-H","T",0,2,4,0,0,"F"
1,0,2,0,"B*BX","","choos001","","31/G.2-3","T",1,0,0,3,0,"F"
1,1,1,2,"FBFFX","","","choos001","S9/L.3-H","T",0,1,0,0,4,"F"
1,1,2,2,".SS1*B*BS","belta001","","","K","T",1,0,1,0,0,"F"
1,2,3,2,".BFBCB>F>X","belta001","","","53/G","T",1,0,1,0,0,"F"
0,0,3,2,".BBBCFFB","","","","W","T",0,1,0,0,0,"F"
0,0,0,0,"1X","iglej001","","","S9/L-.1-3","T",0,1,3,0,0,"F"
0,0,1,2,"SSBS","machd001","","iglej001","K","T",1,0,1,0,3,"F"
0,1,3,0,"BBBB","machd001","","iglej001","W.1-2","T",0,1,2,0,3,"F"
0,1,3,2,"FBBBFFX","candj002","machd001","iglej001","63/G-.3-H;2-3;1-2","T",1,0,2,3,4,"F"
0,2,2,2,"F*BSFBX","","candj002","machd001","43/G","T",1,0,0,2,3,"F"
1,0,0,1,"CX","","","","S8/G","T",0,1,0,0,0,"F"
1,0,1,2,"CBFFC","kinei001","","","K","T",1,0,1,0,0,"F"
1,1,0,2,".CFS","kinei001","","","K","T",1,0,1,0,0,"F"
1,2,0,2,"CCS","kinei001","","","K","T",1,0,1,0,0,"F"
0,0,2,1,"BCBX","","","","53/G","T",1,0,0,0,0,"T"
0,1,1,0,"BX","","","","43/G","T",1,0,0,0,0,"F"
0,2,2,2,"CBCBX","","","","T7/L+","T",0,3,0,0,0,"F"
0,2,1,1,"TBX","","","mahtm001","9/F","T",1,0,0,0,3,"F"
1,0,3,2,"LSBBBB","","","","W","T",0,1,0,0,0,"F"
1,0,0,1,"CB","deshd002","","","WP.1-2","F",0,0,2,0,0,"F"
1,0,3,2,"CB.FBFFB>X","","deshd002","","63/G.2-3","T",1,0,0,3,0,"F"
1,1,3,2,"BSBCBB","","","deshd002","W","T",0,1,0,0,3,"F"
1,1,2,1,"BF1BX","mazan001","","deshd002","S7/L.3-H;1-2","T",0,1,2,0,4,"F"
1,1,2,2,"BBFSS","belta001","mazan001","","K","T",1,0,1,2,0,"F"
1,2,0,1,"CX","belta001","mazan001","","4/P","T",1,0,1,2,0,"F"
0,0,3,2,"CFBBBX","","","","43/G","T",1,0,0,0,0,"F"
0,1,3,2,"BCCBFFFBFC","","","","K","T",1,0,0,0,0,"F"
0,2,2,0,"BBX","","","","S5/G","T",0,1,0,0,0,"F"
0,2,1,2,"B11MCFFX","greig001","","","43/G","T",1,0,1,0,0,"F"
1,0,1,0,"BX","","","","S2/G-","T",0,1,0,0,0,"F"
1,0,1,0,"BX","nuner001","","","9/F9LF","T",1,0,1,0,0,"F"
1,1,3,1,"BBBCX","nuner001","","","64(1)3/GDP","T",2,0,0,0,0,"F"
0,0,2,2,"CBBFX","","","","HR/78/F","T",0,4,0,0,0,"F"
0,0,0,0,"X","","","","S9/G","T",0,1,0,0,0,"F"
0,0,3,2,"C111B1BBC>X","jonej006","","","D9/L.1-H","T",0,2,4,0,0,"F"
0,0,1,2,"BFFFX","","candj002","","13/G","T",1,0,0,2,0,"F"
0,1,1,2,"BFFC","","candj002","","K","T",1,0,0,2,0,"F"
0,2,2,2,"*BFFBS","","candj002","","K","T",1,0,0,2,0,"F"
1,0,3,1,"BBBCB","","","","W","T",0,1,0,0,0,"F"
1,0,2,0,"111BB>B","deshd002","","","SB2","F",0,0,2,0,0,"F"
1,0,3,2,"111BB>B.CCFX","","deshd002","","T9/L.2-H","T",0,3,0,4,0,"F"
1,0,0,0,"X","","","kinei001","53/G","T",1,0,0,0,3,"F"
1,1,1,0,"BX","","","kinei001","8/F/SF.3-H","T",1,0,0,0,4,"F"
1,2,1,2,"CBSS","","","","K","T",1,0,0,0,0,"F"
0,0,3,2,"CCBBBFFX","","","","8/F","T",1,0,0,0,0,"F"
0,1,0,2,"CFC","","","","K","T",1,0,0,0,0,"F"
0,2,2,0,"BBX","","","","7/L","T",1,0,0,0,0,"F"
1,0,0,0,"H","","","","HP","T",0,1,0,0,0,"F"
1,0,0,2,"FSH","profj001","","","HP.1-2","T",0,1,2,0,0,"F"
1,0,1,1,"BFX","nuner001","profj001","","8/L+/DP.2X2(84)","T",2,0,1,0,0,"F"
1,2,3,2,"BBBCS>S","nuner001","","","K","T",1,0,1,0,0,"F"
0,0,2,2,"BCBFX","","","","E5/TH/G.B-2","T",0,2,0,0,0,"F"
0,0,1,0,"BX","","kozmp001","","S7/G.2-3","T",0,1,0,3,0,"F"
0,0,3,2,"BBC11CB>B","jonej006","","kozmp001","W.1-2","T",0,1,2,0,3,"F"
0,0,2,1,"BC*BX","candj002","jonej006","kozmp001","9/F/SF.3-H(UR);2-3","T",1,0,1,3,5,"F"
0,1,0,1,"FX","candj002","","jonej006","54(1)3/GDP","T",2,0,0,0,3,"F"
1,0,3,2,"BBSLB*B","","","","W","T",0,1,0,0,0,"F"
1,0,1,1,"B11CX","deshd002","","","S9/G-.1-2","T",0,1,2,0,0,"F"
1,0,0,1,".CX","kinei001","deshd002","","46(1)3/GDP.2-3","T",2,0,0,3,0,"F"
1,2,3,0,"VVVV","","","deshd002","IW","T",0,1,0,0,3,"F"
1,2,3,2,"BBBCS>B","belta001","","deshd002","W.1-2","T",0,1,2,0,3,"F"
1,2,3,2,"CBFBB>X","gallj002","belta001","deshd002","9/F","T",1,0,1,2,3,"F"
0,0,2,1,".CBBX","","","","D9/L","T",0,2,0,0,0,"F"
0,0,2,2,"BBCFFX","","goodn002","","S8/G.2-H","T",0,1,0,4,0,"F"
0,0,2,2,"1BFB1SX","mccaj001","","","8/L","T",1,0,1,0,0,"F"
0,1,1,2,"CB1FC","mccaj001","","","K","T",1,0,1,0,0,"F"
0,2,0,0,"X","mccaj001","","","S7/F.1-3;B-2(TH)","T",0,2,3,0,0,"F"
0,2,3,2,".S*BBBC*B","","kozmp001","mccaj001","W","T",0,1,0,2,3,"F"
0,2,1,2,"*BSCFS","jonej006","kozmp001","mccaj001","K","T",1,0,1,2,3,"F"
1,0,1,2,"CFBS","","","","K","T",1,0,0,0,0,"F"
1,1,2,2,"BFCBFS","","","","K","T",1,0,0,0,0,"F"
1,2,0,0,"X","","","","9/F","T",1,0,0,0,0,"F"
0,0,3,2,"TBBBFS","","","","K","T",1,0,0,0,0,"F"
0,1,1,2,"SSBT","","","","K","T",1,0,0,0,0,"F"
0,2,2,2,"BBCSS","","","","K","T",1,0,0,0,0,"F"
1,0,3,1,".BBBCB","","","","W","T",0,1,0,0,0,"F"
1,0,0,0,"X","deshd002","","","53/BG/DP/SH.1X3(35)","T",2,0,0,0,0,"F"
1,2,1,1,".BCX","","","","HR/89/F+","T",0,4,0,0,0,"F"
1,2,1,2,"CCBFX","","","","63/G","T",1,0,0,0,0,"F"
0,0,3,1,".CBBBB","","","","W","T",0,1,0,0,0,"F"
0,0,3,1,".F1BB1B1>X","reyev001","","","E5/TH/G.1-2","T",0,1,2,0,0,"F"
0,0,2,0,"BBX","greig001","reyev001","","34/BG/SH.2-3;1-2","T",1,0,2,3,0,"F"
0,1,2,2,"..BBCCS","","greig001","reyev001","K","T",1,0,0,2,3,"F"
0,2,0,2,"SSS","","greig001","reyev001","K","T",1,0,0,2,3,"F"
1,0,0,2,"...SSS","","","","K","T",1,0,0,0,0,"F"
1,1,3,2,"BCBBCS","","","","K","T",1,0,0,0,0,"F"
1,2,0,2,"CCS","","","","K","T",1,0,0,0,0,"F"
0,0,2,1,"...CBBX","","","","43/G","T",1,0,0,0,0,"F"
0,1,0,0,"X","","","","8/F","T",1,0,0,0,0,"F"
0,2,3,2,"BSSBBS","","","","K","T",1,0,0,0,0,"F"
1,0,2,1,".CBBX","","","","S9/G","T",0,1,0,0,0,"F"
1,0,0,0,"X","guzmr001","","","34/BG/SH.1-2","T",1,0,2,0,0,"F"
1,1,3,1,"BF*BBX","","guzmr001","","53/G.2-3","T",1,0,0,3,0,"F"
1,2,2,2,"BCS*BX","","","guzmr001","9/F","T",1,0,0,0,3,"F"
0,0,0,0,"X","","","","D9/L+","T",0,2,0,0,0,"F"
0,0,0,2,"LFS","","goodn002","","K","T",1,0,0,2,0,"F"
0,1,1,2,"SBCFS","","goodn002","","K","T",1,0,0,2,0,"F"
0,2,0,0,"S","","goodn002","","WP.2-3","F",0,0,0,3,0,"F"
0,2,0,2,"S.FX","","","goodn002","63/G","T",1,0,0,0,3,"F"
1,0,1,0,"BX","","","","HR/9/L","T",0,4,0,0,0,"F"
0,0,2,2,"BCSFFBX","","","","D8/L","T",0,2,0,0,0,"T"
0,0,0,0,"X","","gardb001","","63/G+.2-3","T",1,0,0,3,0,"F"
0,1,3,2,"BFSF*BBFS","","","gardb001","K","T",1,0,0,0,3,"F"
0,2,0,2,"CFX","","","gardb001","8/L","T",1,0,0,0,3,"F"
1,0,0,1,"CX","","","","43/G","T",1,0,0,0,0,"F"
1,1,3,2,"BSBBCB","","","","W","T",0,1,0,0,0,"F"
1,1,2,1,"*B*BCX","choos001","","","64(1)/FO/G","T",1,1,0,0,0,"F"
1,2,0,2,"1CS>B","kinei001","","","SB2.1-3(E2/TH)","F",0,0,3,0,0,"F"
1,2,3,2,"1CS>B.*BFBB","","","kinei001","W","T",0,1,0,0,3,"F"
1,2,1,2,"*BCCX","mazan001","","kinei001","63/G","T",1,0,1,0,3,"F"
0,0,0,1,"CX","","","","S8/L","T",0,1,0,0,0,"F"
0,0,0,1,"CX","sancg002","","","5/P5F","T",1,0,1,0,0,"F"
0,1,1,0,"BX","sancg002","","","53/G.1-2","T",1,0,2,0,0,"F"
0,2,2,1,"FB*BX","","sancg002","","D7/F.2-H","T",0,2,0,4,0,"F"
0,2,0,1,"CX","","walkn001","","HR/78/F.2-H","T",0,4,0,4,0,"F"
0,2,2,0,"BBX","","","","E3/G.B-2","T",0,2,0,0,0,"F"
0,2,2,1,"BCBX","","gardb001","","53/G","T",1,0,0,2,0,"F"
1,0,2,0,"BBX","","","","HR/89/F","T",0,4,0,0,0,"F"
1,0,0,0,"X","","","","3/BG","T",1,0,0,0,0,"F"
1,1,0,2,"CSS","","","","K","T",1,0,0,0,0,"F"
1,2,0,0,"X","","","","63/G+","T",1,0,0,0,0,"F"
0,0,3,2,"CBFBBX","","","","43/G","T",1,0,0,0,0,"F"
0,1,0,2,"CFX","","","","43/G","T",1,0,0,0,0,"F"
0,2,2,1,"BBCX","","","","53/G","T",1,0,0,0,0,"F"
1,0,0,2,"CFS","","","","K","T",1,0,0,0,0,"F"
1,1,3,1,"BBCBX","","","","43/G","T",1,0,0,0,0,"F"
1,2,1,0,"BX","","","","43/G","T",1,0,0,0,0,"F"
0,0,0,1,"CX","","","","8/L","T",1,0,0,0,0,"F"
0,1,0,1,"CX","","","","63/G","T",1,0,0,0,0,"F"
0,2,2,0,"BBX","","","","HR/9/F","T",0,4,0,0,0,"F"
0,2,0,2,"CFFH","","","","HP","T",0,1,0,0,0,"F"
0,2,0,0,"X","torrg001","","","3/G-","T",1,0,1,0,0,"F"
1,0,1,0,"BX","","","","43/G","T",1,0,0,0,0,"F"
1,1,3,0,"BBBB","","","","W","T",0,1,0,0,0,"F"
1,1,2,2,"SBS1F*B*B","profj001","","","SB2","F",0,0,2,0,0,"F"
1,1,3,2,"SBS1F*B*B.FB","","profj001","","W","T",0,1,0,2,0,"F"
1,1,1,1,"*BSX","gallj002","profj001","","HR/89/F.2-H;1-H","T",0,4,4,4,0,"F"
1,1,2,2,"SBCBS","","","","K23","T",1,0,0,0,0,"F"
1,2,0,2,"SFFH","","","","HP","T",0,1,0,0,0,"F"
1,2,2,0,"BBX","guzmr001","","","13/G","T",1,0,1,0,0,"F"
0,0,1,1,"BCX","","","","HR/8/F","T",0,4,0,0,0,"F"
0,0,1,0,"BX","","","","S7/G+","T",0,1,0,0,0,"F"
0,0,1,2,"F1BSS","stanm004","","","K","T",1,0,1,0,0,"F"
0,1,2,2,"B1FCFFFBX","stanm004","","","3/P2F","T",1,0,1,0,0,"F"
0,2,3,2,"B11FBCB>F>B","stanm004","","","W.1-2","T",0,1,2,0,0,"F"
0,2,2,2,"CBBST","hicka001","stanm004","","K","T",1,0,1,2,0,"F"
1,0,1,1,"CBX","","","","S7/G-","T",0,1,0,0,0,"F"
1,0,0,0,"X","choos001","","","16(1)/FO/BG","T",1,1,0,0,0,"F"
1,1,0,1,"11CX","kinei001","","","16(1)3/GDP","T",2,0,0,0,0,"F"
0,0,1,2,"FBFC","","","","K","T",1,0,0,0,0,"F"
0,1,2,0,"BBX","","","","HR/8/F","T",0,4,0,0,0,"F"
0,1,3,1,".CBBBB","","","","W","T",0,1,0,0,0,"F"
0,1,1,1,"B1SX","gardb001","","","D7/L.1-3","T",0,2,3,0,0,"F"
0,1,1,2,"CBSX","","judga001","gardb001","9/L/SF.3-H;2-3","T",1,0,0,3,4,"F"
0,2,1,1,"SBX","","","judga001","D7/L.3-H","T",0,2,0,0,4,"F"
0,2,2,2,"BCSBC","","gregd001","","K","T",1,0,0,2,0,"F"
1,0,1,1,".CBX","","","","D7/G","T",0,2,0,0,0,"F"
1,0,3,2,"FS+2BBBX","","profj001","","8/F+.2-3","T",1,0,0,3,0,"F"
1,1,1,2,"C*BFS","","","profj001","K","T",1,0,0,0,3,"F"
1,2,1,0,"BX","","","profj001","9/F","T",1,0,0,0,3,"F"
0,0,2,2,"CCBFBX","","","","31/G","T",1,0,0,0,0,"F"
0,1,1,2,"SFBS","","","","K","T",1,0,0,0,0,"F"
0,2,3,2,"BBBCFX","","","","7/F","T",1,0,0,0,0,"F"
1,0,1,0,"BX","","","","HR/89/F","T",0,4,0,0,0,"F"
1,0,3,2,"BFBBFFFX","","","","8/L","T",1,0,0,0,0,"F"
1,1,0,1,"CX","","","","8/F","T",1,0,0,0,0,"F"
1,2,0,1,"FX","","","","6/L","T",1,0,0,0,0,"F"
0,0,1,2,".CSBX","","","","3/L","T",1,0,0,0,0,"F"
0,1,3,1,"CBBBB","","","","W","T",0,1,0,0,0,"F"
0,1,3,0,"B1BB>C","gardb001","","","SB2","F",0,0,2,0,0,"F"
0,1,3,2,"B1BB>C.CC","","gardb001","","K","T",1,0,0,2,0,"F"
0,2,3,2,"CBSBFFBX","","gardb001","","63/G","T",1,0,0,2,0,"F"
1,0,3,1,".BSBBB","","","","W","T",0,1,0,0,0,"F"
1,0,1,2,"CC*BFX","mazan001","","","3/G.1-2","T",1,0,2,0,0,"F"
1,1,0,2,"SSS","","mazan001","","K","T",1,0,0,2,0,"F"
1,2,3,2,"S*B*BBCFX","","mazan001","","43/G","T",1,0,0,2,0,"F"
0,0,0,2,"CFS","","","","K","T",1,0,0,0,0,"F"
0,1,0,2,"CSX","","","","D7/G","T",0,2,0,0,0,"F"
0,1,2,1,"BBCX","","sancg002","","HR/89/F.2-H","T",0,4,0,4,0,"F"
0,1,1,2,"FCBX","","","","43/G","T",1,0,0,0,0,"F"
0,2,0,0,"X","","","","63/G","T",1,0,0,0,0,"F"
1,0,2,2,".CBBFX","","","","7/F","T",1,0,0,0,0,"F"
1,1,1,2,"BCFS","","","","K","T",1,0,0,0,0,"F"
1,2,2,2,"CBCBX","","","","9/F","T",1,0,0,0,0,"F"
0,0,2,2,"FBFBC","","","","K","T",1,0,0,0,0,"T"
0,1,1,2,"CBSS","","","","K","T",1,0,0,0,0,"F"
0,2,2,1,"SBBX","","","","6/P","T",1,0,0,0,0,"F"
1,0,0,1,"CX","","","","53/G","T",1,0,0,0,0,"F"
1,1,2,2,"BBCCX","","","","S5/G-","T",0,1,0,0,0,"F"
1,1,3,2,"C1BC*B*B1>FF>B","kinei001","","","W.1-2","T",0,1,2,0,0,"F"
1,1,1,1,"C+2BX","mazan001","kinei001","","HR/8/L.2-H;1-H","T",0,4,4,4,0,"F"
1,1,1,2,"CCBS","","","","K","T",1,0,0,0,0,"F"
1,2,1,2,"SBCS","","","","K","T",1,0,0,0,0,"F"
0,0,0,0,"X","","","","7/F7LF","T",1,0,0,0,0,"F"
0,1,1,0,"BX","","","","7/F","T",1,0,0,0,0,"F"
0,2,1,2,"CCBS","","","","K","T",1,0,0,0,0,"F"
1,0,1,0,"BH","","","","HP","T",0,1,0,0,0,"F"
1,0,0,1,"CB","chirr001","","","WP.1-2","F",0,0,2,0,0,"F"
1,0,1,2,"CB.SX","","chirr001","","43/G.2-3","T",1,0,0,3,0,"F"
1,1,1,2,"F*BSS","","","chirr001","K+WP.3-H;B-1","T",0,1,0,0,4,"F"
1,1,3,2,"BBBCC>B","rua-r001","","","W.1-2","T",0,1,2,0,0,"F"
1,1,0,0,"B","choos001","rua-r001","","WP.2-3;1-2","F",0,0,2,3,0,"F"
1,1,3,1,"B.BBCB","","choos001","rua-r001","W","T",0,1,0,2,3,"F"
1,1,1,1,"S*BX","kinei001","choos001","rua-r001","3/G.3-H;2-3;1-2","T",1,0,2,3,4,"F"
1,2,1,1,"FBX","","kinei001","choos001","43/G","T",1,0,0,2,3,"F"
0,0,0,0,"X","","","","63/G","T",1,0,0,0,0,"F"
0,1,1,2,"CBCS","","","","K","T",1,0,0,0,0,"F"
0,2,0,0,"X","","","","HR/7/F","T",0,4,0,0,0,"F"
0,2,0,0,"X","","","","63/G","T",1,0,0,0,0,"F"
1,0,1,2,"FBFC","","","","K","T",1,0,0,0,0,"F"
1,1,3,2,"CBBFBC","","","","K","T",1,0,0,0,0,"F"
1,2,2,2,"SSBBC","","","","K","T",1,0,0,0,0,"F"
0,0,1,1,"CBH","","","","HP","T",0,1,0,0,0,"F"
0,0,1,0,"*BX","judga001","","","13/G-.1-2","T",1,0,2,0,0,"F"
0,1,3,0,"BBBB","","judga001","","W","T",0,1,0,2,0,"F"
0,1,2,0,"B*BX","sancg002","judga001","","4/P","T",1,0,1,2,0,"F"
0,2,1,2,"T*BSS","sancg002","judga001","","K","T",1,0,1,2,0,"F"
1,0,0,2,"SFFX","","","","HR/9/L","T",0,4,0,0,0,"F"
1,0,3,1,"BCBBX","","","","53/G+","T",1,0,0,0,0,"F"
1,1,1,2,"SBSX","","","","3/G","T",1,0,0,0,0,"F"
1,2,2,1,"BBCX","","","","S5/G","T",0,1,0,0,0,"F"
1,2,3,2,".B1CC*BF*B*B","kinei001","","","W.1-2","T",0,1,2,0,0,"F"
1,2,1,2,"BSFS","mazan001","kinei001","","K","T",1,0,1,2,0,"F"
0,0,1,2,"CCFFBX","","","","3/P3F","T",1,0,0,0,0,"F"
0,1,3,2,"BFSBBX","","","","5/P","T",1,0,0,0,0,"F"
0,2,2,2,"BCBCFX","","","","53/G","T",1,0,0,0,0,"F"
1,0,2,2,"BSBFFS","","","","K","T",1,0,0,0,0,"F"
1,1,3,2,"BBFBSFF*B","","","","W","T",0,1,0,0,0,"F"
1,1,2,1,"CBB11","odorr001","","","PO1(13)","F",1,0,0,0,0,"F"
1,2,3,2,"CBB11.FBC","","","","K","T",1,0,0,0,0,"F"
0,0,2,2,"BBCFX","","","","S7/L","T",0,1,0,0,0,"F"
0,0,3,2,"BSBFBFS","hicka001","","","K","T",1,0,1,0,0,"F"
0,1,0,0,"X","hicka001","","","3/P","T",1,0,1,0,0,"F"
0,2,3,2,"BC.BBC>B","hicka001","","","W.1-2","T",0,1,2,0,0,"F"
0,2,0,0,"X","sancg002","hicka001","","6/P","T",1,0,1,2,0,"F"
1,0,3,2,".BCBSBFB","","","","W","T",0,1,0,0,0,"F"
1,0,0,1,"CX","guzmr001","","","43/G-.1-2","T",1,0,2,0,0,"F"
1,1,3,1,".C*BB*BB","","guzmr001","","W","T",0,1,0,2,0,"F"
1,1,3,1,"BBBCB","choos001","guzmr001","","W.2-3;1-2","T",0,1,2,3,0,"F"
1,1,3,2,"*BC*BBSFC","kinei001","choos001","guzmr001","K","T",1,0,1,2,3,"F"
1,2,2,2,"C*BF*BS","kinei001","choos001","guzmr001","K","T",1,0,1,2,3,"F"
0,0,0,2,"CSX","","","","4/L","T",1,0,0,0,0,"F"
0,1,1,2,"SFFBX","","","","HR/7/F","T",0,4,0,0,0,"F"
0,1,1,2,"BFFC","","","","K","T",1,0,0,0,0,"F"
0,2,2,2,"CBBSX","","","","S8/L+","T",0,1,0,0,0,"F"
0,2,0,1,"FX","torrg001","","","63/G","T",1,0,1,0,0,"F"
1,0,1,0,".BX","","","","7/F","T",1,0,0,0,0,"F"
1,1,0,0,"X","","","","S8/L+","T",0,1,0,0,0,"F"
1,1,2,2,"FFFB1>FB>S","odorr001","","","K+CS2(24)/DP","T",2,0,0,0,0,"F"
0,0,2,2,"..BBCFX","","","","3/G","T",1,0,0,0,0,"F"
0,1,1,1,"CBX","","","","S8/G","T",0,1,0,0,0,"F"
0,1,3,1,"FBBBX","stanm004","","","HR/9/F.1-H","T",0,4,4,0,0,"F"
0,1,3,1,"BBBCX","","","","S9/G","T",0,1,0,0,0,"F"
0,1,3,2,"BSBC*BFS","gregd001","","","K","T",1,0,1,0,0,"F"
0,2,0,0,"X","gregd001","","","3/G-","T",1,0,1,0,0,"F"
1,0,2,2,"BBCFX","","","","S8/G","T",0,1,0,0,0,"F"
1,0,0,0,"X","guzmr001","","","23/BG/SH.1-2","T",1,0,2,0,0,"F"
1,1,2,2,"CBBFX","","guzmr001","","9/F","T",1,0,0,2,0,"F"
1,2,0,2,"CCX","","guzmr001","","7/F","T",1,0,0,2,0,"F"
0,0,2,2,".BFBFX","","","","8/F","T",1,0,0,0,0,"F"
0,1,1,2,"BFCX","","","","63/G","T",1,0,0,0,0,"F"
0,2,3,2,"BCBSBX","","","","9/L","T",1,0,0,0,0,"F"
0,0,0,0,"X","","","","5/P2F","T",1,0,0,0,0,"T"
0,1,2,1,"BCBX","","","","E6/TH/G","T",0,1,0,0,0,"F"
0,1,1,2,"CBTFX","judga001","","","HR/9/F.1-H(UR)","T",0,4,5,0,0,"F"
0,1,1,1,"BCX","","","","S46/G-","T",0,1,0,0,0,"F"
0,1,0,2,"CFX","stanm004","","","S9/G.1-2","T",0,1,2,0,0,"F"
0,1,2,2,"BBFFX","hicka001","stanm004","","7/F","T",1,0,1,2,0,"F"
0,2,2,2,"CFBBX","hicka001","stanm004","","S4/G.2-3;1-2","T",0,1,2,3,0,"F"
0,2,3,1,"*BBCBB","andum001","hicka001","stanm004","W.3-H(UR);2-3;1-2","T",0,1,2,3,5,"F"
0,2,0,1,"CX","romia002","andum001","hicka001","43/G","T",1,0,1,2,3,"F"
1,0,0,2,"CLC","","","","K","T",1,0,0,0,0,"F"
1,1,3,2,"NBCFBBB","","","","W","T",0,1,0,0,0,"F"
1,1,3,1,"BBCBX","choos001","","","6/L","T",1,0,1,0,0,"F"
1,2,0,2,"CSF*B","choos001","","","SB2","F",0,0,2,0,0,"F"
1,2,1,2,"CSF*B.X","","choos001","","8/F","T",1,0,0,2,0,"F"
0,0,3,2,"CCBBFBX","","","","43/G","T",1,0,0,0,0,"F"
0,1,3,2,"FBBBCX","","","","S7/G","T",0,1,0,0,0,"F"
0,1,0,2,"CFFX","judga001","","","E4/TH/FO/G.1-2","T",0,1,2,0,0,"F"
0,1,1,1,"CBX","gregd001","judga001","","4/P/IF","T",1,0,1,2,0,"F"
0,2,0,0,"X","gregd001","judga001","","43/G","T",1,0,1,2,0,"F"
1,0,1,1,"BCX","","","","5/P","T",1,0,0,0,0,"F"
1,1,0,2,"CCX","","","","3/G","T",1,0,0,0,0,"F"
1,2,3,1,"BCBBX","","","","63/G+","T",1,0,0,0,0,"F"
0,0,1,1,"SBX","","","","HR/8/F","T",0,4,0,0,0,"F"
0,0,1,2,"BFSFS","","","","K","T",1,0,0,0,0,"F"
0,1,0,2,"FTC","","","","K","T",1,0,0,0,0,"F"
0,2,3,2,"BBBFFX","","","","53/G","T",1,0,0,0,0,"F"
1,0,0,1,"CX","","","","3/G","T",1,0,0,0,0,"F"
1,1,0,1,"CX","","","","3/P","T",1,0,0,0,0,"F"
1,2,3,2,"BBBCCX","","","","9/L","T",1,0,0,0,0,"F"
0,0,0,1,"CX","","","","D9/L","T",0,2,0,0,0,"F"
0,0,2,1,"CBBX","","gardb001","","FC6/G.2X3(65)","T",1,1,0,0,0,"F"
0,1,0,0,"X","judga001","","","8/F","T",1,0,1,0,0,"F"
0,2,2,2,"CBBFX","judga001","","","7/F","T",1,0,1,0,0,"F"
1,0,1,0,"BX","","","","S8/G","T",0,1,0,0,0,"F"
1,0,2,2,"BCCBX","choos001","","","7/L","T",1,0,1,0,0,"F"
1,1,0,2,"CFX","choos001","","","HR/89/L.1-H","T",0,4,4,0,0,"F"
1,1,3,2,"BFBBF*B","","","","W","T",0,1,0,0,0,"F"
1,1,2,2,"BS1T>FB1X","profj001","","","8/F","T",1,0,1,0,0,"F"
1,2,3,2,"BBSS1B>F>B","profj001","","","W.1-2","T",0,1,2,0,0,"F"
1,2,1,2,"CSBFX","rua-r001","profj001","","HR/9/L.2-H;1-H","T",0,4,4,4,0,"F"
1,2,1,0,"BX","","","","63/G","T",1,0,0,0,0,"F"
0,0,0,1,"CX","","","","9/F","T",1,0,0,0,0,"F"
0,1,1,1,"CBX","","","","S8/G","T",0,1,0,0,0,"F"
0,1,2,2,"F1FBB1X","walkn001","","","D7/G+.1-3","T",0,2,3,0,0,"F"
0,1,3,2,"FBBS*BX","","andum001","walkn001","S9/G.3-H;2-3","T",0,1,0,3,4,"F"
0,1,0,2,"CSX","romia002","","andum001","HR/7/F.3-H;1-H","T",0,4,4,0,4,"F"
0,1,1,1,".CBX","","","","D8/G","T",0,2,0,0,0,"F"
0,1,0,0,"X","","gardb001","","HR/8/F.2-H","T",0,4,0,4,0,"F"
0,1,0,0,"X","","","","9/F","T",1,0,0,0,0,"F"
0,2,1,2,"CFBC","","","","K","T",1,0,0,0,0,"F"
1,0,1,1,"BFX","","","","7/F","T",1,0,0,0,0,"F"
1,1,0,1,"CX","","","","S8/L","T",0,1,0,0,0,"F"
1,1,1,2,"CSFBFX","choos001","","","T9/F.1-H","T",0,3,4,0,0,"F"
1,1,1,1,"FBX","","","kinei001","S16/G.3-H","T",0,1,0,0,4,"F"
1,1,1,0,".BX","mazan001","","","S9/G.1-3","T",0,1,3,0,0,"F"
1,1,1,2,"BFF1T","profj001","","mazan001","K","T",1,0,1,0,3,"F"
1,2,2,2,"SFFBBFF1X","profj001","","mazan001","53/G","T",1,0,1,0,3,"F"
0,0,1,2,".FSBX","","","","S7/L","T",0,1,0,0,0,"F"
0,0,2,2,"B1CFB1FX","hicka001","","","7/F","T",1,0,1,0,0,"F"
0,1,2,2,"CB11SBS","hicka001","","","K","T",1,0,1,0,0,"F"
0,2,0,2,"CS1>S","hicka001","","","K","T",1,0,1,0,0,"F"
1,0,0,0,".X","","","","S9/L","T",0,1,0,0,0,"F"
1,0,2,2,"BCB>FS","guzmr001","","","K","T",1,0,1,0,0,"F"
1,1,0,1,"C1X","guzmr001","","","S7/G.1-2","T",0,1,2,0,0,"F"
1,1,3,2,".*BBC+2C*BB","deshd002","guzmr001","","W.2-3;1-2","T",0,1,2,3,0,"F"
1,1,3,2,"BCBC*BFB","choos001","deshd002","guzmr001","W.3-H;2-3;1-2","T",0,1,2,3,4,"F"
1,1,2,2,"BCS*BS","kinei001","choos001","deshd002","K","T",1,0,1,2,3,"F"
1,2,0,0,"X","kinei001","choos001","deshd002","D8/L.3-H;2-H;1-H","T",0,2,4,4,4,"F"
1,2,0,2,"CSS","","profj001","","K","T",1,0,0,2,0,"F"
0,0,2,2,"BCBCS","","","","K","T",1,0,0,0,0,"F"
0,1,1,2,"CFBX","","","","31/G","T",1,0,0,0,0,"F"
0,2,3,2,".BCCBBX","","","","4/P","T",1,0,0,0,0,"F"
1,0,1,2,".BFCC","","","","K","T",1,0,0,0,0,"F"
1,1,0,0,"X","","","","9/F","T",1,0,0,0,0,"F"
1,2,0,2,"CTFS","","","","K","T",1,0,0,0,0,"F"
0,0,1,2,".CFBX","","","","43/G","T",1,0,0,0,0,"F"
0,1,2,2,"CBSBH","","","","HP","T",0,1,0,0,0,"F"
0,1,1,1,"C1*BB","stanm004","","","WP.1-2","F",0,0,2,0,0,"F"
0,1,2,1,"C1*BB.X","","stanm004","","7/F","T",1,0,0,2,0,"F"
0,2,1,0,"BX","","stanm004","","9/F","T",1,0,0,2,0,"F"
1,0,1,2,"FCFFBS","","","","K+WP.B-1","T",0,1,0,0,0,"F"
1,0,1,1,"B>F1","deshd002","","","PO1(E1).1-2","F",0,0,2,0,0,"F"
1,0,1,2,"B>F1.MS","","deshd002","","K","T",1,0,0,2,0,"F"
1,1,0,0,">B","","deshd002","","SB3","F",0,0,0,3,0,"F"
1,1,1,0,">B.X","","","deshd002","S9/L.3-H","T",0,1,0,0,4,"F"
1,1,0,0,">B","kinei001","","","SB2","F",0,0,2,0,0,"F"
1,1,2,2,">B.CBCX","","kinei001","","63/G.2-3","T",1,0,0,3,0,"F"
1,2,0,1,"SX","","","kinei001","43/G","T",1,0,0,0,3,"F"
0,0,2,2,".FBFBS","","","","K","T",1,0,0,0,0,"F"
0,1,1,2,".BCSC","","","","K","T",1,0,0,0,0,"F"
0,2,0,2,"SSS","","","","K","T",1,0,0,0,0,"F"
0,0,2,2,"CSBBX","","","","7/F","T",1,0,0,0,0,"T"
0,1,1,2,"CCBS","","","","K","T",1,0,0,0,0,"F"
0,2,2,2,"BSFBFX","","","","D9/L+","T",0,2,0,0,0,"F"
0,2,2,2,"CBS*BFH","","mousm001","","HP","T",0,1,0,2,0,"F"
0,2,1,2,"CS*BS","peres002","mousm001","","K","T",1,0,1,2,0,"F"
1,0,1,1,"CBX","","","","S9/G","T",0,1,0,0,0,"F"
1,0,1,1,"CB*B","deshd002","","","OA.1X2(26)","F",1,0,0,0,0,"F"
1,1,3,1,"CB*B.BB","","","","W","T",0,1,0,0,0,"F"
1,1,3,2,"BBFBF>X","choos001","","","31/G-.1-2","T",1,0,2,0,0,"F"
1,2,1,1,"CBX","","choos001","","63/G+","T",1,0,0,2,0,"F"
0,0,1,1,"SBX","","","","9/F","T",1,0,0,0,0,"F"
0,1,3,2,"BSBFBX","","","","53/G","T",1,0,0,0,0,"F"
0,2,1,0,"BX","","","","S8/L","T",0,1,0,0,0,"F"
0,2,2,2,"BFB1CX","goinr001","","","S8/G.1-H(E8)(UR);B-H(NR)(UR)","T",0,5,5,0,0,"F"
0,2,0,0,"X","","","","63/G","T",1,0,0,0,0,"F"
1,0,1,2,"CFFBX","","","","9/F","T",1,0,0,0,0,"F"
1,1,2,2,"BCBCS","","","","K","T",1,0,0,0,0,"F"
1,2,2,2,"CBBSFC","","","","K","T",1,0,0,0,0,"F"
0,0,0,0,"X","","","","7/L","T",1,0,0,0,0,"F"
0,1,1,2,"FSBFS","","","","K","T",1,0,0,0,0,"F"
0,2,0,0,"X","","","","63/G+","T",1,0,0,0,0,"F"
1,0,0,0,"X","","","","2/BP3F","T",1,0,0,0,0,"F"
1,1,3,2,"BBBCCFC","","","","K","T",1,0,0,0,0,"F"
1,2,0,1,"FX","","","","63/G","T",1,0,0,0,0,"F"
0,0,3,2,"CBBSBC","","","","K","T",1,0,0,0,0,"F"
0,1,3,1,"BBCBX","","","","8/L","T",1,0,0,0,0,"F"
0,2,2,2,"CSBFFBX","","","","63/G","T",1,0,0,0,0,"F"
1,0,1,2,"BFSX","","","","8/L","T",1,0,0,0,0,"F"
1,1,3,1,"BCBBB","","","","W","T",0,1,0,0,0,"F"
1,1,3,2,"*BBBCC>S","kinei001","","","K+CS2(26)/DP","T",2,0,0,0,0,"F"
0,0,0,1,"CX","","","","S7/L","T",0,1,0,0,0,"F"
0,0,1,2,"1S1CBX","goinr001","","","S9/L+.1-2","T",0,1,2,0,0,"F"
0,0,0,0,"X","torrr002","goinr001","","13/BG/SH.2-3;1-2","T",1,0,2,3,0,"F"
0,1,3,2,"BBCBFB","","torrr002","goinr001","W","T",0,1,0,2,3,"F"
0,1,3,2,"FBB*BFC","merrw001","torrr002","goinr001","K","T",1,0,1,2,3,"F"
0,2,0,0,"X","merrw001","torrr002","goinr001","S7/L+.3-H;2-H;1-3","T",0,1,3,4,4,"F"
0,2,2,2,"BSBSS","peres002","","merrw001","K","T",1,0,1,0,3,"F"
1,0,1,2,"BSCFX","","","","9/F","T",1,0,0,0,0,"F"
1,1,1,2,"BFFX","","","","6/P","T",1,0,0,0,0,"F"
1,2,0,0,"X","","","","4/P","T",1,0,0,0,0,"F"
0,0,2,0,"BBX","","","","9/F+","T",1,0,0,0,0,"F"
0,1,1,1,"FBX","","","","63/G","T",1,0,0,0,0,"F"
0,2,0,0,"X","","","","31/G","T",1,0,0,0,0,"F"
1,0,1,2,"CBSFFX","","","","43/G","T",1,0,0,0,0,"F"
1,1,0,0,"X","","","","8/F","T",1,0,0,0,0,"F"
1,2,0,2,"CLS","","","","K","T",1,0,0,0,0,"F"
0,0,2,2,"CSFBBX","","","","53/G","T",1,0,0,0,0,"F"
0,1,0,1,"CX","","","","S9/L","T",0,1,0,0,0,"F"
0,1,1,0,"1B>X","jay-j001","","","S1/G.1-2","T",0,1,2,0,0,"F"
0,1,0,0,".H","merrw001","jay-j001","","HP.2-3;1-2","T",0,1,2,3,0,"F"
0,1,2,2,"SSBFBX","mousm001","merrw001","jay-j001","S8/G+.3-H;2-H;1-2","T",0,1,2,4,4,"F"
0,1,0,2,"SCX","peres002","mousm001","","36(1)/FO/G.2-3","T",1,1,0,3,0,"F"
0,2,2,2,"BC*BSS","solej001","","mousm001","K","T",1,0,1,0,3,"F"
1,0,0,2,"CFX","","","","S49/L","T",0,1,0,0,0,"F"
1,0,3,2,"CBFBBFX","choos001","","","46(1)3/GDP","T",2,0,0,0,0,"F"
1,2,0,2,"CSFX","","","","7/L","T",1,0,0,0,0,"F"
0,0,1,0,"BX","","","","S9/F","T",0,1,0,0,0,"F"
0,0,1,2,"CBSX","escoa003","","","7/L","T",1,0,1,0,0,"F"
0,1,3,1,"BC*B1BB","escoa003","","","W.1-2","T",0,1,2,0,0,"F"
0,1,1,0,"BX","torrr002","escoa003","","43/G.2-3;1-2","T",1,0,2,3,0,"F"
0,2,0,1,"CX","","torrr002","escoa003","D7/G.3-H;2-H","T",0,2,0,4,4,"F"
0,2,1,0,"BX","","merrw001","","3/G+","T",1,0,0,2,0,"F"
1,0,1,1,"BSX","","","","53/G","T",1,0,0,0,0,"F"
1,1,1,2,"CBFX","","","","D9/G","T",0,2,0,0,0,"F"
1,1,3,2,"CBS*BBFX","","gallj002","","7/L","T",1,0,0,2,0,"F"
1,2,0,0,"S","","gallj002","","WP.2-3","F",0,0,0,3,0,"F"
1,2,1,2,"S.BFFFFX","","","gallj002","S7/L.3-H","T",0,1,0,0,4,"F"
1,2,1,0,".BX","odorr001","","","8/F","T",1,0,1,0,0,"F"
0,0,1,2,"..CFFBX","","","","53/G","T",1,0,0,0,0,"F"
0,1,0,1,"CX","","","","2/P2F","T",1,0,0,0,0,"F"
0,2,1,2,"FFBS","","","","K","T",1,0,0,0,0,"F"
1,0,3,2,"BCCBBB","","","","W","T",0,1,0,0,0,"F"
1,0,2,2,"CBFBFFB","deshd002","","","PB.1-2","F",0,0,2,0,0,"F"
1,0,3,2,"CBFBFFB.S","","deshd002","","K","T",1,0,0,2,0,"F"
1,1,3,2,"CBBFBX","","deshd002","","DGR/9/F.2-H(UR)","T",0,2,0,5,0,"F"
1,1,1,2,"BCFT","","kinei001","","K","T",1,0,0,2,0,"F"
1,2,3,2,"BCBBSFS","","kinei001","","K","T",1,0,0,2,0,"F"
0,0,1,1,"CBX","","","","S8/F","T",0,1,0,0,0,"T"
0,0,2,2,"CSBBFS","jay-j001","","","K","T",1,0,1,0,0,"F"
0,1,1,1,"CBX","jay-j001","","","HR/9/F.1-H","T",0,4,4,0,0,"F"
0,1,3,2,"BFBBSFFX","","","","53/G","T",1,0,0,0,0,"F"
0,2,1,1,"CBX","","","","43/G","T",1,0,0,0,0,"F"
1,0,2,2,"BCFBS","","","","K","T",1,0,0,0,0,"F"
1,1,2,1,"CBBX","","","","HR/89/L","T",0,4,0,0,0,"F"
1,1,1,0,"BX","","","","9/F","T",1,0,0,0,0,"F"
1,2,2,1,"BBFX","","","","E4/TH/G","T",0,1,0,0,0,"F"
1,2,1,2,"BFFFS","mazan001","","","K","T",1,0,1,0,0,"F"
0,0,0,0,"X","","","","5/P","T",1,0,0,0,0,"F"
0,1,1,2,"CBFS","","","","K","T",1,0,0,0,0,"F"
0,2,2,0,"BBX","","","","8/F","T",1,0,0,0,0,"F"
1,0,2,1,"BBFX","","","","5/P","T",1,0,0,0,0,"F"
1,1,2,2,"BFBFFX","","","","7/F","T",1,0,0,0,0,"F"
1,2,1,0,"BX","","","","D9/G","T",0,2,0,0,0,"F"
1,2,2,0,"*BBX","","odorr001","","3/G","T",1,0,0,2,0,"F"
0,0,2,2,"BCCBX","","","","43/G","T",1,0,0,0,0,"F"
0,1,2,2,"CCBBX","","","","63/G","T",1,0,0,0,0,"F"
0,2,1,2,"CFFBS","","","","K","T",1,0,0,0,0,"F"
1,0,0,0,"X","","","","T7/G","T",0,3,0,0,0,"F"
1,0,3,2,"CBBCFBFB","","","deshd002","W","T",0,1,0,0,3,"F"
1,0,2,0,"BBX","choos001","","deshd002","3/P","T",1,0,1,0,3,"F"
1,1,1,1,"B1SX","choos001","","deshd002","36(1)/FO/G.3-H","T",1,1,0,0,4,"F"
1,2,0,2,"FT>B","mazan001","","","SB2","F",0,0,2,0,0,"F"
1,2,3,2,"FT>B.*BBX","","mazan001","","3/P3F","T",1,0,0,2,0,"F"
0,0,3,1,"BBBCX","","","","8/F+","T",1,0,0,0,0,"F"
0,1,0,0,"X","","","","8/F","T",1,0,0,0,0,"F"
0,2,0,0,"X","","","","HR/78/F","T",0,4,0,0,0,"F"
0,2,2,2,"TFBFFBX","","","","S6/G","T",0,1,0,0,0,"F"
0,2,3,2,"FCB1BB*B","dozih001","","","W.1-2","T",0,1,2,0,0,"F"
0,2,1,2,"BCSX","escoa003","dozih001","","64(1)/FO/G","T",1,1,0,2,0,"F"
1,0,2,2,"BCBFS","","","","K","T",1,0,0,0,0,"F"
1,1,3,1,"BCBBB","","","","W","T",0,1,0,0,0,"F"
1,1,2,2,"FBBCFX","chirr001","","","4/P3F","T",1,0,1,0,0,"F"
1,2,0,0,"X","chirr001","","","HR/9/F.1-H","T",0,4,4,0,0,"F"
1,2,2,2,"BBCCX","","","","43/G","T",1,0,0,0,0,"F"
0,0,1,1,"BCX","","","","6/P","T",1,0,0,0,0,"F"
0,1,3,2,"BSCBBFX","","","","43/G","T",1,0,0,0,0,"F"
0,2,0,0,"X","","","","D8/F+","T",0,2,0,0,0,"F"
0,2,0,1,"CX","","merrw001","","9/L","T",1,0,0,2,0,"F"
1,0,2,2,"FBBFFS","","","","K","T",1,0,0,0,0,"F"
1,1,0,1,"CX","","","","S9/L","T",0,1,0,0,0,"F"
1,1,3,1,"BBBCX","kinei001","","","HR/7/F.1-H","T",0,4,4,0,0,"F"
1,1,1,2,"BFFFX","","","","D9/L.B-3(E9)","T",0,3,0,0,0,"F"
1,1,2,2,".BFFBFS","","","profj001","K","T",1,0,0,0,3,"F"
1,2,2,2,"BF*BFT","","","profj001","K","T",1,0,0,0,3,"F"
0,0,0,0,"X","","","","4/P","T",1,0,0,0,0,"F"
0,1,0,0,"X","","","","63/G","T",1,0,0,0,0,"F"
0,2,1,2,"CBFX","","","","D8/L","T",0,2,0,0,0,"F"
0,2,0,2,"CSFC","","dozih001","","K","T",1,0,0,2,0,"F"
1,0,0,0,"X","","","","S9/L","T",0,1,0,0,0,"F"
1,0,2,2,"F*BCFBX","odorr001","","","8/L","T",1,0,1,0,0,"F"
1,1,1,2,"B>FFX","odorr001","","","64(1)/FO/G","T",1,1,0,0,0,"F"
1,2,3,2,"1BSBFB>B","deshd002","","","W.1-2","T",0,1,2,0,0,"F"
1,2,1,0,"BX","choos001","deshd002","","7/F","T",1,0,1,2,0,"F"
0,0,2,2,"LCBFBX","","","","S8/G","T",0,1,0,0,0,"F"
0,0,1,1,".1CBX","almoa001","","","D9/F.1-H","T",0,2,4,0,0,"F"
0,0,2,1,"FBBX","","torrr002","","23/G-.2-3","T",1,0,0,3,0,"F"
0,1,0,1,"SX","","","torrr002","6/L","T",1,0,0,0,3,"F"
0,2,1,2,"BCFFX","","","torrr002","5/P7LF","T",1,0,0,0,3,"F"
1,0,2,1,"CBBX","","","","43/G+","T",1,0,0,0,0,"F"
1,1,2,0,"BBX","","","","53/G","T",1,0,0,0,0,"F"
1,2,3,2,"BSCBFBC","","","","K","T",1,0,0,0,0,"F"
0,0,1,1,".BFX","","","","53/G","T",1,0,0,0,0,"F"
0,1,1,1,"CBX","","","","S9/G","T",0,1,0,0,0,"F"
0,1,2,2,"B1BFSS","solej001","","","K","T",1,0,1,0,0,"F"
0,2,0,2,"F1FS","solej001","","","K","T",1,0,1,0,0,"F"
1,0,3,2,".BBFSBB","","","","W","T",0,1,0,0,0,"F"
1,0,0,1,"CX","chirr001","","","3/G.1-2","T",1,0,2,0,0,"F"
1,1,2,2,"CBFBFX","","chirr001","","T8/L.2-H","T",0,3,0,4,0,"F"
1,1,0,1,"SX","","","guzmr001","S1/BG.3-H","T",0,1,0,0,4,"F"
1,1,3,1,"1BBBCB","deshd002","","","W.1-2","T",0,1,2,0,0,"F"
1,1,0,1,"CX","choos001","deshd002","","9/F","T",1,0,1,2,0,"F"
1,2,3,2,"BCBBS>X","choos001","deshd002","","7/F","T",1,0,1,2,0,"F"
0,0,1,2,".LSBS","","","","K","T",1,0,0,0,0,"F"
0,1,0,2,"CSS","","","","K","T",1,0,0,0,0,"F"
0,2,3,1,"BBCBB","","","","W","T",0,1,0,0,0,"F"
0,2,1,2,"FCFBF>X","jay-j001","","","S7/L.1-3","T",0,1,3,0,0,"F"
0,2,1,0,".*B>B","merrw001","","jay-j001","DI.1-2","F",0,0,2,0,3,"F"
0,2,3,0,".*B>B.BB","","merrw001","jay-j001","W","T",0,1,0,2,3,"F"
0,2,3,1,"B*BCBX","mousm001","merrw001","jay-j001","8/F","T",1,0,1,2,3,"F"
0,0,1,0,"BX","","","","7/F","T",1,0,0,0,0,"T"
0,1,3,2,"BBCCBX","","","","8/L","T",1,0,0,0,0,"F"
0,2,0,0,"X","","","","7/F","T",1,0,0,0,0,"F"
1,0,0,1,"CX","","","","8/F","T",1,0,0,0,0,"F"
1,1,3,0,"BBBB","","","","W","T",0,1,0,0,0,"F"
1,1,1,2,"BCFC","choos001","","","K","T",1,0,1,0,0,"F"
1,2,3,2,"CBF1BB*B","choos001","","","W.1-2","T",0,1,2,0,0,"F"
1,2,0,0,"X","mazan001","choos001","","6/P","T",1,0,1,2,0,"F"
0,0,1,2,"CBFFX","","","","53/G","T",1,0,0,0,0,"F"
0,1,1,2,"CCFBS","","","","K","T",1,0,0,0,0,"F"
0,2,1,2,"FCFBC","","","","K","T",1,0,0,0,0,"F"
1,0,1,0,"BX","","","","6/P","T",1,0,0,0,0,"F"
1,1,0,2,"CCX","","","","43/G","T",1,0,0,0,0,"F"
1,2,3,2,"BSBBFS","","","","K","T",1,0,0,0,0,"F"
0,0,2,2,"CBBCFFX","","","","S6/G","T",0,1,0,0,0,"F"
0,0,1,2,"1CBSX","dozih001","","","63/G-.1-2","T",1,0,2,0,0,"F"
0,1,0,0,"X","","dozih001","","S7/L+.2-3","T",0,1,0,3,0,"F"
0,1,0,0,"X","escoa003","","dozih001","S9/L.3-H;1-2","T",0,1,2,0,4,"F"
0,1,1,0,"BX","jay-j001","escoa003","","D7/L.2-H;1-H","T",0,2,4,4,0,"F"
0,1,3,0,"2BBBV","","merrw001","","IW","T",0,1,0,2,0,"F"
0,1,0,0,"X","mousm001","merrw001","","7/L+","T",1,0,1,2,0,"F"
0,2,2,2,"BSSBS","mousm001","merrw001","","K","T",1,0,1,2,0,"F"
1,0,2,2,"BCFFBS","","","","K","T",1,0,0,0,0,"F"
1,1,2,2,"BSBLFFX","","","","S8/L","T",0,1,0,0,0,"F"
1,1,1,1,"BCX","deshd002","","","343/G+.1-2","T",1,0,2,0,0,"F"
1,2,0,0,"X","","deshd002","","S7/G.2-H","T",0,1,0,4,0,"F"
1,2,0,2,"FSFFB","kinei001","","","WP.1-2","F",0,0,2,0,0,"F"
1,2,2,2,"FSFFB.2BX","","kinei001","","S5/G.2XH(52615)","T",1,1,0,0,0,"F"
0,0,0,0,"X","","","","6/L","T",1,0,0,0,0,"F"
0,1,3,2,"BCBCBB","","","","W","T",0,1,0,0,0,"F"
0,1,2,2,"111FBBFFX","dozih001","","","36(1)/FO/G","T",1,1,0,0,0,"F"
0,2,1,2,"S11BS1X","goinr001","","","64(1)/FO/G","T",1,1,0,0,0,"F"
1,0,2,2,"CBFFBX","","","","T9/L+","T",0,3,0,0,0,"F"
1,0,1,0,"BX","","","profj001","D8/F+.3-H","T",0,2,0,0,4,"F"
1,0,0,0,"X","","gallj002","","13/BG/SH.2-3","T",1,0,0,3,0,"F"
1,1,3,0,"BBBV","","","gallj002","IW","T",0,1,0,0,3,"F"
1,1,0,0,"X","guzmr001","","gallj002","3/BP3F","T",1,0,1,0,3,"F"
1,2,0,0,"X","guzmr001","","gallj002","3/P3F","T",1,0,1,0,3,"F"
0,0,1,0,"BX","","","","3/G","T",1,0,0,0,0,"F"
0,1,1,0,"BX","","","","5/P5F","T",1,0,0,0,0,"F"
0,2,2,1,"CBBX","","","","5/P5F","T",1,0,0,0,0,"F"
1,0,3,2,"BBBCFFS","","","","K","T",1,0,0,0,0,"F"
1,1,3,2,"BCFFBBX","","","","1/L","T",1,0,0,0,0,"F"
1,2,3,2,"BBFBFFFFFX","","","","8/F+","T",1,0,0,0,0,"F"
0,0,1,2,"CBFX","","","","43/G","T",1,0,0,0,0,"F"
0,1,3,2,"BSBCBX","","","","9/L+","T",1,0,0,0,0,"F"
0,2,2,2,"SFBBFC","","","","K","T",1,0,0,0,0,"F"
1,0,1,1,".BFX","","","","63/G","T",1,0,0,0,0,"F"
1,1,3,2,"BCSBB*B","","","","W","T",0,1,0,0,0,"F"
1,1,2,2,"BFBCF>B","gallj002","","","SB2","F",0,0,2,0,0,"F"
1,1,3,2,"BFBCF>B.FX","","gallj002","","31/G.2-3","T",1,0,0,3,0,"F"
1,2,0,0,"X","","","gallj002","D8/L+.3-H","T",0,2,0,0,4,"F"
1,2,2,1,"BFBX","","guzmr001","","9/F","T",1,0,0,2,0,"F"
0,0,2,2,"FBBCX","","","","D8/L+","T",0,2,0,0,0,"F"
0,0,0,0,"X","","dozih001","","34/G","T",1,0,0,2,0,"F"
0,1,1,1,"FBX","","dozih001","","4/L-","T",1,0,0,2,0,"F"
0,2,1,2,"CBFX","","dozih001","","8/F","T",1,0,0,2,0,"F"
1,0,2,0,"BBX","","","","63/G","T",1,0,0,0,0,"F"
1,1,1,0,"BX","","","","43/G","T",1,0,0,0,0,"F"
1,2,3,2,"BCBBCX","","","","2/G-","T",1,0,0,0,0,"F"
0,0,3,0,".BBBB","","","","W","T",0,1,0,0,0,"F"
0,0,1,1,"11B1FX","merrw001","","","46(1)3/GDP","T",2,0,0,0,0,"F"
0,2,1,2,"CBFS","","","","K","T",1,0,0,0,0,"F"
1,0,1,2,".CBFS","","","","K","T",1,0,0,0,0,"F"
1,1,1,1,"BFX","","","","D7/L","T",0,2,0,0,0,"F"
1,1,1,2,"CSBFC","","profj001","","K","T",1,0,0,2,0,"F"
1,2,0,1,"CX","","profj001","","8/F","T",1,0,0,2,0,"F"
0,0,0,0,".X","","","","8/F","T",1,0,0,0,0,"F"
0,1,3,2,"BBSBFX","","","","S9/L+","T",0,1,0,0,0,"F"
0,1,1,1,"1BS1X","gorda001","","","8/F","T",1,0,1,0,0,"F"
0,2,1,1,"B1F>X","gorda001","","","3/G","T",1,0,1,0,0,"F"
1,0,2,2,".FSBBFX","","","","7/F","T",1,0,0,0,0,"F"
1,1,1,1,".CBX","","","","43/G","T",1,0,0,0,0,"F"
1,2,2,2,"BCBFFX","","","","13/G","T",1,0,0,0,0,"F"
0,0,2,2,"..CBBFX","","","","53/G-","T",1,0,0,0,0,"F"
0,1,0,1,"CX","","","","63/G","T",1,0,0,0,0,"F"
0,2,0,0,"X","","","","63/G","T",1,0,0,0,0,"F"
1,0,3,1,"BBCBX","","","","HR/78/F+","T",0,4,0,0,0,"F"
0,0,1,1,"BCX","","","","S8/G","T",0,1,0,0,0,"T"
0,0,0,2,"CFC","jay-j001","","","K","T",1,0,1,0,0,"F"
0,1,0,0,"X","jay-j001","","","S7/G+.1-2","T",0,1,2,0,0,"F"
0,1,2,1,"BSBX","peres002","jay-j001","","54(1)/FO/G.2-3","T",1,1,0,3,0,"F"
0,2,1,2,"CBF>B","solej001","","jay-j001","SB2","F",0,0,2,0,3,"F"
0,2,2,2,"CBF>B.X","","solej001","jay-j001","S8/G.3-H;2-H","T",0,1,0,4,4,"F"
0,2,0,0,">X","dozih001","","","3/P","T",1,0,1,0,0,"F"
1,0,0,1,"CX","","","","D7/G","T",0,2,0,0,0,"F"
1,0,3,2,"BCBBSS","","deshd002","","K","T",1,0,0,2,0,"F"
1,1,1,1,"CB>B","","deshd002","","SB3","F",0,0,0,3,0,"F"
1,1,3,2,"CB>B.C*BFX","","","deshd002","53/G","T",1,0,0,0,3,"F"
1,2,3,2,"CBBBSB","","","deshd002","W","T",0,1,0,0,3,"F"
1,2,0,2,"CF1X","mazan001","","deshd002","6(1)/FO/G","T",1,1,0,0,3,"F"
0,0,1,2,"CFBFX","","","","43/G","T",1,0,0,0,0,"F"
0,1,0,0,"X","","","","5/L-","T",1,0,0,0,0,"F"
0,2,2,1,"BFBX","","","","HR/9/L","T",0,4,0,0,0,"F"
0,2,3,2,"CBBBCFX","","","","31/G","T",1,0,0,0,0,"F"
1,0,2,2,"CBFBS","","","","K","T",1,0,0,0,0,"F"
1,1,1,0,"BX","","","","D7/L+","T",0,2,0,0,0,"F"
1,1,2,2,"TC*B*BS","","odorr001","","K","T",1,0,0,2,0,"F"
1,2,3,2,"CBBBFX","","odorr001","","8/F","T",1,0,0,2,0,"F"
0,0,1,1,"FBX","","","","S7/L+","T",0,1,0,0,0,"F"
0,0,0,0,"X","merrw001","","","HR/78/F+.1-H","T",0,4,4,0,0,"F"
0,0,1,1,"BFX","","","","53/G","T",1,0,0,0,0,"F"
0,1,2,0,"BBX","","","","63/G","T",1,0,0,0,0,"F"
0,2,0,1,"CX","","","","3/P9LF","T",1,0,0,0,0,"F"
1,0,3,2,"BBBCFS","","","","K","T",1,0,0,0,0,"F"
1,1,0,1,"SX","","","","D9/L+","T",0,2,0,0,0,"F"
1,1,3,2,"BBSF*BC","","choos001","","K","T",1,0,0,2,0,"F"
1,2,2,2,"CFBBS","","choos001","","K","T",1,0,0,2,0,"F"
0,0,3,2,"BTCBBB","","","","W","T",0,1,0,0,0,"F"
0,0,0,2,"CFX","gorda001","","","54(1)3/GDP","T",2,0,0,0,0,"F"
0,2,0,1,"CX","","","","7/F","T",1,0,0,0,0,"F"
1,0,3,2,"BCBBCFFX","","","","5/P5F","T",1,0,0,0,0,"F"
1,1,0,2,"FSX","","","","6/P","T",1,0,0,0,0,"F"
1,2,1,2,"BFCC","","","","K","T",1,0,0,0,0,"F"
0,0,1,1,"CBX","","","","S9/G","T",0,1,0,0,0,"F"
0,0,0,0,"X","jay-j001","","","7/L","T",1,0,1,0,0,"F"
0,1,1,1,"BFX","jay-j001","","","7/L+","T",1,0,1,0,0,"F"
0,2,3,2,"F*BBBS>F>S","jay-j001","","","K","T",1,0,1,0,0,"F"
1,0,0,2,"CSC","","","","K","T",1,0,0,0,0,"F"
1,1,3,2,"BCFFBBS","","","","K","T",1,0,0,0,0,"F"
1,2,1,2,"BCCS","","","","K","T",1,0,0,0,0,"F"
0,0,1,0,"BX","","","","23/G-","T",1,0,0,0,0,"F"
0,1,1,2,"BCFX","","","","8/L+","T",1,0,0,0,0,"F"
0,2,2,0,"BBX","","","","S9/G+","T",0,1,0,0,0,"F"
0,2,1,0,"BX","gorda001","","","63/G","T",1,0,1,0,0,"F"
1,0,3,2,"BFBCBB","","","","W","T",0,1,0,0,0,"F"
1,0,0,2,"CF1FF1X","choos001","","","9/F","T",1,0,1,0,0,"F"
1,1,0,0,"X","choos001","","","S9/G+.1-3","T",0,1,3,0,0,"F"
1,1,0,1,".CX","mazan001","","choos001","6(1)3/GDP","T",2,0,0,0,3,"F"
0,0,0,0,"X","","","","53/G","T",1,0,0,0,0,"F"
0,1,3,2,"BSFBB*B","","","","W","T",0,1,0,0,0,"F"
0,1,0,0,"1","jay-j001","","","SB2","F",0,0,2,0,0,"F"
0,1,3,2,"1.BSSBBB","","jay-j001","","W","T",0,1,0,2,0,"F"
0,1,0,1,".FX","merrw001","jay-j001","","3/P3F","T",1,0,1,2,0,"F"
0,2,2,2,"SS*BBX","merrw001","jay-j001","","3/G-","T",1,0,1,2,0,"F"
1,0,2,2,".BFFBX","","","","HR/9/F","T",0,4,0,0,0,"F"
1,0,1,0,"BX","","","","S7/G","T",0,1,0,0,0,"F"
1,0,0,0,"X","odorr001","","","HR/8/F+.1-H","T",0,4,4,0,0,"F"
1,0,1,1,"BSX","","","","1/L-","T",1,0,0,0,0,"F"
1,1,0,0,".X","","","","23/BG","T",1,0,0,0,0,"F"
1,2,2,0,"BBX","","","","1/G-","T",1,0,0,0,0,"F"
0,0,2,2,"FFFBFFBX","","","","S8/L","T",0,1,0,0,0,"F"
0,0,0,1,">FX","dozih001","","","2/BP2F","T",1,0,1,0,0,"F"
0,1,1,2,".CS*BFFX","dozih001","","","46(1)3/GDP","T",2,0,0,0,0,"F"
1,0,2,1,".BBCX","","","","S8/G","T",0,1,0,0,0,"F"
1,0,1,2,"BFFB","kinei001","","","WP.1-2","F",0,0,2,0,0,"F"
1,0,3,2,"BFFB.BX","","kinei001","","9/F","T",1,0,0,2,0,"F"
1,1,0,0,"B","","kinei001","","WP.2-3","F",0,0,0,3,0,"F"
1,1,3,2,"B.BFFBFFB","","","kinei001","W","T",0,1,0,0,3,"F"
1,1,3,2,"BBBSF1FFS","profj001","","kinei001","K","T",1,0,1,0,3,"F"
1,2,1,2,"SBFX","profj001","","kinei001","5/P","T",1,0,1,0,3,"F"
0,0,3,2,".CBCBBX","","","","43/G","T",1,0,0,0,0,"F"
0,1,1,1,"CBX","","","","7/F","T",1,0,0,0,0,"F"
0,2,0,0,"X","","","","41/G","T",1,0,0,0,0,"F"
1,0,2,2,".CSBBX","","","","S7/L","T",0,1,0,0,0,"F"
1,0,0,1,"FX","chirr001","","","7/F","T",1,0,1,0,0,"F"
1,1,0,2,"CCFX","chirr001","","","54(1)3/GDP","T",2,0,0,0,0,"F"
0,0,0,1,"CX","","","","8/F","T",1,0,0,0,0,"T"
0,1,2,2,"BSBFX","","","","9/F","T",1,0,0,0,0,"F"
0,2,1,2,"CFFBX","","","","D7/L","T",0,2,0,0,0,"F"
0,2,1,0,"BX","","lowrj001","","D7/L+.2-H","T",0,2,0,4,0,"F"
0,2,2,2,"SB*BSX","","davik003","","S7/G.2-H","T",0,1,0,4,0,"F"
0,2,0,0,"X","olsom001","","","7/L","T",1,0,1,0,0,"F"
1,0,3,1,"CBBBB","","","","W","T",0,1,0,0,0,"F"
1,0,3,1,"*BB1BCB","choos001","","","W.1-2","T",0,1,2,0,0,"F"
1,0,0,1,"CX","kinei001","choos001","","7/F.2-3","T",1,0,1,3,0,"F"
1,1,1,2,"BCF1S","kinei001","","choos001","K","T",1,0,1,0,3,"F"
1,2,2,0,"BBX","kinei001","","choos001","64(1)/FO/G","T",1,1,0,0,3,"F"
0,0,0,2,"FFX","","","","S56/G","T",0,1,0,0,0,"F"
0,0,2,2,"*BFBFX","canhm001","","","8/F+","T",1,0,1,0,0,"F"
0,1,1,1,"BFX","canhm001","","","8/F","T",1,0,1,0,0,"F"
0,2,0,0,"X","canhm001","","","13/G","T",1,0,1,0,0,"F"
1,0,3,1,"BBCBX","","","","63/G","T",1,0,0,0,0,"F"
1,1,1,2,"CBSC","","","","K","T",1,0,0,0,0,"F"
1,2,0,0,"X","","","","S5/BG","T",0,1,0,0,0,"F"
1,2,3,1,"BB1BCB","odorr001","","","W.1-2","T",0,1,2,0,0,"F"
1,2,2,0,"BBX","deshd002","odorr001","","8/L","T",1,0,1,2,0,"F"
0,0,2,2,"BFBFX","","","","43/G","T",1,0,0,0,0,"F"
0,1,0,0,"X","","","","9/F","T",1,0,0,0,0,"F"
0,2,3,0,"BBB*B","","","","W","T",0,1,0,0,0,"F"
0,2,0,2,"CFS","davik003","","","K","T",1,0,1,0,0,"F"
1,0,0,2,"CFFFX","","","","43/G","T",1,0,0,0,0,"F"
1,1,1,2,"CBFX","","","","6/P","T",1,0,0,0,0,"F"
1,2,1,1,"BCX","","","","63/G","T",1,0,0,0,0,"F"
0,0,1,0,"BX","","","","3/P","T",1,0,0,0,0,"F"
0,1,0,0,"X","","","","43/G-","T",1,0,0,0,0,"F"
0,2,2,2,"BBFSFFFX","","","","S5/G-","T",0,1,0,0,0,"F"
0,2,2,2,"CFBFFBX","piscs001","","","S7/L.1-3","T",0,1,3,0,0,"F"
0,2,3,2,"SBC*B*B+1>F>X","lucrj001","","piscs001","4/P","T",1,0,1,0,3,"F"
1,0,3,2,"BBBCFX","","","","43/G","T",1,0,0,0,0,"F"
1,1,1,0,"BX","","","","9/L+","T",1,0,0,0,0,"F"
1,2,1,1,"FBX","","","","HR/7/F","T",0,4,0,0,0,"F"
1,2,2,2,"BCBFX","","","","S3/G","T",0,1,0,0,0,"F"
1,2,2,0,"BBX","odorr001","","","8/F","T",1,0,1,0,0,"F"
0,0,0,0,"X","","","","63/G","T",1,0,0,0,0,"F"
0,1,0,2,"CCX","","","","53/G+","T",1,0,0,0,0,"F"
0,2,1,0,"BX","","","","HR/78/F","T",0,4,0,0,0,"F"
0,2,1,1,"BFX","","","","S56/G","T",0,1,0,0,0,"F"
0,2,0,1,"FX","olsom001","","","4/P","T",1,0,1,0,0,"F"
1,0,3,2,"BBBCCX","","","","5/L","T",1,0,0,0,0,"F"
1,1,1,1,"CBX","","","","9/F","T",1,0,0,0,0,"F"
1,2,1,0,"BX","","","","43/G","T",1,0,0,0,0,"F"
0,0,2,1,"BCBX","","","","8/F","T",1,0,0,0,0,"F"
0,1,2,2,"FBFFFBS","","","","K","T",1,0,0,0,0,"F"
0,2,3,1,"BBCBB","","","","W","T",0,1,0,0,0,"F"
0,2,0,0,"X","lucrj001","","","64(1)/FO/G","T",1,1,0,0,0,"F"
1,0,0,0,"X","","","","8/L","T",1,0,0,0,0,"F"
1,1,1,1,"CBX","","","","HR/8/F","T",0,4,0,0,0,"F"
1,1,3,2,"SBFBBF*B","","","","W","T",0,1,0,0,0,"F"
1,1,2,1,".FBB>S","gallj002","","","CS2(24)","F",1,0,0,0,0,"F"
1,2,2,2,".FBB>S.FX","","","","53/G","T",1,0,0,0,0,"F"
0,0,1,1,".BFX","","","","D9/F","T",0,2,0,0,0,"F"
0,0,0,1,"CX","","pindc001","","8/L+.2-3","T",1,0,0,3,0,"F"
0,1,3,0,"VVVV","","","pindc001","IW","T",0,1,0,0,3,"F"
0,1,2,0,"BBX","davik003","","pindc001","S9/G.3-H;1-2","T",0,1,2,0,4,"F"
0,1,0,0,".H","olsom001","davik003","","HP.2-3;1-2","T",0,1,2,3,0,"F"
0,1,1,0,"BX","chapm001","olsom001","davik003","52(3)/FO/G.2-3;1-2","T",1,1,2,3,0,"F"
0,2,1,2,".CBFFS","canhm001","chapm001","olsom001","K","T",1,0,1,2,3,"F"
1,0,2,2,"....BCFBS","","","","K","T",1,0,0,0,0,"F"
1,1,0,0,"X","","","","S5/BP","T",0,1,0,0,0,"F"
1,1,2,1,"B1C1BX","deshd002","","","HR/78/F.1-H","T",0,4,4,0,0,"F"
1,1,2,1,"BBCX","","","","8/F","T",1,0,0,0,0,"F"
1,2,2,2,"SCBBX","","","","63/G","T",1,0,0,0,0,"F"
0,0,1,2,".CBCX","","","","53/G-","T",1,0,0,0,0,"F"
0,1,2,2,"BFFFBX","","","","53/G","T",1,0,0,0,0,"F"
0,2,1,1,"SBX","","","","8/F","T",1,0,0,0,0,"F"
1,0,1,1,".CBX","","","","HR/78/F","T",0,4,0,0,0,"F"
1,0,3,0,"BBBB","","","","W","T",0,1,0,0,0,"F"
1,0,1,0,"1BX","profj001","","","HR/9/L+.1-H","T",0,4,4,0,0,"F"
1,0,1,2,"CFBS","","","","K","T",1,0,0,0,0,"F"
1,1,3,2,".FFBBBB","","","","W","T",0,1,0,0,0,"F"
1,1,0,0,"X","odorr001","","","4/P","T",1,0,1,0,0,"F"
1,2,1,2,"CF1BFS","odorr001","","","K","T",1,0,1,0,0,"F"
0,0,3,2,"...CSFFBBBFS","","","","K","T",1,0,0,0,0,"F"
0,1,2,2,"FBBCS","","","","K","T",1,0,0,0,0,"F"
0,2,1,2,"BCCFFFC","","","","K","T",1,0,0,0,0,"F"
0,0,3,2,"CBBBCX","","","","3/G+","T",1,0,0,0,0,"T"
0,1,3,2,"CBBBFFX","","","","4/L","T",1,0,0,0,0,"F"
0,2,2,2,"CBFFFBX","","","","D7/L","T",0,2,0,0,0,"F"
0,2,3,2,"FBFB*BC","","lowrj001","","K","T",1,0,0,2,0,"F"
1,0,3,2,"CBBBCB","","","","W","T",0,1,0,0,0,"F"
1,0,0,1,"C1X","choos001","","","36(1)3/GDP","T",2,0,0,0,0,"F"
1,2,1,1,"FBX","","","","D8/L+","T",0,2,0,0,0,"F"
1,2,1,0,"BX","","mazan001","","HR/89/F.2-H","T",0,4,0,4,0,"F"
1,2,1,2,"FBCX","","","","HR/89/F","T",0,4,0,0,0,"F"
1,2,0,2,"CFX","","","","7/F","T",1,0,0,0,0,"F"
0,0,1,0,"BX","","","","8/F","T",1,0,0,0,0,"F"
0,1,3,1,"BBFBB","","","","W","T",0,1,0,0,0,"F"
0,1,1,0,"B1X","chapm001","","","2/P2F","T",1,0,1,0,0,"F"
0,2,0,2,"1C1FX","chapm001","","","43/G","T",1,0,1,0,0,"F"
1,0,3,2,"BBBCCB","","","","W","T",0,1,0,0,0,"F"
1,0,1,1,"CBX","chirr001","","","8/F","T",1,0,1,0,0,"F"
1,1,3,2,"BC*B1CB>X","chirr001","","","53/G.1-2","T",1,0,2,0,0,"F"
1,2,2,2,"CFBF*BFS","","chirr001","","K","T",1,0,0,2,0,"F"
0,0,3,2,"BFFBBX","","","","53/G","T",1,0,0,0,0,"F"
0,1,0,0,"X","","","","S8/L+","T",0,1,0,0,0,"F"
0,1,0,1,"F11","fowld002","","","PO1(E1).1-2","F",0,0,2,0,0,"F"
0,1,3,1,"F11.BBB+2X","","fowld002","","53/G+","T",1,0,0,2,0,"F"
0,2,3,2,"BFF*BBB","","fowld002","","W","T",0,1,0,2,0,"F"
0,2,0,0,"X","lowrj001","fowld002","","8/F+","T",1,0,1,2,0,"F"
1,0,0,1,"CX","","","","13/G","T",1,0,0,0,0,"F"
1,1,3,2,"BFBCBFFX","","","","6/P","T",1,0,0,0,0,"F"
1,2,0,0,"X","","","","HR/89/L","T",0,4,0,0,0,"F"
1,2,3,2,"FBBCBT","","","","K","T",1,0,0,0,0,"F"
0,0,1,1,"BFX","","","","43/G","T",1,0,0,0,0,"F"
0,1,1,2,"CFBX","","","","9/L","T",1,0,0,0,0,"F"
0,2,2,1,"BBCX","","","","S56/G.B-2(E6/TH)","T",0,2,0,0,0,"F"
0,2,3,2,"BCBBFX","","lucrj001","","S6/G.2-3","T",0,1,0,3,0,"F"
0,2,0,2,"FCX","canhm001","","lucrj001","8/F","T",1,0,1,0,3,"F"
1,0,2,2,"CFBFBX","","","","3/G","T",1,0,0,0,0,"F"
1,1,3,0,"BBBB","","","","W","T",0,1,0,0,0,"F"
1,1,1,1,"BCX","chirr001","","","HR/9/F.1-H","T",0,4,4,0,0,"F"
1,1,1,2,"BFCX","","","","53/G","T",1,0,0,0,0,"F"
1,2,1,2,"BCFT","","","","K","T",1,0,0,0,0,"F"
0,0,1,1,"BCX","","","","53/G-","T",1,0,0,0,0,"F"
0,1,2,2,"CFBBX","","","","43/G","T",1,0,0,0,0,"F"
0,2,1,2,"FSFBX","","","","D9/L","T",0,2,0,0,0,"F"
0,2,1,0,"BX","","lowrj001","","HR/8/F.2-H","T",0,4,0,4,0,"F"
0,2,3,1,"BBBCX","","","","9/F+","T",1,0,0,0,0,"F"
1,0,2,2,".CFBBX","","","","S15/G+","T",0,1,0,0,0,"F"
1,0,3,2,"SBF1BFBX","kinei001","","","6(1)3/GDP","T",2,0,0,0,0,"F"
1,2,2,2,"CBSBFFX","","","","53/G","T",1,0,0,0,0,"F"
0,0,1,2,".SFBX","","","","53/G","T",1,0,0,0,0,"F"
0,1,3,2,"CBSBBFX","","","","9/F","T",1,0,0,0,0,"F"
0,2,2,1,"SBBX","","","","S9/L","T",0,1,0,0,0,"F"
0,2,1,1,".BFX","canhm001","","","31/G","T",1,0,1,0,0,"F"
1,0,2,2,"..BCFBX","","","","6/L","T",1,0,0,0,0,"F"
1,1,0,0,"X","","","","8/L","T",1,0,0,0,0,"F"
1,2,1,2,"FBCS","","","","K23","T",1,0,0,0,0,"F"
0,0,1,1,".CBX","","","","8/F","T",1,0,0,0,0,"F"
0,1,3,2,"CBFBBX","","","","13/G","T",1,0,0,0,0,"F"
0,2,0,0,"X","","","","63/G","T",1,0,0,0,0,"F"
1,0,0,0,"X","","","","8/L","T",1,0,0,0,0,"F"
1,1,3,2,"BCFBBB","","","","W","T",0,1,0,0,0,"F"
1,1,2,0,"1BB1>X","deshd002","","","7/F","T",1,0,1,0,0,"F"
1,2,1,1,"PC>B","deshd002","","","SB2","F",0,0,2,0,0,"F"
1,2,3,1,"PC>B.B>B","","deshd002","","W+SB3","T",0,1,0,3,0,"F"
1,2,3,1,"BBS1B>S","kinei001","","deshd002","SB2","F",0,0,2,0,3,"F"
1,2,3,2,"BBS1B>S.B","","kinei001","deshd002","W","T",0,1,0,2,3,"F"
1,2,1,1,".BCX","mazan001","kinei001","deshd002","S7/F.3-H;2-H;1-3","T",0,1,3,4,4,"F"
1,2,3,2,"SS*BBB>F>S","profj001","","mazan001","K","T",1,0,1,0,3,"F"
0,0,3,2,"CBFBBX","","","","S8/G","T",0,1,0,0,0,"F"
0,0,0,0,"X","davik003","","","S7/L+.1-2","T",0,1,2,0,0,"F"
0,0,1,2,".S*BCFC","olsom001","davik003","","K","T",1,0,1,2,0,"F"
0,1,2,2,"BCSFBFS","olsom001","davik003","","K","T",1,0,1,2,0,"F"
0,2,2,1,"CBBX","olsom001","davik003","","S9/F.2XH(92);1-2","T",1,1,2,0,0,"F"
1,0,2,2,"SBFBFX","","","","53/G","T",1,0,0,0,0,"F"
1,1,1,2,"SBFFS","","","","K","T",1,0,0,0,0,"F"
1,2,1,2,"CBFC","","","","K","T",1,0,0,0,0,"F"
0,0,3,2,".CBBCBX","","","","7/F","T",1,0,0,0,0,"F"
0,1,1,0,"BX","","","","S9/G+","T",0,1,0,0,0,"F"
0,1,0,1,"CX","fowld002","","","64(1)3/GDP","T",2,0,0,0,0,"F"
0,0,3,2,"CBBBS*B","","","","W","T",0,1,0,0,0,"T"
0,0,1,2,"CBFX","sprig001","","","2/P2F","T",1,0,1,0,0,"F"
0,1,0,0,"X","sprig001","","","64(1)3/GDP","T",2,0,0,0,0,"F"
1,0,3,2,"CBFBBFFB","","","","W","T",0,1,0,0,0,"F"
1,0,0,0,"X","choos001","","","S9/G.1-3","T",0,1,3,0,0,"F"
1,0,0,2,"TFC","profj001","","choos001","K","T",1,0,1,0,3,"F"
1,1,0,2,"CSX","profj001","","choos001","S89/F.3-H;1-2","T",0,1,2,0,4,"F"
1,1,2,2,"SBSFBC","belta001","profj001","","K","T",1,0,1,2,0,"F"
1,2,1,2,"BCSFS","belta001","profj001","","K","T",1,0,1,2,0,"F"
0,0,2,2,"BCSBX","","","","4/P","T",1,0,0,0,0,"F"
0,1,1,2,"BCSX","","","","8/L","T",1,0,0,0,0,"F"
0,2,1,0,"BX","","","","53/G","T",1,0,0,0,0,"F"
1,0,1,0,"BX","","","","4/P","T",1,0,0,0,0,"F"
1,1,2,2,"BFCBFFX","","","","8/F","T",1,0,0,0,0,"F"
1,2,0,2,"FCX","","","","8/F","T",1,0,0,0,0,"F"
0,0,3,2,"BBSBCFB","","","","W","T",0,1,0,0,0,"F"
0,0,0,0,"X","stasm001","","","36(1)3/GDP","T",2,0,0,0,0,"F"
0,2,3,2,"FBBSBC","","","","K","T",1,0,0,0,0,"F"
1,0,1,1,"BCX","","","","S8/G","T",0,1,0,0,0,"F"
1,0,0,2,"FCX","choos001","","","5/P","T",1,0,1,0,0,"F"
1,1,3,1,"BBBCB","choos001","","","W.1-2","T",0,1,2,0,0,"F"
1,1,2,2,"CBBCC","mazan001","choos001","","K","T",1,0,1,2,0,"F"
1,2,0,2,"FCS","mazan001","choos001","","K","T",1,0,1,2,0,"F"
0,0,1,1,"CBX","","","","9/F","T",1,0,0,0,0,"F"
0,1,3,2,"BBBCSFX","","","","D7/L","T",0,2,0,0,0,"F"
0,1,1,2,"BCFX","","brega001","","S7/L+.2-H","T",0,1,0,4,0,"F"
0,1,1,0,"BX","altuj001","","","8/F","T",1,0,1,0,0,"F"
0,2,0,1,"SX","altuj001","","","HR/7/F.1-H","T",0,4,4,0,0,"F"
0,2,0,1,"CX","","","","S8/L+","T",0,1,0,0,0,"F"
0,2,1,2,"FBCX","gonzm002","","","53/G","T",1,0,1,0,0,"F"
1,0,2,2,"CCBBX","","","","63/G+","T",1,0,0,0,0,"F"
1,1,1,1,"LBX","","","","4/P","T",1,0,0,0,0,"F"
1,2,3,1,"BFBBB","","","","W","T",0,1,0,0,0,"F"
1,2,0,0,"X","guzmr001","","","54(1)/FO/G","T",1,1,0,0,0,"F"
0,0,0,0,"X","","","","3/BP3F","T",1,0,0,0,0,"F"
0,1,1,2,"CBCX","","","","9/F","T",1,0,0,0,0,"F"
0,2,0,0,"X","","","","53/G","T",1,0,0,0,0,"F"
1,0,1,2,"BCSC","","","","K","T",1,0,0,0,0,"F"
1,1,1,2,"BFSX","","","","63/G","T",1,0,0,0,0,"F"
1,2,1,2,"BCFFFS","","","","K","T",1,0,0,0,0,"F"
0,0,0,2,"SFFX","","","","7/L+","T",1,0,0,0,0,"F"
0,1,0,1,"CX","","","","S5/BG","T",0,1,0,0,0,"F"
0,1,0,0,">B","altuj001","","","SB2","F",0,0,2,0,0,"F"
0,1,3,2,">B.BCSBS","","altuj001","","K","T",1,0,0,2,0,"F"
0,2,0,0,"X","","altuj001","","S8/L.2-H","T",0,1,0,4,0,"F"
0,2,2,0,"*BBX","gatte001","","","9/L","T",1,0,1,0,0,"F"
1,0,2,2,"CBFFFBX","","","","8/F","T",1,0,0,0,0,"F"
1,1,2,2,"BBFCFS","","","","K","T",1,0,0,0,0,"F"
1,2,2,1,"BBSX","","","","7/L+","T",1,0,0,0,0,"F"
0,0,3,2,"BBFBCC","","","","K","T",1,0,0,0,0,"F"
0,1,1,1,"CBX","","","","8/L","T",1,0,0,0,0,"F"
0,2,1,2,"BCSC","","","","K","T",1,0,0,0,0,"F"
1,0,0,1,".CX","","","","S5/BG","T",0,1,0,0,0,"F"
1,0,1,1,"F*B>C","odorr001","","","CS2(26)","F",1,0,0,0,0,"F"
1,1,1,2,"F*B>C.S","","","","K","T",1,0,0,0,0,"F"
1,2,3,2,"CBBCFBX","","","","S8/L-","T",0,1,0,0,0,"F"
1,2,0,0,"X","perec003","","","S9/G.1-2","T",0,1,2,0,0,"F"
1,2,0,1,".CX","choos001","perec003","","9/L","T",1,0,1,2,0,"F"
0,0,2,2,"CSBBFFS","","","","K","T",1,0,0,0,0,"F"
0,1,0,1,"CX","","","","HR/7/F","T",0,4,0,0,0,"F"
0,1,3,1,".CBBBX","","","","S9/L","T",0,1,0,0,0,"F"
0,1,1,1,"BS1X","altuj001","","","53/G.1-2","T",1,0,2,0,0,"F"
0,2,1,2,"BCSX","","altuj001","","7/L","T",1,0,0,2,0,"F"
1,0,0,0,".X","","","","7/F","T",1,0,0,0,0,"F"
1,1,1,2,"CBCX","","","","9/F","T",1,0,0,0,0,"F"
1,2,1,2,"CBFFX","","","","43/G","T",1,0,0,0,0,"F"
0,0,1,1,"FBX","","","","S7/F.B-3(E7/TH)","T",0,3,0,0,0,"F"
0,0,0,0,"X","","","gonzm002","4/P","T",1,0,0,0,3,"F"
0,1,1,0,"BX","","","gonzm002","7/F","T",1,0,0,0,3,"F"
0,2,0,1,"CX","","","gonzm002","63/G","T",1,0,0,0,3,"F"
1,0,0,1,".CX","","","","D9/L","T",0,2,0,0,0,"F"
1,0,1,2,"BCCFX","","kinei001","","9/F","T",1,0,0,2,0,"F"
1,1,3,1,"BBBCX","","kinei001","","43/G.2-3","T",1,0,0,3,0,"F"
1,2,1,2,".CBSFX","","","kinei001","D7/L.3-H","T",0,2,0,0,4,"F"
1,2,2,2,"CBS*BFS","","chirr001","","K","T",1,0,0,2,0,"F"
0,0,1,1,"BTX","","","","53/G","T",1,0,0,0,0,"T"
0,1,2,2,"CBSBFX","","","","8/L","T",1,0,0,0,0,"F"
0,2,3,1,"CBBBX","","","","S5/G","T",0,1,0,0,0,"F"
0,2,1,1,"BC1X","altuj001","","","43/G","T",1,0,1,0,0,"F"
1,0,0,0,"X","","","","HR/8/F","T",0,4,0,0,0,"F"
1,0,2,2,"BCSFBFS","","","","K","T",1,0,0,0,0,"F"
1,1,2,2,"BBCCS","","","","K","T",1,0,0,0,0,"F"
1,2,0,2,"CCS","","","","K","T",1,0,0,0,0,"F"
0,0,2,1,"CBBX","","","","S7/L","T",0,1,0,0,0,"F"
0,0,3,2,"BFBFB1>B","gatte001","","","W.1-2","T",0,1,2,0,0,"F"
0,0,2,2,"LBFBFX","reddj001","gatte001","","S9/L+.2-H;1-3","T",0,1,3,4,0,"F"
0,0,2,1,"CB1BX","gonzm002","","reddj001","8/F","T",1,0,1,0,3,"F"
0,1,0,2,"CC1X","gonzm002","","reddj001","S4/G.3-H;1-2","T",0,1,2,0,4,"F"
0,1,3,2,"*BFBBFFX","kempt001","gonzm002","","D7/L.2-H;1-H;B-3(TH)","T",0,3,4,4,0,"F"
0,1,2,0,"B*BX","","","sprig001","FC6/G/DP.3XH(625);BX2(54)","T",2,0,0,0,0,"F"
1,0,2,2,"CFBBT","","","","K","T",1,0,0,0,0,"F"
1,1,3,2,"BSBBFC","","","","K","T",1,0,0,0,0,"F"
1,2,1,2,"CCBX","","","","7/L","T",1,0,0,0,0,"F"
0,0,1,2,"CSBX","","","","13/G","T",1,0,0,0,0,"F"
0,1,0,2,"FSX","","","","63/G","T",1,0,0,0,0,"F"
0,2,3,2,"BFCBBC","","","","K","T",1,0,0,0,0,"F"
1,0,1,2,"BFFX","","","","7/F5F","T",1,0,0,0,0,"F"
1,1,1,0,"BX","","","","D78/L+","T",0,2,0,0,0,"F"
1,1,3,2,"C*BBCBB","","deshd002","","W","T",0,1,0,2,0,"F"
1,1,0,1,"FX","choos001","deshd002","","7/F","T",1,0,1,2,0,"F"
1,2,3,2,"SBBSFB>X","choos001","deshd002","","D9/G.2-H;1-H","T",0,2,4,4,0,"F"
1,2,0,2,"FCFS","","mazan001","","K","T",1,0,0,2,0,"F"
0,0,1,1,"CBX","","","","7/F","T",1,0,0,0,0,"F"
0,1,2,2,"BBFCFC","","","","K","T",1,0,0,0,0,"F"
0,2,1,0,"BX","","","","9/F","T",1,0,0,0,0,"F"
1,0,3,2,"BBSSBB","","","","W","T",0,1,0,0,0,"F"
1,0,2,2,"FBF*BS","gallj002","","","K","T",1,0,1,0,0,"F"
1,1,1,2,"BFFFS","gallj002","","","K","T",1,0,1,0,0,"F"
1,2,0,0,"X","gallj002","","","9/F","T",1,0,1,0,0,"F"
0,0,3,1,"BBBCB","","","","W","T",0,1,0,0,0,"F"
0,0,0,1,"C1X","kempt001","","","54(1)3/GDP","T",2,0,0,0,0,"F"
0,2,0,0,"X","","","","HR/8/F","T",0,4,0,0,0,"F"
0,2,1,1,"CBX","","","","53/G","T",1,0,0,0,0,"F"
1,0,3,2,"LBCBBX","","","","3/G","T",1,0,0,0,0,"F"
1,1,2,1,"CBBX","","","","S1/BG","T",0,1,0,0,0,"F"
1,1,2,0,"1BBX","choos001","","","4/P","T",1,0,1,0,0,"F"
1,2,2,2,"CBFFFF*BX","choos001","","","63/G","T",1,0,1,0,0,"F"
0,0,0,2,"F.FX","","","","9/F","T",1,0,0,0,0,"F"
0,1,2,2,"CFBBX","","","","S7/G+","T",0,1,0,0,0,"F"
0,1,0,2,"CFFS","gatte001","","","K","T",1,0,1,0,0,"F"
0,2,3,2,"CF*B1BB>X","gatte001","","","D8/G+.1-3","T",0,2,3,0,0,"F"
0,2,1,2,"BCCX","","gonzm002","gatte001","43/G+","T",1,0,0,2,3,"F"
1,0,0,2,".SCFS","","","","K","T",1,0,0,0,0,"F"
1,1,0,1,"CX","","","","S5/BG","T",0,1,0,0,0,"F"
1,1,3,1,"BCBBX","gallj002","","","9/F","T",1,0,1,0,0,"F"
1,2,3,0,"BBBB","gallj002","","","W.1-2","T",0,1,2,0,0,"F"
1,2,0,0,"X","odorr001","gallj002","","7/F","T",1,0,1,2,0,"F"
0,0,2,2,"CBBFX","","","","63/G","T",1,0,0,0,0,"F"
0,1,2,1,"BCBX","","","","53/G","T",1,0,0,0,0,"F"
0,2,3,2,"BBFBFB","","","","W","T",0,1,0,0,0,"F"
0,2,0,0,"1X","brega001","","","HR/89/F.1-H","T",0,4,4,0,0,"F"
0,2,1,2,"CBFX","","","","9/L","T",1,0,0,0,0,"F"
1,0,3,2,".CBFBBX","","","","8/F","T",1,0,0,0,0,"F"
1,1,2,2,"CBSBX","","","","8/F","T",1,0,0,0,0,"F"
1,2,1,1,"CBX","","","","31/G","T",1,0,0,0,0,"F"
0,0,0,1,".CX","","","","8/L","T",1,0,0,0,0,"F"
0,1,0,1,"CX","","","","31/G","T",1,0,0,0,0,"F"
0,2,2,2,"SBTBS","","","","K","T",1,0,0,0,0,"F"
1,0,1,2,"CBCT","","","","K","T",1,0,0,0,0,"F"
1,1,2,2,"FBBFS","","","","K","T",1,0,0,0,0,"F"
1,2,0,0,"X","","","","43/G","T",1,0,0,0,0,"F"
0,0,2,1,"BSBX","","","","S8/G+","T",0,1,0,0,0,"F"
0,0,1,1,"BCX","mccab002","","","46(1)/FO/G","T",1,1,0,0,0,"F"
0,1,0,1,"1C111>C","kempt001","","","SB2","F",0,0,2,0,0,"F"
0,1,0,2,"1C111>C.FFS","","kempt001","","K","T",1,0,0,2,0,"F"
0,2,1,2,"SCBC","","kempt001","","K","T",1,0,0,2,0,"F"
1,0,0,2,".CCS","","","","K","T",1,0,0,0,0,"F"
1,1,3,1,"BBCBX","","","","8/L+","T",1,0,0,0,0,"F"
1,2,3,2,"BBBCFFS","","","","K","T",1,0,0,0,0,"F"
0,0,3,1,"BBSBB","","","","W","T",0,1,0,0,0,"T"
0,0,2,2,"BCFFBX","sprig001","","","D7/F.1-H","T",0,2,4,0,0,"F"
0,0,0,1,"FX","","brega001","","9/F.2-3","T",1,0,0,3,0,"F"
0,1,0,0,"X","","","brega001","S7/L.3-H","T",0,1,0,0,4,"F"
0,1,3,2,"BBFSB>FX","gurry001","","","54(1)3/GDP","T",2,0,0,0,0,"F"
1,0,3,1,"BBCBX","","","","9/L","T",1,0,0,0,0,"F"
1,1,3,0,"BBBB","","","","W","T",0,1,0,0,0,"F"
1,1,0,1,"CX","deshd002","","","8/L","T",1,0,1,0,0,"F"
1,2,0,0,"H","deshd002","","","HP.1-2","T",0,1,2,0,0,"F"
1,2,3,2,"BCBSB>B","profj001","deshd002","","W.2-3;1-2","T",0,1,2,3,0,"F"
1,2,0,2,"CCC","gallj002","profj001","deshd002","K","T",1,0,1,2,3,"F"
0,0,3,2,"BBCSFBFX","","","","8/L","T",1,0,0,0,0,"F"
0,1,0,0,"X","","","","63/G+","T",1,0,0,0,0,"F"
0,2,2,1,"BFBX","","","","43/G","T",1,0,0,0,0,"F"
1,0,0,2,"TFH","","","","HP","T",0,1,0,0,0,"F"
1,0,3,2,"BSBBCB","odorr001","","","W.1-2","T",0,1,2,0,0,"F"
1,0,3,2,"BBC*BTB","chirr001","odorr001","","W.2-3;1-2","T",0,1,2,3,0,"F"
1,0,1,2,"BFFS","guzmr001","chirr001","odorr001","K","T",1,0,1,2,3,"F"
1,1,0,0,"X","guzmr001","chirr001","odorr001","E4/FO/G.3-H;2-3;1-2","T",0,1,2,3,4,"F"
1,1,1,2,"CBCX","deshd002","guzmr001","chirr001","7/L/SF.3-H(UR)","T",1,0,1,2,5,"F"
1,2,0,1,"FH","deshd002","guzmr001","","HP.2-3;1-2","T",0,1,2,3,0,"F"
1,2,1,1,"SBX","profj001","deshd002","guzmr001","7/F","T",1,0,1,2,3,"F"
0,0,1,2,"CSBT","","","","K","T",1,0,0,0,0,"F"
0,1,2,0,"BBX","","","","S7/F","T",0,1,0,0,0,"F"
0,1,2,2,"FSB*BF>X","sprig001","","","8/L+","T",1,0,1,0,0,"F"
0,2,1,1,"1BC11X","sprig001","","","8/L","T",1,0,1,0,0,"F"
1,0,1,2,"CBFFC","","","","K","T",1,0,0,0,0,"F"
1,1,1,1,"SBX","","","","63/G","T",1,0,0,0,0,"F"
1,2,2,2,"BFFBH","","","","HP","T",0,1,0,0,0,"F"
1,2,0,0,"X","chirr001","","","D7/L.1-3","T",0,2,3,0,0,"F"
1,2,0,0,"X","","guzmr001","chirr001","8/L+","T",1,0,0,2,3,"F"
0,0,3,2,"BBBCCX","","","","9/F","T",1,0,0,0,0,"F"
0,1,3,2,"BFBBFFX","","","","6/P","T",1,0,0,0,0,"F"
0,2,1,2,"BFFFFFS","","","","K","T",1,0,0,0,0,"F"
1,0,3,2,"CFBBBB","","","","W","T",0,1,0,0,0,"F"
1,0,0,2,"F>FFC","deshd002","","","K","T",1,0,1,0,0,"F"
1,1,2,2,"C1BSFBX","deshd002","","","43/G.1-2","T",1,0,2,0,0,"F"
1,2,3,2,"CFBBBB","","deshd002","","W","T",0,1,0,2,0,"F"
1,2,1,2,".BFFC","gallj002","deshd002","","K","T",1,0,1,2,0,"F"
0,0,0,0,"X","","","","HR/8/F","T",0,4,0,0,0,"F"
0,0,0,0,"X","","","","D9/L","T",0,2,0,0,0,"F"
0,0,0,2,"CLS","","kempt001","","K","T",1,0,0,2,0,"F"
0,1,2,1,"FBBX","","kempt001","","53/G","T",1,0,0,2,0,"F"
0,2,3,1,"BBBCX","","kempt001","","4/P","T",1,0,0,2,0,"F"
1,0,0,1,"FX","","","","D7/F+","T",0,2,0,0,0,"F"
1,0,1,1,"LBX","","odorr001","","63/G.2-3","T",1,0,0,3,0,"F"
1,1,2,2,"BFFF*BX","","","odorr001","S7/L.3-H","T",0,1,0,0,4,"F"
1,1,0,2,"CFB","guzmr001","","","PB.1-2","F",0,0,2,0,0,"F"
1,1,3,2,"CFB.BBFB","","guzmr001","","W","T",0,1,0,2,0,"F"
1,1,1,2,"CBCFX","choos001","guzmr001","","46(1)/FO/G.2-3","T",1,1,0,3,0,"F"
1,2,0,0,"X","deshd002","","guzmr001","7/F","T",1,0,1,0,3,"F"
0,0,1,0,"BX","","","","8/F","T",1,0,0,0,0,"F"
0,1,0,0,"X","","","","S9/F.BX2(96)","T",1,0,0,0,0,"F"
0,2,1,2,"BFFS","","","","K","T",1,0,0,0,0,"F"
1,0,3,2,"BBFFFBX","","","","S7/G+","T",0,1,0,0,0,"F"
1,0,0,2,"SSC","profj001","","","K","T",1,0,1,0,0,"F"
1,1,0,0,"H","profj001","","","HP.1-2","T",0,1,2,0,0,"F"
1,1,0,2,".CSC","kinei001","profj001","","K","T",1,0,1,2,0,"F"
1,2,1,2,"FBFS","kinei001","profj001","","K","T",1,0,1,2,0,"F"
0,0,1,1,".CBX","","","","8/F","T",1,0,0,0,0,"F"
0,1,3,2,"CBBFFBFB","","","","W","T",0,1,0,0,0,"F"
0,1,2,2,"11B1FBSX","stasm001","","","S9/L.1-2","T",0,1,2,0,0,"F"
0,1,0,0,".X","kempt001","stasm001","","8/F","T",1,0,1,2,0,"F"
0,2,3,2,"C*BSBB>X","kempt001","stasm001","","S7/L.2-H;1-3","T",0,1,3,4,0,"F"
0,2,2,2,"T1B*BC>B","sprig001","","kempt001","SB2","F",0,0,2,0,3,"F"
0,2,3,2,"T1B*BC>B.FX","","sprig001","kempt001","7/F","T",1,0,0,2,3,"F"
1,0,3,2,"..BBFFBS","","","","K","T",1,0,0,0,0,"F"
1,1,3,2,"BBCBCF*B","","","","W","T",0,1,0,0,0,"F"
1,1,0,0,".X","choos001","","","13/BG/SH.1-2","T",1,0,2,0,0,"F"
1,2,1,0,"BX","","choos001","","3/G","T",1,0,0,2,0,"F"
0,0,2,2,".BFBSX","","","","S9/L","T",0,1,0,0,0,"F"
0,0,1,0,"B11X","altuj001","","","46(1)3/GDP","T",2,0,0,0,0,"F"
0,2,1,1,"FBX","","","","3/P9LF","T",1,0,0,0,0,"F"
1,0,3,2,"BBCBCFFH","","","","HP","T",0,1,0,0,0,"F"
1,0,0,2,"TF>B","profj001","","","SB2","F",0,0,2,0,0,"F"
1,0,2,2,"TF>B.*BS","","profj001","","K","T",1,0,0,2,0,"F"
1,1,0,0,"2X","","profj001","","8/F","T",1,0,0,2,0,"F"
1,2,0,0,"X","","profj001","","8/F","T",1,0,0,2,0,"F"
0,0,3,1,".BBFBB","","","","W","T",0,1,0,0,0,"F"
0,0,2,0,"*B*BX","gonzm002","","","9/F","T",1,0,1,0,0,"F"
0,1,0,1,"CX","gonzm002","","","4(1)3/GDP","T",2,0,0,0,0,"F"
1,0,1,2,".FSBX","","","","S9/G","T",0,1,0,0,0,"F"
1,0,0,2,".F1C11X","toccc001","","","43/G.1-2","T",1,0,2,0,0,"F"
1,1,3,2,"BSC*BBB","","toccc001","","W","T",0,1,0,2,0,"F"
1,1,1,1,".CBX","choos001","toccc001","","54(1)3/GDP","T",2,0,0,2,0,"F"
0,0,0,0,"X","","","","HR/8/F","T",0,4,0,0,0,"T"
0,0,1,0,"BX","","","","8/L","T",1,0,0,0,0,"F"
0,1,0,1,"FX","","","","S7/F","T",0,1,0,0,0,"F"
0,1,2,1,"BFBX","altuj001","","","D7/L+.1-3","T",0,2,3,0,0,"F"
0,1,0,0,"X","","gurry001","altuj001","S7/L.3-H;2-3","T",0,1,0,3,4,"F"
0,1,1,2,"CBFFX","gatte001","","gurry001","54(1)3/GDP","T",2,0,0,0,3,"F"
1,0,3,2,"CBFBBFX","","","","13/G-","T",1,0,0,0,0,"F"
1,1,1,2,"CFBX","","","","S6/G","T",0,1,0,0,0,"F"
1,1,2,1,"BBFX","deshd002","","","S7/L.1-2","T",0,1,2,0,0,"F"
1,1,1,2,"CBSS","mazan001","deshd002","","K","T",1,0,1,2,0,"F"
1,2,2,2,"FBCBX","mazan001","deshd002","","9/F","T",1,0,1,2,0,"F"
0,0,1,1,"BSX","","","","9/F","T",1,0,0,0,0,"F"
0,1,1,1,"FBX","","","","53/G","T",1,0,0,0,0,"F"
0,2,3,2,"CCBBBB","","","","W","T",0,1,0,0,0,"F"
0,2,0,1,"CX","kempt001","","","S9/L.1-2","T",0,1,2,0,0,"F"
0,2,0,0,"X","sprig001","kempt001","","T9/L.2-H;1-H","T",0,3,4,4,0,"F"
0,2,0,1,"CX","","","brega001","D7/G+.3-H","T",0,2,0,0,4,"F"
0,2,0,0,"B","","altuj001","","PB.2-3","F",0,0,0,3,0,"F"
0,2,2,1,"B.FBX","","","altuj001","S6/G-.3-H(UR)","T",0,1,0,0,5,"F"
0,2,2,2,"CFBBX","gurry001","","","7/F","T",1,0,1,0,0,"F"
1,0,3,1,"BBCBX","","","","3/P3F","T",1,0,0,0,0,"F"
1,1,0,1,"CX","","","","S7/G","T",0,1,0,0,0,"F"
1,1,1,2,"CBFX","odorr001","","","9/F","T",1,0,1,0,0,"F"
1,2,0,0,"X","odorr001","","","S7/G.1-2","T",0,1,2,0,0,"F"
1,2,0,0,"B","guzmr001","odorr001","","PB.2-3;1-2","F",0,0,2,3,0,"F"
1,2,2,1,"B.BFX","","guzmr001","odorr001","S9/L.3-H;2-H(UR);B-2(TH)","T",0,2,0,5,4,"F"
1,2,3,2,"CSBBBS","","choos001","","K","T",1,0,0,2,0,"F"
0,0,0,0,"X","","","","5/P","T",1,0,0,0,0,"F"
0,1,0,1,"CX","","","","8/F","T",1,0,0,0,0,"F"
0,2,1,2,"SFBX","","","","S64/G-","T",0,1,0,0,0,"F"
0,2,0,1,"CX","stasm001","","","8/F","T",1,0,1,0,0,"F"
1,0,3,2,"BSFBFBX","","","","31/G","T",1,0,0,0,0,"F"
1,1,0,0,"X","","","","S7/L","T",0,1,0,0,0,"F"
1,1,1,2,"CBFX","belta001","","","14(1)/FO/G-","T",1,1,0,0,0,"F"
1,2,0,0,"X","profj001","","","S9/G.1-2","T",0,1,2,0,0,"F"
1,2,2,2,"FFBBFH","kinei001","profj001","","HP.2-3;1-2","T",0,1,2,3,0,"F"
1,2,0,0,"X","odorr001","kinei001","profj001","S8/L.3-H;2-H;1-3","T",0,1,3,4,4,"F"
1,2,1,2,"SS*BF>B","perec003","","odorr001","SB2","F",0,0,2,0,3,"F"
1,2,2,2,"SS*BF>B.FS","","perec003","odorr001","K","T",1,0,0,2,3,"F"
0,0,0,2,".CSX","","","","63/G","T",1,0,0,0,0,"F"
0,1,1,2,"FSBX","","","","7/F","T",1,0,0,0,0,"F"
0,2,2,0,"BBX","","","","E6/G","T",0,1,0,0,0,"F"
0,2,2,1,"CB+1B1>B","altuj001","","","CS2(24)","F",1,0,0,0,0,"F"
1,0,2,2,"BFBFX","","","","8/L","T",1,0,0,0,0,"F"
1,1,1,2,"CBCX","","","","S7/G","T",0,1,0,0,0,"F"
1,1,0,0,"X","deshd002","","","46(1)/FO/G","T",1,1,0,0,0,"F"
1,2,1,0,"BX","mazan001","","","S9/L.1-3","T",0,1,3,0,0,"F"
1,2,3,2,"BBCBC>X","belta001","","mazan001","7/F","T",1,0,1,0,3,"F"
0,0,0,0,"X","","","","D7/L+","T",0,2,0,0,0,"F"
0,0,0,0,"X","","gurry001","","53/G","T",1,0,0,2,0,"F"
0,1,0,2,"CLC","","gurry001","","K","T",1,0,0,2,0,"F"
0,2,3,2,"BBBCFS","","gurry001","","K","T",1,0,0,2,0,"F"
1,0,1,2,"CFFFBX","","","","D9/L","T",0,2,0,0,0,"F"
1,0,2,2,"BBCCFX","","kinei001","","S67/L.2-H(E5/TH);B-2(TH)","T",0,2,0,4,0,"F"
1,0,0,0,"X","","odorr001","","13/BG/SH.2-3","T",1,0,0,3,0,"F"
1,1,1,0,"BX","","","odorr001","S7/G.3-H","T",0,1,0,0,4,"F"
1,1,3,2,".BSBBTFX","guzmr001","","","3/L/DP.1X1(3)","T",2,0,0,0,0,"F"
0,0,1,0,"BX","","","","53/G","T",1,0,0,0,0,"F"
0,1,0,1,"CX","","","","7/F","T",1,0,0,0,0,"F"
0,2,2,1,"BCBX","","","","7/F","T",1,0,0,0,0,"F"
1,0,3,2,"CBFFBBX","","","","S6/G","T",0,1,0,0,0,"F"
1,0,0,2,"CS11FX","deshd002","","","65(1)/FO/G","T",1,1,0,0,0,"F"
1,1,3,1,".BBBCB","mazan001","","","W.1-2","T",0,1,2,0,0,"F"
1,1,0,0,"X","belta001","mazan001","","7/F","T",1,0,1,2,0,"F"
1,2,1,2,"BCSFFFFC","belta001","mazan001","","K","T",1,0,1,2,0,"F"
0,0,1,0,"BX","","","","8/F","T",1,0,0,0,0,"F"
0,1,2,2,"BCBSX","","","","63/G","T",1,0,0,0,0,"F"
0,2,0,0,"X","","","","HR/78/F","T",0,4,0,0,0,"F"
0,2,0,0,"X","","","","43/G","T",1,0,0,0,0,"F"
1,0,1,1,"BSX","","","","1/BP","T",1,0,0,0,0,"F"
1,1,2,1,"CBBX","","","","9/L","T",1,0,0,0,0,"F"
1,2,2,2,"SBCBFFS","","","","K","T",1,0,0,0,0,"F"
0,0,3,2,".BBBCFFX","","","","7/F","T",1,0,0,0,0,"F"
0,1,0,1,"SX","","","","S6/G","T",0,1,0,0,0,"F"
0,1,2,2,"SBSBS","reddj001","","","K","T",1,0,1,0,0,"F"
0,2,0,2,"CF>FS","reddj001","","","K","T",1,0,1,0,0,"F"
1,0,1,2,"....BCSS","","","","K","T",1,0,0,0,0,"F"
1,1,0,0,"X","","","","63/G","T",1,0,0,0,0,"F"
1,2,0,2,"CSX","","","","D9/G","T",0,2,0,0,0,"F"
1,2,2,1,"*BBCX","","mazan001","","S8/L.2-H","T",0,1,0,4,0,"F"
1,2,0,2,"FCS","belta001","","","K","T",1,0,1,0,0,"F"
0,0,3,0,".BBBB","","","","W","T",0,1,0,0,0,"F"
0,0,1,2,"BSFB","sprig001","","","WP.1-2","F",0,0,2,0,0,"F"
0,0,2,2,"BSFB.FC","","sprig001","","K","T",1,0,0,2,0,"F"
0,1,3,0,"VVVV","","sprig001","","IW","T",0,1,0,2,0,"F"
0,1,2,1,"BBCX","altuj001","sprig001","","8/F.2-3","T",1,0,1,3,0,"F"
0,2,0,0,"*B","altuj001","","sprig001","SB2","F",0,0,2,0,3,"F"
0,2,1,2,"*B.FSN","","altuj001","sprig001","BK.3-H;2-3","F",0,0,0,3,4,"F"
0,2,1,2,"*B.FSN..S","","","altuj001","K23","T",1,0,0,0,3,"F"
1,0,1,2,".CFBFFC","","","","K","T",1,0,0,0,0,"F"
1,1,1,2,"BCCS","","","","K23","T",1,0,0,0,0,"F"
1,2,3,2,".BFBSBT","","","","K","T",1,0,0,0,0,"F"
0,0,2,1,"BBCX","","","","9/F","T",1,0,0,0,0,"T"
0,1,3,2,"CFBBBB","","","","W","T",0,1,0,0,0,"F"
0,1,2,2,"B1CBCC","blacc001","","","K","T",1,0,1,0,0,"F"
0,2,0,0,"1X","blacc001","","","7/F","T",1,0,1,0,0,"F"
1,0,1,1,"BFX","","","","3/G","T",1,0,0,0,0,"F"
1,1,3,2,"CCBBBB","","","","W","T",0,1,0,0,0,"F"
1,1,1,2,"CCBB","deshd002","","","WP.1-2","F",0,0,2,0,0,"F"
1,1,2,2,"CCBB.X","","deshd002","","HR/9/L+.2-H","T",0,4,0,4,0,"F"
1,1,0,1,"CX","","","","S5/G","T",0,1,0,0,0,"F"
1,1,3,2,"CBBBCB","belta001","","","W.1-2","T",0,1,2,0,0,"F"
1,1,2,2,"BFBFX","odorr001","belta001","","S7/L.2-H;1X3(75);B-2","T",1,2,0,4,0,"F"
1,2,0,0,"X","","kinei001","","HR/8/F.2-H","T",0,4,0,4,0,"F"
1,2,0,0,"X","","","","43/G","T",1,0,0,0,0,"F"
0,0,2,1,"BBCX","","","","HR/78/F","T",0,4,0,0,0,"F"
0,0,1,1,"BFX","","","","S8/L-","T",0,1,0,0,0,"F"
0,0,1,2,"BFSFX","murpt002","","","36(1)/FO/G-","T",1,1,0,0,0,"F"
0,1,3,2,"1BBS+1C*BX","parrg001","","","7/F","T",1,0,1,0,0,"F"
0,2,1,0,"BX","parrg001","","","S8/L.1-2","T",0,1,2,0,0,"F"
0,2,2,2,"BFBFX","cuevn001","parrg001","","S7/L+.2-H;1-2","T",0,1,2,4,0,"F"
0,2,2,2,"CBCBX","lemad001","cuevn001","","S7/G.2-H;1-2","T",0,1,2,4,0,"F"
0,2,2,2,"BSCBFX","blacc001","lemad001","","D7/L.2-H;1-H","T",0,2,4,4,0,"F"
0,2,1,0,"BX","","arenn001","","S7/L+.2-H","T",0,1,0,4,0,"F"
0,2,2,1,"11FB+1B1N1","stort001","","","SB2","F",0,0,2,0,0,"F"
0,2,2,1,"11FB+1B1N1.X","","stort001","","13/G","T",1,0,0,2,0,"F"
1,0,2,2,".BCBFX","","","","53/G","T",1,0,0,0,0,"F"
1,1,3,2,"BTCBBFB","","","","W","T",0,1,0,0,0,"F"
1,1,0,0,"X","choos001","","","S49/G-.1-3","T",0,1,3,0,0,"F"
1,1,2,2,"FSFF1*BB1X","deshd002","","choos001","46(1)3/GDP","T",2,0,0,0,3,"F"
0,0,2,0,".BBX","","","","143/G+","T",1,0,0,0,0,"F"
0,1,0,1,"CX","","","","43/G","T",1,0,0,0,0,"F"
0,2,3,1,"BBBCB","","","","W","T",0,1,0,0,0,"F"
0,2,1,2,"FFBX","iannc001","","","43/G","T",1,0,1,0,0,"F"
1,0,0,1,".CX","","","","9/F","T",1,0,0,0,0,"F"
1,1,2,2,"CBSFBC","","","","K","T",1,0,0,0,0,"F"
1,2,3,2,"CSBBBX","","","","163/G","T",1,0,0,0,0,"F"
0,0,0,2,".CFC","","","","K","T",1,0,0,0,0,"F"
0,1,1,2,"FFFBFFX","","","","13/G","T",1,0,0,0,0,"F"
0,2,3,2,"BFCBBFB","","","","W","T",0,1,0,0,0,"F"
0,2,1,2,"CBSC","arenn001","","","K","T",1,0,1,0,0,"F"
1,0,3,2,"BLBSBC","","","","K","T",1,0,0,0,0,"F"
1,1,3,2,"CBBBCC","","","","K","T",1,0,0,0,0,"F"
1,2,2,2,"BFFBX","","","","63/G","T",1,0,0,0,0,"F"
0,0,1,0,"BX","","","","HR/89/L","T",0,4,0,0,0,"F"
0,0,1,2,"CBCFS","","","","K","T",1,0,0,0,0,"F"
0,1,1,1,"BFX","","","","9/F","T",1,0,0,0,0,"F"
0,2,2,2,"SSBBX","","","","7/F+","T",1,0,0,0,0,"F"
1,0,3,2,"BBBCTS","","","","K","T",1,0,0,0,0,"F"
1,1,0,2,"CCS","","","","K","T",1,0,0,0,0,"F"
1,2,2,2,"BTFFFBFX","","","","43/G","T",1,0,0,0,0,"F"
0,0,2,2,"BBFFX","","","","53/G","T",1,0,0,0,0,"F"
0,1,0,0,"X","","","","8/F","T",1,0,0,0,0,"F"
0,2,3,2,"CFBBBX","","","","63/G","T",1,0,0,0,0,"F"
1,0,1,1,"CBX","","","","S1/G-","T",0,1,0,0,0,"F"
1,0,2,2,"BF*BTS","belta001","","","K","T",1,0,1,0,0,"F"
1,1,0,0,"X","belta001","","","54(1)/FO/G","T",1,1,0,0,0,"F"
1,2,1,0,".BB","kinei001","","","PB.1-2","F",0,0,2,0,0,"F"
1,2,2,2,".BB.CSS","","kinei001","","K","T",1,0,0,2,0,"F"
0,0,1,2,".TCFBX","","","","D7/L","T",0,2,0,0,0,"F"
0,0,2,2,"FBFBFFX","","arenn001","","D8/L+.2-H","T",0,2,0,4,0,"F"
0,0,1,2,"CBFC","","stort001","","K","T",1,0,0,2,0,"F"
0,1,0,1,"CX","","stort001","","8/L+","T",1,0,0,2,0,"F"
0,2,2,1,"BSBX","","stort001","","3/G","T",1,0,0,2,0,"F"
1,0,1,1,"BFX","","","","7/F","T",1,0,0,0,0,"F"
1,1,1,2,"CCBC","","","","K","T",1,0,0,0,0,"F"
1,2,1,2,"CBFS","","","","K","T",1,0,0,0,0,"F"
0,0,2,2,"BCFBS","","","","K","T",1,0,0,0,0,"F"
0,1,0,1,"FX","","","","53/G-","T",1,0,0,0,0,"F"
0,2,1,2,"CFBX","","","","D7/G","T",0,2,0,0,0,"F"
0,2,1,2,"CBFFX","","lemad001","","43/G","T",1,0,0,2,0,"F"
1,0,2,2,".CBCFBX","","","","63/G","T",1,0,0,0,0,"F"
1,1,3,2,"BFBFBFB","","","","W","T",0,1,0,0,0,"F"
1,1,3,2,"CBBSFBH","profj001","","","HP.1-2","T",0,1,2,0,0,"F"
1,1,1,2,"BCCS","belta001","profj001","","K","T",1,0,1,2,0,"F"
1,2,2,2,"CCBBS","belta001","profj001","","K","T",1,0,1,2,0,"F"
0,0,2,2,".FBBFFFX","","","","HR/78/F","T",0,4,0,0,0,"F"
0,0,2,2,"CFBFBX","","","","4/L","T",1,0,0,0,0,"F"
0,1,1,2,"BSFX","","","","S7/G","T",0,1,0,0,0,"F"
0,1,0,2,"CFFX","desmi001","","","54(1)3/GDP","T",2,0,0,0,0,"F"
1,0,3,1,".BBBCB","","","","W","T",0,1,0,0,0,"F"
1,0,1,1,"BCX","gallj002","","","46(1)3/GDP","T",2,0,0,0,0,"F"
1,2,2,1,"BCBX","","","","3/P","T",1,0,0,0,0,"F"
0,0,2,2,"BCBCX","","","","4/L-","T",1,0,0,0,0,"T"
0,1,0,1,"CX","","","","3/G","T",1,0,0,0,0,"F"
0,2,1,0,"BX","","","","9/F","T",1,0,0,0,0,"F"
1,0,3,2,"BFFFBBFFFFB","","","","W","T",0,1,0,0,0,"F"
1,0,1,2,"B1CLX","choos001","","","9/F","T",1,0,1,0,0,"F"
1,1,3,2,"11BCBBF>X","choos001","","","4/P","T",1,0,1,0,0,"F"
1,2,3,2,"CBC1BB>S","choos001","","","K","T",1,0,1,0,0,"F"
0,0,3,2,"BFBBFFS","","","","K","T",1,0,0,0,0,"F"
0,1,3,0,"BBBB","","","","W","T",0,1,0,0,0,"F"
0,1,0,1,"CN","desmi001","","","BK.1-2","F",0,0,2,0,0,"F"
0,1,2,2,"CN.BFBC","","desmi001","","K","T",1,0,0,2,0,"F"
0,2,3,2,"BBSBFX","","desmi001","","S8/G.2-H","T",0,1,0,4,0,"F"
0,2,1,1,"BFX","gonzc001","","","7/L","T",1,0,1,0,0,"F"
1,0,1,0,"BX","","","","6/P","T",1,0,0,0,0,"F"
1,1,3,2,"BCBBFX","","","","43/G","T",1,0,0,0,0,"F"
1,2,2,2,"CBSBS","","","","K","T",1,0,0,0,0,"F"
0,0,0,2,"FFC","","","","K","T",1,0,0,0,0,"F"
0,1,1,0,"BX","","","","9/F","T",1,0,0,0,0,"F"
0,2,2,2,"BFBFS","","","","K","T",1,0,0,0,0,"F"
1,0,1,2,"CBSX","","","","S7/L","T",0,1,0,0,0,"F"
1,0,0,0,"X","guzmr001","","","6(1)3/GDP","T",2,0,0,0,0,"F"
1,2,0,1,"CX","","","","S7/L+","T",0,1,0,0,0,"F"
1,2,0,0,"X","choos001","","","9/F","T",1,0,1,0,0,"F"
0,0,0,2,"FSX","","","","63/G","T",1,0,0,0,0,"F"
0,1,2,0,"BBX","","","","6/P","T",1,0,0,0,0,"F"
0,2,1,2,"FSBC","","","","K","T",1,0,0,0,0,"F"
1,0,1,1,"BCX","","","","9/L","T",1,0,0,0,0,"F"
1,1,0,0,"X","","","","63/G-","T",1,0,0,0,0,"F"
1,2,3,2,"CBFBBS","","","","K","T",1,0,0,0,0,"F"
0,0,1,2,"FSBFS","","","","K","T",1,0,0,0,0,"F"
0,1,1,1,"BSX","","","","43/G","T",1,0,0,0,0,"F"
0,2,3,0,"BBBX","","","","S7/L+","T",0,1,0,0,0,"F"
0,2,1,0,"BX","iannc001","","","8/L","T",1,0,1,0,0,"F"
1,0,2,2,"CBBCX","","","","53/G","T",1,0,0,0,0,"F"
1,1,0,0,"X","","","","S7/F","T",0,1,0,0,0,"F"
1,1,1,1,"BCX","gallj002","","","9/L","T",1,0,1,0,0,"F"
1,2,0,2,"CFX","gallj002","","","8/F","T",1,0,1,0,0,"F"
0,0,2,2,"BBCFX","","","","S7/L+","T",0,1,0,0,0,"F"
0,0,1,1,"FBX","lemad001","","","53/G.1-2","T",1,0,2,0,0,"F"
0,1,1,1,"CBB","","lemad001","","WP.2-3","F",0,0,0,3,0,"F"
0,1,2,2,"CBB.FFFX","","","lemad001","8/L/SF.3-H","T",1,0,0,0,4,"F"
0,2,1,2,"SFBX","","","","9/L","T",1,0,0,0,0,"F"
1,0,0,2,"CSX","","","","S8/L","T",0,1,0,0,0,"F"
1,0,0,0,"X","choos001","","","S1/BG.1-2","T",0,1,2,0,0,"F"
1,0,2,1,"BBSX","deshd002","choos001","","6/L/DP.2X2(6)","T",2,0,1,0,0,"F"
1,2,0,2,"CF>B","deshd002","","","SB2","F",0,0,2,0,0,"F"
1,2,1,2,"CF>B.X","","deshd002","","63/G","T",1,0,0,2,0,"F"
0,0,1,0,"BX","","","","S7/L+","T",0,1,0,0,0,"F"
0,0,0,0,"X","desmi001","","","D7/L+.1-3","T",0,2,3,0,0,"F"
0,0,0,1,"FX","","murpt002","desmi001","8/F","T",1,0,0,2,3,"F"
0,1,3,2,"C*BCB*BFB","","murpt002","desmi001","W","T",0,1,0,2,3,"F"
0,1,0,0,"X","iannc001","murpt002","desmi001","4/P","T",1,0,1,2,3,"F"
0,2,1,0,"BX","iannc001","murpt002","desmi001","53/G","T",1,0,1,2,3,"F"
1,0,0,1,"CX","","","","T8/L","T",0,3,0,0,0,"F"
1,0,1,1,"SBX","","","odorr001","D9/L.3-H","T",0,2,0,0,4,"F"
1,0,1,1,"BFX","","kinei001","","7/F","T",1,0,0,2,0,"F"
1,1,1,0,"BX","","kinei001","","63/G.2-3","T",1,0,0,3,0,"F"
1,2,3,2,"BBCFFBFX","","","kinei001","S57/G.3-H","T",0,1,0,0,4,"F"
1,2,2,2,"CCBFBX","trevj001","","","7/F","T",1,0,1,0,0,"F"
0,0,2,2,".BBCFS","","","","K","T",1,0,0,0,0,"F"
0,1,1,1,"FBX","","","","53/G+","T",1,0,0,0,0,"F"
0,2,0,2,"CCS","","","","K","T",1,0,0,0,0,"F"
1,0,3,2,".BBCCBB","","","","W","T",0,1,0,0,0,"F"
1,0,2,1,"1BB1L1>X","deshd002","","","S7/G.1-3","T",0,1,3,0,0,"F"
1,0,3,1,"BS*BBX","profj001","","deshd002","T8/F.3-H;1-H","T",0,3,4,0,4,"F"
1,0,1,1,"..BFX","","","rua-r001","9/F/SF.3-H","T",1,0,0,0,4,"F"
1,1,2,2,"CCFBBS","","","","K","T",1,0,0,0,0,"F"
1,2,2,1,"BLBX","","","","3/G","T",1,0,0,0,0,"F"
0,0,1,2,"..CCBX","","","","13/G-","T",1,0,0,0,0,"F"
0,1,3,2,"BBCFFBB","","","","W","T",0,1,0,0,0,"F"
0,1,1,1,"CBX","murpt002","","","4(1)/FO/G","T",1,1,0,0,0,"F"
0,2,0,0,">B","gonzc001","","","DI.1-2","F",0,0,2,0,0,"F"
0,2,3,2,">B.BCFBS","","gonzc001","","K","T",1,0,0,2,0,"F"
0,0,1,1,"CBX","","","","HR/7/L","T",0,4,0,0,0,"T"
0,0,1,1,"CBX","","","","9/L","T",1,0,0,0,0,"F"
0,1,1,2,"CBFS","","","","K","T",1,0,0,0,0,"F"
0,2,2,2,"CBBFX","","","","6/L","T",1,0,0,0,0,"F"
1,0,2,2,"CBBCS","","","","K","T",1,0,0,0,0,"F"
1,1,2,1,"SBBX","","","","9/F9LF","T",1,0,0,0,0,"F"
1,2,0,1,"CX","","","","7/F","T",1,0,0,0,0,"F"
0,0,0,0,"X","","","","8/L+","T",1,0,0,0,0,"F"
0,1,2,2,"CBFBX","","","","43/G","T",1,0,0,0,0,"F"
0,2,3,2,"BBCBFX","","","","S14/G","T",0,1,0,0,0,"F"
0,2,1,0,"BX","desmi001","","","8/F","T",1,0,1,0,0,"F"
1,0,1,2,"CBTX","","","","9/L","T",1,0,0,0,0,"F"
1,1,2,2,"LCBBS","","","","K","T",1,0,0,0,0,"F"
1,2,1,2,"CBCS","","","","K","T",1,0,0,0,0,"F"
0,0,3,2,"CBBBFX","","","","43/G-","T",1,0,0,0,0,"F"
0,1,0,2,"CFS","","","","K","T",1,0,0,0,0,"F"
0,2,1,2,"SBFX","","","","53/G","T",1,0,0,0,0,"F"
1,0,1,2,"BSFS","","","","K","T",1,0,0,0,0,"F"
1,1,3,2,"CBSBBS","","","","K","T",1,0,0,0,0,"F"
1,2,2,2,"BSFBFS","","","","K","T",1,0,0,0,0,"F"
0,0,2,1,"BBFX","","","","9/F","T",1,0,0,0,0,"F"
0,1,3,2,"BBBCCB","","","","W","T",0,1,0,0,0,"F"
0,1,2,0,"BB1X","gonzc001","","","S8/L.1-2","T",0,1,2,0,0,"F"
0,1,2,0,"B*BX","stort001","gonzc001","","S8/L.2-H;1-2","T",0,1,2,4,0,"F"
0,1,1,1,"FBX","parrg001","stort001","","S9/L.2-H;1-3;B-2(TH)","T",0,2,3,4,0,"F"
0,1,2,2,"FBBTX","","desmi001","parrg001","FC6/G.3-H;2X3(65)","T",1,1,0,0,4,"F"
0,2,0,2,"FFS","murpt002","","","K","T",1,0,1,0,0,"F"
1,0,1,2,"CCBS","","","","K","T",1,0,0,0,0,"F"
1,1,2,2,"BBCFX","","","","S8/G","T",0,1,0,0,0,"F"
1,1,0,0,">B","deshd002","","","SB2","F",0,0,2,0,0,"F"
1,1,2,0,">B.BX","","deshd002","","S8/L.2-H","T",0,1,0,4,0,"F"
1,1,1,1,"1BSX","mazan001","","","46(1)/FO/G","T",1,1,0,0,0,"F"
1,2,0,2,"S11S>X","profj001","","","5/P","T",1,0,1,0,0,"F"
0,0,2,2,"CBBFC","","","","K","T",1,0,0,0,0,"F"
0,1,3,0,"BBBB","","","","W","T",0,1,0,0,0,"F"
0,1,1,2,"1CBF11FF1X","blacc001","","","D7/F.1-3","T",0,2,3,0,0,"F"
0,1,3,2,"SBFB*BX","","arenn001","blacc001","43/G.3-H;2-3","T",1,0,0,3,4,"F"
0,2,1,2,"FBCX","","","arenn001","63/G","T",1,0,0,0,3,"F"
1,0,2,2,"BBCCX","","","","S8/L","T",0,1,0,0,0,"F"
1,0,2,2,"F1B>F1B>FS","kinei001","","","K","T",1,0,1,0,0,"F"
1,1,2,1,"11BC1B>P","kinei001","","","CS2(24)","F",1,0,0,0,0,"F"
1,2,3,2,"11BC1B>P.CC","","","","K","T",1,0,0,0,0,"F"
0,0,3,0,"BBBB","","","","W","T",0,1,0,0,0,"F"
0,0,1,0,".BX","parrg001","","","64(1)3/GDP","T",2,0,0,0,0,"F"
0,2,0,1,"CX","","","","53/G","T",1,0,0,0,0,"F"
1,0,3,2,"BBCSBFB","","","","W","T",0,1,0,0,0,"F"
1,0,3,2,"BBFFBX","guzmr001","","","S9/G.1-H(E9/TH);B-2(TH)","T",0,2,4,0,0,"F"
1,0,0,1,"CX","","choos001","","1E4/BG/SH.2-3","T",0,1,0,3,0,"F"
1,0,0,0,"X","deshd002","","choos001","S9/G.3-H;1-3","T",0,1,3,0,4,"F"
1,0,0,0,"X","mazan001","","deshd002","HR/89/F.3-H(UR);1-H","T",0,4,4,0,5,"F"
1,0,3,2,".FFBBBS","","","","K","T",1,0,0,0,0,"F"
1,1,1,1,"CBX","","","","4/P","T",1,0,0,0,0,"F"
1,2,1,2,"BFFC","","","","K","T",1,0,0,0,0,"F"
0,0,1,2,"BCCX","","","","S9/L","T",0,1,0,0,0,"F"
0,0,1,1,"CB1X","mcmar001","","","DGR/8/F.1-3","T",0,2,3,0,0,"F"
0,0,2,2,".S*BBFFX","","lemad001","mcmar001","S4/G-.3-H;2-3","T",0,1,0,3,4,"F"
0,0,1,0,"*BX","blacc001","","lemad001","S7/G+.3-H;1-2","T",0,1,2,0,4,"F"
0,0,3,2,"BSFB*BX","arenn001","blacc001","","S9/L.2-3;1-2","T",0,1,2,3,0,"F"
0,0,2,2,"BBSFS","gonzc001","arenn001","blacc001","K","T",1,0,1,2,3,"F"
0,1,1,1,"SBX","gonzc001","arenn001","blacc001","D8/F.3-H;2-H;1-H","T",0,2,4,4,4,"F"
0,1,1,2,".BCCC","","parrg001","","K","T",1,0,0,2,0,"F"
0,2,1,2,"CBSS","","parrg001","","K","T",1,0,0,2,0,"F"
1,0,0,2,"CCH","","","","HP","T",0,1,0,0,0,"F"
1,0,3,2,"FFBBBB","chirr001","","","W.1-2","T",0,1,2,0,0,"F"
1,0,1,2,"BFCFFFB","guzmr001","chirr001","","WP.2-3;1-2","F",0,0,2,3,0,"F"
1,0,3,2,"BFCFFFB.FFBX","","guzmr001","chirr001","43/G.3-H;2-3","T",1,0,0,3,4,"F"
1,1,3,0,".BBBB","","","guzmr001","W","T",0,1,0,0,3,"F"
1,1,0,1,"C>X","deshd002","","guzmr001","43/G.3-H;1-2","T",1,0,2,0,4,"F"
1,2,1,0,"*BX","","deshd002","","D7/F.2-H","T",0,2,0,4,0,"F"
1,2,1,1,".BFH","","profj001","","HP","T",0,1,0,2,0,"F"
1,2,1,1,"CBX","odorr001","profj001","","9/L","T",1,0,1,2,0,"F"
0,0,1,0,"BX","","","","8/L","T",1,0,0,0,0,"F"
0,1,1,2,"CBCT","","","","K","T",1,0,0,0,0,"F"
0,2,2,2,"CCBBX","","","","9/L","T",1,0,0,0,0,"F"
1,0,3,2,"..BSFBBC","","","","K","T",1,0,0,0,0,"F"
1,1,1,0,".BX","","","","53/G","T",1,0,0,0,0,"F"
1,2,3,2,"SBBSBFFFX","","","","S9/G","T",0,1,0,0,0,"F"
1,2,0,1,".CX","rua-r001","","","43/G","T",1,0,1,0,0,"F"
0,0,2,2,"..CCBFFBX","","","","8/F","T",1,0,0,0,0,"F"
0,1,2,2,"BBCFX","","","","D8/F","T",0,2,0,0,0,"F"
0,1,0,2,"SCX","","gonzc001","","HR/89/F.2-H","T",0,4,0,4,0,"F"
0,1,1,0,"BX","","","","D7/L","T",0,2,0,0,0,"F"
0,1,1,2,"BSFFT","","parrg001","","K","T",1,0,0,2,0,"F"
0,2,0,0,"X","","parrg001","","7/L","T",1,0,0,2,0,"F"
1,0,3,2,".BBBCFB","","","","W","T",0,1,0,0,0,"F"
1,0,2,0,"B1B>C","deshd002","","","SB2","F",0,0,2,0,0,"F"
1,0,3,2,"B1B>C.*BFFB","","deshd002","","W","T",0,1,0,2,0,"F"
1,0,2,2,"BCBFX","mazan001","deshd002","","7/F","T",1,0,1,2,0,"F"
1,1,2,1,"BBCX","mazan001","deshd002","","S9/L+.2-3;1-2","T",0,1,2,3,0,"F"
1,1,3,1,"BCBB*B","odorr001","mazan001","deshd002","W.3-H;2-3;1-2","T",0,1,2,3,4,"F"
1,1,3,1,"BBBCB","kinei001","odorr001","mazan001","W.3-H;2-3;1-2","T",0,1,2,3,4,"F"
1,1,3,2,"BC*BSBX","gallj002","kinei001","odorr001","S7/F.3-H;2-H;1-2","T",0,1,2,4,4,"F"
0,0,0,0,"X","","","","53/G","T",1,0,0,0,0,"T"
0,1,2,2,"CFBBS","","","","K","T",1,0,0,0,0,"F"
0,2,0,2,"SSFX","","","","D7/L","T",0,2,0,0,0,"F"
0,2,3,2,"B*BFFBFFFS","","renfh001","","K","T",1,0,0,2,0,"F"
1,0,3,2,"BBCCBX","","","","43/G","T",1,0,0,0,0,"F"
1,1,1,2,"BCSS","","","","K","T",1,0,0,0,0,"F"
1,2,3,2,"CBBSBX","","","","9/F","T",1,0,0,0,0,"F"
0,0,2,1,"BCBX","","","","43/G+","T",1,0,0,0,0,"F"
0,1,3,1,"BCBBB","","","","W","T",0,1,0,0,0,"F"
0,1,0,0,"X","ellia001","","","S7/L.1X3(75)","T",1,1,0,0,0,"F"
0,2,0,2,"FFS","galvf001","","","K","T",1,0,1,0,0,"F"
1,0,3,2,"BBCBCFFB","","","","W","T",0,1,0,0,0,"F"
1,0,1,2,"CBSX","belta001","","","6/L","T",1,0,1,0,0,"F"
1,1,2,1,"BFBX","belta001","","","8/F","T",1,0,1,0,0,"F"
1,2,1,2,"CBFC","belta001","","","K","T",1,0,1,0,0,"F"
0,0,1,0,"BX","","","","3/G","T",1,0,0,0,0,"F"
0,1,1,2,"BCCFX","","","","9/F","T",1,0,0,0,0,"F"
0,2,0,2,"CSFFX","","","","53/G","T",1,0,0,0,0,"F"
1,0,2,2,"CFFBBS","","","","K","T",1,0,0,0,0,"F"
1,1,1,0,"BX","","","","3/G-","T",1,0,0,0,0,"F"
1,2,1,2,"BCCX","","","","S7/G","T",0,1,0,0,0,"F"
1,2,1,0,"BX","choos001","","","9/L","T",1,0,1,0,0,"F"
0,0,0,2,"FSFFX","","","","S5/G","T",0,1,0,0,0,"F"
0,0,2,1,"F*B*BX","renfh001","","","S7/L.1-2","T",0,1,2,0,0,"F"
0,0,0,1,"FX","villc002","renfh001","","5(2)3/GDP.1-2","T",2,0,2,0,0,"F"
0,2,1,0,"BX","","villc002","","63/G-","T",1,0,0,2,0,"F"
1,0,1,0,"BX","","","","53/G","T",1,0,0,0,0,"F"
1,1,3,2,"BCBSBB","","","","W","T",0,1,0,0,0,"F"
1,1,3,2,"BCCBB1FFFS","belta001","","","K","T",1,0,1,0,0,"F"
1,2,0,1,"CB","belta001","","","WP.1-2","F",0,0,2,0,0,"F"
1,2,1,1,"CB.X","","belta001","","3/G","T",1,0,0,2,0,"F"
0,0,1,2,"BSFX","","","","S5/G-","T",0,1,0,0,0,"F"
0,0,1,2,"BCFX","galvf001","","","S5/G.1-2","T",0,1,2,0,0,"F"
0,0,3,2,"BBFBFFX","hedga001","galvf001","","46(1)/FO/G.2-3","T",1,1,0,3,0,"F"
0,1,2,1,"*BS*BX","spanc001","","galvf001","HR/78/F.3-H;1-H","T",0,4,4,0,4,"F"
0,1,1,2,"CBCS","","","","K","T",1,0,0,0,0,"F"
0,2,1,2,"FBSX","","","","S8/G","T",0,1,0,0,0,"F"
0,2,0,1,"F>S","renfh001","","","SB2","F",0,0,2,0,0,"F"
0,2,0,2,"F>S.S","","renfh001","","K","T",1,0,0,2,0,"F"
1,0,2,2,".BBCCH","","","","HP","T",0,1,0,0,0,"F"
1,0,3,1,"BBBCX","chirr001","","","S9/F.1-2","T",0,1,2,0,0,"F"
1,0,1,2,"LL*BC","guzmr001","chirr001","","K","T",1,0,1,2,0,"F"
1,1,0,1,"SX","guzmr001","chirr001","","S9/F.2XH(92);1-3(TH)","T",1,1,3,0,0,"F"
1,2,2,2,"CBBSFFX","choos001","","guzmr001","S9/G.3-H;1-2","T",0,1,2,0,4,"F"
1,2,0,2,".CSX","andre001","choos001","","8/F","T",1,0,1,2,0,"F"
0,0,1,1,"CBX","","","","HR/7/F","T",0,4,0,0,0,"F"
0,0,0,1,".CX","","","","63/G","T",1,0,0,0,0,"F"
0,1,1,2,"CFBX","","","","4/P","T",1,0,0,0,0,"F"
0,2,2,2,"SFBBS","","","","K","T",1,0,0,0,0,"F"
1,0,2,2,"BCBFX","","","","63/G","T",1,0,0,0,0,"F"
1,1,0,0,"X","","","","S9/L+","T",0,1,0,0,0,"F"
1,1,0,1,"CX","odorr001","","","S8/L.1-2","T",0,1,2,0,0,"F"
1,1,1,2,"BSSFX","profj001","odorr001","","S7/L.2-H;1-3","T",0,1,3,4,0,"F"
1,1,2,2,"CS*BBFX","chirr001","","profj001","E9/SF/F.3-H;1-3;B-2","T",0,2,3,0,4,"F"
1,1,0,2,".FFX","","guzmr001","chirr001","S9/G.3-H;2-3","T",0,1,0,3,4,"F"
1,1,1,0,"1B+3.1X","deshd002","","gallj002","S41/G.3-H(UR);1-3","T",0,1,3,0,5,"F"
1,1,1,1,"BC1X","choos001","","deshd002","9/F/SF.3-H(TUR);1-2","T",1,0,2,0,6,"F"
1,2,0,2,".CFC","","choos001","","K","T",1,0,0,2,0,"F"
0,0,2,2,"..BCSFFBS","","","","K","T",1,0,0,0,0,"F"
0,1,0,1,"SX","","","","8/F","T",1,0,0,0,0,"F"
0,2,0,1,"FX","","","","53/G","T",1,0,0,0,0,"F"
1,0,1,2,"CBSS","","","","K","T",1,0,0,0,0,"F"
1,1,0,0,"X","","","","S1/BG","T",0,1,0,0,0,"F"
1,1,2,1,"BCB>B","odorr001","","","SB2","F",0,0,2,0,0,"F"
1,1,3,2,"BCB>B.CB","","odorr001","","W","T",0,1,0,2,0,"F"
1,1,1,2,"CBFF.X","profj001","odorr001","","D7/L.2-H;1-3","T",0,2,3,4,0,"F"
1,1,1,1,"*BCX","","chirr001","profj001","6/P","T",1,0,0,2,3,"F"
1,2,1,2,"CSFBX","","chirr001","profj001","63/G","T",1,0,0,2,3,"F"
0,0,2,1,".CBBX","","","","4/P","T",1,0,0,0,0,"F"
0,1,2,1,"BFBX","","","","8/F","T",1,0,0,0,0,"F"
0,2,1,0,"BX","","","","43/G","T",1,0,0,0,0,"F"
1,0,1,2,"FBSS","","","","K","T",1,0,0,0,0,"F"
1,1,2,1,"BCBX","","","","63/G","T",1,0,0,0,0,"F"
1,2,1,0,"BX","","","","S5/G-","T",0,1,0,0,0,"F"
1,2,0,2,".FC1X","toccc001","","","9/F","T",1,0,1,0,0,"F"
0,0,2,1,"...BCBX","","","","63/G","T",1,0,0,0,0,"F"
0,1,0,2,"CSS","","","","K","T",1,0,0,0,0,"F"
0,2,2,1,".CBBX","","","","S89/G.B-2(E8)","T",0,2,0,0,0,"F"
0,2,0,0,"X","","jankt001","","S1/G.2-3","T",0,1,0,3,0,"F"
0,2,0,0,"X","spanc001","","jankt001","9/L","T",1,0,1,0,3,"F"
0,0,0,2,"SFX","","","","9/L","T",1,0,0,0,0,"T"
0,1,3,1,"BBBCB","","","","W","T",0,1,0,0,0,"F"
0,1,2,1,"F11BBX","margm001","","","64(1)3/GDP","T",2,0,0,0,0,"F"
1,0,0,0,"X","","","","31/G-","T",1,0,0,0,0,"F"
1,1,2,2,"CCBBX","","","","8/L","T",1,0,0,0,0,"F"
1,2,1,1,"BCX","","","","S8/L+","T",0,1,0,0,0,"F"
1,2,1,2,"CFFBC","mazan001","","","K","T",1,0,1,0,0,"F"
0,0,1,2,"FBFX","","","","8/F","T",1,0,0,0,0,"F"
0,1,1,2,"CBFS","","","","K","T",1,0,0,0,0,"F"
0,2,0,0,"X","","","","63/G-","T",1,0,0,0,0,"F"
1,0,1,0,"BX","","","","HR/9/L","T",0,4,0,0,0,"F"
1,0,3,2,"CBFBBFB","","","","W","T",0,1,0,0,0,"F"
1,0,2,2,"B1BC111F>FX","profj001","","","7/F","T",1,0,1,0,0,"F"
1,1,1,2,"B1CF>B","profj001","","","SB2","F",0,0,2,0,0,"F"
1,1,2,2,"B1CF>B.S","","profj001","","K","T",1,0,0,2,0,"F"
1,2,0,0,"X","","profj001","","6/L","T",1,0,0,2,0,"F"
0,0,1,1,"CBX","","","","13/G-","T",1,0,0,0,0,"F"
0,1,2,1,"CBBX","","","","8/F","T",1,0,0,0,0,"F"
0,2,3,2,"BCCBBFB","","","","W","T",0,1,0,0,0,"F"
0,2,2,1,"SBBX","ellia001","","","S9/L-.1-2","T",0,1,2,0,0,"F"
0,2,1,2,"CT*BS","jankt001","ellia001","","K","T",1,0,1,2,0,"F"
1,0,0,2,"CSC","","","","K","T",1,0,0,0,0,"F"
1,1,1,0,"BX","","","","3/P3F","T",1,0,0,0,0,"F"
1,2,0,1,"CX","","","","S9/L","T",0,1,0,0,0,"F"
1,2,1,1,"CBX","mazan001","","","S67/L.1-2","T",0,1,2,0,0,"F"
1,2,2,1,"CB*BX","belta001","mazan001","","7/L","T",1,0,1,2,0,"F"
0,0,2,2,"CBCBFS","","","","K","T",1,0,0,0,0,"F"
0,1,0,1,"CX","","","","6/P","T",1,0,0,0,0,"F"
0,2,2,2,"SFFBFBS","","","","K","T",1,0,0,0,0,"F"
1,0,1,2,"BCFX","","","","43/G","T",1,0,0,0,0,"F"
1,1,0,0,"X","","","","HR/89/F","T",0,4,0,0,0,"F"
1,1,0,2,"SLX","","","","31/G","T",1,0,0,0,0,"F"
1,2,1,2,"BSCX","","","","9/F","T",1,0,0,0,0,"F"
0,0,3,2,"BBCCBB","","","","W","T",0,1,0,0,0,"F"
0,0,1,2,"CBFFFS","renfh001","","","K","T",1,0,1,0,0,"F"
0,1,1,0,"1B>X","renfh001","","","S9/L.1-3","T",0,1,3,0,0,"F"
0,1,3,1,"1CB1B1BB","galvf001","","renfh001","W.1-2","T",0,1,2,0,3,"F"
0,1,2,2,"SCFBFBFFS","ellia001","galvf001","renfh001","K","T",1,0,1,2,3,"F"
0,2,1,2,"SCBX","ellia001","galvf001","renfh001","8/F","T",1,0,1,2,3,"F"
1,0,1,0,"BX","","","","1/L","T",1,0,0,0,0,"F"
1,1,3,2,"BCBBCX","","","","13/G-","T",1,0,0,0,0,"F"
1,2,2,1,"BSBX","","","","7/F","T",1,0,0,0,0,"F"
0,0,2,1,".BBFX","","","","3/G","T",1,0,0,0,0,"F"
0,1,0,1,"CX","","","","S9/L+","T",0,1,0,0,0,"F"
0,1,1,0,"BX","myerw001","","","4(1)3/GDP","T",2,0,0,0,0,"F"
1,0,3,2,"BBBCCB","","","","W","T",0,1,0,0,0,"F"
1,0,1,0,"BX","belta001","","","7/L+","T",1,0,1,0,0,"F"
1,1,1,2,"BFFS","belta001","","","K","T",1,0,1,0,0,"F"
1,2,2,2,"B*BCFH","belta001","","","HP.1-2","T",0,1,2,0,0,"F"
1,2,3,2,"FBBC*B>B","chirr001","belta001","","W.2-3;1-2","T",0,1,2,3,0,"F"
1,2,1,2,"BFSC","gallj002","chirr001","belta001","K","T",1,0,1,2,3,"F"
0,0,1,2,".CCBS","","","","K","T",1,0,0,0,0,"F"
0,1,1,2,"CBSS","","","","K","T",1,0,0,0,0,"F"
0,2,2,1,"SBBX","","","","S8/L","T",0,1,0,0,0,"F"
0,2,2,2,"CFB+1BT","galvf001","","","K","T",1,0,1,0,0,"F"
1,0,3,2,".CCBBBC","","","","K","T",1,0,0,0,0,"F"
1,1,0,0,"X","","","","7/L+","T",1,0,0,0,0,"F"
1,2,2,2,"BFFFBX","","","","S7/L","T",0,1,0,0,0,"F"
1,2,1,2,"CBFS","mazan001","","","K","T",1,0,1,0,0,"F"
0,0,3,0,".BBBB","","","","W","T",0,1,0,0,0,"F"
0,0,3,2,"CCBB1FFFFBFFFX","jankt001","","","3/P3F","T",1,0,1,0,0,"F"
0,1,1,0,"*BX","jankt001","","","S8/L.1-3","T",0,1,3,0,0,"F"
0,1,0,0,"X","hosme001","","jankt001","D7/L.3-H;1-3","T",0,2,3,0,4,"F"
0,1,0,0,".X","","myerw001","hosme001","7/F/SF.3-H","T",1,0,0,2,4,"F"
0,2,3,2,"B*BBCCFX","","myerw001","","D7/L.2-H","T",0,2,0,4,0,"F"
0,2,0,0,".X","","renfh001","","7/F","T",1,0,0,2,0,"F"
1,0,0,2,"..CFS","","","","K","T",1,0,0,0,0,"F"
1,1,1,2,"SFBS","","","","K","T",1,0,0,0,0,"F"
1,2,2,2,"BFCFBFFS","","","","K","T",1,0,0,0,0,"F"
0,0,0,2,"FFS","","","","K","T",1,0,0,0,0,"F"
0,1,2,0,"BBX","","","","8/F","T",1,0,0,0,0,"F"
0,2,3,2,"BCBCBFC","","","","K","T",1,0,0,0,0,"F"
1,0,2,2,".SBBCS","","","","K","T",1,0,0,0,0,"F"
1,1,0,1,"SX","","","","63/G","T",1,0,0,0,0,"F"
1,2,2,2,"BBCCX","","","","S7/L","T",0,1,0,0,0,"F"
1,2,0,0,".X","rua-r001","","","S7/G.1-2","T",0,1,2,0,0,"F"
1,2,1,2,"CBSFX","andre001","rua-r001","","8/F","T",1,0,1,2,0,"F"
0,0,3,2,"BCBBCS","","","","K","T",1,0,0,0,0,"T"
0,1,1,1,"FBX","","","","13/G-","T",1,0,0,0,0,"F"
0,2,0,0,"X","","","","7/F+","T",1,0,0,0,0,"F"
1,0,1,2,"CCBH","","","","HP","T",0,1,0,0,0,"F"
1,0,0,0,"X","choos001","","","23/BG/SH.1-2","T",1,0,2,0,0,"F"
1,1,1,0,"BX","","choos001","","63/G.2-3","T",1,0,0,3,0,"F"
1,2,1,2,"CBSFH","","","choos001","HP","T",0,1,0,0,3,"F"
1,2,1,1,"BSX","belta001","","choos001","8/F","T",1,0,1,0,3,"F"
0,0,1,0,"BX","","","","8/F+","T",1,0,0,0,0,"F"
0,1,2,2,"BCFBX","","","","9/L","T",1,0,0,0,0,"F"
0,2,0,1,"CX","","","","8/L","T",1,0,0,0,0,"F"
1,0,1,2,"CBFX","","","","13/G-","T",1,0,0,0,0,"F"
1,1,0,1,"CX","","","","3/P","T",1,0,0,0,0,"F"
1,2,1,1,"BCX","","","","D9/G+","T",0,2,0,0,0,"F"
1,2,0,0,"X","","gallj002","","63/G+","T",1,0,0,2,0,"F"
0,0,2,0,"BBX","","","","9/L","T",1,0,0,0,0,"F"
0,1,2,0,"BBX","","","","8/F","T",1,0,0,0,0,"F"
0,2,2,1,"BFBX","","","","6/L","T",1,0,0,0,0,"F"
1,0,2,2,"CBFBX","","","","43/G","T",1,0,0,0,0,"F"
1,1,2,1,"BSBX","","","","8/F","T",1,0,0,0,0,"F"
1,2,0,1,"FX","","","","D7/L+","T",0,2,0,0,0,"F"
1,2,1,1,"BCX","","andre001","","D9/G+.2-H","T",0,2,0,4,0,"F"
1,2,1,1,"CBH","","belta001","","HP","T",0,1,0,2,0,"F"
1,2,1,2,"CCBX","odorr001","belta001","","S7/G.2-H;1-2","T",0,1,2,4,0,"F"
1,2,1,0,"BX","profj001","odorr001","","5(2)/FO/G.1-2","T",1,1,2,0,0,"F"
0,0,3,2,"BFBFBX","","","","8/L+","T",1,0,0,0,0,"F"
0,1,1,1,"BCX","","","","63/G+","T",1,0,0,0,0,"F"
0,2,0,2,"CSX","","","","4/L","T",1,0,0,0,0,"F"
1,0,3,2,"CCBBBB","","","","W","T",0,1,0,0,0,"F"
1,0,3,2,"CBFBFB>X","gallj002","","","8/F","T",1,0,1,0,0,"F"
1,1,0,0,"X","gallj002","","","S7/L.1-3","T",0,1,3,0,0,"F"
1,1,0,1,"1LX","choos001","","gallj002","S3/BG.3-H;1-2","T",0,1,2,0,4,"F"
1,1,1,1,"CBX","deshd002","choos001","","2/P2F","T",1,0,1,2,0,"F"
1,2,1,2,"CBFC","deshd002","choos001","","K","T",1,0,1,2,0,"F"
0,0,1,2,"CBSS","","","","K","T",1,0,0,0,0,"F"
0,1,1,2,"CSBS","","","","K","T",1,0,0,0,0,"F"
0,2,1,0,"BX","","","","63/G+","T",1,0,0,0,0,"F"
1,0,1,2,"FBSS","","","","K","T",1,0,0,0,0,"F"
1,1,2,0,"BBX","","","","D9/L+","T",0,2,0,0,0,"F"
1,1,0,1,"CX","","profj001","","FC6/G.2X3(65)","T",1,1,0,0,0,"F"
1,2,0,2,"C1FS","kinei001","","","K","T",1,0,1,0,0,"F"
0,0,1,2,"BCFFS","","","","K","T",1,0,0,0,0,"F"
0,1,2,2,"BFBFFFX","","","","5/L+","T",1,0,0,0,0,"F"
0,2,3,2,"BBBCFFS","","","","K","T",1,0,0,0,0,"F"
1,0,2,1,"BCBX","","","","63/G","T",1,0,0,0,0,"F"
1,1,1,0,"BX","","","","D9/L+","T",0,2,0,0,0,"F"
1,1,3,1,"BBBCX","","choos001","","8/F.2-3","T",1,0,0,3,0,"F"
1,2,0,1,"CX","","","choos001","9/L","T",1,0,0,0,3,"F"
0,0,0,1,"CX","","","","9/F","T",1,0,0,0,0,"F"
0,1,1,1,"SBX","","","","S8/G+","T",0,1,0,0,0,"F"
0,1,3,2,"BBBCCX","hosme001","","","7/F","T",1,0,1,0,0,"F"
0,2,1,2,"CB1SX","hosme001","","","8/F","T",1,0,1,0,0,"F"
1,0,2,0,"BBX","","","","S7/L","T",0,1,0,0,0,"F"
1,0,0,0,"X","belta001","","","36(1)/FO/G","T",1,1,0,0,0,"F"
1,1,0,0,"X","odorr001","","","9/F","T",1,0,1,0,0,"F"
1,2,0,0,"N","odorr001","","","SB2","F",0,0,2,0,0,"F"
1,2,1,2,"N.FBF>X","","odorr001","","S9/F.2-H;BX2(96)","T",1,0,0,4,0,"F"
0,0,0,0,".X","","","","D7/L+","T",0,2,0,0,0,"F"
0,0,2,2,"FBF*BX","","villc002","","S7/L+.2-3","T",0,1,0,3,0,"F"
0,0,0,2,"SCFFC","pirej001","","villc002","K","T",1,0,1,0,3,"F"
0,1,1,0,"BX","pirej001","","villc002","D9/L+.3-H;1-3","T",0,2,3,0,4,"F"
0,1,3,0,".BBBB","","hedga001","pirej001","W","T",0,1,0,2,3,"F"
0,1,0,0,"X","jankt001","hedga001","pirej001","9/F","T",1,0,1,2,3,"F"
0,2,3,0,"BBBB","jankt001","hedga001","pirej001","W.3-H;2-3;1-2","T",0,1,2,3,4,"F"
0,2,1,2,"SSBS","hosme001","jankt001","hedga001","K","T",1,0,1,2,3,"F"
1,0,1,0,".BX","","","","9/L","T",1,0,0,0,0,"F"
1,1,1,1,"SBX","","","","HR/89/F","T",0,4,0,0,0,"F"
1,1,0,1,"FX","","","","7/F","T",1,0,0,0,0,"F"
1,2,3,2,"CBCBFBB","","","","W","T",0,1,0,0,0,"F"
1,2,2,0,".BBX","deshd002","","","D7/L+.1-3","T",0,2,3,0,0,"F"
1,2,0,2,"CFS","","andre001","deshd002","K","T",1,0,0,2,3,"F"
0,0,2,2,"..BSBCC","","","","K","T",1,0,0,0,0,"F"
0,1,1,2,"BSSX","","","","5/P5F","T",1,0,0,0,0,"F"
0,2,1,2,"CBFC","","","","K","T",1,0,0,0,0,"F"
0,0,1,0,"BX","","","","8/F+","T",1,0,0,0,0,"T"
0,1,1,2,"CFBS","","","","K","T",1,0,0,0,0,"F"
0,2,0,2,"CFFS","","","","K","T",1,0,0,0,0,"F"
1,0,3,2,"CBCFBBFB","","","","W","T",0,1,0,0,0,"F"
1,0,0,2,"FCX","choos001","","","S9/G.1-2","T",0,1,2,0,0,"F"
1,0,2,1,"BSBX","andre001","choos001","","13/G-.2-3;1-2","T",1,0,2,3,0,"F"
1,1,0,1,"C2","","andre001","choos001","PO2(14)","F",1,0,0,0,3,"F"
1,2,1,1,"C2.BX","","","choos001","4/L-","T",1,0,0,0,3,"F"
0,0,3,2,"CBFBBX","","","","6/P","T",1,0,0,0,0,"F"
0,1,2,2,"BBCFX","","","","53/G","T",1,0,0,0,0,"F"
0,2,1,2,"FBSS","","","","K","T",1,0,0,0,0,"F"
1,0,0,0,"X","","","","HR/89/L","T",0,4,0,0,0,"F"
1,0,3,2,"BSFBBX","","","","E4/G","T",0,1,0,0,0,"F"
1,0,3,2,"CBS1B>FB1>B","profj001","","","W.1-2","T",0,1,2,0,0,"F"
1,0,1,2,"BFFFX","gallj002","profj001","","HR/7/F.2-H(UR);1-H","T",0,4,4,5,0,"F"
1,0,3,2,"BFCBBX","","","","S8/G+","T",0,1,0,0,0,"F"
1,0,2,2,"B1BC11F1>X","deshd002","","","8/F","T",1,0,1,0,0,"F"
1,1,1,2,"1FC1BX","deshd002","","","S6/G.1-2","T",0,1,2,0,0,"F"
1,1,1,0,"BX","andre001","deshd002","","HR/89/F.2-H;1-H","T",0,4,4,4,0,"F"
1,1,1,1,"CBX","","","","9/F","T",1,0,0,0,0,"F"
1,2,1,0,"BX","","","","S9/G","T",0,1,0,0,0,"F"
1,2,0,0,"X","odorr001","","","8/L+","T",1,0,1,0,0,"F"
0,0,3,2,"BCFBBX","","","","63/G","T",1,0,0,0,0,"F"
0,1,0,1,"CX","","","","13/G","T",1,0,0,0,0,"F"
0,2,1,2,"CSBS","","","","K","T",1,0,0,0,0,"F"
1,0,3,2,"CBCBBX","","","","HR/8/F","T",0,4,0,0,0,"F"
1,0,0,2,"SFX","","","","8/F","T",1,0,0,0,0,"F"
1,1,3,1,"CBBBB","","","","W","T",0,1,0,0,0,"F"
1,1,0,0,".X","deshd002","","","HR/8/F.1-H","T",0,4,4,0,0,"F"
1,1,2,2,"CFBFBC","","","","K","T",1,0,0,0,0,"F"
1,2,2,1,"BFBX","","","","31/G","T",1,0,0,0,0,"F"
0,0,3,2,"CBFBBFC","","","","K","T",1,0,0,0,0,"F"
0,1,0,0,"X","","","","T8/L+","T",0,3,0,0,0,"F"
0,1,0,0,"X","","","garca003","43/G.3-H","T",1,0,0,0,4,"F"
0,2,1,0,"BX","","","","3/G+","T",1,0,0,0,0,"F"
1,0,1,1,"BFX","","","","5/P","T",1,0,0,0,0,"F"
1,1,0,1,"CX","","","","63/G","T",1,0,0,0,0,"F"
1,2,2,1,"BCBX","","","","D7/L+","T",0,2,0,0,0,"F"
1,2,2,2,"FF*BBS","","profj001","","K","T",1,0,0,2,0,"F"
0,0,0,0,"X","","","","63/G","T",1,0,0,0,0,"F"
0,1,2,1,"BBFX","","","","8/F","T",1,0,0,0,0,"F"
0,2,2,2,"CSBFBX","","","","43/G","T",1,0,0,0,0,"F"
1,0,2,2,"BCFBC","","","","K","T",1,0,0,0,0,"F"
1,1,3,2,"FCFFBBBX","","","","S9/L","T",0,1,0,0,0,"F"
1,1,3,1,"*BBCBX","deshd002","","","56(1)/FO/G","T",1,1,0,0,0,"F"
1,2,0,2,"SFFX","choos001","","","54(1)/FO/G","T",1,1,0,0,0,"F"
0,0,0,1,"CX","","","","43/G","T",1,0,0,0,0,"F"
0,1,0,0,"X","","","","9/F","T",1,0,0,0,0,"F"
0,2,2,2,"CBBFS","","","","K","T",1,0,0,0,0,"F"
1,0,0,0,"X","","","","D7/L","T",0,2,0,0,0,"F"
1,0,3,1,"BCBBX","","mazan001","","63/G","T",1,0,0,2,0,"F"
1,1,0,0,"X","","mazan001","","43/G.2-3","T",1,0,0,3,0,"F"
1,2,2,1,"BBCX","","","mazan001","E7/F.3-H(NR)(UR);B-2","T",0,2,0,0,5,"F"
1,2,1,1,".CBB","","profj001","","WP.2-3","F",0,0,0,3,0,"F"
1,2,2,2,".CBB.SS","","","profj001","K","T",1,0,0,0,3,"F"
0,0,1,1,".BSX","","","","53/G+","T",1,0,0,0,0,"F"
0,1,1,0,"BX","","","","9/F","T",1,0,0,0,0,"F"
0,2,3,2,"BFTFBFB*B","","","","W","T",0,1,0,0,0,"F"
0,2,0,1,"CX","palkd001","","","S8/L.1-3","T",0,1,3,0,0,"F"
0,2,0,2,"FTS","smitk002","","palkd001","K23","T",1,0,1,0,3,"F"
1,0,0,0,"X","","","","43/G","T",1,0,0,0,0,"F"
1,1,1,2,"CBCS","","","","K+WP.B-1","T",0,1,0,0,0,"F"
1,1,1,1,"FBX","deshd002","","","3/G.1-2","T",1,0,2,0,0,"F"
1,2,0,2,"FTX","","deshd002","","63/G","T",1,0,0,2,0,"F"
0,0,0,0,"X","","","","53/G","T",1,0,0,0,0,"F"
0,1,1,1,"CBX","","","","S8/G","T",0,1,0,0,0,"F"
0,1,0,0,"X","tilsc001","","","D7/L+.1-3","T",0,2,3,0,0,"F"
0,1,0,1,".CX","","engea001","tilsc001","3/G.3-H;2-3","T",1,0,0,3,4,"F"
0,2,1,1,"SBX","","","engea001","S6/G.3-H","T",0,1,0,0,4,"F"
0,2,1,2,"BFFX","garca003","","","13/G-","T",1,0,1,0,0,"F"
1,0,1,0,".BX","","","","3/P","T",1,0,0,0,0,"F"
1,1,3,2,".BFBBFX","","","","1/L","T",1,0,0,0,0,"F"
1,2,1,2,"SSBFS","","","","K","T",1,0,0,0,0,"F"
0,0,3,2,"....SBBBSX","","","","8/L+","T",1,0,0,0,0,"F"
0,1,0,2,"CFC","","","","K","T",1,0,0,0,0,"F"
0,2,0,0,"X","","","","63/G+","T",1,0,0,0,0,"F"
0,0,0,0,"X","","","","S8/G+","T",0,1,0,0,0,"T"
0,0,0,2,"C1SX","moncy001","","","D7/L-.1-3","T",0,2,3,0,0,"F"
0,0,0,0,"X","","sancc001","moncy001","FC6/G.3XH(62)","T",1,1,0,2,0,"F"
0,1,0,0,"X","abrej003","sancc001","","8/F.2-3","T",1,0,1,3,0,"F"
0,2,0,0,"X","abrej003","","sancc001","6(1)/FO/G","T",1,1,0,0,3,"F"
1,0,0,1,"CX","","","","63/G","T",1,0,0,0,0,"F"
1,1,3,2,"CBBFBX","","","","53/G","T",1,0,0,0,0,"F"
1,2,1,2,"CBSX","","","","5/L","T",1,0,0,0,0,"F"
0,0,1,2,"CCBX","","","","D9/L","T",0,2,0,0,0,"F"
0,0,0,2,"FFS","","davim005","","K","T",1,0,0,2,0,"F"
0,1,1,2,"CBFX","","davim005","","S6/G.2-3","T",0,1,0,3,0,"F"
0,1,2,2,"FBSBX","narvo001","","davim005","D7/L.3-H;1-3","T",0,2,3,0,4,"F"
0,1,3,2,"BBCSFBFB","","engea001","narvo001","W","T",0,1,0,2,3,"F"
0,1,3,1,"BBBCX","moncy001","engea001","narvo001","9/L/SF.3-H;2-3","T",1,0,1,3,4,"F"
0,2,3,2,"BBSFFFB>B","moncy001","","engea001","W.1-2","T",0,1,2,0,3,"F"
0,2,3,1,"SBBBX","abrej003","moncy001","engea001","43/G+","T",1,0,1,2,3,"F"
1,0,3,2,"BCBFFBC","","","","K","T",1,0,0,0,0,"F"
1,1,1,2,"CBFS","","","","K","T",1,0,0,0,0,"F"
1,2,3,2,"BCFBBS","","","","K23","T",1,0,0,0,0,"F"
0,0,1,1,"CBX","","","","31/G","T",1,0,0,0,0,"F"
0,1,2,2,"CBFBT","","","","K","T",1,0,0,0,0,"F"
0,2,0,1,"CX","","","","S6/G","T",0,1,0,0,0,"F"
0,2,0,1,"11C1X","andet001","","","43/G-","T",1,0,1,0,0,"F"
1,0,1,1,"CBX","","","","53/G","T",1,0,0,0,0,"F"
1,1,1,1,"BCX","","","","HR/8/F","T",0,4,0,0,0,"F"
1,1,0,1,"CX","","","","143/G","T",1,0,0,0,0,"F"
1,2,2,2,"BFFBX","","","","8/F","T",1,0,0,0,0,"F"
0,0,0,0,"X","","","","7/F","T",1,0,0,0,0,"F"
0,1,0,0,"X","","","","8/L","T",1,0,0,0,0,"F"
0,2,1,2,"CCBFX","","","","53/G","T",1,0,0,0,0,"F"
1,0,1,2,"FLBX","","","","8/F","T",1,0,0,0,0,"F"
1,1,1,0,"BX","","","","S8/G+","T",0,1,0,0,0,"F"
1,1,1,2,"BFFX","mazan001","","","7/F","T",1,0,1,0,0,"F"
1,2,3,2,"FFB*BB>B","mazan001","","","W.1-2","T",0,1,2,0,0,"F"
1,2,3,0,"B*BBB","odorr001","mazan001","","W.2-3;1-2","T",0,1,2,3,0,"F"
1,2,0,1,"CX","profj001","odorr001","mazan001","D9/L.3-H;2-H;1-H","T",0,2,4,4,4,"F"
1,2,0,1,"SX","","chirr001","","43/G","T",1,0,0,2,0,"F"
0,0,1,1,"CBX","","","","53/G+","T",1,0,0,0,0,"F"
0,1,0,0,"X","","","","8/F","T",1,0,0,0,0,"F"
0,2,0,2,"CFFX","","","","43/G","T",1,0,0,0,0,"F"
1,0,1,0,"BX","","","","HR/89/F","T",0,4,0,0,0,"F"
1,0,2,0,"BBX","","","","9/F","T",1,0,0,0,0,"F"
1,1,0,1,"FX","","","","4/P","T",1,0,0,0,0,"F"
1,2,0,0,"X","","","","43/G","T",1,0,0,0,0,"F"
0,0,0,2,"FFX","","","","HR/8/F","T",0,4,0,0,0,"F"
0,0,0,0,".X","","","","53/G-","T",1,0,0,0,0,"F"
0,1,0,2,"CSS","","","","K","T",1,0,0,0,0,"F"
0,2,0,0,"X","","","","S8/G+","T",0,1,0,0,0,"F"
0,2,0,2,"C+11FX","engea001","","","5/P5F","T",1,0,1,0,0,"F"
1,0,1,0,"BX","","","","S7/G","T",0,1,0,0,0,"F"
1,0,3,2,"BS*BBFFX","belta001","","","4/P","T",1,0,1,0,0,"F"
1,1,3,2,"BFC*BBX","belta001","","","S8/F.1-2","T",0,1,2,0,0,"F"
1,1,1,2,".FBSS","profj001","belta001","","K","T",1,0,1,2,0,"F"
1,2,1,1,"FBX","profj001","belta001","","43/G+","T",1,0,1,2,0,"F"
0,0,0,0,"X","","","","S7/L","T",0,1,0,0,0,"F"
0,0,2,2,"BCCBX","sancc001","","","46(1)3/GDP","T",2,0,0,0,0,"F"
0,2,2,2,"SBBFX","","","","HR/8/F","T",0,4,0,0,0,"F"
0,2,0,0,"X","","","","8/L","T",1,0,0,0,0,"F"
1,0,0,2,"CCC","","","","K","T",1,0,0,0,0,"F"
1,1,1,0,".BX","","","","S68/G","T",0,1,0,0,0,"F"
1,1,0,0,"1","deshd002","","","PO1(E1).1-2","F",0,0,2,0,0,"F"
1,1,2,0,"1.BB>C","","deshd002","","SB3.2-H(UR)(E2/TH)(NR)","F",0,0,0,5,0,"F"
1,1,2,2,"1.BB>C.CS","","","","K","T",1,0,0,0,0,"F"
1,2,2,2,".CFFBBX","","","","6/P","T",1,0,0,0,0,"F"
0,0,2,2,"..CTBFBX","","","","S6/G+","T",0,1,0,0,0,"F"
0,0,1,1,"BFX","davim005","","","8/F","T",1,0,1,0,0,"F"
0,1,3,2,"BBBCCB","davim005","","","W.1-2","T",0,1,2,0,0,"F"
0,1,0,2,"..CSS","narvo001","davim005","","K","T",1,0,1,2,0,"F"
0,2,2,2,"C*BBSC","narvo001","davim005","","K","T",1,0,1,2,0,"F"
1,0,1,1,".BFX","","","","S8/L","T",0,1,0,0,0,"F"
1,0,3,2,"BBFBCFFX","belta001","","","S9/G+.1-2","T",0,1,2,0,0,"F"
1,0,0,0,".B","odorr001","belta001","","PB.2-3;1-2","F",0,0,2,3,0,"F"
1,0,3,1,".B.BCBX","","odorr001","belta001","D9/G.3-H;2-H","T",0,2,0,4,4,"F"
1,0,3,1,"BSBBX","","profj001","","S1/G-.2-3","T",0,1,0,3,0,"F"
1,0,3,2,"BCBTB>B","chirr001","","profj001","W.1-2","T",0,1,2,0,3,"F"
1,0,3,2,"FBFB*BB","gallj002","chirr001","profj001","W.3-H;2-3;1-2","T",0,1,2,3,4,"F"
1,0,0,2,"FCFX","toccc001","gallj002","chirr001","8/L/SF.3-H","T",1,0,1,2,4,"F"
1,1,1,1,"BFX","toccc001","gallj002","","T8/L.2-H;1-H","T",0,3,4,4,0,"F"
1,1,2,1,"BC*BX","","","andre001","S8/L.3-H","T",0,1,0,0,4,"F"
1,1,3,2,".BCF*BF*BF*B","mazan001","","","W.1-2","T",0,1,2,0,0,"F"
1,1,3,2,"CF*B*BBFFFS","belta001","mazan001","","K","T",1,0,1,2,0,"F"
1,2,3,1,"BCBBX","belta001","mazan001","","4/L","T",1,0,1,2,0,"F"
0,0,2,2,".CBBFC","","","","K","T",1,0,0,0,0,"F"
0,1,1,2,"CCBFX","","","","S8/G","T",0,1,0,0,0,"F"
0,1,0,0,"X","abrej003","","","54(1)/FO/G","T",1,1,0,0,0,"F"
0,2,2,2,"BCBFFX","garca003","","","43/G","T",1,0,1,0,0,"F"
0,0,2,2,"BFBFX","","","","S7/L+","T",0,1,0,0,0,"T"
0,0,1,0,"BX","andet001","","","D8/L+.1-3","T",0,2,3,0,0,"F"
0,0,1,2,"CF*BX","","garca003","andet001","43/G.3-H;2-3","T",1,0,0,3,4,"F"
0,1,1,2,"CSBX","","","garca003","63/G","T",1,0,0,0,3,"F"
0,2,0,2,"SSFS","","","garca003","K","T",1,0,0,0,3,"F"
1,0,1,2,"BFCX","","","","8/F","T",1,0,0,0,0,"F"
1,1,0,2,"CSX","","","","S8/L","T",0,1,0,0,0,"F"
1,1,3,2,"BF1BT>F1B>X","andre001","","","53/G.1-2","T",1,0,2,0,0,"F"
1,2,0,2,"CFC","","andre001","","K","T",1,0,0,2,0,"F"
0,0,0,2,"CSS","","","","K","T",1,0,0,0,0,"F"
0,1,1,0,"BX","","","","8/F","T",1,0,0,0,0,"F"
0,2,1,2,"CSBX","","","","63/G","T",1,0,0,0,0,"F"
1,0,3,2,"BBBCCB","","","","W","T",0,1,0,0,0,"F"
1,0,1,2,"SF1BX","odorr001","","","4/P","T",1,0,1,0,0,"F"
1,1,2,1,"CB1B>B","odorr001","","","SB2","F",0,0,2,0,0,"F"
1,1,3,2,"CB1B>B.CC","","odorr001","","K","T",1,0,0,2,0,"F"
1,2,0,1,"CX","","odorr001","","63/G","T",1,0,0,2,0,"F"
0,0,3,1,"CBBBX","","","","D7/L+","T",0,2,0,0,0,"F"
0,0,3,2,"BSBF*BS","","engea001","","K","T",1,0,0,2,0,"F"
0,1,1,0,"BN","","engea001","","BK.2-3","F",0,0,0,3,0,"F"
0,1,1,2,"BN.SFS","","","engea001","K","T",1,0,0,0,3,"F"
0,2,2,0,"*BBX","","","engea001","T9/L.3-H","T",0,3,0,0,4,"F"
0,2,0,0,"X","","","abrej003","8/F","T",1,0,0,0,3,"F"
1,0,2,2,"CFBBX","","","","43/G","T",1,0,0,0,0,"F"
1,1,2,1,"CBBX","","","","8/L+","T",1,0,0,0,0,"F"
1,2,1,0,"BX","","","","3/G-","T",1,0,0,0,0,"F"
0,0,0,2,"CSFX","","","","63/G","T",1,0,0,0,0,"F"
0,1,1,1,"BSX","","","","63/G","T",1,0,0,0,0,"F"
0,2,1,1,"BCX","","","","63/G","T",1,0,0,0,0,"F"
1,0,0,1,"CX","","","","3/G+","T",1,0,0,0,0,"F"
1,1,2,2,"CBFBFX","","","","S8/L.B-3(E8)","T",0,3,0,0,0,"F"
1,1,1,0,"BX","","","profj001","S9/L+.3-H","T",0,1,0,0,4,"F"
1,1,0,0,"X","odorr001","","","D57/G.1-3","T",0,2,3,0,0,"F"
1,1,3,0,"VVVV","","rua-r001","odorr001","IW","T",0,1,0,2,3,"F"
1,1,3,2,"BBCBFS","gallj002","rua-r001","odorr001","K","T",1,0,1,2,3,"F"
1,2,3,0,"BBBB","gallj002","rua-r001","odorr001","W.3-H;2-3;1-2","T",0,1,2,3,4,"F"
1,2,1,2,"CBFC","deshd002","gallj002","rua-r001","K","T",1,0,1,2,3,"F"
0,0,1,1,"CBX","","","","6/L","T",1,0,0,0,0,"F"
0,1,0,2,"CCS","","","","K+WP.B-1","T",0,1,0,0,0,"F"
0,1,0,0,"X","engea001","","","D7/G.1-H;B-3(TH)","T",0,3,4,0,0,"F"
0,1,0,0,"X","","","andet001","S7/G+.3-H","T",0,1,0,0,4,"F"
0,1,0,2,"FFX","garca003","","","S6/G.1-2","T",0,1,2,0,0,"F"
0,1,1,1,"S*BX","abrej003","garca003","","D7/L+.2-H;1-H","T",0,2,4,4,0,"F"
0,1,1,2,"CBFFS","","davim005","","K","T",1,0,0,2,0,"F"
0,2,0,0,"X","","davim005","","S9/L.2-H;B-2(TH)","T",0,2,0,4,0,"F"
0,2,1,2,"FFBS","","smitk002","","K","T",1,0,0,2,0,"F"
1,0,0,1,".CX","","","","53/G","T",1,0,0,0,0,"F"
1,1,1,2,"BCCX","","","","S9/G+","T",0,1,0,0,0,"F"
1,1,0,2,"SCFFS","mazan001","","","K","T",1,0,1,0,0,"F"
1,2,2,2,"*BBCCX","mazan001","","","S5/G+.1-2","T",0,1,2,0,0,"F"
1,2,0,2,"CSX","odorr001","mazan001","","4/P","T",1,0,1,2,0,"F"
0,0,3,2,".FBBBCX","","","","3/G-","T",1,0,0,0,0,"F"
0,1,1,0,"BX","","","","S8/G+","T",0,1,0,0,0,"F"
0,1,0,1,".CX","engea001","","","36(1)1/GDP","T",2,0,0,0,0,"F"
1,0,1,2,"BCSX","","","","63/G","T",1,0,0,0,0,"F"
1,1,1,1,"BFX","","","","S8/L","T",0,1,0,0,0,"F"
1,1,3,2,"BFBF*B>S","kinei001","","","K+SB2","T",1,0,2,0,0,"F"
1,2,0,2,"FCFX","","kinei001","","8/L","T",1,0,0,2,0,"F"
0,0,0,2,"CSX","","","","T9/G+","T",0,3,0,0,0,"F"
0,0,0,1,"CX","","","garca003","8/L/SF.3-H","T",1,0,0,0,4,"F"
0,1,1,0,"BX","","","","S7/L+","T",0,1,0,0,0,"F"
0,1,1,2,"BCSS","davim005","","","K","T",1,0,1,0,0,"F"
0,2,1,2,"BSFX","davim005","","","54(1)/FO/G","T",1,1,0,0,0,"F"
1,0,2,2,"BFSFBFX","","","","3/L","T",1,0,0,0,0,"F"
1,1,2,1,".FBBX","","","","13/L","T",1,0,0,0,0,"F"
1,2,0,1,"CX","","","","63/G","T",1,0,0,0,0,"F"
0,0,1,0,"..BX","","","","7/L","T",1,0,0,0,0,"F"
0,1,2,1,"SBBX","","","","1/L","T",1,0,0,0,0,"F"
0,2,1,2,"FBFX","","","","63/G","T",1,0,0,0,0,"F"
1,0,3,1,"BBBCB","","","","W","T",0,1,0,0,0,"F"
1,0,1,0,"BX","odorr001","","","S9/L+.1-3","T",0,1,3,0,0,"F"
1,0,0,0,".X","rua-r001","","odorr001","T8/L.3-H;1-H","T",0,3,4,0,4,"F"
1,0,2,1,"BCBX","","","gallj002","53/G.3-H","T",1,0,0,0,4,"F"
1,1,3,1,"BCBB*B","","","","W","T",0,1,0,0,0,"F"
1,1,3,2,"B1CC*BF*B>B","deshd002","","","W.1-2","T",0,1,2,0,0,"F"
1,1,0,0,".X","choos001","deshd002","","8/F","T",1,0,1,2,0,"F"
1,2,3,2,".BFSBB>C","choos001","deshd002","","K","T",1,0,1,2,0,"F"
0,0,0,0,"....X","","","","8/F","T",1,0,0,0,0,"F"
0,1,1,1,"BCX","","","","D7/L+","T",0,2,0,0,0,"F"
0,1,3,0,"VVVV","","garca003","","IW","T",0,1,0,2,0,"F"
0,1,1,2,"BFFX","abrej003","garca003","","S8/L.2-H;1-3","T",0,1,3,4,0,"F"
0,1,0,0,"X","davim005","","abrej003","13/BG/SH.3-H;1-2","T",1,0,2,0,4,"F"
0,2,2,2,"BBSFX","","davim005","","13/G","T",1,0,0,2,0,"F"
1,0,2,2,"CBBFX","","","","3/G","T",1,0,0,0,0,"F"
1,1,2,1,"CBBX","","","","S8/L","T",0,1,0,0,0,"F"
1,1,0,1,"CX","odorr001","","","S7/L.1-2","T",0,1,2,0,0,"F"
1,1,2,2,"CBSBS","rua-r001","odorr001","","K","T",1,0,1,2,0,"F"
1,2,0,2,"CFS","rua-r001","odorr001","","K","T",1,0,1,2,0,"F"
0,0,0,1,"FX","","","","3/P","T",1,0,0,0,0,"T"
0,1,2,2,"CBBCX","","","","S9/L","T",0,1,0,0,0,"F"
0,1,0,1,"F1X","brega001","","","13/BG/SH.1-2","T",1,0,2,0,0,"F"
0,2,1,2,"BCFFX","","brega001","","D7/L+.2-H","T",0,2,0,4,0,"F"
0,2,3,2,"FBF*B*BB","","gurry001","","W","T",0,1,0,2,0,"F"
0,2,2,1,"BCBX","gatte001","gurry001","","D9/L+.2-H;1-3","T",0,2,3,4,0,"F"
0,2,2,2,"BFC*BH","","reddj001","gatte001","HP","T",0,1,0,2,3,"F"
0,2,0,1,"CX","stasm001","reddj001","gatte001","8/L","T",1,0,1,2,3,"F"
1,0,2,2,".BCFFBFS","","","","K","T",1,0,0,0,0,"F"
1,1,0,2,"CFFS","","","","K","T",1,0,0,0,0,"F"
1,2,2,2,"CFBBC","","","","K","T",1,0,0,0,0,"F"
0,0,3,1,"BBCBB","","","","W","T",0,1,0,0,0,"F"
0,0,2,2,"B11CB1F1H","kempt001","","","HP.1-2","T",0,1,2,0,0,"F"
0,0,1,2,"BFFX","sprig001","kempt001","","2/P2F","T",1,0,1,2,0,"F"
0,1,1,1,"FBX","sprig001","kempt001","","9/L","T",1,0,1,2,0,"F"
0,2,2,2,"BBSFC","sprig001","kempt001","","K","T",1,0,1,2,0,"F"
1,0,2,2,"CBSBFC","","","","K","T",1,0,0,0,0,"F"
1,1,3,2,"BCBBCX","","","","3/G","T",1,0,0,0,0,"F"
1,2,0,2,"CSC","","","","K","T",1,0,0,0,0,"F"
0,0,3,2,"BSBBCX","","","","53/G-","T",1,0,0,0,0,"F"
0,1,2,2,"CBFBFFX","","","","HR/9/F","T",0,4,0,0,0,"F"
0,1,1,1,"BCX","","","","S8/G","T",0,1,0,0,0,"F"
0,1,2,2,"B1CCFBS","fedet001","","","K","T",1,0,1,0,0,"F"
0,2,1,0,"BX","fedet001","","","HR/89/F.1-H","T",0,4,4,0,0,"F"
0,2,1,2,"SBFS","","","","K","T",1,0,0,0,0,"F"
1,0,2,2,"CBFFBS","","","","K","T",1,0,0,0,0,"F"
1,1,0,1,"CX","","","","S7/L","T",0,1,0,0,0,"F"
1,1,0,0,"X","guzmr001","","","D8/L.1-H","T",0,2,4,0,0,"F"
1,1,3,0,"BBBB","","deshd002","","W","T",0,1,0,2,0,"F"
1,1,1,1,"FBX","choos001","deshd002","","9/FL.2-3","T",1,0,1,3,0,"F"
1,2,0,0,"X","choos001","","deshd002","3/G","T",1,0,1,0,3,"F"
0,0,2,1,"BCBX","","","","S7/G+","T",0,1,0,0,0,"F"
0,0,0,0,"X","brega001","","","9/L","T",1,0,1,0,0,"F"
0,1,0,0,"1X","brega001","","","9/L","T",1,0,1,0,0,"F"
0,2,0,0,"X","brega001","","","53/G","T",1,0,1,0,0,"F"
1,0,3,2,"BFBBFFX","","","","63/G","T",1,0,0,0,0,"F"
1,1,3,2,"BBBCFX","","","","3/G-","T",1,0,0,0,0,"F"
1,2,2,2,"BFFBX","","","","7/F","T",1,0,0,0,0,"F"
0,0,0,1,"CX","","","","43/G","T",1,0,0,0,0,"F"
0,1,2,2,"CBBFFS","","","","K","T",1,0,0,0,0,"F"
0,2,2,0,"BBX","","","","S9/L","T",0,1,0,0,0,"F"
0,2,1,2,"FBFX","gonzm002","","","9/L","T",1,0,1,0,0,"F"
1,0,0,0,"X","","","","53/G-","T",1,0,0,0,0,"F"
1,1,3,2,"CFBBFFBX","","","","D9/L","T",0,2,0,0,0,"F"
1,1,0,1,"CX","","guzmr001","","63/G.2-3","T",1,0,0,3,0,"F"
1,2,1,2,"FCBX","","","guzmr001","S7/G.3-H","T",0,1,0,0,4,"F"
1,2,1,2,"CCFBX","choos001","","","13/G","T",1,0,1,0,0,"F"
0,0,3,1,"BBBCX","","","","S9/L","T",0,1,0,0,0,"F"
0,0,0,1,"CX","sprig001","","","7/L","T",1,0,1,0,0,"F"
0,1,1,2,"BCSX","sprig001","","","3/L/DP.1X1(3)","T",2,0,0,0,0,"F"
1,0,0,1,"CX","","","","31/G","T",1,0,0,0,0,"F"
1,1,2,0,"BBX","","","","S8/L+","T",0,1,0,0,0,"F"
1,1,1,2,"BCFX","belta001","","","9/F","T",1,0,1,0,0,"F"
1,2,0,0,"X","belta001","","","53/G+","T",1,0,1,0,0,"F"
0,0,0,0,".X","","","","9/F","T",1,0,0,0,0,"F"
0,1,1,1,"CBX","","","","8/F","T",1,0,0,0,0,"F"
0,2,1,0,"BX","","","","7/F","T",1,0,0,0,0,"F"
1,0,1,2,"CBFS","","","","K","T",1,0,0,0,0,"F"
1,1,3,2,"BBCFFBX","","","","31/G","T",1,0,0,0,0,"F"
1,2,1,2,"CSBX","","","","8/L","T",1,0,0,0,0,"F"
0,0,2,2,"BCBSS","","","","K","T",1,0,0,0,0,"F"
0,1,2,2,"CBB.CC","","","","K","T",1,0,0,0,0,"F"
0,2,3,0,"BBBB","","","","W","T",0,1,0,0,0,"F"
0,2,2,2,"FBC*B1","kempt001","","","POCS2(1341)","F",1,0,0,0,0,"F"
1,0,3,2,"....FBBBLFB","","","","W","T",0,1,0,0,0,"F"
1,0,3,2,"FB1CBFFFB>X","choos001","","","S9/L.1-2","T",0,1,2,0,0,"F"
1,0,0,2,"SSS","andre001","choos001","","K","T",1,0,1,2,0,"F"
1,1,3,0,"BBBB","andre001","choos001","","W.2-3;1-2","T",0,1,2,3,0,"F"
1,1,0,2,".CCX","belta001","andre001","choos001","36(1)/FO/G.3-H;2-3","T",1,1,0,3,4,"F"
1,2,2,2,"..BSB>F>FF>F1>F1*B","odorr001","","andre001","SB2","F",0,0,2,0,3,"F"
1,2,3,2,"..BSB>F>FF>F1>F1*B.FFB","","odorr001","andre001","W","T",0,1,0,2,3,"F"
1,2,1,2,"SBSFS","gallj002","odorr001","andre001","K","T",1,0,1,2,3,"F"
0,0,3,2,"..CBBBSFFFB","","","","W","T",0,1,0,0,0,"F"
0,0,0,0,"X","sprig001","","","4/L/DP.1X1(43)","T",2,0,0,0,0,"F"
0,2,3,2,"BBBCSS","","","","K","T",1,0,0,0,0,"F"
1,0,1,1,"CBX","","","","3/G","T",1,0,0,0,0,"F"
1,1,1,2,"CBSFFS","","","","K","T",1,0,0,0,0,"F"
1,2,1,2,"CBSX","","","","S4/G","T",0,1,0,0,0,"F"
1,2,2,2,"S*BS*BX","choos001","","","46(1)/FO/G","T",1,1,0,0,0,"F"
0,0,1,2,"BFFS","","","","K","T",1,0,0,0,0,"T"
0,1,0,2,"CST","","","","K","T",1,0,0,0,0,"F"
0,2,0,0,"X","","","","8/F+","T",1,0,0,0,0,"F"
1,0,1,1,"FBX","","","","8/F+","T",1,0,0,0,0,"F"
1,1,3,1,"BSBBX","","","","8/L","T",1,0,0,0,0,"F"
1,2,0,2,"FFC","","","","K","T",1,0,0,0,0,"F"
0,0,1,2,"BCFX","","","","9/F","T",1,0,0,0,0,"F"
0,1,1,0,"BX","","","","53/G-","T",1,0,0,0,0,"F"
0,2,0,1,"CX","","","","S8/G","T",0,1,0,0,0,"F"
0,2,2,1,"BBC1X","reddj001","","","5/L","T",1,0,1,0,0,"F"
1,0,0,1,"SH","","","","HP","T",0,1,0,0,0,"F"
1,0,1,2,"CCB>B","profj001","","","SB2","F",0,0,2,0,0,"F"
1,0,2,2,"CCB>B.S","","profj001","","K23","T",1,0,0,2,0,"F"
1,1,1,2,"SBFX","","profj001","","D7/G.2-H","T",0,2,0,4,0,"F"
1,1,0,2,"CCFFS","","chirr001","","K","T",1,0,0,2,0,"F"
1,2,2,2,"BBCSS","","chirr001","","K","T",1,0,0,2,0,"F"
0,0,3,1,"BBFB*B","","","","W","T",0,1,0,0,0,"F"
0,0,1,1,"BFX","fedet001","","","8/F","T",1,0,1,0,0,"F"
0,1,1,2,"SBFS","fedet001","","","K","T",1,0,1,0,0,"F"
0,2,3,2,"FBBBF>F>B","fedet001","","","W.1-2","T",0,1,2,0,0,"F"
0,2,1,1,"BSX","brega001","fedet001","","5(2)/FO/G.1-2","T",1,1,2,0,0,"F"
1,0,1,2,"BCFFX","","","","13/G","T",1,0,0,0,0,"F"
1,1,2,0,"BBX","","","","HR/78/F","T",0,4,0,0,0,"F"
1,1,1,0,"BX","","","","S7/F","T",0,1,0,0,0,"F"
1,1,0,0,"1X","andre001","","","7/F","T",1,0,1,0,0,"F"
1,2,2,0,"1BBB","andre001","","","WP.1-2","F",0,0,2,0,0,"F"
1,2,3,2,"1BBB.CCX","","andre001","","S9/L.2-H","T",0,1,0,4,0,"F"
1,2,1,1,"FB1X","profj001","","","D9/L.1-H","T",0,2,4,0,0,"F"
1,2,3,1,"BBSBB","","odorr001","","W+PB.2-3","T",0,1,0,3,0,"F"
1,2,1,0,"BX","chirr001","","odorr001","43/G","T",1,0,1,0,3,"F"
0,0,0,1,"CX","","","","D8/L","T",0,2,0,0,0,"F"
0,0,2,2,"BFF*BFFFX","","gurry001","","3/G.2-3","T",1,0,0,3,0,"F"
0,1,3,2,"FFBBBX","","","gurry001","HR/89/L.3-H","T",0,4,0,0,4,"F"
0,1,1,2,"SBFX","","","","E5/TH/G","T",0,1,0,0,0,"F"
0,1,1,1,"BCX","gonzm002","","","D7/L.1-3","T",0,2,3,0,0,"F"
0,1,0,0,"X","","fedet001","gonzm002","9/F","T",1,0,0,2,3,"F"
0,2,3,0,"BBBB","","fedet001","gonzm002","W","T",0,1,0,2,3,"F"
0,2,1,1,"TBX","sprig001","fedet001","gonzm002","S7/L.3-H(UR);2-3;1-2","T",0,1,2,3,5,"F"
0,2,0,0,"X","brega001","sprig001","fedet001","5(2)/FO/G.1-2","T",1,1,2,0,3,"F"
1,0,3,2,"BFFFFFBBX","","","","8/F","T",1,0,0,0,0,"F"
1,1,0,2,"LCFS","","","","K","T",1,0,0,0,0,"F"
1,2,0,2,"CSX","","","","S8/G","T",0,1,0,0,0,"F"
1,2,1,2,"CBSX","choos001","","","S9/L.1-2","T",0,1,2,0,0,"F"
1,2,3,2,"SSBBFB>F>S","andre001","choos001","","K","T",1,0,1,2,0,"F"
0,0,0,0,"X","","","","HR/7/F","T",0,4,0,0,0,"F"
0,0,0,2,"CFX","","","","S9/F","T",0,1,0,0,0,"F"
0,0,0,0,"X","gatte001","","","7/F","T",1,0,1,0,0,"F"
0,1,2,2,"CC*BBX","gatte001","","","64(1)3/GDP","T",2,0,0,0,0,"F"
1,0,1,2,"CCBX","","","","S5/G-","T",0,1,0,0,0,"F"
1,0,3,2,"BBSBSB","profj001","","","W.1-2","T",0,1,2,0,0,"F"
1,0,1,2,"FBFFFFFX","odorr001","profj001","","64(1)3/GDP.2-3","T",2,0,0,3,0,"F"
1,2,0,2,"SSS","","","profj001","K","T",1,0,0,0,3,"F"
0,0,2,2,"FBBFFX","","","","7/L","T",1,0,0,0,0,"F"
0,1,0,0,"X","","","","63/G","T",1,0,0,0,0,"F"
0,2,3,2,"BBSFBS","","","","K","T",1,0,0,0,0,"F"
1,0,2,2,".CBBSX","","","","S5/G","T",0,1,0,0,0,"F"
1,0,0,0,"X","guzmr001","","","S5/BG.1-2","T",0,1,2,0,0,"F"
1,0,0,0,"X","deshd002","guzmr001","","153/SH/BG.2-3;1-2","T",1,0,2,3,0,"F"
1,1,3,1,"BBFBX","","deshd002","guzmr001","63/G","T",1,0,0,2,3,"F"
1,2,3,2,"C*BC*BBS","","deshd002","guzmr001","K","T",1,0,0,2,3,"F"
0,0,0,0,".X","","","","6/P","T",1,0,0,0,0,"F"
0,1,2,2,"CBFBFFX","","","","3/P3F","T",1,0,0,0,0,"F"
0,2,0,0,"X","","","","2/P2F","T",1,0,0,0,0,"F"
1,0,2,2,".BSBFX","","","","9/F","T",1,0,0,0,0,"F"
1,1,3,2,"CBSBBX","","","","4/P","T",1,0,0,0,0,"F"
1,2,2,2,"SBBCFS","","","","K","T",1,0,0,0,0,"F"
0,0,1,0,".BX","","","","63/G","T",1,0,0,0,0,"F"
0,1,3,1,"BFBBX","","","","S7/L","T",0,1,0,0,0,"F"
0,1,0,1,"C1X","reddj001","","","64(1)3/GDP","T",2,0,0,0,0,"F"
1,0,2,2,"CBSFFBX","","","","8/L+","T",1,0,0,0,0,"F"
1,1,0,1,"CX","","","","S7/G","T",0,1,0,0,0,"F"
1,1,0,0,".X","rua-r001","","","13/BG/SH.1-2","T",1,0,2,0,0,"F"
1,2,1,2,"FBSX","","rua-r001","","8/L","T",1,0,0,2,0,"F"
0,0,3,2,"...BBFFBX","","","","7/L","T",1,0,0,0,0,"F"
0,1,1,1,"BFX","","","","43/G","T",1,0,0,0,0,"F"
0,2,1,1,"CBX","","","","9/L","T",1,0,0,0,0,"F"
1,0,2,2,"BFBCF","","","","FLE2","F",0,0,0,0,0,"F"
1,0,3,2,"BFBCFBX","","","","5/P5F","T",1,0,0,0,0,"F"
1,1,1,2,"FCBFX","","","","53/G","T",1,0,0,0,0,"F"
1,2,0,1,"CX","","","","8/L","T",1,0,0,0,0,"F"
0,0,3,2,".BBCBFX","","","","63/G","T",1,0,0,0,0,"F"
0,1,2,2,"BFBFX","","","","S8/G","T",0,1,0,0,0,"F"
0,1,0,2,"FFH","altuj001","","","HP.1-2","T",0,1,2,0,0,"F"
0,1,1,1,"FB2","gurry001","altuj001","","PO2(E1).2-3;1-2","F",0,0,2,3,0,"F"
0,1,1,2,"FB2.FX","","gurry001","altuj001","8/L/SF.3-H;2-3","T",1,0,0,3,4,"F"
0,2,3,0,"VVVV","","","gurry001","IW","T",0,1,0,0,3,"F"
0,2,0,0,">B","reddj001","","gurry001","SB2","F",0,0,2,0,3,"F"
0,2,3,0,">B.BBV","","reddj001","gurry001","IW","T",0,1,0,2,3,"F"
0,2,2,2,"CSB*BX","gonzm002","reddj001","gurry001","9/F9LF","T",1,0,1,2,3,"F"
1,0,2,2,"....BBCFX","","","","8/F","T",1,0,0,0,0,"F"
1,1,0,2,"CSS","","","","K23","T",1,0,0,0,0,"F"
1,2,0,2,"FCS","","","","K","T",1,0,0,0,0,"F"
0,0,0,2,"CFX","","","","63/G","T",1,0,0,0,0,"T"
0,1,2,2,"CCBBS","","","","K","T",1,0,0,0,0,"F"
0,2,2,0,"BBX","","","","63/G","T",1,0,0,0,0,"F"
1,0,2,1,"FBBX","","","","S8/G","T",0,1,0,0,0,"F"
1,0,3,1,"C*B1BBX","choos001","","","9/F","T",1,0,1,0,0,"F"
1,1,0,1,"CB","choos001","","","WP.1-2","F",0,0,2,0,0,"F"
1,1,1,2,"CB.CS","","choos001","","K","T",1,0,0,2,0,"F"
1,2,1,2,"BCFX","","choos001","","D78/L.2-H","T",0,2,0,4,0,"F"
1,2,0,0,"X","","belta001","","S4/G.2-3","T",0,1,0,3,0,"F"
1,2,0,2,"FFS","odorr001","","belta001","K","T",1,0,1,0,3,"F"
0,0,2,2,"CCBBX","","","","53/G","T",1,0,0,0,0,"F"
0,1,2,2,"FBCBX","","","","D8/L","T",0,2,0,0,0,"F"
0,1,2,1,"C*B2BX","","guyeb001","","S9/G.2-H;B-2(TH)","T",0,2,0,4,0,"F"
0,1,0,2,"FSX","","diazy001","","HR/89/F.2-H","T",0,4,0,4,0,"F"
0,1,3,2,"CBBBFC","","","","K","T",1,0,0,0,0,"F"
0,2,2,1,"BSBX","","","","S48/G+","T",0,1,0,0,0,"F"
0,2,1,2,"BC1FF1","davir003","","","POCS2(134)","F",1,0,0,0,0,"F"
1,0,3,1,"BBBCB","","","","W","T",0,1,0,0,0,"F"
1,0,3,2,"BFBTFBB","chirr001","","","W.1-2","T",0,1,2,0,0,"F"
1,0,0,0,"X","gallj002","chirr001","","S5/BG.2-3;1-2","T",0,1,2,3,0,"F"
1,0,0,1,"CX","deshd002","gallj002","chirr001","S39/G.3-H;2-3;1X2(96)","T",1,1,0,3,4,"F"
1,1,1,1,"BFX","choos001","","gallj002","S9/G.3-H;1-3","T",0,1,3,0,4,"F"
1,1,0,2,"FSS","calhw001","","choos001","K","T",1,0,1,0,3,"F"
1,2,1,2,"CBCS","calhw001","","choos001","K","T",1,0,1,0,3,"F"
0,0,0,1,"CX","","","","S8/L+","T",0,1,0,0,0,"F"
0,0,2,0,"BB1X","lindf001","","","46(1)/FO/G","T",1,1,0,0,0,"F"
0,1,2,2,"CC*BFBX","branm003","","","8/F","T",1,0,1,0,0,"F"
0,2,2,1,"C1BBX","branm003","","","8/F","T",1,0,1,0,0,"F"
1,0,0,2,"CCS","","","","K","T",1,0,0,0,0,"F"
1,1,3,1,"BBBCB","","","","W","T",0,1,0,0,0,"F"
1,1,2,2,"CSBF*BS","guzmr001","","","K","T",1,0,1,0,0,"F"
1,2,2,2,"SBSBFS","guzmr001","","","K","T",1,0,1,0,0,"F"
0,0,2,1,"BBCX","","","","S49/L","T",0,1,0,0,0,"F"
0,0,1,1,"BCX","guyeb001","","","9/F.1-2","T",1,0,2,0,0,"F"
0,1,0,1,"FX","","guyeb001","","43/G-.2-3","T",1,0,0,3,0,"F"
0,2,2,2,"FSBBC","","","guyeb001","K","T",1,0,0,0,3,"F"
1,0,1,2,"CCBX","","","","53/G","T",1,0,0,0,0,"F"
1,1,3,2,"CBBSBX","","","","5/P","T",1,0,0,0,0,"F"
1,2,3,0,"BBBB","","","","W","T",0,1,0,0,0,"F"
1,2,3,2,"CBBBC>F>B","calhw001","","","W.1-2","T",0,1,2,0,0,"F"
1,2,2,2,"C*B*BSX","andre001","calhw001","","6/L","T",1,0,1,2,0,"F"
0,0,0,1,"FX","","","","S8/G","T",0,1,0,0,0,"F"
0,0,3,2,"BB1CCB*B","davir003","","","W.1-2","T",0,1,2,0,0,"F"
0,0,2,2,"FBCB2","lindf001","davir003","","PO2(16)","F",1,0,1,0,0,"F"
0,1,3,2,"FBCB2.1FF*BX","lindf001","","","36(1)3/GDP","T",2,0,0,0,0,"F"
1,0,0,1,"FX","","","","S68/G+","T",0,1,0,0,0,"F"
1,0,2,2,"BSF1*B*B","odorr001","","","SB2","F",0,0,2,0,0,"F"
1,0,3,2,"BSF1*B*B.X","","odorr001","","S6/G.2-3","T",0,1,0,3,0,"F"
1,0,1,0,"*BX","guzmr001","","odorr001","S8/L+.3-H;1-2","T",0,1,2,0,4,"F"
1,0,2,2,".BSS*BX","chirr001","guzmr001","","5/P5F","T",1,0,1,2,0,"F"
1,1,2,2,"CBFFBX","chirr001","guzmr001","","3/P3F","T",1,0,1,2,0,"F"
1,2,0,2,"CSFC","chirr001","guzmr001","","K","T",1,0,1,2,0,"F"
0,0,0,0,"X","","","","HR/8/F","T",0,4,0,0,0,"F"
0,0,3,0,"BBBB","","","","W","T",0,1,0,0,0,"F"
0,0,1,2,"*BSCC","encae001","","","K","T",1,0,1,0,0,"F"
0,1,2,2,"TBCBFFX","encae001","","","S7/G.1-2","T",0,1,2,0,0,"F"
0,1,0,1,"CX","diazy001","encae001","","S8/L.2-H;1-3;B-2(TH)","T",0,2,3,4,0,"F"
0,1,3,2,"..BSBFBB","","kipnj001","diazy001","W","T",0,1,0,2,3,"F"
0,1,1,0,"..BX","gomey001","kipnj001","diazy001","64(1)/FO/G.3-H;2-3","T",1,1,0,3,4,"F"
0,2,1,1,"B11F>B","naqut001","","kipnj001","SB2","F",0,0,2,0,3,"F"
0,2,2,2,"B11F>B.FX","","naqut001","kipnj001","8/F","T",1,0,0,2,3,"F"
1,0,0,2,"..CCX","","","","13/G-","T",1,0,0,0,0,"F"
1,1,3,0,".BBBB","","","","W","T",0,1,0,0,0,"F"
1,1,0,1,"CX","andre001","","","9/F","T",1,0,1,0,0,"F"
1,2,2,0,"1BB>B","andre001","","","SB2","F",0,0,2,0,0,"F"
1,2,3,2,"1BB>B.CFS","","andre001","","K","T",1,0,0,2,0,"F"
0,0,2,0,".BBX","","","","8/F","T",1,0,0,0,0,"F"
0,1,1,1,"CBX","","","","43/G","T",1,0,0,0,0,"F"
0,2,1,2,"CFBX","","","","S9/F-","T",0,1,0,0,0,"F"
0,2,2,0,"B*BB","encae001","","","PB.1-2","F",0,0,2,0,0,"F"
0,2,3,0,"B*BB.X","","encae001","","S7/L.2-H","T",0,1,0,4,0,"F"
0,2,3,1,"1B1BBC1X","guyeb001","","","S8/L.1-3","T",0,1,3,0,0,"F"
0,2,1,0,"BX","diazy001","","guyeb001","8/F","T",1,0,1,0,3,"F"
1,0,3,1,"BBBCB","","","","W","T",0,1,0,0,0,"F"
1,0,1,2,"C*BFX","guzmr001","","","7/F","T",1,0,1,0,0,"F"
1,1,2,2,".CF*B*BX","guzmr001","","","HR/89/F.1-H","T",0,4,4,0,0,"F"
1,1,1,2,"CCBFX","","","","9/F","T",1,0,0,0,0,"F"
1,2,1,2,"BCSFX","","","","43/G","T",1,0,0,0,0,"F"
0,0,2,2,".BBFST","","","","K","T",1,0,0,0,0,"F"
0,1,1,2,"SFBFX","","","","31/G","T",1,0,0,0,0,"F"
0,2,2,2,"BSFBH","","","","HP","T",0,1,0,0,0,"F"
0,2,0,0,">B","lindf001","","","SB2","F",0,0,2,0,0,"F"
0,2,1,0,">B.X","","lindf001","","9/F","T",1,0,0,2,0,"F"
1,0,3,2,"CBFBBC","","","","K","T",1,0,0,0,0,"F"
1,1,0,2,".CCX","","","","S8/G","T",0,1,0,0,0,"F"
1,1,0,0,"1X","andre001","","","6(1)3/GDP","T",2,0,0,0,0,"F"
0,0,0,1,".CX","","","","43/G","T",1,0,0,0,0,"F"
0,1,1,2,"FBFX","","","","S7/L+","T",0,1,0,0,0,"F"
0,1,0,0,"X","encae001","","","4/P","T",1,0,1,0,0,"F"
0,2,2,2,"BBCFX","encae001","","","T87/L.1-H","T",0,3,4,0,0,"F"
0,2,3,2,"BBBCFX","","","diazy001","8/F","T",1,0,0,0,3,"F"
1,0,0,2,".FFS","","","","K","T",1,0,0,0,0,"F"
1,1,1,2,"CFFFBX","","","","9/F","T",1,0,0,0,0,"F"
1,2,1,0,"BX","","","","HR/78/F","T",0,4,0,0,0,"F"
1,2,0,0,"X","","","","HR/89/F","T",0,4,0,0,0,"F"
1,2,0,2,".FSX","","","","S5/G-","T",0,1,0,0,0,"F"
1,2,3,2,"BF11BC1FB>B","profj001","","","W.1-2","T",0,1,2,0,0,"F"
1,2,3,2,"CSBB*B>S","choos001","profj001","","K","T",1,0,1,2,0,"F"
0,0,2,0,"..BBX","","","","63/G","T",1,0,0,0,0,"F"
0,1,1,2,"BCFC","","","","K","T",1,0,0,0,0,"F"
0,2,3,1,"CBBBB","","","","W","T",0,1,0,0,0,"F"
0,2,1,0,"B>T","lindf001","","","SB2","F",0,0,2,0,0,"F"
0,2,3,2,"B>T.B*BFX","","lindf001","","43/G","T",1,0,0,2,0,"F"
1,0,0,0,".X","","","","S8/G","T",0,1,0,0,0,"F"
1,0,0,1,"CX","andre001","","","S9/L.1-2","T",0,1,2,0,0,"F"
1,0,1,1,"BFX","belta001","andre001","","S9/L+.2-3;1-2","T",0,1,2,3,0,"F"
1,0,1,2,"BCSX","odorr001","belta001","andre001","52(3)/FO/G.2-3;1-2","T",1,1,2,3,0,"F"
1,1,1,2,".BFFT","guzmr001","odorr001","kinei001","K","T",1,0,1,2,3,"F"
1,2,2,2,"F*BTFBFS","guzmr001","odorr001","kinei001","K","T",1,0,1,2,3,"F"
0,0,3,1,"..BFBBX","","","","D8/F","T",0,2,0,0,0,"F"
0,0,2,0,"BBX","","ramij003","","S9/L.2-H;BX2(936)","T",1,0,0,4,0,"F"
0,1,0,0,"X","","","","53/G","T",1,0,0,0,0,"F"
0,2,1,2,"CCBX","","","","63/G","T",1,0,0,0,0,"F"
1,0,0,2,"..CCS","","","","K","T",1,0,0,0,0,"F"
1,1,1,0,"BX","","","","43/G","T",1,0,0,0,0,"F"
1,2,1,0,"BX","","","","53/G","T",1,0,0,0,0,"F"
0,0,1,1,"BCX","","","","D8/L","T",0,2,0,0,0,"T"
0,0,0,0,"X","","lindf001","","FC6/G.2X3(65)","T",1,1,0,0,0,"F"
0,1,0,2,"CC1C","branm003","","","K","T",1,0,1,0,0,"F"
0,2,3,2,"1CFFB1BF1B>C","branm003","","","K","T",1,0,1,0,0,"F"
1,0,2,2,"CBBCX","","","","53/G","T",1,0,0,0,0,"F"
1,1,0,0,"X","","","","S9/L","T",0,1,0,0,0,"F"
1,1,1,2,"BCFF1X","odorr001","","","8/L","T",1,0,1,0,0,"F"
1,2,1,2,"BCS>B","odorr001","","","SB2","F",0,0,2,0,0,"F"
1,2,3,2,"BCS>B.BS","","odorr001","","K","T",1,0,0,2,0,"F"
0,0,3,0,"BBBB","","","","W","T",0,1,0,0,0,"F"
0,0,1,1,"CBX","alony001","","","46(1)/FO/G","T",1,1,0,0,0,"F"
0,1,1,2,"1BCFFX","kipnj001","","","S8/L.1-2","T",0,1,2,0,0,"F"
0,1,0,2,"CSX","cabrm002","kipnj001","","8/F.2-3","T",1,0,1,3,0,"F"
0,2,2,1,"BCB11X","cabrm002","","kipnj001","13/G+","T",1,0,1,0,3,"F"
1,0,1,2,"CFBFS","","","","K","T",1,0,0,0,0,"F"
1,1,1,2,"CSBS","","","","K","T",1,0,0,0,0,"F"
1,2,2,1,"BCBX","","","","53/G-","T",1,0,0,0,0,"F"
0,0,0,1,"CX","","","","8/F","T",1,0,0,0,0,"F"
0,1,3,1,"BBBCX","","","","3/G","T",1,0,0,0,0,"F"
0,2,2,2,"CSBBX","","","","43/G","T",1,0,0,0,0,"F"
1,0,0,1,"CX","","","","43/G","T",1,0,0,0,0,"F"
1,1,1,2,"CFBS","","","","K","T",1,0,0,0,0,"F"
1,2,1,2,"FBSS","","","","K","T",1,0,0,0,0,"F"
0,0,3,1,"BBBCX","","","","4/P","T",1,0,0,0,0,"F"
0,1,0,1,"CX","","","","43/G-","T",1,0,0,0,0,"F"
0,2,3,2,"CFBBBX","","","","9/F","T",1,0,0,0,0,"F"
1,0,1,1,"BFX","","","","3/G","T",1,0,0,0,0,"F"
1,1,2,2,"CSBBFX","","","","7/F","T",1,0,0,0,0,"F"
1,2,1,2,"FBCX","","","","6/L","T",1,0,0,0,0,"F"
0,0,0,0,"X","","","","D9/L+","T",0,2,0,0,0,"F"
0,0,1,1,"BSX","","cabrm002","","S9/L.2-H","T",0,1,0,4,0,"F"
0,0,0,1,"FX","gomey001","","","8/F","T",1,0,1,0,0,"F"
0,1,0,0,"X","gomey001","","","D9/L+.1-H","T",0,2,4,0,0,"F"
0,1,0,1,"FX","","lindf001","","S7/L.2-H","T",0,1,0,4,0,"F"
0,1,2,0,"B111BX","branm003","","","S39/L.1-H(E9);BX3(9365)","T",1,0,4,0,0,"F"
0,2,1,0,"BX","","","","D7/L+","T",0,2,0,0,0,"F"
0,2,1,0,".BX","","encae001","","HR/9/F.2-H","T",0,4,0,4,0,"F"
0,2,0,1,"FX","","","","8/F","T",1,0,0,0,0,"F"
1,0,3,2,"CSFBBBX","","","","S8/G","T",0,1,0,0,0,"F"
1,0,1,1,"SBX","profj001","","","8/F+","T",1,0,1,0,0,"F"
1,1,1,0,"BX","profj001","","","54(1)3/GDP","T",2,0,0,0,0,"F"
0,0,1,2,"BCFX","","","","8/L+","T",1,0,0,0,0,"F"
0,1,0,0,"H","","","","HP","T",0,1,0,0,0,"F"
0,1,1,0,"BX","gomey001","","","HR/8/F.1-H","T",0,4,4,0,0,"F"
0,1,0,0,"X","","","","3/G","T",1,0,0,0,0,"F"
0,2,3,2,"CBCBBFFFB","","","","W","T",0,1,0,0,0,"F"
0,2,2,2,"BFBFX","branm003","","","T89/F.1-H","T",0,3,4,0,0,"F"
0,2,1,1,"BSX","","","ramij003","53/G","T",1,0,0,0,3,"F"
1,0,0,2,"..CFS","","","","K","T",1,0,0,0,0,"F"
1,1,0,0,"X","","","","T89/L","T",0,3,0,0,0,"F"
1,1,3,2,"CFBBBT","","","toccc001","K","T",1,0,0,0,3,"F"
1,2,2,2,"FBS*BS","","","toccc001","K","T",1,0,0,0,3,"F"
0,0,0,0,"X","","","","HR/8/F","T",0,4,0,0,0,"F"
0,0,3,1,"BBBCX","","","","3/G","T",1,0,0,0,0,"F"
0,1,2,0,"BBX","","","","3/G+","T",1,0,0,0,0,"F"
0,2,3,2,"BSSBFFFBX","","","","9/F","T",1,0,0,0,0,"F"
1,0,0,0,"X","","","","S7/L+","T",0,1,0,0,0,"F"
1,0,3,2,"BBFC*BFX","andre001","","","HR/89/F.1-H","T",0,4,4,0,0,"F"
1,0,3,1,"SBBBB","","","","W","T",0,1,0,0,0,"F"
1,0,1,1,"*BSX","profj001","","","35(1)1/GDP","T",2,0,0,0,0,"F"
1,2,2,2,".CSBBX","","","","63/G","T",1,0,0,0,0,"F"
0,0,1,0,"BX","","","","3/G","T",1,0,0,0,0,"F"
0,1,2,2,"CBCBFX","","","","43/G","T",1,0,0,0,0,"F"
0,2,1,0,"BX","","","","S9/F","T",0,1,0,0,0,"F"
0,2,0,0,"X","guyeb001","","","S6/G-.1-2","T",0,1,2,0,0,"F"
0,2,1,1,"C*BX","gonze004","guyeb001","","D8/L.2-H;1-H","T",0,2,4,4,0,"F"
0,2,2,0,"BBX","","encae001","","7/F","T",1,0,0,2,0,"F"
1,0,0,0,"...X","","","","S8/G","T",0,1,0,0,0,"F"
1,0,2,2,"BCTBS","calhw001","","","K","T",1,0,1,0,0,"F"
1,1,1,1,"BTX","calhw001","","","46(1)/FO/G","T",1,1,0,0,0,"F"
1,2,0,0,".X","rua-r001","","","S8/L.1-2","T",0,1,2,0,0,"F"
1,2,1,1,".SBX","odorr001","rua-r001","","S9/L.2-H;1-3","T",0,1,3,4,0,"F"
1,2,0,2,".CFX","guzmr001","","odorr001","63/G","T",1,0,1,0,3,"F"
0,0,1,1,"....CBX","","","","4/L","T",1,0,0,0,0,"F"
0,1,2,2,"SFBBX","","","","D7/L","T",0,2,0,0,0,"F"
0,1,0,1,"FX","","cabrm002","","9/L","T",1,0,0,2,0,"F"
0,2,0,0,"X","","cabrm002","","S8/G.2-H","T",0,1,0,4,0,"F"
0,2,0,0,"X","naqut001","","","S8/G.1-2","T",0,1,2,0,0,"F"
0,2,2,0,"*BBX","diazy001","naqut001","","D7/L.2-H;1-H","T",0,2,4,4,0,"F"
0,2,0,1,"CX","","guyeb001","","D9/L.2-H","T",0,2,0,4,0,"F"
0,2,3,2,".FFBBBX","","gonze004","","S7/G.2-3","T",0,1,0,3,0,"F"
0,2,1,2,".SFFFBS","perer003","","gonze004","K","T",1,0,1,0,3,"F"
1,0,1,2,"..SFBX","","","","8/F","T",1,0,0,0,0,"F"
1,1,3,1,"BCBBB","","","","W","T",0,1,0,0,0,"F"
1,1,1,2,"CBFX","gallj002","","","9/L","T",1,0,1,0,0,"F"
1,2,0,0,"X","gallj002","","","7/F","T",1,0,1,0,0,"F"
0,0,1,0,"BX","","","","3/G","T",1,0,0,0,0,"T"
0,1,0,1,"CX","","","","D9/L","T",0,2,0,0,0,"F"
0,1,0,0,"X","","branm003","","7/F","T",1,0,0,2,0,"F"
0,2,3,1,"BBBCB","","branm003","","W","T",0,1,0,2,0,"F"
0,2,1,2,"CC*BC","alony001","branm003","","K","T",1,0,1,2,0,"F"
1,0,1,2,"CFBS","","","","K","T",1,0,0,0,0,"F"
1,1,0,2,"FMX","","","","S7/G","T",0,1,0,0,0,"F"
1,1,1,2,"CB1C>S","odorr001","","","K+SB2","T",1,0,2,0,0,"F"
1,2,3,1,"BBBCX","","odorr001","","7/F","T",1,0,0,2,0,"F"
0,0,2,1,"BBFX","","","","63/G","T",1,0,0,0,0,"F"
0,1,3,1,"BBBCB","","","","W","T",0,1,0,0,0,"F"
0,1,0,0,"X","kipnj001","","","S9/L+.1X3(95)","T",1,1,0,0,0,"F"
0,2,1,2,"*BTFX","gomey001","","","3/G","T",1,0,1,0,0,"F"
1,0,0,1,"CX","","","","8/F+","T",1,0,0,0,0,"F"
1,1,3,1,"SBBBB","","","","W","T",0,1,0,0,0,"F"
1,1,2,0,"BBX","gallj002","","","46(1)3/GDP","T",2,0,0,0,0,"F"
0,0,2,2,"BCBFX","","","","E5/G","T",0,1,0,0,0,"F"
0,0,0,0,"1X","lindf001","","","7/F","T",1,0,1,0,0,"F"
0,1,3,0,"B1BBB","lindf001","","","W.1-2","T",0,1,2,0,0,"F"
0,1,1,0,"BX","ramij003","lindf001","","16(1)3/GDP","T",2,0,0,2,0,"F"
1,0,0,0,"X","","","","6/P","T",1,0,0,0,0,"F"
1,1,3,2,"CBBCBB","","","","W","T",0,1,0,0,0,"F"
1,1,2,0,"11BB>C","deshd002","","","SB2","F",0,0,2,0,0,"F"
1,1,3,2,"11BB>C.C*BFB","","deshd002","","W","T",0,1,0,2,0,"F"
1,1,1,1,"FBX","choos001","deshd002","","S9/G.2-H;1-2","T",0,1,2,4,0,"F"
1,1,1,2,"SSBS","odorr001","choos001","","K","T",1,0,1,2,0,"F"
1,2,0,0,"X","odorr001","choos001","","S1/G-.2-3;1-2","T",0,1,2,3,0,"F"
1,2,1,2,"BFFS","profj001","odorr001","choos001","K","T",1,0,1,2,3,"F"
0,0,0,1,"CX","","","","S9/G","T",0,1,0,0,0,"F"
0,0,0,0,"X","cabrm002","","","9/L+","T",1,0,1,0,0,"F"
0,1,2,2,"CCBBX","cabrm002","","","9/L/DP.1X1(93)","T",2,0,0,0,0,"F"
1,0,2,2,"CBBSX","","","","13/G-","T",1,0,0,0,0,"F"
1,1,1,2,"CFBS","","","","K23","T",1,0,0,0,0,"F"
1,2,0,1,"CX","","","","8/F","T",1,0,0,0,0,"F"
0,0,0,1,"FX","","","","43/G-","T",1,0,0,0,0,"F"
0,1,0,1,"CX","","","","7/L","T",1,0,0,0,0,"F"
0,2,0,1,"CX","","","","53/G-","T",1,0,0,0,0,"F"
1,0,3,1,"BBBCB","","","","W","T",0,1,0,0,0,"F"
1,0,0,1,"F>P","deshd002","","","SB2","F",0,0,2,0,0,"F"
1,0,1,1,"F>P.X","","deshd002","","43/G.2-3","T",1,0,0,3,0,"F"
1,1,0,0,"X","","","deshd002","8/F/SF.3-H","T",1,0,0,0,4,"F"
1,2,0,2,"SFT","","","","K","T",1,0,0,0,0,"F"
0,0,3,2,"CCBFBFBX","","","","9/F","T",1,0,0,0,0,"F"
0,1,3,1,"BBBCB","","","","W","T",0,1,0,0,0,"F"
0,1,2,0,"*B11BX","ramij003","","","143/G.1-2","T",1,0,2,0,0,"F"
0,2,1,0,"BX","","ramij003","","63/G","T",1,0,0,2,0,"F"
1,0,0,2,"CCFX","","","","43/G","T",1,0,0,0,0,"F"
1,1,3,1,"FBBBX","","","","8/F","T",1,0,0,0,0,"F"
1,2,3,2,"BCBBCFX","","","","23/G-","T",1,0,0,0,0,"F"
0,0,1,2,".BCCFX","","","","S8/L","T",0,1,0,0,0,"F"
0,0,3,2,"BBCB1C1S","diazy001","","","K","T",1,0,1,0,0,"F"
0,1,0,2,"SSF1FS","diazy001","","","K","T",1,0,1,0,0,"F"
0,2,0,1,"1SX","diazy001","","","63/G+","T",1,0,1,0,0,"F"
1,0,2,0,"BBX","","","","S7/L","T",0,1,0,0,0,"F"
1,0,2,0,"BBX","kinei001","","","8/L","T",1,0,1,0,0,"F"
1,1,2,2,"BCL*BT","kinei001","","","K","T",1,0,1,0,0,"F"
1,2,2,2,".BBCSX","kinei001","","","3/G","T",1,0,1,0,0,"F"
0,0,1,0,"..BX","","","","D7/F","T",0,2,0,0,0,"F"
0,0,3,2,"BBC.CBX","","lindf001","","43/G.2-3","T",1,0,0,3,0,"F"
0,1,1,2,"BCCFH","","","lindf001","HP","T",0,1,0,0,3,"F"
0,1,0,2,"CS>X","ramij003","","lindf001","6/P","T",1,0,1,0,3,"F"
0,2,3,0,"BBBB","ramij003","","lindf001","W.1-2","T",0,1,2,0,3,"F"
0,2,3,2,"CSBBB>S","cabrm002","ramij003","lindf001","K23","T",1,0,1,2,3,"F"
1,0,0,1,"CX","","","","HR/89/F","T",0,4,0,0,0,"F"
1,0,2,2,".BFFFBX","","","","S6/G","T",0,1,0,0,0,"F"
1,0,0,2,"C1>F>B","andre001","","","SB2","F",0,0,2,0,0,"F"
1,0,1,2,"C1>F>B.X","","andre001","","3/G.2-3","T",1,0,0,3,0,"F"
1,1,0,2,"FCS","","","andre001","K","T",1,0,0,0,3,"F"
1,2,0,1,"FX","","","andre001","HR/78/L.3-H","T",0,4,0,0,4,"F"
1,2,1,2,"BFFX","","","","43/G","T",1,0,0,0,0,"F"
0,0,1,1,"...CBX","","","","63/G","T",1,0,0,0,0,"F"
0,1,1,0,"BX","","","","7/F","T",1,0,0,0,0,"F"
0,2,0,1,"CX","","","","63/G","T",1,0,0,0,0,"F"
0,0,1,2,"CBFS","","","","K","T",1,0,0,0,0,"T"
0,1,2,2,"CBFBH","","","","HP","T",0,1,0,0,0,"F"
0,1,0,0,"X","pindc001","","","53/G+.1-2","T",1,0,2,0,0,"F"
0,2,0,0,"X","","pindc001","","8/F","T",1,0,0,2,0,"F"
1,0,3,2,"CBFFBBH","","","","HP","T",0,1,0,0,0,"F"
1,0,1,2,"CLF1FF*BX","choos001","","","43/G.1-2","T",1,0,2,0,0,"F"
1,1,0,0,"X","","choos001","","8/L.2-3","T",1,0,0,3,0,"F"
1,2,1,2,"BCFFS","","","choos001","K","T",1,0,0,0,3,"F"
0,0,3,0,"BBBB","","","","W","T",0,1,0,0,0,"F"
0,0,1,2,"BSSX","olsom001","","","8/L","T",1,0,1,0,0,"F"
0,1,1,0,"BX","olsom001","","","S4/G.1-2","T",0,1,2,0,0,"F"
0,1,3,1,"CBBBX","chapm001","olsom001","","S9/L.2-3;1-2","T",0,1,2,3,0,"F"
0,1,2,1,"BFBX","canhm001","chapm001","olsom001","HR/8/F.3-H;2-H;1-H","T",0,4,4,4,4,"F"
0,1,3,2,"BBBCCB","","","","W","T",0,1,0,0,0,"F"
0,1,0,1,"FX","semim001","","","S8/L.1-2","T",0,1,2,0,0,"F"
0,1,3,2,"BSBCF*BX","pindc001","semim001","","9/L","T",1,0,1,2,0,"F"
0,2,1,1,"CBX","pindc001","semim001","","D7/L+.2-H;1-3","T",0,2,3,4,0,"F"
0,2,0,0,"X","","davik003","pindc001","43/G","T",1,0,0,2,3,"F"
1,0,2,2,"BCCBX","","","","S8/G","T",0,1,0,0,0,"F"
1,0,2,2,"*B1SF*BX","profj001","","","S7/G+.1-2","T",0,1,2,0,0,"F"
1,0,1,2,"CFF*BT","rua-r001","profj001","","K","T",1,0,1,2,0,"F"
1,1,0,2,"CSFX","rua-r001","profj001","","6(1)3/GDP","T",2,0,0,2,0,"F"
0,0,0,1,"FX","","","","63/G","T",1,0,0,0,0,"F"
0,1,2,2,"FBBFS","","","","K","T",1,0,0,0,0,"F"
0,2,2,2,"FTFBBX","","","","D8/F","T",0,2,0,0,0,"F"
0,2,0,2,"CCX","","canhm001","","7/F","T",1,0,0,2,0,"F"
1,0,0,0,"X","","","","34/BG","T",1,0,0,0,0,"F"
1,1,3,2,"CBCBBS","","","","K","T",1,0,0,0,0,"F"
1,2,1,0,"BX","","","","D9/L+","T",0,2,0,0,0,"F"
1,2,1,0,"BX","","odorr001","","HR/7/F.2-H","T",0,4,0,4,0,"F"
1,2,1,1,"BFX","","","","53/G+","T",1,0,0,0,0,"F"
0,0,2,0,"BBX","","","","S7/L.BX2(74)","T",1,0,0,0,0,"F"
0,1,1,0,"BX","","","","63/G","T",1,0,0,0,0,"F"
0,2,1,2,"BFSS","","","","K","T",1,0,0,0,0,"F"
1,0,0,0,"X","","","","S7/G+","T",0,1,0,0,0,"F"
1,0,2,2,"BBFCFC","profj001","","","K","T",1,0,1,0,0,"F"
1,1,0,0,"X","profj001","","","S7/G+.1-2","T",0,1,2,0,0,"F"
1,1,1,2,"CF*BX","chirr001","profj001","","6/P","T",1,0,1,2,0,"F"
1,2,1,0,"BX","chirr001","profj001","","7/L","T",1,0,1,2,0,"F"
0,0,1,2,"BFSS","","","","K","T",1,0,0,0,0,"F"
0,1,2,0,"BBX","","","","S9/L","T",0,1,0,0,0,"F"
0,1,2,1,"BCBX","olsom001","","","HR/7/F.1-H","T",0,4,4,0,0,"F"
0,1,0,2,"SCFS","","","","K","T",1,0,0,0,0,"F"
0,2,1,1,"BFX","","","","7/F","T",1,0,0,0,0,"F"
1,0,3,2,"SBBBFB","","","","W","T",0,1,0,0,0,"F"
1,0,0,0,"X","choos001","","","3/L+/DP.1X1(3)","T",2,0,0,0,0,"F"
1,2,1,2,"BCFFFS","","","","K","T",1,0,0,0,0,"F"
0,0,0,1,".CX","","","","13/G","T",1,0,0,0,0,"F"
0,1,3,2,"CBBFBX","","","","53/G","T",1,0,0,0,0,"F"
0,2,0,0,"X","","","","8/L","T",1,0,0,0,0,"F"
1,0,1,1,"BCX","","","","9/F","T",1,0,0,0,0,"F"
1,1,0,0,"X","","","","63/G","T",1,0,0,0,0,"F"
1,2,2,2,"CFFBBFS","","","","K","T",1,0,0,0,0,"F"
0,0,3,2,"CBBBCFB","","","","W","T",0,1,0,0,0,"F"
0,0,0,0,"X","lowrj001","","","S8/L.1-2","T",0,1,2,0,0,"F"
0,0,3,2,"BBCFBX","davik003","lowrj001","","6/P/IF","T",1,0,1,2,0,"F"
0,1,0,1,"FX","davik003","lowrj001","","D9/L.2-H;1-3","T",0,2,3,4,0,"F"
0,1,2,2,"*BCCFFBX","","piscs001","davik003","HR/7/L.3-H;2-H","T",0,4,0,4,4,"F"
0,1,0,2,"SFFX","","","","4/P","T",1,0,0,0,0,"F"
0,2,3,2,"BTBBFX","","","","D7/L+","T",0,2,0,0,0,"F"
0,2,3,1,"BBBCX","","lucrj001","","D7/L+.2-H","T",0,2,0,4,0,"F"
0,2,0,0,".X","","semim001","","D9/L.2-H","T",0,2,0,4,0,"F"
0,2,2,2,"C*BS*BS","","pindc001","","K","T",1,0,0,2,0,"F"
1,0,3,1,"..BBBCB","","","","W","T",0,1,0,0,0,"F"
1,0,1,2,"CFBFX","chirr001","","","D8/L+.1-H","T",0,2,4,0,0,"F"
1,0,1,2,"*BCFX","","guzmr001","","63/G","T",1,0,0,2,0,"F"
1,1,1,0,".BX","","guzmr001","","53/G.2-3","T",1,0,0,3,0,"F"
1,2,1,1,"*BFX","","","guzmr001","5/P","T",1,0,0,0,3,"F"
0,0,3,2,"....BSBSBX","","","","HR/89/F","T",0,4,0,0,0,"F"
0,0,3,2,"CBBCBFX","","","","S8/L+","T",0,1,0,0,0,"F"
0,0,3,2,"CBBBCB","olsom001","","","W.1-2","T",0,1,2,0,0,"F"
0,0,0,0,"X","piscs001","olsom001","","S9/L+.2-H;1-2","T",0,1,2,4,0,"F"
0,0,3,2,"BBC*BCFX","chapm001","piscs001","","64(1)/FO/G.2-3","T",1,1,0,3,0,"F"
0,1,0,2,".CFX","canhm001","","piscs001","E4/P.3XH(92);1-2","T",1,1,2,0,0,"F"
0,2,3,2,"BBBCF>X","lucrj001","canhm001","","7/L","T",1,0,1,2,0,"F"
1,0,1,2,"...BFFX","","","","S8/G","T",0,1,0,0,0,"F"
1,0,0,2,"CCX","kinei001","","","53/G-.1-2","T",1,0,2,0,0,"F"
1,1,0,0,"X","","kinei001","","7/L","T",1,0,0,2,0,"F"
1,2,2,2,"BFFFBS","","kinei001","","K","T",1,0,0,2,0,"F"
0,0,0,0,"..X","","","","8/L","T",1,0,0,0,0,"F"
0,1,1,2,"CBFFS","","","","K","T",1,0,0,0,0,"F"
0,2,0,1,"SX","","","","53/G","T",1,0,0,0,0,"F"
1,0,0,0,".X","","","","53/G","T",1,0,0,0,0,"F"
1,1,1,2,"CFBX","","","","5/L-","T",1,0,0,0,0,"F"
1,2,2,0,"BBX","","","","9/L","T",1,0,0,0,0,"F"
0,0,2,2,"CCBBX","","","","6/P","T",1,0,0,0,0,"T"
0,1,3,2,"BBSCFFFBX","","","","63/G","T",1,0,0,0,0,"F"
0,2,3,2,"BBFBSX","","","","4/P","T",1,0,0,0,0,"F"
1,0,3,2,"BBBCCB","","","","W","T",0,1,0,0,0,"F"
1,0,1,1,"LBX","choos001","","","46(1)/FO/G+","T",1,1,0,0,0,"F"
1,1,0,2,"F>FX","odorr001","","","S9/G.1-H(E9/TH);B-3","T",0,3,4,0,0,"F"
1,1,1,0,"BX","","","andre001","9/F/SF.3-H(UR)","T",1,0,0,0,5,"F"
1,2,3,1,"BFBBB","","","","W","T",0,1,0,0,0,"F"
1,2,2,1,"BFBX","gallj002","","","45(1)/FO/G+","T",1,1,0,0,0,"F"
0,0,1,2,"CFBX","","","","53/G","T",1,0,0,0,0,"F"
0,1,1,2,"CBSS","","","","K","T",1,0,0,0,0,"F"
0,2,3,2,"BSFFFFFBFBS","","","","K","T",1,0,0,0,0,"F"
1,0,1,0,"BX","","","","43/G","T",1,0,0,0,0,"F"
1,1,0,2,"CFX","","","","43/G","T",1,0,0,0,0,"F"
1,2,0,1,"CX","","","","S7/G","T",0,1,0,0,0,"F"
1,2,1,2,"BSF1>X","toccc001","","","3/G-","T",1,0,1,0,0,"F"
0,0,1,2,"TFBFX","","","","8/F","T",1,0,0,0,0,"F"
0,1,0,1,"CX","","","","HR/7/F","T",0,4,0,0,0,"F"
0,1,1,2,"CFBX","","","","S7/L","T",0,1,0,0,0,"F"
0,1,2,2,"CFFFBBX","lucrj001","","","54(1)3/GDP","T",2,0,0,0,0,"F"
1,0,0,1,"SX","","","","6/L","T",1,0,0,0,0,"F"
1,1,2,2,"CBCBS","","","","K","T",1,0,0,0,0,"F"
1,2,1,2,"TBSX","","","","9/F","T",1,0,0,0,0,"F"
0,0,1,2,"CFBFX","","","","53/G","T",1,0,0,0,0,"F"
0,1,0,0,"X","","","","HR/8/F","T",0,4,0,0,0,"F"
0,1,3,1,"BTBBX","","","","8/L+","T",1,0,0,0,0,"F"
0,2,3,2,"BBFCBFS","","","","K","T",1,0,0,0,0,"F"
1,0,3,2,"CBBSFFFFBX","","","","8/F+","T",1,0,0,0,0,"F"
1,1,0,0,"X","","","","8/L","T",1,0,0,0,0,"F"
1,2,1,2,"BCST","","","","K","T",1,0,0,0,0,"F"
0,0,3,2,"STBBBFX","","","","S8/L","T",0,1,0,0,0,"F"
0,0,0,0,"11X","piscs001","","","E1/FO/G.1-2","T",0,1,2,0,0,"F"
0,0,1,2,"*BCCC","chapm001","piscs001","","K","T",1,0,1,2,0,"F"
0,1,3,0,"BBBB","chapm001","piscs001","","W.2-3;1-2","T",0,1,2,3,0,"F"
0,1,3,2,"BBBCFX","lucrj001","chapm001","piscs001","4/P","T",1,0,1,2,3,"F"
0,2,3,2,"TFFB*BB>C","lucrj001","chapm001","piscs001","K","T",1,0,1,2,3,"F"
1,0,0,0,"X","","","","HR/9/F","T",0,4,0,0,0,"F"
1,0,1,2,"CSFBS","","","","K","T",1,0,0,0,0,"F"
1,1,1,0,"BX","","","","S7/L+","T",0,1,0,0,0,"F"
1,1,0,0,"X","choos001","","","D7/L+.1-3","T",0,2,3,0,0,"F"
1,1,1,1,"C*BX","","odorr001","choos001","9/F/SF.3-H;2-3","T",1,0,0,3,4,"F"
1,2,2,2,"*BSCBX","","","odorr001","7/F","T",1,0,0,0,3,"F"
0,0,2,2,".CBBCS","","","","K","T",1,0,0,0,0,"F"
0,1,0,2,"SCC","","","","K","T",1,0,0,0,0,"F"
0,2,3,1,"BFBBB","","","","W","T",0,1,0,0,0,"F"
0,2,0,1,"FX","olsom001","","","8/F","T",1,0,1,0,0,"F"
1,0,0,0,".X","","","","HR/89/F","T",0,4,0,0,0,"F"
1,0,1,2,"FBCFS","","","","K","T",1,0,0,0,0,"F"
1,1,2,1,"BBCX","","","","D7/L","T",0,2,0,0,0,"F"
1,1,1,1,"BCX","","kinei001","","9/L","T",1,0,0,2,0,"F"
1,2,3,2,"CBFBBFX","","kinei001","","S7/G.2-H;B-2(TH)","T",0,2,0,4,0,"F"
1,2,1,0,"BX","","toccc001","","E6/TH/G-.2-3","T",0,1,0,3,0,"F"
1,2,3,0,"BB11BB","choos001","","toccc001","W.1-2","T",0,1,2,0,3,"F"
1,2,2,2,".CSF*BF*BX","odorr001","choos001","toccc001","HR/7/F.3-H(UR);2-H(UR);1-H(UR);B-H(TUR)","T",0,6,5,5,5,"F"
1,2,1,2,"CFFFBFFX","","","","7/F","T",1,0,0,0,0,"F"
0,0,3,2,".BFFBBB","","","","W","T",0,1,0,0,0,"F"
0,0,1,0,"BB","chapm001","","","WP.1-2","F",0,0,2,0,0,"F"
0,0,3,1,"BB.BCB","","chapm001","","W","T",0,1,0,2,0,"F"
0,0,0,2,"CFFFX","canhm001","chapm001","","8/F","T",1,0,1,2,0,"F"
0,1,2,0,"BBX","canhm001","chapm001","","D7/G.2-H;1-H","T",0,2,4,4,0,"F"
0,1,2,2,"..CBBFX","","semim001","","D7/L.2-H","T",0,2,0,4,0,"F"
0,1,3,2,"BSBFBX","","martn003","","S9/L.2-3","T",0,1,0,3,0,"F"
0,1,0,2,"FFS","lowrj001","","martn003","K","T",1,0,1,0,3,"F"
0,2,0,1,"SX","lowrj001","","martn003","13/G-","T",1,0,1,0,3,"F"
1,0,3,2,".CBBCBB","","","","W","T",0,1,0,0,0,"F"
1,0,1,2,"TBFS","gallj002","","","K+WP.1-2","T",1,0,2,0,0,"F"
1,1,0,1,"CX","","gallj002","","9/F","T",1,0,0,2,0,"F"
1,2,1,1,"BFX","","gallj002","","43/G","T",1,0,0,2,0,"F"
0,0,1,2,"..FBCX","","","","63/G","T",1,0,0,0,0,"F"
0,1,3,2,"BBFFBB","","","","W","T",0,1,0,0,0,"F"
0,1,3,1,"BBCB*B","chapm001","","","W.1-2","T",0,1,2,0,0,"F"
0,1,3,2,"CFF*BBBB","canhm001","chapm001","","W.2-3;1-2","T",0,1,2,3,0,"F"
0,1,2,2,"BBFFFX","lucrj001","canhm001","chapm001","E6/FO/G+.3-H;2-3;1-2","T",0,1,2,3,4,"F"
0,1,1,1,"SBH","semim001","lucrj001","canhm001","HP.3-H;2-3;1-2","T",0,1,2,3,4,"F"
0,1,1,2,".BCFX","martn003","semim001","lucrj001","S18/L.3-H(UR);2-H;1-2","T",0,1,2,4,5,"F"
0,1,1,2,"CSBB","lowrj001","martn003","","WP.2-3;1-2","F",0,0,2,3,0,"F"
0,1,3,2,"CSBB.FBS","","lowrj001","martn003","K","T",1,0,0,2,3,"F"
0,2,2,2,"CBCBX","","lowrj001","martn003","8/F","T",1,0,0,2,3,"F"
1,0,2,1,".BBCX","","","","63/G","T",1,0,0,0,0,"F"
1,1,2,2,"BCBSX","","","","8/L","T",1,0,0,0,0,"F"
1,2,0,2,"CCFT","","","","K","T",1,0,0,0,0,"F"
0,0,0,0,"X","","","","HR/8/F","T",0,4,0,0,0,"F"
0,0,2,2,"CSBBS","","","","K","T",1,0,0,0,0,"F"
0,1,3,2,"CBSFBFBX","","","","53/G-","T",1,0,0,0,0,"F"
0,2,3,2,"FFBFFFFBBX","","","","9/L+","T",1,0,0,0,0,"F"
1,0,0,2,"CSFX","","","","7/F","T",1,0,0,0,0,"F"
1,1,2,1,"BSBX","","","","7/L","T",1,0,0,0,0,"F"
1,2,0,2,"SSS","","","","K","T",1,0,0,0,0,"F"
0,0,2,2,".CBBCFS","","","","K","T",1,0,0,0,0,"F"
0,1,2,1,"CBBX","","","","S7/L","T",0,1,0,0,0,"F"
0,1,3,2,"B11FB1BF>B","martn003","","","W.1-2","T",0,1,2,0,0,"F"
0,1,2,1,"B*BFX","lowrj001","martn003","","HR/78/F.2-H;1-H","T",0,4,4,4,0,"F"
0,1,0,0,"X","","","","31/G","T",1,0,0,0,0,"F"
0,2,1,0,"BX","","","","8/F","T",1,0,0,0,0,"F"
1,0,2,2,".BBCFFS","","","","K","T",1,0,0,0,0,"F"
1,1,1,2,"BCSFX","","","","3/L-","T",1,0,0,0,0,"F"
1,2,1,2,"BCSX","","","","43/G-","T",1,0,0,0,0,"F"
0,0,1,0,"BX","","","","D7/L+","T",0,2,0,0,0,"T"
0,0,0,0,"X","","semim001","","9/F.2-3","T",1,0,0,3,0,"F"
0,1,3,2,"*BB*BFCB","","","semim001","W","T",0,1,0,0,3,"F"
0,1,2,2,"BCC*BS","lowrj001","","semim001","K","T",1,0,1,0,3,"F"
0,2,2,0,"*BBX","lowrj001","","semim001","D9/G.3-H;1-3","T",0,2,3,0,4,"F"
0,2,1,0,"BX","","olsom001","lowrj001","4/P","T",1,0,0,2,3,"F"
1,0,2,1,"BBCX","","","","63/G","T",1,0,0,0,0,"F"
1,1,1,2,"BFFC","","","","K","T",1,0,0,0,0,"F"
1,2,3,2,"BFFBFFBX","","","","D7/G+","T",0,2,0,0,0,"F"
1,2,1,0,"BX","","andre001","","8/L+","T",1,0,0,2,0,"F"
0,0,1,1,"CBX","","","","53/G","T",1,0,0,0,0,"F"
0,1,3,2,"BCBSBFB","","","","W","T",0,1,0,0,0,"F"
0,1,0,0,"X","canhm001","","","9/F","T",1,0,1,0,0,"F"
0,2,0,1,"C1>B","canhm001","","","CS2(24)","F",1,0,0,0,0,"F"
1,0,3,1,"BBBCB","","","","W","T",0,1,0,0,0,"F"
1,0,3,2,"BFBFB1>F>F1>F1>B","profj001","","","W.1-2","T",0,1,2,0,0,"F"
1,0,3,1,"BBBCX","gallj002","profj001","","HR/8/F.2-H;1-H","T",0,4,4,4,0,"F"
1,0,1,1,"BCX","","","","S54/G-","T",0,1,0,0,0,"F"
1,0,1,0,"BX","calhw001","","","26(1)/FO/BG","T",1,1,0,0,0,"F"
1,1,3,2,"C1CBF*B1B>F1>T","toccc001","","","K+CS2(26)/DP","T",2,0,0,0,0,"F"
0,0,2,2,"BBFFX","","","","43/G","T",1,0,0,0,0,"F"
0,1,0,2,"SSX","","","","9/L","T",1,0,0,0,0,"F"
0,2,0,0,"X","","","","S7/G+","T",0,1,0,0,0,"F"
0,2,3,2,"BFC*B*B>S","lowrj001","","","K","T",1,0,1,0,0,"F"
1,0,3,1,"BBCBX","","","","43/G+","T",1,0,0,0,0,"F"
1,1,1,2,"FCBX","","","","53/G","T",1,0,0,0,0,"F"
1,2,1,1,"BCX","","","","D8/L","T",0,2,0,0,0,"F"
1,2,0,1,"FX","","belta001","","8/F","T",1,0,0,2,0,"F"
0,0,3,1,"BBFBX","","","","5/P","T",1,0,0,0,0,"F"
0,1,1,0,"BX","","","","7/L","T",1,0,0,0,0,"F"
0,2,2,2,"TCBBC","","","","K","T",1,0,0,0,0,"F"
1,0,0,0,"X","","","","S9/G","T",0,1,0,0,0,"F"
1,0,3,2,"CFBBFFFB>S","gallj002","","","K+CS2(24)/DP","T",2,0,0,0,0,"F"
1,2,0,1,"SX","","","","3/G","T",1,0,0,0,0,"F"
0,0,2,2,"BCFFBC","","","","K","T",1,0,0,0,0,"F"
0,1,1,2,"CCFFBX","","","","53/G","T",1,0,0,0,0,"F"
0,2,1,2,"CBSFX","","","","S8/L","T",0,1,0,0,0,"F"
0,2,3,2,"BFBF1B>X","semim001","","","S8/L.1-3","T",0,1,3,0,0,"F"
0,2,3,1,"BBBCB","pindc001","","semim001","W.1-2","T",0,1,2,0,3,"F"
0,2,1,0,"BX","lowrj001","pindc001","semim001","9/L+","T",1,0,1,2,3,"F"
1,0,2,2,"BCFBX","","","","S7/L","T",0,1,0,0,0,"F"
1,0,0,2,"S1SB","toccc001","","","WP.1-2","F",0,0,2,0,0,"F"
1,0,2,2,"S1SB.BS","","toccc001","","K","T",1,0,0,2,0,"F"
1,1,0,1,"SS","","toccc001","","PB.2-3","F",0,0,0,3,0,"F"
1,1,2,2,"SS.*BBX","","","toccc001","S9/G+.3-H","T",0,1,0,0,4,"F"
1,1,0,1,".>F>B","odorr001","","","SB2","F",0,0,2,0,0,"F"
1,1,2,1,".>F>B.B2X","","odorr001","","9/L.2-3","T",1,0,0,3,0,"F"
1,2,1,0,"BX","","","odorr001","S9/L.3-H","T",0,1,0,0,4,"F"
1,2,1,2,"FCBX","belta001","","","5/P","T",1,0,1,0,0,"F"
0,0,3,2,"BCBFBX","","","","3/G","T",1,0,0,0,0,"F"
0,1,2,1,"BBFX","","","","S4/G","T",0,1,0,0,0,"F"
0,1,0,0,"X","piscs001","","","S7/G.1-2","T",0,1,2,0,0,"F"
0,1,2,2,"*BCFFBFX","chapm001","piscs001","","4(1)3/GDP","T",2,0,0,2,0,"F"
1,0,2,2,".FBCBS","","","","K","T",1,0,0,0,0,"F"
1,1,0,1,"CX","","","","4/L-","T",1,0,0,0,0,"F"
1,2,3,2,"CFBBFBT","","","","K","T",1,0,0,0,0,"F"
0,0,3,2,".BBCCBX","","","","S8/G","T",0,1,0,0,0,"F"
0,0,0,1,"CX","phegj001","","","9/F","T",1,0,1,0,0,"F"
0,1,1,2,".CT*BC","phegj001","","","K","T",1,0,1,0,0,"F"
0,2,3,1,"BFBBB","phegj001","","","W.1-2","T",0,1,2,0,0,"F"
0,2,0,1,"SX","lowrj001","phegj001","","HR/8/F.2-H;1-H","T",0,4,4,4,0,"F"
0,2,3,2,"BFCFFBBS","","","","K","T",1,0,0,0,0,"F"
1,0,2,2,".CCFBBS","","","","K","T",1,0,0,0,0,"F"
1,1,2,2,".BSBFC","","","","K","T",1,0,0,0,0,"F"
1,2,3,1,"BFBBB","","","","W","T",0,1,0,0,0,"F"
1,2,0,1,"C1N","odorr001","","","POCS2(1E3).1-2","F",0,0,2,0,0,"F"
1,2,2,2,"C1N.CBFBF>FX","","odorr001","","4/P","T",1,0,0,2,0,"F"
0,0,3,2,"..BBCBCX","","","","S4/L-","T",0,1,0,0,0,"F"
0,0,1,0,"BX","piscs001","","","64(1)3/GDP","T",2,0,0,0,0,"F"
0,2,1,2,"CFBX","","","","S8/G","T",0,1,0,0,0,"F"
0,2,1,2,"C1BF1X","canhm001","","","63/G-","T",1,0,1,0,0,"F"
1,0,0,1,".CX","","","","9/F","T",1,0,0,0,0,"F"
1,1,0,0,"X","","","","3/P","T",1,0,0,0,0,"F"
1,2,3,2,"BCFBBFS","","","","K","T",1,0,0,0,0,"F"
0,0,1,2,"..CBFX","","","","9/F","T",1,0,0,0,0,"F"
0,1,3,1,"BBCB*B","","","","W","T",0,1,0,0,0,"F"
0,1,1,2,".SF*B11S","fowld002","","","K","T",1,0,1,0,0,"F"
0,2,2,2,"SB*BFX","fowld002","","","HR/9/F.1-H","T",0,4,4,0,0,"F"
0,2,3,1,"BBFBX","","","","5/P","T",1,0,0,0,0,"F"
1,0,1,2,"...BFSS","","","","K","T",1,0,0,0,0,"F"
1,1,1,2,"CBFC","","","","K","T",1,0,0,0,0,"F"
1,2,1,2,"BCSS","","","","K","T",1,0,0,0,0,"F"
0,0,0,1,"CH","","","","HP","T",0,1,0,0,0,"T"
0,0,0,0,"1X","martn003","","","7/F","T",1,0,1,0,0,"F"
0,1,2,2,"B1FSBX","martn003","","","S1/G.1-3(E1/TH)","T",0,1,3,0,0,"F"
0,1,0,0,"X","lowrj001","","martn003","S9/L.3-H;1-H(E9/TH);B-2","T",0,2,4,0,4,"F"
0,1,0,2,"CFFFS","","davik003","","K","T",1,0,0,2,0,"F"
0,2,2,2,"BSSBX","","davik003","","S7/G+.2XH(72)","T",1,1,0,0,0,"F"
1,0,3,2,"BFBCFBB","","","","W","T",0,1,0,0,0,"F"
1,0,0,2,"FFFH","choos001","","","HP.1-2","T",0,1,2,0,0,"F"
1,0,0,1,"CX","odorr001","choos001","","S5/G.2-3;1-2","T",0,1,2,3,0,"F"
1,0,1,1,"BSX","andre001","odorr001","choos001","S9/F.3-H;2-3;1-2","T",0,1,2,3,4,"F"
1,0,1,2,"FF*BS","belta001","andre001","odorr001","K","T",1,0,1,2,3,"F"
1,1,3,2,"BBFSBX","belta001","andre001","odorr001","43/G.3-H;2-3;1-2","T",1,0,2,3,4,"F"
1,2,0,2,"SFX","","belta001","andre001","53/G","T",1,0,0,2,3,"F"
0,0,3,1,"CBBBX","","","","HR/7/L","T",0,4,0,0,0,"F"
0,0,0,1,"CX","","","","3/P3F","T",1,0,0,0,0,"F"
0,1,0,1,"CX","","","","7/F","T",1,0,0,0,0,"F"
0,2,1,2,"CCBFX","","","","S8/L+","T",0,1,0,0,0,"F"
0,2,1,2,"C+111C*BFX","martn003","","","164(1)/FO/G","T",1,1,0,0,0,"F"
1,0,1,0,"BX","","","","D8/L+","T",0,2,0,0,0,"F"
1,0,0,1,"LX","","guzmr001","","54/BG/SH.2-3","T",1,0,0,3,0,"F"
1,1,2,2,"CBBTX","","","guzmr001","S7/G.3-H","T",0,1,0,0,4,"F"
1,1,1,0,"BX","choos001","","","36(1)3/GDP","T",2,0,0,0,0,"F"
0,0,0,0,"X","","","","9/F","T",1,0,0,0,0,"F"
0,1,3,2,"BBCCBC","","","","K","T",1,0,0,0,0,"F"
0,2,0,0,"X","","","","9/F","T",1,0,0,0,0,"F"
1,0,1,0,"BX","","","","4/P","T",1,0,0,0,0,"F"
1,1,1,1,"CBX","","","","63/G","T",1,0,0,0,0,"F"
1,2,1,1,"CBX","","","","43/G","T",1,0,0,0,0,"F"
0,0,0,2,"FFS","","","","K","T",1,0,0,0,0,"F"
0,1,3,2,"CBBFBB","","","","W","T",0,1,0,0,0,"F"
0,1,1,0,"B111>X","chapm001","","","8/F","T",1,0,1,0,0,"F"
0,2,1,1,"1BF1X","chapm001","","","T9/G+.1-H","T",0,3,4,0,0,"F"
0,2,3,2,"CBBFBX","","","fowld002","T9/F+.3-H","T",0,3,0,0,4,"F"
0,2,0,1,"FX","","","martn003","S7/L+.3-H","T",0,1,0,0,4,"F"
0,2,1,0,"B1X","semim001","","","63/G+","T",1,0,1,0,0,"F"
1,0,1,0,"BX","","","","S8/L","T",0,1,0,0,0,"F"
1,0,3,1,"B*BBCB","gallj002","","","W.1-2","T",0,1,2,0,0,"F"
1,0,1,2,"SFBS","chirr001","gallj002","","K","T",1,0,1,2,0,"F"
1,1,1,0,"BX","chirr001","gallj002","","8/L+","T",1,0,1,2,0,"F"
1,2,3,2,"BFSB*B>S","chirr001","gallj002","","K","T",1,0,1,2,0,"F"
0,0,0,0,"X","","","","9/F","T",1,0,0,0,0,"F"
0,1,2,1,"BBFX","","","","8/F","T",1,0,0,0,0,"F"
0,2,0,0,"X","","","","63/G+","T",1,0,0,0,0,"F"
1,0,0,0,"X","","","","63/G","T",1,0,0,0,0,"F"
1,1,3,2,"BBCBCFB","","","","W","T",0,1,0,0,0,"F"
1,1,1,1,"C1BX","andre001","","","S8/L+.1-3","T",0,1,3,0,0,"F"
1,1,1,0,"BX","belta001","","andre001","T9/L+.3-H;1-H","T",0,3,4,0,4,"F"
1,1,0,0,"X","","","profj001","7/F","T",1,0,0,0,3,"F"
1,2,2,2,"BF*BSS","","","profj001","K23","T",1,0,0,0,3,"F"
0,0,0,0,"X","","","","T8/L+","T",0,3,0,0,0,"F"
0,0,0,1,"CX","","","chapm001","3/P3F","T",1,0,0,0,3,"F"
0,1,2,2,"BCFBFX","","","chapm001","FC4/G+.3XH(45);B-2(TH)","T",1,2,0,0,0,"F"
0,2,3,1,"BBBCB","","fowld002","","W","T",0,1,0,2,0,"F"
0,2,1,0,"BX","martn003","fowld002","","6/P","T",1,0,1,2,0,"F"
1,0,2,2,".BCFBS","","","","K","T",1,0,0,0,0,"F"
1,1,3,2,"BBBCCC","","","","K","T",1,0,0,0,0,"F"
1,2,0,0,"X","","","","D8/L+","T",0,2,0,0,0,"F"
1,2,1,2,"S*BFFS","","choos001","","K","T",1,0,0,2,0,"F"
0,0,0,0,"X","","","","43/G","T",1,0,0,0,0,"F"
0,1,3,2,"CCBBBFC","","","","K","T",1,0,0,0,0,"F"
0,2,3,2,"CBBFBX","","","","3/G+","T",1,0,0,0,0,"F"
1,0,0,2,".CSFFX","","","","8/F","T",1,0,0,0,0,"F"
1,1,3,2,"BFCBBFT","","","","K","T",1,0,0,0,0,"F"
1,2,3,2,"BCBFFBFB","","","","W","T",0,1,0,0,0,"F"
1,2,3,2,"SBSBB>B","profj001","","","W.1-2","T",0,1,2,0,0,"F"
1,2,1,2,"FBSS","gallj002","profj001","","K","T",1,0,1,2,0,"F"
0,0,1,1,".BCX","","","","63/G","T",1,0,0,0,0,"F"
0,1,0,1,"CX","","","","T8/L+","T",0,3,0,0,0,"F"
0,1,0,2,"CFX","","","chapm001","9/L/SF.3-H","T",1,0,0,0,4,"F"
0,2,2,2,".CBSBFX","","","","9/F","T",1,0,0,0,0,"F"
1,0,0,1,"..CX","","","","E3/G","T",0,1,0,0,0,"F"
1,0,0,1,".1CX","guzmr001","","","S8/L.1-2","T",0,1,2,0,0,"F"
1,0,3,2,"SSFFBB*BFC","calhw001","guzmr001","","K","T",1,0,1,2,0,"F"
1,1,2,2,"SFFBFFBFX","calhw001","guzmr001","","8/L.2-3","T",1,0,1,3,0,"F"
1,2,1,1,".FBB","rua-r001","","guzmr001","WP.3-H(UR)(NR);1-2","F",0,0,2,0,5,"F"
1,2,3,2,".FBB.BSFFX","","rua-r001","","53/G","T",1,0,0,2,0,"F"
0,0,0,2,"...FCX","","","","7/F","T",1,0,0,0,0,"F"
0,1,0,2,"CSS","","","","K","T",1,0,0,0,0,"F"
0,2,2,2,"BCBFS","","","","K","T",1,0,0,0,0,"F"
1,0,3,2,"..BBBCFX","","","","S7/G","T",0,1,0,0,0,"F"
1,0,0,2,".FSB","kinei001","","","WP.1-2","F",0,0,2,0,0,"F"
1,0,1,2,".FSB.FFS","","kinei001","","K","T",1,0,0,2,0,"F"
1,1,0,1,"CX","","kinei001","","7/F+","T",1,0,0,2,0,"F"
1,2,0,0,"X","","kinei001","","4/L","T",1,0,0,2,0,"F"
0,0,0,1,"CX","","","","S8/G","T",0,1,0,0,0,"T"
0,0,1,1,"C1BX","villj001","","","S7/G.1-2","T",0,1,2,0,0,"F"
0,0,1,0,"BX","beckt001","villj001","","13/G-.2-3;1-2","T",1,0,2,3,0,"F"
0,1,1,2,"BCSX","","beckt001","villj001","43/G.3-H;2-3","T",1,0,0,3,4,"F"
0,2,3,2,"BBFF*BB","","","beckt001","W","T",0,1,0,0,3,"F"
0,2,2,0,"1BBX","davic003","","beckt001","8/F","T",1,0,1,0,3,"F"
1,0,1,1,"BCX","","","","43/G","T",1,0,0,0,0,"F"
1,1,3,2,"BBBCSB","","","","W","T",0,1,0,0,0,"F"
1,1,1,1,"BCX","odorr001","","","S7/G+.1-2","T",0,1,2,0,0,"F"
1,1,0,2,"CCX","andre001","odorr001","","8/L.2-3","T",1,0,1,3,0,"F"
1,2,2,1,"*BFBX","andre001","","odorr001","HR/9/F.3-H;1-H","T",0,4,4,0,4,"F"
1,2,1,0,"BX","","","","3/G","T",1,0,0,0,0,"F"
0,0,1,1,"CBX","","","","S57/G+","T",0,1,0,0,0,"F"
0,0,0,0,"X","nuner001","","","53/BG/SH.1-2","T",1,0,2,0,0,"F"
0,1,1,2,"CFBS","","nuner001","","K","T",1,0,0,2,0,"F"
0,2,3,1,"BSBBX","","nuner001","","8/F+","T",1,0,0,2,0,"F"
1,0,2,1,"CBBX","","","","9/L","T",1,0,0,0,0,"F"
1,1,1,1,"BFX","","","","D7/L","T",0,2,0,0,0,"F"
1,1,3,1,"BSBBX","","calhw001","","D9/L.2-H","T",0,2,0,4,0,"F"
1,1,0,1,"CB","","deshd002","","PB.2-3","F",0,0,0,3,0,"F"
1,1,3,2,"CB.SFBF*BS","","","deshd002","K","T",1,0,0,0,3,"F"
1,2,3,0,"BBBB","","","deshd002","W","T",0,1,0,0,3,"F"
1,2,0,1,"FX","odorr001","","deshd002","S9/L.3-H;1-3","T",0,1,3,0,4,"F"
1,2,2,2,"*BBSF1B","andre001","","odorr001","WP.3-H(NR);1-3","F",0,0,3,0,4,"F"
1,2,3,2,"*BBSF1B.B","","","andre001","W","T",0,1,0,0,3,"F"
1,2,0,2,"CCX","belta001","","andre001","S8/G.3-H;1-3","T",0,1,3,0,4,"F"
1,2,3,1,"B*BCBX","profj001","","belta001","D9/L+.3-H;1-3","T",0,2,3,0,4,"F"
1,2,2,1,".CBBX","","gallj002","profj001","S8/L.3-H;2-H;BX2(86)","T",1,0,0,4,4,"F"
0,0,0,0,"X","","","","8/L","T",1,0,0,0,0,"F"
0,1,3,1,"BBFBB","","","","W","T",0,1,0,0,0,"F"
0,1,2,2,"BFBTFT","jonea003","","","K","T",1,0,1,0,0,"F"
0,2,0,2,"CSS","jonea003","","","K","T",1,0,1,0,0,"F"
1,0,1,0,"BX","","","","13/G","T",1,0,0,0,0,"F"
1,1,1,1,"CBX","","","","3/G","T",1,0,0,0,0,"F"
1,2,3,2,"BCCBBX","","","","S5/G","T",0,1,0,0,0,"F"
1,2,3,2,"BFBSB>B","choos001","","","W.1-2","T",0,1,2,0,0,"F"
1,2,0,0,"X","odorr001","choos001","","D7/L+.2-H;1-3","T",0,2,3,4,0,"F"
1,2,3,2,"CBBFBC","","andre001","odorr001","K","T",1,0,0,2,3,"F"
0,0,2,1,"CBBX","","","","S7/G","T",0,1,0,0,0,"F"
0,0,0,1,"CB","manct001","","","WP.1-2","F",0,0,2,0,0,"F"
0,0,2,2,"CB.FBX","","manct001","","8/L","T",1,0,0,2,0,"F"
0,1,1,0,"BX","","manct001","","S3/G.2-3","T",0,1,0,3,0,"F"
0,1,3,2,"CBBBFT","petej002","","manct001","K","T",1,0,1,0,3,"F"
0,2,2,2,"BSF*BX","petej002","","manct001","3/L","T",1,0,1,0,3,"F"
1,0,2,2,".CBFFBX","","","","3/G+","T",1,0,0,0,0,"F"
1,1,3,1,"BBBCB","","","","W","T",0,1,0,0,0,"F"
1,1,0,1,"CX","gallj002","","","S7/L.1-2","T",0,1,2,0,0,"F"
1,1,1,0,"BX","kinei001","gallj002","","D8/L+.2-H;1-3","T",0,2,3,4,0,"F"
1,1,3,2,"BCBSBB","","calhw001","kinei001","W","T",0,1,0,2,3,"F"
1,1,0,2,"CFS","deshd002","calhw001","kinei001","K","T",1,0,1,2,3,"F"
1,2,3,2,"BBFBF>F>B","deshd002","calhw001","kinei001","W.3-H;2-3;1-2","T",0,1,2,3,4,"F"
1,2,1,1,"S*BX","odorr001","deshd002","calhw001","7/L","T",1,0,1,2,3,"F"
0,0,1,2,"CCBX","","","","S8/L+","T",0,1,0,0,0,"F"
0,0,0,0,"X","beckt001","","","64(1)/FO/G","T",1,1,0,0,0,"F"
0,1,3,2,"BCBF*BFX","jonea003","","","HR/7/F.1-H","T",0,4,4,0,0,"F"
0,1,2,1,"CBBX","","","","8/F","T",1,0,0,0,0,"F"
0,2,1,1,"FBX","","","","53/G","T",1,0,0,0,0,"F"
1,0,2,1,".BCBX","","","","S7/G+","T",0,1,0,0,0,"F"
1,0,1,2,"FS*BT","belta001","","","K","T",1,0,1,0,0,"F"
1,1,1,2,"FSBX","belta001","","","S6/G-.1-2","T",0,1,2,0,0,"F"
1,1,1,2,"BCFS","gallj002","belta001","","K","T",1,0,1,2,0,"F"
1,2,1,0,"BB","gallj002","belta001","","WP.2-3;1-2","F",0,0,2,3,0,"F"
1,2,2,2,"BB.FSS","","gallj002","belta001","K","T",1,0,0,2,3,"F"
0,0,2,2,"SFFBBX","","","","S9/L+","T",0,1,0,0,0,"F"
0,0,1,2,"TCBX","nuner001","","","1/G-.1-2","T",1,0,2,0,0,"F"
0,1,2,2,"CBBFX","","nuner001","","HR/78/F.2-H","T",0,4,0,4,0,"F"
0,1,1,1,".FBX","","","","S7/G","T",0,1,0,0,0,"F"
0,1,2,1,"BBFX","villj001","","","S7/L.1-2","T",0,1,2,0,0,"F"
0,1,1,2,"CBFS","beckt001","villj001","","K+WP.2-3;1-2","T",1,0,2,3,0,"F"
0,2,2,2,"CB*BFX","","beckt001","villj001","9/L","T",1,0,0,2,3,"F"
1,0,3,1,"BBCBB","","","","W","T",0,1,0,0,0,"F"
1,0,1,2,"FFBS","deshd002","","","K","T",1,0,1,0,0,"F"
1,1,0,2,"CCX","deshd002","","","HR/89/F.1-H","T",0,4,4,0,0,"F"
1,1,1,2,"CBCFX","","","","4/P","T",1,0,0,0,0,"F"
1,2,0,0,"X","","","","S8/G+","T",0,1,0,0,0,"F"
1,2,1,0,"BX","belta001","","","53/G","T",1,0,1,0,0,"F"
0,0,1,2,"CFBX","","","","7/L","T",1,0,0,0,0,"F"
0,1,0,0,"X","","","","53/G","T",1,0,0,0,0,"F"
0,2,1,2,"CCBX","","","","53/G+","T",1,0,0,0,0,"F"
1,0,1,1,"..SBX","","","","HR/9/F","T",0,4,0,0,0,"F"
1,0,1,0,"BX","","","","4/P-","T",1,0,0,0,0,"F"
1,1,1,0,"BX","","","","9/L","T",1,0,0,0,0,"F"
1,2,1,1,"BFX","","","","9/F","T",1,0,0,0,0,"F"
0,0,2,2,"FSBBX","","","","9/F","T",1,0,0,0,0,"F"
0,1,0,0,"X","","","","9/L","T",1,0,0,0,0,"F"
0,2,0,1,"CX","","","","43/G","T",1,0,0,0,0,"F"
1,0,2,1,".SBBX","","","","D7/L+","T",0,2,0,0,0,"F"
1,0,0,0,"B","","choos001","","PB.2-3","F",0,0,0,3,0,"F"
1,0,3,2,"B.*BFBFB","","","choos001","W","T",0,1,0,0,3,"F"
1,0,2,0,"BBX","odorr001","","choos001","54(1)/FO/G.3-H(UR)","T",1,1,0,0,5,"F"
1,1,3,2,"BSBBFX","andre001","","","8/F","T",1,0,1,0,0,"F"
1,2,3,1,"*BBFBB","andre001","","","W.1-2","T",0,1,2,0,0,"F"
1,2,3,2,".FBBSB>F>C","profj001","andre001","","K","T",1,0,1,2,0,"F"
0,0,2,2,"BFBFX","","","","43/G-","T",1,0,0,0,0,"F"
0,1,0,2,"FSX","","","","D7/L","T",0,2,0,0,0,"F"
0,1,1,2,"CFBS","","rickj001","","K","T",1,0,0,2,0,"F"
0,2,1,1,"SBX","","rickj001","","S8/G+.2-H","T",0,1,0,4,0,"F"
0,2,1,2,"CTFBX","davic003","","","HR/9/F.1-H","T",0,4,4,0,0,"F"
0,2,1,1,"FBX","","","","8/F","T",1,0,0,0,0,"F"
0,0,3,2,"BBCFBFX","","","","7/L","T",1,0,0,0,0,"T"
0,1,1,1,"FBX","","","","S8/G","T",0,1,0,0,0,"F"
0,1,0,1,"FX","beckt001","","","9/F","T",1,0,1,0,0,"F"
0,2,0,2,"CSFS","beckt001","","","K","T",1,0,1,0,0,"F"
1,0,1,0,"BX","","","","7/L","T",1,0,0,0,0,"F"
1,1,2,0,"BBX","","","","S9/G+","T",0,1,0,0,0,"F"
1,1,0,1,"CX","odorr001","","","S1/G-.1-H(UR)(E1/TH)","T",0,1,5,0,0,"F"
1,1,3,2,"BBFFFB>X","andre001","","","9/F","T",1,0,1,0,0,"F"
1,2,2,0,"BBX","andre001","","","8/F","T",1,0,1,0,0,"F"
0,0,2,1,"BBCX","","","","43/G","T",1,0,0,0,0,"F"
0,1,0,0,"X","","","","8/F","T",1,0,0,0,0,"F"
0,2,2,1,"CBBX","","","","63/G+","T",1,0,0,0,0,"F"
1,0,2,1,"BBFX","","","","6/P","T",1,0,0,0,0,"F"
1,1,3,2,"FBBFBS","","","","K","T",1,0,0,0,0,"F"
1,2,2,2,"CBBFFFS","","","","K","T",1,0,0,0,0,"F"
0,0,3,1,"CBBBB","","","","W","T",0,1,0,0,0,"F"
0,0,2,2,"B11BCC1X","petej002","","","54(1)3/GDP","T",2,0,0,0,0,"F"
0,2,2,2,"CBFBFX","","","","S8/L","T",0,1,0,0,0,"F"
0,2,1,2,"FBF1X","villj001","","","53/G","T",1,0,1,0,0,"F"
1,0,2,1,"CBBX","","","","DGR/78/F","T",0,2,0,0,0,"F"
1,0,3,1,"CBBBX","","toccc001","","7/F","T",1,0,0,2,0,"F"
1,1,1,2,"BCFC","","toccc001","","K","T",1,0,0,2,0,"F"
1,2,0,1,"CX","","toccc001","","6/L+","T",1,0,0,2,0,"F"
0,0,2,1,"FBBX","","","","S7/G","T",0,1,0,0,0,"F"
0,0,2,2,"BTFFBFX","jonea003","","","64(1)3/GDP","T",2,0,0,0,0,"F"
0,2,3,2,"BFBBFFS","","","","K","T",1,0,0,0,0,"F"
1,0,2,2,"SFFBBH","","","","HP","T",0,1,0,0,0,"F"
1,0,1,0,"BX","belta001","","","HR/9/L.1-H","T",0,4,4,0,0,"F"
1,0,2,2,"CFBBFX","","","","HR/7/F","T",0,4,0,0,0,"F"
1,0,0,0,"X","","","","S8/F","T",0,1,0,0,0,"F"
1,0,3,2,"BBFF*BFX","guzmr001","","","E6/G.1-2","T",0,1,2,0,0,"F"
1,0,1,2,"BCSS","calhw001","guzmr001","","K","T",1,0,1,2,0,"F"
1,1,3,2,"BFBFBB","calhw001","guzmr001","","W.2-3;1-2","T",0,1,2,3,0,"F"
1,1,0,1,".FX","choos001","calhw001","guzmr001","HR/9/F.3-H;2-H(UR);1-H","T",0,4,4,5,4,"F"
1,1,1,1,"CBX","","","","63/G","T",1,0,0,0,0,"F"
1,2,2,2,"SCBBFX","","","","S9/L","T",0,1,0,0,0,"F"
1,2,3,2,"BSBFB>S","belta001","","","K","T",1,0,1,0,0,"F"
0,0,3,2,"BBBCFFFFT","","","","K","T",1,0,0,0,0,"F"
0,1,1,1,"SBX","","","","D7/L+","T",0,2,0,0,0,"F"
0,1,3,0,"BBBB","","nuner001","","W","T",0,1,0,2,0,"F"
0,1,0,1,"CX","petej002","nuner001","","9/F","T",1,0,1,2,0,"F"
0,2,0,0,"X","petej002","nuner001","","S8/G+.2-H;1-3","T",0,1,3,4,0,"F"
0,2,1,1,"BSX","villj001","","petej002","S7/L+.3-H;1-2","T",0,1,2,0,4,"F"
0,2,2,2,"SBFBX","beckt001","villj001","","46(1)/FO/G","T",1,1,0,2,0,"F"
1,0,1,2,".CFBFS","","","","K","T",1,0,0,0,0,"F"
1,1,2,2,"BFFBS","","","","K","T",1,0,0,0,0,"F"
1,2,1,1,"BFX","","","","7/F","T",1,0,0,0,0,"F"
0,0,1,1,".CBX","","","","S8/G","T",0,1,0,0,0,"F"
0,0,0,1,"FX","trumm001","","","D7/L+.1-H","T",0,2,4,0,0,"F"
0,0,3,2,"FF*BB*BS","","davic003","","K","T",1,0,0,2,0,"F"
0,1,1,2,"BCCS","","davic003","","K","T",1,0,0,2,0,"F"
0,2,2,1,"BCBX","","davic003","","53/G+","T",1,0,0,2,0,"F"
1,0,0,2,"CFT","","","","K","T",1,0,0,0,0,"F"
1,1,1,2,"SCFBX","","","","63/G+","T",1,0,0,0,0,"F"
1,2,2,1,"FBBX","","","","63/G","T",1,0,0,0,0,"F"
0,0,0,1,".FX","","","","53/G","T",1,0,0,0,0,"F"
0,1,1,0,"BX","","","","S9/L","T",0,1,0,0,0,"F"
0,1,1,0,"BX","villj001","","","3/G.1-2","T",1,0,2,0,0,"F"
0,2,0,0,"X","","villj001","","63/G","T",1,0,0,2,0,"F"
1,0,0,1,".CX","","","","8/F","T",1,0,0,0,0,"F"
1,1,2,2,"BFBSX","","","","9/F","T",1,0,0,0,0,"F"
1,2,0,2,"CSX","","","","5/P","T",1,0,0,0,0,"F"
0,0,2,2,".FBBFFX","","","","9/F","T",1,0,0,0,0,"F"
0,1,2,2,"FBBFS","","","","K","T",1,0,0,0,0,"F"
0,2,1,1,"SBX","","","","E6/G+","T",0,1,0,0,0,"F"
0,2,0,1,"CX","manct001","","","D9/L+.1XH(942)","T",1,2,0,0,0,"F"
1,0,3,2,".FBBFBB","","","","W","T",0,1,0,0,0,"F"
1,0,0,0,"H","chirr001","","","HP.1-2","T",0,1,2,0,0,"F"
1,0,2,2,"BCFBX","guzmr001","chirr001","","D87/L.2-H;1-H","T",0,2,4,4,0,"F"
1,0,0,0,"X","","calhw001","","4/P","T",1,0,0,2,0,"F"
1,1,2,1,"CBBX","","calhw001","","S9/L.2-H","T",0,1,0,4,0,"F"
1,1,0,1,"SX","choos001","","","7/F","T",1,0,1,0,0,"F"
1,2,3,2,"TC*B*BB>F>X","choos001","","","S8/G.1-3","T",0,1,3,0,0,"F"
1,2,1,2,"CCBX","andre001","","choos001","43/G","T",1,0,1,0,3,"F"
0,0,0,1,".CX","","","","7/F","T",1,0,0,0,0,"F"
0,1,2,2,"BSFBFS","","","","K","T",1,0,0,0,0,"F"
0,2,2,2,"BCSBS","","","","K","T",1,0,0,0,0,"F"
0,0,2,1,"FBBX","","","","8/F+","T",1,0,0,0,0,"T"
0,1,1,0,"BX","","","","D7/L+","T",0,2,0,0,0,"F"
0,1,0,1,"CX","","beckt001","","43/G.2-3","T",1,0,0,3,0,"F"
0,2,1,1,"BCX","","","beckt001","53/G","T",1,0,0,0,3,"F"
1,0,1,2,"BCSX","","","","23/G-","T",1,0,0,0,0,"F"
1,1,2,2,"BCCFBFFFS","","","","K","T",1,0,0,0,0,"F"
1,2,2,1,"BBFX","","","","D7/G+","T",0,2,0,0,0,"F"
1,2,0,0,"B","","andre001","","WP.2-3","F",0,0,0,3,0,"F"
1,2,2,2,"B.SCBS","","","andre001","K","T",1,0,0,0,3,"F"
0,0,1,2,"CFBFT","","","","K","T",1,0,0,0,0,"F"
0,1,0,1,"CX","","","","13/G-","T",1,0,0,0,0,"F"
0,2,2,2,"SBTFBX","","","","13/G","T",1,0,0,0,0,"F"
1,0,0,1,"CX","","","","5/P","T",1,0,0,0,0,"F"
1,1,1,1,"BFX","","","","S8/G","T",0,1,0,0,0,"F"
1,1,3,2,"B1BBCFX","kinei001","","","63/G.1-2","T",1,0,2,0,0,"F"
1,2,1,2,"BFFX","","kinei001","","4/P","T",1,0,0,2,0,"F"
0,0,0,1,"CX","","","","7/F","T",1,0,0,0,0,"F"
0,1,1,2,"CSFBS","","","","K","T",1,0,0,0,0,"F"
0,2,0,2,"CFFX","","","","53/G","T",1,0,0,0,0,"F"
1,0,0,2,"CSC","","","","K","T",1,0,0,0,0,"F"
1,1,1,2,"SBFX","","","","S6/L+","T",0,1,0,0,0,"F"
1,1,3,2,"1BB1FBF>B","profj001","","","W.1-2","T",0,1,2,0,0,"F"
1,1,0,0,"X","odorr001","profj001","","4(1)3/GDP","T",2,0,0,2,0,"F"
0,0,3,2,"BBCBCX","","","","4/P","T",1,0,0,0,0,"F"
0,1,1,2,"FBFX","","","","8/F","T",1,0,0,0,0,"F"
0,2,0,1,"SX","","","","53/G","T",1,0,0,0,0,"F"
1,0,1,2,"FBCFX","","","","E5/TH/G.B-2","T",0,2,0,0,0,"F"
1,0,1,2,"FBFX","","belta001","","HR/9/L.2-H(UR)","T",0,4,0,5,0,"F"
1,0,1,1,"BCX","","","","S7/L","T",0,1,0,0,0,"F"
1,0,0,1,"F>B","kinei001","","","CS2(26)","F",1,0,0,0,0,"F"
1,1,2,2,"F>B.BTX","","","","4/L","T",1,0,0,0,0,"F"
1,2,0,0,"X","","","","S9/L","T",0,1,0,0,0,"F"
1,2,1,2,"FFFBS","calhw001","","","K","T",1,0,1,0,0,"F"
0,0,0,1,"FX","","","","S9/G","T",0,1,0,0,0,"F"
0,0,0,0,"X","trumm001","","","46(1)3/GDP","T",2,0,0,0,0,"F"
0,2,2,2,"CSBBC","","","","K","T",1,0,0,0,0,"F"
1,0,0,0,"X","","","","53/G-","T",1,0,0,0,0,"F"
1,1,2,2,"BFFFBX","","","","S8/G","T",0,1,0,0,0,"F"
1,1,1,0,"*B>X","odorr001","","","53/G/DP.1X3(36)","T",2,0,0,0,0,"F"
0,0,0,2,"CCS","","","","K","T",1,0,0,0,0,"F"
0,1,2,2,"SBCBS","","","","K","T",1,0,0,0,0,"F"
0,2,1,2,"FBSFX","","","","31/G","T",1,0,0,0,0,"F"
1,0,3,1,"CBBBX","","","","9/L","T",1,0,0,0,0,"F"
1,1,3,2,"BTFBBFC","","","","K","T",1,0,0,0,0,"F"
1,2,3,1,"BBBCB","","","","W","T",0,1,0,0,0,"F"
1,2,0,2,"CCFS","kinei001","","","K","T",1,0,1,0,0,"F"
0,0,1,2,"BCCC","","","","K","T",1,0,0,0,0,"F"
0,1,1,0,"BX","","","","S48/G+","T",0,1,0,0,0,"F"
0,1,0,1,"CX","jonea003","","","43/G.1-2","T",1,0,2,0,0,"F"
0,2,3,2,"BBSBSX","","jonea003","","S8/L.2-H","T",0,1,0,4,0,"F"
0,2,1,2,"CTBX","trumm001","","","43/G","T",1,0,1,0,0,"F"
1,0,1,0,".BX","","","","8/F","T",1,0,0,0,0,"F"
1,1,2,2,"CBCBX","","","","43/G","T",1,0,0,0,0,"F"
1,2,2,2,"CCBBX","","","","63/G-","T",1,0,0,0,0,"F"
0,0,0,1,"..CX","","","","S8/G","T",0,1,0,0,0,"F"
0,0,2,1,"B1LBX","nuner001","","","3/P","T",1,0,1,0,0,"F"
0,1,2,2,"CBFBB","nuner001","","","WP.1-2","F",0,0,2,0,0,"F"
0,1,3,2,"CBFBB.X","","nuner001","","9/L","T",1,0,0,2,0,"F"
0,2,0,0,"X","","nuner001","","63/G","T",1,0,0,2,0,"F"
1,0,1,1,"BFX","","","","HR/8/F","T",0,4,0,0,0,"F"
1,0,1,1,".CBX","","","","8/F","T",1,0,0,0,0,"F"
1,1,2,2,"BCCBS","","","","K","T",1,0,0,0,0,"F"
1,2,2,2,"SBSBC","","","","K","T",1,0,0,0,0,"F"
0,0,1,2,".TSBC","","","","K","T",1,0,0,0,0,"F"
0,1,0,1,"CX","","","","2/P2F","T",1,0,0,0,0,"F"
0,2,2,2,"BSCBX","","","","5/L+","T",1,0,0,0,0,"F"
0,0,0,0,"X","","","","S8/G","T",0,1,0,0,0,"T"
0,0,0,0,"X","petej002","","","53/SH/BG.1-2","T",1,0,2,0,0,"F"
0,1,3,2,"BBBFCB","","petej002","","W","T",0,1,0,2,0,"F"
0,1,1,2,"FFBFX","villj001","petej002","","S8/L.2-H;1-2;BX2(82453)","T",1,0,2,4,0,"F"
0,2,1,1,"BCX","","villj001","","6/L","T",1,0,0,2,0,"F"
1,0,3,2,"BCFBFBX","","","","3/G","T",1,0,0,0,0,"F"
1,1,2,1,"CBBX","","","","5/P5F","T",1,0,0,0,0,"F"
1,2,0,0,"X","","","","T9/L","T",0,3,0,0,0,"F"
1,2,3,2,"SBC*B*BFB","","","andre001","W","T",0,1,0,0,3,"F"
1,2,3,0,"BB1BB","profj001","","andre001","W.1-2","T",0,1,2,0,3,"F"
1,2,1,0,"BX","gallj002","profj001","andre001","S7/L+.3-H;2-H;1-2","T",0,1,2,4,4,"F"
1,2,1,2,"BCSFS","chirr001","gallj002","","K","T",1,0,1,2,0,"F"
0,0,3,1,"CBBBB","","","","W","T",0,1,0,0,0,"F"
0,0,0,0,"X","manct001","","","6/P","T",1,0,1,0,0,"F"
0,1,3,1,"1CBB*B+11B","manct001","","","W.1-2","T",0,1,2,0,0,"F"
0,1,1,1,"CBX","rickj001","manct001","","HR/78/F.2-H;1-H","T",0,4,4,4,0,"F"
0,1,1,1,"BCX","","","","3/G+","T",1,0,0,0,0,"F"
0,2,1,2,"CFBFX","","","","53/G","T",1,0,0,0,0,"F"
1,0,3,2,"CBFBBFB","","","","W","T",0,1,0,0,0,"F"
1,0,2,2,"CBFBX","calhw001","","","D8/L+.1-3","T",0,2,3,0,0,"F"
1,0,1,1,"FBX","","robid003","calhw001","7/F/SF.3-H","T",1,0,0,2,4,"F"
1,1,0,2,"CFX","","robid003","","D7/F.2-3","T",0,2,0,3,0,"F"
1,1,3,2,"F*BFFB*BX","","odorr001","robid003","43/G.3-H;2-3","T",1,0,0,3,4,"F"
1,2,3,1,"BSB*BB","","","odorr001","W","T",0,1,0,0,3,"F"
1,2,2,1,"BBSX","profj001","","odorr001","S9/L.3-H;1-3","T",0,1,3,0,4,"F"
1,2,3,1,"BFBBB","gallj002","","profj001","W.1-2","T",0,1,2,0,3,"F"
1,2,1,2,".CSBS","chirr001","gallj002","profj001","K","T",1,0,1,2,3,"F"
0,0,3,2,"CSBBBFX","","","","S9/L","T",0,1,0,0,0,"F"
0,0,0,1,"C>B","villj001","","","SB2","F",0,0,2,0,0,"F"
0,0,2,2,"C>B.FBX","","villj001","","HR/78/F.2-H","T",0,4,0,4,0,"F"
0,0,0,0,"X","","","","53/G","T",1,0,0,0,0,"F"
0,1,1,2,"FFBFX","","","","63/G","T",1,0,0,0,0,"F"
0,2,1,2,"BCFFX","","","","S7/L","T",0,1,0,0,0,"F"
0,2,2,2,"*BBFFX","nuner001","","","8/F","T",1,0,1,0,0,"F"
1,0,1,0,"BX","","","","63/G","T",1,0,0,0,0,"F"
1,1,2,2,"BBCSX","","","","4/L+","T",1,0,0,0,0,"F"
1,2,3,2,"BFSBBC","","","","K","T",1,0,0,0,0,"F"
0,0,2,2,".BFSFBS","","","","K23","T",1,0,0,0,0,"F"
0,1,3,2,"CBBBFFFX","","","","43/G","T",1,0,0,0,0,"F"
0,2,2,2,"CSFBBX","","","","53/G","T",1,0,0,0,0,"F"
1,0,2,2,"CBSBS","","","","K","T",1,0,0,0,0,"F"
1,1,0,2,"CFFX","","","","63/G","T",1,0,0,0,0,"F"
1,2,1,2,"CFBFFX","","","","S8/G","T",0,1,0,0,0,"F"
1,2,1,2,"TSBB","profj001","","","SB2","F",0,0,2,0,0,"F"
1,2,2,2,"TSBB.S","","profj001","","K","T",1,0,0,2,0,"F"
0,0,1,2,"CCFFBX","","","","HR/78/L","T",0,4,0,0,0,"F"
0,0,1,1,"BSX","","","","8/F+","T",1,0,0,0,0,"F"
0,1,1,1,"CBX","","","","53/G","T",1,0,0,0,0,"F"
0,2,1,2,"BSCX","","","","9/F","T",1,0,0,0,0,"F"
1,0,3,2,".CBBFBS","","","","K","T",1,0,0,0,0,"F"
1,1,3,2,"FSBBBB","","","","W","T",0,1,0,0,0,"F"
1,1,0,2,"CSF1X","guzmr001","","","36(1)/FO/G","T",1,1,0,0,0,"F"
1,2,1,2,"SBSS","calhw001","","","K","T",1,0,1,0,0,"F"
0,0,0,2,"CFX","","","","S7/L.BX2(74)","T",1,0,0,0,0,"F"
0,1,1,2,"BCFFS","","","","K","T",1,0,0,0,0,"F"
0,2,3,1,"BBBCX","","","","5/P2F","T",1,0,0,0,0,"F"
1,0,0,1,"CX","","","","53/G","T",1,0,0,0,0,"F"
1,1,0,2,"CCFS","","","","K","T",1,0,0,0,0,"F"
1,2,2,2,".CTBBFFFS","","","","K","T",1,0,0,0,0,"F"
0,0,0,2,"CFS","","","","K","T",1,0,0,0,0,"F"
0,1,2,2,"BFFBS","","","","K","T",1,0,0,0,0,"F"
0,2,0,0,"X","","","","D9/G","T",0,2,0,0,0,"F"
0,2,1,2,"BCFX","","villj001","","HR/78/F.2-H","T",0,4,0,4,0,"F"
0,2,1,1,"CBX","","","","53/G","T",1,0,0,0,0,"F"
1,0,3,1,"..CBBBB","","","","W","T",0,1,0,0,0,"F"
1,0,3,2,"SBFB*BFS","profj001","","","K","T",1,0,1,0,0,"F"
1,1,3,2,"BBCCBS","profj001","","","K","T",1,0,1,0,0,"F"
1,2,0,2,"SCS","profj001","","","K","T",1,0,1,0,0,"F"
0,0,1,1,".BCX","","","","53/G","T",1,0,0,0,0,"F"
0,1,3,1,"BCBBX","","","","3/P","T",1,0,0,0,0,"F"
0,2,0,0,"X","","","","9/F","T",1,0,0,0,0,"F"
1,0,1,0,".BX","","","","7/F","T",1,0,0,0,0,"F"
1,1,3,2,"BBCFBB","","","","W","T",0,1,0,0,0,"F"
1,1,3,1,"SBBBB","robid003","","","W.1-2","T",0,1,2,0,0,"F"
1,1,0,0,"B","choos001","robid003","","WP.2-3;1-2","F",0,0,2,3,0,"F"
1,1,1,0,"B.X","","choos001","robid003","3/G.3-H;2-3","T",1,0,0,3,4,"F"
1,2,1,0,".BX","","","choos001","9/F","T",1,0,0,0,3,"F"
0,0,0,0,"X","","","","S7/G","T",0,1,0,0,0,"F"
0,0,1,0,"BX","wynna001","","","46(1)3/GDP","T",2,0,0,0,0,"F"
0,2,2,2,"FBCBFS","","","","K","T",1,0,0,0,0,"F"
1,0,2,2,"BCCBX","","","","7/F","T",1,0,0,0,0,"F"
1,1,2,2,"CBTFBC","","","","K","T",1,0,0,0,0,"F"
1,2,1,1,"BCX","","","","3/P-","T",1,0,0,0,0,"F"
0,0,3,2,"CBBBCX","","","","S4/G-","T",0,1,0,0,0,"T"
0,0,0,1,"CX","gordd002","","","36(1)/FO/P","T",1,1,0,0,0,"F"
0,1,0,0,"B","seguj002","","","WP.1-2","F",0,0,2,0,0,"F"
0,1,2,0,"B.BX","","seguj002","","63/G.2-3","T",1,0,0,3,0,"F"
0,2,3,0,"BBBB","","","seguj002","W","T",0,1,0,0,3,"F"
0,2,0,0,"X","cruzn002","","seguj002","3/L+","T",1,0,1,0,3,"F"
1,0,0,0,"X","","","","43/G","T",1,0,0,0,0,"F"
1,1,3,0,"BBBB","","","","W","T",0,1,0,0,0,"F"
1,1,0,0,"1X","odorr001","","","8/F","T",1,0,1,0,0,"F"
1,2,1,0,"BX","odorr001","","","64(1)/FO/G","T",1,1,0,0,0,"F"
0,0,2,2,"BBCTX","","","","43/G","T",1,0,0,0,0,"F"
0,1,3,1,"BCBB*B","","","","W","T",0,1,0,0,0,"F"
0,1,2,1,"BS1BX","maybc001","","","S7/G.1-2","T",0,1,2,0,0,"F"
0,1,1,2,"CF2BX","zunim001","maybc001","","8/L.2-3","T",1,0,1,3,0,"F"
0,2,0,1,"CX","zunim001","","maybc001","43/G-","T",1,0,1,0,3,"F"
1,0,1,2,"BCCC","","","","K","T",1,0,0,0,0,"F"
1,1,3,2,"CCBBBX","","","","6/P","T",1,0,0,0,0,"F"
1,2,3,2,"BCBSBS","","","","K","T",1,0,0,0,0,"F"
0,0,0,2,"CFFX","","","","63/G","T",1,0,0,0,0,"F"
0,1,0,2,"CFX","","","","S5/G","T",0,1,0,0,0,"F"
0,1,0,0,"X","hanim001","","","46(1)/FO/G","T",1,1,0,0,0,"F"
0,2,2,2,"BFFBX","cruzn002","","","S8/F.1-3","T",0,1,3,0,0,"F"
0,2,0,0,"X","seagk001","","cruzn002","9/L","T",1,0,1,0,3,"F"
1,0,2,2,"CBSBX","","","","53/G","T",1,0,0,0,0,"F"
1,1,1,1,"BCX","","","","S7/L","T",0,1,0,0,0,"F"
1,1,3,2,"BSBBC1>C","toccc001","","","K+CS2(25)/DP","T",2,0,0,0,0,"F"
0,0,0,1,"CX","","","","63/G","T",1,0,0,0,0,"F"
0,1,1,1,"BFX","","","","HR/7/L","T",0,4,0,0,0,"F"
0,1,0,1,"CX","","","","53/G","T",1,0,0,0,0,"F"
0,2,0,0,"X","","","","3/G","T",1,0,0,0,0,"F"
1,0,1,0,"BX","","","","7/F","T",1,0,0,0,0,"F"
1,1,2,1,"BBCX","","","","53/G","T",1,0,0,0,0,"F"
1,2,0,2,"CCX","","","","13/G","T",1,0,0,0,0,"F"
0,0,0,0,"X","","","","63/G","T",1,0,0,0,0,"F"
0,1,3,2,"BBCTBFC","","","","K","T",1,0,0,0,0,"F"
0,2,1,1,"BCX","","","","S8/G+","T",0,1,0,0,0,"F"
0,2,0,1,"SX","cruzn002","","","6/P","T",1,0,1,0,0,"F"
1,0,1,1,"CBX","","","","2/P2F","T",1,0,0,0,0,"F"
1,1,3,1,"BFBBX","","","","8/F","T",1,0,0,0,0,"F"
1,2,2,2,"SBSBS","","","","K","T",1,0,0,0,0,"F"
0,0,2,2,"BFBFX","","","","D9/L","T",0,2,0,0,0,"F"
0,0,0,2,"CFX","","healr001","","S9/L.2-H","T",0,1,0,4,0,"F"
0,0,0,0,"X","maybc001","","","S8/L.1-2","T",0,1,2,0,0,"F"
0,0,0,0,"X","zunim001","maybc001","","S1/BG.2-3;1-2","T",0,1,2,3,0,"F"
0,0,0,1,"FX","hereg002","zunim001","maybc001","4(1)3/GDP.3-H(NR);2-3","T",2,0,0,3,4,"F"
0,2,1,1,"CBX","","","zunim001","8/F","T",1,0,0,0,3,"F"
1,0,2,1,"BCBX","","","","8/L","T",1,0,0,0,0,"F"
1,1,2,2,"BCBFX","","","","8/F","T",1,0,0,0,0,"F"
1,2,1,1,"BSX","","","","31/G","T",1,0,0,0,0,"F"
0,0,2,2,"BSSBS","","","","K","T",1,0,0,0,0,"F"
0,1,3,2,"BBCBFS","","","","K","T",1,0,0,0,0,"F"
0,2,0,0,"X","","","","5/P5F","T",1,0,0,0,0,"F"
1,0,3,2,"CBCBBFFFX","","","","63/G","T",1,0,0,0,0,"F"
1,1,0,0,"X","","","","S6/G+","T",0,1,0,0,0,"F"
1,1,3,0,".BBBB","andre001","","","W.1-2","T",0,1,2,0,0,"F"
1,1,0,2,"CCX","belta001","andre001","","D7/L.2-H;1-3","T",0,2,3,4,0,"F"
1,1,3,2,"FBFFBBH","","profj001","belta001","HP","T",0,1,0,2,3,"F"
1,1,3,2,".BCSBBB","chirr001","profj001","belta001","W.3-H;2-3;1-2","T",0,1,2,3,4,"F"
1,1,0,1,".CX","gallj002","chirr001","profj001","S9/L.3-H;2-3;1-2","T",0,1,2,3,4,"F"
1,1,1,0,".BX","kinei001","gallj002","chirr001","7/F7LF","T",1,0,1,2,3,"F"
1,2,1,2,"SSF*BS","kinei001","gallj002","chirr001","K","T",1,0,1,2,3,"F"
0,0,1,2,"...BCFX","","","","5/P","T",1,0,0,0,0,"F"
0,1,3,2,"BBBCCX","","","","43/G","T",1,0,0,0,0,"F"
0,2,0,0,"X","","","","3/P","T",1,0,0,0,0,"F"
1,0,2,2,"BFFBS","","","","K","T",1,0,0,0,0,"F"
1,1,3,2,"FBFFBBFX","","","","4E3/G","T",0,1,0,0,0,"F"
1,1,2,2,"BC*BSX","andre001","","","9/F","T",1,0,1,0,0,"F"
1,2,0,0,"X","andre001","","","9/F","T",1,0,1,0,0,"F"
0,0,3,1,"..BBFBX","","","","6/P","T",1,0,0,0,0,"F"
0,1,2,1,"FBBX","","","","43/G","T",1,0,0,0,0,"F"
0,2,2,2,"FBFFBFS","","","","K","T",1,0,0,0,0,"F"
1,0,0,0,"..X","","","","63/G","T",1,0,0,0,0,"F"
1,1,0,0,"X","","","","8/F","T",1,0,0,0,0,"F"
1,2,0,2,"CFX","","","","9/F","T",1,0,0,0,0,"F"
0,0,2,1,".CBBX","","","","6/P","T",1,0,0,0,0,"F"
0,1,2,2,"CBBSX","","","","S67/G","T",0,1,0,0,0,"F"
0,1,2,1,"F*BBX","cruzn002","","","8/F","T",1,0,1,0,0,"F"
0,2,0,0,"X","cruzn002","","","54(1)/FO/G","T",1,1,0,0,0,"F"
1,0,1,0,".BX","","","","6/P","T",1,0,0,0,0,"F"
1,1,1,2,"CBCC","","","","K","T",1,0,0,0,0,"F"
1,2,1,0,"BX","","","","9/L","T",1,0,0,0,0,"F"
0,0,1,1,"CBX","","","","7/F","T",1,0,0,0,0,"F"
0,1,1,0,"BX","","","","8/L+","T",1,0,0,0,0,"F"
0,2,2,1,".BBFX","","","","D7/L","T",0,2,0,0,0,"F"
0,2,0,2,"CFFS","","spand001","","K","T",1,0,0,2,0,"F"
1,0,0,0,".X","","","","53/G","T",1,0,0,0,0,"F"
1,1,1,2,"BSFS","","","","K","T",1,0,0,0,0,"F"
1,2,1,1,"BFX","","","","8/F","T",1,0,0,0,0,"F"
0,0,1,0,".BX","","","","E5/TH/G","T",0,1,0,0,0,"F"
0,0,2,2,"1B+1SF11B>B","seguj002","","","CS2(24)","F",1,0,0,0,0,"F"
0,1,3,2,"1B+1SF11B>B.X","","","","D7/L","T",0,2,0,0,0,"F"
0,1,3,1,"BCBBX","","hanim001","","9/L","T",1,0,0,2,0,"F"
0,2,3,0,"VVVV","","hanim001","","IW","T",0,1,0,2,0,"F"
0,2,3,1,"BFBBX","seagk001","hanim001","","S7/G.2-H;1-3(TH)","T",0,1,3,4,0,"F"
0,2,2,2,"*BCS*BX","healr001","","seagk001","54(1)/FO/G","T",1,1,0,0,3,"F"
1,0,1,1,".CBX","","","","S6/G+","T",0,1,0,0,0,"F"
1,0,2,2,".S1FBBC","robid003","","","K","T",1,0,1,0,0,"F"
1,1,0,1,"CX","robid003","","","S9/G.1-2","T",0,1,2,0,0,"F"
1,1,0,1,"FX","kinei001","robid003","","3/P3F","T",1,0,1,2,0,"F"
1,2,3,2,"CFFFBBB>S","kinei001","robid003","","K","T",1,0,1,2,0,"F"
0,0,0,0,"X","","","","43/G","T",1,0,0,0,0,"T"
0,1,2,2,"BCBFX","","","","9/F","T",1,0,0,0,0,"F"
0,2,2,2,"SBCBX","","","","43/G","T",1,0,0,0,0,"F"
1,0,0,1,"SX","","","","13/G","T",1,0,0,0,0,"F"
1,1,1,1,"BCX","","","","63/G","T",1,0,0,0,0,"F"
1,2,1,0,"BX","","","","63/G","T",1,0,0,0,0,"F"
0,0,2,1,"CBBX","","","","HR/7/F","T",0,4,0,0,0,"F"
0,0,3,2,"BCCBBX","","","","HR/9/F","T",0,4,0,0,0,"F"
0,0,0,1,"CX","","","","63/G","T",1,0,0,0,0,"F"
0,1,2,2,"CCBBX","","","","S9/G+","T",0,1,0,0,0,"F"
0,1,3,2,"B+111CBB>F11>F>X","herrc001","","","S7/G.1-2","T",0,1,2,0,0,"F"
0,1,0,0,"X","maybc001","herrc001","","16(1)3/GDP","T",2,0,0,2,0,"F"
1,0,0,2,"CFFS","","","","K","T",1,0,0,0,0,"F"
1,1,0,2,"FFFFX","","","","43/G+","T",1,0,0,0,0,"F"
1,2,3,2,"BBBCFFX","","","","5/P","T",1,0,0,0,0,"F"
0,0,1,0,"BX","","","","T8/F","T",0,3,0,0,0,"F"
0,0,0,0,"X","","","gordd002","53/G","T",1,0,0,0,3,"F"
0,1,0,1,"FX","","","gordd002","T8/L.3-H","T",0,3,0,0,4,"F"
0,1,0,0,"X","","","spand001","53/G","T",1,0,0,0,3,"F"
0,2,1,0,"BX","","","spand001","6/P","T",1,0,0,0,3,"F"
1,0,3,2,"CBFBBB","","","","W","T",0,1,0,0,0,"F"
1,0,1,0,"BX","chirr001","","","S8/L+.1-2","T",0,1,2,0,0,"F"
1,0,0,0,"X","calhw001","chirr001","","S5/BG-.2-3;1-2","T",0,1,2,3,0,"F"
1,0,1,1,"CBX","toccc001","calhw001","chirr001","31/G-.3-H;2-3;1-2","T",1,0,2,3,4,"F"
1,1,0,1,"FX","","toccc001","calhw001","D7/L+.3-H;2-H","T",0,2,0,4,4,"F"
1,1,1,0,"BX","","odorr001","","S7/G.2-H","T",0,1,0,4,0,"F"
1,1,0,0,"1X","andre001","","","64(1)3/GDP","T",2,0,0,0,0,"F"
0,0,1,1,"CBX","","","","63/G","T",1,0,0,0,0,"F"
0,1,3,2,"CBFBBC","","","","K","T",1,0,0,0,0,"F"
0,2,0,1,"CX","","","","13/G-","T",1,0,0,0,0,"F"
1,0,0,0,"X","","","","31/G","T",1,0,0,0,0,"F"
1,1,3,0,"BBBB","","","","W","T",0,1,0,0,0,"F"
1,1,0,1,"CX","gallj002","","","E5/FO/G.1-3","T",0,1,3,0,0,"F"
1,1,0,0,"X","chirr001","","gallj002","8/L/SF.3-H(UR)","T",1,0,1,0,5,"F"
1,2,1,1,"BCX","chirr001","","","64(1)/FO/G","T",1,1,0,0,0,"F"
0,0,2,0,"BBX","","","","S7/L","T",0,1,0,0,0,"F"
0,0,0,0,"X","romia001","","","13/BG/SH.1-2","T",1,0,2,0,0,"F"
0,1,0,2,"CFB","","romia001","","WP.2-3","F",0,0,0,3,0,"F"
0,1,3,2,"CFB.B*BX","","","romia001","7/F/SF.3-H","T",1,0,0,0,4,"F"
0,2,0,1,"CX","","","","43/G+","T",1,0,0,0,0,"F"
1,0,3,0,"BBBB","","","","W","T",0,1,0,0,0,"F"
1,0,0,0,"X","choos001","","","9/F","T",1,0,1,0,0,"F"
1,1,1,1,"CBX","choos001","","","54(1)/FO/G","T",1,1,0,0,0,"F"
1,2,0,0,"X","andre001","","","E5/FO/G.1-3","T",0,1,3,0,0,"F"
1,2,2,1,"BC*BX","belta001","","andre001","HR/89/F.3-H(UR);1-H(UR);B-H(UR)","T",0,5,5,0,5,"F"
1,2,1,2,"TCFBX","","","","S8/L","T",0,1,0,0,0,"F"
1,2,3,2,"CBFBBH","gallj002","","","HP.1-2","T",0,1,2,0,0,"F"
1,2,0,0,"X","chirr001","gallj002","","5/P5F","T",1,0,1,2,0,"F"
0,0,2,1,"CBBX","","","","8/L","T",1,0,0,0,0,"F"
0,1,2,1,"CBBX","","","","9/F","T",1,0,0,0,0,"F"
0,2,2,1,"BFBX","","","","63/G","T",1,0,0,0,0,"F"
1,0,0,2,"CFS","","","","K","T",1,0,0,0,0,"F"
1,1,3,2,"BBFCBB","","","","W","T",0,1,0,0,0,"F"
1,1,0,1,"CX","choos001","","","HR/9/F.1-H","T",0,4,4,0,0,"F"
1,1,0,0,"X","","","","8/F+","T",1,0,0,0,0,"F"
1,2,0,0,"X","","","","HR/8/F","T",0,4,0,0,0,"F"
1,2,0,0,"X","","","","3/P3F","T",1,0,0,0,0,"F"
0,0,0,2,"CSFX","","","","7/F","T",1,0,0,0,0,"F"
0,1,0,2,"CCX","","","","S7/G.B-2(E7)","T",0,2,0,0,0,"F"
0,1,1,1,"SBX","","maybc001","","8/F.2-3","T",1,0,0,3,0,"F"
0,2,2,2,"CBFBX","","","maybc001","1/L","T",1,0,0,0,3,"F"
1,0,0,1,".FX","","","","S9/L+.BX2(95)","T",1,0,0,0,0,"F"
1,1,1,1,"SBX","","","","5/L","T",1,0,0,0,0,"F"
1,2,1,1,"FBX","","","","31/G","T",1,0,0,0,0,"F"
0,0,1,2,"..CSBC","","","","K","T",1,0,0,0,0,"F"
0,1,1,1,"SBX","","","","31/G","T",1,0,0,0,0,"F"
0,2,3,2,"CCBBBB","","","","W","T",0,1,0,0,0,"F"
0,2,3,1,"BBBCX","cruzn002","","","65(1)/FO/G","T",1,1,0,0,0,"F"
1,0,1,1,".FBX","","","","S7/L","T",0,1,0,0,0,"F"
1,0,3,1,"BBFBB","toccc001","","","W.1-2","T",0,1,2,0,0,"F"
1,0,0,0,"X","choos001","toccc001","","36(1)/FO/G.2-3","T",1,1,0,3,0,"F"
1,1,0,2,"CSX","odorr001","","toccc001","3/L/DP.1X1(3)","T",2,0,0,0,3,"F"
0,0,1,1,"BCX","","","","43/G+","T",1,0,0,0,0,"F"
0,1,2,2,"SBFFBX","","","","D7/F","T",0,2,0,0,0,"F"
0,1,2,2,"CF*BBX","","herrc001","","43/G.2-3","T",1,0,0,3,0,"F"
0,2,0,0,"X","","","herrc001","3/G-","T",1,0,0,0,3,"F"
0,0,3,2,"BSBFBX","","","","8/F","T",1,0,0,0,0,"T"
0,1,3,2,"BCBSBB","","","","W","T",0,1,0,0,0,"F"
0,1,0,0,"1B","seguj002","","","WP.1-2","F",0,0,2,0,0,"F"
0,1,3,2,"1B.CS*BBFX","","seguj002","","S8/L.2-H","T",0,1,0,4,0,"F"
0,1,2,2,"S*BF1B1FX","hanim001","","","2/P2F","T",1,0,1,0,0,"F"
0,2,1,0,"BX","hanim001","","","5/P","T",1,0,1,0,0,"F"
1,0,1,1,"CBX","","","","43/G","T",1,0,0,0,0,"F"
1,1,1,1,"CBX","","","","S1/BG","T",0,1,0,0,0,"F"
1,1,1,0,"BX","odorr001","","","D8/L+.1-3","T",0,2,3,0,0,"F"
1,1,1,2,"CBFFFFFX","","andre001","odorr001","E5/G.3-H;2-3","T",0,1,0,3,4,"F"
1,1,1,0,"BX","belta001","","andre001","S8/L+.3-H;1-3","T",0,1,3,0,4,"F"
1,1,0,2,"CFFX","gallj002","","belta001","54(1)3/GDP","T",2,0,0,0,3,"F"
0,0,2,1,"BCBX","","","","S9/L+","T",0,1,0,0,0,"F"
0,0,0,1,"CX","spand001","","","54(1)3/GDP","T",2,0,0,0,0,"F"
0,2,2,2,"CBBFF","","","","FLE3","F",0,0,0,0,0,"F"
0,2,3,2,"CBBFFFB*B","","","","W","T",0,1,0,0,0,"F"
0,2,1,2,"CCBFX","zunim001","","","4/L","T",1,0,1,0,0,"F"
1,0,0,1,"CX","","","","9/L","T",1,0,0,0,0,"F"
1,1,0,1,"CH","","","","HP","T",0,1,0,0,0,"F"
1,1,0,1,"CX","calhw001","","","D7/G.1-3","T",0,2,3,0,0,"F"
1,1,3,2,"BFFBBX","","toccc001","calhw001","9/F","T",1,0,0,2,3,"F"
1,2,1,2,"BCFX","","toccc001","calhw001","8/F","T",1,0,0,2,3,"F"
0,0,0,2,"CLT","","","","K","T",1,0,0,0,0,"F"
0,1,2,0,"BBX","","","","43/G","T",1,0,0,0,0,"F"
0,2,0,2,"CFX","","","","9/F","T",1,0,0,0,0,"F"
1,0,2,2,"CBCBX","","","","S7/F","T",0,1,0,0,0,"F"
1,0,0,2,"CFC","andre001","","","K","T",1,0,1,0,0,"F"
1,1,0,0,"X","andre001","","","HR/8/F.1-H","T",0,4,4,0,0,"F"
1,1,0,0,"X","","","","D9/L","T",0,2,0,0,0,"F"
1,1,1,1,"BFX","","kinei001","","S49/L.2-H","T",0,1,0,4,0,"F"
1,1,0,0,"X","guzmr001","","","D8/L.1-3","T",0,2,3,0,0,"F"
1,1,2,2,"C*BLBC","","calhw001","guzmr001","K","T",1,0,0,2,3,"F"
1,2,3,2,"*BBCC*BX","","calhw001","guzmr001","9/F","T",1,0,0,2,3,"F"
0,0,3,1,"CBBBX","","","","4/P","T",1,0,0,0,0,"F"
0,1,1,1,"BFX","","","","63/G","T",1,0,0,0,0,"F"
0,2,1,1,"CBX","","","","7/F","T",1,0,0,0,0,"F"
1,0,0,1,"CX","","","","63/G","T",1,0,0,0,0,"F"
1,1,2,0,"BBX","","","","7/F","T",1,0,0,0,0,"F"
1,2,1,1,"BFX","","","","3/P3F","T",1,0,0,0,0,"F"
0,0,2,0,"BBX","","","","53/G","T",1,0,0,0,0,"F"
0,1,2,2,"BCBFFX","","","","HR/8/F","T",0,4,0,0,0,"F"
0,1,1,2,"BCCX","","","","4/P","T",1,0,0,0,0,"F"
0,2,0,1,"CX","","","","43/G-","T",1,0,0,0,0,"F"
1,0,1,1,"TBX","","","","HR/9/F","T",0,4,0,0,0,"F"
1,0,0,1,"CX","","","","D7/L","T",0,2,0,0,0,"F"
1,0,1,0,"BX","","kinei001","","S4/G-.2-3","T",0,1,0,3,0,"F"
1,0,1,0,"BX","guzmr001","","kinei001","46(1)3/GDP.3-H(NR)","T",2,0,0,0,4,"F"
1,2,0,2,"FFFC","","","","K","T",1,0,0,0,0,"F"
0,0,0,1,"CX","","","","13/G-","T",1,0,0,0,0,"F"
0,1,3,2,"FBBFFBB","","","","W","T",0,1,0,0,0,"F"
0,1,3,2,"BBBCCS","hanim001","","","K","T",1,0,1,0,0,"F"
0,2,1,2,"CBCFB","hanim001","","","WP.1-2","F",0,0,2,0,0,"F"
0,2,2,2,"CBCFB.X","","hanim001","","7/F","T",1,0,0,2,0,"F"
1,0,0,2,"..FTFFFFFS","","","","K","T",1,0,0,0,0,"F"
1,1,1,1,"BFX","","","","T9/L","T",0,3,0,0,0,"F"
1,1,3,2,"BBCFBX","","","odorr001","FC5/G.3XH(525125);B-3","T",1,3,0,0,0,"F"
1,2,3,2,".BBBCFFFB","","","andre001","W","T",0,1,0,0,3,"F"
1,2,1,2,"FFBX","belta001","","andre001","2/P5F","T",1,0,1,0,3,"F"
0,0,1,2,".CSBX","","","","S8/L","T",0,1,0,0,0,"F"
0,0,1,2,"CBSFX","spand001","","","S7/L.1-2","T",0,1,2,0,0,"F"
0,0,1,2,"SBFX","romia001","spand001","","5(2)/FO/G.1-3(E5/TH);B-2","T",1,2,3,0,0,"F"
0,1,1,1,"FBX","","zunim001","romia001","S6/G-.3-H;2-2","T",0,1,0,2,4,"F"
0,1,0,1,"FX","maybc001","zunim001","","3/G.2-3;1-2","T",1,0,2,3,0,"F"
0,2,0,0,"..X","","maybc001","zunim001","S8/G.3-H;2-H","T",0,1,0,4,4,"F"
0,2,0,1,"F>C","seguj002","","","SB2","F",0,0,2,0,0,"F"
0,2,3,2,"F>C.BFBBX","","seguj002","","S7/L.2-H","T",0,1,0,4,0,"F"
0,2,1,1,"1BFX","hanim001","","","8/F","T",1,0,1,0,0,"F"
1,0,0,1,".CX","","","","S45/G","T",0,1,0,0,0,"F"
1,0,2,0,"BBX","kinei001","","","D7/L.1-H","T",0,2,4,0,0,"F"
1,0,1,1,"BFX","","guzmr001","","D8/L.2-H","T",0,2,0,4,0,"F"
1,0,1,0,".BX","","robid003","","53/BG/SH.2-3","T",1,0,0,3,0,"F"
1,1,0,0,"X","","","robid003","D9/L.3-H","T",0,2,0,0,4,"F"
1,1,2,2,"SS*BBX","","profj001","","4/P","T",1,0,0,2,0,"F"
1,2,0,1,".FX","","profj001","","FC5/G.2-3","T",0,1,0,3,0,"F"
1,2,1,0,"BX","andre001","","profj001","S7/L.3-H;1-2","T",0,1,2,0,4,"F"
1,2,3,2,"BBFFF*B>C","belta001","andre001","","K","T",1,0,1,2,0,"F"
0,0,0,1,"..CX","","","","43/G","T",1,0,0,0,0,"F"
0,1,2,2,"BFBFFX","","","","31/G","T",1,0,0,0,0,"F"
0,2,0,0,"X","","","","8/F","T",1,0,0,0,0,"F"
1,0,1,1,"CBX","","","","63/G","T",1,0,0,0,0,"F"
1,1,0,0,"X","","","","7/F","T",1,0,0,0,0,"F"
1,2,1,0,"BX","","","","S8/L","T",0,1,0,0,0,"F"
1,2,0,2,"FCX","robid003","","","54(1)/FO/G","T",1,1,0,0,0,"F"
0,0,0,1,"FX","","","","HR/8/F","T",0,4,0,0,0,"F"
0,0,3,2,"BFFBBFC","","","","K","T",1,0,0,0,0,"F"
0,1,2,1,"BBFX","","","","6/L","T",1,0,0,0,0,"F"
0,2,0,1,"FX","","","","63/G","T",1,0,0,0,0,"F"
0,0,2,1,"BCBX","","","","7/L","T",1,0,0,0,0,"T"
0,1,1,2,"BCCX","","","","S9/L","T",0,1,0,0,0,"F"
0,1,0,0,">C","goldp001","","","SB2","F",0,0,2,0,0,"F"
0,1,1,2,">C.SFBFX","","goldp001","","D9/L.2-H","T",0,2,0,4,0,"F"
0,1,3,2,"BBBCTFFFX","","polla001","","7/L","T",1,0,0,2,0,"F"
0,2,1,2,"BCFX","","polla001","","D7/L.2-H","T",0,2,0,4,0,"F"
0,2,0,1,"SX","","souzs001","","8/F","T",1,0,0,2,0,"F"
1,0,1,2,"CBSX","","","","1/L","T",1,0,0,0,0,"F"
1,1,1,2,"CBOX","","","","8/L+","T",1,0,0,0,0,"F"
1,2,1,2,"CFBT","","","","K","T",1,0,0,0,0,"F"
0,0,1,2,"FSBS","","","","K","T",1,0,0,0,0,"F"
0,1,1,1,"BFX","","","","13/G-","T",1,0,0,0,0,"F"
0,2,1,2,"FBSX","","","","9/L","T",1,0,0,0,0,"F"
1,0,0,0,"X","","","","63/G","T",1,0,0,0,0,"F"
1,1,2,2,"SBBSS","","","","K","T",1,0,0,0,0,"F"
1,2,3,2,"FBBCFBX","","","","13/G-","T",1,0,0,0,0,"F"
0,0,0,1,"CX","","","","7/F","T",1,0,0,0,0,"F"
0,1,0,0,"X","","","","53/G","T",1,0,0,0,0,"F"
0,2,1,2,"CBSFC","","","","K","T",1,0,0,0,0,"F"
1,0,0,1,"SX","","","","HR/89/F","T",0,4,0,0,0,"F"
1,0,1,0,"BX","","","","63/G","T",1,0,0,0,0,"F"
1,1,0,1,"CX","","","","9/F","T",1,0,0,0,0,"F"
1,2,2,1,"BSBX","","","","S8/L+","T",0,1,0,0,0,"F"
1,2,2,0,"BBX","choos001","","","9/F","T",1,0,1,0,0,"F"
0,0,1,2,"BCFC","","","","K","T",1,0,0,0,0,"F"
0,1,2,2,"TBCFBX","","","","7/F+","T",1,0,0,0,0,"F"
0,2,0,0,"X","","","","43/G","T",1,0,0,0,0,"F"
1,0,0,0,"X","","","","S8/G","T",0,1,0,0,0,"F"
1,0,3,2,"1*BCBSB>F>X","andre001","","","43/G.1-2","T",1,0,2,0,0,"F"
1,1,3,1,"BCB*BB","","andre001","","W","T",0,1,0,2,0,"F"
1,1,2,2,"BFB2FX","gallj002","andre001","","HR/78/F.2-H;1-H","T",0,4,4,4,0,"F"
1,1,1,2,"CCFBX","","","","S7/L","T",0,1,0,0,0,"F"
1,1,3,0,"BBBB","guzmr001","","","W.1-2","T",0,1,2,0,0,"F"
1,1,3,2,"CBBC*BX","calhw001","guzmr001","","8/F","T",1,0,1,2,0,"F"
1,2,0,0,"X","calhw001","guzmr001","","56(1)/FO/G","T",1,1,0,2,0,"F"
0,0,3,2,"BCBBFFB","","","","W","T",0,1,0,0,0,"F"
0,0,0,0,"X","descd001","","","5/P","T",1,0,1,0,0,"F"
0,1,3,2,"F1CB*BB1>F>F>X","descd001","","","53/G.1-2","T",1,0,2,0,0,"F"
0,2,0,1,"CX","","descd001","","S7/F.2-H","T",0,1,0,4,0,"F"
0,2,0,1,"S1X","perad001","","","4/P3F","T",1,0,1,0,0,"F"
1,0,2,2,"CBBSS","","","","K","T",1,0,0,0,0,"F"
1,1,0,2,"CFX","","","","7/F","T",1,0,0,0,0,"F"
1,2,0,2,"CFS","","","","K","T",1,0,0,0,0,"F"
0,0,1,0,".BX","","","","6/L","T",1,0,0,0,0,"F"
0,1,1,2,"CFBX","","","","23/G-","T",1,0,0,0,0,"F"
0,2,3,2,"BCBSBX","","","","8/F","T",1,0,0,0,0,"F"
1,0,1,2,"FBCS","","","","K","T",1,0,0,0,0,"F"
1,1,3,2,"CSBFFBBFC","","","","K","T",1,0,0,0,0,"F"
1,2,1,0,"BX","","","","43/G","T",1,0,0,0,0,"F"
0,0,1,1,"CBX","","","","63/G","T",1,0,0,0,0,"F"
0,1,1,0,"BX","","","","43/G","T",1,0,0,0,0,"F"
0,2,2,2,"CCBBX","","","","53/G-","T",1,0,0,0,0,"F"
1,0,1,1,"BFX","","","","S7/G","T",0,1,0,0,0,"F"
1,0,0,1,".1L1X","toccc001","","","14/BG/SH.1-2","T",1,0,2,0,0,"F"
1,1,3,1,".*BBCBB","","toccc001","","W","T",0,1,0,2,0,"F"
1,1,3,2,"CS*B*B*BFX","choos001","toccc001","","3/G-.2-3;1-2","T",1,0,2,3,0,"F"
1,2,0,2,".CSX","","choos001","toccc001","4/P","T",1,0,0,2,3,"F"
0,0,1,1,"...CBX","","","","8/F","T",1,0,0,0,0,"F"
0,1,1,2,"SCFBS","","","","K","T",1,0,0,0,0,"F"
0,2,1,0,"BX","","","","S8/G+","T",0,1,0,0,0,"F"
0,2,0,0,"1X","goldp001","","","S8/L.1-3","T",0,1,3,0,0,"F"
0,2,2,1,"B1SBX","polla001","","goldp001","23/G-","T",1,0,1,0,3,"F"
1,0,1,0,"..BX","","","","S8/G","T",0,1,0,0,0,"F"
1,0,1,1,"FBX","belta001","","","9/F","T",1,0,1,0,0,"F"
1,1,1,0,"BB","belta001","","","WP.1-2","F",0,0,2,0,0,"F"
1,1,2,1,"BB.TX","","belta001","","S8/F.2-H","T",0,1,0,4,0,"F"
1,1,3,2,"BB*BCC>F>X","chirr001","","","7/L","T",1,0,1,0,0,"F"
1,2,3,2,"BBFFB>F>F>X","chirr001","","","8/L","T",1,0,1,0,0,"F"
0,0,0,2,"..FFC","","","","K","T",1,0,0,0,0,"F"
0,1,3,1,"BBBCX","","","","7/F","T",1,0,0,0,0,"F"
0,2,0,2,"FCFS","","","","K","T",1,0,0,0,0,"F"
0,0,0,2,"CSX","","","","63/G","T",1,0,0,0,0,"T"
0,1,2,0,"BBX","","","","HR/78/F","T",0,4,0,0,0,"F"
0,1,3,1,"BBCBB","","","","W","T",0,1,0,0,0,"F"
0,1,1,2,"SFBF1X","perad001","","","46(1)3/GDP","T",2,0,0,0,0,"F"
1,0,2,2,"BBCFX","","","","S8/L","T",0,1,0,0,0,"F"
1,0,1,0,"BX","choos001","","","7/F","T",1,0,1,0,0,"F"
1,1,0,2,"CSFS","choos001","","","K","T",1,0,1,0,0,"F"
1,2,3,2,"*BBBCC>X","choos001","","","3/G","T",1,0,1,0,0,"F"
0,0,1,2,"SBSX","","","","S8/L","T",0,1,0,0,0,"F"
0,0,1,1,"B1CX","souzs001","","","D9/L.1-3","T",0,2,3,0,0,"F"
0,0,3,2,"CBB*BFX","","martk001","souzs001","3/G.3-H;2-3","T",1,0,0,3,4,"F"
0,1,0,1,"SX","","","martk001","4/P","T",1,0,0,0,3,"F"
0,2,3,2,"BCBBFT","","","martk001","K","T",1,0,0,0,3,"F"
1,0,2,2,"CBBFX","","","","6/P","T",1,0,0,0,0,"F"
1,1,2,2,"CSBBS","","","","K","T",1,0,0,0,0,"F"
1,2,2,2,"BCBFX","","","","9/F","T",1,0,0,0,0,"F"
0,0,2,2,"BFCBX","","","","31/G","T",1,0,0,0,0,"F"
0,1,2,2,"BCBCX","","","","S9/L+","T",0,1,0,0,0,"F"
0,1,0,0,"1X","goldp001","","","8/F","T",1,0,1,0,0,"F"
0,2,1,1,"CBX","goldp001","","","43/G","T",1,0,1,0,0,"F"
1,0,0,1,"SX","","","","5/P","T",1,0,0,0,0,"F"
1,1,3,2,"BBCLBX","","","","8/F","T",1,0,0,0,0,"F"
1,2,3,2,"SBCBBS","","","","K","T",1,0,0,0,0,"F"
0,0,1,0,"BX","","","","53/G","T",1,0,0,0,0,"F"
0,1,3,2,"CCBBFBB","","","","W","T",0,1,0,0,0,"F"
0,1,3,1,"B1*BF1BX","martk001","","","D9/L+.1-H;B-3(TH)","T",0,3,4,0,0,"F"
0,1,0,2,"CFFB","","","descd001","WP.3-H(NR)","F",0,0,0,0,4,"F"
0,1,3,2,"CFFB.BBX","","","","D7/L","T",0,2,0,0,0,"F"
0,1,3,0,"B*B*BB","","ahmen001","","W","T",0,1,0,2,0,"F"
0,1,2,2,".BFBFFB","avila001","ahmen001","","WP.2-3;1-2","F",0,0,2,3,0,"F"
0,1,3,2,".BFBFFB.F*B","","avila001","ahmen001","W","T",0,1,0,2,3,"F"
0,1,1,2,"FBFFFX","jay-j001","avila001","ahmen001","54(1)3/GDP","T",2,0,0,2,3,"F"
1,0,1,0,"BX","","","","D8/L+","T",0,2,0,0,0,"F"
1,0,1,0,"BX","","odorr001","","3/G.2-3","T",1,0,0,3,0,"F"
1,1,0,1,"FX","","","odorr001","8/F/SF.3-H","T",1,0,0,0,4,"F"
1,2,1,2,"BCSFS","","","","K","T",1,0,0,0,0,"F"
0,0,2,2,"CBFFBS","","","","K","T",1,0,0,0,0,"F"
0,1,0,1,"CX","","","","7/F","T",1,0,0,0,0,"F"
0,2,3,0,"BBBB","","","","W","T",0,1,0,0,0,"F"
0,2,1,0,"B*B","souzs001","","","SB2","F",0,0,2,0,0,"F"
0,2,2,1,"B*B.FX","","souzs001","","8/F","T",1,0,0,2,0,"F"
1,0,1,0,"BX","","","","8/F+","T",1,0,0,0,0,"F"
1,1,1,2,"CBCFX","","","","S9/L","T",0,1,0,0,0,"F"
1,1,0,0,"X","kinei001","","","63/G.1-2","T",1,0,2,0,0,"F"
1,2,0,2,"CFS","","kinei001","","K","T",1,0,0,2,0,"F"
0,0,1,2,"CCFBT","","","","K","T",1,0,0,0,0,"F"
0,1,1,1,"FBX","","","","43/G","T",1,0,0,0,0,"F"
0,2,2,1,"CBBX","","","","HR/8/F","T",0,4,0,0,0,"F"
0,2,0,2,"CFFX","","","","S8/G","T",0,1,0,0,0,"F"
0,2,1,1,"FB1X","jay-j001","","","4/P","T",1,0,1,0,0,"F"
1,0,1,1,"BCX","","","","S8/G","T",0,1,0,0,0,"F"
1,0,0,2,"FFS","choos001","","","K","T",1,0,1,0,0,"F"
1,1,1,2,"CS*BX","choos001","","","S9/G.1-2","T",0,1,2,0,0,"F"
1,1,0,0,"X","andre001","choos001","","D9/L+.2-H;1-3","T",0,2,3,4,0,"F"
1,1,1,1,"*BCX","","profj001","andre001","63/G.3-H;2-3","T",1,0,0,3,4,"F"
1,2,2,2,"S*BS*BS","","","profj001","K","T",1,0,0,0,3,"F"
0,0,2,2,".SFBBX","","","","53/G+","T",1,0,0,0,0,"F"
0,1,2,2,"CBFBX","","","","5/P5F","T",1,0,0,0,0,"F"
0,2,3,2,"BSBFFBX","","","","3/P2F","T",1,0,0,0,0,"F"
1,0,0,1,"CX","","","","63/G","T",1,0,0,0,0,"F"
1,1,1,2,"CSBX","","","","7/F","T",1,0,0,0,0,"F"
1,2,1,1,"FBX","","","","53/G","T",1,0,0,0,0,"F"
0,0,0,1,".CX","","","","S68","T",0,1,0,0,0,"F"
0,0,1,2,"FBF1FS","martk001","","","K","T",1,0,1,0,0,"F"
0,1,3,2,"CBF1B*BB","martk001","","","W.1-2","T",0,1,2,0,0,"F"
0,1,2,2,"CCBBC","ahmen001","martk001","","K","T",1,0,1,2,0,"F"
0,2,0,0,"X","ahmen001","martk001","","S8/G.2-H;1-3","T",0,1,3,4,0,"F"
0,2,2,2,"BCFBX","jay-j001","","ahmen001","46(1)/FO/G+","T",1,1,0,0,3,"F"
1,0,1,2,".BFCX","","","","S5/G","T",0,1,0,0,0,"F"
1,0,0,2,"F1SX","choos001","","","8/F","T",1,0,1,0,0,"F"
1,1,2,2,".CCFB*BFX","choos001","","","14(1)3/GDP","T",2,0,0,0,0,"F"
0,0,1,2,"SFBX","","","","43/G","T",1,0,0,0,0,"F"
0,1,0,1,"CX","","","","13/G","T",1,0,0,0,0,"F"
0,2,1,0,"BX","","","","53/G","T",1,0,0,0,0,"F"
1,0,2,2,".BCSFBX","","","","T9/G","T",0,3,0,0,0,"F"
1,0,2,1,"BBCX","","","profj001","9/F/SF.3-H","T",1,0,0,0,4,"F"
1,1,1,2,"CBSC","","","","K","T",1,0,0,0,0,"F"
1,2,3,2,"BCBCFBB","","","","W","T",0,1,0,0,0,"F"
1,2,1,2,"FBSFS","kinei001","","","K23","T",1,0,1,0,0,"F"
0,0,2,2,"FFBBX","","","","S9/G","T",0,1,0,0,0,"T"
0,0,1,2,"CB1>FFF1X","calhk001","","","S8/L.1-2","T",0,1,2,0,0,"F"
0,0,2,1,"CBBX","fletd002","calhk001","","S8/L.2-H;1-3","T",0,1,3,4,0,"F"
0,0,0,1,"CX","uptoj001","","fletd002","S68/G.3-H;1-2","T",0,1,2,0,4,"F"
0,0,1,0,"BX","ohtas001","uptoj001","","S7/L.2-3;1-2","T",0,1,2,3,0,"F"
0,0,0,0,"X","pujoa001","ohtas001","uptoj001","7/F","T",1,0,1,2,3,"F"
0,1,1,0,"BX","pujoa001","ohtas001","uptoj001","D7/G.3-H;2-H;1-3","T",0,2,3,4,4,"F"
0,1,0,0,"X","","arcif001","pujoa001","63/G.3-H;2-3","T",1,0,0,3,4,"F"
0,2,0,0,"X","","","arcif001","5/P5F","T",1,0,0,0,3,"F"
1,0,2,1,"BBCX","","","","43/G","T",1,0,0,0,0,"F"
1,1,0,0,"X","","","","13/BG","T",1,0,0,0,0,"F"
1,2,3,2,"CBSBBFB","","","","W","T",0,1,0,0,0,"F"
1,2,1,0,"BX","andre001","","","HR/8/F.1-H","T",0,4,4,0,0,"F"
1,2,2,2,"BBCCS","","","","K","T",1,0,0,0,0,"F"
0,0,3,1,"BBCBX","","","","HR/78/F","T",0,4,0,0,0,"F"
0,0,1,1,"CBX","","","","7/L","T",1,0,0,0,0,"F"
0,1,3,2,"BCSBFBS","","","","K","T",1,0,0,0,0,"F"
0,2,1,2,"BCFT","","","","K","T",1,0,0,0,0,"F"
1,0,1,0,"BX","","","","HR/9/F","T",0,4,0,0,0,"F"
1,0,3,2,"BBCCFBB","","","","W","T",0,1,0,0,0,"F"
1,0,3,2,"F*BBBFB","chirr001","","","W.1-2","T",0,1,2,0,0,"F"
1,0,0,0,".X","guzmr001","chirr001","","13/BG/SH.2-3;1-2","T",1,0,2,3,0,"F"
1,1,1,2,"BFSX","","guzmr001","chirr001","13/G","T",1,0,0,2,3,"F"
1,2,3,2,"CSBBBC","","guzmr001","chirr001","K","T",1,0,0,2,3,"F"
0,0,3,1,"BBFBX","","","","3/P","T",1,0,0,0,0,"F"
0,1,0,1,"CX","","","","63/G","T",1,0,0,0,0,"F"
0,2,0,0,"X","","","","9/L+","T",1,0,0,0,0,"F"
1,0,2,0,".BBX","","","","E7/L","T",0,1,0,0,0,"F"
1,0,2,2,"BFBS>FX","andre001","","","8/L+","T",1,0,1,0,0,"F"
1,1,1,0,"B1","andre001","","","POCS2(136)","F",1,0,0,0,0,"F"
1,2,3,1,"B1.BBCX","","","","S8/G","T",0,1,0,0,0,"F"
1,2,2,2,"FBBFC","profj001","","","K","T",1,0,1,0,0,"F"
0,0,3,2,"CCBBBB","","","","W","T",0,1,0,0,0,"F"
0,0,0,1,"C+1X","wardt002","","","S7/L-.1-2","T",0,1,2,0,0,"F"
0,0,2,1,"FB2BX","youne003","wardt002","","S9/G.2-3;1-2","T",0,1,2,3,0,"F"
0,0,1,0,"BX","calhk001","youne003","wardt002","5(2)5(3)4(1)/GTP","T",3,1,0,0,0,"F"
1,0,3,1,".BBBCX","","","","63/G","T",1,0,0,0,0,"F"
1,1,0,0,"H","","","","HP","T",0,1,0,0,0,"F"
1,1,0,1,"CX","guzmr001","","","9/L","T",1,0,1,0,0,"F"
1,2,2,2,"BCTBC","guzmr001","","","K","T",1,0,1,0,0,"F"
0,0,1,1,"BCX","","","","53/G","T",1,0,0,0,0,"F"
0,1,1,1,"CBX","","","","43/G","T",1,0,0,0,0,"F"
0,2,0,0,"X","","","","8/L","T",1,0,0,0,0,"F"
1,0,0,2,"CFX","","","","63/G","T",1,0,0,0,0,"F"
1,1,0,2,"CFS","","","","K","T",1,0,0,0,0,"F"
1,2,1,2,"CBSX","","","","63/G-","T",1,0,0,0,0,"F"
0,0,1,1,"CBX","","","","6/P","T",1,0,0,0,0,"F"
0,1,1,2,"CBFX","","","","53/G","T",1,0,0,0,0,"F"
0,2,1,2,"FCBFT","","","","K","T",1,0,0,0,0,"F"
1,0,1,1,".BFX","","","","HR/9/F","T",0,4,0,0,0,"F"
1,0,2,0,"BBX","","","","43/G","T",1,0,0,0,0,"F"
1,1,0,0,"X","","","","9/F","T",1,0,0,0,0,"F"
1,2,1,1,"BSX","","","","3/G","T",1,0,0,0,0,"F"
0,0,1,1,".BCX","","","","S1/BG","T",0,1,0,0,0,"F"
0,0,1,0,"B1X","youne003","","","36(1)3/GDP","T",2,0,0,0,0,"F"
0,2,0,2,"CCS","","","","K","T",1,0,0,0,0,"F"
1,0,3,2,".LBSBFBX","","","","13/G-","T",1,0,0,0,0,"F"
1,1,1,1,"CBX","","","","D7/L+","T",0,2,0,0,0,"F"
1,1,2,0,"BBX","","choos001","","43/G.2-3","T",1,0,0,3,0,"F"
1,2,0,1,"CX","","","choos001","63/G","T",1,0,0,0,3,"F"
0,0,0,0,"X","","","","9/F","T",1,0,0,0,0,"F"
0,1,1,2,"CFBS","","","","K","T",1,0,0,0,0,"F"
0,2,0,2,"CSC","","","","K","T",1,0,0,0,0,"F"
1,0,3,0,"..BBBB","","","","W","T",0,1,0,0,0,"F"
1,0,0,1,"CH","mazan001","","","HP.1-2","T",0,1,2,0,0,"F"
1,0,3,1,"BSBBX","profj001","mazan001","","D9/L.2-H;1-3","T",0,2,3,4,0,"F"
1,0,3,0,"BBBB","","gallj002","profj001","W","T",0,1,0,2,3,"F"
1,0,3,2,"*B*BBCCS","chirr001","gallj002","profj001","K","T",1,0,1,2,3,"F"
1,1,0,2,".CFS","chirr001","gallj002","profj001","K","T",1,0,1,2,3,"F"
1,2,3,1,"B*BBCB","chirr001","gallj002","profj001","W.3-H;2-3;1-2","T",0,1,2,3,4,"F"
1,2,2,1,".*BBSX","choos001","chirr001","gallj002","S6/G.3-H;2-3;1-2","T",0,1,2,3,4,"F"
1,2,0,0,"B","odorr001","choos001","chirr001","WP.3-H(NR);2-3;1-2","F",0,0,2,3,4,"F"
1,2,3,2,"B.FBBSX","","odorr001","choos001","4/L","T",1,0,0,2,3,"F"
0,0,1,0,"..BX","","","","D67/P","T",0,2,0,0,0,"F"
0,0,1,2,"BFFX","","simma001","","4/P","T",1,0,0,2,0,"F"
0,1,2,2,"BSBSC","","simma001","","K","T",1,0,0,2,0,"F"
0,2,0,2,"STS","","simma001","","K","T",1,0,0,2,0,"F"
0,0,1,0,"BX","","","","63/G","T",1,0,0,0,0,"T"
0,1,0,1,"CX","","","","43/G-","T",1,0,0,0,0,"F"
0,2,3,1,"BBCBB","","","","W","T",0,1,0,0,0,"F"
0,2,1,0,"B1>B","uptoj001","","","SB2","F",0,0,2,0,0,"F"
0,2,3,2,"B1>B.BCFFS","","uptoj001","","K","T",1,0,0,2,0,"F"
1,0,1,2,"BCCX","","","","31/G-","T",1,0,0,0,0,"F"
1,1,3,2,"BFBBFC","","","","K","T",1,0,0,0,0,"F"
1,2,1,1,"FBX","","","","31/G","T",1,0,0,0,0,"F"
0,0,0,1,"CX","","","","D5/L-","T",0,2,0,0,0,"F"
0,0,0,0,"X","","pujoa001","","63/G","T",1,0,0,2,0,"F"
0,1,1,2,"CSBS","","pujoa001","","K","T",1,0,0,2,0,"F"
0,2,2,1,"BCBX","","pujoa001","","S8/L.2-H","T",0,1,0,4,0,"F"
0,2,3,2,"BC1B1S>F1B>X","wardt002","","","3/G","T",1,0,1,0,0,"F"
1,0,3,2,"CFBFBBX","","","","S9/G","T",0,1,0,0,0,"F"
1,0,3,0,"BB*BB","mazan001","","","W.1-2","T",0,1,2,0,0,"F"
1,0,1,0,"BX","profj001","mazan001","","D9/L+.2-H;1-H;B-3(E4/TH)","T",0,3,4,4,0,"F"
1,0,2,1,"BBCX","","","gallj002","63/G.3-H","T",1,0,0,0,4,"F"
1,1,1,1,"FBX","","","","S9/L+","T",0,1,0,0,0,"F"
1,1,0,2,"CFX","guzmr001","","","S9/L-.1-2","T",0,1,2,0,0,"F"
1,1,3,2,"*BFBBSX","toccc001","guzmr001","","S7/L.2-3;1-2","T",0,1,2,3,0,"F"
1,1,0,0,"X","choos001","toccc001","guzmr001","S9/G.3-H;2-H;1-2","T",0,1,2,4,4,"F"
1,1,2,2,"FFBF*BFS","odorr001","choos001","","K","T",1,0,1,2,0,"F"
1,2,0,1,"FX","odorr001","choos001","","9/F+","T",1,0,1,2,0,"F"
0,0,0,2,"CSS","","","","K","T",1,0,0,0,0,"F"
0,1,2,2,"CCBBFX","","","","6/P","T",1,0,0,0,0,"F"
0,2,1,0,"BX","","","","S9/L","T",0,1,0,0,0,"F"
0,2,0,0,"X","uptoj001","","","46(1)/FO/G","T",1,1,0,0,0,"F"
1,0,3,2,"BSFFBBFX","","","","8/L","T",1,0,0,0,0,"F"
1,1,3,2,"BSFFBBS","","","","K","T",1,0,0,0,0,"F"
1,2,1,0,"BX","","","","13/G-","T",1,0,0,0,0,"F"
0,0,2,2,"BFBFFS","","","","K","T",1,0,0,0,0,"F"
0,1,2,0,"BBX","","","","5/P5F","T",1,0,0,0,0,"F"
0,2,1,2,"BSSS","","","","K","T",1,0,0,0,0,"F"
1,0,1,2,"FCBX","","","","63/G+","T",1,0,0,0,0,"F"
1,1,2,0,"BBX","","","","S8/G","T",0,1,0,0,0,"F"
1,1,0,1,"SX","toccc001","","","3(B)6(1)/GDP","T",2,0,0,0,0,"F"
0,0,0,0,"X","","","","9/L+","T",1,0,0,0,0,"F"
0,1,3,2,"BCSBFBX","","","","S7/L-","T",0,1,0,0,0,"F"
0,1,0,1,"S1>C","youne003","","","SB2","F",0,0,2,0,0,"F"
0,1,0,2,"S1>C.S","","youne003","","K+WP.2-3;B-1","T",0,1,0,3,0,"F"
0,1,0,2,"CS1X","calhk001","","youne003","S8/G.3-H;1-2","T",0,1,2,0,4,"F"
0,1,1,0,"BX","fletd002","calhk001","","5/L/DP.2X2(54)","T",2,0,1,0,0,"F"
1,0,0,2,".FFC","","","","K","T",1,0,0,0,0,"F"
1,1,3,2,"BBSFFB*B","","","","W","T",0,1,0,0,0,"F"
1,1,0,0,"X","andre001","","","36(1)1/GDP","T",2,0,0,0,0,"F"
0,0,2,1,".SBBX","","","","6/P","T",1,0,0,0,0,"F"
0,1,3,2,"BBBCFB","","","","W","T",0,1,0,0,0,"F"
0,1,0,0,"X","pujoa001","","","HR/78/F.1-H","T",0,4,4,0,0,"F"
0,1,2,0,"BBX","","","","S7/L+","T",0,1,0,0,0,"F"
0,1,0,1,"CX","river003","","","46(1)/FO/G","T",1,1,0,0,0,"F"
0,2,0,1,"CX","wardt002","","","3/P3F","T",1,0,1,0,0,"F"
1,0,1,2,"BCFC","","","","K","T",1,0,0,0,0,"F"
1,1,3,2,"BSSFFBFBS","","","","K","T",1,0,0,0,0,"F"
1,2,2,0,"BBX","","","","S8/L","T",0,1,0,0,0,"F"
1,2,0,2,"FC1FF1FFX","kinei001","","","7/F","T",1,0,1,0,0,"F"
0,0,3,1,"FBBBB","","","","W","T",0,1,0,0,0,"F"
0,0,0,2,".CCX","calhk001","","","6(1)3/GDP","T",2,0,0,0,0,"F"
0,2,0,0,"H","","","","HP","T",0,1,0,0,0,"F"
0,2,0,0,"X","uptoj001","","","7/F","T",1,0,1,0,0,"F"
1,0,1,1,"BCX","","","","S8/G","T",0,1,0,0,0,"F"
1,0,0,2,"CFX","toccc001","","","S8/G.1-3","T",0,1,3,0,0,"F"
1,0,2,2,"*BFBFFFX","choos001","","toccc001","9/F/SF.3-H","T",1,0,1,0,4,"F"
1,1,2,0,"*BBX","choos001","","","54(1)/FO/G","T",1,1,0,0,0,"F"
1,2,1,1,"BC11>X","andre001","","","63/G","T",1,0,1,0,0,"F"
0,0,3,2,".BCBFBS","","","","K","T",1,0,0,0,0,"F"
0,1,2,2,"CBSBFS","","","","K23","T",1,0,0,0,0,"F"
0,2,3,2,"FFFBFBFBFX","","","","8/F","T",1,0,0,0,0,"F"
1,0,1,1,"BFX","","","","3/L","T",1,0,0,0,0,"F"
1,1,1,1,"BSX","","","","41/G","T",1,0,0,0,0,"F"
1,2,0,0,"X","","","","7/F","T",1,0,0,0,0,"F"
0,0,2,2,".CCBBS","","","","K","T",1,0,0,0,0,"F"
0,1,2,2,"CCBFBS","","","","K","T",1,0,0,0,0,"F"
0,2,2,2,"BCSBS","","","","K","T",1,0,0,0,0,"F"
0,0,2,2,"CBBFX","","","","53/G","T",1,0,0,0,0,"T"
0,1,1,2,"CBSX","","","","4/L","T",1,0,0,0,0,"F"
0,2,2,2,"BCBSC","","","","K","T",1,0,0,0,0,"F"
1,0,0,0,"X","","","","D8/L+","T",0,2,0,0,0,"F"
1,0,0,1,"CX","","odorr001","","S8/G.2-H","T",0,1,0,4,0,"F"
1,0,3,2,"SFF*B*BFB>S","andre001","","","K+CS2(243)/DP","T",2,0,0,0,0,"F"
1,2,2,2,"BBFSX","","","","S5/G-","T",0,1,0,0,0,"F"
1,2,0,0,"X","mazan001","","","4/P","T",1,0,1,0,0,"F"
0,0,1,2,"BFFX","","","","HR/78/F","T",0,4,0,0,0,"F"
0,0,2,1,"BBCX","","","","63/G+","T",1,0,0,0,0,"F"
0,1,0,0,"X","","","","9/F","T",1,0,0,0,0,"F"
0,2,3,0,"BBBB","","","","W","T",0,1,0,0,0,"F"
0,2,0,0,"X","martj007","","","54(1)/FO/G","T",1,1,0,0,0,"F"
1,0,0,0,"X","","","","D8/L+","T",0,2,0,0,0,"F"
1,0,1,0,"BX","","gallj002","","6/P","T",1,0,0,2,0,"F"
1,1,2,2,"S*BSBS","","gallj002","","K","T",1,0,0,2,0,"F"
1,2,3,2,"CBSB*BX","","gallj002","","S56/G+.2-H","T",0,1,0,4,0,"F"
1,2,0,0,"X","toccc001","","","9/L+","T",1,0,1,0,0,"F"
0,0,1,0,"BX","","","","S1/G-","T",0,1,0,0,0,"F"
0,0,2,1,"BBCX","youne003","","","S7/L+.1-2","T",0,1,2,0,0,"F"
0,0,0,1,"LX","calhk001","youne003","","54/BG/SH.2-3;1-2","T",1,0,2,3,0,"F"
0,1,2,2,"FS*BBS","","calhk001","youne003","K","T",1,0,0,2,3,"F"
0,2,2,0,"BBX","","calhk001","youne003","S8/G+.3-H;2-H","T",0,1,0,4,4,"F"
0,2,0,0,"X","pujoa001","","","9/F","T",1,0,1,0,0,"F"
1,0,3,2,"BTBFFFBX","","","","S7/L","T",0,1,0,0,0,"F"
1,0,0,1,"CX","andre001","","","53/G-.1-2","T",1,0,2,0,0,"F"
1,1,1,1,"BCX","","andre001","","53/G","T",1,0,0,2,0,"F"
1,2,0,0,"X","","andre001","","63/G","T",1,0,0,2,0,"F"
0,0,0,2,"CFX","","","","3/P","T",1,0,0,0,0,"F"
0,1,1,2,"BCFX","","","","S8/G+","T",0,1,0,0,0,"F"
0,1,1,0,"BX","martj007","","","S7/L.1-2","T",0,1,2,0,0,"F"
0,1,1,1,"BFX","wardt002","martj007","","S1/G-.2-3;1-2","T",0,1,2,3,0,"F"
0,1,1,1,"BFX","youne003","wardt002","martj007","2/P2F","T",1,0,1,2,3,"F"
0,2,0,0,"X","youne003","wardt002","martj007","D7/G+.3-H;2-H;1-H","T",0,2,4,4,4,"F"
0,2,0,0,"X","","fletd002","","63/G","T",1,0,0,2,0,"F"
1,0,0,0,"X","","","","S4/L","T",0,1,0,0,0,"F"
1,0,2,1,"BCBX","gallj002","","","8/F","T",1,0,1,0,0,"F"
1,1,1,2,"CCF*BFX","gallj002","","","43/G.1-2","T",1,0,2,0,0,"F"
1,2,3,2,"CBBFFBB","","gallj002","","W","T",0,1,0,2,0,"F"
1,2,1,1,"CBX","toccc001","gallj002","","S8/L.2-H;1-3","T",0,1,3,4,0,"F"
1,2,1,2,"CS*B>S","odorr001","","toccc001","K+WP.3-H;1-3;B-1","T",0,1,3,0,4,"F"
1,2,0,2,"CFFFX","andre001","","odorr001","S9/F.3-H;1-H","T",0,1,4,0,4,"F"
1,2,0,1,"CX","belta001","","","13/G","T",1,0,1,0,0,"F"
0,0,3,2,"BBCBCB","","","","W","T",0,1,0,0,0,"F"
0,0,0,0,"X","pujoa001","","","4/L/DP.1X1(43)","T",2,0,0,0,0,"F"
0,2,0,1,"CX","","","","53/G","T",1,0,0,0,0,"F"
1,0,1,2,"CBFFFFS","","","","K","T",1,0,0,0,0,"F"
1,1,0,2,"CSS","","","","K","T",1,0,0,0,0,"F"
1,2,3,1,"CBBBB","","","","W","T",0,1,0,0,0,"F"
1,2,2,0,"*BBX","chirr001","","","43/G","T",1,0,1,0,0,"F"
0,0,0,0,"X","","","","63/G","T",1,0,0,0,0,"F"
0,1,3,2,"CBCBFBX","","","","4/P","T",1,0,0,0,0,"F"
0,2,1,0,"BX","","","","T9/L","T",0,3,0,0,0,"F"
0,2,1,2,"TF*BS","","","youne003","K","T",1,0,0,0,3,"F"
1,0,0,1,"CX","","","","13/G","T",1,0,0,0,0,"F"
1,1,0,0,"X","","","","S7/G","T",0,1,0,0,0,"F"
1,1,1,2,".BCF1>B","odorr001","","","CS2(24)","F",1,0,0,0,0,"F"
1,2,2,2,".BCF1>B.X","","","","S8/L","T",0,1,0,0,0,"F"
1,2,2,0,"BBX","andre001","","","7/L","T",1,0,1,0,0,"F"
0,0,3,2,".BBCCBFX","","","","S7/L","T",0,1,0,0,0,"F"
0,0,3,2,"B1CC*B11B>F1>X","fletd002","","","S7/L.1-3","T",0,1,3,0,0,"F"
0,0,2,1,"BFBX","uptoj001","","fletd002","S7/G.3-H;1-2","T",0,1,2,0,4,"F"
0,0,0,1,"FX","pujoa001","uptoj001","","8/F","T",1,0,1,2,0,"F"
0,1,2,1,".BCBX","pujoa001","uptoj001","","HR/8/F.2-H;1-H","T",0,4,4,4,0,"F"
0,1,0,0,"X","","","","63/G","T",1,0,0,0,0,"F"
0,2,2,2,"BCCFFFFBX","","","","HR/8/F","T",0,4,0,0,0,"F"
0,2,0,0,"X","","","","6/P","T",1,0,0,0,0,"F"
1,0,1,2,"..CFBX","","","","13/G","T",1,0,0,0,0,"F"
1,1,1,1,"CBX","","","","9/L","T",1,0,0,0,0,"F"
1,2,0,1,"SX","","","","D9/L","T",0,2,0,0,0,"F"
1,2,3,2,"BFC*BBX","","gallj002","","S9/F-.2-H","T",0,1,0,4,0,"F"
1,2,1,2,"FBFFX","chirr001","","","2/P5F","T",1,0,1,0,0,"F"
0,0,3,2,"FBFBBX","","","","9/L+","T",1,0,0,0,0,"F"
0,1,2,2,"CFFFBFBC","","","","K","T",1,0,0,0,0,"F"
0,2,1,1,"BFX","","","","S5/G-","T",0,1,0,0,0,"F"
0,2,2,2,"CBF*BFX","uptoj001","","","9/F","T",1,0,1,0,0,"F"
1,0,3,1,".BBBCX","","","","7/F","T",1,0,0,0,0,"F"
1,1,2,2,"CBCFFBFFS","","","","K","T",1,0,0,0,0,"F"
1,2,2,2,"CSBBX","","","","9/F","T",1,0,0,0,0,"F"
0,0,1,0,".BX","","","","63/G","T",1,0,0,0,0,"F"
0,1,0,2,"FSH","","","","HP","T",0,1,0,0,0,"F"
0,1,0,1,"CX","arcif001","","","S8/L.1-2","T",0,1,2,0,0,"F"
0,1,1,2,"CCBFFS","martj007","arcif001","","K","T",1,0,1,2,0,"F"
0,2,0,0,"X","martj007","arcif001","","8/F","T",1,0,1,2,0,"F"
1,0,3,2,"..BBCFBFFFX","","","","7/F","T",1,0,0,0,0,"F"
1,1,3,2,"BCBFFFFFBB","","","","W","T",0,1,0,0,0,"F"
1,1,1,1,"BCX","mazan001","","","S6/G.1-2","T",0,1,2,0,0,"F"
1,1,2,2,"CSBBX","profj001","mazan001","","9/P/IF","T",1,0,1,2,0,"F"
1,2,0,1,"CX","profj001","mazan001","","7/F","T",1,0,1,2,0,"F"
0,0,2,0,"BBX","","","","S8/G","T",0,1,0,0,0,"T"
0,0,1,2,"CB1CX","calhk001","","","4/L","T",1,0,1,0,0,"F"
0,1,3,2,"CF*BBB>C","calhk001","","","K+CS2(26)/DP","T",2,0,0,0,0,"F"
1,0,0,0,"X","","","","D8/L+","T",0,2,0,0,0,"F"
1,0,3,1,"BLBBX","","choos001","","S8/G.2-H","T",0,1,0,4,0,"F"
1,0,1,1,"SB>S","odorr001","","","CS2(24)","F",1,0,0,0,0,"F"
1,1,1,2,"SB>S.X","","","","4/P","T",1,0,0,0,0,"F"
1,2,1,1,"BSX","","","","S7/F","T",0,1,0,0,0,"F"
1,2,1,2,"CBCFS","mazan001","","","K","T",1,0,1,0,0,"F"
0,0,2,2,"BBCFX","","","","6/P","T",1,0,0,0,0,"F"
0,1,2,2,"BCBSX","","","","S7/G","T",0,1,0,0,0,"F"
0,1,2,2,"B1CBFF1X","simma001","","","16(1)3/GDP","T",2,0,0,0,0,"F"
1,0,0,1,"SX","","","","4/P","T",1,0,0,0,0,"F"
1,1,2,2,"BCFBT","","","","K","T",1,0,0,0,0,"F"
1,2,1,1,"BSX","","","","S9/G","T",0,1,0,0,0,"F"
1,2,1,2,"BCS1X","kinei001","","","3/G","T",1,0,1,0,0,"F"
0,0,3,2,"CBBSBC","","","","K","T",1,0,0,0,0,"F"
0,1,2,2,"CSBFBS","","","","K","T",1,0,0,0,0,"F"
0,2,2,1,"CBBX","","","","S8/G+","T",0,1,0,0,0,"F"
0,2,2,2,"FB1S1*BS","youne003","","","K","T",1,0,1,0,0,"F"
1,0,2,2,"BFCBFS","","","","K","T",1,0,0,0,0,"F"
1,1,3,1,"BBBCB","","","","W","T",0,1,0,0,0,"F"
1,1,0,0,">X","odorr001","","","S9/G.1-3","T",0,1,3,0,0,"F"
1,1,1,1,"CBX","andre001","","odorr001","46(1)3/GDP","T",2,0,0,0,3,"F"
0,0,2,2,"CBCBX","","","","S7/L","T",0,1,0,0,0,"F"
0,0,2,1,"CBBX","fletd002","","","D9/G.1-3","T",0,2,3,0,0,"F"
0,0,0,0,"X","","ohtas001","fletd002","FC3/G.3-H;2-3","T",0,1,0,3,4,"F"
0,0,2,1,"BCBX","pujoa001","","ohtas001","64(1)3/GDP.3-H","T",2,0,0,0,4,"F"
0,2,1,0,"BX","","","","8/L","T",1,0,0,0,0,"F"
1,0,1,2,"CSBS","","","","K","T",1,0,0,0,0,"F"
1,1,2,2,"BCFBS","","","","K","T",1,0,0,0,0,"F"
1,2,2,2,"BFBTX","","","","S9/L+","T",0,1,0,0,0,"F"
1,2,2,2,"CBCFBFX","guzmr001","","","7/L","T",1,0,1,0,0,"F"
0,0,3,2,"FFBBBX","","","","9/F","T",1,0,0,0,0,"F"
0,1,0,0,"X","","","","3/G","T",1,0,0,0,0,"F"
0,2,3,2,"CBBFBS","","","","K","T",1,0,0,0,0,"F"
1,0,2,1,"BBFX","","","","43/G","T",1,0,0,0,0,"F"
1,1,1,1,"CBX","","","","S8/L+.BX2(86)","T",1,0,0,0,0,"F"
1,2,1,1,"BSX","","","","43/G","T",1,0,0,0,0,"F"
0,0,1,2,"BSSS","","","","K","T",1,0,0,0,0,"F"
0,1,0,0,"X","","","","D8/L","T",0,2,0,0,0,"F"
0,1,3,0,"VVVV","","fletd002","","IW","T",0,1,0,2,0,"F"
0,1,2,2,"BCBFX","ohtas001","fletd002","","7/F","T",1,0,1,2,0,"F"
0,2,0,0,"X","ohtas001","fletd002","","13/L+","T",1,0,1,2,0,"F"
1,0,1,0,".BX","","","","53/G","T",1,0,0,0,0,"F"
1,1,3,2,"CBSBFBX","","","","13/G-","T",1,0,0,0,0,"F"
1,2,0,2,"SSFFFX","","","","D8/L+","T",0,2,0,0,0,"F"
1,2,3,2,"SB*BFB*B","","profj001","","W","T",0,1,0,2,0,"F"
1,2,1,1,"BSX","gallj002","profj001","","8/F+","T",1,0,1,2,0,"F"
0,0,0,0,".X","","","","43/G","T",1,0,0,0,0,"F"
0,1,1,1,"BCX","","","","8/F","T",1,0,0,0,0,"F"
0,2,3,2,"CBBBSS","","","","K","T",1,0,0,0,0,"F"
1,0,1,0,".BX","","","","4/P","T",1,0,0,0,0,"F"
1,1,2,2,"CBBFX","","","","S9/G","T",0,1,0,0,0,"F"
1,1,2,2,"CBSB>X","robid003","","","S8/L.1-3","T",0,1,3,0,0,"F"
1,1,2,0,"BBX","choos001","","robid003","HR/8/F.3-H;1-H","T",0,4,4,0,4,"F"
1,1,2,1,"BBFX","","","","63/G","T",1,0,0,0,0,"F"
1,2,0,0,"X","","","","31/G+","T",1,0,0,0,0,"F"
0,0,3,1,".BBBCX","","","","43/G","T",1,0,0,0,0,"F"
0,1,0,2,"CSS","","","","K","T",1,0,0,0,0,"F"
0,2,1,2,"BFFS","","","","K","T",1,0,0,0,0,"F"
1,0,0,2,".CFX","","","","63/G","T",1,0,0,0,0,"F"
1,1,3,1,"BFBBB","","","","W","T",0,1,0,0,0,"F"
1,1,0,1,"FX","gallj002","","","31/G-.1-2","T",1,0,2,0,0,"F"
1,2,2,1,"BBFX","","gallj002","","13/G","T",1,0,0,2,0,"F"
0,0,0,1,".FX","","","","7/F","T",1,0,0,0,0,"F"
0,1,0,0,"X","","","","7/F","T",1,0,0,0,0,"F"
0,2,1,2,"BCSFS","","","","K","T",1,0,0,0,0,"F"
0,0,2,2,"CBBSX","","","","43/G","T",1,0,0,0,0,"T"
0,1,1,1,"CBX","","","","53/G","T",1,0,0,0,0,"F"
0,2,1,0,"BX","","","","3/G-","T",1,0,0,0,0,"F"
1,0,0,1,"CX","","","","13/G-","T",1,0,0,0,0,"F"
1,1,3,2,"BBCFBS","","","","K","T",1,0,0,0,0,"F"
1,2,0,1,"TX","","","","8/F","T",1,0,0,0,0,"F"
0,0,2,2,"CBCBX","","","","S7/F","T",0,1,0,0,0,"F"
0,0,0,1,"CX","muncm001","","","FC6.1X2(6E4);B-1","T",0,1,2,0,0,"F"
0,0,1,1,"FBX","dozib001","muncm001","","46(1)3/GDP.2-3","T",2,0,0,3,0,"F"
0,2,3,2,"BSBBSX","","","muncm001","43/G+","T",1,0,0,0,3,"F"
1,0,2,2,"FBCBX","","","","3/G","T",1,0,0,0,0,"F"
1,1,1,2,"BSFFFFFFX","","","","43/G","T",1,0,0,0,0,"F"
1,2,1,2,"CBSX","","","","S5/G","T",0,1,0,0,0,"F"
1,2,2,1,"BBSX","profj001","","","3/L","T",1,0,1,0,0,"F"
0,0,3,2,"CBBCFBF*B","","","","W","T",0,1,0,0,0,"F"
0,0,3,2,"FB11BBFS","herne001","","","K","T",1,0,1,0,0,"F"
0,1,0,0,"X","herne001","","","S7/L.1-2","T",0,1,2,0,0,"F"
0,1,2,2,"BCBCX","pedej001","herne001","","S9/L.2-3;1-2","T",0,1,2,3,0,"F"
0,1,2,0,"BBX","turnj001","pedej001","herne001","S8/G.3-H;2-H;1-2","T",0,1,2,4,4,"F"
0,1,2,2,"BBFFX","machm001","turnj001","","9/L","T",1,0,1,2,0,"F"
0,2,0,1,"2CX","machm001","turnj001","","S7/L.2-H;1-3(TH);B-2","T",0,2,3,4,0,"F"
0,2,3,1,"BBFBB","","dozib001","machm001","W","T",0,1,0,2,3,"F"
0,2,2,1,".FB*BX","grany001","dozib001","machm001","43/G","T",1,0,1,2,3,"F"
1,0,3,2,"BCBBFC","","","","K","T",1,0,0,0,0,"F"
1,1,2,0,"BBX","","","","S9/L","T",0,1,0,0,0,"F"
1,1,3,2,"CBBFBX","guzmr001","","","13/G-.1-2","T",1,0,2,0,0,"F"
1,2,3,2,"BCCBFB*B","","guzmr001","","W","T",0,1,0,2,0,"F"
1,2,2,2,"BCF*BFX","odorr001","guzmr001","","S8/L.2-H;1-3","T",0,1,3,4,0,"F"
1,2,1,2,"BCSX","andre001","","odorr001","S9/G+.3-H;1-3","T",0,1,3,0,4,"F"
1,2,1,2,"SFFBX","mazan001","","andre001","3/P3F","T",1,0,1,0,3,"F"
0,0,1,1,"BCX","","","","S7/G+","T",0,1,0,0,0,"F"
0,0,0,0,"1X","herne001","","","S8/L.1-2","T",0,1,2,0,0,"F"
0,0,0,1,"CX","taylc001","herne001","","S7/L.2-H(E7);1-3","T",0,1,3,4,0,"F"
0,0,1,2,"C*BFX","pedej001","","taylc001","7/F.1-2(TH)","T",1,0,2,0,3,"F"
0,1,0,1,"FX","","pedej001","taylc001","8/F+/SF.3-H(UR);2-3","T",1,0,0,3,5,"F"
0,2,1,2,"BSSFC","","","pedej001","K","T",1,0,0,0,3,"F"
1,0,0,1,"CX","","","","43/G","T",1,0,0,0,0,"F"
1,1,0,2,"FTFS","","","","K","T",1,0,0,0,0,"F"
1,2,3,1,"BFBBB","","","","W","T",0,1,0,0,0,"F"
1,2,1,2,"BSCS","chirr001","","","K","T",1,0,1,0,0,"F"
0,0,2,1,"BCBX","","","","HR/78/F","T",0,4,0,0,0,"F"
0,0,2,1,"CBBX","","","","3/G","T",1,0,0,0,0,"F"
0,1,2,2,"SFBBFS","","","","K","T",1,0,0,0,0,"F"
0,2,0,1,"CX","","","","D7/L+","T",0,2,0,0,0,"F"
0,2,0,1,"FH","","herne001","","HP","T",0,1,0,2,0,"F"
0,2,0,1,"CX","taylc001","herne001","","8/F","T",1,0,1,2,0,"F"
1,0,1,2,".CCBT","","","","K","T",1,0,0,0,0,"F"
1,1,3,1,"BBCBX","","","","53/G","T",1,0,0,0,0,"F"
1,2,0,1,"CX","","","","63/G","T",1,0,0,0,0,"F"
0,0,3,2,"BBCFBX","","","","D9/F","T",0,2,0,0,0,"F"
0,0,0,0,"X","","turnj001","","S8/G.2-H","T",0,1,0,4,0,"F"
0,0,0,0,"H","machm001","","","HP.1-2","T",0,1,2,0,0,"F"
0,0,1,1,"C*BX","muncm001","machm001","","54(1)3/GDP.2-3","T",2,0,0,3,0,"F"
0,2,0,0,"X","","","machm001","8/F","T",1,0,0,0,3,"F"
1,0,1,2,"CBCS","","","","K","T",1,0,0,0,0,"F"
1,1,0,0,".X","","","","9/F","T",1,0,0,0,0,"F"
1,2,3,1,"BFBBX","","","","43/G","T",1,0,0,0,0,"F"
0,0,0,0,"X","","","","T9/G","T",0,3,0,0,0,"F"
0,0,0,0,"X","","","bellc002","8/F/SF.3-H","T",1,0,0,0,4,"F"
0,1,1,2,"BCFX","","","","E6/G","T",0,1,0,0,0,"F"
0,1,2,0,"B*BX","taylc001","","","7/F","T",1,0,1,0,0,"F"
0,2,0,2,"CFFB","taylc001","","","WP.1-2","F",0,0,2,0,0,"F"
0,2,2,2,"CFFB.*BX","","taylc001","","63/G","T",1,0,0,2,0,"F"
1,0,2,2,".FBFBFS","","","","K","T",1,0,0,0,0,"F"
1,1,2,2,"CCBBX","","","","4/P","T",1,0,0,0,0,"F"
1,2,2,1,"BBCX","","","","3/G","T",1,0,0,0,0,"F"
0,0,0,0,".X","","","","63/G","T",1,0,0,0,0,"F"
0,1,2,2,"CBSBC","","","","K","T",1,0,0,0,0,"F"
0,2,2,2,"CBCBC","","","","K","T",1,0,0,0,0,"F"
1,0,0,2,".FCX","","","","63/G","T",1,0,0,0,0,"F"
1,1,1,2,"FFBX","","","","9/L+","T",1,0,0,0,0,"F"
1,2,1,2,"CSBFFFX","","","","S4/G","T",0,1,0,0,0,"F"
1,2,2,2,"CSBFBFS","andre001","","","K","T",1,0,1,0,0,"F"
0,0,1,2,"CBTX","","","","8/L","T",1,0,0,0,0,"F"
0,1,0,2,"CFX","","","","S7/L","T",0,1,0,0,0,"F"
0,1,3,2,"BBBCFX","bellc002","","","S6/G.1-2","T",0,1,2,0,0,"F"
0,1,1,2,"FCFBFX","herne001","bellc002","","164(1)/FO/L.2-3","T",1,1,0,3,0,"F"
0,2,1,2,"CBFS","taylc001","","bellc002","K","T",1,0,1,0,3,"F"
1,0,1,2,".BCSX","","","","S8/G","T",0,1,0,0,0,"F"
1,0,3,1,"BBBCB","belta001","","","W.1-2","T",0,1,2,0,0,"F"
1,0,3,2,"BCSBBC","profj001","belta001","","K","T",1,0,1,2,0,"F"
1,1,2,1,"BCBX","profj001","belta001","","S7/L.2-3;1-2","T",0,1,2,3,0,"F"
1,1,0,1,"CX","chirr001","profj001","belta001","S9/L.3-H;2-H;1-2","T",0,1,2,4,4,"F"
1,1,0,0,"X","guzmr001","chirr001","","16(1)3/GDP","T",2,0,0,2,0,"F"
0,0,1,2,"CFBX","","","","4/P","T",1,0,0,0,0,"T"
0,1,0,2,"CTT","","","","K","T",1,0,0,0,0,"F"
0,2,2,2,"FBFFFBFS","","","","K","T",1,0,0,0,0,"F"
1,0,1,1,"BCX","","","","S7/G","T",0,1,0,0,0,"F"
1,0,1,2,"BCFX","choos001","","","45(1)/FO/G","T",1,1,0,0,0,"F"
1,1,2,2,"CBSBFS","odorr001","","","K","T",1,0,1,0,0,"F"
1,2,0,2,"CFF1FFX","odorr001","","","3/G","T",1,0,1,0,0,"F"
0,0,0,0,"X","","","","8/F","T",1,0,0,0,0,"F"
0,1,1,2,"CBTFC","","","","K","T",1,0,0,0,0,"F"
0,2,0,1,"CX","","","","8/F","T",1,0,0,0,0,"F"
1,0,0,2,"FCFS","","","","K","T",1,0,0,0,0,"F"
1,1,3,1,"BBBCX","","","","S8/G","T",0,1,0,0,0,"F"
1,1,0,1,"CX","profj001","","","S8/G.1-2","T",0,1,2,0,0,"F"
1,1,0,1,"SX","kinei001","profj001","","6(1)3/GDP","T",2,0,0,2,0,"F"
0,0,2,0,"BBX","","","","3/P","T",1,0,0,0,0,"F"
0,1,0,0,"X","","","","HR/8/F","T",0,4,0,0,0,"F"
0,1,1,2,"CFBFS","","","","K","T",1,0,0,0,0,"F"
0,2,3,2,"BBSBFB","","","","W","T",0,1,0,0,0,"F"
0,2,2,2,"F1BCFFFFBFC","dozib001","","","K","T",1,0,1,0,0,"F"
1,0,0,1,"CX","","","","8/F","T",1,0,0,0,0,"F"
1,1,1,1,"CBX","","","","53/G-","T",1,0,0,0,0,"F"
1,2,0,0,"X","","","","43/G+","T",1,0,0,0,0,"F"
0,0,0,0,"X","","","","HR/8/F","T",0,4,0,0,0,"F"
0,0,1,2,"BFFX","","","","5/L","T",1,0,0,0,0,"F"
0,1,2,0,"BBX","","","","3/P","T",1,0,0,0,0,"F"
0,2,2,2,"CBBSS","","","","K","T",1,0,0,0,0,"F"
1,0,1,0,"BX","","","","8/L","T",1,0,0,0,0,"F"
1,1,2,2,"BSBSX","","","","43/G","T",1,0,0,0,0,"F"
1,2,1,2,"BCCS","","","","K","T",1,0,0,0,0,"F"
0,0,1,2,"FBSFC","","","","K","T",1,0,0,0,0,"F"
0,1,1,1,"BCX","","","","43/G","T",1,0,0,0,0,"F"
0,2,3,0,"BBBB","","","","W","T",0,1,0,0,0,"F"
0,2,1,1,"BCX","grany001","","","7/F","T",1,0,1,0,0,"F"
1,0,0,1,"SX","","","","4/P","T",1,0,0,0,0,"F"
1,1,2,0,"BBX","","","","63/G","T",1,0,0,0,0,"F"
1,2,2,2,"SSFBBS","","","","K","T",1,0,0,0,0,"F"
0,0,3,1,"BBCBB","","","","W","T",0,1,0,0,0,"F"
0,0,1,1,"BSX","turnj001","","","64(1)3/GDP","T",2,0,0,0,0,"F"
0,2,1,0,"BX","","","","8/F","T",1,0,0,0,0,"F"
1,0,2,2,"CSBBX","","","","S6/G.B-2(E6/TH)","T",0,2,0,0,0,"F"
1,0,0,0,"X","","toccc001","","1/BP","T",1,0,0,2,0,"F"
1,1,1,2,"SFBS","","toccc001","","K","T",1,0,0,2,0,"F"
1,2,3,2,"B*BCBCFB","","toccc001","","W","T",0,1,0,2,0,"F"
1,2,0,1,"SX","andre001","toccc001","","43/G","T",1,0,1,2,0,"F"
0,0,2,2,".CBBFX","","","","63/G","T",1,0,0,0,0,"F"
0,1,1,1,"BOX","","","","9/L+","T",1,0,0,0,0,"F"
0,2,2,1,"CBBX","","","","T8/L+","T",0,3,0,0,0,"F"
0,2,0,2,"SS>N","","","puigy001","CSH(12)","F",1,0,0,0,0,"F"
1,0,0,1,"CX","","","","5/L+","T",1,0,0,0,0,"F"
1,1,3,2,"BBBCFB","","","","W","T",0,1,0,0,0,"F"
1,1,1,0,"BX","profj001","","","46(1)/FO/G","T",1,1,0,0,0,"F"
1,2,3,2,"CF*BF*B*B>F>F>X","kinei001","","","8/F+","T",1,0,1,0,0,"F"
0,0,1,0,"BX","","","","3/G-","T",1,0,0,0,0,"F"
0,1,1,0,"BX","","","","HR/8/F","T",0,4,0,0,0,"F"
0,1,2,2,".CBBFX","","","","9/L","T",1,0,0,0,0,"F"
0,2,3,1,"CBBBB","","","","W","T",0,1,0,0,0,"F"
0,2,2,2,"C*B1BTFS","turnj001","","","K","T",1,0,1,0,0,"F"
1,0,1,2,".BCCFS","","","","K","T",1,0,0,0,0,"F"
1,1,3,2,"CBFBBX","","","","3/G","T",1,0,0,0,0,"F"
1,2,0,0,"X","","","","63/G","T",1,0,0,0,0,"F"
0,0,0,1,".FX","","","","31/G-","T",1,0,0,0,0,"F"
0,1,1,2,"SFBS","","","","K","T",1,0,0,0,0,"F"
0,2,2,2,"CBBSS","","","","K","T",1,0,0,0,0,"F"
1,0,2,2,"..FBFBS","","","","K","T",1,0,0,0,0,"F"
1,1,3,2,"CBFBBB","","","","W","T",0,1,0,0,0,"F"
1,1,1,0,"*BX","mazan001","","","D8/L+.1-H","T",0,2,4,0,0,"F"
1,1,3,2,"*BFBFFFBFX","","belta001","","6/P","T",1,0,0,2,0,"F"
1,2,0,0,".>N","","belta001","","SB3","F",0,0,0,3,0,"F"
1,2,3,0,".>N.BBBB","","","belta001","W","T",0,1,0,0,3,"F"
1,2,0,0,"X","gallj002","","belta001","3/G+","T",1,0,1,0,3,"F"
0,0,2,2,"BBFFX","","","","D8/F","T",0,2,0,0,0,"T"
0,0,0,0,"X","","mauej001","","23/BG/SH.2-3","T",1,0,0,3,0,"F"
0,1,3,1,"CBBBX","","","mauej001","43/G","T",1,0,0,0,3,"F"
0,2,3,2,"CBFBB*B","","","mauej001","W","T",0,1,0,0,3,"F"
0,2,1,1,"CBX","sanom001","","mauej001","6/P","T",1,0,1,0,3,"F"
1,0,1,1,"CBX","","","","43/G","T",1,0,0,0,0,"F"
1,1,1,2,"CBFFX","","","","43/G","T",1,0,0,0,0,"F"
1,2,1,0,"BX","","","","S7/L+","T",0,1,0,0,0,"F"
1,2,3,2,"*BFBBF>F>X","andre001","","","43/G+","T",1,0,1,0,0,"F"
0,0,1,2,"CCFBX","","","","S5/G","T",0,1,0,0,0,"F"
0,0,0,2,"CFFH","garvm001","","","HP.1-2","T",0,1,2,0,0,"F"
0,0,1,2,"SBFS","cavej001","garvm001","","K","T",1,0,1,2,0,"F"
0,1,0,0,"X","cavej001","garvm001","","5/P5F","T",1,0,1,2,0,"F"
0,2,1,2,"CFBS","cavej001","garvm001","","K","T",1,0,1,2,0,"F"
1,0,1,1,"BSX","","","","8/F","T",1,0,0,0,0,"F"
1,1,3,1,"BCBBB","","","","W","T",0,1,0,0,0,"F"
1,1,0,1,"C1X","profj001","","","7/L","T",1,0,1,0,0,"F"
1,2,3,2,"BC*B11SB>B","profj001","","","W.1-2","T",0,1,2,0,0,"F"
1,2,1,1,"BCX","chirr001","profj001","","4/L","T",1,0,1,2,0,"F"
0,0,1,2,"CCBFX","","","","9/F","T",1,0,0,0,0,"F"
0,1,3,1,"BSBBX","","","","3/G+","T",1,0,0,0,0,"F"
0,2,1,0,"BX","","","","7/L","T",1,0,0,0,0,"F"
1,0,3,2,"BBSBCB","","","","W","T",0,1,0,0,0,"F"
1,0,0,0,"X","choos001","","","7/F","T",1,0,1,0,0,"F"
1,1,2,2,"BCBCX","choos001","","","S8/L.1-2","T",0,1,2,0,0,"F"
1,1,1,2,"CBFX","andre001","choos001","","7/F","T",1,0,1,2,0,"F"
1,2,3,2,"CFBF*B>FFB>F>B","andre001","choos001","","W.2-3;1-2","T",0,1,2,3,0,"F"
1,2,0,1,"CX","belta001","andre001","choos001","D7/L+.3-H;2-H;1-3","T",0,2,3,4,4,"F"
1,2,0,0,"X","","profj001","belta001","9/L+","T",1,0,0,2,3,"F"
0,0,2,0,"BBX","","","","6/P","T",1,0,0,0,0,"F"
0,1,2,2,"CCBBX","","","","8/F","T",1,0,0,0,0,"F"
0,2,2,0,"BBX","","","","3/G","T",1,0,0,0,0,"F"
1,0,1,0,"BX","","","","9/F","T",1,0,0,0,0,"F"
1,1,3,2,"CFFBBFBX","","","","DGR/7","T",0,2,0,0,0,"F"
1,1,1,2,"BFFX","","toccc001","","3/G.2-3","T",1,0,0,3,0,"F"
1,2,0,0,"X","","","toccc001","S3/G.3-H","T",0,1,0,0,4,"F"
1,2,3,2,"FBSF1BF*B>X","odorr001","","","E6/G.1-2","T",0,1,2,0,0,"F"
1,2,1,0,"*BX","andre001","odorr001","","HR/8/F.2-H(UR);1-H(UR);B-H(UR)","T",0,5,5,5,0,"F"
1,2,1,2,".FCBFX","","","","5/L","T",1,0,0,0,0,"F"
0,0,1,0,"BX","","","","HR/89/F","T",0,4,0,0,0,"F"
0,0,0,1,"CX","","","","S9/G","T",0,1,0,0,0,"F"
0,0,2,1,"B1BC+11X","adrie001","","","S9/G.1-3","T",0,1,3,0,0,"F"
0,0,3,1,"B*BCBX","mauej001","","adrie001","D8/L+.3-H;1-H","T",0,2,4,0,4,"F"
0,0,3,2,".FBBBFB","","polaj001","","W","T",0,1,0,2,0,"F"
0,0,1,2,"CFBX","grosr001","polaj001","","9/F","T",1,0,1,2,0,"F"
0,1,3,2,"*BFBCBX","grosr001","polaj001","","S7/G+.2-3;1-2","T",0,1,2,3,0,"F"
0,1,1,2,"BFCX","keplm001","grosr001","polaj001","D8/L+.3-H;2-H;1-H","T",0,2,4,4,4,"F"
0,1,3,2,"FBBFFBFX","","garvm001","","HR/89/F.2-H","T",0,4,0,4,0,"F"
0,1,1,2,"BFFX","","","","2/P2F","T",1,0,0,0,0,"F"
0,2,3,2,"CFFBBFBX","","","","53/G+","T",1,0,0,0,0,"F"
1,0,3,1,"CBBBX","","","","S15/G","T",0,1,0,0,0,"F"
1,0,1,2,"FSBS","profj001","","","K","T",1,0,1,0,0,"F"
1,1,1,1,"BF*B","profj001","","","SB2.1-3(E2/TH)","F",0,0,3,0,0,"F"
1,1,3,2,"BF*B.SBFS","","","profj001","K","T",1,0,0,0,3,"F"
1,2,2,1,"BCBX","","","profj001","63/G","T",1,0,0,0,3,"F"
0,0,0,0,".X","","","","23/BG","T",1,0,0,0,0,"F"
0,1,2,2,"CSBBS","","","","K","T",1,0,0,0,0,"F"
0,2,2,0,"BBX","","","","S8/G+","T",0,1,0,0,0,"F"
0,2,0,0,"X","grosr001","","","3/G-","T",1,0,1,0,0,"F"
1,0,1,2,".CBFS","","","","K","T",1,0,0,0,0,"F"
1,1,1,0,"BX","","","","4/P","T",1,0,0,0,0,"F"
1,2,0,1,"CX","","","","E6/G","T",0,1,0,0,0,"F"
1,2,3,2,"BCSBB>X","andre001","","","13/G","T",1,0,1,0,0,"F"
0,0,2,1,"BFBX","","","","S7/L","T",0,1,0,0,0,"F"
0,0,2,1,"1BCB>X","keplm001","","","D7/L+.1-H","T",0,2,4,0,0,"F"
0,0,0,0,"X","","garvm001","","E3/BG/SH.2-3","T",0,1,0,3,0,"F"
0,0,2,0,"BBX","cavej001","","garvm001","64(1)3/GDP.3-H(NR)","T",2,0,0,0,4,"F"
0,2,1,2,"CFBX","","","","53/G","T",1,0,0,0,0,"F"
1,0,2,2,".SBBSS","","","","K","T",1,0,0,0,0,"F"
1,1,2,2,"BFSFBS","","","","K","T",1,0,0,0,0,"F"
1,2,1,2,"FSBFS","","","","K","T",1,0,0,0,0,"F"
0,0,1,2,".CBFX","","","","43/G","T",1,0,0,0,0,"F"
0,1,0,0,"X","","","","43/G","T",1,0,0,0,0,"F"
0,2,3,1,"BFBBB","","","","W","T",0,1,0,0,0,"F"
0,2,3,2,"BBFBF>B","grosr001","","","W.1-2","T",0,1,2,0,0,"F"
0,2,2,1,"FB*BX","sanom001","grosr001","","9/F","T",1,0,1,2,0,"F"
1,0,2,1,"BBCH","","","","HP","T",0,1,0,0,0,"F"
1,0,2,2,"BCBFFFFFFFS","chirr001","","","K","T",1,0,1,0,0,"F"
1,1,2,2,".CBCBC","chirr001","","","K","T",1,0,1,0,0,"F"
1,2,2,2,"FBFBS","chirr001","","","K","T",1,0,1,0,0,"F"
0,0,0,0,"X","","","","E8/F+.B-3","T",0,3,0,0,0,"F"
0,0,0,2,"CSFS","","","garvm001","K","T",1,0,0,0,3,"F"
0,1,1,1,"BFX","","","garvm001","63/G","T",1,0,0,0,3,"F"
0,2,2,0,"BBX","","","garvm001","53/G","T",1,0,0,0,3,"F"
1,0,3,2,".BCSBBB","","","","W","T",0,1,0,0,0,"F"
1,0,0,0,"B","andre001","","","PB.1-2","F",0,0,2,0,0,"F"
1,0,1,2,"B.CFX","","andre001","","63/G.2-3","T",1,0,0,3,0,"F"
1,1,1,1,"BCX","","","andre001","43/G.3-H(UR)","T",1,0,0,0,5,"F"
1,2,3,0,"BBBB","","","","W","T",0,1,0,0,0,"F"
1,2,1,0,"BX","profj001","","","13/G-","T",1,0,1,0,0,"F"
0,0,2,2,"BFCFBFX","","","","S9/L","T",0,1,0,0,0,"T"
0,0,0,1,"CX","mauej001","","","S9/L.1-2","T",0,1,2,0,0,"F"
0,0,0,2,"CCX","forsl001","mauej001","","64(1)3/GDP.2-3","T",2,0,0,3,0,"F"
0,2,0,0,"B","","","mauej001","WP.3-H(NR)","F",0,0,0,0,4,"F"
0,2,1,0,"B.X","","","","9/F","T",1,0,0,0,0,"F"
1,0,0,1,"SX","","","","7/L","T",1,0,0,0,0,"F"
1,1,3,2,"CBCBBX","","","","13/G","T",1,0,0,0,0,"F"
1,2,3,2,"BFBBFC","","","","K","T",1,0,0,0,0,"F"
0,0,1,1,"CBX","","","","3/G","T",1,0,0,0,0,"F"
0,1,2,2,"FSBBX","","","","6/P","T",1,0,0,0,0,"F"
0,2,3,1,"BBCBX","","","","HR/89/F","T",0,4,0,0,0,"F"
0,2,3,2,"CSBFBB*B","","","","W","T",0,1,0,0,0,"F"
0,2,2,1,"CBBX","austt001","","","6/P","T",1,0,1,0,0,"F"
1,0,2,0,"BBX","","","","HR/8/F","T",0,4,0,0,0,"F"
1,0,3,2,"BCSBFBS","","","","K","T",1,0,0,0,0,"F"
1,1,3,2,"FBBBFFB","","","","W","T",0,1,0,0,0,"F"
1,1,3,1,"BBBF1B","profj001","","","W.1-2","T",0,1,2,0,0,"F"
1,1,0,0,"X","gallj002","profj001","","HR/89/F.2-H;1-H","T",0,4,4,4,0,"F"
1,1,1,1,"CBX","","","","53/G","T",1,0,0,0,0,"F"
1,2,3,2,"MBBCBX","","","","8/L+","T",1,0,0,0,0,"F"
0,0,1,1,"CBX","","","","7/L+","T",1,0,0,0,0,"F"
0,1,2,2,"CBCBX","","","","43/G","T",1,0,0,0,0,"F"
0,2,2,1,"BCBX","","","","8/F","T",1,0,0,0,0,"F"
1,0,3,2,"CSBBFFFFBS","","","","K","T",1,0,0,0,0,"F"
1,1,1,2,"FFFBX","","","","53/G","T",1,0,0,0,0,"F"
1,2,1,2,"CSBC","","","","K","T",1,0,0,0,0,"F"
0,0,2,2,"CCBBFT","","","","K","T",1,0,0,0,0,"F"
0,1,3,2,"BCBFBX","","","","7/F","T",1,0,0,0,0,"F"
0,2,2,0,"BBX","","","","53/G","T",1,0,0,0,0,"F"
1,0,1,1,"BSX","","","","HR/7/F","T",0,4,0,0,0,"F"
1,0,2,2,"BBCFS","","","","K","T",1,0,0,0,0,"F"
1,1,2,2,"BBCFFS","","","","K","T",1,0,0,0,0,"F"
1,2,3,1,"BBBCB","","","","W","T",0,1,0,0,0,"F"
1,2,0,2,"SFFX","guzmr001","","","7/F","T",1,0,1,0,0,"F"
0,0,1,1,"BCX","","","","D7/L+","T",0,2,0,0,0,"F"
0,0,1,2,"*BSSX","","cavej001","","S9/G.2-H","T",0,1,0,4,0,"F"
0,0,3,2,"B1CBFFB>X","austt001","","","6(1)3/GDP","T",2,0,0,0,0,"F"
0,2,2,1,"BBCX","","","","63/G","T",1,0,0,0,0,"F"
1,0,3,2,".BBCCBX","","","","3E1/G","T",0,1,0,0,0,"F"
1,0,1,0,"BX","choos001","","","S7/G.1-3","T",0,1,3,0,0,"F"
1,0,1,1,"BFX","odorr001","","choos001","9/F","T",1,0,1,0,3,"F"
1,1,0,0,"1","odorr001","","choos001","PO1(E1).3-H(NR)(UR);1-2","F",0,0,2,0,5,"F"
1,1,2,2,"1.BCBFX","","odorr001","","13/G.2-3","T",1,0,0,3,0,"F"
1,2,0,1,".CX","","","odorr001","8/L+","T",1,0,0,0,3,"F"
0,0,0,0,"X","","","","D7/L+","T",0,2,0,0,0,"F"
0,0,1,2,".CSFBFX","","forsl001","","3/P3F","T",1,0,0,2,0,"F"
0,1,1,1,"BFX","","forsl001","","4/L+","T",1,0,0,2,0,"F"
0,2,3,0,"BBBB","","forsl001","","W","T",0,1,0,2,0,"F"
0,2,1,2,".CFBS","keplm001","forsl001","","K","T",1,0,1,2,0,"F"
1,0,3,2,"CSBBFBFFFX","","","","7/L","T",1,0,0,0,0,"F"
1,1,1,2,"CBFS","","","","K","T",1,0,0,0,0,"F"
1,2,1,2,"BSCX","","","","43/G","T",1,0,0,0,0,"F"
0,0,0,1,".CX","","","","3/G","T",1,0,0,0,0,"F"
0,1,1,2,"BCSS","","","","K","T",1,0,0,0,0,"F"
0,2,0,0,"X","","","","9/L","T",1,0,0,0,0,"F"
1,0,2,2,".BBSFX","","","","53/G","T",1,0,0,0,0,"F"
1,1,2,2,"CBBSX","","","","31/G","T",1,0,0,0,0,"F"
1,2,1,0,"BX","","","","HR/89/L","T",0,4,0,0,0,"F"
1,2,2,2,"BFCFBX","","","","8/F","T",1,0,0,0,0,"F"
0,0,1,1,"...CBX","","","","D7/G+","T",0,2,0,0,0,"F"
0,0,2,2,"CBSBX","","mauej001","","S9/L.2-H","T",0,1,0,4,0,"F"
0,0,0,0,"X","forsl001","","","5/P5F","T",1,0,1,0,0,"F"
0,1,0,2,"CCS","forsl001","","","K","T",1,0,1,0,0,"F"
0,2,2,2,"CBBSX","forsl001","","","3/G","T",1,0,1,0,0,"F"
1,0,0,0,"..X","","","","8/F","T",1,0,0,0,0,"F"
1,1,3,2,"BBSFBX","","","","7/F","T",1,0,0,0,0,"F"
1,2,2,0,"BBX","","","","7/F","T",1,0,0,0,0,"F"
0,0,2,1,".BFBX","","","","8/F","T",1,0,0,0,0,"F"
0,1,1,2,"CBSC","","","","K","T",1,0,0,0,0,"F"
0,2,1,2,"BSSS","","","","K","T",1,0,0,0,0,"F"
0,0,1,1,"BFX","","","","9/L","T",1,0,0,0,0,"T"
0,1,2,2,"FFFBFBFX","","","","63/G","T",1,0,0,0,0,"F"
0,2,1,2,"CBSS","","","","K","T",1,0,0,0,0,"F"
1,0,3,2,"BBFFBX","","","","63/G","T",1,0,0,0,0,"F"
1,1,3,2,"CBBBSFB","","","","W","T",0,1,0,0,0,"F"
1,1,0,0,"X","odorr001","","","HR/78/L.1-H","T",0,4,4,0,0,"F"
1,1,2,2,"BCBSX","","","","2/P2F","T",1,0,0,0,0,"F"
1,2,0,2,"CFS","","","","K","T",1,0,0,0,0,"F"
0,0,2,1,"CBBX","","","","8/F","T",1,0,0,0,0,"F"
0,1,3,1,"BCBBB","","","","W","T",0,1,0,0,0,"F"
0,1,2,0,"BBX","keplm001","","","7/L","T",1,0,1,0,0,"F"
0,2,2,2,"BBCCX","keplm001","","","S7/L.1-2","T",0,1,2,0,0,"F"
0,2,1,1,"CBX","cavej001","keplm001","","4/P","T",1,0,1,2,0,"F"
1,0,3,2,".BCBFFFBFX","","","","D8/L+","T",0,2,0,0,0,"F"
1,0,1,2,"CFBH","","profj001","","HP","T",0,1,0,2,0,"F"
1,0,0,0,"X","chirr001","profj001","","46(1)3/GDP.2-3","T",2,0,0,3,0,"F"
1,2,3,1,"CBBBB","","","profj001","W","T",0,1,0,0,3,"F"
1,2,2,2,"CFBB>S","robid003","","profj001","K","T",1,0,1,0,3,"F"
0,0,2,0,"BBX","","","","3/P3F","T",1,0,0,0,0,"F"
0,1,1,0,"BX","","","","9/F9LF","T",1,0,0,0,0,"F"
0,2,1,0,"BX","","","","63/G+","T",1,0,0,0,0,"F"
1,0,1,2,"CBCH","","","","HP","T",0,1,0,0,0,"F"
1,0,1,2,"C1BCS","odorr001","","","K","T",1,0,1,0,0,"F"
1,1,1,1,"1BC+11","odorr001","","","PO1(13)","F",1,0,0,0,0,"F"
1,2,2,2,"1BC+11.FBFFX","","","","D9/L","T",0,2,0,0,0,"F"
1,2,1,2,"CBCFX","","mazan001","","5/P","T",1,0,0,2,0,"F"
0,0,3,2,"BFBBFX","","","","D9/L","T",0,2,0,0,0,"F"
0,0,0,0,"X","","polaj001","","S7/G.2-3","T",0,1,0,3,0,"F"
0,0,0,0,"X","grosr001","","polaj001","3/G/DP.3XH(32);1-2","T",2,0,2,0,0,"F"
0,2,3,1,"BBBCX","","grosr001","","5/L+","T",1,0,0,2,0,"F"
1,0,1,2,"CBFFFC","","","","K","T",1,0,0,0,0,"F"
1,1,2,2,"SSFBBS","","","","K","T",1,0,0,0,0,"F"
1,2,0,1,"CX","","","","S7/L","T",0,1,0,0,0,"F"
1,2,0,0,"X","guzmr001","","","6/P","T",1,0,1,0,0,"F"
0,0,0,1,"SX","","","","43/G","T",1,0,0,0,0,"F"
0,1,2,2,"CBTBX","","","","13/G","T",1,0,0,0,0,"F"
0,2,0,2,"CTFX","","","","13/G","T",1,0,0,0,0,"F"
1,0,1,2,"BFSX","","","","53/G","T",1,0,0,0,0,"F"
1,1,2,0,"BBX","","","","D9/L+","T",0,2,0,0,0,"F"
1,1,1,2,"BCSX","","odorr001","","E4/G.2-H(UR)(NR);B-2(E9)","T",0,2,0,5,0,"F"
1,1,0,0,"X","","andre001","","9/L","T",1,0,0,2,0,"F"
1,2,1,2,"BFFX","","andre001","","43/G","T",1,0,0,2,0,"F"
0,0,3,2,"CBCBFFBFC","","","","K","T",1,0,0,0,0,"F"
0,1,0,2,"CFX","","","","8/L","T",1,0,0,0,0,"F"
0,2,0,0,"X","","","","6/P","T",1,0,0,0,0,"F"
1,0,2,2,"FFBFBX","","","","D7/L","T",0,2,0,0,0,"F"
1,0,0,1,"CX","","profj001","","HR/89/F.2-H","T",0,4,0,4,0,"F"
1,0,3,2,".BSCFBFBFX","","","","D8/L","T",0,2,0,0,0,"F"
1,0,1,0,"BX","","guzmr001","","S8/L.2-3","T",0,1,0,3,0,"F"
1,0,3,2,"C1S*BFBB>FX","robid003","","guzmr001","D7/L.3-H;1-3","T",0,2,3,0,4,"F"
1,0,2,1,"BBCX","","choos001","robid003","E3/L.3-H(NR);2-H(NR);B-2","T",0,2,0,4,4,"F"
1,0,1,0,"BX","","odorr001","","9/F","T",1,0,0,2,0,"F"
1,1,2,1,"BBCX","","odorr001","","HR/7/F.2-H(UR)","T",0,4,0,5,0,"F"
1,1,1,1,".CBH","","","","HP","T",0,1,0,0,0,"F"
1,1,2,1,"..CBBX","belta001","","","HR/89/L.1-H","T",0,4,4,0,0,"F"
1,1,2,2,"BFBCT","","","","K","T",1,0,0,0,0,"F"
1,2,1,2,"SBCC","","","","K","T",1,0,0,0,0,"F"
0,0,3,2,"...CCBBFBX","","","","S9/G","T",0,1,0,0,0,"F"
0,0,1,2,"BFFC","grosr001","","","K","T",1,0,1,0,0,"F"
0,1,0,1,"CX","grosr001","","","54(1)3/GDP","T",2,0,0,0,0,"F"
1,0,1,0,".BX","","","","4/P","T",1,0,0,0,0,"F"
1,1,1,1,"CBX","","","","T7/F","T",0,3,0,0,0,"F"
1,1,2,2,"BFFFFFBFX","","","toccc001","8/F/SF.3-H","T",1,0,0,0,4,"F"
1,2,3,1,"BCBBX","","","","7/F","T",1,0,0,0,0,"F"
0,0,1,2,".BFFFFX","","","","HR/9/F","T",0,4,0,0,0,"F"
0,0,3,2,"BCBBFFFFFFB","","","","W","T",0,1,0,0,0,"F"
0,0,0,0,"X","gimec001","","","64(1)/FO/G","T",1,1,0,0,0,"F"
0,1,1,2,"BFFFX","fielj003","","","53/G.1-2","T",1,0,2,0,0,"F"
0,2,0,0,"X","","fielj003","","S9/L.2-H","T",0,1,0,4,0,"F"
0,2,3,1,"*BFBBB","adrie001","","","W.1-2","T",0,1,2,0,0,"F"
0,2,1,2,"CBCS","polaj001","adrie001","","K","T",1,0,1,2,0,"F"
1,0,1,1,"..CBX","","","","HR/9/F","T",0,4,0,0,0,"F"
1,0,0,2,"CFX","","","","S7/L","T",0,1,0,0,0,"F"
1,0,1,0,".BX","deshd002","","","S5/G-.1-2","T",0,1,2,0,0,"F"
1,0,1,2,"CFFBX","profj001","deshd002","","8/F+.2-3","T",1,0,1,3,0,"F"
1,1,3,2,"SBBFBX","profj001","","deshd002","S6/G.3-H;1-2","T",0,1,2,0,4,"F"
1,1,1,2,"BSFX","guzmr001","profj001","","HR/9/F.2-H;1-H","T",0,4,4,4,0,"F"
1,1,1,0,"BX","","","","7/F","T",1,0,0,0,0,"F"
1,2,0,0,"X","","","","S9/L","T",0,1,0,0,0,"F"
1,2,0,2,".CCT","odorr001","","","K","T",1,0,1,0,0,"F"
0,0,2,1,"...FBBX","","","","8/F","T",1,0,0,0,0,"F"
0,1,0,1,"CX","","","","S8/F","T",0,1,0,0,0,"F"
0,1,2,2,"CBFBX","astuw001","","","46(1)/FO/G","T",1,1,0,0,0,"F"
0,2,0,0,"X","cavej001","","","HR/78/F.1-H","T",0,4,4,0,0,"F"
0,2,1,2,"CCBX","","","","9/F","T",1,0,0,0,0,"F"
0,0,0,2,"FFFS","","","","K","T",1,0,0,0,0,"T"
0,1,1,2,"CSBFX","","","","9/L","T",1,0,0,0,0,"F"
0,2,2,2,"CFBBS","","","","K","T",1,0,0,0,0,"F"
1,0,1,1,"BFX","","","","S8/G+","T",0,1,0,0,0,"F"
1,0,1,2,"CBFB","choos001","","","WP.1-2","F",0,0,2,0,0,"F"
1,0,2,2,"CBFB.S","","choos001","","K","T",1,0,0,2,0,"F"
1,1,0,1,"CX","","choos001","","S5/G.2-2","T",0,1,0,2,0,"F"
1,1,2,2,"CFBBFFX","andre001","choos001","","8/L+.2-3","T",1,0,1,3,0,"F"
1,2,0,2,"CFC","andre001","","choos001","K","T",1,0,1,0,3,"F"
0,0,0,2,"CCX","","","","9/L","T",1,0,0,0,0,"F"
0,1,0,1,"CX","","","","S4/G+","T",0,1,0,0,0,"F"
0,1,3,1,"BSBB1X","fernj004","","","D7/F.1-3","T",0,2,3,0,0,"F"
0,1,3,1,"CBBBX","","martj007","fernj004","4/P","T",1,0,0,2,3,"F"
0,2,0,2,"FCS","","martj007","fernj004","K","T",1,0,0,2,3,"F"
1,0,1,1,"FBX","","","","6/L+","T",1,0,0,0,0,"F"
1,1,2,0,"BBX","","","","9/L","T",1,0,0,0,0,"F"
1,2,1,2,"BSCX","","","","8/F","T",1,0,0,0,0,"F"
0,0,2,2,".CFBBX","","","","43/G-","T",1,0,0,0,0,"F"
0,1,0,1,"CX","","","","3/G","T",1,0,0,0,0,"F"
0,2,0,2,"CFX","","","","13/G","T",1,0,0,0,0,"F"
1,0,0,2,"CCX","","","","9/F","T",1,0,0,0,0,"F"
1,1,3,2,"BBCBCFB","","","","W","T",0,1,0,0,0,"F"
1,1,0,0,"X","choos001","","","6(1)3/GDP","T",2,0,0,0,0,"F"
0,0,2,1,"BCBX","","","","S8/G","T",0,1,0,0,0,"F"
0,0,0,0,"X","troum001","","","8/F","T",1,0,1,0,0,"F"
0,1,3,2,"*BCBBF>S","troum001","","","K/BINT/DP.1X2(2)","T",2,0,0,0,0,"F"
1,0,0,1,"FX","","","","53/G+","T",1,0,0,0,0,"F"
1,1,2,1,"BBFX","","","","8/F","T",1,0,0,0,0,"F"
1,2,0,1,"CX","","","","8/L","T",1,0,0,0,0,"F"
0,0,3,1,"BBBCX","","","","9/F","T",1,0,0,0,0,"F"
0,1,2,2,"BBFFFFFX","","","","3/P","T",1,0,0,0,0,"F"
0,2,1,2,"FFBFX","","","","4/L","T",1,0,0,0,0,"F"
1,0,2,2,"CBBFX","","","","8/L+","T",1,0,0,0,0,"F"
1,1,2,1,"BSBX","","","","7/F+","T",1,0,0,0,0,"F"
1,2,1,2,"FFBS","","","","K23","T",1,0,0,0,0,"F"
0,0,2,1,"SBBX","","","","S7/G+","T",0,1,0,0,0,"F"
0,0,0,0,"X","youne003","","","8/L+","T",1,0,1,0,0,"F"
0,1,0,1,"1C1X","youne003","","","8/F","T",1,0,1,0,0,"F"
0,2,3,1,"BBBCB","youne003","","","W.1-2","T",0,1,2,0,0,"F"
0,2,1,1,"BCX","troum001","youne003","","8/F","T",1,0,1,2,0,"F"
1,0,2,0,".BBX","","","","53/G","T",1,0,0,0,0,"F"
1,1,1,0,"BX","","","","7/F","T",1,0,0,0,0,"F"
1,2,1,2,"CSBS","","","","K","T",1,0,0,0,0,"F"
0,0,2,1,".BSBX","","","","S8/L","T",0,1,0,0,0,"F"
0,0,0,0,"B","fernj004","","","WP.1-2","F",0,0,2,0,0,"F"
0,0,1,2,"B.SCFFFFX","","fernj004","","8/F","T",1,0,0,2,0,"F"
0,1,0,0,"X","","fernj004","","HR/78/F.2-H","T",0,4,0,4,0,"F"
0,1,0,2,"SSS","","","","K+WP.B-1","T",0,1,0,0,0,"F"
0,1,0,1,".CX","bricj001","","","13/G.1-2","T",1,0,2,0,0,"F"
0,2,3,1,"C*BBBB","","bricj001","","W","T",0,1,0,2,0,"F"
0,2,2,2,"BBCSFX","calhk001","bricj001","","S7/L.2-H;1-3;B-2(TH)","T",0,2,3,4,0,"F"
0,2,3,0,"VVVV","","fletd002","calhk001","IW","T",0,1,0,2,3,"F"
0,2,1,0,"BX","troum001","fletd002","calhk001","8/F","T",1,0,1,2,3,"F"
1,0,0,2,"CCFX","","","","S8/G","T",0,1,0,0,0,"F"
1,0,3,2,"CBS*BB>B","andre001","","","W.1-2","T",0,1,2,0,0,"F"
1,0,1,2,"BFF2X","mazan001","andre001","","7/L","T",1,0,1,2,0,"F"
1,1,1,2,".BCTS","mazan001","andre001","","K","T",1,0,1,2,0,"F"
1,2,2,1,"S*BBX","mazan001","andre001","","D9/L+.2-H;1-3","T",0,2,3,4,0,"F"
1,2,3,2,".*BC*B*BFFB","","gallj002","mazan001","W","T",0,1,0,2,3,"F"
1,2,2,2,".C*BBSS","chirr001","gallj002","mazan001","K","T",1,0,1,2,3,"F"
0,0,3,2,"...CBFBBX","","","","63/G","T",1,0,0,0,0,"F"
0,1,1,2,"CBFC","","","","K","T",1,0,0,0,0,"F"
0,2,3,2,"CBBFBFFX","","","","53/G-","T",1,0,0,0,0,"F"
1,0,2,2,"..CBCBS","","","","K","T",1,0,0,0,0,"F"
1,1,3,1,"BCBBX","","","","3/G-","T",1,0,0,0,0,"F"
1,2,2,2,"BBCFX","","","","S9/F","T",0,1,0,0,0,"F"
1,2,2,0,"BBX","andre001","","","8/L","T",1,0,1,0,0,"F"
0,0,0,2,".CSS","","","","K","T",1,0,0,0,0,"F"
0,1,2,2,"BCTBX","","","","63/G","T",1,0,0,0,0,"F"
0,2,1,0,"BX","","","","3/G-","T",1,0,0,0,0,"F"
1,0,1,0,".BX","","","","S9/L","T",0,1,0,0,0,"F"
1,0,1,1,"FBB","belta001","","","WP.1-2","F",0,0,2,0,0,"F"
1,0,2,1,"FBB.X","","belta001","","43/G","T",1,0,0,2,0,"F"
1,1,3,2,"CSB*BBS","","belta001","","K","T",1,0,0,2,0,"F"
1,2,3,1,"BBCBX","","belta001","","8/F","T",1,0,0,2,0,"F"
0,0,2,2,"BBCFX","","","","D7/L+","T",0,2,0,0,0,"T"
0,0,2,2,"FBBCFFC","","fletd002","","K","T",1,0,0,2,0,"F"
0,1,0,0,"H","","fletd002","","HP","T",0,1,0,2,0,"F"
0,1,1,0,"B>C","troum001","fletd002","","SB3;SB2","F",0,0,2,3,0,"F"
0,1,2,2,"B>C.FFBX","","troum001","fletd002","63/G.3-H","T",1,0,0,2,4,"F"
0,2,2,2,"BCBCFS","","troum001","","K","T",1,0,0,2,0,"F"
1,0,0,2,"CCS","","","","K","T",1,0,0,0,0,"F"
1,1,2,2,"LCBBX","","","","7/F","T",1,0,0,0,0,"F"
1,2,2,1,"BFBX","","","","7/F","T",1,0,0,0,0,"F"
0,0,1,2,"FBCS","","","","K","T",1,0,0,0,0,"F"
0,1,3,2,"BFBBSB","","","","W","T",0,1,0,0,0,"F"
0,1,3,1,"11BBTB>S","blasj001","","","SB2","F",0,0,2,0,0,"F"
0,1,3,2,"11BBTB>S.X","","blasj001","","7/F","T",1,0,0,2,0,"F"
0,2,2,2,"FBFBS","","blasj001","","K","T",1,0,0,2,0,"F"
1,0,1,2,"BCFFX","","","","D7/L+","T",0,2,0,0,0,"F"
1,0,0,2,"CSX","","mazan001","","9/L","T",1,0,0,2,0,"F"
1,1,1,2,"FS*BX","","mazan001","","63/G","T",1,0,0,2,0,"F"
1,2,2,2,"BSS*BC","","mazan001","","K","T",1,0,0,2,0,"F"
0,0,0,1,"CX","","","","S14/L.B-2(E4/TH)","T",0,2,0,0,0,"F"
0,0,0,2,"CSC","","fletd002","","K","T",1,0,0,2,0,"F"
0,1,2,1,"*BCBX","","fletd002","","63/G.2-3","T",1,0,0,3,0,"F"
0,2,0,1,"CX","","","fletd002","43/G+","T",1,0,0,0,3,"F"
1,0,2,2,"CBBFFFFX","","","","S7/L","T",0,1,0,0,0,"F"
1,0,0,0,"X","kinei001","","","14/BG/SH.1-2","T",1,0,2,0,0,"F"
1,1,3,1,"*B*BF*BX","","kinei001","","7/F","T",1,0,0,2,0,"F"
1,2,0,0,"X","","kinei001","","9/F","T",1,0,0,2,0,"F"
0,0,2,2,"CCBBX","","","","3/P3F","T",1,0,0,0,0,"F"
0,1,1,2,"CSBX","","","","8/L","T",1,0,0,0,0,"F"
0,2,3,2,"BFBSBS","","","","K","T",1,0,0,0,0,"F"
1,0,0,0,"X","","","","HR/8/F","T",0,4,0,0,0,"F"
1,0,2,2,"SSBBX","","","","31/G","T",1,0,0,0,0,"F"
1,1,2,1,"BBFX","","","","HR/7/F+","T",0,4,0,0,0,"F"
1,1,0,1,"CX","","","","S8/L","T",0,1,0,0,0,"F"
1,1,1,2,"FFBS","profj001","","","K","T",1,0,1,0,0,"F"
1,2,0,0,"X","profj001","","","7/F","T",1,0,1,0,0,"F"
0,0,3,2,"BBSBSFFX","","","","63/G","T",1,0,0,0,0,"F"
0,1,0,2,"FFC","","","","K","T",1,0,0,0,0,"F"
0,2,0,2,"CFFX","","","","9/F","T",1,0,0,0,0,"F"
1,0,1,2,"FFFFBX","","","","9/L","T",1,0,0,0,0,"F"
1,1,2,2,"BFBFC","","","","K","T",1,0,0,0,0,"F"
1,2,1,0,"BX","","","","S9/G+","T",0,1,0,0,0,"F"
1,2,3,2,"CBTBB>B","odorr001","","","W.1-2","T",0,1,2,0,0,"F"
1,2,0,0,"X","andre001","odorr001","","D8/F+.2-H;1-H","T",0,2,4,4,0,"F"
1,2,0,0,"X","","mazan001","","53/G","T",1,0,0,2,0,"F"
0,0,2,1,"BBFX","","","","HR/89/F","T",0,4,0,0,0,"F"
0,0,0,0,".X","","","","8/F","T",1,0,0,0,0,"F"
0,1,1,2,"BFCX","","","","S39/L","T",0,1,0,0,0,"F"
0,1,1,0,".BX","simma001","","","8/F","T",1,0,1,0,0,"F"
0,2,0,0,">B","simma001","","","SB2","F",0,0,2,0,0,"F"
0,2,2,1,">B.CBX","","simma001","","63/G-","T",1,0,0,2,0,"F"
1,0,2,2,".BFSBX","","","","3/P","T",1,0,0,0,0,"F"
1,1,0,2,"FSS","","","","K","T",1,0,0,0,0,"F"
1,2,1,0,"BX","","","","43/G","T",1,0,0,0,0,"F"
0,0,3,2,".BSBFBFFC","","","","K","T",1,0,0,0,0,"F"
0,1,0,1,"SX","","","","63/G","T",1,0,0,0,0,"F"
0,2,2,0,"BBX","","","","S14/G-","T",0,1,0,0,0,"F"
0,2,0,0,"X","hermm001","","","S7/L.1-2","T",0,1,2,0,0,"F"
0,2,0,1,"CX","fletd002","hermm001","","43/G-","T",1,0,1,2,0,"F"
1,0,1,1,".CBX","","","","D7/L","T",0,2,0,0,0,"F"
1,0,3,2,"BFFBBX","","deshd002","","8/F","T",1,0,0,2,0,"F"
1,1,0,0,"X","","deshd002","","13/G-","T",1,0,0,2,0,"F"
1,2,1,2,"BCCX","","deshd002","","9/L","T",1,0,0,2,0,"F"
0,0,2,2,".CBBFX","","","","43/G-","T",1,0,0,0,0,"F"
0,1,0,1,"FX","","","","8/L","T",1,0,0,0,0,"F"
0,2,1,2,"CBFX","","","","E6/G+","T",0,1,0,0,0,"F"
0,2,1,1,"BSX","fernj004","","","3/G","T",1,0,1,0,0,"F"
1,0,2,2,".SCBBS","","","","K","T",1,0,0,0,0,"F"
1,1,1,0,"BX","","","","S5/G","T",0,1,0,0,0,"F"
1,1,0,2,"FSX","belta001","","","5/P5F","T",1,0,1,0,0,"F"
1,2,3,2,"SFBBFB>S","belta001","","","K","T",1,0,1,0,0,"F"
0,0,2,2,"..CBBFFC","","","","K","T",1,0,0,0,0,"F"
0,1,1,2,"FBSS","","","","K","T",1,0,0,0,0,"F"
0,2,0,1,".CX","","","","6/P","T",1,0,0,0,0,"F"
0,0,3,1,"BBFBX","","","","S9/G+","T",0,1,0,0,0,"T"
0,0,1,2,"1BFFX","calhk001","","","D7/G.1-H","T",0,2,4,0,0,"F"
0,0,3,1,"BBSBB","","fletd002","","W","T",0,1,0,2,0,"F"
0,0,0,2,"TLX","ohtas001","fletd002","","4/P/IF","T",1,0,1,2,0,"F"
0,1,0,2,"CFFFS","ohtas001","fletd002","","K","T",1,0,1,2,0,"F"
0,2,0,0,"X","ohtas001","fletd002","","S8/L.2-H;1-2","T",0,1,2,4,0,"F"
0,2,3,1,"BSBBX","wardt002","ohtas001","","8/F","T",1,0,1,2,0,"F"
1,0,2,1,"BCBX","","","","S9/L","T",0,1,0,0,0,"F"
1,0,0,2,"CFX","choos001","","","46(1)/FO/G","T",1,1,0,0,0,"F"
1,1,3,2,"CC*BB*B1>B","odorr001","","","W.1-2","T",0,1,2,0,0,"F"
1,1,3,2,"BFCB*B*B","andre001","odorr001","","W.2-3;1-2","T",0,1,2,3,0,"F"
1,1,1,2,"BSSS","mazan001","andre001","odorr001","K","T",1,0,1,2,3,"F"
1,2,2,2,"F*BFBFX","mazan001","andre001","odorr001","9/F","T",1,0,1,2,3,"F"
0,0,2,2,"CBBSFS","","","","K","T",1,0,0,0,0,"F"
0,1,0,0,"X","","","","53/G","T",1,0,0,0,0,"F"
0,2,2,0,"BBX","","","","4/P","T",1,0,0,0,0,"F"
1,0,1,1,"BFX","","","","7/F","T",1,0,0,0,0,"F"
1,1,3,2,"BBBCFFFS","","","","K","T",1,0,0,0,0,"F"
1,2,1,2,"CSBS","","","","K","T",1,0,0,0,0,"F"
0,0,0,1,"CX","","","","43/G","T",1,0,0,0,0,"F"
0,1,3,2,"FCBBBX","","","","S15/G","T",0,1,0,0,0,"F"
0,1,1,0,"B1X","ohtas001","","","HR/7/F.1-H","T",0,4,4,0,0,"F"
0,1,0,1,"CX","","","","D9/L+","T",0,2,0,0,0,"F"
0,1,0,1,"FX","","fernj004","","53/G","T",1,0,0,2,0,"F"
0,2,1,2,"CFBC","","fernj004","","K","T",1,0,0,2,0,"F"
1,0,0,0,"X","","","","43/G","T",1,0,0,0,0,"F"
1,1,1,2,"CBFFC","","","","K","T",1,0,0,0,0,"F"
1,2,1,1,"BFX","","","","8/F","T",1,0,0,0,0,"F"
0,0,1,0,"BX","","","","S7/L+","T",0,1,0,0,0,"F"
0,0,2,1,"111B1BCX","blasj001","","","53/G.1-2","T",1,0,2,0,0,"F"
0,1,1,0,"*B2","","blasj001","","PO2(E6).2-3","F",0,0,0,3,0,"F"
0,1,3,2,"*B2.BBCSX","","","blasj001","9/F/SF.3-H(UR)","T",1,0,0,0,5,"F"
0,2,3,2,"CBBBCX","","","","53/G","T",1,0,0,0,0,"F"
1,0,1,1,"BFX","","","","S8/L","T",0,1,0,0,0,"F"
1,0,1,0,"BX","mazan001","","","9/F","T",1,0,1,0,0,"F"
1,1,2,1,"*BBCX","mazan001","","","36(1)/FO/G","T",1,1,0,0,0,"F"
1,2,2,2,"BCBSFS","profj001","","","K","T",1,0,1,0,0,"F"
0,0,0,0,".X","","","","HR/9/F","T",0,4,0,0,0,"F"
0,0,3,2,"SBBSBX","","","","63/G","T",1,0,0,0,0,"F"
0,1,1,1,"BFX","","","","43/G","T",1,0,0,0,0,"F"
0,2,0,1,"CX","","","","3/P3F","T",1,0,0,0,0,"F"
1,0,1,0,"BX","","","","8/L+","T",1,0,0,0,0,"F"
1,1,3,1,"CBBBB","","","","W","T",0,1,0,0,0,"F"
1,1,2,1,"CB*BX","guzmr001","","","4(1)3/GDP","T",2,0,0,0,0,"F"
0,0,1,0,"BX","","","","8/F","T",1,0,0,0,0,"F"
0,1,2,2,"SSBBS","","","","K","T",1,0,0,0,0,"F"
0,2,2,0,"BBX","","","","S8/L+","T",0,1,0,0,0,"F"
0,2,3,0,"BBBB","youne003","","","W.1-2","T",0,1,2,0,0,"F"
0,2,1,1,"BCX","calhk001","youne003","","5(2)/FO/G.1-2","T",1,1,2,0,0,"F"
1,0,2,1,".CBBX","","","","S8/L+","T",0,1,0,0,0,"F"
1,0,0,2,"CCC","odorr001","","","K","T",1,0,1,0,0,"F"
1,1,1,0,"*BX","odorr001","","","8/F+","T",1,0,1,0,0,"F"
1,2,1,1,"BFX","odorr001","","","HR/8/F.1-H","T",0,4,4,0,0,"F"
1,2,1,2,"CSFBX","","","","3/G","T",1,0,0,0,0,"F"
0,0,1,0,".BX","","","","S8/L+","T",0,1,0,0,0,"F"
0,0,0,1,"C1>B","ohtas001","","","SB2.1-3(E2/TH)","F",0,0,3,0,0,"F"
0,0,3,2,"C1>B.BBCX","","","ohtas001","S7/G.3-H","T",0,1,0,0,4,"F"
0,0,1,0,"BX","simma001","","","64(1)3/GDP","T",2,0,0,0,0,"F"
0,2,3,2,"CBFBFFBX","","","","S7/G","T",0,1,0,0,0,"F"
0,2,1,0,"BX","wardt002","","","S8/G+.1-2","T",0,1,2,0,0,"F"
0,2,1,2,".S*BCB","arcif001","wardt002","","WP.2-3","F",0,0,1,3,0,"F"
0,2,3,2,".S*BCB.B>B","arcif001","","wardt002","W.1-2","T",0,1,2,0,3,"F"
0,2,2,2,"SBCBFX","blasj001","arcif001","wardt002","31/G","T",1,0,1,2,3,"F"
1,0,1,2,".CBSS","","","","K","T",1,0,0,0,0,"F"
1,1,1,1,"BFX","","","","9/F","T",1,0,0,0,0,"F"
1,2,0,2,"CFC","","","","K","T",1,0,0,0,0,"F"
0,0,2,2,"FBBCFX","","","","31/G","T",1,0,0,0,0,"F"
0,1,1,1,"BCX","","","","S7/L","T",0,1,0,0,0,"F"
0,1,3,1,"BBCBX","fletd002","","","HR/89/F.1-H","T",0,4,4,0,0,"F"
0,1,1,1,"CBX","","","","43/G+","T",1,0,0,0,0,"F"
0,2,0,1,"SX","","","","S8/G+","T",0,1,0,0,0,"F"
0,2,3,2,"CBCBB>F>S","fernj004","","","K","T",1,0,1,0,0,"F"
1,0,0,2,".CFH","","","","HP","T",0,1,0,0,0,"F"
1,0,0,0,".X","robid003","","","13/G.1-2","T",1,0,2,0,0,"F"
1,1,1,0,".BX","","robid003","","43/G.2-3","T",1,0,0,3,0,"F"
1,2,2,1,"CBBX","","","robid003","S8/L+.3-H","T",0,1,0,0,4,"F"
1,2,0,1,".CX","toccc001","","","S9/G+.1-2","T",0,1,2,0,0,"F"
1,2,0,1,".CX","deshd002","toccc001","","6(1)/FO/G","T",1,1,0,2,0,"F"
0,0,0,1,"........CX","","","","13/G","T",1,0,0,0,0,"F"
0,1,3,2,"BCBSBFS","","","","K","T",1,0,0,0,0,"F"
0,2,2,2,"CFBFFFFFBX","","","","7/F","T",1,0,0,0,0,"F"
1,0,1,1,"..BFX","","","","7/L+","T",1,0,0,0,0,"F"
1,1,2,2,"CCBBS","","","","K","T",1,0,0,0,0,"F"
1,2,1,2,"CSFBFX","","","","7/F","T",1,0,0,0,0,"F"
0,0,1,0,"BX","","","","S6/G.B-2(E6/TH)","T",0,2,0,0,0,"T"
0,0,2,2,"CBFBX","","smitm007","","S8/L.2-3","T",0,1,0,3,0,"F"
0,0,2,0,"*BB1X","phamt001","","smitm007","S9/G.3-H;1-2","T",0,1,2,0,4,"F"
0,0,0,1,"SX","choij001","phamt001","","36(1)/FO/G.2-3","T",1,1,0,3,0,"F"
0,1,3,2,"BSB1BS1X","wendj002","","phamt001","64(1)3/GDP","T",2,0,0,0,3,"F"
1,0,1,2,"BFCS","","","","K","T",1,0,0,0,0,"F"
1,1,0,1,"CH","","","","HP","T",0,1,0,0,0,"F"
1,1,2,0,"BBX","odorr001","","","9/L","T",1,0,1,0,0,"F"
1,2,0,0,">B","odorr001","","","SB2","F",0,0,2,0,0,"F"
1,2,3,0,">B.B*BB","","odorr001","","W","T",0,1,0,2,0,"F"
1,2,0,2,"CSB","mazan001","odorr001","","WP.2-3;1-2","F",0,0,2,3,0,"F"
1,2,2,2,"CSB.BS","","mazan001","odorr001","K","T",1,0,0,2,3,"F"
0,0,1,1,"BCX","","","","9/L","T",1,0,0,0,0,"F"
0,1,0,1,"CX","","","","3/G","T",1,0,0,0,0,"F"
0,2,3,2,"SBBBFS","","","","K","T",1,0,0,0,0,"F"
1,0,1,2,"CCBX","","","","9/F9LF","T",1,0,0,0,0,"F"
1,1,1,0,"BX","","","","8/L","T",1,0,0,0,0,"F"
1,2,1,2,"CBSX","","","","43/G","T",1,0,0,0,0,"F"
0,0,2,0,"BBX","","","","7/F","T",1,0,0,0,0,"F"
0,1,2,2,"BFBCX","","","","S8/G","T",0,1,0,0,0,"F"
0,1,1,0,"B1X","smitm007","","","46(1)3/GDP","T",2,0,0,0,0,"F"
1,0,1,2,"FBFS","","","","K","T",1,0,0,0,0,"F"
1,1,3,1,"FBBBX","","","","8/F","T",1,0,0,0,0,"F"
1,2,2,0,"BBX","","","","31/G","T",1,0,0,0,0,"F"
0,0,2,2,"BFFFBX","","","","9/F","T",1,0,0,0,0,"F"
0,1,1,0,"BX","","","","D9/L+","T",0,2,0,0,0,"F"
0,1,0,0,"X","","wendj002","","7/F","T",1,0,0,2,0,"F"
0,2,0,0,"X","","wendj002","","9/L","T",1,0,0,2,0,"F"
1,0,2,1,"BBSX","","","","63/G","T",1,0,0,0,0,"F"
1,1,1,2,"CSBS","","","","K","T",1,0,0,0,0,"F"
1,2,2,2,"BFBFX","","","","43/G","T",1,0,0,0,0,"F"
0,0,1,1,"BFX","","","","43/G","T",1,0,0,0,0,"F"
0,1,3,1,"BFBBX","","","","8/L","T",1,0,0,0,0,"F"
0,2,3,2,"BFBFFBX","","","","43/G","T",1,0,0,0,0,"F"
1,0,0,0,"X","","","","63/G","T",1,0,0,0,0,"F"
1,1,2,0,"BBX","","","","8/L+","T",1,0,0,0,0,"F"
1,2,1,2,"BCFX","","","","S6/G","T",0,1,0,0,0,"F"
1,2,0,2,"CSC","kinei001","","","K","T",1,0,1,0,0,"F"
0,0,3,2,"FBFBBFFB","","","","W","T",0,1,0,0,0,"F"
0,0,0,0,"11>B","smitm007","","","CS2(26)","F",1,0,0,0,0,"F"
0,1,3,2,"11>B.BFBFT","","","","K","T",1,0,0,0,0,"F"
0,2,3,2,"FBBSBX","","","","HR/8/F","T",0,4,0,0,0,"F"
0,2,3,1,".BBCB*B","","","","W","T",0,1,0,0,0,"F"
0,2,1,2,"CBF11>C","wendj002","","","K","T",1,0,1,0,0,"F"
1,0,3,2,"CBBSFFBB","","","","W","T",0,1,0,0,0,"F"
1,0,0,0,"X","choos001","","","7/L","T",1,0,1,0,0,"F"
1,1,1,2,"BFF1S","choos001","","","K","T",1,0,1,0,0,"F"
1,2,2,1,"1C1BBX","choos001","","","S1/G.1-2","T",0,1,2,0,0,"F"
1,2,3,1,"BCBBX","mazan001","choos001","","8/F","T",1,0,1,2,0,"F"
0,0,3,0,"BBBB","","","","W","T",0,1,0,0,0,"F"
0,0,1,1,"BC1X","adamw002","","","D8/L.1-3","T",0,2,3,0,0,"F"
0,0,0,0,"X","","kierk001","adamw002","7/F/SF.3-H;2-3","T",1,0,0,3,4,"F"
0,1,3,0,".VVVV","","","kierk001","IW","T",0,1,0,0,3,"F"
0,1,1,1,".C*BX","cronc002","","kierk001","FC2/BG.3XH(2);1-2","T",1,1,2,0,0,"F"
0,2,0,1,"CX","smitm007","cronc002","","8/L","T",1,0,1,2,0,"F"
1,0,1,2,"..CFBS","","","","K","T",1,0,0,0,0,"F"
1,1,1,2,"SBCX","","","","63/G","T",1,0,0,0,0,"F"
1,2,1,2,"CFBX","","","","43/G","T",1,0,0,0,0,"F"
0,0,3,2,"BCFBBS","","","","K","T",1,0,0,0,0,"F"
0,1,1,0,"BX","","","","31/G-","T",1,0,0,0,0,"F"
0,2,0,0,"X","","","","4/P","T",1,0,0,0,0,"F"
1,0,3,2,"..BCCBFBC","","","","K","T",1,0,0,0,0,"F"
1,1,1,2,"CCBFX","","","","63/G","T",1,0,0,0,0,"F"
1,2,0,2,"CFC","","","","K","T",1,0,0,0,0,"F"
0,0,1,1,".BFX","","","","S8/G","T",0,1,0,0,0,"F"
0,0,0,2,"FTS","adamw002","","","K","T",1,0,1,0,0,"F"
0,1,0,2,"FSS","adamw002","","","K","T",1,0,1,0,0,"F"
0,2,1,2,"BFSX","adamw002","","","54(1)/FO/G","T",1,1,0,0,0,"F"
1,0,3,2,".BBBCCS","","","","K","T",1,0,0,0,0,"F"
1,1,2,2,"CBBFX","","","","43/G","T",1,0,0,0,0,"F"
1,2,3,2,"BSBBFB","","","","W","T",0,1,0,0,0,"F"
1,2,1,2,"FF*BT","belta001","","","K","T",1,0,1,0,0,"F"
0,0,1,2,"CBFX","","","","7/F","T",1,0,0,0,0,"T"
0,1,1,2,"SFBX","","","","13/G","T",1,0,0,0,0,"F"
0,2,1,2,"CFBX","","","","S7/L","T",0,1,0,0,0,"F"
0,2,1,2,"*BCSC","choij001","","","K","T",1,0,1,0,0,"F"
1,0,2,2,"CBSBX","","","","43/G","T",1,0,0,0,0,"F"
1,1,1,1,"CBX","","","","63/G","T",1,0,0,0,0,"F"
1,2,3,2,"CBFFBBX","","","","E6/G","T",0,1,0,0,0,"F"
1,2,2,2,"S*B*BSX","andre001","","","43/G","T",1,0,1,0,0,"F"
0,0,2,2,"BCSBFX","","","","6/P","T",1,0,0,0,0,"F"
0,1,0,0,"H","","","","HP","T",0,1,0,0,0,"F"
0,1,0,0,"X","cronc002","","","S9/G+.1-2","T",0,1,2,0,0,"F"
0,1,1,1,"CBX","kierk001","cronc002","","6(1)3/GDP","T",2,0,0,2,0,"F"
1,0,1,2,"SCFFBT","","","","K","T",1,0,0,0,0,"F"
1,1,3,2,"BSFBBFX","","","","9/F","T",1,0,0,0,0,"F"
1,2,0,1,"CX","","","","S7/L+","T",0,1,0,0,0,"F"
1,2,3,2,"BBSSB>F>S","chirr001","","","K","T",1,0,1,0,0,"F"
0,0,2,2,"CBBFX","","","","S9/L","T",0,1,0,0,0,"F"
0,0,1,0,"BX","sucrj001","","","S8/G+.1-2","T",0,1,2,0,0,"F"
0,0,2,2,"CBBCX","wendj002","sucrj001","","53/G.2-3;1-2","T",1,0,2,3,0,"F"
0,1,3,0,"BBBB","","wendj002","sucrj001","W","T",0,1,0,2,3,"F"
0,1,1,1,"FBX","choij001","wendj002","sucrj001","64(1)3/GDP","T",2,0,0,2,3,"F"
1,0,0,1,"CX","","","","53/G-","T",1,0,0,0,0,"F"
1,1,3,2,"CBBBCFX","","","","43/G","T",1,0,0,0,0,"F"
1,2,1,2,"SSFBS","","","","K","T",1,0,0,0,0,"F"
0,0,2,2,"FBSBT","","","","K","T",1,0,0,0,0,"F"
0,1,2,2,"FBFBS","","","","K","T",1,0,0,0,0,"F"
0,2,3,2,"CBBFBFFB","","","","W","T",0,1,0,0,0,"F"
0,2,0,0,"1X","kierk001","","","HR/8/F.1-H","T",0,4,4,0,0,"F"
0,2,2,2,"BFBFFX","","","","D8/L","T",0,2,0,0,0,"F"
0,2,0,1,"CX","","sucrj001","","D9/F.2-H","T",0,2,0,4,0,"F"
0,2,0,0,"X","","wendj002","","63/G","T",1,0,0,2,0,"F"
1,0,3,2,"BBCFFBB","","","","W","T",0,1,0,0,0,"F"
1,0,3,2,"C*BSF*BFFBC","andre001","","","K","T",1,0,1,0,0,"F"
1,1,0,0,"X","andre001","","","64(1)3/GDP","T",2,0,0,0,0,"F"
0,0,3,1,"CBBBX","","","","43/G","T",1,0,0,0,0,"F"
0,1,3,2,"BBCBCB","","","","W","T",0,1,0,0,0,"F"
0,1,2,0,"1*BBX","phamt001","","","S9/G.1-2","T",0,1,2,0,0,"F"
0,1,0,0,"X","loweb001","phamt001","","64(1)3/GDP","T",2,0,0,2,0,"F"
1,0,3,2,"CBBCBFB","","","","W","T",0,1,0,0,0,"F"
1,0,3,2,"BC*BBSX","kinei001","","","3/P3F","T",1,0,1,0,0,"F"
1,1,1,2,"CBSC","kinei001","","","K","T",1,0,1,0,0,"F"
1,2,0,1,"SX","kinei001","","","8/F","T",1,0,1,0,0,"F"
0,0,0,2,".FCX","","","","3/G","T",1,0,0,0,0,"F"
0,1,0,1,"FX","","","","53/G+","T",1,0,0,0,0,"F"
0,2,2,2,"CFBFFBS","","","","K","T",1,0,0,0,0,"F"
1,0,0,2,".CCX","","","","S8/L","T",0,1,0,0,0,"F"
1,0,1,1,"CBX","deshd002","","","7/L+","T",1,0,1,0,0,"F"
1,1,2,2,"BBCCFX","deshd002","","","5/L/DP.1X1(53)","T",2,0,0,0,0,"F"
0,0,0,0,"X","","","","D7/L","T",0,2,0,0,0,"F"
0,0,2,2,"CF*BBFFX","","wendj002","","S8/G.2-3","T",0,1,0,3,0,"F"
0,0,0,0,"X","duffm002","","wendj002","46(1)/FO/G.3-H","T",1,1,0,0,4,"F"
0,1,3,2,"BCBFFFBX","choij001","","","S9/F.1-2","T",0,1,2,0,0,"F"
0,1,2,2,"..S*BBSS","phamt001","choij001","","K","T",1,0,1,2,0,"F"
0,2,2,2,"BSFBX","phamt001","choij001","","8/F","T",1,0,1,2,0,"F"
1,0,1,2,"..CBCX","","","","53/G+","T",1,0,0,0,0,"F"
1,1,1,1,"BCX","","","","6/P","T",1,0,0,0,0,"F"
1,2,1,2,"CCBX","","","","S9/L","T",0,1,0,0,0,"F"
1,2,1,2,"FBFS","kinei001","","","K","T",1,0,1,0,0,"F"
0,0,0,2,"CSS","","","","K","T",1,0,0,0,0,"F"
0,1,0,1,"CX","","","","43/G","T",1,0,0,0,0,"F"
0,2,2,2,"BCSBX","","","","S8/G+","T",0,1,0,0,0,"F"
0,2,3,2,"BCBBC>X","sucrj001","","","S7/G.1-2","T",0,1,2,0,0,"F"
0,2,1,1,".*BFX","wendj002","sucrj001","","S7/L.2-3;1-2","T",0,1,2,3,0,"F"
0,2,1,2,".CBFS","duffm002","wendj002","sucrj001","K","T",1,0,1,2,3,"F"
1,0,0,0,"X","","","","8/F","T",1,0,0,0,0,"F"
1,1,1,0,"BX","","","","D8/L+","T",0,2,0,0,0,"F"
1,1,0,0,"X","","albeh001","","8/F","T",1,0,0,2,0,"F"
1,2,1,1,"BCX","","albeh001","","63/G","T",1,0,0,2,0,"F"
0,0,0,0,".X","","","","S9/L","T",0,1,0,0,0,"F"
0,0,0,2,"FFH","phamt001","","","HP.1-2","T",0,1,2,0,0,"F"
0,0,2,0,"BBX","gomec002","phamt001","","9/F.2-3","T",1,0,1,3,0,"F"
0,1,0,0,">B","gomec002","","phamt001","SB2","F",0,0,2,0,3,"F"
0,1,1,2,">B.SFS","","gomec002","phamt001","K","T",1,0,0,2,3,"F"
0,2,0,1,"CX","","gomec002","phamt001","7/F","T",1,0,0,2,3,"F"
1,0,1,2,".CFBC","","","","K","T",1,0,0,0,0,"F"
1,1,1,2,"CFBX","","","","43/G","T",1,0,0,0,0,"F"
1,2,1,2,"BCSX","","","","9/F","T",1,0,0,0,0,"F"
0,0,2,2,"BBFFFX","","","","5/P","T",1,0,0,0,0,"T"
0,1,0,0,"X","","","","S7/G","T",0,1,0,0,0,"F"
0,1,1,1,"C11B11","phamt001","","","PO1(13)","F",1,0,0,0,0,"F"
0,2,1,2,"C11B11.FFS","","","","K","T",1,0,0,0,0,"F"
1,0,1,0,"BX","","","","7/F","T",1,0,0,0,0,"F"
1,1,2,2,"BFSBS","","","","K","T",1,0,0,0,0,"F"
1,2,0,2,"CFX","","","","1/G","T",1,0,0,0,0,"F"
0,0,3,1,"BSBBB","","","","W","T",0,1,0,0,0,"F"
0,0,0,0,"X","cronc002","","","D9/L.1-3","T",0,2,3,0,0,"F"
0,0,0,2,"FFS","","wendj002","cronc002","K","T",1,0,0,2,3,"F"
0,1,0,1,"FX","","wendj002","cronc002","D9/L+.3-H;2-H","T",0,2,0,4,4,"F"
0,1,1,1,"BC22","","bauej001","","PO2(E1).2-3","F",0,0,0,3,0,"F"
0,1,2,1,"BC22.BX","","","bauej001","S5/G.3-H(UR)","T",0,1,0,0,5,"F"
0,1,1,0,"BX","adamw002","","","7/F","T",1,0,1,0,0,"F"
0,2,2,2,"FSF1B1PS","adamw002","","","K","T",1,0,1,0,0,"F"
1,0,3,2,"CSBFBBFS","","","","K","T",1,0,0,0,0,"F"
1,1,0,1,"CX","","","","D47/P","T",0,2,0,0,0,"F"
1,1,1,2,"CBFX","","belta001","","4/P","T",1,0,0,2,0,"F"
1,2,0,0,".X","","belta001","","3/G","T",1,0,0,2,0,"F"
0,0,0,0,"X","","","","HR/9/L","T",0,4,0,0,0,"F"
0,0,1,0,"BX","","","","8/L","T",1,0,0,0,0,"F"
0,1,0,0,"X","","","","63/G","T",1,0,0,0,0,"F"
0,2,2,0,"BBX","","","","S9/G","T",0,1,0,0,0,"F"
0,2,0,1,"FX","wendj002","","","3/P","T",1,0,1,0,0,"F"
1,0,0,2,"CFS","","","","K","T",1,0,0,0,0,"F"
1,1,0,1,"CX","","","","S9/F","T",0,1,0,0,0,"F"
1,1,0,1,"CX","toccc001","","","S7/G.1-2","T",0,1,2,0,0,"F"
1,1,3,2,"BBFSBS","choos001","toccc001","","K","T",1,0,1,2,0,"F"
1,2,0,0,"X","choos001","toccc001","","S7/L.2-H;1-2","T",0,1,2,4,0,"F"
1,2,1,0,"BX","andre001","choos001","","9/L","T",1,0,1,2,0,"F"
0,0,0,0,"X","","","","9/F","T",1,0,0,0,0,"F"
0,1,3,2,"BCSBFFBFF*B","","","","W","T",0,1,0,0,0,"F"
0,1,2,2,"1BC+1SBX","adamw002","","","S57/G.1-3","T",0,1,3,0,0,"F"
0,1,2,1,"MBBX","sucrj001","","adamw002","S9/L.3-H;1-2","T",0,1,2,0,4,"F"
0,1,1,2,"CBFS","smitm007","sucrj001","","K","T",1,0,1,2,0,"F"
0,2,0,1,"SX","smitm007","sucrj001","","D8/L.2-H;1-H","T",0,2,4,4,0,"F"
0,2,3,1,".BT+2BBX","","duffm002","","T8/F.2-H","T",0,3,0,4,0,"F"
0,2,3,1,"BBFBB","","","cronc002","W","T",0,1,0,0,3,"F"
0,2,0,1,"SX","wendj002","","cronc002","4/P","T",1,0,1,0,3,"F"
1,0,2,1,"CBBX","","","","HR/7/F","T",0,4,0,0,0,"F"
1,0,0,1,"CX","","","","43/G","T",1,0,0,0,0,"F"
1,1,2,2,"BCFBS","","","","K","T",1,0,0,0,0,"F"
1,2,1,1,"FBX","","","","3/P3F","T",1,0,0,0,0,"F"
0,0,0,0,"X","","","","8/F","T",1,0,0,0,0,"F"
0,1,1,2,"BCSS","","","","K","T",1,0,0,0,0,"F"
0,2,2,1,"BFBX","","","","S8/L","T",0,1,0,0,0,"F"
0,2,2,2,"CBBCFFC","sucrj001","","","K","T",1,0,1,0,0,"F"
1,0,2,2,"BFFBFS","","","","K","T",1,0,0,0,0,"F"
1,1,0,2,"FCS","","","","K23","T",1,0,0,0,0,"F"
1,2,3,2,"BCSFBB*B","","","","W","T",0,1,0,0,0,"F"
1,2,0,1,"CX","odorr001","","","7/F+","T",1,0,1,0,0,"F"
0,0,0,2,"CSX","","","","3/G","T",1,0,0,0,0,"F"
0,1,0,0,"X","","","","8/F","T",1,0,0,0,0,"F"
0,2,1,2,"BSFS","","","","K","T",1,0,0,0,0,"F"
1,0,0,0,".X","","","","D7/L","T",0,2,0,0,0,"F"
1,0,0,2,"CSX","","mazan001","","8/L.2-3","T",1,0,0,3,0,"F"
1,1,0,2,"FFFS","","","mazan001","K","T",1,0,0,0,3,"F"
1,2,3,2,"S*BS*BBB","","","mazan001","W","T",0,1,0,0,3,"F"
1,2,0,0,"..X","guzmr001","","mazan001","S9/L.3-H;1-3;BX2(96)","T",1,0,3,0,4,"F"
0,0,1,2,"..CSBX","","","","S6/G","T",0,1,0,0,0,"F"
0,0,1,2,"FCBC","wendj002","","","K","T",1,0,1,0,0,"F"
0,1,2,1,"BBC>C","wendj002","","","SB2","F",0,0,2,0,0,"F"
0,1,2,2,"BBC>C.FX","","wendj002","","31/G.2-3","T",1,0,0,3,0,"F"
0,2,3,0,"VVVV","","","wendj002","IW","T",0,1,0,0,3,"F"
0,2,0,0,"X","adamw002","","wendj002","63/G","T",1,0,1,0,3,"F"
1,0,3,2,".CCBBBB","","","","W","T",0,1,0,0,0,"F"
1,0,2,2,"BFF*BFFS","toccc001","","","K","T",1,0,1,0,0,"F"
1,1,0,2,"CCFFX","toccc001","","","6(1)3/GDP","T",2,0,0,0,0,"F"
0,0,2,1,".FBBX","","","","43/G","T",1,0,0,0,0,"F"
0,1,1,2,"FCBX","","","","HR/78/F","T",0,4,0,0,0,"F"
0,1,1,1,"FBX","","","","S9/G","T",0,1,0,0,0,"F"
0,1,1,1,"CBX","duffm002","","","S7/G.1-2","T",0,1,2,0,0,"F"
0,1,2,0,"BBX","cronc002","duffm002","","46(1)3/GDP","T",2,0,0,2,0,"F"
1,0,0,0,"X","","","","9/F9LF","T",1,0,0,0,0,"F"
1,1,2,2,"CBFBFC","","","","K","T",1,0,0,0,0,"F"
1,2,2,2,"BBFCFX","","","","9/F","T",1,0,0,0,0,"F"
0,0,1,1,"BCX","","","","9/L","T",1,0,0,0,0,"F"
0,1,0,0,".X","","","","D7/L","T",0,2,0,0,0,"F"
0,1,2,2,"BSBFX","","bauej001","","E5/TH/G","T",0,1,0,2,0,"F"
0,1,1,2,"CSBFX","adamw002","bauej001","","64(1)3/GDP","T",2,0,0,2,0,"F"
1,0,1,2,"..CSBS","","","","K","T",1,0,0,0,0,"F"
1,1,0,2,"FCS","","","","K","T",1,0,0,0,0,"F"
1,2,0,0,"X","","","","53/G","T",1,0,0,0,0,"F"
0,0,3,2,"CCBBBB","","","","W","T",0,1,0,0,0,"T"
0,0,0,1,"SX","hanim001","","","8/F","T",1,0,1,0,0,"F"
0,1,2,0,"BBX","hanim001","","","3/G.1-2","T",1,0,2,0,0,"F"
0,2,3,2,"CCFB*BBB","","hanim001","","W","T",0,1,0,2,0,"F"
0,2,0,2,"CCX","cruzn002","hanim001","","8/L+","T",1,0,1,2,0,"F"
1,0,1,2,"CSBX","","","","S8/L","T",0,1,0,0,0,"F"
1,0,0,2,"SF1T","choos001","","","K","T",1,0,1,0,0,"F"
1,1,3,2,"CB1BBF>B","choos001","","","W.1-2","T",0,1,2,0,0,"F"
1,1,2,1,"CBBX","andre001","choos001","","7/F","T",1,0,1,2,0,"F"
1,2,0,1,"CX","andre001","choos001","","HR/9/F.2-H;1-H","T",0,4,4,4,0,"F"
1,2,0,0,"X","","","","7/F","T",1,0,0,0,0,"F"
0,0,1,1,".CBX","","","","8/L","T",1,0,0,0,0,"F"
0,1,3,2,"CCBBBX","","","","4/L+","T",1,0,0,0,0,"F"
0,2,0,1,"FX","","","","S8/F","T",0,1,0,0,0,"F"
0,2,2,0,"BBX","zunim001","","","S9/G.1-2","T",0,1,2,0,0,"F"
0,2,2,2,"BCFBX","gordd002","zunim001","","8/L","T",1,0,1,2,0,"F"
1,0,3,2,"BBCSBFX","","","","9/L","T",1,0,0,0,0,"F"
1,1,3,2,"BBFFBB","","","","W","T",0,1,0,0,0,"F"
1,1,2,1,"FBBX","gallj002","","","46(1)3/GDP","T",2,0,0,0,0,"F"
0,0,1,0,"BX","","","","63/G+","T",1,0,0,0,0,"F"
0,1,3,1,"BSBBB","","","","W","T",0,1,0,0,0,"F"
0,1,2,2,"BFFBT","canor001","","","K","T",1,0,1,0,0,"F"
0,2,2,2,"*BBCFFX","canor001","","","6/P","T",1,0,1,0,0,"F"
1,0,0,0,"H","","","","HP","T",0,1,0,0,0,"F"
1,0,1,2,"*BCCFX","choos001","","","D9/G.1-3","T",0,2,3,0,0,"F"
1,0,1,1,"FBX","","profj001","choos001","4/P","T",1,0,0,2,3,"F"
1,1,2,2,"BFS*BC","","profj001","choos001","K","T",1,0,0,2,3,"F"
1,2,3,2,"CSF*BBBX","","profj001","choos001","S9/F.3-H;2-H","T",0,1,0,4,4,"F"
1,2,1,2,".CBFX","belta001","","","S9/L+.1-2","T",0,1,2,0,0,"F"
1,2,0,0,"X","odorr001","belta001","","S7/G.2-3;1-2","T",0,1,2,3,0,"F"
1,2,3,2,"BSBC*B>B","chirr001","odorr001","belta001","W.3-H;2-3;1-2","T",0,1,2,3,4,"F"
1,2,2,1,"F*BBX","gallj002","chirr001","odorr001","6(1)/FO/G","T",1,1,0,2,3,"F"
0,0,1,1,"CBX","","","","43/G","T",1,0,0,0,0,"F"
0,1,3,2,"BBFBCFC","","","","K","T",1,0,0,0,0,"F"
0,2,0,0,"X","","","","4/P","T",1,0,0,0,0,"F"
1,0,3,1,"BCBBX","","","","7/L","T",1,0,0,0,0,"F"
1,1,0,1,"CX","","","","D9/F.B-H(UR)(E9/TH)","T",0,5,0,0,0,"F"
1,1,1,0,"BX","","","","9/F","T",1,0,0,0,0,"F"
1,2,3,2,"BBCFFBX","","","","53/G","T",1,0,0,0,0,"F"
0,0,1,0,"BX","","","","T9/L","T",0,3,0,0,0,"F"
0,0,0,0,"X","","","gordd002","43/G.3-H","T",1,0,0,0,4,"F"
0,1,0,1,"CX","","","","43/G","T",1,0,0,0,0,"F"
0,2,2,2,"BBFFX","","","","S9/G","T",0,1,0,0,0,"F"
0,2,0,1,"FX","canor001","","","9/F+","T",1,0,1,0,0,"F"
1,0,2,2,"CCBBFFS","","","","K","T",1,0,0,0,0,"F"
1,1,1,2,"BFFX","","","","S8/L+","T",0,1,0,0,0,"F"
1,1,0,0,"X","odorr001","","","64(1)3/GDP","T",2,0,0,0,0,"F"
0,0,2,1,"BBFX","","","","7/L","T",1,0,0,0,0,"F"
0,1,0,0,"X","","","","43/G","T",1,0,0,0,0,"F"
0,2,2,2,"BBFFFX","","","","S8/L+","T",0,1,0,0,0,"F"
0,2,0,1,"FX","gameb001","","","D7/L.1-H","T",0,2,4,0,0,"F"
0,2,0,1,"FX","","zunim001","","6/L","T",1,0,0,2,0,"F"
1,0,0,0,".X","","","","HR/8/F","T",0,4,0,0,0,"F"
1,0,2,2,".BBFCS","","","","K","T",1,0,0,0,0,"F"
1,1,2,0,"BBX","","","","31/G","T",1,0,0,0,0,"F"
1,2,0,2,"FFX","","","","7/L","T",1,0,0,0,0,"F"
0,0,1,0,"...BX","","","","D7/G+","T",0,2,0,0,0,"F"
0,0,1,0,"BB","","hanim001","","WP.2-3","F",0,0,0,3,0,"F"
0,0,3,2,"BB.BCFX","","","hanim001","S8/L.3-H","T",0,1,0,0,4,"F"
0,0,2,2,".BBCCX","seguj002","","","S9/L.1-2","T",0,1,2,0,0,"F"
0,0,3,2,"CBBS*BFX","canor001","seguj002","","54(1)3/GDP.2-3","T",2,0,0,3,0,"F"
0,0,1,1,"BCX","","","","7/F","T",1,0,0,0,0,"T"
0,1,3,1,"CBBBB","","","","W","T",0,1,0,0,0,"F"
0,1,2,2,"BSTBX","seguj002","","","8/L","T",1,0,1,0,0,"F"
0,2,3,2,"B1FB*BS>F>X","seguj002","","","31/G-","T",1,0,1,0,0,"F"
1,0,3,1,"BBCBB","","","","W","T",0,1,0,0,0,"F"
1,0,2,1,"*BBCX","profj001","","","6/P","T",1,0,1,0,0,"F"
1,1,2,1,"BBCX","profj001","","","31/G.1-2","T",1,0,2,0,0,"F"
1,2,0,1,"CX","","profj001","","4/L","T",1,0,0,2,0,"F"
0,0,2,1,"BBCX","","","","D7/L","T",0,2,0,0,0,"F"
0,0,0,2,"CSS","","healr001","","K","T",1,0,0,2,0,"F"
0,1,3,2,"BBSBCS","","healr001","","K","T",1,0,0,2,0,"F"
0,2,1,2,"FBCS","","healr001","","K","T",1,0,0,2,0,"F"
1,0,1,2,"BCFS","","","","K","T",1,0,0,0,0,"F"
1,1,2,1,"CBBX","","","","13/G","T",1,0,0,0,0,"F"
1,2,0,2,"CFX","","","","63/G","T",1,0,0,0,0,"F"
0,0,2,2,"BFBCFX","","","","S7/L","T",0,1,0,0,0,"F"
0,0,2,1,"CB1BX","hereg002","","","3(B)6(1)/GDP","T",2,0,0,0,0,"F"
0,2,0,2,"CFX","","","","13/G","T",1,0,0,0,0,"F"
1,0,1,0,"BX","","","","8/F+","T",1,0,0,0,0,"F"
1,1,1,2,"CSFBX","","","","S8/L","T",0,1,0,0,0,"F"
1,1,0,2,"CF1X","deshd002","","","64(1)3/GDP","T",2,0,0,0,0,"F"
0,0,1,0,"BX","","","","S8/L","T",0,1,0,0,0,"F"
0,0,1,0,"BX","canor001","","","S8/L+.1-2","T",0,1,2,0,0,"F"
0,0,3,1,"B*BFBX","cruzn002","canor001","","7/F","T",1,0,1,2,0,"F"
0,1,2,2,"C*BBCS","cruzn002","canor001","","K","T",1,0,1,2,0,"F"
0,2,0,0,"X","cruzn002","canor001","","8/F","T",1,0,1,2,0,"F"
1,0,1,1,"CBX","","","","9/F","T",1,0,0,0,0,"F"
1,1,2,1,"FBBX","","","","9/F","T",1,0,0,0,0,"F"
1,2,1,2,"FBFFX","","","","53/G","T",1,0,0,0,0,"F"
0,0,1,2,"BLCFFFX","","","","8/L","T",1,0,0,0,0,"F"
0,1,2,2,"CBBFX","","","","7/F","T",1,0,0,0,0,"F"
0,2,1,2,"BFFX","","","","D7/G+","T",0,2,0,0,0,"F"
0,2,3,1,"B*BBCB","","hanim001","","W","T",0,1,0,2,0,"F"
0,2,2,1,"BF*BX","seguj002","hanim001","","HR/8/F.2-H;1-H","T",0,4,4,4,0,"F"
0,2,3,2,"BBSSBB","","","","W","T",0,1,0,0,0,"F"
0,2,0,2,".CSX","cruzn002","","","7/F","T",1,0,1,0,0,"F"
1,0,0,1,"CX","","","","5/P5F","T",1,0,0,0,0,"F"
1,1,0,2,"CCX","","","","3/L","T",1,0,0,0,0,"F"
1,2,2,1,"FBBX","","","","9/F","T",1,0,0,0,0,"F"
0,0,1,0,"BX","","","","63/G","T",1,0,0,0,0,"F"
0,1,0,1,"FX","","","","HR/8/F","T",0,4,0,0,0,"F"
0,1,1,1,"BCX","","","","43/G","T",1,0,0,0,0,"F"
0,2,2,1,"BBSX","","","","13/G-","T",1,0,0,0,0,"F"
1,0,2,2,"CCBBX","","","","53/G","T",1,0,0,0,0,"F"
1,1,3,2,"BCSBBFFFFS","","","","K","T",1,0,0,0,0,"F"
1,2,3,2,"CSBBBC","","","","K","T",1,0,0,0,0,"F"
0,0,1,2,".CCBX","","","","D7/L","T",0,2,0,0,0,"F"
0,0,1,2,"CFFF*BX","","hanim001","","63/G","T",1,0,0,2,0,"F"
0,1,2,2,"BFF*BX","","hanim001","","D7/L.2-H","T",0,2,0,4,0,"F"
0,1,3,2,"CF*BBFBC","","canor001","","K","T",1,0,0,2,0,"F"
0,2,1,1,"C*BX","","canor001","","4/L+","T",1,0,0,2,0,"F"
1,0,0,2,".CSC","","","","K","T",1,0,0,0,0,"F"
1,1,3,0,"BBBB","","","","W","T",0,1,0,0,0,"F"
1,1,0,1,"1CX","mazan001","","","S7/L.1-2","T",0,1,2,0,0,"F"
1,1,2,0,"BBX","belta001","mazan001","","S9/L.2-3;1-2","T",0,1,2,3,0,"F"
1,1,1,2,"F*BFX","odorr001","belta001","mazan001","64(1)3/GDP","T",2,0,0,2,3,"F"
0,0,1,0,".BX","","","","T9/L+","T",0,3,0,0,0,"F"
0,0,0,0,"X","","","seagk001","8/F","T",1,0,0,0,3,"F"
0,1,0,0,"X","","","seagk001","HR/89/F.3-H","T",0,4,0,0,4,"F"
0,1,0,1,"CX","","","","S9/L","T",0,1,0,0,0,"F"
0,1,0,1,"CX","hereg002","","","S7/G.1-2","T",0,1,2,0,0,"F"
0,1,1,2,"FF*BX","hanim001","hereg002","","8/L","T",1,0,1,2,0,"F"
0,2,3,1,".BCB*BB","hanim001","hereg002","","W.2-3;1-2","T",0,1,2,3,0,"F"
0,2,3,2,".BCC*BB>F>X","beckg001","hanim001","hereg002","S8/G.3-H;2-H;1-3","T",0,1,3,4,4,"F"
0,2,1,1,"BCS","cruzn002","","beckg001","PB.3-H(UR)(NR);1-2","F",0,0,2,0,5,"F"
0,2,1,2,"BCS.S","","cruzn002","","K","T",1,0,0,2,0,"F"
1,0,3,1,".....BFBBX","","","","8/F","T",1,0,0,0,0,"F"
1,1,3,2,"CBCBBT","","","","K","T",1,0,0,0,0,"F"
1,2,2,2,"CBSBFX","","","","43/G","T",1,0,0,0,0,"F"
0,0,0,2,"...SFS","","","","K","T",1,0,0,0,0,"F"
0,1,3,1,"BBSB*B","","","","W","T",0,1,0,0,0,"F"
0,1,3,0,".BBBB","zunim001","","","W.1-2","T",0,1,2,0,0,"F"
0,1,3,1,"BBBCX","maybc001","zunim001","","D7/L+.2-H;1-3","T",0,2,3,4,0,"F"
0,1,1,2,"BSCX","","hereg002","maybc001","7/L/SF.3-H","T",1,0,0,2,4,"F"
0,2,1,1,".FBX","","hereg002","","S8/L.2-H","T",0,1,0,4,0,"F"
0,2,2,0,"BBX","negrk001","","","6/P","T",1,0,1,0,0,"F"
1,0,0,0,"...X","","","","9/L+","T",1,0,0,0,0,"F"
1,1,0,1,"CX","","","","6/P","T",1,0,0,0,0,"F"
1,2,0,1,"CX","","","","53/G","T",1,0,0,0,0,"F"
0,0,1,1,"CBX","","","","9/F","T",1,0,0,0,0,"T"
0,1,0,2,"CFX","","","","63/G","T",1,0,0,0,0,"F"
0,2,2,0,"BBX","","","","8/L","T",1,0,0,0,0,"F"
1,0,2,2,"CBCBX","","","","43/G","T",1,0,0,0,0,"F"
1,1,0,2,"SSX","","","","S9/G","T",0,1,0,0,0,"F"
1,1,2,2,"BCFBX","profj001","","","S9/G.1X2(96)","T",1,1,0,0,0,"F"
1,2,3,2,"CF*BB*B>F>F>S","andre001","","","K","T",1,0,1,0,0,"F"
0,0,2,1,"BCBX","","","","13/G","T",1,0,0,0,0,"F"
0,1,1,2,"CSBFX","","","","63/G","T",1,0,0,0,0,"F"
0,2,0,1,"SX","","","","53/G","T",1,0,0,0,0,"F"
1,0,1,2,"FBSS","","","","K","T",1,0,0,0,0,"F"
1,1,0,1,"CX","","","","3/P3F","T",1,0,0,0,0,"F"
1,2,1,0,"BX","","","","4/P","T",1,0,0,0,0,"F"
0,0,1,2,"CBTX","","","","S6/G","T",0,1,0,0,0,"F"
0,0,0,1,"SX","negrk001","","","D9/L.1-H;B-3(TH)","T",0,3,4,0,0,"F"
0,0,1,2,"FFBX","","","hereg002","63/G","T",1,0,0,0,3,"F"
0,1,1,1,"BSX","","","hereg002","6/P","T",1,0,0,0,3,"F"
0,2,1,1,"BFX","","","hereg002","43/G","T",1,0,0,0,3,"F"
1,0,1,1,"BSX","","","","S8/L+","T",0,1,0,0,0,"F"
1,0,1,2,"CFBX","rua-r001","","","S7/L.1-2","T",0,1,2,0,0,"F"
1,0,1,2,"CBSS","toccc001","rua-r001","","K","T",1,0,1,2,0,"F"
1,1,0,0,"X","toccc001","rua-r001","","4/P","T",1,0,1,2,0,"F"
1,2,1,0,"BH","toccc001","rua-r001","","HP.2-3;1-2","T",0,1,2,3,0,"F"
1,2,1,2,"BSSC","andre001","toccc001","rua-r001","K","T",1,0,1,2,3,"F"
0,0,2,2,"BBCFFX","","","","43/G","T",1,0,0,0,0,"F"
0,1,0,2,"CFS","","","","K","T",1,0,0,0,0,"F"
0,2,0,2,"CFFX","","","","4/L","T",1,0,0,0,0,"F"
1,0,1,0,"BX","","","","3/G","T",1,0,0,0,0,"F"
1,1,0,1,"CX","","","","5/L","T",1,0,0,0,0,"F"
1,2,2,2,"CBBSX","","","","S7/G","T",0,1,0,0,0,"F"
1,2,3,2,"FBFBB>S","guzmr001","","","K","T",1,0,1,0,0,"F"
0,0,0,1,".CX","","","","4/P","T",1,0,0,0,0,"F"
0,1,2,2,"BCBSS","","","","K","T",1,0,0,0,0,"F"
0,2,3,0,"BBBB","","","","W","T",0,1,0,0,0,"F"
0,2,0,0,"1>B","hereg002","","","SB2","F",0,0,2,0,0,"F"
0,2,2,2,"1>B.BCFX","","hereg002","","8/F","T",1,0,0,2,0,"F"
1,0,1,1,"CBX","","","","S7/L","T",0,1,0,0,0,"F"
1,0,0,0,"X","toccc001","","","6(1)3/GDP","T",2,0,0,0,0,"F"
1,2,1,1,"BCX","","","","9/L","T",1,0,0,0,0,"F"
0,0,0,1,"..CX","","","","63/G","T",1,0,0,0,0,"F"
0,1,1,1,"CBX","","","","S9/L+","T",0,1,0,0,0,"F"
0,1,2,2,"CFBBFFS","canor001","","","K","T",1,0,1,0,0,"F"
0,2,0,2,"CFX","canor001","","","4/P","T",1,0,1,0,0,"F"
1,0,0,1,"FX","","","","D7/L","T",0,2,0,0,0,"F"
1,0,3,2,"BFFBBB","","andre001","","W","T",0,1,0,2,0,"F"
1,0,1,2,"SSBX","odorr001","andre001","","D8/L+.2-H;1-H","T",0,2,4,4,0,"F"
1,0,0,2,".FSX","","mazan001","","S8/G.2-H","T",0,1,0,4,0,"F"
1,0,2,2,"BCFBX","chirr001","","","S7/G.1-2","T",0,1,2,0,0,"F"
1,0,2,1,"BFBX","guzmr001","chirr001","","S8/L.2-3;1-2","T",0,1,2,3,0,"F"
1,0,1,2,".FFFBFX","rua-r001","guzmr001","chirr001","9/F/SF.3-H","T",1,0,1,2,4,"F"
1,1,0,2,"FFX","rua-r001","guzmr001","","46(1)/FO/G.2-3","T",1,1,0,3,0,"F"
1,2,1,2,".SFBS","choos001","","guzmr001","K","T",1,0,1,0,3,"F"
0,0,1,2,"FFBX","","","","S6/P","T",0,1,0,0,0,"F"
0,0,0,2,".FS1X","seagk001","","","23/G-.1-2","T",1,0,2,0,0,"F"
0,1,3,2,"SFFB*BFF*BX","","seagk001","","63/G.2-3","T",1,0,0,3,0,"F"
0,2,3,1,"*BBBCB","","","seagk001","W","T",0,1,0,0,3,"F"
0,2,0,0,"X","hereg002","","seagk001","8/L+","T",1,0,1,0,3,"F"
1,0,1,1,"CBX","","","","63/G","T",1,0,0,0,0,"F"
1,1,1,2,"CFFFBC","","","","K","T",1,0,0,0,0,"F"
1,2,0,0,"X","","","","63/G","T",1,0,0,0,0,"F"
0,0,1,1,".BSX","","","","S8/L","T",0,1,0,0,0,"F"
0,0,0,1,"CX","seguj002","","","S9/G.1-2","T",0,1,2,0,0,"F"
0,0,2,1,"BFBX","canor001","seguj002","","8/F+.2-3","T",1,0,1,3,0,"F"
0,1,1,2,"C*BFC","canor001","","seguj002","K","T",1,0,1,0,3,"F"
0,2,3,1,"BBBCX","canor001","","seguj002","43/G","T",1,0,1,0,3,"F"
1,0,0,1,".FH","","","","HP","T",0,1,0,0,0,"F"
1,0,0,2,"CFFFFS","chirr001","","","K+WP.1-2","T",1,0,2,0,0,"F"
1,1,1,2,"CCBC","","chirr001","","K","T",1,0,0,2,0,"F"
1,2,0,0,".B","","chirr001","","WP.2-3","F",0,0,0,3,0,"F"
1,2,2,1,".B.BCX","","","chirr001","HR/8/F.3-H","T",0,4,0,0,4,"F"
1,2,1,1,"SBX","","","","31/G","T",1,0,0,0,0,"F"
0,0,2,1,"...BBCX","","","","9/F","T",1,0,0,0,0,"F"
0,1,0,2,"CSX","","","","63/G","T",1,0,0,0,0,"F"
0,2,3,2,".BBCBSX","","","","9/L","T",1,0,0,0,0,"F"
