0,0,1,2,"CBCFX","","","","53/G5+","T",1,0,0,0,0,"T"
0,1,0,2,"CFFFT","","","","K","T",1,0,0,0,0,"F"
0,2,1,2,"BSFC","","","","K","T",1,0,0,0,0,"F"
1,0,1,1,"BSX","","","","7/L78D","T",1,0,0,0,0,"F"
1,1,2,1,"BBSX","","","","8/F8S","T",1,0,0,0,0,"F"
1,2,3,1,"BBBCB","","","","W","T",0,1,0,0,0,"F"
1,2,3,2,"FSBB*B>B","freef001","","","W.1-2","T",0,1,2,0,0,"F"
1,2,2,1,"BF*B+2","ozunm001","freef001","","PO2(24)","F",1,0,1,0,0,"F"
0,0,0,2,"CSS","","","","K","T",1,0,0,0,0,"F"
0,1,1,2,"BFTX","","","","9/L9","T",1,0,0,0,0,"F"
0,2,0,0,"X","","","","6/P6MD","T",1,0,0,0,0,"F"
1,0,3,2,"BCFBBB","","","","W","T",0,1,0,0,0,"F"
1,0,2,2,"*B*BFSC","darnt001","","","K","T",1,0,1,0,0,"F"
1,1,1,0,"BX","darnt001","","","3/P2F/FL","T",1,0,1,0,0,"F"
1,2,0,2,"CSC","darnt001","","","K","T",1,0,1,0,0,"F"
0,0,3,2,"BFBCBX","","","","S6/G6M+","T",0,1,0,0,0,"F"
0,0,0,2,"CCT","seguj002","","","K","T",1,0,1,0,0,"F"
0,1,1,2,"1BCMX","seguj002","","","13/G1S-.1-2","T",1,0,2,0,0,"F"
0,2,0,0,"X","","seguj002","","S9/L9LS.2-H","T",0,1,0,4,0,"F"
0,2,1,2,"CTBC","mccua001","","","K","T",1,0,1,0,0,"F"
1,0,3,2,"CBBFBC","","","","K","T",1,0,0,0,0,"F"
1,1,3,2,"BCBFFBX","","","","D7/L5D+","T",0,2,0,0,0,"F"
1,1,0,0,"X","","acunr001","","31/G3.2-3","T",1,0,0,3,0,"F"
1,2,2,2,"BFBSFX","","","acunr001","43/G4","T",1,0,0,0,3,"F"
0,0,3,2,"BBBFSX","","","","7/L7D+","T",1,0,0,0,0,"F"
0,1,2,1,"BBCX","","","","S9/G4+","T",0,1,0,0,0,"F"
0,1,1,2,"CBF>FS","realj001","","","K","T",1,0,1,0,0,"F"
0,2,0,0,"X","realj001","","","6/P6D","T",1,0,1,0,0,"F"
1,0,0,0,"X","","","","S7/L78D+","T",0,1,0,0,0,"F"
1,0,0,2,"CFX","ozunm001","","","6(1)3/GDP/G6","T",2,0,0,0,0,"F"
1,2,3,1,"BSBB*B","","","","W","T",0,1,0,0,0,"F"
1,2,1,1,"111BFX","swand001","","","S7/G56.1-2","T",0,1,2,0,0,"F"
1,2,0,0,"X","rilea001","swand001","","43/G4M","T",1,0,1,2,0,"F"
0,0,0,0,"X","","","","8/F89XD+","T",1,0,0,0,0,"F"
0,1,2,2,"CBFBX","","","","7/L7","T",1,0,0,0,0,"F"
0,2,0,2,"CSC","","","","K","T",1,0,0,0,0,"F"
1,0,1,1,"BCX","","","","S9/G3S","T",0,1,0,0,0,"F"
1,0,1,1,"CBX","mortc002","","","HR/F8XD.1-H","T",0,4,4,0,0,"F"
1,0,1,0,"BX","","","","D9/G3+","T",0,2,0,0,0,"F"
1,0,2,2,"CBSBFX","","albio001","","13/G4MS","T",1,0,0,2,0,"F"
1,1,1,2,"CBFFC","","albio001","","K","T",1,0,0,2,0,"F"
1,2,0,2,"FSX","","albio001","","S7/L78+.2-H","T",0,1,0,4,0,"F"
1,2,3,2,"BB.C*BC>T","darnt001","","","K","T",1,0,1,0,0,"F"
0,0,2,0,"BBX","","","","53/G56","T",1,0,0,0,0,"F"
0,1,0,0,"X","","","","43/G4D","T",1,0,0,0,0,"F"
0,2,3,2,"BTBSFBB","","","","W","T",0,1,0,0,0,"F"
0,2,3,2,"BBBCF>X","harpb003","","","S7/L78.1-3","T",0,1,3,0,0,"F"
0,2,0,0,"X","realj001","","harpb003","9/L9D+","T",1,0,1,0,3,"F"
1,0,2,0,"BBX","","","","E5/TH/G56+.B-1","T",0,1,0,0,0,"F"
1,0,1,0,"BX","rilea001","","","S5/G56+.1-2","T",0,1,2,0,0,"F"
1,0,1,2,".CBCFX","pachc001","rilea001","","HR/F9D.2-H(UR);1-H","T",0,4,4,5,0,"F"
1,0,2,2,"BBFCX","","","","D7/G5+","T",0,2,0,0,0,"F"
1,0,1,0,"BX","","acunr001","","3/P34","T",1,0,0,2,0,"F"
1,1,2,1,"C*BBX","","acunr001","","3/L3D","T",1,0,0,2,0,"F"
1,2,1,2,"CBSS","","acunr001","","K","T",1,0,0,2,0,"F"
0,0,2,1,".FBBX","","","","8/F78","T",1,0,0,0,0,"F"
0,1,3,2,"BBBCFX","","","","63/G6D+","T",1,0,0,0,0,"F"
0,2,2,2,"BCBSX","","","","7/F7D","T",1,0,0,0,0,"F"
1,0,1,1,"..BSX","","","","9/L9D+","T",1,0,0,0,0,"F"
1,1,0,1,"CX","","","","4/P4D","T",1,0,0,0,0,"F"
1,2,3,2,"BCFBBFF*B","","","","W","T",0,1,0,0,0,"F"
1,2,1,2,"BSFS","rilea001","","","K","T",1,0,1,0,0,"F"
0,0,2,2,".CTBBX","","","","S8/L78D","T",0,1,0,0,0,"F"
0,0,2,1,"SB*BX","quinr003","","","8/F8D","T",1,0,1,0,0,"F"
0,1,2,2,"SB*BFC","quinr003","","","K","T",1,0,1,0,0,"F"
0,2,3,0,"BBBB","quinr003","","","W.1-2","T",0,1,2,0,0,"F"
0,2,1,2,"F*SBS","harpb003","quinr003","","K","T",1,0,1,2,0,"F"
1,0,2,2,".BFBCX","","","","13/G4MS+","T",1,0,0,0,0,"F"
1,1,1,0,"BX","","","","S5/G5+","T",0,1,0,0,0,"F"
1,1,3,2,"CBBBFX","acunr001","","","46(1)/FO/G4.B-1","T",1,1,0,0,0,"F"
1,2,2,1,"BBSX","albio001","","","HR/F89XD.1-H","T",0,4,4,0,0,"F"
1,2,1,2,"SBFX","","","","8/F8","T",1,0,0,0,0,"F"
0,0,1,2,"..SBFS","","","","K","T",1,0,0,0,0,"F"
0,1,1,0,"BX","","","","S9/G34+","T",0,1,0,0,0,"F"
0,1,0,0,"X","gregd001","","","64(1)3/GDP/G6M","T",2,0,0,0,0,"F"
0,0,3,2,"TBFBFBB","","","","W","T",0,1,0,0,0,"T"
0,0,0,1,"CX","mccua001","","","8/F8XD","T",1,0,1,0,0,"F"
0,1,1,1,"F*BX","mccua001","","","S9/L89.1-2","T",0,1,2,0,0,"F"
0,1,2,2,"BCBTFFX","harpb003","mccua001","","S9/L9.2-3;1-2","T",0,1,2,3,0,"F"
0,1,2,2,"F*BF*BX","bohma001","harpb003","mccua001","S9/L89S.3-H;2-H;1-2","T",0,1,2,4,4,"F"
0,1,0,2,"CCC","gregd001","bohma001","","K","T",1,0,1,2,0,"F"
0,2,0,2,"FFS","gregd001","bohma001","","K","T",1,0,1,2,0,"F"
1,0,2,2,"FBFBFX","","","","D9/G3","T",0,2,0,0,0,"F"
1,0,1,2,"CFBFX","","acunr001","","D9/L9LD.2-H","T",0,2,0,4,0,"F"
1,0,1,1,"FBX","","albio001","","HR/F89XD.2-H","T",0,4,0,4,0,"F"
1,0,0,0,"X","","","","63/G6+","T",1,0,0,0,0,"F"
1,1,0,0,"X","","","","S8/L8+","T",0,1,0,0,0,"F"
1,1,1,2,"FCBC","darnt001","","","K","T",1,0,1,0,0,"F"
1,2,0,1,"FX","darnt001","","","13/G13-","T",1,0,1,0,0,"F"
0,0,2,0,"BBX","","","","53/G6S","T",1,0,0,0,0,"F"
0,1,1,2,"CBCS","","","","K","T",1,0,0,0,0,"F"
0,2,1,0,"BX","","","","53/G5","T",1,0,0,0,0,"F"
1,0,1,1,"FBX","","","","53/G56","T",1,0,0,0,0,"F"
1,1,1,1,"CBX","","","","31/G34","T",1,0,0,0,0,"F"
1,2,0,0,"X","","","","3/P3F/FL","T",1,0,0,0,0,"F"
0,0,3,2,"BSFBBFC","","","","K","T",1,0,0,0,0,"F"
0,1,2,2,"FFBBX","","","","13/G6MS+","T",1,0,0,0,0,"F"
0,2,1,2,"BSCX","","","","3/L34","T",1,0,0,0,0,"F"
1,0,0,0,"X","","","","8/F8XD","T",1,0,0,0,0,"F"
1,1,2,2,"BBSCX","","","","63/G4M","T",1,0,0,0,0,"F"
1,2,2,1,"BBSX","","","","3/P3DF/FL","T",1,0,0,0,0,"F"
0,0,3,2,"BBCFFBS","","","","K","T",1,0,0,0,0,"F"
0,1,1,0,"BX","","","","4/L4MD","T",1,0,0,0,0,"F"
0,2,2,2,"SFFBBS","","","","K","T",1,0,0,0,0,"F"
1,0,2,2,"BSBFFX","","","","S7/L7","T",0,1,0,0,0,"F"
1,0,0,1,"FX","darnt001","","","64(1)3/GDP/G6D","T",2,0,0,0,0,"F"
1,2,3,1,"BBSBX","","","","53/G5+","T",1,0,0,0,0,"F"
0,0,3,2,"CBFBBX","","","","6/L6D","T",1,0,0,0,0,"F"
0,1,0,1,"CX","","","","63/G6","T",1,0,0,0,0,"F"
0,2,1,0,"BX","","","","HR/F7D","T",0,4,0,0,0,"F"
0,2,1,1,"FBX","","","","63/G6S","T",1,0,0,0,0,"F"
1,0,0,1,"SX","","","","E6/G6.B-1","T",0,1,0,0,0,"F"
1,0,0,0,"1X","pachc001","","","34/SH/BG2.1-2","T",1,0,2,0,0,"F"
1,1,0,0,"X","","pachc001","","8/F8D.2-3","T",1,0,0,3,0,"F"
1,2,2,2,"BSFBFFX","","","pachc001","8/F8XD","T",1,0,0,0,3,"F"
0,0,2,1,"SBBX","","","","HR/L9D","T",0,4,0,0,0,"F"
0,0,1,0,"BX","","","","53/G56+","T",1,0,0,0,0,"F"
0,1,0,2,".FFFS","","","","K","T",1,0,0,0,0,"F"
0,2,0,0,"X","","","","S9/L9L","T",0,1,0,0,0,"F"
0,2,0,0,"B","seguj002","","","WP.1-2","F",0,0,2,0,0,"F"
0,2,3,1,"B.CBBB","","seguj002","","W","T",0,1,0,2,0,"F"
0,2,2,2,".CCF*BBC","knapa001","seguj002","","K","T",1,0,1,2,0,"F"
1,0,2,2,".BSBFC","","","","K","T",1,0,0,0,0,"F"
1,1,1,1,"BSX","","","","S7/L7+","T",0,1,0,0,0,"F"
1,1,0,0,"X","ozunm001","","","43/G4S.1-2","T",1,0,2,0,0,"F"
1,2,0,0,"B","","ozunm001","","WP.2-3","F",0,0,0,3,0,"F"
1,2,2,0,"B.BX","","","ozunm001","D7/L7LS.3-H","T",0,2,0,0,4,"F"
1,2,3,0,"VVVV","","swand001","","IW","T",0,1,0,2,0,"F"
1,2,0,1,"FX","rilea001","swand001","","4/P4D","T",1,0,1,2,0,"F"
0,0,3,2,".CBTBBS","","","","K","T",1,0,0,0,0,"F"
0,1,3,2,"BBBFFS","","","","K","T",1,0,0,0,0,"F"
0,2,2,1,"BBFX","","","","8/F8+","T",1,0,0,0,0,"F"
1,0,2,2,"....BBCCX","","","","D7/L5D","T",0,2,0,0,0,"F"
1,0,1,1,"CBX","","adrie001","","S7/G56+.2-3","T",0,1,0,3,0,"F"
1,0,2,2,"1S11BBF1X","acunr001","","adrie001","5/P5DF/FL","T",1,0,1,0,3,"F"
1,1,0,1,".SX","acunr001","","adrie001","FC1/G1.3-H;1-2;B-1","T",0,1,2,0,4,"F"
1,1,3,2,"BBCBTS","freef001","acunr001","","K","T",1,0,1,2,0,"F"
1,2,2,2,"CCBBC","freef001","acunr001","","K","T",1,0,1,2,0,"F"
0,0,1,0,".BX","","","","3/G3D","T",1,0,0,0,0,"F"
0,1,2,2,"BBFSFFC","","","","K","T",1,0,0,0,0,"F"
0,2,1,2,"FBFFFX","","","","8/L78D","T",1,0,0,0,0,"F"
1,0,2,2,".BBFSS","","","","K","T",1,0,0,0,0,"F"
1,1,0,2,"SCS","","","","K","T",1,0,0,0,0,"F"
1,2,0,1,"SX","","","","6/P56D","T",1,0,0,0,0,"F"
0,0,0,0,"..X","","","","53/G5S","T",1,0,0,0,0,"F"
0,1,0,2,"FS*S","","","","K","T",1,0,0,0,0,"F"
0,2,3,2,"BBCCBX","","","","8/L89D","T",1,0,0,0,0,"F"
0,0,1,1,"SBX","","","","6/P6MS","T",1,0,0,0,0,"T"
0,1,0,0,"X","","","","9/F89","T",1,0,0,0,0,"F"
0,2,0,2,"FCFS","","","","K","T",1,0,0,0,0,"F"
1,0,0,0,"X","","","","S6/G6+","T",0,1,0,0,0,"F"
1,0,0,0,"X","acunr001","","","HR/F89XD.1-H","T",0,4,4,0,0,"F"
1,0,2,2,"CBCBX","","","","8/F8XD+","T",1,0,0,0,0,"F"
1,1,0,2,"FFS","","","","K","T",1,0,0,0,0,"F"
1,2,0,1,"SX","","","","D9/L9LD","T",0,2,0,0,0,"F"
1,2,1,2,"*BFFFX","","darnt001","","S8/L8D.2-H","T",0,1,0,4,0,"F"
1,2,0,2,"C1SX","swand001","","","S14/G13.1-2","T",0,1,2,0,0,"F"
1,2,2,2,"FBFBS","rilea001","swand001","","K","T",1,0,1,2,0,"F"
0,0,2,1,"CBBX","","","","D57/G5+","T",0,2,0,0,0,"F"
0,0,1,2,"BSC>B","","realj001","","SB3","F",0,0,0,3,0,"F"
0,0,2,2,"BSC>B.FX","","","realj001","9/F9S","T",1,0,0,0,3,"F"
0,1,1,1,"B*SX","","","realj001","8/SF/F8XD+.3-H","T",1,0,0,0,4,"F"
0,2,3,2,"FBBFFBX","","","","5/P5DF/FL","T",1,0,0,0,0,"F"
1,0,1,2,"CBSC","","","","K","T",1,0,0,0,0,"F"
1,1,1,0,"BX","","","","S7/L78D","T",0,1,0,0,0,"F"
1,1,0,1,"1CX","acunr001","","","9/F9","T",1,0,1,0,0,"F"
1,2,0,0,"1X","acunr001","","","43/G34","T",1,0,1,0,0,"F"
0,0,2,2,"CSBFBX","","","","13/G4MS","T",1,0,0,0,0,"F"
0,1,0,2,"CCF*S","","","","K","T",1,0,0,0,0,"F"
0,2,3,1,"BBFBX","","","","53/G56+","T",1,0,0,0,0,"F"
1,0,0,0,"X","","","","9/F9D","T",1,0,0,0,0,"F"
1,1,2,2,"BCFBX","","","","53/G56D","T",1,0,0,0,0,"F"
1,2,1,0,"BX","","","","DGR/F7LD+","T",0,2,0,0,0,"F"
1,2,3,0,"BBBX","","swand001","","43/G4M","T",1,0,0,2,0,"F"
0,0,3,2,"BCSBFFFBX","","","","HR/F78XD","T",0,4,0,0,0,"F"
0,0,2,2,"TBSBF*S","","","","K","T",1,0,0,0,0,"F"
0,1,1,2,"FSBFX","","","","43/G4","T",1,0,0,0,0,"F"
0,2,2,2,"BBFFFX","","","","S7/L7S+","T",0,1,0,0,0,"F"
0,2,1,0,"*BX","bohma001","","","S9/G34.1-2","T",0,1,2,0,0,"F"
0,2,1,2,"FTBX","seguj002","bohma001","","HR/L9LD.2-H;1-H","T",0,4,4,4,0,"F"
0,2,1,2,"SCBX","","","","7/F7D","T",1,0,0,0,0,"F"
1,0,3,2,"FBTFBBFX","","","","D9/L9LD","T",0,2,0,0,0,"F"
1,0,1,1,"LBX","","pachc001","","24/SH/BG2.2-3","T",1,0,0,3,0,"F"
1,1,1,1,"CBX","","","pachc001","9/SF/F9D.3-H","T",1,0,0,0,4,"F"
1,2,1,2,"BSCS","","","","K","T",1,0,0,0,0,"F"
0,0,2,1,"BFBX","","","","7/L7D","T",1,0,0,0,0,"F"
0,1,2,0,"BBX","","","","4/P4MD","T",1,0,0,0,0,"F"
0,2,3,1,"BBBCX","","","","8/F8","T",1,0,0,0,0,"F"
1,0,1,2,"SBFX","","","","HR/F8XD","T",0,4,0,0,0,"F"
1,0,0,1,"CX","","","","9/F89D","T",1,0,0,0,0,"F"
1,1,0,0,"X","","","","53/G5","T",1,0,0,0,0,"F"
1,2,2,2,"FFFFFBFBS","","","","K","T",1,0,0,0,0,"F"
0,0,1,1,".FBX","","","","HR/L7D","T",0,4,0,0,0,"F"
0,0,2,2,"CBBST","","","","K","T",1,0,0,0,0,"F"
0,1,0,1,"FX","","","","53/G5","T",1,0,0,0,0,"F"
0,2,0,2,"SS*S","","","","K","T",1,0,0,0,0,"F"
1,0,1,2,".CTBS","","","","K","T",1,0,0,0,0,"F"
1,1,2,2,"LBSBX","","","","53/G5","T",1,0,0,0,0,"F"
1,2,0,0,".X","","","","8/L8XD+","T",1,0,0,0,0,"F"
0,0,1,1,".CBX","","","","9/F9L","T",1,0,0,0,0,"F"
0,1,3,2,"SBBCBX","","","","31/G3+","T",1,0,0,0,0,"F"
0,2,3,2,".BFBBCX","","","","D9/G3","T",0,2,0,0,0,"F"
0,2,0,1,"SX","","joycm001","","43/G4","T",1,0,0,2,0,"F"
1,0,1,2,".CBFX","","","","HR/F8XD","T",0,4,0,0,0,"F"
1,0,1,2,"BFFS","","","","K","T",1,0,0,0,0,"F"
1,1,2,2,"BBCSFX","","","","8/F78","T",1,0,0,0,0,"F"
1,2,0,0,"X","","","","53/G5","T",1,0,0,0,0,"F"
0,0,2,2,".BCFBFS","","","","K","T",1,0,0,0,0,"F"
0,1,1,2,"FBFX","","","","3/G3","T",1,0,0,0,0,"F"
0,2,3,1,"BCBBX","","","","63/G6S+","T",1,0,0,0,0,"F"
1,0,3,2,".BBBCFB","","","","W","T",0,1,0,0,0,"F"
1,0,3,2,"SBBSF*BX","darnt001","","","8/F8XD","T",1,0,1,0,0,"F"
1,1,0,2,"CSX","darnt001","","","6/L6+","T",1,0,1,0,0,"F"
1,2,1,0,"BX","darnt001","","","9/F9L","T",1,0,1,0,0,"F"
0,0,3,1,".BCBBX","","","","D9/L89XD+","T",0,2,0,0,0,"F"
0,0,1,0,"BX","","bohma001","","43/G4S.2-3","T",1,0,0,3,0,"F"
0,1,1,2,"FFF*BX","","","bohma001","7/SF/F7LS.3-H","T",1,0,0,0,4,"F"
0,2,1,0,"BX","","","","5/L5","T",1,0,0,0,0,"F"
1,0,2,2,"..BSBSFX","","","","9/F89D","T",1,0,0,0,0,"F"
1,1,1,0,"BX","","","","53/G56S","T",1,0,0,0,0,"F"
1,2,1,0,"BX","","","","6/L4MD+","T",1,0,0,0,0,"F"
0,0,0,1,"CX","","","","D9/G3+","T",0,2,0,0,0,"T"
0,0,2,2,"BFLF*BX","","dickc002","","63/G6M.2-3","T",1,0,0,3,0,"F"
0,1,1,2,"CSFB*S","","","dickc002","K","T",1,0,0,0,3,"F"
0,2,1,1,"CBX","","","dickc002","4/P34D","T",1,0,0,0,3,"F"
1,0,3,0,"BBBB","","","","W","T",0,1,0,0,0,"F"
1,0,0,0,">B","acunr001","","","SB2","F",0,0,2,0,0,"F"
1,0,3,2,">B.BBCFFFFX","","acunr001","","63/G4D-","T",1,0,0,2,0,"F"
1,1,2,2,"F*BCBS","","acunr001","","K","T",1,0,0,2,0,"F"
1,2,1,0,"BX","","acunr001","","S7/L7+.2-H","T",0,1,0,4,0,"F"
1,2,2,2,"BSBFX","ozunm001","","","43/G6+","T",1,0,1,0,0,"F"
0,0,1,1,"CBX","","","","HR/F9LD","T",0,4,0,0,0,"F"
0,0,1,2,"CBCX","","","","8/F78XD","T",1,0,0,0,0,"F"
0,1,1,1,"BCX","","","","53/G5","T",1,0,0,0,0,"F"
0,2,3,2,"BTBBST","","","","K","T",1,0,0,0,0,"F"
1,0,1,2,"BFSS","","","","K","T",1,0,0,0,0,"F"
1,1,0,1,"CH","","","","HP","T",0,1,0,0,0,"F"
1,1,1,0,"BX","jacka002","","","7/F78","T",1,0,1,0,0,"F"
1,2,0,2,"SSX","jacka002","","","13/G15","T",1,0,1,0,0,"F"
0,0,3,2,"BBCSBS","","","","K","T",1,0,0,0,0,"F"
0,1,1,1,"SBX","","","","43/G34","T",1,0,0,0,0,"F"
0,2,1,2,"CBFS","","","","K","T",1,0,0,0,0,"F"
1,0,0,0,"X","","","","T9/L9LD","T",0,3,0,0,0,"F"
1,0,1,0,"*BX","","","acunr001","4/SF/P6MD.3-H","T",1,0,0,0,4,"F"
1,1,1,0,"BX","","","","43/G34D+","T",1,0,0,0,0,"F"
1,2,2,1,"BBFX","","","","7/F7","T",1,0,0,0,0,"F"
0,0,0,2,"CFS","","","","K","T",1,0,0,0,0,"F"
0,1,2,2,"BBCFFS","","","","K","T",1,0,0,0,0,"F"
0,2,3,1,"BBFBB","","","","W","T",0,1,0,0,0,"F"
0,2,1,2,"BSF>*S","duvaa001","","","K.BX1(23)","T",1,0,1,0,0,"F"
1,0,0,0,"X","","","","D7/L7LS+","T",0,2,0,0,0,"F"
1,0,1,2,"FSBX","","swand001","","9/F9L.2-3","T",1,0,0,3,0,"F"
1,1,0,0,"X","","","swand001","FC/G56S+.3XH(52);B-1","T",1,1,0,0,0,"F"
1,2,2,1,"BFBX","jacka002","","","43/G4D","T",1,0,1,0,0,"F"
0,0,0,0,"X","","","","4/P4D","T",1,0,0,0,0,"F"
0,1,1,2,"BCCC","","","","K","T",1,0,0,0,0,"F"
0,2,1,2,"BCCC","","","","K","T",1,0,0,0,0,"F"
1,0,0,2,"CSS","","","","K","T",1,0,0,0,0,"F"
1,1,1,0,"BX","","","","9/F9LS","T",1,0,0,0,0,"F"
1,2,0,0,"X","","","","7/F7","T",1,0,0,0,0,"F"
0,0,2,2,"CBFB*S","","","","K","T",1,0,0,0,0,"F"
0,1,1,1,"CBX","","","","53/G56","T",1,0,0,0,0,"F"
0,2,0,0,"X","","","","S6/G56","T",0,1,0,0,0,"F"
0,2,0,0,"X","coopg002","","","64(1)/FO/G1S.B-1","T",1,1,0,0,0,"F"
1,0,2,2,"BBFFX","","","","3/G3+","T",1,0,0,0,0,"F"
1,1,3,1,"BBFB*B","","","","W","T",0,1,0,0,0,"F"
1,1,1,0,"BX","ozunm001","","","8/F8XD","T",1,0,1,0,0,"F"
1,2,0,2,"1SSC","ozunm001","","","K","T",1,0,1,0,0,"F"
0,0,1,2,".BCSFX","","","","43/G2+","T",1,0,0,0,0,"F"
0,1,3,2,"BCBSBX","","","","D9/L89XD+","T",0,2,0,0,0,"F"
0,1,1,1,"CBX","","chisj001","","53/G5","T",1,0,0,2,0,"F"
0,2,2,1,"BSBX","","chisj001","","7/F78XD","T",1,0,0,2,0,"F"
1,0,2,0,"BBX","","","","S8/G4M","T",0,1,0,0,0,"F"
1,0,0,0,"X","jacka002","","","53/SH/BG2.1-2","T",1,0,2,0,0,"F"
1,1,3,2,".F*BCFF2FBB+2F*B","","jacka002","","W","T",0,1,0,2,0,"F"
1,1,3,2,".*BB*BCCB","sandp001","jacka002","","W.2-3;1-2","T",0,1,2,3,0,"F"
1,1,0,0,"X","acunr001","sandp001","jacka002","9/SF/DP/F9D.3-H;2X2(96)","T",2,0,1,0,4,"F"
0,0,3,1,"..SBBBB","","","","W","T",0,1,0,0,0,"F"
0,0,2,1,"BB1S>B","bertj001","","","CS2(26)","F",1,0,0,0,0,"F"
0,1,3,1,"BB1S>B.B","","","","W","T",0,1,0,0,0,"F"
0,1,3,2,"S*B.BBCF1FB","dickc002","","","W.1-2","T",0,1,2,0,0,"F"
0,1,0,1,".TX","marts002","dickc002","","D7/L7LS+.2-H;1-H","T",0,2,4,4,0,"F"
0,1,0,0,"X","","coopg002","","7/F78XD","T",1,0,0,2,0,"F"
0,2,3,2,"BFBFBFB","","coopg002","","W","T",0,1,0,2,0,"F"
0,2,3,2,"S*BBC*B>B","duvaa001","coopg002","","W.2-3;1-2","T",0,1,2,3,0,"F"
0,2,3,2,"SBS*B*B>F>F>X","chisj001","duvaa001","coopg002","8/L8D","T",1,0,1,2,3,"F"
1,0,1,1,"..CBX","","","","8/L8D+","T",1,0,0,0,0,"F"
1,1,1,2,"FBFFFFS","","","","K","T",1,0,0,0,0,"F"
1,2,3,2,"FBBBCFFT","","","","K","T",1,0,0,0,0,"F"
0,0,2,2,".CBCFBS","","","","K","T",1,0,0,0,0,"F"
0,1,3,2,"CBCFBBFX","","","","7/L78D","T",1,0,0,0,0,"F"
0,2,3,2,"BBBCFX","","","","7/F1S","T",1,0,0,0,0,"F"
1,0,0,0,".H","","","","HP","T",0,1,0,0,0,"F"
1,0,0,0,"H","rilea001","","","HP.1-2","T",0,1,2,0,0,"F"
1,0,0,2,"LL.L","jacka002","pachc001","","K","T",1,0,1,2,0,"F"
1,1,2,0,".BBX","jacka002","pachc001","","5/P5F/FL","T",1,0,1,2,0,"F"
1,2,3,2,"..BSBSFB>*B","jacka002","pachc001","","W.2-3;1-2","T",0,1,2,3,0,"F"
1,2,2,2,"FSBBFFX","acunr001","jacka002","pachc001","31/G34S","T",1,0,1,2,3,"F"
0,0,0,0,"....X","","bertj001","","S4/P4D.2-3","T",0,1,0,3,0,"F"
0,0,2,0,"BBX","marts002","","bertj001","S8/L8.3-H(UR);1-2","T",0,1,2,0,5,"F"
0,0,0,1,"MX","coopg002","marts002","","D7/G2.2-H;1-3","T",0,2,3,4,0,"F"
0,0,3,2,"*BBF*BCFX","","andeb006","coopg002","53/G5","T",1,0,0,2,3,"F"
0,1,3,2,"FFBFFB*BX","","andeb006","coopg002","FC/G34.3XH(32);B-1","T",1,1,0,2,0,"F"
0,2,0,0,"X","sierm002","andeb006","","8/F8D","T",1,0,1,2,0,"F"
1,0,2,1,".CBBX","","albio001","","63/G6M.2-3","T",1,0,0,3,0,"F"
1,1,1,2,"BFCS","","","albio001","K","T",1,0,0,0,3,"F"
1,2,1,1,"CBX","","","albio001","63/G6S","T",1,0,0,0,3,"F"
0,0,1,1,"CBX","","","","S7/G56+","T",0,1,0,0,0,"T"
0,0,1,2,"SLBX","rojam002","","","13/G13-.1-2","T",1,0,2,0,0,"F"
0,1,3,1,"BC2*BBB","","rojam002","","W","T",0,1,0,2,0,"F"
0,1,1,2,"CSBX","aguij001","rojam002","","54(1)/FO/G56.2-3;B-1","T",1,1,0,3,0,"F"
0,2,0,2,"CFC","coopg002","","rojam002","K","T",1,0,1,0,3,"F"
1,0,2,1,"BCBX","","","","7/L7D+","T",1,0,0,0,0,"F"
1,1,0,0,"X","","","","D8/L78D+","T",0,2,0,0,0,"F"
1,1,1,1,"BFX","","freef001","","HR/F8XD.2-H","T",0,4,0,4,0,"F"
1,1,2,2,"CCBBS","","","","K","T",1,0,0,0,0,"F"
1,2,2,2,"BSBFFX","","","","HR/F9D","T",0,4,0,0,0,"F"
1,2,1,1,"BSX","","","","43/G6M","T",1,0,0,0,0,"F"
0,0,1,2,"FBSX","","","","HR/F9LD","T",0,4,0,0,0,"F"
0,0,2,2,"FBBCX","","","","2/P2F-/FL","T",1,0,0,0,0,"F"
0,1,0,2,"CS*S","","","","K.BX1(23)","T",1,0,0,0,0,"F"
0,2,0,0,"X","","","","D8/L8XD+","T",0,2,0,0,0,"F"
0,2,0,2,"CSX","","lopep002","","D8/L89XD.2-H","T",0,2,0,4,0,"F"
0,2,1,1,"BFB","","rojam002","","PB.2-3","F",0,0,0,3,0,"F"
0,2,2,1,"BFB.X","","","rojam002","S3/G4MS+.3-H(UR)","T",0,1,0,0,5,"F"
0,2,3,1,"B*BS*B>B","marts002","","","W.1-2","T",0,1,2,0,0,"F"
0,2,2,2,"BCBFX","aguij001","marts002","","43/G4","T",1,0,1,2,0,"F"
1,0,0,1,"CX","","","","4/P4D","T",1,0,0,0,0,"F"
1,1,0,2,"FCC","","","","K","T",1,0,0,0,0,"F"
1,2,2,2,"BCCBS","","","","K","T",1,0,0,0,0,"F"
0,0,1,0,"BX","","","","HR/F78XD","T",0,4,0,0,0,"F"
0,0,0,0,"X","","","","4/L4-","T",1,0,0,0,0,"F"
0,1,0,0,"X","","","","63/G6-","T",1,0,0,0,0,"F"
0,2,1,2,"CFFBX","","","","13/G1S+","T",1,0,0,0,0,"F"
1,0,1,1,"CBX","","","","S8/L89D","T",0,1,0,0,0,"F"
1,0,2,1,"SBBX","acunr001","","","7/F7","T",1,0,1,0,0,"F"
1,1,0,1,"C1>X","acunr001","","","S7/L7S.1-2","T",0,1,2,0,0,"F"
1,1,1,0,"BX","ozunm001","acunr001","","S8/L8D+.2-H;1-2","T",0,1,2,4,0,"F"
1,1,0,1,"FX","darnt001","ozunm001","","46(1)/FO/G34.2-3;B-1","T",1,1,0,3,0,"F"
1,2,2,2,"BBFS>S","albio001","","ozunm001","K","T",1,0,1,0,3,"F"
0,0,2,1,"BBSX","","","","13/G1S-","T",1,0,0,0,0,"F"
0,1,1,1,"BCX","","","","6/P56D","T",1,0,0,0,0,"F"
0,2,0,2,"SCFFH","","","","HP","T",0,1,0,0,0,"F"
0,2,0,0,"X","marts002","","","S7/L7.1-2","T",0,1,2,0,0,"F"
0,2,2,2,"BBCCFFH","aguij001","marts002","","HP.2-3;1-2","T",0,1,2,3,0,"F"
0,2,0,0,"X","coopg002","aguij001","marts002","D7/L7L.3-H;2-H;1-3","T",0,2,3,4,4,"F"
0,2,1,0,"BX","","duvaa001","coopg002","S48/G6M.3-H;2-H","T",0,1,0,4,4,"F"
0,2,2,2,"SBBFS","andeb006","","","K","T",1,0,1,0,0,"F"
1,0,0,1,"CX","","","","43/G4S","T",1,0,0,0,0,"F"
1,1,0,2,"SSS","","","","K","T",1,0,0,0,0,"F"
1,2,2,2,"BFFFBX","","","","D8/L78XD+","T",0,2,0,0,0,"F"
1,2,1,0,"BB","","friem001","","WP.2-3","F",0,0,0,3,0,"F"
1,2,3,1,"BB.FBB","","","friem001","W","T",0,1,0,0,3,"F"
1,2,1,2,"FFBX","acunr001","","friem001","S8/L8D.3-H;1-3","T",0,1,3,0,4,"F"
1,2,3,2,"CFFBBB>X","freef001","","acunr001","S5/G25-.3-H;1-2","T",0,1,2,0,4,"F"
1,2,2,2,"BSSFBT","ozunm001","freef001","","K","T",1,0,1,2,0,"F"
0,0,0,2,"..CF*S","","","","K.BX1(23)","T",1,0,0,0,0,"F"
0,1,0,0,".X","","","","6/P56D","T",1,0,0,0,0,"F"
0,2,1,0,"BX","","","","9/F89","T",1,0,0,0,0,"F"
1,0,1,2,".FFBC","","","","K","T",1,0,0,0,0,"F"
1,1,2,1,".BBFX","","","","9/F9D","T",1,0,0,0,0,"F"
1,2,0,0,"X","","","","8/F78D","T",1,0,0,0,0,"F"
0,0,3,2,"BSBSBX","","","","S7/L7D+","T",0,1,0,0,0,"F"
0,0,1,1,"1B11CX","marts002","","","8/F8XD+","T",1,0,1,0,0,"F"
0,1,1,1,"1FB1X","marts002","","","S7/L7.1-2","T",0,1,2,0,0,"F"
0,1,1,0,"BX","coopg002","marts002","","S7/L7S.2-H;1-2","T",0,1,2,4,0,"F"
0,1,1,2,"C*BFX","duvaa001","coopg002","","S7/L78+.2-3;1-2","T",0,1,2,3,0,"F"
0,1,3,2,"CFFBBFBX","andeb006","duvaa001","coopg002","D7/G5.3-H;2-H;1-3","T",0,2,3,4,4,"F"
0,1,1,2,"..BSSFC","","bertj001","andeb006","K","T",1,0,0,2,3,"F"
0,2,0,2,"LLX","","bertj001","andeb006","13/BG1S","T",1,0,0,2,3,"F"
1,0,0,2,"FFX","","","","8/L8D","T",1,0,0,0,0,"F"
1,1,0,1,"CX","","","","S9/G3","T",0,1,0,0,0,"F"
1,1,0,2,"CFS","rilea001","","","K","T",1,0,1,0,0,"F"
1,2,0,2,".CFS","rilea001","","","K","T",1,0,1,0,0,"F"
0,0,0,2,"CSX","","","","D8/L89XD","T",0,2,0,0,0,"F"
0,0,3,0,"*BBBB","","rojam002","","W","T",0,1,0,2,0,"F"
0,0,1,2,"BCCX","marts002","rojam002","","2/P2F/FL","T",1,0,1,2,0,"F"
0,1,1,2,"BSFT","marts002","rojam002","","K","T",1,0,1,2,0,"F"
0,2,2,2,"B*SCBX","marts002","rojam002","","HR/F78XD.2-H;1-H","T",0,4,4,4,0,"F"
0,2,0,2,"FFX","","","","5/L56","T",1,0,0,0,0,"F"
1,0,1,2,".CBCX","","","","8/L78XD+","T",1,0,0,0,0,"F"
1,1,2,2,"SBBSS","","","","K","T",1,0,0,0,0,"F"
1,2,0,0,"X","","","","D9/L89XD","T",0,2,0,0,0,"F"
1,2,0,0,"X","","albio001","","9/F9","T",1,0,0,2,0,"F"
0,0,0,1,"CX","","","","13/G1S-","T",1,0,0,0,0,"F"
0,1,1,1,"BSX","","","","8/F8D","T",1,0,0,0,0,"F"
0,2,2,2,".BCFBFX","","","","7/F7LS","T",1,0,0,0,0,"F"
1,0,1,1,"..BFX","","","","63/G6+","T",1,0,0,0,0,"F"
1,1,3,2,"BFCBBFFB","","","","W","T",0,1,0,0,0,"F"
1,1,0,0,"X","incie001","","","1/G34S.1-2","T",1,0,2,0,0,"F"
1,2,3,2,"BFBBSFX","","incie001","","8/L78XD+","T",1,0,0,2,0,"F"
0,0,1,2,".BCFFS","","","","K","T",1,0,0,0,0,"F"
0,1,3,2,"BFBBFS","","","","K","T",1,0,0,0,0,"F"
0,2,1,2,"CFFBX","","","","S8/L8","T",0,1,0,0,0,"F"
0,2,1,2,"FSBX","aguij001","","","8/F89D","T",1,0,1,0,0,"F"
1,0,3,2,".SBFBBFH","","","","HP","T",0,1,0,0,0,"F"
1,0,3,2,"CS*B*BBFB","freef001","","","W.1-2","T",0,1,2,0,0,"F"
1,0,1,2,"FCBT","ozunm001","freef001","","K","T",1,0,1,2,0,"F"
1,1,3,2,"BFBFFBFB","ozunm001","freef001","","W.2-3;1-2","T",0,1,2,3,0,"F"
1,1,2,2,"BCSBS","albio001","ozunm001","freef001","K","T",1,0,1,2,3,"F"
1,2,0,1,".SX","albio001","ozunm001","freef001","E7/F7LS.3-H(NR)(UR);2-H(NR)(UR);1-3;B-2","T",0,2,3,5,5,"F"
1,2,0,2,".FFX","","jacka002","albio001","43/G4S","T",1,0,0,2,3,"F"
0,0,1,2,"BFFS","","","","K","T",1,0,0,0,0,"T"
0,1,1,2,"CFBS","","","","K","T",1,0,0,0,0,"F"
0,2,0,1,"SX","","","","43/G4MD","T",1,0,0,0,0,"F"
1,0,2,1,"FBBX","","","","8/F8D","T",1,0,0,0,0,"F"
1,1,2,1,"BBFX","","","","7/F7LS","T",1,0,0,0,0,"F"
1,2,0,2,"CSFS","","","","K","T",1,0,0,0,0,"F"
0,0,3,2,"BCCFBBC","","","","K","T",1,0,0,0,0,"F"
0,1,3,0,"BBBB","","","","W","T",0,1,0,0,0,"F"
0,1,0,2,"CCX","andeb006","","","S5/G5.1-2","T",0,1,2,0,0,"F"
0,1,1,1,"BFX","chisj001","andeb006","","DGR/L7LD+.2-H;1-3","T",0,2,3,4,0,"F"
0,1,0,2,"CTS","","rojam002","chisj001","K","T",1,0,0,2,3,"F"
0,2,0,2,"CSS","","rojam002","chisj001","K","T",1,0,0,2,3,"F"
1,0,3,2,"BBFFFFBX","","","","53/G5S","T",1,0,0,0,0,"F"
1,1,3,1,"FBBBB","","","","W","T",0,1,0,0,0,"F"
1,1,1,0,"1BX","albio001","","","54(1)3/GDP/G56","T",2,0,0,0,0,"F"
0,0,2,2,"BCSBFFH","","","","HP","T",0,1,0,0,0,"F"
0,0,0,0,"X","dickc002","","","S7/L78D+.1-3","T",0,1,3,0,0,"F"
0,0,3,2,"1BCBS*BX","marts002","","dickc002","S6/G6.3-H;1-2","T",0,1,2,0,4,"F"
0,0,1,2,"FBFC","aguij001","marts002","","K","T",1,0,1,2,0,"F"
0,1,0,0,"X","aguij001","marts002","","3/P3DF/FL","T",1,0,1,2,0,"F"
0,2,2,1,"CBBX","aguij001","marts002","","HR/F8XD.2-H;1-H","T",0,4,4,4,0,"F"
0,2,2,0,"BBX","","","","53/G5","T",1,0,0,0,0,"F"
1,0,2,0,"BBX","","","","9/F9D","T",1,0,0,0,0,"F"
1,1,3,2,"CCBBFB*B","","","","W","T",0,1,0,0,0,"F"
1,1,2,2,"CBBML","incie001","","","K","T",1,0,1,0,0,"F"
1,2,1,1,"*BFX","incie001","","","HR/F78XD.1-H","T",0,4,4,0,0,"F"
1,2,0,1,"CX","","","","S9/L9L+.BX2(96)","T",1,0,0,0,0,"F"
0,0,1,2,"SCBS","","","","K","T",1,0,0,0,0,"F"
0,1,3,2,"BBCBCB","","","","W","T",0,1,0,0,0,"F"
0,1,0,0,"X","neidn001","","","S8/F8S.1-2","T",0,1,2,0,0,"F"
0,1,2,1,"BS*BX","dickc002","neidn001","","64(1)3/GDP/G6+","T",2,0,0,2,0,"F"
1,0,1,2,"BSFC","","","","K","T",1,0,0,0,0,"F"
1,1,0,0,"X","","","","2/P2F/FL","T",1,0,0,0,0,"F"
1,2,3,2,"BCBBFB","","","","W","T",0,1,0,0,0,"F"
1,2,3,1,"1B1BBCB","albio001","","","W.1-2","T",0,1,2,0,0,"F"
1,2,1,0,"*BX","swand001","albio001","","6/P6D","T",1,0,1,2,0,"F"
0,0,1,1,"BCX","","","","53/G5","T",1,0,0,0,0,"F"
0,1,0,2,"FFC","","","","K","T",1,0,0,0,0,"F"
0,2,3,1,"BBCBX","","","","3/P23","T",1,0,0,0,0,"F"
1,0,2,2,"FFBBX","","","","S9/L9","T",0,1,0,0,0,"F"
1,0,1,1,"LB>X","incie001","","","1/BP1S-/DP.1X1(14)","T",2,0,0,0,0,"F"
1,2,0,1,"CX","","","","D8/L8XD+","T",0,2,0,0,0,"F"
1,2,0,0,"X","","acunr001","","S9/F9LD+.2-H","T",0,1,0,4,0,"F"
1,2,0,0,".1X","freef001","","","53/G5","T",1,0,1,0,0,"F"
0,0,1,2,"BCSC","","","","K","T",1,0,0,0,0,"F"
0,1,1,2,"CBSX","","","","8/F8S","T",1,0,0,0,0,"F"
0,2,0,2,"SFX","","","","S8/L89XD+.BX2(86)","T",1,0,0,0,0,"F"
1,0,0,0,"X","","","","8/F78","T",1,0,0,0,0,"F"
1,1,3,2,"CBBBCFB","","","","W","T",0,1,0,0,0,"F"
1,1,1,1,"1C11B1X","albio001","","","6/L6","T",1,0,1,0,0,"F"
1,2,2,2,"S1FBB1T","albio001","","","K","T",1,0,1,0,0,"F"
0,0,3,2,"..FCBBFBFB","","","","W","T",0,1,0,0,0,"F"
0,0,0,2,"1SST","bertj001","","","K","T",1,0,1,0,0,"F"
0,1,2,2,"*BSF*BS","bertj001","","","K","T",1,0,1,0,0,"F"
0,2,1,0,"1B>X","bertj001","","","23/G2","T",1,0,1,0,0,"F"
1,0,0,0,".X","","","","S7/G5","T",0,1,0,0,0,"F"
1,0,1,1,".CB1X","incie001","","","36(1)/FO/G3S.B-1","T",1,1,0,0,0,"F"
1,1,1,1,"CBX","adrie001","","","HR/F9LD.1-H","T",0,4,4,0,0,"F"
1,1,0,0,"X","","","","43/G89S+","T",1,0,0,0,0,"F"
1,2,3,2,"BFBBFX","","","","9/F9D","T",1,0,0,0,0,"F"
0,0,2,2,".BSSBX","","","","S7/L7S+","T",0,1,0,0,0,"F"
0,0,0,1,"CX","duvaa001","","","54(1)3/GDP/G56","T",2,0,0,0,0,"F"
0,2,3,2,"SBTBBB","","","","W","T",0,1,0,0,0,"F"
0,2,1,0,"*B1N","chisj001","","","BK.1-2","F",0,0,2,0,0,"F"
0,2,3,1,"*B1N.BBCB","","chisj001","","W","T",0,1,0,2,0,"F"
0,2,0,0,">B","rojam002","chisj001","","SB3;SB2","F",0,0,2,3,0,"F"
0,2,3,2,">B.BFSBS","","rojam002","chisj001","K","T",1,0,0,2,3,"F"
1,0,0,2,".CCS","","","","K","T",1,0,0,0,0,"F"
1,1,2,1,"FBBX","","","","43/G34","T",1,0,0,0,0,"F"
1,2,0,0,"X","","","","43/G6","T",1,0,0,0,0,"F"
0,0,2,2,"..CFBFBS","","","","K","T",1,0,0,0,0,"F"
0,1,2,2,"CBFBS","","","","K","T",1,0,0,0,0,"F"
0,2,2,2,"SBFB*S","","","","K.BX1(23)","T",1,0,0,0,0,"F"
1,0,0,0,".X","","","","S3/P3","T",0,1,0,0,0,"F"
1,0,0,0,"X","rilea001","","","16(1)3/GDP/G1","T",2,0,0,0,0,"F"
1,2,2,2,".BCFBC","","","","K","T",1,0,0,0,0,"F"
0,0,1,2,"..CFF*BFX","","marts002","","D7/L7L.2-H(UR)","T",0,2,0,5,0,"F"
0,0,0,2,"*SFT","","aguij001","","K","T",1,0,0,2,0,"F"
0,1,0,2,"FFF*S","","aguij001","","K.BX1(23)","T",1,0,0,2,0,"F"
0,2,1,2,"CCBFS","","aguij001","","K","T",1,0,0,2,0,"F"
1,0,0,2,"..FCS","","incie001","","K","T",1,0,0,2,0,"F"
1,1,0,2,"FSFFX","","incie001","","8/F89XD.2-3","T",1,0,0,3,0,"F"
1,2,1,2,"CSBS","","","incie001","K","T",1,0,0,0,3,"F"
0,0,2,2,"FBSFB*S","","","","K","T",1,0,0,0,0,"T"
0,1,3,2,"SBBFFBB","","","","W","T",0,1,0,0,0,"F"
0,1,0,1,"CX","marts002","","","7/L78","T",1,0,1,0,0,"F"
0,2,2,2,"BCS11BFS","marts002","","","K","T",1,0,1,0,0,"F"
1,0,3,2,"BBFCBFFS","","","","K","T",1,0,0,0,0,"F"
1,1,1,0,"BX","","","","8/F8D","T",1,0,0,0,0,"F"
1,2,3,2,"BFSBBX","","","","53/G25+","T",1,0,0,0,0,"F"
0,0,1,2,"CBSC","","","","K","T",1,0,0,0,0,"F"
0,1,2,2,"CCBBX","","","","D7/L7D+","T",0,2,0,0,0,"F"
0,1,1,2,"FCBX","","chisj001","","D9/G3.2-H","T",0,2,0,4,0,"F"
0,1,1,0,"BX","","bertj001","","S7/G56.2-H","T",0,1,0,4,0,"F"
0,1,0,1,"L1X","wallc001","","","16(1)/FO/BG1S.B-1","T",1,1,0,0,0,"F"
0,2,0,0,"X","roget003","","","S9/G34+.1-2","T",0,1,2,0,0,"F"
0,2,3,2,"BCBS*B>*B","dickc002","roget003","","W.2-3;1-2","T",0,1,2,3,0,"F"
0,2,1,0,"BX","marts002","dickc002","roget003","53/G56","T",1,0,1,2,3,"F"
1,0,0,0,"X","","","","4/P8S","T",1,0,0,0,0,"F"
1,1,0,0,"H","","","","HP","T",0,1,0,0,0,"F"
1,1,0,2,"CFS","swand001","","","K","T",1,0,1,0,0,"F"
1,2,3,2,"C1B*BSB>B","swand001","","","W.1-2","T",0,1,2,0,0,"F"
1,2,1,2,"BFCS","hereg002","swand001","","K","T",1,0,1,2,0,"F"
0,0,2,2,"BSFBX","","","","43/G4D","T",1,0,0,0,0,"F"
0,1,1,2,"CCBS","","","","K","T",1,0,0,0,0,"F"
0,2,0,0,"X","","","","9/L9D+","T",1,0,0,0,0,"F"
1,0,2,2,"BBCCC","","","","K","T",1,0,0,0,0,"F"
1,1,1,2,"CBFX","","","","5/L5","T",1,0,0,0,0,"F"
1,2,3,2,"BFSBFB*B","","","","W","T",0,1,0,0,0,"F"
1,2,0,0,"X","freef001","","","9/F89D","T",1,0,1,0,0,"F"
0,0,3,2,"TBSBFBT","","","","K","T",1,0,0,0,0,"F"
0,1,3,1,"BFBBB","","","","W","T",0,1,0,0,0,"F"
0,1,1,0,"BX","wallc001","","","54/SH/BG1S-.1-2","T",1,0,2,0,0,"F"
0,2,0,0,"X","","wallc001","","S9/L9L.2-H","T",0,1,0,4,0,"F"
0,2,1,0,"BX","dickc002","","","9/F9S","T",1,0,1,0,0,"F"
1,0,1,2,"SBSFFFFFC","","","","K","T",1,0,0,0,0,"F"
1,1,2,0,"BBX","","","","D9/L9D+","T",0,2,0,0,0,"F"
1,1,0,1,"*SX","","swand001","","5/P6S+","T",1,0,0,2,0,"F"
1,2,3,2,"BFBFBB","","swand001","","W","T",0,1,0,2,0,"F"
1,2,1,2,"CSBS","hereg002","swand001","","K","T",1,0,1,2,0,"F"
0,0,1,1,"CBX","","","","S7/G56","T",0,1,0,0,0,"F"
0,0,2,2,"BFBSX","aguij001","","","54(1)/FO/G5+.B-1","T",1,1,0,0,0,"F"
0,1,3,1,"*BBSBB","coopg002","","","W.1-2","T",0,1,2,0,0,"F"
0,1,3,2,"BC*B*BCFX","andeb006","coopg002","","4/L4D-","T",1,0,1,2,0,"F"
0,2,1,2,"CSBS","andeb006","coopg002","","K","T",1,0,1,2,0,"F"
1,0,0,2,".CFX","","","","S67/L78S+","T",0,1,0,0,0,"F"
1,0,0,0,"X","adrie001","","","HR/F7LD.1-H","T",0,4,4,0,0,"F"
1,0,2,2,"BBSFFFX","","","","3/L34+","T",1,0,0,0,0,"F"
1,1,3,2,"BFFBBX","","","","8/F8D","T",1,0,0,0,0,"F"
1,2,1,2,"BFSFFS","","","","K","T",1,0,0,0,0,"F"
0,0,0,2,".CFX","","","","8/L8D+","T",1,0,0,0,0,"F"
0,1,3,2,".BFBFBT","","","","K","T",1,0,0,0,0,"F"
0,2,1,0,"BX","","","","7/F7L","T",1,0,0,0,0,"F"
1,0,3,1,".BCBBX","","","","S6/G56","T",0,1,0,0,0,"F"
1,0,0,1,"SX","swand001","","","54(1)/FO/G5-.B-1","T",1,1,0,0,0,"F"
1,1,1,1,"BCH","rilea001","","","HP.1-2","T",0,1,2,0,0,"F"
1,1,2,2,"S*BSBS","hereg002","rilea001","","K","T",1,0,1,2,0,"F"
1,2,0,0,".X","hereg002","rilea001","","HR/F7LD.2-H;1-H","T",0,4,4,4,0,"F"
1,2,0,2,"CSX","","","","53/G5","T",1,0,0,0,0,"F"
0,0,0,1,".CX","","","","HR/F7D","T",0,4,0,0,0,"F"
0,0,1,2,"CBSX","","","","8/F8XD","T",1,0,0,0,0,"F"
0,1,2,2,"FBFBFX","","","","9/F9S","T",1,0,0,0,0,"F"
0,2,3,2,"BCBBSX","","","","9/F9D","T",1,0,0,0,0,"F"
1,0,1,1,".BCX","","","","31/G3","T",1,0,0,0,0,"F"
1,1,1,2,"CCBS","","","","K","T",1,0,0,0,0,"F"
1,2,3,2,"BFBSBFH","","","","HP","T",0,1,0,0,0,"F"
1,2,2,0,"*BBX","albio001","","","64(1)/FO/G6S.B-1","T",1,1,0,0,0,"F"
0,0,0,2,".FCFS","","","","K","T",1,0,0,0,0,"F"
0,1,1,1,"TBX","","","","4/L4MD","T",1,0,0,0,0,"F"
0,2,3,2,"BBFSBFC","","","","K","T",1,0,0,0,0,"F"
1,0,2,2,".CBBCX","","","","53/G56S","T",1,0,0,0,0,"F"
1,1,1,2,"CBFFS","","","","K","T",1,0,0,0,0,"F"
1,2,1,0,"BX","","","","63/G6D+","T",1,0,0,0,0,"F"
0,0,3,2,".....BFBBCB","","","","W","T",0,1,0,0,0,"F"
0,0,2,2,".CFBF*BFX","rojam002","","","D9/L89XD+.1-H","T",0,2,4,0,0,"F"
0,0,0,1,"CX","","duvaa001","","53/G56","T",1,0,0,2,0,"F"
0,1,0,1,"CX","","duvaa001","","9/F9D","T",1,0,0,2,0,"F"
0,2,1,0,"BX","","duvaa001","","S7/L78S+.2-H","T",0,1,0,4,0,"F"
0,2,2,2,"BCBFFS","coopg002","","","K","T",1,0,1,0,0,"F"
1,0,0,2,".....CCX","","","","S7/L78","T",0,1,0,0,0,"F"
1,0,1,1,"*BCX","incie001","","","S7/L78.1-2","T",0,1,2,0,0,"F"
1,0,3,2,"BCFFF*BFF*B2B","acunr001","incie001","","W.2-3;1-2","T",0,1,2,3,0,"F"
1,0,1,2,"BFCFC","freef001","acunr001","incie001","K","T",1,0,1,2,3,"F"
1,1,3,1,"FBBBB","freef001","acunr001","incie001","W.3-H;2-3;1-2","T",0,1,2,3,4,"F"
1,1,0,0,"X","albio001","freef001","acunr001","S7/L7S.3-H;2-3;1-2","T",0,1,2,3,4,"F"
0,0,1,0,"BX","","","","8/F8XD+","T",1,0,0,0,0,"T"
0,1,0,1,"FX","","","","4/P34D+","T",1,0,0,0,0,"F"
0,2,0,2,"SC*S","","","","K","T",1,0,0,0,0,"F"
1,0,2,2,"CCBBX","","","","53/G56D+","T",1,0,0,0,0,"F"
1,1,2,2,"SBBFX","","","","6/L4M","T",1,0,0,0,0,"F"
1,2,0,0,"X","","","","9/L9","T",1,0,0,0,0,"F"
0,0,2,1,"BBCX","","","","43/G4D+","T",1,0,0,0,0,"F"
0,1,0,0,"X","","","","S5/BG2","T",0,1,0,0,0,"F"
0,1,1,1,"*BFX","cabra002","","","46(1)/FO/G4.B-1","T",1,1,0,0,0,"F"
0,2,0,1,"CX","escoe001","","","3/P3F/FL","T",1,0,1,0,0,"F"
1,0,0,1,"CX","","","","D7/F7LS","T",0,2,0,0,0,"F"
1,0,2,2,"BCBFS","","albio001","","K","T",1,0,0,2,0,"F"
1,1,2,2,"FFFB*BX","","albio001","","53/G56S","T",1,0,0,2,0,"F"
1,2,2,1,"BSBX","","albio001","","HR/F8XD.2-H","T",0,4,0,4,0,"F"
1,2,1,2,"FBSC","","","","K","T",1,0,0,0,0,"F"
0,0,3,2,"BCBBFFX","","","","8/L8D","T",1,0,0,0,0,"F"
0,1,1,2,"CBSS","","","","K","T",1,0,0,0,0,"F"
0,2,3,1,"BCBBX","","","","3/G34+","T",1,0,0,0,0,"F"
1,0,0,2,"CSFX","","","","D7/L5D+","T",0,2,0,0,0,"F"
1,0,0,1,"CX","","ynoah001","","8/L8D+","T",1,0,0,2,0,"F"
1,1,0,0,"X","","ynoah001","","43/G4","T",1,0,0,2,0,"F"
1,2,3,0,"BBBB","","ynoah001","","W","T",0,1,0,2,0,"F"
1,2,3,2,"BCBBF>S","ozunm001","ynoah001","","K","T",1,0,1,2,0,"F"
0,0,3,2,"SBBBSS","","","","K","T",1,0,0,0,0,"F"
0,1,0,0,"X","","","","4/L4","T",1,0,0,0,0,"F"
0,2,1,2,"BFFX","","","","63/G8S","T",1,0,0,0,0,"F"
1,0,0,2,"TFS","","","","K","T",1,0,0,0,0,"F"
1,1,3,2,"FBBCBFX","","","","D7/L7D+","T",0,2,0,0,0,"F"
1,1,1,2,"CBCFS","","hereg002","","K","T",1,0,0,2,0,"F"
1,2,3,0,"VVVV","","hereg002","","IW","T",0,1,0,2,0,"F"
1,2,1,2,"CSBX","jacka002","hereg002","","S7/G56+.2-H;1-2","T",0,1,2,4,0,"F"
1,2,0,0,"X","ynoah001","jacka002","","54(1)/FO/G56D.B-1","T",1,1,0,2,0,"F"
0,0,3,2,"BBFBCB","","","","W","T",0,1,0,0,0,"F"
0,0,0,1,"CX","cabra002","","","7/L7D","T",1,0,1,0,0,"F"
0,1,3,1,"BCB*BX","cabra002","","","HR/F7D.1-H","T",0,4,4,0,0,"F"
0,1,1,2,"FFBS","","","","K","T",1,0,0,0,0,"F"
0,2,1,2,"SBSX","","","","9/F9D","T",1,0,0,0,0,"F"
1,0,2,2,"SBBFX","","","","7/F78","T",1,0,0,0,0,"F"
1,1,3,2,"BFFBBFB","","","","W","T",0,1,0,0,0,"F"
1,1,1,0,"BX","ozunm001","","","43/G4.1-2","T",1,0,2,0,0,"F"
1,2,0,1,"FX","","ozunm001","","T7/F78XD.2-H","T",0,3,0,4,0,"F"
1,2,2,1,"*BBMX","","","swand001","53/G5","T",1,0,0,0,3,"F"
0,0,2,2,"CBBCX","","","","6/P4MS","T",1,0,0,0,0,"F"
0,1,3,2,"CSFBBBFX","","","","7/L7","T",1,0,0,0,0,"F"
0,2,1,2,"CBFC","","","","K","T",1,0,0,0,0,"F"
1,0,3,1,"BCBBB","","","","W","T",0,1,0,0,0,"F"
1,0,0,2,".SSS","rilea001","","","K","T",1,0,1,0,0,"F"
1,1,0,1,".CX","rilea001","","","7/L78D","T",1,0,1,0,0,"F"
1,2,2,2,"BC*BCX","rilea001","","","63/G6","T",1,0,1,0,0,"F"
0,0,1,1,".BCX","","","","S7/G6","T",0,1,0,0,0,"F"
0,0,3,2,"C1S*B*B*BB","perad001","","","W.1-2","T",0,1,2,0,0,"F"
0,0,1,2,"BFFX","cabra002","perad001","","36(1)/FO/G34.2-3;B-1","T",1,1,0,3,0,"F"
0,1,0,1,"CX","escoe001","","perad001","9/L9","T",1,0,1,0,3,"F"
0,2,2,2,"CBFBX","escoe001","","perad001","D9/L9LD+.3-H;1-3","T",0,2,3,0,4,"F"
0,2,3,2,"..CCBBFBS","","rojaj001","escoe001","K","T",1,0,0,2,3,"F"
1,0,3,2,".BBFFBS","","","","K","T",1,0,0,0,0,"F"
1,1,1,1,"SBX","","","","6/P6M","T",1,0,0,0,0,"F"
1,2,0,1,"FX","","","","HR/F9LD","T",0,4,0,0,0,"F"
1,2,0,1,"CX","","","","63/G56","T",1,0,0,0,0,"F"
0,0,1,2,"CBCX","","","","D87/L78XD+","T",0,2,0,0,0,"F"
0,0,0,1,"SX","","smitp002","","43/G34D.2-3","T",1,0,0,3,0,"F"
0,1,3,2,"BBSS*BB","","","smitp002","W+WP.3-H(NR)","T",0,1,0,0,4,"F"
0,1,0,0,"X","mathw001","","","8/F78D","T",1,0,1,0,0,"F"
0,2,0,0,"X","mathw001","","","54(1)/FO/G56+.B-1","T",1,1,0,0,0,"F"
1,0,2,2,".FBBCS","","","","K","T",1,0,0,0,0,"F"
1,1,1,2,"SBFS","","","","K","T",1,0,0,0,0,"F"
1,2,3,2,"BBBCCFS","","","","K","T",1,0,0,0,0,"F"
0,0,2,2,".FBSB*S","","","","K","T",1,0,0,0,0,"F"
0,1,2,1,"BBCX","","","","53/G5","T",1,0,0,0,0,"F"
0,2,0,2,".FCFX","","","","13/G4MS","T",1,0,0,0,0,"F"
0,0,1,1,"CBX","","","","53/G6","T",1,0,0,0,0,"T"
0,1,0,2,"SSX","","","","S9/F9LD","T",0,1,0,0,0,"F"
0,1,1,1,"C*BX","calhk001","","","5/P5F/FL","T",1,0,1,0,0,"F"
0,2,1,1,"CBX","calhk001","","","6(1)/FO/G2.B-1","T",1,1,0,0,0,"F"
1,0,2,2,"FFBBH","","","","HP","T",0,1,0,0,0,"F"
1,0,1,2,"1B1S1TF1S","acunr001","","","K","T",1,0,1,0,0,"F"
1,1,1,2,"BCFC","acunr001","","","K","T",1,0,1,0,0,"F"
1,2,1,1,"*BSX","acunr001","","","43/G3","T",1,0,1,0,0,"F"
0,0,3,1,"BBBCB","","","","W","T",0,1,0,0,0,"F"
0,0,1,1,"BS1","vanmj001","","","PO1(E1/TH).1-3","F",0,0,3,0,0,"F"
0,0,1,1,"BS1.X","","","vanmj001","HR/F9D.3-H","T",0,4,0,0,4,"F"
0,0,1,0,"BX","","","","8/F8","T",1,0,0,0,0,"F"
0,1,3,2,"SFBFBBB","","","","W","T",0,1,0,0,0,"F"
0,1,0,1,"L1","heatn002","","","PO1(E1/TH).1-2","F",0,0,2,0,0,"F"
0,1,1,1,"L1.BX","","heatn002","","34/SH/BG23.2-3","T",1,0,0,3,0,"F"
0,2,3,2,"*B*BCFBFS","","","heatn002","K","T",1,0,0,0,3,"F"
1,0,0,1,"CX","","","","63/G6S","T",1,0,0,0,0,"F"
1,1,2,2,"BCSBS","","","","K","T",1,0,0,0,0,"F"
1,2,3,2,"BBFBF*B","","","","W","T",0,1,0,0,0,"F"
1,2,1,0,"BX","rilea001","","","54(1)/FO/G5.B-1","T",1,1,0,0,0,"F"
0,0,2,1,"BBCX","","","","HR/F89XD","T",0,4,0,0,0,"F"
0,0,0,0,"X","","","","5/P5D","T",1,0,0,0,0,"F"
0,1,1,1,"CBX","","","","43/G34S","T",1,0,0,0,0,"F"
0,2,2,2,"CBBSS","","","","K","T",1,0,0,0,0,"F"
1,0,1,1,"CBX","","","","43/G4M","T",1,0,0,0,0,"F"
1,1,2,1,"BBFX","","","","3/P3SF/FL","T",1,0,0,0,0,"F"
1,2,1,0,"BX","","","","4/L4D","T",1,0,0,0,0,"F"
0,0,0,2,"CCS","","","","K","T",1,0,0,0,0,"F"
0,1,2,0,"BBX","","","","S6/G2","T",0,1,0,0,0,"F"
0,1,0,1,"C1","ahmen001","","","CS2(16)","F",1,0,0,0,0,"F"
0,2,0,2,"C1.FS","","","","K","T",1,0,0,0,0,"F"
1,0,2,2,"CBBF*S","","","","K.BX1(23)","T",1,0,0,0,0,"F"
1,1,1,0,"BX","","","","6/P78S","T",1,0,0,0,0,"F"
1,2,1,1,"CBX","","","","8/L78XD","T",1,0,0,0,0,"F"
0,0,3,2,"..BBCLBX","","","","13/BG2","T",1,0,0,0,0,"F"
0,1,2,0,"BBX","","","","T8/F89XD","T",0,3,0,0,0,"F"
0,1,3,1,"*B*BSB*B","","","smitp002","W","T",0,1,0,0,3,"F"
0,1,0,1,"FX","calhk001","","smitp002","S7/G6.3-H;1-2","T",0,1,2,0,4,"F"
0,1,2,2,"BCSBX","escoe001","calhk001","","9/F9","T",1,0,1,2,0,"F"
0,2,3,2,"*BBCC*B>F>X","escoe001","calhk001","","S8/G4M+.2-H;1-3","T",0,1,3,4,0,"F"
0,2,1,0,"BX","vanmj001","","escoe001","7/F78","T",1,0,1,0,3,"F"
1,0,1,0,"BX","","","","9/F9LD","T",1,0,0,0,0,"F"
1,1,3,2,"CBBBFX","","","","6/P6D","T",1,0,0,0,0,"F"
1,2,1,2,"CBS*S","","","","K.BX1(23)","T",1,0,0,0,0,"F"
0,0,0,0,".X","","","","D7/L7LD+","T",0,2,0,0,0,"F"
0,0,1,0,"*BX","","ahmen001","","63/G6","T",1,0,0,2,0,"F"
0,1,1,2,"LCBC","","ahmen001","","K.BX1(13)","T",1,0,0,2,0,"F"
0,2,0,2,"CFS","","ahmen001","","K","T",1,0,0,2,0,"F"
1,0,0,1,"SX","","","","6/P6","T",1,0,0,0,0,"F"
1,1,3,1,"BBFBB","","","","W","T",0,1,0,0,0,"F"
1,1,1,1,"FB1X","acunr001","","","S8/L89D.1-3","T",0,1,3,0,0,"F"
1,1,0,0,"X","freef001","","acunr001","54(1)3/GDP/G5","T",2,0,0,0,3,"F"
0,0,1,2,"CFBS","","","","K","T",1,0,0,0,0,"F"
0,1,0,0,"X","","","","8/L8D","T",1,0,0,0,0,"F"
0,2,0,0,"X","","","","53/G56","T",1,0,0,0,0,"F"
1,0,1,0,"BX","","","","9/F9S","T",1,0,0,0,0,"F"
1,1,2,2,".BBCCFS","","","","K","T",1,0,0,0,0,"F"
1,2,0,0,"X","","","","8/F89XD","T",1,0,0,0,0,"F"
0,0,0,0,"X","","","","HR/F9D","T",0,4,0,0,0,"T"
0,0,3,2,"BBFCBB","","","","W","T",0,1,0,0,0,"F"
0,0,0,1,"CX","kellc002","","","D7/G5.1-3","T",0,2,3,0,0,"F"
0,0,0,1,"FX","","cabra002","kellc002","8/F78","T",1,0,0,2,3,"F"
0,1,1,2,"FCF*BX","","cabra002","kellc002","63/G56.3-H;2-3","T",1,0,0,3,4,"F"
0,2,1,2,"C*B*SX","","","cabra002","HR/F89XD.3-H","T",0,4,0,0,4,"F"
0,2,1,2,"CBSFX","","","","E5/TH/G56.B-2","T",0,2,0,0,0,"F"
0,2,1,0,"BX","","ahmen001","","D9/L9LD.2-H(UR)","T",0,2,0,5,0,"F"
0,2,0,1,"CX","","rojaj001","","7/F7L","T",1,0,0,2,0,"F"
1,0,2,2,"CCBBFFFX","","","","6/P5D+","T",1,0,0,0,0,"F"
1,1,1,2,"BCFFS","","","","K","T",1,0,0,0,0,"F"
1,2,0,0,"X","","","","53/G56D+","T",1,0,0,0,0,"F"
0,0,1,2,"CBCC","","","","K","T",1,0,0,0,0,"F"
0,1,1,2,"FBCFX","","","","4/P89S","T",1,0,0,0,0,"F"
0,2,1,2,"CBFS","","","","K","T",1,0,0,0,0,"F"
1,0,1,2,"FBFX","","","","E6/TH/G56.B-1","T",0,1,0,0,0,"F"
1,0,0,2,"CSX","albio001","","","64(1)3/GDP/G6S","T",2,0,0,0,0,"F"
1,2,0,2,"FSX","","","","63/G56","T",1,0,0,0,0,"F"
0,0,1,1,"CBX","","","","HR/F7LD","T",0,4,0,0,0,"F"
0,0,0,2,"CSC","","","","K","T",1,0,0,0,0,"F"
0,1,1,2,"CSBX","","","","7/F78XD+","T",1,0,0,0,0,"F"
0,2,1,1,"FBX","","","","7/F7D","T",1,0,0,0,0,"F"
1,0,2,2,"CFFBFBS","","","","K","T",1,0,0,0,0,"F"
1,1,3,2,"CFBFBFBFFFX","","","","7/F7LD","T",1,0,0,0,0,"F"
1,2,0,2,"TCFS","","","","K","T",1,0,0,0,0,"F"
0,0,1,2,"CBC*S","","","","K.BX1(23)","T",1,0,0,0,0,"F"
0,1,3,2,"CFBBBB","","","","W","T",0,1,0,0,0,"F"
0,1,0,1,"CX","bumgm001","","","S9/F9LD.1X3(965)","T",1,1,0,0,0,"F"
0,2,1,2,"CBCX","smitp002","","","7/F78XD","T",1,0,1,0,0,"F"
1,0,2,0,"BBX","","","","7/F78D","T",1,0,0,0,0,"F"
1,1,1,2,"CBSFFS","","","","K","T",1,0,0,0,0,"F"
1,2,0,2,"CCC","","","","K","T",1,0,0,0,0,"F"
0,0,3,2,".FSFBBFFFBC","","","","K","T",1,0,0,0,0,"F"
0,1,2,2,"CSBBX","","","","S9/G34","T",0,1,0,0,0,"F"
0,1,0,1,"C1X","escoe001","","","1/G34S-.1-2","T",1,0,2,0,0,"F"
0,2,0,0,"S","","escoe001","","PB.2-3","F",0,0,0,3,0,"F"
0,2,0,1,"S.X","","","escoe001","5/P5F/FL","T",1,0,0,0,3,"F"
1,0,1,2,"CFFBX","","","","8/F78","T",1,0,0,0,0,"F"
1,1,1,0,"BX","","","","8/F8XD+","T",1,0,0,0,0,"F"
1,2,3,2,"CFBBFBX","","","","8/L8D","T",1,0,0,0,0,"F"
0,0,1,2,"FSBX","","","","D7/G5","T",0,2,0,0,0,"F"
0,0,3,2,"F*BBSBX","","ahmen001","","S8/L6.2-H","T",0,1,0,4,0,"F"
0,0,0,2,"C1SS","rojaj001","","","K","T",1,0,1,0,0,"F"
0,1,0,0,"X","rojaj001","","","S9/L9+.1-2","T",0,1,2,0,0,"F"
0,1,2,2,"BSSBX","smitp002","rojaj001","","4/L4M","T",1,0,1,2,0,"F"
0,2,0,2,".SFFFFX","smitp002","rojaj001","","5/P5SF/FL","T",1,0,1,2,0,"F"
1,0,1,2,"CSBC","","","","K","T",1,0,0,0,0,"F"
1,1,3,2,"BFCBBFFFX","","","","3/P3S","T",1,0,0,0,0,"F"
1,2,0,2,".CFX","","","","63/G56","T",1,0,0,0,0,"F"
0,0,1,2,".BCSFS","","","","K","T",1,0,0,0,0,"F"
0,1,1,2,"BCSS","","","","K","T",1,0,0,0,0,"F"
0,2,2,2,"CBSBX","","","","9/L9D","T",1,0,0,0,0,"F"
1,0,3,2,".FBCBBC","","","","K","T",1,0,0,0,0,"F"
1,1,1,1,"BSX","","","","6/P5DF/FL","T",1,0,0,0,0,"F"
1,2,0,0,"X","","","","9/L9","T",1,0,0,0,0,"F"
0,0,0,0,"X","","","","9/L89D","T",1,0,0,0,0,"T"
0,1,2,2,"FBFBS","","","","K","T",1,0,0,0,0,"F"
0,2,2,2,"BCSBC","","","","K","T",1,0,0,0,0,"F"
1,0,0,0,"X","","","","9/F89XD+","T",1,0,0,0,0,"F"
1,1,3,1,"BBFBB","","","","W","T",0,1,0,0,0,"F"
1,1,1,1,"BSX","freef001","","","D7/L7LS.1-3","T",0,2,3,0,0,"F"
1,1,1,1,"SBX","","ozunm001","freef001","S9/L9.3-H;2-3","T",0,1,0,3,4,"F"
1,1,1,0,"B1>C","albio001","","ozunm001","SB2","F",0,0,2,0,3,"F"
1,1,3,2,"B1>C.F*B*BX","","albio001","ozunm001","S9/G34.3-H;2-H","T",0,1,0,4,4,"F"
1,1,1,2,"BFSS","darnt001","","","K","T",1,0,1,0,0,"F"
1,2,3,2,"BCBTB>F>B","darnt001","","","W.1-2","T",0,1,2,0,0,"F"
1,2,0,1,"CX","rilea001","darnt001","","D7/L7LS+.2-H;1-3","T",0,2,3,4,0,"F"
1,2,1,1,"BCX","","hereg002","rilea001","63/G6M","T",1,0,0,2,3,"F"
0,0,2,2,"FBBTX","","","","23/G2-","T",1,0,0,0,0,"F"
0,1,3,2,"BTBBFF*S","","","","K","T",1,0,0,0,0,"F"
0,2,2,2,"SBSBX","","","","E6/TH/G6.B-1","T",0,1,0,0,0,"F"
0,2,0,2,"SST","boted002","","","K","T",1,0,1,0,0,"F"
1,0,3,2,"BBSFBC","","","","K","T",1,0,0,0,0,"F"
1,1,1,0,"BX","","","","4/P9LSF/FL","T",1,0,0,0,0,"F"
1,2,0,1,"FX","","","","7/F7D","T",1,0,0,0,0,"F"
0,0,1,2,"CBFC","","","","K","T",1,0,0,0,0,"F"
0,1,2,1,"CBBX","","","","S7/G5","T",0,1,0,0,0,"F"
0,1,1,1,"BFX","daviz001","","","S9/G3.1-2","T",0,1,2,0,0,"F"
0,1,0,0,"X","hoern001","daviz001","","46(1)/FO/G4+.2-3;B-1","T",1,1,0,3,0,"F"
0,2,3,2,"BBBFF>F>B","contw001","","daviz001","W.1-2","T",0,1,2,0,3,"F"
0,2,0,1,"CX","rizza001","contw001","daviz001","HR/F7LD.3-H;2-H;1-H","T",0,4,4,4,4,"F"
0,2,1,2,"FBFC","","","","K","T",1,0,0,0,0,"F"
1,0,2,2,"FBBFFX","","","","31/G3","T",1,0,0,0,0,"F"
1,1,3,2,"FBCFBBX","","","","13/G1S-","T",1,0,0,0,0,"F"
1,2,3,2,"BCBBCX","","","","HR/F89XD","T",0,4,0,0,0,"F"
1,2,0,1,"FX","","","","S7/G6+","T",0,1,0,0,0,"F"
1,2,3,0,"BBBB","rilea001","","","W.1-2","T",0,1,2,0,0,"F"
1,2,0,2,"FSS","hereg002","rilea001","","K","T",1,0,1,2,0,"F"
0,0,1,0,"BX","","","","53/G56+","T",1,0,0,0,0,"F"
0,1,2,0,"BBX","","","","43/G4S","T",1,0,0,0,0,"F"
0,2,1,2,"BCFX","","","","63/G6","T",1,0,0,0,0,"F"
1,0,1,1,"SBH","","","","HP","T",0,1,0,0,0,"F"
1,0,1,0,"11BX","acunr001","","","8/F78XD.1-2","T",1,0,2,0,0,"F"
1,1,0,2,"FFC","","acunr001","","K","T",1,0,0,2,0,"F"
1,2,3,1,"*BBFBB","","acunr001","","W","T",0,1,0,2,0,"F"
1,2,0,0,".X","albio001","acunr001","","S5/G56+.2-3;1-2","T",0,1,2,3,0,"F"
1,2,2,1,"BSBX","darnt001","albio001","acunr001","4/P6MD","T",1,0,1,2,3,"F"
0,0,3,2,".FBCBBFF*B","","","","W","T",0,1,0,0,0,"F"
0,0,1,0,"1B1X","woltt001","","","D7/L7LD.1-3","T",0,2,3,0,0,"F"
0,0,1,0,"BX","","hoern001","woltt001","3/P2","T",1,0,0,2,3,"F"
0,1,1,0,"BX","","hoern001","woltt001","7/SF/L7.3-H","T",1,0,0,2,4,"F"
0,2,0,1,"CX","","hoern001","","13/G4S-","T",1,0,0,2,0,"F"
1,0,1,2,".CFBC","","","","K","T",1,0,0,0,0,"F"
1,1,1,1,"CBX","","","","D9/L9L+","T",0,2,0,0,0,"F"
1,1,0,1,"CX","","hereg002","","53/G56","T",1,0,0,2,0,"F"
1,2,0,0,"B","","hereg002","","PB.2-3","F",0,0,0,3,0,"F"
1,2,3,1,"B.FB*BB","","","hereg002","W","T",0,1,0,0,3,"F"
1,2,2,2,"C1BFF*BFX","acunr001","","hereg002","HR/F9D.3-H;1-H","T",0,4,4,0,4,"F"
1,2,2,2,"CBSFBX","","","","7/F7","T",1,0,0,0,0,"F"
0,0,1,2,"BCCX","","","","3/G34","T",1,0,0,0,0,"F"
0,1,3,0,"BBBB","","","","W","T",0,1,0,0,0,"F"
0,1,0,2,".CSS","boted002","","","K","T",1,0,1,0,0,"F"
0,2,2,2,"BCBFC","boted002","","","K","T",1,0,1,0,0,"F"
1,0,0,2,"...CCFS","","","","K","T",1,0,0,0,0,"F"
1,1,3,2,"FBBBCB","","","","W","T",0,1,0,0,0,"F"
1,1,2,2,"*BSBSX","darnt001","","","S9/G4.1-2","T",0,1,2,0,0,"F"
1,1,0,0,"X","swand001","darnt001","","9/F89D","T",1,0,1,2,0,"F"
1,2,2,2,"BBC*ST","swand001","darnt001","","K","T",1,0,1,2,0,"F"
0,0,3,0,"BBBB","","","","W","T",0,1,0,0,0,"F"
0,0,1,2,"CFF*BX","duffm002","","","43/G4+.1-2","T",1,0,2,0,0,"F"
0,1,0,0,"X","","duffm002","","HR/F78XD.2-H","T",0,4,0,4,0,"F"
0,1,3,0,"BBBB","","","","W","T",0,1,0,0,0,"F"
0,1,1,2,".BCFX","rizza001","","","8/F8XD","T",1,0,1,0,0,"F"
0,2,2,2,"SFBBH","rizza001","","","HP.1-2","T",0,1,2,0,0,"F"
0,2,0,1,"FX","happi001","rizza001","","8/L8XD+","T",1,0,1,2,0,"F"
1,0,2,2,"..SBBFFC","","","","K","T",1,0,0,0,0,"F"
1,1,3,2,"FTBBFBFFFB","","","","W","T",0,1,0,0,0,"F"
1,1,1,1,"FBX","acunr001","","","8/F8","T",1,0,1,0,0,"F"
1,2,0,1,"S1X","acunr001","","","64(1)/FO/G6.B-1","T",1,1,0,0,0,"F"
0,0,1,1,".BCX","","","","7/F7D","T",1,0,0,0,0,"F"
0,1,1,2,".CSBX","","","","3/P3","T",1,0,0,0,0,"F"
0,2,0,0,"X","","","","S7/G6","T",0,1,0,0,0,"F"
0,2,0,1,"C>B","duffm002","","","SB2","F",0,0,2,0,0,"F"
0,2,2,2,"C>B.BCFFFFX","","duffm002","","63/G6MS","T",1,0,0,2,0,"F"
1,0,2,0,".BBX","","","","3/L3","T",1,0,0,0,0,"F"
1,1,1,2,"SBTX","","","","43/G4","T",1,0,0,0,0,"F"
1,2,3,2,"BBSBFX","","","","63/G6","T",1,0,0,0,0,"F"
0,0,0,2,".CCS","","","","K","T",1,0,0,0,0,"F"
0,1,0,2,"FFX","","","","7/F7S","T",1,0,0,0,0,"F"
0,2,3,2,"BBCCBB","","","","W","T",0,1,0,0,0,"F"
0,2,0,1,"CX","bryak001","","","46(1)/FO/G4MD+.B-1","T",1,1,0,0,0,"F"
0,0,1,0,"BX","","","","53/G6S-","T",1,0,0,0,0,"T"
0,1,2,2,"CBSBS","","","","K","T",1,0,0,0,0,"F"
0,2,2,2,"CBBSS","","","","K","T",1,0,0,0,0,"F"
1,0,1,2,"TBFC","","","","K","T",1,0,0,0,0,"F"
1,1,0,1,"CX","","","","S8/L89D+","T",0,1,0,0,0,"F"
1,1,0,0,"X","freef001","","","4/L6MD","T",1,0,1,0,0,"F"
1,2,2,2,"*B+1CFBS","freef001","","","K","T",1,0,1,0,0,"F"
0,0,0,1,"FX","","","","43/G4","T",1,0,0,0,0,"F"
0,1,3,2,"CCBBBC","","","","K","T",1,0,0,0,0,"F"
0,2,1,2,"FFBX","","","","31/G2","T",1,0,0,0,0,"F"
1,0,1,2,"FBSC","","","","K","T",1,0,0,0,0,"F"
1,1,0,2,"CSX","","","","S8/G4M+","T",0,1,0,0,0,"F"
1,1,2,2,"BCBFX","swand001","","","D9/L9D+.1-3","T",0,2,3,0,0,"F"
1,1,3,0,"BBBB","","rilea001","swand001","W","T",0,1,0,2,3,"F"
1,1,0,2,"FCC","hereg002","rilea001","swand001","K","T",1,0,1,2,3,"F"
1,2,3,2,"BCB*BS>X","hereg002","rilea001","swand001","3/P3F/FL","T",1,0,1,2,3,"F"
0,0,2,2,"CCBBX","","","","S7/L7","T",0,1,0,0,0,"F"
0,0,0,2,"1TCS","marij002","","","K","T",1,0,1,0,0,"F"
0,1,0,0,"X","marij002","","","34/SH/BG23-.1-2","T",1,0,2,0,0,"F"
0,2,1,1,"BCX","","marij002","","53/G56","T",1,0,0,2,0,"F"
1,0,0,0,"X","","","","7/F7D","T",1,0,0,0,0,"F"
1,1,3,2,"FBBBSX","","","","S7/G56","T",0,1,0,0,0,"F"
1,1,0,0,"X","ozunm001","","","63/G4D.1-2","T",1,0,2,0,0,"F"
1,2,3,2,"SFBFBF*BX","","ozunm001","","8/F8S","T",1,0,0,2,0,"F"
0,0,3,2,"SBFBBX","","","","8/L8D","T",1,0,0,0,0,"F"
0,1,0,2,"CSS","","","","K","T",1,0,0,0,0,"F"
0,2,1,1,"CBX","","","","63/G6MD+","T",1,0,0,0,0,"F"
1,0,1,2,"FBS*S","","","","K","T",1,0,0,0,0,"F"
1,1,1,2,"CFBT","","","","K","T",1,0,0,0,0,"F"
1,2,0,2,"CF*S","","","","K","T",1,0,0,0,0,"F"
0,0,1,2,"CCBX","","","","63/G6","T",1,0,0,0,0,"F"
0,1,3,0,"BBB*B","","","","W","T",0,1,0,0,0,"F"
0,1,2,2,"BFFBS","heywj001","","","K","T",1,0,1,0,0,"F"
0,2,1,2,"1SBFX","heywj001","","","23/G2-","T",1,0,1,0,0,"F"
1,0,0,2,"CCS","","","","K","T",1,0,0,0,0,"F"
1,1,2,2,"BCSFBX","","","","HR/F78XD","T",0,4,0,0,0,"F"
1,1,3,2,"BBBCTB","","","","W","T",0,1,0,0,0,"F"
1,1,0,0,"X","freef001","","","4/L6MD","T",1,0,1,0,0,"F"
1,2,2,0,"*BBX","freef001","","","D8/F9D.1-H","T",0,2,4,0,0,"F"
1,2,1,1,"SBX","","albio001","","43/G4+","T",1,0,0,2,0,"F"
0,0,3,2,".CSBBFBFFS","","","","K","T",1,0,0,0,0,"F"
0,1,1,2,"CBFS","","","","K","T",1,0,0,0,0,"F"
0,2,1,2,"CBSX","","","","13/G1","T",1,0,0,0,0,"F"
1,0,3,2,".FCFBBBX","","","","S7/G56","T",0,1,0,0,0,"F"
1,0,3,2,"B*BC1BS>X","swand001","","","63/G6.1-2","T",1,0,2,0,0,"F"
1,1,1,2,"C*BSS","","swand001","","K","T",1,0,0,2,0,"F"
1,2,0,2,"SCS","","swand001","","K","T",1,0,0,2,0,"F"
0,0,2,2,"FSBBX","","","","63/G6+","T",1,0,0,0,0,"F"
0,1,0,1,"SX","","","","8/F89XD","T",1,0,0,0,0,"F"
0,2,0,0,"X","","","","9/F9L","T",1,0,0,0,0,"F"
1,0,1,2,".CBST","","","","K","T",1,0,0,0,0,"F"
1,1,1,2,"FBFS","","","","K","T",1,0,0,0,0,"F"
1,2,3,1,"BSBBX","","","","6/P8S","T",1,0,0,0,0,"F"
0,0,2,1,".BBCX","","","","3/G3+","T",1,0,0,0,0,"F"
0,1,1,2,"CSFBS","","","","K","T",1,0,0,0,0,"F"
0,2,3,2,"SBBCBC","","","","K","T",1,0,0,0,0,"F"
1,0,0,1,".*SX","","","","D8/F78XD+","T",0,2,0,0,0,"F"
1,0,0,0,"X","","albio001","","43/G4+.2-3","T",1,0,0,3,0,"F"
1,1,1,0,"*BX","","","albio001","S9/L89.3-H","T",0,1,0,0,4,"F"
1,1,0,0,">C","swand001","","","SB2","F",0,0,2,0,0,"F"
1,1,1,1,">C.BX","","swand001","","E6/G6.2-3;B-1","T",0,1,0,3,0,"F"
1,1,2,2,"*BFSBC","rilea001","","swand001","K","T",1,0,1,0,3,"F"
1,2,2,0,".B*BX","rilea001","","swand001","S8/L78D+.3-H(UR);1-3","T",0,1,3,0,5,"F"
1,2,3,2,"BBBCS>F>B","sandp001","","rilea001","W.1-2","T",0,1,2,0,3,"F"
1,2,3,1,"BB*BC*B","acunr001","sandp001","rilea001","W.3-H(UR);2-3;1-2","T",0,1,2,3,5,"F"
1,2,1,1,".BFX","freef001","acunr001","sandp001","7/L78D","T",1,0,1,2,3,"F"
0,0,1,2,"..FCBS","","","","K","T",1,0,0,0,0,"F"
0,1,3,2,"BCBFFFFBX","","","","S8/G6M+","T",0,1,0,0,0,"F"
0,1,2,2,"SBBSS","hoern001","","","K","T",1,0,1,0,0,"F"
0,2,0,2,"CF*S","hoern001","","","K","T",1,0,1,0,0,"F"
0,0,1,2,"BCS*S","","","","K","T",1,0,0,0,0,"T"
0,1,1,1,"CBX","","","","9/F9D+","T",1,0,0,0,0,"F"
0,2,3,2,"CBCFBBB","","","","W","T",0,1,0,0,0,"F"
0,2,0,2,"S1SFFFS","duffm002","","","K","T",1,0,1,0,0,"F"
1,0,1,1,"BFX","","","","8/F78","T",1,0,0,0,0,"F"
1,1,0,1,"FX","","","","S7/L7","T",0,1,0,0,0,"F"
1,1,0,1,"C1X","freef001","","","HR/F78XD.1-H","T",0,4,4,0,0,"F"
1,1,3,2,"BSFBBX","","","","D9/L9LD","T",0,2,0,0,0,"F"
1,1,0,0,"X","","albio001","","6/L6","T",1,0,0,2,0,"F"
1,2,1,0,"BX","","albio001","","HR/L7D.2-H","T",0,4,0,4,0,"F"
1,2,3,2,"LCBFBFBFX","","","","63/G6","T",1,0,0,0,0,"F"
0,0,0,2,"SSS","","","","K","T",1,0,0,0,0,"F"
0,1,1,2,"BCSS","","","","K","T",1,0,0,0,0,"F"
0,2,2,2,"SBSBFX","","","","T8/L89XD+","T",0,3,0,0,0,"F"
0,2,1,1,"BCX","","","marij002","53/G56","T",1,0,0,0,3,"F"
1,0,2,2,"CBSBC","","","","K","T",1,0,0,0,0,"F"
1,1,0,0,"X","","","","S9/L9+","T",0,1,0,0,0,"F"
1,1,1,1,"F*BX","ynoah001","","","S7/L7S.1-2","T",0,1,2,0,0,"F"
1,1,1,1,"BCX","acunr001","ynoah001","","D8/L89XD+.2-H;1-H","T",0,2,4,4,0,"F"
1,1,1,2,"BFFX","","freef001","","9/F89S","T",1,0,0,2,0,"F"
1,2,2,2,"BBSFC","","freef001","","K","T",1,0,0,2,0,"F"
0,0,2,2,"CSBBC","","","","K","T",1,0,0,0,0,"F"
0,1,3,2,"BCBBSFFFX","","","","S8/L8","T",0,1,0,0,0,"F"
0,1,1,1,"FBX","rizza001","","","54(1)/FO/G56.B-1","T",1,1,0,0,0,"F"
0,2,1,1,"BCX","contw001","","","S8/L89.1-3","T",0,1,3,0,0,"F"
0,2,2,1,"BBCX","duffm002","","contw001","53/G56","T",1,0,1,0,3,"F"
1,0,0,2,"CSX","","","","6/L56D","T",1,0,0,0,0,"F"
1,1,2,1,"BCBX","","","","9/F9S","T",1,0,0,0,0,"F"
1,2,0,1,"FX","","","","S8/G6M+","T",0,1,0,0,0,"F"
1,2,0,2,"CSFS","hereg002","","","K","T",1,0,1,0,0,"F"
0,0,1,2,"CBFS","","","","K","T",1,0,0,0,0,"F"
0,1,0,2,"CFF*S","","","","K","T",1,0,0,0,0,"F"
0,2,2,2,"BBCFFT","","","","K","T",1,0,0,0,0,"F"
1,0,1,1,"SBX","","","","HR/F7D","T",0,4,0,0,0,"F"
1,0,1,1,"FBX","","","","53/G5+","T",1,0,0,0,0,"F"
1,1,0,0,"X","","","","S7/L7LD","T",0,1,0,0,0,"F"
1,1,0,0,"X","freef001","","","9/F89","T",1,0,1,0,0,"F"
1,2,1,2,"FBFX","freef001","","","S8/L8.1-2","T",0,1,2,0,0,"F"
1,2,2,2,".CBBSFFX","albio001","freef001","","8/L78D","T",1,0,1,2,0,"F"
0,0,0,0,"X","","","","8/F8","T",1,0,0,0,0,"F"
0,1,3,2,"BCBBCFS","","","","K","T",1,0,0,0,0,"F"
0,2,2,1,"BBCX","","","","43/G4D+","T",1,0,0,0,0,"F"
1,0,2,2,".BCFBFX","","","","D9/L9LD+","T",0,2,0,0,0,"F"
1,0,1,1,"BFX","","rilea001","","D7/G5.2-H","T",0,2,0,4,0,"F"
1,0,0,2,"FCX","","hereg002","","7/F7D","T",1,0,0,2,0,"F"
1,1,0,2,"CCF*S","","hereg002","","K","T",1,0,0,2,0,"F"
1,2,1,1,"CBX","","hereg002","","63/G6","T",1,0,0,2,0,"F"
0,0,1,0,"BX","","","","43/G4+","T",1,0,0,0,0,"F"
0,1,3,2,"BCFBBB","","","","W","T",0,1,0,0,0,"F"
0,1,3,2,"FBBFF*BX","duffm002","","","S7/L78.1-2","T",0,1,2,0,0,"F"
0,1,3,2,"..TBFFB*BFX","bryak001","duffm002","","3/G3.2-3;1-2","T",1,0,2,3,0,"F"
0,2,0,2,"FSF*S","","bryak001","duffm002","K.BX1(23)","T",1,0,0,2,3,"F"
1,0,1,1,".BSX","","","","HR/F9LD","T",0,4,0,0,0,"F"
1,0,0,2,"CCFX","","","","53/G5+","T",1,0,0,0,0,"F"
1,1,2,1,"SBBX","","","","HR/F9D","T",0,4,0,0,0,"F"
1,1,2,2,"BCBFS","","","","K","T",1,0,0,0,0,"F"
1,2,2,2,"CBFFBX","","","","S8/G6","T",0,1,0,0,0,"F"
1,2,3,2,"BCFBB>*B","rilea001","","","W.1-2","T",0,1,2,0,0,"F"
1,2,0,2,"FSX","hereg002","rilea001","","64(1)/FO/G6.B-1","T",1,1,0,2,0,"F"
0,0,2,0,"BBX","","","","8/L8XD+","T",1,0,0,0,0,"F"
0,1,1,1,"BCX","","","","E5/TH/G56.B-1","T",0,1,0,0,0,"F"
0,1,1,0,".BX","hoern001","","","43/G34.1-2","T",1,0,2,0,0,"F"
0,2,1,2,"SBFB","","hoern001","","WP.2-3","F",0,0,0,3,0,"F"
0,2,2,2,"SBFB.X","","","hoern001","4/F4D","T",1,0,0,0,3,"F"
1,0,2,2,".....BCCBX","","","","3/G23-","T",1,0,0,0,0,"F"
1,1,3,1,"BBCBB","","","","W","T",0,1,0,0,0,"F"
1,1,2,2,"BBCFS","acunr001","","","K","T",1,0,1,0,0,"F"
1,2,3,1,"..BBBCX","acunr001","","","14(1)/FO/G6MS.B-1","T",1,1,0,0,0,"F"
0,0,1,0,"..BX","","","","7/F56D","T",1,0,0,0,0,"F"
0,1,0,1,"FX","","","","41/G4","T",1,0,0,0,0,"F"
0,2,1,1,"BSX","","","","S8/F8","T",0,1,0,0,0,"F"
0,2,2,2,"CBCBS","bryak001","","","K","T",1,0,1,0,0,"F"
1,0,3,2,"...BBCSBFX","","","","4/P34D","T",1,0,0,0,0,"F"
1,1,3,2,"BFBFBX","","","","8/L8D+","T",1,0,0,0,0,"F"
1,2,0,1,"SX","","","","S8/L8","T",0,1,0,0,0,"F"
1,2,0,0,"X","rilea001","","","S9/L89.1-2","T",0,1,2,0,0,"F"
1,2,0,0,"H","hereg002","rilea001","","HP.2-3;1-2","T",0,1,2,3,0,"F"
1,2,2,0,"BBX","jacka002","hereg002","rilea001","7/F7D","T",1,0,1,2,3,"F"
0,0,0,0,".X","","","","63/G6M","T",1,0,0,0,0,"F"
0,1,1,2,"BCSX","","","","13/G6MS","T",1,0,0,0,0,"F"
0,2,3,1,"FBBBB","","","","W","T",0,1,0,0,0,"F"
0,2,3,2,"BBCCB>X","hoern001","","","7/L7LD","T",1,0,1,0,0,"F"
0,0,2,0,"BBX","","","","9/F9D","T",1,0,0,0,0,"T"
0,1,1,0,"BX","","","","S7/L7S","T",0,1,0,0,0,"F"
0,1,2,1,"BBFX","contw001","","","S9/G34.1-3","T",0,1,3,0,0,"F"
0,1,1,2,"BCSX","duffm002","","contw001","S9/L89S.3-H;1-2","T",0,1,2,0,4,"F"
0,1,0,1,"CX","bryak001","duffm002","","64(1)/FO/G6.2-3;B-1","T",1,1,0,3,0,"F"
0,2,0,0,"N","baezj001","","duffm002","BK.3-H(NR);1-2","F",0,0,2,0,4,"F"
0,2,1,1,"N.CBX","","baezj001","","7/F7","T",1,0,0,2,0,"F"
1,0,0,0,"X","","","","8/F78XD","T",1,0,0,0,0,"F"
1,1,3,2,"CBBCFBF*S","","","","K","T",1,0,0,0,0,"F"
1,2,1,2,"CBFX","","","","43/G6M","T",1,0,0,0,0,"F"
0,0,0,0,"X","","","","3/P3F/FL","T",1,0,0,0,0,"F"
0,1,2,2,"BCSBFS","","","","K","T",1,0,0,0,0,"F"
0,2,0,0,"X","","","","S9/G3","T",0,1,0,0,0,"F"
0,2,3,1,"F*B*B*BX","alzoa001","","","S7/L78.1-2","T",0,1,2,0,0,"F"
0,2,0,0,"X","rizza001","alzoa001","","5/P56","T",1,0,1,2,0,"F"
1,0,1,2,"FFBFS","","","","K","T",1,0,0,0,0,"F"
1,1,0,2,"CSX","","","","S8/L8","T",0,1,0,0,0,"F"
1,1,3,2,"CBSBBB","darnt001","","","W.1-2","T",0,1,2,0,0,"F"
1,1,3,2,"BFBCBS","swand001","darnt001","","K","T",1,0,1,2,0,"F"
1,2,2,2,"BBSCS","swand001","darnt001","","K","T",1,0,1,2,0,"F"
0,0,3,2,"CBFBBB","","","","W","T",0,1,0,0,0,"F"
0,0,2,1,"C*BBX","duffm002","","","D7/L7LD.1-3","T",0,2,3,0,0,"F"
0,0,0,1,"CX","","bryak001","duffm002","8/SF/F89XD.3-H;2-3","T",1,0,0,3,4,"F"
0,1,0,1,"CX","","","bryak001","S9/L9L.3-H","T",0,1,0,0,4,"F"
0,1,0,2,"CCX","heywj001","","","3/P3F/FL","T",1,0,1,0,0,"F"
0,2,1,0,"B>B","heywj001","","","SB2","F",0,0,2,0,0,"F"
0,2,3,0,"B>B.VV","","heywj001","","IW","T",0,1,0,2,0,"F"
0,2,1,2,"SBCX","hoern001","heywj001","","13/G1","T",1,0,1,2,0,"F"
1,0,2,2,"BCBFC","","","","K","T",1,0,0,0,0,"F"
1,1,1,2,"SCBX","","","","4/L4MD","T",1,0,0,0,0,"F"
1,2,1,2,"SCFBX","","","","63/G8S","T",1,0,0,0,0,"F"
0,0,0,2,".CFX","","","","S7/L7L","T",0,1,0,0,0,"F"
0,0,0,2,"C1SX","rizza001","","","16(1)/FO/G23.B-1","T",1,1,0,0,0,"F"
0,1,1,0,"B>C","contw001","","","SB2","F",0,0,2,0,0,"F"
0,1,2,2,"B>C.BFX","","contw001","","53/G56","T",1,0,0,2,0,"F"
0,2,1,2,"FCBS","","contw001","","K","T",1,0,0,2,0,"F"
1,0,1,2,"CSBX","","","","63/G56","T",1,0,0,0,0,"F"
1,1,0,0,"X","","","","D9/F89XD+","T",0,2,0,0,0,"F"
1,1,0,0,"X","","albio001","","53/G56","T",1,0,0,2,0,"F"
1,2,1,2,"CF*BH","","albio001","","HP","T",0,1,0,2,0,"F"
1,2,0,0,"X","swand001","albio001","","S9/L89.2-H;1-2","T",0,1,2,4,0,"F"
1,2,0,2,"CSFC","rilea001","swand001","","K","T",1,0,1,2,0,"F"
0,0,3,2,"SFFBBFBX","","","","T8/F89XD+","T",0,3,0,0,0,"F"
0,0,2,1,"CBBX","","","baezj001","D9/G3+.3-H","T",0,2,0,0,4,"F"
0,0,1,2,"BLFX","","heywj001","","43/G4D+.2-3","T",1,0,0,3,0,"F"
0,1,0,1,"CX","","","heywj001","S4/P4MD.3-H;B-2","T",0,2,0,0,4,"F"
0,1,0,2,"FCX","","hoern001","","63/G6.2-3","T",1,0,0,3,0,"F"
0,2,1,1,"FBX","","","hoern001","31/G3D","T",1,0,0,0,3,"F"
1,0,3,1,".BBCBX","","","","9/L89","T",1,0,0,0,0,"F"
1,1,2,2,"BCSBX","","","","8/L78D","T",1,0,0,0,0,"F"
1,2,0,1,"CX","","","","7/F78","T",1,0,0,0,0,"F"
0,0,1,1,".BCX","","","","31/G34","T",1,0,0,0,0,"F"
0,1,3,1,"BBFBB","","","","W","T",0,1,0,0,0,"F"
0,1,3,1,"B*BBCB","duffm002","","","W.1-2","T",0,1,2,0,0,"F"
0,1,0,1,"FX","bryak001","duffm002","","9/F9","T",1,0,1,2,0,"F"
0,2,0,1,"FX","bryak001","duffm002","","63/G6M","T",1,0,1,2,0,"F"
1,0,1,0,"BX","","","","HR/F7D","T",0,4,0,0,0,"F"
1,0,3,2,"FBBBSX","","","","43/G34D","T",1,0,0,0,0,"F"
1,1,0,1,"FX","","","","7/L7D","T",1,0,0,0,0,"F"
1,2,2,2,"CBSBX","","","","8/F8","T",1,0,0,0,0,"F"
0,0,0,1,"SX","","","","HR/F7LD","T",0,4,0,0,0,"F"
0,0,3,2,"FBBFBS","","","","K","T",1,0,0,0,0,"F"
0,1,1,1,".CBX","","","","S7/F78S","T",0,1,0,0,0,"F"
0,1,1,2,".BFFX","sogae001","","","3/G3.1-2","T",1,0,2,0,0,"F"
0,2,3,0,"*BBVV","","sogae001","","IW","T",0,1,0,2,0,"F"
0,2,1,2,"BFFX","contw001","sogae001","","S9/L89S.2-H;1-3","T",0,1,3,4,0,"F"
0,2,2,2,"CSF*BBC","duffm002","","contw001","K","T",1,0,1,0,3,"F"
1,0,1,1,".CBX","","","","S7/G6+","T",0,1,0,0,0,"F"
1,0,1,0,"BX","rilea001","","","43/G4.1-2","T",1,0,2,0,0,"F"
1,1,3,2,".BSFB*BB","","rilea001","","W","T",0,1,0,2,0,"F"
1,1,1,0,"BX","adrie001","rilea001","","S9/L89.2-H;1-2","T",0,1,2,4,0,"F"
1,1,2,2,".*B*BSCFX","acunr001","adrie001","","16(1)3/GDP/G4MS","T",2,0,0,2,0,"F"
0,0,1,2,".SSFBX","","","","7/F78","T",1,0,0,0,0,"F"
0,1,0,2,"CFX","","","","3/G34","T",1,0,0,0,0,"F"
0,2,1,2,"FFBX","","","","9/F9S","T",1,0,0,0,0,"F"
1,0,0,1,".CX","","","","63/G6+","T",1,0,0,0,0,"F"
1,1,3,1,"BCBBX","","","","S8/G6M","T",0,1,0,0,0,"F"
1,1,2,2,"BFBFX","albio001","","","53/G56.1-2","T",1,0,2,0,0,"F"
1,2,0,0,"B","","albio001","","WP.2-3","F",0,0,0,3,0,"F"
1,2,2,0,"B.BX","","","albio001","8/F8","T",1,0,0,0,3,"F"
0,0,1,1,"BCX","","","","S6/G6","T",0,1,0,0,0,"F"
0,0,0,2,".CF>*S","hoern001","","","K+SB2","T",1,0,2,0,0,"F"
0,1,1,1,"CBX","","hoern001","","S9/L9+.2-3","T",0,1,0,3,0,"F"
0,1,2,2,"BBCCX","rizza001","","hoern001","8/SF/F8XD.3-H","T",1,0,1,0,4,"F"
0,2,1,2,"CFBX","rizza001","","","46(1)/FO/G4S.B-1","T",1,1,0,0,0,"F"
1,0,3,0,".BBBB","","","","W","T",0,1,0,0,0,"F"
1,0,3,2,"BBBCCX","rilea001","","","46(1)3/GDP/G4M+","T",2,0,0,0,0,"F"
1,2,1,2,".BSFS","","","","K+WP.B-1","T",0,1,0,0,0,"F"
1,2,1,0,"BX","sandp001","","","9/F89D","T",1,0,1,0,0,"F"
0,0,1,1,"FBX","","","","63/G6S","T",1,0,0,0,0,"T"
0,1,1,2,"CCBS","","","","K+PB.B-1","T",0,1,0,0,0,"F"
0,1,3,1,"BBBSB","hoskr001","","","W.1-2","T",0,1,2,0,0,"F"
0,1,1,2,"FCFF*BX","harpb003","hoskr001","","S7/L78.2-3;1-2","T",0,1,2,3,0,"F"
0,1,0,0,"X","realj001","harpb003","hoskr001","S9/L9.3-H(UR);2-3;1-2","T",0,1,2,3,5,"F"
0,1,1,1,"FBX","bohma001","realj001","harpb003","4/L4D","T",1,0,1,2,3,"F"
0,2,1,1,"*BCX","bohma001","realj001","harpb003","S9/G3.3-H(UR);2-H(UR);1-3","T",0,1,3,5,5,"F"
0,2,1,1,"CBX","seguj002","","bohma001","HR/L89XD.3-H(UR);1-H(UR);B-H(UR)","T",0,5,5,0,5,"F"
0,2,3,2,"CSBBBFFB","","","","W","T",0,1,0,0,0,"F"
0,2,0,2,".FCX","efliz001","","","S6/G6S-.1-2","T",0,1,2,0,0,"F"
0,2,2,2,"BSBSFS","mccua001","efliz001","","K.BX1(23)","T",1,0,1,2,0,"F"
1,0,3,2,"FCBBBC","","","","K","T",1,0,0,0,0,"F"
1,1,1,2,"CCBS","","","","K","T",1,0,0,0,0,"F"
1,2,0,1,"CX","","","","S9/L89D+","T",0,1,0,0,0,"F"
1,2,3,0,"BBBB","ozunm001","","","W.1-2","T",0,1,2,0,0,"F"
1,2,0,1,"CX","albio001","ozunm001","","4/P4M","T",1,0,1,2,0,"F"
0,0,1,2,"BCFFFFS","","","","K","T",1,0,0,0,0,"F"
0,1,3,2,"FFBFBFFFBFFX","","","","43/G6M","T",1,0,0,0,0,"F"
0,2,3,1,"BBFBX","","","","13/G4MS","T",1,0,0,0,0,"F"
1,0,2,1,"BBFX","","","","63/G6","T",1,0,0,0,0,"F"
1,1,0,0,"X","","","","HR/F89XD","T",0,4,0,0,0,"F"
1,1,2,0,"BBX","","","","1/L4MS-","T",1,0,0,0,0,"F"
1,2,1,2,"CBCS","","","","K","T",1,0,0,0,0,"F"
0,0,3,2,"BFBBFX","","","","S9/L9+","T",0,1,0,0,0,"F"
0,0,1,0,"B1X","gregd001","","","S9/G4.1-2","T",0,1,2,0,0,"F"
0,0,2,2,"FBFBX","seguj002","gregd001","","S7/F7LS.2-3;1-2","T",0,1,2,3,0,"F"
0,0,1,2,"SSBS","herro001","seguj002","gregd001","K","T",1,0,1,2,3,"F"
0,1,1,2,"CSBX","herro001","seguj002","gregd001","64(1)/FO/G6.3-H;2-3;B-1","T",1,1,0,3,4,"F"
0,2,2,2,"B1>FB1SFC","mccua001","","seguj002","K","T",1,0,1,0,3,"F"
1,0,3,2,"BFBCBX","","","","7/F7S","T",1,0,0,0,0,"F"
1,1,1,1,"BCX","","","","7/L7D","T",1,0,0,0,0,"F"
1,2,2,2,"CBFBFFX","","","","8/F8","T",1,0,0,0,0,"F"
0,0,0,0,"X","","","","7/F78D","T",1,0,0,0,0,"F"
0,1,0,0,"X","","","","S7/L7","T",0,1,0,0,0,"F"
0,1,1,2,"FC1FBX","realj001","","","64(1)3/GDP/G6","T",2,0,0,0,0,"F"
1,0,1,2,"BSFS","","","","K","T",1,0,0,0,0,"F"
1,1,0,2,"FFS","","","","K","T",1,0,0,0,0,"F"
1,2,2,2,"BSBFT","","","","K","T",1,0,0,0,0,"F"
0,0,1,1,"BSX","","","","6/P6MD","T",1,0,0,0,0,"F"
0,1,0,0,"X","","","","43/G1S","T",1,0,0,0,0,"F"
0,2,3,1,"BBBSB","","","","W","T",0,1,0,0,0,"F"
0,2,2,2,"SBB1FFS","herro001","","","K","T",1,0,1,0,0,"F"
1,0,2,2,"BFCBX","","","","D9/L9S","T",0,2,0,0,0,"F"
1,0,1,2,"SCBS","","swand001","","K","T",1,0,0,2,0,"F"
1,1,0,2,".CSX","","swand001","","7/F7LSF/FL","T",1,0,0,2,0,"F"
1,2,2,1,"BFBX","","swand001","","S9/F89.2-H","T",0,1,0,4,0,"F"
1,2,3,2,"BB>FBS>X","acunr001","","","43/G34","T",1,0,1,0,0,"F"
0,0,3,1,".BFBBX","","","","4/P4D","T",1,0,0,0,0,"F"
0,1,3,2,"BBBCFB","","","","W","T",0,1,0,0,0,"F"
0,1,0,2,"FFS","hoskr001","","","K","T",1,0,1,0,0,"F"
0,2,3,2,"CB*BBF>*B","hoskr001","","","W.1-2","T",0,1,2,0,0,"F"
0,2,2,2,"BCFBX","realj001","hoskr001","","S9/G34.2-H;1-3","T",0,1,3,4,0,"F"
0,2,0,1,"FX","bohma001","","realj001","63/G4","T",1,0,1,0,3,"F"
1,0,1,1,"CBX","","","","S8/L8","T",0,1,0,0,0,"F"
1,0,1,1,"BFX","ozunm001","","","9/F9","T",1,0,1,0,0,"F"
1,1,0,2,"SFX","ozunm001","","","54(1)3/GDP/G6","T",2,0,0,0,0,"F"
0,0,2,1,"CBBX","","","","S7/G6+","T",0,1,0,0,0,"F"
0,0,0,2,"CFS","seguj002","","","K","T",1,0,1,0,0,"F"
0,1,0,0,"X","seguj002","","","24/SH/BG2-.1-2","T",1,0,2,0,0,"F"
0,2,0,0,"B","","seguj002","","WP.2-3","F",0,0,0,3,0,"F"
0,2,2,2,"B.CCBX","","","seguj002","S7/L78+.3-H","T",0,1,0,0,4,"F"
0,2,1,2,"BCCS","mccua001","","","K","T",1,0,1,0,0,"F"
1,0,2,2,"FBCFFFBC","","","","K","T",1,0,0,0,0,"F"
1,1,1,0,"BX","","","","53/G56","T",1,0,0,0,0,"F"
1,2,2,2,".BBFSX","","","","23/G2-","T",1,0,0,0,0,"F"
0,0,3,2,".SBBSBX","","","","D9/G3","T",0,2,0,0,0,"F"
0,0,0,0,"B","","harpb003","","WP.2-3","F",0,0,0,3,0,"F"
0,0,3,2,"B.BCFBFX","","","harpb003","HR/F8XD.3-H","T",0,4,0,0,4,"F"
0,0,2,2,"BCFB*S","","","","K","T",1,0,0,0,0,"F"
0,1,3,1,"BBBCB","","","","W","T",0,1,0,0,0,"F"
0,1,3,1,"BBBCX","gregd001","","","S9/L9LS.1-3","T",0,1,3,0,0,"F"
0,1,1,1,"...BSX","maton001","","gregd001","46(1)/FO/G4.3-H;B-1","T",1,1,0,0,4,"F"
0,2,1,2,".CBCX","herro001","","","5/L56","T",1,0,1,0,0,"F"
1,0,3,2,".....BCFBFFBX","","","","13/G13-","T",1,0,0,0,0,"F"
1,1,2,2,"CCBBC","","","","K","T",1,0,0,0,0,"F"
1,2,2,1,"BBFX","","","","53/G15+","T",1,0,0,0,0,"F"
0,0,2,2,"SBSFBC","","","","K","T",1,0,0,0,0,"F"
0,1,2,2,"SSBBC","","","","K","T",1,0,0,0,0,"F"
0,2,1,1,"BSX","","","","S9/L9L","T",0,1,0,0,0,"F"
0,2,1,2,"BFFC","harpb003","","","K","T",1,0,1,0,0,"F"
1,0,1,2,"CFBC","","","","K","T",1,0,0,0,0,"F"
1,1,3,2,"BSBFBFX","","","","8/F8XD","T",1,0,0,0,0,"F"
1,2,0,1,"CX","","","","63/G6","T",1,0,0,0,0,"F"
0,0,3,1,"BFBBX","","","","13/G23-","T",1,0,0,0,0,"T"
0,1,0,0,"X","","","","HR/L7LD","T",0,4,0,0,0,"F"
0,1,3,0,"BBBB","","","","W","T",0,1,0,0,0,"F"
0,1,0,0,"X","harpb003","","","D8/L89XD+.1-3","T",0,2,3,0,0,"F"
0,1,3,1,"C*B*BBX","","realj001","harpb003","43/G4D.3-H;2-3","T",1,0,0,3,4,"F"
0,2,3,2,"*BTSFBBT","","","realj001","K","T",1,0,0,0,3,"F"
1,0,2,2,"FFBBX","","","","9/F89S","T",1,0,0,0,0,"F"
1,1,3,0,"BBBX","","","","43/G4+","T",1,0,0,0,0,"F"
1,2,2,2,"CSBBS","","","","K","T",1,0,0,0,0,"F"
0,0,0,1,"CX","","","","S5/G6","T",0,1,0,0,0,"F"
0,0,3,1,"BBCBB","millb002","","","W.1-2","T",0,1,2,0,0,"F"
0,0,1,2,"CLBL","herro001","millb002","","K","T",1,0,1,2,0,"F"
0,1,0,1,"CX","herro001","millb002","","S8/L89D.2-H;1-3","T",0,1,3,4,0,"F"
0,1,0,2,"CFFX","mccua001","","herro001","4(1)3/GDP/G6M","T",2,0,0,0,3,"F"
1,0,3,1,"BSBBB","","","","W","T",0,1,0,0,0,"F"
1,0,3,2,"*S11B>FB1B>B","albio001","","","W.1-2","T",0,1,2,0,0,"F"
1,0,3,2,"*BCBSF*BFT","rilea001","albio001","","K","T",1,0,1,2,0,"F"
1,1,3,2,"BCBFF*BS","rilea001","albio001","","K","T",1,0,1,2,0,"F"
1,2,0,1,"FX","rilea001","albio001","","4/L4MD","T",1,0,1,2,0,"F"
0,0,2,2,"CBSBS","","","","K","T",1,0,0,0,0,"F"
0,1,3,1,"CBBB*B","","","","W","T",0,1,0,0,0,"F"
0,1,2,2,"1CB*BSS","realj001","","","K","T",1,0,1,0,0,"F"
0,2,2,1,"BBFX","realj001","","","3/P4S","T",1,0,1,0,0,"F"
1,0,0,2,"CSC","","","","K","T",1,0,0,0,0,"F"
1,1,0,0,"X","","","","7/L7D+","T",1,0,0,0,0,"F"
1,2,0,1,"CX","","","","53/G89S+","T",1,0,0,0,0,"F"
0,0,1,0,"BX","","","","7/F7LD","T",1,0,0,0,0,"F"
0,1,3,2,"BCBCBS","","","","K","T",1,0,0,0,0,"F"
0,2,1,2,"CFBC","","","","K","T",1,0,0,0,0,"F"
1,0,2,2,"BBFFX","","","","63/G6D","T",1,0,0,0,0,"F"
1,1,3,2,"BTBSBX","","","","T7/F7LD","T",0,3,0,0,0,"F"
1,1,3,0,"*BB*BB","","","albio001","W","T",0,1,0,0,3,"F"
1,1,0,0,"X","rilea001","","albio001","4/P4","T",1,0,1,0,3,"F"
1,2,2,1,"*BBCX","rilea001","","albio001","64(1)/FO/G6.B-1","T",1,1,0,0,3,"F"
0,0,1,0,"BX","","","","S8/L78","T",0,1,0,0,0,"F"
0,0,1,2,"BCS1X","mccua001","","","S8/G4M.1-3","T",0,1,3,0,0,"F"
0,0,0,0,"X","seguj002","","mccua001","16(1)3/GDP/G1.3-3","T",2,0,0,0,3,"F"
0,2,3,2,"BCF*BBS","","","mccua001","K","T",1,0,0,0,3,"F"
1,0,2,2,"SSBFBX","","","","63/G6+","T",1,0,0,0,0,"F"
1,1,2,2,"CBSBFC","","","","K","T",1,0,0,0,0,"F"
1,2,0,2,"CCC","","","","K","T",1,0,0,0,0,"F"
0,0,1,1,"SBX","","","","163/G6M","T",1,0,0,0,0,"F"
0,1,0,0,"X","","","","43/G34+","T",1,0,0,0,0,"F"
0,2,3,2,"TBBBCX","","","","5/P5SF/FL","T",1,0,0,0,0,"F"
1,0,1,0,"BX","","","","HR/F89XD","T",0,4,0,0,0,"F"
1,0,2,2,"SFBBX","","","","63/G6","T",1,0,0,0,0,"F"
1,1,1,2,"...FBSS","","","","K","T",1,0,0,0,0,"F"
1,2,2,1,"CBBX","","","","S8/L78","T",0,1,0,0,0,"F"
1,2,0,0,"X","rilea001","","","7/F7LD","T",1,0,1,0,0,"F"
0,0,3,2,".LBCBBX","","","","S6/G6M","T",0,1,0,0,0,"F"
0,0,2,2,"BL*BSS","herro001","","","K","T",1,0,1,0,0,"F"
0,1,1,2,"SC*BX","herro001","","","7/F7LF/FL","T",1,0,1,0,0,"F"
0,2,2,2,"BCSFBX","herro001","","","S39/L9LS.1-3","T",0,1,3,0,0,"F"
0,2,2,2,"BFCB*S","seguj002","","herro001","K","T",1,0,1,0,3,"F"
1,0,0,1,"FX","","","","8/F8","T",1,0,0,0,0,"F"
1,1,0,0,"X","","","","53/G25-","T",1,0,0,0,0,"F"
1,2,0,1,".CX","","","","S8/G6M+","T",0,1,0,0,0,"F"
1,2,1,0,"BH","adrie001","","","HP.1-2","T",0,1,2,0,0,"F"
1,2,2,2,"...CS*BF*BX","tomlj001","adrie001","","3/G3","T",1,0,1,2,0,"F"
0,0,3,2,"..CBSBBFS","","","","K","T",1,0,0,0,0,"F"
0,1,3,2,"BBBCSFX","","","","43/G4MS","T",1,0,0,0,0,"F"
0,2,2,0,"BBX","","","","5/P5F/FL","T",1,0,0,0,0,"F"
1,0,3,0,"BBB*B","","","","W","T",0,1,0,0,0,"F"
1,0,0,0,"B","ozunm001","","","WP.1-2","F",0,0,2,0,0,"F"
1,0,1,0,"B.X","","ozunm001","","63/G56","T",1,0,0,2,0,"F"
1,1,1,2,"CBCT","","ozunm001","","K","T",1,0,0,2,0,"F"
1,2,2,2,"CFBBC","","ozunm001","","K","T",1,0,0,2,0,"F"
0,0,2,2,".BFCBX","","","","3/G3","T",1,0,0,0,0,"F"
0,1,0,0,"X","","","","53/BG56S","T",1,0,0,0,0,"F"
0,2,2,2,"BSFBFS","","","","K","T",1,0,0,0,0,"F"
1,0,1,2,"..BSSS","","","","K","T",1,0,0,0,0,"F"
1,1,1,2,"CSBX","","","","8/L8XD+","T",1,0,0,0,0,"F"
1,2,3,2,"CFBBFFBB","","","","W","T",0,1,0,0,0,"F"
1,2,1,2,".SBFX","adrie001","","","HR/F89XD.1-H","T",0,4,4,0,0,"F"
1,2,3,1,"BBBSB","","","","W","T",0,1,0,0,0,"F"
1,2,1,0,"*BX","freef001","","","9/F9L","T",1,0,1,0,0,"F"
0,0,3,1,"..FBBBB","","kings001","","W","T",0,1,0,2,0,"F"
0,0,3,2,".SB2C*BFBS","mccua001","kings001","","K","T",1,0,1,2,0,"F"
0,1,1,0,"*BX","mccua001","kings001","","6/P6MD","T",1,0,1,2,0,"F"
0,2,1,1,"CBX","mccua001","kings001","","3/P3SF/FL","T",1,0,1,2,0,"F"
1,0,0,2,"..FFX","","ozunm001","","43/G34.2-3","T",1,0,0,3,0,"F"
1,1,3,0,"VVVV","","","ozunm001","IW","T",0,1,0,0,3,"F"
1,1,3,0,"VVVV","rilea001","","ozunm001","IW.1-2","T",0,1,2,0,3,"F"
1,1,2,1,"CBBX","swand001","rilea001","ozunm001","52(3)/FO/G5S+.2-3;1-2;B-1","T",1,1,2,3,0,"F"
1,2,1,2,"FF*BFS","contw002","swand001","rilea001","K","T",1,0,1,2,3,"F"
0,0,1,2,"..BFFS","","realj001","","K","T",1,0,0,2,0,"F"
0,1,2,2,"BBTSFC","","realj001","","K","T",1,0,0,2,0,"F"
0,2,0,1,"CX","","realj001","","D8/F89XD.2-H(UR)","T",0,2,0,5,0,"F"
0,2,0,0,"X","","maton001","","C/E2.B-1","T",0,1,0,2,0,"F"
0,2,2,2,"FBSFBX","herro001","maton001","","7/F7S","T",1,0,1,2,0,"F"
1,0,2,1,"..BCBX","","pachc001","","S6/G4M.2-H(E6/TH)(NR)(UR)","T",0,1,0,5,0,"F"
1,0,1,0,".BX","adrie001","","","34/SH/BG2.1-2","T",1,0,2,0,0,"F"
1,1,3,0,"VVVV","","adrie001","","IW","T",0,1,0,2,0,"F"
1,1,0,2,"FFX","freef001","adrie001","","3/P3S","T",1,0,1,2,0,"F"
1,2,3,1,"SBBBX","freef001","adrie001","","43/G34","T",1,0,1,2,0,"F"
0,0,1,2,"..SC*BFX","","kings001","","S5/G6.2-2","T",0,1,0,2,0,"F"
0,0,0,0,".X","mccua001","kings001","","S2/BG2-.2-3;1-2","T",0,1,2,3,0,"F"
0,0,1,2,"SBCX","knapa001","mccua001","kings001","FC1/G1S.3-H(E1/TH)(NR)(UR);2-H(NR);1-3;B-1","T",0,1,3,4,5,"F"
0,0,1,2,"SBSFX","harpb003","","knapa001","S9/G34+.3-H(UR);1-2","T",0,1,2,0,5,"F"
0,0,0,1,"SX","realj001","harpb003","","64(1)3/GDP/G6M+.2-3","T",2,0,0,3,0,"F"
0,2,2,2,"F*BBFX","","","harpb003","53/G56","T",1,0,0,0,3,"F"
1,0,3,2,"...SFBBFFFBFB","","albio001","","W","T",0,1,0,2,0,"F"
1,0,0,0,"X","rilea001","albio001","","S7/G56.2-3;1-2","T",0,1,2,3,0,"F"
1,0,0,1,"FX","swand001","rilea001","albio001","D7/L56S+.3-H(UR);2-H;1-H","T",0,2,4,4,5,"F"
1,0,0,0,".X","","contw002","","FC/SH/BG2-.2-3;B-1","T",0,1,0,3,0,"F"
1,0,1,2,"BFFFX","pachc001","","contw002","S9/L9LS.3-H;1-2","T",0,1,2,0,4,"F"
0,0,0,0,"X","","","","HR/F78XD","T",0,4,0,0,0,"T"
0,0,2,2,"FBSBX","","","","9/F9L","T",1,0,0,0,0,"F"
0,1,3,2,"BCCBFBS","","","","K","T",1,0,0,0,0,"F"
0,2,0,1,"CH","","","","HP","T",0,1,0,0,0,"F"
0,2,0,2,"CS>B","realj001","","","SB2.1-3(E2/TH)","F",0,0,3,0,0,"F"
0,2,2,2,"CS>B.BX","","","realj001","63/G6","T",1,0,0,0,3,"F"
1,0,3,1,"BBBFB","","","","W","T",0,1,0,0,0,"F"
1,0,1,0,"111B>B","acunr001","","","SB2","F",0,0,2,0,0,"F"
1,0,3,2,"111B>B.CSFBX","","acunr001","","S8/L78.2-H;B-2","T",0,2,0,4,0,"F"
1,0,0,0,"X","","freef001","","63/G6D","T",1,0,0,2,0,"F"
1,1,2,2,"FFB*BX","","freef001","","T8/L89XD.2-H","T",0,3,0,4,0,"F"
1,1,1,2,"BCFC","","","albio001","K","T",1,0,0,0,3,"F"
1,2,0,0,"X","","","albio001","HR/F78XD.3-H","T",0,4,0,0,4,"F"
1,2,0,1,"CX","","","","13/G1","T",1,0,0,0,0,"F"
0,0,1,2,"CBFX","","","","D39/G3","T",0,2,0,0,0,"F"
0,0,3,2,"F*BCB*BX","","gregd001","","8/L8D","T",1,0,0,2,0,"F"
0,1,0,1,"FX","","gregd001","","7/L7D","T",1,0,0,2,0,"F"
0,2,2,2,"CCBBC","","gregd001","","K","T",1,0,0,2,0,"F"
1,0,0,0,"X","","","","3/P3F/FL","T",1,0,0,0,0,"F"
1,1,0,2,"CSS","","","","K","T",1,0,0,0,0,"F"
1,2,3,2,"FBFBBX","","","","3/P34D","T",1,0,0,0,0,"F"
0,0,3,2,"BBBCCB","","","","W","T",0,1,0,0,0,"F"
0,0,0,0,"X","mccua001","","","S9/L9+.1-2","T",0,1,2,0,0,"F"
0,0,2,2,"*BBSF*S","seguj002","mccua001","","K","T",1,0,1,2,0,"F"
0,1,0,2,"CFC","seguj002","mccua001","","K","T",1,0,1,2,0,"F"
0,2,1,2,"CFBX","seguj002","mccua001","","23/G2-","T",1,0,1,2,0,"F"
1,0,0,0,"X","","","","HR/F78XD","T",0,4,0,0,0,"F"
1,0,0,2,"CSX","","","","9/F89D","T",1,0,0,0,0,"F"
1,1,2,1,"SBBX","","","","5/P5DF/FL","T",1,0,0,0,0,"F"
1,2,1,2,"FCFBS","","","","K","T",1,0,0,0,0,"F"
0,0,0,1,"CX","","","","8/F8D","T",1,0,0,0,0,"F"
0,1,0,0,"X","","","","63/G56D+","T",1,0,0,0,0,"F"
0,2,2,1,"BBCX","","","","7/F7LF/FL","T",1,0,0,0,0,"F"
1,0,2,2,"CBBSX","","","","S56/G6S-","T",0,1,0,0,0,"F"
1,0,1,2,"1BCF1T","swand001","","","K","T",1,0,1,0,0,"F"
1,1,0,0,"X","swand001","","","54(1)3/GDP/G5S","T",2,0,0,0,0,"F"
0,0,2,2,".CSBFBS","","","","K","T",1,0,0,0,0,"F"
0,1,3,2,"BSBFFFBS","","","","K","T",1,0,0,0,0,"F"
0,2,2,1,"FBBX","","","","63/G56","T",1,0,0,0,0,"F"
1,0,1,0,".BX","","","","S67/G56","T",0,1,0,0,0,"F"
1,0,2,0,"BBX","ynoah001","","","54(1)/FO/G5.B-1","T",1,1,0,0,0,"F"
1,1,3,2,"BBCFFB1","acunr001","","","POCS2(13651)","F",1,0,0,0,0,"F"
1,2,3,2,"BBCFFB1.B","","","","W","T",0,1,0,0,0,"F"
1,2,1,0,"BX","freef001","","","43/G6M+","T",1,0,1,0,0,"F"
0,0,1,1,"BFX","","","","7/L7D","T",1,0,0,0,0,"F"
0,1,2,2,"SBBCX","","","","S8/G13+","T",0,1,0,0,0,"F"
0,1,0,1,"FX","realj001","","","8/L89D","T",1,0,1,0,0,"F"
0,2,0,0,"X","realj001","","","9/L89D","T",1,0,1,0,0,"F"
1,0,2,2,"BFBSC","","","","K","T",1,0,0,0,0,"F"
1,1,1,0,"BX","","","","S8/G4","T",0,1,0,0,0,"F"
1,1,3,2,"CS*BB*BS","rilea001","","","K","T",1,0,1,0,0,"F"
1,2,1,2,"CFB*S","rilea001","","","K","T",1,0,1,0,0,"F"
0,0,2,1,".FBBX","","","","S7/G56","T",0,1,0,0,0,"F"
0,0,3,2,"*B*SB*SF*BX","hoskr001","","","16(1)3/GDP/G4MS","T",2,0,0,0,0,"F"
0,2,1,2,".BSSS","","","","K","T",1,0,0,0,0,"F"
1,0,3,2,".CFBBFBX","","","","53/G5D","T",1,0,0,0,0,"F"
1,1,1,0,".BX","","","","43/G4","T",1,0,0,0,0,"F"
1,2,1,0,"BX","","","","8/F8","T",1,0,0,0,0,"F"
0,0,1,2,".SBFX","","","","63/G56","T",1,0,0,0,0,"F"
0,1,1,0,"BX","","","","6/P78S","T",1,0,0,0,0,"F"
0,2,2,1,"SBBX","","","","7/L7D","T",1,0,0,0,0,"F"
1,0,3,2,"BBBFFFFX","","","","S7/L78D","T",0,1,0,0,0,"F"
1,0,1,0,"BX","freef001","","","9/F9D","T",1,0,1,0,0,"F"
1,1,0,2,"SFFFX","freef001","","","64(1)/FO/G56.B-1","T",1,1,0,0,0,"F"
1,2,2,2,"BCFFB1X","albio001","","","D7/L78XD.1-H;BX3(76456)","T",1,0,4,0,0,"F"
0,0,0,2,".CFS","","","","K","T",1,0,0,0,0,"F"
0,1,1,2,"CBFFX","","","","S9/G34+","T",0,1,0,0,0,"F"
0,1,3,2,"*BFBFBFFFS","bohma001","","","K","T",1,0,1,0,0,"F"
0,2,1,0,"B>*B","bohma001","","","DI.1-2","F",0,0,2,0,0,"F"
0,2,2,1,"B>*B.CX","","bohma001","","7/L7","T",1,0,0,2,0,"F"
0,0,3,2,"CBCBFBC","","","","K","T",1,0,0,0,0,"T"
0,1,1,2,"FBFS","","","","K","T",1,0,0,0,0,"F"
0,2,3,2,"CBSBBFC","","","","K","T",1,0,0,0,0,"F"
1,0,0,0,"X","","","","S7/L7D","T",0,1,0,0,0,"F"
1,0,3,0,"BBBH","acunr001","","","HP.1-2","T",0,1,2,0,0,"F"
1,0,1,2,"B>FSC","freef001","acunr001","","K","T",1,0,1,2,0,"F"
1,1,1,2,"2C*SFFBX","freef001","acunr001","","S7/G56+.2-H;1-2","T",0,1,2,4,0,"F"
1,1,2,2,"SCBBX","albio001","freef001","","8/F89","T",1,0,1,2,0,"F"
1,2,3,2,"CBBBF>X","albio001","freef001","","9/F89S","T",1,0,1,2,0,"F"
0,0,1,0,"BX","","","","S9/L9L","T",0,1,0,0,0,"F"
0,0,1,2,"BFFS","hernt002","","","K","T",1,0,1,0,0,"F"
0,1,0,2,"CFFX","hernt002","","","9/L9","T",1,0,1,0,0,"F"
0,2,2,1,"BFBX","hernt002","","","7/F7S","T",1,0,1,0,0,"F"
1,0,1,2,"BCSFFC","","","","K","T",1,0,0,0,0,"F"
1,1,3,2,"FBFBBS","","","","K","T",1,0,0,0,0,"F"
1,2,1,2,"CBCX","","","","3/G3","T",1,0,0,0,0,"F"
0,0,1,2,"FBFX","","","","S8/L78D","T",0,1,0,0,0,"F"
0,0,1,2,"LBLX","mcgur002","","","1/BP1","T",1,0,1,0,0,"F"
0,1,0,0,"X","mcgur002","","","S7/L78+.1-2","T",0,1,2,0,0,"F"
0,1,0,1,"CX","semim001","mcgur002","","54(1)3/GDP/G56+","T",2,0,0,2,0,"F"
1,0,2,2,"CFBBX","","","","HR/L78XD","T",0,4,0,0,0,"F"
1,0,0,0,"X","","","","S9/L89D","T",0,1,0,0,0,"F"
1,0,1,2,"SFBS","freef001","","","K","T",1,0,1,0,0,"F"
1,1,2,1,"1BFB1","freef001","","","POCS2(134)","F",1,0,0,0,0,"F"
1,2,2,2,"1BFB1.TX","","","","9/F9D","T",1,0,0,0,0,"F"
0,0,2,2,"BBCCX","","","","53/G5","T",1,0,0,0,0,"F"
0,1,0,1,"FX","","","","6/L56D+","T",1,0,0,0,0,"F"
0,2,3,2,"BBBSSFX","","","","31/G4","T",1,0,0,0,0,"F"
1,0,3,2,"SFBBBFFS","","","","K","T",1,0,0,0,0,"F"
1,1,0,0,"X","","","","53/G56+","T",1,0,0,0,0,"F"
1,2,2,2,"BFFBS","","","","K","T",1,0,0,0,0,"F"
0,0,0,0,"X","","","","43/G4","T",1,0,0,0,0,"F"
0,1,2,2,"CBSBX","","","","63/G6","T",1,0,0,0,0,"F"
0,2,0,0,"X","","","","31/G3","T",1,0,0,0,0,"F"
1,0,1,2,"BCFX","","","","53/G5D","T",1,0,0,0,0,"F"
1,1,0,2,"CCS","","","","K","T",1,0,0,0,0,"F"
1,2,1,2,"SBSS","","","","K","T",1,0,0,0,0,"F"
0,0,1,2,"FBSX","","","","13/G23-","T",1,0,0,0,0,"F"
0,1,3,1,"BBSBX","","","","S7/L7+","T",0,1,0,0,0,"F"
0,1,1,1,"BTX","semim001","","","63/G6M.1-2","T",1,0,2,0,0,"F"
0,2,0,1,"CX","","semim001","","HR/F89XD.2-H","T",0,4,0,4,0,"F"
0,2,0,1,"FX","","","","S9/L9LS","T",0,1,0,0,0,"F"
0,2,1,2,">FBFS","hernt002","","","K","T",1,0,1,0,0,"F"
1,0,1,2,"FBCX","","","","43/G34","T",1,0,0,0,0,"F"
1,1,0,2,"FFX","","","","HR/F7D","T",0,4,0,0,0,"F"
1,1,1,2,"FBFC","","","","K","T",1,0,0,0,0,"F"
1,2,2,2,"SSBFBS","","","","K","T",1,0,0,0,0,"F"
0,0,1,2,".CFBS","","","","K","T",1,0,0,0,0,"F"
0,1,1,0,"BX","","","","43/G4MD+","T",1,0,0,0,0,"F"
0,2,3,2,".BBSBF*S","","","","K","T",1,0,0,0,0,"F"
1,0,1,2,".....CBFX","","","","53/G56","T",1,0,0,0,0,"F"
1,1,0,0,"X","","","","63/G6","T",1,0,0,0,0,"F"
1,2,1,1,"CBX","","","","D8/F89XD+","T",0,2,0,0,0,"F"
1,2,2,1,".CBBX","","pachc001","","9/F89XD","T",1,0,0,2,0,"F"
0,0,1,1,".CBX","","","","D8/F9D","T",0,2,0,0,0,"F"
0,0,3,2,"BFBSFBX","","davij007","","FC1/G1S-.B-1","T",0,1,0,2,0,"F"
0,0,3,0,"BBBX","semim001","davij007","","S7/L78+.2-3;1-2","T",0,1,2,3,0,"F"
0,0,0,0,"X","bichb001","semim001","davij007","S7/G56+.3-H;2-3;1-2","T",0,1,2,3,4,"F"
0,0,1,2,".BSFFX","guerv002","bichb001","semim001","S3/G4S-.3-H;2-3;1-2","T",0,1,2,3,4,"F"
0,0,1,2,"BSFF*S","hernt002","guerv002","bichb001","K","T",1,0,1,2,3,"F"
0,1,3,0,"BB*BB","hernt002","guerv002","bichb001","W.3-H;2-3;1-2","T",0,1,2,3,4,"F"
0,1,2,2,".CBFFFBX","biggc002","hernt002","guerv002","7/F7LS","T",1,0,1,2,3,"F"
0,2,0,2,"CSFFX","biggc002","hernt002","guerv002","7/L78D","T",1,0,1,2,3,"F"
1,0,3,2,".BFBCBS","","","","K","T",1,0,0,0,0,"F"
1,1,0,0,"X","","","","3/G3","T",1,0,0,0,0,"F"
1,2,3,2,"CBBBC*S","","","","K","T",1,0,0,0,0,"F"
0,0,0,0,".H","","","","HP","T",0,1,0,0,0,"F"
0,0,2,2,"BFBCFS","davij007","","","K","T",1,0,1,0,0,"F"
0,1,2,0,"*BB>B","davij007","","","SB2","F",0,0,2,0,0,"F"
0,1,3,2,"*BB>B.CFS","","davij007","","K","T",1,0,0,2,0,"F"
0,2,0,1,"SX","","davij007","","S6/G56.2XH(632)","T",1,1,0,0,0,"F"
1,0,3,2,".BFBSBC","","","","K","T",1,0,0,0,0,"F"
1,1,3,2,"FBBFBFX","","","","S1/G25-","T",0,1,0,0,0,"F"
1,1,2,2,"FBTBFX","rilea001","","","54(1)/FO/G5.B-1","T",1,1,0,0,0,"F"
1,2,3,2,".C*BFB*B>B","swand001","","","W.1-2","T",0,1,2,0,0,"F"
1,2,2,1,"..BBCX","smyld001","swand001","","7/F7D","T",1,0,1,2,0,"F"
0,0,2,0,"BBX","","","","53/G5","T",1,0,0,0,0,"T"
0,1,0,2,"CSFFFFFX","","","","S9/L9S.BX1(93)","T",1,0,0,0,0,"F"
0,2,0,0,"X","","","","53/G5","T",1,0,0,0,0,"F"
1,0,2,2,"BBCCS","","","","K","T",1,0,0,0,0,"F"
1,1,0,0,"X","","","","6/P6D","T",1,0,0,0,0,"F"
1,2,0,2,"CFFX","","","","S8/L89D","T",0,1,0,0,0,"F"
1,2,0,1,"FX","ozunm001","","","54(1)/FO/G56.B-1","T",1,1,0,0,0,"F"
0,0,3,1,"BBBCB","","","","W","T",0,1,0,0,0,"F"
0,0,2,1,"BBFX","hernt002","","","9/F9","T",1,0,1,0,0,"F"
0,1,0,1,"CX","hernt002","","","7/F78XD","T",1,0,1,0,0,"F"
0,2,0,1,"1C1","hernt002","","","POCS2(136)","F",1,0,0,0,0,"F"
1,0,0,0,"X","","","","7/F78","T",1,0,0,0,0,"F"
1,1,3,2,"CBSFBFBC","","","","K","T",1,0,0,0,0,"F"
1,2,2,2,"SFBBS","","","","K","T",1,0,0,0,0,"F"
0,0,1,1,"CBX","","","","8/F78XD","T",1,0,0,0,0,"F"
0,1,1,1,"TBX","","","","9/F89D","T",1,0,0,0,0,"F"
0,2,1,2,"BCFS","","","","K","T",1,0,0,0,0,"F"
1,0,1,2,"CBCS","","","","K","T",1,0,0,0,0,"F"
1,1,0,1,"CX","","","","S9/G4+","T",0,1,0,0,0,"F"
1,1,0,0,"X","friem001","","","8/F8XD+","T",1,0,1,0,0,"F"
1,2,0,2,"FCS","friem001","","","K","T",1,0,1,0,0,"F"
0,0,2,2,"CBFFBS","","","","K","T",1,0,0,0,0,"F"
0,1,0,0,"X","","","","13/G23","T",1,0,0,0,0,"F"
0,2,1,1,"CBX","","","","7/L2","T",1,0,0,0,0,"F"
1,0,0,1,"SX","","","","8/L8","T",1,0,0,0,0,"F"
1,1,3,2,"SBFBBX","","","","S9/F9S","T",0,1,0,0,0,"F"
1,1,2,2,"1CBF1BX","albio001","","","53/G56S.1-2","T",1,0,2,0,0,"F"
1,2,0,1,"FX","","albio001","","63/G6","T",1,0,0,2,0,"F"
0,0,1,2,"BCFFX","","","","3/G34","T",1,0,0,0,0,"F"
0,1,3,1,"BBSBX","","","","9/L89D","T",1,0,0,0,0,"F"
0,2,2,2,"CBSBFFX","","","","53/G5","T",1,0,0,0,0,"F"
1,0,1,1,"BFX","","","","HR/F7D","T",0,4,0,0,0,"F"
1,0,0,0,"X","","","","53/G56S","T",1,0,0,0,0,"F"
1,1,2,2,"CCBBX","","","","7/L7D","T",1,0,0,0,0,"F"
1,2,3,2,"FCBBBB","","","","W","T",0,1,0,0,0,"F"
1,2,0,2,"CFS","acunr001","","","K","T",1,0,1,0,0,"F"
0,0,3,2,"CCBBBB","","","","W","T",0,1,0,0,0,"F"
0,0,3,2,"1CFBFBBS","biggc002","","","K","T",1,0,1,0,0,"F"
0,1,2,2,"FBS*B>S","biggc002","","","K+SB2","T",1,0,2,0,0,"F"
0,2,1,2,"CCBX","","biggc002","","D7/L7L+.2-H","T",0,2,0,4,0,"F"
0,2,3,1,"CBBBB","","semim001","","W","T",0,1,0,2,0,"F"
0,2,0,0,"X","bichb001","semim001","","8/F8D","T",1,0,1,2,0,"F"
1,0,3,2,"CFBBBX","","","","63/G6+","T",1,0,0,0,0,"F"
1,1,1,0,"BX","","","","63/G56","T",1,0,0,0,0,"F"
1,2,0,1,"CX","","","","D7/L5D","T",0,2,0,0,0,"F"
1,2,2,1,"BBCX","","rilea001","","9/F9L","T",1,0,0,2,0,"F"
0,0,0,0,".X","","","","HR/F89XD","T",0,4,0,0,0,"F"
0,0,1,2,"CB*S*S","","","","K","T",1,0,0,0,0,"F"
0,1,1,1,"FBX","","","","9/F9D+","T",1,0,0,0,0,"F"
0,2,3,1,"BCBBX","","","","31/G3","T",1,0,0,0,0,"F"
1,0,0,1,"FX","","","","8/F8D","T",1,0,0,0,0,"F"
1,1,2,1,"BBCX","","","","4/P8S","T",1,0,0,0,0,"F"
1,2,3,1,".BCBBX","","","","8/L8D","T",1,0,0,0,0,"F"
0,0,1,2,".FCBS","","","","K","T",1,0,0,0,0,"F"
0,1,2,1,".FBBX","","","","8/F8XD","T",1,0,0,0,0,"F"
0,2,3,2,"BCFBBS","","","","K","T",1,0,0,0,0,"F"
1,0,0,0,".X","","","","7/F7S","T",1,0,0,0,0,"F"
1,1,3,2,"BBBCTT","","","","K","T",1,0,0,0,0,"F"
1,2,1,2,"SCBS","","","","K","T",1,0,0,0,0,"F"
0,0,0,0,".X","","","","S7/L7S","T",0,1,0,0,0,"F"
0,0,1,2,"1CBSX","bichb001","","","9/F9","T",1,0,1,0,0,"F"
0,1,1,1,"B1FX","bichb001","","","HR/F78XD.1-H","T",0,4,4,0,0,"F"
0,1,3,2,"BSSBBX","","","","7/F78","T",1,0,0,0,0,"F"
0,2,0,0,"X","","","","E6/G6D.B-1","T",0,1,0,0,0,"F"
0,2,0,1,"S>B","gurrl001","","","CS2(26)","F",1,0,0,0,0,"F"
1,0,2,2,"....BBFSX","","","","8/L8D","T",1,0,0,0,0,"F"
1,1,3,2,"CBSBFBB","","","","W","T",0,1,0,0,0,"F"
1,1,0,2,"SFX","rilea001","","","8/F8XD","T",1,0,1,0,0,"F"
1,2,0,0,"X","rilea001","","","7/F78XD+","T",1,0,1,0,0,"F"
0,0,2,2,"BCSBX","","","","S9/L89+","T",0,1,0,0,0,"T"
0,0,3,2,"B1BCBC>X","semim001","","","4(1)3/GDP/G4M","T",2,0,0,0,0,"F"
0,2,1,2,"CFBS","","","","K","T",1,0,0,0,0,"F"
1,0,0,0,"X","","","","HR/F7LD","T",0,4,0,0,0,"F"
1,0,1,1,"CBX","","","","S8/G4M","T",0,1,0,0,0,"F"
1,0,1,2,"C*BCFF1X","freef001","","","9/L9","T",1,0,1,0,0,"F"
1,1,0,0,"X","freef001","","","S8/F8.1-3","T",0,1,3,0,0,"F"
1,1,0,0,">B","albio001","","freef001","SB2","F",0,0,2,0,3,"F"
1,1,1,1,">B.SX","","albio001","freef001","S9/L89D.3-H;2-3;B-2","T",0,2,0,3,4,"F"
1,1,1,2,"C*BFS","","adrie001","albio001","K","T",1,0,0,2,3,"F"
1,2,2,2,"CCB*BS","","adrie001","albio001","K","T",1,0,0,2,3,"F"
0,0,0,0,"X","","","","53/G5","T",1,0,0,0,0,"F"
0,1,3,2,"BFFBBB","","","","W","T",0,1,0,0,0,"F"
0,1,0,1,"CX","biggc002","","","S7/L78+.1-2","T",0,1,2,0,0,"F"
0,1,2,2,"CFBBX","gurrl001","biggc002","","S8/F78.2-H;1-2","T",0,1,2,4,0,"F"
0,1,1,0,"BH","davij007","gurrl001","","HP.2-3;1-2","T",0,1,2,3,0,"F"
0,1,2,2,"CCBBC","mcgur002","davij007","gurrl001","K","T",1,0,1,2,3,"F"
0,2,0,0,"X","mcgur002","davij007","gurrl001","7/F7D","T",1,0,1,2,3,"F"
1,0,1,2,"SBCX","","","","63/G6","T",1,0,0,0,0,"F"
1,1,1,2,"CBSFS","","","","K","T",1,0,0,0,0,"F"
1,2,1,2,"SSBS","","","","K","T",1,0,0,0,0,"F"
0,0,1,2,"...SBSS","","","","K","T",1,0,0,0,0,"F"
0,1,3,2,"CBBCFBX","","","","6/P78S","T",1,0,0,0,0,"F"
0,2,3,2,"BSBCBX","","","","4/P34D","T",1,0,0,0,0,"F"
1,0,1,1,"BFX","","","","43/G4D","T",1,0,0,0,0,"F"
1,1,2,2,"SBCBS","","","","K","T",1,0,0,0,0,"F"
1,2,3,1,"BBBF*B","","","","W","T",0,1,0,0,0,"F"
1,2,3,2,"11PCBC*B>F>S","albio001","","","K","T",1,0,1,0,0,"F"
0,0,1,2,"LCBFFC","","","","K","T",1,0,0,0,0,"F"
0,1,0,1,"FX","","","","63/G6MS","T",1,0,0,0,0,"F"
0,2,1,1,"CBX","","","","9/F89S","T",1,0,0,0,0,"F"
1,0,2,2,"SBFBFFFFC","","","","K","T",1,0,0,0,0,"F"
1,1,2,2,"SBBSC","","","","K","T",1,0,0,0,0,"F"
1,2,3,1,"BFBBX","","","","8/F8XD","T",1,0,0,0,0,"F"
0,0,1,2,"CBSFX","","","","S9/L9LD","T",0,1,0,0,0,"F"
0,0,1,2,"CBMX","mcgur002","","","34/SH/BG2.1-2","T",1,0,2,0,0,"F"
0,1,2,1,"BSBX","","mcgur002","","7/L7D","T",1,0,0,2,0,"F"
0,2,1,2,"SB*SX","","mcgur002","","S8/L89+.2-H","T",0,1,0,4,0,"F"
0,2,2,0,"BBX","bichb001","","","S9/G3.1-3","T",0,1,3,0,0,"F"
0,2,1,1,"BFX","guerv002","","bichb001","S48/L8.3-H;1-2","T",0,1,2,0,4,"F"
0,2,3,2,"BBFBF>B","hernt002","guerv002","","W.2-3;1-2","T",0,1,2,3,0,"F"
0,2,0,2,".CFS","biggc002","hernt002","guerv002","K","T",1,0,1,2,3,"F"
1,0,2,2,"CCBBFC","","","","K","T",1,0,0,0,0,"F"
1,1,1,0,"BX","","","","4/P4D","T",1,0,0,0,0,"F"
1,2,0,0,"X","","","","8/F78S","T",1,0,0,0,0,"F"
0,0,0,0,"X","","","","9/F89D","T",1,0,0,0,0,"F"
0,1,1,2,"FBFX","","","","9/L89D","T",1,0,0,0,0,"F"
0,2,1,1,".FBX","","","","8/F78","T",1,0,0,0,0,"F"
1,0,3,1,".BBSBX","","","","S9/L89","T",0,1,0,0,0,"F"
1,0,0,2,"CSX","ozunm001","","","8/F8D","T",1,0,1,0,0,"F"
1,1,2,2,"C*BCBS","ozunm001","","","K","T",1,0,1,0,0,"F"
1,2,1,2,"CFFF*BX","ozunm001","","","HR/F7D.1-H","T",0,4,4,0,0,"F"
1,2,1,2,"BSFS","","","","K","T",1,0,0,0,0,"F"
0,0,2,2,".CCBBFS","","","","K","T",1,0,0,0,0,"F"
0,1,1,2,"SBFX","","","","7/F7D","T",1,0,0,0,0,"F"
0,2,1,0,"BX","","","","7/F7D+","T",1,0,0,0,0,"F"
1,0,1,2,".CSBS","","","","K","T",1,0,0,0,0,"F"
1,1,2,2,".SBCFFBX","","","","43/G34","T",1,0,0,0,0,"F"
1,2,0,0,"X","","","","53/G5","T",1,0,0,0,0,"F"
0,0,3,1,"....BBBFB","","","","W","T",0,1,0,0,0,"F"
0,0,0,1,"CX","hernt002","","","D8/L89D+.1-H","T",0,2,4,0,0,"F"
0,0,0,2,"CSX","","biggc002","","63/G6.2-3","T",1,0,0,3,0,"F"
0,1,2,2,"BSBCS","","","biggc002","K","T",1,0,0,0,3,"F"
0,2,0,0,"..X","","","biggc002","63/G6","T",1,0,0,0,3,"F"
1,0,1,2,"..FFBFFFX","","","","9/L89D","T",1,0,0,0,0,"F"
1,1,3,0,"BBBB","","","","W","T",0,1,0,0,0,"F"
1,1,1,0,"BX","ozunm001","","","7/F7L","T",1,0,1,0,0,"F"
1,2,0,1,"CX","ozunm001","","","8/F8D","T",1,0,1,0,0,"F"
0,0,1,2,".BCSX","","","","S7/G56","T",0,1,0,0,0,"F"
0,0,0,2,"FCFX","jansd001","","","S7/L78.1-2","T",0,1,2,0,0,"F"
0,0,0,0,"X","semim001","jansd001","","D9/L89D+.2-H;1-H","T",0,2,4,4,0,"F"
0,0,0,0,"X","","bichb001","","63/G6D+","T",1,0,0,2,0,"F"
0,1,1,0,"2BX","","bichb001","","S9/F9.2-3","T",0,1,0,3,0,"F"
0,1,3,2,"S1BCBBX","hernt002","","bichb001","D9/L9D.3-H;1-3","T",0,2,3,0,4,"F"
0,1,1,1,".FBX","","biggc002","hernt002","8/SF/F8XD+.3-H","T",1,0,0,2,4,"F"
0,2,0,0,"B","","biggc002","","PB.2-3","F",0,0,0,3,0,"F"
0,2,3,0,"B.BBX","","","biggc002","63/G6D","T",1,0,0,0,3,"F"
1,0,3,2,".BCBBFFS","","","","K","T",1,0,0,0,0,"F"
1,1,1,2,"CBSC","","","","K","T",1,0,0,0,0,"F"
1,2,0,2,"CCC","","","","K","T",1,0,0,0,0,"F"
0,0,2,0,"BBX","","","","9/F9","T",1,0,0,0,0,"T"
0,1,2,1,"BBCX","","","","S8/L8","T",0,1,0,0,0,"F"
0,1,1,2,"BSCS","alonp001","","","K","T",1,0,1,0,0,"F"
0,2,1,1,"BSX","alonp001","","","7/F78XD+","T",1,0,1,0,0,"F"
1,0,0,0,"X","","","","8/F8S+","T",1,0,0,0,0,"F"
1,1,3,1,"CBBBX","","","","9/F89XD+","T",1,0,0,0,0,"F"
1,2,0,0,"X","","","","5/P56","T",1,0,0,0,0,"F"
0,0,0,1,"SX","","","","53/G56","T",1,0,0,0,0,"F"
0,1,0,1,"CX","","","","43/G4MD","T",1,0,0,0,0,"F"
0,2,1,1,"CBX","","","","S8/L89","T",0,1,0,0,0,"F"
0,2,0,2,"LCC","nidot001","","","K","T",1,0,1,0,0,"F"
1,0,0,2,"FCX","","","","8/L8D","T",1,0,0,0,0,"F"
1,1,1,2,"BSFC","","","","K","T",1,0,0,0,0,"F"
1,2,1,2,"CFBX","","","","63/G56+","T",1,0,0,0,0,"F"
0,0,1,2,"CBST","","","","K","T",1,0,0,0,0,"F"
0,1,3,2,"BFSFBB*S","","","","K.BX1(23)","T",1,0,0,0,0,"F"
0,2,2,2,"BCBFX","","","","5/L56D+","T",1,0,0,0,0,"F"
1,0,1,0,"BX","","","","13/G4MS","T",1,0,0,0,0,"F"
1,1,0,0,"X","","","","63/G6","T",1,0,0,0,0,"F"
1,2,2,2,"BSSBFX","","","","S9/G4","T",0,1,0,0,0,"F"
1,2,3,2,"CC*BBB>C","friem001","","","K","T",1,0,1,0,0,"F"
0,0,3,2,"CBCBFBFB","","","","W","T",0,1,0,0,0,"F"
0,0,0,2,"CCFS","smitd008","","","K","T",1,0,1,0,0,"F"
0,1,2,2,"*BBFSF1S","smitd008","","","K","T",1,0,1,0,0,"F"
0,2,0,0,"X","smitd008","","","8/F89","T",1,0,1,0,0,"F"
1,0,3,2,"..BFBFFBX","","","","63/G4M","T",1,0,0,0,0,"F"
1,1,3,2,"SBBSBS","","","","K","T",1,0,0,0,0,"F"
1,2,0,2,"SSFFS","","","","K","T",1,0,0,0,0,"F"
0,0,0,0,"X","","","","6/L6D+","T",1,0,0,0,0,"F"
0,1,3,1,"BBCBB","","","","W","T",0,1,0,0,0,"F"
0,1,1,2,"FCBF*S","reids001","","","K","T",1,0,1,0,0,"F"
0,2,0,0,"X","reids001","","","13/G25-","T",1,0,1,0,0,"F"
1,0,1,0,"BX","","","","7/L7","T",1,0,0,0,0,"F"
1,1,2,2,"BBCFC","","","","K","T",1,0,0,0,0,"F"
1,2,1,0,"BX","","","","63/G6","T",1,0,0,0,0,"F"
0,0,2,2,"CFBBC","","","","K","T",1,0,0,0,0,"F"
0,1,3,0,"BBBX","","","","63/G6MS+","T",1,0,0,0,0,"F"
0,2,2,2,"CBSBX","","","","D7/G5","T",0,2,0,0,0,"F"
0,2,1,2,"FF*BX","","pillk001","","S56/G56.2-3","T",0,1,0,3,0,"F"
0,2,2,0,"B1BX","villj001","","pillk001","9/F9LD","T",1,0,1,0,3,"F"
1,0,2,2,"BCCBFS","","","","K","T",1,0,0,0,0,"F"
1,1,3,2,"SBSBFFBS","","","","K","T",1,0,0,0,0,"F"
1,2,1,0,"BX","","","","9/F9LSF/FL","T",1,0,0,0,0,"F"
0,0,0,2,"FSX","","","","D8/F89XD","T",0,2,0,0,0,"F"
0,0,1,2,"..FSBX","","nidot001","","D7/L7LS.2-H","T",0,2,0,4,0,"F"
0,0,0,0,"X","","mccaj001","","14/SH/BG1S.2-3","T",1,0,0,3,0,"F"
0,1,3,1,"*BFBB*B","","","mccaj001","W","T",0,1,0,0,3,"F"
0,1,1,1,"B1S>B","lindf001","","mccaj001","SB2","F",0,0,2,0,3,"F"
0,1,2,2,"B1S>B.FS","","lindf001","mccaj001","K","T",1,0,0,2,3,"F"
0,2,3,0,"VVVV","","lindf001","mccaj001","IW","T",0,1,0,2,3,"F"
0,2,1,2,"FCBFH","smitd008","lindf001","mccaj001","HP.3-H;2-3;1-2","T",0,1,2,3,4,"F"
0,2,1,2,"..CBFFFX","lee-k001","smitd008","lindf001","63/G6","T",1,0,1,2,3,"F"
1,0,1,2,"..BTSFX","","","","8/F78XD","T",1,0,0,0,0,"F"
1,1,2,2,"BSFBS","","","","K","T",1,0,0,0,0,"F"
1,2,0,2,"CFX","","","","4/L4D+","T",1,0,0,0,0,"F"
0,0,1,0,"BX","","","","6/P6","T",1,0,0,0,0,"F"
0,1,1,0,"BX","","","","S8/L8","T",0,1,0,0,0,"F"
0,1,1,2,".CCBS","nidot001","","","K+WP.1-2","T",1,0,2,0,0,"F"
0,2,0,0,"X","","nidot001","","D4/P9S.2-H","T",0,2,0,4,0,"F"
0,2,3,2,"BBCSF*BB","","fargj001","","W","T",0,1,0,2,0,"F"
0,2,3,2,"BSB*SB>F>X","lindf001","fargj001","","8/F8XD+","T",1,0,1,2,0,"F"
1,0,3,1,".BFBBX","","","","43/G6M+","T",1,0,0,0,0,"F"
1,1,0,1,"CX","","","","HR/F9D","T",0,4,0,0,0,"F"
1,1,1,1,"BCX","","","","D7/L7LS","T",0,2,0,0,0,"F"
1,1,1,2,".SB*SX","","hereg002","","9/L9D","T",1,0,0,2,0,"F"
1,2,2,2,".FBF*BB","","hereg002","","WP.2-3","F",0,0,0,3,0,"F"
1,2,3,2,".FBF*BB.X","","","hereg002","4/L34D","T",1,0,0,0,3,"F"
0,0,1,0,"..BX","","","","S8/L8+","T",0,1,0,0,0,"F"
0,0,2,2,"SBBSFC","smitd008","","","K","T",1,0,1,0,0,"F"
0,1,0,2,"SFX","smitd008","","","7/F7LS","T",1,0,1,0,0,"F"
0,2,1,2,"CBFF*S","smitd008","","","K.BX1(23)","T",1,0,1,0,0,"F"
1,0,2,0,".BBX","","","","13/G13-","T",1,0,0,0,0,"F"
1,1,3,0,"BBBB","","","","W","T",0,1,0,0,0,"F"
1,1,0,0,"X","freef001","","","9/F9D","T",1,0,1,0,0,"F"
1,2,0,0,"X","freef001","","","7/F7LD","T",1,0,1,0,0,"F"
0,0,1,2,"BFFX","","","","63/G6S","T",1,0,0,0,0,"T"
0,1,2,1,"BBSX","","","","13/G15","T",1,0,0,0,0,"F"
0,2,2,2,"BSBS*S","","","","K","T",1,0,0,0,0,"F"
1,0,1,2,"CSBFC","","","","K","T",1,0,0,0,0,"F"
1,1,0,1,"SX","","","","63/G4","T",1,0,0,0,0,"F"
1,2,1,2,"BCSX","","","","13/G1","T",1,0,0,0,0,"F"
0,0,1,0,"BX","","","","3/G3","T",1,0,0,0,0,"F"
0,1,0,2,"FFFS","","","","K","T",1,0,0,0,0,"F"
0,2,1,0,"BX","","","","9/F9LS","T",1,0,0,0,0,"F"
1,0,0,2,".FFS","","","","K","T",1,0,0,0,0,"F"
1,1,1,1,"FBX","","","","63/G56","T",1,0,0,0,0,"F"
1,2,2,1,"BCBX","","","","3/G3S-","T",1,0,0,0,0,"F"
0,0,0,2,"SSFC","","","","K","T",1,0,0,0,0,"F"
0,1,0,0,"X","","","","S7/L7S","T",0,1,0,0,0,"F"
0,1,0,0,"X","huntt002","","","7/F78D","T",1,0,1,0,0,"F"
0,2,1,1,"BFX","huntt002","","","HR/F78XD.1-H","T",0,4,4,0,0,"F"
0,2,2,1,"BBSX","","","","S7/L78D+","T",0,1,0,0,0,"F"
0,2,1,2,"CBS1X","lindf001","","","43/G4","T",1,0,1,0,0,"F"
1,0,3,2,"BCFBBB","","","","W","T",0,1,0,0,0,"F"
1,0,0,2,"CSC","contw002","","","K","T",1,0,1,0,0,"F"
1,1,1,2,"BC1FM","contw002","","","K","T",1,0,1,0,0,"F"
1,2,3,2,"CBFB*B>S","contw002","","","K","T",1,0,1,0,0,"F"
0,0,0,2,"CSFC","","","","K","T",1,0,0,0,0,"F"
0,1,0,1,"SX","","","","63/G6D","T",1,0,0,0,0,"F"
0,2,0,2,"CFX","","","","8/F8D","T",1,0,0,0,0,"F"
1,0,3,2,".CBFBBFB","","","","W","T",0,1,0,0,0,"F"
1,0,0,1,"CB","freef001","","","PB.1-2","F",0,0,2,0,0,"F"
1,0,1,1,"CB.X","","freef001","","FC/G4MD+.2X3(451);B-2","T",1,2,0,0,0,"F"
1,1,1,2,"SBFX","","ozunm001","","7/F7S","T",1,0,0,2,0,"F"
1,2,1,2,"BFSS","","ozunm001","","K","T",1,0,0,2,0,"F"
0,0,1,2,"FBSS","","","","K","T",1,0,0,0,0,"F"
0,1,3,1,"BSBBB","","","","W","T",0,1,0,0,0,"F"
0,1,0,2,"CFX","gselr001","","","43/G34.1-2","T",1,0,2,0,0,"F"
0,2,0,0,"X","","gselr001","","6/P8S","T",1,0,0,2,0,"F"
1,0,0,0,"X","","","","HR/F89XD","T",0,4,0,0,0,"F"
1,0,1,2,"CBFFS","","","","K","T",1,0,0,0,0,"F"
1,1,0,2,"FFX","","","","D7/L7LS","T",0,2,0,0,0,"F"
1,1,3,2,"BFCBBC","","hereg002","","K","T",1,0,0,2,0,"F"
1,2,0,0,"X","","hereg002","","43/G6M","T",1,0,0,2,0,"F"
0,0,0,2,"CSX","","","","DGR/L7LD+","T",0,2,0,0,0,"F"
0,0,1,0,"BX","","lindf001","","S6/G6.2-3","T",0,1,0,3,0,"F"
0,0,2,2,"BCFBFX","smitd008","","lindf001","8/SF/L8D.3-H","T",1,0,1,0,4,"F"
0,1,0,0,"X","smitd008","","","36(1)3/GDP/G3S","T",2,0,0,0,0,"F"
1,0,3,2,".CBFBBX","","","","HR/F8XD","T",0,4,0,0,0,"F"
1,0,1,2,"SBCS","","","","K","T",1,0,0,0,0,"F"
1,1,0,2,"FFX","","","","9/L89XD","T",1,0,0,0,0,"F"
1,2,0,2,"SFC","","","","K","T",1,0,0,0,0,"F"
0,0,0,0,".X","","","","53/G56","T",1,0,0,0,0,"F"
0,1,2,2,"CSBBFC","","","","K","T",1,0,0,0,0,"F"
0,2,2,0,".BBX","","","","9/L9D","T",1,0,0,0,0,"F"
1,0,2,2,".CBFBC","","","","K","T",1,0,0,0,0,"F"
1,1,2,2,"BFBSS","","","","K","T",1,0,0,0,0,"F"
1,2,1,0,"BX","","","","8/L89XD+","T",1,0,0,0,0,"F"
0,0,1,1,".BFX","","","","S8/L8S","T",0,1,0,0,0,"F"
0,0,0,0,"X","fargj001","","","54(1)3/GDP/G56","T",2,0,0,0,0,"F"
0,2,3,2,"CBBBFX","","","","43/G4","T",1,0,0,0,0,"F"
1,0,1,1,".BCX","","","","D8/L78","T",0,2,0,0,0,"F"
1,0,3,2,".BBC*BCF*B","","adrie001","","W","T",0,1,0,2,0,"F"
1,0,1,1,"C*BX","acunr001","adrie001","","6(1)3/GDP/G4+.2-3","T",2,0,0,3,0,"F"
1,2,1,1,"CBX","","","adrie001","S9/L9S.3-H","T",0,1,0,0,4,"F"
1,2,0,2,"SS>*S","ozunm001","","","K","T",1,0,1,0,0,"F"
0,0,1,2,".BSCFS","","","","K","T",1,0,0,0,0,"F"
0,1,0,1,"CX","","","","4/L4D","T",1,0,0,0,0,"F"
0,2,1,0,"BX","","","","HR/F78XD","T",0,4,0,0,0,"F"
0,2,1,2,"CBFX","","","","DGR/L7LD","T",0,2,0,0,0,"F"
0,2,1,2,"BSSS","","peraj003","","K","T",1,0,0,2,0,"F"
1,0,1,2,".CFBFS","","","","K","T",1,0,0,0,0,"F"
1,1,1,2,"SFBS","","","","K","T",1,0,0,0,0,"F"
1,2,1,1,".CBX","","","","8/F8D","T",1,0,0,0,0,"F"
0,0,1,2,"BFSX","","","","7/F7S","T",1,0,0,0,0,"T"
0,1,0,2,"SSFX","","","","43/G34","T",1,0,0,0,0,"F"
0,2,0,0,"X","","","","53/G56","T",1,0,0,0,0,"F"
1,0,2,2,"BFBSC","","","","K","T",1,0,0,0,0,"F"
1,1,2,2,"BFSBFFX","","","","6/L4MD","T",1,0,0,0,0,"F"
1,2,0,1,"FX","","","","31/G34","T",1,0,0,0,0,"F"
0,0,2,0,"BBX","","","","S8/G6M+","T",0,1,0,0,0,"F"
0,0,1,2,"CCBS","smitd008","","","K","T",1,0,1,0,0,"F"
0,1,3,1,"BBBCX","smitd008","","","54(1)3/GDP/G5","T",2,0,0,0,0,"F"
1,0,0,1,"FX","","","","63/G56","T",1,0,0,0,0,"F"
1,1,1,2,"BFFS","","","","K","T",1,0,0,0,0,"F"
1,2,1,2,"SBCS","","","","K","T",1,0,0,0,0,"F"
0,0,2,2,"CBFBFX","","","","63/G6D","T",1,0,0,0,0,"F"
0,1,2,2,"CCFBFBC","","","","K","T",1,0,0,0,0,"F"
0,2,0,2,"CCFC","","","","K","T",1,0,0,0,0,"F"
1,0,0,1,"CX","","","","63/G6","T",1,0,0,0,0,"F"
1,1,2,2,"BFBSS","","","","K","T",1,0,0,0,0,"F"
1,2,1,2,"CBFS","","","","K","T",1,0,0,0,0,"F"
0,0,1,2,"SFBX","","","","HR/F9D","T",0,4,0,0,0,"F"
0,0,2,0,"BBX","","","","7/F7LSF/FL","T",1,0,0,0,0,"F"
0,1,1,2,"CBCS","","","","K","T",1,0,0,0,0,"F"
0,2,2,2,"CBSB*S","","","","K","T",1,0,0,0,0,"F"
1,0,2,2,"BFBSFX","","","","9/F9S","T",1,0,0,0,0,"F"
1,1,0,0,"X","","","","S8/L8D+","T",0,1,0,0,0,"F"
1,1,2,2,"CBBFX","freef001","","","6(1)3/GDP/G6","T",2,0,0,0,0,"F"
0,0,1,2,"FBSS","","","","K","T",1,0,0,0,0,"F"
0,1,1,0,"BX","","","","53/G56","T",1,0,0,0,0,"F"
0,2,1,2,"CSBX","","","","4/L4M","T",1,0,0,0,0,"F"
1,0,0,1,"SX","","","","1/G3S-","T",1,0,0,0,0,"F"
1,1,0,0,"X","","","","D8/L89XD+","T",0,2,0,0,0,"F"
1,1,0,0,"X","","rilea001","","63/G6.2-3","T",1,0,0,3,0,"F"
1,2,0,0,"H","","","rilea001","HP","T",0,1,0,0,3,"F"
1,2,0,0,"X","contw002","","rilea001","S9/L89.3-H;1-2","T",0,1,2,0,4,"F"
1,2,0,0,"X","hereg002","contw002","","S8/L8.2-H;1-3","T",0,1,3,4,0,"F"
1,2,3,2,"C*BBFB>B","mortc002","","hereg002","W+WP.3-H(NR);1-2","T",0,1,2,0,4,"F"
1,2,0,1,"FX","acunr001","mortc002","","S8/L8D+.2-3;1-2","T",0,1,2,3,0,"F"
1,2,2,2,"...BFSBX","freef001","acunr001","mortc002","43/G6MD+","T",1,0,1,2,3,"F"
0,0,3,2,"BBCBSFC","","","","K","T",1,0,0,0,0,"F"
0,1,1,1,"FBX","","","","8/L8D","T",1,0,0,0,0,"F"
0,2,1,2,"CSBFS","","","","K","T",1,0,0,0,0,"F"
1,0,1,2,"CSBS","","","","K","T",1,0,0,0,0,"F"
1,1,1,2,"FBSH","","","","HP","T",0,1,0,0,0,"F"
1,1,1,1,"SBX","rilea001","","","D7/L7L.1-3","T",0,2,3,0,0,"F"
1,1,1,2,"SBSS","","swand001","rilea001","K","T",1,0,0,2,3,"F"
1,2,3,0,"VVVV","","swand001","rilea001","IW","T",0,1,0,2,3,"F"
1,2,1,0,".BX","hereg002","swand001","rilea001","5/L5","T",1,0,1,2,3,"F"
0,0,0,2,".CTX","","","","63/G6D+","T",1,0,0,0,0,"F"
0,1,0,2,"FSFC","","","","K","T",1,0,0,0,0,"F"
0,2,1,2,"SSBX","","","","E1/TH/G2-.B-2","T",0,2,0,0,0,"F"
0,2,3,0,"BBBB","","smitd008","","W","T",0,1,0,2,0,"F"
0,2,1,0,"BX","mccaj001","smitd008","","D7/G5+.2-H(UR);1-3","T",0,2,3,5,0,"F"
0,2,0,0,"..X","","peraj003","mccaj001","S8/F89S.3-H(UR);2-H(UR)","T",0,1,0,5,5,"F"
0,2,2,2,"BBCF*S","nidot001","","","K","T",1,0,1,0,0,"F"
1,0,3,2,".BBCFBFB","","","","W","T",0,1,0,0,0,"F"
1,0,0,0,"X","acunr001","","","9/F89XD+","T",1,0,1,0,0,"F"
1,1,0,1,"TX","acunr001","","","14(1)/FO/L4MS.B-1","T",1,1,0,0,0,"F"
1,2,0,2,"SSF>S","ozunm001","","","K","T",1,0,1,0,0,"F"
0,0,2,2,".FCBBS","","","","K","T",1,0,0,0,0,"F"
0,1,0,1,"FX","","","","31/G3","T",1,0,0,0,0,"F"
0,2,0,0,"X","","","","3/G3+","T",1,0,0,0,0,"F"
1,0,1,0,".BX","","","","D9/L9D+","T",0,2,0,0,0,"F"
1,0,0,1,"SX","","rilea001","","S14/G6MS+.2-3","T",0,1,0,3,0,"F"
1,0,1,2,"F*BCX","swand001","","rilea001","S9/L89+.3-H;1-2","T",0,1,2,0,4,"F"
1,0,2,2,".BL2LBFFFFS","contw002","swand001","","K","T",1,0,1,2,0,"F"
1,1,0,1,".C>C","contw002","swand001","","CS3(25)","F",1,0,1,0,0,"F"
1,2,1,2,".C>C.BS","contw002","","","K","T",1,0,1,0,0,"F"
0,0,1,2,".SSBS","","","","K+WP.B-1","T",0,1,0,0,0,"F"
0,0,0,2,"C1FC","maybc001","","","K","T",1,0,1,0,0,"F"
0,1,1,0,"B1>C","maybc001","","","SB2","F",0,0,2,0,0,"F"
0,1,1,2,"B1>C.FFB","","maybc001","","WP.2-3","F",0,0,0,3,0,"F"
0,1,3,2,"B1>C.FFB.FBX","","","maybc001","5/P5F/FL","T",1,0,0,0,3,"F"
0,2,1,0,"BX","","","maybc001","5/L5","T",1,0,0,0,3,"F"
1,0,0,0,"X","","","","HR/F8XD","T",0,4,0,0,0,"F"
0,0,3,1,"LBBBX","","","","D9/L9LS+","T",0,2,0,0,0,"T"
0,0,1,1,"BCX","","fraza001","","8/F8XD.2-3","T",1,0,0,3,0,"F"
0,1,3,2,"C*BC*BBFC","","","fraza001","K","T",1,0,0,0,3,"F"
0,2,1,2,"CFFBX","","","fraza001","HR/F7D.3-H","T",0,4,0,0,4,"F"
0,2,0,2,"SFFF*S","","","","K","T",1,0,0,0,0,"F"
1,0,1,2,"BFFC","","","","K","T",1,0,0,0,0,"F"
1,1,1,2,"BCFC","","","","K","T",1,0,0,0,0,"F"
1,2,1,2,"BFFX","","","","63/G6S","T",1,0,0,0,0,"F"
0,0,2,2,"CBSBX","","","","4/L4","T",1,0,0,0,0,"F"
0,1,1,2,"FBSFFC","","","","K","T",1,0,0,0,0,"F"
0,2,1,2,"BFFS","","","","K","T",1,0,0,0,0,"F"
1,0,0,0,"X","","","","3/G3S","T",1,0,0,0,0,"F"
1,1,2,2,"CBTBX","","","","S6/G56","T",0,1,0,0,0,"F"
1,1,2,2,"*B*BCSX","rilea001","","","S8/G4.1-3","T",0,1,3,0,0,"F"
1,1,1,2,"BSSX","swand001","","rilea001","HR/F7D.3-H;1-H","T",0,4,4,0,4,"F"
1,1,1,1,"BSX","","","","63/G6MS","T",1,0,0,0,0,"F"
1,2,1,2,"BFCS","","","","K","T",1,0,0,0,0,"F"
0,0,1,2,"BCCFX","","","","31/G34S","T",1,0,0,0,0,"F"
0,1,2,0,"BBX","","","","S8/L78","T",0,1,0,0,0,"F"
0,1,1,1,"B>C11","fraza001","","","POCS2(134)","F",1,0,0,0,0,"F"
0,2,2,1,"B>C11.BX","","","","4/P4","T",1,0,0,0,0,"F"
1,0,3,1,"BBSBB","","","","W","T",0,1,0,0,0,"F"
1,0,2,2,"FBBFX","acunr001","","","S5/P5D.1X3(564)","T",1,1,0,0,0,"F"
1,1,1,2,"BFFC","freef001","","","K","T",1,0,1,0,0,"F"
1,2,3,2,"BBFBF>B","freef001","","","W.1-2","T",0,1,2,0,0,"F"
1,2,0,0,"X","albio001","freef001","","7/F78+","T",1,0,1,2,0,"F"
0,0,0,1,"FX","","","","63/G6M","T",1,0,0,0,0,"F"
0,1,3,2,"CSFBBBB","","","","W","T",0,1,0,0,0,"F"
0,1,2,2,"B*BFFT","stalj001","","","K","T",1,0,1,0,0,"F"
0,2,0,0,"X","stalj001","","","S9/G4.1-2","T",0,1,2,0,0,"F"
0,2,1,2,"FTFFBFFX","gonze004","stalj001","","S3/G4.2-3;1-2","T",0,1,2,3,0,"F"
0,2,0,2,"CC*S","craiw001","gonze004","stalj001","K","T",1,0,1,2,3,"F"
1,0,1,1,"CBX","","","","D7/L7L","T",0,2,0,0,0,"F"
1,0,3,2,"BBBCFS","","swand001","","K","T",1,0,0,2,0,"F"
1,1,1,0,"BX","","swand001","","3/P3SF/FL","T",1,0,0,2,0,"F"
1,2,0,0,"X","","swand001","","S3/G3.2-3","T",0,1,0,3,0,"F"
1,2,3,0,"B*BBB","smyld001","","swand001","W.1-2","T",0,1,2,0,3,"F"
1,2,3,2,"BCFBB>S","acunr001","smyld001","swand001","K","T",1,0,1,2,3,"F"
0,0,0,0,"X","","","","8/F8XD","T",1,0,0,0,0,"F"
0,1,3,1,"BBBFX","","","","6/P5D","T",1,0,0,0,0,"F"
0,2,0,1,"CX","","","","63/G6","T",1,0,0,0,0,"F"
1,0,1,0,"BX","","","","53/G56","T",1,0,0,0,0,"F"
1,1,0,0,"X","","","","9/F89S","T",1,0,0,0,0,"F"
1,2,2,2,"CBBFC","","","","K","T",1,0,0,0,0,"F"
0,0,2,2,"BCBFX","","","","HR/L8XD","T",0,4,0,0,0,"F"
0,0,3,2,"FBFBBX","","","","31/G4+","T",1,0,0,0,0,"F"
0,1,2,2,"BBSCFX","","","","3/G3","T",1,0,0,0,0,"F"
0,2,2,2,"SSBFBS","","","","K","T",1,0,0,0,0,"F"
1,0,3,2,"SBTBFFBFX","","","","HR/F7LD","T",0,4,0,0,0,"F"
1,0,1,0,".BX","","","","63/G6","T",1,0,0,0,0,"F"
1,1,3,2,"CCBFBBS","","","","K","T",1,0,0,0,0,"F"
1,2,0,2,".CFS","","","","K","T",1,0,0,0,0,"F"
0,0,1,2,".BFCS","","","","K","T",1,0,0,0,0,"F"
0,1,2,1,"BBCX","","","","S7/G56","T",0,1,0,0,0,"F"
0,1,1,0,".BB","gameb001","","","WP.1-2","F",0,0,2,0,0,"F"
0,1,2,2,".BB.CFX","","gameb001","","7/F78","T",1,0,0,2,0,"F"
0,2,1,1,"BFX","","gameb001","","S8/L78.2-H;B-2","T",0,2,0,4,0,"F"
0,2,0,2,".FFFX","","fraza001","","5/P56S","T",1,0,0,2,0,"F"
1,0,1,2,".CBFS","","","","K","T",1,0,0,0,0,"F"
1,1,0,2,"TSX","","","","S8/F89","T",0,1,0,0,0,"F"
1,1,2,2,"BFB1SX","freef001","","","8/F8XD","T",1,0,1,0,0,"F"
1,2,2,0,"BBX","freef001","","","5/P56S","T",1,0,1,0,0,"F"
0,0,2,2,".BFFFBFS","","","","K","T",1,0,0,0,0,"F"
0,1,0,2,"SS*S","","","","K","T",1,0,0,0,0,"F"
0,2,2,0,"BBX","","","","7/L7LD+","T",1,0,0,0,0,"F"
1,0,1,2,".BSSS","","","","K","T",1,0,0,0,0,"F"
1,1,2,2,"BBFFX","","","","63/G56","T",1,0,0,0,0,"F"
1,2,1,1,"BCX","","","","53/G5","T",1,0,0,0,0,"F"
0,0,1,2,".BFCX","","","","31/G34","T",1,0,0,0,0,"F"
0,1,3,2,"SCBBBFFX","","","","S8/L8S","T",0,1,0,0,0,"F"
0,1,2,2,"BFFBFX","craiw001","","","8/F8","T",1,0,1,0,0,"F"
0,2,0,2,".CCX","craiw001","","","63/G4D","T",1,0,1,0,0,"F"
1,0,1,2,".FLBX","","","","9/F89","T",1,0,0,0,0,"F"
1,1,2,2,".BBCFS","","","","K","T",1,0,0,0,0,"F"
1,2,3,1,"BBSBX","","","","8/F8+","T",1,0,0,0,0,"F"
0,0,1,1,"..BCX","","gameb001","","S9/L89.2-3","T",0,1,0,3,0,"F"
0,0,0,0,"X","fraza001","","gameb001","S8/L8.3-H(UR);1-2","T",0,1,2,0,5,"F"
0,0,1,2,"FBCX","newmk001","fraza001","","S9/L9L.2-3;1-2","T",0,1,2,3,0,"F"
0,0,0,0,"X","reynb001","newmk001","fraza001","52(3)/FO/G5S.2-3;1-2;B-1","T",1,1,2,3,0,"F"
0,1,0,1,".CX","stalj001","reynb001","newmk001","7/SF/L7LD.3-H","T",1,0,1,2,4,"F"
0,2,3,0,"B*BBX","stalj001","reynb001","","43/G4","T",1,0,1,2,0,"F"
1,0,0,0,".X","","acunr001","","9/F9","T",1,0,0,2,0,"F"
1,1,1,0,"BX","","acunr001","","9/F89","T",1,0,0,2,0,"F"
1,2,2,2,"BFS>BN","","acunr001","","BK.2-3","F",0,0,0,3,0,"F"
1,2,3,2,"BFS>BN.FBFFFX","","","acunr001","2/P2F/FL","T",1,0,0,0,3,"F"
0,0,0,0,"X","","","","S2/BG2","T",0,1,0,0,0,"T"
0,0,3,1,"B1BBCX","fraza001","","","S9/G34.1-2","T",0,1,2,0,0,"F"
0,0,0,0,"X","newmk001","fraza001","","6/P4D","T",1,0,1,2,0,"F"
0,1,2,2,"BBFSS","newmk001","fraza001","","K","T",1,0,1,2,0,"F"
0,2,2,1,"BFBX","newmk001","fraza001","","53/G5","T",1,0,1,2,0,"F"
1,0,2,1,"BFBX","","","","S7/L7D+","T",0,1,0,0,0,"F"
1,0,0,0,"X","acunr001","","","8/F8XD.1-2","T",1,0,2,0,0,"F"
1,1,1,0,"BX","","acunr001","","43/G4.2-3","T",1,0,0,3,0,"F"
1,2,3,2,"BBBSSX","","","acunr001","D8/L78XD.3-H","T",0,2,0,0,4,"F"
1,2,1,2,"S*BFFS","","albio001","","K","T",1,0,0,2,0,"F"
0,0,1,2,"LFBX","","","","8/L8XD","T",1,0,0,0,0,"F"
0,1,2,2,"CSFFFBBX","","","","63/G6","T",1,0,0,0,0,"F"
0,2,0,0,"X","","","","S1/BG25-","T",0,1,0,0,0,"F"
0,2,1,2,"BSSS","gameb001","","","K.BX1(23)","T",1,0,1,0,0,"F"
1,0,0,0,"X","","","","D7/L7L","T",0,2,0,0,0,"F"
1,0,3,1,"BB*BCB","","swand001","","W","T",0,1,0,2,0,"F"
1,0,0,0,"X","smitk002","swand001","","S56/G56+.2-3;1-2","T",0,1,2,3,0,"F"
1,0,1,2,"BFSFFS","hereg002","smitk002","swand001","K","T",1,0,1,2,3,"F"
1,1,3,2,"BFBFBX","hereg002","smitk002","swand001","HR/F9LD.3-H;2-H;1-H","T",0,4,4,4,4,"F"
1,1,0,0,"X","","","","8/F78D","T",1,0,0,0,0,"F"
1,2,1,2,"CBCX","","","","8/F8S","T",1,0,0,0,0,"F"
0,0,2,1,"CBBX","","","","6/P6","T",1,0,0,0,0,"F"
0,1,1,2,"BCFX","","","","43/G6MD","T",1,0,0,0,0,"F"
0,2,2,2,"FBBCX","","","","6/P78S","T",1,0,0,0,0,"F"
1,0,1,2,"FFBX","","","","9/F9","T",1,0,0,0,0,"F"
1,1,3,2,"SFBFFBBX","","","","D8/L78D","T",0,2,0,0,0,"F"
1,1,0,0,"X","","rilea001","","53/G5","T",1,0,0,2,0,"F"
1,2,2,2,"BFF*BFFT","","rilea001","","K","T",1,0,0,2,0,"F"
0,0,1,2,"CFBS","","","","K","T",1,0,0,0,0,"F"
0,1,3,2,"BFBSBX","","","","53/G56S","T",1,0,0,0,0,"F"
0,2,1,2,"CBFX","","","","53/G34","T",1,0,0,0,0,"F"
1,0,0,0,"X","","","","D7/L7LS","T",0,2,0,0,0,"F"
1,0,0,0,"X","","hereg002","","34/SH/BG2-.2-3","T",1,0,0,3,0,"F"
1,1,2,0,"BBX","","","hereg002","7/SF/F7D+.3-H","T",1,0,0,0,4,"F"
1,2,1,2,"BCFF*S","","","","K","T",1,0,0,0,0,"F"
0,0,1,2,"SFBX","","","","S5/G5S-","T",0,1,0,0,0,"F"
0,0,2,2,"CBSBS","gonze004","","","K","T",1,0,1,0,0,"F"
0,1,0,2,"CLM","gonze004","","","K","T",1,0,1,0,0,"F"
0,2,2,2,"BFCBX","gonze004","","","3/G3","T",1,0,1,0,0,"F"
1,0,3,1,"BBBCB","","","","W","T",0,1,0,0,0,"F"
1,0,2,1,"FB1BX","ozunm001","","","HR/L78XD.1-H","T",0,4,4,0,0,"F"
1,0,0,0,"X","","","","HR/F7LD","T",0,4,0,0,0,"F"
1,0,2,2,"CBFBX","","","","S5/G5","T",0,1,0,0,0,"F"
1,0,2,2,"FBCBS","swand001","","","K","T",1,0,1,0,0,"F"
1,1,2,2,"BBCFC","swand001","","","K","T",1,0,1,0,0,"F"
1,2,1,2,"BT*SS","swand001","","","K","T",1,0,1,0,0,"F"
0,0,1,1,"CBX","","","","13/G4MS","T",1,0,0,0,0,"F"
0,1,2,2,"CBCBS","","","","K","T",1,0,0,0,0,"F"
0,2,0,2,"SCX","","","","S7/L78S","T",0,1,0,0,0,"F"
0,2,0,0,"X","polag001","","","S9/L9L.1-2","T",0,1,2,0,0,"F"
0,2,1,1,"FBX","stalj001","polag001","","31/G3D","T",1,0,1,2,0,"F"
1,0,3,1,"...BBBCX","","","","63/G56D","T",1,0,0,0,0,"F"
1,1,2,2,"CCBBFFFFS","","","","K","T",1,0,0,0,0,"F"
1,2,2,2,"BFBFFFX","","","","HR/L7LD","T",0,4,0,0,0,"F"
1,2,0,2,"FSFX","","","","7/F7S","T",1,0,0,0,0,"F"
0,0,0,0,".X","","","","S8/L8","T",0,1,0,0,0,"F"
0,0,0,2,"FFS","gonze004","","","K","T",1,0,1,0,0,"F"
0,1,1,1,"FBX","gonze004","","","1/L4MS/DP.1X1(13)","T",2,0,0,0,0,"F"
1,0,1,0,".BX","","","","HR/F78XD","T",0,4,0,0,0,"F"
1,0,2,2,"BFFFBFX","","","","HR/F8XD","T",0,4,0,0,0,"F"
1,0,1,2,"BFCX","","","","S5/G5","T",0,1,0,0,0,"F"
1,0,0,0,"X","smitk002","","","8/F8D","T",1,0,1,0,0,"F"
1,1,0,2,"CSX","smitk002","","","8/F89D","T",1,0,1,0,0,"F"
1,2,0,0,"X","smitk002","","","53/G6","T",1,0,1,0,0,"F"
0,0,1,2,".BCFX","","","","S5/G56","T",0,1,0,0,0,"F"
0,0,1,0,"BX","craiw001","","","8/F8D","T",1,0,1,0,0,"F"
0,1,0,0,"X","craiw001","","","S9/L9L.1-3","T",0,1,3,0,0,"F"
0,1,3,2,"BBCBFX","reynb001","","craiw001","5/P5F/FL","T",1,0,1,0,3,"F"
0,2,2,2,"SFFBBS","reynb001","","craiw001","K","T",1,0,1,0,3,"F"
1,0,3,2,".....CBFBFBB","","","","W","T",0,1,0,0,0,"F"
1,0,0,1,"CX","freef001","","","D7/L7LS.1-3","T",0,2,3,0,0,"F"
1,0,3,1,"BBBCB","","ozunm001","freef001","W","T",0,1,0,2,3,"F"
1,0,2,2,"FBBFX","albio001","ozunm001","freef001","8/SF/F8D.3-H;2-3","T",1,0,1,3,4,"F"
1,1,3,1,"BBFBB","albio001","","ozunm001","W.1-2","T",0,1,2,0,3,"F"
1,1,2,1,"BBCX","swand001","albio001","ozunm001","S7/L7L.3-H;2-3;1-2","T",0,1,2,3,4,"F"
1,1,1,1,"FBX","smitk002","swand001","albio001","S8/L8D.3-H;2-3;1-2","T",0,1,2,3,4,"F"
1,1,0,0,".X","hereg002","smitk002","swand001","HR/F9LD.3-H;2-H;1-H","T",0,4,4,4,4,"F"
1,1,1,2,"SBCS","","","","K","T",1,0,0,0,0,"F"
1,2,0,1,"FX","","","","D7/L7LS","T",0,2,0,0,0,"F"
1,2,0,0,"X","","freef001","","D8/L8XD+.2-H","T",0,2,0,4,0,"F"
1,2,0,0,"X","","ozunm001","","9/F9LS","T",1,0,0,2,0,"F"
0,0,1,1,"...BFX","","","","43/G4S","T",1,0,0,0,0,"F"
0,1,3,0,"BBBB","","","","W","T",0,1,0,0,0,"F"
0,1,0,1,"CX","gonze004","","","S1/G15.1-3(E1/TH)","T",0,1,3,0,0,"F"
0,1,1,2,"SSBC","gameb001","","gonze004","K","T",1,0,1,0,3,"F"
0,2,0,1,"SX","gameb001","","gonze004","S6/G6S.3-H(UR);1-2","T",0,1,2,0,5,"F"
0,2,0,2,"FFX","craiw001","gameb001","","9/F89","T",1,0,1,2,0,"F"
0,0,0,1,"CX","","","","S6/G5-.BX2(64)","T",1,0,0,0,0,"T"
0,1,0,0,"X","","","","53/G5+","T",1,0,0,0,0,"F"
0,2,0,2,"LCX","","","","S14/G4","T",0,1,0,0,0,"F"
0,2,3,1,"BBBCX","reynb001","","","63/G4MD+","T",1,0,1,0,0,"F"
1,0,0,0,"X","","","","HR/L7D","T",0,4,0,0,0,"F"
1,0,2,1,"BFBX","","","","S7/L7","T",0,1,0,0,0,"F"
1,0,0,2,"SSFFT","freef001","","","K","T",1,0,1,0,0,"F"
1,1,0,0,"1>B","freef001","","","SB2","F",0,0,2,0,0,"F"
1,1,2,1,"1>B.BCX","","freef001","","7/F7","T",1,0,0,2,0,"F"
1,2,1,0,"BX","","freef001","","S8/G6M+.2-H","T",0,1,0,4,0,"F"
1,2,2,2,"SCBBFX","rilea001","","","4/P34D","T",1,0,1,0,0,"F"
0,0,3,2,"BBFBSB","","","","W","T",0,1,0,0,0,"F"
0,0,0,0,"X","craiw001","","","46(1)3/GDP/G4+","T",2,0,0,0,0,"F"
0,2,1,1,"FBX","","","","43/G4","T",1,0,0,0,0,"F"
1,0,1,2,"CBCS","","","","K","T",1,0,0,0,0,"F"
1,1,1,2,"CFBFX","","","","S8/G6","T",0,1,0,0,0,"F"
1,1,1,2,"L1OBH","incie001","","","HP.1-2","T",0,1,2,0,0,"F"
1,1,2,2,"*BBCTFFC","wilsb003","incie001","","K","T",1,0,1,2,0,"F"
1,2,2,1,"*BF*BX","wilsb003","incie001","","S8/L78D+.2-H;1-2","T",0,1,2,4,0,"F"
1,2,3,1,"BBS*BX","freef001","wilsb003","","8/F8","T",1,0,1,2,0,"F"
0,0,1,0,"BX","","","","HR/F9D","T",0,4,0,0,0,"F"
0,0,1,2,"BCFFC","","","","K","T",1,0,0,0,0,"F"
0,1,1,0,"BX","","","","53/G4","T",1,0,0,0,0,"F"
0,2,3,1,"BBBCB","","","","W","T",0,1,0,0,0,"F"
0,2,1,1,"BFX","newmk001","","","8/F8XD+","T",1,0,1,0,0,"F"
1,0,1,1,"BFX","","","","8/L8XD","T",1,0,0,0,0,"F"
1,1,2,2,"BFFBS","","","","K","T",1,0,0,0,0,"F"
1,2,0,2,"CSS","","","","K","T",1,0,0,0,0,"F"
0,0,2,1,"CBBX","","","","8/F8XD+","T",1,0,0,0,0,"F"
0,1,0,0,"X","","","","6/L6-","T",1,0,0,0,0,"F"
0,2,2,2,"BFBOS","","","","K","T",1,0,0,0,0,"F"
1,0,0,1,"FX","","","","9/F89D","T",1,0,0,0,0,"F"
1,1,0,0,"X","","","","9/F89D","T",1,0,0,0,0,"F"
1,2,1,0,"BX","","","","S9/L9D","T",0,1,0,0,0,"F"
1,2,1,0,"BX","wilsb003","","","8/F8D","T",1,0,1,0,0,"F"
0,0,2,0,"BBX","","","","13/G13","T",1,0,0,0,0,"F"
0,1,1,1,"BSX","","","","8/F8XD","T",1,0,0,0,0,"F"
0,2,0,2,"CCT","","","","K","T",1,0,0,0,0,"F"
1,0,3,2,"BBCFFBB","","","","W","T",0,1,0,0,0,"F"
1,0,1,1,"BCX","freef001","","","9/F89XD","T",1,0,1,0,0,"F"
1,1,0,0,"X","freef001","","","HR/F9D.1-H","T",0,4,4,0,0,"F"
1,1,3,2,"SBBBFC","","","","K","T",1,0,0,0,0,"F"
1,2,0,1,"FX","","","","D9/L9D+","T",0,2,0,0,0,"F"
1,2,0,0,"X","","swand001","","23/G2-","T",1,0,0,2,0,"F"
0,0,1,1,"BCX","","","","7/F7","T",1,0,0,0,0,"F"
0,1,0,2,"SFFFFX","","","","9/F34D","T",1,0,0,0,0,"F"
0,2,1,0,"BX","","","","8/F8XD+","T",1,0,0,0,0,"F"
1,0,0,0,".X","","","","43/G4","T",1,0,0,0,0,"F"
1,1,1,1,"CBX","","","","4/L4D","T",1,0,0,0,0,"F"
1,2,2,2,"FFBBS","","","","K","T",1,0,0,0,0,"F"
0,0,3,2,"BCFBFBX","","","","8/L8","T",1,0,0,0,0,"F"
0,1,0,2,"CCFX","","","","S9/L4D","T",0,1,0,0,0,"F"
0,1,1,2,"FCBS","craiw001","","","K","T",1,0,1,0,0,"F"
0,2,1,0,"BX","craiw001","","","S8/L78.1-2","T",0,1,2,0,0,"F"
0,2,0,2,".CCS","difow001","craiw001","","K","T",1,0,1,2,0,"F"
1,0,3,2,".SSBFFBFBB","","","","W","T",0,1,0,0,0,"F"
1,0,0,2,"CSX","freef001","","","54(1)3/GDP/G5","T",2,0,0,0,0,"F"
1,2,2,2,"FBCBX","","","","HR/F78XD","T",0,4,0,0,0,"F"
1,2,2,2,"BSCBX","","","","D7/G5","T",0,2,0,0,0,"F"
1,2,1,2,"FBSFT","","rilea001","","K","T",1,0,0,2,0,"F"
0,0,3,1,"..BBBCB","","","","W","T",0,1,0,0,0,"F"
0,0,1,2,"BCFX","gonze004","","","65(1)/FO/G4.B-1","T",1,1,0,0,0,"F"
0,1,3,2,"BBCFFFFFBX","fraza001","","","3/P34","T",1,0,1,0,0,"F"
0,2,1,0,"BX","fraza001","","","S8/G6M.1-2","T",0,1,2,0,0,"F"
0,2,1,2,"CC*BS","reynb001","fraza001","","K","T",1,0,1,2,0,"F"
1,0,0,0,".X","","","","8/F78","T",1,0,0,0,0,"F"
1,1,3,1,"BBCBB","","","","W","T",0,1,0,0,0,"F"
1,1,3,2,".*BBSBF>C","incie001","","","K+SB2","T",1,0,2,0,0,"F"
1,2,2,2,"FB*S*BC","","incie001","","K","T",1,0,0,2,0,"F"
0,0,3,1,".BCBBB","","","","W","T",0,1,0,0,0,"F"
0,0,2,2,"BCSFBX","craiw001","","","4/L4D","T",1,0,1,0,0,"F"
0,1,0,0,"X","craiw001","","","S7/L56D.1-2","T",0,1,2,0,0,"F"
0,1,0,2,"STS","difow001","craiw001","","K","T",1,0,1,2,0,"F"
0,2,2,2,".CB*BCFFX","difow001","craiw001","","163/G6M","T",1,0,1,2,0,"F"
0,0,0,0,"X","","","","S7/F5D","T",0,1,0,0,0,"T"
0,0,0,0,"X","fraza001","","","16(1)/FO/BG2-.B-1","T",1,1,0,0,0,"F"
0,1,1,0,"BX","newmk001","","","D7/G5+.1-H","T",0,2,4,0,0,"F"
0,1,0,2,"CCX","","reynb001","","31/G34.2-3","T",1,0,0,3,0,"F"
0,2,3,0,"*BBBB","","","reynb001","W","T",0,1,0,0,3,"F"
0,2,2,2,"1BFB*SX","gonze004","","reynb001","9/L9LD","T",1,0,1,0,3,"F"
1,0,1,0,"BX","","","","43/G6M","T",1,0,0,0,0,"F"
1,1,1,2,"CBFFC","","","","K","T",1,0,0,0,0,"F"
1,2,1,2,"CBSX","","","","S9/G4+","T",0,1,0,0,0,"F"
1,2,2,2,"CFB1BX","ozunm001","","","S3/G3.1-2","T",0,1,2,0,0,"F"
1,2,0,1,"CX","albio001","ozunm001","","HR/F78XD.2-H;1-H","T",0,4,4,4,0,"F"
1,2,1,0,"BX","","","","53/G5","T",1,0,0,0,0,"F"
0,0,3,2,"CBFBBB","","","","W","T",0,1,0,0,0,"F"
0,0,1,0,"BX","craiw001","","","8/F8XD+","T",1,0,1,0,0,"F"
0,1,1,1,"*BLX","craiw001","","","36(1)4/GDP/BG23-","T",2,0,0,0,0,"F"
1,0,1,2,"CBSS","","","","K","T",1,0,0,0,0,"F"
1,1,0,2,"FFX","","","","S7/L78","T",0,1,0,0,0,"F"
1,1,0,1,"1CX","hereg002","","","24/SH/BG2.1-2","T",1,0,2,0,0,"F"
1,2,1,1,"BSX","","hereg002","","63/G6","T",1,0,0,2,0,"F"
0,0,1,1,"CBX","","","","8/F78XD","T",1,0,0,0,0,"F"
0,1,1,0,"BX","","","","9/F9S","T",1,0,0,0,0,"F"
0,2,3,2,"BBFBFB","","","","W","T",0,1,0,0,0,"F"
0,2,0,1,"FX","reynb001","","","43/G4M","T",1,0,1,0,0,"F"
1,0,0,2,"SSS","","","","K","T",1,0,0,0,0,"F"
1,1,1,0,"BX","","","","9/L9D","T",1,0,0,0,0,"F"
1,2,3,2,"BCBFBH","","","","HP","T",0,1,0,0,0,"F"
1,2,0,1,"SX","albio001","","","HR/F89XD.1-H","T",0,4,4,0,0,"F"
1,2,0,2,"SCC","","","","K","T",1,0,0,0,0,"F"
0,0,2,1,"BFBX","","","","53/G56","T",1,0,0,0,0,"F"
0,1,1,1,"CBX","","","","43/G4D","T",1,0,0,0,0,"F"
0,2,1,2,"CFBFFS","","","","K","T",1,0,0,0,0,"F"
1,0,0,2,"CSS","","","","K","T",1,0,0,0,0,"F"
1,1,0,2,"FSS","","","","K","T",1,0,0,0,0,"F"
1,2,0,1,"FX","","","","3/G34","T",1,0,0,0,0,"F"
0,0,1,1,"BCX","","","","43/G4M","T",1,0,0,0,0,"F"
0,1,2,2,"CFBBX","","","","31/G34","T",1,0,0,0,0,"F"
0,2,1,1,"BFX","","","","43/G4","T",1,0,0,0,0,"F"
1,0,3,2,"BBCBSFX","","","","5/P5DF/FL","T",1,0,0,0,0,"F"
1,1,0,1,"FX","","","","8/L8","T",1,0,0,0,0,"F"
1,2,2,2,"SFBFBX","","","","63/G6D+","T",1,0,0,0,0,"F"
0,0,0,2,"CFX","","","","3/P3D","T",1,0,0,0,0,"F"
0,1,2,2,"CTBBX","","","","53/G56","T",1,0,0,0,0,"F"
0,2,0,1,"SX","","","","9/L9S","T",1,0,0,0,0,"F"
1,0,0,1,"FX","","","","S49/L9+","T",0,1,0,0,0,"F"
1,0,1,2,"S1B1FFF1S","albio001","","","K","T",1,0,1,0,0,"F"
1,1,0,1,"S1X","albio001","","","HR/F7D.1-H","T",0,4,4,0,0,"F"
1,1,2,2,".BBCCX","","","","63/G6M","T",1,0,0,0,0,"F"
1,2,1,2,"FBSX","","","","63/G6","T",1,0,0,0,0,"F"
0,0,1,1,"BFX","","","","8/F8D","T",1,0,0,0,0,"F"
0,1,1,1,"FBX","","","","S9/L9","T",0,1,0,0,0,"F"
0,1,1,0,"BX","polag001","","","S16/G4MS.1-2","T",0,1,2,0,0,"F"
0,1,0,2,"F2FS","craiw001","polag001","","K","T",1,0,1,2,0,"F"
0,2,1,0,".BX","craiw001","polag001","","8/F89","T",1,0,1,2,0,"F"
1,0,0,0,"..X","","","","8/L8D","T",1,0,0,0,0,"F"
1,1,3,0,"BBBB","","","","W","T",0,1,0,0,0,"F"
1,1,1,2,"SBSX","acunr001","","","16(1)3/GDP/G1","T",2,0,0,0,0,"F"
0,0,2,2,".CBCBFX","","","","63/G6M","T",1,0,0,0,0,"F"
0,1,1,0,"BX","","","","9/F9LSF/FL","T",1,0,0,0,0,"F"
0,2,2,2,"BSBSS","","","","K","T",1,0,0,0,0,"F"
1,0,3,2,".FSBBBX","","","","7/L7D","T",1,0,0,0,0,"F"
1,1,3,2,"BBFBSX","","","","9/F9D","T",1,0,0,0,0,"F"
1,2,1,2,"BFSS","","","","K","T",1,0,0,0,0,"F"
0,0,0,2,".SSFC","","","","K","T",1,0,0,0,0,"F"
0,1,2,1,"BBCX","","","","9/L9LD+","T",1,0,0,0,0,"F"
0,2,1,2,"BCSX","","","","8/F8XD+","T",1,0,0,0,0,"F"
0,0,2,2,"BBFFFS","","","","K","T",1,0,0,0,0,"T"
0,1,1,0,"BX","","","","S6/G56","T",0,1,0,0,0,"F"
0,1,3,1,"C1BBB1B","harrj002","","","W.1-2","T",0,1,2,0,0,"F"
0,1,3,0,"B*BBX","sotoj001","harrj002","","7/F78D","T",1,0,1,2,0,"F"
0,2,0,2,"CCS","sotoj001","harrj002","","K","T",1,0,1,2,0,"F"
1,0,0,2,"CCFX","","","","S4/G4","T",0,1,0,0,0,"F"
1,0,3,1,"B11SBBB","acunr001","","","W.1-2","T",0,1,2,0,0,"F"
1,0,3,2,"CFBBBB","freef001","acunr001","","W.2-3;1-2","T",0,1,2,3,0,"F"
1,0,1,1,"BCX","albio001","freef001","acunr001","4/L4D","T",1,0,1,2,3,"F"
1,1,1,2,"BSSX","albio001","freef001","acunr001","9/SF/F9D.3-H;2-3","T",1,0,1,3,4,"F"
1,2,3,1,"*B1BCBB","albio001","","freef001","W.1-2","T",0,1,2,0,3,"F"
1,2,0,2,"CSX","almoa001","albio001","freef001","S7/F78S.3-H;2-H;1-3","T",0,1,3,4,4,"F"
1,2,1,0,"BX","contw002","","almoa001","9/F9S","T",1,0,1,0,3,"F"
0,0,0,2,"CCFFX","","","","53/G56","T",1,0,0,0,0,"F"
0,1,0,2,"CSFX","","","","43/G6S","T",1,0,0,0,0,"F"
0,2,0,2,"SFS","","","","K","T",1,0,0,0,0,"F"
1,0,0,2,"CSC","","","","K","T",1,0,0,0,0,"F"
1,1,2,1,"BSBX","","","","HR/F9D","T",0,4,0,0,0,"F"
1,1,2,2,"CSFBFBS","","","","K","T",1,0,0,0,0,"F"
1,2,2,2,"FSBBS","","","","K","T",1,0,0,0,0,"F"
0,0,2,2,"CFBBFFC","","","","K","T",1,0,0,0,0,"F"
0,1,3,2,"BCBSBT","","","","K","T",1,0,0,0,0,"F"
0,2,0,1,"CX","","","","43/G4M","T",1,0,0,0,0,"F"
1,0,0,2,"CFX","","","","43/G4M","T",1,0,0,0,0,"F"
1,1,2,2,"BBCSX","","","","13/G1S-","T",1,0,0,0,0,"F"
1,2,0,0,"X","","","","7/F7D","T",1,0,0,0,0,"F"
0,0,3,2,"BBFBCB","","","","W","T",0,1,0,0,0,"F"
0,0,0,2,"1CCF1","sotoj001","","","PO1(E1/TH).1-2","F",0,0,2,0,0,"F"
0,0,0,2,"1CCF1.FX","","sotoj001","","HR/F78XD.2-H","T",0,4,0,4,0,"F"
0,0,1,0,"BX","","","","8/F78XD+","T",1,0,0,0,0,"F"
0,1,3,1,"BBFBB","","","","W","T",0,1,0,0,0,"F"
0,1,0,0,"X","casts001","","","S9/L9.1-2","T",0,1,2,0,0,"F"
0,1,2,0,"BBX","gomey001","casts001","","36(1)/FO/G3.2-3;B-1","T",1,1,0,3,0,"F"
0,2,1,2,"FCB1X","steva001","","casts001","S9/L9.3-H;1-2","T",0,1,2,0,4,"F"
0,2,1,2,"BCCFT","rossj002","steva001","","K","T",1,0,1,2,0,"F"
1,0,2,2,"CBBSS","","","","K","T",1,0,0,0,0,"F"
1,1,0,2,"SSS","","","","K","T",1,0,0,0,0,"F"
1,2,0,2,"CCS","","","","K","T",1,0,0,0,0,"F"
0,0,0,2,"CFFX","","","","63/G56","T",1,0,0,0,0,"F"
0,1,1,1,"CBX","","","","S7/L56D+","T",0,1,0,0,0,"F"
0,1,0,2,"S1SX","sotoj001","","","7/F78D","T",1,0,1,0,0,"F"
0,2,0,1,"1FX","sotoj001","","","S8/G6M.1-2","T",0,1,2,0,0,"F"
0,2,0,0,"X","schwk001","sotoj001","","7/L7+","T",1,0,1,2,0,"F"
1,0,2,2,"CSBBS","","","","K","T",1,0,0,0,0,"F"
1,1,2,2,"SBSBFX","","","","3/G3S-","T",1,0,0,0,0,"F"
1,2,2,2,"BFBSX","","","","7/F7L","T",1,0,0,0,0,"F"
0,0,0,0,".X","","","","S5/G56S.B-2(E5/TH)","T",0,2,0,0,0,"F"
0,0,0,0,"X","","gomey001","","53/SH/BG25.2-3","T",1,0,0,3,0,"F"
0,1,2,2,".FSBBX","","","gomey001","43/G4","T",1,0,0,0,3,"F"
0,2,2,2,"BSBSFFS","","","gomey001","K","T",1,0,0,0,3,"F"
1,0,1,2,".SFBS","","","","K","T",1,0,0,0,0,"F"
1,1,0,0,"X","","","","S5/G56","T",0,1,0,0,0,"F"
1,1,1,2,"1SF1BFX","swand001","","","9/F89","T",1,0,1,0,0,"F"
1,2,0,0,"X","swand001","","","S9/G34+.1-2","T",0,1,2,0,0,"F"
1,2,1,2,"SCBX","contw002","swand001","","S8/G6M.2-H;1-2","T",0,1,2,4,0,"F"
1,2,3,2,".BBFCFFB>F>F>B","hereg002","contw002","","W.2-3;1-2","T",0,1,2,3,0,"F"
1,2,3,2,"FFBFFBB>C","adrie001","hereg002","contw002","K","T",1,0,1,2,3,"F"
0,0,0,2,".CFX","","","","53/G5","T",1,0,0,0,0,"F"
0,1,2,2,"BSBFS","","","","K","T",1,0,0,0,0,"F"
0,2,0,0,"X","","","","53/G5","T",1,0,0,0,0,"F"
1,0,0,2,".CFX","","","","53/G4M","T",1,0,0,0,0,"F"
1,1,2,2,"BSSBX","","","","43/G6","T",1,0,0,0,0,"F"
1,2,2,1,"FBBX","","","","9/L9L","T",1,0,0,0,0,"F"
0,0,0,0,".X","","","","9/F89","T",1,0,0,0,0,"F"
0,1,0,2,"CCS","","","","K","T",1,0,0,0,0,"F"
0,2,1,2,"CBFFX","","","","43/G6MD","T",1,0,0,0,0,"F"
1,0,3,2,".SBSBBS","","","","K","T",1,0,0,0,0,"F"
1,1,3,2,"CBBBSB","","","","W","T",0,1,0,0,0,"F"
1,1,0,0,"X","almoa001","","","9/F9L","T",1,0,1,0,0,"F"
1,2,2,2,"*SSBFBS","almoa001","","","K","T",1,0,1,0,0,"F"
0,0,2,2,"....BCTFBX","","","","9/F3D","T",1,0,0,0,0,"F"
0,1,2,2,".CBCB*S","","","","K","T",1,0,0,0,0,"F"
0,2,0,0,"X","","","","8/F8XD","T",1,0,0,0,0,"F"
0,0,0,0,"X","","","","S56/G56S","T",0,1,0,0,0,"T"
0,0,0,1,"1SX","turnt001","","","S8/L89.1-3","T",0,1,3,0,0,"F"
0,0,0,2,"SSB","harrj002","","turnt001","PB.3-H(UR);1-2","F",0,0,2,0,5,"F"
0,0,1,2,"SSB.T","","harrj002","","K","T",1,0,0,2,0,"F"
0,1,0,2,"CFC","","harrj002","","K","T",1,0,0,2,0,"F"
0,2,2,2,"BCFF*BS","","harrj002","","K","T",1,0,0,2,0,"F"
1,0,3,0,"BBBB","","","","W","T",0,1,0,0,0,"F"
1,0,0,1,"1C>B","acunr001","","","SB2","F",0,0,2,0,0,"F"
1,0,3,2,"1C>B.*BS*BX","","acunr001","","43/G34D.2-3","T",1,0,0,3,0,"F"
1,1,2,1,"BBFX","","","acunr001","D7/L5D.3-H","T",0,2,0,0,4,"F"
1,1,0,0,"X","","albio001","","8/L8D","T",1,0,0,2,0,"F"
1,2,1,2,"CC*BS","","albio001","","K","T",1,0,0,2,0,"F"
0,0,3,2,"FBSBFBFB","","","","W","T",0,1,0,0,0,"F"
0,0,0,2,"FCB","schwk001","","","WP.1-2","F",0,0,2,0,0,"F"
0,0,1,2,"FCB.X","","schwk001","","53/G5","T",1,0,0,2,0,"F"
0,1,2,2,"MBBCFC","","schwk001","","K","T",1,0,0,2,0,"F"
0,2,3,2,"SBCBBB","","schwk001","","W+PB.2-3","T",0,1,0,3,0,"F"
0,2,1,1,"BFB","roblv001","","schwk001","WP.1-2","F",0,0,2,0,3,"F"
0,2,2,2,"BFB.CFS","","roblv001","schwk001","K","T",1,0,0,2,3,"F"
1,0,3,1,"BBCBB","","","","W","T",0,1,0,0,0,"F"
1,0,2,2,"CFBFBX","almoa001","","","13/G1S+.1-2","T",1,0,2,0,0,"F"
1,1,0,0,".X","","almoa001","","FC1/G4MS.B-1","T",0,1,0,2,0,"F"
1,1,1,2,"BCLX","hereg002","almoa001","","54/SH/BG25.2-3;1-2","T",1,0,2,3,0,"F"
1,2,0,2,"SST","","hereg002","almoa001","K","T",1,0,0,2,3,"F"
0,0,2,1,"FBBX","","","","63/G6","T",1,0,0,0,0,"F"
0,1,2,2,"CBBCX","","","","S8/L89","T",0,1,0,0,0,"F"
0,1,1,2,"CSFF*BX","sotoj001","","","FC1/G1S-.1-2;B-1","T",0,1,2,0,0,"F"
0,1,1,2,"FSBS","zimmr001","sotoj001","","K","T",1,0,1,2,0,"F"
0,2,0,1,"FX","zimmr001","sotoj001","","S9/G3+.2-H;1-2","T",0,1,2,4,0,"F"
0,2,0,0,"X","schwk001","zimmr001","","5(2)/FO/G5+.B-1","T",1,1,1,0,0,"F"
1,0,2,1,"BBCX","","","","8/L8D+","T",1,0,0,0,0,"F"
1,1,1,2,"CCBS","","","","K","T",1,0,0,0,0,"F"
1,2,1,0,"BX","","","","7/F78","T",1,0,0,0,0,"F"
0,0,1,2,"BCCFFX","","","","S34/G34","T",0,1,0,0,0,"F"
0,0,1,2,"CF*BC","votha001","","","K","T",1,0,1,0,0,"F"
0,1,0,2,"CFFX","votha001","","","6/P6MD","T",1,0,1,0,0,"F"
0,2,1,2,"SFF*BFH","votha001","","","HP.1-2","T",0,1,2,0,0,"F"
0,2,1,1,"BCB","harrj002","votha001","","PB.2-3;1-2","F",0,0,2,3,0,"F"
0,2,2,1,"BCB.X","","harrj002","votha001","S7/L7LS.3-H;2-H","T",0,1,0,4,4,"F"
0,2,0,0,".X","sotoj001","","","HR/F89XD.1-H","T",0,4,4,0,0,"F"
0,2,1,0,"BX","","","","53/G56","T",1,0,0,0,0,"F"
1,0,1,2,"BFCX","","","","31/G34","T",1,0,0,0,0,"F"
1,1,3,2,"CBFBBX","","","","6/L6D","T",1,0,0,0,0,"F"
1,2,1,2,"SBFS","","","","K","T",1,0,0,0,0,"F"
0,0,0,0,"X","","","","9/F9D+","T",1,0,0,0,0,"F"
0,1,0,1,"CX","","","","13/G4MS","T",1,0,0,0,0,"F"
0,2,0,2,"CCT","","","","K","T",1,0,0,0,0,"F"
1,0,1,2,"BFFFX","","","","63/G6+","T",1,0,0,0,0,"F"
1,1,3,1,".BBFB*B","","","","W","T",0,1,0,0,0,"F"
1,1,3,2,"BF*BBSFFX","camaj001","","","HR/F8XD.1-H","T",0,4,4,0,0,"F"
1,1,0,0,".X","","","","5/L4","T",1,0,0,0,0,"F"
1,2,2,1,"BFBX","","","","S7/L78D","T",0,1,0,0,0,"F"
1,2,0,0,"X","albio001","","","S8/G6M+.1-3","T",0,1,3,0,0,"F"
1,2,3,2,".SFFBBB>X","rilea001","","albio001","S7/L7.3-H;1-3","T",0,1,3,0,4,"F"
1,2,2,2,"B*BCCX","swand001","","rilea001","53/G6","T",1,0,1,0,3,"F"
0,0,0,2,".CSS","","","","K","T",1,0,0,0,0,"F"
0,1,1,2,"FBSX","","","","S9/L9","T",0,1,0,0,0,"F"
0,1,0,1,"C1","turnt001","","","PO1(13)","F",1,0,0,0,0,"F"
0,2,0,2,"C1.FX","","","","8/F8XD","T",1,0,0,0,0,"F"
1,0,1,2,"FBSS","","","","K","T",1,0,0,0,0,"F"
1,1,2,2,"LBBCX","","","","9/L9","T",1,0,0,0,0,"F"
1,2,1,2,".FCBS","","","","K","T",1,0,0,0,0,"F"
0,0,3,2,".CBBFBFB","","","","W","T",0,1,0,0,0,"F"
0,0,2,2,"*B1BFS*S","sotoj001","","","K","T",1,0,1,0,0,"F"
0,1,0,1,"CX","sotoj001","","","S9/G34.1-3","T",0,1,3,0,0,"F"
0,1,0,1,"FX","casts001","","sotoj001","S7/L7+.3-H;1-2","T",0,1,2,0,4,"F"
0,1,3,1,"S*BBBX","schwk001","casts001","","D8/F78XD+.2-H;1-H","T",0,2,4,4,0,"F"
0,1,2,0,".*BBX","","gomey001","","53/G5","T",1,0,0,2,0,"F"
0,2,2,0,"BBX","","gomey001","","7/F78D","T",1,0,0,2,0,"F"
1,0,1,0,".BX","","","","D8/L89XD+","T",0,2,0,0,0,"F"
1,0,0,1,"SX","","acunr001","","13/G4S+","T",1,0,0,2,0,"F"
1,1,1,1,"SB>B","","acunr001","","SB3","F",0,0,0,3,0,"F"
1,1,2,2,"SB>B.SS","","","acunr001","K","T",1,0,0,0,3,"F"
1,2,1,0,"BX","","","acunr001","S6/G56.3-H","T",0,1,0,0,4,"F"
1,2,0,0,"X","rilea001","","","E5/P23.1-3;B-2","T",0,2,3,0,0,"F"
1,2,2,2,"FSB*BC","","swand001","rilea001","K","T",1,0,0,2,3,"F"
0,0,1,1,".FBX","","","","S8/G4","T",0,1,0,0,0,"F"
0,0,2,1,"BBSX","turnt001","","","9/L9D","T",1,0,1,0,0,"F"
0,1,2,1,"*BF1BX","turnt001","","","HR/F8XD.1-H","T",0,4,4,0,0,"F"
0,1,0,2,"FFX","","","","D8/L89XD","T",0,2,0,0,0,"F"
0,1,2,2,"C*BBSFS","","zimmr001","","K","T",1,0,0,2,0,"F"
0,2,2,2,"S*BS*BS","","zimmr001","","K","T",1,0,0,2,0,"F"
1,0,2,2,".BCFBX","","","","63/G6D+","T",1,0,0,0,0,"F"
1,1,3,2,"SBCBFFFBFC","","","","K","T",1,0,0,0,0,"F"
1,2,1,1,".BCX","","","","8/F8D","T",1,0,0,0,0,"F"
0,0,2,2,".BBFCX","","","","43/G4","T",1,0,0,0,0,"F"
0,1,0,2,".CCX","","","","53/G34D","T",1,0,0,0,0,"F"
0,2,1,1,"SBX","","","","53/G56","T",1,0,0,0,0,"F"
1,0,2,2,".CBFBX","","","","S7/L78+","T",0,1,0,0,0,"F"
1,0,3,2,"CBBFFBB","acunr001","","","W.1-2","T",0,1,2,0,0,"F"
1,0,1,2,"BCTX","freef001","acunr001","","54(1)/FO/G56.2-3;B-1","T",1,1,0,3,0,"F"
1,1,0,1,"CX","albio001","","acunr001","8/SF/F8.3-H","T",1,0,1,0,4,"F"
1,2,0,0,">B","albio001","","","DI.1-2","F",0,0,2,0,0,"F"
1,2,3,2,">B.TBCBX","","albio001","","7/F78XD+","T",1,0,0,2,0,"F"
0,0,2,2,"BBCSX","","","","4/P4M","T",1,0,0,0,0,"T"
0,1,1,2,"BSFX","","","","6/P6D","T",1,0,0,0,0,"F"
0,2,2,1,"BCBX","","","","8/F1S+","T",1,0,0,0,0,"F"
1,0,3,0,"BBBB","","","","W","T",0,1,0,0,0,"F"
1,0,0,0,">C","acunr001","","","CS2(25)","F",1,0,0,0,0,"F"
1,1,0,2,">C.FFX","","","","43/G34","T",1,0,0,0,0,"F"
1,2,0,0,"X","","","","S8/L8+","T",0,1,0,0,0,"F"
1,2,1,2,"BFF>B","albio001","","","SB2","F",0,0,2,0,0,"F"
1,2,2,2,"BFF>B.S","","albio001","","K","T",1,0,0,2,0,"F"
0,0,2,2,"BCFBC","","","","K","T",1,0,0,0,0,"F"
0,1,0,1,"FX","","","","S7/L78D","T",0,1,0,0,0,"F"
0,1,3,2,"CB*BS*BX","gomey001","","","S9/G3.1-2","T",0,1,2,0,0,"F"
0,1,1,1,"CBX","schwk001","gomey001","","S7/L7S.2-H;1-3","T",0,1,3,4,0,"F"
0,1,0,0,"X","casts001","","schwk001","16(1)/FO/BG1S.B-1","T",1,1,0,0,3,"F"
0,2,1,2,"CCF*BS","lestj001","","schwk001","K","T",1,0,1,0,3,"F"
1,0,0,1,"SX","","","","HR/F9D","T",0,4,0,0,0,"F"
1,0,0,1,"FX","","","","S7/L7LS","T",0,1,0,0,0,"F"
1,0,1,2,"F*BS+1X","adrie001","","","S9/L9S.1-2","T",0,1,2,0,0,"F"
1,0,1,1,"BCX","hereg002","adrie001","","63/G6.2-3;1-2","T",1,0,2,3,0,"F"
1,1,3,2,"BFCBBX","","hereg002","adrie001","6/P56","T",1,0,0,2,3,"F"
1,2,0,0,"X","","hereg002","adrie001","63/G6D+","T",1,0,0,2,3,"F"
0,0,2,2,"CCBFB*S","","","","K","T",1,0,0,0,0,"F"
0,1,1,0,"BX","","","","E6/G6D+.B-1","T",0,1,0,0,0,"F"
0,1,3,1,"*BC1*B*B*B","harrj002","","","W.1-2","T",0,1,2,0,0,"F"
0,1,3,0,"BBBB","sotoj001","harrj002","","W.2-3;1-2","T",0,1,2,3,0,"F"
0,1,2,2,"CBBFFFS","bellj005","sotoj001","harrj002","K","T",1,0,1,2,3,"F"
0,2,0,2,"CFS","bellj005","sotoj001","harrj002","K","T",1,0,1,2,3,"F"
1,0,3,2,"BBBCCX","","","","S9/L89","T",0,1,0,0,0,"F"
1,0,1,1,"F*B>X","freef001","","","E6/TH/G6.1-2;B-1","T",0,1,2,0,0,"F"
1,0,3,2,"FBSB*BX","albio001","freef001","","63/G56S.2-3;1-2","T",1,0,2,3,0,"F"
1,1,1,2,"F*BFFX","","albio001","freef001","23/G2-","T",1,0,0,2,3,"F"
1,2,2,1,"*BBFX","","albio001","freef001","8/F8D","T",1,0,0,2,3,"F"
0,0,0,2,"CFS","","","","K","T",1,0,0,0,0,"F"
0,1,2,2,"SBCBFX","","","","S8/L89D","T",0,1,0,0,0,"F"
0,1,3,2,"FBBF*BFX","lestj001","","","64(1)3/GDP/G56D+","T",2,0,0,0,0,"F"
1,0,3,1,"BSBBX","","","","63/G6+","T",1,0,0,0,0,"F"
1,1,0,0,"X","","","","53/G56","T",1,0,0,0,0,"F"
1,2,0,0,"X","","","","43/G4","T",1,0,0,0,0,"F"
0,0,0,0,"X","","","","D9/G3+","T",0,2,0,0,0,"F"
0,0,1,1,"CBX","","turnt001","","FC/G6MS.2X3(45);B-1","T",1,1,0,0,0,"F"
0,1,0,2,"FS1X","harrj002","","","HR/F78XD.1-H","T",0,4,4,0,0,"F"
0,1,2,2,"BFFBX","","","","S9/L9+","T",0,1,0,0,0,"F"
0,1,0,1,".CX","bellj005","","","46(1)3/GDP/G4M","T",2,0,0,0,0,"F"
1,0,3,2,"BBBFFS","","","","K","T",1,0,0,0,0,"F"
1,1,2,2,"CBCBFC","","","","K","T",1,0,0,0,0,"F"
1,2,0,2,"FFX","","","","9/F9L","T",1,0,0,0,0,"F"
0,0,1,2,"CFBX","","","","63/G6","T",1,0,0,0,0,"F"
0,1,0,1,"CX","","","","6/P6","T",1,0,0,0,0,"F"
0,2,0,0,"X","","","","63/G1S+","T",1,0,0,0,0,"F"
1,0,0,0,"X","","","","143/G6M","T",1,0,0,0,0,"F"
1,1,1,0,"BX","","","","7/F78XD+","T",1,0,0,0,0,"F"
1,2,3,2,"CCBBBB","","","","W","T",0,1,0,0,0,"F"
1,2,1,2,".CS*BS","adrie001","","","K","T",1,0,1,0,0,"F"
0,0,3,2,".CFBBFFBX","","","","8/F8XD+","T",1,0,0,0,0,"F"
0,1,0,0,"X","","","","13/G2-","T",1,0,0,0,0,"F"
0,2,0,1,"SX","","","","13/G1S+","T",1,0,0,0,0,"F"
1,0,1,1,".BFX","","","","DGR/L7L","T",0,2,0,0,0,"F"
1,0,2,2,".SF.FFBBT","","almoa001","","K","T",1,0,0,2,0,"F"
1,1,1,2,"SSBFS","","almoa001","","K","T",1,0,0,2,0,"F"
1,2,3,2,"BFCB*B*B","","almoa001","","W","T",0,1,0,2,0,"F"
1,2,0,1,".CX","freef001","almoa001","","D8/F89XD+.2-H;1-H","T",0,2,4,4,0,"F"
1,2,1,2,"BCSS","","albio001","","K","T",1,0,0,2,0,"F"
0,0,2,2,"..CBFBX","","","","43/G4","T",1,0,0,0,0,"F"
0,1,0,0,"X","","","","41/G34D","T",1,0,0,0,0,"F"
0,2,2,2,"BCBFX","","","","HR/F8XD","T",0,4,0,0,0,"F"
0,2,0,2,"LCX","","","","7/F7S","T",1,0,0,0,0,"F"
1,0,3,2,"BSBCBFS","","","","K","T",1,0,0,0,0,"F"
1,1,1,1,"BCX","","","","63/G56S-","T",1,0,0,0,0,"F"
1,2,1,2,"CFBS","","","","K","T",1,0,0,0,0,"F"
0,0,0,2,".FCC","","","","K","T",1,0,0,0,0,"F"
0,1,0,1,".FX","","","","53/G34D","T",1,0,0,0,0,"F"
0,2,2,2,"FFBBFFH","","","","HP","T",0,1,0,0,0,"F"
0,2,0,2,"CF1>B","roblv001","","","SB2","F",0,0,2,0,0,"F"
0,2,1,2,"CF1>B.X","","roblv001","","S8/G6M.2-H","T",0,1,0,4,0,"F"
0,2,0,0,">B","turnt001","","","SB2","F",0,0,2,0,0,"F"
0,2,1,0,">B.X","","turnt001","","7/F","T",1,0,0,2,0,"F"
1,0,3,2,"..CBCBBC","","","","K","T",1,0,0,0,0,"F"
1,1,1,0,"BX","","","","7/L7D+","T",1,0,0,0,0,"F"
1,2,3,1,"BBBCX","","","","53/G5","T",1,0,0,0,0,"F"
0,0,0,2,"CFX","","","","9/F89","T",1,0,0,0,0,"T"
0,1,0,0,"X","","","","43/G6MS","T",1,0,0,0,0,"F"
0,2,3,2,"BBCCBB","","","","W","T",0,1,0,0,0,"F"
0,2,0,1,"CX","sotoj001","","","8/L1S","T",1,0,1,0,0,"F"
1,0,0,0,"X","","","","13/G1S-","T",1,0,0,0,0,"F"
1,1,2,1,"BBFX","","","","43/G34D","T",1,0,0,0,0,"F"
1,2,1,1,"BFX","","","","S7/L78+","T",0,1,0,0,0,"F"
1,2,1,0,"B>B","albio001","","","SB2","F",0,0,2,0,0,"F"
1,2,3,2,"B>B.CFBX","","albio001","","8/F8XD+","T",1,0,0,2,0,"F"
0,0,0,0,"X","","","","43/G6MS","T",1,0,0,0,0,"F"
0,1,2,2,"CBCFFFBS","","","","K","T",1,0,0,0,0,"F"
0,2,3,2,"BBBCFFS","","","","K","T",1,0,0,0,0,"F"
1,0,2,2,"FFBBX","","","","23/G2-","T",1,0,0,0,0,"F"
1,1,1,0,"BX","","","","53/G56S","T",1,0,0,0,0,"F"
1,2,0,1,"FX","","","","S9/L9L","T",0,1,0,0,0,"F"
1,2,0,2,"FSX","contw002","","","43/G4","T",1,0,1,0,0,"F"
0,0,2,2,"BCSFBS","","","","K","T",1,0,0,0,0,"F"
0,1,1,0,"BX","","","","43/G4","T",1,0,0,0,0,"F"
0,2,0,2,"FSX","","","","3/G34","T",1,0,0,0,0,"F"
1,0,1,2,"CBCS","","","","K","T",1,0,0,0,0,"F"
1,1,3,1,"BSBBB","","","","W","T",0,1,0,0,0,"F"
1,1,0,0,"1X","acunr001","","","7/F7D+.1-2","T",1,0,2,0,0,"F"
1,2,0,2,"FFS","","acunr001","","K","T",1,0,0,2,0,"F"
0,0,1,2,"BCSX","","","","9/F9LS","T",1,0,0,0,0,"F"
0,1,3,0,"BBBB","","","","W","T",0,1,0,0,0,"F"
0,1,1,2,"CBF1X","sotoj001","","","53/G56.1-2","T",1,0,2,0,0,"F"
0,2,1,0,"BX","","sotoj001","","9/F9D+","T",1,0,0,2,0,"F"
1,0,1,1,"FBX","","","","43/G13","T",1,0,0,0,0,"F"
1,1,0,1,"TX","","","","8/F8XD+","T",1,0,0,0,0,"F"
1,2,0,0,"X","","","","9/L9D","T",1,0,0,0,0,"F"
0,0,3,2,"BFBFBB","","","","W","T",0,1,0,0,0,"F"
0,0,1,2,"BC11>FX","roblv001","","","S9/L9.1-2","T",0,1,2,0,0,"F"
0,0,3,2,"FF*BBBS","mercj002","roblv001","","K","T",1,0,1,2,0,"F"
0,1,2,2,"*BBCLL","mercj002","roblv001","","K","T",1,0,1,2,0,"F"
0,2,0,0,"X","mercj002","roblv001","","43/G6M","T",1,0,1,2,0,"F"
1,0,0,2,"FSS","","","","K","T",1,0,0,0,0,"F"
1,1,1,0,"BX","","","","53/G56","T",1,0,0,0,0,"F"
1,2,0,2,"CCC","","","","K","T",1,0,0,0,0,"F"
0,0,3,1,"BBFBB","","","","W","T",0,1,0,0,0,"F"
0,0,0,0,"1X","harrj002","","","7/F7S","T",1,0,1,0,0,"F"
0,1,0,2,"F1FX","harrj002","","","54(1)/FO/G56+.B-1","T",1,1,0,0,0,"F"
0,2,3,0,"*BB1BB","zimmr001","","","W.1-2","T",0,1,2,0,0,"F"
0,2,1,1,".FBX","casts001","zimmr001","","7/F78XD","T",1,0,1,2,0,"F"
1,0,3,2,"FFBBBFX","","","","S7/G56+","T",0,1,0,0,0,"F"
1,0,2,0,"111*BBX","acunr001","","","5/L4","T",1,0,1,0,0,"F"
1,1,0,0,"11>B","acunr001","","","SB2","F",0,0,2,0,0,"F"
1,1,1,2,"11>B.FTX","","acunr001","","S7/G6.2-H;B-2(E7)","T",0,2,0,4,0,"F"
1,1,0,0,"X","","albio001","","D9/G3.2-H","T",0,2,0,4,0,"F"
1,1,3,2,"B*BBFFX","","rilea001","","HR/F78XD.2-H","T",0,4,0,4,0,"F"
1,1,3,1,"BBBCB","","","","W","T",0,1,0,0,0,"F"
1,1,1,2,".BCF1S","adrie001","","","K","T",1,0,1,0,0,"F"
1,2,1,1,"FBX","adrie001","","","9/F9S","T",1,0,1,0,0,"F"
0,0,2,1,"BCBX","","","","63/G6","T",1,0,0,0,0,"F"
0,1,2,2,"SBSBS","","","","K","T",1,0,0,0,0,"F"
0,2,0,0,".X","","","","43/G4","T",1,0,0,0,0,"F"
1,0,2,2,"..CBFBX","","","","3/P3-","T",1,0,0,0,0,"F"
1,1,3,2,"BFBBFB","","","","W","T",0,1,0,0,0,"F"
1,1,2,2,"BCSBFS","acunr001","","","K","T",1,0,1,0,0,"F"
1,2,0,0,"X","acunr001","","","D9/F9.1-H","T",0,2,4,0,0,"F"
1,2,0,2,"FSC","","albio001","","K","T",1,0,0,2,0,"F"
0,0,1,1,".CBX","","","","S5/G5+.B-2(E5/TH)","T",0,2,0,0,0,"F"
0,0,2,0,"BBX","","turnt001","","7/F7","T",1,0,0,2,0,"F"
0,1,3,2,"BCS*BBS","","turnt001","","K","T",1,0,0,2,0,"F"
0,2,2,2,"*SBBC*S","","turnt001","","K.BX1(13)","T",1,0,0,2,0,"F"
1,0,1,1,".BCX","","","","53/G56","T",1,0,0,0,0,"F"
1,1,1,2,"FBFFS","","","","K","T",1,0,0,0,0,"F"
1,2,1,2,"CSFBF*S","","","","K","T",1,0,0,0,0,"F"
0,0,3,2,"...FBSBBS","","","","K","T",1,0,0,0,0,"F"
0,1,1,2,"CBCC","","","","K","T",1,0,0,0,0,"F"
0,2,2,2,"CBBFX","","","","D57/L7LS","T",0,2,0,0,0,"F"
0,2,0,2,"CSX","","mercj002","","S8/L8.2-H","T",0,1,0,4,0,"F"
0,2,0,0,".X","avila001","","","4(1)/FO/G4M.B-1","T",1,1,0,0,0,"F"
0,0,3,2,"BBCSBS","","","","K","T",1,0,0,0,0,"T"
0,1,2,2,"BCFBX","","","","E5/G34+.B-1","T",0,1,0,0,0,"F"
0,1,2,2,"BBCFX","muncm001","","","64(1)3/GDP/G56","T",2,0,0,0,0,"F"
1,0,1,2,"CCBFC","","","","K","T",1,0,0,0,0,"F"
1,1,1,2,"CFBX","","","","HR/F8XD","T",0,4,0,0,0,"F"
1,1,2,1,"CBBX","","","","S5/G5","T",0,1,0,0,0,"F"
1,1,1,2,"B1>FF1FC","albio001","","","K","T",1,0,1,0,0,"F"
1,2,3,2,"1BCS1*BB>B","albio001","","","W.1-2","T",0,1,2,0,0,"F"
1,2,3,1,"BBBCX","swand001","albio001","","8/L8D","T",1,0,1,2,0,"F"
0,0,1,2,"CBCFFFC","","","","K","T",1,0,0,0,0,"F"
0,1,3,2,"FBSBFBFS","","","","K","T",1,0,0,0,0,"F"
0,2,2,2,"SBBSS","","","","K","T",1,0,0,0,0,"F"
1,0,1,2,"FBCX","","","","S8/L8","T",0,1,0,0,0,"F"
1,0,3,1,"*BBFBX","contw002","","","64(1)/FO/G6D.B-1","T",1,1,0,0,0,"F"
1,1,0,0,"X","hereg002","","","34/SH/BG2.1-2","T",1,0,2,0,0,"F"
1,2,0,0,"X","","hereg002","","7/L78","T",1,0,0,2,0,"F"
0,0,0,2,"CFS","","","","K","T",1,0,0,0,0,"F"
0,1,2,2,"BBFFX","","","","9/F89S","T",1,0,0,0,0,"F"
0,2,2,1,"BCBX","","","","7/L78D","T",1,0,0,0,0,"F"
1,0,1,2,"BCSS","","","","K","T",1,0,0,0,0,"F"
1,1,3,1,"FBBBB","","","","W","T",0,1,0,0,0,"F"
1,1,1,1,"FB>B","albio001","","","CS2(24)","F",1,0,0,0,0,"F"
1,2,2,2,"FB>B.FFX","","","","63/G6S","T",1,0,0,0,0,"F"
0,0,3,2,"BFBBC*B","","","","W","T",0,1,0,0,0,"F"
0,0,2,1,"BB1C1X","bettm001","","","45(1)3/GDP/G34","T",2,0,0,0,0,"F"
0,2,3,0,"BBBB","","","","W","T",0,1,0,0,0,"F"
0,2,3,2,"*BFSB*B>F>F>F>F>F>S","turnj001","","","K","T",1,0,1,0,0,"F"
1,0,0,2,".CFX","","","","3/P3DF/FL","T",1,0,0,0,0,"F"
1,1,1,2,"CSBX","","","","S9/L89S","T",0,1,0,0,0,"F"
1,1,1,2,"FCFBT","adrie001","","","K","T",1,0,1,0,0,"F"
1,2,1,1,"BSX","adrie001","","","7/L7D","T",1,0,1,0,0,"F"
0,0,2,1,"FBBX","","","","9/L9D+","T",1,0,0,0,0,"F"
0,1,3,1,"BBFBB","","","","W","T",0,1,0,0,0,"F"
0,1,3,2,"1B*B1BCS>F>X","taylc001","","","D9/L9LD+.1-3","T",0,2,3,0,0,"F"
0,1,2,2,"BFBSFX","","lux-g001","taylc001","FC5/G5S.3-H;2-3;B-1","T",0,1,0,3,4,"F"
0,1,0,2,"1LLX","polla001","","lux-g001","FC/SH/BG1S.3-H;1-2;B-1","T",0,1,2,0,4,"F"
0,1,2,2,".CBFBFX","uriaj001","polla001","","9/F9","T",1,0,1,2,0,"F"
0,2,3,2,".BBBCF>B","uriaj001","polla001","","W.2-3;1-2","T",0,1,2,3,0,"F"
0,2,3,2,"BB.FBF>B","pujoa001","uriaj001","polla001","W.3-H;2-3;1-2","T",0,1,2,3,4,"F"
0,2,3,1,"CBBBB","turnj001","pujoa001","uriaj001","W.3-H;2-3;1-2","T",0,1,2,3,4,"F"
0,2,1,2,"..FCBX","bellc002","turnj001","pujoa001","S8/L8.3-H;2-3;1-2","T",0,1,2,3,4,"F"
0,2,2,0,"BBX","smitw003","bellc002","turnj001","D7/L7L+.3-H;2-H;1-H","T",0,2,4,4,4,"F"
0,2,3,2,"CF*BBBFB","","taylc001","","W","T",0,1,0,2,0,"F"
0,2,2,1,"BFBX","lux-g001","taylc001","","7/F78","T",1,0,1,2,0,"F"
1,0,0,2,".FFFX","","","","43/G4S","T",1,0,0,0,0,"F"
1,1,2,1,"BFBX","","","","8/F78","T",1,0,0,0,0,"F"
1,2,2,2,"FBFBS","","","","K","T",1,0,0,0,0,"F"
0,0,3,2,".CCFBBBB","","","","W","T",0,1,0,0,0,"F"
0,0,1,0,"BX","tsuty001","","","8/F89S","T",1,0,1,0,0,"F"
0,1,2,2,"BFF*BC","tsuty001","","","K","T",1,0,1,0,0,"F"
0,2,3,2,"B*BBCF>F>X","tsuty001","","","63/G6M","T",1,0,1,0,0,"F"
1,0,1,2,".SFBFS","","","","K","T",1,0,0,0,0,"F"
1,1,3,2,"BBSBFF*S","","","","K","T",1,0,0,0,0,"F"
1,2,1,1,"BFX","","","","8/L8","T",1,0,0,0,0,"F"
0,0,0,0,"...X","","","","4/L4D+","T",1,0,0,0,0,"F"
0,1,2,1,"CBBX","","","","13/G1S-","T",1,0,0,0,0,"F"
0,2,0,0,"X","","","","63/G6","T",1,0,0,0,0,"F"
1,0,2,2,".BFFBFFC","","","","K","T",1,0,0,0,0,"F"
1,1,1,1,"FBX","","","","43/G6M+","T",1,0,0,0,0,"F"
1,2,1,2,"SBFS","","","","K","T",1,0,0,0,0,"F"
0,0,1,2,"BCSS","","","","K","T",1,0,0,0,0,"F"
0,1,0,0,"X","","","","9/L9","T",1,0,0,0,0,"F"
0,2,0,2,"CSS","","","","K","T",1,0,0,0,0,"F"
1,0,0,1,"SX","","","","S7/L7LS","T",0,1,0,0,0,"F"
1,0,3,0,"BBBB","incie001","","","W.1-2","T",0,1,2,0,0,"F"
1,0,0,2,"SFX","acunr001","incie001","","46(1)/FO/G4D+.2-3;B-1","T",1,1,0,3,0,"F"
1,1,0,0,"X","freef001","","incie001","D8/F89XD.3-H;1-H","T",0,2,4,0,4,"F"
1,1,0,1,".CX","","albio001","","S9/G34.2-3","T",0,1,0,3,0,"F"
1,1,1,2,".CBSFF*S","rilea001","","albio001","K","T",1,0,1,0,3,"F"
1,2,1,1,"CBX","rilea001","","albio001","E6/P7LS.3-H(NR)(UR);1-H(NR)(UR);B-2","T",0,2,5,0,5,"F"
1,2,1,1,"S*BX","","adrie001","","53/G56","T",1,0,0,2,0,"F"
0,0,1,2,".CFBX","","","","D7/L7L","T",0,2,0,0,0,"F"
0,0,0,0,"B","","bettm001","","WP.2-3","F",0,0,0,3,0,"F"
0,0,1,0,"B.B","","","bettm001","WP.3-H(NR)","F",0,0,0,0,4,"F"
0,0,3,1,"B.B.FBX","","","","3/P3SF/FL","T",1,0,0,0,0,"F"
0,1,0,0,"X","","","","4/P4D","T",1,0,0,0,0,"F"
0,2,2,2,"BBFCS","","","","K","T",1,0,0,0,0,"F"
1,0,3,0,".BBBB","","","","W","T",0,1,0,0,0,"F"
1,0,3,2,"BC*BBFB","almoa001","","","W.1-2","T",0,1,2,0,0,"F"
1,0,1,2,"SBCX","incie001","almoa001","","4/P4MS","T",1,0,1,2,0,"F"
1,1,2,2,"B*BCCS","incie001","almoa001","","K","T",1,0,1,2,0,"F"
1,2,3,2,"BFBSB>F>X","incie001","almoa001","","8/F8D","T",1,0,1,2,0,"F"
0,0,2,2,"BCSBH","","","","HP","T",0,1,0,0,0,"T"
0,0,1,1,"FBX","bettm001","","","E5/G56.1-2;B-1","T",0,1,2,0,0,"F"
0,0,3,2,"BCFBBX","turnj001","bettm001","","46(1)/FO/G34.2-3;B-1","T",1,1,0,3,0,"F"
0,1,0,0,"1","bellc002","","bettm001","PO1(E1/TH).3-H(NR)(UR);1-2","F",0,0,2,0,5,"F"
0,1,1,2,"1.SBSX","","bellc002","","6/L6","T",1,0,0,2,0,"F"
0,2,1,0,"BX","","bellc002","","5/P5SF/FL","T",1,0,0,2,0,"F"
1,0,0,1,"FX","","","","63/G56D","T",1,0,0,0,0,"F"
1,1,3,0,"BBBX","","","","8/F8D+","T",1,0,0,0,0,"F"
1,2,0,2,"CSS","","","","K","T",1,0,0,0,0,"F"
0,0,1,2,"BSCX","","","","53/G34","T",1,0,0,0,0,"F"
0,1,1,2,"CBCFX","","","","3/G3","T",1,0,0,0,0,"F"
0,2,1,2,"CFBC","","","","K","T",1,0,0,0,0,"F"
1,0,0,0,"X","","","","S7/L7+","T",0,1,0,0,0,"F"
1,0,1,2,"SC*BFS","rilea001","","","K","T",1,0,1,0,0,"F"
1,1,0,2,"FC1","rilea001","","","PO1(13)","F",1,0,0,0,0,"F"
1,2,0,2,"FC1.X","","","","43/G6M","T",1,0,0,0,0,"F"
0,0,1,2,"CBSFC","","","","K","T",1,0,0,0,0,"F"
0,1,1,2,"CFBX","","","","63/G56","T",1,0,0,0,0,"F"
0,2,2,2,"FBCBFS","","","","K","T",1,0,0,0,0,"F"
1,0,1,1,"BCX","","","","S4/G4M","T",0,1,0,0,0,"F"
1,0,0,1,"CX","hereg002","","","9/F9LSF/FL","T",1,0,1,0,0,"F"
1,1,0,2,"CL1L","hereg002","","","K","T",1,0,1,0,0,"F"
1,2,3,2,"FBCB*B>F>*B","hereg002","","","W.1-2","T",0,1,2,0,0,"F"
1,2,1,0,"BX","acunr001","hereg002","","S8/L8D.2-H;1-3;B-2","T",0,2,3,4,0,"F"
1,2,1,2,"FBSX","","freef001","acunr001","D7/L7LD+.3-H;2-H","T",0,2,0,4,4,"F"
1,2,2,2,"BC*BSX","","albio001","","S6/G5+.2-3","T",0,1,0,3,0,"F"
1,2,2,1,"*BBFX","rilea001","","albio001","D8/L78D+.3-H;1-H","T",0,2,4,0,4,"F"
1,2,0,2,"SSS","","swand001","","K","T",1,0,0,2,0,"F"
0,0,1,2,"CBSX","","","","S7/L78","T",0,1,0,0,0,"F"
0,0,0,0,">B","bellc002","","","SB2","F",0,0,2,0,0,"F"
0,0,1,2,">B.SFX","","bellc002","","S7/L7.2-3","T",0,1,0,3,0,"F"
0,0,0,0,"1X","taylc001","","bellc002","S8/L8.3-H;1-2","T",0,1,2,0,4,"F"
0,0,1,1,"C*BX","beatm001","taylc001","","S9/L9+.2-3;1-2","T",0,1,2,3,0,"F"
0,0,2,1,"BBSX","lux-g001","beatm001","taylc001","6(1)3/GDP/G4M.3-H(NR);2-3","T",2,0,0,3,4,"F"
0,2,1,1,"CBX","","","beatm001","E6/TH/G6.3-H(NR)(UR);B-1","T",0,1,0,0,5,"F"
0,2,2,2,"BBCFS","barna001","","","K","T",1,0,1,0,0,"F"
1,0,2,2,"CBSFBFS","","","","K","T",1,0,0,0,0,"F"
1,1,1,2,"FFBT","","","","K","T",1,0,0,0,0,"F"
1,2,2,1,"BBCX","","","","S7/F7","T",0,1,0,0,0,"F"
1,2,2,2,"CCBBS","mortc002","","","K","T",1,0,1,0,0,"F"
0,0,2,2,"CBSBX","","","","43/G4","T",1,0,0,0,0,"F"
0,1,3,2,"BCBFBB","","","","W","T",0,1,0,0,0,"F"
0,1,2,2,"FBCBX","turnj001","","","45(1)/FO/G34.B-1","T",1,1,0,0,0,"F"
0,2,3,2,"S1BSBB>C","bellc002","","","K","T",1,0,1,0,0,"F"
1,0,1,1,"FBX","","","","S6/G25-","T",0,1,0,0,0,"F"
1,0,1,0,"*BX","freef001","","","9/F9","T",1,0,1,0,0,"F"
1,1,1,2,"*BS1F*S","freef001","","","K","T",1,0,1,0,0,"F"
1,2,1,0,"BX","freef001","","","63/G6","T",1,0,1,0,0,"F"
0,0,3,2,"..BFBBCX","","","","S8/F89","T",0,1,0,0,0,"F"
0,0,0,1,"CX","polla001","","","6/P6D","T",1,0,1,0,0,"F"
0,1,1,2,".CSBC","polla001","","","K","T",1,0,1,0,0,"F"
0,2,1,2,"FBCT","polla001","","","K","T",1,0,1,0,0,"F"
1,0,2,2,"..BCBFX","","","","43/G4M","T",1,0,0,0,0,"F"
1,1,1,1,"BFX","","","","63/G56+","T",1,0,0,0,0,"F"
1,2,2,2,"CBFBS","","","","K","T",1,0,0,0,0,"F"
0,0,1,2,"..FCBX","","","","3/L3","T",1,0,0,0,0,"F"
0,1,0,1,"CX","","","","E5/G5.B-1","T",0,1,0,0,0,"F"
0,1,2,0,"*B11BX","bettm001","","","8/F8D","T",1,0,1,0,0,"F"
0,2,3,1,".*BFBBB","bettm001","","","W.1-2","T",0,1,2,0,0,"F"
0,2,0,2,"CCT","bellc002","bettm001","","K","T",1,0,1,2,0,"F"
1,0,2,1,"..BBCX","","","","HR/F9LD","T",0,4,0,0,0,"F"
1,0,0,0,"X","","","","S8/G4","T",0,1,0,0,0,"F"
1,0,1,0,"11B>B","acunr001","","","SB2","F",0,0,2,0,0,"F"
1,0,3,0,"11B>B.B*B","","acunr001","","W","T",0,1,0,2,0,"F"
1,0,1,2,"*BS*SS","freef001","acunr001","","K","T",1,0,1,2,0,"F"
1,1,0,0,">C","freef001","acunr001","","SB3;SB2","F",0,0,2,3,0,"F"
1,1,1,2,">C.B*SS","","freef001","acunr001","K","T",1,0,0,2,3,"F"
1,2,3,0,"BBBB","","freef001","acunr001","W","T",0,1,0,2,3,"F"
1,2,0,0,"X","swand001","freef001","acunr001","13/G13-","T",1,0,1,2,3,"F"
0,0,0,1,".FH","","","","HP","T",0,1,0,0,0,"F"
0,0,0,2,"FFX","polla001","","","7/F7","T",1,0,1,0,0,"F"
0,1,0,1,"FX","polla001","","","8/F89D","T",1,0,1,0,0,"F"
0,2,2,2,"BBSSFFX","polla001","","","63/G56D","T",1,0,1,0,0,"F"
1,0,1,2,"..CCBS","","","","K","T",1,0,0,0,0,"F"
1,1,2,2,"CBFBX","","","","S9/G4","T",0,1,0,0,0,"F"
1,1,2,1,".BFBX","smitk002","","","64(1)3/GDP/G6MS","T",2,0,0,0,0,"F"
0,0,0,2,"...CFT","","","","K","T",1,0,0,0,0,"F"
0,1,2,2,"FCBBFFC","","","","K","T",1,0,0,0,0,"F"
0,2,1,2,"FSBC","","","","K","T",1,0,0,0,0,"F"
0,0,1,1,"BFX","","","","8/F8XD","T",1,0,0,0,0,"T"
0,1,1,0,"BX","","","","9/F9LS","T",1,0,0,0,0,"F"
0,2,3,2,"CBBSBX","","","","8/F8","T",1,0,0,0,0,"F"
1,0,3,2,"CBBBFB","","","","W","T",0,1,0,0,0,"F"
1,0,0,0,"X","acunr001","","","3/L3+/DP.1X1(3)","T",2,0,0,0,0,"F"
1,2,2,0,"BBX","","","","7/F7LD","T",1,0,0,0,0,"F"
0,0,2,2,"BFCFBX","","","","53/G5","T",1,0,0,0,0,"F"
0,1,0,1,"CX","","","","43/G6D","T",1,0,0,0,0,"F"
0,2,3,2,"BFBFBFX","","","","53/G34D","T",1,0,0,0,0,"F"
1,0,0,0,"X","","","","S7/L78D","T",0,1,0,0,0,"F"
1,0,1,1,"CBX","swand001","","","D8/F78XD+.1-H","T",0,2,4,0,0,"F"
1,0,0,2,"CCF*S","","almoa001","","K","T",1,0,0,2,0,"F"
1,1,1,2,"BSSS","","almoa001","","K","T",1,0,0,2,0,"F"
1,2,2,2,"BSBFFX","","almoa001","","3/G3","T",1,0,0,2,0,"F"
0,0,0,1,"CX","","","","13/G56S","T",1,0,0,0,0,"F"
0,1,2,2,"CBSBS","","","","K","T",1,0,0,0,0,"F"
0,2,1,0,"BX","","","","13/G2-","T",1,0,0,0,0,"F"
1,0,0,1,"CX","","","","8/L8D","T",1,0,0,0,0,"F"
1,1,1,2,"BFCS","","","","K","T",1,0,0,0,0,"F"
1,2,3,1,"BCBBB","","","","W","T",0,1,0,0,0,"F"
1,2,2,1,"FBBX","freef001","","","D8/F78XD.1-H","T",0,2,4,0,0,"F"
1,2,0,2,"SFT","","albio001","","K","T",1,0,0,2,0,"F"
0,0,1,2,"CCBS","","","","K","T",1,0,0,0,0,"F"
0,1,1,1,"CBX","","","","D7/F7LD","T",0,2,0,0,0,"F"
0,1,2,2,"FBF*BC","","turnj001","","K","T",1,0,0,2,0,"F"
0,2,2,1,"BBSX","","turnj001","","S9/F9S.2-H","T",0,1,0,4,0,"F"
0,2,1,2,"BFSX","pujoa001","","","64(1)/FO/G6D+.B-1","T",1,1,0,0,0,"F"
1,0,1,1,"SBX","","","","43/G4","T",1,0,0,0,0,"F"
1,1,0,0,"X","","","","D9/L9LS","T",0,2,0,0,0,"F"
1,1,0,0,"X","","adrie001","","FC6/G56.2-3;B-1","T",0,1,0,3,0,"F"
1,1,3,2,"BFL*BBT","contw002","","adrie001","K","T",1,0,1,0,3,"F"
1,2,3,2,"BBBCS>B","contw002","","adrie001","W.1-2","T",0,1,2,0,3,"F"
1,2,0,1,"SX","friem001","contw002","adrie001","2/P2F/FL","T",1,0,1,2,3,"F"
0,0,1,2,"CFBFX","","","","43/G4M","T",1,0,0,0,0,"F"
0,1,2,2,"BCBSFX","","","","63/G6M","T",1,0,0,0,0,"F"
0,2,1,2,"CFFBS","","","","K","T",1,0,0,0,0,"F"
1,0,3,2,"BFBFBX","","","","31/G3","T",1,0,0,0,0,"F"
1,1,0,2,"FSF*S","","","","K","T",1,0,0,0,0,"F"
1,2,1,1,"SBX","","","","8/F78","T",1,0,0,0,0,"F"
0,0,0,2,"CFFFX","","","","13/G13-","T",1,0,0,0,0,"F"
0,1,0,0,"X","","","","S64/G6","T",0,1,0,0,0,"F"
0,1,0,2,"11F11F1X","bettm001","","","S7/L78.1-2","T",0,1,2,0,0,"F"
0,1,0,2,"CSX","turnj001","bettm001","","53/G56.2-3;1-2","T",1,0,2,3,0,"F"
0,2,2,1,"F*BBX","","turnj001","bettm001","7/F7LF/FL","T",1,0,0,2,3,"F"
1,0,3,2,"CBBFBFB","","","","W","T",0,1,0,0,0,"F"
1,0,1,2,"BFFX","almoa001","","","S8/L8.1-2","T",0,1,2,0,0,"F"
1,0,1,0,"BX","adrie001","almoa001","","2/BP2F-/FL","T",1,0,1,2,0,"F"
1,1,0,2,"CSX","adrie001","almoa001","","S8/L89S.2-H;1-2","T",0,1,2,4,0,"F"
1,1,1,1,"BLX","incie001","adrie001","","53/SH/BG25.2-3;1-2","T",1,0,2,3,0,"F"
1,2,0,2,"CFS","","incie001","adrie001","K","T",1,0,0,2,3,"F"
0,0,1,0,"BX","","","","S8/L8","T",0,1,0,0,0,"F"
0,0,0,2,"1S1SX","polla001","","","S7/L78.1-2","T",0,1,2,0,0,"F"
0,0,1,2,".BFCFX","bellc002","polla001","","3/P3D","T",1,0,1,2,0,"F"
0,1,2,1,"BCBX","bellc002","polla001","","7/F7LS","T",1,0,1,2,0,"F"
0,2,2,2,".CBSBX","bellc002","polla001","","9/F89S","T",1,0,1,2,0,"F"
1,0,3,2,".FBSBFFBX","","","","6/P6D","T",1,0,0,0,0,"F"
1,1,1,2,"FBS*S","","","","K","T",1,0,0,0,0,"F"
1,2,1,2,"CCFBS","","","","K","T",1,0,0,0,0,"F"
0,0,1,1,".CBX","","","","63/G6","T",1,0,0,0,0,"F"
0,1,2,2,"BBCFX","","","","63/G6","T",1,0,0,0,0,"F"
0,2,0,1,"FX","","","","8/F89XD+","T",1,0,0,0,0,"F"
1,0,2,2,"..BSFBX","","","","S8/L8D+","T",0,1,0,0,0,"F"
1,0,3,2,"B1BBCSB","hereg002","","","W.1-2","T",0,1,2,0,0,"F"
1,0,3,2,"BBFBSFB","adrie001","hereg002","","W.2-3;1-2","T",0,1,2,3,0,"F"
1,0,2,1,"BBFX","contw002","adrie001","hereg002","7/SF/F78.3-H","T",1,0,1,2,4,"F"
1,1,0,0,"..X","contw002","adrie001","","5/P5D","T",1,0,1,2,0,"F"
1,2,3,2,"SBBSFB>S","contw002","adrie001","","K","T",1,0,1,2,0,"F"
0,0,2,0,"..BBX","","","","HR/F7D","T",0,4,0,0,0,"F"
0,0,0,2,"CFS","","","","K","T",1,0,0,0,0,"F"
0,1,1,0,"BX","","","","7/F7S","T",1,0,0,0,0,"F"
0,2,0,1,"CX","","","","8/F8","T",1,0,0,0,0,"F"
0,0,0,1,"CX","","","","S8/L8+","T",0,1,0,0,0,"T"
0,0,1,1,"BCX","herne001","","","S8/L8.1-2","T",0,1,2,0,0,"F"
0,0,0,1,"CX","verda001","herne001","","8/F8XD.2-3","T",1,0,1,3,0,"F"
0,1,3,2,"CF*BBFF1*BS","verda001","","herne001","K","T",1,0,1,0,3,"F"
0,2,2,2,"BSSBX","verda001","","herne001","HR/F8XD.3-H;1-H","T",0,4,4,0,4,"F"
0,2,2,0,"BBX","","","","HR/F7D","T",0,4,0,0,0,"F"
0,2,2,2,"BBCSFC","","","","K","T",1,0,0,0,0,"F"
1,0,3,2,"BBSSBFS","","","","K","T",1,0,0,0,0,"F"
1,1,2,2,"CBSFBS","","","","K","T",1,0,0,0,0,"F"
1,2,0,1,"FX","","","","S7/L7","T",0,1,0,0,0,"F"
1,2,2,2,"CBBFFFS","albio001","","","K","T",1,0,1,0,0,"F"
0,0,0,2,"CFS","","","","K","T",1,0,0,0,0,"F"
0,1,0,1,"CX","","","","7/F7","T",1,0,0,0,0,"F"
0,2,3,2,"CBBFBS","","","","K","T",1,0,0,0,0,"F"
1,0,3,1,"BBBCX","","","","8/F8D","T",1,0,0,0,0,"F"
1,1,1,2,"SSBC","","","","K","T",1,0,0,0,0,"F"
1,2,1,2,"FBSS","","","","K","T",1,0,0,0,0,"F"
0,0,1,2,"CFBX","","","","8/F78D","T",1,0,0,0,0,"F"
0,1,2,1,"BFBX","","","","T7/F7D+","T",0,3,0,0,0,"F"
0,1,3,1,"BBCBB","","","martj006","W","T",0,1,0,0,3,"F"
0,1,0,0,".X","bogax001","","martj006","S9/L89.3-H;1-2","T",0,1,2,0,4,"F"
0,1,3,2,"CB*BBFB","dever001","bogax001","","W.2-3;1-2","T",0,1,2,3,0,"F"
0,1,1,2,"FCFBC","renfh001","dever001","bogax001","K","T",1,0,1,2,3,"F"
0,2,1,2,"SBSX","renfh001","dever001","bogax001","8/F1S","T",1,0,1,2,3,"F"
1,0,2,2,"CBFBX","","","","D9/F9LS","T",0,2,0,0,0,"F"
1,0,0,0,"X","","hereg002","","FC/SH/BG2-.2-3;B-1(E2)","T",0,1,0,3,0,"F"
1,0,3,2,"BBBFSS","newcs001","","hereg002","K","T",1,0,1,0,3,"F"
1,1,0,2,"SFX","newcs001","","hereg002","S9/G34.3-H;1-2","T",0,1,2,0,4,"F"
1,1,3,2,"BBSBFX","freef001","newcs001","","3/P3F/FL","T",1,0,1,2,0,"F"
1,2,0,0,"X","freef001","newcs001","","43/G6M","T",1,0,1,2,0,"F"
0,0,0,2,"CSS","","","","K","T",1,0,0,0,0,"F"
0,1,1,2,"CSB*S","","","","K","T",1,0,0,0,0,"F"
0,2,0,2,"CSFX","","","","7/F1S","T",1,0,0,0,0,"F"
1,0,0,1,"FX","","","","D7/G5+","T",0,2,0,0,0,"F"
1,0,1,2,"CF*BX","","swand001","","DGR/L7LD+.2-H","T",0,2,0,4,0,"F"
1,0,0,1,"SX","","almoa001","","53/G5","T",1,0,0,2,0,"F"
1,1,1,2,"CFF*BC","","almoa001","","K","T",1,0,0,2,0,"F"
1,2,3,1,".BC*BBB","","almoa001","","W","T",0,1,0,2,0,"F"
1,2,0,0,"X","adrie001","almoa001","","D8/L78XD+.2-H;1-H;B-3","T",0,3,4,4,0,"F"
1,2,1,2,"SCBT","","","acunr001","K","T",1,0,0,0,3,"F"
0,0,0,2,".SFS","","","","K","T",1,0,0,0,0,"F"
0,1,3,1,"BCBBX","","","","HR/F7D","T",0,4,0,0,0,"F"
0,1,1,1,"FBX","","","","D9/G3+","T",0,2,0,0,0,"F"
0,1,0,0,"X","","dever001","","S8/L8S.2-H","T",0,1,0,4,0,"F"
0,1,0,0,">S","renfh001","","","CS2(24)","F",1,0,0,0,0,"F"
0,2,1,1,">S.BX","","","","53/G5","T",1,0,0,0,0,"F"
1,0,0,1,".CX","","","","3/G3","T",1,0,0,0,0,"F"
1,1,1,2,"CCBX","","","","13/G3S-","T",1,0,0,0,0,"F"
1,2,1,2,"CBSS","","","","K","T",1,0,0,0,0,"F"
0,0,0,1,"CX","","","","S7/L7+","T",0,1,0,0,0,"F"
0,0,0,1,"MX","dalbb001","","","S7/L7S.1-2","T",0,1,2,0,0,"F"
0,0,1,2,"LF*BX","whitg002","dalbb001","","5/P5F/FL","T",1,0,1,2,0,"F"
0,1,1,1,"BCX","whitg002","dalbb001","","36(1)/FO/G2.2-3;B-1","T",1,1,0,3,0,"F"
0,2,0,2,"FFFX","verda001","","dalbb001","8/L1S","T",1,0,1,0,3,"F"
1,0,3,2,"BFFBBB","","","","W","T",0,1,0,0,0,"F"
1,0,0,0,"X","almoa001","","","FC4.1-2(E4);B-1","T",0,1,2,0,0,"F"
1,0,0,0,"X","contw002","almoa001","","S9/G34S.2-H(UR);1-3;B-2(E9/TH)","T",0,2,3,5,0,"F"
1,0,3,2,".BBFBFB","","hereg002","contw002","W","T",0,1,0,2,3,"F"
1,0,1,2,"CCBS","sandp001","hereg002","contw002","K","T",1,0,1,2,3,"F"
1,1,0,0,".B","sandp001","hereg002","contw002","PB.3-H(NR)(UR);2-3;1-2","F",0,0,2,3,5,"F"
1,1,3,1,".B.BBCX","","sandp001","hereg002","7/SF/F7L.3-H(UR)","T",1,0,0,2,5,"F"
1,2,0,2,"CFX","","sandp001","","8/L8D","T",1,0,0,2,0,"F"
0,0,3,2,".SFBBBS","","","","K","T",1,0,0,0,0,"F"
0,1,2,2,"CBFBS","","","","K","T",1,0,0,0,0,"F"
0,2,3,2,"FBSBFBX","","","","43/G4MS","T",1,0,0,0,0,"F"
1,0,0,1,".FX","","","","63/G6D","T",1,0,0,0,0,"F"
1,1,2,1,"FBBX","","","","13/G4MS","T",1,0,0,0,0,"F"
1,2,1,2,"CBFFS","","","","K","T",1,0,0,0,0,"F"
0,0,0,2,".FFX","","","","S7/G56","T",0,1,0,0,0,"F"
0,0,1,2,"FCBX","vazqc001","","","S8/G6M+.1-2","T",0,1,2,0,0,"F"
0,0,0,2,".LLX","dalbb001","vazqc001","","24/SH/BG2-.2-3;1-2","T",1,0,2,3,0,"F"
0,1,0,0,".X","","dalbb001","santd001","43/G6M","T",1,0,0,2,3,"F"
0,2,2,0,"VBX","","dalbb001","santd001","HR/F78XD.3-H;2-H","T",0,4,0,4,4,"F"
0,2,0,0,"X","","","","8/F8","T",1,0,0,0,0,"F"
1,0,2,2,"...FCBBX","","","","7/F7S","T",1,0,0,0,0,"F"
1,1,2,2,"BCBSS","","","","K","T",1,0,0,0,0,"F"
1,2,1,2,".CFBC","","","","K","T",1,0,0,0,0,"F"
0,0,2,2,".CCBBX","","","","53/G5","T",1,0,0,0,0,"F"
0,1,1,2,"BFFS","","","","K","T",1,0,0,0,0,"F"
0,2,1,2,"SBFX","","","","8/F1S","T",1,0,0,0,0,"F"
1,0,1,0,".BX","","","","S8/L8","T",0,1,0,0,0,"F"
1,0,0,0,">C","acunr001","","","SB2","F",0,0,2,0,0,"F"
1,0,1,2,">C.FBS","","acunr001","","K","T",1,0,0,2,0,"F"
1,1,2,1,"BBSX","","acunr001","","6/F4D","T",1,0,0,2,0,"F"
1,2,3,2,"BF*BBFX","","acunr001","","S56/G5S.2-H","T",0,1,0,4,0,"F"
1,2,2,2,"FBC*BC","rilea001","","","K","T",1,0,1,0,0,"F"
0,0,1,2,"FBCX","","","","6/L6D","T",1,0,0,0,0,"T"
0,1,2,2,"CBBCFFX","","","","S7/L7LS","T",0,1,0,0,0,"F"
0,1,1,2,"BSSX","verda001","","","D8/L8XD+.1-3","T",0,2,3,0,0,"F"
0,1,2,2,"*SS*BBS","","martj006","verda001","K","T",1,0,0,2,3,"F"
0,2,3,2,"TBBSFBB","","martj006","verda001","W","T",0,1,0,2,3,"F"
0,2,0,1,"FX","dever001","martj006","verda001","S9/L89S.3-H;2-H;1-3","T",0,1,3,4,4,"F"
0,2,3,2,"CSBBB>F>X","renfh001","","dever001","63/G56","T",1,0,1,0,3,"F"
1,0,3,2,"BBCCBX","","","","D7/G5+","T",0,2,0,0,0,"F"
1,0,3,2,"BFFBFBB","","acunr001","","W","T",0,1,0,2,0,"F"
1,0,0,0,"X","freef001","acunr001","","7/F7L","T",1,0,1,2,0,"F"
1,1,0,2,"CFX","freef001","acunr001","","3/L3","T",1,0,1,2,0,"F"
1,2,1,1,"BFX","freef001","acunr001","","9/F9LS","T",1,0,1,2,0,"F"
0,0,3,2,"BSBBSS","","","","K","T",1,0,0,0,0,"F"
0,1,2,2,"BCSFBC","","","","K","T",1,0,0,0,0,"F"
0,2,1,2,"CSFBFC","","","","K","T",1,0,0,0,0,"F"
1,0,1,2,"BCSS","","","","K","T",1,0,0,0,0,"F"
1,1,2,2,"CCBBS","","","","K","T",1,0,0,0,0,"F"
1,2,0,0,"X","","","","S9/L89","T",0,1,0,0,0,"F"
1,2,0,1,"FX","hereg002","","","S9/L9S.1-2","T",0,1,2,0,0,"F"
1,2,1,0,"BX","andei001","hereg002","","9/F89XD+","T",1,0,1,2,0,"F"
0,0,0,0,"X","","","","7/F7D","T",1,0,0,0,0,"F"
0,1,3,2,"CSFBBBC","","","","K","T",1,0,0,0,0,"F"
0,2,0,1,"CX","","","","D7/G5","T",0,2,0,0,0,"F"
0,2,0,1,"CX","","bogax001","","5/P5DF/FL","T",1,0,0,2,0,"F"
1,0,1,0,"BX","","","","E9/L9D+.B-2","T",0,2,0,0,0,"F"
1,0,2,2,"FBFBX","","freef001","","43/G34.2-3","T",1,0,0,3,0,"F"
1,1,2,2,"BFFBFX","","","freef001","8/SF/L78XD.3-H(UR)","T",1,0,0,0,5,"F"
1,2,0,0,"X","","","","7/F7S+","T",1,0,0,0,0,"F"
0,0,0,0,"X","","","","D8/L8XD+","T",0,2,0,0,0,"F"
0,0,0,2,"SCX","","renfh001","","8/F8XD.2-3","T",1,0,0,3,0,"F"
0,1,1,1,"SBX","","","renfh001","S7/G6.3-H","T",0,1,0,0,4,"F"
0,1,3,2,"BBLCF*BX","dalbb001","","","D8/L89XD+.1-H","T",0,2,4,0,0,"F"
0,1,1,1,"C*BX","","richg002","","3/G3.2-3","T",1,0,0,3,0,"F"
0,2,3,0,"B*BBX","","","richg002","43/G89S","T",1,0,0,0,3,"F"
1,0,0,1,"SX","","","","T7/L7D+","T",0,3,0,0,0,"F"
1,0,1,2,"CSF*BC","","","swand001","K","T",1,0,0,0,3,"F"
1,1,1,2,"FBTH","","","swand001","HP","T",0,1,0,0,3,"F"
1,1,2,0,".BBX","hereg002","","swand001","43/G4+.3-H;1-2","T",1,0,2,0,4,"F"
1,2,1,2,"BCCH","","hereg002","","HP","T",0,1,0,2,0,"F"
1,2,2,2,"FBFBX","acunr001","hereg002","","S9/G4+.2-H;1-3","T",0,1,3,4,0,"F"
1,2,0,0,"X","freef001","","acunr001","3/G3","T",1,0,1,0,3,"F"
0,0,1,2,".BSSX","","","","S7/L78+","T",0,1,0,0,0,"F"
0,0,3,2,"BBCBCX","martj006","","","D7/G5.1-H;B-3(E7/TH)","T",0,3,4,0,0,"F"
0,0,0,2,"TFX","","","bogax001","S7/G6.3-H","T",0,1,0,0,4,"F"
0,0,0,1,"FX","dever001","","","7/F7","T",1,0,1,0,0,"F"
0,1,0,2,"SSX","dever001","","","D7/G5.1-3","T",0,2,3,0,0,"F"
0,1,0,2,"T*SFX","","vazqc001","dever001","FC/G1S.3XH(12);2-3;B-1","T",1,1,0,3,0,"F"
0,2,0,2,"CS>*S","dalbb001","","vazqc001","K","T",1,0,1,0,3,"F"
1,0,1,1,"BCX","","","","D7/G5","T",0,2,0,0,0,"F"
1,0,1,2,"CBSX","","almoa001","","E6/TH/G6+.B-1","T",0,1,0,2,0,"F"
1,0,2,2,"SFBBX","rilea001","almoa001","","HR/F7LD.2-H;1-H(UR)","T",0,4,5,4,0,"F"
1,0,0,1,".SX","","","","9/F9LD","T",1,0,0,0,0,"F"
1,1,2,0,"BBX","","","","9/F9LD","T",1,0,0,0,0,"F"
1,2,1,2,"CSFBS","","","","K","T",1,0,0,0,0,"F"
0,0,0,1,".SX","","","","53/G5","T",1,0,0,0,0,"F"
0,1,1,0,"BX","","","","63/G6","T",1,0,0,0,0,"F"
0,2,1,2,"BCSS","","","","K","T",1,0,0,0,0,"F"
1,0,1,0,"BX","","","","7/F78D","T",1,0,0,0,0,"F"
1,1,1,2,"BCTX","","","","HR/F78XD","T",0,4,0,0,0,"F"
1,1,1,2,"BCFFS","","","","K","T",1,0,0,0,0,"F"
1,2,2,2,"CBSBX","","","","D8/L78XD","T",0,2,0,0,0,"F"
1,2,3,2,"SBBCBB","","almoa001","","W","T",0,1,0,2,0,"F"
1,2,2,2,".BCCFBFX","rilea001","almoa001","","13/L4MS","T",1,0,1,2,0,"F"
0,0,2,0,".BBX","","","","D7/L7LD","T",0,2,0,0,0,"F"
0,0,3,2,"FBTBBFFB","","bogax001","","W","T",0,1,0,2,0,"F"
0,0,0,1,"CX","dever001","bogax001","","3/P3D","T",1,0,1,2,0,"F"
0,1,3,0,"*BBBB","dever001","bogax001","","W.2-3;1-2","T",0,1,2,3,0,"F"
0,1,0,2,"C*SS","vazqc001","dever001","bogax001","K","T",1,0,1,2,3,"F"
0,2,1,2,"...SFBX","vazqc001","dever001","bogax001","HR/F7D.3-H;2-H;1-H","T",0,4,4,4,4,"F"
0,2,1,2,"BCSX","","","","D8/L89XD","T",0,2,0,0,0,"F"
0,2,1,2,"BCSS","","gonzm002","","K","T",1,0,0,2,0,"F"
1,0,3,2,"..CBBBFB","","","","W","T",0,1,0,0,0,"F"
1,0,0,2,"FCX","smitk002","","","8/L8D","T",1,0,1,0,0,"F"
1,1,3,2,"..BBBCCX","smitk002","","","65(1)/FO/L4M.B-1","T",1,1,0,0,0,"F"
1,2,0,1,"SX","adrie001","","","S8/L8XD+.1-3","T",0,1,3,0,0,"F"
1,2,3,1,".BSBBB","acunr001","","adrie001","W.1-2","T",0,1,2,0,3,"F"
1,2,2,2,"*BFBFX","freef001","acunr001","adrie001","54(1)/FO/G56.B-1","T",1,1,0,2,3,"F"
0,0,2,2,".CBFFBFX","","","","9/F89S","T",1,0,0,0,0,"F"
0,1,2,2,"BFBSFX","","","","4/P6M","T",1,0,0,0,0,"F"
0,2,1,2,"SBFX","","","","9/F89D","T",1,0,0,0,0,"F"
1,0,3,0,".BBBB","","","","W","T",0,1,0,0,0,"F"
1,0,1,2,"BCTS","almoa001","","","K","T",1,0,1,0,0,"F"
1,1,2,2,"BCS*B*S","almoa001","","","K","T",1,0,1,0,0,"F"
1,2,0,0,"X","almoa001","","","64(1)/FO/G6.B-1","T",1,1,0,0,0,"F"
0,0,0,1,".CX","","","","3/P3D","T",1,0,0,0,0,"F"
0,1,1,2,"CFBFX","","","","8/L89XD","T",1,0,0,0,0,"F"
0,2,0,2,"CSS","","","","K","T",1,0,0,0,0,"F"
1,0,0,1,".FX","","","","S5/G5","T",0,1,0,0,0,"F"
1,0,2,2,".CBCFBFX","hereg002","","","9/F89D","T",1,0,1,0,0,"F"
1,1,1,2,"CCBX","hereg002","","","D9/F89XD+.1-H;BX3(965)","T",1,0,4,0,0,"F"
1,2,1,2,"CBSS","","","","K","T",1,0,0,0,0,"F"
0,0,3,1,"BBBCX","","","","8/F78","T",1,0,0,0,0,"T"
0,1,1,1,"BSX","","","","31/G3","T",1,0,0,0,0,"F"
0,2,1,2,"BFCX","","","","13/G1","T",1,0,0,0,0,"F"
1,0,0,2,"FSS","","","","K","T",1,0,0,0,0,"F"
1,1,3,0,"BBBX","","","","3/G3S","T",1,0,0,0,0,"F"
1,2,1,0,"BX","","","","9/L9","T",1,0,0,0,0,"F"
0,0,0,1,"CX","","","","7/L78D","T",1,0,0,0,0,"F"
0,1,2,2,"BSCFBS","","","","K","T",1,0,0,0,0,"F"
0,2,0,2,"CSS","","","","K","T",1,0,0,0,0,"F"
1,0,3,1,"CBBBB","","","","W","T",0,1,0,0,0,"F"
1,0,1,2,"FCBS","almoa001","","","K","T",1,0,1,0,0,"F"
1,1,0,1,"CX","almoa001","","","64(1)3/GDP/G56","T",2,0,0,0,0,"F"
0,0,0,1,"CH","","","","HP","T",0,1,0,0,0,"F"
0,0,0,0,"X","carpm002","","","8/F8D+","T",1,0,1,0,0,"F"
0,1,1,2,"LM*BL","carpm002","","","K","T",1,0,1,0,0,"F"
0,2,0,2,"*S*SFS","carpm002","","","K","T",1,0,1,0,0,"F"
1,0,0,0,"X","","","","9/F9LD","T",1,0,0,0,0,"F"
1,1,0,1,"CX","","","","6/P6","T",1,0,0,0,0,"F"
1,2,0,1,"CX","","","","13/G1S","T",1,0,0,0,0,"F"
0,0,0,1,"CH","","","","HP","T",0,1,0,0,0,"F"
0,0,0,0,"X","carld002","","","54(1)3/GDP/G5","T",2,0,0,0,0,"F"
0,2,3,2,"BBBSFFS","","","","K","T",1,0,0,0,0,"F"
1,0,1,0,"BX","","","","S9/L9S","T",0,1,0,0,0,"F"
1,0,1,2,"FFFFBFX","acunr001","","","S8/L8.1-2","T",0,1,2,0,0,"F"
1,0,2,2,"BBCFX","freef001","acunr001","","7/F78D","T",1,0,1,2,0,"F"
1,1,3,2,"BBBCCX","freef001","acunr001","","46(1)/FO/G4.2-3;B-1","T",1,1,0,3,0,"F"
1,2,3,1,"BBC*BX","almoa001","","acunr001","5/L5","T",1,0,1,0,3,"F"
0,0,2,2,"BBSSFX","","","","8/L89XD+","T",1,0,0,0,0,"F"
0,1,3,2,"BCBSFBFX","","","","8/F8D","T",1,0,0,0,0,"F"
0,2,1,2,"CCBX","","","","63/G6","T",1,0,0,0,0,"F"
1,0,2,2,"BBCFC","","","","K","T",1,0,0,0,0,"F"
1,1,0,2,"CFFX","","","","63/G6","T",1,0,0,0,0,"F"
1,2,2,2,"BSCFBX","","","","HR/F7LD","T",0,4,0,0,0,"F"
1,2,0,2,"CSC","","","","K","T",1,0,0,0,0,"F"
0,0,1,0,"BX","","","","53/G5","T",1,0,0,0,0,"F"
0,1,0,2,"CC*S","","","","K","T",1,0,0,0,0,"F"
0,2,2,2,"CFBBX","","","","3/L3D","T",1,0,0,0,0,"F"
1,0,3,0,"BBB*B","","","","W","T",0,1,0,0,0,"F"
1,0,1,0,"B>*B","acunr001","","","SB2","F",0,0,2,0,0,"F"
1,0,3,2,"B>*B.*BCFX","","acunr001","","43/G34.2-3","T",1,0,0,3,0,"F"
1,1,0,2,"FFFX","","","acunr001","T7/L78D.3-H","T",0,3,0,0,4,"F"
1,1,1,1,".SBX","","","albio001","D9/F9LD.3-H","T",0,2,0,0,4,"F"
1,1,0,1,"FX","","almoa001","","63/G6","T",1,0,0,2,0,"F"
1,2,3,2,"BBBCSB","","almoa001","","W+PB.2-3","T",0,1,0,3,0,"F"
1,2,2,2,"BBCTFFX","swand001","","almoa001","9/F9LS","T",1,0,1,0,3,"F"
0,0,3,2,"BBFSBX","","","","7/F7D","T",1,0,0,0,0,"F"
0,1,3,2,"BCFBFFFBFX","","","","S7/L78D+","T",0,1,0,0,0,"F"
0,1,0,1,"CX","goldp001","","","4/P6D","T",1,0,1,0,0,"F"
0,2,3,2,"BSSB*B>F>C","goldp001","","","K","T",1,0,1,0,0,"F"
1,0,1,2,"FFBX","","","","D9/L9LD","T",0,2,0,0,0,"F"
1,0,2,0,"BBX","","hereg002","","24/SH/BG2-.2-3","T",1,0,0,3,0,"F"
1,1,3,2,"BSBBSX","","","hereg002","8/SF/F78XD+.3-H","T",1,0,0,0,4,"F"
1,2,1,1,".CBX","","","","D9/L9D+","T",0,2,0,0,0,"F"
1,2,0,0,"X","","freef001","","2/P2F/FL","T",1,0,0,2,0,"F"
0,0,2,1,"BFBX","","","","63/G56","T",1,0,0,0,0,"F"
0,1,2,1,"BBFX","","","","S9/L9","T",0,1,0,0,0,"F"
0,1,1,2,"C*BSX","carpm002","","","8/F8D","T",1,0,1,0,0,"F"
0,2,1,1,".BCX","carpm002","","","S6/F78S.1-2","T",0,1,2,0,0,"F"
0,2,2,2,".BCFB*S","rondj002","carpm002","","K","T",1,0,1,2,0,"F"
1,0,0,2,".CFX","","","","9/L89D","T",1,0,0,0,0,"F"
1,1,3,2,"SBSBBFS","","","","K","T",1,0,0,0,0,"F"
1,2,3,0,"BBBB","","","","W","T",0,1,0,0,0,"F"
1,2,1,2,"SFFBX","swand001","","","S8/L89D.1-3","T",0,1,3,0,0,"F"
1,2,3,0,"BBBB","contw002","","swand001","W.1-2","T",0,1,2,0,3,"F"
1,2,1,1,".CBX","hereg002","contw002","swand001","43/G34+","T",1,0,1,2,3,"F"
0,0,3,2,"...CBBBCS","","","","K","T",1,0,0,0,0,"F"
0,1,1,1,"BCX","","","","13/G3S","T",1,0,0,0,0,"F"
0,2,0,1,"SX","","","","6/F7LSF/FL","T",1,0,0,0,0,"F"
0,0,3,2,"BBCFBFX","","","","D7/L7LD+","T",0,2,0,0,0,"T"
0,0,3,2,"CF*B>FFFBF*BX","","edmat001","","53/G56.2-3","T",1,0,0,3,0,"F"
0,1,1,2,"BFCX","","","edmat001","53/G5.3-H","T",1,0,0,0,4,"F"
0,2,1,2,"CBS*S","","","","K","T",1,0,0,0,0,"F"
1,0,1,0,"BH","","","","HP","T",0,1,0,0,0,"F"
1,0,0,0,"X","acunr001","","","7/F7D","T",1,0,1,0,0,"F"
1,1,0,2,"11CFFFF>B","acunr001","","","CS2(26)","F",1,0,0,0,0,"F"
1,2,2,2,"11CFFFF>B.BX","","","","D7/L7L","T",0,2,0,0,0,"F"
1,2,3,2,"BBCBCB","","albio001","","W","T",0,1,0,2,0,"F"
1,2,0,0,"X","almoa001","albio001","","S9/L89S.2-H;1-3","T",0,1,3,4,0,"F"
1,2,1,2,"CFBS","rilea001","","almoa001","K","T",1,0,1,0,3,"F"
0,0,1,2,"CFBX","","","","4/P4MD","T",1,0,0,0,0,"F"
0,1,3,1,"BFBBB","","","","W","T",0,1,0,0,0,"F"
0,1,1,2,"CFFBFX","moliy001","","","64(1)/FO/G6.B-1","T",1,1,0,0,0,"F"
0,2,0,0,"1","sosae001","","","POCS2(134)","F",1,0,0,0,0,"F"
1,0,0,0,"X","","","","HR/F78XD","T",0,4,0,0,0,"F"
1,0,0,2,"SSFFS","","","","K","T",1,0,0,0,0,"F"
1,1,1,0,"BX","","","","31/G3D","T",1,0,0,0,0,"F"
1,2,3,2,"BBCCBB","","","","W","T",0,1,0,0,0,"F"
1,2,1,0,"B>C","acunr001","","","SB2","F",0,0,2,0,0,"F"
1,2,1,1,"B>C.X","","acunr001","","S9/L89.2-H;B-2","T",0,2,0,4,0,"F"
1,2,0,1,"FX","","freef001","","HR/F9D.2-H","T",0,4,0,4,0,"F"
1,2,1,2,"CSBFS","","","","K","T",1,0,0,0,0,"F"
0,0,1,0,"BX","","","","43/G6MD","T",1,0,0,0,0,"F"
0,1,2,2,"BCCFFBS","","","","K","T",1,0,0,0,0,"F"
0,2,0,2,"CCX","","","","3/L34","T",1,0,0,0,0,"F"
1,0,3,0,"BBBB","","","","W","T",0,1,0,0,0,"F"
1,0,0,1,"CX","rilea001","","","4(1)3/GDP/G6M","T",2,0,0,0,0,"F"
1,2,2,1,"BCBX","","","","S9/G4+","T",0,1,0,0,0,"F"
1,2,3,1,"BFBBB","contw002","","","W.1-2","T",0,1,2,0,0,"F"
1,2,1,0,"BX","hereg002","contw002","","31/G3","T",1,0,1,2,0,"F"
0,0,3,2,"BBFSBFFB","","","","W","T",0,1,0,0,0,"F"
0,0,0,2,"SSX","carld002","","","7/L7D+","T",1,0,1,0,0,"F"
0,1,0,0,"X","carld002","","","54(1)3/GDP/G56","T",2,0,0,0,0,"F"
1,0,0,0,"H","","","","HP","T",0,1,0,0,0,"F"
1,0,1,0,"1BX","acunr001","","","S9/L9.1-3","T",0,1,3,0,0,"F"
1,0,0,1,"SX","freef001","","acunr001","S7/F7S.3-H;1-3;B-2","T",0,2,3,0,4,"F"
1,0,1,0,".BX","","albio001","freef001","S7/L7L.3-H;2-3","T",0,1,0,3,4,"F"
1,0,0,0,"X","almoa001","","albio001","8/SF/F89.3-H","T",1,0,1,0,4,"F"
1,1,2,2,"CBFBX","almoa001","","","S7/G56+.1-2","T",0,1,2,0,0,"F"
1,1,3,2,"*BFBSBB","swand001","almoa001","","W.2-3;1-2","T",0,1,2,3,0,"F"
1,1,2,1,"FB*BX","contw002","swand001","almoa001","4/P4D","T",1,0,1,2,3,"F"
1,2,3,2,"BBSFB>B","contw002","swand001","almoa001","W.3-H;2-3;1-2","T",0,1,2,3,4,"F"
1,2,1,1,"BCX","friem001","contw002","swand001","53/G56","T",1,0,1,2,3,"F"
0,0,0,2,"FSC","","","","K","T",1,0,0,0,0,"F"
0,1,2,0,"BBX","","","","63/G6","T",1,0,0,0,0,"F"
0,2,0,1,"CX","","","","S8/G6M","T",0,1,0,0,0,"F"
0,2,2,2,"BSCFBS","sosae001","","","K","T",1,0,1,0,0,"F"
1,0,2,2,".FFBBFT","","","","K","T",1,0,0,0,0,"F"
1,1,2,2,"FSBBS","","","","K","T",1,0,0,0,0,"F"
1,2,3,2,"CCBBBX","","","","43/G4","T",1,0,0,0,0,"F"
0,0,1,1,"CBX","","","","43/G4+","T",1,0,0,0,0,"F"
0,1,0,1,"CX","","","","53/G56","T",1,0,0,0,0,"F"
0,2,0,2,"CCX","","","","13/G1","T",1,0,0,0,0,"F"
1,0,0,2,".CSX","","","","7/L7","T",1,0,0,0,0,"F"
1,1,2,2,"CSFBBFX","","","","7/F7D+","T",1,0,0,0,0,"F"
1,2,1,0,"BX","","","","8/F8D","T",1,0,0,0,0,"F"
0,0,1,2,"CBCS","","","","K","T",1,0,0,0,0,"F"
0,1,1,2,"BCFS","","","","K","T",1,0,0,0,0,"F"
0,2,2,1,"FBBX","","","","7/F78XD+","T",1,0,0,0,0,"F"
1,0,1,0,"....BX","","","","D7/G5+","T",0,2,0,0,0,"F"
1,0,1,2,".BCFX","","hereg002","","4/P6MD","T",1,0,0,2,0,"F"
1,1,3,0,"BBBB","","hereg002","","W","T",0,1,0,2,0,"F"
1,1,1,1,"BFX","acunr001","hereg002","","8/L8D","T",1,0,1,2,0,"F"
1,2,0,1,"FX","acunr001","hereg002","","9/F34D","T",1,0,1,2,0,"F"
0,0,0,0,"...X","","","","5/P6S","T",1,0,0,0,0,"F"
0,1,1,0,"BX","","","","8/F8XD+","T",1,0,0,0,0,"F"
0,2,0,2,"CFX","","","","S8/F8S","T",0,1,0,0,0,"F"
0,2,0,1,"CX","dejop001","","","6(1)/FO/G6M.B-1","T",1,1,0,0,0,"F"
1,0,1,2,"FBSC","","","","K","T",1,0,0,0,0,"F"
1,1,0,0,"X","","","","9/F9D","T",1,0,0,0,0,"F"
1,2,2,2,"FBFBC","","","","K","T",1,0,0,0,0,"F"
0,0,3,2,".BBBCSX","","","","7/F78","T",1,0,0,0,0,"F"
0,1,3,0,"BBBB","","","","W","T",0,1,0,0,0,"F"
0,1,2,2,"FB*BSX","carld002","","","9/F9D","T",1,0,1,0,0,"F"
0,2,1,0,"*BX","carld002","","","7/L7D+","T",1,0,1,0,0,"F"
0,0,1,1,"BFX","","","","S9/L89","T",0,1,0,0,0,"T"
0,0,1,1,"C*BX","edmat001","","","8/F8D","T",1,0,1,0,0,"F"
0,1,0,0,">B","edmat001","","","SB2","F",0,0,2,0,0,"F"
0,1,2,1,">B.CBX","","edmat001","","8/L89XD+","T",1,0,0,2,0,"F"
0,2,0,1,"CX","","edmat001","","HR/F7LD.2-H","T",0,4,0,4,0,"F"
0,2,1,2,"BFFS","","","","K","T",1,0,0,0,0,"F"
1,0,1,0,"BX","","","","6/L6","T",1,0,0,0,0,"F"
1,1,3,2,"BBFBCS","","","","K","T",1,0,0,0,0,"F"
1,2,1,0,"BX","","","","3/G3","T",1,0,0,0,0,"F"
0,0,0,2,"FSFX","","","","53/G5","T",1,0,0,0,0,"F"
0,1,1,2,"CSBS","","","","K","T",1,0,0,0,0,"F"
0,2,1,0,"BX","","","","9/F","T",1,0,0,0,0,"F"
1,0,3,2,"BBCCFBFB","","","","W","T",0,1,0,0,0,"F"
1,0,2,1,"BCB>B","almoa001","","","CS2(24)","F",1,0,0,0,0,"F"
1,1,3,2,"BCB>B.FX","","","","9/L89D+","T",1,0,0,0,0,"F"
1,2,0,2,"CFS","","","","K","T",1,0,0,0,0,"F"
0,0,0,0,"X","","","","43/G4","T",1,0,0,0,0,"F"
0,1,0,2,"CFT","","","","K","T",1,0,0,0,0,"F"
0,2,0,0,"X","","","","S7/L78","T",0,1,0,0,0,"F"
0,2,0,2,"FTX","carld002","","","S5/G56.1-3(E5/TH);B-2","T",0,2,3,0,0,"F"
0,2,2,1,"SB*BX","","goldp001","carld002","8/F89","T",1,0,0,2,3,"F"
1,0,0,2,"CFX","","","","43/G4","T",1,0,0,0,0,"F"
1,1,3,2,"BCCBBFB","","","","W","T",0,1,0,0,0,"F"
1,1,1,2,"LCBM","incie001","","","K","T",1,0,1,0,0,"F"
1,2,2,2,"BBTFS","incie001","","","K","T",1,0,1,0,0,"F"
0,0,2,2,"FBSBX","","","","D7/L7L+","T",0,2,0,0,0,"F"
0,0,0,0,"X","","oneit001","","S8/G6M.2-H","T",0,1,0,4,0,"F"
0,0,1,2,"BFFS","moliy001","","","K","T",1,0,1,0,0,"F"
0,1,0,2,"CSFX","moliy001","","","8/L8D+","T",1,0,1,0,0,"F"
0,2,2,2,"CBCFBX","moliy001","","","9/F1S","T",1,0,1,0,0,"F"
1,0,3,1,"BBCBX","","","","S9/L89D+","T",0,1,0,0,0,"F"
1,0,0,0,"X","freef001","","","S8/L89.1-3","T",0,1,3,0,0,"F"
1,0,3,2,"BFBFFB>S","albio001","","freef001","K+SBH;SB2.3-H(NR)","T",1,0,2,0,4,"F"
1,1,2,2,"S*BBFC","","albio001","","K","T",1,0,0,2,0,"F"
1,2,1,1,"SBX","","albio001","","53/G56","T",1,0,0,2,0,"F"
0,0,1,1,"CBX","","","","S6/BG2","T",0,1,0,0,0,"F"
0,0,1,2,"1B1CSX","edmat001","","","D9/F89XD.1-3","T",0,2,3,0,0,"F"
0,0,0,0,".X","","carld002","edmat001","HR/F89XD.3-H;2-H","T",0,4,0,4,4,"F"
0,0,0,0,"X","","","","D9/F9LD","T",0,2,0,0,0,"F"
0,0,0,2,"FFC","","arenn001","","K","T",1,0,0,2,0,"F"
0,1,2,2,"BSBFX","","arenn001","","9/F89D.2-3","T",1,0,0,3,0,"F"
0,2,0,2,"FFX","","","arenn001","7/F7D","T",1,0,0,0,3,"F"
1,0,0,2,"CCS","","","","K","T",1,0,0,0,0,"F"
1,1,0,1,"CX","","","","31/G34","T",1,0,0,0,0,"F"
1,2,2,1,".BCBX","","","","D7/F7S","T",0,2,0,0,0,"F"
1,2,1,2,"2BCSFC","","adrie001","","K","T",1,0,0,2,0,"F"
0,0,1,0,".BX","","","","53/G5","T",1,0,0,0,0,"F"
0,1,3,1,"BSBBB","","","","W","T",0,1,0,0,0,"F"
0,1,0,0,"X","waina001","","","S5/G25.1-2","T",0,1,2,0,0,"F"
0,1,3,2,"BFBFBB","edmat001","waina001","","W.2-3;1-2","T",0,1,2,3,0,"F"
0,1,1,0,"BX","carld002","edmat001","waina001","S7/L78+.3-H;2-3;1-2","T",0,1,2,3,4,"F"
0,1,3,1,"*BCBBB","goldp001","carld002","edmat001","W.3-H;2-3;1-2","T",0,1,2,3,4,"F"
0,1,0,1,"FX","arenn001","goldp001","carld002","9/SF/F9D.3-H;2-3","T",1,0,1,3,4,"F"
0,2,0,1,"CX","arenn001","","goldp001","8/F8","T",1,0,1,0,3,"F"
1,0,0,2,"FFFC","","","","K","T",1,0,0,0,0,"F"
1,1,2,2,"CBFBS","","","","K","T",1,0,0,0,0,"F"
1,2,1,2,"CBCC","","","","K","T",1,0,0,0,0,"F"
0,0,1,2,".BSFX","","","","6/L6D","T",1,0,0,0,0,"F"
0,1,1,2,"BSFFS","","","","K","T",1,0,0,0,0,"F"
0,2,0,0,"X","","","","53/G56","T",1,0,0,0,0,"F"
1,0,1,2,"CBCX","","","","53/G5","T",1,0,0,0,0,"F"
1,1,1,0,"BX","","","","4/L6D+","T",1,0,0,0,0,"F"
1,2,3,2,"BSSBFBB","","","","W","T",0,1,0,0,0,"F"
1,2,2,1,"CBBX","contw002","","","8/F89XD","T",1,0,1,0,0,"F"
0,0,0,2,"CCX","","","","8/F8","T",1,0,0,0,0,"T"
0,1,0,2,"FSS","","","","K","T",1,0,0,0,0,"F"
0,2,3,1,"BBBCX","","","","63/G6D+","T",1,0,0,0,0,"F"
1,0,3,2,"BBBCSB","","","","W","T",0,1,0,0,0,"F"
1,0,2,2,"FBFBX","acunr001","","","8/F8D","T",1,0,1,0,0,"F"
1,1,1,0,"BX","acunr001","","","4/P4","T",1,0,1,0,0,"F"
1,2,1,2,"BC11FX","acunr001","","","43/G4","T",1,0,1,0,0,"F"
0,0,2,1,"CBBX","","","","6/P6MS","T",1,0,0,0,0,"F"
0,1,3,2,"CBBSFB*B","","","","W","T",0,1,0,0,0,"F"
0,1,0,2,"FTS","oneit001","","","K","T",1,0,1,0,0,"F"
0,2,0,1,"FX","oneit001","","","3/G34","T",1,0,1,0,0,"F"
1,0,2,1,"TBBX","","","","S7/G56","T",0,1,0,0,0,"F"
1,0,0,2,"CCS","swand001","","","K","T",1,0,1,0,0,"F"
1,1,1,0,"B1X","swand001","","","6/L6","T",1,0,1,0,0,"F"
1,2,1,2,"CBCX","swand001","","","3/G3S","T",1,0,1,0,0,"F"
0,0,1,1,"BFX","","","","8/F89","T",1,0,0,0,0,"F"
0,1,0,2,"CFS","","","","K","T",1,0,0,0,0,"F"
0,2,1,1,"CBX","","","","5/P6S","T",1,0,0,0,0,"F"
1,0,0,2,"FCC","","","","K","T",1,0,0,0,0,"F"
1,1,2,0,"BBX","","","","HR/F78XD","T",0,4,0,0,0,"F"
1,1,0,2,"CSX","","","","43/G4","T",1,0,0,0,0,"F"
1,2,1,0,"BX","","","","4/P4D","T",1,0,0,0,0,"F"
0,0,1,1,"CBX","","","","53/G5","T",1,0,0,0,0,"F"
0,1,3,2,"BFFBBFB","","","","W","T",0,1,0,0,0,"F"
0,1,2,2,"CFF*BFBX","goldp001","","","5/L5D+","T",1,0,1,0,0,"F"
0,2,3,2,"CFB*BB>B","goldp001","","","W.1-2","T",0,1,2,0,0,"F"
0,2,0,1,"CX","oneit001","goldp001","","9/F9LS","T",1,0,1,2,0,"F"
1,0,0,0,"X","","","","S5/G5","T",0,1,0,0,0,"F"
1,0,0,1,"CX","rilea001","","","8/F8XD","T",1,0,1,0,0,"F"
1,1,0,2,"FCX","rilea001","","","54(1)3/GDP/G56D","T",2,0,0,0,0,"F"
0,0,2,2,"CFBBS","","","","K","T",1,0,0,0,0,"F"
0,1,1,0,"BX","","","","9/F9D","T",1,0,0,0,0,"F"
0,2,2,2,".CBFBX","","","","8/F8","T",1,0,0,0,0,"F"
1,0,2,2,".CBSBT","","","","K","T",1,0,0,0,0,"F"
1,1,1,2,"FFBFFF*S","","","","K.BX1(23)","T",1,0,0,0,0,"F"
1,2,3,2,"BBBCCX","","","","S4/G4M","T",0,1,0,0,0,"F"
1,2,0,2,"FTC","smyld001","","","K","T",1,0,1,0,0,"F"
0,0,1,1,"CBX","","","","53/G5","T",1,0,0,0,0,"F"
0,1,0,2,"CF*S","","","","K","T",1,0,0,0,0,"F"
0,2,2,2,"BCFBFX","","","","S4/G4","T",0,1,0,0,0,"F"
0,2,1,0,".*BX","goldp001","","","S56/G56+.1-2","T",0,1,2,0,0,"F"
0,2,1,2,"SFFBS","arenn001","goldp001","","K","T",1,0,1,2,0,"F"
1,0,0,2,".FSFS","","","","K","T",1,0,0,0,0,"F"
1,1,1,0,"BX","","","","4/L89S+","T",1,0,0,0,0,"F"
1,2,2,2,"CFBFFBS","","","","K.BX1(23)","T",1,0,0,0,0,"F"
0,0,1,2,"...CFFBFX","","","","7/F78","T",1,0,0,0,0,"F"
0,1,2,2,"BBCSS","","","","K","T",1,0,0,0,0,"F"
0,2,3,2,"BSBFBS","","","","K","T",1,0,0,0,0,"F"
0,0,0,2,"FFH","","","","HP","T",0,1,0,0,0,"T"
0,0,2,1,"B*BFX","mcnej002","","","53/SH/BG1S-.1-2","T",1,0,2,0,0,"F"
0,1,2,1,"BBFX","","mcnej002","","63/G6M.2-3","T",1,0,0,3,0,"F"
0,2,0,1,"FX","","","mcnej002","3/L34+","T",1,0,0,0,3,"F"
1,0,0,2,"FCC","","","","K","T",1,0,0,0,0,"F"
1,1,0,2,"FFS","","","","K","T",1,0,0,0,0,"F"
1,2,1,2,"CFBFS","","","","K","T",1,0,0,0,0,"F"
0,0,0,1,"CX","","","","53/G34","T",1,0,0,0,0,"F"
0,1,0,2,"LSX","","","","31/G34","T",1,0,0,0,0,"F"
0,2,0,0,"X","","","","8/F8D","T",1,0,0,0,0,"F"
1,0,0,0,"X","","","","S8/L89D+","T",0,1,0,0,0,"F"
1,0,2,2,"SBSBC","rilea001","","","K","T",1,0,1,0,0,"F"
1,1,3,2,"SBBBF>B","rilea001","","","W.1-2","T",0,1,2,0,0,"F"
1,1,3,1,"BBBFX","hereg002","rilea001","","8/L8XD+.2-3","T",1,0,1,3,0,"F"
1,2,0,0,"X","hereg002","","rilea001","7/L78D","T",1,0,1,0,3,"F"
0,0,1,1,"CBX","","","","13/G23","T",1,0,0,0,0,"F"
0,1,3,1,"BBCBX","","","","43/G34","T",1,0,0,0,0,"F"
0,2,1,2,"BSFF*S","","","","K","T",1,0,0,0,0,"F"
1,0,0,1,"CX","","","","63/G6D","T",1,0,0,0,0,"F"
1,1,3,2,"FBBFFBB","","","","W","T",0,1,0,0,0,"F"
1,1,2,2,"11FF1FFB1BS","acunr001","","","K","T",1,0,1,0,0,"F"
1,2,0,1,"C1X","acunr001","","","9/F9LS","T",1,0,1,0,0,"F"
0,0,2,2,"CCFBB*S","","","","K.BX1(23)","T",1,0,0,0,0,"F"
0,1,0,0,"X","","","","S8/L8+","T",0,1,0,0,0,"F"
0,1,0,1,"FX","confm001","","","9/F9D","T",1,0,1,0,0,"F"
0,2,1,2,"FSBC","confm001","","","K","T",1,0,1,0,0,"F"
1,0,1,2,"CFFBFFS","","","","K","T",1,0,0,0,0,"F"
1,1,1,2,"BFTS","","","","K","T",1,0,0,0,0,"F"
1,2,2,1,"CBBX","","","","S8/G4+","T",0,1,0,0,0,"F"
1,2,0,2,"CFF1X","hereg002","","","3/G3","T",1,0,1,0,0,"F"
0,0,1,2,"CSB*S","","","","K","T",1,0,0,0,0,"F"
0,1,2,2,"BBSC*S","","","","K","T",1,0,0,0,0,"F"
0,2,3,2,"BBBCCX","","","","S9/L89","T",0,1,0,0,0,"F"
0,2,1,0,"BX","guill001","","","6(1)/FO/G1S.B-1","T",1,1,0,0,0,"F"
1,0,1,1,"BSX","","","","8/F8XD","T",1,0,0,0,0,"F"
1,1,0,2,"CCT","","","","K","T",1,0,0,0,0,"F"
1,2,1,1,"BCX","","","","S9/L89","T",0,1,0,0,0,"F"
1,2,1,2,"111BSSX","acunr001","","","S9/G4M+.1-3","T",0,1,3,0,0,"F"
1,2,0,0,"X","freef001","","acunr001","HR/F89XD.3-H;1-H","T",0,4,4,0,4,"F"
1,2,2,2,"SBBFX","","","","53/G5","T",1,0,0,0,0,"F"
0,0,0,2,"FFFX","","","","S7/G6","T",0,1,0,0,0,"F"
0,0,0,2,"CC*S","mcnej002","","","K","T",1,0,1,0,0,"F"
0,1,2,2,"SBBSS","mcnej002","","","K","T",1,0,1,0,0,"F"
0,2,1,2,"BCFX","mcnej002","","","4/P6MD","T",1,0,1,0,0,"F"
1,0,3,0,".BBBB","","","","W","T",0,1,0,0,0,"F"
1,0,3,2,"B1FBBF>F>F>X","swand001","","","9/F9L","T",1,0,1,0,0,"F"
1,1,2,2,"FBBF1X","swand001","","","3/G3.1-2","T",1,0,2,0,0,"F"
1,2,3,0,"VVVV","","swand001","","IW","T",0,1,0,2,0,"F"
1,2,1,2,"BSFFX","contw002","swand001","","63/G6M","T",1,0,1,2,0,"F"
0,0,3,2,"BBFCBX","","","","S9/L9D","T",0,1,0,0,0,"F"
0,0,3,2,"BFBS1FBFB","smitd008","","","W.1-2","T",0,1,2,0,0,"F"
0,0,1,2,"S*SBX","pillk001","smitd008","","HR/F8XD.2-H;1-H","T",0,4,4,4,0,"F"
0,0,1,2,".FSBT","","","","K","T",1,0,0,0,0,"F"
0,1,0,2,".SFX","","","","DGR/L7LD","T",0,2,0,0,0,"F"
0,1,0,2,"SCS","","peraj003","","K","T",1,0,0,2,0,"F"
0,2,1,0,"BX","","peraj003","","S8/L78D+.2-H","T",0,1,0,4,0,"F"
0,2,0,0,"1X","lindf001","","","9/F9D","T",1,0,1,0,0,"F"
1,0,3,2,"..BBSTBS","","","","K","T",1,0,0,0,0,"F"
1,1,1,1,"FBX","","","","7/F7D+","T",1,0,0,0,0,"F"
1,2,1,2,"BCSX","","","","5/F6D","T",1,0,0,0,0,"F"
0,0,2,2,".BCFFFBFX","","","","63/G56","T",1,0,0,0,0,"F"
0,1,0,0,"X","","","","2/P2F/FL","T",1,0,0,0,0,"F"
0,2,3,2,"SBBFBT","","","","K","T",1,0,0,0,0,"F"
1,0,3,2,".FCBBBX","","","","3/G2","T",1,0,0,0,0,"F"
1,1,2,1,"BCBX","","","","8/F8XD","T",1,0,0,0,0,"F"
1,2,1,0,"BX","","","","S8/F8","T",0,1,0,0,0,"F"
1,2,0,0,"X","hereg002","","","9/L9D","T",1,0,1,0,0,"F"
0,0,3,2,".BCSBBB","","","","W","T",0,1,0,0,0,"F"
0,0,1,1,"LBX","mccaj001","","","34/SH/BG23-.1-2","T",1,0,2,0,0,"F"
0,1,3,0,"B*BBB","","mccaj001","","W","T",0,1,0,2,0,"F"
0,1,1,0,".BX","peraj003","mccaj001","","64(1)3/GDP/G56D","T",2,0,0,2,0,"F"
1,0,2,2,"....CBBFX","","","","7/F7","T",1,0,0,0,0,"F"
1,1,0,0,".X","","","","9/L89D","T",1,0,0,0,0,"F"
1,2,0,0,"X","","","","9/F4D","T",1,0,0,0,0,"F"
0,0,0,0,"X","","","","D7/F7D","T",0,2,0,0,0,"T"
0,0,0,2,"SLS","","pillk001","","K","T",1,0,0,2,0,"F"
0,1,3,2,"*BB*BCSFS","","pillk001","","K","T",1,0,0,2,0,"F"
0,2,0,0,"X","","pillk001","","HR/F78XD.2-H","T",0,4,0,4,0,"F"
0,2,3,2,"BBFFBB","","","","W","T",0,1,0,0,0,"F"
0,2,2,2,"CBBC*S","mccaj001","","","K","T",1,0,1,0,0,"F"
1,0,1,1,"BFX","","","","HR/F7D","T",0,4,0,0,0,"F"
1,0,0,0,"X","","","","S9/L89","T",0,1,0,0,0,"F"
1,0,1,0,"BS","freef001","","","WP.1-2","F",0,0,2,0,0,"F"
1,0,1,1,"BS.X","","freef001","","S9/L89.2-H","T",0,1,0,4,0,"F"
1,0,1,0,"11BX","albio001","","","8/F8S","T",1,0,1,0,0,"F"
1,1,0,1,"F>B","albio001","","","CS2(24)","F",1,0,0,0,0,"F"
1,2,2,2,"F>B.FBX","","","","9/L9LD","T",1,0,0,0,0,"F"
0,0,1,2,"CSB*S","","","","K","T",1,0,0,0,0,"F"
0,1,1,1,"BCX","","","","43/G4S","T",1,0,0,0,0,"F"
0,2,0,2,"CSS","","","","K","T",1,0,0,0,0,"F"
1,0,0,0,"X","","","","7/L78","T",1,0,0,0,0,"F"
1,1,3,2,"CSBBBS","","","","K","T",1,0,0,0,0,"F"
1,2,0,0,"X","","","","53/G5","T",1,0,0,0,0,"F"
0,0,2,2,"CBFFBX","","","","9/L89","T",1,0,0,0,0,"F"
0,1,2,1,"FBBX","","","","7/F7","T",1,0,0,0,0,"F"
0,2,1,2,"SBFFC","","","","K","T",1,0,0,0,0,"F"
1,0,2,2,"BFBSX","","","","8/L8XD+","T",1,0,0,0,0,"F"
1,1,2,2,"BCBSC","","","","K","T",1,0,0,0,0,"F"
1,2,3,1,"BSBBB","","","","W","T",0,1,0,0,0,"F"
1,2,0,0,"X","freef001","","","S9/L9L.1-3","T",0,1,3,0,0,"F"
1,2,0,2,"FFF>F>B","albio001","","freef001","SB2","F",0,0,2,0,3,"F"
1,2,3,2,"FFF>F>B.*BFBFX","","albio001","freef001","S7/L78D+.3-H;2-H","T",0,1,0,4,4,"F"
1,2,1,1,"FBX","rilea001","","","S9/F9L.1-3","T",0,1,3,0,0,"F"
1,2,1,0,"BX","swand001","","rilea001","64(1)/FO/G6.B-1","T",1,1,0,0,3,"F"
0,0,3,1,"BBBFB","","","","W","T",0,1,0,0,0,"F"
0,0,0,1,"SX","alonp001","","","9/F9L","T",1,0,1,0,0,"F"
0,1,0,2,"CC*S","alonp001","","","K","T",1,0,1,0,0,"F"
0,2,0,0,"B","alonp001","","","WP.1-2","F",0,0,2,0,0,"F"
0,2,1,1,"B.SX","","alonp001","","7/F7D","T",1,0,0,2,0,"F"
1,0,0,0,"X","","","","D7/L78XD+","T",0,2,0,0,0,"F"
1,0,0,1,"CB","","almoa001","","WP.2-3","F",0,0,0,3,0,"F"
1,0,1,1,"CB.X","","","almoa001","S7/G56.3-H","T",0,1,0,0,4,"F"
1,0,0,2,"..CCX","smitk002","","","FC1/BG1S-.1-3(E1/TH);B-2","T",0,2,3,0,0,"F"
1,0,1,2,"*SSBX","","friem001","smitk002","43/G6","T",1,0,0,2,3,"F"
1,1,3,1,"CBB*BX","","friem001","smitk002","S7/L7.3-H;2-3","T",0,1,0,3,4,"F"
1,1,0,1,"SX","freef001","","friem001","S9/F89S.3-H(UR);1-2","T",0,1,2,0,5,"F"
1,1,2,2,"FSB*BX","albio001","freef001","","S9/L89.2-H;1-3","T",0,1,3,4,0,"F"
1,1,3,1,".BBFBB","rilea001","","albio001","W.1-2","T",0,1,2,0,3,"F"
1,1,2,1,"CBBX","swand001","rilea001","albio001","D8/L8XD+.3-H;2-H;1-3","T",0,2,3,4,4,"F"
1,1,0,0,".X","","hereg002","swand001","13/G1-.3-H(UR);2-3","T",1,0,0,3,5,"F"
1,2,3,2,"BCBFBB","","","hereg002","W","T",0,1,0,0,3,"F"
1,2,0,2,"CFB","smitk002","","hereg002","OA.3XH(251)","F",1,0,1,0,0,"F"
0,0,3,2,"CBBFFBX","","","","S8/G4M","T",0,1,0,0,0,"F"
0,0,2,1,"FBBX","guill001","","","16(1)3/GDP/G6MS","T",2,0,0,0,0,"F"
0,2,0,1,"CX","","","","13/G6S","T",1,0,0,0,0,"F"
1,0,2,2,"...SBSFBC","","","","K","T",1,0,0,0,0,"F"
1,1,3,2,"BSBBFFX","","","","53/G56S-","T",1,0,0,0,0,"F"
1,2,1,1,"FBX","","","","D9/L89XD+","T",0,2,0,0,0,"F"
1,2,1,0,"BX","","freef001","","HR/F7D.2-H","T",0,4,0,4,0,"F"
1,2,2,0,"BBX","","","","S8/L89D+","T",0,1,0,0,0,"F"
1,2,1,2,"SCBX","rilea001","","","64(1)/FO/G1S+.B-1","T",1,1,0,0,0,"F"
0,0,0,0,".X","","","","7/F7D","T",1,0,0,0,0,"F"
0,1,0,1,"CX","","","","13/G4MS","T",1,0,0,0,0,"F"
0,2,1,2,"CFBC","","","","K","T",1,0,0,0,0,"F"
1,0,2,1,"...BBFX","","","","43/G4","T",1,0,0,0,0,"F"
1,1,3,2,"CBBFBX","","","","S9/L9","T",0,1,0,0,0,"F"
1,1,1,1,"C*BX","almoa001","","","S7/L78S.1-2","T",0,1,2,0,0,"F"
1,1,3,2,"CBCBBC","smitk002","almoa001","","K","T",1,0,1,2,0,"F"
1,2,3,1,"*BBSBX","smitk002","almoa001","","4/P34","T",1,0,1,2,0,"F"
0,0,1,2,"CCFBC","","","","K","T",1,0,0,0,0,"F"
0,1,2,2,"BBCCFS","","","","K","T",1,0,0,0,0,"F"
0,2,0,2,"FCS","","","","K","T",1,0,0,0,0,"F"
1,0,0,0,".X","","","","HR/F7LD","T",0,4,0,0,0,"F"
1,0,0,2,"SFS","","","","K","T",1,0,0,0,0,"F"
1,1,2,0,"BBX","","","","63/G6D+","T",1,0,0,0,0,"F"
1,2,2,2,"BBSCS","","","","K","T",1,0,0,0,0,"F"
0,0,2,2,"...FBFBX","","","","13/G4S","T",1,0,0,0,0,"F"
0,1,0,0,"X","","","","4/L4D","T",1,0,0,0,0,"F"
0,2,0,1,"SX","","","","3/P3DF/FL","T",1,0,0,0,0,"F"
1,0,1,0,"BX","","","","DGR/L7L","T",0,2,0,0,0,"F"
1,0,3,0,"BBBB","","hereg002","","W","T",0,1,0,2,0,"F"
1,0,3,1,"BBBCB","almoa001","hereg002","","W.2-3;1-2","T",0,1,2,3,0,"F"
1,0,3,1,"....BBBCB","smitk002","almoa001","hereg002","W.3-H;2-3;1-2","T",0,1,2,3,4,"F"
1,0,1,1,".BSH","incie001","smitk002","almoa001","HP.3-H;2-3;1-2","T",0,1,2,3,4,"F"
1,0,2,1,"BBCX","sandp001","incie001","smitk002","31/G3D.3-H;2-3;1-2","T",1,0,2,3,4,"F"
1,1,0,0,"X","","sandp001","incie001","HR/F89XD.3-H;2-H","T",0,4,0,4,4,"F"
1,1,2,1,"BBFX","","","","8/F8XD+","T",1,0,0,0,0,"F"
1,2,3,2,"CSFFBBFBFFX","","","","53/G5+","T",1,0,0,0,0,"F"
0,0,0,1,"....FX","","","","8/L78XD+","T",1,0,0,0,0,"F"
0,1,3,2,"SSBBFBB","","","","W","T",0,1,0,0,0,"F"
0,1,0,1,"FX","confm001","","","5/P5F/FL","T",1,0,1,0,0,"F"
0,2,0,1,"FX","confm001","","","S7/G6+.1-2","T",0,1,2,0,0,"F"
0,2,0,2,"S*SS","mccaj001","confm001","","K","T",1,0,1,2,0,"F"
0,0,3,2,"BBCFBFX","","","","9/L9LD","T",1,0,0,0,0,"T"
0,1,3,0,"BBBB","","","","W","T",0,1,0,0,0,"F"
0,1,1,2,"S1BC>B","lindf001","","","SB2","F",0,0,2,0,0,"F"
0,1,3,2,"S1BC>B.*BX","","lindf001","","S8/L89D.2-H","T",0,1,0,4,0,"F"
0,1,0,0,"X","confm001","","","8/F8","T",1,0,1,0,0,"F"
0,2,1,2,"CF*BX","confm001","","","3/L3","T",1,0,1,0,0,"F"
1,0,0,1,"FX","","","","T9/G3","T",0,3,0,0,0,"F"
1,0,1,2,"BSSS","","","adrie001","K","T",1,0,0,0,3,"F"
1,1,2,2,"*SF*B*BX","","","adrie001","S8/L8D+.3-H","T",0,1,0,0,4,"F"
1,1,0,2,"CCFX","albio001","","","HR/L9LD.1-H","T",0,4,4,0,0,"F"
1,1,2,2,"FBBFS","","","","K","T",1,0,0,0,0,"F"
1,2,0,1,"FX","","","","53/G56","T",1,0,0,0,0,"F"
0,0,0,2,"CFX","","","","3/P34","T",1,0,0,0,0,"F"
0,1,3,2,"CBBBFB","","","","W","T",0,1,0,0,0,"F"
0,1,0,0,"X","mccaj001","","","7/L7L","T",1,0,1,0,0,"F"
0,2,2,2,"S*BTBS","mccaj001","","","K","T",1,0,1,0,0,"F"
1,0,0,1,"FX","","","","D9/L9LD+","T",0,2,0,0,0,"F"
1,0,1,0,"BX","","almoa001","","S8/L8D+.2-3","T",0,1,0,3,0,"F"
1,0,0,2,"CCS","smitk002","","almoa001","K","T",1,0,1,0,3,"F"
1,1,0,2,"SFS","smitk002","","almoa001","K","T",1,0,1,0,3,"F"
1,2,3,2,"SS*BBB>F>S","smitk002","","almoa001","K","T",1,0,1,0,3,"F"
0,0,1,1,"BFX","","","","7/F7D","T",1,0,0,0,0,"F"
0,1,0,1,"SX","","","","31/G3D","T",1,0,0,0,0,"F"
0,2,2,1,"SBBX","","","","13/G1S-","T",1,0,0,0,0,"F"
1,0,1,2,"CCBS","","","","K","T",1,0,0,0,0,"F"
1,1,0,0,"X","","","","63/G6D+","T",1,0,0,0,0,"F"
1,2,0,0,"X","","","","9/F9LD","T",1,0,0,0,0,"F"
0,0,1,1,"FBX","","","","9/F9L","T",1,0,0,0,0,"F"
0,1,1,2,"BCSX","","","","63/G6","T",1,0,0,0,0,"F"
0,2,3,2,"FBBFBX","","","","9/L89D","T",1,0,0,0,0,"F"
1,0,0,2,"FCS","","","","K","T",1,0,0,0,0,"F"
1,1,0,2,"SST","","","","K","T",1,0,0,0,0,"F"
1,2,2,2,"BBCCS","","","","K","T",1,0,0,0,0,"F"
0,0,2,2,"BBFFFX","","","","S8/L8","T",0,1,0,0,0,"F"
0,0,1,0,"BX","mccaj001","","","43/G4.1-2","T",1,0,2,0,0,"F"
0,1,1,0,"BX","","mccaj001","","7/F78S","T",1,0,0,2,0,"F"
0,2,2,2,"C*SFB*BS","","mccaj001","","K","T",1,0,0,2,0,"F"
1,0,0,2,"SSS","","","","K","T",1,0,0,0,0,"F"
1,1,1,2,"BSCFT","","","","K","T",1,0,0,0,0,"F"
1,2,1,2,"BFFC","","","","K","T",1,0,0,0,0,"F"
0,0,0,1,"FX","","","","9/F89","T",1,0,0,0,0,"F"
0,1,2,1,"BFBX","","","","53/G34D","T",1,0,0,0,0,"F"
0,2,2,2,"BFBSX","","","","8/L89XD+","T",1,0,0,0,0,"F"
1,0,0,2,"CSS","","","","K","T",1,0,0,0,0,"F"
1,1,1,2,"CBFC","","","","K","T",1,0,0,0,0,"F"
1,2,3,1,"BFBBX","","","","8/L8","T",1,0,0,0,0,"F"
0,0,0,0,"X","","","","HR/F89XD","T",0,4,0,0,0,"F"
0,0,0,2,"CCX","","","","43/G6MS","T",1,0,0,0,0,"F"
0,1,1,1,"SBX","","","","63/G6","T",1,0,0,0,0,"F"
0,2,2,1,"BCBX","","","","53/G34","T",1,0,0,0,0,"F"
1,0,2,2,"SSBBX","","","","53/G56","T",1,0,0,0,0,"F"
1,1,2,2,"SBBCFX","","","","53/G6MS","T",1,0,0,0,0,"F"
1,2,1,0,"BX","","","","63/G78S+","T",1,0,0,0,0,"F"
0,0,1,2,"..SBSX","","","","S6/G56","T",0,1,0,0,0,"F"
0,0,1,2,"CSBFX","mckib001","","","46(1)/FO/G34.B-1","T",1,1,0,0,0,"F"
0,1,3,2,"SBBBF>B","mcnej002","","","W.1-2","T",0,1,2,0,0,"F"
0,1,0,1,"TX","lindf001","mcnej002","","3/G3.2-3;1-2","T",1,0,2,3,0,"F"
0,2,0,0,"X","","lindf001","mcnej002","63/G6+","T",1,0,0,2,3,"F"
1,0,1,1,"..CBX","","","","S7/L7","T",0,1,0,0,0,"F"
1,0,0,1,"1CX","acunr001","","","S7/F56D.1-2","T",0,1,2,0,0,"F"
1,0,2,2,"FBBCFFF*S","adrie001","acunr001","","K","T",1,0,1,2,0,"F"
1,1,3,2,"BBBFFX","adrie001","acunr001","","46(1)/FO/G4.2-3;B-1","T",1,1,0,3,0,"F"
1,2,1,1,"BS>B","albio001","","acunr001","SB2","F",0,0,2,0,3,"F"
1,2,3,2,"BS>B.BFB","","albio001","acunr001","W","T",0,1,0,2,3,"F"
1,2,1,2,"CBSS","rilea001","albio001","acunr001","K","T",1,0,1,2,3,"F"
0,0,1,1,"....CBX","","","","HR/F9LD","T",0,4,0,0,0,"F"
0,0,1,0,"BX","","","","8/F78XD","T",1,0,0,0,0,"F"
0,1,1,0,"BX","","","","S8/G4M+","T",0,1,0,0,0,"F"
0,1,2,2,"BBSSS","mccaj001","","","K","T",1,0,1,0,0,"F"
0,2,0,2,".CF*S","mccaj001","","","K.BX1(23)","T",1,0,1,0,0,"F"
1,0,2,2,".CBTBX","","","","S1/G2-.B-2(E1/TH)","T",0,2,0,0,0,"F"
1,0,2,2,".BBCTX","","hereg002","","13/G13.2-3","T",1,0,0,3,0,"F"
1,1,2,2,"BCFBFS","","","hereg002","K","T",1,0,0,0,3,"F"
1,2,3,0,"VVVV","","","hereg002","IW","T",0,1,0,0,3,"F"
1,2,0,0,">C","acunr001","","hereg002","DI.1-2","F",0,0,2,0,3,"F"
1,2,3,2,">C.SFBBFBB","","acunr001","hereg002","W","T",0,1,0,2,3,"F"
1,2,0,0,"X","incie001","acunr001","hereg002","S15/G56S.3-H;2-3;1-2","T",0,1,2,3,4,"F"
0,0,0,2,"SSS","","","","K","T",1,0,0,0,0,"T"
0,1,0,1,"CX","","","","9/L9","T",1,0,0,0,0,"F"
0,2,3,1,"BCBBB","","","","W","T",0,1,0,0,0,"F"
0,2,3,2,"SBBTB>X","coopg002","","","3/P23F/FL","T",1,0,1,0,0,"F"
1,0,0,0,"H","","","","HP","T",0,1,0,0,0,"F"
1,0,1,0,"...1BX","acunr001","","","S8/L8.1-3","T",0,1,3,0,0,"F"
1,0,1,1,".BCX","freef001","","acunr001","9/SF/F9D.3-H","T",1,0,1,0,4,"F"
1,1,1,2,"SFBFX","freef001","","","13/G56S.1-2","T",1,0,2,0,0,"F"
1,2,1,0,"BB","","freef001","","PB.2-3","F",0,0,0,3,0,"F"
1,2,3,1,"BB.BCX","","","freef001","9/F9L","T",1,0,0,0,3,"F"
0,0,3,1,"BSBBX","","","","S7/L7+","T",0,1,0,0,0,"F"
0,0,1,2,"BCSX","aguij001","","","7/F7D","T",1,0,1,0,0,"F"
0,1,0,2,"CF*S","aguij001","","","K","T",1,0,1,0,0,"F"
0,2,3,2,"BFF*BFB>C","aguij001","","","K","T",1,0,1,0,0,"F"
1,0,2,2,"BFBCFFX","","","","9/F9L","T",1,0,0,0,0,"F"
1,1,1,2,"FCBX","","","","43/G4M","T",1,0,0,0,0,"F"
1,2,1,2,"FSBFC","","","","K","T",1,0,0,0,0,"F"
0,0,3,2,"BCBFBS","","","","K","T",1,0,0,0,0,"F"
0,1,2,2,"FCBBS","","","","K","T",1,0,0,0,0,"F"
0,2,1,2,"BSFX","","","","8/L89D","T",1,0,0,0,0,"F"
1,0,0,2,"CFX","","","","1/G23","T",1,0,0,0,0,"F"
1,1,0,2,"CFFX","","","","53/G56","T",1,0,0,0,0,"F"
1,2,2,0,"BBX","","","","13/G6MS+","T",1,0,0,0,0,"F"
0,0,3,1,"BBCBB","","","","W","T",0,1,0,0,0,"F"
0,0,1,2,"*BSFX","coopg002","","","54(1)/FO/G5.B-1","T",1,1,0,0,0,"F"
0,1,0,2,"SFX","duvaa001","","","S7/L7L.1-3","T",0,1,3,0,0,"F"
0,1,0,0,"X","aguij001","","duvaa001","64(1)3/GDP/G6","T",2,0,0,0,3,"F"
1,0,1,2,".FBFFS","","","","K","T",1,0,0,0,0,"F"
1,1,1,2,"CSBS","","","","K","T",1,0,0,0,0,"F"
1,2,1,2,"FFFBS","","","","K","T",1,0,0,0,0,"F"
0,0,1,2,"CSBS","","","","K","T",1,0,0,0,0,"F"
0,1,1,0,"BX","","","","9/F89S","T",1,0,0,0,0,"F"
0,2,0,0,"X","","","","43/G4+","T",1,0,0,0,0,"F"
1,0,2,2,"CBBFS","","","","K","T",1,0,0,0,0,"F"
1,1,1,2,"BCSFC","","","","K","T",1,0,0,0,0,"F"
1,2,2,2,"SBSBS","","","","K","T",1,0,0,0,0,"F"
0,0,1,1,"BCX","","","","43/G4","T",1,0,0,0,0,"F"
0,1,3,2,"CBFBFFFBT","","","","K","T",1,0,0,0,0,"F"
0,2,1,2,"CBFX","","","","S8/L89D+","T",0,1,0,0,0,"F"
0,2,3,2,".*BBFF*B>B","coopg002","","","W.1-2","T",0,1,2,0,0,"F"
0,2,1,1,"BFX","duvaa001","coopg002","","8/F8XD+","T",1,0,1,2,0,"F"
1,0,2,1,"..BFBX","","","","63/G1","T",1,0,0,0,0,"F"
1,1,1,2,"FBSX","","","","8/F8D","T",1,0,0,0,0,"F"
1,2,1,2,"BFSS","","","","K","T",1,0,0,0,0,"F"
0,0,3,2,".BBCCBB","","","","W","T",0,1,0,0,0,"F"
0,0,1,2,"FBF1S","rojam002","","","K","T",1,0,1,0,0,"F"
0,1,0,1,"C>X","rojam002","","","6/P6D","T",1,0,1,0,0,"F"
0,2,0,0,"..N","rojam002","","","BK.1-2","F",0,0,2,0,0,"F"
0,2,2,2,"..N.FCBBX","","rojam002","","S6/G56.2XH(65)","T",1,1,0,0,0,"F"
1,0,0,1,".FX","","","","S6/G15-","T",0,1,0,0,0,"F"
1,0,0,1,"1CX","albio001","","","3/P3F/FL","T",1,0,1,0,0,"F"
1,1,1,0,"1B1>B","albio001","","","SB2","F",0,0,2,0,0,"F"
1,1,2,0,"1B1>B.X","","albio001","","63/G6.2-3","T",1,0,0,3,0,"F"
1,2,0,1,"CX","","","albio001","53/G56","T",1,0,0,0,3,"F"
0,0,0,0,".X","","","","8/F78XD","T",1,0,0,0,0,"F"
0,1,3,2,"CBCBBB","","","","W","T",0,1,0,0,0,"F"
0,1,0,1,"C1","marts002","","","PO1(13)","F",1,0,0,0,0,"F"
0,2,1,2,"C1.CBC","","","","K","T",1,0,0,0,0,"F"
1,0,3,2,".CBFBBFB","","","","W","T",0,1,0,0,0,"F"
1,0,2,1,"BBC1X","almoa001","","","43/G34.1-2","T",1,0,2,0,0,"F"
1,1,3,0,".BBBB","","almoa001","","W","T",0,1,0,2,0,"F"
1,1,3,2,"BBSSFBX","sandp001","almoa001","","4/P89S","T",1,0,1,2,0,"F"
1,2,3,2,"BSBCFFFB>F>X","sandp001","almoa001","","5/P56","T",1,0,1,2,0,"F"
0,0,0,0,".X","","","","53/G56","T",1,0,0,0,0,"F"
0,1,3,2,"BBCBC*B","","","","W","T",0,1,0,0,0,"F"
0,1,1,0,".B11X","sierm002","","","S9/L9S.1-3;B-2","T",0,2,3,0,0,"F"
0,1,3,1,"FB*BBB","","rojam002","sierm002","W","T",0,1,0,2,3,"F"
0,1,1,2,"C*BCX","alfaj002","rojam002","sierm002","3/P3SF/FL","T",1,0,1,2,3,"F"
0,2,0,1,".CX","alfaj002","rojam002","sierm002","7/F78D","T",1,0,1,2,3,"F"
0,0,0,2,"SSS","","","","K","T",1,0,0,0,0,"T"
0,1,3,2,"SBBBSS","","","","K","T",1,0,0,0,0,"F"
0,2,2,2,"BCSFBS","","","","K","T",1,0,0,0,0,"F"
1,0,3,1,"FBBB*B","","","","W","T",0,1,0,0,0,"F"
1,0,3,1,"BB*BCB","acunr001","","","W.1-2","T",0,1,2,0,0,"F"
1,0,0,1,"SX","freef001","acunr001","","5/P5DF/FL","T",1,0,1,2,0,"F"
1,1,2,2,"CFBBFFS","freef001","acunr001","","K","T",1,0,1,2,0,"F"
1,2,2,2,"CBBFX","freef001","acunr001","","9/F9L","T",1,0,1,2,0,"F"
0,0,3,1,"BFBBB","","","","W","T",0,1,0,0,0,"F"
0,0,1,1,"BCX","aguij001","","","9/L9","T",1,0,1,0,0,"F"
0,1,0,2,"*SCS","aguij001","","","K","T",1,0,1,0,0,"F"
0,2,2,1,"C*BBX","aguij001","","","7/L7D","T",1,0,1,0,0,"F"
1,0,3,2,"CFBBBFFX","","","","3/P3F/FL","T",1,0,0,0,0,"F"
1,1,2,1,"CBBX","","","","3/G3+","T",1,0,0,0,0,"F"
1,2,2,2,"BBCFS","","","","K","T",1,0,0,0,0,"F"
0,0,2,1,"BBCX","","","","S7/G56+","T",0,1,0,0,0,"F"
0,0,1,2,"BLLX","bertj001","","","14/SH/BG1S.1-2","T",1,0,2,0,0,"F"
0,1,1,1,"S*B>X","","bertj001","","S9/G34.2-H","T",0,1,0,4,0,"F"
0,1,3,1,"11*B1FB*BB","chisj001","","","W.1-2","T",0,1,2,0,0,"F"
0,1,3,1,"B*BCBX","marts002","chisj001","","S7/L7LD+.2-H;1-3;BX2(764)","T",1,0,3,4,0,"F"
0,2,1,1,"BCX","","","marts002","8/L89","T",1,0,0,0,3,"F"
1,0,0,1,"CX","","","","53/G5","T",1,0,0,0,0,"F"
1,1,3,2,"FCBBFB*B","","","","W","T",0,1,0,0,0,"F"
1,1,0,0,">B","acunr001","","","CS2(26)","F",1,0,0,0,0,"F"
1,2,3,1,">B.FBBB","","","","W","T",0,1,0,0,0,"F"
1,2,0,1,"FX","freef001","","","S9/G3+.1-3","T",0,1,3,0,0,"F"
1,2,0,1,"F>X","albio001","","freef001","43/G6MS","T",1,0,1,0,3,"F"
0,0,0,1,"CX","","","","8/F8","T",1,0,0,0,0,"F"
0,1,3,2,"BSCBFBB","","","","W","T",0,1,0,0,0,"F"
0,1,2,2,"1CSFBB1FS","sancj003","","","K","T",1,0,1,0,0,"F"
0,2,1,2,"BCF1X","sancj003","","","4/L4","T",1,0,1,0,0,"F"
1,0,0,1,"FX","","","","E4/G6M.B-1","T",0,1,0,0,0,"F"
1,0,1,2,"BFSX","swand001","","","46(1)3/GDP/G4M+","T",2,0,0,0,0,"F"
1,2,1,2,"CSBX","","","","S7/G56","T",0,1,0,0,0,"F"
1,2,0,0,"X","almoa001","","","63/G56","T",1,0,1,0,0,"F"
0,0,2,2,"BBCFS","","","","K","T",1,0,0,0,0,"F"
0,1,1,1,"CBX","","","","43/G4+","T",1,0,0,0,0,"F"
0,2,1,2,"SLBC","","","","K","T",1,0,0,0,0,"F"
1,0,1,2,"FCBS","","","","K","T",1,0,0,0,0,"F"
1,1,0,0,"X","","","","E5/G5S.B-1","T",0,1,0,0,0,"F"
1,1,0,0,"X","acunr001","","","S7/L78D+.1-3","T",0,1,3,0,0,"F"
1,1,0,0,"X","freef001","","acunr001","S9/G34.3-H(UR);1-2","T",0,1,2,0,5,"F"
1,1,0,2,"C2SX","albio001","freef001","","4(1)3/GDP/G6M+","T",2,0,0,2,0,"F"
0,0,0,0,"X","","","","HR/F9LD","T",0,4,0,0,0,"F"
0,0,2,2,"BBCSX","","","","9/F9D","T",1,0,0,0,0,"F"
0,1,1,1,"FBX","","","","43/G4M","T",1,0,0,0,0,"F"
0,2,3,2,"BBSBFF*B","","","","W","T",0,1,0,0,0,"F"
0,2,0,1,".C1X","sancj003","","","13/G13","T",1,0,1,0,0,"F"
1,0,3,2,"FBFBFFBX","","","","S7/G6","T",0,1,0,0,0,"F"
1,0,2,2,"*BF*BT>S","swand001","","","K+SB2","T",1,0,2,0,0,"F"
1,1,0,1,"CX","","swand001","","8/L8","T",1,0,0,2,0,"F"
1,2,2,1,"*BBFX","","swand001","","53/G56","T",1,0,0,2,0,"F"
0,0,1,2,"SFFBFFC","","","","K","T",1,0,0,0,0,"F"
0,1,0,2,".CCFX","","","","63/G6M","T",1,0,0,0,0,"F"
0,2,3,2,"BCFBBFFB","","","","W","T",0,1,0,0,0,"F"
0,2,1,1,"1BCX","chisj001","","","3/G3+","T",1,0,1,0,0,"F"
1,0,1,2,"...BSCFX","","","","E7/F7L.B-2","T",0,2,0,0,0,"F"
1,0,2,2,"CSBBB","","adrie001","","WP.2-3","F",0,0,0,3,0,"F"
1,0,3,2,"CSBBB.FC","","","adrie001","K","T",1,0,0,0,3,"F"
1,1,1,0,"BX","","","adrie001","S9/L89S.3-H(UR)","T",0,1,0,0,5,"F"
1,1,0,0,"X","freef001","","","7/F7LS","T",1,0,1,0,0,"F"
1,2,3,2,"CSBFBB>B","freef001","","","W.1-2","T",0,1,2,0,0,"F"
1,2,3,2,"*BBCBS>F>F>F>X","rilea001","freef001","","53/G25","T",1,0,1,2,0,"F"
0,0,0,2,".CSX","","","","53/G56S","T",1,0,0,0,0,"F"
0,1,1,2,"CFBC","","","","K","T",1,0,0,0,0,"F"
0,2,2,0,"BBX","","","","6/P5D","T",1,0,0,0,0,"F"
1,0,0,1,".CX","","","","S7/L78S","T",0,1,0,0,0,"F"
1,0,1,2,"B1S1CX","hereg002","","","64(1)/FO/G56.B-1","T",1,1,0,0,0,"F"
1,1,1,0,"BX","almoa001","","","54(1)3/GDP/G56+","T",2,0,0,0,0,"F"
0,0,0,0,".X","","","","S7/L7","T",0,1,0,0,0,"F"
0,0,2,0,".BBX","sierm002","","","13/G15.1-2","T",1,0,2,0,0,"F"
0,1,0,2,"C*SX","","sierm002","","9/L9S","T",1,0,0,2,0,"F"
0,2,1,2,"CF*BFC","","sierm002","","K","T",1,0,0,2,0,"F"
1,0,0,1,".....CX","","","","6/P6D","T",1,0,0,0,0,"F"
1,1,2,2,"FSBBC","","","","K","T",1,0,0,0,0,"F"
1,2,1,0,"BX","","","","S6/G56","T",0,1,0,0,0,"F"
1,2,1,0,"BX","freef001","","","9/L9LD+","T",1,0,1,0,0,"F"
0,0,1,2,"CSBS","","","","K","T",1,0,0,0,0,"T"
0,1,1,2,"SLBS","","","","K","T",1,0,0,0,0,"F"
0,2,0,0,"X","","","","63/G6+","T",1,0,0,0,0,"F"
1,0,0,1,"FX","","","","8/F8+","T",1,0,0,0,0,"F"
1,1,0,0,"X","","","","13/G4MS","T",1,0,0,0,0,"F"
1,2,2,1,"CBBX","","","","53/G34D","T",1,0,0,0,0,"F"
0,0,2,2,"CBSBS","","","","K","T",1,0,0,0,0,"F"
0,1,2,2,"SBBFX","","","","43/G4MD","T",1,0,0,0,0,"F"
0,2,0,0,"X","","","","8/L8D+","T",1,0,0,0,0,"F"
1,0,3,2,"BCBSBX","","","","9/F9S","T",1,0,0,0,0,"F"
1,1,1,0,"BX","","","","D7/G5+","T",0,2,0,0,0,"F"
1,1,2,2,"CFBFBS","","swand001","","K","T",1,0,0,2,0,"F"
1,2,0,1,"FX","","swand001","","43/G4","T",1,0,0,2,0,"F"
0,0,0,2,"CSX","","","","8/F8D","T",1,0,0,0,0,"F"
0,1,2,2,"BBCFX","","","","S5/L9S","T",0,1,0,0,0,"F"
0,1,0,0,"X","leons001","","","54/SH/BG25.1-2","T",1,0,2,0,0,"F"
0,2,2,2,"BCSF*BFC","","leons001","","K","T",1,0,0,2,0,"F"
1,0,0,0,"X","","","","63/G6D","T",1,0,0,0,0,"F"
1,1,0,2,"CSX","","","","S93/F3D","T",0,1,0,0,0,"F"
1,1,2,2,"CBBFFFFFX","mortc002","","","HR/F9D.1-H","T",0,4,4,0,0,"F"
1,1,2,2,"CSBBFX","","","","43/G4","T",1,0,0,0,0,"F"
1,2,0,2,"FSFS","","","","K","T",1,0,0,0,0,"F"
0,0,3,1,"FBBBB","","","","W","T",0,1,0,0,0,"F"
0,0,1,0,"B>C","marts002","","","SB2","F",0,0,2,0,0,"F"
0,0,2,2,"B>C.S*BFX","","marts002","","8/F8XD.2-3","T",1,0,0,3,0,"F"
0,1,0,2,"CFX","","","marts002","7/SF/F7D.3-H","T",1,0,0,0,4,"F"
0,2,0,0,"X","","","","S7/L7L","T",0,1,0,0,0,"F"
0,2,1,2,"1CBT>B","rojam002","","","SB2","F",0,0,2,0,0,"F"
0,2,2,2,"1CBT>B.S","","rojam002","","K","T",1,0,0,2,0,"F"
1,0,2,2,"BFBSX","","","","3/G34S-","T",1,0,0,0,0,"F"
1,1,3,2,"SSBBBS","","","","K","T",1,0,0,0,0,"F"
1,2,0,0,"X","","","","S1/BG2","T",0,1,0,0,0,"F"
1,2,1,1,"FB+1X","hereg002","","","53/G5","T",1,0,1,0,0,"F"
0,0,3,1,"BFBBB","","","","W","T",0,1,0,0,0,"F"
0,0,1,2,"C1BSC","panij002","","","K","T",1,0,1,0,0,"F"
0,1,1,0,"B>S","panij002","","","SB2","F",0,0,2,0,0,"F"
0,1,2,2,"B>S.CBC","","panij002","","K","T",1,0,0,2,0,"F"
0,2,3,2,"SCB*BBX","","panij002","","53/G15-","T",1,0,0,2,0,"F"
1,0,2,2,"CBCBS","","","","K","T",1,0,0,0,0,"F"
1,1,1,2,"CBFS","","","","K","T",1,0,0,0,0,"F"
1,2,1,1,"SBX","","","","4/L6D","T",1,0,0,0,0,"F"
0,0,0,2,"CFX","","","","S9/G4","T",0,1,0,0,0,"F"
0,0,1,0,"1B1X","marts002","","","S7/L7.1-2","T",0,1,2,0,0,"F"
0,0,1,0,"BX","aguij001","marts002","","HR/F78XD.2-H;1-H","T",0,4,4,4,0,"F"
0,0,2,2,"FBSFBFX","","","","53/G5-","T",1,0,0,0,0,"F"
0,1,1,2,".CBFFS","","","","K","T",1,0,0,0,0,"F"
0,2,2,2,"SSFFBBFS","","","","K","T",1,0,0,0,0,"F"
1,0,3,0,"BBBB","","","","W","T",0,1,0,0,0,"F"
1,0,0,1,"CX","freef001","","","9/F89XD","T",1,0,1,0,0,"F"
1,1,0,0,"X","freef001","","","53/G56-.1-2","T",1,0,2,0,0,"F"
1,2,0,1,"CX","","freef001","","D9/L9D.2-H","T",0,2,0,4,0,"F"
1,2,1,2,"SSBFC","","swand001","","K","T",1,0,0,2,0,"F"
0,0,3,2,".BFBBFFFX","","","","9/F89D+","T",1,0,0,0,0,"F"
0,1,3,2,".BCSBFBX","","","","S9/L9LD","T",0,1,0,0,0,"F"
0,1,0,2,"11SF1C","sierm002","","","K","T",1,0,1,0,0,"F"
0,2,2,1,"SBBX","sierm002","","","9/L9","T",1,0,1,0,0,"F"
1,0,2,2,".CFBBFX","","","","S7/G56","T",0,1,0,0,0,"F"
1,0,0,0,"X","arcio002","","","46(1)3/GDP/G4M+","T",2,0,0,0,0,"F"
1,2,0,1,".FX","","","","63/G6","T",1,0,0,0,0,"F"
0,0,1,2,".BFFX","","","","S9/L89+","T",0,1,0,0,0,"F"
0,0,2,2,"BBCFX","aguij001","","","S7/L7S-.1-3;B-2","T",0,2,3,0,0,"F"
0,0,3,2,"FBTFB*BX","","duvaa001","aguij001","FC/G6S.2X3(6);B-1","T",1,1,0,0,3,"F"
0,1,2,2,"BFBFS","rojam002","","aguij001","K","T",1,0,1,0,3,"F"
0,2,1,2,"TBSX","rojam002","","aguij001","63/G6","T",1,0,1,0,3,"F"
1,0,2,2,".CCBBC","","","","K","T",1,0,0,0,0,"F"
1,1,3,2,"SBBBCX","","","","S9/L9LS","T",0,1,0,0,0,"F"
1,1,1,1,"FB>C","freef001","","","CS2(26)","F",1,0,0,0,0,"F"
1,2,2,2,"FB>C.B*S","","","","K","T",1,0,0,0,0,"F"
0,0,0,2,".CCFFX","","","","HR/F9D","T",0,4,0,0,0,"F"
0,0,2,2,".CFBBX","","","","7/L7D+","T",1,0,0,0,0,"F"
0,1,1,2,"BCSC","","","","K","T",1,0,0,0,0,"F"
0,2,1,2,"CSFBX","","","","S8/G6M","T",0,1,0,0,0,"F"
0,2,2,2,"B1CS>F*B1>X","marts002","","","HR/F7LD.1-H","T",0,4,4,0,0,"F"
0,2,2,1,"BBCX","","","","S8/L8","T",0,1,0,0,0,"F"
0,2,3,2,"BF*BFFB>S","duvaa001","","","K","T",1,0,1,0,0,"F"
1,0,2,2,"...BBSSFX","","","","S8/L8D","T",0,1,0,0,0,"F"
1,0,2,2,"CBBFFX","rilea001","","","64(1)/FO/G6.B-1","T",1,1,0,0,0,"F"
1,1,0,1,"FX","swand001","","","S9/G34.1-2","T",0,1,2,0,0,"F"
1,1,2,2,"FFBBFX","hereg002","swand001","","S8/L78+.2-H;1-3","T",0,1,3,4,0,"F"
1,1,3,1,".BBBCB","arcio002","","hereg002","W.1-2","T",0,1,2,0,3,"F"
1,1,1,1,"..BCX","incie001","arcio002","hereg002","D7/G5.3-H;2-H;1-3","T",0,2,3,4,4,"F"
1,1,0,2,"FFX","","almoa001","incie001","9/SF/F9.3-H;2-3","T",1,0,0,3,4,"F"
1,2,3,0,"VVVV","","","almoa001","IW","T",0,1,0,0,3,"F"
1,2,3,0,"VVVV","freef001","","almoa001","IW.1-2","T",0,1,2,0,3,"F"
1,2,2,2,"SSFFBBS","albio001","freef001","almoa001","K","T",1,0,1,2,3,"F"
0,0,1,2,"...BLLX","","rojam002","","53/G5S-","T",1,0,0,2,0,"F"
0,1,1,0,"*BX","","rojam002","","8/F8XD+.2-3","T",1,0,0,3,0,"F"
0,2,2,1,"C*B*BX","","","rojam002","6/P1S","T",1,0,0,0,3,"F"
1,0,3,0,"..*B*BVV","","rilea001","","IW","T",0,1,0,2,0,"F"
1,0,1,1,"BFX","swand001","rilea001","","9/F9D.2-3","T",1,0,1,3,0,"F"
1,1,3,0,"VVVV","swand001","","rilea001","IW.1-2","T",0,1,2,0,3,"F"
1,1,1,1,"BFB","arcio002","swand001","rilea001","OA.3XH(21);2-3","F",1,0,1,3,0,"F"
1,2,3,1,"BFB.VV","arcio002","","swand001","IW.1-2","T",0,1,2,0,3,"F"
1,2,3,1,".SBBBX","smitk002","arcio002","swand001","S8/L8.3-H;2-3;1-2","T",0,1,2,3,4,"F"
0,0,3,2,"BFBBFS","","","","K","T",1,0,0,0,0,"T"
0,1,2,2,"CBCBX","","","","7/F7D","T",1,0,0,0,0,"F"
0,2,0,2,"CCFS","","","","K","T",1,0,0,0,0,"F"
1,0,0,1,"CX","","","","43/G4","T",1,0,0,0,0,"F"
1,1,2,2,"BFFBFX","","","","S8/G6M","T",0,1,0,0,0,"F"
1,1,1,2,"FCB1FX","freef001","","","165(1)/FO/G4.B-1","T",1,1,0,0,0,"F"
1,2,0,2,"1FC1S","albio001","","","K","T",1,0,1,0,0,"F"
0,0,2,0,"BBH","","","","HP","T",0,1,0,0,0,"F"
0,0,1,2,"FBC1X","meada001","","","D9/G3.1-3","T",0,2,3,0,0,"F"
0,0,0,1,"CX","","wendj002","meada001","S7/G6.3-H;2-3","T",0,1,0,3,4,"F"
0,0,0,0,"X","kierk001","","wendj002","53/G5S.3-H;1-2","T",1,0,2,0,4,"F"
0,1,3,2,"BBCFBB","","kierk001","","W","T",0,1,0,2,0,"F"
0,1,0,2,"FCS","wallt003","kierk001","","K","T",1,0,1,2,0,"F"
0,2,3,2,"CSFBBFB>B","wallt003","kierk001","","W.2-3;1-2","T",0,1,2,3,0,"F"
0,2,3,2,"BBCFB>T","loweb001","wallt003","kierk001","K","T",1,0,1,2,3,"F"
1,0,3,0,"BBBB","","","","W","T",0,1,0,0,0,"F"
1,0,2,2,"BCF1BS","arcio002","","","K","T",1,0,1,0,0,"F"
1,1,0,0,"X","arcio002","","","9/F9D","T",1,0,1,0,0,"F"
1,2,1,2,"CFBFX","arcio002","","","53/G56","T",1,0,1,0,0,"F"
0,0,0,0,"X","","","","31/G34","T",1,0,0,0,0,"F"
0,1,0,1,"CX","","","","43/G4","T",1,0,0,0,0,"F"
0,2,2,2,"BBCCX","","","","43/G4","T",1,0,0,0,0,"F"
1,0,1,2,"CFBS","","","","K","T",1,0,0,0,0,"F"
1,1,2,2,"FBBFFX","","","","3/G3","T",1,0,0,0,0,"F"
1,2,1,1,"FBX","","","","3/G3D","T",1,0,0,0,0,"F"
0,0,1,2,"BCSX","","","","3/G23","T",1,0,0,0,0,"F"
0,1,3,2,"CBFBFBB","","","","W","T",0,1,0,0,0,"F"
0,1,3,2,"FBBBCFX","zunim001","","","D8/L78.1-3","T",0,2,3,0,0,"F"
0,1,1,2,"CCF*BFC","","wallt003","zunim001","K","T",1,0,0,2,3,"F"
0,2,0,0,"X","","wallt003","zunim001","3/P3F/FL","T",1,0,0,2,3,"F"
1,0,3,2,"SBFFFBBB","","","","W","T",0,1,0,0,0,"F"
1,0,2,2,"BF>FB1>X","albio001","","","HR/F8XD.1-H","T",0,4,4,0,0,"F"
1,0,2,2,"BCBFFFS","","","","K","T",1,0,0,0,0,"F"
1,1,2,0,"BBX","","","","HR/F78XD","T",0,4,0,0,0,"F"
1,1,1,1,"CBX","","","","5/L56+","T",1,0,0,0,0,"F"
1,2,1,2,"CCBX","","","","S8/L78D","T",0,1,0,0,0,"F"
1,2,0,2,"FFC","smitk002","","","K","T",1,0,1,0,0,"F"
0,0,0,0,"X","","","","HR/F7LD","T",0,4,0,0,0,"F"
0,0,0,2,"CFS","","","","K","T",1,0,0,0,0,"F"
0,1,1,1,"BFX","","","","53/G3","T",1,0,0,0,0,"F"
0,2,1,0,"BX","","","","S9/L89","T",0,1,0,0,0,"F"
0,2,0,0,"X","wendj002","","","S8/G4M+.1-3","T",0,1,3,0,0,"F"
0,2,1,1,"B1C>B","kierk001","","wendj002","SB2","F",0,0,2,0,3,"F"
0,2,2,1,"B1C>B.X","","kierk001","wendj002","7/F7D","T",1,0,0,2,3,"F"
1,0,0,0,"X","","","","S9/G34+","T",0,1,0,0,0,"F"
1,0,3,2,".BTBFBX","almoa001","","","HR/F9D.1-H","T",0,4,4,0,0,"F"
1,0,0,0,"X","","","","7/F7L","T",1,0,0,0,0,"F"
1,1,3,2,"FBFBBB","","","","W","T",0,1,0,0,0,"F"
1,1,1,1,"FBX","rilea001","","","4/P89S","T",1,0,1,0,0,"F"
1,2,0,1,"CX","rilea001","","","8/F8S","T",1,0,1,0,0,"F"
0,0,2,2,"BBFSFS","","","","K","T",1,0,0,0,0,"F"
0,1,0,2,".CFS","","","","K","T",1,0,0,0,0,"F"
0,2,1,1,"CBX","","","","8/L8D","T",1,0,0,0,0,"F"
1,0,0,2,".FSS","","","","K","T",1,0,0,0,0,"F"
1,1,1,2,"BCSFS","","","","K","T",1,0,0,0,0,"F"
1,2,2,1,".CBBX","","","","6/L6","T",1,0,0,0,0,"F"
0,0,2,2,".BCSBX","","","","43/G4","T",1,0,0,0,0,"F"
0,1,1,0,"BX","","","","T9/F9LD","T",0,3,0,0,0,"F"
0,1,1,2,"FBSFX","","","franw002","7/SF/F7LD.3-H","T",1,0,0,0,4,"F"
0,2,3,0,"BBBB","","","","W","T",0,1,0,0,0,"F"
0,2,0,1,"CN","wendj002","","","BK.1-2","F",0,0,2,0,0,"F"
0,2,3,1,"CN.*BBBB","","wendj002","","W","T",0,1,0,2,0,"F"
0,2,0,0,".H","kierk001","wendj002","","HP.2-3;1-2","T",0,1,2,3,0,"F"
0,2,0,1,"FX","zunim001","kierk001","wendj002","63/G4","T",1,0,1,2,3,"F"
1,0,1,1,"BSX","","","","13/G34S-","T",1,0,0,0,0,"F"
1,1,0,2,"CFFX","","","","S8/G4M+","T",0,1,0,0,0,"F"
1,1,1,2,"FF11B*S","freef001","","","K","T",1,0,1,0,0,"F"
1,2,3,2,"1CSBB*B>X","freef001","","","S7/L78.1-3","T",0,1,3,0,0,"F"
1,2,3,2,"STB*BFB>X","rilea001","","freef001","S9/L9D.3-H;1-3","T",0,1,3,0,4,"F"
1,2,0,0,"X","arcio002","","rilea001","64(1)/FO/G6.B-1","T",1,1,0,0,3,"F"
0,0,2,2,"..CBCBFX","","","","8/F89D","T",1,0,0,0,0,"F"
0,1,1,2,"BCCX","","","","S8/L8D+","T",0,1,0,0,0,"F"
0,1,0,0,"X","loweb001","","","7/L7D+","T",1,0,1,0,0,"F"
0,2,0,0,"X","loweb001","","","S7/L7L.1-2","T",0,1,2,0,0,"F"
0,2,3,2,"CFBBB>X","franw002","loweb001","","S9/L89+.2-H;1-3","T",0,1,3,4,0,"F"
0,2,0,1,"S>X","meada001","","franw002","S6/G6.3-H;1-2","T",0,1,2,0,4,"F"
0,2,3,2,"FFBF*BB>X","wendj002","meada001","","3/G3","T",1,0,1,2,0,"F"
1,0,3,2,"..CSBFBFBFS","","","","K","T",1,0,0,0,0,"F"
1,1,0,1,"FX","","","","8/F89D","T",1,0,0,0,0,"F"
1,2,0,2,".CFX","","","","8/L8","T",1,0,0,0,0,"F"
0,0,1,1,".BCX","","","","7/F7LD","T",1,0,0,0,0,"F"
0,1,2,2,".SFBBC","","","","K","T",1,0,0,0,0,"F"
0,2,1,2,"MSB*S","","","","K.BX1(23)","T",1,0,0,0,0,"F"
1,0,1,2,"....BCSFFFS","","","","K","T",1,0,0,0,0,"F"
1,1,2,2,"BCFBX","","","","S36/G34","T",0,1,0,0,0,"F"
1,1,0,2,"CFFS","freef001","","","K","T",1,0,1,0,0,"F"
1,2,1,1,"11BS>B","freef001","","","SB2","F",0,0,2,0,0,"F"
1,2,2,2,"11BS>B.FX","","freef001","","9/F9L","T",1,0,0,2,0,"F"
0,0,3,0,"..BBBB","","philb002","","W","T",0,1,0,2,0,"F"
0,0,2,2,"CF*B*BFFC","loweb001","philb002","","K","T",1,0,1,2,0,"F"
0,1,1,0,"BX","loweb001","philb002","","7/F7D","T",1,0,1,2,0,"F"
0,2,3,1,"BBBCX","loweb001","philb002","","S9/L9+.2-H(UR);1-3","T",0,1,3,5,0,"F"
0,2,0,2,"FC>F>C","meada001","","loweb001","K","T",1,0,1,0,3,"F"
1,0,3,2,"..BBCBSX","","rilea001","","53/G5","T",1,0,0,2,0,"F"
1,1,0,0,"X","","rilea001","","7/F7D","T",1,0,0,2,0,"F"
1,2,0,0,".X","","rilea001","","63/G6M+","T",1,0,0,2,0,"F"
0,0,2,0,"BBX","","","","63/G56D+","T",1,0,0,0,0,"T"
0,1,0,0,"X","","","","S7/G56","T",0,1,0,0,0,"F"
0,1,0,0,"1","franw002","","","PO1(13)","F",1,0,0,0,0,"F"
0,2,3,2,"1.CBBSBFX","","","","43/G4","T",1,0,0,0,0,"F"
1,0,1,1,"BCX","","","","8/F8XD","T",1,0,0,0,0,"F"
1,1,2,2,"CFBBX","","","","9/L9D","T",1,0,0,0,0,"F"
1,2,0,2,"FFX","","","","8/F8","T",1,0,0,0,0,"F"
0,0,3,2,"SBBCBX","","","","9/F9S","T",1,0,0,0,0,"F"
0,1,0,1,"SX","","","","6/P5F/FL","T",1,0,0,0,0,"F"
0,2,1,2,"BSFC","","","","K","T",1,0,0,0,0,"F"
1,0,3,2,"FBBFBFX","","","","53/G5","T",1,0,0,0,0,"F"
1,1,3,2,"BSFBFBS","","","","K","T",1,0,0,0,0,"F"
1,2,0,0,"X","","","","43/G4MS","T",1,0,0,0,0,"F"
0,0,3,2,"BBFCBC","","","","K","T",1,0,0,0,0,"F"
0,1,2,1,"BCBX","","","","43/G6MS","T",1,0,0,0,0,"F"
0,2,1,2,"BCCS","","","","K","T",1,0,0,0,0,"F"
1,0,0,0,"X","","","","13/G4S","T",1,0,0,0,0,"F"
1,1,1,2,"CBFFFFX","","","","D7/G5","T",0,2,0,0,0,"F"
1,1,0,1,"CX","","smitk002","","S8/L8+.2-2","T",0,1,0,2,0,"F"
1,1,0,1,"CX","friem001","smitk002","","43/G4D+.2-3;1-2","T",1,0,2,3,0,"F"
1,2,1,1,"FBX","","friem001","smitk002","43/G6M","T",1,0,0,2,3,"F"
0,0,0,1,"CX","","","","S8/G4M","T",0,1,0,0,0,"F"
0,0,2,1,"BBFX","diazy001","","","4/L4D","T",1,0,1,0,0,"F"
0,1,0,0,"X","diazy001","","","6(1)/FO/G4D+.B-1","T",1,1,0,0,0,"F"
0,2,3,1,"S1BB*BX","meada001","","","53/G5","T",1,0,1,0,0,"F"
1,0,0,0,"X","","","","S9/G4+","T",0,1,0,0,0,"F"
1,0,1,2,"FFBFX","freef001","","","D8/F8XD.1-H;B-3(E8)","T",0,3,4,0,0,"F"
1,0,0,0,"X","","","albio001","7/SF/F78D.3-H","T",1,0,0,0,4,"F"
1,1,1,0,"BX","","","","53/G56","T",1,0,0,0,0,"F"
1,2,1,1,"BFX","","","","DGR/L9LD","T",0,2,0,0,0,"F"
1,2,3,0,"VVVV","","hereg002","","IW","T",0,1,0,2,0,"F"
1,2,0,1,"FX","smitk002","hereg002","","D7/L7L.2-H;1-H","T",0,2,4,4,0,"F"
1,2,1,0,"BX","","friem001","","HR/F89XD.2-H","T",0,4,0,4,0,"F"
1,2,3,2,"FBFBFBX","","","","6/P6","T",1,0,0,0,0,"F"
0,0,2,2,"CCBBX","","","","S9/L89","T",0,1,0,0,0,"F"
0,0,0,2,"CSFFS","choij001","","","K","T",1,0,1,0,0,"F"
0,1,1,2,"FBCS","choij001","","","K","T",1,0,1,0,0,"F"
0,2,0,0,"X","choij001","","","43/G6","T",1,0,1,0,0,"F"
1,0,2,1,"BBFX","","","","HR/F89XD","T",0,4,0,0,0,"F"
1,0,1,2,"BSFX","","","","7/F7D","T",1,0,0,0,0,"F"
1,1,0,0,"..X","","","","9/F9L","T",1,0,0,0,0,"F"
1,2,3,2,"CBBSBB","","","","W","T",0,1,0,0,0,"F"
1,2,2,2,"FBSFBX","arcio002","","","64(1)/FO/G6+.B-1","T",1,1,0,0,0,"F"
0,0,0,0,"X","","","","43/G6M","T",1,0,0,0,0,"F"
0,1,3,2,"BBCFBX","","","","S15/G6MS","T",0,1,0,0,0,"F"
0,1,0,1,"CX","diazy001","","","9/F89XD","T",1,0,1,0,0,"F"
0,2,3,2,"BCS*BFB>S","diazy001","","","K","T",1,0,1,0,0,"F"
1,0,3,2,"BFBBSB","","","","W","T",0,1,0,0,0,"F"
1,0,0,1,"CX","smitk002","","","S8/L8+.1-2","T",0,1,2,0,0,"F"
1,0,1,2,"*BSSX","friem001","smitk002","","6/P8S","T",1,0,1,2,0,"F"
1,1,0,2,"SFB","friem001","smitk002","","WP.2-3","F",0,0,1,3,0,"F"
1,1,2,2,"SFB.*BX","friem001","","smitk002","D7/L78XD.3-H;1-3","T",0,2,3,0,4,"F"
1,1,1,0,"BX","","swand001","friem001","7/SF/F7D.3-H","T",1,0,0,2,4,"F"
1,2,1,2,"CBCFS","","swand001","","K","T",1,0,0,2,0,"F"
0,0,3,2,"BCBBSB","","","","W","T",0,1,0,0,0,"F"
0,0,0,1,"CX","arozr001","","","35(1)/FO/G34S.B-1","T",1,1,0,0,0,"F"
0,1,3,2,"FBFBBC","choij001","","","K","T",1,0,1,0,0,"F"
0,2,0,1,".CX","choij001","","","7/F7L","T",1,0,1,0,0,"F"
1,0,1,2,".CSFBX","","","","7/F7D","T",1,0,0,0,0,"F"
1,1,0,0,"X","","","","3/P3F/FL","T",1,0,0,0,0,"F"
1,2,2,2,"SSBBT","","","","K","T",1,0,0,0,0,"F"
0,0,1,0,".BX","","","","43/G4+","T",1,0,0,0,0,"F"
0,1,1,2,"FFFBX","","","","13/G4S","T",1,0,0,0,0,"F"
0,2,2,2,"BBCCX","","","","63/G6M+","T",1,0,0,0,0,"F"
1,0,0,0,"..X","","","","53/G56","T",1,0,0,0,0,"F"
1,1,1,1,".BCX","","","","43/G4","T",1,0,0,0,0,"F"
1,2,0,1,"CX","","","","S5/G56","T",0,1,0,0,0,"F"
1,2,0,0,"X","pedej001","","","64(1)/FO/G6.B-1","T",1,1,0,0,0,"F"
0,0,0,0,".X","","","","13/G1","T",1,0,0,0,0,"F"
0,1,0,1,"CX","","","","7/L78","T",1,0,0,0,0,"F"
0,2,1,2,"CCBS","","","","K+PB.B-1","T",0,1,0,0,0,"F"
0,2,3,1,"BSBBB","arozr001","","","W.1-2","T",0,1,2,0,0,"F"
0,2,0,0,"X","choij001","arozr001","","9/F9L","T",1,0,1,2,0,"F"
0,0,3,1,"BBFBX","","","","63/G56","T",1,0,0,0,0,"T"
0,1,1,0,"BX","","","","9/F9LD","T",1,0,0,0,0,"F"
0,2,0,2,"CC*S","","","","K","T",1,0,0,0,0,"F"
1,0,3,2,"BSSBBB","","","","W","T",0,1,0,0,0,"F"
1,0,0,0,"X","pedej001","","","3/BL3S-","T",1,0,1,0,0,"F"
1,1,1,2,"C1CFBX","pedej001","","","45(1)/FO/G34.B-1","T",1,1,0,0,0,"F"
1,2,2,2,"F1SBBFX","freef001","","","D8/F8XD.1-H","T",0,2,4,0,0,"F"
1,2,2,2,"CBBFX","","albio001","","6/P78S","T",1,0,0,2,0,"F"
0,0,2,2,"BSSBFX","","","","43/G6M+","T",1,0,0,0,0,"F"
0,1,2,2,"BSBCX","","","","6/P6MD","T",1,0,0,0,0,"F"
0,2,3,0,"BBBB","","","","W","T",0,1,0,0,0,"F"
0,2,1,2,"BCFS","zunim001","","","K","T",1,0,1,0,0,"F"
1,0,0,2,"CCFT","","","","K","T",1,0,0,0,0,"F"
1,1,1,2,"CBCS","","","","K","T",1,0,0,0,0,"F"
1,2,3,2,"FBFBFBX","","","","D7/L7D+","T",0,2,0,0,0,"F"
1,2,0,2,"CSFC","","hereg002","","K","T",1,0,0,2,0,"F"
0,0,0,1,"SX","","","","3/G23","T",1,0,0,0,0,"F"
0,1,0,2,"CSS","","","","K","T",1,0,0,0,0,"F"
0,2,0,1,"SX","","","","9/F9S","T",1,0,0,0,0,"F"
1,0,0,0,"X","","","","S9/G34","T",0,1,0,0,0,"F"
1,0,2,2,"CBBS>FX","pedej001","","","4(1)/FO/G4M.B-1","T",1,1,0,0,0,"F"
1,1,2,2,"CB1F1BX","swand001","","","8/F78","T",1,0,1,0,0,"F"
1,2,2,2,"F11BBFFS","swand001","","","K","T",1,0,1,0,0,"F"
0,0,1,2,"FBFX","","","","7/L7D+","T",1,0,0,0,0,"F"
0,1,1,2,"SSBF*S","","","","K","T",1,0,0,0,0,"F"
0,2,0,2,"CS*S","","","","K","T",1,0,0,0,0,"F"
1,0,3,2,"BFSBBB","","","","W","T",0,1,0,0,0,"F"
1,0,2,2,"FBFBX","rilea001","","","54(1)/FO/G56.B-1","T",1,1,0,0,0,"F"
1,1,0,1,"FX","arcio002","","","S8/L8.1-2","T",0,1,2,0,0,"F"
1,1,1,0,"BX","vogts001","arcio002","","D9/L89XD+.2-H;1-3","T",0,2,3,4,0,"F"
1,1,0,2,"CCFX","","hereg002","vogts001","S4/G34.3-3","T",0,1,0,2,3,"F"
1,1,0,0,"X","smyld001","hereg002","vogts001","13/G1.3-H;2-3;1-2","T",1,0,2,3,4,"F"
1,2,1,1,"BFX","","smyld001","hereg002","8/F78XD","T",1,0,0,2,3,"F"
0,0,0,2,"SCFX","","","","S6/G56-","T",0,1,0,0,0,"F"
0,0,3,0,"B*BBX","loweb001","","","D7/G5.1-3","T",0,2,3,0,0,"F"
0,0,0,1,"FX","","zunim001","loweb001","8/F8","T",1,0,0,2,3,"F"
0,1,1,2,"*BFFFB","","zunim001","loweb001","WP.3-H(NR);2-3","F",0,0,0,3,4,"F"
0,1,3,2,"*BFFFB.*BF*B","","","zunim001","W","T",0,1,0,0,3,"F"
0,1,1,1,".BS1X","kierk001","","zunim001","9/SF/F9LD.3-H","T",1,0,1,0,4,"F"
0,2,2,2,"1B1SC1F*BFC","kierk001","","","K","T",1,0,1,0,0,"F"
1,0,3,0,"...BBBB","","","","W","T",0,1,0,0,0,"F"
1,0,0,2,"CFFX","freef001","","","8/F8D","T",1,0,1,0,0,"F"
1,1,3,2,"SBBSB>F1>FX","freef001","","","S5/G5S-.1-2","T",0,1,2,0,0,"F"
1,1,0,0,"X","rilea001","freef001","","64(1)3/GDP/G6","T",2,0,0,2,0,"F"
0,0,2,2,"CBFBX","","","","6/P6","T",1,0,0,0,0,"F"
0,1,1,1,"SBX","","","","HR/F8XD","T",0,4,0,0,0,"F"
0,1,1,2,"CFBFFX","","","","8/F8","T",1,0,0,0,0,"F"
0,2,0,1,"SX","","","","S49/G34","T",0,1,0,0,0,"F"
0,2,0,0,".X","loweb001","","","7/F78XD","T",1,0,1,0,0,"F"
1,0,1,0,"BX","","","","S9/L89","T",0,1,0,0,0,"F"
1,0,0,2,"FCB","vogts001","","","WP.1-2","F",0,0,2,0,0,"F"
1,0,2,2,"FCB.BX","","vogts001","","3/P3DF/FL","T",1,0,0,2,0,"F"
1,1,1,2,"..SBSX","","vogts001","","4/P34D","T",1,0,0,2,0,"F"
1,2,0,1,"CX","","vogts001","","D7/G5.2-H","T",0,2,0,4,0,"F"
1,2,1,2,"SBCX","","pedej001","","53/G56","T",1,0,0,2,0,"F"
0,0,1,2,".BCFFX","","","","S8/G6M","T",0,1,0,0,0,"F"
0,0,2,2,"BSBS1FX","wendj002","","","D9/G3.1-H","T",0,2,4,0,0,"F"
0,0,1,2,"CBC>B","","kierk001","","SB3","F",0,0,0,3,0,"F"
0,0,2,2,"CBC>B.X","","","kierk001","8/SF/F8D.3-H","T",1,0,0,0,4,"F"
0,1,1,2,"..BSFX","","","","D9/L9LD","T",0,2,0,0,0,"F"
0,1,1,0,"BX","","mejif001","","HR/F8XD.2-H","T",0,4,0,4,0,"F"
0,1,3,2,"BCBFBFB","","","","W","T",0,1,0,0,0,"F"
0,1,0,2,"F1S>B","franw002","","","CS2(24)","F",1,0,0,0,0,"F"
0,2,3,2,"F1S>B.BBX","","","","63/G56","T",1,0,0,0,0,"F"
1,0,0,1,"..FX","","","","E4/G34D.B-1","T",0,1,0,0,0,"F"
1,0,1,1,"CBX","freef001","","","8/F8","T",1,0,1,0,0,"F"
1,1,3,2,"SCBB*BFX","freef001","","","S9/G34.1-3","T",0,1,3,0,0,"F"
1,1,1,2,"TC*BS","rilea001","","freef001","K","T",1,0,1,0,3,"F"
1,2,0,1,"CX","rilea001","","freef001","S8/L8.3-H(UR);1-2","T",0,1,2,0,5,"F"
1,2,1,1,"CBX","vogts001","rilea001","","8/F89","T",1,0,1,2,0,"F"
0,0,0,1,".FX","","","","9/L9+","T",1,0,0,0,0,"F"
0,1,1,2,"BSCX","","","","7/F7L+","T",1,0,0,0,0,"F"
0,2,3,2,"BBBCFX","","","","13/G4MS","T",1,0,0,0,0,"F"
1,0,3,2,".BBBCCC","","","","K","T",1,0,0,0,0,"F"
1,1,0,1,"CX","","","","8/L8XD","T",1,0,0,0,0,"F"
1,2,3,2,"BCBSBX","","","","2/P2F/FL","T",1,0,0,0,0,"F"
0,0,0,0,".X","","","","4/P4","T",1,0,0,0,0,"F"
0,1,1,1,"BSX","","","","7/F78XD","T",1,0,0,0,0,"F"
0,2,1,0,"BX","","","","7/F78D","T",1,0,0,0,0,"F"
1,0,0,1,".....FX","","","","7/F7","T",1,0,0,0,0,"F"
1,1,0,2,"FSFFX","","","","S7/G1S","T",0,1,0,0,0,"F"
1,1,1,2,"BSSS","albio001","","","K","T",1,0,1,0,0,"F"
1,2,0,0,">B","albio001","","","DI.1-2","F",0,0,2,0,0,"F"
1,2,3,2,">B.BBFFC","","albio001","","K","T",1,0,0,2,0,"F"
0,0,1,0,"BX","","","","3/G34","T",1,0,0,0,0,"T"
0,1,0,2,"CCS","","","","K","T",1,0,0,0,0,"F"
0,2,2,0,"BBX","","","","53/G34D","T",1,0,0,0,0,"F"
1,0,2,1,"BSBX","","","","S6/BG5S","T",0,1,0,0,0,"F"
1,0,2,2,"CBS*BS","pedej001","","","K","T",1,0,1,0,0,"F"
1,1,3,1,"BBBCX","pedej001","","","56(1)/FO/G34.B-1","T",1,1,0,0,0,"F"
1,2,0,1,"CX","freef001","","","7/F7S","T",1,0,1,0,0,"F"
0,0,1,1,"BCX","","","","63/G6D","T",1,0,0,0,0,"F"
0,1,3,2,"CCFBFBBX","","","","43/G4M+","T",1,0,0,0,0,"F"
0,2,2,2,"BBCSFS","","","","K","T",1,0,0,0,0,"F"
1,0,3,2,"BCBBSX","","","","9/F89","T",1,0,0,0,0,"F"
1,1,1,0,"BX","","","","63/G6S+","T",1,0,0,0,0,"F"
1,2,0,2,"CSX","","","","D9/L9L","T",0,2,0,0,0,"F"
1,2,0,0,"X","","almoa001","","S7/L7L.2-H;B-2","T",0,2,0,4,0,"F"
1,2,2,1,"C*BBX","","hereg002","","43/G4M","T",1,0,0,2,0,"F"
0,0,0,0,"X","","","","13/BG1S","T",1,0,0,0,0,"F"
0,1,3,1,"BFBBB","","","","W","T",0,1,0,0,0,"F"
0,1,1,1,"BLX","carav001","","","24/SH/BG2.1-2","T",1,0,2,0,0,"F"
0,2,2,0,"BBX","","carav001","","3/P3F/FL","T",1,0,0,2,0,"F"
1,0,2,2,"BBSFX","","","","3/G3","T",1,0,0,0,0,"F"
1,1,0,0,"X","","","","53/G5","T",1,0,0,0,0,"F"
1,2,2,2,"BCCBX","","","","7/F78D","T",1,0,0,0,0,"F"
0,0,0,0,"X","","","","6/P4MS","T",1,0,0,0,0,"F"
0,1,1,0,"BH","","","","HP","T",0,1,0,0,0,"F"
0,1,0,0,"X","cronj001","","","D7/L7LD+.1-3","T",0,2,3,0,0,"F"
0,1,0,1,"CX","","machm001","cronj001","7/SF/L7D.3-H","T",1,0,0,2,4,"F"
0,2,3,2,"CBBBCB","","machm001","","W","T",0,1,0,2,0,"F"
0,2,0,1,"CX","hosme001","machm001","","9/F89S","T",1,0,1,2,0,"F"
1,0,0,2,"FSFS","","","","K","T",1,0,0,0,0,"F"
1,1,1,0,"BX","","","","7/F7D","T",1,0,0,0,0,"F"
1,2,2,2,"BCBSX","","","","9/F89","T",1,0,0,0,0,"F"
0,0,0,0,"X","","","","43/G4+","T",1,0,0,0,0,"F"
0,1,0,2,"CS*S","","","","K","T",1,0,0,0,0,"F"
0,2,1,0,"BX","","","","31/G3","T",1,0,0,0,0,"F"
1,0,0,2,"FTX","","","","31/G34","T",1,0,0,0,0,"F"
1,1,2,0,"BBX","","","","53/G56","T",1,0,0,0,0,"F"
1,2,3,1,"BBBCB","","","","W","T",0,1,0,0,0,"F"
1,2,2,2,"BBFFFS","toust001","","","K","T",1,0,1,0,0,"F"
0,0,2,1,"BBSX","","","","5/L5+","T",1,0,0,0,0,"F"
0,1,1,0,"BX","","","","9/L89D","T",1,0,0,0,0,"F"
0,2,1,2,"SBFS","","","","K","T",1,0,0,0,0,"F"
1,0,1,0,"BX","","","","13/G13-","T",1,0,0,0,0,"F"
1,1,1,2,"BCFFX","","","","HR/F7D","T",0,4,0,0,0,"F"
1,1,1,2,"BSFFX","","","","43/G4","T",1,0,0,0,0,"F"
1,2,3,2,"BFBFBFH","","","","HP","T",0,1,0,0,0,"F"
1,2,3,1,"BBBCB","rilea001","","","W.1-2","T",0,1,2,0,0,"F"
1,2,2,2,".CBBCFFFC","vogts001","rilea001","","K","T",1,0,1,2,0,"F"
0,0,1,1,"CBX","","","","43/G4MD","T",1,0,0,0,0,"F"
0,1,1,2,"BFF*S","","","","K","T",1,0,0,0,0,"F"
0,2,0,0,"X","","","","S7/L7D+","T",0,1,0,0,0,"F"
0,2,2,1,"FBBX","myerw001","","","S8/L78.1-2","T",0,1,2,0,0,"F"
0,2,3,1,"..FBBBX","carav001","myerw001","","8/F89","T",1,0,1,2,0,"F"
1,0,2,1,".BCBX","","","","4/P4","T",1,0,0,0,0,"F"
1,1,2,2,".CSBBX","","","","8/F8D","T",1,0,0,0,0,"F"
1,2,3,2,"BCBBFX","","","","8/F78","T",1,0,0,0,0,"F"
0,0,0,1,".CX","","","","53/G34","T",1,0,0,0,0,"F"
0,1,2,1,"BBFX","","","","S6/G6+","T",0,1,0,0,0,"F"
0,1,3,1,"1B1BS11BX","tatif002","","","43/G3.1-2","T",1,0,2,0,0,"F"
0,2,2,1,"CB*BX","","tatif002","","8/F89XD+","T",1,0,0,2,0,"F"
1,0,3,2,".CBCBBS","","","","K","T",1,0,0,0,0,"F"
1,1,1,1,"BCX","","","","S5/G34","T",0,1,0,0,0,"F"
1,1,0,2,"SF>X","freef001","","","3/G3.1-2","T",1,0,2,0,0,"F"
1,2,1,0,"BX","","freef001","","4/P34D","T",1,0,0,2,0,"F"
0,0,1,2,".CFBX","","","","6/P6MD","T",1,0,0,0,0,"F"
0,1,1,2,"CBCFS","","","","K","T",1,0,0,0,0,"F"
0,2,0,0,"X","","","","D7/L7L","T",0,2,0,0,0,"F"
0,2,0,1,"CX","","myerw001","","43/G6","T",1,0,0,2,0,"F"
0,0,2,2,"BCBSX","","","","9/L9LD","T",1,0,0,0,0,"T"
0,1,1,1,"FBX","","","","S7/L7","T",0,1,0,0,0,"F"
0,1,2,2,"CB*BFX","tatif002","","","7/F7S","T",1,0,1,0,0,"F"
0,2,0,1,"SB","tatif002","","","WP.1-2","F",0,0,2,0,0,"F"
0,2,3,1,"SB.BB*B","","tatif002","","W","T",0,1,0,2,0,"F"
0,2,0,0,"X","machm001","tatif002","","53/G5","T",1,0,1,2,0,"F"
1,0,2,2,"BFBFFFX","","","","8/F8XD","T",1,0,0,0,0,"F"
1,1,1,2,"CSBFS","","","","K","T",1,0,0,0,0,"F"
1,2,2,2,"BFBFX","","","","43/G4D+","T",1,0,0,0,0,"F"
0,0,3,2,"CBSBBX","","","","7/L78D","T",1,0,0,0,0,"F"
0,1,2,2,"BBCFX","","","","43/G6","T",1,0,0,0,0,"F"
0,2,2,2,"CBBCFS","","","","K.BX1(23)","T",1,0,0,0,0,"F"
1,0,1,2,"STBFX","","","","6/P1S","T",1,0,0,0,0,"F"
1,1,2,0,"BBX","","","","143/L4M+","T",1,0,0,0,0,"F"
1,2,2,2,"CBSBX","","","","S7/L7+","T",0,1,0,0,0,"F"
1,2,3,2,"B1B+1BSF>F>F>F>X","hereg002","","","7/F78D","T",1,0,1,0,0,"F"
0,0,1,2,"BCC*S","","","","K.BX1(23)","T",1,0,0,0,0,"F"
0,1,3,1,"BCBBB","","","","W","T",0,1,0,0,0,"F"
0,1,3,2,"FS1BB1BFFFB","phamt001","","","W.1-2","T",0,1,2,0,0,"F"
0,1,2,2,"SB*BFX","tatif002","phamt001","","9/L89XD+","T",1,0,1,2,0,"F"
0,2,0,2,"FFX","tatif002","phamt001","","7/F","T",1,0,1,2,0,"F"
1,0,1,0,"BX","","","","S7/G56","T",0,1,0,0,0,"F"
1,0,0,0,"X","smitk002","","","23/SH/BG2.1-2","T",1,0,2,0,0,"F"
1,1,0,1,"FX","","smitk002","","9/F89XD+.2-3","T",1,0,0,3,0,"F"
1,2,0,0,"X","","","smitk002","43/G4D+","T",1,0,0,0,3,"F"
0,0,2,2,"CBBCX","","","","9/L9D","T",1,0,0,0,0,"F"
0,1,3,2,"FBBBCFFX","","","","D9/F89D","T",0,2,0,0,0,"F"
0,1,0,1,"CB","","profj001","","WP.2-3","F",0,0,0,3,0,"F"
0,1,3,1,"CB.BBX","","","profj001","8/SF/L89D.3-H","T",1,0,0,0,4,"F"
0,2,2,2,"BFFFFBS","","","","K","T",1,0,0,0,0,"F"
1,0,0,2,"FCX","","","","4/L4D","T",1,0,0,0,0,"F"
1,1,1,1,"BCX","","","","8/F8","T",1,0,0,0,0,"F"
1,2,0,2,"FFX","","","","S7/L78+","T",0,1,0,0,0,"F"
1,2,3,2,"BBFBS>F>X","rilea001","","","53/G5","T",1,0,1,0,0,"F"
0,0,1,2,".BSCC","","","","K","T",1,0,0,0,0,"F"
0,1,3,1,"BFBBB","","","","W","T",0,1,0,0,0,"F"
0,1,3,1,"1BFBBX","phamt001","","","HR/F78XD.1-H","T",0,4,4,0,0,"F"
0,1,1,1,"BCX","","","","31/G34","T",1,0,0,0,0,"F"
0,2,1,1,"SBX","","","","D8/L78XD+","T",0,2,0,0,0,"F"
0,2,0,0,"X","","machm001","","7/F7","T",1,0,0,2,0,"F"
1,0,2,2,"CBBFX","","","","E5/TH/G56.B-1","T",0,1,0,0,0,"F"
1,0,0,1,"CX","arcio002","","","7/L7","T",1,0,1,0,0,"F"
1,1,1,2,".CSB1X","arcio002","","","8/F8","T",1,0,1,0,0,"F"
1,2,3,1,"BBBCX","arcio002","","","8/F8","T",1,0,1,0,0,"F"
0,0,2,2,".CBBFX","","","","S45/G4","T",0,1,0,0,0,"F"
0,0,0,1,"F>C","profj001","","","CS2(24)","F",1,0,0,0,0,"F"
0,1,0,2,"F>C.X","","","","S6/G6","T",0,1,0,0,0,"F"
0,1,0,1,".C1X","kim-h002","","","S7/L7.1-2","T",0,1,2,0,0,"F"
0,1,1,2,".FFBX","carav001","kim-h002","","9/F9D","T",1,0,1,2,0,"F"
0,2,3,2,"BBCSB>X","carav001","kim-h002","","63/G6","T",1,0,1,2,0,"F"
1,0,0,0,"...X","","","","63/G6D+","T",1,0,0,0,0,"F"
1,1,3,2,"CFBFFBFBFX","","","","S9/L89D","T",0,1,0,0,0,"F"
1,1,3,1,"BSBBX","freef001","","","D9/L9LD+.1-3","T",0,2,3,0,0,"F"
1,1,0,0,"B","","albio001","freef001","PB.3-H(NR);2-3","F",0,0,0,3,4,"F"
1,1,2,0,"B.BX","","","albio001","8/SF/F8D+.3-H(UR)","T",1,0,0,0,5,"F"
1,2,2,2,"CBBCX","","","","43/G4MD","T",1,0,0,0,0,"F"
0,0,0,2,"SFS","","","","K","T",1,0,0,0,0,"F"
0,1,0,0,"X","","","","53/G34+","T",1,0,0,0,0,"F"
0,2,1,2,"BSFS","","","","K","T",1,0,0,0,0,"F"
1,0,0,2,".CF*S","","","","K.BX1(23)","T",1,0,0,0,0,"F"
1,1,0,2,".FFF*S","","","","K","T",1,0,0,0,0,"F"
1,2,2,1,".BSBX","","","","43/G34","T",1,0,0,0,0,"F"
0,0,3,2,"BBFBCX","","","","D8/L78XD","T",0,2,0,0,0,"T"
0,0,3,1,"BBBFB","","grist001","","W","T",0,1,0,2,0,"F"
0,0,0,2,"CFX","tatif002","grist001","","S7/L78.2-3;1-2","T",0,1,2,3,0,"F"
0,0,2,2,"BBFFX","cronj001","tatif002","grist001","7/SF/F7LD.3-H;2-3;1-2","T",1,0,2,3,4,"F"
0,1,3,2,"BSSF*BBB","","cronj001","tatif002","W+WP.3-H(NR)","T",0,1,0,2,4,"F"
0,1,0,1,"CX","myerw001","cronj001","","8/L8XD","T",1,0,1,2,0,"F"
0,2,2,2,"BBSCX","myerw001","cronj001","","D8/L78XD+.2-H;1-H","T",0,2,4,4,0,"F"
0,2,3,0,"VVVV","","kim-h002","","IW","T",0,1,0,2,0,"F"
0,2,0,0,"X","carav001","kim-h002","","9/F","T",1,0,1,2,0,"F"
1,0,1,2,"CFBX","","","","63/G4D","T",1,0,0,0,0,"F"
1,1,3,2,"BBCCBX","","","","9/F9LF/FL","T",1,0,0,0,0,"F"
1,2,3,2,"BFBFFFFFBC","","","","K","T",1,0,0,0,0,"F"
0,0,3,2,"FSBFBFBF*B","","","","W","T",0,1,0,0,0,"F"
0,0,3,2,"BFBCB>S","grist001","","","K+SB2","T",1,0,2,0,0,"F"
0,1,0,0,"X","","grist001","","S8/L78.2-H;B-2","T",0,2,0,4,0,"F"
0,1,1,2,"CSFBX","","cronj001","","53/G56+","T",1,0,0,2,0,"F"
0,2,2,2,"SBBCC","","cronj001","","K","T",1,0,0,2,0,"F"
1,0,3,2,"BSFBFBFB","","","","W","T",0,1,0,0,0,"F"
1,0,3,1,"CB*BBB","albio001","","","W.1-2","T",0,1,2,0,0,"F"
1,0,3,1,"BFBBX","rilea001","albio001","","9/F9D.2-3","T",1,0,1,3,0,"F"
1,1,2,1,"CB*BX","rilea001","","albio001","D7/L7LD+.3-H;1-3","T",0,2,3,0,4,"F"
1,1,0,2,"SFX","","hereg002","rilea001","9/SF/L9D.3-H;2-3","T",1,0,0,3,4,"F"
1,2,3,2,"..BFFFFB*BX","","","hereg002","D7/L7LS.3-H","T",0,2,0,0,4,"F"
1,2,2,2,"*BFBFX","","adrie001","","S7/G6.2-H","T",0,1,0,4,0,"F"
1,2,2,1,"BSBX","pedej001","","","7/F7D","T",1,0,1,0,0,"F"
0,0,2,2,".CSBFFBFFFX","","","","43/G4","T",1,0,0,0,0,"F"
0,1,0,1,"CX","","","","7/L7D","T",1,0,0,0,0,"F"
0,2,0,0,"X","","","","53/G34","T",1,0,0,0,0,"F"
1,0,3,0,"BBBB","","","","W","T",0,1,0,0,0,"F"
1,0,3,2,"..S*SBF1FBFB>X","freef001","","","3/G3.1-2","T",1,0,2,0,0,"F"
1,1,0,1,"FX","","freef001","","63/G56","T",1,0,0,2,0,"F"
1,2,1,0,"BX","","freef001","","8/F8XD","T",1,0,0,2,0,"F"
0,0,3,2,"BBFBTX","","","","4/P4MD","T",1,0,0,0,0,"F"
0,1,1,2,"BFFFS","","","","K","T",1,0,0,0,0,"F"
0,2,2,2,"*SFBBS","","","","K","T",1,0,0,0,0,"F"
1,0,3,2,"BBCBCS","","","","K","T",1,0,0,0,0,"F"
1,1,1,2,"BCSX","","","","S7/G6","T",0,1,0,0,0,"F"
1,1,0,0,"...X","arcio002","","","54(1)3/GDP/G56+","T",2,0,0,0,0,"F"
0,0,1,2,".CFBFX","","","","63/G6","T",1,0,0,0,0,"F"
0,1,3,2,"FBFBBFFC","","","","K","T",1,0,0,0,0,"F"
0,2,2,2,"CBBCX","","","","53/G5","T",1,0,0,0,0,"F"
1,0,3,2,"......CBBCFBFX","","","","3/P3SF/FL","T",1,0,0,0,0,"F"
1,1,3,2,"BFFBFBB","","","","W","T",0,1,0,0,0,"F"
1,1,3,2,"CSBFBB>B","swand001","","","W.1-2","T",0,1,2,0,0,"F"
1,1,1,2,"CBFX","freef001","swand001","","7/F7S","T",1,0,1,2,0,"F"
1,2,2,2,"CFFBBS","freef001","swand001","","K","T",1,0,1,2,0,"F"
0,0,3,2,"..CBBCFBFB","","","","W","T",0,1,0,0,0,"F"
0,0,2,2,"1BSFBX","phamt001","","","53/G15-.1-2","T",1,0,2,0,0,"F"
0,1,2,2,"BFBFFFX","","phamt001","","3/P3SF/FL","T",1,0,0,2,0,"F"
0,2,3,0,".VVVV","","phamt001","","IW","T",0,1,0,2,0,"F"
0,2,3,2,"BCBFB>F>F>S","machm001","phamt001","","K","T",1,0,1,2,0,"F"
1,0,2,2,".CBBFS","","","","K","T",1,0,0,0,0,"F"
1,1,1,1,".BCX","","","","HR/F78XD","T",0,4,0,0,0,"F"
1,1,3,2,".CBBBFFFX","","","","5/P6S","T",1,0,0,0,0,"F"
1,2,1,1,".CBX","","","","53/G56","T",1,0,0,0,0,"F"
0,0,3,2,"...SBFBBX","","","","HR/F89XD","T",0,4,0,0,0,"F"
0,0,1,2,"CCBS","","","","K","T",1,0,0,0,0,"F"
0,1,0,1,"CX","","","","3/G34","T",1,0,0,0,0,"F"
0,2,1,0,"BX","","","","S8/G6M+","T",0,1,0,0,0,"F"
0,2,0,2,"FCB","myerw001","","","WP.1-2","F",0,0,2,0,0,"F"
0,2,3,2,"FCB.*BBFX","","myerw001","","43/G4M","T",1,0,0,2,0,"F"
1,0,2,2,"..BCFBFFC","","","","K","T",1,0,0,0,0,"F"
1,1,3,2,"BCCBFBS","","","","K","T",1,0,0,0,0,"F"
1,2,3,2,"FBFBBB","","","","W","T",0,1,0,0,0,"F"
1,2,0,0,"X","freef001","","","7/F7D","T",1,0,1,0,0,"F"
0,0,2,1,"BFBX","","","","43/G4","T",1,0,0,0,0,"T"
0,1,3,1,"BBFBB","","","","W","T",0,1,0,0,0,"F"
0,1,0,2,"FFS","adamw002","","","K","T",1,0,1,0,0,"F"
0,2,1,2,"CF*BFS","adamw002","","","K","T",1,0,1,0,0,"F"
1,0,0,0,"X","","","","S7/G6","T",0,1,0,0,0,"F"
1,0,1,2,"CBFX","pedej001","","","13/G2-.1-2","T",1,0,2,0,0,"F"
1,1,0,1,"CX","","pedej001","","S7/L7LD.2-H","T",0,1,0,4,0,"F"
1,1,1,1,"B*SX","freef001","","","HR/F7LD.1-H","T",0,4,4,0,0,"F"
1,1,1,2,"CSFBS","","","","K","T",1,0,0,0,0,"F"
1,2,1,1,"SBX","","","","S6/G6","T",0,1,0,0,0,"F"
1,2,2,1,"BBC1>B","swand001","","","SB2","F",0,0,2,0,0,"F"
1,2,3,1,"BBC1>B.X","","swand001","","S9/L9LD.2-H","T",0,1,0,4,0,"F"
1,2,0,1,"SX","vogts001","","","64(1)/FO/G6.B-1","T",1,1,0,0,0,"F"
0,0,2,1,"CBBX","","","","S9/G4","T",0,1,0,0,0,"F"
0,0,0,2,"CSS","tellr001","","","K","T",1,0,1,0,0,"F"
0,1,0,0,"X","tellr001","","","FC6/G6.1-2(E6);B-1","T",0,1,2,0,0,"F"
0,1,3,2,"BBSFBFX","taylt002","tellr001","","7/L78D","T",1,0,1,2,0,"F"
0,2,1,0,"BX","taylt002","tellr001","","64(1)/FO/G6.B-1","T",1,1,0,2,0,"F"
1,0,2,2,"BBCSS","","","","K","T",1,0,0,0,0,"F"
1,1,1,2,"BFFX","","","","S16/L4","T",0,1,0,0,0,"F"
1,1,2,2,"B1CFBX","pedej001","","","S9/L9.1-2","T",0,1,2,0,0,"F"
1,1,0,2,"CF*S","albio001","pedej001","","K","T",1,0,1,2,0,"F"
1,2,2,2,"BSCFBS","albio001","pedej001","","K","T",1,0,1,2,0,"F"
0,0,0,1,"CX","","","","S8/G6M","T",0,1,0,0,0,"F"
0,0,0,1,"FX","wongk001","","","D7/L7LD+.1-3","T",0,2,3,0,0,"F"
0,0,2,1,"BBFX","","adamw002","wongk001","8/SF/L8D.3-H","T",1,0,0,2,4,"F"
0,1,3,1,"BFBBB","","adamw002","","W","T",0,1,0,2,0,"F"
0,1,1,2,"*BFCFFS","escoe001","adamw002","","K","T",1,0,1,2,0,"F"
0,2,3,2,"*BFBFB>X","escoe001","adamw002","","HR/F7D.2-H;1-H","T",0,4,4,4,0,"F"
0,2,0,1,"CX","","","","63/G6","T",1,0,0,0,0,"F"
1,0,1,1,"CBX","","","","43/G4S","T",1,0,0,0,0,"F"
1,1,1,2,"CSFBC","","","","K","T",1,0,0,0,0,"F"
1,2,2,2,"BBCSX","","","","43/G89S","T",1,0,0,0,0,"F"
0,0,1,2,"SSBH","","","","HP","T",0,1,0,0,0,"F"
0,0,2,2,"OB1LBL","bradj001","","","K","T",1,0,1,0,0,"F"
0,1,1,0,"BX","bradj001","","","D9/L9LD+.1-H","T",0,2,4,0,0,"F"
0,1,3,2,"BBSBSFX","","wongk001","","HR/F8XD.2-H","T",0,4,0,4,0,"F"
0,1,0,0,".X","","","","S67/G56","T",0,1,0,0,0,"F"
0,1,3,2,"BCBBFB","narvo001","","","W.1-2","T",0,1,2,0,0,"F"
0,1,1,2,"CF*BC","escoe001","narvo001","","K","T",1,0,1,2,0,"F"
0,2,0,1,"CX","escoe001","narvo001","","S5/G5S.2-3;1-2","T",0,1,2,3,0,"F"
0,2,2,2,"CFB*BFFX","garca003","escoe001","narvo001","S7/G56.3-H;2XH(72);1-2","T",1,1,2,0,4,"F"
1,0,2,1,"BBTX","","","","63/G6","T",1,0,0,0,0,"F"
1,1,2,2,"BCCFBC","","","","K","T",1,0,0,0,0,"F"
1,2,2,1,"BBSX","","","","D9/L89D","T",0,2,0,0,0,"F"
1,2,0,1,"CX","","pedej001","","8/L8","T",1,0,0,2,0,"F"
0,0,2,2,"SFBBX","","","","S8/L8D+","T",0,1,0,0,0,"F"
0,0,0,0,"X","bradj001","","","34/SH/BG2-.1-2","T",1,0,2,0,0,"F"
0,1,1,1,"BFX","","bradj001","","S8/L8.2-3;B-2","T",0,2,0,3,0,"F"
0,1,1,2,"CBCS","","wongk001","bradj001","K","T",1,0,0,2,3,"F"
0,2,3,2,"FSBFFFB*BX","","wongk001","bradj001","3/L3","T",1,0,0,2,3,"F"
1,0,3,1,"BBBFB","","","","W","T",0,1,0,0,0,"F"
1,0,3,2,"BSBCFB>F>B","freef001","","","W.1-2","T",0,1,2,0,0,"F"
1,0,2,2,"BFB*SFX","rilea001","freef001","","S7/G56+.2-H;1-2","T",0,1,2,4,0,"F"
1,0,0,0,".X","duvaa001","rilea001","","9/F89S","T",1,0,1,2,0,"F"
1,1,0,1,"CX","duvaa001","rilea001","","8/F8D/DP.2X3(85)","T",2,0,1,0,0,"F"
0,0,0,0,".X","","","","13/G4MS","T",1,0,0,0,0,"F"
0,1,3,2,"CBBCBX","","","","43/G4+","T",1,0,0,0,0,"F"
0,2,2,2,"BFFBFFX","","","","9/L9D+","T",1,0,0,0,0,"F"
1,0,1,2,"CCFBX","","","","8/L8D+","T",1,0,0,0,0,"F"
1,1,1,0,".BX","","","","6/P6MD","T",1,0,0,0,0,"F"
1,2,0,2,"CCFFS","","","","K","T",1,0,0,0,0,"F"
0,0,0,0,".X","","","","9/F9LF/FL","T",1,0,0,0,0,"F"
0,1,1,2,"CBCFS","","","","K","T",1,0,0,0,0,"F"
0,2,2,2,".CBSBX","","","","63/G6","T",1,0,0,0,0,"F"
1,0,0,2,".SSX","","","","S7/L7S","T",0,1,0,0,0,"F"
1,0,2,2,"*BSSBH","albio001","","","HP.1-2","T",0,1,2,0,0,"F"
1,0,0,1,"CX","freef001","albio001","","54(1)3/GDP/G5.2-3","T",2,0,0,3,0,"F"
1,2,1,1,"BCX","","","albio001","53/G5","T",1,0,0,0,3,"F"
0,0,2,1,"FBBX","","","","9/L89D+","T",1,0,0,0,0,"F"
0,1,0,1,"CX","","","","3/P3DF/FL","T",1,0,0,0,0,"F"
0,2,0,2,"FFX","","","","8/F8S","T",1,0,0,0,0,"F"
1,0,3,2,".BCBBCB","","","","W","T",0,1,0,0,0,"F"
1,0,1,2,"CBSFFS","swand001","","","K","T",1,0,1,0,0,"F"
1,1,1,2,"TFBFX","swand001","","","7/F78XD","T",1,0,1,0,0,"F"
1,2,3,2,".CS*BBB>S","swand001","","","K","T",1,0,1,0,0,"F"
0,0,2,0,".BBX","","","","HR/F8XD","T",0,4,0,0,0,"F"
0,0,1,1,"BCX","","","","53/G34D","T",1,0,0,0,0,"F"
0,1,0,1,"SX","","","","S6/G6M","T",0,1,0,0,0,"F"
0,1,3,2,"CFBBBB","garca003","","","W.1-2","T",0,1,2,0,0,"F"
0,1,1,2,"FBFX","taylt002","garca003","","3/G3.2-3;1-2","T",1,0,2,3,0,"F"
0,2,0,0,".X","","taylt002","garca003","2/P2F/FL","T",1,0,0,2,3,"F"
1,0,3,2,".BCSFBBC","","","","K","T",1,0,0,0,0,"F"
1,1,2,2,"FBBCS","","","","K","T",1,0,0,0,0,"F"
1,2,0,2,"LLS","","","","K","T",1,0,0,0,0,"F"
0,0,0,0,"X","","","","9/F89XD","T",1,0,0,0,0,"T"
0,1,2,1,"CBBX","","","","9/F9S","T",1,0,0,0,0,"F"
0,2,1,2,"BSFS","","","","K","T",1,0,0,0,0,"F"
1,0,1,2,"BFSFFS","","","","K","T",1,0,0,0,0,"F"
1,1,3,2,"SSBBBS","","","","K","T",1,0,0,0,0,"F"
1,2,1,1,"FBX","","","","S9/L9D+","T",0,1,0,0,0,"F"
1,2,2,2,"BFSFBFFX","freef001","","","53/G5","T",1,0,1,0,0,"F"
0,0,0,0,"X","","","","S8/L8","T",0,1,0,0,0,"F"
0,0,3,2,"B*BFCBX","garca003","","","3/P3","T",1,0,1,0,0,"F"
0,1,3,2,"BBFSF*BX","garca003","","","S7/G56+.1-2","T",0,1,2,0,0,"F"
0,1,0,0,"H","cainl001","garca003","","HP.2-3;1-2","T",0,1,2,3,0,"F"
0,1,1,2,"CSBFX","urial001","cainl001","garca003","54(1)/FO/G5.3-H;2-3;B-1","T",1,1,0,3,4,"F"
0,2,0,1,"CX","pinam001","","cainl001","23/G2-","T",1,0,1,0,3,"F"
1,0,0,2,"CFX","","","","63/G6","T",1,0,0,0,0,"F"
1,1,3,2,"BFFBBFX","","","","S6/P78S","T",0,1,0,0,0,"F"
1,1,0,2,"SFFX","solej001","","","9/F9L","T",1,0,1,0,0,"F"
1,2,0,1,"FX","solej001","","","S9/L89+.1-2","T",0,1,2,0,0,"F"
1,2,0,2,"SSS","vogts001","solej001","","K","T",1,0,1,2,0,"F"
0,0,1,2,"BCSFC","","","","K","T",1,0,0,0,0,"F"
0,1,1,2,"CCBS","","","","K","T",1,0,0,0,0,"F"
0,2,2,2,"FSBBFC","","","","K","T",1,0,0,0,0,"F"
1,0,2,0,"BBX","","","","9/L9","T",1,0,0,0,0,"F"
1,1,0,2,"FFX","","","","63/G6M","T",1,0,0,0,0,"F"
1,2,1,2,"FFBX","","","","13/G13","T",1,0,0,0,0,"F"
0,0,3,2,"BBSBFB","","","","W","T",0,1,0,0,0,"F"
0,0,2,2,"SB>FB11X","garca003","","","64(1)3/GDP/G6","T",2,0,0,0,0,"F"
0,2,2,2,"CBBSX","","","","S9/L89D","T",0,1,0,0,0,"F"
0,2,2,1,"BBC>*B","cainl001","","","SB2","F",0,0,2,0,0,"F"
0,2,3,1,"BBC>*B.B","","cainl001","","W","T",0,1,0,2,0,"F"
0,2,1,2,"C*BCC","urial001","cainl001","","K","T",1,0,1,2,0,"F"
1,0,3,0,"BBBB","","","","W","T",0,1,0,0,0,"F"
1,0,0,2,"CCS","rilea001","","","K","T",1,0,1,0,0,"F"
1,1,2,2,"C*BFBX","rilea001","","","S8/G6+.1-3","T",0,1,3,0,0,"F"
1,1,0,0,"X","solej001","","rilea001","S7/L7+.3-H;1-2","T",0,1,2,0,4,"F"
1,1,1,2,"BFFFX","swand001","solej001","","8/L8D","T",1,0,1,2,0,"F"
1,2,0,2,"SSS","swand001","solej001","","K","T",1,0,1,2,0,"F"
0,0,1,2,"BCCS","","","","K","T",1,0,0,0,0,"F"
0,1,0,2,"FFX","","","","S35/G34","T",0,1,0,0,0,"F"
0,1,2,2,"1SF*B*B1C","wongk001","","","K","T",1,0,1,0,0,"F"
0,2,2,1,"1*BBCX","wongk001","","","2/P2F/FL","T",1,0,1,0,0,"F"
1,0,1,2,"BCFH","","","","HP","T",0,1,0,0,0,"F"
1,0,0,0,"X","pedej001","","","D9/F89XD+.1XH(942);B-3","T",1,3,0,0,0,"F"
1,1,0,1,"CX","","","albio001","23/G2-","T",1,0,0,0,3,"F"
1,2,2,0,"B*BX","","","albio001","7/F78D","T",1,0,0,0,3,"F"
0,0,0,0,".X","","","","9/L9","T",1,0,0,0,0,"F"
0,1,3,1,"CBBBB","","","","W","T",0,1,0,0,0,"F"
0,1,0,1,"C1X","taylt002","","","3E1/G34.1-2;B-1","T",0,1,2,0,0,"F"
0,1,1,1,"BSX","cainl001","taylt002","","9/L9D+","T",1,0,1,2,0,"F"
0,2,3,0,"BBBX","cainl001","taylt002","","53/G5","T",1,0,1,2,0,"F"
1,0,0,2,"FFX","","","","S8/L8","T",0,1,0,0,0,"F"
1,0,2,2,"B*BSFFFFFS","duvaa001","","","K","T",1,0,1,0,0,"F"
1,1,3,2,"*BBCFB>X","duvaa001","","","HR/F78XD.1-H","T",0,4,4,0,0,"F"
1,1,0,1,".CX","","","","63/G4M","T",1,0,0,0,0,"F"
1,2,0,2,".CCS","","","","K","T",1,0,0,0,0,"F"
0,0,1,2,"..BSSS","","","","K","T",1,0,0,0,0,"F"
0,1,3,2,"BFBFBB","","","","W","T",0,1,0,0,0,"F"
0,1,1,0,"B>C","wongk001","","","SB2","F",0,0,2,0,0,"F"
0,1,2,2,"B>C.FBX","","wongk001","","8/F89","T",1,0,0,2,0,"F"
0,2,2,1,"BBSX","","wongk001","","43/G4MD+","T",1,0,0,2,0,"F"
1,0,1,2,".CBFFS","","","","K","T",1,0,0,0,0,"F"
1,1,0,2,"FSX","","","","S5/G4","T",0,1,0,0,0,"F"
1,1,0,0,"X","albio001","","","S7/L78.1-2","T",0,1,2,0,0,"F"
1,1,3,2,"BF*BCBB","freef001","albio001","","W.2-3;1-2","T",0,1,2,3,0,"F"
1,1,0,1,"FX","rilea001","freef001","albio001","9/F89","T",1,0,1,2,3,"F"
1,2,1,2,"CFBX","rilea001","freef001","albio001","S6/G6+.3-H;2-3;1-2","T",0,1,2,3,4,"F"
1,2,2,2,"FCBBX","solej001","rilea001","freef001","HR/F7LD.3-H;2-H;1-H","T",0,4,4,4,4,"F"
1,2,0,0,"..X","","","","9/L89","T",1,0,0,0,0,"F"
0,0,1,1,"...BSX","","","","S7/G6","T",0,1,0,0,0,"F"
0,0,2,2,"FFBBX","garca003","","","9/F9D","T",1,0,1,0,0,"F"
0,1,0,0,"X","garca003","","","S8/L8.1-2","T",0,1,2,0,0,"F"
0,1,0,0,"X","cainl001","garca003","","64(1)3/GDP/G6","T",2,0,0,2,0,"F"
1,0,3,2,"BBFCBFS","","","","K","T",1,0,0,0,0,"F"
1,1,0,2,"SFX","","","","D7/G5","T",0,2,0,0,0,"F"
1,1,0,1,"SX","","pedej001","","6/L6MD+","T",1,0,0,2,0,"F"
1,2,2,0,"BBX","","pedej001","","E3/G34.2-3;B-1","T",0,1,0,3,0,"F"
1,2,3,1,"*BB*BCX","freef001","","pedej001","8/F8D","T",1,0,1,0,3,"F"
0,0,1,0,".BX","","","","8/L89XD+","T",1,0,0,0,0,"F"
0,1,2,0,"BBX","","","","E5/G89S.B-1","T",0,1,0,0,0,"F"
0,1,1,0,"BX","tellr001","","","S9/G34+.1-2","T",0,1,2,0,0,"F"
0,1,1,2,"FBFX","wongk001","tellr001","","7/F78XD","T",1,0,1,2,0,"F"
0,2,0,0,".X","wongk001","tellr001","","31/G3","T",1,0,1,2,0,"F"
0,0,1,1,"CBX","","","","7/F78XD","T",1,0,0,0,0,"T"
0,1,1,2,"SFBX","","","","9/L89D","T",1,0,0,0,0,"F"
0,2,0,0,"X","","","","HR/F89XD","T",0,4,0,0,0,"F"
0,2,3,2,"SBCBBX","","","","3/G3","T",1,0,0,0,0,"F"
1,0,0,0,"X","","","","53/G56","T",1,0,0,0,0,"F"
1,1,1,2,"CCBX","","","","7/L7","T",1,0,0,0,0,"F"
1,2,1,1,"SBX","","","","4/L34D+","T",1,0,0,0,0,"F"
0,0,1,2,"FBCFX","","","","3/G3","T",1,0,0,0,0,"F"
0,1,1,2,"SCBFS","","","","K","T",1,0,0,0,0,"F"
0,2,2,1,"BCBX","","","","43/G4","T",1,0,0,0,0,"F"
1,0,2,2,"FBFBC","","","","K","T",1,0,0,0,0,"F"
1,1,0,0,"X","","","","63/G56S","T",1,0,0,0,0,"F"
1,2,1,1,"CBX","","","","53/G5","T",1,0,0,0,0,"F"
0,0,0,0,"X","","","","7/F7LD","T",1,0,0,0,0,"F"
0,1,0,1,"CX","","","","8/F78D","T",1,0,0,0,0,"F"
0,2,1,1,"CBX","","","","53/G5","T",1,0,0,0,0,"F"
1,0,0,1,"CX","","","","D7/L7LS","T",0,2,0,0,0,"F"
1,0,3,1,"B*BS*BX","","hereg002","","13/G2-.2-3","T",1,0,0,3,0,"F"
1,1,0,2,"FS*S","","","hereg002","K","T",1,0,0,0,3,"F"
1,2,0,1,"SX","","","hereg002","63/G56+","T",1,0,0,0,3,"F"
0,0,2,1,"BBTX","","","","8/L8","T",1,0,0,0,0,"F"
0,1,3,2,"CSFBFBBFFFS","","","","K","T",1,0,0,0,0,"F"
0,2,2,1,"BSBX","","","","7/F7D","T",1,0,0,0,0,"F"
1,0,1,1,"SBX","","","","63/G6","T",1,0,0,0,0,"F"
1,1,1,1,"BCX","","","","S7/L7","T",0,1,0,0,0,"F"
1,1,2,2,"B*BFTS","freef001","","","K","T",1,0,1,0,0,"F"
1,2,1,1,"CBX","freef001","","","4(1)/FO/G4MS.B-1","T",1,1,0,0,0,"F"
0,0,0,1,"FX","","","","53/G34D","T",1,0,0,0,0,"F"
0,1,3,2,"CBFBBX","","","","S5/G6S","T",0,1,0,0,0,"F"
0,1,0,1,"CX","cainl001","","","S67/P78S.1-3","T",0,1,3,0,0,"F"
0,1,2,1,"BBCX","urial001","","cainl001","43/G34.3-H;1-2","T",1,0,2,0,4,"F"
0,2,1,2,"BCCC","","urial001","","K","T",1,0,0,2,0,"F"
1,0,1,2,"BFCX","","","","6/L56D+","T",1,0,0,0,0,"F"
1,1,2,2,"BFFBX","","","","7/F7LD","T",1,0,0,0,0,"F"
1,2,1,0,"BX","","","","43/G4M","T",1,0,0,0,0,"F"
0,0,0,2,"CSC","","","","K","T",1,0,0,0,0,"F"
0,1,2,2,"BFCFBFFFS","","","","K","T",1,0,0,0,0,"F"
0,2,1,2,"BCCS","","","","K","T",1,0,0,0,0,"F"
1,0,2,0,".BBX","","","","8/F8XD","T",1,0,0,0,0,"F"
1,1,3,0,"BBBX","","","","S9/G4+","T",0,1,0,0,0,"F"
1,1,3,1,"BBFB*B","albio001","","","W.1-2","T",0,1,2,0,0,"F"
1,1,2,2,"C*BBTX","solej001","albio001","","8/L78D+","T",1,0,1,2,0,"F"
1,2,1,1,".BCX","solej001","albio001","","S8/G6M.2-H;1-2","T",0,1,2,4,0,"F"
1,2,0,0,"X","rilea001","solej001","","9/L9D","T",1,0,1,2,0,"F"
0,0,1,2,".CBFFX","","","","53/G34D","T",1,0,0,0,0,"F"
0,1,2,2,"CBFB*S","","","","K","T",1,0,0,0,0,"F"
0,2,0,0,"X","","","","9/L9LD","T",1,0,0,0,0,"F"
1,0,2,1,".BBFX","","","","8/F78D","T",1,0,0,0,0,"F"
1,1,1,2,"BFFC","","","","K","T",1,0,0,0,0,"F"
1,2,1,1,"BCX","","","","S9/L9","T",0,1,0,0,0,"F"
1,2,0,0,".H","smitk002","","","HP.1-2","T",0,1,2,0,0,"F"
1,2,3,2,"BCSBFB>X","pedej001","smitk002","","3/G3","T",1,0,1,2,0,"F"
0,0,3,2,".FBFFBBX","","","","5/P5F/FL","T",1,0,0,0,0,"F"
0,1,2,2,"BBSC*S","","","","K","T",1,0,0,0,0,"F"
0,2,0,2,".SFX","","","","63/G6","T",1,0,0,0,0,"F"
1,0,3,2,".BBBCSX","","","","S7/L78D","T",0,1,0,0,0,"F"
1,0,0,2,"STFFT","solej001","","","K","T",1,0,1,0,0,"F"
1,1,2,1,"BBCX","solej001","","","S7/G56+.1-2","T",0,1,2,0,0,"F"
1,1,1,2,"BSFS","rilea001","solej001","","K","T",1,0,1,2,0,"F"
1,2,0,2,"SSS","rilea001","solej001","","K","T",1,0,1,2,0,"F"
0,0,0,1,".FX","","","","9/L9D+","T",1,0,0,0,0,"F"
0,1,0,1,"CX","","","","43/G4","T",1,0,0,0,0,"F"
0,2,1,2,"CBSFX","","","","8/L8","T",1,0,0,0,0,"F"
1,0,0,1,".CX","","","","8/F8XD","T",1,0,0,0,0,"F"
1,1,0,2,"CST","","","","K","T",1,0,0,0,0,"F"
1,2,3,2,".BBCSBC","","","","K","T",1,0,0,0,0,"F"
0,0,1,2,"FCFFBC","","","","K","T",1,0,0,0,0,"T"
0,1,0,0,"X","","","","4/L4D","T",1,0,0,0,0,"F"
0,2,2,2,"BSSBS","","","","K","T",1,0,0,0,0,"F"
1,0,1,1,"BFX","","","","13/BG1S","T",1,0,0,0,0,"F"
1,1,1,1,"CBX","","","","S7/L7D+","T",0,1,0,0,0,"F"
1,1,0,1,"FX","solej001","","","S6/G5.1-2","T",0,1,2,0,0,"F"
1,1,3,2,"CBBBFX","freef001","solej001","","S7/L7.2-3;1-2","T",0,1,2,3,0,"F"
1,1,2,2,"CFBBC","rilea001","freef001","solej001","K","T",1,0,1,2,3,"F"
1,2,3,0,"BBBX","rilea001","freef001","solej001","S9/L9.3-H;2-H;1-2","T",0,1,2,4,4,"F"
1,2,3,2,"CBFBB>F>S","duvaa001","rilea001","","K","T",1,0,1,2,0,"F"
0,0,2,2,"BCBCX","","","","63/G56D+","T",1,0,0,0,0,"F"
0,1,1,0,"BX","","","","3/P3SF/FL","T",1,0,0,0,0,"F"
0,2,0,2,"CFX","","","","63/G6M","T",1,0,0,0,0,"F"
1,0,0,1,"CX","","","","23/BG2","T",1,0,0,0,0,"F"
1,1,2,1,"SBBX","","","","43/G4","T",1,0,0,0,0,"F"
1,2,3,2,"CBBBFX","","","","43/G34D","T",1,0,0,0,0,"F"
0,0,3,2,"BBCBCB","","","","W","T",0,1,0,0,0,"F"
0,0,1,2,"BCSFFB","barrt004","","","WP.1-2","F",0,0,2,0,0,"F"
0,0,2,2,"BCSFFB.FX","","barrt004","","9/L9.2-3","T",1,0,0,3,0,"F"
0,1,0,0,"X","","","barrt004","53/G56S","T",1,0,0,0,3,"F"
0,2,0,0,"B","","","barrt004","WP.3-H(NR)","F",0,0,0,0,4,"F"
0,2,2,2,"B.LFFFBX","","","","7/F7","T",1,0,0,0,0,"F"
1,0,3,2,"BBSCBX","","","","43/G6+","T",1,0,0,0,0,"F"
1,1,3,2,"BBBCSX","","","","31/G34S","T",1,0,0,0,0,"F"
1,2,1,1,"CBX","","","","63/G6","T",1,0,0,0,0,"F"
0,0,2,2,"BFBCX","","","","D9/G3+","T",0,2,0,0,0,"F"
0,0,3,2,"*BSC*BBX","","escoa003","","7/F7L","T",1,0,0,2,0,"F"
0,1,3,2,"CBF*BBF*B","","escoa003","","W","T",0,1,0,2,0,"F"
0,1,1,2,"BCSX","bellj005","escoa003","","S7/L7LS.2-H;1-2","T",0,1,2,4,0,"F"
0,1,1,2,"CB*SX","kiebc001","bellj005","","46(1)3/GDP/G4+","T",2,0,0,2,0,"F"
1,0,0,1,"CX","","","","8/L8XD+","T",1,0,0,0,0,"F"
1,1,3,2,"BFSBBFB","","","","W","T",0,1,0,0,0,"F"
1,1,2,2,"CFBBFFS","duvaa001","","","K","T",1,0,1,0,0,"F"
1,2,0,0,"X","duvaa001","","","63/G6D","T",1,0,1,0,0,"F"
0,0,1,2,"BSFFS","","","","K","T",1,0,0,0,0,"F"
0,1,0,1,"FH","","","","HP","T",0,1,0,0,0,"F"
0,1,0,0,"B","parrg001","","","WP.1-2","F",0,0,2,0,0,"F"
0,1,1,0,"B.>B","","parrg001","","SB3","F",0,0,0,3,0,"F"
0,1,2,0,"B.>B.X","","","parrg001","7/SF/F78D.3-H","T",1,0,0,0,4,"F"
0,2,2,2,".BSSFBS","","","","K","T",1,0,0,0,0,"F"
1,0,2,2,".FCBBX","","","","43/G34D+","T",1,0,0,0,0,"F"
1,1,2,1,"BCBX","","","","9/L9","T",1,0,0,0,0,"F"
1,2,0,0,"X","","","","C/E2.B-1","T",0,1,0,0,0,"F"
1,2,0,0,"X","solej001","","","S7/G56.1-2","T",0,1,2,0,0,"F"
1,2,0,0,"X","freef001","solej001","","S8/L89.2-H(UR);1-3","T",0,1,3,5,0,"F"
1,2,0,2,"CF>X","rilea001","","freef001","S5/G56S.3-H;1-2","T",0,1,2,0,4,"F"
1,2,1,2,"CBFX","swand001","rilea001","","D7/G5.2-H;1-3","T",0,2,3,4,0,"F"
1,2,3,1,".CBB*BB","","duvaa001","swand001","W","T",0,1,0,2,3,"F"
1,2,2,2,"CBFBX","pedej001","duvaa001","swand001","43/G34","T",1,0,1,2,3,"F"
0,0,1,2,".CBSFX","","","","43/G6M","T",1,0,0,0,0,"F"
0,1,0,1,"SX","","","","S7/G6+","T",0,1,0,0,0,"F"
0,1,1,2,"B1SFS","herny002","","","K","T",1,0,1,0,0,"F"
0,2,2,2,"CSFB*BFC","herny002","","","K","T",1,0,1,0,0,"F"
1,0,1,0,"..BX","","","","DGR/L7D+","T",0,2,0,0,0,"F"
1,0,1,2,"BFSS","","friem001","","K","T",1,0,0,2,0,"F"
1,1,2,2,"BBSSFFX","","friem001","","53/G5","T",1,0,0,2,0,"F"
1,2,3,0,"VVVV","","friem001","","IW","T",0,1,0,2,0,"F"
1,2,0,1,"CX","freef001","friem001","","9/F9LSF/FL","T",1,0,1,2,0,"F"
0,0,3,2,".CFBBBS","","","","K","T",1,0,0,0,0,"F"
0,1,0,2,"CSFS","","","","K","T",1,0,0,0,0,"F"
0,2,3,2,"BFBFBS","","","","K","T",1,0,0,0,0,"F"
1,0,1,2,".CFBFX","","","","9/F9S","T",1,0,0,0,0,"F"
1,1,2,2,"BCSBX","","","","7/F7LD","T",1,0,0,0,0,"F"
1,2,1,1,"BCX","","","","7/F78D","T",1,0,0,0,0,"F"
0,0,0,2,"..FFX","","","","43/G4M","T",1,0,0,0,0,"F"
0,1,2,2,"BCFBX","","","","63/G56","T",1,0,0,0,0,"F"
0,2,1,2,"FSBS","","","","K","T",1,0,0,0,0,"F"
1,0,3,2,".BBFCBB","","","","W","T",0,1,0,0,0,"F"
1,0,2,1,".C*BBX","vogts001","","","S9/G3+.1-3","T",0,1,3,0,0,"F"
1,0,3,1,"BBBFB","adrie001","","vogts001","W.1-2","T",0,1,2,0,3,"F"
1,0,3,2,"BC*BFFFB*S","albio001","adrie001","vogts001","K","T",1,0,1,2,3,"F"
1,1,0,1,"FX","albio001","adrie001","vogts001","S9/G34.3-H;2-H;1-3","T",0,1,3,4,4,"F"
1,1,3,2,"BC*BBF>X","freef001","","albio001","4/SF/P34D.3-H","T",1,0,1,0,4,"F"
1,2,1,0,"BX","freef001","","","8/L8D","T",1,0,1,0,0,"F"
0,0,0,1,"...FX","","","","S9/L89","T",0,1,0,0,0,"F"
0,0,3,1,"BBFBB","herny002","","","W.1-2","T",0,1,2,0,0,"F"
0,0,2,0,"BBX","bellj005","herny002","","6(1)3/GDP/G6M.2-3","T",2,0,0,3,0,"F"
0,2,0,0,"X","","","herny002","D9/L9LD+.3-H","T",0,2,0,0,4,"F"
0,2,0,2,"CCS","","garcl006","","K","T",1,0,0,2,0,"F"
0,0,2,0,"BBX","","","","4/P4D","T",1,0,0,0,0,"T"
0,1,0,2,"CFFX","","","","3/P3","T",1,0,0,0,0,"F"
0,2,2,1,"CBBX","","","","53/G34D","T",1,0,0,0,0,"F"
1,0,0,1,"CX","","","","7/F7D","T",1,0,0,0,0,"F"
1,1,1,1,"CBX","","","","HR/L78XD","T",0,4,0,0,0,"F"
1,1,3,0,"BBBX","","","","8/F8D","T",1,0,0,0,0,"F"
1,2,2,2,"FCBBS","","","","K","T",1,0,0,0,0,"F"
0,0,2,0,"..BBX","","","","D7/G5","T",0,2,0,0,0,"F"
0,0,0,2,"CSS","","bellj005","","K","T",1,0,0,2,0,"F"
0,1,0,1,"CX","","bellj005","","43/G4M+.2-3","T",1,0,0,3,0,"F"
0,2,1,0,"BX","","","bellj005","43/G4","T",1,0,0,0,3,"F"
1,0,2,2,"CBCB*S","","","","K","T",1,0,0,0,0,"F"
1,1,0,2,"CFS","","","","K","T",1,0,0,0,0,"F"
1,2,3,2,"BBFSFBS","","","","K","T",1,0,0,0,0,"F"
0,0,1,1,"CBX","","","","43/G4","T",1,0,0,0,0,"F"
0,1,2,2,"BBCTS","","","","K","T",1,0,0,0,0,"F"
0,2,0,0,"X","","","","5/P5SF/FL","T",1,0,0,0,0,"F"
1,0,1,2,"CSBFS","","","","K+WP.B-1","T",0,1,0,0,0,"F"
1,0,2,0,"B*BX","vogts001","","","34/SH/BG2-.1-2","T",1,0,2,0,0,"F"
1,1,1,0,"BX","","vogts001","","S8/L89.2-H(E8)(NR)(UR);B-2","T",0,2,0,5,0,"F"
1,1,3,1,"SBBB*B","","albio001","","W","T",0,1,0,2,0,"F"
1,1,3,2,"BBCBSFS","solej001","albio001","","K","T",1,0,1,2,0,"F"
1,2,0,2,"CSS","solej001","albio001","","K","T",1,0,1,2,0,"F"
0,0,1,2,"CBSFFX","","","","S7/L78D","T",0,1,0,0,0,"F"
0,0,0,0,"X","escoa003","","","46(1)3/GDP/G34","T",2,0,0,0,0,"F"
0,2,1,1,"CBX","","","","7/F78S","T",1,0,0,0,0,"F"
1,0,0,1,"FX","","","","D7/L7L","T",0,2,0,0,0,"F"
1,0,1,2,"*S2BSS","","swand001","","K","T",1,0,0,2,0,"F"
1,1,1,2,"BFF2X","","swand001","","8/F8XD.2-3","T",1,0,0,3,0,"F"
1,2,3,0,"VVVV","","","swand001","IW","T",0,1,0,0,3,"F"
1,2,0,0,"X","vogts001","","swand001","9/F9LSF/FL","T",1,0,1,0,3,"F"
0,0,0,0,"X","","","","3/G3","T",1,0,0,0,0,"F"
0,1,3,2,"BBCBFC","","","","K","T",1,0,0,0,0,"F"
0,2,3,2,"BBFCBS","","","","K","T",1,0,0,0,0,"F"
1,0,1,2,"SCBS","","","","K","T",1,0,0,0,0,"F"
1,1,0,0,"X","","","","S9/G3","T",0,1,0,0,0,"F"
1,1,3,2,"*BBBCF*S","solej001","","","K","T",1,0,1,0,0,"F"
1,2,3,2,"SBSB*B>X","solej001","","","8/F8","T",1,0,1,0,0,"F"
0,0,3,2,"CBBFFBFFFB","","","","W","T",0,1,0,0,0,"F"
0,0,3,2,".CBBBFB","adamr004","","","W.1-2","T",0,1,2,0,0,"F"
0,0,0,2,"CCS","sotoj001","adamr004","","K","T",1,0,1,2,0,"F"
0,1,3,1,"BBBCX","sotoj001","adamr004","","S7/L78.2-3;1-2","T",0,1,2,3,0,"F"
0,1,0,2,"FSS","escoa003","sotoj001","adamr004","K","T",1,0,1,2,3,"F"
0,2,2,2,"FS*BBS","escoa003","sotoj001","adamr004","K","T",1,0,1,2,3,"F"
1,0,3,2,".BBCBFS","","","","K","T",1,0,0,0,0,"F"
1,1,0,2,"CSS","","","","K","T",1,0,0,0,0,"F"
1,2,1,0,"BX","","","","S7/L7+","T",0,1,0,0,0,"F"
1,2,0,1,"CX","pedej001","","","13/G13","T",1,0,1,0,0,"F"
0,0,0,2,".LSC","","","","K","T",1,0,0,0,0,"F"
0,1,0,2,"CSX","","","","53/G5","T",1,0,0,0,0,"F"
0,2,1,2,"SFBS","","","","K","T",1,0,0,0,0,"F"
1,0,2,2,"..BCSBX","","","","43/G34D","T",1,0,0,0,0,"F"
1,1,3,2,"CSFBBBFFC","","","","K","T",1,0,0,0,0,"F"
1,2,3,2,"BBBCCB","","","","W","T",0,1,0,0,0,"F"
1,2,1,0,"BX","solej001","","","6(1)/FO/G4M.B-1","T",1,1,0,0,0,"F"
0,0,2,2,".FSBFBFS","","","","K","T",1,0,0,0,0,"F"
0,1,0,0,".X","","","","D7/L7LS","T",0,2,0,0,0,"F"
0,1,1,2,"*SBFX","","roblv001","","63/G6M.2-3","T",1,0,0,3,0,"F"
0,2,3,2,"C*BS*B*BB","","","roblv001","W","T",0,1,0,0,3,"F"
0,2,0,0,"X","escoa003","","roblv001","7/F7D+","T",1,0,1,0,3,"F"
1,0,0,2,"..CCS","","","","K","T",1,0,0,0,0,"F"
1,1,1,0,"BX","","","","9/F89D","T",1,0,0,0,0,"F"
1,2,1,2,"CBCFS","","","","K","T",1,0,0,0,0,"F"
0,0,3,2,".FCBBBB","","","","W","T",0,1,0,0,0,"F"
0,0,0,0,".X","bellj005","","","D7/G5.1-3","T",0,2,3,0,0,"F"
0,0,0,0,"X","","zimmr001","bellj005","7/F7","T",1,0,0,2,3,"F"
0,1,1,2,"*BCSX","","zimmr001","bellj005","31/G3.3-H;2-3","T",1,0,0,3,4,"F"
0,2,0,0,"X","","","zimmr001","HR/F7D.3-H","T",0,4,0,0,4,"F"
0,2,0,0,"X","","","","S6/G5+","T",0,1,0,0,0,"F"
0,2,1,1,".B1CX","roblv001","","","5/P5SF/FL","T",1,0,1,0,0,"F"
1,0,3,2,"..BBCBFX","","","","7/F7LF/FL","T",1,0,0,0,0,"F"
1,1,0,2,"FSX","","","","7/F7D","T",1,0,0,0,0,"F"
1,2,1,1,".FBX","","","","31/G34S-","T",1,0,0,0,0,"F"
0,0,0,2,"CSFFT","","","","K","T",1,0,0,0,0,"T"
0,1,0,1,"SX","","","","63/G6S","T",1,0,0,0,0,"F"
0,2,3,2,"BCBFBX","","","","D9/L9LD","T",0,2,0,0,0,"F"
0,2,3,2,"BBCCBS","","zimmr001","","K","T",1,0,0,2,0,"F"
1,0,0,2,"CFS","","","","K","T",1,0,0,0,0,"F"
1,1,3,1,"CBBBX","","","","7/F7","T",1,0,0,0,0,"F"
1,2,0,0,"X","","","","7/L78","T",1,0,0,0,0,"F"
0,0,1,2,"FSBX","","","","S7/G5","T",0,1,0,0,0,"F"
0,0,0,0,"X","herny002","","","54(1)3/GDP/G56","T",2,0,0,0,0,"F"
0,2,3,1,"BBBCX","","","","5/P2F/FL","T",1,0,0,0,0,"F"
1,0,0,0,"X","","","","4/L6MD","T",1,0,0,0,0,"F"
1,1,1,2,"CBCF*S","","","","K.BX1(23)","T",1,0,0,0,0,"F"
1,2,0,0,"X","","","","7/F7D","T",1,0,0,0,0,"F"
0,0,2,2,"CFBBX","","","","S9/G34","T",0,1,0,0,0,"F"
0,0,3,2,"C*BMBBB","garcl006","","","W.1-2","T",0,1,2,0,0,"F"
0,0,1,0,"BX","corbp001","garcl006","","314(1)/FO/BG13.2-3;B-1","T",1,1,0,3,0,"F"
0,1,1,2,"*BTF1X","roblv001","","garcl006","S8/L8.3-H;1-2","T",0,1,2,0,4,"F"
0,1,1,2,"CSBS","escoa003","roblv001","","K","T",1,0,1,2,0,"F"
0,2,0,0,"X","escoa003","roblv001","","64(1)/FO/G6D.B-1","T",1,1,0,2,0,"F"
1,0,1,0,"BX","","","","8/L8XD","T",1,0,0,0,0,"F"
1,1,0,1,"CX","","","","5/L5+","T",1,0,0,0,0,"F"
1,2,1,2,"BCFX","","","","S8/G4","T",0,1,0,0,0,"F"
1,2,0,1,"*SX","friem001","","","HR/F8XD.1-H","T",0,4,4,0,0,"F"
1,2,0,0,"X","","","","53/G5+","T",1,0,0,0,0,"F"
0,0,0,0,"X","","","","13/BG25-","T",1,0,0,0,0,"F"
0,1,3,2,"CBBCFBS","","","","K","T",1,0,0,0,0,"F"
0,2,2,2,"FCBBFX","","","","S8/L8","T",0,1,0,0,0,"F"
0,2,0,2,"FCX","barrt004","","","46(1)/FO/G4.B-1","T",1,1,0,0,0,"F"
1,0,2,2,"SBBFS","","","","K","T",1,0,0,0,0,"F"
1,1,1,0,"BX","","","","53/G5","T",1,0,0,0,0,"F"
1,2,0,0,"X","","","","S9/G4","T",0,1,0,0,0,"F"
1,2,2,2,"CFB*BS","duvaa001","","","K","T",1,0,1,0,0,"F"
0,0,0,1,"FX","","","","7/F78","T",1,0,0,0,0,"F"
0,1,3,1,"BBFBX","","","","7/F78D","T",1,0,0,0,0,"F"
0,2,3,2,"BFBFFFFFBX","","","","9/F9","T",1,0,0,0,0,"F"
1,0,0,0,"X","","","","8/F8XD+","T",1,0,0,0,0,"F"
1,1,1,2,"CSBS","","","","K","T",1,0,0,0,0,"F"
1,2,0,0,"X","","","","13/G1","T",1,0,0,0,0,"F"
0,0,1,2,"CBFFX","","","","53/G56","T",1,0,0,0,0,"F"
0,1,0,1,"CX","","","","S9/G4","T",0,1,0,0,0,"F"
0,1,3,2,"BSBBSX","bellj005","","","S9/L9.1-3","T",0,1,3,0,0,"F"
0,1,2,2,"CBBSS","herny002","","bellj005","K","T",1,0,1,0,3,"F"
0,2,0,1,"1FX","herny002","","bellj005","4(1)/FO/G4M.B-1","T",1,1,0,0,3,"F"
1,0,3,2,"FFFBBBB","","","","W","T",0,1,0,0,0,"F"
1,0,3,1,"B*B11BCX","albio001","","","54(1)/FO/G5.B-1","T",1,1,0,0,0,"F"
1,1,2,1,"*BS*BX","solej001","","","64(1)/FO/G56D.B-1","T",1,1,0,0,0,"F"
1,2,1,1,"*BFX","swand001","","","D9/L9LD.1-H","T",0,2,4,0,0,"F"
1,2,1,0,"BX","","rilea001","","HR/F7LD.2-H","T",0,4,0,4,0,"F"
1,2,0,0,"X","","","","63/G6D","T",1,0,0,0,0,"F"
0,0,0,1,".CX","","","","D9/L89XD+","T",0,2,0,0,0,"F"
0,0,0,0,".X","","garcl006","","43/G4D.2-3","T",1,0,0,3,0,"F"
0,1,0,0,"X","","","garcl006","S7/L78.3-H","T",0,1,0,0,4,"F"
0,1,1,2,"CBFS","roblv001","","","K","T",1,0,1,0,0,"F"
0,2,0,2,"CFB","roblv001","","","WP.1-2","F",0,0,2,0,0,"F"
0,2,3,2,"CFB.BFBX","","roblv001","","S8/L89D+.2-H","T",0,1,0,4,0,"F"
0,2,1,1,"...SBX","zimmr001","","","43/G34","T",1,0,1,0,0,"F"
1,0,0,1,".CX","","","","13/BG2","T",1,0,0,0,0,"F"
1,1,0,2,"FCX","","","","43/G4","T",1,0,0,0,0,"F"
1,2,0,0,"X","","","","7/F78D","T",1,0,0,0,0,"F"
0,0,3,2,"CCBFBBX","","","","63/G6","T",1,0,0,0,0,"F"
0,1,3,2,"CBBBFFB","","","","W","T",0,1,0,0,0,"F"
0,1,1,2,".FBTFC","kiebc001","","","K","T",1,0,1,0,0,"F"
0,2,0,0,"X","kiebc001","","","7/F7D","T",1,0,1,0,0,"F"
1,0,2,2,".CBBCS","","","","K","T",1,0,0,0,0,"F"
1,1,3,1,"BBBCX","","","","7/F78+","T",1,0,0,0,0,"F"
1,2,1,1,"CBX","","","","S7/L7D+","T",0,1,0,0,0,"F"
1,2,0,0,"X","swand001","","","4/P4D","T",1,0,1,0,0,"F"
0,0,1,2,"....FBCS","","","","K","T",1,0,0,0,0,"F"
0,1,2,2,"SBCBX","","","","3/P3D","T",1,0,0,0,0,"F"
0,2,0,0,"X","","","","D7/F78XD+","T",0,2,0,0,0,"F"
0,2,2,2,"CBFFBX","","escoa003","","D8/L78XD.2-H","T",0,2,0,4,0,"F"
0,2,0,1,"FX","","zimmr001","","43/G4D","T",1,0,0,2,0,"F"
0,0,0,1,"CX","","","","8/F8","T",1,0,0,0,0,"T"
0,1,2,2,"BBCSS","","","","K","T",1,0,0,0,0,"F"
0,2,1,2,"BSFC","","","","K","T",1,0,0,0,0,"F"
1,0,1,2,"FCBX","","","","3/G3","T",1,0,0,0,0,"F"
1,1,2,0,"BBX","","","","S7/F7S","T",0,1,0,0,0,"F"
1,1,2,1,"FB*BX","solej001","","","7/F7D","T",1,0,1,0,0,"F"
1,2,0,2,"CST","solej001","","","K","T",1,0,1,0,0,"F"
0,0,2,2,"SBSBX","","","","D9/L9D+","T",0,2,0,0,0,"F"
0,0,1,1,"BSX","","vottj001","","HR/F78XD.2-H","T",0,4,0,4,0,"F"
0,0,1,0,"BX","","","","9/F89D","T",1,0,0,0,0,"F"
0,1,1,2,"SCBS","","","","K","T",1,0,0,0,0,"F"
0,2,0,2,"CS*S","","","","K.BX1(23)","T",1,0,0,0,0,"F"
1,0,2,0,"BBX","","","","S7/L7D+","T",0,1,0,0,0,"F"
1,0,1,1,"*B1FX","swand001","","","4(1)/FO/G4-.B-1","T",1,1,0,0,0,"F"
1,1,1,2,"FFBC","duvaa001","","","K","T",1,0,1,0,0,"F"
1,2,2,2,"BSBFS","duvaa001","","","K","T",1,0,1,0,0,"F"
0,0,1,1,"CBX","","","","43/G4","T",1,0,0,0,0,"F"
0,1,0,2,"CCFFS","","","","K","T",1,0,0,0,0,"F"
0,2,0,1,"FX","","","","E5/TH/G5.B-2","T",0,2,0,0,0,"F"
0,2,1,1,"BSX","","stept001","","63/G6-","T",1,0,0,2,0,"F"
1,0,0,2,"CCFS","","","","K","T",1,0,0,0,0,"F"
1,1,1,2,"BFFC","","","","K","T",1,0,0,0,0,"F"
1,2,2,2,"BSBSC","","","","K","T",1,0,0,0,0,"F"
0,0,3,2,"SBCFBBB","","","","W","T",0,1,0,0,0,"F"
0,0,2,2,"CC*BBF*S","vottj001","","","K","T",1,0,1,0,0,"F"
0,1,2,2,"*B*BCSFFFX","vottj001","","","64(1)3/GDP/G6M","T",2,0,0,0,0,"F"
1,0,2,1,"FBBX","","","","3/G3S","T",1,0,0,0,0,"F"
1,1,1,2,"CCBFC","","","","K","T",1,0,0,0,0,"F"
1,2,3,2,"BCBBCFB","","","","W","T",0,1,0,0,0,"F"
1,2,0,0,"X","swand001","","","HR/F7LD.1-H","T",0,4,4,0,0,"F"
1,2,3,2,"BBCBSFB","","","","W","T",0,1,0,0,0,"F"
1,2,2,1,"C*BBX","pedej001","","","3/G3","T",1,0,1,0,0,"F"
0,0,3,2,"SSBFBBX","","","","8/F89D","T",1,0,0,0,0,"F"
0,1,2,2,"BCSBFX","","","","43/G4","T",1,0,0,0,0,"F"
0,2,0,0,"X","","","","4/L1S-","T",1,0,0,0,0,"F"
1,0,1,2,"FCBX","","","","31/G34","T",1,0,0,0,0,"F"
1,1,1,1,"BCX","","","","8/F8","T",1,0,0,0,0,"F"
1,2,3,0,"BBBB","","","","W","T",0,1,0,0,0,"F"
1,2,3,2,"BFFBFFB>C","solej001","","","K","T",1,0,1,0,0,"F"
0,0,1,2,"CBCX","","","","53/G5","T",1,0,0,0,0,"F"
0,1,3,0,"BBBB","","","","W","T",0,1,0,0,0,"F"
0,1,2,0,"*BBX","stept001","","","4(1)/FO/G6.B-1","T",1,1,0,0,0,"F"
0,2,2,2,"*BS*BFC","castn001","","","K","T",1,0,1,0,0,"F"
1,0,0,0,".X","","","","S8/L8","T",0,1,0,0,0,"F"
1,0,3,1,"BBCBB","rilea001","","","W.1-2","T",0,1,2,0,0,"F"
1,0,1,2,"FCBS","swand001","rilea001","","K","T",1,0,1,2,0,"F"
1,1,3,1,".BBSBB","swand001","rilea001","","W.2-3;1-2","T",0,1,2,3,0,"F"
1,1,3,2,"CSB*B*BB","pedej001","swand001","rilea001","W.3-H;2-3;1-2","T",0,1,2,3,4,"F"
1,1,3,2,".FCB*BFBX","vogts001","pedej001","swand001","12(3)/FO/G1.2-3;1-2;B-1","T",1,1,2,3,0,"F"
1,2,0,0,".X","hereg002","vogts001","pedej001","31/G34-","T",1,0,1,2,3,"F"
0,0,0,2,".FSS","","","","K","T",1,0,0,0,0,"F"
0,1,2,2,"CFBBFS","","","","K","T",1,0,0,0,0,"F"
0,2,3,2,"FCBBBB","","","","W","T",0,1,0,0,0,"F"
0,2,2,1,"BCBX","suare001","","","9/F9LD+","T",1,0,1,0,0,"F"
1,0,2,0,"BBX","","","","D7/G5+","T",0,2,0,0,0,"F"
1,0,1,2,"FSBX","","solej001","","43/G4.2-3","T",1,0,0,3,0,"F"
1,1,0,1,"FX","","","solej001","6/L6","T",1,0,0,0,3,"F"
1,2,1,1,"SBX","","","solej001","43/G4M","T",1,0,0,0,3,"F"
0,0,1,2,"..CFBH","","","","HP","T",0,1,0,0,0,"F"
0,0,1,2,".B1CFX","naqut001","","","9/F9LD","T",1,0,1,0,0,"F"
0,1,2,2,"CFBF1BX","naqut001","","","6/L6","T",1,0,1,0,0,"F"
0,2,2,1,"BFBX","naqut001","","","S7/L7.1-2","T",0,1,2,0,0,"F"
0,2,1,2,".FC*BC","castn001","naqut001","","K","T",1,0,1,2,0,"F"
1,0,0,2,".CSFFX","","","","8/L8","T",1,0,0,0,0,"F"
1,1,0,1,"CX","","","","4/L4D","T",1,0,0,0,0,"F"
1,2,0,2,"SCFX","","","","9/F","T",1,0,0,0,0,"F"
0,0,1,0,".BX","","","","3/P3F/FL","T",1,0,0,0,0,"F"
0,1,2,1,"CBBX","","","","D8/L89XD+","T",0,2,0,0,0,"F"
0,1,3,2,"C*BC*B*BFB","","farmk001","","W","T",0,1,0,2,0,"F"
0,1,0,2,".*SSX","suare001","farmk001","","36(1)3/GDP/G3","T",2,0,0,2,0,"F"
0,0,0,2,"CFX","","","","13/G23-","T",1,0,0,0,0,"T"
0,1,3,0,"BBBB","","","","W","T",0,1,0,0,0,"F"
0,1,0,2,"CSB","winkj002","","","WP.1-2","F",0,0,2,0,0,"F"
0,1,1,2,"CSB.C","","winkj002","","K","T",1,0,0,2,0,"F"
0,2,2,2,"BBFFX","","winkj002","","S8/L8D.2-3","T",0,1,0,3,0,"F"
0,2,0,2,"CCS","vottj001","","winkj002","K","T",1,0,1,0,3,"F"
1,0,1,2,"CSBX","","","","S7/L7","T",0,1,0,0,0,"F"
1,0,3,1,"BBBCB","albio001","","","W.1-2","T",0,1,2,0,0,"F"
1,0,0,0,"X","solej001","albio001","","7/F7L","T",1,0,1,2,0,"F"
1,1,0,1,"SX","solej001","albio001","","D8/L8XD+.2-H;1XH(862)","T",1,2,0,4,0,"F"
1,2,0,0,"X","","rilea001","","9/F9LD","T",1,0,0,2,0,"F"
0,0,2,2,"CBCBX","","","","7/F7","T",1,0,0,0,0,"F"
0,1,1,0,"BX","","","","5/P56S","T",1,0,0,0,0,"F"
0,2,0,0,"X","","","","8/F89D","T",1,0,0,0,0,"F"
1,0,3,1,"BBBCB","","","","W","T",0,1,0,0,0,"F"
1,0,1,1,"BFX","duvaa001","","","9/L9D","T",1,0,1,0,0,"F"
1,1,1,0,"BX","duvaa001","","","HR/F78XD.1-H","T",0,4,4,0,0,"F"
1,1,1,2,"BSST","","","","K","T",1,0,0,0,0,"F"
1,2,3,1,"BBSBB","","","","W","T",0,1,0,0,0,"F"
1,2,2,2,"SBBFF>B","albio001","","","SB2","F",0,0,2,0,0,"F"
1,2,3,2,"SBBFF>B.FC","","albio001","","K","T",1,0,0,2,0,"F"
0,0,1,2,"CFBS","","","","K","T",1,0,0,0,0,"F"
0,1,2,2,"CCBBX","","","","3/P3D","T",1,0,0,0,0,"F"
0,2,3,1,"BSBBB","","","","W","T",0,1,0,0,0,"F"
0,2,0,0,"X","winkj002","","","S8/L89D+.1-2","T",0,1,2,0,0,"F"
0,2,3,2,"BF*BBF>B","castn001","winkj002","","W.2-3;1-2","T",0,1,2,3,0,"F"
0,2,3,2,"SSBBB>X","vottj001","castn001","winkj002","3/P3SF/FL","T",1,0,1,2,3,"F"
1,0,1,1,"SBX","","","","S7/L78D","T",0,1,0,0,0,"F"
1,0,1,2,"BSFF1X","freef001","","","D7/L7D+.1-H;B-3","T",0,3,4,0,0,"F"
1,0,3,2,"FBF*BBX","","","rilea001","9/SF/F9LS.3-H","T",1,0,0,0,4,"F"
1,1,1,0,"BX","","","","6/P6D","T",1,0,0,0,0,"F"
1,2,1,1,"FBX","","","","9/F9LD","T",1,0,0,0,0,"F"
0,0,3,2,"CBBFBX","","","","63/G6","T",1,0,0,0,0,"F"
0,1,2,2,"BFCBS","","","","K","T",1,0,0,0,0,"F"
0,2,2,2,"FCBFFFB*S","","","","K","T",1,0,0,0,0,"F"
1,0,1,1,"BSX","","","","53/G56","T",1,0,0,0,0,"F"
1,1,0,2,"FCS","","","","K","T",1,0,0,0,0,"F"
1,2,0,0,"X","","","","7/F7D","T",1,0,0,0,0,"F"
0,0,0,0,"X","","","","13/G1S","T",1,0,0,0,0,"F"
0,1,1,2,"CSFBX","","","","6/L56D","T",1,0,0,0,0,"F"
0,2,1,1,"CBX","","","","53/G34D+","T",1,0,0,0,0,"F"
1,0,2,0,"BBX","","","","31/G34","T",1,0,0,0,0,"F"
1,1,2,1,"FBBX","","","","3/G3","T",1,0,0,0,0,"F"
1,2,1,2,"BSS*S","","","","K.BX1(23)","T",1,0,0,0,0,"F"
0,0,0,0,"H","","","","HP","T",0,1,0,0,0,"F"
0,0,3,2,"FB*B*BSX","castn001","","","HR/F8XD.1-H","T",0,4,4,0,0,"F"
0,0,2,2,"CFFBBFFX","","","","S59/G34","T",0,1,0,0,0,"F"
0,0,3,2,".FFFBBBFFX","mousm001","","","S9/L9+.1-2","T",0,1,2,0,0,"F"
0,0,1,2,"FFBX","naqut001","mousm001","","7/F7D","T",1,0,1,2,0,"F"
0,1,1,2,"BCFFFC","naqut001","mousm001","","K","T",1,0,1,2,0,"F"
0,2,2,2,".CBBCC","naqut001","mousm001","","K","T",1,0,1,2,0,"F"
1,0,1,1,".CBX","","","","3/P3S","T",1,0,0,0,0,"F"
1,1,0,2,"CFS","","","","K","T",1,0,0,0,0,"F"
1,2,3,2,"BBSFBX","","","","S7/G56","T",0,1,0,0,0,"F"
1,2,0,1,"SX","darnt001","","","6/P56D","T",1,0,1,0,0,"F"
0,0,0,0,".X","","","","63/G6S","T",1,0,0,0,0,"F"
0,1,3,2,"CFBBBB","","","","W","T",0,1,0,0,0,"F"
0,1,0,2,"CF1C","winkj002","","","K","T",1,0,1,0,0,"F"
0,2,2,1,"BBCX","winkj002","","","S9/L9D+.1-3","T",0,1,3,0,0,"F"
0,2,1,2,".CFBS","vottj001","","winkj002","K","T",1,0,1,0,3,"F"
1,0,3,2,"..CBBCFFBB","","","","W","T",0,1,0,0,0,"F"
1,0,0,2,"CCFS","almoa001","","","K","T",1,0,1,0,0,"F"
1,1,3,2,"BBCCBFS","almoa001","","","K","T",1,0,1,0,0,"F"
1,2,2,2,"BBSFFFX","almoa001","","","63/G6D","T",1,0,1,0,0,"F"
0,0,1,0,".BX","","","","D59/G34","T",0,2,0,0,0,"F"
0,0,0,0,"X","","naqut001","","D8/F8XD+.2-H","T",0,2,0,4,0,"F"
0,0,2,2,"CFBBX","","suare001","","7/F78","T",1,0,0,2,0,"F"
0,1,0,2,".CFT","","suare001","","K","T",1,0,0,2,0,"F"
0,2,1,2,"BSFX","","suare001","","8/F8","T",1,0,0,2,0,"F"
1,0,2,2,".BCBFC","","","","K","T",1,0,0,0,0,"F"
1,1,0,0,"X","","","","5/P56","T",1,0,0,0,0,"F"
1,2,0,2,"CSX","","","","9/F9S","T",1,0,0,0,0,"F"
0,0,1,2,"..BFSFFS","","","","K","T",1,0,0,0,0,"F"
0,1,2,2,"BFSBH","","","","HP","T",0,1,0,0,0,"F"
0,1,0,0,"X","castn001","","","HR/F9D.1-H","T",0,4,4,0,0,"F"
0,1,0,2,"FSS","","","","K","T",1,0,0,0,0,"F"
0,2,1,2,"FFBX","","","","4/L4D+","T",1,0,0,0,0,"F"
1,0,3,2,"..CBBFBB","","","","W","T",0,1,0,0,0,"F"
1,0,0,2,"MCS","darnt001","","","K","T",1,0,1,0,0,"F"
1,1,3,1,"CB1BBB","darnt001","","","W.1-2","T",0,1,2,0,0,"F"
1,1,2,2,"FBBSFFX","pedej001","darnt001","","9/F9D.2-3","T",1,0,1,3,0,"F"
1,2,0,1,".>F>B","pedej001","","darnt001","DI.1-2","F",0,0,2,0,3,"F"
1,2,2,2,".>F>B.CBS","","pedej001","darnt001","K","T",1,0,0,2,3,"F"
0,0,1,2,"..FBCS","","mousm001","","K","T",1,0,0,2,0,"F"
0,1,1,2,"FBFX","","mousm001","","3/G3.2-3","T",1,0,0,3,0,"F"
0,2,2,2,"FBCBX","","","mousm001","63/G6D+","T",1,0,0,0,3,"F"
1,0,3,0,"..VVVV","","albio001","","IW","T",0,1,0,2,0,"F"
1,0,0,1,"CX","freef001","albio001","","7/F7D","T",1,0,1,2,0,"F"
1,1,1,1,"BSX","freef001","albio001","","8/L8","T",1,0,1,2,0,"F"
1,2,0,1,"CN","freef001","albio001","","BK.2-3;1-2","F",0,0,2,3,0,"F"
1,2,3,2,"CN.*BBFFFBC","","freef001","albio001","K","T",1,0,0,2,3,"F"
0,0,2,0,"..BBX","","aquia001","","S9/G3.2-H(UR)","T",0,1,0,5,0,"F"
0,0,0,1,"FX","farmk001","","","7/F7","T",1,0,1,0,0,"F"
0,1,1,1,"BCX","farmk001","","","9/F9","T",1,0,1,0,0,"F"
0,2,2,2,"CBSB*S","farmk001","","","K","T",1,0,1,0,0,"F"
1,0,3,2,"....FSB*BBS","","duvaa001","","K","T",1,0,0,2,0,"F"
1,1,2,0,"*BBX","","duvaa001","","9/F9D","T",1,0,0,2,0,"F"
1,2,3,2,"BB*BFFB","","duvaa001","","W","T",0,1,0,2,0,"F"
1,2,2,1,"BBSX","pedej001","duvaa001","","HR/F9D.2-H(UR);1-H","T",0,4,4,5,0,"F"
0,0,0,0,"X","","","","D8/F78XD","T",0,2,0,0,0,"T"
0,0,1,2,"FBCFFX","","indij001","","6/F8S","T",1,0,0,2,0,"F"
0,1,2,2,"*BSS*BX","","indij001","","43/G6.2-3","T",1,0,0,3,0,"F"
0,2,3,2,"BSBSFBFFB","","","indij001","W","T",0,1,0,0,3,"F"
0,2,1,0,"*BX","vottj001","","indij001","53/G56","T",1,0,1,0,3,"F"
1,0,0,2,"CFT","","","","K","T",1,0,0,0,0,"F"
1,1,3,1,"BBBCB","","","","W","T",0,1,0,0,0,"F"
1,1,0,1,"SX","solej001","","","9/L9D+","T",1,0,1,0,0,"F"
1,2,3,2,"BBC*BF>B","solej001","","","W.1-2","T",0,1,2,0,0,"F"
1,2,0,1,"CX","rilea001","solej001","","S9/F9S.2-H;1-3","T",0,1,3,4,0,"F"
1,2,0,0,">S","swand001","","rilea001","SB2","F",0,0,2,0,3,"F"
1,2,0,2,">S.FX","","swand001","rilea001","63/G6","T",1,0,0,2,3,"F"
0,0,3,2,"BTCBFBFX","","","","6/L6+","T",1,0,0,0,0,"F"
0,1,1,2,"BCSFFS","","","","K","T",1,0,0,0,0,"F"
0,2,1,2,"BSCFX","","","","S9/L9+","T",0,1,0,0,0,"F"
0,2,0,0,"X","naqut001","","","S9/G34.1-3(E9)","T",0,1,3,0,0,"F"
0,2,3,1,"B*BCBB","gutiv001","","naqut001","W.1-2","T",0,1,2,0,3,"F"
0,2,2,1,"*BCBX","indij001","gutiv001","naqut001","HR/L9LD.3-H;2-H;1-H","T",0,4,4,4,4,"F"
0,2,2,2,"CSBBFFX","","","","43/G6","T",1,0,0,0,0,"F"
1,0,0,1,"CX","","","","31/G3D","T",1,0,0,0,0,"F"
1,1,1,2,"CSFB*S","","","","K","T",1,0,0,0,0,"F"
1,2,0,2,"FCS","","","","K","T",1,0,0,0,0,"F"
0,0,2,2,"BCCFBFX","","","","S9/L9D+","T",0,1,0,0,0,"F"
0,0,0,0,"X","vottj001","","","64(1)/FO/G6.B-1","T",1,1,0,0,0,"F"
0,1,1,0,"*BB","stept001","","","PB.1-2","F",0,0,2,0,0,"F"
0,1,3,1,"*BB.BFB","","stept001","","W","T",0,1,0,2,0,"F"
0,1,2,0,".*BBX","aquia001","stept001","","DGR/L78XD+.2-H;1-3","T",0,2,3,4,0,"F"
0,1,1,2,"FBFFX","","suare001","aquia001","HR/F9LD.3-H;2-H","T",0,4,0,4,4,"F"
0,1,0,2,"FSS","","","","K","T",1,0,0,0,0,"F"
0,2,1,1,"BCX","","","","HR/F7D","T",0,4,0,0,0,"F"
0,2,2,2,"BCFFBFX","","","","S7/L7","T",0,1,0,0,0,"F"
0,2,0,1,"CX","winkj002","","","53/G5","T",1,0,1,0,0,"F"
1,0,1,2,"FFBX","","","","63/G4M","T",1,0,0,0,0,"F"
1,1,2,2,"SBCBX","","","","S9/L9L+","T",0,1,0,0,0,"F"
1,1,0,0,"1X","solej001","","","8/F8D","T",1,0,1,0,0,"F"
1,2,0,0,"B","solej001","","","WP.1-2","F",0,0,2,0,0,"F"
1,2,2,1,"B.*BFX","","solej001","","9/F89S","T",1,0,0,2,0,"F"
0,0,0,2,"FSX","","","","8/F78S","T",1,0,0,0,0,"F"
0,1,0,0,"X","","","","S7/L7","T",0,1,0,0,0,"F"
0,1,3,2,"CBFBBS","stept001","","","K","T",1,0,1,0,0,"F"
0,2,1,0,"BX","stept001","","","53/G5","T",1,0,1,0,0,"F"
1,0,2,2,"BFSFBFX","","","","53/G56","T",1,0,0,0,0,"F"
1,1,0,2,"SSS","","","","K","T",1,0,0,0,0,"F"
1,2,1,1,"BFX","","","","43/G34D","T",1,0,0,0,0,"F"
0,0,0,0,"X","","","","9/F89","T",1,0,0,0,0,"F"
0,1,0,2,"CSS","","","","K","T",1,0,0,0,0,"F"
0,2,1,2,"CTBX","","","","53/G5","T",1,0,0,0,0,"F"
1,0,2,2,"CSBFBX","","","","7/F78D","T",1,0,0,0,0,"F"
1,1,0,2,"CCX","","","","S8/G6M","T",0,1,0,0,0,"F"
1,1,2,1,"BF*BX","tomlj001","","","FC3/G4D.1-2(E3);B-1","T",0,1,2,0,0,"F"
1,1,1,2,"BCSS","albio001","tomlj001","","K","T",1,0,1,2,0,"F"
1,2,2,0,"*BBX","albio001","tomlj001","","63/G4","T",1,0,1,2,0,"F"
0,0,2,2,"SBBSX","","","","D9/L9L","T",0,2,0,0,0,"F"
0,0,0,2,"CFFX","","winkj002","","HR/F7LD.2-H","T",0,4,0,4,0,"F"
0,0,1,2,"CSBC","","","","K","T",1,0,0,0,0,"F"
0,1,1,0,"BX","","","","S7/L7","T",0,1,0,0,0,"F"
0,1,0,1,"FN","stept001","","","BK.1-2","F",0,0,2,0,0,"F"
0,1,1,2,"FN.F*BS","","stept001","","K","T",1,0,0,2,0,"F"
0,2,1,2,"CCFBX","","stept001","","8/L8XD","T",1,0,0,2,0,"F"
1,0,2,2,".BBFFX","","","","S8/L78","T",0,1,0,0,0,"F"
1,0,3,1,"BBBCX","rilea001","","","S8/G6M.1-2","T",0,1,2,0,0,"F"
1,0,2,2,"FFBBFFX","swand001","rilea001","","54(1)3/GDP/G56+.2-3","T",2,0,0,3,0,"F"
1,2,3,2,"CBFB*BFC","","","rilea001","K","T",1,0,0,0,3,"F"
0,0,2,2,"...BSFBS","","","","K","T",1,0,0,0,0,"F"
0,1,1,2,".SCBX","","","","43/G2","T",1,0,0,0,0,"F"
0,2,2,0,"BBX","","","","8/F8XD","T",1,0,0,0,0,"F"
1,0,0,1,"..SX","","","","4/P34D","T",1,0,0,0,0,"F"
1,1,3,2,"BFBFBS","","","","K","T",1,0,0,0,0,"F"
1,2,1,1,"CBX","","","","HR/F89XD","T",0,4,0,0,0,"F"
1,2,3,2,"CBSBFBB","","","","W","T",0,1,0,0,0,"F"
1,2,2,1,"FBB*S","solej001","","","WP.1-2","F",0,0,2,0,0,"F"
1,2,2,2,"FBB*S.S","","solej001","","K","T",1,0,0,2,0,"F"
0,0,0,0,"X","","","","7/L78D","T",1,0,0,0,0,"F"
0,1,2,2,"CBSBFFFS","","","","K","T",1,0,0,0,0,"F"
0,2,0,2,"CCS","","","","K","T",1,0,0,0,0,"F"
1,0,0,2,"FCFS","","","","K","T",1,0,0,0,0,"F"
1,1,3,2,"BCBBSS","","","","K","T",1,0,0,0,0,"F"
1,2,0,0,".X","","","","7/F7D","T",1,0,0,0,0,"F"
0,0,0,0,".X","","","","HR/F89XD","T",0,4,0,0,0,"F"
0,0,0,0,"X","","","","5/P56","T",1,0,0,0,0,"F"
0,1,1,2,"BCCS","","","","K","T",1,0,0,0,0,"F"
0,2,0,0,"X","","","","43/G4","T",1,0,0,0,0,"F"
1,0,2,2,".TBBCX","","","","E5/P56D.B-1","T",0,1,0,0,0,"F"
1,0,0,0,">X","pedej001","","","S8/L78.1-3","T",0,1,3,0,0,"F"
1,0,2,0,"BBX","vogts001","","pedej001","9/L89","T",1,0,1,0,3,"F"
1,1,1,2,"C*BFFS","vogts001","","pedej001","K","T",1,0,1,0,3,"F"
1,2,0,1,"F>B","vogts001","","pedej001","WP.3-H(NR)(UR);1-2","F",0,0,2,0,5,"F"
1,2,2,2,"F>B.FBC","","vogts001","","K","T",1,0,0,2,0,"F"
0,0,1,2,"BFFS","","","","K","T",1,0,0,0,0,"T"
0,1,1,2,"CBFX","","","","7/F7LS","T",1,0,0,0,0,"F"
0,2,1,1,"CBX","","","","S7/G56+","T",0,1,0,0,0,"F"
0,2,2,1,"B*BS>B","judga001","","","SB2","F",0,0,2,0,0,"F"
0,2,3,2,"B*BS>B.CFC","","judga001","","K","T",1,0,0,2,0,"F"
1,0,1,0,"BX","","","","43/G4MD+","T",1,0,0,0,0,"F"
1,1,3,2,"BSBCBB","","","","W","T",0,1,0,0,0,"F"
1,1,0,2,"FSX","solej001","","","56(1)/FO/G34D.B-1","T",1,1,0,0,0,"F"
1,2,2,2,"S1S*BBS","freef001","","","K","T",1,0,1,0,0,"F"
0,0,2,2,"CCBFBX","","","","HR/F9LD","T",0,4,0,0,0,"F"
0,0,0,1,"FX","","","","63/G6","T",1,0,0,0,0,"F"
0,1,3,1,"BFBBX","","","","8/F8S","T",1,0,0,0,0,"F"
0,2,1,2,"FBSC","","","","K","T",1,0,0,0,0,"F"
1,0,0,0,"X","","","","HR/F89XD","T",0,4,0,0,0,"F"
1,0,1,1,"CBX","","","","9/F9S","T",1,0,0,0,0,"F"
1,1,3,1,"BSBB*B","","","","W","T",0,1,0,0,0,"F"
1,1,3,2,"BBBCFX","contw002","","","7/F7LD","T",1,0,1,0,0,"F"
1,2,0,2,"FF*S","contw002","","","K","T",1,0,1,0,0,"F"
0,0,1,2,"CCBS","","","","K","T",1,0,0,0,0,"F"
0,1,0,0,"X","","","","63/G6M","T",1,0,0,0,0,"F"
0,2,0,2,"CFS","","","","K","T",1,0,0,0,0,"F"
1,0,1,1,"BFX","","","","9/F9","T",1,0,0,0,0,"F"
1,1,3,1,"BBBCX","","","","8/F89XD","T",1,0,0,0,0,"F"
1,2,1,2,"BSFX","","","","53/G34","T",1,0,0,0,0,"F"
0,0,1,1,"FBX","","","","63/G6+","T",1,0,0,0,0,"F"
0,1,2,2,"CBCBS","","","","K","T",1,0,0,0,0,"F"
0,2,3,2,"FBTBBS","","","","K","T",1,0,0,0,0,"F"
1,0,2,1,"CBBX","","","","63/G56","T",1,0,0,0,0,"F"
1,1,1,0,"BX","","","","63/G6+","T",1,0,0,0,0,"F"
1,2,3,0,"BBBB","","","","W","T",0,1,0,0,0,"F"
1,2,3,2,"BBBCF>B","duvaa001","","","W.1-2","T",0,1,2,0,0,"F"
1,2,2,2,"CS*BBX","contw002","duvaa001","","6/L6D","T",1,0,1,2,0,"F"
0,0,1,2,"BCFFX","","","","63/G56","T",1,0,0,0,0,"F"
0,1,0,1,"CX","","","","13/G1S-","T",1,0,0,0,0,"F"
0,2,0,0,"X","","","","D9/L9D+","T",0,2,0,0,0,"F"
0,2,3,2,"BCBBCS","","velaa001","","K","T",1,0,0,2,0,"F"
1,0,1,2,"CBFX","","","","63/G56","T",1,0,0,0,0,"F"
1,1,0,1,"SX","","","","S6/G6.B-2(E6/TH)","T",0,2,0,0,0,"F"
1,1,0,0,"X","","albio001","","63/G6+.2-3","T",1,0,0,3,0,"F"
1,2,0,0,"X","","","albio001","8/L8D","T",1,0,0,0,3,"F"
0,0,0,0,"H","","","","HP","T",0,1,0,0,0,"F"
0,0,0,2,"SSFX","lemad001","","","8/L78D","T",1,0,1,0,0,"F"
0,1,1,1,"C*BX","lemad001","","","9/F89S","T",1,0,1,0,0,"F"
0,2,3,1,"BBFBB","lemad001","","","W.1-2","T",0,1,2,0,0,"F"
0,2,2,1,"CBBX","gallj002","lemad001","","D7/L7D+.2-H;1-H","T",0,2,4,4,0,"F"
0,2,2,2,"BFF*BS","","stanm004","","K","T",1,0,0,2,0,"F"
1,0,0,2,"...CSS","","","","K","T",1,0,0,0,0,"F"
1,1,2,2,"CBFBS","","","","K","T",1,0,0,0,0,"F"
1,2,1,2,"BSCX","","","","S7/L7L","T",0,1,0,0,0,"F"
1,2,0,2,"CCX","duvaa001","","","64(1)/FO/G6.B-1","T",1,1,0,0,0,"F"
0,0,3,2,".BFCBBS","","","","K","T",1,0,0,0,0,"F"
0,1,1,2,"LBFX","","","","8/F89XD","T",1,0,0,0,0,"F"
0,2,0,2,"CCC","","","","K","T",1,0,0,0,0,"F"
1,0,0,0,"X","","","","13/G34S-","T",1,0,0,0,0,"F"
1,1,0,2,".CSS","","","","K","T",1,0,0,0,0,"F"
1,2,3,2,"CBBBFS","","","","K","T",1,0,0,0,0,"F"
0,0,0,1,".CX","","","","8/F8XD","T",1,0,0,0,0,"F"
0,1,0,2,"CSX","","","","63/G4M","T",1,0,0,0,0,"F"
0,2,1,2,"CBFX","","","","S7/L7","T",0,1,0,0,0,"F"
0,2,3,2,"BBBCS>B","judga001","","","W.1-2","T",0,1,2,0,0,"F"
0,2,0,0,".N","gallj002","judga001","","BK.2-3;1-2","F",0,0,2,3,0,"F"
0,2,3,2,".N.*BBBFFB","","gallj002","judga001","W","T",0,1,0,2,3,"F"
0,2,3,1,".BBCBX","voitl001","gallj002","judga001","S7/G6.3-H;2-H;1-2","T",0,1,2,4,4,"F"
0,2,0,0,"X","sancg002","voitl001","","7/F7","T",1,0,1,2,0,"F"
1,0,0,0,".X","","","","S7/L7L","T",0,1,0,0,0,"F"
1,0,0,2,"FCX","solej001","","","46(1)3/GDP/G4","T",2,0,0,0,0,"F"
1,2,0,0,"X","","","","D9/F9D","T",0,2,0,0,0,"F"
1,2,2,2,"BSFF*BFS","","rilea001","","K","T",1,0,0,2,0,"F"
0,0,1,1,"SBX","","","","7/L7D+","T",1,0,0,0,0,"F"
0,1,2,2,"FBBCC","","","","K","T",1,0,0,0,0,"F"
0,2,3,2,"CBFFBBFB","","","","W","T",0,1,0,0,0,"F"
0,2,2,2,"*BCF*BS","lemad001","","","K","T",1,0,1,0,0,"F"
1,0,1,2,".BFCC","","","","K","T",1,0,0,0,0,"F"
1,1,0,2,"FSX","","","","63/G6D+","T",1,0,0,0,0,"F"
1,2,2,1,"BBFX","","","","63/G6","T",1,0,0,0,0,"F"
0,0,0,2,"CCX","","","","63/G6M","T",1,0,0,0,0,"T"
0,1,0,2,"CFC","","","","K","T",1,0,0,0,0,"F"
0,2,3,2,"FBBCBX","","","","S8/L89D+","T",0,1,0,0,0,"F"
0,2,3,2,"B1BCBC>F>X","judga001","","","7/F78","T",1,0,1,0,0,"F"
1,0,0,1,"FX","","","","63/G56","T",1,0,0,0,0,"F"
1,1,0,0,"X","","","","63/G6","T",1,0,0,0,0,"F"
1,2,3,2,"CBBBFB","","","","W","T",0,1,0,0,0,"F"
1,2,2,2,"CBB1SH","freef001","","","HP.1-2","T",0,1,2,0,0,"F"
1,2,0,2,"SSX","rilea001","freef001","","D8/L78XD.2-H;1-H","T",0,2,4,4,0,"F"
1,2,1,0,"BX","","swand001","","63/G6D","T",1,0,0,2,0,"F"
0,0,2,2,"CBCBX","","","","HR/L78XD","T",0,4,0,0,0,"F"
0,0,2,2,"CCBFBS","","","","K","T",1,0,0,0,0,"F"
0,1,1,2,"BSFS","","","","K","T",1,0,0,0,0,"F"
0,2,0,2,"CCS","","","","K","T",1,0,0,0,0,"F"
1,0,2,2,"CBSBS","","","","K","T",1,0,0,0,0,"F"
1,1,3,2,"CBBBCS","","","","K","T",1,0,0,0,0,"F"
1,2,1,2,"CBFS","","","","K","T",1,0,0,0,0,"F"
0,0,0,2,"CFC","","","","K","T",1,0,0,0,0,"F"
0,1,0,2,"FCS","","","","K","T",1,0,0,0,0,"F"
0,2,0,2,"FCFFX","","","","8/F89D","T",1,0,0,0,0,"F"
1,0,0,0,"X","","","","9/F9L","T",1,0,0,0,0,"F"
1,1,3,2,"CBBFBX","","","","53/G5","T",1,0,0,0,0,"F"
1,2,0,0,"X","","","","7/F78S","T",1,0,0,0,0,"F"
0,0,3,1,"BBCBX","","","","D9/G3+","T",0,2,0,0,0,"F"
0,0,2,2,"BSBFC","","judga001","","K","T",1,0,0,2,0,"F"
0,1,0,0,"X","","judga001","","53/G56.2-3","T",1,0,0,3,0,"F"
0,2,0,1,"FX","","","judga001","S9/G4.3-H","T",0,1,0,0,4,"F"
0,2,3,1,"BBFBX","sancg002","","","43/G34","T",1,0,1,0,0,"F"
1,0,1,2,"BFFX","","","","S4/G6M","T",0,1,0,0,0,"F"
1,0,1,2,"S*BFS","rilea001","","","K","T",1,0,1,0,0,"F"
1,1,3,2,"FBBBFX","rilea001","","","S67/G6+.1-2","T",0,1,2,0,0,"F"
1,1,3,2,"FCBBBFX","darnt001","rilea001","","3/P3DF/FL","T",1,0,1,2,0,"F"
1,2,2,2,"BBCSS","darnt001","rilea001","","K","T",1,0,1,2,0,"F"
0,0,1,2,"..BFFX","","","","S7/G56","T",0,1,0,0,0,"F"
0,0,0,0,".1>B","velaa001","","","SB2","F",0,0,2,0,0,"F"
0,0,3,2,".1>B.CB*BFX","","velaa001","","7/L7S","T",1,0,0,2,0,"F"
0,1,0,0,"X","","velaa001","","HR/F7LD.2-H","T",0,4,0,4,0,"F"
0,1,2,2,"BSCBFS","","","","K","T",1,0,0,0,0,"F"
0,2,1,2,"CCBFS","","","","K","T",1,0,0,0,0,"F"
1,0,1,2,"..CBCS","","","","K","T",1,0,0,0,0,"F"
1,1,0,0,"X","","","","S7/L7S","T",0,1,0,0,0,"F"
1,1,3,2,"B111BCBC>B","albio001","","","W.1-2","T",0,1,2,0,0,"F"
1,1,1,2,".*BSFFX","solej001","albio001","","56(1)/FO/G6.2-3;B-1","T",1,1,0,3,0,"F"
1,2,1,2,"SBS>X","freef001","","albio001","S8/G6.3-H;1XH(862)","T",1,1,0,0,4,"F"
0,0,3,2,".CBBFBC","","","","K","T",1,0,0,0,0,"F"
0,1,2,2,"CSBFBX","","","","53/G56","T",1,0,0,0,0,"F"
0,2,3,2,"BBFSFBX","","","","53/G56","T",1,0,0,0,0,"F"
1,0,0,2,".CFX","","","","4/P4MD","T",1,0,0,0,0,"F"
1,1,2,0,"BBX","","","","53/G56D","T",1,0,0,0,0,"F"
1,2,0,2,"CCS","","","","K","T",1,0,0,0,0,"F"
0,0,2,2,".BFBFX","","","","HR/F9D","T",0,4,0,0,0,"F"
0,0,0,2,"MSS","","","","K","T",1,0,0,0,0,"F"
0,1,1,1,".BFX","","","","63/G6S","T",1,0,0,0,0,"F"
0,2,0,0,"X","","","","9/F9D","T",1,0,0,0,0,"F"
1,0,1,1,".CBX","","","","9/F9LS","T",1,0,0,0,0,"F"
1,1,0,0,".X","","","","4/P6MD","T",1,0,0,0,0,"F"
1,2,2,2,"CFBBC","","","","K","T",1,0,0,0,0,"F"
0,0,0,2,".CCX","","","","8/L8","T",1,0,0,0,0,"F"
0,1,1,2,"SSBS","","","","K","T",1,0,0,0,0,"F"
0,2,3,1,"BBBCB","","","","W","T",0,1,0,0,0,"F"
0,2,2,2,"BFB1FC","gallj002","","","K","T",1,0,1,0,0,"F"
1,0,0,2,"CSFFS","","","","K","T",1,0,0,0,0,"F"
1,1,3,1,"BBBCX","","","","S7/F7LS","T",0,1,0,0,0,"F"
1,1,1,1,"B1CX","freef001","","","S8/G6M.1-3;BX2(864)","T",1,0,3,0,0,"F"
1,2,0,2,"FFX","","","freef001","53/G56","T",1,0,0,0,3,"F"
0,0,1,2,".CSBC","","","","K","T",1,0,0,0,0,"F"
0,1,3,1,"BBCBB","","","","W","T",0,1,0,0,0,"F"
0,1,2,2,"SFBBS","odorr001","","","K","T",1,0,1,0,0,"F"
0,2,3,0,".*B1BBB","odorr001","","","W.1-2","T",0,1,2,0,0,"F"
0,2,0,0,"X","voitl001","odorr001","","6/P6D","T",1,0,1,2,0,"F"
1,0,0,1,".CX","","","","63/G6","T",1,0,0,0,0,"F"
1,1,0,0,"X","","","","S8/L89D","T",0,1,0,0,0,"F"
1,1,3,2,"BSSB*BC","duvaa001","","","K","T",1,0,1,0,0,"F"
1,2,0,0,".>B","duvaa001","","","DI.1-2","F",0,0,2,0,0,"F"
1,2,3,0,".>B.BBB","","duvaa001","","W","T",0,1,0,2,0,"F"
1,2,3,2,"SB*BBF>F>X","adrie001","duvaa001","","S5/G56.2-3;1-2","T",0,1,2,3,0,"F"
1,2,3,2,"BS*B*BC>*B","albio001","adrie001","duvaa001","W.3-H;2-3;1-2","T",0,1,2,3,4,"F"
1,2,3,2,".BFBBF>F>F>F>X","solej001","albio001","adrie001","7/F78XD","T",1,0,1,2,3,"F"
0,0,1,1,"BCH","","","","HP","T",0,1,0,0,0,"T"
0,0,0,2,"1CSFFX","slata001","","","9/L9D","T",1,0,1,0,0,"F"
0,1,0,2,"CFS","slata001","","","K","T",1,0,1,0,0,"F"
0,2,1,0,"B>B","slata001","","","SB2","F",0,0,2,0,0,"F"
0,2,3,0,"B>B.BX","","slata001","","HR/F9LD.2-H","T",0,4,0,4,0,"F"
0,2,1,1,"FBX","","","","43/G6D","T",1,0,0,0,0,"F"
1,0,1,2,"BSFX","","","","53/G4","T",1,0,0,0,0,"F"
1,1,0,0,"X","","","","S7/L7","T",0,1,0,0,0,"F"
1,1,0,0,"X","solej001","","","7/F7LD","T",1,0,1,0,0,"F"
1,2,1,2,"CS*BX","solej001","","","S7/G56.1-2","T",0,1,2,0,0,"F"
1,2,3,2,"BBF*S...FFB>X","rilea001","solej001","","S4/G6M.2-3;1-2","T",0,1,2,3,0,"F"
1,2,1,1,"BCX","swand001","rilea001","solej001","31/G34","T",1,0,1,2,3,"F"
0,0,3,2,"CBCBBX","","","","S8/L8","T",0,1,0,0,0,"F"
0,0,2,2,"FB*BCFX","yastm001","","","S7/L7.1-2","T",0,1,2,0,0,"F"
0,0,1,2,"FC*BX","estrt001","yastm001","","4/P4M","T",1,0,1,2,0,"F"
0,1,0,2,"MMX","estrt001","yastm001","","FC2/BG2-.2-H(E2/TH)(NR)(UR);1-3;B-1","T",0,1,3,5,0,"F"
0,1,0,0,"X","gausk001","","estrt001","64(1)3/GDP/G6S","T",2,0,0,0,3,"F"
1,0,3,2,"BBCTFFBFX","","","","HR/F78XD","T",0,4,0,0,0,"F"
1,0,1,0,"BX","","","","8/F89XD+","T",1,0,0,0,0,"F"
1,1,0,2,"CS*S","","","","K","T",1,0,0,0,0,"F"
1,2,2,2,"BSSBX","","","","3/G34","T",1,0,0,0,0,"F"
0,0,1,2,"CCB*S","","","","K","T",1,0,0,0,0,"F"
0,1,1,2,"CBF*S","","","","K","T",1,0,0,0,0,"F"
0,2,2,2,"SBCFBS","","","","K","T",1,0,0,0,0,"F"
1,0,2,2,"CFBBX","","","","S3/G4","T",0,1,0,0,0,"F"
1,0,1,1,"FBB","solej001","","","WP.1-2","F",0,0,2,0,0,"F"
1,0,2,1,"FBB.X","","solej001","","43/G4D.2-3","T",1,0,0,3,0,"F"
1,1,0,1,"CX","","","solej001","S9/G34+.3-H","T",0,1,0,0,4,"F"
1,1,2,2,"BBC1SFX","rilea001","","","9/F9L","T",1,0,1,0,0,"F"
1,2,0,2,"SCX","rilea001","","","9/F9L","T",1,0,1,0,0,"F"
0,0,3,2,"BCFBBFX","","","","S8/G4M+","T",0,1,0,0,0,"F"
0,0,2,2,"LB*BCS","florw001","","","K","T",1,0,1,0,0,"F"
0,1,1,1,"FBX","florw001","","","4(1)/FO/G4M.B-1","T",1,1,0,0,0,"F"
0,2,0,2,"C1FX","estrt001","","","D9/G3.1-H;BX3(9365)","T",1,0,4,0,0,"F"
1,0,2,2,"BFBSX","","","","7/F78XD","T",1,0,0,0,0,"F"
1,1,1,1,"BCX","","","","8/F8XD+","T",1,0,0,0,0,"F"
1,2,2,2,"BCBFX","","","","13/G23","T",1,0,0,0,0,"F"
0,0,0,2,"CCX","","","","63/G6","T",1,0,0,0,0,"F"
0,1,2,2,"BFBCX","","","","53/G56","T",1,0,0,0,0,"F"
0,2,0,2,"CFX","","","","53/G34","T",1,0,0,0,0,"F"
1,0,1,2,"FBFS","","","","K","T",1,0,0,0,0,"F"
1,1,1,0,"BX","","","","3/P3SF/FL","T",1,0,0,0,0,"F"
1,2,0,0,"X","","","","9/F89D","T",1,0,0,0,0,"F"
0,0,0,2,"CFX","","","","31/G34","T",1,0,0,0,0,"F"
0,1,2,1,"BBFX","","","","7/F7D","T",1,0,0,0,0,"F"
0,2,2,2,"SBBFX","","","","63/G6","T",1,0,0,0,0,"F"
1,0,0,0,"X","","","","53/G56","T",1,0,0,0,0,"F"
1,1,2,1,"FBBX","","","","8/L8XD+","T",1,0,0,0,0,"F"
1,2,2,2,"CFBBFX","","","","31/G34+","T",1,0,0,0,0,"F"
0,0,2,1,".CBBX","","","","4/L4D","T",1,0,0,0,0,"F"
0,1,0,0,"X","","","","3/P3","T",1,0,0,0,0,"F"
0,2,2,1,"CBBX","","","","S45/G4","T",0,1,0,0,0,"F"
0,2,3,2,".SCB*BFB>F>B","lastt001","","","W.1-2","T",0,1,2,0,0,"F"
0,2,0,1,"TX","dicka001","lastt001","","54(1)/FO/G5.B-1","T",1,1,0,2,0,"F"
1,0,2,2,".BFBFS","","","","K","T",1,0,0,0,0,"F"
1,1,3,2,"CBBBCB","","","","W","T",0,1,0,0,0,"F"
1,1,0,0,".X","pedej001","","","S7/G56.1-2","T",0,1,2,0,0,"F"
1,1,0,0,"X","hereg002","pedej001","","D8/L78D+.2-H;1-3","T",0,2,3,4,0,"F"
1,1,0,0,".X","","albio001","hereg002","HR/F78XD.3-H;2-H","T",0,4,0,4,4,"F"
1,1,3,2,"BCBBSX","","","","53/G4M","T",1,0,0,0,0,"F"
1,2,2,0,"BBX","","","","3/P3","T",1,0,0,0,0,"F"
0,0,0,1,"...CX","","","","3/G3","T",1,0,0,0,0,"F"
0,1,3,2,"BTBFBS","","","","K","T",1,0,0,0,0,"F"
0,2,2,2,"BBCSX","","","","8/F89","T",1,0,0,0,0,"F"
1,0,0,2,"SSX","","","","8/F8D","T",1,0,0,0,0,"F"
1,1,0,2,"FFFX","","","","9/F9S","T",1,0,0,0,0,"F"
1,2,0,1,"CX","","","","8/F78D+","T",1,0,0,0,0,"F"
0,0,3,1,".FBBBX","","","","HR/F7D","T",0,4,0,0,0,"F"
0,0,2,2,"BFBCX","","","","3/G3","T",1,0,0,0,0,"F"
0,1,2,2,"BFCBC","","","","K","T",1,0,0,0,0,"F"
0,2,1,1,"BCX","","","","9/F9D","T",1,0,0,0,0,"F"
0,0,0,1,"FX","","","","9/F89XD","T",1,0,0,0,0,"T"
0,1,2,0,"BBX","","","","HR/F9D","T",0,4,0,0,0,"F"
0,1,1,1,"FBX","","","","53/G5","T",1,0,0,0,0,"F"
0,2,1,1,"CBX","","","","8/L8D+","T",1,0,0,0,0,"F"
1,0,0,1,"FX","","","","S8/L78","T",0,1,0,0,0,"F"
1,0,0,1,"1C1>B","albio001","","","SB2","F",0,0,2,0,0,"F"
1,0,2,2,"1C1>B.CBS","","albio001","","K","T",1,0,0,2,0,"F"
1,1,2,2,"CBFBS","","albio001","","K","T",1,0,0,2,0,"F"
1,2,3,2,"CFFBBBX","","albio001","","S4/G6M+.2-3","T",0,1,0,3,0,"F"
1,2,1,2,"SBC1X","rilea001","","albio001","64(1)/FO/G6.B-1","T",1,1,0,0,3,"F"
0,0,0,2,"CCFFFX","","","","9/L9D","T",1,0,0,0,0,"F"
0,1,2,2,"CBBSC","","","","K","T",1,0,0,0,0,"F"
0,2,2,2,"BBCCX","","","","53/G5","T",1,0,0,0,0,"F"
1,0,0,0,"X","","","","53/G5S-","T",1,0,0,0,0,"F"
1,1,0,2,"CCX","","","","8/F8XD+","T",1,0,0,0,0,"F"
1,2,3,0,"BBBB","","","","W","T",0,1,0,0,0,"F"
1,2,0,2,"FSFS","pedej001","","","K","T",1,0,1,0,0,"F"
0,0,3,2,"BBFBFC","","","","K","T",1,0,0,0,0,"F"
0,1,1,1,"BCX","","","","D7/G5","T",0,2,0,0,0,"F"
0,1,1,2,"CFBX","","webbl001","","S9/L9.2-3","T",0,1,0,3,0,"F"
0,1,0,1,"CX","wadel001","","webbl001","9/SF/F9.3-H","T",1,0,1,0,4,"F"
0,2,2,2,"FCBBF>B","wadel001","","","SB2","F",0,0,2,0,0,"F"
0,2,3,2,"FCBBF>B.B","","wadel001","","W","T",0,1,0,2,0,"F"
0,2,3,2,"*BCBCFB>F>F>X","poseb001","wadel001","","4/P89S","T",1,0,1,2,0,"F"
1,0,3,2,"SBBFFBS","","","","K","T",1,0,0,0,0,"F"
1,1,2,2,"SBBSC","","","","K","T",1,0,0,0,0,"F"
1,2,2,2,"CBCBX","","","","S7/G56+","T",0,1,0,0,0,"F"
1,2,1,2,"B1FF1X","freef001","","","S9/L89+.1-3","T",0,1,3,0,0,"F"
1,2,1,1,"BSX","rilea001","","freef001","8/F78D","T",1,0,1,0,3,"F"
0,0,1,1,"BCX","","","","53/G5","T",1,0,0,0,0,"F"
0,1,2,2,"FBBSX","","","","31/G3D+","T",1,0,0,0,0,"F"
0,2,3,1,"BCBB*B","","","","W","T",0,1,0,0,0,"F"
0,2,0,0,"X","ruf-d001","","","6/P6D","T",1,0,1,0,0,"F"
1,0,0,0,"H","","","","HP","T",0,1,0,0,0,"F"
1,0,0,0,"X","darnt001","","","46(1)3/GDP/G4MS","T",2,0,0,0,0,"F"
1,2,0,0,"X","","","","7/F7D","T",1,0,0,0,0,"F"
0,0,1,2,"BFSX","","","","63/G6D+","T",1,0,0,0,0,"F"
0,1,1,0,"BX","","","","13/G23-","T",1,0,0,0,0,"F"
0,2,2,1,"BCBX","","","","8/F8D","T",1,0,0,0,0,"F"
1,0,1,1,"CBX","","","","43/G4D","T",1,0,0,0,0,"F"
1,1,0,1,"FX","","","","7/F7LS","T",1,0,0,0,0,"F"
1,2,1,2,"CSBS","","","","K","T",1,0,0,0,0,"F"
0,0,0,0,"X","","","","63/G56S","T",1,0,0,0,0,"F"
0,1,3,2,"CBBBCB","","","","W","T",0,1,0,0,0,"F"
0,1,1,1,"1C*BX","crawb001","","","96(1)/FO/P89S.B-1","T",1,1,0,0,0,"F"
0,2,1,2,"FFBS","florw001","","","K","T",1,0,1,0,0,"F"
1,0,2,2,"FBBCX","","","","S15/G4MS","T",0,1,0,0,0,"F"
1,0,1,2,"SBFX","freef001","","","FC5/G56S.1-3(E5/TH);B-1","T",0,1,3,0,0,"F"
1,0,1,1,"BFX","rilea001","","freef001","4/P6MD","T",1,0,1,0,3,"F"
1,1,1,0,"BX","rilea001","","freef001","14(1)3/GDP/G4MS","T",2,0,0,0,3,"F"
0,0,2,1,".BBCX","","","","7/F78D","T",1,0,0,0,0,"F"
0,1,0,0,"X","","","","HR/F78XD","T",0,4,0,0,0,"F"
0,1,0,2,"CFX","","","","7/F7D","T",1,0,0,0,0,"F"
0,2,3,2,"CBBFBFB","","","","W","T",0,1,0,0,0,"F"
0,2,2,2,"BC1BF>X","wadel001","","","4/L34D+","T",1,0,1,0,0,"F"
1,0,2,2,"CBSBX","","","","23/G2-","T",1,0,0,0,0,"F"
1,1,3,2,"BBBCCX","","","","8/F8XD","T",1,0,0,0,0,"F"
1,2,1,0,".BX","","","","8/F78XD","T",1,0,0,0,0,"F"
0,0,0,0,".X","","","","S9/L9L","T",0,1,0,0,0,"F"
0,0,1,2,"BSCS","poseb001","","","K","T",1,0,1,0,0,"F"
0,1,1,0,"BX","poseb001","","","S56/G5.1-2","T",0,1,2,0,0,"F"
0,1,3,2,"BBFFFBX","florw001","poseb001","","9/F9L.2-3","T",1,0,1,3,0,"F"
0,2,1,2,"FSFBX","florw001","","poseb001","S7/L78D+.3-H;1-2","T",0,1,2,0,4,"F"
0,2,0,0,"X","ruf-d001","florw001","","D8/L78D.2-H;1-3","T",0,2,3,4,0,"F"
0,2,0,1,".FX","","yastm001","ruf-d001","63/G6","T",1,0,0,2,3,"F"
1,0,0,2,"....FFFX","","","","S6/G4M","T",0,1,0,0,0,"F"
1,0,0,1,"FX","albio001","","","S6/G56.1-2","T",0,1,2,0,0,"F"
1,0,0,2,"CFS","solej001","albio001","","K","T",1,0,1,2,0,"F"
1,1,3,2,"BFBFBX","solej001","albio001","","5/L5+","T",1,0,1,2,0,"F"
1,2,2,2,"BBSCX","solej001","albio001","","43/G1S-","T",1,0,1,2,0,"F"
0,0,2,2,".CBSBC","","","","K","T",1,0,0,0,0,"F"
0,1,0,2,"CCC","","","","K","T",1,0,0,0,0,"F"
0,2,3,2,"CFBBBFX","","","","8/L89","T",1,0,0,0,0,"F"
1,0,2,2,".SBBFFC","","","","K","T",1,0,0,0,0,"F"
1,1,0,2,"CSFS","","","","K","T",1,0,0,0,0,"F"
1,2,2,2,"BBCSFS","","","","K","T",1,0,0,0,0,"F"
0,0,1,1,"CBX","","","","3/P4S","T",1,0,0,0,0,"T"
0,1,1,1,"BSX","","","","53/G34D","T",1,0,0,0,0,"F"
0,2,0,1,"CX","","","","S7/L78","T",0,1,0,0,0,"F"
0,2,3,2,"F*BSBFB>B","ruf-d001","","","W.1-2","T",0,1,2,0,0,"F"
0,2,3,2,"BS*BS*B>F>X","beltb001","ruf-d001","","7/F1S","T",1,0,1,2,0,"F"
1,0,0,2,"CFX","","","","43/G23","T",1,0,0,0,0,"F"
1,1,2,2,"BCBSX","","","","53/G56","T",1,0,0,0,0,"F"
1,2,3,2,"CBSBFBX","","","","3/G34","T",1,0,0,0,0,"F"
0,0,2,1,"BCBX","","","","S7/L7L+","T",0,1,0,0,0,"F"
0,0,0,2,"FCX","florw001","","","45(1)/FO/G4.B-1","T",1,1,0,0,0,"F"
0,1,0,0,"X","yastm001","","","64(1)3/GDP/G56","T",2,0,0,0,0,"F"
1,0,0,2,"FCS","","","","K","T",1,0,0,0,0,"F"
1,1,3,2,"BBSFBFX","","","","8/F8D+","T",1,0,0,0,0,"F"
1,2,2,1,"BBSX","","","","4/F8S","T",1,0,0,0,0,"F"
0,0,1,1,"BCX","","","","8/L8D","T",1,0,0,0,0,"F"
0,1,1,0,"BX","","","","S2/BG2","T",0,1,0,0,0,"F"
0,1,1,1,"CB1>C","wadel001","","","SB2","F",0,0,2,0,0,"F"
0,1,3,2,"CB1>C.*B*BFX","","wadel001","","43/G34.2-3","T",1,0,0,3,0,"F"
0,2,2,2,"*BBCCX","","","wadel001","143/G4M","T",1,0,0,0,3,"F"
1,0,0,1,"FX","","","","S8/F8","T",0,1,0,0,0,"F"
1,0,1,2,"BFF1>C","rosae001","","","K+SB2","T",1,0,2,0,0,"F"
1,1,1,2,"SBCS","","rosae001","","K","T",1,0,0,2,0,"F"
1,2,2,2,"BFFBF*S","","rosae001","","K","T",1,0,0,2,0,"F"
0,0,1,1,"BSX","","","","S6/G5","T",0,1,0,0,0,"F"
0,0,2,2,"FBBCX","beltb001","","","45(1)/FO/G34S.B-1","T",1,1,0,0,0,"F"
0,1,1,0,"B1X","crawb001","","","4/P4","T",1,0,1,0,0,"F"
0,2,0,0,"X","crawb001","","","3/G3S-","T",1,0,1,0,0,"F"
1,0,2,1,"BFBX","","","","HR/F7D","T",0,4,0,0,0,"F"
1,0,1,0,"BX","","","","S4/G4+","T",0,1,0,0,0,"F"
1,0,0,2,"FFF1>B","freef001","","","SB2","F",0,0,2,0,0,"F"
1,0,1,2,"FFF1>B.FX","","freef001","","HR/L7D.2-H","T",0,4,0,4,0,"F"
1,0,1,1,"FBX","","","","S3/G3","T",0,1,0,0,0,"F"
1,0,0,2,"CSB","pedej001","","","WP.1-2","F",0,0,2,0,0,"F"
1,0,1,2,"CSB.X","","pedej001","","S6/G56.2-2","T",0,1,0,2,0,"F"
1,0,1,1,".FBX","swand001","pedej001","","3/L3","T",1,0,1,2,0,"F"
1,1,2,2,"*S*S*BFBFS","swand001","pedej001","","K","T",1,0,1,2,0,"F"
1,2,1,2,"FC*BX","swand001","pedej001","","43/G4D","T",1,0,1,2,0,"F"
0,0,3,1,"CBBBX","","","","63/G56","T",1,0,0,0,0,"F"
0,1,1,0,"BX","","","","43/G4","T",1,0,0,0,0,"F"
0,2,2,1,"BBFX","","","","8/F8XD+","T",1,0,0,0,0,"F"
1,0,0,2,"CFX","","","","9/F34D","T",1,0,0,0,0,"F"
1,1,1,2,"BSCX","","","","7/F7D","T",1,0,0,0,0,"F"
1,2,2,2,"BSFBFFX","","","","43/G4D","T",1,0,0,0,0,"F"
0,0,1,2,"BCTFX","","","","13/G4S+","T",1,0,0,0,0,"F"
0,1,3,0,"BBBB","","","","W","T",0,1,0,0,0,"F"
0,1,3,2,"BBCSFBX","ruf-d001","","","8/F78S","T",1,0,1,0,0,"F"
0,2,0,0,"B","ruf-d001","","","WP.1-2","F",0,0,2,0,0,"F"
0,2,3,1,"B..SBBB","","ruf-d001","","W","T",0,1,0,2,0,"F"
0,2,0,2,"SF*S","crawb001","ruf-d001","","K","T",1,0,1,2,0,"F"
1,0,2,2,"BFFBFFX","","","","9/F9L","T",1,0,0,0,0,"F"
1,1,3,1,"BFBB*B","","","","W","T",0,1,0,0,0,"F"
1,1,3,1,"BBBCB","pedej001","","","W.1-2","T",0,1,2,0,0,"F"
1,1,1,1,"*BFX","swand001","pedej001","","T9/L9L.2-H;1-H","T",0,3,4,4,0,"F"
1,1,0,2,"CFS","","","rosae001","K","T",1,0,0,0,3,"F"
1,2,1,2,".BFFFFX","","","rosae001","4/L6MD","T",1,0,0,0,3,"F"
0,0,2,2,".CBSFFFBX","","","","8/F78D","T",1,0,0,0,0,"F"
0,1,0,0,"X","","","","8/F89XD","T",1,0,0,0,0,"F"
0,2,0,0,"X","","","","43/G4S","T",1,0,0,0,0,"F"
1,0,1,0,"BX","","","","D7/L7+","T",0,2,0,0,0,"F"
1,0,1,2,"BCFX","","albio001","","S16/G6.2-3","T",0,1,0,3,0,"F"
1,0,1,1,"FBX","solej001","","albio001","S9/L89S.3-H;1-2","T",0,1,2,0,4,"F"
1,0,1,0,"BX","freef001","solej001","","46(1)/FO/G6M.2-3;B-1","T",1,1,0,3,0,"F"
1,1,1,0,"BX","rilea001","","solej001","7/SF/F78D.3-H","T",1,0,1,0,4,"F"
1,2,1,2,"CF*BFT","rilea001","","","K","T",1,0,1,0,0,"F"
0,0,0,2,"...SCX","","","","D9/G3","T",0,2,0,0,0,"F"
0,0,2,2,"CBSBC","","wadel001","","K","T",1,0,0,2,0,"F"
0,1,3,0,"BBB*B","","wadel001","","W","T",0,1,0,2,0,"F"
0,1,1,1,"BCX","ruf-d001","wadel001","","5/P56D","T",1,0,1,2,0,"F"
0,2,1,2,"SBFS","ruf-d001","wadel001","","K","T",1,0,1,2,0,"F"
1,0,0,0,"X","","","","8/F78","T",1,0,0,0,0,"F"
1,1,0,1,"CX","","","","7/F7L","T",1,0,0,0,0,"F"
1,2,2,2,"BBFFX","","","","D7/L7L","T",0,2,0,0,0,"F"
1,2,0,2,"FFFB","","hereg002","","WP.2-3","F",0,0,0,3,0,"F"
1,2,1,2,"FFFB.B","","","hereg002","WP.3-H(NR)","F",0,0,0,0,4,"F"
1,2,2,2,"FFFB.B.FX","","","","HR/F78XD","T",0,4,0,0,0,"F"
1,2,3,1,"..BBBCB","","","","W","T",0,1,0,0,0,"F"
1,2,0,0,"X","adrie001","","","7/F7S","T",1,0,1,0,0,"F"
0,0,0,1,".CX","","","","53/G5","T",1,0,0,0,0,"F"
0,1,1,0,"BX","","","","8/F78","T",1,0,0,0,0,"F"
0,2,3,1,"BBFBB","","","","W","T",0,1,0,0,0,"F"
0,2,1,1,"CBX","casac001","","","64(1)/FO/G6D.B-1","T",1,1,0,0,0,"F"
0,0,1,2,"CBSX","","","","6/L56D+","T",1,0,0,0,0,"T"
0,1,0,2,"FFX","","","","D7/F7LD+","T",0,2,0,0,0,"F"
0,1,3,2,"SS*BBB*B","","escoa003","","W","T",0,1,0,2,0,"F"
0,1,0,0,"X","sotoj001","escoa003","","14(1)/FO/G1.2-3;B-1","T",1,1,0,3,0,"F"
0,2,1,1,"CBX","bellj005","","escoa003","S9/L89S.3-H;1-2","T",0,1,2,0,4,"F"
0,2,0,1,"SX","kiebc001","bellj005","","43/G34","T",1,0,1,2,0,"F"
1,0,3,2,"CBFBBB","","","","W","T",0,1,0,0,0,"F"
1,0,0,0,"X","albio001","","","3/P3S","T",1,0,1,0,0,"F"
1,1,3,2,"1CF1BBB>F>F>F>F1>X","albio001","","","S8/L8.1-3","T",0,1,3,0,0,"F"
1,1,2,2,"S1BFBFS","freef001","","albio001","K","T",1,0,1,0,3,"F"
1,2,1,2,"1CTBX","freef001","","albio001","HR/F7D.3-H;1-H","T",0,4,4,0,4,"F"
1,2,1,2,"BFSX","","","","9/F9","T",1,0,0,0,0,"F"
0,0,2,1,"BBCX","","","","D9/G3+","T",0,2,0,0,0,"F"
0,0,0,1,"CX","","adamr004","","43/G34.2-3","T",1,0,0,3,0,"F"
0,1,1,2,"BFFF*S","","","adamr004","K.BX1(23)","T",1,0,0,0,3,"F"
0,2,2,2,"FBBCS","","","adamr004","K","T",1,0,0,0,3,"F"
1,0,2,2,"CBTB*S","","","","K","T",1,0,0,0,0,"F"
1,1,0,1,"FX","","","","53/G4D","T",1,0,0,0,0,"F"
1,2,1,1,"BFX","","","","S9/L89","T",0,1,0,0,0,"F"
1,2,2,2,"FFBBS","friem001","","","K","T",1,0,1,0,0,"F"
0,0,1,1,"CBX","","","","53/G5","T",1,0,0,0,0,"F"
0,1,3,0,"BBBB","","","","W","T",0,1,0,0,0,"F"
0,1,0,0,"X","sotoj001","","","5/L56","T",1,0,1,0,0,"F"
0,2,2,2,"FC*B*BX","sotoj001","","","63/G6MS","T",1,0,1,0,0,"F"
1,0,0,2,"SSS","","","","K","T",1,0,0,0,0,"F"
1,1,2,0,"BBX","","","","D8/L89XD+","T",0,2,0,0,0,"F"
1,1,1,0,"BX","","freef001","","3/P3","T",1,0,0,2,0,"F"
1,2,3,1,"BBCBB","","freef001","","W","T",0,1,0,2,0,"F"
1,2,2,1,"CBBX","duvaa001","freef001","","D8/L8D.2-H;1XH(842)","T",1,2,0,4,0,"F"
0,0,2,1,"BBSX","","","","DGR/F7LD","T",0,2,0,0,0,"F"
0,0,3,1,"BBBSB","","herny002","","W","T",0,1,0,2,0,"F"
0,0,2,2,"S*BBSFC","adamr004","herny002","","K","T",1,0,1,2,0,"F"
0,1,0,0,"X","adamr004","herny002","","25(2)/FO/BG2-.1-2;B-1","T",1,1,2,0,0,"F"
0,2,3,2,"BBBCC>F>X","espip001","adamr004","","63/G6D","T",1,0,1,2,0,"F"
1,0,2,2,"BFBCX","","","","S8/F8","T",0,1,0,0,0,"F"
1,0,0,1,"SX","swand001","","","S8/L8+.1-3","T",0,1,3,0,0,"F"
1,0,2,2,"LLB*BC","pedej001","","swand001","K","T",1,0,1,0,3,"F"
1,1,1,2,"B*S1FX","pedej001","","swand001","8/SF/F8.3-H","T",1,0,1,0,4,"F"
1,2,1,2,"FF*BS","pedej001","","","K","T",1,0,1,0,0,"F"
0,0,1,2,"BCFS","","","","K","T",1,0,0,0,0,"F"
0,1,0,1,"CX","","","","S6/G4M","T",0,1,0,0,0,"F"
0,1,3,0,"B*BBB","sotoj001","","","W.1-2","T",0,1,2,0,0,"F"
0,1,2,1,"BFBX","bellj005","sotoj001","","64(1)/FO/G6.2-3;B-1","T",1,1,0,3,0,"F"
0,2,0,0,"1","kiebc001","","sotoj001","PO1(13)","F",1,0,0,0,3,"F"
1,0,1,0,"BX","","","","53/G4","T",1,0,0,0,0,"F"
1,1,0,2,"CSS","","","","K","T",1,0,0,0,0,"F"
1,2,2,1,"FBBX","","","","63/G56","T",1,0,0,0,0,"F"
0,0,0,0,"X","","","","43/G4","T",1,0,0,0,0,"F"
0,1,3,2,"CBBCBS","","","","K","T",1,0,0,0,0,"F"
0,2,0,0,"X","","","","S7/L7","T",0,1,0,0,0,"F"
0,2,1,1,".C*BX","garcl006","","","6/P78S","T",1,0,1,0,0,"F"
1,0,0,0,".X","","","","7/F78S","T",1,0,0,0,0,"F"
1,1,0,2,"FFX","","","","53/G56","T",1,0,0,0,0,"F"
1,2,1,2,"FFBX","","","","53/G34","T",1,0,0,0,0,"F"
0,0,3,2,".CCBBFBFB","","","","W","T",0,1,0,0,0,"F"
0,0,0,1,"FX","thoml002","","","S9/L9S.1-2","T",0,1,2,0,0,"F"
0,0,2,1,"*BBFX","escoa003","thoml002","","S9/L89D+.2-H;1-3","T",0,1,3,4,0,"F"
0,0,0,2,"CTFX","sotoj001","","escoa003","8/F89","T",1,0,1,0,3,"F"
0,1,2,1,"BBFX","sotoj001","","escoa003","7/L7","T",1,0,1,0,3,"F"
0,2,0,0,"X","sotoj001","","escoa003","HR/F78XD.3-H;1-H","T",0,4,4,0,4,"F"
0,2,2,2,"...BBCF*S","","","","K","T",1,0,0,0,0,"F"
1,0,3,0,".BBBB","","","","W","T",0,1,0,0,0,"F"
1,0,3,1,"BBBC1X","rosae001","","","HR/F78XD.1-H","T",0,4,4,0,0,"F"
1,0,0,0,"X","","","","D7/G5","T",0,2,0,0,0,"F"
1,0,0,2,".SSX","","solej001","","2/P2","T",1,0,0,2,0,"F"
1,1,3,1,"BFBBB","","solej001","","W","T",0,1,0,2,0,"F"
1,1,3,2,"CTBBBS","rilea001","solej001","","K","T",1,0,1,2,0,"F"
1,2,0,0,"X","rilea001","solej001","","7/L78","T",1,0,1,2,0,"F"
0,0,3,1,"FBBBX","","","","43/G4+","T",1,0,0,0,0,"F"
0,1,0,2,".CCS","","","","K","T",1,0,0,0,0,"F"
0,2,2,2,"BCSBC","","","","K","T",1,0,0,0,0,"F"
1,0,1,0,".BX","","","","S7/L78+","T",0,1,0,0,0,"F"
1,0,1,0,".BX","swand001","","","53/G5.1-2","T",1,0,2,0,0,"F"
1,1,1,0,"BX","","swand001","","7/L7","T",1,0,0,2,0,"F"
1,2,2,1,"*BF*BX","","swand001","","S7/L7L+.2-H","T",0,1,0,4,0,"F"
1,2,3,2,"CBBBF>S","albio001","","","K","T",1,0,1,0,0,"F"
0,0,1,2,"...CBSX","","","","9/F9S","T",1,0,0,0,0,"F"
0,1,1,0,"BH","","","","HP","T",0,1,0,0,0,"F"
0,1,0,0,"X","sotoj001","","","4(1)3/GDP/G6M+","T",2,0,0,0,0,"F"
0,0,1,1,"CBX","","","","E5/TH/G5S.B-1","T",0,1,0,0,0,"T"
0,0,2,1,"BBF1>S","thoml002","","","SB2","F",0,0,2,0,0,"F"
0,0,2,2,"BBF1>S.FH","","thoml002","","HP","T",0,1,0,2,0,"F"
0,0,3,2,"CBBCBX","escoa003","thoml002","","143/G4.2-3;1-2","T",1,0,2,3,0,"F"
0,1,0,1,"CX","","escoa003","thoml002","3/G3+.3-H(UR);2-3","T",1,0,0,3,5,"F"
0,2,3,1,"C*BBBB","","","escoa003","W","T",0,1,0,0,3,"F"
0,2,1,0,"*BX","herny002","","escoa003","7/F78XD+","T",1,0,1,0,3,"F"
1,0,1,2,"CFBX","","","","53/G5","T",1,0,0,0,0,"F"
1,1,1,0,"BX","","","","S7/L78D+","T",0,1,0,0,0,"F"
1,1,1,0,"BH","solej001","","","HP.1-2","T",0,1,2,0,0,"F"
1,1,3,2,"..BBCBSS","freef001","solej001","","K","T",1,0,1,2,0,"F"
1,2,1,2,"FFBX","freef001","solej001","","54(1)/FO/G56.B-1","T",1,1,0,2,0,"F"
0,0,3,1,"BBBCB","","","","W","T",0,1,0,0,0,"F"
0,0,1,2,"SBFX","ruizk001","","","4/L34/DP.1X1(43)","T",2,0,0,0,0,"F"
0,2,3,2,"BCBCBC","","","","K","T",1,0,0,0,0,"F"
1,0,3,2,"CBBBCFFFB","","","","W","T",0,1,0,0,0,"F"
1,0,0,2,"CCS","darnt001","","","K","T",1,0,1,0,0,"F"
1,1,1,2,"SBTFFX","darnt001","","","46(1)/FO/G34.B-1","T",1,1,0,0,0,"F"
1,2,0,2,"CSS","rosae001","","","K","T",1,0,1,0,0,"F"
0,0,3,2,"BBBCFS","","","","K","T",1,0,0,0,0,"F"
0,1,0,1,"CX","","","","63/G6M","T",1,0,0,0,0,"F"
0,2,2,2,"BBCS*S","","","","K.BX1(23)","T",1,0,0,0,0,"F"
1,0,3,2,"BCSBBC","","","","K","T",1,0,0,0,0,"F"
1,1,3,2,"BCBBFB","","","","W","T",0,1,0,0,0,"F"
1,1,1,0,"BX","solej001","","","35(1)/FO/G3.B-1","T",1,1,0,0,0,"F"
1,2,0,0,"X","freef001","","","3/P2","T",1,0,1,0,0,"F"
0,0,0,0,"X","","","","HR/F89XD","T",0,4,0,0,0,"F"
0,0,3,0,"BBBB","","","","W","T",0,1,0,0,0,"F"
0,0,3,1,"BCBBB","herny002","","","W.1-2","T",0,1,2,0,0,"F"
0,0,0,2,".SSFX","kiebc001","herny002","","8/F78S","T",1,0,1,2,0,"F"
0,1,0,0,"X","kiebc001","herny002","","8/F8D","T",1,0,1,2,0,"F"
0,2,3,2,".C*BBBC>B","kiebc001","herny002","","W.2-3;1-2","T",0,1,2,3,0,"F"
0,2,1,1,"CBX","avila001","kiebc001","herny002","3/P34D","T",1,0,1,2,3,"F"
1,0,3,2,".BCBFBX","","","","HR/F7D","T",0,4,0,0,0,"F"
1,0,1,2,"CSBX","","","","53/G56+","T",1,0,0,0,0,"F"
1,1,3,2,"SBBBC*B","","","","W","T",0,1,0,0,0,"F"
1,1,2,0,"BBX","swand001","","","3/P3SF/FL","T",1,0,1,0,0,"F"
1,2,2,1,".111BCBX","swand001","","","S7/G56.1-2","T",0,1,2,0,0,"F"
1,2,0,0,"X","adrie001","swand001","","7/F7L","T",1,0,1,2,0,"F"
0,0,1,1,".CBX","","","","31/G34","T",1,0,0,0,0,"F"
0,1,1,0,"BX","","","","31/G34","T",1,0,0,0,0,"F"
0,2,0,0,"X","","","","E6/G56D.B-1","T",0,1,0,0,0,"F"
0,2,0,0,"X","bellj005","","","146(1)/FO/G4.B-1","T",1,1,0,0,0,"F"
1,0,0,0,".X","","","","S7/F7S","T",0,1,0,0,0,"F"
1,0,1,2,"TC*BS","solej001","","","K","T",1,0,1,0,0,"F"
1,1,1,1,"BCX","solej001","","","4/P4D","T",1,0,1,0,0,"F"
1,2,0,2,"FFS","solej001","","","K","T",1,0,1,0,0,"F"
0,0,0,0,"X","","","","53/G56+","T",1,0,0,0,0,"F"
0,1,3,1,"BBFBB","","","","W","T",0,1,0,0,0,"F"
0,1,0,0,"X","ruizk001","","","13/G1S-.1-2","T",1,0,2,0,0,"F"
0,2,0,0,".X","","ruizk001","","8/F8","T",1,0,0,2,0,"F"
1,0,2,2,".BCSBS","","","","K","T",1,0,0,0,0,"F"
1,1,2,2,"BBFFC","","","","K","T",1,0,0,0,0,"F"
1,2,3,2,"FBBFBX","","","","HR/F9LD","T",0,4,0,0,0,"F"
1,2,3,1,".BBBCB","","","","W","T",0,1,0,0,0,"F"
1,2,1,1,"*BSX","hereg002","","","3/G3S-","T",1,0,1,0,0,"F"
0,0,1,1,".BFX","","","","43/G6M","T",1,0,0,0,0,"F"
0,1,2,2,"BFBFFX","","","","9/F89S","T",1,0,0,0,0,"F"
0,2,0,1,"CX","","","","HR/F89XD","T",0,4,0,0,0,"F"
0,2,1,2,"SSFBX","","","","7/F78D","T",1,0,0,0,0,"F"
1,0,3,2,"CBBBSC","","","","K","T",1,0,0,0,0,"F"
1,1,3,1,"BBBCB","","","","W","T",0,1,0,0,0,"F"
1,1,2,2,"1FF1BBX","freef001","","","9/F9D","T",1,0,1,0,0,"F"
1,2,0,2,".FFS","freef001","","","K","T",1,0,1,0,0,"F"
0,0,2,1,".CBBX","","","","S9/L89","T",0,1,0,0,0,"F"
0,0,2,2,"BSS*BX","herny002","","","S7/L7.1-2","T",0,1,2,0,0,"F"
0,0,1,1,"BSX","kiebc001","herny002","","54(1)3/GDP/G56.2-3","T",2,0,0,3,0,"F"
0,2,0,1,"CX","","","herny002","DGR/L9LD+.3-H","T",0,2,0,0,4,"F"
0,2,1,0,"BX","","garcl006","","53/G56","T",1,0,0,2,0,"F"
1,0,2,2,"FCBBX","","","","3/L34+","T",1,0,0,0,0,"F"
1,1,2,1,"FBBX","","","","5/L5D+","T",1,0,0,0,0,"F"
1,2,1,0,"BX","","","","7/F7LS","T",1,0,0,0,0,"F"
0,0,3,2,".CFBFFBBB","","","","W","T",0,1,0,0,0,"F"
0,0,0,1,"11C>S","thoml002","","","CS2(24)","F",1,0,0,0,0,"F"
0,1,0,2,"11C>S.S","","","","K","T",1,0,0,0,0,"F"
0,2,1,1,"CBX","","","","S6/G4","T",0,1,0,0,0,"F"
0,2,3,0,"B1B*B>C","sotoj001","","","SB2","F",0,0,2,0,0,"F"
0,2,3,1,"B1B*B>C.B","","sotoj001","","W","T",0,1,0,2,0,"F"
0,2,1,0,"BX","bellj005","sotoj001","","63/G6D","T",1,0,1,2,0,"F"
1,0,1,2,"..CFBS","","","","K","T",1,0,0,0,0,"F"
1,1,2,2,"CBBFT","","","","K","T",1,0,0,0,0,"F"
1,2,2,2,"BFCFBX","","","","S9/G4","T",0,1,0,0,0,"F"
1,2,0,2,"FSX","solej001","","","7/L7D","T",1,0,1,0,0,"F"
0,0,3,2,"CSBBBB","","","","W","T",0,1,0,0,0,"T"
0,0,0,0,"X","thoml002","","","53/G56S.1-2","T",1,0,2,0,0,"F"
0,1,2,2,"BCFBX","","thoml002","","S14/G4MS+.2-3","T",0,1,0,3,0,"F"
0,1,0,2,"SSFX","sotoj001","","thoml002","D7/L78XD+.3-H;1-3","T",0,2,3,0,4,"F"
0,1,0,0,"X","","bellj005","sotoj001","3/G3.3-H;2-3","T",1,0,0,3,4,"F"
0,2,2,2,"BSFBX","","","bellj005","13/G1","T",1,0,0,0,3,"F"
1,0,3,2,"BBCSFBFX","","","","7/F7D","T",1,0,0,0,0,"F"
1,1,1,2,"CBT*S","","","","K","T",1,0,0,0,0,"F"
1,2,3,2,"FBBFBFS","","","","K","T",1,0,0,0,0,"F"
0,0,2,2,"FFBFBX","","","","3/G3","T",1,0,0,0,0,"F"
0,1,1,1,"FBX","","","","4/L4MD","T",1,0,0,0,0,"F"
0,2,0,2,"CFC","","","","K","T",1,0,0,0,0,"F"
1,0,2,2,"CBFBC","","","","K","T",1,0,0,0,0,"F"
1,1,1,0,"BX","","","","7/F7S","T",1,0,0,0,0,"F"
1,2,0,1,"FX","","","","53/G4","T",1,0,0,0,0,"F"
0,0,2,2,"FBBCC","","","","K","T",1,0,0,0,0,"F"
0,1,2,2,"BFFFBFX","","","","S7/G56","T",0,1,0,0,0,"F"
0,1,3,2,"B*BBCF>X","escoa003","","","8/F78","T",1,0,1,0,0,"F"
0,2,0,2,"1FSF>B","escoa003","","","SB2","F",0,0,2,0,0,"F"
0,2,1,2,"1FSF>B.*S","","escoa003","","K.BX1(23)","T",1,0,0,2,0,"F"
1,0,1,2,"SBCC","","","","K","T",1,0,0,0,0,"F"
1,1,2,1,"CBBX","","","","HR/F9D","T",0,4,0,0,0,"F"
1,1,0,2,"FS*S","","","","K","T",1,0,0,0,0,"F"
1,2,3,1,"BBFBX","","","","53/G4","T",1,0,0,0,0,"F"
0,0,2,2,"BFCFFBFS","","","","K","T",1,0,0,0,0,"F"
0,1,0,2,"SSFS","","","","K","T",1,0,0,0,0,"F"
0,2,1,0,"BX","","","","7/F78S","T",1,0,0,0,0,"F"
1,0,2,1,"BBCX","","","","7/L7D","T",1,0,0,0,0,"F"
1,1,3,2,"BBBFFFFFFX","","","","D7/F78XD+","T",0,2,0,0,0,"F"
1,1,1,2,"BCSFX","","freef001","","D7/L7LS.2-H","T",0,2,0,4,0,"F"
1,1,1,1,"BCX","","rilea001","","63/G6D+","T",1,0,0,2,0,"F"
1,2,3,2,"BCFF*BBFT","","rilea001","","K","T",1,0,0,2,0,"F"
0,0,0,2,"CFC","","","","K","T",1,0,0,0,0,"F"
0,1,2,2,"BCCFBX","","","","63/G6S-","T",1,0,0,0,0,"F"
0,2,3,1,"BBBCB","","","","W","T",0,1,0,0,0,"F"
0,2,1,2,"*B1CF>S","thoml002","","","K","T",1,0,1,0,0,"F"
1,0,2,2,"BBFSS","","","","K","T",1,0,0,0,0,"F"
1,1,3,2,"BBCSFFBX","","","","HR/F89XD","T",0,4,0,0,0,"F"
1,1,1,1,".SBX","","","","7/F7","T",1,0,0,0,0,"F"
1,2,0,0,"X","","","","13/G34S-","T",1,0,0,0,0,"F"
0,0,3,2,".BBCBCFX","","","","S7/L7S","T",0,1,0,0,0,"F"
0,0,1,1,"CBB","sotoj001","","","PB.1-2","F",0,0,2,0,0,"F"
0,0,3,2,"CBB.BFFFX","","sotoj001","","53/G5S","T",1,0,0,2,0,"F"
0,1,2,2,"BBF*SX","","sotoj001","","3/G3.2-3","T",1,0,0,3,0,"F"
0,2,0,0,".X","","","sotoj001","S39/L9L.3-H","T",0,1,0,0,4,"F"
0,2,1,1,"CBX","kiebc001","","","63/G4D+","T",1,0,1,0,0,"F"
1,0,0,0,"X","","","","HR/F8XD","T",0,4,0,0,0,"F"
1,0,2,2,"SFFBBX","","","","31/G3","T",1,0,0,0,0,"F"
1,1,2,2,"CBFBFX","","","","7/F78D","T",1,0,0,0,0,"F"
1,2,2,1,"CBBX","","","","63/G6","T",1,0,0,0,0,"F"
0,0,0,0,".X","","","","D9/G3+","T",0,2,0,0,0,"F"
0,0,3,2,".*BCF*BBX","","garcl006","","3/G3.2-3","T",1,0,0,3,0,"F"
0,1,0,0,"X","","","garcl006","S7/G56+.3-H","T",0,1,0,0,4,"F"
0,1,3,2,"*B1B1B1C>F1>X","thoml002","","","FC4/G4.1-2(E4);B-1","T",0,1,2,0,0,"F"
0,1,0,0,"B","escoa003","thoml002","","WP.2-3;1-2","F",0,0,2,3,0,"F"
0,1,3,0,"B..VVV","","escoa003","thoml002","IW","T",0,1,0,2,3,"F"
0,1,0,0,".X","sotoj001","escoa003","thoml002","12(3)/FO/G1S+.2-3;1-2;B-1","T",1,1,2,3,0,"F"
0,2,1,1,"*BFX","bellj005","sotoj001","escoa003","7/L7D+","T",1,0,1,2,3,"F"
1,0,2,2,".CBSBX","","","","S9/L89D+","T",0,1,0,0,0,"F"
1,0,3,2,"CB*BBF1B","pedej001","","","W.1-2","T",0,1,2,0,0,"F"
1,0,3,0,"BBBB","swand001","pedej001","","W.2-3;1-2","T",0,1,2,3,0,"F"
1,0,0,1,"....FX","darnt001","swand001","pedej001","32(3)4/GDP/G3S.2-3;1-2","T",2,0,2,3,0,"F"
1,2,3,0,"BVVV","","darnt001","swand001","IW","T",0,1,0,2,3,"F"
1,2,0,0,"X","albio001","darnt001","swand001","43/G4","T",1,0,1,2,3,"F"
0,0,0,1,".FX","","","","8/F89D","T",1,0,0,0,0,"F"
0,1,0,0,"X","","","","8/F8","T",1,0,0,0,0,"F"
0,2,2,1,"BCBX","","","","HR/F8XD","T",0,4,0,0,0,"F"
0,2,1,1,"BCX","","","","3/P3D","T",1,0,0,0,0,"F"
1,0,2,2,"BBFFX","","","","HR/F9LD","T",0,4,0,0,0,"F"
1,0,0,1,"CX","","","","6/L6D","T",1,0,0,0,0,"F"
1,1,2,0,"BBX","","","","HR/F7LD","T",0,4,0,0,0,"F"
1,1,1,2,"SBC*S","","","","K.BX1(23)","T",1,0,0,0,0,"F"
1,2,2,2,"BSSB*S","","","","K.BX1(23)","T",1,0,0,0,0,"F"
0,0,0,0,".X","","","","T8/F8XD+","T",0,3,0,0,0,"F"
0,0,2,2,"BBFSFS","","","thoml002","K","T",1,0,0,0,3,"F"
0,1,3,0,"VVVV","","","thoml002","IW","T",0,1,0,0,3,"F"
0,1,3,1,"*BBFBX","sotoj001","","thoml002","64(1)/FO/G56.3-H;B-2(E4/TH)","T",1,2,0,0,4,"F"
0,2,2,2,".*SBSB*S","","bellj005","","K.BX1(23)","T",1,0,0,2,0,"F"
1,0,2,2,".FBCBS","","","","K","T",1,0,0,0,0,"F"
1,1,2,2,".BBSCX","","","","4/F89S","T",1,0,0,0,0,"F"
1,2,0,0,"X","","","","8/F8XD+","T",1,0,0,0,0,"F"
0,0,1,2,"..FFBX","","bellj005","","8/F8","T",1,0,0,2,0,"F"
0,1,0,2,"CFX","","bellj005","","43/G34D.2-3","T",1,0,0,3,0,"F"
0,2,1,0,"BX","","","bellj005","43/G34D","T",1,0,0,0,3,"F"
1,0,3,1,".BBFBB","","albio001","","W","T",0,1,0,2,0,"F"
1,0,2,2,"BSFBX","solej001","albio001","","9/F9D.2-3","T",1,0,1,3,0,"F"
1,1,0,1,"F>S","solej001","","albio001","DI.1-2","F",0,0,2,0,3,"F"
1,1,3,2,"F>S.BBFBFFH","","solej001","albio001","HP","T",0,1,0,2,3,"F"
1,1,1,2,"FBFT","rilea001","solej001","albio001","K","T",1,0,1,2,3,"F"
1,2,0,1,"FX","rilea001","solej001","albio001","S7/L78+.3-H(UR);2-3;1-2","T",0,1,2,3,5,"F"
0,0,0,0,"X","","","","8/F89","T",1,0,0,0,0,"T"
0,1,1,2,"BCCS","","","","K","T",1,0,0,0,0,"F"
0,2,1,2,"BS*SX","","","","S1/G25","T",0,1,0,0,0,"F"
0,2,2,0,"B*BX","delab001","","","HR/F9D.1-H","T",0,4,4,0,0,"F"
0,2,2,1,"BFBX","","","","S8/L89D+","T",0,1,0,0,0,"F"
0,2,0,2,"T1FF*S","alfaj002","","","K","T",1,0,1,0,0,"F"
1,0,0,2,"FFS","","","","K","T",1,0,0,0,0,"F"
1,1,3,2,"CBSFBBFC","","","","K","T",1,0,0,0,0,"F"
1,2,3,2,"BFBTFFFBFX","","","","D7/F7D+","T",0,2,0,0,0,"F"
1,2,0,2,"CSS","","freef001","","K","T",1,0,0,2,0,"F"
0,0,1,2,"FCBS","","","","K","T",1,0,0,0,0,"F"
0,1,0,1,"CX","","","","8/F78D","T",1,0,0,0,0,"F"
0,2,0,2,"CSS","","","","K","T",1,0,0,0,0,"F"
1,0,1,2,"BFT*S","","","","K","T",1,0,0,0,0,"F"
1,1,1,1,"BFX","","","","163/G6+","T",1,0,0,0,0,"F"
1,2,1,0,"BX","","","","63/G6D","T",1,0,0,0,0,"F"
0,0,2,1,"BCBX","","","","9/F9","T",1,0,0,0,0,"F"
0,1,0,2,"CSX","","","","E1/G15.B-1","T",0,1,0,0,0,"F"
0,1,1,2,"BS1*S1S","chisj001","","","K","T",1,0,1,0,0,"F"
0,2,2,1,"1B1FB>B","chisj001","","","SB2","F",0,0,2,0,0,"F"
0,2,3,1,"1B1FB>B.*B","","chisj001","","W","T",0,1,0,2,0,"F"
0,2,3,2,"BFBBF>B","sancj003","chisj001","","W.2-3;1-2","T",0,1,2,3,0,"F"
0,2,0,2,"CSFFX","alfaj002","sancj003","chisj001","5/P5S","T",1,0,1,2,3,"F"
1,0,3,2,"CCBFFFBBX","","","","4/P3","T",1,0,0,0,0,"F"
1,1,2,2,"CBCBFS","","","","K","T",1,0,0,0,0,"F"
1,2,3,2,"CBCBBX","","","","8/L8D+","T",1,0,0,0,0,"F"
0,0,0,2,"FSS","","","","K","T",1,0,0,0,0,"F"
0,1,1,2,"CBSFX","","","","43/G4","T",1,0,0,0,0,"F"
0,2,3,2,"SBFBFBC","","","","K","T",1,0,0,0,0,"F"
1,0,3,2,"BBC*SBFX","","","","9/F89S","T",1,0,0,0,0,"F"
1,1,1,0,"BX","","","","3/L3D","T",1,0,0,0,0,"F"
1,2,2,2,"BBSFX","","","","8/F8","T",1,0,0,0,0,"F"
0,0,2,1,"BSBX","","","","63/G6","T",1,0,0,0,0,"F"
0,1,1,0,"BX","","","","S59/G3","T",0,1,0,0,0,"F"
0,1,0,0,">X","chisj001","","","S7/G56.1-3","T",0,1,3,0,0,"F"
0,1,1,2,"FF*BFT","delab001","","chisj001","K","T",1,0,1,0,3,"F"
0,2,1,2,"1S*BF>FFS","delab001","","chisj001","K","T",1,0,1,0,3,"F"
1,0,3,2,"BSBFBC","","","","K","T",1,0,0,0,0,"F"
1,1,1,0,"BX","","","","D9/F9LD","T",0,2,0,0,0,"F"
1,1,3,0,"BBBB","","darnt001","","W","T",0,1,0,2,0,"F"
1,1,0,0,"H","arcio002","darnt001","","HP.2-3;1-2","T",0,1,2,3,0,"F"
1,1,1,2,".CFFBX","hereg002","arcio002","darnt001","S7/G6.3-H;2-3;1-2","T",0,1,2,3,4,"F"
1,1,2,2,"..BTBFS","adrie001","hereg002","arcio002","K","T",1,0,1,2,3,"F"
1,2,1,1,"CBX","adrie001","hereg002","arcio002","S8/G6.3-H;2-H;1-H(E8)(NR);B-2","T",0,2,4,4,4,"F"
1,2,0,0,"X","","solej001","","S5/G6S-.2-H(E5/TH)(NR)(UR);B-2","T",0,2,0,5,0,"F"
1,2,2,1,"FBBX","","freef001","","43/G6MS","T",1,0,0,2,0,"F"
0,0,3,2,".CBBSFBX","","","","S3/G34S","T",0,1,0,0,0,"F"
0,0,1,2,"FB*SS","diazl001","","","K","T",1,0,1,0,0,"F"
0,1,2,2,"CBF*BC","diazl001","","","K","T",1,0,1,0,0,"F"
0,2,2,2,"CFBF*BFS","diazl001","","","K","T",1,0,1,0,0,"F"
1,0,0,2,"SSX","","","","S4/F8S","T",0,1,0,0,0,"F"
1,0,3,2,"BFFFBB>B","duvaa001","","","W.1-2","T",0,1,2,0,0,"F"
1,0,2,2,"SFBBS","darnt001","duvaa001","","K","T",1,0,1,2,0,"F"
1,1,0,0,"X","darnt001","duvaa001","","8/F78XD","T",1,0,1,2,0,"F"
1,2,3,2,".BBCSB>F>X","darnt001","duvaa001","","2/P2","T",1,0,1,2,0,"F"
0,0,2,2,".BTSBC","","","","K","T",1,0,0,0,0,"F"
0,1,2,2,"CBSBS","","","","K","T",1,0,0,0,0,"F"
0,2,3,2,"SBBBSFS","","","","K","T",1,0,0,0,0,"F"
1,0,1,2,".CBSS","","","","K","T",1,0,0,0,0,"F"
1,1,3,2,"BBBCFX","","","","53/G5","T",1,0,0,0,0,"F"
1,2,2,1,"BFBX","","","","3/G3","T",1,0,0,0,0,"F"
0,0,0,0,".X","","","","8/F8D","T",1,0,0,0,0,"F"
0,1,3,2,".BCBBFFX","","","","63/G6","T",1,0,0,0,0,"F"
0,2,3,2,"FB*SFFBBFX","","","","S9/L89XD+","T",0,1,0,0,0,"F"
0,2,1,2,"F*SBF*S","diazl001","","","K","T",1,0,1,0,0,"F"
1,0,3,0,".BBBX","","","","S5/G5","T",0,1,0,0,0,"F"
1,0,1,2,"SBFC","rilea001","","","K","T",1,0,1,0,0,"F"
1,1,3,1,"CB*BBB","rilea001","","","W.1-2","T",0,1,2,0,0,"F"
1,1,0,2,"FSFFX","darnt001","rilea001","","S8/G6M.2-H;1-3;B-2","T",0,2,3,4,0,"F"
1,1,1,2,"FCBX","","arcio002","darnt001","63/G6","T",1,0,0,2,3,"F"
1,2,3,2,".BCSBBFB","","arcio002","darnt001","W","T",0,1,0,2,3,"F"
1,2,2,0,"BBX","contw002","arcio002","darnt001","8/F78D","T",1,0,1,2,3,"F"
0,0,2,2,"..C*SBB*S","","","","K.BX1(23)","T",1,0,0,0,0,"F"
0,1,0,0,"X","","","","53/G5","T",1,0,0,0,0,"F"
0,2,0,1,"CX","","","","8/F89XD","T",1,0,0,0,0,"F"
0,0,2,2,"CBSBX","","","","D9/G3","T",0,2,0,0,0,"T"
0,0,1,0,"BX","","rojam002","","S5/BG56S.2-3","T",0,1,0,3,0,"F"
0,0,0,1,"C11X","chisj001","","rojam002","S8/G6M.3-H;1-3","T",0,1,3,0,4,"F"
0,0,0,1,"FX","delab001","","chisj001","5/P1S","T",1,0,1,0,3,"F"
0,1,1,2,"BFCX","delab001","","chisj001","8/SF/F8XD.3-H","T",1,0,1,0,4,"F"
0,2,0,2,"CF*S","delab001","","","K","T",1,0,1,0,0,"F"
1,0,0,0,"X","","","","S9/L9L+","T",0,1,0,0,0,"F"
1,0,2,2,"CBC1BX","albio001","","","8/F78XD","T",1,0,1,0,0,"F"
1,1,1,2,"BF>FX","albio001","","","56(1)/FO/G34.B-1","T",1,1,0,0,0,"F"
1,2,3,2,"CSBBFB>S","freef001","","","K","T",1,0,1,0,0,"F"
0,0,0,0,"X","","","","9/F89+","T",1,0,0,0,0,"F"
0,1,2,1,"CBBX","","","","HR/F9D","T",0,4,0,0,0,"F"
0,1,1,1,"CBX","","","","53/G5S","T",1,0,0,0,0,"F"
0,2,3,2,"CSBBBX","","","","43/G4M+","T",1,0,0,0,0,"F"
1,0,3,2,"BCBCBFFB","","","","W","T",0,1,0,0,0,"F"
1,0,2,2,"BBCFX","duvaa001","","","S8/L8D.1-2","T",0,1,2,0,0,"F"
1,0,0,2,"CCS","darnt001","duvaa001","","K","T",1,0,1,2,0,"F"
1,1,2,2,"BBCFB","darnt001","duvaa001","","WP.2-3;1-2","F",0,0,2,3,0,"F"
1,1,3,2,"BBCFB.FS","","darnt001","duvaa001","K","T",1,0,0,2,3,"F"
1,2,1,1,"C*BX","","darnt001","duvaa001","8/F89XD","T",1,0,0,2,3,"F"
0,0,1,2,"CFBS","","","","K","T",1,0,0,0,0,"F"
0,1,3,1,"BBBFX","","","","S9/L9D+","T",0,1,0,0,0,"F"
0,1,0,0,"X","delab001","","","7/F7","T",1,0,1,0,0,"F"
0,2,0,1,"CX","delab001","","","53/G5","T",1,0,1,0,0,"F"
1,0,0,1,"CX","","","","7/F7D","T",1,0,0,0,0,"F"
1,1,3,2,"CSBBFFBX","","","","53/G56","T",1,0,0,0,0,"F"
1,2,1,2,"CFFBFFFX","","","","31/G3","T",1,0,0,0,0,"F"
0,0,0,2,"CCS","","","","K","T",1,0,0,0,0,"F"
0,1,1,2,"BSSS","","","","K","T",1,0,0,0,0,"F"
0,2,2,2,"BBCFX","","","","63/G6MS","T",1,0,0,0,0,"F"
1,0,0,0,"X","","","","3/P3DF/FL","T",1,0,0,0,0,"F"
1,1,0,2,"CSX","","","","D9/F9LS","T",0,2,0,0,0,"F"
1,1,0,1,"FX","","duvaa001","","13/G1S-","T",1,0,0,2,0,"F"
1,2,0,0,"X","","duvaa001","","3/G23-","T",1,0,0,2,0,"F"
0,0,0,2,"CSC","","","","K","T",1,0,0,0,0,"F"
0,1,0,1,"CX","","","","6/L56D","T",1,0,0,0,0,"F"
0,2,0,2,"CSX","","","","D9/L89D","T",0,2,0,0,0,"F"
0,2,0,0,"B","","chisj001","","WP.2-3","F",0,0,0,3,0,"F"
0,2,2,2,"B.BCFFT","","","chisj001","K","T",1,0,0,0,3,"F"
1,0,2,2,"BSSBFC","","","","K","T",1,0,0,0,0,"F"
1,1,2,2,"BCCBX","","","","D7/G5","T",0,2,0,0,0,"F"
1,1,1,2,"CFBX","","mortc002","","9/F9D.2-3","T",1,0,0,3,0,"F"
1,2,1,1,"BFX","","","mortc002","D9/L9LD+.3-H","T",0,2,0,0,4,"F"
1,2,2,2,"CBFBX","","solej001","","S9/G34.2-H;B-2","T",0,2,0,4,0,"F"
1,2,0,1,"FX","","freef001","","S7/L7.2-H","T",0,1,0,4,0,"F"
1,2,1,0,".BX","rilea001","","","6/P6D","T",1,0,1,0,0,"F"
0,0,3,2,"BCBBFX","","","","13/G23-","T",1,0,0,0,0,"F"
0,1,0,0,"X","","","","6/L6D","T",1,0,0,0,0,"F"
0,2,1,2,"BFFS","","","","K","T",1,0,0,0,0,"F"
1,0,1,2,"CFBS","","","","K","T",1,0,0,0,0,"F"
1,1,2,2,"FSBBX","","","","9/F9L","T",1,0,0,0,0,"F"
1,2,0,0,"X","","","","43/G4D","T",1,0,0,0,0,"F"
0,0,3,2,"BSFBBX","","","","9/F9S","T",1,0,0,0,0,"F"
0,1,0,1,"CH","","","","HP","T",0,1,0,0,0,"F"
0,1,0,1,".CX","alvae001","","","6(1)3/GDP/G4M","T",2,0,0,0,0,"F"
1,0,1,2,"..CSB*S","","","","K","T",1,0,0,0,0,"F"
1,1,0,1,"FX","","","","7/F7L","T",1,0,0,0,0,"F"
1,2,3,2,"SBBBCX","","","","E6/G6.B-1","T",0,1,0,0,0,"F"
1,2,2,2,"FFB*BX","solej001","","","6(1)/FO/G6MD+.B-1","T",1,1,0,0,0,"F"
0,0,2,1,".BBCX","","","","9/F89S","T",1,0,0,0,0,"F"
0,1,3,2,"SBBBSX","","","","7/F78S","T",1,0,0,0,0,"F"
0,2,3,2,"FBBFBFX","","","","HR/F78XD","T",0,4,0,0,0,"F"
0,2,1,0,"BX","","","","HR/F9D","T",0,4,0,0,0,"F"
0,2,1,1,"FBX","","","","S7/L7S+","T",0,1,0,0,0,"F"
0,2,1,2,"FF1>FBX","brinl001","","","43/G34D","T",1,0,1,0,0,"F"
1,0,1,2,".CBSS","","","","K","T",1,0,0,0,0,"F"
1,1,2,2,"CSBBS","","","","K","T",1,0,0,0,0,"F"
1,2,1,2,"CCBX","","","","S9/G3","T",0,1,0,0,0,"F"
1,2,3,2,"CSB*BBH","darnt001","","","HP.1-2","T",0,1,2,0,0,"F"
1,2,2,2,"BCCBX","swand001","darnt001","","7/F7LD","T",1,0,1,2,0,"F"
0,0,0,1,".SX","","","","S7/L7+","T",0,1,0,0,0,"F"
0,0,0,0,"X","alfaj002","","","36(1)/FO/BG23.B-1","T",1,1,0,0,0,"F"
0,1,1,1,".1F1BX","alvae001","","","S9/G34.1-3","T",0,1,3,0,0,"F"
0,1,0,0,"X","diazi001","","alvae001","FC/SH/BG23.3-H;1-2;B-1","T",0,1,2,0,4,"F"
0,1,1,2,"BFCFS","rojam002","diazi001","","K","T",1,0,1,2,0,"F"
0,2,3,1,"BBFBB","rojam002","diazi001","","W.2-3;1-2","T",0,1,2,3,0,"F"
0,2,1,0,"BX","delab001","rojam002","diazi001","43/G34D+","T",1,0,1,2,3,"F"
1,0,3,1,"...BCBBX","","","","D8/L8XD+","T",0,2,0,0,0,"F"
1,0,0,0,"X","","adrie001","","7/F7D+","T",1,0,0,2,0,"F"
1,1,0,2,"CFFFFC","","adrie001","","K","T",1,0,0,2,0,"F"
1,2,1,2,"SFFFFBX","","adrie001","","S9/F9S.2-H","T",0,1,0,4,0,"F"
1,2,1,0,"BX","freef001","","","7/L78XD","T",1,0,1,0,0,"F"
0,0,0,0,"X","","","","63/G6+","T",1,0,0,0,0,"T"
0,1,0,2,"CFS","","","","K","T",1,0,0,0,0,"F"
0,2,0,0,"X","","","","9/L1S","T",1,0,0,0,0,"F"
1,0,1,2,"CBSFS","","","","K","T",1,0,0,0,0,"F"
1,1,1,0,"BX","","","","63/G56+","T",1,0,0,0,0,"F"
1,2,3,2,"SBSBBX","","","","8/F89XD","T",1,0,0,0,0,"F"
0,0,0,0,"X","","","","HR/F8XD","T",0,4,0,0,0,"F"
0,0,3,2,"FBBFBFFFFS","","","","K","T",1,0,0,0,0,"F"
0,1,2,2,"BCBFFX","","","","9/L89D","T",1,0,0,0,0,"F"
0,2,0,2,"SCX","","","","7/F7D","T",1,0,0,0,0,"F"
1,0,1,1,"BCX","","","","53/G5+","T",1,0,0,0,0,"F"
1,1,0,2,"CCX","","","","4/P3DF/FL","T",1,0,0,0,0,"F"
1,2,1,2,"CFBX","","","","S9/L9LS","T",0,1,0,0,0,"F"
1,2,3,1,"*BBCB+1*B","pedej001","","","W.1-2","T",0,1,2,0,0,"F"
1,2,2,2,"*B*BCSFC","swand001","pedej001","","K","T",1,0,1,2,0,"F"
0,0,1,2,"CSBS","","","","K","T",1,0,0,0,0,"F"
0,1,0,2,"FC*S","","","","K","T",1,0,0,0,0,"F"
0,2,0,2,"CCS","","","","K","T",1,0,0,0,0,"F"
1,0,0,1,"FX","","","","8/F8XD","T",1,0,0,0,0,"F"
1,1,1,0,"BX","","","","S9/L9S","T",0,1,0,0,0,"F"
1,1,3,2,"B1F1B1FB>X","albio001","","","53/G6.1-2","T",1,0,2,0,0,"F"
1,2,3,2,"FBBFBB","","albio001","","W+WP.2-3","T",0,1,0,3,0,"F"
1,2,2,2,"BFBFFC","freef001","","albio001","K","T",1,0,1,0,3,"F"
0,0,1,2,"BSFFX","","","","5/P6","T",1,0,0,0,0,"F"
0,1,2,2,"FBTFB*S","","","","K","T",1,0,0,0,0,"F"
0,2,0,1,"SX","","","","43/G4","T",1,0,0,0,0,"F"
1,0,0,1,"CX","","","","53/G5","T",1,0,0,0,0,"F"
1,1,1,2,"CBFFS","","","","K","T",1,0,0,0,0,"F"
1,2,3,0,"BBB*B","","","","W","T",0,1,0,0,0,"F"
1,2,3,2,"BCFFF*BB>X","swand001","","","HR/F8XD.1-H","T",0,4,4,0,0,"F"
1,2,0,0,".X","","","","S6/G6","T",0,1,0,0,0,"F"
1,2,0,1,"FX","friem001","","","8/F8","T",1,0,1,0,0,"F"
0,0,0,0,"X","","","","6/P78S","T",1,0,0,0,0,"F"
0,1,0,1,"CX","","","","5/P6","T",1,0,0,0,0,"F"
0,2,3,2,"BBBCFF*B","","","","W","T",0,1,0,0,0,"F"
0,2,0,2,"CFFF*S","jacka002","","","K","T",1,0,1,0,0,"F"
1,0,1,1,"CBX","","","","D7/L7L","T",0,2,0,0,0,"F"
1,0,2,2,"BBCFFX","","solej001","","53/G6","T",1,0,0,2,0,"F"
1,1,0,1,"CX","","solej001","","53/G5","T",1,0,0,2,0,"F"
1,2,3,2,"S*BBFBX","","solej001","","S7/L7.2-H","T",0,1,0,4,0,"F"
1,2,0,1,"1CB","darnt001","","","OA.1X2(263)","F",1,0,0,0,0,"F"
0,0,1,0,".BX","","","","T7/F8XD+","T",0,3,0,0,0,"F"
0,0,2,2,"F*BBFX","","","diazl001","S7/G56.3-H","T",0,1,0,0,4,"F"
0,0,2,1,"B*BCX","rojam002","","","FC/SH/BG1S.1-2;B-1(E1)","T",0,1,2,0,0,"F"
0,0,1,1,"FBX","chisj001","rojam002","","36(1)/FO/G34.2-3;B-1","T",1,1,0,3,0,"F"
0,1,0,2,"1FCX","delab001","","rojam002","S8/L8D.3-H;1-2","T",0,1,2,0,4,"F"
0,1,2,2,"CS*BBX","sancj003","delab001","","8/L8","T",1,0,1,2,0,"F"
0,2,1,2,"CBFX","sancj003","delab001","","63/G6","T",1,0,1,2,0,"F"
1,0,0,2,"..CCS","","","","K","T",1,0,0,0,0,"F"
1,1,2,2,"CB.BSC","","","","K","T",1,0,0,0,0,"F"
1,2,0,2,"CSFX","","","","9/F89","T",1,0,0,0,0,"F"
0,0,1,2,".SFBFS","","","","K","T",1,0,0,0,0,"F"
0,1,1,2,"CFBX","","","","8/F78XD","T",1,0,0,0,0,"F"
0,2,1,1,"CBX","","","","7/L78","T",1,0,0,0,0,"F"
1,0,3,1,"..SBBBX","","","","7/F78XD","T",1,0,0,0,0,"F"
1,1,2,1,"BSBX","","","","HR/F9D","T",0,4,0,0,0,"F"
1,1,1,2,"FBFX","","","","63/G56+","T",1,0,0,0,0,"F"
1,2,1,0,"BX","","","","HR/F7LD","T",0,4,0,0,0,"F"
1,2,1,1,"BCX","","","","43/G6+","T",1,0,0,0,0,"F"
0,0,2,2,".CBFFBX","","","","43/G4M","T",1,0,0,0,0,"F"
0,1,0,2,"FCX","","","","43/G4+","T",1,0,0,0,0,"F"
0,2,0,0,"X","","","","63/G6","T",1,0,0,0,0,"F"
1,0,1,1,"....BCX","","","","63/G6M+","T",1,0,0,0,0,"F"
1,1,1,2,"FBCX","","","","6/P8S","T",1,0,0,0,0,"F"
1,2,0,0,"X","","","","E5/TH/G56D.B-1","T",0,1,0,0,0,"F"
1,2,2,1,"*BBFX","swand001","","","8/F8XD","T",1,0,1,0,0,"F"
0,0,2,2,"...CBSFBX","","","","T9/F9LD","T",0,3,0,0,0,"F"
0,0,1,2,"BS*SFX","","","sancj003","7/F78D","T",1,0,0,0,3,"F"
0,1,3,2,"SSBBBFB","","","sancj003","W","T",0,1,0,0,3,"F"
0,1,2,2,".C1BBF1X","sierm002","","sancj003","3/P23F/FL","T",1,0,1,0,3,"F"
0,2,0,0,"X","sierm002","","sancj003","53/G5","T",1,0,1,0,3,"F"
0,0,0,2,"CFF*S","","","","K","T",1,0,0,0,0,"T"
0,1,3,2,"BBBCFFS","","","","K","T",1,0,0,0,0,"F"
0,2,3,1,"BBFBX","","","","7/F56D","T",1,0,0,0,0,"F"
1,0,0,2,"CCS","","","","K","T",1,0,0,0,0,"F"
1,1,2,2,"CBCBX","","","","D9/L9LD","T",0,2,0,0,0,"F"
1,1,2,2,"FBBFX","","solej001","","S8/G6M.2-H","T",0,1,0,4,0,"F"
1,1,0,1,"CX","freef001","","","S9/G34.1-2","T",0,1,2,0,0,"F"
1,1,2,2,"CFBBFS","rilea001","freef001","","K","T",1,0,1,2,0,"F"
1,2,2,2,"TBCF*BS","rilea001","freef001","","K","T",1,0,1,2,0,"F"
0,0,1,0,"BX","","","","HR/F8XD","T",0,4,0,0,0,"F"
0,0,1,2,"CBSX","","","","8/L8XD","T",1,0,0,0,0,"F"
0,1,3,1,"FBBBB","","","","W","T",0,1,0,0,0,"F"
0,1,0,1,"CX","mcmar001","","","S7/L78D+.1-3","T",0,1,3,0,0,"F"
0,1,1,0,"BX","diaze005","","mcmar001","S8/L8.3-H;1-2","T",0,1,2,0,4,"F"
0,1,1,2,"LBLC","hampg001","diaze005","","K","T",1,0,1,2,0,"F"
0,2,1,0,"BX","hampg001","diaze005","","43/G34D","T",1,0,1,2,0,"F"
1,0,0,0,"X","","","","13/G4MS","T",1,0,0,0,0,"F"
1,1,0,2,"CCX","","","","8/F8D","T",1,0,0,0,0,"F"
1,2,1,2,"CBFC","","","","K","T",1,0,0,0,0,"F"
0,0,0,0,"X","","","","43/G4","T",1,0,0,0,0,"F"
0,1,2,2,"CBSBS","","","","K","T",1,0,0,0,0,"F"
0,2,3,1,"BBSBX","","","","63/G6","T",1,0,0,0,0,"F"
1,0,2,2,"FFBBX","","","","43/G34","T",1,0,0,0,0,"F"
1,1,2,2,"BSBFFX","","","","8/L8XD","T",1,0,0,0,0,"F"
1,2,3,2,"BBCCBB","","","","W","T",0,1,0,0,0,"F"
1,2,0,0,"X","freef001","","","64(1)/FO/G56S.B-1","T",1,1,0,0,0,"F"
0,0,1,1,"BCX","","","","7/F78XD","T",1,0,0,0,0,"F"
0,1,3,2,"SBBFB*B","","","","W","T",0,1,0,0,0,"F"
0,1,2,2,"*BFCB>B","mcmar001","","","SB2","F",0,0,2,0,0,"F"
0,1,3,2,"*BFCB>B.X","","mcmar001","","13/G13-.2-3","T",1,0,0,3,0,"F"
0,2,3,0,"VVVV","","","mcmar001","IW","T",0,1,0,0,3,"F"
0,2,0,1,"*S1>C","hampg001","","mcmar001","SB2","F",0,0,2,0,3,"F"
0,2,1,2,"*S1>C.BC","","hampg001","mcmar001","K","T",1,0,0,2,3,"F"
1,0,0,2,"CFFC","","","","K","T",1,0,0,0,0,"F"
1,1,1,1,"BCX","","","","D7/L78XD","T",0,2,0,0,0,"F"
1,1,3,1,"BSBBX","","darnt001","","D9/L89XD.2-H","T",0,2,0,4,0,"F"
1,1,0,2,"SFX","","swand001","","3/G3.2-3","T",1,0,0,3,0,"F"
1,2,2,2,"BFBFX","","","swand001","43/G4","T",1,0,0,0,3,"F"
0,0,0,1,"CX","","","","S9/L89","T",0,1,0,0,0,"F"
0,0,3,2,"1B1BC1BS>X","tapir001","","","HR/L7D.1-H","T",0,4,4,0,0,"F"
0,0,0,0,".X","","","","D9/L9LD+","T",0,2,0,0,0,"F"
0,0,3,2,"BSBBCFB","","blacc001","","W","T",0,1,0,2,0,"F"
0,0,1,1,"BSX","stort001","blacc001","","54(1)3/GDP/G5.2-3","T",2,0,0,3,0,"F"
0,2,1,1,"BFX","","","blacc001","31/G3","T",1,0,0,0,3,"F"
1,0,3,2,"FFBBFBB","","","","W","T",0,1,0,0,0,"F"
1,0,0,2,"F1FFC","albio001","","","K","T",1,0,1,0,0,"F"
1,1,1,0,"1B>B","albio001","","","CS2(26)","F",1,0,0,0,0,"F"
1,2,2,2,"1B>B.SFFS","","","","K","T",1,0,0,0,0,"F"
0,0,0,0,".X","","","","9/F9","T",1,0,0,0,0,"F"
0,1,1,0,"BX","","","","T4/F9","T",0,3,0,0,0,"F"
0,1,2,1,".CBBX","","","hampg001","8/SF/F78D.3-H","T",1,0,0,0,4,"F"
0,2,1,2,"BCFX","","","","63/G6S","T",1,0,0,0,0,"F"
1,0,3,1,".BBBCX","","","","E6/TH/G6+.B-1","T",0,1,0,0,0,"F"
1,0,1,2,"CBFS","rilea001","","","K","T",1,0,1,0,0,"F"
1,1,1,2,"CFBFX","rilea001","","","54(1)/FO/G56.B-1","T",1,1,0,0,0,"F"
1,2,3,2,"BBFBS>X","darnt001","","","6/P56D","T",1,0,1,0,0,"F"
0,0,0,1,".CX","","","","53/G5","T",1,0,0,0,0,"F"
0,1,2,2,"FBBSX","","","","43/G4","T",1,0,0,0,0,"F"
0,2,3,2,"CBBFFBFC","","","","K","T",1,0,0,0,0,"F"
1,0,1,0,".BX","","","","3/G3","T",1,0,0,0,0,"F"
1,1,1,2,".CSFFBS","","","","K","T",1,0,0,0,0,"F"
1,2,0,2,"CCFFFFX","","","","13/G1S","T",1,0,0,0,0,"F"
0,0,3,2,".BFCBFFBFB","","","","W","T",0,1,0,0,0,"F"
0,0,1,2,"CBCS","cronc002","","","K","T",1,0,1,0,0,"F"
0,1,1,2,"C*BFS","cronc002","","","K","T",1,0,1,0,0,"F"
0,2,2,1,"CBBX","cronc002","","","8/F89XD","T",1,0,1,0,0,"F"
1,0,1,0,".BX","","","","3/P3D","T",1,0,0,0,0,"F"
1,1,1,0,"BX","","","","T9/F8XD+","T",0,3,0,0,0,"F"
1,1,1,2,"FBFFS","","","freef001","K","T",1,0,0,0,3,"F"
1,2,1,1,"S*BX","","","freef001","HR/F78XD.3-H","T",0,4,0,0,4,"F"
1,2,0,2,"FSX","","","","8/L78","T",1,0,0,0,0,"F"
0,0,2,2,".SBBFS","","","","K","T",1,0,0,0,0,"F"
0,1,1,1,"BCX","","","","31/G34","T",1,0,0,0,0,"F"
0,2,3,2,"BSBFBFS","","","","K","T",1,0,0,0,0,"F"
1,0,2,1,".CBBX","","","","63/G6+","T",1,0,0,0,0,"F"
1,1,3,2,"BBCCBB","","","","W","T",0,1,0,0,0,"F"
1,1,2,2,".BCSBS","rosae001","","","K","T",1,0,1,0,0,"F"
1,2,0,0,"X","rosae001","","","S8/L8D+.1-2","T",0,1,2,0,0,"F"
1,2,0,0,"X","albio001","rosae001","","8/F8","T",1,0,1,2,0,"F"
0,0,3,2,"CSBBBS","","","","K","T",1,0,0,0,0,"T"
0,1,1,1,"BFX","","","","63/G6MS","T",1,0,0,0,0,"F"
0,2,0,2,"CSS","","","","K","T",1,0,0,0,0,"F"
1,0,2,2,"BFFBFX","","","","S8/L78","T",0,1,0,0,0,"F"
1,0,0,0,"X","albio001","","","14(1)3/GDP/G1","T",2,0,0,0,0,"F"
1,2,1,1,"FBX","","","","7/L7L+","T",1,0,0,0,0,"F"
0,0,0,2,"FFX","","","","S9/L9L+","T",0,1,0,0,0,"F"
0,0,1,2,"F1B1FC","stort001","","","K","T",1,0,1,0,0,"F"
0,1,2,2,"F1BSBS","stort001","","","K","T",1,0,1,0,0,"F"
0,2,0,1,"CB","stort001","","","WP.1-2","F",0,0,2,0,0,"F"
0,2,2,2,"CB.BFFFX","","stort001","","43/G4M","T",1,0,0,2,0,"F"
1,0,1,1,"BCX","","","","S8/L89+","T",0,1,0,0,0,"F"
1,0,1,2,"CCBFFC","rilea001","","","K","T",1,0,1,0,0,"F"
1,1,3,2,"CBFBBFFC","rilea001","","","K","T",1,0,1,0,0,"F"
1,2,2,2,"BBCSFFX","rilea001","","","S9/G34.1-2","T",0,1,2,0,0,"F"
1,2,0,0,"X","swand001","rilea001","","S8/L89D.2-H;1-3","T",0,1,3,4,0,"F"
1,2,0,2,"1FCS","rosae001","","swand001","K","T",1,0,1,0,3,"F"
0,0,3,2,"FBBSB*S","","","","K.BX1(23)","T",1,0,0,0,0,"F"
0,1,1,2,"BCSX","","","","13/G1","T",1,0,0,0,0,"F"
0,2,2,1,"BBFX","","","","43/G6M+","T",1,0,0,0,0,"F"
1,0,1,2,"BF*SX","","","","7/F7D","T",1,0,0,0,0,"F"
1,1,0,1,"CX","","","","S9/L89S","T",0,1,0,0,0,"F"
1,1,2,2,"*BCFFFBX","solej001","","","36(1)3/GDP/G3","T",2,0,0,0,0,"F"
0,0,1,0,"BX","","","","S7/G6+","T",0,1,0,0,0,"F"
0,0,2,2,"LSF*BF*B*S","rodgb002","","","K","T",1,0,1,0,0,"F"
0,1,2,2,"SFF1FFB*BFX","rodgb002","","","9/L9LD","T",1,0,1,0,0,"F"
0,2,0,2,"CFFC","rodgb002","","","K","T",1,0,1,0,0,"F"
1,0,0,0,"X","","","","S7/G56+","T",0,1,0,0,0,"F"
1,0,2,1,"*BCBX","rilea001","","","8/F89D","T",1,0,1,0,0,"F"
1,1,0,0,"X","rilea001","","","64(1)/FO/G6+.B-1","T",1,1,0,0,0,"F"
1,2,1,2,"SFBFS","darnt001","","","K","T",1,0,1,0,0,"F"
0,0,2,2,"BSBSX","","","","S7/G56+","T",0,1,0,0,0,"F"
0,0,0,0,"X","hills005","","","S9/L89.1-2","T",0,1,2,0,0,"F"
0,0,1,0,"BX","welkc001","hills005","","8/F8XD.2-3","T",1,0,1,3,0,"F"
0,1,1,1,"LBX","welkc001","","hills005","FC/SH/BG23.3-H;1-2;B-1","T",0,1,2,0,4,"F"
0,1,3,2,"BBCSBB","senza001","welkc001","","W.2-3;1-2","T",0,1,2,3,0,"F"
0,1,0,2,"SFS","hampg001","senza001","welkc001","K","T",1,0,1,2,3,"F"
0,2,3,1,"*BBF*BB","hampg001","senza001","welkc001","W.3-H;2-3;1-2","T",0,1,2,3,4,"F"
0,2,2,2,".FBBFS","blacc001","hampg001","senza001","K","T",1,0,1,2,3,"F"
1,0,0,2,"SCX","","","","HR/F9D","T",0,4,0,0,0,"F"
1,0,2,2,".CBBFFFS","","","","K","T",1,0,0,0,0,"F"
1,1,0,2,"*SFX","","","","31/G3","T",1,0,0,0,0,"F"
1,2,0,1,"FX","","","","4/L4MD","T",1,0,0,0,0,"F"
0,0,1,2,".CFBFC","","","","K","T",1,0,0,0,0,"F"
0,1,2,0,"BBX","","","","9/F9D","T",1,0,0,0,0,"F"
0,2,0,1,"CX","","","","7/L78XD+","T",1,0,0,0,0,"F"
1,0,0,1,"SX","","","","3/G3","T",1,0,0,0,0,"F"
1,1,0,2,"CCS","","","","K","T",1,0,0,0,0,"F"
1,2,3,2,"BBBFFC","","","","K","T",1,0,0,0,0,"F"
0,0,2,0,".BBX","","","","8/F8D","T",1,0,0,0,0,"F"
0,1,2,2,".BBCFFX","","","","63/G6D","T",1,0,0,0,0,"F"
0,2,2,1,"SBBX","","","","8/F8XD","T",1,0,0,0,0,"F"
1,0,1,2,".CBCX","","","","63/G6S","T",1,0,0,0,0,"F"
1,1,3,2,"BBBCCB","","","","W","T",0,1,0,0,0,"F"
1,1,3,1,"FBB11BB","swand001","","","W.1-2","T",0,1,2,0,0,"F"
1,1,1,0,"..BX","rosae001","swand001","","7/F7LS","T",1,0,1,2,0,"F"
1,2,3,2,"FBSBFF*B>B","rosae001","swand001","","W.2-3;1-2","T",0,1,2,3,0,"F"
1,2,1,0,"BX","albio001","rosae001","swand001","4/P34D","T",1,0,1,2,3,"F"
0,0,2,2,".CBBSFFS","","","","K","T",1,0,0,0,0,"F"
0,1,2,2,"FBBFC","","","","K","T",1,0,0,0,0,"F"
0,2,3,2,"SBSFBFFFBS","","","","K","T",1,0,0,0,0,"F"
1,0,0,1,".CX","","","","S8/L8D+","T",0,1,0,0,0,"F"
1,0,1,1,"*BF1X","freef001","","","4/P4","T",1,0,1,0,0,"F"
1,1,0,2,"1F1SX","freef001","","","S8/L8S.1-2","T",0,1,2,0,0,"F"
1,1,0,2,"FFS","duvaa001","freef001","","K","T",1,0,1,2,0,"F"
1,2,1,2,"BSFFS","duvaa001","freef001","","K","T",1,0,1,2,0,"F"
0,0,1,2,".SBSX","","","","13/G2","T",1,0,0,0,0,"F"
0,1,1,2,".CSBFX","","","","8/L8D+","T",1,0,0,0,0,"F"
0,2,1,2,"CFFFB*S","","","","K.BX1(23)","T",1,0,0,0,0,"F"
1,0,3,2,"..BBFBCFS","","","","K","T",1,0,0,0,0,"F"
1,1,0,1,".FX","","","","8/F89S","T",1,0,0,0,0,"F"
1,2,1,0,"BX","","","","S8/L8","T",0,1,0,0,0,"F"
1,2,3,1,"F*BBBB","albio001","","","W.1-2","T",0,1,2,0,0,"F"
1,2,0,0,"X","solej001","albio001","","8/F8XD+","T",1,0,1,2,0,"F"
0,0,2,2,"..FSBBX","","welkc001","","43/G34.2-3","T",1,0,0,3,0,"F"
0,1,0,0,"X","","","welkc001","S8/G6M.3-H(UR)","T",0,1,0,0,5,"F"
0,1,0,1,"C1","tapir001","","","POCS2(1346)","F",1,0,0,0,0,"F"
0,2,2,2,"C1.BCFBX","","","","7/L7D","T",1,0,0,0,0,"F"
1,0,1,2,"..CSBS","","freef001","","K","T",1,0,0,2,0,"F"
1,1,3,2,"BBCBCH","","freef001","","HP","T",0,1,0,2,0,"F"
1,1,3,2,"B*BSCBS","duvaa001","freef001","","K","T",1,0,1,2,0,"F"
1,2,2,2,"BFFBX","duvaa001","freef001","","9/F34D","T",1,0,1,2,0,"F"
0,0,0,0,"X","","","","S7/L7S","T",0,1,0,0,0,"T"
0,0,0,1,"CX","herro001","","","S8/L8+.1-2","T",0,1,2,0,0,"F"
0,0,1,0,"BX","seguj002","herro001","","64(1)/FO/G6D+.2-3;B-1","T",1,1,0,3,0,"F"
0,1,0,2,"CCFS","harpb003","","herro001","K","T",1,0,1,0,3,"F"
0,2,1,1,"CB1X","harpb003","","herro001","43/G34","T",1,0,1,0,3,"F"
1,0,2,2,"BBCCC","","","","K","T",1,0,0,0,0,"F"
1,1,0,2,"SCX","","","","7/L7","T",1,0,0,0,0,"F"
1,2,0,1,"SX","","","","43/G34","T",1,0,0,0,0,"F"
0,0,1,2,"CFBS","","","","K","T",1,0,0,0,0,"F"
0,1,0,2,"CSX","","","","8/L89XD","T",1,0,0,0,0,"F"
0,2,2,0,"BBX","","","","6/P6MD","T",1,0,0,0,0,"F"
1,0,3,2,"CFBFBFBFFS","","","","K","T",1,0,0,0,0,"F"
1,1,1,0,"BX","","","","53/G5","T",1,0,0,0,0,"F"
1,2,1,1,"FBX","","","","53/G6","T",1,0,0,0,0,"F"
0,0,2,2,"BCCBC","","","","K","T",1,0,0,0,0,"F"
0,1,2,2,"FBFBFC","","","","K","T",1,0,0,0,0,"F"
0,2,2,0,"BBX","","","","9/F1S","T",1,0,0,0,0,"F"
1,0,0,1,"CX","","","","D7/L7L","T",0,2,0,0,0,"F"
1,0,0,0,"X","","darnt001","","S8/L89.2-3","T",0,1,0,3,0,"F"
1,0,2,2,"CBBLX","swand001","","darnt001","24/SH/BG2-.1-2","T",1,0,2,0,3,"F"
1,1,0,0,"X","","swand001","darnt001","S7/L7L.3-H;2-H","T",0,1,0,4,4,"F"
1,1,1,0,"*BX","solej001","","","43/G34.1-2","T",1,0,2,0,0,"F"
1,2,1,1,"CBX","","solej001","","43/G4D","T",1,0,0,2,0,"F"
0,0,1,2,"SBSFS","","","","K","T",1,0,0,0,0,"F"
0,1,1,0,"BX","","","","43/G4MD+","T",1,0,0,0,0,"F"
0,2,3,0,"BBBB","","","","W","T",0,1,0,0,0,"F"
0,2,3,2,"BBFCB>*B","millb002","","","W.1-2","T",0,1,2,0,0,"F"
0,2,1,2,"FFBS","mccua001","millb002","","K","T",1,0,1,2,0,"F"
1,0,0,0,"X","","","","63/G6","T",1,0,0,0,0,"F"
1,1,0,1,"CX","","","","53/G56","T",1,0,0,0,0,"F"
1,2,2,1,"BBFX","","","","63/G4S","T",1,0,0,0,0,"F"
0,0,2,2,"BBCFC","","","","K","T",1,0,0,0,0,"F"
0,1,1,1,"BFX","","","","23/BG2-","T",1,0,0,0,0,"F"
0,2,1,2,"CSBX","","","","S67/L78S","T",0,1,0,0,0,"F"
0,2,2,2,"CFBBFX","herro001","","","46(1)/FO/G4.B-1","T",1,1,0,0,0,"F"
1,0,1,1,"BSX","","","","63/G6","T",1,0,0,0,0,"F"
1,1,2,2,"BSBFC","","","","K","T",1,0,0,0,0,"F"
1,2,1,2,"CSBS","","","","K","T",1,0,0,0,0,"F"
0,0,1,2,"FSBS","","","","K","T",1,0,0,0,0,"F"
0,1,2,0,"BBX","","","","3/P3F/FL","T",1,0,0,0,0,"F"
0,2,3,2,"SSBBBS","","","","K","T",1,0,0,0,0,"F"
1,0,3,2,"CCBFBBF*B","","","","W","T",0,1,0,0,0,"F"
1,0,2,2,"S1BFBX","solej001","","","S9/L9.1-2","T",0,1,2,0,0,"F"
1,0,1,2,"BFFFX","freef001","solej001","","9/L89D","T",1,0,1,2,0,"F"
1,1,1,2,"FFBS","freef001","solej001","","K","T",1,0,1,2,0,"F"
1,2,0,0,"X","freef001","solej001","","4/P89S","T",1,0,1,2,0,"F"
0,0,2,1,"BBSX","","","","53/G5","T",1,0,0,0,0,"F"
0,1,2,1,"BBCX","","","","43/G4+","T",1,0,0,0,0,"F"
0,2,2,2,"SBFBS","","","","K","T",1,0,0,0,0,"F"
1,0,0,1,"FX","","","","3/G3+","T",1,0,0,0,0,"F"
1,1,2,2,"CBFBFS","","","","K","T",1,0,0,0,0,"F"
1,2,1,2,"CBCT","","","","K","T",1,0,0,0,0,"F"
0,0,2,2,"..BCFFBX","","","","7/L7D","T",1,0,0,0,0,"F"
0,1,1,2,"CFBX","","","","43/G4","T",1,0,0,0,0,"F"
0,2,2,2,"CSBBFX","","","","9/L9D","T",1,0,0,0,0,"F"
1,0,0,2,"..CFT","","","","K","T",1,0,0,0,0,"F"
1,1,2,1,"BFBX","","","","E5/G56D.B-1","T",0,1,0,0,0,"F"
1,1,3,2,"BCBSB>B","solej001","","","W.1-2","T",0,1,2,0,0,"F"
1,1,0,2,"FFFFX","freef001","solej001","","46(1)/FO/G34.2-3;B-1","T",1,1,0,3,0,"F"
1,2,0,1,">F>S","albio001","","solej001","SB2","F",0,0,2,0,3,"F"
1,2,1,2,">F>S.BFC","","albio001","solej001","K","T",1,0,0,2,3,"F"
0,0,3,2,"...CBBFFBFFB","","","","W","T",0,1,0,0,0,"F"
0,0,1,2,"BFFX","harpb003","","","8/L89D","T",1,0,1,0,0,"F"
0,1,1,2,".BCTFX","harpb003","","","E7/L78XD+.1-3;B-2","T",0,2,3,0,0,"F"
0,1,3,0,"VVVV","","vierm001","harpb003","IW","T",0,1,0,2,3,"F"
0,1,1,1,"FBX","mccua001","vierm001","harpb003","9/SF/L9D+.3-H(UR);2-3","T",1,0,1,3,5,"F"
0,2,3,2,"*B*B1BCF>F>F>S","mccua001","","vierm001","K","T",1,0,1,0,3,"F"
0,0,0,0,"X","","","","7/F7LSF/FL","T",1,0,0,0,0,"T"
0,1,1,2,"CFFFFBX","","","","53/G56","T",1,0,0,0,0,"F"
0,2,2,2,"SBBSS","","","","K","T",1,0,0,0,0,"F"
1,0,0,2,"CSX","","","","S7/G56+","T",0,1,0,0,0,"F"
1,0,3,1,"BBFBX","solej001","","","S8/G4M.1-2","T",0,1,2,0,0,"F"
1,0,1,2,"CFBX","freef001","solej001","","8/L8D","T",1,0,1,2,0,"F"
1,1,3,2,"BSBBFX","freef001","solej001","","S9/F3D.2-H;1-3","T",0,1,3,4,0,"F"
1,1,0,2,"FCX","rilea001","","freef001","46(1)/FO/G4D.3-H;B-1","T",1,1,0,0,4,"F"
1,2,1,2,"B1CFX","duvaa001","","","63/G4","T",1,0,1,0,0,"F"
0,0,2,2,"BBCFS","","","","K","T",1,0,0,0,0,"F"
0,1,3,2,"SBBCBS","","","","K","T",1,0,0,0,0,"F"
0,2,1,2,"CBCX","","","","S9/L9","T",0,1,0,0,0,"F"
0,2,1,0,"BX","vierm001","","","S9/G3+.1-3","T",0,1,3,0,0,"F"
0,2,2,0,"BBX","gregd001","","vierm001","S4/G34.3-H;1-3(E4/TH)","T",0,1,3,0,4,"F"
0,2,0,1,"CB","torrr001","","gregd001","WP.1-2","F",0,0,2,0,3,"F"
0,2,2,1,"CB.BX","","torrr001","gregd001","31/G34","T",1,0,0,2,3,"F"
1,0,1,2,"FSBX","","","","9/L9L","T",1,0,0,0,0,"F"
1,1,1,2,"CBFX","","","","D9/F89XD+","T",0,2,0,0,0,"F"
1,1,1,0,"BX","","swand001","","43/G4+.2-3","T",1,0,0,3,0,"F"
1,2,3,1,"SBBBB","","","swand001","W","T",0,1,0,0,3,"F"
1,2,2,2,"SBFBS","solej001","","swand001","K","T",1,0,1,0,3,"F"
0,0,0,1,"CX","","","","63/G6D+","T",1,0,0,0,0,"F"
0,1,0,2,"FFFX","","","","63/G6","T",1,0,0,0,0,"F"
0,2,3,2,"BBFFBS","","","","K","T",1,0,0,0,0,"F"
1,0,2,2,"FBFBX","","","","S7/G56","T",0,1,0,0,0,"F"
1,0,1,2,"11S1>FB1S","albio001","","","K","T",1,0,1,0,0,"F"
1,1,0,0,"X","albio001","","","8/F8","T",1,0,1,0,0,"F"
1,2,1,2,"1F1FB1>X","albio001","","","D9/L9LD.1-H","T",0,2,4,0,0,"F"
1,2,1,1,"BCX","","rosae001","","53/G56","T",1,0,0,2,0,"F"
0,0,2,1,"BCBX","","","","8/F8","T",1,0,0,0,0,"F"
0,1,3,2,"CBBBFX","","","","53/G5","T",1,0,0,0,0,"F"
0,2,0,1,"CX","","","","6/L6","T",1,0,0,0,0,"F"
1,0,0,2,"CCX","","","","S7/L7","T",0,1,0,0,0,"F"
1,0,0,0,"X","swand001","","","24/SH/BG2.1-2","T",1,0,2,0,0,"F"
1,1,3,0,"BBBB","","swand001","","W","T",0,1,0,2,0,"F"
1,1,0,2,"CSFS","solej001","swand001","","K","T",1,0,1,2,0,"F"
1,2,0,1,"SX","solej001","swand001","","4/P3D","T",1,0,1,2,0,"F"
0,0,0,1,"CX","","","","43/G4+","T",1,0,0,0,0,"F"
0,1,2,1,"BBFX","","","","63/G6D","T",1,0,0,0,0,"F"
0,2,1,2,"CCBFFC","","","","K","T",1,0,0,0,0,"F"
1,0,0,1,"CX","","","","8/L8XD","T",1,0,0,0,0,"F"
1,1,1,1,"BFX","","","","5/P25","T",1,0,0,0,0,"F"
1,2,1,1,"BSX","","","","31/G34","T",1,0,0,0,0,"F"
0,0,1,0,"BX","","","","D8/F89D","T",0,2,0,0,0,"F"
0,0,2,0,"BBS","","herro001","","PB.2-3","F",0,0,0,3,0,"F"
0,0,2,1,"BBS.X","","","herro001","63/G6.3-H(UR)","T",1,0,0,0,5,"F"
0,1,2,2,"SSBBFS","","","","K","T",1,0,0,0,0,"F"
0,2,1,2,"CSBX","","","","4/P8S","T",1,0,0,0,0,"F"
1,0,0,0,"X","","","","53/G56","T",1,0,0,0,0,"F"
1,1,0,1,"FX","","","","9/F9D","T",1,0,0,0,0,"F"
1,2,0,2,"CSS","","","","K","T",1,0,0,0,0,"F"
0,0,0,1,"FX","","","","8/F8","T",1,0,0,0,0,"F"
0,1,1,2,"CSBX","","","","63/G6+","T",1,0,0,0,0,"F"
0,2,1,1,"CBX","","","","5/P56","T",1,0,0,0,0,"F"
1,0,0,0,".X","","","","S4/G4M+","T",0,1,0,0,0,"F"
1,0,1,2,"BCFS","solej001","","","K","T",1,0,1,0,0,"F"
1,1,0,2,"SFFX","solej001","","","S8/G6M.1-3(E8);B-2","T",0,2,3,0,0,"F"
1,1,1,2,".BSFX","","albio001","solej001","D7/G5.3-H;2-H","T",0,2,0,4,4,"F"
1,1,0,2,"F*SS","","rilea001","","K","T",1,0,0,2,0,"F"
1,2,3,2,"BSBBFB","","rilea001","","W","T",0,1,0,2,0,"F"
1,2,3,2,"CBBFFFB>B","rosae001","rilea001","","W.2-3;1-2","T",0,1,2,3,0,"F"
1,2,0,0,".X","darnt001","rosae001","rilea001","S8/G6M.3-H;2-H;1-3","T",0,1,3,4,4,"F"
1,2,3,2,".C*BSBFB>B","swand001","","darnt001","W.1-2","T",0,1,2,0,3,"F"
1,2,1,1,"BFX","pedej001","swand001","darnt001","43/G4","T",1,0,1,2,3,"F"
0,0,2,1,"...BBCX","","","","7/L78D","T",1,0,0,0,0,"F"
0,1,1,2,".BFFH","","","","HP","T",0,1,0,0,0,"F"
0,1,2,1,"BBFX","bohma001","","","D9/L9LD+.1-3","T",0,2,3,0,0,"F"
0,1,2,2,"BCCBS","","herro001","bohma001","K","T",1,0,0,2,3,"F"
0,2,0,0,"X","","herro001","bohma001","4/P4","T",1,0,0,2,3,"F"
1,0,0,1,".CX","","","","2/P2F/FL","T",1,0,0,0,0,"F"
1,1,1,1,"SBX","","","","6/P8S","T",1,0,0,0,0,"F"
1,2,0,2,"SF*S","","","","K","T",1,0,0,0,0,"F"
0,0,1,0,".BX","","","","8/L8XD","T",1,0,0,0,0,"F"
0,1,2,1,"BBFX","","","","63/G6+","T",1,0,0,0,0,"F"
0,2,0,0,"X","","","","63/G6S-","T",1,0,0,0,0,"F"
0,0,3,2,"CSBBBFX","","","","6/P6","T",1,0,0,0,0,"T"
0,1,2,0,"BBX","","","","7/F78D","T",1,0,0,0,0,"F"
0,2,3,2,"BSBBSX","","","","53/G34","T",1,0,0,0,0,"F"
1,0,3,2,"BBCBFX","","","","HR/F78XD","T",0,4,0,0,0,"F"
1,0,3,2,"CFBBBFS","","","","K","T",1,0,0,0,0,"F"
1,1,3,1,"FBBBX","","","","5/P6D","T",1,0,0,0,0,"F"
1,2,2,1,"CBBX","","","","63/G56","T",1,0,0,0,0,"F"
0,0,1,2,"CFFBX","","","","9/L9D+","T",1,0,0,0,0,"F"
0,1,3,1,"CBBBB","","","","W","T",0,1,0,0,0,"F"
0,1,2,1,"BBSX","millb002","","","D7/G5.1-3","T",0,2,3,0,0,"F"
0,1,3,2,"CBFFBFBX","","mccua001","millb002","3/P3SF/FL","T",1,0,0,2,3,"F"
0,2,3,0,"VVVV","","mccua001","millb002","IW","T",0,1,0,2,3,"F"
0,2,0,0,"X","torrr001","mccua001","millb002","53/G56","T",1,0,1,2,3,"F"
1,0,0,1,"CH","","","","HP","T",0,1,0,0,0,"F"
1,0,1,2,"FFBFX","duvaa001","","","9/F89D","T",1,0,1,0,0,"F"
1,1,1,2,"BSSS","duvaa001","","","K","T",1,0,1,0,0,"F"
1,2,3,1,"BS*B*BB","duvaa001","","","W.1-2","T",0,1,2,0,0,"F"
1,2,0,2,"SSS","swand001","duvaa001","","K","T",1,0,1,2,0,"F"
0,0,1,0,"BX","","","","8/L8","T",1,0,0,0,0,"F"
0,1,0,1,"CX","","","","3/P3","T",1,0,0,0,0,"F"
0,2,0,0,"X","","","","7/F7D","T",1,0,0,0,0,"F"
1,0,1,0,"BX","","","","63/G56D+","T",1,0,0,0,0,"F"
1,1,2,2,"BFBSFC","","","","K","T",1,0,0,0,0,"F"
1,2,1,0,"BX","","","","63/G4MD+","T",1,0,0,0,0,"F"
0,0,0,1,"FX","","","","43/G6M","T",1,0,0,0,0,"F"
0,1,1,1,"BCX","","","","63/G4M","T",1,0,0,0,0,"F"
0,2,3,0,"BBBB","","","","W","T",0,1,0,0,0,"F"
0,2,1,2,"FBSX","mccua001","","","3/L3","T",1,0,1,0,0,"F"
1,0,1,2,"CBSX","","","","HR/F7D","T",0,4,0,0,0,"F"
1,0,2,2,"BBCSC","","","","K","T",1,0,0,0,0,"F"
1,1,0,2,"FF*S","","","","K","T",1,0,0,0,0,"F"
1,2,3,2,"CBBSBB","","","","W","T",0,1,0,0,0,"F"
1,2,2,1,"BBCX","darnt001","","","D9/F89XD+.1-H;B-3","T",0,3,4,0,0,"F"
1,2,0,2,"SSC","","","swand001","K","T",1,0,0,0,3,"F"
0,0,0,2,"CCX","","","","43/G4M","T",1,0,0,0,0,"F"
0,1,2,2,"BBFCT","","","","K","T",1,0,0,0,0,"F"
0,2,2,1,"CBBX","","","","3/P13","T",1,0,0,0,0,"F"
1,0,1,2,"CBCS","","","","K","T",1,0,0,0,0,"F"
1,1,3,1,"BBBFX","","","","E4/G34D.B-1","T",0,1,0,0,0,"F"
1,1,0,0,"X","freef001","","","T9/L9L.1-H(UR)","T",0,3,5,0,0,"F"
1,1,0,0,".X","","","albio001","S6/G56.3-H","T",0,1,0,0,4,"F"
1,1,2,2,"SSFBBS","rilea001","","","K","T",1,0,1,0,0,"F"
1,2,0,0,"X","rilea001","","","43/G9S+","T",1,0,1,0,0,"F"
0,0,2,2,"CBFBFFS","","","","K","T",1,0,0,0,0,"F"
0,1,1,1,"SBX","","","","53/G3D","T",1,0,0,0,0,"F"
0,2,0,2,"FSX","","","","13/G4MS","T",1,0,0,0,0,"F"
1,0,2,2,"BBCFFS","","","","K","T",1,0,0,0,0,"F"
1,1,1,2,"CSFBX","","","","S7/L7","T",0,1,0,0,0,"F"
1,1,0,2,"CCM","swand001","","","K","T",1,0,1,0,0,"F"
1,2,1,2,"CSFBS","swand001","","","K","T",1,0,1,0,0,"F"
0,0,1,1,"CBX","","","","S8/L8D+","T",0,1,0,0,0,"F"
0,0,2,2,"BFFFBX","millb002","","","HR/F7LD.1-H","T",0,4,4,0,0,"F"
0,0,2,2,".BFBFX","","","","3/G3","T",1,0,0,0,0,"F"
0,1,2,2,"CFFBBX","","","","53/G5","T",1,0,0,0,0,"F"
0,2,1,0,".BX","","","","S7/L7","T",0,1,0,0,0,"F"
0,2,0,1,"CX","bohma001","","","63/G4M","T",1,0,1,0,0,"F"
1,0,0,0,".H","","","","HP","T",0,1,0,0,0,"F"
1,0,1,2,"BSSX","freef001","","","4/P3","T",1,0,1,0,0,"F"
1,1,1,1,"CBX","freef001","","","46(1)3/GDP/G4+","T",2,0,0,0,0,"F"
0,0,0,2,".CS*S","","","","K","T",1,0,0,0,0,"F"
0,1,2,1,"BCBX","","","","43/G4","T",1,0,0,0,0,"F"
0,2,1,1,"TBX","","","","HR/F7LD","T",0,4,0,0,0,"F"
0,2,0,0,"X","","","","8/L78XD+","T",1,0,0,0,0,"F"
1,0,2,2,".CBFFBS","","","","K","T",1,0,0,0,0,"F"
1,1,2,2,"SFFBBFX","","","","43/G4D","T",1,0,0,0,0,"F"
1,2,2,2,"CFFBFFBS","","","","K","T",1,0,0,0,0,"F"
0,0,0,2,"...SCS","","","","K","T",1,0,0,0,0,"F"
0,1,0,1,"CX","","","","6/P6D","T",1,0,0,0,0,"F"
0,2,0,2,"CF*S","","","","K","T",1,0,0,0,0,"F"
0,0,0,2,"CSFC","","","","K","T",1,0,0,0,0,"T"
0,1,0,2,"CFS","","","","K","T",1,0,0,0,0,"F"
0,2,1,2,"CFFB*S","","","","K","T",1,0,0,0,0,"F"
1,0,0,2,"SSS","","","","K","T",1,0,0,0,0,"F"
1,1,2,2,"BFBFS","","","","K","T",1,0,0,0,0,"F"
1,2,0,2,"CFS","","","","K","T",1,0,0,0,0,"F"
0,0,1,1,"SBX","","","","S8/G6M+","T",0,1,0,0,0,"F"
0,0,2,2,"BCB*SX","alonp001","","","65(1)3/GDP/G4M","T",2,0,0,0,0,"F"
0,2,1,1,"BSX","","","","63/G6","T",1,0,0,0,0,"F"
1,0,1,2,"BFSFFS","","","","K","T",1,0,0,0,0,"F"
1,1,3,0,"BBBX","","","","6/P4","T",1,0,0,0,0,"F"
1,2,0,2,"FSX","","","","53/G56","T",1,0,0,0,0,"F"
0,0,1,0,"BX","","","","3/P3DF/FL","T",1,0,0,0,0,"F"
0,1,2,2,"CBSBX","","","","7/F78XD","T",1,0,0,0,0,"F"
0,2,3,2,"CBBBCX","","","","D8/L8XD+","T",0,2,0,0,0,"F"
0,2,1,2,"CFBS","","megit002","","K","T",1,0,0,2,0,"F"
1,0,2,2,"CBBFFS","","","","K","T",1,0,0,0,0,"F"
1,1,3,2,"BCCBBB","","","","W","T",0,1,0,0,0,"F"
1,1,3,1,"BBBCX","contw002","","","3/P34","T",1,0,1,0,0,"F"
1,2,1,2,"FBFX","contw002","","","56(1)/FO//G6","T",1,1,0,0,0,"F"
0,0,3,2,"FBBFBFF*B","","","","W","T",0,1,0,0,0,"F"
0,0,1,2,"B1SCFFC","lindf001","","","K","T",1,0,1,0,0,"F"
0,1,0,0,"1X","lindf001","","","D7/L7D.1-H;B-3(E6/TH)","T",0,3,4,0,0,"F"
0,1,0,0,"X","","","alonp001","3/G3S+","T",1,0,0,0,3,"F"
0,2,1,0,"BX","","","alonp001","S7/L78.3-H","T",0,1,0,0,4,"F"
0,2,0,1,"FX","mccaj001","","","S7/L7.1-2","T",0,1,2,0,0,"F"
0,2,3,1,"BBCBB","pillk001","mccaj001","","W.2-3;1-2","T",0,1,2,3,0,"F"
0,2,0,2,"SSS","peraj003","pillk001","mccaj001","K","T",1,0,1,2,3,"F"
1,0,1,1,"BCX","","","","31/G3","T",1,0,0,0,0,"F"
1,1,3,2,"BSBBFX","","","","S8/G6M","T",0,1,0,0,0,"F"
1,1,0,0,">B","albio001","","","SB2","F",0,0,2,0,0,"F"
1,1,3,2,">B.*BSFBS","","albio001","","K","T",1,0,0,2,0,"F"
1,2,0,1,"CX","","albio001","","31/G34D","T",1,0,0,2,0,"F"
0,0,3,1,"BSBBX","","","","HR/F9LD","T",0,4,0,0,0,"F"
0,0,0,0,"X","","","","43/G34S","T",1,0,0,0,0,"F"
0,1,0,1,"FX","","","","63/G6D","T",1,0,0,0,0,"F"
0,2,1,2,"BCFX","","","","63/G6M","T",1,0,0,0,0,"F"
1,0,2,2,"BFFBX","","","","43/G6M","T",1,0,0,0,0,"F"
1,1,0,1,"TX","","","","63/G6","T",1,0,0,0,0,"F"
1,2,2,2,"BSBFX","","","","63/G56D","T",1,0,0,0,0,"F"
0,0,1,1,".BSX","","","","S8/L78","T",0,1,0,0,0,"F"
0,0,0,2,"CSFX","smitd008","","","S48/G4+.1-3","T",0,1,3,0,0,"F"
0,0,2,2,"F*BFFFB*S","mccaj001","","smitd008","K","T",1,0,1,0,3,"F"
0,1,1,1,"CBN","mccaj001","","smitd008","CS2(143)","F",1,0,0,0,3,"F"
0,2,3,2,"CBN.B*BFS","","","smitd008","K","T",1,0,0,0,3,"F"
1,0,2,2,".FBBSS","","","","K","T",1,0,0,0,0,"F"
1,1,3,2,"CBSBBS","","","","K","T",1,0,0,0,0,"F"
1,2,2,2,"TBBSFX","","","","S7/L7LS","T",0,1,0,0,0,"F"
1,2,1,0,"BB","adrie001","","","WP.1-2","F",0,0,2,0,0,"F"
1,2,3,2,"BB.FB*SX","","adrie001","","D8/L89D.2-H","T",0,2,0,4,0,"F"
1,2,0,1,"CX","","albio001","","4/F4D","T",1,0,0,2,0,"F"
0,0,1,2,"..SFFBX","","","","1/P1S-","T",1,0,0,0,0,"F"
0,1,1,2,"SFBX","","","","HR/F9LD","T",0,4,0,0,0,"F"
0,1,2,1,"BBFX","","","","S9/L89D","T",0,1,0,0,0,"F"
0,1,1,1,"BFX","lindf001","","","54(1)3/GDP/G56+","T",2,0,0,0,0,"F"
1,0,1,1,".FBX","","","","HR/F9D","T",0,4,0,0,0,"F"
1,0,0,1,"FX","","","","63/G6","T",1,0,0,0,0,"F"
1,1,0,1,"TX","","","","63/G6","T",1,0,0,0,0,"F"
1,2,0,0,"X","","","","S8/G4+","T",0,1,0,0,0,"F"
1,2,1,2,".SCBC","contw002","","","K","T",1,0,1,0,0,"F"
0,0,2,0,".BBX","","","","S8/L8D+","T",0,1,0,0,0,"F"
0,0,0,1,"CX","alonp001","","","46(1)3/GDP/G34D","T",2,0,0,0,0,"F"
0,2,0,2,"SFFS","","","","K","T",1,0,0,0,0,"F"
1,0,1,2,".CCBS","","","","K","T",1,0,0,0,0,"F"
1,1,0,0,"X","","","","HR/F89XD","T",0,4,0,0,0,"F"
1,1,2,2,"SSBBFX","","","","8/F78D","T",1,0,0,0,0,"F"
1,2,2,2,"SSBFBX","","","","S7/L78","T",0,1,0,0,0,"F"
1,2,1,2,"SFFF*BFX","rilea001","","","D8/F89S.1-3","T",0,2,3,0,0,"F"
1,2,3,0,"BBBX","","rosae001","rilea001","7/F7LD","T",1,0,0,2,3,"F"
0,0,0,0,".X","","","","4/L4MD","T",1,0,0,0,0,"F"
0,1,0,1,"CX","","","","63/G6","T",1,0,0,0,0,"F"
0,2,0,2,".FFS","","","","K","T",1,0,0,0,0,"F"
1,0,1,2,".CFBFFX","","","","6/F7S","T",1,0,0,0,0,"F"
1,1,1,2,"BSSS","","","","K","T",1,0,0,0,0,"F"
1,2,3,2,".SBSBBS","","","","K","T",1,0,0,0,0,"F"
0,0,3,2,"CFBFBBFX","","","","63/G6M","T",1,0,0,0,0,"T"
0,1,2,2,"SBBCS","","","","K","T",1,0,0,0,0,"F"
0,2,2,1,"FBBX","","","","7/F7","T",1,0,0,0,0,"F"
1,0,0,2,"CFFS","","","","K","T",1,0,0,0,0,"F"
1,1,1,2,"SBFS","","","","K","T",1,0,0,0,0,"F"
1,2,1,0,"BX","","","","S8/G6","T",0,1,0,0,0,"F"
1,2,1,2,"CBCT","freef001","","","K","T",1,0,1,0,0,"F"
0,0,1,1,"CBX","","","","8/F8XD+","T",1,0,0,0,0,"F"
0,1,2,2,"BCBSFS","","","","K","T",1,0,0,0,0,"F"
0,2,0,2,"FFX","","","","S4/G6","T",0,1,0,0,0,"F"
0,2,0,0,"X","mcnej002","","","64(1)/FO/G6D","T",1,1,0,0,0,"F"
1,0,2,1,"BSBX","","","","7/F7LD","T",1,0,0,0,0,"F"
1,1,1,0,"BX","","","","43/G4","T",1,0,0,0,0,"F"
1,2,0,1,"SX","","","","9/L89","T",1,0,0,0,0,"F"
0,0,1,2,".FBC*S","","","","K.BX1(23)","T",1,0,0,0,0,"F"
0,1,0,1,"CX","","","","53/G6","T",1,0,0,0,0,"F"
0,2,3,2,"BFCBFBFX","","","","53/G4D+","T",1,0,0,0,0,"F"
1,0,0,0,"X","","","","8/F8D","T",1,0,0,0,0,"F"
1,1,0,1,"CX","","","","53/G5S","T",1,0,0,0,0,"F"
1,2,0,1,"SX","","","","HR/F89XD","T",0,4,0,0,0,"F"
1,2,2,0,"BBX","","","","D7/G5","T",0,2,0,0,0,"F"
1,2,1,1,"SBX","","arcio002","","S8/L8.2-H","T",0,1,0,4,0,"F"
1,2,0,2,"SFS","freef001","","","K","T",1,0,1,0,0,"F"
0,0,0,2,"CCS","","","","K","T",1,0,0,0,0,"F"
0,1,0,1,"CX","","","","53/G34","T",1,0,0,0,0,"F"
0,2,3,0,"BBBB","","","","W","T",0,1,0,0,0,"F"
0,2,3,2,"BTBS*B>B","alonp001","","","W.1-2","T",0,1,2,0,0,"F"
0,2,0,2,"CFT","villj001","alonp001","","K","T",1,0,1,2,0,"F"
1,0,0,0,"X","","","","S6/G6M","T",0,1,0,0,0,"F"
1,0,3,2,"BCBFB>X","rosae001","","","43/G4.1-2","T",1,0,2,0,0,"F"
1,1,1,2,"SFBX","","rosae001","","8/F89D.2-3","T",1,0,0,3,0,"F"
1,2,2,2,"BBCCX","","","rosae001","HR/F7D.3-H","T",0,4,0,0,4,"F"
1,2,0,2,"FCS","","","","K","T",1,0,0,0,0,"F"
0,0,1,2,"CBFFFX","","","","8/L89D","T",1,0,0,0,0,"F"
0,1,2,1,"BCBX","","","","S8/L8","T",0,1,0,0,0,"F"
0,1,0,2,"LLX","guill001","","","54/SH/BG25.1-2","T",1,0,2,0,0,"F"
0,2,0,0,"X","","guill001","","8/F6MD","T",1,0,0,2,0,"F"
1,0,0,0,"X","","","","8/F89XD+","T",1,0,0,0,0,"F"
1,1,3,2,"BCSBBFFFB","","","","W","T",0,1,0,0,0,"F"
1,1,3,1,"CBBBB","arcio002","","","W.1-2","T",0,1,2,0,0,"F"
1,1,1,1,"SBX","freef001","arcio002","","4/L6M","T",1,0,1,2,0,"F"
1,2,0,2,"CCFFFFFX","freef001","arcio002","","S9/L89D+.2-H;1-2","T",0,1,2,4,0,"F"
1,2,3,2,"SBSFFBFFFF*B>X","rosae001","freef001","","9/L9","T",1,0,1,2,0,"F"
0,0,1,0,".BX","","","","8/F78D","T",1,0,0,0,0,"F"
0,1,1,2,"BSCX","","","","S8/L8","T",0,1,0,0,0,"F"
0,1,1,0,"BX","confm001","","","D7/G5+.1-H","T",0,2,4,0,0,"F"
0,1,1,2,"C*BSS","","alonp001","","K","T",1,0,0,2,0,"F"
0,2,2,2,"BSBFFFFS","","alonp001","","K","T",1,0,0,2,0,"F"
1,0,2,2,"..SBBFFH","","","","HP","T",0,1,0,0,0,"F"
1,0,2,2,"BTBTX","hereg002","","","8/F8D","T",1,0,1,0,0,"F"
1,1,2,2,"LBLBM","hereg002","","","K","T",1,0,1,0,0,"F"
1,2,1,1,"BCX","hereg002","","","S8/L8D.1-2","T",0,1,2,0,0,"F"
1,2,2,1,"CBBX","pedej001","hereg002","","S7/G6+.2-H;1-3","T",0,1,3,4,0,"F"
1,2,1,2,"CBSX","arcio002","","pedej001","43/G34","T",1,0,1,0,3,"F"
0,0,1,2,"FBFFFFX","","","","63/G6","T",1,0,0,0,0,"F"
0,1,0,2,"CFX","","","","43/G4","T",1,0,0,0,0,"F"
0,2,1,0,"BX","","","","7/F7D","T",1,0,0,0,0,"F"
1,0,1,2,".BCCS","","","","K","T",1,0,0,0,0,"F"
1,1,0,0,"X","","","","9/F9LD","T",1,0,0,0,0,"F"
1,2,3,0,"BBBB","","","","W","T",0,1,0,0,0,"F"
1,2,1,1,"BSX","adrie001","","","8/F8XD","T",1,0,1,0,0,"F"
0,0,0,2,".SSFS","","","","K","T",1,0,0,0,0,"F"
0,1,1,2,"FBFX","","","","T7/L7LD","T",0,3,0,0,0,"F"
0,1,1,1,"CBX","","","lindf001","HR/F9LD.3-H","T",0,4,0,0,4,"F"
0,1,1,2,"CFBX","","","","9/F89D","T",1,0,0,0,0,"F"
0,2,0,0,"X","","","","E6/TH/G56+.B-1","T",0,1,0,0,0,"F"
0,2,1,2,".C*BFC","villj001","","","K","T",1,0,1,0,0,"F"
1,0,3,1,".CBBBB","","","","W","T",0,1,0,0,0,"F"
1,0,2,2,".CBFFBS","contw002","","","K","T",1,0,1,0,0,"F"
1,1,3,1,"BCB*BX","contw002","","","56(1)3/GDP/G6","T",2,0,0,0,0,"F"
0,0,2,1,".BFBX","","","","D9/L89D+","T",0,2,0,0,0,"F"
0,0,3,2,"BBFCBX","","mccaj001","","7/L7","T",1,0,0,2,0,"F"
0,1,0,1,"CB","","mccaj001","","WP.2-3","F",0,0,0,3,0,"F"
0,1,1,1,"CB.X","","","mccaj001","T9/F9LD.3-H","T",0,3,0,0,4,"F"
0,1,0,1,"CX","","","pillk001","S9/G4.3-H","T",0,1,0,0,4,"F"
0,1,1,2,"SBF1F1FX","nimmb001","","","8/F8XD","T",1,0,1,0,0,"F"
0,2,3,2,".SS*BBB>B","nimmb001","","","W.1-2","T",0,1,2,0,0,"F"
0,2,0,0,"B","confm001","nimmb001","","WP.2-3;1-2","F",0,0,2,3,0,"F"
0,2,3,0,"B.VVV","","confm001","nimmb001","IW","T",0,1,0,2,3,"F"
0,2,2,2,"BSBSX","alonp001","confm001","nimmb001","43/G34","T",1,0,1,2,3,"F"
0,0,2,1,"CBBX","","","","8/L8XD+","T",1,0,0,0,0,"T"
0,1,1,2,"BSSX","","","","8/F8XD","T",1,0,0,0,0,"F"
0,2,2,2,"BBFFFC","","","","K","T",1,0,0,0,0,"F"
1,0,0,1,"FX","","","","HR/L7LD","T",0,4,0,0,0,"F"
1,0,2,1,"BBCX","","","","7/F7+","T",1,0,0,0,0,"F"
1,1,2,0,"BBX","","","","DGR/L7L","T",0,2,0,0,0,"F"
1,1,1,2,"SBFX","","albio001","","S7/L78D.2-H;BX2(724)","T",1,0,0,4,0,"F"
1,2,2,0,"BBX","","","","5/P5","T",1,0,0,0,0,"F"
0,0,1,2,"BFSX","","","","8/F8XD+","T",1,0,0,0,0,"F"
0,1,0,2,"CFX","","","","13/G34S","T",1,0,0,0,0,"F"
0,2,2,2,"BSFBS","","","","K","T",1,0,0,0,0,"F"
1,0,1,2,".CCFBFFS","","","","K","T",1,0,0,0,0,"F"
1,1,0,2,"FFS","","","","K","T",1,0,0,0,0,"F"
1,2,1,2,"CCBFX","","","","63/G6","T",1,0,0,0,0,"F"
0,0,1,2,"FFBFX","","","","S8/L89","T",0,1,0,0,0,"F"
0,0,2,2,"CCBFFBS","peraj003","","","K","T",1,0,1,0,0,"F"
0,1,1,2,"BLC>B","peraj003","","","SB2","F",0,0,2,0,0,"F"
0,1,2,2,"BLC>B.X","","peraj003","","63/G6M.2-3","T",1,0,0,3,0,"F"
0,2,0,0,".X","","","peraj003","43/G34","T",1,0,0,0,3,"F"
1,0,0,2,"FCS","","","","K","T",1,0,0,0,0,"F"
1,1,3,2,"CBBBFFFB","","","","W","T",0,1,0,0,0,"F"
1,1,0,1,"FX","solej001","","","S9/L9.1-3","T",0,1,3,0,0,"F"
1,1,0,2,"CFX","freef001","","solej001","3/G3.3-H;1-2","T",1,0,2,0,4,"F"
1,2,0,2,"STFX","","freef001","","D7/L7L+.2-H","T",0,2,0,4,0,"F"
1,2,0,0,"X","","rilea001","","S9/L9S.2-H","T",0,1,0,4,0,"F"
1,2,0,0,"X","duvaa001","","","9/F9LSF/FL","T",1,0,1,0,0,"F"
0,0,3,2,"BSBBSFX","","","","3/P34","T",1,0,0,0,0,"F"
0,1,0,2,"CFFX","","","","7/F7","T",1,0,0,0,0,"F"
0,2,3,2,"SBFBBFB","","","","W","T",0,1,0,0,0,"F"
0,2,1,1,"BFX","alonp001","","","8/L8D","T",1,0,1,0,0,"F"
1,0,0,2,"SFFX","","","","S8/L8D","T",0,1,0,0,0,"F"
1,0,3,0,"*BBBB","darnt001","","","W.1-2","T",0,1,2,0,0,"F"
1,0,0,0,"X","swand001","darnt001","","14/SH/BG1S.2-3;1-2","T",1,0,2,3,0,"F"
1,1,2,2,"B*BCFX","","swand001","darnt001","53/G5+","T",1,0,0,2,3,"F"
1,2,2,2,"BBCFX","","swand001","darnt001","8/F8XD+","T",1,0,0,2,3,"F"
0,0,3,2,"...CBSBBX","","","","S8/G4M+","T",0,1,0,0,0,"F"
0,0,0,1,"CX","villj001","","","14(1)3/GDP/G6MS+","T",2,0,0,0,0,"F"
0,2,1,2,"CCBFFC","","","","K","T",1,0,0,0,0,"F"
1,0,0,2,"CFX","","","","31/G3","T",1,0,0,0,0,"F"
1,1,0,2,"CCT","","","","K","T",1,0,0,0,0,"F"
1,2,3,1,"BCBBX","","","","8/F8XD+","T",1,0,0,0,0,"F"
0,0,1,2,".BCCX","","","","43/G4","T",1,0,0,0,0,"F"
0,1,1,2,"BCSFX","","","","7/L7D","T",1,0,0,0,0,"F"
0,2,0,0,"X","","","","7/F7S","T",1,0,0,0,0,"F"
1,0,1,0,"BX","","","","31/G34D","T",1,0,0,0,0,"F"
1,1,2,2,"SBFBX","","","","8/L89D","T",1,0,0,0,0,"F"
1,2,1,2,"BFSFS","","","","K","T",1,0,0,0,0,"F"
0,0,2,2,"..BFFBX","","","","S7/L78D","T",0,1,0,0,0,"F"
0,0,0,1,"FX","confm001","","","46(1)3/GDP/G4M","T",2,0,0,0,0,"F"
0,2,0,1,"CX","","","","43/G4","T",1,0,0,0,0,"F"
1,0,1,0,".BX","","","","8/F8XD","T",1,0,0,0,0,"F"
1,1,2,2,"CBBCX","","","","3/P34D","T",1,0,0,0,0,"F"
1,2,0,2,"CFX","","","","43/G6MD","T",1,0,0,0,0,"F"
0,0,1,0,"BX","","","","3/G3","T",1,0,0,0,0,"F"
0,1,0,0,"X","","","","9/F9D","T",1,0,0,0,0,"F"
0,2,1,2,"CBFFS","","","","K","T",1,0,0,0,0,"F"
1,0,1,2,".FCBX","","","","9/L89","T",1,0,0,0,0,"F"
1,1,0,2,"SFFFFS","","","","K","T",1,0,0,0,0,"F"
1,2,0,2,"CSX","","","","3/P3F/FL","T",1,0,0,0,0,"F"
0,0,0,2,"....CC*S","","","","K","T",1,0,0,0,0,"F"
0,1,1,0,"BX","","","","43/G4","T",1,0,0,0,0,"F"
0,2,1,2,"BFFX","","","","53/G5D","T",1,0,0,0,0,"F"
