0,0,1,2,"CFBX","","","","6/L6D","T",1,0,0,0,0,"T"
0,1,1,1,"BSX","","","","D8/L78+","T",0,2,0,0,0,"F"
0,1,1,2,"CSBS","","donaj001","","K","T",1,0,0,2,0,"F"
0,2,3,2,"CBSFBBB","","donaj001","","W","T",0,1,0,2,0,"F"
0,2,3,1,"BBFBX","sanom001","donaj001","","43/G34D+","T",1,0,1,2,0,"F"
1,0,1,2,"..CFBT","","","","K","T",1,0,0,0,0,"F"
1,1,2,2,"BBSSC","","","","K","T",1,0,0,0,0,"F"
1,2,2,0,"BBX","","","","43/G4","T",1,0,0,0,0,"F"
0,0,0,2,"FCS","","","","K","T",1,0,0,0,0,"F"
0,1,1,2,"CCBS","","","","K","T",1,0,0,0,0,"F"
0,2,0,0,"X","","","","S4/G6M+","T",0,1,0,0,0,"F"
0,2,0,1,"CX","simma001","","","4/P4","T",1,0,1,0,0,"F"
1,0,1,0,"BX","","","","S7/L78S+","T",0,1,0,0,0,"F"
1,0,1,0,"BX","garca003","","","S6/G6M.1-2","T",0,1,2,0,0,"F"
1,0,0,1,"CX","shawt001","garca003","","3/P3D","T",1,0,1,2,0,"F"
1,1,2,2,"CCBFB.X","shawt001","garca003","","8/F78D","T",1,0,1,2,0,"F"
1,2,0,0,"X","shawt001","garca003","","5/P5SF/FL","T",1,0,1,2,0,"F"
0,0,0,1,"CX","","","","43/G4D","T",1,0,0,0,0,"F"
0,1,3,0,"BBBB","","","","W","T",0,1,0,0,0,"F"
0,1,0,2,"CFFX","cavej001","","","4/L4","T",1,0,1,0,0,"F"
0,2,2,1,"FBBX","cavej001","","","S9/L89S.1-3","T",0,1,3,0,0,"F"
0,2,1,2,"FBCB","sanom001","","cavej001","WP.3-H(NR);1-2","F",0,0,2,0,4,"F"
0,2,2,2,"FBCB.FFX","","sanom001","","S8/L78S.2-H","T",0,1,0,4,0,"F"
0,2,0,2,"FFS","keplm001","","","K","T",1,0,1,0,0,"F"
1,0,0,2,"CCS","","","","K","T",1,0,0,0,0,"F"
1,1,2,2,"BSBSFX","","","","S9/L9LS+","T",0,1,0,0,0,"F"
1,1,1,2,"1BS1>FX","wongk001","","","8/F89XD","T",1,0,1,0,0,"F"
1,2,1,2,"C11BFFFH","wongk001","","","HP.1-2","T",0,1,2,0,0,"F"
1,2,1,0,"*BX","yelic001","wongk001","","S5/G5S-.2-3;1-2","T",0,1,2,3,0,"F"
1,2,3,2,"BCBF*B>F>F>B","garca003","yelic001","wongk001","W.3-H;2-3;1-2","T",0,1,2,3,4,"F"
1,2,3,2,"BFBBF>F>X","shawt001","garca003","yelic001","53/G56","T",1,0,1,2,3,"F"
0,0,1,2,"BCCC","","","","K","T",1,0,0,0,0,"F"
0,1,2,0,"BBX","","","","S8/F8","T",0,1,0,0,0,"F"
0,1,0,0,"X","simma001","","","54/SH/BG1S-.1-2","T",1,0,2,0,0,"F"
0,2,3,2,"CBFBBX","","simma001","","S8/L78+.2-H","T",0,1,0,4,0,"F"
0,2,3,2,"FSB*BFB>X","arral001","","","53/G4","T",1,0,1,0,0,"F"
1,0,0,0,"X","","","","43/G34","T",1,0,0,0,0,"F"
1,1,1,0,"BX","","","","13/L4MS","T",1,0,0,0,0,"F"
1,2,0,2,".CCFX","","","","S8/L8+","T",0,1,0,0,0,"F"
1,2,3,2,"BCF*BFFB>*B","mckib001","","","W.1-2","T",0,1,2,0,0,"F"
1,2,2,2,"SBBSS","wongk001","mckib001","","K","T",1,0,1,2,0,"F"
0,0,1,2,".CTBS","","","","K","T",1,0,0,0,0,"F"
0,1,3,2,"BBSBSS","","","","K","T",1,0,0,0,0,"F"
0,2,2,1,"BBCX","","","","T9/L9D+","T",0,3,0,0,0,"F"
0,2,3,1,"*B*BBCB","","","keplm001","W","T",0,1,0,0,3,"F"
0,2,0,1,"C>*B","buxtb001","","keplm001","SB2","F",0,0,2,0,3,"F"
0,2,1,2,"C>*B.SFS","","buxtb001","keplm001","K","T",1,0,0,2,3,"F"
1,0,1,0,"BX","","","","S9/L9S","T",0,1,0,0,0,"F"
1,0,0,2,"CSC","yelic001","","","K","T",1,0,1,0,0,"F"
1,1,1,0,"BX","yelic001","","","FC3/G3.1X2(3E6);B-1","T",0,1,2,0,0,"F"
1,1,0,0,".X","shawt001","yelic001","","S8/L8S.2-3;1-2","T",0,1,2,3,0,"F"
1,1,3,1,"BBC*BX","cainl001","shawt001","yelic001","S7/F7LS-.3-H(UR);2XH(72);1-2","T",1,1,2,0,5,"F"
1,2,2,2,".*BSBCX","narvo001","cainl001","","63/G6M+","T",1,0,1,2,0,"F"
0,0,3,0,".BBBB","","","","W","T",0,1,0,0,0,"F"
0,0,3,2,".BBBCFT","simma001","","","K","T",1,0,1,0,0,"F"
0,1,0,1,"CX","simma001","","","S9/G34.1-2","T",0,1,2,0,0,"F"
0,1,1,2,"BSCC","arral001","simma001","","K","T",1,0,1,2,0,"F"
0,2,3,1,"BBBFB","arral001","simma001","","W.2-3;1-2","T",0,1,2,3,0,"F"
0,2,3,2,"BCS*BFB>F>S","polaj001","arral001","simma001","K","T",1,0,1,2,3,"F"
1,0,0,0,"..X","","","","9/F9S","T",1,0,0,0,0,"F"
1,1,1,2,"CBCS","","","","K","T",1,0,0,0,0,"F"
1,2,2,2,"SBBFX","","","","3/P4S","T",1,0,0,0,0,"F"
0,0,1,1,".CBX","","","","D6/G5","T",0,2,0,0,0,"F"
0,0,0,0,"X","","keplm001","","HR/F78XD.2-H","T",0,4,0,4,0,"F"
0,0,1,1,"BCX","","","","53/G56","T",1,0,0,0,0,"F"
0,1,3,2,"CSBBBFX","","","","9/L9","T",1,0,0,0,0,"F"
0,2,1,2,".BCCX","","","","63/G6","T",1,0,0,0,0,"F"
1,0,1,2,".CBFS","","","","K","T",1,0,0,0,0,"F"
1,1,0,0,"X","","","","8/F8XD+","T",1,0,0,0,0,"F"
1,2,2,2,"BTBCX","","","","13/G1S-","T",1,0,0,0,0,"F"
0,0,3,2,".CBCBBB","","","","W","T",0,1,0,0,0,"F"
0,0,0,2,"CSS","arral001","","","K","T",1,0,1,0,0,"F"
0,1,0,1,"CX","arral001","","","1/G34S-.1-2","T",1,0,2,0,0,"F"
0,2,1,2,"CBSS","","arral001","","K","T",1,0,0,2,0,"F"
1,0,3,2,".BBCBFFS","","","","K","T",1,0,0,0,0,"F"
1,1,0,2,"CSS","","","","K","T",1,0,0,0,0,"F"
1,2,1,0,"BX","","","","8/F89D","T",1,0,0,0,0,"F"
0,0,1,0,".BX","","","","7/F7","T",1,0,0,0,0,"F"
0,1,3,2,"SBBFBB","","","","W","T",0,1,0,0,0,"F"
0,1,0,0,"11X","buxtb001","","","7/F7D","T",1,0,1,0,0,"F"
0,2,2,2,"BC1BCS","buxtb001","","","K","T",1,0,1,0,0,"F"
1,0,0,1,"..CX","","","","9/F9LD","T",1,0,0,0,0,"F"
1,1,0,2,"CSH","","","","HP","T",0,1,0,0,0,"F"
1,1,2,1,"*BCBX","wongk001","","","FC1/G1S-.1-2(E1/TH);B-1","T",0,1,2,0,0,"F"
1,1,1,1,"BSX","hiurk001","wongk001","","S9/F9D+.2-H(UR);1-2","T",0,1,2,5,0,"F"
1,1,0,2,"CFX","yelic001","hiurk001","","31/G34S.2-3;1-2","T",1,0,2,3,0,"F"
1,2,0,0,"X","","yelic001","hiurk001","D9/L89+.3-H(UR);2-H(UR)","T",0,2,0,5,5,"F"
1,2,0,0,"X","","shawt001","","63/G6","T",1,0,0,2,0,"F"
0,0,0,2,"....FFS","","simma001","","K","T",1,0,0,2,0,"F"
0,1,0,1,"CB","","simma001","","WP.2-3","F",0,0,0,3,0,"F"
0,1,1,2,"CB.SS","","","simma001","K","T",1,0,0,0,3,"F"
0,2,1,2,"CSBS","","","simma001","K","T",1,0,0,0,3,"F"
1,0,0,1,"..SX","","cainl001","","S9/L9S+.2-3","T",0,1,0,3,0,"F"
1,0,0,0,"X","narvo001","","cainl001","FC4/G4S.3-H(UR);1-2;B-1","T",0,1,2,0,5,"F"
0,0,3,2,"CBFFBBS","","","","K","T",1,0,0,0,0,"T"
0,1,1,2,"CFBX","","","","43/G4","T",1,0,0,0,0,"F"
0,2,0,2,"CCX","","","","7/F7LD","T",1,0,0,0,0,"F"
1,0,0,0,"X","","","","5/P5F/FL","T",1,0,0,0,0,"F"
1,1,0,2,"CFX","","","","3/G3S-","T",1,0,0,0,0,"F"
1,2,2,2,"CBBCFS","","","","K","T",1,0,0,0,0,"F"
0,0,3,2,"SBFBBC","","","","K","T",1,0,0,0,0,"F"
0,1,1,2,"TBSF*S","","","","K.BX1(23)","T",1,0,0,0,0,"F"
0,2,2,2,"BBFSC","","","","K","T",1,0,0,0,0,"F"
1,0,1,2,"TBSS","","","","K","T",1,0,0,0,0,"F"
1,1,1,2,"CCBS","","","","K","T",1,0,0,0,0,"F"
1,2,1,2,"CTBS","","","","K","T",1,0,0,0,0,"F"
0,0,1,2,"CSBFS","","","","K","T",1,0,0,0,0,"F"
0,1,1,2,"FSBS","","","","K.BX1(23)","T",1,0,0,0,0,"F"
0,2,3,2,"CBCBBC","","","","K","T",1,0,0,0,0,"F"
1,0,2,0,"BBX","","","","53/G6","T",1,0,0,0,0,"F"
1,1,1,2,"CSFBX","","","","8/F8XD+","T",1,0,0,0,0,"F"
1,2,1,2,"CBCC","","","","K","T",1,0,0,0,0,"F"
0,0,2,1,"BSBX","","","","63/G6","T",1,0,0,0,0,"F"
0,1,2,1,"CBBX","","","","31/G34","T",1,0,0,0,0,"F"
0,2,2,2,"CBBSFS","","","","K","T",1,0,0,0,0,"F"
1,0,1,2,"BFC*S","","","","K.BX1(23)","T",1,0,0,0,0,"F"
1,1,1,2,"CSFBC","","","","K","T",1,0,0,0,0,"F"
1,2,3,2,"CBFBBFS","","","","K","T",1,0,0,0,0,"F"
0,0,1,0,"BX","","","","43/G34","T",1,0,0,0,0,"F"
0,1,0,1,"FX","","","","4/F4D","T",1,0,0,0,0,"F"
0,2,1,1,"CBH","","","","HP","T",0,1,0,0,0,"F"
0,2,0,2,"SFT","cavej001","","","K","T",1,0,1,0,0,"F"
1,0,2,2,"BCFBH","","","","HP","T",0,1,0,0,0,"F"
1,0,1,2,"*BSS*S","hiurk001","","","K","T",1,0,1,0,0,"F"
1,1,0,0,"1X","hiurk001","","","8/F89","T",1,0,1,0,0,"F"
1,2,3,2,"BBBCS>S","hiurk001","","","K","T",1,0,1,0,0,"F"
0,0,0,2,"CCX","","","","13/G1","T",1,0,0,0,0,"F"
0,1,0,2,"CFFS","","","","K","T",1,0,0,0,0,"F"
0,2,3,2,"CBSBBC","","","","K","T",1,0,0,0,0,"F"
1,0,2,2,"CBFBS","","","","K","T",1,0,0,0,0,"F"
1,1,3,2,"BFCBBFX","","","","43/G34","T",1,0,0,0,0,"F"
1,2,3,2,"BBCFBS","","","","K","T",1,0,0,0,0,"F"
0,0,0,1,"CX","","","","31/G34","T",1,0,0,0,0,"F"
0,1,1,1,"BFX","","","","HR/F89XD","T",0,4,0,0,0,"F"
0,1,0,1,".CX","","","","8/L8XD+","T",1,0,0,0,0,"F"
0,2,1,1,"CBX","","","","7/L78D","T",1,0,0,0,0,"F"
1,0,1,2,"..FFBC","","","","K","T",1,0,0,0,0,"F"
1,1,1,2,"CFBC","","","","K","T",1,0,0,0,0,"F"
1,2,2,2,"BBFTS","","","","K","T",1,0,0,0,0,"F"
0,0,1,1,"..CBX","","","","31/G34","T",1,0,0,0,0,"F"
0,1,2,2,"CBFFBF*S","","","","K","T",1,0,0,0,0,"F"
0,2,0,0,"X","","","","S7/L78S","T",0,1,0,0,0,"F"
0,2,2,2,".1SFBBX","simma001","","","S9/L89S.1-3","T",0,1,3,0,0,"F"
0,2,2,1,"BFBX","cruzn002","","simma001","S8/G4M.3-H;1-2","T",0,1,2,0,4,"F"
0,2,0,0,"X","arral001","cruzn002","","8/L8XD+","T",1,0,1,2,0,"F"
1,0,0,2,".SCF*S","","","","K.BX1(23)","T",1,0,0,0,0,"F"
1,1,3,2,"CSBBBB","","","","W","T",0,1,0,0,0,"F"
1,1,0,0,"X","cainl001","","","S9/L9LS.1-3","T",0,1,3,0,0,"F"
1,1,0,2,".FFC","narvo001","","cainl001","K","T",1,0,1,0,3,"F"
1,2,0,2,"..CFFX","robed004","","cainl001","9/L9","T",1,0,1,0,3,"F"
0,0,3,2,"...SBBBCX","","","","9/F89S","T",1,0,0,0,0,"F"
0,1,2,2,"BBFSX","","","","8/L8XD","T",1,0,0,0,0,"F"
0,2,2,2,"BFFBS","","","","K","T",1,0,0,0,0,"F"
1,0,3,2,".BFBFFBX","","","","43/G4","T",1,0,0,0,0,"F"
1,1,0,1,"SX","","","","63/G6","T",1,0,0,0,0,"F"
1,2,0,2,"FSX","","","","5/P5F/FL","T",1,0,0,0,0,"F"
0,0,2,2,"BBCSFX","","","","S7/G5","T",0,1,0,0,0,"T"
0,0,3,1,"BBFBX","arral001","","","46(1)/FO/G4.B-1","T",1,1,0,0,0,"F"
0,1,1,0,"*BX","polaj001","","","D7/L5D.1-3","T",0,2,3,0,0,"F"
0,1,1,1,"FBX","","buxtb001","polaj001","53/G6.3-H;2-3","T",1,0,0,3,4,"F"
0,2,0,0,"X","","","buxtb001","8/L8D","T",1,0,0,0,3,"F"
1,0,2,2,"CBFFFBX","","","","8/F89D","T",1,0,0,0,0,"F"
1,1,0,1,"CX","","","","7/L7D","T",1,0,0,0,0,"F"
1,2,0,2,"CFS","","","","K","T",1,0,0,0,0,"F"
0,0,2,2,"BBFCC","","","","K","T",1,0,0,0,0,"F"
0,1,3,2,"BCBFBF*B","","","","W","T",0,1,0,0,0,"F"
0,1,0,1,"CX","garvm001","","","54(1)3/GDP/G56","T",2,0,0,0,0,"F"
1,0,0,2,"SSX","","","","63/G6+","T",1,0,0,0,0,"F"
1,1,0,0,"X","","","","E4/G4D+.B-1","T",0,1,0,0,0,"F"
1,1,1,1,"B1CX","bradj001","","","D7/L7LD.1-3","T",0,2,3,0,0,"F"
1,1,1,2,"CCBX","","urial001","bradj001","8/SF/F8XD.3-H(UR);2-3","T",1,0,0,3,5,"F"
1,2,0,1,"CX","","","urial001","63/G6D+","T",1,0,0,0,3,"F"
0,0,1,2,"BCCS","","","","K","T",1,0,0,0,0,"F"
0,1,3,2,"CBBCBFX","","","","S8/L78+","T",0,1,0,0,0,"F"
0,1,2,0,"BBX","arral001","","","16(1)/FO/G1S.B-1","T",1,1,0,0,0,"F"
0,2,1,2,".F1F1*B>B","polaj001","","","CS2(24)","F",1,0,0,0,0,"F"
1,0,1,2,"..CSBFS","","","","K","T",1,0,0,0,0,"F"
1,1,1,0,"BX","","","","S1/G1+","T",0,1,0,0,0,"F"
1,1,0,0,"1X","wongk001","","","9/L89D","T",1,0,1,0,0,"F"
1,2,0,1,"C1X","wongk001","","","23/G2-","T",1,0,1,0,0,"F"
0,0,0,0,"X","","","","53/G5","T",1,0,0,0,0,"F"
0,1,2,2,"BBCFX","","","","63/G4","T",1,0,0,0,0,"F"
0,2,3,2,"CFBBBS","","","","K","T",1,0,0,0,0,"F"
1,0,1,2,"CBFX","","","","43/G6MD","T",1,0,0,0,0,"F"
1,1,1,1,"BFX","","","","43/G34D","T",1,0,0,0,0,"F"
1,2,3,2,"CBBCFBB","","","","W","T",0,1,0,0,0,"F"
1,2,0,1,"C>X","urial001","","","13/G1","T",1,0,1,0,0,"F"
0,0,1,2,"FBFS","","","","K","T",1,0,0,0,0,"F"
0,1,0,0,"X","","","","HR/F9LD","T",0,4,0,0,0,"F"
0,1,3,2,"BBBCSB","","","","W","T",0,1,0,0,0,"F"
0,1,2,2,"MCBBX","simma001","","","64(1)3/GDP/G6MS","T",2,0,0,0,0,"F"
1,0,2,2,"CCBFBC","","","","K","T",1,0,0,0,0,"F"
1,1,3,2,".CBBCBX","","","","S7/F7S","T",0,1,0,0,0,"F"
1,1,3,1,"CB1*B1BB","mckib001","","","W.1-2","T",0,1,2,0,0,"F"
1,1,2,2,"BFBSFFFS","wongk001","mckib001","","K","T",1,0,1,2,0,"F"
1,2,0,0,"X","wongk001","mckib001","","S4/G4.2-3;1-2","T",0,1,2,3,0,"F"
1,2,1,2,"BSSS","yelic001","wongk001","mckib001","K","T",1,0,1,2,3,"F"
0,0,3,2,".CBBCBF*B","","","","W","T",0,1,0,0,0,"F"
0,0,2,2,"*BCBFX","arral001","","","FC3/G3.1-2(E3/TH);B-1","T",0,1,2,0,0,"F"
0,0,2,1,"F*BBS","polaj001","arral001","","WP.2-3;1-2","F",0,0,2,3,0,"F"
0,0,2,2,"F*BBS.S","","polaj001","arral001","K","T",1,0,0,2,3,"F"
0,1,1,0,"BX","","polaj001","arral001","S7/L78S.3-H(UR);2-H","T",0,1,0,4,5,"F"
0,1,0,0,">B","keplm001","","","SB2","F",0,0,2,0,0,"F"
0,1,3,1,">B.BFBX","","keplm001","","HR/L9LD.2-H","T",0,4,0,4,0,"F"
0,1,3,1,"BBBCX","","","","43/G4","T",1,0,0,0,0,"F"
0,2,2,1,"CBBX","","","","S4/G4","T",0,1,0,0,0,"F"
0,2,1,0,"*BX","garvm001","","","8/F8XD","T",1,0,1,0,0,"F"
1,0,3,1,"..BSBBX","","","","HR/L8XD","T",0,4,0,0,0,"F"
1,0,3,2,"CBBSBB","","","","W","T",0,1,0,0,0,"F"
1,0,1,2,"*BCFS","urial001","","","K","T",1,0,1,0,0,"F"
1,1,0,2,"SFFS","urial001","","","K","T",1,0,1,0,0,"F"
1,2,1,2,".FBFX","urial001","","","43/G34D","T",1,0,1,0,0,"F"
0,0,2,2,"..CBFBX","","","","S9/L9S+","T",0,1,0,0,0,"F"
0,0,3,2,"BCBFBF>B","jeffr002","","","W.1-2","T",0,1,2,0,0,"F"
0,0,3,2,"*BFBFBB","arral001","jeffr002","","W.2-3;1-2","T",0,1,2,3,0,"F"
0,0,1,1,"SBX","polaj001","arral001","jeffr002","9/F9LS","T",1,0,1,2,3,"F"
0,1,2,1,"BC*BX","polaj001","arral001","jeffr002","8/F8","T",1,0,1,2,3,"F"
0,2,3,2,"CBCBB>X","polaj001","arral001","jeffr002","5/P56","T",1,0,1,2,3,"F"
1,0,1,2,".SFBX","","","","43/G4","T",1,0,0,0,0,"F"
1,1,2,2,"FBBSS","","","","K","T",1,0,0,0,0,"F"
1,2,1,2,"CBSS","","","","K","T",1,0,0,0,0,"F"
0,0,3,2,"BBFBSX","","","","S9/L89S","T",0,1,0,0,0,"F"
0,0,3,1,"BB1BCX","cavej001","","","6/P6MD","T",1,0,1,0,0,"F"
0,1,1,2,"F>FBX","cavej001","","","D8/L78D.1-H;B-3(E6/TH)","T",0,3,4,0,0,"F"
0,1,0,2,".FSFX","","","simma001","8/SF/F8XD+.3-H","T",1,0,0,0,4,"F"
0,2,1,0,"BX","","","","D9/L9LD+","T",0,2,0,0,0,"F"
0,2,2,1,"FBBX","","arral001","","6/P6MD","T",1,0,0,2,0,"F"
1,0,1,1,".BSX","","","","53/G56","T",1,0,0,0,0,"F"
1,1,2,1,"CBBX","","","","8/F9","T",1,0,0,0,0,"F"
1,2,2,2,"CFFBBX","","","","3/P3","T",1,0,0,0,0,"F"
0,0,1,2,".BCCS","","","","K","T",1,0,0,0,0,"F"
0,1,1,0,"BX","","","","43/G34+","T",1,0,0,0,0,"F"
0,2,1,2,"CCBS","","","","K","T",1,0,0,0,0,"F"
1,0,0,0,"X","","","","63/G6D","T",1,0,0,0,0,"F"
1,1,1,2,"CFBFX","","","","63/G56+","T",1,0,0,0,0,"F"
1,2,2,2,".BSBFS","","","","K","T",1,0,0,0,0,"F"
0,0,1,2,"SCBX","","","","31/G34","T",1,0,0,0,0,"T"
0,1,3,2,"BBFCBB","","","","W","T",0,1,0,0,0,"F"
0,1,1,0,"BX","contw001","","","2/P2F/FL","T",1,0,1,0,0,"F"
0,2,2,2,"CBBFC","contw001","","","K","T",1,0,1,0,0,"F"
1,0,0,2,"CSS","","","","K","T",1,0,0,0,0,"F"
1,1,0,0,"X","","","","53/G6S","T",1,0,0,0,0,"F"
1,2,3,0,"BBBX","","","","9/F9S+","T",1,0,0,0,0,"F"
0,0,3,1,"BBBFB","","","","W","T",0,1,0,0,0,"F"
0,0,2,2,"S*B*BSS","pedej001","","","K","T",1,0,1,0,0,"F"
0,1,2,0,"BBX","pedej001","","","6/P15","T",1,0,1,0,0,"F"
0,2,1,2,"BCSF>FF1*S","pedej001","","","K","T",1,0,1,0,0,"F"
1,0,0,1,"FX","","","","S9/L9D+","T",0,1,0,0,0,"F"
1,0,0,2,"CSS","garca003","","","K","T",1,0,1,0,0,"F"
1,1,2,1,"BBC1X","garca003","","","54(1)3/GDP/G56","T",2,0,0,0,0,"F"
0,0,1,2,"BCFS","","","","K","T",1,0,0,0,0,"F"
0,1,2,2,"BFBCX","","","","9/F9LDF/FL","T",1,0,0,0,0,"F"
0,2,3,2,"CBBBFX","","","","S4/G4M-","T",0,1,0,0,0,"F"
0,2,3,2,"CBBCB>X","contw001","","","6/F6D","T",1,0,1,0,0,"F"
1,0,3,2,"CFFFBBB*S","","","","K.BX1(23)","T",1,0,0,0,0,"F"
1,1,2,2,"CBSBX","","","","8/F8D","T",1,0,0,0,0,"F"
1,2,2,2,"BCBFX","","","","31/G3","T",1,0,0,0,0,"F"
0,0,0,1,"FX","","","","HR/F78XD","T",0,4,0,0,0,"F"
0,0,1,2,"BFFC","","","","K","T",1,0,0,0,0,"F"
0,1,1,2,"BSSS","","","","K","T",1,0,0,0,0,"F"
0,2,1,2,"BCSS","","","","K","T",1,0,0,0,0,"F"
1,0,1,2,"BSSX","","","","63/G6","T",1,0,0,0,0,"F"
1,1,1,2,"FFBS","","","","K","T",1,0,0,0,0,"F"
1,2,1,0,"BX","","","","13/G1","T",1,0,0,0,0,"F"
0,0,1,2,"BCCS","","","","K","T",1,0,0,0,0,"F"
0,1,0,1,"CX","","","","3/P34","T",1,0,0,0,0,"F"
0,2,0,1,"CX","","","","53/G6S","T",1,0,0,0,0,"F"
1,0,0,0,"X","","","","9/F9","T",1,0,0,0,0,"F"
1,1,1,2,"CBSS","","","","K","T",1,0,0,0,0,"F"
1,2,0,2,"CF*S","","","","K","T",1,0,0,0,0,"F"
0,0,3,2,"SBBFBFC","","","","K","T",1,0,0,0,0,"F"
0,1,1,1,"SBX","","","","7/F7D","T",1,0,0,0,0,"F"
0,2,0,2,"FSS","","","","K","T",1,0,0,0,0,"F"
1,0,1,2,"FSBX","","","","S8/G6MS+","T",0,1,0,0,0,"F"
1,0,3,2,"BCBS*B*B","narvo001","","","W.1-2","T",0,1,2,0,0,"F"
1,0,1,1,".C*BX","robed004","narvo001","","S9/L9S.2-3;1-2","T",0,1,2,3,0,"F"
1,0,0,1,"CX","mckib001","robed004","narvo001","62(3)/FO/G6D+.2-3;1-2;B-1","T",1,1,2,3,0,"F"
1,1,0,0,"..X","cainl001","mckib001","robed004","D7/L7LS.3-H;2-H;1-H","T",0,2,4,4,4,"F"
1,1,0,0,"X","","urial001","","43/G4S.2-3","T",1,0,0,3,0,"F"
1,2,3,0,"VVVV","","","urial001","IW","T",0,1,0,0,3,"F"
1,2,1,1,"BFB","garca003","","urial001","WP.3-H(NR);1-2","F",0,0,2,0,4,"F"
1,2,2,1,"BFB.X","","garca003","","T8/L89S+.2-H","T",0,3,0,4,0,"F"
1,2,3,2,"CBBSBX","","","bradj001","S9/G4.3-H","T",0,1,0,0,4,"F"
1,2,3,0,"1B*BBH","hiurk001","","","HP.1-2","T",0,1,2,0,0,"F"
1,2,1,1,".SB>C","narvo001","hiurk001","","SB3","F",0,0,1,3,0,"F"
1,2,1,2,".SB>C.FC","narvo001","","hiurk001","K","T",1,0,1,0,3,"F"
0,0,1,1,"....CBX","","","","23/G2-","T",1,0,0,0,0,"F"
0,1,2,1,"CBBX","","","","8/F8","T",1,0,0,0,0,"F"
0,2,2,2,"BBSFFX","","","","53/G4","T",1,0,0,0,0,"F"
1,0,1,2,"CFBX","","","","S6/G6+.B-2(E6/TH)","T",0,2,0,0,0,"F"
1,0,2,2,"CBSBX","","mckib001","","63/G6.2-3","T",1,0,0,3,0,"F"
1,1,0,2,"CFS","","","mckib001","K","T",1,0,0,0,3,"F"
1,2,3,1,"BBSBB","","","mckib001","W","T",0,1,0,0,3,"F"
1,2,0,2,"CCH","shawt001","","mckib001","HP.1-2","T",0,1,2,0,3,"F"
1,2,2,2,"BCSBX","garca003","shawt001","mckib001","13/G6MS","T",1,0,1,2,3,"F"
0,0,3,0,".BBBB","","","","W","T",0,1,0,0,0,"F"
0,0,2,1,".CBBX","boted002","","","8/F89D","T",1,0,1,0,0,"F"
0,1,3,1,"SBBBB","boted002","","","W.1-2","T",0,1,2,0,0,"F"
0,1,0,0,"X","happi001","boted002","","64(1)3/GDP/G6","T",2,0,0,2,0,"F"
1,0,3,2,"..BCFBBB","","","","W","T",0,1,0,0,0,"F"
1,0,1,0,"BX","petej002","","","64(1)/FO/G15.B-1","T",1,1,0,0,0,"F"
1,1,1,2,"CBFS","narvo001","","","K","T",1,0,1,0,0,"F"
1,2,0,1,"CX","narvo001","","","S8/L8S+.1-2","T",0,1,2,0,0,"F"
1,2,1,2,"BCSS","mckib001","narvo001","","K","T",1,0,1,2,0,"F"
0,0,1,0,"....BX","","","","8/F8D+","T",1,0,0,0,0,"F"
0,1,2,1,"BCBX","","","","S8/L78+","T",0,1,0,0,0,"F"
0,1,3,0,"BBBB","bryak001","","","W.1-2","T",0,1,2,0,0,"F"
0,1,0,1,"SS","pedej001","bryak001","","WP.2-3;1-2","F",0,0,2,3,0,"F"
0,1,2,2,"SS.*BBX","","pedej001","bryak001","D7/L7LS+.3-H;2-H","T",0,2,0,4,4,"F"
0,1,0,1,".CX","","baezj001","","3/G3S.2-3","T",1,0,0,3,0,"F"
0,2,1,2,"BS*SS","","","baezj001","K","T",1,0,0,0,3,"F"
0,0,0,1,"CX","","","","7/L7","T",1,0,0,0,0,"T"
0,1,2,2,"BBCCFX","","","","63/G1S+","T",1,0,0,0,0,"F"
0,2,3,0,"BBBB","","","","W","T",0,1,0,0,0,"F"
0,2,0,2,"FF>B","rizza001","","","SB2","F",0,0,2,0,0,"F"
0,2,1,2,"FF>B.FX","","rizza001","","53/G56D+","T",1,0,0,2,0,"F"
1,0,1,2,"CFBX","","","","53/G56","T",1,0,0,0,0,"F"
1,1,0,0,"X","","","","63/G6","T",1,0,0,0,0,"F"
1,2,2,1,"BCBX","","","","31/G3D","T",1,0,0,0,0,"F"
0,0,1,2,"CBFC","","","","K","T",1,0,0,0,0,"F"
0,1,1,2,"BSCX","","","","63/G6","T",1,0,0,0,0,"F"
0,2,2,0,"BBX","","","","43/G4D","T",1,0,0,0,0,"F"
1,0,1,0,"BX","","","","53/G5","T",1,0,0,0,0,"F"
1,1,0,0,"H","","","","HP","T",0,1,0,0,0,"F"
1,1,2,0,"BBX","bradj001","","","64(1)/FO/G6S.B-1","T",1,1,0,0,0,"F"
1,2,0,0,"X","pinam001","","","HR/F7D.1-H","T",0,4,4,0,0,"F"
1,2,2,2,"BBCCX","","","","43/G4MS","T",1,0,0,0,0,"F"
0,0,2,2,"..FFFBBT","","","","K","T",1,0,0,0,0,"F"
0,1,2,2,"SBSB.S","","","","K","T",1,0,0,0,0,"F"
0,2,1,2,"CBSC","","","","K","T",1,0,0,0,0,"F"
1,0,1,1,"CBX","","","","31/G3","T",1,0,0,0,0,"F"
1,1,2,1,"BFBX","","","","9/L9+","T",1,0,0,0,0,"F"
1,2,1,1,"CBX","","","","4/L4+","T",1,0,0,0,0,"F"
0,0,2,1,"BFBH","","","","HP","T",0,1,0,0,0,"F"
0,0,2,0,"BBX","contw001","","","S9/L9L+.1-3","T",0,1,3,0,0,"F"
0,0,1,1,"BFX","rizza001","","contw001","9/SF/F89D+.3-H","T",1,0,1,0,4,"F"
0,1,1,2,"BFSFFFC","rizza001","","","K","T",1,0,1,0,0,"F"
0,2,0,1,"FX","rizza001","","","64(1)/FO/G56D.B-1","T",1,1,0,0,0,"F"
1,0,1,0,"BX","","","","S9/L9S","T",0,1,0,0,0,"F"
1,0,0,0,"X","shawt001","","","6/L6D+","T",1,0,1,0,0,"F"
1,1,1,0,"*BX","shawt001","","","3/G3.1-2","T",1,0,2,0,0,"F"
1,2,1,2,"CFBFX","","shawt001","","53/G5","T",1,0,0,2,0,"F"
0,0,1,2,"BCCX","","","","S8/L89+","T",0,1,0,0,0,"F"
0,0,1,2,"FBST","heywj001","","","K","T",1,0,1,0,0,"F"
0,1,1,1,".1F*B1X","heywj001","","","S9/G34.1-2","T",0,1,2,0,0,"F"
0,1,0,0,"X","boted002","heywj001","","43/G34S.2-3;1-2","T",1,0,2,3,0,"F"
0,2,2,2,"CBSBFX","","boted002","heywj001","9/F9L","T",1,0,0,2,3,"F"
1,0,3,2,".BSBSBB","","","","W","T",0,1,0,0,0,"F"
1,0,0,0,"X","urial001","","","54(1)3/GDP/G5","T",2,0,0,0,0,"F"
1,2,1,2,"BFCT","","","","K","T",1,0,0,0,0,"F"
0,0,2,2,"CCBFBX","","","","6/F5D","T",1,0,0,0,0,"F"
0,1,0,1,"CX","","","","9/F9LS","T",1,0,0,0,0,"F"
0,2,2,2,"BFSBFFX","","","","7/F78S","T",1,0,0,0,0,"F"
1,0,2,1,".BFBX","","","","63/G4MS+","T",1,0,0,0,0,"F"
1,1,1,2,"BSFS","","","","K","T",1,0,0,0,0,"F"
1,2,2,2,"CBBFF","","","","FLE2","F",0,0,0,0,0,"F"
1,2,2,2,"CBBFF.X","","","","43/G34D","T",1,0,0,0,0,"F"
0,0,2,0,".BBX","","","","4/P4","T",1,0,0,0,0,"F"
0,1,0,2,"CSFFS","","","","K","T",1,0,0,0,0,"F"
0,2,2,1,"CBBX","","","","31/G34","T",1,0,0,0,0,"F"
1,0,0,1,".SX","","","","63/G56","T",1,0,0,0,0,"F"
1,1,0,1,"CX","","","","S4/G4","T",0,1,0,0,0,"F"
1,1,2,2,"11BC1FB1X","bradj001","","","53/G56S.1-2","T",1,0,2,0,0,"F"
1,2,3,2,"CB*B*BFB","","bradj001","","W","T",0,1,0,2,0,"F"
1,2,2,2,"CBBSS","urial001","bradj001","","K","T",1,0,1,2,0,"F"
0,0,2,2,"..CCBBS","","","","K","T",1,0,0,0,0,"F"
0,1,1,2,"CBSX","","","","S9/G34+","T",0,1,0,0,0,"F"
0,1,2,1,"BB1FX","happi001","","","HR/F7D.1-H","T",0,4,4,0,0,"F"
0,1,0,2,"CCFX","","","","S8/G6M","T",0,1,0,0,0,"F"
0,1,2,0,"B*BX","rizza001","","","54(1)3/GDP/G5","T",2,0,0,0,0,"F"
1,0,2,2,"....BCBCX","","","","7/F7","T",1,0,0,0,0,"F"
1,1,2,2,"CBSBC","","","","K","T",1,0,0,0,0,"F"
1,2,3,1,"BBBCB","","","","W","T",0,1,0,0,0,"F"
1,2,3,2,"BBBCF>FH","hiurk001","","","HP.1-2","T",0,1,2,0,0,"F"
1,2,0,0,"....X","shawt001","hiurk001","","54(1)/FO/G5.B-1","T",1,1,0,2,0,"F"
0,0,0,2,"..SCX","","","","63/G6S","T",1,0,0,0,0,"F"
0,1,2,2,"BSBFC","","","","K","T",1,0,0,0,0,"F"
0,2,3,2,"BBFBCFFS","","","","K","T",1,0,0,0,0,"F"
1,0,2,2,"CSBFBS","","","","K","T",1,0,0,0,0,"F"
1,1,0,0,".X","","","","7/L7D+","T",1,0,0,0,0,"F"
1,2,3,2,"BCSBBB","","","","W","T",0,1,0,0,0,"F"
1,2,2,2,".B11BCFX","urial001","","","8/F8D","T",1,0,1,0,0,"F"
0,0,0,2,"CFS","","","","K","T",1,0,0,0,0,"T"
0,1,0,1,"CX","","","","9/F89S","T",1,0,0,0,0,"F"
0,2,1,1,"BCX","","","","43/G3D+","T",1,0,0,0,0,"F"
1,0,2,2,"BSCBX","","","","D9/L9LD","T",0,2,0,0,0,"F"
1,0,3,1,"BBCBX","","bradj001","","43/G34D+.2-3","T",1,0,0,3,0,"F"
1,1,0,0,"X","","","bradj001","S9/L9LS.3-H","T",0,1,0,0,4,"F"
1,1,2,1,"BFBX","shawt001","","","D8/L89S+.1-3","T",0,2,3,0,0,"F"
1,1,1,1,"CBX","","garca003","shawt001","7/SF/F78XD.3-H","T",1,0,0,2,4,"F"
1,2,1,2,"*BCFS","","garca003","","K","T",1,0,0,2,0,"F"
0,0,1,2,"BFSFS","","","","K+PB.B-1","T",0,1,0,0,0,"F"
0,0,0,2,"SSC","pedej001","","","K","T",1,0,1,0,0,"F"
0,1,0,0,"X","pedej001","","","D7/L7LD.1-3","T",0,2,3,0,0,"F"
0,1,2,2,"BBSF*S","","heywj001","pedej001","K","T",1,0,0,2,3,"F"
0,2,1,0,"BX","","heywj001","pedej001","9/F9D","T",1,0,0,2,3,"F"
1,0,2,0,"BBX","","","","43/G4","T",1,0,0,0,0,"F"
1,1,2,2,"BFCBFFC","","","","K","T",1,0,0,0,0,"F"
1,2,3,2,"BCBCBC","","","","K","T",1,0,0,0,0,"F"
0,0,1,2,"CSBC","","","","K","T",1,0,0,0,0,"F"
0,1,3,2,"CBBCBC","","","","K","T",1,0,0,0,0,"F"
0,2,1,1,"CBX","","","","S8/G1S","T",0,1,0,0,0,"F"
0,2,2,0,"BBX","sogae001","","","3/G3","T",1,0,1,0,0,"F"
1,0,3,2,"BCBBSC","","","","K","T",1,0,0,0,0,"F"
1,1,1,2,"BCCX","","","","63/G4M+","T",1,0,0,0,0,"F"
1,2,1,2,"CFBX","","","","HR/F78XD","T",0,4,0,0,0,"F"
1,2,2,1,"BFBX","","","","9/F9D","T",1,0,0,0,0,"F"
0,0,0,2,"SSX","","","","13/G4MS","T",1,0,0,0,0,"F"
0,1,2,2,"BBSFS","","","","K","T",1,0,0,0,0,"F"
0,2,2,0,"BBX","","","","7/L7","T",1,0,0,0,0,"F"
1,0,0,0,"X","","","","8/F78","T",1,0,0,0,0,"F"
1,1,0,2,"CFFFH","","","","HP","T",0,1,0,0,0,"F"
1,1,1,1,"CB1X","hiurk001","","","3/G3S.1-2","T",1,0,2,0,0,"F"
1,2,3,0,"*BBVV","","hiurk001","","IW","T",0,1,0,2,0,"F"
1,2,0,2,"CFX","urial001","hiurk001","","6/L6D","T",1,0,1,2,0,"F"
0,0,1,1,"BCX","","","","7/L7D","T",1,0,0,0,0,"F"
0,1,0,2,"SFC","","","","K","T",1,0,0,0,0,"F"
0,2,1,2,"BCSS","","","","K","T",1,0,0,0,0,"F"
1,0,1,2,"CCBS","","","","K","T",1,0,0,0,0,"F"
1,1,3,1,"CBBBX","","","","8/L8D","T",1,0,0,0,0,"F"
1,2,1,2,"CFFBX","","","","9/F9L","T",1,0,0,0,0,"F"
0,0,3,2,"..BSSBBFFFX","","","","43/G34","T",1,0,0,0,0,"F"
0,1,2,2,"LBSBX","","","","43/G4","T",1,0,0,0,0,"F"
0,2,2,2,"CCFBB*S","","","","K","T",1,0,0,0,0,"F"
1,0,3,2,".BBBCFX","","","","S9/L89","T",0,1,0,0,0,"F"
1,0,1,0,"BX","garca003","","","S7/F7S.1-2","T",0,1,2,0,0,"F"
1,0,3,0,"*BBBB","narvo001","garca003","","W.2-3;1-2","T",0,1,2,3,0,"F"
1,0,3,2,"BSBFFBB","hiurk001","narvo001","garca003","W.3-H;2-3;1-2","T",0,1,2,3,4,"F"
1,0,3,0,"B*BBB","mckib001","hiurk001","narvo001","W.3-H;2-3;1-2","T",0,1,2,3,4,"F"
1,0,3,2,".BBBCCFX","urial001","mckib001","hiurk001","S8/L89S.3-H;2-H;1-2","T",0,1,2,4,4,"F"
1,0,3,2,"BBBCSS","burnc002","urial001","","K","T",1,0,1,2,0,"F"
1,1,2,2,"CBSFBC","burnc002","urial001","","K","T",1,0,1,2,0,"F"
1,2,0,0,"X","burnc002","urial001","","6/L6M","T",1,0,1,2,0,"F"
0,0,1,1,".CBX","","","","43/G34D","T",1,0,0,0,0,"F"
0,1,3,1,"BSBBX","","","","8/F89D","T",1,0,0,0,0,"F"
0,2,0,0,"X","","","","S4/L89S+","T",0,1,0,0,0,"F"
0,2,1,0,"BX","heywj001","","","64(1)/FO/G6.B-1","T",1,1,0,0,0,"F"
1,0,1,2,"....FBF*S","","","","K.BX1(23)","T",1,0,0,0,0,"F"
1,1,1,0,"BX","","","","8/F8D+","T",1,0,0,0,0,"F"
1,2,3,1,"BBBCB","","","","W","T",0,1,0,0,0,"F"
1,2,1,2,"BFCX","hiurk001","","","63/G4MS+","T",1,0,1,0,0,"F"
0,0,1,0,"..BX","","","","8/F89D","T",1,0,0,0,0,"F"
0,1,1,2,"CSBFC","","","","K","T",1,0,0,0,0,"F"
0,2,0,2,"CCH","","","","HP","T",0,1,0,0,0,"F"
0,2,1,0,"BX","happi001","","","7/F7","T",1,0,1,0,0,"F"
1,0,3,1,"BBBCB","","","","W","T",0,1,0,0,0,"F"
1,0,2,2,"BFSBC","urial001","","","K","T",1,0,1,0,0,"F"
1,1,1,2,"CFBS","urial001","","","K","T",1,0,1,0,0,"F"
1,2,0,1,"FX","urial001","","","S9/G3.1-3","T",0,1,3,0,0,"F"
1,2,1,2,"BCCS","robed004","","urial001","K","T",1,0,1,0,3,"F"
0,0,1,1,"CBX","","","","D9/L9LS","T",0,2,0,0,0,"F"
0,0,2,2,"FFBBFH","","rizza001","","HP","T",0,1,0,2,0,"F"
0,0,1,2,"SFBS","pedej001","rizza001","","K","T",1,0,1,2,0,"F"
0,1,0,1,".CX","pedej001","rizza001","","5/L56","T",1,0,1,2,0,"F"
0,2,0,0,"B","pedej001","rizza001","","WP.2-3;1-2","F",0,0,2,3,0,"F"
0,2,1,1,"B.CX","","pedej001","rizza001","53/G56","T",1,0,0,2,3,"F"
0,0,0,2,"FFX","","","","8/F78","T",1,0,0,0,0,"T"
0,1,1,0,"BX","","","","43/G4M+","T",1,0,0,0,0,"F"
0,2,2,2,"CFBBFX","","","","7/L7L","T",1,0,0,0,0,"F"
1,0,0,0,"X","","","","7/F7D","T",1,0,0,0,0,"F"
1,1,0,2,"CS*S","","","","K","T",1,0,0,0,0,"F"
1,2,2,2,"BCBCC","","","","K","T",1,0,0,0,0,"F"
0,0,2,1,"FBBX","","","","HR/F7LD","T",0,4,0,0,0,"F"
0,0,3,2,"BCCBFFBX","","","","63/G6","T",1,0,0,0,0,"F"
0,1,3,2,"FBSBBX","","","","7/L7D","T",1,0,0,0,0,"F"
0,2,3,2,"BCCBBX","","","","63/G6MD+","T",1,0,0,0,0,"F"
1,0,0,2,"FFX","","","","63/G6+","T",1,0,0,0,0,"F"
1,1,0,0,"X","","","","9/F9L","T",1,0,0,0,0,"F"
1,2,0,0,"X","","","","43/G4","T",1,0,0,0,0,"F"
0,0,0,2,"LFS","","","","K","T",1,0,0,0,0,"F"
0,1,0,1,"CX","","","","63/G6","T",1,0,0,0,0,"F"
0,2,2,0,"BBX","","","","S4/G4+","T",0,1,0,0,0,"F"
0,2,1,2,"*B1CC>B","fraza001","","","CS2(24)","F",1,0,0,0,0,"F"
1,0,1,0,"BX","","","","D9/L9L+","T",0,2,0,0,0,"F"
1,0,0,2,"CSC","","urial001","","K","T",1,0,0,2,0,"F"
1,1,2,2,"CCBBC","","urial001","","K","T",1,0,0,2,0,"F"
1,2,0,1,"2CH","","urial001","","HP","T",0,1,0,2,0,"F"
1,2,1,1,"BSH","bradj001","urial001","","HP.2-3;1-2","T",0,1,2,3,0,"F"
1,2,3,2,"FBFBFB>F>F>T","hiurk001","bradj001","urial001","K","T",1,0,1,2,3,"F"
0,0,0,0,"X","","","","S5/G5","T",0,1,0,0,0,"F"
0,0,3,0,"BBB+1B","evanp001","","","W.1-2","T",0,1,2,0,0,"F"
0,0,2,2,"BFFBFS","reynb001","evanp001","","K","T",1,0,1,2,0,"F"
0,1,0,0,"X","reynb001","evanp001","","43/G4-.2-3;1-2","T",1,0,2,3,0,"F"
0,2,1,0,"BX","","reynb001","evanp001","5/P5F/FL","T",1,0,0,2,3,"F"
1,0,0,0,"X","","","","63/G6D","T",1,0,0,0,0,"F"
1,1,2,2,"CBBCX","","","","43/G4+","T",1,0,0,0,0,"F"
1,2,1,2,"BCFX","","","","31/G3","T",1,0,0,0,0,"F"
0,0,2,0,"BBX","","","","S2/G2-","T",0,1,0,0,0,"F"
0,0,2,0,"BBX","newmk001","","","S8/L89S.1-2","T",0,1,2,0,0,"F"
0,0,3,2,"BBCTBM","fowld002","newmk001","","K","T",1,0,1,2,0,"F"
0,1,1,1,"..*BFX","fowld002","newmk001","","T9/G3.2-H;1-H","T",0,3,4,4,0,"F"
0,1,2,2,"BSFFBS","","","fraza001","K","T",1,0,0,0,3,"F"
0,2,0,1,"CX","","","fraza001","D9/L9L+.3-H","T",0,2,0,0,4,"F"
0,2,3,0,"BBBB","","reynb001","","W","T",0,1,0,2,0,"F"
0,2,1,1,"BCX","morac001","reynb001","","64(1)/FO/G6MS.B-1","T",1,1,0,2,0,"F"
1,0,2,1,"CBBX","","","","53/G5S","T",1,0,0,0,0,"F"
1,1,0,0,"X","","","","S8/G6M+","T",0,1,0,0,0,"F"
1,1,0,0,"X","petej002","","","D8/L78XD+.1-H","T",0,2,4,0,0,"F"
1,1,0,2,"CST","","taylt002","","K","T",1,0,0,2,0,"F"
1,2,3,2,"BCSBFBH","","taylt002","","HP","T",0,1,0,2,0,"F"
1,2,2,1,"*BSB2X","hiurk001","taylt002","","6(1)/FO/G4M.B-1","T",1,1,0,2,0,"F"
0,0,2,1,"CBBX","","","","53/G4MD","T",1,0,0,0,0,"F"
0,1,1,2,"FBFX","","","","53/G5","T",1,0,0,0,0,"F"
0,2,0,2,"SFS","","","","K","T",1,0,0,0,0,"F"
1,0,2,0,"BBX","","","","S8/G4M+","T",0,1,0,0,0,"F"
1,0,3,2,"FFB*B1BFC","garca003","","","K","T",1,0,1,0,0,"F"
1,1,0,1,".S1>B","garca003","","","CS2(26)","F",1,0,0,0,0,"F"
1,2,2,2,".S1>B.BFC","","","","K","T",1,0,0,0,0,"F"
0,0,3,2,"..FSBBBT","","","","K","T",1,0,0,0,0,"F"
0,1,2,2,"BFCBX","","","","7/F7L","T",1,0,0,0,0,"F"
0,2,3,2,"CFBBBS","","","","K","T",1,0,0,0,0,"F"
1,0,1,2,".CBFFC","","","","K","T",1,0,0,0,0,"F"
1,1,3,1,"BBBCB","","","","W","T",0,1,0,0,0,"F"
1,1,1,2,"CBCT","petej002","","","K","T",1,0,1,0,0,"F"
1,2,1,0,"BX","petej002","","","S9/L9S.1-3","T",0,1,3,0,0,"F"
1,2,3,2,"BBBC1F>B","bradj001","","petej002","W.1-2","T",0,1,2,0,3,"F"
1,2,0,0,".X","hiurk001","bradj001","petej002","7/F1S","T",1,0,1,2,3,"F"
0,0,3,1,".BSBBB","","","","W","T",0,1,0,0,0,"F"
0,0,1,0,"*BX","reynb001","","","8/L8","T",1,0,1,0,0,"F"
0,1,0,2,"CSS","reynb001","","","K","T",1,0,1,0,0,"F"
0,2,0,1,"SX","reynb001","","","HR/F89XD.1-H","T",0,4,4,0,0,"F"
0,2,2,2,"CBBFX","","","","E5/G5.B-1","T",0,1,0,0,0,"F"
0,2,0,0,"N","newmk001","","","BK.1-2","F",0,0,2,0,0,"F"
0,2,0,2,"N.CS*S","","newmk001","","K","T",1,0,0,2,0,"F"
1,0,3,0,".BBBB","","","","W","T",0,1,0,0,0,"F"
1,0,1,1,"CBX","garca003","","","3(B)654(1)/GDP/G3S","T",2,0,0,0,0,"F"
1,2,1,2,".CFFBS","","","","K","T",1,0,0,0,0,"F"
0,0,0,2,"..CCS","","","","K","T",1,0,0,0,0,"F"
0,1,1,2,"CBSFX","","","","7/F7S","T",1,0,0,0,0,"F"
0,2,3,2,"CCBBBX","","","","8/F89XD+","T",1,0,0,0,0,"F"
1,0,3,2,".BCBBFX","","","","53/G56","T",1,0,0,0,0,"F"
1,1,2,2,"CBCBX","","","","6/F78S","T",1,0,0,0,0,"F"
1,2,3,2,"BBFBF*B","","","","W","T",0,1,0,0,0,"F"
1,2,1,2,"CFFBX","taylt002","","","2/P25F/FL","T",1,0,1,0,0,"F"
0,0,0,1,"CX","","","","63/G6","T",1,0,0,0,0,"T"
0,1,2,2,"FBFFFBX","","","","8/L8D","T",1,0,0,0,0,"F"
0,2,1,2,"CBCX","","","","S9/G4","T",0,1,0,0,0,"F"
0,2,1,1,"BSX","reynb001","","","43/G34","T",1,0,1,0,0,"F"
1,0,2,2,"CCBBX","","","","S5/G56","T",0,1,0,0,0,"F"
1,0,2,1,"*BBC1>C","bradj001","","","SB2","F",0,0,2,0,0,"F"
1,0,2,2,"*BBC1>C.FX","","bradj001","","53/G56S","T",1,0,0,2,0,"F"
1,1,2,2,"*BFF*BX","","bradj001","","5/L56+","T",1,0,0,2,0,"F"
1,2,0,1,"FX","","bradj001","","S8/F78S.2-H","T",0,1,0,4,0,"F"
1,2,0,1,"CX","garca003","","","S7/L78S.1-2","T",0,1,2,0,0,"F"
1,2,0,1,"CX","narvo001","garca003","","S9/G3.2-H;1-3","T",0,1,3,4,0,"F"
1,2,3,1,"CB1BBX","mckib001","","narvo001","S8/L8.3-H;1-H(E8)(NR);B-2","T",0,2,4,0,4,"F"
1,2,1,1,"CBX","","urial001","","S8/G4M+.2-H(UR)","T",0,1,0,5,0,"F"
1,2,1,2,"*BCSS","petej002","","","K","T",1,0,1,0,0,"F"
0,0,3,2,"FBFBBX","","","","53/G5","T",1,0,0,0,0,"F"
0,1,1,0,"BX","","","","63/G56","T",1,0,0,0,0,"F"
0,2,2,2,"CBCBX","","","","43/G4","T",1,0,0,0,0,"F"
1,0,1,2,"CFBX","","","","T9/G3","T",0,3,0,0,0,"F"
1,0,2,2,"BBFCFX","","","bradj001","D8/F89XD+.3-H","T",0,2,0,0,4,"F"
1,0,2,1,"B*BFX","","hiurk001","","43/G34.2-3","T",1,0,0,3,0,"F"
1,1,1,0,"BX","","","hiurk001","7/SF/L78.3-H","T",1,0,0,0,4,"F"
1,2,3,2,"CBBFBB","","","","W","T",0,1,0,0,0,"F"
1,2,1,2,"BC*SF*S","narvo001","","","K","T",1,0,1,0,0,"F"
0,0,3,1,"FBBBB","","","","W","T",0,1,0,0,0,"F"
0,0,0,2,"LLC","alfoa002","","","K","T",1,0,1,0,0,"F"
0,1,0,0,"X","alfoa002","","","23/BG2.1-2","T",1,0,2,0,0,"F"
0,2,1,2,"FF*B*S","","alfoa002","","K","T",1,0,0,2,0,"F"
1,0,2,2,"CCBBX","","","","6/P6","T",1,0,0,0,0,"F"
1,1,2,2,"BSFFBS","","","","K","T",1,0,0,0,0,"F"
1,2,2,2,"CSBBS","","","","K","T",1,0,0,0,0,"F"
0,0,2,1,"BBFX","","","","S56/G56+","T",0,1,0,0,0,"F"
0,0,0,0,"B","reynb001","","","PB.1-2","F",0,0,2,0,0,"F"
0,0,2,2,"B.CBCX","","reynb001","","43/G89S.2-3","T",1,0,0,3,0,"F"
0,1,1,2,"C*BFX","","","reynb001","E6/TH/G6.3-H(UR);B-1","T",0,1,0,0,5,"F"
0,1,1,0,"BX","stalj001","","","14(1)3/GDP/G1","T",2,0,0,0,0,"F"
1,0,1,0,"BX","","","","43/G4+","T",1,0,0,0,0,"F"
1,1,2,2,"BFSBX","","","","9/F9D","T",1,0,0,0,0,"F"
1,2,0,2,"CFC","","","","K","T",1,0,0,0,0,"F"
0,0,0,0,"X","","","","S9/L89","T",0,1,0,0,0,"F"
0,0,1,0,"BX","fraza001","","","46(1)3/GDP/G4M+","T",2,0,0,0,0,"F"
0,2,1,2,".BCFX","","","","S4/G34","T",0,1,0,0,0,"F"
0,2,1,0,"BX","fowld002","","","23/G2-","T",1,0,1,0,0,"F"
1,0,2,2,".CSBBX","","","","3/G34+","T",1,0,0,0,0,"F"
1,1,0,1,"FH","","","","HP","T",0,1,0,0,0,"F"
1,1,0,2,"CSX","narvo001","","","S9/L89S.1-2","T",0,1,2,0,0,"F"
1,1,1,2,"SCBX","mckib001","narvo001","","4(1)3/GDP/G4M","T",2,0,0,2,0,"F"
0,0,2,2,"CFFBBFX","","","","43/G4","T",1,0,0,0,0,"F"
0,1,2,0,"BBX","","","","E6/TH/G6.B-1","T",0,1,0,0,0,"F"
0,1,1,2,"CS*BC","reynb001","","","K","T",1,0,1,0,0,"F"
0,2,0,2,"CFX","reynb001","","","8/L8","T",1,0,1,0,0,"F"
1,0,1,2,"FBFX","","","","5/P5","T",1,0,0,0,0,"F"
1,1,0,2,"CFS","","","","K","T",1,0,0,0,0,"F"
1,2,2,2,"CBCBFX","","","","S9/L8","T",0,1,0,0,0,"F"
1,2,2,2,"CBBSS","bradj001","","","K","T",1,0,1,0,0,"F"
0,0,0,0,"X","","","","S4/G4MS","T",0,1,0,0,0,"F"
0,0,1,1,"F*BX","gonze004","","","S9/G23.1-2","T",0,1,2,0,0,"F"
0,0,1,0,"BX","fraza001","gonze004","","9/F89D","T",1,0,1,2,0,"F"
0,1,2,0,".BBX","fraza001","gonze004","","9/F9LS","T",1,0,1,2,0,"F"
0,2,3,1,"BBBCX","fraza001","gonze004","","8/F89XD","T",1,0,1,2,0,"F"
1,0,3,1,"...BSBBX","","","","S8/G4+","T",0,1,0,0,0,"F"
1,0,0,0,"X","shawt001","","","54(1)/FO/G5.B-1","T",1,1,0,0,0,"F"
1,1,1,2,"*BSCFX","garca003","","","7/F7D","T",1,0,1,0,0,"F"
1,2,0,0,"X","garca003","","","63/G4MD","T",1,0,1,0,0,"F"
0,0,0,0,".X","","","","E6/TH/G56+.B-1","T",0,1,0,0,0,"F"
0,0,2,1,"FBBX","evanp001","","","53/G6S.1-2","T",1,0,2,0,0,"F"
0,1,3,1,"BBCBX","","evanp001","","8/F8","T",1,0,0,2,0,"F"
0,2,1,1,"CBX","","evanp001","","13/G1","T",1,0,0,2,0,"F"
1,0,1,2,"CCFBC","","","","K","T",1,0,0,0,0,"F"
1,1,2,2,"BSFBS","","","","K","T",1,0,0,0,0,"F"
1,2,2,2,".BBCCX","","","","53/G6","T",1,0,0,0,0,"F"
0,0,3,2,".TBBBFFX","","","","3/L34","T",1,0,0,0,0,"F"
0,1,1,1,"BFX","","","","8/F89XD","T",1,0,0,0,0,"F"
0,2,2,2,"SBCBFX","","","","S9/L89","T",0,1,0,0,0,"F"
0,2,0,2,"CF>B","alfoa002","","","DI.1-2","F",0,0,2,0,0,"F"
0,2,1,2,"CF>B.C","","alfoa002","","K","T",1,0,0,2,0,"F"
0,0,0,0,"X","","","","8/F8D","T",1,0,0,0,0,"T"
0,1,1,1,"CBX","","","","7/L7LD","T",1,0,0,0,0,"F"
0,2,3,2,"BCBCBH","","","","HP","T",0,1,0,0,0,"F"
0,2,3,2,"LB*BBC>C","reynb001","","","K","T",1,0,1,0,0,"F"
1,0,0,0,"X","","","","6/P8S","T",1,0,0,0,0,"F"
1,1,3,1,"CBBBX","","","","HR/F89XD","T",0,4,0,0,0,"F"
1,1,3,2,"BSSBBFFX","","","","S8/F89","T",0,1,0,0,0,"F"
1,1,3,2,"CCB1F*BFB>X","garca003","","","D9/G4.1-H","T",0,2,4,0,0,"F"
1,1,0,2,"SSFC","","shawt001","","K","T",1,0,0,2,0,"F"
1,2,2,2,"C*BBSX","","shawt001","","8/F78D","T",1,0,0,2,0,"F"
0,0,0,1,"FX","","","","D9/F9LD+","T",0,2,0,0,0,"F"
0,0,1,2,"FBST","","gonze004","","K","T",1,0,0,2,0,"F"
0,1,1,0,"BX","","gonze004","","3/G3.2-3","T",1,0,0,3,0,"F"
0,2,0,2,"CFFS","","","gonze004","K","T",1,0,0,0,3,"F"
1,0,1,2,"BCFX","","","","63/G6D","T",1,0,0,0,0,"F"
1,1,1,2,"CFBFC","","","","K","T",1,0,0,0,0,"F"
1,2,3,0,"BBBB","","","","W","T",0,1,0,0,0,"F"
1,2,2,2,"CCBBS","peraf001","","","K","T",1,0,1,0,0,"F"
0,0,1,2,"CCBS","","","","K","T",1,0,0,0,0,"F"
0,1,1,2,"CBFX","","","","7/F7LF/FL","T",1,0,0,0,0,"F"
0,2,3,0,"BBBB","","","","W","T",0,1,0,0,0,"F"
0,2,1,1,"BCX","evanp001","","","D9/L9D+.1-3","T",0,2,3,0,0,"F"
0,2,1,1,"CBX","","reynb001","evanp001","HR/F78XD.3-H;2-H","T",0,4,0,4,4,"F"
0,2,1,1,"BSX","","","","9/F9S","T",1,0,0,0,0,"F"
1,0,3,2,"BBBCCFT","","","","K","T",1,0,0,0,0,"F"
1,1,3,2,"BFFBBX","","","","HR/F89XD","T",0,4,0,0,0,"F"
1,1,1,2,"BFSS","","","","K","T",1,0,0,0,0,"F"
1,2,2,0,"BBX","","","","9/F9S","T",1,0,0,0,0,"F"
0,0,3,2,"CBTBFBFFFS","","","","K","T",1,0,0,0,0,"F"
0,1,3,1,"BSBBB","","","","W","T",0,1,0,0,0,"F"
0,1,3,2,"FBF*BBX","fowld002","","","1/P5S","T",1,0,1,0,0,"F"
0,2,0,2,"SCS","fowld002","","","K","T",1,0,1,0,0,"F"
1,0,1,2,"CCBX","","","","43/G2","T",1,0,0,0,0,"F"
1,1,1,1,"BFX","","","","13/G1S-","T",1,0,0,0,0,"F"
1,2,2,1,"FBBX","","","","7/F78D","T",1,0,0,0,0,"F"
0,0,1,0,"BX","","","","9/L9D+","T",1,0,0,0,0,"F"
0,1,2,2,"BBFSC","","","","K","T",1,0,0,0,0,"F"
0,2,3,0,"BBBB","","","","W","T",0,1,0,0,0,"F"
0,2,1,1,"BCX","reynb001","","","7/F7LD","T",1,0,1,0,0,"F"
1,0,1,0,".BX","","","","8/F78D+","T",1,0,0,0,0,"F"
1,1,1,2,"FBFFX","","","","D9/L9L","T",0,2,0,0,0,"F"
1,1,3,2,"CBBSBFS","","bradj001","","K","T",1,0,0,2,0,"F"
1,2,2,0,"B*BX","","bradj001","","63/G6+","T",1,0,0,2,0,"F"
0,0,1,2,".CBFFX","","","","S7/G6+","T",0,1,0,0,0,"F"
0,0,0,0,"X","gonze004","","","43/G34.1-2","T",1,0,2,0,0,"F"
0,1,0,0,".X","","gonze004","","8/F89D","T",1,0,0,2,0,"F"
0,2,3,0,"B*BBB","","gonze004","","W","T",0,1,0,2,0,"F"
0,2,1,2,"..CCBFS","perem005","gonze004","","K","T",1,0,1,2,0,"F"
1,0,2,2,".....BBSSS","","","","K","T",1,0,0,0,0,"F"
1,1,3,2,"CBBSBB","","","","W","T",0,1,0,0,0,"F"
1,1,1,1,"*BC11X","hiurk001","","","36(1)/FO/G34.B-1","T",1,1,0,0,0,"F"
1,2,3,1,".1*BB11BCB","mckib001","","","W.1-2","T",0,1,2,0,0,"F"
1,2,1,2,"SCFBFX","pinam001","mckib001","","8/F8D","T",1,0,1,2,0,"F"
0,0,0,2,"CSFX","","","","S7/F7LS","T",0,1,0,0,0,"F"
0,0,0,2,"FF1S","fraza001","","","K","T",1,0,1,0,0,"F"
0,1,3,2,"F1BFBB>F1>X","fraza001","","","HR/L9D.1-H","T",0,4,4,0,0,"F"
0,1,1,0,"BX","","","","43/G34S","T",1,0,0,0,0,"F"
0,2,2,2,"CFBBFS","","","","K","T",1,0,0,0,0,"F"
1,0,2,0,"..BBX","","","","53/G5+","T",1,0,0,0,0,"F"
1,1,0,0,"X","","","","S5/BG25","T",0,1,0,0,0,"F"
1,1,2,1,"BC1BX","bradj001","","","HR/L89XD.1-H","T",0,4,4,0,0,"F"
1,1,0,0,"X","","","","63/G56+","T",1,0,0,0,0,"F"
1,2,2,2,"BFFFBS","","","","K","T",1,0,0,0,0,"F"
0,0,3,2,".CBSFBFBX","","","","43/G34D+","T",1,0,0,0,0,"F"
0,1,1,2,"BCFX","","","","S7/L78S","T",0,1,0,0,0,"F"
0,1,0,1,"CX","newmk001","","","3/G3.1-2","T",1,0,2,0,0,"F"
0,2,1,2,".CBSC","","newmk001","","K","T",1,0,0,2,0,"F"
1,0,1,1,".CBX","","","","8/F78XD","T",1,0,0,0,0,"F"
1,1,2,0,"BBX","","","","7/F7S","T",1,0,0,0,0,"F"
1,2,1,2,"CSBC","","","","K","T",1,0,0,0,0,"F"
0,0,0,2,".CSFFX","","","","6/L6","T",1,0,0,0,0,"F"
0,1,2,2,"BBCSS","","","","K","T",1,0,0,0,0,"F"
0,2,0,2,"SSS","","","","K","T",1,0,0,0,0,"F"
1,0,2,2,".CCBFBS","","","","K","T",1,0,0,0,0,"F"
1,1,2,2,".BBFSX","","","","8/L8XD","T",1,0,0,0,0,"F"
1,2,0,0,"X","","","","5/P5F/FL","T",1,0,0,0,0,"F"
0,0,0,1,"..CX","","reynb001","","D9/L9.2-H(UR)","T",0,2,0,5,0,"F"
0,0,1,2,"SSBX","","morac001","","63/G56+","T",1,0,0,2,0,"F"
0,1,2,2,"BFC*BX","","morac001","","8/F8D","T",1,0,0,2,0,"F"
0,2,3,2,"C*SBB*B*B","","morac001","","W","T",0,1,0,2,0,"F"
0,2,2,2,"S*BFBFS","newmk001","morac001","","K","T",1,0,1,2,0,"F"
1,0,1,2,".CC*BX","","bradj001","","8/F78","T",1,0,0,2,0,"F"
1,1,1,1,"SBX","","bradj001","","9/F9D","T",1,0,0,2,0,"F"
1,2,2,2,"CBCBC","","bradj001","","K","T",1,0,0,2,0,"F"
0,0,1,2,"BCTX","","","","S6/G4M","T",0,1,0,0,0,"T"
0,0,0,1,"F>S","chisj001","","","SB2","F",0,0,2,0,0,"F"
0,0,2,2,"F>S.BBS","","chisj001","","K","T",1,0,0,2,0,"F"
0,1,1,2,"CSF*B>S","","chisj001","","K+SB3","T",1,0,0,3,0,"F"
0,2,0,1,"FX","","","chisj001","31/G34","T",1,0,0,0,3,"F"
1,0,2,2,"BCSBX","","","","S7/L7+","T",0,1,0,0,0,"F"
1,0,2,2,"BBFFX","wongk001","","","S7/G56.1-2","T",0,1,2,0,0,"F"
1,0,1,2,"SBTC","taylt002","wongk001","","K","T",1,0,1,2,0,"F"
1,1,0,1,"CX","taylt002","wongk001","","4(1)3/GDP/G6M","T",2,0,0,2,0,"F"
0,0,0,1,"CX","","","","8/L8D","T",1,0,0,0,0,"F"
0,1,1,2,"FBF*S","","","","K","T",1,0,0,0,0,"F"
0,2,0,0,"X","","","","43/G4MS+","T",1,0,0,0,0,"F"
1,0,1,2,"BCFS","","","","K","T",1,0,0,0,0,"F"
1,1,1,1,"BCX","","","","S9/L89S+","T",0,1,0,0,0,"F"
1,1,1,2,"CTFFFBFF>FX","mckib001","","","C/E2.1-2;B-1","T",0,1,2,0,0,"F"
1,1,1,1,"BSX","urial001","mckib001","","46(1)3/GDP/G4D","T",2,0,0,2,0,"F"
0,0,0,2,"CSS","","","","K","T",1,0,0,0,0,"F"
0,1,0,2,"CCS","","","","K","T",1,0,0,0,0,"F"
0,2,3,2,"BBSFBX","","","","7/F7L","T",1,0,0,0,0,"F"
1,0,0,2,"CFS","","","","K","T",1,0,0,0,0,"F"
1,1,1,0,"BX","","","","S65/G6S","T",0,1,0,0,0,"F"
1,1,0,0,"1X","wongk001","","","6/L6/DP.1X1(63)","T",2,0,0,0,0,"F"
0,0,2,2,"SBSBC","","","","K","T",1,0,0,0,0,"F"
0,1,0,2,"CSX","","","","S8/G6M+","T",0,1,0,0,0,"F"
0,1,1,2,"CCBS","aguij001","","","K","T",1,0,1,0,0,"F"
0,2,1,2,"F*BS>X","aguij001","","","D7/L7.1-H;B-3","T",0,3,4,0,0,"F"
0,2,0,0,"X","","","dickc002","8/F8XD","T",1,0,0,0,3,"F"
1,0,3,2,"SBBFBS","","","","K","T",1,0,0,0,0,"F"
1,1,1,2,"BFFS","","","","K","T",1,0,0,0,0,"F"
1,2,1,2,"BSSS","","","","K","T",1,0,0,0,0,"F"
0,0,3,2,"BBBCCS","","","","K","T",1,0,0,0,0,"F"
0,1,3,2,"BCCFBFBT","","","","K","T",1,0,0,0,0,"F"
0,2,0,2,"CFFX","","","","53/G56S","T",1,0,0,0,0,"F"
1,0,3,2,"CCBBBX","","","","5/P5F/FL","T",1,0,0,0,0,"F"
1,1,0,2,"FCX","","","","S/G4D","T",0,1,0,0,0,"F"
1,1,0,2,"F1FC","urial001","","","K","T",1,0,1,0,0,"F"
1,2,0,1,"FX","urial001","","","63/G6D","T",1,0,1,0,0,"F"
0,0,2,1,"BBSX","","","","DGR/F9LD","T",0,2,0,0,0,"F"
0,0,2,2,"SBS*BFX","","chisj001","","S8/G6M.2-H","T",0,1,0,4,0,"F"
0,0,1,1,"BF1X","rojam002","","","S9/F9S.1-2","T",0,1,2,0,0,"F"
0,0,1,1,"FBX","aguij001","rojam002","","D8/L78XD+.2-H;1-3","T",0,2,3,4,0,"F"
0,0,0,0,"X","","coopg002","aguij001","S9/G34.3-H;2-3","T",0,1,0,3,4,"F"
0,0,3,2,".BSCBBFS","dickc002","","coopg002","K","T",1,0,1,0,3,"F"
0,1,1,1,"BF1","dickc002","","coopg002","PO3(E3).3-H(NR)(UR)","F",0,0,1,0,5,"F"
0,1,1,1,"BF1.X","dickc002","","","9/L9","T",1,0,1,0,0,"F"
0,2,0,1,"CX","dickc002","","","43/G34D","T",1,0,1,0,0,"F"
1,0,2,1,"CBBX","","","","3/G3+","T",1,0,0,0,0,"F"
1,1,2,2,"BFCBX","","","","S3/P3D","T",0,1,0,0,0,"F"
1,1,0,1,"FX","taylt002","","","9/F9","T",1,0,1,0,0,"F"
1,2,1,2,"CCBX","taylt002","","","9/F89","T",1,0,1,0,0,"F"
0,0,2,2,".CBBFC","","","","K","T",1,0,0,0,0,"F"
0,1,2,2,"BCCBC","","","","K","T",1,0,0,0,0,"F"
0,2,3,2,"CBBCBF*B","","","","W","T",0,1,0,0,0,"F"
0,2,2,1,"C*BBX","rojam002","","","9/F9","T",1,0,1,0,0,"F"
1,0,0,2,".CSX","","","","S7/L7S+","T",0,1,0,0,0,"F"
1,0,1,1,"CBX","hiurk001","","","46(1)3/GDP/G4","T",2,0,0,0,0,"F"
1,2,3,2,"CFBBFBC","","","","K","T",1,0,0,0,0,"F"
0,0,3,1,".BBCBX","","","","7/F78","T",1,0,0,0,0,"F"
0,1,1,0,"BX","","","","HR/F8XD","T",0,4,0,0,0,"F"
0,1,3,2,"BCBSFFBFFH","","","","HP","T",0,1,0,0,0,"F"
0,1,3,2,"BFCBBB","duvaa001","","","W.1-2","T",0,1,2,0,0,"F"
0,1,2,2,"FFBBX","bertj001","duvaa001","","S9/L9S+.2-3;1-2","T",0,1,2,3,0,"F"
0,1,3,2,".BSBSBFX","leons001","bertj001","duvaa001","7/SF/F78D.3-H","T",1,0,1,2,4,"F"
0,2,0,2,"SCX","leons001","bertj001","","43/G4S","T",1,0,1,2,0,"F"
1,0,3,2,"...FBCBBFFX","","","","9/F9L","T",1,0,0,0,0,"F"
1,1,2,2,".CCBBX","","","","7/F7LSF/FL","T",1,0,0,0,0,"F"
1,2,0,0,"X","","","","S7/L7S","T",0,1,0,0,0,"F"
1,2,3,2,"BCFBB>X","wongk001","","","8/F78D","T",1,0,1,0,0,"F"
0,0,1,2,"...CBCC","","","","K","T",1,0,0,0,0,"F"
0,1,1,2,"CCBS","","","","K","T",1,0,0,0,0,"F"
0,2,1,1,"BCX","","","","HR/L8XD","T",0,4,0,0,0,"F"
0,2,3,2,"BSSFFBFBFFFC","","","","K","T",1,0,0,0,0,"F"
1,0,0,0,"X","","","","3/P34","T",1,0,0,0,0,"F"
1,1,1,2,"CBCFS","","","","K","T",1,0,0,0,0,"F"
1,2,0,2,"SSS","","","","K","T",1,0,0,0,0,"F"
0,0,0,0,"X","","","","S6/G6","T",0,1,0,0,0,"T"
0,0,0,0,">C","chisj001","","","SB2","F",0,0,2,0,0,"F"
0,0,1,2,">C.BCX","","chisj001","","3/G3.2-3","T",1,0,0,3,0,"F"
0,1,0,2,"CFX","","","chisj001","9/SF/L89D.3-H","T",1,0,0,0,4,"F"
0,2,3,1,"BBBCX","","","","53/G5","T",1,0,0,0,0,"F"
1,0,1,0,".BX","","","","S8/L8S","T",0,1,0,0,0,"F"
1,0,1,1,"BC1X","taylt002","","","9/F9LD","T",1,0,1,0,0,"F"
1,1,2,0,"BBX","taylt002","","","S7/G56+.1-2","T",0,1,2,0,0,"F"
1,1,2,2,"BSBSX","garca003","taylt002","","8/F8D.2-3","T",1,0,1,3,0,"F"
1,2,3,1,"BBBC*B","garca003","","taylt002","W.1-2","T",0,1,2,0,3,"F"
1,2,1,1,"BCX","shawt001","garca003","taylt002","7/F7","T",1,0,1,2,3,"F"
0,0,3,0,"BBBB","","","","W","T",0,1,0,0,0,"F"
0,0,0,1,"C>*B","dickc002","","","CS2(24)","F",1,0,0,0,0,"F"
0,1,2,2,"C>*B.CBFFFX","","","","7/F78S+","T",1,0,0,0,0,"F"
0,2,1,0,"BX","","","","3/G3+","T",1,0,0,0,0,"F"
1,0,1,0,"BX","","","","8/F8D","T",1,0,0,0,0,"F"
1,1,0,2,"CFS","","","","K","T",1,0,0,0,0,"F"
1,2,0,0,"X","","","","HR/F89XD","T",0,4,0,0,0,"F"
1,2,0,2,"SFFX","","","","HR/F8XD","T",0,4,0,0,0,"F"
1,2,2,2,"FFBBX","","","","DGR/F8XD+","T",0,2,0,0,0,"F"
1,2,1,2,"BF2SX","","narvo001","","53/G56S","T",1,0,0,2,0,"F"
0,0,1,0,"BX","","","","S9/F9LD+","T",0,1,0,0,0,"F"
0,0,0,2,"LLS","leons001","","","K","T",1,0,1,0,0,"F"
0,1,1,2,"BCCFX","leons001","","","46(1)/FO/G4.B-1","T",1,1,0,0,0,"F"
0,2,2,2,"*BCBFC","devej001","","","K","T",1,0,1,0,0,"F"
1,0,0,2,"SSS","","","","K","T",1,0,0,0,0,"F"
1,1,1,0,"BX","","","","5/P5SF/FL","T",1,0,0,0,0,"F"
1,2,2,2,"BCBFS","","","","K","T",1,0,0,0,0,"F"
0,0,0,2,".CFFX","","","","HR/F89XD","T",0,4,0,0,0,"F"
0,0,3,2,"BBCCBX","","","","13/G4MS","T",1,0,0,0,0,"F"
0,1,2,2,"BFFBS","","","","K","T",1,0,0,0,0,"F"
0,2,0,2,"FCFC","","","","K","T",1,0,0,0,0,"F"
1,0,0,0,"H","","","","HP","T",0,1,0,0,0,"F"
1,0,2,2,"BFCFBX","bradj001","","","S7/L7S.1-2","T",0,1,2,0,0,"F"
1,0,0,1,"LX","reyep001","bradj001","","24/SH/BG2.2-3;1-2","T",1,0,2,3,0,"F"
1,1,1,1,".BCX","","reyep001","bradj001","63/G56.3-H","T",1,0,0,2,4,"F"
1,2,0,0,"X","","reyep001","","9/F9D","T",1,0,0,2,0,"F"
0,0,3,2,"BCBFFBX","","","","S8/G6","T",0,1,0,0,0,"F"
0,0,0,0,"1>X","bertj001","","","S7/L56.1-3","T",0,1,3,0,0,"F"
0,0,1,2,"BMMM","leons001","","bertj001","K","T",1,0,1,0,3,"F"
0,1,0,1,"FB","leons001","","bertj001","WP.3-H(NR);1-2","F",0,0,2,0,4,"F"
0,1,1,1,"FB.X","","leons001","","13/G4MS+","T",1,0,0,2,0,"F"
0,2,2,1,"BBFX","","leons001","","8/F78","T",1,0,0,2,0,"F"
1,0,0,2,"CFS","","","","K","T",1,0,0,0,0,"F"
1,1,2,2,"CFBFBX","","","","T9/F9LD","T",0,3,0,0,0,"F"
1,1,2,2,"BSC*BC","","","hiurk001","K","T",1,0,0,0,3,"F"
1,2,3,2,"SBB*BCX","","","hiurk001","D9/L89XD+.3-H","T",0,2,0,0,4,"F"
1,2,0,0,"X","","urial001","","6/P5","T",1,0,0,2,0,"F"
0,0,0,2,"CFS","","","","K","T",1,0,0,0,0,"F"
0,1,1,2,"BCFS","","","","K","T",1,0,0,0,0,"F"
0,2,3,2,"..BBCSFBB","","","","W","T",0,1,0,0,0,"F"
0,2,3,2,"B1FBFB>S","dickc002","","","K","T",1,0,1,0,0,"F"
1,0,1,0,".BX","","","","E5/G56D.B-1","T",0,1,0,0,0,"F"
1,0,1,2,"1CCBX","reyep001","","","13/G1S.1-2","T",1,0,2,0,0,"F"
1,1,1,1,"BFX","","reyep001","","S9/P3D.2-H(UR);BX2(96)","T",1,0,0,5,0,"F"
1,2,1,1,"BFX","","","","8/L78D","T",1,0,0,0,0,"F"
0,0,0,0,"X","","","","HR/F8XD","T",0,4,0,0,0,"F"
0,0,1,2,"CBCX","","","","3/G3S-","T",1,0,0,0,0,"F"
0,1,2,0,".BBX","","","","S8/L8+","T",0,1,0,0,0,"F"
0,1,2,2,"FB1FFBFC","brinl001","","","K","T",1,0,1,0,0,"F"
0,2,3,2,".1BBSFB>S","brinl001","","","K","T",1,0,1,0,0,"F"
1,0,3,2,".CCBFBBX","","","","53/G5+","T",1,0,0,0,0,"F"
1,1,2,2,".BCFBC","","","","K","T",1,0,0,0,0,"F"
1,2,0,1,"CX","","","","S8/G4M+","T",0,1,0,0,0,"F"
1,2,1,2,"S+1B1F>C","shawt001","","","K","T",1,0,1,0,0,"F"
0,0,0,1,".CX","","","","63/G6","T",1,0,0,0,0,"F"
0,1,0,2,"CCFFFS","","","","K","T",1,0,0,0,0,"F"
0,2,3,2,"BBSSBB","","","","W","T",0,1,0,0,0,"F"
0,2,2,2,"BCBS>C","dickc002","","","K","T",1,0,1,0,0,"F"
1,0,1,2,".FBFH","","","","HP","T",0,1,0,0,0,"F"
1,0,0,0,">B","bradj001","","","CS2(26)","F",1,0,0,0,0,"F"
1,1,3,2,">B.CCBBX","","","","7/L7D","T",1,0,0,0,0,"F"
1,2,3,2,"BFBBCX","","","","31/G3","T",1,0,0,0,0,"F"
0,0,2,0,"....BBX","","","","9/F9D","T",1,0,0,0,0,"F"
0,1,0,2,"FSFFX","","","","7/F7D","T",1,0,0,0,0,"F"
0,2,2,2,".BBCS*S","","","","K","T",1,0,0,0,0,"F"
0,0,2,2,"SSBBX","","","","7/F78D","T",1,0,0,0,0,"T"
0,1,2,0,"BBX","","","","8/F8S","T",1,0,0,0,0,"F"
0,2,1,1,"BTX","","","","53/G5","T",1,0,0,0,0,"F"
1,0,1,2,"BCFS","","","","K","T",1,0,0,0,0,"F"
1,1,3,2,"BBFBFX","","","","43/G4D","T",1,0,0,0,0,"F"
1,2,0,2,"FSS","","","","K","T",1,0,0,0,0,"F"
0,0,3,2,"BFFBBB","","","","W","T",0,1,0,0,0,"F"
0,0,1,0,"BX","dickc002","","","S7/L78S+.1-2","T",0,1,2,0,0,"F"
0,0,2,2,"*B*BSSFX","duvaa001","dickc002","","46(1)/FO/G34.2-3;B-1","T",1,1,0,3,0,"F"
0,1,0,1,"FX","bertj001","","dickc002","C/E1/G34S.3-H;1-2;B-1","T",0,1,2,0,4,"F"
0,1,1,2,"CSBFB","diazi001","bertj001","","WP.2-3;1-2","F",0,0,2,3,0,"F"
0,1,2,2,"CSBFB.S","","diazi001","bertj001","K","T",1,0,0,2,3,"F"
0,2,0,0,"B","","diazi001","bertj001","WP.3-H(NR)(UR);2-3","F",0,0,0,3,5,"F"
0,2,3,2,"B.BCBCS","","","diazi001","K","T",1,0,0,0,3,"F"
1,0,1,2,"CBCX","","","","31/G3","T",1,0,0,0,0,"F"
1,1,0,1,"SX","","","","13/G1S-","T",1,0,0,0,0,"F"
1,2,3,2,"CBCBBX","","","","9/L9","T",1,0,0,0,0,"F"
0,0,1,2,"BCFC","","","","K","T",1,0,0,0,0,"F"
0,1,3,2,"CBBSB*B","","","","W","T",0,1,0,0,0,"F"
0,1,3,2,"FB*BBFB","aguij001","","","W.1-2","T",0,1,2,0,0,"F"
0,1,3,0,"BBBB","coopg002","aguij001","","W.2-3;1-2","T",0,1,2,3,0,"F"
0,1,0,2,"CFC","dickc002","coopg002","aguij001","K","T",1,0,1,2,3,"F"
0,2,1,2,"CBCC","dickc002","coopg002","aguij001","K","T",1,0,1,2,3,"F"
1,0,1,0,"BX","","","","S9/L9+","T",0,1,0,0,0,"F"
1,0,1,2,"BFFS","bradj001","","","K","T",1,0,1,0,0,"F"
1,1,0,0,"X","bradj001","","","34/SH/BG23.1-2","T",1,0,2,0,0,"F"
1,2,1,2,"BCTFX","","bradj001","","HR/F9LD.2-H","T",0,4,0,4,0,"F"
1,2,3,2,"BCBFFFBS","","","","K","T",1,0,0,0,0,"F"
0,0,3,1,"BBCBB","","","","W","T",0,1,0,0,0,"F"
0,0,0,0,"N","diazi001","","","BK.1-2","F",0,0,2,0,0,"F"
0,0,1,0,"N.BH","","diazi001","","HP","T",0,1,0,2,0,"F"
0,0,3,2,".B.BBCCM","wallc001","diazi001","","K","T",1,0,1,2,0,"F"
0,1,2,0,"BBX","wallc001","diazi001","","14(1)/FO/G1.2-3;B-1","T",1,1,0,3,0,"F"
0,2,2,1,"CBBX","rojam002","","diazi001","HR/F7D.3-H;1-H","T",0,4,4,0,4,"F"
0,2,1,2,"BCFX","","","","53/G56","T",1,0,0,0,0,"F"
1,0,1,2,"...CFFBX","","","","9/L9","T",1,0,0,0,0,"F"
1,1,2,2,"BSBCX","","","","9/F9LD","T",1,0,0,0,0,"F"
1,2,0,1,"CX","","","","43/G6","T",1,0,0,0,0,"F"
0,0,0,0,"X","","","","S7/G56+","T",0,1,0,0,0,"F"
0,0,1,1,"BC>B","sierm002","","","SB2","F",0,0,2,0,0,"F"
0,0,2,1,"BC>B.X","","sierm002","","9/F9S","T",1,0,0,2,0,"F"
0,1,1,0,"B>X","","sierm002","","9/L9","T",1,0,0,2,0,"F"
0,2,3,0,"BB*BV","","sierm002","","IW","T",0,1,0,2,0,"F"
0,2,1,1,"CBX","diazi001","sierm002","","S9/G34+.2-H;1-3","T",0,1,3,4,0,"F"
0,2,1,2,"CCBX","wallc001","","diazi001","13/G23-","T",1,0,1,0,3,"F"
1,0,0,1,"CX","","","","8/F89D","T",1,0,0,0,0,"F"
1,1,1,1,"BSX","","","","8/F8D","T",1,0,0,0,0,"F"
1,2,1,2,"BCSX","","","","S7/L78S","T",0,1,0,0,0,"F"
1,2,2,2,".CBSF*BX","urial001","","","64(1)/FO/G6D","T",1,1,0,0,0,"F"
0,0,0,2,".SCC","","","","K","T",1,0,0,0,0,"F"
0,1,0,2,"CSX","","","","63/G6+","T",1,0,0,0,0,"F"
0,2,0,0,"X","","","","3/P3F/FL","T",1,0,0,0,0,"F"
1,0,1,0,"BX","","","","3/G3","T",1,0,0,0,0,"F"
1,1,3,2,"BBSCBX","","","","D7/L7LS","T",0,2,0,0,0,"F"
1,1,0,1,"FX","","voged001","","S8/L8.2-3","T",0,1,0,3,0,"F"
1,1,0,0,"X","narvo001","","voged001","7/L78+/DP.3XH(72)","T",2,0,1,0,0,"F"
0,0,0,2,"..FCC","","","","K","T",1,0,0,0,0,"F"
0,1,3,0,"BBBB","","","","W","T",0,1,0,0,0,"F"
0,1,1,1,"BCB","duvaa001","","","WP.1-2","F",0,0,2,0,0,"F"
0,1,3,1,"BCB.BB","","duvaa001","","W","T",0,1,0,2,0,"F"
0,1,0,0,"..X","bertj001","duvaa001","","7/F7","T",1,0,1,2,0,"F"
0,2,0,1,"CX","bertj001","duvaa001","","S6/G6.2-3;1-2","T",0,1,2,3,0,"F"
0,2,2,2,"BBCCC","wallc001","bertj001","duvaa001","K","T",1,0,1,2,3,"F"
1,0,1,0,"BX","","","","3/P23F-/FL","T",1,0,0,0,0,"F"
1,1,1,1,"BCX","","","","31/G3","T",1,0,0,0,0,"F"
1,2,2,2,"BCBCX","","","","8/L8XD+","T",1,0,0,0,0,"F"
0,0,2,2,"BBCSS","","","","K","T",1,0,0,0,0,"F"
0,1,3,2,"CBFFBB*B","","","","W","T",0,1,0,0,0,"F"
0,1,2,2,"CBFBS","aguij001","","","K","T",1,0,1,0,0,"F"
0,2,2,0,"BBX","aguij001","","","13/L4MS","T",1,0,1,0,0,"F"
1,0,1,2,".TFBX","","","","S8/G6M+","T",0,1,0,0,0,"F"
1,0,3,1,"BBCBX","urial001","","","53/G5S.1-2","T",1,0,2,0,0,"F"
1,1,1,0,"BX","","urial001","","31/G34D+.2-3","T",1,0,0,3,0,"F"
1,2,3,2,"CC*BFBBC","","","urial001","K","T",1,0,0,0,3,"F"
0,0,0,1,".CX","","","","43/G4MD","T",1,0,0,0,0,"F"
0,1,3,2,"BCCBBB","","","","W","T",0,1,0,0,0,"F"
0,1,0,0,"1","bertj001","","","POCS2(136)","F",1,0,0,0,0,"F"
0,2,1,1,"1.BFX","","","","43/G34","T",1,0,0,0,0,"F"
1,0,1,1,".SBX","","","","8/F8D","T",1,0,0,0,0,"F"
1,1,0,0,".X","","","","D8/F8XD+","T",0,2,0,0,0,"F"
1,1,1,1,"CBX","","hiurk001","","9/F9L.2-3","T",1,0,0,3,0,"F"
1,2,1,2,"CFFBFX","","","hiurk001","8/F89","T",1,0,0,0,3,"F"
0,0,1,2,"CBFC","","","","K","T",1,0,0,0,0,"T"
0,1,2,0,"BBX","","","","7/F7L","T",1,0,0,0,0,"F"
0,2,0,1,"FX","","","","S7/L7S","T",0,1,0,0,0,"F"
0,2,0,2,"FFX","turnj001","","","63/G1","T",1,0,1,0,0,"F"
1,0,3,2,"BBBCFFX","","","","8/F8XD","T",1,0,0,0,0,"F"
1,1,1,0,"BX","","","","8/F8D","T",1,0,0,0,0,"F"
1,2,1,2,"FCBS","","","","K","T",1,0,0,0,0,"F"
0,0,3,1,"BBBCB","","","","W","T",0,1,0,0,0,"F"
0,0,0,1,"FX","muncm001","","","64(1)3/GDP/G6","T",2,0,0,0,0,"F"
0,2,0,1,"SX","","","","S6/G6+","T",0,1,0,0,0,"F"
0,2,0,1,"S1X","polla001","","","9/F9L","T",1,0,1,0,0,"F"
1,0,0,2,"SFS","","","","K","T",1,0,0,0,0,"F"
1,1,1,1,"CBX","","","","9/F9LD","T",1,0,0,0,0,"F"
1,2,2,2,"SFFBBX","","","","5/P1","T",1,0,0,0,0,"F"
0,0,1,1,"BCX","","","","9/L9","T",1,0,0,0,0,"F"
0,1,3,2,"CFBBFBFC","","","","K","T",1,0,0,0,0,"F"
0,2,0,2,"FFX","","","","S7/L56D","T",0,1,0,0,0,"F"
0,2,1,1,"BFX","seagc001","","","8/F89D","T",1,0,1,0,0,"F"
1,0,1,1,"FBX","","","","D9/F9LD","T",0,2,0,0,0,"F"
1,0,0,2,"CCX","","bradj001","","8/F8D","T",1,0,0,2,0,"F"
1,1,1,2,"FCBC","","bradj001","","K","T",1,0,0,2,0,"F"
1,2,1,1,"F*BX","","bradj001","","43/G4D","T",1,0,0,2,0,"F"
0,0,1,0,"BX","","","","2/P2F/FL","T",1,0,0,0,0,"F"
0,1,0,1,"FX","","","","63/G4M","T",1,0,0,0,0,"F"
0,2,3,2,"CBBBSX","","","","53/G56","T",1,0,0,0,0,"F"
1,0,1,2,"CCBX","","","","63/G6MD+","T",1,0,0,0,0,"F"
1,1,1,0,"BX","","","","3/G34","T",1,0,0,0,0,"F"
1,2,3,1,"FBBBB","","","","W","T",0,1,0,0,0,"F"
1,2,2,2,"BBCC1X","garca003","","","HR/F9LD.1-H","T",0,4,4,0,0,"F"
1,2,0,2,"CSS","","","","K","T",1,0,0,0,0,"F"
0,0,0,2,"SFX","","","","8/L8D","T",1,0,0,0,0,"F"
0,1,2,2,"BFBCT","","","","K","T",1,0,0,0,0,"F"
0,2,3,2,"TCBBFBB","","","","W","T",0,1,0,0,0,"F"
0,2,2,0,"BBX","bauet001","","","S8/L8S.1-2","T",0,1,2,0,0,"F"
0,2,2,2,"BSSBX","bettm001","bauet001","","7/F7L","T",1,0,1,2,0,"F"
1,0,2,2,"SBBCX","","","","43/G4","T",1,0,0,0,0,"F"
1,1,0,0,"X","","","","3/G34+","T",1,0,0,0,0,"F"
1,2,0,0,".X","","","","7/F7S","T",1,0,0,0,0,"F"
0,0,2,1,".BBSX","","","","9/F89S","T",1,0,0,0,0,"F"
0,1,3,2,"FBFFBBFX","","","","7/F7S","T",1,0,0,0,0,"F"
0,2,1,2,"SCBX","","","","S8/L89+","T",0,1,0,0,0,"F"
0,2,2,2,"SBBSX","muncm001","","","8/F8","T",1,0,1,0,0,"F"
1,0,3,2,"CBFBBX","","","","S7/L78S","T",0,1,0,0,0,"F"
1,0,2,2,">FBBCX","wongk001","","","46(1)3/GDP/G4+","T",2,0,0,0,0,"F"
1,2,1,0,"BX","","","","S6/G5S-","T",0,1,0,0,0,"F"
1,2,2,2,"BFBCX","narvo001","","","53/G56","T",1,0,1,0,0,"F"
0,0,3,1,".CBBBX","","","","8/F78XD","T",1,0,0,0,0,"F"
0,1,1,2,"CCFBS","","","","K","T",1,0,0,0,0,"F"
0,2,0,1,"CX","","","","13/G1","T",1,0,0,0,0,"F"
1,0,3,2,"BBFBFX","","","","53/G4","T",1,0,0,0,0,"F"
1,1,2,2,"BFFFB*S","","","","K","T",1,0,0,0,0,"F"
1,2,1,2,"BFSFC","","","","K","T",1,0,0,0,0,"F"
0,0,3,0,".BBBB","","","","W","T",0,1,0,0,0,"F"
0,0,0,0,"X","bettm001","","","64(1)3/GDP/G4MD","T",2,0,0,0,0,"F"
0,2,3,2,"SBFBBX","","","","S7/L78S+","T",0,1,0,0,0,"F"
0,2,0,2,"CFFX","turnj001","","","S9/L89S+.1-2","T",0,1,2,0,0,"F"
0,2,0,1,"CX","smitw003","turnj001","","53/G6","T",1,0,1,2,0,"F"
1,0,0,0,"X","","","","7/F78D","T",1,0,0,0,0,"F"
1,1,3,1,".BBFBB","","","","W","T",0,1,0,0,0,"F"
1,1,3,2,"CBBCB>X","mckib001","","","9/F9L","T",1,0,1,0,0,"F"
1,2,1,0,"*BX","mckib001","","","56(1)/FO/G4MD+.B-1","T",1,1,0,0,0,"F"
0,0,0,0,"..X","","","","S8/L8S","T",0,1,0,0,0,"F"
0,0,0,0,"N","taylc001","","","BK.1-2","F",0,0,2,0,0,"F"
0,0,0,2,"N.FSC","","taylc001","","K","T",1,0,0,2,0,"F"
0,1,3,2,"FBBBSS","","taylc001","","K","T",1,0,0,2,0,"F"
0,2,2,1,".BBSX","","taylc001","","S7/L7.2-H","T",0,1,0,4,0,"F"
0,2,1,2,"BCCX","barna001","","","9/F89XD","T",1,0,1,0,0,"F"
0,0,2,1,"CBBX","","","","4/P3DF/FL","T",1,0,0,0,0,"T"
0,1,1,2,"FBSH","","","","HP","T",0,1,0,0,0,"F"
0,1,0,1,"CB","seagc001","","","WP.1-2","F",0,0,2,0,0,"F"
0,1,3,1,"CB.BBX","","seagc001","","8/F89D","T",1,0,0,2,0,"F"
0,2,3,1,"BBC*BB","","seagc001","","W","T",0,1,0,2,0,"F"
0,2,2,2,"FBBFX","muncm001","seagc001","","8/F89D","T",1,0,1,2,0,"F"
1,0,1,0,"BX","","","","4/P4","T",1,0,0,0,0,"F"
1,1,3,1,"BBBCB","","","","W","T",0,1,0,0,0,"F"
1,1,0,1,"FX","voged001","","","36(1)/FO/G3S/NDP.BX1(15)","T",2,0,0,0,0,"F"
0,0,3,2,"BFBFBX","","","","53/G5+","T",1,0,0,0,0,"F"
0,1,3,1,"BCBBX","","","","8/F89D","T",1,0,0,0,0,"F"
0,2,2,2,"BFFBS","","","","K","T",1,0,0,0,0,"F"
1,0,1,1,"BFX","","","","S7/L78S+","T",0,1,0,0,0,"F"
1,0,1,2,"B1FS1S","garca003","","","K","T",1,0,1,0,0,"F"
1,1,0,0,"X","garca003","","","HR/F9D.1-H","T",0,4,4,0,0,"F"
1,1,0,2,"FCFX","","","","S67/G6","T",0,1,0,0,0,"F"
1,1,1,1,"C1BX","urial001","","","S7/L78S.1X3(75)","T",1,1,0,0,0,"F"
1,2,0,2,"C1FS","mckib001","","","K","T",1,0,1,0,0,"F"
0,0,0,2,"FSC","","","","K","T",1,0,0,0,0,"F"
0,1,1,2,"CBFS","","","","K","T",1,0,0,0,0,"F"
0,2,1,2,"CBFX","","","","7/F78","T",1,0,0,0,0,"F"
1,0,1,2,".CCBX","","","","23/G2-","T",1,0,0,0,0,"F"
1,1,0,1,"CX","","","","13/G6MS","T",1,0,0,0,0,"F"
1,2,1,2,"SSFBFS","","","","K","T",1,0,0,0,0,"F"
0,0,3,2,"CBFBBS","","","","K","T",1,0,0,0,0,"F"
0,1,0,1,"FX","","","","31/G3S","T",1,0,0,0,0,"F"
0,2,0,0,"X","","","","53/G5D","T",1,0,0,0,0,"F"
1,0,0,0,".X","","","","63/G56+","T",1,0,0,0,0,"F"
1,1,1,2,"BFCX","","","","8/F78D","T",1,0,0,0,0,"F"
1,2,1,1,"BCX","","","","7/F7D","T",1,0,0,0,0,"F"
0,0,3,2,"BBFBFX","","","","HR/F7D","T",0,4,0,0,0,"F"
0,0,2,1,"FBBX","","","","5/P5F/FL","T",1,0,0,0,0,"F"
0,1,2,2,"CSBBFFFFC","","","","K","T",1,0,0,0,0,"F"
0,2,1,2,"BCCFC","","","","K","T",1,0,0,0,0,"F"
1,0,3,2,"CBBSFBC","","","","K","T",1,0,0,0,0,"F"
1,1,0,1,"CX","","","","43/G4D+","T",1,0,0,0,0,"F"
1,2,0,1,"FX","","","","13/G1S","T",1,0,0,0,0,"F"
0,0,0,0,"X","","","","8/L8D+","T",1,0,0,0,0,"F"
0,1,0,0,"X","","","","53/G6","T",1,0,0,0,0,"F"
0,2,3,2,"BBCFBS","","","","K","T",1,0,0,0,0,"F"
1,0,2,1,".BCBX","","","","53/G56S+","T",1,0,0,0,0,"F"
1,1,2,2,"CCBBX","","","","8/F89D","T",1,0,0,0,0,"F"
1,2,2,0,"BBX","","","","S9/G3","T",0,1,0,0,0,"F"
1,2,3,2,".B*BBCS>B","maill001","","","W.1-2","T",0,1,2,0,0,"F"
1,2,1,0,"BX","garca003","maill001","","8/F8","T",1,0,1,2,0,"F"
0,0,2,2,"..CBCFB.FC","","","","K","T",1,0,0,0,0,"F"
0,1,0,1,"CX","","","","S7/L7S","T",0,1,0,0,0,"F"
0,1,1,0,"BX","smitw003","","","5/P6S","T",1,0,1,0,0,"F"
0,2,1,1,"BCX","smitw003","","","6/P4MD","T",1,0,1,0,0,"F"
1,0,3,2,".BCBBSB","","","","W","T",0,1,0,0,0,"F"
1,0,2,0,"11BBX","bradj001","","","8/F8XD","T",1,0,1,0,0,"F"
1,1,0,0,"N","bradj001","","","BK.1-2","F",0,0,2,0,0,"F"
1,1,3,2,"N.CBBBFX","","bradj001","","2/P2F/FL","T",1,0,0,2,0,"F"
1,2,0,1,"...CX","","bradj001","","63/G6","T",1,0,0,2,0,"F"
0,0,0,0,".X","","","","7/F78","T",1,0,0,0,0,"F"
0,1,3,1,"BBCBX","","","","6/P25","T",1,0,0,0,0,"F"
0,2,3,2,"BS.BBCX","","","","9/F9D","T",1,0,0,0,0,"F"
1,0,0,1,"CX","","","","D7/G5","T",0,2,0,0,0,"F"
1,0,2,1,"BCBX","","wongk001","","63/G6MS.2-3","T",1,0,0,3,0,"F"
1,1,1,1,"BSX","","","wongk001","34/G3S.3-H","T",1,0,0,0,4,"F"
1,2,0,2,"CCS","","","","K","T",1,0,0,0,0,"F"
0,0,0,2,"...CSS","","","","K","T",1,0,0,0,0,"F"
0,1,2,2,"CSFBBC","","","","K","T",1,0,0,0,0,"F"
0,2,0,2,"CTS","","","","K","T",1,0,0,0,0,"F"
0,0,0,0,"X","","","","HR/F78XD","T",0,4,0,0,0,"T"
0,0,0,2,"FSFX","","","","9/L9D+","T",1,0,0,0,0,"F"
0,1,2,2,"FBBFX","","","","53/G5","T",1,0,0,0,0,"F"
0,2,1,2,"CBFX","","","","13/G13-","T",1,0,0,0,0,"F"
1,0,2,2,"SBFBC","","","","K","T",1,0,0,0,0,"F"
1,1,1,2,"BFCS","","","","K","T",1,0,0,0,0,"F"
1,2,0,1,"SX","","","","53/G5","T",1,0,0,0,0,"F"
0,0,1,0,"BX","","","","S5/G5","T",0,1,0,0,0,"F"
0,0,0,0,"X","beatm001","","","46(1)3/GDP/G4MD","T",2,0,0,0,0,"F"
0,2,1,1,"BTX","","","","8/F8","T",1,0,0,0,0,"F"
1,0,1,2,"BFFFF*S","","","","K","T",1,0,0,0,0,"F"
1,1,0,1,"CX","","","","7/F6D","T",1,0,0,0,0,"F"
1,2,0,0,"X","","","","HR/F7D","T",0,4,0,0,0,"F"
1,2,3,2,"FBBCFFB.*B","","","","W","T",0,1,0,0,0,"F"
1,2,2,1,"B1*BFX","mckib001","","","S9/G34.1-2","T",0,1,2,0,0,"F"
1,2,3,2,"BBBCC>F>B","maill001","mckib001","","W.2-3;1-2","T",0,1,2,3,0,"F"
1,2,3,2,"CBBSB>X","woodb005","maill001","mckib001","8/F","T",1,0,1,2,3,"F"
0,0,1,2,"BSFX","","","","23/G2-","T",1,0,0,0,0,"F"
0,1,1,2,"CBCC","","","","K","T",1,0,0,0,0,"F"
0,2,2,2,"CBCBFH","","","","HP","T",0,1,0,0,0,"F"
0,2,0,0,"X","bettm001","","","T8/F8XD.1-H","T",0,3,4,0,0,"F"
0,2,0,2,"CTX","","","seagc001","9/F9L","T",1,0,0,0,3,"F"
1,0,0,2,"CCX","","","","7/F7LSF/FL","T",1,0,0,0,0,"F"
1,1,2,2,"FBBS*S","","","","K","T",1,0,0,0,0,"F"
1,2,1,0,"BX","","","","HR/F89XD","T",0,4,0,0,0,"F"
1,2,0,2,"CCS","","","","K","T",1,0,0,0,0,"F"
0,0,3,2,"CBBCBFC","","","","K","T",1,0,0,0,0,"F"
0,1,0,1,"CX","","","","S8/L78S","T",0,1,0,0,0,"F"
0,1,0,1,"CX","beatm001","","","64(1)/FO/G6.B-1","T",1,1,0,0,0,"F"
0,2,2,2,"BC1FBX","polla001","","","43/G34","T",1,0,1,0,0,"F"
1,0,3,1,".BBCBX","","","","7/F78","T",1,0,0,0,0,"F"
1,1,2,1,"BCBX","","","","S9/L9LS+","T",0,1,0,0,0,"F"
1,1,2,2,"B1FBSS","mckib001","","","K","T",1,0,1,0,0,"F"
1,2,1,2,"FBSC","mckib001","","","K","T",1,0,1,0,0,"F"
0,0,2,2,"BCCFBX","","","","9/L9LD","T",1,0,0,0,0,"F"
0,1,0,2,".CSFX","","","","S5/G6S.B-2(E5/TH)","T",0,2,0,0,0,"F"
0,1,0,1,"FX","","neuss001","","S7/L56D+.2-3","T",0,1,0,3,0,"F"
0,1,1,2,"S1B1FFS","bettm001","","neuss001","K","T",1,0,1,0,3,"F"
0,2,1,2,"1FCBT","bettm001","","neuss001","K","T",1,0,1,0,3,"F"
1,0,1,2,".CBLX","","","","43/G13+","T",1,0,0,0,0,"F"
1,1,2,2,"BCSBC","","","","K","T",1,0,0,0,0,"F"
1,2,3,2,"BBFCBB","","","","W","T",0,1,0,0,0,"F"
1,2,0,0,"1>B","garca003","","","SB2","F",0,0,2,0,0,"F"
1,2,1,2,"1>B.SSX","","garca003","","7/F7","T",1,0,0,2,0,"F"
0,0,1,2,"BCSS","","","","K","T",1,0,0,0,0,"F"
0,1,3,2,"CBSBBB","","","","W","T",0,1,0,0,0,"F"
0,1,1,0,"BX","beatm001","","","53/G5.1-2","T",1,0,2,0,0,"F"
0,2,0,0,"B","","beatm001","","WP.2-3","F",0,0,0,3,0,"F"
0,2,1,2,"B.SFT","","","beatm001","K","T",1,0,0,0,3,"F"
1,0,0,1,"...SX","","","","53/G56","T",1,0,0,0,0,"F"
1,1,1,1,"LBX","","","","S7/L56D","T",0,1,0,0,0,"F"
1,1,3,0,"1BBBB","urial001","","","W.1-2","T",0,1,2,0,0,"F"
1,1,0,1,"CX","mckib001","urial001","","3/G3.2-3;1-2","T",1,0,2,3,0,"F"
1,2,2,0,".BBX","","mckib001","urial001","43/G4","T",1,0,0,2,3,"F"
0,0,1,2,".BFFX","","","","4/L4D","T",1,0,0,0,0,"F"
0,1,0,2,"CSFS","","","","K","T",1,0,0,0,0,"F"
0,2,0,1,"CX","","","","9/F9","T",1,0,0,0,0,"F"
1,0,1,0,".BX","","","","S4/F3D","T",0,1,0,0,0,"F"
1,0,0,1,".C111>B","wongk001","","","CS2(24)","F",1,0,0,0,0,"F"
1,1,1,2,".C111>B.SX","","","","7/F7","T",1,0,0,0,0,"F"
1,2,1,0,"BX","","","","S6/G56+","T",0,1,0,0,0,"F"
1,2,1,0,"B1X","garca003","","","6/P6","T",1,0,1,0,0,"F"
0,0,0,2,"..FSFFFS","","","","K","T",1,0,0,0,0,"F"
0,1,3,0,"BBBB","","","","W","T",0,1,0,0,0,"F"
0,1,2,2,"BFFBS","turnj001","","","K","T",1,0,1,0,0,"F"
0,2,0,2,"CCX","turnj001","","","6/L6MD","T",1,0,1,0,0,"F"
1,0,0,1,"...CX","","","","3/G3S","T",1,0,0,0,0,"F"
1,1,3,2,"CBBBFFFB","","","","W","T",0,1,0,0,0,"F"
1,1,0,0,"1X","urial001","","","8/F89D","T",1,0,1,0,0,"F"
1,2,1,2,"11C1*BF1X","urial001","","","43/G4","T",1,0,1,0,0,"F"
0,0,0,2,".FFX","","","","53/G56+","T",1,0,0,0,0,"F"
0,1,3,2,"CBSFBBB","","","","W","T",0,1,0,0,0,"F"
0,1,1,0,"B1>C","taylc001","","","SB2","F",0,0,2,0,0,"F"
0,1,1,1,"B1>C.X","","taylc001","","8/F89D","T",1,0,0,2,0,"F"
0,2,0,1,".CX","","taylc001","","8/F8S","T",1,0,0,2,0,"F"
1,0,0,0,".....X","","","","3/P23-","T",1,0,0,0,0,"F"
1,1,1,2,"CFBFFFC","","","","K","T",1,0,0,0,0,"F"
1,2,0,2,"CCS","","","","K","T",1,0,0,0,0,"F"
0,0,0,0,"..X","","smitw003","","7/F7D","T",1,0,0,2,0,"F"
0,1,3,1,"CBBBB","","smitw003","","W","T",0,1,0,2,0,"F"
0,1,1,0,"BX","seagc001","smitw003","","S8/L89+.2-H(UR);1-3","T",0,1,3,5,0,"F"
0,1,3,0,"VVVV","turnj001","","seagc001","IW.1-2","T",0,1,2,0,3,"F"
0,1,1,2,".SSFBFS","muncm001","turnj001","seagc001","K","T",1,0,1,2,3,"F"
0,2,1,0,"BX","muncm001","turnj001","seagc001","13/G4MS","T",1,0,1,2,3,"F"
1,0,3,0,"..BBBB","","hiurk001","","W","T",0,1,0,2,0,"F"
1,0,3,2,"CFBBBFB","garca003","hiurk001","","W.2-3;1-2","T",0,1,2,3,0,"F"
1,0,0,2,"SSFC","shawt001","garca003","hiurk001","K","T",1,0,1,2,3,"F"
1,1,2,0,"*BBX","shawt001","garca003","hiurk001","7/SF/F78.3-H(UR);2-3","T",1,0,1,3,5,"F"
1,2,1,0,"B>C","shawt001","","garca003","DI.1-2","F",0,0,2,0,3,"F"
1,2,2,2,"B>C.BSS","","shawt001","garca003","K","T",1,0,0,2,3,"F"
0,0,3,2,".CSB*BBFS","","polla001","","K","T",1,0,0,2,0,"F"
0,1,3,2,"BBTSBB","","polla001","","W","T",0,1,0,2,0,"F"
0,1,3,2,"B*BBCFFFX","barna001","polla001","","T9/L9L.2-H(UR);1-H","T",0,3,4,5,0,"F"
0,1,3,1,".CBBVV","","","smitw003","IW","T",0,1,0,0,3,"F"
0,1,1,1,"BS>B","bettm001","","smitw003","CS2(26)","F",1,0,0,0,3,"F"
0,2,2,2,"BS>B.T*S","","","smitw003","K","T",1,0,0,0,3,"F"
1,0,3,0,".BBBB","","mckib001","","W","T",0,1,0,2,0,"F"
1,0,3,2,".BFBBSFB","maill001","mckib001","","W.2-3;1-2","T",0,1,2,3,0,"F"
1,0,1,2,".CBFX","felim002","maill001","mckib001","9/SF/F9D.3-H(UR);2-3","T",1,0,1,3,5,"F"
1,1,0,2,"CSS","felim002","","maill001","K","T",1,0,1,0,3,"F"
1,2,1,2,"FSF*BX","felim002","","maill001","S7/G56.3-H;1-2","T",0,1,2,0,4,"F"
1,2,0,2,"CFX","garca003","felim002","","S9/L9LS+.2-H;1-2","T",0,1,2,4,0,"F"
0,0,0,0,"X","","","","4/P3D","T",1,0,0,0,0,"T"
0,1,3,2,"CFBFBFBB","","","","W","T",0,1,0,0,0,"F"
0,1,3,2,"CBSB*BX","seagc001","","","S7/L7+.1-2","T",0,1,2,0,0,"F"
0,1,1,1,"BSX","turnj001","seagc001","","9/F9LSF/FL","T",1,0,1,2,0,"F"
0,2,0,0,"H","turnj001","seagc001","","HP.2-3;1-2","T",0,1,2,3,0,"F"
0,2,0,1,"CX","taylc001","turnj001","seagc001","S3/G34-.3-H;2-3;1-2","T",0,1,2,3,4,"F"
0,2,1,1,"CBX","beatm001","taylc001","turnj001","HR/F8XD.3-H;2-H;1-H","T",0,4,4,4,4,"F"
0,2,3,2,"BFBBFB","","","","W","T",0,1,0,0,0,"F"
0,2,0,2,"SFFX","lux-g001","","","5/P5F/FL","T",1,0,1,0,0,"F"
1,0,0,2,"CFS","","","","K","T",1,0,0,0,0,"F"
1,1,2,2,"BBCTFX","","","","S7/L7S","T",0,1,0,0,0,"F"
1,1,0,1,"CX","taylt002","","","64(1)3/GDP/G56","T",2,0,0,0,0,"F"
0,0,3,1,"BCBBX","","","","53/G5+","T",1,0,0,0,0,"F"
0,1,0,0,"X","","","","S9/L9L","T",0,1,0,0,0,"F"
0,1,0,2,"C1CX","seagc001","","","S8/G6M.1-2","T",0,1,2,0,0,"F"
0,1,2,2,"BFBFFX","turnj001","seagc001","","7/F78S","T",1,0,1,2,0,"F"
0,2,2,2,"BSCBFX","turnj001","seagc001","","S5/G5.2-3;1-2","T",0,1,2,3,0,"F"
0,2,0,0,"X","taylc001","turnj001","seagc001","HR/F9D.3-H;2-H;1-H","T",0,4,4,4,4,"F"
0,2,0,2,"FFX","","","","3/P23F/FL","T",1,0,0,0,0,"F"
1,0,0,2,"FSX","","","","4/P34D","T",1,0,0,0,0,"F"
1,1,0,1,"CX","","","","S5/G5","T",0,1,0,0,0,"F"
1,1,1,2,"FCBX","urial001","","","8/F8XD","T",1,0,1,0,0,"F"
1,2,1,2,"CBC*S","urial001","","","K","T",1,0,1,0,0,"F"
0,0,1,2,"CFBX","","","","S9/L9S","T",0,1,0,0,0,"F"
0,0,1,0,"BX","lux-g001","","","54/SH/BG25.1-2","T",1,0,2,0,0,"F"
0,1,0,0,"X","","lux-g001","","53/G56+","T",1,0,0,2,0,"F"
0,2,2,1,"BSBX","","lux-g001","","3/G3","T",1,0,0,2,0,"F"
1,0,1,2,"CCBX","","","","HR/F89XD","T",0,4,0,0,0,"F"
1,0,0,2,"CCS","","","","K","T",1,0,0,0,0,"F"
1,1,2,2,".BSCBC","","","","K","T",1,0,0,0,0,"F"
1,2,2,1,"BFBX","","","","63/G6","T",1,0,0,0,0,"F"
0,0,2,2,"..CBFBX","","","","9/L9D+","T",1,0,0,0,0,"F"
0,1,0,0,"X","","","","S8/L78D+","T",0,1,0,0,0,"F"
0,1,3,1,"BSBBX","smitw003","","","S8/G6M+.1-2","T",0,1,2,0,0,"F"
0,1,0,1,"CB","taylc001","smitw003","","WP.2-3;1-2","F",0,0,2,3,0,"F"
0,1,1,1,"CB.X","","taylc001","smitw003","S8/L89.3-H;2-H","T",0,1,0,4,4,"F"
0,1,0,0,"X","beatm001","","","6/L6D+","T",1,0,1,0,0,"F"
0,2,2,1,"BF*BX","beatm001","","","43/G34","T",1,0,1,0,0,"F"
1,0,3,2,"...BFBFBX","","","","S9/L9S","T",0,1,0,0,0,"F"
1,0,0,0,"X","garca003","","","43/G6M.1-2","T",1,0,2,0,0,"F"
1,1,2,2,"BFFBX","","garca003","","63/G6","T",1,0,0,2,0,"F"
1,2,0,1,"TX","","garca003","","43/G4","T",1,0,0,2,0,"F"
0,0,3,1,".BBCBX","","","","3/G3","T",1,0,0,0,0,"F"
0,1,1,0,"BX","","","","53/G56S","T",1,0,0,0,0,"F"
0,2,3,2,"BFBCB*B","","","","W","T",0,1,0,0,0,"F"
0,2,1,0,"BX","riose001","","","43/G4","T",1,0,1,0,0,"F"
1,0,0,0,"X","","","","53/G56S","T",1,0,0,0,0,"F"
1,1,1,2,"CCFBS","","","","K","T",1,0,0,0,0,"F"
1,2,2,2,"CFBBS","","","","K","T",1,0,0,0,0,"F"
0,0,0,1,"CX","","","","D9/L89XD+","T",0,2,0,0,0,"F"
0,0,1,0,"BH","","smitw003","","HP","T",0,1,0,2,0,"F"
0,0,1,0,"BX","taylc001","smitw003","","8/L8","T",1,0,1,2,0,"F"
0,1,1,0,"BX","taylc001","smitw003","","HR/F78XD.2-H;1-H","T",0,4,4,4,0,"F"
0,1,2,0,"BBX","","","","43/G34+","T",1,0,0,0,0,"F"
0,2,0,2,"STX","","","","13/G4MS","T",1,0,0,0,0,"F"
1,0,2,2,"....CBCBS","","","","K","T",1,0,0,0,0,"F"
1,1,1,0,"BX","","","","8/F8","T",1,0,0,0,0,"F"
1,2,0,2,"CFS","","","","K","T",1,0,0,0,0,"F"
0,0,2,1,"BCBX","","","","53/G56+","T",1,0,0,0,0,"F"
0,1,1,2,"FSBX","","","","7/F7D","T",1,0,0,0,0,"F"
0,2,0,0,"X","","","","7/L7D","T",1,0,0,0,0,"F"
1,0,2,2,"BSSBS","","","","K","T",1,0,0,0,0,"F"
1,1,1,2,"SFBFFX","","","","53/G56","T",1,0,0,0,0,"F"
1,2,1,2,"FSBS","","","","K","T",1,0,0,0,0,"F"
0,0,0,1,"CX","","","","63/G6+","T",1,0,0,0,0,"F"
0,1,3,2,"CFFBBFFB*B","","","","W","T",0,1,0,0,0,"F"
0,1,2,0,"BBX","taylc001","","","S9/L89S.1-2","T",0,1,2,0,0,"F"
0,1,0,0,"X","beatm001","taylc001","","D7/L7D+.2-H;1-3","T",0,2,3,4,0,"F"
0,1,1,0,"BX","","polla001","beatm001","S3/G3.3-H;2-3","T",0,1,0,3,4,"F"
0,1,0,0,"X","lux-g001","","polla001","9/F","T",1,0,1,0,3,"F"
0,2,2,2,"...CFBBFH","lux-g001","","polla001","HP.1-2","T",0,1,2,0,3,"F"
0,2,1,2,"S*BCC","barna001","lux-g001","polla001","K","T",1,0,1,2,3,"F"
1,0,1,2,".CFFBFX","","","","S8/G4","T",0,1,0,0,0,"F"
1,0,0,1,"FX","reyep001","","","HR/F9LD.1-H","T",0,4,4,0,0,"F"
1,0,1,1,"CBX","","","","D9/L9D+","T",0,2,0,0,0,"F"
1,0,3,1,"BTBBB","","mckib001","","W","T",0,1,0,2,0,"F"
1,0,1,2,"BFTFFX","voged001","mckib001","","9/F9D.2-3","T",1,0,1,3,0,"F"
1,1,1,1,"*BSX","voged001","","mckib001","S7/G6+.3-H;1-2","T",0,1,2,0,4,"F"
1,1,0,0,"X","garca003","voged001","","64(1)3/GDP/G6","T",2,0,0,2,0,"F"
0,0,0,2,"CFFX","","","","S2/G25-","T",0,1,0,0,0,"F"
0,0,2,2,"BFBFFX","neuss001","","","8/F8","T",1,0,1,0,0,"F"
0,1,0,0,"B","neuss001","","","PB.1-2","F",0,0,2,0,0,"F"
0,1,1,1,"B.CX","","neuss001","","S9/L4D.2-3","T",0,1,0,3,0,"F"
0,1,3,2,"CBCBBC","taylc001","","neuss001","K","T",1,0,1,0,3,"F"
0,2,3,2,"SBCBB>S","taylc001","","neuss001","K","T",1,0,1,0,3,"F"
1,0,2,0,"BBH","","","","HP","T",0,1,0,0,0,"F"
1,0,2,2,".CBBCX","urial001","","","S67/G6+.1-2","T",0,1,2,0,0,"F"
1,0,1,1,"FBX","maill001","urial001","","9/F9S","T",1,0,1,2,0,"F"
1,1,2,2,"BBSFT","maill001","urial001","","K","T",1,0,1,2,0,"F"
1,2,0,2,"SC*S","maill001","urial001","","K","T",1,0,1,2,0,"F"
0,0,2,2,"BBCFFX","","","","9/F34D","T",1,0,0,0,0,"T"
0,1,3,2,"CCBBBFB","","","","W","T",0,1,0,0,0,"F"
0,1,3,2,"BCBCB>X","carld002","","","643/G6S+.1-2","T",1,0,2,0,0,"F"
0,2,1,2,"CSBX","","carld002","","9/L9","T",1,0,0,2,0,"F"
1,0,1,0,"BX","","","","D8/L78XD+","T",0,2,0,0,0,"F"
1,0,2,2,"BBFFS","","wongk001","","K","T",1,0,0,2,0,"F"
1,1,1,2,"FBFX","","wongk001","","4/P34","T",1,0,0,2,0,"F"
1,2,1,2,"CBFS","","wongk001","","K","T",1,0,0,2,0,"F"
0,0,1,1,"BFX","","","","8/F89D","T",1,0,0,0,0,"F"
0,1,0,2,"CSS","","","","K","T",1,0,0,0,0,"F"
0,2,3,2,"BCBSBFC","","","","K","T",1,0,0,0,0,"F"
1,0,0,1,"FX","","","","8/F78XD","T",1,0,0,0,0,"F"
1,1,2,2,"CBCBS","","","","K","T",1,0,0,0,0,"F"
1,2,3,2,"FBCBFB*B","","","","W","T",0,1,0,0,0,"F"
1,2,3,0,"BBBX","bradj001","","","7/F7D","T",1,0,1,0,0,"F"
0,0,0,1,"CX","","","","43/G4MS","T",1,0,0,0,0,"F"
0,1,1,2,"CTBC","","","","K","T",1,0,0,0,0,"F"
0,2,1,1,"BCX","","","","S1/L1S","T",0,1,0,0,0,"F"
0,2,1,1,"SB>S","edmat001","","","SB2","F",0,0,2,0,0,"F"
0,2,1,2,"SB>S.S","","edmat001","","K","T",1,0,0,2,0,"F"
1,0,1,2,"BCCC","","","","K","T",1,0,0,0,0,"F"
1,1,2,2,"FBBCFX","","","","9/L9D","T",1,0,0,0,0,"F"
1,2,1,1,"BFX","","","","6/L6D","T",1,0,0,0,0,"F"
0,0,2,2,"CBBSS","","","","K","T",1,0,0,0,0,"F"
0,1,1,2,"BFFS","","","","K","T",1,0,0,0,0,"F"
0,2,0,0,"X","","","","5/P5F/FL","T",1,0,0,0,0,"F"
1,0,2,2,"CFBBFX","","","","9/F9L","T",1,0,0,0,0,"F"
1,1,2,2,"CSFBFBX","","","","D9/L89D","T",0,2,0,0,0,"F"
1,1,0,0,"X","","shawt001","","1/P1-","T",1,0,0,2,0,"F"
1,2,0,0,"X","","shawt001","","13/G6MS","T",1,0,0,2,0,"F"
0,0,1,1,"CBX","","","","7/F78","T",1,0,0,0,0,"F"
0,1,2,2,"FBBSS","","","","K","T",1,0,0,0,0,"F"
0,2,2,2,"BBCSS","","","","K","T",1,0,0,0,0,"F"
1,0,1,1,"BCX","","","","63/G6M+","T",1,0,0,0,0,"F"
1,1,0,1,"CX","","","","S67/G56","T",0,1,0,0,0,"F"
1,1,0,2,"MLC","reyep001","","","K","T",1,0,1,0,0,"F"
1,2,0,0,"X","reyep001","","","6/L4MD","T",1,0,1,0,0,"F"
0,0,1,2,"BCLX","","","","3E1/G34.B-1","T",0,1,0,0,0,"F"
0,0,2,0,"BBX","kim-k001","","","6/P6MD","T",1,0,1,0,0,"F"
0,1,3,2,"BBFCBX","kim-k001","","","8/F78","T",1,0,1,0,0,"F"
0,2,1,1,"BFX","kim-k001","","","3/P3F/FL","T",1,0,1,0,0,"F"
1,0,2,2,"CFBFBX","","","","D8/L8D","T",0,2,0,0,0,"F"
1,0,2,2,"CF*B*BS","","cainl001","","K","T",1,0,0,2,0,"F"
1,1,3,2,"BFBBSFX","","cainl001","","DGR/F78XD+.2-H","T",0,2,0,4,0,"F"
1,1,3,0,".*BBBX","","shawt001","","8/F8XD+","T",1,0,0,2,0,"F"
1,2,3,2,"BB*BCSB","","shawt001","","W","T",0,1,0,2,0,"F"
1,2,1,1,"BCX","pinam001","shawt001","","4/L4D+","T",1,0,1,2,0,"F"
0,0,0,0,"X","","","","3/P3SF/FL","T",1,0,0,0,0,"F"
0,1,2,1,"BBFH","","","","HP","T",0,1,0,0,0,"F"
0,1,0,2,"ST>X","dejop001","","","9/F9LS","T",1,0,1,0,0,"F"
0,2,0,0,"X","dejop001","","","64(1)/FO/G56.B-1","T",1,1,0,0,0,"F"
1,0,1,2,"..SFFBS","","","","K","T",1,0,0,0,0,"F"
1,1,0,1,".CX","","","","2/P2F/FL","T",1,0,0,0,0,"F"
1,2,0,1,"SX","","","","S68/G4M","T",0,1,0,0,0,"F"
1,2,2,2,"11*BBCFX","wongk001","","","43/G34","T",1,0,1,0,0,"F"
0,0,0,0,"...X","","","","S7/G56","T",0,1,0,0,0,"F"
0,0,3,2,".CBB1BFB","badeh001","","","W.1-2","T",0,1,2,0,0,"F"
0,0,1,2,".SFBX","thoml002","badeh001","","8/F78D.2-3;1-2","T",1,0,2,3,0,"F"
0,1,2,2,"BCBFX","","thoml002","badeh001","7/SF/F7.3-H","T",1,0,0,2,4,"F"
0,2,0,0,"X","","thoml002","","63/G56+","T",1,0,0,2,0,"F"
1,0,1,1,".BFH","","","","HP","T",0,1,0,0,0,"F"
1,0,1,1,"BFX","taylt002","","","7/F7","T",1,0,1,0,0,"F"
1,1,1,1,"FB>B","taylt002","","","CS2(24)","F",1,0,0,0,0,"F"
1,2,3,2,"FB>B.FFBX","","","","3/P34","T",1,0,0,0,0,"F"
0,0,3,2,".BFSFFBBX","","","","4/F6MD","T",1,0,0,0,0,"F"
0,1,2,2,"BFFBX","","","","8/F8","T",1,0,0,0,0,"F"
0,2,0,1,"SX","","","","6/F6MD","T",1,0,0,0,0,"F"
1,0,0,0,"X","","","","8/L78XD+","T",1,0,0,0,0,"F"
1,1,2,2,"CBCBFFFX","","","","8/F8XD","T",1,0,0,0,0,"F"
1,2,3,1,"BBBCX","","","","9/L89+","T",1,0,0,0,0,"F"
0,0,2,2,"..B*BFSX","","moliy001","","43/G4.2-3","T",1,0,0,3,0,"F"
0,1,2,1,"S.B*BX","","","sosae001","3/P3SF/FL","T",1,0,0,0,3,"F"
0,2,3,2,".*BCBB*SB","","","sosae001","W","T",0,1,0,0,3,"F"
0,2,2,0,"BBX","willj006","","sosae001","43/G34","T",1,0,1,0,3,"F"
1,0,0,0,"....X","","mckib001","","8/F8","T",1,0,0,2,0,"F"
1,1,3,0,"VVVV","","mckib001","","IW","T",0,1,0,2,0,"F"
1,1,0,2,"FSS","wongk001","mckib001","","K","T",1,0,1,2,0,"F"
1,2,1,1,"BSB","wongk001","mckib001","","WP.2-3;1-2","F",0,0,2,3,0,"F"
1,2,2,2,"BSB.CS","","wongk001","mckib001","K.BX1(23)","T",1,0,0,2,3,"F"
0,0,1,2,"..FBFFFX","","edmat001","","63/G6M.2-3","T",1,0,0,3,0,"F"
0,1,0,0,"X","","","edmat001","HR/F78XD.3-H(UR)","T",0,4,0,0,5,"F"
0,1,0,0,"X","","","","D8/L78XD+","T",0,2,0,0,0,"F"
0,1,0,2,"FCX","","arenn001","","9/F4D","T",1,0,0,2,0,"F"
0,2,0,0,"H","","arenn001","","HP","T",0,1,0,2,0,"F"
0,2,1,2,"CFBX","kniza001","arenn001","","HR/F8XD.2-H;1-H","T",0,4,4,4,0,"F"
0,2,0,2,"SCS","","","","K","T",1,0,0,0,0,"F"
1,0,3,1,".CBBBB","","taylt002","","W","T",0,1,0,2,0,"F"
1,0,1,2,"FSBS","shawt001","taylt002","","K","T",1,0,1,2,0,"F"
1,1,3,0,"BB*BB","shawt001","taylt002","","W.2-3;1-2","T",0,1,2,3,0,"F"
1,1,0,2,"CSC","pinam001","shawt001","taylt002","K","T",1,0,1,2,3,"F"
1,2,0,2,"CTS","pinam001","shawt001","taylt002","K","T",1,0,1,2,3,"F"
0,0,1,1,"CBX","","","","6/L6D","T",1,0,0,0,0,"T"
0,1,3,2,"SBBSBS","","","","K","T",1,0,0,0,0,"F"
0,2,1,2,"BFCS","","","","K","T",1,0,0,0,0,"F"
1,0,0,0,"X","","","","43/G4+","T",1,0,0,0,0,"F"
1,1,3,2,"BFBFBFX","","","","S1/G25-","T",0,1,0,0,0,"F"
1,1,1,0,"11BX","cainl001","","","S5/G56.1-2","T",0,1,2,0,0,"F"
1,1,0,2,"CSS","voged001","cainl001","","K","T",1,0,1,2,0,"F"
1,2,0,1,"CX","voged001","cainl001","","7/F7LD","T",1,0,1,2,0,"F"
0,0,0,1,"CX","","","","4E3/G4.B-1","T",0,1,0,0,0,"F"
0,0,1,0,"BX","arenn001","","","8/F89XD","T",1,0,1,0,0,"F"
0,1,1,0,"BX","arenn001","","","7/L78XD+","T",1,0,1,0,0,"F"
0,2,2,2,"CCBBFX","arenn001","","","9/F9D+","T",1,0,1,0,0,"F"
1,0,3,2,"BBCBFFFX","","","","43/G4+","T",1,0,0,0,0,"F"
1,1,2,2,"BCBTX","","","","63/G6","T",1,0,0,0,0,"F"
1,2,3,1,"CBBBX","","","","7/L78D+","T",1,0,0,0,0,"F"
0,0,1,2,"BCCX","","","","3/P3DF/FL","T",1,0,0,0,0,"F"
0,1,0,2,"CSFS","","","","K","T",1,0,0,0,0,"F"
0,2,2,2,"BBFCS","","","","K","T",1,0,0,0,0,"F"
1,0,2,1,"BSBX","","","","3/G3","T",1,0,0,0,0,"F"
1,1,1,1,"CBX","","","","7/L7","T",1,0,0,0,0,"F"
1,2,3,2,"CBSBBB","","","","W","T",0,1,0,0,0,"F"
1,2,0,0,">B","cainl001","","","SB2","F",0,0,2,0,0,"F"
1,2,3,2,">B.BCCBB","","cainl001","","W","T",0,1,0,2,0,"F"
1,2,2,0,"BBX","voged001","cainl001","","6/P6M","T",1,0,1,2,0,"F"
0,0,1,2,"CBCX","","","","3/G34","T",1,0,0,0,0,"F"
0,1,2,1,"SBBX","","","","3/P3S","T",1,0,0,0,0,"F"
0,2,1,2,"BSFFS","","","","K","T",1,0,0,0,0,"F"
1,0,2,2,"BSFBC","","","","K","T",1,0,0,0,0,"F"
1,1,1,2,"CBCFS","","","","K","T",1,0,0,0,0,"F"
1,2,2,2,"SBSFBS","","","","K","T",1,0,0,0,0,"F"
0,0,0,2,"CFFFFC","","","","K","T",1,0,0,0,0,"F"
0,1,0,0,"X","","","","63/G6+","T",1,0,0,0,0,"F"
0,2,1,2,"CSFBS","","","","K","T",1,0,0,0,0,"F"
1,0,1,1,".CBX","","","","S8/G4M+","T",0,1,0,0,0,"F"
1,0,1,2,"MBLX","pinam001","","","1/BP34S/DP.1X1(14)","T",2,0,0,0,0,"F"
1,2,2,2,"CFFBBX","","","","9/F89D","T",1,0,0,0,0,"F"
0,0,0,0,".X","","","","S8/L8+","T",0,1,0,0,0,"F"
0,0,1,2,"BLLX","badeh001","","","14/SH/BG1S.1-2","T",1,0,2,0,0,"F"
0,1,1,1,"BCX","","badeh001","","13/BG56S.2-3","T",1,0,0,3,0,"F"
0,2,1,2,"CFBS","","","badeh001","K","T",1,0,0,0,3,"F"
1,0,1,0,"BH","","","","HP","T",0,1,0,0,0,"F"
1,0,3,1,"B*BC*BB","cainl001","","","W.1-2","T",0,1,2,0,0,"F"
1,0,2,0,".BBX","voged001","cainl001","","8/F8XD+.2-H(E8)(NR)(UR)","T",1,0,1,5,0,"F"
1,1,3,0,"BBBB","voged001","","","W.1-2","T",0,1,2,0,0,"F"
1,1,1,2,"CCBX","garca003","voged001","","46(1)3/GDP/G4","T",2,0,0,2,0,"F"
0,0,2,2,"BCFBX","","","","9/F9LD","T",1,0,0,0,0,"F"
0,1,1,2,"CSFBX","","","","9/L9","T",1,0,0,0,0,"F"
0,2,0,2,"FSS","","","","K","T",1,0,0,0,0,"F"
1,0,2,2,"CBCFBX","","","","63/G6","T",1,0,0,0,0,"F"
1,1,1,0,"BX","","","","7/F7D","T",1,0,0,0,0,"F"
1,2,1,2,"BCCC","","","","K","T",1,0,0,0,0,"F"
0,0,0,2,"SSS","","","","K","T",1,0,0,0,0,"F"
0,1,0,0,"X","","","","HR/F9D","T",0,4,0,0,0,"F"
0,1,0,0,"X","","","","S9/L9LS","T",0,1,0,0,0,"F"
0,1,1,0,".1B>B","badeh001","","","CS2(26)","F",1,0,0,0,0,"F"
0,2,3,1,".1B>B.BCB","","","","W","T",0,1,0,0,0,"F"
0,2,0,1,".SX","carpm002","","","63/G1S","T",1,0,1,0,0,"F"
1,0,0,1,".FX","","","","8/L78D","T",1,0,0,0,0,"F"
1,1,2,2,"SCFBBX","","","","9/F9D","T",1,0,0,0,0,"F"
1,2,1,2,"CBCFS","","","","K+WP.B-1","T",0,1,0,0,0,"F"
1,2,0,1,".CX","reyep001","","","D9/L9D.1-H","T",0,2,4,0,0,"F"
1,2,0,0,"X","","shawt001","","HR/F78XD.2-H","T",0,4,0,4,0,"F"
1,2,3,2,".FFBBB*B","","","","W","T",0,1,0,0,0,"F"
1,2,1,2,"SBS11>C","bradj001","","","K","T",1,0,1,0,0,"F"
0,0,3,2,"...CBBFFFBFT","","","","K","T",1,0,0,0,0,"F"
0,1,1,2,"CBSFFX","","","","D7/G5","T",0,2,0,0,0,"F"
0,1,3,2,"BBBCSFFFB","","goldp001","","W","T",0,1,0,2,0,"F"
0,1,0,1,"CX","arenn001","goldp001","","54(1)/FO/G56.2-3;B-1","T",1,1,0,3,0,"F"
0,2,2,2,"BSBFS","sosae001","","goldp001","K","T",1,0,1,0,3,"F"
0,0,0,2,"CFX","","","","S9/G2","T",0,1,0,0,0,"T"
0,0,0,1,"C>B","edmat001","","","SB2","F",0,0,2,0,0,"F"
0,0,3,2,"C>B.BSBS","","edmat001","","K","T",1,0,0,2,0,"F"
0,1,0,1,"SX","","edmat001","","63/G6.2-3","T",1,0,0,3,0,"F"
0,2,0,0,"X","","","edmat001","S7/G56.3-H","T",0,1,0,0,4,"F"
0,2,2,0,"B*BX","arenn001","","","S86/F8S.1XH(62)","T",1,1,0,0,0,"F"
1,0,2,1,"BCBX","","","","13/G6MS","T",1,0,0,0,0,"F"
1,1,0,1,"SX","","","","9/F9D","T",1,0,0,0,0,"F"
1,2,1,2,"CBCX","","","","31/G3D","T",1,0,0,0,0,"F"
0,0,3,2,"BBFBSS","","","","K","T",1,0,0,0,0,"F"
0,1,2,2,"BFCBS","","","","K","T",1,0,0,0,0,"F"
0,2,0,0,"X","","","","S9/F3D","T",0,1,0,0,0,"F"
0,2,1,2,"SCBS","kniza001","","","K","T",1,0,1,0,0,"F"
1,0,2,1,"BBSX","","","","D8/F9D+","T",0,2,0,0,0,"F"
1,0,2,2,"*BSBSFS","","shawt001","","K","T",1,0,0,2,0,"F"
1,1,3,2,"FBBSBX","","shawt001","","5/P5F/FL","T",1,0,0,2,0,"F"
1,2,2,2,"FBCBX","","shawt001","","8/L8D","T",1,0,0,2,0,"F"
0,0,1,2,"CBF*S","","","","K","T",1,0,0,0,0,"F"
0,1,3,2,"BBFBSFFX","","","","7/F7","T",1,0,0,0,0,"F"
0,2,1,1,".BCX","","","","S7/G56","T",0,1,0,0,0,"F"
0,2,0,1,"FX","goldp001","","","6/F","T",1,0,1,0,0,"F"
1,0,2,1,"BBCX","","","","S7/L7S","T",0,1,0,0,0,"F"
1,0,0,0,"X","urial001","","","54/SH/BG2-.1-2","T",1,0,2,0,0,"F"
1,1,2,2,"*BBFF*S","","urial001","","K","T",1,0,0,2,0,"F"
1,2,0,2,"CCFC","","urial001","","K","T",1,0,0,2,0,"F"
0,0,2,2,"BCBSC","","","","K","T",1,0,0,0,0,"F"
0,1,2,2,"FBBF*S","","","","K","T",1,0,0,0,0,"F"
0,2,0,0,"X","","","","7/L1S","T",1,0,0,0,0,"F"
1,0,3,2,"BBBCFB","","","","W","T",0,1,0,0,0,"F"
1,0,2,2,"FBBCFX","voged001","","","6/F8S","T",1,0,1,0,0,"F"
1,1,0,0,"X","voged001","","","8/F8XD+","T",1,0,1,0,0,"F"
1,2,3,0,"BBBB","voged001","","","W.1-2","T",0,1,2,0,0,"F"
1,2,3,2,"BSBF*B>X","narvo001","voged001","","63/G6M","T",1,0,1,2,0,"F"
0,0,2,2,"CFBFBS","","","","K","T",1,0,0,0,0,"F"
0,1,1,2,"BCCS","","","","K","T",1,0,0,0,0,"F"
0,2,3,1,"CBBBB","","","","W","T",0,1,0,0,0,"F"
0,2,1,1,"CB11>B","edmat001","","","SB2","F",0,0,2,0,0,"F"
0,2,2,1,"CB11>B.X","","edmat001","","8/F89S","T",1,0,0,2,0,"F"
1,0,1,2,"BSSC","","","","K","T",1,0,0,0,0,"F"
1,1,3,2,".BBCBFFX","","","","S8/L8S","T",0,1,0,0,0,"F"
1,1,0,0,"X","mckib001","","","46(1)/FO/G2.B-1","T",1,1,0,0,0,"F"
1,2,3,2,"1*BBSSB>F>F>F>S","wongk001","","","K","T",1,0,1,0,0,"F"
0,0,3,2,".CBBFFBB","","","","W","T",0,1,0,0,0,"F"
0,0,2,1,"CBBX","goldp001","","","S7/G56.1-2","T",0,1,2,0,0,"F"
0,0,0,2,"CFS","arenn001","goldp001","","K","T",1,0,1,2,0,"F"
0,1,1,1,"SBX","arenn001","goldp001","","43/G4+.2-3;1-2","T",1,0,2,3,0,"F"
0,2,3,1,"BCBBV","","arenn001","goldp001","IW","T",0,1,0,2,3,"F"
0,2,2,1,"BCBX","badeh001","arenn001","goldp001","9/F1S","T",1,0,1,2,3,"F"
1,0,0,2,"CSX","","","","D8/L89D","T",0,2,0,0,0,"F"
1,0,0,2,"CC*S","","voged001","","K.BX1(23)","T",1,0,0,2,0,"F"
1,1,0,2,"CSX","","voged001","","63/G6","T",1,0,0,2,0,"F"
1,2,2,0,"BBX","","voged001","","8/F8XD+","T",1,0,0,2,0,"F"
0,0,3,2,"...CBBCBB","","","","W","T",0,1,0,0,0,"F"
0,0,1,2,"1CF*BFX","willj006","","","46(1)/FO/G34.B-1","T",1,1,0,0,0,"F"
0,1,0,0,"X","edmat001","","","S9/L34D.1-3","T",0,1,3,0,0,"F"
0,1,2,1,"1BBFX","carld002","","edmat001","8/L89D/DP.3XH(82)","T",2,0,1,0,0,"F"
1,0,1,2,".BCCF*S","","","","K","T",1,0,0,0,0,"F"
1,1,1,0,"BX","","","","4/P4","T",1,0,0,0,0,"F"
1,2,3,2,"BSBBCB","","","","W","T",0,1,0,0,0,"F"
1,2,1,0,"BX","taylt002","","","9/F9","T",1,0,1,0,0,"F"
0,0,0,1,"CX","","","","S8/L8","T",0,1,0,0,0,"F"
0,0,3,2,"CCFB*B1BFB","arenn001","","","W.1-2","T",0,1,2,0,0,"F"
0,0,2,2,"B*BCSS","carpm002","arenn001","","K","T",1,0,1,2,0,"F"
0,1,0,0,"X","carpm002","arenn001","","5(2)/FO/G5S-.1-2;B-1","T",1,1,2,0,0,"F"
0,2,0,1,"FX","badeh001","carpm002","","43/G4MS","T",1,0,1,2,0,"F"
1,0,2,1,".CBBX","","","","9/F89","T",1,0,0,0,0,"F"
1,1,1,2,"CCBC","","","","K","T",1,0,0,0,0,"F"
1,2,1,1,"CBX","","","","5/P1S/FL","T",1,0,0,0,0,"F"
0,0,3,1,"..BBBCB","","","","W","T",0,1,0,0,0,"F"
0,0,0,1,"CX","thoml002","","","43/G34.1-2","T",1,0,2,0,0,"F"
0,1,1,2,"BSSF>B","","thoml002","","SB3","F",0,0,0,3,0,"F"
0,1,3,2,"BSSF>B.BFB","","","thoml002","W","T",0,1,0,0,3,"F"
0,1,1,0,"B1","carld002","","thoml002","PO3(E1/TH).3-H(NR);1-2","F",0,0,2,0,4,"F"
0,1,3,1,"B1.BCBB","","carld002","","W","T",0,1,0,2,0,"F"
0,1,2,2,"BCSFBFX","goldp001","carld002","","9/F89D.2-3","T",1,0,1,3,0,"F"
0,2,1,2,"BCS>B","goldp001","","carld002","SB2","F",0,0,2,0,3,"F"
0,2,2,2,"BCS>B.X","","goldp001","carld002","8/F8XD","T",1,0,0,2,3,"F"
1,0,3,2,"....BBCCBB","","","","W","T",0,1,0,0,0,"F"
1,0,2,2,"SBSB*S","pinam001","","","K","T",1,0,1,0,0,"F"
1,1,1,2,"SBSS","pinam001","","","K","T",1,0,1,0,0,"F"
1,2,0,0,"X","pinam001","","","S8/L78.1-2","T",0,1,2,0,0,"F"
1,2,1,2,"BCFS","urial001","pinam001","","K","T",1,0,1,2,0,"F"
0,0,0,2,"FSX","","","","63/G6MD","T",1,0,0,0,0,"T"
0,1,0,0,"X","","","","63/G6MS","T",1,0,0,0,0,"F"
0,2,3,0,"BBBB","","","","W","T",0,1,0,0,0,"F"
0,2,0,2,"CSX","ozunm001","","","9/L89D+","T",1,0,1,0,0,"F"
1,0,1,2,"CCBX","","","","S8/G4+","T",0,1,0,0,0,"F"
1,0,0,1,"F1","wongk001","","","POCS2(134)","F",1,0,0,0,0,"F"
1,1,0,2,"F1.FX","","","","8/F89XD","T",1,0,0,0,0,"F"
1,2,1,1,"BCX","","","","53/G5+","T",1,0,0,0,0,"F"
0,0,3,2,"CBBBST","","","","K","T",1,0,0,0,0,"F"
0,1,0,2,"CFX","","","","S5/G5S-","T",0,1,0,0,0,"F"
0,1,3,2,"SF*BBB>B","rilea001","","","W.1-2","T",0,1,2,0,0,"F"
0,1,2,0,"BBX","contw002","rilea001","","7/F7","T",1,0,1,2,0,"F"
0,2,1,2,"FBFS","contw002","rilea001","","K","T",1,0,1,2,0,"F"
1,0,2,1,"FBBX","","","","D8/L89D+","T",0,2,0,0,0,"F"
1,0,2,2,"F*BBFX","","garca003","","63/G6D.2-3","T",1,0,0,3,0,"F"
1,1,2,2,"BFC*BFX","","","garca003","S67/G6.3-H","T",0,1,0,0,4,"F"
1,1,1,2,"C1B1FC","urial001","","","K","T",1,0,1,0,0,"F"
1,2,3,2,"SFFBBB>F>X","urial001","","","E6/G6S.1-2;B-1","T",0,1,2,0,0,"F"
1,2,2,2,"BCBSFS","reyep001","urial001","","K","T",1,0,1,2,0,"F"
0,0,3,1,"BBCBB","","","","W","T",0,1,0,0,0,"F"
0,0,1,0,"BX","adrie001","","","9/L9+","T",1,0,1,0,0,"F"
0,1,0,0,"B","adrie001","","","WP.1-2","F",0,0,2,0,0,"F"
0,1,1,2,"B.FFN","","adrie001","","BK.2-3","F",0,0,0,3,0,"F"
0,1,3,2,"B.FFN.BBB","","","adrie001","W","T",0,1,0,0,3,"F"
0,1,1,0,"BX","ozunm001","","adrie001","7/L78","T",1,0,1,0,3,"F"
0,2,3,1,"BB*BCB","ozunm001","","adrie001","W.1-2","T",0,1,2,0,3,"F"
0,2,1,1,"CBX","swand001","ozunm001","adrie001","S18/G6M+.3-H;2-H;1-3","T",0,1,3,4,4,"F"
0,2,0,0,"H","rilea001","","swand001","HP.1-2","T",0,1,2,0,3,"F"
0,2,3,2,"BBBCF>F>F>T","contw002","rilea001","swand001","K","T",1,0,1,2,3,"F"
1,0,2,1,"BBCX","","","","8/F8XD","T",1,0,0,0,0,"F"
1,1,3,1,"CBBBX","","","","8/F8XD+","T",1,0,0,0,0,"F"
1,2,2,2,"CBFFBX","","","","13/G1","T",1,0,0,0,0,"F"
0,0,1,2,".MFBX","","","","63/G6D","T",1,0,0,0,0,"F"
0,1,1,2,"BFCC","","","","K","T",1,0,0,0,0,"F"
0,2,2,1,"BCBX","","","","8/F8","T",1,0,0,0,0,"F"
1,0,0,2,"SFS","","","","K","T",1,0,0,0,0,"F"
1,1,2,2,"BBFCFFX","","","","13/G1-","T",1,0,0,0,0,"F"
1,2,1,2,"SSFBFX","","","","5/P5SF/FL","T",1,0,0,0,0,"F"
0,0,0,0,"X","","","","HR/F8XD","T",0,4,0,0,0,"F"
0,0,3,2,"BSBBFX","","","","HR/F8XD","T",0,4,0,0,0,"F"
0,0,1,2,"FSBT","","","","K","T",1,0,0,0,0,"F"
0,1,3,2,"CBBTBS","","","","K","T",1,0,0,0,0,"F"
0,2,0,1,"FX","","","","7/L7D+","T",1,0,0,0,0,"F"
1,0,3,2,"CSBBBFB","","","","W","T",0,1,0,0,0,"F"
1,0,0,2,"CSX","pinam001","","","3/P3DF/FL","T",1,0,1,0,0,"F"
1,1,1,1,"BCX","pinam001","","","34/SH/BG23.1-2","T",1,0,2,0,0,"F"
1,2,1,2,"FB*SF*S","","pinam001","","K","T",1,0,0,2,0,"F"
0,0,3,2,"CFBBFFBX","","","","13/G4MS","T",1,0,0,0,0,"F"
0,1,0,0,"X","","","","63/G6","T",1,0,0,0,0,"F"
0,2,0,2,"CFS","","","","K","T",1,0,0,0,0,"F"
1,0,0,1,"CX","","","","S8/L78D","T",0,1,0,0,0,"F"
1,0,0,0,"X","cainl001","","","7/F7D","T",1,0,1,0,0,"F"
1,1,0,1,"SH","cainl001","","","HP.1-2","T",0,1,2,0,0,"F"
1,1,0,0,"X","garca003","cainl001","","46(1)3/GDP/G4","T",2,0,0,2,0,"F"
0,0,2,2,"CBFFBX","","","","S9/L89S+","T",0,1,0,0,0,"F"
0,0,3,2,"BBSBFX","freef001","","","S8/L8S.1-3","T",0,1,3,0,0,"F"
0,0,0,1,".SX","ozunm001","","freef001","5/P5F/FL","T",1,0,1,0,3,"F"
0,1,2,1,"BLBX","ozunm001","","freef001","34/SH/BG23.3-H;1-2","T",1,0,2,0,4,"F"
0,2,1,1,"FBX","","ozunm001","","6/L6D","T",1,0,0,2,0,"F"
1,0,1,2,".BSFX","","","","8/F89XD+","T",1,0,0,0,0,"F"
1,1,2,1,"SBBX","","","","S7/G56","T",0,1,0,0,0,"F"
1,1,2,1,".CBBX","pinam001","","","8/F8XD+","T",1,0,1,0,0,"F"
1,2,2,2,"..FB*BTFX","pinam001","","","43/G34","T",1,0,1,0,0,"F"
0,0,2,2,"...BCSFBX","","","","T8/F89XD+","T",0,3,0,0,0,"F"
0,0,0,0,"X","","","contw002","S5/P5.3-H","T",0,1,0,0,4,"F"
0,0,2,2,".BBSCS","incie001","","","K","T",1,0,1,0,0,"F"
0,1,0,1,"CX","incie001","","","8/F89XD","T",1,0,1,0,0,"F"
0,2,3,2,"CS*BBB>X","incie001","","","53/G4-","T",1,0,1,0,0,"F"
1,0,1,0,".BX","","","","8/F8D","T",1,0,0,0,0,"F"
1,1,3,2,"BBCFBFB","","","","W","T",0,1,0,0,0,"F"
1,1,0,1,"CB","cainl001","","","WP.1-2","F",0,0,2,0,0,"F"
1,1,1,1,"CB.X","","cainl001","","FC6/G56+.2-3;B-1","T",0,1,0,3,0,"F"
1,1,3,2,"SFBBBT","taylt002","","cainl001","K","T",1,0,1,0,3,"F"
1,2,1,2,"BCSX","taylt002","","cainl001","7/F56D","T",1,0,1,0,3,"F"
0,0,2,2,"FBFBS","","","","K","T",1,0,0,0,0,"F"
0,1,0,1,"FX","","","","4/L34D","T",1,0,0,0,0,"F"
0,2,1,1,"CBX","","","","43/G4MS+","T",1,0,0,0,0,"F"
1,0,1,0,".BX","","","","HR/F8XD","T",0,4,0,0,0,"F"
1,0,0,1,"CX","","","","HR/F7D","T",0,4,0,0,0,"F"
1,0,1,2,"CCBX","","","","5/P25F/FL","T",1,0,0,0,0,"F"
1,1,1,2,"..TSFB*S","","","","K","T",1,0,0,0,0,"F"
1,2,0,1,"CX","","","","S7/G6+","T",0,1,0,0,0,"F"
1,2,0,0,">B","wongk001","","","DI.1-2","F",0,0,2,0,0,"F"
1,2,2,1,">B.BCX","","wongk001","","8/L8XD+","T",1,0,0,2,0,"F"
0,0,1,1,"CBX","","","","53/G5+","T",1,0,0,0,0,"T"
0,1,3,2,"BBCFFBB","","","","W","T",0,1,0,0,0,"F"
0,1,2,2,"CBCBFX","freef001","","","S8/L8+.1-2","T",0,1,2,0,0,"F"
0,1,2,0,"BBX","ozunm001","freef001","","D7/F7LD+.2-H;1-3","T",0,2,3,4,0,"F"
0,1,0,0,"X","","albio001","ozunm001","8/SF/F8XD+.3-H;2-3","T",1,0,0,3,4,"F"
0,2,3,2,"BBF*BSB","","","albio001","W","T",0,1,0,0,3,"F"
0,2,0,2,"CCX","rilea001","","albio001","53/G56D+","T",1,0,1,0,3,"F"
1,0,3,1,"BBBCX","","","","5/P56S","T",1,0,0,0,0,"F"
1,1,3,1,"BSBBB","","","","W","T",0,1,0,0,0,"F"
1,1,0,0,"X","narvo001","","","64(1)/FO/G6.B-1","T",1,1,0,0,0,"F"
1,2,3,2,"BCCBB>F>C","garca003","","","K","T",1,0,1,0,0,"F"
0,0,0,0,"X","","","","63/G6","T",1,0,0,0,0,"F"
0,1,0,2,"CSS","","","","K","T",1,0,0,0,0,"F"
0,2,1,0,"BX","","","","S8/L89S","T",0,1,0,0,0,"F"
0,2,1,0,"BX","adrie001","","","HR/F78XD.1-H","T",0,4,4,0,0,"F"
0,2,3,0,"BBBB","","","","W","T",0,1,0,0,0,"F"
0,2,1,2,"BF*SX","ozunm001","","","9/F9LS","T",1,0,1,0,0,"F"
1,0,1,1,"CBX","","","","53/G6+","T",1,0,0,0,0,"F"
1,1,2,1,"CBBX","","","","53/G5D","T",1,0,0,0,0,"F"
1,2,3,2,"CBBSFBS","","","","K","T",1,0,0,0,0,"F"
0,0,0,0,"X","","","","9/F9","T",1,0,0,0,0,"F"
0,1,3,2,"CCBBBS","","","","K","T",1,0,0,0,0,"F"
0,2,0,0,"X","","","","S6/G56+","T",0,1,0,0,0,"F"
0,2,1,0,"BX","contw002","","","D9/F89XD+.1-3","T",0,2,3,0,0,"F"
0,2,2,2,"FBBFS","","hereg002","contw002","K","T",1,0,0,2,3,"F"
1,0,0,2,"FSFX","","","","9/F89","T",1,0,0,0,0,"F"
1,1,2,2,"CSFBBX","","","","31/G34","T",1,0,0,0,0,"F"
1,2,3,0,"BBBB","","","","W","T",0,1,0,0,0,"F"
1,2,3,2,"BBSBF>X","wongk001","","","13/G1S-","T",1,0,1,0,0,"F"
0,0,3,2,"BCFBFBX","","","","53/G5+","T",1,0,0,0,0,"F"
0,1,3,2,"BFBFBFX","","","","S13/G6MS+","T",0,1,0,0,0,"F"
0,1,0,0,"X","freef001","","","64(1)/FO/G6.B-1","T",1,1,0,0,0,"F"
0,2,0,1,"CX","ozunm001","","","D9/F9D+.1-3","T",0,2,3,0,0,"F"
0,2,0,2,".CCFS","","albio001","ozunm001","K","T",1,0,0,2,3,"F"
1,0,0,2,"CFS","","","","K","T",1,0,0,0,0,"F"
1,1,2,2,"BCBCFX","","","","43/G4D","T",1,0,0,0,0,"F"
1,2,3,2,"BBBCFFC","","","","K/C","T",1,0,0,0,0,"F"
0,0,0,2,"..SFFS","","","","K","T",1,0,0,0,0,"F"
0,1,3,2,"BCSBFFBB","","","","W","T",0,1,0,0,0,"F"
0,1,1,2,"CSBC","contw002","","","K","T",1,0,1,0,0,"F"
0,2,1,2,"CBSC","contw002","","","K","T",1,0,1,0,0,"F"
1,0,3,2,"CCBFFBFBB","","","","W","T",0,1,0,0,0,"F"
1,0,3,2,"B*BCFF*BX","taylt002","","","43/G34.1-2","T",1,0,2,0,0,"F"
1,1,0,0,"X","","taylt002","","7/F7D+","T",1,0,0,2,0,"F"
1,2,1,0,".BX","","taylt002","","63/G4","T",1,0,0,2,0,"F"
0,0,2,0,".BBX","","","","13/G13-","T",1,0,0,0,0,"F"
0,1,1,2,"BFCX","","","","7/L7D","T",1,0,0,0,0,"F"
0,2,1,1,"BCX","","","","4/P34D","T",1,0,0,0,0,"F"
1,0,0,0,"X","","","","43/G34D","T",1,0,0,0,0,"F"
1,1,3,1,"BCBB*B","","","","W","T",0,1,0,0,0,"F"
1,1,2,1,"BFBX","narvo001","","","54(1)3/GDP/G5D","T",2,0,0,0,0,"F"
0,0,3,1,".BBBCX","","","","8/F78XD+","T",1,0,0,0,0,"F"
0,1,0,2,"FCS","","","","K","T",1,0,0,0,0,"F"
0,2,2,2,"FBFBFC","","","","K","T",1,0,0,0,0,"F"
1,0,2,2,"CFFBBFX","","","","S8/F8S","T",0,1,0,0,0,"F"
1,0,3,2,"CB*BBCX","voged001","","","D7/F7D.1-3","T",0,2,3,0,0,"F"
1,0,2,2,".CBBFS","","reyep001","voged001","K","T",1,0,0,2,3,"F"
1,1,3,1,"BBBCB","","reyep001","voged001","W","T",0,1,0,2,3,"F"
1,1,0,2,"CSX","bradj001","reyep001","voged001","7/SF/F7L.3-H","T",1,0,1,2,4,"F"
1,2,1,1,".BF>C","bradj001","reyep001","","SB3;SB2","F",0,0,2,3,0,"F"
1,2,2,2,".BF>C.*BX","","bradj001","reyep001","8/F89XD","T",1,0,0,2,3,"F"
0,0,1,2,".CBCX","","","","HR/F8XD","T",0,4,0,0,0,"F"
0,0,0,0,"X","","","","7/F7D","T",1,0,0,0,0,"F"
0,1,2,2,".BCFBH","","","","HP","T",0,1,0,0,0,"F"
0,1,0,0,"X","sandp001","","","54(1)3/GDP/G56","T",2,0,0,0,0,"F"
1,0,2,2,".CBBFFX","","","","7/F7LS","T",1,0,0,0,0,"F"
1,1,0,1,"CX","","","","4/L4D","T",1,0,0,0,0,"F"
1,2,1,1,"BCX","","","","63/G56","T",1,0,0,0,0,"F"
0,0,0,2,"CCFS","","","","K","T",1,0,0,0,0,"F"
0,1,0,2,"CCX","","","","S9/L89S+","T",0,1,0,0,0,"F"
0,1,2,1,"BBFX","ozunm001","","","S8/L8S.1-2","T",0,1,2,0,0,"F"
0,1,2,2,"FTFBFF*BS","albio001","ozunm001","","K","T",1,0,1,2,0,"F"
0,2,0,2,"SFS","albio001","ozunm001","","K","T",1,0,1,2,0,"F"
1,0,0,0,".X","","","","7/P5D","T",1,0,0,0,0,"F"
1,1,0,1,"CX","","","","S8/L8S","T",0,1,0,0,0,"F"
1,1,0,2,"CFFC","reyep001","","","K","T",1,0,1,0,0,"F"
1,2,0,0,">B","reyep001","","","DI.1-2","F",0,0,2,0,0,"F"
1,2,1,1,">B.SX","","reyep001","","7/F5D","T",1,0,0,2,0,"F"
0,0,1,2,"CBSX","","","","9/F89+","T",1,0,0,0,0,"T"
0,1,0,2,"CSS","","","","K","T",1,0,0,0,0,"F"
0,2,2,2,"FBSBX","","","","8/F78XD+","T",1,0,0,0,0,"F"
1,0,1,2,"BTSS","","","","K","T",1,0,0,0,0,"F"
1,1,0,0,"X","","","","S7/L7S","T",0,1,0,0,0,"F"
1,1,0,1,"CX","narvo001","","","S9/G34+.1-2","T",0,1,2,0,0,"F"
1,1,2,2,"B*BFFS","cainl001","narvo001","","K","T",1,0,1,2,0,"F"
1,2,0,0,"X","cainl001","narvo001","","65(2)/FO/G56.B-1","T",1,1,1,0,0,"F"
0,0,2,2,"BSLFBX","","","","7/F78XD","T",1,0,0,0,0,"F"
0,1,2,2,"BBCCS","","","","K","T",1,0,0,0,0,"F"
0,2,3,2,"FCBFBFBB","","","","W","T",0,1,0,0,0,"F"
0,2,0,2,"SS*S","rilea001","","","K","T",1,0,1,0,0,"F"
1,0,3,1,"BBBCB","","","","W","T",0,1,0,0,0,"F"
1,0,0,0,"X","voged001","","","3/G34S.1-2","T",1,0,2,0,0,"F"
1,1,2,2,"S*BFFF*BB","","voged001","","PB.2-3","F",0,0,0,3,0,"F"
1,1,3,2,"S*BFFF*BB.*B","","","voged001","W","T",0,1,0,0,3,"F"
1,1,1,2,"CLBM","urial001","","voged001","K","T",1,0,1,0,3,"F"
1,2,0,1,"SX","urial001","","voged001","63/G6","T",1,0,1,0,3,"F"
0,0,0,2,"CFS","","","","K","T",1,0,0,0,0,"F"
0,1,0,2,"SSS","","","","K","T",1,0,0,0,0,"F"
0,2,2,2,"BBCSS","","","","K","T",1,0,0,0,0,"F"
1,0,0,1,"TX","","","","S8/L78S","T",0,1,0,0,0,"F"
1,0,0,0,"X","narvo001","","","S5/G56.1-2","T",0,1,2,0,0,"F"
1,0,0,2,"S*SC","cainl001","narvo001","","K","T",1,0,1,2,0,"F"
1,1,2,1,"BFBX","cainl001","narvo001","","65(2)/FO/G56.1-2;B-1","T",1,1,2,0,0,"F"
1,2,3,2,"BBCBC>X","garca003","cainl001","","D9/L9D+.2-H;1-H","T",0,2,4,4,0,"F"
1,2,1,2,"BSC*S","","voged001","","K.BX1(23)","T",1,0,0,2,0,"F"
0,0,0,0,"X","","","","7/F78","T",1,0,0,0,0,"F"
0,1,2,2,"BFBFC","","","","K","T",1,0,0,0,0,"F"
0,2,2,2,"SSBBX","","","","7/F7","T",1,0,0,0,0,"F"
1,0,3,1,"CBBBX","","","","63/G6","T",1,0,0,0,0,"F"
1,1,1,2,"SSBC","","","","K","T",1,0,0,0,0,"F"
1,2,1,2,"BSSX","","","","S14/G4","T",0,1,0,0,0,"F"
1,2,2,2,"SF*BFF*BX","wongk001","","","D9/F9LD+.1-H;B-3(E4/TH)","T",0,3,4,0,0,"F"
1,2,3,1,"BCB*BX","","","narvo001","43/G4MD+","T",1,0,0,0,3,"F"
0,0,0,0,"X","","","","43/G4M+","T",1,0,0,0,0,"F"
0,1,2,1,"BFBX","","","","S7/L7LS","T",0,1,0,0,0,"F"
0,1,1,2,"CFBX","rilea001","","","S8/L8D+.1-2","T",0,1,2,0,0,"F"
0,1,0,0,"X","contw002","rilea001","","9/L9","T",1,0,1,2,0,"F"
0,2,2,2,"SBS*BC","contw002","rilea001","","K","T",1,0,1,2,0,"F"
1,0,2,2,"BBCFX","","","","S8/G1S","T",0,1,0,0,0,"F"
1,0,0,1,"FX","shawt001","","","HR/F8XD.1-H","T",0,4,4,0,0,"F"
1,0,3,2,"BCCFBFBX","","","","9/F9D","T",1,0,0,0,0,"F"
1,1,1,2,".SBSC","","","","K","T",1,0,0,0,0,"F"
1,2,3,0,"BBBB","","","","W","T",0,1,0,0,0,"F"
1,2,2,2,"BBCFX","urial001","","","13/G1S","T",1,0,1,0,0,"F"
0,0,2,2,"CBBCX","","","","8/L78D","T",1,0,0,0,0,"F"
0,1,2,2,"CBBSX","","","","63/G6","T",1,0,0,0,0,"F"
0,2,3,2,"CBBSBFX","","","","43/G4M","T",1,0,0,0,0,"F"
1,0,0,0,"X","","","","S4/BG4","T",0,1,0,0,0,"F"
1,0,0,1,"CB","wongk001","","","WP.1-2","F",0,0,2,0,0,"F"
1,0,1,2,"CB.FX","","wongk001","","8/F78D","T",1,0,0,2,0,"F"
1,1,3,0,"BBBB","","wongk001","","W","T",0,1,0,2,0,"F"
1,1,3,0,"BBB*B","cainl001","wongk001","","W.2-3;1-2","T",0,1,2,3,0,"F"
1,1,1,0,"*BB","shawt001","cainl001","wongk001","PB.3-H(NR);2-3;1-2","F",0,0,2,3,4,"F"
1,1,3,0,"*BB.BB","","shawt001","cainl001","W","T",0,1,0,2,3,"F"
1,1,2,2,"BCFBX","garca003","shawt001","cainl001","46(1)/FO/G34.3-H;2-3;B-1","T",1,1,0,3,4,"F"
1,2,0,0,"B","voged001","","shawt001","WP.3-H(NR);1-2","F",0,0,2,0,4,"F"
1,2,1,0,"B.X","","voged001","","43/G4","T",1,0,0,2,0,"F"
0,0,3,2,".BCSBBX","","","","9/F9D+","T",1,0,0,0,0,"F"
0,1,2,1,"SBBX","","","","S4/G4","T",0,1,0,0,0,"F"
0,1,3,0,"BBBB","swand001","","","W.1-2","T",0,1,2,0,0,"F"
0,1,2,1,"BSBB","rilea001","swand001","","WP.2-3;1-2","F",0,0,2,3,0,"F"
0,1,3,2,"BSBB.CFB","","rilea001","swand001","W","T",0,1,0,2,3,"F"
0,1,1,1,"*BCX","contw002","rilea001","swand001","S8/G4M.3-H;2-H;1-2","T",0,1,2,4,4,"F"
0,1,0,0,"...X","incie001","contw002","","FC6/G56.2-3;1-2;B-1","T",0,1,2,3,0,"F"
0,1,1,0,"BX","sandp001","incie001","contw002","FC6/G6.3-H;2-3;1-2(E6/TH);B-1","T",0,1,2,3,4,"F"
0,1,0,0,"X","adrie001","sandp001","incie001","HR/F8XD.3-H;2-H(UR);1-H","T",0,4,4,5,4,"F"
0,1,2,1,"BBFX","","","","53/G5S+","T",1,0,0,0,0,"F"
0,2,1,2,"BFFS","","","","K","T",1,0,0,0,0,"F"
1,0,3,1,".BBCBB","","","","W","T",0,1,0,0,0,"F"
1,0,1,1,"CB1X","urial001","","","9/F9","T",1,0,1,0,0,"F"
1,1,0,0,"1X","urial001","","","S9/L89S.1-3","T",0,1,3,0,0,"F"
1,1,0,0,".H","wongk001","","urial001","HP.1-2","T",0,1,2,0,3,"F"
1,1,3,2,"BBSBCX","narvo001","wongk001","urial001","S7/L78S.3-H;2-H;1-2","T",0,1,2,4,4,"F"
1,1,3,2,"*BBCBCB","cainl001","narvo001","","W.2-3;1-2","T",0,1,2,3,0,"F"
1,1,0,2,"*SSX","shawt001","cainl001","narvo001","8/F89S","T",1,0,1,2,3,"F"
1,2,2,2,"CCFFFB*BS","shawt001","cainl001","narvo001","K","T",1,0,1,2,3,"F"
0,0,0,1,"...CX","","","","S9/F9LS","T",0,1,0,0,0,"F"
0,0,1,1,"CB>B","swand001","","","SB2.1-3(E2/TH)","F",0,0,3,0,0,"F"
0,0,3,1,"CB>B.BB","","","swand001","W","T",0,1,0,0,3,"F"
0,0,2,1,"BBSX","rilea001","","swand001","FC6/G6.3-H;1-2(E6);B-1","T",0,1,2,0,4,"F"
0,0,0,0,"X","contw002","rilea001","","53/SH/BG2.2-3;1-2","T",1,0,2,3,0,"F"
0,1,2,2,".BBCCS","","contw002","rilea001","K","T",1,0,0,2,3,"F"
0,2,1,2,"FBSS","","contw002","rilea001","K","T",1,0,0,2,3,"F"
1,0,1,2,".CBFFF*S","","","","K.BX1(23)","T",1,0,0,0,0,"F"
1,1,2,2,"BCFFBFFX","","","","8/F8","T",1,0,0,0,0,"F"
1,2,3,2,"BBCBFFC","","","","K","T",1,0,0,0,0,"F"
0,0,3,2,".BSTFBFFBB","","","","W","T",0,1,0,0,0,"F"
0,0,1,2,"CBSS","freef001","","","K","T",1,0,1,0,0,"F"
0,1,0,0,"X","freef001","","","S9/F9S.1-3","T",0,1,3,0,0,"F"
0,1,0,0,"X","albio001","","freef001","9/SF/F89D.3-H","T",1,0,1,0,4,"F"
0,2,2,2,"FBFBFFX","albio001","","","S7/L7S+.1-2","T",0,1,2,0,0,"F"
0,2,0,2,"S*SS","rilea001","albio001","","K","T",1,0,1,2,0,"F"
0,0,2,2,"BCBFX","","","","8/L78D","T",1,0,0,0,0,"T"
0,1,0,2,"CCFX","","","","13/G4S","T",1,0,0,0,0,"F"
0,2,0,0,"X","","","","S7/L7+","T",0,1,0,0,0,"F"
0,2,0,0,"X","cronj001","","","S9/G34.1-2","T",0,1,2,0,0,"F"
0,2,1,2,"F*BFFX","tatif002","cronj001","","5/L56","T",1,0,1,2,0,"F"
1,0,1,1,"CBX","","","","8/F8XD","T",1,0,0,0,0,"F"
1,1,1,2,"CSBS","","","","K","T",1,0,0,0,0,"F"
1,2,3,2,"BBCSB*S","","","","K","T",1,0,0,0,0,"F"
0,0,1,2,"CFBX","","","","43/G4-","T",1,0,0,0,0,"F"
0,1,2,1,"BFBX","","","","63/G6S-","T",1,0,0,0,0,"F"
0,2,2,2,"CBFBFS","","","","K","T",1,0,0,0,0,"F"
1,0,0,2,"SSS","","","","K","T",1,0,0,0,0,"F"
1,1,2,2,"BCSB*S","","","","K.BX1(23)","T",1,0,0,0,0,"F"
1,2,3,2,"FCBBBB","","","","W","T",0,1,0,0,0,"F"
1,2,2,1,"*BBSX","adamw002","","","HR/F8XD.1-H","T",0,4,4,0,0,"F"
1,2,0,1,"SX","","","","S8/G6M","T",0,1,0,0,0,"F"
1,2,1,2,"C*BFC","urial001","","","K","T",1,0,1,0,0,"F"
0,0,1,2,"BCCFC","","","","K","T",1,0,0,0,0,"F"
0,1,3,2,"CBCBFFBFX","","","","7/F78","T",1,0,0,0,0,"F"
0,2,2,2,"BCCBS","","","","K","T",1,0,0,0,0,"F"
1,0,1,2,"BCSS","","","","K","T",1,0,0,0,0,"F"
1,1,2,2,"BBFSX","","","","9/F89D","T",1,0,0,0,0,"F"
1,2,1,0,"BX","","","","63/G56+","T",1,0,0,0,0,"F"
0,0,0,1,"CX","","","","S8/L8S","T",0,1,0,0,0,"F"
0,0,3,2,"BBCBF>X","cronj001","","","63/G6.1-2","T",1,0,2,0,0,"F"
0,1,0,1,"SX","","cronj001","","63/G6M.2-3","T",1,0,0,3,0,"F"
0,2,1,2,"SBSX","","","cronj001","9/F9D","T",1,0,0,0,3,"F"
1,0,2,1,"BBCX","","","","HR/F78XD","T",0,4,0,0,0,"F"
1,0,3,1,"FBBBX","","","","S8/L8D+","T",0,1,0,0,0,"F"
1,0,0,1,"1TB","hiurk001","","","WP.1-2","F",0,0,2,0,0,"F"
1,0,3,2,"1TB.BC*BB","","hiurk001","","W","T",0,1,0,2,0,"F"
1,0,3,1,"*B*BCBB","adamw002","hiurk001","","W.2-3;1-2","T",0,1,2,3,0,"F"
1,0,3,1,"*BBBCX","pinam001","adamw002","hiurk001","3/P3F/FL","T",1,0,1,2,3,"F"
1,1,0,2,"CSS","pinam001","adamw002","hiurk001","K","T",1,0,1,2,3,"F"
1,2,2,2,"BBCTX","pinam001","adamw002","hiurk001","S9/G34.3-H;2-H;1-3","T",0,1,3,4,4,"F"
1,2,0,2,".CC*S","wongk001","","pinam001","K","T",1,0,1,0,3,"F"
0,0,0,1,"CX","","","","53/G56","T",1,0,0,0,0,"F"
0,1,1,2,"CCBC","","","","K","T",1,0,0,0,0,"F"
0,2,1,2,".CBSS","","","","K","T",1,0,0,0,0,"F"
1,0,1,2,".BFCFC","","","","K","T",1,0,0,0,0,"F"
1,1,0,2,"FFX","","","","53/G56","T",1,0,0,0,0,"F"
1,2,1,2,"CBSC","","","","K","T",1,0,0,0,0,"F"
0,0,0,0,"X","","","","9/F89S","T",1,0,0,0,0,"F"
0,1,0,2,"FCC","","","","K","T",1,0,0,0,0,"F"
0,2,3,2,"CFBBFFBX","","","","31/G3","T",1,0,0,0,0,"F"
1,0,0,0,"X","","","","8/F8XD+","T",1,0,0,0,0,"F"
1,1,2,2,"CFBBC","","","","K","T",1,0,0,0,0,"F"
1,2,2,2,"CFBBS","","","","K","T",1,0,0,0,0,"F"
0,0,2,2,"SBFBX","","","","6/F56D","T",1,0,0,0,0,"F"
0,1,2,2,"BSFFBS","","","","K","T",1,0,0,0,0,"F"
0,2,1,2,"BTCS","","","","K","T",1,0,0,0,0,"F"
1,0,3,1,".BBBCB","","","","W","T",0,1,0,0,0,"F"
1,0,0,1,"CX","voged001","","","S9/L9S+.1-2","T",0,1,2,0,0,"F"
1,0,2,2,"BBCCX","wongk001","voged001","","8/F8","T",1,0,1,2,0,"F"
1,1,2,2,".C*BBFX","wongk001","voged001","","64(1)3/GDP/G6+","T",2,0,0,2,0,"F"
0,0,2,2,"..BCBFS","","","","K","T",1,0,0,0,0,"F"
0,1,1,1,"BCX","","","","6/L6D+","T",1,0,0,0,0,"F"
0,2,2,2,".CSBBX","","","","7/F7D","T",1,0,0,0,0,"F"
1,0,3,2,".CFBFBBS","","","","K","T",1,0,0,0,0,"F"
1,1,3,1,"BSBBB","","","","W","T",0,1,0,0,0,"F"
1,1,1,2,"BCFFX","hiurk001","","","9/F3DF/FL","T",1,0,1,0,0,"F"
1,2,2,2,"BBFSFX","hiurk001","","","9/F1S","T",1,0,1,0,0,"F"
0,0,3,2,".BFBCBB","","","","W","T",0,1,0,0,0,"F"
0,0,1,0,"BX","profj001","","","HR/F7D.1-H","T",0,4,4,0,0,"F"
0,0,0,1,"CH","","","","HP","T",0,1,0,0,0,"F"
0,0,1,1,".SBB","cronj001","","","PB.1-2","F",0,0,2,0,0,"F"
0,0,2,2,".SBB.FS","","cronj001","","K","T",1,0,0,2,0,"F"
0,1,2,1,"BBFX","","cronj001","","D7/L78XD+.2-H","T",0,2,0,4,0,"F"
0,1,3,2,"CBS*BFBB","","hosme001","","W","T",0,1,0,2,0,"F"
0,1,0,0,"X","myerw001","hosme001","","3/P34","T",1,0,1,2,0,"F"
0,2,0,0,"X","myerw001","hosme001","","7/L78D","T",1,0,1,2,0,"F"
0,0,1,1,"BCX","","","","43/G4M","T",1,0,0,0,0,"T"
0,1,2,2,"BSBFC","","","","K","T",1,0,0,0,0,"F"
0,2,0,0,"X","","","","13/G1S","T",1,0,0,0,0,"F"
1,0,3,2,"CBCFBFBFC","","","","K","T",1,0,0,0,0,"F"
1,1,3,2,"BCBFB*S","","","","K","T",1,0,0,0,0,"F"
1,2,2,2,"CFBBX","","","","43/G34D+","T",1,0,0,0,0,"F"
0,0,1,1,"BSX","","","","43/G4","T",1,0,0,0,0,"F"
0,1,1,1,"CBX","","","","3/G3","T",1,0,0,0,0,"F"
0,2,3,2,"CBSBBX","","","","8/F8D","T",1,0,0,0,0,"F"
1,0,0,1,"CX","","","","E6/TH/G56D.B-2","T",0,2,0,0,0,"F"
1,0,0,2,"CFX","","garca003","","5/P5F/FL","T",1,0,0,2,0,"F"
1,1,0,1,"CX","","garca003","","7/L78D+","T",1,0,0,2,0,"F"
1,2,1,2,"CFFBS","","garca003","","K","T",1,0,0,2,0,"F"
0,0,3,0,"BBBB","","","","W","T",0,1,0,0,0,"F"
0,0,0,2,"SCFH","carav001","","","HP.1-2","T",0,1,2,0,0,"F"
0,0,1,2,"SMBM","kim-h002","carav001","","K","T",1,0,1,2,0,"F"
0,1,2,0,"BBX","kim-h002","carav001","","9/F9D.2-3","T",1,0,1,3,0,"F"
0,2,0,2,"T>F>B","kim-h002","","carav001","SB2;SBH.1-3(E2)","F",0,0,3,0,4,"F"
0,2,1,2,"T>F>B.FFX","","","kim-h002","S9/G3.3-H","T",0,1,0,0,4,"F"
0,2,1,2,"1C11S1B>S","profj001","","","K","T",1,0,1,0,0,"F"
1,0,1,2,"BCCS","","","","K","T",1,0,0,0,0,"F"
1,1,2,2,"CBBTC","","","","K","T",1,0,0,0,0,"F"
1,2,3,1,"BBBCX","","","","4/L4D+","T",1,0,0,0,0,"F"
0,0,1,2,"BSTS","","","","K","T",1,0,0,0,0,"F"
0,1,2,1,"BBSX","","","","43/G34","T",1,0,0,0,0,"F"
0,2,2,2,"BSSBS","","","","K","T",1,0,0,0,0,"F"
1,0,3,2,"BFBBFX","","","","53/G6M","T",1,0,0,0,0,"F"
1,1,3,1,"BBCBX","","","","13/G13-","T",1,0,0,0,0,"F"
1,2,1,1,"BCX","","","","53/G5","T",1,0,0,0,0,"F"
0,0,2,2,"BSFBX","","","","7/F78D","T",1,0,0,0,0,"F"
0,1,0,1,"CX","","","","63/G6","T",1,0,0,0,0,"F"
0,2,1,1,"BSX","","","","3/G3","T",1,0,0,0,0,"F"
1,0,0,2,"FSFFS","","","","K","T",1,0,0,0,0,"F"
1,1,3,2,"BBBCFX","","","","S7/G6M+","T",0,1,0,0,0,"F"
1,1,2,1,"BS1BH","cainl001","","","HP.1-2","T",0,1,2,0,0,"F"
1,1,3,1,"BF*BBX","shawt001","cainl001","","8/F8D+","T",1,0,1,2,0,"F"
1,2,0,0,">B","shawt001","cainl001","","SB3","F",0,0,1,3,0,"F"
1,2,3,0,">B.BBB","shawt001","","cainl001","W.1-2","T",0,1,2,0,3,"F"
1,2,1,1,".BCX","burnc002","shawt001","cainl001","64(1)/FO/G6.B-1","T",1,1,0,2,3,"F"
0,0,3,2,"BCSFBFBFB","","","","W","T",0,1,0,0,0,"F"
0,0,1,0,"1B>B","phamt001","","","SB2","F",0,0,2,0,0,"F"
0,0,2,0,"1B>B.B","","phamt001","","WP.2-3","F",0,0,0,3,0,"F"
0,0,3,0,"1B>B.B.B","","","phamt001","W","T",0,1,0,0,3,"F"
0,0,0,0,">B","profj001","","phamt001","SB2","F",0,0,2,0,3,"F"
0,0,2,2,">B.BSFFC","","profj001","phamt001","K","T",1,0,0,2,3,"F"
0,1,0,0,"X","","profj001","phamt001","8/SF/F8D.3-H","T",1,0,0,2,4,"F"
0,2,1,0,"BX","","profj001","","S8/G4+.2-H","T",0,1,0,4,0,"F"
0,2,0,1,"S>S","hosme001","","","SB2","F",0,0,2,0,0,"F"
0,2,0,2,"S>S.FS","","hosme001","","K","T",1,0,0,2,0,"F"
1,0,1,2,".BCSS","","","","K","T",1,0,0,0,0,"F"
1,1,0,1,"CX","","","","53/G56","T",1,0,0,0,0,"F"
1,2,0,2,"CCFS","","","","K","T",1,0,0,0,0,"F"
0,0,2,0,"..BBX","","","","3/G3","T",1,0,0,0,0,"F"
0,1,0,0,"X","","","","S7/L7S","T",0,1,0,0,0,"F"
0,1,1,2,".BFFX","kim-h002","","","D9/F89XD.1-3","T",0,2,3,0,0,"F"
0,1,3,2,"BFBS*BX","","ograb001","kim-h002","143/G1.3-H;2-3","T",1,0,0,3,4,"F"
0,2,1,0,"BX","","","ograb001","D9/L9LS+.3-H","T",0,2,0,0,4,"F"
0,2,1,2,"BSFX","","profj001","","4/L34D","T",1,0,0,2,0,"F"
1,0,2,2,".CBBFC","","","","K","T",1,0,0,0,0,"F"
1,1,3,2,"BCBSBFC","","","","K","T",1,0,0,0,0,"F"
1,2,3,2,"CBBBFFX","","","","HR/F9D","T",0,4,0,0,0,"F"
1,2,0,0,"X","","","","53/G56","T",1,0,0,0,0,"F"
0,0,3,0,"..BBBB","","","","W","T",0,1,0,0,0,"F"
0,0,3,2,"BCSBFB>T","tatif002","","","K+SB2","T",1,0,2,0,0,"F"
0,1,0,0,"X","","tatif002","","53/G5D.2-3","T",1,0,0,3,0,"F"
0,2,1,1,"CBB","","","tatif002","WP.3-H(NR)","F",0,0,0,0,4,"F"
0,2,2,2,"CBB.CC","","","","K","T",1,0,0,0,0,"F"
1,0,1,2,"CSBFC","","","","K","T",1,0,0,0,0,"F"
1,1,0,2,"CS*S","","","","K","T",1,0,0,0,0,"F"
1,2,0,0,"X","","","","9/F89XD+","T",1,0,0,0,0,"F"
0,0,1,1,"CBX","","","","8/F8D","T",1,0,0,0,0,"F"
0,1,2,2,".BCSFBC","","","","K","T",1,0,0,0,0,"F"
0,2,3,2,"BCBBCFC","","","","K","T",1,0,0,0,0,"F"
1,0,2,1,"...BBFX","","","","7/F7","T",1,0,0,0,0,"F"
1,1,2,2,"BFFB*S","","","","K","T",1,0,0,0,0,"F"
1,2,0,0,"X","","","","63/G4D","T",1,0,0,0,0,"F"
0,0,3,2,"BBSCB*B","","","","W","T",0,1,0,0,0,"T"
0,0,3,0,"BBB>C","phamt001","","","SB2","F",0,0,2,0,0,"F"
0,0,3,1,"BBB>C.X","","phamt001","","S6/G56.2-2","T",0,1,0,2,0,"F"
0,0,2,1,"*BCBX","matej003","phamt001","","53/G56.2-3;1-2","T",1,0,2,3,0,"F"
0,1,2,0,"BBX","","matej003","phamt001","7/SF/F7D.3-H;2-3","T",1,0,0,3,4,"F"
0,2,0,1,"FX","","","matej003","5/L56","T",1,0,0,0,3,"F"
1,0,1,0,"BX","","","","7/F7D","T",1,0,0,0,0,"F"
1,1,1,1,"FBX","","","","13/G34S-","T",1,0,0,0,0,"F"
1,2,1,2,"CFBC","","","","K","T",1,0,0,0,0,"F"
0,0,1,0,"BX","","","","63/G6D","T",1,0,0,0,0,"F"
0,1,1,0,"BX","","","","S7/G56","T",0,1,0,0,0,"F"
0,1,1,1,"BFX","carav001","","","7/L78D","T",1,0,1,0,0,"F"
0,2,1,2,"SBSS","carav001","","","K","T",1,0,1,0,0,"F"
1,0,0,0,"X","","","","D7/L7LS","T",0,2,0,0,0,"F"
1,0,3,2,"FSB*BFBFX","","narvo001","","3/P3F/FL","T",1,0,0,2,0,"F"
1,1,1,0,"BX","","narvo001","","7/F7D","T",1,0,0,2,0,"F"
1,2,0,0,"X","","narvo001","","4/L4MD+","T",1,0,0,2,0,"F"
0,0,2,2,"FBBSX","","","","S9/G4+","T",0,1,0,0,0,"F"
0,0,0,1,"1LX","phamt001","","","13/SH/BG23.1-2","T",1,0,2,0,0,"F"
0,1,0,0,"X","","phamt001","","3/G3.2-3","T",1,0,0,3,0,"F"
0,2,0,2,"SFS","","","phamt001","K","T",1,0,0,0,3,"F"
1,0,1,1,"FBX","","","","43/G4+","T",1,0,0,0,0,"F"
1,1,0,1,"CX","","","","HR/F78XD","T",0,4,0,0,0,"F"
1,1,2,2,"LFBBX","","","","8/L8XD+","T",1,0,0,0,0,"F"
1,2,2,2,"CBFBS","","","","K","T",1,0,0,0,0,"F"
0,0,1,2,"SBSX","","","","3/G3","T",1,0,0,0,0,"F"
0,1,2,2,"CBFBC","","","","K","T",1,0,0,0,0,"F"
0,2,1,2,"FBCC","","","","K","T",1,0,0,0,0,"F"
1,0,3,0,"BBBX","","","","43/G34+","T",1,0,0,0,0,"F"
1,1,1,2,"SBCX","","","","43/G34D","T",1,0,0,0,0,"F"
1,2,0,1,"CX","","","","3/P3D","T",1,0,0,0,0,"F"
0,0,1,1,"CBX","","","","7/F78S","T",1,0,0,0,0,"F"
0,1,2,2,"CBSFBS","","","","K","T",1,0,0,0,0,"F"
0,2,2,1,"BSBX","","","","S1/G56S","T",0,1,0,0,0,"F"
0,2,1,1,"F*BX","phamt001","","","53/G5","T",1,0,1,0,0,"F"
1,0,1,1,"BFX","","","","7/F7","T",1,0,0,0,0,"F"
1,1,2,2,"CCBBX","","","","8/L8XD+","T",1,0,0,0,0,"F"
1,2,1,1,"CBX","","","","43/G4","T",1,0,0,0,0,"F"
0,0,2,2,"CCBBX","","","","7/F7D","T",1,0,0,0,0,"F"
0,1,3,2,"BFBSBFFS","","","","K","T",1,0,0,0,0,"F"
0,2,0,0,"X","","","","3/G3D+","T",1,0,0,0,0,"F"
1,0,2,2,".BBSFX","","","","7/F7LDF/FL","T",1,0,0,0,0,"F"
1,1,3,1,"BBBCX","","","","7/F7LD","T",1,0,0,0,0,"F"
1,2,0,0,"X","","","","9/F9L","T",1,0,0,0,0,"F"
0,0,0,0,".X","","","","6/F78S","T",1,0,0,0,0,"F"
0,1,2,2,"CBBFX","","","","3/G3","T",1,0,0,0,0,"F"
0,2,2,2,"SFBBX","","","","T8/L8XD","T",0,3,0,0,0,"F"
0,2,3,2,".BBSBCFS","","","kim-h002","K","T",1,0,0,0,3,"F"
1,0,1,2,".FTBX","","","","43/G4","T",1,0,0,0,0,"F"
1,1,2,2,".CSBBS","","","","K","T",1,0,0,0,0,"F"
1,2,3,2,"SBBFBB","","","","W","T",0,1,0,0,0,"F"
1,2,2,1,"BBCX","hiurk001","","","7/F78S","T",1,0,1,0,0,"F"
0,0,1,2,"..BCFS","","","","K","T",1,0,0,0,0,"F"
0,1,2,2,".BBCSX","","","","3/G3","T",1,0,0,0,0,"F"
0,2,0,2,"FSS","","","","K","T",1,0,0,0,0,"F"
1,0,2,2,"..BCCBS","","","","K","T",1,0,0,0,0,"F"
1,1,2,2,"BBCFFC","","","","K","T",1,0,0,0,0,"F"
1,2,2,2,".CBSFFFBX","","","","S9/L89S+","T",0,1,0,0,0,"F"
1,2,0,2,".CFFS","peraf001","","","K","T",1,0,1,0,0,"F"
0,0,1,2,".BSFS","","","","K","T",1,0,0,0,0,"F"
0,1,3,2,"CSBBBC","","","","K","T",1,0,0,0,0,"F"
0,2,3,2,"SFBBBS","","","","K","T",1,0,0,0,0,"F"
1,0,2,2,".BCFBFFX","","","","S9/L9S","T",0,1,0,0,0,"F"
1,0,3,1,"BBSBB","cainl001","","","W.1-2","T",0,1,2,0,0,"F"
1,0,1,1,"BSX","yelic001","cainl001","","6/P6D","T",1,0,1,2,0,"F"
1,1,0,2,"CSS","yelic001","cainl001","","K","T",1,0,1,2,0,"F"
1,2,1,2,"BFFX","yelic001","cainl001","","8/L8+","T",1,0,1,2,0,"F"
0,0,1,1,"...FBX","","myerw001","","S9/L89S.2-H(UR)","T",0,1,0,5,0,"F"
0,0,0,1,"CX","carav001","","","4/P4M","T",1,0,1,0,0,"F"
0,1,2,2,".FB1BSFFFX","carav001","","","5/P5F/FL","T",1,0,1,0,0,"F"
0,2,3,2,"BCBBT>F>S","carav001","","","K","T",1,0,1,0,0,"F"
1,0,0,1,"..FX","","hiurk001","","S7/L78S.2-3","T",0,1,0,3,0,"F"
1,0,0,1,"CX","adamw002","","hiurk001","FC/G4+.3XH(42);1-2;B-1","T",1,1,2,0,0,"F"
1,1,2,2,"FF*BBT","bradj001","adamw002","","K","T",1,0,1,2,0,"F"
1,2,1,1,"FBX","bradj001","adamw002","","43/G4+","T",1,0,1,2,0,"F"
0,0,3,2,"CBBCFBX","","","","13/G4MS","T",1,0,0,0,0,"T"
0,1,3,1,"BFBBX","","","","7/F7","T",1,0,0,0,0,"F"
0,2,2,1,"BFBX","","","","3/G34","T",1,0,0,0,0,"F"
1,0,1,1,"FBX","","","","63/G56","T",1,0,0,0,0,"F"
1,1,3,2,"BCCFFBFFBX","","","","D7/L7LS+","T",0,2,0,0,0,"F"
1,1,2,1,"BSBX","","adamw002","","53/G56.2-3","T",1,0,0,3,0,"F"
1,2,3,1,"BBBCB","","","adamw002","W","T",0,1,0,0,3,"F"
1,2,1,2,"CBSS","pinam001","","adamw002","K","T",1,0,1,0,3,"F"
0,0,2,2,"CFBBS","","","","K","T",1,0,0,0,0,"F"
0,1,2,1,"BBSX","","","","9/L89D","T",1,0,0,0,0,"F"
0,2,3,2,"BBBCCFS","","","","K","T",1,0,0,0,0,"F"
1,0,3,2,"BBCBCFFFX","","","","53/G56","T",1,0,0,0,0,"F"
1,1,0,2,"SFC","","","","K","T",1,0,0,0,0,"F"
1,2,2,2,"BBFFX","","","","6/L6D","T",1,0,0,0,0,"F"
0,0,3,2,"CBCBBT","","","","K","T",1,0,0,0,0,"F"
0,1,2,2,"CBCBX","","","","53/G56","T",1,0,0,0,0,"F"
0,2,0,2,"CF*S","","","","K.BX1(23)","T",1,0,0,0,0,"F"
1,0,2,2,"BBCFC","","","","K","T",1,0,0,0,0,"F"
1,1,3,2,"BCFBBX","","","","63/G6","T",1,0,0,0,0,"F"
1,2,3,2,"FBBCBT","","","","K","T",1,0,0,0,0,"F"
0,0,3,1,"BCBBX","","","","S9/F9S","T",0,1,0,0,0,"F"
0,0,0,0,">X","phamt001","","","8/F89D","T",1,0,1,0,0,"F"
0,1,3,2,"1BCFFB*B>X","phamt001","","","C/E2.1-2;B-1","T",0,1,2,0,0,"F"
0,1,1,2,"FF*BF2","cronj001","phamt001","","POCS3(14)","F",1,0,1,0,0,"F"
0,2,3,2,"FF*BF2.FBB+1>B","cronj001","","","W.1-2","T",0,1,2,0,0,"F"
0,2,0,0,"X","tatif002","cronj001","","64(1)/FO/G6.B-1","T",1,1,0,2,0,"F"
1,0,2,2,"BCFBX","","","","63/G56+","T",1,0,0,0,0,"F"
1,1,3,2,"BBFSBB","","","","W","T",0,1,0,0,0,"F"
1,1,0,0,"X","pinam001","","","9/F89","T",1,0,1,0,0,"F"
1,2,3,2,"BF*BFB>S","pinam001","","","K","T",1,0,1,0,0,"F"
0,0,2,1,"CBBX","","","","6/P6MD","T",1,0,0,0,0,"F"
0,1,3,1,"BBFBX","","","","5/P56","T",1,0,0,0,0,"F"
0,2,0,0,"X","","","","E5/G5+.B-2","T",0,2,0,0,0,"F"
0,2,3,2,".BCBSBX","","kim-h002","","43/G6M","T",1,0,0,2,0,"F"
1,0,1,2,".BFSX","","","","63/G4","T",1,0,0,0,0,"F"
1,1,1,2,"BCFX","","","","D7/L78XD+","T",0,2,0,0,0,"F"
1,1,3,1,".BBCBX","","robed004","","7/L78D","T",1,0,0,2,0,"F"
1,2,2,2,"BCSBB","","robed004","","WP.2-3","F",0,0,0,3,0,"F"
1,2,3,2,"BCSBB.B","","","robed004","W","T",0,1,0,0,3,"F"
1,2,2,0,"BB>X","cainl001","","robed004","S5/G5.3-H;1-2","T",0,1,2,0,4,"F"
1,2,0,0,"X","adamw002","cainl001","","S6/G56.2-H(E6)(NR)(UR);1-3(E6/TH);B-2","T",0,2,3,5,0,"F"
1,2,2,1,".BCBX","","garca003","adamw002","8/F78XD","T",1,0,0,2,3,"F"
0,0,0,2,"..CCX","","","","D7/L7D+","T",0,2,0,0,0,"F"
0,0,2,1,"BCBX","","phamt001","","8/L8D","T",1,0,0,2,0,"F"
0,1,2,0,"BBX","","phamt001","","7/L7","T",1,0,0,2,0,"F"
0,2,0,1,"FX","","phamt001","","D7/L7LD+.2-H","T",0,2,0,4,0,"F"
0,2,1,0,"*BX","","tatif002","","HR/F78XD.2-H","T",0,4,0,4,0,"F"
0,2,1,2,"LBCS","","","","K","T",1,0,0,0,0,"F"
1,0,0,2,"CF*S","","","","K","T",1,0,0,0,0,"F"
1,1,2,2,"BFFFFBS","","","","K","T",1,0,0,0,0,"F"
1,2,1,2,".SFFB*S","","","","K.BX1(23)","T",1,0,0,0,0,"F"
0,0,0,2,"..SSS","","","","K","T",1,0,0,0,0,"F"
0,1,3,2,"CCBFBBS","","","","K","T",1,0,0,0,0,"F"
0,2,1,0,".BX","","","","S7/G56","T",0,1,0,0,0,"F"
0,2,1,2,"C*BSX","myerw001","","","9/F9","T",1,0,1,0,0,"F"
1,0,3,2,"...BCFBBX","","","","S4/L4D+","T",0,1,0,0,0,"F"
1,0,1,0,".B>C","wongk001","","","SB2","F",0,0,2,0,0,"F"
1,0,3,1,".B>C.B*BB","","wongk001","","W","T",0,1,0,2,0,"F"
1,0,2,2,"BCF*B>S","yelic001","wongk001","","K+SB3;SB2","T",1,0,2,3,0,"F"
1,1,2,0,"BBX","","yelic001","wongk001","HR/F78XD.3-H;2-H","T",0,4,0,4,4,"F"
1,1,2,2,"BBFFX","","","","S5/G56","T",0,1,0,0,0,"F"
1,1,0,0,"X","garca003","","","7/F7S","T",1,0,1,0,0,"F"
1,2,0,0,"1X","garca003","","","9/F9LS","T",1,0,1,0,0,"F"
0,0,3,2,"...BSFFFFBBB","","","","W","T",0,1,0,0,0,"F"
0,0,1,1,"SBX","profj001","","","7/F7D","T",1,0,1,0,0,"F"
0,1,1,1,"BS>B","profj001","","","SB2","F",0,0,2,0,0,"F"
0,1,2,1,"BS>B.X","","profj001","","S6/F7S.2-H","T",0,1,0,4,0,"F"
0,1,3,2,"11C1>F1B11BB>F1>F>X","tatif002","","","S8/G4.1-3","T",0,1,3,0,0,"F"
0,1,2,1,".BBSX","hosme001","","tatif002","D9/L89+.3-H;1XH(962)","T",1,2,0,0,4,"F"
0,2,1,2,"CSBX","","machm001","","8/F78XD","T",1,0,0,2,0,"F"
1,0,2,2,".CFBFBX","","","","8/F89XD+","T",1,0,0,0,0,"F"
1,1,2,2,"BFBTX","","","","43/G4","T",1,0,0,0,0,"F"
1,2,3,2,"BFSBFBB","","","","W","T",0,1,0,0,0,"F"
1,2,2,2,"B*BCFS","wongk001","","","K","T",1,0,1,0,0,"F"
0,0,0,2,".CSFFX","","","","4/P4M","T",1,0,0,0,0,"F"
0,1,2,1,"BBSX","","","","63/G56","T",1,0,0,0,0,"F"
0,2,0,2,"CFS","","","","K","T",1,0,0,0,0,"F"
1,0,1,2,".CFFBC","","","","K","T",1,0,0,0,0,"F"
1,1,0,2,"CSX","","","","S9/L89","T",0,1,0,0,0,"F"
1,1,1,1,".BFX","adamw002","","","5/P5F/FL","T",1,0,1,0,0,"F"
1,2,0,0,"X","adamw002","","","4/L9S+","T",1,0,1,0,0,"F"
0,0,2,0,"..BBX","","phamt001","","53/G56","T",1,0,0,2,0,"F"
0,1,2,0,"BBX","","phamt001","","7/F78","T",1,0,0,2,0,"F"
0,2,3,0,"VVVV","","phamt001","","IW","T",0,1,0,2,0,"F"
0,2,1,0,"*BX","tatif002","phamt001","","5(2)/FO/G56+.B-1","T",1,1,1,0,0,"F"
1,0,1,0,".BX","","narvo001","","53/SH/BG25-.2-3","T",1,0,0,3,0,"F"
1,1,0,0,"X","","","narvo001","9/F9LS","T",1,0,0,0,3,"F"
1,2,0,1,"CX","","","narvo001","S9/L9D.3-H(UR)","T",0,1,0,0,5,"F"
0,0,1,2,"CBFS","","","","K","T",1,0,0,0,0,"T"
0,1,0,0,"X","","","","7/F7","T",1,0,0,0,0,"F"
0,2,1,2,"BCSC","","","","K","T",1,0,0,0,0,"F"
1,0,0,0,"X","","","","8/F78S","T",1,0,0,0,0,"F"
1,1,1,2,"CFBS","","","","K","T",1,0,0,0,0,"F"
1,2,1,0,"BX","","","","S8/L8S","T",0,1,0,0,0,"F"
1,2,0,2,"CTFS","yelic001","","","K","T",1,0,1,0,0,"F"
0,0,0,1,"FX","","","","9/F9LSF/FL","T",1,0,0,0,0,"F"
0,1,3,2,"FTBBBX","","","","S7/G56S+","T",0,1,0,0,0,"F"
0,1,0,1,"CX","schoj001","","","D9/L9LS.1-3","T",0,2,3,0,0,"F"
0,1,3,2,"BFC*BBB","","reyev001","schoj001","W","T",0,1,0,2,3,"F"
0,1,1,2,"S*BCS","badda001","reyev001","schoj001","K","T",1,0,1,2,3,"F"
0,2,0,1,".FX","badda001","reyev001","schoj001","3/G3","T",1,0,1,2,3,"F"
1,0,1,1,".CBX","","","","S5/G56+","T",0,1,0,0,0,"F"
1,0,0,1,"FX","cainl001","","","S6/F8S.1-2","T",0,1,2,0,0,"F"
1,0,0,1,"SX","narvo001","cainl001","","65(2)4(1)/GDP/G6.B-1","T",2,1,0,0,0,"F"
1,2,3,2,"C1B*BBC>X","hiurk001","","","7/F7D","T",1,0,1,0,0,"F"
0,0,3,1,"BFBBX","","","","9/F9D","T",1,0,0,0,0,"F"
0,1,1,2,"BCSC","","","","K","T",1,0,0,0,0,"F"
0,2,2,2,"FBSBX","","","","D7/G5","T",0,2,0,0,0,"F"
0,2,0,0,"X","","candj002","","53/G5D","T",1,0,0,2,0,"F"
1,0,2,2,".BCBCC","","","","K","T",1,0,0,0,0,"F"
1,1,3,1,"BBBCX","","","","8/F8XD","T",1,0,0,0,0,"F"
1,2,2,2,"BFBFX","","","","53/G56","T",1,0,0,0,0,"F"
0,0,1,1,"BFX","","","","53/G5+","T",1,0,0,0,0,"F"
0,1,1,2,"CSB*S","","","","K","T",1,0,0,0,0,"F"
0,2,1,1,"CBX","","","","6/F56D","T",1,0,0,0,0,"F"
1,0,3,2,"CBCBBB","","","","W","T",0,1,0,0,0,"F"
1,0,0,0,"X","yelic001","","","9/F89S","T",1,0,1,0,0,"F"
1,1,0,0,">C","yelic001","","","CS2(24)","F",1,0,0,0,0,"F"
1,2,0,1,">C.X","","","","9/F9D","T",1,0,0,0,0,"F"
0,0,3,2,"LBSBB*B","","","","W","T",0,1,0,0,0,"F"
0,0,0,2,"MMM","rogej004","","","K","T",1,0,1,0,0,"F"
0,1,3,1,"1B*BFBX","rogej004","","","3/L3/DP.1X1(3)","T",2,0,0,0,0,"F"
1,0,0,1,"CX","","","","3/G3","T",1,0,0,0,0,"F"
1,1,2,1,"CBBX","","","","7/L78D+","T",1,0,0,0,0,"F"
1,2,2,2,"CFFBBFFS","","","","K","T",1,0,0,0,0,"F"
0,0,3,2,"BFBFBFX","","","","S9/L89","T",0,1,0,0,0,"F"
0,0,0,0,"X","casth001","","","S7/G56+.1-2","T",0,1,2,0,0,"F"
0,0,0,1,"CX","candj002","casth001","","54(1)3/GDP/G56.2-3","T",2,0,0,3,0,"F"
0,2,3,2,"BBSBCFFFFX","","","casth001","S8/L78S+.3-H","T",0,1,0,0,4,"F"
0,2,0,2,"*SSS","schoj001","","","K","T",1,0,1,0,0,"F"
1,0,3,1,"..TBBBB","","","","W","T",0,1,0,0,0,"F"
1,0,0,2,"CCX","robed004","","","56(1)/FO/G6.B-1","T",1,1,0,0,0,"F"
1,1,3,2,"BBSBSFX","wongk001","","","HR/F9D.1-H","T",0,4,4,0,0,"F"
1,1,1,2,"CBCS","","","","K","T",1,0,0,0,0,"F"
1,2,1,2,"BCSS","","","","K","T",1,0,0,0,0,"F"
0,0,1,1,".CBX","","","","HR/F9D","T",0,4,0,0,0,"F"
0,0,2,0,"BBX","","","","S68/G6M+","T",0,1,0,0,0,"F"
0,0,2,2,".BBCFT","rogej004","","","K","T",1,0,1,0,0,"F"
0,1,0,1,"CX","rogej004","","","8/F89S","T",1,0,1,0,0,"F"
0,2,0,0,".....X","rogej004","","","7/F7D","T",1,0,1,0,0,"F"
1,0,2,2,".CFBFBX","","","","S6/G4M+","T",0,1,0,0,0,"F"
1,0,0,0,"X","shawt001","","","5/P5F/FL","T",1,0,1,0,0,"F"
1,1,3,2,"BB*SBCFS","shawt001","","","K","T",1,0,1,0,0,"F"
1,2,3,2,"CS*B*BFB>C","shawt001","","","K","T",1,0,1,0,0,"F"
0,0,3,2,"FBFBBFX","","","","43/G4D","T",1,0,0,0,0,"F"
0,1,3,2,"BCBSFFBFC","","","","K","T",1,0,0,0,0,"F"
0,2,1,1,"BFX","","","","43/G4MD","T",1,0,0,0,0,"F"
1,0,1,2,"CFFBS","","","","K","T",1,0,0,0,0,"F"
1,1,1,0,"BX","","","","3/G3","T",1,0,0,0,0,"F"
1,2,1,2,"CBF.C","","","","K","T",1,0,0,0,0,"F"
0,0,0,0,".X","","","","13/BG13","T",1,0,0,0,0,"F"
0,1,3,2,"BBCBCS","","","","K","T",1,0,0,0,0,"F"
0,2,3,2,"BBCSBFX","","","","4/P34","T",1,0,0,0,0,"F"
1,0,3,2,".CBBBFS","","","","K","T",1,0,0,0,0,"F"
1,1,1,1,".FBX","","","","53/G56","T",1,0,0,0,0,"F"
1,2,0,1,"CX","","","","S8/L8.B-2(E8)","T",0,2,0,0,0,"F"
1,2,1,1,"BCX","","shawt001","","53/G56","T",1,0,0,2,0,"F"
0,0,0,0,"...X","","rogej004","","13/SH/BG1S.2-3","T",1,0,0,3,0,"F"
0,1,1,2,"SFBC","","","rogej004","K","T",1,0,0,0,3,"F"
0,2,1,2,"CSBC","","","rogej004","K","T",1,0,0,0,3,"F"
1,0,0,0,"..X","","narvo001","","54/SH/BG25.2-3","T",1,0,0,3,0,"F"
1,1,1,2,"BCSFFX","","","narvo001","S9/F89XD.3-H(UR)","T",0,1,0,0,5,"F"
0,0,2,2,"BFBCS","","","","K","T",1,0,0,0,0,"T"
0,1,1,2,"CBCS","","","","K","T",1,0,0,0,0,"F"
0,2,2,2,"CBBFFX","","","","E6/TH/G56.B-1","T",0,1,0,0,0,"F"
0,2,2,2,"FBBFX","cabrm001","","","D7/G5+.1-3","T",0,2,3,0,0,"F"
0,2,2,2,"B*BCSS","","schoj001","cabrm001","K","T",1,0,0,2,3,"F"
1,0,1,1,"CBX","","","","HR/F9D","T",0,4,0,0,0,"F"
1,0,2,1,"BBCX","","","","7/F7D","T",1,0,0,0,0,"F"
1,1,3,2,"FBFBFBFFFS","","","","K","T",1,0,0,0,0,"F"
1,2,2,1,"BSBX","","","","6/L6+","T",1,0,0,0,0,"F"
0,0,0,2,"CFFX","","","","HR/F7LD","T",0,4,0,0,0,"F"
0,0,0,2,"CSS","","","","K","T",1,0,0,0,0,"F"
0,1,0,1,"CX","","","","S8/G6M+","T",0,1,0,0,0,"F"
0,1,1,1,"BCX","castw003","","","7/L7S","T",1,0,1,0,0,"F"
0,2,3,2,"C1BFBB>F>B","castw003","","","W.1-2","T",0,1,2,0,0,"F"
0,2,3,1,"BBCBB","grosr001","castw003","","W.2-3;1-2","T",0,1,2,3,0,"F"
0,2,1,1,"*BCX","candj002","grosr001","castw003","D9/L89XD+.3-H;2-H;1-H","T",0,2,4,4,4,"F"
0,2,1,1,"BCX","","cabrm001","","HR/F7D.2-H","T",0,4,0,4,0,"F"
0,2,1,2,"SBCC","","","","K","T",1,0,0,0,0,"F"
1,0,1,2,"CFBX","","","","43/G6MD","T",1,0,0,0,0,"F"
1,1,3,2,"FFBBFBX","","","","HR/F9D","T",0,4,0,0,0,"F"
1,1,1,2,"FBFS","","","","K","T",1,0,0,0,0,"F"
1,2,0,0,"X","","","","4/P3D","T",1,0,0,0,0,"F"
0,0,2,0,"BBX","","","","HR/F8XD","T",0,4,0,0,0,"F"
0,0,2,1,"FBBX","","","","S7/L78","T",0,1,0,0,0,"F"
0,0,0,0,".X","reyev001","","","9/F9L","T",1,0,1,0,0,"F"
0,1,0,0,"X","reyev001","","","3/SH/BG23-.1-2","T",1,0,2,0,0,"F"
0,2,0,0,"*B","","reyev001","","WP.2-3","F",0,0,0,3,0,"F"
0,2,3,2,"*B.BBCSFFX","","","reyev001","7/F7D","T",1,0,0,0,3,"F"
1,0,3,2,".CSBBBFB","","","","W","T",0,1,0,0,0,"F"
1,0,0,0,"X","robed004","","","HR/F89XD.1-H","T",0,4,4,0,0,"F"
1,0,3,2,"CFBBBB","","","","W","T",0,1,0,0,0,"F"
1,0,1,0,"BX","adamw002","","","3/G3S.1-2","T",1,0,2,0,0,"F"
1,1,3,2,"BBFBFS","","adamw002","","K","T",1,0,0,2,0,"F"
1,2,1,1,"CBX","","adamw002","","3/P3","T",1,0,0,2,0,"F"
0,0,2,1,".FBBX","","","","43/G4D+","T",1,0,0,0,0,"F"
0,1,2,1,"BSBX","","","","S1/G25-","T",0,1,0,0,0,"F"
0,1,2,1,"BC*BX","cabrm001","","","54(1)/FO/G56S.B-1","T",1,1,0,0,0,"F"
0,2,3,2,"FBCBFFFFB>X","schoj001","","","S8/L8S.1-3","T",0,1,3,0,0,"F"
0,2,0,0,">C","goodn002","","schoj001","SB2","F",0,0,2,0,3,"F"
0,2,3,2,">C.*BSBF*BFB","","goodn002","schoj001","W","T",0,1,0,2,3,"F"
0,2,0,2,"CFX","haase001","goodn002","schoj001","43/G4","T",1,0,1,2,3,"F"
1,0,1,2,"FBCX","","","","1/L6MS","T",1,0,0,0,0,"F"
1,1,1,0,"BX","","","","43/G4","T",1,0,0,0,0,"F"
1,2,3,2,"BBSBCB","","","","W","T",0,1,0,0,0,"F"
1,2,0,2,"CSFS","urial001","","","K","T",1,0,1,0,0,"F"
0,0,1,2,"CSBT","","","","K","T",1,0,0,0,0,"F"
0,1,3,2,"BBBCCFFB","","","","W","T",0,1,0,0,0,"F"
0,1,0,2,"FFS","boydm001","","","K","T",1,0,1,0,0,"F"
0,2,2,2,"BBCFC","boydm001","","","K","T",1,0,1,0,0,"F"
1,0,3,1,"BBBFX","","","","4/P4D","T",1,0,0,0,0,"F"
1,1,0,1,"CX","","","","9/F9","T",1,0,0,0,0,"F"
1,2,3,1,"BBBCX","","","","S4/L3D","T",0,1,0,0,0,"F"
1,2,2,2,"*B1FS*B1X","yelic001","","","D8/L8D.1-H","T",0,2,4,0,0,"F"
1,2,0,2,"..FCH","","garca003","","HP","T",0,1,0,2,0,"F"
1,2,1,2,"BFCS","narvo001","garca003","","K","T",1,0,1,2,0,"F"
0,0,1,2,".CFBX","","","","43/G4+","T",1,0,0,0,0,"F"
0,1,2,0,"BBX","","","","HR/F7LD","T",0,4,0,0,0,"F"
0,1,3,2,"BBTBSX","","","","43/G4","T",1,0,0,0,0,"F"
0,2,1,2,"BCFF*S","","","","K","T",1,0,0,0,0,"F"
1,0,2,2,"......BCCBS","","","","K","T",1,0,0,0,0,"F"
1,1,0,1,"SX","","","","8/F78D+","T",1,0,0,0,0,"F"
1,2,0,2,"SSS","","","","K","T",1,0,0,0,0,"F"
0,0,1,2,".SBFS","","","","K","T",1,0,0,0,0,"F"
0,1,1,1,"SBX","","","","S9/G34","T",0,1,0,0,0,"F"
0,1,0,0,"B","castw003","","","SB2","F",0,0,2,0,0,"F"
0,1,1,0,"B.X","","castw003","","31/G23.2-3","T",1,0,0,3,0,"F"
0,2,3,1,"BCBBX","","","castw003","7/F78","T",1,0,0,0,3,"F"
1,0,1,1,"BCX","","","","13/G1S","T",1,0,0,0,0,"F"
1,1,1,2,"CBFS","","","","K","T",1,0,0,0,0,"F"
1,2,2,2,"BCBFS","","","","K","T",1,0,0,0,0,"F"
0,0,0,0,"X","","","","53/G56","T",1,0,0,0,0,"F"
0,1,3,2,"CSBBBX","","","","S8/G6M+","T",0,1,0,0,0,"F"
0,1,0,0,">C","shorz001","","","SB2","F",0,0,2,0,0,"F"
0,1,2,2,">C.F*BBS","","shorz001","","K","T",1,0,0,2,0,"F"
0,2,0,0,".X","","shorz001","","13/G4MS","T",1,0,0,2,0,"F"
1,0,2,2,".BFBFC","","","","K","T",1,0,0,0,0,"F"
1,1,1,2,"SBFT","","","","K","T",1,0,0,0,0,"F"
1,2,1,1,"BSX","","","","HR/F7D","T",0,4,0,0,0,"F"
1,2,0,2,"FFS","","","","K","T",1,0,0,0,0,"F"
0,0,3,2,".BCBFFBB","","","","W","T",0,1,0,0,0,"F"
0,0,3,1,".1BF1BBB","haase001","","","W.1-2","T",0,1,2,0,0,"F"
0,0,0,1,"CB","badda001","haase001","","WP.2-3;1-2","F",0,0,2,3,0,"F"
0,0,2,1,"CB.BX","","badda001","haase001","7/SF/F78.3-H","T",1,0,0,2,4,"F"
0,1,1,1,"BCX","","badda001","","D7/L7LD+.2-H","T",0,2,0,4,0,"F"
0,1,3,1,"BBCBB","","mazan001","","W","T",0,1,0,2,0,"F"
0,1,2,2,"CCBBX","grosr001","mazan001","","46(1)3/GDP/G4+","T",2,0,0,2,0,"F"
1,0,2,2,"..CBFFBX","","","","HR/F78XD","T",0,4,0,0,0,"F"
1,0,3,0,".BBBB","","","","W","T",0,1,0,0,0,"F"
1,0,1,2,"CBCFX","shawt001","","","65(1)/FO/G4M.B-1","T",1,1,0,0,0,"F"
1,1,3,2,"*BSSB*BS","wongk001","","","K","T",1,0,1,0,0,"F"
1,2,2,2,"CBF*BFC","wongk001","","","K","T",1,0,1,0,0,"F"
0,0,2,1,"SBBX","","","","43/G34D","T",1,0,0,0,0,"T"
0,1,1,1,"CBX","","","","63/G6","T",1,0,0,0,0,"F"
0,2,3,2,"FBFBFBX","","","","S7/G56S+","T",0,1,0,0,0,"F"
0,2,2,2,"CBFBX","escoe001","","","8/F8XD+","T",1,0,1,0,0,"F"
1,0,0,1,"CX","","","","3/G3","T",1,0,0,0,0,"F"
1,1,0,2,"CST","","","","K","T",1,0,0,0,0,"F"
1,2,1,2,"FCFBX","","","","7/F7D","T",1,0,0,0,0,"F"
0,0,2,1,"FBBX","","","","7/L7D+","T",1,0,0,0,0,"F"
0,1,3,1,"CBBBX","","","","7/F7","T",1,0,0,0,0,"F"
0,2,1,1,"CBX","","","","S8/G6M","T",0,1,0,0,0,"F"
0,2,3,0,"*BB1BB","ahmen001","","","W.1-2","T",0,1,2,0,0,"F"
0,2,1,2,"CS*BS","vargi001","ahmen001","","K","T",1,0,1,2,0,"F"
1,0,1,2,"FFBX","","","","53/G56","T",1,0,0,0,0,"F"
1,1,3,1,"BBBCB","","","","W","T",0,1,0,0,0,"F"
1,1,2,0,"BBX","narvo001","","","6/P4","T",1,0,1,0,0,"F"
1,2,2,2,"BFFFBX","narvo001","","","54(1)/FO/G5.B-1","T",1,1,0,0,0,"F"
0,0,1,1,"BSX","","","","3/G3","T",1,0,0,0,0,"F"
0,1,1,0,"BX","","","","S7/G56","T",0,1,0,0,0,"F"
0,1,2,0,"BBX","martk001","","","S6/G56+.1-2","T",0,1,2,0,0,"F"
0,1,2,0,"BBX","escoe001","martk001","","3/P3F/FL","T",1,0,1,2,0,"F"
0,2,0,0,"X","escoe001","martk001","","9/L9","T",1,0,1,2,0,"F"
1,0,0,0,"X","","","","HR/F7D","T",0,4,0,0,0,"F"
1,0,3,2,"CCBBBB","","","","W","T",0,1,0,0,0,"F"
1,0,2,2,"CBCBS","andeb004","","","K","T",1,0,1,0,0,"F"
1,1,3,2,"CBFB*BX","andeb004","","","S7/L7LS.1-2","T",0,1,2,0,0,"F"
1,1,0,0,"X","voged001","andeb004","","HR/L9LD.2-H;1-H","T",0,4,4,4,0,"F"
1,1,0,0,"X","","","","8/L89","T",1,0,0,0,0,"F"
1,2,3,2,"BSBBFT","","","","K","T",1,0,0,0,0,"F"
0,0,1,0,".BX","","","","9/L9D","T",1,0,0,0,0,"F"
0,1,2,1,"BFBX","","","","D8/L78+","T",0,2,0,0,0,"F"
0,1,2,1,"*BCBX","","ahmen001","","53/G56+","T",1,0,0,2,0,"F"
0,2,0,2,"CSH","","ahmen001","","HP","T",0,1,0,2,0,"F"
0,2,0,1,"CX","duplj001","ahmen001","","63/G6","T",1,0,1,2,0,"F"
1,0,2,1,".CBBX","","","","3/P34","T",1,0,0,0,0,"F"
1,1,2,2,"FBCFBX","","","","63/G6S","T",1,0,0,0,0,"F"
1,2,3,1,"BBBCB","","","","W","T",0,1,0,0,0,"F"
1,2,0,0,"X","bradj001","","","6/P56D","T",1,0,1,0,0,"F"
0,0,3,1,"BBBCX","","","","D7/L78+","T",0,2,0,0,0,"F"
0,0,0,1,"CX","","martk001","","8/F8D","T",1,0,0,2,0,"F"
0,1,2,1,"FBBX","","martk001","","HR/F89XD.2-H","T",0,4,0,4,0,"F"
0,1,2,1,"BCBX","","","","D8/L78D+","T",0,2,0,0,0,"F"
0,1,0,2,"..CSS","","walkc002","","K","T",1,0,0,2,0,"F"
0,2,0,0,"X","","walkc002","","D9/F9S.2-H","T",0,2,0,4,0,"F"
0,2,2,1,"BBCX","","ahmen001","","63/G6","T",1,0,0,2,0,"F"
1,0,2,2,"BCBCX","","","","HR/F7LD","T",0,4,0,0,0,"F"
1,0,0,2,".CCS","","","","K","T",1,0,0,0,0,"F"
1,1,3,0,"BBBB","","","","W","T",0,1,0,0,0,"F"
1,1,3,2,"CB1BBSB","yelic001","","","W.1-2","T",0,1,2,0,0,"F"
1,1,2,0,"BBX","garca003","yelic001","","3/G3.2-H(NR)(UR);1-3(E3/TH)","T",1,0,3,5,0,"F"
1,2,1,2,"CFFBFX","","","garca003","13/G6MS","T",1,0,0,0,3,"F"
0,0,1,2,".BCFX","","","","3/G3S","T",1,0,0,0,0,"F"
0,1,1,2,"CCBS","","","","K","T",1,0,0,0,0,"F"
0,2,1,0,"BX","","","","S6/G6+","T",0,1,0,0,0,"F"
0,2,3,1,"SBB1BB","martk001","","","W.1-2","T",0,1,2,0,0,"F"
0,2,1,2,"CBFFS","escoe001","martk001","","K","T",1,0,1,2,0,"F"
1,0,1,0,".BX","","","","43/G4M+","T",1,0,0,0,0,"F"
1,1,0,2,"CCX","","","","6/F8S","T",1,0,0,0,0,"F"
1,2,2,2,".CSFBBX","","","","9/F9L","T",1,0,0,0,0,"F"
0,0,1,2,".BFCS","","","","K","T",1,0,0,0,0,"F"
0,1,1,2,"CFBX","","","","6/F56D","T",1,0,0,0,0,"F"
0,2,1,0,"BX","","","","S5/BG25-","T",0,1,0,0,0,"F"
0,2,1,2,".CBC>X","ahmen001","","","6/P6","T",1,0,1,0,0,"F"
1,0,0,2,"..CFX","","","","6/P6M","T",1,0,0,0,0,"F"
1,1,1,2,"SBCX","","","","7/F7","T",1,0,0,0,0,"F"
1,2,2,2,"BCCBC","","","","K","T",1,0,0,0,0,"F"
0,0,3,2,"....BCFBBB","","","","W","T",0,1,0,0,0,"F"
0,0,1,2,"BCCFS","perad001","","","K","T",1,0,1,0,0,"F"
0,1,1,2,"SBFB","perad001","","","WP.1-2","F",0,0,2,0,0,"F"
0,1,2,2,"SBFB.X","","perad001","","S8/G4S.2-H","T",0,1,0,4,0,"F"
0,1,3,2,"BBBCSFB","martk001","","","W.1-2","T",0,1,2,0,0,"F"
0,1,1,2,"FFFBS","escoe001","martk001","","K","T",1,0,1,2,0,"F"
0,2,3,2,"BSBTB>S","escoe001","martk001","","K","T",1,0,1,2,0,"F"
1,0,2,1,".CBBX","","","","HR/F89XD","T",0,4,0,0,0,"F"
1,0,0,0,"X","","","","6/P5DF/FL","T",1,0,0,0,0,"F"
1,1,2,0,"BBX","","","","3/P3F+/FL","T",1,0,0,0,0,"F"
1,2,1,0,"BX","","","","S7/L78+","T",0,1,0,0,0,"F"
1,2,1,0,"BX","adamw002","","","S9/L9S.1-3","T",0,1,3,0,0,"F"
1,2,2,2,".BBS1S1X","bradj001","","adamw002","53/G56S","T",1,0,1,0,3,"F"
0,0,3,2,".BBCBCS","","","","K","T",1,0,0,0,0,"F"
0,1,1,2,"SSBS","","","","K","T",1,0,0,0,0,"F"
0,2,2,1,"FBBX","","","","S7/G6+","T",0,1,0,0,0,"F"
0,2,0,0,".>C","smitp002","","","DI.1-2","F",0,0,2,0,0,"F"
0,2,1,1,".>C.BN","","smitp002","","BK.2-3","F",0,0,0,3,0,"F"
0,2,3,2,".>C.BN.BFFFF*BS","","","smitp002","K","T",1,0,0,0,3,"F"
0,0,3,2,"SFBFBBB","","","","W","T",0,1,0,0,0,"T"
0,0,2,1,"B1BCX","rojaj001","","","8/F8XD","T",1,0,1,0,0,"F"
0,1,1,2,"CFBS","rojaj001","","","K","T",1,0,1,0,0,"F"
0,2,1,2,"C*BFS","rojaj001","","","K","T",1,0,1,0,0,"F"
1,0,0,0,"X","","","","43/G4","T",1,0,0,0,0,"F"
1,1,3,1,"BBBCX","","","","HR/L78XD","T",0,4,0,0,0,"F"
1,1,3,2,"CBCBBX","","","","31/G3","T",1,0,0,0,0,"F"
1,2,0,0,"X","","","","53/G56","T",1,0,0,0,0,"F"
0,0,3,2,"BBFBCFC","","","","K","T",1,0,0,0,0,"F"
0,1,2,2,"CSBBX","","","","8/L8XD+","T",1,0,0,0,0,"F"
0,2,1,1,"BFX","","","","9/L89+","T",1,0,0,0,0,"F"
1,0,3,2,"BBBCCFB","","","","W","T",0,1,0,0,0,"F"
1,0,2,2,"BFBFX","narvo001","","","S1/G25.1-2","T",0,1,2,0,0,"F"
1,0,3,0,"*BBBB","shawt001","narvo001","","W.2-3;1-2","T",0,1,2,3,0,"F"
1,0,1,0,"BX","adamw002","shawt001","narvo001","64(1)/FO/G6.3-H;2-3;B-1","T",1,1,0,3,4,"F"
1,1,1,2,"CBLL","bradj001","","shawt001","K","T",1,0,1,0,3,"F"
1,2,2,1,"BCB1X","bradj001","","shawt001","4(1)/FO/G4M.B-1","T",1,1,0,0,3,"F"
0,0,1,2,"CSBFFX","","","","43/G4","T",1,0,0,0,0,"F"
0,1,1,2,"CSBS","","","","K","T",1,0,0,0,0,"F"
0,2,1,2,"BCFS","","","","K","T",1,0,0,0,0,"F"
1,0,3,2,"CBBBCFB","","","","W","T",0,1,0,0,0,"F"
1,0,0,0,"X","voged001","","","3(B)6(1)/GDP/G3+","T",2,0,0,0,0,"F"
1,2,1,0,"BX","","","","S9/G34","T",0,1,0,0,0,"F"
1,2,0,0,"X","garca003","","","D8/L8+.1-H;B-H(E8)(E4/TH)(NR)(UR)","T",0,5,4,0,0,"F"
1,2,0,2,"SC*S","","","","K","T",1,0,0,0,0,"F"
0,0,1,2,"BCSS","","","","K","T",1,0,0,0,0,"F"
0,1,1,2,"CSBS","","","","K","T",1,0,0,0,0,"F"
0,2,3,2,"BFFBFBX","","","","53/G5","T",1,0,0,0,0,"F"
1,0,2,2,"CBBFX","","","","43/G6MD","T",1,0,0,0,0,"F"
1,1,3,1,"BBSBX","","","","13/G3S-","T",1,0,0,0,0,"F"
1,2,1,1,"BCX","","","","13/G1S","T",1,0,0,0,0,"F"
0,0,0,2,"CSX","","","","7/F7L","T",1,0,0,0,0,"F"
0,1,1,1,"FBX","","","","3/L3+","T",1,0,0,0,0,"F"
0,2,3,2,"BFCBBB","","","","W","T",0,1,0,0,0,"F"
0,2,2,2,"BSS*BS","reddj001","","","K","T",1,0,1,0,0,"F"
1,0,2,2,"CSBBX","","","","31/G34+","T",1,0,0,0,0,"F"
1,1,3,2,"BSBBFX","","","","8/L8XD+","T",1,0,0,0,0,"F"
1,2,1,0,"BX","","","","S9/G34+","T",0,1,0,0,0,"F"
1,2,3,0,"*B*BB>B","yelic001","","","W.1-2","T",0,1,2,0,0,"F"
1,2,3,2,".BC*BBF>X","garca003","yelic001","","43/G4","T",1,0,1,2,0,"F"
0,0,0,2,".CCF*S","","","","K.BX1(23)","T",1,0,0,0,0,"F"
0,1,3,1,"CBBBX","","","","8/F8D","T",1,0,0,0,0,"F"
0,2,0,1,"CX","","","","53/G56","T",1,0,0,0,0,"F"
1,0,2,0,".BBX","","","","7/F7S","T",1,0,0,0,0,"F"
1,1,2,1,"BCBX","","","","13/L1S","T",1,0,0,0,0,"F"
1,2,2,2,"SCBFFBT","","","","K","T",1,0,0,0,0,"F"
0,0,0,1,"SX","","","","2/P2F/FL","T",1,0,0,0,0,"F"
0,1,0,1,"SX","","","","4/L6MD","T",1,0,0,0,0,"F"
0,2,0,1,"CX","","","","53/G4","T",1,0,0,0,0,"F"
1,0,1,2,"CBCC","","","","K","T",1,0,0,0,0,"F"
1,1,0,2,"CCX","","","","53/G56S","T",1,0,0,0,0,"F"
1,2,1,2,"BCCFFS","","","","K","T",1,0,0,0,0,"F"
0,0,2,0,"..BBX","","","","7/L78D","T",1,0,0,0,0,"F"
0,1,3,1,"BBBCB","","","","W","T",0,1,0,0,0,"F"
0,1,1,2,"CSBX","reddj001","","","S7/L78.1-3","T",0,1,3,0,0,"F"
0,1,2,2,"..1BS1BSFF>B","ahmen001","","reddj001","SB2","F",0,0,2,0,3,"F"
0,1,3,2,"..1BS1BSFF>B.X","","ahmen001","reddj001","9/SF/F9LD.3-H;2-3","T",1,0,0,3,4,"F"
0,2,3,2,"BBBCCS","","","ahmen001","K","T",1,0,0,0,3,"F"
1,0,3,1,".SBBBX","","","","7/F78S","T",1,0,0,0,0,"F"
1,1,0,1,"FX","","","","43/G2","T",1,0,0,0,0,"F"
1,2,3,2,"FFBBFFFFFBFX","","","","HR/F8XD","T",0,4,0,0,0,"F"
1,2,1,2,"CBTFS","","","","K","T",1,0,0,0,0,"F"
0,0,0,2,".CFX","","","","4/P4MD","T",1,0,0,0,0,"F"
0,1,1,2,"BCFX","","","","9/F89","T",1,0,0,0,0,"F"
0,2,1,0,"BX","","","","9/F9LS","T",1,0,0,0,0,"F"
0,0,3,2,"BCBSBX","","","","HR/F8XD","T",0,4,0,0,0,"T"
0,0,2,2,"BCBFT","","","","K","T",1,0,0,0,0,"F"
0,1,2,2,"CBSFFBS","","","","K","T",1,0,0,0,0,"F"
0,2,0,2,"CSX","","","","43/G4-","T",1,0,0,0,0,"F"
1,0,1,2,"CBSFS","","","","K","T",1,0,0,0,0,"F"
1,1,0,0,"X","","","","43/G89S+","T",1,0,0,0,0,"F"
1,2,2,2,"BCSBX","","","","6/P6M","T",1,0,0,0,0,"F"
0,0,0,2,"CFX","","","","6/P6MD","T",1,0,0,0,0,"F"
0,1,3,2,"CBBBFX","","","","S8/L8","T",0,1,0,0,0,"F"
0,1,0,2,"CFFS","reddj001","","","K","T",1,0,1,0,0,"F"
0,2,0,2,"CF*S","reddj001","","","K","T",1,0,1,0,0,"F"
1,0,0,2,"FSX","","","","43/G34D","T",1,0,0,0,0,"F"
1,1,1,2,"CFBS","","","","K","T",1,0,0,0,0,"F"
1,2,0,1,"FX","","","","63/G4-","T",1,0,0,0,0,"F"
0,0,3,2,"CBSBBB","","","","W","T",0,1,0,0,0,"F"
0,0,2,2,"BCBCS","kellm002","","","K","T",1,0,1,0,0,"F"
0,1,3,1,"BBCBX","kellm002","","","S8/G4+.1-2","T",0,1,2,0,0,"F"
0,1,1,2,"CFBS","martk001","kellm002","","K","T",1,0,1,2,0,"F"
0,2,2,2,"FBBFC","martk001","kellm002","","K","T",1,0,1,2,0,"F"
1,0,0,1,"FX","","","","63/G6","T",1,0,0,0,0,"F"
1,1,0,2,"CSX","","","","43/G4","T",1,0,0,0,0,"F"
1,2,0,0,"X","","","","S8/G4M","T",0,1,0,0,0,"F"
1,2,0,1,"FX","woodb005","","","43/G4","T",1,0,1,0,0,"F"
0,0,1,0,"BX","","","","S8/L8+","T",0,1,0,0,0,"F"
0,0,3,2,"CBBCFB>FX","smitp002","","","D9/G3+.1-H","T",0,2,4,0,0,"F"
0,0,2,2,"BBFCX","","reddj001","","9/F9LS","T",1,0,0,2,0,"F"
0,1,2,1,"CB*BX","","reddj001","","4/P4D","T",1,0,0,2,0,"F"
0,2,0,2,"SCC","","reddj001","","K","T",1,0,0,2,0,"F"
1,0,0,1,"CX","","","","S7/L78","T",0,1,0,0,0,"F"
1,0,3,2,"S1BBBCB","voged001","","","W.1-2","T",0,1,2,0,0,"F"
1,0,1,2,"BCFX","yelic001","voged001","","S9/G34.2-3;1-2","T",0,1,2,3,0,"F"
1,0,1,2,"FBFS","narvo001","yelic001","voged001","K","T",1,0,1,2,3,"F"
1,1,0,1,"CX","narvo001","yelic001","voged001","6/L56","T",1,0,1,2,3,"F"
1,2,1,2,"CFBB","narvo001","yelic001","voged001","PB.3-H(NR);2-3;1-2","F",0,0,2,3,4,"F"
1,2,3,2,"CFBB.FBX","","narvo001","yelic001","S7/L78.3-H;2-H(UR)","T",0,1,0,5,4,"F"
1,2,0,1,"11FX","taylt002","","","3/G3S","T",1,0,1,0,0,"F"
0,0,2,1,"BCBX","","","","3/G3","T",1,0,0,0,0,"F"
0,1,1,2,"CBSX","","","","63/G6M+","T",1,0,0,0,0,"F"
0,2,1,0,"BX","","","","S9/G34","T",0,1,0,0,0,"F"
0,2,2,2,"BCBSS","escoe001","","","K","T",1,0,1,0,0,"F"
1,0,1,0,".BX","","","","53/G5","T",1,0,0,0,0,"F"
1,1,0,1,"CX","","","","43/G4D","T",1,0,0,0,0,"F"
1,2,1,2,"BCFX","","","","8/F8D","T",1,0,0,0,0,"F"
0,0,1,2,".CFBX","","","","S8/L8S","T",0,1,0,0,0,"F"
0,0,1,2,"BFFFS","smitp002","","","K","T",1,0,1,0,0,"F"
0,1,0,2,"CCX","smitp002","","","9/L9","T",1,0,1,0,0,"F"
0,2,2,1,"BBCX","smitp002","","","4/P3DF/FL","T",1,0,1,0,0,"F"
1,0,1,2,"FCBS","","","","K","T",1,0,0,0,0,"F"
1,1,3,2,"SBBBSFX","","","","S4/G34","T",0,1,0,0,0,"F"
1,1,0,0,"X","narvo001","","","HR/F78XD.1-H","T",0,4,4,0,0,"F"
1,1,3,2,"BBFSBX","","","","3/L3D","T",1,0,0,0,0,"F"
1,2,1,2,"BTFX","","","","53/G56","T",1,0,0,0,0,"F"
0,0,0,2,"..CFC","","","","K","T",1,0,0,0,0,"F"
0,1,2,1,"BFBX","","","","HR/F8XD","T",0,4,0,0,0,"F"
0,1,1,1,"FBX","","","","D7/G5","T",0,2,0,0,0,"F"
0,1,1,0,"BX","","martk001","","HR/F7D.2-H","T",0,4,0,4,0,"F"
0,1,1,1,".BCX","","","","9/F89D","T",1,0,0,0,0,"F"
0,2,3,2,"CSBBBFFB","","","","W","T",0,1,0,0,0,"F"
0,2,2,1,"F1BBX","smitp002","","","43/G3D","T",1,0,1,0,0,"F"
1,0,3,2,"...BFBFFBS","","","","K","T",1,0,0,0,0,"F"
1,1,0,2,".FCS","","","","K","T",1,0,0,0,0,"F"
1,2,3,2,"CBTBBFFFB","","","","W","T",0,1,0,0,0,"F"
1,2,1,0,"B1X","urial001","","","7/F7","T",1,0,1,0,0,"F"
0,0,3,2,"...BCBBSS","","","","K","T",1,0,0,0,0,"F"
0,1,3,2,"CBTBFFBB","","","","W","T",0,1,0,0,0,"F"
0,1,0,2,"..CS1S","locat001","","","K","T",1,0,1,0,0,"F"
0,2,1,1,"*BC>B","locat001","","","CS2(26)","F",1,0,0,0,0,"F"
1,0,1,2,"..FSBX","","","","HR/F78XD","T",0,4,0,0,0,"F"
1,0,1,0,"BX","","","","HR/L9D","T",0,4,0,0,0,"F"
1,0,1,2,"BFSS","","","","K","T",1,0,0,0,0,"F"
1,1,0,2,"FFX","","","","63/G4M","T",1,0,0,0,0,"F"
1,2,1,2,"CBSX","","","","3/P3F/FL","T",1,0,0,0,0,"F"
0,0,2,2,".BBTCS","","","","K","T",1,0,0,0,0,"F"
0,1,3,2,"BCSFBBX","","","","43/G4MD+","T",1,0,0,0,0,"F"
0,2,3,2,"FBFBBX","","","","8/L8D","T",1,0,0,0,0,"F"
0,0,3,2,"BBCCBC","","","","K","T",1,0,0,0,0,"T"
0,1,2,2,"CBBSX","","","","7/F7S","T",1,0,0,0,0,"F"
0,2,1,2,"CCBFFS","","","","K","T",1,0,0,0,0,"F"
1,0,0,2,"FSC","","","","K","T",1,0,0,0,0,"F"
1,1,0,2,"CSFS","","","","K","T",1,0,0,0,0,"F"
1,2,2,1,"CBBX","","","","9/F89XD+","T",1,0,0,0,0,"F"
0,0,2,2,"BFTBX","","","","4/P8S","T",1,0,0,0,0,"F"
0,1,0,1,"CX","","","","5/P56","T",1,0,0,0,0,"F"
0,2,1,2,"BCSFS","","","","K","T",1,0,0,0,0,"F"
1,0,3,2,"BFBFBX","","","","7/L7+","T",1,0,0,0,0,"F"
1,1,0,0,"X","","","","3/P3F/FL","T",1,0,0,0,0,"F"
1,2,2,2,"CFBBS","","","","K","T",1,0,0,0,0,"F"
0,0,2,2,"CSBFBFS","","","","K","T",1,0,0,0,0,"F"
0,1,2,2,"BCBCS","","","","K","T",1,0,0,0,0,"F"
0,2,0,2,"CSC","","","","K","T",1,0,0,0,0,"F"
1,0,1,2,"SFBFC","","","","K","T",1,0,0,0,0,"F"
1,1,1,2,"CCBFC","","","","K","T",1,0,0,0,0,"F"
1,2,2,2,"CBBCFC","","","","K","T",1,0,0,0,0,"F"
0,0,2,2,"FBBSS","","","","K","T",1,0,0,0,0,"F"
0,1,1,2,"CFBX","","","","S9/G34+","T",0,1,0,0,0,"F"
0,1,3,2,"BBBCFC","martk001","","","K","T",1,0,1,0,0,"F"
0,2,2,2,"BBCSX","martk001","","","S9/G4+.1-2","T",0,1,2,0,0,"F"
0,2,1,2,"CFBS","walkc002","martk001","","K","T",1,0,1,2,0,"F"
1,0,3,2,"BBBCTX","","","","S8/G6M+","T",0,1,0,0,0,"F"
1,0,0,0,"X","urial001","","","7/L7D+","T",1,0,1,0,0,"F"
1,1,3,0,"BBBB","urial001","","","W.1-2","T",0,1,2,0,0,"F"
1,1,1,0,"BX","yelic001","urial001","","9/F9L.2-3","T",1,0,1,3,0,"F"
1,2,1,2,"CC111FBFH","yelic001","","urial001","HP.1-2","T",0,1,2,0,3,"F"
1,2,1,2,"BCFX","pinam001","yelic001","urial001","9/F9S","T",1,0,1,2,3,"F"
0,0,1,2,"CCBFX","","","","13/G4MS","T",1,0,0,0,0,"F"
0,1,0,2,"SFFS","","","","K","T",1,0,0,0,0,"F"
0,2,0,2,"STC","","","","K","T",1,0,0,0,0,"F"
1,0,0,2,"SSS","","","","K","T",1,0,0,0,0,"F"
1,1,1,1,"CBX","","","","HR/F7D","T",0,4,0,0,0,"F"
1,1,3,1,"BBCBB","","","","W","T",0,1,0,0,0,"F"
1,1,0,2,"CTX","burnc002","","","D8/F8XD+.1-3","T",0,2,3,0,0,"F"
1,1,0,2,"CCFFS","","urial001","burnc002","K","T",1,0,0,2,3,"F"
1,2,0,2,"CCX","","urial001","burnc002","63/G4M","T",1,0,0,2,3,"F"
0,0,0,1,".CX","","","","9/F9L","T",1,0,0,0,0,"F"
0,1,1,2,"BSFS","","","","K","T",1,0,0,0,0,"F"
0,2,3,2,"BBBCCX","","","","S7/L56D","T",0,1,0,0,0,"F"
0,2,1,2,"BSC>FX","martk001","","","53/G5S","T",1,0,1,0,0,"F"
1,0,1,0,".BX","","","","6/L56D+","T",1,0,0,0,0,"F"
1,1,2,1,"BCBX","","","","8/L8D","T",1,0,0,0,0,"F"
1,2,1,1,"FBX","","","","HR/L7D","T",0,4,0,0,0,"F"
1,2,3,1,"BBBFX","","","","D8/L8XD+","T",0,2,0,0,0,"F"
1,2,3,0,"VVVV","","hiurk001","","IW","T",0,1,0,2,0,"F"
1,2,0,0,"X","robed004","hiurk001","","13/G4MS","T",1,0,1,2,0,"F"
0,0,0,1,"SX","","","","9/F9LD","T",1,0,0,0,0,"F"
0,1,0,1,"CX","","","","63/G6M","T",1,0,0,0,0,"F"
0,2,0,1,"CX","","","","S8/L8S","T",0,1,0,0,0,"F"
0,2,0,2,"CSS","perad001","","","K","T",1,0,1,0,0,"F"
1,0,1,0,".BX","","","","63/G6+","T",1,0,0,0,0,"F"
1,1,0,1,"FX","","","","S8/L8S","T",0,1,0,0,0,"F"
1,1,1,2,"CBFS","adamw002","","","K","T",1,0,1,0,0,"F"
1,2,1,2,"1B1S1>F1S","adamw002","","","K","T",1,0,1,0,0,"F"
0,0,1,2,"....FSBX","","","","D8/L78D","T",0,2,0,0,0,"F"
0,0,1,2,".F*BFX","","vogts001","","53/G6S","T",1,0,0,2,0,"F"
0,1,2,2,"BTBCS","","vogts001","","K","T",1,0,0,2,0,"F"
0,2,0,2,"CFS","","vogts001","","K","T",1,0,0,2,0,"F"
1,0,0,1,".....FX","","","","7/L7","T",1,0,0,0,0,"F"
1,1,2,2,"CBBCFX","","","","4/P9LS","T",1,0,0,0,0,"F"
1,2,2,2,"BFBSS","","","","K","T",1,0,0,0,0,"F"
0,0,1,0,"..BX","","","","S16/G6","T",0,1,0,0,0,"F"
0,0,1,2,"BSFS","kellc002","","","K","T",1,0,1,0,0,"F"
0,1,3,2,"BFBBCX","kellc002","","","23/G2-.1-2","T",1,0,2,0,0,"F"
0,2,0,0,"X","","kellc002","","31/G3","T",1,0,0,2,0,"F"
0,0,0,0,"X","","","","6/P5D","T",1,0,0,0,0,"T"
0,1,0,2,"CCX","","","","31/G34","T",1,0,0,0,0,"F"
0,2,2,1,"CBBX","","","","43/G4+","T",1,0,0,0,0,"F"
1,0,1,0,"BX","","","","8/F89D","T",1,0,0,0,0,"F"
1,1,0,2,"CSFS","","","","K","T",1,0,0,0,0,"F"
1,2,3,1,"BBFBB","","","","W","T",0,1,0,0,0,"F"
1,2,1,0,"BX","yelic001","","","8/L8","T",1,0,1,0,0,"F"
0,0,2,2,"CCBBX","","","","43/G4-","T",1,0,0,0,0,"F"
0,1,1,0,"BX","","","","HR/F9LD","T",0,4,0,0,0,"F"
0,1,0,0,"X","","","","43/G4","T",1,0,0,0,0,"F"
0,2,0,2,"CCFFX","","","","S7/L78S","T",0,1,0,0,0,"F"
0,2,0,0,"1X","newmk001","","","43/G34-","T",1,0,1,0,0,"F"
1,0,1,1,"BCX","","","","D7/F8S","T",0,2,0,0,0,"F"
1,0,3,2,"BSF*BBX","","narvo001","","53/G56","T",1,0,0,2,0,"F"
1,1,3,1,"C*BBBB","","narvo001","","W","T",0,1,0,2,0,"F"
1,1,0,1,"CX","petej002","narvo001","","S9/L9S.2-H;1-3","T",0,1,3,4,0,"F"
1,1,2,1,"CBBX","bradj001","","petej002","14/SH/BG2-.3-H;1-2","T",1,0,2,0,4,"F"
1,2,1,1,"BCX","","bradj001","","7/F78D","T",1,0,0,2,0,"F"
0,0,1,2,"CBSC","","","","K","T",1,0,0,0,0,"F"
0,1,1,1,"CBX","","","","5/L56","T",1,0,0,0,0,"F"
0,2,0,1,"CX","","","","63/G6MD+","T",1,0,0,0,0,"F"
1,0,2,2,"CFFBBFX","","","","7/F7S","T",1,0,0,0,0,"F"
1,1,2,2,"CBCBS","","","","K","T",1,0,0,0,0,"F"
1,2,3,2,"BBCFFBFB","","","","W","T",0,1,0,0,0,"F"
1,2,0,1,"C1X","garca003","","","S9/L9L.1-3;BX2(956)","T",1,0,3,0,0,"F"
0,0,0,0,"X","","","","6/L78S","T",1,0,0,0,0,"F"
0,1,1,0,"BX","","","","9/F9D","T",1,0,0,0,0,"F"
0,2,2,2,"BCBSC","","","","K","T",1,0,0,0,0,"F"
1,0,0,1,"SX","","","","63/G6","T",1,0,0,0,0,"F"
1,1,1,0,"BX","","","","8/F89","T",1,0,0,0,0,"F"
1,2,3,2,"CBFBFBFB","","","","W","T",0,1,0,0,0,"F"
1,2,0,0,"X","bradj001","","","8/L8","T",1,0,1,0,0,"F"
0,0,2,2,"BBCFX","","","","D8/L89+","T",0,2,0,0,0,"F"
0,0,0,2,"FCX","","perem005","","43/G4M.2-3","T",1,0,0,3,0,"F"
0,1,2,2,"CF*BBFFS","","","perem005","K","T",1,0,0,0,3,"F"
0,2,1,0,"BX","","","perem005","53/G5","T",1,0,0,0,3,"F"
1,0,2,1,"BBCX","","","","13/G1S-","T",1,0,0,0,0,"F"
1,1,3,2,"BFFBFFFBFX","","","","D98/L89XD","T",0,2,0,0,0,"F"
1,1,1,0,"*BX","","voged001","","7/F7LD","T",1,0,0,2,0,"F"
1,2,1,1,"FBX","","voged001","","63/G6","T",1,0,0,2,0,"F"
0,0,2,2,"FBBFX","","","","63/G6D","T",1,0,0,0,0,"F"
0,1,2,2,"CFBBFS","","","","K","T",1,0,0,0,0,"F"
0,2,3,2,"BSBBSX","","","","HR/F9LD","T",0,4,0,0,0,"F"
0,2,2,2,"BFBTX","","","","63/G6","T",1,0,0,0,0,"F"
1,0,2,2,".BCBCS","","","","K","T",1,0,0,0,0,"F"
1,1,0,1,"CX","","","","8/F8D","T",1,0,0,0,0,"F"
1,2,1,0,"BX","","","","4/L4","T",1,0,0,0,0,"F"
0,0,3,2,"CSBBBFX","","","","23/G2-","T",1,0,0,0,0,"F"
0,1,3,2,"BCBFBS","","","","K","T",1,0,0,0,0,"F"
0,2,3,2,"BFSFBBX","","","","53/G56S","T",1,0,0,0,0,"F"
1,0,0,2,"SSC","","","","K","T",1,0,0,0,0,"F"
1,1,3,1,"...BCBBB","","","","W","T",0,1,0,0,0,"F"
1,1,0,0,"X","robed004","","","S6/G6.1-2","T",0,1,2,0,0,"F"
1,1,3,2,"BBBCSFB","urial001","robed004","","W.2-3;1-2","T",0,1,2,3,0,"F"
1,1,3,1,"BCBBX","voged001","urial001","robed004","D8/G4.3-H;2-H;1-3","T",0,2,3,4,4,"F"
1,1,0,2,"SCS","","yelic001","voged001","K","T",1,0,0,2,3,"F"
1,2,3,0,"VVVV","","yelic001","voged001","IW","T",0,1,0,2,3,"F"
1,2,3,0,"BBBB","narvo001","yelic001","voged001","W.3-H;2-3;1-2","T",0,1,2,3,4,"F"
1,2,3,2,".*BBBCC>B","adamw002","narvo001","yelic001","W.3-H;2-3;1-2","T",0,1,2,3,4,"F"
1,2,3,1,"BBBCB","petej002","adamw002","narvo001","W.3-H;2-3;1-2","T",0,1,2,3,4,"F"
1,2,2,2,"*BCBFFS","bradj001","petej002","adamw002","K","T",1,0,1,2,3,"F"
0,0,2,2,".CBBCFX","","","","5/P5F/FL","T",1,0,0,0,0,"F"
0,1,1,0,"BX","","","","E5/TH/G5S.B-2","T",0,2,0,0,0,"F"
0,1,1,2,"CCBFX","","gonze004","","6/L4MD-","T",1,0,0,2,0,"F"
0,2,3,2,"BBBCFX","","gonze004","","HR/F78XD.2-H(UR);B-H(UR)","T",0,5,0,5,0,"F"
0,2,3,2,"CSBFFBBS","","","","K","T",1,0,0,0,0,"F"
1,0,2,2,"CBFBS","","","","K","T",1,0,0,0,0,"F"
1,1,3,1,"BCBBB","","","","W","T",0,1,0,0,0,"F"
1,1,2,2,".1SBBFF1C","reyep001","","","K","T",1,0,1,0,0,"F"
1,2,0,1,"FX","reyep001","","","9/F9LD","T",1,0,1,0,0,"F"
0,0,1,2,"....BCSS","","","","K","T",1,0,0,0,0,"F"
0,1,1,1,".CBX","","","","S1/G56S-","T",0,1,0,0,0,"F"
0,1,2,2,".BCBFFFX","reynb001","","","4/P3D","T",1,0,1,0,0,"F"
0,2,1,2,".SCBS","reynb001","","","K","T",1,0,1,0,0,"F"
0,0,3,2,"CBCBBX","","","","S68/G4M","T",0,1,0,0,0,"T"
0,0,1,1,"C1B1>S","fraza001","","","SB2","F",0,0,2,0,0,"F"
0,0,3,2,"C1B1>S.*BBX","","fraza001","","S9/F9LS.2-3","T",0,1,0,3,0,"F"
0,0,0,0,"X","evanp001","","fraza001","S1/G1S.3-H;1-H(E1/TH)(NR);B-3","T",0,3,4,0,4,"F"
0,0,3,2,"FBBCBB","","","reynb001","W","T",0,1,0,0,3,"F"
0,0,1,1,"BFX","morac001","","reynb001","64(1)3/GDP/G6.3-H(NR)(UR)","T",2,0,0,0,5,"F"
0,2,1,2,"CBC*S","","","","K","T",1,0,0,0,0,"F"
1,0,1,2,"CBCS","","","","K","T",1,0,0,0,0,"F"
1,1,3,2,"BBBCCB","","","","W","T",0,1,0,0,0,"F"
1,1,3,2,"SFBBBB","voged001","","","W.1-2","T",0,1,2,0,0,"F"
1,1,2,1,"BS*BX","yelic001","voged001","","46(1)/FO/G4.2-3;B-1","T",1,1,0,3,0,"F"
1,2,0,0,"X","adamw002","","voged001","43/G34D","T",1,0,1,0,3,"F"
0,0,1,1,"CBX","","","","T9/F9LS","T",0,3,0,0,0,"F"
0,0,2,2,"BSSBX","","","gonze004","T9/G3.3-H","T",0,3,0,0,4,"F"
0,0,2,2,"BSBSS","","","tom-k001","K","T",1,0,0,0,3,"F"
0,1,2,2,"BF*BFFC","","","tom-k001","K","T",1,0,0,0,3,"F"
0,2,2,2,"BCBSS","","","tom-k001","K","T",1,0,0,0,3,"F"
1,0,2,1,"BBCX","","","","63/G6","T",1,0,0,0,0,"F"
1,1,1,2,"BSFFX","","","","53/G6","T",1,0,0,0,0,"F"
1,2,0,1,"CX","","","","E6/L6MD+.B-3(E8/TH)","T",0,3,0,0,0,"F"
1,2,1,2,"CBCX","","","reyep001","S5/G5.3-H(UR)","T",0,1,0,0,5,"F"
1,2,3,1,"BBBCX","burnc002","","","7/F7L","T",1,0,1,0,0,"F"
0,0,3,1,"SBBBB","","","","W","T",0,1,0,0,0,"F"
0,0,3,2,"CB1BFB>C","reynb001","","","K+SB2","T",1,0,2,0,0,"F"
0,1,0,2,"CSX","","reynb001","","43/G6MD.2-3","T",1,0,0,3,0,"F"
0,2,1,0,"BX","","","reynb001","8/L8D","T",1,0,0,0,3,"F"
1,0,2,2,"CBSBX","","","","163/G4MD+","T",1,0,0,0,0,"F"
1,1,3,2,"FBCBBX","","","","S9/L9S+","T",0,1,0,0,0,"F"
1,1,0,1,"1SX","yelic001","","","8/F8XD","T",1,0,1,0,0,"F"
1,2,3,2,"BBFBC>X","yelic001","","","S9/L89S.1-H","T",0,1,4,0,0,"F"
1,2,3,0,"BBBH","narvo001","","","HP.1-2","T",0,1,2,0,0,"F"
1,2,1,2,"BCFX","robed004","narvo001","","9/L9+","T",1,0,1,2,0,"F"
0,0,0,2,"CFS","","","","K","T",1,0,0,0,0,"F"
0,1,0,2,"CSC","","","","K","T",1,0,0,0,0,"F"
0,2,0,2,"CSX","","","","S9/L89S","T",0,1,0,0,0,"F"
0,2,0,0,"X","kuhlc001","","","S6/G6.1-2","T",0,1,2,0,0,"F"
0,2,0,2,"*SC*S","fraza001","kuhlc001","","K","T",1,0,1,2,0,"F"
1,0,1,1,"CBX","","","","S7/L78+","T",0,1,0,0,0,"F"
1,0,2,1,"BBS>C","reyep001","","","SB2","F",0,0,2,0,0,"F"
1,0,3,2,"BBS>C.FBC","","reyep001","","K","T",1,0,0,2,0,"F"
1,1,3,2,"BCBSFBB","","reyep001","","W","T",0,1,0,2,0,"F"
1,1,3,2,"B*BCFBFB","petej002","reyep001","","W.2-3;1-2","T",0,1,2,3,0,"F"
1,1,0,0,"X","voged001","petej002","reyep001","D7/F7D+.3-H;2-H;1-H","T",0,2,4,4,4,"F"
1,1,0,1,".SX","","yelic001","","DGR/L89XD+.2-H","T",0,2,0,4,0,"F"
1,1,2,2,"BCSBFX","","adamw002","","S8/G4+.2-H","T",0,1,0,4,0,"F"
1,1,1,2,"CC*BX","narvo001","","","53/G56-.1-2","T",1,0,2,0,0,"F"
1,2,2,1,"SBBX","","narvo001","","13/G1S","T",1,0,0,2,0,"F"
0,0,2,1,"BCBX","","","","S8/L78S","T",0,1,0,0,0,"F"
0,0,2,1,"BBC1X","reynb001","","","S9/L9.1-2","T",0,1,2,0,0,"F"
0,0,3,1,"BBBCB","morac001","reynb001","","W.2-3;1-2","T",0,1,2,3,0,"F"
0,0,2,2,"..C*BF*BS","stalj001","morac001","reynb001","K","T",1,0,1,2,3,"F"
0,1,1,2,"FBSS","stalj001","morac001","reynb001","K","T",1,0,1,2,3,"F"
0,2,0,2,"CF*S","stalj001","morac001","reynb001","K","T",1,0,1,2,3,"F"
1,0,2,2,".CBSBC","","","","K","T",1,0,0,0,0,"F"
1,1,0,1,"CX","","","","8/F8XD","T",1,0,0,0,0,"F"
1,2,1,2,"BSSX","","","","3/G3","T",1,0,0,0,0,"F"
0,0,2,1,".BBCX","","","","7/F7","T",1,0,0,0,0,"F"
0,1,2,1,"FBBX","","","","D9/L9LS+","T",0,2,0,0,0,"F"
0,1,0,0,"X","","fraza001","","13/G1S","T",1,0,0,2,0,"F"
0,2,3,1,"SBBBB","","fraza001","","W","T",0,1,0,2,0,"F"
0,2,3,2,"BBBCF>C","reynb001","fraza001","","K","T",1,0,1,2,0,"F"
1,0,1,1,".FBX","","","","8/F8XD","T",1,0,0,0,0,"F"
1,1,1,1,"CBX","","","","43/G34","T",1,0,0,0,0,"F"
1,2,2,2,"FFBBS","","","","K","T",1,0,0,0,0,"F"
0,0,2,2,".CSBBX","","","","63/G6","T",1,0,0,0,0,"F"
0,1,0,0,"X","","","","13/G1S-","T",1,0,0,0,0,"F"
0,2,1,2,"BCFX","","","","53/G5","T",1,0,0,0,0,"F"
1,0,0,0,"X","","","","8/F78D","T",1,0,0,0,0,"F"
1,1,3,2,".CBCBBFC","","","","K","T",1,0,0,0,0,"F"
1,2,1,1,"BSX","","","","43/G34","T",1,0,0,0,0,"F"
0,0,1,0,".BX","","","","8/L78D","T",1,0,0,0,0,"F"
0,1,3,2,".CBCBBX","","","","S8/L89D","T",0,1,0,0,0,"F"
0,1,2,2,"CBSFBX","newmk001","","","46(1)/FO/G4.B-1","T",1,1,0,0,0,"F"
0,2,0,0,"B","fraza001","","","WP.1-2","F",0,0,2,0,0,"F"
0,2,2,0,"B.BX","","fraza001","","3/G3","T",1,0,0,2,0,"F"
1,0,0,2,"...CFX","","","","63/G6","T",1,0,0,0,0,"F"
1,1,0,0,"X","","","","S8/G4M+","T",0,1,0,0,0,"F"
1,1,2,2,"BC11SB1>S","lopet001","","","K+CS2(26)/DP","T",2,0,0,0,0,"F"
0,0,2,2,"...BCFBX","","","","3/P4","T",1,0,0,0,0,"F"
0,1,0,0,"X","","","","63/G4MD","T",1,0,0,0,0,"F"
0,2,1,2,"FFBX","","","","8/F8","T",1,0,0,0,0,"F"
0,0,1,2,"CFBFFC","","","","K","T",1,0,0,0,0,"T"
0,1,0,1,"CX","","","","S8/G4M+","T",0,1,0,0,0,"F"
0,1,1,2,"CBF>B","hayek001","","","CS2(26)","F",1,0,0,0,0,"F"
0,2,3,2,"CBF>B.BX","","","","43/G34","T",1,0,0,0,0,"F"
1,0,3,2,"BCFFBBX","","","","S9/G34+","T",0,1,0,0,0,"F"
1,0,3,2,"*BSB1CBX","urial001","","","D8/F8XD.1-H","T",0,2,4,0,0,"F"
1,0,1,0,"BX","","voged001","","13/G1","T",1,0,0,2,0,"F"
1,1,2,2,"BCBCFS","","voged001","","K","T",1,0,0,2,0,"F"
1,2,2,2,"BBCSC","","voged001","","K","T",1,0,0,2,0,"F"
0,0,1,2,"FBSFX","","","","S8/L8+","T",0,1,0,0,0,"F"
0,0,0,2,"CCX","morac001","","","8/L8D","T",1,0,1,0,0,"F"
0,1,1,1,"FBX","morac001","","","S8/L8S.1-2","T",0,1,2,0,0,"F"
0,1,2,1,"*BFBX","polag001","morac001","","S9/G34.2-3;1-2","T",0,1,2,3,0,"F"
0,1,3,2,"CCBFBBX","gameb001","polag001","morac001","54(1)/FO/G56.3-H;2-3;B-1","T",1,1,0,3,4,"F"
0,2,1,2,"CBS>*B","newmk001","","polag001","SB2","F",0,0,2,0,3,"F"
0,2,3,2,"CBS>*B.BX","","newmk001","polag001","13/G1","T",1,0,0,2,3,"F"
1,0,0,1,".FX","","","","63/G6","T",1,0,0,0,0,"F"
1,1,2,2,"BBCFX","","","","6/P6MD","T",1,0,0,0,0,"F"
1,2,1,2,"CSBC","","","","K","T",1,0,0,0,0,"F"
0,0,0,0,"X","","","","S9/L9+","T",0,1,0,0,0,"F"
0,0,0,1,"CX","fraza001","","","8/F8XD","T",1,0,1,0,0,"F"
0,1,3,2,"BBBFF>X","fraza001","","","9/F9D","T",1,0,1,0,0,"F"
0,2,0,0,"X","fraza001","","","6(1)/FO/G6M.B-1","T",1,1,0,0,0,"F"
1,0,2,2,"SCBBS","","","","K","T",1,0,0,0,0,"F"
1,1,2,1,"FBBX","","","","6/P6D","T",1,0,0,0,0,"F"
1,2,2,2,"BBFCS","","","","K","T",1,0,0,0,0,"F"
0,0,1,2,"BCCFX","","","","3/G3-","T",1,0,0,0,0,"F"
0,1,0,2,"CSFX","","","","31/G34","T",1,0,0,0,0,"F"
0,2,2,0,"BBX","","","","D8/L8XD+","T",0,2,0,0,0,"F"
0,2,1,1,"CBX","","gameb001","","8/F8S","T",1,0,0,2,0,"F"
1,0,1,2,"CCBF*S","","","","K","T",1,0,0,0,0,"F"
1,1,0,1,"CX","","","","6/L6D+","T",1,0,0,0,0,"F"
1,2,2,2,"BFCBS","","","","K","T",1,0,0,0,0,"F"
0,0,2,2,"CFBBFC","","","","K","T",1,0,0,0,0,"F"
0,1,1,1,"FBX","","","","63/G6M","T",1,0,0,0,0,"F"
0,2,0,0,"X","","","","9/F9D","T",1,0,0,0,0,"F"
1,0,0,2,"CTS","","","","K","T",1,0,0,0,0,"F"
1,1,0,0,"X","","","","43/G4","T",1,0,0,0,0,"F"
1,2,2,2,"BFBTX","","","","53/G56","T",1,0,0,0,0,"F"
0,0,1,0,"BX","","","","E4/TH/G4D.B-1","T",0,1,0,0,0,"F"
0,0,1,0,"B>X","reynb001","","","4/L4M/DP.1X1(43)","T",2,0,0,0,0,"F"
0,2,0,0,"X","","","","HR/F78XD","T",0,4,0,0,0,"F"
0,2,3,2,"...CBSBFBFB","","","","W","T",0,1,0,0,0,"F"
0,2,0,0,"X","polag001","","","D8/L78.1-3","T",0,2,3,0,0,"F"
0,2,3,0,"VVVV","","gameb001","polag001","IW","T",0,1,0,2,3,"F"
0,2,0,0,"X","newmk001","gameb001","polag001","46(1)/FO/G4M.B-1","T",1,1,0,2,3,"F"
1,0,3,2,".BCFBFBFFFB","","","","W","T",0,1,0,0,0,"F"
1,0,0,0,".X","lopet001","","","T8/L8XD.1-H","T",0,3,4,0,0,"F"
1,0,1,1,"CBX","","","urial001","13/G6MS-","T",1,0,0,0,3,"F"
1,1,0,0,"X","","","urial001","HR/F9LD.3-H","T",0,4,0,0,4,"F"
1,1,3,2,"BBCBFT","","","","K","T",1,0,0,0,0,"F"
1,2,2,2,"BCFBFC","","","","K","T",1,0,0,0,0,"F"
0,0,0,1,".FX","","","","S49/P34D","T",0,1,0,0,0,"F"
0,0,2,2,"CBFB1S","fraza001","","","K","T",1,0,1,0,0,"F"
0,1,0,0,"X","fraza001","","","8/F8D","T",1,0,1,0,0,"F"
0,2,0,1,"CX","fraza001","","","S9/G4.1-2","T",0,1,2,0,0,"F"
0,2,0,2,"CSX","evanp001","fraza001","","8/F8D","T",1,0,1,2,0,"F"
1,0,1,1,".SBX","","","","D7/L5D","T",0,2,0,0,0,"F"
1,0,3,2,"CBS*BFBX","","pinam001","","43/G4D.2-3","T",1,0,0,3,0,"F"
1,1,2,2,".CBC*BX","","","pinam001","9/SF/L89D.3-H","T",1,0,0,0,4,"F"
1,2,1,2,"CCBS","","","","K","T",1,0,0,0,0,"F"
0,0,3,2,".BCBSFBX","","","","7/F78D","T",1,0,0,0,0,"F"
0,1,2,2,"BSFBX","","","","9/F89","T",1,0,0,0,0,"F"
0,2,3,2,"BBCCBC","","","","K","T",1,0,0,0,0,"F"
1,0,0,1,".CX","","","","4/P4D","T",1,0,0,0,0,"F"
1,1,1,2,"CCBS","","","","K","T",1,0,0,0,0,"F"
1,2,3,2,"BBFFBX","","","","63/G6+","T",1,0,0,0,0,"F"
0,0,1,2,"...SCB*S","","","","K.BX1(23)","T",1,0,0,0,0,"F"
0,1,3,2,"BBSSFFBB","","","","W","T",0,1,0,0,0,"F"
0,1,0,2,"FSFS","fraza001","","","K","T",1,0,1,0,0,"F"
0,2,0,1,"S>C","fraza001","","","DI.1-2","F",0,0,2,0,0,"F"
0,2,2,2,"S>C.BBS","","fraza001","","K","T",1,0,0,2,0,"F"
0,0,1,2,"CBCX","","","","S7/G56","T",0,1,0,0,0,"T"
0,0,3,0,"BBBB","indij001","","","W.1-2","T",0,1,2,0,0,"F"
0,0,2,1,"FBBX","winkj002","indij001","","5(2)/FO/G56.1-2;B-1","T",1,1,2,0,0,"F"
0,1,3,2,"C*BBFBB","castn001","winkj002","","W.2-3;1-2","T",0,1,2,3,0,"F"
0,1,3,1,"S*BBBX","stept001","castn001","winkj002","3/G3.3-H;2-3;1-2","T",1,0,2,3,4,"F"
0,2,3,2,"CBFFBFBS","","stept001","castn001","K","T",1,0,0,2,3,"F"
1,0,2,2,"BBCFX","","","","9/L9D","T",1,0,0,0,0,"F"
1,1,2,1,"BBCX","","","","HR/F9D","T",0,4,0,0,0,"F"
1,1,1,2,"CFBFX","","","","S5/G56","T",0,1,0,0,0,"F"
1,1,1,2,"FB1FS","yelic001","","","K","T",1,0,1,0,0,"F"
1,2,1,1,"B1CX","yelic001","","","3/G3","T",1,0,1,0,0,"F"
0,0,3,0,"BBBB","","","","W","T",0,1,0,0,0,"F"
0,0,2,2,"BCBFFX","aquia001","","","S7/L7S+.1-2","T",0,1,2,0,0,"F"
0,0,0,1,"C+2X","farmk001","aquia001","","35(2)/FO/BG23.1-2;B-1","T",1,1,2,0,0,"F"
0,1,0,1,"CX","gutiv001","farmk001","","D8/L78D+.2-H;1-3","T",0,2,3,4,0,"F"
0,1,2,2,"BCFBX","","indij001","gutiv001","S8/L8.3-H;2-3","T",0,1,0,3,4,"F"
0,1,0,0,"X","winkj002","","indij001","46(1)/FO/G4M.3-H;B-1","T",1,1,0,0,4,"F"
0,2,0,0,">C","castn001","","","SB2","F",0,0,2,0,0,"F"
0,2,0,1,">C.X","","castn001","","63/G6","T",1,0,0,2,0,"F"
1,0,2,2,"CFBFBX","","","","8/F8XD","T",1,0,0,0,0,"F"
1,1,1,1,"CBX","","","","S9/L89S","T",0,1,0,0,0,"F"
1,1,1,0,"B11X","petej002","","","DGR/F9L.1-3","T",0,2,3,0,0,"F"
1,1,3,1,"BBFBX","","bradj001","petej002","8/SF/F8D.3-H","T",1,0,0,2,4,"F"
1,2,3,2,"*BFSBBB","","bradj001","","W","T",0,1,0,2,0,"F"
1,2,0,1,"CX","urial001","bradj001","","7/F7S","T",1,0,1,2,0,"F"
0,0,0,2,"CCC","","","","K","T",1,0,0,0,0,"F"
0,1,1,2,"FCBFFS","","","","K","T",1,0,0,0,0,"F"
0,2,2,1,"BFBX","","","","3/P23","T",1,0,0,0,0,"F"
1,0,3,2,"FBFBBX","","","","31/G3D","T",1,0,0,0,0,"F"
1,1,2,2,"SSBBFX","","","","63/G6","T",1,0,0,0,0,"F"
1,2,0,1,"CX","","","","8/F8D","T",1,0,0,0,0,"F"
0,0,0,1,"CX","","","","63/G6","T",1,0,0,0,0,"F"
0,1,0,0,"X","","","","9/F9S","T",1,0,0,0,0,"F"
0,2,1,1,"BCX","","","","43/G4MD+","T",1,0,0,0,0,"F"
1,0,1,2,"STBS","","","","K","T",1,0,0,0,0,"F"
1,1,1,2,"BCCX","","","","7/F7LS","T",1,0,0,0,0,"F"
1,2,3,2,"BBCBFS","","","","K","T",1,0,0,0,0,"F"
0,0,1,1,"CBX","","","","31/G34+","T",1,0,0,0,0,"F"
0,1,2,1,"BFBX","","","","S7/G56","T",0,1,0,0,0,"F"
0,1,1,1,"C1BX","castn001","","","9/F9LS","T",1,0,1,0,0,"F"
0,2,3,2,"1*BBBFF>B","castn001","","","W.1-2","T",0,1,2,0,0,"F"
0,2,1,0,"BX","vottj001","castn001","","5(2)/FO/G5.B-1","T",1,1,1,0,0,"F"
1,0,1,1,".SBX","","","","8/L8XD","T",1,0,0,0,0,"F"
1,1,3,2,"BBBCSS","","","","K","T",1,0,0,0,0,"F"
1,2,2,1,"CBBX","","","","4/P89S","T",1,0,0,0,0,"F"
0,0,2,0,".BBX","","","","63/G6+","T",1,0,0,0,0,"F"
0,1,0,0,"H","","","","HP","T",0,1,0,0,0,"F"
0,1,0,0,"X","farmk001","","","23/SH/BG2-.1-2","T",1,0,2,0,0,"F"
0,2,3,0,"BBBB","","farmk001","","W","T",0,1,0,2,0,"F"
0,2,1,2,"FBFX","indij001","farmk001","","13/G25-","T",1,0,1,2,0,"F"
1,0,3,2,"BCCFBBB","","","","W","T",0,1,0,0,0,"F"
1,0,1,2,"S1F1F*B*S","yelic001","","","K","T",1,0,1,0,0,"F"
1,1,3,2,"FF1BBB1F1X","yelic001","","","7/F7LS","T",1,0,1,0,0,"F"
1,2,0,0,">C","yelic001","","","SB2","F",0,0,2,0,0,"F"
1,2,2,2,">C.*B*BFS","","yelic001","","K","T",1,0,0,2,0,"F"
0,0,0,0,"X","","","","8/F8XD","T",1,0,0,0,0,"F"
0,1,3,1,"BCBBB","","","","W","T",0,1,0,0,0,"F"
0,1,0,1,"FX","stept001","","","HR/F9D.1-H","T",0,4,4,0,0,"F"
0,1,3,2,"BBBCFX","","","","53/G5","T",1,0,0,0,0,"F"
0,2,1,0,"BX","","","","8/F8S","T",1,0,0,0,0,"F"
1,0,0,2,".CCC","","","","K","T",1,0,0,0,0,"F"
1,1,2,2,"FBSBFFT","","","","K","T",1,0,0,0,0,"F"
1,2,3,2,".BBCSFBS","","","","K","T",1,0,0,0,0,"F"
0,0,0,1,".CX","","","","7/L7D","T",1,0,0,0,0,"F"
0,1,0,2,".CFFX","","","","4/L34D","T",1,0,0,0,0,"F"
0,2,2,2,"BCBFX","","","","S8/G6M","T",0,1,0,0,0,"F"
0,2,1,2,"FBF>B","indij001","","","SB2","F",0,0,2,0,0,"F"
0,2,2,2,"FBF>B.FFX","","indij001","","9/F9D","T",1,0,0,2,0,"F"
1,0,3,2,".CBFBB*S","","","","K","T",1,0,0,0,0,"F"
1,1,0,1,"CX","","","","63/G4MD+","T",1,0,0,0,0,"F"
1,2,0,2,"SSC","","","","K","T",1,0,0,0,0,"F"
0,0,0,2,".CFS","","","","K","T",1,0,0,0,0,"F"
0,1,3,2,"CBBBSFX","","","","D57/G5","T",0,2,0,0,0,"F"
0,1,1,0,"BX","","stept001","","S9/L89.2-3;B-2","T",0,2,0,3,0,"F"
0,1,2,2,"FCBBFX","","vottj001","stept001","S8/L4MD.3-H;2-H","T",0,1,0,4,4,"F"
0,1,2,1,"CBBX","suare001","","","HR/F7D.1-H","T",0,4,4,0,0,"F"
0,1,1,2,"CCBFFC","","","","K","T",1,0,0,0,0,"F"
0,2,2,2,".SBFBFFS","","","","K","T",1,0,0,0,0,"F"
1,0,2,2,"..BSBSS","","","","K","T",1,0,0,0,0,"F"
1,1,0,1,"FX","","","","53/G6","T",1,0,0,0,0,"F"
1,2,1,1,".BCX","","","","8/F8D","T",1,0,0,0,0,"F"
0,0,1,2,"CSBS","","","","K","T",1,0,0,0,0,"T"
0,1,1,2,"BFCS","","","","K","T",1,0,0,0,0,"F"
0,2,0,1,"FX","","","","8/F8XD+","T",1,0,0,0,0,"F"
1,0,1,0,"BX","","","","43/G34","T",1,0,0,0,0,"F"
1,1,3,2,"CBCBBT","","","","K","T",1,0,0,0,0,"F"
1,2,3,2,"BBCSBB","","","","W","T",0,1,0,0,0,"F"
1,2,2,2,"FSFBBX","yelic001","","","64(1)/FO/G6D.B-1","T",1,1,0,0,0,"F"
0,0,1,0,"BX","","","","163/G6","T",1,0,0,0,0,"F"
0,1,0,1,"FX","","","","3/G3","T",1,0,0,0,0,"F"
0,2,1,1,"BCX","","","","63/G56","T",1,0,0,0,0,"F"
1,0,1,0,"BX","","","","9/F89S","T",1,0,0,0,0,"F"
1,1,0,1,"CX","","","","43/G4M+","T",1,0,0,0,0,"F"
1,2,1,2,"SBCFX","","","","43/G34","T",1,0,0,0,0,"F"
0,0,2,2,"BCSBS","","","","K","T",1,0,0,0,0,"F"
0,1,0,1,"CX","","","","S9/G34+","T",0,1,0,0,0,"F"
0,1,1,1,"LBX","farmk001","","","23/SH/BG2-.1-2","T",1,0,2,0,0,"F"
0,2,1,2,"BCSS","","farmk001","","K","T",1,0,0,2,0,"F"
1,0,2,2,"BFSBS","","","","K","T",1,0,0,0,0,"F"
1,1,1,2,"BCSC","","","","K","T",1,0,0,0,0,"F"
1,2,2,1,"BBCX","","","","53/G5S","T",1,0,0,0,0,"F"
0,0,1,2,"CCBX","","","","63/G6S+","T",1,0,0,0,0,"F"
0,1,3,1,"SBBBX","","","","53/G5","T",1,0,0,0,0,"F"
0,2,0,0,"X","","","","53/G56","T",1,0,0,0,0,"F"
1,0,2,2,"CBFBFX","","","","6/L4MD","T",1,0,0,0,0,"F"
1,1,0,1,"CX","","","","E5/G6.B-1","T",0,1,0,0,0,"F"
1,1,2,2,"S1FBBX","yelic001","","","64(1)3/GDP/G6","T",2,0,0,0,0,"F"
0,0,2,1,"CBBX","","","","8/L8D+","T",1,0,0,0,0,"F"
0,1,2,2,"CBBCC","","","","K","T",1,0,0,0,0,"F"
0,2,2,2,"CBSFBFS","","","","K","T",1,0,0,0,0,"F"
1,0,0,1,"SX","","","","S9/L89+","T",0,1,0,0,0,"F"
1,0,1,1,"BSX","narvo001","","","64(1)3/GDP/G6D","T",2,0,0,0,0,"F"
1,2,2,1,"CBBX","","","","3/G3","T",1,0,0,0,0,"F"
0,0,1,2,"CFFBC","","","","K","T",1,0,0,0,0,"F"
0,1,0,1,"CX","","","","8/L89D","T",1,0,0,0,0,"F"
0,2,3,1,"BCBB*B","","","","W","T",0,1,0,0,0,"F"
0,2,1,2,"CFBS","indij001","","","K","T",1,0,1,0,0,"F"
1,0,3,2,"SBSFBBB","","","","W","T",0,1,0,0,0,"F"
1,0,1,0,"BX","bradj001","","","54/SH/BG2-.1-2","T",1,0,2,0,0,"F"
1,1,2,2,"BBSSC","","bradj001","","K","T",1,0,0,2,0,"F"
1,2,0,0,">B","","bradj001","","SB3","F",0,0,0,3,0,"F"
1,2,3,2,">B.BBCCC","","","bradj001","K","T",1,0,0,0,3,"F"
0,0,0,0,"X","","","","63/G6D","T",1,0,0,0,0,"F"
0,1,1,1,"BFX","","","","53/G56","T",1,0,0,0,0,"F"
0,2,2,2,"CCBBC","","","","K","T",1,0,0,0,0,"F"
1,0,3,2,"BSCBBC","","","","K","T",1,0,0,0,0,"F"
1,1,1,2,"CBFX","","","","S5/G5S-","T",0,1,0,0,0,"F"
1,1,1,1,"SBX","garca003","","","S7/L5D.1-2","T",0,1,2,0,0,"F"
1,1,0,0,"X","narvo001","garca003","","54(1)/FO/G56.2-3;B-1","T",1,1,0,3,0,"F"
1,2,0,2,"FS>B","adamw002","","garca003","SB2","F",0,0,2,0,3,"F"
1,2,3,2,"FS>B.BBB","","adamw002","garca003","W","T",0,1,0,2,3,"F"
1,2,2,2,"BBCSC","petej002","adamw002","garca003","K","T",1,0,1,2,3,"F"
0,0,3,2,".BBCSBFFFFFC","","","","K","T",1,0,0,0,0,"F"
0,1,1,1,".BFX","","","","S8/L8","T",0,1,0,0,0,"F"
0,1,2,1,"BBCX","winkj002","","","8/F8D","T",1,0,1,0,0,"F"
0,2,2,2,".SBBFF*S","winkj002","","","K","T",1,0,1,0,0,"F"
1,0,1,2,"....CCBS","","","","K","T",1,0,0,0,0,"F"
1,1,2,2,"CBBFFX","","","","4/P3D","T",1,0,0,0,0,"F"
1,2,3,2,"CBBBCC","","","","K","T",1,0,0,0,0,"F"
0,0,3,1,"....BFBBB","","","","W","T",0,1,0,0,0,"F"
0,0,0,2,"T1S1S","indij001","","","K","T",1,0,1,0,0,"F"
0,1,0,2,"CFFS","indij001","","","K","T",1,0,1,0,0,"F"
0,2,0,2,"CCF>B","indij001","","","CS2(24)","F",1,0,0,0,0,"F"
1,0,3,1,"..BBFBB","","","","W","T",0,1,0,0,0,"F"
1,0,1,1,"1B1CX","yelic001","","","7/F78D","T",1,0,1,0,0,"F"
1,1,2,2,"1CFF1BBS","yelic001","","","K","T",1,0,1,0,0,"F"
1,2,2,1,"1CBB1>X","yelic001","","","13/G23-","T",1,0,1,0,0,"F"
0,0,2,1,"..BBFH","","castn001","","HP","T",0,1,0,2,0,"F"
0,0,3,2,"CBBBTB","stept001","castn001","","W.2-3;1-2","T",0,1,2,3,0,"F"
0,0,2,1,"BBCH","vottj001","stept001","castn001","HP.3-H(UR);2-3;1-2","T",0,1,2,3,5,"F"
0,0,2,2,"CCFBBS","suare001","vottj001","stept001","K","T",1,0,1,2,3,"F"
0,1,0,0,"X","suare001","vottj001","stept001","9/SF/F9.3-H","T",1,0,1,2,4,"F"
0,2,1,1,".CB+2","suare001","freem002","","PO2(26)","F",1,0,1,0,0,"F"
1,0,3,2,"...CFFFBFFBBFF*S","","adamw002","","K","T",1,0,0,2,0,"F"
1,1,2,2,"CSBFBC","","adamw002","","K","T",1,0,0,2,0,"F"
1,2,3,2,"BSBCBX","","adamw002","","S9/F9LS.2-H(UR);B-2(E9)","T",0,2,0,5,0,"F"
1,2,3,2,"SB*BSFBB","","robed004","","W","T",0,1,0,2,0,"F"
1,2,1,2,"..BFC*S","urial001","robed004","","K.BX1(23)","T",1,0,1,2,0,"F"
0,0,2,2,"FBFFBC","","","","K","T",1,0,0,0,0,"T"
0,1,0,2,"FFX","","","","8/F8XD","T",1,0,0,0,0,"F"
0,2,0,1,"FX","","","","4/F9S","T",1,0,0,0,0,"F"
1,0,3,2,"CBSBBB","","","","W","T",0,1,0,0,0,"F"
1,0,0,0,"X","urial001","","","S8/L8D+.1-3","T",0,1,3,0,0,"F"
1,0,1,2,"CSBFS","voged001","","urial001","K","T",1,0,1,0,3,"F"
1,1,1,2,"*BSFH","voged001","","urial001","HP.1-2","T",0,1,2,0,3,"F"
1,1,0,1,"*SX","garca003","voged001","urial001","5/L56","T",1,0,1,2,3,"F"
1,2,2,2,"BBCFC","garca003","voged001","urial001","K","T",1,0,1,2,3,"F"
0,0,2,0,"BBX","","","","8/F8D","T",1,0,0,0,0,"F"
0,1,0,1,"CX","","","","43/G34D","T",1,0,0,0,0,"F"
0,2,1,1,"CBX","","","","43/G34","T",1,0,0,0,0,"F"
1,0,1,1,"BFX","","","","4/P3D","T",1,0,0,0,0,"F"
1,1,3,2,"CSBBBB","","","","W","T",0,1,0,0,0,"F"
1,1,0,0,"X","robed004","","","34/SH/BG2-.1-2","T",1,0,2,0,0,"F"
1,2,2,2,"SBBFS","","robed004","","K","T",1,0,0,2,0,"F"
0,0,1,2,"FBFX","","","","7/L78D+","T",1,0,0,0,0,"F"
0,1,2,2,"BCBFX","","","","8/L8+","T",1,0,0,0,0,"F"
0,2,1,2,"CBFS","","","","K","T",1,0,0,0,0,"F"
1,0,1,2,"CBCX","","","","D7/L78D","T",0,2,0,0,0,"F"
1,0,1,1,"BCX","","voged001","","S9/L89S.2-H","T",0,1,0,4,0,"F"
1,0,0,1,"FH","yelic001","","","HP.1-2","T",0,1,2,0,0,"F"
1,0,3,2,"CBBFBS","garca003","yelic001","","K","T",1,0,1,2,0,"F"
1,1,2,2,"CBBCS","garca003","yelic001","","K","T",1,0,1,2,0,"F"
1,2,2,2,"2BBSFC","garca003","yelic001","","K","T",1,0,1,2,0,"F"
0,0,1,2,"CFBX","","","","53/G56","T",1,0,0,0,0,"F"
0,1,1,0,"BX","","","","13/G23","T",1,0,0,0,0,"F"
0,2,0,0,"X","","","","S5/G5","T",0,1,0,0,0,"F"
0,2,1,1,"LBX","castn001","","","D7/L7L.1-H","T",0,2,4,0,0,"F"
0,2,2,2,"F*BC*BS","","naqut001","","K","T",1,0,0,2,0,"F"
1,0,2,1,"BBFX","","","","8/F8XD","T",1,0,0,0,0,"F"
1,1,1,2,"CCBC","","","","K","T",1,0,0,0,0,"F"
1,2,1,2,"FCFFBS","","","","K","T",1,0,0,0,0,"F"
0,0,0,0,"X","","","","4/F89S","T",1,0,0,0,0,"F"
0,1,2,2,"CBFBFFFFFS","","","","K","T",1,0,0,0,0,"F"
0,2,1,2,"CSBX","","","","7/F7LD","T",1,0,0,0,0,"F"
1,0,2,2,"BCFBFFS","","","","K","T",1,0,0,0,0,"F"
1,1,2,2,"SBBSS","","","","K","T",1,0,0,0,0,"F"
1,2,0,1,"SX","","","","4/F4D","T",1,0,0,0,0,"F"
0,0,2,2,"FBFBS","","","","K","T",1,0,0,0,0,"F"
0,1,3,2,"BCSBBFFS","","","","K","T",1,0,0,0,0,"F"
0,2,1,1,"FBX","","","","S7/G5.BX2(75)","T",1,0,0,0,0,"F"
1,0,3,2,"CCBBFFBS","","","","K","T",1,0,0,0,0,"F"
1,1,0,0,"X","","","","43/G34D","T",1,0,0,0,0,"F"
1,2,3,2,"FBBCBFS","","","","K","T",1,0,0,0,0,"F"
0,0,3,2,"BFSBBX","","","","7/F78XD","T",1,0,0,0,0,"F"
0,1,3,2,"BFBBFX","","","","5/P6D","T",1,0,0,0,0,"F"
0,2,0,0,"X","","","","S8/L89","T",0,1,0,0,0,"F"
0,2,2,1,"BBFX","vottj001","","","D7/L7L.1-H;B-3","T",0,3,4,0,0,"F"
0,2,0,0,"X","","","barnt001","63/G6","T",1,0,0,0,3,"F"
1,0,2,2,".FBCBFX","","","","9/F9LD","T",1,0,0,0,0,"F"
1,1,3,2,".BBFSFBX","","","","3/P3","T",1,0,0,0,0,"F"
1,2,1,2,"CBSX","","","","6/L6-","T",1,0,0,0,0,"F"
0,0,0,1,".CX","","","","S7/L78S","T",0,1,0,0,0,"F"
0,0,3,2,".B*BFFFB>X","freem002","","","43/G34.1-2","T",1,0,2,0,0,"F"
0,1,2,2,"BCSBX","","freem002","","63/G6","T",1,0,0,2,0,"F"
0,2,3,0,"BBVV","","freem002","","IW","T",0,1,0,2,0,"F"
0,2,2,2,"BSFFBS","winkj002","freem002","","K","T",1,0,1,2,0,"F"
1,0,3,2,".BFBBCFX","","","","3/P3F/FL","T",1,0,0,0,0,"F"
1,1,1,2,"BFSS","","","","K","T",1,0,0,0,0,"F"
1,2,0,1,"CX","","","","S8/L89S","T",0,1,0,0,0,"F"
1,2,2,2,"..BSBSS","garca003","","","K","T",1,0,1,0,0,"F"
0,0,3,0,".BBBB","","","","W","T",0,1,0,0,0,"F"
0,0,0,2,"SFS","naqut001","","","K","T",1,0,1,0,0,"F"
0,1,0,1,"FX","naqut001","","","7/F7LS","T",1,0,1,0,0,"F"
0,2,3,1,"BBBC>S","naqut001","","","CS2(24)","F",1,0,0,0,0,"F"
1,0,1,2,"BCCFS","","","","K","T",1,0,0,0,0,"F"
1,1,2,0,".BBX","","","","DGR/F7L","T",0,2,0,0,0,"F"
1,1,2,2,"CBSBS","","adamw002","","K","T",1,0,0,2,0,"F"
1,2,1,2,".CBFS","","adamw002","","K","T",1,0,0,2,0,"F"
0,0,1,2,"CFBFX","","","","13/G4S","T",1,0,0,0,0,"T"
0,1,1,2,"FBFFS","","","","K","T",1,0,0,0,0,"F"
0,2,3,2,"BBTTBB","","","","W","T",0,1,0,0,0,"F"
0,2,1,2,"CSB*S","blacc001","","","K","T",1,0,1,0,0,"F"
1,0,2,2,"CFBBS","","","","K","T",1,0,0,0,0,"F"
1,1,0,2,"CFS","","","","K","T",1,0,0,0,0,"F"
1,2,1,2,"BCFS","","","","K","T",1,0,0,0,0,"F"
0,0,2,2,"FFBBS","","","","K+WP.B-1","T",0,1,0,0,0,"F"
0,0,1,1,"BFX","mcmar001","","","46(1)3/GDP/G4","T",2,0,0,0,0,"F"
0,2,2,1,"CBBX","","","","63/G6","T",1,0,0,0,0,"F"
1,0,1,1,"BSX","","","","63/G56","T",1,0,0,0,0,"F"
1,1,0,2,"FCFX","","","","S7/G5","T",0,1,0,0,0,"F"
1,1,3,2,"FBBFBX","narvo001","","","S8/G4+.1-3","T",0,1,3,0,0,"F"
1,1,0,2,"FCT","adamw002","","narvo001","K","T",1,0,1,0,3,"F"
1,2,2,2,"F1S1BFBX","adamw002","","narvo001","53/G56S","T",1,0,1,0,3,"F"
0,0,3,2,"BFBBFFFFB","","","","W","T",0,1,0,0,0,"F"
0,0,1,1,"BCX","diaze005","","","36(1)/FO/BG23.B-1","T",1,1,0,0,0,"F"
0,1,2,2,"SBFBS","grayj003","","","K","T",1,0,1,0,0,"F"
0,2,0,0,"X","grayj003","","","43/G4","T",1,0,1,0,0,"F"
1,0,1,2,"BFFFX","","","","S7/G56","T",0,1,0,0,0,"F"
1,0,2,2,"FSBBC","burnc002","","","K","T",1,0,1,0,0,"F"
1,1,1,1,"SBX","burnc002","","","S7/L7S.1-2","T",0,1,2,0,0,"F"
1,1,3,2,"BCB*BCT","urial001","burnc002","","K","T",1,0,1,2,0,"F"
1,2,1,2,"*BFFS","urial001","burnc002","","K","T",1,0,1,2,0,"F"
0,0,2,2,"CFBBX","","","","8/F8","T",1,0,0,0,0,"F"
0,1,0,1,"FX","","","","4/P6MD","T",1,0,0,0,0,"F"
0,2,1,2,"SSBC","","","","K","T",1,0,0,0,0,"F"
1,0,1,2,"FBF*S","","","","K.BX1(23)","T",1,0,0,0,0,"F"
1,1,3,2,"CBSFBBS","","","","K","T",1,0,0,0,0,"F"
1,2,1,2,"BSSX","","","","8/F8S","T",1,0,0,0,0,"F"
0,0,3,2,"BCSBBX","","","","53/G5+","T",1,0,0,0,0,"F"
0,1,2,2,"BSBCC","","","","K","T",1,0,0,0,0,"F"
0,2,0,0,"X","","","","8/F8S","T",1,0,0,0,0,"F"
1,0,0,2,"SFS","","","","K","T",1,0,0,0,0,"F"
1,1,0,2,"CFFX","","","","63/G6","T",1,0,0,0,0,"F"
1,2,0,0,"X","","","","D7/L7D+","T",0,2,0,0,0,"F"
1,2,1,1,"BFX","","wongk001","","3/P3F/FL","T",1,0,0,2,0,"F"
0,0,0,1,".CX","","","","6/P78S","T",1,0,0,0,0,"F"
0,1,2,0,"BBX","","","","S5/G56S","T",0,1,0,0,0,"F"
0,1,0,0,"1>C","tapir001","","","SB2","F",0,0,2,0,0,"F"
0,1,1,2,"1>C.BFFX","","tapir001","","S7/G56.2-H;B-2","T",0,2,0,4,0,"F"
0,1,0,2,"FFX","","dazay001","","S4/G4.2-3","T",0,1,0,3,0,"F"
0,1,0,1,"CX","blacc001","","dazay001","4/P4","T",1,0,1,0,3,"F"
0,2,3,2,"BF*BFB>C","blacc001","","dazay001","K","T",1,0,1,0,3,"F"
1,0,0,1,".CX","","","","3/G3-","T",1,0,0,0,0,"F"
1,1,1,0,"BX","","","","143/L4M+","T",1,0,0,0,0,"F"
1,2,1,2,"CFBS","","","","K","T",1,0,0,0,0,"F"
0,0,3,2,".BBBCFFFFS","","","","K","T",1,0,0,0,0,"F"
0,1,2,2,"CBSFBX","","","","S8/G6M+","T",0,1,0,0,0,"F"
0,1,0,0,"B","rodgb002","","","WP.1-2","F",0,0,2,0,0,"F"
0,1,3,1,"B.T*BBX","","rodgb002","","S7/L78.2-H","T",0,1,0,4,0,"F"
0,1,1,0,".BX","diaze005","","","HR/L7LD.1-H","T",0,4,4,0,0,"F"
0,1,1,0,"BX","","","","7/L7LD","T",1,0,0,0,0,"F"
0,2,0,2,"CFFX","","","","S7/L7S","T",0,1,0,0,0,"F"
0,2,0,2,".CF11X","dazay001","","","9/F89","T",1,0,1,0,0,"F"
1,0,0,1,".CX","","","","53/G5","T",1,0,0,0,0,"F"
1,1,1,2,"CCFBFX","","","","6/P6","T",1,0,0,0,0,"F"
1,2,0,2,"CSX","","","","HR/F7D","T",0,4,0,0,0,"F"
1,2,3,2,".BBFFFBX","","","","6/P5SF/FL","T",1,0,0,0,0,"F"
0,0,0,2,".CFS","","","","K","T",1,0,0,0,0,"F"
0,1,2,2,"CBCBS","","","","K","T",1,0,0,0,0,"F"
0,2,0,2,"SSX","","","","9/F9","T",1,0,0,0,0,"F"
1,0,3,1,".BBFBX","","","","HR/L89XD","T",0,4,0,0,0,"F"
1,0,2,2,"SBFBFFX","","","","3/P3SF/FL","T",1,0,0,0,0,"F"
1,1,0,0,"X","","","","7/L7LD","T",1,0,0,0,0,"F"
1,2,0,0,"X","","","","63/G6","T",1,0,0,0,0,"F"
0,0,2,2,"SBSBFS","","","","K","T",1,0,0,0,0,"F"
0,1,0,2,"CCX","","","","63/G6D+","T",1,0,0,0,0,"F"
0,2,1,2,".SSBS","","","","K","T",1,0,0,0,0,"F"
1,0,3,2,".FBSFBBFB","","","","W","T",0,1,0,0,0,"F"
1,0,1,0,"BX","narvo001","","","HR/F7D.1-H","T",0,4,4,0,0,"F"
1,0,2,2,"BSFFBT","","","","K","T",1,0,0,0,0,"F"
1,1,1,2,"SBFS","","","","K","T",1,0,0,0,0,"F"
1,2,1,1,".BFH","","","","HP","T",0,1,0,0,0,"F"
1,2,1,2,"BFFS","taylt002","","","K","T",1,0,1,0,0,"F"
0,0,2,2,"..FBBFX","","diaze005","","53/G5","T",1,0,0,2,0,"F"
0,1,1,2,"FFBFX","","diaze005","","53/G56","T",1,0,0,2,0,"F"
0,2,2,2,"BSBFS","","diaze005","","K","T",1,0,0,2,0,"F"
1,0,1,2,"..CFBS","","wongk001","","K","T",1,0,0,2,0,"F"
1,1,3,0,"VVVV","","wongk001","","IW","T",0,1,0,2,0,"F"
1,1,3,2,"SBFBFBS","yelic001","wongk001","","K","T",1,0,1,2,0,"F"
1,2,2,1,"..*BBCX","yelic001","wongk001","","13/G4MS","T",1,0,1,2,0,"F"
0,0,1,1,"...BSX","","blacc001","","2/P2F/FL","T",1,0,0,2,0,"F"
0,1,3,2,"BCBBSS","","blacc001","","K","T",1,0,0,2,0,"F"
0,2,3,2,"BCF*BBS","","blacc001","","K","T",1,0,0,2,0,"F"
1,0,2,2,".BCBSX","","pinam001","","S9/G34+.2-3","T",0,1,0,3,0,"F"
1,0,3,0,"*BBBB","adamw002","","pinam001","W.1-2","T",0,1,2,0,3,"F"
1,0,0,1,"..SX","bradj001","adamw002","pinam001","7/SF/L8+.3-H(UR)","T",1,0,1,2,5,"F"
0,0,1,2,"CBSX","","","","S7/L7","T",0,1,0,0,0,"T"
0,0,1,0,"B>B","tapir001","","","SB2","F",0,0,2,0,0,"F"
0,0,2,1,"B>B.SX","","tapir001","","S8/G6M.2-H","T",0,1,0,4,0,"F"
0,0,0,2,"CSFS","dazay001","","","K","T",1,0,1,0,0,"F"
0,1,0,0,"X","dazay001","","","64(1)/FO/G6.B-1","T",1,1,0,0,0,"F"
0,2,3,0,"BB1BB","stort001","","","W.1-2","T",0,1,2,0,0,"F"
0,2,3,2,"CBBSFFB>X","mcmar001","stort001","","7/L7","T",1,0,1,2,0,"F"
1,0,0,2,"CSX","","","","D9/L9LS","T",0,2,0,0,0,"F"
1,0,1,1,"BFX","","wongk001","","53/G5","T",1,0,0,2,0,"F"
1,1,2,2,"FFBBFFX","","wongk001","","S9/L9S+.2-H","T",0,1,0,4,0,"F"
1,1,2,2,"F*BSBT","yelic001","","","K","T",1,0,1,0,0,"F"
1,2,2,2,"BCSBF1N","yelic001","","","BK.1-2","F",0,0,2,0,0,"F"
1,2,3,2,"BCSBF1N.BB","","yelic001","","W","T",0,1,0,2,0,"F"
1,2,1,1,"BFX","adamw002","yelic001","","S8/G6M.2-H;1-3","T",0,1,3,4,0,"F"
1,2,0,0,">B","taylt002","","adamw002","SB2","F",0,0,2,0,3,"F"
1,2,3,2,">B.BBCSFS","","taylt002","adamw002","K","T",1,0,0,2,3,"F"
0,0,2,2,"BBFFS","","","","K","T",1,0,0,0,0,"F"
0,1,0,0,"X","","","","8/L78D+","T",1,0,0,0,0,"F"
0,2,0,2,"CFS","","","","K","T",1,0,0,0,0,"F"
1,0,0,1,"FX","","","","23/G2-","T",1,0,0,0,0,"F"
1,1,1,2,"CCBS","","","","K","T",1,0,0,0,0,"F"
1,2,1,1,"CBX","","","","S5/BG5","T",0,1,0,0,0,"F"
1,2,2,2,"11SFB1FBN","wongk001","","","BK.1-2","F",0,0,2,0,0,"F"
1,2,2,2,"11SFB1FBN.S","","wongk001","","K","T",1,0,0,2,0,"F"
0,0,1,0,"BX","","","","43/G34","T",1,0,0,0,0,"F"
0,1,3,2,"BCBFBFB","","","","W","T",0,1,0,0,0,"F"
0,1,1,0,"BX","dazay001","","","46(1)3/GDP/G4","T",2,0,0,0,0,"F"
1,0,1,1,"BFX","","","","8/F8XD+","T",1,0,0,0,0,"F"
1,1,0,1,"SX","","","","63/G6D+","T",1,0,0,0,0,"F"
1,2,3,2,"BFSFBBFB","","","","W","T",0,1,0,0,0,"F"
1,2,0,0,"X","adamw002","","","9/F9LD","T",1,0,1,0,0,"F"
0,0,1,0,"BH","","","","HP","T",0,1,0,0,0,"F"
0,0,0,0,">C","stort001","","","SB2","F",0,0,2,0,0,"F"
0,0,1,2,">C.FBX","","stort001","","43/G34D.2-3","T",1,0,0,3,0,"F"
0,1,3,2,"BBCCFBB","","","stort001","W","T",0,1,0,0,3,"F"
0,1,0,1,"CX","cronc002","","stort001","S8/L8S.3-H;1-2","T",0,1,2,0,4,"F"
0,1,0,1,"CX","rodgb002","cronc002","","5/P5F/FL","T",1,0,1,2,0,"F"
0,2,1,2,"CSBX","rodgb002","cronc002","","13/G1S","T",1,0,1,2,0,"F"
1,0,1,1,"CBX","","","","S7/G56+","T",0,1,0,0,0,"F"
1,0,3,2,"SBBBFF>F1>B","hiurk001","","","W.1-2","T",0,1,2,0,0,"F"
1,0,0,0,"X","pinam001","hiurk001","","FC3/BG1S.2-H(E3/TH)(NR)(UR);1X3(72);B-3","T",1,3,0,5,0,"F"
1,1,0,0,"X","","","housa001","8/F78S","T",1,0,0,0,3,"F"
1,2,2,0,"BBX","","","housa001","3/P23F/FL","T",1,0,0,0,3,"F"
0,0,1,1,"BCX","","","","53/G56+","T",1,0,0,0,0,"F"
0,1,3,2,"BBCCBB","","","","W","T",0,1,0,0,0,"F"
0,1,0,1,"C>B","dazay001","","","CS2(26)","F",1,0,0,0,0,"F"
0,2,3,2,"C>B.BBFFFX","","","","S8/L8+","T",0,1,0,0,0,"F"
0,2,0,1,"F1B","blacc001","","","WP.1-2","F",0,0,2,0,0,"F"
0,2,3,2,"F1B.SBBX","","blacc001","","HR/F8XD.2-H","T",0,4,0,4,0,"F"
0,2,3,2,"BFBBCS","","","","K","T",1,0,0,0,0,"F"
1,0,3,2,"CBTBBFX","","","","13/G13","T",1,0,0,0,0,"F"
1,1,1,0,"BX","","","","S7/L78S","T",0,1,0,0,0,"F"
1,1,0,1,"CX","garca003","","","8/F8D","T",1,0,1,0,0,"F"
1,2,1,0,"*BX","garca003","","","S6/G56.1-2","T",0,1,2,0,0,"F"
1,2,2,2,"SBSBS","taylt002","garca003","","K","T",1,0,1,2,0,"F"
0,0,1,2,"..BCSS","","","","K","T",1,0,0,0,0,"F"
0,1,1,1,"CBX","","","","D9/G3","T",0,2,0,0,0,"F"
0,1,0,1,"FX","","rodgb002","","8/F8S","T",1,0,0,2,0,"F"
0,2,2,2,".BBCSS","","rodgb002","","K","T",1,0,0,2,0,"F"
1,0,2,2,".CBBFX","","","","63/G6D","T",1,0,0,0,0,"F"
1,1,3,2,"BCBBFX","","","","4/L34D","T",1,0,0,0,0,"F"
1,2,1,1,"BCX","","","","S8/L8+","T",0,1,0,0,0,"F"
1,2,0,0,">S","wongk001","","","SB2","F",0,0,2,0,0,"F"
1,2,1,1,">S.*BX","","wongk001","","53/G5","T",1,0,0,2,0,"F"
0,0,0,2,"CFT","","","","K","T",1,0,0,0,0,"F"
0,1,1,1,"FBX","","","","S8/G6M+","T",0,1,0,0,0,"F"
0,1,3,2,"CCF*B1FBFB1FFX","dazay001","","","16(1)/FO/G1.B-1","T",1,1,0,0,0,"F"
0,2,0,1,"FX","blacc001","","","9/F9LS","T",1,0,1,0,0,"F"
1,0,1,1,"BCX","","","","7/L7L","T",1,0,0,0,0,"F"
1,1,1,2,"TCBFFFX","","","","HR/F7LD","T",0,4,0,0,0,"F"
1,1,2,2,"FBBFC","","","","K","T",1,0,0,0,0,"F"
1,2,1,2,"CBSFF*S","","","","K","T",1,0,0,0,0,"F"
0,0,3,2,"...BBBCSB","","","","W","T",0,1,0,0,0,"F"
0,0,0,2,"CTC","mcmar001","","","K","T",1,0,1,0,0,"F"
0,1,0,0,".>B","mcmar001","","","SB2","F",0,0,2,0,0,"F"
0,1,3,1,".>B.BBF*B","","mcmar001","","W","T",0,1,0,2,0,"F"
0,1,1,2,"CSFFBX","rodgb002","mcmar001","","9/F9LS","T",1,0,1,2,0,"F"
0,2,1,2,".BSSS","rodgb002","mcmar001","","K","T",1,0,1,2,0,"F"
1,0,3,2,".BBFTBFB","","","","W","T",0,1,0,0,0,"F"
1,0,1,1,"CBH","robed004","","","HP.1-2","T",0,1,2,0,0,"F"
1,0,0,0,"X","pinam001","robed004","","S1/BG56S.2-3;1-2","T",0,1,2,3,0,"F"
1,0,3,2,".BSBFBFFFX","petej002","pinam001","robed004","8/SF/F8D.3-H;2-3;1-2","T",1,0,2,3,4,"F"
1,1,0,2,"FFX","","petej002","pinam001","S8/G6M.3-H;2-H","T",0,1,0,4,4,"F"
1,1,0,0,".X","urial001","","","HR/F89XD.1-H","T",0,4,4,0,0,"F"
1,1,1,0,"BX","","","","DGR/L8XD+","T",0,2,0,0,0,"F"
1,1,2,2,"BBFFX","","garca003","","D7/L7L+.2-H","T",0,2,0,4,0,"F"
1,1,2,2,"FBBCC","","adamw002","","K","T",1,0,0,2,0,"F"
1,2,0,2,"SFS","","adamw002","","K","T",1,0,0,2,0,"F"
0,0,0,1,".CX","","","","23/G2-","T",1,0,0,0,0,"F"
0,1,0,2,"CSS","","","","K","T",1,0,0,0,0,"F"
0,2,1,2,"CBFX","","","","13/G1-","T",1,0,0,0,0,"F"
0,0,1,1,"BFX","","","","9/F89S","T",1,0,0,0,0,"T"
0,1,2,2,"FBBCS","","","","K","T",1,0,0,0,0,"F"
0,2,1,0,"BX","","","","9/F9S","T",1,0,0,0,0,"F"
1,0,0,2,"CFX","","","","3/P4S","T",1,0,0,0,0,"F"
1,1,3,2,"SBSBFFBS","","","","K","T",1,0,0,0,0,"F"
1,2,3,2,"SBBFFBS","","","","K","T",1,0,0,0,0,"F"
0,0,1,2,"BFCT","","","","K","T",1,0,0,0,0,"F"
0,1,3,2,"CBCBBX","","","","S9/G34","T",0,1,0,0,0,"F"
0,1,2,2,"F1S1BF1BS","rodgb002","","","K","T",1,0,1,0,0,"F"
0,2,3,2,"BBSTB>F>F1>B","rodgb002","","","W.1-2","T",0,1,2,0,0,"F"
0,2,3,2,"F*BBFFB>F>B","owinc001","rodgb002","","W.2-3;1-2","T",0,1,2,3,0,"F"
0,2,2,2,"CBBTS","diaze005","owinc001","rodgb002","K","T",1,0,1,2,3,"F"
1,0,3,0,"BBBB","","","","W","T",0,1,0,0,0,"F"
1,0,0,2,"CTX","adamw002","","","64(1)3/GDP/G6M","T",2,0,0,0,0,"F"
1,2,2,2,"BFCBFFX","","","","6/P6","T",1,0,0,0,0,"F"
0,0,2,2,"CBBCX","","","","8/F89S","T",1,0,0,0,0,"F"
0,1,0,0,"X","","","","7/L7D","T",1,0,0,0,0,"F"
0,2,2,2,"BSFBS","","","","K","T",1,0,0,0,0,"F"
1,0,1,2,"SCBX","","","","HR/F78XD","T",0,4,0,0,0,"F"
1,0,1,2,"SCBX","","","","S7/L78","T",0,1,0,0,0,"F"
1,0,1,0,"BX","bradj001","","","26(1)4/GDP/BG2","T",2,0,0,0,0,"F"
1,2,3,2,"CBFBBX","","","","53/G56","T",1,0,0,0,0,"F"
0,0,1,2,"CBFX","","","","8/F8","T",1,0,0,0,0,"F"
0,1,0,0,"X","","","","8/L8D+","T",1,0,0,0,0,"F"
0,2,2,2,"BSBFX","","","","7/F78S","T",1,0,0,0,0,"F"
1,0,3,2,"CBSFBBC","","","","K","T",1,0,0,0,0,"F"
1,1,3,2,"CFBBBFFX","","","","7/F7D","T",1,0,0,0,0,"F"
1,2,3,2,"FBBBCB","","","","W","T",0,1,0,0,0,"F"
1,2,0,1,"1FX","adamw002","","","64(1)/FO/G6.B-1","T",1,1,0,0,0,"F"
0,0,0,1,"CX","","","","3/P3F/FL","T",1,0,0,0,0,"F"
0,1,0,0,"X","","","","3/P3SF/FL","T",1,0,0,0,0,"F"
0,2,0,1,"CX","","","","S8/L8+","T",0,1,0,0,0,"F"
0,2,0,1,"FX","gonzc002","","","8/F8D","T",1,0,1,0,0,"F"
1,0,1,2,"SCBFX","","","","D8/L8+","T",0,2,0,0,0,"F"
1,0,1,2,"BSFFC","","petej002","","K","T",1,0,0,2,0,"F"
1,1,2,1,"BBFX","","petej002","","5/P5","T",1,0,0,2,0,"F"
1,2,3,2,"BFCBBX","","petej002","","9/F9L","T",1,0,0,2,0,"F"
0,0,1,2,"CBFFS","","","","K","T",1,0,0,0,0,"F"
0,1,2,2,"BFFBX","","","","9/F9L","T",1,0,0,0,0,"F"
0,2,1,0,"BX","","","","4/P4D","T",1,0,0,0,0,"F"
1,0,1,2,".BSSX","","","","S8/L8","T",0,1,0,0,0,"F"
1,0,3,2,"SCBFBFFBX","urial001","","","HR/F89XD.1-H","T",0,4,4,0,0,"F"
1,0,3,1,"BBCBB","","","","W","T",0,1,0,0,0,"F"
1,0,0,1,".....CX","yelic001","","","8/F89","T",1,0,1,0,0,"F"
1,1,2,2,"CFBBS","yelic001","","","K","T",1,0,1,0,0,"F"
1,2,3,1,"BBCBB","yelic001","","","W.1-2","T",0,1,2,0,0,"F"
1,2,2,1,"BBCX","petej002","yelic001","","D8/L89XD+.2-H;1-H","T",0,2,4,4,0,"F"
1,2,1,2,"CSB*S","","hiurk001","","K","T",1,0,0,2,0,"F"
0,0,1,2,".CCBFFX","","","","4/L4D","T",1,0,0,0,0,"F"
0,1,1,1,"BCX","","","","8/F89XD","T",1,0,0,0,0,"F"
0,2,3,2,"BCSBBS","","","","K","T",1,0,0,0,0,"F"
1,0,3,2,".FBBBCS","","","","K","T",1,0,0,0,0,"F"
1,1,1,0,"BX","","","","8/L89","T",1,0,0,0,0,"F"
1,2,1,2,"FTBS","","","","K","T",1,0,0,0,0,"F"
0,0,3,1,".BBBCX","","","","S7/G56+","T",0,1,0,0,0,"F"
0,0,3,2,"FFBFBBT","diaze005","","","K","T",1,0,1,0,0,"F"
0,1,2,2,"BCSBFS","diaze005","","","K","T",1,0,1,0,0,"F"
0,2,1,2,"BCFFS","diaze005","","","K","T",1,0,1,0,0,"F"
1,0,2,2,".BBCCC","","","","K","T",1,0,0,0,0,"F"
1,1,2,0,"BBX","","","","8/F89+","T",1,0,0,0,0,"F"
1,2,1,0,"BX","","","","S8/L89S+","T",0,1,0,0,0,"F"
1,2,3,2,"CFB*BB>F>B","taylt002","","","W.1-2","T",0,1,2,0,0,"F"
1,2,2,2,"BCSFBX","petej002","taylt002","","9/L9+","T",1,0,1,2,0,"F"
0,0,0,1,".FX","","","","S3/G4","T",0,1,0,0,0,"F"
0,0,1,1,".CBX","stort001","","","46(1)3/GDP/G4","T",2,0,0,0,0,"F"
0,2,1,1,"BFX","","","","31/G3","T",1,0,0,0,0,"F"
0,0,3,1,"BSBBB","","","","W","T",0,1,0,0,0,"T"
0,0,2,1,"BCBX","pedej001","","","HR/F9D.1-H","T",0,4,4,0,0,"F"
0,0,0,0,"X","","","","7/F7D","T",1,0,0,0,0,"F"
0,1,1,0,"BX","","","","5/L5","T",1,0,0,0,0,"F"
0,2,2,0,"BBX","","","","E5/TH/G6+.B-1","T",0,1,0,0,0,"F"
0,2,1,2,"CBCFS","heywj001","","","K","T",1,0,1,0,0,"F"
1,0,0,2,"CFX","","","","S7/L7L","T",0,1,0,0,0,"F"
1,0,1,0,"BX","urial001","","","D5/G5-.1-3","T",0,2,3,0,0,"F"
1,0,1,2,"BCSS","","yelic001","urial001","K","T",1,0,0,2,3,"F"
1,1,3,2,"FB*BBFB","","yelic001","urial001","W","T",0,1,0,2,3,"F"
1,1,0,0,"X","narvo001","yelic001","urial001","S8/L8+.3-H;2-H;1-2","T",0,1,2,4,4,"F"
1,1,0,1,"CX","garca003","narvo001","","S9/L9S.2-3;1-2","T",0,1,2,3,0,"F"
1,1,0,0,"X","petej002","garca003","narvo001","6/P6M","T",1,0,1,2,3,"F"
1,2,2,1,"BBFX","petej002","garca003","narvo001","9/F9D","T",1,0,1,2,3,"F"
0,0,0,2,"CSS","","","","K","T",1,0,0,0,0,"F"
0,1,2,2,"BCFFBC","","","","K","T",1,0,0,0,0,"F"
0,2,0,0,"X","","","","S9/L9L","T",0,1,0,0,0,"F"
0,2,3,0,"BBBB","hendk001","","","W.1-2","T",0,1,2,0,0,"F"
0,2,3,2,"FFF*B*BB>B","pedej001","hendk001","","W.2-3;1-2","T",0,1,2,3,0,"F"
0,2,0,2,"SSC","happi001","pedej001","hendk001","K","T",1,0,1,2,3,"F"
1,0,0,1,"CX","","","","3/G3S","T",1,0,0,0,0,"F"
1,1,0,2,"CFX","","","","6/P8S","T",1,0,0,0,0,"F"
1,2,1,2,"BCSC","","","","K","T",1,0,0,0,0,"F"
0,0,0,2,"FSFS","","","","K","T",1,0,0,0,0,"F"
0,1,1,2,"CSBX","","","","6/P5D","T",1,0,0,0,0,"F"
0,2,1,2,"FBCX","","","","7/L7D","T",1,0,0,0,0,"F"
1,0,0,2,"SFT","","","","K","T",1,0,0,0,0,"F"
1,1,3,1,"CBBBX","","","","7/F7D","T",1,0,0,0,0,"F"
1,2,1,0,"BX","","","","HR/F7LD","T",0,4,0,0,0,"F"
1,2,3,2,"BBBCCFX","","","","7/F7LS","T",1,0,0,0,0,"F"
0,0,1,0,"BX","","","","8/F8XD","T",1,0,0,0,0,"F"
0,1,2,2,"CBSFFBS","","","","K","T",1,0,0,0,0,"F"
0,2,2,2,"BBCCS","","","","K","T",1,0,0,0,0,"F"
1,0,2,2,"CBSBX","","","","63/G6","T",1,0,0,0,0,"F"
1,1,1,1,"CBX","","","","43/G34D","T",1,0,0,0,0,"F"
1,2,0,2,"SSS","","","","K","T",1,0,0,0,0,"F"
0,0,2,2,"BBCFFFC","","","","K","T",1,0,0,0,0,"F"
0,1,0,1,"SX","","","","7/F7LS","T",1,0,0,0,0,"F"
0,2,3,2,"FBBFBB","","","","W","T",0,1,0,0,0,"F"
0,2,0,0,"1>C","baezj001","","","CS2(24)","F",1,0,0,0,0,"F"
1,0,1,2,"FFBX","","","","8/F8","T",1,0,0,0,0,"F"
1,1,3,2,"BCFBBFB","","","","W","T",0,1,0,0,0,"F"
1,1,0,1,"1FX","yelic001","","","3/P3F/FL.1-2","T",1,0,2,0,0,"F"
1,2,2,2,"BCBSX","","yelic001","","3/G3","T",1,0,0,2,0,"F"
0,0,0,0,"X","","","","3/P3SF/FL","T",1,0,0,0,0,"F"
0,1,3,1,"CBBBX","","","","7/F7S","T",1,0,0,0,0,"F"
0,2,0,1,"CX","","","","13/BG25","T",1,0,0,0,0,"F"
1,0,1,1,"BSX","","","","53/G56S","T",1,0,0,0,0,"F"
1,1,0,2,"FCX","","","","S8/L8S","T",0,1,0,0,0,"F"
1,1,0,0,">B","petej002","","","SB2","F",0,0,2,0,0,"F"
1,1,1,0,">B.X","","petej002","","S9/G34.2-H","T",0,1,0,4,0,"F"
1,1,0,0,"X","hiurk001","","","3/G3S.1-2","T",1,0,2,0,0,"F"
1,2,1,1,".CBX","","hiurk001","","43/G4S","T",1,0,0,2,0,"F"
0,0,2,2,".CBBFS","","","","K","T",1,0,0,0,0,"F"
0,1,3,2,"FBBFBB","","","","W","T",0,1,0,0,0,"F"
0,1,0,1,".CX","lobaj001","","","HR/F78XD.1-H","T",0,4,4,0,0,"F"
0,1,3,1,"BBBCB","","","","W","T",0,1,0,0,0,"F"
0,1,3,2,"BCC*BBX","pedej001","","","S7/G5.1X3(75);B-2","T",1,2,0,0,0,"F"
0,2,0,2,"SCS","","happi001","","K","T",1,0,0,2,0,"F"
1,0,0,1,".CX","","","","13/G15","T",1,0,0,0,0,"F"
1,1,2,0,"BBX","","","","9/L9D","T",1,0,0,0,0,"F"
1,2,2,1,"SBBX","","","","S7/L7LS","T",0,1,0,0,0,"F"
1,2,2,0,"B11*BX","adamw002","","","3/G3","T",1,0,1,0,0,"F"
0,0,1,2,".BSCFS","","","","K","T",1,0,0,0,0,"F"
0,1,2,1,"CBBX","","","","3/P23","T",1,0,0,0,0,"F"
0,2,1,2,"BCCFX","","","","D9/G3","T",0,2,0,0,0,"F"
0,2,3,2,"*BBCSF*BFB","","sogae001","","W","T",0,1,0,2,0,"F"
0,2,3,2,"*SBBSB>B","alcas002","sogae001","","W.2-3;1-2","T",0,1,2,3,0,"F"
0,2,3,2,".BBSFB>X","lobaj001","alcas002","sogae001","3/G3","T",1,0,1,2,3,"F"
1,0,0,2,".CFFFFS","","","","K","T",1,0,0,0,0,"F"
1,1,3,2,"CBSBBFB","","","","W","T",0,1,0,0,0,"F"
1,1,3,2,"BF1S11B1B>*B","petej002","","","W.1-2","T",0,1,2,0,0,"F"
1,1,1,2,"CFFBX","hiurk001","petej002","","D8/F8XD.2-H;1-3","T",0,2,3,4,0,"F"
1,1,0,1,".CX","","bradj001","hiurk001","7/SF/F78.3-H","T",1,0,0,2,4,"F"
1,2,0,0,"X","","bradj001","","D8/F78XD.2-H","T",0,2,0,4,0,"F"
1,2,3,0,".VVVV","","urial001","","IW","T",0,1,0,2,0,"F"
1,2,0,1,"SX","yelic001","urial001","","HR/F78XD.2-H;1-H","T",0,4,4,4,0,"F"
1,2,3,1,"BBBCB","","","","W","T",0,1,0,0,0,"F"
1,2,0,1,"FX","narvo001","","","S7/G56.1-2","T",0,1,2,0,0,"F"
1,2,2,2,"BCCFBX","garca003","narvo001","","D9/L9L+.2-H;1-3","T",0,2,3,4,0,"F"
1,2,2,2,"BBFFX","","petej002","garca003","HR/F9D.3-H;2-H","T",0,4,0,4,4,"F"
1,2,0,1,"...CX","","","","S8/G6M","T",0,1,0,0,0,"F"
1,2,0,0,"X","bradj001","","","9/F89D","T",1,0,1,0,0,"F"
0,0,0,1,"..SX","","","","2/P2F/FL","T",1,0,0,0,0,"F"
0,1,0,2,"FFS","","","","K","T",1,0,0,0,0,"F"
0,2,0,0,"X","","","","7/F7S","T",1,0,0,0,0,"F"
0,0,2,1,"BCBX","","","","31/G34","T",1,0,0,0,0,"T"
0,1,1,2,"BCCX","","","","63/G6+","T",1,0,0,0,0,"F"
0,2,0,2,"CSS","","","","K","T",1,0,0,0,0,"F"
1,0,2,2,"CCBBX","","","","8/F78","T",1,0,0,0,0,"F"
1,1,3,1,"BBFBB","","","","W","T",0,1,0,0,0,"F"
1,1,0,0,">B","adamw002","","","SB2","F",0,0,2,0,0,"F"
1,1,2,2,">B.FFBX","","adamw002","","D9/L89+.2-H","T",0,2,0,4,0,"F"
1,1,2,2,"BBSSC","","yelic001","","K","T",1,0,0,2,0,"F"
1,2,0,0,"X","","yelic001","","53/G5","T",1,0,0,2,0,"F"
0,0,1,2,"FBC*S","","","","K","T",1,0,0,0,0,"F"
0,1,2,2,"BFSBH","","","","HP","T",0,1,0,0,0,"F"
0,1,1,2,"BSFS","wisdp001","","","K","T",1,0,1,0,0,"F"
0,2,1,1,"BF>B","wisdp001","","","CS2(26)","F",1,0,0,0,0,"F"
1,0,0,2,"CCFX","","","","43/G4D+","T",1,0,0,0,0,"F"
1,1,3,2,"BBBCFX","","","","53/G5","T",1,0,0,0,0,"F"
1,2,2,2,"BSFBS","","","","K","T",1,0,0,0,0,"F"
0,0,1,0,"BX","","","","S9/L9","T",0,1,0,0,0,"F"
0,0,0,1,"CX","alcas002","","","8/F8S","T",1,0,1,0,0,"F"
0,1,0,2,"LLL","alcas002","","","K","T",1,0,1,0,0,"F"
0,2,1,0,"B>S","alcas002","","","SB2","F",0,0,2,0,0,"F"
0,2,3,2,"B>S.BFBFB","","alcas002","","W","T",0,1,0,2,0,"F"
0,2,2,2,"CFB*BC","pedej001","alcas002","","K","T",1,0,1,2,0,"F"
1,0,0,2,"CFC","","","","K","T",1,0,0,0,0,"F"
1,1,2,2,"SBBSFX","","","","13/G1","T",1,0,0,0,0,"F"
1,2,2,0,"BBX","","","","63/G6","T",1,0,0,0,0,"F"
0,0,1,2,"FFFFBX","","","","T9/L9LS","T",0,3,0,0,0,"F"
0,0,0,0,"X","","","baezj001","13/G4S","T",1,0,0,0,3,"F"
0,1,2,2,"BCFBX","","","baezj001","D8/L78S+.3-H","T",0,2,0,0,4,"F"
0,1,3,0,"BB*BB","","wisdp001","","W","T",0,1,0,2,0,"F"
0,1,2,2,"BBCFFFS","heywj001","wisdp001","","K","T",1,0,1,2,0,"F"
0,2,0,0,"X","heywj001","wisdp001","","6/P6D","T",1,0,1,2,0,"F"
1,0,3,0,"BBBB","","","","W","T",0,1,0,0,0,"F"
1,0,1,2,"1*BF1SFS","yelic001","","","K","T",1,0,1,0,0,"F"
1,1,3,2,"B1FB*BC>S","yelic001","","","K+SB2","T",1,0,2,0,0,"F"
1,2,3,2,"*BSBBSX","","yelic001","","D9/L9+.2-H","T",0,2,0,4,0,"F"
1,2,2,2,"FFF*BBH","","petej002","","HP","T",0,1,0,2,0,"F"
1,2,3,1,"C*BBBB","hiurk001","petej002","","W.2-3;1-2","T",0,1,2,3,0,"F"
1,2,0,2,"FSFS","pinam001","hiurk001","petej002","K","T",1,0,1,2,3,"F"
0,0,1,2,".CBFX","","","","5/P56S","T",1,0,0,0,0,"F"
0,1,2,2,"BBSCFT","","","","K","T",1,0,0,0,0,"F"
0,2,1,1,"FBX","","","","S8/L89","T",0,1,0,0,0,"F"
0,2,3,0,"BBBB","contw001","","","W.1-2","T",0,1,2,0,0,"F"
0,2,1,2,"*BCFX","baezj001","contw001","","8/F8","T",1,0,1,2,0,"F"
1,0,0,0,".X","","","","7/F7D","T",1,0,0,0,0,"F"
1,1,1,1,"CBX","","","","4/F4D","T",1,0,0,0,0,"F"
1,2,3,2,"BCBFBFS","","","","K","T",1,0,0,0,0,"F"
0,0,1,2,"BFSFX","","","","7/F78D","T",1,0,0,0,0,"F"
0,1,1,1,"BFX","","","","8/F78D","T",1,0,0,0,0,"F"
0,2,1,2,"CCFBS","","","","K","T",1,0,0,0,0,"F"
1,0,1,1,".BSX","","","","9/L89D","T",1,0,0,0,0,"F"
1,1,3,2,"BBFBFX","","","","63/G6+","T",1,0,0,0,0,"F"
1,2,3,1,"BBCBB","","","","W","T",0,1,0,0,0,"F"
1,2,2,2,"C*BBFFT","petej002","","","K","T",1,0,1,0,0,"F"
0,0,0,1,".CX","","","","13/G1S","T",1,0,0,0,0,"F"
0,1,0,0,".X","","","","13/G6MS","T",1,0,0,0,0,"F"
0,2,1,2,"BFSFFX","","","","S7/G5","T",0,1,0,0,0,"F"
0,2,2,2,"....*BSBS>B","pedej001","","","SB2","F",0,0,2,0,0,"F"
0,2,3,2,"....*BSBS>B.FB","","pedej001","","W","T",0,1,0,2,0,"F"
0,2,2,2,"SBBFH","contw001","pedej001","","HP.2-3;1-2","T",0,1,2,3,0,"F"
0,2,1,2,"BCFS","baezj001","contw001","pedej001","K","T",1,0,1,2,3,"F"
1,0,1,1,"...BFX","","","","E1/G1S-.B-1","T",0,1,0,0,0,"F"
1,0,1,1,"BCX","narvo001","","","13/G1S-.1-2","T",1,0,2,0,0,"F"
1,1,2,2,"BFBFX","","narvo001","","43/G4D","T",1,0,0,2,0,"F"
1,2,0,2,"SFS","","narvo001","","K","T",1,0,0,2,0,"F"
0,0,2,2,"..BCBSS","","","","K","T",1,0,0,0,0,"F"
0,1,3,2,"BBCSFBB","","","","W","T",0,1,0,0,0,"F"
0,1,2,2,"1FS1B11BB","heywj001","","","WP.1-2","F",0,0,2,0,0,"F"
0,1,3,2,"1FS1B11BB.B","","heywj001","","W","T",0,1,0,2,0,"F"
0,1,0,2,"CFX","alcas002","heywj001","","3/L34/DP.1X1(3)","T",2,0,0,2,0,"F"
1,0,3,2,".BCFBBX","","","","43/G34D+","T",1,0,0,0,0,"F"
1,1,1,0,"BX","","","","13/G1","T",1,0,0,0,0,"F"
1,2,3,2,"BSBFBFS","","","","K","T",1,0,0,0,0,"F"
0,0,0,2,"..FCS","","","","K","T",1,0,0,0,0,"F"
0,1,1,2,"BFCX","","","","S9/L89","T",0,1,0,0,0,"F"
0,1,3,1,"*BBBCB","pedej001","","","W.1-2","T",0,1,2,0,0,"F"
0,1,1,2,"SSBS","contw001","pedej001","","K","T",1,0,1,2,0,"F"
0,2,2,2,".SSFBBX","contw001","pedej001","","31/G34","T",1,0,1,2,0,"F"
0,0,1,1,"BCX","","","","S8/G6M+","T",0,1,0,0,0,"T"
0,0,1,1,"FBX","contw001","","","S7/L7S+.1-2","T",0,1,2,0,0,"F"
0,0,3,1,"*BB*BC*B","wisdp001","contw001","","W.2-3;1-2","T",0,1,2,3,0,"F"
0,0,1,1,"*BSX","pedej001","wisdp001","contw001","S9/G3+.3-H;2-H;1-3","T",0,1,3,4,4,"F"
0,0,3,1,"B*BBCX","baezj001","","pedej001","FC6/G6D.3-H;1-3(E6);B-1","T",0,1,3,0,4,"F"
0,0,0,0,"X","marij002","","baezj001","4/L4MD","T",1,0,1,0,3,"F"
0,1,0,0,"X","marij002","","baezj001","S1/BG23-.3-H(UR);1-2","T",0,1,2,0,5,"F"
0,1,0,0,">B","sogae001","marij002","","SB3;SB2","F",0,0,2,3,0,"F"
0,1,1,1,">B.FB","","sogae001","marij002","WP.3-H(NR);2-3","F",0,0,0,3,4,"F"
0,1,3,2,">B.FB.BSX","","","sogae001","FC/G56S.3XH(52);B-1","T",1,1,0,0,0,"F"
0,2,3,1,"BBBCB","alcas002","","","W.1-2","T",0,1,2,0,0,"F"
0,2,3,2,"C*BBBC>F>B","arrij001","alcas002","","W.2-3;1-2","T",0,1,2,3,0,"F"
0,2,2,2,".B*BS*SFX","contw001","arrij001","alcas002","S7/L78.3-H(UR);2-H(UR);1-2","T",0,1,2,5,5,"F"
0,2,0,2,"SFFS","wisdp001","contw001","","K","T",1,0,1,2,0,"F"
1,0,1,2,"BCCX","","","","S8/L8S","T",0,1,0,0,0,"F"
1,0,3,1,"CBBBB","urial001","","","W.1-2","T",0,1,2,0,0,"F"
1,0,1,2,"CFBX","yelic001","urial001","","5(2)/FO/G5.1-2;B-1","T",1,1,2,0,0,"F"
1,1,3,1,"BBFB*B","adamw002","yelic001","","W.2-3;1-2","T",0,1,2,3,0,"F"
1,1,1,1,"C*BX","narvo001","adamw002","yelic001","9/F9LS","T",1,0,1,2,3,"F"
1,2,3,2,"BFBCB>B","narvo001","adamw002","yelic001","W.3-H;2-3;1-2","T",0,1,2,3,4,"F"
1,2,2,2,"BCBSS","petej002","narvo001","adamw002","K","T",1,0,1,2,3,"F"
0,0,2,0,"BBX","","","","3/G34","T",1,0,0,0,0,"F"
0,1,1,1,"BSX","","","","S7/G56+","T",0,1,0,0,0,"F"
0,1,0,0,"X","marij002","","","43/G34.1-2","T",1,0,2,0,0,"F"
0,2,0,2,"CF*S","","marij002","","K","T",1,0,0,2,0,"F"
1,0,0,2,"CFX","","","","S7/L7S","T",0,1,0,0,0,"F"
1,0,0,2,"CFX","bradj001","","","56(1)/FO/G56S.B-1","T",1,1,0,0,0,"F"
1,1,1,1,"FBX","sancm001","","","HR/F78XD.1-H","T",0,4,4,0,0,"F"
1,1,2,2,"BFSBS","","","","K","T",1,0,0,0,0,"F"
1,2,3,2,"CBBSBB","","","","W","T",0,1,0,0,0,"F"
1,2,1,0,"BX","adamw002","","","S7/L78.1-3","T",0,1,3,0,0,"F"
1,2,0,1,"FX","narvo001","","adamw002","E1/TH/G25-.3-H(NR)(UR);1-H(NR)(UR);B-1","T",0,1,5,0,5,"F"
1,2,0,0,"..X","taylt002","","","S8/F8S.1-3","T",0,1,3,0,0,"F"
1,2,2,1,"BSBX","petej002","","taylt002","S5/G5+.3-H(UR);1-2","T",0,1,2,0,5,"F"
1,2,2,2,"SBBC*S","hiurk001","petej002","","K.BX1(23)","T",1,0,1,2,0,"F"
0,0,0,0,"X","","","","8/L8D","T",1,0,0,0,0,"F"
0,1,0,2,"CSS","","","","K","T",1,0,0,0,0,"F"
0,2,2,1,"CBBX","","","","8/F78+","T",1,0,0,0,0,"F"
1,0,3,1,"..BCBBB","","","","W","T",0,1,0,0,0,"F"
1,0,0,2,"C*SX","lauee001","","","64(1)3/GDP/G6","T",2,0,0,0,0,"F"
1,2,3,2,"CBSBBC","","","","K","T",1,0,0,0,0,"F"
0,0,1,2,".FCBC","","","","K","T",1,0,0,0,0,"F"
0,1,0,1,"SX","","","","7/F7D","T",1,0,0,0,0,"F"
0,2,3,2,"BFBSBFF*B","","","","W","T",0,1,0,0,0,"F"
0,2,2,1,"CBBB","baezj001","","","WP.1-2","F",0,0,2,0,0,"F"
0,2,3,1,"CBBB.B","","baezj001","","W","T",0,1,0,2,0,"F"
0,2,0,1,"CX","marij002","baezj001","","7/F7L","T",1,0,1,2,0,"F"
1,0,3,2,"SBSBFB*B","","","","W","T",0,1,0,0,0,"F"
1,0,2,2,"BBCCS","adamw002","","","K","T",1,0,1,0,0,"F"
1,1,2,1,"CBBX","adamw002","","","D7/L7D+.1-3","T",0,2,3,0,0,"F"
1,1,0,1,"CX","","taylt002","adamw002","S9/G34.3-H;2-H;B-2(TH)","T",0,2,0,4,4,"F"
1,1,1,0,".BH","","petej002","","HP","T",0,1,0,2,0,"F"
1,1,1,1,"BCX","hiurk001","petej002","","S9/L9S+.2-H;1-2","T",0,1,2,4,0,"F"
1,1,1,0,"BB","bradj001","hiurk001","","WP.2-3;1-2","F",0,0,2,3,0,"F"
1,1,3,2,"BB.BCCB","","bradj001","hiurk001","W","T",0,1,0,2,3,"F"
1,1,0,1,"SH","richt001","bradj001","hiurk001","HP.3-H;2-3;1-2","T",0,1,2,3,4,"F"
1,1,1,2,"CSFBC","urial001","richt001","bradj001","K/C","T",1,0,1,2,3,"F"
1,2,1,1,".CBX","urial001","richt001","bradj001","HR/F89XD.3-H;2-H;1-H","T",0,4,4,4,4,"F"
1,2,0,2,"SSX","","","","8/F78","T",1,0,0,0,0,"F"
0,0,2,1,"CBBX","","","","8/F8XD","T",1,0,0,0,0,"F"
0,1,1,2,"CFBS","","","","K","T",1,0,0,0,0,"F"
0,2,2,2,"CBCBS","","","","K","T",1,0,0,0,0,"F"
1,0,2,0,"BBX","","","","4/F3DF/FL","T",1,0,0,0,0,"F"
1,1,1,2,"BCCFX","","","","63/G4","T",1,0,0,0,0,"F"
1,2,2,2,"BCBFFS","","","","K","T",1,0,0,0,0,"F"
0,0,3,2,".BBSBTB","","","","W","T",0,1,0,0,0,"F"
0,0,0,1,".CX","contw001","","","S9/L9LS+.1-2","T",0,1,2,0,0,"F"
0,0,1,1,"BCX","orter001","contw001","","6(1)3/GDP/G6MS.2-3","T",2,0,0,3,0,"F"
0,2,0,1,"SX","","","contw001","6/P56","T",1,0,0,0,3,"F"
1,0,1,2,"....BCFX","","","","43/G4","T",1,0,0,0,0,"F"
1,1,1,1,"BCX","","","","8/F8XD","T",1,0,0,0,0,"F"
1,2,0,1,"CX","","","","HR/F78XD","T",0,4,0,0,0,"F"
1,2,0,0,"X","","","","7/L78","T",1,0,0,0,0,"F"
0,0,1,2,"FBSFS","","","","K","T",1,0,0,0,0,"F"
0,1,1,2,"SSBX","","","","9/F9","T",1,0,0,0,0,"F"
0,2,1,0,"BX","","","","S9/L89","T",0,1,0,0,0,"F"
0,2,0,0,"X","sogae001","","","13/G4MS","T",1,0,1,0,0,"F"
1,0,0,2,".CFX","","","","9/F89XD","T",1,0,0,0,0,"F"
1,1,3,2,"CFFBBBB","","","","W","T",0,1,0,0,0,"F"
1,1,3,0,"BBBB","narvo001","","","W.1-2","T",0,1,2,0,0,"F"
1,1,2,2,"BCCBFS","taylt002","narvo001","","K","T",1,0,1,2,0,"F"
1,2,3,2,"BFSBB>X","taylt002","narvo001","","53/G56","T",1,0,1,2,0,"F"
0,0,1,2,".SSB*S","","","","K","T",1,0,0,0,0,"F"
0,1,3,2,"BBCBFB","","","","W","T",0,1,0,0,0,"F"
0,1,2,2,"BCBFFX","contw001","","","46(1)3/GDP/G4","T",2,0,0,0,0,"F"
1,0,2,0,"......BBX","","","","7/F7D","T",1,0,0,0,0,"F"
1,1,2,2,".CBBCS","","","","K","T",1,0,0,0,0,"F"
1,2,3,1,"BBBCX","","","","D7/G5","T",0,2,0,0,0,"F"
1,2,1,2,"*BFFX","","urial001","","1/G1","T",1,0,0,2,0,"F"
0,0,0,1,"..TX","","","","8/F78D","T",1,0,0,0,0,"F"
0,1,2,2,".CBCBC","","","","K","T",1,0,0,0,0,"F"
0,2,0,1,"FX","","","","63/G6M","T",1,0,0,0,0,"F"
0,0,1,1,"BCX","","","","S9/L9S","T",0,1,0,0,0,"T"
0,0,1,2,"CBFB","indij001","","","WP.1-2","F",0,0,2,0,0,"F"
0,0,3,2,"CBFB.BB","","indij001","","W","T",0,1,0,2,0,"F"
0,0,0,2,"FCX","winkj002","indij001","","S9/L89S.2-3;1-2","T",0,1,2,3,0,"F"
0,0,2,2,"CBCBFS","castn001","winkj002","indij001","K","T",1,0,1,2,3,"F"
0,1,3,2,"SBBBSFT","castn001","winkj002","indij001","K","T",1,0,1,2,3,"F"
0,2,2,1,"BFBX","castn001","winkj002","indij001","3/L4","T",1,0,1,2,3,"F"
1,0,3,2,"CCBBBB","","","","W","T",0,1,0,0,0,"F"
1,0,0,2,"CSH","urial001","","","HP.1-2","T",0,1,2,0,0,"F"
1,0,2,2,"BBFFX","yelic001","urial001","","54(1)/FO/G56.2-3;B-1","T",1,1,0,3,0,"F"
1,1,3,1,"CBB*BB","adamw002","","urial001","W.1-2","T",0,1,2,0,3,"F"
1,1,1,1,"FBX","narvo001","adamw002","urial001","S1/G2-.3-H;2-3;1-2","T",0,1,2,3,4,"F"
1,1,3,0,"BB*B*B","garca003","narvo001","adamw002","W.3-H;2-3;1-2","T",0,1,2,3,4,"F"
1,1,1,2,"SFBFX","petej002","garca003","narvo001","54(1)3/GDP/G56","T",2,0,0,2,3,"F"
0,0,1,1,"FBX","","","","S9/G34+","T",0,1,0,0,0,"F"
0,0,0,2,"CFH","barnt001","","","HP.1-2","T",0,1,2,0,0,"F"
0,0,1,0,"B+2X","farmk001","barnt001","","15(2)/FO/BG1S.1-2;B-1","T",1,1,2,0,0,"F"
0,1,3,1,"BBCBB","mahlt001","farmk001","","W.2-3;1-2","T",0,1,2,3,0,"F"
0,1,2,2,"CBCBS","indij001","mahlt001","farmk001","K","T",1,0,1,2,3,"F"
0,2,1,2,"*BSSS","indij001","mahlt001","farmk001","K","T",1,0,1,2,3,"F"
1,0,3,2,"BBBCSX","","","","63/G4D","T",1,0,0,0,0,"F"
1,1,1,2,"CSBS","","","","K","T",1,0,0,0,0,"F"
1,2,3,1,"CBBBX","","","","S7/L56D","T",0,1,0,0,0,"F"
1,2,3,2,"BCBSB>S","urial001","","","K","T",1,0,1,0,0,"F"
0,0,0,1,"FX","","","","D9/F9D","T",0,2,0,0,0,"F"
0,0,2,1,"SBBX","","vottj001","","S5/G5S.2-2","T",0,1,0,2,0,"F"
0,0,0,0,"X","naqut001","vottj001","","64(1)3/GDP/G56.2-3","T",2,0,0,3,0,"F"
0,2,2,0,"BBX","","","vottj001","8/F89D","T",1,0,0,0,3,"F"
1,0,3,1,"CBBBB","","","","W","T",0,1,0,0,0,"F"
1,0,1,1,"CB>X","adamw002","","","2/P2F/FL","T",1,0,1,0,0,"F"
1,1,0,0,"X","adamw002","","","3/P4S","T",1,0,1,0,0,"F"
1,2,1,2,"B1CCX","adamw002","","","3/G3","T",1,0,1,0,0,"F"
0,0,0,0,"X","","","","8/F8","T",1,0,0,0,0,"F"
0,1,2,2,"CFBFBS","","","","K","T",1,0,0,0,0,"F"
0,2,1,2,"CCBC","","","","K","T",1,0,0,0,0,"F"
1,0,3,2,"BSBBSS","","","","K","T",1,0,0,0,0,"F"
1,1,1,2,"BSSX","","","","43/G4D","T",1,0,0,0,0,"F"
1,2,1,2,"CBCC","","","","K","T",1,0,0,0,0,"F"
0,0,2,0,"BBX","","","","E4/G34D.B-1","T",0,1,0,0,0,"F"
0,0,0,1,"CX","winkj002","","","54(1)/FO/G56D.B-1","T",1,1,0,0,0,"F"
0,1,3,2,"CBBBCB","castn001","","","W.1-2","T",0,1,2,0,0,"F"
0,1,3,2,"BCSBFBFFFB","vottj001","castn001","","W.2-3;1-2","T",0,1,2,3,0,"F"
0,1,0,0,".X","naqut001","vottj001","castn001","3/L34-","T",1,0,1,2,3,"F"
0,2,0,0,"B","naqut001","vottj001","castn001","WP.3-H(NR)(UR);2-3;1-2","F",0,0,2,3,5,"F"
0,2,1,0,"B.B","","naqut001","vottj001","WP.3-H(NR)(UR);2-3","F",0,0,0,3,5,"F"
0,2,2,0,"B.B.X","","","naqut001","S9/G34.3-H(UR)","T",0,1,0,0,5,"F"
0,2,2,1,"*BBSX","barnt001","","","54(1)/FO/G5.B-1","T",1,1,0,0,0,"F"
1,0,1,1,"BFX","","","","53/G5","T",1,0,0,0,0,"F"
1,1,0,1,"TX","","","","13/G15-","T",1,0,0,0,0,"F"
1,2,0,2,"SSC","","","","K","T",1,0,0,0,0,"F"
0,0,1,2,"CCBC","","","","K","T",1,0,0,0,0,"F"
0,1,2,2,"BBCCS","","","","K","T",1,0,0,0,0,"F"
0,2,0,2,"CFX","","","","6/L56D","T",1,0,0,0,0,"F"
1,0,1,1,"BSX","","","","D9/F9LD","T",0,2,0,0,0,"F"
1,0,0,2,"SFFS","","narvo001","","K","T",1,0,0,2,0,"F"
1,1,1,2,"FCBX","","narvo001","","1/G23-.2-3","T",1,0,0,3,0,"F"
1,2,0,1,"CX","","","narvo001","D7/F7D.3-H","T",0,2,0,0,4,"F"
1,2,1,1,"BSX","","hiurk001","","5/P5D","T",1,0,0,2,0,"F"
0,0,0,0,".X","","","","53/G5","T",1,0,0,0,0,"F"
0,1,1,2,"SCBX","","","","53/G4","T",1,0,0,0,0,"F"
0,2,0,2,"CSX","","","","13/G6MS","T",1,0,0,0,0,"F"
1,0,0,0,"..X","","","","43/G6MD","T",1,0,0,0,0,"F"
1,1,3,2,"CBSBBB","","","","W","T",0,1,0,0,0,"F"
1,1,0,1,"CX","urial001","","","5/P5D","T",1,0,1,0,0,"F"
1,2,0,0,".>B","urial001","","","SB2","F",0,0,2,0,0,"F"
1,2,1,2,".>B.SFX","","urial001","","S8/L8S+.2XH(82)","T",1,1,0,0,0,"F"
0,0,3,2,".BCBCFBX","","","","53/G56","T",1,0,0,0,0,"F"
0,1,0,2,"CSS","","","","K","T",1,0,0,0,0,"F"
0,2,1,2,"BCCS","","","","K","T",1,0,0,0,0,"F"
1,0,2,2,".BBSCX","","","","S64/G4","T",0,1,0,0,0,"F"
1,0,2,2,"FB*BFX","narvo001","","","HR/F8XD.1-H","T",0,4,4,0,0,"F"
1,0,2,2,"BBCSX","","","","31/G3","T",1,0,0,0,0,"F"
1,1,1,1,"BSX","","","","D7/G5","T",0,2,0,0,0,"F"
1,1,3,0,".BBBB","","hiurk001","","W","T",0,1,0,2,0,"F"
1,1,0,2,".CFC","bradj001","hiurk001","","K","T",1,0,1,2,0,"F"
1,2,1,0,"*BX","bradj001","hiurk001","","9/F89S","T",1,0,1,2,0,"F"
0,0,0,2,"..CFFS","","","","K","T",1,0,0,0,0,"F"
0,1,1,1,"BCX","","","","3/P3DF/FL","T",1,0,0,0,0,"F"
0,2,3,2,"CBBCFBC","","","","K","T",1,0,0,0,0,"F"
0,0,1,2,"CCFBFFX","","","","S9/G4S","T",0,1,0,0,0,"T"
0,0,0,2,"CFC","indij001","","","K","T",1,0,1,0,0,"F"
0,1,0,0,"X","indij001","","","8/F89","T",1,0,1,0,0,"F"
0,2,3,2,"CBBBC>B","indij001","","","W.1-2","T",0,1,2,0,0,"F"
0,2,3,2,"FFBBB>S","vottj001","indij001","","K","T",1,0,1,2,0,"F"
1,0,1,2,"BFCC","","","","K","T",1,0,0,0,0,"F"
1,1,1,2,"CSBX","","","","D7/L7S+","T",0,2,0,0,0,"F"
1,1,3,2,"CB*BBC*B","","adamw002","","W","T",0,1,0,2,0,"F"
1,1,1,0,"BX","yelic001","adamw002","","64(1)3/GDP/G6D+","T",2,0,0,2,0,"F"
0,0,0,0,"X","","","","9/F9LS","T",1,0,0,0,0,"F"
0,1,2,0,"BBX","","","","9/F89XD","T",1,0,0,0,0,"F"
0,2,0,0,"X","","","","S5/G56D","T",0,1,0,0,0,"F"
0,2,0,0,"X","barnt001","","","53/G5","T",1,0,1,0,0,"F"
1,0,1,2,"BFFS","","","","K","T",1,0,0,0,0,"F"
1,1,0,1,"CX","","","","43/G4","T",1,0,0,0,0,"F"
1,2,3,2,"CBSBBB","","","","W","T",0,1,0,0,0,"F"
1,2,0,2,"1CCX","hiurk001","","","4/P4D","T",1,0,1,0,0,"F"
0,0,0,0,"X","","","","53/G56","T",1,0,0,0,0,"F"
0,1,1,0,"BX","","","","13/G13","T",1,0,0,0,0,"F"
0,2,0,1,"FX","","","","9/F9D","T",1,0,0,0,0,"F"
1,0,1,2,"CFBS","","","","K","T",1,0,0,0,0,"F"
1,1,1,0,"BX","","","","4/L4MD+","T",1,0,0,0,0,"F"
1,2,2,2,"FBBCS","","","","K","T",1,0,0,0,0,"F"
0,0,0,2,"CCX","","","","63/G6","T",1,0,0,0,0,"F"
0,1,3,2,"BBBCSFB","","","","W","T",0,1,0,0,0,"F"
0,1,1,2,"CSBX","suare001","","","S7/L7S.1-2","T",0,1,2,0,0,"F"
0,1,0,1,"CX","aquia001","suare001","","6/F6D","T",1,0,1,2,0,"F"
0,2,0,2,"CFX","aquia001","suare001","","D7/L7LS.2-H;1X3(765)","T",1,2,0,4,0,"F"
1,0,0,1,"CX","","","","7/F78","T",1,0,0,0,0,"F"
1,1,3,2,"SBFFBBX","","","","63/G6D","T",1,0,0,0,0,"F"
1,2,0,1,"CX","","","","63/G56","T",1,0,0,0,0,"F"
0,0,1,1,"CBX","","","","63/G6MD","T",1,0,0,0,0,"F"
0,1,3,2,"CBBCBX","","","","S7/L7S","T",0,1,0,0,0,"F"
0,1,3,0,"BBBB","indij001","","","W.1-2","T",0,1,2,0,0,"F"
0,1,1,2,"*BFFX","winkj002","indij001","","8/F8","T",1,0,1,2,0,"F"
0,2,2,2,"BFSBS","winkj002","indij001","","K","T",1,0,1,2,0,"F"
1,0,0,2,"CCFX","","","","S6/G6","T",0,1,0,0,0,"F"
1,0,0,1,"LX","petej002","","","3/P3F/FL","T",1,0,1,0,0,"F"
1,1,1,0,"BX","petej002","","","S7/G56+.1-2","T",0,1,2,0,0,"F"
1,1,0,0,"X","pinam001","petej002","","14/SH/BG25.2-3;1-2","T",1,0,2,3,0,"F"
1,2,0,1,"CX","","pinam001","petej002","9/F89","T",1,0,0,2,3,"F"
0,0,0,1,"CX","","","","4/P4MD","T",1,0,0,0,0,"F"
0,1,3,1,"BBBCB","","","","W","T",0,1,0,0,0,"F"
0,1,0,1,"FX","aquia001","","","3/P3F/FL","T",1,0,1,0,0,"F"
0,2,2,2,"1F1FBBX","aquia001","","","7/F7D","T",1,0,1,0,0,"F"
1,0,0,0,"X","","","","S8/L8","T",0,1,0,0,0,"F"
1,0,3,2,"B*BBCCFX","adamw002","","","9/F9L","T",1,0,1,0,0,"F"
1,1,0,0,"1X","adamw002","","","54(1)/FO/G56.B-1","T",1,1,0,0,0,"F"
1,2,1,0,"1BX","garca003","","","5/L5","T",1,0,1,0,0,"F"
0,0,1,0,".BX","","","","D9/L9L+.B-3(E9/TH)","T",0,3,0,0,0,"F"
0,0,2,2,"SS*BBFS","","","milew001","K","T",1,0,0,0,3,"F"
0,1,3,2,"SFB*BFBFFFFX","","","milew001","D9/L9LS+.3-H","T",0,2,0,0,4,"F"
0,1,1,2,"BFSX","","winkj002","","53/G5","T",1,0,0,2,0,"F"
0,2,3,0,"VVVV","","winkj002","","IW","T",0,1,0,2,0,"F"
0,2,0,2,"CFB","vottj001","winkj002","","WP.2-3;1-2","F",0,0,2,3,0,"F"
0,2,1,2,"CFB.S","","vottj001","winkj002","K","T",1,0,0,2,3,"F"
1,0,2,1,"BBCX","","","","S87/L78+.BX2(874)","T",1,0,0,0,0,"F"
1,1,1,0,"BX","","","","D9/F9LS","T",0,2,0,0,0,"F"
1,1,1,0,"BX","","hiurk001","","63/G56D","T",1,0,0,2,0,"F"
1,2,3,1,".BBBCX","","hiurk001","","7/F7D","T",1,0,0,2,0,"F"
0,0,0,2,".SCS","","","","K","T",1,0,0,0,0,"F"
0,1,2,2,"BSBFC","","","","K","T",1,0,0,0,0,"F"
0,2,2,2,"SBFBS","","","","K","T",1,0,0,0,0,"F"
1,0,1,2,"TBCX","","","","6/P6","T",1,0,0,0,0,"F"
1,1,3,1,"BFBBB","","","","W","T",0,1,0,0,0,"F"
1,1,3,2,"CBBBSX","adamw002","","","56(1)/FO/G56D+/DP/RINT.BX1(63)","T",2,0,0,0,0,"F"
0,0,1,2,".CFBS","","","","K","T",1,0,0,0,0,"F"
0,1,0,0,"H","","","","HP","T",0,1,0,0,0,"F"
0,1,2,0,"BBX","indij001","","","56(1)3/GDP/G4+","T",2,0,0,0,0,"F"
1,0,0,0,"X","","","","D7/L7S+","T",0,2,0,0,0,"F"
1,0,2,2,"..FCBF*BS","","garca003","","K","T",1,0,0,2,0,"F"
1,1,0,2,"CCC","","garca003","","K","T",1,0,0,2,0,"F"
1,2,0,2,".SFS","","garca003","","K","T",1,0,0,2,0,"F"
0,0,2,2,"CSBFBS","","","","K","T",1,0,0,0,0,"T"
0,1,1,0,"BX","","","","7/F78","T",1,0,0,0,0,"F"
0,2,2,2,"CBBSX","","","","4/F4D","T",1,0,0,0,0,"F"
1,0,1,1,"CBH","","","","HP","T",0,1,0,0,0,"F"
1,0,2,1,"BBF1X","urial001","","","8/F8","T",1,0,1,0,0,"F"
1,1,0,1,"C1X","urial001","","","7/F78D","T",1,0,1,0,0,"F"
1,2,0,0,">B","urial001","","","SB2","F",0,0,2,0,0,"F"
1,2,3,1,">B.BBCX","","urial001","","S5/G5.2-3","T",0,1,0,3,0,"F"
1,2,1,0,"*BX","narvo001","","urial001","S9/L3D.3-H;1-3","T",0,1,3,0,4,"F"
1,2,3,2,"B1S1FF*B*B>F>X","garca003","","narvo001","5/P56","T",1,0,1,0,3,"F"
0,0,2,2,"CCBBX","","","","7/F7D","T",1,0,0,0,0,"F"
0,1,0,2,"CCS","","","","K","T",1,0,0,0,0,"F"
0,2,1,2,"CSBS","","","","K","T",1,0,0,0,0,"F"
1,0,3,2,"CBCBFBFB","","","","W","T",0,1,0,0,0,"F"
1,0,0,2,"F1SF1X","tellr001","","","8/F8D","T",1,0,1,0,0,"F"
1,1,0,1,"1CX","tellr001","","","4/L34","T",1,0,1,0,0,"F"
1,2,0,2,"1TFX","tellr001","","","53/G56S","T",1,0,1,0,0,"F"
0,0,1,1,"CBX","","","","43/G34D","T",1,0,0,0,0,"F"
0,1,1,2,"SSBH","","","","HP","T",0,1,0,0,0,"F"
0,1,1,2,"LBLL","freem002","","","K","T",1,0,1,0,0,"F"
0,2,0,2,"SS>B","freem002","","","SB2","F",0,0,2,0,0,"F"
0,2,2,2,"SS>B.*BX","","freem002","","53/G56+","T",1,0,0,2,0,"F"
1,0,2,2,"BFBFX","","","","S7/G56","T",0,1,0,0,0,"F"
1,0,0,1,"SX","yelic001","","","54(1)3/GDP/G5S","T",2,0,0,0,0,"F"
1,2,0,2,"FTX","","","","7/F7","T",1,0,0,0,0,"F"
0,0,2,1,"BCBX","","","","3/P3F/FL","T",1,0,0,0,0,"F"
0,1,2,2,"BSSBC","","","","K","T",1,0,0,0,0,"F"
0,2,3,2,"BBBCFB","","","","W","T",0,1,0,0,0,"F"
0,2,2,2,"BBSFFFFFFC","vottj001","","","K","T",1,0,1,0,0,"F"
1,0,1,2,"FFBX","","","","7/F7D","T",1,0,0,0,0,"F"
1,1,0,2,"CCX","","","","3/G3","T",1,0,0,0,0,"F"
1,2,0,1,"FX","","","","9/F1S","T",1,0,0,0,0,"F"
0,0,1,0,"BX","","","","6/P56","T",1,0,0,0,0,"F"
0,1,0,0,"X","","","","9/F89D","T",1,0,0,0,0,"F"
0,2,3,2,"CFBBFBFB","","","","W","T",0,1,0,0,0,"F"
0,2,2,2,"BFBFX","freem002","","","43/G34D","T",1,0,1,0,0,"F"
1,0,1,1,"BFX","","","","63/G1S","T",1,0,0,0,0,"F"
1,1,3,2,"BBBCCX","","","","43/G4D","T",1,0,0,0,0,"F"
1,2,0,1,"CX","","","","7/F78D","T",1,0,0,0,0,"F"
0,0,0,0,"H","","","","HP","T",0,1,0,0,0,"F"
0,0,1,1,"C1BX","indij001","","","S6/G56.1-2","T",0,1,2,0,0,"F"
0,0,3,2,"BTBSBX","winkj002","indij001","","HR/F7LD.2-H;1-H","T",0,4,4,4,0,"F"
0,0,3,2,"..FCBFBBS","","","","K","T",1,0,0,0,0,"F"
0,1,1,2,"CTFFBFX","","","","3/G3","T",1,0,0,0,0,"F"
0,2,2,2,"FFBBT","","","","K","T",1,0,0,0,0,"F"
1,0,0,0,"X","","","","S1/BG25.BX2(4)","T",1,0,0,0,0,"F"
1,1,3,2,"BBCB.CX","","","","9/F9L","T",1,0,0,0,0,"F"
1,2,3,1,"BBBCB","","","","W","T",0,1,0,0,0,"F"
1,2,0,0,"X","narvo001","","","D7/L5D+.1XH(762)","T",1,2,0,0,0,"F"
0,0,0,1,".FX","","","","31/G34","T",1,0,0,0,0,"F"
0,1,3,2,"BBFFBS","","","","K","T",1,0,0,0,0,"F"
0,2,2,1,".BFBX","","","","S7/L7LS","T",0,1,0,0,0,"F"
0,2,0,2,"11CF>B","aquia001","","","CS2(24)","F",1,0,0,0,0,"F"
1,0,1,2,".BCFC","","","","K","T",1,0,0,0,0,"F"
1,1,1,2,".BSSF*S","","","","K","T",1,0,0,0,0,"F"
1,2,1,2,"SBFC","","","","K","T",1,0,0,0,0,"F"
0,0,0,2,"..CCC","","","","K","T",1,0,0,0,0,"F"
0,1,1,2,"CFBX","","","","S8/L8S","T",0,1,0,0,0,"F"
0,1,3,1,"BFBBB","winkj002","","","W.1-2","T",0,1,2,0,0,"F"
0,1,3,2,"BTBSBS","castn001","winkj002","","K","T",1,0,1,2,0,"F"
0,2,0,2,".FSX","castn001","winkj002","","64(1)/FO/G6MD.B-1","T",1,1,0,2,0,"F"
1,0,1,0,"...BX","","","","3/P3","T",1,0,0,0,0,"F"
1,1,3,1,"BBBCB","","","","W","T",0,1,0,0,0,"F"
1,1,3,2,"CB*BBFX","urial001","","","HR/F7D.1-H","T",0,4,4,0,0,"F"
1,1,3,2,"BSCBBFX","","","","7/F7","T",1,0,0,0,0,"F"
1,2,1,2,"FBCX","","","","D7/F78XD","T",0,2,0,0,0,"F"
1,2,3,0,"VVVV","","narvo001","","IW","T",0,1,0,2,0,"F"
1,2,2,2,".BFBCS","garca003","narvo001","","K","T",1,0,1,2,0,"F"
0,0,2,0,".BBX","","","","HR/F9D","T",0,4,0,0,0,"F"
0,0,2,2,"FCBFBS","","","","K","T",1,0,0,0,0,"F"
0,1,1,2,"SCBC","","","","K","T",1,0,0,0,0,"F"
0,2,1,2,"SBFX","","","","9/F89D","T",1,0,0,0,0,"F"
1,0,3,2,".CBBBSFT","","","","K","T",1,0,0,0,0,"F"
1,1,0,1,"FX","","","","43/G34","T",1,0,0,0,0,"F"
1,2,3,2,".BCFBBB","","","","W","T",0,1,0,0,0,"F"
1,2,1,1,"BCX","reyep001","","","7/F7D+","T",1,0,1,0,0,"F"
0,0,0,1,"SX","","","","63/G6S-","T",1,0,0,0,0,"T"
0,1,2,2,"FBFBFFX","","","","S7/F7LS","T",0,1,0,0,0,"F"
0,1,1,0,"BX","winkj002","","","D7/L78XD+.1-3","T",0,2,3,0,0,"F"
0,1,0,0,"X","","castn001","winkj002","S8/L8+.3-H;2-3","T",0,1,0,3,4,"F"
0,1,2,2,"CBBFX","vottj001","","castn001","46(1)3/GDP/G4","T",2,0,0,0,3,"F"
1,0,0,1,"FX","","","","S7/G56","T",0,1,0,0,0,"F"
1,0,2,2,"SBCBX","urial001","","","3/G34.1-2","T",1,0,2,0,0,"F"
1,1,2,2,"CFBBFFS","","urial001","","K","T",1,0,0,2,0,"F"
1,2,1,1,"TBX","","urial001","","2/P2F/FL","T",1,0,0,2,0,"F"
0,0,0,1,"CX","","","","5/P6S","T",1,0,0,0,0,"F"
0,1,1,2,"CCBFX","","","","4/P4D","T",1,0,0,0,0,"F"
0,2,2,2,"FCBBFX","","","","S8/F8S","T",0,1,0,0,0,"F"
0,2,0,0,"X","freem002","","","S7/L56D.1-2","T",0,1,2,0,0,"F"
0,2,0,2,"CCS","castl003","freem002","","K","T",1,0,1,2,0,"F"
1,0,2,2,"BSBSFS","","","","K","T",1,0,0,0,0,"F"
1,1,3,0,"BBBB","","","","W","T",0,1,0,0,0,"F"
1,1,1,2,"CB1FX","petej002","","","45(1)/FO/G3.B-1","T",1,1,0,0,0,"F"
1,2,3,1,"BBBCB","tellr001","","","W.1-2","T",0,1,2,0,0,"F"
1,2,0,2,"SCX","bradj001","tellr001","","9/L89D","T",1,0,1,2,0,"F"
0,0,3,1,"BBBCX","","","","43/G4+","T",1,0,0,0,0,"F"
0,1,3,1,"BSBBX","","","","53/G56","T",1,0,0,0,0,"F"
0,2,1,1,"CBX","","","","3/G3-","T",1,0,0,0,0,"F"
1,0,1,0,"BX","","","","63/G6","T",1,0,0,0,0,"F"
1,1,2,2,"BCCBC","","","","K","T",1,0,0,0,0,"F"
1,2,0,0,"X","","","","53/G5","T",1,0,0,0,0,"F"
0,0,2,2,"CBBFX","","","","S9/L9LS","T",0,1,0,0,0,"F"
0,0,0,2,"SFFS","stept001","","","K","T",1,0,1,0,0,"F"
0,1,3,2,"FC*BFFBBFX","stept001","","","64(1)/FO/G56.B-1","T",1,1,0,0,0,"F"
0,2,0,1,"SX","suare001","","","S4/G3.1-2","T",0,1,2,0,0,"F"
0,2,0,2,"S*SX","freem002","suare001","","6/L6D","T",1,0,1,2,0,"F"
1,0,3,2,"BSBBFX","","","","8/F8XD","T",1,0,0,0,0,"F"
1,1,0,1,"FX","","","","S8/G6M","T",0,1,0,0,0,"F"
1,1,2,0,"B11BX","garca003","","","8/F89D","T",1,0,1,0,0,"F"
1,2,3,2,"SFBBB>F>F>B","garca003","","","W.1-2","T",0,1,2,0,0,"F"
1,2,3,0,"BBBB","tellr001","garca003","","W.2-3;1-2","T",0,1,2,3,0,"F"
1,2,1,2,"CCBS","bradj001","tellr001","garca003","K","T",1,0,1,2,3,"F"
0,0,2,2,"CBFBX","","","","S8/L8","T",0,1,0,0,0,"F"
0,0,0,2,"CSFFFX","indij001","","","8/F8XD","T",1,0,1,0,0,"F"
0,1,0,2,"CSFFFC","indij001","","","K","T",1,0,1,0,0,"F"
0,2,1,2,"BFFS","indij001","","","K","T",1,0,1,0,0,"F"
1,0,2,2,"BCBCS","","","","K","T",1,0,0,0,0,"F"
1,1,2,1,"FBBX","","","","S8/G4M+","T",0,1,0,0,0,"F"
1,1,3,2,"BCBBT>B","yelic001","","","W.1-2","T",0,1,2,0,0,"F"
1,1,1,2,"SS*BX","adamw002","yelic001","","1/L1/DP.1X1(13)","T",2,0,0,2,0,"F"
0,0,2,1,"CBBX","","","","S9/L89S","T",0,1,0,0,0,"F"
0,0,3,2,"BBBCFFX","stept001","","","7/L7","T",1,0,1,0,0,"F"
0,1,2,1,"BBTX","stept001","","","54(1)3/GDP/G56","T",2,0,0,0,0,"F"
1,0,1,2,"SBSS","","","","K","T",1,0,0,0,0,"F"
1,1,3,1,"BCBBB","","","","W","T",0,1,0,0,0,"F"
1,1,0,2,"..FS*S","petej002","","","K","T",1,0,1,0,0,"F"
1,2,0,1,"C>C","petej002","","","SB2","F",0,0,2,0,0,"F"
1,2,0,2,"C>C.X","","petej002","","S9/G34.2-H","T",0,1,0,4,0,"F"
1,2,3,2,".CF*BFFBFB>F>S","bradj001","","","K","T",1,0,1,0,0,"F"
0,0,1,2,"..CBCS","","","","K","T",1,0,0,0,0,"F"
0,1,0,2,".CTS","","","","K","T",1,0,0,0,0,"F"
0,2,3,2,"CBBFBB","","","","W","T",0,1,0,0,0,"F"
0,2,1,2,"BCFT","indij001","","","K","T",1,0,1,0,0,"F"
1,0,1,0,".BX","","","","6/L6D","T",1,0,0,0,0,"F"
1,1,3,2,"FCBFB.BX","","","","31/G34","T",1,0,0,0,0,"F"
1,2,2,2,"BFBFX","","","","S9/F89S","T",0,1,0,0,0,"F"
1,2,0,1,"F>B","adamw002","","","CS2(26)","F",1,0,0,0,0,"F"
0,0,2,2,".BSBFS","","","","K","T",1,0,0,0,0,"F"
0,1,3,2,"CBCBBX","","","","S4/G4","T",0,1,0,0,0,"F"
0,1,1,2,"CCBX","vottj001","","","23/G2-.1-2","T",1,0,2,0,0,"F"
0,2,1,1,"BFX","","vottj001","","3/G3","T",1,0,0,2,0,"F"
1,0,3,2,"BFBSBX","","","","9/F89XD+","T",1,0,0,0,0,"F"
1,1,2,2,".BBSFS","","","","K","T",1,0,0,0,0,"F"
1,2,0,2,"CS*S","","","","K","T",1,0,0,0,0,"F"
0,0,0,0,".H","","","","HP","T",0,1,0,0,0,"F"
0,0,0,1,".CX","suare001","","","S8/F89XD.1-2","T",0,1,2,0,0,"F"
0,0,1,2,".FSBT","farmk001","suare001","","K","T",1,0,1,2,0,"F"
0,1,3,2,"BSB*BSFFB","farmk001","suare001","","W.2-3;1-2","T",0,1,2,3,0,"F"
0,1,2,2,"SSBBS","indij001","farmk001","suare001","K","T",1,0,1,2,3,"F"
0,2,1,0,"BX","indij001","farmk001","suare001","S8/G6M.3-H;2-H;1-3","T",0,1,3,4,4,"F"
0,2,1,1,"..BCX","castn001","","indij001","9/F9LS","T",1,0,1,0,3,"F"
1,0,2,2,"..CBBSFS","","","","K","T",1,0,0,0,0,"F"
1,1,2,2,"BCBSX","","","","7/F78","T",1,0,0,0,0,"F"
1,2,3,1,"TBBBX","","","","63/G6D+","T",1,0,0,0,0,"F"
0,0,2,0,"BBX","","","","S8/G6M+","T",0,1,0,0,0,"T"
0,0,0,2,"CF1N","merrw001","","","BK.1-2","F",0,0,2,0,0,"F"
0,0,1,2,"CF1N.BX","","merrw001","","S9/L89.2-3","T",0,1,0,3,0,"F"
0,0,3,2,"B*BSFBS","santc002","","merrw001","K","T",1,0,1,0,3,"F"
0,1,0,1,"FX","santc002","","merrw001","8/SF/F8XD+.3-H","T",1,0,1,0,4,"F"
0,2,3,2,"F*BFBFB>B","santc002","","","W.1-2","T",0,1,2,0,0,"F"
0,2,1,0,"BX","dozih001","santc002","","7/L7D","T",1,0,1,2,0,"F"
1,0,1,0,"BX","","","","7/L78D","T",1,0,0,0,0,"F"
1,1,1,2,"CCBC","","","","K","T",1,0,0,0,0,"F"
1,2,1,2,"CBCT","","","","K","T",1,0,0,0,0,"F"
0,0,3,2,"CBBCBC","","","","K","T",1,0,0,0,0,"F"
0,1,0,0,"X","","","","43/G4","T",1,0,0,0,0,"F"
0,2,1,1,"BCX","","","","8/L8D+","T",1,0,0,0,0,"F"
1,0,0,1,"CX","","","","S4/G6","T",0,1,0,0,0,"F"
1,0,3,2,"B1BST1BB","garca003","","","W.1-2","T",0,1,2,0,0,"F"
1,0,1,2,"CSFBX","taylt002","garca003","","FC5/G56.2-3;1-2(E5);B-1","T",0,1,2,3,0,"F"
1,0,3,2,"BBSFBX","urial001","taylt002","garca003","8/F8","T",1,0,1,2,3,"F"
1,1,1,0,"BX","urial001","taylt002","garca003","S7/L7S+.3-H;2-H(UR);1-2","T",0,1,2,5,4,"F"
1,1,1,1,"L*BX","pinam001","urial001","","24/SH/BG2.2-3;1-2","T",1,0,2,3,0,"F"
1,2,2,1,"BBFX","","pinam001","urial001","43/G34","T",1,0,0,2,3,"F"
0,0,1,2,"BCFX","","","","63/G6","T",1,0,0,0,0,"F"
0,1,2,1,"FBBX","","","","43/G6M","T",1,0,0,0,0,"F"
0,2,2,1,"CBBX","","","","63/G6","T",1,0,0,0,0,"F"
1,0,1,0,"BX","","","","7/F7D","T",1,0,0,0,0,"F"
1,1,1,1,"FBX","","","","8/F8XD+","T",1,0,0,0,0,"F"
1,2,0,0,"X","","","","D7/L7L+","T",0,2,0,0,0,"F"
1,2,1,2,"*BSC*S","","garca003","","K.BX1(23)","T",1,0,0,2,0,"F"
0,0,0,0,"X","","","","3/G34","T",1,0,0,0,0,"F"
0,1,2,1,"CBBX","","","","43/G4MS","T",1,0,0,0,0,"F"
0,2,0,0,"X","","","","HR/F8XD","T",0,4,0,0,0,"F"
0,2,2,1,"SBBX","","","","13/G4MS","T",1,0,0,0,0,"F"
1,0,0,0,"X","","","","5/P25","T",1,0,0,0,0,"F"
1,1,2,1,"CBBX","","","","63/G6D","T",1,0,0,0,0,"F"
1,2,2,2,"BCBCS","","","","K","T",1,0,0,0,0,"F"
0,0,2,1,"BBCX","","","","43/G4MD","T",1,0,0,0,0,"F"
0,1,1,2,"BCCF*S","","","","K","T",1,0,0,0,0,"F"
0,2,3,1,"BBBCB","","","","W","T",0,1,0,0,0,"F"
0,2,1,0,"B1X","merrw001","","","63/G6S","T",1,0,1,0,0,"F"
1,0,1,2,".CBFFFX","","","","S3/G3+","T",0,1,0,0,0,"F"
1,0,0,0,"X","tellr001","","","3/G3.1-2","T",1,0,2,0,0,"F"
1,1,1,0,"BX","","tellr001","","6/F7LSF/FL","T",1,0,0,2,0,"F"
1,2,1,0,"BX","","tellr001","","7/F7L","T",1,0,0,2,0,"F"
0,0,0,1,".FH","","","","HP","T",0,1,0,0,0,"F"
0,0,2,2,"BBCCFS","peres002","","","K","T",1,0,1,0,0,"F"
0,1,1,2,"CSFFBX","peres002","","","9/F9","T",1,0,1,0,0,"F"
0,2,0,0,"X","peres002","","","9/F9D","T",1,0,1,0,0,"F"
1,0,0,0,"X","","","","S8/G6+","T",0,1,0,0,0,"F"
1,0,1,2,"FBFX","garca003","","","3/P23","T",1,0,1,0,0,"F"
1,1,1,2,"1FF*B>C","garca003","","","K+CS2(24)/DP","T",2,0,0,0,0,"F"
0,0,1,2,"MBCX","","","","S6/G5","T",0,1,0,0,0,"F"
0,0,0,1,"CX","taylm002","","","7/F78D.1-2","T",1,0,2,0,0,"F"
0,1,2,1,".BBCX","","taylm002","","HR/F8XD.2-H","T",0,4,0,4,0,"F"
0,1,1,0,"BX","","","","43/G4M","T",1,0,0,0,0,"F"
0,2,2,0,"..BBX","","","","3/G34","T",1,0,0,0,0,"F"
1,0,2,2,".CSBBFFX","","","","S7/F78S","T",0,1,0,0,0,"F"
1,0,0,0,"X","hiurk001","","","S8/F8S.1-2","T",0,1,2,0,0,"F"
1,0,2,0,"BBX","pinam001","hiurk001","","2/P2F/FL","T",1,0,1,2,0,"F"
1,1,2,1,"BBFX","pinam001","hiurk001","","S7/L78.2-3;1-2","T",0,1,2,3,0,"F"
1,1,0,0,".X","wongk001","pinam001","hiurk001","64(1)3/GDP/G6","T",2,0,0,2,3,"F"
0,0,3,1,"SBBBX","","","","D7/L7L","T",0,2,0,0,0,"F"
0,0,0,0,"X","","peres002","","31/SH/BG34S.2-3","T",1,0,0,3,0,"F"
0,1,3,0,"BBB*B","","","peres002","W","T",0,1,0,0,3,"F"
0,1,3,1,"F*B*B*BB","dozih001","","peres002","W.1-2","T",0,1,2,0,3,"F"
0,1,2,2,".BBTFX","dysoj001","dozih001","peres002","8/SF/F8D.3-H;2-3","T",1,0,1,3,4,"F"
0,2,0,1,"F>B","dysoj001","","dozih001","SB2","F",0,0,2,0,3,"F"
0,2,2,2,"F>B.FF*BH","","dysoj001","dozih001","HP","T",0,1,0,2,3,"F"
0,2,2,2,".FBBFFS","lopen001","dysoj001","dozih001","K","T",1,0,1,2,3,"F"
1,0,3,2,"..CCBBBX","","","","7/F7","T",1,0,0,0,0,"F"
1,1,1,1,"BFX","","","","7/F78D","T",1,0,0,0,0,"F"
1,2,3,1,".BBBCB","","","","W","T",0,1,0,0,0,"F"
1,2,2,2,"*BCF*BS","narvo001","","","K","T",1,0,1,0,0,"F"
0,0,0,2,".CCFC","","","","K","T",1,0,0,0,0,"F"
0,1,2,2,"CBSBFFFX","","","","13/G25","T",1,0,0,0,0,"F"
0,2,2,2,"CSFBFFBFT","","","","K","T",1,0,0,0,0,"F"
1,0,0,2,".SCS","","","","K","T",1,0,0,0,0,"F"
1,1,2,2,"BFBFX","","","","7/F7D","T",1,0,0,0,0,"F"
1,2,0,0,"X","","","","S8/G6M","T",0,1,0,0,0,"F"
1,2,0,0,">B","bradj001","","","DI.1-2","F",0,0,2,0,0,"F"
1,2,1,2,">B.C*SS","","bradj001","","K","T",1,0,0,2,0,"F"
0,0,1,0,"BX","","","","9/F9","T",1,0,0,0,0,"T"
0,1,2,2,"BBCFX","","","","9/F89S","T",1,0,0,0,0,"F"
0,2,2,2,"BFBFS","","","","K","T",1,0,0,0,0,"F"
1,0,2,2,"CSBBC","","","","K","T",1,0,0,0,0,"F"
1,1,1,0,"BX","","","","7/F78","T",1,0,0,0,0,"F"
1,2,0,2,"CFS","","","","K","T",1,0,0,0,0,"F"
0,0,2,2,"CSBBFX","","","","43/G4","T",1,0,0,0,0,"F"
0,1,3,2,"BBFFFBX","","","","7/F78S","T",1,0,0,0,0,"F"
0,2,2,0,"BBX","","","","6/P6","T",1,0,0,0,0,"F"
1,0,1,1,"BCX","","","","43/G34D","T",1,0,0,0,0,"F"
1,1,0,0,"X","","","","8/F8XD+","T",1,0,0,0,0,"F"
1,2,3,1,"CBBBX","","","","S8/G1S","T",0,1,0,0,0,"F"
1,2,0,1,"FX","petej002","","","63/G6M","T",1,0,1,0,0,"F"
0,0,2,2,"CCBFFBC","","","","K","T",1,0,0,0,0,"F"
0,1,3,2,"CBBBSFS","","","","K","T",1,0,0,0,0,"F"
0,2,1,2,"CCBS","","","","K","T",1,0,0,0,0,"F"
1,0,0,2,"SFFFC","","","","K","T",1,0,0,0,0,"F"
1,1,0,1,"CX","","","","S7/L7+","T",0,1,0,0,0,"F"
1,1,3,2,"BBBCFS","lauee001","","","K","T",1,0,1,0,0,"F"
1,2,2,1,"BCBX","lauee001","","","S8/L89S.1-2","T",0,1,2,0,0,"F"
1,2,1,0,"*BX","yelic001","lauee001","","53/G5","T",1,0,1,2,0,"F"
0,0,1,0,"BX","","","","S5/G5.B-2(E5/TH)","T",0,2,0,0,0,"F"
0,0,2,2,"BFFBS","","merrw001","","K","T",1,0,0,2,0,"F"
0,1,0,2,"SFS","","merrw001","","K","T",1,0,0,2,0,"F"
0,2,1,1,"BC+2X","","merrw001","","D7/L7LS.2-H","T",0,2,0,4,0,"F"
0,2,1,2,"SSFBFX","","benia002","","S7/L7S.2-H","T",0,1,0,4,0,"F"
0,2,1,2,"B1FFX","dozih001","","","5/L56S","T",1,0,1,0,0,"F"
1,0,0,2,"CFC","","","","K","T",1,0,0,0,0,"F"
1,1,0,1,"FX","","","","43/G4","T",1,0,0,0,0,"F"
1,2,1,2,"CFBT","","","","K","T",1,0,0,0,0,"F"
0,0,2,2,"BFBFX","","","","1/L6MS","T",1,0,0,0,0,"F"
0,1,1,0,"BX","","","","S7/G6","T",0,1,0,0,0,"F"
0,1,0,1,"1LX","lopen001","","","13/SH/BG23.1-2","T",1,0,2,0,0,"F"
0,2,0,2,"CCFX","","lopen001","","4/P34","T",1,0,0,2,0,"F"
1,0,3,0,"BBBB","","","","W","T",0,1,0,0,0,"F"
1,0,1,1,"CBX","urial001","","","S8/L89S.1-3","T",0,1,3,0,0,"F"
1,0,1,2,".CFFBX","bradj001","","urial001","8/SF/F89XD.3-H","T",1,0,1,0,4,"F"
1,1,1,1,"1BF1X","bradj001","","","S5/BG25.1-2","T",0,1,2,0,0,"F"
1,1,1,0,"BX","wongk001","bradj001","","D7/L7S+.2-H;1-3","T",0,2,3,4,0,"F"
1,1,1,1,"BFX","","yelic001","wongk001","63/G56S.3-H","T",1,0,0,2,4,"F"
1,2,1,0,"*BX","","yelic001","","9/F9D","T",1,0,0,2,0,"F"
0,0,1,0,".BX","","","","S8/L8S+","T",0,1,0,0,0,"F"
0,0,2,1,"BSB1X","santc002","","","9/F9S","T",1,0,1,0,0,"F"
0,1,0,1,"CX","santc002","","","FC/G34.1-2(E3);B-1","T",0,1,2,0,0,"F"
0,1,2,2,"FBSBX","benia002","santc002","","S7/L78S.2-H(UR);1-2","T",0,1,2,5,0,"F"
0,1,2,1,"BBCX","dozih001","benia002","","7/F7D","T",1,0,1,2,0,"F"
0,2,2,1,".CB*BX","dozih001","benia002","","S4/G4M.2-3;1-2","T",0,1,2,3,0,"F"
0,2,1,0,"BX","mcbrr001","dozih001","benia002","D9/L9LD+.3-H(UR);2-H(UR);1-3","T",0,2,3,5,5,"F"
0,2,3,2,"CBCBFBX","","lopen001","mcbrr001","63/G6","T",1,0,0,2,3,"F"
1,0,2,2,"..BFTBX","","","","13/G1","T",1,0,0,0,0,"F"
1,1,2,1,"BBCX","","","","3/G3S-","T",1,0,0,0,0,"F"
1,2,3,2,"FFBFBB*B","","","","W","T",0,1,0,0,0,"F"
1,2,1,1,"C*BX","urial001","","","46(1)/FO/G4D.B-1","T",1,1,0,0,0,"F"
0,0,2,2,".FBBSX","","","","S6/G6M","T",0,1,0,0,0,"F"
0,0,2,0,"11BB>B","merrw001","","","SB2","F",0,0,2,0,0,"F"
0,0,3,0,"11BB>B.B","","merrw001","","W","T",0,1,0,2,0,"F"
0,0,0,1,"CX","santc002","merrw001","","54(1)/FO/G56+.2-3;B-1","T",1,1,0,3,0,"F"
0,1,1,2,"BCSS","peres002","","merrw001","K","T",1,0,1,0,3,"F"
0,2,0,2,"SS>B","peres002","","merrw001","SB2","F",0,0,2,0,3,"F"
0,2,1,2,"SS>B.S","","peres002","merrw001","K","T",1,0,0,2,3,"F"
1,0,0,1,".FX","","","","53/G5F/FL","T",1,0,0,0,0,"F"
1,1,2,2,"CBFBX","","","","43/G4D","T",1,0,0,0,0,"F"
1,2,3,2,".BCBFBS","","","","K","T",1,0,0,0,0,"F"
0,0,1,0,".BX","","","","HR/F78XD","T",0,4,0,0,0,"F"
0,0,1,2,"CCBS","","","","K","T",1,0,0,0,0,"F"
0,1,1,2,"CCBFFS","","","","K","T",1,0,0,0,0,"F"
0,2,0,1,".FX","","","","8/F78S","T",1,0,0,0,0,"F"
1,0,3,1,"...BBBCB","","","","W","T",0,1,0,0,0,"F"
1,0,0,2,"CFFX","adamw002","","","6(1)3/GDP/G6M","T",2,0,0,0,0,"F"
1,2,1,1,"BSX","","","","4/F4MD","T",1,0,0,0,0,"F"
0,0,0,0,".X","","","","S7/L78S","T",0,1,0,0,0,"F"
0,0,3,2,"BFCFFBFBX","merrw001","","","6/P6MS","T",1,0,1,0,0,"F"
0,1,1,1,"CB1X","merrw001","","","S7/L7S.1-2","T",0,1,2,0,0,"F"
0,1,1,2,"BSFFX","peres002","merrw001","","8/F8S","T",1,0,1,2,0,"F"
0,2,0,0,"H","peres002","merrw001","","HP.2-3;1-2","T",0,1,2,3,0,"F"
0,2,2,2,".CBFBFX","dozih001","peres002","merrw001","43/G4","T",1,0,1,2,3,"F"
1,0,1,2,".CCBS","","","","K","T",1,0,0,0,0,"F"
1,1,1,0,"BX","","","","7/F7S+","T",1,0,0,0,0,"F"
1,2,2,2,"CBBFX","","","","43/G4","T",1,0,0,0,0,"F"
0,0,0,2,"FFS","","","","K","T",1,0,0,0,0,"T"
0,1,1,2,"CBSC","","","","K","T",1,0,0,0,0,"F"
0,2,1,1,"SBX","","","","9/F89","T",1,0,0,0,0,"F"
1,0,0,1,"CX","","","","3/G3","T",1,0,0,0,0,"F"
1,1,3,2,"CFFBBBFB","","","","W","T",0,1,0,0,0,"F"
1,1,0,0,"X","adamw002","","","S9/G34.1-3","T",0,1,3,0,0,"F"
1,1,0,0,"X","yelic001","","adamw002","46(1)3/GDP/G4MD+","T",2,0,0,0,3,"F"
0,0,2,2,"BCFFBX","","","","1/P5SF/FL","T",1,0,0,0,0,"F"
0,1,1,0,"BX","","","","D7/L7LS","T",0,2,0,0,0,"F"
0,1,3,0,"BBBB","","vauga001","","W","T",0,1,0,2,0,"F"
0,1,2,1,"BCBX","garcl004","vauga001","","53/G56S-.2-3;1-2","T",1,0,2,3,0,"F"
0,2,3,0,"VVVV","","garcl004","vauga001","IW","T",0,1,0,2,3,"F"
0,2,1,2,"CSBC","collz001","garcl004","vauga001","K","T",1,0,1,2,3,"F"
1,0,1,2,"CFBFX","","","","S8/L8","T",0,1,0,0,0,"F"
1,0,1,0,"BX","narvo001","","","54(1)3/GDP/G56","T",2,0,0,0,0,"F"
1,2,1,0,"BX","","","","6/P4M","T",1,0,0,0,0,"F"
0,0,0,0,"X","","","","63/G6","T",1,0,0,0,0,"F"
0,1,1,1,"CBX","","","","3/P3S","T",1,0,0,0,0,"F"
0,2,0,2,"SSS","","","","K.BX1(23)","T",1,0,0,0,0,"F"
1,0,0,2,"CCX","","","","9/F89","T",1,0,0,0,0,"F"
1,1,0,1,"SX","","","","43/G4D","T",1,0,0,0,0,"F"
1,2,3,2,"FBFBBFB","","","","W","T",0,1,0,0,0,"F"
1,2,1,2,"B1FFS","wongk001","","","K","T",1,0,1,0,0,"F"
0,0,1,2,"CFBS","","","","K","T",1,0,0,0,0,"F"
0,1,3,2,"FCBBBX","","","","4/L4M","T",1,0,0,0,0,"F"
0,2,2,1,"BSBX","","","","7/F78S","T",1,0,0,0,0,"F"
1,0,2,1,"CBBX","","","","5/P6","T",1,0,0,0,0,"F"
1,1,0,1,"FX","","","","S4/G6M+","T",0,1,0,0,0,"F"
1,1,0,0,"X","garca003","","","S9/L9.1-2","T",0,1,2,0,0,"F"
1,1,3,0,"BBBB","narvo001","garca003","","W.2-3;1-2","T",0,1,2,3,0,"F"
1,1,2,1,"C*B*BX","urial001","narvo001","garca003","S8/L4MD.3-H;2-3;1-2","T",0,1,2,3,4,"F"
1,1,0,0,"X","tellr001","urial001","narvo001","7/F7","T",1,0,1,2,3,"F"
1,2,0,1,".CX","tellr001","urial001","narvo001","5/P5F/FL","T",1,0,1,2,3,"F"
0,0,0,2,".CFX","","","","43/G4MD","T",1,0,0,0,0,"F"
0,1,0,1,"CX","","","","S7/G5","T",0,1,0,0,0,"F"
0,1,0,2,"CLM","collz001","","","K","T",1,0,1,0,0,"F"
0,2,1,0,"BX","collz001","","","54(1)/FO/G56.B-1","T",1,1,0,0,0,"F"
1,0,3,0,"BBBB","","","","W","T",0,1,0,0,0,"F"
1,0,0,2,"1CS>B","wongk001","","","SB2","F",0,0,2,0,0,"F"
1,0,2,2,"1CS>B.BS","","wongk001","","K","T",1,0,0,2,0,"F"
1,1,1,1,"BCX","","wongk001","","7/F7","T",1,0,0,2,0,"F"
1,2,1,1,"BSX","","wongk001","","8/F89XD+","T",1,0,0,2,0,"F"
0,0,2,2,"SBBCX","","","","43/G4D","T",1,0,0,0,0,"F"
0,1,3,1,"BBBCB","","","","W","T",0,1,0,0,0,"F"
0,1,1,2,"CSBFS","abrej003","","","K","T",1,0,1,0,0,"F"
0,2,0,1,"FX","abrej003","","","S9/G34.1-3","T",0,1,3,0,0,"F"
0,2,0,0,"X","vauga001","","abrej003","63/G6","T",1,0,1,0,3,"F"
1,0,3,2,"FBBBFX","","","","7/F7L","T",1,0,0,0,0,"F"
1,1,1,1,"FBX","","","","5/L5","T",1,0,0,0,0,"F"
1,2,3,2,"BFBFBX","","","","D9/L9L","T",0,2,0,0,0,"F"
1,2,3,0,"VVVV","","tellr001","","IW","T",0,1,0,2,0,"F"
1,2,3,2,".BBBC2C>S","taylt002","tellr001","","K","T",1,0,1,2,0,"F"
0,0,0,2,".CFS","","","","K","T",1,0,0,0,0,"F"
0,1,3,1,"CBBBB","","","","W","T",0,1,0,0,0,"F"
0,1,1,2,".BCFFFX","collz001","","","S8/G4+.1-3","T",0,1,3,0,0,"F"
0,1,0,2,"SSX","sheeg001","","collz001","FC/G56.3XH(52);1-2;B-1","T",1,1,2,0,0,"F"
0,2,1,2,"CBSX","andet001","sheeg001","","7/F7LD","T",1,0,1,2,0,"F"
1,0,1,2,".CCBX","","","","S8/L8S","T",0,1,0,0,0,"F"
1,0,3,0,"BB*BB","wongk001","","","W.1-2","T",0,1,2,0,0,"F"
1,0,3,0,"BBBB","adamw002","wongk001","","W.2-3;1-2","T",0,1,2,3,0,"F"
1,0,3,2,"*BCBBFX","yelic001","adamw002","wongk001","43/G4MS.3-H;2-3;1-2","T",1,0,2,3,4,"F"
1,1,2,2,"CBBFFC","","yelic001","adamw002","K","T",1,0,0,2,3,"F"
1,2,3,0,".*B*BBB","","yelic001","adamw002","W","T",0,1,0,2,3,"F"
1,2,3,2,"CBF*BB>F>B","urial001","yelic001","adamw002","W.3-H;2-3;1-2","T",0,1,2,3,4,"F"
1,2,2,2,".FBFFBX","tellr001","urial001","yelic001","HR/F7LD.3-H;2-H;1-H","T",0,4,4,4,4,"F"
1,2,1,2,".CSBFS","","","","K","T",1,0,0,0,0,"F"
0,0,2,2,"..CBTBFS","","","","K","T",1,0,0,0,0,"F"
0,1,0,2,"C.FX","","","","53/G4D","T",1,0,0,0,0,"F"
0,2,0,0,"X","","","","HR/F8XD","T",0,4,0,0,0,"F"
0,2,2,1,"BBFX","","","","7/F7D","T",1,0,0,0,0,"F"
1,0,1,0,"..BX","","","","43/G34","T",1,0,0,0,0,"F"
1,1,0,0,"X","","","","23/G2-","T",1,0,0,0,0,"F"
1,2,1,1,"CBX","","","","7/L7D+","T",1,0,0,0,0,"F"
0,0,0,1,".SX","","","","63/G56+","T",1,0,0,0,0,"F"
0,1,0,1,"CX","","","","43/G4D","T",1,0,0,0,0,"F"
0,2,0,2,".CSS","","","","K","T",1,0,0,0,0,"F"
0,0,2,2,"CFBBFFS","","","","K","T",1,0,0,0,0,"T"
0,1,1,0,"BX","","","","3/G3S+","T",1,0,0,0,0,"F"
0,2,1,2,"FCBF*S","","","","K","T",1,0,0,0,0,"F"
1,0,0,0,"X","","","","HR/F9LD","T",0,4,0,0,0,"F"
1,0,2,2,"FBBTX","","","","9/F9","T",1,0,0,0,0,"F"
1,1,3,2,"CBSBBX","","","","4/L34D","T",1,0,0,0,0,"F"
1,2,1,2,"BSFX","","","","8/F8XD","T",1,0,0,0,0,"F"
0,0,0,0,"X","","","","7/F78D","T",1,0,0,0,0,"F"
0,1,3,2,"BBBCFX","","","","63/G6D+","T",1,0,0,0,0,"F"
0,2,2,2,"BSFFBX","","","","9/L89","T",1,0,0,0,0,"F"
1,0,2,1,"BFBX","","","","HR/F78XD","T",0,4,0,0,0,"F"
1,0,1,1,"FBX","","","","63/G6","T",1,0,0,0,0,"F"
1,1,2,1,"BFBX","","","","S1/G4MS.B-2(E1/TH)","T",0,2,0,0,0,"F"
1,1,0,0,"H","","tellr001","","HP","T",0,1,0,2,0,"F"
1,1,0,0,"X","pinam001","tellr001","","24/SH/BG2-.2-3;1-2","T",1,0,2,3,0,"F"
1,2,2,1,"BBCX","","pinam001","tellr001","3/G3","T",1,0,0,2,3,"F"
0,0,3,2,"BBSSBS","","","","K","T",1,0,0,0,0,"F"
0,1,2,2,"BBCTC","","","","K","T",1,0,0,0,0,"F"
0,2,1,2,"CBSX","","","","63/G6M","T",1,0,0,0,0,"F"
1,0,2,2,"BSFB*S","","","","K","T",1,0,0,0,0,"F"
1,1,0,2,"CF*S","","","","K","T",1,0,0,0,0,"F"
1,2,2,0,"BBX","","","","43/G4","T",1,0,0,0,0,"F"
0,0,2,2,"SSBBFX","","","","53/G56","T",1,0,0,0,0,"F"
0,1,3,1,"BCBBX","","","","9/F9LD","T",1,0,0,0,0,"F"
0,2,0,2,"FCX","","","","S9/F9LS.BX2(96)","T",1,0,0,0,0,"F"
1,0,1,2,"CSBX","","","","S8/F8S","T",0,1,0,0,0,"F"
1,0,0,0,"1X","taylt002","","","FC/SH/BG2.1-3;B-2(E2/TH)","T",0,2,3,0,0,"F"
1,0,3,2,"SBCBFBX","","urial001","taylt002","FC3/G34S.3-H(UR);2-3;B-1","T",0,1,0,3,5,"F"
1,0,3,1,"SB*BBB","tellr001","","urial001","W.1-2","T",0,1,2,0,3,"F"
1,0,1,2,"*BCFC","pinam001","tellr001","urial001","K","T",1,0,1,2,3,"F"
1,1,2,2,"BFBSS","pinam001","tellr001","urial001","K","T",1,0,1,2,3,"F"
1,2,3,1,"BBBCB","pinam001","tellr001","urial001","W.3-H(UR);2-3;1-2","T",0,1,2,3,5,"F"
1,2,1,2,"BCCS","adamw002","pinam001","tellr001","K","T",1,0,1,2,3,"F"
0,0,3,1,"CBBBX","","","","S4/G4","T",0,1,0,0,0,"F"
0,0,1,1,"BFX","moncy001","","","S5/G25.1-2","T",0,1,2,0,0,"F"
0,0,0,0,"X","vauga001","moncy001","","S78/F78S.2-3;1-2","T",0,1,2,3,0,"F"
0,0,1,2,"CBFX","goodb001","vauga001","moncy001","2(3)/FO/G2.2-3;1-2;B-1","T",1,1,2,3,0,"F"
0,1,3,1,"FBBBB","garcl004","goodb001","vauga001","W.3-H;2-3;1-2","T",0,1,2,3,4,"F"
0,1,0,2,".STS","collz001","garcl004","goodb001","K","T",1,0,1,2,3,"F"
0,2,0,0,"X","collz001","garcl004","goodb001","9/F9","T",1,0,1,2,3,"F"
1,0,1,2,".CBS*S","","","","K","T",1,0,0,0,0,"F"
1,1,1,2,"CCBS","","","","K","T",1,0,0,0,0,"F"
1,2,1,0,"BX","","","","9/F9D","T",1,0,0,0,0,"F"
0,0,1,2,"BFFFX","","","","8/L8D+","T",1,0,0,0,0,"F"
0,1,3,2,"BFBBSFB","","","","W","T",0,1,0,0,0,"F"
0,1,2,2,"*BFCF*BS","abrej003","","","K","T",1,0,1,0,0,"F"
0,2,0,1,"CX","abrej003","","","4/F4MD","T",1,0,1,0,0,"F"
1,0,2,2,"BFBTX","","","","HR/F89XD","T",0,4,0,0,0,"F"
1,0,1,2,"CFBS","","","","K","T",1,0,0,0,0,"F"
1,1,3,2,".CBFBBB","","","","W","T",0,1,0,0,0,"F"
1,1,0,1,"S>B","petej002","","","SB2.1-3(E2/TH)","F",0,0,3,0,0,"F"
1,1,1,2,"S>B.FS","","","petej002","K","T",1,0,0,0,3,"F"
1,2,0,0,"X","","","petej002","63/G6","T",1,0,0,0,3,"F"
0,0,1,2,".BSFX","","","","S8/L8S","T",0,1,0,0,0,"F"
0,0,0,0,"X","goodb001","","","64(1)3/GDP/G6M","T",2,0,0,0,0,"F"
0,2,1,1,"SBX","","","","3/G3","T",1,0,0,0,0,"F"
1,0,1,2,"..CFBS","","","","K","T",1,0,0,0,0,"F"
1,1,0,2,"SFX","","","","8/F8D","T",1,0,0,0,0,"F"
1,2,1,2,"CBSC","","","","K","T",1,0,0,0,0,"F"
0,0,0,2,"FST","","","","K","T",1,0,0,0,0,"F"
0,1,3,2,"CBTBFBX","","","","63/G6D","T",1,0,0,0,0,"F"
0,2,3,2,"CFBBBX","","","","53/G56+","T",1,0,0,0,0,"F"
1,0,2,2,"BBCSX","","","","63/G56","T",1,0,0,0,0,"F"
1,1,3,2,"CBFBFBX","","","","HR/L8XD","T",0,4,0,0,0,"F"
1,1,2,2,"CSBBT","","","","K","T",1,0,0,0,0,"F"
1,2,3,2,".BBBCSS","","","","K","T",1,0,0,0,0,"F"
0,0,1,2,".CCFB*S","","","","K","T",1,0,0,0,0,"F"
0,1,2,2,"CBCBX","","","","43/G34D+","T",1,0,0,0,0,"F"
0,2,1,0,"BX","","","","D9/F89XD","T",0,2,0,0,0,"F"
0,2,1,1,"BFX","","vauga001","","9/L89","T",1,0,0,2,0,"F"
0,0,2,1,"BBCX","","","","13/G1","T",1,0,0,0,0,"T"
0,1,1,2,"CCBS","","","","K","T",1,0,0,0,0,"F"
0,2,1,2,"FBCFFFFS","","","","K","T",1,0,0,0,0,"F"
1,0,3,2,"BBBCFC","","","","K","T",1,0,0,0,0,"F"
1,1,1,2,"CFB*S","","","","K","T",1,0,0,0,0,"F"
1,2,1,2,"FFBS","","","","K","T",1,0,0,0,0,"F"
0,0,1,2,"BSCX","","","","S9/L9S","T",0,1,0,0,0,"F"
0,0,1,1,"BFX","moncy001","","","64(1)3/GDP/G6","T",2,0,0,0,0,"F"
0,2,3,2,"BBBCSB","","","","W","T",0,1,0,0,0,"F"
0,2,0,1,"SX","goodb001","","","S9/L9S+.1-2","T",0,1,2,0,0,"F"
0,2,0,0,"X","garcl004","goodb001","","S8/L8S.2-H;1-3;B-2","T",0,2,3,4,0,"F"
0,2,0,2,"SSX","","zavas001","garcl004","S9/L9S.3-H;2-H","T",0,1,0,4,4,"F"
0,2,0,0,"X","lynnl001","","","8/L8XD","T",1,0,1,0,0,"F"
1,0,1,2,"CBFX","","","","53/G6","T",1,0,0,0,0,"F"
1,1,2,1,"BFBX","","","","5/P5D","T",1,0,0,0,0,"F"
1,2,1,2,"CFBX","","","","3/G3+","T",1,0,0,0,0,"F"
0,0,1,1,"BSX","","","","S9/L89","T",0,1,0,0,0,"F"
0,0,1,2,"CBCX","sheeg001","","","14(1)3/GDP/G1-","T",2,0,0,0,0,"F"
0,2,0,2,"SSS","","","","K","T",1,0,0,0,0,"F"
1,0,2,1,"SBBX","","","","9/F89","T",1,0,0,0,0,"F"
1,1,3,2,"FBFBFBFFX","","","","3/G3S","T",1,0,0,0,0,"F"
1,2,3,2,"CFBBFBFX","","","","S9/L89","T",0,1,0,0,0,"F"
1,2,1,0,"BX","woodb005","","","S8/L8S.1-2","T",0,1,2,0,0,"F"
1,2,1,2,"SFBC","wongk001","woodb005","","K","T",1,0,1,2,0,"F"
0,0,1,2,"CSBC","","","","K","T",1,0,0,0,0,"F"
0,1,0,2,"CCFX","","","","5/P5D","T",1,0,0,0,0,"F"
0,2,3,2,"BBBCCFB","","","","W","T",0,1,0,0,0,"F"
0,2,1,2,"1BSS+1FX","garcl004","","","13/G1-","T",1,0,1,0,0,"F"
1,0,0,1,"CX","","","","3/G34","T",1,0,0,0,0,"F"
1,1,1,0,"BX","","","","7/F78S","T",1,0,0,0,0,"F"
1,2,1,2,"FBSFX","","","","5/P5D","T",1,0,0,0,0,"F"
0,0,1,2,"CBCS","","","","K","T",1,0,0,0,0,"F"
0,1,2,2,"CBBSFFS","","","","K","T",1,0,0,0,0,"F"
0,2,1,2,"BCFX","","","","5/P5DF/FL","T",1,0,0,0,0,"F"
1,0,0,1,"CX","","","","7/F7D","T",1,0,0,0,0,"F"
1,1,3,2,"BBCCFBX","","","","T8/L89D+","T",0,3,0,0,0,"F"
1,1,3,2,"BBCFBFX","","","taylt002","D8/L89XD.3-H","T",0,2,0,0,4,"F"
1,1,3,2,"BBCBCC","","bradj001","","K","T",1,0,0,2,0,"F"
1,2,0,2,"SS*S","","bradj001","","K","T",1,0,0,2,0,"F"
0,0,0,1,"TX","","","","8/L8","T",1,0,0,0,0,"F"
0,1,1,2,"BCCC","","","","K","T",1,0,0,0,0,"F"
0,2,2,2,"CSBFBC","","","","K","T",1,0,0,0,0,"F"
1,0,1,0,"BX","","","","53/G6S","T",1,0,0,0,0,"F"
1,1,1,1,"CBX","","","","S6/G1S-","T",0,1,0,0,0,"F"
1,1,0,0,"X","adamw002","","","4/P34","T",1,0,1,0,0,"F"
1,2,2,1,"BFBX","adamw002","","","S8/L8.1-2","T",0,1,2,0,0,"F"
1,2,0,0,"X","tellr001","adamw002","","43/G34","T",1,0,1,2,0,"F"
0,0,2,0,"BBX","","","","63/G4MD","T",1,0,0,0,0,"F"
0,1,1,1,"BSX","","","","5/L56","T",1,0,0,0,0,"F"
0,2,0,2,"CSFS","","","","K","T",1,0,0,0,0,"F"
1,0,3,2,".BBBCSX","","","","8/L8D","T",1,0,0,0,0,"F"
1,1,1,2,"CBCX","","","","D8/L89D+","T",0,2,0,0,0,"F"
1,1,3,0,".BBBB","","bradj001","","W","T",0,1,0,2,0,"F"
1,1,3,2,"*BBCFF*BX","garca003","bradj001","","7/F78S","T",1,0,1,2,0,"F"
1,2,1,2,"FF*BX","garca003","bradj001","","63/G6MD+","T",1,0,1,2,0,"F"
0,0,3,2,".BBCCFBX","","","","31/G34","T",1,0,0,0,0,"F"
0,1,1,2,"SFBX","","","","S7/L78S","T",0,1,0,0,0,"F"
0,1,0,2,"1CS11X","andet001","","","7/L7","T",1,0,1,0,0,"F"
0,2,1,2,"C*SF1>F*BX","andet001","","","8/F78XD+","T",1,0,1,0,0,"F"
1,0,3,2,"..BBCFBB","","","","W","T",0,1,0,0,0,"F"
1,0,1,2,".SF*BS","adamw002","","","K","T",1,0,1,0,0,"F"
1,1,0,0,"X","adamw002","","","5/P5DF/FL","T",1,0,1,0,0,"F"
1,2,1,2,"CBST","adamw002","","","K","T",1,0,1,0,0,"F"
0,0,2,2,".BFTBS","","","","K","T",1,0,0,0,0,"F"
0,1,0,1,"FX","","","","D7/L78XD+","T",0,2,0,0,0,"F"
0,1,2,2,"C+2FBBS","","vauga001","","K","T",1,0,0,2,0,"F"
0,2,0,1,"CX","","vauga001","","7/F7LSF/FL","T",1,0,0,2,0,"F"
1,0,3,1,"FBBBX","","","","S8/L8S+","T",0,1,0,0,0,"F"
1,0,0,0,"X","taylt002","","","8/F8D","T",1,0,1,0,0,"F"
1,1,0,2,".CTT","taylt002","","","K","T",1,0,1,0,0,"F"
1,2,0,1,">F>X","taylt002","","","8/F8","T",1,0,1,0,0,"F"
0,0,2,2,"BCBFX","","","","63/G6+","T",1,0,0,0,0,"T"
0,1,3,2,"BSBFFFBX","","","","63/G6D","T",1,0,0,0,0,"F"
0,2,1,2,"BFS*S","","","","K","T",1,0,0,0,0,"F"
1,0,1,0,"BX","","","","3/P34","T",1,0,0,0,0,"F"
1,1,0,0,"X","","","","53/G5","T",1,0,0,0,0,"F"
1,2,3,0,"BBBX","","","","7/L7D","T",1,0,0,0,0,"F"
0,0,2,2,"CCFFBBX","","","","8/F8XD","T",1,0,0,0,0,"F"
0,1,2,2,"BBSFFX","","","","7/F7D","T",1,0,0,0,0,"F"
0,2,2,1,"BBSX","","","","S9/L9+","T",0,1,0,0,0,"F"
0,2,0,1,"FH","polag001","","","HP.1-2","T",0,1,2,0,0,"F"
0,2,2,2,"*BCBCX","castr006","polag001","","3/L3","T",1,0,1,2,0,"F"
1,0,3,2,"BFFBFBFB","","","","W","T",0,1,0,0,0,"F"
1,0,1,0,"BX","escoe001","","","4/P6M-","T",1,0,1,0,0,"F"
1,1,3,2,"BBFFFBFX","escoe001","","","5/P5F/FL","T",1,0,1,0,0,"F"
1,2,0,2,"FFX","escoe001","","","8/L78D","T",1,0,1,0,0,"F"
0,0,2,2,"BBCCX","","","","43/G4M","T",1,0,0,0,0,"F"
0,1,0,1,"SX","","","","13/G6MS","T",1,0,0,0,0,"F"
0,2,3,2,"BFCBBX","","","","9/F9D","T",1,0,0,0,0,"F"
1,0,3,2,"BFBBSX","","","","S51/G56S-","T",0,1,0,0,0,"F"
1,0,1,1,"BC>C","cainl001","","","SB2","F",0,0,2,0,0,"F"
1,0,1,2,"BC>C.X","","cainl001","","S3/BG25.2-3","T",0,1,0,3,0,"F"
1,0,1,2,"BFFX","lauee001","","cainl001","7/SF/L78.3-H","T",1,0,1,0,4,"F"
1,1,0,0,"X","lauee001","","","543/G5.1-2","T",1,0,2,0,0,"F"
1,2,1,2,"CFFBX","","lauee001","","7/F78D","T",1,0,0,2,0,"F"
0,0,0,0,"X","","","","53/G5","T",1,0,0,0,0,"F"
0,1,3,2,"FBBFBX","","","","D9/L9L","T",0,2,0,0,0,"F"
0,1,2,2,"S*BFBS","","nogoj001","","K","T",1,0,0,2,0,"F"
0,2,2,2,"CBF*BX","","nogoj001","","43/G3D","T",1,0,0,2,0,"F"
1,0,3,1,"BBSBB","","","","W","T",0,1,0,0,0,"F"
1,0,0,1,"FX","escoe001","","","4(1)3/GDP/G4M","T",2,0,0,0,0,"F"
1,2,2,2,"BFCBX","","","","63/G6M","T",1,0,0,0,0,"F"
0,0,0,2,"FSX","","","","S8/L8","T",0,1,0,0,0,"F"
0,0,2,2,"1OF1B+11BX","castr006","","","8/F8XD","T",1,0,1,0,0,"F"
0,1,1,2,"LLBL","castr006","","","K","T",1,0,1,0,0,"F"
0,2,0,0,"1X","castr006","","","64(1)/FO/G6+.B-1","T",1,1,0,0,0,"F"
1,0,2,2,"CBFBFX","","","","8/L8","T",1,0,0,0,0,"F"
1,1,1,1,"CBX","","","","63/G6","T",1,0,0,0,0,"F"
1,2,2,2,".BBCFX","","","","7/L7","T",1,0,0,0,0,"F"
0,0,1,1,".MBX","","","","53/G6","T",1,0,0,0,0,"F"
0,1,2,2,"BBSSS","","","","K","T",1,0,0,0,0,"F"
0,2,1,2,"FCBX","","","","63/G6","T",1,0,0,0,0,"F"
1,0,2,0,".BBX","","","","8/F78S","T",1,0,0,0,0,"F"
1,1,1,2,"BCFS","","","","K","T",1,0,0,0,0,"F"
1,2,3,0,"BBBB","","","","W","T",0,1,0,0,0,"F"
1,2,1,2,"CBFX","narvo001","","","T9/L9L.1-H","T",0,3,4,0,0,"F"
1,2,1,2,"FS*BH","","","escoe001","HP","T",0,1,0,0,3,"F"
1,2,1,0,"B1>B","garca003","","escoe001","SB2","F",0,0,2,0,3,"F"
1,2,3,0,"B1>B.VV","","garca003","escoe001","IW","T",0,1,0,2,3,"F"
1,2,3,2,"CBBCB>F>F>F>B","tellr001","garca003","escoe001","W.3-H;2-3;1-2","T",0,1,2,3,4,"F"
1,2,1,1,"CBX","taylt002","tellr001","garca003","8/F8","T",1,0,1,2,3,"F"
0,0,1,0,"BX","","","","S7/G56","T",0,1,0,0,0,"F"
0,0,3,2,"FBBBFX","stalj001","","","6/P5D","T",1,0,1,0,0,"F"
0,1,1,2,"FBFX","stalj001","","","54(1)3/GDP/G56","T",2,0,0,0,0,"F"
1,0,2,2,"..BCCBFS","","","","K","T",1,0,0,0,0,"F"
1,1,3,1,"BBCBX","","","","S1/L4MS","T",0,1,0,0,0,"F"
1,1,0,2,"111SSF1S","wongk001","","","K","T",1,0,1,0,0,"F"
1,2,3,2,"FBFFB*B1>B","wongk001","","","W+WP.1-3","T",0,1,3,0,0,"F"
1,2,3,1,"*BSBBX","narvo001","","wongk001","HR/F9LD.3-H;1-H","T",0,4,4,0,4,"F"
1,2,3,0,"B..BBB","","","","W","T",0,1,0,0,0,"F"
1,2,3,2,"*BBBCF>F>X","garca003","","","S9/L89D+.1-3","T",0,1,3,0,0,"F"
1,2,0,0,"X","tellr001","","garca003","9/F89D","T",1,0,1,0,3,"F"
0,0,3,2,"..BFBFFBB","","","","W","T",0,1,0,0,0,"F"
0,0,3,2,"CS*BBBS","newmk001","","","K","T",1,0,1,0,0,"F"
0,1,1,2,"FFBC","newmk001","","","K","T",1,0,1,0,0,"F"
0,2,1,0,"BX","newmk001","","","4(1)/FO/G4M.B-1","T",1,1,0,0,0,"F"
1,0,2,2,"CCBBFX","","","","9/F9S","T",1,0,0,0,0,"F"
1,1,0,1,"CX","","","","4/L34D","T",1,0,0,0,0,"F"
1,2,1,0,"BX","","","","43/G4D","T",1,0,0,0,0,"F"
0,0,2,2,".FBCBFFFH","","","","HP","T",0,1,0,0,0,"F"
0,0,0,0,"X","reynb001","","","8/L8D","T",1,0,1,0,0,"F"
0,1,2,2,"CBBCX","reynb001","","","S9/G34.1-2","T",0,1,2,0,0,"F"
0,1,0,2,"TSFX","stalj001","reynb001","","S9/L9S.2-3;1-2","T",0,1,2,3,0,"F"
0,1,3,0,".BBBB","polag001","stalj001","reynb001","W.3-H;2-3;1-2","T",0,1,2,3,4,"F"
0,1,2,1,".CBBX","gameb001","polag001","stalj001","9/F9LS","T",1,0,1,2,3,"F"
0,2,3,1,"BBFBB","gameb001","polag001","stalj001","W.3-H;2-3;1-2","T",0,1,2,3,4,"F"
0,2,1,2,"FBCC","difow001","gameb001","polag001","K","T",1,0,1,2,3,"F"
0,0,1,1,"BCX","","","","43/G4","T",1,0,0,0,0,"T"
0,1,2,2,"BFSBFX","","","","3/G3","T",1,0,0,0,0,"F"
0,2,1,2,"BCFFFX","","","","53/G56","T",1,0,0,0,0,"F"
1,0,3,2,"CBSBFBFS","","","","K","T",1,0,0,0,0,"F"
1,1,2,0,"BBX","","","","DGR/F7L","T",0,2,0,0,0,"F"
1,1,3,1,"FBB*BB","","adamw002","","W","T",0,1,0,2,0,"F"
1,1,2,2,"BFBFX","narvo001","adamw002","","5/P5DF/FL","T",1,0,1,2,0,"F"
1,2,1,1,"SBX","narvo001","adamw002","","S7/G56+.2-H;1-2","T",0,1,2,4,0,"F"
1,2,3,1,"BF*BBB","garca003","narvo001","","W.2-3;1-2","T",0,1,2,3,0,"F"
1,2,1,2,"FBFX","tellr001","garca003","narvo001","13/G4MS","T",1,0,1,2,3,"F"
0,0,0,2,"CFS","","","","K","T",1,0,0,0,0,"F"
0,1,1,2,"BCFFX","","","","63/G6","T",1,0,0,0,0,"F"
0,2,3,1,"BBFB*B","","","","W","T",0,1,0,0,0,"F"
0,2,0,1,"C>B","polag001","","","SB2","F",0,0,2,0,0,"F"
0,2,1,1,"C>B.X","","polag001","","53/G56","T",1,0,0,2,0,"F"
1,0,1,2,"CBFX","","","","2/P2","T",1,0,0,0,0,"F"
1,1,2,2,"BSBSS","","","","K","T",1,0,0,0,0,"F"
1,2,1,2,"BSFS","","","","K","T",1,0,0,0,0,"F"
0,0,1,1,"CBX","","","","23/G2-","T",1,0,0,0,0,"F"
0,1,2,2,"BCBFFS","","","","K","T",1,0,0,0,0,"F"
0,2,3,1,"CBBBX","","","","8/F8XD","T",1,0,0,0,0,"F"
1,0,1,0,"BX","","","","HR/F7D","T",0,4,0,0,0,"F"
1,0,2,2,"CBSBX","","","","D7/G5","T",0,2,0,0,0,"F"
1,0,2,1,"BSBX","","narvo001","","6/F8S","T",1,0,0,2,0,"F"
1,1,0,0,"X","","narvo001","","S7/L7LS.2-H","T",0,1,0,4,0,"F"
1,1,0,2,"S1FFS","garca003","","","K","T",1,0,1,0,0,"F"
1,2,0,0,"1>C","garca003","","","SB2","F",0,0,2,0,0,"F"
1,2,0,2,"1>C.FX","","garca003","","9/F9S","T",1,0,0,2,0,"F"
0,0,1,2,"CFBS","","","","K","T",1,0,0,0,0,"F"
0,1,3,2,"CBCFBFBX","","","","53/G6S","T",1,0,0,0,0,"F"
0,2,3,2,"SBCFBBB","","","","W","T",0,1,0,0,0,"F"
0,2,0,0,"X","gameb001","","","54(1)/FO/G56.B-1","T",1,1,0,0,0,"F"
1,0,3,1,"BBFBX","","","","9/F89S","T",1,0,0,0,0,"F"
1,1,3,2,"BBCBCB","","","","W","T",0,1,0,0,0,"F"
1,1,0,2,"FSX","housa001","","","4/P34D","T",1,0,1,0,0,"F"
1,2,1,1,"BCX","housa001","","","9/F9","T",1,0,1,0,0,"F"
0,0,3,2,"FBCBBB","","","","W","T",0,1,0,0,0,"F"
0,0,0,0,">C","polag001","","","SB2.1-3(E2/TH)","F",0,0,3,0,0,"F"
0,0,0,2,">C.FX","","","polag001","13/G2-","T",1,0,0,0,3,"F"
0,1,2,2,"FBFBFX","","","polag001","7/F7LS","T",1,0,0,0,3,"F"
0,2,3,2,".SB*BBFS","","","polag001","K","T",1,0,0,0,3,"F"
1,0,0,1,".FX","","","","S7/L78","T",0,1,0,0,0,"F"
1,0,1,0,"BX","narvo001","","","43/G34.1-2","T",1,0,2,0,0,"F"
1,1,2,0,"*B*BX","","narvo001","","53/G6","T",1,0,0,2,0,"F"
1,2,1,0,"BX","","narvo001","","S8/L8+.2-H","T",0,1,0,4,0,"F"
1,2,0,0,"X","tellr001","","","64(1)/FO/G6.B-1","T",1,1,0,0,0,"F"
0,0,3,1,"BBBCB","","","","W","T",0,1,0,0,0,"F"
0,0,0,0,"X","parkh001","","","6/F78S","T",1,0,1,0,0,"F"
0,1,1,1,"FBX","parkh001","","","14(1)3/GDP/G1+","T",2,0,0,0,0,"F"
1,0,1,1,"BCX","","","","31/G4","T",1,0,0,0,0,"F"
1,1,1,2,"BCCX","","","","43/G4+","T",1,0,0,0,0,"F"
1,2,0,1,"FX","","","","43/G34D+","T",1,0,0,0,0,"F"
0,0,3,1,"CBBBB","","","","W","T",0,1,0,0,0,"F"
0,0,2,1,"BFBX","gameb001","","","9/F9LF/FL","T",1,0,1,0,0,"F"
0,1,3,2,".SBBS*BX","gameb001","","","S9/G34+.1-2","T",0,1,2,0,0,"F"
0,1,0,1,"LX","polag001","gameb001","","D7/L5D.2-H;1-3","T",0,2,3,4,0,"F"
0,1,3,0,"BBBB","","newmk001","polag001","W","T",0,1,0,2,3,"F"
0,1,0,1,"..FX","perem005","newmk001","polag001","FC6/G6MD.3-H;2-3;1-2(E6);B-1","T",0,1,2,3,4,"F"
0,1,1,1,"FBX","reynb001","perem005","newmk001","D9/L3D.3-H;2-H;1-H(UR)","T",0,2,5,4,4,"F"
0,1,2,2,"CB+2FBC","","parkh001","","K","T",1,0,0,2,0,"F"
0,2,1,2,"BSFX","","parkh001","","4/F34D","T",1,0,0,2,0,"F"
1,0,3,1,"..BFBBX","","","","S9/L89","T",0,1,0,0,0,"F"
1,0,1,2,"BFFFFX","adamw002","","","8/L8D","T",1,0,1,0,0,"F"
1,1,1,2,"BC1FX","adamw002","","","9/F9LD","T",1,0,1,0,0,"F"
1,2,3,2,".1FB1T*B*B>X","adamw002","","","D8/L8XD+.1-H","T",0,2,4,0,0,"F"
1,2,3,0,"VVVV","","garca003","","IW","T",0,1,0,2,0,"F"
1,2,2,1,"BFBX","tellr001","garca003","","8/F8S","T",1,0,1,2,0,"F"
0,0,0,0,".X","","","","S3/BG23-","T",0,1,0,0,0,"F"
0,0,1,2,"C1*BSX","gameb001","","","S8/L89S.1-3","T",0,1,3,0,0,"F"
0,0,1,2,"CSBT","nogoj001","","gameb001","K","T",1,0,1,0,3,"F"
0,1,1,2,"..FSFFBX","nogoj001","","gameb001","9/F9S","T",1,0,1,0,3,"F"
0,2,2,1,"BCBX","nogoj001","","gameb001","31/G34S","T",1,0,1,0,3,"F"
1,0,3,2,"BCBBTS","","","","K","T",1,0,0,0,0,"F"
1,1,2,1,"BBCX","","","","7/F7L","T",1,0,0,0,0,"F"
1,2,0,0,"X","","","","3/G3","T",1,0,0,0,0,"F"
0,0,2,2,".SBBCX","","","","9/F9D","T",1,0,0,0,0,"F"
0,1,1,2,".SFBS","","","","K","T",1,0,0,0,0,"F"
0,2,3,2,"BBBCCB","","","","W","T",0,1,0,0,0,"F"
0,2,1,2,"BCF*S","castr006","","","K","T",1,0,1,0,0,"F"
1,0,1,0,".BX","","","","8/F8D","T",1,0,0,0,0,"F"
1,1,1,2,"FSBX","","","","6/P4MD","T",1,0,0,0,0,"F"
1,2,2,0,"BBX","","","","9/F9LD","T",1,0,0,0,0,"F"
0,0,0,0,"...X","","hayek001","","23/SH/BG2.2-3","T",1,0,0,3,0,"F"
0,1,3,2,"BFBBFX","","","hayek001","5/P5SF/FL","T",1,0,0,0,3,"F"
0,2,2,1,"BF*BX","","","hayek001","S6/G6M.3-H(UR)","T",0,1,0,0,5,"F"
0,2,2,1,"BBFX","polag001","","","S8/G4.1-2","T",0,1,2,0,0,"F"
0,2,3,0,"B*BBB","newmk001","polag001","","W.2-3;1-2","T",0,1,2,3,0,"F"
0,2,2,2,"SFFBBX","perem005","newmk001","polag001","S8/L89S.3-H;2-H;1-2","T",0,1,2,4,4,"F"
0,2,2,2,"CBCBFC","reynb001","perem005","","K","T",1,0,1,2,0,"F"
1,0,2,2,".SBBSFFS","","narvo001","","K","T",1,0,0,2,0,"F"
1,1,0,2,"FSX","","narvo001","","7/F7D","T",1,0,0,2,0,"F"
1,2,3,2,"CBBFBFC","","narvo001","","K","T",1,0,0,2,0,"F"
0,0,1,1,"BCX","","","","S9/F89S","T",0,1,0,0,0,"T"
0,0,3,2,"C1SBB*B>S","parkh001","","","K+CS2(26)/DP","T",2,0,0,0,0,"F"
0,2,2,1,"BBCX","","","","S7/L78S+","T",0,1,0,0,0,"F"
0,2,0,0,"X","reynb001","","","S3/L3.1-2","T",0,1,2,0,0,"F"
0,2,1,2,"BCCFX","gameb001","reynb001","","53/G56","T",1,0,1,2,0,"F"
1,0,3,2,"BCSBBX","","","","63/G4M","T",1,0,0,0,0,"F"
1,1,3,2,"BCBCBFFB","","","","W","T",0,1,0,0,0,"F"
1,1,2,1,"BBFX","adamw002","","","S5/G5.1-2","T",0,1,2,0,0,"F"
1,1,1,0,"*BX","escoe001","adamw002","","8/L8XD+.2-3","T",1,0,1,3,0,"F"
1,2,2,2,"BFF*BX","escoe001","","adamw002","53/G5D","T",1,0,1,0,3,"F"
0,0,1,2,"BCCS","","","","K","T",1,0,0,0,0,"F"
0,1,3,2,"BBTTFBFS","","","","K","T",1,0,0,0,0,"F"
0,2,1,1,"BFX","","","","9/F3D","T",1,0,0,0,0,"F"
1,0,1,1,"CBX","","","","43/G4","T",1,0,0,0,0,"F"
1,1,2,2,"CBCBX","","","","8/L8XD+","T",1,0,0,0,0,"F"
1,2,1,0,"BX","","","","53/G5","T",1,0,0,0,0,"F"
0,0,2,2,"CBSBFFFS","","","","K","T",1,0,0,0,0,"F"
0,1,1,2,"BCFFX","","","","43/G4","T",1,0,0,0,0,"F"
0,2,1,2,"BSFT","","","","K","T",1,0,0,0,0,"F"
1,0,3,2,"CBBCFBFS","","","","K","T",1,0,0,0,0,"F"
1,1,1,1,"BFX","","","","D9/L9LD+","T",0,2,0,0,0,"F"
1,1,1,2,"*BFCX","","wongk001","","9/F9D.2-3","T",1,0,0,3,0,"F"
1,2,3,2,"BBFBSX","","","wongk001","S9/L89S.3-H","T",0,1,0,0,4,"F"
1,2,1,2,"FS*BFC","escoe001","","","K","T",1,0,1,0,0,"F"
0,0,3,2,"CFBBBB","","","","W","T",0,1,0,0,0,"F"
0,0,0,0,"X","reynb001","","","7/F7L","T",1,0,1,0,0,"F"
0,1,1,2,"BCFFS","reynb001","","","K","T",1,0,1,0,0,"F"
0,2,1,1,"FBX","reynb001","","","D8/F78XD.1-H","T",0,2,4,0,0,"F"
0,2,0,0,"X","","stalj001","","7/L78","T",1,0,0,2,0,"F"
1,0,0,1,"CX","","","","9/F9LD","T",1,0,0,0,0,"F"
1,1,1,1,"CBX","","","","63/G6+","T",1,0,0,0,0,"F"
1,2,3,2,"BBCBCFFFX","","","","53/G5","T",1,0,0,0,0,"F"
0,0,2,1,"BBFX","","","","D7/L7LS","T",0,2,0,0,0,"F"
0,0,1,0,"BX","","newmk001","","14/SH/BG2-.2-3","T",1,0,0,3,0,"F"
0,1,0,1,"C+3X","","","newmk001","6/P4MD","T",1,0,0,0,3,"F"
0,2,0,2,"CFC","","","newmk001","K","T",1,0,0,0,3,"F"
1,0,3,2,".CBSBBX","","","","63/G6","T",1,0,0,0,0,"F"
1,1,0,2,"CFS","","","","K","T",1,0,0,0,0,"F"
1,2,0,1,"FX","","","","63/G6MD","T",1,0,0,0,0,"F"
0,0,1,0,"BX","","","","T9/G3","T",0,3,0,0,0,"F"
0,0,1,2,"C*BFFS","","","reynb001","K","T",1,0,0,0,3,"F"
0,1,0,0,"X","","","reynb001","8/SF/F8.3-H","T",1,0,0,0,4,"F"
0,2,3,0,"BBBB","","","","W","T",0,1,0,0,0,"F"
0,2,1,2,"SBCX","stalj001","","","E1/TH/G1.1-2;B-1","T",0,1,2,0,0,"F"
0,2,1,2,"CC*BS","difow001","stalj001","","K","T",1,0,1,2,0,"F"
1,0,3,2,"CSFBBFBS","","","","K","T",1,0,0,0,0,"F"
1,1,3,2,"BFSFFFBFBS","","","","K","T",1,0,0,0,0,"F"
1,2,1,1,"BSX","","","","3/P3F/FL","T",1,0,0,0,0,"F"
0,0,2,2,"..CCBBX","","","","43/G4D+","T",1,0,0,0,0,"F"
0,1,2,2,"FCFBBX","","","","D8/F89XD","T",0,2,0,0,0,"F"
0,1,0,2,"CCX","","parkh001","","8/F8","T",1,0,0,2,0,"F"
0,2,3,0,"VVVV","","parkh001","","IW","T",0,1,0,2,0,"F"
0,2,2,2,"BSTBB","reynb001","parkh001","","WP.2-3;1-2","F",0,0,2,3,0,"F"
0,2,3,2,"BSTBB.C","","reynb001","parkh001","K","T",1,0,0,2,3,"F"
1,0,1,2,"..BCFC","","","","K","T",1,0,0,0,0,"F"
1,1,2,1,"BCBX","","","","13/G1","T",1,0,0,0,0,"F"
1,2,3,2,"CCBFBFBB","","","","W","T",0,1,0,0,0,"F"
1,2,0,1,"C1X","urial001","","","S56/G56.1-2","T",0,1,2,0,0,"F"
1,2,2,2,"..FC*BF*BFX","pinam001","urial001","","HR/F89XD.2-H;1-H","T",0,4,4,4,0,"F"
1,2,3,2,"CSFBBFBFX","","","","D9/L9L","T",0,2,0,0,0,"F"
1,2,0,0,"X","","wongk001","","8/F89","T",1,0,0,2,0,"F"
0,0,1,2,".BCFX","","","","8/F8XD","T",1,0,0,0,0,"F"
0,1,3,2,"BCFBBT","","","","K","T",1,0,0,0,0,"F"
0,2,1,1,"BFX","","","","31/G34","T",1,0,0,0,0,"F"
1,0,1,2,".BCCX","","","","S7/L7","T",0,1,0,0,0,"F"
1,0,1,0,"*BX","escoe001","","","9/F9D+","T",1,0,1,0,0,"F"
1,1,3,2,"1CFF1BFBBX","escoe001","","","4/P34","T",1,0,1,0,0,"F"
1,2,3,2,"BFBFB>X","escoe001","","","S7/L7S.1-3","T",0,1,3,0,0,"F"
1,2,0,0,"X","cainl001","","escoe001","4/P4MD","T",1,0,1,0,3,"F"
0,0,3,2,".BBCCFBB","","","","W","T",0,1,0,0,0,"F"
0,0,1,2,"BCSC","newmk001","","","K","T",1,0,1,0,0,"F"
0,1,0,2,"CCX","newmk001","","","5/P56","T",1,0,1,0,0,"F"
0,2,0,0,".>B","newmk001","","","DI.1-2","F",0,0,2,0,0,"F"
0,2,3,2,".>B.BBCCF>S","","newmk001","","K","T",1,0,0,2,0,"F"
0,0,2,0,"BBX","","","","S9/G34+","T",0,1,0,0,0,"T"
0,0,0,0,"X","wadel001","","","8/F8","T",1,0,1,0,0,"F"
0,1,0,1,"1F1","wadel001","","","OA.1-2(E3)","F",0,0,2,0,0,"F"
0,1,1,2,"1F1.BCFFX","","wadel001","","63/G6MS-.2-3","T",1,0,0,3,0,"F"
0,2,1,2,"FSBS","","","wadel001","K","T",1,0,0,0,3,"F"
1,0,1,2,"CCBS","","","","K","T",1,0,0,0,0,"F"
1,1,0,1,"FX","","","","63/G6","T",1,0,0,0,0,"F"
1,2,1,1,"BSX","","","","4/L4D","T",1,0,0,0,0,"F"
0,0,2,2,"CBSBX","","","","9/F89","T",1,0,0,0,0,"F"
0,1,1,2,"CCFBFX","","","","31/G34","T",1,0,0,0,0,"F"
0,2,0,2,"CCS","","","","K","T",1,0,0,0,0,"F"
1,0,3,2,"CCBFBFBC","","","","K","T",1,0,0,0,0,"F"
1,1,3,2,"FFBBFBX","","","","HR/F78XD","T",0,4,0,0,0,"F"
1,1,0,2,"FCX","","","","D8/L78XD+","T",0,2,0,0,0,"F"
1,1,3,2,"FBFBBFB","","tellr001","","W","T",0,1,0,2,0,"F"
1,1,0,0,"X","taylt002","tellr001","","13/G1S.2-3;1-2","T",1,0,2,3,0,"F"
1,2,1,2,"CSBS","","taylt002","tellr001","K","T",1,0,0,2,3,"F"
0,0,0,2,"CSX","","","","9/L9D","T",1,0,0,0,0,"F"
0,1,0,0,"X","","","","4/P4D","T",1,0,0,0,0,"F"
0,2,3,1,"BBBCB","","","","W","T",0,1,0,0,0,"F"
0,2,0,0,"X","wadel001","","","31/G34","T",1,0,1,0,0,"F"
1,0,3,1,"BBBCX","","","","43/G34D","T",1,0,0,0,0,"F"
1,1,1,0,"BX","","","","S7/L7S","T",0,1,0,0,0,"F"
1,1,0,2,"CFX","adamw002","","","43/G34.1-2","T",1,0,2,0,0,"F"
1,2,1,1,"BFX","","adamw002","","9/F9D","T",1,0,0,2,0,"F"
0,0,2,2,"SBBFX","","","","E6/G6.B-1","T",0,1,0,0,0,"F"
0,0,3,1,"BS*BBX","poseb001","","","6/P4MD","T",1,0,1,0,0,"F"
0,1,1,2,"SBSFX","poseb001","","","9/L89D","T",1,0,1,0,0,"F"
0,2,1,0,"BX","poseb001","","","3/G3S-","T",1,0,1,0,0,"F"
1,0,2,2,"BFBFFS","","","","K","T",1,0,0,0,0,"F"
1,1,2,2,"CFBBFFX","","","","8/L8XD+","T",1,0,0,0,0,"F"
1,2,1,2,"BSFS","","","","K","T",1,0,0,0,0,"F"
0,0,2,1,"BBCX","","","","9/F9LD","T",1,0,0,0,0,"F"
0,1,3,2,"CBCBBFX","","","","7/L78D","T",1,0,0,0,0,"F"
0,2,1,2,"CFFBS","","","","K","T",1,0,0,0,0,"F"
1,0,0,1,"SX","","","","63/G6","T",1,0,0,0,0,"F"
1,1,0,2,"CST","","","","K","T",1,0,0,0,0,"F"
1,2,2,2,"FBBFS","","","","K","T",1,0,0,0,0,"F"
0,0,1,2,"CSB*S","","","","K.BX1(23)","T",1,0,0,0,0,"F"
0,1,0,1,"CX","","","","HR/F9LD","T",0,4,0,0,0,"F"
0,1,1,2,"CBSX","","","","S7/L7S","T",0,1,0,0,0,"F"
0,1,0,1,"CX","poseb001","","","64(1)/FO/G6.B-1","T",1,1,0,0,0,"F"
0,2,0,0,"X","crawb001","","","S5/G5.1-3(E5/TH)","T",0,1,3,0,0,"F"
0,2,1,2,"FBS1>F>B","bryak001","","crawb001","SB2","F",0,0,2,0,3,"F"
0,2,2,2,"FBS1>F>B.X","","bryak001","crawb001","43/G34","T",1,0,0,2,3,"F"
1,0,1,2,"CBFT","","","","K","T",1,0,0,0,0,"F"
1,1,1,2,"FFBFX","","","","63/G4","T",1,0,0,0,0,"F"
1,2,0,2,"FCS","","","","K","T",1,0,0,0,0,"F"
0,0,3,1,"BBBCX","","","","63/G4M","T",1,0,0,0,0,"F"
0,1,2,2,"BCCFBX","","","","6/P4D","T",1,0,0,0,0,"F"
0,2,1,2,".CBCS","","","","K","T",1,0,0,0,0,"F"
1,0,3,2,".BFBSBB","","","","W","T",0,1,0,0,0,"F"
1,0,0,1,"CX","garca003","","","65(1)3/GDP/G6+","T",2,0,0,0,0,"F"
1,2,1,2,"BFF*S","","","","K","T",1,0,0,0,0,"F"
0,0,3,2,".CCFBBFBFX","","","","9/L9LD","T",1,0,0,0,0,"F"
0,1,1,2,"BCCS","","","","K","T",1,0,0,0,0,"F"
0,2,2,2,"CBCFBS","","","","K","T",1,0,0,0,0,"F"
1,0,0,1,".CX","","","","S4/G4M","T",0,1,0,0,0,"F"
1,0,1,1,".1BSX","cainl001","","","7/F7","T",1,0,1,0,0,"F"
1,1,3,1,"BC1BBX","cainl001","","","5/L56-","T",1,0,1,0,0,"F"
1,2,1,0,"11BX","cainl001","","","53/G5","T",1,0,1,0,0,"F"
0,0,1,2,".SCBX","","","","6/P8S","T",1,0,0,0,0,"F"
0,1,0,2,"SSS","","","","K","T",1,0,0,0,0,"F"
0,2,1,2,"CBCX","","","","S8/L78S","T",0,1,0,0,0,"F"
0,2,2,2,"B11S1BSX","yastm001","","","8/F8","T",1,0,1,0,0,"F"
1,0,0,2,"..FSC","","","","K","T",1,0,0,0,0,"F"
1,1,0,2,"FTX","","","","7/L7D+","T",1,0,0,0,0,"F"
1,2,1,1,"BSX","","","","9/F89","T",1,0,0,0,0,"F"
0,0,0,2,"....FF*S","","dicka001","","K","T",1,0,0,2,0,"F"
0,1,0,0,".X","","dicka001","","7/L7","T",1,0,0,2,0,"F"
0,2,1,2,".FBFFS","","dicka001","","K","T",1,0,0,2,0,"F"
1,0,1,2,".....BCFX","","garca003","","S7/G5+.2-H(UR)","T",0,1,0,5,0,"F"
0,0,2,2,"FBBSC","","","","K","T",1,0,0,0,0,"T"
0,1,2,2,"FBCBX","","","","63/G6","T",1,0,0,0,0,"F"
0,2,0,2,"CFS","","","","K","T",1,0,0,0,0,"F"
1,0,3,1,"BCBBX","","","","7/F7D","T",1,0,0,0,0,"F"
1,1,0,2,"CFX","","","","13/G1S-","T",1,0,0,0,0,"F"
1,2,3,2,"BBFBSX","","","","D8/F78XD","T",0,2,0,0,0,"F"
1,2,0,1,"CX","","escoe001","","53/G56","T",1,0,0,2,0,"F"
0,0,1,2,"FBFX","","","","3/G3S-","T",1,0,0,0,0,"F"
0,1,1,1,"CBX","","","","53/G56S","T",1,0,0,0,0,"F"
0,2,1,2,"CSBS","","","","K","T",1,0,0,0,0,"F"
1,0,1,0,"BX","","","","7/F8S","T",1,0,0,0,0,"F"
1,1,3,2,"CBSBFBX","","","","S9/L89S","T",0,1,0,0,0,"F"
1,1,0,2,"1CFX","taylt002","","","S6/G4M.1-2","T",0,1,2,0,0,"F"
1,1,2,2,"BFCBFFX","cainl001","taylt002","","3/P3F/FL","T",1,0,1,2,0,"F"
1,2,1,0,"BX","cainl001","taylt002","","3/G3","T",1,0,1,2,0,"F"
0,0,0,2,"CTS","","","","K","T",1,0,0,0,0,"F"
0,1,3,2,"BCCBBFX","","","","7/F78D","T",1,0,0,0,0,"F"
0,2,0,2,"FCS","","","","K","T",1,0,0,0,0,"F"
1,0,3,2,"CBBBFFB","","","","W","T",0,1,0,0,0,"F"
1,0,0,1,"SX","wongk001","","","D7/G5.1-H","T",0,2,4,0,0,"F"
1,0,2,2,".CSFBBX","","adamw002","","3/G3","T",1,0,0,2,0,"F"
1,1,0,2,"CFFX","","adamw002","","9/F9S","T",1,0,0,2,0,"F"
1,2,0,0,"X","","adamw002","","7/F7D","T",1,0,0,2,0,"F"
0,0,2,1,"BFBX","","","","31/G3","T",1,0,0,0,0,"F"
0,1,1,2,"CSBX","","","","HR/F89XD","T",0,4,0,0,0,"F"
0,1,1,0,"BX","","","","S67/L78S","T",0,1,0,0,0,"F"
0,1,0,1,"CX","poseb001","","","S9/L3D.1-3","T",0,1,3,0,0,"F"
0,1,3,2,"BSF*BBFB","crawb001","","poseb001","W.1-2","T",0,1,2,0,3,"F"
0,1,1,2,"*BSFC","bryak001","crawb001","poseb001","K","T",1,0,1,2,3,"F"
0,2,1,1,"TBX","bryak001","crawb001","poseb001","6/P4","T",1,0,1,2,3,"F"
1,0,1,0,"BX","","","","T9/F9LS","T",0,3,0,0,0,"F"
1,0,1,1,"BSX","","","taylt002","8/SF/F8XD.3-H","T",1,0,0,0,4,"F"
1,1,1,0,"BX","","","","8/F8XD+","T",1,0,0,0,0,"F"
1,2,1,1,"BCX","","","","7/F78S","T",1,0,0,0,0,"F"
0,0,2,2,"BCCFBX","","","","5/P6D","T",1,0,0,0,0,"F"
0,1,3,2,".TSBFBFFBX","","","","D9/L89D+","T",0,2,0,0,0,"F"
0,1,0,0,"X","","solad001","","9/L9D","T",1,0,0,2,0,"F"
0,2,2,2,"FBBFFFS","","solad001","","K","T",1,0,0,2,0,"F"
1,0,3,2,".CBCFBBX","","","","43/G4","T",1,0,0,0,0,"F"
1,1,0,0,"X","","","","3/P23F/FL","T",1,0,0,0,0,"F"
1,2,1,2,"CBCX","","","","S7/G56","T",0,1,0,0,0,"F"
1,2,3,2,"CFBBB1>X","escoe001","","","DGR/F78XD+.1-3","T",0,2,3,0,0,"F"
1,2,2,0,"BBX","","garca003","escoe001","6/P56","T",1,0,0,2,3,"F"
0,0,0,0,"X","","","","43/G4S-","T",1,0,0,0,0,"F"
0,1,0,2,"CTX","","","","S8/L8S","T",0,1,0,0,0,"F"
0,1,1,0,"BX","crawb001","","","S7/L7LS.1-2","T",0,1,2,0,0,"F"
0,1,1,2,"BFTX","bryak001","crawb001","","8/F8S","T",1,0,1,2,0,"F"
0,2,3,2,"CSB2BFB>F>*S","bryak001","crawb001","","K","T",1,0,1,2,0,"F"
1,0,0,1,"...SX","","","","8/F8XD","T",1,0,0,0,0,"F"
1,1,1,2,"FFBX","","","","9/F9LD","T",1,0,0,0,0,"F"
1,2,1,2,"SBSS","","","","K","T",1,0,0,0,0,"F"
0,0,2,2,".BCCFFFBX","","","","3/G3","T",1,0,0,0,0,"F"
0,1,2,2,"BSFFBX","","","","53/G56D","T",1,0,0,0,0,"F"
0,2,2,2,"SCFBBFX","","","","7/F7LS","T",1,0,0,0,0,"F"
1,0,3,2,"..FBFBBT","","","","K","T",1,0,0,0,0,"F"
1,1,0,0,"X","","","","8/F78","T",1,0,0,0,0,"F"
1,2,2,1,"BBSX","","","","63/G6D","T",1,0,0,0,0,"F"
0,0,1,2,".BFFT","","","","K","T",1,0,0,0,0,"F"
0,1,1,2,"CSBX","","","","7/F78XD","T",1,0,0,0,0,"F"
0,2,3,2,"FSBBFBFFS","","","","K","T",1,0,0,0,0,"F"
1,0,0,0,".X","","","","5/P5F/FL","T",1,0,0,0,0,"F"
1,1,0,1,"FX","","","","63/G6","T",1,0,0,0,0,"F"
1,2,1,2,"CFBX","","","","63/G6","T",1,0,0,0,0,"F"
0,0,2,1,".BBCX","","","","S7/L78S","T",0,1,0,0,0,"F"
0,0,1,2,"FFBX","bryak001","","","9/L9+","T",1,0,1,0,0,"F"
0,1,2,2,".BCSBC","bryak001","","","K","T",1,0,1,0,0,"F"
0,2,0,1,"CX","bryak001","","","E9/F9D.1-H(NR)(UR)","T",0,1,5,0,0,"F"
0,2,0,2,"SCX","lastt001","","","7/F7","T",1,0,1,0,0,"F"
1,0,1,1,".BCX","","","","6/P4MS","T",1,0,0,0,0,"F"
1,1,1,0,"BX","","","","13/G2-","T",1,0,0,0,0,"F"
1,2,0,1,"CX","","","","9/F9LS","T",1,0,0,0,0,"F"
0,0,0,0,"...X","","estrt001","","S9/L9S.2-3;B-2(E9/TH)","T",0,2,0,3,0,"F"
0,0,3,0,"VVVV","","wadel001","estrt001","IW","T",0,1,0,2,3,"F"
0,0,3,2,"BBSSFBX","beltb001","wadel001","estrt001","S8/G6M.3-H(UR);2-H;1-3","T",0,1,3,4,5,"F"
0,0,2,0,"B*BX","poseb001","","beltb001","7/SF/L7D+.3-H","T",1,0,1,0,4,"F"
0,1,3,2,"CBBBCF*B","poseb001","","","W.1-2","T",0,1,2,0,0,"F"
0,1,0,1,".FX","bryak001","poseb001","","9/F9D","T",1,0,1,2,0,"F"
0,2,2,1,".BBCN","bryak001","poseb001","","BK.2-3;1-2","F",0,0,2,3,0,"F"
0,2,3,1,".BBCN.BV","","bryak001","poseb001","IW","T",0,1,0,2,3,"F"
0,2,0,1,"CX","slata001","bryak001","poseb001","6/P56D","T",1,0,1,2,3,"F"
1,0,0,1,"........CX","","pinam001","","HR/F8XD.2-H(UR)","T",0,4,0,5,0,"F"
1,0,1,1,"CBX","","","","63/G6","T",1,0,0,0,0,"F"
1,1,1,2,"BFSX","","","","HR/F8XD","T",0,4,0,0,0,"F"
1,1,1,2,"BSFS","","","","K","T",1,0,0,0,0,"F"
1,2,2,1,"BSBX","","","","53/G5","T",1,0,0,0,0,"F"
0,0,1,2,"...FBFX","","slata001","","43/G4MS.2-3","T",1,0,0,3,0,"F"
0,1,1,2,"BFFFX","","","slata001","S9/G34+.3-H(UR)","T",0,1,0,0,5,"F"
0,1,3,2,"BSBBLFX","wadel001","","","HR/L9D.1-H","T",0,4,4,0,0,"F"
0,1,2,1,"BBCX","","","","S9/L89D","T",0,1,0,0,0,"F"
0,1,1,1,"BSX","poseb001","","","3/G3S.1-2","T",1,0,2,0,0,"F"
0,2,0,0,"X","","poseb001","","D9/F89XD.2-H","T",0,2,0,4,0,"F"
0,2,2,0,"BBX","","bryak001","","13/G1S","T",1,0,0,2,0,"F"
1,0,1,1,"..BFX","","garca003","","9/F9D.2-3","T",1,0,0,3,0,"F"
1,1,0,2,"CFS","","","garca003","K","T",1,0,0,0,3,"F"
1,2,0,2,"CCX","","","garca003","S8/L89.3-H(UR)","T",0,1,0,0,5,"F"
1,2,1,1,"BS>S","cainl001","","","SB2","F",0,0,2,0,0,"F"
1,2,1,2,"BS>S.X","","cainl001","","6/P56","T",1,0,0,2,0,"F"
0,0,2,2,"LCBBX","","","","63/G6","T",1,0,0,0,0,"T"
0,1,3,1,"BBBCX","","","","13/G1S-","T",1,0,0,0,0,"F"
0,2,0,1,"CX","","","","HR/L7D","T",0,4,0,0,0,"F"
0,2,1,1,"BCX","","","","63/G6","T",1,0,0,0,0,"F"
1,0,1,2,"CFBC","","","","K","T",1,0,0,0,0,"F"
1,1,3,2,"SFBFBFFBX","","","","8/F8D+","T",1,0,0,0,0,"F"
1,2,1,2,"FFBX","","","","8/F78D","T",1,0,0,0,0,"F"
0,0,2,1,"BFBX","","","","S8/L8S+","T",0,1,0,0,0,"F"
0,0,1,0,"BX","crawb001","","","64(1)3/GDP/G6","T",2,0,0,0,0,"F"
0,2,3,2,"SBBCBX","","","","S7/G56","T",0,1,0,0,0,"F"
0,2,0,1,"LX","casac001","","","S9/G34.1-2","T",0,1,2,0,0,"F"
0,2,0,1,"CX","wadel001","casac001","","63/G6","T",1,0,1,2,0,"F"
1,0,0,2,"CFX","","","","3/G34","T",1,0,0,0,0,"F"
1,1,1,2,"CBFX","","","","6/P56D","T",1,0,0,0,0,"F"
1,2,0,1,"SX","","","","43/G6MD","T",1,0,0,0,0,"F"
0,0,0,0,"X","","","","D9/L89S","T",0,2,0,0,0,"F"
0,0,0,0,"X","","slata001","","9/F9D.2-3","T",1,0,0,3,0,"F"
0,1,3,2,"FSB*BBS","","","slata001","K","T",1,0,0,0,3,"F"
0,2,3,2,"BBBCFX","","","slata001","53/G56","T",1,0,0,0,3,"F"
1,0,0,1,"CX","","","","8/F78XD","T",1,0,0,0,0,"F"
1,1,3,2,"FCFBBFFBS","","","","K","T",1,0,0,0,0,"F"
1,2,2,2,"CCBFBX","","","","9/F89","T",1,0,0,0,0,"F"
0,0,1,1,"CBX","","","","13/G3S-","T",1,0,0,0,0,"F"
0,1,1,2,"CBFFX","","","","9/L9D","T",1,0,0,0,0,"F"
0,2,0,0,"X","","","","3/P3SF/FL","T",1,0,0,0,0,"F"
1,0,0,1,"MX","","","","43/G34","T",1,0,0,0,0,"F"
1,1,3,2,"CFBBBB","","","","W","T",0,1,0,0,0,"F"
1,1,1,2,"CBFX","yelic001","","","6/P5F/FL","T",1,0,1,0,0,"F"
1,2,1,1,"CBX","yelic001","","","HR/F89XD.1-H","T",0,4,4,0,0,"F"
1,2,1,0,"BX","","","","S9/L9S+","T",0,1,0,0,0,"F"
1,2,2,1,"BT*BX","tellr001","","","23/G2-","T",1,0,1,0,0,"F"
0,0,1,2,"CFBS","","","","K","T",1,0,0,0,0,"F"
0,1,0,2,"CST","","","","K","T",1,0,0,0,0,"F"
0,2,1,0,"BX","","","","4/P89S","T",1,0,0,0,0,"F"
1,0,3,2,"BCBBCFFC","","","","K","T",1,0,0,0,0,"F"
1,1,0,1,"SX","","","","S9/L9+","T",0,1,0,0,0,"F"
1,1,0,0,"1","bradj001","","","PO1(E1/TH).1-2","F",0,0,2,0,0,"F"
1,1,2,2,"1.BFSBFX","","bradj001","","3/G3.2-3","T",1,0,0,3,0,"F"
1,2,0,1,"CX","","","bradj001","S7/G5.3-H(UR)","T",0,1,0,0,5,"F"
1,2,3,0,"BBBX","wongk001","","","5/P56","T",1,0,1,0,0,"F"
0,0,0,2,".CFX","","","","E6/TH/G6D.B-1","T",0,1,0,0,0,"F"
0,0,3,1,"C1BB*BB","bryak001","","","W.1-2","T",0,1,2,0,0,"F"
0,0,3,2,"BBCBCB","ruf-d001","bryak001","","W.2-3;1-2","T",0,1,2,3,0,"F"
0,0,1,1,"C*BX","florw001","ruf-d001","bryak001","9/SF/F89D.3-H(UR);2-3","T",1,0,1,3,5,"F"
0,1,0,2,"1CSS","florw001","","ruf-d001","K","T",1,0,1,0,3,"F"
0,2,1,0,"BX","florw001","","ruf-d001","7/F7LD","T",1,0,1,0,3,"F"
1,0,1,0,"BX","","","","D9/L9L","T",0,2,0,0,0,"F"
1,0,1,0,"BX","","escoe001","","7/F7L","T",1,0,0,2,0,"F"
1,1,0,0,".X","","escoe001","","63/G34S-.2-3","T",1,0,0,3,0,"F"
1,2,0,0,"B","","","escoe001","WP.3-H(NR)","F",0,0,0,0,4,"F"
1,2,2,1,"B.BCX","","","","S6/G6+.B-2(E6/TH)","T",0,2,0,0,0,"F"
1,2,3,0,".VVVV","","urial001","","IW","T",0,1,0,2,0,"F"
1,2,1,2,"CC*BS","garca003","urial001","","K","T",1,0,1,2,0,"F"
0,0,3,1,"..CBBBB","","","","W","T",0,1,0,0,0,"F"
0,0,1,1,".FBX","wadel001","","","HR/F8XD.1-H","T",0,4,4,0,0,"F"
0,0,0,0,"X","","","","63/G56","T",1,0,0,0,0,"F"
0,1,1,0,"BX","","","","53/G5D","T",1,0,0,0,0,"F"
0,2,3,0,"BBBB","","","","W","T",0,1,0,0,0,"F"
0,2,2,1,"FBBX","ruf-d001","","","8/F8S","T",1,0,1,0,0,"F"
1,0,3,2,"..BFFBFBFS","","","","K","T",1,0,0,0,0,"F"
1,1,2,0,"BBX","","","","4/P3D","T",1,0,0,0,0,"F"
1,2,0,2,"CTS","","","","K","T",1,0,0,0,0,"F"
0,0,0,2,".CSX","","","","D7/L5D","T",0,2,0,0,0,"F"
0,0,3,2,".CCF*BFBBFFFX","","crawb001","","S8/G4M.2-H","T",0,1,0,4,0,"F"
0,0,0,0,"X","lastt001","","","13/SH/BG2-.1-2","T",1,0,2,0,0,"F"
0,1,1,2,"FSBS","","lastt001","","K","T",1,0,0,2,0,"F"
0,2,2,0,".BBX","","lastt001","","9/L9LD","T",1,0,0,2,0,"F"
1,0,3,2,"..CBBBFFB","","","","W","T",0,1,0,0,0,"F"
1,0,1,2,"BFFS","escoe001","","","K","T",1,0,1,0,0,"F"
1,1,3,2,"FB1BF*BX","escoe001","","","7/F7D/DP.1X1(764)","T",2,0,0,0,0,"F"
0,0,0,0,".X","","","","9/F9D","T",1,0,0,0,0,"F"
0,1,3,2,"BBFBSS","","","","K","T",1,0,0,0,0,"F"
0,2,3,2,"BBCSBS","","","","K","T",1,0,0,0,0,"F"
1,0,0,0,"X","","","","53/G5","T",1,0,0,0,0,"F"
1,1,0,2,"STX","","","","4/P34D","T",1,0,0,0,0,"F"
1,2,1,0,"BX","","","","43/G4","T",1,0,0,0,0,"F"
0,0,1,2,"FCBS","","","","K","T",1,0,0,0,0,"T"
0,1,1,1,"BFX","","","","7/L7D","T",1,0,0,0,0,"F"
0,2,1,0,"BX","","","","S9/L89D","T",0,1,0,0,0,"F"
0,2,0,2,"CCN","sotoj001","","","BK.1-2","F",0,0,2,0,0,"F"
0,2,2,2,"CCN.B*BX","","sotoj001","","53/G5","T",1,0,0,2,0,"F"
1,0,1,2,"FBSS","","","","K","T",1,0,0,0,0,"F"
1,1,3,2,"FBBSBS","","","","K","T",1,0,0,0,0,"F"
1,2,3,1,"BBBCX","","","","53/G5-","T",1,0,0,0,0,"F"
0,0,3,1,"BBBCB","","","","W","T",0,1,0,0,0,"F"
0,0,2,1,"1BBFX","kiebc001","","","64(1)3/GDP/G6","T",2,0,0,0,0,"F"
0,2,3,1,"CBBBX","","","","53/G56","T",1,0,0,0,0,"F"
1,0,1,2,"BFFX","","","","63/G6+","T",1,0,0,0,0,"F"
1,1,1,1,"BCX","","","","9/F9","T",1,0,0,0,0,"F"
1,2,0,2,"CS*S","","","","K.BX1(23)","T",1,0,0,0,0,"F"
0,0,0,1,"CX","","","","43/G4D","T",1,0,0,0,0,"F"
0,1,1,2,"CCBC","","","","K","T",1,0,0,0,0,"F"
0,2,2,2,"BSBFX","","","","13/G1S","T",1,0,0,0,0,"F"
1,0,0,1,"CX","","","","D7/L5D","T",0,2,0,0,0,"F"
1,0,1,0,"BX","","cainl001","","63/G56","T",1,0,0,2,0,"F"
1,1,1,1,"BC>C","","cainl001","","SB3","F",0,0,0,3,0,"F"
1,1,2,2,"BC>C.BC","","","cainl001","K","T",1,0,0,0,3,"F"
1,2,1,2,"*BSSX","","","cainl001","43/G4M","T",1,0,0,0,3,"F"
0,0,1,0,"BX","","","","S5/BG5S","T",0,1,0,0,0,"F"
0,0,1,2,"CBSC","escoa003","","","K","T",1,0,1,0,0,"F"
0,1,2,1,"SBBX","escoa003","","","S9/G4+.1-2","T",0,1,2,0,0,"F"
0,1,0,2,"SCX","bellj005","escoa003","","46(1)/FO/G6M+.2-3;B-1","T",1,1,0,3,0,"F"
0,2,1,1,"*BFX","kiebc001","","escoa003","T9/L9L.3-H;1-H","T",0,3,4,0,4,"F"
0,2,1,0,"BX","","","thoml002","63/G56","T",1,0,0,0,3,"F"
1,0,2,2,"CBFBT","","","","K","T",1,0,0,0,0,"F"
1,1,3,2,"CBFFBBX","","","","9/L9","T",1,0,0,0,0,"F"
1,2,1,2,"CSB*S","","","","K","T",1,0,0,0,0,"F"
0,0,2,1,".BCBX","","","","D9/L9LS+","T",0,2,0,0,0,"F"
0,0,0,1,"MX","","garcl006","","24/SH/BG2.2-3","T",1,0,0,3,0,"F"
0,1,2,2,"FB*BSX","","","garcl006","63/G6S","T",1,0,0,0,3,"F"
0,2,1,1,"BSX","","","garcl006","13/G6MS","T",1,0,0,0,3,"F"
1,0,0,2,"FCX","","","","S8/L8S","T",0,1,0,0,0,"F"
1,0,1,1,"BCX","urial001","","","8/L8D+","T",1,0,1,0,0,"F"
1,1,2,1,"B11BSX","urial001","","","14(1)/FO/G1S.B-1","T",1,1,0,0,0,"F"
1,2,2,2,"CC*B+11B>B","cainl001","","","SB2","F",0,0,2,0,0,"F"
1,2,3,2,"CC*B+11B>B.F*S","","cainl001","","K","T",1,0,0,2,0,"F"
0,0,3,1,"BCBBB","","","","W","T",0,1,0,0,0,"F"
0,0,1,0,"1*BX","sotoj001","","","53/G5S.1-2","T",1,0,2,0,0,"F"
0,1,3,0,"BBB*B","","sotoj001","","W","T",0,1,0,2,0,"F"
0,1,1,2,".SCBC","kiebc001","sotoj001","","K","T",1,0,1,2,0,"F"
0,2,1,2,"CSFBX","kiebc001","sotoj001","","S7/G56+.2-H;1-3","T",0,1,3,4,0,"F"
0,2,0,0,"X","adamr004","","kiebc001","43/G4D","T",1,0,1,0,3,"F"
1,0,1,1,".CBX","","","","7/F7LS","T",1,0,0,0,0,"F"
1,1,2,1,"BBCX","","","","31/G34","T",1,0,0,0,0,"F"
1,2,1,0,"BX","","","","63/G6D+","T",1,0,0,0,0,"F"
0,0,0,0,".X","","","","63/G4M","T",1,0,0,0,0,"F"
0,1,0,2,"CFFX","","","","63/G6+","T",1,0,0,0,0,"F"
0,2,3,2,"FBSBBB","","","","W","T",0,1,0,0,0,"F"
0,2,3,2,"FB*BCB>*S","escoa003","","","K.BX1(23)","T",1,0,1,0,0,"F"
1,0,2,2,"CFBFBFFFFFX","","","","8/F78XD","T",1,0,0,0,0,"F"
1,1,0,0,"X","","","","HR/F89XD","T",0,4,0,0,0,"F"
1,1,3,2,".BBBCCX","","","","53/G5","T",1,0,0,0,0,"F"
1,2,2,1,"BFBX","","","","6/P4S","T",1,0,0,0,0,"F"
0,0,3,2,"BBCFBB","","","","W","T",0,1,0,0,0,"F"
0,0,2,0,"BBX","bellj005","","","8/F8XD","T",1,0,1,0,0,"F"
0,1,1,0,"*B*B","bellj005","","","OA.1X2(24)","F",1,0,0,0,0,"F"
0,2,3,2,"*B*B.CCBX","","","","S8/L8+","T",0,1,0,0,0,"F"
0,2,0,1,"CX","thoml002","","","8/L8D","T",1,0,1,0,0,"F"
1,0,3,0,"BBBB","","","","W","T",0,1,0,0,0,"F"
1,0,0,0,"..X","cainl001","","","6(1)3/GDP/G6M","T",2,0,0,0,0,"F"
1,2,0,1,".FX","","","","53/G4","T",1,0,0,0,0,"F"
0,0,3,0,"..BBBB","","","","W","T",0,1,0,0,0,"F"
0,0,2,2,".C1F1BBX","garcl006","","","S7/L78S.1-2","T",0,1,2,0,0,"F"
0,0,1,0,"BX","herny002","garcl006","","14/SH/BG2-.2-3;1-2","T",1,0,2,3,0,"F"
0,1,0,2,"CMX","","herny002","garcl006","7/F7S","T",1,0,0,2,3,"F"
0,2,3,0,"VVVV","","herny002","garcl006","IW","T",0,1,0,2,3,"F"
0,2,3,1,"BCBBB","sotoj001","herny002","garcl006","W.3-H;2-3;1-2","T",0,1,2,3,4,"F"
0,2,0,2,"CCS","bellj005","sotoj001","herny002","K","T",1,0,1,2,3,"F"
1,0,3,2,".CBBFBB","","","","W","T",0,1,0,0,0,"F"
1,0,2,2,"CSFFBBX","petej002","","","13/G1S-.1-2","T",1,0,2,0,0,"F"
1,1,1,2,"BSFS","","petej002","","K","T",1,0,0,2,0,"F"
1,2,0,1,"SX","","petej002","","8/F8XD","T",1,0,0,2,0,"F"
0,0,1,0,"BX","","","","DGR/L89XD+","T",0,2,0,0,0,"T"
0,0,0,1,"FH","","thoml002","","HP","T",0,1,0,2,0,"F"
0,0,0,0,"X","escoa003","thoml002","","S8/G4M.2-H;1-3","T",0,1,3,4,0,"F"
0,0,1,0,"BX","sotoj001","","escoa003","8/SF/F8XD.3-H","T",1,0,1,0,4,"F"
0,1,3,0,"BB*BB","sotoj001","","","W.1-2","T",0,1,2,0,0,"F"
0,1,2,2,"BBSF2","kiebc001","sotoj001","","PO2(16)","F",1,0,1,0,0,"F"
0,2,2,2,"BBSF2.X","kiebc001","","","7/F7D","T",1,0,1,0,0,"F"
1,0,1,2,"CCFBX","","","","7/F7LD","T",1,0,0,0,0,"F"
1,1,0,0,"X","","","","HR/F89XD","T",0,4,0,0,0,"F"
1,1,0,1,"FX","","","","S8/L8S","T",0,1,0,0,0,"F"
1,1,2,2,"BFBFFT","narvo001","","","K","T",1,0,1,0,0,"F"
1,2,1,0,"BX","narvo001","","","56(1)/FO/G4D+.B-1","T",1,1,0,0,0,"F"
0,0,0,1,"SX","","","","9/F89","T",1,0,0,0,0,"F"
0,1,0,2,"CSX","","","","6/L6MD","T",1,0,0,0,0,"F"
0,2,1,2,"BCSFS","","","","K","T",1,0,0,0,0,"F"
1,0,2,2,"CBBFX","","","","3/P3S","T",1,0,0,0,0,"F"
1,1,2,2,"BCBCX","","","","43/G3D","T",1,0,0,0,0,"F"
1,2,2,2,"BBCTS","","","","K","T",1,0,0,0,0,"F"
0,0,3,2,"CBBFBB","","","","W","T",0,1,0,0,0,"F"
0,0,0,2,"SMFFT","thoml002","","","K","T",1,0,1,0,0,"F"
0,1,0,0,"11X","thoml002","","","7/F7D","T",1,0,1,0,0,"F"
0,2,2,2,"BCBF>X","thoml002","","","8/F8XD","T",1,0,1,0,0,"F"
1,0,1,1,"CBX","","","","53/G56+","T",1,0,0,0,0,"F"
1,1,1,2,"BCCX","","","","S7/G5","T",0,1,0,0,0,"F"
1,1,1,2,"1BF111F1X","wongk001","","","7/F7D","T",1,0,1,0,0,"F"
1,2,1,0,"BX","wongk001","","","S8/G4M.1-3","T",0,1,3,0,0,"F"
1,2,2,2,"CBF*BX","narvo001","","wongk001","5/P56","T",1,0,1,0,3,"F"
0,0,0,1,"CX","","","","63/G6","T",1,0,0,0,0,"F"
0,1,2,2,"BSFBFC","","","","K","T",1,0,0,0,0,"F"
0,2,2,2,"CBCFFFBFFFFX","","","","S8/L8S","T",0,1,0,0,0,"F"
0,2,0,1,"CX","barrt004","","","63/G4M","T",1,0,1,0,0,"F"
1,0,0,2,"CSS","","","","K","T",1,0,0,0,0,"F"
1,1,3,2,"BBFCBFFT","","","","K","T",1,0,0,0,0,"F"
1,2,0,2,"CLS","","","","K","T",1,0,0,0,0,"F"
0,0,0,1,"CX","","","","8/F8XD","T",1,0,0,0,0,"F"
0,1,2,1,"BSBX","","","","S8/L78S","T",0,1,0,0,0,"F"
0,1,2,2,"1BFB>FX","thoml002","","","D7/L7LD.1-H","T",0,2,4,0,0,"F"
0,1,3,0,"VVVV","","escoa003","","IW","T",0,1,0,2,0,"F"
0,1,3,2,".BBBCCX","sotoj001","escoa003","","64(1)/FO/G56+.2-3;B-1","T",1,1,0,3,0,"F"
0,2,0,1,"CX","zimmr001","","escoa003","64(1)/FO/G6.B-1","T",1,1,0,0,3,"F"
1,0,2,2,"FBFBS","","","","K","T",1,0,0,0,0,"F"
1,1,3,2,".CBBFFFBFB","","","","W","T",0,1,0,0,0,"F"
1,1,0,1,"SX","cainl001","","","S9/G34.1-3","T",0,1,3,0,0,"F"
1,1,1,0,".BX","wongk001","","cainl001","S9/G3.3-H;1-3","T",0,1,3,0,4,"F"
1,1,0,1,"1F>S","yelic001","","wongk001","SB2","F",0,0,2,0,3,"F"
1,1,0,2,"1F>S.FX","","yelic001","wongk001","3/P3SF/FL.3-H","T",1,0,0,2,4,"F"
1,2,1,0,"BX","","yelic001","","S8/G4M.2-H","T",0,1,0,4,0,"F"
1,2,2,2,"S1BS*BFFX","escoe001","","","23/G23-","T",1,0,1,0,0,"F"
0,0,2,0,".BBX","","","","HR/F78XD","T",0,4,0,0,0,"F"
0,0,3,2,"CFBBFFBX","","","","S7/L78S","T",0,1,0,0,0,"F"
0,0,0,2,"FCS","barrt004","","","K","T",1,0,1,0,0,"F"
0,1,0,0,".X","barrt004","","","7/F7","T",1,0,1,0,0,"F"
0,2,3,2,"CBF*BFB>X","barrt004","","","8/F8XD","T",1,0,1,0,0,"F"
1,0,1,1,".BCX","","","","S8/G6M","T",0,1,0,0,0,"F"
1,0,0,0,"1X","urial001","","","8/F8XD/DP.1X2(86)","T",2,0,0,0,0,"F"
1,2,1,2,"CBFS","","","","K","T",1,0,0,0,0,"F"
0,0,0,0,".X","","","","5/P5S","T",1,0,0,0,0,"F"
0,1,3,2,"BBBCCX","","","","S7/F7S","T",0,1,0,0,0,"F"
0,1,2,2,"BCF*BX","sotoj001","","","S7/G56+.1-2","T",0,1,2,0,0,"F"
0,1,3,2,"BFBBCC","zimmr001","sotoj001","","K","T",1,0,1,2,0,"F"
0,2,1,2,"CSBFX","zimmr001","sotoj001","","8/F78XD","T",1,0,1,2,0,"F"
1,0,3,2,".BCBCBFFS","","","","K","T",1,0,0,0,0,"F"
1,1,0,0,"H","","","","HP","T",0,1,0,0,0,"F"
1,1,1,0,"..1BX","wongk001","","","6/P8S","T",1,0,1,0,0,"F"
1,2,0,2,"S11S>FH","wongk001","","","HP.1-2","T",0,1,2,0,0,"F"
1,2,3,2,"B2BFBF>B","narvo001","wongk001","","W.2-3;1-2","T",0,1,2,3,0,"F"
1,2,2,2,"C*BFBFX","escoe001","narvo001","wongk001","5/P5","T",1,0,1,2,3,"F"
0,0,3,2,"...BBBCFFX","","","","53/G5","T",1,0,0,0,0,"F"
0,1,1,2,"LBCF*S","","","","K.BX1(23)","T",1,0,0,0,0,"F"
0,2,3,2,"BFCBBS","","","","K","T",1,0,0,0,0,"F"
1,0,2,2,".BFFBFX","","","","C/E2.B-1","T",0,1,0,0,0,"F"
1,0,1,2,"B1CF1FX","urial001","","","S7/L78.1-3","T",0,1,3,0,0,"F"
1,0,1,2,"*B1FF1H","petej002","","urial001","HP.1-2","T",0,1,2,0,3,"F"
1,0,3,2,"CC*BBBFX","bradj001","petej002","urial001","6/P6D","T",1,0,1,2,3,"F"
1,1,1,1,"BFH","bradj001","petej002","urial001","HP.3-H(UR);2-3;1-2","T",0,1,2,3,5,"F"
1,1,3,2,"BSCFBBFFX","wongk001","bradj001","petej002","HR/F89XD.3-H;2-H;1-H","T",0,4,4,4,4,"F"
1,1,1,2,".FFBS","","","","K","T",1,0,0,0,0,"F"
1,2,0,0,".X","","","","S7/L7S","T",0,1,0,0,0,"F"
1,2,0,1,"CX","garca003","","","7/F7LF/FL","T",1,0,1,0,0,"F"
0,0,3,2,".BFBBFFFB","","","","W","T",0,1,0,0,0,"F"
0,0,0,2,"CFX","thoml002","","","S7/G56.1-2","T",0,1,2,0,0,"F"
0,0,3,0,"*BBBB","escoa003","thoml002","","W.2-3;1-2","T",0,1,2,3,0,"F"
0,0,1,2,".CBFS","sotoj001","escoa003","thoml002","K","T",1,0,1,2,3,"F"
0,1,1,1,"CBX","sotoj001","escoa003","thoml002","S9/F9LS.3-H;2-3;1-2","T",0,1,2,3,4,"F"
0,1,2,2,".CBS*BX","kiebc001","sotoj001","escoa003","12(3)/FO/G1S-.2-3;1-2;B-1","T",1,1,2,3,0,"F"
0,2,3,2,"SS*BFBB>B","bellj005","kiebc001","sotoj001","W.3-H;2-3;1-2","T",0,1,2,3,4,"F"
0,2,2,2,".BBFFS","barrt004","bellj005","kiebc001","K","T",1,0,1,2,3,"F"
0,0,3,2,"BBFFBB","","","","W","T",0,1,0,0,0,"T"
0,0,0,2,">F1FX","thoml002","","","14(1)/FO/G1S.B-1","T",1,1,0,0,0,"F"
0,1,0,2,"FFX","escoa003","","","65(1)3/GDP/G6S+","T",2,0,0,0,0,"F"
1,0,1,0,"BX","","","","HR/F9D","T",0,4,0,0,0,"F"
1,0,3,2,"SBSFBBX","","","","S7/L7+","T",0,1,0,0,0,"F"
1,0,1,0,"BX","adamw002","","","S7/L78S+.1-2","T",0,1,2,0,0,"F"
1,0,3,2,"BFFFFBBS","yelic001","adamw002","","K","T",1,0,1,2,0,"F"
1,1,2,0,"B*BX","yelic001","adamw002","","5(2)3/GDP/G5S","T",2,0,1,0,0,"F"
0,0,3,2,"CCBBFBFB","","","","W","T",0,1,0,0,0,"F"
0,0,2,2,"BFBSX","bellj005","","","46(1)3/GDP/G4","T",2,0,0,0,0,"F"
0,2,2,2,"FBSBS","","","","K","T",1,0,0,0,0,"F"
1,0,1,2,"FCFFBX","","","","S7/L7L","T",0,1,0,0,0,"F"
1,0,0,1,"1CX","urial001","","","7/L78XD","T",1,0,1,0,0,"F"
1,1,0,0,"X","urial001","","","S7/L78+.1-2","T",0,1,2,0,0,"F"
1,1,0,0,"X","pinam001","urial001","","24/SH/BG2-.2-3;1-2","T",1,0,2,3,0,"F"
1,2,3,2,"BFBBTFT","","pinam001","urial001","K","T",1,0,0,2,3,"F"
0,0,2,2,"FBSBH","","","","HP","T",0,1,0,0,0,"F"
0,0,0,0,"X","adamr004","","","7/L78D","T",1,0,1,0,0,"F"
0,1,1,2,"LBMM","adamr004","","","K","T",1,0,1,0,0,"F"
0,2,0,2,"CFX","adamr004","","","S8/L89S.1-3","T",0,1,3,0,0,"F"
0,2,1,2,"FBS>B","thoml002","","adamr004","SB2.3-H(E2/TH)(NR)(UR);1-3","F",0,0,3,0,5,"F"
0,2,2,2,"FBS>B.X","","","thoml002","13/G1-","T",1,0,0,0,3,"F"
1,0,0,2,"CFS","","","","K","T",1,0,0,0,0,"F"
1,1,0,0,"X","","","","3/G3D","T",1,0,0,0,0,"F"
1,2,3,0,"BBBB","","","","W","T",0,1,0,0,0,"F"
1,2,2,1,"BCBX","garca003","","","64(1)/FO/G6D.B-1","T",1,1,0,0,0,"F"
0,0,3,2,"BCFFBBX","","","","9/L9D+","T",1,0,0,0,0,"F"
0,1,2,2,"FBCBFX","","","","S6/G6","T",0,1,0,0,0,"F"
0,1,3,2,"BFFBFB>X","bellj005","","","S7/G6.1-3","T",0,1,3,0,0,"F"
0,1,1,2,".CSBS","herny002","","bellj005","K","T",1,0,1,0,3,"F"
0,2,2,2,"CBBCFS","herny002","","bellj005","K","T",1,0,1,0,3,"F"
1,0,3,2,"FBCBBFFC","","","","K","T",1,0,0,0,0,"F"
1,1,1,0,"BX","","","","2/P2F/FL","T",1,0,0,0,0,"F"
1,2,3,1,"CBBBB","","","","W","T",0,1,0,0,0,"F"
1,2,3,0,".BBBB","pinam001","","","W.1-2","T",0,1,2,0,0,"F"
1,2,2,2,"BBCFX","bradj001","pinam001","","T9/L9L.2-H;1-H","T",0,3,4,4,0,"F"
1,2,2,2,"CBFBFC","","","wongk001","K","T",1,0,0,0,3,"F"
0,0,1,2,".CBSX","","","","S4/G4S","T",0,1,0,0,0,"F"
0,0,0,2,".CFF*S","garcl006","","","K","T",1,0,1,0,0,"F"
0,1,0,2,"*S1CX","garcl006","","","D7/L7LD.1-3","T",0,2,3,0,0,"F"
0,1,0,2,"SSS","","thoml002","garcl006","K","T",1,0,0,2,3,"F"
0,2,3,1,"BSBBB","","thoml002","garcl006","W","T",0,1,0,2,3,"F"
0,2,2,1,"CB*BX","sotoj001","thoml002","garcl006","6(1)/FO/G6M.B-1","T",1,1,0,2,3,"F"
1,0,2,2,".CBFBS","","","","K","T",1,0,0,0,0,"F"
1,1,3,2,"BFFBBX","","","","2/P2-","T",1,0,0,0,0,"F"
1,2,3,2,"CBFBFFBB","","","","W","T",0,1,0,0,0,"F"
1,2,3,2,"BCT*BB>F>B","escoe001","","","W.1-2","T",0,1,2,0,0,"F"
1,2,1,1,"BCX","urial001","escoe001","","8/F8","T",1,0,1,2,0,"F"
0,0,1,2,"CCBFFS","","","","K","T",1,0,0,0,0,"F"
0,1,2,2,"CBCFBX","","","","23/G2","T",1,0,0,0,0,"F"
0,2,3,2,"CCBBBS","","","","K","T",1,0,0,0,0,"F"
1,0,1,1,".CBH","","","","HP","T",0,1,0,0,0,"F"
1,0,2,2,".CBSBFFS","pinam001","","","K","T",1,0,1,0,0,"F"
1,1,3,0,"BBBB","pinam001","","","W.1-2","T",0,1,2,0,0,"F"
1,1,3,1,"F*BBBB","wongk001","pinam001","","W.2-3;1-2","T",0,1,2,3,0,"F"
1,1,1,2,"CCBX","adamw002","wongk001","pinam001","3/G3.3-H;2-H(E3/TH)(NR)(UR);1-3","T",1,0,3,5,4,"F"
1,2,3,2,"SSBB*B*B","","","adamw002","W","T",0,1,0,0,3,"F"
1,2,1,0,"B>B","garca003","","adamw002","SB2","F",0,0,2,0,3,"F"
1,2,3,2,"B>B.BCFX","","garca003","adamw002","43/G3D+","T",1,0,0,2,3,"F"
0,0,0,2,"..CSS","","","","K","T",1,0,0,0,0,"F"
0,1,1,2,".BTCS","","","","K","T",1,0,0,0,0,"F"
0,2,2,2,"CBBCFX","","","","7/F7","T",1,0,0,0,0,"F"
1,0,3,2,".CFBBBB","","","","W","T",0,1,0,0,0,"F"
1,0,0,1,"1CX","urial001","","","HR/F78XD.1-H","T",0,4,4,0,0,"F"
1,0,3,0,"BBBB","","","","W","T",0,1,0,0,0,"F"
1,0,0,0,"X","pinam001","","","9/L9D","T",1,0,1,0,0,"F"
1,1,1,2,"CSBB","pinam001","","","WP.1-2","F",0,0,2,0,0,"F"
1,1,2,2,"CSBB.FX","","pinam001","","7/F7LD","T",1,0,0,2,0,"F"
1,2,0,2,"FSFFFX","","pinam001","","6/P6D","T",1,0,0,2,0,"F"
0,0,2,2,".BCFBX","","","","9/L9L","T",1,0,0,0,0,"F"
0,1,0,2,"CCFS","","","","K","T",1,0,0,0,0,"F"
0,2,3,1,"CBBBB","","","","W","T",0,1,0,0,0,"F"
0,2,0,1,"FX","bellj005","","","54(1)/FO/G56S.B-1","T",1,1,0,0,0,"F"
1,0,3,2,".CBCBBX","","","","S8/L78","T",0,1,0,0,0,"F"
1,0,0,0,"X","yelic001","","","D8/F8XD+.1-3","T",0,2,3,0,0,"F"
1,0,3,1,"BTBBB","","garca003","yelic001","W","T",0,1,0,2,3,"F"
1,0,1,2,"CBFX","milnh001","garca003","yelic001","5/L5/DP.3X3(5)","T",2,0,1,2,0,"F"
1,2,2,1,"BFBX","milnh001","garca003","","53/G5S","T",1,0,1,2,0,"F"
0,0,0,1,"CX","","","","HR/F78XD","T",0,4,0,0,0,"F"
0,0,2,2,"CBCFFBX","","","","D7/L7LD+","T",0,2,0,0,0,"F"
0,0,0,0,"X","","adamr004","","6/F5D","T",1,0,0,2,0,"F"
0,1,2,2,".BFBFS","","adamr004","","K","T",1,0,0,2,0,"F"
0,2,0,2,"CFX","","adamr004","","S6/G56.2-H(E6/TH)(NR)","T",0,1,0,4,0,"F"
0,2,0,1,"SX","thoml002","","","S7/L78S.1-2","T",0,1,2,0,0,"F"
0,2,2,0,".BB>B","escoa003","thoml002","","DI.2-3","F",0,0,1,3,0,"F"
0,2,3,1,".BB>B.CX","escoa003","","thoml002","56(1)/FO/G6M.B-1","T",1,1,0,0,3,"F"
0,0,3,1,"CBBBB","","","","W","T",0,1,0,0,0,"T"
0,0,1,1,"BC1X","indij001","","","46(1)3/GDP/G34","T",2,0,0,0,0,"F"
0,2,1,0,"BX","","","","43/G4","T",1,0,0,0,0,"F"
1,0,3,2,"CFBBFBFS","","","","K","T",1,0,0,0,0,"F"
1,1,3,2,"BBFBSFX","","","","D7/F7L","T",0,2,0,0,0,"F"
1,1,3,2,"CBBCBX","","adamw002","","S7/L7S.2-3","T",0,1,0,3,0,"F"
1,1,0,0,"X","yelic001","","adamw002","8/SF/F8XD+.3-H","T",1,0,1,0,4,"F"
1,2,1,2,"BCSX","yelic001","","","S9/L89+.1-3","T",0,1,3,0,0,"F"
1,2,2,2,"BBFFS","narvo001","","yelic001","K","T",1,0,1,0,3,"F"
0,0,0,1,"..CX","","","","S9/L9","T",0,1,0,0,0,"F"
0,0,0,2,"FFX","vottj001","","","7/L7D","T",1,0,1,0,0,"F"
0,1,3,2,"*BB*BC1FX","vottj001","","","8/F89D","T",1,0,1,0,0,"F"
0,2,0,2,"*SSC","vottj001","","","K","T",1,0,1,0,0,"F"
1,0,0,2,"CSX","","","","S7/G56+","T",0,1,0,0,0,"F"
1,0,2,2,"*BCBCX","tellr001","","","54(1)/FO/G5.B-1","T",1,1,0,0,0,"F"
1,1,1,1,"B1CX","cainl001","","","24/SH/BG23.1-2","T",1,0,2,0,0,"F"
1,2,1,1,"SBX","","cainl001","","9/L9D","T",1,0,0,2,0,"F"
0,0,0,1,"CX","","","","13/G13","T",1,0,0,0,0,"F"
0,1,1,1,"BFX","","","","9/F9D","T",1,0,0,0,0,"F"
0,2,2,1,"CBBX","","","","6/L6+","T",1,0,0,0,0,"F"
1,0,2,2,"BFBCS","","","","K","T",1,0,0,0,0,"F"
1,1,2,1,"CBBX","","","","13/G1","T",1,0,0,0,0,"F"
1,2,2,2,"BFSBH","","","","HP","T",0,1,0,0,0,"F"
1,2,2,1,"BBFX","garca003","","","4/L4D","T",1,0,1,0,0,"F"
0,0,3,1,"BBBCB","","","","W","T",0,1,0,0,0,"F"
0,0,2,2,"SS*BB1FX","naqut001","","","S8/L8D-.1-2","T",0,1,2,0,0,"F"
0,0,2,1,"SBBB","castn001","naqut001","","PB.2-3;1-2","F",0,0,2,3,0,"F"
0,0,3,1,"SBBB.B","","castn001","naqut001","W","T",0,1,0,2,3,"F"
0,0,3,2,"SB*SB*BX","vottj001","castn001","naqut001","S9/G34.3-H;2-3;1-2","T",0,1,2,3,4,"F"
0,0,2,0,"BBX","mousm001","vottj001","castn001","S7/G6+.3-H;2-3;1-2","T",0,1,2,3,4,"F"
0,0,1,1,"BFX","farmk001","mousm001","vottj001","8/SF/F8.3-H","T",1,0,1,2,4,"F"
0,1,0,2,"SCS","farmk001","mousm001","","K","T",1,0,1,2,0,"F"
0,2,2,1,"BBCX","farmk001","mousm001","","63/G6","T",1,0,1,2,0,"F"
1,0,1,1,"BFX","","","","8/L89D","T",1,0,0,0,0,"F"
1,1,2,2,"BBCSFC","","","","K","T",1,0,0,0,0,"F"
1,2,1,2,"CFFBS","","","","K","T",1,0,0,0,0,"F"
0,0,0,2,"CS*S","","","","K","T",1,0,0,0,0,"F"
0,1,1,1,"CBX","","","","S9/L9S+","T",0,1,0,0,0,"F"
0,1,0,0,"X","naqut001","","","7/F7D+","T",1,0,1,0,0,"F"
0,2,2,2,"BCSBC","naqut001","","","K","T",1,0,1,0,0,"F"
1,0,2,2,"BCCBFS","","","","K","T",1,0,0,0,0,"F"
1,1,2,1,"BFBX","","","","8/L8D","T",1,0,0,0,0,"F"
1,2,2,2,"FBSBC","","","","K","T",1,0,0,0,0,"F"
0,0,3,1,"BBFBX","","","","D9/L89XD","T",0,2,0,0,0,"F"
0,0,0,2,"CC*S","","mousm001","","K","T",1,0,0,2,0,"F"
0,1,1,2,"BSFX","","mousm001","","S7/L78S.2-H","T",0,1,0,4,0,"F"
0,1,2,2,"SF*BBX","barnt001","","","3(B)6(1)/GDP/G3S","T",2,0,0,0,0,"F"
1,0,0,2,"CSS","","","","K","T",1,0,0,0,0,"F"
1,1,0,0,"X","","","","6/P6D","T",1,0,0,0,0,"F"
1,2,3,1,"BSBBB","","","","W","T",0,1,0,0,0,"F"
1,2,0,2,"CCX","narvo001","","","S39/G34.1-2","T",0,1,2,0,0,"F"
1,2,3,2,"...BCS*BFB>X","urial001","narvo001","","7/F7D","T",1,0,1,2,0,"F"
0,0,2,2,".CBSFBFFFF*S","","","","K","T",1,0,0,0,0,"F"
0,1,3,2,"BBBCFFFB","","","","W","T",0,1,0,0,0,"F"
0,1,1,1,"C1BX","indij001","","","4/L34+","T",1,0,1,0,0,"F"
0,2,2,2,"SF*B1FBX","indij001","","","64(1)/FO/G6.B-1","T",1,1,0,0,0,"F"
1,0,0,1,"SX","","","","S8/G6M","T",0,1,0,0,0,"F"
1,0,1,1,".*BCX","cainl001","","","S8/L8+.1-2","T",0,1,2,0,0,"F"
1,0,0,1,"CX","pinam001","cainl001","","S7/G56.2-H;1-2","T",0,1,2,4,0,"F"
1,0,3,2,"BBBCCF*B","wongk001","pinam001","","W.2-3;1-2","T",0,1,2,3,0,"F"
1,0,2,2,".BSSFFBX","petej002","wongk001","pinam001","9/SF/L89D.3-H;2-3","T",1,0,1,3,4,"F"
1,1,0,0,">B","petej002","","wongk001","SB2","F",0,0,2,0,3,"F"
1,1,1,2,">B.SSFX","","petej002","wongk001","7/SF/L78D.3-H","T",1,0,0,2,4,"F"
1,2,0,1,"FX","","petej002","","D9/L9L.2-H","T",0,2,0,4,0,"F"
1,2,0,2,"SCS","","narvo001","","K","T",1,0,0,2,0,"F"
0,0,3,2,".FBCFBBX","","","","43/G34D","T",1,0,0,0,0,"F"
0,1,2,1,"SBBX","","","","13/G56S-","T",1,0,0,0,0,"F"
0,2,2,1,"CBBX","","","","7/F7LD","T",1,0,0,0,0,"F"
1,0,3,2,".BCBFB.FB","","","","W","T",0,1,0,0,0,"F"
1,0,3,2,"FBBFBX","tellr001","","","7/F78S","T",1,0,1,0,0,"F"
1,1,3,2,".FB*BBSX","tellr001","","","2/P2F/FL","T",1,0,1,0,0,"F"
1,2,1,0,"BX","tellr001","","","HR/L9LD.1-H","T",0,4,4,0,0,"F"
1,2,0,1,".CX","","","","3/G3","T",1,0,0,0,0,"F"
0,0,2,2,"..CBSBX","","","","13/G1S","T",1,0,0,0,0,"F"
0,1,2,2,".CSBBC","","","","K","T",1,0,0,0,0,"F"
0,2,3,2,"CFFBFBFBX","","","","3/P3SF/FL","T",1,0,0,0,0,"F"
0,0,2,1,"CBBH","","","","HP","T",0,1,0,0,0,"T"
0,0,1,1,"BTX","indij001","","","S5/BG25.1-2","T",0,1,2,0,0,"F"
0,0,0,0,"X","naqut001","indij001","","9/F9LDF/FL.2-3;1-2","T",1,0,2,3,0,"F"
0,1,3,2,"BBFF*BFFC","","naqut001","indij001","K","T",1,0,0,2,3,"F"
0,2,0,1,"SX","","naqut001","indij001","31/G34S","T",1,0,0,2,3,"F"
1,0,1,1,"BLX","","","","1/L1","T",1,0,0,0,0,"F"
1,1,0,2,"CSS","","","","K","T",1,0,0,0,0,"F"
1,2,3,1,"BTBBB","","","","W","T",0,1,0,0,0,"F"
1,2,2,2,"SBSBX","yelic001","","","13/G6MS","T",1,0,1,0,0,"F"
0,0,2,2,"BBFSX","","","","S9/F89S","T",0,1,0,0,0,"F"
0,0,1,2,"CBFS","farmk001","","","K","T",1,0,1,0,0,"F"
0,1,1,2,"FFBFC","farmk001","","","K","T",1,0,1,0,0,"F"
0,2,0,2,"CC*S","farmk001","","","K","T",1,0,1,0,0,"F"
1,0,2,2,"BSFBX","","","","53/G6D","T",1,0,0,0,0,"F"
1,1,1,2,"CBFS","","","","K","T",1,0,0,0,0,"F"
1,2,3,0,"BBBB","","","","W","T",0,1,0,0,0,"F"
1,2,2,2,"FB1FBS","petej002","","","K","T",1,0,1,0,0,"F"
0,0,2,2,"BBCFFFS","","","","K","T",1,0,0,0,0,"F"
0,1,2,2,"FBSBFFC","","","","K","T",1,0,0,0,0,"F"
0,2,3,2,"SSFBBBFX","","","","8/L8XD+","T",1,0,0,0,0,"F"
1,0,3,2,"BBBCCS","","","","K","T",1,0,0,0,0,"F"
1,1,3,2,"CBFBBX","","","","43/G4D","T",1,0,0,0,0,"F"
1,2,1,2,"CBSX","","","","43/G4D","T",1,0,0,0,0,"F"
0,0,3,2,"BCBSFBS","","","","K","T",1,0,0,0,0,"F"
0,1,2,1,"CBBX","","","","5/L4MD","T",1,0,0,0,0,"F"
0,2,0,1,"CX","","","","53/G5","T",1,0,0,0,0,"F"
1,0,1,2,"CBFX","","","","D7/G5+","T",0,2,0,0,0,"F"
1,0,0,1,"FX","","yelic001","","D8/L78XD+.2-H","T",0,2,0,4,0,"F"
1,0,0,0,"X","","garca003","","FC/G6.2X3(65);B-1","T",1,1,0,0,0,"F"
1,1,2,0,"BBX","tellr001","","","46(1)3/GDP/G4","T",2,0,0,0,0,"F"
0,0,1,2,"BFCS","","","","K","T",1,0,0,0,0,"F"
0,1,2,2,"BFBFS","","","","K","T",1,0,0,0,0,"F"
0,2,1,2,"SSBS","","","","K","T",1,0,0,0,0,"F"
1,0,2,1,"CBBX","","","","8/F78D","T",1,0,0,0,0,"F"
1,1,1,2,"CTBX","","","","3/G34","T",1,0,0,0,0,"F"
1,2,1,2,"BSSS","","","","K","T",1,0,0,0,0,"F"
0,0,2,1,"BFBX","","","","8/F8XD","T",1,0,0,0,0,"F"
0,1,1,1,"FBX","","","","S9/L9S","T",0,1,0,0,0,"F"
0,1,1,2,"FFFFFBFX","naqut001","","","S9/L9LS.1-3;BX2(96)","T",1,0,3,0,0,"F"
0,2,3,2,"BSBBSX","","","naqut001","7/L7","T",1,0,0,0,3,"F"
1,0,2,2,"BFSBFX","","","","31/G34","T",1,0,0,0,0,"F"
1,1,1,0,"BX","","","","53/G56","T",1,0,0,0,0,"F"
1,2,1,0,"BX","","","","43/G4D+","T",1,0,0,0,0,"F"
0,0,0,2,".CSS","","","","K","T",1,0,0,0,0,"F"
0,1,2,2,"BFSBC","","","","K","T",1,0,0,0,0,"F"
0,2,0,0,"X","","","","6/P4M","T",1,0,0,0,0,"F"
1,0,1,0,"BH","","","","HP","T",0,1,0,0,0,"F"
1,0,1,2,"CSB1S","garca003","","","K","T",1,0,1,0,0,"F"
1,1,1,2,"*B1FFFFF1FX","garca003","","","S6/G6M.1-2","T",0,1,2,0,0,"F"
1,1,2,2,"BFSBX","urial001","garca003","","DGR/L78XD.2-H;1-3","T",0,2,3,4,0,"F"
1,1,0,2,".SS*S","","petej002","urial001","K","T",1,0,0,2,3,"F"
1,2,2,2,".SCB*B+3S","","petej002","urial001","K","T",1,0,0,2,3,"F"
0,0,2,2,".BFBCFX","","","","2/P2F/FL","T",1,0,0,0,0,"F"
0,1,1,0,".BX","","","","9/F89XD","T",1,0,0,0,0,"F"
0,2,0,2,"SSS","","","","K","T",1,0,0,0,0,"F"
1,0,3,2,".CBBBCB","","","","W","T",0,1,0,0,0,"F"
1,0,0,2,"FSX","wongk001","","","4/P4","T",1,0,1,0,0,"F"
1,1,2,2,"1S1CBBX","wongk001","","","E5/TH/G56+.1-3;B-1","T",0,1,3,0,0,"F"
1,1,0,0,"B","yelic001","","wongk001","WP.3-H(NR);1-2","F",0,0,2,0,4,"F"
1,1,3,0,"B.VVV","","yelic001","","IW","T",0,1,0,2,0,"F"
1,1,1,1,"BCX","garca003","yelic001","","S5/G5S-.2-3;1-2","T",0,1,2,3,0,"F"
1,1,1,0,".*BX","tellr001","garca003","yelic001","53/G25-.3-H(UR);2-3;1-2","T",1,0,2,3,5,"F"
1,2,3,1,"BBBCB","","tellr001","garca003","W","T",0,1,0,2,3,"F"
1,2,2,2,"S*BFBS","petej002","tellr001","garca003","K","T",1,0,1,2,3,"F"
0,0,0,2,".CFFS","","","","K","T",1,0,0,0,0,"F"
0,1,2,1,"BCBX","","","","HR/F78XD","T",0,4,0,0,0,"F"
0,1,1,2,"CBCC","","","","K","T",1,0,0,0,0,"F"
0,2,0,2,"CF*S","","","","K","T",1,0,0,0,0,"F"
0,0,1,2,"CFBFX","","","","S8/L78S+","T",0,1,0,0,0,"T"
0,0,3,1,"B*BBCB","indij001","","","W.1-2","T",0,1,2,0,0,"F"
0,0,3,2,"C*SBFF*BBFX","stept001","indij001","","64(1)/FO/G56.2-3;B-1","T",1,1,0,3,0,"F"
0,1,0,0,"X","castn001","","indij001","8/SF/F8D.3-H","T",1,0,1,0,4,"F"
0,2,2,0,"*B*BX","castn001","","","64(1)/FO/G6+.B-1","T",1,1,0,0,0,"F"
1,0,1,1,"CBH","","","","HP","T",0,1,0,0,0,"F"
1,0,2,2,"BCC*BS","wongk001","","","K","T",1,0,1,0,0,"F"
1,1,0,0,"X","wongk001","","","4/F34D","T",1,0,1,0,0,"F"
1,2,1,2,"SFB>*B","wongk001","","","OA.1X2(24)","F",1,0,0,0,0,"F"
0,0,3,1,"CBBBB","","","","W","T",0,1,0,0,0,"F"
0,0,1,2,"CS*BS","suare001","","","K","T",1,0,1,0,0,"F"
0,1,2,2,"CSB*BX","suare001","","","54(1)3/GDP/G56","T",2,0,0,0,0,"F"
1,0,1,2,"BSCX","","","","6/L6","T",1,0,0,0,0,"F"
1,1,0,2,"CCX","","","","63/G6M","T",1,0,0,0,0,"F"
1,2,0,2,"CSS","","","","K","T",1,0,0,0,0,"F"
0,0,1,2,"CSBX","","","","S4/G4M","T",0,1,0,0,0,"F"
0,0,2,1,"C*BBX","grays001","","","54(1)3/GDP/G5+","T",2,0,0,0,0,"F"
0,2,1,0,"BX","","","","9/F9S","T",1,0,0,0,0,"F"
1,0,2,2,"CBBFFC","","","","K","T",1,0,0,0,0,"F"
1,1,3,2,"BBCFFFBB","","","","W","T",0,1,0,0,0,"F"
1,1,0,2,"CCC","bradj001","","","K","T",1,0,1,0,0,"F"
1,2,0,1,"CX","bradj001","","","8/F78D","T",1,0,1,0,0,"F"
0,0,0,2,"FSS","","","","K","T",1,0,0,0,0,"F"
0,1,3,2,"CBFBBFX","","","","43/G34","T",1,0,0,0,0,"F"
0,2,1,2,"SFBFS","","","","K","T",1,0,0,0,0,"F"
1,0,0,1,"CX","","","","7/F7S","T",1,0,0,0,0,"F"
1,1,0,2,"CCX","","","","9/L9D+","T",1,0,0,0,0,"F"
1,2,0,1,"FX","","","","S7/G56+","T",0,1,0,0,0,"F"
1,2,2,2,"BF*BFC","garca003","","","K","T",1,0,1,0,0,"F"
0,0,2,2,"CBCBFX","","","","S7/G5+","T",0,1,0,0,0,"F"
0,0,1,0,"BX","suare001","","","S1/G23.1-3(E1/TH)","T",0,1,3,0,0,"F"
0,0,0,2,".SSC","naqut001","","suare001","K","T",1,0,1,0,3,"F"
0,1,2,0,"BBX","naqut001","","suare001","3/BP3SF/FL","T",1,0,1,0,3,"F"
0,2,3,1,"BBCBX","naqut001","","suare001","HR/F89XD.3-H;1-H","T",0,4,4,0,4,"F"
0,2,0,2,"TFT","","","","K","T",1,0,0,0,0,"F"
1,0,0,1,"CX","","","","53/G5","T",1,0,0,0,0,"F"
1,1,2,2,"CFBBX","","","","43/G34","T",1,0,0,0,0,"F"
1,2,2,2,"BCBFFX","","","","3/G3","T",1,0,0,0,0,"F"
0,0,0,1,".TX","","","","HR/F7LD","T",0,4,0,0,0,"F"
0,0,1,2,"SSFBX","","","","7/F7LS","T",1,0,0,0,0,"F"
0,1,0,0,"X","","","","5/P5F/FL","T",1,0,0,0,0,"F"
0,2,3,2,"CFBBFFBX","","","","63/G56","T",1,0,0,0,0,"F"
1,0,1,0,".BX","","","","9/F9L","T",1,0,0,0,0,"F"
1,1,2,2,"FCBBFS","","","","K","T",1,0,0,0,0,"F"
1,2,0,1,"CX","","","","D9/L9LD+","T",0,2,0,0,0,"F"
1,2,3,2,"*BCBFBB","","narvo001","","W","T",0,1,0,2,0,"F"
1,2,0,0,"X","yelic001","narvo001","","S7/L78S.2-3;1-2","T",0,1,2,3,0,"F"
1,2,0,1,"CX","garca003","yelic001","narvo001","31/G3","T",1,0,1,2,3,"F"
0,0,3,2,".BFBFBB","","","","W","T",0,1,0,0,0,"F"
0,0,1,2,"FBFF>B","naqut001","","","CS2(24)","F",1,0,0,0,0,"F"
0,1,2,2,"FBFF>B.C","","","","K","T",1,0,0,0,0,"F"
0,2,2,2,".BFCFBS","","","","K","T",1,0,0,0,0,"F"
1,0,0,1,".CX","","","","HR/F78XD","T",0,4,0,0,0,"F"
1,0,3,0,"BBBB","","","","W","T",0,1,0,0,0,"F"
1,0,2,2,"BCBSS","petej002","","","K","T",1,0,1,0,0,"F"
1,1,3,1,".BFBBB","petej002","","","W.1-2","T",0,1,2,0,0,"F"
1,1,1,1,".CBX","reyep001","petej002","","6(1)3/GDP/G6MS","T",2,0,0,2,0,"F"
0,0,0,1,".CX","","","","7/L7L","T",1,0,0,0,0,"F"
0,1,2,2,"SBFBX","","","","S7/G6","T",0,1,0,0,0,"F"
0,1,0,0,"X","stept001","","","9/F9D","T",1,0,1,0,0,"F"
0,2,2,2,"FFBBS","stept001","","","K","T",1,0,1,0,0,"F"
1,0,0,0,".X","","","","43/G34D+","T",1,0,0,0,0,"F"
1,1,1,2,"CBFX","","","","D9/L89+","T",0,2,0,0,0,"F"
1,1,1,1,"FBX","","yelic001","","63/G6","T",1,0,0,2,0,"F"
1,2,1,2,"CCFBX","","yelic001","","31/G3D+","T",1,0,0,2,0,"F"
0,0,1,2,"CCBFC","","","","K","T",1,0,0,0,0,"F"
0,1,1,2,"CBCS","","","","K","T",1,0,0,0,0,"F"
0,2,1,2,"BCFFS","","","","K","T",1,0,0,0,0,"F"
1,0,3,2,".BCBSBX","","","","7/L7D","T",1,0,0,0,0,"F"
1,1,1,2,"SFBX","","","","S8/F8S","T",0,1,0,0,0,"F"
1,1,1,0,"B>B","petej002","","","DI.1-2","F",0,0,2,0,0,"F"
1,1,3,2,"B>B.FFFBFX","","petej002","","6/L6M/DP.2X2(6)","T",2,0,0,0,0,"F"
0,0,1,1,"CBX","","","","8/F8","T",1,0,0,0,0,"T"
0,1,3,2,"BFBFBB","","","","W","T",0,1,0,0,0,"F"
0,1,2,2,"CS*BBS","goldp001","","","K","T",1,0,1,0,0,"F"
0,2,2,2,"BCBSX","goldp001","","","HR/F7D.1-H","T",0,4,4,0,0,"F"
0,2,1,2,"CTBFS","","","","K","T",1,0,0,0,0,"F"
1,0,0,2,"CCX","","","","63/G4M","T",1,0,0,0,0,"F"
1,1,1,2,"BSCS","","","","K","T",1,0,0,0,0,"F"
1,2,0,1,"CX","","","","31/G34","T",1,0,0,0,0,"F"
0,0,1,2,"CCBH","","","","HP","T",0,1,0,0,0,"F"
0,0,3,2,"CBBBCB","moliy001","","","W.1-2","T",0,1,2,0,0,"F"
0,0,1,2,"SC*BX","sosae001","moliy001","","S8/G6M+.2-3;1-2","T",0,1,2,3,0,"F"
0,0,2,1,"BSBX","badeh001","sosae001","moliy001","S7/L7S.3-H;2-3;1-2","T",0,1,2,3,4,"F"
0,0,0,0,"X","waina001","badeh001","sosae001","64(1)/FO/G6.3-H;2-3;B-1","T",1,1,0,3,4,"F"
0,1,1,0,"B>B","edmat001","","badeh001","SB2","F",0,0,2,0,3,"F"
0,1,3,2,"B>B.BCCT","","edmat001","badeh001","K","T",1,0,0,2,3,"F"
0,2,1,2,"SBSS","","edmat001","badeh001","K","T",1,0,0,2,3,"F"
1,0,1,2,"CCBFFX","","","","S7/L78S","T",0,1,0,0,0,"F"
1,0,1,0,"BX","escoe001","","","46(1)3/GDP/G4","T",2,0,0,0,0,"F"
1,2,1,2,"CFFFFBS","","","","K","T",1,0,0,0,0,"F"
0,0,1,2,".CCBX","","","","HR/F78XD","T",0,4,0,0,0,"F"
0,0,1,2,"FBFX","","","","S7/L78S+","T",0,1,0,0,0,"F"
0,0,0,1,"C1X","carld002","","","8/F8D","T",1,0,1,0,0,"F"
0,1,0,1,"C1X","carld002","","","S9/F9LS.1-2","T",0,1,2,0,0,"F"
0,1,1,2,"CBFFFX","sosae001","carld002","","HR/F78XD.2-H;1-H","T",0,4,4,4,0,"F"
0,1,0,1,"CX","","","","53/G56S","T",1,0,0,0,0,"F"
0,2,1,2,"CBCF.FFX","","","","43/G4","T",1,0,0,0,0,"F"
1,0,2,1,"CBBX","","","","3/P23","T",1,0,0,0,0,"F"
1,1,3,2,"BBCBFB","","","","W","T",0,1,0,0,0,"F"
1,1,0,0,"X","cainl001","","","24/SH/BG2.1-2","T",1,0,2,0,0,"F"
1,2,0,2,"SCX","","cainl001","","43/G4D","T",1,0,0,2,0,"F"
0,0,1,2,"CFBS","","","","K","T",1,0,0,0,0,"F"
0,1,0,2,"CSS","","","","K","T",1,0,0,0,0,"F"
0,2,0,2,"CFFS","","","","K","T",1,0,0,0,0,"F"
1,0,1,1,"CBX","","","","8/F8","T",1,0,0,0,0,"F"
1,1,3,2,"BCFBBFFFC","","","","K","T",1,0,0,0,0,"F"
1,2,1,0,"BX","","","","31/G34","T",1,0,0,0,0,"F"
0,0,1,2,"..CSBS","","","","K","T",1,0,0,0,0,"F"
0,1,0,0,"X","","","","63/G6","T",1,0,0,0,0,"F"
0,2,1,2,"BSSX","","","","3/G34","T",1,0,0,0,0,"F"
1,0,2,2,"CBSBX","","","","63/G4M","T",1,0,0,0,0,"F"
1,1,1,2,"CFBFX","","","","S7/G56","T",0,1,0,0,0,"F"
1,1,2,0,"BBX","urial001","","","65(1)/FO/G4MD+.B-1","T",1,1,0,0,0,"F"
1,2,0,2,"SFFS","tellr001","","","K","T",1,0,1,0,0,"F"
0,0,0,1,".CX","","","","63/G6","T",1,0,0,0,0,"F"
0,1,1,2,"CBCFX","","","","7/F7","T",1,0,0,0,0,"F"
0,2,0,1,"CX","","","","9/F9","T",1,0,0,0,0,"F"
1,0,3,2,"BBCCFBB","","","","W","T",0,1,0,0,0,"F"
1,0,1,0,"BX","ashba003","","","46(1)/FO/G4.B-1","T",1,1,0,0,0,"F"
1,1,3,2,"F*BBFBFX","petej002","","","46(1)3/GDP/G4M","T",2,0,0,0,0,"F"
0,0,3,2,"BCBFBFB","","","","W","T",0,1,0,0,0,"F"
0,0,0,2,"FFX","goldp001","","","HR/F89XD.1-H","T",0,4,4,0,0,"F"
0,0,2,1,"CBBX","","","","8/F78XD","T",1,0,0,0,0,"F"
0,1,1,1,"CBX","","","","53/G56","T",1,0,0,0,0,"F"
0,2,1,1,"CBX","","","","9/F9D","T",1,0,0,0,0,"F"
1,0,0,2,"SSFX","","","","63/G6MS","T",1,0,0,0,0,"F"
1,1,3,1,"BBFBB","","","","W","T",0,1,0,0,0,"F"
1,1,1,2,"BTFFX","escoe001","","","S8/L89S.1-2","T",0,1,2,0,0,"F"
1,1,2,2,"FFBBFX","narvo001","escoe001","","S6/G6.2-3;1-2","T",0,1,2,3,0,"F"
1,1,0,0,".X","urial001","narvo001","escoe001","FC4/G4MD.3-H;2-3;1-2(E4/TH);B-1","T",0,1,2,3,4,"F"
1,1,2,1,"BBFX","tellr001","urial001","narvo001","65(2)/FO/G56D+.3-H(UR);1-2;B-1","T",1,1,2,0,5,"F"
1,2,2,0,".BBX","cainl001","tellr001","","S5/G5S.2-3;1-2","T",0,1,2,3,0,"F"
1,2,1,1,"CBX","reyep001","cainl001","tellr001","63/G4M","T",1,0,1,2,3,"F"
0,0,1,2,"..CBFX","","","","63/G6","T",1,0,0,0,0,"F"
0,1,3,2,"BBFCFBFX","","","","7/F78D","T",1,0,0,0,0,"F"
0,2,1,2,".BCFFX","","","","43/G4S","T",1,0,0,0,0,"F"
1,0,1,0,".BX","","","","8/F89D+","T",1,0,0,0,0,"F"
1,1,0,2,"CSS","","","","K","T",1,0,0,0,0,"F"
1,2,1,2,"FBFS","","","","K","T",1,0,0,0,0,"F"
0,0,2,1,".BCBX","","","","D7/G5","T",0,2,0,0,0,"F"
0,0,2,2,"CFBBX","","edmat001","","63/G6","T",1,0,0,2,0,"F"
0,1,3,2,"*B*BFTBB","","edmat001","","W","T",0,1,0,2,0,"F"
0,1,1,0,"BX","oneit001","edmat001","","8/F78XD+.2-3","T",1,0,1,3,0,"F"
0,2,3,0,"BBBB","oneit001","","edmat001","W.1-2","T",0,1,2,0,3,"F"
0,2,0,0,".X","carld002","oneit001","edmat001","HR/F78XD.3-H;2-H;1-H","T",0,4,4,4,4,"F"
0,2,2,2,"BSBFX","","","","HR/F9D","T",0,4,0,0,0,"F"
0,2,2,2,"CSBBX","","","","S9/L9S","T",0,1,0,0,0,"F"
0,2,2,2,".BCCBFH","badeh001","","","HP.1-2","T",0,1,2,0,0,"F"
0,2,0,0,"X","kniza001","badeh001","","8/L8","T",1,0,1,2,0,"F"
1,0,2,1,"...FBBX","","","","D8/L89XD+","T",0,2,0,0,0,"F"
1,0,1,0,"BX","","maill001","","DGR/G5.2-H","T",0,2,0,4,0,"F"
1,0,0,0,">B","","urial001","","DI.2-3","F",0,0,0,3,0,"F"
1,0,2,0,">B.BX","","","urial001","63/G4.3-H","T",1,0,0,0,4,"F"
1,1,2,2,"CCBBX","","","","S8/L89","T",0,1,0,0,0,"F"
1,1,0,1,"CX","cainl001","","","S8/G6M.1-2","T",0,1,2,0,0,"F"
1,1,2,2,".BBCCX","reyep001","cainl001","","46(1)3/GDP/G4","T",2,0,0,2,0,"F"
0,0,2,2,"CBFBX","","","","7/L7D","T",1,0,0,0,0,"T"
0,1,0,2,"CCS","","","","K","T",1,0,0,0,0,"F"
0,2,3,2,"CBFBBS","","","","K","T",1,0,0,0,0,"F"
1,0,0,1,"SX","","","","HR/F78XD","T",0,4,0,0,0,"F"
1,0,1,0,"BX","","","","S7/L78S","T",0,1,0,0,0,"F"
1,0,2,2,"C*BCFBX","adamw002","","","S9/G34+.1-2","T",0,1,2,0,0,"F"
1,0,0,1,"CX","yelic001","adamw002","","46(1)3/GDP/G4MD.2-3","T",2,0,0,3,0,"F"
1,2,3,2,"BBCBFFS","","","adamw002","K","T",1,0,0,0,3,"F"
0,0,2,2,"CBFBX","","","","43/G4M","T",1,0,0,0,0,"F"
0,1,0,1,"CX","","","","7/F7","T",1,0,0,0,0,"F"
0,2,0,2,"CFX","","","","43/G4MD","T",1,0,0,0,0,"F"
1,0,3,2,"CBSBBB","","","","W","T",0,1,0,0,0,"F"
1,0,2,2,"BFB1SF1FX","cainl001","","","S9/L9.1-H(E9/TH)(NR);B-2","T",0,2,4,0,0,"F"
1,0,0,1,"CX","","tellr001","","DGR/F7LD.2-H","T",0,2,0,4,0,"F"
1,0,1,2,"LLBX","","maill001","","4/P34S","T",1,0,0,2,0,"F"
1,1,0,0,"X","","maill001","","S7/L7L.2-H;BX2(74)","T",1,0,0,4,0,"F"
1,2,0,2,"FFFX","","","","S8/L8","T",0,1,0,0,0,"F"
1,2,1,2,".BCF1S","adamw002","","","K","T",1,0,1,0,0,"F"
0,0,3,2,"CBBCBC","","","","K","T",1,0,0,0,0,"F"
0,1,1,2,"CBCX","","","","63/G6D","T",1,0,0,0,0,"F"
0,2,0,2,"CCX","","","","43/G4D","T",1,0,0,0,0,"F"
1,0,3,2,"BFBFBX","","","","S9/L9D.BX2(96)","T",1,0,0,0,0,"F"
1,1,2,0,"BBX","","","","6/P6D","T",1,0,0,0,0,"F"
1,2,1,2,"CBFT","","","","K","T",1,0,0,0,0,"F"
0,0,3,2,"BBCFBC","","","","K","T",1,0,0,0,0,"F"
0,1,2,2,"CBFFBFFX","","","","6/P6D","T",1,0,0,0,0,"F"
0,2,0,2,"CSS","","","","K","T",1,0,0,0,0,"F"
1,0,1,2,"BCFX","","","","7/F7LS","T",1,0,0,0,0,"F"
1,1,1,1,"BCX","","","","9/L9+","T",1,0,0,0,0,"F"
1,2,1,2,"CBCX","","","","13/G1S","T",1,0,0,0,0,"F"
0,0,0,0,"X","","","","S7/L7L","T",0,1,0,0,0,"F"
0,0,1,2,"BFSX","arenn001","","","6/P6","T",1,0,1,0,0,"F"
0,1,0,0,"X","arenn001","","","6(1)3/GDP/G6","T",2,0,0,0,0,"F"
1,0,0,1,"CX","","","","53/G6S-","T",1,0,0,0,0,"F"
1,1,2,2,"BCBFX","","","","S6/G56+","T",0,1,0,0,0,"F"
1,1,2,2,"FB*BFF1FX","adamw002","","","7/F78XD","T",1,0,1,0,0,"F"
1,2,1,1,"*B1*S1","adamw002","","","PO1(13)","F",1,0,0,0,0,"F"
0,0,0,1,"SX","","","","63/G56","T",1,0,0,0,0,"F"
0,1,0,2,"CSX","","","","43/G4MD","T",1,0,0,0,0,"F"
0,2,0,2,"CSX","","","","43/G4S","T",1,0,0,0,0,"F"
1,0,2,2,"SCBFBF*S","","","","K","T",1,0,0,0,0,"F"
1,1,2,2,"BCBFS","","","","K","T",1,0,0,0,0,"F"
1,2,3,2,"CCFBBBFX","","","","13/G1","T",1,0,0,0,0,"F"
0,0,0,2,"...CCFX","","","","S9/L89S","T",0,1,0,0,0,"F"
0,0,0,2,"CCX","edmat001","","","8/F8","T",1,0,1,0,0,"F"
0,1,0,0,"X","edmat001","","","64(1)/FO/G6.B-1","T",1,1,0,0,0,"F"
0,2,2,2,"CBBFX","oneit001","","","13/L1S+","T",1,0,1,0,0,"F"
1,0,0,0,"X","","","","13/G1S","T",1,0,0,0,0,"F"
1,1,1,1,"CBX","","","","43/G6MD","T",1,0,0,0,0,"F"
1,2,2,2,"BCBCFC","","","","K","T",1,0,0,0,0,"F"
0,0,0,2,"CCS","","","","K","T",1,0,0,0,0,"F"
0,1,1,1,"CBX","","","","9/F9D","T",1,0,0,0,0,"F"
0,2,1,2,"BFFC","","","","K","T",1,0,0,0,0,"F"
1,0,0,2,".FSX","","","","6/P6D","T",1,0,0,0,0,"F"
1,1,1,2,"BCSX","","","","9/L9","T",1,0,0,0,0,"F"
1,2,3,2,"SSBBBFS","","","","K","T",1,0,0,0,0,"F"
0,0,0,0,"X","","","","7/F78","T",1,0,0,0,0,"F"
0,1,1,1,".CBX","","","","8/F8XD","T",1,0,0,0,0,"F"
0,2,2,1,"BCBX","","","","S7/L7S","T",0,1,0,0,0,"F"
0,2,0,0,"X","edmat001","","","9/L89","T",1,0,1,0,0,"F"
0,0,0,2,"CSS","","","","K","T",1,0,0,0,0,"T"
0,1,1,2,"SBFS","","","","K","T",1,0,0,0,0,"F"
0,2,0,0,"X","","","","S9/L9","T",0,1,0,0,0,"F"
0,2,1,2,"SBSS","carld002","","","K","T",1,0,1,0,0,"F"
1,0,0,1,"SX","","","","53/G56","T",1,0,0,0,0,"F"
1,1,2,2,"CBBCX","","","","8/F8","T",1,0,0,0,0,"F"
1,2,0,1,"FX","","","","S9/F89S","T",0,1,0,0,0,"F"
1,2,1,2,"BSSS","escoe001","","","K","T",1,0,1,0,0,"F"
0,0,3,0,"BBBB","","","","W","T",0,1,0,0,0,"F"
0,0,0,1,"SX","oneit001","","","7/F78D","T",1,0,1,0,0,"F"
0,1,0,1,"F11","oneit001","","","PO1(E3).1-2","F",0,0,2,0,0,"F"
0,1,1,2,"F11.BFX","","oneit001","","3/P3F/FL","T",1,0,0,2,0,"F"
0,2,0,2,"CSS","","oneit001","","K","T",1,0,0,2,0,"F"
1,0,1,1,"CBX","","","","31/G34","T",1,0,0,0,0,"F"
1,1,1,2,"CSBX","","","","63/G4D+","T",1,0,0,0,0,"F"
1,2,1,1,"CBX","","","","HR/F78XD","T",0,4,0,0,0,"F"
1,2,0,1,"CX","","","","43/G4","T",1,0,0,0,0,"F"
0,0,1,2,"CCBS","","","","K","T",1,0,0,0,0,"F"
0,1,2,0,"BBX","","","","S4/G4","T",0,1,0,0,0,"F"
0,1,0,0,"111>C","edmat001","","","SB2","F",0,0,2,0,0,"F"
0,1,1,1,"111>C.BX","","edmat001","","63/G6","T",1,0,0,2,0,"F"
0,2,2,2,"B*BCFC","","edmat001","","K","T",1,0,0,2,0,"F"
1,0,3,2,"CCBFBBFFFX","","","","53/G6","T",1,0,0,0,0,"F"
1,1,3,1,"BSBBB","","","","W","T",0,1,0,0,0,"F"
1,1,1,1,"BC+1","urial001","","","PO1(23)","F",1,0,0,0,0,"F"
1,2,2,2,"BC+1.CFFBS","","","","K","T",1,0,0,0,0,"F"
0,0,1,2,"CCBFX","","","","S5/G25","T",0,1,0,0,0,"F"
0,0,3,0,"B*BBX","arenn001","","","S8/L8S.1-2","T",0,1,2,0,0,"F"
0,0,3,0,"BBBB","oneit001","arenn001","","W.2-3;1-2","T",0,1,2,3,0,"F"
0,0,1,1,"BSX","moliy001","oneit001","arenn001","9/SF/F9.3-H;2-3;1-2","T",1,0,2,3,4,"F"
0,1,1,2,"FCBFX","","moliy001","oneit001","D5/G5-.3-H;2-H","T",0,2,0,4,4,"F"
0,1,1,1,"BCX","","badeh001","","23/G2-.2-3","T",1,0,0,3,0,"F"
0,2,1,2,"FBFFS","","","badeh001","K","T",1,0,0,0,3,"F"
1,0,1,1,"BCX","","","","S8/G6M","T",0,1,0,0,0,"F"
1,0,1,0,"BX","escoe001","","","46(1)/FO/G34.B-1","T",1,1,0,0,0,"F"
1,1,1,1,"CBX","narvo001","","","9/F9L","T",1,0,1,0,0,"F"
1,2,0,0,"X","narvo001","","","D8/L78D+.1-3","T",0,2,3,0,0,"F"
1,2,3,0,"BBBV","","tellr001","narvo001","IW","T",0,1,0,2,3,"F"
1,2,3,1,"BSBBX","reyep001","tellr001","narvo001","43/G4D","T",1,0,1,2,3,"F"
0,0,1,1,"CBX","","","","S7/L5D","T",0,1,0,0,0,"F"
0,0,1,2,"BSCX","goldp001","","","31/G3S.1-2","T",1,0,2,0,0,"F"
0,1,3,2,"BBFBFX","","goldp001","","43/G6M.2-3","T",1,0,0,3,0,"F"
0,2,1,2,"SFBX","","","goldp001","63/G6","T",1,0,0,0,3,"F"
1,0,1,0,".BX","","","","9/L9D","T",1,0,0,0,0,"F"
1,1,0,0,"X","","","","6/P6","T",1,0,0,0,0,"F"
1,2,0,0,"X","","","","S8/L8S","T",0,1,0,0,0,"F"
1,2,1,0,"B>B","petej002","","","SB2","F",0,0,2,0,0,"F"
1,2,2,1,"B>B.CX","","petej002","","63/G6","T",1,0,0,2,0,"F"
0,0,1,2,".SFFBS","","","","K","T",1,0,0,0,0,"F"
0,1,3,2,"BCBSFBB","","","","W","T",0,1,0,0,0,"F"
0,1,1,0,"*B>X","sosae001","","","9/F89D","T",1,0,1,0,0,"F"
0,2,2,0,"BB>B","sosae001","","","SB2","F",0,0,2,0,0,"F"
0,2,3,1,"BB>B.CB","","sosae001","","W","T",0,1,0,2,0,"F"
0,2,3,1,"BBBCB","lestj001","sosae001","","W.2-3;1-2","T",0,1,2,3,0,"F"
0,2,0,1,"CX","edmat001","lestj001","sosae001","3/P3F/FL","T",1,0,1,2,3,"F"
1,0,3,2,"CFBBBFFX","","","","53/G6S-","T",1,0,0,0,0,"F"
1,1,0,0,"X","","","","S8/G6M+","T",0,1,0,0,0,"F"
1,1,1,0,".11BX","cainl001","","","64(1)3/GDP/G6+","T",2,0,0,0,0,"F"
0,0,3,2,".BBSSBFFB","","","","W","T",0,1,0,0,0,"F"
0,0,1,2,"C1BS11X","carld002","","","53/G5.1-2","T",1,0,2,0,0,"F"
0,1,0,2,"SSX","","carld002","","HR/F7D.2-H","T",0,4,0,4,0,"F"
0,1,1,2,"FCFBFX","","","","D7/F7D","T",0,2,0,0,0,"F"
0,1,3,2,"CSBFF>FBBX","","moliy001","","8/F8D","T",1,0,0,2,0,"F"
0,2,1,2,"..CBCX","","moliy001","","S6/G6MS.2-3","T",0,1,0,3,0,"F"
0,2,3,1,".BBFBB","badeh001","","moliy001","W.1-2","T",0,1,2,0,3,"F"
0,2,1,2,"CFBFC","carpm002","badeh001","moliy001","K","T",1,0,1,2,3,"F"
1,0,2,2,".BCCBFX","","","","S7/L78S+","T",0,1,0,0,0,"F"
1,0,0,1,"CX","reyep001","","","8/F8D","T",1,0,1,0,0,"F"
1,1,0,0,"X","reyep001","","","53/G56.1-2","T",1,0,2,0,0,"F"
1,2,0,2,"SFS","","reyep001","","K","T",1,0,0,2,0,"F"
0,0,0,1,"CX","","","","43/G4MD+","T",1,0,0,0,0,"F"
0,1,0,1,"CX","","","","S8/G4M","T",0,1,0,0,0,"F"
0,1,1,2,"1CCBFFS","carld002","","","K","T",1,0,1,0,0,"F"
0,2,3,2,"CSBFBFB>X","carld002","","","S8/G6M.1-3","T",0,1,3,0,0,"F"
0,2,2,2,"FBBSS","oneit001","","carld002","K","T",1,0,1,0,3,"F"
1,0,3,2,".CBBBCS","","","","K","T",1,0,0,0,0,"F"
1,1,1,1,"BSX","","","","D9/L9LD","T",0,2,0,0,0,"F"
1,1,3,0,".BBBB","","escoe001","","W","T",0,1,0,2,0,"F"
1,1,3,2,".BCFBFBB","ashba003","escoe001","","W.2-3;1-2","T",0,1,2,3,0,"F"
1,1,3,2,"..CBBBF*S","cainl001","ashba003","escoe001","K","T",1,0,1,2,3,"F"
1,2,1,0,".*BX","cainl001","ashba003","escoe001","3/L3+","T",1,0,1,2,3,"F"
0,0,0,2,"...CFX","","","","S8/L89S","T",0,1,0,0,0,"F"
0,0,1,2,"BSSS","sosae001","","","K","T",1,0,1,0,0,"F"
0,1,2,2,"*BS1BC1S","sosae001","","","K","T",1,0,1,0,0,"F"
0,2,1,2,"BSFFFX","sosae001","","","43/G34D","T",1,0,1,0,0,"F"
1,0,1,2,"BCCX","","","","DGR/L89XD","T",0,2,0,0,0,"F"
1,0,0,1,"CX","","bradj001","","S8/G4M.2-H","T",0,1,0,4,0,"F"
1,0,1,2,"BSFS","maill001","","","K","T",1,0,1,0,0,"F"
1,1,2,2,"BCBSFFX","maill001","","","D9/L9LD.1-3","T",0,2,3,0,0,"F"
1,1,3,1,"*BCBBB","","petej002","maill001","W","T",0,1,0,2,3,"F"
1,1,1,0,"..BX","escoe001","petej002","maill001","HR/F9D.3-H;2-H;1-H","T",0,4,4,4,4,"F"
0,0,0,1,"FX","","","","8/F8","T",1,0,0,0,0,"T"
0,1,0,2,"CLX","","","","S4/G4S","T",0,1,0,0,0,"F"
0,1,1,1,"BSX","seguj002","","","HR/F89XD.1-H","T",0,4,4,0,0,"F"
0,1,0,2,"CCFFS","","","","K","T",1,0,0,0,0,"F"
0,2,2,2,"BCSBS","","","","K","T",1,0,0,0,0,"F"
1,0,1,2,"BCFX","","","","8/F8","T",1,0,0,0,0,"F"
1,1,3,2,"CBFBBFX","","","","6/P5D","T",1,0,0,0,0,"F"
1,2,0,0,"X","","","","S8/L78","T",0,1,0,0,0,"F"
1,2,2,2,"SBBFS","yelic001","","","K","T",1,0,1,0,0,"F"
0,0,0,2,"CSX","","","","43/G34D","T",1,0,0,0,0,"F"
0,1,0,1,"CX","","","","63/G6M","T",1,0,0,0,0,"F"
0,2,3,2,"BCSBBFFFX","","","","HR/F9LD","T",0,4,0,0,0,"F"
0,2,0,0,"X","","","","S8/G4M","T",0,1,0,0,0,"F"
0,2,1,1,"BFX","wheez001","","","6/P6M","T",1,0,1,0,0,"F"
1,0,0,0,"X","","","","3/P3F/FL","T",1,0,0,0,0,"F"
1,1,0,2,"CCT","","","","K","T",1,0,0,0,0,"F"
1,2,2,2,"BTBFF*S","","","","K","T",1,0,0,0,0,"F"
0,0,0,0,"X","","","","S8/L78S","T",0,1,0,0,0,"F"
0,0,0,0,"X","seguj002","","","9/L9D+","T",1,0,1,0,0,"F"
0,1,0,1,"11FX","seguj002","","","S7/L78+.1-3;B-2","T",0,2,3,0,0,"F"
0,1,1,2,"CCF*BS","","realj001","seguj002","K","T",1,0,0,2,3,"F"
0,2,2,2,"SBFBX","","realj001","seguj002","7/F7","T",1,0,0,2,3,"F"
1,0,3,2,"BBFBFX","","","","13/G2","T",1,0,0,0,0,"F"
1,1,0,2,"CFFS","","","","K","T",1,0,0,0,0,"F"
1,2,1,1,"CBX","","","","S9/L9S","T",0,1,0,0,0,"F"
1,2,0,1,"FX","wongk001","","","S8/L8S.1-2","T",0,1,2,0,0,"F"
1,2,3,2,"BFFF*B*B>F>X","petej002","wongk001","","3/G23","T",1,0,1,2,0,"F"
0,0,2,0,"BBX","","","","HR/F89XD","T",0,4,0,0,0,"F"
0,0,1,2,"CTBC","","","","K","T",1,0,0,0,0,"F"
0,1,1,2,"CBSX","","","","S7/L7S","T",0,1,0,0,0,"F"
0,1,0,2,"SSX","wheez001","","","8/L8XD","T",1,0,1,0,0,"F"
0,2,0,1,"CX","wheez001","","","64(1)/FO/G6M.B-1","T",1,1,0,0,0,"F"
1,0,0,1,"CX","","","","4/P34D","T",1,0,0,0,0,"F"
1,1,1,1,"BCX","","","","S9/G34","T",0,1,0,0,0,"F"
1,1,0,2,"TFFFX","narvo001","","","9/F9","T",1,0,1,0,0,"F"
1,2,1,2,"BFSC","narvo001","","","K","T",1,0,1,0,0,"F"
0,0,3,2,"BTBBCX","","","","3/G3","T",1,0,0,0,0,"F"
0,1,0,0,"X","","","","5/L5","T",1,0,0,0,0,"F"
0,2,1,2,"CBFFS","","","","K","T",1,0,0,0,0,"F"
1,0,2,2,"BCFBFFFX","","","","9/F9","T",1,0,0,0,0,"F"
1,1,2,2,"BTBFS","","","","K","T",1,0,0,0,0,"F"
1,2,3,2,"CBBBFS","","","","K","T",1,0,0,0,0,"F"
0,0,2,2,"CSBBX","","","","53/G6","T",1,0,0,0,0,"F"
0,1,0,0,"X","","","","4/L4D+","T",1,0,0,0,0,"F"
0,2,2,2,"BBCST","","","","K","T",1,0,0,0,0,"F"
1,0,1,2,"FCBX","","","","13/G1","T",1,0,0,0,0,"F"
1,1,2,2,"BTFBX","","","","S7/L7LS","T",0,1,0,0,0,"F"
1,1,0,2,"FSS","yelic001","","","K","T",1,0,1,0,0,"F"
1,2,1,2,"CTBS","yelic001","","","K","T",1,0,1,0,0,"F"
0,0,3,2,".BSFBBX","","","","S7/G56","T",0,1,0,0,0,"F"
0,0,3,2,"BBSS*B>B","torrr001","","","W.1-2","T",0,1,2,0,0,"F"
0,0,3,1,".BCBBB","herro001","torrr001","","W.2-3;1-2","T",0,1,2,3,0,"F"
0,0,3,2,"CBCFBFBC","seguj002","herro001","torrr001","K","T",1,0,1,2,3,"F"
0,1,0,1,"FX","seguj002","herro001","torrr001","64(1)3/GDP/G6","T",2,0,0,2,3,"F"
1,0,0,2,"..SFS","","","","K","T",1,0,0,0,0,"F"
1,1,3,1,"BBSBX","","","","D8/L8XD+","T",0,2,0,0,0,"F"
1,1,2,2,"BSC*BFS","","tellr001","","K","T",1,0,0,2,0,"F"
1,2,1,2,".CCBT","","tellr001","","K","T",1,0,0,2,0,"F"
0,0,0,0,".X","","","","HR/F78XD","T",0,4,0,0,0,"F"
0,0,3,2,"CBTFFBBFB","","","","W","T",0,1,0,0,0,"F"
0,0,0,0,"X","gregd001","","","S9/G3.1-3","T",0,1,3,0,0,"F"
0,0,3,2,".BCFBBB","millb002","","gregd001","W.1-2","T",0,1,2,0,3,"F"
0,0,1,0,"*BX","jankt001","millb002","gregd001","S7/G56.3-H;2-3;1-2","T",0,1,2,3,4,"F"
0,0,0,2,".SSFX","torrr001","jankt001","millb002","FC1/G1.3-H;2-3;1-2(E1/TH);B-1","T",0,1,2,3,4,"F"
0,0,0,1,"CX","herro001","torrr001","jankt001","HR/F7D.3-H;2-H;1-H(UR)","T",0,4,5,4,4,"F"
0,0,2,2,".CBFBFX","","","","43/G34","T",1,0,0,0,0,"F"
0,1,3,2,"BBSFBX","","","","S9/L9","T",0,1,0,0,0,"F"
0,1,0,0,"X","realj001","","","7/F78","T",1,0,1,0,0,"F"
0,2,2,2,"CBBFX","realj001","","","8/F89D","T",1,0,1,0,0,"F"
1,0,0,2,"....CFS","","","","K","T",1,0,0,0,0,"F"
1,1,1,2,"FBSS","","","","K","T",1,0,0,0,0,"F"
1,2,1,2,"CCBC","","","","K","T",1,0,0,0,0,"F"
0,0,3,2,"..SBSFBBX","","","","HR/F89XD","T",0,4,0,0,0,"F"
0,0,2,0,"BBX","","","","5/P56D","T",1,0,0,0,0,"F"
0,1,0,2,"CFFX","","","","63/G6","T",1,0,0,0,0,"F"
0,2,0,0,"X","","","","S7/G5","T",0,1,0,0,0,"F"
0,2,2,2,"FBBCX","herro001","","","3/G34","T",1,0,1,0,0,"F"
1,0,0,1,"CX","","","","7/F7L","T",1,0,0,0,0,"F"
1,1,0,1,"CX","","","","8/F8XD","T",1,0,0,0,0,"F"
1,2,3,1,"BBTBB","","","","W","T",0,1,0,0,0,"F"
1,2,0,1,"CX","urial001","","","153/G56S+","T",1,0,1,0,0,"F"
0,0,1,2,"BFFFFS","","","","K","T",1,0,0,0,0,"T"
0,1,1,0,"BX","","","","3/P3SF/FL","T",1,0,0,0,0,"F"
0,2,0,0,"X","","","","43/G4","T",1,0,0,0,0,"F"
1,0,1,2,"BCFS","","","","K","T",1,0,0,0,0,"F"
1,1,1,1,"CBX","","","","7/L7D","T",1,0,0,0,0,"F"
1,2,1,1,"BFX","","","","7/L7D+","T",1,0,0,0,0,"F"
0,0,2,2,"CBCBX","","","","9/F9","T",1,0,0,0,0,"F"
0,1,0,2,"CFX","","","","53/G56+","T",1,0,0,0,0,"F"
0,2,0,2,"CCT","","","","K","T",1,0,0,0,0,"F"
1,0,0,2,"FCX","","","","8/F89XD","T",1,0,0,0,0,"F"
1,1,0,2,"FFFFT","","","","K","T",1,0,0,0,0,"F"
1,2,3,2,"CBBBFX","","","","S7/G56","T",0,1,0,0,0,"F"
1,2,0,1,"S1X","urial001","","","5/P5F/FL","T",1,0,1,0,0,"F"
0,0,0,0,"X","","","","S7/L7S","T",0,1,0,0,0,"F"
0,0,1,2,"BCFFC","torrr001","","","K","T",1,0,1,0,0,"F"
0,1,0,2,"C1CX","torrr001","","","13/SH/BG23.1-2","T",1,0,2,0,0,"F"
0,2,1,2,"BCSS","","torrr001","","K","T",1,0,0,2,0,"F"
1,0,3,2,"FBBCBX","","","","S7/L78","T",0,1,0,0,0,"F"
1,0,0,0,"1","cainl001","","","POCS2(13)","F",1,0,0,0,0,"F"
1,1,2,2,"1.CBFBX","","","","S6/G6","T",0,1,0,0,0,"F"
1,1,1,2,"BFCX","lauee001","","","D9/G3.1-3","T",0,2,3,0,0,"F"
1,1,2,2,"CSFFF*BBFX","","wongk001","lauee001","DGR/F7L-.3-H;2-H","T",0,2,0,4,4,"F"
1,1,3,2,"BCFF*BBX","","escoe001","","S8/G4M+.2-H;B-2(E2)","T",0,2,0,4,0,"F"
1,1,1,0,"BX","","yelic001","","63/G6D+.2-3","T",1,0,0,3,0,"F"
1,2,1,2,"SBSC","","","yelic001","K","T",1,0,0,0,3,"F"
0,0,0,1,"CX","","","","43/G4D+","T",1,0,0,0,0,"F"
0,1,3,2,"BBCSFBB","","","","W","T",0,1,0,0,0,"F"
0,1,2,2,"1BBCCX","harpb003","","","54(1)3/GDP/G56","T",2,0,0,0,0,"F"
1,0,1,1,"BFH","","","","HP","T",0,1,0,0,0,"F"
1,0,1,2,"11S1BFFC","urial001","","","K","T",1,0,1,0,0,"F"
1,1,1,1,"FBX","urial001","","","64(1)/FO/G6.B-1","T",1,1,0,0,0,"F"
1,2,1,0,"1BX","cainl001","","","9/F9","T",1,0,1,0,0,"F"
0,0,1,2,"CFBS","","","","K","T",1,0,0,0,0,"F"
0,1,1,1,"FBX","","","","63/G6M+","T",1,0,0,0,0,"F"
0,2,0,2,"FCX","","","","9/L9L","T",1,0,0,0,0,"F"
1,0,1,2,"CBSFX","","","","9/F89D","T",1,0,0,0,0,"F"
1,1,2,2,"BBCFFS","","","","K","T",1,0,0,0,0,"F"
1,2,2,2,"CFBBC","","","","K","T",1,0,0,0,0,"F"
0,0,3,1,"BFBBX","","","","4/F9S","T",1,0,0,0,0,"F"
0,1,1,0,".BX","","","","S9/G34","T",0,1,0,0,0,"F"
0,1,2,2,"1SB*BFFX","jankt001","","","46(1)/FO/G4.B-1","T",1,1,0,0,0,"F"
0,2,0,1,"FX","realj001","","","64(1)/FO/G6.B-1","T",1,1,0,0,0,"F"
1,0,1,2,".BSSFS","","","","K","T",1,0,0,0,0,"F"
1,1,1,1,"FBX","","","","5/P5F/FL","T",1,0,0,0,0,"F"
1,2,2,2,"CBCBFS","","","","K+WP.B-1","T",0,1,0,0,0,"F"
1,2,2,2,"BFBCX","urial001","","","S9/G3.1-3","T",0,1,3,0,0,"F"
1,2,3,1,"BC*BBB","tellr001","","urial001","W.1-2","T",0,1,2,0,3,"F"
1,2,3,1,"BBBCB","cainl001","tellr001","urial001","W.3-H;2-3;1-2","T",0,1,2,3,4,"F"
1,2,2,2,"CBCBX","lauee001","cainl001","tellr001","S9/L89S.3-H;2-H;1-2","T",0,1,2,4,4,"F"
1,2,2,2,".CFBBX","wongk001","lauee001","","7/F7S","T",1,0,1,2,0,"F"
0,0,2,2,"FBBCFX","","","","S9/L9+","T",0,1,0,0,0,"F"
0,0,0,1,"CX","harpb003","","","7/F7S","T",1,0,1,0,0,"F"
0,1,1,0,"BX","harpb003","","","S8/L78.1-2","T",0,1,2,0,0,"F"
0,1,1,1,"CBX","vierm001","harpb003","","9/F9S","T",1,0,1,2,0,"F"
0,2,1,0,"BX","vierm001","harpb003","","64(1)/FO/G56.B-1","T",1,1,0,2,0,"F"
1,0,0,1,"CX","","","","S8/G4+","T",0,1,0,0,0,"F"
1,0,1,2,"SBFX","yelic001","","","HR/F78XD.1-H","T",0,4,4,0,0,"F"
1,0,0,0,"X","","","","31/G34","T",1,0,0,0,0,"F"
1,1,1,0,"BX","","","","53/G5","T",1,0,0,0,0,"F"
1,2,3,1,"BBBCX","","","","7/L78D","T",1,0,0,0,0,"F"
0,0,0,2,".CCX","","","","8/L8XD","T",1,0,0,0,0,"F"
0,1,0,0,".X","","","","7/F7LD","T",1,0,0,0,0,"F"
0,2,0,0,"X","","","","8/F8D","T",1,0,0,0,0,"F"
1,0,0,0,".X","","","","D7/L7LD","T",0,2,0,0,0,"F"
1,0,2,1,".*BCBB","","cainl001","","WP.2-3","F",0,0,0,3,0,"F"
1,0,3,1,".*BCBB.B","","","cainl001","W","T",0,1,0,0,3,"F"
1,0,0,2,"CF*S","voged001","","cainl001","K","T",1,0,1,0,3,"F"
1,1,0,2,"FSX","voged001","","cainl001","96(1)/FO/L9.3-H;B-1","T",1,1,0,0,4,"F"
1,2,3,2,"FBFFBFB>X","escoe001","","","D7/G5+.1-H","T",0,2,4,0,0,"F"
1,2,2,2,"FBBSS","","yelic001","","K","T",1,0,0,2,0,"F"
0,0,1,1,"..SBX","","","","S1/G25-","T",0,1,0,0,0,"F"
0,0,0,0,"X","seguj002","","","45(1)3/GDP/G34","T",2,0,0,0,0,"F"
0,2,0,0,"X","","","","8/F8XD+","T",1,0,0,0,0,"F"
0,0,0,1,"CX","","","","31/G3","T",1,0,0,0,0,"T"
0,1,1,2,"FBFFFFT","","","","K","T",1,0,0,0,0,"F"
0,2,3,2,"SBFBBX","","","","HR/L9D","T",0,4,0,0,0,"F"
0,2,0,2,"CFFC","","","","K","T",1,0,0,0,0,"F"
1,0,1,1,"CBX","","","","S8/L78","T",0,1,0,0,0,"F"
1,0,3,0,"BBBB","wongk001","","","W.1-2","T",0,1,2,0,0,"F"
1,0,3,2,"CSBB*BS","escoe001","wongk001","","K","T",1,0,1,2,0,"F"
1,1,3,2,"S*BBSBX","escoe001","wongk001","","D9/L9LS.2-H;1-3","T",0,2,3,4,0,"F"
1,1,3,1,"BBBCB","","narvo001","escoe001","W","T",0,1,0,2,3,"F"
1,1,3,1,"BCBBB","urial001","narvo001","escoe001","W.3-H;2-3;1-2","T",0,1,2,3,4,"F"
1,1,0,2,"CCS","voged001","urial001","narvo001","K","T",1,0,1,2,3,"F"
1,2,1,2,"BFCS","voged001","urial001","narvo001","K","T",1,0,1,2,3,"F"
0,0,3,2,"CBCBBX","","","","S7/L7LS","T",0,1,0,0,0,"F"
0,0,3,2,"BC1B+1BFX","gregd001","","","5/L56S/DP.1X2(5)","T",2,0,0,0,0,"F"
0,2,3,2,"BBBCCX","","","","63/G6D","T",1,0,0,0,0,"F"
1,0,0,1,"CX","","","","S7/L6D","T",0,1,0,0,0,"F"
1,0,1,2,"CFBX","peraf001","","","D9/L89S+.1-3","T",0,2,3,0,0,"F"
1,0,2,2,"SFBBX","","wongk001","peraf001","5/L56","T",1,0,0,2,3,"F"
1,1,1,2,"BFFX","","wongk001","peraf001","S3/G34.3-H;2-3","T",0,1,0,3,4,"F"
1,1,1,2,"1FF1BS","yelic001","","wongk001","K","T",1,0,1,0,3,"F"
1,2,0,0,"X","yelic001","","wongk001","43/G4","T",1,0,1,0,3,"F"
0,0,0,1,"CX","","","","S6/G6","T",0,1,0,0,0,"F"
0,0,0,1,"CX","jankt001","","","FC2/BG2-.1X2(2E6);B-1","T",0,1,2,0,0,"F"
0,0,3,2,"BBFCFFFFFBX","gibsk002","jankt001","","S8/L8S+.2-3;1-2","T",0,1,2,3,0,"F"
0,0,0,0,"X","herro001","gibsk002","jankt001","4/P4S","T",1,0,1,2,3,"F"
0,1,3,2,"CFB*BBFB","herro001","gibsk002","jankt001","W.3-H(UR);2-3;1-2","T",0,1,2,3,5,"F"
0,1,1,1,"SBX","harpb003","herro001","gibsk002","64(1)/FO/G6.3-H(UR);2-3;B-1","T",1,1,0,3,5,"F"
0,2,1,2,"CBS>B","realj001","","herro001","SB2","F",0,0,2,0,3,"F"
0,2,2,2,"CBS>B.FC","","realj001","herro001","K","T",1,0,0,2,3,"F"
1,0,3,2,"CBFBBX","","","","3/G3","T",1,0,0,0,0,"F"
1,1,2,1,"CBBX","","","","63/G6MS","T",1,0,0,0,0,"F"
1,2,0,0,"X","","","","5/P56-","T",1,0,0,0,0,"F"
0,0,3,2,"BBBCCFS","","","","K","T",1,0,0,0,0,"F"
0,1,2,2,"FFBBX","","","","2/P2F/FL","T",1,0,0,0,0,"F"
0,2,2,2,".TBFBC","","","","K","T",1,0,0,0,0,"F"
1,0,2,2,".BCSBT","","","","K","T",1,0,0,0,0,"F"
1,1,1,1,"CBX","","","","7/F7S","T",1,0,0,0,0,"F"
1,2,0,0,"X","","","","S7/G6","T",0,1,0,0,0,"F"
1,2,2,2,"C*BFBX","escoe001","","","8/F8D","T",1,0,1,0,0,"F"
0,0,0,1,".CX","","","","43/G4M","T",1,0,0,0,0,"F"
0,1,2,2,"BSCBS","","","","K","T",1,0,0,0,0,"F"
0,2,0,1,"FX","","","","63/G6D+","T",1,0,0,0,0,"F"
1,0,1,2,"BCFX","","","","8/F8D","T",1,0,0,0,0,"F"
1,1,1,1,"BCX","","","","S7/G56","T",0,1,0,0,0,"F"
1,1,3,2,"BFBF1B>F1X","urial001","","","9/F9LDF/FL","T",1,0,1,0,0,"F"
1,2,3,2,"CBBBC>F>F>B","urial001","","","W.1-2","T",0,1,2,0,0,"F"
1,2,1,1,".CBX","cainl001","urial001","","6/F78S","T",1,0,1,2,0,"F"
0,0,3,2,"BBBCCF*B","","","","W","T",0,1,0,0,0,"F"
0,0,1,2,"CBCFFFFX","harpb003","","","64(1)3/GDP/G6+","T",2,0,0,0,0,"F"
0,2,0,0,"X","","","","3/G3-","T",1,0,0,0,0,"F"
1,0,1,2,".CTBS","","","","K","T",1,0,0,0,0,"F"
1,1,2,1,"CBBX","","","","3/P3F/FL","T",1,0,0,0,0,"F"
1,2,0,1,"FX","","","","HR/F9D","T",0,4,0,0,0,"F"
1,2,0,1,"CX","","","","31/G34","T",1,0,0,0,0,"F"
0,0,1,2,".CCFFBS","","","","K","T",1,0,0,0,0,"F"
0,1,3,2,"FTBBBFT","","","","K","T",1,0,0,0,0,"F"
0,2,2,1,".BBSX","","","","63/G6","T",1,0,0,0,0,"F"
1,0,1,0,"...BX","","","","43/G4M","T",1,0,0,0,0,"F"
1,1,1,2,"CCBX","","","","13/G2","T",1,0,0,0,0,"F"
1,2,3,2,"CFBBBS","","","","K","T",1,0,0,0,0,"F"
0,0,2,2,"...CBSFFBX","","","","31/G34","T",1,0,0,0,0,"F"
0,1,2,2,"FSBBFS","","","","K","T",1,0,0,0,0,"F"
0,2,1,1,"BCX","","","","S6/G56","T",0,1,0,0,0,"F"
0,2,3,0,"BBBB","seguj002","","","W.1-2","T",0,1,2,0,0,"F"
0,2,2,2,"F*BSBS","harpb003","seguj002","","K","T",1,0,1,2,0,"F"
1,0,2,2,".BFCBFFS","","","","K","T",1,0,0,0,0,"F"
1,1,0,2,"SFS","","","","K","T",1,0,0,0,0,"F"
1,2,0,2,"CTS","","","","K","T",1,0,0,0,0,"F"
0,0,3,2,".BCBBCB","","","","W","T",0,1,0,0,0,"F"
0,0,0,1,".CX","gregd001","","","64(1)3/GDP/G6","T",2,0,0,0,0,"F"
0,2,3,1,"BSBBB","","","","W","T",0,1,0,0,0,"F"
0,2,0,1,"CX","torrr001","","","6/L56D","T",1,0,1,0,0,"F"
0,0,1,2,"CSBX","","","","8/F89","T",1,0,0,0,0,"T"
0,1,1,0,"BX","","","","S9/G4","T",0,1,0,0,0,"F"
0,1,0,2,"CFB","schwf001","","","WP.1-2","F",0,0,2,0,0,"F"
0,1,3,2,"CFB.BFBX","","schwf001","","53/G56","T",1,0,0,2,0,"F"
0,2,0,0,"X","","schwf001","","8/F89D","T",1,0,0,2,0,"F"
1,0,1,1,"BFX","","","","7/L78D+","T",1,0,0,0,0,"F"
1,1,2,2,"CFBBX","","","","8/F8XD","T",1,0,0,0,0,"F"
1,2,3,2,"BBFCBX","","","","7/L7D","T",1,0,0,0,0,"F"
0,0,2,2,"CBSBX","","","","S8/L89S","T",0,1,0,0,0,"F"
0,0,2,1,"BFBX","wisdp001","","","S98/F89.1-2","T",0,1,2,0,0,"F"
0,0,2,1,"BBCX","rivaa001","wisdp001","","46(1)3/GDP/G4M.2-3","T",2,0,0,3,0,"F"
0,2,2,2,"CBFBC","","","wisdp001","K","T",1,0,0,0,3,"F"
1,0,2,1,"CBBX","","","","3/G3","T",1,0,0,0,0,"F"
1,1,2,2,"BBFCFX","","","","63/G6","T",1,0,0,0,0,"F"
1,2,1,1,"CBX","","","","7/F78D","T",1,0,0,0,0,"F"
0,0,1,2,"CBCS","","","","K","T",1,0,0,0,0,"F"
0,1,3,1,"BBBCX","","","","63/G6M+","T",1,0,0,0,0,"F"
0,2,0,1,"CX","","","","4/L4-","T",1,0,0,0,0,"F"
1,0,1,2,"BCCC","","","","K","T",1,0,0,0,0,"F"
1,1,1,2,"CSBX","","","","5/L5","T",1,0,0,0,0,"F"
1,2,0,2,"CCS","","","","K","T",1,0,0,0,0,"F"
0,0,3,2,"BCBFBFB","","","","W","T",0,1,0,0,0,"F"
0,0,2,2,"*BCSBC","happi001","","","K","T",1,0,1,0,0,"F"
0,1,3,1,"BCBB11X","happi001","","","S9/L9+.1-3","T",0,1,3,0,0,"F"
0,1,2,2,"BBFFX","wisdp001","","happi001","S9/G34.3-H;1-3","T",0,1,3,0,4,"F"
0,1,0,1,"C>X","rivaa001","","wisdp001","FC5/G56S.3-H(E5)(NR)(UR);1-2;B-1","T",0,1,2,0,5,"F"
0,1,0,1,"FX","duffm002","rivaa001","","S9/L9LS.2-H;1-3","T",0,1,3,4,0,"F"
0,1,0,1,"LB","alcas002","","duffm002","WP.3-H(NR);1-2","F",0,0,2,0,4,"F"
0,1,1,2,"LB.F>*B","","alcas002","","SB3","F",0,0,0,3,0,"F"
0,1,2,2,"LB.F>*B.X","","","alcas002","FC/G6S.3XH(62);B-1","T",1,1,0,0,0,"F"
0,2,2,2,"*BFC*BFX","daviz001","","","6/L6D","T",1,0,1,0,0,"F"
1,0,2,2,"CCBFBX","","","","D7/L5D","T",0,2,0,0,0,"F"
1,0,0,2,"CSX","","wongk001","","S8/L8S.2-3","T",0,1,0,3,0,"F"
1,0,1,1,"FBX","escoe001","","wongk001","S7/L78S.3-H;1-2","T",0,1,2,0,4,"F"
1,0,3,0,"BB*BB","yelic001","escoe001","","W.2-3;1-2","T",0,1,2,3,0,"F"
1,0,0,1,"CX","narvo001","yelic001","escoe001","S7/L78S.3-H;2-H;1-2","T",0,1,2,4,4,"F"
1,0,0,0,"X","urial001","narvo001","","7/F7S","T",1,0,1,2,0,"F"
1,1,3,1,"BFBBB","urial001","narvo001","","W.2-3;1-2","T",0,1,2,3,0,"F"
1,1,0,1,"CX","voged001","urial001","narvo001","6/L6D/DP.2X2(64)","T",2,0,1,0,3,"F"
0,0,2,2,"BBFFX","","","","HR/F7D","T",0,4,0,0,0,"F"
0,0,3,2,"BBCFFBB","","","","W","T",0,1,0,0,0,"F"
0,0,3,2,".FBBCB>FF>S","happi001","","","K+SB2","T",1,0,2,0,0,"F"
0,1,3,2,"BBS*SBS","","happi001","","K","T",1,0,0,2,0,"F"
0,2,1,2,"BCSX","","happi001","","9/F9S","T",1,0,0,2,0,"F"
1,0,1,1,".BCX","","","","S9/G34","T",0,1,0,0,0,"F"
1,0,3,2,"BBCFBX","maill001","","","S49/G34+.1-2","T",0,1,2,0,0,"F"
1,0,2,2,"BBFFFS","wongk001","maill001","","K","T",1,0,1,2,0,"F"
1,1,3,0,"BBBB","wongk001","maill001","","W.2-3;1-2","T",0,1,2,3,0,"F"
1,1,3,2,".....CF*BBFBS","yelic001","wongk001","maill001","K","T",1,0,1,2,3,"F"
1,2,3,2,"BBFBF>B","yelic001","wongk001","maill001","W.3-H;2-3;1-2","T",0,1,2,3,4,"F"
1,2,0,2,"CSS","urial001","yelic001","wongk001","K","T",1,0,1,2,3,"F"
0,0,0,2,"..FCF*S","","","","K","T",1,0,0,0,0,"F"
0,1,1,1,"BSX","","","","9/F9D","T",1,0,0,0,0,"F"
0,2,0,0,"X","","","","S9/G34+","T",0,1,0,0,0,"F"
0,2,1,1,"BCX","boted002","","","S5/G56S-.1-2","T",0,1,2,0,0,"F"
0,2,0,1,"FX","orter001","boted002","","8/F8XD","T",1,0,1,2,0,"F"
1,0,3,1,"BBBCB","","","","W","T",0,1,0,0,0,"F"
1,0,1,2,"CBFFX","voged001","","","54(1)/FO/G56.B-1","T",1,1,0,0,0,"F"
1,1,0,1,"CX","cainl001","","","54(1)3/GDP/G56-","T",2,0,0,0,0,"F"
0,0,1,2,"SBCX","","","","63/G6+","T",1,0,0,0,0,"F"
0,1,2,2,"SCBBS","","","","K","T",1,0,0,0,0,"F"
0,2,0,0,"X","","","","43/G6M","T",1,0,0,0,0,"F"
1,0,3,2,".BBFFFFBX","","","","43/G34","T",1,0,0,0,0,"F"
1,1,1,2,"SBCFC","","","","K","T",1,0,0,0,0,"F"
1,2,3,2,"CBFBBX","","","","13/G15","T",1,0,0,0,0,"F"
0,0,2,2,".BFBSFFFC","","","","K","T",1,0,0,0,0,"F"
0,1,0,1,"CX","","","","S9/L9","T",0,1,0,0,0,"F"
0,1,2,1,"*BS*B1","duffm002","","","SB2.1-3(E1/TH)","F",0,0,3,0,0,"F"
0,1,2,2,"*BS*B1.LS","","","duffm002","K","T",1,0,0,0,3,"F"
0,2,0,2,"CC*S","","","duffm002","K.BX1(23)","T",1,0,0,0,3,"F"
1,0,1,2,"......CSFBS","","","","K","T",1,0,0,0,0,"F"
1,1,3,2,"BCSBFBX","","","","S7/L78S","T",0,1,0,0,0,"F"
1,1,0,2,"F11CS","urial001","","","K","T",1,0,1,0,0,"F"
1,2,3,2,"CB1FBB>B","urial001","","","W.1-2","T",0,1,2,0,0,"F"
1,2,0,0,".X","reyep001","urial001","","S9/F9.2-H;1-3","T",0,1,3,4,0,"F"
1,2,1,0,"1B>B","cainl001","","reyep001","SB2","F",0,0,2,0,3,"F"
1,2,3,0,"1B>B.BB","","cainl001","reyep001","W","T",0,1,0,2,3,"F"
1,2,3,2,"FBBF*B>X","maill001","cainl001","reyep001","S8/L8.3-H;2-H;1-3","T",0,1,3,4,4,"F"
1,2,0,0,".B","wongk001","","maill001","WP.3-H(NR);1-2","F",0,0,2,0,4,"F"
1,2,3,1,".B.BCBB","","wongk001","","W","T",0,1,0,2,0,"F"
1,2,3,1,"BBBCB","escoe001","wongk001","","W.2-3;1-2","T",0,1,2,3,0,"F"
1,2,3,2,"CBBSB>S","yelic001","escoe001","wongk001","K","T",1,0,1,2,3,"F"
0,0,1,1,"...CBX","","","","S1/G15-","T",0,1,0,0,0,"F"
0,0,0,1,"CX","orter001","","","6/L6D","T",1,0,1,0,0,"F"
0,1,1,0,"*B>C","orter001","","","DI.1-2","F",0,0,2,0,0,"F"
0,1,1,1,"*B>C.X","","orter001","","8/F8D.2-3","T",1,0,0,3,0,"F"
0,2,2,2,"BBFCS","","","orter001","K","T",1,0,0,0,3,"F"
0,0,2,2,"BBCFS","","","","K","T",1,0,0,0,0,"T"
0,1,3,2,"BSFFBBS","","","","K","T",1,0,0,0,0,"F"
0,2,1,2,"BSS*S","","","","K","T",1,0,0,0,0,"F"
1,0,0,2,"SCX","","","","E6/TH/G6.B-1","T",0,1,0,0,0,"F"
1,0,1,2,"FBCS","wongk001","","","K","T",1,0,1,0,0,"F"
1,1,3,2,"11B1FBS*BS","wongk001","","","K","T",1,0,1,0,0,"F"
1,2,3,0,"BBB>C","wongk001","","","SB2","F",0,0,2,0,0,"F"
1,2,3,1,"BBB>C.B","","wongk001","","W","T",0,1,0,2,0,"F"
1,2,0,1,"SX","urial001","wongk001","","9/F9LD","T",1,0,1,2,0,"F"
0,0,0,1,"CX","","","","8/F89XD+","T",1,0,0,0,0,"F"
0,1,3,1,"BSBB*B","","","","W","T",0,1,0,0,0,"F"
0,1,1,2,"C1BS1C","wisdp001","","","K","T",1,0,1,0,0,"F"
0,2,0,2,"FFF11H","wisdp001","","","HP.1-2","T",0,1,2,0,0,"F"
0,2,1,2,"BFFS","duffm002","wisdp001","","K","T",1,0,1,2,0,"F"
1,0,2,2,"CCBBX","","","","HR/F89XD","T",0,4,0,0,0,"F"
1,0,1,2,"CSBX","","","","43/G4","T",1,0,0,0,0,"F"
1,1,3,1,"CBBBX","","","","5/L5","T",1,0,0,0,0,"F"
1,2,3,1,"CBBBB","","","","W","T",0,1,0,0,0,"F"
1,2,3,2,"BBBCS>F>X","burnc002","","","7/F7LD","T",1,0,1,0,0,"F"
0,0,0,0,"X","","","","S8/L78S+","T",0,1,0,0,0,"F"
0,0,1,0,"BX","steej002","","","S9/L89S.1-2","T",0,1,2,0,0,"F"
0,0,0,2,"FSS","orter001","steej002","","K","T",1,0,1,2,0,"F"
0,1,0,1,"CX","orter001","steej002","","S5/G25.2-3;1-2","T",0,1,2,3,0,"F"
0,1,3,1,"BB*BCX","happi001","orter001","steej002","64(1)/FO/G6MD+.3-H;2-3;B-1","T",1,1,0,3,4,"F"
0,2,0,1,"S>C","contw001","","orter001","SB2","F",0,0,2,0,3,"F"
0,2,0,2,"S>C.S","","contw001","orter001","K","T",1,0,0,2,3,"F"
1,0,3,2,"BBFFBX","","","","HR/F7D","T",0,4,0,0,0,"F"
1,0,2,2,"BSBFS","","","","K","T",1,0,0,0,0,"F"
1,1,0,1,"FX","","","","3/P34","T",1,0,0,0,0,"F"
1,2,3,1,"BBFBB","","","","W","T",0,1,0,0,0,"F"
1,2,3,0,"1BBBB","cainl001","","","W.1-2","T",0,1,2,0,0,"F"
1,2,1,1,"BCX","pinam001","cainl001","","7/F7LF/FL","T",1,0,1,2,0,"F"
0,0,1,1,"SBX","","","","9/L89D","T",1,0,0,0,0,"F"
0,1,0,0,"X","","","","3/G3","T",1,0,0,0,0,"F"
0,2,2,0,"BBX","","","","6/P6D","T",1,0,0,0,0,"F"
1,0,0,2,"CFX","","","","9/F9LSF/FL","T",1,0,0,0,0,"F"
1,1,0,2,"SSC","","","","K","T",1,0,0,0,0,"F"
1,2,1,0,"BX","","","","3/G3","T",1,0,0,0,0,"F"
0,0,1,2,"..CSFFBS","","","","K","T",1,0,0,0,0,"F"
0,1,0,0,"X","","","","9/F89XD","T",1,0,0,0,0,"F"
0,2,0,1,"CX","","","","S9/L9S","T",0,1,0,0,0,"F"
0,2,0,0,"X","schwf001","","","HR/F89XD.1-H","T",0,4,4,0,0,"F"
0,2,3,2,"SFBBFBB","","","","W","T",0,1,0,0,0,"F"
0,2,1,2,"1SF*BFS","contw001","","","K","T",1,0,1,0,0,"F"
1,0,2,2,".BFBFFFX","","","","43/G34D","T",1,0,0,0,0,"F"
1,1,2,0,".BBX","","","","D9/G3","T",0,2,0,0,0,"F"
1,1,0,2,"CSFX","","yelic001","","S8/G6M.2-H","T",0,1,0,4,0,"F"
1,1,1,2,"1FBSFFS","urial001","","","K","T",1,0,1,0,0,"F"
1,2,1,1,"1BCX","urial001","","","7/L7D","T",1,0,1,0,0,"F"
0,0,1,0,"BX","","","","S49/G34","T",0,1,0,0,0,"F"
0,0,1,2,"*BS1FS","rivaa001","","","K","T",1,0,1,0,0,"F"
0,1,3,0,"*BBB1B","rivaa001","","","W.1-2","T",0,1,2,0,0,"F"
0,1,3,2,"*B+2MBLBX","alcas002","rivaa001","","24/SH/BG2.2-3;1-2","T",1,0,2,3,0,"F"
0,2,2,2,"CBFBT","","alcas002","rivaa001","K","T",1,0,0,2,3,"F"
1,0,0,0,"X","","","","HR/F9LD","T",0,4,0,0,0,"F"
1,0,3,1,"BBBCX","","","","S7/L7S+","T",0,1,0,0,0,"F"
1,0,2,1,".BBC>B","reyep001","","","SB2","F",0,0,2,0,0,"F"
1,0,3,2,".BBC>B.CC","","reyep001","","K","T",1,0,0,2,0,"F"
1,1,1,2,"FBFX","","reyep001","","5/P5","T",1,0,0,2,0,"F"
1,2,0,2,"CSFX","","reyep001","","7/F78S","T",1,0,0,2,0,"F"
0,0,1,0,".BX","","","","5/P56S","T",1,0,0,0,0,"F"
0,1,1,2,"CBFX","","","","7/L7D+","T",1,0,0,0,0,"F"
0,2,2,0,"BBX","","","","HR/F78XD","T",0,4,0,0,0,"F"
0,2,0,2,"CSS","","","","K","T",1,0,0,0,0,"F"
1,0,2,2,"BSBSS","","","","K","T",1,0,0,0,0,"F"
1,1,0,2,"CFFX","","","","63/G6","T",1,0,0,0,0,"F"
1,2,2,2,"CFBFBX","","","","63/G4","T",1,0,0,0,0,"F"
0,0,2,2,".FBCBS","","","","K","T",1,0,0,0,0,"F"
0,1,1,2,"CBCF*S","","","","K","T",1,0,0,0,0,"F"
0,2,3,1,"FBBBB","","","","W","T",0,1,0,0,0,"F"
0,2,1,2,".*B1S1FS","alcas002","","","K","T",1,0,1,0,0,"F"
1,0,0,2,".CCX","","","","HR/F7LD","T",0,4,0,0,0,"F"
1,0,1,2,"CFBFX","","","","9/F9S","T",1,0,0,0,0,"F"
1,1,2,1,"BBCX","","","","D9/G3","T",0,2,0,0,0,"F"
1,1,3,2,".BSBBCC","","reyep001","","K","T",1,0,0,2,0,"F"
1,2,0,0,"X","","reyep001","","S34/G3S+.2-H","T",0,1,0,4,0,"F"
1,2,2,0,".BB1X","wongk001","","","3/L3","T",1,0,1,0,0,"F"
0,0,3,0,"..BBBB","","","","W","T",0,1,0,0,0,"F"
0,0,1,2,"CBTX","thomt002","","","6/P6D","T",1,0,1,0,0,"F"
0,1,0,0,"X","thomt002","","","S7/L56D.1-2","T",0,1,2,0,0,"F"
0,1,3,2,"*BFSBBC","happi001","thomt002","","K/C","T",1,0,1,2,0,"F"
0,2,0,0,".>B","happi001","thomt002","","SB3;SB2","F",0,0,2,3,0,"F"
0,2,1,2,".>B.SSS","","happi001","thomt002","K","T",1,0,0,2,3,"F"
0,0,2,1,"BBFX","","","","8/F8D","T",1,0,0,0,0,"T"
0,1,1,2,"CCBS","","","","K","T",1,0,0,0,0,"F"
0,2,0,0,"X","","","","8/L8XD+","T",1,0,0,0,0,"F"
1,0,3,1,"BBBCX","","","","E3/G3.B-1","T",0,1,0,0,0,"F"
1,0,3,0,"BBBB","wongk001","","","W.1-2","T",0,1,2,0,0,"F"
1,0,2,2,"CF*BFBX","escoe001","wongk001","","64(1)/FO/G6M.2-3;B-1","T",1,1,0,3,0,"F"
1,1,0,0,"X","yelic001","","wongk001","3(B)64(1)/GDP/G3","T",2,0,0,0,3,"F"
0,0,2,2,"BSCBT","","","","K","T",1,0,0,0,0,"F"
0,1,0,2,"CFFX","","","","8/F8","T",1,0,0,0,0,"F"
0,2,2,1,"BBSX","","","","7/F78D","T",1,0,0,0,0,"F"
1,0,0,1,"CX","","","","9/F9","T",1,0,0,0,0,"F"
1,1,0,1,"CX","","","","S7/L7","T",0,1,0,0,0,"F"
1,1,3,1,"BBBCB","petej002","","","W.1-2","T",0,1,2,0,0,"F"
1,1,3,2,"CB*BBCX","voged001","petej002","","46(1)/FO/G4D.2-3;B-1","T",1,1,0,3,0,"F"
1,2,0,2,"CF>*B","bradj001","","petej002","SB2","F",0,0,2,0,3,"F"
1,2,1,2,"CF>*B.H","","bradj001","petej002","HP","T",0,1,0,2,3,"F"
1,2,1,2,"CFFBX","lauee001","bradj001","petej002","3/G3","T",1,0,1,2,3,"F"
0,0,3,2,"BCBBCS","","","","K","T",1,0,0,0,0,"F"
0,1,3,2,"BFSBFFBB","","","","W","T",0,1,0,0,0,"F"
0,1,3,1,"BBBCX","romia002","","","14/SH/BG2-.1-2","T",1,0,2,0,0,"F"
0,2,2,2,"BCBCS","","romia002","","K","T",1,0,0,2,0,"F"
1,0,0,1,".SX","","","","E4/G34D.B-1","T",0,1,0,0,0,"F"
1,0,3,2,"B*BBCFX","escoe001","","","45(1)/FO/G34.B-1","T",1,1,0,0,0,"F"
1,1,1,1,"CBX","yelic001","","","15(1)3/GDP/G6MS","T",2,0,0,0,0,"F"
0,0,0,1,"CX","","","","8/F89D","T",1,0,0,0,0,"F"
0,1,3,2,"BBFFBX","","","","63/G6+","T",1,0,0,0,0,"F"
0,2,1,2,"BFTC","","","","K","T",1,0,0,0,0,"F"
1,0,2,2,"BCFBH","","","","HP","T",0,1,0,0,0,"F"
1,0,1,1,"CBX","urial001","","","7/F7","T",1,0,1,0,0,"F"
1,1,0,0,"X","urial001","","","45(1)3/GDP/G34","T",2,0,0,0,0,"F"
0,0,1,0,"BX","","","","63/G6","T",1,0,0,0,0,"F"
0,1,0,2,"CSX","","","","HR/F7D","T",0,4,0,0,0,"F"
0,1,3,2,"BBBCCB","","","","W","T",0,1,0,0,0,"F"
0,1,0,2,"FF1","orter001","","","POCS2(1361)","F",1,0,0,0,0,"F"
0,2,3,2,"FF1.BFBBX","","","","8/F8D","T",1,0,0,0,0,"F"
1,0,3,1,"BBCBB","","","","W","T",0,1,0,0,0,"F"
1,0,0,2,"CLL","bradj001","","","K","T",1,0,1,0,0,"F"
1,1,1,0,"BX","bradj001","","","D8/L89XD+.1-H","T",0,2,4,0,0,"F"
1,1,2,2,"BFBFX","","wongk001","","D9/L9LD.2-H","T",0,2,0,4,0,"F"
1,1,0,0,"X","","escoe001","","53/G56","T",1,0,0,2,0,"F"
1,2,0,1,"CX","","escoe001","","7/L7D","T",1,0,0,2,0,"F"
0,0,3,2,"BSCFFFFBBC","","","","K","T",1,0,0,0,0,"F"
0,1,3,0,"BBBB","","","","W","T",0,1,0,0,0,"F"
0,1,1,2,".C1F1B1FX","duffm002","","","S4/L3D-.1-3","T",0,1,3,0,0,"F"
0,1,1,2,"BSSS","schwf001","","duffm002","K","T",1,0,1,0,3,"F"
0,2,0,1,">F1>B","schwf001","","duffm002","SB2","F",0,0,2,0,3,"F"
0,2,2,2,">F1>B.TBS","","schwf001","duffm002","K","T",1,0,0,2,3,"F"
1,0,2,2,"CBFBX","","","","43/G4M","T",1,0,0,0,0,"F"
1,1,0,0,"X","","","","7/F78","T",1,0,0,0,0,"F"
1,2,2,2,"CBBFX","","","","S9/L89D","T",0,1,0,0,0,"F"
1,2,1,1,"TBX","voged001","","","7/F7S","T",1,0,1,0,0,"F"
0,0,0,0,"...X","","","","13/G1","T",1,0,0,0,0,"F"
0,1,3,0,"BBBB","","","","W","T",0,1,0,0,0,"F"
0,1,3,2,"CB11F*B+11B>S","thomt002","","","K+SB2","T",1,0,2,0,0,"F"
0,2,0,2,"CS*S","","thomt002","","K.BX1(23)","T",1,0,0,2,0,"F"
1,0,0,2,"FFX","","","","S8/F8S-","T",0,1,0,0,0,"F"
1,0,1,2,".B1CSX","reyep001","","","8/F89XD","T",1,0,1,0,0,"F"
1,1,2,1,"BCB>S","reyep001","","","SB2","F",0,0,2,0,0,"F"
1,1,3,2,"BCB>S.BFB","","reyep001","","W","T",0,1,0,2,0,"F"
1,1,1,1,"CBX","escoe001","reyep001","","3/P34","T",1,0,1,2,0,"F"
1,2,1,1,"SBX","escoe001","reyep001","","3/G3S-","T",1,0,1,2,0,"F"
0,0,3,2,"..CBFFFFFFBFFFBB","","","","W","T",0,1,0,0,0,"F"
0,0,0,0,"X","contw001","","","D7/G5+.1-H","T",0,2,4,0,0,"F"
0,0,0,0,"X","","duffm002","","D7/L78XD+.2-H","T",0,2,0,4,0,"F"
0,0,3,1,".BFBBB","","schwf001","","W","T",0,1,0,2,0,"F"
0,0,2,1,"BBCX","boted002","schwf001","","HR/F8XD.2-H;1-H","T",0,4,4,4,0,"F"
0,0,0,1,"CX","","","","53/G5","T",1,0,0,0,0,"F"
0,1,2,2,"BCBFFC","","","","K","T",1,0,0,0,0,"F"
0,2,3,2,"BFFBFBFFC","","","","K","T",1,0,0,0,0,"F"
1,0,0,1,".CX","","","","63/G6+","T",1,0,0,0,0,"F"
1,1,0,2,"CSX","","","","8/F78XD","T",1,0,0,0,0,"F"
1,2,3,1,".CBBBX","","","","7/F78D","T",1,0,0,0,0,"F"
0,0,0,2,".SFS","","","","K","T",1,0,0,0,0,"F"
0,1,1,2,".BFFX","","","","S8/L78","T",0,1,0,0,0,"F"
0,1,1,1,"SBX","rivaa001","","","S7/G56+.1-2","T",0,1,2,0,0,"F"
0,1,0,0,"X","duffm002","rivaa001","","3/P3F/FL","T",1,0,1,2,0,"F"
0,2,3,2,"BBFS*B>F>B","duffm002","rivaa001","","W.2-3;1-2","T",0,1,2,3,0,"F"
0,2,2,2,"*BFBSC","boted002","duffm002","rivaa001","K","T",1,0,1,2,3,"F"
1,0,1,2,"..CBCS","","","","K","T",1,0,0,0,0,"F"
1,1,3,2,"CBBBFB","","","","W","T",0,1,0,0,0,"F"
1,1,2,2,"CBBCX","reyep001","","","5(1)/FO/G6M.B-2(E5/TH)","T",1,2,0,0,0,"F"
1,2,3,1,"BBBCN","","wongk001","","DI.2-3","F",0,0,0,3,0,"F"
1,2,3,1,"BBBCN.B","","","wongk001","W","T",0,1,0,0,3,"F"
1,2,0,0,">C","escoe001","","wongk001","DI.1-2","F",0,0,2,0,3,"F"
1,2,0,2,">C.CX","","escoe001","wongk001","S7/G5.3-H;2-H","T",0,1,0,4,4,"F"
1,2,1,1,"FBX","yelic001","","","S7/L78.1-2","T",0,1,2,0,0,"F"
1,2,0,1,"SB","narvo001","yelic001","","WP.2-3;1-2","F",0,0,2,3,0,"F"
1,2,3,1,"SB.BBB","","narvo001","yelic001","W","T",0,1,0,2,3,"F"
1,2,1,0,".BX","urial001","narvo001","yelic001","8/F8XD+","T",1,0,1,2,3,"F"
0,0,0,2,"CCS","","","","K","T",1,0,0,0,0,"T"
0,1,1,2,"SCBS","","","","K","T",1,0,0,0,0,"F"
0,2,3,2,"BFBCBX","","","","S8/L8S","T",0,1,0,0,0,"F"
0,2,0,0,"X","oneit001","","","HR/F7D.1-H","T",0,4,4,0,0,"F"
0,2,1,0,"BX","","","","S9/L9S+","T",0,1,0,0,0,"F"
0,2,0,1,"SX","carld002","","","64(1)/FO/G6.B-1","T",1,1,0,0,0,"F"
1,0,0,1,"CX","","","","8/F8D","T",1,0,0,0,0,"F"
1,1,2,1,"BSBX","","","","6/P56","T",1,0,0,0,0,"F"
1,2,1,2,"SFBX","","","","8/L78D","T",1,0,0,0,0,"F"
0,0,2,2,"BSFBS","","","","K","T",1,0,0,0,0,"F"
0,1,0,1,"SX","","","","D7/F7LD","T",0,2,0,0,0,"F"
0,1,1,2,"SCBX","","badeh001","","13/G1S-.2-3","T",1,0,0,3,0,"F"
0,2,2,2,"CBS*BS","","","badeh001","K","T",1,0,0,0,3,"F"
1,0,2,1,"BSBX","","","","HR/F8XD","T",0,4,0,0,0,"F"
1,0,3,2,"CBFFBBX","","","","6/F6MD","T",1,0,0,0,0,"F"
1,1,0,0,"X","","","","HR/F78XD","T",0,4,0,0,0,"F"
1,1,1,0,"BX","","","","7/F7","T",1,0,0,0,0,"F"
1,2,1,0,"BX","","","","43/G4D","T",1,0,0,0,0,"F"
0,0,2,0,"BBX","","","","8/F89","T",1,0,0,0,0,"F"
0,1,1,2,"SCBX","","","","3/P3F/FL","T",1,0,0,0,0,"F"
0,2,1,2,"SSBS","","","","K","T",1,0,0,0,0,"F"
1,0,2,2,"BBCSS","","","","K","T",1,0,0,0,0,"F"
1,1,1,1,"BFX","","","","13/G13-","T",1,0,0,0,0,"F"
1,2,0,0,"X","","","","8/F8XD","T",1,0,0,0,0,"F"
0,0,1,2,"CFBX","","","","4/L34D","T",1,0,0,0,0,"F"
0,1,1,2,"FBFFS","","","","K","T",1,0,0,0,0,"F"
0,2,2,2,"BCBCX","","","","S5/G6S","T",0,1,0,0,0,"F"
0,2,0,0,"X","sosae001","","","64(1)/FO/G6.B-1","T",1,1,0,0,0,"F"
1,0,3,2,"BBBCFX","","","","3/P3SF/FL","T",1,0,0,0,0,"F"
1,1,1,0,"BX","","","","9/F89","T",1,0,0,0,0,"F"
1,2,2,2,"SBBSFX","","","","43/G34","T",1,0,0,0,0,"F"
0,0,1,2,"BCST","","","","K","T",1,0,0,0,0,"F"
0,1,2,2,"CCBBX","","","","2/P25F/FL","T",1,0,0,0,0,"F"
0,2,1,1,"BCX","","","","3/P34","T",1,0,0,0,0,"F"
1,0,3,2,"CFBBFBX","","","","4/P4D","T",1,0,0,0,0,"F"
1,1,0,1,"CX","","","","8/F78D","T",1,0,0,0,0,"F"
1,2,1,0,"BX","","","","S8/L8S+","T",0,1,0,0,0,"F"
1,2,2,2,"SB*BSS","bradj001","","","K","T",1,0,1,0,0,"F"
0,0,3,2,"BCFBBB","","","","W","T",0,1,0,0,0,"F"
0,0,0,0,"X","oneit001","","","S9/L89S.1-2","T",0,1,2,0,0,"F"
0,0,1,1,"FBX","arenn001","oneit001","","8/F8","T",1,0,1,2,0,"F"
0,1,1,1,"BSX","arenn001","oneit001","","S7/G56.2-H;1-2","T",0,1,2,4,0,"F"
0,1,2,2,"FBFBC","moliy001","arenn001","","K","T",1,0,1,2,0,"F"
0,2,2,2,"CF*BBFS","moliy001","arenn001","","K","T",1,0,1,2,0,"F"
1,0,1,0,"BX","","","","9/F89S","T",1,0,0,0,0,"F"
1,1,2,2,"BCFBFX","","","","53/G56","T",1,0,0,0,0,"F"
1,2,1,2,"CFBX","","","","8/F78","T",1,0,0,0,0,"F"
0,0,1,1,"..BCX","","","","D7/L78","T",0,2,0,0,0,"F"
0,0,1,0,"BX","","carpm002","","43/G4S.2-3","T",1,0,0,3,0,"F"
0,1,0,2,"CFX","","","carpm002","8/SF/F8+.3-H","T",1,0,0,0,4,"F"
0,2,1,2,"BSST","","","","K","T",1,0,0,0,0,"F"
1,0,1,2,".FBFS","","","","K","T",1,0,0,0,0,"F"
1,1,0,2,"CFX","","","","53/G56","T",1,0,0,0,0,"F"
1,2,0,1,"FX","","","","7/F7S","T",1,0,0,0,0,"F"
0,0,3,2,".CBBFBB","","","","W","T",0,1,0,0,0,"F"
0,0,0,0,"X","arenn001","","","31/SH/BG34S.1-2","T",1,0,2,0,0,"F"
0,1,3,1,"CB*BBX","","arenn001","","S7/L78S.2-H","T",0,1,0,4,0,"F"
0,1,0,0,"X","moliy001","","","64(1)3/GDP/G6","T",2,0,0,0,0,"F"
1,0,3,2,"FBSBBB","","","","W","T",0,1,0,0,0,"F"
1,0,1,2,".SBFX","pinam001","","","5(1)3/GDP/G6","T",2,0,0,0,0,"F"
1,2,1,1,".BFX","","","","9/F9LS","T",1,0,0,0,0,"F"
0,0,2,2,".BSBFFFH","","","","HP","T",0,1,0,0,0,"F"
0,0,0,0,".X","badeh001","","","16(1)/FO/BG15.B-1","T",1,1,0,0,0,"F"
0,1,2,2,"FBBFX","nootl001","","","6/P6","T",1,0,1,0,0,"F"
0,2,0,1,"SX","nootl001","","","8/F89XD","T",1,0,1,0,0,"F"
1,0,1,0,".BX","","","","7/F7","T",1,0,0,0,0,"F"
1,1,0,2,"CSFS","","","","K","T",1,0,0,0,0,"F"
1,2,1,0,"BX","","","","31/G3","T",1,0,0,0,0,"F"
0,0,3,2,"BSSBFBFFB","","","","W","T",0,1,0,0,0,"T"
0,0,1,1,"BC1>C","edmat001","","","SB2","F",0,0,2,0,0,"F"
0,0,1,2,"BC1>C.X","","edmat001","","43/G4M.2-3","T",1,0,0,3,0,"F"
0,1,2,2,"CBFFBX","","","edmat001","8/SF/L8D.3-H","T",1,0,0,0,4,"F"
0,2,1,0,"BX","","","","6/P7LSF/FL","T",1,0,0,0,0,"F"
1,0,3,2,"CBFFBBFX","","","","5/P5F/FL","T",1,0,0,0,0,"F"
1,1,3,2,"BBSSBB","","","","W","T",0,1,0,0,0,"F"
1,1,3,2,"BCFBBX","adamw002","","","7/F7LD","T",1,0,1,0,0,"F"
1,2,2,2,"SSB1BFS","adamw002","","","K","T",1,0,1,0,0,"F"
0,0,3,2,"BCBBSS","","","","K","T",1,0,0,0,0,"F"
0,1,0,2,"CCS","","","","K","T",1,0,0,0,0,"F"
0,2,2,2,"BFBFFX","","","","8/L8D","T",1,0,0,0,0,"F"
1,0,2,2,"CBBSFC","","","","K","T",1,0,0,0,0,"F"
1,1,2,2,"BBCFS","","","","K","T",1,0,0,0,0,"F"
1,2,1,1,"CBX","","","","7/F7D","T",1,0,0,0,0,"F"
0,0,1,2,"BCSFFC","","","","K","T",1,0,0,0,0,"F"
0,1,2,1,"CBBX","","","","S8/L89","T",0,1,0,0,0,"F"
0,1,0,1,"CX","woodj003","","","S9/G34.1-2","T",0,1,2,0,0,"F"
0,1,0,2,"SCS","edmat001","woodj003","","K","T",1,0,1,2,0,"F"
0,2,1,1,"*BSX","edmat001","woodj003","","64(1)/FO/G6.B-1","T",1,1,0,2,0,"F"
1,0,2,2,"CBBCS","","","","K","T",1,0,0,0,0,"F"
1,1,1,1,"CBX","","","","S7/L7S+","T",0,1,0,0,0,"F"
1,1,2,0,"B*BX","woodb005","","","4/P3","T",1,0,1,0,0,"F"
1,2,1,0,"BX","woodb005","","","9/F9","T",1,0,1,0,0,"F"
0,0,0,0,"X","","","","7/F7L","T",1,0,0,0,0,"F"
0,1,3,2,"CBBFFBX","","","","43/G4D","T",1,0,0,0,0,"F"
0,2,2,2,"SBFFBFFFS","","","","K","T",1,0,0,0,0,"F"
1,0,2,0,"BBX","","","","7/F7LS","T",1,0,0,0,0,"F"
1,1,0,0,"X","","","","9/F9LSF/FL","T",1,0,0,0,0,"F"
1,2,0,1,"CX","","","","7/L78D","T",1,0,0,0,0,"F"
0,0,1,2,"CBSS","","","","K","T",1,0,0,0,0,"F"
0,1,1,2,"BFFS","","","","K","T",1,0,0,0,0,"F"
0,2,0,1,"CX","","","","43/G4","T",1,0,0,0,0,"F"
1,0,0,2,"CFX","","","","S8/G6M","T",0,1,0,0,0,"F"
1,0,3,2,"BCBBF1FFS","urial001","","","K","T",1,0,1,0,0,"F"
1,1,2,2,"SCBBX","urial001","","","8/L8","T",1,0,1,0,0,"F"
1,2,3,2,"SBBCFB>F>F>X","urial001","","","8/L8D+","T",1,0,1,0,0,"F"
0,0,2,2,"CBSBC","","","","K","T",1,0,0,0,0,"F"
0,1,1,2,"CBCS","","","","K","T",1,0,0,0,0,"F"
0,2,0,2,"FSC","","","","K","T",1,0,0,0,0,"F"
1,0,3,0,".BBBB","","","","W","T",0,1,0,0,0,"F"
1,0,1,2,"1CF*BS","wongk001","","","K","T",1,0,1,0,0,"F"
1,1,1,2,"CCF*BS","wongk001","","","K","T",1,0,1,0,0,"F"
1,2,2,2,"FBFBS","wongk001","","","K","T",1,0,1,0,0,"F"
0,0,0,2,".CSX","","","","8/L8D","T",1,0,0,0,0,"F"
0,1,1,2,"SCBS","","","","K","T",1,0,0,0,0,"F"
0,2,1,1,"SBX","","","","S8/G6M","T",0,1,0,0,0,"F"
0,2,1,2,"BCSC","moliy001","","","K","T",1,0,1,0,0,"F"
1,0,2,2,"...SFFBBS","","","","K","T",1,0,0,0,0,"F"
1,1,1,2,"BSSS","","","","K","T",1,0,0,0,0,"F"
1,2,3,2,".CFBFFBBX","","","","8/F89D","T",1,0,0,0,0,"F"
0,0,1,2,"....SCBC","","","","K","T",1,0,0,0,0,"F"
0,1,3,1,"BBBCB","","","","W","T",0,1,0,0,0,"F"
0,1,0,1,"1C>B","nootl001","","","SB2","F",0,0,2,0,0,"F"
0,1,1,1,"1C>B.X","","nootl001","","S7/L7LS.2-H","T",0,1,0,4,0,"F"
0,1,2,1,"BBF>B","edmat001","","","SB2","F",0,0,2,0,0,"F"
0,1,3,1,"BBF>B.X","","edmat001","","8/F8","T",1,0,0,2,0,"F"
0,2,1,0,"BX","","edmat001","","63/G6","T",1,0,0,2,0,"F"
1,0,0,0,"..X","","","","7/L7+","T",1,0,0,0,0,"F"
1,1,3,2,".CBFBBB","","","","W","T",0,1,0,0,0,"F"
1,1,1,1,"BSX","voged001","","","D8/F89XD+.1-3","T",0,2,3,0,0,"F"
1,1,1,2,".FS*BX","","wongk001","bradj001","7/SF/F7LD.3-H","T",1,0,0,2,4,"F"
1,2,2,2,"BBCSS","","wongk001","","K","T",1,0,0,2,0,"F"
0,0,1,1,"..FBX","","","","3/P34","T",1,0,0,0,0,"F"
0,1,2,2,".BBCCX","","","","D7/L7L","T",0,2,0,0,0,"F"
0,1,0,0,"X","","rondj002","","8/F89XD.2-3","T",1,0,0,3,0,"F"
0,2,1,0,"BX","","","rondj002","53/G56","T",1,0,0,0,3,"F"
1,0,0,0,".X","","","","S9/G4","T",0,1,0,0,0,"F"
1,0,3,2,"BFBCFBX","garca003","","","16(1)/FO/G1S","T",1,1,0,0,0,"F"
1,1,3,1,"*B*BCB*B","cainl001","","","W.1-2","T",0,1,2,0,0,"F"
1,1,1,1,"BCX","urial001","cainl001","","8/F8XD.2-3","T",1,0,1,3,0,"F"
1,2,3,0,"VVVV","urial001","","cainl001","IW.1-2","T",0,1,2,0,3,"F"
1,2,2,2,".CSBB*S","yelic001","urial001","cainl001","K","T",1,0,1,2,3,"F"
0,0,0,1,"CX","","","","8/F8XD","T",1,0,0,0,0,"T"
0,1,1,1,"BCX","","","","S8/L89S","T",0,1,0,0,0,"F"
0,1,2,2,"*B1SFBFFX","goldp001","","","HR/F78XD.1-H","T",0,4,4,0,0,"F"
0,1,3,1,"BBBCX","","","","S8/G6+","T",0,1,0,0,0,"F"
0,1,3,1,"BBFBX","arenn001","","","7/F78","T",1,0,1,0,0,"F"
0,2,0,1,"FX","arenn001","","","64(1)/FO/G6.B-1","T",1,1,0,0,0,"F"
1,0,2,1,"CBBX","","","","6/L6MD","T",1,0,0,0,0,"F"
1,1,2,2,"CBBSFFS","","","","K","T",1,0,0,0,0,"F"
1,2,3,1,"BBCBX","","","","9/L89D+","T",1,0,0,0,0,"F"
0,0,3,2,"BCBBSFB","","","","W","T",0,1,0,0,0,"F"
0,0,2,1,"CBBX","sosae001","","","FC5/G56.1-2(E5);B-1","T",0,1,2,0,0,"F"
0,0,0,0,"X","badeh001","sosae001","","14/SH/BG2.2-3;1-2","T",1,0,2,3,0,"F"
0,1,2,0,"*BBX","","badeh001","sosae001","8/SF/F89XD.3-H(UR);2-H(UR)","T",1,0,0,5,5,"F"
0,2,0,0,"X","","","","D7/L5D+","T",0,2,0,0,0,"F"
0,2,2,2,"CSBBX","","goldp001","","D7/L7LS.2-H(UR)","T",0,2,0,5,0,"F"
0,2,1,2,"CFBX","","oneit001","","D7/G5+.2-H(UR)","T",0,2,0,5,0,"F"
0,2,2,1,".SBBX","","arenn001","","8/F8XD","T",1,0,0,2,0,"F"
1,0,0,2,"CCFX","","","","53/G56","T",1,0,0,0,0,"F"
1,1,0,2,"CSFX","","","","5/F5DF/FL","T",1,0,0,0,0,"F"
1,2,2,2,"CBFBFX","","","","63/G6","T",1,0,0,0,0,"F"
0,0,0,0,"X","","","","3/F3D","T",1,0,0,0,0,"F"
0,1,2,2,"BFFFBX","","","","S9/L4","T",0,1,0,0,0,"F"
0,1,0,1,"FX","sosae001","","","64(1)/FO/G6S.B-1","T",1,1,0,0,0,"F"
0,2,0,2,"1SFC","badeh001","","","K","T",1,0,1,0,0,"F"
1,0,0,2,"CFX","","","","43/G4D","T",1,0,0,0,0,"F"
1,1,1,0,"BX","","","","D8/L8","T",0,2,0,0,0,"F"
1,1,2,2,"BCF*BC","","cainl001","","K","T",1,0,0,2,0,"F"
1,2,1,2,"CFBFX","","cainl001","","6/P4MS","T",1,0,0,2,0,"F"
0,0,3,2,"BCFBBX","","","","43/G4","T",1,0,0,0,0,"F"
0,1,1,2,"BCFH","","","","HP","T",0,1,0,0,0,"F"
0,1,2,2,"FCBBX","goldp001","","","FC6/G6.1-3(E6/TH);B-1","T",0,1,3,0,0,"F"
0,1,1,0,"BX","oneit001","","goldp001","8/SF/F8D.3-H(UR)","T",1,0,1,0,5,"F"
0,2,1,2,"CFBFS","oneit001","","","K","T",1,0,1,0,0,"F"
1,0,0,1,"CX","","","","63/G6MD","T",1,0,0,0,0,"F"
1,1,1,2,"BCCFFFX","","","","63/G6M","T",1,0,0,0,0,"F"
1,2,1,1,"BFX","","","","53/G5","T",1,0,0,0,0,"F"
0,0,1,0,"BX","","","","7/F78D","T",1,0,0,0,0,"F"
0,1,2,2,"BSBSFX","","","","S8/L8S","T",0,1,0,0,0,"F"
0,1,1,0,".BX","sosae001","","","S7/L7+.1-2","T",0,1,2,0,0,"F"
0,1,0,0,"X","badeh001","sosae001","","54/SH/BG25.2-3;1-2","T",1,0,2,3,0,"F"
0,2,0,0,"X","","badeh001","sosae001","7/F78XD","T",1,0,0,2,3,"F"
1,0,1,1,"..FBX","","","","D9/L9LS","T",0,2,0,0,0,"F"
1,0,0,1,"CX","","narvo001","","S9/F9LS.2-H","T",0,1,0,4,0,"F"
1,0,0,1,".CX","urial001","","","16(1)/FO/G4S-.B-1","T",1,1,0,0,0,"F"
1,1,1,1,"BCX","petej002","","","46(1)/FO/G6MD.B-1","T",1,1,0,0,0,"F"
1,2,0,1,"CX","cainl001","","","46(1)/FO/G4.B-1","T",1,1,0,0,0,"F"
0,0,1,2,"BCSX","","","","5/P56S-","T",1,0,0,0,0,"F"
0,1,1,2,"BCFC","","","","K","T",1,0,0,0,0,"F"
0,2,1,2,"FSBFS","","","","K","T",1,0,0,0,0,"F"
1,0,0,1,"CX","","","","43/G4D","T",1,0,0,0,0,"F"
1,1,1,2,"BFFX","","","","7/L7D","T",1,0,0,0,0,"F"
1,2,0,0,"X","","","","43/G4","T",1,0,0,0,0,"F"
0,0,2,2,"..SSFBBX","","","","S4/G4M","T",0,1,0,0,0,"F"
0,0,2,0,"BBB","carld002","","","WP.1-2","F",0,0,2,0,0,"F"
0,0,3,1,"BBB.CX","","carld002","","9/F9D.2-3","T",1,0,0,3,0,"F"
0,1,0,2,"CS*S","","","carld002","K","T",1,0,0,0,3,"F"
0,2,0,2,"SFFFFX","","","carld002","D7/L7LS+.3-H","T",0,2,0,0,4,"F"
0,2,0,2,"SSS","","badeh001","","K","T",1,0,0,2,0,"F"
1,0,0,2,"SFX","","","","HR/F8XD","T",0,4,0,0,0,"F"
1,0,1,2,"SBFS","","","","K","T",1,0,0,0,0,"F"
1,1,0,1,"FX","","","","63/G6","T",1,0,0,0,0,"F"
1,2,3,2,"CBBCBX","","","","53/G6","T",1,0,0,0,0,"F"
0,0,0,0,".X","","","","S9/L9S","T",0,1,0,0,0,"F"
0,0,0,2,"CSB","edmat001","","","WP.1-2","F",0,0,2,0,0,"F"
0,0,1,2,"CSB.FX","","edmat001","","HR/F78XD.2-H","T",0,4,0,4,0,"F"
0,0,0,0,"X","","","","3/G34","T",1,0,0,0,0,"F"
0,1,2,2,"SSBBS","","","","K","T",1,0,0,0,0,"F"
0,2,1,2,"SBSFX","","","","D7/L7LS","T",0,2,0,0,0,"F"
0,2,3,2,".BSBFBX","","carld002","","3/P3SF/FL","T",1,0,0,2,0,"F"
1,0,0,0,"..X","","","","5/L5D+","T",1,0,0,0,0,"F"
1,1,0,2,".CFFX","","","","6/F78S","T",1,0,0,0,0,"F"
1,2,3,2,"BCFBBB","","","","W","T",0,1,0,0,0,"F"
1,2,0,1,"SX","voged001","","","5/P5DF/FL","T",1,0,1,0,0,"F"
0,0,0,2,".....CFFS","","","","K","T",1,0,0,0,0,"F"
0,1,0,1,"CX","","","","S4/G6M","T",0,1,0,0,0,"F"
0,1,2,1,".CBBX","badeh001","","","63/G4.1-2","T",1,0,2,0,0,"F"
0,2,2,1,"*BFBX","","badeh001","","1/G23","T",1,0,0,2,0,"F"
1,0,2,2,"..BCBSC","","","","K","T",1,0,0,0,0,"F"
1,1,3,2,"BCSBBFFS","","","","K","T",1,0,0,0,0,"F"
1,2,0,1,"CX","","","","7/F7","T",1,0,0,0,0,"F"
0,0,1,2,"BFFX","","","","8/F89D","T",1,0,0,0,0,"T"
0,1,1,1,"CBX","","","","53/G5","T",1,0,0,0,0,"F"
0,2,3,2,"CBSFFBBFS","","","","K","T",1,0,0,0,0,"F"
1,0,0,1,"CX","","","","S9/G34","T",0,1,0,0,0,"F"
1,0,0,1,"CX","wongk001","","","9/F9L","T",1,0,1,0,0,"F"
1,1,3,2,"1B*SBFB>X","wongk001","","","7/F7LD","T",1,0,1,0,0,"F"
1,2,3,2,"1BBCBF>F>F>F>B","wongk001","","","W.1-2","T",0,1,2,0,0,"F"
1,2,3,2,"FFBBB>*B","escoe001","wongk001","","W.2-3;1-2","T",0,1,2,3,0,"F"
1,2,1,0,"BX","urial001","escoe001","wongk001","HR/F78XD.3-H;2-H;1-H","T",0,4,4,4,4,"F"
1,2,0,0,"X","","","","9/F9","T",1,0,0,0,0,"F"
0,0,2,0,"BBX","","","","63/G6D","T",1,0,0,0,0,"F"
0,1,2,1,"CBBX","","","","S7/F78S","T",0,1,0,0,0,"F"
0,1,0,1,"CX","carld002","","","54(1)3/GDP/G56","T",2,0,0,0,0,"F"
1,0,3,2,"BBCBFX","","","","7/L78D+","T",1,0,0,0,0,"F"
1,1,2,1,"BBSX","","","","43/G34","T",1,0,0,0,0,"F"
1,2,3,2,"BBCSFBFFX","","","","9/L89XD","T",1,0,0,0,0,"F"
0,0,1,2,"CTBS","","","","K","T",1,0,0,0,0,"F"
0,1,1,2,"CBSX","","","","53/G56S","T",1,0,0,0,0,"F"
0,2,1,1,"FBX","","","","6/L6-","T",1,0,0,0,0,"F"
1,0,0,1,"CX","","","","53/G5","T",1,0,0,0,0,"F"
1,1,2,2,"CBCBFX","","","","53/G56","T",1,0,0,0,0,"F"
1,2,3,2,"CBSBBX","","","","8/F8D","T",1,0,0,0,0,"F"
0,0,3,2,"BFBFBB","","","","W","T",0,1,0,0,0,"F"
0,0,0,0,"1X","edmat001","","","4(1)3/GDP/G4","T",2,0,0,0,0,"F"
0,2,1,2,"FCBT","","","","K","T",1,0,0,0,0,"F"
1,0,2,2,"CCBBFFFS","","","","K","T",1,0,0,0,0,"F"
1,1,0,1,"FX","","","","HR/F7D","T",0,4,0,0,0,"F"
1,1,2,2,"CFFBBX","","","","S4/G6M+","T",0,1,0,0,0,"F"
1,1,0,0,"X","cainl001","","","46(1)3/GDP/G4M-","T",2,0,0,0,0,"F"
0,0,1,2,"FSBX","","","","53/G5","T",1,0,0,0,0,"F"
0,1,1,0,"BX","","","","T9/L9L","T",0,3,0,0,0,"F"
0,1,0,0,"X","","","carld002","S9/G34.3-H","T",0,1,0,0,4,"F"
0,1,1,1,"C*B+1","moliy001","","","PO1(23)","F",1,0,0,0,0,"F"
0,2,1,1,"C*B+1.H","","","","HP","T",0,1,0,0,0,"F"
0,2,3,2,"CBBFB>F>X","sosae001","","","S8/L8S+.1-3","T",0,1,3,0,0,"F"
0,2,3,2,".BC1BTFB>*B","badeh001","","sosae001","W.1-2","T",0,1,2,0,3,"F"
0,2,0,2,"SSX","carpm002","badeh001","sosae001","5/P56","T",1,0,1,2,3,"F"
1,0,3,2,".BFBBCB","","","","W","T",0,1,0,0,0,"F"
1,0,2,2,"BCFBF*S","housa001","","","K","T",1,0,1,0,0,"F"
1,1,0,0,"X","housa001","","","S7/L78S.1-2","T",0,1,2,0,0,"F"
1,1,3,2,"CBFB*BB","adamw002","housa001","","W.2-3;1-2","T",0,1,2,3,0,"F"
1,1,1,2,"FFBX","yelic001","adamw002","housa001","9/F9LS","T",1,0,1,2,3,"F"
1,2,1,1,"CBX","yelic001","adamw002","housa001","53/G56","T",1,0,1,2,3,"F"
0,0,0,2,"CCX","","","","S7/L7S","T",0,1,0,0,0,"F"
0,0,0,0,"X","goldp001","","","54(1)/FO/G56.B-1","T",1,1,0,0,0,"F"
0,1,0,0,"X","oneit001","","","7/L78D+","T",1,0,1,0,0,"F"
0,2,1,0,"BX","oneit001","","","7/F7D","T",1,0,1,0,0,"F"
1,0,0,0,"X","","","","9/L9","T",1,0,0,0,0,"F"
1,1,2,2,"CBBCC","","","","K","T",1,0,0,0,0,"F"
1,2,2,0,"BBX","","","","D9/F9LD","T",0,2,0,0,0,"F"
1,2,1,1,".F*BX","","pinam001","","43/G4","T",1,0,0,2,0,"F"
0,0,3,2,".FBBBCS","","","","K","T",1,0,0,0,0,"F"
0,1,0,0,"X","","","","S7/L7S+","T",0,1,0,0,0,"F"
0,1,3,1,"BBCBB","sosae001","","","W.1-2","T",0,1,2,0,0,"F"
0,1,3,1,".BCBBB","badeh001","sosae001","","W.2-3;1-2","T",0,1,2,3,0,"F"
0,1,0,2,".CFX","nootl001","badeh001","sosae001","46(1)/FO/G34.3-H;2-3;B-1","T",1,1,0,3,4,"F"
0,2,1,2,"B1FF1","edmat001","","badeh001","PO1(E1/TH).3-H(NR);1-2","F",0,0,2,0,4,"F"
0,2,2,2,"B1FF1.BX","","edmat001","","HR/L78XD.2-H","T",0,4,0,4,0,"F"
0,2,2,2,"BFSFBS","","","","K","T",1,0,0,0,0,"F"
1,0,1,1,".BCX","","","","43/G4D","T",1,0,0,0,0,"F"
1,1,1,2,"CBFX","","","","S8/L8S+","T",0,1,0,0,0,"F"
1,1,2,2,"CBS*BFS","adamw002","","","K","T",1,0,1,0,0,"F"
1,2,1,0,"B11X","adamw002","","","8/F89D","T",1,0,1,0,0,"F"
0,0,3,1,".BFBBB","","","","W","T",0,1,0,0,0,"F"
0,0,0,1,"CX","arenn001","","","S9/G3.1-3;B-2","T",0,2,3,0,0,"F"
0,0,0,0,"B","","carld002","arenn001","PB.3-H(NR);2-3","F",0,0,0,3,4,"F"
0,0,2,0,"B.BX","","","carld002","8/SF/F78XD.3-H(UR)","T",1,0,0,0,5,"F"
0,1,0,2,"SFS","","","","K","T",1,0,0,0,0,"F"
0,2,2,2,"BBFF*S","","","","K","T",1,0,0,0,0,"F"
1,0,2,1,".BCBX","","","","7/F7","T",1,0,0,0,0,"F"
1,1,0,2,"CFC","","","","K","T",1,0,0,0,0,"F"
1,2,1,2,"CFBFFX","","","","S7/G56+","T",0,1,0,0,0,"F"
1,2,0,1,"CX","cainl001","","","53/G56D","T",1,0,1,0,0,"F"
0,0,1,2,".CFBFFX","","","","9/F9LSF/FL","T",1,0,0,0,0,"F"
0,1,2,2,"BFBFC","","","","K","T",1,0,0,0,0,"F"
0,2,3,1,"BCBBX","","","","HR/L78XD","T",0,4,0,0,0,"F"
0,2,1,1,"BCX","","","","8/F8D","T",1,0,0,0,0,"F"
1,0,2,2,"..BCBCS","","","","K","T",1,0,0,0,0,"F"
1,1,2,2,"BFFBFFX","","","","43/G4D","T",1,0,0,0,0,"F"
1,2,3,2,"CBSBFBS","","","","K","T",1,0,0,0,0,"F"
0,0,1,2,"CCBX","","","","T8/L89XD+","T",0,3,0,0,0,"T"
0,0,3,2,"BBSBCX","","","nimmb001","63/G56.3-H","T",1,0,0,0,4,"F"
0,1,3,2,"CFBBBFS","","","","K","T",1,0,0,0,0,"F"
0,2,1,2,"CFBFX","","","","E6/TH/G6M.B-1","T",0,1,0,0,0,"F"
0,2,3,2,"CBFBB>F>B","alonp001","","","W.1-2","T",0,1,2,0,0,"F"
0,2,3,1,"TBBBX","confm001","alonp001","","S9/G34.2-3;1-2","T",0,1,2,3,0,"F"
0,2,1,2,"CBFFS","villj001","confm001","alonp001","K","T",1,0,1,2,3,"F"
1,0,3,2,"CFBBBX","","","","HR/F89XD","T",0,4,0,0,0,"F"
1,0,3,2,"BCBSBFX","","","","9/F9D","T",1,0,0,0,0,"F"
1,1,3,2,"CBBFFBB","","","","W","T",0,1,0,0,0,"F"
1,1,0,0,"X","yelic001","","","54(1)/FO/G5.B-1","T",1,1,0,0,0,"F"
1,2,1,2,"FFFBS","garca003","","","K","T",1,0,1,0,0,"F"
0,0,2,2,"BCBCX","","","","63/G6M","T",1,0,0,0,0,"F"
0,1,2,2,"BBCSC","","","","K","T",1,0,0,0,0,"F"
0,2,0,0,"X","","","","7/F7D","T",1,0,0,0,0,"F"
1,0,0,0,"X","","","","S7/L7","T",0,1,0,0,0,"F"
1,0,0,0,"X","escoe001","","","S8/L78S+.1-2","T",0,1,2,0,0,"F"
1,0,1,0,"BX","voged001","escoe001","","5(2)4(1)/GDP/G5.B-1","T",2,1,0,0,0,"F"
1,2,1,2,"CFBX","cainl001","","","64(1)/FO/G6.B-1","T",1,1,0,0,0,"F"
0,0,1,1,"CBX","","","","8/F8XD","T",1,0,0,0,0,"F"
0,1,1,2,"TFBC","","","","K","T",1,0,0,0,0,"F"
0,2,1,1,"CBX","","","","43/G4MD+","T",1,0,0,0,0,"F"
1,0,3,1,"BBFBB","","","","W","T",0,1,0,0,0,"F"
1,0,0,0,"11X","wongk001","","","HR/F89XD.1-H","T",0,4,4,0,0,"F"
1,0,1,0,"BX","","","","HR/F78XD","T",0,4,0,0,0,"F"
1,0,2,2,"BSFFBX","","","","9/L9","T",1,0,0,0,0,"F"
1,1,3,1,"BBBCX","","","","8/F78","T",1,0,0,0,0,"F"
1,2,3,0,"BBBB","","","","W","T",0,1,0,0,0,"F"
1,2,3,2,"CBBCFF*B>X","escoe001","","","8/F8D","T",1,0,1,0,0,"F"
0,0,0,1,"CX","","","","8/L8D","T",1,0,0,0,0,"F"
0,1,3,2,"CFBFBBFFX","","","","7/L78D+","T",1,0,0,0,0,"F"
0,2,2,2,"BFBSX","","","","8/F8D","T",1,0,0,0,0,"F"
1,0,3,2,"BBBCFB","","","","W","T",0,1,0,0,0,"F"
1,0,0,1,"LX","cainl001","","","34/SH/BG2-.1-2","T",1,0,2,0,0,"F"
1,1,0,1,"FX","","cainl001","","7/F7D.2-3","T",1,0,0,3,0,"F"
1,2,3,2,"BCFB*BFS","","","cainl001","K","T",1,0,0,0,3,"F"
0,0,0,1,"CX","","","","8/L8D","T",1,0,0,0,0,"F"
0,1,1,2,".CBSS","","","","K","T",1,0,0,0,0,"F"
0,2,3,2,"CBSBBB","","","","W","T",0,1,0,0,0,"F"
0,2,0,0,"1X","nimmb001","","","9/F9D","T",1,0,1,0,0,"F"
1,0,3,2,".BCBCBX","","","","T7/L7LD","T",0,3,0,0,0,"F"
1,0,0,1,"SX","","","yelic001","8/SF/F89.3-H","T",1,0,0,0,4,"F"
1,1,0,2,"CCT","","","","K","T",1,0,0,0,0,"F"
1,2,2,1,"BBSX","","","","8/F8","T",1,0,0,0,0,"F"
0,0,1,2,"SSBS","","","","K","T",1,0,0,0,0,"F"
0,1,2,2,"CCFBBS","","","","K","T",1,0,0,0,0,"F"
0,2,0,0,"X","","","","7/F78D","T",1,0,0,0,0,"F"
1,0,2,2,".BCSBC","","","","K","T",1,0,0,0,0,"F"
1,1,0,0,"X","","","","63/G56+","T",1,0,0,0,0,"F"
1,2,3,2,"BBSBSFS","","","","K","T",1,0,0,0,0,"F"
0,0,1,2,".FSBS","","","","K","T",1,0,0,0,0,"F"
0,1,3,2,"BFFBBFS","","","","K","T",1,0,0,0,0,"F"
0,2,0,2,"FCX","","","","S6/G6","T",0,1,0,0,0,"F"
0,2,0,0,"..X","mcnej002","","","8/F8","T",1,0,1,0,0,"F"
1,0,3,2,".BSBSBB","","","","W","T",0,1,0,0,0,"F"
1,0,2,0,"BB1X","wongk001","","","4/P4MD","T",1,0,1,0,0,"F"
1,1,0,0,">B","wongk001","","","SB2","F",0,0,2,0,0,"F"
1,1,2,0,">B.BX","","wongk001","","3/G3.2-3","T",1,0,0,3,0,"F"
1,2,1,2,"CSBX","","","wongk001","7/L78D","T",1,0,0,0,3,"F"
0,0,2,1,"BCBX","","","","6/P5D","T",1,0,0,0,0,"F"
0,1,0,1,"FX","","","","31/G34","T",1,0,0,0,0,"F"
0,2,2,2,"BSFBX","","","","S67/G56","T",0,1,0,0,0,"F"
0,2,3,1,"B1B*BFX","baezj001","","","3/P3F/FL","T",1,0,1,0,0,"F"
1,0,2,2,".BFBSS","","","","K","T",1,0,0,0,0,"F"
1,1,2,2,"SBBTFX","","","","8/F8","T",1,0,0,0,0,"F"
1,2,2,2,"BCSFBC","","","","K","T",1,0,0,0,0,"F"
0,0,3,2,".BBCSFFBFX","","","","7/F7","T",1,0,0,0,0,"F"
0,1,0,2,"FSFS","","","","K","T",1,0,0,0,0,"F"
0,2,1,0,"BX","","","","8/F8XD","T",1,0,0,0,0,"F"
0,0,3,2,"CBFBBX","","","","8/F8XD","T",1,0,0,0,0,"T"
0,1,2,2,"BBFSFFS","","","","K","T",1,0,0,0,0,"F"
0,2,3,2,"CSBFBBC","","","","K","T",1,0,0,0,0,"F"
1,0,3,2,"CBBFBB","","","","W","T",0,1,0,0,0,"F"
1,0,2,2,"CBCF1BX","wongk001","","","54(1)3/GDP/G5","T",2,0,0,0,0,"F"
1,2,0,2,"CSS","","","","K","T",1,0,0,0,0,"F"
0,0,0,1,"SX","","","","63/G6S","T",1,0,0,0,0,"F"
0,1,0,1,"CX","","","","3/G3","T",1,0,0,0,0,"F"
0,2,0,0,"X","","","","43/G4","T",1,0,0,0,0,"F"
1,0,2,2,"BCFBX","","","","S8/G4M","T",0,1,0,0,0,"F"
1,0,1,2,"CSBFF1FH","yelic001","","","HP.1-2","T",0,1,2,0,0,"F"
1,0,3,0,"BBBB","escoe001","yelic001","","W.2-3;1-2","T",0,1,2,3,0,"F"
1,0,1,2,"CBFS","urial001","escoe001","yelic001","K","T",1,0,1,2,3,"F"
1,1,0,2,"CFX","urial001","escoe001","yelic001","7/F7S","T",1,0,1,2,3,"F"
1,2,0,2,"SSFC","urial001","escoe001","yelic001","K","T",1,0,1,2,3,"F"
0,0,1,2,"BFFX","","","","7/F78S","T",1,0,0,0,0,"F"
0,1,1,2,"BSFS","","","","K","T",1,0,0,0,0,"F"
0,2,2,2,"SCFBFBFX","","","","63/G56","T",1,0,0,0,0,"F"
1,0,2,2,"BCCFBS","","","","K","T",1,0,0,0,0,"F"
1,1,3,2,"BBBCCB","","","","W","T",0,1,0,0,0,"F"
1,1,3,2,"1F1S*BBBB","adamw002","","","W.1-2","T",0,1,2,0,0,"F"
1,1,0,2,"SFX","garca003","adamw002","","13/G1S.2-3;1-2","T",1,0,2,3,0,"F"
1,2,2,2,"BCBFFX","","garca003","adamw002","S7/L7S.3-H;2-H","T",0,1,0,4,4,"F"
1,2,1,1,"CBX","escoe001","","","43/G6","T",1,0,1,0,0,"F"
0,0,0,1,"CX","","","","S7/L7S","T",0,1,0,0,0,"F"
0,0,0,2,"SF1S","nimmb001","","","K","T",1,0,1,0,0,"F"
0,1,0,0,"11>B","nimmb001","","","CS2(26)","F",1,0,0,0,0,"F"
0,2,1,0,"11>B.X","","","","D7/G5","T",0,2,0,0,0,"F"
0,2,3,2,"BS*BBSB","","confm001","","W+WP.2-3","T",0,1,0,3,0,"F"
0,2,0,0,"X","alonp001","","confm001","S7/L7S+.3-H;1-2","T",0,1,2,0,4,"F"
0,2,2,2,"BSBCFFFS","baezj001","alonp001","","K","T",1,0,1,2,0,"F"
1,0,3,2,"BBSFFBX","","","","9/F9LD","T",1,0,0,0,0,"F"
1,1,1,1,"CBX","","","","8/F8D+","T",1,0,0,0,0,"F"
1,2,1,2,"BCCFX","","","","8/L89XD","T",1,0,0,0,0,"F"
0,0,0,1,"CX","","","","9/F89","T",1,0,0,0,0,"F"
0,1,0,0,"X","","","","5/L5","T",1,0,0,0,0,"F"
0,2,1,1,"BSX","","","","S1/BG2-","T",0,1,0,0,0,"F"
0,2,1,1,"1SBX","hillr001","","","S8/L78.1-2","T",0,1,2,0,0,"F"
0,2,2,2,"CCFBBS","nimmb001","hillr001","","K","T",1,0,1,2,0,"F"
1,0,1,2,"CFBX","","","","8/F78XD","T",1,0,0,0,0,"F"
1,1,0,2,"FFT","","","","K","T",1,0,0,0,0,"F"
1,2,0,2,"SFC","","","","K","T",1,0,0,0,0,"F"
0,0,2,2,"FFBFBX","","","","3/G3","T",1,0,0,0,0,"F"
0,1,1,2,"FBCX","","","","7/L78","T",1,0,0,0,0,"F"
0,2,1,2,"SFBS","","","","K","T",1,0,0,0,0,"F"
1,0,0,2,".CCX","","","","8/L8XD","T",1,0,0,0,0,"F"
1,1,1,1,"BCX","","","","S6/G6S-","T",0,1,0,0,0,"F"
1,1,3,1,"BBBCB","escoe001","","","W.1-2","T",0,1,2,0,0,"F"
1,1,0,2,"CFX","urial001","escoe001","","64(1)3/GDP/G56","T",2,0,0,2,0,"F"
0,0,1,2,"BFSS","","","","K","T",1,0,0,0,0,"F"
0,1,1,1,"FBX","","","","8/F8D","T",1,0,0,0,0,"F"
0,2,2,2,"SBBF*S","","","","K","T",1,0,0,0,0,"F"
1,0,3,1,".BBBCX","","","","8/L8D","T",1,0,0,0,0,"F"
1,1,3,2,".CBBCBB","","","","W","T",0,1,0,0,0,"F"
1,1,0,0,".1X","bradj001","","","S8/G6.1-2","T",0,1,2,0,0,"F"
1,1,1,1,"BSX","wongk001","bradj001","","9/F89S","T",1,0,1,2,0,"F"
1,2,0,2,"FSS","wongk001","bradj001","","K","T",1,0,1,2,0,"F"
0,0,1,0,"..BX","","","","43/G4D","T",1,0,0,0,0,"F"
0,1,1,0,"BX","","","","S7/G6","T",0,1,0,0,0,"F"
0,1,1,2,"FCF1BS","nimmb001","","","K","T",1,0,1,0,0,"F"
0,2,3,2,"1B1BBSF>F>X","nimmb001","","","3/G3","T",1,0,1,0,0,"F"
1,0,0,1,".CX","","","","13/G2","T",1,0,0,0,0,"F"
1,1,3,2,"BCCFBFBX","","","","8/F78D","T",1,0,0,0,0,"F"
1,2,3,2,"BBFCFBS","","","","K","T",1,0,0,0,0,"F"
0,0,3,2,".BSCBFBX","","","","63/G6D","T",1,0,0,0,0,"F"
0,1,0,0,"X","","","","63/G6","T",1,0,0,0,0,"F"
0,2,3,2,"BCBCFBB","","","","W","T",0,1,0,0,0,"F"
0,2,1,2,".1BSS*S","villj001","","","K","T",1,0,1,0,0,"F"
0,0,3,2,"BBCBCFX","","","","31/G34","T",1,0,0,0,0,"T"
0,1,3,2,"BCBSBX","","","","HR/F9D","T",0,4,0,0,0,"F"
0,1,2,2,"CSBBX","","","","53/G6MS","T",1,0,0,0,0,"F"
0,2,0,0,"H","","","","HP","T",0,1,0,0,0,"F"
0,2,0,1,"SX","alonp001","","","64(1)/FO/G6.B-1","T",1,1,0,0,0,"F"
1,0,3,2,"BBFSBB","","","","W","T",0,1,0,0,0,"F"
1,0,1,1,"CBX","wongk001","","","HR/F7D.1-H","T",0,4,4,0,0,"F"
1,0,0,1,"CX","","","","S9/G4","T",0,1,0,0,0,"F"
1,0,0,2,"CTS","yelic001","","","K","T",1,0,1,0,0,"F"
1,1,3,2,"CFB*BB>X","yelic001","","","2/P2F/FL","T",1,0,1,0,0,"F"
1,2,0,2,"FFX","yelic001","","","S6/F78S.1-3","T",0,1,3,0,0,"F"
1,2,3,2,"FSBBB>X","narvo001","","yelic001","3/P3F/FL","T",1,0,1,0,3,"F"
0,0,3,1,"BBCBX","","","","7/F7LD","T",1,0,0,0,0,"F"
0,1,3,2,"FBBSBS","","","","K","T",1,0,0,0,0,"F"
0,2,0,1,"FX","","","","8/F8XD+","T",1,0,0,0,0,"F"
1,0,1,1,"CBX","","","","S7/G56S","T",0,1,0,0,0,"F"
1,0,0,2,"LLL","cainl001","","","K","T",1,0,1,0,0,"F"
1,1,3,1,"BBBCB","cainl001","","","W.1-2","T",0,1,2,0,0,"F"
1,1,3,2,"BCSBBB","wongk001","cainl001","","W.2-3;1-2","T",0,1,2,3,0,"F"
1,1,0,1,"CX","adamw002","wongk001","cainl001","3/G3.3-H;2-3;1-2","T",1,0,2,3,4,"F"
1,2,0,1,"FX","","adamw002","wongk001","S9/G3+.3-H;2-H;B-2(E9/TH)","T",0,2,0,4,4,"F"
1,2,0,0,"X","","escoe001","","7/F78D","T",1,0,0,2,0,"F"
0,0,0,2,"CSS","","","","K","T",1,0,0,0,0,"F"
0,1,0,0,"X","","","","63/G6D","T",1,0,0,0,0,"F"
0,2,3,2,"CBFBFBX","","","","9/F89","T",1,0,0,0,0,"F"
1,0,2,2,"CFBBC","","","","K","T",1,0,0,0,0,"F"
1,1,0,2,"FSX","","","","53/G5","T",1,0,0,0,0,"F"
1,2,0,1,"CX","","","","S8/G6MS+","T",0,1,0,0,0,"F"
1,2,2,1,"BFBX","cainl001","","","4/P34","T",1,0,1,0,0,"F"
0,0,0,1,"SX","","","","S8/L8","T",0,1,0,0,0,"F"
0,0,0,0,"X","confm001","","","D9/L9LD+.1-3","T",0,2,3,0,0,"F"
0,0,1,2,"SBSX","","alonp001","confm001","D7/L7+.3-H;2-H","T",0,2,0,4,4,"F"
0,0,1,2,"BFCX","","baezj001","","6/F6D","T",1,0,0,2,0,"F"
0,1,3,2,"BCBFBX","","baezj001","","9/F89D","T",1,0,0,2,0,"F"
0,2,2,2,"BSF*BS","","baezj001","","K","T",1,0,0,2,0,"F"
1,0,0,0,"X","","","","8/F78","T",1,0,0,0,0,"F"
1,1,1,1,"CBX","","","","S7/L5D.BX2(74)","T",1,0,0,0,0,"F"
1,2,3,2,"CSBBBFF*B","","","","W","T",0,1,0,0,0,"F"
1,2,0,0,"X","yelic001","","","5/F56D","T",1,0,1,0,0,"F"
0,0,2,2,".CBFBFS","","","","K","T",1,0,0,0,0,"F"
0,1,0,1,"FX","","","","31/G34","T",1,0,0,0,0,"F"
0,2,1,2,"BCSS","","","","K","T",1,0,0,0,0,"F"
1,0,2,2,".BBCCFC","","","","K","T",1,0,0,0,0,"F"
1,1,0,0,"X","","","","8/F8D","T",1,0,0,0,0,"F"
1,2,2,2,"CSBBX","","","","53/G56","T",1,0,0,0,0,"F"
0,0,2,0,"BBX","","","","8/F8XD","T",1,0,0,0,0,"F"
0,1,3,0,"BBBB","","","","W","T",0,1,0,0,0,"F"
0,1,3,1,"BBSBX","alonp001","","","S7/L7S.1-2","T",0,1,2,0,0,"F"
0,1,2,2,".BSBSFS","baezj001","alonp001","","K","T",1,0,1,2,0,"F"
0,2,3,2,".FBSBFB>X","baezj001","alonp001","","S7/F78S.2-H;1-3","T",0,1,3,4,0,"F"
0,2,2,1,"*BBCX","pillk001","","baezj001","9/L9D","T",1,0,1,0,3,"F"
1,0,0,1,"..CX","","","","63/G6+","T",1,0,0,0,0,"F"
1,1,3,1,".BCBBB","","","","W","T",0,1,0,0,0,"F"
1,1,2,1,".CBBX","lauee001","","","D8/L8XD+.1-3","T",0,2,3,0,0,"F"
1,1,3,1,"BBSBX","","wongk001","lauee001","E5/TH/G56.3-H;2-3;B-2","T",0,2,0,3,4,"F"
1,1,1,1,".CBX","","adamw002","wongk001","6/F56D","T",1,0,0,2,3,"F"
1,2,1,0,"BX","","adamw002","wongk001","E6/TH/G56D.3-H(NR)(UR);2-H(NR)(UR);B-1","T",0,1,0,5,5,"F"
1,2,3,2,"FBTBB>B","escoe001","","","W.1-2","T",0,1,2,0,0,"F"
1,2,2,2,"BFFBS","urial001","escoe001","","K","T",1,0,1,2,0,"F"
0,0,3,2,"..BCBBFFX","","","","8/F8D","T",1,0,0,0,0,"F"
0,1,0,0,"H","","","","HP","T",0,1,0,0,0,"F"
0,1,2,2,"*BSCBFFFFS","nimmb001","","","K","T",1,0,1,0,0,"F"
0,2,1,2,"*SBSFX","nimmb001","","","S7/F56D.1-2","T",0,1,2,0,0,"F"
0,2,2,2,"BCFB*S","confm001","nimmb001","","K","T",1,0,1,2,0,"F"
1,0,2,2,".BBSSX","","","","9/L89","T",1,0,0,0,0,"F"
1,1,1,1,"BCX","","","","4/L4D","T",1,0,0,0,0,"F"
1,2,2,2,".CFBBS","","","","K","T",1,0,0,0,0,"F"
0,0,0,0,".X","","","","3/P3F/FL","T",1,0,0,0,0,"F"
0,1,2,2,"CBBFFS","","","","K","T",1,0,0,0,0,"F"
0,2,0,2,"CCX","","","","63/G6","T",1,0,0,0,0,"F"
1,0,0,2,".CSS","","","","K","T",1,0,0,0,0,"F"
1,1,1,2,"CBC*S","","","","K","T",1,0,0,0,0,"F"
1,2,3,2,"BFBCFBB","","","","W","T",0,1,0,0,0,"F"
1,2,1,0,"BX","yelic001","","","5/L5D+","T",1,0,1,0,0,"F"
0,0,1,2,".BSSS","","","","K","T",1,0,0,0,0,"F"
0,1,2,2,".FBBFT","","","","K","T",1,0,0,0,0,"F"
0,2,0,1,"TX","","","","7/F7","T",1,0,0,0,0,"F"
