0,0,1,0,"BX","","","","43/G34","T",1,0,0,0,0,"T"
0,1,0,1,"FX","","","","DGR/F9LD","T",0,2,0,0,0,"F"
0,1,1,2,"CFBX","","goldp001","","S4/G4M.2-3","T",0,1,0,3,0,"F"
0,1,0,1,"CX","arenn001","","goldp001","S9/G4M.3-H;1-3","T",0,1,3,0,4,"F"
0,1,0,0,"H","dejop001","","arenn001","HP.1-2","T",0,1,2,0,3,"F"
0,1,0,0,"X","oneit001","dejop001","arenn001","E6/G78S.3-H;2-H(NR);1-2;B-1","T",0,1,2,4,4,"F"
0,1,0,0,"X","moliy001","oneit001","","HR/F9LD.2-H(UR);1-H","T",0,4,4,5,0,"F"
0,1,0,1,"CX","","","","43/G34","T",1,0,0,0,0,"F"
0,2,1,2,"CBCX","","","","9/L9L","T",1,0,0,0,0,"F"
1,0,1,1,"FBX","","","","D9/L9LD","T",0,2,0,0,0,"F"
1,0,0,0,"X","","winkj002","","9/F9LD.2-3","T",1,0,0,3,0,"F"
1,1,1,2,"*BC*SB","","","winkj002","WP.3-H(NR)","F",0,0,0,0,4,"F"
1,1,3,2,"*BC*SB.FBX","","","","5/P56","T",1,0,0,0,0,"F"
1,2,1,2,"BSCS","","","","K","T",1,0,0,0,0,"F"
0,0,1,2,"CBSX","","","","7/L7LS","T",1,0,0,0,0,"F"
0,1,1,2,"CSBFFFX","","","","S6/G56+.B-2(E6/TH)","T",0,2,0,0,0,"F"
0,1,1,1,"BFX","","goldp001","","S8/L78.2-H(UR)","T",0,1,0,5,0,"F"
0,1,0,0,"X","arenn001","","","54(1)3/GDP/G56","T",2,0,0,0,0,"F"
1,0,2,2,"BSSBFX","","","","7/F78","T",1,0,0,0,0,"F"
1,1,1,2,"CFBS","","","","K","T",1,0,0,0,0,"F"
1,2,3,2,"BCSFBBC","","","","K","T",1,0,0,0,0,"F"
0,0,0,1,"SX","","","","9/F3DF/FL","T",1,0,0,0,0,"F"
0,1,1,2,"CBSX","","","","63/G6","T",1,0,0,0,0,"F"
0,2,3,2,"BCBSBB","","","","W","T",0,1,0,0,0,"F"
0,2,0,0,"1X","carld002","","","46(1)/FO/G4.B-1","T",1,1,0,0,0,"F"
1,0,1,1,"FBH","","","","HP","T",0,1,0,0,0,"F"
1,0,0,0,"X","barnt001","","","24/SH/BG2-.1-2","T",1,0,2,0,0,"F"
1,1,3,2,"F*BBBFC","","barnt001","","K","T",1,0,0,2,0,"F"
1,2,1,1,"*BSX","","barnt001","","HR/F7D.2-H","T",0,4,0,4,0,"F"
1,2,0,0,"X","","","","9/F89D","T",1,0,0,0,0,"F"
0,0,3,2,"BCCFFFBBFB","","","","W","T",0,1,0,0,0,"F"
0,0,2,2,"SBCF*BFFX","flahj002","","","S1/G2-.1-2","T",0,1,2,0,0,"F"
0,0,1,0,"BX","edmat001","flahj002","","S8/G4.2-H;1-3","T",0,1,3,4,0,"F"
0,0,0,1,"CB","goldp001","","edmat001","WP.3-H(NR);1-2","F",0,0,2,0,4,"F"
0,0,2,2,"CB.FFBX","","goldp001","","8/L78D","T",1,0,0,2,0,"F"
0,1,1,2,".CCBFFS","","goldp001","","K","T",1,0,0,2,0,"F"
0,2,0,1,"FX","","goldp001","","HR/F7D.2-H","T",0,4,0,4,0,"F"
0,2,0,0,"X","","","","13/G13-","T",1,0,0,0,0,"F"
1,0,3,1,"CBBBX","","","","HR/F9LD","T",0,4,0,0,0,"F"
1,0,2,2,"FBFBFX","","","","43/G4","T",1,0,0,0,0,"F"
1,1,1,1,".BSX","","","","3/G3+","T",1,0,0,0,0,"F"
1,2,2,2,"FFBBX","","","","D7/L7LS","T",0,2,0,0,0,"F"
1,2,2,2,"BFB*SX","","indij001","","7/F7L","T",1,0,0,2,0,"F"
0,0,2,2,"...CBFBFC","","","","K","T",1,0,0,0,0,"F"
0,1,2,0,".BBX","","","","43/G34D","T",1,0,0,0,0,"F"
0,2,3,2,"BBCCBB","","","","W","T",0,1,0,0,0,"F"
0,2,1,0,"*BX","flahj002","","","46(1)/FO/G4.B-1","T",1,1,0,0,0,"F"
1,0,2,0,"BBX","","","","8/F8","T",1,0,0,0,0,"F"
1,1,3,2,"BBCSBB","","","","W","T",0,1,0,0,0,"F"
1,1,1,2,"BSSX","winkj002","","","D7/L7LS.1-3","T",0,2,3,0,0,"F"
1,1,2,2,"CSF*B*BX","","castn001","winkj002","S8/L78.3-H;2-3","T",0,1,0,3,4,"F"
1,1,3,1,"CBB*B*B","vottj001","","castn001","W.1-2","T",0,1,2,0,3,"F"
1,1,0,0,".X","suare001","vottj001","castn001","8/SF/L8.3-H","T",1,0,1,2,4,"F"
1,2,3,2,".*BSSBB>X","suare001","vottj001","","5/P5DF/FL","T",1,0,1,2,0,"F"
0,0,0,2,".CCX","","","","43/G4M+","T",1,0,0,0,0,"F"
0,1,1,2,"CBSC","","","","K","T",1,0,0,0,0,"F"
0,2,0,1,"CX","","","","8/L8XD","T",1,0,0,0,0,"F"
1,0,0,1,".FX","","","","S7/L78+","T",0,1,0,0,0,"F"
1,0,0,2,".FCC","indij001","","","K","T",1,0,1,0,0,"F"
1,1,3,2,"BBCBSX","indij001","","","S9/L9.1-2","T",0,1,2,0,0,"F"
1,1,1,1,"BCX","stept001","indij001","","S9/L89+.2-3;1-2","T",0,1,2,3,0,"F"
1,1,2,0,"BBX","winkj002","stept001","indij001","7/L78D/DP.2X2(74)","T",2,0,1,0,3,"F"
0,0,0,0,".X","","","","53/G56","T",1,0,0,0,0,"F"
0,1,1,1,"CBX","","","","3/P3F/FL","T",1,0,0,0,0,"F"
0,2,3,2,"CBBCBS","","","","K","T",1,0,0,0,0,"F"
1,0,0,1,".FX","","","","2/P2F/FL","T",1,0,0,0,0,"F"
1,1,3,0,"BBBB","","","","W","T",0,1,0,0,0,"F"
1,1,3,1,"B*BFBB","suare001","","","W.1-2","T",0,1,2,0,0,"F"
1,1,1,2,"C*BFX","mousm001","suare001","","9/F9S","T",1,0,1,2,0,"F"
1,2,1,1,"CBX","mousm001","suare001","","9/F9L","T",1,0,1,2,0,"F"
0,0,2,0,"BBX","","","","8/F8XD+","T",1,0,0,0,0,"F"
0,1,0,2,".CCS","","","","K","T",1,0,0,0,0,"F"
0,2,2,2,"CBBFFFX","","","","8/F8XD","T",1,0,0,0,0,"F"
1,0,3,2,"..BBSBFFFFS","","","","K","T",1,0,0,0,0,"F"
1,1,2,2,"CBFBX","","","","63/G6","T",1,0,0,0,0,"F"
1,2,2,2,"CFBBS","","","","K","T",1,0,0,0,0,"F"
0,0,1,1,"..BFX","","","","D7/L7LD+","T",0,2,0,0,0,"F"
0,0,0,2,"SFS","","goldp001","","K","T",1,0,0,2,0,"F"
0,1,0,2,"SSX","","goldp001","","53/G56","T",1,0,0,2,0,"F"
0,2,3,2,"FS*BBBS","","goldp001","","K","T",1,0,0,2,0,"F"
1,0,2,2,".BBFSX","","","","S8/L8","T",0,1,0,0,0,"F"
1,0,2,0,"BBX","castn001","","","8/F8XD","T",1,0,1,0,0,"F"
1,1,1,1,"*BCX","castn001","","","4/P6MD","T",1,0,1,0,0,"F"
1,2,1,0,"B>C","castn001","","","DI.1-2","F",0,0,2,0,0,"F"
1,2,3,2,"B>C.*B*BF>B","","castn001","","W.2-3","T",0,1,0,3,0,"F"
1,2,1,2,"BSSS","mousm001","","castn001","K","T",1,0,1,0,3,"F"
0,0,1,2,"CCFBX","","","","7/F7LD","T",1,0,0,0,0,"T"
0,1,3,2,"CCBBBS","","","","K","T",1,0,0,0,0,"F"
0,2,2,1,"BBFX","","","","53/G56+","T",1,0,0,0,0,"F"
1,0,1,2,"SBCX","","","","9/L89D+","T",1,0,0,0,0,"F"
1,1,0,1,"FX","","","","143/G6M","T",1,0,0,0,0,"F"
1,2,1,2,"CSBX","","","","8/L78D+","T",1,0,0,0,0,"F"
0,0,3,2,"CBFBBFX","","","","HR/F78XD","T",0,4,0,0,0,"F"
0,0,0,2,"CFS","","","","K","T",1,0,0,0,0,"F"
0,1,2,1,"BFBX","","","","53/G56","T",1,0,0,0,0,"F"
0,2,2,1,"CBBX","","","","63/G6M","T",1,0,0,0,0,"F"
1,0,3,2,"BCCBBX","","","","9/F9L","T",1,0,0,0,0,"F"
1,1,1,1,"BCX","","","","8/F8D","T",1,0,0,0,0,"F"
1,2,2,2,"BCCFBS","","","","K","T",1,0,0,0,0,"F"
0,0,2,2,"CCBBT","","","","K","T",1,0,0,0,0,"F"
0,1,1,2,"TCBC","","","","K","T",1,0,0,0,0,"F"
0,2,3,2,"FBBFFBFB","","","","W","T",0,1,0,0,0,"F"
0,2,3,2,"BBSFB>B","edmat001","","","W.1-2","T",0,1,2,0,0,"F"
0,2,0,0,"X","goldp001","edmat001","","9/F89XD","T",1,0,1,2,0,"F"
1,0,3,2,"SBBBCB","","","","W","T",0,1,0,0,0,"F"
1,0,1,1,"BFX","naqut001","","","HR/F89XD.1-H","T",0,4,4,0,0,"F"
1,0,0,1,"FX","","","","3/L34","T",1,0,0,0,0,"F"
1,1,0,0,"X","","","","S7/G25","T",0,1,0,0,0,"F"
1,1,2,2,"BCSFFBX","winkj002","","","S8/G6M.1-2","T",0,1,2,0,0,"F"
1,1,2,0,"*B*BX","castn001","winkj002","","3/G3.2-3;1-2","T",1,0,2,3,0,"F"
1,2,1,0,"*BX","","castn001","winkj002","S6/G56.3-H;2-3","T",0,1,0,3,4,"F"
1,2,1,0,"BX","suare001","","castn001","S7/G56.3-H;1-2","T",0,1,2,0,4,"F"
1,2,0,1,"CX","mousm001","suare001","","S5/G25.2-3;1-2","T",0,1,2,3,0,"F"
1,2,1,1,"CBX","indij001","mousm001","suare001","S8/G4M.3-H;2-H;1-3","T",0,1,3,4,4,"F"
1,2,1,2,".BFCS","naqut001","","indij001","K","T",1,0,1,0,3,"F"
0,0,1,0,"BX","","","","HR/L78XD","T",0,4,0,0,0,"F"
0,0,0,2,"SFFC","","","","K","T",1,0,0,0,0,"F"
0,1,0,0,"X","","","","S8/G6M","T",0,1,0,0,0,"F"
0,1,1,2,"CFBS","moliy001","","","K","T",1,0,1,0,0,"F"
0,2,1,2,"TBCC","moliy001","","","K","T",1,0,1,0,0,"F"
1,0,3,2,"CSBFBBX","","","","43/G34","T",1,0,0,0,0,"F"
1,1,2,2,"BBSFC","","","","K","T",1,0,0,0,0,"F"
1,2,0,0,"H","","","","HP","T",0,1,0,0,0,"F"
1,2,0,2,"CSX","castn001","","","S9/G4.1-3","T",0,1,3,0,0,"F"
1,2,3,1,"S*BBBB","vottj001","","castn001","W.1-2","T",0,1,2,0,3,"F"
1,2,0,0,"B","suare001","vottj001","castn001","WP.3-H(NR);2-3;1-2","F",0,0,2,3,4,"F"
1,2,3,0,"B.*BBB","","suare001","vottj001","W","T",0,1,0,2,3,"F"
1,2,1,2,"CBCFH","mousm001","suare001","vottj001","HP.3-H;2-3;1-2","T",0,1,2,3,4,"F"
1,2,2,2,"BTCBS","indij001","mousm001","suare001","K","T",1,0,1,2,3,"F"
0,0,0,2,"..CCC","","","","K","T",1,0,0,0,0,"F"
0,1,1,1,"BCX","","","","3/G3","T",1,0,0,0,0,"F"
0,2,1,2,"CCBS","","","","K","T",1,0,0,0,0,"F"
1,0,2,1,"BSBX","","","","S6/G4D","T",0,1,0,0,0,"F"
1,0,0,2,"MLX","barnt001","","","4(1)3/GDP/G4","T",2,0,0,0,0,"F"
1,2,0,0,"X","","","","31/G34D","T",1,0,0,0,0,"F"
0,0,1,0,"BX","","","","S67/L6D+","T",0,1,0,0,0,"F"
0,0,3,2,"....BSFBBFB","arenn001","","","W.1-2","T",0,1,2,0,0,"F"
0,0,0,2,"STS","dejop001","arenn001","","K","T",1,0,1,2,0,"F"
0,1,2,1,"C*BBX","dejop001","arenn001","","9/F89","T",1,0,1,2,0,"F"
0,2,0,0,"X","dejop001","arenn001","","E7/L78D.2-H(NR)(UR);1-3;B-2","T",0,2,3,5,0,"F"
0,2,3,1,"..BBBCX","","carld002","dejop001","4/P34D","T",1,0,0,2,3,"F"
1,0,0,1,"..CX","","","","HR/F7D","T",0,4,0,0,0,"F"
1,0,1,2,"BFFFS","","","","K","T",1,0,0,0,0,"F"
1,1,1,2,"CBFFS","","","","K","T",1,0,0,0,0,"F"
1,2,2,1,"BFBX","","","","D9/L9L+","T",0,2,0,0,0,"F"
1,2,2,0,"BBX","","mousm001","","S6/G56.2-3","T",0,1,0,3,0,"F"
1,2,0,0,"H","indij001","","mousm001","HP.1-2","T",0,1,2,0,3,"F"
1,2,2,2,"SSBBS","naqut001","indij001","mousm001","K","T",1,0,1,2,3,"F"
0,0,3,2,".CBBSFBX","","","","43/G6MD","T",1,0,0,0,0,"F"
0,1,3,2,"BSBCBX","","","","43/G4D","T",1,0,0,0,0,"F"
0,2,2,2,"BCSBFS","","","","K.BX1(23)","T",1,0,0,0,0,"F"
1,0,3,2,".BBBCCX","","","","43/G4","T",1,0,0,0,0,"F"
1,1,2,0,"BBX","","","","53/G5","T",1,0,0,0,0,"F"
1,2,1,2,"BCCX","","","","13/G4MS","T",1,0,0,0,0,"F"
0,0,2,2,"BFBSS","","","","K","T",1,0,0,0,0,"F"
0,1,3,2,"BSFBBB","","","","W","T",0,1,0,0,0,"F"
0,1,1,1,"SBX","dejop001","","","S7/L7+.1-2","T",0,1,2,0,0,"F"
0,1,3,1,".BBFBB","oneit001","dejop001","","W.2-3;1-2","T",0,1,2,3,0,"F"
0,1,2,1,"CBBX","moliy001","oneit001","dejop001","9/SF/F9D.3-H;2-3","T",1,0,1,3,4,"F"
0,2,1,2,"BCFS","moliy001","","oneit001","K","T",1,0,1,0,3,"F"
1,0,1,2,".BSCX","","","","43/G34D","T",1,0,0,0,0,"F"
1,1,2,2,"CFBBFS","","","","K","T",1,0,0,0,0,"F"
1,2,0,0,"X","","","","8/F8S","T",1,0,0,0,0,"F"
0,0,2,0,"..BBX","","","","7/F7","T",1,0,0,0,0,"F"
0,1,1,0,"BX","","","","43/G4","T",1,0,0,0,0,"F"
0,2,3,1,"BBBCX","","","","S8/G6M+","T",0,1,0,0,0,"F"
0,2,3,2,"*BFBCF*B>X","goldp001","","","HR/F7D.1-H","T",0,4,4,0,0,"F"
0,2,1,1,"BFX","","","","9/F89","T",1,0,0,0,0,"F"
0,0,0,2,"CCFX","","","","8/L8XD+","T",1,0,0,0,0,"T"
0,1,2,2,"FBSBX","","","","4/L4MD+","T",1,0,0,0,0,"F"
0,2,3,2,"CBSBBX","","","","D7/L7LD+","T",0,2,0,0,0,"F"
0,2,2,2,"*BF*BFT","","arenn001","","K","T",1,0,0,2,0,"F"
1,0,0,1,"CX","","","","43/G4","T",1,0,0,0,0,"F"
1,1,3,2,"BSSBBX","","","","63/G6+","T",1,0,0,0,0,"F"
1,2,2,2,"BBSCFS","","","","K","T",1,0,0,0,0,"F"
0,0,3,2,"BSFFBBX","","","","9/F89D","T",1,0,0,0,0,"F"
0,1,0,2,"CSFS","","","","K","T",1,0,0,0,0,"F"
0,2,0,2,"CSX","","","","63/G6M","T",1,0,0,0,0,"F"
1,0,2,2,"CBCBX","","","","53/G5S","T",1,0,0,0,0,"F"
1,1,0,1,"CX","","","","3/G3","T",1,0,0,0,0,"F"
1,2,2,2,"BFBFX","","","","6/P6D","T",1,0,0,0,0,"F"
0,0,0,2,"FFS","","","","K","T",1,0,0,0,0,"F"
0,1,2,2,"BCFBFX","","","","13/G6S","T",1,0,0,0,0,"F"
0,2,2,2,"BCBSFX","","","","9/L89D","T",1,0,0,0,0,"F"
1,0,0,0,"X","","","","53/G56","T",1,0,0,0,0,"F"
1,1,1,2,"CBCS","","","","K","T",1,0,0,0,0,"F"
1,2,0,2,"CCS","","","","K","T",1,0,0,0,0,"F"
0,0,2,2,"CFBBFFC","","","","K","T",1,0,0,0,0,"F"
0,1,1,0,"BX","","","","8/L78D","T",1,0,0,0,0,"F"
0,2,0,2,"CFS","","","","K","T",1,0,0,0,0,"F"
1,0,0,2,"SCC","","","","K","T",1,0,0,0,0,"F"
1,1,0,0,"X","","","","T9/F8XD+","T",0,3,0,0,0,"F"
1,1,2,1,"FBBX","","","castn001","S9/L9S+.3-H","T",0,1,0,0,4,"F"
1,1,3,1,"CBBBB","vottj001","","","W.1-2","T",0,1,2,0,0,"F"
1,1,1,2,"BCSX","suare001","vottj001","","6/L6MD","T",1,0,1,2,0,"F"
1,2,0,0,"X","suare001","vottj001","","7/F7","T",1,0,1,2,0,"F"
0,0,1,0,"BX","","","","D8/L78XD+","T",0,2,0,0,0,"F"
0,0,1,2,"SFF*BFX","","oneit001","","S7/L78S.2-H","T",0,1,0,4,0,"F"
0,0,2,1,"BF*BX","moliy001","","","46(1)3/GDP/G4","T",2,0,0,0,0,"F"
0,2,1,2,"CSBS","","","","K","T",1,0,0,0,0,"F"
1,0,2,2,"BBCSX","","","","13/G2-","T",1,0,0,0,0,"F"
1,1,1,2,"BFFX","","","","S34/G2","T",0,1,0,0,0,"F"
1,1,2,2,".BBFSFB","stept001","","","WP.1-2","F",0,0,2,0,0,"F"
1,1,3,2,".BBFSFB.B","","stept001","","W","T",0,1,0,2,0,"F"
1,1,0,1,"FX","farmk001","stept001","","43/G34D.2-3;1-2","T",1,0,2,3,0,"F"
1,2,2,1,"BC*BX","","farmk001","stept001","HR/F78XD.3-H;2-H","T",0,4,0,4,4,"F"
1,2,1,1,"CBX","","","","63/G4M","T",1,0,0,0,0,"F"
0,0,3,2,"..BCBSBB","","","","W","T",0,1,0,0,0,"F"
0,0,1,2,"SCBX","carpm002","","","S4/G4.1-2","T",0,1,2,0,0,"F"
0,0,0,1,"CX","edmat001","carpm002","","8/F89XD.2-3","T",1,0,1,3,0,"F"
0,1,2,0,"BBX","edmat001","","carpm002","9/F3D","T",1,0,1,0,3,"F"
0,2,0,2,"CFB","edmat001","","carpm002","WP.1-2","F",0,0,2,0,3,"F"
0,2,3,2,"CFB.*BBC","","edmat001","carpm002","K","T",1,0,0,2,3,"F"
1,0,3,2,".BSBSBFB","","","","W","T",0,1,0,0,0,"F"
1,0,2,1,"BCBX","suare001","","","5/P56","T",1,0,1,0,0,"F"
1,1,3,2,"CBFB*B*B","suare001","","","W.1-2","T",0,1,2,0,0,"F"
1,1,1,1,"*SBX","senzn001","suare001","","S9/G4+.2-H;1-3","T",0,1,3,4,0,"F"
1,1,2,1,"*BCBB","indij001","","senzn001","WP.3-H(NR);1-2","F",0,0,2,0,4,"F"
1,1,3,2,"*BCBB.SX","","indij001","","S6/G6M.2-H","T",0,1,0,4,0,"F"
1,1,0,0,".X","stept001","","","FC/SH/G56.1-2;B-1","T",0,1,2,0,0,"F"
1,1,0,2,"CSFX","antot001","stept001","","HR/F9D.2-H;1-H","T",0,4,4,4,0,"F"
1,1,2,2,"FBSBX","","","","8/L8D+","T",1,0,0,0,0,"F"
1,2,2,2,"FFBFBX","","","","E6/G34D.B-1","T",0,1,0,0,0,"F"
1,2,1,0,"BX","vottj001","","","3/P3SF/FL","T",1,0,1,0,0,"F"
0,0,1,2,"..CFBS","","","","K","T",1,0,0,0,0,"F"
0,1,2,0,".BBX","","","","13/G1-","T",1,0,0,0,0,"F"
0,2,2,2,"SFBBFH","","","","HP","T",0,1,0,0,0,"F"
0,2,3,2,"F*B*BCB>*S","carld002","","","K","T",1,0,1,0,0,"F"
1,0,3,2,"..FBBBSFB","","","","W","T",0,1,0,0,0,"F"
1,0,0,1,"CX","mousm001","","","8/F89","T",1,0,1,0,0,"F"
1,1,0,0,"X","mousm001","","","7/F7D","T",1,0,1,0,0,"F"
1,2,1,0,"BX","mousm001","","","S9/G34.1-2","T",0,1,2,0,0,"F"
1,2,1,0,"BX","stept001","mousm001","","D8/L78XD+.2-H;1-H","T",0,2,4,4,0,"F"
1,2,3,2,"SBFBBS","","blana002","","K","T",1,0,0,2,0,"F"
0,0,0,0,"..X","","","","S8/L8D+","T",0,1,0,0,0,"F"
0,0,3,2,"BBCC*BFB","nogoj001","","","W.1-2","T",0,1,2,0,0,"F"
0,0,1,2,"CBSFFX","edmat001","nogoj001","","8/F89D","T",1,0,1,2,0,"F"
0,1,2,1,"..CBBX","edmat001","nogoj001","","4(1)3/GDP/G4MD+","T",2,0,0,2,0,"F"
1,0,1,1,"...BCX","","","","8/F8","T",1,0,0,0,0,"F"
1,1,1,2,"BSCX","","","","23/G2-","T",1,0,0,0,0,"F"
1,2,2,2,"BBCSX","","","","53/G5","T",1,0,0,0,0,"F"
0,0,0,0,"X","","","","3/P34","T",1,0,0,0,0,"F"
0,1,0,0,"X","","","","53/G5","T",1,0,0,0,0,"F"
0,2,2,2,"CCFBFBX","","","","9/L9","T",1,0,0,0,0,"F"
0,0,0,2,"CFS","","","","K","T",1,0,0,0,0,"T"
0,1,2,2,"SFBBFX","","","","HR/F78XD","T",0,4,0,0,0,"F"
0,1,0,1,"FX","","","","4/L4D","T",1,0,0,0,0,"F"
0,2,0,0,"X","","","","HR/F9D","T",0,4,0,0,0,"F"
0,2,0,1,"CX","","","","63/G6","T",1,0,0,0,0,"F"
1,0,1,2,"CFBX","","","","3/G3D+","T",1,0,0,0,0,"F"
1,1,2,1,"BBFX","","","","S8/L89D","T",0,1,0,0,0,"F"
1,1,1,2,"BSF1C","castn001","","","K","T",1,0,1,0,0,"F"
1,2,2,2,"C1BBCS","castn001","","","K","T",1,0,1,0,0,"F"
0,0,3,2,"BCBSBS","","","","K","T",1,0,0,0,0,"F"
0,1,1,2,"CFBS","","","","K","T",1,0,0,0,0,"F"
0,2,2,1,"BBCX","","","","7/F7","T",1,0,0,0,0,"F"
1,0,0,2,"CSS","","","","K","T",1,0,0,0,0,"F"
1,1,3,2,"BBCCB*B","","","","W","T",0,1,0,0,0,"F"
1,1,0,1,"1CX","senzn001","","","FC5/G56.1-2;B-1","T",0,1,2,0,0,"F"
1,1,0,2,"CF*S","indij001","senzn001","","K","T",1,0,1,2,0,"F"
1,2,1,2,"CBFX","indij001","senzn001","","S49/G34.2-H;1-3","T",0,1,3,4,0,"F"
1,2,2,2,"CBTBX","delej003","","indij001","8/F78XD","T",1,0,1,0,3,"F"
0,0,1,1,"BCX","","","","S9/G34","T",0,1,0,0,0,"F"
0,0,3,2,"B*BFBTX","brubj001","","","FC3/G3.1X2(3E6);B-1","T",0,1,2,0,0,"F"
0,0,1,2,"BCFC","fraza001","brubj001","","K","T",1,0,1,2,0,"F"
0,1,1,2,"CBFS","fraza001","brubj001","","K","T",1,0,1,2,0,"F"
0,2,2,2,"CBBFC","fraza001","brubj001","","K","T",1,0,1,2,0,"F"
1,0,3,2,"BFFFBBB","","","","W","T",0,1,0,0,0,"F"
1,0,0,1,"FX","castn001","","","56(1)/FO/G6M.B-1","T",1,1,0,0,0,"F"
1,1,2,2,"CBCBX","vottj001","","","8/F8S","T",1,0,1,0,0,"F"
1,2,3,2,"BBSFFBN","vottj001","","","BK.1-2","F",0,0,2,0,0,"F"
1,2,3,2,"BBSFFBN.FB","","vottj001","","W","T",0,1,0,2,0,"F"
1,2,1,0,"BX","mousm001","vottj001","","64(1)/FO/G6.B-1","T",1,1,0,2,0,"F"
0,0,0,1,"CX","","","","8/L8D","T",1,0,0,0,0,"F"
0,1,0,0,"X","","","","4/P34D","T",1,0,0,0,0,"F"
0,2,0,1,"FX","","","","13/G1S-","T",1,0,0,0,0,"F"
1,0,1,2,"TCBS","","","","K","T",1,0,0,0,0,"F"
1,1,1,0,"BX","","","","S8/L78D","T",0,1,0,0,0,"F"
1,1,1,2,"BLCM","barnt001","","","K","T",1,0,1,0,0,"F"
1,2,3,2,"BCCBB>B","barnt001","","","W.1-2","T",0,1,2,0,0,"F"
1,2,1,0,"BX","naqut001","barnt001","","63/G6","T",1,0,1,2,0,"F"
0,0,1,2,"CCFBS","","","","K","T",1,0,0,0,0,"F"
0,1,1,2,".BCFS","","","","K","T",1,0,0,0,0,"F"
0,2,3,2,"FBBBFB","","","","W","T",0,1,0,0,0,"F"
0,2,1,2,"1SBCS","fraza001","","","K","T",1,0,1,0,0,"F"
1,0,2,2,".SFBBX","","","","63/G4MD+","T",1,0,0,0,0,"F"
1,1,1,2,"CSBX","","","","8/F8D","T",1,0,0,0,0,"F"
1,2,0,1,"SX","","","","HR/F9LD","T",0,4,0,0,0,"F"
1,2,2,2,"BCTBS","","","","K","T",1,0,0,0,0,"F"
0,0,3,2,"BBCSBFB","","","","W","T",0,1,0,0,0,"F"
0,0,1,2,".*SBSS","reynb001","","","K","T",1,0,1,0,0,"F"
0,1,2,2,"BFBCS","reynb001","","","K","T",1,0,1,0,0,"F"
0,2,2,1,"B1BC>S","reynb001","","","CS2(26)","F",1,0,0,0,0,"F"
1,0,1,2,"FBCC","","","","K","T",1,0,0,0,0,"F"
1,1,3,2,"BBBCCF*S","","","","K","T",1,0,0,0,0,"F"
1,2,2,2,".CBSFBC","","","","K","T",1,0,0,0,0,"F"
0,0,1,2,".CFFFBFFS","","","","K","T",1,0,0,0,0,"F"
0,1,0,0,"X","","","","7/L78D+","T",1,0,0,0,0,"F"
0,2,1,2,"CBSS","","","","K","T",1,0,0,0,0,"F"
1,0,0,2,"..CSS","","","","K","T",1,0,0,0,0,"F"
1,1,3,2,"BBFBSX","","","","HR/F78XD","T",0,4,0,0,0,"F"
1,1,1,1,"CBX","","","","7/F78XD","T",1,0,0,0,0,"F"
1,2,3,2,"CBBSBS","","","","K","T",1,0,0,0,0,"F"
0,0,3,2,"...BSBFBS","","","","K","T",1,0,0,0,0,"F"
0,1,0,0,"X","","","","3/P34S","T",1,0,0,0,0,"F"
0,2,3,2,"CCBBBFFX","","","","53/G56","T",1,0,0,0,0,"F"
1,0,0,1,"..FX","","","","D9/L9LD","T",0,2,0,0,0,"F"
1,0,0,0,"B","","mousm001","","WP.2-3","F",0,0,0,3,0,"F"
1,0,3,2,"B.SF*B*BB","","","mousm001","W","T",0,1,0,0,3,"F"
1,0,0,0,"11X","senzn001","","mousm001","S7/G6.3-H;1-2","T",0,1,2,0,4,"F"
1,0,2,2,"S*SF*BBC","indij001","senzn001","","K","T",1,0,1,2,0,"F"
1,1,2,1,".BT*BX","indij001","senzn001","","3/P1","T",1,0,1,2,0,"F"
1,2,2,2,"FSBBX","indij001","senzn001","","D7/L7L.2-H;1-3","T",0,2,3,4,0,"F"
1,2,1,0,"BX","","aquia001","indij001","9/F9","T",1,0,0,2,3,"F"
0,0,2,0,".BBX","","","","HR/F8XD","T",0,4,0,0,0,"F"
0,0,0,0,"X","","","","S7/L78S","T",0,1,0,0,0,"F"
0,0,1,2,"CFFF*BS","morac001","","","K","T",1,0,1,0,0,"F"
0,1,1,2,"CCBX","morac001","","","46(1)/FO/G34.B-1","T",1,1,0,0,0,"F"
0,2,0,0,">*B","polag001","","","DI.1-2","F",0,0,2,0,0,"F"
0,2,3,2,">*B.S*BCFB*B","","polag001","","W","T",0,1,0,2,0,"F"
0,2,2,1,".BC*BX","stalj001","polag001","","63/G6","T",1,0,1,2,0,"F"
0,0,1,2,"BCFS","","","","K","T",1,0,0,0,0,"T"
0,1,2,2,"BFBFFX","","","","23/G2-","T",1,0,0,0,0,"F"
0,2,2,2,"FBFBX","","","","6/L56","T",1,0,0,0,0,"F"
1,0,2,1,"FBBX","","","","HR/F9LD","T",0,4,0,0,0,"F"
1,0,1,2,"CFFBS","","","","K","T",1,0,0,0,0,"F"
1,1,1,0,"BX","","","","9/L9","T",1,0,0,0,0,"F"
1,2,1,2,"CBCFS","","","","K","T",1,0,0,0,0,"F"
0,0,0,2,"CCS","","","","K","T",1,0,0,0,0,"F"
0,1,0,0,"X","","","","13/G1","T",1,0,0,0,0,"F"
0,2,3,1,"BBCBB","","","","W","T",0,1,0,0,0,"F"
0,2,2,1,"1BBFX","stalj001","","","64(1)/FO/G6.B-1","T",1,1,0,0,0,"F"
1,0,1,2,"CBCX","","","","S9/F9S","T",0,1,0,0,0,"F"
1,0,3,2,"BCBF*B>X","mousm001","","","S8/F8S.1-3","T",0,1,3,0,0,"F"
1,0,0,0,"X","senzn001","","mousm001","S7/G56.3-H;1-2","T",0,1,2,0,4,"F"
1,0,2,1,"BBC>X","indij001","senzn001","","43/G34.2-3;1-2","T",1,0,2,3,0,"F"
1,1,1,2,"BLF*S","","indij001","senzn001","K.BX1(23)","T",1,0,0,2,3,"F"
1,2,2,2,"BFFBX","","indij001","senzn001","HR/F78XD.3-H;2-H","T",0,4,0,4,4,"F"
1,2,0,1,"FX","","","","9/F89D","T",1,0,0,0,0,"F"
0,0,1,1,"BCX","","","","53/G56","T",1,0,0,0,0,"F"
0,1,1,2,"CSBFX","","","","3/P3SF/FL","T",1,0,0,0,0,"F"
0,2,3,1,"BBBCX","","","","4/P4M","T",1,0,0,0,0,"F"
1,0,2,1,"SBBX","","","","S9/L9LD","T",0,1,0,0,0,"F"
1,0,1,2,"BFFS","vottj001","","","K","T",1,0,1,0,0,"F"
1,1,0,2,"CFX","vottj001","","","46(1)3/GDP/G34+","T",2,0,0,0,0,"F"
0,0,0,0,"X","","","","53/G56","T",1,0,0,0,0,"F"
0,1,2,2,"CFBBX","","","","D7/L7LD+","T",0,2,0,0,0,"F"
0,1,3,2,"BSS*BBT","","reynb001","","K","T",1,0,0,2,0,"F"
0,2,1,0,"BX","","reynb001","","63/G6","T",1,0,0,2,0,"F"
1,0,0,1,"SX","","","","S8/L8D+","T",0,1,0,0,0,"F"
1,0,0,1,"1S1","senzn001","","","PO1(E1/TH).1-3","F",0,0,3,0,0,"F"
1,0,1,2,"1S1.*BFX","","","senzn001","7/SF/F7D.3-H","T",1,0,0,0,4,"F"
1,1,3,2,"BBFSBX","","","","S8/L8D","T",0,1,0,0,0,"F"
1,1,0,0,"B","barnt001","","","WP.1-2","F",0,0,2,0,0,"F"
1,1,1,0,"B.X","","barnt001","","S16/G6.2-3","T",0,1,0,3,0,"F"
1,1,1,0,"*BX","milew001","","barnt001","46(1)/FO/G4D+.3-H;B-1","T",1,1,0,0,4,"F"
1,2,1,2,"SF1BX","naqut001","","","64(1)/FO/G6.B-1","T",1,1,0,0,0,"F"
0,0,0,0,"X","","","","8/F8","T",1,0,0,0,0,"F"
0,1,1,2,"CSBX","","","","63/G6","T",1,0,0,0,0,"F"
0,2,3,2,"BSBSBC","","","","K","T",1,0,0,0,0,"F"
1,0,3,2,".BCBFBX","","","","41/G34","T",1,0,0,0,0,"F"
1,1,3,1,"BSBBB","","","","W","T",0,1,0,0,0,"F"
1,1,0,2,"CFX","suare001","","","S8/L8D.1-2","T",0,1,2,0,0,"F"
1,1,3,2,"CCBBBFB","mousm001","suare001","","W.2-3;1-2","T",0,1,2,3,0,"F"
1,1,1,1,"BSX","senzn001","mousm001","suare001","S9/G4.3-H;2-3;1-2","T",0,1,2,3,4,"F"
1,1,3,2,"CBCB*BX","indij001","senzn001","mousm001","D7/F7LS.3-H;2-H;1-3","T",0,2,3,4,4,"F"
1,1,0,2,"..FFT","","barnt001","indij001","K","T",1,0,0,2,3,"F"
1,2,2,2,"SCBBX","","barnt001","indij001","S8/G6.3-H;2-H","T",0,1,0,4,4,"F"
1,2,2,2,"SC*BBX","naqut001","","","D7/F7LD.1-3","T",0,2,3,0,0,"F"
1,2,0,2,"SSFX","","castn001","naqut001","31/G3","T",1,0,0,2,3,"F"
0,0,2,2,"...CFBBC","","","","K","T",1,0,0,0,0,"F"
0,1,1,1,"FBX","","","","43/G4D","T",1,0,0,0,0,"F"
0,2,0,0,"X","","","","D8/L78XD","T",0,2,0,0,0,"F"
0,2,0,2,"SFS","","newmk001","","K","T",1,0,0,2,0,"F"
1,0,2,2,"CCBBC","","","","K","T",1,0,0,0,0,"F"
1,1,0,0,"X","","","","9/F89XD","T",1,0,0,0,0,"F"
1,2,0,0,"X","","","","S8/G6M+","T",0,1,0,0,0,"F"
1,2,1,0,"*BX","senzn001","","","T8/F78XD.1-H","T",0,3,4,0,0,"F"
1,2,0,0,"X","","","indij001","S8/L89D.3-H","T",0,1,0,0,4,"F"
1,2,0,2,"SSS","barnt001","","","K","T",1,0,1,0,0,"F"
0,0,0,0,".X","","","","53/G6+","T",1,0,0,0,0,"F"
0,1,1,1,"CBX","","","","HR/L7D","T",0,4,0,0,0,"F"
0,1,2,1,"BBFX","","","","8/L8","T",1,0,0,0,0,"F"
0,2,1,2,"FBFX","","","","63/G6","T",1,0,0,0,0,"F"
1,0,3,2,"FSBBBB","","","","W","T",0,1,0,0,0,"F"
1,0,1,0,"BX","naqut001","","","8/F8XD+","T",1,0,1,0,0,"F"
1,1,0,1,"CX","naqut001","","","8/F78XD+","T",1,0,1,0,0,"F"
1,2,0,2,".SCC","naqut001","","","K","T",1,0,1,0,0,"F"
0,0,2,2,".CBBCX","","","","S4/G4M","T",0,1,0,0,0,"F"
0,0,1,1,"FBX","fowld002","","","8/F8XD","T",1,0,1,0,0,"F"
0,1,0,1,"FX","fowld002","","","7/F78S","T",1,0,1,0,0,"F"
0,2,0,1,"CX","fowld002","","","53/G56","T",1,0,1,0,0,"F"
1,0,1,1,"..BFX","","","","8/F8D","T",1,0,0,0,0,"F"
1,1,0,0,"X","","","","8/F89D","T",1,0,0,0,0,"F"
1,2,0,0,"X","","","","9/L9D","T",1,0,0,0,0,"F"
0,0,0,0,".X","","","","63/G6M","T",1,0,0,0,0,"F"
0,1,1,1,"BSX","","","","S9/L9","T",0,1,0,0,0,"F"
0,1,1,2,"CSBX","morac001","","","3/P3","T",1,0,1,0,0,"F"
0,2,1,1,"CBX","morac001","","","64(1)/FO/G6.B-1","T",1,1,0,0,0,"F"
0,0,0,1,"CX","","","","13/G4MS","T",1,0,0,0,0,"T"
0,1,0,2,"CFS","","","","K","T",1,0,0,0,0,"F"
0,2,2,2,"BCFFBFFX","","","","53/G6","T",1,0,0,0,0,"F"
1,0,0,0,"X","","","","HR/F7D","T",0,4,0,0,0,"F"
1,0,1,1,"BSX","","","","E5/TH/G5.B-2","T",0,2,0,0,0,"F"
1,0,3,0,"*BBBB","","castn001","","W","T",0,1,0,2,0,"F"
1,0,3,1,"BBBCB","vottj001","castn001","","W.2-3;1-2","T",0,1,2,3,0,"F"
1,0,3,1,"SBBBB","mousm001","vottj001","castn001","W.3-H(UR);2-3;1-2","T",0,1,2,3,5,"F"
1,0,0,1,"CX","senzn001","mousm001","vottj001","8/SF/F89.3-H","T",1,0,1,2,4,"F"
1,1,2,1,"BBCX","senzn001","mousm001","","D7/L7LD+.2-H;1-H;BX3(763)","T",1,0,4,4,0,"F"
1,2,1,0,"BX","","","","63/G6","T",1,0,0,0,0,"F"
0,0,1,1,"CBX","","","","63/G6","T",1,0,0,0,0,"F"
0,1,1,0,"BX","","","","8/F8","T",1,0,0,0,0,"F"
0,2,2,2,"BCFFBS","","","","K","T",1,0,0,0,0,"F"
1,0,1,2,"CFBS","","","","K","T",1,0,0,0,0,"F"
1,1,2,2,"BSBS*S","","","","K.BX1(23)","T",1,0,0,0,0,"F"
1,2,1,2,"CBS*S","","","","K","T",1,0,0,0,0,"F"
0,0,1,2,"BCFX","","","","S3/G3","T",0,1,0,0,0,"F"
0,0,0,0,"X","fowld002","","","8/F89","T",1,0,1,0,0,"F"
0,1,0,0,"1X","fowld002","","","36(1)/FO/BP34S.B-1","T",1,1,0,0,0,"F"
0,2,1,1,"BFX","kuhlc001","","","4(1)/FO/G4M.B-1","T",1,1,0,0,0,"F"
1,0,2,2,"BSFB*S","","","","K","T",1,0,0,0,0,"F"
1,1,3,0,"BBBB","","","","W","T",0,1,0,0,0,"F"
1,1,2,2,"BBFCS","mousm001","","","K","T",1,0,1,0,0,"F"
1,2,1,1,"TBH","mousm001","","","HP.1-2","T",0,1,2,0,0,"F"
1,2,0,0,"X","indij001","mousm001","","9/L9","T",1,0,1,2,0,"F"
0,0,0,0,"X","","","","D9/L9LD","T",0,2,0,0,0,"F"
0,0,0,2,"SSS","","difow001","","K","T",1,0,0,2,0,"F"
0,1,1,2,"BFFX","","difow001","","D9/L9L.2XH(942);B-3","T",1,3,0,0,0,"F"
0,2,1,2,"FSBX","","","evanp001","8/F8XD","T",1,0,0,0,3,"F"
1,0,3,1,"BBBCX","","","","9/F3DF/FL","T",1,0,0,0,0,"F"
1,1,3,2,"BCCBB*B","","","","W","T",0,1,0,0,0,"F"
1,1,2,1,"BBSX","castl003","","","4/L34/DP.1X1(43)","T",2,0,0,0,0,"F"
0,0,3,2,"BCFBFBB","","","","W","T",0,1,0,0,0,"F"
0,0,2,2,"BFCFBS","polag001","","","K","T",1,0,1,0,0,"F"
0,1,0,1,"CX","polag001","","","7/F78","T",1,0,1,0,0,"F"
0,2,0,1,".SX","polag001","","","9/F89S","T",1,0,1,0,0,"F"
1,0,0,0,".X","","","","HR/F9D","T",0,4,0,0,0,"F"
1,0,0,1,"CX","","","","S9/L89","T",0,1,0,0,0,"F"
1,0,0,0,"X","vottj001","","","5/P56","T",1,0,1,0,0,"F"
1,1,1,1,"BCX","vottj001","","","D9/L89XD.1-3","T",0,2,3,0,0,"F"
1,1,1,1,"FBX","","senzn001","vottj001","S7/L78D+.3-H;2-H;BX2(74)","T",1,0,0,4,4,"F"
1,2,1,2,"CFFBFFX","","","","53/G56","T",1,0,0,0,0,"F"
0,0,1,1,"BCX","","","","63/G6D+","T",1,0,0,0,0,"F"
0,1,0,1,"CX","","","","S9/L9","T",0,1,0,0,0,"F"
0,1,0,2,"SSX","difow001","","","3/G34-.1-2","T",1,0,2,0,0,"F"
0,2,0,0,"X","","difow001","","63/G6","T",1,0,0,2,0,"F"
1,0,0,1,"CX","","","","43/G4M+","T",1,0,0,0,0,"F"
1,1,0,0,"X","","","","9/F9","T",1,0,0,0,0,"F"
1,2,1,2,"CFB*S","","","","K.BX1(23)","T",1,0,0,0,0,"F"
0,0,0,0,"X","","","","43/G4D+","T",1,0,0,0,0,"F"
0,1,0,2,"CSX","","","","6/L4MD","T",1,0,0,0,0,"F"
0,2,3,2,"SBFBBC","","","","K","T",1,0,0,0,0,"F"
1,0,1,2,"..CFBFFX","","","","8/L8XD","T",1,0,0,0,0,"F"
1,1,3,2,"CFBBBX","","","","4/L34D","T",1,0,0,0,0,"F"
1,2,0,0,"X","","","","S8/G6M","T",0,1,0,0,0,"F"
1,2,1,2,"CBCX","mousm001","","","D7/L7D+.1-H(E7)(NR)(UR)","T",0,2,5,0,0,"F"
1,2,0,2,"S*S*S","","senzn001","","K","T",1,0,0,2,0,"F"
0,0,2,2,"..CBFBS","","","","K","T",1,0,0,0,0,"F"
0,1,3,2,"BBSFBS","","","","K","T",1,0,0,0,0,"F"
0,2,1,2,"CSBX","","","","43/G4","T",1,0,0,0,0,"F"
1,0,2,0,".BBX","","","","4/P4D","T",1,0,0,0,0,"F"
1,1,1,1,"CBX","","","","HR/F9D","T",0,4,0,0,0,"F"
1,1,0,0,"X","","","","HR/F7D","T",0,4,0,0,0,"F"
1,1,0,2,"CSS","","","","K","T",1,0,0,0,0,"F"
1,2,3,2,".FBBSBFC","","","","K","T",1,0,0,0,0,"F"
0,0,0,0,"..X","","","","D7/G5+","T",0,2,0,0,0,"F"
0,0,3,2,"CF*B*BB*B","","difow001","","W","T",0,1,0,2,0,"F"
0,0,0,0,"X","morac001","difow001","","S7/L78D+.2-3;1-2","T",0,1,2,3,0,"F"
0,0,1,0,"*BX","evanp001","morac001","difow001","HR/F9D.3-H;2-H;1-H","T",0,4,4,4,4,"F"
0,0,0,2,"CCX","","","","43/G4D","T",1,0,0,0,0,"F"
0,1,1,2,".BSSS","","","","K","T",1,0,0,0,0,"F"
0,2,0,2,"CCS","","","","K","T",1,0,0,0,0,"F"
0,0,1,2,"BCSS","","","","K","T",1,0,0,0,0,"T"
0,1,1,1,"FBX","","","","7/L7","T",1,0,0,0,0,"F"
0,2,2,1,"CBBX","","","","8/F8XD+","T",1,0,0,0,0,"F"
1,0,1,2,"FCBX","","","","6/P8S","T",1,0,0,0,0,"F"
1,1,2,2,"SBFBX","","","","5/L5+","T",1,0,0,0,0,"F"
1,2,3,1,"BBCBX","","","","53/G56","T",1,0,0,0,0,"F"
0,0,1,2,"BCSX","","","","9/L9","T",1,0,0,0,0,"F"
0,1,2,2,"STBBX","","","","HR/L78XD","T",0,4,0,0,0,"F"
0,1,1,2,"CBFX","","","","D9/G3+","T",0,2,0,0,0,"F"
0,1,3,2,"CB*BSBT","","naylj001","","K","T",1,0,0,2,0,"F"
0,2,3,0,"VVVV","","naylj001","","IW","T",0,1,0,2,0,"F"
0,2,1,2,"SSF*BFFS","bauej001","naylj001","","K","T",1,0,1,2,0,"F"
1,0,2,2,"FBBCF*S","","","","K","T",1,0,0,0,0,"F"
1,1,1,0,"BX","","","","53/G5-","T",1,0,0,0,0,"F"
1,2,1,2,"FBC*S","","","","K","T",1,0,0,0,0,"F"
0,0,0,1,"SX","","","","S8/G6","T",0,1,0,0,0,"F"
0,0,0,0,"1X","gimea001","","","9/L9","T",1,0,1,0,0,"F"
0,1,0,0,">*B","gimea001","","","SB2","F",0,0,2,0,0,"F"
0,1,3,0,">*B.*BBB","","gimea001","","W","T",0,1,0,2,0,"F"
0,1,0,2,"CSX","ramij003","gimea001","","7/F78XD","T",1,0,1,2,0,"F"
0,2,1,1,"*BFB","ramij003","gimea001","","WP.2-3;1-2","F",0,0,2,3,0,"F"
0,2,3,1,"*BFB.BB","","ramij003","gimea001","W","T",0,1,0,2,3,"F"
0,2,1,0,"*BX","rosaa003","ramij003","gimea001","8/F8D","T",1,0,1,2,3,"F"
1,0,3,2,"BCBFBFX","","","","E5/G5.B-1","T",0,1,0,0,0,"F"
1,0,2,2,"C*B*BFFH","farmk001","","","HP.1-2","T",0,1,2,0,0,"F"
1,0,0,0,"B","stept001","farmk001","","WP.2-3;1-2","F",0,0,2,3,0,"F"
1,0,2,2,"B.BCSFX","","stept001","farmk001","S8/F8S.3-H(UR);2-3","T",0,1,0,3,5,"F"
1,0,3,2,"C*BB*BCX","hoffj003","","stept001","S8/G6M.3-H;1-3","T",0,1,3,0,4,"F"
1,0,1,2,"BFF>X","winkj002","","hoffj003","S7/L7+.3-H;1-3","T",0,1,3,0,4,"F"
1,0,0,1,".FX","castn001","","winkj002","D7/L7L.3-H;1XH(7E2)(NR)(UR);B-3","T",0,3,5,0,4,"F"
1,0,2,1,"BBSX","","","suare001","HR/F78XD.3-H","T",0,4,0,0,4,"F"
1,0,3,2,"CFBBBFFS","","","","K","T",1,0,0,0,0,"F"
1,1,0,0,"X","","","","9/F9L","T",1,0,0,0,0,"F"
1,2,0,1,"CH","","","","HP","T",0,1,0,0,0,"F"
1,2,0,1,"F>C","farmk001","","","CS2(24)","F",1,0,0,0,0,"F"
0,0,2,2,"CBBCF*S","","","","K","T",1,0,0,0,0,"F"
0,1,2,2,"CTBBX","","","","S9/F9","T",0,1,0,0,0,"F"
0,1,2,0,".*BBX","bauej001","","","DGR/L9D+.1-3","T",0,2,3,0,0,"F"
0,1,3,1,"T*BBBX","","gameb001","bauej001","7/F56D","T",1,0,0,2,3,"F"
0,2,0,1,"SX","","gameb001","bauej001","63/G6","T",1,0,0,2,3,"F"
1,0,3,2,".BBFFFBB","","","","W","T",0,1,0,0,0,"F"
1,0,0,0,"X","stept001","","","13/SH/BG1S-.1-2","T",1,0,2,0,0,"F"
1,1,1,2,"SSBC","","stept001","","K","T",1,0,0,2,0,"F"
1,2,0,1,"CX","","stept001","","43/G4D","T",1,0,0,2,0,"F"
0,0,0,2,"CFX","","","","S9/L9","T",0,1,0,0,0,"F"
0,0,0,0,"X","ramij003","","","36(1)/FO/G3.B-1","T",1,1,0,0,0,"F"
0,1,0,2,"CSX","rosae001","","","64(1)3/GDP/G6","T",2,0,0,0,0,"F"
1,0,3,2,"BSBSBB","","","","W","T",0,1,0,0,0,"F"
1,0,2,2,"BCSBX","suare001","","","7/L78","T",1,0,1,0,0,"F"
1,1,0,1,"SX","suare001","","","8/F8XD","T",1,0,1,0,0,"F"
1,2,0,0,"X","suare001","","","S8/L8.1-2","T",0,1,2,0,0,"F"
1,2,3,0,"B*BBB","indij001","suare001","","W.2-3;1-2","T",0,1,2,3,0,"F"
1,2,3,2,"FBBSB>X","farmk001","indij001","suare001","S8/L8D+.3-H;2-H;1-3","T",0,1,3,4,4,"F"
1,2,0,0,"X","stept001","","farmk001","13/G1-","T",1,0,1,0,3,"F"
0,0,0,1,"CX","","","","S8/G6M+","T",0,1,0,0,0,"F"
0,0,0,0,"X","naylj001","","","14(1)3/GDP/G4MS","T",2,0,0,0,0,"F"
0,2,3,2,"BCBFBX","","","","9/F9L","T",1,0,0,0,0,"F"
1,0,1,2,"..CTFBC","","","","K","T",1,0,0,0,0,"F"
1,1,2,0,"BBX","","","","HR/L89XD","T",0,4,0,0,0,"F"
1,1,2,2,"CCBFBS","","","","K","T",1,0,0,0,0,"F"
1,2,0,0,"X","","","","D7/F78XD+","T",0,2,0,0,0,"F"
1,2,1,2,"FS*BC","","vottj001","","K","T",1,0,0,2,0,"F"
0,0,3,2,"..CBBBFS","","","","K","T",1,0,0,0,0,"F"
0,1,0,1,"FX","","","","13/G6MS+","T",1,0,0,0,0,"F"
0,2,3,0,"BBBB","","","","W","T",0,1,0,0,0,"F"
0,2,0,1,"SX","hernc005","","","53/G56","T",1,0,1,0,0,"F"
1,0,3,2,"CBBBFX","","","","8/F89D","T",1,0,0,0,0,"F"
1,1,2,2,"CBSBX","","","","S8/L8","T",0,1,0,0,0,"F"
1,1,2,2,"CFBBC","farmk001","","","K","T",1,0,1,0,0,"F"
1,2,1,2,".SFBFX","farmk001","","","S7/G5.1-2","T",0,1,2,0,0,"F"
1,2,2,1,"BBSX","schrm001","farmk001","","8/F8","T",1,0,1,2,0,"F"
0,0,0,1,".....CX","","","","8/L8D","T",1,0,0,0,0,"F"
0,1,2,1,"BFBX","","","","5/L5D","T",1,0,0,0,0,"F"
0,2,0,0,"X","","","","S7/G56","T",0,1,0,0,0,"F"
0,2,2,1,"BFBX","naylj001","","","64(1)/FO/G6+.B-1","T",1,1,0,0,0,"F"
1,0,0,1,"..CX","","","","23/G2-","T",1,0,0,0,0,"F"
1,1,2,2,"BBCCC","","","","K","T",1,0,0,0,0,"F"
1,2,0,2,"CSS","","","","K","T",1,0,0,0,0,"F"
0,0,0,0,".X","","","","HR/F7D","T",0,4,0,0,0,"F"
0,0,1,2,"CBFX","","","","13/G1","T",1,0,0,0,0,"F"
0,1,3,2,"BSFBBB","","","","W","T",0,1,0,0,0,"F"
0,1,0,1,"CX","gimea001","","","S8/G4M.1-3","T",0,1,3,0,0,"F"
0,1,2,0,"BBX","hernc005","","gimea001","7/SF/F7D.3-H","T",1,0,1,0,4,"F"
0,2,0,2,".SS*S","hernc005","","","K","T",1,0,1,0,0,"F"
0,0,0,0,"X","","","","8/F89D","T",1,0,0,0,0,"T"
0,1,0,2,"CSFS","","","","K","T",1,0,0,0,0,"F"
0,2,2,2,"BCCFBC","","","","K","T",1,0,0,0,0,"F"
1,0,3,1,"CBBBX","","","","6/P4M","T",1,0,0,0,0,"F"
1,1,3,0,"BBBB","","","","W","T",0,1,0,0,0,"F"
1,1,1,1,"CBX","castn001","","","S9/L89S+.1-2","T",0,1,2,0,0,"F"
1,1,1,2,"CBFS","vottj001","castn001","","K","T",1,0,1,2,0,"F"
1,2,1,2,"CCBN","vottj001","castn001","","BK.2-3;1-2","F",0,0,2,3,0,"F"
1,2,1,2,"CCBN.S","","vottj001","castn001","K","T",1,0,0,2,3,"F"
0,0,0,1,"FX","","","","5/P5DF/FL","T",1,0,0,0,0,"F"
0,1,2,2,"FBSB*S","","","","K","T",1,0,0,0,0,"F"
0,2,3,0,"BBBB","","","","W","T",0,1,0,0,0,"F"
0,2,2,1,"BBCX","naylj001","","","D9/F9LS.1-3","T",0,2,3,0,0,"F"
0,2,3,0,"VVVV","","gimea001","naylj001","IW","T",0,1,0,2,3,"F"
0,2,0,1,"CX","hedga001","gimea001","naylj001","43/G4D+","T",1,0,1,2,3,"F"
1,0,3,1,"BCBBX","","","","8/F8XD+","T",1,0,0,0,0,"F"
1,1,0,0,"X","","","","HR/F8XD","T",0,4,0,0,0,"F"
1,1,1,2,"SCB*S","","","","K","T",1,0,0,0,0,"F"
1,2,2,2,"SBCBS","","","","K","T",1,0,0,0,0,"F"
0,0,2,1,"BBCX","","","","S7/L78D+","T",0,1,0,0,0,"F"
0,0,1,1,"*B1SX","rosaa003","","","9/F89","T",1,0,1,0,0,"F"
0,1,3,1,"BB>FB>X","rosaa003","","","8/F8D","T",1,0,1,0,0,"F"
0,2,1,0,"*BX","rosaa003","","","T9/L9L+.1-H","T",0,3,4,0,0,"F"
0,2,3,2,"BB*S*BSC","","","rosae001","K","T",1,0,0,0,3,"F"
1,0,1,1,"BCX","","","","D8/L89XD+","T",0,2,0,0,0,"F"
1,0,2,2,"SBBFT","","winkj002","","K","T",1,0,0,2,0,"F"
1,1,3,0,"BBBB","","winkj002","","W","T",0,1,0,2,0,"F"
1,1,3,1,"BBBSX","vottj001","winkj002","","9/L89D","T",1,0,1,2,0,"F"
1,2,3,2,"BFBTB>F>*S","vottj001","winkj002","","K","T",1,0,1,2,0,"F"
0,0,0,2,"CFS","","","","K","T",1,0,0,0,0,"F"
0,1,0,2,"CCX","","","","HR/L9LD","T",0,4,0,0,0,"F"
0,1,1,2,"SFB*S","","","","K","T",1,0,0,0,0,"F"
0,2,2,1,"BBCX","","","","S9/L9L","T",0,1,0,0,0,"F"
0,2,2,0,"BBX","mcket001","","","9/F9LD","T",1,0,1,0,0,"F"
1,0,2,2,"CBSBS","","","","K","T",1,0,0,0,0,"F"
1,1,1,0,"BX","","","","S8/L8D","T",0,1,0,0,0,"F"
1,1,3,1,"BBF*BB","barnt001","","","W.1-2","T",0,1,2,0,0,"F"
1,1,0,1,"CX","farmk001","barnt001","","15(2)/FO/BG1S.1-2;B-1","T",1,1,2,0,0,"F"
1,2,1,1,"C*BX","grays001","farmk001","","8/F8D","T",1,0,1,2,0,"F"
0,0,1,2,"CBFFX","","","","43/G4","T",1,0,0,0,0,"F"
0,1,0,0,"X","","","","S9/L9","T",0,1,0,0,0,"F"
0,1,1,2,".CCFB>B","ramij003","","","SB2","F",0,0,2,0,0,"F"
0,1,2,2,".CCFB>B.X","","ramij003","","43/G4D+.2-3","T",1,0,0,3,0,"F"
0,2,1,2,"CF*BS","","","ramij003","K","T",1,0,0,0,3,"F"
1,0,1,2,"BSFFX","","","","7/F78","T",1,0,0,0,0,"F"
1,1,3,0,"BBBB","","","","W","T",0,1,0,0,0,"F"
1,1,0,0,"X","vottj001","","","5/L5+","T",1,0,1,0,0,"F"
1,2,0,0,"X","vottj001","","","S9/L9D+.1XH(952);B-2","T",1,2,0,0,0,"F"
0,0,0,1,"CX","","","","7/F7D","T",1,0,0,0,0,"F"
0,1,0,2,"CSFS","","","","K","T",1,0,0,0,0,"F"
0,2,2,2,"BBSSC","","","","K","T",1,0,0,0,0,"F"
1,0,3,2,".BFBBCS","","","","K","T",1,0,0,0,0,"F"
1,1,1,1,"FBX","","","","7/F78","T",1,0,0,0,0,"F"
1,2,3,1,"BCBBB","","","","W","T",0,1,0,0,0,"F"
1,2,0,1,".FX","farmk001","","","8/F8D","T",1,0,1,0,0,"F"
0,0,2,2,"...CSBBS","","","","K","T",1,0,0,0,0,"F"
0,1,1,2,"CBSS","","","","K","T",1,0,0,0,0,"F"
0,2,3,1,"SBBB*B","","","","W","T",0,1,0,0,0,"F"
0,2,0,0,"X","hernc005","","","5/P56S","T",1,0,1,0,0,"F"
1,0,2,1,".FBBX","","","","D9/L9LD+","T",0,2,0,0,0,"F"
1,0,2,2,"BFS*BB","","winkj002","","OA.2X3(25)","F",1,0,0,0,0,"F"
1,1,3,2,"BFS*BB.FS","","","","K","T",1,0,0,0,0,"F"
1,2,1,0,"BX","","","","41/G34D","T",1,0,0,0,0,"F"
0,0,0,0,".X","","","","S49/G34","T",0,1,0,0,0,"F"
0,0,1,1,"BC>S","rosae001","","","SB2","F",0,0,2,0,0,"F"
0,0,1,2,"BC>S.X","","rosae001","","S7/G6.2-3","T",0,1,0,3,0,"F"
0,0,0,1,"*SX","reyef001","","rosae001","3/L3+/TP.3X3(35);1X1(3)","T",3,0,0,0,0,"F"
1,0,1,2,"..SBST","","","","K","T",1,0,0,0,0,"F"
1,1,1,2,"SSBS","","","","K","T",1,0,0,0,0,"F"
1,2,0,2,"FS*S","","","","K","T",1,0,0,0,0,"F"
0,0,0,2,".CFH","","","","HP","T",0,1,0,0,0,"F"
0,0,0,2,"11M1LS","gimea001","","","K","T",1,0,1,0,0,"F"
0,1,2,2,"BCB1F>S","gimea001","","","K+SB2","T",1,0,2,0,0,"F"
0,2,1,1,"BCX","","gimea001","","53/G56","T",1,0,0,2,0,"F"
1,0,3,2,".BBBCFX","","","","3/G3","T",1,0,0,0,0,"F"
1,1,0,2,".SSX","","","","3/G3","T",1,0,0,0,0,"F"
1,2,1,1,"CBX","","","","E3/G3.B-2","T",0,2,0,0,0,"F"
1,2,0,2,".CCX","","senzn001","","S7/G6+.2-H(UR)","T",0,1,0,5,0,"F"
1,2,0,0,"X","winkj002","","","S8/L8D+.1-2","T",0,1,2,0,0,"F"
1,2,1,2,"F*BSX","castn001","winkj002","","S6/G6S-.2-3;1-2","T",0,1,2,3,0,"F"
1,2,0,0,"X","vottj001","castn001","winkj002","9/L9D","T",1,0,1,2,3,"F"
0,0,2,2,"....BCFFBFFX","","rosaa003","","63/G6+","T",1,0,0,2,0,"F"
0,1,3,0,"VVVV","","rosaa003","","IW","T",0,1,0,2,0,"F"
0,1,1,2,"*BFFFX","ramij003","rosaa003","","8/L8","T",1,0,1,2,0,"F"
0,2,0,2,".FCS","ramij003","rosaa003","","K","T",1,0,1,2,0,"F"
1,0,2,2,"..BBFFX","","suare001","","8/F8D.2-3","T",1,0,0,3,0,"F"
1,1,3,0,"VVVV","","","suare001","IW","T",0,1,0,0,3,"F"
1,1,1,0,".BX","indij001","","suare001","S9/L9D+.3-H(UR);1-2","T",0,1,2,0,5,"F"
0,0,3,2,"BSBFBFX","","","","8/F8","T",1,0,0,0,0,"T"
0,1,1,2,"BCSS","","","","K","T",1,0,0,0,0,"F"
0,2,3,0,"BBBX","","","","HR/F7D","T",0,4,0,0,0,"F"
0,2,2,1,"CBBX","","","","63/G6","T",1,0,0,0,0,"F"
1,0,0,0,"X","","","","7/F78D","T",1,0,0,0,0,"F"
1,1,1,2,"CSFBS","","","","K","T",1,0,0,0,0,"F"
1,2,0,0,"X","","","","S9/L89","T",0,1,0,0,0,"F"
1,2,0,0,"X","vottj001","","","3/P34S","T",1,0,1,0,0,"F"
0,0,0,1,"CX","","","","43/G4","T",1,0,0,0,0,"F"
0,1,2,0,"BBX","","","","63/G6","T",1,0,0,0,0,"F"
0,2,1,2,"CCBS","","","","K","T",1,0,0,0,0,"F"
1,0,3,2,"BFFBFBFFB","","","","W","T",0,1,0,0,0,"F"
1,0,1,2,"TC*BFT","naqut001","","","K","T",1,0,1,0,0,"F"
1,1,3,0,"*B*BBB","naqut001","","","W.1-2","T",0,1,2,0,0,"F"
1,1,2,2,"B*BFCS","barnt001","naqut001","","K","T",1,0,1,2,0,"F"
1,2,0,2,"S*S*S","barnt001","naqut001","","K","T",1,0,1,2,0,"F"
0,0,1,1,"CBX","","","","S7/L7L.B-2(E7)","T",0,2,0,0,0,"F"
0,0,2,1,"BL*BX","","chany001","","63/G6","T",1,0,0,2,0,"F"
0,1,3,2,"C*B*BBCC","","chany001","","K","T",1,0,0,2,0,"F"
0,2,0,2,"FTS","","chany001","","K","T",1,0,0,2,0,"F"
1,0,0,1,"CX","","","","7/F7L","T",1,0,0,0,0,"F"
1,1,1,0,"BX","","","","63/G6","T",1,0,0,0,0,"F"
1,2,0,0,"X","","","","D7/G5","T",0,2,0,0,0,"F"
1,2,1,2,"FS*BS","","vottj001","","K","T",1,0,0,2,0,"F"
0,0,3,2,"BCBBFX","","","","8/L89XD+","T",1,0,0,0,0,"F"
0,1,1,2,"FBSS","","","","K","T",1,0,0,0,0,"F"
0,2,0,0,"X","","","","S9/L9S+","T",0,1,0,0,0,"F"
0,2,1,2,"C*S*BFX","rosae001","","","S5/G56.1-2","T",0,1,2,0,0,"F"
0,2,3,1,"FBB*BX","rosaa003","rosae001","","HR/F8XD.2-H;1-H","T",0,4,4,4,0,"F"
0,2,3,1,"BBBCX","","","","9/F9S","T",1,0,0,0,0,"F"
1,0,2,2,"BCBFX","","","","8/F8XD+","T",1,0,0,0,0,"F"
1,1,1,1,"BTX","","","","E5/G56.B-1","T",0,1,0,0,0,"F"
1,1,0,2,"FF*S","schrm001","","","K","T",1,0,1,0,0,"F"
1,2,1,0,"BX","schrm001","","","8/F8XD","T",1,0,1,0,0,"F"
0,0,2,1,"BFBX","","","","9/F89","T",1,0,0,0,0,"F"
0,1,3,2,"FBFFBB*B","","","","W","T",0,1,0,0,0,"F"
0,1,1,0,"BX","luplj001","","","4(1)3/GDP/G4M","T",2,0,0,0,0,"F"
1,0,1,1,".BCX","","","","S8/G4M","T",0,1,0,0,0,"F"
1,0,0,1,"FX","paytm001","","","S8/L78D.1-3;B-2","T",0,2,3,0,0,"F"
1,0,0,0,"X","","winkj002","paytm001","53/G5","T",1,0,0,2,3,"F"
1,1,2,1,"BFBX","","winkj002","paytm001","D9/L9LD.3-H;2-H","T",0,2,0,4,4,"F"
1,1,1,1,"BSX","","vottj001","","53/G5","T",1,0,0,2,0,"F"
1,2,0,0,"X","","vottj001","","7/F78S","T",1,0,0,2,0,"F"
0,0,1,0,".BX","","","","8/F8D","T",1,0,0,0,0,"F"
0,1,3,1,"CBBBX","","","","DGR/F78XD","T",0,2,0,0,0,"F"
0,1,0,1,"CX","","reyef001","","6/P6-","T",1,0,0,2,0,"F"
0,2,1,2,"*BCSX","","reyef001","","8/F89XD","T",1,0,0,2,0,"F"
1,0,0,2,"FFS","","","","K+WP.B-1","T",0,1,0,0,0,"F"
1,0,0,0,"X","schrm001","","","56(1)3/GDP/G6","T",2,0,0,0,0,"F"
1,2,1,1,"BCX","","","","7/F7D","T",1,0,0,0,0,"F"
0,0,1,1,"BCX","","","","13/L1S","T",1,0,0,0,0,"F"
0,1,1,1,"CBX","","","","S7/F78S.B-2(E7)","T",0,2,0,0,0,"F"
0,1,1,2,"CFBS","","chany001","","K","T",1,0,0,2,0,"F"
0,2,3,2,"BBSBSX","","chany001","","HR/F8XD.2-H","T",0,4,0,4,0,"F"
0,2,3,2,"CFBBBFB","","","","W","T",0,1,0,0,0,"F"
0,2,1,2,"...CBCX","hernc005","","","7/F78D","T",1,0,1,0,0,"F"
1,0,1,2,"SSBS","","","","K","T",1,0,0,0,0,"F"
1,1,1,2,"CBS*S","","","","K","T",1,0,0,0,0,"F"
1,2,1,2,".BSF*S","","","","K","T",1,0,0,0,0,"F"
0,0,2,2,"BCSBX","","","","63/G6","T",1,0,0,0,0,"F"
0,1,2,2,"BBFSFS","","","","K","T",1,0,0,0,0,"F"
0,2,1,1,"CBX","","","","63/G6","T",1,0,0,0,0,"F"
1,0,1,2,"...CSBS","","","","K","T",1,0,0,0,0,"F"
1,1,1,2,"CBFS","","","","K","T",1,0,0,0,0,"F"
1,2,0,0,"X","","","","HR/F8XD","T",0,4,0,0,0,"F"
1,2,3,2,"SFBBBC","","","","K","T",1,0,0,0,0,"F"
0,0,2,2,".SSBB*S","","","","K","T",1,0,0,0,0,"F"
0,1,0,0,".X","","","","7/L7D","T",1,0,0,0,0,"F"
0,2,3,0,".BBBX","","","","9/F89D","T",1,0,0,0,0,"F"
1,0,0,0,"..X","","","","S4/G4","T",0,1,0,0,0,"F"
1,0,2,2,".FCFFBBS","barnt001","","","K","T",1,0,1,0,0,"F"
1,1,2,2,"BBCFC","barnt001","","","K","T",1,0,1,0,0,"F"
1,2,3,2,"BF*B*BS>S","barnt001","","","K","T",1,0,1,0,0,"F"
0,0,1,0,"BX","","","","S8/L8D","T",0,1,0,0,0,"T"
0,0,0,2,"CFX","smitp002","","","FC4/G4D.1-2(E4/TH);B-1","T",0,1,2,0,0,"F"
0,0,1,2,"CFBX","calhk001","smitp002","","S9/L89+.2-H(UR);1-3","T",0,1,3,5,0,"F"
0,0,1,0,"*BX","cabra002","","calhk001","S9/G34.3-H;1-3","T",0,1,3,0,4,"F"
0,0,1,2,"CBSX","perad001","","cabra002","64(1)3/GDP/G6.3-H(NR)(UR)","T",2,0,0,0,5,"F"
0,2,1,0,"BX","","","","D9/L9L","T",0,2,0,0,0,"F"
0,2,2,2,"CBFFBFS","","escoe001","","K","T",1,0,0,2,0,"F"
1,0,3,1,"BBBCB","","","","W","T",0,1,0,0,0,"F"
1,0,1,1,"1S1BX","winkj002","","","7/F7LS","T",1,0,1,0,0,"F"
1,1,3,2,"C1F*B*BBS","winkj002","","","K","T",1,0,1,0,0,"F"
1,2,2,2,"B1CFBF1FX","winkj002","","","7/F7D","T",1,0,1,0,0,"F"
0,0,3,2,"CBCBBT","","","","K","T",1,0,0,0,0,"F"
0,1,0,2,"CCC","","","","K","T",1,0,0,0,0,"F"
0,2,1,1,"BCX","","","","S9/L9","T",0,1,0,0,0,"F"
0,2,2,2,"SBBSS","smitp002","","","K","T",1,0,1,0,0,"F"
1,0,0,1,"FX","","","","63/G6","T",1,0,0,0,0,"F"
1,1,1,0,"BX","","","","63/G6","T",1,0,0,0,0,"F"
1,2,3,1,"FBBBX","","","","43/G34","T",1,0,0,0,0,"F"
0,0,3,2,"BSSBFBFFX","","","","31/G3+","T",1,0,0,0,0,"F"
0,1,3,0,"BBBB","","","","W","T",0,1,0,0,0,"F"
0,1,0,0,"1H","perad001","","","HP.1-2","T",0,1,2,0,0,"F"
0,1,3,0,"BBBB","kellc002","perad001","","W.2-3;1-2","T",0,1,2,3,0,"F"
0,1,1,1,"CBX","escoe001","kellc002","perad001","6/P78S","T",1,0,1,2,3,"F"
0,2,3,2,"SBBSFFB>X","escoe001","kellc002","perad001","3/G3","T",1,0,1,2,3,"F"
1,0,1,2,"CBCX","","","","8/F8XD","T",1,0,0,0,0,"F"
1,1,1,2,"CBCX","","","","D7/G5","T",0,2,0,0,0,"F"
1,1,0,1,"CX","","castl003","","S5/P5D.2-3","T",0,1,0,3,0,"F"
1,1,0,1,"S1X","winkj002","","castl003","43/G34D.3-H;1-2","T",1,0,2,0,4,"F"
1,2,1,2,"S*BSS","","winkj002","","K","T",1,0,0,2,0,"F"
0,0,1,1,"CBX","","","","23/BG2-","T",1,0,0,0,0,"F"
0,1,1,1,"BSX","","","","S9/L89D+","T",0,1,0,0,0,"F"
0,1,3,2,"BCBFBFX","smitp002","","","D9/L9LS.1-3","T",0,2,3,0,0,"F"
0,1,0,0,"X","","calhk001","smitp002","5/P5F/FL","T",1,0,0,2,3,"F"
0,2,3,0,"VVVV","","calhk001","smitp002","IW","T",0,1,0,2,3,"F"
0,2,3,1,"BBBCX","perad001","calhk001","smitp002","9/L9","T",1,0,1,2,3,"F"
1,0,2,2,"SBCBS","","","","K","T",1,0,0,0,0,"F"
1,1,1,0,"BX","","","","8/F8XD+","T",1,0,0,0,0,"F"
1,2,3,1,"BBSBB","","","","W","T",0,1,0,0,0,"F"
1,2,2,0,"BB1X","indij001","","","S5/BG56S.1-2","T",0,1,2,0,0,"F"
1,2,0,1,"FX","barnt001","indij001","","S7/L7.2-H;1-2","T",0,1,2,4,0,"F"
1,2,3,2,".BB*BCF>C","farmk001","barnt001","","K","T",1,0,1,2,0,"F"
0,0,3,1,".CBBBB","","","","W","T",0,1,0,0,0,"F"
0,0,1,2,"SCFBC","escoe001","","","K","T",1,0,1,0,0,"F"
0,1,0,2,"11FC+11S","escoe001","","","K","T",1,0,1,0,0,"F"
0,2,0,2,"CLC","escoe001","","","K","T",1,0,1,0,0,"F"
1,0,0,0,"X","","","","3/L3","T",1,0,0,0,0,"F"
1,1,3,2,"BBSTBFB","","","","W","T",0,1,0,0,0,"F"
1,1,2,2,"1B1BC+1S1S","naqut001","","","K","T",1,0,1,0,0,"F"
1,2,0,0,"X","naqut001","","","9/F9D+","T",1,0,1,0,0,"F"
0,0,2,1,".BFBX","","","","13/G1S","T",1,0,0,0,0,"F"
0,1,2,2,"BBCSX","","","","9/F9S","T",1,0,0,0,0,"F"
0,2,3,0,"BBBB","","","","W","T",0,1,0,0,0,"F"
0,2,3,2,"BBBCT>C","cabra002","","","K","T",1,0,1,0,0,"F"
1,0,0,1,"FX","","","","63/G56","T",1,0,0,0,0,"F"
1,1,2,2,"FTBBS","","","","K","T",1,0,0,0,0,"F"
1,2,3,2,"CCFBBFBB","","","","W","T",0,1,0,0,0,"F"
1,2,0,2,".FSX","barnt001","","","HR/F78XD.1-H","T",0,4,4,0,0,"F"
1,2,1,1,".FBX","","","","8/F89D","T",1,0,0,0,0,"F"
0,0,3,2,".BBCFBB","","","","W","T",0,1,0,0,0,"F"
0,0,1,2,"BCCX","kellc002","","","13/G23-.1-2","T",1,0,2,0,0,"F"
0,1,2,2,"BCSBX","","kellc002","","3/P3F/FL","T",1,0,0,2,0,"F"
0,2,2,2,"C*BSBS","","kellc002","","K","T",1,0,0,2,0,"F"
1,0,0,2,".CFFFX","","","","53/G4D","T",1,0,0,0,0,"F"
1,1,3,2,"CBBBCFC","","","","K","T",1,0,0,0,0,"F"
1,2,3,2,"BCBBFB","","","","W","T",0,1,0,0,0,"F"
1,2,3,1,"1*BBBCB","suare001","","","W.1-2","T",0,1,2,0,0,"F"
1,2,1,2,".....SSFBX","vottj001","suare001","","7/F7","T",1,0,1,2,0,"F"
0,0,2,1,"BSBX","","","","HR/F8XD","T",0,4,0,0,0,"F"
0,0,3,2,".CBBBCB","","","","W","T",0,1,0,0,0,"F"
0,0,1,1,"CBX","smitp002","","","D9/L8XD.1-3","T",0,2,3,0,0,"F"
0,0,0,2,"*SFX","","calhk001","smitp002","6/L56","T",1,0,0,2,3,"F"
0,1,1,0,".....BH","","calhk001","smitp002","HP","T",0,1,0,2,3,"F"
0,1,3,2,"CFBBFFB>B","mathw001","calhk001","smitp002","W.3-H;2-3;1-2","T",0,1,2,3,4,"F"
0,1,2,1,"BBFX","kellc002","mathw001","calhk001","5/P5SF/FL","T",1,0,1,2,3,"F"
0,2,1,1,"*BCX","kellc002","mathw001","calhk001","9/F9D","T",1,0,1,2,3,"F"
1,0,3,2,".....BBSFBFFC","","","","K","T",1,0,0,0,0,"F"
1,1,3,2,"SBBFBFS","","","","K","T",1,0,0,0,0,"F"
1,2,1,1,"BCX","","","","53/G56","T",1,0,0,0,0,"F"
0,0,0,2,".CCS","","","","K","T",1,0,0,0,0,"F"
0,1,1,2,".SSFBC","","","","K","T",1,0,0,0,0,"F"
0,2,2,2,"FBFBX","","","","8/F8XD+","T",1,0,0,0,0,"F"
1,0,3,2,".BBCBFFFFX","","","","8/F8XD","T",1,0,0,0,0,"F"
1,1,3,2,"FFBFFBBX","","","","S9/L9L+","T",0,1,0,0,0,"F"
1,1,1,1,"FBX","winkj002","","","6/P6D","T",1,0,1,0,0,"F"
1,2,0,2,"FSS","winkj002","","","K","T",1,0,1,0,0,"F"
0,0,0,2,"CFC","","","","K","T",1,0,0,0,0,"T"
0,1,1,2,"TCBFS","","","","K","T",1,0,0,0,0,"F"
0,2,1,2,"BCSS","","","","K","T",1,0,0,0,0,"F"
1,0,3,2,"BCBBCX","","","","7/L7","T",1,0,0,0,0,"F"
1,1,1,2,"FSFFBFFFS","","","","K","T",1,0,0,0,0,"F"
1,2,3,2,"BCBFBH","","","","HP","T",0,1,0,0,0,"F"
1,2,0,0,"X","suare001","","","56(1)/FO/G6M.B-1","T",1,1,0,0,0,"F"
0,0,1,2,"FFFBX","","","","S14/L4MS","T",0,1,0,0,0,"F"
0,0,3,2,"BBBCSX","perad001","","","7/F56D","T",1,0,1,0,0,"F"
0,1,2,2,"CSBF*BS","perad001","","","K","T",1,0,1,0,0,"F"
0,2,1,2,"C1SBC","perad001","","","K","T",1,0,1,0,0,"F"
1,0,0,0,"X","","","","S7/L7+","T",0,1,0,0,0,"F"
1,0,1,1,"1CB>S","senzn001","","","CS2(24)","F",1,0,0,0,0,"F"
1,1,3,2,"1CB>S.FBBX","","","","63/G6","T",1,0,0,0,0,"F"
1,2,1,2,"CBFX","","","","7/F78D","T",1,0,0,0,0,"F"
0,0,0,2,"TCX","","","","31/G3+","T",1,0,0,0,0,"F"
0,1,1,1,"CBX","","","","63/G6M","T",1,0,0,0,0,"F"
0,2,0,2,"CCFS","","","","K","T",1,0,0,0,0,"F"
1,0,3,2,"CBBBFC","","","","K","T",1,0,0,0,0,"F"
1,1,2,1,"BBFX","","","","63/G6","T",1,0,0,0,0,"F"
1,2,2,1,"BBCX","","","","3/G3","T",1,0,0,0,0,"F"
0,0,1,2,"SCFBS","","","","K","T",1,0,0,0,0,"F"
0,1,2,2,"FBFBX","","","","2/P2F/FL","T",1,0,0,0,0,"F"
0,2,2,0,"BBX","","","","7/F7L","T",1,0,0,0,0,"F"
1,0,0,0,"X","","","","9/F89+","T",1,0,0,0,0,"F"
1,1,0,0,"X","","","","S7/L7D+","T",0,1,0,0,0,"F"
1,1,3,0,"B*BBB","suare001","","","W.1-2","T",0,1,2,0,0,"F"
1,1,2,1,"B*BSX","vottj001","suare001","","S7/G6.2-3;1-2","T",0,1,2,3,0,"F"
1,1,0,1,"TX","senzn001","vottj001","suare001","7/SF/L7D.3-H","T",1,0,1,2,4,"F"
1,2,0,0,"X","senzn001","vottj001","","3/P3SF/FL","T",1,0,1,2,0,"F"
0,0,1,2,"BCFFX","","","","43/G34D","T",1,0,0,0,0,"F"
0,1,3,2,"BBFSFBS","","","","K","T",1,0,0,0,0,"F"
0,2,0,0,"X","","","","3/P3F/FL","T",1,0,0,0,0,"F"
1,0,3,2,"CBBCBX","","","","S6/G6","T",0,1,0,0,0,"F"
1,0,0,1,"LX","stept001","","","34/SH/BG23-.1-2","T",1,0,2,0,0,"F"
1,1,0,1,"CX","","stept001","","T9/G3.2-H","T",0,3,0,4,0,"F"
1,1,0,0,"X","","","winkj002","8/SF/F8XD.3-H","T",1,0,0,0,4,"F"
1,2,3,2,"FBSBBFS","","","","K","T",1,0,0,0,0,"F"
0,0,3,2,"BSBCFFBFB","","","","W","T",0,1,0,0,0,"F"
0,0,1,1,".BCH","heatn002","","","HP.1-2","T",0,1,2,0,0,"F"
0,0,1,1,"CBX","youna003","heatn002","","16(1)3/GDP/G1.2-3","T",2,0,0,3,0,"F"
0,2,1,1,"BCX","","","heatn002","43/G34D","T",1,0,0,0,3,"F"
1,0,0,1,".CX","","","","7/F7D","T",1,0,0,0,0,"F"
1,1,3,1,"CBBBB","","","","W","T",0,1,0,0,0,"F"
1,1,1,1,"CBX","senzn001","","","4(1)3/GDP/G6MD","T",2,0,0,0,0,"F"
0,0,1,1,"CBX","","","","S1/G25-","T",0,1,0,0,0,"F"
0,0,0,2,"FFS","cabra002","","","K","T",1,0,1,0,0,"F"
0,1,0,1,"CX","cabra002","","","8/F8XD","T",1,0,1,0,0,"F"
0,2,3,2,"*BBSFFFB>B","cabra002","","","W.1-2","T",0,1,2,0,0,"F"
0,2,3,2,"...BCSBB>F>B","vogts001","cabra002","","W.2-3;1-2","T",0,1,2,3,0,"F"
0,2,2,2,"BBSCS","vanmj001","vogts001","cabra002","K","T",1,0,1,2,3,"F"
1,0,2,0,"..BBX","","","","4/L4MD","T",1,0,0,0,0,"F"
1,1,3,2,"CBCBBS","","","","K","T",1,0,0,0,0,"F"
1,2,3,2,"BCBBCB","","","","W","T",0,1,0,0,0,"F"
1,2,1,0,"...BX","blana002","","","2/P2F/FL","T",1,0,1,0,0,"F"
0,0,0,2,"CC*S","","","","K","T",1,0,0,0,0,"F"
0,1,2,2,"BFCFBC","","","","K","T",1,0,0,0,0,"F"
0,2,0,0,"X","","","","S69/G34","T",0,1,0,0,0,"F"
0,2,0,2,"FCFS","calhk001","","","K","T",1,0,1,0,0,"F"
1,0,0,1,"CX","","","","S9/L89","T",0,1,0,0,0,"F"
1,0,1,2,"CCBS","naqut001","","","K","T",1,0,1,0,0,"F"
1,1,1,1,"1*BCX","naqut001","","","9/F9LD","T",1,0,1,0,0,"F"
1,2,0,0,"11","naqut001","","","POCS2(134)","F",1,0,0,0,0,"F"
0,0,3,2,".CBSBBB","","","","W","T",0,1,0,0,0,"F"
0,0,3,1,"BBBCX","perad001","","","9/F9D","T",1,0,1,0,0,"F"
0,1,1,0,".*BB","perad001","","","WP.1-2","F",0,0,2,0,0,"F"
0,1,3,0,".*BB.BB","","perad001","","W","T",0,1,0,2,0,"F"
0,1,2,2,"CBBCX","kellc002","perad001","","HR/F9D.2-H;1-H","T",0,4,4,4,0,"F"
0,1,2,2,".BCCBS","","","","K","T",1,0,0,0,0,"F"
0,2,0,0,".H","","","","HP","T",0,1,0,0,0,"F"
0,2,2,0,"B*BX","mathw001","","","43/G34","T",1,0,1,0,0,"F"
1,0,1,2,"....SBSX","","","","7/L7D+","T",1,0,0,0,0,"F"
1,1,3,1,".BCBBB","","","","W","T",0,1,0,0,0,"F"
1,1,3,2,"1B1CFB1*B>X","paytm001","","","9/F9S","T",1,0,1,0,0,"F"
1,2,0,0,"X","paytm001","","","D9/F9S.1XH(92)","T",1,2,0,0,0,"F"
0,0,3,0,"..*B*BBX","","smitp002","","7/F7LD.2-3","T",1,0,0,3,0,"F"
0,1,3,0,"VVVV","","","smitp002","IW","T",0,1,0,0,3,"F"
0,1,0,0,"X","cabra002","","smitp002","FC4/G4S.3-H(UR);1-2;B-1","T",0,1,2,0,5,"F"
0,1,0,0,".X","perad001","cabra002","","S9/L89D.2-3;1-2","T",0,1,2,3,0,"F"
0,1,2,2,"FFFB*BH","escoe001","perad001","cabra002","HP.3-H;2-3;1-2","T",0,1,2,3,4,"F"
0,1,1,2,"SBSC","kellc002","escoe001","perad001","K","T",1,0,1,2,3,"F"
0,2,1,1,"BCB","kellc002","escoe001","perad001","WP.3-H(NR);2-3;1-2","F",0,0,2,3,4,"F"
0,2,3,1,"BCB.BB","","kellc002","escoe001","W","T",0,1,0,2,3,"F"
0,2,0,0,"X","rojaj001","kellc002","escoe001","S9/L9S.3-H;2-H;1-3","T",0,1,3,4,4,"F"
0,2,1,2,"FCBS","mathw001","","rojaj001","K","T",1,0,1,0,3,"F"
1,0,1,2,"CBF.X","","stept001","","D9/L9LD.2-H(UR)","T",0,2,0,5,0,"F"
1,0,1,2,"CBCFS","","blana002","","K","T",1,0,0,2,0,"F"
1,1,3,2,"CFBBFBX","","blana002","","S9/G34.2-H","T",0,1,0,4,0,"F"
1,1,1,2,"FB1FX","naqut001","","","63/G6.1-2","T",1,0,2,0,0,"F"
1,2,0,1,"SX","","naqut001","","7/F7D","T",1,0,0,2,0,"F"
0,0,1,0,"BX","","","","8/F78XD","T",1,0,0,0,0,"T"
0,1,3,2,"BSBBSFFC","","","","K","T",1,0,0,0,0,"F"
0,2,3,2,"CBSBBS","","","","K","T",1,0,0,0,0,"F"
1,0,1,0,"BX","","","","HR/F7D","T",0,4,0,0,0,"F"
1,0,1,0,"BX","","","","63/G6S","T",1,0,0,0,0,"F"
1,1,3,2,"TFBFBBFX","","","","7/F7S","T",1,0,0,0,0,"F"
1,2,1,1,"FBX","","","","E5/TH/G5.B-1","T",0,1,0,0,0,"F"
1,2,1,1,"BFX","suare001","","","64(1)/FO/G6D.B-1","T",1,1,0,0,0,"F"
0,0,0,2,"CCFX","","","","S8/G6","T",0,1,0,0,0,"F"
0,0,3,2,"CB*BFBF>X","perad001","","","7/F7D","T",1,0,1,0,0,"F"
0,1,3,2,"1*BFFFBBC","perad001","","","K","T",1,0,1,0,0,"F"
0,2,1,0,"BX","perad001","","","46(1)/FO/G4+.B-1","T",1,1,0,0,0,"F"
1,0,0,2,"FSS","","","","K","T",1,0,0,0,0,"F"
1,1,1,0,"BX","","","","31/G3","T",1,0,0,0,0,"F"
1,2,1,2,"CBCX","","","","53/G56S","T",1,0,0,0,0,"F"
0,0,3,2,"BCBSBX","","","","S69/G4","T",0,1,0,0,0,"F"
0,0,0,0,"1X","rojaj001","","","FC1/BG1S.1-2(E1/TH);B-1","T",0,1,2,0,0,"F"
0,0,3,2,"BCC*BBFFFX","widet001","rojaj001","","D7/L7L.2-H(UR);1-3","T",0,2,3,5,0,"F"
0,0,2,1,"BCBX","","smitp002","widet001","8/SF/F89D.3-H;2-3","T",1,0,0,3,4,"F"
0,1,3,0,"BB*BB","","","smitp002","W","T",0,1,0,0,3,"F"
0,1,0,0,"X","vanmj001","","smitp002","16(1)3/GDP/G4MS","T",2,0,0,0,3,"F"
1,0,2,0,"BBX","","","","S8/L8+","T",0,1,0,0,0,"F"
1,0,2,2,"BS*BCFS","hoffj003","","","K","T",1,0,1,0,0,"F"
1,1,0,1,"FX","hoffj003","","","7/F78","T",1,0,1,0,0,"F"
1,2,1,2,"CBFT","hoffj003","","","K","T",1,0,1,0,0,"F"
0,0,2,1,"BFBX","","","","3/P3F/FL","T",1,0,0,0,0,"F"
0,1,2,2,"SBBFS","","","","K","T",1,0,0,0,0,"F"
0,2,1,0,"BX","","","","43/G4+","T",1,0,0,0,0,"F"
1,0,0,0,"X","","","","31/G4","T",1,0,0,0,0,"F"
1,1,2,2,"FFFBBFFX","","","","8/F8XD+","T",1,0,0,0,0,"F"
1,2,3,1,"BBCBB","","","","W","T",0,1,0,0,0,"F"
1,2,2,2,"C1FB>FB>FS","indij001","","","K","T",1,0,1,0,0,"F"
0,0,2,1,"BFBX","","","","63/G4M+","T",1,0,0,0,0,"F"
0,1,2,2,"BCCBFFX","","","","43/G4S","T",1,0,0,0,0,"F"
0,2,2,1,"BBCX","","","","S9/G34+","T",0,1,0,0,0,"F"
0,2,0,0,"X","smitp002","","","4/P4D","T",1,0,1,0,0,"F"
1,0,1,2,"CSBFFS","","","","K","T",1,0,0,0,0,"F"
1,1,2,2,".CBFBS","","","","K","T",1,0,0,0,0,"F"
1,2,0,2,"FSS","","","","K","T",1,0,0,0,0,"F"
0,0,3,1,".CBBBB","","","","W","T",0,1,0,0,0,"F"
0,0,2,0,".*B11BX","heatn002","","","HR/F89XD.1-H","T",0,4,4,0,0,"F"
0,0,0,0,"X","","","","9/F9LS","T",1,0,0,0,0,"F"
0,1,0,1,"CX","","","","8/L8D","T",1,0,0,0,0,"F"
0,2,2,0,"BBX","","","","53/G5+","T",1,0,0,0,0,"F"
1,0,0,2,"....CFX","","","","HR/F7LD","T",0,4,0,0,0,"F"
1,0,0,2,"SSX","","","","S9/L9LS+","T",0,1,0,0,0,"F"
1,0,1,1,"BSX","vottj001","","","HR/F78XD.1-H","T",0,4,4,0,0,"F"
1,0,2,0,"BBX","","","","8/F8XD+","T",1,0,0,0,0,"F"
1,1,0,0,".X","","","","8/F8XD+","T",1,0,0,0,0,"F"
1,2,3,1,"BBFBB","","","","W","T",0,1,0,0,0,"F"
1,2,0,2,"SSF*S","barnt001","","","K","T",1,0,1,0,0,"F"
0,0,3,2,"SBBBCB","","","","W","T",0,1,0,0,0,"F"
0,0,2,1,".S1*BB>*B","rojaj001","","","SB2","F",0,0,2,0,0,"F"
0,0,3,1,".S1*BB>*B.B","","rojaj001","","W","T",0,1,0,2,0,"F"
0,0,0,0,"..X","youna003","rojaj001","","7/F7D","T",1,0,1,2,0,"F"
0,1,0,1,"FX","youna003","rojaj001","","S7/G6+.2-H;1-2","T",0,1,2,4,0,"F"
0,1,3,2,"BBCBSB","mathw001","youna003","","W.2-3;1-2","T",0,1,2,3,0,"F"
0,1,0,2,"CFFX","heatn002","mathw001","youna003","S7/L7L.3-H;2-H;1-2","T",0,1,2,4,4,"F"
0,1,3,2,"BFFFBFBB","perad001","heatn002","","W.2-3;1-2","T",0,1,2,3,0,"F"
0,1,3,0,"BBBB","kellc002","perad001","heatn002","W.3-H;2-3;1-2","T",0,1,2,3,4,"F"
0,1,0,0,"X","escoe001","kellc002","perad001","6/P6MD","T",1,0,1,2,3,"F"
0,2,1,2,"CFBS","escoe001","kellc002","perad001","K","T",1,0,1,2,3,"F"
1,0,0,2,".CFX","","","","D7/L78XD+","T",0,2,0,0,0,"F"
1,0,1,1,"BCX","","blana002","","HR/F8XD.2-H","T",0,4,0,4,0,"F"
1,0,2,2,"FBFBX","","","","63/G6","T",1,0,0,0,0,"F"
1,1,3,2,".CBSBBFFX","","","","HR/F78XD","T",0,4,0,0,0,"F"
1,1,1,1,"SBX","","","","9/F89S","T",1,0,0,0,0,"F"
1,2,1,2,"BSFC","","","","K","T",1,0,0,0,0,"F"
0,0,0,0,"...X","","","","S9/G3","T",0,1,0,0,0,"F"
0,0,2,0,"BBX","calhk001","","","7/F7D","T",1,0,1,0,0,"F"
0,1,2,2,"CBSBX","calhk001","","","4/P4D","T",1,0,1,0,0,"F"
0,2,0,2,"CFC","calhk001","","","K","T",1,0,1,0,0,"F"
1,0,1,1,".BFX","","","","HR/F89XD","T",0,4,0,0,0,"F"
1,0,0,0,"X","","","","9/F9D+","T",1,0,0,0,0,"F"
1,1,1,2,"CBFF*S","","","","K","T",1,0,0,0,0,"F"
1,2,2,1,"CBBX","","","","S8/L8","T",0,1,0,0,0,"F"
1,2,3,0,".*BBBB","blana002","","","W.1-2","T",0,1,2,0,0,"F"
1,2,0,0,"X","winkj002","blana002","","9/L89D+","T",1,0,1,2,0,"F"
0,0,2,0,"BBX","","","","S7/G56","T",0,1,0,0,0,"F"
0,0,3,2,"SBCBFF*B>X","perad001","","","63/G6.1-2","T",1,0,2,0,0,"F"
0,1,2,1,"..BBCX","","perad001","","7/F78D","T",1,0,0,2,0,"F"
0,2,1,2,".BFCFS","","perad001","","K","T",1,0,0,2,0,"F"
1,0,1,2,"....CBCS","","","","K","T",1,0,0,0,0,"F"
1,1,2,0,"BBX","","","","4/P4MD","T",1,0,0,0,0,"F"
1,2,1,2,"FBSFS","","","","K","T",1,0,0,0,0,"F"
0,0,2,2,".CCFBBX","","cabra002","","S8/G6M.2-H(UR)","T",0,1,0,5,0,"F"
0,0,0,0,".X","rojaj001","","","S7/L7.1-2","T",0,1,2,0,0,"F"
0,0,3,2,"SFBBBB","vogts001","rojaj001","","W.2-3;1-2","T",0,1,2,3,0,"F"
0,0,1,2,"BSCS","smitp002","vogts001","rojaj001","K","T",1,0,1,2,3,"F"
0,1,2,1,".BF*BX","smitp002","vogts001","rojaj001","62(3)/FO/G6S.2-3;1-2;B-1","T",1,1,2,3,0,"F"
0,2,2,0,"*BBX","heatn002","smitp002","vogts001","T7/L78XD+.3-H;2-H;1-H","T",0,3,4,4,4,"F"
0,2,0,0,"X","","","perad001","HR/F7D.3-H","T",0,4,0,0,4,"F"
0,2,3,2,"BBBCFFFX","","","","D8/F78XD","T",0,2,0,0,0,"F"
0,2,1,2,"BCFB","","escoe001","","WP.2-3","F",0,0,0,3,0,"F"
0,2,3,2,"BCFB.F*BS","","","escoe001","K","T",1,0,0,0,3,"F"
1,0,0,1,"..SX","","schrm001","","3/P3F/FL","T",1,0,0,2,0,"F"
1,1,2,2,"CBF*BFX","","schrm001","","S9/G34.2-H(UR)","T",0,1,0,5,0,"F"
1,1,0,1,"*SX","barnt001","","","S15/G4MS+.1-2","T",0,1,2,0,0,"F"
1,1,0,0,"..X","naqut001","barnt001","","565(2)/FO/L5+.1-2;B-1","T",1,1,2,0,0,"F"
1,2,3,1,"BBBCB","stept001","naqut001","","W.2-3;1-2","T",0,1,2,3,0,"F"
1,2,0,2,"SFX","winkj002","stept001","naqut001","S7/F7L.3-H;2-H;1-2","T",0,1,2,4,4,"F"
1,2,2,2,"SCB*BS","castn001","winkj002","","K","T",1,0,1,2,0,"F"
0,0,2,1,"BBSX","","","","7/F7D","T",1,0,0,0,0,"T"
0,1,3,2,"CBSFBBX","","","","HR/F7LD","T",0,4,0,0,0,"F"
0,1,1,1,"TBX","","","","63/G4M","T",1,0,0,0,0,"F"
0,2,3,1,"BFBBX","","","","63/G6","T",1,0,0,0,0,"F"
1,0,3,1,"BCBBX","","","","5/P5F/FL","T",1,0,0,0,0,"F"
1,1,2,1,"BBCX","","","","9/F9","T",1,0,0,0,0,"F"
1,2,0,1,"CX","","","","D8/F7D+","T",0,2,0,0,0,"F"
1,2,1,1,"BCX","","vottj001","","31/G3","T",1,0,0,2,0,"F"
0,0,0,2,"CCX","","","","S9/L9LS","T",0,1,0,0,0,"F"
0,0,3,2,"F*B*BBF>X","duffm002","","","D9/L9D+.1-3","T",0,2,3,0,0,"F"
0,0,2,2,"SBF*BFX","","marij002","duffm002","3/L34","T",1,0,0,2,3,"F"
0,1,3,2,"B*BCFF*BX","","marij002","duffm002","63/G6.3-H;2-3","T",1,0,0,3,4,"F"
0,2,0,0,"X","","","marij002","63/G6M","T",1,0,0,0,3,"F"
1,0,3,2,"FBBBCFX","","","","8/F78","T",1,0,0,0,0,"F"
1,1,2,2,"BFFBS","","","","K","T",1,0,0,0,0,"F"
1,2,0,1,"TX","","","","53/G56","T",1,0,0,0,0,"F"
0,0,0,0,"X","","","","D7/G5+","T",0,2,0,0,0,"F"
0,0,3,2,"*BF*BCFBB","","contw001","","W","T",0,1,0,2,0,"F"
0,0,2,2,"BBFFX","bryak001","contw001","","43/G4S-.2-3;1-2","T",1,0,2,3,0,"F"
0,1,1,2,"*BFFFS","","bryak001","contw001","K","T",1,0,0,2,3,"F"
0,2,3,1,"BBBCX","","bryak001","contw001","63/G56","T",1,0,0,2,3,"F"
1,0,1,2,"FCBS","","","","K","T",1,0,0,0,0,"F"
1,1,0,0,"X","","","","S7/L78S","T",0,1,0,0,0,"F"
1,1,2,0,"BBX","milew001","","","S9/G3+.1-3","T",0,1,3,0,0,"F"
1,1,2,2,"BBFFX","winkj002","","milew001","54(1)/FO/G56.3-H;B-1","T",1,1,0,0,4,"F"
1,2,0,0,"X","castn001","","","HR/F9LD.1-H","T",0,4,4,0,0,"F"
1,2,2,2,"BFBFX","","","","8/F8D","T",1,0,0,0,0,"F"
0,0,1,1,"CBX","","","","8/L89","T",1,0,0,0,0,"F"
0,1,2,1,"BBCX","","","","7/F78XD+","T",1,0,0,0,0,"F"
0,2,1,2,"BSCX","","","","63/G6","T",1,0,0,0,0,"F"
1,0,1,1,"BCX","","","","HR/F8XD","T",0,4,0,0,0,"F"
1,0,2,2,"BFFBX","","","","S8/L8D+","T",0,1,0,0,0,"F"
1,0,0,1,"CX","naqut001","","","HR/L7D.1-H","T",0,4,4,0,0,"F"
1,0,3,2,"BFCBFBB","","","","W","T",0,1,0,0,0,"F"
1,0,0,2,"SLX","barnt001","","","36(1)/FO/G3.B-1","T",1,1,0,0,0,"F"
1,1,3,2,".CBFBBC","milew001","","","K","T",1,0,1,0,0,"F"
1,2,0,0,"X","milew001","","","S7/L78D+.1-3","T",0,1,3,0,0,"F"
1,2,0,0,"X","castn001","","milew001","D39/G34.3-H;1-3","T",0,2,3,0,4,"F"
1,2,1,0,"BX","","vottj001","castn001","43/G4","T",1,0,0,2,3,"F"
0,0,0,2,".CFFS","","","","K","T",1,0,0,0,0,"F"
0,1,0,2,"CFX","","","","S8/L8D+","T",0,1,0,0,0,"F"
0,1,2,2,".1BCBTS","woltt001","","","K","T",1,0,1,0,0,"F"
0,2,3,2,"F*BBBC>F>F>B","woltt001","","","W.1-2","T",0,1,2,0,0,"F"
0,2,1,1,"BCX","rizza001","woltt001","","53/G5","T",1,0,1,2,0,"F"
1,0,3,2,"..BBBCSS","","","","K","T",1,0,0,0,0,"F"
1,1,2,2,"CFBBFC","","","","K","T",1,0,0,0,0,"F"
1,2,0,0,"X","","","","43/G4","T",1,0,0,0,0,"F"
0,0,1,0,"...BX","","","","9/L9","T",1,0,0,0,0,"F"
0,1,2,2,"BCBFC","","","","K","T",1,0,0,0,0,"F"
0,2,0,1,"FX","","","","S9/F9LS","T",0,1,0,0,0,"F"
0,2,1,0,"BX","boted002","","","9/F9D","T",1,0,1,0,0,"F"
1,0,0,2,"CFT","","","","K","T",1,0,0,0,0,"F"
1,1,1,0,"BX","","","","S8/L8D.B-3(E8)","T",0,3,0,0,0,"F"
1,1,3,1,"BBCBX","","","farmk001","FC4/G4+.3-H(UR);B-1","T",0,1,0,0,5,"F"
1,1,1,2,"BFSC","winkj002","","","K","T",1,0,1,0,0,"F"
1,2,1,2,"BCCS","winkj002","","","K","T",1,0,1,0,0,"F"
0,0,3,1,"..BBBCB","","","","W","T",0,1,0,0,0,"F"
0,0,2,2,"C*BF1BS","sogae001","","","K","T",1,0,1,0,0,"F"
0,1,1,1,"BSX","sogae001","","","D7/L78XD+.1-H","T",0,2,4,0,0,"F"
0,1,1,2,"CBCX","","bryak001","","31/G3.2-3","T",1,0,0,3,0,"F"
0,2,2,1,"*BBSX","","","bryak001","S6/G6+.3-H","T",0,1,0,0,4,"F"
0,2,2,2,"FCBBFC","baezj001","","","K","T",1,0,1,0,0,"F"
1,0,3,2,"...FBSFBBC","","","","K","T",1,0,0,0,0,"F"
1,1,3,2,"SBBBCS","","","","K","T",1,0,0,0,0,"F"
1,2,2,2,"CCBBS","","","","K","T",1,0,0,0,0,"F"
0,0,3,2,".BFSBBFS","","","","K","T",1,0,0,0,0,"F"
0,1,1,2,"CBSX","","","","S9/L9D+","T",0,1,0,0,0,"F"
0,1,0,0,"B","boted002","","","OA.1X2(243)","F",1,0,0,0,0,"F"
0,2,2,2,"B.CBFX","","","","53/G5","T",1,0,0,0,0,"F"
1,0,3,2,"SFFBFBBX","","","","8/F8S","T",1,0,0,0,0,"F"
1,1,1,2,"FFBC","","","","K","T",1,0,0,0,0,"F"
1,2,3,2,"BCBCBX","","","","8/F8S","T",1,0,0,0,0,"F"
0,0,3,2,"BBBCCX","","","","S6/G6","T",0,1,0,0,0,"F"
0,0,0,0,">B","sogae001","","","DI.1-2","F",0,0,2,0,0,"F"
0,0,3,1,">B.BBCB","","sogae001","","W","T",0,1,0,2,0,"F"
0,0,2,2,".C*BCF*BB","woltt001","sogae001","","WP.2-3;1-2","F",0,0,2,3,0,"F"
0,0,3,2,".C*BCF*BB.B","","woltt001","sogae001","W","T",0,1,0,2,3,"F"
0,0,1,2,"*SSBX","bryak001","woltt001","sogae001","7/F7S","T",1,0,1,2,3,"F"
0,1,1,1,"SBX","bryak001","woltt001","sogae001","7/SF/F78D.3-H;2-3","T",1,0,1,3,4,"F"
0,2,0,0,".>*B","bryak001","","woltt001","DI.1-2","F",0,0,2,0,3,"F"
0,2,3,2,".>*B.*BCS*BB","","bryak001","woltt001","W","T",0,1,0,2,3,"F"
0,2,3,2,"BCCBFB>B","heywj001","bryak001","woltt001","W.3-H;2-3;1-2","T",0,1,2,3,4,"F"
0,2,0,2,"..CCX","marij002","heywj001","bryak001","53/G56","T",1,0,1,2,3,"F"
0,0,3,2,"CCBBFBX","","","","43/G34+","T",1,0,0,0,0,"T"
0,1,1,2,"BSFS","","","","K","T",1,0,0,0,0,"F"
0,2,1,2,"CBSS","","","","K","T",1,0,0,0,0,"F"
1,0,1,0,"BX","","","","D8/L78XD","T",0,2,0,0,0,"F"
1,0,2,2,"B*BFFX","","naqut001","","S5/G5.2-H(E5/TH)(NR);B-2","T",0,2,0,4,0,"F"
1,0,1,2,"BCCX","","castn001","","43/G34D.2-3","T",1,0,0,3,0,"F"
1,1,3,1,"BBCBX","","","castn001","9/SF/F9D+.3-H(UR)","T",1,0,0,0,5,"F"
1,2,2,2,"CBSBS","","","","K","T",1,0,0,0,0,"F"
0,0,0,2,"FSFFFX","","","","31/G34","T",1,0,0,0,0,"F"
0,1,2,2,"FCBBC","","","","K","T",1,0,0,0,0,"F"
0,2,2,2,"BFSBS","","","","K","T",1,0,0,0,0,"F"
1,0,0,0,"X","","","","9/F89XD","T",1,0,0,0,0,"F"
1,1,0,2,"CCFFX","","","","53/G56","T",1,0,0,0,0,"F"
1,2,3,2,"BBBCFS","","","","K","T",1,0,0,0,0,"F"
0,0,2,2,"FFBFFFBFX","","","","D9/L9LD+","T",0,2,0,0,0,"F"
0,0,0,0,"X","","hoern001","","S7/L78S.2-3","T",0,1,0,3,0,"F"
0,0,0,0,"X","woltt001","","hoern001","34/SH/BG23.3-H;1-2","T",1,0,2,0,4,"F"
0,1,0,0,"X","","woltt001","","53/G56S.2-3","T",1,0,0,3,0,"F"
0,2,1,2,"CFBS","","","woltt001","K","T",1,0,0,0,3,"F"
1,0,0,1,"CX","","","","63/G6D+","T",1,0,0,0,0,"F"
1,1,0,2,"CFFH","","","","HP","T",0,1,0,0,0,"F"
1,1,1,2,"B1S1CX","naqut001","","","3/P34","T",1,0,1,0,0,"F"
1,2,2,2,"*BBSCF>B","naqut001","","","SB2","F",0,0,2,0,0,"F"
1,2,3,2,"*BBSCF>B.B","","naqut001","","W","T",0,1,0,2,0,"F"
1,2,3,1,"BCBBB","vottj001","naqut001","","W.2-3;1-2","T",0,1,2,3,0,"F"
1,2,1,2,"CBSFS","mousm001","vottj001","naqut001","K","T",1,0,1,2,3,"F"
0,0,1,2,"BSCX","","","","43/G34","T",1,0,0,0,0,"F"
0,1,2,2,"BTFBFX","","","","43/G34D+","T",1,0,0,0,0,"F"
0,2,0,0,"X","","","","D8/L89XD+","T",0,2,0,0,0,"F"
0,2,0,1,"CX","","boted002","","S9/L9.2-H;B-2","T",0,2,0,4,0,"F"
0,2,2,2,"BCSBX","","heywj001","","S9/L9S.2XH(92)","T",1,1,0,0,0,"F"
1,0,1,0,"BX","","","","43/G4M","T",1,0,0,0,0,"F"
1,1,0,0,"X","","","","S7/L7LS","T",0,1,0,0,0,"F"
1,1,0,0,"X","stept001","","","S9/L9.1-2","T",0,1,2,0,0,"F"
1,1,0,0,"X","farmk001","stept001","","15(2)/FO/BG15.1-2;B-1","T",1,1,2,0,0,"F"
1,2,3,1,"BCBB+2B","castl003","farmk001","","W.2-3;1-2","T",0,1,2,3,0,"F"
1,2,3,2,"BSBSB>X","naqut001","castl003","farmk001","43/G4D+","T",1,0,1,2,3,"F"
0,0,0,2,"CFX","","","","31/G3","T",1,0,0,0,0,"F"
0,1,0,1,".CX","","","","S6/G6","T",0,1,0,0,0,"F"
0,1,1,2,"CCBX","sogae001","","","S9/L9S.1X3(965)","T",1,1,0,0,0,"F"
0,2,0,2,"CF>B","happi001","","","SB2","F",0,0,2,0,0,"F"
0,2,2,2,"CF>B.*BX","","happi001","","8/L8+","T",1,0,0,2,0,"F"
1,0,1,2,".CSBC","","","","K","T",1,0,0,0,0,"F"
1,1,0,2,"CS*S","","","","K","T",1,0,0,0,0,"F"
1,2,2,2,"CBFBFFS","","","","K","T",1,0,0,0,0,"F"
0,0,1,2,"TFBFX","","","","S7/L78","T",0,1,0,0,0,"F"
0,0,3,2,"1BC1BFFFB>B","baezj001","","","W.1-2","T",0,1,2,0,0,"F"
0,0,0,1,"FX","rizza001","baezj001","","8/F8D","T",1,0,1,2,0,"F"
0,1,0,2,".CFF>S","rizza001","baezj001","","K+SB3","T",1,0,1,3,0,"F"
0,2,0,0,"X","rizza001","","baezj001","S8/L89.3-H;1-3","T",0,1,3,0,4,"F"
0,2,1,2,"B>FF>B","hoern001","","rizza001","SB2","F",0,0,2,0,3,"F"
0,2,2,2,"B>FF>B.C","","hoern001","rizza001","K","T",1,0,0,2,3,"F"
1,0,1,2,".BFCC","","","","K","T",1,0,0,0,0,"F"
1,1,0,2,"CCT","","","","K","T",1,0,0,0,0,"F"
1,2,2,2,"CBBSH","","","","HP","T",0,1,0,0,0,"F"
1,2,2,1,".SBBX","farmk001","","","43/G34","T",1,0,1,0,0,"F"
0,0,1,2,"..BCSC","","","","K","T",1,0,0,0,0,"F"
0,1,0,2,"FSS","","","","K","T",1,0,0,0,0,"F"
0,2,1,1,"CBX","","","","3/P34","T",1,0,0,0,0,"F"
1,0,3,2,".BBFSBC","","","","K","T",1,0,0,0,0,"F"
1,1,0,1,"FX","","","","8/L8XD","T",1,0,0,0,0,"F"
1,2,0,0,"X","","","","31/G3","T",1,0,0,0,0,"F"
0,0,2,2,"FBFBT","","","","K","T",1,0,0,0,0,"F"
0,1,1,2,".CCFBS","","","","K","T",1,0,0,0,0,"F"
0,2,1,0,"BX","","","","9/F9","T",1,0,0,0,0,"F"
1,0,0,0,"X","","","","63/G4M","T",1,0,0,0,0,"F"
1,1,2,2,".BFSBX","","","","43/G6M","T",1,0,0,0,0,"F"
1,2,0,0,"X","","","","63/G6","T",1,0,0,0,0,"F"
0,0,0,1,".CX","","","","63/G4MS","T",1,0,0,0,0,"F"
0,1,3,2,"SSBBBB","","","","W","T",0,1,0,0,0,"F"
0,1,2,2,"1CCB*B1S","hoern001","","","K","T",1,0,1,0,0,"F"
0,2,3,2,".BBFBC>F>S","hoern001","","","K","T",1,0,1,0,0,"F"
1,0,0,0,".X","","","","S8/L8","T",0,1,0,0,0,"F"
1,0,1,0,".B.X","hoffj003","","","S9/G3.1-3","T",0,1,3,0,0,"F"
1,0,3,2,".BCB*BCC","barnt001","","hoffj003","K","T",1,0,1,0,3,"F"
1,1,3,2,"BFBSF1BC","barnt001","","hoffj003","K","T",1,0,1,0,3,"F"
1,2,0,0,"X","barnt001","","hoffj003","43/G4M","T",1,0,1,0,3,"F"
0,0,0,0,"X","","","","D9/F9LD","T",0,2,0,0,0,"T"
0,0,0,0,"X","","happi001","","D7/G5.2-H","T",0,2,0,4,0,"F"
0,0,2,2,"SBFBT","","bryak001","","K","T",1,0,0,2,0,"F"
0,1,0,1,"CX","","bryak001","","3/G3+.2-3","T",1,0,0,3,0,"F"
0,2,2,2,"CBCBS","","","bryak001","K","T",1,0,0,0,3,"F"
1,0,3,1,"BBBCB","","","","W","T",0,1,0,0,0,"F"
1,0,2,2,"FCF*BBX","winkj002","","","S8/G6M.1-2","T",0,1,2,0,0,"F"
1,0,1,1,"BCX","castn001","winkj002","","S8/L89+.2-H;1-3","T",0,1,3,4,0,"F"
1,0,0,1,"C1X","vottj001","","castn001","56(1)3/GDP/G6.3-H(NR)","T",2,0,0,0,4,"F"
1,2,1,2,"BFFX","","","","9/F89S","T",1,0,0,0,0,"F"
0,0,0,0,"X","","","","53/G56S-","T",1,0,0,0,0,"F"
0,1,2,1,"CBBX","","","","S9/L3D","T",0,1,0,0,0,"F"
0,1,1,0,"B1X","hoern001","","","S7/L7L.1-3;B-2","T",0,2,3,0,0,"F"
0,1,2,2,"CBFBFX","","woltt001","hoern001","3/G34.3-H;2-3","T",1,0,0,3,4,"F"
0,2,1,2,"CCFBN","","","woltt001","CSH(12)","F",1,0,0,0,0,"F"
1,0,3,1,"BFBBX","","","","63/G4M","T",1,0,0,0,0,"F"
1,1,3,2,"SFBBFBB","","","","W","T",0,1,0,0,0,"F"
1,1,3,2,"11C1BCB*B>S","senzn001","","","K+CS2(26)/DP","T",2,0,0,0,0,"F"
0,0,2,2,"BBSCX","","","","2/P2","T",1,0,0,0,0,"F"
0,1,0,0,"X","","","","HR/F7D","T",0,4,0,0,0,"F"
0,1,2,2,"CSBBFX","","","","2/P2F/FL","T",1,0,0,0,0,"F"
0,2,0,0,"X","","","","HR/F8XD","T",0,4,0,0,0,"F"
0,2,2,0,"BBX","","","","63/G6","T",1,0,0,0,0,"F"
1,0,0,2,"FFC","","","","K","T",1,0,0,0,0,"F"
1,1,1,2,"BCSX","","","","S9/G34","T",0,1,0,0,0,"F"
1,1,3,0,"BBBX","winkj002","","","HR/F78XD.1-H","T",0,4,4,0,0,"F"
1,1,1,2,"BFCX","","","","53/G56","T",1,0,0,0,0,"F"
1,2,0,2,"CCX","","","","HR/L9LD","T",0,4,0,0,0,"F"
1,2,0,0,"X","","","","HR/F78XD","T",0,4,0,0,0,"F"
1,2,3,2,"FFBFFFBBF*B","","","","W","T",0,1,0,0,0,"F"
1,2,3,1,"B111BFBB","naqut001","","","W.1-2","T",0,1,2,0,0,"F"
1,2,2,1,".BCBX","senzn001","naqut001","","E6/G4M.2XH(65);1-2;B-1","T",1,1,2,0,0,"F"
0,0,2,1,"CBBX","","","","7/F78D","T",1,0,0,0,0,"F"
0,1,0,2,"FCS","","","","K","T",1,0,0,0,0,"F"
0,2,2,2,"BBCSFFS","","","","K","T",1,0,0,0,0,"F"
1,0,0,2,"FFC","","","","K","T",1,0,0,0,0,"F"
1,1,1,1,"CBX","","","","31/G34","T",1,0,0,0,0,"F"
1,2,0,2,"CFX","","","","31/G34-","T",1,0,0,0,0,"F"
0,0,0,1,".CX","","","","8/F78D","T",1,0,0,0,0,"F"
0,1,2,2,"SBBCC","","","","K","T",1,0,0,0,0,"F"
0,2,2,0,"BBX","","","","HR/F7D","T",0,4,0,0,0,"F"
0,2,1,0,"BX","","","","S7/G6","T",0,1,0,0,0,"F"
0,2,1,1,"BCX","baezj001","","","43/G34D","T",1,0,1,0,0,"F"
1,0,3,2,".BBFBFB","","","","W","T",0,1,0,0,0,"F"
1,0,0,0,"X","vottj001","","","6(1)3/GDP/G4M+","T",2,0,0,0,0,"F"
1,2,0,0,"X","","","","S7/L7S+","T",0,1,0,0,0,"F"
1,2,1,2,"CFBX","suare001","","","S7/G56+.1-2","T",0,1,2,0,0,"F"
1,2,0,0,"X","naqut001","suare001","","46(1)/FO/G4M.B-1","T",1,1,0,2,0,"F"
0,0,3,2,"CCBBBX","","","","D9/L9L","T",0,2,0,0,0,"F"
0,0,0,0,".X","","duffm002","","3/G34+.2-3","T",1,0,0,3,0,"F"
0,1,1,0,"BX","","","duffm002","D7/L7L.3-H","T",0,2,0,0,4,"F"
0,1,0,0,"N","","hoern001","","CS3(15)","F",1,0,0,0,0,"F"
0,2,0,2,"N.SCX","","","","7/F7","T",1,0,0,0,0,"F"
1,0,0,0,".X","","","","S6/G6M-","T",0,1,0,0,0,"F"
1,0,0,2,".CFC","barnt001","","","K","T",1,0,1,0,0,"F"
1,1,1,2,"FBFFH","barnt001","","","HP.1-2","T",0,1,2,0,0,"F"
1,1,0,0,"X","winkj002","barnt001","","S7/G56+.2-3;1-2","T",0,1,2,3,0,"F"
1,1,0,2,"FSS","castn001","winkj002","barnt001","K","T",1,0,1,2,3,"F"
1,2,1,2,"CSBFH","castn001","winkj002","barnt001","HP.3-H;2-3;1-2","T",0,1,2,3,4,"F"
1,2,1,1,"FBX","mousm001","castn001","winkj002","S7/G56.3-H;2-H;1-3;B-2(E7/TH)","T",0,2,3,4,4,"F"
1,2,2,1,"*BBFX","","suare001","mousm001","9/F9","T",1,0,0,2,3,"F"
0,0,2,1,"..BBCX","","","","13/G1S-","T",1,0,0,0,0,"F"
0,1,1,1,"CBX","","","","S7/L7LD+","T",0,1,0,0,0,"F"
0,1,1,2,"CBSX","happi001","","","3/G3S-.1-2","T",1,0,2,0,0,"F"
0,2,2,2,"BBCFX","","happi001","","HR/F8XD.2-H","T",0,4,0,4,0,"F"
0,2,0,1,"...CX","","","","3/G3+","T",1,0,0,0,0,"F"
1,0,1,2,".FFBFFX","","","","S5/G56S","T",0,1,0,0,0,"F"
1,0,3,1,"SBB*BX","senzn001","","","HR/F9D.1-H","T",0,4,4,0,0,"F"
1,0,1,1,"CBX","","","","43/G6M","T",1,0,0,0,0,"F"
1,1,3,2,"CCBBBT","","","","K","T",1,0,0,0,0,"F"
1,2,0,0,"X","","","","HR/L9D","T",0,4,0,0,0,"F"
1,2,1,0,"BX","","","","43/G34D","T",1,0,0,0,0,"F"
0,0,3,2,"BBBCCFB","","","","W","T",0,1,0,0,0,"F"
0,0,0,2,"CSX","duffm002","","","56(1)/FO/G6D+.B-1","T",1,1,0,0,0,"F"
0,1,0,0,"X","heywj001","","","9/L9D","T",1,0,1,0,0,"F"
0,2,3,2,"BBBCC>B","heywj001","","","W.1-2","T",0,1,2,0,0,"F"
0,2,0,1,".FX","woltt001","heywj001","","S9/L34D-.2-H;1-3","T",0,1,3,4,0,"F"
0,2,1,2,"BCSX","marij002","","woltt001","HR/F9D.3-H;1-H","T",0,4,4,0,4,"F"
0,2,1,2,"CSBFT","","","","K","T",1,0,0,0,0,"F"
1,0,2,2,".FBBFX","","","","D8/L78","T",0,2,0,0,0,"F"
1,0,0,2,"CFFS","","mousm001","","K","T",1,0,0,2,0,"F"
1,1,2,0,".BBX","","mousm001","","4/P8S","T",1,0,0,2,0,"F"
1,2,1,2,"....CBSFS","","mousm001","","K","T",1,0,0,2,0,"F"
0,0,0,1,".FX","","","","4/P4M","T",1,0,0,0,0,"F"
0,1,0,0,"X","","","","5/P25F/FL","T",1,0,0,0,0,"F"
0,2,3,2,"CCBFBFBFX","","","","9/F9","T",1,0,0,0,0,"F"
1,0,0,2,".FCS","","","","K","T",1,0,0,0,0,"F"
1,1,2,1,"CBBX","","","","63/G6","T",1,0,0,0,0,"F"
1,2,3,2,"BBBCCFX","","","","7/F7D","T",1,0,0,0,0,"F"
0,0,0,2,"..CFS","","duffm002","","K","T",1,0,0,2,0,"F"
0,1,3,0,"VVVV","","duffm002","","IW","T",0,1,0,2,0,"F"
0,1,0,1,"C>B","hoern001","duffm002","","SB3;SB2","F",0,0,2,3,0,"F"
0,1,2,2,"C>B.BSS","","hoern001","duffm002","K","T",1,0,0,2,3,"F"
0,2,2,2,"..CBBC*S","","hoern001","duffm002","K","T",1,0,0,2,3,"F"
1,0,2,1,"..BBFB","","winkj002","","PB.2-3","F",0,0,0,3,0,"F"
1,0,3,1,"..BBFB.X","","","winkj002","S8/L8.3-H(UR)","T",0,1,0,0,5,"F"
0,0,1,0,"BX","","","","43/G4","T",1,0,0,0,0,"T"
0,1,1,2,"CCBX","","","","8/L8D","T",1,0,0,0,0,"F"
0,2,3,2,"CBSBBFX","","","","8/F78XD+","T",1,0,0,0,0,"F"
1,0,3,2,"FFBBBS","","","","K","T",1,0,0,0,0,"F"
1,1,2,2,"SSBFBFS","","","","K","T",1,0,0,0,0,"F"
1,2,1,1,"BSX","","","","3/G3","T",1,0,0,0,0,"F"
0,0,3,2,"FBFBBX","","","","HR/F78XD","T",0,4,0,0,0,"F"
0,0,2,2,"CBBC*S","","","","K.BX1(23)","T",1,0,0,0,0,"F"
0,1,1,2,"CCB*S","","","","K","T",1,0,0,0,0,"F"
0,2,3,2,"BBBCC*B","","","","W","T",0,1,0,0,0,"F"
0,2,1,2,"BFSX","grany001","","","S8/L78D.1-2","T",0,1,2,0,0,"F"
0,2,0,0,"X","garcl004","grany001","","S5/G5.2-3;1-2","T",0,1,2,3,0,"F"
0,2,1,0,"BX","ceasd001","garcl004","grany001","S9/G4+.3-H;2-H;1-3","T",0,1,3,4,4,"F"
0,2,3,2,"1BBBCC>F>F>*S","andet001","","ceasd001","K.BX1(23)","T",1,0,1,0,3,"F"
1,0,1,2,"BCSFT","","","","K","T",1,0,0,0,0,"F"
1,1,3,1,"CBBB*B","","","","W","T",0,1,0,0,0,"F"
1,1,0,0,"X","suare001","","","6/P6M","T",1,0,1,0,0,"F"
1,2,2,2,"CFBFBC","suare001","","","K","T",1,0,1,0,0,"F"
0,0,1,1,"CBX","","","","D9/L9L+","T",0,2,0,0,0,"F"
0,0,1,0,"BB","","moncy001","","WP.2-3","F",0,0,0,3,0,"F"
0,0,2,2,"BB.CFT","","","moncy001","K","T",1,0,0,0,3,"F"
0,1,3,2,"*BBBCFH","","","moncy001","HP","T",0,1,0,0,3,"F"
0,1,2,2,".SSF11BBX","eatoa002","","moncy001","8/SF/F89D.3-H","T",1,0,1,0,4,"F"
0,2,2,2,"CC1BBFX","eatoa002","","","9/F9L","T",1,0,1,0,0,"F"
1,0,3,1,"BBSBB","","","","W","T",0,1,0,0,0,"F"
1,0,2,1,"1BBL>X","indij001","","","34/SH/BG3S.1-2","T",1,0,2,0,0,"F"
1,1,3,2,"C*B*BCB*B","","indij001","","W","T",0,1,0,2,0,"F"
1,1,1,2,"SFBS","winkj002","indij001","","K","T",1,0,1,2,0,"F"
1,2,0,2,"TSS","winkj002","indij001","","K","T",1,0,1,2,0,"F"
0,0,3,1,"BBBCB","","","","W","T",0,1,0,0,0,"F"
0,0,0,0,"X","garcl004","","","D9/F9D.1-3","T",0,2,3,0,0,"F"
0,0,3,2,"BFSBBFFX","","ceasd001","garcl004","S8/L8+.3-H;2-3","T",0,1,0,3,4,"F"
0,0,0,1,"CX","andet001","","ceasd001","14(1)/FO/G13-.B-1","T",1,1,0,0,3,"F"
0,1,2,1,"BFBX","madrn001","","ceasd001","S9/L9+.3-H;1-3","T",0,1,3,0,4,"F"
0,1,1,2,"CBFX","moncy001","","madrn001","7/SF/L7D+.3-H","T",1,0,1,0,4,"F"
0,2,0,2,"FFC","moncy001","","","K","T",1,0,1,0,0,"F"
1,0,1,0,"BX","","","","5/P5F/FL","T",1,0,0,0,0,"F"
1,1,3,1,"BCBBX","","","","43/G4","T",1,0,0,0,0,"F"
1,2,1,0,"BX","","","","3/G3","T",1,0,0,0,0,"F"
0,0,0,2,".CFX","","","","E6/G6","T",0,1,0,0,0,"F"
0,0,3,2,"B*BCBFB","vauga001","","","W.1-2","T",0,1,2,0,0,"F"
0,0,0,2,"CFFC","grany001","vauga001","","K","T",1,0,1,2,0,"F"
0,1,1,0,"BX","grany001","vauga001","","S9/L9S.2-3;1-2","T",0,1,2,3,0,"F"
0,1,0,2,"FTS","ceasd001","grany001","vauga001","K","T",1,0,1,2,3,"F"
0,2,2,1,"BCBX","ceasd001","grany001","vauga001","S9/G34.3-H(UR);2-3;1-2","T",0,1,2,3,5,"F"
0,2,0,1,"CX","madrn001","ceasd001","grany001","6(1)/FO/G4M.B-1","T",1,1,0,2,3,"F"
1,0,3,2,"BSBFBX","","","","S9/L9L","T",0,1,0,0,0,"F"
1,0,2,2,"BCBCC","barnt001","","","K","T",1,0,1,0,0,"F"
1,1,0,2,"CSS","barnt001","","","K","T",1,0,1,0,0,"F"
1,2,0,2,"CSB","barnt001","","","WP.1-2","F",0,0,2,0,0,"F"
1,2,2,2,"CSB.FBC","","barnt001","","K","T",1,0,0,2,0,"F"
0,0,2,0,"..BBX","","","","53/G5","T",1,0,0,0,0,"F"
0,1,2,2,"BFBFFC","","","","K","T",1,0,0,0,0,"F"
0,2,2,1,"FBBX","","","","8/F8D","T",1,0,0,0,0,"F"
1,0,1,2,"..CFBC","","","","K","T",1,0,0,0,0,"F"
1,1,3,2,"BBBCFFC","","","","K","T",1,0,0,0,0,"F"
1,2,0,2,"CCX","","","","13/G4MS","T",1,0,0,0,0,"F"
0,0,2,2,"..BCSBT","","","","K","T",1,0,0,0,0,"F"
0,1,1,2,"FFBFFFFX","","","","8/F8D","T",1,0,0,0,0,"F"
0,2,3,2,".SBSFBBX","","","","8/F8D","T",1,0,0,0,0,"F"
1,0,3,2,"..CCBBBFX","","","","63/G6","T",1,0,0,0,0,"F"
1,1,0,0,"X","","","","43/G4","T",1,0,0,0,0,"F"
1,2,1,0,"BX","","","","D9/L89XD+","T",0,2,0,0,0,"F"
1,2,1,2,"BSSS","","barnt001","","K","T",1,0,0,2,0,"F"
0,0,1,2,"SSBS","","","","K","T",1,0,0,0,0,"F"
0,1,0,1,"FX","","","","S8/G6M+","T",0,1,0,0,0,"F"
0,1,3,1,".B*BBC*B","madrn001","","","W.1-2","T",0,1,2,0,0,"F"
0,1,2,2,"BBSSX","mendd002","madrn001","","S8/G6M.2-H;1-3","T",0,1,3,4,0,"F"
0,1,0,2,"SFS","abrej003","","mendd002","K","T",1,0,1,0,3,"F"
0,2,2,1,"BC*BX","abrej003","","mendd002","8/F89","T",1,0,1,0,3,"F"
1,0,1,2,".BSFX","","","","7/L7D+","T",1,0,0,0,0,"F"
1,1,0,1,"CX","","","","63/G4M","T",1,0,0,0,0,"F"
1,2,1,2,"FFBS","","","","K","T",1,0,0,0,0,"F"
0,0,3,2,"...BSBCB*B","","","","W","T",0,1,0,0,0,"F"
0,0,0,0,"X","collz001","","","65(1)3/GDP/G4","T",2,0,0,0,0,"F"
0,2,0,2,"CSFX","","","","53/G6S","T",1,0,0,0,0,"F"
1,0,3,1,".FBBBB","","","","W","T",0,1,0,0,0,"F"
1,0,2,2,"CS*B*BFS","stept001","","","K","T",1,0,1,0,0,"F"
1,1,0,0,"X","stept001","","","3/P3F/FL.1-2","T",1,0,2,0,0,"F"
1,2,1,2,"CSBX","","stept001","","63/G4","T",1,0,0,2,0,"F"
0,0,0,0,"X","","","","63/G6","T",1,0,0,0,0,"T"
0,1,3,1,"CBBBX","","","","143/G4","T",1,0,0,0,0,"F"
0,2,2,1,"CBBX","","","","31/G34","T",1,0,0,0,0,"F"
1,0,3,2,"FFBBFFFBB","","","","W","T",0,1,0,0,0,"F"
1,0,3,2,"C*B*BCBFX","senzn001","","","D9/L9LS.1-3","T",0,2,3,0,0,"F"
1,0,1,1,"CBX","","winkj002","senzn001","FC/G3.3XH(32);2-3;B-1","T",1,1,0,3,0,"F"
1,1,0,0,"X","vottj001","","winkj002","64(1)3/GDP/G6S","T",2,0,0,0,3,"F"
0,0,0,1,"CX","","","","43/G4M","T",1,0,0,0,0,"F"
0,1,0,0,"H","","","","HP","T",0,1,0,0,0,"F"
0,1,3,0,"BBBB","vauga001","","","W.1-2","T",0,1,2,0,0,"F"
0,1,2,2,"BBFFFFS","grany001","vauga001","","K","T",1,0,1,2,0,"F"
0,2,2,2,"SC*BBS","grany001","vauga001","","K","T",1,0,1,2,0,"F"
1,0,1,2,"BCFX","","","","8/F78XD","T",1,0,0,0,0,"F"
1,1,0,1,"FX","","","","53/G56","T",1,0,0,0,0,"F"
1,2,0,1,"SX","","","","43/G34D","T",1,0,0,0,0,"F"
0,0,2,2,"BBCCX","","","","63/G6","T",1,0,0,0,0,"F"
0,1,1,1,"BFX","","","","S9/L9S","T",0,1,0,0,0,"F"
0,1,0,1,"FX","andet001","","","9/F9L","T",1,0,1,0,0,"F"
0,2,1,0,"1B1>C","andet001","","","SB2","F",0,0,2,0,0,"F"
0,2,1,1,"1B1>C.X","","andet001","","43/G4D+","T",1,0,0,2,0,"F"
1,0,0,0,"X","","","","43/G4M","T",1,0,0,0,0,"F"
1,1,1,2,"CFBX","","","","13/G23","T",1,0,0,0,0,"F"
1,2,1,0,"BX","","","","63/G6","T",1,0,0,0,0,"F"
0,0,3,2,"CFFBBBS","","","","K","T",1,0,0,0,0,"F"
0,1,1,2,"CBC*S","","","","K","T",1,0,0,0,0,"F"
0,2,1,2,"CCBC","","","","K","T",1,0,0,0,0,"F"
1,0,0,0,"X","","","","3/G3","T",1,0,0,0,0,"F"
1,1,0,2,"CFH","","","","HP","T",0,1,0,0,0,"F"
1,1,3,2,"*BCBFBF1B","vottj001","","","W.1-2","T",0,1,2,0,0,"F"
1,1,1,2,"F*BSX","suare001","vottj001","","3/L3","T",1,0,1,2,0,"F"
1,2,1,0,"BX","suare001","vottj001","","3/P3D","T",1,0,1,2,0,"F"
0,0,1,2,"SBFS","","","","K","T",1,0,0,0,0,"F"
0,1,1,0,"BX","","","","63/G4M","T",1,0,0,0,0,"F"
0,2,1,2,"CBSC","","","","K","T",1,0,0,0,0,"F"
1,0,1,0,"BX","","","","S9/L89","T",0,1,0,0,0,"F"
1,0,3,2,"BBBCSFF1X","naqut001","","","54(1)3/GDP/G56","T",2,0,0,0,0,"F"
1,2,0,0,"X","","","","13/G15-","T",1,0,0,0,0,"F"
0,0,0,1,".SX","","","","9/L9+","T",1,0,0,0,0,"F"
0,1,0,2,"CCX","","","","S9/G3","T",0,1,0,0,0,"F"
0,1,1,2,".B>FFFFC","madrn001","","","K","T",1,0,1,0,0,"F"
0,2,0,1,"C1X","madrn001","","","64(1)/FO/G6.B-1","T",1,1,0,0,0,"F"
1,0,0,0,"X","","","","63/G6+","T",1,0,0,0,0,"F"
1,1,3,2,"BBCBCX","","","","43/G34D","T",1,0,0,0,0,"F"
1,2,3,1,"BBCBB","","","","W","T",0,1,0,0,0,"F"
1,2,2,0,"*B*BX","farmk001","","","7/L7D","T",1,0,1,0,0,"F"
0,0,0,1,"CX","","","","9/F9S","T",1,0,0,0,0,"F"
0,1,3,1,"BCBBB","","","","W","T",0,1,0,0,0,"F"
0,1,0,0,"X","grany001","","","43/G34.1-2","T",1,0,2,0,0,"F"
0,2,0,1,"FX","","grany001","","13/G4S","T",1,0,0,2,0,"F"
1,0,3,1,"BFBBX","","","","3/G3D","T",1,0,0,0,0,"F"
1,1,3,2,"SFBBBS","","","","K","T",1,0,0,0,0,"F"
1,2,2,2,"BFCFBX","","","","3/G3S-","T",1,0,0,0,0,"F"
0,0,3,2,"...BBCFBFC","","","","K","T",1,0,0,0,0,"F"
0,1,1,2,"SFBS","","","","K","T",1,0,0,0,0,"F"
0,2,0,2,"CCX","","","","53/G56","T",1,0,0,0,0,"F"
1,0,3,2,".CBFBBFS","","","","K","T",1,0,0,0,0,"F"
1,1,1,2,"CFBS","","","","K","T",1,0,0,0,0,"F"
1,2,3,0,"BBBB","","","","W","T",0,1,0,0,0,"F"
1,2,3,2,"1BSBBF>B","senzn001","","","W.1-2","T",0,1,2,0,0,"F"
1,2,1,0,"BX","winkj002","senzn001","","6/P4M","T",1,0,1,2,0,"F"
0,0,1,2,"CFFBX","","","","8/F8XD+","T",1,0,0,0,0,"F"
0,1,3,2,"CCFBFBBB","","","","W","T",0,1,0,0,0,"F"
0,1,0,1,"CX","abrej003","","","4(1)3/GDP/G4M","T",2,0,0,0,0,"F"
1,0,3,2,"CBBBSFS","","","","K","T",1,0,0,0,0,"F"
1,1,2,2,"BCBSS","","","","K","T",1,0,0,0,0,"F"
1,2,0,1,".CX","","","","S9/L89D.B-2(E9)","T",0,2,0,0,0,"F"
1,2,3,0,"VVVV","","blana002","","IW","T",0,1,0,2,0,"F"
1,2,3,2,"BBCSB>B","naqut001","blana002","","W.2-3;1-2","T",0,1,2,3,0,"F"
1,2,2,2,"..SBCBX","indij001","naqut001","blana002","5(2)/FO/G5.B-1","T",1,1,1,0,3,"F"
0,0,3,1,"..BSBBB","","hendl001","","W","T",0,1,0,2,0,"F"
0,0,1,2,"BFFX","grany001","hendl001","","54(1)/FO/G56.2-3;B-1","T",1,1,0,3,0,"F"
0,1,1,2,"C*S*B>B","garcl004","","hendl001","CS2(26)","F",1,0,0,0,3,"F"
0,2,2,2,"C*S*B>B.S","","","hendl001","K","T",1,0,0,0,3,"F"
1,0,1,2,".SFF*BX","","barnt001","","S7/L7.2-3","T",0,1,0,3,0,"F"
1,0,2,2,"CSFFBFBX","senzn001","","barnt001","S8/L89.3-H(UR);1-2","T",0,1,2,0,5,"F"
0,0,3,1,"BBBCB","","","","W","T",0,1,0,0,0,"T"
0,0,0,2,"CCFX","taucm001","","","64(1)/FO/G6.B-1","T",1,1,0,0,0,"F"
0,1,1,0,"BX","poseb001","","","S35/G4S.1-2","T",0,1,2,0,0,"F"
0,1,1,2,"C*S*BX","yastm001","poseb001","","S8/L8S.2-3;1-2","T",0,1,2,3,0,"F"
0,1,2,2,"BCBFX","ruf-d001","yastm001","poseb001","FC4/G4.3-H;2XH(52);1-2(E4/TH);B-1","T",1,1,2,0,4,"F"
0,2,1,1,"C*BX","crawb001","ruf-d001","","7/F7","T",1,0,1,2,0,"F"
1,0,1,1,"BCX","","","","8/L8D","T",1,0,0,0,0,"F"
1,1,0,1,"CX","","","","43/G34","T",1,0,0,0,0,"F"
1,2,3,2,"BSSBBB","","","","W","T",0,1,0,0,0,"F"
1,2,0,1,"CX","castn001","","","53/G56","T",1,0,1,0,0,"F"
0,0,1,1,"BCX","","","","3/G3","T",1,0,0,0,0,"F"
0,1,1,1,"BCX","","","","13/G3S","T",1,0,0,0,0,"F"
0,2,1,1,"CBX","","","","63/G6","T",1,0,0,0,0,"F"
1,0,0,0,"X","","","","S7/L7S","T",0,1,0,0,0,"F"
1,0,0,2,"CCS","suare001","","","K","T",1,0,1,0,0,"F"
1,1,0,0,"X","suare001","","","S8/L8D+.1-2","T",0,1,2,0,0,"F"
1,1,2,2,"BCCBX","barnt001","suare001","","E5/TH/G5.2-3;1-2;B-1","T",0,1,2,3,0,"F"
1,1,2,2,"BCBCS","indij001","barnt001","suare001","K","T",1,0,1,2,3,"F"
1,2,3,2,"FFBBFB>X","indij001","barnt001","suare001","3/G3","T",1,0,1,2,3,"F"
0,0,3,2,"BCBBCX","","","","S8/G4M","T",0,1,0,0,0,"F"
0,0,1,2,"CBFS","taucm001","","","K","T",1,0,1,0,0,"F"
0,1,1,0,"BX","taucm001","","","8/F8D","T",1,0,1,0,0,"F"
0,2,2,2,"B1BCC>S","taucm001","","","K","T",1,0,1,0,0,"F"
1,0,0,0,"X","","","","43/G4","T",1,0,0,0,0,"F"
1,1,3,1,"CBBBX","","","","S9/L9+","T",0,1,0,0,0,"F"
1,1,0,0,"X","castn001","","","S9/G4+.1-2","T",0,1,2,0,0,"F"
1,1,1,0,"BX","naqut001","castn001","","64(1)3/GDP/G56","T",2,0,0,2,0,"F"
0,0,2,2,"SBTBX","","","","E6/G6.B-1","T",0,1,0,0,0,"F"
0,0,0,0,"B","crawb001","","","WP.1-2","F",0,0,2,0,0,"F"
0,0,2,0,"B.BX","","crawb001","","HR/L9D.2-H(UR)","T",0,4,0,5,0,"F"
0,0,0,1,"CX","","","","6/P6","T",1,0,0,0,0,"F"
0,1,1,2,"BFF*S","","","","K","T",1,0,0,0,0,"F"
0,2,0,0,"X","","","","4/P4","T",1,0,0,0,0,"F"
1,0,1,1,"CBX","","","","43/G4","T",1,0,0,0,0,"F"
1,1,1,2,"BFSX","","","","7/F7D","T",1,0,0,0,0,"F"
1,2,2,2,"CSBBX","","","","53/G56","T",1,0,0,0,0,"F"
0,0,0,1,"CX","","","","43/G4","T",1,0,0,0,0,"F"
0,1,3,2,"BFBBTX","","","","53/G56S-","T",1,0,0,0,0,"F"
0,2,3,2,"CBBBCFX","","","","HR/F89XD","T",0,4,0,0,0,"F"
0,2,3,2,"CBBBF*B","","","","W","T",0,1,0,0,0,"F"
0,2,0,1,"SX","ruf-d001","","","343/L34D+","T",1,0,1,0,0,"F"
1,0,1,1,".BCX","","","","53/G56","T",1,0,0,0,0,"F"
1,1,1,1,"BCX","","","","S8/L78","T",0,1,0,0,0,"F"
1,1,0,2,"CFX","winkj002","","","54(1)3/GDP/G56","T",2,0,0,0,0,"F"
0,0,0,1,".CX","","","","S6/G56","T",0,1,0,0,0,"F"
0,0,1,0,"BX","florw001","","","46(1)3/GDP/G34","T",2,0,0,0,0,"F"
0,2,3,2,"CBCBBX","","","","HR/F78XD","T",0,4,0,0,0,"F"
0,2,1,2,"CCBS","","","","K","T",1,0,0,0,0,"F"
1,0,2,2,"BCFBX","","","","S7/G56","T",0,1,0,0,0,"F"
1,0,2,2,"BFBFS","castn001","","","K","T",1,0,1,0,0,"F"
1,1,1,2,"FBCFS","castn001","","","K","T",1,0,1,0,0,"F"
1,2,3,2,"BFB*SB>X","castn001","","","9/L9S","T",1,0,1,0,0,"F"
0,0,0,2,"CSFX","","","","63/G4M","T",1,0,0,0,0,"F"
0,1,2,1,"CBBX","","","","53/G56S-","T",1,0,0,0,0,"F"
0,2,2,2,"BCSBS","","","","K","T",1,0,0,0,0,"F"
1,0,2,2,"..BBCCS","","","","K","T",1,0,0,0,0,"F"
1,1,0,1,"FX","","","","53/G5","T",1,0,0,0,0,"F"
1,2,3,0,".BBBB","","","","W","T",0,1,0,0,0,"F"
1,2,0,0,"B","stept001","","","WP.1-2","F",0,0,2,0,0,"F"
1,2,2,0,"B.BX","","stept001","","S8/L78+.2-H","T",0,1,0,4,0,"F"
1,2,0,2,"CSFC","winkj002","","","K","T",1,0,1,0,0,"F"
0,0,3,0,"..BBBB","","","","W","T",0,1,0,0,0,"F"
0,0,0,2,"FSS","ruf-d001","","","K","T",1,0,1,0,0,"F"
0,1,0,2,"C*SX","ruf-d001","","","S7/G5+.1-3;BX2(74)","T",1,0,3,0,0,"F"
0,2,3,1,".*BBCB*B","","","ruf-d001","W","T",0,1,0,0,3,"F"
0,2,1,2,"BCC1","slata001","","ruf-d001","POCS2(1346).3-H(NR)","F",1,0,0,0,4,"F"
1,0,2,2,"...CBBSS","","","","K","T",1,0,0,0,0,"F"
1,1,1,1,"BCX","","","","HR/F7D","T",0,4,0,0,0,"F"
1,1,3,2,"FBFBBX","","","","HR/F7LD","T",0,4,0,0,0,"F"
1,1,1,1,"BCX","","","","7/L7D","T",1,0,0,0,0,"F"
1,2,3,1,"..BCBBB","","","","W","T",0,1,0,0,0,"F"
1,2,3,2,"BCBCB>F>F>X","mousm001","","","6/P6MS","T",1,0,1,0,0,"F"
0,0,3,1,"...BBCBB","","","","W","T",0,1,0,0,0,"F"
0,0,1,0,".*B1X","dubom001","","","3/G3.1-2","T",1,0,2,0,0,"F"
0,1,2,2,"C*BFBFS","","dubom001","","K","T",1,0,0,2,0,"F"
0,2,0,2,"SFB","","dubom001","","WP.2-3","F",0,0,0,3,0,"F"
0,2,1,2,"SFB.X","","","dubom001","5/P1S","T",1,0,0,0,3,"F"
1,0,1,2,"...CFBX","","","","S8/G4M","T",0,1,0,0,0,"F"
1,0,1,1,"CBX","stept001","","","6(1)3/GDP/G6M","T",2,0,0,0,0,"F"
1,2,2,1,"BBFX","","","","E6/TH/G6.B-1","T",0,1,0,0,0,"F"
1,2,0,2,"FSX","senzn001","","","8/F8","T",1,0,1,0,0,"F"
0,0,3,2,"CBBSBT","","","","K","T",1,0,0,0,0,"T"
0,1,1,2,"CBSS","","","","K","T",1,0,0,0,0,"F"
0,2,3,2,"CBFBBS","","","","K","T",1,0,0,0,0,"F"
1,0,0,2,"CFX","","","","HR/F89XD","T",0,4,0,0,0,"F"
1,0,2,1,"BSBX","","","","S8/L8D","T",0,1,0,0,0,"F"
1,0,0,2,"FSC","castn001","","","K","T",1,0,1,0,0,"F"
1,1,0,2,"FFN","castn001","","","CS2(153)","F",1,0,0,0,0,"F"
1,2,3,2,"FFN.BBBX","","","","9/F9D","T",1,0,0,0,0,"F"
0,0,1,2,"CBCX","","","","43/G4","T",1,0,0,0,0,"F"
0,1,2,2,"SBFBS","","","","K.BX1(23)","T",1,0,0,0,0,"F"
0,2,3,1,"BFBBB","","","","W","T",0,1,0,0,0,"F"
0,2,0,0,"X","florw001","","","D8/L89XD+.1-3","T",0,2,3,0,0,"F"
0,2,3,0,"VVVV","","dicka001","florw001","IW","T",0,1,0,2,3,"F"
0,2,1,2,".BCSS","casac001","dicka001","dubom001","K","T",1,0,1,2,3,"F"
1,0,1,1,".SBX","","","","S7/G5","T",0,1,0,0,0,"F"
1,0,2,2,"FF1*BBX","farmk001","","","S7/G56.1-2","T",0,1,2,0,0,"F"
1,0,3,2,"BBCBSS","indij001","farmk001","","K","T",1,0,1,2,0,"F"
1,1,0,2,"SFC","indij001","farmk001","","K","T",1,0,1,2,0,"F"
1,2,1,2,"SFBS","indij001","farmk001","","K","T",1,0,1,2,0,"F"
0,0,2,2,"BFSBS","","","","K","T",1,0,0,0,0,"F"
0,1,1,2,"CCBFS","","","","K","T",1,0,0,0,0,"F"
0,2,3,1,"BCBBB","","","","W","T",0,1,0,0,0,"F"
0,2,2,2,"SB1BFS","yastm001","","","K","T",1,0,1,0,0,"F"
1,0,3,2,"CCBBFBX","","","","6/P6MD","T",1,0,0,0,0,"F"
1,1,0,0,"X","","","","53/G56","T",1,0,0,0,0,"F"
1,2,2,2,"BBCCC","","","","K","T",1,0,0,0,0,"F"
0,0,0,0,"X","","","","S7/G6","T",0,1,0,0,0,"F"
0,0,0,0,"X","crawb001","","","S7/L78D.1-3","T",0,1,3,0,0,"F"
0,0,1,1,"FBX","dubom001","","crawb001","HR/F9LD.3-H;1-H","T",0,4,4,0,4,"F"
0,0,0,0,"X","","","","63/G6","T",1,0,0,0,0,"F"
0,1,2,2,"BCSBC","","","","K","T",1,0,0,0,0,"F"
0,2,1,2,"SBFS","","","","K","T",1,0,0,0,0,"F"
1,0,3,0,"BBBB","","","","W","T",0,1,0,0,0,"F"
1,0,3,2,"BBBCCX","naqut001","","","8/F89D","T",1,0,1,0,0,"F"
1,1,0,0,"1X","naqut001","","","8/F78XD","T",1,0,1,0,0,"F"
1,2,0,0,"X","naqut001","","","8/F8D","T",1,0,1,0,0,"F"
0,0,2,1,"TBBX","","","","S7/G6","T",0,1,0,0,0,"F"
0,0,0,1,"FX","ruf-d001","","","D9/L89D.1-3","T",0,2,3,0,0,"F"
0,0,1,2,"CSF*B.S","","yastm001","ruf-d001","K","T",1,0,0,2,3,"F"
0,1,3,2,"BFB*SBFX","","yastm001","ruf-d001","FC/G34S.3XH(32);2-3;B-1","T",1,1,0,3,0,"F"
0,2,1,1,"BCX","crawb001","","yastm001","3/P2F/FL","T",1,0,1,0,3,"F"
1,0,3,2,"BCBBFX","","","","5/P56","T",1,0,0,0,0,"F"
1,1,3,2,".BSFBBS","","","","K","T",1,0,0,0,0,"F"
1,2,2,0,"BBX","","","","S9/L9","T",0,1,0,0,0,"F"
1,2,3,2,"CBBFFB>F>B","winkj002","","","W.1-2","T",0,1,2,0,0,"F"
1,2,0,1,"CX","castn001","winkj002","","6/P6D","T",1,0,1,2,0,"F"
0,0,1,2,".CSBFX","","","","S9/L9D+","T",0,1,0,0,0,"F"
0,0,1,0,"BX","dicka001","","","8/F78XD+","T",1,0,1,0,0,"F"
0,1,0,0,"1X","dicka001","","","23/SH/BG23.1-2","T",1,0,2,0,0,"F"
0,2,3,1,"BFBBB","","dicka001","","W","T",0,1,0,2,0,"F"
0,2,3,2,".BBSBC>C","taucm001","dicka001","","K","T",1,0,1,2,0,"F"
1,0,2,2,"BBSSC","","","","K","T",1,0,0,0,0,"F"
1,1,0,0,"X","","","","9/F9D","T",1,0,0,0,0,"F"
1,2,1,2,"CFBX","","","","3/P3SF/FL","T",1,0,0,0,0,"F"
0,0,0,0,"X","","","","7/F7LD","T",1,0,0,0,0,"F"
0,1,2,1,"CBBX","","","","8/F8XD","T",1,0,0,0,0,"F"
0,2,3,2,"FFFFBFBBX","","","","HR/F9LD","T",0,4,0,0,0,"F"
0,2,3,2,"LBBBSS","","","","K","T",1,0,0,0,0,"F"
1,0,1,0,"BX","","","","8/F8XD","T",1,0,0,0,0,"F"
1,1,0,1,"CX","","","","S9/F89S","T",0,1,0,0,0,"F"
1,1,3,1,".BBF1BX","blana002","","","7/L7","T",1,0,1,0,0,"F"
1,2,0,0,"X","blana002","","","43/G34D+","T",1,0,1,0,0,"F"
0,0,1,1,".CBX","","","","43/G4D","T",1,0,0,0,0,"F"
0,1,2,2,"BBCCS","","","","K","T",1,0,0,0,0,"F"
0,2,0,2,".CCS","","","","K","T",1,0,0,0,0,"F"
1,0,0,2,"...CSX","","","","HR/F7D","T",0,4,0,0,0,"F"
1,0,0,0,"X","","","","63/G56D+","T",1,0,0,0,0,"F"
1,1,0,1,"FX","","","","S9/G3+","T",0,1,0,0,0,"F"
1,1,1,2,".FBSFS","naqut001","","","K","T",1,0,1,0,0,"F"
1,2,1,0,"*BX","naqut001","","","43/G8S+","T",1,0,1,0,0,"F"
0,0,2,2,"...CFBFBC","","","","K","T",1,0,0,0,0,"F"
0,1,2,2,"BFBF*S","","","","K","T",1,0,0,0,0,"F"
0,2,2,2,"BBCFX","","","","9/F89S","T",1,0,0,0,0,"F"
1,0,1,2,".CFFBX","","","","7/L78","T",1,0,0,0,0,"F"
1,1,0,1,"CX","","","","63/G6","T",1,0,0,0,0,"F"
1,2,1,0,".BX","","","","3/P3F/FL","T",1,0,0,0,0,"F"
0,0,1,1,"BCX","","","","63/G56+","T",1,0,0,0,0,"T"
0,1,0,1,"CX","","","","S8/G6M","T",0,1,0,0,0,"F"
0,1,3,2,"1BCBBFX","poseb001","","","54(1)/FO/G5.B-1","T",1,1,0,0,0,"F"
0,2,3,2,"CBBBF>S","ruf-d001","","","K","T",1,0,1,0,0,"F"
1,0,1,2,"CCBX","","","","7/F7LS","T",1,0,0,0,0,"F"
1,1,3,2,"BBBFSS","","","","K","T",1,0,0,0,0,"F"
1,2,0,2,"CCS","","","","K","T",1,0,0,0,0,"F"
0,0,2,0,"BBX","","","","43/G34D","T",1,0,0,0,0,"F"
0,1,1,1,"CBX","","","","53/G6S-","T",1,0,0,0,0,"F"
0,2,2,2,"FBBFX","","","","8/F89D","T",1,0,0,0,0,"F"
1,0,1,2,"SBTFFC","","","","K","T",1,0,0,0,0,"F"
1,1,0,2,"SCFX","","","","163/G6M","T",1,0,0,0,0,"F"
1,2,2,2,"FCFFBBFX","","","","9/F9LD","T",1,0,0,0,0,"F"
0,0,2,2,"CBSBFFFX","","","","5/P56D","T",1,0,0,0,0,"F"
0,1,1,2,"BCSS","","","","K","T",1,0,0,0,0,"F"
0,2,1,1,"BCX","","","","E3/G3.B-1","T",0,1,0,0,0,"F"
0,2,0,0,"11B","slata001","","","WP.1-2","F",0,0,2,0,0,"F"
0,2,2,0,"11B.*BX","","slata001","","53/G56S-","T",1,0,0,2,0,"F"
1,0,0,2,"CCS","","","","K","T",1,0,0,0,0,"F"
1,1,2,2,"FBCBS","","","","K","T",1,0,0,0,0,"F"
1,2,0,0,"X","","","","53/G56","T",1,0,0,0,0,"F"
0,0,1,2,"CBCX","","","","7/L7D+","T",1,0,0,0,0,"F"
0,1,3,1,"BBFBX","","","","S9/G34","T",0,1,0,0,0,"F"
0,1,2,2,"BFBFX","longe001","","","7/F78XD","T",1,0,1,0,0,"F"
0,2,0,0,"X","longe001","","","53/G56","T",1,0,1,0,0,"F"
1,0,3,2,"BBCFBX","","","","31/G4","T",1,0,0,0,0,"F"
1,1,3,1,"BBSBB","","","","W","T",0,1,0,0,0,"F"
1,1,2,2,"SF1BB1X","castn001","","","7/F7D","T",1,0,1,0,0,"F"
1,2,1,2,"F1CBS","castn001","","","K","T",1,0,1,0,0,"F"
0,0,0,1,"CX","","","","D7/L7LD+","T",0,2,0,0,0,"F"
0,0,2,2,"BSBCFX","","dubom001","","S7/G6.2-H;BX2(754)","T",1,0,0,4,0,"F"
0,1,1,2,"FSBX","","","","S7/L7","T",0,1,0,0,0,"F"
0,1,0,0,"X","gausk001","","","53/G6S-.1-2","T",1,0,2,0,0,"F"
0,2,3,2,"BTBSF*BX","","gausk001","","S8/L8.2-3","T",0,1,0,3,0,"F"
0,2,3,2,".B*BCFB>C","poseb001","","gausk001","K","T",1,0,1,0,3,"F"
1,0,1,1,"BCX","","","","D8/F78XD","T",0,2,0,0,0,"F"
1,0,0,2,"CFC","","barnt001","","K","T",1,0,0,2,0,"F"
1,1,3,1,"BBBCB","","barnt001","","W","T",0,1,0,2,0,"F"
1,1,2,2,"FBSF*BFFX","akiys001","barnt001","","5(2)3/GDP/G5","T",2,0,1,0,0,"F"
0,0,1,0,"BX","","","","43/G6D","T",1,0,0,0,0,"F"
0,1,0,1,"CH","","","","HP","T",0,1,0,0,0,"F"
0,1,0,2,"CFS","yastm001","","","K","T",1,0,1,0,0,"F"
0,2,0,2,"1CCN","yastm001","","","BK.1-2","F",0,0,2,0,0,"F"
0,2,2,2,"1CCN.BFBS","","yastm001","","K","T",1,0,0,2,0,"F"
1,0,1,2,".BFFFS","","","","K","T",1,0,0,0,0,"F"
1,1,0,2,"CCFX","","","","63/G3D","T",1,0,0,0,0,"F"
1,2,3,2,"BBFBSX","","","","3/P3SF/FL","T",1,0,0,0,0,"F"
0,0,3,2,".BBBCC*S","","","","K","T",1,0,0,0,0,"F"
0,1,1,2,".CBCC","","","","K","T",1,0,0,0,0,"F"
0,2,1,1,"FBX","","","","S8/G6M","T",0,1,0,0,0,"F"
0,2,0,0,".11>C","slata001","","","SB2","F",0,0,2,0,0,"F"
0,2,1,1,".11>C.BX","","slata001","","7/F78","T",1,0,0,2,0,"F"
1,0,2,0,".BBX","","","","53/G5","T",1,0,0,0,0,"F"
1,1,1,0,"BX","","","","S9/G4","T",0,1,0,0,0,"F"
1,1,2,2,"BS*BCS","stept001","","","K","T",1,0,1,0,0,"F"
1,2,2,1,"FB*B1X","stept001","","","9/F9L","T",1,0,1,0,0,"F"
0,0,3,2,"CBCBBS","","","","K","T",1,0,0,0,0,"F"
0,1,0,2,"CCS","","","","K","T",1,0,0,0,0,"F"
0,2,2,2,"CFBBT","","","","K","T",1,0,0,0,0,"F"
1,0,0,1,".CX","","","","9/F9","T",1,0,0,0,0,"F"
1,1,1,1,"BFX","","","","7/L78","T",1,0,0,0,0,"F"
1,2,1,1,".CBX","","","","3/P34","T",1,0,0,0,0,"F"
0,0,2,2,".CBFBX","","","","8/L8D","T",1,0,0,0,0,"F"
0,1,1,1,"BTX","","","","S9/F9S","T",0,1,0,0,0,"F"
0,1,3,1,"1BB1F*B+1*B","dubom001","","","W.1-2","T",0,1,2,0,0,"F"
0,1,0,0,".B","taucm001","dubom001","","WP.2-3;1-2","F",0,0,2,3,0,"F"
0,1,3,0,".B.*B*BB","","taucm001","dubom001","W","T",0,1,0,2,3,"F"
0,1,1,2,"BSCX","dicka001","taucm001","dubom001","42(3)/FO/G4.2-3;1-2;B-1","T",1,1,2,3,0,"F"
0,2,1,0,"*BX","slata001","dicka001","taucm001","D7/F78XD+.3-H;2-H;1-H","T",0,2,4,4,4,"F"
0,2,0,1,"CX","","poseb001","","8/F89D","T",1,0,0,2,0,"F"
1,0,3,2,".BCCBBB","","","","W","T",0,1,0,0,0,"F"
1,0,1,1,"BFX","winkj002","","","S8/G4M.1-2","T",0,1,2,0,0,"F"
1,0,0,2,"SSX","castn001","winkj002","","31/G34.2-3;1-2","T",1,0,2,3,0,"F"
1,1,2,2,"CBBSC","","castn001","winkj002","K","T",1,0,0,2,3,"F"
1,2,2,2,"BFFBX","","castn001","winkj002","3/G34","T",1,0,0,2,3,"F"
0,0,2,0,"BBX","","","","7/F6D","T",1,0,0,0,0,"T"
0,1,3,2,"CBBSFFBX","","","","D7/L7D","T",0,2,0,0,0,"F"
0,1,3,2,"BFCFBBS","","ruf-d001","","K","T",1,0,0,2,0,"F"
0,2,3,2,"CCBBBX","","ruf-d001","","S8/L8.2-H","T",0,1,0,4,0,"F"
0,2,1,2,"BCCS","longe001","","","K","T",1,0,1,0,0,"F"
1,0,3,1,"BSBBB","","","","W","T",0,1,0,0,0,"F"
1,0,1,2,"BCSX","winkj002","","","S7/L7.1-2","T",0,1,2,0,0,"F"
1,0,3,2,"*BBBCFX","castn001","winkj002","","54(1)3/GDP/G56.2-3","T",2,0,0,3,0,"F"
1,2,2,2,"BTFBT","","","winkj002","K","T",1,0,0,0,3,"F"
0,0,1,2,"CBCX","","","","13/G4MS","T",1,0,0,0,0,"F"
0,1,2,1,"CBBX","","","","13/G1-","T",1,0,0,0,0,"F"
0,2,1,1,"BFX","","","","S8/L78D","T",0,1,0,0,0,"F"
0,2,0,0,"X","casac001","","","13/G1","T",1,0,1,0,0,"F"
1,0,0,0,"X","","","","53/G56","T",1,0,0,0,0,"F"
1,1,0,1,"CX","","","","2/P2F/FL","T",1,0,0,0,0,"F"
1,2,3,2,"CBSBBX","","","","S7/G56+","T",0,1,0,0,0,"F"
1,2,0,1,"C11","indij001","","","PO1(13)","F",1,0,0,0,0,"F"
0,0,3,2,"CCBBBB","","","","W","T",0,1,0,0,0,"F"
0,0,3,1,"BC*BBX","yastm001","","","S7/G56+.1-2","T",0,1,2,0,0,"F"
0,0,0,0,"X","ruf-d001","yastm001","","S9/L89.2-H;1-3","T",0,1,3,4,0,"F"
0,0,3,2,"SBSBBFB","crawb001","","ruf-d001","W.1-2","T",0,1,2,0,3,"F"
0,0,0,0,"X","longe001","crawb001","ruf-d001","S9/L9.3-H;2-3;1-2","T",0,1,2,3,4,"F"
0,0,2,2,"BBSTFX","dicka001","longe001","crawb001","S9/G4.3-H;2-3;1-2","T",0,1,2,3,4,"F"
0,0,3,2,".BBCFF*BX","dubom001","dicka001","longe001","HR/F8XD.3-H;2-H;1-H","T",0,4,4,4,4,"F"
0,0,1,2,"CFBT","","","","K","T",1,0,0,0,0,"F"
0,1,1,2,"CCB*S","","","","K","T",1,0,0,0,0,"F"
0,2,3,2,"CBBFB*B","","","","W","T",0,1,0,0,0,"F"
0,2,2,1,".FBBX","yastm001","","","HR/F9D.1-H","T",0,4,4,0,0,"F"
0,2,3,2,"BSSBBS","","","","K","T",1,0,0,0,0,"F"
1,0,3,2,"CBFFFBBFFFX","","","","D9/F89XD","T",0,2,0,0,0,"F"
1,0,0,0,"X","","blana002","","53/G56","T",1,0,0,2,0,"F"
1,1,3,2,"SSBFBBX","","blana002","","43/G34.2-3","T",1,0,0,3,0,"F"
1,2,1,1,"BFX","","","blana002","S8/L8.3-H","T",0,1,0,0,4,"F"
1,2,0,1,"TX","castn001","","","D8/L78XD.1-3","T",0,2,3,0,0,"F"
1,2,3,2,"SFBFBBFFS","","stept001","castn001","K","T",1,0,0,2,3,"F"
0,0,1,0,"BX","","","","S9/L9+","T",0,1,0,0,0,"F"
0,0,2,2,"SBBFFX","longe001","","","4/L34D/DP.1X1(43)","T",2,0,0,0,0,"F"
0,2,2,2,"BBFCC","","","","K","T",1,0,0,0,0,"F"
1,0,3,1,"BBBCX","","","","7/L7","T",1,0,0,0,0,"F"
1,1,1,2,"CBFS","","","","K","T",1,0,0,0,0,"F"
1,2,1,0,"BX","","","","7/F78D","T",1,0,0,0,0,"F"
0,0,0,2,".CCFX","","","","S7/L78S","T",0,1,0,0,0,"F"
0,0,2,2,"BSBFH","duggs001","","","HP.1-2","T",0,1,2,0,0,"F"
0,0,0,2,"CCS","casac001","duggs001","","K","T",1,0,1,2,0,"F"
0,1,3,2,"BCBFBF*B","casac001","duggs001","","W.2-3;1-2","T",0,1,2,3,0,"F"
0,1,0,2,"CSB","yastm001","casac001","duggs001","PB.3-H(NR);2-3;1-2","F",0,0,2,3,4,"F"
0,1,3,2,"CSB.BBFFX","","yastm001","casac001","5/L5+","T",1,0,0,2,3,"F"
0,2,0,0,"X","","yastm001","casac001","HR/F9D.3-H;2-H","T",0,4,0,4,4,"F"
0,2,1,2,"BCCFX","","","","7/F7S","T",1,0,0,0,0,"F"
1,0,2,2,"CBBFS","","","","K","T",1,0,0,0,0,"F"
1,1,3,2,".BBBCSFX","","","","7/F78","T",1,0,0,0,0,"F"
1,2,1,1,"FBX","","","","7/L78D","T",1,0,0,0,0,"F"
0,0,1,1,"...BCX","","","","8/F8D","T",1,0,0,0,0,"F"
0,1,0,0,"X","","","","4/P4D","T",1,0,0,0,0,"F"
0,2,0,2,"CFC","","","","K","T",1,0,0,0,0,"F"
1,0,2,2,".CFBBC","","","","K","T",1,0,0,0,0,"F"
1,1,3,2,"CBBCBX","","","","53/G56","T",1,0,0,0,0,"F"
1,2,2,2,"CSBFBFFFFFFFFX","","","","6/P5F/FL","T",1,0,0,0,0,"F"
0,0,2,2,"CBBFH","","","","HP","T",0,1,0,0,0,"F"
0,0,2,2,".BFBFS","casac001","","","K","T",1,0,1,0,0,"F"
0,1,0,0,"X","casac001","","","9/F9","T",1,0,1,0,0,"F"
0,2,1,0,"BX","casac001","","","D9/L9LD.1-3","T",0,2,3,0,0,"F"
0,2,1,1,"C*BX","","ruf-d001","casac001","S8/G4M.3-H;2-H","T",0,1,0,4,4,"F"
0,2,1,1,"BCX","crawb001","","","HR/F89XD.1-H","T",0,4,4,0,0,"F"
0,2,0,0,"X","","","","43/G34D+","T",1,0,0,0,0,"F"
1,0,3,0,"..BBBB","","","","W","T",0,1,0,0,0,"F"
1,0,0,2,"CFX","suare001","","","S7/L7.1-2","T",0,1,2,0,0,"F"
1,0,1,2,"CBCS","farmk001","suare001","","K","T",1,0,1,2,0,"F"
1,1,2,2,"BBCCFC","farmk001","suare001","","K","T",1,0,1,2,0,"F"
1,2,2,2,"BFFBX","farmk001","suare001","","E6/G6D.2-3;1-2;B-1","T",0,1,2,3,0,"F"
1,2,2,2,".CFBFBB","akiys001","farmk001","suare001","WP.3-H(NR)(UR);2-3;1-2","F",0,0,2,3,5,"F"
1,2,3,2,".CFBFBB.S","","akiys001","farmk001","K","T",1,0,0,2,3,"F"
0,0,1,1,"..CBX","","","","S7/L7S","T",0,1,0,0,0,"F"
0,0,0,0,"X","dubom001","","","7/F78D","T",1,0,1,0,0,"F"
0,1,0,2,"CFS","dubom001","","","K","T",1,0,1,0,0,"F"
0,2,1,0,"BX","dubom001","","","63/G6","T",1,0,1,0,0,"F"
1,0,0,0,".X","","","","S8/L8D+","T",0,1,0,0,0,"F"
1,0,3,1,"BCBBX","paytm001","","","9/F9","T",1,0,1,0,0,"F"
1,1,0,2,"SSS","paytm001","","","K","T",1,0,1,0,0,"F"
1,2,0,2,"CSX","paytm001","","","HR/F78XD.1-H","T",0,4,4,0,0,"F"
1,2,3,2,"BCFBBFFX","","","","S8/G6M","T",0,1,0,0,0,"F"
1,2,0,0,"X","farmk001","","","8/F8","T",1,0,1,0,0,"F"
0,0,3,2,"CBBCBB","","","","W","T",0,1,0,0,0,"F"
0,0,3,2,"CFFBBBB","alvaj003","","","W.1-2","T",0,1,2,0,0,"F"
0,0,3,2,"BCFBBX","ruf-d001","alvaj003","","9/F89XD+","T",1,0,1,2,0,"F"
0,1,0,1,"..CX","ruf-d001","alvaj003","","E9/F9L.2-H(NR)(UR);1-3;B-2","T",0,2,3,5,0,"F"
0,1,2,1,"BBFX","","longe001","ruf-d001","5/P5F/FL","T",1,0,0,2,3,"F"
0,2,0,0,"X","","longe001","ruf-d001","8/F89XD","T",1,0,0,2,3,"F"
1,0,2,2,".BFBSS","","","","K","T",1,0,0,0,0,"F"
1,1,2,2,"BFCFFFBC","","","","K","T",1,0,0,0,0,"F"
1,2,1,1,"BFX","","","","S8/L78XD","T",0,1,0,0,0,"F"
1,2,2,2,"C*S*BBS","schrm001","","","K","T",1,0,1,0,0,"F"
0,0,1,0,"BX","","","","8/F8D","T",1,0,0,0,0,"T"
0,1,2,2,"CBFBFFX","","","","3/G34","T",1,0,0,0,0,"F"
0,2,2,0,"BBX","","","","7/L7D","T",1,0,0,0,0,"F"
1,0,0,0,"X","","","","S7/G6+","T",0,1,0,0,0,"F"
1,0,3,2,"*BBCFF*BC","winkj002","","","K","T",1,0,1,0,0,"F"
1,1,3,1,"BBCBB","winkj002","","","W.1-2","T",0,1,2,0,0,"F"
1,1,1,0,"*BX","stept001","winkj002","","HR/F9D.2-H;1-H","T",0,4,4,4,0,"F"
1,1,1,2,"CFBX","","","","9/F89S","T",1,0,0,0,0,"F"
1,2,2,0,"BBX","","","","43/G4D+","T",1,0,0,0,0,"F"
0,0,1,2,"CFBS","","","","K","T",1,0,0,0,0,"F"
0,1,3,2,"BFFBBFFX","","","","S1/G56S-","T",0,1,0,0,0,"F"
0,1,3,2,"CBFB*BB","voged001","","","W.1-2","T",0,1,2,0,0,"F"
0,1,3,2,"CBFF*BBB","shawt001","voged001","","W.2-3;1-2","T",0,1,2,3,0,"F"
0,1,3,2,"*S*BBFFFBB","bradj001","shawt001","voged001","W.3-H;2-3;1-2","T",0,1,2,3,4,"F"
0,1,1,2,"BCCS","urial001","bradj001","shawt001","K","T",1,0,1,2,3,"F"
0,2,1,0,"BX","urial001","bradj001","shawt001","43/G34","T",1,0,1,2,3,"F"
1,0,2,2,"BBCFX","","","","4/L4M","T",1,0,0,0,0,"F"
1,1,3,2,"BCSBBX","","","","9/F9","T",1,0,0,0,0,"F"
1,2,1,2,"CCBFS","","","","K","T",1,0,0,0,0,"F"
0,0,1,1,"CBX","","","","S9/G3","T",0,1,0,0,0,"F"
0,0,0,0,"B","cainl001","","","WP.1-2","F",0,0,2,0,0,"F"
0,0,2,2,"B.BCST","","cainl001","","K","T",1,0,0,2,0,"F"
0,1,0,0,"X","","cainl001","","9/F9D.2-3","T",1,0,0,3,0,"F"
0,2,1,2,"C*BCX","","","cainl001","53/G6","T",1,0,0,0,3,"F"
1,0,3,2,"BBCTBFX","","","","HR/L8XD","T",0,4,0,0,0,"F"
1,0,0,0,"X","","","","43/G34-","T",1,0,0,0,0,"F"
1,1,2,2,"CFBBC","","","","K","T",1,0,0,0,0,"F"
1,2,3,2,"CSBBFBX","","","","3/G3","T",1,0,0,0,0,"F"
0,0,3,2,"CBFBBB","","","","W","T",0,1,0,0,0,"F"
0,0,1,2,"CF*BS","shawt001","","","K","T",1,0,1,0,0,"F"
0,1,1,0,"BX","shawt001","","","2/P2F/FL","T",1,0,1,0,0,"F"
0,2,0,2,"CS*S","shawt001","","","K","T",1,0,1,0,0,"F"
1,0,2,1,"BCBX","","","","53/G5","T",1,0,0,0,0,"F"
1,1,3,2,"CBBFBB","","","","W","T",0,1,0,0,0,"F"
1,1,1,2,"CFFBC","barnt001","","","K","T",1,0,1,0,0,"F"
1,2,3,2,"*BCS*B*B>F>B","barnt001","","","W.1-2","T",0,1,2,0,0,"F"
1,2,0,0,"X","indij001","barnt001","","9/L9D","T",1,0,1,2,0,"F"
0,0,1,2,"BCSFFFFS","","","","K","T",1,0,0,0,0,"F"
0,1,3,1,"FBBBX","","","","9/F9D","T",1,0,0,0,0,"F"
0,2,3,2,"BBBCFFT","","","","K","T",1,0,0,0,0,"F"
1,0,1,0,"BX","","","","HR/L89XD","T",0,4,0,0,0,"F"
1,0,1,1,"BFX","","","","S8/G6M","T",0,1,0,0,0,"F"
1,0,3,1,"BCB*BB","castn001","","","W.1-2","T",0,1,2,0,0,"F"
1,0,1,2,".BFFB","stept001","castn001","","WP.2-3;1-2","F",0,0,2,3,0,"F"
1,0,3,2,".BFFB.BB","","stept001","castn001","W","T",0,1,0,2,3,"F"
1,0,3,0,"BBBX","naqut001","stept001","castn001","3/P3","T",1,0,1,2,3,"F"
1,1,0,1,"CX","naqut001","stept001","castn001","9/SF/F9D.3-H;2-3","T",1,0,1,3,4,"F"
1,2,0,0,"X","naqut001","","stept001","8/F8XD","T",1,0,1,0,3,"F"
0,0,0,1,".CX","","","","43/G34D","T",1,0,0,0,0,"F"
0,1,0,0,"X","","","","8/F8XD","T",1,0,0,0,0,"F"
0,2,0,2,"CCX","","","","8/F89XD+","T",1,0,0,0,0,"F"
1,0,2,2,"BSFBFC","","","","K","T",1,0,0,0,0,"F"
1,1,2,1,".CBBX","","","","43/G4-","T",1,0,0,0,0,"F"
1,2,3,1,"BBCBB","","","","W","T",0,1,0,0,0,"F"
1,2,3,2,"BBSSF*B>F>S","winkj002","","","K","T",1,0,1,0,0,"F"
0,0,1,2,".CSBFX","","","","S9/L89","T",0,1,0,0,0,"F"
0,0,2,2,"BBCCFX","bradj001","","","D7/L7LD+.1-3","T",0,2,3,0,0,"F"
0,0,1,0,".BX","","urial001","bradj001","7/SF/F78.3-H","T",1,0,0,2,4,"F"
0,1,1,2,"BCCFFFFH","","urial001","","HP","T",0,1,0,2,0,"F"
0,1,1,0,"BX","wongk001","urial001","","D7/L78XD+.2-H;1-3","T",0,2,3,4,0,"F"
0,1,0,2,".CCFX","","cainl001","wongk001","53/G56D.3-H","T",1,0,0,2,4,"F"
0,2,1,2,"BCST","","cainl001","","K","T",1,0,0,2,0,"F"
1,0,0,0,"..X","","","","8/L8XD+","T",1,0,0,0,0,"F"
1,1,2,0,"BBX","","","","43/L34D","T",1,0,0,0,0,"F"
1,2,3,2,"CSBBFB*B","","","","W","T",0,1,0,0,0,"F"
1,2,2,2,"BBCCB","suare001","","","WP.1-2","F",0,0,2,0,0,"F"
1,2,3,2,"BBCCB.FB","","suare001","","W","T",0,1,0,2,0,"F"
1,2,1,0,"BX","barnt001","suare001","","S8/L8.2-H;1-2","T",0,1,2,4,0,"F"
1,2,2,2,"C*BS*BFX","farmk001","barnt001","","S7/G56+.2-H;1-2","T",0,1,2,4,0,"F"
1,2,0,2,"CFS","indij001","farmk001","","K","T",1,0,1,2,0,"F"
0,0,3,2,".CBCBBC","","","","K","T",1,0,0,0,0,"F"
0,1,0,2,"FFX","","","","7/F78D","T",1,0,0,0,0,"F"
0,2,0,0,"X","","","","41/G34D","T",1,0,0,0,0,"F"
1,0,0,0,"X","","","","HR/F8XD","T",0,4,0,0,0,"F"
1,0,3,2,"BBCBCS","","","","K","T",1,0,0,0,0,"F"
1,1,1,1,"BCX","","","","S7/L7S","T",0,1,0,0,0,"F"
1,1,1,2,"FSBX","blana002","","","65(1)3/GDP/G6MD","T",2,0,0,0,0,"F"
0,0,0,2,".CCS","","","","K","T",1,0,0,0,0,"F"
0,1,3,2,"CBBFBX","","","","63/G6D","T",1,0,0,0,0,"F"
0,2,3,2,".CBBCFBFX","","","","D7/G5+","T",0,2,0,0,0,"F"
0,2,0,2,"SCB","","taylt002","","WP.2-3","F",0,0,0,3,0,"F"
0,2,1,2,"SCB.FT","","","taylt002","K","T",1,0,0,0,3,"F"
0,0,0,1,"CX","","","","31/G3","T",1,0,0,0,0,"T"
0,1,1,1,"CBX","","","","3/G3","T",1,0,0,0,0,"F"
0,2,2,2,"BBCFS","","","","K","T",1,0,0,0,0,"F"
1,0,0,0,"X","","","","43/G34+","T",1,0,0,0,0,"F"
1,1,0,1,"FX","","","","S9/L89+","T",0,1,0,0,0,"F"
1,1,0,0,"X","castn001","","","46(1)3/GDP/G4M+","T",2,0,0,0,0,"F"
0,0,1,2,"CCFBS","","","","K","T",1,0,0,0,0,"F"
0,1,0,2,"CFC","","","","K","T",1,0,0,0,0,"F"
0,2,3,2,"BCFBBS","","","","K","T",1,0,0,0,0,"F"
1,0,3,2,"CBBBFFFFX","","","","53/G5","T",1,0,0,0,0,"F"
1,1,2,1,"CBBX","","","","6/L6+","T",1,0,0,0,0,"F"
1,2,1,2,"CBCS","","","","K","T",1,0,0,0,0,"F"
0,0,0,2,"CSS","","","","K","T",1,0,0,0,0,"F"
0,1,3,2,"BBCFBX","","","","HR/F7D","T",0,4,0,0,0,"F"
0,1,3,1,"CBBBB","","","","W","T",0,1,0,0,0,"F"
0,1,3,1,"BBBCB","andeb004","","","W.1-2","T",0,1,2,0,0,"F"
0,1,1,1,"F*BX","cainl001","andeb004","","16(1)3/GDP/G1S","T",2,0,0,2,0,"F"
1,0,2,2,"CSBBX","","","","HR/F78XD","T",0,4,0,0,0,"F"
1,0,2,1,"CBBX","","","","53/G5","T",1,0,0,0,0,"F"
1,1,0,0,"X","","","","3/G3","T",1,0,0,0,0,"F"
1,2,2,0,"BBX","","","","HR/F89XD","T",0,4,0,0,0,"F"
1,2,1,1,"BCX","","","","6/L6","T",1,0,0,0,0,"F"
0,0,0,1,"SX","","","","63/G56","T",1,0,0,0,0,"F"
0,1,0,2,"CCX","","","","S7/L7D","T",0,1,0,0,0,"F"
0,1,1,1,"FBX","voged001","","","7/L78S","T",1,0,1,0,0,"F"
0,2,0,1,"CX","voged001","","","S7/L7L+.1-2","T",0,1,2,0,0,"F"
0,2,1,1,"CBX","adamw002","voged001","","7/F7LS","T",1,0,1,2,0,"F"
1,0,2,1,"CBBX","","","","D8/L89XD+","T",0,2,0,0,0,"F"
1,0,3,2,"BFF*B*BC","","stept001","","K","T",1,0,0,2,0,"F"
1,1,2,1,"CBBX","","stept001","","53/G56","T",1,0,0,2,0,"F"
1,2,2,2,"CBBC*S","","stept001","","K","T",1,0,0,2,0,"F"
0,0,1,1,"CBX","","","","8/F89XD","T",1,0,0,0,0,"F"
0,1,3,2,"BBCBCC","","","","K","T",1,0,0,0,0,"F"
0,2,0,1,"CX","","","","3/P3DF/FL","T",1,0,0,0,0,"F"
1,0,1,0,"BX","","","","4/P8S","T",1,0,0,0,0,"F"
1,1,3,1,"BBBCX","","","","53/G56+","T",1,0,0,0,0,"F"
1,2,1,0,"BX","","","","63/G6M","T",1,0,0,0,0,"F"
0,0,0,0,"X","","","","D9/L9LD","T",0,2,0,0,0,"F"
0,0,3,1,"B*BBCB","","narvo001","","W","T",0,1,0,2,0,"F"
0,0,1,2,"C2CFBFX","garca003","narvo001","","7/F7LD","T",1,0,1,2,0,"F"
0,1,1,2,"BCFFS","garca003","narvo001","","K","T",1,0,1,2,0,"F"
0,2,1,0,"BB","garca003","narvo001","","PB.2-3","F",0,0,1,3,0,"F"
0,2,3,0,"BB..*BB","garca003","","narvo001","W.1-2","T",0,1,2,0,3,"F"
0,2,0,0,"X","adamw002","garca003","narvo001","S31/G3+.3-H;2-H;1-3","T",0,1,3,4,4,"F"
0,2,1,2,"FF*B>S","bradj001","","adamw002","K","T",1,0,1,0,3,"F"
1,0,3,2,"..BFBBST","","","","K","T",1,0,0,0,0,"F"
1,1,0,0,"X","","","","D7/L7LD+","T",0,2,0,0,0,"F"
1,1,2,1,"CBBX","","castn001","","S8/G6M.2-H","T",0,1,0,4,0,"F"
1,1,1,1,"BFX","stept001","","","54(1)/FO/G5.B-1","T",1,1,0,0,0,"F"
1,2,1,2,"FFBFS","suare001","","","K","T",1,0,1,0,0,"F"
0,0,0,0,".X","","","","HR/F8XD","T",0,4,0,0,0,"F"
0,0,3,2,"CBSFFBBS","","","","K","T",1,0,0,0,0,"F"
0,1,3,2,"BBSTFBX","","","","4/P8S","T",1,0,0,0,0,"F"
0,2,2,2,"BSSBFC","","","","K","T",1,0,0,0,0,"F"
1,0,3,2,"BCBSBFX","","","","63/G6","T",1,0,0,0,0,"F"
1,1,3,1,"BCBBX","","","","43/G4+","T",1,0,0,0,0,"F"
1,2,2,2,"CBFBFX","","","","S5/G5S-","T",0,1,0,0,0,"F"
1,2,3,2,".BFFB1FB>F>X","indij001","","","7/F78S","T",1,0,1,0,0,"F"
0,0,3,0,".BBBB","","","","W","T",0,1,0,0,0,"F"
0,0,0,2,"CFS","voged001","","","K","T",1,0,1,0,0,"F"
0,1,2,2,"SBFBX","voged001","","","8/F8D","T",1,0,1,0,0,"F"
0,2,2,2,"CBFBS","voged001","","","K","T",1,0,1,0,0,"F"
1,0,3,2,".SBSBBFFFT","","","","K","T",1,0,0,0,0,"F"
1,1,1,2,"BSCFS","","","","K","T",1,0,0,0,0,"F"
1,2,0,2,"FST","","","","K","T",1,0,0,0,0,"F"
0,0,2,2,".BCSFBT","","","","K","T",1,0,0,0,0,"F"
0,1,1,1,".BCX","","","","1/P23-","T",1,0,0,0,0,"F"
0,2,1,2,"BSSX","","","","9/F9","T",1,0,0,0,0,"F"
1,0,1,2,".CBFS","","","","K","T",1,0,0,0,0,"F"
1,1,2,2,"CBFFBX","","","","43/G4","T",1,0,0,0,0,"F"
1,2,0,2,"CTFS","","","","K","T",1,0,0,0,0,"F"
0,0,2,1,"CBBX","","","","S9/L89S","T",0,1,0,0,0,"T"
0,0,1,1,"1BFX","wongk001","","","7/F78D","T",1,0,1,0,0,"F"
0,1,1,1,"FB1X","wongk001","","","9/L9D+","T",1,0,1,0,0,"F"
0,2,2,1,"CB*B>X","wongk001","","","S9/L34D.1-3","T",0,1,3,0,0,"F"
0,2,2,1,"BCB>B","garca003","","wongk001","SB2","F",0,0,2,0,3,"F"
0,2,3,1,"BCB>B.B","","garca003","wongk001","W","T",0,1,0,2,3,"F"
0,2,3,2,"BSFBB>B","voged001","garca003","wongk001","W.3-H;2-3;1-2","T",0,1,2,3,4,"F"
0,2,1,1,"CBX","shawt001","voged001","garca003","S8/L8.3-H;2-H;1-2","T",0,1,2,4,4,"F"
0,2,1,2,"BCSS","adamw002","shawt001","","K","T",1,0,1,2,0,"F"
1,0,1,2,"FBSS","","","","K","T",1,0,0,0,0,"F"
1,1,3,2,"BBBCSS","","","","K","T",1,0,0,0,0,"F"
1,2,3,1,"BBFBX","","","","6/P5F/FL","T",1,0,0,0,0,"F"
0,0,0,1,"CX","","","","43/G4M","T",1,0,0,0,0,"F"
0,1,1,0,"BX","","","","2/P2F-/FL","T",1,0,0,0,0,"F"
0,2,3,2,"FBBCFBS","","","","K","T",1,0,0,0,0,"F"
1,0,2,1,"BCBX","","","","E6/G6.B-1","T",0,1,0,0,0,"F"
1,0,3,0,"BBBB","stept001","","","W.1-2","T",0,1,2,0,0,"F"
1,0,2,2,"S*SB*BS","barnt001","stept001","","K","T",1,0,1,2,0,"F"
1,1,2,2,"BSFFF*BX","barnt001","stept001","","8/L78D","T",1,0,1,2,0,"F"
1,2,1,2,"SFBB","barnt001","stept001","","WP.2-3;1-2","F",0,0,2,3,0,"F"
1,2,2,2,"SFBB.S","","barnt001","stept001","K","T",1,0,0,2,3,"F"
0,0,3,2,"BBFFBFB","","","","W","T",0,1,0,0,0,"F"
0,0,2,0,"1BBX","yelic001","","","HR/F9LD.1-H","T",0,4,4,0,0,"F"
0,0,3,2,"BCSBBX","","","","63/G34D","T",1,0,0,0,0,"F"
0,1,1,2,"TFBS","","","","K","T",1,0,0,0,0,"F"
0,2,2,2,"SCFBBX","","","","4/P89S","T",1,0,0,0,0,"F"
1,0,0,2,"FCFS","","","","K","T",1,0,0,0,0,"F"
1,1,2,0,"BBX","","","","HR/F89XD","T",0,4,0,0,0,"F"
1,1,3,2,"BBBCCB","","","","W","T",0,1,0,0,0,"F"
1,1,3,2,"BBBCFS","castn001","","","K","T",1,0,1,0,0,"F"
1,2,3,2,"BBCC*B>*B","castn001","","","W.1-2","T",0,1,2,0,0,"F"
1,2,0,2,"SSFX","stept001","castn001","","43/G34D","T",1,0,1,2,0,"F"
0,0,2,2,"SSBBC","","","","K","T",1,0,0,0,0,"F"
0,1,1,2,"CBSX","","","","43/G4","T",1,0,0,0,0,"F"
0,2,3,2,"BBBCFX","","","","D9/F9LS","T",0,2,0,0,0,"F"
0,2,1,2,"FBFX","","wongk001","","9/L89D","T",1,0,0,2,0,"F"
1,0,1,0,"BX","","","","5/L5","T",1,0,0,0,0,"F"
1,1,3,2,"BBBCCX","","","","9/F89","T",1,0,0,0,0,"F"
1,2,1,2,"CFBC","","","","K","T",1,0,0,0,0,"F"
0,0,0,2,"CFS","","","","K","T",1,0,0,0,0,"F"
0,1,0,0,"X","","","","53/G5","T",1,0,0,0,0,"F"
0,2,3,0,"BBBB","","","","W","T",0,1,0,0,0,"F"
0,2,2,2,"BSBFFX","voged001","","","7/F78S","T",1,0,1,0,0,"F"
1,0,2,2,".FFBBX","","","","D7/F7D+","T",0,2,0,0,0,"F"
1,0,1,1,"BFX","","akiys001","","31/G3.2-3","T",1,0,0,3,0,"F"
1,1,0,0,"X","","","akiys001","D7/L7LD+.3-H","T",0,2,0,0,4,"F"
1,1,3,1,"TBBBX","","castn001","","8/F78D+","T",1,0,0,2,0,"F"
1,2,3,2,"BSBFBFF*B","","castn001","","W","T",0,1,0,2,0,"F"
1,2,2,2,"...CSBBH","stept001","castn001","","HP.2-3;1-2","T",0,1,2,3,0,"F"
1,2,1,2,"BFCS","barnt001","stept001","castn001","K","T",1,0,1,2,3,"F"
0,0,3,2,".CCBBBB","","","","W","T",0,1,0,0,0,"F"
0,0,2,2,"B1FC1BS","adamw002","","","K","T",1,0,1,0,0,"F"
0,1,2,2,"B1BTSX","adamw002","","","S6/G6+.1-2","T",0,1,2,0,0,"F"
0,1,1,1,".BCX","urial001","adamw002","","T8/L89D.2-H;1-H","T",0,3,4,4,0,"F"
0,1,2,2,"C*BFFBS","","","wongk001","K","T",1,0,0,0,3,"F"
0,2,1,2,"FFBX","","","wongk001","S8/L8.3-H","T",0,1,0,0,4,"F"
0,2,0,2,"..SSX","yelic001","","","4/P8S","T",1,0,1,0,0,"F"
1,0,1,1,"..BFX","","","","9/F9D","T",1,0,0,0,0,"F"
1,1,3,2,"BSSBFBX","","","","8/F8XD","T",1,0,0,0,0,"F"
1,2,1,1,"BSX","","","","9/F9D","T",1,0,0,0,0,"F"
0,0,0,0,"X","","","","9/L89D","T",1,0,0,0,0,"F"
0,1,2,1,"BBFX","","","","43/G4","T",1,0,0,0,0,"F"
0,2,3,2,"FBCBBX","","","","53/G5+","T",1,0,0,0,0,"F"
1,0,1,2,"CFFBX","","","","8/L78XD+","T",1,0,0,0,0,"F"
1,1,1,0,"BX","","","","D7/L7LD","T",0,2,0,0,0,"F"
1,1,1,1,"CBS","","castn001","","WP.2-3","F",0,0,0,3,0,"F"
1,1,2,2,"CBS.BX","","","castn001","1/P25-","T",1,0,0,0,3,"F"
1,2,3,2,"BBBCFFC","","","castn001","K","T",1,0,0,0,3,"F"
0,0,0,0,"X","","","","153/L6MS","T",1,0,0,0,0,"F"
0,1,0,2,"FCFX","","","","53/G5","T",1,0,0,0,0,"F"
0,2,2,1,"BFBX","","","","43/G34D","T",1,0,0,0,0,"F"
1,0,3,2,"..BBFCBFX","","","","31/G34","T",1,0,0,0,0,"F"
1,1,2,2,".CCBBC","","","","K","T",1,0,0,0,0,"F"
1,2,0,0,"X","","","","7/F78XD","T",1,0,0,0,0,"F"
0,0,1,2,".CFFBX","","","","63/G34D","T",1,0,0,0,0,"F"
0,1,3,0,"BBBX","","","","HR/F89XD","T",0,4,0,0,0,"F"
0,1,1,2,"CCBC","","","","K","T",1,0,0,0,0,"F"
0,2,0,1,"FX","","","","53/G56+","T",1,0,0,0,0,"F"
1,0,2,2,"CBBCFFX","","","","63/G56","T",1,0,0,0,0,"F"
1,1,3,1,"BBCBX","","","","9/F9LS","T",1,0,0,0,0,"F"
1,2,1,0,"BX","","","","S7/F78S","T",0,1,0,0,0,"F"
1,2,1,2,"BFFX","winkj002","","","HR/F78XD.1-H","T",0,4,4,0,0,"F"
1,2,0,2,"CTX","","","","D9/L89D","T",0,2,0,0,0,"F"
1,2,1,2,"C*BFFX","","naqut001","","43/G4D","T",1,0,0,2,0,"F"
0,0,3,2,"CCFBBBX","","","","S7/L78S","T",0,1,0,0,0,"T"
0,0,2,0,"1*BBX","herro001","","","14(1)3/GDP/G13","T",2,0,0,0,0,"F"
0,2,1,1,"BSX","","","","S8/G4M","T",0,1,0,0,0,"F"
0,2,3,2,"1BSC*B*B>B","hoskr001","","","W.1-2","T",0,1,2,0,0,"F"
0,2,1,2,"BCSX","realj001","hoskr001","","6/P56D","T",1,0,1,2,0,"F"
1,0,1,2,"FFB*S","","","","K","T",1,0,0,0,0,"F"
1,1,1,0,"BX","","","","43/G34D","T",1,0,0,0,0,"F"
1,2,2,2,"BFCBX","","","","8/F89XD+","T",1,0,0,0,0,"F"
0,0,2,0,"BBX","","","","9/L9D+","T",1,0,0,0,0,"F"
0,1,3,0,"BBBB","","","","W","T",0,1,0,0,0,"F"
0,1,0,1,"CX","bohma001","","","S7/G56.1-2","T",0,1,2,0,0,"F"
0,1,0,2,"LLFS","torrr001","bohma001","","K","T",1,0,1,2,0,"F"
0,2,1,0,"*BX","torrr001","bohma001","","43/G4","T",1,0,1,2,0,"F"
1,0,3,0,"BBBB","","","","W","T",0,1,0,0,0,"F"
1,0,3,2,"BBCFB>X","stept001","","","HR/L89XD.1-H","T",0,4,4,0,0,"F"
1,0,0,2,"CFX","","","","D9/L9LD","T",0,2,0,0,0,"F"
1,0,0,1,"FX","","barnt001","","3/P3F/FL","T",1,0,0,2,0,"F"
1,1,3,2,"BBBCCFFB","","barnt001","","W","T",0,1,0,2,0,"F"
1,1,0,1,"SX","akiys001","barnt001","","9/L89","T",1,0,1,2,0,"F"
1,2,3,1,"BCBB+1B","akiys001","barnt001","","W.2-3;1-2","T",0,1,2,3,0,"F"
1,2,1,0,"BX","suare001","akiys001","barnt001","S9/G34+.3-H;2-H;1-3","T",0,1,3,4,4,"F"
1,2,0,1,"1FX","naqut001","","suare001","8/F8XD","T",1,0,1,0,3,"F"
0,0,2,2,"CBBMX","","","","D7/L7LD+","T",0,2,0,0,0,"F"
0,0,3,2,"FCBF*BBFX","","seguj002","","8/F89D.2-3","T",1,0,0,3,0,"F"
0,1,0,2,"CSFX","","","seguj002","63/G6.3-H","T",1,0,0,0,4,"F"
0,2,2,2,"SBSBS","","","","K","T",1,0,0,0,0,"F"
1,0,0,1,"CX","","","","53/G5","T",1,0,0,0,0,"F"
1,1,1,2,"CFBS","","","","K","T",1,0,0,0,0,"F"
1,2,2,2,"FCBBFX","","","","S7/L7","T",0,1,0,0,0,"F"
1,2,0,2,"CF1X","barnt001","","","HR/F7LD.1-H","T",0,4,4,0,0,"F"
1,2,2,2,"FSBBC","","","","K","T",1,0,0,0,0,"F"
0,0,0,0,"X","","","","S8/G4M+","T",0,1,0,0,0,"F"
0,0,3,1,"BBSBB","mccua001","","","W.1-2","T",0,1,2,0,0,"F"
0,0,1,2,"*BCFS","bohma001","mccua001","","K","T",1,0,1,2,0,"F"
0,1,1,2,".BFFC","bohma001","mccua001","","K","T",1,0,1,2,0,"F"
0,2,1,2,"BCCX","bohma001","mccua001","","4/L4","T",1,0,1,2,0,"F"
1,0,0,2,".CTFX","","","","7/F7L","T",1,0,0,0,0,"F"
1,1,2,0,"BBX","","","","9/F9LS","T",1,0,0,0,0,"F"
1,2,1,1,"BSX","","","","4/P34D","T",1,0,0,0,0,"F"
0,0,1,1,"FBX","","","","63/G6","T",1,0,0,0,0,"F"
0,1,1,2,"BFCF*S","","","","K.BX1(23)","T",1,0,0,0,0,"F"
0,2,1,0,"BX","","","","D9/L9L","T",0,2,0,0,0,"F"
0,2,1,2,"CFBX","","realj001","","4/P4S","T",1,0,0,2,0,"F"
1,0,0,0,"X","","","","S7/G56","T",0,1,0,0,0,"F"
1,0,3,1,"BBC*BX","castn001","","","4/P4","T",1,0,1,0,0,"F"
1,1,0,0,"X","castn001","","","T8/L89XD+.1-H","T",0,3,4,0,0,"F"
1,1,1,2,"FBCX","","","schrm001","7/F7S","T",1,0,0,0,3,"F"
1,2,0,1,"SX","","","schrm001","S8/L8.3-H","T",0,1,0,0,4,"F"
1,2,1,1,"CBX","farmk001","","","4/L34+","T",1,0,1,0,0,"F"
0,0,1,2,"BCFC","","","","K","T",1,0,0,0,0,"F"
0,1,0,0,"X","","","","9/L9LD","T",1,0,0,0,0,"F"
0,2,2,2,"CBBSX","","","","13/G4MS","T",1,0,0,0,0,"F"
1,0,0,2,".FCX","","","","43/G4","T",1,0,0,0,0,"F"
1,1,1,2,"CFBS","","","","K","T",1,0,0,0,0,"F"
1,2,1,0,"BX","","","","3/G3","T",1,0,0,0,0,"F"
0,0,1,2,"..SFBFC","","","","K","T",1,0,0,0,0,"F"
0,1,1,2,"CSBX","","","","S8/L8D+","T",0,1,0,0,0,"F"
0,1,3,1,"1BBCBX","herro001","","","8/F8","T",1,0,1,0,0,"F"
0,2,3,1,"BFBBX","herro001","","","4/P4D","T",1,0,1,0,0,"F"
1,0,3,2,"...BBBCCFX","","","","7/L7","T",1,0,0,0,0,"F"
1,1,2,1,"BBFX","","","","S9/G3","T",0,1,0,0,0,"F"
1,1,1,0,"*BX","stept001","","","D8/L78XD.1-3","T",0,2,3,0,0,"F"
1,1,3,1,".*BB*BC*B","","blana002","stept001","W","T",0,1,0,2,3,"F"
1,1,0,2,"FSFX","barnt001","blana002","stept001","D9/L9LD.3-H;2-H;1-3","T",0,2,3,4,4,"F"
1,1,1,2,"BSCX","","farmk001","barnt001","43/G4M+.3-H;2-3","T",1,0,0,3,4,"F"
1,2,0,1,".CX","","","farmk001","3/P3","T",1,0,0,0,3,"F"
0,0,1,0,"...BX","","","","8/F8XD","T",1,0,0,0,0,"F"
0,1,2,2,"CBFBX","","","","43/G4S","T",1,0,0,0,0,"F"
0,2,3,1,"BCBBB","","","","W","T",0,1,0,0,0,"F"
0,2,2,2,"BCCBC","mccua001","","","K","T",1,0,1,0,0,"F"
1,0,2,1,".CBBX","","","","53/G5","T",1,0,0,0,0,"F"
1,1,2,2,"CFBBS","","","","K","T",1,0,0,0,0,"F"
1,2,3,2,"..CBBSBX","","","","E6/TH/G6.B-2","T",0,2,0,0,0,"F"
1,2,3,1,"BBCBX","","indij001","","63/G6","T",1,0,0,2,0,"F"
0,0,0,2,"...CSX","","","","4/P34D","T",1,0,0,0,0,"F"
0,1,1,1,"CBX","","","","9/L89XD","T",1,0,0,0,0,"F"
0,2,0,1,"CX","","","","S8/G6","T",0,1,0,0,0,"F"
0,2,1,2,".CBCX","herro001","","","4/L4D","T",1,0,1,0,0,"F"
0,0,2,2,"CFFBBX","","","","43/G4D+","T",1,0,0,0,0,"T"
0,1,1,2,"FCB*S","","","","K","T",1,0,0,0,0,"F"
0,2,1,0,"BX","","","","7/L7","T",1,0,0,0,0,"F"
1,0,3,2,"BSBBFX","","","","9/F89","T",1,0,0,0,0,"F"
1,1,0,0,"X","","","","43/G34D","T",1,0,0,0,0,"F"
1,2,3,2,"BSBBSFFFX","","","","53/G5","T",1,0,0,0,0,"F"
0,0,1,2,"FBCFFX","","","","53/G56","T",1,0,0,0,0,"F"
0,1,2,2,"BCSBC","","","","K","T",1,0,0,0,0,"F"
0,2,3,2,"BSBBCFB","","","","W","T",0,1,0,0,0,"F"
0,2,2,2,"*BSBCS","mccua001","","","K","T",1,0,1,0,0,"F"
1,0,0,1,"CX","","","","S9/G4","T",0,1,0,0,0,"F"
1,0,2,0,"BBX","stept001","","","HR/L9D.1-H","T",0,4,4,0,0,"F"
1,0,1,1,"BCX","","","","S9/G4","T",0,1,0,0,0,"F"
1,0,2,2,"CBF*BX","farmk001","","","8/L8D","T",1,0,1,0,0,"F"
1,1,1,1,"1BS1X","farmk001","","","54(1)3/GDP/G5","T",2,0,0,0,0,"F"
0,0,1,1,"CBX","","","","HR/F7LD","T",0,4,0,0,0,"F"
0,0,2,2,"CBFBC","","","","K","T",1,0,0,0,0,"F"
0,1,3,1,"BBCBX","","","","HR/L89XD","T",0,4,0,0,0,"F"
0,1,2,2,"CFBBX","","","","31/G3","T",1,0,0,0,0,"F"
0,2,2,2,"CBFBS","","","","K","T",1,0,0,0,0,"F"
1,0,0,2,"CFX","","","","43/G4","T",1,0,0,0,0,"F"
1,1,3,2,"BCBFBX","","","","S8/L78D","T",0,1,0,0,0,"F"
1,1,0,1,"CX","suare001","","","64(1)3/GDP/G6MD+","T",2,0,0,0,0,"F"
0,0,0,2,"SCX","","","","S6/G56.B-2(E6/TH)","T",0,2,0,0,0,"F"
0,0,1,2,"CBCC","","realj001","","K","T",1,0,0,2,0,"F"
0,1,2,2,"SSBBB","","realj001","","WP.2-3","F",0,0,0,3,0,"F"
0,1,3,2,"SSBBB.X","","","realj001","53/G56","T",1,0,0,0,3,"F"
0,2,1,0,"*BX","","","realj001","S7/L7.3-H(UR)","T",0,1,0,0,5,"F"
0,2,0,1,"CX","bohma001","","","9/F9","T",1,0,1,0,0,"F"
1,0,3,2,"SSBFBBX","","","","S7/G56+","T",0,1,0,0,0,"F"
1,0,2,2,"CB*BCFS","castn001","","","K","T",1,0,1,0,0,"F"
1,1,3,1,"FBBBB","castn001","","","W.1-2","T",0,1,2,0,0,"F"
1,1,1,0,"BX","naqut001","castn001","","54(1)3/GDP/G5","T",2,0,0,2,0,"F"
0,0,2,2,"SBCBS","","","","K","T",1,0,0,0,0,"F"
0,1,3,2,"BBCCBFFS","","","","K","T",1,0,0,0,0,"F"
0,2,0,1,"FX","","","","S8/L8S","T",0,1,0,0,0,"F"
0,2,0,0,">B","seguj002","","","SB2","F",0,0,2,0,0,"F"
0,2,3,2,">B.*BCBCX","","seguj002","","D7/L7D+.2-H","T",0,2,0,4,0,"F"
0,2,3,2,"..BBCBCFB","","hoskr001","","W","T",0,1,0,2,0,"F"
0,2,0,2,"SSS","realj001","hoskr001","","K","T",1,0,1,2,0,"F"
1,0,2,1,"BSBX","","","","7/F7","T",1,0,0,0,0,"F"
1,1,0,1,"CX","","","","S8/G4M+","T",0,1,0,0,0,"F"
1,1,0,2,"SS>B","indij001","","","SB2","F",0,0,2,0,0,"F"
1,1,1,2,"SS>B.X","","indij001","","S8/L89.2-H","T",0,1,0,4,0,"F"
1,1,0,2,"1CC11FX","freem002","","","63/G6.1-2","T",1,0,2,0,0,"F"
1,2,3,2,"BFBBSFFS","","freem002","","K","T",1,0,0,2,0,"F"
0,0,2,2,"CCBBX","","","","HR/F7D","T",0,4,0,0,0,"F"
0,0,0,0,"X","","","","S9/L9S+","T",0,1,0,0,0,"F"
0,0,3,1,".11FB1BBX","bohma001","","","D8/L78XD.1-H","T",0,2,4,0,0,"F"
0,0,0,1,"CX","","torrr001","","14/SH/BG2-.2-3","T",1,0,0,3,0,"F"
0,1,1,0,"BX","","","torrr001","HR/L89XD.3-H","T",0,4,0,0,4,"F"
0,1,1,1,"CBX","","","","S8/L8D+","T",0,1,0,0,0,"F"
0,1,0,0,"X","seguj002","","","HR/F9LD.1-H","T",0,4,4,0,0,"F"
0,1,3,1,"BBCBX","","","","53/G56","T",1,0,0,0,0,"F"
0,2,2,2,"CBBCS","","","","K","T",1,0,0,0,0,"F"
1,0,1,2,"CFFBX","","","","D7/L7LD+","T",0,2,0,0,0,"F"
1,0,3,0,"BBBB","","castn001","","W","T",0,1,0,2,0,"F"
1,0,0,0,"..X","stept001","castn001","","16(1)3/GDP/G13-.2-3","T",2,0,0,3,0,"F"
1,2,3,2,".BB*BCSS","","","castn001","K","T",1,0,0,0,3,"F"
0,0,3,0,".BBBB","","","","W","T",0,1,0,0,0,"F"
0,0,0,1,"FX","mccua001","","","8/F89XD","T",1,0,1,0,0,"F"
0,1,1,0,"BX","mccua001","","","8/F89D","T",1,0,1,0,0,"F"
0,2,1,0,"BX","mccua001","","","S7/G6.1-2","T",0,1,2,0,0,"F"
0,2,1,1,"B*SX","jankt001","mccua001","","8/L78","T",1,0,1,2,0,"F"
1,0,0,0,"X","","","","13/G4S","T",1,0,0,0,0,"F"
1,1,1,0,"BX","","","","43/G4D+","T",1,0,0,0,0,"F"
1,2,1,2,"CFBX","","","","53/G6","T",1,0,0,0,0,"F"
0,0,0,1,"CX","","","","43/G34","T",1,0,0,0,0,"F"
0,1,3,1,"BFBBB","","","","W","T",0,1,0,0,0,"F"
0,1,1,0,"BX","hoskr001","","","64(1)/FO/G6MD+.B-1","T",1,1,0,0,0,"F"
0,2,3,1,".CBBBB","realj001","","","W.1-2","T",0,1,2,0,0,"F"
0,2,2,2,"*BCBSX","joycm001","realj001","","HR/F7LD.2-H;1-H","T",0,4,4,4,0,"F"
0,2,1,2,"CSBX","","","","S8/G4M","T",0,1,0,0,0,"F"
0,2,0,0,".X","bohma001","","","5/P5","T",1,0,1,0,0,"F"
1,0,3,2,"..CBBFFBX","","","","53/G5","T",1,0,0,0,0,"F"
1,1,0,2,"FFX","","","","43/G34D","T",1,0,0,0,0,"F"
1,2,3,1,".CBBBB","","","","W","T",0,1,0,0,0,"F"
1,2,1,2,"FFBFX","paytm001","","","64(1)/FO/G6S.B-1","T",1,1,0,0,0,"F"
0,0,1,1,".CBX","","","","S5/G56","T",0,1,0,0,0,"F"
0,0,1,2,"FFFBX","jankt001","","","S7/F7S.1-2","T",0,1,2,0,0,"F"
0,0,3,2,".BBSBFFFFX","herro001","jankt001","","9/F89D","T",1,0,1,2,0,"F"
0,1,0,0,".X","herro001","jankt001","","8/F89XD","T",1,0,1,2,0,"F"
0,2,3,2,"BBFBF>F>B","herro001","jankt001","","W.2-3;1-2","T",0,1,2,3,0,"F"
0,2,1,1,"BCX","realj001","herro001","jankt001","HR/F9D.3-H;2-H;1-H","T",0,4,4,4,4,"F"
0,2,1,2,"..CCBC","","","","K","T",1,0,0,0,0,"F"
1,0,1,2,"....FFBX","","","","7/F78D","T",1,0,0,0,0,"F"
1,1,2,2,"CBCBX","","","","S8/L89D","T",0,1,0,0,0,"F"
1,1,1,0,"BX","blana002","","","46(1)3/GDP/G4","T",2,0,0,0,0,"F"
0,0,0,2,"CFS","","","","K","T",1,0,0,0,0,"T"
0,1,2,1,"CBBX","","","","S8/L8D","T",0,1,0,0,0,"F"
0,1,3,2,"CBFBBT","voged001","","","K","T",1,0,1,0,0,"F"
0,2,1,2,"SF*BFFH","voged001","","","HP.1-2","T",0,1,2,0,0,"F"
0,2,1,0,"BX","garca003","voged001","","3/P34","T",1,0,1,2,0,"F"
1,0,1,1,"BCX","","","","8/F8XD","T",1,0,0,0,0,"F"
1,1,1,1,"BFX","","","","S7/L7+","T",0,1,0,0,0,"F"
1,1,1,0,"*BB","winkj002","","","WP.1-2","F",0,0,2,0,0,"F"
1,1,3,2,"*BB.CF*BC","","winkj002","","K","T",1,0,0,2,0,"F"
1,2,0,2,"SSX","","winkj002","","8/F8D","T",1,0,0,2,0,"F"
0,0,1,2,"CSBS","","","","K","T",1,0,0,0,0,"F"
0,1,1,2,"CCBX","","","","8/L8D","T",1,0,0,0,0,"F"
0,2,3,2,"BTBBC*S","","","","K.BX1(23)","T",1,0,0,0,0,"F"
1,0,1,1,"CBX","","","","7/L7","T",1,0,0,0,0,"F"
1,1,3,0,"BBBB","","","","W","T",0,1,0,0,0,"F"
1,1,1,1,"CBX","barnt001","","","D7/L78XD.1-3","T",0,2,3,0,0,"F"
1,1,3,2,"CSF*BBBX","","farmk001","barnt001","S8/L8.3-H;2-3","T",0,1,0,3,4,"F"
1,1,0,1,"M+3","akiys001","","farmk001","PO3(25)","F",1,0,1,0,0,"F"
1,2,1,1,"M+3.BX","akiys001","","","63/G6-","T",1,0,1,0,0,"F"
0,0,2,1,"BCBX","","","","9/F9","T",1,0,0,0,0,"F"
0,1,2,0,"BBX","","","","S7/G6","T",0,1,0,0,0,"F"
0,1,0,2,"CFX","urial001","","","7/L78+","T",1,0,1,0,0,"F"
0,2,2,2,"*B1CBFS","urial001","","","K","T",1,0,1,0,0,"F"
1,0,1,2,"CBSS","","","","K","T",1,0,0,0,0,"F"
1,1,1,2,"BCFX","","","","63/G6+","T",1,0,0,0,0,"F"
1,2,1,0,"BX","","","","D9/L89+","T",0,2,0,0,0,"F"
1,2,3,2,"BBCBTB","","castn001","","W","T",0,1,0,2,0,"F"
1,2,2,0,"BBX","vottj001","castn001","","8/F8D","T",1,0,1,2,0,"F"
0,0,1,0,".BX","","","","HR/F7D","T",0,4,0,0,0,"F"
0,0,2,2,"SBFBFX","","","","S9/G4","T",0,1,0,0,0,"F"
0,0,0,0,"X","narvo001","","","53/SH/BG56S-.1-2","T",1,0,2,0,0,"F"
0,1,0,1,"SX","","narvo001","","9/F9","T",1,0,0,2,0,"F"
0,2,3,2,"BCSFBBB","","narvo001","","W","T",0,1,0,2,0,"F"
0,2,2,2,"BBCFS","bradj001","narvo001","","K","T",1,0,1,2,0,"F"
1,0,0,0,"X","","","","43/G4D","T",1,0,0,0,0,"F"
1,1,1,2,"CBFFX","","","","63/G6S-","T",1,0,0,0,0,"F"
1,2,2,2,"CFBBS","","","","K","T",1,0,0,0,0,"F"
0,0,3,1,"..BBBCB","","","","W","T",0,1,0,0,0,"F"
0,0,1,2,"CBCB","urial001","","","WP.1-2","F",0,0,2,0,0,"F"
0,0,3,2,"CBCB.BB","","urial001","","W+WP.2-3","T",0,1,0,3,0,"F"
0,0,2,1,"BS*BX","voged001","","urial001","46(1)3/GDP/G4.3-H(NR)","T",2,0,0,0,4,"F"
0,2,1,2,"CBT*S","","","","K.BX1(23)","T",1,0,0,0,0,"F"
1,0,1,2,"FBFFX","","","","S5/G4M","T",0,1,0,0,0,"F"
1,0,0,0,"X","naqut001","","","13/SH/BG13-.1-2","T",1,0,2,0,0,"F"
1,1,1,0,"BX","","naqut001","","43/G34D+.2-3","T",1,0,0,3,0,"F"
1,2,1,2,"FF*BF*S","","","naqut001","K","T",1,0,0,0,3,"F"
0,0,1,2,".BCSC","","","","K","T",1,0,0,0,0,"F"
0,1,3,2,"SBBBC*S","","","","K","T",1,0,0,0,0,"F"
0,2,0,1,"FX","","","","53/G56","T",1,0,0,0,0,"F"
1,0,1,2,"SSBX","","","","53/G4-","T",1,0,0,0,0,"F"
1,1,3,1,"BBBC*B","","","","W","T",0,1,0,0,0,"F"
1,1,1,2,"..B1CFC","suare001","","","K","T",1,0,1,0,0,"F"
1,2,0,2,"CSX","suare001","","","53/G5","T",1,0,1,0,0,"F"
0,0,0,0,".X","","","","S7/G56","T",0,1,0,0,0,"F"
0,0,0,0,"...1","bradj001","","","PO1(E1/TH).1-2","F",0,0,2,0,0,"F"
0,0,2,2,"...1.SSBB2X","","bradj001","","FC/G1S.2X3(15);B-1","T",1,1,0,0,0,"F"
0,1,1,0,"1B>B","petej002","","","SB2","F",0,0,2,0,0,"F"
0,1,3,2,"1B>B.CS*B*B","","petej002","","W","T",0,1,0,2,0,"F"
0,1,2,1,"BBCX","urial001","petej002","","31/G34.2-3;1-2","T",1,0,2,3,0,"F"
0,2,3,0,"VVVV","","urial001","petej002","IW","T",0,1,0,2,3,"F"
0,2,0,0,"X","yelic001","urial001","petej002","S4/G6M.3-H;2-3;1-2","T",0,1,2,3,4,"F"
0,2,2,2,"BS*S*BX","garca003","yelic001","urial001","7/F7","T",1,0,1,2,3,"F"
1,0,1,1,"...BCX","","","","43/G34","T",1,0,0,0,0,"F"
1,1,2,2,"FBBCT","","","","K","T",1,0,0,0,0,"F"
1,2,3,1,"BBBCB","","","","W","T",0,1,0,0,0,"F"
1,2,1,1,"BSX","indij001","","","65(1)/FO/G4D.B-1","T",1,1,0,0,0,"F"
0,0,0,2,"..CSX","","","","63/G4","T",1,0,0,0,0,"F"
0,1,3,2,"BFBSBB","","","","W","T",0,1,0,0,0,"F"
0,1,1,1,"F1*BX","adamw002","","","3/G3.1-2","T",1,0,2,0,0,"F"
0,2,3,0,"BBBB","","adamw002","","W","T",0,1,0,2,0,"F"
0,2,2,2,"SF*BFBX","petej002","adamw002","","64(1)/FO/G56.B-1","T",1,1,0,2,0,"F"
1,0,2,2,".CCBBFFS","","","","K","T",1,0,0,0,0,"F"
1,1,3,1,"BBBCB","","","","W","T",0,1,0,0,0,"F"
1,1,0,2,"CSF*S","vottj001","","","K","T",1,0,1,0,0,"F"
1,2,3,0,"B*BBB","vottj001","","","W.1-2","T",0,1,2,0,0,"F"
1,2,1,2,"BCFS","stept001","vottj001","","K","T",1,0,1,2,0,"F"
0,0,3,0,".BBBB","","","","W","T",0,1,0,0,0,"F"
0,0,1,2,"1BSFX","taylt002","","","53/G6.1-2","T",1,0,2,0,0,"F"
0,1,0,2,"FFS","","taylt002","","K","T",1,0,0,2,0,"F"
0,2,3,0,"VVVV","","taylt002","","IW","T",0,1,0,2,0,"F"
0,2,1,0,"BX","narvo001","taylt002","","D9/L89XD.2-H;1-H","T",0,2,4,4,0,"F"
0,2,0,2,"FFFFX","","shawt001","","53/G56","T",1,0,0,2,0,"F"
1,0,1,2,"...BFCS","","","","K","T",1,0,0,0,0,"F"
1,1,0,1,"CX","","","","63/G4MD","T",1,0,0,0,0,"F"
1,2,2,2,".BCSBX","","","","S8/L8D+","T",0,1,0,0,0,"F"
1,2,0,2,"F>F>S","paytm001","","","K","T",1,0,1,0,0,"F"
0,0,0,0,"H","","","","HP","T",0,1,0,0,0,"T"
0,0,1,2,"C1CFBX","urial001","","","7/F7","T",1,0,1,0,0,"F"
0,1,0,0,"1X","urial001","","","7/F78D+","T",1,0,1,0,0,"F"
0,2,0,1,"F1X","urial001","","","S7/G56.1-3","T",0,1,3,0,0,"F"
0,2,0,0,"N","garca003","","urial001","BK.3-H(NR);1-2","F",0,0,2,0,4,"F"
0,2,0,0,"N.X","","garca003","","63/G6MD+","T",1,0,0,2,0,"F"
1,0,0,1,"CX","","","","53/G56","T",1,0,0,0,0,"F"
1,1,2,1,"BCBX","","","","S1/G3S","T",0,1,0,0,0,"F"
1,1,2,0,"BBX","winkj002","","","E1/TH/G34S-.1-2;B-1","T",0,1,2,0,0,"F"
1,1,0,0,"X","castn001","winkj002","","D9/L9.2-H;1-3","T",0,2,3,4,0,"F"
1,1,1,1,"CBX","","stept001","castn001","63/G4.3-H(UR);2-3","T",1,0,0,3,5,"F"
1,2,1,1,"BCX","","","stept001","43/G6M","T",1,0,0,0,3,"F"
0,0,0,2,"CSS","","","","K","T",1,0,0,0,0,"F"
0,1,1,0,"BX","","","","S7/G56+","T",0,1,0,0,0,"F"
0,1,0,0,"X","adamw002","","","S9/L9.1-2","T",0,1,2,0,0,"F"
0,1,0,2,"LLL","bradj001","adamw002","","K","T",1,0,1,2,0,"F"
0,2,2,1,"*BBCX","bradj001","adamw002","","54(1)/FO/G56.B-1","T",1,1,0,2,0,"F"
1,0,3,0,"BBB*B","","","","W","T",0,1,0,0,0,"F"
1,0,2,2,"BCFBX","heins001","","","4/L4D","T",1,0,1,0,0,"F"
1,1,1,2,"BMLX","heins001","","","S6/G56.1-2","T",0,1,2,0,0,"F"
1,1,1,0,"BX","gutiv001","heins001","","S56/G5.2-H;1-2","T",0,1,2,4,0,"F"
1,1,3,2,"..FBBFFBX","indij001","gutiv001","","8/L78","T",1,0,1,2,0,"F"
1,2,3,2,"BSFBB>X","indij001","gutiv001","","D7/L7L+.2-H;1-H","T",0,2,4,4,0,"F"
1,2,1,0,"BX","","castn001","","9/L89D","T",1,0,0,2,0,"F"
0,0,0,0,"X","","","","43/G4D+","T",1,0,0,0,0,"F"
0,1,2,1,"BCBX","","","","31/G3","T",1,0,0,0,0,"F"
0,2,1,1,"CBX","","","","43/G6MD+","T",1,0,0,0,0,"F"
1,0,3,2,"BCBSBX","","","","43/G34","T",1,0,0,0,0,"F"
1,1,3,1,"BBBCB","","","","W","T",0,1,0,0,0,"F"
1,1,0,0,"X","suare001","","","8/F89D","T",1,0,1,0,0,"F"
1,2,0,0,"X","suare001","","","9/F89XD+","T",1,0,1,0,0,"F"
0,0,3,2,"CBBBFFFB","","","","W","T",0,1,0,0,0,"F"
0,0,1,2,"C1FFBT","narvo001","","","K","T",1,0,1,0,0,"F"
0,1,1,2,"SBCX","narvo001","","","S7/G56.1-2","T",0,1,2,0,0,"F"
0,1,3,2,"BBFB+2CS","adamw002","narvo001","","K","T",1,0,1,2,0,"F"
0,2,1,2,".CSBS","adamw002","narvo001","","K","T",1,0,1,2,0,"F"
1,0,2,2,".SSBFBFC","","","","K","T",1,0,0,0,0,"F"
1,1,1,2,"CSBX","","","","9/F89S","T",1,0,0,0,0,"F"
1,2,3,2,"CBBBCB","","","","W","T",0,1,0,0,0,"F"
1,2,3,2,"BBFBS>B","winkj002","","","W.1-2","T",0,1,2,0,0,"F"
1,2,0,1,"CX","castn001","winkj002","","D7/G5.2-H;1-H","T",0,2,4,4,0,"F"
1,2,1,2,"SFF*BFS","","stept001","","K","T",1,0,0,2,0,"F"
0,0,0,1,"FX","","","","D7/L7L","T",0,2,0,0,0,"F"
0,0,0,2,"CCX","","urial001","","5/P2","T",1,0,0,2,0,"F"
0,1,2,2,"BBSFB","","urial001","","WP.2-3","F",0,0,0,3,0,"F"
0,1,3,2,"BBSFB.*B","","","urial001","W","T",0,1,0,0,3,"F"
0,1,0,1,"FX","yelic001","","urial001","8/SF/F78D.3-H","T",1,0,1,0,4,"F"
0,2,1,1,"SBX","yelic001","","","13/G2-","T",1,0,1,0,0,"F"
1,0,0,2,"FCX","","","","9/F9LS","T",1,0,0,0,0,"F"
1,1,0,2,"CSS","","","","K","T",1,0,0,0,0,"F"
1,2,1,0,"BX","","","","4/P4","T",1,0,0,0,0,"F"
0,0,2,1,"BBCX","","","","31/G34","T",1,0,0,0,0,"F"
0,1,2,1,"BBSX","","","","S4/G6M-","T",0,1,0,0,0,"F"
0,1,0,0,"X","adamw002","","","6/L4M+","T",1,0,1,0,0,"F"
0,2,2,2,"C*BBFS","adamw002","","","K","T",1,0,1,0,0,"F"
1,0,0,0,"X","","","","7/F78","T",1,0,0,0,0,"F"
1,1,3,2,"CBFBBB","","","","W","T",0,1,0,0,0,"F"
1,1,0,2,"CCS","indij001","","","K","T",1,0,1,0,0,"F"
1,2,3,2,"FBBFB>S","indij001","","","K","T",1,0,1,0,0,"F"
0,0,0,2,"SFX","","","","6/P6D","T",1,0,0,0,0,"F"
0,1,1,2,"FBFS","","","","K","T",1,0,0,0,0,"F"
0,2,3,0,"BBBB","","","","W","T",0,1,0,0,0,"F"
0,2,0,2,"CFX","yelic001","","","54(1)/FO/G56+.B-1","T",1,1,0,0,0,"F"
1,0,3,2,"CBBFFFBFFC","","","","K","T",1,0,0,0,0,"F"
1,1,3,0,"BBBB","","","","W","T",0,1,0,0,0,"F"
1,1,1,2,"S*BFB","vottj001","","","WP.1-2","F",0,0,2,0,0,"F"
1,1,2,2,"S*BFB.X","","vottj001","","S8/L8D+.2-2","T",0,1,0,2,0,"F"
1,1,0,0,"X","suare001","vottj001","","64(1)/FO/G6.2-3;B-1","T",1,1,0,3,0,"F"
1,2,2,2,"B1CBSX","heins001","","vottj001","4/P4D","T",1,0,1,0,3,"F"
0,0,1,2,"..FBF*S","","","","K","T",1,0,0,0,0,"F"
0,1,3,2,".FBBFBB","","","","W","T",0,1,0,0,0,"F"
0,1,1,0,"BX","robed004","","","S9/G3.1-2","T",0,1,2,0,0,"F"
0,1,1,1,"C*BX","adamw002","robed004","","31/G34.2-3;1-2","T",1,0,2,3,0,"F"
0,2,2,2,"...SBCBT","","adamw002","robed004","K","T",1,0,0,2,3,"F"
1,0,0,0,"....X","","","","D9/L9LD","T",0,2,0,0,0,"F"
1,0,0,2,"CFC","","akiys001","","K","T",1,0,0,2,0,"F"
1,1,3,2,"FBS*BBF.B","","akiys001","","W","T",0,1,0,2,0,"F"
1,1,0,0,"X","winkj002","akiys001","","6(1)3/GDP/G6M","T",2,0,0,2,0,"F"
0,0,0,1,"CX","","","","53/G56","T",1,0,0,0,0,"F"
0,1,2,2,"BBCCFX","","","","HR/F9LD","T",0,4,0,0,0,"F"
0,1,3,2,"BBCFFFBX","","","","D9/F89XD","T",0,2,0,0,0,"F"
0,1,0,2,"SSC","","yelic001","","K","T",1,0,0,2,0,"F"
0,2,0,0,"X","","yelic001","","9/F9LS","T",1,0,0,2,0,"F"
0,0,2,2,"CFBBH","","","","HP","T",0,1,0,0,0,"T"
0,0,2,2,"BBCCS","urial001","","","K","T",1,0,1,0,0,"F"
0,1,3,0,"BBBB","urial001","","","W.1-2","T",0,1,2,0,0,"F"
0,1,0,0,"X","yelic001","urial001","","S9/G34.2-H;1-2","T",0,1,2,4,0,"F"
0,1,0,2,"CSS","garca003","yelic001","","K","T",1,0,1,2,0,"F"
0,2,2,2,"BFFBX","garca003","yelic001","","43/G4","T",1,0,1,2,0,"F"
1,0,0,0,"X","","","","9/F89XD+","T",1,0,0,0,0,"F"
1,1,3,2,"BBCFBB","","","","W","T",0,1,0,0,0,"F"
1,1,1,0,"BX","winkj002","","","4/P4D","T",1,0,1,0,0,"F"
1,2,1,2,"CBS*S","winkj002","","","K","T",1,0,1,0,0,"F"
0,0,0,1,"SX","","","","53/G5","T",1,0,0,0,0,"F"
0,1,0,2,"SCFFX","","","","43/G4","T",1,0,0,0,0,"F"
0,2,0,2,"FCS","","","","K","T",1,0,0,0,0,"F"
1,0,3,2,"FBBFBX","","","","HR/F89XD","T",0,4,0,0,0,"F"
1,0,3,2,"BBBCSFX","","","","7/F78D","T",1,0,0,0,0,"F"
1,1,0,1,"FX","","","","7/F78D","T",1,0,0,0,0,"F"
1,2,2,2,"CBSBX","","","","8/L8D","T",1,0,0,0,0,"F"
0,0,2,2,"CTBBX","","","","43/G4","T",1,0,0,0,0,"F"
0,1,1,0,"BX","","","","43/G34D","T",1,0,0,0,0,"F"
0,2,1,2,"CCBFFX","","","","63/G4","T",1,0,0,0,0,"F"
1,0,0,2,"FFC","","","","K","T",1,0,0,0,0,"F"
1,1,3,2,"BBFSFBS","","","","K","T",1,0,0,0,0,"F"
1,2,2,2,"SFFBBFFX","","","","43/G34D+","T",1,0,0,0,0,"F"
0,0,0,0,"X","","","","9/L89","T",1,0,0,0,0,"F"
0,1,1,2,"CCFBX","","","","7/L78D+","T",1,0,0,0,0,"F"
0,2,3,1,"BCBBX","","","","63/G4MD+","T",1,0,0,0,0,"F"
1,0,0,2,"FFX","","","","D9/L9LD","T",0,2,0,0,0,"F"
1,0,1,2,"FBCS","","castn001","","K","T",1,0,0,2,0,"F"
1,1,3,2,"T*BBCBC","","castn001","","K","T",1,0,0,2,0,"F"
1,2,3,2,"SBSB*BB","","castn001","","W","T",0,1,0,2,0,"F"
1,2,2,2,"BFBFC","suare001","castn001","","K","T",1,0,1,2,0,"F"
0,0,1,2,"BFSS","","","","K","T",1,0,0,0,0,"F"
0,1,1,2,"CFBT","","","","K","T",1,0,0,0,0,"F"
0,2,2,2,".BBCFX","","","","53/G56S","T",1,0,0,0,0,"F"
1,0,0,1,".CX","","","","S4/G4","T",0,1,0,0,0,"F"
1,0,1,2,"LLBX","farmk001","","","13/SH/BG2.1-2","T",1,0,2,0,0,"F"
1,1,0,2,"CSFS","","farmk001","","K","T",1,0,0,2,0,"F"
1,2,0,0,"X","","farmk001","","S7/G6.2-H","T",0,1,0,4,0,"F"
1,2,1,2,"BSSS","winkj002","","","K","T",1,0,1,0,0,"F"
0,0,2,2,"BCBSS","","","","K","T",1,0,0,0,0,"F"
0,1,3,1,"BFBBB","","","","W","T",0,1,0,0,0,"F"
0,1,3,2,"TBBFB*B","voged001","","","W.1-2","T",0,1,2,0,0,"F"
0,1,3,2,"FFB*BFFFBFS","yelic001","voged001","","K","T",1,0,1,2,0,"F"
0,2,1,2,".BSSX","yelic001","voged001","","DGR/F8XD.2-H;1-3","T",0,2,3,4,0,"F"
0,2,0,0,"X","","adamw002","yelic001","S7/F7LS.3-H;2-H","T",0,1,0,4,4,"F"
0,2,1,2,"C1B1CS","petej002","","","K","T",1,0,1,0,0,"F"
1,0,3,2,"CBSBFBFS","","","","K","T",1,0,0,0,0,"F"
1,1,0,2,"FSS","","","","K","T",1,0,0,0,0,"F"
1,2,0,2,"CCX","","","","13/G4MS","T",1,0,0,0,0,"F"
0,0,0,0,".X","","","","3/P3F/FL","T",1,0,0,0,0,"F"
0,1,1,0,".BH","","","","HP","T",0,1,0,0,0,"F"
0,1,0,2,"CFFX","taylt002","","","54(1)/FO/G5.B-2(E4/TH)","T",1,2,0,0,0,"F"
0,2,1,1,"BFX","","urial001","","HR/F89XD.2-H","T",0,4,0,4,0,"F"
0,2,2,1,"BBCX","","","","43/G34D+","T",1,0,0,0,0,"F"
1,0,3,1,".BBCBX","","","","S9/L9+","T",0,1,0,0,0,"F"
1,0,2,2,"BFBFS","barnt001","","","K","T",1,0,1,0,0,"F"
1,1,0,2,".CFS","barnt001","","","K","T",1,0,1,0,0,"F"
1,2,0,0,"X","barnt001","","","54(1)/FO/G56.B-1","T",1,1,0,0,0,"F"
0,0,2,2,".BCCBS","","","","K","T",1,0,0,0,0,"F"
0,1,2,2,"BBSSX","","","","D8/L89XD+","T",0,2,0,0,0,"F"
0,1,3,2,"BBFCBX","","adamw002","","D8/L8XD+.2-H","T",0,2,0,4,0,"F"
0,1,0,1,"SX","","petej002","","53/G56","T",1,0,0,2,0,"F"
0,2,1,2,"FS*BFS","","petej002","","K","T",1,0,0,2,0,"F"
1,0,1,2,".CFBX","","","","9/L9D+","T",1,0,0,0,0,"F"
1,1,0,0,"X","","","","S8/L8","T",0,1,0,0,0,"F"
1,1,3,1,"BBCBX","castn001","","","8/L8D","T",1,0,1,0,0,"F"
1,2,3,2,"BBBCC>X","castn001","","","13/G6MS","T",1,0,1,0,0,"F"
0,0,0,2,"..FSS","","","","K","T",1,0,0,0,0,"F"
0,1,2,2,"BSCBX","","","","S7/L7LD","T",0,1,0,0,0,"F"
0,1,3,2,"BCBBFFX","urial001","","","D9/L9D+.1-3","T",0,2,3,0,0,"F"
0,1,3,0,"VVVV","","voged001","urial001","IW","T",0,1,0,2,3,"F"
0,1,3,2,"*BF*B*BFX","yelic001","voged001","urial001","9/F3D","T",1,0,1,2,3,"F"
0,2,3,2,"CBFBFB>F>X","yelic001","voged001","urial001","9/L9+","T",1,0,1,2,3,"F"
1,0,2,2,"....CBFBS","","","","K","T",1,0,0,0,0,"F"
1,1,3,2,"FTFBBFBFS","","","","K","T",1,0,0,0,0,"F"
1,2,1,2,"CBSFS","","","","K","T",1,0,0,0,0,"F"
0,0,1,1,"TBX","","","","S8/G4M","T",0,1,0,0,0,"T"
0,0,0,0,"X","tapir001","","","64(1)3/GDP/G6","T",2,0,0,0,0,"F"
0,2,3,2,"CBCBFFBB","","","","W","T",0,1,0,0,0,"F"
0,2,1,0,"*BX","blacc001","","","64(1)/FO/G6.B-1","T",1,1,0,0,0,"F"
1,0,0,1,"CX","","","","53/G5","T",1,0,0,0,0,"F"
1,1,0,0,"X","","","","S7/L78D","T",0,1,0,0,0,"F"
1,1,1,0,"*BX","winkj002","","","HR/L8XD.1-H","T",0,4,4,0,0,"F"
1,1,0,0,"X","","","","53/G56","T",1,0,0,0,0,"F"
1,2,0,2,"CCS","","","","K","T",1,0,0,0,0,"F"
0,0,1,2,"BCCF*S","","","","K","T",1,0,0,0,0,"F"
0,1,1,2,"BCSFX","","","","43/G6M","T",1,0,0,0,0,"F"
0,2,3,2,"BBSSBX","","","","53/G56","T",1,0,0,0,0,"F"
1,0,1,0,"BX","","","","D7/L7D+","T",0,2,0,0,0,"F"
1,0,0,2,"FSX","","suare001","","HR/F7D.2-H","T",0,4,0,4,0,"F"
1,0,3,2,"CCBBBFX","","","","63/G6","T",1,0,0,0,0,"F"
1,1,0,0,"X","","","","43/G4M","T",1,0,0,0,0,"F"
1,2,2,1,"CBBX","","","","7/F78XD","T",1,0,0,0,0,"F"
0,0,1,1,"CBX","","","","4/P89S","T",1,0,0,0,0,"F"
0,1,1,2,"CBTS","","","","K","T",1,0,0,0,0,"F"
0,2,0,2,"FFS","","","","K","T",1,0,0,0,0,"F"
1,0,0,1,"CX","","","","43/G4","T",1,0,0,0,0,"F"
1,1,3,2,"BBFBFB","","","","W","T",0,1,0,0,0,"F"
1,1,3,2,"CS*BBBX","castn001","","","FC5/G7S.1-3(E5);B-1","T",0,1,3,0,0,"F"
1,1,0,1,"CX","stept001","","castn001","HR/F78XD.3-H(UR);1-H","T",0,4,4,0,5,"F"
1,1,1,2,"CCBX","","","","9/F9","T",1,0,0,0,0,"F"
1,2,2,2,"BCFBX","","","","9/F9D","T",1,0,0,0,0,"F"
0,0,1,1,"BCX","","","","7/F78XD","T",1,0,0,0,0,"F"
0,1,0,0,"X","","","","43/G34D","T",1,0,0,0,0,"F"
0,2,1,2,"CFFBX","","","","6/P78S","T",1,0,0,0,0,"F"
1,0,2,2,"BCFBX","","","","HR/F7D","T",0,4,0,0,0,"F"
1,0,0,2,"CCS","","","","K","T",1,0,0,0,0,"F"
1,1,1,1,"CBX","","","","S7/L78S","T",0,1,0,0,0,"F"
1,1,0,0,"X","indij001","","","8/F8XD+","T",1,0,1,0,0,"F"
1,2,2,1,"BBFX","indij001","","","43/G4S-","T",1,0,1,0,0,"F"
0,0,1,2,"BFSS","","","","K","T",1,0,0,0,0,"F"
0,1,1,1,"FBX","","","","63/G6","T",1,0,0,0,0,"F"
0,2,1,2,"CCBFF*S","","","","K+WP.B-1","T",0,1,0,0,0,"F"
0,2,0,2,"CFX","dazay001","","","63/G4D+","T",1,0,1,0,0,"F"
1,0,1,0,"BX","","","","HR/F8XD","T",0,4,0,0,0,"F"
1,0,3,2,"...BCCBBFX","","","","7/F7LF/FL","T",1,0,0,0,0,"F"
1,1,0,2,".CSS","","","","K+WP.B-1","T",0,1,0,0,0,"F"
1,1,2,2,"BBFC*S","freem002","","","K","T",1,0,1,0,0,"F"
1,2,1,1,"BSX","freem002","","","3/G34","T",1,0,1,0,0,"F"
0,0,1,2,".BCCX","","","","S9/G34","T",0,1,0,0,0,"F"
0,0,2,2,"FSB*BX","joe-c001","","","S9/G34.1-2","T",0,1,2,0,0,"F"
0,0,0,0,"X","tapir001","joe-c001","","4/P34D","T",1,0,1,2,0,"F"
0,1,0,1,"CX","tapir001","joe-c001","","S7/L7.2-3;1-2","T",0,1,2,3,0,"F"
0,1,0,2,"*SSB","blacc001","tapir001","joe-c001","WP.3-H(NR);2-3;1-2","F",0,0,2,3,4,"F"
0,1,1,2,"*SSB.S","","blacc001","tapir001","K","T",1,0,0,2,3,"F"
0,2,2,2,"BBCSFX","","blacc001","tapir001","HR/F89XD.3-H;2-H","T",0,4,0,4,4,"F"
0,2,2,2,"CBFFBFFX","","","","5/P5F/FL","T",1,0,0,0,0,"F"
1,0,1,2,".BFFX","","","","63/G6MD","T",1,0,0,0,0,"F"
1,1,2,2,"BCBC*S","","","","K","T",1,0,0,0,0,"F"
1,2,3,2,"BBFFBB","","","","W","T",0,1,0,0,0,"F"
1,2,1,1,"SBX","winkj002","","","S8/G6M.1-3","T",0,1,3,0,0,"F"
1,2,3,2,"BCBFB>B","castn001","","winkj002","W.1-2","T",0,1,2,0,3,"F"
1,2,3,0,"..BBBB","stept001","castn001","winkj002","W.3-H;2-3;1-2","T",0,1,2,3,4,"F"
1,2,3,0,"*B*BBB","vottj001","stept001","castn001","W.3-H;2-3;1-2","T",0,1,2,3,4,"F"
1,2,1,2,"C*BSFFX","freem002","vottj001","stept001","63/G56","T",1,0,1,2,3,"F"
0,0,1,0,"....BX","","","","3/G34S+","T",1,0,0,0,0,"F"
0,1,2,2,"CBBSX","","","","9/F9","T",1,0,0,0,0,"F"
0,2,2,2,"BSCBS","","","","K","T",1,0,0,0,0,"F"
1,0,0,1,"CX","","","","S9/L9","T",0,1,0,0,0,"F"
1,0,1,0,"BX","farmk001","","","46(1)/FO/G4M.B-1","T",1,1,0,0,0,"F"
1,1,1,2,"BCFS","akiys001","","","K","T",1,0,1,0,0,"F"
1,2,0,1,"TX","akiys001","","","46(1)/FO/G4+.B-1","T",1,1,0,0,0,"F"
0,0,3,2,"BBFFBS","","","","K","T",1,0,0,0,0,"F"
0,1,1,0,"BX","","","","HR/F78XD","T",0,4,0,0,0,"F"
0,1,1,1,"CBX","","","","31/G3","T",1,0,0,0,0,"F"
0,2,2,2,"BSSB*S","","","","K","T",1,0,0,0,0,"F"
1,0,2,1,"..BBCX","","","","8/F78","T",1,0,0,0,0,"F"
1,1,3,2,"BCBBFFFB","","","","W","T",0,1,0,0,0,"F"
1,1,1,2,".BCSFFS","stept001","","","K","T",1,0,1,0,0,"F"
1,2,2,1,"BC*BX","stept001","","","43/G34","T",1,0,1,0,0,"F"
0,0,3,2,".CBFFBBX","","","","8/F78D","T",1,0,0,0,0,"F"
0,1,3,2,"FBFBBS","","","","K","T",1,0,0,0,0,"F"
0,2,0,2,"FTX","","","","S9/G34","T",0,1,0,0,0,"F"
0,2,0,0,">C","fuenj001","","","DI.1-2","F",0,0,2,0,0,"F"
0,2,1,2,">C.FFB>B","","fuenj001","","DI.2-3","F",0,0,0,3,0,"F"
0,2,2,2,">C.FFB>B.S","","","fuenj001","K","T",1,0,0,0,3,"F"
0,0,1,1,"CBX","","","","S9/L89","T",0,1,0,0,0,"T"
0,0,1,2,"BSFS","hampg001","","","K","T",1,0,1,0,0,"F"
0,1,1,1,"B11FX","hampg001","","","8/F8","T",1,0,1,0,0,"F"
0,2,2,1,"CBBX","hampg001","","","53/G5","T",1,0,1,0,0,"F"
1,0,3,1,"BBCBB","","","","W","T",0,1,0,0,0,"F"
1,0,3,2,"BSBFFB>X","indij001","","","8/F8","T",1,0,1,0,0,"F"
1,1,2,0,"BBX","indij001","","","D7/L7LD.1-H","T",0,2,4,0,0,"F"
1,1,0,0,"X","","castn001","","S9/G34+.2-3","T",0,1,0,3,0,"F"
1,1,3,2,"BBFC*BS","naqut001","","castn001","K","T",1,0,1,0,3,"F"
1,2,0,0,"X","naqut001","","castn001","S7/L78.3-H;1-2","T",0,1,2,0,4,"F"
1,2,1,0,"BX","suare001","naqut001","","43/G4","T",1,0,1,2,0,"F"
0,0,1,2,"CCBFX","","","","S9/L9S","T",0,1,0,0,0,"F"
0,0,1,2,"1SBFFFX","dazay001","","","FC5/G5.1-H(E5)(NR)(UR);B-2","T",0,2,5,0,0,"F"
0,0,1,0,"BX","","fuenj001","","S7/L78D+.2-H","T",0,1,0,4,0,"F"
0,0,0,0,"X","joe-c001","","","D7/G5.1-H","T",0,2,4,0,0,"F"
0,0,1,1,"L*BX","","diaze005","","FC/BG1S-.2X3(15);B-1","T",1,1,0,0,0,"F"
0,1,3,2,"BBCFBFX","marqg001","","","54(1)/FO/G56D.B-1","T",1,1,0,0,0,"F"
0,2,0,1,">FX","hampg001","","","4(1)/FO/G4M.B-1","T",1,1,0,0,0,"F"
1,0,2,2,"BBCFX","","","","53/G5","T",1,0,0,0,0,"F"
1,1,1,0,"BX","","","","S7/G56+","T",0,1,0,0,0,"F"
1,1,1,2,"BCSS","milew001","","","K","T",1,0,1,0,0,"F"
1,2,1,0,"BX","milew001","","","7/F7D","T",1,0,1,0,0,"F"
0,0,2,1,"BSBX","","","","63/G56","T",1,0,0,0,0,"F"
0,1,0,2,"FCX","","","","S9/L89S","T",0,1,0,0,0,"F"
0,1,2,1,"BSBX","cronc002","","","64(1)3/GDP/G6M","T",2,0,0,0,0,"F"
1,0,2,0,"BBX","","","","S9/F89S","T",0,1,0,0,0,"F"
1,0,1,2,"BC*SX","castn001","","","S7/L78.1-3;B-2","T",0,2,3,0,0,"F"
1,0,1,0,"BX","","naqut001","castn001","S9/L89D.3-H;2-H","T",0,1,0,4,4,"F"
1,0,0,1,"CH","vottj001","","","HP.1-2","T",0,1,2,0,0,"F"
1,0,1,1,"C*BX","suare001","vottj001","","36(1)1/GDP/G3.2-3","T",2,0,0,3,0,"F"
1,2,0,2,"CSFS","","","vottj001","K","T",1,0,0,0,3,"F"
0,0,1,0,"BX","","","","9/F9S","T",1,0,0,0,0,"F"
0,1,1,2,"CSBFX","","","","63/G6","T",1,0,0,0,0,"F"
0,2,0,2,"SFX","","","","9/L9D","T",1,0,0,0,0,"F"
1,0,1,1,"BCX","","","","S7/G6","T",0,1,0,0,0,"F"
1,0,2,2,"SS*BBX","milew001","","","64(1)3/GDP/G6D","T",2,0,0,0,0,"F"
1,2,0,2,"CS*S","","","","K","T",1,0,0,0,0,"F"
0,0,0,1,".SX","","","","S4/P89S","T",0,1,0,0,0,"F"
0,0,0,0,"1","marqg001","","","PO1(13)","F",1,0,0,0,0,"F"
0,1,2,0,"1.BBX","","","","7/F78XD","T",1,0,0,0,0,"F"
0,2,3,2,"BSBSFBFFB","","","","W","T",0,1,0,0,0,"F"
0,2,2,1,"1BBSX","rodgb002","","","53/G56","T",1,0,1,0,0,"F"
1,0,0,2,"CFS","","","","K","T",1,0,0,0,0,"F"
1,1,0,0,"X","","","","3/G34","T",1,0,0,0,0,"F"
1,2,3,2,"BBBFFX","","","","S9/L9","T",0,1,0,0,0,"F"
1,2,0,1,"FX","vottj001","","","S9/G4.1-2","T",0,1,2,0,0,"F"
1,2,0,0,"X","suare001","vottj001","","D8/F78XD.2-H;1-H","T",0,2,4,4,0,"F"
1,2,0,1,"CX","","barnt001","","S9/F9LS.2-H;BX2(96)","T",1,0,0,4,0,"F"
0,0,1,2,"BFCT","","","","K","T",1,0,0,0,0,"F"
0,1,1,2,"CBCX","","","","3/G34","T",1,0,0,0,0,"F"
0,2,3,2,"FBBFBFS","","","","K","T",1,0,0,0,0,"F"
1,0,3,2,"BFFBBF*B","","","","W","T",0,1,0,0,0,"F"
1,0,1,2,"CBSX","milew001","","","FC1/G13-.1-3(E1/TH);B-2","T",0,2,3,0,0,"F"
1,0,0,0,".H","","indij001","milew001","HP","T",0,1,0,2,3,"F"
1,0,2,2,"FBFBC","winkj002","indij001","milew001","K","T",1,0,1,2,3,"F"
1,1,0,0,"X","winkj002","indij001","milew001","S9/L89.3-H(UR);2-H;1-2","T",0,1,2,4,5,"F"
1,1,3,2,"BCF*BF*BFX","naqut001","winkj002","","6/P56D","T",1,0,1,2,0,"F"
1,2,0,0,"X","naqut001","winkj002","","3/P3DF/FL","T",1,0,1,2,0,"F"
0,0,2,1,"BBCX","","","","6/L6","T",1,0,0,0,0,"F"
0,1,1,0,"BX","","","","8/F8","T",1,0,0,0,0,"F"
0,2,1,1,".CBX","","","","9/F9","T",1,0,0,0,0,"F"
1,0,0,1,".CX","","","","3/G34","T",1,0,0,0,0,"F"
1,1,2,2,"BBCFX","","","","3/P3F/FL","T",1,0,0,0,0,"F"
1,2,3,2,".BCBBFB","","","","W","T",0,1,0,0,0,"F"
1,2,1,1,"BCX","heins001","","","D9/F89XD.1-H","T",0,2,4,0,0,"F"
1,2,3,1,"FBBBB","","indij001","","W","T",0,1,0,2,0,"F"
1,2,1,2,"SCFFBX","winkj002","indij001","","9/F9","T",1,0,1,2,0,"F"
0,0,1,2,"..BSCS","","","","K","T",1,0,0,0,0,"F"
0,1,3,2,"CFFBBBS","","","","K","T",1,0,0,0,0,"F"
0,2,3,2,"CBSBB*B","","","","W","T",0,1,0,0,0,"F"
0,2,0,0,">C","stort001","","","DI.1-2","F",0,0,2,0,0,"F"
0,2,2,2,">C.BBSFFX","","stort001","","4/P4D","T",1,0,0,2,0,"F"
1,0,1,2,".SFFFBX","","","","53/G4","T",1,0,0,0,0,"F"
1,1,1,2,"BCCS","","","","K","T",1,0,0,0,0,"F"
1,2,0,1,".CX","","","","7/F7","T",1,0,0,0,0,"F"
0,0,0,0,"..X","","","","D8/F89XD","T",0,2,0,0,0,"F"
0,0,3,2,"BFBFFBX","","dazay001","","7/F78S","T",1,0,0,2,0,"F"
0,1,1,2,"BCCX","","dazay001","","7/F7","T",1,0,0,2,0,"F"
0,2,1,2,"CBFX","","dazay001","","8/F89D","T",1,0,0,2,0,"F"
0,0,0,1,"CX","","","","S7/L7+","T",0,1,0,0,0,"T"
0,0,0,0,"X","tapir001","","","DGR/L89XD.1-3","T",0,2,3,0,0,"F"
0,0,0,0,"X","","dazay001","tapir001","7/SF/F7D.3-H","T",1,0,0,2,4,"F"
0,1,1,2,"FFBC","","dazay001","","K","T",1,0,0,2,0,"F"
0,2,1,2,"BTFX","","dazay001","","8/F8XD","T",1,0,0,2,0,"F"
1,0,0,0,"X","","","","S8/G4M+","T",0,1,0,0,0,"F"
1,0,1,1,"BCX","indij001","","","9/L89D+","T",1,0,1,0,0,"F"
1,1,1,0,"BX","indij001","","","54(1)3/GDP/G56+","T",2,0,0,0,0,"F"
0,0,2,1,"BCBX","","","","9/F9L","T",1,0,0,0,0,"F"
0,1,3,0,"BBBB","","","","W","T",0,1,0,0,0,"F"
0,1,1,0,"BX","cronc002","","","S8/G6M.1-3","T",0,1,3,0,0,"F"
0,1,1,0,"BX","nuned001","","cronc002","2/BP2F/FL","T",1,0,1,0,3,"F"
0,2,1,1,"BCX","nuned001","","cronc002","43/G4D","T",1,0,1,0,3,"F"
1,0,0,0,"X","","","","D9/L9LD+","T",0,2,0,0,0,"F"
1,0,1,1,"FBX","","naqut001","","S7/L7LS.2-H","T",0,1,0,4,0,"F"
1,0,2,0,"BBX","vottj001","","","HR/F7LD.1-H","T",0,4,4,0,0,"F"
1,0,1,1,"BTX","","","","3/G3","T",1,0,0,0,0,"F"
1,1,2,0,"BBX","","","","63/G6+","T",1,0,0,0,0,"F"
1,2,0,0,"X","","","","53/G56","T",1,0,0,0,0,"F"
0,0,2,2,"BCFBH","","","","HP","T",0,1,0,0,0,"F"
0,0,1,0,"B1X","dazay001","","","S6/G6.1-2","T",0,1,2,0,0,"F"
0,0,2,2,"2SSFF*B*BC","blacc001","dazay001","","K","T",1,0,1,2,0,"F"
0,1,2,2,"FBBCC","blacc001","dazay001","","K","T",1,0,1,2,0,"F"
0,2,3,0,"BBBB","blacc001","dazay001","","W.2-3;1-2","T",0,1,2,3,0,"F"
0,2,3,2,"BCB*BC>X","rodgb002","blacc001","dazay001","9/F9","T",1,0,1,2,3,"F"
1,0,1,1,"BTX","","","","7/F78D","T",1,0,0,0,0,"F"
1,1,1,2,"FSBH","","","","HP","T",0,1,0,0,0,"F"
1,1,0,1,"FX","winkj002","","","D7/F7LD.1-3","T",0,2,3,0,0,"F"
1,1,3,2,"BBBFC*S","","castn001","winkj002","K","T",1,0,0,2,3,"F"
1,2,2,2,"CCB*BX","","castn001","winkj002","43/G34","T",1,0,0,2,3,"F"
0,0,2,0,"BBX","","","","9/F89D","T",1,0,0,0,0,"F"
0,1,1,2,"FBS*S","","","","K","T",1,0,0,0,0,"F"
0,2,1,1,"BFX","","","","S8/G4M","T",0,1,0,0,0,"F"
0,2,1,2,"CCBX","tapir001","","","4(1)/FO/G4M+.B-1","T",1,1,0,0,0,"F"
1,0,1,1,"TBX","","","","9/F9D","T",1,0,0,0,0,"F"
1,1,1,2,"SSBFS","","","","K","T",1,0,0,0,0,"F"
1,2,1,1,"CBX","","","","S8/G6M","T",0,1,0,0,0,"F"
1,2,0,0,"X","farmk001","","","64(1)/FO/G6+.B-1","T",1,1,0,0,0,"F"
0,0,2,2,"CBBSX","","","","5/P5","T",1,0,0,0,0,"F"
0,1,0,1,"FH","","","","HP","T",0,1,0,0,0,"F"
0,1,2,2,"CBS1FB>B","stort001","","","SB2","F",0,0,2,0,0,"F"
0,1,3,2,"CBS1FB>B.FS","","stort001","","K","T",1,0,0,2,0,"F"
0,2,3,2,"FB*SBBFB","","stort001","","W","T",0,1,0,2,0,"F"
0,2,3,1,"BBSBB","rodgb002","stort001","","W.2-3;1-2","T",0,1,2,3,0,"F"
0,2,3,2,".C*BBFB>*S","cronc002","rodgb002","stort001","K","T",1,0,1,2,3,"F"
1,0,3,2,"SBBSB*S","","","","K","T",1,0,0,0,0,"F"
1,1,1,1,"BCX","","","","D7/L7D+","T",0,2,0,0,0,"F"
1,1,1,2,"BFFFX","","winkj002","","9/F9LS","T",1,0,0,2,0,"F"
1,2,3,2,"BSBS*BS","","winkj002","","K","T",1,0,0,2,0,"F"
0,0,2,2,".CSFBFBS","","","","K","T",1,0,0,0,0,"F"
0,1,0,2,"CFS","","","","K","T",1,0,0,0,0,"F"
0,2,3,0,"BBBB","","","","W","T",0,1,0,0,0,"F"
0,2,0,2,".CSC","dazay001","","","K","T",1,0,1,0,0,"F"
1,0,2,2,"FBBSX","","","","63/G6","T",1,0,0,0,0,"F"
1,1,1,2,"CCBX","","","","9/F89","T",1,0,0,0,0,"F"
1,2,2,1,"BBSX","","","","63/G4M","T",1,0,0,0,0,"F"
0,0,0,2,".CSS","","","","K","T",1,0,0,0,0,"F"
0,1,2,0,"BBX","","","","HR/F89XD","T",0,4,0,0,0,"F"
0,1,3,2,"CBSBBX","","","","7/F7LD+","T",1,0,0,0,0,"F"
0,2,3,1,"BBCBB","","","","W","T",0,1,0,0,0,"F"
0,2,2,2,"CSBBS","cronc002","","","K","T",1,0,1,0,0,"F"
1,0,1,1,"CBH","","","","HP","T",0,1,0,0,0,"F"
1,0,1,1,".BSX","farmk001","","","D9/L89XD+.1-3","T",0,2,3,0,0,"F"
1,0,3,2,".CSBBBFB","","akiys001","farmk001","W","T",0,1,0,2,3,"F"
1,0,2,2,"TBFBX","indij001","akiys001","farmk001","D8/G4M.3-H;2-H;1-3","T",0,2,3,4,4,"F"
1,0,0,2,"SFS","","winkj002","indij001","K","T",1,0,0,2,3,"F"
1,1,0,0,"X","","winkj002","indij001","8/SF/F8XD.3-H","T",1,0,0,2,4,"F"
1,2,1,0,"BX","","winkj002","","43/G34+","T",1,0,0,2,0,"F"
0,0,2,2,"...BBFTC","","","","K","T",1,0,0,0,0,"F"
0,1,0,1,"FX","","","","8/L8XD+","T",1,0,0,0,0,"F"
0,2,0,0,"X","","","","9/F34D","T",1,0,0,0,0,"F"
1,0,2,2,".CSFBFBFX","","","","63/G6","T",1,0,0,0,0,"F"
1,1,3,1,"SBBBX","","","","43/G4","T",1,0,0,0,0,"F"
1,2,0,2,"FSS","","","","K","T",1,0,0,0,0,"F"
0,0,0,2,".CCX","","","","7/L7","T",1,0,0,0,0,"F"
0,1,2,2,"FCBBS","","","","K","T",1,0,0,0,0,"F"
0,2,2,1,"CBBX","","","","8/F8","T",1,0,0,0,0,"F"
0,0,3,2,"BCSFBBS","","","","K","T",1,0,0,0,0,"T"
0,1,0,0,"X","","","","HR/F89XD","T",0,4,0,0,0,"F"
0,1,2,2,"BBFFFS","","","","K","T",1,0,0,0,0,"F"
0,2,1,1,"BSX","","","","8/F78XD+","T",1,0,0,0,0,"F"
1,0,0,1,"CX","","","","D9/L9LD","T",0,2,0,0,0,"F"
1,0,3,2,"BBBCFFB","","indij001","","W","T",0,1,0,2,0,"F"
1,0,0,0,"B","winkj002","indij001","","WP.2-3;1-2","F",0,0,2,3,0,"F"
1,0,1,0,"B.X","","winkj002","indij001","9/SF/L9.3-H;2-3","T",1,0,0,3,4,"F"
1,1,0,2,"3CCC","","","winkj002","K","T",1,0,0,0,3,"F"
1,2,2,2,"BFSBFC","","","winkj002","K","T",1,0,0,0,3,"F"
0,0,3,2,"BTBBFB","","","","W","T",0,1,0,0,0,"F"
0,0,2,2,"FBCF*BX","almoa001","","","S9/G4+.1-2","T",0,1,2,0,0,"F"
0,0,1,1,"CBX","adrie001","almoa001","","7/F78S","T",1,0,1,2,0,"F"
0,1,1,1,"CBX","adrie001","almoa001","","8/F8D","T",1,0,1,2,0,"F"
0,2,0,2,"CFS","adrie001","almoa001","","K","T",1,0,1,2,0,"F"
1,0,0,2,"CSS","","","","K","T",1,0,0,0,0,"F"
1,1,0,2,"CCX","","","","13/G4S","T",1,0,0,0,0,"F"
1,2,1,1,"FBX","","","","9/F89D","T",1,0,0,0,0,"F"
0,0,1,2,"BFFX","","","","2/P2F/FL","T",1,0,0,0,0,"F"
0,1,0,1,"CX","","","","7/F7LD","T",1,0,0,0,0,"F"
0,2,3,2,"BBSFFBS","","","","K","T",1,0,0,0,0,"F"
1,0,0,1,"SX","","","","D7/L7LD","T",0,2,0,0,0,"F"
1,0,2,2,"FBBCX","","santt001","","31/G34.2-3","T",1,0,0,3,0,"F"
1,1,1,0,".BX","","","santt001","3/G34+","T",1,0,0,0,3,"F"
1,2,3,0,"VVVV","","","santt001","IW","T",0,1,0,0,3,"F"
1,2,3,2,"FFFBBB>X","castn001","","santt001","S6/G6.3-H;1-2","T",0,1,2,0,4,"F"
1,2,0,0,"X","vottj001","castn001","","43/G34D","T",1,0,1,2,0,"F"
0,0,3,2,"BFCFBFBB","","","","W","T",0,1,0,0,0,"F"
0,0,3,2,"BBCCB>X","rilea001","","","7/F78D","T",1,0,1,0,0,"F"
0,1,1,1,"*BFX","rilea001","","","S9/L89D+.1-3","T",0,1,3,0,0,"F"
0,1,1,2,"BFSS","adrie001","","rilea001","K","T",1,0,1,0,3,"F"
0,2,2,2,"BBTCS","adrie001","","rilea001","K","T",1,0,1,0,3,"F"
1,0,3,2,"CSBBBB","","","","W","T",0,1,0,0,0,"F"
1,0,1,1,"BFB","suare001","","","WP.1-2","F",0,0,2,0,0,"F"
1,0,3,1,"BFB.BB","","suare001","","W","T",0,1,0,2,0,"F"
1,0,1,2,".BCFX","barnt001","suare001","","7/F7","T",1,0,1,2,0,"F"
1,1,1,2,"BLSS","barnt001","suare001","","K","T",1,0,1,2,0,"F"
1,2,1,2,"BSSS","barnt001","suare001","","K","T",1,0,1,2,0,"F"
0,0,1,2,".TBSS","","","","K","T",1,0,0,0,0,"F"
0,1,2,1,"BSBX","","","","53/G56","T",1,0,0,0,0,"F"
0,2,1,2,"CBFS","","","","K","T",1,0,0,0,0,"F"
1,0,1,1,".BFX","","","","8/L8D+","T",1,0,0,0,0,"F"
1,1,1,1,"BCX","","","","63/G6","T",1,0,0,0,0,"F"
1,2,1,2,"TBCS","","","","K","T",1,0,0,0,0,"F"
0,0,1,0,"BX","","","","7/L7","T",1,0,0,0,0,"F"
0,1,0,0,"X","","","","8/F8XD","T",1,0,0,0,0,"F"
0,2,3,2,"FCBBBB","","","","W","T",0,1,0,0,0,"F"
0,2,0,0,"H","almoa001","","","HP.1-2","T",0,1,2,0,0,"F"
0,2,1,2,"SFBFX","adrie001","almoa001","","64(1)/FO/G6.B-1","T",1,1,0,2,0,"F"
1,0,1,0,"BX","","","","5/L4D-","T",1,0,0,0,0,"F"
1,1,3,0,"BBBB","","","","W","T",0,1,0,0,0,"F"
1,1,0,1,"C>X","suare001","","","163/G6MS.1-2","T",1,0,2,0,0,"F"
1,2,2,1,"CBBB","","suare001","","WP.2-3","F",0,0,0,3,0,"F"
1,2,3,1,"CBBB.B","","","suare001","W","T",0,1,0,0,3,"F"
1,2,0,2,".CCFFX","farmk001","","suare001","53/G56","T",1,0,1,0,3,"F"
0,0,0,1,".CX","","","","3/G3","T",1,0,0,0,0,"F"
0,1,2,2,".BBFFS","","","","K","T",1,0,0,0,0,"F"
0,2,0,0,"X","","","","8/F78S","T",1,0,0,0,0,"F"
1,0,3,2,".BBBCFB","","","","W","T",0,1,0,0,0,"F"
1,0,0,0,"1X","indij001","","","43/G34.1-2","T",1,0,2,0,0,"F"
1,1,0,2,"FFB","","indij001","","WP.2-3","F",0,0,0,3,0,"F"
1,1,2,2,"FFB.*BX","","","indij001","HR/F78XD.3-H","T",0,4,0,0,4,"F"
1,1,0,0,"X","","","","S8/G6M","T",0,1,0,0,0,"F"
1,1,0,1,"TX","vottj001","","","S7/L78+.1-2","T",0,1,2,0,0,"F"
1,1,1,2,"CBCS","naqut001","vottj001","","K","T",1,0,1,2,0,"F"
1,2,2,2,"BFFBFC","naqut001","vottj001","","K","T",1,0,1,2,0,"F"
0,0,0,1,".CX","","","","7/F7LD","T",1,0,0,0,0,"F"
0,1,0,0,"X","","","","HR/L9D","T",0,4,0,0,0,"F"
0,1,1,1,"BSX","","","","S7/L7D+","T",0,1,0,0,0,"F"
0,1,2,1,"BCBX","rilea001","","","S3/G3L.1-3","T",0,1,3,0,0,"F"
0,1,0,1,"CX","almoa001","","rilea001","S9/L9.3-H;1-2","T",0,1,2,0,4,"F"
0,1,3,2,"CSBFBBFB","adrie001","almoa001","","W.2-3;1-2","T",0,1,2,3,0,"F"
0,1,1,2,"BFFS","smitk002","adrie001","almoa001","K","T",1,0,1,2,3,"F"
0,2,0,2,".CSX","smitk002","adrie001","almoa001","6/L4M-","T",1,0,1,2,3,"F"
1,0,0,1,".FX","","","","43/G6M","T",1,0,0,0,0,"F"
1,1,3,2,".BTFFBFFBX","","","","7/L7L","T",1,0,0,0,0,"F"
1,2,3,2,"BBBCSX","","","","D7/L7D+","T",0,2,0,0,0,"F"
1,2,3,2,"FBFBBB","","indij001","","W","T",0,1,0,2,0,"F"
1,2,0,0,"X","winkj002","indij001","","S9/F9D+.2-H;1XH(9452)","T",1,1,0,4,0,"F"
0,0,1,2,"..CFBS","","","","K","T",1,0,0,0,0,"F"
0,1,2,1,"BBCX","","","","S9/G4","T",0,1,0,0,0,"F"
0,1,0,0,"X","freef001","","","7/F78D","T",1,0,1,0,0,"F"
0,2,0,0,">C","freef001","","","DI.1-2","F",0,0,2,0,0,"F"
0,2,1,2,">C.FFBS","","freef001","","K","T",1,0,0,2,0,"F"
0,0,1,1,"CBX","","","","63/G56","T",1,0,0,0,0,"T"
0,1,1,0,"BX","","","","D8/L8XD+","T",0,2,0,0,0,"F"
0,1,0,2,"FSX","","freef001","","43/G34.2-3","T",1,0,0,3,0,"F"
0,2,3,2,"SBSBBS","","","freef001","K","T",1,0,0,0,3,"F"
1,0,1,1,"BCX","","","","S8/L8D","T",0,1,0,0,0,"F"
1,0,1,1,"BCX","indij001","","","9/F89D","T",1,0,1,0,0,"F"
1,1,2,2,"SF*B1BX","indij001","","","S67/L78D.1-2","T",0,1,2,0,0,"F"
1,1,0,0,"X","castn001","indij001","","54(1)/FO/G5.2-3;B-1","T",1,1,0,3,0,"F"
1,2,1,1,"BFX","stept001","","indij001","9/F89D","T",1,0,1,0,3,"F"
0,0,2,2,"CBFBS","","","","K","T",1,0,0,0,0,"F"
0,1,3,2,"BBCBCX","","","","S7/G56+","T",0,1,0,0,0,"F"
0,1,0,2,"1F1SFX","swand001","","","64(1)/FO/G6-.B-1","T",1,1,0,0,0,"F"
0,2,2,2,"CBCBS","contw002","","","K","T",1,0,1,0,0,"F"
1,0,2,2,"BCBCS","","","","K","T",1,0,0,0,0,"F"
1,1,1,0,"BX","","","","S9/F34D","T",0,1,0,0,0,"F"
1,1,1,1,"BC1","aquia001","","","POCS2(134)","F",1,0,0,0,0,"F"
1,2,1,2,"BC1.F*S","","","","K","T",1,0,0,0,0,"F"
0,0,0,1,"SX","","","","31/G34","T",1,0,0,0,0,"F"
0,1,0,1,"SX","","","","8/L8XD+","T",1,0,0,0,0,"F"
0,2,2,2,"SBCBX","","","","31/G3D","T",1,0,0,0,0,"F"
1,0,1,2,"BTCS","","","","K","T",1,0,0,0,0,"F"
1,1,1,2,"SFBFFX","","","","8/F8S","T",1,0,0,0,0,"F"
1,2,0,1,"CX","","","","13/G6MS","T",1,0,0,0,0,"F"
0,0,0,1,"CX","","","","S9/L89","T",0,1,0,0,0,"F"
0,0,1,0,"11B1>X","albio001","","","9/L9D","T",1,0,1,0,0,"F"
0,1,0,1,"C1>B","albio001","","","SB2","F",0,0,2,0,0,"F"
0,1,1,1,"C1>B.X","","albio001","","8/F89XD.2-3","T",1,0,0,3,0,"F"
0,2,3,2,"*BCBBCB","","","albio001","W","T",0,1,0,0,3,"F"
0,2,1,2,"FFB>*B","swand001","","albio001","SB2","F",0,0,2,0,3,"F"
0,2,2,2,"FFB>*B.X","","swand001","albio001","53/G5","T",1,0,0,2,3,"F"
1,0,2,2,"CBBFX","","","","D8/L78XD+","T",0,2,0,0,0,"F"
1,0,2,2,"BBFFX","","castn001","","8/F89XD.2-3","T",1,0,0,3,0,"F"
1,1,1,0,"*BX","","","castn001","9/F9S","T",1,0,0,0,3,"F"
1,2,1,1,"BFX","","","castn001","7/F78XD","T",1,0,0,0,3,"F"
0,0,0,1,"FX","","","","3/G3","T",1,0,0,0,0,"F"
0,1,1,0,"BX","","","","31/G34","T",1,0,0,0,0,"F"
0,2,3,2,"BBFBSFB","","","","W","T",0,1,0,0,0,"F"
0,2,0,2,"11F11F>*B","acunr001","","","SB2","F",0,0,2,0,0,"F"
0,2,1,2,"11F11F>*B.X","","acunr001","","DGR/L8XD.2-H","T",0,2,0,4,0,"F"
0,2,1,2,"FFBX","","freef001","","8/F89XD","T",1,0,0,2,0,"F"
1,0,1,2,"BCSX","","","","13/G1S-","T",1,0,0,0,0,"F"
1,1,3,2,"BC*SBBX","","","","43/G4","T",1,0,0,0,0,"F"
1,2,0,1,"FX","","","","63/G6D","T",1,0,0,0,0,"F"
0,0,0,1,"FX","","","","43/G4MD","T",1,0,0,0,0,"F"
0,1,2,2,"FBBCC","","","","K","T",1,0,0,0,0,"F"
0,2,0,0,"X","","","","HR/L89XD","T",0,4,0,0,0,"F"
0,2,3,2,"BTSBBX","","","","53/G56D","T",1,0,0,0,0,"F"
1,0,3,2,"FBCBBX","","","","S7/G6","T",0,1,0,0,0,"F"
1,0,1,0,"*B1X","indij001","","","8/F8XD.1-2","T",1,0,2,0,0,"F"
1,1,3,0,"BBBX","","indij001","","8/F78","T",1,0,0,2,0,"F"
1,2,0,0,">C","","indij001","","SB3","F",0,0,0,3,0,"F"
1,2,2,2,">C.CB*BX","","","indij001","D7/L7LD.3-H","T",0,2,0,0,4,"F"
1,2,0,1,"CX","","stept001","","43/G4","T",1,0,0,2,0,"F"
0,0,1,0,"BX","","","","HR/F89XD","T",0,4,0,0,0,"F"
0,0,2,1,"..BCBX","","","","S8/L78","T",0,1,0,0,0,"F"
0,0,1,2,"*BCSC","incie001","","","K","T",1,0,1,0,0,"F"
0,1,1,2,"FFBS","incie001","","","K","T",1,0,1,0,0,"F"
0,2,2,2,"SFBBX","incie001","","","DGR/L9LD.1-3","T",0,2,3,0,0,"F"
0,2,2,1,"BFBX","","albio001","incie001","8/F8XD","T",1,0,0,2,3,"F"
1,0,1,1,".CBX","","","","HR/F78XD","T",0,4,0,0,0,"F"
1,0,2,2,".BSCBX","","","","7/F7","T",1,0,0,0,0,"F"
1,1,0,0,"X","","","","6/P56","T",1,0,0,0,0,"F"
1,2,0,1,".CX","","","","S8/L78","T",0,1,0,0,0,"F"
1,2,1,0,"BX","akiys001","","","63/G6","T",1,0,1,0,0,"F"
0,0,2,2,"..FBBSFC","","","","K","T",1,0,0,0,0,"F"
0,1,2,1,"BCBX","","","","53/G56","T",1,0,0,0,0,"F"
0,2,0,0,"X","","","","63/G6","T",1,0,0,0,0,"F"
1,0,1,1,".BCX","","","","8/L8XD+","T",1,0,0,0,0,"F"
1,1,0,0,"X","","","","S8/L78+","T",0,1,0,0,0,"F"
1,1,0,2,"CCX","castn001","","","S9/G34.1-2","T",0,1,2,0,0,"F"
1,1,1,2,"SCBFX","stept001","castn001","","46(1)3/GDP/G4","T",2,0,0,2,0,"F"
0,0,1,2,".CFBX","","","","D7/L7LD","T",0,2,0,0,0,"F"
0,0,1,1,".BCX","","hereg002","","31/G34.2-3","T",1,0,0,3,0,"F"
0,1,3,2,"BBBCSS","","","hereg002","K","T",1,0,0,0,3,"F"
0,2,1,1,"BSX","","","hereg002","8/F78XD","T",1,0,0,0,3,"F"
1,0,2,2,".BBCFS","","","","K","T",1,0,0,0,0,"F"
1,1,0,0,"X","","","","8/L78D","T",1,0,0,0,0,"F"
1,2,2,2,"CFFBFBX","","","","D9/L89XD","T",0,2,0,0,0,"F"
1,2,0,2,".TFS","","farmk001","","K","T",1,0,0,2,0,"F"
0,0,0,0,"X","","","","53/G5+","T",1,0,0,0,0,"T"
0,1,2,2,"CSBBS","","","","K","T",1,0,0,0,0,"F"
0,2,1,2,"BCSX","","","","9/F9D","T",1,0,0,0,0,"F"
1,0,2,2,"BFFBFC","","","","K","T",1,0,0,0,0,"F"
1,1,1,1,"CBX","","","","HR/F89XD","T",0,4,0,0,0,"F"
1,1,2,2,"BCBSS","","","","K","T",1,0,0,0,0,"F"
1,2,1,1,"CBX","","","","3/G3","T",1,0,0,0,0,"F"
0,0,1,1,"BFX","","","","S8/G4+","T",0,1,0,0,0,"F"
0,0,0,1,"CX","rilea001","","","S9/F34D.1-2","T",0,1,2,0,0,"F"
0,0,0,0,"X","swand001","rilea001","","43/G4.2-3;1-2","T",1,0,2,3,0,"F"
0,1,1,0,"BX","","swand001","rilea001","53/G5","T",1,0,0,2,3,"F"
0,2,3,2,"BSSB*BX","","swand001","rilea001","43/G4","T",1,0,0,2,3,"F"
1,0,2,2,"BBCFC","","","","K","T",1,0,0,0,0,"F"
1,1,3,2,"BSBBF*B","","","","W","T",0,1,0,0,0,"F"
1,1,3,2,"CBF*BFBX","suare001","","","S9/G4.1-2","T",0,1,2,0,0,"F"
1,1,1,2,"*BCSX","barnt001","suare001","","54(1)3/GDP/G5","T",2,0,0,2,0,"F"
0,0,1,2,"BCSS","","","","K","T",1,0,0,0,0,"F"
0,1,3,2,"BBFFBX","","","","D8/L78XD","T",0,2,0,0,0,"F"
0,1,3,1,"*BBBSB","","acunr001","","W","T",0,1,0,2,0,"F"
0,1,1,0,"BX","freef001","acunr001","","8/F78XD.2-3","T",1,0,1,3,0,"F"
0,2,0,0,"X","freef001","","acunr001","5/L5+","T",1,0,1,0,3,"F"
1,0,0,2,"SFS","","","","K","T",1,0,0,0,0,"F"
1,1,1,1,"CBX","","","","S7/L7","T",0,1,0,0,0,"F"
1,1,2,1,"*BF*BX","indij001","","","8/F8S","T",1,0,1,0,0,"F"
1,2,3,0,"*B*BBX","indij001","","","D8/L8XD+.1-H","T",0,2,4,0,0,"F"
1,2,3,2,"*BBFBFX","","castn001","","S9/G34+.2-H","T",0,1,0,4,0,"F"
1,2,0,2,"FFX","vottj001","","","43/G34D","T",1,0,1,0,0,"F"
0,0,2,2,"CSBBS","","","","K","T",1,0,0,0,0,"F"
0,1,0,0,"X","","","","6/L6","T",1,0,0,0,0,"F"
0,2,3,2,"BBCBFFX","","","","S7/G56","T",0,1,0,0,0,"F"
0,2,2,2,"BCBFC","contw002","","","K","T",1,0,1,0,0,"F"
1,0,2,2,"SFBBS","","","","K","T",1,0,0,0,0,"F"
1,1,0,2,"SCC","","","","K","T",1,0,0,0,0,"F"
1,2,2,2,"BFSFBC","","","","K","T",1,0,0,0,0,"F"
0,0,0,1,"CX","","","","43/G4","T",1,0,0,0,0,"F"
0,1,3,2,"BBCCBFFS","","","","K","T",1,0,0,0,0,"F"
0,2,3,0,"BBBB","","","","W","T",0,1,0,0,0,"F"
0,2,1,1,"CBX","freef001","","","43/G34D","T",1,0,1,0,0,"F"
1,0,0,2,"FSS","","","","K","T",1,0,0,0,0,"F"
1,1,3,2,"BSSBBS","","","","K","T",1,0,0,0,0,"F"
1,2,1,1,"BCX","","","","53/G34-","T",1,0,0,0,0,"F"
0,0,2,1,"..BBFX","","","","8/F89","T",1,0,0,0,0,"F"
0,1,0,1,"SX","","","","63/G6+","T",1,0,0,0,0,"F"
0,2,0,1,"FX","","","","S9/G3","T",0,1,0,0,0,"F"
0,2,1,1,"SBX","hereg002","","","D9/L9LD.1XH(942)","T",1,2,0,0,0,"F"
1,0,3,1,"BFBBX","","","","3/L3","T",1,0,0,0,0,"F"
1,1,0,1,"SX","","","","53/G34D","T",1,0,0,0,0,"F"
1,2,1,0,"BX","","","","53/G34D","T",1,0,0,0,0,"F"
0,0,2,2,"MSBFBFS","","","","K","T",1,0,0,0,0,"F"
0,1,1,2,".CFBFX","","","","3/G3","T",1,0,0,0,0,"F"
0,2,3,2,"FFBBBX","","","","63/G6","T",1,0,0,0,0,"F"
1,0,0,0,".X","","","","43/G6","T",1,0,0,0,0,"F"
1,1,1,2,"CCFBFX","","","","63/G6","T",1,0,0,0,0,"F"
1,2,2,2,"CFBBFFFC","","","","K","T",1,0,0,0,0,"F"
0,0,0,2,".SFX","","","","43/G34D","T",1,0,0,0,0,"F"
0,1,3,0,"BBBB","","","","W","T",0,1,0,0,0,"F"
0,1,0,2,"CFS","albio001","","","K","T",1,0,1,0,0,"F"
0,2,3,1,"BBBCB","albio001","","","W.1-2","T",0,1,2,0,0,"F"
0,2,1,1,".CBX","swand001","albio001","","S7/G56+.2-H;1-2","T",0,1,2,4,0,"F"
0,2,1,2,"C*BFS","hereg002","swand001","","K","T",1,0,1,2,0,"F"
1,0,1,0,"..BX","","","","HR/F8XD","T",0,4,0,0,0,"F"
1,0,0,1,"CX","","","","4/P4D","T",1,0,0,0,0,"F"
1,1,1,2,"CBS*S","","","","K.BX1(23)","T",1,0,0,0,0,"F"
1,2,2,2,"FBSBFS","","","","K","T",1,0,0,0,0,"F"
0,0,0,2,".CFFX","","","","S6/G4M","T",0,1,0,0,0,"F"
0,0,2,1,".SBBX","incie001","","","4/P4D","T",1,0,1,0,0,"F"
0,1,2,2,"FBSBX","incie001","","","9/L9","T",1,0,1,0,0,"F"
0,2,0,0,">*B","incie001","","","DI.1-2","F",0,0,2,0,0,"F"
0,2,1,2,">*B.FCS","","incie001","","K","T",1,0,0,2,0,"F"
0,0,2,2,"BSCBS","","","","K","T",1,0,0,0,0,"T"
0,1,2,1,"BCBX","","","","43/G34D","T",1,0,0,0,0,"F"
0,2,0,2,"SFX","","","","9/L89D","T",1,0,0,0,0,"F"
1,0,1,2,"BCCFFX","","","","9/F89S","T",1,0,0,0,0,"F"
1,1,3,2,"CBCBBC","","","","K","T",1,0,0,0,0,"F"
1,2,2,2,"BBFFFFT","","","","K","T",1,0,0,0,0,"F"
0,0,0,0,"X","","","","S8/G4","T",0,1,0,0,0,"F"
0,0,3,2,"TBCB*B>S","rilea001","","","K+CS2(24)/DP","T",2,0,0,0,0,"F"
0,2,3,1,"BCBBX","","","","9/F9D","T",1,0,0,0,0,"F"
1,0,3,2,"CFBBBFX","","","","43/G6","T",1,0,0,0,0,"F"
1,1,1,2,"BCCFS","","","","K","T",1,0,0,0,0,"F"
1,2,3,2,"BSBCBS","","","","K","T",1,0,0,0,0,"F"
0,0,2,1,"BFBH","","","","HP","T",0,1,0,0,0,"F"
0,0,2,2,"C*BCBFFS","hereg002","","","K","T",1,0,1,0,0,"F"
0,1,2,2,"1BSLBS","hereg002","","","K","T",1,0,1,0,0,"F"
0,2,1,1,"1BSX","hereg002","","","D8/L89XD+.1-H","T",0,2,4,0,0,"F"
0,2,0,0,"X","","acunr001","","S9/G4.2-H","T",0,1,0,4,0,"F"
0,2,3,2,"FFBFB*B>F>F>S","freef001","","","K","T",1,0,1,0,0,"F"
1,0,3,2,"CBBCB*S","","","","K","T",1,0,0,0,0,"F"
1,1,0,1,"CX","","","","S9/P3D","T",0,1,0,0,0,"F"
1,1,1,0,"BB","heins001","","","WP.1-2","F",0,0,2,0,0,"F"
1,1,3,2,"BB.BCSB","","heins001","","W","T",0,1,0,2,0,"F"
1,1,3,1,"*BBBCX","mahlt001","heins001","","53/G56S-.2-3;1-2","T",1,0,2,3,0,"F"
1,2,1,2,"CBFS","","mahlt001","heins001","K","T",1,0,0,2,3,"F"
0,0,1,0,"BX","","","","6/L6+","T",1,0,0,0,0,"F"
0,1,0,0,"X","","","","D8/L8D+","T",0,2,0,0,0,"F"
0,1,3,0,"BBBB","","swand001","","W","T",0,1,0,2,0,"F"
0,1,1,2,"SFBFX","almoa001","swand001","","64(1)/FO/G6M.2-3;B-1","T",1,1,0,3,0,"F"
0,2,3,2,"BSFBB>X","hereg002","","swand001","43/G4","T",1,0,1,0,3,"F"
1,0,1,2,"SBSX","","","","3/P3","T",1,0,0,0,0,"F"
1,1,2,2,"BBCCX","","","","9/F9L","T",1,0,0,0,0,"F"
1,2,1,2,"FSBX","","","","7/F1S","T",1,0,0,0,0,"F"
0,0,0,2,"CFX","","","","43/G4","T",1,0,0,0,0,"F"
0,1,3,1,"FBBBX","","","","HR/L8XD","T",0,4,0,0,0,"F"
0,1,1,0,"BX","","","","43/G34D+","T",1,0,0,0,0,"F"
0,2,3,2,"BBFBFFT","","","","K","T",1,0,0,0,0,"F"
1,0,3,2,"BCFBBS","","","","K","T",1,0,0,0,0,"F"
1,1,3,1,"BSBB*B","","","","W","T",0,1,0,0,0,"F"
1,1,2,2,"B*B*SF*S","farmk001","","","K","T",1,0,1,0,0,"F"
1,2,0,0,"B","farmk001","","","WP.1-2","F",0,0,2,0,0,"F"
1,2,1,2,"B.FSS","","farmk001","","K","T",1,0,0,2,0,"F"
0,0,2,2,"BFFBFX","","","","HR/F89XD","T",0,4,0,0,0,"F"
0,0,1,2,"FFBX","","","","9/F9LS","T",1,0,0,0,0,"F"
0,1,1,1,"BCX","","","","8/F8D","T",1,0,0,0,0,"F"
0,2,1,2,"BCSS","","","","K","T",1,0,0,0,0,"F"
1,0,2,2,".CBSBFX","","","","9/F89XD","T",1,0,0,0,0,"F"
1,1,0,0,"X","","","","8/F8D","T",1,0,0,0,0,"F"
1,2,0,2,"CFS","","","","K","T",1,0,0,0,0,"F"
0,0,2,2,".SBBFS","","","","K","T",1,0,0,0,0,"F"
0,1,1,2,".BLST","","","","K","T",1,0,0,0,0,"F"
0,2,1,2,"SSBS","","","","K","T",1,0,0,0,0,"F"
1,0,0,1,"...FX","","","","9/L9","T",1,0,0,0,0,"F"
1,1,3,2,"CFBBBB","","","","W","T",0,1,0,0,0,"F"
1,1,3,2,".BCTFFBBFFFS","suare001","","","K","T",1,0,1,0,0,"F"
1,2,3,0,"..BBBB","suare001","","","W.1-2","T",0,1,2,0,0,"F"
1,2,3,2,"BCBCFFB>X","winkj002","suare001","","53/G56S","T",1,0,1,2,0,"F"
0,0,1,1,"....LBX","","","","7/F7LD","T",1,0,0,0,0,"F"
0,1,0,0,"X","","","","D7/F7LD","T",0,2,0,0,0,"F"
0,1,3,2,"BCSFFFBBFX","","albio001","","6/P56","T",1,0,0,2,0,"F"
0,2,3,0,"VVVV","","albio001","","IW","T",0,1,0,2,0,"F"
0,2,2,2,".SCBBX","swand001","albio001","","3/P3F/FL","T",1,0,1,2,0,"F"
1,0,1,0,".BX","","","","S9/G4+","T",0,1,0,0,0,"F"
1,0,2,1,"BCBX","freem002","","","9/F34D","T",1,0,1,0,0,"F"
1,1,2,2,"CBBFFX","freem002","","","8/F8XD","T",1,0,1,0,0,"F"
1,2,2,2,"SBSBS","freem002","","","K","T",1,0,1,0,0,"F"
0,0,0,2,".STC","","","","K","T",1,0,0,0,0,"F"
0,1,0,2,"CFS","","","","K","T",1,0,0,0,0,"F"
0,2,3,1,"BBCBX","","","","5/P5S","T",1,0,0,0,0,"F"
1,0,2,2,".CBBCX","","","","7/F78XD","T",1,0,0,0,0,"F"
1,1,0,2,"FCS","","","","K","T",1,0,0,0,0,"F"
1,2,0,2,"CSS","","","","K","T",1,0,0,0,0,"F"
0,0,0,0,"X","","","","D9/F9LS","T",0,2,0,0,0,"T"
0,0,1,1,"BSX","","herro001","","9/F9LSF/FL.2-3","T",1,0,0,3,0,"F"
0,1,3,2,"CTFFBBBB","","","herro001","W","T",0,1,0,0,3,"F"
0,1,0,0,"X","mccua001","","herro001","FC/G3.3XH(32);1-2;B-1","T",1,1,2,0,0,"F"
0,2,0,0,"X","harpb003","mccua001","","53/G56","T",1,0,1,2,0,"F"
1,0,0,0,"X","","","","9/F89","T",1,0,0,0,0,"F"
1,1,1,2,"TFBX","","","","9/F89D","T",1,0,0,0,0,"F"
1,2,1,2,"CSBS","","","","K","T",1,0,0,0,0,"F"
0,0,1,0,"BX","","","","53/G5+","T",1,0,0,0,0,"F"
0,1,1,1,"CBX","","","","53/G56","T",1,0,0,0,0,"F"
0,2,2,0,"BBX","","","","D7/L7LD+","T",0,2,0,0,0,"F"
0,2,0,2,"CSFS","","knapa001","","K","T",1,0,0,2,0,"F"
1,0,0,0,"X","","","","6/P6+","T",1,0,0,0,0,"F"
1,1,2,2,"BBCCX","","","","13/G34S-","T",1,0,0,0,0,"F"
1,2,2,2,"CBCBX","","","","S8/L8+","T",0,1,0,0,0,"F"
1,2,1,2,"BFSFFX","suare001","","","S9/G4.1-2","T",0,1,2,0,0,"F"
1,2,0,0,"X","barnt001","suare001","","7/F7","T",1,0,1,2,0,"F"
0,0,0,0,"X","","","","23/BG1S-","T",1,0,0,0,0,"F"
0,1,0,2,"CFS","","","","K","T",1,0,0,0,0,"F"
0,2,1,2,"CBCX","","","","53/G56","T",1,0,0,0,0,"F"
1,0,3,2,"BBBCSB","","","","W","T",0,1,0,0,0,"F"
1,0,0,2,"CCX","milew001","","","8/L8XD+","T",1,0,1,0,0,"F"
1,1,0,0,"X","milew001","","","D8/L89XD+.1-3","T",0,2,3,0,0,"F"
1,1,0,1,"SX","","winkj002","milew001","S68/G6+.3-H;2-H","T",0,1,0,4,4,"F"
1,1,0,1,".*SX","castn001","","","36(1)/FO/G3.B-1","T",1,1,0,0,0,"F"
1,2,3,1,"BSB*BB","vottj001","","","W.1-2","T",0,1,2,0,0,"F"
1,2,0,2,"CCS","akiys001","vottj001","","K","T",1,0,1,2,0,"F"
0,0,2,2,"SBBCX","","","","S8/L78D+","T",0,1,0,0,0,"F"
0,0,1,0,"BX","harpb003","","","D8/L78XD+.1-H","T",0,2,4,0,0,"F"
0,0,0,0,"X","","bohma001","","S5/BG5S-.2-3","T",0,1,0,3,0,"F"
0,0,0,0,"1X","willl001","","bohma001","64(1)/FO/G6.3-H;B-1","T",1,1,0,0,4,"F"
0,1,0,0,"X","torrr001","","","54(1)/FO/G56.B-1","T",1,1,0,0,0,"F"
0,2,0,2,"SSS","knapa001","","","K","T",1,0,1,0,0,"F"
1,0,2,2,"CBCBX","","","","3/G3","T",1,0,0,0,0,"F"
1,1,1,2,"CBFX","","","","S7/L7S","T",0,1,0,0,0,"F"
1,1,1,2,"CFB1S","freem002","","","K","T",1,0,1,0,0,"F"
1,2,2,2,"C*BS>FB>B","freem002","","","CS2(24)","F",1,0,0,0,0,"F"
0,0,0,0,"X","","","","S98/L89","T",0,1,0,0,0,"F"
0,0,0,2,"1SSFFS","herro001","","","K","T",1,0,1,0,0,"F"
0,1,3,2,"BBS*BC*B","herro001","","","W.1-2","T",0,1,2,0,0,"F"
0,1,1,1,"F*BX","mccua001","herro001","","8/F78D","T",1,0,1,2,0,"F"
0,2,3,2,"F2*BFBB>X","mccua001","herro001","","S8/L8.2-H;1-3","T",0,1,3,4,0,"F"
0,2,3,1,"BBCBB","bohma001","","mccua001","W.1-2","T",0,1,2,0,3,"F"
0,2,0,0,"X","willl001","bohma001","mccua001","S5/G56.3-H;2-3;1-2","T",0,1,2,3,4,"F"
0,2,2,2,"CFBBS","torrr001","willl001","bohma001","K","T",1,0,1,2,3,"F"
1,0,1,1,"CBX","","","","7/F7D","T",1,0,0,0,0,"F"
1,1,2,2,"CFFBFBS","","","","K","T",1,0,0,0,0,"F"
1,2,0,2,"SFS","","","","K","T",1,0,0,0,0,"F"
0,0,1,2,"SBFFS","","","","K","T",1,0,0,0,0,"F"
0,1,2,2,"BFFFBFFFX","","","","43/G34","T",1,0,0,0,0,"F"
0,2,1,2,"CCBT","","","","K","T",1,0,0,0,0,"F"
1,0,3,2,"CBBBCX","","","","6/L4M","T",1,0,0,0,0,"F"
1,1,3,2,"BFBCBS","","","","K","T",1,0,0,0,0,"F"
1,2,2,2,"CBFFFBS","","","","K","T",1,0,0,0,0,"F"
0,0,3,2,".BFFBBFS","","","","K","T",1,0,0,0,0,"F"
0,1,2,1,"BCBX","","","","5/P5SF/FL","T",1,0,0,0,0,"F"
0,2,3,2,"CBSBBFB","","","","W","T",0,1,0,0,0,"F"
0,2,0,1,"C>B","bohma001","","","SB2","F",0,0,2,0,0,"F"
0,2,2,2,"C>B.CBT","","bohma001","","K","T",1,0,0,2,0,"F"
1,0,2,1,".CBBX","","","","43/G4","T",1,0,0,0,0,"F"
1,1,0,0,".X","","","","S8/L89","T",0,1,0,0,0,"F"
1,1,3,0,"..BBBB","lopea005","","","W.1-2","T",0,1,2,0,0,"F"
1,1,1,2,"CCBS","aquia001","lopea005","","K","T",1,0,1,2,0,"F"
1,2,1,2,"FBFH","aquia001","lopea005","","HP.2-3;1-2","T",0,1,2,3,0,"F"
1,2,0,1,"FX","winkj002","aquia001","lopea005","HR/F78XD.3-H;2-H;1-H","T",0,4,4,4,4,"F"
1,2,1,1,"BFX","","","","D9/L9LD+","T",0,2,0,0,0,"F"
1,2,0,2,"SFFX","","vottj001","","3/G3","T",1,0,0,2,0,"F"
0,0,1,2,"....CCBX","","","","53/G5","T",1,0,0,0,0,"F"
0,1,1,0,"BX","","","","63/G4MD+","T",1,0,0,0,0,"F"
0,2,0,0,".X","","","","63/G6M","T",1,0,0,0,0,"F"
1,0,3,2,".BFBTFBB","","","","W","T",0,1,0,0,0,"F"
1,0,2,1,"*BBFX","suare001","","","S9/G34+.1-2","T",0,1,2,0,0,"F"
1,0,1,1,"CBX","stept001","suare001","","FC/SH/BG1S-.2-H(NR);1-H(NR);B-2(E1/TH)","T",0,2,4,4,0,"F"
1,0,1,2,"SFBC","","farmk001","","K","T",1,0,0,2,0,"F"
1,1,0,0,"X","","farmk001","","S68/G6M.2-H(UR)","T",0,1,0,5,0,"F"
1,1,1,2,"1BCFX","indij001","","","8/F8S","T",1,0,1,0,0,"F"
1,2,0,2,"CCFX","indij001","","","D7/L7LD.1-H(UR);B-3","T",0,3,5,0,0,"F"
1,2,1,2,"FBTFFFFB","","","castn001","WP.3-H(NR)(UR)","F",0,0,0,0,5,"F"
1,2,3,2,"FBTFFFFB.BX","","","","HR/F89XD.B-H(UR)","T",0,5,0,0,0,"F"
1,2,1,2,"..SSBS","","","","K","T",1,0,0,0,0,"F"
0,0,0,2,".FFX","","","","13/G1S-","T",1,0,0,0,0,"F"
0,1,0,0,"X","","","","5/L56","T",1,0,0,0,0,"F"
0,2,2,2,"CBBSX","","","","13/G1S-","T",1,0,0,0,0,"F"
0,0,0,1,"CX","","","","S8/L89D","T",0,1,0,0,0,"T"
0,0,1,1,"SBX","phamt001","","","54(1)/FO/G5.B-1","T",1,1,0,0,0,"F"
0,1,3,1,"CBBBX","tatif002","","","T9/G3.1-H","T",0,3,4,0,0,"F"
0,1,2,2,"FBFBX","","","cronj001","8/SF/F89XD.3-H","T",1,0,0,0,4,"F"
0,2,2,2,"BCBFX","","","","63/G4MS+","T",1,0,0,0,0,"F"
1,0,0,1,"FX","","","","S15/G56S","T",0,1,0,0,0,"F"
1,0,3,2,"BSFFBB1>F>B","indij001","","","W.1-2","T",0,1,2,0,0,"F"
1,0,0,1,"CX","winkj002","indij001","","64(1)3/GDP/G6+.2-3","T",2,0,0,3,0,"F"
1,2,0,0,"X","","","indij001","S8/G6M.3-H","T",0,1,0,0,4,"F"
1,2,1,1,"CBX","stept001","","","S9/G4+.1-2","T",0,1,2,0,0,"F"
1,2,2,2,"FBFBF*S","vottj001","stept001","","K","T",1,0,1,2,0,"F"
0,0,3,2,"BCBCBFB","","","","W","T",0,1,0,0,0,"F"
0,0,1,2,"BFCS","hosme001","","","K","T",1,0,1,0,0,"F"
0,1,0,0,"X","hosme001","","","S7/G6+.1-2","T",0,1,2,0,0,"F"
0,1,0,1,"MX","carav001","hosme001","","FC1/BG2-.2-3(E1/TH);1-2;B-1","T",0,1,2,3,0,"F"
0,1,2,2,"BCBSX","stamc001","carav001","hosme001","9/SF/F89.3-H(UR)","T",1,0,1,2,5,"F"
0,2,2,1,"*BFBX","stamc001","carav001","","S7/L7+.2-3;1-2","T",0,1,2,3,0,"F"
0,2,2,2,"CBFBS","tatif002","stamc001","carav001","K","T",1,0,1,2,3,"F"
1,0,0,1,"CX","","","","53/G56","T",1,0,0,0,0,"F"
1,1,0,0,"X","","","","43/G4","T",1,0,0,0,0,"F"
1,2,0,2,"CSFX","","","","63/G6","T",1,0,0,0,0,"F"
0,0,1,1,"BCX","","","","8/F89XD+","T",1,0,0,0,0,"F"
0,1,3,2,"BBCCFBS","","","","K","T",1,0,0,0,0,"F"
0,2,3,2,"CFBBBX","","","","S9/L89","T",0,1,0,0,0,"F"
0,2,1,1,"SBX","hosme001","","","S18/L8.1-2","T",0,1,2,0,0,"F"
0,2,3,1,"B*BBCB","myerw001","hosme001","","W.2-3;1-2","T",0,1,2,3,0,"F"
0,2,0,2,".CS*S","carav001","myerw001","hosme001","K","T",1,0,1,2,3,"F"
1,0,3,2,".CBBCBS","","","","K","T",1,0,0,0,0,"F"
1,1,0,2,"CFX","","","","9/L89D+","T",1,0,0,0,0,"F"
1,2,2,2,"SFBFFFFBX","","","","8/F8D","T",1,0,0,0,0,"F"
0,0,2,0,".BBX","","","","HR/F89XD","T",0,4,0,0,0,"F"
0,0,3,1,"SBBBX","","","","8/L8XD+","T",1,0,0,0,0,"F"
0,1,0,0,"H","","","","HP","T",0,1,0,0,0,"F"
0,1,0,0,"X","cronj001","","","S7/G56+.1-2","T",0,1,2,0,0,"F"
0,1,1,2,".CSBX","machm001","cronj001","","S9/L9S.2-H;1-2","T",0,1,2,4,0,"F"
0,1,1,0,"BX","grist001","machm001","","56(1)3/GDP/G56+","T",2,0,0,2,0,"F"
1,0,3,1,"BBBCX","","","","8/L8","T",1,0,0,0,0,"F"
1,1,1,2,"CBFX","","","","S8/L8","T",0,1,0,0,0,"F"
1,1,0,2,"CFT","vottj001","","","K","T",1,0,1,0,0,"F"
1,2,0,1,"CX","vottj001","","","S9/L9.1-2","T",0,1,2,0,0,"F"
1,2,1,1,"BCX","farmk001","vottj001","","S9/L89.2-H;1-2","T",0,1,2,4,0,"F"
1,2,2,2,".BBSSS","akiys001","farmk001","","K","T",1,0,1,2,0,"F"
0,0,2,1,".CBBX","","","","8/F78","T",1,0,0,0,0,"F"
0,1,2,2,"CBCBC","","","","K","T",1,0,0,0,0,"F"
0,2,0,2,"SS*S","","","","K","T",1,0,0,0,0,"F"
1,0,1,2,".BFFH","","","","HP","T",0,1,0,0,0,"F"
1,0,1,0,"BX","indij001","","","HR/F89XD.1-H","T",0,4,4,0,0,"F"
1,0,2,2,"BFBCC","","","","K","T",1,0,0,0,0,"F"
1,1,1,2,".BSCS","","","","K","T",1,0,0,0,0,"F"
1,2,3,2,"CBFBFBS","","","","K","T",1,0,0,0,0,"F"
0,0,0,2,"CFX","","","","S9/F89S","T",0,1,0,0,0,"F"
0,0,3,1,"BB1B>FB","phamt001","","","W.1-2","T",0,1,2,0,0,"F"
0,0,0,0,"X","tatif002","phamt001","","43/G34D.2-3;1-2","T",1,0,2,3,0,"F"
0,1,0,0,"X","","tatif002","phamt001","5/P5SF/FL","T",1,0,0,2,3,"F"
0,2,3,1,".C*B*B*BB","","tatif002","phamt001","W","T",0,1,0,2,3,"F"
0,2,1,2,"SBCFC","grist001","tatif002","phamt001","K","T",1,0,1,2,3,"F"
1,0,1,2,".CSB*S","","","","K","T",1,0,0,0,0,"F"
1,1,1,1,"CBX","","","","4/P34D","T",1,0,0,0,0,"F"
1,2,2,1,"CBBX","","","","S1/G2-","T",0,1,0,0,0,"F"
1,2,1,2,".BCCS","akiys001","","","K","T",1,0,1,0,0,"F"
0,0,0,1,".CX","","","","S8/F8","T",0,1,0,0,0,"F"
0,0,0,0,"X","myerw001","","","8/L89D","T",1,0,1,0,0,"F"
0,1,2,2,".1BBCC1>X","myerw001","","","7/F7","T",1,0,1,0,0,"F"
0,2,0,1,"S.>X","myerw001","","","E5/G5D+.1-3;B-1","T",0,1,3,0,0,"F"
0,2,3,0,"BBBB","phamt001","","myerw001","W.1-2","T",0,1,2,0,3,"F"
0,2,0,1,"CX","tatif002","phamt001","myerw001","5/P5F/FL","T",1,0,1,2,3,"F"
1,0,3,0,"...BBBB","","","","W","T",0,1,0,0,0,"F"
1,0,3,2,"BBBCCT","indij001","","","K","T",1,0,1,0,0,"F"
1,1,2,1,"*BBFX","indij001","","","9/L89D","T",1,0,1,0,0,"F"
1,2,1,1,"BCB","indij001","","","WP.1-2","F",0,0,2,0,0,"F"
1,2,2,2,"BCB.SX","","indij001","","43/G4M","T",1,0,0,2,0,"F"
0,0,1,1,".FBX","","","","7/L7D","T",1,0,0,0,0,"F"
0,1,0,2,"CSC","","","","K","T",1,0,0,0,0,"F"
0,2,1,2,".CBSX","","","","D8/F78XD","T",0,2,0,0,0,"F"
0,2,3,2,"SSBBFFFFFFBS","","profj001","","K","T",1,0,0,2,0,"F"
1,0,1,2,".FFBS","","","","K","T",1,0,0,0,0,"F"
1,1,1,2,"SBSFS","","","","K","T",1,0,0,0,0,"F"
1,2,2,2,"BBFFT","","","","K","T",1,0,0,0,0,"F"
0,0,2,2,".BFFBS","","","","K","T",1,0,0,0,0,"F"
0,1,0,0,"X","","","","8/L8","T",1,0,0,0,0,"F"
0,2,3,1,"BBCBB","","","","W","T",0,1,0,0,0,"F"
0,2,0,0,"1>B","phamt001","","","SB2","F",0,0,2,0,0,"F"
0,2,3,1,"1>B.BBCB","","phamt001","","W","T",0,1,0,2,0,"F"
0,2,2,2,"CBBSX","tatif002","phamt001","","9/L9D","T",1,0,1,2,0,"F"
1,0,1,1,".CBX","","","","53/G6","T",1,0,0,0,0,"F"
1,1,2,2,".CBFBFT","","","","K","T",1,0,0,0,0,"F"
1,2,1,0,"BX","","","","43/G4","T",1,0,0,0,0,"F"
0,0,3,1,"BBBCB","","","","W","T",0,1,0,0,0,"T"
0,0,1,2,"F11BFS","phamt001","","","K","T",1,0,1,0,0,"F"
0,1,0,0,"1X","phamt001","","","8/F8","T",1,0,1,0,0,"F"
0,2,0,0,"1X","phamt001","","","2/P2F/FL","T",1,0,1,0,0,"F"
1,0,3,2,"CBBBSFFB","","","","W","T",0,1,0,0,0,"F"
1,0,0,1,"FX","indij001","","","S8/F8S.1-2","T",0,1,2,0,0,"F"
1,0,1,1,"S*BX","winkj002","indij001","","HR/F9D.2-H;1-H","T",0,4,4,4,0,"F"
1,0,1,1,"CBX","","","","D9/F8XD+","T",0,2,0,0,0,"F"
1,0,1,2,"*SBFFFX","","vottj001","","43/G34.2-3","T",1,0,0,3,0,"F"
1,1,3,2,"BC*BFB*B","","","vottj001","W","T",0,1,0,0,3,"F"
1,1,1,0,"BX","barnt001","","vottj001","8/SF/F89D.3-H","T",1,0,1,0,4,"F"
1,2,3,2,"CBCFBB>X","barnt001","","","7/F7D","T",1,0,1,0,0,"F"
0,0,2,0,"BBX","","","","HR/F89XD","T",0,4,0,0,0,"F"
0,0,2,0,"BBX","","","","HR/F7D","T",0,4,0,0,0,"F"
0,0,3,0,"BBB*B","","","","W","T",0,1,0,0,0,"F"
0,0,2,2,"BC11S11B*S","profj001","","","K","T",1,0,1,0,0,"F"
0,1,0,0,"X","profj001","","","34/SH/BG23.1-2","T",1,0,2,0,0,"F"
0,2,0,1,"FX","","profj001","","53/G5","T",1,0,0,2,0,"F"
1,0,1,1,"BCX","","","","43/G4MD","T",1,0,0,0,0,"F"
1,1,2,2,"CBBCT","","","","K","T",1,0,0,0,0,"F"
1,2,3,2,"FBCFBFBB","","","","W","T",0,1,0,0,0,"F"
1,2,1,2,"SBS*S","winkj002","","","K","T",1,0,1,0,0,"F"
0,0,0,0,"X","","","","HR/F7LD","T",0,4,0,0,0,"F"
0,0,0,2,"CSX","","","","S8/L8","T",0,1,0,0,0,"F"
0,0,1,2,"BS1F1X","cronj001","","","7/L78+","T",1,0,1,0,0,"F"
0,1,0,0,"11X","cronj001","","","7/L78D+","T",1,0,1,0,0,"F"
0,2,1,2,"CSBX","cronj001","","","63/G6","T",1,0,1,0,0,"F"
1,0,0,1,"CX","","","","HR/F9D","T",0,4,0,0,0,"F"
1,0,0,0,"X","","","","43/G34","T",1,0,0,0,0,"F"
1,1,1,2,"CBFX","","","","63/G4","T",1,0,0,0,0,"F"
1,2,0,2,"SSFX","","","","9/F89S","T",1,0,0,0,0,"F"
0,0,3,2,"CBSFBBX","","","","9/L9D+","T",1,0,0,0,0,"F"
0,1,2,2,"CBFBFX","","","","9/F9","T",1,0,0,0,0,"F"
0,2,0,2,"FCS","","","","K","T",1,0,0,0,0,"F"
1,0,3,2,"CBCBFBS","","","","K","T",1,0,0,0,0,"F"
1,1,2,1,"BBCX","","","","8/F8D","T",1,0,0,0,0,"F"
1,2,3,2,"BBSBCX","","","","63/G6","T",1,0,0,0,0,"F"
0,0,2,0,"BBX","","","","S9/L9","T",0,1,0,0,0,"F"
0,0,0,0,"1X","phamt001","","","S7/L78+.1-2","T",0,1,2,0,0,"F"
0,0,0,2,"CFFB","tatif002","phamt001","","WP.2-3;1-2","F",0,0,2,3,0,"F"
0,0,1,2,"CFFB.X","","tatif002","phamt001","13/G13-","T",1,0,0,2,3,"F"
0,1,3,1,"BF*BB*B","","tatif002","phamt001","W","T",0,1,0,2,3,"F"
0,1,1,2,".BCFX","machm001","tatif002","phamt001","HR/L9D.3-H;2-H;1-H","T",0,4,4,4,4,"F"
0,1,3,2,"BFBFBB","","","","W","T",0,1,0,0,0,"F"
0,1,2,2,"C*BCBC","myerw001","","","K","T",1,0,1,0,0,"F"
0,2,0,0,">B","myerw001","","","CS2(24)","F",1,0,0,0,0,"F"
1,0,0,0,".X","","","","53/G56","T",1,0,0,0,0,"F"
1,1,2,1,"CBBX","","","","S6/G6M+","T",0,1,0,0,0,"F"
1,1,1,2,"SBFX","castn001","","","46(1)3/GDP/G4","T",2,0,0,0,0,"F"
0,0,1,2,".FBCS","","","","K","T",1,0,0,0,0,"F"
0,0,3,1,"BBCBB","","","","W","T",0,1,0,0,0,"T"
0,0,2,2,"BSFF1B>S","grist001","","","K+CS2(24)/DP","T",2,0,0,0,0,"F"
0,2,3,2,"CSBBFBX","","","","6/P6MD","T",1,0,0,0,0,"F"
1,0,2,2,"CBBFFH","","","","HP","T",0,1,0,0,0,"F"
1,0,1,2,"CB1CFC","indij001","","","K","T",1,0,1,0,0,"F"
1,1,3,0,"BB1BB","indij001","","","W.1-2","T",0,1,2,0,0,"F"
1,1,0,2,"FCFC","castn001","indij001","","K","T",1,0,1,2,0,"F"
1,2,2,1,"BC*B>S","castn001","indij001","","SB3","F",0,0,1,3,0,"F"
1,2,2,2,"BC*B>S.>X","castn001","","indij001","43/G4","T",1,0,1,0,3,"F"
0,0,2,0,"BBX","","","","9/F89S","T",1,0,0,0,0,"F"
0,1,3,2,"BCBBFX","","","","3/G3","T",1,0,0,0,0,"F"
0,2,0,2,"CSS","","","","K","T",1,0,0,0,0,"F"
1,0,1,0,"BX","","","","S8/G6","T",0,1,0,0,0,"F"
1,0,3,2,"CBB1BFFB","lopea005","","","W.1-2","T",0,1,2,0,0,"F"
1,0,0,1,"CX","aquia001","lopea005","","S8/L78S.2-3;1-2","T",0,1,2,3,0,"F"
1,0,0,2,"FFX","farmk001","aquia001","lopea005","65(2)/FO/G6.3-H;1-2;B-1","T",1,1,2,0,4,"F"
1,1,2,1,"BBCX","castl003","farmk001","","D8/F89S.2-H;1-3","T",0,2,3,4,0,"F"
1,1,2,2,"FBBSFS","","indij001","castl003","K","T",1,0,0,2,3,"F"
1,2,3,0,"VVVV","","indij001","castl003","IW","T",0,1,0,2,3,"F"
1,2,3,0,"BBBX","castn001","indij001","castl003","8/F8D","T",1,0,1,2,3,"F"
0,0,2,2,"BSBCX","","","","6/L6","T",1,0,0,0,0,"F"
0,1,0,0,"X","","","","53/G5","T",1,0,0,0,0,"F"
0,2,0,1,"CX","","","","3/G34","T",1,0,0,0,0,"F"
1,0,0,2,"SFFX","","","","8/F78XD+","T",1,0,0,0,0,"F"
1,1,1,1,"FBX","","","","S8/G4M","T",0,1,0,0,0,"F"
1,1,2,1,"BCB1","lopea005","","","PO1(13)","F",1,0,0,0,0,"F"
1,2,3,1,"BCB1.BB","","","","W","T",0,1,0,0,0,"F"
1,2,1,1,"B+1TX","aquia001","","","53/G6","T",1,0,1,0,0,"F"
0,0,2,2,"FSBFBX","","","","6/L6","T",1,0,0,0,0,"F"
0,1,0,1,"FX","","","","8/L8D","T",1,0,0,0,0,"F"
0,2,1,0,"BX","","","","43/G4D+","T",1,0,0,0,0,"F"
1,0,0,1,"FX","","","","S6/G4M","T",0,1,0,0,0,"F"
1,0,3,2,"F1BB1BCS","castl003","","","K","T",1,0,1,0,0,"F"
1,1,1,2,"FFBS","castl003","","","K","T",1,0,1,0,0,"F"
1,2,1,2,"FBSX","castl003","","","53/G5","T",1,0,1,0,0,"F"
0,0,3,2,"CBFBBB","","","","W","T",0,1,0,0,0,"F"
0,0,0,1,"SX","machm001","","","S4/G4.1-2","T",0,1,2,0,0,"F"
0,0,1,2,"BFSS","hosme001","machm001","","K","T",1,0,1,2,0,"F"
0,1,1,0,"*BX","hosme001","machm001","","D7/F8D+.2-H;1-3","T",0,2,3,4,0,"F"
0,1,0,2,"FFF*S","","profj001","hosme001","K","T",1,0,0,2,3,"F"
0,2,0,1,".FX","","profj001","hosme001","8/L78D","T",1,0,0,2,3,"F"
1,0,0,1,".CX","","","","3/P34","T",1,0,0,0,0,"F"
1,1,2,2,"CFBBX","","","","7/F7LD","T",1,0,0,0,0,"F"
1,2,0,0,"X","","","","S4/G4M","T",0,1,0,0,0,"F"
1,2,2,0,"BB1","lopea005","","","PO1(E1/TH).1-2","F",0,0,2,0,0,"F"
1,2,2,0,"BB1.B","","lopea005","","WP.2-3","F",0,0,0,3,0,"F"
1,2,3,1,"BB1.B.CX","","","lopea005","D9/L9LD+.3-H","T",0,2,0,0,4,"F"
1,2,0,1,"CX","","aquia001","","S4/G34.2-3","T",0,1,0,3,0,"F"
1,2,0,0,">S","farmk001","","aquia001","SB2","F",0,0,2,0,3,"F"
1,2,0,2,">S.TS","","farmk001","aquia001","K","T",1,0,0,2,3,"F"
0,0,2,1,"BBFX","","","","13/G4MS","T",1,0,0,0,0,"F"
0,1,0,2,"SSF*S","","","","K","T",1,0,0,0,0,"F"
0,2,2,0,"BBX","","","","31/G34","T",1,0,0,0,0,"F"
1,0,3,1,".BBBCB","","","","W","T",0,1,0,0,0,"F"
1,0,1,2,"CSFBX","indij001","","","S7/L7D+.1-2","T",0,1,2,0,0,"F"
1,0,2,1,"BFBX","winkj002","indij001","","3/P3SF/FL","T",1,0,1,2,0,"F"
1,1,0,2,"CFB","winkj002","indij001","","WP.2-3","F",0,0,1,3,0,"F"
1,1,3,2,"CFB.BF*B>S","winkj002","","indij001","K+SB2","T",1,0,2,0,3,"F"
1,2,0,0,"X","","winkj002","indij001","7/F7","T",1,0,0,2,3,"F"
0,0,0,0,"X","","","","S8/L89D","T",0,1,0,0,0,"F"
0,0,2,2,"SBS*BX","machm001","","","S5/G5-.1-2","T",0,1,2,0,0,"F"
0,0,1,2,"FF*BFS","hosme001","machm001","","K","T",1,0,1,2,0,"F"
0,1,3,1,"BFBB*B","hosme001","machm001","","W.2-3;1-2","T",0,1,2,3,0,"F"
0,1,3,2,".BCCBFFBX","profj001","hosme001","machm001","S8/L8.3-H;2-H;1-2","T",0,1,2,4,4,"F"
0,1,1,2,"..BCF2X","phamt001","profj001","","7/L78XD+","T",1,0,1,2,0,"F"
0,2,1,2,"FSBS","phamt001","profj001","","K","T",1,0,1,2,0,"F"
1,0,1,2,"..CSFBX","","","","S9/L89S","T",0,1,0,0,0,"F"
1,0,1,0,".BX","lopea005","","","36(1)/FO/G3.B-1","T",1,1,0,0,0,"F"
1,1,0,0,"X","naqut001","","","8/F8","T",1,0,1,0,0,"F"
1,2,2,0,".BBH","naqut001","","","HP.1-2","T",0,1,2,0,0,"F"
1,2,3,2,"SBSBB>B","akiys001","naqut001","","W.2-3;1-2","T",0,1,2,3,0,"F"
1,2,0,0,".X","indij001","akiys001","naqut001","43/G34","T",1,0,1,2,3,"F"
0,0,1,2,"..SSBX","","","","S7/G56","T",0,1,0,0,0,"F"
0,0,0,1,"11CX","tatif002","","","7/F7S","T",1,0,1,0,0,"F"
0,1,0,0,">B","tatif002","","","SB2","F",0,0,2,0,0,"F"
0,1,2,0,">B.B2X","","tatif002","","FC/G6.2X3(64);B-1","T",1,1,0,0,0,"F"
0,2,0,2,"CF>B","machm001","","","SB2","F",0,0,2,0,0,"F"
0,2,1,2,"CF>B.FX","","machm001","","E5/TH/G6.2-H(NR)(UR);B-2","T",0,2,0,5,0,"F"
0,2,3,2,"BBCFBX","","hosme001","","63/G6","T",1,0,0,2,0,"F"
1,0,1,0,".BX","","","","S9/L9","T",0,1,0,0,0,"F"
1,0,3,2,"BCFBBX","castn001","","","S7/G56.1-2","T",0,1,2,0,0,"F"
1,0,1,2,"FFBX","stept001","castn001","","7/F7D","T",1,0,1,2,0,"F"
1,1,0,1,"FX","stept001","castn001","","46(1)3/GDP/G4MD","T",2,0,0,2,0,"F"
0,0,2,2,".BBCFX","","","","D7/G5","T",0,2,0,0,0,"F"
0,0,0,2,".CLS","","profj001","","K","T",1,0,0,2,0,"F"
0,1,1,2,"CCBS","","profj001","","K","T",1,0,0,2,0,"F"
0,2,1,2,"CFBS","","profj001","","K","T",1,0,0,2,0,"F"
1,0,1,2,".CSFFBFX","","","","7/F7S","T",1,0,0,0,0,"F"
1,1,2,0,"BBX","","","","HR/F8XD","T",0,4,0,0,0,"F"
1,1,3,2,".FBBSBB","","","","W","T",0,1,0,0,0,"F"
1,1,3,2,".BB*BCCX","freem002","","","D7/L78D+.1-3","T",0,2,3,0,0,"F"
1,1,2,1,"BFBX","","indij001","freem002","FC/G4.3XH(42);2-3;B-1","T",1,1,0,3,0,"F"
1,2,3,0,"VVVV","winkj002","","indij001","IW.1-2","T",0,1,2,0,3,"F"
1,2,0,1,"CX","castn001","winkj002","indij001","S9/L9LS.3-H;2-3;1-2","T",0,1,2,3,4,"F"
0,0,3,2,"BBFFBX","","","","31/G34","T",1,0,0,0,0,"T"
0,1,1,1,"CBX","","","","53/G56","T",1,0,0,0,0,"F"
0,2,0,2,"SCC","","","","K","T",1,0,0,0,0,"F"
1,0,0,2,"CFS","","","","K","T",1,0,0,0,0,"F"
1,1,0,1,"CX","","","","5/P6D","T",1,0,0,0,0,"F"
1,2,0,2,"CFS","","","","K","T",1,0,0,0,0,"F"
0,0,0,2,"CSS","","","","K","T",1,0,0,0,0,"F"
0,1,1,0,"BX","","","","S9/G34","T",0,1,0,0,0,"F"
0,1,2,2,"BFSBC","bryak001","","","K","T",1,0,1,0,0,"F"
0,2,1,2,"CB*S1*S","bryak001","","","K.BX1(23)","T",1,0,1,0,0,"F"
1,0,3,1,"BCBBH","","","","HP","T",0,1,0,0,0,"F"
1,0,3,2,"BBFFBX","vottj001","","","8/F8","T",1,0,1,0,0,"F"
1,1,0,2,"FCC","vottj001","","","K","T",1,0,1,0,0,"F"
1,2,0,2,"CFS","vottj001","","","K","T",1,0,1,0,0,"F"
0,0,1,0,"BX","","","","S46/G4+","T",0,1,0,0,0,"F"
0,0,0,0,"X","happi001","","","34/SH/BG23-.1-2","T",1,0,2,0,0,"F"
0,1,2,2,"*BCFFBC","","happi001","","K","T",1,0,0,2,0,"F"
0,2,3,2,"B*S*BSFBB","","happi001","","W","T",0,1,0,2,0,"F"
0,2,0,0,"X","contw001","happi001","","64(1)/FO/G6D.B-1","T",1,1,0,2,0,"F"
1,0,1,2,"CBSC","","","","K","T",1,0,0,0,0,"F"
1,1,0,2,"CCX","","","","63/G6","T",1,0,0,0,0,"F"
1,2,1,2,"CCBX","","","","S7/G56+","T",0,1,0,0,0,"F"
1,2,1,2,"CBC1X","indij001","","","43/G4","T",1,0,1,0,0,"F"
0,0,3,2,"BCFBBC","","","","K","T",1,0,0,0,0,"F"
0,1,2,2,"FFBBX","","","","S4/G6M","T",0,1,0,0,0,"F"
0,1,3,2,"*BFBFBFT","bryak001","","","K","T",1,0,1,0,0,"F"
0,2,0,0,"X","bryak001","","","D9/L89XD+.1-H","T",0,2,4,0,0,"F"
0,2,1,2,"CBSX","","heywj001","","7/L7","T",1,0,0,2,0,"F"
1,0,2,1,"FBBX","","","","63/G56","T",1,0,0,0,0,"F"
1,1,2,2,"FBCBFC","","","","K","T",1,0,0,0,0,"F"
1,2,1,2,"CFFFBX","","","","143/G4","T",1,0,0,0,0,"F"
0,0,2,1,"BBCX","","","","63/G6M","T",1,0,0,0,0,"F"
0,1,3,2,"BBCBSX","","","","13/G2","T",1,0,0,0,0,"F"
0,2,2,2,"SBCBX","","","","D8/L89XD+","T",0,2,0,0,0,"F"
0,2,2,2,"*BSFBC","","contw001","","K","T",1,0,0,2,0,"F"
1,0,3,2,"CSBBBFC","","","","K","T",1,0,0,0,0,"F"
1,1,2,2,"FBBFS","","","","K.BX1(23)","T",1,0,0,0,0,"F"
1,2,2,0,"BBX","","","","63/G9S+","T",1,0,0,0,0,"F"
0,0,0,1,".FH","","","","HP","T",0,1,0,0,0,"F"
0,0,2,2,"FBFBS","rizza001","","","K","T",1,0,1,0,0,"F"
0,1,1,1,"BCX","rizza001","","","64(1)/FO/G56D.B-1","T",1,1,0,0,0,"F"
0,2,2,0,".BB>S","wisdp001","","","SB2","F",0,0,2,0,0,"F"
0,2,2,2,".BB>S.FFX","","wisdp001","","3/G3S-","T",1,0,0,2,0,"F"
1,0,2,2,".CBCBFC","","","","K","T",1,0,0,0,0,"F"
1,1,3,2,"CSBBFFBB","","","","W","T",0,1,0,0,0,"F"
1,1,0,1,"SX","indij001","","","9/F9","T",1,0,1,0,0,"F"
1,2,0,2,"C1SF1FX","indij001","","","S8/G4M.1-2","T",0,1,2,0,0,"F"
1,2,2,1,".CBBX","castn001","indij001","","D9/L9LS+.2-H;1-H","T",0,2,4,4,0,"F"
1,2,1,2,"SSBX","","vottj001","","9/F9D","T",1,0,0,2,0,"F"
0,0,2,2,".SSBFFFBS","","","","K","T",1,0,0,0,0,"F"
0,1,1,2,".BSFX","","","","63/G6+","T",1,0,0,0,0,"F"
0,2,3,1,"BCBBB","","","","W","T",0,1,0,0,0,"F"
0,2,3,2,"..LBSFB*B>F","pedej001","","","FLE4","F",0,0,1,0,0,"F"
0,2,3,2,"..LBSFB*B>F.>X","pedej001","","","53/G5","T",1,0,1,0,0,"F"
1,0,3,2,".CBBFBX","","","","S8/G6","T",0,1,0,0,0,"F"
1,0,2,1,"TBBX","suare001","","","46(1)/FO/L4.B-1","T",1,1,0,0,0,"F"
1,1,1,1,"1FB1B","farmk001","","","WP.1-2","F",0,0,2,0,0,"F"
1,1,2,2,"1FB1B.FC","","farmk001","","K","T",1,0,0,2,0,"F"
1,2,2,2,"BCBSS","","farmk001","","K","T",1,0,0,2,0,"F"
0,0,3,2,"BTSFFFBBS","","","","K","T",1,0,0,0,0,"F"
0,1,1,2,"CFFBS","","","","K","T",1,0,0,0,0,"F"
0,2,0,0,"X","","","","13/G1S-","T",1,0,0,0,0,"F"
1,0,2,2,".CBFBX","","","","9/F89XD+","T",1,0,0,0,0,"F"
1,1,0,2,"CFX","","","","43/G4D","T",1,0,0,0,0,"F"
1,2,1,2,"SBFS","","","","K","T",1,0,0,0,0,"F"
0,0,2,2,".CSBFBS","","","","K","T",1,0,0,0,0,"F"
0,1,0,0,"X","","","","43/G4D+","T",1,0,0,0,0,"F"
0,2,2,2,"CBFFFFBX","","","","S9/L9+","T",0,1,0,0,0,"F"
0,2,2,2,".CFBBS","happi001","","","K","T",1,0,1,0,0,"F"
0,0,1,0,"BX","","","","31/G3","T",1,0,0,0,0,"T"
0,1,2,2,"BCBFFC","","","","K","T",1,0,0,0,0,"F"
0,2,3,0,"BBBB","","","","W","T",0,1,0,0,0,"F"
0,2,1,2,"BCCX","baezj001","","","S8/L8.1-2","T",0,1,2,0,0,"F"
0,2,3,2,"BB*BTF>B","rizza001","baezj001","","W.2-3;1-2","T",0,1,2,3,0,"F"
0,2,3,2,"C*B*BSB>*S","contw001","rizza001","baezj001","K","T",1,0,1,2,3,"F"
1,0,1,2,"CBFX","","","","63/G6","T",1,0,0,0,0,"F"
1,1,1,1,"BCX","","","","9/L9","T",1,0,0,0,0,"F"
1,2,0,0,"X","","","","43/G6M+","T",1,0,0,0,0,"F"
0,0,2,2,"CBTBFS","","","","K","T",1,0,0,0,0,"F"
0,1,3,2,"BBSFBX","","","","D9/F9LD","T",0,2,0,0,0,"F"
0,1,0,0,"X","","orter001","","3/G3.2-3","T",1,0,0,3,0,"F"
0,2,0,2,"CSB","","","orter001","PB.3-H(NR)(UR)","F",0,0,0,0,5,"F"
0,2,1,2,"CSB.S","","","","K","T",1,0,0,0,0,"F"
1,0,2,2,"FBBCX","","","","S8/L8","T",0,1,0,0,0,"F"
1,0,1,0,"BX","vottj001","","","9/F9","T",1,0,1,0,0,"F"
1,1,0,2,"CFFX","vottj001","","","7/F7","T",1,0,1,0,0,"F"
1,2,0,0,"X","vottj001","","","13/L13+","T",1,0,1,0,0,"F"
0,0,0,0,"X","","","","HR/F78XD","T",0,4,0,0,0,"F"
0,0,2,2,"CCBBFS","","","","K","T",1,0,0,0,0,"F"
0,1,1,2,"FBSX","","","","63/G4","T",1,0,0,0,0,"F"
0,2,3,1,"BBCBX","","","","D7/G56+","T",0,2,0,0,0,"F"
0,2,1,2,"CCFBX","","contw001","","31/G3","T",1,0,0,2,0,"F"
1,0,0,2,"CSS","","","","K","T",1,0,0,0,0,"F"
1,1,2,2,"BSCFBC","","","","K","T",1,0,0,0,0,"F"
1,2,2,1,"CBBX","","","","63/G6","T",1,0,0,0,0,"F"
0,0,3,2,"CSBBBB","","","","W","T",0,1,0,0,0,"F"
0,0,1,2,"FFBX","happi001","","","63/G4.1-2","T",1,0,2,0,0,"F"
0,1,0,0,"X","","happi001","","63/G6M.2-3","T",1,0,0,3,0,"F"
0,2,0,0,"X","","","happi001","3/G3","T",1,0,0,0,3,"F"
1,0,0,0,"X","","","","9/F89D","T",1,0,0,0,0,"F"
1,1,0,2,"STS","","","","K","T",1,0,0,0,0,"F"
1,2,1,1,"CBX","","","","HR/F8XD","T",0,4,0,0,0,"F"
1,2,0,2,"CC*S","","","","K","T",1,0,0,0,0,"F"
0,0,2,1,"BCBX","","","","S7/L7","T",0,1,0,0,0,"F"
0,0,0,1,"CB","bryak001","","","WP.1-2","F",0,0,2,0,0,"F"
0,0,2,2,"CB.F*BFX","","bryak001","","FC/G6+.2X2(64);B-1","T",1,1,0,0,0,"F"
0,1,1,2,"1BTSS","baezj001","","","K","T",1,0,1,0,0,"F"
0,2,3,1,"C1BBB*B","baezj001","","","W.1-2","T",0,1,2,0,0,"F"
0,2,1,2,"SBSFS","contw001","baezj001","","K","T",1,0,1,2,0,"F"
1,0,1,0,"BX","","","","HR/F9LD","T",0,4,0,0,0,"F"
1,0,0,0,"X","","","","7/F7LD","T",1,0,0,0,0,"F"
1,1,1,2,"BSCFFFX","","","","8/L8D","T",1,0,0,0,0,"F"
1,2,0,1,".FX","","","","7/F7L","T",1,0,0,0,0,"F"
0,0,2,2,".BSFBFX","","","","9/F89S","T",1,0,0,0,0,"F"
0,1,1,2,".SFBT","","","","K","T",1,0,0,0,0,"F"
0,2,1,2,"FBCS","","","","K","T",1,0,0,0,0,"F"
1,0,3,2,"..BBFBFS","","","","K","T",1,0,0,0,0,"F"
1,1,0,2,"SCFS","","","","K","T",1,0,0,0,0,"F"
1,2,1,2,"CSBX","","","","7/F78","T",1,0,0,0,0,"F"
0,0,1,2,"SCBX","","","","E3/TH/G3.B-1","T",0,1,0,0,0,"F"
0,0,1,2,".FSBX","pedej001","","","S9/L89.1-3","T",0,1,3,0,0,"F"
0,0,1,1,"BFX","bryak001","","pedej001","4/P4","T",1,0,1,0,3,"F"
0,1,1,0,"BX","bryak001","","pedej001","36(1)3/GDP/G34S","T",2,0,0,0,3,"F"
1,0,3,2,"BBSSBB","","","","W","T",0,1,0,0,0,"F"
1,0,0,0,"X","vottj001","","","D9/L9LD+.1-3","T",0,2,3,0,0,"F"
1,0,0,0,"X","","stept001","vottj001","63/G34S","T",1,0,0,2,3,"F"
1,1,1,0,"*BX","","stept001","vottj001","S9/F89S.3-H;2-3","T",0,1,0,3,4,"F"
1,1,1,1,"S*BX","suare001","","stept001","6(1)3/GDP/G6M","T",2,0,0,0,3,"F"
0,0,0,2,"CCX","","","","63/G6","T",1,0,0,0,0,"F"
0,1,2,2,"..BBFFS","","","","K","T",1,0,0,0,0,"F"
0,2,2,2,"BFBSC","","","","K","T",1,0,0,0,0,"F"
1,0,1,2,"....FFBS","","","","K","T",1,0,0,0,0,"F"
1,1,1,2,"FCBS","","","","K","T",1,0,0,0,0,"F"
1,2,3,2,"BCFBFBFB","","","","W","T",0,1,0,0,0,"F"
1,2,2,2,"..SBBSC","winkj002","","","K","T",1,0,1,0,0,"F"
0,0,3,2,".CCBFBBC","","","","K","T",1,0,0,0,0,"F"
0,1,2,2,"BCFBX","","","","S15/G6S","T",0,1,0,0,0,"F"
0,1,2,2,"CFBBS","sogae001","","","K","T",1,0,1,0,0,"F"
0,2,0,1,"CX","sogae001","","","3/P3F/FL","T",1,0,1,0,0,"F"
0,0,2,0,"BBX","","","","3/G34S-","T",1,0,0,0,0,"T"
0,1,0,2,"CFX","","","","S7/L7","T",0,1,0,0,0,"F"
0,1,0,1,"CX","bryak001","","","S7/G56.1-2","T",0,1,2,0,0,"F"
0,1,0,2,"SFX","rizza001","bryak001","","S7/G56.2-H;1-2","T",0,1,2,4,0,"F"
0,1,0,0,"X","baezj001","rizza001","","54(1)3/GDP/G5","T",2,0,0,2,0,"F"
1,0,2,2,"BCCBS","","","","K","T",1,0,0,0,0,"F"
1,1,0,2,"SFX","","","","5/P6MD","T",1,0,0,0,0,"F"
1,2,1,2,"CFBX","","","","S7/L78S","T",0,1,0,0,0,"F"
1,2,0,0,"X","castn001","","","S7/G5.1-3","T",0,1,3,0,0,"F"
1,2,3,2,"BFFBFFB>C","vottj001","","castn001","K","T",1,0,1,0,3,"F"
0,0,0,0,"X","","","","53/G5","T",1,0,0,0,0,"F"
0,1,1,1,"CBX","","","","T8/L89XD","T",0,3,0,0,0,"F"
0,1,3,2,"CBFBBS","","","marij002","K","T",1,0,0,0,3,"F"
0,2,0,1,"FX","","","marij002","S8/G4M.3-H","T",0,1,0,0,4,"F"
0,2,0,1,"CX","hendk001","","","54(1)/FO/G56.B-1","T",1,1,0,0,0,"F"
1,0,0,1,"FX","","","","53/G5","T",1,0,0,0,0,"F"
1,1,2,1,"BFBH","","","","HP","T",0,1,0,0,0,"F"
1,1,1,0,"BX","farmk001","","","D7/F7D.1-H","T",0,2,4,0,0,"F"
1,1,0,1,"FX","","barnt001","","7/L7S","T",1,0,0,2,0,"F"
1,2,1,2,"BCCFFS","","barnt001","","K","T",1,0,0,2,0,"F"
0,0,1,2,"FFBX","","","","6/L56","T",1,0,0,0,0,"F"
0,1,2,1,"CBBX","","","","D8/L8XD","T",0,2,0,0,0,"F"
0,1,0,1,"CX","","rizza001","","53/G5","T",1,0,0,2,0,"F"
0,2,1,1,"CBX","","rizza001","","63/G6","T",1,0,0,2,0,"F"
1,0,2,0,"BBX","","","","31/G34","T",1,0,0,0,0,"F"
1,1,2,2,"CBBFFFX","","","","7/F78XD","T",1,0,0,0,0,"F"
1,2,2,2,"BBCCX","","","","7/F78","T",1,0,0,0,0,"F"
0,0,0,2,"FSX","","","","53/G5","T",1,0,0,0,0,"F"
0,1,0,1,"FX","","","","S7/G6+","T",0,1,0,0,0,"F"
0,1,1,1,"1CBX","marij002","","","14(1)3/GDP/G13","T",2,0,0,0,0,"F"
1,0,3,2,"BBBCFX","","","","8/L8","T",1,0,0,0,0,"F"
1,1,1,2,"FFBC","","","","K","T",1,0,0,0,0,"F"
1,2,1,0,"BX","","","","53/G56","T",1,0,0,0,0,"F"
0,0,1,2,"CBCX","","","","63/G6","T",1,0,0,0,0,"F"
0,1,2,1,"BSBX","","","","S8/L8D.BX2(84)","T",1,0,0,0,0,"F"
0,2,3,2,"BCSBBB","","","","W","T",0,1,0,0,0,"F"
0,2,1,2,"1CBS*S","bryak001","","","K.BX1(23)","T",1,0,1,0,0,"F"
1,0,3,2,"FMBFBFBX","","","","63/G4","T",1,0,0,0,0,"F"
1,1,0,0,"X","","","","S7/L5D","T",0,1,0,0,0,"F"
1,1,0,2,"CFX","milew001","","","S7/G56.1-2","T",0,1,2,0,0,"F"
1,1,3,2,"BBFFBX","indij001","milew001","","46(1)3/GDP/G34","T",2,0,0,2,0,"F"
0,0,2,2,"BBSSX","","","","S56/G56","T",0,1,0,0,0,"F"
0,0,3,2,"BBFBSX","baezj001","","","8/F8XD","T",1,0,1,0,0,"F"
0,1,2,2,"1SSFB*BS","baezj001","","","K","T",1,0,1,0,0,"F"
0,2,1,1,"C*B1>B","baezj001","","","SB2","F",0,0,2,0,0,"F"
0,2,2,1,"C*B1>B.X","","baezj001","","53/G5","T",1,0,0,2,0,"F"
1,0,0,1,"FX","","","","53/G5","T",1,0,0,0,0,"F"
1,1,3,2,"BBBCCX","","","","8/F8XD+","T",1,0,0,0,0,"F"
1,2,0,2,"FS*S","","","","K.BX1(23)","T",1,0,0,0,0,"F"
0,0,0,1,"CX","","","","8/F8XD","T",1,0,0,0,0,"F"
0,1,1,0,".BX","","","","8/F8D","T",1,0,0,0,0,"F"
0,2,0,0,"X","","","","S7/L7","T",0,1,0,0,0,"F"
0,2,2,2,".F1*BFBX","contw001","","","43/G6M","T",1,0,1,0,0,"F"
1,0,1,1,".SBX","","","","S7/L78","T",0,1,0,0,0,"F"
1,0,0,1,"LH","suare001","","","HP.1-2","T",0,1,2,0,0,"F"
1,0,1,0,"BX","farmk001","suare001","","S9/G34.2-3;1-2","T",0,1,2,3,0,"F"
1,0,0,0,".X","barnt001","farmk001","suare001","52(3)/FO/G5.2-3;1-2;B-1","T",1,1,2,3,0,"F"
1,1,3,0,"BBBH","stept001","barnt001","farmk001","HP.3-H;2-3;1-2","T",0,1,2,3,4,"F"
1,1,0,2,"..S*SX","indij001","stept001","freem002","36(1)/FO/G34.3-H;2-3;B-1","T",1,1,0,3,4,"F"
1,2,2,2,"*B*S*S*BS","winkj002","","stept001","K","T",1,0,1,0,3,"F"
0,0,1,1,"..BCX","","","","9/L89D","T",1,0,0,0,0,"F"
0,1,3,2,"SFBBBX","","","","E5/G56D.B-1","T",0,1,0,0,0,"F"
0,1,0,0,".X","baezj001","","","8/F89XD.1-2","T",1,0,2,0,0,"F"
0,2,0,1,"SX","","baezj001","","63/G6","T",1,0,0,2,0,"F"
1,0,1,2,"....CBCS","","","","K","T",1,0,0,0,0,"F"
1,1,1,0,"BX","","","","4/P4D","T",1,0,0,0,0,"F"
1,2,3,2,"BCFBBB","","","","W","T",0,1,0,0,0,"F"
1,2,1,0,".1BX","suare001","","","64(1)/FO/G6.B-1","T",1,1,0,0,0,"F"
0,0,1,1,"BTX","","","","8/L8D","T",1,0,0,0,0,"F"
0,1,3,0,".BBBB","","","","W","T",0,1,0,0,0,"F"
0,1,3,2,".BBCCFBX","happi001","","","S7/G5.1-2","T",0,1,2,0,0,"F"
0,1,0,2,".CFFFX","orter001","happi001","","54(1)3/GDP/G56","T",2,0,0,2,0,"F"
0,0,3,2,"BBCSBC","","","","K","T",1,0,0,0,0,"T"
0,1,0,1,"CX","","","","8/L8XD","T",1,0,0,0,0,"F"
0,2,0,2,"CFS","","","","K","T",1,0,0,0,0,"F"
1,0,1,2,"CFFBH","","","","HP","T",0,1,0,0,0,"F"
1,0,0,0,"X","indij001","","","36(1)/FO/G34.B-1","T",1,1,0,0,0,"F"
1,1,0,0,"X","winkj002","","","7/F78","T",1,0,1,0,0,"F"
1,2,3,1,"BC*BB*B","winkj002","","","W.1-2","T",0,1,2,0,0,"F"
1,2,3,2,"BFBFB>X","vottj001","winkj002","","D9/L9LD+.2-H;1-H","T",0,2,4,4,0,"F"
1,2,3,1,"BBCBB","","naqut001","","W","T",0,1,0,2,0,"F"
1,2,0,1,"FX","suare001","naqut001","","43/G34D","T",1,0,1,2,0,"F"
0,0,2,2,"CBBSX","","","","63/G6M","T",1,0,0,0,0,"F"
0,1,0,0,"X","","","","HR/F78XD","T",0,4,0,0,0,"F"
0,1,2,0,"BBX","","","","S5/L56D","T",0,1,0,0,0,"F"
0,1,3,2,"C*BCFBBB","petej002","","","W.1-2","T",0,1,2,0,0,"F"
0,1,2,1,"CBBX","urial001","petej002","","4/P34","T",1,0,1,2,0,"F"
0,2,1,2,"*BCFFS","urial001","petej002","","K","T",1,0,1,2,0,"F"
1,0,1,2,"CFBFFX","","","","D7/L7LD","T",0,2,0,0,0,"F"
1,0,2,0,"BBX","","farmk001","","FC/BG1S.2X3(15);B-1","T",1,1,0,0,0,"F"
1,1,3,1,"BCBBB","mahlt001","","","W.1-2","T",0,1,2,0,0,"F"
1,1,0,1,"FX","indij001","mahlt001","","6(1)3/GDP/G6M+","T",2,0,0,2,0,"F"
0,0,1,2,"FCBS","","","","K","T",1,0,0,0,0,"F"
0,1,3,2,"CBBFBFX","","","","53/G6M","T",1,0,0,0,0,"F"
0,2,2,2,"FFBFBX","","","","S8/L89","T",0,1,0,0,0,"F"
0,2,0,0,"X","adamw002","","","5/P6S","T",1,0,1,0,0,"F"
1,0,3,1,"BBSBH","","","","HP","T",0,1,0,0,0,"F"
1,0,0,2,"CFFS","castn001","","","K","T",1,0,1,0,0,"F"
1,1,2,1,"FBBX","castn001","","","S8/G6+.1-2","T",0,1,2,0,0,"F"
1,1,2,2,"CCFBFBX","naqut001","castn001","","D7/L7D+.2-H;1-H","T",0,2,4,4,0,"F"
1,1,0,0,"X","","suare001","","8/L8D","T",1,0,0,2,0,"F"
1,2,1,0,"*BX","","suare001","","3/P3SF/FL","T",1,0,0,2,0,"F"
0,0,1,2,".FFBS","","","","K","T",1,0,0,0,0,"F"
0,1,3,1,"CBBBB","","","","W","T",0,1,0,0,0,"F"
0,1,0,2,"FCX","petej002","","","13/G2-.1-2","T",1,0,2,0,0,"F"
0,2,0,1,"CX","","petej002","","8/L8XD+","T",1,0,0,2,0,"F"
1,0,0,1,"CX","","","","8/F8S","T",1,0,0,0,0,"F"
1,1,1,1,"FBX","","","","63/G6M","T",1,0,0,0,0,"F"
1,2,0,1,"CX","","","","E3/G3S.BX2(13)","T",1,0,0,0,0,"F"
0,0,1,2,".BCSS","","","","K","T",1,0,0,0,0,"F"
0,1,3,1,"BBFBX","","","","S8/L8","T",0,1,0,0,0,"F"
0,1,2,2,"SCBF*BFC","wongk001","","","K","T",1,0,1,0,0,"F"
0,2,0,0,"X","wongk001","","","HR/L9LD.1-H","T",0,4,4,0,0,"F"
0,2,3,2,"SBFBBFS","","","","K","T",1,0,0,0,0,"F"
1,0,3,2,".FBFBBX","","","","4/P34D","T",1,0,0,0,0,"F"
1,1,2,2,"CCBBX","","","","53/G4","T",1,0,0,0,0,"F"
1,2,3,2,"BBCFBX","","","","E4/G4D.B-1","T",0,1,0,0,0,"F"
1,2,3,2,"BB1BCC>F>F>B","naqut001","","","W.1-2","T",0,1,2,0,0,"F"
1,2,0,0,"X","suare001","naqut001","","S8/L89+.2-H(UR);1-3","T",0,1,3,5,0,"F"
1,2,1,1,"BCX","barnt001","","suare001","64(1)/FO/G6.B-1","T",1,1,0,0,3,"F"
0,0,1,0,"BX","","","","9/F9S","T",1,0,0,0,0,"F"
0,1,3,2,"BSSBBFB","","","","W","T",0,1,0,0,0,"F"
0,1,1,1,"BF>X","petej002","","","D7/L7LD+.1-H","T",0,2,4,0,0,"F"
0,1,0,0,".2X","","urial001","","S4/G4.2-H(E4)(NR)","T",0,1,0,4,0,"F"
0,1,1,2,".1B1CST","bradj001","","","K","T",1,0,1,0,0,"F"
0,2,0,0,"1>C","bradj001","","","SB2","F",0,0,2,0,0,"F"
0,2,2,2,"1>C.CBBX","","bradj001","","S7/G6.2-H","T",0,1,0,4,0,"F"
0,2,1,0,"BX","wongk001","","","3/G3S","T",1,0,1,0,0,"F"
1,0,1,2,"..BCCH","","","","HP","T",0,1,0,0,0,"F"
1,0,0,2,"C+111FC","akiys001","","","K","T",1,0,1,0,0,"F"
1,1,0,0,">C","akiys001","","","CS2(26)","F",1,0,0,0,0,"F"
1,2,3,2,">C.BBCBB","","","","W","T",0,1,0,0,0,"F"
1,2,0,2,"CSS","winkj002","","","K","T",1,0,1,0,0,"F"
0,0,3,2,".BBCSBFS","","","","K","T",1,0,0,0,0,"F"
0,1,1,0,"BX","","","","3/G3","T",1,0,0,0,0,"F"
0,2,2,2,"SSBBS","","","","K","T",1,0,0,0,0,"F"
1,0,2,2,".BBCFS","","","","K","T",1,0,0,0,0,"F"
1,1,0,0,"X","","","","4/P4","T",1,0,0,0,0,"F"
1,2,1,2,"CBSS","","","","K","T",1,0,0,0,0,"F"
0,0,0,1,".CX","","","","43/G34","T",1,0,0,0,0,"F"
0,1,1,2,"BCTX","","","","HR/F7D","T",0,4,0,0,0,"F"
0,1,0,2,"FCX","","","","S8/G6M","T",0,1,0,0,0,"F"
0,1,0,1,".FX","bradj001","","","9/F4D","T",1,0,1,0,0,"F"
0,2,0,1,"11CX","bradj001","","","S7/G6.1-2","T",0,1,2,0,0,"F"
0,2,3,1,"BBS*BB","wongk001","bradj001","","W.2-3;1-2","T",0,1,2,3,0,"F"
0,2,2,1,".FBBX","yelic001","wongk001","bradj001","D7/F7LD.3-H;2-H;1-3","T",0,2,3,4,4,"F"
0,2,1,2,"BF*SFS","","adamw002","yelic001","K+WP.3-H(NR);2-3;B-1","T",0,1,0,3,4,"F"
0,2,0,1,"FB","narvo001","","adamw002","WP.3-H(NR);1-2","F",0,0,2,0,4,"F"
0,2,1,2,"FB.SS","","narvo001","","K","T",1,0,0,2,0,"F"
1,0,0,1,"..CX","","","","9/L89D+","T",1,0,0,0,0,"F"
1,1,3,2,"CBTBFBX","","","","S7/L78","T",0,1,0,0,0,"F"
1,1,1,1,".BFX","farmk001","","","46(1)3/GDP/G4","T",2,0,0,0,0,"F"
0,0,2,2,"..CBFBS","","","","K","T",1,0,0,0,0,"F"
0,1,1,2,"BCFFX","","","","63/G6","T",1,0,0,0,0,"F"
0,2,1,0,"BX","","","","13/G34S","T",1,0,0,0,0,"F"
1,0,1,2,"BCCS","","","","K","T",1,0,0,0,0,"F"
1,1,1,1,"SBX","","","","7/L78D","T",1,0,0,0,0,"F"
1,2,1,2,"SBCX","","","","HR/L89XD","T",0,4,0,0,0,"F"
1,2,3,2,"BCTBFBFX","","","","7/L7D","T",1,0,0,0,0,"F"
0,0,1,2,"FBFX","","","","5/L56","T",1,0,0,0,0,"T"
0,1,3,2,"BSFBBX","","","","53/G6S","T",1,0,0,0,0,"F"
0,2,2,1,"BCBX","","","","S9/L9L","T",0,1,0,0,0,"F"
0,2,1,2,"F1BSS","adamw002","","","K","T",1,0,1,0,0,"F"
1,0,0,1,"FX","","","","53/G56","T",1,0,0,0,0,"F"
1,1,3,2,"BSBBCFX","","","","8/F78XD","T",1,0,0,0,0,"F"
1,2,2,2,"FBBCC","","","","K","T",1,0,0,0,0,"F"
0,0,0,1,"CX","","","","63/G6","T",1,0,0,0,0,"F"
0,1,2,2,"BFFBX","","","","S7/G5","T",0,1,0,0,0,"F"
0,1,1,0,"B1X","petej002","","","4/L4M","T",1,0,1,0,0,"F"
0,2,1,2,"B1FFS","petej002","","","K","T",1,0,1,0,0,"F"
1,0,1,2,"FSFFBS","","","","K","T",1,0,0,0,0,"F"
1,1,3,2,"FBFBBFB","","","","W","T",0,1,0,0,0,"F"
1,1,3,2,"CF1BFBFFB+1FB","naqut001","","","W.1-2","T",0,1,2,0,0,"F"
1,1,2,2,"FTBBX","suare001","naqut001","","64(1)/FO/G6.2-H(E3)(NR);B-2","T",1,2,0,4,0,"F"
1,2,0,0,"X","","akiys001","","D7/L7L.2-H(UR)","T",0,2,0,5,0,"F"
1,2,0,2,"*SFC","","farmk001","","K","T",1,0,0,2,0,"F"
0,0,0,2,"CFC","","","","K","T",1,0,0,0,0,"F"
0,1,0,0,"H","","","","HP","T",0,1,0,0,0,"F"
0,1,1,2,"TBSFS","wongk001","","","K","T",1,0,1,0,0,"F"
0,2,2,2,"SBBFC","wongk001","","","K","T",1,0,1,0,0,"F"
1,0,2,2,"BBCFX","","","","43/G4M","T",1,0,0,0,0,"F"
1,1,1,1,"BCX","","","","7/F7LD","T",1,0,0,0,0,"F"
1,2,0,0,"X","","","","S9/L9L","T",0,1,0,0,0,"F"
1,2,3,1,"CBBBB","stept001","","","W.1-2","T",0,1,2,0,0,"F"
1,2,2,2,"BBCFFS","vottj001","stept001","","K","T",1,0,1,2,0,"F"
0,0,1,1,"BTX","","","","S9/L89D","T",0,1,0,0,0,"F"
0,0,0,1,"FX","narvo001","","","S5/G25-.1-2","T",0,1,2,0,0,"F"
0,0,3,1,"BBCBX","garca003","narvo001","","46(1)/FO/G4+.2-3;B-1","T",1,1,0,3,0,"F"
0,1,0,0,"X","petej002","","narvo001","46(1)3/GDP/G4","T",2,0,0,0,3,"F"
1,0,3,2,"BBBCFX","","","","63/G56","T",1,0,0,0,0,"F"
1,1,3,2,"CCBBBFFB","","","","W","T",0,1,0,0,0,"F"
1,1,0,2,"CCS","akiys001","","","K","T",1,0,1,0,0,"F"
1,2,0,1,"FX","akiys001","","","4/P34D","T",1,0,1,0,0,"F"
0,0,0,1,"SX","","","","63/G4","T",1,0,0,0,0,"F"
0,1,1,0,"BX","","","","63/G6M","T",1,0,0,0,0,"F"
0,2,3,0,"BBBB","","","","W","T",0,1,0,0,0,"F"
0,2,3,2,"FBSBFB>F>B","wongk001","","","W.1-2","T",0,1,2,0,0,"F"
0,2,1,2,"*BFSS","yelic001","wongk001","","K","T",1,0,1,2,0,"F"
1,0,0,2,"CFT","","","","K","T",1,0,0,0,0,"F"
1,1,3,2,"CBCBBFS","","","","K","T",1,0,0,0,0,"F"
1,2,1,0,"BX","","","","9/F9D","T",1,0,0,0,0,"F"
0,0,3,2,"BBCFFBB","","","","W","T",0,1,0,0,0,"F"
0,0,1,2,"SF*B+1F*S","narvo001","","","K","T",1,0,1,0,0,"F"
0,1,3,2,"CBCBBX","narvo001","","","S3/G34S.1-2","T",0,1,2,0,0,"F"
0,1,1,2,"SF*BC","petej002","narvo001","","K","T",1,0,1,2,0,"F"
0,2,1,1,"CBX","petej002","narvo001","","7/F7D","T",1,0,1,2,0,"F"
1,0,2,2,"BBFFS","","","","K","T",1,0,0,0,0,"F"
1,1,0,1,"CX","","","","63/G6","T",1,0,0,0,0,"F"
1,2,3,2,"..BBCBCX","","","","2/P2F/FL","T",1,0,0,0,0,"F"
0,0,2,2,".BFFBX","","","","S8/G6M","T",0,1,0,0,0,"F"
0,0,0,1,"CX","taylt002","","","S9/G34.1-3","T",0,1,3,0,0,"F"
0,0,1,0,"B1X","wongk001","","taylt002","23/G23-.3-H;1-2","T",1,0,2,0,4,"F"
0,1,0,2,".CSX","","wongk001","","S9/L9.2-H;B-2","T",0,2,0,4,0,"F"
0,1,1,0,"B2","","adamw002","","PO2(E1/TH).2-3","F",0,0,0,3,0,"F"
0,1,1,0,"B2.X","","","adamw002","8/SF/L8S.3-H(UR)","T",1,0,0,0,5,"F"
0,2,2,2,"FBFBX","","","","4/P34D","T",1,0,0,0,0,"F"
1,0,2,2,".BCFBX","","","","43/G4","T",1,0,0,0,0,"F"
1,1,0,2,"CFS","","","","K","T",1,0,0,0,0,"F"
1,2,0,2,".CC*S","","","","K","T",1,0,0,0,0,"F"
0,0,3,2,".FBSBBC","","","","K","T",1,0,0,0,0,"F"
0,1,2,2,"SSBBX","","","","D8/L89XD+","T",0,2,0,0,0,"F"
0,1,0,1,".CX","","urial001","","63/G4M.2-3","T",1,0,0,3,0,"F"
0,2,3,1,"B*BFBB","","","urial001","W","T",0,1,0,0,3,"F"
0,2,1,2,">F>F1BS","taylt002","","urial001","K","T",1,0,1,0,3,"F"
1,0,2,1,".BCBX","","","","HR/F7LD","T",0,4,0,0,0,"F"
1,0,1,2,".BCFS","","","","K","T",1,0,0,0,0,"F"
1,1,1,1,"BSX","","","","S15/G6S","T",0,1,0,0,0,"F"
1,1,3,2,"FB1BBCB","stept001","","","W.1-2","T",0,1,2,0,0,"F"
1,1,1,2,".CFBX","vottj001","stept001","","8/F89","T",1,0,1,2,0,"F"
1,2,1,0,"BX","vottj001","stept001","","9/F89","T",1,0,1,2,0,"F"
0,0,1,2,"..CBCX","","","","S7/L78D","T",0,1,0,0,0,"F"
0,0,0,2,"F1SFS","yelic001","","","K","T",1,0,1,0,0,"F"
0,1,0,0,"X","yelic001","","","5/P56","T",1,0,1,0,0,"F"
0,2,0,0,">B","yelic001","","","SB2","F",0,0,2,0,0,"F"
0,2,1,1,">B.FX","","yelic001","","9/F9","T",1,0,0,2,0,"F"
1,0,3,2,"..BBBCSB","","","","W","T",0,1,0,0,0,"F"
1,0,1,1,"FBX","aquia001","","","54(1)3/GDP/G5","T",2,0,0,0,0,"F"
1,2,2,2,"BSFBS","","","","K","T",1,0,0,0,0,"F"
0,0,1,1,"....BFX","","garca003","","9/F89D.2-3","T",1,0,0,3,0,"F"
0,1,3,0,"*B*B*BX","","","garca003","S8/G6M.3-H(UR)","T",0,1,0,0,5,"F"
0,1,2,2,".BCFBX","urial001","","","4/L4MD","T",1,0,1,0,0,"F"
0,2,2,2,"1BCF*BX","urial001","","","S8/G4.1-2","T",0,1,2,0,0,"F"
0,2,0,0,"X","taylt002","urial001","","31/G34","T",1,0,1,2,0,"F"
1,0,3,2,"..BBCFBX","","lorem002","","E5/G7S.2-3;B-1","T",0,1,0,3,0,"F"
1,0,3,1,"BFBBX","indij001","","lorem002","4/L4+","T",1,0,1,0,3,"F"
1,1,1,0,"BX","indij001","","lorem002","7/SF/L7.3-H(UR)","T",1,0,1,0,5,"F"
1,2,2,2,"BBCFX","indij001","","","7/F78XD+","T",1,0,1,0,0,"F"
0,0,1,2,"...FFBFX","","wongk001","","D9/L9LD+.2-H(UR)","T",0,2,0,5,0,"F"
0,0,1,2,"FBFX","","yelic001","","S6/G6.2-2","T",0,1,0,2,0,"F"
0,0,2,2,"FBFFBX","adamw002","yelic001","","3/G3.2-3;1-2","T",1,0,2,3,0,"F"
0,1,0,0,".X","","adamw002","yelic001","FC1/G1S-.3-H;2-3;B-1","T",0,1,0,3,4,"F"
0,1,0,2,"FCX","garca003","","adamw002","8/SF/F78D.3-H","T",1,0,1,0,4,"F"
0,2,2,0,"BBX","garca003","","","7/L7D","T",1,0,1,0,0,"F"
1,0,1,1,".CBX","","vottj001","","S8/L8.2-3","T",0,1,0,3,0,"F"
1,0,0,2,"CSS","freem002","","vottj001","K","T",1,0,1,0,3,"F"
1,1,3,2,"CCBBF*BFFFX","freem002","","vottj001","5/L5F/FL","T",1,0,1,0,3,"F"
1,2,3,0,"VVVV","freem002","","vottj001","IW.1-2","T",0,1,2,0,3,"F"
1,2,1,1,".BFX","farmk001","freem002","vottj001","43/G34","T",1,0,1,2,3,"F"
0,0,0,2,"FSH","","","","HP","T",0,1,0,0,0,"T"
0,0,1,1,"FB>B","petej002","","","SB2","F",0,0,2,0,0,"F"
0,0,3,1,"FB>B.BX","","petej002","","S7/L7.2-3","T",0,1,0,3,0,"F"
0,0,0,1,"FX","urial001","","petej002","FC/G4S.3XH(152);1-3;B-2","T",1,2,3,0,0,"F"
0,1,3,1,"BCBBB","","yelic001","urial001","W","T",0,1,0,2,3,"F"
0,1,0,2,"CFH","adamw002","yelic001","urial001","HP.3-H;2-3;1-2","T",0,1,2,3,4,"F"
0,1,1,2,"SFFFF*BC","tellr001","adamw002","yelic001","K","T",1,0,1,2,3,"F"
0,2,0,0,"X","tellr001","adamw002","yelic001","13/G1-","T",1,0,1,2,3,"F"
1,0,3,2,"CBBBFB","","","","W","T",0,1,0,0,0,"F"
1,0,2,2,"BC1FBT","indij001","","","K","T",1,0,1,0,0,"F"
1,1,3,1,"BB1BCX","indij001","","","9/L9","T",1,0,1,0,0,"F"
1,2,0,1,"CX","indij001","","","63/G6M","T",1,0,1,0,0,"F"
0,0,2,2,"BCSBC","","","","K","T",1,0,0,0,0,"F"
0,1,0,1,"CX","","","","S5/G5S-","T",0,1,0,0,0,"F"
0,1,2,0,"*BBX","burnc002","","","6/F8S","T",1,0,1,0,0,"F"
0,2,3,2,"BF*BBC>B","burnc002","","","W.1-2","T",0,1,2,0,0,"F"
0,2,2,1,"*BCBX","urial001","burnc002","","43/G34","T",1,0,1,2,0,"F"
1,0,1,2,"SBSX","","","","63/G6-","T",1,0,0,0,0,"F"
1,1,1,0,"BX","","","","13/G1","T",1,0,0,0,0,"F"
1,2,0,0,"X","","","","63/G6MD+","T",1,0,0,0,0,"F"
0,0,0,0,"X","","","","S56/G5","T",0,1,0,0,0,"F"
0,0,1,2,"C1BSX","adamw002","","","8/F8","T",1,0,1,0,0,"F"
0,1,0,0,"X","adamw002","","","54(1)3/GDP/G5","T",2,0,0,0,0,"F"
1,0,0,2,"CSS","","","","K","T",1,0,0,0,0,"F"
1,1,1,2,"BSFS","","","","K","T",1,0,0,0,0,"F"
1,2,0,2,"CFF*S","","","","K.BX1(23)","T",1,0,0,0,0,"F"
0,0,0,2,"CFC","","","","K","T",1,0,0,0,0,"F"
0,1,0,2,"CSX","","","","53/G56","T",1,0,0,0,0,"F"
0,2,1,2,"BCFC","","","","K","T",1,0,0,0,0,"F"
1,0,1,0,"BX","","","","7/F7D","T",1,0,0,0,0,"F"
1,1,3,2,"CBBBFX","","","","S9/L9","T",0,1,0,0,0,"F"
1,1,1,1,"BFX","vottj001","","","46(1)/FO/G34D.B-1","T",1,1,0,0,0,"F"
1,2,1,2,"CBCC","naqut001","","","K","T",1,0,1,0,0,"F"
0,0,3,2,"BBCCBT","","","","K","T",1,0,0,0,0,"F"
0,1,1,2,"CFBX","","","","S8/G6+.B-2(E8)","T",0,2,0,0,0,"F"
0,1,3,2,"CB*BBCS","","urial001","","K","T",1,0,0,2,0,"F"
0,2,3,2,"BFFBFBB","","urial001","","W","T",0,1,0,2,0,"F"
0,2,3,2,"*B*BBSF>B","adamw002","urial001","","W.2-3;1-2","T",0,1,2,3,0,"F"
0,2,0,0,"X","tellr001","adamw002","urial001","S7/G56.3-H;2-H;1-2","T",0,1,2,4,4,"F"
0,2,3,2,"BBSFFB>X","taylt002","tellr001","","T9/L9LD.2-H;1-H","T",0,3,4,4,0,"F"
0,2,2,2,".*SCB*BFC","","","bradj001","K","T",1,0,0,0,3,"F"
1,0,1,1,"BFX","","","","S8/L8","T",0,1,0,0,0,"F"
1,0,1,1,"BSX","barnt001","","","36(1)/FO/G34.B-1","T",1,1,0,0,0,"F"
1,1,0,2,"F1FS","akiys001","","","K","T",1,0,1,0,0,"F"
1,2,1,2,".CC*BFS","akiys001","","","K","T",1,0,1,0,0,"F"
0,0,1,2,"..CCBX","","","","43/G34","T",1,0,0,0,0,"F"
0,1,3,2,"BBCFBX","","","","43/G4D","T",1,0,0,0,0,"F"
0,2,0,2,"SFS","","","","K","T",1,0,0,0,0,"F"
1,0,2,1,"BFBX","","","","S8/F8","T",0,1,0,0,0,"F"
1,0,1,1,"BCX","indij001","","","36(1)3/GDP/G3","T",2,0,0,0,0,"F"
1,2,2,2,"CBCBS","","","","K","T",1,0,0,0,0,"F"
0,0,1,0,"BX","","","","HR/F78XD","T",0,4,0,0,0,"F"
0,0,3,0,"BBBB","","","","W","T",0,1,0,0,0,"F"
0,0,0,2,"FCS","adamw002","","","K","T",1,0,1,0,0,"F"
0,1,2,2,"CCBBFS","adamw002","","","K","T",1,0,1,0,0,"F"
0,2,2,2,"FSB*BX","adamw002","","","S87/G6+.1-3","T",0,1,3,0,0,"F"
0,2,3,1,"FBBBX","bradj001","","adamw002","63/G6M","T",1,0,1,0,3,"F"
1,0,0,0,"X","","","","3/G3","T",1,0,0,0,0,"F"
1,1,1,2,"CBS*S","","","","K","T",1,0,0,0,0,"F"
1,2,0,0,"X","","","","6/L6","T",1,0,0,0,0,"F"
0,0,0,2,".TCS","","","","K","T",1,0,0,0,0,"F"
0,1,1,2,"FBSX","","","","8/F8D","T",1,0,0,0,0,"F"
0,2,2,2,"BCFBFX","","","","53/G56","T",1,0,0,0,0,"F"
1,0,1,2,".SCBFC","","","","K","T",1,0,0,0,0,"F"
1,1,3,2,"BSBCBT","","","","K","T",1,0,0,0,0,"F"
1,2,1,2,"SCBC","","","","K","T",1,0,0,0,0,"F"
0,0,3,2,".BBSBFX","","","","S8/G4M","T",0,1,0,0,0,"F"
0,0,1,2,"BSSB","yelic001","","","WP.1-2","F",0,0,2,0,0,"F"
0,0,3,2,"BSSB.BX","","yelic001","","HR/F89XD.2-H","T",0,4,0,4,0,"F"
0,0,1,1,"CBX","","","","8/L78","T",1,0,0,0,0,"F"
0,1,1,1,"BSX","","","","S8/L8","T",0,1,0,0,0,"F"
0,1,0,1,"SX","taylt002","","","7/F7","T",1,0,1,0,0,"F"
0,2,0,2,"TSX","taylt002","","","9/F9LSF/FL","T",1,0,1,0,0,"F"
1,0,2,2,"BCBCX","","","","53/G56","T",1,0,0,0,0,"F"
1,1,0,0,"X","","","","S8/L8D","T",0,1,0,0,0,"F"
1,1,0,0,"X","winkj002","","","FC3/G3.1-2(E3/TH);B-1","T",0,1,2,0,0,"F"
1,1,0,2,"SCX","vottj001","winkj002","","S6/G4M.2-3;1-2","T",0,1,2,3,0,"F"
1,1,0,2,".CFS","naqut001","vottj001","winkj002","K","T",1,0,1,2,3,"F"
1,2,3,2,"C*BBBF>F>C","naqut001","vottj001","winkj002","K","T",1,0,1,2,3,"F"
0,0,2,2,"CBSBX","","","","S9/G4+","T",0,1,0,0,0,"T"
0,0,1,1,"BC1X","nimmb001","","","HR/F7D.1-H","T",0,4,4,0,0,"F"
0,0,2,2,"SBBFX","","","","HR/L89XD","T",0,4,0,0,0,"F"
0,0,2,1,"BBFX","","","","13/G1+","T",1,0,0,0,0,"F"
0,1,3,0,"BBBB","","","","W","T",0,1,0,0,0,"F"
0,1,0,0,"1X","davij006","","","4/L4/DP.1X1(43)","T",2,0,0,0,0,"F"
1,0,1,1,"CBX","","","","D7/L7D+","T",0,2,0,0,0,"F"
1,0,2,1,"SBBX","","indij001","","S9/L9+.2-3","T",0,1,0,3,0,"F"
1,0,1,2,"CFBX","winkj002","","indij001","FC6/G6.3-H;1-2(E6);B-1","T",0,1,2,0,4,"F"
1,0,0,0,"H","stept001","winkj002","","HP.2-3;1-2","T",0,1,2,3,0,"F"
1,0,0,1,"FX","vottj001","stept001","winkj002","D7/F5D.3-H(UR);2-H;1-3","T",0,2,3,4,5,"F"
1,0,2,0,"BBX","","naqut001","vottj001","53/G5+","T",1,0,0,2,3,"F"
1,1,2,1,"B*BCX","","naqut001","vottj001","7/SF/F7LD.3-H(UR);2-3","T",1,0,0,3,5,"F"
1,2,1,2,"BSSS","","","naqut001","K","T",1,0,0,0,3,"F"
0,0,0,2,"FFX","","","","8/L89D","T",1,0,0,0,0,"F"
0,1,0,2,"CCFX","","","","S8/L8D","T",0,1,0,0,0,"F"
0,1,0,0,"1X","guill001","","","26(1)4/GDP/BG1S","T",2,0,0,0,0,"F"
1,0,0,2,"CSS","","","","K","T",1,0,0,0,0,"F"
1,1,3,2,"CBBFBFFFH","","","","HP","T",0,1,0,0,0,"F"
1,1,1,1,"CBX","indij001","","","FC4/G34D.1-2(E4/TH);B-1","T",0,1,2,0,0,"F"
1,1,1,1,"CBX","winkj002","indij001","","FC6/G56.2-H(E6)(E6/TH)(NR)(UR);1-3;B-1","T",0,1,3,5,0,"F"
1,1,0,0,"X","stept001","","winkj002","S7/L78.3-H(UR);1-3","T",0,1,3,0,5,"F"
1,1,1,2,"BFFX","vottj001","","stept001","S5/G25-.3-H(UR);1-2","T",0,1,2,0,5,"F"
1,1,0,2,"CS*S","naqut001","vottj001","","K","T",1,0,1,2,0,"F"
1,2,1,1,"FBX","naqut001","vottj001","","7/L7D","T",1,0,1,2,0,"F"
0,0,3,2,"BBBCCB","","","","W","T",0,1,0,0,0,"F"
0,0,1,2,"T1B1C1FS","nimmb001","","","K","T",1,0,1,0,0,"F"
0,1,1,0,"1BX","nimmb001","","","9/F9D","T",1,0,1,0,0,"F"
0,2,1,0,"1B1X","nimmb001","","","43/G34D","T",1,0,1,0,0,"F"
1,0,0,0,"X","","","","9/F89","T",1,0,0,0,0,"F"
1,1,0,0,"X","","","","4/P4","T",1,0,0,0,0,"F"
1,2,3,2,"BBCFB*B","","","","W","T",0,1,0,0,0,"F"
1,2,0,0,"X","indij001","","","8/F8D","T",1,0,1,0,0,"F"
0,0,2,2,"BSBSX","","","","S7/L7","T",0,1,0,0,0,"F"
0,0,1,1,"1B1CX","davij006","","","HR/F9D.1-H","T",0,4,4,0,0,"F"
0,0,1,1,"BFX","","","","D8/L89D","T",0,2,0,0,0,"F"
0,0,1,1,"CBX","","nidot001","","7/F7LD","T",1,0,0,2,0,"F"
0,1,0,0,"X","","nidot001","","S5/BG1S.2-3","T",0,1,0,3,0,"F"
0,1,0,0,"X","eickj001","","nidot001","53/G25-.1-2","T",1,0,2,0,3,"F"
0,2,1,2,"BFFX","","eickj001","nidot001","S9/F34D.3-H;2-3","T",0,1,0,3,4,"F"
0,2,1,1,"CB1X","alonp001","","eickj001","9/F9D","T",1,0,1,0,3,"F"
1,0,2,1,"FBBX","","","","63/G6+","T",1,0,0,0,0,"F"
1,1,2,2,"CFBBFX","","","","3/L3","T",1,0,0,0,0,"F"
1,2,1,1,"FBX","","","","S7/L7+","T",0,1,0,0,0,"F"
1,2,3,0,".BB1BX","naqut001","","","3/P3F/FL","T",1,0,1,0,0,"F"
0,0,1,1,".BSX","","","","HR/F89XD","T",0,4,0,0,0,"F"
0,0,2,2,"SBSFBS","","","","K","T",1,0,0,0,0,"F"
0,1,3,2,"BCCBFBFFC","","","","K","T",1,0,0,0,0,"F"
0,2,0,2,"TFX","","","","7/F78","T",1,0,0,0,0,"F"
1,0,1,2,"CCBFFFC","","","","K","T",1,0,0,0,0,"F"
1,1,1,2,"BCFFFX","","","","S8/G6M","T",0,1,0,0,0,"F"
1,1,2,2,"B1OBCC","farmk001","","","K","T",1,0,1,0,0,"F"
1,2,3,0,"1BBB*B","farmk001","","","W.1-2","T",0,1,2,0,0,"F"
1,2,1,0,"*BX","indij001","farmk001","","5/P5SF/FL","T",1,0,1,2,0,"F"
0,0,3,2,"BCBBFB","","","","W","T",0,1,0,0,0,"F"
0,0,1,2,".FCFFBS","guill001","","","K","T",1,0,1,0,0,"F"
0,1,0,2,".CFFS","guill001","","","K","T",1,0,1,0,0,"F"
0,2,0,0,"B","guill001","","","WP.1-2","F",0,0,2,0,0,"F"
0,2,1,2,"B.SCT","","guill001","","K","T",1,0,0,2,0,"F"
1,0,0,2,".CCX","","","","31/G3D","T",1,0,0,0,0,"F"
1,1,1,0,"BX","","","","D8/F78XD+","T",0,2,0,0,0,"F"
1,1,0,2,"CFX","","vottj001","","43/G4D.2-3","T",1,0,0,3,0,"F"
1,2,0,0,"X","","","vottj001","8/F8D","T",1,0,0,0,3,"F"
0,0,1,2,".FSBFS","","","","K","T",1,0,0,0,0,"F"
0,1,1,2,"CCBS","","","","K","T",1,0,0,0,0,"F"
0,2,0,2,"CSX","","","","13/G15","T",1,0,0,0,0,"F"
1,0,0,0,"X","","","","31/G34","T",1,0,0,0,0,"F"
1,1,3,1,"BBBCX","","","","S9/L9","T",0,1,0,0,0,"F"
1,1,2,2,".TB*BSX","farmk001","","","56(1)/FO/G6.B-1","T",1,1,0,0,0,"F"
1,2,3,1,"..BBBCB","barnt001","","","W.1-2","T",0,1,2,0,0,"F"
1,2,0,1,"FX","indij001","barnt001","","D9/L9L.2-H;1-3","T",0,2,3,4,0,"F"
1,2,3,2,"BCBCBFX","","winkj002","indij001","53/G56","T",1,0,0,2,3,"F"
0,0,3,2,"..BCBFBFX","","","","S7/L78","T",0,1,0,0,0,"F"
0,0,0,1,".CX","confm001","","","HR/F7D.1-H","T",0,4,4,0,0,"F"
0,0,0,1,"LX","","","","S7/G6","T",0,1,0,0,0,"F"
0,0,0,1,"FX","guill001","","","7/F7LS","T",1,0,1,0,0,"F"
0,1,2,2,"1BF*BTT","guill001","","","K","T",1,0,1,0,0,"F"
0,2,0,2,".CFX","guill001","","","64(1)/FO/G6+.B-1","T",1,1,0,0,0,"F"
1,0,3,2,".BBBCFS","","","","K","T",1,0,0,0,0,"F"
1,1,0,1,"FX","","","","S8/G6","T",0,1,0,0,0,"F"
1,1,1,2,"CC*BS","naqut001","","","K","T",1,0,1,0,0,"F"
1,2,0,2,"CCC","naqut001","","","K","T",1,0,1,0,0,"F"
0,0,3,2,"CBBCBX","","","","53/G6","T",1,0,0,0,0,"F"
0,1,1,1,"BSX","","","","4/L34D+","T",1,0,0,0,0,"F"
0,2,0,0,".X","","","","8/F8D","T",1,0,0,0,0,"F"
1,0,3,0,"..BBBB","","","","W","T",0,1,0,0,0,"F"
1,0,0,2,".*SSS","aquia001","","","K","T",1,0,1,0,0,"F"
1,1,0,1,"CX","aquia001","","","13/G1-.1-2","T",1,0,2,0,0,"F"
1,2,1,1,"BFX","","aquia001","","D8/L78+.2-H","T",0,2,0,4,0,"F"
1,2,0,0,".B","","winkj002","","WP.2-3","F",0,0,0,3,0,"F"
1,2,3,2,".B.SBSBT","","","winkj002","K","T",1,0,0,0,3,"F"
0,0,0,0,"....X","","pillk001","","3/G3.2-3","T",1,0,0,3,0,"F"
0,1,2,1,"F*BBX","","","pillk001","S8/G4M.3-H(UR)","T",0,1,0,0,5,"F"
0,1,2,2,"FCFFBBX","mccaj001","","","8/F78D","T",1,0,1,0,0,"F"
0,2,1,2,"CFBX","mccaj001","","","3/P34S","T",1,0,1,0,0,"F"
1,0,3,0,"..BBBX","","freem002","","S7/L7+.2-3","T",0,1,0,3,0,"F"
1,0,1,2,"CFBFFFX","vottj001","","freem002","S7/L7.3-H(UR);1-2","T",0,1,2,0,5,"F"
1,0,3,1,"BBBCX","naqut001","vottj001","","54(1)3/GDP/G5+.2-3","T",2,0,0,3,0,"F"
1,2,0,2,"CFX","","","vottj001","53/G56","T",1,0,0,0,3,"F"
0,0,1,1,".BCX","","peraj003","","S9/L9.2-3","T",0,1,0,3,0,"F"
0,0,1,2,"SBFF*S","nimmb001","","peraj003","K","T",1,0,1,0,3,"F"
0,1,1,1,"CBX","nimmb001","","peraj003","S9/L89.3-H(UR);1-3","T",0,1,3,0,5,"F"
0,1,0,1,"M>B","mcnej002","","nimmb001","SB2","F",0,0,2,0,3,"F"
0,1,1,2,"M>B.FX","","mcnej002","nimmb001","FC/G5.3XH(52);2-3;B-1","T",1,1,0,3,0,"F"
0,2,1,0,"...*BX","banda001","","mcnej002","HR/F7D.3-H;1-H","T",0,4,4,0,4,"F"
0,2,1,0,"BX","","","","HR/F8XD","T",0,4,0,0,0,"F"
0,2,2,0,"BBX","","","","63/G6D","T",1,0,0,0,0,"F"
1,0,2,2,".F*BBFFX","","suare001","","53/G56","T",1,0,0,2,0,"F"
1,1,0,0,"X","","suare001","","S6/G6.2-3","T",0,1,0,3,0,"F"
1,1,1,2,"CFBX","barnt001","","suare001","S9/G4.3-H(UR);1-2","T",0,1,2,0,5,"F"
1,1,1,0,".*BX","indij001","barnt001","","9/F9D.2-3","T",1,0,1,3,0,"F"
1,2,1,0,"B>C","indij001","","barnt001","DI","F",0,0,1,0,3,"F"
1,2,3,2,"B>C.BBCS","indij001","","barnt001","K","T",1,0,1,0,3,"F"
0,0,3,2,"CSBBBC","","","","K","T",1,0,0,0,0,"T"
0,1,0,1,"CX","","","","HR/F78XD","T",0,4,0,0,0,"F"
0,1,1,2,"FFBS","","","","K","T",1,0,0,0,0,"F"
0,2,2,2,"BSBSFX","","","","4/L4D-","T",1,0,0,0,0,"F"
1,0,1,0,"BX","","","","HR/F8XD","T",0,4,0,0,0,"F"
1,0,0,1,"CX","","","","13/G3S","T",1,0,0,0,0,"F"
1,1,3,2,"BBFSBB","","","","W","T",0,1,0,0,0,"F"
1,1,1,2,"SBSX","vottj001","","","S9/G34.1-2","T",0,1,2,0,0,"F"
1,1,0,2,"SFS","aquia001","vottj001","","K","T",1,0,1,2,0,"F"
1,2,1,2,"C*BFX","aquia001","vottj001","","64(1)/FO/G6D.B-1","T",1,1,0,2,0,"F"
0,0,1,2,"BCFX","","","","63/G6+","T",1,0,0,0,0,"F"
0,1,2,2,"BFFBS","","","","K","T",1,0,0,0,0,"F"
0,2,2,1,"BCBX","","","","S8/G6","T",0,1,0,0,0,"F"
0,2,2,0,"1BBX","pillk001","","","D9/L9D.1-3","T",0,2,3,0,0,"F"
0,2,0,0,"X","","villj001","pillk001","43/G4MD","T",1,0,0,2,3,"F"
1,0,1,2,".FBCX","","","","3/G3","T",1,0,0,0,0,"F"
1,1,2,2,"BSFFBX","","","","8/F8D","T",1,0,0,0,0,"F"
1,2,1,2,"CBSC","","","","K","T",1,0,0,0,0,"F"
0,0,1,0,"BX","","","","5/P56","T",1,0,0,0,0,"F"
0,1,0,2,"CCX","","","","S4/L34D-","T",0,1,0,0,0,"F"
0,1,2,0,"BBX","alonp001","","","7/F7D","T",1,0,1,0,0,"F"
0,2,0,2,"1FTFS","alonp001","","","K","T",1,0,1,0,0,"F"
1,0,2,2,".CBBCFFC","","","","K","T",1,0,0,0,0,"F"
1,1,2,2,"SBCBFC","","","","K","T",1,0,0,0,0,"F"
1,2,2,2,"CFFBBX","","","","HR/F89XD","T",0,4,0,0,0,"F"
1,2,0,0,"X","","","","HR/L78XD","T",0,4,0,0,0,"F"
1,2,2,2,"CSBBS","","","","K","T",1,0,0,0,0,"F"
0,0,1,1,"SBX","","","","S8/L8D","T",0,1,0,0,0,"F"
0,0,1,0,"BX","mccaj001","","","9/F89XD+","T",1,0,1,0,0,"F"
0,1,3,2,"BBFFBX","mccaj001","","","S8/G6M.1-2","T",0,1,2,0,0,"F"
0,1,1,2,"FBTS","pillk001","mccaj001","","K","T",1,0,1,2,0,"F"
0,2,0,2,"CSS","pillk001","mccaj001","","K","T",1,0,1,2,0,"F"
1,0,0,0,"X","","","","S9/L9S","T",0,1,0,0,0,"F"
1,0,0,0,"X","suare001","","","7/F78","T",1,0,1,0,0,"F"
1,1,1,2,"CBSFFS","suare001","","","K","T",1,0,1,0,0,"F"
1,2,0,0,"X","suare001","","","3/G3S","T",1,0,1,0,0,"F"
0,0,1,2,"CBCFC","","","","K","T",1,0,0,0,0,"F"
0,1,1,0,"BX","","","","63/G6M","T",1,0,0,0,0,"F"
0,2,0,0,"X","","","","S4/G4","T",0,1,0,0,0,"F"
0,2,0,2,"1CFX","mcnej002","","","3/P3F/FL","T",1,0,1,0,0,"F"
1,0,1,1,".BCX","","","","63/G56","T",1,0,0,0,0,"F"
1,1,2,1,"BBCX","","","","S7/L7","T",0,1,0,0,0,"F"
1,1,1,2,"B1CCX","winkj002","","","3/G34.1-2","T",1,0,2,0,0,"F"
1,2,0,2,"CCFS","","winkj002","","K","T",1,0,0,2,0,"F"
0,0,0,0,"X","","","","8/F8XD","T",1,0,0,0,0,"F"
0,1,2,2,"CBFBX","","","","7/L7D+","T",1,0,0,0,0,"F"
0,2,0,1,"CX","","","","7/L78+","T",1,0,0,0,0,"F"
1,0,1,2,"..CSBX","","","","7/F78","T",1,0,0,0,0,"F"
1,1,0,2,"CFS","","","","K","T",1,0,0,0,0,"F"
1,2,2,2,"BCFBX","","","","S9/L9LD","T",0,1,0,0,0,"F"
1,2,1,1,"C*BX","barnt001","","","D7/G6+.1-3","T",0,2,3,0,0,"F"
1,2,0,2,"S*SFT","","farmk001","barnt001","K","T",1,0,0,2,3,"F"
0,0,3,2,"FBBFBB","","","","W","T",0,1,0,0,0,"F"
0,0,3,2,"CBBF*BFB","villj001","","","W.1-2","T",0,1,2,0,0,"F"
0,0,3,2,"BFCBBFC","smitd008","villj001","","K","T",1,0,1,2,0,"F"
0,1,3,1,".22FBBBX","smitd008","villj001","","1E3/G1S.2-H(NR)(UR);1-2;B-1","T",0,1,2,5,0,"F"
0,1,0,0,"X","alonp001","smitd008","","16(1)3/GDP/G1","T",2,0,0,2,0,"F"
1,0,3,2,"BBCSBB","","","","W","T",0,1,0,0,0,"F"
1,0,3,2,"BBFCB>X","indij001","","","43/G4.1-2","T",1,0,2,0,0,"F"
1,1,1,2,".CCFBX","","indij001","","S8/L8+.2-3","T",0,1,0,3,0,"F"
1,1,3,0,"BBBB","vottj001","","indij001","W.1-2","T",0,1,2,0,3,"F"
1,1,0,0,".X","aquia001","vottj001","indij001","9/SF/DP/L9LD.3-H;2-3;1X2(94)","T",2,0,0,3,4,"F"
0,0,1,2,"..SBFC","","","","K","T",1,0,0,0,0,"F"
0,1,2,2,"CBSBX","","","","S9/G34+","T",0,1,0,0,0,"F"
0,1,3,2,"*BCCBBS","mccaj001","","","K","T",1,0,1,0,0,"F"
0,2,1,2,".CFBX","mccaj001","","","D7/L7LD.1-H","T",0,2,4,0,0,"F"
0,2,3,2,"CFBBBFX","","guill001","","3/G3","T",1,0,0,2,0,"F"
1,0,1,0,"..BX","","","","D8/F8D+.BX3(85)","T",1,0,0,0,0,"F"
1,1,3,1,"BBBCB","","","","W","T",0,1,0,0,0,"F"
1,1,0,1,"FX","barnt001","","","64(1)/FO/G56.B-1","T",1,1,0,0,0,"F"
1,2,1,1,"1FBX","farmk001","","","5/P5F/FL","T",1,0,1,0,0,"F"
0,0,3,0,".BBBB","","","","W","T",0,1,0,0,0,"F"
0,0,1,2,"BCCS","smitd008","","","K","T",1,0,1,0,0,"F"
0,1,1,2,"CBCFS","smitd008","","","K","T",1,0,1,0,0,"F"
0,2,0,2,"SFFX","smitd008","","","5/P5F/FL","T",1,0,1,0,0,"F"
0,0,3,1,"BBCBB","","","","W","T",0,1,0,0,0,"T"
0,0,3,2,"BCBBT>X","nimmb001","","","8/F8XD","T",1,0,1,0,0,"F"
0,1,1,1,"BSX","nimmb001","","","3/P3F/FL","T",1,0,1,0,0,"F"
0,2,0,1,"CX","nimmb001","","","7/F7S","T",1,0,1,0,0,"F"
1,0,0,0,"H","","","","HP","T",0,1,0,0,0,"F"
1,0,2,1,"BSBX","indij001","","","16(1)3/GDP/G13","T",2,0,0,0,0,"F"
1,2,3,2,"FCBBBX","","","","3/P3SF/FL","T",1,0,0,0,0,"F"
0,0,0,1,"CX","","","","63/G4","T",1,0,0,0,0,"F"
0,1,0,2,"CSX","","","","HR/F9D","T",0,4,0,0,0,"F"
0,1,0,0,"X","","","","7/F78","T",1,0,0,0,0,"F"
0,2,1,2,"CFBX","","","","S8/G4M","T",0,1,0,0,0,"F"
0,2,3,2,"CCBBB>X","guill001","","","9/F9S","T",1,0,1,0,0,"F"
1,0,1,2,"CCFBS","","","","K","T",1,0,0,0,0,"F"
1,1,0,1,"FX","","","","31/G34","T",1,0,0,0,0,"F"
1,2,2,2,"BTBFFC","","","","K","T",1,0,0,0,0,"F"
0,0,3,2,"BBCFFBX","","","","S7/G56+","T",0,1,0,0,0,"F"
0,0,2,1,"B1BFX","nimmb001","","","S9/G34.1-2","T",0,1,2,0,0,"F"
0,0,2,0,"*BBX","mcnej002","nimmb001","","S7/L7D+.2-3;1-2","T",0,1,2,3,0,"F"
0,0,0,0,"X","alonp001","mcnej002","nimmb001","HR/F7D.3-H;2-H;1-H","T",0,4,4,4,4,"F"
0,0,0,0,"X","","","","2/P25F/FL","T",1,0,0,0,0,"F"
0,1,3,0,"BBBB","","","","W","T",0,1,0,0,0,"F"
0,1,3,1,"B1BFBX","villj001","","","E1/G1S.1-2;B-1","T",0,1,2,0,0,"F"
0,1,2,1,"BFBX","nidot001","villj001","","3/L3","T",1,0,1,2,0,"F"
0,2,1,2,"FFBX","nidot001","villj001","","2/P1S","T",1,0,1,2,0,"F"
1,0,1,1,"CBX","","","","S7/L7D+","T",0,1,0,0,0,"F"
1,0,1,1,"FBX","aquia001","","","5/L5","T",1,0,1,0,0,"F"
1,1,1,0,"BX","aquia001","","","26(1)/FO/BG1S.B-1","T",1,1,0,0,0,"F"
1,2,3,2,"CF*BBB>X","hoffj003","","","1/P1S","T",1,0,1,0,0,"F"
0,0,1,1,"BFX","","","","8/L8D","T",1,0,0,0,0,"F"
0,1,3,1,"CBBBB","","","","W","T",0,1,0,0,0,"F"
0,1,2,2,"B*BSSX","mcnej002","","","6/P56","T",1,0,1,0,0,"F"
0,2,1,0,"*BX","mcnej002","","","S7/G56.1-2","T",0,1,2,0,0,"F"
0,2,1,0,"BX","smitd008","mcnej002","","43/G4D+","T",1,0,1,2,0,"F"
1,0,0,1,"FX","","","","43/G34D","T",1,0,0,0,0,"F"
1,1,3,2,"FBBCBX","","","","63/G6M-","T",1,0,0,0,0,"F"
1,2,0,2,"CFX","","","","43/G34D","T",1,0,0,0,0,"F"
0,0,1,2,".CBFS","","","","K","T",1,0,0,0,0,"F"
0,1,0,1,"FX","","","","D8/L89XD","T",0,2,0,0,0,"F"
0,1,2,2,"FBFBX","","nidot001","","HR/F89XD.2-H","T",0,4,0,4,0,"F"
0,1,1,2,"CBCC","","","","K","T",1,0,0,0,0,"F"
0,2,0,1,"CH","","","","HP","T",0,1,0,0,0,"F"
0,2,1,1,"FBX","nimmb001","","","43/G4","T",1,0,1,0,0,"F"
1,0,1,2,"CFBX","","","","7/L7D","T",1,0,0,0,0,"F"
1,1,0,2,"CSS","","","","K","T",1,0,0,0,0,"F"
1,2,0,2,"CSS","","","","K","T",1,0,0,0,0,"F"
0,0,3,2,".FBBFFBB","","","","W","T",0,1,0,0,0,"F"
0,0,2,2,"BFCFFFF*BFX","alonp001","","","8/F8XD","T",1,0,1,0,0,"F"
0,1,2,1,"*BFBX","alonp001","","","9/L9D+","T",1,0,1,0,0,"F"
0,2,0,2,"FSS","alonp001","","","K","T",1,0,1,0,0,"F"
1,0,1,2,"CTBX","","","","63/G6","T",1,0,0,0,0,"F"
1,1,0,0,".X","","","","7/L7D+","T",1,0,0,0,0,"F"
1,2,2,2,"BBCSS","","","","K","T",1,0,0,0,0,"F"
0,0,1,0,".BX","","","","6/L6","T",1,0,0,0,0,"F"
0,1,2,2,"CBBCX","","","","43/G4","T",1,0,0,0,0,"F"
0,2,3,2,"BCCBBB","","","","W","T",0,1,0,0,0,"F"
0,2,1,2,"CFBX","strom001","","","5/P5DF/FL","T",1,0,1,0,0,"F"
1,0,2,1,"FBBX","","","","13/G1","T",1,0,0,0,0,"F"
1,1,0,0,"X","","","","9/F9LD","T",1,0,0,0,0,"F"
1,2,3,1,"FBBB*B","","","","W","T",0,1,0,0,0,"F"
1,2,0,1,"FX","vottj001","","","6(1)/FO/G6M.B-1","T",1,1,0,0,0,"F"
0,0,3,2,"CFBFFFBBX","","","","63/G6","T",1,0,0,0,0,"F"
0,1,1,1,"..CBX","","","","53/G5+","T",1,0,0,0,0,"F"
0,2,3,0,"BBBB","","","","W","T",0,1,0,0,0,"F"
0,2,0,0,"X","smitd008","","","13/G1","T",1,0,1,0,0,"F"
1,0,1,2,"...CFBC","","","","K","T",1,0,0,0,0,"F"
1,1,1,2,"SCBS","","","","K","T",1,0,0,0,0,"F"
1,2,0,0,"X","","","","8/L8","T",1,0,0,0,0,"F"
0,0,0,1,"CX","","","","43/G4","T",1,0,0,0,0,"F"
0,1,2,2,"BSSBC","","","","K","T",1,0,0,0,0,"F"
0,2,1,1,"CBX","","","","63/G6M","T",1,0,0,0,0,"F"
1,0,0,2,".SFC","","","","K","T",1,0,0,0,0,"F"
1,1,2,2,"BCFFFBS","","","","K","T",1,0,0,0,0,"F"
1,2,3,2,"BBBCSFFC","","","","K","T",1,0,0,0,0,"F"
0,0,1,2,"BSCS","","","","K","T",1,0,0,0,0,"T"
0,1,3,1,"BBBCX","","","","HR/F7D","T",0,4,0,0,0,"F"
0,1,1,1,"CBX","","","","S7/G56","T",0,1,0,0,0,"F"
0,1,2,1,"CBBX","arenn001","","","13/G23-.1-2","T",1,0,2,0,0,"F"
0,2,0,2,"CFS","","arenn001","","K","T",1,0,0,2,0,"F"
1,0,3,2,"BBBCCX","","","","S7/G56","T",0,1,0,0,0,"F"
1,0,2,2,"SBFBS","indij001","","","K","T",1,0,1,0,0,"F"
1,1,0,1,"F1X","indij001","","","S9/L89S.1-3(E9)","T",0,1,3,0,0,"F"
1,1,2,2,"CBS*BX","stept001","","indij001","D9/G3.3-H;1-H","T",0,2,4,0,4,"F"
1,1,2,2,"BFSBS","","vottj001","","K","T",1,0,0,2,0,"F"
1,2,2,2,"CBS*BS","","vottj001","","K","T",1,0,0,2,0,"F"
0,0,1,0,"BX","","","","HR/F7D","T",0,4,0,0,0,"F"
0,0,2,2,"CBFBFX","","","","63/G6","T",1,0,0,0,0,"F"
0,1,1,2,"BSSFX","","","","S9/G3","T",0,1,0,0,0,"F"
0,1,0,0,"X","kniza001","","","34/SH/BG2.1-2","T",1,0,2,0,0,"F"
0,2,3,2,"CBCFB*BS","","kniza001","","K","T",1,0,0,2,0,"F"
1,0,3,2,"FBFFBBFFX","","","","63/G6","T",1,0,0,0,0,"F"
1,1,0,1,"CX","","","","S8/G6M","T",0,1,0,0,0,"F"
1,1,1,1,"CBX","farmk001","","","24/SH/BG2.1-2","T",1,0,2,0,0,"F"
1,2,1,2,"C*BSS","","farmk001","","K","T",1,0,0,2,0,"F"
0,0,2,1,"CBBX","","","","S9/L9S","T",0,1,0,0,0,"F"
0,0,0,0,"X","goldp001","","","64(1)3/GDP/G56","T",2,0,0,0,0,"F"
0,2,0,0,"X","","","","4/L6MD","T",1,0,0,0,0,"F"
1,0,0,1,"CX","","","","53/G6S","T",1,0,0,0,0,"F"
1,1,0,1,"CX","","","","63/G6","T",1,0,0,0,0,"F"
1,2,0,0,"X","","","","S9/L9D+","T",0,1,0,0,0,"F"
1,2,3,1,"BBFBB","vottj001","","","W.1-2","T",0,1,2,0,0,"F"
1,2,1,2,"CSBC","suare001","vottj001","","K","T",1,0,1,2,0,"F"
0,0,3,2,"BBSFBX","","","","4/P34D","T",1,0,0,0,0,"F"
0,1,3,1,"BBBFB","","","","W","T",0,1,0,0,0,"F"
0,1,1,2,"1FF1BX","badeh001","","","4(1)/FO/G4.B-1","T",1,1,0,0,0,"F"
0,2,2,1,"CBBX","edmat001","","","8/F8","T",1,0,1,0,0,"F"
1,0,0,0,"X","","","","7/L7D+","T",1,0,0,0,0,"F"
1,1,2,2,"CFBBX","","","","HR/L7D","T",0,4,0,0,0,"F"
1,1,0,0,"X","","","","63/G6M","T",1,0,0,0,0,"F"
1,2,3,2,"BCBCBX","","","","S7/L7D","T",0,1,0,0,0,"F"
1,2,1,0,"BX","indij001","","","D9/L9LD+.1-3","T",0,2,3,0,0,"F"
1,2,3,2,"*BCBFBFX","","winkj002","indij001","8/F89D","T",1,0,0,2,3,"F"
0,0,1,1,".BCX","","","","4/P6MD","T",1,0,0,0,0,"F"
0,1,3,0,"BBBB","","","","W","T",0,1,0,0,0,"F"
0,1,3,2,"CBBBCB","carld002","","","W.1-2","T",0,1,2,0,0,"F"
0,1,3,2,"FBBBSB","goldp001","carld002","","W.2-3;1-2","T",0,1,2,3,0,"F"
0,1,3,2,"S*BFB*BS","arenn001","goldp001","carld002","K","T",1,0,1,2,3,"F"
0,2,2,2,"SF*BBS","arenn001","goldp001","carld002","K","T",1,0,1,2,3,"F"
1,0,2,2,".CBCBS","","","","K","T",1,0,0,0,0,"F"
1,1,2,1,"BBSX","","","","9/F9L","T",1,0,0,0,0,"F"
1,2,1,2,"BCFX","","","","S9/G4","T",0,1,0,0,0,"F"
1,2,1,0,"BX","aquia001","","","S8/G4M+.1-3","T",0,1,3,0,0,"F"
1,2,0,0,"..X","naqut001","","aquia001","FC/G56-.3XH(525);1-2;B-1","T",1,1,2,0,0,"F"
0,0,2,1,".BFBX","","","","D7/G5","T",0,2,0,0,0,"F"
0,0,1,0,"BX","","badeh001","","S7/L78.2-3","T",0,1,0,3,0,"F"
0,0,1,0,"B>B","edmat001","","badeh001","SB2","F",0,0,2,0,3,"F"
0,0,3,1,"B>B.F*BX","","edmat001","badeh001","DGR/F89XD.3-H;2-H","T",0,2,0,4,4,"F"
0,0,2,2,"SL*B*BX","","kniza001","","S8/L78.2-3","T",0,1,0,3,0,"F"
0,0,1,0,".BX","sosae001","","kniza001","9/SF/F9LD.3-H","T",1,0,1,0,4,"F"
0,1,3,2,"1CS*BBBS","sosae001","","","K","T",1,0,1,0,0,"F"
0,2,2,2,"CBFBX","sosae001","","","54(1)/FO/G56.B-1","T",1,1,0,0,0,"F"
1,0,1,0,"..BX","","","","9/F9S","T",1,0,0,0,0,"F"
1,1,1,0,"BX","","","","63/G6","T",1,0,0,0,0,"F"
1,2,0,0,"X","","","","43/G4D+","T",1,0,0,0,0,"F"
0,0,1,1,".CBH","","","","HP","T",0,1,0,0,0,"F"
0,0,3,2,".BB1CBCFB","oneit001","","","W.1-2","T",0,1,2,0,0,"F"
0,0,2,2,"BB.CCS","carpm002","oneit001","","K","T",1,0,1,2,0,"F"
0,1,3,2,"FBBBFC","carpm002","oneit001","","K","T",1,0,1,2,0,"F"
0,2,0,0,"X","carpm002","oneit001","","9/L89+","T",1,0,1,2,0,"F"
1,0,0,1,".CX","","","","S9/L9","T",0,1,0,0,0,"F"
1,0,1,1,"BSX","stept001","","","S9/L9D+.1-3","T",0,1,3,0,0,"F"
1,0,1,1,"SBX","vottj001","","stept001","D7/G5.3-H;1-3","T",0,2,3,0,4,"F"
1,0,0,0,"B","","suare001","vottj001","WP.3-H(NR);2-3","F",0,0,0,3,4,"F"
1,0,1,0,"B.X","","","suare001","9/F9/DP.3XH(92)","T",2,0,0,0,0,"F"
1,2,0,1,"FX","","","","43/G4","T",1,0,0,0,0,"F"
0,0,0,2,".CCS","","","","K","T",1,0,0,0,0,"F"
0,1,0,0,"X","","","","7/F78","T",1,0,0,0,0,"F"
0,2,1,2,"BCCS","","","","K","T",1,0,0,0,0,"F"
1,0,1,2,".CSBFX","","","","S7/L7LS","T",0,1,0,0,0,"F"
1,0,1,1,".BSX","farmk001","","","FC1/G4MS.1-2(E1/TH);B-1","T",0,1,2,0,0,"F"
1,0,2,0,"BBX","barnt001","farmk001","","9/F9S","T",1,0,1,2,0,"F"
1,1,3,0,"BB*BB","barnt001","farmk001","","W.2-3;1-2","T",0,1,2,3,0,"F"
1,1,1,2,"BFFFX","winkj002","barnt001","farmk001","8/SF/L8D.3-H(UR)","T",1,0,1,2,5,"F"
1,2,1,2,".FBFX","winkj002","freem002","","9/F89","T",1,0,1,2,0,"F"
0,0,2,2,"..CBFBFS","","","","K","T",1,0,0,0,0,"F"
0,1,1,2,"CFFFBS","","","","K","T",1,0,0,0,0,"F"
0,2,3,2,".CBFFBBS","","","","K","T",1,0,0,0,0,"F"
0,0,1,2,"FBSC","","","","K","T",1,0,0,0,0,"T"
0,1,1,0,"BX","","","","S8/L89D+","T",0,1,0,0,0,"F"
0,1,2,2,"CBBSX","goldp001","","","64(1)3/GDP/G6","T",2,0,0,0,0,"F"
1,0,3,1,"CBBBB","","","","W","T",0,1,0,0,0,"F"
1,0,0,1,"CX","indij001","","","S9/L9+.1-2","T",0,1,2,0,0,"F"
1,0,2,2,"BSSBC","winkj002","indij001","","K","T",1,0,1,2,0,"F"
1,1,0,1,"FX","winkj002","indij001","","S9/G34.2-3;1-2","T",0,1,2,3,0,"F"
1,1,2,0,"BBX","naqut001","winkj002","indij001","8/F78S","T",1,0,1,2,3,"F"
1,2,0,1,"CX","naqut001","winkj002","indij001","4/P34","T",1,0,1,2,3,"F"
0,0,3,2,"BBTSBX","","","","S5/G5","T",0,1,0,0,0,"F"
0,0,1,1,"BFX","oneit001","","","54(1)/FO/G5.B-2(E4/TH)","T",1,2,0,0,0,"F"
0,1,3,1,"BFBBB","","dejop001","","W","T",0,1,0,2,0,"F"
0,1,0,1,"CX","edmat001","dejop001","","S7/G56.2-H;1-2","T",0,1,2,4,0,"F"
0,1,2,0,"B2BX","badeh001","edmat001","","13/G1S.2-3;1-2","T",1,0,2,3,0,"F"
0,2,1,2,"BSST","","badeh001","edmat001","K","T",1,0,0,2,3,"F"
1,0,1,2,"SCBX","","","","63/G4","T",1,0,0,0,0,"F"
1,1,2,1,"BBCX","","","","S6/G6+","T",0,1,0,0,0,"F"
1,1,0,2,"CO1L","akiys001","","","K","T",1,0,1,0,0,"F"
1,2,3,2,"CB1BC1B>X","akiys001","","","S7/L7S.1-2","T",0,1,2,0,0,"F"
1,2,0,1,"CX","indij001","akiys001","","D8/L78XD+.2-H;1-H","T",0,2,4,4,0,"F"
1,2,0,0,"X","","winkj002","","3/G3+","T",1,0,0,2,0,"F"
0,0,2,2,"BBSFX","","","","2/P2F/FL","T",1,0,0,0,0,"F"
0,1,1,2,"SBFX","","","","E1/G3S-.B-1","T",0,1,0,0,0,"F"
0,1,2,2,"BBFCFX","goldp001","","","64(1)3/GDP/G6+","T",2,0,0,0,0,"F"
1,0,2,2,"CBFFFBX","","","","3/G3","T",1,0,0,0,0,"F"
1,1,3,2,"BBBCSB","","","","W","T",0,1,0,0,0,"F"
1,1,2,1,"BFBX","suare001","","","S8/L8+.1-2","T",0,1,2,0,0,"F"
1,1,0,0,"X","farmk001","suare001","","8/F8D","T",1,0,1,2,0,"F"
1,2,2,2,"FBBFFFX","farmk001","suare001","","43/G4MD+","T",1,0,1,2,0,"F"
0,0,1,2,"BCTT","","","","K","T",1,0,0,0,0,"F"
0,1,1,0,"BX","","","","S7/L7D","T",0,1,0,0,0,"F"
0,1,0,2,"C1FX","dejop001","","","D7/F78XD.1-3","T",0,2,3,0,0,"F"
0,1,3,2,"BCSFBBS","","edmat001","dejop001","K","T",1,0,0,2,3,"F"
0,2,3,0,"VVVV","","edmat001","dejop001","IW","T",0,1,0,2,3,"F"
0,2,1,2,"BFFS","kniza001","edmat001","dejop001","K","T",1,0,1,2,3,"F"
1,0,1,1,"BSX","","","","63/G6","T",1,0,0,0,0,"F"
1,1,1,1,"CBX","","","","7/L7D+","T",1,0,0,0,0,"F"
1,2,0,0,"X","","","","8/L8D","T",1,0,0,0,0,"F"
0,0,1,1,"SBX","","","","8/F8XD","T",1,0,0,0,0,"F"
0,1,2,2,"BSBSS","","","","K","T",1,0,0,0,0,"F"
0,2,0,1,"CX","","","","53/G56+","T",1,0,0,0,0,"F"
1,0,0,0,"X","","","","HR/F7LD","T",0,4,0,0,0,"F"
1,0,3,2,"SFBBBFX","","","","6/P56","T",1,0,0,0,0,"F"
1,1,2,2,"FFBBX","","","","53/G5","T",1,0,0,0,0,"F"
1,2,0,2,"CFFX","","","","9/L89","T",1,0,0,0,0,"F"
0,0,0,1,"SX","","","","8/F8","T",1,0,0,0,0,"F"
0,1,2,2,"BCBFFS","","","","K","T",1,0,0,0,0,"F"
0,2,1,2,"CFBC","","","","K","T",1,0,0,0,0,"F"
1,0,1,2,"..CBFS","","","","K","T",1,0,0,0,0,"F"
1,1,2,2,"BCFBX","","","","5/L56","T",1,0,0,0,0,"F"
1,2,0,2,"FS*S","","","","K","T",1,0,0,0,0,"F"
0,0,1,2,"FTBX","","","","63/G6M","T",1,0,0,0,0,"F"
0,1,3,1,"BBBCB","","","","W","T",0,1,0,0,0,"F"
0,1,1,2,"FSBT","kniza001","","","K","T",1,0,1,0,0,"F"
0,2,1,1,"FBX","kniza001","","","8/F89XD","T",1,0,1,0,0,"F"
1,0,1,1,"CBX","","","","S18/G4M+","T",0,1,0,0,0,"F"
1,0,0,0,"X","indij001","","","HR/F9D.1-H","T",0,4,4,0,0,"F"
1,0,0,0,"X","","","","3/G3","T",1,0,0,0,0,"F"
1,1,0,1,"CX","","","","43/G4D","T",1,0,0,0,0,"F"
1,2,3,0,"BBBX","","","","43/G6M","T",1,0,0,0,0,"F"
0,0,0,2,".CSFX","","","","D8/F9D+","T",0,2,0,0,0,"F"
0,0,2,0,"BBX","","goldp001","","DGR/F9LD.2-H","T",0,2,0,4,0,"F"
0,0,1,0,"*BX","","arenn001","","8/F8XD+.2-3","T",1,0,0,3,0,"F"
0,1,1,1,"BFX","","","arenn001","S8/L78.3-H","T",0,1,0,0,4,"F"
0,1,0,1,".SX","dejop001","","","S7/G56.1-2","T",0,1,2,0,0,"F"
0,1,1,1,"B*SX","sosae001","dejop001","","5/L5","T",1,0,1,2,0,"F"
0,2,3,1,"BFBBB","sosae001","dejop001","","W.2-3;1-2","T",0,1,2,3,0,"F"
0,2,3,2,"..BSFBB>X","kniza001","sosae001","dejop001","6/P6D","T",1,0,1,2,3,"F"
1,0,3,1,"..BBCBB","","","","W","T",0,1,0,0,0,"F"
1,0,1,2,"*BCSC","farmk001","","","K","T",1,0,1,0,0,"F"
1,1,2,0,"B*BX","farmk001","","","6/P6D","T",1,0,1,0,0,"F"
1,2,2,2,".FBBFC","farmk001","","","K","T",1,0,1,0,0,"F"
0,0,0,1,".CX","","","","2/P2F/FL","T",1,0,0,0,0,"F"
0,1,0,2,"CFX","","","","8/F89XD","T",1,0,0,0,0,"F"
0,2,1,1,"CBX","","","","9/F9D","T",1,0,0,0,0,"F"
0,0,1,0,"BX","","","","43/G4D","T",1,0,0,0,0,"T"
0,1,3,2,"CCBBBFX","","","","9/F9L","T",1,0,0,0,0,"F"
0,2,0,1,"SX","","","","S7/L7S","T",0,1,0,0,0,"F"
0,2,1,0,"BX","arenn001","","","HR/F89XD.1-H","T",0,4,4,0,0,"F"
0,2,2,1,"BSBX","","","","9/F89","T",1,0,0,0,0,"F"
1,0,2,2,"CBBFC","","","","K","T",1,0,0,0,0,"F"
1,1,1,1,"CBX","","","","S7/G5+","T",0,1,0,0,0,"F"
1,1,3,2,"CS*BBBB","winkj002","","","W.1-2","T",0,1,2,0,0,"F"
1,1,1,1,"SBX","stept001","winkj002","","HR/F89XD.2-H;1-H","T",0,4,4,4,0,"F"
1,1,1,2,"FSBFS","","","","K","T",1,0,0,0,0,"F"
1,2,2,2,"BFFBC","","","","K","T",1,0,0,0,0,"F"
0,0,0,1,"CX","","","","53/G56","T",1,0,0,0,0,"F"
0,1,3,2,"BCCBBFX","","","","S2/G1S-","T",0,1,0,0,0,"F"
0,1,1,2,"BFCFS","badeh001","","","K","T",1,0,1,0,0,"F"
0,2,0,1,"CX","badeh001","","","63/G6MS","T",1,0,1,0,0,"F"
1,0,1,1,"CBX","","","","S5/G15-","T",0,1,0,0,0,"F"
1,0,0,1,"CX","farmk001","","","43/G4.1-2","T",1,0,2,0,0,"F"
1,1,1,0,"BX","","farmk001","","63/G6.2-3","T",1,0,0,3,0,"F"
1,2,1,2,"BCFX","","","farmk001","53/G5","T",1,0,0,0,3,"F"
0,0,1,0,"BX","","","","53/G2-","T",1,0,0,0,0,"F"
0,1,0,2,"CCFS","","","","K","T",1,0,0,0,0,"F"
0,2,2,1,"BCBX","","","","9/F9LSF/FL","T",1,0,0,0,0,"F"
1,0,1,0,".BX","","","","8/L8","T",1,0,0,0,0,"F"
1,1,2,0,"BBX","","","","S7/L7D","T",0,1,0,0,0,"F"
1,1,3,1,"1BFBBB","stept001","","","W.1-2","T",0,1,2,0,0,"F"
1,1,2,2,"FBFFFFF*BX","vottj001","stept001","","46(1)3/GDP/G4","T",2,0,0,2,0,"F"
0,0,3,2,"BBCCFBB","","","","W","T",0,1,0,0,0,"F"
0,0,0,1,"CX","oneit001","","","S4/G6M.1-2","T",0,1,2,0,0,"F"
0,0,2,0,"BBX","dejop001","oneit001","","D8/F8XD+.2-H;1-3","T",0,2,3,4,0,"F"
0,0,0,0,"X","","edmat001","dejop001","HR/F78XD.3-H;2-H","T",0,4,0,4,4,"F"
0,0,3,2,"CBCFBFBFX","","","","D9/F9D","T",0,2,0,0,0,"F"
0,0,1,2,"BCML","","kniza001","","K","T",1,0,0,2,0,"F"
0,1,1,1,"FBX","","kniza001","","HR/F9D.2-H","T",0,4,0,4,0,"F"
0,1,3,2,".BCBCFBC","","","","K","T",1,0,0,0,0,"F"
0,2,3,2,"CCBBBX","","","","T7/F7LD","T",0,3,0,0,0,"F"
0,2,0,0,"B","","","arenn001","WP.3-H(NR)","F",0,0,0,0,4,"F"
0,2,1,0,"B.X","","","","8/F89XD+","T",1,0,0,0,0,"F"
1,0,3,2,"CBFFBBB","","","","W","T",0,1,0,0,0,"F"
1,0,0,2,"CFC","aquia001","","","K","T",1,0,1,0,0,"F"
1,1,0,0,"X","aquia001","","","8/F78","T",1,0,1,0,0,"F"
1,2,3,2,".BFBF*B>B","aquia001","","","W.1-2","T",0,1,2,0,0,"F"
1,2,1,2,"CSBS","schrm001","aquia001","","K","T",1,0,1,2,0,"F"
0,0,2,2,"..BFSBX","","","","53/G6","T",1,0,0,0,0,"F"
0,1,2,1,"CBBX","","","","31/G34","T",1,0,0,0,0,"F"
0,2,3,2,"CBBSBX","","","","S8/G6M","T",0,1,0,0,0,"F"
0,2,3,2,"BS*BFB>B","badeh001","","","W.1-2","T",0,1,2,0,0,"F"
0,2,2,2,"BBSSS","kniza001","badeh001","","K","T",1,0,1,2,0,"F"
1,0,0,1,"CX","","","","D9/L9LD+","T",0,2,0,0,0,"F"
1,0,3,1,"BBBCB","","winkj002","","W","T",0,1,0,2,0,"F"
1,0,3,2,"BFBBCFS","stept001","winkj002","","K","T",1,0,1,2,0,"F"
1,1,3,2,"FFBB*BB","stept001","winkj002","","W.2-3;1-2","T",0,1,2,3,0,"F"
1,1,1,2,".BSSS","naqut001","stept001","winkj002","K","T",1,0,1,2,3,"F"
1,2,0,1,"FX","naqut001","stept001","winkj002","6/P6D","T",1,0,1,2,3,"F"
0,0,0,2,"FCS","","","","K","T",1,0,0,0,0,"F"
0,1,1,2,"BFFS","","","","K","T",1,0,0,0,0,"F"
0,2,2,0,"BBX","","","","8/F78XD+","T",1,0,0,0,0,"F"
1,0,3,1,".BBFBX","","","","S5/G5-","T",0,1,0,0,0,"F"
1,0,0,2,"FFFFS","freem002","","","K","T",1,0,1,0,0,"F"
1,1,0,0,".X","freem002","","","S7/G56.1-2","T",0,1,2,0,0,"F"
1,1,0,0,"X","lopea005","freem002","","7/F78D","T",1,0,1,2,0,"F"
1,2,2,0,"BBX","lopea005","freem002","","S7/G56.2-H;1-2","T",0,1,2,4,0,"F"
1,2,2,2,"BCSBB","stept001","lopea005","","WP.2-3;1-2","F",0,0,2,3,0,"F"
1,2,3,2,"BCSBB.C","","stept001","lopea005","K","T",1,0,0,2,3,"F"
0,0,3,2,".CBFBBFB","","","","W","T",0,1,0,0,0,"F"
0,0,1,2,"C>FF1BX","oneit001","","","4(1)3/GDP/G4","T",2,0,0,0,0,"F"
0,2,1,2,"CSBX","","","","31/G34","T",1,0,0,0,0,"F"
1,0,2,2,".FBBFF*S","","","","K","T",1,0,0,0,0,"F"
1,1,3,1,"CBBBB","","","","W","T",0,1,0,0,0,"F"
1,1,1,1,"CBH","aquia001","","","HP.1-2","T",0,1,2,0,0,"F"
1,1,0,0,"..B","farmk001","aquia001","","WP.2-3;1-2","F",0,0,2,3,0,"F"
1,1,3,2,"..B.BCFBFS","","farmk001","aquia001","K","T",1,0,0,2,3,"F"
1,2,0,0,"X","","farmk001","aquia001","D9/G3.3-H;2-H","T",0,2,0,4,4,"F"
1,2,2,2,".B*BSSFX","","schrm001","","3/P3DF/FL","T",1,0,0,2,0,"F"
0,0,2,2,".BBCCS","","","","K","T",1,0,0,0,0,"F"
0,1,3,2,"CCBBBB","","","","W","T",0,1,0,0,0,"F"
0,1,0,2,"FCS","kniza001","","","K","T",1,0,1,0,0,"F"
0,2,0,0,"H","kniza001","","","HP.1-2","T",0,1,2,0,0,"F"
0,2,1,2,"FBSFFX","carld002","kniza001","","31/G34","T",1,0,1,2,0,"F"
1,0,3,2,"FBBBCFFB","","","","W","T",0,1,0,0,0,"F"
1,0,0,0,"..X","winkj002","","","S9/G4.1-2","T",0,1,2,0,0,"F"
1,0,3,0,"B*BBB","stept001","winkj002","","W.2-3;1-2","T",0,1,2,3,0,"F"
1,0,1,2,"CFBS","vottj001","stept001","winkj002","K","T",1,0,1,2,3,"F"
1,1,2,2,"CBBCX","vottj001","stept001","winkj002","5/P5SF/FL","T",1,0,1,2,3,"F"
1,2,0,0,"X","vottj001","stept001","winkj002","3/P3DF/FL","T",1,0,1,2,3,"F"
0,0,2,0,"...BBX","","","","HR/L7D","T",0,4,0,0,0,"F"
0,0,1,1,"BSX","","","","S7/L78","T",0,1,0,0,0,"F"
0,0,0,1,".F1X","oneit001","","","7/F78","T",1,0,1,0,0,"F"
0,1,1,1,"CBX","oneit001","","","9/L9D+","T",1,0,1,0,0,"F"
0,2,3,1,"BBC*BB","oneit001","","","W.1-2","T",0,1,2,0,0,"F"
0,2,1,0,"BB","badeh001","oneit001","","WP.2-3;1-2","F",0,0,2,3,0,"F"
0,2,3,1,"BB.BCB","","badeh001","oneit001","W","T",0,1,0,2,3,"F"
0,2,3,2,"CB*BFB>S","kniza001","badeh001","oneit001","K","T",1,0,1,2,3,"F"
1,0,0,1,".CX","","","","8/F8","T",1,0,0,0,0,"F"
1,1,1,1,"CBX","","","","6/P56D","T",1,0,0,0,0,"F"
1,2,0,0,"X","","","","43/G4D+","T",1,0,0,0,0,"F"
0,0,2,2,"SBSFBX","","","","9/L9","T",1,0,0,0,0,"T"
0,1,1,2,"CFBX","","","","8/F78XD","T",1,0,0,0,0,"F"
0,2,2,2,"CCFBFBS","","","","K","T",1,0,0,0,0,"F"
1,0,1,2,"BCSC","","","","K","T",1,0,0,0,0,"F"
1,1,2,2,"BBCFX","","","","S9/L89+","T",0,1,0,0,0,"F"
1,1,2,2,"FB*BFX","winkj002","","","54(1)3/GDP/G56","T",2,0,0,0,0,"F"
0,0,3,2,"BBBCFX","","","","6/P6D","T",1,0,0,0,0,"F"
0,1,0,1,"CX","","","","S7/G6","T",0,1,0,0,0,"F"
0,1,3,2,"*BCBFBB","arral001","","","W.1-2","T",0,1,2,0,0,"F"
0,1,0,1,"CX","sanom001","arral001","","36(1)/FO/G34.2-3;B-1","T",1,1,0,3,0,"F"
0,2,0,0,"X","gordn001","","arral001","4(1)/FO/G4MD+.B-1","T",1,1,0,0,3,"F"
1,0,3,1,"BBBTX","","","","63/G4MS","T",1,0,0,0,0,"F"
1,1,0,0,"X","","","","5/P5F/FL","T",1,0,0,0,0,"F"
1,2,2,2,"BFBFS","","","","K","T",1,0,0,0,0,"F"
0,0,2,2,"CBBFFT","","","","K","T",1,0,0,0,0,"F"
0,1,2,2,"BBCFFX","","","","D7/F7L","T",0,2,0,0,0,"F"
0,1,1,0,"*BX","","keplm001","","D7/L78XD.2-H","T",0,2,0,4,0,"F"
0,1,0,1,"SX","","rookb001","","7/F78S","T",1,0,0,2,0,"F"
0,2,1,2,"CSBS","","rookb001","","K","T",1,0,0,2,0,"F"
1,0,0,0,"X","","","","HR/F9D","T",0,4,0,0,0,"F"
1,0,0,0,"X","","","","HR/F9D","T",0,4,0,0,0,"F"
1,0,2,2,"BFBSC","","","","K","T",1,0,0,0,0,"F"
1,1,0,1,"CX","","","","D7/L7LS","T",0,2,0,0,0,"F"
1,1,1,0,"BX","","indij001","","D7/F7LD.2-H","T",0,2,0,4,0,"F"
1,1,0,0,"X","","winkj002","","8/F78D","T",1,0,0,2,0,"F"
1,2,2,0,"*BBX","","winkj002","","63/G4MD","T",1,0,0,2,0,"F"
0,0,3,2,"BCSFBBX","","","","D8/L89XD+","T",0,2,0,0,0,"F"
0,0,1,1,"FBX","","arral001","","53/G56","T",1,0,0,2,0,"F"
0,1,0,2,"CCS","","arral001","","K","T",1,0,0,2,0,"F"
0,2,1,1,"CBX","","arral001","","43/G4D","T",1,0,0,2,0,"F"
1,0,1,2,"BSF*S","","","","K.BX1(23)","T",1,0,0,0,0,"F"
1,1,2,2,"FBBSF*S","","","","K","T",1,0,0,0,0,"F"
1,2,0,2,"SCFS","","","","K","T",1,0,0,0,0,"F"
0,0,0,0,"X","","","","S7/G56+","T",0,1,0,0,0,"F"
0,0,3,2,"CFBBBS","maedk001","","","K","T",1,0,1,0,0,"F"
0,1,3,2,"CBBBFB","maedk001","","","W.1-2","T",0,1,2,0,0,"F"
0,1,0,2,"CCFX","rookb001","maedk001","","8/F89D","T",1,0,1,2,0,"F"
0,2,0,1,"CX","rookb001","maedk001","","HR/F7D.2-H;1-H","T",0,4,4,4,0,"F"
0,2,2,2,"BCBFFX","","","","43/G4","T",1,0,0,0,0,"F"
1,0,1,2,"CFB*S","","","","K","T",1,0,0,0,0,"F"
1,1,1,2,".BFFFX","","","","S7/L78","T",0,1,0,0,0,"F"
1,1,1,1,"C1*BX","akiys001","","","HR/F7D.1-H","T",0,4,4,0,0,"F"
1,1,3,2,"BBCBCFB","","","","W","T",0,1,0,0,0,"F"
1,1,3,2,"BCSF1BBC","winkj002","","","K","T",1,0,1,0,0,"F"
1,2,1,2,"BFSC","winkj002","","","K","T",1,0,1,0,0,"F"
0,0,1,0,".BX","","","","9/F9D+","T",1,0,0,0,0,"F"
0,1,1,1,"FBX","","","","D4/G34+","T",0,2,0,0,0,"F"
0,1,0,0,"X","","gordn001","","13/G1S-.2-3","T",1,0,0,3,0,"F"
0,2,2,2,".BFS*BT","","","gordn001","K","T",1,0,0,0,3,"F"
1,0,3,2,".BFBBF*B","","","","W","T",0,1,0,0,0,"F"
1,0,2,2,"BF1S1BC","schrm001","","","K","T",1,0,1,0,0,"F"
1,1,1,0,"1*BX","schrm001","","","64(1)3/GDP/G56+","T",2,0,0,0,0,"F"
0,0,2,2,".FBSBX","","","","63/G4","T",1,0,0,0,0,"F"
0,1,3,2,"CBSFBBFX","","","","8/L8","T",1,0,0,0,0,"F"
0,2,1,0,"BX","","","","31/G3","T",1,0,0,0,0,"F"
1,0,0,0,"X","","","","43/G34D","T",1,0,0,0,0,"F"
1,1,2,1,".BSBX","","","","S7/G56+","T",0,1,0,0,0,"F"
1,1,1,2,"*BCFC","aquia001","","","K","T",1,0,1,0,0,"F"
1,2,3,2,".1F*B1BF1*B>X","aquia001","","","4/L34D","T",1,0,1,0,0,"F"
0,0,1,2,"..BCCX","","","","S7/L78","T",0,1,0,0,0,"F"
0,0,1,2,"CBFX","garvm001","","","13/G34S-.1-2","T",1,0,2,0,0,"F"
0,1,3,1,"BBFBB","","garvm001","","W","T",0,1,0,2,0,"F"
0,1,3,2,"BFSBBB","sanom001","garvm001","","W.2-3;1-2","T",0,1,2,3,0,"F"
0,1,2,1,".BBSX","gordn001","sanom001","garvm001","54(1)3/GDP/G5","T",2,0,0,2,3,"F"
1,0,2,0,"...BBX","","","","7/F7","T",1,0,0,0,0,"F"
1,1,0,0,"X","","","","63/G4","T",1,0,0,0,0,"F"
1,2,0,2,".CCS","","","","K","T",1,0,0,0,0,"F"
0,0,3,2,"..BCBFBF*B","","","","W","T",0,1,0,0,0,"F"
0,0,3,2,"CB1BFFB>B","cavej001","","","W.1-2","T",0,1,2,0,0,"F"
0,0,1,2,"SSBFFFS","keplm001","cavej001","","K","T",1,0,1,2,0,"F"
0,1,2,2,"BFBFFFFX","keplm001","cavej001","","HR/F9LD.2-H;1-H","T",0,4,4,4,0,"F"
0,1,2,2,"BCSBC","","","","K","T",1,0,0,0,0,"F"
0,2,3,2,".BBFSBC","","","","K","T",1,0,0,0,0,"F"
1,0,0,1,"..CX","","","","S9/L9","T",0,1,0,0,0,"F"
1,0,3,1,"BBC*BB","naqut001","","","W.1-2","T",0,1,2,0,0,"F"
1,0,0,2,"FFX","suare001","naqut001","","4/P89S","T",1,0,1,2,0,"F"
1,1,2,2,"BC*BFS","suare001","naqut001","","K","T",1,0,1,2,0,"F"
1,2,2,2,"*BC.*BFX","freem002","naqut001","","64(1)/FO/G6.B-1","T",1,1,0,2,0,"F"
0,0,2,2,"FFBBFC","","","","K","T",1,0,0,0,0,"T"
0,1,0,0,"X","","","","43/G4MD+","T",1,0,0,0,0,"F"
0,2,1,2,"SBFX","","","","HR/F89XD","T",0,4,0,0,0,"F"
0,2,3,2,"FBBFBX","","","","S7/G6","T",0,1,0,0,0,"F"
0,2,1,1,"CBX","arral001","","","53/G5S","T",1,0,1,0,0,"F"
1,0,1,2,"CFFBX","","","","S7/L7","T",0,1,0,0,0,"F"
1,0,0,0,"X","indij001","","","7/F7LS","T",1,0,1,0,0,"F"
1,1,0,2,"C*SX","indij001","","","64(1)3/GDP/G6+","T",2,0,0,0,0,"F"
0,0,2,2,"CBSBS","","","","K","T",1,0,0,0,0,"F"
0,1,2,2,"BFBSX","","","","43/G34D","T",1,0,0,0,0,"F"
0,2,2,2,"BSSBX","","","","S7/L7","T",0,1,0,0,0,"F"
0,2,1,2,"CSFFBFC","jeffr002","","","K","T",1,0,1,0,0,"F"
1,0,2,0,"BBX","","","","5/P6D+","T",1,0,0,0,0,"F"
1,1,3,2,"BBBCCFC","","","","K","T",1,0,0,0,0,"F"
1,2,3,2,"CSFBBFBFFX","","","","S4/F8","T",0,1,0,0,0,"F"
1,2,1,0,"BX","suare001","","","53/G56+","T",1,0,1,0,0,"F"
0,0,3,1,"BBCBX","","","","63/G6M","T",1,0,0,0,0,"F"
0,1,2,2,"BBSSFS","","","","K","T",1,0,0,0,0,"F"
0,2,1,2,"FFBS","","","","K","T",1,0,0,0,0,"F"
1,0,0,1,"CX","","","","S8/L78","T",0,1,0,0,0,"F"
1,0,1,1,"MB1X","akiys001","","","14/SH/BG1S.1-2","T",1,0,2,0,0,"F"
1,1,2,2,"CBBCS","","akiys001","","K","T",1,0,0,2,0,"F"
1,2,3,2,"BFFB*BB","","akiys001","","W","T",0,1,0,2,0,"F"
1,2,1,1,"CBX","winkj002","akiys001","","S7/L7D+.2-H;1-2","T",0,1,2,4,0,"F"
1,2,1,2,"CBCX","farmk001","winkj002","","D8/L78XD.2-H;1-H","T",0,2,4,4,0,"F"
1,2,1,1,"SBX","","vottj001","","S7/G56.2-H","T",0,1,0,4,0,"F"
1,2,1,0,"BX","stept001","","","4/L6M","T",1,0,1,0,0,"F"
0,0,2,1,"BBFX","","","","D/L5D","T",0,2,0,0,0,"F"
0,0,3,2,"BFBFFFBC","","arral001","","K","T",1,0,0,2,0,"F"
0,1,1,2,"FFBS","","arral001","","K","T",1,0,0,2,0,"F"
0,2,1,1,"*BFX","","arral001","","S16/G6.2-3","T",0,1,0,3,0,"F"
0,2,0,0,"X","gordn001","","arral001","63/G6","T",1,0,1,0,3,"F"
1,0,1,1,"BFX","","","","8/F8","T",1,0,0,0,0,"F"
1,1,3,0,"BBBB","","","","W","T",0,1,0,0,0,"F"
1,1,0,0,"X","akiys001","","","54/SH/BG1S.1-2","T",1,0,2,0,0,"F"
1,2,3,2,"BFBCBFFX","","akiys001","","S7/L7+.2-H","T",0,1,0,4,0,"F"
1,2,1,2,"1BC1FFX","indij001","","","5/P5","T",1,0,1,0,0,"F"
0,0,3,1,".CBBBX","","","","8/F8D","T",1,0,0,0,0,"F"
0,1,2,1,"BBCX","","","","3/G3","T",1,0,0,0,0,"F"
0,2,1,0,"BX","","","","43/G6M+","T",1,0,0,0,0,"F"
1,0,3,2,".SBBFBB","","","","W","T",0,1,0,0,0,"F"
1,0,3,2,"*BFBCB>B","farmk001","","","W.1-2","T",0,1,2,0,0,"F"
1,0,2,2,"CC*BBS","vottj001","farmk001","","K","T",1,0,1,2,0,"F"
1,1,3,2,"CSBF*BBS","vottj001","farmk001","","K","T",1,0,1,2,0,"F"
1,2,0,2,"CFT","vottj001","farmk001","","K","T",1,0,1,2,0,"F"
0,0,2,0,"BBX","","","","S7/L78","T",0,1,0,0,0,"F"
0,0,3,1,"BFBBB","polaj001","","","W.1-2","T",0,1,2,0,0,"F"
0,0,1,1,"CBX","arral001","polaj001","","46(1)3/GDP/G4.2-3","T",2,0,0,3,0,"F"
0,2,1,0,"BX","","","polaj001","7/F7D","T",1,0,0,0,3,"F"
1,0,2,2,"BCFBC","","","","K","T",1,0,0,0,0,"F"
1,1,1,2,".FBFFX","","","","63/G4","T",1,0,0,0,0,"F"
1,2,1,1,"BCX","","","","D7/G5+","T",0,2,0,0,0,"F"
1,2,1,2,"FSBT","","indij001","","K","T",1,0,0,2,0,"F"
0,0,1,2,".FBFS","","","","K","T",1,0,0,0,0,"F"
0,1,3,2,"BBSFB*B","","","","W","T",0,1,0,0,0,"F"
0,1,3,2,".*BC*BBSFFX","jeffr002","","","3/P3F/FL","T",1,0,1,0,0,"F"
0,2,3,1,"S*BBBB","jeffr002","","","W.1-2","T",0,1,2,0,0,"F"
0,2,1,2,".BFCFX","keplm001","jeffr002","","4/P4","T",1,0,1,2,0,"F"
1,0,1,1,".CBX","","","","9/L89D","T",1,0,0,0,0,"F"
1,1,0,0,"X","","","","3/P3DF/FL","T",1,0,0,0,0,"F"
1,2,2,2,"BBFFX","","","","HR/F8XD","T",0,4,0,0,0,"F"
1,2,1,2,"FBFX","","","","63/G56","T",1,0,0,0,0,"F"
0,0,3,0,"BBBB","","","","W","T",0,1,0,0,0,"F"
0,0,3,1,"CBBBB","polaj001","","","W.1-2","T",0,1,2,0,0,"F"
0,0,2,2,"BCBFX","arral001","polaj001","","D9/L9L.2-H;1-3","T",0,2,3,4,0,"F"
0,0,2,1,".BBCX","","sanom001","arral001","D9/G3.3-H;2-H","T",0,2,0,4,4,"F"
0,0,2,2,"BFFFBX","","larnt001","","43/G34.2-3","T",1,0,0,3,0,"F"
0,1,0,0,"X","","","larnt001","S7/L7+.3-H","T",0,1,0,0,4,"F"
0,1,0,2,"...FFFC","jeffr002","","","K","T",1,0,1,0,0,"F"
0,2,3,1,"FBB*BX","jeffr002","","","D9/L9LD+.1-3","T",0,2,3,0,0,"F"
0,2,2,2,"CCB*BS","","keplm001","jeffr002","K","T",1,0,0,2,3,"F"
1,0,1,1,".BCX","","","","3/G3-","T",1,0,0,0,0,"F"
1,1,3,1,"BBBCB","","","","W","T",0,1,0,0,0,"F"
1,1,1,2,"1BCFX","akiys001","","","6/F78S","T",1,0,1,0,0,"F"
1,2,0,0,"B","akiys001","","","PB.1-2","F",0,0,2,0,0,"F"
1,2,2,2,"B.CTFBFFFFX","","akiys001","","53/G5S-","T",1,0,0,2,0,"F"
0,0,3,2,"CBBSBFFT","","","","K","T",1,0,0,0,0,"F"
0,1,1,2,"CBFX","","","","S9/L89","T",0,1,0,0,0,"F"
0,1,0,0,"X","arral001","","","64(1)3/GDP/G6+","T",2,0,0,0,0,"F"
0,0,1,2,"FCBFS","","","","K","T",1,0,0,0,0,"T"
0,1,1,0,"BX","","","","S9/G34","T",0,1,0,0,0,"F"
0,1,2,0,"B*B>C","newmk001","","","SB2","F",0,0,2,0,0,"F"
0,1,2,2,"B*B>C.FS","","newmk001","","K","T",1,0,0,2,0,"F"
0,2,3,2,"CBB*SBX","","newmk001","","43/G6M","T",1,0,0,2,0,"F"
1,0,3,2,"CCBBBX","","","","HR/F7LD","T",0,4,0,0,0,"F"
1,0,2,2,"SBBFH","","","","HP","T",0,1,0,0,0,"F"
1,0,3,2,"*BBTBFB","winkj002","","","W.1-2","T",0,1,2,0,0,"F"
1,0,1,0,"*BX","castn001","winkj002","","3/L3/DP.2X2(36)","T",2,0,1,0,0,"F"
1,2,2,1,"B*BFX","castn001","","","54(1)/FO/G56.B-1","T",1,1,0,0,0,"F"
0,0,2,1,"BBSX","","","","8/F8D","T",1,0,0,0,0,"F"
0,1,0,2,"CC*S","","","","K","T",1,0,0,0,0,"F"
0,2,1,0,"BX","","","","6/P6D","T",1,0,0,0,0,"F"
1,0,1,1,"CBX","","","","S7/L7L","T",0,1,0,0,0,"F"
1,0,2,1,"BBCX","farmk001","","","E4/G34.1-2;B-1","T",0,1,2,0,0,"F"
1,0,3,2,"BFS*BFF*BX","naqut001","farmk001","","HR/F9D.2-H;1-H(UR)","T",0,4,5,4,0,"F"
1,0,2,1,"BCBX","","","","S1/G1S-","T",0,1,0,0,0,"F"
1,0,3,0,"B*BBB","grays001","","","W.1-2","T",0,1,2,0,0,"F"
1,0,1,0,"*BX","indij001","grays001","","5/P5D","T",1,0,1,2,0,"F"
1,1,3,2,"BSTB*BX","indij001","grays001","","43/G4-.2-3;1-2","T",1,0,2,3,0,"F"
1,2,2,2,"B*BFCX","","indij001","grays001","HR/F89XD.3-H(UR);2-H(UR);B-H(UR)","T",0,5,0,5,5,"F"
1,2,0,2,"TCX","","","","S8/G4M+","T",0,1,0,0,0,"F"
1,2,0,1,"SX","stept001","","","S7/L7.1-2","T",0,1,2,0,0,"F"
1,2,3,2,"F*SBB*B>C","farmk001","stept001","","K","T",1,0,1,2,0,"F"
0,0,2,2,"CBBSFFC","","","","K","T",1,0,0,0,0,"F"
0,1,0,2,"CFS","","","","K","T",1,0,0,0,0,"F"
0,2,3,2,"BCBBSB","","","","W","T",0,1,0,0,0,"F"
0,2,2,2,"CSF*BFBX","parkh001","","","53/G56-","T",1,0,1,0,0,"F"
1,0,2,2,"CBCBC","","","","K","T",1,0,0,0,0,"F"
1,1,0,0,"X","","","","S9/L9L","T",0,1,0,0,0,"F"
1,1,2,2,"B*BCCS","grays001","","","K","T",1,0,1,0,0,"F"
1,2,2,1,"BFBX","grays001","","","5/P56S","T",1,0,1,0,0,"F"
0,0,0,0,"X","","","","7/L7LD","T",1,0,0,0,0,"F"
0,1,2,2,"BSBFFF*S","","","","K.BX1(23)","T",1,0,0,0,0,"F"
0,2,3,2,"SBBSBFC","","","","K","T",1,0,0,0,0,"F"
1,0,3,2,"CBSBBS","","","","K","T",1,0,0,0,0,"F"
1,1,1,1,"FBX","","","","7/F78XD+","T",1,0,0,0,0,"F"
1,2,3,2,"BBFBFS","","","","K","T",1,0,0,0,0,"F"
0,0,3,2,"CBFBBX","","","","63/G6M","T",1,0,0,0,0,"F"
0,1,3,0,"BBB*B","","","","W","T",0,1,0,0,0,"F"
0,1,1,0,"BX","stalj001","","","D9/L9L.1-3","T",0,2,3,0,0,"F"
0,1,3,2,".BCSBBX","","difow001","stalj001","S6/G6S-.3-H;2-3","T",0,1,0,3,4,"F"
0,1,2,1,"CBBX","evanp001","","difow001","S3/G3S.3-3;1-2","T",0,1,2,0,3,"F"
0,1,2,0,"BBX","parkh001","evanp001","difow001","S6/G56.3-H;2-3;1-2","T",0,1,2,3,4,"F"
0,1,1,0,"BX","newmk001","parkh001","evanp001","64(1)/FO/G6M.3-H;2-3;B-1","T",1,1,0,3,4,"F"
0,2,1,0,"BX","reynb001","","parkh001","S8/G6M+.3-H;1-3","T",0,1,3,0,4,"F"
0,2,2,1,"*BBSX","hayek001","","reynb001","53/G56","T",1,0,1,0,3,"F"
1,0,0,1,"..CX","","","","S8/G6M","T",0,1,0,0,0,"F"
1,0,1,1,"*BSX","farmk001","","","8/F8XD+","T",1,0,1,0,0,"F"
1,1,2,2,"*BSCB*S","farmk001","","","K","T",1,0,1,0,0,"F"
1,2,3,2,".CC*B*BB>F>X","farmk001","","","9/L9D+","T",1,0,1,0,0,"F"
0,0,1,2,"..CFFBS","","","","K","T",1,0,0,0,0,"F"
0,1,0,0,"X","","","","S7/G6","T",0,1,0,0,0,"F"
0,1,2,2,"BSSBFC","stalj001","","","K","T",1,0,1,0,0,"F"
0,2,3,2,"BFFF*BB>F>X","stalj001","","","4/P4MD","T",1,0,1,0,0,"F"
1,0,0,1,"CX","","","","5/L56+","T",1,0,0,0,0,"F"
1,1,1,2,"BCC*S","","","","K","T",1,0,0,0,0,"F"
1,2,0,2,"CCS","","","","K","T",1,0,0,0,0,"F"
0,0,2,2,"BBCCX","","","","S9/G34","T",0,1,0,0,0,"F"
0,0,0,0,"X","parkh001","","","9/L9L","T",1,0,1,0,0,"F"
0,1,0,0,"H","parkh001","","","HP.1-2","T",0,1,2,0,0,"F"
0,1,3,2,"FFBBF*BX","reynb001","parkh001","","64(1)3/GDP/G6M","T",2,0,0,2,0,"F"
1,0,1,2,".FSB*S","","","","K","T",1,0,0,0,0,"F"
1,1,0,1,"CX","","","","5/P25-","T",1,0,0,0,0,"F"
1,2,2,2,"FBFBX","","","","63/G56","T",1,0,0,0,0,"F"
0,0,3,2,"..FBFFBBB","","","","W","T",0,1,0,0,0,"F"
0,0,1,2,"FBTX","castr006","","","65(1)3/GDP/G4MD+","T",2,0,0,0,0,"F"
0,2,2,2,"CCBBC","","","","K","T",1,0,0,0,0,"F"
1,0,1,2,".FFBFS","","","","K","T",1,0,0,0,0,"F"
1,1,0,2,"CFFS","","","","K","T",1,0,0,0,0,"F"
1,2,3,2,".CBBFBC","","","","K","T",1,0,0,0,0,"F"
0,0,3,2,".FBSBBX","","","","31/G34","T",1,0,0,0,0,"F"
0,1,1,0,"BX","","","","43/G4","T",1,0,0,0,0,"F"
0,2,0,2,"CCX","","","","9/F89XD+","T",1,0,0,0,0,"F"
0,0,1,2,"BFCX","","","","4/L4D","T",1,0,0,0,0,"T"
0,1,1,1,"BFX","","","","S5/G6","T",0,1,0,0,0,"F"
0,1,1,2,"1CSBS","hayek001","","","K","T",1,0,1,0,0,"F"
0,2,3,2,"BBC*BF>F>B","hayek001","","","W.1-2","T",0,1,2,0,0,"F"
0,2,2,2,"CF*BBX","nogoj001","hayek001","","4/L4","T",1,0,1,2,0,"F"
1,0,0,2,"CFX","","","","8/L8D","T",1,0,0,0,0,"F"
1,1,0,0,"X","","","","D8/F89XD","T",0,2,0,0,0,"F"
1,1,0,0,"X","","winkj002","","E5/TH/G5.B-1","T",0,1,0,2,0,"F"
1,1,3,2,"CB*BCBFB","castn001","winkj002","","W.2-3;1-2","T",0,1,2,3,0,"F"
1,1,2,0,"*BBX","vottj001","castn001","winkj002","D9/L9L+.3-H;2-H(UR);1-3","T",0,2,3,5,4,"F"
1,1,0,0,"X","","mousm001","vottj001","S8/F78S.3-H;2-H","T",0,1,0,4,4,"F"
1,1,3,2,"B*BSFFBFB","farmk001","","","W.1-2","T",0,1,2,0,0,"F"
1,1,0,0,"X","naqut001","farmk001","","HR/F9LD.2-H;1-H","T",0,4,4,4,0,"F"
1,1,0,2,"FFFS","","","","K","T",1,0,0,0,0,"F"
1,2,3,2,"CBCBB*S","","","","K","T",1,0,0,0,0,"F"
0,0,0,2,"CSX","","","","S3/G3","T",0,1,0,0,0,"F"
0,0,2,1,"BS*BX","polag001","","","564(1)/FO/G56.B-1","T",1,1,0,0,0,"F"
0,1,3,1,"1BBBCX","castr006","","","S8/L8S.1-2","T",0,1,2,0,0,"F"
0,1,0,0,"X","evanp001","castr006","","2/BG2-/BINT.2-2;1-1","T",1,0,1,2,0,"F"
0,2,0,0,"X","evanp001","castr006","","8/L89","T",1,0,1,2,0,"F"
1,0,1,1,"SBX","","","","HR/F78XD","T",0,4,0,0,0,"F"
1,0,3,1,"BFBBB","","","","W","T",0,1,0,0,0,"F"
1,0,0,0,"X","castn001","","","3/L3/DP.1X1(3)","T",2,0,0,0,0,"F"
1,2,1,1,"BFX","","","","D9/L9LD+","T",0,2,0,0,0,"F"
1,2,2,2,"BCCBFX","","mousm001","","S7/L7.2-H","T",0,1,0,4,0,"F"
1,2,1,1,"BCX","farmk001","","","7/F7S","T",1,0,1,0,0,"F"
0,0,0,0,"X","","","","7/L7D+","T",1,0,0,0,0,"F"
0,1,0,0,"X","","","","9/F9D","T",1,0,0,0,0,"F"
0,2,0,2,"CCX","","","","53/G56","T",1,0,0,0,0,"F"
1,0,3,1,"BCBBX","","","","7/F78S","T",1,0,0,0,0,"F"
1,1,0,0,"X","","","","8/F78XD","T",1,0,0,0,0,"F"
1,2,1,1,"CBX","","","","6/P6D","T",1,0,0,0,0,"F"
0,0,1,2,"CBFS","","","","K","T",1,0,0,0,0,"F"
0,1,1,2,"FFBS","","","","K","T",1,0,0,0,0,"F"
0,2,2,2,"CBBSFX","","","","S5/G5","T",0,1,0,0,0,"F"
0,2,1,1,"CBX","castr006","","","4(1)/FO/G4M.B-1","T",1,1,0,0,0,"F"
1,0,3,0,"BBBB","","","","W","T",0,1,0,0,0,"F"
1,0,1,2,"*BCFS","winkj002","","","K","T",1,0,1,0,0,"F"
1,1,0,2,"FCX","winkj002","","","7/L7D","T",1,0,1,0,0,"F"
1,2,2,2,"BBCFC","winkj002","","","K","T",1,0,1,0,0,"F"
0,0,1,2,"TBFC","","","","K","T",1,0,0,0,0,"F"
0,1,3,2,"BBBCCC","","","","K","T",1,0,0,0,0,"F"
0,2,0,1,"CX","","","","S8/G6M","T",0,1,0,0,0,"F"
0,2,1,1,"FBX","hayek001","","","64(1)/FO/G6.B-1","T",1,1,0,0,0,"F"
1,0,0,2,"FFC","","","","K","T",1,0,0,0,0,"F"
1,1,2,2,"FBFBX","","","","23/G1S-","T",1,0,0,0,0,"F"
1,2,2,2,"FBFFBX","","","","7/F7S","T",1,0,0,0,0,"F"
0,0,2,1,"BBCX","","","","8/L8D","T",1,0,0,0,0,"F"
0,1,3,0,"BBBB","","","","W","T",0,1,0,0,0,"F"
0,1,0,1,"CX","stalj001","","","6(1)3/GDP/G4M","T",2,0,0,0,0,"F"
1,0,3,2,".BBFFBX","","","","7/F7L","T",1,0,0,0,0,"F"
1,1,3,2,"BCBCBX","","","","HR/F78XD","T",0,4,0,0,0,"F"
1,1,3,2,"BBCFBB","","","","W","T",0,1,0,0,0,"F"
1,1,3,2,"S*BBFBFS","winkj002","","","K","T",1,0,1,0,0,"F"
1,2,2,1,"BF*BX","winkj002","","","9/F89","T",1,0,1,0,0,"F"
0,0,0,2,".CSFX","","","","S8/G6M","T",0,1,0,0,0,"F"
0,0,3,2,"BCFFFFBBFFX","castr006","","","7/F7D","T",1,0,1,0,0,"F"
0,1,0,0,".X","castr006","","","16(1)3/GDP/G6MS-","T",2,0,0,0,0,"F"
1,0,1,1,"..SBX","","","","D8/L89XD+","T",0,2,0,0,0,"F"
1,0,0,2,"FFT","","mousm001","","K","T",1,0,0,2,0,"F"
1,1,0,0,"X","","mousm001","","9/F89","T",1,0,0,2,0,"F"
1,2,1,2,"FBCS","","mousm001","","K","T",1,0,0,2,0,"F"
0,0,1,2,".BSCS","","","","K","T",1,0,0,0,0,"F"
0,1,2,1,"BBSX","","","","9/F9D","T",1,0,0,0,0,"F"
0,2,1,2,"CFBX","","","","D7/L78D","T",0,2,0,0,0,"F"
0,2,1,2,"BCFX","","parkh001","","9/F9L","T",1,0,0,2,0,"F"
1,0,0,0,".X","","","","4/L4D","T",1,0,0,0,0,"F"
1,1,0,2,"CCX","","","","63/G56","T",1,0,0,0,0,"F"
1,2,2,1,"BBFH","","","","HP","T",0,1,0,0,0,"F"
1,2,1,2,"CCBFF*S","aquia001","","","K","T",1,0,1,0,0,"F"
0,0,1,2,"..CBCC","","","","K","T",1,0,0,0,0,"F"
0,1,0,2,"FCS","","","","K","T",1,0,0,0,0,"F"
0,2,2,1,"BSBX","","","","8/L8D+","T",1,0,0,0,0,"F"
0,0,2,2,"BCCBS","","","","K","T",1,0,0,0,0,"T"
0,1,2,2,"FBBSX","","","","3/G3S","T",1,0,0,0,0,"F"
0,2,1,1,"BCX","","","","S8/L89D","T",0,1,0,0,0,"F"
0,2,3,1,"*B1*BCBB","reynb001","","","W.1-2","T",0,1,2,0,0,"F"
0,2,1,2,"B>FCFX","morac001","reynb001","","8/L8XD","T",1,0,1,2,0,"F"
1,0,3,1,"BBBCB","","","","W","T",0,1,0,0,0,"F"
1,0,0,2,"FFX","indij001","","","16(1)3/GDP/G1","T",2,0,0,0,0,"F"
1,2,2,2,"BFBCS","","","","K","T",1,0,0,0,0,"F"
0,0,0,0,"X","","","","7/F7LD","T",1,0,0,0,0,"F"
0,1,0,1,"CX","","","","D7/L7LD","T",0,2,0,0,0,"F"
0,1,0,2,"CSN","","alfoa002","","CS3(156343)","F",1,0,0,0,0,"F"
0,2,2,2,"CSN.BBS","","","","K","T",1,0,0,0,0,"F"
1,0,2,1,"BFBX","","","","S9/L9+","T",0,1,0,0,0,"F"
1,0,3,2,"*BBCBF*B","vottj001","","","W.1-2","T",0,1,2,0,0,"F"
1,0,3,2,"BBFBFX","mousm001","vottj001","","64(1)3/GDP/G6M+.2-3","T",2,0,0,3,0,"F"
1,2,1,1,"BCX","","","vottj001","9/F9D","T",1,0,0,0,3,"F"
0,0,2,2,"CCBBT","","","","K","T",1,0,0,0,0,"F"
0,1,2,1,"BBCX","","","","S8/G4M","T",0,1,0,0,0,"F"
0,1,1,2,"C11FB1","parkh001","","","PO1(13)","F",1,0,0,0,0,"F"
0,2,2,2,"C11FB1.BX","","","","D9/L9L","T",0,2,0,0,0,"F"
0,2,1,2,"CBFX","","hayek001","","T9/G3.2-H","T",0,3,0,4,0,"F"
0,2,0,0,"X","","","reynb001","31/G34+","T",1,0,0,0,3,"F"
1,0,2,1,"BCBX","","","","S7/G5","T",0,1,0,0,0,"F"
1,0,0,2,"C1TM","akiys001","","","K","T",1,0,1,0,0,"F"
1,1,2,1,"BBCX","akiys001","","","S8/L8D.1-2","T",0,1,2,0,0,"F"
1,1,0,0,"X","indij001","akiys001","","D9/L9LD.2-H;1-3","T",0,2,3,4,0,"F"
1,1,1,2,"SFBX","","winkj002","indij001","S7/G6+.3-H;2-3","T",0,1,0,3,4,"F"
1,1,3,2,"BBCSBX","castn001","","winkj002","7/SF/F7D.3-H","T",1,0,1,0,4,"F"
1,2,0,1,"SX","castn001","","","43/G34D","T",1,0,1,0,0,"F"
0,0,3,2,"CFBBBX","","","","5/P6","T",1,0,0,0,0,"F"
0,1,1,1,"BFX","","","","5/P5","T",1,0,0,0,0,"F"
0,2,1,2,"CFBFX","","","","D8/L8XD+","T",0,2,0,0,0,"F"
0,2,0,0,"X","","alfoa002","","7/F78XD","T",1,0,0,2,0,"F"
1,0,2,2,"CBFFBX","","","","S7/G6","T",0,1,0,0,0,"F"
1,0,1,2,"BFFS","farmk001","","","K","T",1,0,1,0,0,"F"
1,1,3,1,"BBCBB","farmk001","","","W.1-2","T",0,1,2,0,0,"F"
1,1,0,0,"X","akiys001","farmk001","","53/SH/BG1S.2-3;1-2","T",1,0,2,3,0,"F"
1,2,1,1,"BCH","","akiys001","farmk001","HP","T",0,1,0,2,3,"F"
1,2,1,0,"BX","indij001","akiys001","farmk001","7/F78D","T",1,0,1,2,3,"F"
0,0,1,2,"BCCC","","","","K","T",1,0,0,0,0,"F"
0,1,3,2,"FBSBFFBFX","","","","9/F89XD","T",1,0,0,0,0,"F"
0,2,1,2,"CFBT","","","","K","T",1,0,0,0,0,"F"
1,0,1,1,"SBX","","","","HR/F9LD","T",0,4,0,0,0,"F"
1,0,3,2,"FFBFBFBC","","","","K","T",1,0,0,0,0,"F"
1,1,3,2,"FBFBFFBB","","","","W","T",0,1,0,0,0,"F"
1,1,1,2,"CBFX","mousm001","","","64(1)3/GDP/G6","T",2,0,0,0,0,"F"
0,0,2,2,"CBFFFBX","","","","3/G3","T",1,0,0,0,0,"F"
0,1,1,2,"SBTFC","","","","K","T",1,0,0,0,0,"F"
0,2,2,2,"BBTFX","","","","7/F7","T",1,0,0,0,0,"F"
1,0,1,2,".SSBX","","","","S9/L89D","T",0,1,0,0,0,"F"
1,0,2,2,"CSBFF*B*S","barnt001","","","K","T",1,0,1,0,0,"F"
1,1,0,1,".CX","barnt001","","","D7/F7LD.1-3","T",0,2,3,0,0,"F"
1,1,0,2,"CSS","","aquia001","barnt001","K","T",1,0,0,2,3,"F"
1,2,2,2,"BBCCFX","","aquia001","barnt001","S9/G34.3-H;2-H","T",0,1,0,4,4,"F"
1,2,0,1,"FX","winkj002","","","7/L7","T",1,0,1,0,0,"F"
0,0,1,2,".CBCS","","","","K","T",1,0,0,0,0,"F"
0,1,0,2,"CFS","","","","K","T",1,0,0,0,0,"F"
0,2,0,2,"CCX","","","","8/F8XD","T",1,0,0,0,0,"F"
1,0,0,1,"FX","","","","63/G4D","T",1,0,0,0,0,"F"
1,1,1,2,"CBSC","","","","K","T",1,0,0,0,0,"F"
1,2,1,0,"BX","","","","9/F8S","T",1,0,0,0,0,"F"
0,0,3,1,"..BBBCX","","","","9/F9D+","T",1,0,0,0,0,"F"
0,1,3,1,"BSBBX","","","","7/F7LF/FL","T",1,0,0,0,0,"F"
0,2,3,2,"BCBBFFB","","","","W","T",0,1,0,0,0,"F"
0,2,0,0,"X","hayek001","","","HR/F8XD.1-H","T",0,4,4,0,0,"F"
0,2,1,2,".CSBFS","","","","K","T",1,0,0,0,0,"F"
1,0,0,2,".CCS","","","","K","T",1,0,0,0,0,"F"
1,1,2,2,"TBBSX","","","","S7/G6","T",0,1,0,0,0,"F"
1,1,3,2,".CBF1F*BBB","akiys001","","","W.1-2","T",0,1,2,0,0,"F"
1,1,0,1,"CX","naqut001","akiys001","","S9/G34.2-H;1-2","T",0,1,2,4,0,"F"
1,1,2,1,"SBBX","indij001","naqut001","","HR/L9D.2-H;1-H","T",0,4,4,4,0,"F"
1,1,0,0,".X","","","","9/L9D","T",1,0,0,0,0,"F"
1,2,2,1,"BCBX","","","","HR/F9D","T",0,4,0,0,0,"F"
1,2,2,2,"BCFFBX","","","","4/L4D","T",1,0,0,0,0,"F"
0,0,0,1,"....CX","","","","8/F89S","T",1,0,0,0,0,"F"
0,1,2,2,"BSBFX","","","","S7/G56","T",0,1,0,0,0,"F"
0,1,2,0,"*BBX","castr006","","","S9/L9.1-2","T",0,1,2,0,0,"F"
0,1,0,1,"CX","alfoa002","castr006","","46(1)/FO/G34.2-3;B-1","T",1,1,0,3,0,"F"
0,2,2,2,".CBBSX","perem005","","castr006","8/L89","T",1,0,1,0,3,"F"
0,0,2,2,"BCBCC","","","","K","T",1,0,0,0,0,"T"
0,1,0,1,"CX","","","","S9/F9S","T",0,1,0,0,0,"F"
0,1,2,2,"CSFFBFF1*BFS","hayek001","","","K","T",1,0,1,0,0,"F"
0,2,3,2,"BSCB*B>F>S","hayek001","","","K","T",1,0,1,0,0,"F"
1,0,2,1,"CBBX","","","","5/L56","T",1,0,0,0,0,"F"
1,1,2,1,"BBFX","","","","S8/L8D+","T",0,1,0,0,0,"F"
1,1,1,1,"BSX","winkj002","","","8/F8","T",1,0,1,0,0,"F"
1,2,1,1,"BFX","winkj002","","","4/L34D","T",1,0,1,0,0,"F"
0,0,0,2,"FSC","","","","K","T",1,0,0,0,0,"F"
0,1,2,2,"BBCTX","","","","5/P5F/FL","T",1,0,0,0,0,"F"
0,2,3,2,"BFBFBS","","","","K","T",1,0,0,0,0,"F"
1,0,1,2,"FSBC","","","","K","T",1,0,0,0,0,"F"
1,1,0,2,"FF*S","","","","K","T",1,0,0,0,0,"F"
1,2,1,2,"FCBFS","","","","K","T",1,0,0,0,0,"F"
0,0,1,1,"CBX","","","","8/F78","T",1,0,0,0,0,"F"
0,1,0,2,"CCS","","","","K","T",1,0,0,0,0,"F"
0,2,3,2,"BSFBFBFX","","","","43/G4","T",1,0,0,0,0,"F"
1,0,1,2,"CSBX","","","","13/G1","T",1,0,0,0,0,"F"
1,1,1,2,"FBSS","","","","K","T",1,0,0,0,0,"F"
1,2,2,2,"CBCBX","","","","53/G6S","T",1,0,0,0,0,"F"
0,0,2,2,"CBFBS","","","","K","T",1,0,0,0,0,"F"
0,1,0,0,"X","","","","D7/L7LD","T",0,2,0,0,0,"F"
0,1,0,2,"FFX","","reynb001","","8/F78D","T",1,0,0,2,0,"F"
0,2,0,1,"FX","","reynb001","","S56/G6.2-H","T",0,1,0,4,0,"F"
0,2,0,0,"X","alfoa002","","","9/L89","T",1,0,1,0,0,"F"
1,0,2,2,"BBCCFX","","","","DGR/F7LS","T",0,2,0,0,0,"F"
1,0,0,0,"X","","winkj002","","D87/L78.2-3","T",0,2,0,3,0,"F"
1,0,0,2,"FTX","","castn001","winkj002","S8/F89D+.3-H;2-3","T",0,1,0,3,4,"F"
1,0,0,2,"CSX","vottj001","","castn001","46(1)/FO/G4.3-H;B-1","T",1,1,0,0,4,"F"
1,1,1,2,"C*BFFX","stept001","","","D8/L89D+.1-H","T",0,2,4,0,0,"F"
1,1,3,2,"FF*BBF*BX","","farmk001","","7/F78D","T",1,0,0,2,0,"F"
1,2,3,0,"VVVV","","farmk001","","IW","T",0,1,0,2,0,"F"
1,2,0,2,"FCFFFX","akiys001","farmk001","","43/G4","T",1,0,1,2,0,"F"
0,0,2,2,"CBCFBFS","","","","K","T",1,0,0,0,0,"F"
0,1,0,0,"X","","","","S7/L78","T",0,1,0,0,0,"F"
0,1,0,1,"LX","stalj001","","","54/SH/BG1S.1-2","T",1,0,2,0,0,"F"
0,2,1,2,"CBCC","","stalj001","","K","T",1,0,0,2,0,"F"
1,0,0,2,"CFS","","","","K","T",1,0,0,0,0,"F"
1,1,1,0,"BX","","","","31/G3","T",1,0,0,0,0,"F"
1,2,0,2,"FS*S","","","","K","T",1,0,0,0,0,"F"
0,0,1,0,"BX","","","","HR/F78XD","T",0,4,0,0,0,"F"
0,0,1,1,"FBX","","","","31/G3","T",1,0,0,0,0,"F"
0,1,2,1,"BBSX","","","","D9/L9LD+","T",0,2,0,0,0,"F"
0,1,0,0,"X","","morac001","","8/F8","T",1,0,0,2,0,"F"
0,2,2,2,"SFBFBX","","morac001","","5/L56","T",1,0,0,2,0,"F"
1,0,0,0,"X","","","","8/F8D","T",1,0,0,0,0,"F"
1,1,3,2,"BBBCFX","","","","D8/L89XD+","T",0,2,0,0,0,"F"
1,1,2,2,"B*SBFFFX","","stept001","","8/L8D","T",1,0,0,2,0,"F"
1,2,2,2,"BCFBC","","stept001","","K","T",1,0,0,2,0,"F"
0,0,2,1,"SBBX","","","","3/G3","T",1,0,0,0,0,"F"
0,1,2,2,"BCBSS","","","","K","T",1,0,0,0,0,"F"
0,2,2,2,".CBBFFFX","","","","8/F8XD","T",1,0,0,0,0,"F"
1,0,3,1,".BBCBB","","","","W","T",0,1,0,0,0,"F"
1,0,2,2,".BFBCX","akiys001","","","54(1)/FO/G5.B-1","T",1,1,0,0,0,"F"
1,1,0,2,"1CCX","aquia001","","","4/P34D","T",1,0,1,0,0,"F"
1,2,3,1,"BBCBB","aquia001","","","W.1-2","T",0,1,2,0,0,"F"
1,2,3,2,".BCFBFB>S","winkj002","aquia001","","K","T",1,0,1,2,0,"F"
0,0,0,0,".X","","","","4/L4","T",1,0,0,0,0,"F"
0,1,2,2,"CSBBX","","","","13/G3S","T",1,0,0,0,0,"F"
0,2,3,1,"BBBC*B","","","","W","T",0,1,0,0,0,"F"
0,2,0,0,"1X","reynb001","","","13/BG1S","T",1,0,1,0,0,"F"
1,0,2,2,"CBBFS","","","","K","T",1,0,0,0,0,"F"
1,1,0,0,"X","","","","8/L89","T",1,0,0,0,0,"F"
1,2,0,0,"X","","","","4/P3DF/FL","T",1,0,0,0,0,"F"
0,0,1,2,".FSBS","","","","K","T",1,0,0,0,0,"F"
0,1,1,1,"CBX","","","","13/G25-","T",1,0,0,0,0,"F"
0,2,1,2,"CBSX","","","","63/G4","T",1,0,0,0,0,"F"
0,0,2,1,"BCBX","","","","13/G1S-","T",1,0,0,0,0,"T"
0,1,0,0,"X","","","","D7/L7LD","T",0,2,0,0,0,"F"
0,1,2,2,"BSFBFS","","schwf001","","K","T",1,0,0,2,0,"F"
0,2,1,1,"BCX","","schwf001","","63/G6D+","T",1,0,0,2,0,"F"
1,0,1,1,"CBX","","","","S9/F9LS","T",0,1,0,0,0,"F"
1,0,2,2,"*S*B*S*BC","indij001","","","K","T",1,0,1,0,0,"F"
1,1,3,1,"CBBB*B","indij001","","","W.1-2","T",0,1,2,0,0,"F"
1,1,1,2,"CS*BFX","vottj001","indij001","","8/F8D","T",1,0,1,2,0,"F"
1,2,2,2,"SCBBFC","vottj001","indij001","","K","T",1,0,1,2,0,"F"
0,0,0,1,"CX","","","","63/G56","T",1,0,0,0,0,"F"
0,1,1,2,"BFFFX","","","","8/L8D","T",1,0,0,0,0,"F"
0,2,1,2,"CCBFC","","","","K","T",1,0,0,0,0,"F"
1,0,2,1,"CBBX","","","","63/G6MD","T",1,0,0,0,0,"F"
1,1,3,1,"CBBBB","","","","W","T",0,1,0,0,0,"F"
1,1,0,2,"F11FX","naqut001","","","DGR/L9D.1-3","T",0,2,3,0,0,"F"
1,1,0,1,"FX","","barnt001","naqut001","FC/BG1S.3XH(12);2-3;B-1","T",1,1,0,3,0,"F"
1,2,2,2,"BCFBX","milew001","","barnt001","6/L6-","T",1,0,1,0,3,"F"
0,0,3,2,"CBSBB*B","","","","W","T",0,1,0,0,0,"F"
0,0,0,2,"1MLL","alcas002","","","K","T",1,0,1,0,0,"F"
0,1,1,0,"*BX","alcas002","","","S9/L9S.1-2","T",0,1,2,0,0,"F"
0,1,2,2,"*BBCFX","duffm002","alcas002","","54(1)3/GDP/G56","T",2,0,0,2,0,"F"
1,0,1,2,"BSSX","","","","S3/G4-","T",0,1,0,0,0,"F"
1,0,0,2,"CCX","castn001","","","S8/G4M.1-3","T",0,1,3,0,0,"F"
1,0,0,2,"SFS","vottj001","","castn001","K","T",1,0,1,0,3,"F"
1,1,1,2,"TBFC","vottj001","","castn001","K","T",1,0,1,0,3,"F"
1,2,0,0,"X","vottj001","","castn001","7/F7S","T",1,0,1,0,3,"F"
0,0,0,1,"SX","","","","31/G34","T",1,0,0,0,0,"F"
0,1,1,1,"FBX","","","","63/G56D+","T",1,0,0,0,0,"F"
0,2,0,1,"CX","","","","9/F9D","T",1,0,0,0,0,"F"
1,0,3,2,"BSBFFBB","","","","W","T",0,1,0,0,0,"F"
1,0,3,2,"*SBSB*BS","naqut001","","","K","T",1,0,1,0,0,"F"
1,1,0,0,"1X","naqut001","","","16(1)/FO/BG1S.B-1","T",1,1,0,0,0,"F"
1,2,2,2,"BCFBX","milew001","","","HR/F7D.1-H","T",0,4,4,0,0,"F"
1,2,2,2,"BFFBX","","","","3/P34","T",1,0,0,0,0,"F"
0,0,1,1,"CBX","","","","8/F8XD","T",1,0,0,0,0,"F"
0,1,1,2,"BFFS","","","","K","T",1,0,0,0,0,"F"
0,2,0,1,"CX","","","","S14/G4S","T",0,1,0,0,0,"F"
0,2,1,1,".BCX","alcas002","","","13/G6MS","T",1,0,1,0,0,"F"
1,0,1,2,".SBCFS","","","","K","T",1,0,0,0,0,"F"
1,1,1,2,"BSS*S","","","","K","T",1,0,0,0,0,"F"
1,2,3,1,"BBSBB","","","","W","T",0,1,0,0,0,"F"
1,2,2,2,"CFFBFBX","suare001","","","HR/F7D.1-H","T",0,4,4,0,0,"F"
1,2,0,0,"X","","","","3/G3","T",1,0,0,0,0,"F"
0,0,1,1,"CBX","","","","9/F9LD","T",1,0,0,0,0,"F"
0,1,2,0,"BBX","","","","9/F89S","T",1,0,0,0,0,"F"
0,2,1,2,"SBSFFS","","","","K","T",1,0,0,0,0,"F"
1,0,0,0,"X","","","","63/G4","T",1,0,0,0,0,"F"
1,1,2,2,"CBBFS","","","","K","T",1,0,0,0,0,"F"
1,2,2,2,"BBSFS","","","","K","T",1,0,0,0,0,"F"
0,0,2,2,"FBCBX","","","","S7/G56+","T",0,1,0,0,0,"F"
0,0,2,2,"B*BCFH","boted002","","","HP.1-2","T",0,1,2,0,0,"F"
0,0,2,2,"BFS*BS","chirr001","boted002","","K","T",1,0,1,2,0,"F"
0,1,2,2,"BSSF*BC","chirr001","boted002","","K","T",1,0,1,2,0,"F"
0,2,1,1,"BFX","chirr001","boted002","","64(1)/FO/G6.B-1","T",1,1,0,2,0,"F"
1,0,2,0,"BBX","","","","S8/G4M","T",0,1,0,0,0,"F"
1,0,3,2,"CCFFFBBBX","castn001","","","S8/L8D.1-2","T",0,1,2,0,0,"F"
1,0,0,1,"CX","vottj001","castn001","","D7/F7D.2-H;1-3","T",0,2,3,4,0,"F"
1,0,3,2,"BBFBCB","","farmk001","vottj001","W","T",0,1,0,2,3,"F"
1,0,3,1,"..BBSBB","suare001","farmk001","vottj001","W.3-H;2-3;1-2","T",0,1,2,3,4,"F"
1,0,1,1,"FBX","aquia001","suare001","farmk001","S7/G6.3-H;2-3;1-2","T",0,1,2,3,4,"F"
1,0,0,2,"CFX","naqut001","aquia001","suare001","9/SF/L9LD.3-H","T",1,0,1,2,4,"F"
1,1,3,2,".CFF*BF*BBFB","naqut001","aquia001","","W.2-3;1-2","T",0,1,2,3,0,"F"
1,1,0,0,"X","garcj007","naqut001","aquia001","D7/L7L.3-H;2-H;1-H","T",0,2,4,4,4,"F"
1,1,3,2,"FFBFBBB","","indij001","","W","T",0,1,0,2,0,"F"
1,1,1,1,".BCB","castn001","indij001","","PB.2-3;1-2","F",0,0,2,3,0,"F"
1,1,3,1,".BCB.BX","","castn001","indij001","S7/F7L.3-H(UR);2-3","T",0,1,0,3,5,"F"
1,1,2,2,".CFBBFS","stept001","","castn001","K","T",1,0,1,0,3,"F"
1,2,0,1,"FX","stept001","","castn001","7/F7","T",1,0,1,0,3,"F"
0,0,1,2,"....BCFX","","","","S7/L78","T",0,1,0,0,0,"F"
0,0,1,2,"BCFX","orter001","","","S9/L9.1-2","T",0,1,2,0,0,"F"
0,0,0,1,"CX","duffm002","orter001","","S7/L7.2-3;1-2","T",0,1,2,3,0,"F"
0,0,3,2,"BFFBBS","schwf001","duffm002","orter001","K","T",1,0,1,2,3,"F"
0,1,2,2,"CBCBFS","schwf001","duffm002","orter001","K","T",1,0,1,2,3,"F"
0,2,2,2,"FCBBX","schwf001","duffm002","orter001","S7/L7.3-H;2-H;1-2","T",0,1,2,4,4,"F"
0,2,0,2,"CCX","chirr001","schwf001","","D9/L9LD+.2-H;1-3","T",0,2,3,4,0,"F"
0,2,2,2,"..BBFFFX","","heywj001","chirr001","D9/L89D.3-H;2-H","T",0,2,0,4,4,"F"
0,2,3,1,"BSBBX","","happi001","","3/G3","T",1,0,0,2,0,"F"
1,0,1,0,".BX","","","","S6/G6+","T",0,1,0,0,0,"F"
1,0,3,2,"*SFBFBBFFFFFFX","aquia001","","","4/P3DF/FL","T",1,0,1,0,0,"F"
1,1,2,2,"CFBBX","aquia001","","","HR/F89XD.1-H","T",0,4,4,0,0,"F"
1,1,3,1,"BBFBX","","","","63/G6","T",1,0,0,0,0,"F"
1,2,1,1,"BCX","","","","9/F9","T",1,0,0,0,0,"F"
0,0,3,2,"BBCFBX","","","","8/F8","T",1,0,0,0,0,"F"
0,1,1,0,"BX","","","","63/G6","T",1,0,0,0,0,"F"
0,2,2,1,"CBBX","","","","9/F9","T",1,0,0,0,0,"F"
0,0,2,1,"BSBX","","","","43/G34","T",1,0,0,0,0,"T"
0,1,0,1,"CX","","","","S8/G6M","T",0,1,0,0,0,"F"
0,1,0,1,"F1X","schwf001","","","7/F78","T",1,0,1,0,0,"F"
0,2,1,2,"1CSBS","schwf001","","","K","T",1,0,1,0,0,"F"
1,0,0,1,"CX","","","","43/G4","T",1,0,0,0,0,"F"
1,1,3,1,"BBCBB","","","","W","T",0,1,0,0,0,"F"
1,1,1,1,"CBX","vottj001","","","6(1)3/GDP/G6","T",2,0,0,0,0,"F"
0,0,0,0,"X","","","","43/G34","T",1,0,0,0,0,"F"
0,1,2,2,"BCFBFX","","","","S67/G56+","T",0,1,0,0,0,"F"
0,1,0,0,"X","boted002","","","S8/G6M+.1-2","T",0,1,2,0,0,"F"
0,1,0,0,"X","romia002","boted002","","46(1)3/GDP/G4","T",2,0,0,2,0,"F"
1,0,3,2,"BBCBCB","","","","W","T",0,1,0,0,0,"F"
1,0,2,2,"CFFBFBFX","stept001","","","7/F78","T",1,0,1,0,0,"F"
1,1,2,2,"FFBBX","stept001","","","53/G56S-.1-2","T",1,0,2,0,0,"F"
1,2,2,1,"BFBX","","stept001","","3/G3","T",1,0,0,2,0,"F"
0,0,1,2,"CBFC","","","","K","T",1,0,0,0,0,"F"
0,1,3,2,"BCSBBB","","","","W","T",0,1,0,0,0,"F"
0,1,0,0,"1X","orter001","","","D7/G5.1-H","T",0,2,4,0,0,"F"
0,1,0,2,"CCX","","schwf001","","S7/G6.2-3","T",0,1,0,3,0,"F"
0,1,1,2,"BSFX","happi001","","schwf001","64(1)3/GDP/G6","T",2,0,0,0,3,"F"
1,0,2,2,"BBFCFX","","","","3/G34","T",1,0,0,0,0,"F"
1,1,1,2,"BFFC","","","","K","T",1,0,0,0,0,"F"
1,2,2,2,"CBSBX","","","","43/G4-","T",1,0,0,0,0,"F"
0,0,0,1,"CX","","","","8/F89XD","T",1,0,0,0,0,"F"
0,1,0,1,"CX","","","","43/G4MD+","T",1,0,0,0,0,"F"
0,2,0,2,"CSS","","","","K","T",1,0,0,0,0,"F"
1,0,1,1,"CBX","","","","7/F78D","T",1,0,0,0,0,"F"
1,1,0,1,"SX","","","","13/G15-","T",1,0,0,0,0,"F"
1,2,0,2,"CFC","","","","K","T",1,0,0,0,0,"F"
0,0,0,2,"CCFFC","","","","K","T",1,0,0,0,0,"F"
0,1,0,0,"X","","","","S9/F89S","T",0,1,0,0,0,"F"
0,1,0,0,"1X","hendk001","","","6/P4MS","T",1,0,1,0,0,"F"
0,2,2,2,"CCBB*S","hendk001","","","K","T",1,0,1,0,0,"F"
1,0,3,1,"BBBCB","","","","W","T",0,1,0,0,0,"F"
1,0,1,1,"CBX","mousm001","","","46(1)/FO/G4.B-1","T",1,1,0,0,0,"F"
1,1,3,1,"BBBCX","farmk001","","","S8/L78.1-2","T",0,1,2,0,0,"F"
1,1,3,2,"TBBBFFC","naqut001","farmk001","","K","T",1,0,1,2,0,"F"
1,2,1,0,"BX","naqut001","farmk001","","43/G34","T",1,0,1,2,0,"F"
0,0,1,2,"FSBX","","","","HR/F9D","T",0,4,0,0,0,"F"
0,0,1,2,"BCFT","","","","K","T",1,0,0,0,0,"F"
0,1,2,1,"BCBX","","","","S7/L78","T",0,1,0,0,0,"F"
0,1,0,0,"X","heywj001","","","8/F89","T",1,0,1,0,0,"F"
0,2,0,1,"1CX","heywj001","","","64(1)/FO/G6.B-1","T",1,1,0,0,0,"F"
1,0,1,0,"BX","","","","7/F7LS","T",1,0,0,0,0,"F"
1,1,0,0,"X","","","","7/F78D+","T",1,0,0,0,0,"F"
1,2,1,2,"CFBX","","","","HR/F89XD","T",0,4,0,0,0,"F"
1,2,1,1,"BFX","","","","S7/L7+","T",0,1,0,0,0,"F"
1,2,3,2,"BBSBS>X","stept001","","","9/F9LS","T",1,0,1,0,0,"F"
0,0,3,2,"FBBSBS","","","","K","T",1,0,0,0,0,"F"
0,1,0,0,".X","","","","D7/L7LD","T",0,2,0,0,0,"F"
0,1,2,1,"..BBCX","","duffm002","","9/F89S","T",1,0,0,2,0,"F"
0,2,0,0,"X","","duffm002","","53/G5+","T",1,0,0,2,0,"F"
1,0,0,2,"....CFFX","","","","S7/L7D+","T",0,1,0,0,0,"F"
1,0,0,2,"1CTX","farmk001","","","S7/L56D-.1-2","T",0,1,2,0,0,"F"
1,0,1,2,"FBSFT","naqut001","farmk001","","K","T",1,0,1,2,0,"F"
1,1,1,2,".BFFH","naqut001","farmk001","","HP.2-3;1-2","T",0,1,2,3,0,"F"
1,1,1,2,"CFFBC","barnt001","naqut001","farmk001","K","T",1,0,1,2,3,"F"
1,2,0,0,".X","barnt001","naqut001","farmk001","63/G4M+","T",1,0,1,2,3,"F"
0,0,2,1,".BCBX","","","","S8/L8D","T",0,1,0,0,0,"F"
0,0,0,0,"X","happi001","","","S6/P78S.1-2","T",0,1,2,0,0,"F"
0,0,1,2,"BCF*S","wisdp001","happi001","","K","T",1,0,1,2,0,"F"
0,1,1,2,"BCFX","wisdp001","happi001","","64(1)3/GDP/G6","T",2,0,0,2,0,"F"
1,0,1,1,".SBX","","","","8/L8D","T",1,0,0,0,0,"F"
1,1,1,2,"CBC*S","","","","K","T",1,0,0,0,0,"F"
1,2,0,0,"X","","","","5/P5SF/FL","T",1,0,0,0,0,"F"
0,0,0,2,".SFS","","","","K","T",1,0,0,0,0,"F"
0,1,3,0,"BBBB","","","","W","T",0,1,0,0,0,"F"
0,1,0,0,"X","romia001","","","9/F9L","T",1,0,1,0,0,"F"
0,2,2,2,"SBBCN","romia001","","","CS2(14)","F",1,0,0,0,0,"F"
1,0,1,2,"BCT*S","","","","K","T",1,0,0,0,0,"F"
1,1,0,2,"SSX","","","","63/G4","T",1,0,0,0,0,"F"
1,2,0,1,"FX","","","","8/L78D+","T",1,0,0,0,0,"F"
0,0,0,1,"CX","","","","9/F9D","T",1,0,0,0,0,"T"
0,1,2,2,"CBCBFT","","","","K","T",1,0,0,0,0,"F"
0,2,3,1,"BBBCX","","","","HR/F9D","T",0,4,0,0,0,"F"
0,2,2,1,"BBFX","","","","43/G4M+","T",1,0,0,0,0,"F"
1,0,2,1,"BTBX","","","","63/G6","T",1,0,0,0,0,"F"
1,1,3,2,"BBCBFX","","","","9/F9D","T",1,0,0,0,0,"F"
1,2,2,2,"BBCFS","","","","K","T",1,0,0,0,0,"F"
0,0,3,2,"CBSFBBB","","","","W","T",0,1,0,0,0,"F"
0,0,2,2,"SBC*BX","boted002","","","HR/F7D.1-H","T",0,4,4,0,0,"F"
0,0,1,2,"CBFX","","","","S7/G56+","T",0,1,0,0,0,"F"
0,0,2,2,"CFFBBFX","chirr001","","","9/F89D","T",1,0,1,0,0,"F"
0,1,0,0,"X","chirr001","","","34/SH/BG23.1-2","T",1,0,2,0,0,"F"
0,2,2,2,"CBFBX","","chirr001","","S8/F8.2-H","T",0,1,0,4,0,"F"
0,2,0,0,"X","orter001","","","D8/L8XD+.1-H","T",0,2,4,0,0,"F"
0,2,3,2,"FSB*BBX","","schwf001","","63/G6","T",1,0,0,2,0,"F"
1,0,2,1,"CBBX","","","","8/F8","T",1,0,0,0,0,"F"
1,1,3,2,"CBSBBFX","","","","8/L8XD","T",1,0,0,0,0,"F"
1,2,1,1,"FBX","","","","HR/L78XD","T",0,4,0,0,0,"F"
1,2,0,0,"X","","","","S6/G56+","T",0,1,0,0,0,"F"
1,2,1,0,"BX","garcj007","","","S9/L9+.1-2","T",0,1,2,0,0,"F"
1,2,0,1,"F>X","barnt001","garcj007","","6(1)/FO/G6M.B-1","T",1,1,0,2,0,"F"
0,0,1,0,"BX","","","","S8/L8","T",0,1,0,0,0,"F"
0,0,0,0,"X","duffm002","","","S4/G4+.1-3(E4/TH)","T",0,1,3,0,0,"F"
0,0,2,2,"FBFBC","boted002","","duffm002","K","T",1,0,1,0,3,"F"
0,1,1,2,"CBTS","boted002","","duffm002","K","T",1,0,1,0,3,"F"
0,2,0,1,"C>X","boted002","","duffm002","43/G34D","T",1,0,1,0,3,"F"
1,0,2,1,"BCBX","","","","53/G5-","T",1,0,0,0,0,"F"
1,1,3,2,"BFBFFFBX","","","","DGR/F89XD+","T",0,2,0,0,0,"F"
1,1,0,1,"FX","","vottj001","","4/L4M/DP.2X2(4)","T",2,0,0,0,0,"F"
0,0,1,2,"CBCT","","","","K","T",1,0,0,0,0,"F"
0,1,3,1,"BBCBX","","","","8/F8XD","T",1,0,0,0,0,"F"
0,2,0,0,"X","","","","S9/L9","T",0,1,0,0,0,"F"
0,2,3,1,"BCBBX","schwf001","","","3/G3","T",1,0,1,0,0,"F"
1,0,1,1,"BCX","","","","9/F9LD","T",1,0,0,0,0,"F"
1,1,1,2,"BCSFFX","","","","53/G5","T",1,0,0,0,0,"F"
1,2,0,1,"CX","","","","S56/G6MS","T",0,1,0,0,0,"F"
1,2,2,1,"B1C*BH","naqut001","","","HP.1-2","T",0,1,2,0,0,"F"
1,2,2,2,"*BBFCFC","garcj007","naqut001","","K","T",1,0,1,2,0,"F"
0,0,0,1,"SX","","","","63/G6M","T",1,0,0,0,0,"F"
0,1,0,1,"CX","","","","5/P56","T",1,0,0,0,0,"F"
0,2,3,2,"CBSFBBFH","","","","HP","T",0,1,0,0,0,"F"
0,2,2,2,"SF*BBS","hermm001","","","K","T",1,0,1,0,0,"F"
1,0,1,1,"..BFX","","","","3/G3","T",1,0,0,0,0,"F"
1,1,0,2,"CCS","","","","K","T",1,0,0,0,0,"F"
1,2,0,2,"SFC","","","","K","T",1,0,0,0,0,"F"
0,0,1,0,".BX","","","","HR/F89XD","T",0,4,0,0,0,"F"
0,0,0,2,"CSS","","","","K","T",1,0,0,0,0,"F"
0,1,2,0,"BBX","","","","D7/F7LS","T",0,2,0,0,0,"F"
0,1,2,1,"CB*BX","","orter001","","9/F89S","T",1,0,0,2,0,"F"
0,2,0,2,"SSX","","orter001","","4/P4MD","T",1,0,0,2,0,"F"
1,0,0,0,"X","","","","53/G5","T",1,0,0,0,0,"F"
1,1,2,2,"CBBFS","","","","K","T",1,0,0,0,0,"F"
1,2,3,0,"BBBB","","","","W","T",0,1,0,0,0,"F"
1,2,3,2,"BCFBB>X","aquia001","","","53/G6M","T",1,0,1,0,0,"F"
0,0,1,0,"BX","","","","S8/G6M","T",0,1,0,0,0,"F"
0,0,1,2,"*BCCS","duffm002","","","K","T",1,0,1,0,0,"F"
0,1,0,0,"X","duffm002","","","64(1)3/GDP/G6","T",2,0,0,0,0,"F"
1,0,0,0,".X","","","","6/P6MD","T",1,0,0,0,0,"F"
1,1,3,0,"BBBB","","","","W","T",0,1,0,0,0,"F"
1,1,1,0,".BX","barnt001","","","8/F8S","T",1,0,1,0,0,"F"
1,2,2,2,"BCBCFX","barnt001","","","64(1)/FO/G6MS.B-1","T",1,1,0,0,0,"F"
0,0,0,0,".X","","","","6/P56D","T",1,0,0,0,0,"F"
0,1,1,2,"BCCT","","","","K","T",1,0,0,0,0,"F"
0,2,2,2,".BCBSS","","","","K","T",1,0,0,0,0,"F"
1,0,3,2,".BBSFBS","","","","K","T",1,0,0,0,0,"F"
1,1,2,2,"FSBBFX","","","","9/F89D","T",1,0,0,0,0,"F"
1,2,1,2,"CFFBS","","","","K","T",1,0,0,0,0,"F"
0,0,3,2,".FBBFFBB","","","","W","T",0,1,0,0,0,"F"
0,0,3,1,"BCBB*B","orter001","","","W.1-2","T",0,1,2,0,0,"F"
0,0,0,0,"X","schwf001","orter001","","64(1)3/GDP/G6.2-3","T",2,0,0,3,0,"F"
0,2,0,0,"X","","","orter001","S3/BG13.3-H","T",0,1,0,0,4,"F"
0,2,1,2,"SCBS","duffm002","","","K","T",1,0,1,0,0,"F"
1,0,1,2,".CSBFS","","","","K","T",1,0,0,0,0,"F"
1,1,1,2,"CFBS","","","","K","T",1,0,0,0,0,"F"
1,2,1,1,"BFX","","","","D7/G5","T",0,2,0,0,0,"F"
1,2,0,2,"CF*S","","garcj007","","K","T",1,0,0,2,0,"F"
0,0,1,1,"BFX","","","","S5/G5S-","T",0,1,0,0,0,"T"
0,0,0,1,"C>B","rojam002","","","CS2(26)","F",1,0,0,0,0,"F"
0,1,1,2,"C>B.SFS","","","","K","T",1,0,0,0,0,"F"
0,2,1,2,"CSBFX","","","","7/F78","T",1,0,0,0,0,"F"
1,0,1,2,"CBCFX","","","","53/G56","T",1,0,0,0,0,"F"
1,1,1,1,"BFX","","","","S8/L8D+","T",0,1,0,0,0,"F"
1,1,0,0,"X","naqut001","","","64(1)3/GDP/G6","T",2,0,0,0,0,"F"
0,0,0,0,"X","","","","D9/L9LD","T",0,2,0,0,0,"F"
0,0,1,0,"BX","","sancj003","","63/G6","T",1,0,0,2,0,"F"
0,1,2,0,"*BBX","","sancj003","","S56/G56+.2-3","T",0,1,0,3,0,"F"
0,1,0,0,"X","alfaj002","","sancj003","1/L4MS/DP.1X1(13)","T",2,0,0,0,3,"F"
1,0,1,0,"BX","","","","8/F89","T",1,0,0,0,0,"F"
1,1,1,0,"BX","","","","9/F9","T",1,0,0,0,0,"F"
1,2,1,1,"BCX","","","","3/G3","T",1,0,0,0,0,"F"
0,0,0,2,"CFS","","","","K","T",1,0,0,0,0,"F"
0,1,1,2,"SBCFS","","","","K","T",1,0,0,0,0,"F"
0,2,2,1,"CBBX","","","","63/G6","T",1,0,0,0,0,"F"
1,0,1,2,"BCCFFX","","","","31/G34","T",1,0,0,0,0,"F"
1,1,1,2,"CBSX","","","","3/P23F/FL","T",1,0,0,0,0,"F"
1,2,0,1,"FX","","","","9/F9","T",1,0,0,0,0,"F"
0,0,2,2,"BBSSFS","","","","K","T",1,0,0,0,0,"F"
0,1,2,2,"BCFBT","","","","K","T",1,0,0,0,0,"F"
0,2,0,0,"X","","","","S9/L9","T",0,1,0,0,0,"F"
0,2,3,0,"1BBBB","sancj003","","","W.1-2","T",0,1,2,0,0,"F"
0,2,1,0,"BX","andeb006","sancj003","","S9/G4.2-H;1-2","T",0,1,2,4,0,"F"
0,2,1,2,"CBFT","alfaj002","andeb006","","K","T",1,0,1,2,0,"F"
1,0,2,2,"BCCFBX","","","","S7/L78S","T",0,1,0,0,0,"F"
1,0,0,0,"X","indij001","","","5/P5F/FL","T",1,0,1,0,0,"F"
1,1,1,2,"CB1TX","indij001","","","S8/L8.1-2","T",0,1,2,0,0,"F"
1,1,2,2,"CBBFX","castn001","indij001","","HR/F89XD+.2-H;1-H","T",0,4,4,4,0,"F"
1,1,3,2,"FBBBCB","","","","W","T",0,1,0,0,0,"F"
1,1,2,2,"C*BSBX","stept001","","","6/P56","T",1,0,1,0,0,"F"
1,2,0,0,"X","stept001","","","D9/F9L.1-H","T",0,2,4,0,0,"F"
1,2,3,0,"VVVV","","farmk001","","IW","T",0,1,0,2,0,"F"
1,2,0,2,"FSFS","aquia001","farmk001","","K","T",1,0,1,2,0,"F"
0,0,0,1,"CX","","","","7/L78D","T",1,0,0,0,0,"F"
0,1,1,2,"CCBX","","","","9/F9D","T",1,0,0,0,0,"F"
0,2,1,2,"CBFFX","","","","D7/L7L","T",0,2,0,0,0,"F"
0,2,3,2,"FFBBBFS","","rojam002","","K","T",1,0,0,2,0,"F"
1,0,3,2,"BBBCFB","","","","W","T",0,1,0,0,0,"F"
1,0,1,0,"B1X","indij001","","","46(1)3/GDP/G4","T",2,0,0,0,0,"F"
1,2,1,1,"BFX","","","","63/G56","T",1,0,0,0,0,"F"
0,0,0,2,"CFX","","","","8/F89XD+","T",1,0,0,0,0,"F"
0,1,0,1,"CX","","","","13/G4MS","T",1,0,0,0,0,"F"
0,2,0,0,"X","","","","63/G6","T",1,0,0,0,0,"F"
1,0,2,2,".BBFCS","","","","K","T",1,0,0,0,0,"F"
1,1,3,2,"CBFBFFBFS","","","","K","T",1,0,0,0,0,"F"
1,2,3,0,"BBBB","","","","W","T",0,1,0,0,0,"F"
1,2,0,1,"CX","mousm001","","","6/L6D","T",1,0,1,0,0,"F"
0,0,0,2,"FSX","","","","53/G56D","T",1,0,0,0,0,"F"
0,1,1,0,"BX","","","","S9/G4","T",0,1,0,0,0,"F"
0,1,2,2,"FSBBFX","jacka002","","","S8/L8.1-2","T",0,1,2,0,0,"F"
0,1,2,1,".BSBX","delab001","jacka002","","64(1)/FO/G56+.2-3;B-1","T",1,1,0,3,0,"F"
0,2,2,2,"BCBFFX","brinl001","","jacka002","53/G56","T",1,0,1,0,3,"F"
1,0,0,0,".X","","","","D8/L78XD+","T",0,2,0,0,0,"F"
1,0,1,2,".BCFFX","","aquia001","","4/P34","T",1,0,0,2,0,"F"
1,1,2,2,"B*BCFX","","aquia001","","D7/L7L.2-H","T",0,2,0,4,0,"F"
1,1,0,2,"FFS","","indij001","","K","T",1,0,0,2,0,"F"
1,2,1,2,"CSBX","","indij001","","S7/G5.2-H","T",0,1,0,4,0,"F"
1,2,2,2,"CCB*BFFT","castn001","","","K","T",1,0,1,0,0,"F"
0,0,3,2,".BBCFFBS","","","","K","T",1,0,0,0,0,"F"
0,1,3,2,"CSBBBX","","","","63/G6","T",1,0,0,0,0,"F"
0,2,1,2,"SCBX","","","","8/F8","T",1,0,0,0,0,"F"
1,0,0,2,"CCC","","","","K","T",1,0,0,0,0,"F"
1,1,1,1,"BCX","","","","5/P56S","T",1,0,0,0,0,"F"
1,2,1,1,"CBX","","","","S8/G4","T",0,1,0,0,0,"F"
1,2,2,0,"BBX","farmk001","","","8/F8D+","T",1,0,1,0,0,"F"
0,0,3,2,".BCBFBX","","","","7/F7D","T",1,0,0,0,0,"F"
0,1,1,2,"BSFS","","","","K","T",1,0,0,0,0,"F"
0,2,2,2,"BBSSS","","","","K","T",1,0,0,0,0,"F"
0,0,1,1,"BSX","","","","9/F89","T",1,0,0,0,0,"T"
0,1,0,2,"FSX","","","","5/P5F/FL","T",1,0,0,0,0,"F"
0,2,1,0,"BX","","","","8/F8D","T",1,0,0,0,0,"F"
1,0,1,2,"CCBX","","","","53/G56","T",1,0,0,0,0,"F"
1,1,0,0,"X","","","","T9/G3","T",0,3,0,0,0,"F"
1,1,0,0,"X","","","naqut001","D7/G5.3-H","T",0,2,0,0,4,"F"
1,1,1,2,"FFFFBX","","castn001","","E3/G3.2-3;B-1","T",0,1,0,3,0,"F"
1,1,0,1,"FX","vottj001","","castn001","8/SF/F8XD.3-H(UR)","T",1,0,1,0,5,"F"
1,2,0,1,"CX","vottj001","","","53/G56","T",1,0,1,0,0,"F"
0,0,1,1,"CBX","","","","43/G34+","T",1,0,0,0,0,"F"
0,1,0,1,"FX","","","","7/F78D","T",1,0,0,0,0,"F"
0,2,1,1,"CBX","","","","31/G34-","T",1,0,0,0,0,"F"
1,0,0,2,"CSFC","","","","K","T",1,0,0,0,0,"F"
1,1,0,0,"X","","","","6/P5D","T",1,0,0,0,0,"F"
1,2,1,0,"BX","","","","31/G34","T",1,0,0,0,0,"F"
0,0,0,2,"SFX","","","","63/G6","T",1,0,0,0,0,"F"
0,1,0,2,"SS*S","","","","K","T",1,0,0,0,0,"F"
0,2,1,2,"FSBC","","","","K","T",1,0,0,0,0,"F"
1,0,0,2,"CCS","","","","K","T",1,0,0,0,0,"F"
1,1,0,1,"FX","","","","13/BG1S","T",1,0,0,0,0,"F"
1,2,2,1,"CBBX","","","","8/L8XD+","T",1,0,0,0,0,"F"
0,0,2,1,"BCBX","","","","53/G5","T",1,0,0,0,0,"F"
0,1,1,2,"CFBX","","","","S9/L89","T",0,1,0,0,0,"F"
0,1,0,1,"C1>B","chisj001","","","SB2","F",0,0,2,0,0,"F"
0,1,3,2,"C1>B.BFBF*B","","chisj001","","W","T",0,1,0,2,0,"F"
0,1,3,1,"FB*BBB","aguij001","chisj001","","W.2-3;1-2","T",0,1,2,3,0,"F"
0,1,0,0,"X","sancj003","aguij001","chisj001","8/F8","T",1,0,1,2,3,"F"
0,2,0,2,"FF*S","sancj003","aguij001","chisj001","K","T",1,0,1,2,3,"F"
1,0,3,1,"BBBCB","","","","W","T",0,1,0,0,0,"F"
1,0,0,1,"CX","vottj001","","","S9/L9LD.1-3;B-2(E9)","T",0,2,3,0,0,"F"
1,0,2,2,"FSFF*BBS","","farmk001","vottj001","K","T",1,0,0,2,3,"F"
1,1,0,2,"CTFFS","","farmk001","vottj001","K","T",1,0,0,2,3,"F"
1,2,3,0,"VVVV","","farmk001","vottj001","IW","T",0,1,0,2,3,"F"
1,2,0,2,"FFC","barnt001","farmk001","vottj001","K","T",1,0,1,2,3,"F"
0,0,0,0,"X","","","","53/G5","T",1,0,0,0,0,"F"
0,1,2,2,"BSFBS","","","","K","T",1,0,0,0,0,"F"
0,2,1,2,"CBSS","","","","K","T",1,0,0,0,0,"F"
1,0,1,2,"BFFFX","","","","8/L8D","T",1,0,0,0,0,"F"
1,1,0,0,"X","","","","HR/F9D","T",0,4,0,0,0,"F"
1,1,0,1,"CH","","","","HP","T",0,1,0,0,0,"F"
1,1,0,0,"X","castn001","","","HR/F89XD.1-H","T",0,4,4,0,0,"F"
1,1,1,2,"CFFBS","","","","K","T",1,0,0,0,0,"F"
1,2,2,2,".BBCS*S","","","","K","T",1,0,0,0,0,"F"
0,0,0,2,"CSX","","","","63/G6M","T",1,0,0,0,0,"F"
0,1,0,1,"CX","","","","31/G34","T",1,0,0,0,0,"F"
0,2,3,2,"BCFBBFX","","","","C/E2.B-1","T",0,1,0,0,0,"F"
0,2,0,0,"X","aguij001","","","3/G3","T",1,0,1,0,0,"F"
1,0,0,1,".FX","","","","8/F8XD+","T",1,0,0,0,0,"F"
1,1,1,1,"BTX","","","","9/L9LD","T",1,0,0,0,0,"F"
1,2,0,2,"CSC","","","","K","T",1,0,0,0,0,"F"
0,0,3,2,"CSBBBX","","","","53/G56","T",1,0,0,0,0,"F"
0,1,2,2,"CSBBX","","","","7/L78D","T",1,0,0,0,0,"F"
0,2,0,2,"FFX","","","","13/G1S-","T",1,0,0,0,0,"F"
1,0,3,2,".BFBBFX","","","","53/G56","T",1,0,0,0,0,"F"
1,1,0,0,"X","","","","53/G6S-","T",1,0,0,0,0,"F"
1,2,1,0,"BX","","","","S7/G56","T",0,1,0,0,0,"F"
1,2,0,1,"CX","castn001","","","8/F8XD+","T",1,0,1,0,0,"F"
0,0,3,2,".BCSBB*B","","","","W","T",0,1,0,0,0,"F"
0,0,1,2,".CCFBS","jacka002","","","K","T",1,0,1,0,0,"F"
0,1,2,2,"FBBFX","jacka002","","","D7/G5.1-3","T",0,2,3,0,0,"F"
0,1,1,0,"BX","","rojam002","jacka002","HR/F9D.3-H;2-H","T",0,4,0,4,4,"F"
0,1,1,2,"BCCFS","","","","K","T",1,0,0,0,0,"F"
0,2,3,2,"CBSFBBX","","","","3/P2F/FL","T",1,0,0,0,0,"F"
1,0,0,1,".FX","","","","63/G6","T",1,0,0,0,0,"F"
1,1,2,0,"BBX","","","","7/F78XD","T",1,0,0,0,0,"F"
1,2,1,2,"SBFX","","","","4/L6D","T",1,0,0,0,0,"F"
0,0,2,2,".CBBCFT","","","","K","T",1,0,0,0,0,"F"
0,1,2,2,"CBSFBX","","","","D8/L89XD+","T",0,2,0,0,0,"F"
0,1,0,1,"FX","","brinl001","","23/G2-.2-3","T",1,0,0,3,0,"F"
0,2,1,2,"SCBS","","","brinl001","K","T",1,0,0,0,3,"F"
0,0,0,1,"CX","","","","9/L9S","T",1,0,0,0,0,"T"
0,1,2,2,"CSBFBFS","","","","K","T",1,0,0,0,0,"F"
0,2,2,0,"BBX","","","","9/F9L","T",1,0,0,0,0,"F"
1,0,1,0,"BX","","","","5/P5S","T",1,0,0,0,0,"F"
1,1,2,2,"CBFBFFX","","","","D7/G5","T",0,2,0,0,0,"F"
1,1,2,1,"BFBX","","naqut001","","HR/F89XD.2-H","T",0,4,0,4,0,"F"
1,1,3,2,"BSBBCS","","","","K","T",1,0,0,0,0,"F"
1,2,3,1,"BBBCX","","","","S8/L8","T",0,1,0,0,0,"F"
1,2,0,2,"S11FX","farmk001","","","3/P23","T",1,0,1,0,0,"F"
0,0,1,1,"BFX","","","","53/G56","T",1,0,0,0,0,"F"
0,1,2,2,"BCCBX","","","","53/G6S","T",1,0,0,0,0,"F"
0,2,0,1,"SX","","","","S7/G56","T",0,1,0,0,0,"F"
0,2,0,0,"1","alfaj002","","","POCS2(1342)","F",1,0,0,0,0,"F"
1,0,2,2,"BBFSX","","","","8/F78","T",1,0,0,0,0,"F"
1,1,1,1,"FBX","","","","5/P5","T",1,0,0,0,0,"F"
1,2,0,2,"TSX","","","","7/F7S","T",1,0,0,0,0,"F"
0,0,1,1,"BFX","","","","D7/L7LD","T",0,2,0,0,0,"F"
0,0,3,2,"BB*BCTS","","delab001","","K","T",1,0,0,2,0,"F"
0,1,0,1,"CX","","delab001","","13/SH/BG34S.2-3","T",1,0,0,3,0,"F"
0,2,1,1,"BFX","","","delab001","53/G56","T",1,0,0,0,3,"F"
1,0,0,2,"CFS","","","","K","T",1,0,0,0,0,"F"
1,1,3,2,"BFBSBB","","","","W","T",0,1,0,0,0,"F"
1,1,0,0,"X","naqut001","","","54(1)3/GDP/G56","T",2,0,0,0,0,"F"
0,0,3,2,"LBFBBC","","","","K","T",1,0,0,0,0,"F"
0,1,2,2,"CBFBX","","","","S8/L89D+","T",0,1,0,0,0,"F"
0,1,3,2,"BB*BCFFX","aguij001","","","S9/L9S.1-2","T",0,1,2,0,0,"F"
0,1,0,2,"SSX","brinl001","aguij001","","64(1)3/GDP/G56","T",2,0,0,2,0,"F"
1,0,3,2,"FBBFFBFX","","","","63/G6M","T",1,0,0,0,0,"F"
1,1,0,1,"CX","","","","43/G6M+","T",1,0,0,0,0,"F"
1,2,1,2,"SSBS","","","","K","T",1,0,0,0,0,"F"
0,0,0,1,"SX","","","","43/G6M","T",1,0,0,0,0,"F"
0,1,3,2,"CBBSBF*B","","","","W","T",0,1,0,0,0,"F"
0,1,0,0,"1X","delab001","","","S7/L78.1-2","T",0,1,2,0,0,"F"
0,1,2,2,"BLLBX","jacka002","delab001","","14/SH/BG23.2-3;1-2","T",1,0,2,3,0,"F"
0,2,3,2,"BBBCC.FB","","jacka002","delab001","W","T",0,1,0,2,3,"F"
0,2,1,2,"CF*BH","rojam002","jacka002","delab001","HP.3-H;2-3;1-2","T",0,1,2,3,4,"F"
0,2,3,1,"BBBCB","chisj001","rojam002","jacka002","W.3-H;2-3;1-2","T",0,1,2,3,4,"F"
0,2,0,0,"...X","aguij001","chisj001","rojam002","8/F8S","T",1,0,1,2,3,"F"
1,0,1,1,"BSX","","","","63/G6","T",1,0,0,0,0,"F"
1,1,2,2,"CBFBX","","","","63/G6M","T",1,0,0,0,0,"F"
1,2,0,2,"CSX","","","","8/L8D","T",1,0,0,0,0,"F"
0,0,3,2,"CBBFBB","","","","W","T",0,1,0,0,0,"F"
0,0,0,1,"CX","andeb006","","","46(1)3/GDP/G4M","T",2,0,0,0,0,"F"
0,2,1,1,"BFX","","","","43/G4","T",1,0,0,0,0,"F"
1,0,1,0,".BX","","","","S7/L78","T",0,1,0,0,0,"F"
1,0,1,1,"BC1X","indij001","","","D8/L89XD+.1-3","T",0,2,3,0,0,"F"
1,0,2,1,"BSBX","","naqut001","indij001","63/G6.3-H","T",1,0,0,2,4,"F"
1,1,3,0,"VVVV","","naqut001","","IW","T",0,1,0,2,0,"F"
1,1,3,1,"BBBCB","vottj001","naqut001","","W.2-3;1-2","T",0,1,2,3,0,"F"
1,1,0,1,".FX","farmk001","vottj001","naqut001","D9/L9LD.3-H;2-H;1-3","T",0,2,3,4,4,"F"
1,1,1,0,"BX","","stept001","farmk001","9/SF/DP/F89.3-H;2X3(935)","T",2,0,0,0,4,"F"
0,0,0,2,".CCS","","","","K","T",1,0,0,0,0,"F"
0,1,0,0,".H","","","","HP","T",0,1,0,0,0,"F"
0,1,0,0,"X","sancj003","","","46(1)3/GDP/G4+","T",2,0,0,0,0,"F"
1,0,1,1,".FBX","","","","3/L3","T",1,0,0,0,0,"F"
1,1,3,2,"BCBFBX","","","","43/G4+","T",1,0,0,0,0,"F"
1,2,0,2,"CFX","","","","31/G34","T",1,0,0,0,0,"F"
0,0,3,1,".BBCBB","","","","W","T",0,1,0,0,0,"F"
0,0,3,1,"CBBBB","chisj001","","","W.1-2","T",0,1,2,0,0,"F"
0,0,2,2,"CBSBX","aguij001","chisj001","","2/P2F/FL","T",1,0,1,2,0,"F"
0,1,1,0,"BX","aguij001","chisj001","","D7/L78XD+.2-H;1-3","T",0,2,3,4,0,"F"
0,1,0,0,"..X","","andeb006","aguij001","S9/L9.3-H;2-3","T",0,1,0,3,4,"F"
0,1,0,1,".F1X","sierm002","","andeb006","64(1)3/GDP/G6","T",2,0,0,0,3,"F"
1,0,1,2,"..CFBX","","","","D7/L7LD","T",0,2,0,0,0,"F"
1,0,0,1,"FX","","naqut001","","S8/L78.2-H","T",0,1,0,4,0,"F"
1,0,2,2,"BFBCS","castn001","","","K","T",1,0,1,0,0,"F"
1,1,1,0,".BX","castn001","","","9/L89D","T",1,0,1,0,0,"F"
1,2,2,2,"FF*BF*BX","castn001","","","8/F8D","T",1,0,1,0,0,"F"
0,0,0,2,"CSS","","","","K","T",1,0,0,0,0,"F"
0,1,0,0,".X","","","","S8/G4M","T",0,1,0,0,0,"F"
0,1,0,0,"X","diazi001","","","14(1)3/GDP/G1","T",2,0,0,0,0,"F"
0,0,0,2,"CFFX","","","","63/G56","T",1,0,0,0,0,"T"
0,1,0,2,"SFS","","","","K","T",1,0,0,0,0,"F"
0,2,0,2,"CFFFS","","","","K","T",1,0,0,0,0,"F"
1,0,2,2,"BFFFBX","","","","HR/F89XD","T",0,4,0,0,0,"F"
1,0,1,2,"CFFBC","","","","K","T",1,0,0,0,0,"F"
1,1,3,2,"CBSBBX","","","","9/F89","T",1,0,0,0,0,"F"
1,2,0,0,"X","","","","S9/L9S","T",0,1,0,0,0,"F"
1,2,0,0,"X","vottj001","","","4(1)/FO/G6M.B-1","T",1,1,0,0,0,"F"
0,0,1,2,"FSBX","","","","8/F89D","T",1,0,0,0,0,"F"
0,1,0,0,"X","","","","8/F8","T",1,0,0,0,0,"F"
0,2,1,2,"BCSFX","","","","13/G1-","T",1,0,0,0,0,"F"
1,0,2,2,"BBCSS","","","","K","T",1,0,0,0,0,"F"
1,1,2,2,"CBSBFS","","","","K","T",1,0,0,0,0,"F"
1,2,0,2,"FFS","","","","K","T",1,0,0,0,0,"F"
0,0,3,2,"CBBBCS","","","","K","T",1,0,0,0,0,"F"
0,1,0,0,"X","","","","53/G5","T",1,0,0,0,0,"F"
0,2,1,2,"BCSS","","","","K","T",1,0,0,0,0,"F"
1,0,0,0,"X","","","","13/G1-","T",1,0,0,0,0,"F"
1,1,3,2,"BBBCSX","","","","63/G6+","T",1,0,0,0,0,"F"
1,2,0,0,"X","","","","63/G6","T",1,0,0,0,0,"F"
0,0,1,2,"SBFX","","","","S9/F89S","T",0,1,0,0,0,"F"
0,0,0,2,"1CSX","rojam002","","","4(1)/FO/G34.B-1","T",1,1,0,0,0,"F"
0,1,0,1,"1S>X","chisj001","","","6/P6","T",1,0,1,0,0,"F"
0,2,0,0,"11B","chisj001","","","SB2","F",0,0,2,0,0,"F"
0,2,2,1,"11B.FBX","","chisj001","","D7/G5.2-H","T",0,2,0,4,0,"F"
0,2,0,2,"CTX","","sancj003","","4/P89S","T",1,0,0,2,0,"F"
1,0,2,2,"CBFBX","","","","S6/G56+","T",0,1,0,0,0,"F"
1,0,2,2,"BBFFS","castn001","","","K","T",1,0,1,0,0,"F"
1,1,1,1,"BCX","castn001","","","3/L3/DP.1X1(3)","T",2,0,0,0,0,"F"
0,0,2,2,"BBFFS","","","","K","T",1,0,0,0,0,"F"
0,1,0,2,"CCX","","","","4/P89S","T",1,0,0,0,0,"F"
0,2,3,2,"CCBBBX","","","","6/P6MD","T",1,0,0,0,0,"F"
1,0,1,2,"CFBX","","","","HR/F9LD","T",0,4,0,0,0,"F"
1,0,0,2,"CFS","","","","K","T",1,0,0,0,0,"F"
1,1,3,1,"SBBBB","","","","W","T",0,1,0,0,0,"F"
1,1,0,1,"L1X","akiys001","","","54/SH/BG25.1-2","T",1,0,2,0,0,"F"
1,2,0,1,"FX","","akiys001","","31/G34","T",1,0,0,2,0,"F"
0,0,0,2,"CCS","","","","K","T",1,0,0,0,0,"F"
0,1,1,0,"BX","","","","S9/L34D","T",0,1,0,0,0,"F"
0,1,0,0,"11X","rojam002","","","1/BL1S/DP.1X1(13)","T",2,0,0,0,0,"F"
1,0,1,2,"CCBC","","","","K","T",1,0,0,0,0,"F"
1,1,1,2,"BFFS","","","","K","T",1,0,0,0,0,"F"
1,2,3,1,"BBCBB","","","","W","T",0,1,0,0,0,"F"
1,2,1,2,"1C*SBF*S","vottj001","","","K.BX1(23)","T",1,0,1,0,0,"F"
0,0,2,2,"CBBFT","","","","K","T",1,0,0,0,0,"F"
0,1,3,2,"BBBCFB","","","","W","T",0,1,0,0,0,"F"
0,1,1,1,"BSX","sancj003","","","9/F9","T",1,0,1,0,0,"F"
0,2,1,0,"BX","sancj003","","","E4/G34D+.1-2;B-1","T",0,1,2,0,0,"F"
0,2,1,2,"BCC*S","diazi001","sancj003","","K","T",1,0,1,2,0,"F"
1,0,2,2,"CBFFFFFBC","","","","K","T",1,0,0,0,0,"F"
1,1,1,1,"BFX","","","","63/G6D","T",1,0,0,0,0,"F"
1,2,3,2,"CSFBFBFBFFS","","","","K","T",1,0,0,0,0,"F"
0,0,3,2,".BSSBBS","","","","K","T",1,0,0,0,0,"F"
0,1,3,2,".BCBFBFFFX","","","","7/F78D","T",1,0,0,0,0,"F"
0,2,0,1,"CX","","","","6/P6MS","T",1,0,0,0,0,"F"
1,0,3,2,"..BCSBBC","","","","K","T",1,0,0,0,0,"F"
1,1,0,2,"CSFFX","","","","HR/F89XD","T",0,4,0,0,0,"F"
1,1,2,2,"FFBBX","","","","D7/L7L","T",0,2,0,0,0,"F"
1,1,2,2,"CBCBFFX","","stept001","","63/G56","T",1,0,0,2,0,"F"
1,2,3,0,"VVVV","","stept001","","IW","T",0,1,0,2,0,"F"
1,2,1,1,"CBX","vottj001","stept001","","8/L8D","T",1,0,1,2,0,"F"
0,0,1,2,".FBSX","","","","13/G4MS+","T",1,0,0,0,0,"F"
0,1,2,2,"CBSBX","","","","7/L78D+","T",1,0,0,0,0,"F"
0,2,3,2,"FSBBFFFBFB","","","","W","T",0,1,0,0,0,"F"
0,2,0,1,"CX","sancj003","","","53/G5-","T",1,0,1,0,0,"F"
0,0,3,2,"CFBFBBB","","","","W","T",0,1,0,0,0,"T"
0,0,1,2,"B11FSFX","edmat001","","","HR/F9D.1-H","T",0,4,4,0,0,"F"
0,0,1,1,"FBX","","","","7/F78D","T",1,0,0,0,0,"F"
0,1,0,1,"CX","","","","53/G5","T",1,0,0,0,0,"F"
0,2,3,2,"CBSBFFBS","","","","K","T",1,0,0,0,0,"F"
1,0,0,1,"CX","","","","7/F7LDF/FL","T",1,0,0,0,0,"F"
1,1,0,1,"CX","","","","8/L8D","T",1,0,0,0,0,"F"
1,2,3,2,"BBCSB*B","","","","W","T",0,1,0,0,0,"F"
1,2,1,2,"BSFS","castn001","","","K","T",1,0,1,0,0,"F"
0,0,1,2,"CSFFBFT","","","","K","T",1,0,0,0,0,"F"
0,1,3,2,"BFCBBS","","","","K","T",1,0,0,0,0,"F"
0,2,0,0,"X","","","","43/G4","T",1,0,0,0,0,"F"
1,0,1,1,"BCX","","","","HR/F7D","T",0,4,0,0,0,"F"
1,0,1,1,"BCX","","","","8/L8D","T",1,0,0,0,0,"F"
1,1,1,0,"BX","","","","43/G4M","T",1,0,0,0,0,"F"
1,2,3,2,"BSCBBX","","","","8/F8S","T",1,0,0,0,0,"F"
0,0,1,2,"BFFS","","","","K","T",1,0,0,0,0,"F"
0,1,0,2,"CSS","","","","K","T",1,0,0,0,0,"F"
0,2,3,2,"CBBBCFB","","","","W","T",0,1,0,0,0,"F"
0,2,1,2,"FBCX","goldp001","","","63/G4","T",1,0,1,0,0,"F"
1,0,0,2,"SSX","","","","53/G56S","T",1,0,0,0,0,"F"
1,1,3,2,"CBBFBC","","","","K","T",1,0,0,0,0,"F"
1,2,2,2,"BSFBFX","","","","53/G5","T",1,0,0,0,0,"F"
0,0,1,2,"BCTX","","","","S7/G56","T",0,1,0,0,0,"F"
0,0,0,0,"X","arenn001","","","4(1)3/GDP/G4M","T",2,0,0,0,0,"F"
0,2,1,2,"CCFBFS","","","","K","T",1,0,0,0,0,"F"
1,0,3,2,"CFBBBS","","","","K","T",1,0,0,0,0,"F"
1,1,0,0,"X","","","","9/F89","T",1,0,0,0,0,"F"
1,2,1,2,"CBCFS","","","","K","T",1,0,0,0,0,"F"
0,0,0,2,"SFS","","","","K","T",1,0,0,0,0,"F"
0,1,3,1,"BCBBX","","","","D6/F7LS","T",0,2,0,0,0,"F"
0,1,1,2,"FBCX","","badeh001","","43/G4.2-3","T",1,0,0,3,0,"F"
0,2,2,1,"BF*BX","","","badeh001","63/G6","T",1,0,0,0,3,"F"
1,0,0,0,"X","","","","4/P4MD","T",1,0,0,0,0,"F"
1,1,1,2,"BSSS","","","","K","T",1,0,0,0,0,"F"
1,2,1,1,"BFX","","","","163/G6","T",1,0,0,0,0,"F"
0,0,2,2,"BSFB*S","","","","K","T",1,0,0,0,0,"F"
0,1,3,2,"BFFBBX","","","","D9/L9L+","T",0,2,0,0,0,"F"
0,1,2,2,"BCBCX","","carld002","","53/G5.2-3","T",1,0,0,3,0,"F"
0,2,0,0,"X","","","carld002","S5/G25.3-H","T",0,1,0,0,4,"F"
0,2,1,1,"FB1X","oneit001","","","7/F78D","T",1,0,1,0,0,"F"
1,0,2,2,".BCSBFX","","","","63/G6S","T",1,0,0,0,0,"F"
1,1,0,0,"X","","","","9/F89","T",1,0,0,0,0,"F"
1,2,3,2,"BCCBBFX","","","","8/F8XD","T",1,0,0,0,0,"F"
0,0,3,1,".CBBBX","","","","9/L9LD","T",1,0,0,0,0,"F"
0,1,1,0,"BX","","","","9/F9LF/FL","T",1,0,0,0,0,"F"
0,2,2,2,"CBBFFX","","","","S8/L78+","T",0,1,0,0,0,"F"
0,2,1,2,"CS*BX","lestj001","","","43/G34","T",1,0,1,0,0,"F"
1,0,1,2,"CBSX","","","","8/F89","T",1,0,0,0,0,"F"
1,1,3,1,"BCBBB","","","","W","T",0,1,0,0,0,"F"
1,1,1,2,".CFFBX","vottj001","","","DGR/L7LD.1-3","T",0,2,3,0,0,"F"
1,1,2,1,"BFBX","","farmk001","vottj001","FC/G5.3XH(52);B-1","T",1,1,0,2,0,"F"
1,2,1,2,"BFFFC","suare001","farmk001","","K","T",1,0,1,2,0,"F"
0,0,1,0,".BX","","","","9/F9D","T",1,0,0,0,0,"F"
0,1,1,2,"CCBS","","","","K","T",1,0,0,0,0,"F"
0,2,2,2,"BBFSX","","","","S7/L7+","T",0,1,0,0,0,"F"
0,2,2,1,"CBBX","arenn001","","","S8/L89D+.1-3","T",0,1,3,0,0,"F"
0,2,2,2,"BF*BC*S","oneit001","","arenn001","K","T",1,0,1,0,3,"F"
1,0,0,0,"X","","","","7/F7D+","T",1,0,0,0,0,"F"
1,1,1,1,".FBX","","","","31/G3","T",1,0,0,0,0,"F"
1,2,1,0,".BX","","","","E5/G56.B-1","T",0,1,0,0,0,"F"
1,2,2,2,"FC*BBX","indij001","","","8/F8D","T",1,0,1,0,0,"F"
0,0,0,1,".SX","","","","43/G4D","T",1,0,0,0,0,"F"
0,1,1,2,"TCBX","","","","8/F8XD","T",1,0,0,0,0,"F"
0,2,2,2,".CBCBS","","","","K","T",1,0,0,0,0,"F"
1,0,0,1,".FX","","","","63/G56","T",1,0,0,0,0,"F"
1,1,1,2,"SBSFS","","","","K","T",1,0,0,0,0,"F"
1,2,2,2,"CSBBFFX","","","","6/P6D","T",1,0,0,0,0,"F"
0,0,0,1,"CX","","","","53/G56","T",1,0,0,0,0,"T"
0,1,1,1,"CBX","","","","HR/F8XD","T",0,4,0,0,0,"F"
0,1,0,1,"SX","","","","S7/L78D+","T",0,1,0,0,0,"F"
0,1,2,2,"C*BBFFFFS","oneit001","","","K","T",1,0,1,0,0,"F"
0,2,0,0,"X","oneit001","","","S7/L7D.1-2","T",0,1,2,0,0,"F"
0,2,0,0,"X","carld002","oneit001","","64(1)/FO/G6D.B-1","T",1,1,0,2,0,"F"
1,0,3,2,"BBBCCC","","","","K","T",1,0,0,0,0,"F"
1,1,3,2,"CSBBBFFFX","","","","8/F8XD","T",1,0,0,0,0,"F"
1,2,2,2,"FBCBFS","","","","K","T",1,0,0,0,0,"F"
0,0,0,0,"X","","","","HR/F7LD","T",0,4,0,0,0,"F"
0,0,0,0,"X","","","","S7/G56+","T",0,1,0,0,0,"F"
0,0,0,0,"X","kniza001","","","34/SH/BG23-.1-2","T",1,0,2,0,0,"F"
0,1,1,0,"BX","","kniza001","","63/G56D","T",1,0,0,2,0,"F"
0,2,3,2,"*BBCFBB","","kniza001","","W","T",0,1,0,2,0,"F"
0,2,2,2,"BSSBS","goldp001","kniza001","","K","T",1,0,1,2,0,"F"
1,0,3,0,"BBBB","","","","W","T",0,1,0,0,0,"F"
1,0,1,2,"BCFX","vottj001","","","7/F78","T",1,0,1,0,0,"F"
1,1,0,2,"CFX","vottj001","","","S5/G56S-.1-2","T",0,1,2,0,0,"F"
1,1,0,0,"X","farmk001","vottj001","","S7/G6.2-H;1-2","T",0,1,2,4,0,"F"
1,1,1,0,"BX","barnt001","farmk001","","5/P5F/FL","T",1,0,1,2,0,"F"
1,2,0,0,"X","barnt001","farmk001","","D7/G5.2-H;1-H","T",0,2,4,4,0,"F"
1,2,2,2,"CBSBX","","milew001","","53/G5","T",1,0,0,2,0,"F"
0,0,0,0,"X","","","","S7/G56","T",0,1,0,0,0,"F"
0,0,3,2,"BC*BFBX","arenn001","","","S9/L89.1-3","T",0,1,3,0,0,"F"
0,0,0,0,"X","carld002","","arenn001","9/SF/L9L.3-H","T",1,0,1,0,4,"F"
0,1,1,2,"CBCFX","carld002","","","S7/G56.1-2","T",0,1,2,0,0,"F"
0,1,0,0,"X","badeh001","carld002","","64(1)3/GDP/G56","T",2,0,0,2,0,"F"
1,0,1,2,"SFBX","","","","8/F89XD","T",1,0,0,0,0,"F"
1,1,0,1,"SX","","","","S16/G5","T",0,1,0,0,0,"F"
1,1,0,0,"X","castn001","","","D8/L89+.1-H","T",0,2,4,0,0,"F"
1,1,2,2,"BCFBC","","vottj001","","K","T",1,0,0,2,0,"F"
1,2,1,0,"BX","","vottj001","","43/G4M","T",1,0,0,2,0,"F"
0,0,2,2,".CBFBX","","","","S7/G6","T",0,1,0,0,0,"F"
0,0,0,0,"1","rondj002","","","PO1(13)","F",1,0,0,0,0,"F"
0,1,0,2,"1.CSX","","","","S7/F78S","T",0,1,0,0,0,"F"
0,1,3,2,"CBTBBX","edmat001","","","HR/F89XD.1-H","T",0,4,4,0,0,"F"
0,1,0,0,"X","","","","D8/G4+","T",0,2,0,0,0,"F"
0,1,1,0,"BX","","oneit001","","3/P1S","T",1,0,0,2,0,"F"
0,2,1,0,"BX","","oneit001","","63/G6D","T",1,0,0,2,0,"F"
1,0,1,2,"..BCSFFX","","","","S7/L78","T",0,1,0,0,0,"F"
1,0,0,0,".B","stept001","","","WP.1-2","F",0,0,2,0,0,"F"
1,0,1,2,".B.FFFC","","stept001","","K","T",1,0,0,2,0,"F"
1,1,0,0,".X","","stept001","","S5/G56S-.2-2","T",0,1,0,2,0,"F"
1,1,1,2,"BFFX","aquia001","stept001","","3/P3","T",1,0,1,2,0,"F"
1,2,0,0,".X","aquia001","stept001","","43/G34-","T",1,0,1,2,0,"F"
0,0,1,2,"....CSBFS","","","","K","T",1,0,0,0,0,"F"
0,1,1,1,"BCX","","","","4/P4S","T",1,0,0,0,0,"F"
0,2,3,2,"CBBBCFS","","","","K","T",1,0,0,0,0,"F"
1,0,3,2,"BFFBBFFX","","","","S6/G56","T",0,1,0,0,0,"F"
1,0,2,2,"BBCFX","castn001","","","65(1)3/GDP/G4","T",2,0,0,0,0,"F"
1,2,0,2,"CFFC","","","","K","T",1,0,0,0,0,"F"
0,0,1,2,"..FBCC","","","","K","T",1,0,0,0,0,"F"
0,1,3,2,"CBFFBBS","","","","K","T",1,0,0,0,0,"F"
0,2,3,2,"BCCBFFB*B","","","","W","T",0,1,0,0,0,"F"
0,2,1,0,"BX","goldp001","","","6/L56","T",1,0,1,0,0,"F"
1,0,0,1,".CX","","","","9/F9D","T",1,0,0,0,0,"F"
1,1,1,1,"CBX","","","","43/G4MD+","T",1,0,0,0,0,"F"
1,2,0,0,".X","","","","D3/L3D","T",0,2,0,0,0,"F"
1,2,1,0,".BX","","deshd002","","4/L4D","T",1,0,0,2,0,"F"
0,0,1,2,"..CCBX","","","","63/G6","T",1,0,0,0,0,"F"
0,1,1,2,"CSBT","","","","K","T",1,0,0,0,0,"F"
0,2,2,2,"SBFBX","","","","S7/G56+","T",0,1,0,0,0,"F"
0,2,0,0,"X","sosae001","","","S7/G56+.1-2","T",0,1,2,0,0,"F"
0,2,1,2,"CF*BX","badeh001","sosae001","","63/G6D","T",1,0,1,2,0,"F"
1,0,2,2,".CSBFBX","","","","8/F78D","T",1,0,0,0,0,"F"
1,1,1,2,"BCSS","","","","K","T",1,0,0,0,0,"F"
1,2,0,0,"X","","","","8/F8","T",1,0,0,0,0,"F"
0,0,1,1,"CBX","","","","HR/F9D","T",0,4,0,0,0,"T"
0,0,2,2,"TCBBX","","","","53/G5","T",1,0,0,0,0,"F"
0,1,1,0,"BX","","","","63/G6+","T",1,0,0,0,0,"F"
0,2,2,2,"BCBFX","","","","3/P3D","T",1,0,0,0,0,"F"
1,0,1,0,"BX","","","","D7/L78XD","T",0,2,0,0,0,"F"
1,0,0,1,"FX","","indij001","","53/G5-","T",1,0,0,2,0,"F"
1,1,0,1,"SX","","indij001","","HR/F7D.2-H","T",0,4,0,4,0,"F"
1,1,3,2,"CBBFBB","","","","W","T",0,1,0,0,0,"F"
1,1,1,1,"CBX","vottj001","","","D7/F78XD.1-3","T",0,2,3,0,0,"F"
1,1,1,0,"BX","","suare001","vottj001","3/P34","T",1,0,0,2,3,"F"
1,2,3,2,"BCFF*BBB","","suare001","vottj001","W","T",0,1,0,2,3,"F"
1,2,3,2,"BBFCB>X","aquia001","suare001","vottj001","7/F7","T",1,0,1,2,3,"F"
0,0,1,0,"BX","","","","8/L78D","T",1,0,0,0,0,"F"
0,1,1,2,"CBFS","","","","K","T",1,0,0,0,0,"F"
0,2,1,1,"BSX","","","","3/P34-","T",1,0,0,0,0,"F"
1,0,1,1,"BTX","","","","S49/G34","T",0,1,0,0,0,"F"
1,0,2,2,"C*BFBFX","grays001","","","S7/G56.1-2","T",0,1,2,0,0,"F"
1,0,2,0,"BBX","indij001","grays001","","S67/L78S.2-3;1-2","T",0,1,2,3,0,"F"
1,0,1,2,"FFBX","stept001","indij001","grays001","HR/L78XD.3-H;2-H;1-H","T",0,4,4,4,4,"F"
1,0,2,2,"CBFBFX","","","","S8/L78D+","T",0,1,0,0,0,"F"
1,0,3,2,".CBCBBFS","vottj001","","","K","T",1,0,1,0,0,"F"
1,1,2,0,"BBX","vottj001","","","HR/F89XD.1-H","T",0,4,4,0,0,"F"
1,1,3,1,"SBBB.B","","","","W","T",0,1,0,0,0,"F"
1,1,2,2,"CBCFFBFX","aquia001","","","D7/G5.1-H;B-3(E6/TH)","T",0,3,4,0,0,"F"
1,1,2,2,"CBCBS","","","deshd002","K","T",1,0,0,0,3,"F"
1,2,3,2,"BBBCFFB","","","deshd002","W","T",0,1,0,0,3,"F"
1,2,0,1,"CX","indij001","","deshd002","4/P3DF/FL","T",1,0,1,0,3,"F"
0,0,3,2,"BBCCBFX","","","","8/F89S","T",1,0,0,0,0,"F"
0,1,0,2,"CSC","","","","K","T",1,0,0,0,0,"F"
0,2,2,2,"BFCFBH","","","","HP","T",0,1,0,0,0,"F"
0,2,1,2,"CBCX","edmat001","","","64(1)/FO/G6.B-1","T",1,1,0,0,0,"F"
1,0,3,0,"BBBB","","","","W","T",0,1,0,0,0,"F"
1,0,3,2,"BCBCFBB","castn001","","","W.1-2","T",0,1,2,0,0,"F"
1,0,1,0,"BX","vottj001","castn001","","54(1)/FO/G56.2-3;B-1","T",1,1,0,3,0,"F"
1,1,2,2,"BSFBX","suare001","","castn001","7/SF/F78XD.3-H;1-2","T",1,0,2,0,4,"F"
1,2,3,1,"BBBCB","","suare001","","W","T",0,1,0,2,0,"F"
1,2,0,1,".CX","aquia001","suare001","","S7/L7LS.2-H;1-3;B-2(E7/TH)","T",0,2,3,4,0,"F"
1,2,1,0,"BX","","deshd002","aquia001","8/L8","T",1,0,0,2,3,"F"
0,0,3,2,"CSFBBBX","","","","4/L4MD+","T",1,0,0,0,0,"F"
0,1,2,2,"BFFFBX","","","","HR/F7LD","T",0,4,0,0,0,"F"
0,1,0,0,"X","","","","8/F8D","T",1,0,0,0,0,"F"
0,2,1,2,"SCBFX","","","","63/G6","T",1,0,0,0,0,"F"
1,0,1,2,"CFBC","","","","K","T",1,0,0,0,0,"F"
1,1,2,0,"BBX","","","","9/F89D","T",1,0,0,0,0,"F"
1,2,1,2,"CBSFX","","","","53/G56","T",1,0,0,0,0,"F"
0,0,2,2,"BFSBC","","","","K","T",1,0,0,0,0,"F"
0,1,2,2,"BSSBFX","","","","8/F89","T",1,0,0,0,0,"F"
0,2,1,0,".BX","","","","8/F8","T",1,0,0,0,0,"F"
1,0,0,0,"....X","","","","8/F8D","T",1,0,0,0,0,"F"
1,1,1,2,"CSBX","","","","HR/F7D","T",0,4,0,0,0,"F"
1,1,1,2,"SFBX","","","","63/G6S","T",1,0,0,0,0,"F"
1,2,2,2,"BFCBS","","","","K","T",1,0,0,0,0,"F"
0,0,3,2,"....BFCBBX","","","","63/G6M","T",1,0,0,0,0,"F"
0,1,2,2,"CCFBFB*S","","","","K","T",1,0,0,0,0,"F"
0,2,3,2,"BBCFBC","","","","K","T",1,0,0,0,0,"F"
1,0,2,2,".BBCFS","","","","K","T",1,0,0,0,0,"F"
1,1,0,2,".FF*S","","","","K","T",1,0,0,0,0,"F"
1,2,2,2,".FBBFS","","","","K","T",1,0,0,0,0,"F"
0,0,0,0,"..X","","","","63/G6+","T",1,0,0,0,0,"F"
0,1,1,0,".BX","","","","63/G4M","T",1,0,0,0,0,"F"
0,2,1,1,"CBX","","","","D7/L7D+","T",0,2,0,0,0,"F"
0,2,1,1,"BFX","","sanca009","","8/F8XD","T",1,0,0,2,0,"F"
0,0,3,2,"BCBBFFX","","","","63/G6M","T",1,0,0,0,0,"T"
0,1,2,2,"BCBFX","","","","8/L89D+","T",1,0,0,0,0,"F"
0,2,2,1,"CBBX","","","","3/G3","T",1,0,0,0,0,"F"
1,0,1,1,"CBX","","","","4/P8S","T",1,0,0,0,0,"F"
1,1,0,0,"X","","","","9/F89D","T",1,0,0,0,0,"F"
1,2,2,1,"BSBX","","","","53/G56","T",1,0,0,0,0,"F"
0,0,3,0,"BBBB","","","","W","T",0,1,0,0,0,"F"
0,0,2,2,"CCBBFX","cabrm001","","","E1/TH/G1S-.1-2;B-1","T",0,1,2,0,0,"F"
0,0,0,2,"FFFX","candj002","cabrm001","","D8/L89XD+.2-H;1-H(UR)","T",0,2,5,4,0,"F"
0,0,0,1,"CX","","casth001","","43/G34+.2-3","T",1,0,0,3,0,"F"
0,1,2,2,"SSBBS","","","casth001","K","T",1,0,0,0,3,"F"
0,2,1,1,"BCX","","","casth001","13/G13","T",1,0,0,0,3,"F"
1,0,3,2,"CBFBBFX","","","","8/F8XD+","T",1,0,0,0,0,"F"
1,1,3,2,"CBBBFX","","","","HR/F7LD","T",0,4,0,0,0,"F"
1,1,3,1,"BBBFB","","","","W","T",0,1,0,0,0,"F"
1,1,2,2,"BCBFFS","farmk001","","","K","T",1,0,1,0,0,"F"
1,2,2,2,"BCTBS","farmk001","","","K","T",1,0,1,0,0,"F"
0,0,1,1,"FBX","","","","8/F8D","T",1,0,0,0,0,"F"
0,1,0,0,"X","","","","HR/F7LD","T",0,4,0,0,0,"F"
0,1,0,1,"FX","","","","43/G4D","T",1,0,0,0,0,"F"
0,2,1,1,"FBX","","","","13/G2-","T",1,0,0,0,0,"F"
1,0,0,1,"FX","","","","13/G1","T",1,0,0,0,0,"F"
1,1,0,2,"CFFT","","","","K","T",1,0,0,0,0,"F"
1,2,1,2,"CCFBC","","","","K","T",1,0,0,0,0,"F"
0,0,3,2,"CBFBBX","","","","HR/F89XD","T",0,4,0,0,0,"F"
0,0,3,1,"BBBCX","","","","8/F8D","T",1,0,0,0,0,"F"
0,1,2,2,"BTFBFFX","","","","D7/L78XD+","T",0,2,0,0,0,"F"
0,1,3,2,".*BTBBTC","","reyev001","","K","T",1,0,0,2,0,"F"
0,2,0,2,"CFS","","reyev001","","K","T",1,0,0,2,0,"F"
1,0,3,2,"BCFBBX","","","","S8/L89D","T",0,1,0,0,0,"F"
1,0,2,2,"CTBFBS","castn001","","","K","T",1,0,1,0,0,"F"
1,1,3,2,"BBCFBFFFFFB","castn001","","","W.1-2","T",0,1,2,0,0,"F"
1,1,2,2,"C*BC*BFFFX","suare001","castn001","","8/F8D+","T",1,0,1,2,0,"F"
1,2,0,0,"..X","suare001","castn001","","9/F89","T",1,0,1,2,0,"F"
0,0,2,1,".BCBX","","","","7/L7D","T",1,0,0,0,0,"F"
0,1,2,1,"BFBX","","","","S7/L7D+","T",0,1,0,0,0,"F"
0,1,1,2,"BCCFS","schoj001","","","K","T",1,0,1,0,0,"F"
0,2,0,1,"SX","schoj001","","","13/L4MS","T",1,0,1,0,0,"F"
1,0,0,0,".X","","","","S8/L8","T",0,1,0,0,0,"F"
1,0,2,2,".F1BBFS","schrm001","","","K","T",1,0,1,0,0,"F"
1,1,3,2,"BFBFFFBFX","schrm001","","","HR/F8XD.1-H","T",0,4,4,0,0,"F"
1,1,3,1,"BBBCB","","","","W","T",0,1,0,0,0,"F"
1,1,1,0,"BX","stept001","","","S1/G25.1-2","T",0,1,2,0,0,"F"
1,1,0,0,"B","castn001","stept001","","WP.2-3;1-2","F",0,0,2,3,0,"F"
1,1,3,2,"B.FBSFBS","","castn001","stept001","K","T",1,0,0,2,3,"F"
1,2,2,2,"S*SBFBFS","","castn001","stept001","K","T",1,0,0,2,3,"F"
0,0,0,2,"....FFFX","","","","S5/G5S","T",0,1,0,0,0,"F"
0,0,0,2,"C1FX","candj002","","","S8/G4M.1-3;B-2","T",0,2,3,0,0,"F"
0,0,1,2,"BCSFX","","casth001","candj002","S7/G6.3-H;2-H(E5/TH)(NR);B-3","T",0,3,0,4,4,"F"
0,0,2,1,".BFBX","","","reyev001","HR/F7D.3-H","T",0,4,0,0,4,"F"
0,0,2,1,".BFBX","","","","D7/F7D+","T",0,2,0,0,0,"F"
0,0,3,2,"CFBBBFFB","","castw003","","W","T",0,1,0,2,0,"F"
0,0,0,1,"F>S","badda001","castw003","","CS3(25)","F",1,0,1,0,0,"F"
0,1,0,2,"F>S.>X","badda001","","","S9/F9S.1-2","T",0,1,2,0,0,"F"
0,1,1,2,".BTCFX","schoj001","badda001","","1/P1S","T",1,0,1,2,0,"F"
0,2,1,0,"BX","schoj001","badda001","","S9/L9.2-H;1-3","T",0,1,3,4,0,"F"
0,2,0,2,"CTX","cabrm001","","schoj001","D9/L9LS.3-H;1-3","T",0,2,3,0,4,"F"
0,2,1,2,"SBFFC","","candj002","cabrm001","K","T",1,0,0,2,3,"F"
1,0,3,1,"..CBBB*B","","","","W","T",0,1,0,0,0,"F"
1,0,3,2,"BBCLBFS","farmk001","","","K","T",1,0,1,0,0,"F"
1,1,3,2,"BFC*BBX","farmk001","","","S8/L78D.1-3","T",0,1,3,0,0,"F"
1,1,1,0,"BX","schrm001","","farmk001","DGR/L9LD+.3-H;1-3","T",0,2,3,0,4,"F"
1,1,0,2,"CFFS","","mousm001","schrm001","K","T",1,0,0,2,3,"F"
1,2,1,1,"CBX","","mousm001","schrm001","63/G6+","T",1,0,0,2,3,"F"
0,0,0,2,"CSF*S","","","","K.BX1(23)","T",1,0,0,0,0,"F"
0,1,3,1,"BBFBX","","","","HR/F7LD","T",0,4,0,0,0,"F"
0,1,3,1,"BBSBB","","","","W","T",0,1,0,0,0,"F"
0,1,1,2,"CFBT","castw003","","","K","T",1,0,1,0,0,"F"
0,2,0,1,"CX","castw003","","","S9/L9LS.1-2","T",0,1,2,0,0,"F"
0,2,0,1,"CX","schoj001","castw003","","HR/F9LD.2-H;1-H","T",0,4,4,4,0,"F"
0,2,0,2,"CSX","","","","6/P6","T",1,0,0,0,0,"F"
1,0,2,1,"....BCBX","","","","9/L9+","T",1,0,0,0,0,"F"
1,1,0,1,"SX","","","","D9/F89XD+","T",0,2,0,0,0,"F"
1,1,1,0,".BX","","vottj001","","31/G34.2-3","T",1,0,0,3,0,"F"
1,2,1,1,"BFX","","","vottj001","S8/L8.3-H","T",0,1,0,0,4,"F"
1,2,1,2,"FSB>*S","farmk001","","","K","T",1,0,1,0,0,"F"
0,0,0,0,"....X","","","","D7/G5","T",0,2,0,0,0,"F"
0,0,3,2,"BFBBCX","","candj002","","S9/G4.2-H","T",0,1,0,4,0,"F"
0,0,1,2,"SSB*S","goodn002","","","K","T",1,0,1,0,0,"F"
0,1,3,2,"BC*BF*BX","goodn002","","","3/P2F/FL","T",1,0,1,0,0,"F"
0,2,0,1,"FB","goodn002","","","WP.1-2","F",0,0,2,0,0,"F"
0,2,1,2,"FB.FX","","goodn002","","7/L7D","T",1,0,0,2,0,"F"
1,0,2,2,"..BCTBX","","","","43/G4D","T",1,0,0,0,0,"F"
1,1,1,2,"CSBC","","","","K","T",1,0,0,0,0,"F"
1,2,0,1,"CX","","","","53/G56","T",1,0,0,0,0,"F"
0,0,0,0,"....X","","","","9/L9","T",1,0,0,0,0,"F"
0,1,2,2,"BBFCS","","","","K","T",1,0,0,0,0,"F"
0,2,0,1,"FX","","","","43/G9S","T",1,0,0,0,0,"F"
1,0,3,2,"FBBFBB","","","","W","T",0,1,0,0,0,"F"
1,0,0,2,"FFX","stept001","","","7/F7L","T",1,0,1,0,0,"F"
1,1,3,2,"BSSBBB","stept001","","","W.1-2","T",0,1,2,0,0,"F"
1,1,1,2,"BCSFX","barnt001","stept001","","5/P5","T",1,0,1,2,0,"F"
1,2,2,2,"SFFBFFFBFT","barnt001","stept001","","K","T",1,0,1,2,0,"F"
0,0,1,0,"BX","","","","DGR/F89XD","T",0,2,0,0,0,"T"
0,0,0,0,"X","","grosr001","","43/G4","T",1,0,0,2,0,"F"
0,1,3,2,"CBCFBB*B","","grosr001","","W","T",0,1,0,2,0,"F"
0,1,1,1,"BCX","cabrm001","grosr001","","46(1)/FO/G4.2-3;B-1","T",1,1,0,3,0,"F"
0,2,3,2,"BFB*BF>F>F>B","candj002","","grosr001","W.1-2","T",0,1,2,0,3,"F"
0,2,0,2,"FSS","haase001","candj002","grosr001","K","T",1,0,1,2,3,"F"
1,0,3,0,"BBBB","","","","W","T",0,1,0,0,0,"F"
1,0,1,1,"BCX","indij001","","","S8/G6M+.1-2","T",0,1,2,0,0,"F"
1,0,2,2,"SBFF*BFS","stept001","indij001","","K","T",1,0,1,2,0,"F"
1,1,0,0,"X","stept001","indij001","","1/G23-.2-3;1-2","T",1,0,2,3,0,"F"
1,2,3,2,"CCBBFBS","","stept001","indij001","K","T",1,0,0,2,3,"F"
0,0,3,1,"CBBBX","","","","9/F9D","T",1,0,0,0,0,"F"
0,1,2,2,"CBSBS","","","","K","T",1,0,0,0,0,"F"
0,2,0,2,"CCFS","","","","K","T",1,0,0,0,0,"F"
1,0,1,2,"CFBFC","","","","K","T",1,0,0,0,0,"F"
1,1,3,2,"FBBFBB","","","","W","T",0,1,0,0,0,"F"
1,1,2,2,"SBBFFS","aquia001","","","K","T",1,0,1,0,0,"F"
1,2,2,2,"FFBFFBFX","aquia001","","","63/G6","T",1,0,1,0,0,"F"
0,0,1,2,"BCFS","","","","K","T",1,0,0,0,0,"F"
0,1,1,0,"BX","","","","D7/L78D","T",0,2,0,0,0,"F"
0,1,3,2,"CB*BBCB","","schoj001","","W","T",0,1,0,2,0,"F"
0,1,0,2,"CS2FS","cabrm001","schoj001","","K","T",1,0,1,2,0,"F"
0,2,1,2,"CFBX","cabrm001","schoj001","","HR/F78XD.2-H;1-H","T",0,4,4,4,0,"F"
0,2,0,2,"CFS","","","","K","T",1,0,0,0,0,"F"
1,0,1,1,"CBX","","","","5/L5D","T",1,0,0,0,0,"F"
1,1,2,0,"BBX","","","","S9/L9","T",0,1,0,0,0,"F"
1,1,0,1,"FX","stept001","","","D9/L89D+.1-3","T",0,2,3,0,0,"F"
1,1,1,2,"CBCX","","castn001","stept001","S9/L9.3-H;2-3","T",0,1,0,3,4,"F"
1,1,1,1,"CBX","vottj001","","castn001","8/SF/F89.3-H","T",1,0,1,0,4,"F"
1,2,1,1,"FBX","vottj001","","","S6/G56.1-2","T",0,1,2,0,0,"F"
1,2,0,0,"X","farmk001","vottj001","","HR/F7LD.2-H;1-H","T",0,4,4,4,0,"F"
1,2,1,2,"CBFC","","","","K","T",1,0,0,0,0,"F"
0,0,0,2,"CCX","","","","53/G56","T",1,0,0,0,0,"F"
0,1,3,2,"BCFBBS","","","","K","T",1,0,0,0,0,"F"
0,2,1,2,"CCBX","","","","S8/L78D","T",0,1,0,0,0,"F"
0,2,3,2,"CBBBF>C","boydm001","","","K","T",1,0,1,0,0,"F"
1,0,1,2,"FSBFX","","","","53/G56","T",1,0,0,0,0,"F"
1,1,1,1,"CBX","","","","S7/L78D","T",0,1,0,0,0,"F"
1,1,0,0,"X","indij001","","","9/F9L","T",1,0,1,0,0,"F"
1,2,1,2,"FBFT","indij001","","","K","T",1,0,1,0,0,"F"
0,0,2,1,"CBBX","","","","S9/G34","T",0,1,0,0,0,"F"
0,0,1,1,"CBX","schoj001","","","7/L7","T",1,0,1,0,0,"F"
0,1,3,2,"BCBFBB","schoj001","","","W.1-2","T",0,1,2,0,0,"F"
0,1,0,0,"X","candj002","schoj001","","8/F78D","T",1,0,1,2,0,"F"
0,2,0,0,"X","candj002","schoj001","","S7/L7.2-3;1-2","T",0,1,2,3,0,"F"
0,2,3,2,"FSB*B*B>F>F>F>B","casth001","candj002","schoj001","W.3-H;2-3;1-2","T",0,1,2,3,4,"F"
0,2,0,1,"CX","garnd001","casth001","candj002","43/G4D","T",1,0,1,2,3,"F"
1,0,2,2,".CBBFC","","","","K","T",1,0,0,0,0,"F"
1,1,3,2,"SBFBFBB","","","","W","T",0,1,0,0,0,"F"
1,1,2,2,"BCBFS","suare001","","","K","T",1,0,1,0,0,"F"
1,2,2,1,"FB*BX","suare001","","","7/F7+","T",1,0,1,0,0,"F"
0,0,0,1,"..CX","","","","7/F7LS","T",1,0,0,0,0,"F"
0,1,3,2,"BBCSFBS","","","","K","T",1,0,0,0,0,"F"
0,2,1,2,"BSFX","","","","8/L8XD","T",1,0,0,0,0,"F"
1,0,3,2,".BBBCCX","","","","63/G6","T",1,0,0,0,0,"F"
1,1,2,2,".BSCFFBX","","","","S5/G56","T",0,1,0,0,0,"F"
1,1,2,0,"B*BX","schrm001","","","4/F8S","T",1,0,1,0,0,"F"
1,2,1,0,"BX","schrm001","","","13/G1S-","T",1,0,1,0,0,"F"
0,0,0,0,".X","","","","8/L89D","T",1,0,0,0,0,"F"
0,1,0,2,"CCX","","","","5/L56","T",1,0,0,0,0,"F"
0,2,2,2,"CFBBS","","","","K","T",1,0,0,0,0,"F"
1,0,2,0,".BBX","","","","8/F8XD","T",1,0,0,0,0,"F"
1,1,3,2,"SBBBFB","","","","W","T",0,1,0,0,0,"F"
1,1,3,2,"CBBCBFB","vottj001","","","W.1-2","T",0,1,2,0,0,"F"
1,1,0,1,"FX","suare001","vottj001","","8/F78XD.2-3","T",1,0,1,3,0,"F"
1,2,1,2,".FSBX","suare001","","vottj001","T9/G3.3-H;1-H","T",0,3,4,0,4,"F"
1,2,0,0,"..X","","","naqut001","9/F9L","T",1,0,0,0,3,"F"
0,0,0,1,".FX","","","","1/L4MS","T",1,0,0,0,0,"F"
0,1,1,2,"BCSX","","","","DGR/F78XD","T",0,2,0,0,0,"F"
0,1,1,2,".*BFSS","","garnd001","","K","T",1,0,0,2,0,"F"
0,2,0,1,"FX","","garnd001","","8/F8D","T",1,0,0,2,0,"F"
1,0,0,2,"..SCX","","","","4/P4D","T",1,0,0,0,0,"F"
1,1,3,2,"BCFBBX","","","","D7/G5","T",0,2,0,0,0,"F"
1,1,0,0,"X","","indij001","","3/L34/DP.2X2(34)","T",2,0,0,0,0,"F"
0,0,2,2,".BFSFBX","","","","S7/L78S","T",0,1,0,0,0,"F"
0,0,0,2,"CFS","grosr001","","","K","T",1,0,1,0,0,"F"
0,1,1,0,"BX","grosr001","","","54(1)3/GDP/G56","T",2,0,0,0,0,"F"
0,0,1,2,"BFSFFS","","","","K","T",1,0,0,0,0,"T"
0,1,1,2,"CBSX","","","","53/G5","T",1,0,0,0,0,"F"
0,2,0,2,"CSS","","","","K","T",1,0,0,0,0,"F"
1,0,0,1,"FX","","","","53/G56","T",1,0,0,0,0,"F"
1,1,0,2,"FFFX","","","","63/G4","T",1,0,0,0,0,"F"
1,2,0,0,"X","","","","43/G4+","T",1,0,0,0,0,"F"
0,0,3,1,"BFBBB","","","","W","T",0,1,0,0,0,"F"
0,0,3,2,"CB*BFBX","candj002","","","9/F9","T",1,0,1,0,0,"F"
0,1,3,2,"CBB1SB*B","candj002","","","W.1-2","T",0,1,2,0,0,"F"
0,1,1,0,"BX","goodn002","candj002","","7/F7D","T",1,0,1,2,0,"F"
0,2,2,2,"CBSFBX","goodn002","candj002","","53/G56D","T",1,0,1,2,0,"F"
1,0,2,2,"FBBCX","","","","7/F78S","T",1,0,0,0,0,"F"
1,1,2,2,"CBSBFFF*S","","","","K.BX1(23)","T",1,0,0,0,0,"F"
1,2,2,1,"BBFX","","","","9/F9LD","T",1,0,0,0,0,"F"
0,0,1,2,"BCCC","","","","K","T",1,0,0,0,0,"F"
0,1,2,2,"FSBBX","","","","S8/L78","T",0,1,0,0,0,"F"
0,1,0,1,"FX","badda001","","","46(1)3/GDP/G4","T",2,0,0,0,0,"F"
1,0,0,2,"FFFX","","","","7/F7D","T",1,0,0,0,0,"F"
1,1,1,1,"BSX","","","","8/F89D","T",1,0,0,0,0,"F"
1,2,0,2,"FFS","","","","K","T",1,0,0,0,0,"F"
0,0,0,2,"CFC","","","","K","T",1,0,0,0,0,"F"
0,1,0,2,"FFFS","","","","K","T",1,0,0,0,0,"F"
0,2,2,2,"FFBBX","","","","S9/G4","T",0,1,0,0,0,"F"
0,2,1,1,"FBX","haase001","","","7/F7L","T",1,0,1,0,0,"F"
1,0,2,2,".CBFFBX","","","","3/P23F/FL","T",1,0,0,0,0,"F"
1,1,0,1,"FX","","","","S9/L89S","T",0,1,0,0,0,"F"
1,1,0,1,"SX","naqut001","","","S8/L8.1-2","T",0,1,2,0,0,"F"
1,1,3,2,"SB*BF*BX","castn001","naqut001","","4/L34D/DP.2X2(46)","T",2,0,1,0,0,"F"
0,0,0,1,"CX","","","","7/F78","T",1,0,0,0,0,"F"
0,1,1,2,"FBSC","","","","K","T",1,0,0,0,0,"F"
0,2,1,2,"BCSM","","","","K","T",1,0,0,0,0,"F"
1,0,0,0,"X","","","","S9/G3","T",0,1,0,0,0,"F"
1,0,2,1,"BBCX","mousm001","","","64(1)/FO/G6.B-1","T",1,1,0,0,0,"F"
1,1,1,1,"FBX","farmk001","","","S7/G5.1-2","T",0,1,2,0,0,"F"
1,1,1,2,"FBFX","barnt001","farmk001","","46(1)/FO/G34.2-3;B-1","T",1,1,0,3,0,"F"
1,2,0,2,"SCS","schrm001","","farmk001","K","T",1,0,1,0,3,"F"
0,0,0,2,"FCX","","","","D7/G5","T",0,2,0,0,0,"F"
0,0,1,0,"BX","","badda001","","4/L34D","T",1,0,0,2,0,"F"
0,1,0,0,"X","","badda001","","E3/G34D.2-3;B-1","T",0,1,0,3,0,"F"
0,1,1,0,"B>B","grosr001","","badda001","SB2","F",0,0,2,0,3,"F"
0,1,3,1,"B>B.FBX","","grosr001","badda001","T9/G3.3-H;2-H(UR)","T",0,3,0,5,4,"F"
0,1,1,0,"BX","","","candj002","9/SF/L9.3-H(UR)","T",1,0,0,0,5,"F"
0,2,2,1,"BBCX","","","","31/G34","T",1,0,0,0,0,"F"
1,0,2,1,"BBCX","","","","9/F9","T",1,0,0,0,0,"F"
1,1,1,2,"CSFBFFX","","","","S6/G34","T",0,1,0,0,0,"F"
1,1,1,2,"CFBX","naqut001","","","8/F89D","T",1,0,1,0,0,"F"
1,2,2,2,"..CCBBX","naqut001","","","43/G34D","T",1,0,1,0,0,"F"
0,0,0,1,".CX","","","","8/L8XD","T",1,0,0,0,0,"F"
0,1,0,2,"FFX","","","","43/G4","T",1,0,0,0,0,"F"
0,2,0,2,"CSS","","","","K","T",1,0,0,0,0,"F"
1,0,2,1,"BBTX","","","","5/P5F/FL","T",1,0,0,0,0,"F"
1,1,2,2,"CSBFB*S","","","","K","T",1,0,0,0,0,"F"
1,2,0,1,"SX","","","","7/F7","T",1,0,0,0,0,"F"
0,0,3,2,".BBBCCB","","","","W","T",0,1,0,0,0,"F"
0,0,0,2,"C1F>X","badda001","","","S8/L8.1-H;BX2(834)","T",1,0,4,0,0,"F"
0,1,2,2,"CBFBFS","","","","K","T",1,0,0,0,0,"F"
0,2,0,1,"CX","","","","S8/L89.BX2(84)","T",1,0,0,0,0,"F"
1,0,3,2,".BBFFFBFFFFFF*B","","","","W","T",0,1,0,0,0,"F"
1,0,3,2,".CBBCBX","schrm001","","","53/G56.1-2","T",1,0,2,0,0,"F"
1,1,1,2,"BCCFX","","schrm001","","S9/F89S.2-3","T",0,1,0,3,0,"F"
1,1,1,2,"....BFFB","indij001","","schrm001","WP.3-H(NR);1-2","F",0,0,2,0,4,"F"
1,1,3,2,"....BFFB.*BFB","","indij001","","W","T",0,1,0,2,0,"F"
1,1,2,2,"BSBTS","cabra002","indij001","","K","T",1,0,1,2,0,"F"
1,2,1,2,"SFFF*BS","cabra002","indij001","","K","T",1,0,1,2,0,"F"
0,0,3,2,"....FBBSBFS","","","","K","T",1,0,0,0,0,"F"
0,1,0,2,"CSX","","","","63/G6","T",1,0,0,0,0,"F"
0,2,0,1,"CX","","","","43/G4M","T",1,0,0,0,0,"F"
1,0,0,0,".X","","","","9/F9LF/FL","T",1,0,0,0,0,"F"
1,1,0,1,"CX","","","","9/F9L","T",1,0,0,0,0,"F"
1,2,1,1,"CBX","","","","9/F9LS","T",1,0,0,0,0,"F"
0,0,2,0,"BBX","","","","D9/L9D+","T",0,2,0,0,0,"T"
0,0,3,2,"FBSBBFS","","bettm001","","K","T",1,0,0,2,0,"F"
0,1,0,2,"SSS","","bettm001","","K","T",1,0,0,2,0,"F"
0,2,3,2,"FSBFBBB","","bettm001","","W","T",0,1,0,2,0,"F"
0,2,1,2,"BCFX","seagc001","bettm001","","64(1)/FO/G6.B-1","T",1,1,0,2,0,"F"
1,0,1,2,"SBFS","","","","K","T",1,0,0,0,0,"F"
1,1,0,1,"CX","","","","5/P5-","T",1,0,0,0,0,"F"
1,2,1,1,"FBX","","","","63/G6","T",1,0,0,0,0,"F"
0,0,0,2,"CSC","","","","K","T",1,0,0,0,0,"F"
0,1,1,1,"BSX","","","","31/G34","T",1,0,0,0,0,"F"
0,2,3,2,"BBBCC*S","","","","K","T",1,0,0,0,0,"F"
1,0,3,2,"FBCBBFB","","","","W","T",0,1,0,0,0,"F"
1,0,2,2,"SSFBBFFS","vottj001","","","K","T",1,0,1,0,0,"F"
1,1,1,2,"FBFC","vottj001","","","K","T",1,0,1,0,0,"F"
1,2,1,1,"BCX","vottj001","","","13/G4S","T",1,0,1,0,0,"F"
0,0,1,2,"CSBS","","","","K","T",1,0,0,0,0,"F"
0,1,2,2,"BBCFC","","","","K","T",1,0,0,0,0,"F"
0,2,0,0,"X","","","","63/G4M+","T",1,0,0,0,0,"F"
1,0,0,0,"X","","","","3/P3","T",1,0,0,0,0,"F"
1,1,0,2,"CFFC","","","","K","T",1,0,0,0,0,"F"
1,2,2,2,"BFSBX","","","","S7/L7S","T",0,1,0,0,0,"F"
1,2,0,1,"SX","indij001","","","13/G4MS","T",1,0,1,0,0,"F"
0,0,3,2,"CSBBFBFX","","","","13/G1S-","T",1,0,0,0,0,"F"
0,1,0,1,"FX","","","","S8/L78","T",0,1,0,0,0,"F"
0,1,1,1,"CBX","seagc001","","","63/G6.1-2","T",1,0,2,0,0,"F"
0,2,0,2,"CCS","","seagc001","","K","T",1,0,0,2,0,"F"
1,0,1,2,"CSFFBFX","","","","63/G6","T",1,0,0,0,0,"F"
1,1,3,2,"CSBFBBB","","","","W","T",0,1,0,0,0,"F"
1,1,0,1,"FX","vottj001","","","3(B)3(1)/GDP/G3+","T",2,0,0,0,0,"F"
0,0,3,2,"CBBBFC","","","","K","T",1,0,0,0,0,"F"
0,1,1,2,"SBFX","","","","13/G13-","T",1,0,0,0,0,"F"
0,2,3,2,"FCBBBFB","","","","W","T",0,1,0,0,0,"F"
0,2,1,2,"BSFX","buehw001","","","43/G4+","T",1,0,1,0,0,"F"
1,0,0,1,"CX","","","","D9/L9LD","T",0,2,0,0,0,"F"
1,0,1,1,"BFX","","farmk001","","S8/L8.2-H","T",0,1,0,4,0,"F"
1,0,0,2,"CCX","barnt001","","","64(1)/FO/G6.B-1","T",1,1,0,0,0,"F"
1,1,1,1,"C*BX","schrm001","","","14/SH/BG2.1-2","T",1,0,2,0,0,"F"
1,2,0,2,"CFS","","schrm001","","K","T",1,0,0,2,0,"F"
0,0,2,2,"BCBCS","","","","K","T",1,0,0,0,0,"F"
0,1,2,1,"SBBX","","","","S8/G6M","T",0,1,0,0,0,"F"
0,1,0,0,"1X","turnt001","","","S5/G56-.1-2","T",0,1,2,0,0,"F"
0,1,2,2,"BFFFBFX","seagc001","turnt001","","7/F78D","T",1,0,1,2,0,"F"
0,2,0,2,"FFX","seagc001","turnt001","","9/F9S","T",1,0,1,2,0,"F"
1,0,0,1,"CX","","","","63/G4MD","T",1,0,0,0,0,"F"
1,1,0,0,"X","","","","S9/L89","T",0,1,0,0,0,"F"
1,1,3,2,"F1BBBSFFX","castn001","","","S9/L9S+.1-2","T",0,1,2,0,0,"F"
1,1,0,2,"STFX","vottj001","castn001","","5/P5F/FL","T",1,0,1,2,0,"F"
1,2,0,1,"CX","vottj001","castn001","","D7/L7LD.2-H;1-H","T",0,2,4,4,0,"F"
1,2,1,2,"CBFFX","","farmk001","","9/F9D","T",1,0,0,2,0,"F"
0,0,3,2,"..BBBCSS","","","","K","T",1,0,0,0,0,"F"
0,1,0,1,"CX","","","","S8/G6M","T",0,1,0,0,0,"F"
0,1,1,0,"...BX","beatm001","","","7/F7LD+.1-2","T",1,0,2,0,0,"F"
0,2,2,0,"BBX","","beatm001","","8/F89XD","T",1,0,0,2,0,"F"
1,0,1,2,".CFBC","","","","K","T",1,0,0,0,0,"F"
1,1,1,2,"TFBS","","","","K","T",1,0,0,0,0,"F"
1,2,2,2,"BBCCX","","","","6/L6","T",1,0,0,0,0,"F"
0,0,0,2,"CSS","","","","K","T",1,0,0,0,0,"F"
0,1,1,0,"BX","","","","43/G4MD+","T",1,0,0,0,0,"F"
0,2,1,2,"SBFX","","","","8/F78XD","T",1,0,0,0,0,"F"
1,0,0,1,".SH","","","","HP","T",0,1,0,0,0,"F"
1,0,0,0,".X","aquia001","","","8/L89D+","T",1,0,1,0,0,"F"
1,1,3,2,"CBBBCX","aquia001","","","43/G34+.1-2","T",1,0,2,0,0,"F"
1,2,0,0,".X","","aquia001","","5/P5F/FL","T",1,0,0,2,0,"F"
0,0,1,2,"..CCBS","","","","K","T",1,0,0,0,0,"F"
0,1,0,0,"H","","","","HP","T",0,1,0,0,0,"F"
0,1,0,0,">X","smitw003","","","63/G4.1-2","T",1,0,2,0,0,"F"
0,2,1,1,"BCX","","smitw003","","S8/G4.2-H","T",0,1,0,4,0,"F"
0,2,0,0,".>*S","beatm001","","","DI.1-2","F",0,0,2,0,0,"F"
0,2,0,1,".>*S.X","","beatm001","","8/L8D+","T",1,0,0,2,0,"F"
0,0,1,0,"BX","","","","8/F8","T",1,0,0,0,0,"T"
0,1,3,1,"BBFBX","","","","3/G3","T",1,0,0,0,0,"F"
0,2,2,1,"BBTX","","","","4/P34D","T",1,0,0,0,0,"F"
1,0,3,1,"BBBCX","","","","7/F78XD","T",1,0,0,0,0,"F"
1,1,0,2,"FCFX","","","","8/F89XD","T",1,0,0,0,0,"F"
1,2,3,2,"FSBBBS","","","","K","T",1,0,0,0,0,"F"
0,0,1,2,"CBSS","","","","K","T",1,0,0,0,0,"F"
0,1,0,1,"CX","","","","63/G6M-","T",1,0,0,0,0,"F"
0,2,1,0,"BX","","","","8/F8D","T",1,0,0,0,0,"F"
1,0,3,2,"CBCBB*B","","","","W","T",0,1,0,0,0,"F"
1,0,2,2,"BFBFFS","vottj001","","","K","T",1,0,1,0,0,"F"
1,1,1,0,"BX","vottj001","","","S4/G4S-.1-2","T",0,1,2,0,0,"F"
1,1,0,2,"SF*S","farmk001","vottj001","","K","T",1,0,1,2,0,"F"
1,2,0,0,"X","farmk001","vottj001","","43/G4-","T",1,0,1,2,0,"F"
0,0,0,1,"FX","","","","9/F89D","T",1,0,0,0,0,"F"
0,1,2,0,"BBX","","","","8/F8D","T",1,0,0,0,0,"F"
0,2,0,1,"CX","","","","43/G4M","T",1,0,0,0,0,"F"
1,0,0,2,"CFFFS","","","","K","T",1,0,0,0,0,"F"
1,1,1,2,"CFBFX","","","","D7/L78D","T",0,2,0,0,0,"F"
1,1,0,1,"FX","","indij001","","43/G34.2-3","T",1,0,0,3,0,"F"
1,2,1,1,"BSX","","","indij001","9/L9","T",1,0,0,0,3,"F"
0,0,1,2,"CSBC","","","","K","T",1,0,0,0,0,"F"
0,1,1,0,"BX","","","","7/L7D","T",1,0,0,0,0,"F"
0,2,0,0,"X","","","","S5/G56","T",0,1,0,0,0,"F"
0,2,0,1,"C>B","turnt001","","","SB2","F",0,0,2,0,0,"F"
0,2,3,2,"C>B.S*BFBC","","turnt001","","K","T",1,0,0,2,0,"F"
1,0,3,0,"..BBBB","","","","W","T",0,1,0,0,0,"F"
1,0,0,0,"X","vottj001","","","6/P5F/FL","T",1,0,1,0,0,"F"
1,1,2,2,"*BBSFFS","vottj001","","","K","T",1,0,1,0,0,"F"
1,2,3,2,"BBBCS>S","vottj001","","","K","T",1,0,1,0,0,"F"
0,0,0,1,"CX","","","","D7/L7L","T",0,2,0,0,0,"F"
0,0,0,0,"X","","turnj001","","E5/G56.2-3(E5/TH);B-2","T",0,2,0,3,0,"F"
0,0,0,0,"X","","taylc001","turnj001","T9/L9L.3-H;2-H(UR)","T",0,3,0,5,4,"F"
0,0,1,2,"FBFX","","","lux-g001","13/G2-.3-H","T",1,0,0,0,4,"F"
0,1,2,2,"BBFSC","","","","K","T",1,0,0,0,0,"F"
0,2,0,2,"CFX","","","","4E3/G4.B-2","T",0,2,0,0,0,"F"
0,2,0,0,"X","","bettm001","","9/F89D","T",1,0,0,2,0,"F"
1,0,0,1,"CX","","","","8/F89XD","T",1,0,0,0,0,"F"
1,1,1,2,"BSCX","","","","7/F78","T",1,0,0,0,0,"F"
1,2,3,2,"CBBFBT","","","","K","T",1,0,0,0,0,"F"
0,0,0,0,"X","","","","S5/G5+","T",0,1,0,0,0,"F"
0,0,3,1,"1*BC1BBB","turnt001","","","W.1-2","T",0,1,2,0,0,"F"
0,0,0,2,"FFX","muncm001","turnt001","","36(1)/FO/G34.2-3;B-1","T",1,1,0,3,0,"F"
0,1,0,0,"X","turnj001","","turnt001","13/SH/BG23-.3-H;1-2","T",1,0,2,0,4,"F"
0,2,3,1,"BBFBB","","turnj001","","W","T",0,1,0,2,0,"F"
0,2,0,2,"S*SS","lux-g001","turnj001","","K","T",1,0,1,2,0,"F"
1,0,2,2,"CFBFBX","","","","9/F9D","T",1,0,0,0,0,"F"
1,1,0,0,"X","","","","3/G3-","T",1,0,0,0,0,"F"
1,2,0,1,"FX","","","","9/F9LS","T",1,0,0,0,0,"F"
0,0,2,2,".FBBFC","","","","K","T",1,0,0,0,0,"F"
0,1,2,2,"BSFBT","","","","K","T",1,0,0,0,0,"F"
0,2,3,2,"CBBSBFX","","","","9/L9D","T",1,0,0,0,0,"F"
1,0,3,2,"FS*B*B*BX","","","","8/L89XD","T",1,0,0,0,0,"F"
1,1,0,1,"SX","","","","8/F8XD+","T",1,0,0,0,0,"F"
1,2,0,1,"CX","","","","9/F89S","T",1,0,0,0,0,"F"
0,0,3,2,".BCCFBFBFFS","","","","K","T",1,0,0,0,0,"F"
0,1,1,2,"CBFS","","","","K","T",1,0,0,0,0,"F"
0,2,2,1,"BBFX","","","","S8/L8","T",0,1,0,0,0,"F"
0,2,1,2,"C*BSS","turnj001","","","K","T",1,0,1,0,0,"F"
1,0,2,1,".BBCX","","","","63/G6","T",1,0,0,0,0,"F"
1,1,0,2,".CCX","","","","5/P4D","T",1,0,0,0,0,"F"
1,2,0,1,"CX","","","","43/G4","T",1,0,0,0,0,"F"
0,0,1,0,".BX","","","","31/G3","T",1,0,0,0,0,"F"
0,1,3,0,"BBBB","","","","W","T",0,1,0,0,0,"F"
0,1,0,1,".CX","barna001","","","S5/L5.1-2","T",0,1,2,0,0,"F"
0,1,0,1,"SX","pujoa001","barna001","","S7/L7LD.2-H;1-2","T",0,1,2,4,0,"F"
0,1,0,1,"CX","bettm001","pujoa001","","36(1)/FO/G3.2-3;B-1","T",1,1,0,3,0,"F"
0,2,3,1,"BBCBX","seagc001","","pujoa001","6/L6","T",1,0,1,0,3,"F"
1,0,1,0,"..BX","","","","9/F9LD","T",1,0,0,0,0,"F"
1,1,0,0,"X","","","","8/F78XD+","T",1,0,0,0,0,"F"
1,2,3,2,"BFBCBB","","","","W","T",0,1,0,0,0,"F"
1,2,1,1,"BCX","vottj001","","","S9/L89XD+.1-3","T",0,1,3,0,0,"F"
1,2,1,1,"BCX","mousm001","","vottj001","E6/TH/G6.3-H(NR)(UR);1-2;B-1","T",0,1,2,0,5,"F"
1,2,3,2,"..CS*B*BB>S","farmk001","mousm001","","K","T",1,0,1,2,0,"F"
0,0,1,1,"BCX","","","","S7/L78","T",0,1,0,0,0,"T"
0,0,3,2,"BBCBCFT","bettm001","","","K","T",1,0,1,0,0,"F"
0,1,1,2,"BFSX","bettm001","","","54(1)/FO/G56.B-1","T",1,1,0,0,0,"F"
0,2,0,1,"CX","turnj001","","","13/G23","T",1,0,1,0,0,"F"
1,0,1,2,"CBSS","","","","K","T",1,0,0,0,0,"F"
1,1,1,2,"BCSS","","","","K","T",1,0,0,0,0,"F"
1,2,1,1,"TBX","","","","9/F89D","T",1,0,0,0,0,"F"
0,0,0,0,"X","","","","S9/L9S+","T",0,1,0,0,0,"F"
0,0,0,0,"1","seagc001","","","POCS2(134)","F",1,0,0,0,0,"F"
0,1,3,2,"1.BFBSFFBX","","","","HR/F7D","T",0,4,0,0,0,"F"
0,1,0,1,"SX","","","","S9/L9S","T",0,1,0,0,0,"F"
0,1,2,2,"CFF*B*BX","taylc001","","","HR/L89XD.1-H","T",0,4,4,0,0,"F"
0,1,0,2,"CFFT","","","","K","T",1,0,0,0,0,"F"
0,2,3,2,"BBCBCX","","","","S5/G5S-","T",0,1,0,0,0,"F"
0,2,1,1,"*BSX","bettm001","","","53/G5","T",1,0,1,0,0,"F"
1,0,2,2,"CBBSX","","","","S5/G5S","T",0,1,0,0,0,"F"
1,0,0,0,"X","stept001","","","54(1)3/GDP/G5","T",2,0,0,0,0,"F"
1,2,0,2,"CCS","","","","K","T",1,0,0,0,0,"F"
0,0,1,0,"BX","","","","8/F89","T",1,0,0,0,0,"F"
0,1,3,0,"BBBB","","","","W","T",0,1,0,0,0,"F"
0,1,0,0,"X","pujoa001","","","HR/F89XD.1-H","T",0,4,4,0,0,"F"
0,1,3,1,"BBBCX","","","","63/G56","T",1,0,0,0,0,"F"
0,2,1,1,"SBX","","","","D7/L7LD","T",0,2,0,0,0,"F"
0,2,0,0,"X","","taylc001","","S8/G4M.2-H","T",0,1,0,4,0,"F"
0,2,0,1,"CX","lux-g001","","","8/L8D","T",1,0,1,0,0,"F"
1,0,2,2,"BBSSS","","","","K","T",1,0,0,0,0,"F"
1,1,0,2,"FSX","","","","S9/G4","T",0,1,0,0,0,"F"
1,1,1,2,".BC1SX","barnt001","","","53/G56S.1-2","T",1,0,2,0,0,"F"
1,2,3,2,"BCFFBF*BS","","barnt001","","K","T",1,0,0,2,0,"F"
0,0,2,2,".CBBCX","","","","8/F89D","T",1,0,0,0,0,"F"
0,1,2,2,"BBCFC","","","","K","T",1,0,0,0,0,"F"
0,2,0,1,"TX","","","","9/F89S","T",1,0,0,0,0,"F"
1,0,1,2,"BSFX","","","","53/G56","T",1,0,0,0,0,"F"
1,1,1,1,"BCX","","","","D7/F7D+","T",0,2,0,0,0,"F"
1,1,0,0,"B","","castn001","","WP.2-3","F",0,0,0,3,0,"F"
1,1,2,1,"B.S*BX","","","castn001","63/G6.3-H","T",1,0,0,0,4,"F"
1,2,1,2,"CCBFS","","","","K","T",1,0,0,0,0,"F"
0,0,1,0,"BX","","","","3/P3DF/FL","T",1,0,0,0,0,"F"
0,1,3,0,"BBBB","","","","W","T",0,1,0,0,0,"F"
0,1,3,2,"*BBCBCS","seagc001","","","K","T",1,0,1,0,0,"F"
0,2,3,2,"BBCFB>F>F>C","seagc001","","","K","T",1,0,1,0,0,"F"
1,0,2,2,"SBSBS","","","","K","T",1,0,0,0,0,"F"
1,1,1,1,"BCX","","","","8/F8","T",1,0,0,0,0,"F"
1,2,3,2,"SBFBFFFBFC","","","","K","T",1,0,0,0,0,"F"
0,0,2,1,".BBCX","","","","S4/G4","T",0,1,0,0,0,"F"
0,0,0,0,"X","lux-g001","","","1/BP23","T",1,0,1,0,0,"F"
0,1,1,0,"BB","lux-g001","","","WP.1-2","F",0,0,2,0,0,"F"
0,1,3,1,"BB.*BCX","","lux-g001","","9/F9LS","T",1,0,0,2,0,"F"
0,2,0,0,"X","","lux-g001","","4/P4D","T",1,0,0,2,0,"F"
1,0,0,0,"..X","","","","HR/F9D","T",0,4,0,0,0,"F"
1,0,0,2,"CCX","","","","53/G6","T",1,0,0,0,0,"F"
1,1,0,0,"X","","","","8/F8D","T",1,0,0,0,0,"F"
1,2,3,2,"BBBCFFB","","","","W","T",0,1,0,0,0,"F"
1,2,0,2,"CSC","castn001","","","K","T",1,0,1,0,0,"F"
0,0,2,2,"..BBCC*S","","","","K.BX1(23)","T",1,0,0,0,0,"F"
0,1,0,0,"X","","","","43/G6","T",1,0,0,0,0,"F"
0,2,2,2,"BFBCX","","","","8/F89D","T",1,0,0,0,0,"F"
1,0,3,2,"SBCBFBB","","","","W","T",0,1,0,0,0,"F"
1,0,2,1,".CBBX","suare001","","","3/L3/DP.1X1(3)","T",2,0,0,0,0,"F"
1,2,0,2,"FSS","","","","K","T",1,0,0,0,0,"F"
0,0,3,2,".CBBBC*B","","","","W","T",0,1,0,0,0,"F"
0,0,3,2,"C*BC*BBFC","smitw003","","","K","T",1,0,1,0,0,"F"
0,1,0,1,"CX","smitw003","","","16(1)3/GDP/G6MS","T",2,0,0,0,0,"F"
1,0,2,1,"BFBX","","","","8/F78D","T",1,0,0,0,0,"F"
1,1,0,0,"X","","","","S8/L8D+","T",0,1,0,0,0,"F"
1,1,0,2,"SS+1X","friet001","","","D7/G5.1-H","T",0,2,4,0,0,"F"
1,1,1,2,".BCFFF>B","","indij001","","SB3","F",0,0,0,3,0,"F"
1,1,2,2,".BCFFF>B.S","","","indij001","K","T",1,0,0,0,3,"F"
1,2,0,0,"X","","","indij001","S9/L9S.3-H","T",0,1,0,0,4,"F"
1,2,0,2,"1CCS","castn001","","","K","T",1,0,1,0,0,"F"
0,0,1,1,"..SBX","","","","9/F89S","T",1,0,0,0,0,"F"
0,1,3,2,"BBBCCFB","","","","W","T",0,1,0,0,0,"F"
0,1,0,0,"X","bettm001","","","S7/G56+.1-2","T",0,1,2,0,0,"F"
0,1,3,0,"BBBX","turnt001","bettm001","","S6/G56.2-H(E6/TH)(NR);1-3","T",0,1,3,4,0,"F"
0,1,0,1,".CH","turnj001","","turnt001","HP.1-2","T",0,1,2,0,3,"F"
0,1,3,2,"SBBFF*BB","muncm001","turnj001","turnt001","W.3-H;2-3;1-2","T",0,1,2,3,4,"F"
0,1,2,2,"CC*BBFS","seagc001","muncm001","turnj001","K","T",1,0,1,2,3,"F"
0,2,3,2,"CS*BBB>X","seagc001","muncm001","turnj001","13/G1S","T",1,0,1,2,3,"F"
1,0,2,2,"..CCFFBBX","","","","9/F9","T",1,0,0,0,0,"F"
1,1,0,0,".X","","","","HR/F9D","T",0,4,0,0,0,"F"
1,1,0,2,".FSFS","","","","K","T",1,0,0,0,0,"F"
1,2,2,2,"TBFBS","","","","K","T",1,0,0,0,0,"F"
0,0,1,2,"BSFFF*S","","","","K.BX1(23)","T",1,0,0,0,0,"T"
0,1,0,0,"X","","","","HR/F9D","T",0,4,0,0,0,"F"
0,1,2,1,"BBCX","","","","HR/F9D","T",0,4,0,0,0,"F"
0,1,1,0,"BX","","","","5/P5D","T",1,0,0,0,0,"F"
0,2,2,2,"BSCBFC","","","","K","T",1,0,0,0,0,"F"
1,0,2,2,"CCBFBX","","","","53/G5","T",1,0,0,0,0,"F"
1,1,1,2,"CBFFFS","","","","K","T",1,0,0,0,0,"F"
1,2,2,2,"CFBBX","","","","53/G56+","T",1,0,0,0,0,"F"
0,0,0,0,"X","","","","63/G6","T",1,0,0,0,0,"F"
0,1,1,0,"BX","","","","43/G4","T",1,0,0,0,0,"F"
0,2,2,2,"BCSBFFS","","","","K","T",1,0,0,0,0,"F"
1,0,3,2,"BCBBFB","","","","W","T",0,1,0,0,0,"F"
1,0,2,2,"CBFBS","vottj001","","","K","T",1,0,1,0,0,"F"
1,1,1,2,"CB*S*S","vottj001","","","K","T",1,0,1,0,0,"F"
1,2,1,2,"LSFFFBX","vottj001","","","8/F78XD","T",1,0,1,0,0,"F"
0,0,3,0,"BBBB","","","","W","T",0,1,0,0,0,"F"
0,0,1,0,"BX","peted001","","","S9/L9.1-2","T",0,1,2,0,0,"F"
0,0,0,1,"FX","tuckc001","peted001","","S8/G4+.2-H;1-3","T",0,1,3,4,0,"F"
0,0,0,0,"X","tsuty001","","tuckc001","8/SF/F78XD+.3-H","T",1,0,1,0,4,"F"
0,1,1,0,"BX","tsuty001","","","S8/G6M.1-2","T",0,1,2,0,0,"F"
0,1,2,2,"CBFBX","morac001","tsuty001","","S9/L9+.2-3;1-2","T",0,1,2,3,0,"F"
0,1,1,1,"C*BX","gameb001","morac001","tsuty001","64(1)/FO/G6.3-H;2-3;B-1","T",1,1,0,3,4,"F"
0,2,1,2,"BCFX","newmk001","","morac001","3/G3","T",1,0,1,0,3,"F"
1,0,0,0,"X","","","","43/G4","T",1,0,0,0,0,"F"
1,1,1,2,"CFBX","","","","4/P4MD","T",1,0,0,0,0,"F"
1,2,3,2,"BBCBSFB","","","","W","T",0,1,0,0,0,"F"
1,2,2,2,"CBFFFBX","indij001","","","S8/L78.1-2","T",0,1,2,0,0,"F"
1,2,0,1,"FX","farmk001","indij001","","D8/L8XD+.2-H;1-H","T",0,2,4,4,0,"F"
1,2,0,1,"FX","","castn001","","HR/F9D.2-H","T",0,4,0,4,0,"F"
1,2,0,0,"X","","","","S7/L7+","T",0,1,0,0,0,"F"
1,2,0,0,"X","suare001","","","53/L5+","T",1,0,1,0,0,"F"
0,0,0,1,"CX","","","","8/F8XD","T",1,0,0,0,0,"F"
0,1,0,1,".CX","","","","S7/L7","T",0,1,0,0,0,"F"
0,1,1,2,"...CF1FF>F*B1F>B","alfoa002","","","CS2(26)","F",1,0,0,0,0,"F"
0,2,2,2,"...CF1FF>F*B1F>B.*S","","","","K","T",1,0,0,0,0,"F"
1,0,2,1,".CBBX","","","","D8/L78XD","T",0,2,0,0,0,"F"
1,0,1,2,"S*BCFS","","deshd002","","K","T",1,0,0,2,0,"F"
1,1,1,0,"BX","","deshd002","","6/P6M","T",1,0,0,2,0,"F"
1,2,2,2,"BCCBX","","deshd002","","6/P78S","T",1,0,0,2,0,"F"
0,0,2,2,"BCSBT","","","","K","T",1,0,0,0,0,"F"
0,1,1,2,"FCBX","","","","31/G3","T",1,0,0,0,0,"F"
0,2,2,2,"BBCCFFS","","","","K","T",1,0,0,0,0,"F"
1,0,3,2,"BCBBFS","","","","K","T",1,0,0,0,0,"F"
1,1,2,2,"SBFBS","","","","K","T",1,0,0,0,0,"F"
1,2,2,2,"SBCBFX","","","","HR/F9D","T",0,4,0,0,0,"F"
1,2,3,2,"BBBFFFFX","","","","HR/F78XD","T",0,4,0,0,0,"F"
1,2,0,2,".CSS","","","","K","T",1,0,0,0,0,"F"
0,0,3,2,".BBFFBS","","","","K","T",1,0,0,0,0,"F"
0,1,0,0,"X","","","","63/G6M","T",1,0,0,0,0,"F"
0,2,0,2,"CFC","","","","K","T",1,0,0,0,0,"F"
1,0,0,1,".SX","","","","8/L8D","T",1,0,0,0,0,"F"
1,1,2,2,"BBSFX","","","","13/G3S-","T",1,0,0,0,0,"F"
1,2,1,2,"CBCS","","","","K","T",1,0,0,0,0,"F"
0,0,2,1,"..BBCX","","","","43/G4","T",1,0,0,0,0,"F"
0,1,3,2,".BFSBFBX","","","","6/P6D","T",1,0,0,0,0,"F"
0,2,2,1,"BCBX","","","","43/G4+","T",1,0,0,0,0,"F"
1,0,2,2,".BBFCFX","","","","53/G5","T",1,0,0,0,0,"F"
1,1,0,1,"FX","","","","HR/F7D","T",0,4,0,0,0,"F"
1,1,3,2,"SBFBBX","","","","S7/L7S","T",0,1,0,0,0,"F"
1,1,3,2,"FBFFBBFB","castn001","","","W.1-2","T",0,1,2,0,0,"F"
1,1,1,2,"CFBX","vottj001","castn001","","8/F89D","T",1,0,1,2,0,"F"
1,2,3,0,"*BBBB","vottj001","castn001","","W.2-3;1-2","T",0,1,2,3,0,"F"
1,2,3,2,".CBBBF>B","friet001","vottj001","castn001","W.3-H;2-3;1-2","T",0,1,2,3,4,"F"
1,2,0,2,"CFFFX","deshd002","friet001","vottj001","8/F78D","T",1,0,1,2,3,"F"
0,0,0,1,"CX","","","","3/G3","T",1,0,0,0,0,"F"
0,1,1,0,"BX","","","","7/F78D","T",1,0,0,0,0,"F"
0,2,2,2,"CBBCS","","","","K","T",1,0,0,0,0,"F"
1,0,0,1,".SX","","","","8/F78XD+","T",1,0,0,0,0,"F"
1,1,1,1,"BCH","","","","HP","T",0,1,0,0,0,"F"
1,1,2,2,"B1S*BF11S","indij001","","","K","T",1,0,1,0,0,"F"
1,2,2,2,"BSS1BN","indij001","","","BK.1-2","F",0,0,2,0,0,"F"
1,2,3,2,"BSS1BN.BFX","","indij001","","S9/L9S.2-H","T",0,1,0,4,0,"F"
1,2,1,2,"FFBX","castn001","","","S9/L9D+.1-2","T",0,1,2,0,0,"F"
1,2,1,1,"C*BX","vottj001","castn001","","3/P2","T",1,0,1,2,0,"F"
0,0,3,1,".BBBCX","","","","D8/L78XD+","T",0,2,0,0,0,"F"
0,0,0,1,"CX","","gameb001","","63/G6+","T",1,0,0,2,0,"F"
0,1,1,0,"BX","","gameb001","","31/G3.2-3","T",1,0,0,3,0,"F"
0,2,3,2,"CBBSBS","","","gameb001","K","T",1,0,0,0,3,"F"
0,0,1,1,"CBX","","","","63/G6","T",1,0,0,0,0,"T"
0,1,3,1,"BBFBB","","","","W","T",0,1,0,0,0,"F"
0,1,3,2,"BCS*BB>B","tuckc001","","","W.1-2","T",0,1,2,0,0,"F"
0,1,0,2,"FFS","reynb001","tuckc001","","K","T",1,0,1,2,0,"F"
0,2,3,2,"BFF*BB>F>S","reynb001","tuckc001","","K","T",1,0,1,2,0,"F"
1,0,1,2,"CBSX","","","","3/P4S","T",1,0,0,0,0,"F"
1,1,1,1,"BFX","","","","S49/G34+","T",0,1,0,0,0,"F"
1,1,1,2,"SFB1FS","schrm001","","","K","T",1,0,1,0,0,"F"
1,2,1,1,"BSX","schrm001","","","2/P2F/FL","T",1,0,1,0,0,"F"
0,0,2,2,"CFBBFT","","","","K","T",1,0,0,0,0,"F"
0,1,1,2,"CBSS","","","","K","T",1,0,0,0,0,"F"
0,2,3,2,"FBBBFFX","","","","31/G34D","T",1,0,0,0,0,"F"
1,0,0,0,"X","","","","S9/G34","T",0,1,0,0,0,"F"
1,0,0,0,"X","farmk001","","","S8/G4.1-3","T",0,1,3,0,0,"F"
1,0,2,1,"BCBX","suare001","","farmk001","46(1)3/GDP/G4.3-H(NR)","T",2,0,0,0,4,"F"
1,2,1,0,"BX","","","","9/L9D","T",1,0,0,0,0,"F"
0,0,3,2,"CSBBBX","","","","3/G3","T",1,0,0,0,0,"F"
0,1,3,2,"CBFBBFX","","","","S4/G4M","T",0,1,0,0,0,"F"
0,1,0,2,"MFFC","hayek001","","","K","T",1,0,1,0,0,"F"
0,2,2,1,"BBCX","hayek001","","","8/L8","T",1,0,1,0,0,"F"
1,0,1,0,"BX","","","","S9/L9D+.BX2(96)","T",1,0,0,0,0,"F"
1,1,3,0,"BBBB","","","","W","T",0,1,0,0,0,"F"
1,1,1,0,"BX","indij001","","","5/P56","T",1,0,1,0,0,"F"
1,2,1,2,"BSF1X","indij001","","","4/P34D","T",1,0,1,0,0,"F"
0,0,1,2,"BFFT","","","","K","T",1,0,0,0,0,"F"
0,1,0,1,"CX","","","","HR/F9LD","T",0,4,0,0,0,"F"
0,1,0,1,"SX","","","","S8/G6M+","T",0,1,0,0,0,"F"
0,1,1,0,"B>S","alfoa002","","","CS2(26)","F",1,0,0,0,0,"F"
0,2,3,2,"B>S.BFFBX","","","","7/F7","T",1,0,0,0,0,"F"
1,0,3,2,"BSFBBB","","","","W","T",0,1,0,0,0,"F"
1,0,2,2,"BCFBFX","vottj001","","","S8/G6M.1-2","T",0,1,2,0,0,"F"
1,0,3,1,"B*BBCB","farmk001","vottj001","","W.2-3;1-2","T",0,1,2,3,0,"F"
1,0,1,1,"CBX","suare001","farmk001","vottj001","9/F9LS","T",1,0,1,2,3,"F"
1,1,2,1,"BBFX","suare001","farmk001","vottj001","7/SF/F7.3-H","T",1,0,1,2,4,"F"
1,2,0,1,"FX","suare001","farmk001","","13/G23","T",1,0,1,2,0,"F"
0,0,3,2,"CBSFBFBX","","","","S8/F8S-","T",0,1,0,0,0,"F"
0,0,0,2,"CLX","parkh001","","","34/SH/BG23.1-2","T",1,0,2,0,0,"F"
0,1,0,0,"X","","parkh001","","S8/L8+.2-H;B-2","T",0,2,0,4,0,"F"
0,1,1,0,"BX","","hayek001","","S8/L8D+.2-H","T",0,1,0,4,0,"F"
0,1,3,1,"BBBCB","tuckc001","","","W.1-2","T",0,1,2,0,0,"F"
0,1,0,2,".CFFX","reynb001","tuckc001","","3/G3.2-3;1-2","T",1,0,2,3,0,"F"
0,2,2,2,"BCBFC","","reynb001","tuckc001","K","T",1,0,0,2,3,"F"
1,0,3,0,"BBBB","","","","W","T",0,1,0,0,0,"F"
1,0,0,2,"CSX","indij001","","","7/L7D","T",1,0,1,0,0,"F"
1,1,0,0,"X","indij001","","","54(1)3/GDP/G56","T",2,0,0,0,0,"F"
0,0,0,2,"CSS","","","","K","T",1,0,0,0,0,"F"
0,1,0,1,".SX","","","","S6/G6","T",0,1,0,0,0,"F"
0,1,1,2,"CBSS","perem005","","","K","T",1,0,1,0,0,"F"
0,2,2,2,"BSBSC","perem005","","","K","T",1,0,1,0,0,"F"
1,0,0,0,"X","","","","5/P5D","T",1,0,0,0,0,"F"
1,1,2,1,"BCBX","","","","S7/L7","T",0,1,0,0,0,"F"
1,1,2,2,"CBSBS","farmk001","","","K","T",1,0,1,0,0,"F"
1,2,2,1,"BBCX","farmk001","","","S9/G3.1-3","T",0,1,3,0,0,"F"
1,2,2,2,"..CS*BBS","barnt001","","farmk001","K","T",1,0,1,0,3,"F"
0,0,2,2,"..BCBSX","","","","43/G4","T",1,0,0,0,0,"F"
0,1,0,2,"CFS","","","","K","T",1,0,0,0,0,"F"
0,2,2,2,"CBCBC","","","","K","T",1,0,0,0,0,"F"
1,0,3,2,".BCBSBB","","","","W","T",0,1,0,0,0,"F"
1,0,1,1,"B1C1>C","deshd002","","","SB2","F",0,0,2,0,0,"F"
1,0,3,2,"B1C1>C.BBB","","deshd002","","W","T",0,1,0,2,0,"F"
1,0,1,1,"BFX","indij001","deshd002","","S8/F8S-.2-3;1-2","T",0,1,2,3,0,"F"
1,0,0,2,"FFX","schrm001","indij001","deshd002","3/P3F/FL","T",1,0,1,2,3,"F"
1,1,1,2,"CFBX","schrm001","indij001","deshd002","8/F8S","T",1,0,1,2,3,"F"
1,2,0,2,"SFFC","schrm001","indij001","deshd002","K","T",1,0,1,2,3,"F"
0,0,0,0,".X","","","","13/G4MS","T",1,0,0,0,0,"F"
0,1,3,2,"BSBFFBB","","","","W","T",0,1,0,0,0,"F"
0,1,0,0,"B","gameb001","","","WP.1-2","F",0,0,2,0,0,"F"
0,1,3,1,"B.BFBB","","gameb001","","W","T",0,1,0,2,0,"F"
0,1,0,1,"CX","alfoa002","gameb001","","S9/L9LD+.2-H;1-3","T",0,1,3,4,0,"F"
0,1,2,2,"B+3CBFX","perem005","","alfoa002","7/SF/F7.3-H","T",1,0,1,0,4,"F"
0,2,3,2,".F*BSFBB>F>F>X","perem005","","","D9/L9LS.1-H","T",0,2,4,0,0,"F"
0,2,1,1,".BCX","","tsuty001","","S4/G4.2-3","T",0,1,0,3,0,"F"
0,2,0,2,"1F1S>B","hayek001","","tsuty001","SB2","F",0,0,2,0,3,"F"
0,2,1,2,"1F1S>B.FS","","hayek001","tsuty001","K","T",1,0,0,2,3,"F"
1,0,1,2,".CBCX","","","","D7/G5+","T",0,2,0,0,0,"F"
1,0,1,0,"BX","","suare001","","6/P6","T",1,0,0,2,0,"F"
1,1,0,1,".CX","","suare001","","9/L9","T",1,0,0,2,0,"F"
1,2,3,2,"BCBSFBC","","suare001","","K","T",1,0,0,2,0,"F"
0,0,0,0,"..X","","","","31/G3","T",1,0,0,0,0,"F"
0,1,0,0,"X","","","","6/P6MD+","T",1,0,0,0,0,"F"
0,2,1,2,"CFBFC","","","","K","T",1,0,0,0,0,"F"
1,0,1,1,".CBX","","","","S7/L78D","T",0,1,0,0,0,"F"
1,0,2,1,"BBFX","indij001","","","8/F8D","T",1,0,1,0,0,"F"
1,1,2,2,"1*BFFBS","indij001","","","K","T",1,0,1,0,0,"F"
1,2,0,0,">C","indij001","","","DI.1-2","F",0,0,2,0,0,"F"
1,2,0,1,">C.N","","indij001","","DI.2-3","F",0,0,0,3,0,"F"
1,2,1,2,">C.N.BFX","","","indij001","8/L8D","T",1,0,0,0,3,"F"
0,0,1,0,"BX","","","","53/G25-","T",1,0,0,0,0,"T"
0,1,3,2,"BBFSBX","","","","D9/L9L","T",0,2,0,0,0,"F"
0,1,3,2,"SBBCFF*BFB","","escoa003","","W","T",0,1,0,2,0,"F"
0,1,1,0,"*BX","sotoj001","escoa003","","8/F8XD.2-3;1-2","T",1,0,2,3,0,"F"
0,2,0,0,"X","","sotoj001","escoa003","7/F7LS","T",1,0,0,2,3,"F"
1,0,0,0,"X","","","","43/G4+","T",1,0,0,0,0,"F"
1,1,3,2,"CFBBBX","","","","S9/L89S+","T",0,1,0,0,0,"F"
1,1,0,0,"X","stept001","","","8/L8D","T",1,0,1,0,0,"F"
1,2,2,2,"B*BCSS","stept001","","","K","T",1,0,1,0,0,"F"
0,0,0,1,"FX","","","","8/L8","T",1,0,0,0,0,"F"
0,1,3,2,"BCBCBS","","","","K","T",1,0,0,0,0,"F"
0,2,0,2,"CSFX","","","","43/G34","T",1,0,0,0,0,"F"
1,0,0,1,"CX","","","","63/G56","T",1,0,0,0,0,"F"
1,1,1,1,"BSX","","","","43/G6","T",1,0,0,0,0,"F"
1,2,3,1,"FBBBB","","","","W","T",0,1,0,0,0,"F"
1,2,0,1,"S>S","deshd002","","","SB2","F",0,0,2,0,0,"F"
1,2,0,2,"S>S.>B","","deshd002","","OA.2X3(2454)","F",1,0,0,0,0,"F"
0,0,2,2,"BCBFFC","","","","K","T",1,0,0,0,0,"F"
0,1,0,2,"CFX","","","","S5/G56","T",0,1,0,0,0,"F"
0,1,0,1,"FX","thoml002","","","8/L8","T",1,0,1,0,0,"F"
0,2,3,2,"BSCBB>X","thoml002","","","S8/G4M.1-3","T",0,1,3,0,0,"F"
0,2,2,1,"SBBX","sotoj001","","thoml002","S7/L7+.3-H;1-2","T",0,1,2,0,4,"F"
0,2,1,2,"CSBFX","bellj005","sotoj001","","8/L78D","T",1,0,1,2,0,"F"
1,0,1,1,"BCX","","","","E4/G4D.B-1","T",0,1,0,0,0,"F"
1,0,0,0,"X","garcj007","","","14/SH/BG1S-.1-2","T",1,0,2,0,0,"F"
1,1,3,0,"B*BBB","","garcj007","","W","T",0,1,0,2,0,"F"
1,1,3,0,"BBBB","indij001","garcj007","","W.2-3;1-2","T",0,1,2,3,0,"F"
1,1,2,2,"B*SF*B*S","stept001","indij001","garcj007","K","T",1,0,1,2,3,"F"
1,2,2,2,"CSBBFF*S","stept001","indij001","garcj007","K","T",1,0,1,2,3,"F"
0,0,2,0,"BBX","","","","5/P6D","T",1,0,0,0,0,"F"
0,1,0,1,"SX","","","","63/G6","T",1,0,0,0,0,"F"
0,2,2,2,"BBFCX","","","","43/G4","T",1,0,0,0,0,"F"
1,0,3,2,"CBFBFBFB","","","","W","T",0,1,0,0,0,"F"
1,0,2,2,"FBBFS","farmk001","","","K","T",1,0,1,0,0,"F"
1,1,0,0,"1X","farmk001","","","13/SH/BG23.1-2","T",1,0,2,0,0,"F"
1,2,0,0,"X","","farmk001","","S6/G6.2-3","T",0,1,0,3,0,"F"
1,2,0,0,"X","garcj007","","farmk001","63/G4M","T",1,0,1,0,3,"F"
0,0,2,2,"CFBFBFFS","","","","K","T",1,0,0,0,0,"F"
0,1,0,0,"X","","","","43/G34","T",1,0,0,0,0,"F"
0,2,1,2,"CSBS","","","","K","T",1,0,0,0,0,"F"
1,0,1,1,"BCX","","","","53/G56","T",1,0,0,0,0,"F"
1,1,2,2,"CFBBFX","","","","9/L9","T",1,0,0,0,0,"F"
1,2,0,2,"CF*S","","","","K","T",1,0,0,0,0,"F"
0,0,0,2,"CCFFX","","","","HR/F7D","T",0,4,0,0,0,"F"
0,0,3,1,"CBBB*B","","","","W","T",0,1,0,0,0,"F"
0,0,0,0,"X","bellj005","","","2/P2F/FL","T",1,0,1,0,0,"F"
0,1,1,2,"FFFFBX","bellj005","","","D9/G3.1-3","T",0,2,3,0,0,"F"
0,1,0,2,"CFS","","ruizk001","bellj005","K","T",1,0,0,2,3,"F"
0,2,3,0,"VVVV","","ruizk001","bellj005","IW","T",0,1,0,2,3,"F"
0,2,1,2,"BSSS","steva001","ruizk001","bellj005","K","T",1,0,1,2,3,"F"
1,0,2,2,"BCBCX","","","","S8/L78S","T",0,1,0,0,0,"F"
1,0,1,1,"BCX","vottj001","","","4(1)3/GDP/G4M","T",2,0,0,0,0,"F"
1,2,2,2,"CBCB*S","","","","K","T",1,0,0,0,0,"F"
0,0,1,2,".CCFBX","","","","7/L78D","T",1,0,0,0,0,"F"
0,1,1,2,"CFBC","","","","K","T",1,0,0,0,0,"F"
0,2,3,2,"CBBBCX","","","","HR/F7LD","T",0,4,0,0,0,"F"
0,2,2,0,"BBX","","","","S9/L89+","T",0,1,0,0,0,"F"
0,2,0,2,"CSB","bellj005","","","WP.1-2","F",0,0,2,0,0,"F"
0,2,2,2,"CSB.BC","","bellj005","","K","T",1,0,0,2,0,"F"
1,0,0,1,"CX","","","","D7/G5","T",0,2,0,0,0,"F"
1,0,0,0,"X","","deshd002","","7/F7LD.2-3","T",1,0,0,3,0,"F"
1,1,2,2,".BSF*BS","","","deshd002","K","T",1,0,0,0,3,"F"
1,2,0,2,".CFFS","","","deshd002","K","T",1,0,0,0,3,"F"
0,0,2,2,".CBCFBX","","","","53/G5","T",1,0,0,0,0,"F"
0,1,0,0,"X","","","","4/P4D","T",1,0,0,0,0,"F"
0,2,1,1,"BFX","","","","31/G34","T",1,0,0,0,0,"F"
1,0,1,2,".CCBX","","","","8/F89","T",1,0,0,0,0,"F"
1,1,2,2,"SSBBS","","","","K","T",1,0,0,0,0,"F"
1,2,3,1,"BCBBB","","","","W","T",0,1,0,0,0,"F"
1,2,0,2,"CFS","vottj001","","","K","T",1,0,1,0,0,"F"
0,0,2,1,"..BCBX","","","","7/L7","T",1,0,0,0,0,"F"
0,1,2,2,"BTBTS","","","","K","T",1,0,0,0,0,"F"
0,2,0,2,"CCS","","","","K","T",1,0,0,0,0,"F"
1,0,0,0,".X","","","","S8/L8D","T",0,1,0,0,0,"F"
1,0,1,2,".CFFFBX","suare001","","","T9/L9LD+.1-H","T",0,3,4,0,0,"F"
1,0,2,0,".BBX","","","schrm001","43/G4.3-H","T",1,0,0,0,4,"F"
1,1,1,0,".BX","","","","8/F8","T",1,0,0,0,0,"F"
1,2,3,2,"BSBCBH","","","","HP","T",0,1,0,0,0,"F"
1,2,2,2,"CBFBFS","indij001","","","K","T",1,0,1,0,0,"F"
0,0,3,2,"BCFBBB","","","","W","T",0,1,0,0,0,"T"
0,0,0,1,"CX","thoml002","","","5/L56+/DP.1X1(53)","T",2,0,0,0,0,"F"
0,2,3,2,"BBBCSB","","","","W","T",0,1,0,0,0,"F"
0,2,1,0,"BX","sotoj001","","","D9/L9D.1-H;B-3","T",0,3,4,0,0,"F"
0,2,1,0,"*BX","","","bellj005","3/G3","T",1,0,0,0,3,"F"
1,0,3,2,"BCBCFBFX","","","","D7/L78D+","T",0,2,0,0,0,"F"
1,0,1,2,"BCFX","","indij001","","6/P4D","T",1,0,0,2,0,"F"
1,1,0,0,"X","","indij001","","53/G5S","T",1,0,0,2,0,"F"
1,2,3,2,"BFBBFFFX","","indij001","","7/F7","T",1,0,0,2,0,"F"
0,0,1,1,"BFX","","","","HR/F89XD+","T",0,4,0,0,0,"F"
0,0,1,2,"CCBC","","","","K","T",1,0,0,0,0,"F"
0,1,3,2,"CCBBFFBC","","","","K","T",1,0,0,0,0,"F"
0,2,2,2,"CCBBFX","","","","S5/G5S-","T",0,1,0,0,0,"F"
0,2,2,2,"FBSBC","espip001","","","K","T",1,0,1,0,0,"F"
1,0,1,2,"CCFBX","","","","S9/G34","T",0,1,0,0,0,"F"
1,0,2,2,"BCBCS","farmk001","","","K","T",1,0,1,0,0,"F"
1,1,2,0,"BBX","farmk001","","","46(1)3/GDP/G4","T",2,0,0,0,0,"F"
0,0,2,0,"BBX","","","","HR/F8XD","T",0,4,0,0,0,"F"
0,0,3,2,"CBBBCFFB","","","","W","T",0,1,0,0,0,"F"
0,0,0,2,"FCFX","sotoj001","","","43/G4.1-2","T",1,0,2,0,0,"F"
0,1,1,1,"*BCX","","sotoj001","","31/G3.2-3","T",1,0,0,3,0,"F"
0,2,2,2,"FBCBX","","","sotoj001","S9/L89.3-H","T",0,1,0,0,4,"F"
0,2,0,1,"CX","ruizk001","","","3/G3S-","T",1,0,1,0,0,"F"
1,0,2,1,"BCBX","","","","S9/G34+","T",0,1,0,0,0,"F"
1,0,0,0,"X","friet001","","","2/BP2F-/FL","T",1,0,1,0,0,"F"
1,1,1,1,"1CB1X","friet001","","","7/F7D","T",1,0,1,0,0,"F"
1,2,3,2,"FB*BBF>F>F>F>F>X","friet001","","","HR/F9D.1-H","T",0,4,4,0,0,"F"
1,2,3,0,"BBBX","","","","3/G34S-","T",1,0,0,0,0,"F"
0,0,0,2,"CFX","","","","7/L7L","T",1,0,0,0,0,"F"
0,1,2,1,"BCBX","","","","6/L6","T",1,0,0,0,0,"F"
0,2,3,2,"FBBCBB","","","","W","T",0,1,0,0,0,"F"
0,2,0,2,"SF1>B","thoml002","","","SB2","F",0,0,2,0,0,"F"
0,2,2,2,"SF1>B.BFX","","thoml002","","63/G6","T",1,0,0,2,0,"F"
1,0,2,1,"BFBX","","","","9/F89XD","T",1,0,0,0,0,"F"
1,1,1,2,"BCSC","","","","K","T",1,0,0,0,0,"F"
1,2,2,2,"BFBCX","","","","3/P34","T",1,0,0,0,0,"F"
0,0,3,2,".CBCBFBS","","","","K","T",1,0,0,0,0,"F"
0,1,3,0,"BBBX","","","","43/G4","T",1,0,0,0,0,"F"
0,2,2,2,"BSSBS","","","","K","T",1,0,0,0,0,"F"
1,0,1,2,"FFBX","","","","6/P5F/FL","T",1,0,0,0,0,"F"
1,1,3,2,"CBBBCX","","","","4/L34D+","T",1,0,0,0,0,"F"
1,2,2,1,".BBFX","","","","HR/F78XD","T",0,4,0,0,0,"F"
1,2,0,2,"CCX","","","","7/F7","T",1,0,0,0,0,"F"
0,0,0,1,".CX","","","","8/L8","T",1,0,0,0,0,"F"
0,1,2,2,"BBCFX","","","","8/L89D","T",1,0,0,0,0,"F"
0,2,3,0,"BBBB","","","","W","T",0,1,0,0,0,"F"
0,2,3,2,".BSBBC>S","steva001","","","K","T",1,0,1,0,0,"F"
1,0,2,2,".TFBFBC","","","","K","T",1,0,0,0,0,"F"
1,1,2,1,"BBCX","","","","HR/F89XD","T",0,4,0,0,0,"F"
1,1,3,0,"BBBB","","","","W","T",0,1,0,0,0,"F"
1,1,0,1,".FX","vottj001","","","84(1)/FO/L8D.B-1","T",1,1,0,0,0,"F"
1,2,1,2,"FBCX","farmk001","","","HR/L78XD.1-H","T",0,4,4,0,0,"F"
1,2,3,2,"BBBCSS","","","","K","T",1,0,0,0,0,"F"
0,0,1,1,".BCX","","","","7/F78XD+","T",1,0,0,0,0,"F"
0,1,1,2,"CFBX","","","","3/P2F/FL","T",1,0,0,0,0,"F"
0,2,3,2,"SBSBBX","","","","5/L6D","T",1,0,0,0,0,"F"
1,0,3,2,".BCBFBX","","","","S8/L8","T",0,1,0,0,0,"F"
1,0,3,2,".1*B1BBFC>B","friet001","","","W.1-2","T",0,1,2,0,0,"F"
1,0,2,2,"BCCBX","cabra002","friet001","","4/P4MD","T",1,0,1,2,0,"F"
1,1,3,2,"...CFBFBBS","aquia001","friet001","","K","T",1,0,1,2,0,"F"
1,2,1,1,"BCX","aquia001","friet001","","S8/G6.2-H;1-3","T",0,1,3,4,0,"F"
1,2,1,2,"FBF>*B","castn001","","aquia001","SB2","F",0,0,2,0,3,"F"
1,2,3,2,"FBF>*B.F*BX","","castn001","aquia001","8/F8D","T",1,0,0,2,3,"F"
0,0,2,1,"..BBFX","","","","7/F7S","T",1,0,0,0,0,"F"
0,1,1,1,"FBX","","","","5/P6","T",1,0,0,0,0,"F"
0,2,1,2,"CFBFX","","","","S5/G56-","T",0,1,0,0,0,"F"
0,2,0,0,"X","ruizk001","","","9/L9L","T",1,0,1,0,0,"F"
1,0,1,0,".BX","","","","7/F78XD","T",1,0,0,0,0,"F"
1,1,2,1,"FBBX","","","","9/F9+","T",1,0,0,0,0,"F"
1,2,2,2,"BCTFFFBX","","","","53/G4","T",1,0,0,0,0,"F"
0,0,2,2,".BFTBX","","","","63/G4M","T",1,0,0,0,0,"F"
0,1,0,2,".CTS","","","","K","T",1,0,0,0,0,"F"
0,2,3,2,"CBBBCX","","","","D8/L89XD+","T",0,2,0,0,0,"F"
0,2,1,2,"BSCX","","thoml002","","D7/L7LD.2-H","T",0,2,0,4,0,"F"
0,2,3,1,"CBBBB","","escoa003","","W","T",0,1,0,2,0,"F"
0,2,3,2,"BBBCC>B","sotoj001","escoa003","","W.2-3;1-2","T",0,1,2,3,0,"F"
0,2,2,2,"CBC*BX","bellj005","sotoj001","escoa003","S7/G6.3-H;2-H;1-2","T",0,1,2,4,4,"F"
0,2,0,1,".CX","garcl006","bellj005","","64(1)/FO/G6D.B-1","T",1,1,0,2,0,"F"
1,0,0,2,"..CSX","","","","9/F89D","T",1,0,0,0,0,"F"
1,1,1,1,"BCX","","","","S7/G6","T",0,1,0,0,0,"F"
1,1,1,2,"C*BF>FF>B","aquia001","","","SB2","F",0,0,2,0,0,"F"
1,1,2,2,"C*BF>FF>B.X","","aquia001","","FC/G6.2X3(65);B-1","T",1,1,0,0,0,"F"
1,2,0,2,".F1>FH","indij001","","","HP.1-2","T",0,1,2,0,0,"F"
1,2,3,2,"*BCFBB>S","garcj007","indij001","","K","T",1,0,1,2,0,"F"
0,0,0,2,"..CC*S","","ruizk001","","K.BX1(23)","T",1,0,0,2,0,"F"
0,1,1,2,"*SSBX","","ruizk001","","9/F9","T",1,0,0,2,0,"F"
0,2,1,1,"FBX","","ruizk001","","2/P2F/FL","T",1,0,0,2,0,"F"
1,0,3,0,"..VVVV","","castn001","","IW","T",0,1,0,2,0,"F"
1,0,0,2,"LCS","vottj001","castn001","","K","T",1,0,1,2,0,"F"
1,1,1,0,"*BX","vottj001","castn001","","S8/L8+.2-3;1-2","T",0,1,2,3,0,"F"
1,1,2,2,"BBFFX","suare001","vottj001","castn001","5/P25","T",1,0,1,2,3,"F"
1,2,0,2,"CFX","suare001","vottj001","castn001","43/G34","T",1,0,1,2,3,"F"
0,0,3,2,"..SBFFBFBS","","zimmr001","","K","T",1,0,0,2,0,"F"
0,1,1,2,"CF*BS","","zimmr001","","K","T",1,0,0,2,0,"F"
0,2,3,0,"VVVV","","zimmr001","","IW","T",0,1,0,2,0,"F"
0,2,3,1,".BB*BCB","sotoj001","zimmr001","","W.2-3;1-2","T",0,1,2,3,0,"F"
0,2,0,0,"X","adamr004","sotoj001","zimmr001","3/G34+","T",1,0,1,2,3,"F"
1,0,0,1,"..FX","","friet001","","S49/G4.2-H(UR)","T",0,1,0,5,0,"F"
0,0,0,2,"CFS","","","","K","T",1,0,0,0,0,"T"
0,1,0,1,"SX","","","","53/G5","T",1,0,0,0,0,"F"
0,2,3,1,"BBCBB","","","","W","T",0,1,0,0,0,"F"
0,2,0,0,"X","sotoj001","","","S8/L89D.1-3","T",0,1,3,0,0,"F"
0,2,0,1,"CX","bellj005","","sotoj001","D9/L9LD.3-H;1-3","T",0,2,3,0,4,"F"
0,2,1,0,"*BX","","garcl006","bellj005","7/F7S","T",1,0,0,2,3,"F"
1,0,2,2,"CSBBFFX","","","","53/G5","T",1,0,0,0,0,"F"
1,1,0,1,"SX","","","","43/G34","T",1,0,0,0,0,"F"
1,2,3,2,"BBCSBX","","","","13/G1-","T",1,0,0,0,0,"F"
0,0,0,0,"X","","","","S9/F9S","T",0,1,0,0,0,"F"
0,0,2,2,"1CBB1F1X","mercj002","","","7/F7D","T",1,0,1,0,0,"F"
0,1,0,2,"SMM","mercj002","","","K","T",1,0,1,0,0,"F"
0,2,1,1,"SBX","mercj002","","","8/F89","T",1,0,1,0,0,"F"
1,0,1,1,"CBX","","","","S9/L9+","T",0,1,0,0,0,"F"
1,0,0,1,"CX","stept001","","","D7/L7L.1-3","T",0,2,3,0,0,"F"
1,0,0,0,"X","","farmk001","stept001","DGR/F9LD.3-H;2-H","T",0,2,0,4,4,"F"
1,0,1,2,"CBCX","","suare001","","7/F7D","T",1,0,0,2,0,"F"
1,1,1,2,"B2SCX","","suare001","","31/G34.2-3","T",1,0,0,3,0,"F"
1,2,2,2,"SFBBS","","","suare001","K","T",1,0,0,0,3,"F"
0,0,2,2,"CBFBFFX","","","","S9/G34","T",0,1,0,0,0,"F"
0,0,3,1,"BBBC1B","escoa003","","","W.1-2","T",0,1,2,0,0,"F"
0,0,0,0,"X","sotoj001","escoa003","","S7/G56.2-H;1-2","T",0,1,2,4,0,"F"
0,0,1,2,"BFCFS","bellj005","sotoj001","","K","T",1,0,1,2,0,"F"
0,1,0,0,"*B","bellj005","sotoj001","","OA.2X3(25)","F",1,0,1,0,0,"F"
0,2,3,1,"*B.BBCB","bellj005","","","W.1-2","T",0,1,2,0,0,"F"
0,2,2,2,"CTB*BB","ruizk001","bellj005","","PB.2-3;1-2","F",0,0,2,3,0,"F"
0,2,3,2,"CTB*BB.B","","ruizk001","bellj005","W","T",0,1,0,2,3,"F"
0,2,1,0,".*BX","mercj002","ruizk001","bellj005","S8/L8+.3-H;2-H;1-2","T",0,1,2,4,4,"F"
0,2,1,2,"SBCFFFX","steva001","mercj002","","3/L34-","T",1,0,1,2,0,"F"
1,0,2,2,"BCSBX","","","","DGR/F78XD","T",0,2,0,0,0,"F"
1,0,1,2,"BCFX","","indij001","","43/G34.2-3","T",1,0,0,3,0,"F"
1,1,0,0,"X","","","indij001","8/SF/F78XD+.3-H","T",1,0,0,0,4,"F"
1,2,2,0,"BBX","","","","43/G4S","T",1,0,0,0,0,"F"
0,0,0,0,"X","","","","HR/F89XD","T",0,4,0,0,0,"F"
0,0,2,2,"CBBCS","","","","K","T",1,0,0,0,0,"F"
0,1,0,2,".SSX","","","","S9/L89","T",0,1,0,0,0,"F"
0,1,2,2,"FBC*BC","sotoj001","","","K","T",1,0,1,0,0,"F"
0,2,0,0,"X","sotoj001","","","S9/G34.1-2","T",0,1,2,0,0,"F"
0,2,1,1,"CBX","garcl006","sotoj001","","4/P4","T",1,0,1,2,0,"F"
1,0,0,0,"H","","","","HP","T",0,1,0,0,0,"F"
1,0,1,2,"BSC*B","farmk001","","","OA.1X2(24)","F",1,0,0,0,0,"F"
1,1,3,2,"BSC*B.BFB","","","","W","T",0,1,0,0,0,"F"
1,1,3,2,"BTFBBFFX","suare001","","","36(1)3/GDP/G3","T",2,0,0,0,0,"F"
0,0,1,2,".BCFS","","","","K","T",1,0,0,0,0,"F"
0,1,0,2,"CFFX","","","","7/F7L","T",1,0,0,0,0,"F"
0,2,3,2,"CBBSBX","","","","3/P3F/FL","T",1,0,0,0,0,"F"
1,0,1,2,"CBFX","","","","S9/L89","T",0,1,0,0,0,"F"
1,0,3,2,".1BBBCFFB","friet001","","","W.1-2","T",0,1,2,0,0,"F"
1,0,3,2,"BBBCCX","deshd002","friet001","","S8/L8.2-3;1-2","T",0,1,2,3,0,"F"
1,0,3,2,"BBCBCFX","indij001","deshd002","friet001","7/SF/F7.3-H","T",1,0,1,2,4,"F"
1,1,1,0,"B>S","indij001","deshd002","","CS3(25).1-2","F",1,0,2,0,0,"F"
1,2,1,1,"B>S.X","","indij001","","S9/F9LS.2-H;B-2(E9)","T",0,2,0,4,0,"F"
1,2,3,2,"FBBCBB","","castn001","","W","T",0,1,0,2,0,"F"
1,2,2,2,".B*S*BCT","stept001","castn001","","K","T",1,0,1,2,0,"F"
0,0,1,1,".BCX","","","","S8/G6M","T",0,1,0,0,0,"F"
0,0,3,2,"CBFFBFFBFC","thoml002","","","K","T",1,0,1,0,0,"F"
0,1,2,1,"1BCBX","thoml002","","","7/F7","T",1,0,1,0,0,"F"
0,2,0,1,"CX","thoml002","","","4/L4D","T",1,0,1,0,0,"F"
1,0,3,2,".CCBBBX","","","","S9/L89","T",0,1,0,0,0,"F"
1,0,0,0,"X","suare001","","","8/F8XD","T",1,0,1,0,0,"F"
1,1,2,2,"CS*BBX","suare001","","","S7/F78S.1-2","T",0,1,2,0,0,"F"
1,1,3,1,".B*BBCB","friet001","suare001","","W.2-3;1-2","T",0,1,2,3,0,"F"
1,1,1,2,".BCFX","cabra002","friet001","suare001","3/L4-","T",1,0,1,2,3,"F"
1,2,1,1,"BSX","cabra002","friet001","suare001","13/G1","T",1,0,1,2,3,"F"
0,0,0,0,".X","","","","43/G4","T",1,0,0,0,0,"F"
0,1,1,1,"CBX","","","","HR/F89XD","T",0,4,0,0,0,"F"
0,1,2,2,"CSBBC","","","","K","T",1,0,0,0,0,"F"
0,2,0,0,"H","","","","HP","T",0,1,0,0,0,"F"
0,2,1,0,".BB","steva001","","","WP.1-2","F",0,0,2,0,0,"F"
0,2,3,2,".BB.SBFB","","steva001","","W+WP.2-3","T",0,1,0,3,0,"F"
0,2,1,0,"BX","herny002","","steva001","54(1)/FO/G56.B-1","T",1,1,0,0,3,"F"
1,0,3,2,".BFBSB*B","","","","W","T",0,1,0,0,0,"F"
1,0,0,1,"SX","castn001","","","13/G1S.1-2","T",1,0,2,0,0,"F"
1,1,0,1,"FX","","castn001","","D8/L78XD+.2-H","T",0,2,0,4,0,"F"
1,1,0,2,"CCFC","","farmk001","","K","T",1,0,0,2,0,"F"
1,2,2,1,"BF*BX","","farmk001","","8/F8S","T",1,0,0,2,0,"F"
0,0,0,2,".CFX","","","","9/F89","T",1,0,0,0,0,"F"
0,1,3,2,"FBBBFX","","","","8/F8D","T",1,0,0,0,0,"F"
0,2,3,1,"FBBBX","","","","31/G34S","T",1,0,0,0,0,"F"
1,0,1,2,".CBCFX","","","","3/G3+","T",1,0,0,0,0,"F"
1,1,2,2,".FBSBS","","","","K","T",1,0,0,0,0,"F"
1,2,0,1,"FX","","","","13/L4MS","T",1,0,0,0,0,"F"
0,0,1,1,".BFX","","","","43/G4","T",1,0,0,0,0,"F"
0,1,3,2,"BBBCFX","","","","5/P56","T",1,0,0,0,0,"F"
0,2,1,0,"BX","","","","9/F9S","T",1,0,0,0,0,"F"
1,0,3,2,"BBFSFBS","","","","K","T",1,0,0,0,0,"F"
1,1,0,1,"SX","","","","HR/F8XD","T",0,4,0,0,0,"F"
0,0,3,2,"BCBCBFC","","","","K","T",1,0,0,0,0,"T"
0,1,0,2,"CSX","","","","43/G4M","T",1,0,0,0,0,"F"
0,2,2,1,"BCBX","","","","7/F78S","T",1,0,0,0,0,"F"
1,0,1,0,"BX","","","","5/L5","T",1,0,0,0,0,"F"
1,1,0,1,"CX","","","","9/F89D","T",1,0,0,0,0,"F"
1,2,3,1,"SBBBB","","","","W","T",0,1,0,0,0,"F"
1,2,2,2,"CBFBX","castn001","","","D9/L9D.1-3","T",0,2,3,0,0,"F"
1,2,1,2,"BCSX","","suare001","castn001","6/L6D","T",1,0,0,2,3,"F"
0,0,1,2,"CCBX","","","","31/G3S","T",1,0,0,0,0,"F"
0,1,2,2,"CFBFBFX","","","","3/G34","T",1,0,0,0,0,"F"
0,2,2,2,"BBSTT","","","","K","T",1,0,0,0,0,"F"
1,0,0,1,"FX","","","","63/G56D","T",1,0,0,0,0,"F"
1,1,3,2,"BFBBCB","","","","W","T",0,1,0,0,0,"F"
1,1,2,2,"1BS1FB11S","deshd002","","","K","T",1,0,1,0,0,"F"
1,2,0,1,"FX","deshd002","","","7/F78D","T",1,0,1,0,0,"F"
0,0,3,0,"BBBB","","","","W","T",0,1,0,0,0,"F"
0,0,1,0,"BX","adamr004","","","D7/L7D+.1-3","T",0,2,3,0,0,"F"
0,0,0,2,"SCS","","kiebc001","adamr004","K","T",1,0,0,2,3,"F"
0,1,2,2,"CBBFS","","kiebc001","adamr004","K","T",1,0,0,2,3,"F"
0,2,2,2,"CBTBFX","","kiebc001","adamr004","4/L6MD","T",1,0,0,2,3,"F"
1,0,2,2,"CSBFBX","","","","8/F8","T",1,0,0,0,0,"F"
1,1,2,1,"CBBX","","","","S8/L89XD+","T",0,1,0,0,0,"F"
1,1,3,1,"BBBCX","stept001","","","9/F9L","T",1,0,1,0,0,"F"
1,2,1,2,"FCF*BFC","stept001","","","K","T",1,0,1,0,0,"F"
0,0,1,2,"BCTX","","","","5/P5SF/FL","T",1,0,0,0,0,"F"
0,1,2,2,"CBFBC","","","","K","T",1,0,0,0,0,"F"
0,2,3,2,"CBSBBFFFFX","","","","S7/L78","T",0,1,0,0,0,"F"
0,2,1,2,"CBCFFX","herny002","","","63/G6M","T",1,0,1,0,0,"F"
1,0,3,1,"BBBCX","","","","53/G56","T",1,0,0,0,0,"F"
1,1,1,2,"FBCFS","","","","K","T",1,0,0,0,0,"F"
1,2,3,2,"SCBBBFFB","","","","W","T",0,1,0,0,0,"F"
1,2,0,0,"X","deshd002","","","S7/L78.1-3","T",0,1,3,0,0,"F"
1,2,1,1,"SBX","garcj007","","deshd002","9/F9D","T",1,0,1,0,3,"F"
0,0,2,2,"BCFBS","","","","K","T",1,0,0,0,0,"F"
0,1,0,2,"FFX","","","","S9/G4","T",0,1,0,0,0,"F"
0,1,0,0,"1X","kiebc001","","","43/G4.1-2","T",1,0,2,0,0,"F"
0,2,3,1,"S*BBBX","","kiebc001","","E4/G89S.2-H(NR)(UR);B-1","T",0,1,0,5,0,"F"
0,2,1,1,"BCX","thoml002","","","53/G56","T",1,0,1,0,0,"F"
1,0,1,0,"BX","","","","D7/L7D+","T",0,2,0,0,0,"F"
1,0,1,0,"*BX","","indij001","","HR/F9D.2-H","T",0,4,0,4,0,"F"
1,0,2,2,"BCFFFBX","","","","HR/F78XD","T",0,4,0,0,0,"F"
1,0,1,2,"FBCX","","","","43/G6","T",1,0,0,0,0,"F"
1,1,0,2,"CFFX","","","","3/P3F/FL","T",1,0,0,0,0,"F"
1,2,0,2,"SFX","","","","S8/G6M","T",0,1,0,0,0,"F"
1,2,3,0,"BBBB","cabra002","","","W.1-2","T",0,1,2,0,0,"F"
1,2,1,2,".CSF*BT","deshd002","cabra002","","K","T",1,0,1,2,0,"F"
0,0,3,2,"BBCBFB","","","","W","T",0,1,0,0,0,"F"
0,0,0,0,"X","sotoj001","","","7/F78D","T",1,0,1,0,0,"F"
0,1,2,2,"BBFFX","sotoj001","","","7/F7D","T",1,0,1,0,0,"F"
0,2,0,0,"X","sotoj001","","","43/G34","T",1,0,1,0,0,"F"
1,0,1,2,".LSBX","","","","S49/G34","T",0,1,0,0,0,"F"
1,0,1,1,"1BC1X","friet001","","","8/F8","T",1,0,1,0,0,"F"
1,1,3,1,"*BB+1BCX","friet001","","","D7/G5.1-3","T",0,2,3,0,0,"F"
1,1,3,0,"VVVV","","stept001","friet001","IW","T",0,1,0,2,3,"F"
1,1,2,2,"F*BS*BC","castn001","stept001","friet001","K","T",1,0,1,2,3,"F"
1,2,2,2,"BFSFBX","castn001","stept001","friet001","HR/F7LD.3-H;2-H;1-H","T",0,4,4,4,4,"F"
1,2,0,0,"X","","","","S7/G56","T",0,1,0,0,0,"F"
1,2,0,0,"X","cabra002","","","S8/L8.1-2","T",0,1,2,0,0,"F"
1,2,3,0,"B*BBB","deshd002","cabra002","","W.2-3;1-2","T",0,1,2,3,0,"F"
1,2,2,2,"..BCFFBX","garcj007","deshd002","cabra002","43/G34+","T",1,0,1,2,3,"F"
0,0,3,2,".CBFBFBB","","","","W","T",0,1,0,0,0,"F"
0,0,0,1,"FX","adamr004","","","9/F89S","T",1,0,1,0,0,"F"
0,1,0,0,"X","adamr004","","","53/G1S-.1-2","T",1,0,2,0,0,"F"
0,2,2,2,"BCFFBS","","adamr004","","K","T",1,0,0,2,0,"F"
1,0,3,2,"CBBCBB","","","","W","T",0,1,0,0,0,"F"
1,0,1,2,"CC*BFX","indij001","","","FC6/G6.1-2;B-1","T",0,1,2,0,0,"F"
1,0,2,2,"CB*BSFX","stept001","indij001","","9/F9D.2-3","T",1,0,1,3,0,"F"
1,1,2,2,"SF*BBC","stept001","","indij001","K","T",1,0,1,0,3,"F"
1,2,3,0,"BBBX","stept001","","indij001","9/F9","T",1,0,1,0,3,"F"
0,0,3,1,".CBBBB","","","","W","T",0,1,0,0,0,"F"
0,0,0,0,"X","escoa003","","","FC4/G4+.1-2(E4);B-1","T",0,1,2,0,0,"F"
0,0,0,0,"X","sotoj001","escoa003","","54(1)3/GDP/G56+.2-3","T",2,0,0,3,0,"F"
0,2,2,2,"BCBFX","","","escoa003","53/G56","T",1,0,0,0,3,"F"
1,0,1,0,"BX","","","","8/F89D","T",1,0,0,0,0,"F"
1,1,1,1,"CBX","","","","S57/G6","T",0,1,0,0,0,"F"
1,1,3,2,"FBBSBX","deshd002","","","D7/G5.1-H","T",0,2,4,0,0,"F"
1,1,3,2,".BSB*BCB","","garcj007","","W","T",0,1,0,2,0,"F"
1,1,3,0,"BBBB","aquia001","garcj007","","W.2-3;1-2","T",0,1,2,3,0,"F"
1,1,0,0,"X","indij001","aquia001","garcj007","8/SF/F8D.3-H;2-3","T",1,0,1,3,4,"F"
1,2,1,2,"B*SFX","indij001","","aquia001","7/L7","T",1,0,1,0,3,"F"
0,0,2,2,"..CSBBX","","","","D8/F89XD","T",0,2,0,0,0,"F"
0,0,2,2,"CBBSC","","garcl006","","K","T",1,0,0,2,0,"F"
0,1,1,0,"*BX","","garcl006","","8/L8","T",1,0,0,2,0,"F"
0,2,3,2,"BFBSFBB","","garcl006","","W","T",0,1,0,2,0,"F"
0,2,3,2,"C*BFBB>F>B","steva001","garcl006","","W.2-3;1-2","T",0,1,2,3,0,"F"
0,2,1,2,"BFFB","thoml002","steva001","garcl006","WP.3-H(NR);2-3;1-2","F",0,0,2,3,4,"F"
0,2,2,2,"BFFB.S","","thoml002","steva001","K","T",1,0,0,2,3,"F"
0,0,2,0,"BBX","","","","8/L8D","T",1,0,0,0,0,"T"
0,1,3,2,"BCBSFBS","","","","K","T",1,0,0,0,0,"F"
0,2,1,2,"CSBS","","","","K","T",1,0,0,0,0,"F"
1,0,0,2,"CFX","","","","S8/L89D+","T",0,1,0,0,0,"F"
1,0,2,2,"BF1BFX","indij001","","","D8/L8D.1-3","T",0,2,3,0,0,"F"
1,0,1,2,"CCBFX","","schrm001","indij001","8/SF/F8XD.3-H;2-3","T",1,0,0,3,4,"F"
1,1,3,1,"BBFBX","","","schrm001","HR/F7D.3-H","T",0,4,0,0,4,"F"
1,1,0,1,"FX","","","","S7/L7+","T",0,1,0,0,0,"F"
1,1,2,2,"B*BFFS","suare001","","","K","T",1,0,1,0,0,"F"
1,2,2,2,"*BCFBX","suare001","","","S7/G56.1-2","T",0,1,2,0,0,"F"
1,2,1,1,"C*BX","deshd002","suare001","","S8/L8.2-H;1-2","T",0,1,2,4,0,"F"
1,2,1,2,"BSFFFS","barnt001","deshd002","","K","T",1,0,1,2,0,"F"
0,0,3,2,"BSCBBC","","","","K","T",1,0,0,0,0,"F"
0,1,3,1,"BBFBX","","","","S8/L78","T",0,1,0,0,0,"F"
0,1,2,2,"BFSBX","alfoa002","","","9/F9S","T",1,0,1,0,0,"F"
0,2,1,2,"C1BFFX","alfoa002","","","8/F8XD","T",1,0,1,0,0,"F"
1,0,3,1,".BBCBX","","","","S7/L7D+","T",0,1,0,0,0,"F"
1,0,1,1,"BS1X","indij001","","","7/F7D","T",1,0,1,0,0,"F"
1,1,3,2,"CB11BFB>X","indij001","","","9/F89D","T",1,0,1,0,0,"F"
1,2,1,2,"FFB>B","indij001","","","SB2","F",0,0,2,0,0,"F"
1,2,3,2,"FFB>B.BX","","indij001","","5/P5F/FL","T",1,0,0,2,0,"F"
0,0,1,2,"FSBX","","","","9/F89D","T",1,0,0,0,0,"F"
0,1,0,2,"CSS","","","","K","T",1,0,0,0,0,"F"
0,2,3,2,"CBBSBX","","","","9/L9+","T",1,0,0,0,0,"F"
1,0,3,2,"FBCBBX","","","","63/G6MS","T",1,0,0,0,0,"F"
1,1,1,1,"BFX","","","","S7/G6","T",0,1,0,0,0,"F"
1,1,2,1,"BCBX","farmk001","","","8/F8XD","T",1,0,1,0,0,"F"
1,2,0,0,"X","farmk001","","","43/G34","T",1,0,1,0,0,"F"
0,0,1,2,"BFFS","","","","K","T",1,0,0,0,0,"F"
0,1,1,0,"BX","","","","53/G5","T",1,0,0,0,0,"F"
0,2,0,1,"CX","","","","43/G4D","T",1,0,0,0,0,"F"
1,0,0,0,"X","","","","43/G4MD","T",1,0,0,0,0,"F"
1,1,2,2,"CBFBX","","","","D7/L7LD+","T",0,2,0,0,0,"F"
1,1,1,2,"BFCX","","indij001","","E3/G3.2-3;B-1","T",0,1,0,3,0,"F"
1,1,0,1,"FX","schrm001","","indij001","8/SF/L8D.3-H(UR)","T",1,0,1,0,5,"F"
1,2,3,2,"BCBCFFB>X","schrm001","","","HR/F9D.1-H(UR);B-H(UR)","T",0,5,5,0,0,"F"
1,2,1,1,"CBX","","","","HR/F8XD.B-H(UR)","T",0,5,0,0,0,"F"
1,2,0,2,"FSX","","","","53/G5","T",1,0,0,0,0,"F"
0,0,0,1,"CX","","","","D8/L89XD","T",0,2,0,0,0,"F"
0,0,0,2,"CCFX","","alfoa002","","53/G5","T",1,0,0,2,0,"F"
0,1,3,1,"BBBCX","","alfoa002","","8/F89XD.2-3","T",1,0,0,3,0,"F"
0,2,0,1,"CB","","","alfoa002","WP.3-H(NR)","F",0,0,0,0,4,"F"
0,2,1,2,"CB.FX","","","","8/L8D","T",1,0,0,0,0,"F"
1,0,0,2,"..CSS","","","","K","T",1,0,0,0,0,"F"
1,1,0,2,"CFF*S","","","","K","T",1,0,0,0,0,"F"
1,2,2,2,"BCBFFS","","","","K","T",1,0,0,0,0,"F"
0,0,0,1,"CX","","","","S8/F8S","T",0,1,0,0,0,"F"
0,0,2,1,"CBBX","difow001","","","54(1)3/GDP/G56","T",2,0,0,0,0,"F"
0,2,1,1,"BFX","","","","S8/G4","T",0,1,0,0,0,"F"
0,2,1,2,"TBSX","tsuty001","","","D9/L9D+.1-3","T",0,2,3,0,0,"F"
0,2,3,2,"B*BFTF*BFFB","","reynb001","tsuty001","W","T",0,1,0,2,3,"F"
0,2,2,2,".BFBSS","morac001","reynb001","tsuty001","K","T",1,0,1,2,3,"F"
1,0,1,2,"CFBFX","","","","E6/G6D.B-1","T",0,1,0,0,0,"F"
1,0,1,0,"BX","indij001","","","S7/L78S.1-2","T",0,1,2,0,0,"F"
1,0,3,2,"CSBBBX","schrm001","indij001","","HR/F78XD.2-H(UR);1-H","T",0,4,4,5,0,"F"
1,0,2,2,"BFSBX","","","","43/G3D","T",1,0,0,0,0,"F"
1,1,1,0,"BX","","","","D7/L7D+","T",0,2,0,0,0,"F"
1,1,1,1,"BFX","","suare001","","S9/G34.2-3","T",0,1,0,3,0,"F"
1,1,3,2,"BBFFFBT","farmk001","","suare001","K","T",1,0,1,0,3,"F"
1,2,2,1,"BCBX","farmk001","","suare001","8/F8D","T",1,0,1,0,3,"F"
0,0,3,2,"....CCBFBBS","","","","K","T",1,0,0,0,0,"F"
0,1,2,2,".BFCBX","","","","7/F7L","T",1,0,0,0,0,"F"
0,2,3,0,"BBBB","","","","W","T",0,1,0,0,0,"F"
0,2,0,1,"FX","davit004","","","3/G3","T",1,0,1,0,0,"F"
1,0,0,2,"..SCH","","","","HP","T",0,1,0,0,0,"F"
1,0,1,2,"CBCX","garcj007","","","HR/F7LD.1-H","T",0,4,4,0,0,"F"
1,0,3,2,"BCBFBX","","","","5/L6","T",1,0,0,0,0,"F"
1,1,0,2,"CSS","","","","K","T",1,0,0,0,0,"F"
1,2,2,1,"BCBX","","","","4/L4+","T",1,0,0,0,0,"F"
0,0,3,2,"...BFFFBFBC","","","","K","T",1,0,0,0,0,"F"
0,1,0,2,"SFS","","","","K","T",1,0,0,0,0,"F"
0,2,1,2,"CCBX","","","","53/G56S","T",1,0,0,0,0,"F"
1,0,3,2,"CSBFBBB","","","","W","T",0,1,0,0,0,"F"
1,0,0,1,"CX","suare001","","","S8/L8D.1-2","T",0,1,2,0,0,"F"
1,0,1,2,"CSBX","friet001","suare001","","9/F9S","T",1,0,1,2,0,"F"
1,1,3,1,"BSBB*B","friet001","suare001","","W.2-3;1-2","T",0,1,2,3,0,"F"
1,1,1,2,"BCCFT","barnt001","friet001","suare001","K","T",1,0,1,2,3,"F"
1,2,2,2,"BBCSX","barnt001","friet001","suare001","6(1)/FO/G6MD.B-1","T",1,1,0,2,3,"F"
0,0,1,0,".BX","","","","7/F7LSF/FL","T",1,0,0,0,0,"F"
0,1,2,2,"BCSBC","","","","K","T",1,0,0,0,0,"F"
0,2,2,2,"FBFBFX","","","","S8/F8S","T",0,1,0,0,0,"F"
0,2,1,0,"BX","tuckc001","","","63/G6MD","T",1,0,1,0,0,"F"
