0,0,0,2,"SSC","","","","K","T",1,0,0,0,0,"T"
0,1,3,2,"BBCSBX","","","","13/G2-","T",1,0,0,0,0,"F"
0,2,3,2,"CBBFBB","","","","W","T",0,1,0,0,0,"F"
0,2,0,1,"1C1","marts002","","","POCS2(134)","F",1,0,0,0,0,"F"
1,0,0,2,"CSX","","","","D7/L7LS","T",0,2,0,0,0,"F"
1,0,0,1,"CX","","nimmb001","","7/F7D","T",1,0,0,2,0,"F"
1,1,3,2,"CBBCBC","","nimmb001","","K","T",1,0,0,2,0,"F"
1,2,3,2,"BBFSFB*B","","nimmb001","","W","T",0,1,0,2,0,"F"
1,2,2,2,"BBFSFX","alonp001","nimmb001","","7/L7+","T",1,0,1,2,0,"F"
0,0,1,2,"BCFS","","","","K","T",1,0,0,0,0,"F"
0,1,0,0,"X","","","","8/F89XD+","T",1,0,0,0,0,"F"
0,2,0,1,"CX","","","","3/P34D","T",1,0,0,0,0,"F"
1,0,2,2,"CSFFBFFFBT","","","","K","T",1,0,0,0,0,"F"
1,1,2,0,"BBX","","","","8/F8","T",1,0,0,0,0,"F"
1,2,1,2,"BCSFS","","","","K","T",1,0,0,0,0,"F"
0,0,2,2,"CSBBS","","","","K","T",1,0,0,0,0,"F"
0,1,0,1,"CX","","","","9/F9D","T",1,0,0,0,0,"F"
0,2,1,2,"CCFBX","","","","63/G6M","T",1,0,0,0,0,"F"
1,0,1,2,"FBTX","","","","9/F9S","T",1,0,0,0,0,"F"
1,1,0,0,"X","","","","31/G34","T",1,0,0,0,0,"F"
1,2,3,0,"BBBB","","","","W","T",0,1,0,0,0,"F"
1,2,3,1,"BBC1BB","lindf001","","","W.1-2","T",0,1,2,0,0,"F"
1,2,0,0,"X","confm001","lindf001","","3/P3F/FL","T",1,0,1,2,0,"F"
0,0,2,2,"BCFBX","","","","5/P5","T",1,0,0,0,0,"F"
0,1,2,0,"BBX","","","","7/F7D","T",1,0,0,0,0,"F"
0,2,0,2,"FSX","","","","6/L78S+","T",1,0,0,0,0,"F"
1,0,0,0,"X","","","","S8/L4MD","T",0,1,0,0,0,"F"
1,0,0,0,"X","smitd008","","","1/BP1S","T",1,0,1,0,0,"F"
1,1,2,2,"*BBF1FB","smitd008","","","WP.1-2","F",0,0,2,0,0,"F"
1,1,3,2,"*BBF1FB.B","","smitd008","","W","T",0,1,0,2,0,"F"
1,1,3,2,"BCBFBB","mcnej002","smitd008","","W.2-3;1-2","T",0,1,2,3,0,"F"
1,1,1,1,"CBX","mccaj001","mcnej002","smitd008","54(1)3/GDP/G6","T",2,0,0,2,3,"F"
0,0,0,2,"CCX","","","","8/L8XD","T",1,0,0,0,0,"F"
0,1,3,2,"CCBBFBFX","","","","S9/L9LS","T",0,1,0,0,0,"F"
0,1,0,0,"X","andeb006","","","54(1)/FO/G56S.B-1","T",1,1,0,0,0,"F"
0,2,3,2,"BCBTB>B","duvaa001","","","W.1-2","T",0,1,2,0,0,"F"
0,2,0,0,"X","chisj001","duvaa001","","13/G25-","T",1,0,1,2,0,"F"
1,0,1,2,"CSBFFFX","","","","43/G4","T",1,0,0,0,0,"F"
1,1,2,1,"CBBX","","","","S9/G34+","T",0,1,0,0,0,"F"
1,1,1,2,"..BC1SFH","lindf001","","","HP.1-2","T",0,1,2,0,0,"F"
1,1,3,1,"BBCBB","confm001","lindf001","","W.2-3;1-2","T",0,1,2,3,0,"F"
1,1,2,1,"*BBCX","alonp001","confm001","lindf001","8/SF/F8XD+.3-H;2-3","T",1,0,1,3,4,"F"
1,2,1,2,"BFFFS","alonp001","","confm001","K","T",1,0,1,0,3,"F"
0,0,0,0,"X","","","","S9/L89","T",0,1,0,0,0,"F"
0,0,1,2,"11B>FFF1X","bertj001","","","D9/L9D.1-H","T",0,2,4,0,0,"F"
0,0,1,0,"BX","","dickc002","","53/G56","T",1,0,0,2,0,"F"
0,1,1,1,"CBX","","dickc002","","43/G4MD.2-3","T",1,0,0,3,0,"F"
0,2,3,2,"CCBFBBX","","","dickc002","S7/G56+.3-H","T",0,1,0,0,4,"F"
0,2,1,2,"SF*BS","aguij001","","","K","T",1,0,1,0,0,"F"
1,0,0,2,"SCX","","","","5/P5F/FL","T",1,0,0,0,0,"F"
1,1,1,2,"CBSFFS","","","","K","T",1,0,0,0,0,"F"
1,2,0,1,".CX","","","","7/F7","T",1,0,0,0,0,"F"
0,0,0,2,".CCC","","","","K","T",1,0,0,0,0,"F"
0,1,2,0,".BBX","","","","6/P5D","T",1,0,0,0,0,"F"
0,2,1,2,"SCBX","","","","9/F89","T",1,0,0,0,0,"F"
1,0,1,1,".FBX","","","","S8/L8S+","T",0,1,0,0,0,"F"
1,0,0,2,"C1F1X","nimmb001","","","9/L89D","T",1,0,1,0,0,"F"
1,1,0,0,"1X","nimmb001","","","46(1)3/GDP/G4","T",2,0,0,0,0,"F"
0,0,2,2,".BCCFBX","","","","7/L7D","T",1,0,0,0,0,"F"
0,1,0,1,"FX","","","","S4/G4","T",0,1,0,0,0,"F"
0,1,0,2,"CFX","dickc002","","","43/G4.1-2","T",1,0,2,0,0,"F"
0,2,1,2,"CBSB","","dickc002","","WP.2-3","F",0,0,0,3,0,"F"
0,2,3,2,"CBSB.FBS","","","dickc002","K","T",1,0,0,0,3,"F"
1,0,1,2,".CSBS","","","","K","T",1,0,0,0,0,"F"
1,1,0,1,"SX","","","","43/G34","T",1,0,0,0,0,"F"
1,2,1,0,"BX","","","","53/G56S","T",1,0,0,0,0,"F"
0,0,2,2,".CBBSX","","","","7/F78D","T",1,0,0,0,0,"F"
0,1,2,2,"FBCBC","","","","K","T",1,0,0,0,0,"F"
0,2,3,2,"BCFFBBB","","","","W","T",0,1,0,0,0,"F"
0,2,2,1,".BCBX","duvaa001","","","1/G4MS","T",1,0,1,0,0,"F"
1,0,3,1,".BFBBX","","","","HR/F9D","T",0,4,0,0,0,"F"
1,0,3,2,"CSBBBX","","","","63/G6S","T",1,0,0,0,0,"F"
1,1,1,2,".BSCX","","","","S4/G34","T",0,1,0,0,0,"F"
1,1,1,2,"BC1FX","guill001","","","D7/L7.1-3","T",0,2,3,0,0,"F"
1,1,3,0,"VVVV","","nimmb001","guill001","IW","T",0,1,0,2,3,"F"
1,1,1,2,"CCFFBH","lindf001","nimmb001","guill001","HP.3-H;2-3;1-2","T",0,1,2,3,4,"F"
0,0,0,2,"SSFS","","","","K","T",1,0,0,0,0,"T"
0,1,0,2,"FCS","","","","K","T",1,0,0,0,0,"F"
0,2,0,1,"CX","","","","3/P3F/FL","T",1,0,0,0,0,"F"
1,0,0,1,"CX","","","","D7/L78D+","T",0,2,0,0,0,"F"
1,0,0,0,"X","","nimmb001","","FC/SH/BG2-.2-3;B-1(E2)","T",0,1,0,3,0,"F"
1,0,2,1,"CB1*B>S","lindf001","","nimmb001","CS2(26)","F",1,0,0,0,3,"F"
1,1,2,2,"CB1*B>S.S","","","nimmb001","K","T",1,0,0,0,3,"F"
1,2,1,2,"CS*BC","","","nimmb001","K","T",1,0,0,0,3,"F"
0,0,2,2,"TSBBS","","","","K","T",1,0,0,0,0,"F"
0,1,0,2,"SST","","","","K","T",1,0,0,0,0,"F"
0,2,0,2,"CSX","","","","HR/F9LD","T",0,4,0,0,0,"F"
0,2,2,1,"BBFX","","","","3/P1S","T",1,0,0,0,0,"F"
1,0,2,2,"CSBBFS","","","","K","T",1,0,0,0,0,"F"
1,1,0,0,"X","","","","8/F8XD+","T",1,0,0,0,0,"F"
1,2,0,1,"FX","","","","7/F7D","T",1,0,0,0,0,"F"
0,0,1,1,"FBX","","","","D7/L7LD","T",0,2,0,0,0,"F"
0,0,0,2,"LM+2","","wallc001","","PO2(26)","F",1,0,0,0,0,"F"
0,1,0,2,"LM+2.C","","","","K","T",1,0,0,0,0,"F"
0,2,1,1,"FBX","","","","13/G23-","T",1,0,0,0,0,"F"
1,0,3,2,"CSFBBFBC","","","","K","T",1,0,0,0,0,"F"
1,1,0,0,"X","","","","4/L4D","T",1,0,0,0,0,"F"
1,2,0,2,"CSC","","","","K","T",1,0,0,0,0,"F"
0,0,0,2,"FCX","","","","S9/L4D","T",0,1,0,0,0,"F"
0,0,0,2,"FFF1>S","marts002","","","K+SB2","T",1,0,2,0,0,"F"
0,1,1,2,"CFBT","","marts002","","K","T",1,0,0,2,0,"F"
0,2,0,0,"X","","marts002","","3/P3F/FL","T",1,0,0,2,0,"F"
1,0,0,2,"CFFS","","","","K","T",1,0,0,0,0,"F"
1,1,2,2,"BSSBT","","","","K","T",1,0,0,0,0,"F"
1,2,1,0,"BX","","","","63/G6+","T",1,0,0,0,0,"F"
0,0,3,2,"BCBSBS","","","","K","T",1,0,0,0,0,"F"
0,1,3,1,"BFBBX","","","","S8/L8+","T",0,1,0,0,0,"F"
0,1,0,2,"CSS","rojam002","","","K","T",1,0,1,0,0,"F"
0,2,1,2,"F*BSC","rojam002","","","K","T",1,0,1,0,0,"F"
1,0,1,0,"BX","","","","S8/L4D","T",0,1,0,0,0,"F"
1,0,1,2,"BFSX","smitd008","","","54(1)3/GDP/G56","T",2,0,0,0,0,"F"
1,2,3,2,"BCSFBBB","","","","W","T",0,1,0,0,0,"F"
1,2,0,2,"FSN","mcnej002","","","BK.1-2","F",0,0,2,0,0,"F"
1,2,0,2,"FSN.FFS","","mcnej002","","K","T",1,0,0,2,0,"F"
0,0,1,1,"CBX","","","","9/L9D+","T",1,0,0,0,0,"F"
0,1,2,2,"BSFBC","","","","K","T",1,0,0,0,0,"F"
0,2,0,2,"FSFS","","","","K","T",1,0,0,0,0,"F"
1,0,0,1,"CX","","","","S1/G23","T",0,1,0,0,0,"F"
1,0,3,0,"BBBB","degrj001","","","W.1-2","T",0,1,2,0,0,"F"
1,0,3,2,"BBCCBX","nimmb001","degrj001","","8/F8XD.2-3","T",1,0,1,3,0,"F"
1,1,1,2,"BFSS","nimmb001","","degrj001","K","T",1,0,1,0,3,"F"
1,2,1,2,"C*BSS","nimmb001","","degrj001","K","T",1,0,1,0,3,"F"
0,0,0,2,"FFS","","","","K","T",1,0,0,0,0,"F"
0,1,1,1,"BFX","","","","63/G6","T",1,0,0,0,0,"F"
0,2,0,0,"X","","","","3/G3","T",1,0,0,0,0,"F"
1,0,1,2,".BSSS","","","","K","T",1,0,0,0,0,"F"
1,1,2,1,"CBBX","","","","43/G4M","T",1,0,0,0,0,"F"
1,2,1,2,"CBFX","","","","6/P56D","T",1,0,0,0,0,"F"
0,0,0,0,"X","","","","8/F89XD","T",1,0,0,0,0,"F"
0,1,1,2,"BSSS","","","","K","T",1,0,0,0,0,"F"
0,2,0,2,".SSX","","","","D8/F78XD","T",0,2,0,0,0,"F"
0,2,0,2,"FFFFX","","duvaa001","","63/G6M","T",1,0,0,2,0,"F"
1,0,0,2,".CFS","","","","K","T",1,0,0,0,0,"F"
1,1,1,0,".BX","","","","6/L6+","T",1,0,0,0,0,"F"
1,2,0,1,"FX","","","","6/L6D","T",1,0,0,0,0,"F"
0,0,0,1,".CX","","","","D9/L89D+","T",0,2,0,0,0,"F"
0,0,1,0,"BX","","marts002","","S8/L89S.2-H","T",0,1,0,4,0,"F"
0,0,0,0,"X","aguij001","","","8/F8","T",1,0,1,0,0,"F"
0,1,0,2,"FSX","aguij001","","","64(1)/FO/G6M.B-1","T",1,1,0,0,0,"F"
0,2,3,1,"CBBB*B","andeb006","","","W.1-2","T",0,1,2,0,0,"F"
0,2,1,0,"BX","chisj001","andeb006","","S8/G6M.2-H;1-3","T",0,1,3,4,0,"F"
0,2,0,2,".SF>S","rojam002","","chisj001","K","T",1,0,1,0,3,"F"
1,0,1,0,"..BX","","","","4/L34D","T",1,0,0,0,0,"F"
1,1,1,2,"BSFX","","","","43/G34","T",1,0,0,0,0,"F"
1,2,1,2,"CCFBC","","","","K","T",1,0,0,0,0,"F"
0,0,2,1,"BBSX","","","","S7/G56+","T",0,1,0,0,0,"T"
0,0,1,1,"FBX","dickc002","","","9/F9","T",1,0,1,0,0,"F"
0,1,3,1,"*B*B....BCX","alfaj002","","","31/G34S-.1-2","T",1,0,2,0,0,"F"
0,2,1,1,"BSX","","alfaj002","","E1/G1.2-3;B-1","T",0,1,0,3,0,"F"
0,2,1,2,".BFSS","andeb006","","alfaj002","K","T",1,0,1,0,3,"F"
1,0,3,2,".....CFBBBX","","","","D7/L5D","T",0,2,0,0,0,"F"
1,0,1,0,"BX","","nimmb001","","13/SH/BG2-.2-3","T",1,0,0,3,0,"F"
1,1,0,2,"CFFH","","","nimmb001","HP","T",0,1,0,0,3,"F"
1,1,1,2,"BFFFS","smitd008","","nimmb001","K","T",1,0,1,0,3,"F"
1,2,2,2,"SFBBX","smitd008","","nimmb001","43/G34","T",1,0,1,0,3,"F"
0,0,2,2,"BSTBFX","","","","D7/L7LS","T",0,2,0,0,0,"F"
0,0,1,1,"BFX","","chisj001","","S7/L78S.2-H;B-2","T",0,2,0,4,0,"F"
0,0,1,2,"CBFX","","rojam002","","S7/L78S.2-H;B-2","T",0,2,0,4,0,"F"
0,0,0,0,"X","","delab001","","54/SH/BG56S-.2-3","T",1,0,0,3,0,"F"
0,1,2,2,"BSFBFFS","","","delab001","K","T",1,0,0,0,3,"F"
0,2,2,2,"SBSBS","","","delab001","K","T",1,0,0,0,3,"F"
1,0,0,2,"FTC","","","","K","T",1,0,0,0,0,"F"
1,1,1,0,"BX","","","","3/G3","T",1,0,0,0,0,"F"
1,2,2,0,"BBX","","","","D9/F9LD+","T",0,2,0,0,0,"F"
1,2,1,2,"BFS*S","","mazep001","","K","T",1,0,0,2,0,"F"
0,0,2,2,"BSCFFBX","","","","8/L89D","T",1,0,0,0,0,"F"
0,1,2,2,"CBFBX","","","","S7/G56+","T",0,1,0,0,0,"F"
0,1,1,2,"BF11FFX","andeb006","","","S9/G34.1-2","T",0,1,2,0,0,"F"
0,1,2,2,"CBFF*BX","sancj003","andeb006","","8/F8XD+.2-3","T",1,0,1,3,0,"F"
0,2,1,0,"B1X","sancj003","","andeb006","6/P6","T",1,0,1,0,3,"F"
1,0,0,2,"FCFX","","","","43/G4D+","T",1,0,0,0,0,"F"
1,1,2,2,"SFBFBFX","","","","8/F8XD","T",1,0,0,0,0,"F"
1,2,0,2,"CSX","","","","5/L6D","T",1,0,0,0,0,"F"
0,0,1,2,"TFBS","","","","K","T",1,0,0,0,0,"F"
0,1,1,2,"CFBS","","","","K","T",1,0,0,0,0,"F"
0,2,2,1,"BTBX","","","","8/F8XD","T",1,0,0,0,0,"F"
1,0,1,0,"BX","","","","63/G56","T",1,0,0,0,0,"F"
1,1,0,0,"X","","","","63/G4+","T",1,0,0,0,0,"F"
1,2,1,0,"BX","","","","9/F9","T",1,0,0,0,0,"F"
0,0,1,1,"SBH","","","","HP","T",0,1,0,0,0,"F"
0,0,2,1,"F*BBX","jacka002","","","8/F89","T",1,0,1,0,0,"F"
0,1,3,2,"BBFCB>F11X","jacka002","","","S7/G6.1-3","T",0,1,3,0,0,"F"
0,1,0,0,"X","andeb006","","jacka002","5/P1","T",1,0,1,0,3,"F"
0,2,2,2,"BCBF>X","andeb006","","jacka002","DGR/F89XD.3-H;1-3","T",0,2,3,0,4,"F"
0,2,3,2,"CCBFBBS","","chisj001","andeb006","K","T",1,0,0,2,3,"F"
1,0,1,1,"CBX","","","","HR/F89XD","T",0,4,0,0,0,"F"
1,0,0,2,"CCX","","","","53/G4","T",1,0,0,0,0,"F"
1,1,3,2,".CBCBBFX","","","","S9/L89S","T",0,1,0,0,0,"F"
1,1,0,0,"X","davij006","","","S5/BG25.1-2","T",0,1,2,0,0,"F"
1,1,3,2,"CBFBFBB","nimmb001","davij006","","W.2-3;1-2","T",0,1,2,3,0,"F"
1,1,0,1,"FX","lindf001","nimmb001","davij006","5/P5SF/FL","T",1,0,1,2,3,"F"
1,2,3,2,"BFFBFB>S","lindf001","nimmb001","davij006","K","T",1,0,1,2,3,"F"
0,0,3,2,".BFFBFFBX","","","","3/P34D","T",1,0,0,0,0,"F"
0,1,3,1,".BBSBB","","","","W","T",0,1,0,0,0,"F"
0,1,0,2,"1F11C>F>FS","sierm002","","","K","T",1,0,1,0,0,"F"
0,2,0,0,"11>B","sierm002","","","SB2.1-3(E2/TH)","F",0,0,3,0,0,"F"
0,2,3,2,"11>B.BCBF*B","","","sierm002","W","T",0,1,0,0,3,"F"
0,2,3,2,"BBBFF>X","jacka002","","sierm002","D3/F3D.3-H;1-H","T",0,2,4,0,4,"F"
0,2,2,2,"FFFBFBS","","aguij001","","K","T",1,0,0,2,0,"F"
1,0,1,0,".BX","","","","S6/G6","T",0,1,0,0,0,"F"
1,0,2,2,"FFBFBFS","mcnej002","","","K","T",1,0,1,0,0,"F"
1,1,0,2,"SFS","mcnej002","","","K","T",1,0,1,0,0,"F"
1,2,0,2,"CFX","mcnej002","","","3/G34","T",1,0,1,0,0,"F"
0,0,1,2,"..CBSS","","","","K","T",1,0,0,0,0,"F"
0,1,1,0,"BX","","","","S8/L8+","T",0,1,0,0,0,"F"
0,1,0,0,">B","chisj001","","","SB2","F",0,0,2,0,0,"F"
0,1,3,2,">B.BCBCB","","chisj001","","W","T",0,1,0,2,0,"F"
0,1,0,0,">B","rojam002","chisj001","","SB3;SB2","F",0,0,2,3,0,"F"
0,1,3,1,">B.CBBB","","rojam002","chisj001","W","T",0,1,0,2,3,"F"
0,1,0,0,".X","delab001","rojam002","chisj001","46(1)3/GDP/G4","T",2,0,0,2,3,"F"
1,0,2,2,".CSBFBX","","","","43/G34D","T",1,0,0,0,0,"F"
1,1,1,2,"CBSS","","","","K","T",1,0,0,0,0,"F"
1,2,0,1,"FX","","","","8/F8D","T",1,0,0,0,0,"F"
0,0,1,0,"BX","","","","9/L9D+","T",1,0,0,0,0,"F"
0,1,3,1,"BBFBX","","","","53/G5S","T",1,0,0,0,0,"F"
0,2,2,2,"CFFBBFFT","","","","K","T",1,0,0,0,0,"F"
1,0,3,2,"CFBBBX","","","","S7/P5D","T",0,1,0,0,0,"F"
1,0,2,0,"BBX","smitd008","","","46(1)/FO/G4D.B-1","T",1,1,0,0,0,"F"
1,1,2,2,".FBBSFFH","alonp001","","","HP.1-2","T",0,1,2,0,0,"F"
1,1,2,2,"BCSFBFFX","baezj001","alonp001","","3/P3F/FL","T",1,0,1,2,0,"F"
1,2,0,0,".X","baezj001","alonp001","","31/G34D","T",1,0,1,2,0,"F"
0,0,3,2,"..CFBBBFFH","","","","HP","T",0,1,0,0,0,"F"
0,0,1,2,"BFSS","andeb006","","","K","T",1,0,1,0,0,"F"
0,1,2,2,"BFBSS","andeb006","","","K","T",1,0,1,0,0,"F"
0,2,1,1,"F1BX","andeb006","","","9/F89","T",1,0,1,0,0,"F"
1,0,0,2,".CC*S","","","","K","T",1,0,0,0,0,"F"
1,1,3,2,"BBFCBFFB","","","","W","T",0,1,0,0,0,"F"
1,1,2,0,"*BBX","siscc001","","","HR/F89XD.1-H","T",0,4,4,0,0,"F"
1,1,0,1,".CX","","","","9/L89XD+","T",1,0,0,0,0,"F"
1,2,0,0,"X","","","","S5/G5S","T",0,1,0,0,0,"F"
1,2,2,2,"BCFBX","smitd008","","","D7/L7L.1-3","T",0,2,3,0,0,"F"
1,2,1,1,".FBX","","alonp001","smitd008","S6/G6.3-H;2-3","T",0,1,0,3,4,"F"
1,2,0,0,"X","baezj001","","alonp001","S7/G56.3-H;1-H(E7)(NR)(UR);B-2","T",0,2,5,0,4,"F"
0,0,3,2,"CCBBBS","","","","K","T",1,0,0,0,0,"T"
0,1,1,2,"CBFS","","","","K","T",1,0,0,0,0,"F"
0,2,3,2,"FSBBBX","","","","31/G34","T",1,0,0,0,0,"F"
1,0,3,1,"BBCBB","","","","W","T",0,1,0,0,0,"F"
1,0,0,1,"CX","nimmb001","","","7/F78D","T",1,0,1,0,0,"F"
1,1,0,0,"X","nimmb001","","","HR/F89XD.1-H","T",0,4,4,0,0,"F"
1,1,3,2,"SSBFBBX","","","","8/F8XD","T",1,0,0,0,0,"F"
1,2,2,2,"CBSBX","","","","S8/L8S","T",0,1,0,0,0,"F"
1,2,2,0,"B*BX","mcnej002","","","3/G3S","T",1,0,1,0,0,"F"
0,0,2,1,"BBSX","","","","D8/L78D+","T",0,2,0,0,0,"F"
0,0,2,2,"BSFFF*BS","","bohma001","","K","T",1,0,0,2,0,"F"
0,1,1,0,"*BX","","bohma001","","S9/L34D.2-3","T",0,1,0,3,0,"F"
0,1,1,1,"B1CX","seguj002","","bohma001","7/SF/F7.3-H","T",1,0,1,0,4,"F"
0,2,2,2,"B1FBCFS","seguj002","","","K","T",1,0,1,0,0,"F"
1,0,3,2,"CBBCFBFX","","","","53/G5","T",1,0,0,0,0,"F"
1,1,0,0,"X","","","","S8/L4D","T",0,1,0,0,0,"F"
1,1,1,1,"SBX","guill001","","","13/G4S-.1-2","T",1,0,2,0,0,"F"
1,2,3,2,"*BBCS+2BS","","guill001","","K","T",1,0,0,2,0,"F"
0,0,1,2,"BCCS","","","","K","T",1,0,0,0,0,"F"
0,1,3,2,"CBBBFS","","","","K","T",1,0,0,0,0,"F"
0,2,1,2,"CBCS","","","","K","T",1,0,0,0,0,"F"
1,0,3,2,"BBBCCB","","","","W","T",0,1,0,0,0,"F"
1,0,2,2,"F11BSFBX","lindf001","","","31/G34.1-2","T",1,0,2,0,0,"F"
1,1,1,2,"FFBC","","lindf001","","K","T",1,0,0,2,0,"F"
1,2,1,2,"FFBFX","","lindf001","","13/G1-","T",1,0,0,2,0,"F"
0,0,0,1,"SX","","","","13/G6MS","T",1,0,0,0,0,"F"
0,1,3,1,"BBBFB","","","","W","T",0,1,0,0,0,"F"
0,1,3,1,"B*B+1BCX","bohma001","","","S9/L89.1-2","T",0,1,2,0,0,"F"
0,1,1,0,"*BX","gregd001","bohma001","","46(1)3/GDP/G4S","T",2,0,0,2,0,"F"
1,0,0,2,"CCX","","","","31/G3","T",1,0,0,0,0,"F"
1,1,0,0,"X","","","","4/P89S","T",1,0,0,0,0,"F"
1,2,3,1,"BBFBB","","","","W","T",0,1,0,0,0,"F"
1,2,0,2,"SCS","guill001","","","K","T",1,0,1,0,0,"F"
0,0,1,2,"BTFC","","","","K","T",1,0,0,0,0,"F"
0,1,3,2,"BFBBCB","","","","W","T",0,1,0,0,0,"F"
0,1,3,0,".11BBB>B","quinr003","","","W.1-2","T",0,1,2,0,0,"F"
0,1,1,2,".FS*BS","millb002","quinr003","","K","T",1,0,1,2,0,"F"
0,2,1,0,"B>B","millb002","quinr003","","CS3(25)","F",1,0,1,0,0,"F"
1,0,3,0,".BBBB","","","","W","T",0,1,0,0,0,"F"
1,0,0,1,"CX","nimmb001","","","6(1)3/GDP/G6","T",2,0,0,0,0,"F"
1,2,1,1,"CBX","","","","8/L78D","T",1,0,0,0,0,"F"
0,0,3,1,"BBCBB","","","","W","T",0,1,0,0,0,"F"
0,0,3,2,"CBSBBX","hoskr001","","","S7/G56.1-2","T",0,1,2,0,0,"F"
0,0,1,2,"CBCC","harpb003","hoskr001","","K","T",1,0,1,2,0,"F"
0,1,0,2,"SSX","harpb003","hoskr001","","46(1)/FO/G4.2-3;B-1","T",1,1,0,3,0,"F"
0,2,0,2,"SCX","gregd001","","hoskr001","S5/G25-.3-H;1-2","T",0,1,2,0,4,"F"
0,2,0,2,"CFFS","seguj002","gregd001","","K","T",1,0,1,2,0,"F"
1,0,2,2,".BBCFS","","","","K","T",1,0,0,0,0,"F"
1,1,1,0,"BX","","","","7/L7D","T",1,0,0,0,0,"F"
1,2,1,0,"BH","","","","HP","T",0,1,0,0,0,"F"
1,2,0,2,"CCX","confm001","","","9/F9D","T",1,0,1,0,0,"F"
0,0,0,2,"..CFFS","","","","K","T",1,0,0,0,0,"F"
0,1,1,2,".BFFFX","","","","43/G34D","T",1,0,0,0,0,"F"
0,2,0,0,"X","","","","9/F9D","T",1,0,0,0,0,"F"
1,0,3,2,"..BBSBFFFB","","","","W","T",0,1,0,0,0,"F"
1,0,0,0,"..H","villj001","","","HP.1-2","T",0,1,2,0,0,"F"
1,0,1,2,"BSCT","pillk001","villj001","","K","T",1,0,1,2,0,"F"
1,1,0,1,"FX","pillk001","villj001","","7/F78S","T",1,0,1,2,0,"F"
1,2,2,2,"CBSFBFS","pillk001","villj001","","K","T",1,0,1,2,0,"F"
0,0,3,2,".....BSFBFBFS","","mccua001","","K","T",1,0,0,2,0,"F"
0,1,3,0,"VVVV","","mccua001","","IW","T",0,1,0,2,0,"F"
0,1,3,2,"*BFSBBFFFFX","harpb003","mccua001","","3/P34","T",1,0,1,2,0,"F"
0,2,0,0,"B","harpb003","mccua001","","PB.2-3;1-2","F",0,0,2,3,0,"F"
0,2,1,0,"B.X","","harpb003","mccua001","S6/G6M.3-H(UR);2-3","T",0,1,0,3,5,"F"
0,2,0,2,"CS>F>B","gregd001","","harpb003","SB2","F",0,0,2,0,3,"F"
0,2,1,2,"CS>F>B.T","","gregd001","harpb003","K","T",1,0,0,2,3,"F"
1,0,1,2,"..SBFFX","","lindf001","","S7/L6D.2-H(UR)","T",0,1,0,5,0,"F"
1,0,0,2,"FSFX","alonp001","","","6(1)/FO/G6M.B-1","T",1,1,0,0,0,"F"
1,1,3,0,"BBBB","mcnej002","","","W.1-2","T",0,1,2,0,0,"F"
1,1,1,1,"C*BX","confm001","mcnej002","","S6/G6M+.2-3;1-2","T",0,1,2,3,0,"F"
1,1,3,2,"C*BF*BBX","mccaj001","confm001","mcnej002","S7/L78D.3-H;2-3;1-2","T",0,1,2,3,4,"F"
0,0,1,1,"BSX","","","","7/F78D","T",1,0,0,0,0,"T"
0,1,2,2,"SSBBX","","","","9/L9D","T",1,0,0,0,0,"F"
0,2,3,2,"BBBCCFS","","","","K","T",1,0,0,0,0,"F"
1,0,3,2,"CCBBBFS","","","","K","T",1,0,0,0,0,"F"
1,1,1,2,"FFBX","","","","D7/L7L","T",0,2,0,0,0,"F"
1,1,2,2,"2SBBFC","","lindf001","","K","T",1,0,0,2,0,"F"
1,2,2,2,"FTFB*BX","","lindf001","","8/F8D","T",1,0,0,2,0,"F"
0,0,0,2,"SCX","","","","43/G6MS","T",1,0,0,0,0,"F"
0,1,2,2,"CCBBX","","","","3/L34","T",1,0,0,0,0,"F"
0,2,2,2,"BBFSFFFS","","","","K","T",1,0,0,0,0,"F"
1,0,2,2,"BBCFX","","","","6/P6MD","T",1,0,0,0,0,"F"
1,1,1,0,"BX","","","","8/F89D","T",1,0,0,0,0,"F"
1,2,1,2,"CBSS","","","","K","T",1,0,0,0,0,"F"
0,0,2,2,"BCSBFFX","","","","63/G6","T",1,0,0,0,0,"F"
0,1,1,2,"SBFX","","","","7/F7S","T",1,0,0,0,0,"F"
0,2,2,2,"BFCBT","","","","K","T",1,0,0,0,0,"F"
1,0,0,2,"CSS","","","","K","T",1,0,0,0,0,"F"
1,1,1,2,"CSBC","","","","K","T",1,0,0,0,0,"F"
1,2,1,1,"BCX","","","","S7/G6","T",0,1,0,0,0,"F"
1,2,3,1,"BBBCB","nimmb001","","","W.1-2","T",0,1,2,0,0,"F"
1,2,0,0,"X","lindf001","nimmb001","","43/G34","T",1,0,1,2,0,"F"
0,0,0,2,"CFX","","","","S9/G4","T",0,1,0,0,0,"F"
0,0,0,2,"CFX","joycm001","","","54(1)/FO/G5.B-1","T",1,1,0,0,0,"F"
0,1,0,1,"FX","hoskr001","","","6(1)3/GDP/G6MD+","T",2,0,0,0,0,"F"
1,0,3,2,"FSFBFBBX","","","","5/L5D+","T",1,0,0,0,0,"F"
1,1,3,2,"FBBCBX","","","","S6/G6","T",0,1,0,0,0,"F"
1,1,1,2,"SF1BX","mcnej002","","","S8/L8.1-2","T",0,1,2,0,0,"F"
1,1,1,1,"SBX","pillk001","mcnej002","","D8/L89D.2-H;1-3","T",0,2,3,4,0,"F"
1,1,0,0,"H","","villj001","pillk001","HP","T",0,1,0,2,3,"F"
1,1,0,2,"FSS","nidot001","villj001","pillk001","K","T",1,0,1,2,3,"F"
1,2,0,0,"X","nidot001","villj001","pillk001","S9/L9S+.3-H;2-H;1-3","T",0,1,3,4,4,"F"
1,2,3,1,"S1B*BB1X","nimmb001","","nidot001","7/F7D","T",1,0,1,0,3,"F"
0,0,2,2,"BBCFX","","","","S9/L4D+","T",0,1,0,0,0,"F"
0,0,3,1,"BBSBX","realj001","","","9/L89","T",1,0,1,0,0,"F"
0,1,2,1,"BFBX","realj001","","","5/P5","T",1,0,1,0,0,"F"
0,2,0,2,"CSX","realj001","","","S8/G4M+.1-2","T",0,1,2,0,0,"F"
0,2,1,2,"F*BFFX","seguj002","realj001","","7/F7","T",1,0,1,2,0,"F"
1,0,1,2,"FBFX","","","","31/G3","T",1,0,0,0,0,"F"
1,1,0,0,"X","","","","D7/L78XD+","T",0,2,0,0,0,"F"
1,1,1,1,"BFX","","alonp001","","9/L9+","T",1,0,0,2,0,"F"
1,2,1,2,"CFBS","","alonp001","","K","T",1,0,0,2,0,"F"
0,0,2,2,".BFTBFX","","","","S9/L4D","T",0,1,0,0,0,"F"
0,0,0,0,"X","millb002","","","46(1)/FO/G4.B-1","T",1,1,0,0,0,"F"
0,1,0,1,"FX","joycm001","","","64(1)3/GDP/G6","T",2,0,0,0,0,"F"
1,0,3,2,"..CBBCFBX","","","","7/F7","T",1,0,0,0,0,"F"
1,1,2,0,"BBX","","","","T9/F9LD","T",0,3,0,0,0,"F"
1,1,3,2,"BCBBFB","","","nidot001","W","T",0,1,0,0,3,"F"
1,1,0,2,"TSFX","strom001","","nidot001","S9/L4D.3-H;1-2","T",0,1,2,0,4,"F"
1,1,2,2,"BFFBX","nimmb001","strom001","","6(1)/FO/G6M.2-3;B-1","T",1,1,0,3,0,"F"
1,2,1,2,"SSFFBFT","lindf001","","strom001","K","T",1,0,1,0,3,"F"
0,0,0,0,"...X","","","","13/G4MS","T",1,0,0,0,0,"F"
0,1,1,2,"BCSFX","","","","53/G5-","T",1,0,0,0,0,"F"
0,2,0,0,"X","","","","S9/L34D","T",0,1,0,0,0,"F"
0,2,0,1,"CX","bohma001","","","S7/L6D.1-2","T",0,1,2,0,0,"F"
0,2,1,2,"CBFX","gregd001","bohma001","","53/G5S","T",1,0,1,2,0,"F"
0,0,1,1,"CBX","","","","53/G56","T",1,0,0,0,0,"T"
0,1,2,2,"BBFCC","","","","K","T",1,0,0,0,0,"F"
0,2,3,2,"BCFFBBS","","","","K","T",1,0,0,0,0,"F"
1,0,1,1,"CBX","","","","S7/L56D","T",0,1,0,0,0,"F"
1,0,3,2,"CBBC1B>F>X","nimmb001","","","S8/L8.1-3","T",0,1,3,0,0,"F"
1,0,0,0,"X","lindf001","","nimmb001","S9/L89S.3-H;1-3","T",0,1,3,0,4,"F"
1,0,1,0,"BX","smitd008","","lindf001","64(1)3/GDP/G6+.3-H(NR)","T",2,0,0,0,4,"F"
1,2,2,2,"FBBFH","","","","HP","T",0,1,0,0,0,"F"
1,2,3,2,"BCBFB>F>F>B","mcnej002","","","W.1-2","T",0,1,2,0,0,"F"
1,2,2,0,"BBX","confm001","mcnej002","","64(1)/FO/G6M.B-1","T",1,1,0,2,0,"F"
0,0,0,1,"CX","","","","D7/L7D+","T",0,2,0,0,0,"F"
0,0,2,2,"BCFBS","","realj001","","K","T",1,0,0,2,0,"F"
0,1,2,2,"BFFBFX","","realj001","","43/G4.2-3","T",1,0,0,3,0,"F"
0,2,0,2,"SSS","","","realj001","K","T",1,0,0,0,3,"F"
1,0,2,2,"CCBFBFX","","","","7/F7D","T",1,0,0,0,0,"F"
1,1,2,2,"BSBFX","","","","63/G6","T",1,0,0,0,0,"F"
1,2,1,1,"CBX","","","","S5/G56S","T",0,1,0,0,0,"F"
1,2,0,1,"CX","nimmb001","","","7/L78","T",1,0,1,0,0,"F"
0,0,0,2,"CCFC","","","","K","T",1,0,0,0,0,"F"
0,1,0,2,"CCC","","","","K","T",1,0,0,0,0,"F"
0,2,0,0,"X","","","","63/G6D","T",1,0,0,0,0,"F"
1,0,2,2,"BBSFS","","","","K","T",1,0,0,0,0,"F"
1,1,2,2,"FBFFFBT","","","","K","T",1,0,0,0,0,"F"
1,2,1,2,"SBFC","","","","K","T",1,0,0,0,0,"F"
0,0,1,1,"BFX","","","","63/G6","T",1,0,0,0,0,"F"
0,1,0,2,"SCS","","","","K","T",1,0,0,0,0,"F"
0,2,2,1,"BBFX","","","","9/L9D+","T",1,0,0,0,0,"F"
1,0,0,0,"X","","","","7/F7L","T",1,0,0,0,0,"F"
1,1,2,2,"CBCBX","","","","S9/L9+","T",0,1,0,0,0,"F"
1,1,2,1,"BCBX","mccaj001","","","8/F78D","T",1,0,1,0,0,"F"
1,2,1,2,"BFCS","mccaj001","","","K","T",1,0,1,0,0,"F"
0,0,3,2,"BFCBBT","","","","K","T",1,0,0,0,0,"F"
0,1,2,0,"BBX","","","","HR/F7D","T",0,4,0,0,0,"F"
0,1,0,2,"FCS","","","","K","T",1,0,0,0,0,"F"
0,2,1,0,"BX","","","","8/F89","T",1,0,0,0,0,"F"
1,0,0,0,"X","","","","8/F8XD","T",1,0,0,0,0,"F"
1,1,2,1,"BCBX","","","","13/G4MS","T",1,0,0,0,0,"F"
1,2,2,2,"CBBFX","","","","S7/L7S","T",0,1,0,0,0,"F"
1,2,0,1,"FX","smitd008","","","8/F8","T",1,0,1,0,0,"F"
0,0,1,2,"LCFFBFC","","","","K","T",1,0,0,0,0,"F"
0,1,1,0,"BX","","","","43/G6M","T",1,0,0,0,0,"F"
0,2,2,2,"CBBCFFX","","","","S7/L7+","T",0,1,0,0,0,"F"
0,2,0,0,"X","hoskr001","","","9/F89D","T",1,0,1,0,0,"F"
1,0,0,2,"SFX","","","","S8/L89S","T",0,1,0,0,0,"F"
1,0,1,0,"BX","mcnej002","","","9/F9D","T",1,0,1,0,0,"F"
1,1,0,0,"X","mcnej002","","","S9/F9LS.1-3","T",0,1,3,0,0,"F"
1,1,1,2,"LFBT","mccaj001","","mcnej002","K","T",1,0,1,0,3,"F"
1,2,0,0,".X","mccaj001","","mcnej002","3/G3S","T",1,0,1,0,3,"F"
0,0,3,2,".BBBCCB","","","","W","T",0,1,0,0,0,"F"
0,0,0,2,"CFX","realj001","","","53/G5-.1-2","T",1,0,2,0,0,"F"
0,1,0,2,"CFX","","realj001","","S6/G6.2-3","T",0,1,0,3,0,"F"
0,1,0,1,"..LX","seguj002","","realj001","6(1)3/GDP/G2","T",2,0,0,0,3,"F"
1,0,1,2,".BCFS","","","","K","T",1,0,0,0,0,"F"
1,1,0,1,"FX","","","","S9/L89+","T",0,1,0,0,0,"F"
1,1,1,1,"B1T1X","lindf001","","","S9/G4.1-3","T",0,1,3,0,0,"F"
1,1,0,0,".X","smitd008","","lindf001","7/SF/F78D.3-H","T",1,0,1,0,4,"F"
1,2,1,0,"*BX","smitd008","","","43/G4","T",1,0,1,0,0,"F"
0,0,2,1,"MBBX","","","","43/G4","T",1,0,0,0,0,"F"
0,1,2,2,".BCSBS","","","","K","T",1,0,0,0,0,"F"
0,2,0,2,"CST","","","","K","T",1,0,0,0,0,"F"
1,0,0,1,".CH","","","","HP","T",0,1,0,0,0,"F"
1,0,0,2,"CFX","confm001","","","HR/F78XD.1-H","T",0,4,4,0,0,"F"
1,0,0,2,"CSX","","","","63/G6M","T",1,0,0,0,0,"F"
1,1,1,0,".BX","","","","9/F9D","T",1,0,0,0,0,"F"
1,2,1,2,"CFBFX","","","","S3/G3","T",0,1,0,0,0,"F"
1,2,3,1,".C*BB1*BB","nimmb001","","","W.1-2","T",0,1,2,0,0,"F"
1,2,1,2,"SF*B*S","lindf001","nimmb001","","K","T",1,0,1,2,0,"F"
0,0,0,1,"...CX","","","","53/G5","T",1,0,0,0,0,"F"
0,1,1,2,"BFSS","","","","K","T",1,0,0,0,0,"F"
0,2,2,2,"BBFCS","","","","K","T",1,0,0,0,0,"F"
0,0,0,2,"FFC","","","","K","T",1,0,0,0,0,"T"
0,1,1,2,"CFFFBS","","","","K","T",1,0,0,0,0,"F"
0,2,0,2,"SSFX","","","","53/G6","T",1,0,0,0,0,"F"
1,0,1,1,"BCX","","","","43/G4","T",1,0,0,0,0,"F"
1,1,2,1,"CBBX","","","","43/G34","T",1,0,0,0,0,"F"
1,2,3,2,"CSBBBFFX","","","","53/G4","T",1,0,0,0,0,"F"
0,0,1,2,"SBSS","","","","K","T",1,0,0,0,0,"F"
0,1,1,1,"BFX","","","","7/F7LD","T",1,0,0,0,0,"F"
0,2,1,1,"BFX","","","","S9/G4+","T",0,1,0,0,0,"F"
0,2,2,2,"BCBFFS","casts001","","","K","T",1,0,1,0,0,"F"
1,0,3,2,"BBCBSB","","","","W","T",0,1,0,0,0,"F"
1,0,0,1,"SX","alonp001","","","S7/L56D.1-3","T",0,1,3,0,0,"F"
1,0,3,2,"BSBFFBT","confm001","","alonp001","K","T",1,0,1,0,3,"F"
1,1,2,1,"B1BFX","confm001","","alonp001","46(1)3/GDP/G4","T",2,0,0,0,3,"F"
0,0,0,2,"CFS","","","","K","T",1,0,0,0,0,"F"
0,1,2,2,"CFBBS","","","","K","T",1,0,0,0,0,"F"
0,2,2,2,"BCSBX","","","","D8/L8+","T",0,2,0,0,0,"F"
0,2,0,0,"X","","steva001","","63/G6","T",1,0,0,2,0,"F"
1,0,0,2,"FCFC","","","","K","T",1,0,0,0,0,"F"
1,1,0,2,"CFX","","","","8/F8D","T",1,0,0,0,0,"F"
1,2,0,2,"FCFX","","","","53/G6S","T",1,0,0,0,0,"F"
0,0,1,2,"CCBS","","","","K","T",1,0,0,0,0,"F"
0,1,0,1,"SX","","","","8/F8D","T",1,0,0,0,0,"F"
0,2,3,2,"FFBBBS","","","","K","T",1,0,0,0,0,"F"
1,0,2,2,"CBSFBX","","","","63/G4MD+","T",1,0,0,0,0,"F"
1,1,0,0,"X","","","","53/G4S","T",1,0,0,0,0,"F"
1,2,2,1,"BFBX","","","","8/L89D","T",1,0,0,0,0,"F"
0,0,0,2,"SSS","","","","K","T",1,0,0,0,0,"F"
0,1,0,1,"CX","","","","63/G6D","T",1,0,0,0,0,"F"
0,2,0,1,"CX","","","","9/F89D","T",1,0,0,0,0,"F"
1,0,0,2,"CFC","","","","K","T",1,0,0,0,0,"F"
1,1,2,2,"FBBFH","","","","HP","T",0,1,0,0,0,"F"
1,1,3,2,"1FFBFBFF*BB","davij006","","","W.1-2","T",0,1,2,0,0,"F"
1,1,0,1,"FX","mcnej002","davij006","","D7/L7LS.2-H;1-3","T",0,2,3,4,0,"F"
1,1,0,0,"X","","degrj001","mcnej002","53/G56S","T",1,0,0,2,3,"F"
1,2,1,0,"BX","","degrj001","mcnej002","S9/G34+.3-H;2-H","T",0,1,0,4,4,"F"
1,2,0,0,"1X","nimmb001","","","S8/G4.1-3","T",0,1,3,0,0,"F"
1,2,1,1,"F1B11X","lindf001","","nimmb001","3/G3","T",1,0,1,0,3,"F"
0,0,2,2,".BSBFS","","","","K","T",1,0,0,0,0,"F"
0,1,2,2,"FFBBS","","","","K","T",1,0,0,0,0,"F"
0,2,0,2,"SFS","","","","K","T",1,0,0,0,0,"F"
1,0,2,2,".CBBSX","","","","5/P5SF/FL","T",1,0,0,0,0,"F"
1,1,0,2,"CCFX","","","","S6/G15-","T",0,1,0,0,0,"F"
1,1,2,2,"CSBFFBS","confm001","","","K","T",1,0,1,0,0,"F"
1,2,1,1,"BS>X","confm001","","","S4/G4.1-2","T",0,1,2,0,0,"F"
1,2,0,1,"FX","mcnej002","confm001","","8/F8","T",1,0,1,2,0,"F"
0,0,2,2,"BCCBFFFS","","","","K","T",1,0,0,0,0,"F"
0,1,1,2,"SSBF*S","","","","K","T",1,0,0,0,0,"F"
0,2,1,2,"SSBC","","","","K","T",1,0,0,0,0,"F"
1,0,0,1,".FX","","","","8/L89D+","T",1,0,0,0,0,"F"
1,1,0,1,"CX","","","","D8/F78D+","T",0,2,0,0,0,"F"
1,1,0,2,"CCS","","nimmb001","","K","T",1,0,0,2,0,"F"
1,2,1,2,"CBCX","","nimmb001","","S7/F78S.2-H","T",0,1,0,4,0,"F"
1,2,1,0,".B1X","almoa002","","","S9/F9L.1-3","T",0,1,3,0,0,"F"
1,2,3,0,"BBBB","alonp001","","almoa002","W.1-2","T",0,1,2,0,3,"F"
1,2,1,2,"BSSFC","confm001","alonp001","almoa002","K","T",1,0,1,2,3,"F"
0,0,0,1,"...CX","","","","13/G4MS","T",1,0,0,0,0,"F"
0,1,1,0,"BX","","","","7/F7LD","T",1,0,0,0,0,"F"
0,2,1,2,"BSCX","","","","63/G6","T",1,0,0,0,0,"F"
1,0,0,2,".CFX","","","","9/L9D","T",1,0,0,0,0,"F"
1,1,1,1,"SBX","","","","S9/L89","T",0,1,0,0,0,"F"
1,1,1,2,"*BFSX","degrj001","","","8/L89D","T",1,0,1,0,0,"F"
1,2,2,0,"BBX","degrj001","","","HR/F9LD.1-H","T",0,4,4,0,0,"F"
1,2,2,2,"FSBBFFC","","","","K","T",1,0,0,0,0,"F"
0,0,1,2,".FBFX","","","","63/G6D","T",1,0,0,0,0,"F"
0,1,0,1,"FX","","","","63/G6M+","T",1,0,0,0,0,"F"
0,2,0,2,"CSX","","","","31/G3","T",1,0,0,0,0,"F"
0,0,1,0,"BX","","","","S9/L9S.B-3(E9)","T",0,3,0,0,0,"T"
0,0,1,0,"BX","","","harrj002","7/SF/L7+.3-H(UR)","T",1,0,0,0,5,"F"
0,1,2,2,"BCFBT","","","","K","T",1,0,0,0,0,"F"
0,2,2,2,"BFCBFFS","","","","K","T",1,0,0,0,0,"F"
1,0,3,2,"BSFBFBB","","","","W","T",0,1,0,0,0,"F"
1,0,2,2,"CBBF1X","nimmb001","","","8/F78","T",1,0,1,0,0,"F"
1,1,1,2,"CBFS","nimmb001","","","K","T",1,0,1,0,0,"F"
1,2,1,1,"BSX","nimmb001","","","S9/F89S.1-3","T",0,1,3,0,0,"F"
1,2,0,0,"X","alonp001","","nimmb001","9/F89D+","T",1,0,1,0,3,"F"
0,0,2,1,"FBBX","","","","43/G4D+","T",1,0,0,0,0,"F"
0,1,3,1,"BBBCB","","","","W","T",0,1,0,0,0,"F"
0,1,3,1,"CBBBB","casts001","","","W.1-2","T",0,1,2,0,0,"F"
0,1,2,2,"CBBFS","avila001","casts001","","K","T",1,0,1,2,0,"F"
0,2,0,0,"X","avila001","casts001","","S9/G34.2-H;1-3","T",0,1,3,4,0,"F"
0,2,0,2,"CFS","rossj002","","avila001","K","T",1,0,1,0,3,"F"
1,0,1,2,"BSSFX","","","","63/G6","T",1,0,0,0,0,"F"
1,1,1,0,"BX","","","","43/G34+","T",1,0,0,0,0,"F"
1,2,2,1,"BBCX","","","","3/P3F/FL","T",1,0,0,0,0,"F"
0,0,2,1,"BBFX","","","","S7/L7L","T",0,1,0,0,0,"F"
0,0,1,0,"1BX","herny002","","","S9/G34.1-2","T",0,1,2,0,0,"F"
0,0,2,0,"BBX","turnt001","herny002","","36(1)/FO/G34D+.2-3;B-1","T",1,1,0,3,0,"F"
0,1,0,2,"CSFX","bellj005","","herny002","S9/L89S.3-H;1-2","T",0,1,2,0,4,"F"
0,1,1,2,"FCBFX","schwk001","bellj005","","S8/L8S.2-H;1-3","T",0,1,3,4,0,"F"
0,1,0,0,"X","casts001","","schwk001","6(1)3/GDP/G6M+","T",2,0,0,0,3,"F"
1,0,0,0,"X","","","","63/G6MD","T",1,0,0,0,0,"F"
1,1,2,2,"BBCCS","","","","K","T",1,0,0,0,0,"F"
1,2,2,2,"CBFFFBS","","","","K","T",1,0,0,0,0,"F"
0,0,0,0,"X","","","","S8/G6M+","T",0,1,0,0,0,"F"
0,0,2,0,"BBX","steva001","","","23/G2.1-2","T",1,0,2,0,0,"F"
0,1,1,1,"FBX","","steva001","","63/G6.2-3","T",1,0,0,3,0,"F"
0,2,1,1,"FBX","","","steva001","S9/G34+.3-H","T",0,1,0,0,4,"F"
0,2,1,2,"F1FB1X","herny002","","","13/G1S","T",1,0,1,0,0,"F"
1,0,1,1,"BSX","","","","31/G3","T",1,0,0,0,0,"F"
1,1,1,2,"CFBFS","","","","K","T",1,0,0,0,0,"F"
1,2,2,2,"CSBBX","","","","HR/F9LD","T",0,4,0,0,0,"F"
1,2,0,0,"X","","","","S5/G5S","T",0,1,0,0,0,"F"
1,2,1,0,"BX","davij006","","","S4/L2.1-2","T",0,1,2,0,0,"F"
1,2,3,2,"BCBBS>X","mcnej002","davij006","","6/P6-","T",1,0,1,2,0,"F"
0,0,3,1,".BSBBB","","","","W","T",0,1,0,0,0,"F"
0,0,2,2,"B1CCBX","bellj005","","","S8/F78S.1-2","T",0,1,2,0,0,"F"
0,0,3,0,"BBB*B","schwk001","bellj005","","W.2-3;1-2","T",0,1,2,3,0,"F"
0,0,0,0,"H","casts001","schwk001","bellj005","HP.3-H;2-3;1-2","T",0,1,2,3,4,"F"
0,0,3,1,"..BFBBX","avila001","casts001","schwk001","36(1)/FO/G34.3-H;2-3;B-1","T",1,1,0,3,4,"F"
0,1,2,2,"CMBBFX","steva001","","casts001","FC/BG1S-.3XH(12);1-2;B-1","T",1,1,2,0,0,"F"
0,2,2,0,"BBX","rossj002","steva001","","9/F89","T",1,0,1,2,0,"F"
1,0,1,2,"CBSX","","","","8/F8D","T",1,0,0,0,0,"F"
1,1,1,2,"FFBFX","","","","7/F78","T",1,0,0,0,0,"F"
1,2,0,0,"X","","","","S8/G4M+","T",0,1,0,0,0,"F"
1,2,2,2,"CSBBX","lindf001","","","2/P25F-/FL","T",1,0,1,0,0,"F"
0,0,2,2,"BBCSX","","","","13/G4MS","T",1,0,0,0,0,"F"
0,1,1,0,"BX","","","","43/G1","T",1,0,0,0,0,"F"
0,2,0,1,"FX","","","","13/G1S","T",1,0,0,0,0,"F"
1,0,0,2,"FFH","","","","HP","T",0,1,0,0,0,"F"
1,0,0,0,"X","alonp001","","","5(1)3/GDP/G4M+","T",2,0,0,0,0,"F"
1,2,3,2,"BBCBSX","","","","9/F9LD+","T",1,0,0,0,0,"F"
0,0,2,2,"SBCBX","","","","9/L9D+","T",1,0,0,0,0,"F"
0,1,0,2,"FFS","","","","K","T",1,0,0,0,0,"F"
0,2,3,0,"BBBB","","","","W","T",0,1,0,0,0,"F"
0,2,2,2,"SBFFBC","avila001","","","K","T",1,0,1,0,0,"F"
1,0,1,2,"..CBFS","","","","K","T",1,0,0,0,0,"F"
1,1,2,2,"SSBBX","","","","9/F89D","T",1,0,0,0,0,"F"
1,2,3,1,"BBFBX","","","","53/G4M","T",1,0,0,0,0,"F"
0,0,1,1,"..BFX","","","","S6/G6+","T",0,1,0,0,0,"F"
0,0,0,2,"1SCX","roblv001","","","13/G1S.1-2","T",1,0,2,0,0,"F"
0,1,3,2,"BBSF*BFX","","roblv001","","43/G4.2-3","T",1,0,0,3,0,"F"
0,2,3,2,"*BBBCFFS","","","roblv001","K","T",1,0,0,0,3,"F"
1,0,3,0,"...BBBB","","","","W","T",0,1,0,0,0,"F"
1,0,0,2,"CFX","nimmb001","","","9/F9","T",1,0,1,0,0,"F"
1,1,0,2,"CFX","nimmb001","","","56(1)/FO/G4M.B-1","T",1,1,0,0,0,"F"
1,2,2,1,"BFBX","smitd008","","","S8/L89+.1-2","T",0,1,2,0,0,"F"
1,2,3,2,"TBCBB>C","alonp001","smitd008","","K","T",1,0,1,2,0,"F"
0,0,3,2,".FBBBFC","","","","K","T",1,0,0,0,0,"F"
0,1,3,2,"BCBBFS","","","","K","T",1,0,0,0,0,"F"
0,2,0,0,"X","","","","31/G34","T",1,0,0,0,0,"F"
1,0,2,2,".BFCBX","","","","6/L6D","T",1,0,0,0,0,"F"
1,1,1,2,".CCBX","","","","3/G3","T",1,0,0,0,0,"F"
1,2,1,0,"BX","","","","63/G6","T",1,0,0,0,0,"F"
0,0,0,0,"X","","","","S9/L9LS","T",0,1,0,0,0,"T"
0,0,3,2,"CBFB1B1","harrj002","","","PO1(13)","F",1,0,0,0,0,"F"
0,1,3,2,"CBFB1B1.FF*B","","","","W","T",0,1,0,0,0,"F"
0,1,2,2,"C*BCBFB","herny002","","","WP.1-2","F",0,0,2,0,0,"F"
0,1,3,2,"C*BCBFB.X","","herny002","","9/L89D","T",1,0,0,2,0,"F"
0,2,3,2,"BFBS*BX","","herny002","","4/L9S+","T",1,0,0,2,0,"F"
1,0,2,2,"CBSBFX","","","","3/G2","T",1,0,0,0,0,"F"
1,1,3,1,"BCBBB","","","","W","T",0,1,0,0,0,"F"
1,1,3,1,"B*BBCX","alonp001","","","3/P3S","T",1,0,1,0,0,"F"
1,2,3,1,"BBBCX","alonp001","","","HR/F8XD.1-H","T",0,4,4,0,0,"F"
1,2,0,0,"X","","","","5/L56+","T",1,0,0,0,0,"F"
0,0,1,2,"BCCX","","","","7/F78S","T",1,0,0,0,0,"F"
0,1,1,2,"CCBS","","","","K","T",1,0,0,0,0,"F"
0,2,1,2,"BCSX","","","","43/G4MD+","T",1,0,0,0,0,"F"
1,0,0,1,"CX","","","","63/G56D","T",1,0,0,0,0,"F"
1,1,1,2,"CSBX","","","","S7/L7L","T",0,1,0,0,0,"F"
1,1,0,2,"CF111","villj001","","","POCS2(136)","F",1,0,0,0,0,"F"
1,2,0,2,"CF111.X","","","","43/G4","T",1,0,0,0,0,"F"
0,0,1,1,"LBX","","","","D9/L89D+.BX3(945)","T",1,0,0,0,0,"F"
0,1,3,0,"BBBB","","","","W","T",0,1,0,0,0,"F"
0,1,1,2,"CSBX","corbp001","","","14(1)/FO/L4MS.B-1","T",1,1,0,0,0,"F"
0,2,1,0,"BX","harrj002","","","S9/L89S.1-2","T",0,1,2,0,0,"F"
0,2,0,1,"FX","herny002","harrj002","","9/F9D+","T",1,0,1,2,0,"F"
1,0,1,2,"BSCS","","","","K","T",1,0,0,0,0,"F"
1,1,0,2,"SSX","","","","43/G34D","T",1,0,0,0,0,"F"
1,2,3,2,"BCSBFFBB","","","","W","T",0,1,0,0,0,"F"
1,2,0,0,"X","alonp001","","","54(1)/FO/G56.B-1","T",1,1,0,0,0,"F"
0,0,0,1,"SX","","","","7/L7D","T",1,0,0,0,0,"F"
0,1,1,2,"CCBS","","","","K","T",1,0,0,0,0,"F"
0,2,0,1,"SX","","","","63/G6D","T",1,0,0,0,0,"F"
1,0,3,2,"CSBBBFX","","","","S9/L9S","T",0,1,0,0,0,"F"
1,0,0,1,"FX","davij006","","","D7/F7D+.1-3","T",0,2,3,0,0,"F"
1,0,1,2,"F*S*BX","","confm001","davij006","S7/G56.3-H;2-3","T",0,1,0,3,4,"F"
1,0,0,0,"X","mccaj001","","confm001","7/F7S","T",1,0,1,0,3,"F"
1,1,3,0,"*B*BBB","mccaj001","","confm001","W.1-2","T",0,1,2,0,3,"F"
1,1,1,2,"S*BC*S","almoa002","mccaj001","confm001","K","T",1,0,1,2,3,"F"
1,2,3,2,"F*BBFB>C","almoa002","mccaj001","confm001","K","T",1,0,1,2,3,"F"
0,0,1,1,"CBX","","","","6/L56D+","T",1,0,0,0,0,"F"
0,1,0,0,"X","","","","3/P3","T",1,0,0,0,0,"F"
0,2,0,2,"CCS","","","","K","T",1,0,0,0,0,"F"
1,0,1,0,"BX","","","","HR/F8XD","T",0,4,0,0,0,"F"
1,0,0,1,"FX","","","","S7/L7","T",0,1,0,0,0,"F"
1,0,1,2,".F1BF1FX","lindf001","","","S9/L9L.1-3","T",0,1,3,0,0,"F"
1,0,2,2,"BSFBX","davij006","","lindf001","7/F7/DP.3XH(72);1-2","T",2,0,2,0,0,"F"
1,2,2,2,"BSFBS","","davij006","","K","T",1,0,0,2,0,"F"
0,0,1,2,"FBFX","","","","8/F8","T",1,0,0,0,0,"F"
0,1,3,1,"BCBBB","","","","W","T",0,1,0,0,0,"F"
0,1,0,1,"SH","herny002","","","HP.1-2","T",0,1,2,0,0,"F"
0,1,2,1,"*BBCX","turnt001","herny002","","6(1)/FO/G4M+.2-3;B-1","T",1,1,0,3,0,"F"
0,2,0,2,"FCX","bellj005","","herny002","8/F8XD+","T",1,0,1,0,3,"F"
1,0,0,2,"CFS","","","","K","T",1,0,0,0,0,"F"
1,1,0,0,"X","","","","8/L8XD","T",1,0,0,0,0,"F"
1,2,1,2,"CBSS","","","","K","T",1,0,0,0,0,"F"
0,0,0,0,"X","","","","53/G56","T",1,0,0,0,0,"F"
0,1,3,2,"BBBCFC","","","","K","T",1,0,0,0,0,"F"
0,2,3,2,"CBBBCX","","","","53/G56","T",1,0,0,0,0,"F"
1,0,0,1,"CH","","","","HP","T",0,1,0,0,0,"F"
1,0,1,2,"F1FFB1C","nimmb001","","","K","T",1,0,1,0,0,"F"
1,1,1,0,"B>C","nimmb001","","","CS2(26)","F",1,0,0,0,0,"F"
1,2,2,1,"B>C.BX","","","","53/G6+","T",1,0,0,0,0,"F"
0,0,0,2,"..CFX","","","","S8/G4M+","T",0,1,0,0,0,"F"
0,0,0,2,"FSS","steva001","","","K","T",1,0,1,0,0,"F"
0,1,0,0,"X","steva001","","","S8/L6MD+.1-2","T",0,1,2,0,0,"F"
0,1,1,2,".BCSB","herny002","steva001","","WP.2-3;1-2","F",0,0,2,3,0,"F"
0,1,3,2,".BCSB.BC","","herny002","steva001","K","T",1,0,0,2,3,"F"
0,2,0,2,"SFS","","herny002","steva001","K","T",1,0,0,2,3,"F"
1,0,2,2,"..CBSFFBX","","","","4/P4D","T",1,0,0,0,0,"F"
1,1,0,2,"SCX","","","","43/G34","T",1,0,0,0,0,"F"
1,2,3,0,"BBBB","","","","W","T",0,1,0,0,0,"F"
1,2,1,2,"FSBS","mccaj001","","","K","T",1,0,1,0,0,"F"
0,0,2,2,"..CBSBX","","","","7/L7D","T",1,0,0,0,0,"F"
0,1,1,2,"CSFFBFX","","","","8/L8D","T",1,0,0,0,0,"F"
0,2,0,1,"FX","","","","31/G34","T",1,0,0,0,0,"F"
0,0,1,2,"BCCC","","","","K","T",1,0,0,0,0,"T"
0,1,0,1,"FX","","","","43/G34","T",1,0,0,0,0,"F"
0,2,0,0,"X","","","","63/G6+","T",1,0,0,0,0,"F"
1,0,1,1,"BCX","","","","63/G4MD","T",1,0,0,0,0,"F"
1,1,0,1,"CX","","","","9/L89D+","T",1,0,0,0,0,"F"
1,2,2,2,"BBCFS","","","","K","T",1,0,0,0,0,"F"
0,0,3,2,"CBSFBFFBFX","","","","43/G4M","T",1,0,0,0,0,"F"
0,1,2,2,"CFBBT","","","","K","T",1,0,0,0,0,"F"
0,2,3,2,"SCBBBB","","","","W","T",0,1,0,0,0,"F"
0,2,0,1,"1CX","renfh001","","","43/G34","T",1,0,1,0,0,"F"
1,0,0,2,"CTS","","","","K","T",1,0,0,0,0,"F"
1,1,2,2,"SBBSS","","","","K","T",1,0,0,0,0,"F"
1,2,0,0,"X","","","","HR/F9LD","T",0,4,0,0,0,"F"
1,2,0,2,"CSS","","","","K","T",1,0,0,0,0,"F"
0,0,2,1,"BBFX","","","","HR/F89XD","T",0,4,0,0,0,"F"
0,0,0,2,"SSX","","","","63/G1","T",1,0,0,0,0,"F"
0,1,3,2,"BCBBCX","","","","8/F89D","T",1,0,0,0,0,"F"
0,2,1,2,"FBFX","","","","S8/L6MD+","T",0,1,0,0,0,"F"
0,2,2,2,"BCTFBX","dever001","","","64(1)/FO/G6.B-1","T",1,1,0,0,0,"F"
1,0,3,1,"BBBCX","","","","53/G56","T",1,0,0,0,0,"F"
1,1,0,1,"CX","","","","8/F8XD","T",1,0,0,0,0,"F"
1,2,0,1,"CX","","","","53/G56","T",1,0,0,0,0,"F"
0,0,3,1,"CBBBB","","","","W","T",0,1,0,0,0,"F"
0,0,1,2,"CFFFF*B1S","bogax001","","","K","T",1,0,1,0,0,"F"
0,1,1,1,"B1SX","bogax001","","","54(1)3/GDP/G56S","T",2,0,0,0,0,"F"
1,0,0,2,"CFT","","","","K","T",1,0,0,0,0,"F"
1,1,1,2,"BSFC","","","","K","T",1,0,0,0,0,"F"
1,2,1,2,"CCFFBX","","","","D7/G5","T",0,2,0,0,0,"F"
1,2,0,0,"X","","confm001","","S7/L78S+.2-3","T",0,1,0,3,0,"F"
1,2,1,2,"FBCS","davij006","","confm001","K","T",1,0,1,0,3,"F"
0,0,0,2,"FFX","","","","3/G34+","T",1,0,0,0,0,"F"
0,1,2,0,"BBX","","","","3/G34","T",1,0,0,0,0,"F"
0,2,2,1,"BBFX","","","","13/G4MS","T",1,0,0,0,0,"F"
1,0,0,1,"FX","","","","S7/L5D.BX2(74)","T",1,0,0,0,0,"F"
1,1,2,2,"CCBBFFC","","","","K","T",1,0,0,0,0,"F"
1,2,2,2,"BFFBX","","","","S8/L8+","T",0,1,0,0,0,"F"
1,2,1,2,"1S*BC1F>B","pillk001","","","CS2(25)","F",1,0,0,0,0,"F"
0,0,1,1,"BSX","","","","D9/L9L","T",0,2,0,0,0,"F"
0,0,1,2,"FCBX","","herne001","","S7/F7LS.2-H","T",0,1,0,4,0,"F"
0,0,1,0,"BX","dever001","","","64(1)3/GDP/G56","T",2,0,0,0,0,"F"
0,2,1,2,"FFBFX","","","","13/G1S-","T",1,0,0,0,0,"F"
1,0,1,1,"SBX","","","","S1/G2-","T",0,1,0,0,0,"F"
1,0,0,0,"X","lindf001","","","8/F8XD","T",1,0,1,0,0,"F"
1,1,2,2,"S1*BSB1S","lindf001","","","K","T",1,0,1,0,0,"F"
1,2,0,0,"X","lindf001","","","S9/L34D+.1-2","T",0,1,2,0,0,"F"
1,2,0,2,"FSX","confm001","lindf001","","7/F78","T",1,0,1,2,0,"F"
0,0,0,2,".CCS","","","","K","T",1,0,0,0,0,"F"
0,1,1,0,"BX","","","","D8/L89+","T",0,2,0,0,0,"F"
0,1,1,0,"BX","","renfh001","","6/L4M+/DP.2X2(6)","T",2,0,0,0,0,"F"
1,0,1,1,"FBX","","","","43/G34","T",1,0,0,0,0,"F"
1,1,0,2,"SCX","","","","31/G34","T",1,0,0,0,0,"F"
1,2,2,2,".CCBFBT","","","","K","T",1,0,0,0,0,"F"
0,0,2,2,".BBFCS","","","","K","T",1,0,0,0,0,"F"
0,1,3,2,".BSBSFBS","","","","K","T",1,0,0,0,0,"F"
0,2,0,0,"X","","","","5/L5","T",1,0,0,0,0,"F"
1,0,1,2,".BFSS","","","","K","T",1,0,0,0,0,"F"
1,1,3,2,"BCFBFBX","","","","13/G4MS+","T",1,0,0,0,0,"F"
1,2,2,2,"BFBFX","","","","43/G34","T",1,0,0,0,0,"F"
0,0,0,1,".SX","","","","23/G2-","T",1,0,0,0,0,"F"
0,1,1,2,"TCBS","","","","K","T",1,0,0,0,0,"F"
0,2,3,2,"BBCBCS","","","","K","T",1,0,0,0,0,"F"
1,0,0,2,"..CF*S","","","","K","T",1,0,0,0,0,"F"
1,1,0,2,"CSX","","","","5/F56D","T",1,0,0,0,0,"F"
1,2,1,2,"SBS*S","","","","K.BX1(23)","T",1,0,0,0,0,"F"
0,0,1,2,"FBCS","","","","K","T",1,0,0,0,0,"T"
0,1,0,1,"CX","","","","63/G4M","T",1,0,0,0,0,"F"
0,2,2,2,"FFFBFBX","","","","8/F89S","T",1,0,0,0,0,"F"
1,0,3,2,"BBCCBB","","","","W","T",0,1,0,0,0,"F"
1,0,3,2,"CBB11BF>F>F>B","nimmb001","","","W.1-2","T",0,1,2,0,0,"F"
1,0,2,2,"*SBBFFS","lindf001","nimmb001","","K","T",1,0,1,2,0,"F"
1,1,1,0,"BX","lindf001","nimmb001","","7/F7D.2-3","T",1,0,1,3,0,"F"
1,2,2,1,"BS*BX","lindf001","","nimmb001","6/L6","T",1,0,1,0,3,"F"
0,0,1,0,"BX","","","","D7/L78XD+","T",0,2,0,0,0,"F"
0,0,2,2,"FFBBX","","bogax001","","43/G89S+.2-3","T",1,0,0,3,0,"F"
0,1,0,2,"FTX","","","bogax001","D8/L89XD.3-H","T",0,2,0,0,4,"F"
0,1,1,2,"BSCX","","vazqc001","","43/G34.2-3","T",1,0,0,3,0,"F"
0,2,1,2,"BCSFS","","","vazqc001","K","T",1,0,0,0,3,"F"
1,0,3,2,"BBSCBFC","","","","K","T",1,0,0,0,0,"F"
1,1,1,1,"CBX","","","","S8/L8D+","T",0,1,0,0,0,"F"
1,1,2,2,"BBC1SX","mcnej002","","","64(1)3/GDP/G6","T",2,0,0,0,0,"F"
0,0,2,2,"BSBFFFFFFS","","","","K","T",1,0,0,0,0,"F"
0,1,0,1,"FX","","","","7/L78","T",1,0,0,0,0,"F"
0,2,1,0,"BX","","","","63/G4M+","T",1,0,0,0,0,"F"
1,0,1,2,"SCFFBS","","","","K","T",1,0,0,0,0,"F"
1,1,1,2,"CSBFX","","","","53/G6MS","T",1,0,0,0,0,"F"
1,2,2,2,"BF....BSFFS","","","","K","T",1,0,0,0,0,"F"
0,0,0,2,"CFS","","","","K","T",1,0,0,0,0,"F"
0,1,0,1,"CX","","","","43/G4","T",1,0,0,0,0,"F"
0,2,0,0,"X","","","","D9/L9LS+","T",0,2,0,0,0,"F"
0,2,1,2,"FFBS","","dever001","","K","T",1,0,0,2,0,"F"
1,0,0,0,"X","","","","63/G56","T",1,0,0,0,0,"F"
1,1,1,2,"CFBC","","","","K","T",1,0,0,0,0,"F"
1,2,3,2,"SBCBBH","","","","HP","T",0,1,0,0,0,"F"
1,2,1,2,"*SCB1T","davij006","","","K","T",1,0,1,0,0,"F"
0,0,1,2,"SSBS","","","","K","T",1,0,0,0,0,"F"
0,1,1,2,"SSBS","","","","K","T",1,0,0,0,0,"F"
0,2,2,2,"BCCBS","","","","K","T",1,0,0,0,0,"F"
1,0,1,0,"BX","","","","5/P5F/FL","T",1,0,0,0,0,"F"
1,1,3,1,"BBBCB","","","","W","T",0,1,0,0,0,"F"
1,1,2,2,"FSBBX","mccaj001","","","64(1)/FO/G6.B-1","T",1,1,0,0,0,"F"
1,2,2,2,"FFF*BF*B+1S","degrj001","","","K","T",1,0,1,0,0,"F"
0,0,3,2,"BFCBFFBX","","","","9/F9LS","T",1,0,0,0,0,"F"
0,1,3,1,"BBFBB","","","","W","T",0,1,0,0,0,"F"
0,1,1,2,"BSTFFS","verda001","","","K","T",1,0,1,0,0,"F"
0,2,3,1,"BBBCX","verda001","","","3/G3S-","T",1,0,1,0,0,"F"
1,0,1,2,".CBSFS","","","","K","T",1,0,0,0,0,"F"
1,1,1,0,"BX","","","","S9/G4","T",0,1,0,0,0,"F"
1,1,0,2,"S*SFC","alonp001","","","K","T",1,0,1,0,0,"F"
1,2,3,1,"FBBBB","alonp001","","","W.1-2","T",0,1,2,0,0,"F"
1,2,0,1,"CX","davij006","alonp001","","23/G2","T",1,0,1,2,0,"F"
0,0,2,1,".BFBX","","","","S9/L89S","T",0,1,0,0,0,"F"
0,0,0,2,"CFFS","dever001","","","K","T",1,0,1,0,0,"F"
0,1,0,0,"X","dever001","","","64(1)3/GDP/G6+","T",2,0,0,0,0,"F"
1,0,1,2,"CBCX","","","","7/F7LS","T",1,0,0,0,0,"F"
1,1,0,2,"CFFS","","","","K","T",1,0,0,0,0,"F"
1,2,2,2,".BBSFC","","","","K","T",1,0,0,0,0,"F"
0,0,1,2,".BCSFT","","","","K","T",1,0,0,0,0,"F"
0,1,1,2,".CBTFFS","","","","K","T",1,0,0,0,0,"F"
0,2,3,2,"BTSBBS","","","","K","T",1,0,0,0,0,"F"
1,0,2,2,".BCBCS","","","","K","T",1,0,0,0,0,"F"
1,1,1,0,"BX","","","","4/L34D","T",1,0,0,0,0,"F"
1,2,1,2,"FSBX","","","","8/F78D","T",1,0,0,0,0,"F"
0,0,0,2,".CCS","","","","K","T",1,0,0,0,0,"F"
0,1,0,2,"SSS","","","","K","T",1,0,0,0,0,"F"
0,2,0,1,"CX","","","","23/G2","T",1,0,0,0,0,"F"
1,0,0,2,"...FFS","","","","K","T",1,0,0,0,0,"F"
1,1,0,2,"CT*S","","","","K.BX1(23)","T",1,0,0,0,0,"F"
1,2,3,2,"BBSSBS","","","","K","T",1,0,0,0,0,"F"
0,0,2,2,"FFFBBFFX","","","","7/L7","T",1,0,0,0,0,"T"
0,1,1,2,"CCFBC","","","","K","T",1,0,0,0,0,"F"
0,2,1,1,"CBX","","","","S9/G34","T",0,1,0,0,0,"F"
0,2,3,2,"CBB*S*B>X","walkc002","","","8/F8","T",1,0,1,0,0,"F"
1,0,2,2,"FBBCX","","","","43/G34","T",1,0,0,0,0,"F"
1,1,2,2,"BBCCX","","","","7/F7L","T",1,0,0,0,0,"F"
1,2,3,1,"BBBCB","","","","W","T",0,1,0,0,0,"F"
1,2,0,1,"C1X","confm001","","","54(1)/FO/G56S.B-1","T",1,1,0,0,0,"F"
0,0,0,2,"CCFS","","","","K","T",1,0,0,0,0,"F"
0,1,1,1,"BCX","","","","S9/G34","T",0,1,0,0,0,"F"
0,1,1,2,"CSBFS","smitp002","","","K","T",1,0,1,0,0,"F"
0,2,2,0,"*BBX","smitp002","","","S9/L9+.1-2","T",0,1,2,0,0,"F"
0,2,3,2,"FBBBF>B","rojaj001","smitp002","","W.2-3;1-2","T",0,1,2,3,0,"F"
0,2,0,0,"H","gallz001","rojaj001","smitp002","HP.3-H;2-3;1-2","T",0,1,2,3,4,"F"
0,2,3,2,"BBFFB>*B","locat001","gallz001","rojaj001","W.3-H;2-3;1-2","T",0,1,2,3,4,"F"
0,2,3,1,"B*BBCB","kellc002","locat001","gallz001","W.3-H;2-3;1-2","T",0,1,2,3,4,"F"
0,2,1,2,".CFBX","walkc002","kellc002","locat001","2/P2F/FL","T",1,0,1,2,3,"F"
1,0,2,2,"CBFBX","","","","13/G4S","T",1,0,0,0,0,"F"
1,1,2,2,"SFBFBT","","","","K","T",1,0,0,0,0,"F"
1,2,3,0,"BBBB","","","","W","T",0,1,0,0,0,"F"
1,2,2,2,"C1F1*B1F1B1C","villj001","","","K","T",1,0,1,0,0,"F"
0,0,0,0,"X","","","","S9/L9+","T",0,1,0,0,0,"F"
0,0,2,1,"BBFX","cabra002","","","7/L7D","T",1,0,1,0,0,"F"
0,1,0,1,"CX","cabra002","","","S8/L8.1-2","T",0,1,2,0,0,"F"
0,1,1,1,"BSX","ahmen001","cabra002","","S9/G34.2-3;1-2","T",0,1,2,3,0,"F"
0,1,3,2,"CFBFBFBX","rojaj001","ahmen001","cabra002","64(1)/FO/G6M.3-H;2-3;B-1","T",1,1,0,3,4,"F"
0,2,0,1,"FX","gallz001","","ahmen001","4(1)/FO/G6M.B-1","T",1,1,0,0,3,"F"
1,0,1,2,"CBCC","","","","K","T",1,0,0,0,0,"F"
1,1,1,0,"BX","","","","8/L78D+","T",1,0,0,0,0,"F"
1,2,3,2,"CBBBCX","","","","S5/G56.B-2(E5/TH)","T",0,2,0,0,0,"F"
1,2,0,0,"X","","lindf001","","S8/G4M.2-H(UR)","T",0,1,0,5,0,"F"
1,2,0,2,"C1CF1F1*S","confm001","","","K","T",1,0,1,0,0,"F"
0,0,2,2,"BSBFX","","","","E5/G6.B-1","T",0,1,0,0,0,"F"
0,0,3,0,"BBBB","kellc002","","","W.1-2","T",0,1,2,0,0,"F"
0,0,1,2,"CFBX","walkc002","kellc002","","8/F8D","T",1,0,1,2,0,"F"
0,1,0,0,"X","walkc002","kellc002","","1/G3S-.2-3;1-2","T",1,0,2,3,0,"F"
0,2,0,0,"X","","walkc002","kellc002","1/G34S","T",1,0,0,2,3,"F"
1,0,3,2,"SBBCB*B","","","","W","T",0,1,0,0,0,"F"
1,0,0,0,"X","smitd008","","","3/P3F/FL","T",1,0,1,0,0,"F"
1,1,1,2,"S1C*B1S","smitd008","","","K","T",1,0,1,0,0,"F"
1,2,0,0,"1X","smitd008","","","13/G1S","T",1,0,1,0,0,"F"
0,0,1,0,"..BX","","","","53/G5","T",1,0,0,0,0,"F"
0,1,3,2,"CBFBBX","","","","S8/L8+","T",0,1,0,0,0,"F"
0,1,0,1,"CX","rojaj001","","","34/SH/BG2.1-2","T",1,0,2,0,0,"F"
0,2,0,1,"CX","","rojaj001","","53/G56","T",1,0,0,2,0,"F"
1,0,1,0,"BX","","","","S8/L6MD","T",0,1,0,0,0,"F"
1,0,1,0,"BX","nidot001","","","9/F9D","T",1,0,1,0,0,"F"
1,1,0,2,"CCX","nidot001","","","8/F8D","T",1,0,1,0,0,"F"
1,2,2,0,"BBX","nidot001","","","3/G3","T",1,0,1,0,0,"F"
0,0,0,1,"CX","","","","S7/L7S","T",0,1,0,0,0,"F"
0,0,0,1,"TX","kellc002","","","8/F89D","T",1,0,1,0,0,"F"
0,1,0,0,"B","kellc002","","","PB.1-2","F",0,0,2,0,0,"F"
0,1,3,1,"B.BBCX","","kellc002","","3/L3+","T",1,0,0,2,0,"F"
0,2,2,1,"F*BBX","","kellc002","","3/L3","T",1,0,0,2,0,"F"
1,0,3,2,"BBCBFB","","","","W","T",0,1,0,0,0,"F"
1,0,0,0,"1X","alonp001","","","3/G3.1-2","T",1,0,2,0,0,"F"
1,1,0,0,"X","","alonp001","","5/P5DF/FL","T",1,0,0,2,0,"F"
1,2,1,2,"SBCX","","alonp001","","S8/L8+.2-H","T",0,1,0,4,0,"F"
1,2,2,2,".CCBF*B1X","villj001","","","9/L9L","T",1,0,1,0,0,"F"
0,0,3,2,".BCBCBC","","","","K","T",1,0,0,0,0,"F"
0,1,0,2,"FCX","","","","S6/G6","T",0,1,0,0,0,"F"
0,1,0,2,"1CCFC","ahmen001","","","K","T",1,0,1,0,0,"F"
0,2,2,2,".TB1FBX","ahmen001","","","9/F9D","T",1,0,1,0,0,"F"
1,0,3,1,".BBBCB","","","","W","T",0,1,0,0,0,"F"
1,0,0,1,"CX","nidot001","","","13/L6MS.1-2","T",1,0,2,0,0,"F"
1,1,2,2,"BSCF*BX","","nidot001","","HR/F7LD.2-H","T",0,4,0,4,0,"F"
1,1,1,2,"CFBS","","","","K","T",1,0,0,0,0,"F"
1,2,3,1,"BBTBB","","","","W","T",0,1,0,0,0,"F"
1,2,2,2,"BBFFX","alonp001","","","7/L78D+","T",1,0,1,0,0,"F"
0,0,3,2,".CFBBBB","","","","W","T",0,1,0,0,0,"F"
0,0,0,0,">B","locat001","","","SB2","F",0,0,2,0,0,"F"
0,0,2,2,">B.FBCX","","locat001","","6/P6MD","T",1,0,0,2,0,"F"
0,1,2,2,"CSBBX","","locat001","","13/G4MS","T",1,0,0,2,0,"F"
0,2,0,2,"SFS","","locat001","","K","T",1,0,0,2,0,"F"
1,0,1,2,".BFFT","","","","K","T",1,0,0,0,0,"F"
1,1,3,2,"CBCFBBX","","","","S7/G56","T",0,1,0,0,0,"F"
1,1,1,2,".11F1FB1X","villj001","","","5/P56S","T",1,0,1,0,0,"F"
1,2,1,2,"FS*B1>B","villj001","","","SB2","F",0,0,2,0,0,"F"
1,2,2,2,"FS*B1>B.X","","villj001","","8/L8","T",1,0,0,2,0,"F"
0,0,0,0,".X","","","","S9/L9LD+.BX2(96)","T",1,0,0,0,0,"F"
0,1,2,0,"BBX","","","","53/G6S","T",1,0,0,0,0,"F"
0,2,0,2,"CCS","","","","K","T",1,0,0,0,0,"F"
1,0,0,1,".SX","","","","S7/F7LS","T",0,1,0,0,0,"F"
1,0,0,0,"X","mcnej002","","","26(1)/FO/BG2-.B-1","T",1,1,0,0,0,"F"
1,1,0,2,"C1CX","lindf001","","","7/L7","T",1,0,1,0,0,"F"
1,2,0,1,"CX","lindf001","","","9/F9","T",1,0,1,0,0,"F"
0,0,0,2,"..SSC","","ahmen001","","K","T",1,0,0,2,0,"F"
0,1,1,0,".BX","","ahmen001","","53/G56","T",1,0,0,2,0,"F"
0,2,0,2,"SFX","","ahmen001","","8/F8","T",1,0,0,2,0,"F"
1,0,3,0,"..VVVV","","alonp001","","IW","T",0,1,0,2,0,"F"
1,0,1,0,"BX","smitd008","alonp001","","9/F9D.2-3","T",1,0,1,3,0,"F"
1,1,3,0,"VVVV","smitd008","","alonp001","IW.1-2","T",0,1,2,0,3,"F"
1,1,2,2,".FBFBX","villj001","smitd008","alonp001","FC1/G23-.3-H(UR);2-3;1-2;B-1","T",0,1,2,3,5,"F"
0,0,1,1,"BFX","","","","9/F9LSF/FL","T",1,0,0,0,0,"T"
0,1,0,0,"X","","","","C/E2.B-1","T",0,1,0,0,0,"F"
0,1,1,0,"1B11X","rojaj001","","","64(1)/FO/G6.B-1","T",1,1,0,0,0,"F"
0,2,0,2,"CFX","walkc002","","","3/G3+","T",1,0,1,0,0,"F"
1,0,1,1,"BFX","","","","7/F78D","T",1,0,0,0,0,"F"
1,1,3,2,"CFFBBBFX","","","","8/F8D","T",1,0,0,0,0,"F"
1,2,3,2,"CBFBFBB","","","","W","T",0,1,0,0,0,"F"
1,2,0,2,"1CCX","confm001","","","54(1)/FO/G5.B-1","T",1,1,0,0,0,"F"
0,0,0,2,"CFC","","","","K","T",1,0,0,0,0,"F"
0,1,0,0,"X","","","","9/F89","T",1,0,0,0,0,"F"
0,2,2,1,"CBBX","","","","63/G6","T",1,0,0,0,0,"F"
1,0,0,2,"CC*S","","","","K","T",1,0,0,0,0,"F"
1,1,1,2,"BFFFS","","","","K","T",1,0,0,0,0,"F"
1,2,3,2,"BFBFBB","","","","W","T",0,1,0,0,0,"F"
1,2,1,0,"1BX","villj001","","","8/F8D","T",1,0,1,0,0,"F"
0,0,1,0,".BX","","","","8/F89","T",1,0,0,0,0,"F"
0,1,2,1,"CBBX","","","","3/G3","T",1,0,0,0,0,"F"
0,2,3,2,"BBCFBB","","","","W","T",0,1,0,0,0,"F"
0,2,2,2,"*BCCBX","kellc002","","","C/E2.1-2;B-1","T",0,1,2,0,0,"F"
0,2,1,2,"FFBFFFC","rojaj001","kellc002","","K","T",1,0,1,2,0,"F"
1,0,3,1,"BBBCB","","","","W","T",0,1,0,0,0,"F"
1,0,1,1,"BFX","luccj001","","","HR/F89XD.1-H","T",0,4,4,0,0,"F"
1,0,3,1,"CBBBB","","","","W","T",0,1,0,0,0,"F"
1,0,1,0,"B11X","lindf001","","","8/F8D","T",1,0,1,0,0,"F"
1,1,0,2,"F1TC","lindf001","","","K","T",1,0,1,0,0,"F"
1,2,0,0,">*B","lindf001","","","SB2.1-H(E2/TH)(NR)(UR)","F",0,0,5,0,0,"F"
1,2,1,2,">*B.CSF*S","","","","K.BX1(23)","T",1,0,0,0,0,"F"
0,0,3,2,"BCFBBC","","","","K","T",1,0,0,0,0,"F"
0,1,0,0,"X","","","","8/L8","T",1,0,0,0,0,"F"
0,2,2,2,"CBCBS","","","","K","T",1,0,0,0,0,"F"
1,0,0,0,"X","","","","D7/L7L","T",0,2,0,0,0,"F"
1,0,1,2,"FFF*BX","","pillk001","","43/G4D.2-3","T",1,0,0,3,0,"F"
1,1,1,2,"BC3CC","","","pillk001","K","T",1,0,0,0,3,"F"
1,2,0,2,"CSC","","","pillk001","K","T",1,0,0,0,3,"F"
0,0,1,0,"BX","","","","9/F9L","T",1,0,0,0,0,"F"
0,1,1,2,"CBCH","","","","HP","T",0,1,0,0,0,"F"
0,1,1,0,"BX","locat001","","","54/SH/BG2-.1-2","T",1,0,2,0,0,"F"
0,2,0,1,"FX","","locat001","","3/P3F/FL","T",1,0,0,2,0,"F"
1,0,0,0,"X","","","","31/G34","T",1,0,0,0,0,"F"
1,1,2,1,"BBFX","","","","D8/L8XD+","T",0,2,0,0,0,"F"
1,1,3,1,"BBFBX","","lindf001","","3/G3.2-3","T",1,0,0,3,0,"F"
1,2,0,0,"X","","","lindf001","8/F8XD+","T",1,0,0,0,3,"F"
0,0,1,2,"CBFFX","","","","S8/G6M","T",0,1,0,0,0,"F"
0,0,1,0,"1B1","rojaj001","","","PO1(E3).1-2","F",0,0,2,0,0,"F"
0,0,1,1,"1B1.FX","","rojaj001","","S7/L78S.2-3","T",0,1,0,3,0,"F"
0,0,3,1,"BFBBX","walkc002","","rojaj001","53/G6.3-H(UR);1-2","T",1,0,2,0,5,"F"
0,1,2,2,".BFFBS","","walkc002","","K","T",1,0,0,2,0,"F"
0,2,0,2,"C*SC","","walkc002","","K","T",1,0,0,2,0,"F"
1,0,1,2,"BCSX","","","","7/L7L","T",1,0,0,0,0,"F"
1,1,3,2,"BTBSBFX","","","","7/F7LS","T",1,0,0,0,0,"F"
1,2,3,0,"BBBB","","","","W","T",0,1,0,0,0,"F"
1,2,3,0,".BBBX","villj001","","","8/L1S+","T",1,0,1,0,0,"F"
0,0,2,2,"CBSFFFBFX","","","","9/F89","T",1,0,0,0,0,"F"
0,1,0,0,"X","","","","3/G34S","T",1,0,0,0,0,"F"
0,2,1,1,".CBX","","","","S6/G6M","T",0,1,0,0,0,"F"
0,2,1,2,"CBSX","smitp002","","","S9/F9S.1-2","T",0,1,2,0,0,"F"
0,2,1,2,"CSFBX","kellc002","smitp002","","S6/G15.2-3;1-2","T",0,1,2,3,0,"F"
0,2,3,2,"*BBBCF>F>X","rojaj001","kellc002","smitp002","63/G6D+","T",1,0,1,2,3,"F"
1,0,3,2,"...FBSBBFF*B","","","","W","T",0,1,0,0,0,"F"
1,0,2,2,"CB1S1BX","peraj003","","","16(1)/FO/G13.B-1","T",1,1,0,0,0,"F"
1,1,0,1,"C>B","mcnej002","","","SB2","F",0,0,2,0,0,"F"
1,1,2,1,"C>B.*BX","","mcnej002","","S8/L8.2-H","T",0,1,0,4,0,"F"
1,1,3,2,"1BC11CB>F1>F*B1>X","lindf001","","","8/F8XD","T",1,0,1,0,0,"F"
1,2,2,1,"BCB>X","lindf001","","","8/F8D","T",1,0,1,0,0,"F"
0,0,1,1,"...BFX","","","","6/L4MD","T",1,0,0,0,0,"F"
0,1,1,1,"BCX","","","","S9/L9S","T",0,1,0,0,0,"F"
0,1,0,2,"CSFC","cabra002","","","K","T",1,0,1,0,0,"F"
0,2,3,1,"SBBBB","cabra002","","","W.1-2","T",0,1,2,0,0,"F"
0,2,1,1,".BCX","ahmen001","cabra002","","S9/L89S.2-H;1-3","T",0,1,3,4,0,"F"
0,2,2,2,".1CSBBX","varsd001","","ahmen001","13/G1S","T",1,0,1,0,3,"F"
1,0,0,2,"..SFFX","","","","43/G1S+","T",1,0,0,0,0,"F"
1,1,1,0,"BX","","","","63/G56","T",1,0,0,0,0,"F"
1,2,3,2,"BCBSBS","","","","K","T",1,0,0,0,0,"F"
0,0,0,1,".CX","","","","S7/G56","T",0,1,0,0,0,"F"
0,0,1,2,"CFBX","kellc002","","","7/F7L","T",1,0,1,0,0,"F"
0,1,0,2,"FSFFX","kellc002","","","9/F9L","T",1,0,1,0,0,"F"
0,2,0,1,"SX","kellc002","","","9/L9D","T",1,0,1,0,0,"F"
0,0,1,1,"BFX","","","","8/F8XD","T",1,0,0,0,0,"T"
0,1,1,0,"BX","","","","8/F89XD","T",1,0,0,0,0,"F"
0,2,3,2,"CBBCFBC","","","","K","T",1,0,0,0,0,"F"
1,0,2,0,"BBX","","","","8/F78D","T",1,0,0,0,0,"F"
1,1,1,0,"BX","","","","31/G34","T",1,0,0,0,0,"F"
1,2,0,2,"CFC","","","","K","T",1,0,0,0,0,"F"
0,0,1,1,"BSX","","","","3/P3","T",1,0,0,0,0,"F"
0,1,1,1,"BFX","","","","9/L89","T",1,0,0,0,0,"F"
0,2,0,0,"X","","","","9/F9D","T",1,0,0,0,0,"F"
1,0,3,1,"BCBBB","","","","W","T",0,1,0,0,0,"F"
1,0,1,1,"BFX","alonp001","","","9/F9D","T",1,0,1,0,0,"F"
1,1,0,2,"CSFX","alonp001","","","64(1)/FO/G6.B-1","T",1,1,0,0,0,"F"
1,2,3,2,"1BCB1FB>X","pillk001","","","3/G3","T",1,0,1,0,0,"F"
0,0,0,0,"X","","","","3/G3S-","T",1,0,0,0,0,"F"
0,1,2,2,"BBCSS","","","","K","T",1,0,0,0,0,"F"
0,2,0,2,"CTS","","","","K","T",1,0,0,0,0,"F"
1,0,0,1,"CX","","","","S9/G34","T",0,1,0,0,0,"F"
1,0,0,0,"X","mccaj001","","","S5/BG25.1-3(E5/TH)","T",0,1,3,0,0,"F"
1,0,0,0,"X","degrj001","","mccaj001","23/G2-.1-2","T",1,0,2,0,3,"F"
1,1,2,2,"CBSF*BX","","degrj001","mccaj001","7/SF/F78D.3-H;2-3","T",1,0,0,3,4,"F"
1,2,2,0,"BBX","","","degrj001","S7/L7S.3-H","T",0,1,0,0,4,"F"
1,2,0,1,"FX","confm001","","","54(1)/FO/G56+.B-1","T",1,1,0,0,0,"F"
0,0,3,2,"BBFBCC","","","","K","T",1,0,0,0,0,"F"
0,1,0,0,"X","","","","43/G34D","T",1,0,0,0,0,"F"
0,2,1,2,"CSB*S","","","","K","T",1,0,0,0,0,"F"
1,0,1,0,"BX","","","","3/G3","T",1,0,0,0,0,"F"
1,1,1,1,"BFX","","","","S8/L8S","T",0,1,0,0,0,"F"
1,1,1,1,"1BS1","pillk001","","","POCS2(1363)","F",1,0,0,0,0,"F"
1,2,2,2,"1BS1.CBX","","","","6/P6","T",1,0,0,0,0,"F"
0,0,3,0,"BBBB","","","","W","T",0,1,0,0,0,"F"
0,0,1,2,"BCFX","perad001","","","D9/F89XD.1-3","T",0,2,3,0,0,"F"
0,0,3,1,"BBTBB","","vogts001","perad001","W","T",0,1,0,2,3,"F"
0,0,2,2,"BF*BFFX","escoe001","vogts001","perad001","4(1)3/GDP/G4MS.3-H(NR);2-3","T",2,0,0,3,4,"F"
0,2,3,1,"F*BBBB","","","vogts001","W","T",0,1,0,0,3,"F"
0,2,2,2,".SBCBS","varsd001","","vogts001","K","T",1,0,1,0,3,"F"
1,0,0,2,".CC*S","","","","K.BX1(23)","T",1,0,0,0,0,"F"
1,1,0,2,"FSS","","","","K","T",1,0,0,0,0,"F"
1,2,3,2,"CSBBBB","","","","W","T",0,1,0,0,0,"F"
1,2,0,1,"CX","mcnej002","","","S4/G6.1-2","T",0,1,2,0,0,"F"
1,2,1,2,"BFCS","lindf001","mcnej002","","K","T",1,0,1,2,0,"F"
0,0,2,2,".BCSBH","","","","HP","T",0,1,0,0,0,"F"
0,0,3,0,"BBBB","smitp002","","","W.1-2","T",0,1,2,0,0,"F"
0,0,2,2,"BCFFFBX","rojaj001","smitp002","","9/F9L","T",1,0,1,2,0,"F"
0,1,2,2,"BFBSFFX","rojaj001","smitp002","","3/G3.2-3;1-2","T",1,0,2,3,0,"F"
0,2,2,2,"BFBFX","","rojaj001","smitp002","6/P4M","T",1,0,0,2,3,"F"
1,0,3,0,".BBBB","","","","W","T",0,1,0,0,0,"F"
1,0,2,1,"*BCBH","alonp001","","","HP.1-2","T",0,1,2,0,0,"F"
1,0,1,2,"BCFS","smitd008","alonp001","","K","T",1,0,1,2,0,"F"
1,1,3,2,"SF*BBF*BB","smitd008","alonp001","","W.2-3;1-2","T",0,1,2,3,0,"F"
1,1,1,2,".FFB*S","villj001","smitd008","alonp001","K","T",1,0,1,2,3,"F"
1,2,3,1,".BBBCB","villj001","smitd008","alonp001","W.3-H;2-3;1-2","T",0,1,2,3,4,"F"
1,2,0,0,"X","mazep001","villj001","smitd008","43/G4","T",1,0,1,2,3,"F"
0,0,1,2,".BCCS","","","","K","T",1,0,0,0,0,"F"
0,1,1,0,"..BX","","","","9/F9LS","T",1,0,0,0,0,"F"
0,2,3,2,"BBFBSFX","","","","8/F8XD","T",1,0,0,0,0,"F"
1,0,0,1,"..CX","","","","E5/G5S.B-1","T",0,1,0,0,0,"F"
1,0,1,2,"BCFF1>X","lindf001","","","S7/F8.1-2","T",0,1,2,0,0,"F"
1,0,0,0,"X","confm001","lindf001","","13/G2-.2-3;1-2","T",1,0,2,3,0,"F"
1,1,1,0,"BX","","confm001","lindf001","S9/L4D+.3-H(UR);2-3","T",0,1,0,3,5,"F"
1,1,2,2,"L1F*B1BS","smitd008","","confm001","K","T",1,0,1,0,3,"F"
1,2,3,2,"BBCF1B>C","smitd008","","confm001","K","T",1,0,1,0,3,"F"
0,0,3,2,"BBBCFX","","","","HR/F8XD","T",0,4,0,0,0,"F"
0,0,3,2,"CFBFFBFFFFBFFFFC","","","","K","T",1,0,0,0,0,"F"
0,1,3,1,"FBBBX","","","","D8/F8XD+","T",0,2,0,0,0,"F"
0,1,3,2,"..SBCBBFH","","rojaj001","","HP","T",0,1,0,2,0,"F"
0,1,0,1,"FX","vanmj001","rojaj001","","46(1)3/GDP/G4+","T",2,0,0,2,0,"F"
1,0,2,2,".BCBFFS","","","","K","T",1,0,0,0,0,"F"
1,1,3,2,"SBSBBFS","","","","K","T",1,0,0,0,0,"F"
1,2,2,2,"BBCFX","","","","31/G34","T",1,0,0,0,0,"F"
0,0,0,2,"CCS","","","","K","T",1,0,0,0,0,"F"
0,1,3,2,".BCBCBS","","","","K","T",1,0,0,0,0,"F"
0,2,1,1,"BSX","","","","S5/P1S","T",0,1,0,0,0,"F"
0,2,2,2,"FFBBFS","ahmen001","","","K","T",1,0,1,0,0,"F"
0,0,2,1,"BBCX","","","","S9/L9S","T",0,1,0,0,0,"T"
0,0,0,2,"1CFX","mullc002","","","S5/G56.1-3","T",0,1,3,0,0,"F"
0,0,2,2,"BBFSX","haysa001","","mullc002","FC1/G13-.3X3(125);1-2;B-1","T",1,1,2,0,0,"F"
0,1,2,2,"FS*BBFFX","manct001","haysa001","","9/F9L","T",1,0,1,2,0,"F"
0,2,1,0,"*BX","manct001","haysa001","","3/G3+","T",1,0,1,2,0,"F"
1,0,1,2,"CSBX","","","","S8/L78","T",0,1,0,0,0,"F"
1,0,0,1,"FX","mcnej002","","","13/SH/BG2.1-2","T",1,0,2,0,0,"F"
1,1,0,0,"X","","mcnej002","","9/F9D+","T",1,0,0,2,0,"F"
1,2,2,1,"BSBX","","mcnej002","","8/F8","T",1,0,0,2,0,"F"
0,0,1,2,"BFSS","","","","K","T",1,0,0,0,0,"F"
0,1,0,0,"X","","","","63/G4M","T",1,0,0,0,0,"F"
0,2,2,2,"FBBFX","","","","S8/L89","T",0,1,0,0,0,"F"
0,2,0,2,"CCS","sevep001","","","K.BX1(23)","T",1,0,1,0,0,"F"
1,0,1,1,"BFX","","","","7/F7L","T",1,0,0,0,0,"F"
1,1,0,0,"X","","","","53/G56S","T",1,0,0,0,0,"F"
1,2,2,0,"BBX","","","","8/F8D","T",1,0,0,0,0,"F"
0,0,1,1,"BCX","","","","63/G4MD","T",1,0,0,0,0,"F"
0,1,1,2,"CSBX","","","","13/G13","T",1,0,0,0,0,"F"
0,2,3,2,"BBCFBFFS","","","","K","T",1,0,0,0,0,"F"
1,0,0,0,"X","","","","4/P4MD","T",1,0,0,0,0,"F"
1,1,2,2,"BFCBS","","","","K","T",1,0,0,0,0,"F"
1,2,2,2,"BFBFX","","","","S8/L89S+.BX2(86)","T",1,0,0,0,0,"F"
0,0,0,1,".SX","","","","43/G6MD+","T",1,0,0,0,0,"F"
0,1,0,2,"FSX","","","","43/G34","T",1,0,0,0,0,"F"
0,2,0,1,"CX","","","","53/G56S","T",1,0,0,0,0,"F"
1,0,2,2,"BCCBX","","","","5/P1S","T",1,0,0,0,0,"F"
1,1,0,1,"CX","","","","9/L89D+","T",1,0,0,0,0,"F"
1,2,3,2,"CBFBFBX","","","","S8/G4M","T",0,1,0,0,0,"F"
1,2,0,1,"CX","alonp001","","","S8/L4MD.1-3","T",0,1,3,0,0,"F"
1,2,0,1,"SX","pillk001","","alonp001","4/P4D","T",1,0,1,0,3,"F"
0,0,1,2,"BFFS","","","","K","T",1,0,0,0,0,"F"
0,1,3,2,"SBSBBB","","","","W","T",0,1,0,0,0,"F"
0,1,0,0,"X","sevep001","","","16(1)/FO/BG1S.B-1","T",1,1,0,0,0,"F"
0,2,3,1,"BFBBX","meanj001","","","8/L8XD","T",1,0,1,0,0,"F"
1,0,1,2,"BSSC","","","","K","T",1,0,0,0,0,"F"
1,1,2,2,"CSFBFBS","","","","K","T",1,0,0,0,0,"F"
1,2,0,0,"X","","","","6/L6D","T",1,0,0,0,0,"F"
0,0,0,0,"X","","","","8/F8D","T",1,0,0,0,0,"F"
0,1,0,2,"CSFC","","","","K","T",1,0,0,0,0,"F"
0,2,3,2,"BCSBBX","","","","7/F7S","T",1,0,0,0,0,"F"
1,0,0,1,"SX","","","","S7/L7S","T",0,1,0,0,0,"F"
1,0,1,0,"BX","peraj003","","","S9/L9.1-2","T",0,1,2,0,0,"F"
1,0,1,2,"BCFX","lindf001","peraj003","","46(1)/FO/G4M.2-3;B-1","T",1,1,0,3,0,"F"
1,1,0,1,"CX","confm001","","peraj003","3/P2F/FL","T",1,0,1,0,3,"F"
1,2,2,2,"CBFBX","confm001","","peraj003","8/F89","T",1,0,1,0,3,"F"
0,0,1,2,"CFBX","","","","S57/G56+","T",0,1,0,0,0,"F"
0,0,0,0,"X","galvf001","","","S7/G56+.1-2","T",0,1,2,0,0,"F"
0,0,0,1,"FX","franm004","galvf001","","24/SH/BG2.2-3;1-2","T",1,0,2,3,0,"F"
0,1,3,0,"VVVV","","franm004","galvf001","IW","T",0,1,0,2,3,"F"
0,1,0,0,"...X","sevep001","franm004","galvf001","9/SF/L9D+.3-H;2-3","T",1,0,1,3,4,"F"
0,2,2,2,"CSBFBFX","sevep001","","franm004","6(1)/FO/G6MD.B-1","T",1,1,0,0,3,"F"
1,0,3,1,".CBBBB","","","","W","T",0,1,0,0,0,"F"
1,0,1,0,"1BX","villj001","","","64(1)3/GDP/G6","T",2,0,0,0,0,"F"
1,2,0,0,"X","","","","53/G5","T",1,0,0,0,0,"F"
0,0,1,2,".BCSX","","","","T89/F8XD+","T",0,3,0,0,0,"F"
0,0,3,2,"..BCBC*BS","","","haysa001","K","T",1,0,0,0,3,"F"
0,1,2,2,"BBSFS","","","haysa001","K","T",1,0,0,0,3,"F"
0,2,0,0,"X","","","haysa001","S5/BG25-.3-H","T",0,1,0,0,4,"F"
0,2,0,1,"1SX","galvf001","","","8/L8S","T",1,0,1,0,0,"F"
1,0,3,1,"..SBBBB","","","","W","T",0,1,0,0,0,"F"
1,0,0,2,"CFS","nidot001","","","K","T",1,0,1,0,0,"F"
1,1,3,2,"...BBC*BFB","nidot001","","","W.1-2","T",0,1,2,0,0,"F"
1,1,0,1,"CX","lindf001","nidot001","","S8/L8S.2-H;1-2","T",0,1,2,4,0,"F"
1,1,0,0,"X","confm001","lindf001","","46(1)3/GDP/G4","T",2,0,0,2,0,"F"
0,0,2,2,".BFFFBFX","","","","7/F7","T",1,0,0,0,0,"F"
0,1,3,1,"FBBBB","","","","W","T",0,1,0,0,0,"F"
0,1,2,2,"SBBFX","sevep001","","","S8/L8S+.1-2","T",0,1,2,0,0,"F"
0,1,1,2,"FCBC","uriar001","sevep001","","K","T",1,0,1,2,0,"F"
0,2,1,0,"BX","uriar001","sevep001","","4(1)/FO/G6M.B-1","T",1,1,0,2,0,"F"
1,0,2,2,".BFBFFFFX","","","","S57/G56","T",0,1,0,0,0,"F"
1,0,0,0,"1X","pillk001","","","S9/G34.1-2","T",0,1,2,0,0,"F"
1,0,0,2,"LFS","villj001","pillk001","","K","T",1,0,1,2,0,"F"
1,1,2,0,"BBX","villj001","pillk001","","S8/L89D.2-H;1-3(E4/TH)","T",0,1,3,4,0,"F"
1,1,0,2,".CSFB","smitd008","","villj001","WP.1-2","F",0,0,2,0,3,"F"
1,1,2,2,".CSFB.FFBX","","smitd008","villj001","FC3/G3.3-H;B-1","T",0,1,0,2,4,"F"
0,0,2,2,"SBCBFS","","","","K","T",1,0,0,0,0,"T"
0,1,0,0,"X","","","","8/F78XD","T",1,0,0,0,0,"F"
0,2,0,0,"X","","","","D9/F9LD+","T",0,2,0,0,0,"F"
0,2,2,0,"BBX","","manct001","","13/G1","T",1,0,0,2,0,"F"
1,0,1,0,"BX","","","","9/F89","T",1,0,0,0,0,"F"
1,1,2,2,"BBSTX","","","","3/G3","T",1,0,0,0,0,"F"
1,2,3,2,"BBFFBX","","","","43/G4D","T",1,0,0,0,0,"F"
0,0,0,1,"CX","","","","3/G3","T",1,0,0,0,0,"F"
0,1,3,2,"CBCFBB*B","","","","W","T",0,1,0,0,0,"F"
0,1,3,0,"BBBB","franm004","","","W.1-2","T",0,1,2,0,0,"F"
0,1,0,1,"SX","ruizr002","franm004","","5/L56","T",1,0,1,2,0,"F"
0,2,1,2,"BCTC","ruizr002","franm004","","K","T",1,0,1,2,0,"F"
1,0,0,2,"CFX","","","","D9/L3D","T",0,2,0,0,0,"F"
1,0,1,1,"FBX","","alonp001","","S8/L8.2-3","T",0,1,0,3,0,"F"
1,0,0,0,"X","smitd008","","alonp001","T7/F78XD.3-H;1-H","T",0,3,4,0,4,"F"
1,0,0,0,"X","","","pillk001","S7/G56.3-H","T",0,1,0,0,4,"F"
1,0,0,1,"CX","peraj003","","","64(1)/FO/G56.B-1","T",1,1,0,0,0,"F"
1,1,1,2,"C1BOM","nidot001","","","K","T",1,0,1,0,0,"F"
1,2,3,2,"CBSFB*B>S","nidot001","","","K","T",1,0,1,0,0,"F"
0,0,3,1,"BBBCX","","","","7/L7","T",1,0,0,0,0,"F"
0,1,0,1,"CX","","","","9/L89D+","T",1,0,0,0,0,"F"
0,2,1,2,"BSFC","","","","K","T",1,0,0,0,0,"F"
1,0,2,1,"CBBX","","","","S9/L9L","T",0,1,0,0,0,"F"
1,0,2,2,"1B1F11BS1X","lindf001","","","7/F7","T",1,0,1,0,0,"F"
1,1,0,0,"1X","lindf001","","","9/F89D","T",1,0,1,0,0,"F"
1,2,1,1,"1CB1>C","lindf001","","","SB2","F",0,0,2,0,0,"F"
1,2,2,2,"1CB1>C.FBX","","lindf001","","S7/L78S.2-H","T",0,1,0,4,0,"F"
1,2,1,0,"BX","smitd008","","","3/P2F/FL","T",1,0,1,0,0,"F"
0,0,1,2,"BFSX","","","","43/G4+","T",1,0,0,0,0,"F"
0,1,1,2,"BCFFF*S","","","","K","T",1,0,0,0,0,"F"
0,2,0,0,"X","","","","53/G5","T",1,0,0,0,0,"F"
1,0,2,2,"FSBBC","","","","K","T",1,0,0,0,0,"F"
1,1,1,1,"CBX","","","","8/L8","T",1,0,0,0,0,"F"
1,2,0,2,"CCC","","","","K","T",1,0,0,0,0,"F"
0,0,0,2,"CSX","","","","7/F7LD","T",1,0,0,0,0,"F"
0,1,1,2,"CTBFX","","","","43/G34D","T",1,0,0,0,0,"F"
0,2,0,1,"CX","","","","8/F8","T",1,0,0,0,0,"F"
1,0,1,0,"BX","","","","S8/L8","T",0,1,0,0,0,"F"
1,0,0,1,"F111>*B","villj001","","","SB2","F",0,0,2,0,0,"F"
1,0,1,1,"F111>*B.X","","villj001","","8/F78XD.2-3","T",1,0,0,3,0,"F"
1,1,1,2,"FBFX","","","villj001","S8/G4M.3-H","T",0,1,0,0,4,"F"
1,1,3,2,"FBF*BBB","confm001","","","W.1-2","T",0,1,2,0,0,"F"
1,1,0,1,".SX","alonp001","confm001","","D9/L9LD.2-H;1-3","T",0,2,3,4,0,"F"
1,1,3,2,"CFBBFBS","","smitd008","alonp001","K","T",1,0,0,2,3,"F"
1,2,0,0,"X","","smitd008","alonp001","S56/G56.3-H;2-3","T",0,1,0,3,4,"F"
1,2,0,2,"CSFS","peraj003","","smitd008","K","T",1,0,1,0,3,"F"
0,0,1,1,"TBX","","","","S8/F89","T",0,1,0,0,0,"F"
0,0,1,0,"BX","mullc002","","","8/F8XD+","T",1,0,1,0,0,"F"
0,1,2,2,"CC*B*BX","mullc002","","","S1/G25.1-2","T",0,1,2,0,0,"F"
0,1,2,2,"FB*BSX","manct001","mullc002","","5(2)3/GDP/G5","T",2,0,1,0,0,"F"
1,0,0,2,".CCC","","","","K","T",1,0,0,0,0,"F"
1,1,2,2,"BSBFT","","","","K","T",1,0,0,0,0,"F"
1,2,2,1,"BBSX","","","","8/F8D","T",1,0,0,0,0,"F"
0,0,3,2,"BFCBBB","","","","W","T",0,1,0,0,0,"F"
0,0,1,2,"FFFBX","galvf001","","","8/L78D","T",1,0,1,0,0,"F"
0,1,0,1,"FX","galvf001","","","S8/G6.1-3","T",0,1,3,0,0,"F"
0,1,1,1,"CBX","ruizr002","","galvf001","3/G3S-.3-H;1-2","T",1,0,2,0,4,"F"
0,2,2,1,".BCBX","","ruizr002","","6/P4MD","T",1,0,0,2,0,"F"
1,0,1,1,".BCX","","","","5/P5F/FL","T",1,0,0,0,0,"F"
1,1,3,1,"BCBBB","","","","W","T",0,1,0,0,0,"F"
1,1,1,2,"BFCX","alonp001","","","7/F7D","T",1,0,1,0,0,"F"
1,2,1,1,"*BCX","alonp001","","","3/P3F/FL","T",1,0,1,0,0,"F"
0,0,3,0,".BBBB","","","","W","T",0,1,0,0,0,"F"
0,0,1,1,"BCX","mullc002","","","S4/P4MS.1-2","T",0,1,2,0,0,"F"
0,0,2,1,"BFBX","haysa001","mullc002","","53/G56.2-3;1-2","T",1,0,2,3,0,"F"
0,1,1,0,"BX","","haysa001","mullc002","53/G5","T",1,0,0,2,3,"F"
0,2,3,2,"BFSBBB","","haysa001","mullc002","W","T",0,1,0,2,3,"F"
0,2,0,0,"X","galvf001","haysa001","mullc002","4/L6M","T",1,0,1,2,3,"F"
1,0,0,1,"SX","","","","4/L4MD","T",1,0,0,0,0,"F"
1,1,0,0,"X","","","","63/G6","T",1,0,0,0,0,"F"
1,2,0,2,".FFX","","","","8/F78","T",1,0,0,0,0,"F"
0,0,2,1,".SBBX","","","","8/F8","T",1,0,0,0,0,"F"
0,1,1,1,"BCX","","","","7/F7S","T",1,0,0,0,0,"F"
0,2,1,2,".SBFFS","","","","K","T",1,0,0,0,0,"F"
0,0,1,2,"CSBC","","","","K","T",1,0,0,0,0,"T"
0,1,1,2,"CBFX","","","","E5/G56.B-1","T",0,1,0,0,0,"F"
0,1,2,2,"11CBFBX","stort001","","","46(1)/FO/G34.B-1","T",1,1,0,0,0,"F"
0,2,0,2,"CFF11X","blacc001","","","9/F9L","T",1,0,1,0,0,"F"
1,0,2,1,"CBBX","","","","9/F9","T",1,0,0,0,0,"F"
1,1,2,2,"CBBFS","","","","K","T",1,0,0,0,0,"F"
1,2,3,1,"BBBCX","","","","9/F9D+","T",1,0,0,0,0,"F"
0,0,1,0,"BX","","","","HR/F9D","T",0,4,0,0,0,"F"
0,0,1,0,"BX","","","","31/G4","T",1,0,0,0,0,"F"
0,1,3,2,"BCSBBX","","","","63/G56","T",1,0,0,0,0,"F"
0,2,0,1,"CX","","","","HR/F7LD","T",0,4,0,0,0,"F"
0,2,0,2,"FC*S","","","","K","T",1,0,0,0,0,"F"
1,0,1,1,"BSX","","","","43/G4D","T",1,0,0,0,0,"F"
1,1,0,1,"FX","","","","53/G56","T",1,0,0,0,0,"F"
1,2,2,1,"CBBX","","","","63/G6","T",1,0,0,0,0,"F"
0,0,3,2,"CBBBF*S","","","","K","T",1,0,0,0,0,"F"
0,1,1,1,"FBX","","","","7/F78XD+","T",1,0,0,0,0,"F"
0,2,2,1,"CBBX","","","","S9/L89S+","T",0,1,0,0,0,"F"
0,2,2,2,"1BBFFX","blacc001","","","63/G6","T",1,0,1,0,0,"F"
1,0,2,2,"CBFBS","","","","K","T",1,0,0,0,0,"F"
1,1,3,2,"BBCBFFFX","","","","5/P5F/FL","T",1,0,0,0,0,"F"
1,2,0,2,"CC*S","","","","K","T",1,0,0,0,0,"F"
0,0,3,1,"BBCBB","","","","W","T",0,1,0,0,0,"F"
0,0,2,2,"CSB+1BX","mcmar001","","","46(1)/FO/G4.B-1","T",1,1,0,0,0,"F"
0,1,0,1,"CX","fuenj001","","","T9/F89XD+.1-H","T",0,3,4,0,0,"F"
0,1,3,0,"BBBB","","","hampg001","W","T",0,1,0,0,3,"F"
0,1,0,0,"X","diaze005","","hampg001","14/SH/BG1S-.1-2","T",1,0,2,0,3,"F"
0,2,0,2,"SSX","","diaze005","hampg001","13/G1S","T",1,0,0,2,3,"F"
1,0,2,0,"BBX","","","","S7/G56+","T",0,1,0,0,0,"F"
1,0,1,1,"BSX","villj001","","","64(1)3/GDP/G6MS","T",2,0,0,0,0,"F"
1,2,1,2,"CBSX","","","","9/F89","T",1,0,0,0,0,"F"
0,0,0,0,"..X","","","","S7/L7S","T",0,1,0,0,0,"F"
0,0,1,1,"BF1X","stort001","","","9/L9","T",1,0,1,0,0,"F"
0,1,2,0,"BBX","stort001","","","9/F9D","T",1,0,1,0,0,"F"
0,2,1,2,"BSS1","stort001","","","POCS2(136)","F",1,0,0,0,0,"F"
1,0,0,2,"CFS","","","","K","T",1,0,0,0,0,"F"
1,1,1,2,"F.BFX","","","","43/G4MD","T",1,0,0,0,0,"F"
1,2,0,1,"CX","","","","63/G6M","T",1,0,0,0,0,"F"
0,0,2,0,"BBX","","","","63/G4M","T",1,0,0,0,0,"F"
0,1,3,0,"BBBB","","","","W","T",0,1,0,0,0,"F"
0,1,1,0,"BX","fuenj001","","","46(1)3/GDP/G34","T",2,0,0,0,0,"F"
1,0,2,1,"SBBX","","","","63/G6","T",1,0,0,0,0,"F"
1,1,0,2,"CCS","","","","K","T",1,0,0,0,0,"F"
1,2,0,1,".CX","","","","7/L78","T",1,0,0,0,0,"F"
0,0,3,2,".SBBSB*B","","","","W","T",0,1,0,0,0,"F"
0,0,0,0,"X","diaze005","","","13/SH/BG2.1-2","T",1,0,2,0,0,"F"
0,1,1,1,"BC*B","","diaze005","","OA.2X3(25)","F",1,0,0,0,0,"F"
0,2,2,1,"BC*B.X","","","","53/G5","T",1,0,0,0,0,"F"
1,0,1,2,"BSTFX","","","","53/G56","T",1,0,0,0,0,"F"
1,1,2,0,"BBX","","","","5/L5","T",1,0,0,0,0,"F"
1,2,2,2,"BCSFBX","","","","HR/F78XD","T",0,4,0,0,0,"F"
1,2,1,2,"BCSS","","","","K","T",1,0,0,0,0,"F"
0,0,1,2,"CBSX","","","","9/F9LD","T",1,0,0,0,0,"F"
0,1,0,0,"X","","","","8/F8","T",1,0,0,0,0,"F"
0,2,3,1,"BCBBB","","","","W","T",0,1,0,0,0,"F"
0,2,2,2,".CFB11B>X","dazay001","","","1/G34S","T",1,0,1,0,0,"F"
1,0,0,2,"....CSS","","","","K","T",1,0,0,0,0,"F"
1,1,1,2,"SBCX","","","","53/G56","T",1,0,0,0,0,"F"
1,2,2,2,"CFBBS","","","","K","T",1,0,0,0,0,"F"
0,0,3,2,".CBFBFBFFS","","","","K","T",1,0,0,0,0,"F"
0,1,3,2,"BCBBCB","","","","W","T",0,1,0,0,0,"F"
0,1,0,0,"11>C","hampg001","","","CS2(24)","F",1,0,0,0,0,"F"
0,2,0,2,"11>C.SC","","","","K","T",1,0,0,0,0,"F"
1,0,1,0,".BX","","","","HR/F7LD","T",0,4,0,0,0,"F"
1,0,1,2,".BFCX","","","","S9/L89S","T",0,1,0,0,0,"F"
1,0,2,2,".*BBSCC","mazep001","","","K","T",1,0,1,0,0,"F"
1,1,0,2,"SFX","mazep001","","","7/F7D","T",1,0,1,0,0,"F"
1,2,1,0,"*BS","mazep001","","","WP.1-2","F",0,0,2,0,0,"F"
1,2,1,2,"*BS.SS","","mazep001","","K","T",1,0,0,2,0,"F"
0,0,0,0,"X","","","","63/G6M+","T",1,0,0,0,0,"T"
0,1,3,2,"BSBFBX","","","","9/F9D","T",1,0,0,0,0,"F"
0,2,0,0,"X","","","","31/G34","T",1,0,0,0,0,"F"
1,0,1,0,"BX","","","","S7/G56+","T",0,1,0,0,0,"F"
1,0,3,2,"FLBB1B>B","villj001","","","W.1-2","T",0,1,2,0,0,"F"
1,0,3,2,"BFSB*B>C","lindf001","villj001","","K+SB3;SB2","T",1,0,2,3,0,"F"
1,1,2,2,"CBBSX","","lindf001","villj001","63/G6.3-H","T",1,0,0,2,4,"F"
1,2,1,2,"BCFC","","lindf001","","K","T",1,0,0,2,0,"F"
0,0,0,2,"CC*S","","","","K","T",1,0,0,0,0,"F"
0,1,1,1,"FBX","","","","HR/L78XD","T",0,4,0,0,0,"F"
0,1,2,0,"BBX","","","","S9/G4+","T",0,1,0,0,0,"F"
0,1,1,1,"CBX","rodgb002","","","9/L9","T",1,0,1,0,0,"F"
0,2,2,2,"BCBSC","rodgb002","","","K","T",1,0,1,0,0,"F"
1,0,3,2,"BSBBCFX","","","","7/F7LD","T",1,0,0,0,0,"F"
1,1,2,2,"CFBBC","","","","K","T",1,0,0,0,0,"F"
1,2,0,0,"H","","","","HP","T",0,1,0,0,0,"F"
1,2,2,2,"1CSBBS","maybc001","","","K","T",1,0,1,0,0,"F"
0,0,0,2,"CSS","","","","K","T",1,0,0,0,0,"F"
0,1,0,2,"CFS","","","","K","T",1,0,0,0,0,"F"
0,2,0,0,"X","","","","53/G5","T",1,0,0,0,0,"F"
1,0,1,0,"BX","","","","D8/L8D+","T",0,2,0,0,0,"F"
1,0,2,2,"BFFBC","","villj001","","K","T",1,0,0,2,0,"F"
1,1,1,0,"B>C","","villj001","","CS3(25)","F",1,0,0,0,0,"F"
1,2,3,1,"B>C.BBX","","","","S7/G56+","T",0,1,0,0,0,"F"
1,2,3,1,"FBBBB","drurb001","","","W.1-2","T",0,1,2,0,0,"F"
1,2,3,1,"BBSBB","mccaj001","drurb001","","W.2-3;1-2","T",0,1,2,3,0,"F"
1,2,0,0,"X","smitd008","mccaj001","drurb001","5(2)/FO/G5.B-1","T",1,1,1,0,3,"F"
0,0,1,2,"CCBX","","","","53/G6+","T",1,0,0,0,0,"F"
0,1,3,2,"BBCCBS","","","","K","T",1,0,0,0,0,"F"
0,2,0,2,"FSS","","","","K","T",1,0,0,0,0,"F"
1,0,1,1,"CBX","","","","4/F4MD","T",1,0,0,0,0,"F"
1,1,1,1,"BCX","","","","53/G6","T",1,0,0,0,0,"F"
1,2,1,2,"SFBX","","","","S9/L3D.BX2(96)","T",1,0,0,0,0,"F"
0,0,2,2,"BCFBX","","","","S9/G3+","T",0,1,0,0,0,"F"
0,0,1,2,"MFBC","rodgb002","","","K","T",1,0,1,0,0,"F"
0,1,1,2,"CBSS","rodgb002","","","K","T",1,0,1,0,0,"F"
0,2,2,2,".BSBCC","rodgb002","","","K","T",1,0,1,0,0,"F"
1,0,3,2,".FBFBBB","","","","W","T",0,1,0,0,0,"F"
1,0,0,2,"FF11F>P","villj001","","","CS2(26)","F",1,0,0,0,0,"F"
1,1,1,2,"FF11F>P.X","","","","3/G3","T",1,0,0,0,0,"F"
1,2,0,2,"FFC","","","","K","T",1,0,0,0,0,"F"
0,0,1,2,".BFCS","","","","K","T",1,0,0,0,0,"F"
0,1,3,2,"BBCBSX","","","","53/G5","T",1,0,0,0,0,"F"
0,2,3,0,"BBBB","","","","W","T",0,1,0,0,0,"F"
0,2,0,2,"CCS","blacc001","","","K","T",1,0,1,0,0,"F"
1,0,0,1,"CX","","","","8/L89D+","T",1,0,0,0,0,"F"
1,1,1,1,"BSX","","","","S7/G6S","T",0,1,0,0,0,"F"
1,1,1,2,"CSBX","smitd008","","","HR/L78XD+.1-H","T",0,4,4,0,0,"F"
1,1,2,1,"CBBX","","","","8/F89D","T",1,0,0,0,0,"F"
1,2,2,1,"CBBX","","","","9/F9L","T",1,0,0,0,0,"F"
0,0,1,2,"SBSX","","","","3/G3","T",1,0,0,0,0,"F"
0,1,2,2,"CBCBT","","","","K","T",1,0,0,0,0,"F"
0,2,1,2,"CBFC","","","","K","T",1,0,0,0,0,"F"
1,0,2,2,".FCBFBFX","","","","S8/L78","T",0,1,0,0,0,"F"
1,0,1,2,"CCFBFX","mazep001","","","7/F78D","T",1,0,1,0,0,"F"
1,1,0,2,".CSS","mazep001","","","K","T",1,0,1,0,0,"F"
1,2,2,2,"S*BBCX","mazep001","","","64(1)/FO/G6.B-1","T",1,1,0,0,0,"F"
0,0,3,2,"..BCBSFBFB","","","","W","T",0,1,0,0,0,"F"
0,0,0,2,".SSFX","nuned001","","","64(1)/FO/G6.B-1","T",1,1,0,0,0,"F"
0,1,1,2,"BCFX","fuenj001","","","43/G4.1-2","T",1,0,2,0,0,"F"
0,2,0,1,"CX","","fuenj001","","23/G2-","T",1,0,0,2,0,"F"
1,0,3,2,".BBCSFFFBX","","","","53/G56S","T",1,0,0,0,0,"F"
1,1,0,0,"X","","","","S5/G5S-","T",0,1,0,0,0,"F"
1,1,0,2,"SFFC","smitd008","","","K","T",1,0,1,0,0,"F"
1,2,0,2,"CCX","smitd008","","","S9/G4.1-3","T",0,1,3,0,0,"F"
1,2,3,0,"BBBB","peraj003","","smitd008","W.1-2","T",0,1,2,0,3,"F"
1,2,3,2,"BBCS*B>S","maybc001","peraj003","smitd008","K","T",1,0,1,2,3,"F"
0,0,0,2,".CCS","","","","K","T",1,0,0,0,0,"F"
0,1,3,1,"BFBBB","","","","W","T",0,1,0,0,0,"F"
0,1,3,2,"SCFBBBS","cronc002","","","K","T",1,0,1,0,0,"F"
0,2,1,2,"CFBF>C","cronc002","","","K","T",1,0,1,0,0,"F"
0,0,2,2,"BBCFX","","","","3/G3","T",1,0,0,0,0,"T"
0,1,1,2,"CSBX","","","","S7/G6","T",0,1,0,0,0,"F"
0,1,3,2,"BFCBB>S","mcmar001","","","K+SB2","T",1,0,2,0,0,"F"
0,2,0,2,"CSFX","","mcmar001","","3/G3","T",1,0,0,2,0,"F"
1,0,2,2,"BBTSX","","","","S9/L9LS+","T",0,1,0,0,0,"F"
1,0,0,0,"X","villj001","","","36(1)3/GDP/G34S","T",2,0,0,0,0,"F"
1,2,1,2,"CBSS","","","","K","T",1,0,0,0,0,"F"
0,0,0,2,"CSS","","","","K","T",1,0,0,0,0,"F"
0,1,3,1,"BBBC*B","","","","W","T",0,1,0,0,0,"F"
0,1,2,2,"1BBCCX","rodgb002","","","64(1)/FO/G6M.B-1","T",1,1,0,0,0,"F"
0,2,2,0,"1BBX","hampg001","","","41/G34D","T",1,0,1,0,0,"F"
1,0,1,2,"CBFX","","","","3/G3","T",1,0,0,0,0,"F"
1,1,0,2,"SFS","","","","K","T",1,0,0,0,0,"F"
1,2,1,2,"CFFB*S","","","","K","T",1,0,0,0,0,"F"
0,0,0,1,"CX","","","","6/L6D","T",1,0,0,0,0,"F"
0,1,1,2,"BCFX","","","","31/G4","T",1,0,0,0,0,"F"
0,2,1,2,"CBSX","","","","7/F7S","T",1,0,0,0,0,"F"
1,0,0,0,"X","","","","HR/F7D","T",0,4,0,0,0,"F"
1,0,0,2,"FLFS","","","","K","T",1,0,0,0,0,"F"
1,1,1,2,"TTBS","","","","K","T",1,0,0,0,0,"F"
1,2,3,1,"BBBCB","","","","W","T",0,1,0,0,0,"F"
1,2,0,0,"1X","villj001","","","53/BG15","T",1,0,1,0,0,"F"
0,0,0,0,"X","","","","63/G56+","T",1,0,0,0,0,"F"
0,1,1,1,"BSX","","","","8/F8XD+","T",1,0,0,0,0,"F"
0,2,3,1,"BCBBB","","","","W","T",0,1,0,0,0,"F"
0,2,0,0,"B","fuenj001","","","WP.1-2","F",0,0,2,0,0,"F"
0,2,3,2,"B.BCFFF*BX","","fuenj001","","53/G56","T",1,0,0,2,0,"F"
1,0,2,1,"BBSX","","","","53/G56","T",1,0,0,0,0,"F"
1,1,0,0,"X","","","","7/L78","T",1,0,0,0,0,"F"
1,2,1,0,"BX","","","","S8/L4MD","T",0,1,0,0,0,"F"
1,2,0,2,"CCX","nidot001","","","5/P5F/FL","T",1,0,1,0,0,"F"
0,0,0,1,"CX","","","","13/BG25-","T",1,0,0,0,0,"F"
0,1,0,1,"FX","","","","63/G4","T",1,0,0,0,0,"F"
0,2,0,1,"FX","","","","S7/L56D","T",0,1,0,0,0,"F"
0,2,1,1,"F*BX","marqg001","","","43/G34D","T",1,0,1,0,0,"F"
1,0,0,1,"CX","","","","8/F89D","T",1,0,0,0,0,"F"
1,1,0,1,"CX","","","","53/G5","T",1,0,0,0,0,"F"
1,2,0,0,"X","","","","8/F89D","T",1,0,0,0,0,"F"
0,0,2,2,"CBBFS","","","","K","T",1,0,0,0,0,"F"
0,1,1,2,"CSBX","","","","S8/F8S","T",0,1,0,0,0,"F"
0,1,3,1,"FB*B*BX","stort001","","","8/L8D","T",1,0,1,0,0,"F"
0,2,1,2,"T1SFB>X","stort001","","","9/F9L","T",1,0,1,0,0,"F"
1,0,2,2,"CBSBS","","","","K","T",1,0,0,0,0,"F"
1,1,0,0,"X","","","","13/G4MS+","T",1,0,0,0,0,"F"
1,2,1,2,"SFBX","","","","8/F8D","T",1,0,0,0,0,"F"
0,0,1,2,"...FBSX","","","","43/G4","T",1,0,0,0,0,"F"
0,1,2,1,"BSBX","","","","53/G56","T",1,0,0,0,0,"F"
0,2,1,2,"BFCS","","","","K","T",1,0,0,0,0,"F"
0,0,3,2,"BBCBCB","","","","W","T",0,1,0,0,0,"T"
0,0,3,2,"1F1BFBBF*B","hampg001","","","W.1-2","T",0,1,2,0,0,"F"
0,0,0,2,"CSX","stort001","hampg001","","4/L4D","T",1,0,1,2,0,"F"
0,1,2,2,"CCBBF>S","stort001","hampg001","","K+SB3;SB2","T",1,0,2,3,0,"F"
0,2,3,2,"CB*BBFX","","stort001","hampg001","9/F9LD","T",1,0,0,2,3,"F"
1,0,3,1,"BBBCB","","","","W","T",0,1,0,0,0,"F"
1,0,2,2,"CBFBF1X","villj001","","","S67/L6.1-3","T",0,1,3,0,0,"F"
1,0,2,2,"CBFBFFX","lindf001","","villj001","46(1)3/GDP/G1S.3-H(NR)","T",2,0,0,0,4,"F"
1,2,2,2,"CCBBX","","","","43/G4","T",1,0,0,0,0,"F"
0,0,2,1,"BCBX","","","","63/G6","T",1,0,0,0,0,"F"
0,1,1,1,"CBX","","","","3/L34","T",1,0,0,0,0,"F"
0,2,1,2,"FSBX","","","","43/G4S","T",1,0,0,0,0,"F"
1,0,3,2,"BCBFBS","","","","K","T",1,0,0,0,0,"F"
1,1,1,0,"BX","","","","5/P6S","T",1,0,0,0,0,"F"
1,2,1,2,"CBFX","","","","13/G4MS","T",1,0,0,0,0,"F"
0,0,1,2,"BCSS","","","","K","T",1,0,0,0,0,"F"
0,1,2,2,"BSFBX","","","","8/F89XD","T",1,0,0,0,0,"F"
0,2,1,1,"FBX","","","","9/F9D","T",1,0,0,0,0,"F"
1,0,1,1,"CBX","","","","63/G6","T",1,0,0,0,0,"F"
1,1,2,1,"BBCX","","","","43/G4S","T",1,0,0,0,0,"F"
1,2,0,0,"X","","","","S7/G5+.BX2(74)","T",1,0,0,0,0,"F"
0,0,0,1,"CX","","","","S8/G4M","T",0,1,0,0,0,"F"
0,0,2,2,"1BC1BSF1","mcmar001","","","POCS2(134)","F",1,0,0,0,0,"F"
0,1,2,2,"1BC1BSF1.X","","","","S9/G34","T",0,1,0,0,0,"F"
0,1,3,1,"B*BFBX","cronc002","","","9/F89D","T",1,0,1,0,0,"F"
0,2,1,0,"BB","cronc002","","","WP.1-2","F",0,0,2,0,0,"F"
0,2,3,2,"BB.BCSB","","cronc002","","W","T",0,1,0,2,0,"F"
0,2,1,2,".CFFBX","dazay001","cronc002","","S8/G4.2-H;1-3","T",0,1,3,4,0,"F"
0,2,0,0,"X","joe-c001","","dazay001","9/F9LS","T",1,0,1,0,3,"F"
1,0,2,2,"....CBBFS","","","","K","T",1,0,0,0,0,"F"
1,1,2,0,"BBX","","","","D9/F9LD","T",0,2,0,0,0,"F"
1,1,0,1,"FH","","mckib001","","HP","T",0,1,0,2,0,"F"
1,1,3,0,"BBBB","smitd008","mckib001","","W.2-3;1-2","T",0,1,2,3,0,"F"
1,1,1,2,"BSFC","mccaj001","smitd008","mckib001","K","T",1,0,1,2,3,"F"
1,2,0,0,"X","mccaj001","smitd008","mckib001","S7/G56.3-H;2-3;1-2","T",0,1,2,3,4,"F"
1,2,2,2,"CFBBX","peraj003","mccaj001","smitd008","64(1)/FO/G6D.B-1","T",1,1,0,2,3,"F"
0,0,2,2,"..BCFBFS","","","","K","T",1,0,0,0,0,"F"
0,1,1,1,"CBX","","","","D9/L9L","T",0,2,0,0,0,"F"
0,1,0,2,"FFFFS","","hampg001","","K","T",1,0,0,2,0,"F"
0,2,1,1,"FBX","","hampg001","","7/L7+","T",1,0,0,2,0,"F"
1,0,2,2,"..CTBBS","","","","K","T",1,0,0,0,0,"F"
1,1,1,1,"CBX","","","","3/G3","T",1,0,0,0,0,"F"
1,2,1,0,"BX","","","","8/F8","T",1,0,0,0,0,"F"
0,0,1,1,".BCX","","","","53/G56","T",1,0,0,0,0,"F"
0,1,0,2,"CSFX","","","","S8/G6M","T",0,1,0,0,0,"F"
0,1,1,2,"C1FB1S","rodgb002","","","K","T",1,0,1,0,0,"F"
0,2,2,0,"B1BX","rodgb002","","","53/G56","T",1,0,1,0,0,"F"
1,0,3,2,".BCBBTB","","","","W","T",0,1,0,0,0,"F"
1,0,2,0,"B*BX","mckib001","","","4/P3F/FL","T",1,0,1,0,0,"F"
1,1,0,0,"X","mckib001","","","D7/L7LS.1-3","T",0,2,3,0,0,"F"
1,1,0,0,"H","","mccaj001","mckib001","HP","T",0,1,0,2,3,"F"
1,1,3,0,".*BB*BB","lee-k001","mccaj001","mckib001","W.3-H;2-3;1-2","T",0,1,2,3,4,"F"
1,1,2,2,"FFFBBX","peraj003","lee-k001","mccaj001","562(3)/FO/G56.2-3;1-2;B-1","T",1,1,2,3,0,"F"
1,2,3,2,".*BFBSFFB>B","maybc001","peraj003","lee-k001","W.3-H;2-3;1-2","T",0,1,2,3,4,"F"
1,2,2,2,".FFBFFBS","drurb001","maybc001","peraj003","K","T",1,0,1,2,3,"F"
0,0,0,0,"....X","","","","13/G25","T",1,0,0,0,0,"F"
0,1,0,2,".CSH","","","","HP","T",0,1,0,0,0,"F"
0,1,3,2,"BBCFBFC","blacc001","","","K","T",1,0,1,0,0,"F"
0,2,1,0,"B>S","blacc001","","","DI.1-2","F",0,0,2,0,0,"F"
0,2,1,1,"B>S.X","","blacc001","","S9/L9L.2-H","T",0,1,0,4,0,"F"
0,2,1,1,".CB>X","tapir001","","","7/F7","T",1,0,1,0,0,"F"
0,0,3,2,"CFBBFBX","","","","S8/G4M+","T",0,1,0,0,0,"T"
0,0,2,2,"11SB1B>FS","acunr001","","","K","T",1,0,1,0,0,"F"
0,1,1,0,"B1>B","acunr001","","","CS2(26)","F",1,0,0,0,0,"F"
0,2,2,2,"B1>B.CST","","","","K","T",1,0,0,0,0,"F"
1,0,1,2,"FLBS","","","","K","T",1,0,0,0,0,"F"
1,1,3,2,"BCSFBBC","","","","K","T",1,0,0,0,0,"F"
1,2,2,1,"BSBX","","","","HR/F9D","T",0,4,0,0,0,"F"
1,2,3,2,"BFFBFBX","","","","3/L3D","T",1,0,0,0,0,"F"
0,0,1,0,"BX","","","","S7/L7LS","T",0,1,0,0,0,"F"
0,0,2,2,"BSCBX","rilea001","","","7/F78D","T",1,0,1,0,0,"F"
0,1,2,2,"TBCFBFS","rilea001","","","K","T",1,0,1,0,0,"F"
0,2,2,2,"CBFF*BFX","rilea001","","","5/L5+","T",1,0,1,0,0,"F"
1,0,2,2,"FBBF*S","","","","K","T",1,0,0,0,0,"F"
1,1,2,2,"CBBFS","","","","K","T",1,0,0,0,0,"F"
1,2,1,1,"CBX","","","","S8/F8S","T",0,1,0,0,0,"F"
1,2,1,2,"CCF*BFH","peraj003","","","HP.1-2","T",0,1,2,0,0,"F"
1,2,3,2,"CB*BBC>B","maybc001","peraj003","","W.2-3;1-2","T",0,1,2,3,0,"F"
1,2,3,1,"B*BCBX","walkt004","maybc001","peraj003","9/F9D+","T",1,0,1,2,3,"F"
0,0,2,2,"CSFBBFT","","","","K","T",1,0,0,0,0,"F"
0,1,1,2,"CBFX","","","","43/G34+","T",1,0,0,0,0,"F"
0,2,3,2,"CBBBCC","","","","K","T",1,0,0,0,0,"F"
1,0,0,2,"CLX","","","","63/G6","T",1,0,0,0,0,"F"
1,1,0,1,"CX","","","","D8/L8XD+.B-3(E8)","T",0,3,0,0,0,"F"
1,1,2,2,"*BFBSFX","","","mccaj001","S8/G6M.3-H","T",0,1,0,0,4,"F"
1,1,2,2,"SBFBS","smitd008","","","K","T",1,0,1,0,0,"F"
1,2,1,1,"CBX","smitd008","","","7/F78S","T",1,0,1,0,0,"F"
0,0,0,2,"CCS","","","","K","T",1,0,0,0,0,"F"
0,1,3,1,"BBTBB","","","","W","T",0,1,0,0,0,"F"
0,1,0,2,"CF1X","albio001","","","4(1)3/GDP/G4","T",2,0,0,0,0,"F"
1,0,0,0,"X","","","","8/F8","T",1,0,0,0,0,"F"
1,1,0,1,"CX","","","","9/L9LD","T",1,0,0,0,0,"F"
1,2,1,2,"BCCC","","","","K","T",1,0,0,0,0,"F"
0,0,0,1,"CX","","","","3/P3F/FL","T",1,0,0,0,0,"F"
0,1,3,2,"CCFBFBBS","","","","K","T",1,0,0,0,0,"F"
0,2,1,2,"SCBC","","","","K","T",1,0,0,0,0,"F"
1,0,0,1,"CX","","","","HR/F8XD","T",0,4,0,0,0,"F"
1,0,2,1,"BBSX","","","","S1/BG2-","T",0,1,0,0,0,"F"
1,0,1,1,"1C*B1X","lindf001","","","S8/G4.1-3","T",0,1,3,0,0,"F"
1,0,0,2,".FSC","mccaj001","","lindf001","K","T",1,0,1,0,3,"F"
1,1,2,0,"B*BX","mccaj001","","lindf001","54(1)/FO/G56.3-H;B-1","T",1,1,0,0,4,"F"
1,2,1,2,"FFBC","nidot001","","","K","T",1,0,1,0,0,"F"
0,0,2,2,".BBCCFX","","","","D7/L7LS","T",0,2,0,0,0,"F"
0,0,2,1,".*BSBX","","hereg002","","63/G4.2-3","T",1,0,0,3,0,"F"
0,1,3,2,"SB*BBCS","","","hereg002","K","T",1,0,0,0,3,"F"
0,2,3,2,"BSBBCB","","","hereg002","W+WP.3-H(NR)","T",0,1,0,0,4,"F"
0,2,0,0,"X","freef001","","","7/F7S","T",1,0,1,0,0,"F"
1,0,2,0,".BBX","","","","53/G5","T",1,0,0,0,0,"F"
1,1,1,0,"BX","","","","S5/G56S-","T",0,1,0,0,0,"F"
1,1,0,1,".1C1>X","maybc001","","","HR/F7LD.1-H","T",0,4,4,0,0,"F"
1,1,3,2,"CFBBBFB","","","","W","T",0,1,0,0,0,"F"
1,1,1,0,"BX","villj001","","","E3/G3.1-2;B-1","T",0,1,2,0,0,"F"
1,1,0,1,"FX","lindf001","villj001","","S7/G56.2-H;1-3","T",0,1,3,4,0,"F"
1,1,2,2,".SS*BFBS","mccaj001","","lindf001","K","T",1,0,1,0,3,"F"
1,2,2,2,"BBSCX","mccaj001","","lindf001","S7/G56.3-H(UR);1-2","T",0,1,2,0,5,"F"
1,2,3,1,"B*BSBX","nidot001","mccaj001","","HR/F9LD.2-H(UR);1-H(TUR);B-H(TUR)","T",0,6,6,5,0,"F"
1,2,0,1,"FX","","","","43/G6M","T",1,0,0,0,0,"F"
0,0,3,2,"..CBBCBB","","","","W","T",0,1,0,0,0,"F"
0,0,2,2,"BBCFX","rilea001","","","S7/L56D.1-2","T",0,1,2,0,0,"F"
0,0,0,0,"X","swand001","rilea001","","56(1)3/GDP/G56S.2-3","T",2,0,0,3,0,"F"
0,2,1,1,"*BFX","","","rilea001","43/G6MD","T",1,0,0,0,3,"F"
1,0,3,1,".CBBBB","","","","W","T",0,1,0,0,0,"F"
1,0,3,2,"BBBCFS","maybc001","","","K","T",1,0,1,0,0,"F"
1,1,2,1,"B*BCX","maybc001","","","7/F7D","T",1,0,1,0,0,"F"
1,2,2,2,"CBFBX","maybc001","","","HR/F89XD.1-H","T",0,4,4,0,0,"F"
1,2,1,2,"...BCFS","","","","K","T",1,0,0,0,0,"F"
0,0,3,0,"..BBBB","","","","W","T",0,1,0,0,0,"F"
0,0,1,2,"CBFT","hereg002","","","K","T",1,0,1,0,0,"F"
0,1,3,2,"BCBSFBS","hereg002","","","K","T",1,0,1,0,0,"F"
0,2,3,0,"BBBB","hereg002","","","W.1-2","T",0,1,2,0,0,"F"
0,2,2,1,"BBCX","sandp001","hereg002","","S9/L89S.2-H;1-2","T",0,1,2,4,0,"F"
0,2,0,2,"FSFX","albio001","sandp001","","5/P5S","T",1,0,1,2,0,"F"
1,0,2,2,"SBBSS","","","","K","T",1,0,0,0,0,"F"
1,1,1,0,"BX","","","","7/F78D","T",1,0,0,0,0,"F"
1,2,3,2,"CBBBCX","","","","53/G4","T",1,0,0,0,0,"F"
0,0,3,1,".BBBCX","","","","8/F8D+","T",1,0,0,0,0,"F"
0,1,1,2,".CBCS","","","","K","T",1,0,0,0,0,"F"
0,2,3,2,"BBSFFBS","","","","K","T",1,0,0,0,0,"F"
0,0,1,2,"FFBFS","","","","K","T",1,0,0,0,0,"T"
0,1,3,2,"BBFFBS","","","","K","T",1,0,0,0,0,"F"
0,2,0,0,"X","","","","6/P6MD","T",1,0,0,0,0,"F"
1,0,2,2,"TBCBX","","","","S1/G25","T",0,1,0,0,0,"F"
1,0,1,1,"BCX","villj001","","","54(1)3/GDP/G56+","T",2,0,0,0,0,"F"
1,2,2,2,"BFFFB*S","","","","K","T",1,0,0,0,0,"F"
0,0,1,2,"CSBX","","","","8/F8XD","T",1,0,0,0,0,"F"
0,1,3,2,"SSBBBS","","","","K","T",1,0,0,0,0,"F"
0,2,0,2,"CFX","","","","6/P6MS","T",1,0,0,0,0,"F"
1,0,1,2,"CSBX","","","","9/F9D","T",1,0,0,0,0,"F"
1,1,1,2,"CBFS","","","","K","T",1,0,0,0,0,"F"
1,2,3,2,"BFBBFC","","","","K","T",1,0,0,0,0,"F"
0,0,0,2,"FSS","","","","K","T",1,0,0,0,0,"F"
0,1,2,0,"BBX","","","","6/L6MD","T",1,0,0,0,0,"F"
0,2,1,2,"BFTS","","","","K","T",1,0,0,0,0,"F"
1,0,3,2,"BBCBCC","","","","K","T",1,0,0,0,0,"F"
1,1,0,0,"X","","","","4/L4","T",1,0,0,0,0,"F"
1,2,1,1,"BTX","","","","3/G3","T",1,0,0,0,0,"F"
0,0,2,2,"BCFBFFS","","","","K","T",1,0,0,0,0,"F"
0,1,1,2,"BSSS","","","","K","T",1,0,0,0,0,"F"
0,2,2,2,"CSBBFFS","","","","K","T",1,0,0,0,0,"F"
1,0,0,1,"FX","","","","S7/L7","T",0,1,0,0,0,"F"
1,0,2,1,"1B1FB>B","villj001","","","SB2","F",0,0,2,0,0,"F"
1,0,3,1,"1B1FB>B.X","","villj001","","7/F78","T",1,0,0,2,0,"F"
1,1,3,2,"SBB*SBB","","villj001","","W","T",0,1,0,2,0,"F"
1,1,3,0,"BBBB","mccaj001","villj001","","W.2-3;1-2","T",0,1,2,3,0,"F"
1,1,0,0,"X","alonp001","mccaj001","villj001","12(3)3/GDP/G4MS","T",2,0,1,2,0,"F"
0,0,2,1,"BSBX","","","","43/G4MD+","T",1,0,0,0,0,"F"
0,1,3,2,"BCBBFFX","","","","S9/G4","T",0,1,0,0,0,"F"
0,1,1,0,"B>B","myerw001","","","CS2(26)","F",1,0,0,0,0,"F"
0,2,2,0,"B>B.X","","","","5/P2F/FL","T",1,0,0,0,0,"F"
1,0,1,1,"CBX","","","","D7/L7D","T",0,2,0,0,0,"F"
1,0,0,0,"X","","pillk001","","D4/G3.2-H","T",0,2,0,4,0,"F"
1,0,3,2,"FFB*BF*B*B","","mckib001","","W","T",0,1,0,2,0,"F"
1,0,0,1,"SN","peraj003","mckib001","","BK.2-3;1-2","F",0,0,2,3,0,"F"
1,0,1,2,"SN.BFX","","peraj003","mckib001","S7/L78.3-H;2-H","T",0,1,0,4,4,"F"
1,0,1,1,".FBX","degrj001","","","7/F7","T",1,0,1,0,0,"F"
1,1,2,2,"BFBFX","degrj001","","","8/L8","T",1,0,1,0,0,"F"
1,2,0,0,"C","degrj001","","","PB.1-2","F",0,0,2,0,0,"F"
1,2,0,1,"C.H","","degrj001","","HP","T",0,1,0,2,0,"F"
1,2,1,0,"*BX","mccaj001","degrj001","","63/G6","T",1,0,1,2,0,"F"
0,0,1,2,"CFBFC","","","","K","T",1,0,0,0,0,"F"
0,1,2,2,"BBCFS","","","","K","T",1,0,0,0,0,"F"
0,2,1,1,".FBX","","","","9/F89XD+","T",1,0,0,0,0,"F"
1,0,0,0,".X","","","","43/G4M","T",1,0,0,0,0,"F"
1,1,0,1,"CX","","","","7/L78","T",1,0,0,0,0,"F"
1,2,3,2,"CBCBBX","","","","D9/F9D+","T",0,2,0,0,0,"F"
1,2,0,2,"CFX","","mckib001","","7/F7D","T",1,0,0,2,0,"F"
0,0,0,2,".CTC","","","","K","T",1,0,0,0,0,"F"
0,1,1,1,"BSX","","","","D7/L78+","T",0,2,0,0,0,"F"
0,1,0,0,"X","","tatif002","","HR/F89XD.2-H","T",0,4,0,4,0,"F"
0,1,3,2,"BBBCCB","","","","W","T",0,1,0,0,0,"F"
0,1,0,2,".C1SC","machm001","","","K","T",1,0,1,0,0,"F"
0,2,2,0,"BBX","machm001","","","4/L4D","T",1,0,1,0,0,"F"
1,0,0,1,"..CX","","","","13/G4MS","T",1,0,0,0,0,"F"
1,1,3,2,"CBBCBC","","","","K","T",1,0,0,0,0,"F"
1,2,0,2,"CSFC","","","","K","T",1,0,0,0,0,"F"
0,0,1,2,".CBFFX","","","","S8/L8S","T",0,1,0,0,0,"F"
0,0,2,2,"CBBSC","kim-h002","","","K","T",1,0,1,0,0,"F"
0,1,3,1,"..BCBBX","kim-h002","","","16(1)/FO/G4M+.B-1","T",1,1,0,0,0,"F"
0,2,0,0,".>B","matej003","","","SB2","F",0,0,2,0,0,"F"
0,2,1,0,".>B.X","","matej003","","9/F9LD","T",1,0,0,2,0,"F"
1,0,0,1,".CX","","","","S7/G6M+","T",0,1,0,0,0,"F"
1,0,1,2,"BCF*S","mccaj001","","","K","T",1,0,1,0,0,"F"
1,1,0,0,"X","mccaj001","","","46(1)3/GDP/G4M+","T",2,0,0,0,0,"F"
0,0,2,2,"..FTBBS","","","","K","T",1,0,0,0,0,"F"
0,1,1,2,"CFBC","","","","K","T",1,0,0,0,0,"F"
0,2,0,0,"X","","","","S9/L89","T",0,1,0,0,0,"F"
0,2,1,2,".CFFFB>X","machm001","","","2/P2F/FL","T",1,0,1,0,0,"F"
0,0,1,0,"BX","","","","S3/G4","T",0,1,0,0,0,"T"
0,0,2,1,"C11BBX","phamt001","","","46(1)3/GDP/G4","T",2,0,0,0,0,"F"
0,2,0,1,"CX","","","","53/G5+","T",1,0,0,0,0,"F"
1,0,0,2,"CCFFFFH","","","","HP","T",0,1,0,0,0,"F"
1,0,0,0,"X","villj001","","","HR/F89XD.1-H","T",0,4,4,0,0,"F"
1,0,0,1,"CX","","","","7/F78XD","T",1,0,0,0,0,"F"
1,1,0,1,"CX","","","","3/L3D","T",1,0,0,0,0,"F"
1,2,2,1,"SBBX","","","","S7/G6+","T",0,1,0,0,0,"F"
1,2,2,2,"FFBBFX","mccaj001","","","8/F8D","T",1,0,1,0,0,"F"
0,0,2,2,"CSBFBFS","","","","K","T",1,0,0,0,0,"F"
0,1,2,0,"BBX","","","","43/G4+","T",1,0,0,0,0,"F"
0,2,0,1,"CX","","","","S9/L9","T",0,1,0,0,0,"F"
0,2,0,2,"CSC","myerw001","","","K","T",1,0,1,0,0,"F"
1,0,0,2,"CCX","","","","S9/L89","T",0,1,0,0,0,"F"
1,0,2,2,"FBS1*BX","guill001","","","9/F9D","T",1,0,1,0,0,"F"
1,1,1,2,"FBLM","guill001","","","K","T",1,0,1,0,0,"F"
1,2,2,2,"FF1BBS","guill001","","","K","T",1,0,1,0,0,"F"
0,0,1,1,"SBX","","","","43/G4D+","T",1,0,0,0,0,"F"
0,1,2,2,"FSBFBS","","","","K","T",1,0,0,0,0,"F"
0,2,0,1,"CX","","","","S4/G4","T",0,1,0,0,0,"F"
0,2,1,2,"1CBFF1S","phamt001","","","K","T",1,0,1,0,0,"F"
1,0,0,0,"X","","","","8/L78D","T",1,0,0,0,0,"F"
1,1,0,2,"SSS","","","","K","T",1,0,0,0,0,"F"
1,2,0,2,"CFS","","","","K","T",1,0,0,0,0,"F"
0,0,0,1,"FX","","","","S8/L78S","T",0,1,0,0,0,"F"
0,0,1,2,"*BFCS","machm001","","","K","T",1,0,1,0,0,"F"
0,1,3,1,"SBB*BX","machm001","","","46(1)3/GDP/G4D+","T",2,0,0,0,0,"F"
1,0,3,2,"BCBBFT","","","","K","T",1,0,0,0,0,"F"
1,1,3,2,"BSBFBS","","","","K","T",1,0,0,0,0,"F"
1,2,1,2,"CFFBC","","","","K","T",1,0,0,0,0,"F"
0,0,2,2,"CBSBC","","","","K","T",1,0,0,0,0,"F"
0,1,0,2,"SCS","","","","K","T",1,0,0,0,0,"F"
0,2,1,0,"BX","","","","9/L9D+","T",1,0,0,0,0,"F"
1,0,1,1,"BCX","","","","43/G34","T",1,0,0,0,0,"F"
1,1,1,2,"MSBX","","","","7/L78D","T",1,0,0,0,0,"F"
1,2,0,1,"CX","","","","7/F7LS","T",1,0,0,0,0,"F"
0,0,0,1,"SX","","","","63/G6MD","T",1,0,0,0,0,"F"
0,1,2,2,"FBCFBX","","","","S8/L8S+","T",0,1,0,0,0,"F"
0,1,0,0,">B","phamt001","","","SB2","F",0,0,2,0,0,"F"
0,1,3,2,">B.*BCS*BS","","phamt001","","K","T",1,0,0,2,0,"F"
0,2,1,0,"BX","","phamt001","","53/G5","T",1,0,0,2,0,"F"
1,0,3,1,"BCBBB","","","","W","T",0,1,0,0,0,"F"
1,0,0,0,"X","lindf001","","","S9/G34.1-3","T",0,1,3,0,0,"F"
1,0,0,0,"X","alonp001","","lindf001","46(1)/FO/G34S.3-H;B-1","T",1,1,0,0,4,"F"
1,1,0,0,"X","smitd008","","","46(1)3/GDP/G4+","T",2,0,0,0,0,"F"
0,0,0,1,"CX","","","","HR/F7LD","T",0,4,0,0,0,"F"
0,0,0,1,"CX","","","","43/G4+","T",1,0,0,0,0,"F"
0,1,3,1,"BBFBB","","","","W","T",0,1,0,0,0,"F"
0,1,0,2,".CCFX","myerw001","","","46(1)/FO/G34.B-1","T",1,1,0,0,0,"F"
0,2,0,0,"X","cronj001","","","6/L6D","T",1,0,1,0,0,"F"
1,0,0,2,"CSFX","","","","4/P4D","T",1,0,0,0,0,"F"
1,1,0,2,".CFS","","","","K","T",1,0,0,0,0,"F"
1,2,3,2,"CFFBFBFFFBB","","","","W","T",0,1,0,0,0,"F"
1,2,2,2,".BFFBS","willm007","","","K","T",1,0,1,0,0,"F"
0,0,2,2,"..FSBBC","","","","K","T",1,0,0,0,0,"F"
0,1,1,2,"CCBC","","","","K","T",1,0,0,0,0,"F"
0,2,3,1,"CBBBB","","","","W","T",0,1,0,0,0,"F"
0,2,0,2,"FSS","grist001","","","K","T",1,0,1,0,0,"F"
1,0,1,0,".BX","","","","HR/F9LD","T",0,4,0,0,0,"F"
1,0,2,1,"CBBX","","","","7/F7LS","T",1,0,0,0,0,"F"
1,1,0,0,"X","","","","8/F8S","T",1,0,0,0,0,"F"
1,2,0,2,"CFS","","","","K","T",1,0,0,0,0,"F"
0,0,3,2,".CBSBBFFS","","","","K","T",1,0,0,0,0,"F"
0,1,0,0,"X","","","","8/F8XD+","T",1,0,0,0,0,"F"
0,2,0,0,"X","","","","163/G6M","T",1,0,0,0,0,"F"
0,0,1,1,"BCX","","","","HR/F8XD","T",0,4,0,0,0,"T"
0,0,3,1,"BSBBX","","","","53/G5","T",1,0,0,0,0,"F"
0,1,0,0,"X","","","","S7/L78+","T",0,1,0,0,0,"F"
0,1,2,1,"1BFB11X","machm001","","","S8/L89.1-2","T",0,1,2,0,0,"F"
0,1,1,2,"FSBFX","myerw001","machm001","","6(1)3/GDP/G6M","T",2,0,0,2,0,"F"
1,0,1,1,"BCX","","","","S7/G56","T",0,1,0,0,0,"F"
1,0,1,1,"FB1X","guill001","","","8/L8","T",1,0,1,0,0,"F"
1,1,0,2,"CFS","guill001","","","K","T",1,0,1,0,0,"F"
1,2,1,2,"1CFBS","guill001","","","K","T",1,0,1,0,0,"F"
0,0,0,2,"CFX","","","","8/F78D","T",1,0,0,0,0,"F"
0,1,3,1,"BBBCB","","","","W","T",0,1,0,0,0,"F"
0,1,0,1,"CX","rivaw001","","","4(1)3/GDP/G4M+","T",2,0,0,0,0,"F"
1,0,1,1,"CBX","","","","8/F8D","T",1,0,0,0,0,"F"
1,1,2,2,"BCSBFS","","","","K","T",1,0,0,0,0,"F"
1,2,1,2,"SFBX","","","","7/F7","T",1,0,0,0,0,"F"
0,0,1,2,"BCCS","","","","K","T",1,0,0,0,0,"F"
0,1,0,1,"CX","","","","8/L89D","T",1,0,0,0,0,"F"
0,2,2,2,"SBFBX","","","","4/P6MD","T",1,0,0,0,0,"F"
1,0,0,0,"X","","","","63/G6","T",1,0,0,0,0,"F"
1,1,0,2,"CFS","","","","K","T",1,0,0,0,0,"F"
1,2,3,2,"CBBBFX","","","","13/G1S","T",1,0,0,0,0,"F"
0,0,0,2,"SFX","","","","8/F78D","T",1,0,0,0,0,"F"
0,1,2,2,"FSBFBFS","","","","K","T",1,0,0,0,0,"F"
0,2,1,1,"FBX","","","","S8/L8S+","T",0,1,0,0,0,"F"
0,2,1,2,"C*SBFC","hosme001","","","K","T",1,0,1,0,0,"F"
1,0,3,1,"CBBBX","","","","D9/L9LD+","T",0,2,0,0,0,"F"
1,0,1,2,"SFBS","","lindf001","","K","T",1,0,0,2,0,"F"
1,1,1,1,"SBX","","lindf001","","7/F7S","T",1,0,0,2,0,"F"
1,2,2,1,"B*BCX","","lindf001","","63/G6D","T",1,0,0,2,0,"F"
0,0,2,2,"BCCBFS","","","","K","T",1,0,0,0,0,"F"
0,1,3,2,"BBBCFS","","","","K","T",1,0,0,0,0,"F"
0,2,0,2,"SSC","","","","K","T",1,0,0,0,0,"F"
1,0,1,2,"SBFS","","","","K","T",1,0,0,0,0,"F"
1,1,0,0,"X","","","","S9/G3+","T",0,1,0,0,0,"F"
1,1,0,0,"X","willm007","","","HR/F78XD.1-H","T",0,4,4,0,0,"F"
1,1,1,1,".CBX","","","","63/G6","T",1,0,0,0,0,"F"
1,2,2,2,"FFBBS","","","","K","T",1,0,0,0,0,"F"
0,0,3,2,".BBBCFFX","","","","S7/L78D","T",0,1,0,0,0,"F"
0,0,1,1,"1BCX","phamt001","","","S9/G34.1-2","T",0,1,2,0,0,"F"
0,0,1,0,"BX","tatif002","phamt001","","64(1)3/GDP/G6.2-3","T",2,0,0,3,0,"F"
0,2,1,2,"BCFC","","","phamt001","K","T",1,0,0,0,3,"F"
1,0,0,0,"X","","","","S9/L9+","T",0,1,0,0,0,"F"
1,0,1,2,"S1S+1BX","lindf001","","","S8/G4M.1-2","T",0,1,2,0,0,"F"
1,0,0,1,"FX","alonp001","lindf001","","7/F7LS","T",1,0,1,2,0,"F"
1,1,0,2,"SSS","alonp001","lindf001","","K","T",1,0,1,2,0,"F"
1,2,3,2,"2B*BS*SFB>F>C","alonp001","lindf001","","K","T",1,0,1,2,0,"F"
0,0,3,0,"BBBB","","","","W","T",0,1,0,0,0,"F"
0,0,1,1,".CBX","hosme001","","","S9/G3.1-2","T",0,1,2,0,0,"F"
0,0,0,0,"X","cronj001","hosme001","","14/SH/BG1S.2-3;1-2","T",1,0,2,3,0,"F"
0,1,1,2,".FFBFS","","cronj001","hosme001","K","T",1,0,0,2,3,"F"
0,2,3,2,".BF*SF*BFB*B","","cronj001","hosme001","W","T",0,1,0,2,3,"F"
0,2,3,0,"B*BBB","profj001","cronj001","hosme001","W.3-H;2-3;1-2","T",0,1,2,3,4,"F"
0,2,2,1,".BSBX","phamt001","profj001","cronj001","HR/F78XD.3-H;2-H;1-H","T",0,4,4,4,4,"F"
0,2,2,2,"CCBFBX","","","","HR/F7D","T",0,4,0,0,0,"F"
0,2,2,2,"CBSBC","","","","K","T",1,0,0,0,0,"F"
1,0,0,1,"...CX","","","","D9/F9D+","T",0,2,0,0,0,"F"
1,0,0,1,"CX","","willm007","","7/F78D","T",1,0,0,2,0,"F"
1,1,1,0,".BB","","willm007","","WP.2-3","F",0,0,0,3,0,"F"
1,1,3,2,".BB.BCSS","","","willm007","K","T",1,0,0,0,3,"F"
1,2,3,2,"BCCBFBB","","","willm007","W","T",0,1,0,0,3,"F"
1,2,1,2,".BFFC","guill001","","willm007","K","T",1,0,1,0,3,"F"
0,0,3,2,"...BCFBBB","","","","W","T",0,1,0,0,0,"F"
0,0,1,0,"BX","hosme001","","","64(1)3/GDP/G6M+","T",2,0,0,0,0,"F"
0,2,0,0,"X","","","","9/F89S","T",1,0,0,0,0,"F"
1,0,1,2,".CFBH","","","","HP","T",0,1,0,0,0,"F"
1,0,2,2,"*BFBSX","alonp001","","","56(1)/FO/G15.B-1","T",1,1,0,0,0,"F"
1,1,0,1,"SX","smitd008","","","53/G5.1-2","T",1,0,2,0,0,"F"
1,2,0,0,"X","","smitd008","","S4/G4.2-H(E4/TH)(NR)(UR)","T",0,1,0,5,0,"F"
1,2,1,2,"BCFX","nidot001","","","9/L89XD","T",1,0,1,0,0,"F"
0,0,2,2,"CBFBFFX","","","","8/F8XD","T",1,0,0,0,0,"F"
0,1,2,2,".BCBFX","","","","3/G3","T",1,0,0,0,0,"F"
0,2,3,1,"FBBBB","","","","W","T",0,1,0,0,0,"F"
0,2,0,2,"C>FS","phamt001","","","K","T",1,0,1,0,0,"F"
1,0,1,2,"..BCFC","","","","K","T",1,0,0,0,0,"F"
1,1,2,1,"CBBX","","","","63/G6","T",1,0,0,0,0,"F"
1,2,0,2,".SC*S","","","","K","T",1,0,0,0,0,"F"
0,0,0,2,"CFX","","","","9/L9LD+","T",1,0,0,0,0,"T"
0,1,2,2,"BFBFFS","","","","K","T",1,0,0,0,0,"F"
0,2,1,1,"BCX","","","","3/G3+","T",1,0,0,0,0,"F"
1,0,3,1,"BBFBB","","","","W","T",0,1,0,0,0,"F"
1,0,1,0,"*B1X","villj001","","","46(1)/FO/G4D.B-1","T",1,1,0,0,0,"F"
1,1,3,2,"CB1B>FB>FB","lindf001","","","W.1-2","T",0,1,2,0,0,"F"
1,1,0,0,"X","smitd008","lindf001","","64(1)3/GDP/G56","T",2,0,0,2,0,"F"
0,0,3,2,"FBBBSB","","","","W","T",0,1,0,0,0,"F"
0,0,3,2,"FBBFBX","wisdp001","","","54(1)3/GDP/G56+","T",2,0,0,0,0,"F"
0,2,1,1,"CBX","","","","63/G4MD+","T",1,0,0,0,0,"F"
1,0,0,0,"X","","","","53/G5S-","T",1,0,0,0,0,"F"
1,1,3,2,"CBCBBFFFX","","","","53/G5","T",1,0,0,0,0,"F"
1,2,0,2,"CSF*S","","","","K","T",1,0,0,0,0,"F"
0,0,1,0,"BX","","","","63/G6+","T",1,0,0,0,0,"F"
0,1,2,1,"BCBX","","","","S8/G4M","T",0,1,0,0,0,"F"
0,1,0,1,"L1X","sogae001","","","24/SH/BG23.1-2","T",1,0,2,0,0,"F"
0,2,1,1,"S*B2","","sogae001","","PO2(14)","F",1,0,0,0,0,"F"
1,0,0,2,"CFS","","","","K","T",1,0,0,0,0,"F"
1,1,0,2,"CFFX","","","","13/G1-","T",1,0,0,0,0,"F"
1,2,1,1,"FBX","","","","8/L78XD+","T",1,0,0,0,0,"F"
0,0,0,0,"X","","","","7/F78D","T",1,0,0,0,0,"F"
0,1,2,0,"BBX","","","","9/F9D","T",1,0,0,0,0,"F"
0,2,3,2,"SBBBCX","","","","43/G34","T",1,0,0,0,0,"F"
1,0,2,2,"CBFBX","","","","31/G3","T",1,0,0,0,0,"F"
1,1,0,0,"X","","","","S9/L9LS+","T",0,1,0,0,0,"F"
1,1,3,2,"BCBBCS","smitd008","","","K","T",1,0,1,0,0,"F"
1,2,3,2,"FBCB1B>B","smitd008","","","W.1-2","T",0,1,2,0,0,"F"
1,2,0,0,"X","mckib001","smitd008","","S8/G6M.2-H;1-3;B-2(E8/TH)","T",0,2,3,4,0,"F"
1,2,3,1,"BBBFX","","mccaj001","mckib001","D8/L78D+.3-H;2-H","T",0,2,0,4,4,"F"
1,2,3,0,"VVVV","","pillk001","","IW","T",0,1,0,2,0,"F"
1,2,2,2,"FBCBX","guill001","pillk001","","13/G6MS+","T",1,0,1,2,0,"F"
0,0,1,2,"CBCS","","","","K","T",1,0,0,0,0,"F"
0,1,1,1,"SBX","","","","7/L78","T",1,0,0,0,0,"F"
0,2,0,2,"CCX","","","","63/G4M","T",1,0,0,0,0,"F"
1,0,0,1,"FX","","","","3/G3","T",1,0,0,0,0,"F"
1,1,0,2,"SFX","","","","7/L7D","T",1,0,0,0,0,"F"
1,2,1,1,"BFX","","","","HR/F8XD","T",0,4,0,0,0,"F"
1,2,0,0,"X","","","","53/G56","T",1,0,0,0,0,"F"
0,0,3,2,"CBSBBB","","","","W","T",0,1,0,0,0,"F"
0,0,1,1,"BCX","alcas002","","","5/P5","T",1,0,1,0,0,"F"
0,1,0,0,".X","alcas002","","","9/F9LD","T",1,0,1,0,0,"F"
0,2,3,2,"BC1BBF>S","alcas002","","","K","T",1,0,1,0,0,"F"
1,0,2,2,".BFFBS","","","","K","T",1,0,0,0,0,"F"
1,1,3,2,"FFBBBX","","","","23/G2-","T",1,0,0,0,0,"F"
1,2,3,2,"BBBCCB","","","","W","T",0,1,0,0,0,"F"
1,2,3,0,"*BBBB","pillk001","","","W.1-2","T",0,1,2,0,0,"F"
1,2,0,2,".SSX","guill001","pillk001","","S8/G6M.2-H;1-3","T",0,1,3,4,0,"F"
1,2,1,2,".SFBC","drurb001","","guill001","K","T",1,0,1,0,3,"F"
0,0,1,2,".BCFX","","","","43/G6M","T",1,0,0,0,0,"F"
0,1,2,2,"BCFBX","","","","HR/F9D","T",0,4,0,0,0,"F"
0,1,2,2,"SBSBX","","","","HR/F78XD","T",0,4,0,0,0,"F"
0,1,1,2,"BSFFS","","","","K","T",1,0,0,0,0,"F"
0,2,1,2,".CBFFS","","","","K","T",1,0,0,0,0,"F"
1,0,3,2,"FFBFBBFB","","","","W","T",0,1,0,0,0,"F"
1,0,1,0,"B>C","lindf001","","","SB2","F",0,0,2,0,0,"F"
1,0,1,2,"B>C.SFX","","lindf001","","9/L89","T",1,0,0,2,0,"F"
1,1,3,0,"VVVV","","lindf001","","IW","T",0,1,0,2,0,"F"
1,1,1,0,"BX","alonp001","lindf001","","5/P56S","T",1,0,1,2,0,"F"
1,2,1,1,".BC+1","alonp001","lindf001","","PO1(23)","F",1,0,0,2,0,"F"
0,0,1,2,"..CTBFFS","","","","K","T",1,0,0,0,0,"F"
0,1,1,2,"BCFFX","","","","6/F56D","T",1,0,0,0,0,"F"
0,2,1,2,".FFBX","","","","43/G6MD","T",1,0,0,0,0,"F"
1,0,3,2,".BBBCCS","","","","K","T",1,0,0,0,0,"F"
1,1,0,1,"FX","","","","53/G56","T",1,0,0,0,0,"F"
1,2,3,1,"FBBBX","","","","63/G6MD","T",1,0,0,0,0,"F"
0,0,2,2,".FSFBBFFT","","","","K","T",1,0,0,0,0,"F"
0,1,1,2,"CSFBS","","","","K","T",1,0,0,0,0,"F"
0,2,2,2,"CBBFS","","","","K","T",1,0,0,0,0,"F"
0,0,2,1,"CBBX","","","","S7/L78+","T",0,1,0,0,0,"T"
0,0,0,0,"H","pedej001","","","HP.1-2","T",0,1,2,0,0,"F"
0,0,2,2,"BBFCS","bryak001","pedej001","","K","T",1,0,1,2,0,"F"
0,1,0,2,"STC","bryak001","pedej001","","K","T",1,0,1,2,0,"F"
0,2,1,1,"BFX","bryak001","pedej001","","S6/G56.2-3;1-2","T",0,1,2,3,0,"F"
0,2,1,2,"CBFS","contw001","bryak001","pedej001","K","T",1,0,1,2,3,"F"
1,0,0,0,"X","","","","6/L6M","T",1,0,0,0,0,"F"
1,1,3,0,"BBBB","","","","W","T",0,1,0,0,0,"F"
1,1,3,2,"C1F1B*BBS","lindf001","","","K","T",1,0,1,0,0,"F"
1,2,0,1,"F1X","lindf001","","","4(1)/FO/G4.B-1","T",1,1,0,0,0,"F"
0,0,1,0,"BX","","","","3/L3D+","T",1,0,0,0,0,"F"
0,1,2,2,"CCBFBT","","","","K","T",1,0,0,0,0,"F"
0,2,2,2,"SCBBC","","","","K","T",1,0,0,0,0,"F"
1,0,2,2,".CBBFX","","","","S8/L89S","T",0,1,0,0,0,"F"
1,0,0,2,"CCS","mckib001","","","K","T",1,0,1,0,0,"F"
1,1,1,2,"FBFX","mckib001","","","5/P5","T",1,0,1,0,0,"F"
1,2,1,2,"CCBC","mckib001","","","K","T",1,0,1,0,0,"F"
0,0,0,0,"X","","","","5/L56","T",1,0,0,0,0,"F"
0,1,0,1,"CX","","","","S7/L78S+","T",0,1,0,0,0,"F"
0,1,0,0,"1X","wisdp001","","","HR/L9D.1-H","T",0,4,4,0,0,"F"
0,1,3,2,"BCBFBX","","","","43/G4","T",1,0,0,0,0,"F"
0,2,1,1,"CBX","","","","7/F7LD","T",1,0,0,0,0,"F"
1,0,0,2,"CFC","","","","K","T",1,0,0,0,0,"F"
1,1,3,2,"BBCSBB","","","","W","T",0,1,0,0,0,"F"
1,1,1,1,"B11FX","villj001","","","46(1)/FO/G4.B-1","T",1,1,0,0,0,"F"
1,2,0,1,"SX","lindf001","","","D6/G5.1-3","T",0,2,3,0,0,"F"
1,2,0,0,"X","","smitd008","lindf001","S8/L8.3-H;2-H","T",0,1,0,4,4,"F"
1,2,1,2,"BFF*S","alonp001","","","K.BX1(23)","T",1,0,1,0,0,"F"
0,0,0,0,".X","","","","S7/G56","T",0,1,0,0,0,"F"
0,0,3,2,"FCF1BFBB1>X","happi001","","","7/F7LS","T",1,0,1,0,0,"F"
0,1,1,2,"BS+1FC","happi001","","","K","T",1,0,1,0,0,"F"
0,2,1,2,"CFBX","happi001","","","8/F89D","T",1,0,1,0,0,"F"
1,0,0,0,"X","","","","S7/L7S","T",0,1,0,0,0,"F"
1,0,0,0,"X","mccaj001","","","54(1)3/GDP/G5","T",2,0,0,0,0,"F"
1,2,1,1,"CBX","","","","63/G4MD","T",1,0,0,0,0,"F"
0,0,0,2,"FTX","","","","53/G6D+","T",1,0,0,0,0,"F"
0,1,2,2,"BCCBS","","","","K","T",1,0,0,0,0,"F"
0,2,0,2,"SFC","","","","K","T",1,0,0,0,0,"F"
1,0,0,2,"FCS","","","","K","T",1,0,0,0,0,"F"
1,1,0,0,"X","","","","S7/L78","T",0,1,0,0,0,"F"
1,1,1,2,".S11FB1FX","villj001","","","S7/L78S.1-2","T",0,1,2,0,0,"F"
1,1,3,2,"FSFBBBFB","lindf001","villj001","","W.2-3;1-2","T",0,1,2,3,0,"F"
1,1,2,2,"*BBSSX","smitd008","lindf001","villj001","7/SF/F7L.3-H","T",1,0,1,2,4,"F"
1,2,1,2,"FB>FS","smitd008","lindf001","","K","T",1,0,1,2,0,"F"
0,0,0,2,"SCS","","","","K","T",1,0,0,0,0,"F"
0,1,0,0,"X","","","","8/F8XD+","T",1,0,0,0,0,"F"
0,2,0,2,"CCS","","","","K","T",1,0,0,0,0,"F"
1,0,0,2,"..CFS","","","","K","T",1,0,0,0,0,"F"
1,1,1,1,"BCX","","","","53/G5","T",1,0,0,0,0,"F"
1,2,3,1,"BBFB*B","","","","W","T",0,1,0,0,0,"F"
1,2,1,2,"FBFS","guill001","","","K","T",1,0,1,0,0,"F"
0,0,0,0,"X","","","","8/L89XD","T",1,0,0,0,0,"F"
0,1,2,2,"CBBFC","","","","K","T",1,0,0,0,0,"F"
0,2,2,2,"SBFBC","","","","K","T",1,0,0,0,0,"F"
1,0,1,1,"SBX","","","","D8/L89XD+","T",0,2,0,0,0,"F"
1,0,3,2,"*BSBBSB","","villj001","","W","T",0,1,0,2,0,"F"
1,0,1,2,"CBF*S","lindf001","villj001","","K","T",1,0,1,2,0,"F"
1,1,0,0,"X","lindf001","villj001","","4/P34D","T",1,0,1,2,0,"F"
1,2,1,0,"BX","lindf001","villj001","","41/G34D","T",1,0,1,2,0,"F"
0,0,1,2,".CBCS","","","","K","T",1,0,0,0,0,"F"
0,1,0,1,"FX","","","","6/P6","T",1,0,0,0,0,"F"
0,2,1,2,"SBSS","","","","K","T",1,0,0,0,0,"F"
1,0,3,1,".BBSBB","","","","W","T",0,1,0,0,0,"F"
1,0,1,2,"CSBC","mccaj001","","","K","T",1,0,1,0,0,"F"
1,1,1,1,"BFX","mccaj001","","","S9/G34.1-2","T",0,1,2,0,0,"F"
1,1,0,2,"COX","guill001","mccaj001","","36(1)/FO/BG1S.2-3;BX1(6E4)","T",1,1,0,3,0,"F"
1,2,2,2,"BSSBX","lugos001","","mccaj001","53/G6","T",1,0,1,0,3,"F"
0,0,2,2,"CSFBFBX","","","","63/G4D","T",1,0,0,0,0,"F"
0,1,1,1,"SBX","","","","S7/L7S+","T",0,1,0,0,0,"F"
0,1,2,2,"..1B1BC111FX","marij002","","","S8/L8D.1XH(842);B-2","T",1,2,0,0,0,"F"
0,2,3,2,"SS*BBFBB","","sogae001","","W","T",0,1,0,2,0,"F"
0,2,2,2,"CBBFS","heywj001","sogae001","","K","T",1,0,1,2,0,"F"
0,0,2,2,"FBSFBS","","","","K","T",1,0,0,0,0,"T"
0,1,0,1,"SX","","","","9/F9D","T",1,0,0,0,0,"F"
0,2,0,2,"CSFS","","","","K","T",1,0,0,0,0,"F"
1,0,3,2,"BFBFBB","","","","W","T",0,1,0,0,0,"F"
1,0,1,0,"1B1>C","villj001","","","SB2","F",0,0,2,0,0,"F"
1,0,1,1,"1B1>C.X","","villj001","","31/G3.2-3","T",1,0,0,3,0,"F"
1,1,1,0,"BH","","","villj001","HP","T",0,1,0,0,3,"F"
1,1,1,2,"BCSFX","smitd008","","villj001","64(1)3/GDP/G6+","T",2,0,0,0,3,"F"
0,0,2,2,"CFBBFS","","","","K","T",1,0,0,0,0,"F"
0,1,2,2,"CBSBS","","","","K","T",1,0,0,0,0,"F"
0,2,3,2,"FCFFBBFBFFC","","","","K","T",1,0,0,0,0,"F"
1,0,3,2,"BCBBCB","","","","W","T",0,1,0,0,0,"F"
1,0,1,0,"B1X","mckib001","","","D9/L89XD.1-H","T",0,2,4,0,0,"F"
1,0,0,0,"X","","pillk001","","8/F89D.2-3","T",1,0,0,3,0,"F"
1,1,0,2,"SSS","","","pillk001","K","T",1,0,0,0,3,"F"
1,2,3,2,"SCBBFBX","","","pillk001","S9/G34+.3-H","T",0,1,0,0,4,"F"
1,2,0,2,"CFFB","degrj001","","","WP.1-2","F",0,0,2,0,0,"F"
1,2,1,2,"CFFB.FC","","degrj001","","K","T",1,0,0,2,0,"F"
0,0,2,2,"CBBTFC","","","","K","T",1,0,0,0,0,"F"
0,1,3,2,"BBSBFFS","","","","K","T",1,0,0,0,0,"F"
0,2,1,2,"FSBC","","","","K","T",1,0,0,0,0,"F"
1,0,0,0,"X","","","","5/P6S","T",1,0,0,0,0,"F"
1,1,1,1,"CBX","","","","HR/F9D","T",0,4,0,0,0,"F"
1,1,0,0,"X","","","","5/P5","T",1,0,0,0,0,"F"
1,2,3,1,"BBBCB","","","","W","T",0,1,0,0,0,"F"
1,2,0,1,"CX","mckib001","","","64(1)/FO/G6.B-1","T",1,1,0,0,0,"F"
0,0,1,1,".CBX","","","","5/P5SF/FL","T",1,0,0,0,0,"F"
0,1,1,1,"CBX","","","","HR/F9D","T",0,4,0,0,0,"F"
0,1,3,2,"B.BBCFB","","","","W","T",0,1,0,0,0,"F"
0,1,2,2,"FFFFB1BX","baezj001","","","46(1)/FO/G34.B-1","T",1,1,0,0,0,"F"
0,2,3,1,"BBSBB","happi001","","","W.1-2","T",0,1,2,0,0,"F"
0,2,1,0,"BX","wisdp001","happi001","","8/F8XD","T",1,0,1,2,0,"F"
1,0,3,0,"BBBB","","","","W","T",0,1,0,0,0,"F"
1,0,2,2,"BBCFX","guill001","","","S8/L89S.1-3","T",0,1,3,0,0,"F"
1,0,3,1,"BBC..BB","nidot001","","guill001","W.1-2","T",0,1,2,0,3,"F"
1,0,0,1,"..FX","reids001","nidot001","guill001","5/L56","T",1,0,1,2,3,"F"
1,1,3,0,"BB*BB","reids001","nidot001","guill001","W.3-H;2-3;1-2","T",0,1,2,3,4,"F"
1,1,1,0,"BX","lindf001","reids001","nidot001","3/G3.3-H;2-3;1-2","T",1,0,2,3,4,"F"
1,2,1,2,"CFBC","","lindf001","reids001","K","T",1,0,0,2,3,"F"
0,0,1,2,"CCBX","","","","7/F7D","T",1,0,0,0,0,"F"
0,1,0,1,"CX","","","","7/L7D","T",1,0,0,0,0,"F"
0,2,3,2,"BCSBBX","","","","8/F8XD","T",1,0,0,0,0,"F"
1,0,1,2,".BFFC","","","","K","T",1,0,0,0,0,"F"
1,1,0,0,"X","","","","HR/F7D","T",0,4,0,0,0,"F"
1,1,3,2,"CBSBBX","","","","1/L4MS+","T",1,0,0,0,0,"F"
1,2,0,0,"X","","","","63/G6","T",1,0,0,0,0,"F"
0,0,1,2,".CBFFC","","","","K","T",1,0,0,0,0,"F"
0,1,2,2,"BBCCX","","","","5/P6","T",1,0,0,0,0,"F"
0,2,2,1,"BBFX","","","","E5/TH/G5.B-1","T",0,1,0,0,0,"F"
0,2,0,0,"X","baezj001","","","E5/TH/G5.1-2;B-1","T",0,1,2,0,0,"F"
0,2,1,2,"BFSFC","happi001","baezj001","","K","T",1,0,1,2,0,"F"
1,0,2,1,".BBFX","","","","53/G56+","T",1,0,0,0,0,"F"
1,1,1,2,"SBSX","","","","2/P2F/FL","T",1,0,0,0,0,"F"
1,2,0,0,"X","","","","7/F78D","T",1,0,0,0,0,"F"
0,0,1,2,".BCCH","","","","HP","T",0,1,0,0,0,"F"
0,0,0,0,"B","orter001","","","WP.1-2","F",0,0,2,0,0,"F"
0,0,2,1,"B.*BLX","","orter001","","23/G2","T",1,0,0,2,0,"F"
0,1,0,2,"CSS","","orter001","","K","T",1,0,0,2,0,"F"
0,2,2,2,".BSBCS","","orter001","","K","T",1,0,0,2,0,"F"
1,0,1,0,".BX","","","","8/L8D","T",1,0,0,0,0,"F"
1,1,2,0,"BBX","","","","63/G6","T",1,0,0,0,0,"F"
1,2,1,0,"BX","","","","63/G4M","T",1,0,0,0,0,"F"
0,0,2,2,"...BCSBS","","","","K","T",1,0,0,0,0,"F"
0,1,0,2,"CS*S","","","","K","T",1,0,0,0,0,"F"
0,2,0,2,"TS*S","","","","K","T",1,0,0,0,0,"F"
1,0,0,1,"CX","","","","9/L9D","T",1,0,0,0,0,"F"
1,1,2,1,"BFBX","","","","43/G4","T",1,0,0,0,0,"F"
1,2,0,2,"CFX","","","","63/G6M","T",1,0,0,0,0,"F"
0,0,1,0,".BX","","","","43/G4","T",1,0,0,0,0,"F"
0,1,3,2,"BBFBFB","","","","W","T",0,1,0,0,0,"F"
0,1,0,0,">C","wisdp001","","","DI.1-2","F",0,0,2,0,0,"F"
0,1,1,1,">C.BX","","wisdp001","","HR/L9LD.2-H","T",0,4,0,4,0,"F"
0,1,2,2,"CBCBS","","","","K","T",1,0,0,0,0,"F"
0,2,1,2,".CFBX","","","","S8/L8S","T",0,1,0,0,0,"F"
0,2,1,2,"..BSFX","alcas002","","","8/L8D","T",1,0,1,0,0,"F"
0,0,1,0,"BX","","","","63/G4D+","T",1,0,0,0,0,"T"
0,1,0,0,"X","","","","S8/L78S+","T",0,1,0,0,0,"F"
0,1,0,1,"SX","bryak001","","","HR/F8XD.1-H","T",0,4,4,0,0,"F"
0,1,0,1,"CX","","","","8/F8XD+","T",1,0,0,0,0,"F"
0,2,0,2,"FCC","","","","K","T",1,0,0,0,0,"F"
1,0,1,1,"BCX","","","","D9/L89XD+","T",0,2,0,0,0,"F"
1,0,2,2,"CBFBFC","","villj001","","K","T",1,0,0,2,0,"F"
1,1,0,2,"CFFFFFFS","","villj001","","K","T",1,0,0,2,0,"F"
1,2,3,1,"BBFBX","","villj001","","3/L3","T",1,0,0,2,0,"F"
0,0,0,0,"X","","","","53/G56S","T",1,0,0,0,0,"F"
0,1,2,2,"CBBSFC","","","","K","T",1,0,0,0,0,"F"
0,2,3,0,"BBBB","","","","W","T",0,1,0,0,0,"F"
0,2,0,2,"CSC","alcas002","","","K","T",1,0,1,0,0,"F"
1,0,3,2,"BFBTBFX","","","","63/G6D","T",1,0,0,0,0,"F"
1,1,1,2,"CBSX","","","","D8/L78XD+","T",0,2,0,0,0,"F"
1,1,2,0,"BBX","","mckib001","","5/L5","T",1,0,0,2,0,"F"
1,2,2,2,"CF*BBFC","","mckib001","","K","T",1,0,0,2,0,"F"
0,0,2,2,"BFTBX","","","","D5/F7S","T",0,2,0,0,0,"F"
0,0,1,2,"CFFBS","","pedej001","","K","T",1,0,0,2,0,"F"
0,1,0,1,"CX","","pedej001","","9/F89S","T",1,0,0,2,0,"F"
0,2,0,1,"CX","","pedej001","","7/L78D+","T",1,0,0,2,0,"F"
1,0,0,2,"FCS","","","","K","T",1,0,0,0,0,"F"
1,1,1,2,"CBFC","","","","K","T",1,0,0,0,0,"F"
1,2,2,2,"FSFBB*S","","","","K","T",1,0,0,0,0,"F"
0,0,2,2,"SBSBX","","","","63/G6D","T",1,0,0,0,0,"F"
0,1,1,0,"BX","","","","S9/G34+","T",0,1,0,0,0,"F"
0,1,0,1,"FX","heywj001","","","63/G56.1-2","T",1,0,2,0,0,"F"
0,2,0,0,"B","","heywj001","","WP.2-3","F",0,0,0,3,0,"F"
0,2,3,2,"B.CBBCX","","","heywj001","13/G4MS","T",1,0,0,0,3,"F"
1,0,3,2,"BCFBBB","","","","W","T",0,1,0,0,0,"F"
1,0,3,2,"BCSF*BF*BFB","alonp001","","","W.1-2","T",0,1,2,0,0,"F"
1,0,1,2,"F*BFX","smitd008","alonp001","","64(1)3/GDP/G6.2-3","T",2,0,0,3,0,"F"
1,2,0,1,"CX","","","alonp001","23/G2-","T",1,0,0,0,3,"F"
0,0,1,2,"FBCC","","","","K","T",1,0,0,0,0,"F"
0,1,3,2,"FBFBBX","","","","8/F8XD+","T",1,0,0,0,0,"F"
0,2,1,2,"BSSC","","","","K","T",1,0,0,0,0,"F"
1,0,1,2,"CSBS","","","","K","T",1,0,0,0,0,"F"
1,1,0,1,"FX","","","","7/F7D","T",1,0,0,0,0,"F"
1,2,1,0,"BX","","","","13/G15-","T",1,0,0,0,0,"F"
0,0,1,0,"BX","","","","8/F89","T",1,0,0,0,0,"F"
0,1,1,2,"CBSFFS","","","","K","T",1,0,0,0,0,"F"
0,2,0,2,"SFFX","","","","63/G6+","T",1,0,0,0,0,"F"
1,0,1,2,"SFBX","","","","31/G34","T",1,0,0,0,0,"F"
1,1,0,0,"X","","","","8/F8XD","T",1,0,0,0,0,"F"
1,2,0,2,"FFX","","","","63/G56","T",1,0,0,0,0,"F"
0,0,3,2,"BBFFFBX","","","","53/G6S","T",1,0,0,0,0,"F"
0,1,2,2,"CBBFS","","","","K","T",1,0,0,0,0,"F"
0,2,0,0,"X","","","","3/G3+","T",1,0,0,0,0,"F"
1,0,0,0,".X","","","","53/G6","T",1,0,0,0,0,"F"
1,1,1,2,"CCBS","","","","K","T",1,0,0,0,0,"F"
1,2,0,2,"FCFFX","","","","2/P2F/FL","T",1,0,0,0,0,"F"
0,0,0,0,"..X","","","","E6/G4M.B-1","T",0,1,0,0,0,"F"
0,0,2,2,"CFB1BX","happi001","","","16(1)/FO/G13.B-1","T",1,1,0,0,0,"F"
0,1,1,0,"BX","pedej001","","","54(1)3/GDP/G5","T",2,0,0,0,0,"F"
1,0,2,2,"..BSBSC","","","","K","T",1,0,0,0,0,"F"
1,1,1,1,"BCX","","","","6/P5D","T",1,0,0,0,0,"F"
1,2,0,2,".SCX","","","","13/G1","T",1,0,0,0,0,"F"
0,0,1,2,".FCBFS","","","","K","T",1,0,0,0,0,"F"
0,1,0,0,"X","","","","9/F89D+","T",1,0,0,0,0,"F"
0,2,2,2,"BBSSFFFFX","","","","53/G5","T",1,0,0,0,0,"F"
1,0,3,2,".CBBSBFS","","","","K","T",1,0,0,0,0,"F"
1,1,3,1,"BBBCX","","","","63/G6D+","T",1,0,0,0,0,"F"
1,2,2,2,"BCBCFFS","","","","K","T",1,0,0,0,0,"F"
0,0,0,2,"CFS","","","","K","T",1,0,0,0,0,"T"
0,1,1,0,"BX","","","","7/F7D","T",1,0,0,0,0,"F"
0,2,0,2,"FS*S","","","","K","T",1,0,0,0,0,"F"
1,0,3,2,"BBBCFB","","","","W","T",0,1,0,0,0,"F"
1,0,0,0,"X","villj001","","","3/SH/BG3S-.1-2","T",1,0,2,0,0,"F"
1,1,2,2,"CSBBX","","villj001","","7/F7D.2-3","T",1,0,0,3,0,"F"
1,2,2,1,"BFBB","","","villj001","WP.3-H(NR)","F",0,0,0,0,4,"F"
1,2,3,1,"BFBB.X","","","","63/G6+","T",1,0,0,0,0,"F"
0,0,2,2,"CBBSS","","","","K","T",1,0,0,0,0,"F"
0,1,1,2,"BSCX","","","","63/G56","T",1,0,0,0,0,"F"
0,2,1,2,"BSSS","","","","K","T",1,0,0,0,0,"F"
1,0,1,2,"BFFS","","","","K","T",1,0,0,0,0,"F"
1,1,2,2,"BBTSX","","","","E8/F89S.B-2","T",0,2,0,0,0,"F"
1,1,0,2,"CFX","","peraj003","","53/G25","T",1,0,0,2,0,"F"
1,2,3,0,"VVVV","","peraj003","","IW","T",0,1,0,2,0,"F"
1,2,0,1,"LB","nidot001","peraj003","","WP.2-3;1-2","F",0,0,2,3,0,"F"
1,2,1,1,"LB.X","","nidot001","peraj003","8/F78","T",1,0,0,2,3,"F"
0,0,1,2,"CBSX","","","","1/L4M+","T",1,0,0,0,0,"F"
0,1,2,1,"BSBX","","","","53/G6","T",1,0,0,0,0,"F"
0,2,3,2,"SCFBBBFB","","","","W","T",0,1,0,0,0,"F"
0,2,1,2,"CBSFS","mullk001","","","K","T",1,0,1,0,0,"F"
1,0,1,2,"BSFC","","","","K","T",1,0,0,0,0,"F"
1,1,2,2,"BSBCS","","","","K","T",1,0,0,0,0,"F"
1,2,3,2,"BBCBFX","","","","3/G3","T",1,0,0,0,0,"F"
0,0,2,0,"BBX","","","","8/F8XD+","T",1,0,0,0,0,"F"
0,1,1,2,"BSSS","","","","K","T",1,0,0,0,0,"F"
0,2,2,2,"FBBFFX","","","","63/G4","T",1,0,0,0,0,"F"
1,0,1,2,"CBCX","","","","9/F9","T",1,0,0,0,0,"F"
1,1,1,0,"BX","","","","53/G5","T",1,0,0,0,0,"F"
1,2,2,0,"BBX","","","","8/F8","T",1,0,0,0,0,"F"
0,0,3,2,"SBBFFBX","","","","8/F89D","T",1,0,0,0,0,"F"
0,1,0,0,"X","","","","8/F8XD+","T",1,0,0,0,0,"F"
0,2,3,0,"BBBB","","","","W","T",0,1,0,0,0,"F"
0,2,1,0,"BX","hereg002","","","D8/F78XD.1-3","T",0,2,3,0,0,"F"
0,2,0,0,".X","","smitk002","hereg002","5/P5S","T",1,0,0,2,3,"F"
1,0,2,2,".FCBBX","","","","53/G5","T",1,0,0,0,0,"F"
1,1,0,2,"FFH","","","","HP","T",0,1,0,0,0,"F"
1,1,0,0,".X","nidot001","","","S8/L8D+.1-2","T",0,1,2,0,0,"F"
1,1,0,0,"X","mcnej002","nidot001","","S5/G5+.2-3;1-2","T",0,1,2,3,0,"F"
1,1,3,0,"BBBX","villj001","mcnej002","nidot001","9/F9","T",1,0,1,2,3,"F"
1,2,2,2,".BSFBFX","villj001","mcnej002","nidot001","D9/L9LD+.3-H;2-H;1-H","T",0,2,4,4,4,"F"
1,2,2,2,"BFBCS","","smitd008","","K","T",1,0,0,2,0,"F"
0,0,1,2,".....CBST","","","","K","T",1,0,0,0,0,"F"
0,1,3,1,"BBBCB","","","","W","T",0,1,0,0,0,"F"
0,1,2,1,"F1BBX","freef001","","","HR/F9D.1-H","T",0,4,4,0,0,"F"
0,1,0,0,"X","","","","31/G3","T",1,0,0,0,0,"F"
0,2,3,2,"CBCFBFBX","","","","63/G6","T",1,0,0,0,0,"F"
1,0,2,1,".BBCX","","","","S7/L7+","T",0,1,0,0,0,"F"
1,0,1,0,"BX","pillk001","","","1/BP1S-","T",1,0,1,0,0,"F"
1,1,0,0,"111X","pillk001","","","8/F89","T",1,0,1,0,0,"F"
1,2,3,1,"1BB>FB>B","pillk001","","","W.1-2","T",0,1,2,0,0,"F"
1,2,0,0,"X","mckib001","pillk001","","31/G34","T",1,0,1,2,0,"F"
0,0,1,2,".BCFS","","","","K","T",1,0,0,0,0,"F"
0,1,2,2,"BFBCFX","","","","8/F8S","T",1,0,0,0,0,"F"
0,2,0,0,"X","","","","3/P3F/FL","T",1,0,0,0,0,"F"
0,0,0,1,"FX","","","","D7/L78S+","T",0,2,0,0,0,"T"
0,0,2,2,"BBFCX","","acunr001","","3/P2F/FL","T",1,0,0,2,0,"F"
0,1,3,1,"BBBCB","","acunr001","","W","T",0,1,0,2,0,"F"
0,1,3,2,"FFBFBFFB*B","albio001","acunr001","","W.2-3;1-2","T",0,1,2,3,0,"F"
0,1,3,2,"B*BCFBS","almoa001","albio001","acunr001","K","T",1,0,1,2,3,"F"
0,2,1,2,"BFCX","almoa001","albio001","acunr001","13/G1S","T",1,0,1,2,3,"F"
1,0,1,2,"CBSS","","","","K","T",1,0,0,0,0,"F"
1,1,2,2,"SCBBX","","","","43/G4","T",1,0,0,0,0,"F"
1,2,1,0,"BX","","","","8/F89D","T",1,0,0,0,0,"F"
0,0,0,1,"CX","","","","9/F9","T",1,0,0,0,0,"F"
0,1,3,1,"BFBBB","","","","W","T",0,1,0,0,0,"F"
0,1,0,1,"MX","hereg002","","","36(1)/FO/BG23-.B-1","T",1,1,0,0,0,"F"
0,2,2,2,"BSBFFX","andei001","","","6/P56","T",1,0,1,0,0,"F"
1,0,2,2,"BFFBX","","","","S3/G34","T",0,1,0,0,0,"F"
1,0,3,2,"TFBBB>F>X","alonp001","","","S9/L4D.1X3(95)","T",1,1,0,0,0,"F"
1,1,3,2,"BCBSBS","smitd008","","","K","T",1,0,1,0,0,"F"
1,2,2,2,"CBBFX","smitd008","","","9/F9D","T",1,0,1,0,0,"F"
0,0,1,2,"FBFS","","","","K","T",1,0,0,0,0,"F"
0,1,0,1,"SX","","","","43/G9S+","T",1,0,0,0,0,"F"
0,2,2,1,"BBSX","","","","S8/L8S","T",0,1,0,0,0,"F"
0,2,1,0,"BX","almoa001","","","7/L78D+","T",1,0,1,0,0,"F"
1,0,3,2,"BCBBFS","","","","K","T",1,0,0,0,0,"F"
1,1,1,2,"CSBX","","","","43/G4","T",1,0,0,0,0,"F"
1,2,3,1,"BTBBB","","","","W","T",0,1,0,0,0,"F"
1,2,1,2,"1S*BC1X","villj001","","","43/G4-","T",1,0,1,0,0,"F"
0,0,1,2,"CSBX","","","","S7/L7S","T",0,1,0,0,0,"F"
0,0,2,1,"1S*B11*BX","swand001","","","14(1)/FO/G4S.B-1","T",1,1,0,0,0,"F"
0,1,3,2,"BBSFFFBX","contw002","","","5/P25","T",1,0,1,0,0,"F"
0,2,0,2,"SSC","contw002","","","K","T",1,0,1,0,0,"F"
1,0,2,1,"BBCX","","","","7/L7D","T",1,0,0,0,0,"F"
1,1,1,2,"FBCFC","","","","K","T",1,0,0,0,0,"F"
1,2,3,2,"BCFBFBX","","","","53/G34D+","T",1,0,0,0,0,"F"
0,0,2,1,".BTBX","","","","HR/L8XD","T",0,4,0,0,0,"F"
0,0,3,0,"BBBX","","","","63/G4M+","T",1,0,0,0,0,"F"
0,1,0,2,"CSX","","","","3/G3","T",1,0,0,0,0,"F"
0,2,3,2,"CBCBBX","","","","31/G34","T",1,0,0,0,0,"F"
1,0,0,0,"X","","","","8/F8","T",1,0,0,0,0,"F"
1,1,3,1,"BBCBX","","","","9/F89","T",1,0,0,0,0,"F"
1,2,2,2,"BCFBS","","","","K","T",1,0,0,0,0,"F"
0,0,1,2,".FCBX","","","","8/L8XD","T",1,0,0,0,0,"F"
0,1,3,2,"CBBCBX","","","","63/G6+","T",1,0,0,0,0,"F"
0,2,2,2,"BFBSS","","","","K","T",1,0,0,0,0,"F"
1,0,1,1,".BCX","","","","7/F7D","T",1,0,0,0,0,"F"
1,1,0,1,"CX","","","","D9/L9LD","T",0,2,0,0,0,"F"
1,1,3,1,"..BBFBX","","peraj003","","FC/G6D+.2X3(65);B-1","T",1,1,0,0,0,"F"
1,2,0,0,"1","lindf001","","","POCS2(136)","F",1,0,0,0,0,"F"
0,0,1,0,"..BX","","","","8/F8","T",1,0,0,0,0,"F"
0,1,1,2,".CBSS","","","","K","T",1,0,0,0,0,"F"
0,2,2,2,"BBSSS","","","","K","T",1,0,0,0,0,"F"
1,0,2,2,"...BSBCX","","","","63/G6S","T",1,0,0,0,0,"F"
1,1,2,2,"FBBFFX","","","","S7/L7","T",0,1,0,0,0,"F"
1,1,1,0,"BX","alonp001","","","S9/G34.1-2","T",0,1,2,0,0,"F"
1,1,1,0,".BH","almoa002","alonp001","","HP.2-3;1-2","T",0,1,2,3,0,"F"
1,1,0,1,"CX","mccaj001","almoa002","alonp001","5/L56","T",1,0,1,2,3,"F"
1,2,0,2,".FCFFX","mccaj001","almoa002","alonp001","4/P4D","T",1,0,1,2,3,"F"
0,0,1,2,"CBSFX","","","","9/F9D+","T",1,0,0,0,0,"T"
0,1,3,2,"BSBBCB","","","","W","T",0,1,0,0,0,"F"
0,1,1,2,"TFBX","freef001","","","65(1)/FO/G4.B-1","T",1,1,0,0,0,"F"
0,2,0,1,"S>C","albio001","","","SB2","F",0,0,2,0,0,"F"
0,2,0,2,"S>C.X","","albio001","","9/L89D","T",1,0,0,2,0,"F"
1,0,2,2,"CSBBS","","","","K","T",1,0,0,0,0,"F"
1,1,3,1,"BSBBX","","","","8/F8D","T",1,0,0,0,0,"F"
1,2,0,0,"X","","","","3/L3+","T",1,0,0,0,0,"F"
0,0,3,1,"CBB.BB","","","","W","T",0,1,0,0,0,"F"
0,0,1,2,"BCFX","rilea001","","","S7/L56+.1-2","T",0,1,2,0,0,"F"
0,0,3,0,"BBBB","swand001","rilea001","","W.2-3;1-2","T",0,1,2,3,0,"F"
0,0,0,2,"CFT","contw002","swand001","rilea001","K","T",1,0,1,2,3,"F"
0,1,1,2,"TFBC","contw002","swand001","rilea001","K","T",1,0,1,2,3,"F"
0,2,2,2,"*BC.F*B*S","contw002","swand001","rilea001","K","T",1,0,1,2,3,"F"
1,0,1,0,"BX","","","","9/F9D","T",1,0,0,0,0,"F"
1,1,0,2,"FS*S","","","","K","T",1,0,0,0,0,"F"
1,2,2,2,"BSFFB*S","","","","K","T",1,0,0,0,0,"F"
0,0,0,1,"CX","","","","7/F7D","T",1,0,0,0,0,"F"
0,1,1,0,"BX","","","","S8/F8S","T",0,1,0,0,0,"F"
0,1,3,2,"BF11BF>FB>B","albio001","","","W.1-2","T",0,1,2,0,0,"F"
0,1,2,2,"SFBBX","almoa001","albio001","","43/G6.2-3;1-2","T",1,0,2,3,0,"F"
0,2,0,0,"X","","almoa001","albio001","HR/F78XD.3-H;2-H","T",0,4,0,4,4,"F"
0,2,2,0,"BBX","","","","63/G6","T",1,0,0,0,0,"F"
1,0,1,2,"BSCX","","","","7/F78D","T",1,0,0,0,0,"F"
1,1,0,1,"CX","","","","63/G6D","T",1,0,0,0,0,"F"
1,2,0,2,".TCC","","","","K","T",1,0,0,0,0,"F"
0,0,2,2,".BCSBC","","","","K","T",1,0,0,0,0,"F"
0,1,1,2,"CBCX","","","","8/F8XD","T",1,0,0,0,0,"F"
0,2,1,1,"BSX","","","","7/F78+","T",1,0,0,0,0,"F"
1,0,0,1,"SH","","","","HP","T",0,1,0,0,0,"F"
1,0,1,2,"CFB*S","mcnej002","","","K","T",1,0,1,0,0,"F"
1,1,3,2,"BBCC*BB","mcnej002","","","W.1-2","T",0,1,2,0,0,"F"
1,1,2,2,"BBFFF*S","mckib001","mcnej002","","K","T",1,0,1,2,0,"F"
1,2,2,1,"BBFX","mckib001","mcnej002","","9/F9LD","T",1,0,1,2,0,"F"
0,0,1,2,"SSBS","","","","K","T",1,0,0,0,0,"F"
0,1,2,2,"BBCCS","","","","K","T",1,0,0,0,0,"F"
0,2,3,2,"BCBSB*B","","","","W","T",0,1,0,0,0,"F"
0,2,1,0,"11BX","almoa001","","","6/P56D","T",1,0,1,0,0,"F"
1,0,0,2,"FCC","","","","K","T",1,0,0,0,0,"F"
1,1,3,2,"CFBBBB","","","","W","T",0,1,0,0,0,"F"
1,1,0,2,"CSFS","guill001","","","K","T",1,0,1,0,0,"F"
1,2,0,0,".B","guill001","","","WP.1-2","F",0,0,2,0,0,"F"
1,2,1,0,".B.X","","guill001","","S5/G15-.2-3","T",0,1,0,3,0,"F"
1,2,1,0,"BX","eickj001","","guill001","13/G1S-","T",1,0,1,0,3,"F"
0,0,2,2,".BCFBS","","","","K","T",1,0,0,0,0,"F"
0,1,2,2,"BCBSC","","","","K","T",1,0,0,0,0,"F"
0,2,0,1,"CX","","","","7/F7LD","T",1,0,0,0,0,"F"
1,0,2,2,"FBSBX","","","","8/F8D","T",1,0,0,0,0,"F"
1,1,2,2,"BCCFB*S","","","","K","T",1,0,0,0,0,"F"
1,2,2,2,"BFBFH","","","","HP","T",0,1,0,0,0,"F"
1,2,1,2,"C*BFC","smitd008","","","K","T",1,0,1,0,0,"F"
0,0,1,2,"BCCX","","","","3/G34","T",1,0,0,0,0,"F"
0,1,2,2,"BFBCFX","","","","7/F78D","T",1,0,0,0,0,"F"
0,2,2,2,"SSBBX","","","","13/G1","T",1,0,0,0,0,"F"
1,0,1,2,"FBCFS","","","","K","T",1,0,0,0,0,"F"
1,1,3,2,"FBFFBBX","","","","43/G4","T",1,0,0,0,0,"F"
1,2,2,2,"CBSBX","","","","63/G56D","T",1,0,0,0,0,"F"
0,0,0,0,"X","","","","S7/L78+","T",0,1,0,0,0,"F"
0,0,2,2,"BBFSC","albio001","","","K","T",1,0,1,0,0,"F"
0,1,2,0,"BBX","albio001","","","8/F8","T",1,0,1,0,0,"F"
0,2,0,0,">C","albio001","","","SB2","F",0,0,2,0,0,"F"
0,2,1,2,">C.SBS","","albio001","","K","T",1,0,0,2,0,"F"
1,0,0,0,"..X","","","","6/L6D","T",1,0,0,0,0,"F"
1,1,3,2,"BFSBFBFT","","","","K","T",1,0,0,0,0,"F"
1,2,2,2,"SBBCX","","","","9/F9D","T",1,0,0,0,0,"F"
0,0,1,2,"...SBSS","","","","K","T",1,0,0,0,0,"F"
0,1,0,0,"X","","","","S2/BG2","T",0,1,0,0,0,"F"
0,1,1,2,".CCFBB","incie001","","","WP.1-3","F",0,0,3,0,0,"F"
0,1,3,2,".CCFBB.BS","","","incie001","K","T",1,0,0,0,3,"F"
0,2,3,2,"FBBSBX","","","incie001","8/F8","T",1,0,0,0,3,"F"
1,0,1,0,".BX","","","","6/P6","T",1,0,0,0,0,"F"
1,1,1,1,"BCX","","","","8/L8","T",1,0,0,0,0,"F"
1,2,1,1,"BCX","","","","D9/F9D+","T",0,2,0,0,0,"F"
1,2,0,1,"SX","","mccaj001","","3/L34","T",1,0,0,2,0,"F"
0,0,3,2,"CBBBCX","","","","7/F78D","T",1,0,0,0,0,"T"
0,1,2,2,"FBCBX","","","","S9/G4+","T",0,1,0,0,0,"F"
0,1,2,0,"BBX","freef001","","","8/L78D","T",1,0,1,0,0,"F"
0,2,1,2,"CFFFB>X","freef001","","","6/P4MS","T",1,0,1,0,0,"F"
1,0,2,2,"FBFBX","","","","8/F8XD+","T",1,0,0,0,0,"F"
1,1,3,1,"BBCBB","","","","W","T",0,1,0,0,0,"F"
1,1,3,1,"C1BBBX","lindf001","","","D9/L9L.1-3","T",0,2,3,0,0,"F"
1,1,0,2,"*SFB","","confm001","lindf001","WP.3-H(NR);2-3","F",0,0,0,3,4,"F"
1,1,3,2,"*SFB.*BBB","","","confm001","W","T",0,1,0,0,3,"F"
1,1,1,2,"CBSFFX","alonp001","","confm001","46(1)/FO/G34.3-H;B-1","T",1,1,0,0,4,"F"
1,2,2,1,"BBCX","smitd008","","","7/F7","T",1,0,1,0,0,"F"
0,0,2,2,"CCBBX","","","","63/G56+","T",1,0,0,0,0,"F"
0,1,3,2,"BBBCFFX","","","","3/G3","T",1,0,0,0,0,"F"
0,2,1,2,"CCBT","","","","K","T",1,0,0,0,0,"F"
1,0,0,1,"CX","","","","7/F7D","T",1,0,0,0,0,"F"
1,1,1,1,"BSX","","","","D8/F78XD+","T",0,2,0,0,0,"F"
1,1,1,2,"BCTS","","guill001","","K","T",1,0,0,2,0,"F"
1,2,0,1,"SX","","guill001","","S8/G4.2-H","T",0,1,0,4,0,"F"
1,2,2,0,"BBX","mcnej002","","","HR/F9LD.1-H","T",0,4,4,0,0,"F"
1,2,3,2,"BBCBF*B","","","","W","T",0,1,0,0,0,"F"
1,2,2,1,"BBCX","confm001","","","43/G6D+","T",1,0,1,0,0,"F"
0,0,2,2,"CFFFBBFX","","","","63/G4M","T",1,0,0,0,0,"F"
0,1,1,2,"CBCS","","","","K","T",1,0,0,0,0,"F"
0,2,3,2,"CSBBBS","","","","K","T",1,0,0,0,0,"F"
1,0,3,1,".BFBBX","","","","8/F78D","T",1,0,0,0,0,"F"
1,1,1,1,"BCX","","","","D9/F9LD","T",0,2,0,0,0,"F"
1,1,1,0,"BX","","mccaj001","","53/G5","T",1,0,0,2,0,"F"
1,2,1,0,"BX","","mccaj001","","E4/TH/G34D.2-3;B-1","T",0,1,0,3,0,"F"
1,2,2,2,"BBC1SFFFS","guill001","","mccaj001","K","T",1,0,1,0,3,"F"
0,0,1,1,"CBX","","","","S6/G6M","T",0,1,0,0,0,"F"
0,0,1,2,"SFBS","freef001","","","K","T",1,0,1,0,0,"F"
0,1,3,1,"FBBBX","freef001","","","8/F8D","T",1,0,1,0,0,"F"
0,2,2,1,"BC*BX","freef001","","","3/G3S","T",1,0,1,0,0,"F"
1,0,0,0,"X","","","","S9/G3+","T",0,1,0,0,0,"F"
1,0,0,2,"C1F1S","mcnej002","","","K","T",1,0,1,0,0,"F"
1,1,1,2,"C1*BSX","mcnej002","","","45(1)3/GDP/G4","T",2,0,0,0,0,"F"
0,0,3,2,"CFBBBFB","","","","W","T",0,1,0,0,0,"F"
0,0,2,0,"BBX","adrie001","","","43/G4M.1-2","T",1,0,2,0,0,"F"
0,1,2,2,"FSF*BBFX","","adrie001","","HR/F9LD.2-H","T",0,4,0,4,0,"F"
0,1,3,1,"BFBBB","","","","W","T",0,1,0,0,0,"F"
0,1,2,2,".BSBFX","tomlj001","","","54(1)/FO/G5.B-1","T",1,1,0,0,0,"F"
0,2,0,2,"FS>*B","swand001","","","SB2","F",0,0,2,0,0,"F"
0,2,1,2,"FS>*B.FFFX","","swand001","","S1/G34S.2-3","T",0,1,0,3,0,"F"
0,2,3,1,"*BS*B*B*B","freef001","","swand001","W.1-2","T",0,1,2,0,3,"F"
0,2,2,1,"BSBX","albio001","freef001","swand001","46(1)/FO/G4D.B-1","T",1,1,0,2,3,"F"
1,0,2,2,".CBCBFS","","","","K","T",1,0,0,0,0,"F"
1,1,2,1,"BSBX","","","","S8/L8S","T",0,1,0,0,0,"F"
1,1,1,2,"CBFS","smitd008","","","K","T",1,0,1,0,0,"F"
1,2,3,2,"B*BBCC>F>X","smitd008","","","8/L8+","T",1,0,1,0,0,"F"
0,0,0,0,".X","","","","D7/L7D+","T",0,2,0,0,0,"F"
0,0,1,2,"FFBB","","rilea001","","WP.2-3","F",0,0,0,3,0,"F"
0,0,2,2,"FFBB.X","","","rilea001","S6/G6M.3-H","T",0,1,0,0,4,"F"
0,0,0,0,"X","adrie001","","","9/F9","T",1,0,1,0,0,"F"
0,1,1,2,"C*SB+1FFX","adrie001","","","16(1)/FO/G1S.B-1","T",1,1,0,0,0,"F"
0,2,0,2,".CFS","incie001","","","K","T",1,0,1,0,0,"F"
1,0,0,0,".X","","","","S5/BG34S","T",0,1,0,0,0,"F"
1,0,0,1,"CX","guill001","","","24/SH/BG2.1-2","T",1,0,2,0,0,"F"
1,1,3,2,"BBBCSS","","guill001","","K","T",1,0,0,2,0,"F"
1,2,2,0,"BBX","","guill001","","53/G5","T",1,0,0,2,0,"F"
0,0,1,1,"TBX","","","","9/F89D","T",1,0,0,0,0,"F"
0,1,0,0,"X","","","","S7/L56D","T",0,1,0,0,0,"F"
0,1,1,0,"BX","freef001","","","46(1)/FO/G4.B-1","T",1,1,0,0,0,"F"
0,2,0,1,"1F11","albio001","","","PO1(13)","F",1,0,0,0,0,"F"
1,0,1,1,"BCX","","","","S8/G4M+","T",0,1,0,0,0,"F"
1,0,1,1,".CBX","confm001","","","S8/G4M+.1-2","T",0,1,2,0,0,"F"
1,0,1,2,"FBFS","alonp001","confm001","","K","T",1,0,1,2,0,"F"
1,1,1,2,"S*SFBFX","alonp001","confm001","","S8/G4M+.2-H;1-2","T",0,1,2,4,0,"F"
1,1,1,0,"BX","mccaj001","alonp001","","64(1)3/GDP/G6","T",2,0,0,2,0,"F"
0,0,1,2,"..SBFS","","","","K","T",1,0,0,0,0,"F"
0,1,1,2,"SSFBFX","","","","D8/L8D+","T",0,2,0,0,0,"F"
0,1,3,2,"BBFCBB","","rilea001","","W","T",0,1,0,2,0,"F"
0,1,3,2,"...SFBBFBS","adrie001","rilea001","","K","T",1,0,1,2,0,"F"
0,2,2,0,"BBX","adrie001","rilea001","","7/F7","T",1,0,1,2,0,"F"
1,0,3,2,"..BBCBFB","","","","W","T",0,1,0,0,0,"F"
1,0,2,2,"BC*BCT","guill001","","","K","T",1,0,1,0,0,"F"
1,1,0,0,"X","guill001","","","S8/L89+.1-3","T",0,1,3,0,0,"F"
1,1,1,0,"*BX","mcnej002","","guill001","S8/L89.3-H;1-2","T",0,1,2,0,4,"F"
1,1,0,2,"FSFC","lindf001","mcnej002","","K","T",1,0,1,2,0,"F"
1,2,2,2,"BBCCFX","lindf001","mcnej002","","5/P5","T",1,0,1,2,0,"F"
0,0,2,2,"CBBFX","","","","8/F8D","T",1,0,0,0,0,"F"
0,1,3,2,"SFBBBS","","","","K","T",1,0,0,0,0,"F"
0,2,3,2,"FBBBSB","","","","W","T",0,1,0,0,0,"F"
0,2,1,1,"B>F>B","freef001","","","DI.1-2","F",0,0,2,0,0,"F"
0,2,3,2,"B>F>B.BFX","","freef001","","3/L3","T",1,0,0,2,0,"F"
0,0,0,1,"FX","","","","13/BG25","T",1,0,0,0,0,"T"
0,1,3,2,"BBCCBS","","","","K","T",1,0,0,0,0,"F"
0,2,0,0,"X","","","","7/F7","T",1,0,0,0,0,"F"
1,0,0,1,"FH","","","","HP","T",0,1,0,0,0,"F"
1,0,0,1,"CX","mcnej002","","","D7/L5D+.1-3","T",0,2,3,0,0,"F"
1,0,1,2,"CFBFS","","lindf001","mcnej002","K","T",1,0,0,2,3,"F"
1,1,2,2,"CBFBS","","lindf001","mcnej002","K","T",1,0,0,2,3,"F"
1,2,0,2,"CSFC","","lindf001","mcnej002","K","T",1,0,0,2,3,"F"
0,0,2,1,"BCBX","","","","3/P4","T",1,0,0,0,0,"F"
0,1,2,2,"BCBFS","","","","K","T",1,0,0,0,0,"F"
0,2,1,1,"BCX","","","","7/F7D","T",1,0,0,0,0,"F"
1,0,1,2,"CFBC","","","","K","T",1,0,0,0,0,"F"
1,1,1,2,"FFBS","","","","K","T",1,0,0,0,0,"F"
1,2,3,2,"CBBCBS","","","","K","T",1,0,0,0,0,"F"
0,0,0,2,"CCS","","","","K","T",1,0,0,0,0,"F"
0,1,0,0,"X","","","","43/G4","T",1,0,0,0,0,"F"
0,2,2,1,"CBBX","","","","S7/L78XD","T",0,1,0,0,0,"F"
0,2,1,2,"CFBC","nolaa001","","","K","T",1,0,1,0,0,"F"
1,0,3,2,"SBBCBC","","","","K","T",1,0,0,0,0,"F"
1,1,1,2,"BCSS","","","","K","T",1,0,0,0,0,"F"
1,2,0,2,"CS*S","","","","K","T",1,0,0,0,0,"F"
0,0,0,0,"X","","","","53/G5","T",1,0,0,0,0,"F"
0,1,3,2,"CBBBCS","","","","K","T",1,0,0,0,0,"F"
0,2,2,1,"CBBX","","","","S9/G4","T",0,1,0,0,0,"F"
0,2,1,1,"1TB>X","realj001","","","53/G56S","T",1,0,1,0,0,"F"
1,0,2,2,"BFFBS","","","","K","T",1,0,0,0,0,"F"
1,1,1,2,"CBFX","","","","D9/L9L","T",0,2,0,0,0,"F"
1,1,2,2,"BBS*SX","","alonp001","","43/G34D.2-3","T",1,0,0,3,0,"F"
1,2,3,2,"FSB*BFBS","","","alonp001","K","T",1,0,0,0,3,"F"
0,0,0,2,"CCX","","","","1/L6M","T",1,0,0,0,0,"F"
0,1,2,2,"CFBBFX","","","","13/G1S-","T",1,0,0,0,0,"F"
0,2,3,2,"CBFBBB","","","","W","T",0,1,0,0,0,"F"
0,2,1,1,"CB1X","maton001","","","D9/L89XD.1-H","T",0,2,4,0,0,"F"
0,2,0,2,"CFX","","nolaa001","","8/F78D","T",1,0,0,2,0,"F"
1,0,2,2,"SBCFBX","","","","E5/P6S-.B-1","T",0,1,0,0,0,"F"
1,0,0,2,"F1CFX","pillk001","","","36(1)/FO/G34S.B-1","T",1,1,0,0,0,"F"
1,1,2,2,".CBBTFX","guill001","","","9/L89D","T",1,0,1,0,0,"F"
1,2,0,2,"FFFFFS","guill001","","","K","T",1,0,1,0,0,"F"
0,0,0,1,".CX","","","","6/F7S","T",1,0,0,0,0,"F"
0,1,1,2,"CBFS","","","","K","T",1,0,0,0,0,"F"
0,2,3,2,"BBSFB*B","","","","W","T",0,1,0,0,0,"F"
0,2,1,0,"1B>X","realj001","","","63/G6","T",1,0,1,0,0,"F"
1,0,2,2,"BFCBH","","","","HP","T",0,1,0,0,0,"F"
1,0,0,0,"11X","lindf001","","","3/G3S.1-2","T",1,0,2,0,0,"F"
1,1,3,1,"BBBFB","","lindf001","","W","T",0,1,0,2,0,"F"
1,1,1,1,"..BC>B","alonp001","lindf001","","SB3;SB2","F",0,0,2,3,0,"F"
1,1,3,2,"..BC>B.FB*B","","alonp001","lindf001","W","T",0,1,0,2,3,"F"
1,1,1,2,"BF*SS","smitd008","alonp001","lindf001","K","T",1,0,1,2,3,"F"
1,2,1,0,"BX","smitd008","alonp001","lindf001","64(1)/FO/G6.B-1","T",1,1,0,2,3,"F"
0,0,3,1,"BBCBB","","","","W","T",0,1,0,0,0,"F"
0,0,0,0,"111X","jankt001","","","16(1)/FO/BG1S.B-1","T",1,1,0,0,0,"F"
0,1,3,1,"BFBB*B","torrr001","","","W.1-2","T",0,1,2,0,0,"F"
0,1,1,2,".CFBX","maton001","torrr001","","8/F8XD.2-3","T",1,0,1,3,0,"F"
0,2,1,1,"FBX","maton001","","torrr001","8/L78D","T",1,0,1,0,3,"F"
1,0,2,2,"CBCBFX","","","","E1/TH/G2.B-2","T",0,2,0,0,0,"F"
1,0,0,2,".LFS","","guill001","","K","T",1,0,0,2,0,"F"
1,1,1,2,"BCFFFFX","","guill001","","43/G34","T",1,0,0,2,0,"F"
1,2,1,1,"F*BX","","guill001","","S8/L8+.2-H(UR)","T",0,1,0,5,0,"F"
1,2,1,1,"...CBX","lindf001","","","43/G34","T",1,0,1,0,0,"F"
0,0,0,2,"....CFS","","willl001","","K","T",1,0,0,2,0,"F"
0,1,3,0,"VVVV","","willl001","","IW","T",0,1,0,2,0,"F"
0,1,0,2,"FSFC","harpb003","willl001","","K","T",1,0,1,2,0,"F"
0,2,2,2,".BBSCFFC","harpb003","willl001","","K","T",1,0,1,2,0,"F"
1,0,3,0,"..VVVV","","lindf001","","IW","T",0,1,0,2,0,"F"
1,0,1,1,"LBX","alonp001","lindf001","","S8/G6M.2-H(UR);1-2","T",0,1,2,5,0,"F"
0,0,2,2,"BCBFH","","","","HP","T",0,1,0,0,0,"T"
0,0,3,2,"1B1*B1C1FBFX","herro001","","","54(1)3/GDP/G56S","T",2,0,0,0,0,"F"
0,2,1,2,"CSFBFX","","","","63/G4M","T",1,0,0,0,0,"F"
1,0,1,2,"FSFBS","","","","K","T",1,0,0,0,0,"F"
1,1,0,1,"CX","","","","8/F8XD","T",1,0,0,0,0,"F"
1,2,2,2,"CBSBX","","","","7/F78","T",1,0,0,0,0,"F"
0,0,1,2,"CSBS","","","","K","T",1,0,0,0,0,"F"
0,1,1,1,"SBX","","","","63/G6","T",1,0,0,0,0,"F"
0,2,3,2,"BCBBFX","","","","53/G56","T",1,0,0,0,0,"F"
1,0,3,1,"BBCBX","","","","6/L6MD","T",1,0,0,0,0,"F"
1,1,1,0,"BX","","","","43/G4","T",1,0,0,0,0,"F"
1,2,3,2,"CBFBFBB","","","","W","T",0,1,0,0,0,"F"
1,2,3,2,"BCBT1B>X","guill001","","","7/F7D","T",1,0,1,0,0,"F"
0,0,0,0,"X","","","","8/F8D","T",1,0,0,0,0,"F"
0,1,1,1,"BCX","","","","S8/G4M","T",0,1,0,0,0,"F"
0,1,0,2,"MCX","marcr001","","","26(1)/FO/BG2.B-1","T",1,1,0,0,0,"F"
0,2,2,2,"BSBFFFFFS","moorm003","","","K","T",1,0,1,0,0,"F"
1,0,0,1,"CX","","","","S7/G56","T",0,1,0,0,0,"F"
1,0,2,2,"LLBBX","mazep001","","","54/SH/BG2.1-2","T",1,0,2,0,0,"F"
1,1,1,1,"BFX","","mazep001","","5/P5F/FL","T",1,0,0,2,0,"F"
1,2,0,1,"CX","","mazep001","","9/F9LS","T",1,0,0,2,0,"F"
0,0,3,2,"CBFBFBFB","","","","W","T",0,1,0,0,0,"F"
0,0,0,1,"FX","hoskr001","","","7/F7LD","T",1,0,1,0,0,"F"
0,1,0,1,"F1X","hoskr001","","","54(1)/FO/G56S.B-2(E4/TH)","T",1,2,0,0,0,"F"
0,2,2,2,"CBBFX","","mccua001","","8/F8D","T",1,0,0,2,0,"F"
1,0,1,0,"BX","","","","S8/G6M+","T",0,1,0,0,0,"F"
1,0,0,1,"FX","alonp001","","","84(1)/FO/L8.B-1","T",1,1,0,0,0,"F"
1,1,2,2,"BB1CS1X","smitd008","","","43/G34.1-2","T",1,0,2,0,0,"F"
1,2,3,1,"TB*B*BX","","smitd008","","13/G6MS+","T",1,0,0,2,0,"F"
0,0,0,0,"X","","","","13/BG25","T",1,0,0,0,0,"F"
0,1,0,1,"CX","","","","63/G6D","T",1,0,0,0,0,"F"
0,2,2,0,"BBX","","","","S8/L8S","T",0,1,0,0,0,"F"
0,2,0,2,"FCFC","marcr001","","","K","T",1,0,1,0,0,"F"
1,0,1,2,"BSFT","","","","K","T",1,0,0,0,0,"F"
1,1,0,2,"FCFX","","","","S8/L8","T",0,1,0,0,0,"F"
1,1,2,1,"BMBX","mazep001","","","56(1)/FO/G5S-.B-1","T",1,1,0,0,0,"F"
1,2,2,0,"BBX","peted003","","","9/L9","T",1,0,1,0,0,"F"
0,0,0,2,"FFFX","","","","8/L8D","T",1,0,0,0,0,"F"
0,1,2,2,"SBBFS","","","","K","T",1,0,0,0,0,"F"
0,2,0,2,"FSX","","","","HR/F89XD","T",0,4,0,0,0,"F"
0,2,3,0,"BBBB","","","","W","T",0,1,0,0,0,"F"
0,2,1,2,"1CFBF>*S","mccua001","","","K","T",1,0,1,0,0,"F"
1,0,2,1,".BSBX","","","","4/P4D","T",1,0,0,0,0,"F"
1,1,3,1,"BFBBX","","","","S8/G4M","T",0,1,0,0,0,"F"
1,1,0,2,"FFX","alonp001","","","16(1)3/GDP/G4MS","T",2,0,0,0,0,"F"
0,0,1,0,".BX","","","","23/G2","T",1,0,0,0,0,"F"
0,1,0,0,"X","","","","63/G6","T",1,0,0,0,0,"F"
0,2,2,1,"BBCX","","","","6/P8S","T",1,0,0,0,0,"F"
1,0,3,2,"..CBBBFX","","","","S7/L56D","T",0,1,0,0,0,"F"
1,0,3,1,"BCB*BX","mckib001","","","S5/G6.1-2","T",0,1,2,0,0,"F"
1,0,3,1,".BBCBB","guill001","mckib001","","W.2-3;1-2","T",0,1,2,3,0,"F"
1,0,0,2,"CSS","confm001","guill001","mckib001","K","T",1,0,1,2,3,"F"
1,1,0,1,".CX","confm001","guill001","mckib001","8/SF/F8XD+.3-H;2-3","T",1,0,1,3,4,"F"
1,2,2,2,"FFBBX","confm001","","guill001","43/G34","T",1,0,1,0,3,"F"
0,0,1,1,".....CBX","","marcr001","","63/G6M.2-3","T",1,0,0,3,0,"F"
0,1,0,0,".X","","","jankt001","53/G56S.3-H(UR)","T",1,0,0,0,5,"F"
0,2,0,0,"X","","","","9/F9D","T",1,0,0,0,0,"F"
1,0,0,0,"....X","","mcnej002","","13/G4MS","T",1,0,0,2,0,"F"
1,1,0,2,"FFX","","mcnej002","","63/G6.2-3","T",1,0,0,3,0,"F"
1,2,0,2,"CSS","","","mcnej002","K","T",1,0,0,0,3,"F"
0,0,0,0,"X","","","","3/P3F/FL","T",1,0,0,0,0,"T"
0,1,2,1,"BCBX","","","","7/L7D+","T",1,0,0,0,0,"F"
0,2,1,2,"SSBS","","","","K","T",1,0,0,0,0,"F"
1,0,1,2,"CCBX","","","","8/F78D","T",1,0,0,0,0,"F"
1,1,2,2,"BFBSFS","","","","K","T",1,0,0,0,0,"F"
1,2,0,1,"FH","","","","HP","T",0,1,0,0,0,"F"
1,2,3,1,"BBSBX","confm001","","","54(1)/FO/G56.B-1","T",1,1,0,0,0,"F"
0,0,1,1,"CBX","","","","43/G4","T",1,0,0,0,0,"F"
0,1,2,2,"BCSBX","","","","S18/L1","T",0,1,0,0,0,"F"
0,1,1,1,"BS>C","mccua001","","","SB2","F",0,0,2,0,0,"F"
0,1,1,2,"BS>C.S","","mccua001","","K","T",1,0,0,2,0,"F"
0,2,1,0,"BX","","mccua001","","S9/L9L.2-H","T",0,1,0,4,0,"F"
0,2,1,0,"BX","maton001","","","64(1)/FO/G6.B-1","T",1,1,0,0,0,"F"
1,0,0,0,"X","","","","S8/L6MD","T",0,1,0,0,0,"F"
1,0,2,2,"CFBBX","smitd008","","","S9/F9LS.1-2","T",0,1,2,0,0,"F"
1,0,0,0,"X","mccaj001","smitd008","","D7/L5D.2-H;1-3","T",0,2,3,4,0,"F"
1,0,1,2,"BSSS","","peraj003","mccaj001","K","T",1,0,0,2,3,"F"
1,1,0,2,"SFX","","peraj003","mccaj001","FC/G3.3XH(32);B-1","T",1,1,0,2,0,"F"
1,2,0,1,"FX","degrj001","peraj003","","7/F7","T",1,0,1,2,0,"F"
0,0,0,2,"CFX","","","","13/G34S","T",1,0,0,0,0,"F"
0,1,2,2,"SSBFBX","","","","8/F89XD","T",1,0,0,0,0,"F"
0,2,1,2,"CCBS","","","","K","T",1,0,0,0,0,"F"
1,0,0,1,"CX","","","","9/L89D","T",1,0,0,0,0,"F"
1,1,2,2,"CBBSX","","","","63/G4M","T",1,0,0,0,0,"F"
1,2,0,1,"FX","","","","43/G6D+","T",1,0,0,0,0,"F"
0,0,2,2,"CBBSFX","","","","S6/G4MD","T",0,1,0,0,0,"F"
0,0,0,1,"1S>B","harpb003","","","SB2","F",0,0,2,0,0,"F"
0,0,2,2,"1S>B.F*BX","","harpb003","","63/G6","T",1,0,0,2,0,"F"
0,1,1,2,"BCCX","","harpb003","","9/F9S","T",1,0,0,2,0,"F"
0,2,2,2,"BCBS>B","","harpb003","","SB3","F",0,0,0,3,0,"F"
0,2,3,2,"BCBS>B.*S","","","harpb003","K","T",1,0,0,0,3,"F"
1,0,0,2,"CFC","","","","K","T",1,0,0,0,0,"F"
1,1,0,2,"CFX","","","","43/G4M","T",1,0,0,0,0,"F"
1,2,1,2,"CCBFX","","","","3/P3DF/FL","T",1,0,0,0,0,"F"
0,0,0,2,"CFS","","","","K","T",1,0,0,0,0,"F"
0,1,0,0,"X","","","","6/P56D","T",1,0,0,0,0,"F"
0,2,0,1,"CX","","","","63/G6M+","T",1,0,0,0,0,"F"
1,0,0,2,"FCS","","","","K","T",1,0,0,0,0,"F"
1,1,0,0,"X","","","","S8/G4M","T",0,1,0,0,0,"F"
1,1,1,2,"CBFX","degrj001","","","9/F89","T",1,0,1,0,0,"F"
1,2,0,0,"X","degrj001","","","6/P4MD","T",1,0,1,0,0,"F"
0,0,1,0,"BX","","","","D9/L9L+","T",0,2,0,0,0,"F"
0,0,3,1,"BBSBB","","herro001","","W","T",0,1,0,2,0,"F"
0,0,0,0,"H","hoskr001","herro001","","HP.2-3;1-2","T",0,1,2,3,0,"F"
0,0,1,2,"*BCSX","harpb003","hoskr001","herro001","8/F89","T",1,0,1,2,3,"F"
0,1,1,1,"FBX","harpb003","hoskr001","herro001","8/SF/L8.3-H;2-3;1-2(E8/TH)","T",1,0,2,3,4,"F"
0,2,3,2,"BCCFBFBX","","harpb003","hoskr001","13/G4MS","T",1,0,0,2,3,"F"
1,0,3,2,".SBBSBB","","","","W","T",0,1,0,0,0,"F"
1,0,2,2,"FBSBFFX","confm001","","","8/F89XD+","T",1,0,1,0,0,"F"
1,1,0,0,"X","confm001","","","8/F8XD","T",1,0,1,0,0,"F"
1,2,1,2,"*BFSX","confm001","","","S5/G5S-.1-3(E5/TH);B-2","T",0,2,3,0,0,"F"
1,2,1,0,"BX","","mccaj001","confm001","53/G56","T",1,0,0,2,3,"F"
0,0,1,2,".BCCS","","","","K","T",1,0,0,0,0,"F"
0,1,0,1,"CX","","","","S7/G6","T",0,1,0,0,0,"F"
0,1,0,2,"CMX","torrr001","","","24/SH/BG2-.1-2","T",1,0,2,0,0,"F"
0,2,1,1,"SBX","","torrr001","","53/G5S-","T",1,0,0,2,0,"F"
1,0,1,2,"..BFSS","","","","K","T",1,0,0,0,0,"F"
1,1,0,1,".CX","","","","HR/F9D","T",0,4,0,0,0,"F"
1,1,1,2,"CBFX","","","","S7/F7S","T",0,1,0,0,0,"F"
1,1,0,0,"X","guill001","","","13/G13.1-2","T",1,0,2,0,0,"F"
1,2,1,2,"BCCFS","","guill001","","K","T",1,0,0,2,0,"F"
0,0,0,1,"..SX","","","","9/F89","T",1,0,0,0,0,"F"
0,1,2,1,"CBBX","","","","43/G4+","T",1,0,0,0,0,"F"
0,2,0,1,"SX","","","","9/F4MS","T",1,0,0,0,0,"F"
1,0,3,2,"BSBBCX","","","","63/G6","T",1,0,0,0,0,"F"
1,1,1,2,"FSBC","","","","K","T",1,0,0,0,0,"F"
1,2,3,2,".BBSSBFFS","","","","K","T",1,0,0,0,0,"F"
0,0,1,1,".CBH","","","","HP","T",0,1,0,0,0,"F"
0,0,1,0,"B>C","mccua001","","","SB2","F",0,0,2,0,0,"F"
0,0,3,2,"B>C.BLBFB","","mccua001","","W+WP.2-3","T",0,1,0,3,0,"F"
0,0,0,0,">B","willl001","","mccua001","SB2","F",0,0,2,0,3,"F"
0,0,1,1,">B.FX","","willl001","mccua001","7/SF/F7L.3-H","T",1,0,0,2,4,"F"
0,1,0,0,">C","","willl001","","CS3(25)","F",1,0,0,0,0,"F"
0,2,1,2,">C.BCS","","","","K","T",1,0,0,0,0,"F"
1,0,0,0,"..X","","","","E3/G3D+.B-1","T",0,1,0,0,0,"F"
1,0,3,2,".BFBBSFB","blant002","","","W.1-2","T",0,1,2,0,0,"F"
1,0,0,1,"FX","mckib001","blant002","","S6/G56.2-3;1-2","T",0,1,2,3,0,"F"
1,0,3,2,"C*BFFB*BB","pillk001","mckib001","blant002","W.3-H(UR);2-3;1-2","T",0,1,2,3,5,"F"
1,0,1,2,"*BS*SFS","guill001","pillk001","mckib001","K","T",1,0,1,2,3,"F"
1,1,1,2,"*BSSFX","guill001","pillk001","mckib001","8/SF/L8.3-H(UR)","T",1,0,1,2,5,"F"
0,0,1,0,"BX","","","","9/L89D","T",1,0,0,0,0,"T"
0,1,0,2,"CSX","","","","8/L8D","T",1,0,0,0,0,"F"
0,2,2,2,"BSFBFFX","","","","S7/G56","T",0,1,0,0,0,"F"
0,2,3,2,"11B*BBCT>F>F>B","mccua001","","","W.1-2","T",0,1,2,0,0,"F"
0,2,1,2,"BSFC","hoskr001","mccua001","","K","T",1,0,1,2,0,"F"
1,0,1,0,"BX","","","","8/F78D","T",1,0,0,0,0,"F"
1,1,3,2,"CBBFFBX","","","","DGR/F7LS","T",0,2,0,0,0,"F"
1,1,0,0,"X","","lindf001","","S9/G34+.2-3","T",0,1,0,3,0,"F"
1,1,2,0,"B*BX","alonp001","","lindf001","5/L56","T",1,0,1,0,3,"F"
1,2,0,2,"CFX","alonp001","","lindf001","53/G56","T",1,0,1,0,3,"F"
0,0,0,2,"CCS","","","","K","T",1,0,0,0,0,"F"
0,1,3,2,"FBBCBB","","","","W","T",0,1,0,0,0,"F"
0,1,1,1,"11FB1X","maton001","","","S9/L9S.1-2","T",0,1,2,0,0,"F"
0,1,2,0,"B+2BX","torrr001","maton001","","1E4/SH/BG1S.2-3;1-2;B-1","T",0,1,2,3,0,"F"
0,1,0,2,"FC*B","wheez001","torrr001","maton001","OA.3-3;2-2;1-1","F",0,0,1,2,3,"F"
0,1,2,2,"FC*B.*BFX","wheez001","torrr001","maton001","9/SF/L9D.3-H(UR);2-3","T",1,0,1,3,5,"F"
0,2,1,0,"BX","wheez001","","torrr001","9/F9L","T",1,0,1,0,3,"F"
1,0,2,2,"CSBBS","","","","K","T",1,0,0,0,0,"F"
1,1,1,2,"CBSS","","","","K","T",1,0,0,0,0,"F"
1,2,0,0,"X","","","","3/G23","T",1,0,0,0,0,"F"
0,0,0,1,"FX","","","","S7/F7S","T",0,1,0,0,0,"F"
0,0,3,2,"SBC*BBFFB","mccua001","","","W.1-2","T",0,1,2,0,0,"F"
0,0,0,0,"X","hoskr001","mccua001","","13/SH/BG25-.2-3;1-2","T",1,0,2,3,0,"F"
0,1,1,1,"FBX","","hoskr001","mccua001","63/G6D+.3-H","T",1,0,0,2,4,"F"
0,2,1,2,"*BSFX","","hoskr001","","D7/L5D.2-H","T",0,2,0,4,0,"F"
0,2,3,1,"BFB*BX","","maton001","","S5/G56S.2-H(NR)(UR);B-2(E5/TH)","T",0,2,0,5,0,"F"
0,2,1,2,"SBFC","","torrr001","","K","T",1,0,0,2,0,"F"
1,0,2,2,".CBSBS","","","","K","T",1,0,0,0,0,"F"
1,1,3,2,"FBBFBX","","","","53/G6","T",1,0,0,0,0,"F"
1,2,1,2,"BCFFX","","","","9/F89","T",1,0,0,0,0,"F"
0,0,0,1,".FX","","","","S7/L78","T",0,1,0,0,0,"F"
0,0,0,2,"SFX","herro001","","","9/F9LS","T",1,0,1,0,0,"F"
0,1,0,2,"1FCX","herro001","","","9/F9","T",1,0,1,0,0,"F"
0,2,0,1,"SX","herro001","","","9/L9D","T",1,0,1,0,0,"F"
1,0,0,0,"X","","","","8/L89D+","T",1,0,0,0,0,"F"
1,1,1,2,"BCCC","","","","K","T",1,0,0,0,0,"F"
1,2,1,2,"FSBS","","","","K","T",1,0,0,0,0,"F"
0,0,0,0,"X","","","","8/L78D","T",1,0,0,0,0,"F"
0,1,2,2,"BCBSX","","","","63/G6","T",1,0,0,0,0,"F"
0,2,1,1,"BCX","","","","S9/L89S+","T",0,1,0,0,0,"F"
0,2,0,1,"SX","maton001","","","7/L7","T",1,0,1,0,0,"F"
1,0,1,0,"BX","","","","S8/G6","T",0,1,0,0,0,"F"
1,0,3,0,"BB1BB","mckib001","","","W.1-2","T",0,1,2,0,0,"F"
1,0,1,2,"CFFF*BX","pillk001","mckib001","","5/L56","T",1,0,1,2,0,"F"
1,1,0,0,"X","pillk001","mckib001","","14/SH/BG1S.2-3;1-2","T",1,0,2,3,0,"F"
1,2,0,1,"SX","","pillk001","mckib001","8/L8","T",1,0,0,2,3,"F"
0,0,3,2,"LSBFBBC","","","","K","T",1,0,0,0,0,"F"
0,1,1,2,"CFFBS","","","","K","T",1,0,0,0,0,"F"
0,2,0,1,"SX","","","","6/L6D","T",1,0,0,0,0,"F"
1,0,3,2,"CBBFFBS","","","","K","T",1,0,0,0,0,"F"
1,1,0,0,"X","","","","S7/G56+","T",0,1,0,0,0,"F"
1,1,3,2,"CSBFBFFFBFS","alonp001","","","K","T",1,0,1,0,0,"F"
1,2,0,1,"FX","alonp001","","","53/G5","T",1,0,1,0,0,"F"
0,0,0,1,"SX","","","","S9/F9S","T",0,1,0,0,0,"F"
0,0,3,2,"CBSB1*B>S","mccua001","","","K+CS2(24)/DP","T",2,0,0,0,0,"F"
0,2,2,2,"CFBBX","","","","D8/L78","T",0,2,0,0,0,"F"
0,2,1,2,"SBSS","","jankt001","","K","T",1,0,0,2,0,"F"
1,0,0,0,"X","","","","31/G34","T",1,0,0,0,0,"F"
1,1,1,2,"CBF*S","","","","K","T",1,0,0,0,0,"F"
1,2,3,1,"BBFBB","","","","W","T",0,1,0,0,0,"F"
1,2,2,2,".CS*BBFX","guill001","","","5/L6","T",1,0,1,0,0,"F"
0,0,0,0,".X","","","","7/F7","T",1,0,0,0,0,"F"
0,1,0,0,"X","","","","S7/L7S","T",0,1,0,0,0,"F"
0,1,0,0,".X","torrr001","","","7/F78XD","T",1,0,1,0,0,"F"
0,2,2,2,"F1BBFT","torrr001","","","K","T",1,0,1,0,0,"F"
1,0,1,1,".BCX","","","","13/G23","T",1,0,0,0,0,"F"
1,1,2,1,"BCBX","","","","D7/L5D+","T",0,2,0,0,0,"F"
1,1,2,1,"CBBX","","lindf001","","S8/G4+.2-H","T",0,1,0,4,0,"F"
1,1,2,2,"CBCBS","alonp001","","","K","T",1,0,1,0,0,"F"
1,2,0,2,"CFFS","alonp001","","","K","T",1,0,1,0,0,"F"
0,0,1,1,"SBX","","","","7/L78D","T",1,0,0,0,0,"F"
0,1,1,1,"FBX","","","","7/L78D+","T",1,0,0,0,0,"F"
0,2,0,0,"X","","","","63/G56","T",1,0,0,0,0,"F"
1,0,0,1,".CX","","","","6/L6M","T",1,0,0,0,0,"F"
1,1,1,0,"BX","","","","HR/F7D","T",0,4,0,0,0,"F"
1,1,1,1,"CBX","","","","63/G6M","T",1,0,0,0,0,"F"
1,2,2,2,".FFBBFFX","","","","43/G4","T",1,0,0,0,0,"F"
0,0,0,1,"CX","","","","6/L6D","T",1,0,0,0,0,"T"
0,1,3,2,"BCSBBT","","","","K","T",1,0,0,0,0,"F"
0,2,1,2,"BSFX","","","","D7/G5","T",0,2,0,0,0,"F"
0,2,0,2,"CFH","","adamw002","","HP","T",0,1,0,2,0,"F"
0,2,2,2,"CBBCFC","narvo001","adamw002","","K","T",1,0,1,2,0,"F"
1,0,0,1,"CX","","","","4/P4","T",1,0,0,0,0,"F"
1,1,1,0,"BX","","","","31/G34","T",1,0,0,0,0,"F"
1,2,3,2,"BBCSBFFS","","","","K","T",1,0,0,0,0,"F"
0,0,3,2,"BSSBFFBFB","","","","W","T",0,1,0,0,0,"F"
0,0,1,2,"1SSBS","petej002","","","K","T",1,0,1,0,0,"F"
0,1,0,2,"C11CFX","petej002","","","45(1)3/GDP/G34","T",2,0,0,0,0,"F"
1,0,2,2,"CCBBC","","","","K","T",1,0,0,0,0,"F"
1,1,2,1,"FBBX","","","","53/G6","T",1,0,0,0,0,"F"
1,2,1,0,"BX","","","","13/G23-","T",1,0,0,0,0,"F"
0,0,1,2,"BSSS","","","","K","T",1,0,0,0,0,"F"
0,1,1,1,"BCX","","","","63/G6","T",1,0,0,0,0,"F"
0,2,2,2,"FBCFFBS","","","","K","T",1,0,0,0,0,"F"
1,0,1,2,"TSFBS","","","","K","T",1,0,0,0,0,"F"
1,1,1,2,"SFBC","","","","K","T",1,0,0,0,0,"F"
1,2,0,2,"CCC","","","","K","T",1,0,0,0,0,"F"
0,0,2,2,"BBCSX","","","","53/G56","T",1,0,0,0,0,"F"
0,1,1,1,"BFX","","","","HR/F89XD","T",0,4,0,0,0,"F"
0,1,2,2,"CFBBS","","","","K","T",1,0,0,0,0,"F"
0,2,2,2,"FFBFFBFX","","","","7/F7L","T",1,0,0,0,0,"F"
1,0,1,2,"BFFX","","","","D7/L5","T",0,2,0,0,0,"F"
1,0,0,1,"LX","","nimmb001","","13/SH/BG1S-.2-3","T",1,0,0,3,0,"F"
1,1,0,1,"FX","","","nimmb001","8/SF/F8D.3-H","T",1,0,0,0,4,"F"
1,2,0,0,"X","","","","63/G6D","T",1,0,0,0,0,"F"
0,0,0,2,"FCS","","","","K","T",1,0,0,0,0,"F"
0,1,3,1,"BBBCX","","","","7/F5D","T",1,0,0,0,0,"F"
0,2,3,2,"BCBCBB","","","","W","T",0,1,0,0,0,"F"
0,2,2,2,"BBFSX","woodb005","","","53/G56","T",1,0,1,0,0,"F"
1,0,1,1,"FBX","","","","63/G4M+","T",1,0,0,0,0,"F"
1,1,0,2,"CFFFFX","","","","8/F8XD","T",1,0,0,0,0,"F"
1,2,1,0,"BX","","","","31/G34","T",1,0,0,0,0,"F"
0,0,0,2,".CSC","","","","K","T",1,0,0,0,0,"F"
0,1,1,2,"BCSX","","","","63/G6D","T",1,0,0,0,0,"F"
0,2,1,2,"BCFS","","","","K","T",1,0,0,0,0,"F"
1,0,1,2,"SFBC","","","","K","T",1,0,0,0,0,"F"
1,1,1,0,".BX","","","","31/G34","T",1,0,0,0,0,"F"
1,2,1,1,"CBX","","","","63/G6M+","T",1,0,0,0,0,"F"
0,0,0,2,".SFFS","","","","K","T",1,0,0,0,0,"F"
0,1,0,1,"CX","","","","3/G34","T",1,0,0,0,0,"F"
0,2,2,2,"CBBFFS","","","","K","T",1,0,0,0,0,"F"
1,0,3,1,"FBBBB","","","","W","T",0,1,0,0,0,"F"
1,0,1,0,"111BX","lindf001","","","S9/G4.1-3","T",0,1,3,0,0,"F"
1,0,0,0,"X","smitd008","","lindf001","D7/L5D+.3-H;1-H","T",0,2,4,0,4,"F"
1,0,0,0,"X","","alonp001","","13/G3S.2-3","T",1,0,0,3,0,"F"
1,1,1,1,"FBX","","","alonp001","S9/L34D.3-H","T",0,1,0,0,4,"F"
1,1,2,1,".B1SBX","confm001","","","46(1)/FO/G34.B-1","T",1,1,0,0,0,"F"
1,2,0,1,"1FX","villj001","","","64(1)/FO/G6.B-1","T",1,1,0,0,0,"F"
0,0,2,1,"...BBCX","","","","43/G34D","T",1,0,0,0,0,"F"
0,1,0,1,".FX","","","","9/L89D","T",1,0,0,0,0,"F"
0,2,0,0,"X","","","","S8/G6M+","T",0,1,0,0,0,"F"
0,2,0,0,"X","urial001","","","7/F7LD","T",1,0,1,0,0,"F"
1,0,1,2,".CBFFX","","","","S7/L7S","T",0,1,0,0,0,"F"
1,0,3,2,"BBFCBX","guill001","","","S8/L4MD.1-2","T",0,1,2,0,0,"F"
1,0,3,2,"CBFFFBBB","nimmb001","guill001","","W.2-3;1-2","T",0,1,2,3,0,"F"
1,0,0,2,".CSX","lindf001","nimmb001","guill001","9/F9S","T",1,0,1,2,3,"F"
1,1,0,1,"FX","lindf001","nimmb001","guill001","54(1)3/GDP/G56","T",2,0,0,2,3,"F"
0,0,0,1,".FX","","","","S9/L9LS+","T",0,1,0,0,0,"F"
0,0,3,1,"S1BBBB","adamw002","","","W.1-2","T",0,1,2,0,0,"F"
0,0,2,2,"CT*B*BX","narvo001","adamw002","","S7/G25+.2-H;1-2","T",0,1,2,4,0,"F"
0,0,3,2,"BBCFFBS","taylt002","narvo001","","K","T",1,0,1,2,0,"F"
0,1,0,2,"CFFS","taylt002","narvo001","","K","T",1,0,1,2,0,"F"
0,2,0,0,"X","taylt002","narvo001","","7/F7L","T",1,0,1,2,0,"F"
0,0,2,1,"BBFX","","","","HR/F78XD","T",0,4,0,0,0,"T"
0,0,1,2,"BSSC","","","","K","T",1,0,0,0,0,"F"
0,1,0,2,"CFS","","","","K","T",1,0,0,0,0,"F"
0,2,1,0,"BX","","","","53/G15-","T",1,0,0,0,0,"F"
1,0,3,2,"BCFBBFX","","","","D8/L78D+","T",0,2,0,0,0,"F"
1,0,2,2,"BFBFX","","nimmb001","","S7/F56D.2-H","T",0,1,0,4,0,"F"
1,0,0,2,"1C11M+1C","lindf001","","","K","T",1,0,1,0,0,"F"
1,1,0,1,"S1X","lindf001","","","S8/G4M.1-2","T",0,1,2,0,0,"F"
1,1,1,1,"CBB","alonp001","lindf001","","WP.2-3;1-2","F",0,0,2,3,0,"F"
1,1,2,2,"CBB.FT","","alonp001","lindf001","K","T",1,0,0,2,3,"F"
1,2,0,2,"CCFX","","alonp001","lindf001","43/G34","T",1,0,0,2,3,"F"
0,0,0,0,"X","","","","63/G6","T",1,0,0,0,0,"F"
0,1,2,2,"CBBSX","","","","53/G6","T",1,0,0,0,0,"F"
0,2,1,2,"BSSX","","","","13/G1S","T",1,0,0,0,0,"F"
1,0,1,0,"BX","","","","53/G6","T",1,0,0,0,0,"F"
1,1,1,1,"BCX","","","","S9/L89S+","T",0,1,0,0,0,"F"
1,1,2,2,"BCMBX","nidot001","","","4/L4D","T",1,0,1,0,0,"F"
1,2,0,2,"CFS","nidot001","","","K","T",1,0,1,0,0,"F"
0,0,2,0,"BBX","","","","31/G3+","T",1,0,0,0,0,"F"
0,1,1,2,"CCBS","","","","K","T",1,0,0,0,0,"F"
0,2,0,0,"X","","","","6/P56","T",1,0,0,0,0,"F"
1,0,1,2,"CBS*S","","","","K.BX1(23)","T",1,0,0,0,0,"F"
1,1,1,0,"BX","","","","9/F9D","T",1,0,0,0,0,"F"
1,2,0,0,"X","","","","31/G34","T",1,0,0,0,0,"F"
0,0,1,2,"CBFC","","","","K","T",1,0,0,0,0,"F"
0,1,0,2,"CFC","","","","K","T",1,0,0,0,0,"F"
0,2,0,2,"CFS","","","","K","T",1,0,0,0,0,"F"
1,0,1,1,"BFX","","","","8/F8XD+","T",1,0,0,0,0,"F"
1,1,2,2,"BSFBC","","","","K","T",1,0,0,0,0,"F"
1,2,2,2,"BSFBS","","","","K","T",1,0,0,0,0,"F"
0,0,0,2,"SFX","","","","8/F89","T",1,0,0,0,0,"F"
0,1,2,2,"SSBBX","","","","HR/F89XD","T",0,4,0,0,0,"F"
0,1,1,2,"CBSS","","","","K","T",1,0,0,0,0,"F"
0,2,0,2,"FFS","","","","K","T",1,0,0,0,0,"F"
1,0,0,2,"CTX","","","","E5/G56.B-1","T",0,1,0,0,0,"F"
1,0,0,0,"X","nidot001","","","5/BP25-","T",1,0,1,0,0,"F"
1,1,3,1,"BBFBX","nidot001","","","74(1)/FO/F6D.B-1","T",1,1,0,0,0,"F"
1,2,1,1,"11BC11>C","nimmb001","","","CS2(26)","F",1,0,0,0,0,"F"
0,0,1,2,"CCBFX","","","","13/G1","T",1,0,0,0,0,"F"
0,1,3,2,"BBCBTFX","","","","S8/F78","T",0,1,0,0,0,"F"
0,1,0,0,"X","urial001","","","46(1)3/GDP/G4+","T",2,0,0,0,0,"F"
1,0,2,2,"CBFBC","","","","K","T",1,0,0,0,0,"F"
1,1,1,2,"CBFS","","","","K","T",1,0,0,0,0,"F"
1,2,3,1,"BBFBX","","","","D8/L78D+","T",0,2,0,0,0,"F"
1,2,0,1,".FX","","mckib001","","S15/G15.2-3","T",0,1,0,3,0,"F"
1,2,1,1,".BFH","mcnej002","","mckib001","HP.1-2","T",0,1,2,0,3,"F"
1,2,0,1,"CX","confm001","mcnej002","mckib001","43/G4","T",1,0,1,2,3,"F"
0,0,0,0,"..X","","","","53/G56","T",1,0,0,0,0,"F"
0,1,2,2,"BBCSFS","","","","K","T",1,0,0,0,0,"F"
0,2,2,0,"BBX","","","","S8/L8D+","T",0,1,0,0,0,"F"
0,2,3,2,"BSBFB>C","garca003","","","K","T",1,0,1,0,0,"F"
1,0,2,2,"..BBCSS","","","","K","T",1,0,0,0,0,"F"
1,1,0,0,".X","","","","HR/F78XD","T",0,4,0,0,0,"F"
1,1,0,2,"SSS","","","","K","T",1,0,0,0,0,"F"
1,2,2,2,"SBBFX","","","","7/F7S","T",1,0,0,0,0,"F"
0,0,2,2,".....BBSCFS","","petej002","","K","T",1,0,0,2,0,"F"
0,1,1,0,"BX","","petej002","","63/G6M.2-3","T",1,0,0,3,0,"F"
0,2,3,2,".FBBBFB","","","petej002","W","T",0,1,0,0,3,"F"
0,2,1,1,"BF>B","taylt002","","petej002","SB2","F",0,0,2,0,3,"F"
0,2,3,1,"BF>B.BB","","taylt002","petej002","W","T",0,1,0,2,3,"F"
0,2,0,0,"H","urial001","taylt002","petej002","HP.3-H(UR);2-3;1-2","T",0,1,2,3,5,"F"
0,2,2,2,"BCBSFS","yelic001","urial001","taylt002","K","T",1,0,1,2,3,"F"
1,0,2,2,".....BFF*BH","","lindf001","","HP","T",0,1,0,2,0,"F"
1,0,3,2,"BCFFBFBFB","smitd008","lindf001","","W.2-3;1-2","T",0,1,2,3,0,"F"
1,0,2,1,"CBBX","mccaj001","smitd008","lindf001","S8/G4+.3-H(UR);2-H;1-2","T",0,1,2,4,5,"F"
0,0,1,0,"BX","","","","7/L7D","T",1,0,0,0,0,"T"
0,1,3,1,"CBBBB","","","","W","T",0,1,0,0,0,"F"
0,1,2,2,"1CSB1BS","yelic001","","","K","T",1,0,1,0,0,"F"
0,2,2,0,"BBX","yelic001","","","S9/L34D+.1-2","T",0,1,2,0,0,"F"
0,2,2,0,"BBX","tellr001","yelic001","","64(1)/FO/G56D.B-1","T",1,1,0,2,0,"F"
1,0,0,0,"X","","","","53/G56S","T",1,0,0,0,0,"F"
1,1,2,1,"CBBX","","","","63/G6+","T",1,0,0,0,0,"F"
1,2,2,2,"CCBFBX","","","","S9/L9S+","T",0,1,0,0,0,"F"
1,2,1,1,"BCX","smitd008","","","9/F9","T",1,0,1,0,0,"F"
0,0,3,1,"CBBBB","","","","W","T",0,1,0,0,0,"F"
0,0,3,2,"B1FB1BFX","petej002","","","HR/F89XD.1-H","T",0,4,4,0,0,"F"
0,0,2,2,"BCBFX","","","","63/G4MD+","T",1,0,0,0,0,"F"
0,1,1,2,"CFFBS","","","","K","T",1,0,0,0,0,"F"
0,2,0,1,"CX","","","","S7/L7","T",0,1,0,0,0,"F"
0,2,1,2,"BF1F1C","urial001","","","K","T",1,0,1,0,0,"F"
1,0,1,1,"BCX","","","","S5/G5","T",0,1,0,0,0,"F"
1,0,0,1,"CX","mccaj001","","","46(1)3/GDP/G34","T",2,0,0,0,0,"F"
1,2,1,0,"BX","","","","53/G5","T",1,0,0,0,0,"F"
0,0,1,2,"CFBS","","","","K","T",1,0,0,0,0,"F"
0,1,0,1,"CX","","","","7/F7LF/FL","T",1,0,0,0,0,"F"
0,2,1,1,"CBX","","","","8/F8S","T",1,0,0,0,0,"F"
1,0,2,1,"BBCX","","","","3/P3F/FL","T",1,0,0,0,0,"F"
1,1,2,2,"BSFBS","","","","K","T",1,0,0,0,0,"F"
1,2,0,1,"CX","","","","53/G56","T",1,0,0,0,0,"F"
0,0,1,2,"SSFBX","","","","S9/L9L","T",0,1,0,0,0,"F"
0,0,1,2,"CBSX","petej002","","","54(1)3/GDP/G56","T",2,0,0,0,0,"F"
0,2,1,2,"CCFBS","","","","K","T",1,0,0,0,0,"F"
1,0,2,2,"CBBFX","","","","S8/L8S","T",0,1,0,0,0,"F"
1,0,2,2,"B*BFF>X","lindf001","","","9/F9D","T",1,0,1,0,0,"F"
1,1,0,1,"C1X","lindf001","","","64(1)3/GDP/G6","T",2,0,0,0,0,"F"
0,0,1,2,"..FBTS","","","","K","T",1,0,0,0,0,"F"
0,1,0,2,"CFS","","","","K","T",1,0,0,0,0,"F"
0,2,2,2,"BBTCX","","","","7/L7D+","T",1,0,0,0,0,"F"
1,0,0,2,".CSX","","","","7/F7","T",1,0,0,0,0,"F"
1,1,0,2,"CSS","","","","K","T",1,0,0,0,0,"F"
1,2,2,2,"CSBFBX","","","","3/P3SF/FL","T",1,0,0,0,0,"F"
0,0,1,2,"BSCX","","","","HR/F78XD","T",0,4,0,0,0,"F"
0,0,2,2,"BBCFFX","","","","43/G34","T",1,0,0,0,0,"F"
0,1,1,2,"CSBFS","","","","K","T",1,0,0,0,0,"F"
0,2,3,2,"BCBCBB","","","","W","T",0,1,0,0,0,"F"
0,2,1,1,"CBX","petej002","","","64(1)/FO/G56.B-1","T",1,1,0,0,0,"F"
1,0,3,2,"..BCFBBFFFB","","","","W","T",0,1,0,0,0,"F"
1,0,3,2,".BTFFB1BB","nimmb001","","","W.1-2","T",0,1,2,0,0,"F"
1,0,3,0,"BBBB","mcnej002","nimmb001","","W.2-3;1-2","T",0,1,2,3,0,"F"
1,0,2,2,"BCFBFC","villj001","mcnej002","nimmb001","K","T",1,0,1,2,3,"F"
1,1,1,2,"BSFS","villj001","mcnej002","nimmb001","K","T",1,0,1,2,3,"F"
1,2,1,2,"CFFFBS","villj001","mcnej002","nimmb001","K","T",1,0,1,2,3,"F"
0,0,0,0,".....H","","","","HP","T",0,1,0,0,0,"F"
0,0,2,2,".BF1BFB","bradj001","","","WP.1-2","F",0,0,2,0,0,"F"
0,0,3,2,".BF1BFB.X","","bradj001","","8/F8","T",1,0,0,2,0,"F"
0,1,1,2,"CFBFX","","bradj001","","HR/F7D.2-H","T",0,4,0,4,0,"F"
0,1,3,2,".CCBBBFX","","","","S7/G5+","T",0,1,0,0,0,"F"
0,1,0,0,"X","yelic001","","","8/F8XD","T",1,0,1,0,0,"F"
0,2,0,2,"CSS","yelic001","","","K","T",1,0,1,0,0,"F"
1,0,2,2,".CBFBX","","","","9/F9S","T",1,0,0,0,0,"F"
1,1,2,0,"BBX","","","","3/G3","T",1,0,0,0,0,"F"
1,2,0,2,"FSS","","","","K","T",1,0,0,0,0,"F"
0,0,0,1,"CX","","","","3/G3","T",1,0,0,0,0,"T"
0,1,3,1,"BBCBX","","","","63/G6+","T",1,0,0,0,0,"F"
0,2,0,2,"SFX","","","","13/G1S+","T",1,0,0,0,0,"F"
1,0,2,2,"CFBBFFS","","","","K","T",1,0,0,0,0,"F"
1,1,1,2,"FBCX","","","","8/F8XD","T",1,0,0,0,0,"F"
1,2,2,2,"BCBSC","","","","K","T",1,0,0,0,0,"F"
0,0,3,2,"BFBBFB","","","","W","T",0,1,0,0,0,"F"
0,0,1,0,"B1X","gameb001","","","D9/L9.1-3","T",0,2,3,0,0,"F"
0,0,3,2,"CFBBB*B","","nogoj001","gameb001","W","T",0,1,0,2,3,"F"
0,0,2,2,"CCFBBH","newmk001","nogoj001","gameb001","HP.3-H;2-3;1-2","T",0,1,2,3,4,"F"
0,0,1,2,"CBSFT","perem005","newmk001","nogoj001","K","T",1,0,1,2,3,"F"
0,1,0,1,"CX","perem005","newmk001","nogoj001","64(1)3/GDP/G6D","T",2,0,0,2,3,"F"
1,0,0,0,"X","","","","7/F7L","T",1,0,0,0,0,"F"
1,1,2,2,"BFBSC","","","","K","T",1,0,0,0,0,"F"
1,2,3,2,"BCBBFFFC","","","","K","T",1,0,0,0,0,"F"
0,0,3,2,"CBBFBFFX","","","","53/G56","T",1,0,0,0,0,"F"
0,1,0,2,"CCS","","","","K","T",1,0,0,0,0,"F"
0,2,1,0,"BX","","","","43/G34D","T",1,0,0,0,0,"F"
1,0,0,0,"X","","","","HR/F89XD","T",0,4,0,0,0,"F"
1,0,1,0,"BX","","","","S9/L4D","T",0,1,0,0,0,"F"
1,0,2,2,"BCBLL","mccaj001","","","K","T",1,0,1,0,0,"F"
1,1,3,1,"TB*BBX","mccaj001","","","D8/L89D+.1-H","T",0,2,4,0,0,"F"
1,1,1,2,"CBSS","","nimmb001","","K","T",1,0,0,2,0,"F"
1,2,1,1,"BTX","","nimmb001","","8/F8XD","T",1,0,0,2,0,"F"
0,0,0,0,"X","","","","S4/G4M","T",0,1,0,0,0,"F"
0,0,3,2,"CBFBB11X","gameb001","","","3/P34S","T",1,0,1,0,0,"F"
0,1,1,0,"B>S","gameb001","","","CS2(24)","F",1,0,0,0,0,"F"
0,2,1,1,"B>S.X","","","","8/F8D","T",1,0,0,0,0,"F"
1,0,1,1,"BCX","","","","53/G56","T",1,0,0,0,0,"F"
1,1,1,0,"BX","","","","63/G8S","T",1,0,0,0,0,"F"
1,2,0,0,"X","","","","63/G4","T",1,0,0,0,0,"F"
0,0,3,1,"FBBBX","","","","7/F7LD","T",1,0,0,0,0,"F"
0,1,0,0,"X","","","","D9/L9LD","T",0,2,0,0,0,"F"
0,1,2,2,"CCBFB>B","","olivj003","","SB3","F",0,0,0,3,0,"F"
0,1,3,2,"CCBFB>B.B","","","olivj003","W","T",0,1,0,0,3,"F"
0,1,1,2,"BFFX","brubj001","","olivj003","S9/L9S.3-H;1-2","T",0,1,2,0,4,"F"
0,1,3,2,"*BBSFBX","fraza001","brubj001","","9/L9D+","T",1,0,1,2,0,"F"
0,2,0,2,"CFX","fraza001","brubj001","","31/G3","T",1,0,1,2,0,"F"
1,0,3,1,"BBBCX","","","","8/F8","T",1,0,0,0,0,"F"
1,1,3,2,"BSFBBFS","","","","K","T",1,0,0,0,0,"F"
1,2,2,1,".BBCX","","","","5/P5F/FL","T",1,0,0,0,0,"F"
0,0,2,2,".BCBCFS","","","","K","T",1,0,0,0,0,"F"
0,1,3,2,"FBBSBB","","","","W","T",0,1,0,0,0,"F"
0,1,2,2,"BCBCX","nogoj001","","","46(1)/FO/G4D+.B-1","T",1,1,0,0,0,"F"
0,2,0,2,"1CFF1X","newmk001","","","63/G4","T",1,0,1,0,0,"F"
1,0,1,1,"BFX","","","","S9/G3","T",0,1,0,0,0,"F"
1,0,3,2,"1FFB1B*B+1>B","nimmb001","","","W.1-2","T",0,1,2,0,0,"F"
1,0,1,2,"F*BSX","lindf001","nimmb001","","S9/G34+.2-H;1-3","T",0,1,3,4,0,"F"
1,0,0,0,"X","smitd008","","lindf001","HR/F89XD.3-H;1-H","T",0,4,4,0,4,"F"
1,0,1,2,".FBTX","","","","S5/G56","T",0,1,0,0,0,"F"
1,0,3,2,"BCBSB11B","mcnej002","","","W.1-2","T",0,1,2,0,0,"F"
1,0,3,2,"BSBBSFC","confm001","mcnej002","","K","T",1,0,1,2,0,"F"
1,1,3,1,"CB*BBB","confm001","mcnej002","","W.2-3;1-2","T",0,1,2,3,0,"F"
1,1,1,1,".BSH","mccaj001","confm001","mcnej002","HP.3-H;2-3;1-2","T",0,1,2,3,4,"F"
1,1,3,2,"BBCBCB","peraj003","mccaj001","confm001","W.3-H;2-3;1-2","T",0,1,2,3,4,"F"
1,1,1,0,".BX","nimmb001","peraj003","mccaj001","HR/F78XD.3-H;2-H;1-H","T",0,4,4,4,4,"F"
1,1,0,2,"FFS","","","","K","T",1,0,0,0,0,"F"
1,2,1,1,"BCX","","","","8/F89XD","T",1,0,0,0,0,"F"
0,0,2,2,".BFSBX","","","","3/P4S","T",1,0,0,0,0,"F"
0,1,1,0,".BX","","","","HR/F89XD","T",0,4,0,0,0,"F"
0,1,3,2,"CBBFBX","","","","D9/F89XD","T",0,2,0,0,0,"F"
0,1,3,1,"CBBBB","","fraza001","","W","T",0,1,0,2,0,"F"
0,1,0,1,"FX","hayek001","fraza001","","5/P56","T",1,0,1,2,0,"F"
0,2,1,1,"BSX","hayek001","fraza001","","8/F89XD","T",1,0,1,2,0,"F"
1,0,3,2,".....FFBBBX","","","","5/P5F/FL","T",1,0,0,0,0,"F"
1,1,2,2,"CCBBS","","","","K","T",1,0,0,0,0,"F"
1,2,1,0,"BX","","","","HR/F78XD","T",0,4,0,0,0,"F"
1,2,0,1,"CX","","","","S9/L34D","T",0,1,0,0,0,"F"
1,2,0,2,"FSS","mccaj001","","","K","T",1,0,1,0,0,"F"
0,0,0,1,".CX","","","","S7/L7","T",0,1,0,0,0,"F"
0,0,0,0,"X","nogoj001","","","S7/G56.1-2","T",0,1,2,0,0,"F"
0,0,3,2,"BBSBFX","newmk001","nogoj001","","9/F9L+","T",1,0,1,2,0,"F"
0,1,0,2,"FFX","newmk001","nogoj001","","8/F89","T",1,0,1,2,0,"F"
0,2,1,0,"BX","newmk001","nogoj001","","3/P3S","T",1,0,1,2,0,"F"
1,0,3,2,"SSBBBFS","","","","K","T",1,0,0,0,0,"F"
1,1,3,2,"CBBBFFFS","","","","K","T",1,0,0,0,0,"F"
1,2,1,2,"CSBX","","","","4/L9S","T",1,0,0,0,0,"F"
0,0,3,1,".BFBBB","","","","W","T",0,1,0,0,0,"F"
0,0,3,2,"BB*BCCB","difow001","","","W.1-2","T",0,1,2,0,0,"F"
0,0,2,1,".FBBX","hayek001","difow001","","36(1)/FO/G34.2-3;B-1","T",1,1,0,3,0,"F"
0,1,1,0,"BX","tuckc001","","difow001","4/L4","T",1,0,1,0,3,"F"
0,2,2,2,"BCBFFX","tuckc001","","difow001","S7/G56.3-H;1-2","T",0,1,2,0,4,"F"
0,2,1,2,"CC*BX","nogoj001","tuckc001","","7/F78D","T",1,0,1,2,0,"F"
0,0,1,0,"BX","","","","8/L78D","T",1,0,0,0,0,"T"
0,1,1,2,"CBSS","","","","K","T",1,0,0,0,0,"F"
0,2,1,0,"BX","","","","8/F8XD+","T",1,0,0,0,0,"F"
1,0,2,1,"BCBX","","","","S9/L9S+","T",0,1,0,0,0,"F"
1,0,0,1,"SX","nimmb001","","","8/F8D","T",1,0,1,0,0,"F"
1,1,1,1,"CBX","nimmb001","","","S8/L8S.1-3","T",0,1,3,0,0,"F"
1,1,1,1,"BSX","smitd008","","nimmb001","3/P3SF/FL","T",1,0,1,0,3,"F"
1,2,1,0,"BX","smitd008","","nimmb001","S7/L56D.3-H;1-2","T",0,1,2,0,4,"F"
1,2,0,2,"FSS","pillk001","smitd008","","K","T",1,0,1,2,0,"F"
0,0,0,2,"CFX","","","","31/G34","T",1,0,0,0,0,"F"
0,1,0,2,"CCS","","","","K","T",1,0,0,0,0,"F"
0,2,1,2,"SSBFX","","","","7/F7S","T",1,0,0,0,0,"F"
1,0,1,1,"CBX","","","","63/G6S","T",1,0,0,0,0,"F"
1,1,1,1,"FBX","","","","S8/L89D","T",0,1,0,0,0,"F"
1,1,0,0,"X","nidot001","","","16(1)/FO/BG23.B-1","T",1,1,0,0,0,"F"
1,2,0,2,"SSX","strom001","","","46(1)/FO/G4.B-1","T",1,1,0,0,0,"F"
0,0,1,2,"CBSX","","","","3/G3","T",1,0,0,0,0,"F"
0,1,1,0,"BX","","","","43/G4+","T",1,0,0,0,0,"F"
0,2,1,2,"CBFS","","","","K","T",1,0,0,0,0,"F"
1,0,1,1,"FBX","","","","8/F78XD","T",1,0,0,0,0,"F"
1,1,3,2,"BSSBBX","","","","63/G6MD","T",1,0,0,0,0,"F"
1,2,1,2,"SBSX","","","","9/L9D","T",1,0,0,0,0,"F"
0,0,3,1,"BSBBX","","","","S7/L78S","T",0,1,0,0,0,"F"
0,0,0,0,"X","fraza001","","","9/L9","T",1,0,1,0,0,"F"
0,1,1,1,"S*BX","fraza001","","","S9/F89S.1-3","T",0,1,3,0,0,"F"
0,1,1,2,"TB*SS","reynb001","","fraza001","K","T",1,0,1,0,3,"F"
0,2,3,1,"*BFBBX","reynb001","","fraza001","D7/G5+.3-H;1-H","T",0,2,4,0,4,"F"
0,2,2,2,"FS*BBFS","","nogoj001","","K","T",1,0,0,2,0,"F"
1,0,3,2,"CSFFBBBFS","","","","K","T",1,0,0,0,0,"F"
1,1,0,0,"X","","","","HR/F7D","T",0,4,0,0,0,"F"
1,1,1,1,"SBX","","","","7/F7S","T",1,0,0,0,0,"F"
1,2,0,0,"X","","","","8/F8XD","T",1,0,0,0,0,"F"
0,0,1,2,"SBSX","","","","S4/G4","T",0,1,0,0,0,"F"
0,0,1,1,"FBX","perem005","","","6(1)3/GDP/G4M+","T",2,0,0,0,0,"F"
0,2,1,1,"BCX","","","","HR/F9D","T",0,4,0,0,0,"F"
0,2,2,2,"BFBFX","","","","63/G4M","T",1,0,0,0,0,"F"
1,0,1,2,".CTBX","","","","S7/L78S","T",0,1,0,0,0,"F"
1,0,0,1,"L1X","mcnej002","","","46(1)/FO/G34.B-1","T",1,1,0,0,0,"F"
1,1,2,0,"BBX","nimmb001","","","6/P6MD","T",1,0,1,0,0,"F"
1,2,0,1,"S11X","nimmb001","","","7/F7","T",1,0,1,0,0,"F"
0,0,3,1,"..BBCBB","","","","W","T",0,1,0,0,0,"F"
0,0,1,1,"1FBX","hayek001","","","HR/L89XD.1-H","T",0,4,4,0,0,"F"
0,0,3,2,"BCSBBFX","","","","9/F9D","T",1,0,0,0,0,"F"
0,1,0,1,"CX","","","","S7/G56","T",0,1,0,0,0,"F"
0,1,3,2,"BBFCBB","nogoj001","","","W.1-2","T",0,1,2,0,0,"F"
0,1,1,2,"FC*B*S","difow001","nogoj001","","K","T",1,0,1,2,0,"F"
0,2,2,0,"B*BX","difow001","nogoj001","","3/P13","T",1,0,1,2,0,"F"
1,0,1,2,"..CFBS","","","","K","T",1,0,0,0,0,"F"
1,1,2,1,"BCBX","","","","S67/G6","T",0,1,0,0,0,"F"
1,1,0,0,"X","pillk001","","","9/F89D+","T",1,0,1,0,0,"F"
1,2,0,0,".X","pillk001","","","9/F9D","T",1,0,1,0,0,"F"
0,0,0,1,".FX","","","","S7/G56","T",0,1,0,0,0,"F"
0,0,0,2,"11FFFS","olivj003","","","K","T",1,0,1,0,0,"F"
0,1,0,1,"F1>*B","olivj003","","","SB2","F",0,0,2,0,0,"F"
0,1,1,1,"F1>*B.X","","olivj003","","D8/G6M.2-H","T",0,2,0,4,0,"F"
0,1,3,0,"VVVV","","hayek001","","IW","T",0,1,0,2,0,"F"
0,1,0,2,"CCFS","reynb001","hayek001","","K","T",1,0,1,2,0,"F"
0,2,3,2,"CBCBB>X","reynb001","hayek001","","7/F7D","T",1,0,1,2,0,"F"
1,0,1,2,"..BCFC","","","","K","T",1,0,0,0,0,"F"
1,1,0,1,"CX","","","","5/P5F/FL","T",1,0,0,0,0,"F"
1,2,1,2,"SFBFFS","","","","K","T",1,0,0,0,0,"F"
0,0,2,2,"FFFBFBFS","","","","K","T",1,0,0,0,0,"T"
0,1,0,2,"FSS","","","","K","T",1,0,0,0,0,"F"
0,2,3,2,"FSBFBFFBX","","","","4/P3","T",1,0,0,0,0,"F"
1,0,2,2,"BBCFFC","","","","K","T",1,0,0,0,0,"F"
1,1,1,0,"BX","","","","S8/L89+","T",0,1,0,0,0,"F"
1,1,3,2,"BBF11BS>B","lindf001","","","W.1-2","T",0,1,2,0,0,"F"
1,1,2,2,"FBFFBS","smitd008","lindf001","","K","T",1,0,1,2,0,"F"
1,2,0,1,"FX","smitd008","lindf001","","D9/L89D+.2-H;1-H","T",0,2,4,4,0,"F"
1,2,3,2,"FBBFBFB","","mcnej002","","W","T",0,1,0,2,0,"F"
1,2,1,1,"BFX","confm001","mcnej002","","8/F8","T",1,0,1,2,0,"F"
0,0,3,1,"BSBBB","","","","W","T",0,1,0,0,0,"F"
0,0,0,2,"FFC","gameb001","","","K","T",1,0,1,0,0,"F"
0,1,1,2,"1CBCS","gameb001","","","K","T",1,0,1,0,0,"F"
0,2,3,2,"C1BFBF1B>B","gameb001","","","W.1-2","T",0,1,2,0,0,"F"
0,2,2,2,"FBBCX","stalj001","gameb001","","43/G6MS","T",1,0,1,2,0,"F"
1,0,2,2,"CBSBFFX","","","","3/P3F/FL","T",1,0,0,0,0,"F"
1,1,1,2,"FCBS","","","","K","T",1,0,0,0,0,"F"
1,2,1,0,"BX","","","","31/G3","T",1,0,0,0,0,"F"
0,0,0,1,"CX","","","","31/G3","T",1,0,0,0,0,"F"
0,1,0,0,"X","","","","S5/BG25","T",0,1,0,0,0,"F"
0,1,2,2,"1BBC1FX","newmk001","","","S9/G34+.1-3","T",0,1,3,0,0,"F"
0,1,1,2,"FBF>FF11X","hayek001","","newmk001","S9/L9+.3-H;1-2","T",0,1,2,0,4,"F"
0,1,1,1,"CBX","reynb001","hayek001","","6/F56D","T",1,0,1,2,0,"F"
0,2,1,2,"BCFFS","reynb001","hayek001","","K","T",1,0,1,2,0,"F"
1,0,2,2,"BSBCFS","","","","K","T",1,0,0,0,0,"F"
1,1,0,2,"FFS","","","","K","T",1,0,0,0,0,"F"
1,2,1,1,"CBX","","","","HR/F7LD+","T",0,4,0,0,0,"F"
1,2,1,0,"BX","","","","S8/L89S","T",0,1,0,0,0,"F"
1,2,3,2,"SBBCB>*B","mcnej002","","","W.1-2","T",0,1,2,0,0,"F"
1,2,3,1,"BBF*BX","confm001","mcnej002","","5/P5F/FL","T",1,0,1,2,0,"F"
0,0,2,2,"FSBBC","","","","K","T",1,0,0,0,0,"F"
0,1,0,2,"FFC","","","","K","T",1,0,0,0,0,"F"
0,2,3,2,"BSFBFBB","","","","W","T",0,1,0,0,0,"F"
0,2,1,2,".1BFFX","olivj003","","","S7/G56.1-2","T",0,1,2,0,0,"F"
0,2,0,1,".CX","difow001","olivj003","","64(1)/FO/G6+.B-1","T",1,1,0,2,0,"F"
1,0,0,0,".X","","","","S7/L78","T",0,1,0,0,0,"F"
1,0,0,2,".CFX","mccaj001","","","14(1)/FO/G1.B-1","T",1,1,0,0,0,"F"
1,1,3,2,"BFB1B1>FB","pillk001","","","W.1-2","T",0,1,2,0,0,"F"
1,1,1,2,"FFBX","nimmb001","pillk001","","23/G2-.2-3;1-2","T",1,0,2,3,0,"F"
1,2,3,2,"FBBFFBFX","","nimmb001","pillk001","3/L34","T",1,0,0,2,3,"F"
0,0,0,1,"..CX","","","","43/G6M","T",1,0,0,0,0,"F"
0,1,0,1,"SX","","","","3/G23","T",1,0,0,0,0,"F"
0,2,3,2,"BBFBFB","","","","W","T",0,1,0,0,0,"F"
0,2,0,2,"FFX","gameb001","","","64(1)/FO/G6D.B-1","T",1,1,0,0,0,"F"
1,0,2,1,"CBBX","","","","43/G4M","T",1,0,0,0,0,"F"
1,1,1,2,"FCBFX","","","","7/F7","T",1,0,0,0,0,"F"
1,2,3,1,"CBBBB","","","","W","T",0,1,0,0,0,"F"
1,2,2,2,"BSCBX","confm001","","","43/G4","T",1,0,1,0,0,"F"
0,0,0,0,"X","","","","43/G4","T",1,0,0,0,0,"F"
0,1,2,2,"CFBBX","","","","HR/F7D+","T",0,4,0,0,0,"F"
0,1,0,0,"X","","","","9/F9","T",1,0,0,0,0,"F"
0,2,0,1,".CX","","","","7/L78D","T",1,0,0,0,0,"F"
1,0,3,2,".BBBCFB","","","","W","T",0,1,0,0,0,"F"
1,0,1,2,"CLBX","mccaj001","","","53/G56S.1-2","T",1,0,2,0,0,"F"
1,1,3,2,"CFFBFBBC","","mccaj001","","K","T",1,0,0,2,0,"F"
1,2,3,0,"VVVV","","mccaj001","","IW","T",0,1,0,2,0,"F"
1,2,1,1,".BCX","lindf001","mccaj001","","S8/G6.2-H;1-2","T",0,1,2,4,0,"F"
1,2,1,2,"CSBFX","mckib001","lindf001","","54(1)/FO/G56.B-1","T",1,1,0,2,0,"F"
0,0,1,2,".BSFS","","","","K","T",1,0,0,0,0,"F"
0,1,0,2,"CSC","","","","K","T",1,0,0,0,0,"F"
0,2,0,2,"CSS","","","","K","T",1,0,0,0,0,"F"
0,0,1,2,"TFBS","","","","K","T",1,0,0,0,0,"T"
0,1,3,1,"BBBCX","","","","43/G6M+","T",1,0,0,0,0,"F"
0,2,2,2,"SBCBC","","","","K","T",1,0,0,0,0,"F"
1,0,2,2,"BCCFFBX","","","","D9/L4D+","T",0,2,0,0,0,"F"
1,0,2,2,"BBFFX","","nimmb001","","HR/F89XD.2-H","T",0,4,0,4,0,"F"
1,0,3,2,"CBBCBB","","","","W","T",0,1,0,0,0,"F"
1,0,1,0,"BX","smitd008","","","3/P3F/FL","T",1,0,1,0,0,"F"
1,1,3,0,"BBBB","smitd008","","","W.1-2","T",0,1,2,0,0,"F"
1,1,1,1,"CBX","mcnej002","smitd008","","HR/F8XD.2-H;1-H","T",0,4,4,4,0,"F"
1,1,0,0,"X","","","","3/G3+","T",1,0,0,0,0,"F"
1,2,0,2,"FFS","","","","K","T",1,0,0,0,0,"F"
0,0,3,1,"BBBCX","","","","S9/L89S","T",0,1,0,0,0,"F"
0,0,1,0,"BX","nogoj001","","","7/L78","T",1,0,1,0,0,"F"
0,1,0,0,"X","nogoj001","","","S8/G1S+.1-2","T",0,1,2,0,0,"F"
0,1,0,2,"CSFX","difow001","nogoj001","","64(1)3/GDP/G6","T",2,0,0,2,0,"F"
1,0,1,2,".BCFT","","","","K","T",1,0,0,0,0,"F"
1,1,0,2,"CSS","","","","K","T",1,0,0,0,0,"F"
1,2,3,2,"BCBBCFB","","","","W","T",0,1,0,0,0,"F"
1,2,2,1,"B1BFX","lindf001","","","3/G3","T",1,0,1,0,0,"F"
0,0,3,1,".BBBCX","","","","6/L4D","T",1,0,0,0,0,"F"
0,1,0,1,"CX","","","","63/G6","T",1,0,0,0,0,"F"
0,2,1,1,"CBX","","","","S7/L6D","T",0,1,0,0,0,"F"
0,2,2,0,"BBX","fraza001","","","53/G5","T",1,0,1,0,0,"F"
1,0,0,1,"CX","","","","6/L6D+","T",1,0,0,0,0,"F"
1,1,2,2,"FBFBFFFX","","","","7/F7LS","T",1,0,0,0,0,"F"
1,2,0,1,"CX","","","","43/G34","T",1,0,0,0,0,"F"
0,0,3,2,"BFBFBFX","","","","S8/L8S","T",0,1,0,0,0,"F"
0,0,0,0,"X","reynb001","","","14(1)3/GDP/G1","T",2,0,0,0,0,"F"
0,2,3,2,"CSBBBFFX","","","","8/L8XD","T",1,0,0,0,0,"F"
1,0,3,2,"BFSBBX","","","","9/F89XD","T",1,0,0,0,0,"F"
1,1,3,2,"FBBFBFX","","","","9/F9S","T",1,0,0,0,0,"F"
1,2,1,1,"FBX","","","","13/G13-","T",1,0,0,0,0,"F"
0,0,1,1,"BFX","","","","43/G4","T",1,0,0,0,0,"F"
0,1,3,2,"BSBFFFBFFX","","","","HR/F89XD","T",0,4,0,0,0,"F"
0,1,3,1,"BBTBX","","","","HR/F78XD","T",0,4,0,0,0,"F"
0,1,0,0,"X","","","","7/P5D","T",1,0,0,0,0,"F"
0,2,0,0,"X","","","","S7/L56D","T",0,1,0,0,0,"F"
0,2,0,0,"X","fraza001","","","S1/BG25-.1-2","T",0,1,2,0,0,"F"
0,2,1,1,".BSB","newmk001","fraza001","","WP.2-3;1-2","F",0,0,2,3,0,"F"
0,2,3,1,".BSB.BX","","newmk001","fraza001","8/L8","T",1,0,0,2,3,"F"
1,0,0,1,"CX","","","","7/F78S","T",1,0,0,0,0,"F"
1,1,1,2,"CSBX","","","","S9/L9L","T",0,1,0,0,0,"F"
1,1,3,2,"BBBF1FX","lindf001","","","7/F78D","T",1,0,1,0,0,"F"
1,2,1,2,"CSB1FFX","lindf001","","","6/P6D","T",1,0,1,0,0,"F"
0,0,1,1,"CBX","","","","43/G6MD","T",1,0,0,0,0,"F"
0,1,2,2,"BCBFX","","","","8/F78","T",1,0,0,0,0,"F"
0,2,3,1,"BBFBB","","","","W","T",0,1,0,0,0,"F"
0,2,0,2,"CFX","difow001","","","HR/F78XD.1-H","T",0,4,4,0,0,"F"
0,2,3,2,"CFBBFBFX","","","","7/F78D","T",1,0,0,0,0,"F"
1,0,1,2,".FBSH","","","","HP","T",0,1,0,0,0,"F"
1,0,2,2,"CC*B*BC","mcnej002","","","K","T",1,0,1,0,0,"F"
1,1,1,1,"BSX","mcnej002","","","7/L78","T",1,0,1,0,0,"F"
1,2,1,2,"CSBC","mcnej002","","","K","T",1,0,1,0,0,"F"
0,0,1,2,"...CFBS","","","","K","T",1,0,0,0,0,"F"
0,1,0,0,"X","","","","S8/G6M","T",0,1,0,0,0,"F"
0,1,1,1,"CBX","fraza001","","","16(1)/FO/G1S-.B-1","T",1,1,0,0,0,"F"
0,2,0,0,"X","newmk001","","","8/F8XD","T",1,0,1,0,0,"F"
1,0,3,1,".BBFBB","","","","W","T",0,1,0,0,0,"F"
1,0,2,1,"BBCX","guill001","","","5/L56/DP.1X1(53)","T",2,0,0,0,0,"F"
1,2,0,1,"CX","","","","S9/L9L+","T",0,1,0,0,0,"F"
1,2,0,0,"X","lindf001","","","8/F78D","T",1,0,1,0,0,"F"
0,0,2,1,"BBSX","","","","53/G56S-","T",1,0,0,0,0,"F"
0,1,3,1,"BSBBB","","","","W","T",0,1,0,0,0,"F"
0,1,1,1,"BCX","gameb001","","","S7/G6.1-3","T",0,1,3,0,0,"F"
0,1,3,2,"..BBBCFB","difow001","","gameb001","W.1-2","T",0,1,2,0,3,"F"
0,1,2,2,"FSBFF*BC","castr006","difow001","gameb001","K","T",1,0,1,2,3,"F"
0,2,2,2,".BBSCS","castr006","difow001","gameb001","K","T",1,0,1,2,3,"F"
1,0,0,0,".X","","","","63/G6M","T",1,0,0,0,0,"F"
1,1,2,2,"BTFFBX","","","","S9/G3","T",0,1,0,0,0,"F"
1,1,0,0,"X","mcnej002","","","S9/L9.1-2","T",0,1,2,0,0,"F"
1,1,1,2,"BFFX","confm001","mcnej002","","8/L78D","T",1,0,1,2,0,"F"
1,2,1,2,"CBFX","confm001","mcnej002","","64(1)/FO/G6M.B-1","T",1,1,0,2,0,"F"
0,0,1,1,"BFX","","","","7/L78D","T",1,0,0,0,0,"F"
0,1,1,0,"BX","","","","D7/F7LD","T",0,2,0,0,0,"F"
0,1,0,0,"X","","newmk001","","43/G4D.2-3","T",1,0,0,3,0,"F"
0,2,0,0,"X","","","newmk001","S8/L6D.3-H","T",0,1,0,0,4,"F"
0,2,1,1,"CBX","nogoj001","","","S9/G3.1-3","T",0,1,3,0,0,"F"
0,2,0,1,"CX","gameb001","","nogoj001","S7/G56S.3-H;1-2","T",0,1,2,0,4,"F"
0,2,1,2,"..FC*BX","difow001","gameb001","","43/G4","T",1,0,1,2,0,"F"
1,0,0,1,"..CX","","","","S8/L89S+","T",0,1,0,0,0,"F"
1,0,2,2,"SBFBX","guill001","","","46(1)3/GDP/G4","T",2,0,0,0,0,"F"
1,2,2,0,"BBX","","","","9/F9S","T",1,0,0,0,0,"F"
0,0,3,2,"CFBBBX","","","","63/G56","T",1,0,0,0,0,"T"
0,1,3,0,"BBBB","","","","W","T",0,1,0,0,0,"F"
0,1,3,2,"11FCBBB>F>T","bichb001","","","K+SB2","T",1,0,2,0,0,"F"
0,2,0,0,"X","","bichb001","","6/P56D","T",1,0,0,2,0,"F"
1,0,3,1,"BCBBB","","","","W","T",0,1,0,0,0,"F"
1,0,1,1,"B1CX","nimmb001","","","HR/L7D.1-H","T",0,4,4,0,0,"F"
1,0,2,2,"BBCCFX","","","","3/G3","T",1,0,0,0,0,"F"
1,1,2,2,"CBFBS","","","","K","T",1,0,0,0,0,"F"
1,2,3,2,"CBBCBFS","","","","K","T",1,0,0,0,0,"F"
0,0,1,2,"BTCX","","","","63/G6","T",1,0,0,0,0,"F"
0,1,2,2,"CBBSX","","","","43/G4MD+","T",1,0,0,0,0,"F"
0,2,1,2,"BTFX","","","","S9/L9","T",0,1,0,0,0,"F"
0,2,2,2,"BFBCX","biggc002","","","13/G23","T",1,0,1,0,0,"F"
1,0,3,2,"BBBFFX","","","","2/P2","T",1,0,0,0,0,"F"
1,1,1,0,"BX","","","","53/G56S","T",1,0,0,0,0,"F"
1,2,1,2,"CCFFBFX","","","","S7/L7S","T",0,1,0,0,0,"F"
1,2,1,2,"CSBS","guill001","","","K","T",1,0,1,0,0,"F"
0,0,0,2,"FFX","","","","63/G6","T",1,0,0,0,0,"F"
0,1,0,2,"SF*S","","","","K","T",1,0,0,0,0,"F"
0,2,0,0,"X","","","","4/P34D","T",1,0,0,0,0,"F"
1,0,3,2,"BCBBCS","","","","K","T",1,0,0,0,0,"F"
1,1,1,0,"BX","","","","31/G4S-","T",1,0,0,0,0,"F"
1,2,2,2,"CBBFS","","","","K","T",1,0,0,0,0,"F"
0,0,3,0,"BBBX","","","","8/L8XD+","T",1,0,0,0,0,"F"
0,1,2,2,"BCBSFX","","","","6/L6D","T",1,0,0,0,0,"F"
0,2,2,2,"BCBFFS","","","","K","T",1,0,0,0,0,"F"
1,0,3,0,"BBBB","","","","W","T",0,1,0,0,0,"F"
1,0,2,2,"BCCB1X","davij006","","","65(1)3/GDP/G6","T",2,0,0,0,0,"F"
1,2,0,0,"X","","","","53/G5","T",1,0,0,0,0,"F"
0,0,0,0,"X","","","","53/G56D","T",1,0,0,0,0,"F"
0,1,0,2,"CCS","","","","K","T",1,0,0,0,0,"F"
0,2,1,2,"CCBFX","","","","S9/L34D+","T",0,1,0,0,0,"F"
0,2,3,2,"BBFFB>C","kirka001","","","K","T",1,0,1,0,0,"F"
1,0,0,0,"X","","","","7/F7D","T",1,0,0,0,0,"F"
1,1,0,2,"CCX","","","","7/L7S","T",1,0,0,0,0,"F"
1,2,0,0,"X","","","","S9/L9S","T",0,1,0,0,0,"F"
1,2,2,2,"CTBBX","megit002","","","S9/L4MD.1-2","T",0,1,2,0,0,"F"
1,2,1,2,"C*BSX","nimmb001","megit002","","3/P3F/FL","T",1,0,1,2,0,"F"
0,0,0,0,"X","","","","6/F78S","T",1,0,0,0,0,"F"
0,1,0,0,"X","","","","9/F9S","T",1,0,0,0,0,"F"
0,2,1,0,"BX","","","","63/G6","T",1,0,0,0,0,"F"
1,0,1,0,"BX","","","","6/F78S","T",1,0,0,0,0,"F"
1,1,3,2,"BFBSBX","","","","3/P2F/FL","T",1,0,0,0,0,"F"
1,2,3,2,"BBCFBB","","","","W","T",0,1,0,0,0,"F"
1,2,0,1,".11CX","confm001","","","63/G6MS","T",1,0,1,0,0,"F"
0,0,3,2,".SBSBBC","","","","K","T",1,0,0,0,0,"F"
0,1,1,2,"CBSX","","","","63/G6","T",1,0,0,0,0,"F"
0,2,3,1,"BBBCX","","","","S8/G6+","T",0,1,0,0,0,"F"
0,2,1,0,"1*BX","gricr001","","","43/G3","T",1,0,1,0,0,"F"
1,0,1,2,".CBSS","","","","K","T",1,0,0,0,0,"F"
1,1,1,1,"CBX","","","","43/G34","T",1,0,0,0,0,"F"
1,2,0,2,".CCX","","","","6/L6","T",1,0,0,0,0,"F"
0,0,0,2,".SSS","","","","K","T",1,0,0,0,0,"F"
0,1,1,2,".CBSC","","","","K","T",1,0,0,0,0,"F"
0,2,0,1,"CX","","","","8/F8XD","T",1,0,0,0,0,"F"
1,0,2,2,".CBFFFBS","","","","K","T",1,0,0,0,0,"F"
1,1,1,2,"CCBX","","","","HR/F78XD","T",0,4,0,0,0,"F"
1,1,1,2,"CBSFF*S","","","","K.BX1(23)","T",1,0,0,0,0,"F"
1,2,2,1,"BCBX","","","","S9/L9LS","T",0,1,0,0,0,"F"
1,2,0,0,"X","davij006","","","64(1)/FO/G6+.B-1","T",1,1,0,0,0,"F"
0,0,1,0,".BX","","","","7/L7","T",1,0,0,0,0,"F"
0,1,0,2,"CCFX","","","","8/L8XD+","T",1,0,0,0,0,"F"
0,2,0,2,"SFFS","","","","K","T",1,0,0,0,0,"F"
0,0,0,1,"CX","","","","7/F7D","T",1,0,0,0,0,"T"
0,1,2,0,"BBX","","","","S7/G56","T",0,1,0,0,0,"F"
0,1,0,1,"SX","guerv002","","","53/G5.1-2","T",1,0,2,0,0,"F"
0,2,3,2,"FBB+2SF*B*B","","guerv002","","W","T",0,1,0,2,0,"F"
0,2,0,2,"SSS","bichb001","guerv002","","K","T",1,0,1,2,0,"F"
1,0,2,2,"CCBBX","","","","D8/L7D+","T",0,2,0,0,0,"F"
1,0,3,2,"CCBBF*BB","","nimmb001","","W","T",0,1,0,2,0,"F"
1,0,1,2,"BFFS","alonp001","nimmb001","","K","T",1,0,1,2,0,"F"
1,1,1,2,"CFFBC","alonp001","nimmb001","","K","T",1,0,1,2,0,"F"
1,2,0,0,"X","alonp001","nimmb001","","S7/L7S.2XH(72);1-2","T",1,1,2,0,0,"F"
0,0,0,2,"SCX","","","","31/G4","T",1,0,0,0,0,"F"
0,1,3,1,"CBBBX","","","","4/P34S","T",1,0,0,0,0,"F"
0,2,3,2,"SBFBBFFB","","","","W","T",0,1,0,0,0,"F"
0,2,0,0,"X","mcgur002","","","9/L89","T",1,0,1,0,0,"F"
1,0,1,1,"CBX","","","","63/G6","T",1,0,0,0,0,"F"
1,1,2,2,"CBTBFFX","","","","S5/G25","T",0,1,0,0,0,"F"
1,1,0,1,"CX","pillk001","","","36(1)3/GDP/G3S","T",2,0,0,0,0,"F"
0,0,3,0,"BBBX","","","","HR/F7LD","T",0,4,0,0,0,"F"
0,0,0,0,"X","","","","53/G5","T",1,0,0,0,0,"F"
0,1,1,0,"BX","","","","8/F8","T",1,0,0,0,0,"F"
0,2,1,2,"CBFX","","","","S4/G4","T",0,1,0,0,0,"F"
0,2,2,1,"11B1SBX","bichb001","","","HR/L7D.1-H","T",0,4,4,0,0,"F"
0,2,2,1,"FBBX","","","","63/G6","T",1,0,0,0,0,"F"
1,0,1,2,"BCTC","","","","K","T",1,0,0,0,0,"F"
1,1,2,1,"BBFX","","","","8/L78XD+","T",1,0,0,0,0,"F"
1,2,2,2,"CBSBFS","","","","K","T",1,0,0,0,0,"F"
0,0,0,2,"CCX","","","","S8/F78S","T",0,1,0,0,0,"F"
0,0,0,0,"X","biggc002","","","6(1)3/GDP/G4M","T",2,0,0,0,0,"F"
0,2,1,0,"BX","","","","8/L89","T",1,0,0,0,0,"F"
1,0,0,0,"X","","","","8/F8XD+","T",1,0,0,0,0,"F"
1,1,0,1,"CX","","","","S7/F7S","T",0,1,0,0,0,"F"
1,1,0,2,"CSX","davij006","","","S8/L89S.1-2","T",0,1,2,0,0,"F"
1,1,2,1,"BBCX","mccaj001","davij006","","54(1)3/GDP/G5","T",2,0,0,2,0,"F"
0,0,1,1,"SBX","","","","S8/L4MD+","T",0,1,0,0,0,"F"
0,0,0,2,"F11CX","sprig001","","","D8/L78XD.1-3","T",0,2,3,0,0,"F"
0,0,3,2,"FBBSFBFFFFX","","guerv002","sprig001","HR/F7D.3-H;2-H","T",0,4,0,4,4,"F"
0,0,0,0,".X","","","","43/G4","T",1,0,0,0,0,"F"
0,1,3,2,"CCBBFBB","","","","W","T",0,1,0,0,0,"F"
0,1,0,0,"X","hernt002","","","S9/L4D.1-3","T",0,1,3,0,0,"F"
0,1,2,1,"SBBX","gurrl001","","hernt002","56(1)/FO/G56.B-1","T",1,1,0,0,3,"F"
0,2,2,2,"BBSCFX","biggc002","","hernt002","43/G34+","T",1,0,1,0,3,"F"
1,0,2,2,"CFFBFBFX","","","","3/P3F/FL","T",1,0,0,0,0,"F"
1,1,0,1,"CX","","","","S8/G4M","T",0,1,0,0,0,"F"
1,1,2,2,".BCFBX","guill001","","","D8/L89XD.1-3","T",0,2,3,0,0,"F"
1,1,0,0,"X","","drurb001","guill001","S7/L78S.3-H;2-3","T",0,1,0,3,4,"F"
1,1,0,0,"X","nimmb001","","drurb001","S7/L7S.3-H;1-2","T",0,1,2,0,4,"F"
1,1,0,1,"FX","alonp001","nimmb001","","S7/G6.2-H;1-2","T",0,1,2,4,0,"F"
1,1,2,2,"..BC*BSS","smitd008","alonp001","","K","T",1,0,1,2,0,"F"
1,2,3,2,"FBS*BFB>*S","smitd008","alonp001","","K","T",1,0,1,2,0,"F"
0,0,0,0,".X","","","","3/P4S","T",1,0,0,0,0,"F"
0,1,3,2,"CSBBBFX","","","","6/L56D","T",1,0,0,0,0,"F"
0,2,1,1,"BFX","","","","9/F9D","T",1,0,0,0,0,"F"
1,0,1,0,"BX","","","","S7/G56+","T",0,1,0,0,0,"F"
1,0,2,2,"1CB1*B+1FS","villj001","","","K","T",1,0,1,0,0,"F"
1,1,2,1,".BBC1X","villj001","","","46(1)/FO/G34.B-1","T",1,1,0,0,0,"F"
1,2,1,2,".CC*BFS","guill001","","","K","T",1,0,1,0,0,"F"
0,0,0,0,".X","","","","9/F9D","T",1,0,0,0,0,"F"
0,1,1,0,"BX","","","","HR/F78XD","T",0,4,0,0,0,"F"
0,1,1,2,"CBSS","","","","K","T",1,0,0,0,0,"F"
0,2,2,2,"SBCFBX","","","","S8/L6MD+","T",0,1,0,0,0,"F"
0,2,1,2,".CFBX","gurrl001","","","D8/L89.1-3","T",0,2,3,0,0,"F"
0,2,1,2,"BCFFT","","valeb001","gurrl001","K","T",1,0,0,2,3,"F"
1,0,3,2,".SBBBCB","","","","W","T",0,1,0,0,0,"F"
1,0,2,0,"BBX","nimmb001","","","46(1)3/GDP/G2+","T",2,0,0,0,0,"F"
1,2,2,0,"BBX","","","","S8/L4MD+","T",0,1,0,0,0,"F"
1,2,2,1,".CBBX","smitd008","","","64(1)/FO/G6D+.B-1","T",1,1,0,0,0,"F"
0,0,2,2,"CFBBX","","","","31/G34","T",1,0,0,0,0,"F"
0,1,1,2,"CBSX","","","","8/F8XD","T",1,0,0,0,0,"F"
0,2,0,2,"FSX","","","","43/G6M","T",1,0,0,0,0,"F"
1,0,0,0,"X","","","","13/G4MS","T",1,0,0,0,0,"F"
1,1,1,0,"BX","","","","9/F9D+","T",1,0,0,0,0,"F"
1,2,2,1,"BBCX","","","","43/G4MD+","T",1,0,0,0,0,"F"
0,0,1,1,".CBX","","","","S18/G4+","T",0,1,0,0,0,"F"
0,0,0,2,"*SSB","semim001","","","WP.1-3","F",0,0,3,0,0,"F"
0,0,1,2,"*SSB.X","","","semim001","S7/L56.3-H","T",0,1,0,0,4,"F"
0,0,0,0,"X","bichb001","","","HR/F9D.1-H","T",0,4,4,0,0,"F"
0,0,0,2,"CCX","","","","53/G5","T",1,0,0,0,0,"F"
0,1,0,2,".TFX","","","","8/F8D","T",1,0,0,0,0,"F"
0,2,1,0,"BX","","","","S8/F78S","T",0,1,0,0,0,"F"
0,2,0,1,"FX","mcgur002","","","D7/L7L+.1-3","T",0,2,3,0,0,"F"
0,2,0,1,"CX","","espis001","mcgur002","3/P3","T",1,0,0,2,3,"F"
1,0,2,2,"....CCBBX","","","","S7/L5D","T",0,1,0,0,0,"F"
1,0,1,1,".BFX","guill001","","","8/F78D","T",1,0,1,0,0,"F"
1,1,0,0,"X","guill001","","","46(1)/FO/G4+.B-1","T",1,1,0,0,0,"F"
1,2,0,0,">*B","nimmb001","","","DI.1-2","F",0,0,2,0,0,"F"
1,2,1,2,">*B.FCX","","nimmb001","","S9/L9S.2-3","T",0,1,0,3,0,"F"
1,2,0,0,">B","alonp001","","nimmb001","DI.1-2","F",0,0,2,0,3,"F"
1,2,1,0,">B.X","","alonp001","nimmb001","9/F9D+","T",1,0,0,2,3,"F"
0,0,0,1,"CX","","","","D7/L7L","T",0,2,0,0,0,"T"
0,0,1,0,"BX","","sprig001","","8/F89","T",1,0,0,2,0,"F"
0,1,3,0,"BBB>C","","sprig001","","CS3(25)","F",1,0,0,0,0,"F"
0,2,3,1,"BBB>C.X","","","","8/F8D","T",1,0,0,0,0,"F"
1,0,1,2,"CCBS","","","","K","T",1,0,0,0,0,"F"
1,1,2,2,"CSBBX","","","","53/G4D+","T",1,0,0,0,0,"F"
1,2,3,2,"FBBFBC","","","","K","T",1,0,0,0,0,"F"
0,0,3,1,"BCBBB","","","","W","T",0,1,0,0,0,"F"
0,0,2,0,"B1BX","bichb001","","","8/F8D+","T",1,0,1,0,0,"F"
0,1,0,1,"C1X","bichb001","","","3/G3S-.1-2","T",1,0,2,0,0,"F"
0,2,0,1,"FX","","bichb001","","7/F7L","T",1,0,0,2,0,"F"
1,0,1,1,"FBX","","","","7/F7D","T",1,0,0,0,0,"F"
1,1,3,1,"BBFBX","","","","D7/L7+","T",0,2,0,0,0,"F"
1,1,2,2,"SBTBX","","davij006","","S8/L78S.2-H","T",0,1,0,4,0,"F"
1,1,0,2,"C1C1>S","villj001","","","K+CS2(24)/DP","T",2,0,0,0,0,"F"
0,0,1,2,"CBCX","","","","D9/L89+","T",0,2,0,0,0,"F"
0,0,0,2,"CC+2C","","kirka001","","K","T",1,0,0,2,0,"F"
0,1,1,1,"CBX","","kirka001","","6/P6","T",1,0,0,2,0,"F"
0,2,0,0,"X","","kirka001","","7/L7","T",1,0,0,2,0,"F"
1,0,2,2,"CBFBC","","","","K","T",1,0,0,0,0,"F"
1,1,1,2,"STFBX","","","","8/L78","T",1,0,0,0,0,"F"
1,2,1,2,"CFBFS","","","","K","T",1,0,0,0,0,"F"
0,0,0,0,"X","","","","D7/F7LD","T",0,2,0,0,0,"F"
0,0,0,0,"X","","semim001","","8/F8D","T",1,0,0,2,0,"F"
0,1,0,1,"FX","","semim001","","7/F78","T",1,0,0,2,0,"F"
0,2,0,1,"CX","","semim001","","3/P1S","T",1,0,0,2,0,"F"
1,0,1,2,"CBFX","","","","S8/L8","T",0,1,0,0,0,"F"
1,0,2,0,"BBX","confm001","","","54(1)3/GDP/G5","T",2,0,0,0,0,"F"
1,2,1,1,"BFX","","","","9/F9L+","T",1,0,0,0,0,"F"
0,0,0,2,"FFX","","","","9/F9S","T",1,0,0,0,0,"F"
0,1,2,1,"CBBX","","","","S7/L7LS","T",0,1,0,0,0,"F"
0,1,0,2,"LC+1","kirka001","","","PO1(24)","F",1,0,0,0,0,"F"
0,2,1,2,"LC+1.BX","","","","53/G6","T",1,0,0,0,0,"F"
1,0,2,2,"BBFFX","","","","S7/L78S","T",0,1,0,0,0,"F"
1,0,3,2,"*BCBC*BFX","davij006","","","7/F7","T",1,0,1,0,0,"F"
1,1,0,2,"SFX","davij006","","","8/L8D","T",1,0,1,0,0,"F"
1,2,0,0,"X","davij006","","","S9/G34.1-2","T",0,1,2,0,0,"F"
1,2,3,2,"BBBCF>F>S","guill001","davij006","","K","T",1,0,1,2,0,"F"
0,0,3,2,"BBFFBH","","","","HP","T",0,1,0,0,0,"F"
0,0,0,0,"X","sprig001","","","S8/L89XD+.1-3","T",0,1,3,0,0,"F"
0,0,3,2,"BBCCBB","guerv002","","sprig001","W.1-2","T",0,1,2,0,3,"F"
0,0,0,2,".CSX","semim001","guerv002","sprig001","S8/L8+.3-H;2-H;1-3","T",0,1,3,4,4,"F"
0,0,0,1,"SX","bichb001","","semim001","FC5/G56.3-H;1-2;B-1","T",0,1,2,0,4,"F"
0,0,1,2,"CC+2FBS","hernt002","bichb001","","K","T",1,0,1,2,0,"F"
0,1,0,0,"X","hernt002","bichb001","","8/L8D","T",1,0,1,2,0,"F"
0,2,2,2,"CFF*BBFX","hernt002","bichb001","","8/F78","T",1,0,1,2,0,"F"
1,0,1,1,"..BCX","","","","8/F89XD","T",1,0,0,0,0,"F"
1,1,3,1,"BBBCB","","","","W","T",0,1,0,0,0,"F"
1,1,2,2,"BBCFB","confm001","","","WP.1-2","F",0,0,2,0,0,"F"
1,1,3,2,"BBCFB.X","","confm001","","HR/F7LD.2-H","T",0,4,0,4,0,"F"
1,1,3,2,"BFBBSX","","","","43/G4D","T",1,0,0,0,0,"F"
1,2,3,1,".BFBBB","","","","W","T",0,1,0,0,0,"F"
1,2,1,0,"BX","davij006","","","S7/L6D.1-2","T",0,1,2,0,0,"F"
1,2,3,2,".FFBBB>X","villj001","davij006","","D9/L89D.2-H;1-H","T",0,2,4,4,0,"F"
1,2,0,2,".CFX","","mcnej002","","43/G4S","T",1,0,0,2,0,"F"
0,0,0,2,"..TFFC","","","","K","T",1,0,0,0,0,"F"
0,1,2,2,"CCBFBS","","","","K","T",1,0,0,0,0,"F"
0,2,0,1,"FX","","","","63/G6D+","T",1,0,0,0,0,"F"
1,0,3,2,"BBFFB*B","","","","W","T",0,1,0,0,0,"F"
1,0,0,0,"X","mccaj001","","","S8/L8S.1-2","T",0,1,2,0,0,"F"
1,0,2,0,"BBX","nimmb001","mccaj001","","6/P6D","T",1,0,1,2,0,"F"
1,1,1,2,".CBSX","nimmb001","mccaj001","","8/L89D","T",1,0,1,2,0,"F"
1,2,2,1,"FBB>B","nimmb001","mccaj001","","CS3(25)","F",1,0,1,0,0,"F"
0,0,2,2,".FBFBFX","","","","D7/L7L","T",0,2,0,0,0,"F"
0,0,0,0,"X","","semim001","","S9/G34+.2-3","T",0,1,0,3,0,"F"
0,0,0,1,"CX","bichb001","","semim001","S8/L8S+.3-H;1-2","T",0,1,2,0,4,"F"
0,0,1,0,"BX","hernt002","bichb001","","8/F78XD.2-3;1-2","T",1,0,2,3,0,"F"
0,1,3,0,".VVVV","","hernt002","bichb001","IW","T",0,1,0,2,3,"F"
0,1,0,0,"X","gurrl001","hernt002","bichb001","4/P4D","T",1,0,1,2,3,"F"
0,2,0,1,".CX","gurrl001","hernt002","bichb001","7/L7D","T",1,0,1,2,3,"F"
1,0,1,2,".CBSC","","","","K","T",1,0,0,0,0,"F"
1,1,2,1,"BCBX","","","","5/P6MS","T",1,0,0,0,0,"F"
1,2,0,2,"CCX","","","","3/G3","T",1,0,0,0,0,"F"
0,0,3,2,"..CBBSFBC","","","","K","T",1,0,0,0,0,"F"
0,1,3,1,"BSBBB","","","","W","T",0,1,0,0,0,"F"
0,1,0,2,"CSS","guerv002","","","K","T",1,0,1,0,0,"F"
0,2,0,0,"B","guerv002","","","WP.1-2","F",0,0,2,0,0,"F"
0,2,3,2,"B.CF*BBS","","guerv002","","K","T",1,0,0,2,0,"F"
0,0,1,1,"BCX","","","","43/G34","T",1,0,0,0,0,"T"
0,1,0,0,"X","","","","S8/G6M","T",0,1,0,0,0,"F"
0,1,0,1,"1FX","albio001","","","8/F89D","T",1,0,1,0,0,"F"
0,2,0,0,"X","albio001","","","4(1)/FO/G4M.B-1","T",1,1,0,0,0,"F"
1,0,3,2,"CFFBBBB","","","","W","T",0,1,0,0,0,"F"
1,0,3,1,"B*BBCX","villj001","","","8/F8D","T",1,0,1,0,0,"F"
1,1,0,1,"C1X","villj001","","","7/L7","T",1,0,1,0,0,"F"
1,2,1,1,"*BFX","villj001","","","7/L78","T",1,0,1,0,0,"F"
0,0,0,0,"X","","","","53/G56S","T",1,0,0,0,0,"F"
0,1,1,2,"BCFX","","","","6/P4D","T",1,0,0,0,0,"F"
0,2,2,2,"CCFBBT","","","","K","T",1,0,0,0,0,"F"
1,0,0,1,"CX","","","","8/F89D","T",1,0,0,0,0,"F"
1,1,2,2,"BSFB*S","","","","K","T",1,0,0,0,0,"F"
1,2,0,1,"CX","","","","8/L89D","T",1,0,0,0,0,"F"
0,0,0,1,"CX","","","","D7/L7S","T",0,2,0,0,0,"F"
0,0,0,1,"MX","","hereg002","","S7/G6.2-3","T",0,1,0,3,0,"F"
0,0,0,1,"TX","mullk001","","hereg002","D9/L9L.3-H;1-3","T",0,2,3,0,4,"F"
0,0,3,2,"BF*BFFB*S","","pedej001","mullk001","K","T",1,0,0,2,3,"F"
0,1,3,0,"VVVV","","pedej001","mullk001","IW","T",0,1,0,2,3,"F"
0,1,0,0,"X","freef001","pedej001","mullk001","64(1)3/GDP/G6","T",2,0,0,2,3,"F"
1,0,1,2,"CBCX","","","","43/G4","T",1,0,0,0,0,"F"
1,1,0,0,"X","","","","S56/BG56S","T",0,1,0,0,0,"F"
1,1,0,1,"*SX","strom001","","","S7/L78.1-2","T",0,1,2,0,0,"F"
1,1,2,2,"BFFBS","villj001","strom001","","K","T",1,0,1,2,0,"F"
1,2,3,2,"CBBFFFFFB>S","villj001","strom001","","K","T",1,0,1,2,0,"F"
0,0,2,2,"CFBBX","","","","D8/F8XD","T",0,2,0,0,0,"F"
0,0,0,2,"CFX","","swand001","","S9/L9.2-3","T",0,1,0,3,0,"F"
0,0,0,2,"FMX","vogts001","","swand001","64(1)/FO/G6.3-H;B-1","T",1,1,0,0,4,"F"
0,1,2,2,"BF1F*BS","arcio002","","","K","T",1,0,1,0,0,"F"
0,2,0,2,"CSS","arcio002","","","K","T",1,0,1,0,0,"F"
1,0,1,1,"BCX","","","","63/G6","T",1,0,0,0,0,"F"
1,1,1,0,"BX","","","","7/L7D","T",1,0,0,0,0,"F"
1,2,2,1,"BCBX","","","","S47/G6+","T",0,1,0,0,0,"F"
1,2,0,1,"SX","pillk001","","","8/L89XD+","T",1,0,1,0,0,"F"
0,0,2,2,"CFBFBX","","","","5/P5","T",1,0,0,0,0,"F"
0,1,0,0,"X","","","","7/F7L","T",1,0,0,0,0,"F"
0,2,1,0,"BX","","","","S4/G34","T",0,1,0,0,0,"F"
0,2,2,0,"B1BX","freef001","","","S9/G4.1-3","T",0,1,3,0,0,"F"
0,2,0,1,"SX","rilea001","","freef001","54(1)/FO/G5.B-1","T",1,1,0,0,3,"F"
1,0,2,0,"BBX","","","","63/G6","T",1,0,0,0,0,"F"
1,1,3,2,".BFBSBX","","","","D8/L78XD+","T",0,2,0,0,0,"F"
1,1,3,2,"FBFBBB","","drurb001","","W","T",0,1,0,2,0,"F"
1,1,0,0,"X","villj001","drurb001","","5(2)3/GDP/G5+","T",2,0,1,0,0,"F"
0,0,1,2,".CFBS","","","","K","T",1,0,0,0,0,"F"
0,1,0,2,"CCS","","","","K","T",1,0,0,0,0,"F"
0,2,2,0,"BBX","","","","S8/G4M+","T",0,1,0,0,0,"F"
0,2,1,2,".CFBC","hereg002","","","K","T",1,0,1,0,0,"F"
1,0,0,0,"..X","","","","8/F8XD","T",1,0,0,0,0,"F"
1,1,1,2,"FFBS","","","","K","T",1,0,0,0,0,"F"
1,2,2,0,"BBX","","","","2/P2F/FL","T",1,0,0,0,0,"F"
0,0,1,1,"CBX","","","","53/G6","T",1,0,0,0,0,"F"
0,1,1,2,"BFFS","","","","K","T",1,0,0,0,0,"F"
0,2,0,1,"SX","","","","S9/L9LS","T",0,1,0,0,0,"F"
0,2,3,0,"B*BBB","freef001","","","W.1-2","T",0,1,2,0,0,"F"
0,2,1,2,"CFFBX","rilea001","freef001","","6/P6","T",1,0,1,2,0,"F"
1,0,0,2,".CFX","","","","7/F7LD","T",1,0,0,0,0,"F"
1,1,1,0,"BX","","","","S8/L8S","T",0,1,0,0,0,"F"
1,1,3,2,".FFB*BFFBX","nidot001","","","64(1)3/GDP/G6","T",2,0,0,0,0,"F"
0,0,2,2,"CBSBT","","","","K","T",1,0,0,0,0,"T"
0,1,2,2,"BBFFX","","","","9/F89","T",1,0,0,0,0,"F"
0,2,0,0,"X","","","","63/G4MD","T",1,0,0,0,0,"F"
1,0,1,2,"CCBS","","","","K","T",1,0,0,0,0,"F"
1,1,1,1,"BCX","","","","43/G4M","T",1,0,0,0,0,"F"
1,2,1,1,"CBX","","","","S7/G5+","T",0,1,0,0,0,"F"
1,2,0,1,"CH","mcnej002","","","HP.1-2","T",0,1,2,0,0,"F"
1,2,0,0,"X","smitd008","mcnej002","","64(1)/FO/G6MD+.B-1","T",1,1,0,2,0,"F"
0,0,1,2,".CBFFX","","","","S3/P3","T",0,1,0,0,0,"F"
0,0,0,0,"X","rilea001","","","S57/G56+.1-2","T",0,1,2,0,0,"F"
0,0,2,2,"CFBBS","swand001","rilea001","","K","T",1,0,1,2,0,"F"
0,1,1,2,"BCFFC","swand001","rilea001","","K","T",1,0,1,2,0,"F"
0,2,1,2,"BCSS","swand001","rilea001","","K","T",1,0,1,2,0,"F"
1,0,3,2,"CBCBBFX","","","","6/L6D","T",1,0,0,0,0,"F"
1,1,1,0,"BX","","","","9/F9","T",1,0,0,0,0,"F"
1,2,0,2,"CFX","","","","S4/G4M","T",0,1,0,0,0,"F"
1,2,0,2,".CCS","mccaj001","","","K","T",1,0,1,0,0,"F"
0,0,2,2,".CBBCS","","","","K","T",1,0,0,0,0,"F"
0,1,2,2,"BSFBS","","","","K","T",1,0,0,0,0,"F"
0,2,2,1,"FBBX","","","","9/F9D","T",1,0,0,0,0,"F"
1,0,3,1,"BBCBB","","","","W","T",0,1,0,0,0,"F"
1,0,2,0,"1BBX","nimmb001","","","8/L8XD+","T",1,0,1,0,0,"F"
1,1,2,2,"BF1SBX","nimmb001","","","5/P6-","T",1,0,1,0,0,"F"
1,2,0,1,"FX","nimmb001","","","63/G4M","T",1,0,1,0,0,"F"
0,0,2,2,"FFFBFFBFX","","","","7/F7LS","T",1,0,0,0,0,"F"
0,1,3,2,"BSFBBX","","","","S7/L78S+","T",0,1,0,0,0,"F"
0,1,1,2,"CBFS","rilea001","","","K","T",1,0,1,0,0,"F"
0,2,2,2,"1BFFBX","rilea001","","","8/L8XD","T",1,0,1,0,0,"F"
1,0,3,2,"SFBBBX","","","","D8/L89XD+","T",0,2,0,0,0,"F"
1,0,2,2,"*BBCFX","","davij006","","S9/L9S.2-3","T",0,1,0,3,0,"F"
1,0,1,2,".FBCS","confm001","","davij006","K","T",1,0,1,0,3,"F"
1,1,0,0,"X","confm001","","davij006","64(1)3/GDP/G6S","T",2,0,0,0,3,"F"
0,0,2,2,".CCFFBBFFX","","","","63/G4D","T",1,0,0,0,0,"F"
0,1,0,1,"FX","","","","8/L8XD+","T",1,0,0,0,0,"F"
0,2,0,0,".X","","","","43/L4D","T",1,0,0,0,0,"F"
1,0,2,2,"..CCBBX","","","","43/G34","T",1,0,0,0,0,"F"
1,1,0,1,"FX","","","","S64/G6","T",0,1,0,0,0,"F"
1,1,2,2,"1CF*B*BC","nimmb001","","","K","T",1,0,1,0,0,"F"
1,2,0,0,"X","nimmb001","","","D8/L8XD+.1-H","T",0,2,4,0,0,"F"
1,2,3,1,".FBBBB","","pillk001","","W","T",0,1,0,2,0,"F"
1,2,2,2,"BB*SCX","smitd008","pillk001","","6/F7S","T",1,0,1,2,0,"F"
0,0,0,2,"...CFX","","","","S9/L9","T",0,1,0,0,0,"F"
0,0,3,0,"BBBB","pedej001","","","W.1-2","T",0,1,2,0,0,"F"
0,0,1,1,"BCX","albio001","pedej001","","7/F7D.2-3","T",1,0,1,3,0,"F"
0,1,2,0,"BBX","albio001","","pedej001","46(1)3/GDP/G4","T",2,0,0,0,3,"F"
1,0,3,2,".BFBFBS","","","","K","T",1,0,0,0,0,"F"
1,1,1,0,"BX","","","","43/G6","T",1,0,0,0,0,"F"
1,2,1,1,"CBX","","","","43/G6M","T",1,0,0,0,0,"F"
0,0,1,2,".CCBS","","","","K","T",1,0,0,0,0,"F"
0,1,2,2,"BBCFS","","","","K","T",1,0,0,0,0,"F"
0,2,2,2,"TBTBS","","","","K","T",1,0,0,0,0,"F"
0,0,1,2,"CBSH","","","","HP","T",0,1,0,0,0,"T"
0,0,3,2,"BBCBF>F>B","adrie001","","","W.1-2","T",0,1,2,0,0,"F"
0,0,3,1,"CBBBB","albio001","adrie001","","W.2-3;1-2","T",0,1,2,3,0,"F"
0,0,2,2,"BFCBX","freef001","albio001","adrie001","52(3)/FO/G56.2-3;1-2;B-1","T",1,1,2,3,0,"F"
0,1,1,1,"FBX","rilea001","freef001","albio001","D7/L5D+.3-H;2-H;1-3","T",0,2,3,4,4,"F"
0,1,1,2,"FBSFX","","swand001","rilea001","8/F78S","T",1,0,0,2,3,"F"
0,2,0,1,"CX","","swand001","rilea001","3/G3+","T",1,0,0,2,3,"F"
1,0,2,2,"BBCCX","","","","3/G3+","T",1,0,0,0,0,"F"
1,1,0,2,"CFFS","","","","K","T",1,0,0,0,0,"F"
1,2,3,2,"BBBFFFX","","","","8/F89S","T",1,0,0,0,0,"F"
0,0,0,2,"FCS","","","","K","T",1,0,0,0,0,"F"
0,1,0,2,"CCS","","","","K","T",1,0,0,0,0,"F"
0,2,3,1,"BCBBB","","","","W","T",0,1,0,0,0,"F"
0,2,0,0,"X","adrie001","","","HR/F9LD.1-H","T",0,4,4,0,0,"F"
0,2,1,1,"BSX","","","","31/G3","T",1,0,0,0,0,"F"
1,0,0,2,"CSX","","","","31/G34","T",1,0,0,0,0,"F"
1,1,0,0,"X","","","","D8/L8XD+","T",0,2,0,0,0,"F"
1,1,1,2,"CFFBS","","confm001","","K","T",1,0,0,2,0,"F"
1,2,1,2,"FBCS","","confm001","","K","T",1,0,0,2,0,"F"
0,0,1,1,"CBX","","","","5/P5DF/FL","T",1,0,0,0,0,"F"
0,1,3,1,"BBBCB","","","","W","T",0,1,0,0,0,"F"
0,1,1,2,"1CFB1FC","swand001","","","K","T",1,0,1,0,0,"F"
0,2,0,1,"FX","swand001","","","HR/F78XD.1-H","T",0,4,4,0,0,"F"
0,2,3,1,"CBBBX","","","","13/G1S","T",1,0,0,0,0,"F"
1,0,3,2,"BCBCBFB","","","","W","T",0,1,0,0,0,"F"
1,0,0,0,"X","guill001","","","14/SH/BG23-.1-2","T",1,0,2,0,0,"F"
1,1,3,2,"*BFBBCB","","guill001","","W","T",0,1,0,2,0,"F"
1,1,1,1,"B2FX","nimmb001","guill001","","56(1)/FO/G56S.2-3;B-1","T",1,1,0,3,0,"F"
1,2,0,0,"X","mcnej002","","guill001","S9/L34D.3-H;1-2","T",0,1,2,0,4,"F"
1,2,0,1,"TX","alonp001","mcnej002","","31/G3","T",1,0,1,2,0,"F"
0,0,0,1,"CX","","","","S7/L6D","T",0,1,0,0,0,"F"
0,0,2,0,"BBX","mortc002","","","D9/L89XD+.1-3","T",0,2,3,0,0,"F"
0,0,1,2,"FBTS","","adrie001","mortc002","K","T",1,0,0,2,3,"F"
0,1,3,0,"VVVV","","adrie001","mortc002","IW","T",0,1,0,2,3,"F"
0,1,0,0,"X","freef001","adrie001","mortc002","HR/F7LD.3-H;2-H;1-H","T",0,4,4,4,4,"F"
0,1,2,1,"BCBX","","","","S8/L89+","T",0,1,0,0,0,"F"
0,1,2,2,"..BFSBS","swand001","","","K","T",1,0,1,0,0,"F"
0,2,1,2,"BSCFX","swand001","","","7/F7S","T",1,0,1,0,0,"F"
1,0,2,2,"BCCBX","","","","8/F8XD","T",1,0,0,0,0,"F"
1,1,1,2,"BFSS","","","","K","T",1,0,0,0,0,"F"
1,2,2,1,"BFBX","","","","8/L8D","T",1,0,0,0,0,"F"
0,0,2,0,"BBX","","","","S8/G6M","T",0,1,0,0,0,"F"
0,0,2,1,"BBCX","hereg002","","","8/F89D","T",1,0,1,0,0,"F"
0,1,0,1,"FX","hereg002","","","45(1)/FO/G4.B-1","T",1,1,0,0,0,"F"
0,2,1,0,"BX","adrie001","","","63/G1","T",1,0,1,0,0,"F"
1,0,3,2,"BSCBBX","","","","7/L7D","T",1,0,0,0,0,"F"
1,1,2,2,"CCBFBX","","","","S6/G56","T",0,1,0,0,0,"F"
1,1,1,1,"F*BX","drurb001","","","5/P5D","T",1,0,1,0,0,"F"
1,2,1,2,"BFFFX","drurb001","","","HR/F89XD.1-H","T",0,4,4,0,0,"F"
1,2,0,1,"CX","","","","D9/L9D+","T",0,2,0,0,0,"F"
1,2,2,2,"BCBCC","","alonp001","","K","T",1,0,0,2,0,"F"
0,0,1,2,"CBFFX","","","","S8/L6MD+","T",0,1,0,0,0,"F"
0,0,1,1,"BSX","freef001","","","HR/L7D.1-H","T",0,4,4,0,0,"F"
0,0,2,2,"SFBBC","","","","K","T",1,0,0,0,0,"F"
0,1,0,2,"SCFX","","","","7/F7D","T",1,0,0,0,0,"F"
0,2,3,1,"SBBBX","","","","S8/G6M+","T",0,1,0,0,0,"F"
0,2,2,2,"SFBBFFS","almoa001","","","K","T",1,0,1,0,0,"F"
1,0,0,2,".CTFX","","","","43/G4M","T",1,0,0,0,0,"F"
1,1,2,2,"BSSBS","","","","K","T",1,0,0,0,0,"F"
1,2,0,2,"SFS","","","","K","T",1,0,0,0,0,"F"
0,0,0,2,"...CFS","","","","K","T",1,0,0,0,0,"F"
0,1,2,2,"BCBFFS","","","","K","T",1,0,0,0,0,"F"
0,2,0,1,"SX","","","","3/P34S","T",1,0,0,0,0,"F"
1,0,0,0,"X","","","","S7/L56D","T",0,1,0,0,0,"F"
1,0,1,0,"BX","guill001","","","HR/F78XD+.1-H","T",0,4,4,0,0,"F"
1,0,2,1,"BCBX","","","","3/G3+","T",1,0,0,0,0,"F"
1,1,1,2,"FBFX","","","","4/L4MD","T",1,0,0,0,0,"F"
1,2,2,1,"BCBX","","","","3/P3","T",1,0,0,0,0,"F"
0,0,1,2,"BFCX","","","","7/F7L","T",1,0,0,0,0,"F"
0,1,2,2,"SFFBBFS","","","","K","T",1,0,0,0,0,"F"
0,2,2,2,"BCFBX","","","","3/P3F-/FL","T",1,0,0,0,0,"F"
1,0,2,1,".CBBX","","","","8/L8D","T",1,0,0,0,0,"F"
1,1,0,0,"X","","","","S8/L8D+","T",0,1,0,0,0,"F"
1,1,2,2,".FFF*BBS","confm001","","","K","T",1,0,1,0,0,"F"
1,2,0,1,"F>X","confm001","","","8/F89D","T",1,0,1,0,0,"F"
0,0,2,2,".BBSSX","","","","3E1/G3D+.B-1","T",0,1,0,0,0,"F"
0,0,2,1,"BBCX","vogts001","","","8/F89D","T",1,0,1,0,0,"F"
0,1,2,0,"BBX","vogts001","","","54(1)/FO/G56.B-1","T",1,1,0,0,0,"F"
0,2,0,2,".TFT","hereg002","","","K","T",1,0,1,0,0,"F"
1,0,2,0,".BBX","","","","8/F78XD","T",1,0,0,0,0,"F"
1,1,3,2,"CBBSBX","","","","S8/F78","T",0,1,0,0,0,"F"
1,1,1,0,"BX","drurb001","","","9/F9+","T",1,0,1,0,0,"F"
1,2,0,0,">X","drurb001","","","DGR/F7LD.1-3","T",0,2,3,0,0,"F"
1,2,1,0,"*BX","","mcnej002","drurb001","7/F78D","T",1,0,0,2,3,"F"
0,0,1,0,"BX","","","","7/F7D","T",1,0,0,0,0,"T"
0,1,3,2,"BBLBFX","","","","63/G4","T",1,0,0,0,0,"F"
0,2,3,2,"SBBFBX","","","","S7/G6+","T",0,1,0,0,0,"F"
0,2,1,2,"FS*BS","freef001","","","K","T",1,0,1,0,0,"F"
1,0,2,2,"CCBFBC","","","","K","T",1,0,0,0,0,"F"
1,1,3,2,"BCBBCC","","","","K","T",1,0,0,0,0,"F"
1,2,2,2,"CBBFX","","","","8/F8","T",1,0,0,0,0,"F"
0,0,0,1,"CX","","","","S7/L7S+","T",0,1,0,0,0,"F"
0,0,3,2,"1CFBB*B>F>X","swand001","","","S5/G6.1-2","T",0,1,2,0,0,"F"
0,0,2,1,"CBBX","almoa001","swand001","","7/L78D+","T",1,0,1,2,0,"F"
0,1,0,1,"FX","almoa001","swand001","","8/F89D","T",1,0,1,2,0,"F"
0,2,0,2,"SFS","almoa001","swand001","","K","T",1,0,1,2,0,"F"
1,0,1,2,"CBSFX","","","","63/G6M","T",1,0,0,0,0,"F"
1,1,2,0,"BBX","","","","8/F8","T",1,0,0,0,0,"F"
1,2,0,0,"X","","","","7/F7LD","T",1,0,0,0,0,"F"
0,0,2,2,"BFBSX","","","","7/L7D","T",1,0,0,0,0,"F"
0,1,2,2,"SBBFFX","","","","S8/F8S","T",0,1,0,0,0,"F"
0,1,1,1,"11F*BX","albio001","","","43/G4.1-2","T",1,0,2,0,0,"F"
0,2,1,2,"CFBX","","albio001","","9/F9S","T",1,0,0,2,0,"F"
1,0,0,1,"CX","","","","S7/L78S","T",0,1,0,0,0,"F"
1,0,2,2,"BCFB1","villj001","","","PO1(13)","F",1,0,0,0,0,"F"
1,1,2,2,"BCFB1.S","","","","K","T",1,0,0,0,0,"F"
1,2,0,0,"X","","","","S9/G34","T",0,1,0,0,0,"F"
1,2,3,1,"BBFBB","megit002","","","W.1-2","T",0,1,2,0,0,"F"
1,2,0,1,"CX","nimmb001","megit002","","S9/L9S.2-3;1-2","T",0,1,2,3,0,"F"
1,2,0,0,"X","alonp001","nimmb001","megit002","S7/G56+.3-H;2-3;1-2","T",0,1,2,3,4,"F"
1,2,2,2,"*BCSB*S","mcnej002","alonp001","nimmb001","K","T",1,0,1,2,3,"F"
0,0,2,2,"CBCBFS","","","","K","T",1,0,0,0,0,"F"
0,1,3,2,"BSFBBX","","","","4/P4","T",1,0,0,0,0,"F"
0,2,0,0,"X","","","","3/P3D","T",1,0,0,0,0,"F"
1,0,0,0,"X","","","","63/G6D+","T",1,0,0,0,0,"F"
1,1,3,2,"CBBSBFH","","","","HP","T",0,1,0,0,0,"F"
1,1,0,1,"FX","confm001","","","64(1)/FO/G6.B-1","T",1,1,0,0,0,"F"
1,2,2,2,"BBC1CX","villj001","","","8/F8XD","T",1,0,1,0,0,"F"
0,0,1,2,"CFFBS","","","","K","T",1,0,0,0,0,"F"
0,1,0,2,"CFS","","","","K","T",1,0,0,0,0,"F"
0,2,3,1,"BCBBB","","","","W","T",0,1,0,0,0,"F"
0,2,1,1,"FBX","pedej001","","","7/F78","T",1,0,1,0,0,"F"
1,0,0,2,"CFC","","","","K","T",1,0,0,0,0,"F"
1,1,0,1,"SX","","","","31/G34","T",1,0,0,0,0,"F"
1,2,3,2,"BBBFFB","","","","W","T",0,1,0,0,0,"F"
1,2,0,2,"FFC","alonp001","","","K","T",1,0,1,0,0,"F"
0,0,2,2,"FBFBFT","","","","K","T",1,0,0,0,0,"F"
0,1,1,2,"BSSFX","","","","HR/F8XD","T",0,4,0,0,0,"F"
0,1,0,0,".X","","","","43/G6MD","T",1,0,0,0,0,"F"
0,2,0,1,"CX","","","","4/P34D","T",1,0,0,0,0,"F"
1,0,2,2,"CCBBFS","","","","K","T",1,0,0,0,0,"F"
1,1,2,1,"FBBX","","","","43/G4MS","T",1,0,0,0,0,"F"
1,2,3,2,"SBCBBX","","","","9/F9D","T",1,0,0,0,0,"F"
0,0,1,2,".CSBT","","","","K","T",1,0,0,0,0,"F"
0,1,2,2,"BCBFS","","","","K","T",1,0,0,0,0,"F"
0,2,1,2,"CSBX","","","","63/G6MD","T",1,0,0,0,0,"F"
1,0,2,2,"CBBCFS","","","","K","T",1,0,0,0,0,"F"
1,1,1,1,"CBX","","","","63/G6+","T",1,0,0,0,0,"F"
1,2,1,0,".BX","","","","HR/F7D","T",0,4,0,0,0,"F"
1,2,0,2,"CFS","","","","K","T",1,0,0,0,0,"F"
0,0,2,2,".BBFFX","","","","S8/L8","T",0,1,0,0,0,"F"
0,0,0,0,"X","pedej001","","","S7/G56+.1-2","T",0,1,2,0,0,"F"
0,0,0,0,"X","albio001","pedej001","","13/G1S-.2-3;1-2","T",1,0,2,3,0,"F"
0,1,1,2,".SS*B*S","","albio001","pedej001","K","T",1,0,0,2,3,"F"
0,2,0,0,"X","","albio001","pedej001","63/G56","T",1,0,0,2,3,"F"
1,0,1,0,".BX","","","","8/F8S","T",1,0,0,0,0,"F"
1,1,1,2,"FFFBFX","","","","S8/L89S","T",0,1,0,0,0,"F"
1,1,1,0,"BX","mcnej002","","","64(1)3/GDP/G6","T",2,0,0,0,0,"F"
0,0,2,1,"...BBFX","","","","DGR/L89XD+","T",0,2,0,0,0,"F"
0,0,0,2,"FSFFX","","almoa001","","9/F9","T",1,0,0,2,0,"F"
0,1,1,0,".BX","","almoa001","","S9/L9S.2XH(92);B-2","T",1,2,0,0,0,"F"
0,2,3,2,".BFSFBBFX","","adrie001","","7/L78D","T",1,0,0,2,0,"F"
0,0,1,2,"CFBX","","","","43/G4","T",1,0,0,0,0,"T"
0,1,2,2,"FBFBS","","","","K","T",1,0,0,0,0,"F"
0,2,1,0,"BX","","","","63/G4M+","T",1,0,0,0,0,"F"
1,0,3,2,"CCBFFBFBB","","","","W","T",0,1,0,0,0,"F"
1,0,2,2,"SBF*BS","nimmb001","","","K","T",1,0,1,0,0,"F"
1,1,0,0,"X","nimmb001","","","S7/L78+.1-3","T",0,1,3,0,0,"F"
1,1,2,2,"S*BB1FS","smitd008","","nimmb001","K","T",1,0,1,0,3,"F"
1,2,0,2,"F*SB","smitd008","","nimmb001","WP.1-2","F",0,0,2,0,3,"F"
1,2,3,2,"F*SB.*BFBFFFFS","","smitd008","nimmb001","K","T",1,0,0,2,3,"F"
0,0,1,2,"CBFFS","","","","K","T",1,0,0,0,0,"F"
0,1,2,1,"CBBX","","","","7/F78","T",1,0,0,0,0,"F"
0,2,1,2,"CCFBFFS","","","","K","T",1,0,0,0,0,"F"
1,0,1,2,"FBFFC","","","","K","T",1,0,0,0,0,"F"
1,1,2,2,"CSBBC","","","","K","T",1,0,0,0,0,"F"
1,2,2,0,"BBX","","","","S7/L78+","T",0,1,0,0,0,"F"
1,2,0,1,"CX","drurb001","","","13/BG1S","T",1,0,1,0,0,"F"
0,0,3,2,"CBBFFBB","","","","W","T",0,1,0,0,0,"F"
0,0,0,0,"X","vogts001","","","9/F9L","T",1,0,1,0,0,"F"
0,1,0,1,"MX","vogts001","","","5/BP2F/FL","T",1,0,1,0,0,"F"
0,2,0,2,"FCS","vogts001","","","K","T",1,0,1,0,0,"F"
1,0,1,2,"FBCX","","","","D7/L7D","T",0,2,0,0,0,"F"
1,0,1,1,"CBX","","nimmb001","","13/G13-.2-3","T",1,0,0,3,0,"F"
1,1,2,0,"BBX","","","nimmb001","S9/L9LD+.3-H;BX2(96)","T",1,0,0,0,4,"F"
1,2,1,1,"SBX","","","","53/G56","T",1,0,0,0,0,"F"
0,0,3,2,"CBBCBFFB","","","","W","T",0,1,0,0,0,"F"
0,0,1,0,"1B1>X","albio001","","","7/F7D","T",1,0,1,0,0,"F"
0,1,0,0,"X","albio001","","","HR/F78XD+.1-H","T",0,4,4,0,0,"F"
0,1,0,1,"CX","","","","3/G34","T",1,0,0,0,0,"F"
0,2,2,0,"BBX","","","","HR/F9LD","T",0,4,0,0,0,"F"
0,2,2,2,"FBFBFS","","","","K","T",1,0,0,0,0,"F"
1,0,1,2,"BCFX","","","","S8/F8S","T",0,1,0,0,0,"F"
1,0,3,2,"FBC*B*BX","mccaj001","","","6(1)3/GDP/G4M","T",2,0,0,0,0,"F"
1,2,1,2,"FFBX","","","","S7/F7S","T",0,1,0,0,0,"F"
1,2,2,2,"*B1CF1*BFX","villj001","","","S7/G56+.1-2","T",0,1,2,0,0,"F"
1,2,0,2,"CLL","drurb001","villj001","","K","T",1,0,1,2,0,"F"
0,0,0,0,"X","","","","S8/L89","T",0,1,0,0,0,"F"
0,0,0,2,"SCL","hereg002","","","K","T",1,0,1,0,0,"F"
0,1,2,2,"FFB1FFF1B1FX","hereg002","","","S9/G4.1-3","T",0,1,3,0,0,"F"
0,1,1,0,"BX","pedej001","","hereg002","S6/F8S.3-H;1-2","T",0,1,2,0,4,"F"
0,1,1,2,"BFFFFC","albio001","pedej001","","K","T",1,0,1,2,0,"F"
0,2,1,0,"BX","albio001","pedej001","","S7/L78S.2-H;1-2","T",0,1,2,4,0,"F"
0,2,0,1,"CX","rilea001","albio001","","64(1)/FO/G6.B-1","T",1,1,0,2,0,"F"
1,0,1,0,"BX","","","","S7/L78S","T",0,1,0,0,0,"F"
1,0,0,0,"X","nimmb001","","","HR/F7D+.1-H","T",0,4,4,0,0,"F"
1,0,0,0,".X","","","","13/G34S-","T",1,0,0,0,0,"F"
1,1,1,2,"SSBS","","","","K","T",1,0,0,0,0,"F"
1,2,2,2,"CCBFFBFX","","","","43/G4M","T",1,0,0,0,0,"F"
0,0,0,2,".CFC","","","","K","T",1,0,0,0,0,"F"
0,1,1,0,"BX","","","","63/G4D","T",1,0,0,0,0,"F"
0,2,3,1,"BBBCB","","","","W","T",0,1,0,0,0,"F"
0,2,0,2,".CC*S","hereg002","","","K","T",1,0,1,0,0,"F"
1,0,1,2,".CBSS","","","","K","T",1,0,0,0,0,"F"
1,1,0,0,"X","","","","S9/F9LS","T",0,1,0,0,0,"F"
1,1,0,0,"X","villj001","","","6(1)3/GDP/G6M","T",2,0,0,0,0,"F"
0,0,0,0,".X","","","","43/G34D","T",1,0,0,0,0,"F"
0,1,1,2,"BCFX","","","","9/F9D","T",1,0,0,0,0,"F"
0,2,1,1,"CBX","","","","13/G4S-","T",1,0,0,0,0,"F"
1,0,0,2,".CSS","","","","K","T",1,0,0,0,0,"F"
1,1,0,0,"X","","","","53/G6","T",1,0,0,0,0,"F"
1,2,0,1,"CX","","","","31/G34","T",1,0,0,0,0,"F"
0,0,0,2,".FFS","","","","K","T",1,0,0,0,0,"F"
0,1,0,0,"X","","","","HR/F89XD+","T",0,4,0,0,0,"F"
0,1,1,2,"CFFFBFX","","","","63/G4","T",1,0,0,0,0,"F"
0,2,2,0,"BBX","","","","31/G3","T",1,0,0,0,0,"F"
1,0,0,1,".CX","","","","53/G34D+","T",1,0,0,0,0,"F"
1,1,1,2,"BSS*S","","","","K","T",1,0,0,0,0,"F"
1,2,1,1,"BCX","","","","S8/G4M+","T",0,1,0,0,0,"F"
1,2,0,0,"X","mccaj001","","","8/F78XD","T",1,0,1,0,0,"F"
0,0,0,1,".CX","","","","8/F8","T",1,0,0,0,0,"F"
0,1,2,1,".BBSX","","","","8/L8D+","T",1,0,0,0,0,"F"
0,2,3,2,"CBBCBFB","","","","W","T",0,1,0,0,0,"F"
0,2,0,0,"X","pedej001","","","5/P56D","T",1,0,1,0,0,"F"
1,0,0,1,".CX","","","","D7/L7L+","T",0,2,0,0,0,"F"
1,0,1,2,"BSSX","","villj001","","9/L9D","T",1,0,0,2,0,"F"
1,1,2,2,".BSBFX","","villj001","","9/L9D.2-3","T",1,0,0,3,0,"F"
1,2,1,2,"C*BCFS","","","villj001","K","T",1,0,0,0,3,"F"
0,0,0,0,"X","","","","HR/F7LD","T",0,4,0,0,0,"T"
0,0,2,1,"BBCX","","","","43/G4D","T",1,0,0,0,0,"F"
0,1,0,1,"SX","","","","8/L89XD","T",1,0,0,0,0,"F"
0,2,3,2,"SFBBBS","","","","K","T",1,0,0,0,0,"F"
1,0,1,1,"BCX","","","","S9/L89S","T",0,1,0,0,0,"F"
1,0,1,2,"CF*B1X","nimmb001","","","D9/G3.1-H","T",0,2,4,0,0,"F"
1,0,3,1,"BCBBB","","mcnej002","","W","T",0,1,0,2,0,"F"
1,0,0,0,"X","alonp001","mcnej002","","S8/L6MD.2-3;1-2","T",0,1,2,3,0,"F"
1,0,1,2,"BSFC","smitd008","alonp001","mcnej002","K","T",1,0,1,2,3,"F"
1,1,2,2,"FFBBFX","smitd008","alonp001","mcnej002","46(1)3/GDP/G4","T",2,0,0,2,3,"F"
0,0,2,2,"FBBSFS","","","","K","T",1,0,0,0,0,"F"
0,1,1,0,"BX","","","","S9/G34","T",0,1,0,0,0,"F"
0,1,3,2,"BCF*BF*BFFS","barnt001","","","K","T",1,0,1,0,0,"F"
0,2,2,1,"F*BBX","barnt001","","","46(1)/FO/G4.B-1","T",1,1,0,0,0,"F"
1,0,2,2,"BCBFFX","","","","S8/G6M","T",0,1,0,0,0,"F"
1,0,0,2,"CCX","nidot001","","","36(1)3/GDP/G3","T",2,0,0,0,0,"F"
1,2,2,2,"CBCBS","","","","K","T",1,0,0,0,0,"F"
0,0,1,2,"BFCC","","","","K","T",1,0,0,0,0,"F"
0,1,3,1,"FBBBB","","","","W","T",0,1,0,0,0,"F"
0,1,0,1,"1SX","indij001","","","43/G34.1-2","T",1,0,2,0,0,"F"
0,2,1,0,"BX","","indij001","","13/G2-","T",1,0,0,2,0,"F"
1,0,2,2,"BFBSC","","","","K","T",1,0,0,0,0,"F"
1,1,0,0,"X","","","","S34/G34","T",0,1,0,0,0,"F"
1,1,0,1,"CX","mcnej002","","","9/F9","T",1,0,1,0,0,"F"
1,2,3,2,"BC*SBB>F>X","mcnej002","","","8/L8XD","T",1,0,1,0,0,"F"
0,0,1,2,"BTFX","","","","31/G3D","T",1,0,0,0,0,"F"
0,1,1,1,"CBX","","","","DGR/L9LD+","T",0,2,0,0,0,"F"
0,1,1,0,"*BX","","naqut001","","7/F7D","T",1,0,0,2,0,"F"
0,2,1,0,"BX","","naqut001","","6/L56D","T",1,0,0,2,0,"F"
1,0,2,2,"BBCS*S","","","","K","T",1,0,0,0,0,"F"
1,1,3,2,"BBCBCS","","","","K","T",1,0,0,0,0,"F"
1,2,0,2,"FSFX","","","","53/G5","T",1,0,0,0,0,"F"
0,0,1,2,".BCF*S","","","","K","T",1,0,0,0,0,"F"
0,1,0,0,"X","","","","43/G4","T",1,0,0,0,0,"F"
0,2,2,2,"CSBFBX","","","","D7/F7LS","T",0,2,0,0,0,"F"
0,2,0,2,"FSX","","indij001","","S7/G5.2-H","T",0,1,0,4,0,"F"
0,2,0,1,"CX","winkj002","","","9/L9D","T",1,0,1,0,0,"F"
1,0,1,2,"BCFFX","","","","8/F8XD","T",1,0,0,0,0,"F"
1,1,3,2,".BBCSBX","","","","63/G6","T",1,0,0,0,0,"F"
1,2,2,2,"FBFBFFS","","","","K","T",1,0,0,0,0,"F"
0,0,2,0,".BBX","","","","HR/F8XD","T",0,4,0,0,0,"F"
0,0,0,2,"CCS","","","","K","T",1,0,0,0,0,"F"
0,1,1,2,"SBFX","","","","43/G4D+","T",1,0,0,0,0,"F"
0,2,3,1,"FBBBB","","","","W","T",0,1,0,0,0,"F"
0,2,1,2,"CTBX","suare001","","","63/G6D","T",1,0,1,0,0,"F"
1,0,1,0,"BX","","","","3/G3","T",1,0,0,0,0,"F"
1,1,2,0,"BBX","","","","53/G5","T",1,0,0,0,0,"F"
1,2,1,2,"CFFBC","","","","K","T",1,0,0,0,0,"F"
0,0,0,0,".X","","","","43/G4D","T",1,0,0,0,0,"F"
0,1,0,1,"CX","","","","63/G6D","T",1,0,0,0,0,"F"
0,2,1,0,"BX","","","","3/G3","T",1,0,0,0,0,"F"
1,0,0,1,".CX","","","","43/G34D","T",1,0,0,0,0,"F"
1,1,0,0,"X","","","","43/G4-","T",1,0,0,0,0,"F"
1,2,2,2,"FBBSS","","","","K","T",1,0,0,0,0,"F"
0,0,0,2,"..CSS","","","","K","T",1,0,0,0,0,"F"
0,1,3,1,"BCBBB","","","","W","T",0,1,0,0,0,"F"
0,1,0,2,"F*SC","vottj001","","","K","T",1,0,1,0,0,"F"
0,2,0,2,"1FCS","vottj001","","","K","T",1,0,1,0,0,"F"
1,0,2,2,".BFBFFS","","","","K","T",1,0,0,0,0,"F"
1,1,1,2,"FBSFX","","","","S7/L78S","T",0,1,0,0,0,"F"
1,1,3,0,"*BBBB","mccaj001","","","W.1-2","T",0,1,2,0,0,"F"
1,1,1,1,"BFX","nimmb001","mccaj001","","5/P5DF/FL","T",1,0,1,2,0,"F"
1,2,1,1,"BCX","nimmb001","mccaj001","","5(2)/FO/G5.B-1","T",1,1,1,0,0,"F"
0,0,1,0,"BX","","","","S7/G56+","T",0,1,0,0,0,"F"
0,0,1,1,".BCX","suare001","","","D7/L78D+.1-3","T",0,2,3,0,0,"F"
0,0,1,0,".*BX","","stept001","suare001","8/SF/L89D.3-H","T",1,0,0,2,4,"F"
0,1,2,2,"BBCFX","","stept001","","HR/F7D.2-H","T",0,4,0,4,0,"F"
0,1,0,1,"TX","","","","63/G4MD+","T",1,0,0,0,0,"F"
0,2,2,0,"BBX","","","","D8/L78XD+","T",0,2,0,0,0,"F"
0,2,1,0,"BX","","farmk001","","7/F78D","T",1,0,0,2,0,"F"
1,0,1,2,"...SFFBFX","","","","8/F8","T",1,0,0,0,0,"F"
1,1,0,2,"SCS","","","","K","T",1,0,0,0,0,"F"
1,2,1,0,"BX","","","","S9/G2+","T",0,1,0,0,0,"F"
1,2,0,0,".>B","villj001","","","DI.1-2","F",0,0,2,0,0,"F"
1,2,1,1,".>B.CN","","villj001","","BK.2-3","F",0,0,0,3,0,"F"
1,2,1,2,".>B.CN.FX","","","villj001","D7/L7D.3-H","T",0,2,0,0,4,"F"
1,2,3,1,"BBBCB","","drurb001","","W","T",0,1,0,2,0,"F"
1,2,0,1,"CB","guill001","drurb001","","PB.2-3;1-2","F",0,0,2,3,0,"F"
1,2,1,2,"CB.CFF*S","","guill001","drurb001","K","T",1,0,0,2,3,"F"
0,0,2,2,"CCBBH","","","","HP","T",0,1,0,0,0,"T"
0,0,0,0,"1X","indij001","","","8/F8XD","T",1,0,1,0,0,"F"
0,1,3,2,"C11BFBBX","indij001","","","4/P4","T",1,0,1,0,0,"F"
0,2,2,2,"FFBBX","indij001","","","3/G3","T",1,0,1,0,0,"F"
1,0,0,0,"X","","","","53/G5+","T",1,0,0,0,0,"F"
1,1,1,2,"BCCX","","","","53/G56","T",1,0,0,0,0,"F"
1,2,2,0,"BBX","","","","43/G4","T",1,0,0,0,0,"F"
0,0,3,2,"BBCBFX","","","","6/P56D","T",1,0,0,0,0,"F"
0,1,1,2,"BCSS","","","","K","T",1,0,0,0,0,"F"
0,2,1,2,"BCCX","","","","63/G4","T",1,0,0,0,0,"F"
1,0,0,0,"X","","","","63/G6","T",1,0,0,0,0,"F"
1,1,3,2,"CBCFBBX","","","","53/G56","T",1,0,0,0,0,"F"
1,2,3,2,"BBBCFB","","","","W","T",0,1,0,0,0,"F"
1,2,1,0,"1BX","smitd008","","","53/G56S","T",1,0,1,0,0,"F"
0,0,1,1,"CBX","","","","S3/G3S-","T",0,1,0,0,0,"F"
0,0,0,2,"L1LL","akiys001","","","K","T",1,0,1,0,0,"F"
0,1,3,2,"BCFB1B>C","akiys001","","","K+CS2(24)/DP","T",2,0,0,0,0,"F"
1,0,1,1,"CBX","","","","D8/L89D+","T",0,2,0,0,0,"F"
1,0,1,0,"BX","","drurb001","","14/SH/BG2.2-3","T",1,0,0,3,0,"F"
1,1,3,0,"BBBX","","","drurb001","S7/L78.3-H","T",0,1,0,0,4,"F"
1,1,3,0,"*BBBX","villj001","","","64(1)3/GDP/G6D","T",2,0,0,0,0,"F"
0,0,0,2,"CCS","","","","K","T",1,0,0,0,0,"F"
0,1,0,1,"CX","","","","S8/L8S","T",0,1,0,0,0,"F"
0,1,0,0,"X","farmk001","","","8/F8D","T",1,0,1,0,0,"F"
0,2,3,2,"BFBBF>B","farmk001","","","W.1-2","T",0,1,2,0,0,"F"
0,2,2,2,"FCBBX","aquia001","farmk001","","HR/F78XD.2-H;1-H","T",0,4,4,4,0,"F"
0,2,0,0,"H","","","","HP","T",0,1,0,0,0,"F"
0,2,0,1,"CX","barnt001","","","D8/L78.1-3","T",0,2,3,0,0,"F"
0,2,3,2,"BTBCBX","","akiys001","barnt001","7/L7S","T",1,0,0,2,3,"F"
1,0,0,1,"SX","","","","8/F8D","T",1,0,0,0,0,"F"
1,1,1,2,"BFFT","","","","K","T",1,0,0,0,0,"F"
1,2,3,2,"BFBBFFB","","","","W","T",0,1,0,0,0,"F"
1,2,2,2,"FS*BBX","mccaj001","","","13/G6MS","T",1,0,1,0,0,"F"
0,0,1,0,"BX","","","","53/G5","T",1,0,0,0,0,"F"
0,1,2,0,"BBX","","","","2/P2F/FL","T",1,0,0,0,0,"F"
0,2,0,1,"FX","","","","HR/F78XD","T",0,4,0,0,0,"F"
0,2,1,2,"CCBFX","","","","8/F78D","T",1,0,0,0,0,"F"
1,0,3,2,"BFBFBC","","","","K","T",1,0,0,0,0,"F"
1,1,0,0,"X","","","","3/P34S","T",1,0,0,0,0,"F"
1,2,1,0,".BX","","","","63/G6","T",1,0,0,0,0,"F"
0,0,0,2,".SCT","","","","K","T",1,0,0,0,0,"F"
0,1,0,0,"X","","","","9/F89","T",1,0,0,0,0,"F"
0,2,1,1,"BFX","","","","63/G4","T",1,0,0,0,0,"F"
1,0,3,0,"BBBB","","","","W","T",0,1,0,0,0,"F"
1,0,1,0,"BX","villj001","","","S7/L7.1-2","T",0,1,2,0,0,"F"
1,0,0,0,"2","alonp001","villj001","","PO2(16)","F",1,0,1,0,0,"F"
1,1,2,2,"2.*BSBFX","alonp001","","","7/L78","T",1,0,1,0,0,"F"
1,2,1,2,"BSFX","alonp001","","","HR/F78XD.1-H","T",0,4,4,0,0,"F"
1,2,1,2,"CSBX","","","","9/F89","T",1,0,0,0,0,"F"
0,0,2,2,".CBBFFS","","","","K","T",1,0,0,0,0,"F"
0,1,0,1,"FX","","","","43/G4D","T",1,0,0,0,0,"F"
0,2,3,2,"BBBCFB","","","","W","T",0,1,0,0,0,"F"
0,2,0,0,"X","indij001","","","3/G3S","T",1,0,1,0,0,"F"
1,0,0,1,"FX","","","","7/F78","T",1,0,0,0,0,"F"
1,1,3,2,"FBBBSX","","","","9/F9L","T",1,0,0,0,0,"F"
1,2,3,2,"CBBBSX","","","","63/G6","T",1,0,0,0,0,"F"
0,0,0,1,".CX","","","","S9/L89S","T",0,1,0,0,0,"F"
0,0,0,1,"CX","farmk001","","","S9/F9D.1-3","T",0,1,3,0,0,"F"
0,0,1,2,".BSSS","vottj001","","farmk001","K","T",1,0,1,0,3,"F"
0,1,1,2,"FBSC","vottj001","","farmk001","K/C","T",1,0,1,0,3,"F"
0,2,2,2,"..CBBFN","vottj001","","farmk001","CSH(1352)","F",1,0,1,0,0,"F"
1,0,3,2,".....CBSBBX","","","","63/G4","T",1,0,0,0,0,"F"
1,1,2,2,"CBBCF.X","","","","53/G6+","T",1,0,0,0,0,"F"
1,2,1,1,"CBX","","","","3/P34","T",1,0,0,0,0,"F"
0,0,3,2,".BCBFBFB","","","","W","T",0,1,0,0,0,"F"
0,0,2,2,"CBBFS","stept001","","","K","T",1,0,1,0,0,"F"
0,1,1,2,"BSSFS","stept001","","","K","T",1,0,1,0,0,"F"
0,2,3,2,"CBCBB>X","stept001","","","6/P7S","T",1,0,1,0,0,"F"
1,0,3,2,".BFCBBFB","","","","W","T",0,1,0,0,0,"F"
1,0,2,0,".*BBB","guill001","","","WP.1-2","F",0,0,2,0,0,"F"
1,0,3,2,".*BBB.FFT","","guill001","","K","T",1,0,0,2,0,"F"
1,1,2,2,"FSBFFBS","","guill001","","K","T",1,0,0,2,0,"F"
1,2,1,2,".TFBFFX","","guill001","","S8/L8S.2-H","T",0,1,0,4,0,"F"
1,2,0,2,"CFFC","smitd008","","","K","T",1,0,1,0,0,"F"
0,0,2,2,"....BBFFB","","indij001","","WP.2-3","F",0,0,0,3,0,"F"
0,0,3,2,"....BBFFB.B","","","indij001","W","T",0,1,0,0,3,"F"
0,0,0,2,"CSS","winkj002","","indij001","K","T",1,0,1,0,3,"F"
0,1,1,2,"CBFS","winkj002","","indij001","K","T",1,0,1,0,3,"F"
0,2,2,2,"SFBFBX","winkj002","","indij001","8/L8D+","T",1,0,1,0,3,"F"
1,0,1,2,".....BFCX","","pillk001","","S9/G4.2-H(UR)","T",0,1,0,5,0,"F"
0,0,1,2,"BCCS","","","","K","T",1,0,0,0,0,"T"
0,1,1,1,"CBX","","","","43/G34","T",1,0,0,0,0,"F"
0,2,0,1,"CX","","","","43/G6M","T",1,0,0,0,0,"F"
1,0,1,2,"FBCC","","","","K","T",1,0,0,0,0,"F"
1,1,3,1,"BBBCX","","","","7/F7D","T",1,0,0,0,0,"F"
1,2,0,0,"X","","","","8/F8XD","T",1,0,0,0,0,"F"
0,0,2,1,"FBBX","","","","9/F89XD","T",1,0,0,0,0,"F"
0,1,1,0,"BX","","","","S8/L78S","T",0,1,0,0,0,"F"
0,1,0,2,"FCFX","schrm001","","","43/G6.1-2","T",1,0,2,0,0,"F"
0,2,2,2,"BFBTX","","schrm001","","8/F78D","T",1,0,0,2,0,"F"
1,0,2,2,"BFBSX","","","","63/G6","T",1,0,0,0,0,"F"
1,1,0,1,"CX","","","","63/G4","T",1,0,0,0,0,"F"
1,2,3,1,"CBBBB","","","","W","T",0,1,0,0,0,"F"
1,2,0,1,"1CX","drurb001","","","64(1)/FO/G6.B-1","T",1,1,0,0,0,"F"
0,0,3,2,"CBBBSX","","","","8/F78D","T",1,0,0,0,0,"F"
0,1,0,1,"SX","","","","53/G56","T",1,0,0,0,0,"F"
0,2,0,0,"X","","","","D8/F8XD+","T",0,2,0,0,0,"F"
0,2,2,2,"BBCSS","","indij001","","K","T",1,0,0,2,0,"F"
1,0,0,0,"X","","","","8/F8XD","T",1,0,0,0,0,"F"
1,1,1,0,"BX","","","","23/G2-","T",1,0,0,0,0,"F"
1,2,1,2,"CFFBX","","","","5/P5SF/FL","T",1,0,0,0,0,"F"
0,0,0,0,"X","","","","4/F8S","T",1,0,0,0,0,"F"
0,1,1,2,"CCBX","","","","63/G56","T",1,0,0,0,0,"F"
0,2,1,1,"CBX","","","","HR/F9LD","T",0,4,0,0,0,"F"
0,2,1,0,"BX","","","","S67/L7S+","T",0,1,0,0,0,"F"
0,2,0,0,"X","suare001","","","D8/L78D+.1XH(862)","T",1,2,0,0,0,"F"
1,0,1,1,"FBX","","","","9/F9D+","T",1,0,0,0,0,"F"
1,1,3,2,"CBBFBFX","","","","41/G34D","T",1,0,0,0,0,"F"
1,2,0,0,"X","","","","53/G2","T",1,0,0,0,0,"F"
0,0,2,2,"SSFBBX","","","","53/G56","T",1,0,0,0,0,"F"
0,1,1,2,"CFBS","","","","K","T",1,0,0,0,0,"F"
0,2,2,2,"BCSBC","","","","K","T",1,0,0,0,0,"F"
1,0,0,2,"CCC","","","","K","T",1,0,0,0,0,"F"
1,1,0,2,"CFFS","","","","K","T",1,0,0,0,0,"F"
1,2,0,1,"CX","","","","S7/G56","T",0,1,0,0,0,"F"
1,2,0,1,"SX","pillk001","","","6/L6D","T",1,0,1,0,0,"F"
0,0,1,2,"FBFFX","","","","D4/G2","T",0,2,0,0,0,"F"
0,0,1,2,"BC2SFX","","winkj002","","T8/F8D.2-H","T",0,3,0,4,0,"F"
0,0,2,2,"BCF*BX","","","farmk001","9/SF/F9L.3-H","T",1,0,0,0,4,"F"
0,1,0,0,"X","","","","S7/G6","T",0,1,0,0,0,"F"
0,1,0,1,"FX","schrm001","","","7/F78+","T",1,0,1,0,0,"F"
0,2,3,2,"FBFBB>F>F>B","schrm001","","","W+WP.1-3","T",0,1,3,0,0,"F"
0,2,3,1,".BBBF>B","naqut001","","schrm001","W.1-2","T",0,1,2,0,3,"F"
0,2,3,0,"BBBB","aquia001","naqut001","schrm001","W.3-H;2-3;1-2","T",0,1,2,3,4,"F"
0,2,0,2,"CCFFFFS","gutiv001","aquia001","naqut001","K","T",1,0,1,2,3,"F"
1,0,2,1,".BFBX","","","","3/P34S","T",1,0,0,0,0,"F"
1,1,0,0,"X","","","","HR/F8XD","T",0,4,0,0,0,"F"
1,1,0,0,"X","","","","8/F8XD","T",1,0,0,0,0,"F"
1,2,1,1,"CBX","","","","S9/G4+","T",0,1,0,0,0,"F"
1,2,2,2,"SBS*BX","smitd008","","","9/F9S","T",1,0,1,0,0,"F"
0,0,3,2,".BCBSBB","","","","W","T",0,1,0,0,0,"F"
0,0,3,2,"BFBBCX","winkj002","","","3/P3DF/FL","T",1,0,1,0,0,"F"
0,1,3,1,"CBBBX","winkj002","","","9/F9L","T",1,0,1,0,0,"F"
0,2,3,2,"BSSBFB>F>X","winkj002","","","S8/L8+.1-2","T",0,1,2,0,0,"F"
0,2,3,2,"F*BBBS>X","schrm001","winkj002","","8/F78XD","T",1,0,1,2,0,"F"
1,0,3,1,"BFBBB","","","","W","T",0,1,0,0,0,"F"
1,0,0,0,"X","confm001","","","54(1)3/GDP/G56","T",2,0,0,0,0,"F"
1,2,2,2,"BFBSF*S","","","","K","T",1,0,0,0,0,"F"
0,0,3,1,"..BBBCB","","","","W","T",0,1,0,0,0,"F"
0,0,3,2,"BFBBC>C","naqut001","","","K+SB2","T",1,0,2,0,0,"F"
0,1,3,2,".CBBBCFC","","naqut001","","K","T",1,0,0,2,0,"F"
0,2,0,0,"X","","naqut001","","3/P4","T",1,0,0,2,0,"F"
1,0,0,2,".FFFX","","","","43/G4","T",1,0,0,0,0,"F"
1,1,0,0,"X","","","","43/G4S","T",1,0,0,0,0,"F"
1,2,3,2,"BBBCSFFX","","","","41/G34D","T",1,0,0,0,0,"F"
0,0,3,1,".BBFBB","","","","W","T",0,1,0,0,0,"F"
0,0,0,2,"CCX","winkj002","","","64(1)/FO/L6D.B-1","T",1,1,0,0,0,"F"
0,1,3,2,"BBCBF>B","farmk001","","","W.1-2","T",0,1,2,0,0,"F"
0,1,0,0,"X","stept001","farmk001","","S8/G6+.2-H;1-2","T",0,1,2,4,0,"F"
0,1,3,2,"CBBBFB","schrm001","stept001","","W.2-3;1-2","T",0,1,2,3,0,"F"
0,1,0,2,"CFX","suare001","schrm001","stept001","D9/L9L+.3-H;2-H;1-3","T",0,2,3,4,4,"F"
0,1,3,0,"BBBX","","naqut001","suare001","3/P3","T",1,0,0,2,3,"F"
0,2,0,0,".X","","naqut001","suare001","7/F7","T",1,0,0,2,3,"F"
1,0,1,1,".CBX","","","","8/F8","T",1,0,0,0,0,"F"
1,1,1,2,"CFBS","","","","K","T",1,0,0,0,0,"F"
1,2,2,1,"BBCX","","","","8/F89XD+","T",1,0,0,0,0,"F"
0,0,1,2,"FBFFFFX","","","","S7/L7S","T",0,1,0,0,0,"T"
0,0,1,1,"1B11>FX","roblv001","","","S5/BG56S.1-2","T",0,1,2,0,0,"F"
0,0,1,1,"CBX","escoa003","roblv001","","HR/L78XD.2-H;1-H","T",0,4,4,4,0,"F"
0,0,3,0,"BBBX","","","","3/G3","T",1,0,0,0,0,"F"
0,1,3,1,"BBFBB","","","","W","T",0,1,0,0,0,"F"
0,1,0,1,"FX","herny002","","","7/F78","T",1,0,1,0,0,"F"
0,2,2,2,"BFBS>B","herny002","","","SB2","F",0,0,2,0,0,"F"
0,2,3,2,"BFBS>B.X","","herny002","","31/G34","T",1,0,0,2,0,"F"
1,0,1,1,"BCX","","","","9/L89D+","T",1,0,0,0,0,"F"
1,1,3,2,"BBFFBX","","","","43/G34D","T",1,0,0,0,0,"F"
1,2,0,1,"CX","","","","D8/F8XD+","T",0,2,0,0,0,"F"
1,2,0,0,"X","","alonp001","","D9/F9D+.2-H","T",0,2,0,4,0,"F"
1,2,1,0,"B>B","","smitd008","","OA.2X2(256)","F",1,0,0,0,0,"F"
0,0,1,1,"FBX","","","","S9/G4","T",0,1,0,0,0,"F"
0,0,0,1,"..CX","adamr004","","","54/SH/BG2-.1-2","T",1,0,2,0,0,"F"
0,1,0,2,"FCFX","","adamr004","","D7/F7LD.2-H;B-3(THH)","T",0,3,0,4,0,"F"
0,1,1,2,"BSFFFX","","","roblv001","9/F9S","T",1,0,0,0,3,"F"
0,2,3,1,"BC*B*BB","","","roblv001","W","T",0,1,0,0,3,"F"
0,2,1,2,"BCCFX","sotoj001","","roblv001","9/F9LD","T",1,0,1,0,3,"F"
1,0,1,2,".FFBC","","","","K","T",1,0,0,0,0,"F"
1,1,1,0,"BX","","","","63/G6","T",1,0,0,0,0,"F"
1,2,1,2,"CFBX","","","","S9/L89S+","T",0,1,0,0,0,"F"
1,2,2,2,"BBCS1>X","villj001","","","FC/G4M.1-2(E4);B-1","T",0,1,2,0,0,"F"
1,2,0,2,"TCX","mccaj001","villj001","","63/G6","T",1,0,1,2,0,"F"
0,0,3,2,"BCFBBB","","","","W","T",0,1,0,0,0,"F"
0,0,2,2,"BFB1*S1S","herny002","","","K","T",1,0,1,0,0,"F"
0,1,1,2,"BC1FX","herny002","","","7/L7L","T",1,0,1,0,0,"F"
0,2,1,2,"BCFX","herny002","","","E4/G4D.1-2;B-1","T",0,1,2,0,0,"F"
0,2,0,2,"CSC","adamr004","herny002","","K","T",1,0,1,2,0,"F"
1,0,2,2,"CBFBX","","","","D7/L7L","T",0,2,0,0,0,"F"
1,0,1,2,"BFFX","","nimmb001","","S9/L89S.2-H","T",0,1,0,4,0,"F"
1,0,0,1,"FX","mcnej002","","","S7/G56+.1-2","T",0,1,2,0,0,"F"
1,0,1,1,"B*SX","alonp001","mcnej002","","8/F78XD.2-3;1-2","T",1,0,2,3,0,"F"
1,1,1,2,"CBTX","","alonp001","mcnej002","31/G34S.3-H;2-3","T",1,0,0,3,4,"F"
1,2,2,2,"SCBBX","","","alonp001","D7/L7LD+.3-H","T",0,2,0,0,4,"F"
1,2,2,2,"BSFFBX","","davij006","","43/G34D","T",1,0,0,2,0,"F"
0,0,1,2,"CBSS","","","","K","T",1,0,0,0,0,"F"
0,1,0,2,"CSS","","","","K","T",1,0,0,0,0,"F"
0,2,2,1,"BCBX","","","","S8/G4M+","T",0,1,0,0,0,"F"
0,2,2,2,"CBCBX","sotoj001","","","64(1)/FO/G6+.B-1","T",1,1,0,0,0,"F"
1,0,1,0,"BX","","","","63/G6","T",1,0,0,0,0,"F"
1,1,0,1,"FX","","","","23/BG2-","T",1,0,0,0,0,"F"
1,2,0,1,"CX","","","","7/L7LD","T",1,0,0,0,0,"F"
0,0,3,1,"FBBBB","","","","W","T",0,1,0,0,0,"F"
0,0,2,2,"1BCBFX","herny002","","","S9/L4D-.1-3","T",0,1,3,0,0,"F"
0,0,3,0,"BBBX","kiebc001","","herny002","D9/L89XD+.3-H;1-H","T",0,2,4,0,4,"F"
0,0,1,1,".SBX","","garcl006","","S8/G6M.2-H","T",0,1,0,4,0,"F"
0,0,1,0,"BX","adamr004","","","24/SH/BG2-.1-2","T",1,0,2,0,0,"F"
0,1,2,0,"*BBX","","adamr004","","53/G5+","T",1,0,0,2,0,"F"
0,2,0,2,"CCFFX","","adamr004","","4/L4D","T",1,0,0,2,0,"F"
1,0,3,1,"BBBCB","","","","W","T",0,1,0,0,0,"F"
1,0,1,2,"*BCCX","mcnej002","","","9/F89","T",1,0,1,0,0,"F"
1,1,1,2,"FBFF1X","mcnej002","","","8/F78S","T",1,0,1,0,0,"F"
1,2,3,2,"BBCBF>X","mcnej002","","","S9/L3D+.1-H;BX2(9523)","T",1,0,4,0,0,"F"
0,0,1,2,".CBFFX","","","","S9/G3+","T",0,1,0,0,0,"F"
0,0,2,0,"BBX","sotoj001","","","46(1)3/GDP/G4D","T",2,0,0,0,0,"F"
0,2,0,0,"X","","","","63/G6M","T",1,0,0,0,0,"F"
1,0,0,1,"CX","","","","E5/TH/G5.B-1","T",0,1,0,0,0,"F"
1,0,1,1,"BFX","davij006","","","46(1)/FO/G34.B-1","T",1,1,0,0,0,"F"
1,1,0,0,"1X","villj001","","","9/F9S","T",1,0,1,0,0,"F"
1,2,0,2,".SFS","villj001","","","K","T",1,0,1,0,0,"F"
0,0,1,2,".BCSS","","","","K","T",1,0,0,0,0,"F"
0,1,1,2,"FBFX","","","","5/P5DF/FL","T",1,0,0,0,0,"F"
0,2,1,1,"FBX","","","","8/F1S","T",1,0,0,0,0,"F"
1,0,0,0,".X","","","","S8/G4M+","T",0,1,0,0,0,"F"
1,0,2,1,"FB1B1X","nimmb001","","","9/F89S","T",1,0,1,0,0,"F"
1,1,1,2,"FFBX","nimmb001","","","D8/L8XD+.1-H","T",0,2,4,0,0,"F"
1,1,3,1,"B*BBFX","","alonp001","","4/P34+","T",1,0,0,2,0,"F"
1,2,3,2,"FCBFFBBX","","alonp001","","5/P6","T",1,0,0,2,0,"F"
0,0,1,2,"..FBFFS","","","","K","T",1,0,0,0,0,"F"
0,1,3,1,"BBBCX","","","","9/F9S","T",1,0,0,0,0,"F"
0,2,1,1,"BFX","","","","2/G2-","T",1,0,0,0,0,"F"
1,0,1,1,".BFX","","","","D9/L9LD+","T",0,2,0,0,0,"F"
1,0,0,1,"LX","","davij006","","FC/SH/BG1S-.2-H(NR);B-2(E1/TH)","T",0,2,0,4,0,"F"
1,0,0,1,"LX","","villj001","","53/G25-.2-3","T",1,0,0,3,0,"F"
1,1,3,2,".BBFFBX","","","villj001","S8/L4MD-.3-H(UR)","T",0,1,0,0,5,"F"
1,1,2,0,"BBX","drurb001","","","5/P5F/FL","T",1,0,1,0,0,"F"
1,2,2,0,"BBX","drurb001","","","S9/L9S.1-3","T",0,1,3,0,0,"F"
1,2,0,1,"FX","mcnej002","","drurb001","64(1)/FO/G6.B-1","T",1,1,0,0,3,"F"
0,0,1,2,"...CCBS","","","","K","T",1,0,0,0,0,"F"
0,1,0,0,"X","","","","7/L7L","T",1,0,0,0,0,"F"
0,2,1,1,"BCX","","","","3/G3","T",1,0,0,0,0,"F"
0,0,0,2,"FFS","","","","K","T",1,0,0,0,0,"T"
0,1,1,0,"BX","","","","8/L8XD","T",1,0,0,0,0,"F"
0,2,3,1,"BBCB*B","","","","W","T",0,1,0,0,0,"F"
0,2,3,2,"CBBBS>C","sotoj001","","","K","T",1,0,1,0,0,"F"
1,0,3,2,"CBBBCFC","","","","K","T",1,0,0,0,0,"F"
1,1,0,2,"FSFX","","","","3/P3SF-/FL","T",1,0,0,0,0,"F"
1,2,0,2,"CSX","","","","S7/G56","T",0,1,0,0,0,"F"
1,2,0,0,"X","smitd008","","","S7/L78S.1-3","T",0,1,3,0,0,"F"
1,2,1,2,"SBSFT","davij006","","smitd008","K","T",1,0,1,0,3,"F"
0,0,2,2,"CSBBC","","","","K","T",1,0,0,0,0,"F"
0,1,1,2,"BTSX","","","","S8/L78D","T",0,1,0,0,0,"F"
0,1,2,1,"BBFX","kiebc001","","","46(1)/FO/G34.B-1","T",1,1,0,0,0,"F"
0,2,2,2,"BCF1B>B","garcl006","","","CS2(24)","F",1,0,0,0,0,"F"
1,0,2,2,"FFBBX","","","","S8/L6MD","T",0,1,0,0,0,"F"
1,0,1,1,"BSX","villj001","","","8/L8D","T",1,0,1,0,0,"F"
1,1,0,1,"1FX","villj001","","","8/F8D","T",1,0,1,0,0,"F"
1,2,0,0,"X","villj001","","","S15/BG56S.1-2","T",0,1,2,0,0,"F"
1,2,3,2,"BBCSB>X","strom001","villj001","","HR/F9D.2-H;1-H","T",0,4,4,4,0,"F"
1,2,0,0,"X","","","","4/L6MD","T",1,0,0,0,0,"F"
0,0,2,2,"BCBCF*S","","","","K","T",1,0,0,0,0,"F"
0,1,1,2,"CSFBS","","","","K","T",1,0,0,0,0,"F"
0,2,0,1,"SX","","","","13/BG1S","T",1,0,0,0,0,"F"
1,0,0,0,"X","","","","S9/L89D","T",0,1,0,0,0,"F"
1,0,0,1,"FX","smitd008","","","S7/L78.1-3","T",0,1,3,0,0,"F"
1,0,1,0,"11BX","davij006","","smitd008","3/L3/DP.1X1(3)","T",2,0,0,0,3,"F"
1,2,1,0,"BX","","","smitd008","9/F9L","T",1,0,0,0,3,"F"
0,0,1,2,"CTBS","","","","K","T",1,0,0,0,0,"F"
0,1,2,2,"CBBCX","","","","13/G23-","T",1,0,0,0,0,"F"
0,2,1,1,"CBX","","","","5/L6","T",1,0,0,0,0,"F"
1,0,2,2,"BBFFFX","","","","S8/L78","T",0,1,0,0,0,"F"
1,0,0,1,".SX","confm001","","","S9/G34.1-3","T",0,1,3,0,0,"F"
1,0,1,2,"LBL>B","nidot001","","confm001","SB2","F",0,0,2,0,3,"F"
1,0,2,2,"LBL>B.C","","nidot001","confm001","K","T",1,0,0,2,3,"F"
1,1,2,2,"BCCBX","","nidot001","confm001","S7/G56.3-H;2-3","T",0,1,0,3,4,"F"
1,1,1,2,"C1FBH","nimmb001","","nidot001","HP.1-2","T",0,1,2,0,3,"F"
1,1,2,2,"BFBFS","alonp001","nimmb001","nidot001","K","T",1,0,1,2,3,"F"
1,2,0,2,"FSS","alonp001","nimmb001","nidot001","K","T",1,0,1,2,3,"F"
0,0,3,2,"CB.SBFBX","","","","43/G34D","T",1,0,0,0,0,"F"
0,1,0,0,"X","","","","63/G6","T",1,0,0,0,0,"F"
0,2,1,2,"CFBC","","","","K","T",1,0,0,0,0,"F"
1,0,0,0,".X","","","","S9/L9S+","T",0,1,0,0,0,"F"
1,0,1,1,"CBX","mcnej002","","","9/F9","T",1,0,1,0,0,"F"
1,1,1,1,"BFX","mcnej002","","","S9/L89S+.1-2","T",0,1,2,0,0,"F"
1,1,0,1,"TX","confm001","mcnej002","","64(1)3/GDP/G6","T",2,0,0,2,0,"F"
0,0,3,2,"FBCBBB","","","","W","T",0,1,0,0,0,"F"
0,0,0,0,".X","adamr004","","","S9/G34.1-2","T",0,1,2,0,0,"F"
0,0,0,0,"X","steva001","adamr004","","D7/G5.2-H;1-3","T",0,2,3,4,0,"F"
0,0,1,2,"BSCFFS","","roblv001","steva001","K","T",1,0,0,2,3,"F"
0,1,3,2,".CFFBBFFBB","","roblv001","steva001","W","T",0,1,0,2,3,"F"
0,1,1,2,"FSFFBX","sotoj001","roblv001","steva001","46(1)3/GDP/G4MD+","T",2,0,0,2,3,"F"
1,0,0,0,"..X","","","","7/F78D","T",1,0,0,0,0,"F"
1,1,0,1,"CX","","","","7/F7","T",1,0,0,0,0,"F"
1,2,3,2,"BSBFBFFF*S","","","","K","T",1,0,0,0,0,"F"
0,0,2,2,"...BBCFX","","","","53/G56S","T",1,0,0,0,0,"F"
0,1,0,0,"X","","","","D8/L78+","T",0,2,0,0,0,"F"
0,1,1,0,"BX","","kiebc001","","8/F8XD","T",1,0,0,2,0,"F"
0,2,0,1,"CX","","kiebc001","","8/F89","T",1,0,0,2,0,"F"
0,0,0,0,"X","","","","3/BG34S","T",1,0,0,0,0,"T"
0,1,2,1,"BFBX","","","","43/G4D","T",1,0,0,0,0,"F"
0,2,0,1,"CX","","","","8/L8D+","T",1,0,0,0,0,"F"
1,0,0,1,"FX","","","","63/G6M","T",1,0,0,0,0,"F"
1,1,2,2,"FBFBX","","","","7/L78D","T",1,0,0,0,0,"F"
1,2,2,1,"FBBX","","","","D9/L9LS+","T",0,2,0,0,0,"F"
1,2,0,2,"CSS","","alonp001","","K","T",1,0,0,2,0,"F"
0,0,0,0,"X","","","","13/G1S-","T",1,0,0,0,0,"F"
0,1,1,1,"CBX","","","","S7/G56","T",0,1,0,0,0,"F"
0,1,0,1,"FX","kiebc001","","","46(1)3/GDP/G34","T",2,0,0,0,0,"F"
1,0,1,2,"BFSFS","","","","K","T",1,0,0,0,0,"F"
1,1,3,2,"BCBFBB","","","","W","T",0,1,0,0,0,"F"
1,1,0,0,"X","davij006","","","S7/L7S+.1-2","T",0,1,2,0,0,"F"
1,1,2,2,"CBBFS","villj001","davij006","","K","T",1,0,1,2,0,"F"
1,2,2,2,"BCCBC","villj001","davij006","","K","T",1,0,1,2,0,"F"
0,0,0,0,"X","","","","7/F7S","T",1,0,0,0,0,"F"
0,1,3,2,"CBBBCB","","","","W","T",0,1,0,0,0,"F"
0,1,0,0,"X","barrt004","","","34/SH/BG23.1-2","T",1,0,2,0,0,"F"
0,2,3,2,"TCBBBS","","barrt004","","K","T",1,0,0,2,0,"F"
1,0,3,1,"BFBBX","","","","43/G4D","T",1,0,0,0,0,"F"
1,1,1,1,"BSX","","","","7/F7D","T",1,0,0,0,0,"F"
1,2,2,1,"BCBX","","","","S9/L4D","T",0,1,0,0,0,"F"
1,2,0,1,"F>B","alonp001","","","SB2","F",0,0,2,0,0,"F"
1,2,2,2,"F>B.FBX","","alonp001","","8/F8XD","T",1,0,0,2,0,"F"
0,0,2,1,"FBBX","","","","7/L7D+","T",1,0,0,0,0,"F"
0,1,3,2,"BCFBBFB","","","","W","T",0,1,0,0,0,"F"
0,1,2,2,"CCB*BS","sotoj001","","","K","T",1,0,1,0,0,"F"
0,2,2,0,"1BBX","sotoj001","","","4/P34D","T",1,0,1,0,0,"F"
1,0,3,2,"CCBBBFX","","","","D8/L8XD+","T",0,2,0,0,0,"F"
1,0,0,0,"X","","confm001","","D8/L89XD+.2-H","T",0,2,0,4,0,"F"
1,0,3,0,"BBBX","","davij006","","S8/L8.2-3","T",0,1,0,3,0,"F"
1,0,0,0,"1X","villj001","","davij006","46(1)/FO/G34.3-H;B-1","T",1,1,0,0,4,"F"
1,1,0,0,"X","mccaj001","","","34/SH/BG2.1-2","T",1,0,2,0,0,"F"
1,2,0,0,"X","","mccaj001","","43/G34D+","T",1,0,0,2,0,"F"
0,0,1,1,"BFX","","","","31/G3","T",1,0,0,0,0,"F"
0,1,0,1,"CX","","","","D7/L78S+","T",0,2,0,0,0,"F"
0,1,0,0,"X","","sanca007","","S9/L89.2-3","T",0,1,0,3,0,"F"
0,1,0,0,"..X","barrt004","","sanca007","7/SF/F7D.3-H","T",1,0,1,0,4,"F"
0,2,2,2,"BFF*BX","barrt004","","","64(1)/FO/G6S.B-1","T",1,1,0,0,0,"F"
1,0,0,0,".X","","","","7/F7","T",1,0,0,0,0,"F"
1,1,0,2,"CFFS","","","","K","T",1,0,0,0,0,"F"
1,2,0,1,"CX","","","","8/F78XD","T",1,0,0,0,0,"F"
0,0,0,0,"X","","","","8/L78XD+","T",1,0,0,0,0,"F"
0,1,3,2,"CCBBBB","","","","W","T",0,1,0,0,0,"F"
0,1,0,2,"CFFFS","sotoj001","","","K","T",1,0,1,0,0,"F"
0,2,1,2,"BCTFS","sotoj001","","","K","T",1,0,1,0,0,"F"
1,0,3,2,".CBFBBFX","","","","S48/G4","T",0,1,0,0,0,"F"
1,0,2,2,"FS*B1BX","confm001","","","9/F9S","T",1,0,1,0,0,"F"
1,1,0,2,"FSF1X","confm001","","","HR/F8XD.1-H","T",0,4,4,0,0,"F"
1,1,1,1,"BSX","","","","S6/G6M","T",0,1,0,0,0,"F"
1,1,1,2,".BFSFX","mccaj001","","","6/P6MS","T",1,0,1,0,0,"F"
1,2,1,2,"C*BFX","mccaj001","","","8/L8XD","T",1,0,1,0,0,"F"
0,0,3,2,"...FBBSFFBX","","","","S9/L3D","T",0,1,0,0,0,"F"
0,0,2,2,"B*BFFFFX","garcl006","","","S6/G56.1-2","T",0,1,2,0,0,"F"
0,0,2,2,".FBCBS","sanca007","garcl006","","K","T",1,0,1,2,0,"F"
0,1,3,2,".CBFBFFBB","sanca007","garcl006","","W.2-3;1-2","T",0,1,2,3,0,"F"
0,1,2,2,".BFBSX","parrg001","sanca007","garcl006","2/P2F/FL","T",1,0,1,2,3,"F"
0,2,1,1,"*BFB","parrg001","sanca007","garcl006","WP.3-H(NR);2-3;1-2","F",0,0,2,3,4,"F"
0,2,2,1,"*BFB.X","","parrg001","sanca007","S9/G34.3-H;2-H","T",0,1,0,4,4,"F"
0,2,1,1,"F*BB","steva001","","","WP.1-2","F",0,0,2,0,0,"F"
0,2,3,1,"F*BB.VV","","steva001","","IW","T",0,1,0,2,0,"F"
0,2,2,2,"CBSBC","sotoj001","steva001","","K","T",1,0,1,2,0,"F"
1,0,3,2,"...FBFFBFBX","","","","31/G3+","T",1,0,0,0,0,"F"
1,1,2,0,"BBX","","","","HR/F7D","T",0,4,0,0,0,"F"
0,0,3,2,"FBBSFBFX","","","","53/G5","T",1,0,0,0,0,"T"
0,1,3,1,"BBBCX","","","","D9/L9L+","T",0,2,0,0,0,"F"
0,1,1,2,"CSBFS","","muncm001","","K","T",1,0,0,2,0,"F"
0,2,3,2,"CBSBBFFFX","","muncm001","","DGR/L8XD+.2-H","T",0,2,0,4,0,"F"
0,2,1,2,"FFBFS","","seagc001","","K","T",1,0,0,2,0,"F"
1,0,2,2,"CCBBX","","","","5/L4MD","T",1,0,0,0,0,"F"
1,1,1,0,"BX","","","","9/F9S","T",1,0,0,0,0,"F"
1,2,0,0,"X","","","","7/F78","T",1,0,0,0,0,"F"
0,0,0,0,"X","","","","S7/L7","T",0,1,0,0,0,"F"
0,0,1,2,"CBS1S","taylc001","","","K","T",1,0,1,0,0,"F"
0,1,1,1,"1CB1X","taylc001","","","5/P56","T",1,0,1,0,0,"F"
0,2,0,2,"CCS","taylc001","","","K","T",1,0,1,0,0,"F"
1,0,3,1,"BCBBB","","","","W","T",0,1,0,0,0,"F"
1,0,1,2,"CFBFFX","davij006","","","3/P3F-/FL","T",1,0,1,0,0,"F"
1,1,1,2,"BSSF1FX","davij006","","","9/F9D","T",1,0,1,0,0,"F"
1,2,0,2,"CFX","davij006","","","8/F1S","T",1,0,1,0,0,"F"
0,0,1,0,"BX","","","","S7/G56","T",0,1,0,0,0,"F"
0,0,0,0,"X","turnt001","","","S8/G6M.1-3","T",0,1,3,0,0,"F"
0,0,1,0,"BX","muncm001","","turnt001","7/SF/F78XD.3-H","T",1,0,1,0,4,"F"
0,1,0,2,"FFS","muncm001","","","K","T",1,0,1,0,0,"F"
0,2,0,0,"X","muncm001","","","9/F9LS","T",1,0,1,0,0,"F"
1,0,2,2,"CSBFFBFX","","","","43/G4M","T",1,0,0,0,0,"F"
1,1,1,2,"BCCC","","","","K","T",1,0,0,0,0,"F"
1,2,0,2,"CSFX","","","","S7/L78S","T",0,1,0,0,0,"F"
1,2,2,2,"SFB>F*B1S","nimmb001","","","K","T",1,0,1,0,0,"F"
0,0,2,2,"CBBFS","","","","K","T",1,0,0,0,0,"F"
0,1,1,2,"BFFFX","","","","S8/L8","T",0,1,0,0,0,"F"
0,1,3,1,"FBBBB","bellc002","","","W.1-2","T",0,1,2,0,0,"F"
0,1,0,0,"H","mckib001","bellc002","","HP.2-3;1-2","T",0,1,2,3,0,"F"
0,1,3,1,"FBBBX","uriaj001","mckib001","bellc002","8/SF/F8XD+.3-H;2-3","T",1,0,1,3,4,"F"
0,2,3,2,"CBBFB>X","uriaj001","","mckib001","63/G4","T",1,0,1,0,3,"F"
1,0,1,2,"CBSS","","","","K","T",1,0,0,0,0,"F"
1,1,1,2,"BSSFC","","","","K","T",1,0,0,0,0,"F"
1,2,0,0,"X","","","","7/F7D","T",1,0,0,0,0,"F"
0,0,0,1,"SX","","","","8/F8D","T",1,0,0,0,0,"F"
0,1,1,2,"CFFFBX","","","","8/F8D","T",1,0,0,0,0,"F"
0,2,1,2,"CFBFX","","","","7/F78D","T",1,0,0,0,0,"F"
1,0,3,1,"CBBBX","","","","S9/L9S","T",0,1,0,0,0,"F"
1,0,0,0,"X","mccaj001","","","9/F89D","T",1,0,1,0,0,"F"
1,1,3,2,"BSFFBFFFBB","mccaj001","","","W.1-2","T",0,1,2,0,0,"F"
1,1,2,2,".BFF*BS","almoa002","mccaj001","","K","T",1,0,1,2,0,"F"
1,2,0,0,"X","almoa002","mccaj001","","7/F78D","T",1,0,1,2,0,"F"
0,0,0,0,"...X","","","","D8/L78XD+","T",0,2,0,0,0,"F"
0,0,3,2,"BFSBBFS","","taylc001","","K.2-3(E2/TH)","T",1,0,0,3,0,"F"
0,1,0,1,"CX","","","taylc001","8/SF/L89XD.3-H(UR)","T",1,0,0,0,5,"F"
0,2,3,2,".CBFFBBB","","","","W","T",0,1,0,0,0,"F"
0,2,1,2,"S*BS>B","beatm001","","","CS2(24)","F",1,0,0,0,0,"F"
1,0,1,1,".CBX","","","","S9/G34+","T",0,1,0,0,0,"F"
1,0,0,2,".SSC","alonp001","","","K","T",1,0,1,0,0,"F"
1,1,2,2,"BTSBS","alonp001","","","K","T",1,0,1,0,0,"F"
1,2,1,0,"BX","alonp001","","","3/L3","T",1,0,1,0,0,"F"
0,0,1,1,"..BCX","","","","4/P4MD","T",1,0,0,0,0,"F"
0,1,3,2,"BSCFBBS","","","","K","T",1,0,0,0,0,"F"
0,2,2,2,"CBBCFX","","","","63/G6","T",1,0,0,0,0,"F"
1,0,1,2,".BCFC","","","","K","T",1,0,0,0,0,"F"
1,1,1,2,"BCFS","","","","K","T",1,0,0,0,0,"F"
1,2,0,0,".X","","","","D9/L9L+","T",0,2,0,0,0,"F"
1,2,1,2,".SFFBX","","confm001","","S8/F8S.2-H","T",0,1,0,4,0,"F"
1,2,3,2,"FBFBB>B","smitd008","","","W.1-2","T",0,1,2,0,0,"F"
1,2,0,0,"B","nimmb001","smitd008","","WP.2-3;1-2","F",0,0,2,3,0,"F"
1,2,3,0,"B.VVV","","nimmb001","smitd008","IW","T",0,1,0,2,3,"F"
1,2,2,0,"BBX","alonp001","nimmb001","smitd008","S8/F8S.3-H;2-H;1-3","T",0,1,3,4,4,"F"
1,2,1,1,".BCB","mcnej002","","alonp001","PB.3-H(NR)(UR);1-2","F",0,0,2,0,5,"F"
1,2,3,1,".BCB.BB","","mcnej002","","W","T",0,1,0,2,0,"F"
1,2,1,0,"BX","davij006","mcnej002","","7/F78D","T",1,0,1,2,0,"F"
0,0,3,2,"..BFBSFBS","","","","K","T",1,0,0,0,0,"F"
0,1,1,2,"FBCFC","","","","K","T",1,0,0,0,0,"F"
0,2,0,1,"FX","","","","S7/G56+","T",0,1,0,0,0,"F"
0,2,2,0,"BB1X","taylc001","","","153/G6MS","T",1,0,1,0,0,"F"
1,0,0,2,"SFS","","","","K","T",1,0,0,0,0,"F"
1,1,1,2,".SFFFBFX","","","","S9/G34","T",0,1,0,0,0,"F"
1,1,0,1,"FX","blant002","","","8/F8","T",1,0,1,0,0,"F"
1,2,1,0,"B1","blant002","","","PO1(13)","F",1,0,0,0,0,"F"
0,0,3,2,".CBFBBB","","","","W","T",0,1,0,0,0,"F"
0,0,0,0,".X","mckib001","","","1/BP4S-","T",1,0,1,0,0,"F"
0,1,0,1,"FN","mckib001","","","BK.1-2","F",0,0,2,0,0,"F"
0,1,1,2,"FN.BFC","","mckib001","","K","T",1,0,0,2,0,"F"
0,2,0,2,"CFS","","mckib001","","K","T",1,0,0,2,0,"F"
1,0,1,0,".BX","","","","63/G4M+","T",1,0,0,0,0,"F"
1,1,2,2,"FFBBFX","","","","7/F7L","T",1,0,0,0,0,"F"
1,2,0,2,"FSS","","","","K","T",1,0,0,0,0,"F"
0,0,3,2,"..BC*BBFX","","muncm001","","HR/F7LD+.2-H(UR)","T",0,4,0,5,0,"F"
0,0,3,2,"FFBBFFBB","","","","W","T",0,1,0,0,0,"F"
0,0,0,0,"X","seagc001","","","4(1)3/GDP/G2","T",2,0,0,0,0,"F"
0,2,3,2,"SFBFBBX","","","","7/F7L","T",1,0,0,0,0,"F"
1,0,0,0,".X","","alonp001","","8/F8XD.2-3","T",1,0,0,3,0,"F"
1,1,3,1,"BFBBB","","","alonp001","W","T",0,1,0,0,3,"F"
1,1,0,0,"X","davij006","","alonp001","53/G5.3-H(UR);1-2","T",1,0,2,0,5,"F"
1,2,3,0,"VVVV","","davij006","","IW","T",0,1,0,2,0,"F"
1,2,0,0,".X","mccaj001","davij006","","7/F7","T",1,0,1,2,0,"F"
0,0,2,2,"CFBBS","","","","K","T",1,0,0,0,0,"T"
0,1,0,1,"CX","","","","6/P4M","T",1,0,0,0,0,"F"
0,2,0,1,"CX","","","","63/G6D","T",1,0,0,0,0,"F"
1,0,3,1,"BBFBB","","","","W","T",0,1,0,0,0,"F"
1,0,0,0,"X","nimmb001","","","63/G6MD.1-2","T",1,0,2,0,0,"F"
1,1,2,2,"FF*BBFX","","nimmb001","","63/G6+","T",1,0,0,2,0,"F"
1,2,0,1,"FX","","nimmb001","","43/G34S","T",1,0,0,2,0,"F"
0,0,3,2,"FSBFFFBBFS","","","","K","T",1,0,0,0,0,"F"
0,1,0,0,"X","","","","9/F9L","T",1,0,0,0,0,"F"
0,2,1,2,"BCTC","","","","K","T",1,0,0,0,0,"F"
1,0,2,2,"FBBCS","","","","K","T",1,0,0,0,0,"F"
1,1,0,2,"CFS","","","","K","T",1,0,0,0,0,"F"
1,2,3,2,"BBCBSFB","","","","W","T",0,1,0,0,0,"F"
1,2,0,0,"X","villj001","","","8/F89","T",1,0,1,0,0,"F"
0,0,0,0,"X","","","","43/G34","T",1,0,0,0,0,"F"
0,1,3,1,"BBCBB","","","","W","T",0,1,0,0,0,"F"
0,1,0,2,"CLC","mckib001","","","K","T",1,0,1,0,0,"F"
0,2,2,1,"1BBFX","mckib001","","","7/F78","T",1,0,1,0,0,"F"
1,0,1,2,"CFBFS","","","","K","T",1,0,0,0,0,"F"
1,1,3,2,"BCBBCFX","","","","3/G3","T",1,0,0,0,0,"F"
1,2,0,0,"X","","","","3/G3","T",1,0,0,0,0,"F"
0,0,1,1,"BCX","","","","43/G34D","T",1,0,0,0,0,"F"
0,1,1,2,"CBFS","","","","K","T",1,0,0,0,0,"F"
0,2,0,0,"X","","","","43/G34D","T",1,0,0,0,0,"F"
1,0,0,0,"X","","","","53/G5","T",1,0,0,0,0,"F"
1,1,1,2,"CBFS","","","","K","T",1,0,0,0,0,"F"
1,2,0,1,"CX","","","","HR/F9D","T",0,4,0,0,0,"F"
1,2,0,0,"X","","","","7/F78D+","T",1,0,0,0,0,"F"
0,0,1,2,"CSB*S","","","","K.BX1(23)","T",1,0,0,0,0,"F"
0,1,0,0,"X","","","","53/G5","T",1,0,0,0,0,"F"
0,2,2,1,"BCBX","","","","9/F89","T",1,0,0,0,0,"F"
1,0,2,1,"SBBX","","","","S9/L89S","T",0,1,0,0,0,"F"
1,0,1,2,"C*S1B1>FS","villj001","","","K","T",1,0,1,0,0,"F"
1,1,3,2,"L*BBCBO","villj001","","","K","T",1,0,1,0,0,"F"
1,2,1,1,"BT1>C","villj001","","","SB2","F",0,0,2,0,0,"F"
1,2,1,2,"BT1>C.X","","villj001","","8/F8D","T",1,0,0,2,0,"F"
0,0,2,2,"BSSBFFFFS","","","","K","T",1,0,0,0,0,"F"
0,1,3,2,"BBBCCB","","","","W","T",0,1,0,0,0,"F"
0,1,1,2,"FS*BX","buehw001","","","54(1)3/GDP/G5","T",2,0,0,0,0,"F"
1,0,0,2,"FFT","","","","K","T",1,0,0,0,0,"F"
1,1,2,1,"CBBX","","","","9/F9D","T",1,0,0,0,0,"F"
1,2,2,0,"BBX","","","","S7/L56D","T",0,1,0,0,0,"F"
1,2,1,2,"C11CFBS","smitd008","","","K","T",1,0,1,0,0,"F"
0,0,2,1,"BSBX","","","","8/F78XD","T",1,0,0,0,0,"F"
0,1,0,1,"CX","","","","HR/F78XD","T",0,4,0,0,0,"F"
0,1,1,0,"BX","","","","D7/L7D+","T",0,2,0,0,0,"F"
0,1,1,2,"F*BFFFS","","seagc001","","K","T",1,0,0,2,0,"F"
0,2,0,0,"B","","seagc001","","WP.2-3","F",0,0,0,3,0,"F"
0,2,3,2,"B.M+3SB*BB","","","seagc001","W","T",0,1,0,0,3,"F"
0,2,3,2,".FBBB.C>S","taylc001","","seagc001","K","T",1,0,1,0,3,"F"
1,0,2,2,"BFBSX","","","","S19/G1S+","T",0,1,0,0,0,"F"
1,0,3,2,"BBS*BCB","davij006","","","W.1-2","T",0,1,2,0,0,"F"
1,0,0,2,"LLS","villj001","davij006","","K","T",1,0,1,2,0,"F"
1,1,2,2,".SBFBC","villj001","davij006","","K","T",1,0,1,2,0,"F"
1,2,3,2,"SBBBF>X","villj001","davij006","","2/P2F/FL","T",1,0,1,2,0,"F"
0,0,0,2,".CTS","","","","K","T",1,0,0,0,0,"F"
0,1,2,2,".BFFBC","","","","K","T",1,0,0,0,0,"F"
0,2,1,2,"CBSX","","","","3/G34","T",1,0,0,0,0,"F"
1,0,1,0,".BX","","","","7/F7D","T",1,0,0,0,0,"F"
1,1,1,2,"BSSS","","","","K","T",1,0,0,0,0,"F"
1,2,0,2,"CSX","","","","7/F78","T",1,0,0,0,0,"F"
0,0,1,2,".CBSX","","","","S5/G56-","T",0,1,0,0,0,"F"
0,0,2,2,"BFS*BFX","muncm001","","","8/L8D","T",1,0,1,0,0,"F"
0,1,0,0,"X","muncm001","","","46(1)/FO/G4.B-1","T",1,1,0,0,0,"F"
0,2,1,1,"BTX","seagc001","","","64(1)/FO/G6.B-1","T",1,1,0,0,0,"F"
1,0,3,2,"LSBBBFX","","","","8/F8XD","T",1,0,0,0,0,"F"
1,1,1,1,"..FBX","","","","3/P34","T",1,0,0,0,0,"F"
1,2,0,1,"FX","","","","7/F7","T",1,0,0,0,0,"F"
0,0,2,2,"...CBBCC","","seagc001","","K","T",1,0,0,2,0,"F"
0,1,2,1,"C*BBX","","seagc001","","D9/G3+.2-H(UR)","T",0,2,0,5,0,"F"
0,1,0,0,"X","","bellc002","","63/G4.2-3","T",1,0,0,3,0,"F"
0,2,3,2,".CBCB*BS","","","bellc002","K","T",1,0,0,0,3,"F"
1,0,2,2,"....BFBTS","","villj001","","K","T",1,0,0,2,0,"F"
1,1,0,2,"F*SS","","villj001","","K","T",1,0,0,2,0,"F"
1,2,1,2,"...CFFBFFX","","villj001","","31/G3","T",1,0,0,2,0,"F"
0,0,1,2,"SFBX","","","","S9/L89S+","T",0,1,0,0,0,"T"
0,0,1,2,"11CC*BX","turnt001","","","53/G6S.1-2","T",1,0,2,0,0,"F"
0,1,3,2,"BSBCFBX","","turnt001","","HR/F78XD.2-H","T",0,4,0,4,0,"F"
0,1,2,2,"CSBBX","","","","13/G1S-","T",1,0,0,0,0,"F"
0,2,0,0,"X","","","","HR/F7D","T",0,4,0,0,0,"F"
0,2,2,2,"CCBBS","","","","K","T",1,0,0,0,0,"F"
1,0,0,2,"CCX","","","","S7/L7LS","T",0,1,0,0,0,"F"
1,0,0,0,"X","nimmb001","","","31/G3.1-2","T",1,0,2,0,0,"F"
1,1,2,2,"BCBFX","","nimmb001","","FC2/G2-.2-3;B-1","T",0,1,0,3,0,"F"
1,1,2,2,"BSSFBX","alonp001","","nimmb001","5/P6","T",1,0,1,0,3,"F"
1,2,2,2,"BFSFBX","alonp001","","nimmb001","7/F7S","T",1,0,1,0,3,"F"
0,0,1,0,"BX","","","","D9/L89D+","T",0,2,0,0,0,"F"
0,0,1,2,"BC+2F*S","","bellc002","","K","T",1,0,0,2,0,"F"
0,1,0,2,"CTX","","bellc002","","63/G6M.2-3","T",1,0,0,3,0,"F"
0,2,2,1,"BFBX","","","bellc002","D7/L78S+.3-H","T",0,2,0,0,4,"F"
0,2,3,2,"*BCBFF*BX","","turnt001","","HR/F78XD.2-H","T",0,4,0,4,0,"F"
0,2,3,2,"BBCFBB","","","","W","T",0,1,0,0,0,"F"
0,2,2,2,"BBSSC","turnj001","","","K","T",1,0,1,0,0,"F"
1,0,2,2,"BFSBS","","","","K","T",1,0,0,0,0,"F"
1,1,0,0,"X","","","","S8/L8S","T",0,1,0,0,0,"F"
1,1,2,0,"B*BX","villj001","","","FC5/G56.1X2(5E4);B-1","T",0,1,2,0,0,"F"
1,1,1,1,"BOX","mccaj001","villj001","","34/SH/BG2.2-3;1-2","T",1,0,2,3,0,"F"
1,2,0,0,"X","","mccaj001","villj001","43/G34S","T",1,0,0,2,3,"F"
0,0,3,2,".CBCBBX","","","","43/G4MD","T",1,0,0,0,0,"F"
0,1,0,2,"SSFS","","","","K","T",1,0,0,0,0,"F"
0,2,0,2,"CCX","","","","7/L7","T",1,0,0,0,0,"F"
1,0,3,1,"CBBBB","","","","W","T",0,1,0,0,0,"F"
1,0,0,1,"FX","confm001","","","D7/L7D+.1-3","T",0,2,3,0,0,"F"
1,0,1,1,"BFX","","alonp001","confm001","4/L34","T",1,0,0,2,3,"F"
1,1,0,1,"FX","","alonp001","confm001","43/G34D.3-H;2-3","T",1,0,0,3,4,"F"
1,2,1,2,"C*BSS","","","alonp001","K","T",1,0,0,0,3,"F"
0,0,1,1,"BFX","","","","3/L3","T",1,0,0,0,0,"F"
0,1,1,2,"BFSFFC","","","","K","T",1,0,0,0,0,"F"
0,2,2,2,"BSCBX","","","","S8/L8S","T",0,1,0,0,0,"F"
0,2,0,1,"C11X","turnt001","","","8/F8XD","T",1,0,1,0,0,"F"
1,0,1,2,"BFFX","","","","S4/G4","T",0,1,0,0,0,"F"
1,0,0,0,"X","villj001","","","13/G2-.1-2","T",1,0,2,0,0,"F"
1,1,0,1,"MX","","villj001","","FC6/G6M.2-3;B-1","T",0,1,0,3,0,"F"
1,1,3,2,"SBBBFFB","reedj005","","villj001","W.1-2","T",0,1,2,0,3,"F"
1,1,0,1,"CX","nimmb001","reedj005","villj001","3/G3.3-H;2-3;1-2","T",1,0,2,3,4,"F"
1,2,1,2,"SBSFC","","nimmb001","reedj005","K","T",1,0,0,2,3,"F"
0,0,2,2,"CFBBX","","","","63/G6D+","T",1,0,0,0,0,"F"
0,1,0,1,"CX","","","","S9/L9+","T",0,1,0,0,0,"F"
0,1,3,2,"BBBCCX","seagc001","","","9/F9","T",1,0,1,0,0,"F"
0,2,1,2,"SCBS","seagc001","","","K","T",1,0,1,0,0,"F"
1,0,0,2,"CFS","","","","K","T",1,0,0,0,0,"F"
1,1,0,0,"X","","","","6/P56","T",1,0,0,0,0,"F"
1,2,2,2,"FFBBS","","","","K","T",1,0,0,0,0,"F"
0,0,1,2,".CFBT","","","","K","T",1,0,0,0,0,"F"
0,1,0,2,"CFX","","","","T9/F9D","T",0,3,0,0,0,"F"
0,1,0,0,"X","","","mckib001","8/SF/F89D.3-H","T",1,0,0,0,4,"F"
0,2,3,2,"BBFFBB","","","","W","T",0,1,0,0,0,"F"
0,2,0,0,">B","turnt001","","","SB2","F",0,0,2,0,0,"F"
0,2,2,0,">B.BX","","turnt001","","HR/F78XD.2-H","T",0,4,0,4,0,"F"
0,2,3,0,"BBBB","","","","W","T",0,1,0,0,0,"F"
0,2,0,0,"X","turnj001","","","43/G4D","T",1,0,1,0,0,"F"
1,0,2,2,"CBFBS","","","","K","T",1,0,0,0,0,"F"
1,1,0,2,"CSFX","","","","9/L89D","T",1,0,0,0,0,"F"
1,2,2,2,".BBFFS","","","","K","T",1,0,0,0,0,"F"
0,0,2,2,".BBSCFH","","","","HP","T",0,1,0,0,0,"F"
0,0,2,2,"CSBBS","smitw003","","","K","T",1,0,1,0,0,"F"
0,1,0,2,"FFS","smitw003","","","K","T",1,0,1,0,0,"F"
0,2,2,2,"BCBC*S","smitw003","","","K.BX1(23)","T",1,0,1,0,0,"F"
1,0,3,1,".BCBBB","","","","W","T",0,1,0,0,0,"F"
1,0,1,0,"BX","nimmb001","","","S9/L4D+.1-2","T",0,1,2,0,0,"F"
1,0,0,0,"X","confm001","nimmb001","","8/F8","T",1,0,1,2,0,"F"
1,1,3,1,"BBS*BB","confm001","nimmb001","","W.2-3;1-2","T",0,1,2,3,0,"F"
1,1,2,2,".SBFFBB","smitd008","confm001","nimmb001","WP.3-H(NR);2-3;1-2","F",0,0,2,3,4,"F"
1,1,3,2,".SBFFBB.*B","","smitd008","confm001","W","T",0,1,0,2,3,"F"
1,1,1,1,"BFX","mcnej002","smitd008","confm001","8/SF/F89XD+.3-H","T",1,0,1,2,4,"F"
1,2,0,2,"CFC","mcnej002","smitd008","","K","T",1,0,1,2,0,"F"
0,0,1,2,"CSBX","","","","S5/G25-","T",0,1,0,0,0,"F"
0,0,0,1,"FX","ucete001","","","8/F89D","T",1,0,1,0,0,"F"
0,1,3,1,"BBFBB","ucete001","","","W.1-2","T",0,1,2,0,0,"F"
0,1,1,2,"CSBX","muncm001","ucete001","","9/F9D.2-3","T",1,0,1,3,0,"F"
0,2,0,0,"B","muncm001","","ucete001","WP.1-2","F",0,0,2,0,3,"F"
0,2,3,0,"B.BBB","","muncm001","ucete001","W","T",0,1,0,2,3,"F"
0,2,2,2,"CBCBX","seagc001","muncm001","ucete001","S7/G6+.3-H;2-H;1-3","T",0,1,3,4,4,"F"
0,2,0,0,"X","smitw003","","seagc001","D7/L56D+.3-H;1-3","T",0,2,3,0,4,"F"
0,2,1,1,"*BCX","","taylc001","smitw003","5/P1S/FL","T",1,0,0,2,3,"F"
1,0,1,2,".CCBS","","","","K","T",1,0,0,0,0,"F"
1,1,0,2,".CFX","","","","7/F7L","T",1,0,0,0,0,"F"
1,2,2,2,"CBFFBFC","","","","K","T",1,0,0,0,0,"F"
0,0,2,1,".BBCX","","","","9/F9L+","T",1,0,0,0,0,"F"
0,1,2,2,"SBBSX","","","","63/G6","T",1,0,0,0,0,"F"
0,2,0,0,"H","","","","HP","T",0,1,0,0,0,"F"
0,2,0,0,"X","turnt001","","","HR/F9D.1-H","T",0,4,4,0,0,"F"
0,2,2,2,"CFBBX","","","","S9/L9LS","T",0,1,0,0,0,"F"
0,2,0,2,"SFX","turnj001","","","S9/L89S+.1-2","T",0,1,2,0,0,"F"
0,2,3,2,"BSBFFFB>B","seagc001","turnj001","","W.2-3;1-2","T",0,1,2,3,0,"F"
0,2,3,2,".BFSBB>X","smitw003","seagc001","turnj001","8/F89D","T",1,0,1,2,3,"F"
1,0,0,0,".X","","","","S6/G6+","T",0,1,0,0,0,"F"
1,0,0,1,"CX","confm001","","","9/F9S","T",1,0,1,0,0,"F"
1,1,1,0,"BX","confm001","","","7/F78S","T",1,0,1,0,0,"F"
1,2,0,2,">FFFT","confm001","","","K","T",1,0,1,0,0,"F"
0,0,2,1,"BBSX","","","","8/L8D","T",1,0,0,0,0,"T"
0,1,1,1,"FBX","","","","HR/F8XD","T",0,4,0,0,0,"F"
0,1,1,2,"FBCX","","","","43/G1S","T",1,0,0,0,0,"F"
0,2,1,2,"SCBC","","","","K","T",1,0,0,0,0,"F"
1,0,1,1,"CBX","","","","63/G4MD+","T",1,0,0,0,0,"F"
1,1,2,2,"BFCBS","","","","K","T",1,0,0,0,0,"F"
1,2,1,1,"CBX","","","","7/F78XD+","T",1,0,0,0,0,"F"
0,0,0,2,"CFS","","","","K","T",1,0,0,0,0,"F"
0,1,0,0,"X","","","","D9/L9LD","T",0,2,0,0,0,"F"
0,1,2,2,"FBBCX","","florw001","","HR/F89XD.2-H","T",0,4,0,4,0,"F"
0,1,1,1,"BCX","","","","7/F7D","T",1,0,0,0,0,"F"
0,2,0,0,"X","","","","S7/L6D","T",0,1,0,0,0,"F"
0,2,2,1,"BBSX","longs002","","","8/F8XD","T",1,0,1,0,0,"F"
1,0,3,2,"BSSBBF*B","","","","W","T",0,1,0,0,0,"F"
1,0,3,2,"FBB11CF*BX","baezj001","","","64(1)3/GDP/G6","T",2,0,0,0,0,"F"
1,2,1,2,"BCTX","","","","9/F9","T",1,0,0,0,0,"F"
0,0,0,1,"FX","","","","S7/L6D-","T",0,1,0,0,0,"F"
0,0,3,2,"*BF*BTB>X","beltb001","","","643/G6D.1-2","T",1,0,2,0,0,"F"
0,1,0,0,"X","","beltb001","","S3/G3.2-3","T",0,1,0,3,0,"F"
0,1,2,2,"S*BFBFS","dicka001","","beltb001","K","T",1,0,1,0,3,"F"
0,2,0,2,"FFS","dicka001","","beltb001","K","T",1,0,1,0,3,"F"
1,0,1,2,"BCFC","","","","K","T",1,0,0,0,0,"F"
1,1,3,2,"SBBBFX","","","","7/F78","T",1,0,0,0,0,"F"
1,2,2,1,"BCBX","","","","D9/L9","T",0,2,0,0,0,"F"
1,2,1,1,"CBX","","megit002","","53/G56S-","T",1,0,0,2,0,"F"
0,0,2,1,"BSBX","","","","5/P56D","T",1,0,0,0,0,"F"
0,1,2,2,"FSBBX","","","","S8/L8+","T",0,1,0,0,0,"F"
0,1,0,2,"CL11M","lastt001","","","K","T",1,0,1,0,0,"F"
0,2,0,2,"CFFFX","lastt001","","","HR/F8XD.1-H","T",0,4,4,0,0,"F"
0,2,2,1,"BFBX","","","","HR/F7D","T",0,4,0,0,0,"F"
0,2,1,0,"BX","","","","S7/L7S","T",0,1,0,0,0,"F"
0,2,0,0,"X","poseb001","","","S34/G34+.1-2","T",0,1,2,0,0,"F"
0,2,1,2,".S*BCX","dicka001","poseb001","","S9/G4.2-H;1-3","T",0,1,3,4,0,"F"
0,2,1,2,"FF*BX","crawb001","","dicka001","3/P3F/FL","T",1,0,1,0,3,"F"
1,0,3,2,"BBCBSX","","","","63/G6D+","T",1,0,0,0,0,"F"
1,1,2,2,"CBBSFFX","","","","8/F78S","T",1,0,0,0,0,"F"
1,2,1,2,"BCFS","","","","K","T",1,0,0,0,0,"F"
0,0,1,2,"BCFC","","","","K","T",1,0,0,0,0,"F"
0,1,3,1,"CBBBB","","","","W","T",0,1,0,0,0,"F"
0,1,0,1,"CX","lastt001","","","54/SH/BG2.1-2","T",1,0,2,0,0,"F"
0,2,0,1,"CX","","lastt001","","7/F7L","T",1,0,0,2,0,"F"
1,0,2,2,".CBSFBX","","","","43/G34","T",1,0,0,0,0,"F"
1,1,1,2,"FCFBFFC","","","","K","T",1,0,0,0,0,"F"
1,2,0,2,"CFFFX","","","","S6/G6M","T",0,1,0,0,0,"F"
1,2,0,0,"X","mcnej002","","","6/P5D","T",1,0,1,0,0,"F"
0,0,1,0,"BX","","","","6/F8S","T",1,0,0,0,0,"F"
0,1,1,0,"BX","","","","8/F89","T",1,0,0,0,0,"F"
0,2,0,1,"SX","","","","31/G34","T",1,0,0,0,0,"F"
1,0,1,2,".CBCX","","","","9/F89","T",1,0,0,0,0,"F"
1,1,2,2,"BCFBFX","","","","S7/F7S","T",0,1,0,0,0,"F"
1,1,1,2,"..BFF1FFX","nimmb001","","","S9/L9S.1-2","T",0,1,2,0,0,"F"
1,1,1,2,"*BFFX","alonp001","nimmb001","","36(1)/FO/G34.2-3;B-1","T",1,1,0,3,0,"F"
1,2,1,1,"BFX","lindf001","","nimmb001","54(1)/FO/G56.B-1","T",1,1,0,0,3,"F"
0,0,0,2,"..CFX","","","","7/L7LD","T",1,0,0,0,0,"F"
0,1,2,2,"BBFCX","","","","63/G56","T",1,0,0,0,0,"F"
0,2,3,1,"FBBBX","","","","6/F6D","T",1,0,0,0,0,"F"
1,0,0,2,"..CFS","","","","K","T",1,0,0,0,0,"F"
1,1,1,2,"FBCF*S","","","","K","T",1,0,0,0,0,"F"
1,2,0,1,"FX","","","","7/L7L","T",1,0,0,0,0,"F"
0,0,0,1,"CX","","","","13/G23-","T",1,0,0,0,0,"F"
0,1,3,1,".CBBB*B","","","","W","T",0,1,0,0,0,"F"
0,1,1,2,"CFFBX","ruf-d001","","","S5/G6.1-3","T",0,1,3,0,0,"F"
0,1,1,0,"BX","wadel001","","ruf-d001","S6/G6.3-H;1-2","T",0,1,2,0,4,"F"
0,1,2,2,"*BSTBS","beltb001","wadel001","","K","T",1,0,1,2,0,"F"
0,2,1,1,"BFX","beltb001","wadel001","","5/P5","T",1,0,1,2,0,"F"
1,0,0,2,"....CCS","","","","K","T",1,0,0,0,0,"F"
1,1,2,2,".BFBSC","","","","K","T",1,0,0,0,0,"F"
1,2,2,2,"BFFBFX","","","","63/G6D+","T",1,0,0,0,0,"F"
0,0,0,2,".SFX","","","","3/P34","T",1,0,0,0,0,"F"
0,1,0,0,"X","","","","S8/L89S","T",0,1,0,0,0,"F"
0,1,2,2,"CSFBFFBS","florw001","","","K","T",1,0,1,0,0,"F"
0,2,1,2,"BFFX","florw001","","","3/G3","T",1,0,1,0,0,"F"
1,0,0,2,"CCX","","","","S9/L4D","T",0,1,0,0,0,"F"
1,0,3,2,"*BBFBFFX","alonp001","","","56(1)/FO/G4M.B-1","T",1,1,0,0,0,"F"
1,1,3,1,"BS*BBX","lindf001","","","4/P4D","T",1,0,1,0,0,"F"
1,2,3,2,"BSBSFB>F>B","lindf001","","","W.1-2","T",0,1,2,0,0,"F"
1,2,0,0,"H","confm001","lindf001","","HP.2-3;1-2","T",0,1,2,3,0,"F"
1,2,3,1,"B*SBBX","davij006","confm001","lindf001","31/G3","T",1,0,1,2,3,"F"
0,0,2,2,"BBCTC","","","","K","T",1,0,0,0,0,"T"
0,1,1,0,"BX","","","","9/F89","T",1,0,0,0,0,"F"
0,2,0,0,"X","","","","9/F89D","T",1,0,0,0,0,"F"
1,0,0,2,"CFFX","","","","53/G4","T",1,0,0,0,0,"F"
1,1,0,0,"X","","","","S8/L6MD+","T",0,1,0,0,0,"F"
1,1,0,2,"TFS","alonp001","","","K","T",1,0,1,0,0,"F"
1,2,2,2,"FBBFX","alonp001","","","7/F7","T",1,0,1,0,0,"F"
0,0,2,2,"FCBBX","","","","8/F78XD","T",1,0,0,0,0,"F"
0,1,2,0,"BBX","","","","8/F89D+","T",1,0,0,0,0,"F"
0,2,2,0,"BBX","","","","6/P8S","T",1,0,0,0,0,"F"
1,0,0,1,"CX","","","","S5/G6S-","T",0,1,0,0,0,"F"
1,0,0,0,"X","baezj001","","","S7/L7S+.1-2","T",0,1,2,0,0,"F"
1,0,3,2,"C*BFB*BX","smitd008","baezj001","","8/L78D+/DP.2X2(86)","T",2,0,1,0,0,"F"
1,2,0,2,"CFS","smitd008","","","K","T",1,0,1,0,0,"F"
0,0,0,1,"SX","","","","43/G6MD","T",1,0,0,0,0,"F"
0,1,1,0,"BX","","","","43/G34D+","T",1,0,0,0,0,"F"
0,2,1,2,"CBCFX","","","","13/G4S","T",1,0,0,0,0,"F"
1,0,0,1,"FX","","","","S8/L8S","T",0,1,0,0,0,"F"
1,0,1,1,"BCX","walkt004","","","9/F89","T",1,0,1,0,0,"F"
1,1,0,0,"X","walkt004","","","64(1)3/GDP/G6","T",2,0,0,0,0,"F"
0,0,1,0,"BX","","","","7/F7D","T",1,0,0,0,0,"F"
0,1,2,0,"BBX","","","","6/P6D","T",1,0,0,0,0,"F"
0,2,0,2,"CTX","","","","HR/F78XD","T",0,4,0,0,0,"F"
0,2,3,2,"BSBFBB","","","","W","T",0,1,0,0,0,"F"
0,2,1,2,"CSB>S","dicka001","","","K","T",1,0,1,0,0,"F"
1,0,2,1,"BFBX","","","","9/F89XD","T",1,0,0,0,0,"F"
1,1,3,2,"FBFBB*B","","","","W","T",0,1,0,0,0,"F"
1,1,0,0,"X","confm001","","","5/L5/DP.1X1(53)","T",2,0,0,0,0,"F"
0,0,3,2,"BCBBTC","","","","K","T",1,0,0,0,0,"F"
0,1,1,0,"BX","","","","8/F8XD","T",1,0,0,0,0,"F"
0,2,1,2,"CBCX","","","","8/F8XD","T",1,0,0,0,0,"F"
1,0,1,0,"BX","","","","7/F7D","T",1,0,0,0,0,"F"
1,1,3,2,"BBFBFB","","","","W","T",0,1,0,0,0,"F"
1,1,0,1,"CX","villj001","","","7/F7LSF/FL","T",1,0,1,0,0,"F"
1,2,2,2,"BBFFX","villj001","","","S8/L6MD.1-2","T",0,1,2,0,0,"F"
1,2,3,2,"FSB*BB>F>B","walkt004","villj001","","W.2-3;1-2","T",0,1,2,3,0,"F"
1,2,3,2,"BBFBF>F>X","nimmb001","walkt004","villj001","E5/TH/G56.3-H(NR)(UR);2-3;1-2;B-1","T",0,1,2,3,5,"F"
1,2,0,0,".X","alonp001","nimmb001","walkt004","4/P4D","T",1,0,1,2,3,"F"
0,0,1,1,".BCX","","","","53/G5","T",1,0,0,0,0,"F"
0,1,1,1,"CBX","","","","9/F89","T",1,0,0,0,0,"F"
0,2,2,1,"BCBX","","","","8/F8","T",1,0,0,0,0,"F"
1,0,1,1,".BCX","","","","S7/G56+","T",0,1,0,0,0,"F"
1,0,0,2,"CFX","confm001","","","3/G3S.1-2","T",1,0,2,0,0,"F"
1,1,1,0,"BX","","confm001","","D9/L9LD+.2-H","T",0,2,0,4,0,"F"
1,1,1,2,"S*SBX","","smitd008","","S6/G6M.2-3","T",0,1,0,3,0,"F"
1,1,1,2,"BCCFX","villj001","","smitd008","36(1)1/GDP/G34","T",2,0,0,0,3,"F"
0,0,1,2,"CFBX","","","","E5/G56.B-1","T",0,1,0,0,0,"F"
0,0,1,0,"BX","bryak001","","","S9/F89S.1-2","T",0,1,2,0,0,"F"
0,0,0,0,".X","dicka001","bryak001","","D9/L9LD+.2-H(UR);1-H","T",0,2,4,5,0,"F"
0,0,1,2,".BFSH","","crawb001","","HP","T",0,1,0,2,0,"F"
0,0,3,2,"FBBB>FN","slata001","crawb001","","CS3(15).1-2","F",1,0,2,0,0,"F"
0,1,3,2,"FBBB>FN.T","","slata001","","K","T",1,0,0,2,0,"F"
0,2,2,1,"CBBX","","slata001","","7/F56D","T",1,0,0,2,0,"F"
1,0,0,2,"...CS*S","","","","K.BX1(23)","T",1,0,0,0,0,"F"
1,1,0,0,"X","","","","S9/G34","T",0,1,0,0,0,"F"
1,1,2,2,"SBSB1X","nimmb001","","","14(1)3/GDP/G1S","T",2,0,0,0,0,"F"
0,0,0,2,"....CCFX","","","","D9/F9S","T",0,2,0,0,0,"F"
0,0,1,1,"C*BX","","ruf-d001","","4/L34D+/DP.2X2(46)","T",2,0,0,0,0,"F"
0,2,1,0,"BX","","","","8/F8D","T",1,0,0,0,0,"F"
1,0,0,2,"..CSC","","","","K","T",1,0,0,0,0,"F"
1,1,1,2,"CBCS","","","","K","T",1,0,0,0,0,"F"
1,2,2,2,"BBTSX","","","","2/P3SF-/FL","T",1,0,0,0,0,"F"
0,0,1,1,".BCX","","","","8/F8D","T",1,0,0,0,0,"F"
0,1,1,1,"BSX","","","","5/P5DF/FL","T",1,0,0,0,0,"F"
0,2,3,2,"BBBCSFFX","","","","8/L78D","T",1,0,0,0,0,"F"
1,0,1,2,".CSFBFS","","","","K","T",1,0,0,0,0,"F"
1,1,0,1,"FX","","","","S8/L6D","T",0,1,0,0,0,"F"
1,1,0,1,".*SX","villj001","","","E7/F78D+.1-2;B-1","T",0,1,2,0,0,"F"
1,1,0,0,"X","drurb001","villj001","","3/P3","T",1,0,1,2,0,"F"
1,2,3,2,"CBBSFB>B","drurb001","villj001","","W.2-3;1-2","T",0,1,2,3,0,"F"
1,2,1,2,"BFSFFX","nimmb001","drurb001","villj001","4/L4M","T",1,0,1,2,3,"F"
0,0,1,1,"CBX","","","","S9/L9S","T",0,1,0,0,0,"T"
0,0,0,0,"1X","wadel001","","","7/F78","T",1,0,1,0,0,"F"
0,1,0,0,"X","wadel001","","","HR/F78XD.1-H","T",0,4,4,0,0,"F"
0,1,1,2,"CFBS","","","","K","T",1,0,0,0,0,"F"
0,2,0,1,"CX","","","","13/G4MS","T",1,0,0,0,0,"F"
1,0,1,2,"BCCFX","","","","S7/L7S","T",0,1,0,0,0,"F"
1,0,0,0,"X","nimmb001","","","8/L8D","T",1,0,1,0,0,"F"
1,1,0,0,"X","nimmb001","","","46(1)/FO/G4MD.B-1","T",1,1,0,0,0,"F"
1,2,2,2,"BCBCS","baezj001","","","K","T",1,0,1,0,0,"F"
0,0,1,0,"BX","","","","8/L8D","T",1,0,0,0,0,"F"
0,1,0,2,"CS*S","","","","K","T",1,0,0,0,0,"F"
0,2,3,2,"SCBBFBX","","","","9/L9D","T",1,0,0,0,0,"F"
1,0,3,2,"BCFBBB","","","","W","T",0,1,0,0,0,"F"
1,0,0,1,"CX","smitd008","","","4/P4MD","T",1,0,1,0,0,"F"
1,1,2,0,"BBH","smitd008","","","HP.1-2","T",0,1,2,0,0,"F"
1,1,2,2,"BCBCX","pillk001","smitd008","","63/G6.2-3;1-2","T",1,0,2,3,0,"F"
1,2,0,2,"CSS","","pillk001","smitd008","K","T",1,0,0,2,3,"F"
0,0,0,1,"CX","","","","63/G6M","T",1,0,0,0,0,"F"
0,1,0,0,"X","","","","31/G23","T",1,0,0,0,0,"F"
0,2,2,1,"CBBX","","","","D9/L9D+","T",0,2,0,0,0,"F"
0,2,2,2,"S*BTBS","","lastt001","","K","T",1,0,0,2,0,"F"
1,0,3,2,"CBBCBS","","","","K","T",1,0,0,0,0,"F"
1,1,0,1,"CX","","","","S5/G5S","T",0,1,0,0,0,"F"
1,1,0,2,"CSX","lindf001","","","64(1)3/GDP/G6","T",2,0,0,0,0,"F"
0,0,0,1,"SX","","","","3/G3","T",1,0,0,0,0,"F"
0,1,2,0,"BBX","","","","53/G56","T",1,0,0,0,0,"F"
0,2,1,2,"SCBX","","","","31/G3","T",1,0,0,0,0,"F"
1,0,2,2,"FBTBFX","","","","S9/L34D","T",0,1,0,0,0,"F"
1,0,1,1,"TBX","alonp001","","","6(1)3/GDP/G6MS","T",2,0,0,0,0,"F"
1,2,3,2,"SCBFBBB","","","","W","T",0,1,0,0,0,"F"
1,2,0,0,"X","villj001","","","7/F7L","T",1,0,1,0,0,"F"
0,0,1,0,"BX","","","","8/F8D","T",1,0,0,0,0,"F"
0,1,1,2,"FBFX","","","","7/F7LDF/FL","T",1,0,0,0,0,"F"
0,2,0,1,"CX","","","","9/L9D","T",1,0,0,0,0,"F"
1,0,1,0,"BX","","","","7/F78","T",1,0,0,0,0,"F"
1,1,0,2,"FSS","","","","K","T",1,0,0,0,0,"F"
1,2,3,1,"BSBBX","","","","S7/L78S.BX2(74)","T",1,0,0,0,0,"F"
0,0,1,2,"BFCS","","","","K","T",1,0,0,0,0,"F"
0,1,3,2,"BCCFFBBX","","","","9/L89D+","T",1,0,0,0,0,"F"
0,2,1,2,"FFB*S","","","","K.BX1(23)","T",1,0,0,0,0,"F"
1,0,1,2,"CFBS","","","","K","T",1,0,0,0,0,"F"
1,1,1,2,"SBFFX","","","","D8/G4M","T",0,2,0,0,0,"F"
1,1,0,2,"FCFX","","baezj001","","HR/F7LD.2-H","T",0,4,0,4,0,"F"
1,1,0,1,".CX","","","","13/G6MS","T",1,0,0,0,0,"F"
1,2,0,1,"SX","","","","D9/G3","T",0,2,0,0,0,"F"
1,2,3,1,"BB*BCX","","villj001","","6/P6","T",1,0,0,2,0,"F"
0,0,2,2,"FSBBFX","","","","43/G34","T",1,0,0,0,0,"F"
0,1,1,1,"FBX","","","","53/G56","T",1,0,0,0,0,"F"
0,2,0,0,"X","","","","43/G34D+","T",1,0,0,0,0,"F"
1,0,3,2,"BBCBCX","","","","13/G2-","T",1,0,0,0,0,"F"
1,1,1,2,".BCFFF*S","","","","K","T",1,0,0,0,0,"F"
1,2,1,0,"BX","","","","S7/L56D","T",0,1,0,0,0,"F"
1,2,2,2,"BC1*BS1S","nimmb001","","","K","T",1,0,1,0,0,"F"
0,0,1,1,".CBX","","","","S8/G4M+","T",0,1,0,0,0,"F"
0,0,1,1,"1F*BH","yastm001","","","HP.1-2","T",0,1,2,0,0,"F"
0,0,1,1,".BCX","casac001","yastm001","","S9/G34.2-H;1-3;B-2","T",0,2,3,4,0,"F"
0,0,3,2,"...BFB*SFBB","","ruf-d001","tromc001","W","T",0,1,0,2,3,"F"
0,0,3,2,".BBBCCX","slata001","ruf-d001","tromc001","52(3)/FO/G25-.2-3;1-2;B-1","T",1,1,2,3,0,"F"
0,1,2,2,"FCBFBFS","estrt001","slata001","ruf-d001","K","T",1,0,1,2,3,"F"
0,2,2,1,"CBBX","estrt001","slata001","ruf-d001","5/P5D","T",1,0,1,2,3,"F"
1,0,0,0,".....X","","","","S7/L56D","T",0,1,0,0,0,"F"
1,0,0,0,"X","baezj001","","","8/F78D","T",1,0,1,0,0,"F"
1,1,2,1,"F111BBX","baezj001","","","8/F8","T",1,0,1,0,0,"F"
1,2,3,2,"B1CBBT>F>F>*B","baezj001","","","W.1-2","T",0,1,2,0,0,"F"
1,2,3,1,".CBB*BB","villj001","baezj001","","W.2-3;1-2","T",0,1,2,3,0,"F"
1,2,0,2,"..CFX","confm001","villj001","baezj001","63/G6M","T",1,0,1,2,3,"F"
0,0,2,2,"...FCBBS","","","","K","T",1,0,0,0,0,"F"
0,1,3,2,"FBTFBBS","","","","K","T",1,0,0,0,0,"F"
0,2,1,0,"BX","","","","S8/L6MD","T",0,1,0,0,0,"F"
0,2,1,1,"BCX","yastm001","","","8/F8XD","T",1,0,1,0,0,"F"
1,0,2,2,"..BBCFX","","","","8/L8","T",1,0,0,0,0,"F"
1,1,0,0,"X","","","","9/F9D","T",1,0,0,0,0,"F"
1,2,0,1,"CX","","","","9/F89+","T",1,0,0,0,0,"F"
0,0,2,2,"FCBBS","","","","K","T",1,0,0,0,0,"T"
0,1,1,0,"BX","","","","S7/L56D","T",0,1,0,0,0,"F"
0,1,2,1,"BBCX","escoa003","","","9/F89XD","T",1,0,1,0,0,"F"
0,2,1,1,"1BTX","escoa003","","","53/G5","T",1,0,1,0,0,"F"
1,0,1,1,"BCX","","","","63/G4M+","T",1,0,0,0,0,"F"
1,1,1,2,"CFFB*S","","","","K","T",1,0,0,0,0,"F"
1,2,1,0,"BX","","","","T9/L89XD","T",0,3,0,0,0,"F"
1,2,3,2,"SBSFB*BT","","","lindf001","K","T",1,0,0,0,3,"F"
0,0,3,2,"FBBCBX","","","","53/G5","T",1,0,0,0,0,"F"
0,1,3,2,"BBCCFBX","","","","53/G56","T",1,0,0,0,0,"F"
0,2,2,2,"BBCCFX","","","","D87/L8D","T",0,2,0,0,0,"F"
0,2,0,2,"SSS","","adamr004","","K","T",1,0,0,2,0,"F"
1,0,2,2,"BCCFBX","","","","8/F78S","T",1,0,0,0,0,"F"
1,1,2,2,"BBSFS","","","","K","T",1,0,0,0,0,"F"
1,2,0,2,"CFX","","","","7/F7LD","T",1,0,0,0,0,"F"
0,0,2,1,"BBCX","","","","S7/L6D","T",0,1,0,0,0,"F"
0,0,0,0,"H","espip001","","","HP.1-2","T",0,1,2,0,0,"F"
0,0,0,2,"CLX","roblv001","espip001","","S9/L9.2-3;1-2","T",0,1,2,3,0,"F"
0,0,0,0,"X","escoa003","roblv001","espip001","3/G3.3-H;2-3;1-2","T",1,0,2,3,4,"F"
0,1,2,2,"BBCFX","","escoa003","roblv001","S7/L78S+.3-H;2-3","T",0,1,0,3,4,"F"
0,1,2,2,"BFBCFS","bellj005","","escoa003","K","T",1,0,1,0,3,"F"
0,2,3,2,"SSFBFFBB>T","bellj005","","escoa003","K","T",1,0,1,0,3,"F"
1,0,0,2,"CFX","","","","S9/L34D+","T",0,1,0,0,0,"F"
1,0,0,1,"OX","nidot001","","","2/BP2-","T",1,0,1,0,0,"F"
1,1,2,0,"*BBX","nidot001","","","6/P6D","T",1,0,1,0,0,"F"
1,2,0,0,"X","nidot001","","","5/L5","T",1,0,1,0,0,"F"
0,0,2,2,"CFBBFS","","","","K","T",1,0,0,0,0,"F"
0,1,0,0,"X","","","","E7/F78S.B-2","T",0,2,0,0,0,"F"
0,1,1,2,"BCCS","","garcl006","","K","T",1,0,0,2,0,"F"
0,2,0,2,"CSFS","","garcl006","","K","T",1,0,0,2,0,"F"
1,0,0,1,"CX","","","","3/G3","T",1,0,0,0,0,"F"
1,1,0,0,"X","","","","HR/F89XD","T",0,4,0,0,0,"F"
1,1,0,2,"SC*S","","","","K.BX1(23)","T",1,0,0,0,0,"F"
1,2,1,2,"FFFBFS","","","","K","T",1,0,0,0,0,"F"
0,0,1,2,"BCSS","","","","K","T",1,0,0,0,0,"F"
0,1,0,1,"CX","","","","8/L8D+","T",1,0,0,0,0,"F"
0,2,1,2,"BCFFX","","","","43/G4D+","T",1,0,0,0,0,"F"
1,0,3,2,"BCSFFBFBC","","","","K","T",1,0,0,0,0,"F"
1,1,1,2,"SSBS","","","","K","T",1,0,0,0,0,"F"
1,2,2,0,".BBX","","","","6/P56","T",1,0,0,0,0,"F"
0,0,3,2,".SBBCBX","","","","8/F89","T",1,0,0,0,0,"F"
0,1,1,0,"BX","","","","53/G5S","T",1,0,0,0,0,"F"
0,2,3,1,"BSBBB","","","","W","T",0,1,0,0,0,"F"
0,2,3,2,"BCSBB>S","adamr004","","","K","T",1,0,1,0,0,"F"
1,0,0,0,".X","","","","43/G23+","T",1,0,0,0,0,"F"
1,1,1,2,"TCBX","","","","6/P6D","T",1,0,0,0,0,"F"
1,2,3,2,"CLBBBFFFFFX","","","","8/F1+","T",1,0,0,0,0,"F"
0,0,3,0,"..BBBB","","","","W","T",0,1,0,0,0,"F"
0,0,0,2,"CC>C","parrg001","","","K+CS2(24)/DP","T",2,0,0,0,0,"F"
0,2,3,2,"CBBBCS","","","","K","T",1,0,0,0,0,"F"
1,0,2,2,".BCFBFX","","","","63/G6","T",1,0,0,0,0,"F"
1,1,1,2,"CFBC","","","","K","T",1,0,0,0,0,"F"
1,2,1,2,"CBS*S","","","","K","T",1,0,0,0,0,"F"
0,0,3,2,".BBBCCC","","","","K","T",1,0,0,0,0,"F"
0,1,2,2,"BBSSS","","","","K","T",1,0,0,0,0,"F"
0,2,2,2,"BFFB*S","","","","K","T",1,0,0,0,0,"F"
1,0,0,2,".SSFFFFC","","","","K","T",1,0,0,0,0,"F"
1,1,2,2,".BBFCC","","","","K","T",1,0,0,0,0,"F"
1,2,1,1,".SBX","","","","S7/F78S","T",0,1,0,0,0,"F"
1,2,1,2,"BSFX","mcnej002","","","2/P5SF/FL","T",1,0,1,0,0,"F"
0,0,1,2,"..BFFFS","","","","K","T",1,0,0,0,0,"F"
0,1,1,2,"CSBFC","","","","K","T",1,0,0,0,0,"F"
0,2,1,0,"BX","","","","D8/L78D+","T",0,2,0,0,0,"F"
0,2,1,1,".BSB","","garcl006","","WP.2-3","F",0,0,0,3,0,"F"
0,2,3,2,".BSB.F*BS","","","garcl006","K","T",1,0,0,0,3,"F"
1,0,3,1,".BBBCB","","","","W","T",0,1,0,0,0,"F"
1,0,1,1,"B1SX","alonp001","","","46(1)/FO/G4.B-1","T",1,1,0,0,0,"F"
1,1,1,1,"SBX","lindf001","","","4(1)3/GDP/G4M","T",2,0,0,0,0,"F"
0,0,3,2,"FBCBBX","","","","D7/L6D+","T",0,2,0,0,0,"T"
0,0,1,1,"BCX","","thoml002","","FC/BG1S-.2X3(15);B-1","T",1,1,0,0,0,"F"
0,1,0,1,"FX","escoa003","","","S7/F5D.1-2","T",0,1,2,0,0,"F"
0,1,1,1,"CBX","sotoj001","escoa003","","S15/G6S.2-3;1-2","T",0,1,2,3,0,"F"
0,1,0,2,"SCFC","bellj005","sotoj001","escoa003","K","T",1,0,1,2,3,"F"
0,2,0,0,"X","bellj005","sotoj001","escoa003","8/L89","T",1,0,1,2,3,"F"
1,0,1,2,"SFFFBC","","","","K","T",1,0,0,0,0,"F"
1,1,2,0,"BBX","","","","7/F7D","T",1,0,0,0,0,"F"
1,2,0,1,"CX","","","","53/G56","T",1,0,0,0,0,"F"
0,0,3,2,"SBSBBB","","","","W","T",0,1,0,0,0,"F"
0,0,1,2,"FBFS","garcl006","","","K","T",1,0,1,0,0,"F"
0,1,0,1,"LX","garcl006","","","14/SH/BG2-.1-2","T",1,0,2,0,0,"F"
0,2,0,1,"CX","","garcl006","","D8/L89D+.2-H","T",0,2,0,4,0,"F"
0,2,1,2,"BFSB","","thoml002","","PB.2-3","F",0,0,0,3,0,"F"
0,2,2,2,"BFSB.X","","","thoml002","S9/L34D.3-H","T",0,1,0,0,4,"F"
0,2,2,0,"BBX","escoa003","","","13/G2-","T",1,0,1,0,0,"F"
1,0,1,2,"BCCC","","","","K","T",1,0,0,0,0,"F"
1,1,0,2,"SSS","","","","K","T",1,0,0,0,0,"F"
1,2,2,1,"CBBX","","","","3/G3","T",1,0,0,0,0,"F"
0,0,2,2,"BCCBS","","","","K","T",1,0,0,0,0,"F"
0,1,1,1,"CBX","","","","43/G4S","T",1,0,0,0,0,"F"
0,2,2,2,"BBSSFX","","","","53/G5D","T",1,0,0,0,0,"F"
1,0,2,1,"BBFX","","","","HR/F78XD","T",0,4,0,0,0,"F"
1,0,0,1,"CX","","","","8/F8","T",1,0,0,0,0,"F"
1,1,0,2,"SCS","","","","K","T",1,0,0,0,0,"F"
1,2,1,1,"FBX","","","","S8/L8","T",0,1,0,0,0,"F"
1,2,0,1,"F>B","villj001","","","CS2(26)","F",1,0,0,0,0,"F"
0,0,1,2,"BCSC","","","","K","T",1,0,0,0,0,"F"
0,1,1,1,"BCX","","","","63/G6M+","T",1,0,0,0,0,"F"
0,2,0,2,"CCC","","","","K","T",1,0,0,0,0,"F"
1,0,0,0,"X","","","","S9/G4+","T",0,1,0,0,0,"F"
1,0,0,2,"FSX","nimmb001","","","64(1)/FO/G6.B-1","T",1,1,0,0,0,"F"
1,1,0,1,"C1X","lindf001","","","9/F9D","T",1,0,1,0,0,"F"
1,2,0,2,"1SC>B","lindf001","","","SB2","F",0,0,2,0,0,"F"
1,2,1,2,"1SC>B.S","","lindf001","","K","T",1,0,0,2,0,"F"
0,0,2,1,"CBBX","","","","53/G56+","T",1,0,0,0,0,"F"
0,1,1,1,"CBX","","","","S7/L78","T",0,1,0,0,0,"F"
0,1,3,2,"BBCFB>F>X","escoa003","","","8/F89XD","T",1,0,1,0,0,"F"
0,2,2,2,"FCB1B>*B","escoa003","","","SB2","F",0,0,2,0,0,"F"
0,2,3,2,"FCB1B>*B.FX","","escoa003","","31/G34","T",1,0,0,2,0,"F"
1,0,2,2,"BFBSX","","","","7/F7D","T",1,0,0,0,0,"F"
1,1,1,2,"CFFBX","","","","HR/F7D","T",0,4,0,0,0,"F"
1,1,2,0,"BBX","","","","D9/L9L+","T",0,2,0,0,0,"F"
1,1,2,2,"BFSBS","","mazep001","","K","T",1,0,0,2,0,"F"
1,2,1,1,"CBX","","mazep001","","63/G56","T",1,0,0,2,0,"F"
0,0,0,1,"FX","","","","S8/L78+","T",0,1,0,0,0,"F"
0,0,0,1,"FX","herny002","","","6/L6D+","T",1,0,1,0,0,"F"
0,1,0,0,"X","herny002","","","46(1)3/GDP/G1S+","T",2,0,0,0,0,"F"
1,0,0,0,"X","","","","8/L8D","T",1,0,0,0,0,"F"
1,1,1,1,"CBX","","","","S9/L9S","T",0,1,0,0,0,"F"
1,1,2,2,".1B11FFF1B*S","lindf001","","","K","T",1,0,1,0,0,"F"
1,2,0,0,">S","lindf001","","","SB2","F",0,0,2,0,0,"F"
1,2,0,1,">S.X","","lindf001","","63/G6D","T",1,0,0,2,0,"F"
0,0,1,2,".CBCX","","","","S4/G6M","T",0,1,0,0,0,"F"
0,0,0,0,".X","adamr004","","","8/F8","T",1,0,1,0,0,"F"
0,1,1,2,"CBCFC","adamr004","","","K","T",1,0,1,0,0,"F"
0,2,1,2,"BSSF>FF1>X","adamr004","","","S8/G6M.1-3","T",0,1,3,0,0,"F"
0,2,1,2,"BCSFB","escoa003","","adamr004","WP.3-H(NR);1-2","F",0,0,2,0,4,"F"
0,2,2,2,"BCSFB.FS","","escoa003","","K","T",1,0,0,2,0,"F"
1,0,0,2,".SFX","","","","S9/G4+","T",0,1,0,0,0,"F"
1,0,1,2,"BCCFF1H","mcnej002","","","HP.1-2","T",0,1,2,0,0,"F"
1,0,0,1,"CX","pillk001","mcnej002","","1/BP34S-","T",1,0,1,2,0,"F"
1,1,0,0,"..X","pillk001","mcnej002","","HR/F78XD.2-H;1-H","T",0,4,4,4,0,"F"
1,1,3,1,"BFBBX","","","","D8/L8XD+","T",0,2,0,0,0,"F"
1,1,1,1,"CBX","","villj001","","63/G4MD+.2-3","T",1,0,0,3,0,"F"
1,2,1,2,"SBFFX","","","villj001","43/G34","T",1,0,0,0,3,"F"
0,0,0,1,"...SX","","","","S8/L8+","T",0,1,0,0,0,"F"
0,0,0,1,"FX","bellj005","","","36(1)3/GDP/G3S","T",2,0,0,0,0,"F"
0,2,2,2,"BSBSS","","","","K","T",1,0,0,0,0,"F"
1,0,0,0,"X","","","","63/G6D+","T",1,0,0,0,0,"F"
1,1,3,2,"BSFBBS","","","","K","T",1,0,0,0,0,"F"
1,2,3,2,".FBSBBX","","","","S7/L6D+","T",0,1,0,0,0,"F"
1,2,0,2,"CSB","davij006","","","WP.1-2","F",0,0,2,0,0,"F"
1,2,2,2,"CSB.FBFS","","davij006","","K","T",1,0,0,2,0,"F"
0,0,0,0,".X","","","","8/F8D","T",1,0,0,0,0,"F"
0,1,0,0,"H","","","","HP","T",0,1,0,0,0,"F"
0,1,1,2,".SCBX","adamr004","","","23/G2-.1-2","T",1,0,2,0,0,"F"
0,2,1,2,"CFBC","","adamr004","","K","T",1,0,0,2,0,"F"
0,0,1,1,"CBX","","","","63/G56+","T",1,0,0,0,0,"T"
0,1,0,1,"FX","","","","7/F7D","T",1,0,0,0,0,"F"
0,2,3,0,"BBBB","","","","W","T",0,1,0,0,0,"F"
0,2,0,1,"C>B","sotoj001","","","SB2.1-3(E2/TH)","F",0,0,3,0,0,"F"
0,2,2,2,"C>B.FFBFFX","","","sotoj001","8/F8XD","T",1,0,0,0,3,"F"
1,0,0,1,"CX","","","","31/G3+","T",1,0,0,0,0,"F"
1,1,3,2,"BFBSBF*B","","","","W","T",0,1,0,0,0,"F"
1,1,2,0,"BBX","nimmb001","","","46(1)/FO/G4.B-1","T",1,1,0,0,0,"F"
1,2,0,0,"X","lindf001","","","S8/L78S.1-2","T",0,1,2,0,0,"F"
1,2,2,1,"BFBB","alonp001","lindf001","","PB.2-3;1-2","F",0,0,2,3,0,"F"
1,2,3,2,"BFBB.CFN","","alonp001","lindf001","BK.3-H(NR)(UR);2-3","F",0,0,0,3,5,"F"
1,2,3,2,"BFBB.CFN.S","","","alonp001","K","T",1,0,0,0,3,"F"
0,0,2,2,"CBFBS","","","","K","T",1,0,0,0,0,"F"
0,1,1,2,"SBSS","","","","K","T",1,0,0,0,0,"F"
0,2,0,1,"SX","","","","6/F8S","T",1,0,0,0,0,"F"
1,0,0,2,"CSS","","","","K","T",1,0,0,0,0,"F"
1,1,0,1,"FX","","","","4/P4D","T",1,0,0,0,0,"F"
1,2,0,1,"CX","","","","5/F4MD","T",1,0,0,0,0,"F"
0,0,0,2,"SFS","","","","K","T",1,0,0,0,0,"F"
0,1,1,2,"CBCX","","","","31/G3","T",1,0,0,0,0,"F"
0,2,3,2,"BBBCFFS","","","","K","T",1,0,0,0,0,"F"
1,0,3,2,"SBBBSX","","","","S48/G4M","T",0,1,0,0,0,"F"
1,0,2,1,"LBBX","megit002","","","6/F8S","T",1,0,1,0,0,"F"
1,1,2,2,"BS*BFX","megit002","","","9/L9D","T",1,0,1,0,0,"F"
1,2,3,2,"FBBBS>F>F>S","megit002","","","K","T",1,0,1,0,0,"F"
0,0,1,2,"CBSFFX","","","","7/L78D","T",1,0,0,0,0,"F"
0,1,3,0,"BBB*B","","","","W","T",0,1,0,0,0,"F"
0,1,0,0,"11X","sotoj001","","","HR/F8XD.1-H","T",0,4,4,0,0,"F"
0,1,2,0,"BBX","","","","63/G6M","T",1,0,0,0,0,"F"
0,2,0,1,"CX","","","","7/L2","T",1,0,0,0,0,"F"
1,0,1,1,"BCX","","","","S8/L78D","T",0,1,0,0,0,"F"
1,0,2,1,"BBCX","alonp001","","","36(1)/FO/G3.B-1","T",1,1,0,0,0,"F"
1,1,1,0,"BX","confm001","","","HR/F78XD.1-H","T",0,4,4,0,0,"F"
1,1,0,0,"X","","","","53/G56","T",1,0,0,0,0,"F"
1,2,1,1,"BCH","","","","HP","T",0,1,0,0,0,"F"
1,2,2,2,"SCBBC","mazep001","","","K","T",1,0,1,0,0,"F"
0,0,3,2,"BFBFBX","","","","31/G34D","T",1,0,0,0,0,"F"
0,1,3,2,"FBSBBFFFB","","","","W","T",0,1,0,0,0,"F"
0,1,0,1,"MX","barrt004","","","FC2/BG2.1X2(2E6);B-1","T",0,1,2,0,0,"F"
0,1,2,2,"BC*BFS","fedde001","barrt004","","K","T",1,0,1,2,0,"F"
0,2,1,0,"BX","fedde001","barrt004","","64(1)/FO/G6M.B-1","T",1,1,0,2,0,"F"
1,0,0,0,"X","","","","T8/F8XD+","T",0,3,0,0,0,"F"
1,0,0,0,"H","","","villj001","HP","T",0,1,0,0,3,"F"
1,0,0,1,"F1X","nimmb001","","villj001","13/G1S.1-2","T",1,0,2,0,3,"F"
1,1,2,1,"SBBX","","nimmb001","villj001","S9/L9S+.3-H;2-3","T",0,1,0,3,4,"F"
1,1,3,2,"CBC1BFB>S","alonp001","","nimmb001","K","T",1,0,1,0,3,"F"
1,2,2,2,"SBS*BF*S","alonp001","","nimmb001","K","T",1,0,1,0,3,"F"
0,0,2,2,".SFBBX","","","","HR/F78XD","T",0,4,0,0,0,"F"
0,0,0,1,"CX","","","","63/G56","T",1,0,0,0,0,"F"
0,1,1,0,"BX","","","","7/F7LD","T",1,0,0,0,0,"F"
0,2,2,2,"CBFBC","","","","K","T",1,0,0,0,0,"F"
1,0,2,2,"CBFBX","","","","S8/F78S","T",0,1,0,0,0,"F"
1,0,0,0,"1X","pillk001","","","5/P5SF/FL","T",1,0,1,0,0,"F"
1,1,1,1,".BT11>B","pillk001","","","SB2","F",0,0,2,0,0,"F"
1,1,2,1,".BT11>B.X","","pillk001","","S8/G4.2-H","T",0,1,0,4,0,"F"
1,1,0,0,".X","smitd008","","","HR/L78XD.1-H","T",0,4,4,0,0,"F"
1,1,3,1,"BBBCB","","","","W","T",0,1,0,0,0,"F"
1,1,2,2,"FB1SFB>F>B","nimmb001","","","SB2","F",0,0,2,0,0,"F"
1,1,3,2,"FB1SFB>F>B.FS","","nimmb001","","K","T",1,0,0,2,0,"F"
1,2,2,2,"BBCFX","","nimmb001","","8/F78","T",1,0,0,2,0,"F"
0,0,1,1,".BFX","","","","31/G34","T",1,0,0,0,0,"F"
0,1,3,2,"CBCBBFB","","","","W","T",0,1,0,0,0,"F"
0,1,3,2,".BCBF*BX","barrt004","","","7/F7S","T",1,0,1,0,0,"F"
0,2,1,2,"BFCC","barrt004","","","K","T",1,0,1,0,0,"F"
1,0,1,2,".CSBX","","","","53/G4S","T",1,0,0,0,0,"F"
1,1,0,2,"FFFX","","","","6/L56D","T",1,0,0,0,0,"F"
1,2,2,2,"BFSBS","","","","K","T",1,0,0,0,0,"F"
0,0,0,1,".SX","","","","9/F89D","T",1,0,0,0,0,"F"
0,1,0,0,"X","","","","63/G4M","T",1,0,0,0,0,"F"
0,2,3,2,"BCBBSX","","","","HR/L7D","T",0,4,0,0,0,"F"
0,2,3,1,"CBBBB","","","","W","T",0,1,0,0,0,"F"
0,2,3,2,"CBBFB>B","herny002","","","W.1-2","T",0,1,2,0,0,"F"
0,2,1,2,"CBSS","kiebc001","herny002","","K","T",1,0,1,2,0,"F"
1,0,3,0,".BBBB","","","","W","T",0,1,0,0,0,"F"
1,0,0,2,".CFX","mazep001","","","53/G5S.1-2","T",1,0,2,0,0,"F"
1,1,0,2,"CSX","","mazep001","","S5/G5S.2-3","T",0,1,0,3,0,"F"
1,1,0,0,"H","villj001","","mazep001","HP.1-2","T",0,1,2,0,3,"F"
1,1,1,1,"S*BX","nimmb001","villj001","mazep001","D7/L7LD+.3-H;2-H;1-3","T",0,2,3,4,4,"F"
1,1,3,0,"VVVV","","lindf001","nimmb001","IW","T",0,1,0,2,3,"F"
1,1,3,1,"BB*BCX","alonp001","lindf001","nimmb001","6(1)3/GDP/G4MD+","T",2,0,0,2,3,"F"
0,0,2,2,".BBCCX","","","","53/G5S","T",1,0,0,0,0,"F"
0,1,0,1,".FX","","","","2/P2F/FL","T",1,0,0,0,0,"F"
0,2,1,2,"BCCFS","","","","K","T",1,0,0,0,0,"F"
0,0,0,0,"X","","","","31/G34+","T",1,0,0,0,0,"T"
0,1,0,1,"CX","","","","63/G6MD+","T",1,0,0,0,0,"F"
0,2,0,1,"CX","","","","S9/G4","T",0,1,0,0,0,"F"
0,2,0,0,"X","brinl001","","","S9/L9LS.1-3","T",0,1,3,0,0,"F"
0,2,0,0,"X","sancj003","","brinl001","6/P6D","T",1,0,1,0,3,"F"
1,0,0,0,"X","","","","7/F7D+","T",1,0,0,0,0,"F"
1,1,2,2,"CFBBX","","","","S1/G4MS","T",0,1,0,0,0,"F"
1,1,1,1,"BCX","nimmb001","","","7/F7L","T",1,0,1,0,0,"F"
1,2,2,1,"BBF>B","nimmb001","","","CS2(26)","F",1,0,0,0,0,"F"
0,0,2,2,"CBFBX","","","","31/G3S-","T",1,0,0,0,0,"F"
0,1,0,2,"TFT","","","","K","T",1,0,0,0,0,"F"
0,2,2,2,"FBSBC","","","","K","T",1,0,0,0,0,"F"
1,0,0,1,"CH","","","","HP","T",0,1,0,0,0,"F"
1,0,0,1,"SX","confm001","","","7/L78D+","T",1,0,1,0,0,"F"
1,1,1,1,"BCX","confm001","","","46(1)3/GDP/G34","T",2,0,0,0,0,"F"
0,0,0,0,"X","","","","8/F89XD","T",1,0,0,0,0,"F"
0,1,3,2,"BCSFBFFFFBX","","","","43/G34D","T",1,0,0,0,0,"F"
0,2,1,0,"BX","","","","7/F7","T",1,0,0,0,0,"F"
1,0,0,0,"X","","","","S9/L89S+","T",0,1,0,0,0,"F"
1,0,2,2,"SFBFF*BX","davij006","","","65(1)3/GDP/G6D","T",2,0,0,0,0,"F"
1,2,1,2,"BCFFX","","","","13/G25-","T",1,0,0,0,0,"F"
0,0,0,2,"CFS","","","","K","T",1,0,0,0,0,"F"
0,1,0,2,"FFT","","","","K","T",1,0,0,0,0,"F"
0,2,0,2,"CSX","","","","8/L8XD+","T",1,0,0,0,0,"F"
1,0,0,1,"CX","","","","S8/G4M","T",0,1,0,0,0,"F"
1,0,1,0,"BX","villj001","","","S6/G6M.1X3(646)","T",1,1,0,0,0,"F"
1,1,1,2,"FF*B1S","nimmb001","","","K","T",1,0,1,0,0,"F"
1,2,1,0,"*B+1X","nimmb001","","","HR/F9D.1-H","T",0,4,4,0,0,"F"
1,2,0,1,"FX","","","","S8/L78S","T",0,1,0,0,0,"F"
1,2,0,1,"S1X","baezj001","","","D8/L8D.1-H","T",0,2,4,0,0,"F"
1,2,2,2,"BSBSFC","","mcnej002","","K","T",1,0,0,2,0,"F"
0,0,0,2,"CFX","","","","E4/G34D.B-1","T",0,1,0,0,0,"F"
0,0,0,0,"X","leons001","","","9/F89D","T",1,0,1,0,0,"F"
0,1,2,1,"BSBX","leons001","","","S1/G4MS.1-2","T",0,1,2,0,0,"F"
0,1,3,2,".BBBTFX","rojam002","leons001","","D9/L9LD.2-H(UR);1-3","T",0,2,3,5,0,"F"
0,1,3,1,"....BCBBB","","aguij001","rojam002","W","T",0,1,0,2,3,"F"
0,1,1,0,"BX","chisj001","aguij001","rojam002","12(3)3/GDP/G4MS","T",2,0,1,2,0,"F"
1,0,0,0,".X","","","","7/L7D","T",1,0,0,0,0,"F"
1,1,1,2,"CBCX","","","","9/L89D","T",1,0,0,0,0,"F"
1,2,0,2,"CSX","","","","6/L6","T",1,0,0,0,0,"F"
0,0,1,2,".SBFX","","","","S7/L7","T",0,1,0,0,0,"F"
0,0,3,2,"*B1BCB1FB","brinl001","","","W.1-2","T",0,1,2,0,0,"F"
0,0,0,1,"CX","sancj003","brinl001","","1/G34S.2-3;1-2","T",1,0,2,3,0,"F"
0,1,0,2,"CFS","","sancj003","brinl001","K","T",1,0,0,2,3,"F"
0,2,1,2,"C*SFF*BFF*S","","sancj003","brinl001","K","T",1,0,0,2,3,"F"
1,0,0,0,"X","","","","7/F7S","T",1,0,0,0,0,"F"
1,1,2,1,"CBBX","","","","53/G56","T",1,0,0,0,0,"F"
1,2,3,2,"CTBFBBB","","","","W","T",0,1,0,0,0,"F"
1,2,2,2,"SBBFFS","confm001","","","K","T",1,0,1,0,0,"F"
0,0,0,0,"..X","","","","43/G6M","T",1,0,0,0,0,"F"
0,1,0,2,".SS*S","","","","K.BX1(23)","T",1,0,0,0,0,"F"
0,2,2,2,"BFCBS","","","","K","T",1,0,0,0,0,"F"
0,0,0,0,"X","","","","HR/F7D","T",0,4,0,0,0,"T"
0,0,3,2,"CSBFFBFBX","","","","D8/L89S+.B-3(E8)","T",0,3,0,0,0,"F"
0,0,1,0,"BX","","","chisj001","S7/G56+.3-H","T",0,1,0,0,4,"F"
0,0,1,2,"FSFFBX","aguij001","","","7/F78D","T",1,0,1,0,0,"F"
0,1,0,0,"B","aguij001","","","WP.1-2","F",0,0,2,0,0,"F"
0,1,1,1,"B.FX","","aguij001","","5/P2F/FL","T",1,0,0,2,0,"F"
0,2,0,2,"CC*S","","aguij001","","K","T",1,0,0,2,0,"F"
1,0,0,0,"X","","","","HR/F9D","T",0,4,0,0,0,"F"
1,0,1,0,"BX","","","","63/G4","T",1,0,0,0,0,"F"
1,1,1,0,"BX","","","","43/G23","T",1,0,0,0,0,"F"
1,2,1,2,"CBF*S","","","","K","T",1,0,0,0,0,"F"
0,0,0,0,"X","","","","63/G6","T",1,0,0,0,0,"F"
0,1,0,2,"CCX","","","","8/F89D","T",1,0,0,0,0,"F"
0,2,0,2,"CCFFC","","","","K","T",1,0,0,0,0,"F"
1,0,1,0,"BX","","","","7/L78D","T",1,0,0,0,0,"F"
1,1,3,0,"BBBX","","","","4/P34D","T",1,0,0,0,0,"F"
1,2,0,1,"CX","","","","43/G23","T",1,0,0,0,0,"F"
0,0,2,2,"BFSFBX","","","","63/G6D","T",1,0,0,0,0,"F"
0,1,2,1,"CBBX","","","","13/G13","T",1,0,0,0,0,"F"
0,2,1,2,"BSTX","","","","53/G56-","T",1,0,0,0,0,"F"
1,0,2,1,"CBBX","","","","3/L3D","T",1,0,0,0,0,"F"
1,1,3,2,"CBBBCC","","","","K","T",1,0,0,0,0,"F"
1,2,3,2,"BFBBSS","","","","K","T",1,0,0,0,0,"F"
0,0,3,2,"BSBSBFFS","","","","K","T",1,0,0,0,0,"F"
0,1,0,2,"CFX","","","","6/L56D+","T",1,0,0,0,0,"F"
0,2,0,0,"X","","","","63/G4MS","T",1,0,0,0,0,"F"
1,0,3,2,"CBBSBX","","","","S5/G5S-.B-2(E5/TH)","T",0,2,0,0,0,"F"
1,0,0,1,"SX","","nimmb001","","D7/L78XD+.2-H","T",0,2,0,4,0,"F"
1,0,0,0,"X","","lindf001","","43/G4M.2-3","T",1,0,0,3,0,"F"
1,1,0,1,"FN","","","lindf001","BK.3-H(NR)","F",0,0,0,0,4,"F"
1,1,1,2,"FN.BFS","","","","K","T",1,0,0,0,0,"F"
1,2,0,0,"X","","","","63/G6S","T",1,0,0,0,0,"F"
0,0,1,2,"FFBX","","","","E5/TH/G56+.B-1","T",0,1,0,0,0,"F"
0,0,1,2,"1BCF>X","alfaj002","","","9/F9S/DP.1X1(93)","T",2,0,0,0,0,"F"
0,2,0,2,"FSS","","","","K","T",1,0,0,0,0,"F"
1,0,1,1,"BTX","","","","3/G34","T",1,0,0,0,0,"F"
1,1,3,1,"BFBBX","","","","D9/G3+","T",0,2,0,0,0,"F"
1,1,1,2,"BCMX","","mazep001","","14/SH/BG1.2-3","T",1,0,0,3,0,"F"
1,2,3,2,"BBSBCC","","","mazep001","K","T",1,0,0,0,3,"F"
0,0,0,1,"CX","","","","S1/G25.B-2(E1/TH)","T",0,2,0,0,0,"F"
0,0,3,2,"BBBCFS","","rojam002","","K","T",1,0,0,2,0,"F"
0,1,3,0,"BBB*B","","rojam002","","W","T",0,1,0,2,0,"F"
0,1,3,2,".BCBFBB","aguij001","rojam002","","W.2-3;1-2","T",0,1,2,3,0,"F"
0,1,3,2,"BCSBBFB","sancj003","aguij001","rojam002","W.3-H;2-3;1-2","T",0,1,2,3,4,"F"
0,1,0,2,".CSFS","brinl001","sancj003","aguij001","K","T",1,0,1,2,3,"F"
0,2,1,2,"CFFBX","brinl001","sancj003","aguij001","53/G56+","T",1,0,1,2,3,"F"
1,0,3,2,".FBBBFFX","","","","63/G4MD","T",1,0,0,0,0,"F"
1,1,2,2,"BCFBX","","","","9/L9D+","T",1,0,0,0,0,"F"
1,2,0,2,"CSX","","","","D7/L56D+","T",0,2,0,0,0,"F"
1,2,1,1,"CBX","","alonp001","","7/F7S","T",1,0,0,2,0,"F"
0,0,2,2,".FBBFS","","","","K","T",1,0,0,0,0,"F"
0,1,0,2,"CCS","","","","K","T",1,0,0,0,0,"F"
0,2,3,2,"BBBCCFX","","","","63/G56","T",1,0,0,0,0,"F"
1,0,1,2,"BCCS","","","","K","T",1,0,0,0,0,"F"
1,1,0,2,"CSX","","","","S8/L8","T",0,1,0,0,0,"F"
1,1,1,1,"FBX","mcnej002","","","S9/L9S.1-3(E9)","T",0,1,3,0,0,"F"
1,1,2,2,".BSFBX","mazep001","","mcnej002","S39/L9LS+.3-H;1-3","T",0,1,3,0,4,"F"
1,1,1,0,".BX","smitd008","","mazep001","FC/G56S.3XH(52);1-2;B-1","T",1,1,2,0,0,"F"
1,2,1,2,"SBSS","villj001","smitd008","","K","T",1,0,1,2,0,"F"
0,0,0,2,".FSS","","","","K","T",1,0,0,0,0,"F"
0,1,1,2,"BCFX","","","","63/G56","T",1,0,0,0,0,"F"
0,2,3,2,"FCBBBB","","","","W","T",0,1,0,0,0,"F"
0,2,0,2,".11CC>B","sierm002","","","SB2","F",0,0,2,0,0,"F"
0,2,1,2,".11CC>B.FX","","sierm002","","3/P34","T",1,0,0,2,0,"F"
1,0,2,2,"....BBCCS","","","","K","T",1,0,0,0,0,"F"
1,1,2,2,"BBCCFX","","","","E6/TH/G6.B-1","T",0,1,0,0,0,"F"
1,1,0,2,"FCC","alonp001","","","K","T",1,0,1,0,0,"F"
1,2,0,1,"1SX","alonp001","","","E9/F9S.1-3;B-1","T",0,1,3,0,0,"F"
1,2,1,1,"BFX","baezj001","","alonp001","4/L34","T",1,0,1,0,3,"F"
0,0,2,1,"..BBCX","","","","9/F9","T",1,0,0,0,0,"F"
0,1,2,2,"CBBSS","","","","K","T",1,0,0,0,0,"F"
0,2,3,2,"BSBBSS","","","","K","T",1,0,0,0,0,"F"
0,0,3,2,"CBBFFFBC","","","","K","T",1,0,0,0,0,"T"
0,1,3,1,"BBCBX","","","","T7/L7L","T",0,3,0,0,0,"F"
0,1,3,0,"BBBX","","","gardb001","43/G4M+.3-H","T",1,0,0,0,4,"F"
0,2,1,2,"FBTS","","","","K","T",1,0,0,0,0,"F"
1,0,0,0,"X","","","","S7/L78S","T",0,1,0,0,0,"F"
1,0,3,2,"1BBBCS1T","villj001","","","K","T",1,0,1,0,0,"F"
1,1,1,1,"BFX","villj001","","","S7/F5D.1-2","T",0,1,2,0,0,"F"
1,1,3,2,"BBBSSS","confm001","villj001","","K","T",1,0,1,2,0,"F"
1,2,2,2,"BCBSFX","confm001","villj001","","S7/L56.2-H;1-2","T",0,1,2,4,0,"F"
1,2,1,2,"FFF*BC","baezj001","confm001","","K","T",1,0,1,2,0,"F"
0,0,3,2,"CSBBBX","","","","63/G6","T",1,0,0,0,0,"F"
0,1,0,0,"X","","","","HR/F89XD","T",0,4,0,0,0,"F"
0,1,2,1,"CBBX","","","","43/G4MD","T",1,0,0,0,0,"F"
0,2,1,2,"FSBS","","","","K","T",1,0,0,0,0,"F"
1,0,1,2,"BFSX","","","","8/F8","T",1,0,0,0,0,"F"
1,1,2,2,"CFBBS","","","","K","T",1,0,0,0,0,"F"
1,2,1,2,"SSBS","","","","K","T",1,0,0,0,0,"F"
0,0,0,2,"CCS","","","","K","T",1,0,0,0,0,"F"
0,1,1,1,"BCX","","","","53/G5","T",1,0,0,0,0,"F"
0,2,2,1,"CBBX","","","","S8/L8","T",0,1,0,0,0,"F"
0,2,1,2,"CC*BS","gardb001","","","K","T",1,0,1,0,0,"F"
1,0,0,1,"SX","","","","S7/L5D","T",0,1,0,0,0,"F"
1,0,3,1,"SBBBB","villj001","","","W.1-2","T",0,1,2,0,0,"F"
1,0,0,1,"CB","lindf001","villj001","","WP.2-3;1-2","F",0,0,2,3,0,"F"
1,0,3,2,"CB.S*BF*BB","","lindf001","villj001","W","T",0,1,0,2,3,"F"
1,0,3,2,"BSB*BSB","confm001","lindf001","villj001","W.3-H;2-3;1-2","T",0,1,2,3,4,"F"
1,0,2,2,"CFB*BX","alonp001","confm001","lindf001","FC5/G56S.3-H(E5/TH)(NR)(UR);2-3;1-2;B-1","T",0,1,2,3,5,"F"
1,0,0,0,"X","baezj001","alonp001","confm001","S3/BG4S.3-H;2-3;1-2","T",0,1,2,3,4,"F"
1,0,0,2,"FSX","mcnej002","baezj001","alonp001","7/SF/L7D.3-H","T",1,0,1,2,4,"F"
1,1,0,1,"F2","mcnej002","baezj001","","POCS3(146).1-2","F",1,0,2,0,0,"F"
1,2,0,1,"F2.X","","mcnej002","","D7/L7.2-H(UR)","T",0,2,0,5,0,"F"
1,2,2,2,"BBCSS","","mccaj001","","K","T",1,0,0,2,0,"F"
0,0,0,1,"CX","","","","4/P89S","T",1,0,0,0,0,"F"
0,1,0,1,"CX","","","","63/G56","T",1,0,0,0,0,"F"
0,2,3,2,"FBBBST","","","","K","T",1,0,0,0,0,"F"
1,0,1,0,"BX","","","","9/F3D","T",1,0,0,0,0,"F"
1,1,0,0,"X","","","","HR/F9LD","T",0,4,0,0,0,"F"
1,1,1,2,".BCCX","","","","S4/G4M","T",0,1,0,0,0,"F"
1,1,0,1,"FX","confm001","","","8/F8XD+","T",1,0,1,0,0,"F"
1,2,0,0,"X","confm001","","","D9/L89XD+.1-H;BX3(9625)","T",1,0,4,0,0,"F"
0,0,1,2,"CBSS","","","","K","T",1,0,0,0,0,"F"
0,1,2,0,"BBX","","","","53/G56","T",1,0,0,0,0,"F"
0,2,2,2,".BCFBS","","","","K","T",1,0,0,0,0,"F"
1,0,1,1,".CBX","","","","S9/L4D","T",0,1,0,0,0,"F"
1,0,0,1,"CX","mcnej002","","","53/G5S.1-2","T",1,0,2,0,0,"F"
1,1,2,1,"BCBB","","mcnej002","","WP.2-3","F",0,0,0,3,0,"F"
1,1,3,2,"BCBB.SC","","","mcnej002","K","T",1,0,0,0,3,"F"
1,2,1,0,"BX","","","mcnej002","43/G34","T",1,0,0,0,3,"F"
0,0,3,1,"CBBBB","","","","W","T",0,1,0,0,0,"F"
0,0,2,1,"CBBX","lemad001","","","6(1)/FO/G4M+.B-1","T",1,1,0,0,0,"F"
0,1,0,0,"X","gardb001","","","54(1)3/GDP/G5+","T",2,0,0,0,0,"F"
1,0,3,2,"BSSBBFFS","","","","K","T",1,0,0,0,0,"F"
1,1,0,1,"SX","","","","6/L4D","T",1,0,0,0,0,"F"
1,2,2,2,"CFBFBX","","","","31/G3","T",1,0,0,0,0,"F"
0,0,2,2,"CBSBS","","","","K","T",1,0,0,0,0,"F"
0,1,0,2,"SFX","","","","D56/G5","T",0,2,0,0,0,"F"
0,1,2,2,"BSSFBS","","torrg001","","K","T",1,0,0,2,0,"F"
0,2,0,1,"CX","","torrg001","","6/P6","T",1,0,0,2,0,"F"
1,0,1,1,"BFX","","","","9/F9D+","T",1,0,0,0,0,"F"
1,1,1,0,"BX","","","","S9/F9S","T",0,1,0,0,0,"F"
1,1,0,2,"FSFH","baezj001","","","HP.1-2","T",0,1,2,0,0,"F"
1,1,1,0,"BH","mcnej002","baezj001","","HP.2-3;1-2","T",0,1,2,3,0,"F"
1,1,0,0,"X","pillk001","mcnej002","baezj001","46(1)/FO/G4M.3-H;2-H(E6/TH)(NR)(UR);B-1","T",1,1,0,5,4,"F"
1,2,2,1,".*BSBX","mccaj001","","","6/P6D","T",1,0,1,0,0,"F"
0,0,1,0,".BX","","","","8/F89D","T",1,0,0,0,0,"F"
0,1,0,0,".X","","","","S8/L8","T",0,1,0,0,0,"F"
0,1,0,0,"X","voitl001","","","S8/L6MD.1-2","T",0,1,2,0,0,"F"
0,1,2,1,"BBCX","lemad001","voitl001","","8/F78XD","T",1,0,1,2,0,"F"
0,2,1,0,"BX","lemad001","voitl001","","9/F9S","T",1,0,1,2,0,"F"
1,0,1,2,"..FBSFFS","","","","K","T",1,0,0,0,0,"F"
1,1,3,2,"BFBBFB","","","","W","T",0,1,0,0,0,"F"
1,1,2,2,"SBSF*BS","lindf001","","","K","T",1,0,1,0,0,"F"
1,2,1,0,"BX","lindf001","","","54(1)/FO/G56.B-1","T",1,1,0,0,0,"F"
0,0,2,0,"...BBX","","","","HR/F9LD","T",0,4,0,0,0,"F"
0,0,1,1,"SBX","","","","3/P3SF/FL","T",1,0,0,0,0,"F"
0,1,0,0,"X","","","","9/F89D","T",1,0,0,0,0,"F"
0,2,3,2,"CTBBFBX","","","","9/F9D","T",1,0,0,0,0,"F"
0,0,3,1,"BFBBB","","","","W","T",0,1,0,0,0,"T"
0,0,1,2,"1CCFB1X","lemad001","","","8/F89S","T",1,0,1,0,0,"F"
0,1,1,2,"CFB1S","lemad001","","","K","T",1,0,1,0,0,"F"
0,2,1,1,"BFX","lemad001","","","S8/G6.1-2","T",0,1,2,0,0,"F"
0,2,1,2,"BFSFFX","stanm004","lemad001","","13/G1S-","T",1,0,1,2,0,"F"
1,0,3,2,"CBBBSC","","","","K","T",1,0,0,0,0,"F"
1,1,3,2,"BBBCFX","","","","7/F7LD","T",1,0,0,0,0,"F"
1,2,0,1,"CX","","","","S9/L9LS+","T",0,1,0,0,0,"F"
1,2,2,2,"CSBFB1S","confm001","","","K","T",1,0,1,0,0,"F"
0,0,1,0,"BX","","","","S7/L7LD+","T",0,1,0,0,0,"F"
0,0,1,1,"1CB11X","torrg001","","","3/L34","T",1,0,1,0,0,"F"
0,1,1,2,"CF*B>X","torrg001","","","HR/F78XD.1-H","T",0,4,4,0,0,"F"
0,1,1,2,"BCCX","","","","3/G34S","T",1,0,0,0,0,"F"
0,2,3,2,"BCFBFBX","","","","S9/L34D","T",0,1,0,0,0,"F"
0,2,1,1,"*BCX","lemad001","","","HR/F89XD.1-H","T",0,4,4,0,0,"F"
0,2,3,2,"BBSFBFX","","","","HR/F78XD","T",0,4,0,0,0,"F"
0,2,0,2,"CFX","","","","53/G56S","T",1,0,0,0,0,"F"
1,0,3,2,"BCSBBB","","","","W","T",0,1,0,0,0,"F"
1,0,3,2,"BFBBCF>F>F>F>C","baezj001","","","K+SB2","T",1,0,2,0,0,"F"
1,1,3,1,"BBBCX","","baezj001","","D7/L7LS+.2-H","T",0,2,0,4,0,"F"
1,1,0,0,"X","","pillk001","","T8/F9LD.2-H","T",0,3,0,4,0,"F"
1,1,1,0,"BX","","","mccaj001","S9/L9S+.3-H","T",0,1,0,0,4,"F"
1,1,1,2,"FSBC","walkt004","","","K","T",1,0,1,0,0,"F"
1,2,1,0,"BX","walkt004","","","63/G4S","T",1,0,1,0,0,"F"
0,0,1,1,"CBX","","","","63/G4D","T",1,0,0,0,0,"F"
0,1,1,2,"CTBC","","","","K","T",1,0,0,0,0,"F"
0,2,2,2,"CSBBS","","","","K","T",1,0,0,0,0,"F"
1,0,1,2,"BFCFS","","","","K","T",1,0,0,0,0,"F"
1,1,1,2,"SSBX","","","","63/G56D+","T",1,0,0,0,0,"F"
1,2,3,2,"BBSFFFBX","","","","HR/F7LD","T",0,4,0,0,0,"F"
1,2,0,0,"X","","","","43/G4D+","T",1,0,0,0,0,"F"
0,0,0,2,"CCC","","","","K","T",1,0,0,0,0,"F"
0,1,1,2,"CFBC","","","","K","T",1,0,0,0,0,"F"
0,2,1,2,"CBFS","","","","K","T",1,0,0,0,0,"F"
1,0,2,2,"CBBFS","","","","K","T",1,0,0,0,0,"F"
1,1,3,1,"FBBBB","","","","W","T",0,1,0,0,0,"F"
1,1,1,1,"BLX","mccaj001","","","54/SH/BG2-.1-2","T",1,0,2,0,0,"F"
1,2,0,0,"X","","mccaj001","","9/F9LD","T",1,0,0,2,0,"F"
0,0,1,1,"BFX","","","","63/G4M+","T",1,0,0,0,0,"F"
0,1,2,2,"FBBFS","","","","K","T",1,0,0,0,0,"F"
0,2,2,2,"CBBCX","","","","3/G34","T",1,0,0,0,0,"F"
1,0,0,2,".FSS","","","","K","T",1,0,0,0,0,"F"
1,1,1,1,"CBX","","","","S8/G6M","T",0,1,0,0,0,"F"
1,1,2,1,"BSBX","confm001","","","9/F9D","T",1,0,1,0,0,"F"
1,2,1,1,"BSX","confm001","","","5/L5","T",1,0,1,0,0,"F"
0,0,2,2,"CBFFBX","","","","63/G4","T",1,0,0,0,0,"F"
0,1,0,0,"X","","","","9/F89XD","T",1,0,0,0,0,"F"
0,2,1,2,"CBCS","","","","K","T",1,0,0,0,0,"F"
1,0,3,2,"CSBBBB","","","","W","T",0,1,0,0,0,"F"
1,0,2,2,"..BFF1BFS","mcnej002","","","K","T",1,0,1,0,0,"F"
1,1,1,1,"*B*SX","mcnej002","","","HR/F7LD.1-H","T",0,4,4,0,0,"F"
1,1,3,2,".BFBFBB","","","","W","T",0,1,0,0,0,"F"
1,1,3,2,"SBC1FBFFBS","smitd008","","","K","T",1,0,1,0,0,"F"
1,2,2,2,"FFBBX","smitd008","","","3/P3F/FL","T",1,0,1,0,0,"F"
0,0,0,0,".X","","","","6/L56","T",1,0,0,0,0,"F"
0,1,2,2,"BCBSS","","","","K","T",1,0,0,0,0,"F"
0,2,0,0,"X","","","","3/G34","T",1,0,0,0,0,"F"
1,0,2,1,".CBBX","","","","7/F7D","T",1,0,0,0,0,"F"
1,1,1,2,"FFBS","","","","K","T",1,0,0,0,0,"F"
1,2,3,2,"BBFCBX","","","","S5/G56S","T",0,1,0,0,0,"F"
1,2,0,0,"1X","baezj001","","","S8/L8.1-3","T",0,1,3,0,0,"F"
1,2,1,1,"CBX","mcnej002","","baezj001","S7/G56.3-H;1-2","T",0,1,2,0,4,"F"
1,2,0,1,"CX","pillk001","mcnej002","","63/G6","T",1,0,1,2,0,"F"
0,0,1,1,".CBX","","","","S9/L4D+","T",0,1,0,0,0,"F"
0,0,1,0,"BX","gardb001","","","HR/F7D.1-H","T",0,4,4,0,0,"F"
0,0,3,2,"BFSBBFX","","","","S9/G3","T",0,1,0,0,0,"F"
0,0,0,1,"..CX","velaa001","","","9/F89D","T",1,0,1,0,0,"F"
0,1,0,0,"X","velaa001","","","S6/G6+.1-2","T",0,1,2,0,0,"F"
0,1,2,1,".BFBX","torrg001","velaa001","","64(1)/FO/G56+.2-H(E4/TH)(NR)(UR);B-1","T",1,1,0,5,0,"F"
0,2,1,2,"CSBS","voitl001","","","K","T",1,0,1,0,0,"F"
1,0,1,2,"....CBFX","","","","43/G4","T",1,0,0,0,0,"F"
1,1,0,2,"FCFX","","","","31/G3","T",1,0,0,0,0,"F"
1,2,3,2,"BFBFBB","","","","W","T",0,1,0,0,0,"F"
1,2,3,2,"SBFBB>B","lindf001","","","W.1-2","T",0,1,2,0,0,"F"
1,2,1,1,"CBX","confm001","lindf001","","8/F8XD+","T",1,0,1,2,0,"F"
0,0,0,2,".LFX","","","","43/G4","T",1,0,0,0,0,"F"
0,1,1,1,"CBX","","","","43/G4","T",1,0,0,0,0,"F"
0,2,3,2,"BBBCFT","","","","K","T",1,0,0,0,0,"F"
1,0,0,2,".CFX","","","","9/L9","T",1,0,0,0,0,"F"
1,1,2,2,".BSBFX","","","","DGR/L9LS","T",0,2,0,0,0,"F"
1,1,0,2,"FF*S","","davij006","","K.2-3;BX1(23)","T",1,0,0,3,0,"F"
1,2,2,1,"BBFX","","","davij006","9/F9","T",1,0,0,0,3,"F"
0,0,3,2,"FBBFBFB","","","","W","T",0,1,0,0,0,"T"
0,0,3,2,"BBCFB>F>F1>B","lemad001","","","W.1-2","T",0,1,2,0,0,"F"
0,0,2,2,"BCBST","rizza001","lemad001","","K","T",1,0,1,2,0,"F"
0,1,2,2,"CCB*BX","rizza001","lemad001","","D9/L89D+.2-H;1-3","T",0,2,3,4,0,"F"
0,1,2,1,"BFBX","","stanm004","rizza001","7/SF/F78D.3-H;2-3(E7/TH)","T",1,0,0,3,4,"F"
0,2,0,1,"FX","","","stanm004","53/G5","T",1,0,0,0,3,"F"
1,0,3,0,"BBBB","","","","W","T",0,1,0,0,0,"F"
1,0,2,2,"*B11CBCFFX","villj001","","","3/G3.1-2","T",1,0,2,0,0,"F"
1,1,1,0,"BX","","villj001","","S7/G6.2-H","T",0,1,0,4,0,"F"
1,1,0,1,"CX","confm001","","","7/F7D","T",1,0,1,0,0,"F"
1,2,1,2,"CBFX","confm001","","","S5/G5.1-2","T",0,1,2,0,0,"F"
1,2,2,1,"BFBB","baezj001","confm001","","PB.2-3;1-2","F",0,0,2,3,0,"F"
1,2,3,1,"BFBB.X","","baezj001","confm001","3/G3","T",1,0,0,2,3,"F"
0,0,2,2,"FSBBX","","","","7/F78D","T",1,0,0,0,0,"F"
0,1,1,2,"SSFBC","","","","K","T",1,0,0,0,0,"F"
0,2,3,2,"CBTBFBB","","","","W","T",0,1,0,0,0,"F"
0,2,3,1,"BC*BBX","schmc002","","","S7/G56+.1-2","T",0,1,2,0,0,"F"
0,2,0,1,"FX","lemad001","schmc002","","43/G4D","T",1,0,1,2,0,"F"
1,0,0,2,"CFX","","","","E6/G6D.B-1","T",0,1,0,0,0,"F"
1,0,3,1,"BB1BCB","pillk001","","","W.1-2","T",0,1,2,0,0,"F"
1,0,0,0,"X","mccaj001","pillk001","","14/SH/BG1S-.2-3;1-2","T",1,0,2,3,0,"F"
1,1,3,2,"BBF*BSS","","mccaj001","pillk001","K","T",1,0,0,2,3,"F"
1,2,1,1,"BFX","","mccaj001","pillk001","HR/F89XD.3-H(UR);2-H(UR);B-H(UR)","T",0,5,0,5,5,"F"
1,2,2,2,"BBCFX","","","","53/G6M","T",1,0,0,0,0,"F"
0,0,2,2,"CSFBBFC","","","","K","T",1,0,0,0,0,"F"
0,1,2,2,"CFBBS","","","","K","T",1,0,0,0,0,"F"
0,2,1,2,"BFFX","","","","5/P5SF/FL","T",1,0,0,0,0,"F"
1,0,0,1,".CX","","","","9/F9LS","T",1,0,0,0,0,"F"
1,1,1,2,"FBFT","","","","K","T",1,0,0,0,0,"F"
1,2,0,0,"X","","","","S7/L78D+","T",0,1,0,0,0,"F"
1,2,0,0,"X","mcnej002","","","E5/G56.1-3;B-1","T",0,1,3,0,0,"F"
1,2,0,0,"X","pillk001","","mcnej002","7/F7D","T",1,0,1,0,3,"F"
0,0,1,1,"BSX","","","","9/F9D","T",1,0,0,0,0,"F"
0,1,0,0,"X","","","","53/G56","T",1,0,0,0,0,"F"
0,2,1,1,"CBX","","","","S9/L89S","T",0,1,0,0,0,"F"
0,2,1,2,"CSBS","urshg001","","","K","T",1,0,1,0,0,"F"
1,0,0,0,"X","","","","43/G34","T",1,0,0,0,0,"F"
1,1,3,2,"CBBBSX","","","","S4/G4M+","T",0,1,0,0,0,"F"
1,1,0,1,"1*S>B","villj001","","","SB2","F",0,0,2,0,0,"F"
1,1,3,2,"1*S>B.CBF*BB","","villj001","","W","T",0,1,0,2,0,"F"
1,1,2,2,"FC*BF*B+2X","lindf001","villj001","","46(1)3/GDP/G34","T",2,0,0,2,0,"F"
0,0,1,2,"CBSX","","","","43/G4D","T",1,0,0,0,0,"F"
0,1,3,2,"CBFFBB*B","","","","W","T",0,1,0,0,0,"F"
0,1,0,2,"CCX","rizza001","","","6(1)3/GDP/G4","T",2,0,0,0,0,"F"
1,0,2,2,"FBSBX","","","","53/G5","T",1,0,0,0,0,"F"
1,1,0,2,"FSX","","","","S7/G56","T",0,1,0,0,0,"F"
1,1,1,1,"BF1X","baezj001","","","D9/L9L.1-3","T",0,2,3,0,0,"F"
1,1,1,1,"BFH","","mcnej002","baezj001","HP","T",0,1,0,2,3,"F"
1,1,3,1,".BCBBX","pillk001","mcnej002","baezj001","9/SF/L9D+.3-H;2-3","T",1,0,1,3,4,"F"
1,2,2,1,".FBBX","pillk001","","mcnej002","64(1)/FO/G6.B-1","T",1,1,0,0,3,"F"
0,0,1,2,".BCSX","","","","4/L6D+","T",1,0,0,0,0,"F"
0,1,3,2,"BBCFBB","","","","W","T",0,1,0,0,0,"F"
0,1,1,0,"*BX","gallj002","","","HR/F7D.1-H","T",0,4,4,0,0,"F"
0,1,3,0,"BBBB","","","","W","T",0,1,0,0,0,"F"
0,1,2,2,".CBFFFF*BS","sancg002","","","K","T",1,0,1,0,0,"F"
0,2,0,2,".SSFS","sancg002","","","K","T",1,0,1,0,0,"F"
1,0,2,1,".BSBX","","","","53/G56","T",1,0,0,0,0,"F"
1,1,0,0,"X","","","","HR/F8XD","T",0,4,0,0,0,"F"
1,1,1,1,"BCX","","","","43/G4","T",1,0,0,0,0,"F"
1,2,3,1,"BFBBB","","","","W","T",0,1,0,0,0,"F"
1,2,2,0,"BBX","alonp001","","","7/L7D+","T",1,0,1,0,0,"F"
0,0,0,1,"CX","","","","S8/F8S","T",0,1,0,0,0,"F"
0,0,2,2,".CBFFFFBX","lemad001","","","43/G4.1-2","T",1,0,2,0,0,"F"
0,1,2,2,"CBBCFC","","lemad001","","K","T",1,0,0,2,0,"F"
0,2,1,0,"BX","","lemad001","","HR/L78XD.2-H","T",0,4,0,4,0,"F"
0,2,2,2,"CSFBBC","","","","K","T",1,0,0,0,0,"F"
1,0,0,2,"CFT","","","","K","T",1,0,0,0,0,"F"
1,1,0,1,"FX","","","","9/F9LD","T",1,0,0,0,0,"F"
1,2,3,0,"BBBB","","","","W","T",0,1,0,0,0,"F"
1,2,2,2,".T*SBBF1S","mccaj001","","","K","T",1,0,1,0,0,"F"
0,0,3,2,".BSBBFFT","","","","K","T",1,0,0,0,0,"F"
0,1,3,2,"CCBBFFBC","","","","K","T",1,0,0,0,0,"F"
0,2,1,2,"FFBX","","","","9/L9LD","T",1,0,0,0,0,"F"
1,0,1,1,".CBX","","","","6/P5D","T",1,0,0,0,0,"F"
1,1,2,0,"BBX","","","","HR/F9D","T",0,4,0,0,0,"F"
1,1,1,2,"FBCC","","","","K","T",1,0,0,0,0,"F"
1,2,1,2,"CFFBFX","","","","3/P34S-","T",1,0,0,0,0,"F"
0,0,2,2,"..CBBFFS","","","","K","T",1,0,0,0,0,"F"
0,1,0,1,"CX","","","","S8/L8S","T",0,1,0,0,0,"F"
0,1,3,0,"B.B111BB","wadet002","","","W.1-2","T",0,1,2,0,0,"F"
0,1,2,2,"BCBCFS","rizza001","wadet002","","K","T",1,0,1,2,0,"F"
0,2,1,2,"FFBB","rizza001","wadet002","","PB.2-3;1-2","F",0,0,2,3,0,"F"
0,2,2,2,"FFBB.X","","rizza001","wadet002","6/P5","T",1,0,0,2,3,"F"
0,0,1,2,"BCSC","","","","K","T",1,0,0,0,0,"T"
0,1,1,2,"FBCX","","","","3/L34","T",1,0,0,0,0,"F"
0,2,3,2,"CFFFFBFBFBB","","","","W","T",0,1,0,0,0,"F"
0,2,1,0,"BX","oneit001","","","7/F7LD","T",1,0,1,0,0,"F"
1,0,0,1,"CX","","","","S7/G56","T",0,1,0,0,0,"F"
1,0,1,1,"BC1X","villj001","","","7/F7S","T",1,0,1,0,0,"F"
1,1,1,0,"B1X","villj001","","","43/G34.1-2","T",1,0,2,0,0,"F"
1,2,3,2,"FBBSBB","","villj001","","W","T",0,1,0,2,0,"F"
1,2,3,2,"C*BBBS>B","alonp001","villj001","","W.2-3;1-2","T",0,1,2,3,0,"F"
1,2,0,2,"CTS","baezj001","alonp001","villj001","K","T",1,0,1,2,3,"F"
0,0,0,0,"X","","","","D7/L7L+","T",0,2,0,0,0,"F"
0,0,2,1,"*BCBX","","moliy001","","D7/L78.2-H","T",0,2,0,4,0,"F"
0,0,1,2,"CFFFBX","","carld002","","53/G5","T",1,0,0,2,0,"F"
0,1,2,0,"BBX","","carld002","","6/P6","T",1,0,0,2,0,"F"
0,2,2,2,"SBCBFFX","","carld002","","53/G5","T",1,0,0,2,0,"F"
1,0,1,0,"BX","","","","S6/G6M","T",0,1,0,0,0,"F"
1,0,1,0,"B1X","pillk001","","","7/F78","T",1,0,1,0,0,"F"
1,1,0,0,"X","pillk001","","","56(1)3/GDP/G56S","T",2,0,0,0,0,"F"
0,0,0,1,"CX","","","","D7/L7LD","T",0,2,0,0,0,"F"
0,0,0,0,"X","","edmat001","","S8/G6M+.2-H","T",0,1,0,4,0,"F"
0,0,1,1,"1C1BX","goldp001","","","9/F9","T",1,0,1,0,0,"F"
0,1,0,2,"CCT","goldp001","","","K","T",1,0,1,0,0,"F"
0,2,0,1,"SX","goldp001","","","S9/G4.1-3","T",0,1,3,0,0,"F"
0,2,0,1,"FX","moliy001","","goldp001","3/P3","T",1,0,1,0,3,"F"
1,0,3,2,"SBFBBC","","","","K","T",1,0,0,0,0,"F"
1,1,1,1,"BCX","","","","S9/G34","T",0,1,0,0,0,"F"
1,1,2,1,"*B1F1BX","lindf001","","","7/F78S","T",1,0,1,0,0,"F"
1,2,3,2,"*BCBF*B>X","lindf001","","","63/G6","T",1,0,1,0,0,"F"
0,0,0,2,"SFS","","","","K","T",1,0,0,0,0,"F"
0,1,3,2,"BCBBFB","","","","W","T",0,1,0,0,0,"F"
0,1,1,0,"BX","badeh001","","","34/SH/BG23.1-2","T",1,0,2,0,0,"F"
0,2,0,1,"FX","","badeh001","","6/L6D+","T",1,0,0,2,0,"F"
1,0,2,2,"CFBBX","","","","53/G56","T",1,0,0,0,0,"F"
1,1,3,2,"CBFBBFFX","","","","43/G34D","T",1,0,0,0,0,"F"
1,2,3,1,"BBBCX","","","","4/F4D","T",1,0,0,0,0,"F"
0,0,1,1,"BCX","","","","HR/F78XD","T",0,4,0,0,0,"F"
0,0,2,2,"FBBFC","","","","K","T",1,0,0,0,0,"F"
0,1,0,0,"X","","","","6/L56","T",1,0,0,0,0,"F"
0,2,3,2,"BBFBFX","","","","3/P4MS","T",1,0,0,0,0,"F"
1,0,2,2,"BFFBFX","","","","6/L78XD+","T",1,0,0,0,0,"F"
1,1,2,2,".CBBCFFX","","","","D8/L78S+","T",0,2,0,0,0,"F"
1,1,2,1,"BSBX","","smitd008","","63/G6D","T",1,0,0,2,0,"F"
1,2,0,0,"S","","smitd008","","PB.2-3","F",0,0,0,3,0,"F"
1,2,3,1,"S.BBBB","","","smitd008","W","T",0,1,0,0,3,"F"
1,2,2,0,"B*BX","lindf001","","smitd008","3/L3","T",1,0,1,0,3,"F"
0,0,0,0,".X","","","","7/F7LS","T",1,0,0,0,0,"F"
0,1,3,2,"BFBSBFX","","","","E5/TH/G56S-.BX2(36)","T",1,0,0,0,0,"F"
0,2,0,1,"CX","","","","S9/G34","T",0,1,0,0,0,"F"
0,2,1,2,"SBCX","badeh001","","","S7/L56D.1-2","T",0,1,2,0,0,"F"
0,2,1,2,"*BCSS","waina001","badeh001","","K","T",1,0,1,2,0,"F"
1,0,1,2,"SCBC","","","","K","T",1,0,0,0,0,"F"
1,1,3,2,"SSBBBS","","","","K+WP.B-1","T",0,1,0,0,0,"F"
1,1,0,0,"X","baezj001","","","43/G34.1-2","T",1,0,2,0,0,"F"
1,2,0,2,"SSX","","baezj001","","7/L7D","T",1,0,0,2,0,"F"
0,0,0,2,".CCT","","","","K","T",1,0,0,0,0,"F"
0,1,0,2,"CFX","","","","S4/G6","T",0,1,0,0,0,"F"
0,1,2,1,"1CBB1>B","oneit001","","","SB2","F",0,0,2,0,0,"F"
0,1,3,2,"1CBB1>B.SFFT","","oneit001","","K","T",1,0,0,2,0,"F"
0,2,1,0,"BX","","oneit001","","4/L4MD","T",1,0,0,2,0,"F"
1,0,2,2,".BCFBX","","","","53/G56","T",1,0,0,0,0,"F"
1,1,2,2,".SBFBFX","","","","S8/G6M","T",0,1,0,0,0,"F"
1,1,3,1,"*BC*BBX","davij006","","","4/L4M+/DP.1X1(43)","T",2,0,0,0,0,"F"
0,0,3,2,".BSBSBFX","","","","8/L8D","T",1,0,0,0,0,"F"
0,1,2,1,"FBBX","","","","53/G56","T",1,0,0,0,0,"F"
0,2,2,0,"BBX","","","","D8/F78XD","T",0,2,0,0,0,"F"
0,2,0,0,".X","","badeh001","","9/F89","T",1,0,0,2,0,"F"
1,0,3,2,".BBBCSFB","","","","W","T",0,1,0,0,0,"F"
1,0,0,1,"CX","lindf001","","","S9/G3.1-3","T",0,1,3,0,0,"F"
1,0,1,2,"FBCS","confm001","","lindf001","K","T",1,0,1,0,3,"F"
1,1,2,2,"CBF*B*S","confm001","","lindf001","K","T",1,0,1,0,3,"F"
1,2,1,2,"BSCFT","confm001","","lindf001","K","T",1,0,1,0,3,"F"
0,0,0,2,"SSS","","","","K","T",1,0,0,0,0,"F"
0,1,3,2,"BBBFFB","","","","W","T",0,1,0,0,0,"F"
0,1,0,1,"C>B","goldp001","","","SB2","F",0,0,2,0,0,"F"
0,1,1,1,"C>B.X","","goldp001","","S7/L7S+.2-3","T",0,1,0,3,0,"F"
0,1,1,0,"B>X","oneit001","","goldp001","S4/F4D.3-H;1-2","T",0,1,2,0,4,"F"
0,1,0,1,"CX","arenn001","oneit001","","S7/G56.2-H;1-3;B-2","T",0,2,3,4,0,"F"
0,1,3,0,"VVVV","","moliy001","arenn001","IW","T",0,1,0,2,3,"F"
0,1,3,2,"B*BSSBX","carld002","moliy001","arenn001","S9/L4D.3-H;2-3;1-2","T",0,1,2,3,4,"F"
0,1,1,1,".S*BX","sosae001","carld002","moliy001","S9/L89S.3-H;2-3;1-2","T",0,1,2,3,4,"F"
0,1,0,2,".CSS","badeh001","sosae001","carld002","K","T",1,0,1,2,3,"F"
0,2,0,2,"CSS","badeh001","sosae001","carld002","K","T",1,0,1,2,3,"F"
1,0,0,2,".CSS","","","","K","T",1,0,0,0,0,"F"
1,1,1,2,"CSBS","","","","K","T",1,0,0,0,0,"F"
1,2,0,2,".CFS","","","","K","T",1,0,0,0,0,"F"
0,0,2,2,"CFBBFS","","","","K","T",1,0,0,0,0,"T"
0,1,3,2,"CSBBBB","","","","W","T",0,1,0,0,0,"F"
0,1,1,2,"CBSFS","goldp001","","","K","T",1,0,1,0,0,"F"
0,2,0,2,"CSS","goldp001","","","K","T",1,0,1,0,0,"F"
1,0,2,2,"BBCCFX","","","","S4/G4S","T",0,1,0,0,0,"F"
1,0,2,2,"1BFC*BX","villj001","","","S8/G4.1-3","T",0,1,3,0,0,"F"
1,0,0,1,"F1X","lindf001","","villj001","S7/F56D.3-H;1-2","T",0,1,2,0,4,"F"
1,0,1,1,"*BCX","confm001","lindf001","","64(1)3/GDP/G6+.2-3","T",2,0,0,3,0,"F"
1,2,0,0,"X","","","lindf001","S15/BL25-.3-H","T",0,1,0,0,4,"F"
1,2,2,0,"BBX","baezj001","","","46(1)/FO/G4D.B-1","T",1,1,0,0,0,"F"
0,0,2,0,"BBX","","","","8/F89XD","T",1,0,0,0,0,"F"
0,1,0,2,"CFX","","","","43/G4D","T",1,0,0,0,0,"F"
0,2,3,2,"BBCSBC","","","","K","T",1,0,0,0,0,"F"
1,0,1,0,"BX","","","","53/G56","T",1,0,0,0,0,"F"
1,1,0,0,"X","","","","8/F89XD+","T",1,0,0,0,0,"F"
1,2,0,0,"X","","","","E1/BG1S-.B-1","T",0,1,0,0,0,"F"
1,2,0,1,"CX","strom001","","","6(1)/FO/G6M.B-1","T",1,1,0,0,0,"F"
0,0,0,2,"CCS","","","","K","T",1,0,0,0,0,"F"
0,1,2,2,"CBCBFFFFC","","","","K","T",1,0,0,0,0,"F"
0,2,0,0,"X","","","","7/F7LS","T",1,0,0,0,0,"F"
1,0,3,2,"BBSSFBX","","","","7/F7LD","T",1,0,0,0,0,"F"
1,1,3,2,"BCFBBB","","","","W","T",0,1,0,0,0,"F"
1,1,2,0,"*BBX","confm001","","","64(1)3/GDP/G6D","T",2,0,0,0,0,"F"
0,0,2,2,"BCSBX","","","","D9/G3","T",0,2,0,0,0,"F"
0,0,0,0,"X","","goldp001","","S8/G6M+.2-H","T",0,1,0,4,0,"F"
0,0,3,1,"1BB*BCX","oneit001","","","5/L56","T",1,0,1,0,0,"F"
0,1,0,2,"11FSX","oneit001","","","S8/G6M.1-3","T",0,1,3,0,0,"F"
0,1,1,0,"BX","moliy001","","oneit001","9/SF/L9D.3-H","T",1,0,1,0,4,"F"
0,2,0,0,"X","moliy001","","","E1/TH/G1S.1-3;B-2","T",0,2,3,0,0,"F"
0,2,0,1,"FX","","sosae001","moliy001","53/G56","T",1,0,0,2,3,"F"
1,0,3,1,"BBBCB","","","","W","T",0,1,0,0,0,"F"
1,0,2,2,"FTBBFFFX","baezj001","","","6/P7S","T",1,0,1,0,0,"F"
1,1,1,0,"BX","baezj001","","","9/F9LD","T",1,0,1,0,0,"F"
1,2,2,2,"CB*BCN","baezj001","","","CS2(14)","F",1,0,0,0,0,"F"
0,0,2,2,".BCFBFX","","","","5/L6M","T",1,0,0,0,0,"F"
0,1,0,2,"CTFX","","","","S5/G56","T",0,1,0,0,0,"F"
0,1,0,0,"1X","edmat001","","","53/G56S.1-2","T",1,0,2,0,0,"F"
0,2,0,2,"CSC","","edmat001","","K","T",1,0,0,2,0,"F"
1,0,3,2,".BFFBBX","","","","43/G4MD+","T",1,0,0,0,0,"F"
1,1,3,2,"BCBBFB","","","","W","T",0,1,0,0,0,"F"
1,1,3,0,"B*BBB","strom001","","","W.1-2","T",0,1,2,0,0,"F"
1,1,2,2,"CSFFB*BFFB","villj001","strom001","","WP.2-3;1-2","F",0,0,2,3,0,"F"
1,1,3,2,"CSFFB*BFFB.B","","villj001","strom001","W","T",0,1,0,2,3,"F"
1,1,3,2,".BBCFBX","lindf001","villj001","strom001","7/SF/F7D.3-H","T",1,0,1,2,4,"F"
1,2,1,2,"FBSS","lindf001","villj001","","K","T",1,0,1,2,0,"F"
0,0,1,1,"BCX","","","","8/F78D","T",1,0,0,0,0,"F"
0,1,0,0,"X","","","","63/G56","T",1,0,0,0,0,"F"
0,2,3,2,"CSBBFBS","","","","K","T",1,0,0,0,0,"F"
1,0,3,2,"BBBSFFB","","","","W","T",0,1,0,0,0,"F"
1,0,1,0,"1BX","baezj001","","","3(B)3(1)/GDP/G34","T",2,0,0,0,0,"F"
1,2,1,1,"SBX","","","","3/P3F/FL","T",1,0,0,0,0,"F"
0,0,0,0,".X","","","","7/F78D","T",1,0,0,0,0,"F"
0,1,1,0,"BX","","","","7/L78D","T",1,0,0,0,0,"F"
0,2,1,2,".BSFS","","","","K","T",1,0,0,0,0,"F"
1,0,0,0,".X","","","","63/G56","T",1,0,0,0,0,"F"
1,1,0,0,".X","","","","8/F78XD","T",1,0,0,0,0,"F"
1,2,2,2,"CBBSS","","","","K","T",1,0,0,0,0,"F"
0,0,3,2,".CBFBBS","","","","K","T",1,0,0,0,0,"F"
0,1,3,2,"BBSBFB","","","","W","T",0,1,0,0,0,"F"
0,1,0,0,"X","goldp001","","","HR/F8XD.1-H","T",0,4,4,0,0,"F"
0,1,1,2,"SBSFX","","","","S9/L89S","T",0,1,0,0,0,"F"
0,1,0,2,"FFX","arenn001","","","C/E2.1-2;B-1","T",0,1,2,0,0,"F"
0,1,3,2,".FBBBSC","moliy001","arenn001","","K","T",1,0,1,2,0,"F"
0,2,3,2,"BSFBB>F>X","moliy001","arenn001","","53/G5","T",1,0,1,2,0,"F"
1,0,1,2,"CSFBT","","","","K","T",1,0,0,0,0,"F"
1,1,2,2,"FBFFBFX","","","","63/G6D","T",1,0,0,0,0,"F"
1,2,0,1,".CX","","","","53/G5","T",1,0,0,0,0,"F"
0,0,1,2,".BCFX","","","","E6/G6.B-1","T",0,1,0,0,0,"F"
0,0,1,1,".B1111LX","badeh001","","","14/SH/BG1S.1-2","T",1,0,2,0,0,"F"
0,1,0,1,"CX","","badeh001","","43/G4D.2-3","T",1,0,0,3,0,"F"
0,2,1,2,"BCCX","","","badeh001","3/P3F/FL","T",1,0,0,0,3,"F"
1,0,0,0,".X","","","","HR/F7LD","T",0,4,0,0,0,"F"
1,0,0,1,"FX","","","","5/P5F/FL","T",1,0,0,0,0,"F"
1,1,1,2,"CSFBFFX","","","","9/F89S","T",1,0,0,0,0,"F"
1,2,1,2,".CSBFS","","","","K","T",1,0,0,0,0,"F"
0,0,1,2,"...CFBFS","","goldp001","","K","T",1,0,0,2,0,"F"
0,1,3,0,"VVVV","","goldp001","","IW","T",0,1,0,2,0,"F"
0,1,0,1,"FX","arenn001","goldp001","","14(1)3/GDP/G1","T",2,0,0,2,0,"F"
1,0,1,2,"..FBCX","","pillk001","","23/G2.2-3","T",1,0,0,3,0,"F"
1,1,3,2,"B.BBFSFB","","","pillk001","W","T",0,1,0,0,3,"F"
1,1,1,0,"BX","villj001","","pillk001","FC/G3/DP.3XH(325);1-2;BX1(3)","T",2,0,2,0,0,"F"
0,0,1,1,"..BCX","","moliy001","","S9/L9S.2-3","T",0,1,0,3,0,"F"
0,0,2,0,"BBX","rondj002","","moliy001","S7/G56.3-H(UR);1-2","T",0,1,2,0,5,"F"
0,0,3,2,"BBBCFX","sosae001","rondj002","","63/G6.2-3;1-2","T",1,0,2,3,0,"F"
0,1,1,0,".BX","","sosae001","rondj002","S8/G6M+.3-H;2-H","T",0,1,0,4,4,"F"
0,1,1,1,".BCX","kniza001","","","S8/G4M.1-2","T",0,1,2,0,0,"F"
0,1,2,2,"SBBSF2X","edmat001","kniza001","","64(1)3/GDP/G6","T",2,0,0,2,0,"F"
1,0,2,2,"..BBSFFFX","","lindf001","","7/F78XD.2-3","T",1,0,0,3,0,"F"
1,1,1,0,"BX","","","lindf001","D9/F9LD.3-H(UR)","T",0,2,0,0,5,"F"
1,1,3,0,"B*BBV","","alonp001","","IW","T",0,1,0,2,0,"F"
1,1,1,2,"BFFX","baezj001","alonp001","","64(1)/FO/G6M.2-3;B-1","T",1,1,0,3,0,"F"
1,2,1,2,"BCFX","mcnej002","","alonp001","E1/TH/G56S.3-H(NR)(UR);1-2;B-1","T",0,1,2,0,5,"F"
1,2,3,2,".CFB*BB>X","pillk001","mcnej002","","43/G4M","T",1,0,1,2,0,"F"
0,0,3,0,"BBBB","","","","W","T",0,1,0,0,0,"T"
0,0,1,1,"111CBX","edmat001","","","D7/L7L.1-3","T",0,2,3,0,0,"F"
0,0,3,0,"BBBX","","goldp001","edmat001","D8/L78+.3-H;2-H","T",0,2,0,4,4,"F"
0,0,3,1,"BCBB*B","","oneit001","","W","T",0,1,0,2,0,"F"
0,0,1,2,"BSFX","arenn001","oneit001","","64(1)3/GDP/G6.2-3","T",2,0,0,3,0,"F"
0,2,0,2,"FFX","","","oneit001","S7/L56D.3-H","T",0,1,0,0,4,"F"
0,2,1,2,"CFF1FBX","carld002","","","S9/L89S.1-3","T",0,1,3,0,0,"F"
0,2,0,2,"CC>X","sosae001","","carld002","S8/F8S.3-H;1-H;B-2","T",0,2,4,0,4,"F"
0,2,2,2,"FBCBS","","badeh001","","K","T",1,0,0,2,0,"F"
1,0,0,1,"CX","","","","53/G56","T",1,0,0,0,0,"F"
1,1,1,2,"BCSS","","","","K","T",1,0,0,0,0,"F"
1,2,1,1,"BCX","","","","3/P34","T",1,0,0,0,0,"F"
0,0,2,2,"CBCBS","","","","K","T",1,0,0,0,0,"F"
0,1,1,2,"CBSFX","","","","53/G56","T",1,0,0,0,0,"F"
0,2,1,2,"BFFC","","","","K","T",1,0,0,0,0,"F"
1,0,2,1,"BCBX","","","","HR/F7D","T",0,4,0,0,0,"F"
1,0,0,2,"FFC","","","","K","T",1,0,0,0,0,"F"
1,1,2,2,"FBFBX","","","","53/G56","T",1,0,0,0,0,"F"
1,2,0,0,"X","","","","6/F7S","T",1,0,0,0,0,"F"
0,0,2,0,"BBX","","","","8/F78D","T",1,0,0,0,0,"F"
0,1,1,2,"SFBX","","","","S5/G5","T",0,1,0,0,0,"F"
0,1,0,0,"X","moliy001","","","8/F8XD","T",1,0,1,0,0,"F"
0,2,0,0,"X","moliy001","","","64(1)/FO/G6D+.B-1","T",1,1,0,0,0,"F"
1,0,1,0,"BX","","","","D5/P5D","T",0,2,0,0,0,"F"
1,0,1,2,"LL*BC","","mcnej002","","K","T",1,0,0,2,0,"F"
1,1,3,2,"CBFBFBX","","mcnej002","","4/F34D","T",1,0,0,2,0,"F"
1,2,0,1,"SX","","mcnej002","","E6/G6D.2-H(NR)(UR);B-1","T",0,1,0,5,0,"F"
1,2,2,0,"BBX","lindf001","","","9/F89S","T",1,0,1,0,0,"F"
0,0,2,2,"CFBFBX","","","","HR/F7D","T",0,4,0,0,0,"F"
0,0,2,2,"BFCBFX","","","","D9/G3","T",0,2,0,0,0,"F"
0,0,0,1,"FX","","lestj001","","S4/G4.2-3(E4/TH)","T",0,1,0,3,0,"F"
0,0,0,0,".B","edmat001","","lestj001","WP.1-2","F",0,0,2,0,3,"F"
0,0,1,0,".B.X","","edmat001","lestj001","63/G6D","T",1,0,0,2,3,"F"
0,1,1,1,"S*BX","","edmat001","lestj001","3/P4MS","T",1,0,0,2,3,"F"
0,2,2,1,"BBSX","","edmat001","lestj001","9/L89D","T",1,0,0,2,3,"F"
1,0,3,2,"CFBBFBS","","","","K","T",1,0,0,0,0,"F"
1,1,0,0,"X","","","","S7/L6D","T",0,1,0,0,0,"F"
1,1,1,2,"CFBX","confm001","","","4/P34","T",1,0,1,0,0,"F"
1,2,2,2,"BBFFFC","confm001","","","K","T",1,0,1,0,0,"F"
0,0,2,1,"BSBX","","","","7/F7D","T",1,0,0,0,0,"F"
0,1,2,1,"SBBX","","","","7/F7LS","T",1,0,0,0,0,"F"
0,2,0,2,"CTX","","","","63/G6","T",1,0,0,0,0,"F"
1,0,2,2,"BBSFX","","","","S9/G34+","T",0,1,0,0,0,"F"
1,0,3,2,".S*BFBBX","mcnej002","","","S8/L8.1-2","T",0,1,2,0,0,"F"
1,0,0,0,"X","davij006","mcnej002","","23/BG2.2-3;1-2","T",1,0,2,3,0,"F"
1,1,2,2,"FBBFF*S","","davij006","mcnej002","K23","T",1,0,0,2,3,"F"
1,2,3,1,"CBBBX","","davij006","mcnej002","8/F8XD+","T",1,0,0,2,3,"F"
0,0,0,1,".CX","","","","43/G6MD","T",1,0,0,0,0,"F"
0,1,3,2,"BBCCBC","","","","K","T",1,0,0,0,0,"F"
0,2,0,1,"CX","","","","53/G5S","T",1,0,0,0,0,"F"
1,0,1,2,"CFBS","","","","K","T",1,0,0,0,0,"F"
1,1,0,0,"X","","","","8/F78D","T",1,0,0,0,0,"F"
1,2,1,0,"BX","","","","HR/F7D","T",0,4,0,0,0,"F"
1,2,3,2,"FBBBFX","","","","63/G6","T",1,0,0,0,0,"F"
0,0,0,1,".CX","","","","HR/F78XD","T",0,4,0,0,0,"F"
0,0,2,2,"CSBBC","","","","K","T",1,0,0,0,0,"F"
0,1,0,0,"X","","","","HR/F7LD","T",0,4,0,0,0,"F"
0,1,0,0,"X","","","","9/F9LF/FL","T",1,0,0,0,0,"F"
0,2,0,2,"CSC","","","","K","T",1,0,0,0,0,"F"
1,0,1,0,".BX","","","","T8/F89XD+","T",0,3,0,0,0,"F"
1,0,0,1,".FX","","","mcnej002","S8/L89.3-H","T",0,1,0,0,4,"F"
1,0,1,0,"BX","peraj003","","","S1/G56S.1-2","T",0,1,2,0,0,"F"
1,0,2,1,"..BCBX","villj001","peraj003","","6/L6M","T",1,0,1,2,0,"F"
1,1,2,2,"BFFBX","villj001","peraj003","","9/F89XD.2-3","T",1,0,1,3,0,"F"
1,2,1,0,"BX","villj001","","peraj003","9/F9D+","T",1,0,1,0,3,"F"
0,0,3,2,".BBCSBFFX","","","","HR/F89XD","T",0,4,0,0,0,"F"
0,0,0,0,"X","","","","43/G6M","T",1,0,0,0,0,"F"
0,1,2,2,"BSBFFFS","","","","K","T",1,0,0,0,0,"F"
0,2,0,0,"X","","","","D9/F9D","T",0,2,0,0,0,"F"
0,2,1,0,"BX","","edmat001","","S9/G4.2-H","T",0,1,0,4,0,"F"
0,2,0,0,"X","goldp001","","","S9/G4.1-2","T",0,1,2,0,0,"F"
0,2,1,2,"CFBX","oneit001","goldp001","","S9/G4+.2-H;1-2","T",0,1,2,4,0,"F"
0,2,1,2,".CFFBX","arenn001","oneit001","","53/G5D","T",1,0,1,2,0,"F"
1,0,3,2,"FBFBBX","","","","63/G4","T",1,0,0,0,0,"F"
1,1,2,1,"BCBX","","","","S7/G56","T",0,1,0,0,0,"F"
1,1,2,1,"CBBX","pillk001","","","S7/G56.1-2","T",0,1,2,0,0,"F"
1,1,0,1,"FX","mccaj001","pillk001","","46(1)/FO/G4.2-3;B-1","T",1,1,0,3,0,"F"
1,2,1,1,".BFX","mcnej002","","pillk001","7/F7","T",1,0,1,0,3,"F"
0,0,3,2,"..SFBBBX","","","","63/G4MD","T",1,0,0,0,0,"F"
0,1,3,2,"CFBBBFB","","","","W","T",0,1,0,0,0,"F"
0,1,1,2,"CSBS","sosae001","","","K","T",1,0,1,0,0,"F"
0,2,3,2,"BCBBS>C","sosae001","","","K","T",1,0,1,0,0,"F"
1,0,2,2,".FBBCS","","","","K","T",1,0,0,0,0,"F"
1,1,1,1,"FBX","","","","S9/L34D+","T",0,1,0,0,0,"F"
1,1,2,0,"BBX","lindf001","","","S7/L7+.1-2","T",0,1,2,0,0,"F"
1,1,0,1,"SX","baezj001","lindf001","","8/F8","T",1,0,1,2,0,"F"
1,2,0,2,"CFX","baezj001","lindf001","","63/G6D","T",1,0,1,2,0,"F"
0,0,3,2,"SBBSBX","","","","7/F7","T",1,0,0,0,0,"T"
0,1,1,2,"BSCX","","","","53/G5","T",1,0,0,0,0,"F"
0,2,2,2,"SCBBFFFX","","","","7/F7D","T",1,0,0,0,0,"F"
1,0,0,2,"FSFFS","","","","K","T",1,0,0,0,0,"F"
1,1,2,2,"FBBCS","","","","K","T",1,0,0,0,0,"F"
1,2,2,0,"BBX","","","","3/G3","T",1,0,0,0,0,"F"
0,0,1,2,"BCFFFX","","","","S9/F34D","T",0,1,0,0,0,"F"
0,0,1,2,"1FSB1>B","realj001","","","SB2","F",0,0,2,0,0,"F"
0,0,2,2,"1FSB1>B.X","","realj001","","7/F78.2-3","T",1,0,0,3,0,"F"
0,1,3,2,"BBFCBX","","","realj001","8/SF/F8XD.3-H","T",1,0,0,0,4,"F"
0,2,2,2,"FSFBBS","","","","K","T",1,0,0,0,0,"F"
1,0,0,0,"X","","","","53/G5","T",1,0,0,0,0,"F"
1,1,3,2,"CBFBBC","","","","K","T",1,0,0,0,0,"F"
1,2,3,1,"BBBFX","","","","3/P3DF/FL","T",1,0,0,0,0,"F"
0,0,2,1,"CBBX","","","","9/L9D+","T",1,0,0,0,0,"F"
0,1,1,1,"BFX","","","","63/G15","T",1,0,0,0,0,"F"
0,2,1,2,"CFBX","","","","8/L8D","T",1,0,0,0,0,"F"
1,0,2,2,"BBSFX","","","","63/G6","T",1,0,0,0,0,"F"
1,1,1,2,"BCFFFC","","","","K","T",1,0,0,0,0,"F"
1,2,1,2,"CBFH","","","","HP","T",0,1,0,0,0,"F"
1,2,1,2,"SFFBS","walkt004","","","K","T",1,0,1,0,0,"F"
0,0,0,2,"CFX","","","","163/G6D","T",1,0,0,0,0,"F"
0,1,2,2,"BBFFX","","","","D8/F8XD","T",0,2,0,0,0,"F"
0,1,3,2,"*BBCBFS","","harpb003","","K","T",1,0,0,2,0,"F"
0,2,0,2,"CSFX","","harpb003","","53/G56S","T",1,0,0,2,0,"F"
1,0,2,1,"CBBX","","","","S7/G56","T",0,1,0,0,0,"F"
1,0,2,2,"1BSFBS","nimmb001","","","K","T",1,0,1,0,0,"F"
1,1,0,1,"F1H","nimmb001","","","HP.1-2","T",0,1,2,0,0,"F"
1,1,3,1,"BCBBB","alonp001","nimmb001","","W.2-3;1-2","T",0,1,2,3,0,"F"
1,1,0,1,"TX","confm001","alonp001","nimmb001","S9/L34D.3-H;2-3;1-2","T",0,1,2,3,4,"F"
1,1,3,2,"BCS*BFFBFX","baezj001","confm001","alonp001","8/L78","T",1,0,1,2,3,"F"
1,2,1,0,"BX","baezj001","confm001","alonp001","6/L6D","T",1,0,1,2,3,"F"
0,0,1,2,"CFBFFX","","","","13/G2","T",1,0,0,0,0,"F"
0,1,0,1,"FX","","","","HR/F89XD","T",0,4,0,0,0,"F"
0,1,2,2,"CBBCX","","","","63/G6D+","T",1,0,0,0,0,"F"
0,2,2,2,"SBBCC","","","","K","T",1,0,0,0,0,"F"
1,0,1,2,".FBCX","","","","53/G5S","T",1,0,0,0,0,"F"
1,1,2,2,"BCFBFFX","","","","13/G6MS","T",1,0,0,0,0,"F"
1,2,0,0,"X","","","","31/G3+","T",1,0,0,0,0,"F"
0,0,1,1,".BCX","","","","4/L4D+","T",1,0,0,0,0,"F"
0,1,0,2,"CFX","","","","7/F7","T",1,0,0,0,0,"F"
0,2,2,2,"BBCFS","","","","K","T",1,0,0,0,0,"F"
1,0,1,1,"BSX","","","","S9/L89","T",0,1,0,0,0,"F"
1,0,2,1,"BFBX","lindf001","","","S7/L56D.1-2","T",0,1,2,0,0,"F"
1,0,0,0,".X","alonp001","lindf001","","6(1)3/GDP/G6M.2-3","T",2,0,0,3,0,"F"
1,2,3,2,"BBSBSB","","","lindf001","W","T",0,1,0,0,3,"F"
1,2,2,2,".SC*BBFS","baezj001","","lindf001","K","T",1,0,1,0,3,"F"
0,0,1,1,"..CBX","","","","8/F8D","T",1,0,0,0,0,"F"
0,1,3,2,"SBFFBBB","","","","W","T",0,1,0,0,0,"F"
0,1,3,2,"B11B>FFB1B","gregd001","","","W.1-2","T",0,1,2,0,0,"F"
0,1,1,2,"CC*BX","galvf001","gregd001","","S7/G56.2-3;1-2","T",0,1,2,3,0,"F"
0,1,0,1,"CX","millb002","galvf001","gregd001","9/SF/F9.3-H","T",1,0,1,2,4,"F"
0,2,1,2,".F*BS.S","millb002","galvf001","","K","T",1,0,1,2,0,"F"
1,0,3,2,".CFBFFFBBX","","","","S46/G6M","T",0,1,0,0,0,"F"
1,0,3,2,".BSBBFS","mccaj001","","","K","T",1,0,1,0,0,"F"
1,1,0,0,"X","mccaj001","","","64(1)/FO/G6.B-1","T",1,1,0,0,0,"F"
1,2,0,1,"FX","villj001","","","8/L8XD","T",1,0,1,0,0,"F"
0,0,3,1,".CBBBX","","","","D9/L9LS+","T",0,2,0,0,0,"F"
0,0,2,2,"CBBTFX","","herro001","","S7/G56.2-3","T",0,1,0,3,0,"F"
0,0,1,2,"CFBX","seguj002","","herro001","8/F8","T",1,0,1,0,3,"F"
0,1,0,2,".CFS","seguj002","","herro001","K","T",1,0,1,0,3,"F"
0,2,0,0,"X","seguj002","","herro001","D8/L8.3-H;1-3","T",0,2,3,0,4,"F"
0,2,0,2,"FFFX","","gregd001","seguj002","8/F8D","T",1,0,0,2,3,"F"
1,0,2,2,".CFBBFX","","","","D8/F89XD","T",0,2,0,0,0,"F"
1,0,2,0,"*BBX","","lindf001","","63/G6D+","T",1,0,0,2,0,"F"
1,1,1,2,"BCFFFX","","lindf001","","D7/L7L.2-H","T",0,2,0,4,0,"F"
1,1,0,2,"CFC","","confm001","","K","T",1,0,0,2,0,"F"
1,2,3,2,"BSFFBFBFFX","","confm001","","D89/L89D.2-H","T",0,2,0,4,0,"F"
1,2,2,2,"..BCBFS","","pillk001","","K","T",1,0,0,2,0,"F"
0,0,0,1,"..SX","","","","9/F89D","T",1,0,0,0,0,"F"
0,1,3,0,"BBBH","","","","HP","T",0,1,0,0,0,"F"
0,1,1,0,"11B>C","vierm001","","","SB2","F",0,0,2,0,0,"F"
0,1,2,1,"11B>C.BX","","vierm001","","8/F8","T",1,0,0,2,0,"F"
0,2,1,1,"BCX","","vierm001","","63/G6MD","T",1,0,0,2,0,"F"
1,0,2,0,"BBX","","","","9/F9L","T",1,0,0,0,0,"F"
1,1,3,2,"BSBBCX","","","","9/L89D+","T",1,0,0,0,0,"F"
1,2,0,0,"X","","","","8/F78XD","T",1,0,0,0,0,"F"
0,0,1,2,"BFCX","","","","31/G34","T",1,0,0,0,0,"T"
0,1,0,0,"X","","","","HR/L7D","T",0,4,0,0,0,"F"
0,1,1,1,"SBX","","","","S8/G6M","T",0,1,0,0,0,"F"
0,1,0,0,"1X","harpb003","","","14(1)3/GDP/G1","T",2,0,0,0,0,"F"
1,0,3,2,"CFBBBX","","","","7/L7D","T",1,0,0,0,0,"F"
1,1,2,2,"BFCBS","","","","K","T",1,0,0,0,0,"F"
1,2,2,2,"SFBBS","","","","K","T",1,0,0,0,0,"F"
0,0,2,2,"BCTBX","","","","43/G34","T",1,0,0,0,0,"F"
0,1,2,2,"CBCBFX","","","","D9/L89D","T",0,2,0,0,0,"F"
0,1,1,2,"BCCS","","mccua001","","K","T",1,0,0,2,0,"F"
0,2,2,2,"BSBCX","","mccua001","","8/L8","T",1,0,0,2,0,"F"
1,0,1,0,"BX","","","","S8/G15+","T",0,1,0,0,0,"F"
1,0,0,2,"CCS","alonp001","","","K","T",1,0,1,0,0,"F"
1,1,1,2,"CSBS","alonp001","","","K","T",1,0,1,0,0,"F"
1,2,3,2,"CCBF*BB>X","alonp001","","","S8/L8S.1-3","T",0,1,3,0,0,"F"
1,2,1,2,"BCC>F1F1FS","mcnej002","","alonp001","K","T",1,0,1,0,3,"F"
0,0,0,2,"CFS","","","","K","T",1,0,0,0,0,"F"
0,1,2,1,"BBFX","","","","43/G4","T",1,0,0,0,0,"F"
0,2,0,2,"FFX","","","","HR/L7D","T",0,4,0,0,0,"F"
0,2,0,1,"SX","","","","63/G4M","T",1,0,0,0,0,"F"
1,0,0,2,"CCX","","","","63/G6D","T",1,0,0,0,0,"F"
1,1,3,2,"FCBBBT","","","","K","T",1,0,0,0,0,"F"
1,2,0,2,"FCC","","","","K","T",1,0,0,0,0,"F"
0,0,0,1,"CX","","","","63/G6","T",1,0,0,0,0,"F"
0,1,2,2,"CSFBBFFS","","","","K","T",1,0,0,0,0,"F"
0,2,0,0,"X","","","","7/F7","T",1,0,0,0,0,"F"
1,0,2,0,"BBX","","","","8/F8S","T",1,0,0,0,0,"F"
1,1,0,1,"FX","","","","S9/L9+","T",0,1,0,0,0,"F"
1,1,2,2,"BBFFC","alonp001","","","K","T",1,0,1,0,0,"F"
1,2,0,0,"X","alonp001","","","54(1)/FO/G5.B-1","T",1,1,0,0,0,"F"
0,0,1,2,"BCFX","","","","8/L8","T",1,0,0,0,0,"F"
0,1,3,1,"SBBBB","","","","W","T",0,1,0,0,0,"F"
0,1,3,2,"LBBBLL","galvf001","","","K","T",1,0,1,0,0,"F"
0,2,1,0,"B1X","galvf001","","","S8/L6MD.1-2","T",0,1,2,0,0,"F"
0,2,0,1,"CX","herro001","galvf001","","7/L7L","T",1,0,1,2,0,"F"
1,0,0,0,"X","","","","43/G4","T",1,0,0,0,0,"F"
1,1,2,2,"CBBCX","","","","53/G5","T",1,0,0,0,0,"F"
1,2,2,2,"BCFBFC","","","","K","T",1,0,0,0,0,"F"
0,0,3,0,"BBBB","","","","W","T",0,1,0,0,0,"F"
0,0,0,2,"11TCC","harpb003","","","K","T",1,0,1,0,0,"F"
0,1,0,0,"1X","harpb003","","","8/F8S","T",1,0,1,0,0,"F"
0,2,0,2,"CF1X","harpb003","","","3/G3S","T",1,0,1,0,0,"F"
1,0,3,2,"FCBBBX","","","","43/G34","T",1,0,0,0,0,"F"
1,1,3,2,"BBCCBX","","","","T8/L89XD","T",0,3,0,0,0,"F"
1,1,2,2,"FBBFX","","","nimmb001","43/G34D.3-H","T",1,0,0,0,4,"F"
1,2,3,1,"SBBBB","","","","W","T",0,1,0,0,0,"F"
1,2,0,2,".CSS","alonp001","","","K","T",1,0,1,0,0,"F"
0,0,1,1,".BFX","","","","D9/G3","T",0,2,0,0,0,"F"
0,0,0,2,"LLB","","millb002","","WP.2-3","F",0,0,0,3,0,"F"
0,0,3,2,"LLB.BFFFBX","","","millb002","D7/L7LS.3-H","T",0,2,0,0,4,"F"
0,0,0,2,".FCX","","galvf001","","7/F78","T",1,0,0,2,0,"F"
0,1,0,0,"H","","galvf001","","HP","T",0,1,0,2,0,"F"
0,1,1,1,".CB+1","herro001","galvf001","","PO1(2E3)","F",0,0,1,2,0,"F"
0,1,3,2,".CB+1.*BFBFFX","herro001","galvf001","","9/F9L","T",1,0,1,2,0,"F"
0,2,3,2,"BBSCB>F>F>X","herro001","galvf001","","D9/L9L+.2-H(UR);1-H(UR)","T",0,2,5,5,0,"F"
0,2,1,1,"CBX","","harpb003","","8/L89D","T",1,0,0,2,0,"F"
1,0,1,2,".BFFX","","","","S7/L56D","T",0,1,0,0,0,"F"
1,0,0,0,"X","baezj001","","","7/L78","T",1,0,1,0,0,"F"
1,1,1,1,"BFX","baezj001","","","43/G4.1-2","T",1,0,2,0,0,"F"
1,2,0,0,".X","","baezj001","","S8/G4.2-H","T",0,1,0,4,0,"F"
1,2,1,0,"BX","smitd008","","","13/G1S-","T",1,0,1,0,0,"F"
0,0,1,1,".BSX","","","","43/G34D","T",1,0,0,0,0,"F"
0,1,3,2,"CBBBCB","","","","W","T",0,1,0,0,0,"F"
0,1,1,2,".1B11CS1X","monim001","","","5/F56S","T",1,0,1,0,0,"F"
0,2,2,0,"BBX","monim001","","","S8/L4MD.1-3","T",0,1,3,0,0,"F"
0,2,3,2,".BBBCF>B","galvf001","","monim001","W.1-2","T",0,1,2,0,3,"F"
0,2,2,2,"BBCFFX","joycm001","galvf001","monim001","31/G34","T",1,0,1,2,3,"F"
1,0,1,1,"..SBX","","","","HR/F9D","T",0,4,0,0,0,"F"
1,0,2,2,"SBFFFBX","","","","8/L8","T",1,0,0,0,0,"F"
1,1,1,0,"BX","","","","4/L6D","T",1,0,0,0,0,"F"
1,2,2,1,"SBBX","","","","43/G34D+","T",1,0,0,0,0,"F"
0,0,0,0,".X","","","","4/P3D","T",1,0,0,0,0,"F"
0,1,2,1,"BCBX","","","","63/G4MD","T",1,0,0,0,0,"F"
0,2,0,0,"X","","","","9/F9","T",1,0,0,0,0,"F"
1,0,2,2,".SFBBX","","","","9/F9L","T",1,0,0,0,0,"F"
1,1,1,0,"BX","","","","3/G3","T",1,0,0,0,0,"F"
1,2,1,1,".CBX","","","","9/F9S","T",1,0,0,0,0,"F"
0,0,0,1,"CX","","","","6/P78S","T",1,0,0,0,0,"T"
0,1,2,2,"BCBCFS","","","","K","T",1,0,0,0,0,"F"
0,2,3,1,"BBBCB","","","","W","T",0,1,0,0,0,"F"
0,2,3,2,"1BFCBFB>F>X","harpb003","","","D8/L8.1-H","T",0,2,4,0,0,"F"
0,2,0,2,"CFFFFS","","realj001","","K","T",1,0,0,2,0,"F"
1,0,1,1,"BSX","","","","3/G3","T",1,0,0,0,0,"F"
1,1,0,1,"CX","","","","S8/G4M","T",0,1,0,0,0,"F"
1,1,2,2,"C1SBF1*B1S","lindf001","","","K","T",1,0,1,0,0,"F"
1,2,3,1,"B1FBBB","lindf001","","","W.1-2","T",0,1,2,0,0,"F"
1,2,2,2,"*BBFSS","confm001","lindf001","","K","T",1,0,1,2,0,"F"
0,0,1,1,"BCX","","","","S8/G6M+","T",0,1,0,0,0,"F"
0,0,0,1,"CX","vierm001","","","9/L9D","T",1,0,1,0,0,"F"
0,1,0,2,"CSFS","vierm001","","","K","T",1,0,1,0,0,"F"
0,2,1,1,"CBX","vierm001","","","3/P34","T",1,0,1,0,0,"F"
1,0,1,2,"CBFX","","","","53/G56S","T",1,0,0,0,0,"F"
1,1,2,1,"BBCX","","","","13/G4MS","T",1,0,0,0,0,"F"
1,2,0,2,"CSS","","","","K","T",1,0,0,0,0,"F"
0,0,0,2,"CFX","","","","8/F78D","T",1,0,0,0,0,"F"
0,1,0,1,"CX","","","","S9/L34D","T",0,1,0,0,0,"F"
0,1,3,2,"FBSBFBC","seguj002","","","K","T",1,0,1,0,0,"F"
0,2,1,2,"1S1F>FBS","seguj002","","","K","T",1,0,1,0,0,"F"
1,0,0,2,"CSX","","","","S13/G13","T",0,1,0,0,0,"F"
1,0,3,2,"BBCTBX","hillr001","","","8/F8XD","T",1,0,1,0,0,"F"
1,1,2,2,"CF*BBS","hillr001","","","K+PB.1-2","T",1,0,2,0,0,"F"
1,2,2,0,"*BBX","","hillr001","","53/G56","T",1,0,0,2,0,"F"
0,0,2,2,"BBFFX","","","","7/F7L","T",1,0,0,0,0,"F"
0,1,1,2,"CCFBX","","","","S7/L7S","T",0,1,0,0,0,"F"
0,1,2,2,"1BFF1BX","vierm001","","","7/F78","T",1,0,1,0,0,"F"
0,2,0,2,"C1CS","vierm001","","","K","T",1,0,1,0,0,"F"
1,0,1,2,"BFFX","","","","6/L4D","T",1,0,0,0,0,"F"
1,1,0,0,"X","","","","S9/L4D","T",0,1,0,0,0,"F"
1,1,0,0,"X","baezj001","","","14(1)3/GDP/G1+","T",2,0,0,0,0,"F"
0,0,0,2,"CFFS","","","","K","T",1,0,0,0,0,"F"
0,1,0,2,"CCX","","","","S5/G56S","T",0,1,0,0,0,"F"
0,1,0,1,"FX","galvf001","","","DGR/F9LD.1-3","T",0,2,3,0,0,"F"
0,1,1,1,"S*BX","","seguj002","galvf001","8/SF/F8XD+.3-H;2-3","T",1,0,0,3,4,"F"
0,2,0,2,".CSS","","","seguj002","K","T",1,0,0,0,3,"F"
1,0,2,1,"BBFX","","","","S8/G4","T",0,1,0,0,0,"F"
1,0,0,1,"FX","mcnej002","","","D7/L7L.1-3","T",0,2,3,0,0,"F"
1,0,1,2,".BSFX","","nidot001","mcnej002","D9/L9L.3-H;2-H","T",0,2,0,4,4,"F"
1,0,1,0,"BX","","smitd008","","31/G4.2-3","T",1,0,0,3,0,"F"
1,1,1,2,"*SF*BF*S","","","smitd008","K.BX1(23)","T",1,0,0,0,3,"F"
1,2,0,0,"X","","","smitd008","53/G5","T",1,0,0,0,3,"F"
0,0,2,2,".BCSBS","","","","K","T",1,0,0,0,0,"F"
0,1,3,2,"BBSBFFS","","","","K","T",1,0,0,0,0,"F"
0,2,1,2,"CFBS","","","","K","T",1,0,0,0,0,"F"
1,0,2,1,"SBBX","","","","43/G34D","T",1,0,0,0,0,"F"
1,1,2,2,"BBSFFS","","","","K","T",1,0,0,0,0,"F"
1,2,2,2,"SBBS*S","","","","K.BX1(23)","T",1,0,0,0,0,"F"
0,0,1,2,"..BSSF*S","","","","K","T",1,0,0,0,0,"F"
0,1,0,2,"LCS","","","","K","T",1,0,0,0,0,"F"
0,2,0,2,"CSX","","","","S4/G4S","T",0,1,0,0,0,"F"
0,2,3,0,"BB+1BB","galvf001","","","W.1-2","T",0,1,2,0,0,"F"
0,2,3,2,"..BBCBC>B","seguj002","galvf001","","W.2-3;1-2","T",0,1,2,3,0,"F"
0,2,1,0,"BX","harpb003","seguj002","galvf001","64(1)/FO/G6.B-1","T",1,1,0,2,3,"F"
1,0,2,1,"..FBBX","","","","HR/F9D","T",0,4,0,0,0,"F"
1,0,1,2,"BSSS","","","","K","T",1,0,0,0,0,"F"
1,1,1,2,"CBFS","","","","K","T",1,0,0,0,0,"F"
1,2,0,2,".CFFFX","","","","7/F7LF/FL","T",1,0,0,0,0,"F"
0,0,0,2,"CCX","","","","31/G34","T",1,0,0,0,0,"F"
0,1,1,2,"BCCS","","","","K","T",1,0,0,0,0,"F"
0,2,0,1,"CX","","","","S9/F9S","T",0,1,0,0,0,"F"
0,2,1,0,"BX","torrr001","","","7/F7LD","T",1,0,1,0,0,"F"
1,0,2,2,"BSBCFX","","","","5/P5F/FL","T",1,0,0,0,0,"F"
1,1,3,2,"FBBFB*B","","","","W","T",0,1,0,0,0,"F"
1,1,1,0,"BX","alonp001","","","36(1)/FO/G3S.B-1","T",1,1,0,0,0,"F"
1,2,3,2,"BS*BF1B>B","confm001","","","W.1-2","T",0,1,2,0,0,"F"
1,2,3,2,".FCBFB*B>X","baezj001","confm001","","9/F3D","T",1,0,1,2,0,"F"
0,0,1,0,"..BF","","","","FLE2","F",0,0,0,0,0,"F"
0,0,1,2,"..BF.FX","","","","7/F7S","T",1,0,0,0,0,"F"
0,1,3,2,"BFBSBH","","","","HP","T",0,1,0,0,0,"F"
0,1,3,2,"C1FB1BBS","galvf001","","","K","T",1,0,1,0,0,"F"
0,2,1,1,"BSX","galvf001","","","7/F7D+","T",1,0,1,0,0,"F"
0,0,3,2,"BCFBBF*S","","","","K","T",1,0,0,0,0,"T"
0,1,0,1,"CX","","","","63/G6D","T",1,0,0,0,0,"F"
0,2,0,0,"X","","","","S7/L7+","T",0,1,0,0,0,"F"
0,2,2,2,"BFFB>B","sancj003","","","CS2(26)","F",1,0,0,0,0,"F"
1,0,2,0,"BBX","","","","T9/G3+","T",0,3,0,0,0,"F"
1,0,2,0,"BBX","","","nimmb001","S8/L89S.3-H","T",0,1,0,0,4,"F"
1,0,1,2,"F1BSFC","lindf001","","","K","T",1,0,1,0,0,"F"
1,1,0,0,"1X","lindf001","","","S9/G34.1-3","T",0,1,3,0,0,"F"
1,1,0,2,"CFS","alonp001","","lindf001","K","T",1,0,1,0,3,"F"
1,2,0,2,"SS*B","alonp001","","lindf001","WP.1-2","F",0,0,2,0,3,"F"
1,2,2,2,"SS*B.BC","","alonp001","lindf001","K","T",1,0,0,2,3,"F"
0,0,1,0,"BX","","","","3/G3","T",1,0,0,0,0,"F"
0,1,2,1,"CBBX","","","","2/P2F/FL","T",1,0,0,0,0,"F"
0,2,2,2,"CBBCX","","","","S6/G4M","T",0,1,0,0,0,"F"
0,2,0,0,"X","panij002","","","13/G1S","T",1,0,1,0,0,"F"
1,0,1,1,".CBX","","","","31/G4","T",1,0,0,0,0,"F"
1,1,1,2,"SBSS","","","","K","T",1,0,0,0,0,"F"
1,2,0,0,"X","","","","E5/TH/G5.B-1","T",0,1,0,0,0,"F"
1,2,0,0,">B","strom001","","","SB2.1-3(E2/TH)","F",0,0,3,0,0,"F"
1,2,2,0,">B.BX","","","strom001","9/F89D","T",1,0,0,0,3,"F"
0,0,3,2,"BBBCCFB","","","","W","T",0,1,0,0,0,"F"
0,0,0,0,"1X","sierm002","","","24/SH/BG2.1-2","T",1,0,2,0,0,"F"
0,1,1,1,"BF2X","","sierm002","","S1/BG25.2-3","T",0,1,0,3,0,"F"
0,1,1,2,"BFC>S","chisj001","","sierm002","K+CS2(24)/DP","T",2,0,0,0,3,"F"
1,0,3,2,"CBFBBFX","","","","8/F8","T",1,0,0,0,0,"F"
1,1,3,1,"BBFBB","","","","W","T",0,1,0,0,0,"F"
1,1,1,0,"BX","confm001","","","2/P2F/FL","T",1,0,1,0,0,"F"
1,2,0,1,"C1X","confm001","","","S8/L8S.1-2","T",0,1,2,0,0,"F"
1,2,1,2,"CSBX","baezj001","confm001","","S9/L89S.2-H;1-3","T",0,1,3,4,0,"F"
1,2,0,1,"*S>B","villj001","","baezj001","SB2","F",0,0,2,0,3,"F"
1,2,3,2,"*S>B.*BFBX","","villj001","baezj001","E5/G5.3-H(NR)(UR);B-1","T",0,1,0,2,5,"F"
1,2,1,2,"BFFT","pillk001","villj001","","K","T",1,0,1,2,0,"F"
0,0,3,1,"CBBBB","","","","W","T",0,1,0,0,0,"F"
0,0,2,2,"FBF*BFFFX","sancj003","","","HR/F9D.1-H","T",0,4,4,0,0,"F"
0,0,0,0,"X","","","","6/L6","T",1,0,0,0,0,"F"
0,1,2,2,"BFBCX","","","","S9/L89S","T",0,1,0,0,0,"F"
0,1,0,2,"CFFS","panij002","","","K","T",1,0,1,0,0,"F"
0,2,3,1,"BBC*BX","panij002","","","64(1)/FO/G6M.B-1","T",1,1,0,0,0,"F"
1,0,0,0,"X","","","","13/BG13","T",1,0,0,0,0,"F"
1,1,0,0,"X","","","","9/F89S","T",1,0,0,0,0,"F"
1,2,2,2,"BCCBS","","","","K","T",1,0,0,0,0,"F"
0,0,1,2,".CCBS","","","","K","T",1,0,0,0,0,"F"
0,1,0,0,"X","","","","31/G34","T",1,0,0,0,0,"F"
0,2,0,2,"FFX","","","","63/G6","T",1,0,0,0,0,"F"
1,0,1,2,".CBFS","","","","K","T",1,0,0,0,0,"F"
1,1,0,0,"X","","","","S7/G56","T",0,1,0,0,0,"F"
1,1,2,1,"BBFX","alonp001","","","S7/G56.1-2","T",0,1,2,0,0,"F"
1,1,1,2,"SF*BX","baezj001","alonp001","","46(1)/FO/G4D.2-3;B-1","T",1,1,0,3,0,"F"
1,2,3,1,".BBFB*B","villj001","","alonp001","W.1-2","T",0,1,2,0,3,"F"
1,2,1,2,"CF*BS","mcnej002","villj001","alonp001","K","T",1,0,1,2,3,"F"
0,0,2,2,"..FBBSS","","","","K","T",1,0,0,0,0,"F"
0,1,1,1,"CBX","","","","43/G34","T",1,0,0,0,0,"F"
0,2,2,2,"CBCBFFS","","","","K","T",1,0,0,0,0,"F"
1,0,3,2,"..CBFBBB","","","","W","T",0,1,0,0,0,"F"
1,0,2,0,"BBX","peraj003","","","6/P6","T",1,0,1,0,0,"F"
1,1,0,0,"X","peraj003","","","HR/F7LD.1-H","T",0,4,4,0,0,"F"
1,1,1,2,"CBFS","","","","K","T",1,0,0,0,0,"F"
1,2,2,2,"CBFBF*S","","","","K","T",1,0,0,0,0,"F"
0,0,0,2,".CCX","","","","4/P9LS","T",1,0,0,0,0,"F"
0,1,0,2,"CCS","","","","K","T",1,0,0,0,0,"F"
0,2,1,2,"CBFS","","","","K","T",1,0,0,0,0,"F"
0,0,0,2,"CCFS","","","","K","T",1,0,0,0,0,"T"
0,1,1,2,"FBCS","","","","K","T",1,0,0,0,0,"F"
0,2,0,1,"FX","","","","53/G5","T",1,0,0,0,0,"F"
1,0,3,2,"CBFFBBX","","","","53/G6","T",1,0,0,0,0,"F"
1,1,3,2,"BBCCBFFX","","","","2/P2F/FL","T",1,0,0,0,0,"F"
1,2,2,2,"BFBSFFS","","","","K","T",1,0,0,0,0,"F"
0,0,0,0,".X","","","","HR/F9D","T",0,4,0,0,0,"F"
0,0,2,2,"FFBBS","","","","K","T",1,0,0,0,0,"F"
0,1,1,0,"BX","","","","53/G5S","T",1,0,0,0,0,"F"
0,2,3,2,"BBCFBX","","","","S9/F9S","T",0,1,0,0,0,"F"
0,2,1,2,"FB11SX","alvae001","","","3/G3","T",1,0,1,0,0,"F"
1,0,2,2,"BSBFX","","","","53/G5+","T",1,0,0,0,0,"F"
1,1,0,2,"CFFS","","","","K","T",1,0,0,0,0,"F"
1,2,0,2,"TFS","","","","K","T",1,0,0,0,0,"F"
0,0,1,2,"CCBS","","","","K","T",1,0,0,0,0,"F"
0,1,1,0,"BX","","","","53/G5","T",1,0,0,0,0,"F"
0,2,2,2,"SBBFS","","","","K","T",1,0,0,0,0,"F"
1,0,1,2,"CBSFS","","","","K","T",1,0,0,0,0,"F"
1,1,3,2,"BBBCFFS","","","","K","T",1,0,0,0,0,"F"
1,2,1,2,"CSBS","","","","K","T",1,0,0,0,0,"F"
0,0,1,2,"BCCT","","","","K","T",1,0,0,0,0,"F"
0,1,1,0,"BX","","","","53/G56","T",1,0,0,0,0,"F"
0,2,3,2,"SBFBFFFBS","","","","K+PB.B-1","T",0,1,0,0,0,"F"
0,2,2,2,"B*BSSX","diazl001","","","S8/L8S.1-2","T",0,1,2,0,0,"F"
0,2,1,2,"ST*BX","brinl001","diazl001","","S9/L9S.BX1(924)","T",1,0,1,2,0,"F"
1,0,0,0,"X","","","","7/F78D","T",1,0,0,0,0,"F"
1,1,1,2,"BCFFFX","","","","8/F8S","T",1,0,0,0,0,"F"
1,2,3,2,"BSBFFBFX","","","","S7/L5","T",0,1,0,0,0,"F"
1,2,0,2,"11SFX","baezj001","","","64(1)/FO/G6.B-1","T",1,1,0,0,0,"F"
0,0,2,2,"CCBBX","","","","S9/L89","T",0,1,0,0,0,"F"
0,0,3,2,"*BBLBLC","henrp001","","","K","T",1,0,1,0,0,"F"
0,1,0,1,"CX","henrp001","","","8/F8XD","T",1,0,1,0,0,"F"
0,2,1,2,"BCSX","henrp001","","","43/G2","T",1,0,1,0,0,"F"
1,0,2,2,"BBSFFX","","","","8/F8XD","T",1,0,0,0,0,"F"
1,1,0,1,"CX","","","","D9/L89D","T",0,2,0,0,0,"F"
1,1,3,2,"SBCB*BFFFX","","villj001","","S7/L7S.2-H","T",0,1,0,4,0,"F"
1,1,2,1,"1*BF*BX","pillk001","","","4/L3/DP.1X1(43)","T",2,0,0,0,0,"F"
0,0,0,1,".CX","","","","3/P34S","T",1,0,0,0,0,"F"
0,1,2,2,"CFFBBS","","","","K","T",1,0,0,0,0,"F"
0,2,3,1,"FBBB*B","","","","W","T",0,1,0,0,0,"F"
0,2,0,1,"SX","diazl001","","","43/G6M+","T",1,0,1,0,0,"F"
1,0,0,1,"..CX","","","","S7/L56D","T",0,1,0,0,0,"F"
1,0,0,1,"L11X","peraj003","","","53/SH/BG25.1-2","T",1,0,2,0,0,"F"
1,1,0,2,"FSFX","","peraj003","","63/G6MD.2-3","T",1,0,0,3,0,"F"
1,2,3,0,"...B*BBB","","","peraj003","W","T",0,1,0,0,3,"F"
1,2,0,1,"CX","baezj001","","peraj003","5/P5DF/FL","T",1,0,1,0,3,"F"
0,0,0,2,".FCFS","","","","K","T",1,0,0,0,0,"F"
0,1,1,0,"BX","","","","63/G6","T",1,0,0,0,0,"F"
0,2,1,2,"FBCFX","","","","5/P5DF/FL","T",1,0,0,0,0,"F"
1,0,1,2,"CTBC","","","","K","T",1,0,0,0,0,"F"
1,1,1,2,"CFBX","","","","D7/L78XD+","T",0,2,0,0,0,"F"
1,1,3,0,".VVVV","","villj001","","IW","T",0,1,0,2,0,"F"
1,1,0,0,"X","confm001","villj001","","46(1)3/GDP/G4","T",2,0,0,2,0,"F"
0,0,0,0,"...2","","sierm002","","PO2(14)","F",1,0,0,0,0,"F"
0,1,1,2,"...2.SBSX","","","","31/G34","T",1,0,0,0,0,"F"
0,2,1,2,"CBFS","","","","K","T",1,0,0,0,0,"F"
1,0,1,2,"...CFFBS","","mcnej002","","K","T",1,0,0,2,0,"F"
1,1,2,2,"FBBFX","","mcnej002","","31/G34.2-3","T",1,0,0,3,0,"F"
1,2,3,0,"VVVV","","","mcnej002","IW","T",0,1,0,0,3,"F"
1,2,0,0,">C","lindf001","","mcnej002","DI.1-2","F",0,0,2,0,3,"F"
1,2,1,2,">C.SBFX","","lindf001","mcnej002","63/G6+","T",1,0,0,2,3,"F"
0,0,2,2,"..BBFSS","","chisj001","","K","T",1,0,0,2,0,"F"
0,1,1,2,"BCTX","","chisj001","","8/F89S","T",1,0,0,2,0,"F"
0,2,1,0,"BB","","chisj001","","PB.2-3","F",0,0,0,3,0,"F"
0,2,2,1,"BB.CX","","","chisj001","7/F7LD","T",1,0,0,0,3,"F"
1,0,0,1,"..SX","","baezj001","","43/G2.2-3","T",1,0,0,3,0,"F"
1,1,1,2,"LS*BFFFX","","","baezj001","FC1/G1S-.3-H(UR);B-1","T",0,1,0,0,5,"F"
0,0,0,2,"FFS","","","","K","T",1,0,0,0,0,"T"
0,1,1,2,"FSBX","","","","E5/TH/G6.B-1","T",0,1,0,0,0,"F"
0,1,0,0,"1X","chisj001","","","54(1)3/GDP/G56S","T",2,0,0,0,0,"F"
1,0,0,1,"SX","","","","9/F89D","T",1,0,0,0,0,"F"
1,1,1,1,"BCX","","","","S9/G3","T",0,1,0,0,0,"F"
1,1,2,2,"BC1BFX","lindf001","","","64(1)3/GDP/G6","T",2,0,0,0,0,"F"
0,0,2,2,"CBBCC","","","","K","T",1,0,0,0,0,"F"
0,1,3,2,"CBSFBBX","","","","5/F78S","T",1,0,0,0,0,"F"
0,2,1,2,"CBFS","","","","K","T",1,0,0,0,0,"F"
1,0,0,2,"FSS","","","","K","T",1,0,0,0,0,"F"
1,1,0,1,"CX","","","","D7/L7L","T",0,2,0,0,0,"F"
1,1,2,2,"CBC*BS","","baezj001","","K","T",1,0,0,2,0,"F"
1,2,2,2,"SS*BBT","","baezj001","","K","T",1,0,0,2,0,"F"
0,0,3,2,"BCBSBX","","","","9/F9D","T",1,0,0,0,0,"F"
0,1,0,2,"CCFX","","","","S7/G56+","T",0,1,0,0,0,"F"
0,1,0,1,"LX","jacka002","","","36(1)/FO/BG34.B-1","T",1,1,0,0,0,"F"
0,2,0,0,"X","herne002","","","4(1)/FO/G4M.B-1","T",1,1,0,0,0,"F"
1,0,2,2,"CBBCFFS","","","","K","T",1,0,0,0,0,"F"
1,1,0,1,"FX","","","","23/G1S","T",1,0,0,0,0,"F"
1,2,0,1,"SX","","","","31/G3D","T",1,0,0,0,0,"F"
0,0,3,1,"BCBBB","","","","W","T",0,1,0,0,0,"F"
0,0,0,1,"F111","chisj001","","","PO1(13)","F",1,0,0,0,0,"F"
0,1,0,2,"F111.F*S","","","","K","T",1,0,0,0,0,"F"
0,2,3,2,"FBBBFX","","","","7/F7LSF/FL","T",1,0,0,0,0,"F"
1,0,1,2,"CBFX","","","","7/F78XD","T",1,0,0,0,0,"F"
1,1,3,0,"BBBX","","","","HR/F89XD+","T",0,4,0,0,0,"F"
1,1,0,0,"X","","","","63/G56S+","T",1,0,0,0,0,"F"
1,2,0,2,"SSS","","","","K","T",1,0,0,0,0,"F"
0,0,1,0,"BX","","","","63/G4","T",1,0,0,0,0,"F"
0,1,1,1,"FBX","","","","3/L34D+","T",1,0,0,0,0,"F"
0,2,3,2,"BBBCSFS","","","","K","T",1,0,0,0,0,"F"
1,0,2,0,"BBX","","","","43/G4","T",1,0,0,0,0,"F"
1,1,1,2,"BFFX","","","","DGR/F8XD+","T",0,2,0,0,0,"F"
1,1,1,0,"BX","","smitd008","","9/F89","T",1,0,0,2,0,"F"
1,2,0,1,"CX","","smitd008","","S3/G3.2-3","T",0,1,0,3,0,"F"
1,2,0,2,"CCX","walkt004","","smitd008","D7/F7L.3-H;1-3","T",0,2,3,0,4,"F"
1,2,0,2,"F*SS","","nimmb001","walkt004","K","T",1,0,0,2,3,"F"
0,0,1,1,"BCX","","","","13/G1S-","T",1,0,0,0,0,"F"
0,1,0,1,".CX","","","","31/G3","T",1,0,0,0,0,"F"
0,2,0,2,"CSX","","","","43/G4","T",1,0,0,0,0,"F"
1,0,0,2,".CCX","","","","8/F89D","T",1,0,0,0,0,"F"
1,1,2,2,"BBCSX","","","","S5/G25+","T",0,1,0,0,0,"F"
1,1,0,1,"CX","alonp001","","","16(1)3/GDP/G4S-","T",2,0,0,0,0,"F"
0,0,3,2,"SBBSBB","","","","W","T",0,1,0,0,0,"F"
0,0,0,0,"X","chisj001","","","54(1)3/GDP/G5+","T",2,0,0,0,0,"F"
0,2,0,0,"X","","","","13/G2","T",1,0,0,0,0,"F"
1,0,0,0,".X","","","","8/F89","T",1,0,0,0,0,"F"
1,1,2,2,".BCSBFX","","","","S7/G5","T",0,1,0,0,0,"F"
1,1,1,0,"BX","pillk001","","","46(1)3/GDP/G4M","T",2,0,0,0,0,"F"
0,0,0,0,".X","","","","D9/L89D","T",0,2,0,0,0,"F"
0,0,2,2,"CFBFBX","","diazl001","","3/P3DF/FL","T",1,0,0,2,0,"F"
0,1,3,0,"*BBBB","","diazl001","","W","T",0,1,0,2,0,"F"
0,1,0,2,".CSX","alvae001","diazl001","","D8/L8XD+.2-H;1-3","T",0,2,3,4,0,"F"
0,1,1,2,"..FC*BS","","sierm002","alvae001","K","T",1,0,0,2,3,"F"
0,2,0,0,"X","","sierm002","alvae001","S9/F9S.3-H;2-H;BX2(926)","T",1,0,0,4,4,"F"
1,0,0,1,"...CX","","","","53/G5","T",1,0,0,0,0,"F"
1,1,0,0,"X","","","","43/G4D+","T",1,0,0,0,0,"F"
1,2,1,2,"CFBX","","","","S9/L34D+","T",0,1,0,0,0,"F"
1,2,1,0,"BX","lindf001","","","43/G4D","T",1,0,1,0,0,"F"
0,0,0,1,".FX","","","","S8/L8","T",0,1,0,0,0,"F"
0,0,2,2,"BCFB1S","chisj001","","","K","T",1,0,1,0,0,"F"
0,1,0,2,"CFS","chisj001","","","K","T",1,0,1,0,0,"F"
0,2,0,0,">S","chisj001","","","SB2","F",0,0,2,0,0,"F"
0,2,0,1,">S.X","","chisj001","","7/L7D","T",1,0,0,2,0,"F"
1,0,3,2,".CBBSFBFFX","","","","8/F89D","T",1,0,0,0,0,"F"
1,1,1,2,"SBFS","","","","K","T",1,0,0,0,0,"F"
1,2,2,2,"BSSBS","","","","K","T",1,0,0,0,0,"F"
0,0,3,1,"BBFBX","","","","6/P6MS","T",1,0,0,0,0,"T"
0,1,2,2,"FBFBS","","","","K","T",1,0,0,0,0,"F"
0,2,3,2,"BBSSBFX","","","","7/F78D","T",1,0,0,0,0,"F"
1,0,3,2,"BCSBBFS","","","","K","T",1,0,0,0,0,"F"
1,1,3,2,"CBBSBFS","","","","K","T",1,0,0,0,0,"F"
1,2,3,2,"FBSBBS","","","","K","T",1,0,0,0,0,"F"
0,0,0,0,"X","","","","S9/L89S+","T",0,1,0,0,0,"F"
0,0,0,2,"TFFF1C","sancj003","","","K","T",1,0,1,0,0,"F"
0,1,3,1,"BBCBX","sancj003","","","8/F8XD","T",1,0,1,0,0,"F"
0,2,3,0,"BBBB","sancj003","","","W.1-2","T",0,1,2,0,0,"F"
0,2,2,2,"B+2CFFBS","alvae001","sancj003","","K","T",1,0,1,2,0,"F"
1,0,1,2,"FSBX","","","","HR/L78XD","T",0,4,0,0,0,"F"
1,0,0,2,"SSC","","","","K","T",1,0,0,0,0,"F"
1,1,0,0,"X","","","","3/G3S+","T",1,0,0,0,0,"F"
1,2,2,0,"BBX","","","","43/G4MD","T",1,0,0,0,0,"F"
0,0,0,2,"FCC","","","","K","T",1,0,0,0,0,"F"
0,1,0,2,"CFS","","","","K","T",1,0,0,0,0,"F"
0,2,3,0,"BBBB","","","","W","T",0,1,0,0,0,"F"
0,2,3,2,"1B1*SBBS>X","chisj001","","","HR/F78XD.1-H","T",0,4,4,0,0,"F"
0,2,1,0,"BX","","","","7/F7LD+","T",1,0,0,0,0,"F"
1,0,3,0,".BBBB","","","","W","T",0,1,0,0,0,"F"
1,0,2,2,"BS*BLL","mccaj001","","","K","T",1,0,1,0,0,"F"
1,1,3,1,"B*BCBB","mccaj001","","","W.1-2","T",0,1,2,0,0,"F"
1,1,3,2,"*BBCBFX","nimmb001","mccaj001","","7/F7","T",1,0,1,2,0,"F"
1,2,1,0,"BX","nimmb001","mccaj001","","S9/L9+.2-H;1-3","T",0,1,3,4,0,"F"
1,2,0,2,"FF*S","confm001","","nimmb001","K.BX1(23)","T",1,0,1,0,3,"F"
0,0,0,0,"X","","","","6/P6D","T",1,0,0,0,0,"F"
0,1,0,2,"CCFT","","","","K","T",1,0,0,0,0,"F"
0,2,1,2,"BFFX","","","","S8/L8","T",0,1,0,0,0,"F"
0,2,0,2,"F1FX","alvae001","","","S9/G34.1-H(E9/TH)(NR)(UR);B-2","T",0,2,5,0,0,"F"
0,2,3,2,".BBBCFB","","sierm002","","W","T",0,1,0,2,0,"F"
0,2,0,0,"X","jacka002","sierm002","","5(2)/FO/G5.B-1","T",1,1,1,0,0,"F"
1,0,2,1,".BBCH","","","","HP","T",0,1,0,0,0,"F"
1,0,0,1,"1FH","baezj001","","","HP.1-2","T",0,1,2,0,0,"F"
1,0,0,1,".SX","mcnej002","baezj001","","S7/G6.2-H;1-3(E7);B-2","T",0,2,3,4,0,"F"
1,0,2,2,"BBTFFFFX","","villj001","mcnej002","D7/L7D+.3-H;2-H","T",0,2,0,4,4,"F"
1,0,1,1,"*BCX","","mccaj001","","54/SH/BG1S-.2-3","T",1,0,0,3,0,"F"
1,1,0,0,"X","","","mccaj001","43/G4","T",1,0,0,0,3,"F"
1,2,3,0,"VVVV","","","mccaj001","IW","T",0,1,0,0,3,"F"
1,2,1,0,"B1X","lindf001","","mccaj001","S8/G6M.3-H;1-3","T",0,1,3,0,4,"F"
1,2,0,0,"..X","confm001","","lindf001","8/F8XD+","T",1,0,1,0,3,"F"
0,0,0,1,"CX","","","","8/F8D","T",1,0,0,0,0,"F"
0,1,0,0,"X","","","","S8/L8","T",0,1,0,0,0,"F"
0,1,0,1,"CX","brinl001","","","S7/L56D.1-2","T",0,1,2,0,0,"F"
0,1,1,1,"BFX","delab001","brinl001","","8/F8XD.2-3","T",1,0,1,3,0,"F"
0,2,0,2,"CSX","delab001","","brinl001","6/P4D","T",1,0,1,0,3,"F"
1,0,3,1,"BBBFX","","","","6/P6MS","T",1,0,0,0,0,"F"
1,1,3,2,"FBBFFBFB","","","","W","T",0,1,0,0,0,"F"
1,1,0,0,"X","mcnej002","","","46(1)3/GDP/G34S+","T",2,0,0,0,0,"F"
0,0,3,2,".FBBFBFB","","","","W","T",0,1,0,0,0,"F"
0,0,1,2,"BCSC","alvae001","","","K","T",1,0,1,0,0,"F"
0,1,0,1,"OX","alvae001","","","16(1)/FO/BG1S.B-1","T",1,1,0,0,0,"F"
0,2,0,2,"CFFX","madel001","","","43/G6M","T",1,0,1,0,0,"F"
1,0,0,0,"X","","","","4/P78S","T",1,0,0,0,0,"F"
1,1,1,0,".BX","","","","D8/L89XD","T",0,2,0,0,0,"F"
1,1,3,2,"BC*BBCFB","","smitd008","","W","T",0,1,0,2,0,"F"
1,1,2,2,"CB*BFX","nimmb001","smitd008","","46(1)3/GDP/G1S","T",2,0,0,2,0,"F"
0,0,0,2,".FCX","","","","3/G3S-","T",1,0,0,0,0,"F"
0,1,2,2,"CBFBS","","","","K","T",1,0,0,0,0,"F"
0,2,3,2,"BCBSBFS","","","","K","T",1,0,0,0,0,"F"
1,0,3,2,"CBFBBX","","","","43/G34D","T",1,0,0,0,0,"F"
1,1,1,1,"BCX","","","","4/P6MD","T",1,0,0,0,0,"F"
1,2,2,1,"BSBX","","","","2/P2F/FL","T",1,0,0,0,0,"F"
0,0,1,2,".FBFFX","","","","13/G4S","T",1,0,0,0,0,"F"
0,1,2,2,"SSBBS","","","","K","T",1,0,0,0,0,"F"
0,2,0,2,"TSFS","","","","K","T",1,0,0,0,0,"F"
1,0,2,0,"BBX","","","","S5/G56","T",0,1,0,0,0,"F"
1,0,1,2,"TF1B>B","mcnej002","","","SB2","F",0,0,2,0,0,"F"
1,0,3,2,"TF1B>B.*BB","","mcnej002","","W","T",0,1,0,2,0,"F"
1,0,1,0,"*BX","villj001","mcnej002","","8/F8XD+","T",1,0,1,2,0,"F"
1,1,2,0,".BBX","villj001","mcnej002","","9/F89","T",1,0,1,2,0,"F"
1,2,3,0,"*BBBB","villj001","mcnej002","","W.2-3;1-2","T",0,1,2,3,0,"F"
1,2,0,0,"X","nimmb001","villj001","mcnej002","HR/F9D.3-H;2-H;1-H","T",0,4,4,4,4,"F"
1,2,3,1,"FBBBX","","","","DGR/F7LS","T",0,2,0,0,0,"F"
1,2,1,0,".BX","","confm001","","HR/L7D.2-H","T",0,4,0,4,0,"F"
1,2,1,1,"BCX","","","","63/G56","T",1,0,0,0,0,"F"
0,0,1,2,".CBSFS","","","","K","T",1,0,0,0,0,"F"
0,1,3,1,"SBBBB","","","","W","T",0,1,0,0,0,"F"
0,1,3,2,".BFBSBFFFFX","leons001","","","9/L9","T",1,0,1,0,0,"F"
0,2,1,2,"BCFX","leons001","","","1/L4MS+","T",1,0,1,0,0,"F"
