0,0,2,1,"CBBX","","","","8/F8","T",1,0,0,0,0,"T"
0,1,1,2,"BFFS","","","","K","T",1,0,0,0,0,"F"
0,2,3,2,"CBCBBS","","","","K","T",1,0,0,0,0,"F"
1,0,1,2,"BFFC","","","","K","T",1,0,0,0,0,"F"
1,1,1,0,"BX","","","","S8/G6","T",0,1,0,0,0,"F"
1,1,3,2,"CB*BBCS","garlk001","","","K","T",1,0,1,0,0,"F"
1,2,0,0,"X","garlk001","","","D7/G5.1-3","T",0,2,3,0,0,"F"
1,2,0,1,"CX","","buxtb001","garlk001","8/F8XD","T",1,0,0,2,3,"F"
0,0,1,2,"BFCFFFX","","","","7/L7LD","T",1,0,0,0,0,"F"
0,1,0,0,"X","","","","8/L89D","T",1,0,0,0,0,"F"
0,2,3,2,"BBCSBB","","","","W","T",0,1,0,0,0,"F"
0,2,0,0,"1","tramt001","","","POCS2(13)","F",1,0,0,0,0,"F"
1,0,2,2,"BCFBFFX","","","","43/G34D+","T",1,0,0,0,0,"F"
1,1,3,2,"FBBBSFB","","","","W","T",0,1,0,0,0,"F"
1,1,2,2,"BCFFBC","sanom001","","","K","T",1,0,1,0,0,"F"
1,2,0,0,"X","sanom001","","","43/G4","T",1,0,1,0,0,"F"
0,0,0,0,"X","","","","S9/G4","T",0,1,0,0,0,"F"
0,0,2,2,"CBF*BFS","torrl001","","","K","T",1,0,1,0,0,"F"
0,1,1,2,"FBSFX","torrl001","","","5/P6","T",1,0,1,0,0,"F"
0,2,3,1,"1BBBCB","torrl001","","","W.1-2","T",0,1,2,0,0,"F"
0,2,0,0,"X","hanim001","torrl001","","S8/L8.2-H;1-3","T",0,1,3,4,0,"F"
0,2,3,0,"BBBB","frant002","","hanim001","W.1-2","T",0,1,2,0,3,"F"
0,2,0,0,"X","seagk001","frant002","hanim001","9/L9+","T",1,0,1,2,3,"F"
1,0,1,1,"CBX","","","","D7/L7L","T",0,2,0,0,0,"F"
1,0,1,0,"BX","","polaj001","","D7/F7D+.2-H","T",0,2,0,4,0,"F"
1,0,3,2,"BFSBFB*B","","garlk001","","W","T",0,1,0,2,0,"F"
1,0,0,0,"X","cruzn002","garlk001","","64(1)/FO/G1S.2-3;B-1","T",1,1,0,3,0,"F"
1,1,2,2,"CBSBFX","buxtb001","","garlk001","HR/F8XD.3-H;1-H","T",0,4,4,0,4,"F"
1,1,0,1,"CH","","","","HP","T",0,1,0,0,0,"F"
1,1,2,2,"CC1*BBFS","keplm001","","","K","T",1,0,1,0,0,"F"
1,2,2,2,"BFFBFX","keplm001","","","S9/L9S.1-2","T",0,1,2,0,0,"F"
1,2,2,2,"BSBFX","simma001","keplm001","","43/G34","T",1,0,1,2,0,"F"
0,0,3,2,"BBCCBFC","","","","K","T",1,0,0,0,0,"F"
0,1,2,2,"BCBSS","","","","K","T",1,0,0,0,0,"F"
0,2,2,2,"BCFB*S","","","","K","T",1,0,0,0,0,"F"
1,0,0,0,"X","","","","4/F34D","T",1,0,0,0,0,"F"
1,1,2,2,"BSCBS","","","","K","T",1,0,0,0,0,"F"
1,2,3,2,"BSBSBFS","","","","K","T",1,0,0,0,0,"F"
0,0,0,0,"X","","","","13/BG2-","T",1,0,0,0,0,"F"
0,1,0,2,"CFC","","","","K","T",1,0,0,0,0,"F"
0,2,2,2,"BSFBX","","","","S7/G56+","T",0,1,0,0,0,"F"
0,2,3,1,"BFBB1X","hanim001","","","S7/L78.1-2","T",0,1,2,0,0,"F"
0,2,0,2,"2FFFF2","frant002","hanim001","","PO2(16)","F",1,0,1,0,0,"F"
1,0,1,2,"CFBX","","","","HR/F7D","T",0,4,0,0,0,"F"
1,0,1,0,"BX","","","","D8/F89XD+","T",0,2,0,0,0,"F"
1,0,1,1,"CBX","","garvm001","","3/L3D+","T",1,0,0,2,0,"F"
1,1,1,2,"BFCX","","garvm001","","S7/L5D+.2-H","T",0,1,0,4,0,"F"
1,1,2,0,".*BBX","sanom001","","","D7/L7D+.1-3","T",0,2,3,0,0,"F"
1,1,2,2,"C*BSBX","","simma001","sanom001","7/SF/F7LD.3-H","T",1,0,0,2,4,"F"
1,2,3,2,"BBSSF*BS","","simma001","","K","T",1,0,0,2,0,"F"
0,0,3,1,"BBFBX","","","","8/F8XD+","T",1,0,0,0,0,"F"
0,1,0,1,"FX","","","","HR/F89XD","T",0,4,0,0,0,"F"
0,1,3,2,"CBBFBC","","","","K","T",1,0,0,0,0,"F"
0,2,1,2,".BFSFC","","","","K","T",1,0,0,0,0,"F"
1,0,0,2,"FFS","","","","K","T",1,0,0,0,0,"F"
1,1,3,2,"CBSBBX","","","","S1/G25","T",0,1,0,0,0,"F"
1,1,1,2,"BFFX","cruzn002","","","S8/G6M+.1-2","T",0,1,2,0,0,"F"
1,1,1,2,".F*BCX","buxtb001","cruzn002","","7/L7D+","T",1,0,1,2,0,"F"
1,2,1,0,"BB","buxtb001","cruzn002","","WP.2-3;1-2","F",0,0,2,3,0,"F"
1,2,2,2,"BB.CCFX","","buxtb001","cruzn002","S5/G6S.3-H;2-3","T",0,1,0,3,4,"F"
1,2,1,2,"FBCS","keplm001","","buxtb001","K","T",1,0,1,0,3,"F"
0,0,0,2,".CCX","","","","S7/L7D","T",0,1,0,0,0,"F"
0,0,1,2,"BFFX","torrl001","","","FC4/G4D.1-2(E4);B-1","T",0,1,2,0,0,"F"
0,0,2,2,"BFFBX","haggs001","torrl001","","46(1)3/GDP/G4.2-3","T",2,0,0,3,0,"F"
0,2,0,2,"CFC","","","torrl001","K","T",1,0,0,0,3,"F"
1,0,2,2,"BCCBX","","","","D9/G3","T",0,2,0,0,0,"F"
1,0,2,0,"BBX","","simma001","","HR/F89XD.2-H","T",0,4,0,4,0,"F"
1,0,3,2,"FBBBFB","","","","W","T",0,1,0,0,0,"F"
1,0,1,2,"BFSFS","polaj001","","","K","T",1,0,1,0,0,"F"
1,1,0,0,"X","polaj001","","","3/P3","T",1,0,1,0,0,"F"
1,2,1,2,"SBFS","polaj001","","","K","T",1,0,1,0,0,"F"
0,0,1,0,"..BX","","","","8/L78D+","T",1,0,0,0,0,"F"
0,1,1,1,"CBX","","","","7/F7","T",1,0,0,0,0,"F"
0,2,2,1,"BBFX","","","","63/G4","T",1,0,0,0,0,"F"
1,0,0,1,"FX","","","","S9/L89S+","T",0,1,0,0,0,"F"
1,0,0,1,"CX","astuw001","","","8/L8D","T",1,0,1,0,0,"F"
1,1,0,1,"FX","astuw001","","","6/F","T",1,0,1,0,0,"F"
1,2,0,0,"X","astuw001","","","23/G2","T",1,0,1,0,0,"F"
0,0,3,1,".BBSBX","","","","8/F8D","T",1,0,0,0,0,"F"
0,1,3,1,"BBFBB","","","","W","T",0,1,0,0,0,"F"
0,1,3,1,"BBCBX","tramt001","","","D8/F89D+.1-3","T",0,2,3,0,0,"F"
0,1,3,2,"*BSSFBBX","","torrl001","tramt001","8/F8S","T",1,0,0,2,3,"F"
0,2,2,2,"SSB*BX","","torrl001","tramt001","43/G4D","T",1,0,0,2,3,"F"
0,0,2,2,"CFFFBFBX","","","","63/G56","T",1,0,0,0,0,"T"
0,1,0,2,"CFC","","","","K","T",1,0,0,0,0,"F"
0,2,0,2,"CFX","","","","8/L89D","T",1,0,0,0,0,"F"
1,0,1,2,"CFBX","","","","9/F89","T",1,0,0,0,0,"F"
1,1,1,2,"BFCT","","","","K","T",1,0,0,0,0,"F"
1,2,1,2,"FCBX","","","","S7/L78","T",0,1,0,0,0,"F"
1,2,2,0,"BBX","cruzn002","","","S7/L7+.1-2","T",0,1,2,0,0,"F"
1,2,0,1,"CX","buxtb001","cruzn002","","9/F9D","T",1,0,1,2,0,"F"
0,0,0,2,"CFS","","","","K","T",1,0,0,0,0,"F"
0,1,2,2,"BCCBX","","","","53/G5","T",1,0,0,0,0,"F"
0,2,1,2,"CBCC","","","","K","T",1,0,0,0,0,"F"
1,0,1,2,"CCFBFT","","","","K","T",1,0,0,0,0,"F"
1,1,1,2,"FBFX","","","","8/F8XD","T",1,0,0,0,0,"F"
1,2,3,2,"CBFBBB","","","","W","T",0,1,0,0,0,"F"
1,2,3,2,"BB1CBC>F>S","simma001","","","K","T",1,0,1,0,0,"F"
0,0,1,0,"BX","","","","HR/F9D","T",0,4,0,0,0,"F"
0,0,0,0,"X","","","","6/P5D","T",1,0,0,0,0,"F"
0,1,2,2,"CBBCX","","","","5/P5D","T",1,0,0,0,0,"F"
0,2,0,0,"X","","","","HR/F7D","T",0,4,0,0,0,"F"
0,2,2,2,"BSBFX","","","","8/F89XD+","T",1,0,0,0,0,"F"
1,0,1,1,"CBX","","","","7/L7","T",1,0,0,0,0,"F"
1,1,1,0,"BX","","","","S7/L7","T",0,1,0,0,0,"F"
1,1,0,0,"X","garlk001","","","HR/F9LD.1-H","T",0,4,4,0,0,"F"
1,1,1,1,"CBX","","","","S6/G6.B-2(E6/TH)","T",0,2,0,0,0,"F"
1,1,2,2,"CBBFS","","buxtb001","","K","T",1,0,0,2,0,"F"
1,2,0,0,"X","","buxtb001","","6/P4MD","T",1,0,0,2,0,"F"
0,0,0,1,"CX","","","","5/P56S","T",1,0,0,0,0,"F"
0,1,0,1,"FX","","","","4/P3D","T",1,0,0,0,0,"F"
0,2,1,2,"CCFBX","","","","S9/G4+","T",0,1,0,0,0,"F"
0,2,1,2,"CBCS","torrl001","","","K","T",1,0,1,0,0,"F"
1,0,3,1,"FBBBB","","","","W","T",0,1,0,0,0,"F"
1,0,3,2,"CBC*BB>X","sanom001","","","64(1)3/GDP/G6M+","T",2,0,0,0,0,"F"
1,2,1,1,"BFX","","","","63/G6D","T",1,0,0,0,0,"F"
0,0,2,2,"BCCBC","","","","K","T",1,0,0,0,0,"F"
0,1,0,0,"X","","","","S8/G6M+","T",0,1,0,0,0,"F"
0,1,0,1,"1C>X","haggs001","","","7/F7","T",1,0,1,0,0,"F"
0,2,0,0,"X","haggs001","","","43/G6M","T",1,0,1,0,0,"F"
1,0,1,2,"BCFX","","","","13/G1-","T",1,0,0,0,0,"F"
1,1,3,2,"BFBBSS","","","","K","T",1,0,0,0,0,"F"
1,2,0,0,"X","","","","8/F89D","T",1,0,0,0,0,"F"
0,0,1,2,"BFCS","","","","K","T",1,0,0,0,0,"F"
0,1,2,2,"BSCFBFFX","","","","63/G4D","T",1,0,0,0,0,"F"
0,2,0,0,"X","","","","7/F7S","T",1,0,0,0,0,"F"
1,0,1,2,"BFSX","","","","9/L9+","T",1,0,0,0,0,"F"
1,1,2,2,"BSBFFC","","","","K","T",1,0,0,0,0,"F"
1,2,2,1,"BFBX","","","","9/L89D+","T",1,0,0,0,0,"F"
0,0,1,1,".BCX","","","","53/G5","T",1,0,0,0,0,"F"
0,1,2,2,"CBBFX","","","","9/F89S","T",1,0,0,0,0,"F"
0,2,3,2,"BCSBBB","","","","W","T",0,1,0,0,0,"F"
0,2,2,0,"*BBX","tramt001","","","7/F7D","T",1,0,1,0,0,"F"
1,0,2,2,".BSBSFX","","","","5/P5F/FL","T",1,0,0,0,0,"F"
1,1,1,0,"BX","","","","S7/G56","T",0,1,0,0,0,"F"
1,1,3,2,"SFBFBB>F>F>X","simma001","","","7/L7","T",1,0,1,0,0,"F"
1,2,0,2,"FFFS","simma001","","","K","T",1,0,1,0,0,"F"
0,0,1,2,".CFBX","","","","S1/G25","T",0,1,0,0,0,"F"
0,0,2,2,"*B1SSB>S","crawj002","","","K+SB2","T",1,0,2,0,0,"F"
0,1,2,2,"B*BSCX","","crawj002","","53/G5","T",1,0,0,2,0,"F"
0,2,2,2,"BCFBX","","crawj002","","S8/L8D+.2-H","T",0,1,0,4,0,"F"
0,2,0,2,"CF>B","seagk001","","","SB2","F",0,0,2,0,0,"F"
0,2,2,2,"CF>B.BT","","seagk001","","K","T",1,0,0,2,0,"F"
1,0,0,1,"..CX","","","","4/F8S","T",1,0,0,0,0,"F"
1,1,3,0,"BBBB","","","","W","T",0,1,0,0,0,"F"
1,1,0,0,".H","cavej001","","","HP.1-2","T",0,1,2,0,0,"F"
1,1,3,2,"BBCFFFBX","buxtb001","cavej001","","53/G5.2-3;1-2","T",1,0,2,3,0,"F"
1,2,0,0,"B","","buxtb001","cavej001","WP.3-H(NR);2-3","F",0,0,0,3,4,"F"
1,2,3,0,"B.BVV","","","buxtb001","IW","T",0,1,0,0,3,"F"
1,2,0,1,"F>B","keplm001","","buxtb001","SB2","F",0,0,2,0,3,"F"
1,2,2,2,"F>B.BFC","","keplm001","buxtb001","K","T",1,0,0,2,3,"F"
0,0,0,2,"..CSX","","","","53/G25","T",1,0,0,0,0,"F"
0,1,0,1,"CX","","","","4/P34D","T",1,0,0,0,0,"F"
0,2,1,1,"BCX","","","","6/F4D","T",1,0,0,0,0,"F"
1,0,0,2,".FCX","","","","8/F89D","T",1,0,0,0,0,"F"
1,1,0,0,"X","","","","63/G6","T",1,0,0,0,0,"F"
1,2,0,2,"CCX","","","","3/G3","T",1,0,0,0,0,"F"
0,0,0,1,".LX","","tramt001","","S1/BG2.2-3","T",0,1,0,3,0,"F"
0,0,0,1,"FX","bishb001","","tramt001","53/G56S.1-2","T",1,0,2,0,3,"F"
0,1,0,2,"CFX","","bishb001","tramt001","7/SF/L7.3-H(UR)","T",1,0,0,2,5,"F"
0,2,0,2,"CFX","","bishb001","","43/G6M","T",1,0,0,2,0,"F"
1,0,0,2,"...FFX","","polaj001","","3/P3F/FL","T",1,0,0,2,0,"F"
1,1,0,1,"CX","","polaj001","","6/P5D","T",1,0,0,2,0,"F"
1,2,0,2,"SFX","","polaj001","","63/G6D","T",1,0,0,2,0,"F"
0,0,1,2,"CFBS","","","","K","T",1,0,0,0,0,"T"
0,1,1,0,"BH","","","","HP","T",0,1,0,0,0,"F"
0,1,3,1,"CBBBB","frant002","","","W.1-2","T",0,1,2,0,0,"F"
0,1,1,2,"CFBS","seagk001","frant002","","K","T",1,0,1,2,0,"F"
0,2,3,2,"BSCF*BB>X","seagk001","frant002","","43/G6MS","T",1,0,1,2,0,"F"
1,0,1,1,"CBX","","","","S9/L9D","T",0,1,0,0,0,"F"
1,0,0,0,"X","arral001","","","S9/G34.1-3","T",0,1,3,0,0,"F"
1,0,2,0,"1BBX","polaj001","","arral001","8/SF/L89XD+.3-H","T",1,0,1,0,4,"F"
1,1,0,0,"X","polaj001","","","S7/G56+.1-2","T",0,1,2,0,0,"F"
1,1,0,0,"X","buxtb001","polaj001","","6/P78S","T",1,0,1,2,0,"F"
1,2,0,1,"TX","buxtb001","polaj001","","3/P3SF/FL","T",1,0,1,2,0,"F"
0,0,1,2,"FCBC","","","","K","T",1,0,0,0,0,"F"
0,1,3,2,"BSBCBS","","","","K","T",1,0,0,0,0,"F"
0,2,0,2,"CFFX","","","","8/F89D","T",1,0,0,0,0,"F"
1,0,0,2,"FCS","","","","K","T",1,0,0,0,0,"F"
1,1,3,2,"CBBFFFBX","","","","3/G34","T",1,0,0,0,0,"F"
1,2,2,2,"BSBCX","","","","63/G6S","T",1,0,0,0,0,"F"
0,0,1,2,"BCFX","","","","43/G6MD+","T",1,0,0,0,0,"F"
0,1,0,0,"X","","","","43/G6D+","T",1,0,0,0,0,"F"
0,2,3,1,"BBFBX","","","","S9/L9L","T",0,1,0,0,0,"F"
0,2,2,1,"B11BFX","frant002","","","S9/G4.1-2","T",0,1,2,0,0,"F"
0,2,1,1,"CBX","seagk001","frant002","","2/P2F/FL","T",1,0,1,2,0,"F"
1,0,2,2,"BBCFX","","","","S8/G4","T",0,1,0,0,0,"F"
1,0,0,0,"X","arral001","","","FC3/G3.1-2(E3);B-1","T",0,1,2,0,0,"F"
1,0,0,0,"X","polaj001","arral001","","S9/F8.2-3;1-2","T",0,1,2,3,0,"F"
1,0,1,0,"*BX","cruzn002","polaj001","arral001","D9/F9LD.3-H;2-H(UR);1-3","T",0,2,3,5,4,"F"
1,0,1,1,"FBX","","buxtb001","cruzn002","7/SF/L7D.3-H;2-3","T",1,0,0,3,4,"F"
1,1,3,2,"*BBFFBS","","","buxtb001","K","T",1,0,0,0,3,"F"
1,2,0,1,"CX","","","buxtb001","31/G3","T",1,0,0,0,3,"F"
0,0,2,0,"BBX","","","","4/P4","T",1,0,0,0,0,"F"
0,1,2,1,"BBCX","","","","5/P6","T",1,0,0,0,0,"F"
0,2,2,2,"CTBFBFS","","","","K","T",1,0,0,0,0,"F"
1,0,1,2,"CBCC","","","","K.BX1(23)","T",1,0,0,0,0,"F"
1,1,1,2,"FBFFC","","","","K","T",1,0,0,0,0,"F"
1,2,3,2,"BFFBBB","","","","W","T",0,1,0,0,0,"F"
1,2,0,1,"1F1X","arral001","","","8/F8","T",1,0,1,0,0,"F"
0,0,0,1,"CX","","","","S7/L7S","T",0,1,0,0,0,"F"
0,0,0,0,"X","crawj002","","","23/SH/BG2-.1-2","T",1,0,2,0,0,"F"
0,1,1,2,"CBCS","","crawj002","","K","T",1,0,0,2,0,"F"
0,2,0,2,"F2F*S","","crawj002","","K","T",1,0,0,2,0,"F"
1,0,3,2,"CFBBBB","","","","W","T",0,1,0,0,0,"F"
1,0,0,0,"X","cruzn002","","","HR/F8XD.1-H","T",0,4,4,0,0,"F"
1,0,3,1,"CBBBX","","","","D9/G34+","T",0,2,0,0,0,"F"
1,0,0,0,"X","","keplm001","","13/G13","T",1,0,0,2,0,"F"
1,1,2,2,"CBBFS","","keplm001","","K","T",1,0,0,2,0,"F"
1,2,1,0,"*BX","","keplm001","","43/G4M","T",1,0,0,2,0,"F"
0,0,1,0,"BX","","","","HR/F9D","T",0,4,0,0,0,"F"
0,0,2,2,"CSBFFBX","","","","D9/F89XD","T",0,2,0,0,0,"F"
0,0,0,2,"CTFX","","marmj001","","S7/G56+.2-3","T",0,1,0,3,0,"F"
0,0,0,0,"11X","torrl001","","marmj001","HR/F9D+.3-H;1-H","T",0,4,4,0,4,"F"
0,0,3,2,"..SSBBBS","","","","K","T",1,0,0,0,0,"F"
0,1,3,1,"FBBBX","","","","S7/L78S","T",0,1,0,0,0,"F"
0,1,1,2,"BST1S","crawj002","","","K","T",1,0,1,0,0,"F"
0,2,0,2,"1SS*S","crawj002","","","K","T",1,0,1,0,0,"F"
1,0,2,2,".CBCBX","","","","63/G6","T",1,0,0,0,0,"F"
1,1,3,2,"BBCFFFBFX","","","","7/F7LD","T",1,0,0,0,0,"F"
1,2,1,2,"CCBX","","","","3/L3","T",1,0,0,0,0,"F"
0,0,2,0,"BBH","","","","HP","T",0,1,0,0,0,"F"
0,0,0,1,".CX","frant002","","","S9/G34+.1-3","T",0,1,3,0,0,"F"
0,0,0,2,".CSX","seagk001","","frant002","46(1)/FO/G4.3-H;B-1","T",1,1,0,0,4,"F"
0,1,2,2,"1*BF*BFB","moord002","","","WP.1-2","F",0,0,2,0,0,"F"
0,1,3,2,"1*BF*BFB.S","","moord002","","K","T",1,0,0,2,0,"F"
0,2,0,2,"CSS","","moord002","","K","T",1,0,0,2,0,"F"
1,0,1,2,"..CBCS","","","","K","T",1,0,0,0,0,"F"
1,1,0,1,"FH","","","","HP","T",0,1,0,0,0,"F"
1,1,0,0,".X","buxtb001","","","36(1)/FO/G3.B-1","T",1,1,0,0,0,"F"
1,2,3,0,"B1*BBB","keplm001","","","W.1-2","T",0,1,2,0,0,"F"
1,2,3,2,"CSBBB>X","sanom001","keplm001","","63/G4","T",1,0,1,2,0,"F"
0,0,0,0,".X","","","","8/F8XD+","T",1,0,0,0,0,"F"
0,1,2,2,"BCFFBFFFX","","","","6/P6MD","T",1,0,0,0,0,"F"
0,2,0,0,".X","","","","6/P56D","T",1,0,0,0,0,"F"
1,0,1,2,"..CBFC","","","","K","T",1,0,0,0,0,"F"
1,1,0,1,"CX","","","","53/G5","T",1,0,0,0,0,"F"
1,2,3,2,"BFBCFBB","","","","W","T",0,1,0,0,0,"F"
1,2,2,2,"C1BS*B>X","arral001","","","63/G4","T",1,0,1,0,0,"F"
0,0,2,0,".BBX","","","","S9/L89","T",0,1,0,0,0,"F"
0,0,0,1,"CX","hanim001","","","S7/L7+.1-2","T",0,1,2,0,0,"F"
0,0,2,2,"BCBCFX","frant002","hanim001","","HR/F89XD.2-H;1-H","T",0,4,4,4,0,"F"
0,0,0,2,"CFX","","","","9/F9D","T",1,0,0,0,0,"F"
0,1,1,1,"BCX","","","","S8/G6M+","T",0,1,0,0,0,"F"
0,1,2,2,".BSF1BX","torrl001","","","S1/G1S-.1-2","T",0,1,2,0,0,"F"
0,1,1,1,"BCX","tramt001","torrl001","","54(1)3/GDP/G56","T",2,0,0,2,0,"F"
1,0,0,0,"..X","","","","8/F8D","T",1,0,0,0,0,"F"
1,1,1,1,"CBX","","","","8/F8XD","T",1,0,0,0,0,"F"
1,2,2,2,"CSBBX","","","","7/L7","T",1,0,0,0,0,"F"
0,0,3,2,"BCBFBFFFX","","","","53/G56","T",1,0,0,0,0,"T"
0,1,3,2,"CFBFFBBX","","","","8/F8XD+","T",1,0,0,0,0,"F"
0,2,2,2,"CSBBX","","","","9/F89XD","T",1,0,0,0,0,"F"
1,0,0,0,"X","","","","D7/L7LS","T",0,2,0,0,0,"F"
1,0,3,2,"C*BBBFH","","buxtb001","","HP","T",0,1,0,2,0,"F"
1,0,3,2,"BCC*BF*BB","garlk001","buxtb001","","W.2-3;1-2","T",0,1,2,3,0,"F"
1,0,0,0,"X","garvm001","garlk001","buxtb001","8/SF/F89XD.3-H;2-3","T",1,0,1,3,4,"F"
1,1,3,2,"*BBCBTB","garvm001","","garlk001","W.1-2","T",0,1,2,0,3,"F"
1,1,0,1,"CX","sanom001","garvm001","garlk001","46(1)/FO/G34.3-H;2-3;B-1","T",1,1,0,3,4,"F"
1,2,1,0,"BX","arral001","","garvm001","6/F1S/FL","T",1,0,1,0,3,"F"
0,0,2,2,"BCBFX","","","","S5/G5S","T",0,1,0,0,0,"F"
0,0,3,1,"B*BBCB","bogax001","","","W.1-2","T",0,1,2,0,0,"F"
0,0,3,2,"C*BCFFF*B*BX","dever001","bogax001","","5(2)3/GDP/G5S.1-2","T",2,0,2,0,0,"F"
0,2,0,2,"CFT","","dever001","","K","T",1,0,0,2,0,"F"
1,0,1,2,"CFBFX","","","","9/L9","T",1,0,0,0,0,"F"
1,1,0,1,"CX","","","","S5/G25-.B-2(E5/TH)","T",0,2,0,0,0,"F"
1,1,3,2,"BBFFBFX","","cavej001","","3/P4","T",1,0,0,2,0,"F"
1,2,0,1,"FX","","cavej001","","8/F8D","T",1,0,0,2,0,"F"
0,0,2,2,"FBBFX","","","","9/F9D","T",1,0,0,0,0,"F"
0,1,2,1,"BFBX","","","","9/L9D+","T",1,0,0,0,0,"F"
0,2,1,0,"BX","","","","8/F8D+","T",1,0,0,0,0,"F"
1,0,1,0,"BX","","","","8/F78XD","T",1,0,0,0,0,"F"
1,1,1,1,"BCH","","","","HP","T",0,1,0,0,0,"F"
1,1,3,1,"C*B1BBX","polaj001","","","3/P3","T",1,0,1,0,0,"F"
1,2,2,0,"BBX","polaj001","","","7/L7D","T",1,0,1,0,0,"F"
0,0,1,0,"BX","","","","43/G34D+","T",1,0,0,0,0,"F"
0,1,0,0,"X","","","","53/G56S","T",1,0,0,0,0,"F"
0,2,3,2,"BCCBBFFFC","","","","K","T",1,0,0,0,0,"F"
1,0,2,1,"FBBX","","","","6/F56D","T",1,0,0,0,0,"F"
1,1,1,1,"FBX","","","","S8/L8S","T",0,1,0,0,0,"F"
1,1,0,0,"X","simma001","","","46(1)/FO/G4.B-1","T",1,1,0,0,0,"F"
1,2,1,1,"BCX","cavej001","","","S4/G4M+.1-3","T",0,1,3,0,0,"F"
1,2,1,2,"FC*B>S","buxtb001","","cavej001","K","T",1,0,1,0,3,"F"
0,0,1,2,"FBCFFS","","","","K","T",1,0,0,0,0,"F"
0,1,1,0,"BX","","","","9/F9","T",1,0,0,0,0,"F"
0,2,1,1,"BFX","","","","HR/F8XD","T",0,4,0,0,0,"F"
0,2,3,1,"FBBBX","","","","S8/L8","T",0,1,0,0,0,"F"
0,2,1,2,"SS*BX","arroc001","","","D9/L2+.1-H","T",0,2,4,0,0,"F"
0,2,2,2,".B*BTFFS","","dalbb001","","K","T",1,0,0,2,0,"F"
1,0,2,2,"CBBCC","","","","K","T",1,0,0,0,0,"F"
1,1,1,1,"CBX","","","","63/G6","T",1,0,0,0,0,"F"
1,2,3,2,"SBSBFB*B","","","","W","T",0,1,0,0,0,"F"
1,2,2,1,"BCBX","sanom001","","","46(1)/FO/G4.B-1","T",1,1,0,0,0,"F"
0,0,0,2,".CSX","","","","63/G4","T",1,0,0,0,0,"F"
0,1,0,0,"X","","","","9/F9","T",1,0,0,0,0,"F"
0,2,2,1,"BBCX","","","","53/G5","T",1,0,0,0,0,"F"
1,0,2,2,".CBBFFX","","","","E6/TH/G6.B-1","T",0,1,0,0,0,"F"
1,0,3,1,"FBB*BX","astuw001","","","46(1)3/GDP/G4M+","T",2,0,0,0,0,"F"
1,2,3,2,"BBFBTFS","","","","K","T",1,0,0,0,0,"F"
0,0,2,1,"BFBX","","","","3/G3","T",1,0,0,0,0,"F"
0,1,0,1,"CX","","","","13/G4MS","T",1,0,0,0,0,"F"
0,2,0,0,"X","","","","63/G6+","T",1,0,0,0,0,"F"
1,0,1,0,".BX","","","","43/G6M","T",1,0,0,0,0,"F"
1,1,3,2,".BCSFBFBB","","","","W","T",0,1,0,0,0,"F"
1,1,1,0,"1BX","keplm001","","","6/P6D","T",1,0,1,0,0,"F"
1,2,1,2,"CBC>B","keplm001","","","SB2","F",0,0,2,0,0,"F"
1,2,3,2,"CBC>B.BFX","","keplm001","","4/L4D+","T",1,0,0,2,0,"F"
0,0,2,1,"..CBBX","","","","D9/L9LD+","T",0,2,0,0,0,"F"
0,0,3,1,"BB*BCX","","arroc001","","D9/L9LD+.2-H","T",0,2,0,4,0,"F"
0,0,1,2,"BFFX","","dalbb001","","9/F89S","T",1,0,0,2,0,"F"
0,1,3,2,"BFBFFFB*B","","dalbb001","","W","T",0,1,0,2,0,"F"
0,1,1,0,"BX","verda001","dalbb001","","64(1)3/GDP/G6D+","T",2,0,0,2,0,"F"
1,0,1,0,".BX","","","","53/G5+","T",1,0,0,0,0,"F"
1,1,3,1,"BBBCB","","","","W","T",0,1,0,0,0,"F"
1,1,0,0,"X","arral001","","","S7/F7S.1-2","T",0,1,2,0,0,"F"
1,1,2,1,"BBCX","astuw001","arral001","","7/F78","T",1,0,1,2,0,"F"
1,2,0,0,"X","astuw001","arral001","","6(1)/FO/G6M.B-1","T",1,1,0,2,0,"F"
0,0,1,2,".BFCX","","","","53/G5","T",1,0,0,0,0,"F"
0,1,1,2,"FSBX","","","","HR/F9D","T",0,4,0,0,0,"F"
0,1,0,2,"FFS","","","","K","T",1,0,0,0,0,"F"
0,2,0,2,"CSFX","","","","3/P3SF/FL","T",1,0,0,0,0,"F"
1,0,1,2,".CSBF*S","","","","K.BX1(23)","T",1,0,0,0,0,"F"
1,1,3,2,"BCBSBX","","","","7/L78","T",1,0,0,0,0,"F"
1,2,0,2,"FCX","","","","7/F78D+","T",1,0,0,0,0,"F"
0,0,1,2,"SSBFT","","","","K","T",1,0,0,0,0,"T"
0,1,1,1,"CBX","","","","S7/L78D","T",0,1,0,0,0,"F"
0,1,3,2,"SSBB1B>B","verda001","","","W.1-2","T",0,1,2,0,0,"F"
0,1,1,1,"*BCX","martj006","verda001","","5/P56S","T",1,0,1,2,0,"F"
0,2,2,2,"SSBBS","martj006","verda001","","K","T",1,0,1,2,0,"F"
1,0,2,2,"BFFBFFX","","","","8/F8D","T",1,0,0,0,0,"F"
1,1,0,1,"CX","","","","4/L4D","T",1,0,0,0,0,"F"
1,2,1,1,"BSX","","","","D7/G5+","T",0,2,0,0,0,"F"
1,2,2,2,"SBCBX","","cruzn002","","43/G34","T",1,0,0,2,0,"F"
0,0,0,0,"X","","","","S7/F7S","T",0,1,0,0,0,"F"
0,0,1,2,"CBCFB","gonzm002","","","WP.1-2","F",0,0,2,0,0,"F"
0,0,2,2,"CBCFB.X","","gonzm002","","S7/L78D+.2-H","T",0,1,0,4,0,"F"
0,0,0,1,"SX","renfh001","","","S7/F7S.1-2","T",0,1,2,0,0,"F"
0,0,0,0,"X","cordf003","renfh001","","FC/SH/BG2-.2-H(E1/TH)(NR);1-3;B-2","T",0,2,3,4,0,"F"
0,0,1,2,"FFBX","","plawk001","cordf003","S7/G56+.3-H(UR);2-3","T",0,1,0,3,5,"F"
0,0,2,2,"BFBFX","arroc001","","plawk001","FC/G34.3XH(42);1-2;B-1","T",1,1,2,0,0,"F"
0,1,3,2,"BSSBFFBFS","verda001","arroc001","","K","T",1,0,1,2,0,"F"
0,2,1,1,"BCX","verda001","arroc001","","31/G23-","T",1,0,1,2,0,"F"
1,0,2,2,"CBBFX","","","","63/G6","T",1,0,0,0,0,"F"
1,1,2,2,"FFFBBX","","","","7/F7D","T",1,0,0,0,0,"F"
1,2,3,2,"CBFBBS","","","","K","T",1,0,0,0,0,"F"
0,0,0,1,"SX","","","","7/F7LD","T",1,0,0,0,0,"F"
0,1,3,1,"BSBBB","","","","W","T",0,1,0,0,0,"F"
0,1,2,1,"SBBX","gonzm002","","","64(1)/FO/G56.B-1","T",1,1,0,0,0,"F"
0,2,1,2,"1LFB1*S","renfh001","","","K.BX1(23)","T",1,0,1,0,0,"F"
1,0,0,2,"CCX","","","","S6/G56","T",0,1,0,0,0,"F"
1,0,1,2,"CBFFX","jeffr002","","","S9/G4+.1-2","T",0,1,2,0,0,"F"
1,0,0,0,"X","riddj001","jeffr002","","7/L7","T",1,0,1,2,0,"F"
1,1,1,1,"BFB","riddj001","jeffr002","","WP.2-3;1-2","F",0,0,2,3,0,"F"
1,1,3,2,"BFB.FFBFFX","","riddj001","jeffr002","S8/G4M.3-H;2-H","T",0,1,0,4,4,"F"
1,1,0,2,"SFH","polaj001","","","HP.1-2","T",0,1,2,0,0,"F"
1,1,2,2,"BBCSS","cruzn002","polaj001","","K","T",1,0,1,2,0,"F"
1,2,0,0,"X","cruzn002","polaj001","","13/G2-","T",1,0,1,2,0,"F"
0,0,1,1,"CBX","","","","7/F7L","T",1,0,0,0,0,"F"
0,1,0,0,"X","","","","D7/L7L","T",0,2,0,0,0,"F"
0,1,0,1,"CX","","arroc001","","13/G1S-","T",1,0,0,2,0,"F"
0,2,0,2,"CSS","","arroc001","","K","T",1,0,0,2,0,"F"
1,0,1,1,"FBX","","","","3/G3","T",1,0,0,0,0,"F"
1,1,1,2,"CSFFBX","","","","S7/L78D.B-2(E7)","T",0,2,0,0,0,"F"
1,1,0,0,"X","","cavej001","","9/F89D.2-3","T",1,0,0,3,0,"F"
1,2,0,1,"CX","","","cavej001","31/G34","T",1,0,0,0,3,"F"
0,0,1,1,"FBX","","","","D7/L7LS+","T",0,2,0,0,0,"F"
0,0,3,2,"*B*BS+2SBX","","bogax001","","63/G4.2-3","T",1,0,0,3,0,"F"
0,1,2,2,".CF*B*BS","","","bogax001","K","T",1,0,0,0,3,"F"
0,2,3,2,"BFCBBFS","","","bogax001","K","T",1,0,0,0,3,"F"
1,0,1,2,"CBFX","","","","53/G6D","T",1,0,0,0,0,"F"
1,1,0,2,"FCC","","","","K","T",1,0,0,0,0,"F"
1,2,0,1,"CX","","","","43/G4+","T",1,0,0,0,0,"F"
0,0,1,2,"..CCBX","","","","5/P5","T",1,0,0,0,0,"F"
0,1,1,0,"BX","","","","S7/G56+","T",0,1,0,0,0,"F"
0,1,1,1,"*BFX","plawk001","","","7/L78+","T",1,0,1,0,0,"F"
0,2,2,0,"BBX","plawk001","","","S9/L9L+.1-3","T",0,1,3,0,0,"F"
0,2,2,1,"BSBX","verda001","","plawk001","9/F89","T",1,0,1,0,3,"F"
1,0,2,0,"...BBX","","","","9/F9LD+","T",1,0,0,0,0,"F"
1,1,0,0,"X","","","","8/F89D","T",1,0,0,0,0,"F"
1,2,0,2,".CCX","","","","9/F9","T",1,0,0,0,0,"F"
0,0,1,2,".CBCX","","","","D8/L78XD+","T",0,2,0,0,0,"F"
0,0,0,0,"X","","bogax001","","S9/G34+.2-3","T",0,1,0,3,0,"F"
0,0,0,0,"X","dever001","","bogax001","53/G56S.1-2","T",1,0,2,0,3,"F"
0,1,3,2,"BSBFB*B","","dever001","bogax001","W","T",0,1,0,2,3,"F"
0,1,0,0,"X","renfh001","dever001","bogax001","4/P4D","T",1,0,1,2,3,"F"
0,2,2,2,"CFBBX","renfh001","dever001","bogax001","3/P3F/FL","T",1,0,1,2,3,"F"
1,0,3,2,".BBFFBB","","","","W","T",0,1,0,0,0,"F"
1,0,1,2,"CB1CS","cavej001","","","K","T",1,0,1,0,0,"F"
1,1,0,0,".>S","cavej001","","","SB2","F",0,0,2,0,0,"F"
1,1,0,2,".>S.FS","","cavej001","","K","T",1,0,0,2,0,"F"
1,2,3,1,"BB*BCX","","cavej001","","7/L7","T",1,0,0,2,0,"F"
0,0,2,2,"FCBBFFX","","","","S7/L78","T",0,1,0,0,0,"T"
0,0,1,2,"CBCX","herne001","","","45(1)3/GDP/G34","T",2,0,0,0,0,"F"
0,2,1,2,"FFBS","","","","K","T",1,0,0,0,0,"F"
1,0,1,2,"BCSS","","","","K","T",1,0,0,0,0,"F"
1,1,1,1,"BCX","","","","S8/L8S","T",0,1,0,0,0,"F"
1,1,2,2,"CBFFBX","donaj001","","","S9/F9LS.1-3","T",0,1,3,0,0,"F"
1,1,3,2,"TBF*BBX","cruzn002","","donaj001","8/SF/L8D.3-H","T",1,0,1,0,4,"F"
1,2,0,0,"X","cruzn002","","","S8/L89D.1-3","T",0,1,3,0,0,"F"
1,2,0,1,"CX","polaj001","","cruzn002","6(1)/FO/G6M.B-1","T",1,1,0,0,3,"F"
0,0,2,2,"CBSBS","","","","K","T",1,0,0,0,0,"F"
0,1,0,0,"X","","","","8/F8XD+","T",1,0,0,0,0,"F"
0,2,0,2,"FFX","","","","43/G4","T",1,0,0,0,0,"F"
1,0,0,0,"X","","","","3/P3DF/FL","T",1,0,0,0,0,"F"
1,1,2,2,"FBFFFBC","","","","K","T",1,0,0,0,0,"F"
1,2,1,2,"FFBS","","","","K","T",1,0,0,0,0,"F"
0,0,0,1,"CX","","","","63/G4","T",1,0,0,0,0,"F"
0,1,1,2,"CBFS","","","","K","T",1,0,0,0,0,"F"
0,2,3,2,"SBBSBFS","","","","K","T",1,0,0,0,0,"F"
1,0,2,2,"BCCFBFX","","","","S9/F9S","T",0,1,0,0,0,"F"
1,0,3,2,"SBFBBB","garvm001","","","W.1-2","T",0,1,2,0,0,"F"
1,0,0,1,"FX","donaj001","garvm001","","46(1)/FO/G4S.2-3;B-1","T",1,1,0,3,0,"F"
1,1,1,1,"BCX","cruzn002","","garvm001","64(1)3/GDP/G6D+","T",2,0,0,0,3,"F"
0,0,1,2,"BFCX","","","","8/F8XD+","T",1,0,0,0,0,"F"
0,1,1,1,"BCX","","","","S8/G6M","T",0,1,0,0,0,"F"
0,1,0,0,"1B","verda001","","","WP.1-2","F",0,0,2,0,0,"F"
0,1,3,2,"1B.BF2*BCFB","","verda001","","W","T",0,1,0,2,0,"F"
0,1,1,1,"*BFX","martj006","verda001","","1/L4MS/DP.2X2(14)","T",2,0,1,0,0,"F"
1,0,2,1,"CBBX","","","","D7/L5D","T",0,2,0,0,0,"F"
1,0,0,1,"CX","","polaj001","","7/F7LS","T",1,0,0,2,0,"F"
1,1,0,2,"CCS","","polaj001","","K","T",1,0,0,2,0,"F"
1,2,2,0,"BBX","","polaj001","","6/P6MD","T",1,0,0,2,0,"F"
0,0,2,2,"CSBBX","","","","D8/L2+","T",0,2,0,0,0,"F"
0,0,3,2,"FB2BSBFB","","dever001","","W","T",0,1,0,2,0,"F"
0,0,1,2,"SFBC","vazqc001","dever001","","K","T",1,0,1,2,0,"F"
0,1,2,0,"BBX","vazqc001","dever001","","S4/G4.2-3;1-2","T",0,1,2,3,0,"F"
0,1,3,0,"BBBB","dalbb001","vazqc001","dever001","W.3-H;2-3;1-2","T",0,1,2,3,4,"F"
0,1,2,2,".CCBBS","cordf003","dalbb001","vazqc001","K","T",1,0,1,2,3,"F"
0,2,2,2,"FBFBX","cordf003","dalbb001","vazqc001","S9/L89+.3-H;2-H;1-3","T",0,1,3,4,4,"F"
0,2,0,0,"B","verda001","","cordf003","WP.3-H(NR);1-2","F",0,0,2,0,4,"F"
0,2,3,1,"B.BBCB","","verda001","","W","T",0,1,0,2,0,"F"
0,2,3,2,"BCFBB>B","martj006","verda001","","W.2-3;1-2","T",0,1,2,3,0,"F"
0,2,1,1,".BFX","bogax001","martj006","verda001","S9/L9L.3-H;2-H;1-3","T",0,1,3,4,4,"F"
0,2,1,2,"FBC>S","dever001","","bogax001","K","T",1,0,1,0,3,"F"
1,0,2,2,"BFFFBX","","","","53/G6M","T",1,0,0,0,0,"F"
1,1,2,2,"CBCBS","","","","K","T",1,0,0,0,0,"F"
1,2,0,0,"X","","","","43/G4","T",1,0,0,0,0,"F"
0,0,1,2,".FBFS","","","","K","T",1,0,0,0,0,"F"
0,1,2,2,"BBCCFS","","","","K","T",1,0,0,0,0,"F"
0,2,1,2,"BSCC","","","","K","T",1,0,0,0,0,"F"
1,0,0,1,"..CX","","","","3/G3","T",1,0,0,0,0,"F"
1,1,1,2,".BSS*S","","","","K.BX1(23)","T",1,0,0,0,0,"F"
1,2,2,1,"CBBX","","","","9/L9+","T",1,0,0,0,0,"F"
0,0,0,2,".FSFS","","","","K","T",1,0,0,0,0,"F"
0,1,1,0,"BX","","","","HR/F9LD","T",0,4,0,0,0,"F"
0,1,0,0,"X","","","","9/L9L","T",1,0,0,0,0,"F"
0,2,1,2,"FSFBX","","","","S8/G6M","T",0,1,0,0,0,"F"
0,2,1,0,"*BX","bogax001","","","5/P56S","T",1,0,1,0,0,"F"
1,0,0,2,".CFX","","","","43/G34","T",1,0,0,0,0,"F"
1,1,3,2,"BSCBBB","","","","W","T",0,1,0,0,0,"F"
1,1,1,2,"CFBF*S","sanom001","","","K","T",1,0,1,0,0,"F"
1,2,3,2,"BSSBB>F>B","sanom001","","","W.1-2","T",0,1,2,0,0,"F"
1,2,0,2,"CFX","cavej001","sanom001","","54(1)/FO/G56.B-1","T",1,1,0,2,0,"F"
0,0,0,1,"CX","","","","S8/L8","T",0,1,0,0,0,"T"
0,0,0,1,"CX","herne001","","","63/G6M.1-2","T",1,0,2,0,0,"F"
0,1,3,2,"BCBSBFT","","herne001","","K","T",1,0,0,2,0,"F"
0,2,1,2,"BCSS","","herne001","","K","T",1,0,0,2,0,"F"
1,0,2,2,"CCBBX","","","","S8/L8","T",0,1,0,0,0,"F"
1,0,1,2,"*BF1FX","arral001","","","7/F78","T",1,0,1,0,0,"F"
1,1,1,2,"FT*B*S","arral001","","","K","T",1,0,1,0,0,"F"
1,2,0,2,"C1FS","arral001","","","K","T",1,0,1,0,0,"F"
0,0,0,2,"CSX","","","","63/G6MS","T",1,0,0,0,0,"F"
0,1,0,2,"SSX","","","","43/G2","T",1,0,0,0,0,"F"
0,2,3,1,"CBBBX","","","","8/F8XD","T",1,0,0,0,0,"F"
1,0,1,1,"CBX","","","","3/P13","T",1,0,0,0,0,"F"
1,1,3,1,"BBBCB","","","","W","T",0,1,0,0,0,"F"
1,1,0,2,"CSX","sanom001","","","FC3/G3S.1-2(E3/TH);B-1","T",0,1,2,0,0,"F"
1,1,3,2,"BBBCFX","cavej001","sanom001","","S9/L9L.2-3;1-2","T",0,1,2,3,0,"F"
1,1,0,2,"CFX","jeffr002","cavej001","sanom001","32(3)/FO/G34.2-3;1-2;B-1","T",1,1,2,3,0,"F"
1,2,3,2,"*BB+3C*BF>X","riddj001","jeffr002","cavej001","S9/G3.3-H(UR);2-H(UR);1-3","T",0,1,3,5,5,"F"
1,2,3,1,"B*B1BCB","arral001","","riddj001","W.1-2","T",0,1,2,0,3,"F"
1,2,3,2,"CSBBB>X","polaj001","arral001","riddj001","43/G4M+","T",1,0,1,2,3,"F"
0,0,2,1,"BCBX","","","","5/P5S","T",1,0,0,0,0,"F"
0,1,1,2,"CCBS","","","","K","T",1,0,0,0,0,"F"
0,2,3,2,"CBBSFBFFFC","","","","K","T",1,0,0,0,0,"F"
1,0,0,1,"SX","","","","2/P2F-/FL","T",1,0,0,0,0,"F"
1,1,1,0,"BX","","","","3/P3DF/FL","T",1,0,0,0,0,"F"
1,2,0,1,"SX","","","","E6/TH/G56D.B-1","T",0,1,0,0,0,"F"
1,2,2,2,"*BFSF*B*S","sanom001","","","K","T",1,0,1,0,0,"F"
0,0,3,2,"BFFBFBX","","","","8/F8XD","T",1,0,0,0,0,"F"
0,1,2,0,"BBX","","","","5/L5","T",1,0,0,0,0,"F"
0,2,0,2,"SC*S","","","","K","T",1,0,0,0,0,"F"
1,0,1,1,"FBX","","","","6/F78S","T",1,0,0,0,0,"F"
1,1,1,1,"BSX","","","","43/G34D","T",1,0,0,0,0,"F"
1,2,3,2,"BCBBCX","","","","S7/L7S","T",0,1,0,0,0,"F"
1,2,1,1,"F1B1X","arral001","","","43/G3","T",1,0,1,0,0,"F"
0,0,0,0,"X","","","","7/F78","T",1,0,0,0,0,"F"
0,1,1,2,"CFBX","","","","63/G6","T",1,0,0,0,0,"F"
0,2,3,2,"SSBBB*B","","","","W","T",0,1,0,0,0,"F"
0,2,0,2,"FSFS","renfh001","","","K","T",1,0,1,0,0,"F"
1,0,1,0,"BX","","","","9/F9","T",1,0,0,0,0,"F"
1,1,0,2,"FFC","","","","K","T",1,0,0,0,0,"F"
1,2,1,2,"BFFX","","","","5/P5","T",1,0,0,0,0,"F"
0,0,1,1,"CBX","","","","9/F9LD","T",1,0,0,0,0,"F"
0,1,0,1,"FX","","","","7/L7","T",1,0,0,0,0,"F"
0,2,2,1,"BFBX","","","","43/G34","T",1,0,0,0,0,"F"
1,0,1,1,".SBX","","","","HR/F7LD","T",0,4,0,0,0,"F"
1,0,3,2,"BBFBFX","","","","43/G4D+","T",1,0,0,0,0,"F"
1,1,3,2,"BFBTBC","","","","K","T",1,0,0,0,0,"F"
1,2,0,2,"FSX","","","","63/G4","T",1,0,0,0,0,"F"
0,0,0,2,"CFX","","","","S5/G5S","T",0,1,0,0,0,"F"
0,0,1,0,"*BX","bogax001","","","8/F8XD+","T",1,0,1,0,0,"F"
0,1,0,1,"CX","bogax001","","","64(1)3/GDP/G6","T",2,0,0,0,0,"F"
1,0,3,2,".CBBSBX","","","","7/F7D","T",1,0,0,0,0,"F"
1,1,2,2,"BCFBX","","","","7/F78","T",1,0,0,0,0,"F"
1,2,0,1,"SX","","","","S7/L78S+","T",0,1,0,0,0,"F"
1,2,1,0,"*BX","cruzn002","","","8/F8XD+","T",1,0,1,0,0,"F"
0,0,0,0,"...H","","","","HP","T",0,1,0,0,0,"F"
0,0,1,0,"B>B","arroc001","","","SB2","F",0,0,2,0,0,"F"
0,0,3,0,"B>B.BB","","arroc001","","W","T",0,1,0,2,0,"F"
0,0,0,1,"CX","renfh001","arroc001","","7/F7LDF/FL","T",1,0,1,2,0,"F"
0,1,1,2,"CBFS","renfh001","arroc001","","K","T",1,0,1,2,0,"F"
0,2,3,1,".BBBSB","renfh001","arroc001","","W.2-3;1-2","T",0,1,2,3,0,"F"
0,2,3,2,".CCBBFFB>F>F>X","gonzm002","renfh001","arroc001","D7/L5.3-H;2-H;1-H","T",0,2,4,4,4,"F"
0,2,3,0,"VVVV","","verda001","","IW","T",0,1,0,2,0,"F"
0,2,1,2,"CBCC","bogax001","verda001","","K","T",1,0,1,2,0,"F"
1,0,1,0,"...BX","","","","D7/G5","T",0,2,0,0,0,"F"
1,0,3,0,"B*BB*B","","garlk001","","W","T",0,1,0,2,0,"F"
1,0,0,0,"X","sanom001","garlk001","","24/SH/BG2-.2-3;1-2","T",1,0,2,3,0,"F"
1,1,1,2,"CSBF.S","","sanom001","garlk001","K","T",1,0,0,2,3,"F"
1,2,1,1,"..BCX","","sanom001","garlk001","5/L5","T",1,0,0,2,3,"F"
0,0,0,0,".....X","","","","8/F89D","T",1,0,0,0,0,"F"
0,1,0,0,"X","","","","D7/L7D+","T",0,2,0,0,0,"F"
0,1,3,2,"C*BBSBS","","arroc001","","K","T",1,0,0,2,0,"F"
0,2,3,2,"BCS*B*BS","","arroc001","","K","T",1,0,0,2,0,"F"
1,0,2,2,".BBCFFX","","","","S9/L8","T",0,1,0,0,0,"F"
1,0,0,0,"1H","arral001","","","HP.1-2","T",0,1,2,0,0,"F"
1,0,1,2,"BSCFS","polaj001","arral001","","K","T",1,0,1,2,0,"F"
1,1,1,0,"BX","polaj001","arral001","","S8/F8S.2-H;1-2","T",0,1,2,4,0,"F"
0,0,0,0,"X","","","","9/F89S","T",1,0,0,0,0,"T"
0,1,2,2,"BBSFX","","","","7/F7L","T",1,0,0,0,0,"F"
0,2,3,2,"CFBBBFX","","","","53/G5","T",1,0,0,0,0,"F"
1,0,0,2,"CFFX","","","","S49/L34D","T",0,1,0,0,0,"F"
1,0,0,1,"CX","arral001","","","64(1)3/GDP/G6+","T",2,0,0,0,0,"F"
1,2,0,2,"CFC","","","","K","T",1,0,0,0,0,"F"
0,0,1,1,"SBX","","","","3/G3","T",1,0,0,0,0,"F"
0,1,3,1,"BBCBB","","","","W","T",0,1,0,0,0,"F"
0,1,3,2,"CSBB*BC","gonze004","","","K","T",1,0,1,0,0,"F"
0,2,3,0,"BBBB","gonze004","","","W.1-2","T",0,1,2,0,0,"F"
0,2,1,0,"BX","stalj001","gonze004","","7/F7D","T",1,0,1,2,0,"F"
1,0,1,0,"BX","","","","43/G6","T",1,0,0,0,0,"F"
1,1,0,2,"CSS","","","","K","T",1,0,0,0,0,"F"
1,2,1,1,"FBX","","","","43/G34","T",1,0,0,0,0,"F"
0,0,2,2,"BCCBX","","","","7/F7D","T",1,0,0,0,0,"F"
0,1,2,1,"BFBX","","","","43/G34S","T",1,0,0,0,0,"F"
0,2,1,1,"FBX","","","","63/G6+","T",1,0,0,0,0,"F"
1,0,2,2,"BCBSX","","","","3/P4S","T",1,0,0,0,0,"F"
1,1,2,1,"BBFX","","","","63/G4","T",1,0,0,0,0,"F"
1,2,1,2,"BSCX","","","","HR/F7D","T",0,4,0,0,0,"F"
1,2,2,2,"FLBFFBS","","","","K","T",1,0,0,0,0,"F"
0,0,0,1,"FX","","","","9/F89D","T",1,0,0,0,0,"F"
0,1,3,2,"CBBCBS","","","","K","T",1,0,0,0,0,"F"
0,2,2,1,"BFBX","","","","7/L78","T",1,0,0,0,0,"F"
1,0,0,0,"X","","","","43/G6M","T",1,0,0,0,0,"F"
1,1,3,2,"CSBBBX","","","","S7/G6+","T",0,1,0,0,0,"F"
1,1,2,2,"FS*BBX","cruzn002","","","S4/G4.1-2","T",0,1,2,0,0,"F"
1,1,0,1,"FX","buxtb001","cruzn002","","8/F8XD","T",1,0,1,2,0,"F"
1,2,1,1,"C*BX","buxtb001","cruzn002","","43/G34","T",1,0,1,2,0,"F"
0,0,1,0,"BX","","","","8/F78S","T",1,0,0,0,0,"F"
0,1,0,0,"X","","","","53/G56S","T",1,0,0,0,0,"F"
0,2,1,0,"BX","","","","13/G1S/BINT","T",1,0,0,0,0,"F"
1,0,0,0,"X","","","","53/G5","T",1,0,0,0,0,"F"
1,1,0,0,"X","","","","HR/F7D","T",0,4,0,0,0,"F"
1,1,0,0,"X","","","","8/F8D","T",1,0,0,0,0,"F"
1,2,1,0,"BX","","","","13/G34S-","T",1,0,0,0,0,"F"
0,0,1,0,"BX","","","","8/F89D","T",1,0,0,0,0,"F"
0,1,2,2,"FBFBFX","","","","3/G34","T",1,0,0,0,0,"F"
0,2,3,1,"SBBBX","","","","4/F4D","T",1,0,0,0,0,"F"
1,0,3,1,"CBBBX","","","","8/L8D","T",1,0,0,0,0,"F"
1,1,0,1,"FX","","","","53/G56","T",1,0,0,0,0,"F"
1,2,2,2,"CBBS*S","","","","K","T",1,0,0,0,0,"F"
0,0,2,1,"BCBX","","","","9/L9","T",1,0,0,0,0,"F"
0,1,3,2,"BSBBTC","","","","K","T",1,0,0,0,0,"F"
0,2,0,1,"FX","","","","7/L7","T",1,0,0,0,0,"F"
1,0,1,0,"BX","","","","63/G4+","T",1,0,0,0,0,"F"
1,1,0,0,"X","","","","3/G3","T",1,0,0,0,0,"F"
1,2,2,2,"BSFBC","","","","K","T",1,0,0,0,0,"F"
0,0,0,0,"X","","","","63/G6","T",1,0,0,0,0,"F"
0,1,3,2,"CBFFBBX","","","","D7/L7LS+","T",0,2,0,0,0,"F"
0,1,3,2,".SF*BBB*B","","stalj001","","W","T",0,1,0,2,0,"F"
0,1,0,0,"X","difow001","stalj001","","63/G6.2-3;1-2","T",1,0,2,3,0,"F"
0,2,0,2,"CFF*S","","difow001","stalj001","K","T",1,0,0,2,3,"F"
1,0,1,2,".CTFBS","","","","K","T",1,0,0,0,0,"F"
1,1,1,2,"BSFT","","","","K","T",1,0,0,0,0,"F"
1,2,1,2,"CFBC","","","","K","T",1,0,0,0,0,"F"
0,0,2,2,"BCSBC","","","","K","T",1,0,0,0,0,"F"
0,1,2,2,".SFBFBFX","","","","63/G6MD+","T",1,0,0,0,0,"F"
0,2,2,2,"BFBFS","","","","K","T",1,0,0,0,0,"F"
0,0,0,0,"X","","","","8/F78XD","T",1,0,0,0,0,"T"
0,1,1,2,"CFBS","","","","K","T",1,0,0,0,0,"F"
0,2,2,1,"BBCX","","","","5/P5","T",1,0,0,0,0,"F"
1,0,1,2,"CBFX","","","","3/G3","T",1,0,0,0,0,"F"
1,1,2,1,"BCBX","","","","43/G6M","T",1,0,0,0,0,"F"
1,2,0,0,"X","","","","13/G4MS+","T",1,0,0,0,0,"F"
0,0,2,2,"FFFBFBFC","","","","K","T",1,0,0,0,0,"F"
0,1,1,0,"BX","","","","S7/L78S","T",0,1,0,0,0,"F"
0,1,1,1,"1BS11X","gonze004","","","D7/F7LS.1-3","T",0,2,3,0,0,"F"
0,1,0,1,"FX","","polag001","gonze004","E6/TH/G56.3-H;2-3;B-1","T",0,1,0,3,4,"F"
0,1,2,1,"*BFB>X","frazt001","","polag001","D8/L89XD+.3-H;1-H(UR)","T",0,2,5,0,4,"F"
0,1,3,1,"*BBBCX","","perem005","","8/L78D","T",1,0,0,2,0,"F"
0,2,0,1,"CX","","perem005","","7/F78D","T",1,0,0,2,0,"F"
1,0,1,2,"SBCX","","","","53/G56","T",1,0,0,0,0,"F"
1,1,2,2,"BSCFBFX","","","","8/F8XD+","T",1,0,0,0,0,"F"
1,2,3,1,"BBBCB","","","","W","T",0,1,0,0,0,"F"
1,2,0,0,"X","polaj001","","","S9/G34.1-2","T",0,1,2,0,0,"F"
1,2,3,2,"SBBSB>F>X","astuw001","polaj001","","D8/L78D+.2-H;1-3","T",0,2,3,4,0,"F"
1,2,3,0,"BBBB","","cavej001","astuw001","W","T",0,1,0,2,3,"F"
1,2,1,2,"F*BCX","jeffr002","cavej001","astuw001","8/F78D","T",1,0,1,2,3,"F"
0,0,3,2,"CFBFBBX","","","","8/L8D+","T",1,0,0,0,0,"F"
0,1,0,2,"SCC","","","","K","T",1,0,0,0,0,"F"
0,2,1,1,"BTX","","","","63/G4MD","T",1,0,0,0,0,"F"
1,0,0,0,"X","","","","43/G4","T",1,0,0,0,0,"F"
1,1,1,1,"BSX","","","","23/G2-","T",1,0,0,0,0,"F"
1,2,1,1,"BCX","","","","53/G5S","T",1,0,0,0,0,"F"
0,0,2,2,"CFBFFBX","","","","3/G34+","T",1,0,0,0,0,"F"
0,1,3,2,"SCFBBFBFX","","","","8/F78XD","T",1,0,0,0,0,"F"
0,2,2,2,"SBBC*S","","","","K","T",1,0,0,0,0,"F"
1,0,0,0,"X","","","","43/G4","T",1,0,0,0,0,"F"
1,1,0,1,"CX","","","","4/L34D+","T",1,0,0,0,0,"F"
1,2,3,2,"BSBTFBX","","","","53/G5","T",1,0,0,0,0,"F"
0,0,0,2,"CFX","","","","HR/F9D","T",0,4,0,0,0,"F"
0,0,2,1,"CBBX","","","","HR/F7D","T",0,4,0,0,0,"F"
0,0,0,2,"FFC","","","","K","T",1,0,0,0,0,"F"
0,1,3,0,"BBB*B","","","","W","T",0,1,0,0,0,"F"
0,1,2,2,"BBCF1FFX","evanp001","","","S7/F7S-.1-2","T",0,1,2,0,0,"F"
0,1,0,0,".X","reynb001","evanp001","","31/G34S-.2-3;1-2","T",1,0,2,3,0,"F"
0,2,1,2,"BSSX","","reynb001","evanp001","43/G4","T",1,0,0,2,3,"F"
1,0,1,2,"CSBC","","","","K","T",1,0,0,0,0,"F"
1,1,2,2,"CCBFBT","","","","K","T",1,0,0,0,0,"F"
1,2,1,2,"CFBX","","","","8/L8XD","T",1,0,0,0,0,"F"
0,0,1,2,"BCSFT","","","","K","T",1,0,0,0,0,"F"
0,1,0,0,"H","","","","HP","T",0,1,0,0,0,"F"
0,1,1,2,"FS*BFX","frazt001","","","S9/F9LS.1-3(E9/TH);B-2","T",0,2,3,0,0,"F"
0,1,1,0,"BX","","perem005","frazt001","9/SF/F9.3-H(UR);2-3","T",1,0,0,3,5,"F"
0,2,3,2,"BBBCCC","","","perem005","K","T",1,0,0,0,3,"F"
1,0,3,2,"BCBCBX","","","","9/F9D","T",1,0,0,0,0,"F"
1,1,2,2,"CBFBX","","","","43/G6M+","T",1,0,0,0,0,"F"
1,2,2,2,"BBSSX","","","","13/G1","T",1,0,0,0,0,"F"
0,0,0,1,"CH","","","","HP","T",0,1,0,0,0,"F"
0,0,1,0,"B1X","evanp001","","","64(1)3/GDP/G6+","T",2,0,0,0,0,"F"
0,2,0,1,"FX","","","","43/G34D+","T",1,0,0,0,0,"F"
1,0,2,2,".CBBCS","","","","K","T",1,0,0,0,0,"F"
1,1,3,2,"BCBBFC","","","","K","T",1,0,0,0,0,"F"
1,2,1,0,"BX","","","","53/G5","T",1,0,0,0,0,"F"
0,0,0,0,"X","","","","8/F8D","T",1,0,0,0,0,"F"
0,1,0,1,"FX","","","","3/P3","T",1,0,0,0,0,"F"
0,2,1,1,"BCX","","","","6/F6D","T",1,0,0,0,0,"F"
1,0,1,2,"CTBX","","","","DGR/L7LD","T",0,2,0,0,0,"F"
1,0,2,2,"S*BF*BS","","cavej001","","K","T",1,0,0,2,0,"F"
1,1,0,0,"X","","cavej001","","E7/F7D.2-3;B-2","T",0,2,0,3,0,"F"
1,1,0,1,".CX","","arral001","cavej001","8/SF/F8.3-H(UR)","T",1,0,0,2,5,"F"
1,2,0,2,"CTC","","arral001","","K","T",1,0,0,2,0,"F"
0,0,3,2,"CFBBFFBB","","","","W","T",0,1,0,0,0,"F"
0,0,1,1,"BCX","perem005","","","54(1)/FO/G5+.B-1","T",1,1,0,0,0,"F"
0,1,0,0,"X","newmk001","","","7/L78","T",1,0,1,0,0,"F"
0,2,1,2,"1S>FBS","newmk001","","","K","T",1,0,1,0,0,"F"
1,0,2,2,".CBSBC","","","","K","T",1,0,0,0,0,"F"
1,1,0,0,"X","","","","7/F78","T",1,0,0,0,0,"F"
1,2,0,1,"CX","","","","5/P6","T",1,0,0,0,0,"F"
0,0,0,1,"CX","","","","S9/L9D+","T",0,1,0,0,0,"T"
0,0,0,0,"11X","fraza001","","","S8/L8.1-2","T",0,1,2,0,0,"F"
0,0,0,1,"CX","evanp001","fraza001","","D7/F7LS.2-H;1-3","T",0,2,3,4,0,"F"
0,0,3,2,"BSBF*BX","","reynb001","evanp001","8/SF/F8D.3-H","T",1,0,0,2,4,"F"
0,1,0,2,"FSS","","reynb001","","K","T",1,0,0,2,0,"F"
0,2,2,2,"CCB*BFFX","","reynb001","","63/G56","T",1,0,0,2,0,"F"
1,0,1,2,"CBFFX","","","","S7/L7LS","T",0,1,0,0,0,"F"
1,0,1,2,"BFFX","arral001","","","S9/G3.1-3","T",0,1,3,0,0,"F"
1,0,2,2,"*BSFFBS","donaj001","","arral001","K","T",1,0,1,0,3,"F"
1,1,2,0,"*BBX","donaj001","","arral001","S7/L7+.3-H;1-2","T",0,1,2,0,4,"F"
1,1,1,2,"SSFF*BX","buxtb001","donaj001","","1/L4MS+/DP.1X1(13)","T",2,0,0,2,0,"F"
0,0,0,0,"X","","","","9/F9","T",1,0,0,0,0,"F"
0,1,3,1,"CBBBX","","","","8/F8D","T",1,0,0,0,0,"F"
0,2,1,0,"BX","","","","5/P5","T",1,0,0,0,0,"F"
1,0,3,2,"BCBFBX","","","","S5/G6","T",0,1,0,0,0,"F"
1,0,1,2,"1CFBS","polaj001","","","K","T",1,0,1,0,0,"F"
1,1,3,1,"BCBBB","polaj001","","","W.1-2","T",0,1,2,0,0,"F"
1,1,1,1,"*BCX","cavej001","polaj001","","3/P3F/FL","T",1,0,1,2,0,"F"
1,2,1,1,"CBX","cavej001","polaj001","","63/G4","T",1,0,1,2,0,"F"
0,0,1,1,"FBX","","","","43/G9S+","T",1,0,0,0,0,"F"
0,1,2,2,"CSBFFBX","","","","53/G5","T",1,0,0,0,0,"F"
0,2,3,2,"BBCBSB","","","","W","T",0,1,0,0,0,"F"
0,2,3,2,"BBCF1B>X","reynb001","","","53/G6S-","T",1,0,1,0,0,"F"
1,0,3,1,"BFBBX","","","","53/G5","T",1,0,0,0,0,"F"
1,1,3,2,"CBBFFFBFX","","","","7/L78D+","T",1,0,0,0,0,"F"
1,2,1,0,"BX","","","","9/F89D","T",1,0,0,0,0,"F"
0,0,2,2,"FSBBX","","","","53/G56","T",1,0,0,0,0,"F"
0,1,2,2,"CBBSX","","","","9/F9D","T",1,0,0,0,0,"F"
0,2,2,2,"CBFBX","","","","S8/L8","T",0,1,0,0,0,"F"
0,2,2,1,"BBCX","polag001","","","8/F78XD","T",1,0,1,0,0,"F"
1,0,2,0,"BBX","","","","63/G4D","T",1,0,0,0,0,"F"
1,1,3,2,"BSCBBFFF*B","","","","W","T",0,1,0,0,0,"F"
1,1,0,2,"FFS","polaj001","","","K","T",1,0,1,0,0,"F"
1,2,3,1,"1B*BBCX","polaj001","","","56(1)/FO/G6.B-1","T",1,1,0,0,0,"F"
0,0,1,1,"CBX","","","","4/P34D","T",1,0,0,0,0,"F"
0,1,0,1,"CX","","","","S9/L9D+","T",0,1,0,0,0,"F"
0,1,1,1,"1S1B1","fraza001","","","PO1(13)","F",1,0,0,0,0,"F"
0,2,3,2,"1S1B1.BBCFC","","","","K","T",1,0,0,0,0,"F"
1,0,2,2,".BCFBX","","","","63/G6","T",1,0,0,0,0,"F"
1,1,3,0,"BBBB","","","","W","T",0,1,0,0,0,"F"
1,1,0,0,"1X","arral001","","","3/P3F/FL","T",1,0,1,0,0,"F"
1,2,1,1,"BSX","arral001","","","8/L8XD+","T",1,0,1,0,0,"F"
0,0,3,2,"FBBBFX","","","","7/F7LF/FL","T",1,0,0,0,0,"F"
0,1,0,2,"SFX","","","","S7/L78S","T",0,1,0,0,0,"F"
0,1,0,2,".FFX","morac001","","","13/G34S.1-2","T",1,0,2,0,0,"F"
0,2,3,2,"CBBBFC","","morac001","","K","T",1,0,0,2,0,"F"
1,0,3,2,"BBSFBS","","","","K","T",1,0,0,0,0,"F"
1,1,0,0,".X","","","","43/G34","T",1,0,0,0,0,"F"
1,2,3,2,"BFBBSS","","","","K","T",1,0,0,0,0,"F"
0,0,0,1,"FX","","","","S9/L9+","T",0,1,0,0,0,"F"
0,0,1,1,"BF1X","polag001","","","D8/F78XD.1-3","T",0,2,3,0,0,"F"
0,0,2,2,"C*BSBX","","stalj001","polag001","S8/G4M.3-H;2-3","T",0,1,0,3,4,"F"
0,0,3,2,".CCBB*B>F1FX","newmk001","","stalj001","S9/G3.3-H;1-3","T",0,1,3,0,4,"F"
0,0,2,2,"BBFSFS","fraza001","","newmk001","K","T",1,0,1,0,3,"F"
0,1,0,0,"X","fraza001","","newmk001","D7/L7L+.3-H;1-3","T",0,2,3,0,4,"F"
0,1,3,2,"BSBS*BS","","reynb001","fraza001","K","T",1,0,0,2,3,"F"
0,2,2,2,"BFSBX","","reynb001","fraza001","9/F3DF/FL","T",1,0,0,2,3,"F"
1,0,2,2,".FCBBS","","","","K","T",1,0,0,0,0,"F"
1,1,2,2,"CFBBS","","","","K","T",1,0,0,0,0,"F"
1,2,0,1,"CX","","","","S7/L56D","T",0,1,0,0,0,"F"
1,2,3,2,"BB*BCF>X","astuw001","","","S7/L7.1-2","T",0,1,2,0,0,"F"
1,2,1,2,"*BCF*S","arral001","astuw001","","K","T",1,0,1,2,0,"F"
0,0,1,2,".FSBS","","","","K","T",1,0,0,0,0,"F"
0,1,2,1,"BCBX","","","","HR/F89XD","T",0,4,0,0,0,"F"
0,1,2,2,"BBCSS","","","","K","T",1,0,0,0,0,"F"
0,2,0,1,"CX","","","","7/F7D","T",1,0,0,0,0,"F"
1,0,3,2,"BBFFBX","","","","HR/F7D","T",0,4,0,0,0,"F"
1,0,3,2,"FBFBFFBS","","","","K","T",1,0,0,0,0,"F"
1,1,0,1,"CX","","","","4/L34D+","T",1,0,0,0,0,"F"
1,2,1,2,"BCSX","","","","3/G3","T",1,0,0,0,0,"F"
0,0,1,2,"CBSS","","","","K","T",1,0,0,0,0,"F"
0,1,3,2,"SFFBBBC","","","","K","T",1,0,0,0,0,"F"
0,2,0,2,"SSS","","","","K","T",1,0,0,0,0,"F"
1,0,3,2,".CBCBBFS","","","","K","T",1,0,0,0,0,"F"
1,1,0,2,"FFS","","","","K","T",1,0,0,0,0,"F"
1,2,0,2,"FFX","","","","63/G6M","T",1,0,0,0,0,"F"
0,0,2,1,"CBBX","","","","7/F78XD","T",1,0,0,0,0,"T"
0,1,1,1,"FBX","","","","9/L9","T",1,0,0,0,0,"F"
0,2,2,2,"BSBCS","","","","K","T",1,0,0,0,0,"F"
1,0,0,2,"CCX","","","","7/L7","T",1,0,0,0,0,"F"
1,1,0,1,"CX","","","","13/G1S","T",1,0,0,0,0,"F"
1,2,2,2,"CCBBX","","","","S7/L7","T",0,1,0,0,0,"F"
1,2,1,0,"1*B>B","buxtb001","","","SB2","F",0,0,2,0,0,"F"
1,2,3,0,"1*B>B.BB","","buxtb001","","W","T",0,1,0,2,0,"F"
1,2,0,0,"X","cruzn002","buxtb001","","8/F8XD+","T",1,0,1,2,0,"F"
0,0,0,2,"FCC","","","","K","T",1,0,0,0,0,"F"
0,1,2,0,"BBX","","","","43/G23+","T",1,0,0,0,0,"F"
0,2,0,2,"CS*S","","","","K","T",1,0,0,0,0,"F"
1,0,2,0,"BBX","","","","S1/G15-","T",0,1,0,0,0,"F"
1,0,2,2,"B1CBF1C","polaj001","","","K","T",1,0,1,0,0,"F"
1,1,3,0,"1BBBB","polaj001","","","W.1-2","T",0,1,2,0,0,"F"
1,1,3,2,"BCC*BFBF*B","simma001","polaj001","","W.2-3;1-2","T",0,1,2,3,0,"F"
1,1,2,2,"*BCFBH","rortb001","simma001","polaj001","HP.3-H;2-3;1-2","T",0,1,2,3,4,"F"
1,1,3,2,"BBBCFFFX","arral001","rortb001","simma001","13/L1+/DP.2X2(36)","T",2,0,1,0,3,"F"
0,0,3,1,"BBBCX","","","","S5/BG5S-","T",0,1,0,0,0,"F"
0,0,0,1,"C1","benia002","","","POCS2(1346)","F",1,0,0,0,0,"F"
0,1,0,1,"C1.X","","","","4/P34","T",1,0,0,0,0,"F"
0,2,2,1,"BCBX","","","","7/F7","T",1,0,0,0,0,"F"
1,0,3,1,".FBBBB","","","","W","T",0,1,0,0,0,"F"
1,0,3,2,"1B+1F1BBS>B","buxtb001","","","W.1-2","T",0,1,2,0,0,"F"
1,0,2,2,"CFFBBX","cruzn002","buxtb001","","HR/F78XD.2-H;1-H","T",0,4,4,4,0,"F"
1,0,1,1,"CBX","","","","8/F89XD","T",1,0,0,0,0,"F"
1,1,2,1,"FBBX","","","","8/F89","T",1,0,0,0,0,"F"
1,2,1,2,"BSFT","","","","K","T",1,0,0,0,0,"F"
0,0,0,0,"X","","","","7/F7LD","T",1,0,0,0,0,"F"
0,1,1,0,"BX","","","","HR/F89XD","T",0,4,0,0,0,"F"
0,1,1,2,"BSFX","","","","S4/L4-","T",0,1,0,0,0,"F"
0,1,1,2,"*BFCS","peres002","","","K","T",1,0,1,0,0,"F"
0,2,2,2,"C*BBFS","peres002","","","K","T",1,0,1,0,0,"F"
1,0,1,2,".BFF*S","","","","K.BX1(23)","T",1,0,0,0,0,"F"
1,1,2,1,"BCBX","","","","63/G6","T",1,0,0,0,0,"F"
1,2,3,2,"BFCBBB","","","","W","T",0,1,0,0,0,"F"
1,2,1,0,"BX","donaj001","","","9/L9D+","T",1,0,1,0,0,"F"
0,0,3,2,"CBSBBB","","","","W","T",0,1,0,0,0,"F"
0,0,1,1,".CBX","dozih001","","","8/L8","T",1,0,1,0,0,"F"
0,1,0,1,"FX","dozih001","","","143/G2.1-2","T",1,0,2,0,0,"F"
0,2,3,1,"BBBCB","","dozih001","","W","T",0,1,0,2,0,"F"
0,2,3,2,"CF*BBB>F>X","lopen001","dozih001","","63/G6D","T",1,0,1,2,0,"F"
1,0,1,0,"BX","","","","9/F9","T",1,0,0,0,0,"F"
1,1,1,1,"CBX","","","","HR/F8XD","T",0,4,0,0,0,"F"
1,1,1,2,"CFBFX","","","","D9/G3","T",0,2,0,0,0,"F"
1,1,1,1,"FBX","","polaj001","","6/P6","T",1,0,0,2,0,"F"
1,2,1,2,"SF*BX","","polaj001","","63/G6","T",1,0,0,2,0,"F"
0,0,3,2,".BFCBBFFX","","","","5/F5D","T",1,0,0,0,0,"F"
0,1,0,2,"FFC","","","","K","T",1,0,0,0,0,"F"
0,2,1,1,"FBX","","","","63/G56+","T",1,0,0,0,0,"F"
1,0,0,1,"CX","","","","9/F9","T",1,0,0,0,0,"F"
1,1,0,1,"CX","","","","7/L7","T",1,0,0,0,0,"F"
1,2,3,2,"BCBSBX","","","","3/L4+","T",1,0,0,0,0,"F"
0,0,3,2,".BBBCSFB","","","","W","T",0,1,0,0,0,"F"
0,0,2,2,"FCBBX","ohear001","","","64(1)3/GDP/G6D+","T",2,0,0,0,0,"F"
0,2,1,1,"BFX","","","","8/F78XD+","T",1,0,0,0,0,"F"
1,0,2,2,"BFFFFB*S","","","","K","T",1,0,0,0,0,"F"
1,1,2,0,"BBX","","","","8/F89","T",1,0,0,0,0,"F"
1,2,3,0,"BBBB","","","","W","T",0,1,0,0,0,"F"
1,2,0,2,"CCX","kiria001","","","7/L7","T",1,0,1,0,0,"F"
0,0,0,0,".X","","","","63/G6","T",1,0,0,0,0,"F"
0,1,3,1,"BBBCX","","","","4/F4D","T",1,0,0,0,0,"F"
0,2,3,2,"CBCFFBBS","","","","K","T",1,0,0,0,0,"F"
1,0,3,0,".BBBB","","","","W","T",0,1,0,0,0,"F"
1,0,1,1,"B1C>X","keplm001","","","D8/L9D.1-H","T",0,2,4,0,0,"F"
1,0,1,2,"BFSFX","","simma001","","S7/L5D.2-H","T",0,1,0,4,0,"F"
1,0,3,2,"*BBFF*B*B","rortb001","","","W.1-2","T",0,1,2,0,0,"F"
1,0,3,1,"FB*BBB","arral001","rortb001","","W.2-3;1-2","T",0,1,2,3,0,"F"
1,0,0,1,"CX","donaj001","arral001","rortb001","3/P3D","T",1,0,1,2,3,"F"
1,1,0,0,"B","donaj001","arral001","rortb001","WP.3-H(NR);2-3;1-2","F",0,0,2,3,4,"F"
1,1,1,2,"B.SFX","","donaj001","arral001","8/SF/F89.3-H","T",1,0,0,2,4,"F"
1,2,3,1,"BBBCX","","donaj001","","4/L34D","T",1,0,0,2,0,"F"
0,0,0,0,"..X","","","","S8/G4M","T",0,1,0,0,0,"F"
0,0,1,0,".BX","mcbrr001","","","53/G5.1-2","T",1,0,2,0,0,"F"
0,1,0,2,".CSX","","mcbrr001","","63/G6","T",1,0,0,2,0,"F"
0,2,0,0,"X","","mcbrr001","","7/F7LS","T",1,0,0,2,0,"F"
0,0,0,2,"FFX","","","","53/G6","T",1,0,0,0,0,"T"
0,1,3,2,"BBSSBB","","","","W","T",0,1,0,0,0,"F"
0,1,0,2,"CFX","santc002","","","D87/L8D.1-H;B-3","T",0,3,4,0,0,"F"
0,1,1,2,"SSBX","","","peres002","7/SF/L7LD.3-H","T",1,0,0,0,4,"F"
0,2,0,2,"CFX","","","","3/G34-","T",1,0,0,0,0,"F"
1,0,1,2,"FBFX","","","","53/G5","T",1,0,0,0,0,"F"
1,1,3,2,"BFBSBB","","","","W","T",0,1,0,0,0,"F"
1,1,2,1,"BFBX","donaj001","","","9/F9S","T",1,0,1,0,0,"F"
1,2,3,2,"BF*B1C*B>X","donaj001","","","S7/G56+.1-2","T",0,1,2,0,0,"F"
1,2,1,2,"CBSX","polaj001","donaj001","","4/F89S","T",1,0,1,2,0,"F"
0,0,0,2,"FCX","","","","43/G6M","T",1,0,0,0,0,"F"
0,1,0,1,"FX","","","","8/F78XD+","T",1,0,0,0,0,"F"
0,2,0,0,"X","","","","S6/F78S","T",0,1,0,0,0,"F"
0,2,0,0,"11","taylm002","","","PO1(13)","F",1,0,0,0,0,"F"
1,0,2,2,"BCBFS","","","","K","T",1,0,0,0,0,"F"
1,1,0,2,"CCS","","","","K","T",1,0,0,0,0,"F"
1,2,2,1,"CBBX","","","","63/G56","T",1,0,0,0,0,"F"
0,0,2,2,"CSFBBX","","","","8/L8D","T",1,0,0,0,0,"F"
0,1,1,1,"CBX","","","","53/G56S","T",1,0,0,0,0,"F"
0,2,0,2,"SSX","","","","S9/G4+","T",0,1,0,0,0,"F"
0,2,1,2,"SBFX","santc002","","","HR/F89XD.1-H","T",0,4,4,0,0,"F"
0,2,2,1,"BBCX","","","","53/G5S","T",1,0,0,0,0,"F"
1,0,3,2,"CBBFFBX","","","","8/F78S","T",1,0,0,0,0,"F"
1,1,1,0,"BX","","","","9/F9LF/FL","T",1,0,0,0,0,"F"
1,2,1,2,"BFFC","","","","K","T",1,0,0,0,0,"F"
0,0,1,1,"BFX","","","","HR/F8XD","T",0,4,0,0,0,"F"
0,0,1,1,"BFX","","","","53/G56","T",1,0,0,0,0,"F"
0,1,0,2,"FCFX","","","","S8/L78D","T",0,1,0,0,0,"F"
0,1,1,2,"1B1>FS1X","benia002","","","D7/G5.1-3","T",0,2,3,0,0,"F"
0,1,3,0,"BBBB","","taylm002","benia002","W","T",0,1,0,2,3,"F"
0,1,1,2,"CS*BFX","lopen001","taylm002","benia002","D48/G6M.3-H;2-H;1-H;B-3(E8/TH)","T",0,3,4,4,4,"F"
0,1,3,2,".BSF*BBX","","","merrw001","3/G3.3-H(UR)","T",1,0,0,0,5,"F"
0,2,1,1,"FBX","","","","3/P3F/FL","T",1,0,0,0,0,"F"
1,0,0,1,"CX","","","","8/L8","T",1,0,0,0,0,"F"
1,1,1,2,"CBCS","","","","K","T",1,0,0,0,0,"F"
1,2,1,2,"BSFFS","","","","K","T",1,0,0,0,0,"F"
0,0,0,0,"X","","","","5/P56S","T",1,0,0,0,0,"F"
0,1,1,2,"CSBS","","","","K","T",1,0,0,0,0,"F"
0,2,3,2,"BBBCFFS","","","","K","T",1,0,0,0,0,"F"
1,0,1,0,"BX","","","","63/G6+","T",1,0,0,0,0,"F"
1,1,1,2,"SBFFC","","","","K","T",1,0,0,0,0,"F"
1,2,3,2,"BBCBCB","","","","W","T",0,1,0,0,0,"F"
1,2,3,2,"FFFBFBB>B","simma001","","","W.1-2","T",0,1,2,0,0,"F"
1,2,0,1,"SX","arral001","simma001","","64(1)/FO/G6.B-1","T",1,1,0,2,0,"F"
0,0,0,2,".CCX","","","","HR/F9D","T",0,4,0,0,0,"F"
0,0,0,1,"CX","","","","63/G6","T",1,0,0,0,0,"F"
0,1,3,2,"BBBCFB","","","","W","T",0,1,0,0,0,"F"
0,1,0,1,"CX","lopen001","","","64(1)3/GDP/G6M-","T",2,0,0,0,0,"F"
1,0,0,2,"CSX","","","","53/G56","T",1,0,0,0,0,"F"
1,1,2,2,"CBFBX","","","","13/G56S","T",1,0,0,0,0,"F"
1,2,0,0,"X","","","","E6/TH/G6+.B-1","T",0,1,0,0,0,"F"
1,2,1,2,"*BFFF*S","polaj001","","","K.BX1(23)","T",1,0,1,0,0,"F"
0,0,1,2,"...CBFT","","","","K","T",1,0,0,0,0,"F"
0,1,0,0,".X","","","","S9/L89D+","T",0,1,0,0,0,"F"
0,1,2,2,"CBBFX","gallc001","","","C/E2.1-2;B-1","T",0,1,2,0,0,"F"
0,1,1,2,"S*BFS","solej001","gallc001","","K","T",1,0,1,2,0,"F"
0,2,1,2,"FBSS","solej001","gallc001","","K","T",1,0,1,2,0,"F"
1,0,1,0,"...BX","","","","8/F8","T",1,0,0,0,0,"F"
1,1,0,1,"FX","","","","HR/F78XD","T",0,4,0,0,0,"F"
1,1,0,1,"CX","","","","8/L8D","T",1,0,0,0,0,"F"
1,2,2,1,"BBCX","","","","13/G6MS","T",1,0,0,0,0,"F"
0,0,0,1,"CX","","","","HR/F7D","T",0,4,0,0,0,"F"
0,0,0,1,"CX","","","","43/G34","T",1,0,0,0,0,"F"
0,1,1,1,"CBX","","","","43/G4","T",1,0,0,0,0,"F"
0,2,1,1,"SBX","","","","7/L7D+","T",1,0,0,0,0,"F"
1,0,1,2,".CFBC","","","","K","T",1,0,0,0,0,"F"
1,1,0,1,"FX","","","","S8/G6M","T",0,1,0,0,0,"F"
1,1,2,2,"BBSCFX","astuw001","","","HR/F78XD.1-H","T",0,4,4,0,0,"F"
1,1,3,1,"BBBCX","","","","63/G56","T",1,0,0,0,0,"F"
1,2,1,0,"BX","","","","63/G6","T",1,0,0,0,0,"F"
0,0,0,1,".CX","","","","S7/G56","T",0,1,0,0,0,"F"
0,0,1,0,"*BX","santc002","","","8/L8XD","T",1,0,1,0,0,"F"
0,1,1,0,"BX","santc002","","","6/L56","T",1,0,1,0,0,"F"
0,2,2,2,"BFFBX","santc002","","","9/L9+","T",1,0,1,0,0,"F"
1,0,1,1,"BCX","","","","13/G2-","T",1,0,0,0,0,"F"
1,1,1,2,"BCFS","","","","K","T",1,0,0,0,0,"F"
1,2,0,1,"CX","","","","S8/G6","T",0,1,0,0,0,"F"
1,2,3,2,"FFBBB>*B","simma001","","","W.1-2","T",0,1,2,0,0,"F"
1,2,0,1,"FN","arral001","simma001","","BK.2-3;1-2","F",0,0,2,3,0,"F"
1,2,0,1,"FN.X","","arral001","simma001","53/G56S-","T",1,0,0,2,3,"F"
0,0,0,0,"X","","","","63/G6M","T",1,0,0,0,0,"T"
0,1,0,1,"CX","","","","S9/G4+","T",0,1,0,0,0,"F"
0,1,0,1,"CX","santc002","","","7/L7D","T",1,0,1,0,0,"F"
0,2,2,1,"CBBX","santc002","","","64(1)/FO/G56+.B-1","T",1,1,0,0,0,"F"
1,0,0,0,"H","","","","HP","T",0,1,0,0,0,"F"
1,0,1,2,"BFSFX","arral001","","","64(1)3/GDP/G6D+","T",2,0,0,0,0,"F"
1,2,3,2,"SBBBFX","","","","43/G6MD+","T",1,0,0,0,0,"F"
0,0,1,1,"BCX","","","","S8/G6M","T",0,1,0,0,0,"F"
0,0,1,2,"11B>F1S>S","benia002","","","K+CS2(24)/DP","T",2,0,0,0,0,"F"
0,2,1,2,"SSFBS","","","","K","T",1,0,0,0,0,"F"
1,0,1,0,"BX","","","","3/P34","T",1,0,0,0,0,"F"
1,1,2,2,"BBSFC","","","","K","T",1,0,0,0,0,"F"
1,2,0,1,"CX","","","","7/F7LS","T",1,0,0,0,0,"F"
0,0,0,2,"CC*S","","","","K","T",1,0,0,0,0,"F"
0,1,1,2,"BCCFFS","","","","K","T",1,0,0,0,0,"F"
0,2,1,2,"CBFC","","","","K","T",1,0,0,0,0,"F"
1,0,2,2,"FBSBX","","","","9/L9LD+","T",1,0,0,0,0,"F"
1,1,1,1,"CBH","","","","HP","T",0,1,0,0,0,"F"
1,1,1,1,"11*BC11X","cavej001","","","HR/F7D.1-H","T",0,4,4,0,0,"F"
1,1,0,0,"X","","","","S9/L9","T",0,1,0,0,0,"F"
1,1,1,2,"CSBX","arral001","","","FC5/G5D.1-2(E5);B-1","T",0,1,2,0,0,"F"
1,1,1,1,"BFX","donaj001","arral001","","S5/G5S.2-H(E5/TH)(NR)(UR);1-3","T",0,1,3,5,0,"F"
1,1,0,1,"FB","buxtb001","","donaj001","WP.1-2","F",0,0,2,0,3,"F"
1,1,3,1,"FB.VVV","","buxtb001","donaj001","IW","T",0,1,0,2,3,"F"
1,1,1,2,"CBFFX","cruzn002","buxtb001","donaj001","9/SF/F9.3-H(UR);2-3","T",1,0,1,3,5,"F"
1,2,1,0,"*BX","cruzn002","","buxtb001","HR/F7D.3-H(UR);1-H(UR);B-H(UR)","T",0,5,5,0,5,"F"
1,2,1,0,"BX","","","","D8/L8XD+","T",0,2,0,0,0,"F"
1,2,0,2,"CFC","","keplm001","","K","T",1,0,0,2,0,"F"
0,0,3,2,"BCFBBX","","","","S9/L9LD+","T",0,1,0,0,0,"F"
0,0,2,2,"SSB*BS","santc002","","","K","T",1,0,1,0,0,"F"
0,1,0,1,"CX","santc002","","","46(1)/FO/G6MD.B-1","T",1,1,0,0,0,"F"
0,2,1,1,"BCX","solej001","","","S7/L7.1-2","T",0,1,2,0,0,"F"
0,2,2,0,"BBX","benia002","solej001","","HR/F78XD.2-H;1-H","T",0,4,4,4,0,"F"
0,2,2,2,"BSCBX","","","","13/G4MS","T",1,0,0,0,0,"F"
1,0,1,1,"CBX","","","","8/L8XD","T",1,0,0,0,0,"F"
1,1,2,0,"BBX","","","","7/F7D","T",1,0,0,0,0,"F"
1,2,2,0,"BBX","","","","D8/L89XD+","T",0,2,0,0,0,"F"
1,2,2,2,"*BCFBS","","donaj001","","K","T",1,0,0,2,0,"F"
0,0,0,0,"X","","","","9/L89D","T",1,0,0,0,0,"F"
0,1,3,1,"BBBCB","","","","W","T",0,1,0,0,0,"F"
0,1,0,1,"FX","lopen001","","","D7/L78XD+.1-H","T",0,2,4,0,0,"F"
0,1,2,1,"BBC2X","","merrw001","","6/P6D","T",1,0,0,2,0,"F"
0,2,2,2,"BFSBS","","merrw001","","K","T",1,0,0,2,0,"F"
1,0,1,2,"FFBX","","","","53/G5","T",1,0,0,0,0,"F"
1,1,1,2,".BSSS","","","","K","T",1,0,0,0,0,"F"
1,2,2,2,"BBCCX","","","","S67/G6+","T",0,1,0,0,0,"F"
1,2,1,2,"BFSX","garvm001","","","5/P56S","T",1,0,1,0,0,"F"
0,0,1,1,"CBX","","","","E6/TH/G6S.B-1","T",0,1,0,0,0,"F"
0,0,3,2,"SBBFFF*BFX","solej001","","","46(1)/FO/G34D+.B-1","T",1,1,0,0,0,"F"
0,1,0,2,"C*SFS","benia002","","","K","T",1,0,1,0,0,"F"
0,2,1,2,"BSSS","benia002","","","K","T",1,0,1,0,0,"F"
1,0,2,0,"BBX","","","","63/G6S","T",1,0,0,0,0,"F"
1,1,0,0,"X","","","","S4/G6M","T",0,1,0,0,0,"F"
1,1,1,1,"C*B1X","simma001","","","T8/L89XD.1-H","T",0,3,4,0,0,"F"
1,1,0,1,".FX","","","arral001","D7/L7LD+.3-H","T",0,2,0,0,4,"F"
1,1,0,0,"X","","donaj001","","D8/L8XD.2-H","T",0,2,0,4,0,"F"
1,1,2,2,"C*BBSC","","buxtb001","","K","T",1,0,0,2,0,"F"
1,2,1,2,"F*S*BFC","","buxtb001","","K","T",1,0,0,2,0,"F"
0,0,1,1,".CBX","","","","13/G4MS+","T",1,0,0,0,0,"F"
0,1,3,1,"BBCBB","","","","W","T",0,1,0,0,0,"F"
0,1,1,1,"BCX","lopen001","","","7/L78","T",1,0,1,0,0,"F"
0,2,0,2,"CCFX","lopen001","","","S8/G6M.1-2","T",0,1,2,0,0,"F"
0,2,1,0,"BX","santc002","lopen001","","53/G5D+","T",1,0,1,2,0,"F"
1,0,2,2,"..CSBFBX","","","","13/G1","T",1,0,0,0,0,"F"
1,1,0,1,"SX","","","","3/G3","T",1,0,0,0,0,"F"
1,2,3,1,"BBBCB","","","","W","T",0,1,0,0,0,"F"
1,2,2,2,"CC*BBFF*S","cavej001","","","K","T",1,0,1,0,0,"F"
0,0,3,2,".CBBFBS","","","","K","T",1,0,0,0,0,"F"
0,1,2,2,"BTBTFX","","","","4/L34D","T",1,0,0,0,0,"F"
0,2,1,2,"BFSX","","","","D7/L7D+","T",0,2,0,0,0,"F"
0,2,2,2,"SCFF*BBS","","dozih001","","K","T",1,0,0,2,0,"F"
1,0,0,1,"..CX","","","","S8/G6M","T",0,1,0,0,0,"F"
1,0,2,1,"BBSX","arral001","","","8/L8XD+","T",1,0,1,0,0,"F"
1,1,1,2,"BFFS","arral001","","","K","T",1,0,1,0,0,"F"
1,2,0,0,"X","arral001","","","S9/G34.1-3","T",0,1,3,0,0,"F"
1,2,0,0,"X","cruzn002","","arral001","HR/F9D.3-H;1-H","T",0,4,4,0,4,"F"
1,2,0,1,"SX","","","","3/P3","T",1,0,0,0,0,"F"
0,0,3,2,"..CBBBTB","","","","W","T",0,1,0,0,0,"F"
0,0,0,2,"FSFFX","dysoj001","","","9/F9","T",1,0,1,0,0,"F"
0,1,0,1,"SX","dysoj001","","","64(1)3/GDP/G4MS","T",2,0,0,0,0,"F"
0,0,0,1,"FX","","","","63/G4MD+","T",1,0,0,0,0,"T"
0,1,0,1,"CX","","","","63/G6","T",1,0,0,0,0,"F"
0,2,3,2,"BCFBBC","","","","K","T",1,0,0,0,0,"F"
1,0,2,1,"BFBX","","","","53/G6","T",1,0,0,0,0,"F"
1,1,3,1,"BCBBX","","","","53/G56","T",1,0,0,0,0,"F"
1,2,0,1,"CX","","","","63/G6","T",1,0,0,0,0,"F"
0,0,3,2,"BBBFFC","","","","K","T",1,0,0,0,0,"F"
0,1,3,2,"BCBFFBB","","","","W","T",0,1,0,0,0,"F"
0,1,2,2,"*B1*BC11>FX","garca005","","","S58/L8.1-2","T",0,1,2,0,0,"F"
0,1,0,2,"CSX","dahld001","garca005","","64(1)/FO/G6M.2-3;B-1","T",1,1,0,3,0,"F"
0,2,0,0,">B","kinei001","","garca005","SB2","F",0,0,2,0,3,"F"
0,2,2,2,">B.CBCT","","kinei001","garca005","K","T",1,0,0,2,3,"F"
1,0,3,2,"BBCCB*S","","","","K","T",1,0,0,0,0,"F"
1,1,2,1,"BFBX","","","","D9/G3","T",0,2,0,0,0,"F"
1,1,0,0,"X","","kiria001","","9/F9LD.2-H(E9/TH)(NR)(UR)","T",1,0,0,5,0,"F"
1,2,1,2,"CCB*S","","","","K","T",1,0,0,0,0,"F"
0,0,2,1,"BBSX","","","","7/F7D","T",1,0,0,0,0,"F"
0,1,2,2,"CBBSS","","","","K","T",1,0,0,0,0,"F"
0,2,3,1,"BBBCB","","","","W","T",0,1,0,0,0,"F"
0,2,1,2,"F1FB1>X","solan001","","","S9/G34.1-3","T",0,1,3,0,0,"F"
0,2,2,2,"BBSF>*B","lowen001","","solan001","SB2","F",0,0,2,0,3,"F"
0,2,3,2,"BBSF>*B.T","","lowen001","solan001","K","T",1,0,0,2,3,"F"
1,0,0,0,"X","","","","43/G4M","T",1,0,0,0,0,"F"
1,1,1,2,"CBFS","","","","K","T",1,0,0,0,0,"F"
1,2,2,0,"BBX","","","","S9/L9LD+","T",0,1,0,0,0,"F"
1,2,0,0,"X","arral001","","","D7/L7LS.1-H","T",0,2,4,0,0,"F"
1,2,0,0,"X","","donaj001","","6/L56D+","T",1,0,0,2,0,"F"
0,0,3,2,"CBSBBT","","","","K","T",1,0,0,0,0,"F"
0,1,2,2,"CBCBFFS","","","","K","T",1,0,0,0,0,"F"
0,2,1,1,"SBX","","","","31/G34","T",1,0,0,0,0,"F"
1,0,3,1,"SBBBX","","","","63/G6","T",1,0,0,0,0,"F"
1,1,1,2,"CFBFT","","","","K","T",1,0,0,0,0,"F"
1,2,3,2,"CFBBFBB","","","","W","T",0,1,0,0,0,"F"
1,2,1,0,"BX","polaj001","","","43/G34D","T",1,0,1,0,0,"F"
0,0,1,2,"CBCX","","","","53/G5S-","T",1,0,0,0,0,"F"
0,1,3,2,"FCBBBX","","","","31/G34S-","T",1,0,0,0,0,"F"
0,2,3,2,"SBSBBC","","","","K","T",1,0,0,0,0,"F"
1,0,0,0,"X","","","","63/G56","T",1,0,0,0,0,"F"
1,1,1,2,"FSFBC","","","","K","T",1,0,0,0,0,"F"
1,2,0,0,"X","","","","43/G4","T",1,0,0,0,0,"F"
0,0,1,0,"BX","","","","53/G5+","T",1,0,0,0,0,"F"
0,1,1,2,".BCSFX","","","","D7/F78XD+","T",0,2,0,0,0,"F"
0,1,3,2,"SBBCBB","","lowen001","","W","T",0,1,0,2,0,"F"
0,1,1,2,"BCCX","gallj002","lowen001","","8/F8XD.2-3","T",1,0,1,3,0,"F"
0,2,0,1,"CX","gallj002","","lowen001","63/G6MD","T",1,0,1,0,3,"F"
1,0,0,0,"X","","","","8/F8XD+","T",1,0,0,0,0,"F"
1,1,3,2,"CBSBFFBB","","","","W","T",0,1,0,0,0,"F"
1,1,1,1,"B1S>B","buxtb001","","","SB2","F",0,0,2,0,0,"F"
1,1,2,2,"B1S>B.*SX","","buxtb001","","63/G6.2-3","T",1,0,0,3,0,"F"
1,2,3,1,".B*BBCX","","","buxtb001","D7/L7D+.3-H","T",0,2,0,0,4,"F"
1,2,2,2,"BBFFX","","kiria001","","T8/F89XD+.2-H","T",0,3,0,4,0,"F"
1,2,1,1,"BCX","","","polaj001","S8/L8S.3-H","T",0,1,0,0,4,"F"
1,2,0,0,">C","keplm001","","","SB2","F",0,0,2,0,0,"F"
1,2,1,2,">C.CBX","","keplm001","","7/F7D","T",1,0,0,2,0,"F"
0,0,1,0,"..BX","","","","9/F9D","T",1,0,0,0,0,"F"
0,1,2,1,"BSBX","","","","S7/L7L","T",0,1,0,0,0,"F"
0,1,2,2,"BS*BSS","culbc001","","","K","T",1,0,1,0,0,"F"
0,2,3,1,"BBBCB","culbc001","","","W.1-2","T",0,1,2,0,0,"F"
0,2,1,1,"CBX","calhw001","culbc001","","54(1)/FO/G56.B-1","T",1,1,0,2,0,"F"
1,0,1,1,"CBX","","","","7/F78D","T",1,0,0,0,0,"F"
1,1,2,2,"CBFBS","","","","K","T",1,0,0,0,0,"F"
1,2,2,1,"CBBX","","","","53/G56","T",1,0,0,0,0,"F"
0,0,1,2,".CFBT","","","","K","T",1,0,0,0,0,"F"
0,1,0,0,"X","","","","S9/L89+","T",0,1,0,0,0,"F"
0,1,1,1,"SBX","gallj002","","","HR/F78XD.1-H","T",0,4,4,0,0,"F"
0,1,3,2,"CSBFBBB","","","","W","T",0,1,0,0,0,"F"
0,1,1,1,".C*BX","dahld001","","","D7/L78XD+.1-3","T",0,2,3,0,0,"F"
0,1,0,1,"CX","","kinei001","dahld001","63/G6+.3-H;2-3","T",1,0,0,3,4,"F"
0,2,2,2,"BBCFX","","","kinei001","3/G34","T",1,0,0,0,3,"F"
1,0,2,2,"BCFBS","","","","K","T",1,0,0,0,0,"F"
1,1,2,1,"BBFX","","","","S7/L7L","T",0,1,0,0,0,"F"
1,1,2,1,"BFBX","cruzn002","","","6(1)/FO/G4.B-1","T",1,1,0,0,0,"F"
1,2,1,2,"BFSF1X","kiria001","","","D7/L78XD.1-H","T",0,2,4,0,0,"F"
1,2,1,1,"FBX","","polaj001","","8/L8D","T",1,0,0,2,0,"F"
0,0,1,2,".CBCX","","","","53/G6M","T",1,0,0,0,0,"F"
0,1,0,2,"CSX","","","","S49/F34D","T",0,1,0,0,0,"F"
0,1,3,1,"BCBBX","solan001","","","6(1)/FO/G6M.B-2(E6/TH)","T",1,2,0,0,0,"F"
0,2,0,1,"T.X","","lowen001","","HR/F9D.2-H","T",0,4,0,4,0,"F"
0,2,1,2,"CFBS","","","","K","T",1,0,0,0,0,"F"
0,0,2,2,"CFFBBFFH","","","","HP","T",0,1,0,0,0,"T"
0,0,3,1,"1CBBBX","kinei001","","","23/G2-.1-2","T",1,0,2,0,0,"F"
0,1,3,2,"BBCS*BB","","kinei001","","W","T",0,1,0,2,0,"F"
0,1,0,0,"X","lowen001","kinei001","","S9/L89D+.2-H;1-2","T",0,1,2,4,0,"F"
0,1,1,2,"SCBFX","garca005","lowen001","","8/F8XD+","T",1,0,1,2,0,"F"
0,2,2,2,"BFBFX","garca005","lowen001","","43/G4D+","T",1,0,1,2,0,"F"
1,0,1,1,"CBX","","","","53/G6+","T",1,0,0,0,0,"F"
1,1,3,1,"BBCBB","","","","W","T",0,1,0,0,0,"F"
1,1,1,0,"BX","donaj001","","","HR/F78XD.1-H","T",0,4,4,0,0,"F"
1,1,1,0,"BX","","","","63/G6","T",1,0,0,0,0,"F"
1,2,3,2,"BBBCS*B","","","","W","T",0,1,0,0,0,"F"
1,2,0,2,"CC>S","polaj001","","","K","T",1,0,1,0,0,"F"
0,0,3,1,"BBCBX","","","","3/P3SF/FL","T",1,0,0,0,0,"F"
0,1,1,2,"SCBX","","","","DGR/L7LD","T",0,2,0,0,0,"F"
0,1,1,2,"FBFF*S","","dahld001","","K","T",1,0,0,2,0,"F"
0,2,1,2,"SF*BX","","dahld001","","4/L4D","T",1,0,0,2,0,"F"
1,0,0,0,"X","","","","43/G34","T",1,0,0,0,0,"F"
1,1,2,0,"BBX","","","","43/G4M","T",1,0,0,0,0,"F"
1,2,3,2,"BSSBFBC","","","","K","T",1,0,0,0,0,"F"
0,0,2,2,"CFBBFX","","","","S7/G56+","T",0,1,0,0,0,"F"
0,0,1,1,"BCX","solan001","","","7/F7LD","T",1,0,1,0,0,"F"
0,1,0,1,"1SX","solan001","","","9/F3D","T",1,0,1,0,0,"F"
0,2,2,2,"1FBFBFFX","solan001","","","5/P5F/FL","T",1,0,1,0,0,"F"
1,0,0,2,"CSX","","","","13/G4MS","T",1,0,0,0,0,"F"
1,1,1,2,"SBSS","","","","K","T",1,0,0,0,0,"F"
1,2,1,2,"BSSS","","","","K","T",1,0,0,0,0,"F"
0,0,1,0,"BX","","","","43/G34","T",1,0,0,0,0,"F"
0,1,2,2,"TBFBX","","","","43/G4","T",1,0,0,0,0,"F"
0,2,0,1,"CX","","","","53/G56","T",1,0,0,0,0,"F"
1,0,2,2,"SFBBFX","","","","8/F89D","T",1,0,0,0,0,"F"
1,1,0,2,"CFS","","","","K","T",1,0,0,0,0,"F"
1,2,2,1,"SBBX","","","","S9/L9LD","T",0,1,0,0,0,"F"
1,2,1,0,"BX","garvm001","","","8/L78D","T",1,0,1,0,0,"F"
0,0,1,1,"CBX","","","","43/G4M","T",1,0,0,0,0,"F"
0,1,3,2,"BBBCFC","","","","K","T",1,0,0,0,0,"F"
0,2,2,1,"BCBX","","","","8/L8XD+","T",1,0,0,0,0,"F"
1,0,0,1,"FX","","","","HR/L7D","T",0,4,0,0,0,"F"
1,0,3,2,"CBFBBX","","","","63/G6S","T",1,0,0,0,0,"F"
1,1,1,0,"BX","","","","9/F89D","T",1,0,0,0,0,"F"
1,2,2,2,"CBBCX","","","","9/F89XD","T",1,0,0,0,0,"F"
0,0,2,2,"CCBBC","","","","K","T",1,0,0,0,0,"F"
0,1,3,2,"CBFFBFBX","","","","S8/G6+","T",0,1,0,0,0,"F"
0,1,2,2,".11CSB1BX","garca005","","","3/G3S-.1-2","T",1,0,2,0,0,"F"
0,2,3,0,"B2BBB","","garca005","","W","T",0,1,0,2,0,"F"
0,2,0,2,"CFC","calhw001","garca005","","K","T",1,0,1,2,0,"F"
1,0,1,2,"BFSC","","","","K","T",1,0,0,0,0,"F"
1,1,0,0,"X","","","","4/P4","T",1,0,0,0,0,"F"
1,2,2,2,"BCCBFC","","","","K","T",1,0,0,0,0,"F"
0,0,2,2,"CFBFBFFX","","","","8/L78D+","T",1,0,0,0,0,"F"
0,1,0,1,"FX","","","","9/F89","T",1,0,0,0,0,"F"
0,2,0,2,"CFFFX","","","","43/G4D+","T",1,0,0,0,0,"F"
1,0,0,1,"CX","","","","6/P5D","T",1,0,0,0,0,"F"
1,1,0,1,"CX","","","","43/G34","T",1,0,0,0,0,"F"
1,2,1,1,"BFX","","","","13/G2-","T",1,0,0,0,0,"F"
0,0,0,2,".CFX","","","","43/G4M","T",1,0,0,0,0,"F"
0,1,3,2,"BCBFBX","","","","DGR/L7LD+","T",0,2,0,0,0,"F"
0,1,2,2,"*BSCBS","","lowen001","","K","T",1,0,0,2,0,"F"
0,2,2,2,".SSBBS","","lowen001","","K","T",1,0,0,2,0,"F"
1,0,3,2,"SCBBBX","","","","3/G34","T",1,0,0,0,0,"F"
1,1,1,2,"FFBX","","","","5/P5F/FL","T",1,0,0,0,0,"F"
1,2,3,2,"CBSBBC","","","","K","T",1,0,0,0,0,"F"
0,0,2,0,"BBX","","","","HR/F89XD","T",0,4,0,0,0,"F"
0,0,1,2,"BFSX","","","","S5/G56S","T",0,1,0,0,0,"F"
0,0,0,1,".CX","culbc001","","","S7/G56.1-2","T",0,1,2,0,0,"F"
0,0,0,0,"..X","white006","culbc001","","24/SH/BG2.2-3;1-2","T",1,0,2,3,0,"F"
0,1,0,0,"X","","white006","culbc001","6/SF/F6D.3-H","T",1,0,0,2,4,"F"
0,2,2,2,"CTFFBFFBX","","white006","","8/F8XD+","T",1,0,0,2,0,"F"
1,0,0,0,"...X","","","","9/L9D","T",1,0,0,0,0,"F"
1,1,0,2,"CFT","","","","K","T",1,0,0,0,0,"F"
1,2,2,2,"BCSBFFFC","","","","K","T",1,0,0,0,0,"F"
0,0,0,0,"..X","","solan001","","7/L78D","T",1,0,0,2,0,"F"
0,1,0,1,"SX","","solan001","","HR/F7D.2-H(UR)","T",0,4,0,5,0,"F"
0,1,2,1,"CBBX","","","","D9/L9D+","T",0,2,0,0,0,"F"
0,1,2,2,"CB*S*BX","","gallj002","","3/G3.2-3","T",1,0,0,3,0,"F"
0,2,0,1,"FX","","","gallj002","D7/L7LD+.3-H","T",0,2,0,0,4,"F"
0,2,2,2,".SFBBFS","","culbc001","","K","T",1,0,0,2,0,"F"
1,0,0,0,"..X","","polaj001","","S7/L78+.2-3","T",0,1,0,3,0,"F"
1,0,0,2,"TCS","garvm001","","polaj001","K","T",1,0,1,0,3,"F"
1,1,1,1,"SBX","garvm001","","polaj001","64(1)3/GDP/G6+","T",2,0,0,0,3,"F"
0,0,1,2,"BCFX","","","","53/G56S","T",1,0,0,0,0,"T"
0,1,1,2,"CBFX","","","","8/F8XD+","T",1,0,0,0,0,"F"
0,2,3,2,"BSCBFBX","","","","63/G6MS","T",1,0,0,0,0,"F"
1,0,0,2,"CFS","","","","K","T",1,0,0,0,0,"F"
1,1,1,2,"FBFS","","","","K","T",1,0,0,0,0,"F"
1,2,2,2,"SBSBS","","","","K","T",1,0,0,0,0,"F"
0,0,0,0,"X","","","","S7/L78+","T",0,1,0,0,0,"F"
0,0,0,0,"X","garca005","","","5/P5F/FL","T",1,0,1,0,0,"F"
0,1,0,1,"CX","garca005","","","6(1)/FO/G4M+.B-1","T",1,1,0,0,0,"F"
0,2,1,1,"FB1X","ibana001","","","13/G1","T",1,0,1,0,0,"F"
1,0,1,0,"BX","","","","63/G15","T",1,0,0,0,0,"F"
1,1,0,1,"FX","","","","HR/F7D","T",0,4,0,0,0,"F"
1,1,2,2,"CBFBFS","","","","K","T",1,0,0,0,0,"F"
1,2,3,2,"FSFBBFBC","","","","K","T",1,0,0,0,0,"F"
0,0,3,2,"BCBBCX","","","","13/L6M+","T",1,0,0,0,0,"F"
0,1,2,2,"BFCBS","","","","K","T",1,0,0,0,0,"F"
0,2,0,0,"X","","","","63/G6","T",1,0,0,0,0,"F"
1,0,0,2,"SSS","","","","K","T",1,0,0,0,0,"F"
1,1,3,2,"CBSBFB*S","","","","K.BX1(23)","T",1,0,0,0,0,"F"
1,2,0,1,"CX","","","","D7/L7D+","T",0,2,0,0,0,"F"
1,2,1,2,"FCF*BX","","buxtb001","","3/P3SF/FL","T",1,0,0,2,0,"F"
0,0,0,1,"CX","","","","S9/L9LD","T",0,1,0,0,0,"F"
0,0,2,2,"B1F1FBB","solan001","","","WP.1-2","F",0,0,2,0,0,"F"
0,0,3,2,"B1F1FBB.X","","solan001","","S9/G34+.2-3","T",0,1,0,3,0,"F"
0,0,0,2,"CFFS","lowen001","","solan001","K","T",1,0,1,0,3,"F"
0,1,0,1,"SX","lowen001","","solan001","46(1)/FO/G4.3-H;B-1","T",1,1,0,0,4,"F"
0,2,1,2,"1BFFX","gallj002","","","S7/L7.1-2","T",0,1,2,0,0,"F"
0,2,0,2,"CFX","ibana001","gallj002","","4/L4","T",1,0,1,2,0,"F"
1,0,2,2,"BCBSFX","","","","S8/G6M+","T",0,1,0,0,0,"F"
1,0,1,1,"*BSX","cruzn002","","","DGR/F7LD.1-3","T",0,2,3,0,0,"F"
1,0,3,0,"BBBB","","garlk001","cruzn002","W","T",0,1,0,2,3,"F"
1,0,2,2,"B*BFFFS","garvm001","garlk001","cruzn002","K","T",1,0,1,2,3,"F"
1,1,0,1,".CX","garvm001","garlk001","cruzn002","12(3)/FO/G4MS.2-3;1-2;B-1","T",1,1,2,3,0,"F"
1,2,2,1,"BFBX","keplm001","garvm001","garlk001","64(1)/FO/G6+.B-1","T",1,1,0,2,3,"F"
0,0,2,2,"BCBCX","","","","5/L56+","T",1,0,0,0,0,"F"
0,1,1,1,"BCX","","","","43/G4","T",1,0,0,0,0,"F"
0,2,3,1,"BCBBX","","","","7/F7","T",1,0,0,0,0,"F"
1,0,0,0,"X","","","","53/G56","T",1,0,0,0,0,"F"
1,1,3,2,"CBTBFBS","","","","K","T",1,0,0,0,0,"F"
1,2,0,0,"X","","","","S7/G6+","T",0,1,0,0,0,"F"
1,2,3,2,"BCBFFB>S","donaj001","","","K","T",1,0,1,0,0,"F"
0,0,3,2,"BCBFBB","","","","W","T",0,1,0,0,0,"F"
0,0,3,2,"C1S*BBB>X","solan001","","","S9/G34.1-3","T",0,1,3,0,0,"F"
0,0,1,2,".FBFB","lowen001","","solan001","WP.3-H(NR);1-2","F",0,0,2,0,4,"F"
0,0,3,2,".FBFB.*BFFB","","lowen001","","W","T",0,1,0,2,0,"F"
0,0,0,2,"CFX","garca005","lowen001","","3/G3.2-3;1-2","T",1,0,2,3,0,"F"
0,1,1,2,"BSSX","","garca005","lowen001","8/SF/F78XD+.3-H","T",1,0,0,2,4,"F"
0,2,0,2,"CTX","","garca005","","7/F78","T",1,0,0,2,0,"F"
1,0,2,1,"BFBX","","","","D9/L9LS","T",0,2,0,0,0,"F"
1,0,1,2,"BCSX","","garlk001","","53/G5","T",1,0,0,2,0,"F"
1,1,0,1,"CX","","garlk001","","63/G6","T",1,0,0,2,0,"F"
1,2,0,2,"SST","","garlk001","","K","T",1,0,0,2,0,"F"
0,0,2,1,".BCBX","","","","S7/L78-","T",0,1,0,0,0,"F"
0,0,0,0,"X","trevj001","","","64(1)/FO/G6.B-1","T",1,1,0,0,0,"F"
0,1,0,0,"1>C","white006","","","SB2","F",0,0,2,0,0,"F"
0,1,3,2,"1>C.*BTFF*B*BFB","","white006","","W","T",0,1,0,2,0,"F"
0,1,0,0,"X","kinei001","white006","","64(1)3/GDP/G6S","T",2,0,0,2,0,"F"
1,0,3,1,".BBBCX","","","","S7/G56+","T",0,1,0,0,0,"F"
1,0,1,2,"C*BCX","sanom001","","","13/G15.1-2","T",1,0,2,0,0,"F"
1,1,1,0,"BX","","sanom001","","9/F9L+.2-3","T",1,0,0,3,0,"F"
1,2,0,0,"X","","","sanom001","4/P4","T",1,0,0,0,3,"F"
0,0,1,2,"CCBS","","","","K","T",1,0,0,0,0,"F"
0,1,0,2,"FS*S","","","","K","T",1,0,0,0,0,"F"
0,2,3,0,"BBBB","","","","W","T",0,1,0,0,0,"F"
0,2,3,2,"BBCBS>X","gallj002","","","9/F9","T",1,0,1,0,0,"F"
1,0,1,2,".BSSX","","","","S9/F9D+","T",0,1,0,0,0,"F"
1,0,2,2,"SBFBS","cruzn002","","","K","T",1,0,1,0,0,"F"
1,1,1,1,"BCX","cruzn002","","","4(1)3/GDP/G4M","T",2,0,0,0,0,"F"
0,0,3,2,".BCBFFBX","","","","S8/L8","T",0,1,0,0,0,"F"
0,0,1,2,"BC1FFFX","culbc001","","","54(1)3/GDP/G56S","T",2,0,0,0,0,"F"
0,2,3,2,"BBFSBX","","","","8/F89XD+","T",1,0,0,0,0,"F"
1,0,0,2,".CCS","","","","K","T",1,0,0,0,0,"F"
1,1,2,2,"CBFBS","","","","K","T",1,0,0,0,0,"F"
1,2,3,2,"CCBBBB","","","","W","T",0,1,0,0,0,"F"
1,2,0,2,"FSS","sanom001","","","K","T",1,0,1,0,0,"F"
0,0,1,2,"FBFFS","","","","K","T",1,0,0,0,0,"T"
0,1,0,0,"X","","","","63/G6+","T",1,0,0,0,0,"F"
0,2,0,2,"CC*S","","","","K","T",1,0,0,0,0,"F"
1,0,2,0,"BBX","","","","HR/F89XD","T",0,4,0,0,0,"F"
1,0,0,2,"FSX","","","","53/G56","T",1,0,0,0,0,"F"
1,1,0,0,"X","","","","9/F9D","T",1,0,0,0,0,"F"
1,2,1,2,"SFBX","","","","8/F8D","T",1,0,0,0,0,"F"
0,0,1,0,"BX","","","","HR/F8XD","T",0,4,0,0,0,"F"
0,0,0,0,"X","","","","D9/L9LD","T",0,2,0,0,0,"F"
0,0,1,2,"BCFX","","garca005","","9/L89+.2-3","T",1,0,0,3,0,"F"
0,1,1,2,"CSBFX","","","garca005","S9/L3D-.3-H","T",0,1,0,0,4,"F"
0,1,3,2,"F1S*BB1F*B>S","kinei001","","","K+CS2(24)/DP","T",2,0,0,0,0,"F"
1,0,2,1,"BTBX","","","","5/L5","T",1,0,0,0,0,"F"
1,1,0,2,"CS*S","","","","K","T",1,0,0,0,0,"F"
1,2,3,2,"FBFBBB","","","","W","T",0,1,0,0,0,"F"
1,2,1,0,"*B>*B","gordn001","","","SB2","F",0,0,2,0,0,"F"
1,2,2,1,"*B>*B.CX","","gordn001","","S5/G56S.2-3","T",0,1,0,3,0,"F"
1,2,0,0,"X","simma001","","gordn001","9/F89XD+","T",1,0,1,0,3,"F"
0,0,0,2,"CCX","","","","6/P6M","T",1,0,0,0,0,"F"
0,1,2,2,"CCBBX","","","","S9/L9","T",0,1,0,0,0,"F"
0,1,0,1,"CX","calhw001","","","7/L78+","T",1,0,1,0,0,"F"
0,2,2,2,"SBF1*BX","calhw001","","","63/G4","T",1,0,1,0,0,"F"
1,0,3,2,"FBFBBB","","","","W","T",0,1,0,0,0,"F"
1,0,0,0,"X","keplm001","","","S9/L89D+.1-2","T",0,1,2,0,0,"F"
1,0,1,2,"*BCFX","buxtb001","keplm001","","9/F9LD.2-3","T",1,0,1,3,0,"F"
1,1,0,0,"1>C","buxtb001","","keplm001","SB2","F",0,0,2,0,3,"F"
1,1,2,1,"1>C.B*BX","","buxtb001","keplm001","S7/L7LS.3-H;2-H","T",0,1,0,4,4,"F"
1,1,1,2,"*BFFC","astuw001","","","K","T",1,0,1,0,0,"F"
1,2,0,2,"CS*S","astuw001","","","K","T",1,0,1,0,0,"F"
0,0,2,1,"BBFX","","","","63/G4","T",1,0,0,0,0,"F"
0,1,1,2,"BSCS","","","","K","T",1,0,0,0,0,"F"
0,2,2,1,"BBCX","","","","S7/L6D","T",0,1,0,0,0,"F"
0,2,1,2,"CBCX","dahld001","","","S5/G25-.1-2","T",0,1,2,0,0,"F"
0,2,0,0,"X","kinei001","dahld001","","43/G6M","T",1,0,1,2,0,"F"
1,0,0,1,"CX","","","","S9/L9","T",0,1,0,0,0,"F"
1,0,2,2,"11F*B1>FB>S","gordn001","","","K+SB2","T",1,0,2,0,0,"F"
1,1,1,2,"BSS*S","","gordn001","","K.BX1(23)","T",1,0,0,2,0,"F"
1,2,1,0,"BX","","gordn001","","5/P6","T",1,0,0,2,0,"F"
0,0,1,2,"CBFFF*S","","","","K","T",1,0,0,0,0,"F"
0,1,0,0,"X","","","","8/L78D+","T",1,0,0,0,0,"F"
0,2,3,1,"FBBBX","","","","53/G56","T",1,0,0,0,0,"F"
1,0,2,2,"BCFBS","","","","K","T",1,0,0,0,0,"F"
1,1,2,0,"BBX","","","","23/G2-","T",1,0,0,0,0,"F"
1,2,0,0,"X","","","","S7/G56","T",0,1,0,0,0,"F"
1,2,1,1,"BSX","astuw001","","","S8/L78.1-3(E8)","T",0,1,3,0,0,"F"
1,2,3,2,"BC1BCB>F>S","garlk001","","astuw001","K","T",1,0,1,0,3,"F"
0,0,3,2,"CBBBCB","","","","W","T",0,1,0,0,0,"F"
0,0,1,2,"BCFX","lowen001","","","65(1)/FO/G4.B-1","T",1,1,0,0,0,"F"
0,1,2,1,"*BCBX","gallj002","","","9/F9LD","T",1,0,1,0,0,"F"
0,2,0,0,"X","gallj002","","","3/G3","T",1,0,1,0,0,"F"
1,0,3,2,".SFBBFBS","","","","K","T",1,0,0,0,0,"F"
1,1,1,1,"BCX","","","","53/G5","T",1,0,0,0,0,"F"
1,2,1,2,"CSBFC","","","","K","T",1,0,0,0,0,"F"
0,0,3,1,".BBBCX","","","","43/G4","T",1,0,0,0,0,"F"
0,1,0,2,"CCX","","","","13/G1","T",1,0,0,0,0,"F"
0,2,3,1,"BFBBX","","","","HR/F8XD","T",0,4,0,0,0,"F"
0,2,3,0,"BBBB","","","","W","T",0,1,0,0,0,"F"
0,2,2,0,"BBX","calhw001","","","9/F9D","T",1,0,1,0,0,"F"
1,0,2,1,"BBFX","","","","43/G34D+","T",1,0,0,0,0,"F"
1,1,1,0,"BX","","","","53/G56","T",1,0,0,0,0,"F"
1,2,3,1,"SBBBB","","","","W","T",0,1,0,0,0,"F"
1,2,0,0,"X","cruzn002","","","S8/G6M.1-2","T",0,1,2,0,0,"F"
1,2,3,2,"CCBFBFB>C","astuw001","cruzn002","","K","T",1,0,1,2,0,"F"
0,0,1,2,".BCCS","","","","K","T",1,0,0,0,0,"F"
0,1,1,2,"BCSFT","","","","K","T",1,0,0,0,0,"F"
0,2,0,2,"CSS","","","","K","T",1,0,0,0,0,"F"
1,0,2,2,".BCBFFX","","","","3/G3S-","T",1,0,0,0,0,"F"
1,1,0,1,".CX","","","","7/L78D+","T",1,0,0,0,0,"F"
1,2,3,2,"BBCFBB","","","","W","T",0,1,0,0,0,"F"
1,2,1,2,".1BSFC","simma001","","","K","T",1,0,1,0,0,"F"
0,0,0,2,"...CFC","","","","K","T",1,0,0,0,0,"F"
0,1,3,2,".BBSFBB","","","","W","T",0,1,0,0,0,"F"
0,1,1,2,"S1*BFX","kinei001","","","46(1)/FO/G4.B-1","T",1,1,0,0,0,"F"
0,2,0,2,"FF1FX","culbc001","","","7/F78D","T",1,0,1,0,0,"F"
1,0,1,2,"..FFFFFFBX","","","","8/F8","T",1,0,0,0,0,"F"
1,1,1,1,"SBX","","","","53/G56","T",1,0,0,0,0,"F"
1,2,3,1,"BBBCX","","","","143/G4M","T",1,0,0,0,0,"F"
0,0,0,1,"..FB","","heimj001","","WP.2-3","F",0,0,0,3,0,"F"
0,0,1,2,"..FB.FX","","","heimj001","S9/G3+.3-H(UR)","T",0,1,0,0,5,"F"
0,0,0,1,"CX","calhw001","","","64(1)3/GDP/G6+","T",2,0,0,0,0,"F"
0,2,1,1,".FBX","","","","63/G6MD","T",1,0,0,0,0,"F"
1,0,1,2,"..FFFBS","","cruzn002","","K","T",1,0,0,2,0,"F"
1,1,0,2,".CST","","cruzn002","","K","T",1,0,0,2,0,"F"
1,2,2,0,"BBX","","cruzn002","","9/F9S","T",1,0,0,2,0,"F"
0,0,1,2,"CBFS","","","","K","T",1,0,0,0,0,"T"
0,1,1,1,"BFX","","","","D7/L78XD+","T",0,2,0,0,0,"F"
0,1,3,1,"BBFBX","","morem001","","8/F8XD","T",1,0,0,2,0,"F"
0,2,0,1,"SX","","morem001","","8/F78XD","T",1,0,0,2,0,"F"
1,0,3,2,"CCFBBFBX","","","","S6/G","T",0,1,0,0,0,"F"
1,0,1,2,"FFBT","arral001","","","K","T",1,0,1,0,0,"F"
1,1,1,2,"FC*BX","arral001","","","7/F78D","T",1,0,1,0,0,"F"
1,2,3,2,"FBB*BC1>X","arral001","","","9/F9L","T",1,0,1,0,0,"F"
0,0,2,2,"CFBFBS","","","","K","T",1,0,0,0,0,"F"
0,1,0,2,"FSX","","","","63/G56","T",1,0,0,0,0,"F"
0,2,1,1,"FBX","","","","43/G4","T",1,0,0,0,0,"F"
1,0,3,1,"BBSBX","","","","9/F89D","T",1,0,0,0,0,"F"
1,1,2,2,"BBCFC","","","","K","T",1,0,0,0,0,"F"
1,2,3,2,"FFBBBB","","","","W","T",0,1,0,0,0,"F"
1,2,1,1,"C*B1>X","keplm001","","","3/P3F/FL","T",1,0,1,0,0,"F"
0,0,0,0,"X","","","","8/F8XD+","T",1,0,0,0,0,"F"
0,1,0,1,"CX","","","","53/G56","T",1,0,0,0,0,"F"
0,2,0,1,"CX","","","","HR/F7LD","T",0,4,0,0,0,"F"
0,2,2,2,"CBBFS","","","","K.BX1(23)","T",1,0,0,0,0,"F"
1,0,3,2,"FBCBBFX","","","","S9/F9D+","T",0,1,0,0,0,"F"
1,0,0,2,"SFX","rortb001","","","S9/L9S.1-2","T",0,1,2,0,0,"F"
1,0,0,0,"X","arral001","rortb001","","5(2)3/GDP/G5.1-2","T",2,0,2,0,0,"F"
1,2,2,1,"*BBFX","","arral001","","9/F9D","T",1,0,0,2,0,"F"
0,0,2,2,"BBSCX","","","","43/G4+","T",1,0,0,0,0,"F"
0,1,1,0,"BX","","","","43/G4D+","T",1,0,0,0,0,"F"
0,2,1,1,"SBX","","","","S8/L89","T",0,1,0,0,0,"F"
0,2,0,1,"C1X","chapm001","","","6/P6","T",1,0,1,0,0,"F"
1,0,0,1,"FX","","","","63/G6","T",1,0,0,0,0,"F"
1,1,0,1,"CX","","","","5/P5","T",1,0,0,0,0,"F"
1,2,0,2,"SFX","","","","63/G6","T",1,0,0,0,0,"F"
0,0,3,1,"BBBCB","","","","W","T",0,1,0,0,0,"F"
0,0,1,0,"1B1X","brows003","","","HR/F78XD.1-H","T",0,4,4,0,0,"F"
0,0,0,2,"CSFX","","","","53/G56S","T",1,0,0,0,0,"F"
0,1,3,2,"BBBCCS","","","","K","T",1,0,0,0,0,"F"
0,2,0,0,"X","","","","3/G3","T",1,0,0,0,0,"F"
1,0,2,0,"BBX","","","","5/P5F/FL","T",1,0,0,0,0,"F"
1,1,3,2,"BCSBFBFFX","","","","S8/L8","T",0,1,0,0,0,"F"
1,1,0,2,"SLS","simma001","","","K","T",1,0,1,0,0,"F"
1,2,0,0,"X","simma001","","","7/F7LSF/FL","T",1,0,1,0,0,"F"
0,0,3,2,"BSBBFFFFFX","","","","6/L4MD+","T",1,0,0,0,0,"F"
0,1,3,1,"BBBFX","","","","9/F9L+","T",1,0,0,0,0,"F"
0,2,3,1,"BFBBB","","","","W","T",0,1,0,0,0,"F"
0,2,2,2,"SB1FBX","chapm001","","","HR/F78XD.1-H","T",0,4,4,0,0,"F"
0,2,0,0,"X","","","","5/P56S","T",1,0,0,0,0,"F"
1,0,1,1,"BFX","","","","HR/F7D","T",0,4,0,0,0,"F"
1,0,2,2,"BFFBFC","","","","K","T",1,0,0,0,0,"F"
1,1,2,2,"SBFBX","","","","9/F9L","T",1,0,0,0,0,"F"
1,2,0,0,"X","","","","31/G3","T",1,0,0,0,0,"F"
0,0,0,2,".CSC","","","","K","T",1,0,0,0,0,"F"
0,1,1,2,"CBCFX","","","","31/G34","T",1,0,0,0,0,"F"
0,2,2,2,"SBBFS","","","","K","T",1,0,0,0,0,"F"
1,0,1,0,".BX","","","","D9/F9LS","T",0,2,0,0,0,"F"
1,0,0,0,"X","","astuw001","","S9/L89S.2-3","T",0,1,0,3,0,"F"
1,0,0,2,"FCFX","keplm001","","astuw001","23/G2.1-2","T",1,0,2,0,3,"F"
1,1,1,2,".CFBS","","keplm001","astuw001","K","T",1,0,0,2,3,"F"
1,2,0,0,"X","","keplm001","astuw001","8/L8","T",1,0,0,2,3,"F"
0,0,1,2,"...CSBX","","","","HR/F7D","T",0,4,0,0,0,"F"
0,0,0,2,"SST","","","","K","T",1,0,0,0,0,"F"
0,1,2,2,"BBFSS","","","","K","T",1,0,0,0,0,"F"
0,2,3,2,"BCFBFBB","","","","W","T",0,1,0,0,0,"F"
0,2,1,1,"F*BX","chapm001","","","8/F78XD+","T",1,0,1,0,0,"F"
1,0,1,0,"..BX","","","","7/L78XD+","T",1,0,0,0,0,"F"
1,1,3,2,"BFBCBX","","","","8/F8D","T",1,0,0,0,0,"F"
1,2,0,1,"FX","","","","8/F89","T",1,0,0,0,0,"F"
0,0,3,2,"..BFFFFBFBB","","","","W","T",0,1,0,0,0,"F"
0,0,2,2,"FF*B1BFFFS","pindc001","","","K","T",1,0,1,0,0,"F"
0,1,2,2,"BBCSX","pindc001","","","S8/L89.1-3","T",0,1,3,0,0,"F"
0,1,0,1,"C1>X","andre001","","pindc001","8/F8","T",1,0,1,0,3,"F"
0,2,2,2,"1SBBFX","andre001","","pindc001","8/F8D","T",1,0,1,0,3,"F"
1,0,0,2,"..CSX","","","","3/G3+","T",1,0,0,0,0,"F"
1,1,0,0,"X","","","","9/L89D","T",1,0,0,0,0,"F"
1,2,3,2,"BFCFBBB","","","","W","T",0,1,0,0,0,"F"
1,2,3,2,"BBBCC>F>X","keplm001","","","6/F8S","T",1,0,1,0,0,"F"
0,0,0,2,"CFS","","","","K","T",1,0,0,0,0,"T"
0,1,2,0,"BBX","","","","D8/L89XD+","T",0,2,0,0,0,"F"
0,1,3,2,"F*BFB*BFC","","brows003","","K","T",1,0,0,2,0,"F"
0,2,3,2,"2CCBB2FBX","","brows003","","HR/F89XD.2-H","T",0,4,0,4,0,"F"
0,2,1,2,"BCSFS","","","","K","T",1,0,0,0,0,"F"
1,0,0,2,"CFX","","","","S7/L7+","T",0,1,0,0,0,"F"
1,0,2,2,"*BCBFFX","garlk001","","","DGR/L8XD+.1-3","T",0,2,3,0,0,"F"
1,0,0,1,"SX","","donaj001","garlk001","43/G4M.3-H;2-3","T",1,0,0,3,4,"F"
1,1,1,2,"SSBS","","","donaj001","K","T",1,0,0,0,3,"F"
1,2,0,0,"X","","","donaj001","53/G5","T",1,0,0,0,3,"F"
0,0,0,1,"FX","","","","9/F9D","T",1,0,0,0,0,"F"
0,1,2,1,"BBFX","","","","43/G4","T",1,0,0,0,0,"F"
0,2,0,1,"CX","","","","3/G34","T",1,0,0,0,0,"F"
1,0,1,2,"BFFX","","","","8/F89XD","T",1,0,0,0,0,"F"
1,1,2,0,"BBX","","","","9/F9LS","T",1,0,0,0,0,"F"
1,2,1,2,"SCBX","","","","5/F78S","T",1,0,0,0,0,"F"
0,0,0,0,"X","","","","S4/L8S+","T",0,1,0,0,0,"F"
0,0,2,2,"CBS*BX","garca006","","","54(1)/FO/G56+.B-1","T",1,1,0,0,0,"F"
0,1,3,1,"CB1BB1","canhm001","","","PO1(E1/TH).1-2","F",0,0,2,0,0,"F"
0,1,3,1,"CB1BB1.X","","canhm001","","3/G34S.2-3","T",1,0,0,3,0,"F"
0,2,0,0,"X","","","canhm001","S7/L7.3-H","T",0,1,0,0,4,"F"
0,2,2,0,"1BBX","laurr001","","","S9/L9-.1-3","T",0,1,3,0,0,"F"
0,2,1,2,"SCBFX","olsom001","","laurr001","8/F78XD","T",1,0,1,0,3,"F"
1,0,0,2,"CFX","","","","43/G4MD","T",1,0,0,0,0,"F"
1,1,0,0,"X","","","","53/G5","T",1,0,0,0,0,"F"
1,2,3,2,"BBFBCB","","","","W","T",0,1,0,0,0,"F"
1,2,0,1,"SX","donaj001","","","C/E2.1-2;B-1","T",0,1,2,0,0,"F"
1,2,0,1,"CX","cruzn002","donaj001","","5(2)/FO/G5.B-1","T",1,1,1,0,0,"F"
0,0,1,1,"BCX","","","","D7/L7L+","T",0,2,0,0,0,"F"
0,0,1,2,"FCBX","","piscs001","","8/F8XD+.2-3","T",1,0,0,3,0,"F"
0,1,2,2,"B+3BCFFX","","","piscs001","8/L8","T",1,0,0,0,3,"F"
0,2,0,0,"X","","","piscs001","53/G56","T",1,0,0,0,3,"F"
1,0,1,1,"CBX","","","","43/G4M","T",1,0,0,0,0,"F"
1,1,0,1,"CX","","","","9/F9D","T",1,0,0,0,0,"F"
1,2,1,2,"CCBC","","","","K","T",1,0,0,0,0,"F"
0,0,0,0,"X","","","","HR/F7LD","T",0,4,0,0,0,"F"
0,0,0,2,"CFC","","","","K","T",1,0,0,0,0,"F"
0,1,0,0,"X","","","","53/G56","T",1,0,0,0,0,"F"
0,2,2,2,"FCFBBX","","","","43/G34","T",1,0,0,0,0,"F"
1,0,0,0,"X","","","","5/P5DF/FL","T",1,0,0,0,0,"F"
1,1,1,1,"BSX","","","","31/G4","T",1,0,0,0,0,"F"
1,2,0,1,"CX","","","","7/L7","T",1,0,0,0,0,"F"
0,0,0,1,"FX","","","","63/G6+","T",1,0,0,0,0,"F"
0,1,1,2,"FFFFBS","","","","K","T",1,0,0,0,0,"F"
0,2,2,1,"BSBX","","","","63/G6D+","T",1,0,0,0,0,"F"
1,0,0,2,"FCX","","","","13/G6MS","T",1,0,0,0,0,"F"
1,1,0,1,"FX","","","","S7/G6+","T",0,1,0,0,0,"F"
1,1,1,2,"CFBX","cruzn002","","","64(1)3/GDP/G6","T",2,0,0,0,0,"F"
0,0,1,0,"BX","","","","S9/L9S","T",0,1,0,0,0,"F"
0,0,0,0,"X","kempt001","","","13/SH/BG1S-.1-2","T",1,0,2,0,0,"F"
0,1,3,2,"BBBCSC","","kempt001","","K","T",1,0,0,2,0,"F"
0,2,1,2,"SFBX","","kempt001","","9/F9D","T",1,0,0,2,0,"F"
1,0,0,0,"X","","","","D8/L89XD+","T",0,2,0,0,0,"F"
1,0,0,0,"X","","polaj001","","S9/L9.2-3","T",0,1,0,3,0,"F"
1,0,1,2,"CFBX","refsr001","","polaj001","6/L6+","T",1,0,1,0,3,"F"
1,1,2,2,"CFBBX","refsr001","","polaj001","8/F8S","T",1,0,1,0,3,"F"
1,2,3,1,"CBBBB","refsr001","","polaj001","W.1-2","T",0,1,2,0,3,"F"
1,2,1,0,"..BX","simma001","refsr001","polaj001","5/P5F/FL","T",1,0,1,2,3,"F"
0,0,2,2,"...BFSBS","","","","K","T",1,0,0,0,0,"F"
0,1,0,0,"X","","","","7/F78S","T",1,0,0,0,0,"F"
0,2,0,0,"X","","","","63/G6","T",1,0,0,0,0,"F"
1,0,3,1,"BFBBB","","","","W","T",0,1,0,0,0,"F"
1,0,0,1,"FX","donaj001","","","S7/G56+.1-2","T",0,1,2,0,0,"F"
1,0,0,1,"CX","cruzn002","donaj001","","5/L5/DP.2X2(54)","T",2,0,1,0,0,"F"
1,2,3,2,"BBFB1C>B","cruzn002","","","W.1-2","T",0,1,2,0,0,"F"
1,2,0,1,"SX","polaj001","cruzn002","","S8/L89.2-H;1-3","T",0,1,3,4,0,"F"
1,2,1,1,".FBX","refsr001","","polaj001","HR/F9D.3-H;1-H","T",0,4,4,0,4,"F"
1,2,3,2,"BSCBFBFX","","","","53/G6","T",1,0,0,0,0,"F"
0,0,2,2,".BSBSFS","","","","K","T",1,0,0,0,0,"F"
0,1,3,2,"BFBFBX","","","","D9/L9D+","T",0,2,0,0,0,"F"
0,1,1,2,"..BCFS","","andre001","","K","T",1,0,0,2,0,"F"
0,2,0,0,".X","","andre001","","53/G5","T",1,0,0,2,0,"F"
0,0,1,2,"BSSX","","","","S8/L8D","T",0,1,0,0,0,"T"
0,0,1,2,"C1SBS","canhm001","","","K","T",1,0,1,0,0,"F"
0,1,1,1,"CBX","canhm001","","","4(1)3/GDP/G6M","T",2,0,0,0,0,"F"
1,0,1,2,"BFFX","","","","7/F7LF/FL","T",1,0,0,0,0,"F"
1,1,0,1,"FX","","","","53/G56","T",1,0,0,0,0,"F"
1,2,1,1,"FBX","","","","3/G34","T",1,0,0,0,0,"F"
0,0,1,0,"BX","","","","D8/L89XD+","T",0,2,0,0,0,"F"
0,0,2,2,"BSFBX","","olsom001","","S9/G4.2-H;BX2(936)","T",1,0,0,4,0,"F"
0,1,2,2,"BSBSFX","","","","3/G3","T",1,0,0,0,0,"F"
0,2,3,2,"SFFBBBFFC","","","","K","T",1,0,0,0,0,"F"
1,0,0,2,"CSS","","","","K","T",1,0,0,0,0,"F"
1,1,2,2,"BCSBX","","","","S9/L9L","T",0,1,0,0,0,"F"
1,1,0,1,"CH","larnt001","","","HP.1-2","T",0,1,2,0,0,"F"
1,1,2,1,"FBBX","sanom001","larnt001","","HR/F89XD.2-H;1-H","T",0,4,4,4,0,"F"
1,1,3,1,"CBBBH","","","","HP","T",0,1,0,0,0,"F"
1,1,3,2,"CB1BBC>*B","astuw001","","","W.1-2","T",0,1,2,0,0,"F"
1,1,0,1,"FX","simma001","astuw001","","8/L78","T",1,0,1,2,0,"F"
1,2,1,0,"BX","simma001","astuw001","","53/G56","T",1,0,1,2,0,"F"
0,0,1,2,"BCSFX","","","","1/L1S","T",1,0,0,0,0,"F"
0,1,3,2,"FBBCFBB","","","","W","T",0,1,0,0,0,"F"
0,1,2,1,"BBCX","andre001","","","3/P3F/FL","T",1,0,1,0,0,"F"
0,2,2,0,"B1BX","andre001","","","5/P56D","T",1,0,1,0,0,"F"
1,0,0,1,"CX","","","","S8/L8D","T",0,1,0,0,0,"F"
1,0,0,2,"CFX","polaj001","","","D7/G5.1-3","T",0,2,3,0,0,"F"
1,0,0,2,"CFC","","cruzn002","polaj001","K","T",1,0,0,2,3,"F"
1,1,3,2,"CBSBBB","","cruzn002","polaj001","W","T",0,1,0,2,3,"F"
1,1,1,0,"BX","sanom001","cruzn002","polaj001","8/SF/F78.3-H","T",1,0,1,2,4,"F"
1,2,3,2,"FBBFB>F>X","sanom001","cruzn002","","8/F8XD","T",1,0,1,2,0,"F"
0,0,1,2,".CSBX","","","","53/G6","T",1,0,0,0,0,"F"
0,1,3,2,"FSBBFBX","","","","7/F7","T",1,0,0,0,0,"F"
0,2,3,1,"BBFBX","","","","S8/L8","T",0,1,0,0,0,"F"
0,2,3,2,"CB*BFFB>X","chapm001","","","7/L7D","T",1,0,1,0,0,"F"
1,0,0,0,"X","","","","53/G5","T",1,0,0,0,0,"F"
1,1,2,2,"CBFFBX","","","","43/G4","T",1,0,0,0,0,"F"
1,2,1,2,"CSFBFC","","","","K","T",1,0,0,0,0,"F"
0,0,1,2,"CSBX","","","","D8/L89XD+","T",0,2,0,0,0,"F"
0,0,0,2,"FFX","","pindc001","","S7/L78D.2-H","T",0,1,0,4,0,"F"
0,0,1,2,"FCBX","murps001","","","S9/L9.1-2","T",0,1,2,0,0,"F"
0,0,1,1,"BFX","andre001","murps001","","S7/G56.2-3;1-2","T",0,1,2,3,0,"F"
0,0,1,0,"..*BX","canhm001","andre001","murps001","43/G34.3-H;2-3;1-2","T",1,0,2,3,4,"F"
0,1,1,0,"BX","","canhm001","andre001","FC6/G6/OBS.3XH(62E2)(NR)(UR);2-3;B-1","T",0,1,0,3,5,"F"
0,1,3,0,"B*B*BB","laurr001","","canhm001","W.1-2","T",0,1,2,0,3,"F"
0,1,0,0,"X","olsom001","laurr001","canhm001","9/SF/F9S.3-H(UR);2-3","T",1,0,1,3,5,"F"
0,2,2,1,"BCBX","olsom001","","laurr001","7/F7D","T",1,0,1,0,3,"F"
1,0,0,2,"CF*S","","","","K","T",1,0,0,0,0,"F"
1,1,1,2,"BFCX","","","","3/P3F/FL","T",1,0,0,0,0,"F"
1,2,1,0,"BX","","","","S9/G4","T",0,1,0,0,0,"F"
1,2,2,2,"C1TB*BX","larnt001","","","S7/G56.1-2","T",0,1,2,0,0,"F"
1,2,0,0,"X","sanom001","larnt001","","8/F78S","T",1,0,1,2,0,"F"
0,0,1,2,"CFBC","","","","K","T",1,0,0,0,0,"F"
0,1,0,2,"CS*S","","","","K","T",1,0,0,0,0,"F"
0,2,3,2,"BCCBBS","","","","K","T",1,0,0,0,0,"F"
1,0,2,0,".BBX","","","","S8/L8D+","T",0,1,0,0,0,"F"
1,0,0,1,"FX","rortb001","","","46(1)3/GDP/G4+","T",2,0,0,0,0,"F"
1,2,2,0,"BBX","","","","8/F78XD+","T",1,0,0,0,0,"F"
0,0,2,2,".BBFFFFS","","","","K","T",1,0,0,0,0,"F"
0,1,3,0,"BBBB","","","","W","T",0,1,0,0,0,"F"
0,1,3,1,"BBS*BB","brows003","","","W.1-2","T",0,1,2,0,0,"F"
0,1,3,2,"BFS*BBX","laurr001","brows003","","S9/F89S.2-3;1-2","T",0,1,2,3,0,"F"
0,1,1,2,"BCFX","olsom001","laurr001","brows003","S56/G15-.3-H;2-3;1-2","T",0,1,2,3,4,"F"
0,1,0,1,"FX","chapm001","olsom001","laurr001","5(2)3/GDP/G5","T",2,0,1,0,3,"F"
1,0,3,1,".CBBBB","","","","W","T",0,1,0,0,0,"F"
1,0,2,1,"BBCX","donaj001","","","46(1)/FO/L34.B-1","T",1,1,0,0,0,"F"
1,1,0,0,">C","polaj001","","","SB2","F",0,0,2,0,0,"F"
1,1,0,1,">C.X","","polaj001","","9/F89D","T",1,0,0,2,0,"F"
1,2,0,2,"CSS","","polaj001","","K","T",1,0,0,2,0,"F"
0,0,1,2,".CBFS","","","","K","T",1,0,0,0,0,"F"
0,1,0,0,"X","","","","D7/F78XD","T",0,2,0,0,0,"F"
0,1,0,1,"FX","","murps001","","9/F9","T",1,0,0,2,0,"F"
0,2,2,1,"BBCX","","murps001","","4/P34","T",1,0,0,2,0,"F"
1,0,1,2,"CBSS","","","","K","T",1,0,0,0,0,"F"
1,1,3,2,".BCSBBX","","","","D8/L89XD+","T",0,2,0,0,0,"F"
1,1,0,0,".B","","keplm001","","WP.2-3","F",0,0,0,3,0,"F"
1,1,3,2,".B.C*BBSS","","","keplm001","K","T",1,0,0,0,3,"F"
1,2,0,0,"X","","","keplm001","HR/F7D.3-H","T",0,4,0,0,4,"F"
1,2,0,1,"CX","","","","S7/G56","T",0,1,0,0,0,"F"
1,2,2,2,".1BT1FBFX","arral001","","","53/G56","T",1,0,1,0,0,"F"
0,0,1,2,"....FBFC","","","","K","T",1,0,0,0,0,"F"
0,1,0,0,"X","","","","S7/L7+","T",0,1,0,0,0,"F"
0,1,0,1,"CX","laurr001","","","FC1/G1S-.1X3(1E5);B-1","T",0,1,3,0,0,"F"
0,1,1,2,"BFFS","olsom001","","laurr001","K+WP.3-H(NR)(UR);1-2","T",1,0,2,0,5,"F"
0,2,0,0,"X","","olsom001","","8/F8","T",1,0,0,2,0,"F"
1,0,2,1,".CBBX","","","","5/P6","T",1,0,0,0,0,"F"
1,1,0,0,"X","","","","7/F78D","T",1,0,0,0,0,"F"
1,2,2,2,"FBFBX","","","","S9/L9D","T",0,1,0,0,0,"F"
1,2,0,0,"X","larnt001","","","9/L89","T",1,0,1,0,0,"F"
0,0,2,2,"BSFFFBX","","","","S7/G56+","T",0,1,0,0,0,"T"
0,0,3,2,"CBBSBFFFX","andet001","","","S9/G34.1-2","T",0,1,2,0,0,"F"
0,0,3,2,"FFB*BBB","madrn001","andet001","","W.2-3;1-2","T",0,1,2,3,0,"F"
0,0,1,2,"S*BSX","moncy001","madrn001","andet001","S9/G3.3-H;2-H;1-3","T",0,1,3,4,4,"F"
0,0,2,2,"FBBFT","mercy001","","moncy001","K","T",1,0,1,0,3,"F"
0,1,1,1,"CBX","mercy001","","moncy001","9/SF/F9D.3-H","T",1,0,1,0,4,"F"
0,2,2,0,"BBX","mercy001","","","9/F89D","T",1,0,1,0,0,"F"
1,0,1,2,"CBSS","","","","K","T",1,0,0,0,0,"F"
1,1,0,0,"X","","","","8/F8","T",1,0,0,0,0,"F"
1,2,2,2,"CBBSF*S","","","","K","T",1,0,0,0,0,"F"
0,0,1,1,"BFX","","","","3/L34","T",1,0,0,0,0,"F"
0,1,3,2,"BFCFBBFX","","","","6/P56D","T",1,0,0,0,0,"F"
0,2,0,0,"X","","","","8/F8","T",1,0,0,0,0,"F"
1,0,0,0,"X","","","","7/F7D","T",1,0,0,0,0,"F"
1,1,3,2,"BCBSBFFX","","","","D9/F89XD+","T",0,2,0,0,0,"F"
1,1,1,0,"*BX","","garvm001","","D7/G5.2-H","T",0,2,0,4,0,"F"
1,1,2,2,"BBCSX","","refsr001","","63/G6D","T",1,0,0,2,0,"F"
1,2,1,2,"BCFX","","refsr001","","43/G4","T",1,0,0,2,0,"F"
0,0,1,2,"BCCFX","","","","HR/L78XD","T",0,4,0,0,0,"F"
0,0,3,2,"CBBBFB","","","","W","T",0,1,0,0,0,"F"
0,0,3,2,"BBBCFX","moncy001","","","3/L3F/FL/DP.1X1(3)","T",2,0,0,0,0,"F"
0,2,1,0,"BX","","","","D8/L89XD+","T",0,2,0,0,0,"F"
0,2,0,0,"B","","vauga001","","PB.2-3","F",0,0,0,3,0,"F"
0,2,3,1,"B.CBBB","","","vauga001","W","T",0,1,0,0,3,"F"
0,2,1,0,"*BX","grany001","","vauga001","8/L89","T",1,0,1,0,3,"F"
1,0,1,1,"BCX","","","","13/G6MS-","T",1,0,0,0,0,"F"
1,1,3,1,"BFBBX","","","","7/F7","T",1,0,0,0,0,"F"
1,2,1,2,"CFBX","","","","63/G56","T",1,0,0,0,0,"F"
0,0,0,0,".X","","","","1/BP1S","T",1,0,0,0,0,"F"
0,1,0,1,"CX","","","","13/BG1S","T",1,0,0,0,0,"F"
0,2,3,0,"BBBX","","","","S7/G56","T",0,1,0,0,0,"F"
0,2,0,1,"CB","andet001","","","PB.1-2","F",0,0,2,0,0,"F"
0,2,1,1,"CB.X","","andet001","","D9/L9L.2-H","T",0,2,0,4,0,"F"
0,2,2,1,".BCBX","","madrn001","","D8/L8XD+.2-H","T",0,2,0,4,0,"F"
0,2,0,2,"CST","","moncy001","","K","T",1,0,0,2,0,"F"
1,0,3,2,"BBBCFFX","","","","8/F8XD","T",1,0,0,0,0,"F"
1,1,1,1,"CBX","","","","53/G5","T",1,0,0,0,0,"F"
1,2,1,0,"BX","","","","9/L89","T",1,0,0,0,0,"F"
0,0,1,1,"CBX","","","","S9/L9S","T",0,1,0,0,0,"F"
0,0,3,1,"BBBSB","vauga001","","","W.1-2","T",0,1,2,0,0,"F"
0,0,1,2,"FFBX","grany001","vauga001","","S9/G34+.2-3;1-2","T",0,1,2,3,0,"F"
0,0,0,0,"X","garcl004","grany001","vauga001","HR/F78XD.3-H;2-H;1-H","T",0,4,4,4,4,"F"
0,0,3,2,"BFCBBFFFFX","","","","T9/L9L+.BXH(12)","T",1,0,0,0,0,"F"
0,1,2,1,"BBCX","","","","63/G6","T",1,0,0,0,0,"F"
0,2,2,2,"CFBFFBFX","","","","63/G4M","T",1,0,0,0,0,"F"
1,0,3,2,"FBSBBX","","","","S8/G4M","T",0,1,0,0,0,"F"
1,0,3,2,".BSFB*BX","refsr001","","","54(1)3/GDP/G5","T",2,0,0,0,0,"F"
1,2,0,0,"X","","","","8/L78","T",1,0,0,0,0,"F"
0,0,0,1,".CX","","","","S9/L9D","T",0,1,0,0,0,"F"
0,0,0,0,"X","moncy001","","","D8/L8XD+.1-3","T",0,2,3,0,0,"F"
0,0,2,2,"BFBFS","","mercy001","moncy001","K","T",1,0,0,2,3,"F"
0,1,3,2,"BBCBCB","","mercy001","moncy001","W","T",0,1,0,2,3,"F"
0,1,0,1,"CX","grany001","mercy001","moncy001","D9/L89XD.3-H;2-H;1-3","T",0,2,3,4,4,"F"
0,1,1,2,"BCCX","","garcl004","grany001","43/G4.3-H;2-3","T",1,0,0,3,4,"F"
0,2,0,1,"SX","","","garcl004","S7/G6.3-H","T",0,1,0,0,4,"F"
0,2,1,2,"SBFX","hamib001","","","9/F9","T",1,0,1,0,0,"F"
1,0,3,2,"CBCBFFFBX","","","","S67/G6","T",0,1,0,0,0,"F"
1,0,2,2,"BBCFC","simma001","","","K","T",1,0,1,0,0,"F"
1,1,0,1,"FX","simma001","","","HR/F8XD.1-H","T",0,4,4,0,0,"F"
1,1,0,2,"SSC","","","","K","T",1,0,0,0,0,"F"
1,2,1,1,"BCX","","","","7/L7LD+","T",1,0,0,0,0,"F"
0,0,3,1,"..BCBBB","","","","W","T",0,1,0,0,0,"F"
0,0,0,0,".X","madrn001","","","8/L78D","T",1,0,1,0,0,"F"
0,1,0,0,"X","madrn001","","","9/F9S","T",1,0,1,0,0,"F"
0,2,3,2,"*BBCSB>S","madrn001","","","K","T",1,0,1,0,0,"F"
1,0,0,2,"...CFS","","","","K","T",1,0,0,0,0,"F"
1,1,0,0,"X","","","","S7/L7+","T",0,1,0,0,0,"F"
1,1,1,1,"CBX","refsr001","","","S8/G6+.1-2","T",0,1,2,0,0,"F"
1,1,3,2,"BCBCBS","sanom001","refsr001","","K","T",1,0,1,2,0,"F"
1,2,2,1,"C*BBX","sanom001","refsr001","","54(1)/FO/G56.B-1","T",1,1,0,2,0,"F"
0,0,3,2,".BCCBBB","","","","W","T",0,1,0,0,0,"F"
0,0,1,0,"BX","grany001","","","S9/L9.1-2","T",0,1,2,0,0,"F"
0,0,3,2,"BBCBFFB","garcl004","grany001","","W.2-3;1-2","T",0,1,2,3,0,"F"
0,0,0,1,"FX","mendd002","garcl004","grany001","7/SF/F7D.3-H;2-3","T",1,0,1,3,4,"F"
0,1,0,0,".X","mendd002","","garcl004","46(1)3/GDP/G34D+","T",2,0,0,0,3,"F"
1,0,2,2,"......BCFBC","","","","K","T",1,0,0,0,0,"F"
1,1,1,2,"CBFX","","","","D9/L89XD+","T",0,2,0,0,0,"F"
1,1,1,1,".*BFX","","larnt001","","3/G3.2-3","T",1,0,0,3,0,"F"
1,2,0,1,"CX","","","larnt001","S9/L9+.3-H","T",0,1,0,0,4,"F"
1,2,2,0,"*BBX","polaj001","","","9/L9D","T",1,0,1,0,0,"F"
0,0,2,1,"..BCBX","","","","13/G4MS","T",1,0,0,0,0,"F"
0,1,0,0,"X","","","","3/P3SF/FL","T",1,0,0,0,0,"F"
0,2,3,0,"BBBX","","","","HR/F8XD","T",0,4,0,0,0,"F"
0,2,1,1,"BSX","","","","43/G4M","T",1,0,0,0,0,"F"
1,0,3,2,".BBSCFFBX","","","","S8/L8","T",0,1,0,0,0,"F"
1,0,1,2,"*BSSS","refsr001","","","K","T",1,0,1,0,0,"F"
1,1,0,0,"X","refsr001","","","S7/L7S.1-2","T",0,1,2,0,0,"F"
1,1,2,2,"CSBBC","arral001","refsr001","","K","T",1,0,1,2,0,"F"
1,2,2,2,"BFBSX","arral001","refsr001","","7/F7LD","T",1,0,1,2,0,"F"
0,0,0,0,"X","","","","9/F89XD+","T",1,0,0,0,0,"T"
0,1,2,1,"BFBX","","","","HR/F9D","T",0,4,0,0,0,"F"
0,1,3,2,"BBCFBFFFB","","","","W","T",0,1,0,0,0,"F"
0,1,1,2,"CFF*BX","moncy001","","","S9/L9S.1-2","T",0,1,2,0,0,"F"
0,1,3,2,"BBC*BSFS","mercy001","moncy001","","K","T",1,0,1,2,0,"F"
0,2,2,1,"BFBX","mercy001","moncy001","","9/F89D+","T",1,0,1,2,0,"F"
1,0,2,2,"CBBFX","","","","43/G4","T",1,0,0,0,0,"F"
1,1,3,2,"CBBBFX","","","","S5/G5S-","T",0,1,0,0,0,"F"
1,1,2,2,"CFBFFBX","donaj001","","","16(1)/FO/G1.B-1","T",1,1,0,0,0,"F"
1,2,3,1,"BBBCB","polaj001","","","W.1-2","T",0,1,2,0,0,"F"
1,2,0,0,"X","keplm001","polaj001","","6/F8S","T",1,0,1,2,0,"F"
0,0,0,1,"CX","","","","E5/TH/G5.B-1","T",0,1,0,0,0,"F"
0,0,1,2,"LCBX","vauga001","","","7/F78D","T",1,0,1,0,0,"F"
0,1,1,1,"CBX","vauga001","","","9/L9","T",1,0,1,0,0,"F"
0,2,2,2,"CFBF1BX","vauga001","","","64(1)/FO/G6.B-1","T",1,1,0,0,0,"F"
1,0,0,2,"CSX","","","","5/P56","T",1,0,0,0,0,"F"
1,1,0,1,"CX","","","","53/G6","T",1,0,0,0,0,"F"
1,2,3,2,"BCFBBX","","","","8/F8","T",1,0,0,0,0,"F"
0,0,0,1,"FH","","","","HP","T",0,1,0,0,0,"F"
0,0,3,2,"CBBSB>F>X","lambj001","","","D9/L89D.1-H","T",0,2,4,0,0,"F"
0,0,1,2,"BFFFS","","moncy001","","K","T",1,0,0,2,0,"F"
0,1,1,1,"*SBX","","moncy001","","53/G56","T",1,0,0,2,0,"F"
0,2,3,2,"CBCBBFX","","moncy001","","HR/F9D.2-H","T",0,4,0,4,0,"F"
0,2,0,2,"CSFS","","","","K","T",1,0,0,0,0,"F"
1,0,1,2,"CBFX","","","","S9/L9L+","T",0,1,0,0,0,"F"
1,0,3,1,"BBFBX","rortb001","","","9/F9D","T",1,0,1,0,0,"F"
1,1,0,2,"SFX","rortb001","","","46(1)/FO/G4.B-1","T",1,1,0,0,0,"F"
1,2,1,1,"F*BX","donaj001","","","E3/G3.1-2;B-1","T",0,1,2,0,0,"F"
1,2,3,2,"BSFBFB>X","polaj001","donaj001","","7/F6D","T",1,0,1,2,0,"F"
0,0,0,1,"CX","","","","D7/L78XD+","T",0,2,0,0,0,"F"
0,0,0,0,"X","","garcl004","","13/G4S","T",1,0,0,2,0,"F"
0,1,0,1,"FX","","garcl004","","53/G56","T",1,0,0,2,0,"F"
0,2,1,2,"CFBC","","garcl004","","K","T",1,0,0,2,0,"F"
1,0,3,2,"CBCBBX","","","","HR/F7LD","T",0,4,0,0,0,"F"
1,0,0,2,"FFS","","","","K","T",1,0,0,0,0,"F"
1,1,2,2,"BCBFX","","","","4/P4","T",1,0,0,0,0,"F"
1,2,1,1,"BCX","","","","63/G6","T",1,0,0,0,0,"F"
0,0,2,2,".CCBBX","","","","8/L8XD+","T",1,0,0,0,0,"F"
0,1,1,2,"BCFS","","","","K","T",1,0,0,0,0,"F"
0,2,3,1,"FBBBB","","","","W","T",0,1,0,0,0,"F"
0,2,3,1,"BBB1CB","eatoa002","","","W.1-2","T",0,1,2,0,0,"F"
0,2,0,0,"X","grany001","eatoa002","","64(1)/FO/G6+.B-1","T",1,1,0,2,0,"F"
1,0,1,1,"BFX","","","","43/G4","T",1,0,0,0,0,"F"
1,1,3,1,"BBBCX","","","","8/F8XD","T",1,0,0,0,0,"F"
1,2,1,2,"BFFX","","","","9/F9LSF/FL","T",1,0,0,0,0,"F"
0,0,0,2,"FFFS","","","","K","T",1,0,0,0,0,"F"
0,1,2,0,"BBX","","","","E5/G56.B-1","T",0,1,0,0,0,"F"
0,1,1,2,"C1BFFX","madrn001","","","9/F89D","T",1,0,1,0,0,"F"
0,2,1,1,"BCX","madrn001","","","7/F78XD","T",1,0,1,0,0,"F"
1,0,1,0,"..BX","","","","7/F7S","T",1,0,0,0,0,"F"
1,1,3,2,"BCBCBC","","","","K","T",1,0,0,0,0,"F"
1,2,3,2,"BCCBBFX","","","","HR/F8XD","T",0,4,0,0,0,"F"
1,2,0,1,"FX","","","","S9/L9LD+","T",0,1,0,0,0,"F"
1,2,2,2,"BBCSFX","larnt001","","","54(1)/FO/G56.B-1","T",1,1,0,0,0,"F"
0,0,2,1,".BCBX","","","","43/G34D+","T",1,0,0,0,0,"F"
0,1,3,0,"B...BBB","","","","W","T",0,1,0,0,0,"F"
0,1,0,2,"CFS","mercy001","","","K","T",1,0,1,0,0,"F"
0,2,3,2,"C*BFB*B>B","mercy001","","","W.1-2","T",0,1,2,0,0,"F"
0,2,3,2,"BBBCS>F>S","grany001","mercy001","","K","T",1,0,1,2,0,"F"
1,0,0,0,".X","","","","53/BG5S","T",1,0,0,0,0,"F"
1,1,2,2,"BCCBX","","","","7/F78D","T",1,0,0,0,0,"F"
1,2,2,0,"BBX","","","","S7/L7D","T",0,1,0,0,0,"F"
1,2,2,2,"BBFCX","arral001","","","7/F7S","T",1,0,1,0,0,"F"
0,0,1,2,".BFCS","","","","K","T",1,0,0,0,0,"F"
0,1,3,2,"BSFBB*B","","","","W","T",0,1,0,0,0,"F"
0,1,1,2,"B1FSS","madrn001","","","K","T",1,0,1,0,0,"F"
0,2,0,2,"CSS","madrn001","","","K","T",1,0,1,0,0,"F"
1,0,3,1,".BBCBB","","","","W","T",0,1,0,0,0,"F"
1,0,1,2,"1BSSB","polaj001","","","PB.1-2","F",0,0,2,0,0,"F"
1,0,2,2,"1BSSB.S","","polaj001","","K","T",1,0,0,2,0,"F"
1,1,1,1,"BFX","","polaj001","","HR/F89XD.2-H","T",0,4,0,4,0,"F"
1,1,1,2,".CSFFBS","","","","K","T",1,0,0,0,0,"F"
1,2,1,0,"BX","","","","63/G6","T",1,0,0,0,0,"F"
0,0,3,2,"..BCFBBFFX","","","","8/L8XD+","T",1,0,0,0,0,"F"
0,1,2,2,"CBFFBFX","","","","S9/G34","T",0,1,0,0,0,"F"
0,1,1,2,"BCFFS","mercy001","","","K","T",1,0,1,0,0,"F"
0,2,2,2,"CC*BFFBS","mercy001","","","K","T",1,0,1,0,0,"F"
1,0,3,1,"FBBBX","","","","S7/L7","T",0,1,0,0,0,"F"
1,0,1,0,"..BX","simma001","","","53/G56S-.1-2","T",1,0,2,0,0,"F"
1,1,3,0,"VVVV","","simma001","","IW","T",0,1,0,2,0,"F"
1,1,3,2,"BFF*B*BX","arral001","simma001","","8/F89XD+.2-3","T",1,0,1,3,0,"F"
1,2,0,0,">C","arral001","","simma001","DI.1-2","F",0,0,2,0,3,"F"
1,2,1,1,">C.BX","","arral001","simma001","S9/L9LD.3-H;2-3","T",0,1,0,3,4,"F"
0,0,1,2,"CFBX","","","","53/G5","T",1,0,0,0,0,"T"
0,1,0,0,"X","","","","9/F89","T",1,0,0,0,0,"F"
0,2,3,2,"BBCFBB","","","","W","T",0,1,0,0,0,"F"
0,2,1,2,"FFBFFX","moncy001","","","63/G6","T",1,0,1,0,0,"F"
1,0,3,1,"BBBCB","","","","W","T",0,1,0,0,0,"F"
1,0,1,2,"BFF*S","arral001","","","K","T",1,0,1,0,0,"F"
1,1,1,1,"SBX","arral001","","","S7/G56.1-2","T",0,1,2,0,0,"F"
1,1,1,1,"BFX","cruzn002","arral001","","8/L89D","T",1,0,1,2,0,"F"
1,2,2,2,"CFB*BC","cruzn002","arral001","","K","T",1,0,1,2,0,"F"
0,0,1,2,"BCSFX","","","","7/F7S","T",1,0,0,0,0,"F"
0,1,2,0,"BBX","","","","13/G1S","T",1,0,0,0,0,"F"
0,2,3,1,"BSBBB","","","","W","T",0,1,0,0,0,"F"
0,2,0,0,"X","collz001","","","9/F9D","T",1,0,1,0,0,"F"
1,0,3,0,"BBBB","","","","W","T",0,1,0,0,0,"F"
1,0,1,1,"CBX","larnt001","","","13/G23-.1-2","T",1,0,2,0,0,"F"
1,1,1,2,"SCFF*BFS","","larnt001","","K","T",1,0,0,2,0,"F"
1,2,3,2,"BBBCFX","","larnt001","","31/G34","T",1,0,0,2,0,"F"
0,0,2,1,"CBBX","","","","4/L4M","T",1,0,0,0,0,"F"
0,1,0,0,"X","","","","53/G5","T",1,0,0,0,0,"F"
0,2,1,1,"CBX","","","","3/G3+","T",1,0,0,0,0,"F"
1,0,0,2,"CCS","","","","K","T",1,0,0,0,0,"F"
1,1,3,2,"BBCCBS","","","","K","T",1,0,0,0,0,"F"
1,2,0,1,"FX","","","","HR/L8XD","T",0,4,0,0,0,"F"
1,2,0,0,"X","","","","7/F78S","T",1,0,0,0,0,"F"
0,0,3,1,"BBBCX","","","","S9/L89","T",0,1,0,0,0,"F"
0,0,0,0,"1X","moncy001","","","53/G5.1-2","T",1,0,2,0,0,"F"
0,1,0,0,"X","","moncy001","","63/G4.2-3","T",1,0,0,3,0,"F"
0,2,2,0,"*BBH","","","moncy001","HP","T",0,1,0,0,3,"F"
0,2,2,2,"FBBSS","vauga001","","moncy001","K","T",1,0,1,0,3,"F"
1,0,0,0,"X","","","","3/P34S","T",1,0,0,0,0,"F"
1,1,1,2,"FFBS","","","","K","T",1,0,0,0,0,"F"
1,2,0,0,"X","","","","6/P56D","T",1,0,0,0,0,"F"
0,0,0,1,"CX","","","","D8/L89XD+","T",0,2,0,0,0,"F"
0,0,0,0,"X","","garcl004","","14/SH/BG25-.2-3","T",1,0,0,3,0,"F"
0,1,0,1,"CX","","","garcl004","63/G56","T",1,0,0,0,3,"F"
0,2,0,0,"X","","","garcl004","S6/G6.3-H","T",0,1,0,0,4,"F"
0,2,3,2,"CBSF1BB>B","eatoa002","","","W.1-2","T",0,1,2,0,0,"F"
0,2,2,1,"BFBX","moncy001","eatoa002","","64(1)/FO/G6.B-1","T",1,1,0,2,0,"F"
1,0,3,2,"FFBBFBC","","","","K","T",1,0,0,0,0,"F"
1,1,2,2,"BBCSS","","","","K","T",1,0,0,0,0,"F"
1,2,1,0,"BX","","","","8/L78D","T",1,0,0,0,0,"F"
0,0,0,0,"X","","","","D9/L89D+","T",0,2,0,0,0,"F"
0,0,0,0,"X","","lambj001","","63/G6.2-3","T",1,0,0,3,0,"F"
0,1,3,2,"BFBFBB","","","lambj001","W","T",0,1,0,0,3,"F"
0,1,0,0,"X","collz001","","lambj001","S7/F7LD.3-H;1-2","T",0,1,2,0,4,"F"
0,1,0,2,"CF*S","garcl004","collz001","","K","T",1,0,1,2,0,"F"
0,2,1,2,"*BFCX","garcl004","collz001","","63/G6","T",1,0,1,2,0,"F"
1,0,3,2,"BBBCSB","","","","W","T",0,1,0,0,0,"F"
1,0,2,1,"BSBX","polaj001","","","9/F9D","T",1,0,1,0,0,"F"
1,1,0,0,"X","polaj001","","","36(1)3/GDP/G3","T",2,0,0,0,0,"F"
0,0,1,2,".BLSX","","","","43/G4","T",1,0,0,0,0,"F"
0,1,3,2,"BSCBBS","","","","K","T",1,0,0,0,0,"F"
0,2,1,2,"BSFFX","","","","8/F8","T",1,0,0,0,0,"F"
1,0,3,2,"..BCBBSS","","","","K","T",1,0,0,0,0,"F"
1,1,1,2,"SBCS","","","","K","T",1,0,0,0,0,"F"
1,2,1,2,"CFBFX","","","","9/F9LS","T",1,0,0,0,0,"F"
0,0,1,0,".BX","","","","5/P5SF/FL","T",1,0,0,0,0,"F"
0,1,1,2,"CFFB*S","","","","K","T",1,0,0,0,0,"F"
0,2,0,2,"TCC","","","","K","T",1,0,0,0,0,"F"
1,0,2,2,"FFBBS","","","","K","T",1,0,0,0,0,"F"
1,1,2,2,".SBFFBX","","","","63/G56","T",1,0,0,0,0,"F"
1,2,0,1,"CX","","","","6/L6MD","T",1,0,0,0,0,"F"
0,0,0,0,"...X","","","","7/F78D","T",1,0,0,0,0,"F"
0,1,2,2,"BBCSX","","","","53/G56","T",1,0,0,0,0,"F"
0,2,0,0,"X","","","","63/G6+","T",1,0,0,0,0,"F"
1,0,0,2,".CSS","","","","K","T",1,0,0,0,0,"F"
1,1,0,0,"X","","","","7/F7LS+","T",1,0,0,0,0,"F"
1,2,2,2,"SBSB*S","","","","K","T",1,0,0,0,0,"F"
0,0,3,2,"BBFCFBB","","","","W","T",0,1,0,0,0,"T"
0,0,2,2,"1B1C1F*BX","mullc002","","","7/F78XD","T",1,0,1,0,0,"F"
0,1,0,1,"1C>B","mullc002","","","SB2","F",0,0,2,0,0,"F"
0,1,1,1,"1C>B.X","","mullc002","","53/G6S","T",1,0,0,2,0,"F"
0,2,1,2,"CFBX","","mullc002","","D8/F89D.2-H","T",0,2,0,4,0,"F"
0,2,0,0,"X","","santa003","","6/F8S","T",1,0,0,2,0,"F"
1,0,2,2,"CBBFS","","","","K","T",1,0,0,0,0,"F"
1,1,1,2,"SCFBX","","","","7/F7LD","T",1,0,0,0,0,"F"
1,2,1,2,"BSFFX","","","","43/G4","T",1,0,0,0,0,"F"
0,0,1,2,"CFBFX","","","","31/G3","T",1,0,0,0,0,"F"
0,1,0,0,"X","","","","9/F89XD","T",1,0,0,0,0,"F"
0,2,0,1,"CX","","","","63/G4","T",1,0,0,0,0,"F"
1,0,3,2,"BBCBCS","","","","K","T",1,0,0,0,0,"F"
1,1,2,1,"BBSX","","","","31/G34S","T",1,0,0,0,0,"F"
1,2,1,1,"BCX","","","","8/L8D+","T",1,0,0,0,0,"F"
0,0,1,1,"BFX","","","","3/G3","T",1,0,0,0,0,"F"
0,1,3,1,"CBBBB","","","","W","T",0,1,0,0,0,"F"
0,1,1,0,"B1X","mullc002","","","S9/L9L.1-2","T",0,1,2,0,0,"F"
0,1,0,1,"FX","galvf001","mullc002","","7/F78D","T",1,0,1,2,0,"F"
0,2,3,0,"BBBX","galvf001","mullc002","","43/G34D","T",1,0,1,2,0,"F"
1,0,0,0,"X","","","","HR/F8XD","T",0,4,0,0,0,"F"
1,0,0,1,"CX","","","","S7/L7S","T",0,1,0,0,0,"F"
1,0,0,1,"CX","simma001","","","46(1)3/GDP/G4S","T",2,0,0,0,0,"F"
1,2,2,2,"SBCBX","","","","31/G34","T",1,0,0,0,0,"F"
0,0,2,2,"CSFBBFFFX","","","","S7/L7L-","T",0,1,0,0,0,"F"
0,0,1,2,"CB1*SFFS","mounr001","","","K","T",1,0,1,0,0,"F"
0,1,2,2,"CBF*B*S","mounr001","","","K","T",1,0,1,0,0,"F"
0,2,0,2,"FSX","mounr001","","","31/G34S","T",1,0,1,0,0,"F"
1,0,1,2,"CBFX","","","","43/G4MD+","T",1,0,0,0,0,"F"
1,1,0,2,"FFX","","","","63/G4","T",1,0,0,0,0,"F"
1,2,1,1,"CBX","","","","3/P3","T",1,0,0,0,0,"F"
0,0,1,0,"BX","","","","S8/L89D","T",0,1,0,0,0,"F"
0,0,2,1,"*B*BF>S","wilks001","","","SB2","F",0,0,2,0,0,"F"
0,0,2,2,"*B*BF>S.X","","wilks001","","7/F7D","T",1,0,0,2,0,"F"
0,1,0,1,"CX","","wilks001","","43/G4.2-3","T",1,0,0,3,0,"F"
0,2,1,1,"BCX","","","wilks001","43/G6MD+","T",1,0,0,0,3,"F"
1,0,2,2,"CBSFBFS","","","","K","T",1,0,0,0,0,"F"
1,1,0,0,"X","","","","8/F8D","T",1,0,0,0,0,"F"
1,2,3,2,"BCFBBC","","","","K","T",1,0,0,0,0,"F"
0,0,3,2,"BBCSBX","","","","D9/L9L","T",0,2,0,0,0,"F"
0,0,0,2,"CSS","","santa003","","K","T",1,0,0,2,0,"F"
0,1,2,2,"CBBSX","","santa003","","31/G34.2-3","T",1,0,0,3,0,"F"
0,2,1,1,"CBX","","","santa003","53/G5","T",1,0,0,0,3,"F"
1,0,2,2,"BBSFFX","","","","63/G6S","T",1,0,0,0,0,"F"
1,1,1,2,"BCSX","","","","7/F7L","T",1,0,0,0,0,"F"
1,2,2,0,"BBX","","","","HR/F7D","T",0,4,0,0,0,"F"
1,2,1,0,"BX","","","","6/P6","T",1,0,0,0,0,"F"
0,0,0,2,".CSX","","","","63/G4","T",1,0,0,0,0,"F"
0,1,1,2,"BCCFS","","","","K","T",1,0,0,0,0,"F"
0,2,2,2,"CBSBX","","","","S7/L78S","T",0,1,0,0,0,"F"
0,2,1,1,"1BCX","mullc002","","","D9/L9LD.1XH(942)","T",1,2,0,0,0,"F"
1,0,1,0,"BX","","","","S9/L89","T",0,1,0,0,0,"F"
1,0,1,2,"CF*BC","kiria001","","","K","T",1,0,1,0,0,"F"
1,1,0,0,"X","kiria001","","","8/F8","T",1,0,1,0,0,"F"
1,2,2,2,"FBFBX","kiria001","","","S8/F8S-.1-3","T",0,1,3,0,0,"F"
1,2,3,2,"BSFBB>X","refsr001","","kiria001","6/F8S","T",1,0,1,0,3,"F"
0,0,0,0,".X","","","","S9/L89D+","T",0,1,0,0,0,"F"
0,0,1,2,"1F*BSX","manct001","","","8/L8D","T",1,0,1,0,0,"F"
0,1,0,2,"FSS","manct001","","","K","T",1,0,1,0,0,"F"
0,2,1,0,"BX","manct001","","","HR/F9LD.1-H","T",0,4,4,0,0,"F"
0,2,1,2,"BSFX","","","","7/F7D","T",1,0,0,0,0,"F"
1,0,3,2,".BBCCFBB","","","","W","T",0,1,0,0,0,"F"
1,0,0,1,".SB","simma001","","","WP.1-2","F",0,0,2,0,0,"F"
1,0,2,2,".SB.CBF*S","","simma001","","K.BX1(23)","T",1,0,0,2,0,"F"
1,1,3,1,"*BBCBX","","simma001","","S7/L7.2-3","T",0,1,0,3,0,"F"
1,1,0,1,".LX","garlk001","","simma001","8/SF/F8XD.3-H","T",1,0,1,0,4,"F"
1,2,0,2,"FF11X","garlk001","","","S9/L9-.1-2","T",0,1,2,0,0,"F"
1,2,0,1,"CX","kiria001","garlk001","","D9/L9LD.2-H;1-H","T",0,2,4,4,0,"F"
1,2,2,2,"CBSBFX","","garvm001","","S7/L7S.2-H;B-2(E7/TH)","T",0,2,0,4,0,"F"
1,2,1,0,".BX","","sanom001","","S7/L7+.2-3","T",0,1,0,3,0,"F"
1,2,3,2,"CFBB*B>X","refsr001","","sanom001","S6/L4D+.3-H;1-2","T",0,1,2,0,4,"F"
1,2,0,0,"X","larnt001","refsr001","","S8/L8.2-H;1-2","T",0,1,2,4,0,"F"
1,2,3,2,"SFB*BB>F>B","simma001","larnt001","","W.2-3;1-2","T",0,1,2,3,0,"F"
1,2,1,2,".SCBS","polaj001","simma001","larnt001","K","T",1,0,1,2,3,"F"
0,0,0,1,"..CX","","","","7/F7LD","T",1,0,0,0,0,"F"
0,1,0,2,"CCS","","","","K","T",1,0,0,0,0,"F"
0,2,0,2,"CSS","","","","K","T",1,0,0,0,0,"F"
0,0,1,1,"CBX","","","","D7/L7LD","T",0,2,0,0,0,"T"
0,0,0,2,"FSS","","mullc002","","K","T",1,0,0,2,0,"F"
0,1,3,1,"BBSBB","","mullc002","","W","T",0,1,0,2,0,"F"
0,1,3,2,"2BBSCBS","manct001","mullc002","","K","T",1,0,1,2,0,"F"
0,2,0,0,"2","manct001","mullc002","","PO2(16)","F",1,0,1,0,0,"F"
1,0,3,2,"FCBBBX","","","","4/L9S+","T",1,0,0,0,0,"F"
1,1,0,0,"X","","","","4/P4D","T",1,0,0,0,0,"F"
1,2,1,2,"BSSS","","","","K+PB.B-1","T",0,1,0,0,0,"F"
1,2,1,2,"CFBS","kiria001","","","K","T",1,0,1,0,0,"F"
0,0,2,2,"CBCFBX","","","","163/G4","T",1,0,0,0,0,"F"
0,1,0,2,"CFX","","","","S7/L7S","T",0,1,0,0,0,"F"
0,1,0,2,"FSX","franm004","","","FC1/G13.1X2(1E6);B-1","T",0,1,2,0,0,"F"
0,1,1,2,"FSF*BFC","mounr001","franm004","","K","T",1,0,1,2,0,"F"
0,2,3,1,"BBCBB","mounr001","franm004","","W.2-3;1-2","T",0,1,2,3,0,"F"
0,2,2,2,"BFBFX","sevep001","mounr001","franm004","S9/G4+.3-H(UR);2-H(UR);1-2","T",0,1,2,5,5,"F"
0,2,0,1,"CX","mullc002","sevep001","","3/G3","T",1,0,1,2,0,"F"
1,0,2,1,"CBBX","","","","HR/F9D","T",0,4,0,0,0,"F"
1,0,3,2,"BCBBSFB","","","","W","T",0,1,0,0,0,"F"
1,0,3,2,"CFBFBFBX","garvm001","","","7/F7LS","T",1,0,1,0,0,"F"
1,1,2,1,"CBBX","garvm001","","","D8/F89XD+.1-H","T",0,2,4,0,0,"F"
1,1,3,0,"BBBB","","refsr001","","W","T",0,1,0,2,0,"F"
1,1,3,1,"BBBCB","simma001","refsr001","","W.2-3;1-2","T",0,1,2,3,0,"F"
1,1,0,2,"FFX","keplm001","simma001","refsr001","4/P4S","T",1,0,1,2,3,"F"
1,2,0,0,"B","keplm001","simma001","refsr001","WP.3-H(NR);2-3;1-2","F",0,0,2,3,4,"F"
1,2,1,1,"B.CB","","keplm001","simma001","WP.3-H(NR);2-3","F",0,0,0,3,4,"F"
1,2,2,1,"B.CB.X","","","keplm001","5/P5F/FL","T",1,0,0,0,3,"F"
0,0,2,1,"BBFX","","","","9/L89D","T",1,0,0,0,0,"F"
0,1,0,2,"CCFX","","","","S8/L8D+","T",0,1,0,0,0,"F"
0,1,1,2,"BSFF*S","santa003","","","K","T",1,0,1,0,0,"F"
0,2,1,1,"CBX","santa003","","","D7/L7LD+.1-3","T",0,2,3,0,0,"F"
0,2,0,0,"X","","franm004","santa003","31/G34","T",1,0,0,2,3,"F"
1,0,3,2,"CBBFBS","","","","K","T",1,0,0,0,0,"F"
1,1,3,2,"CBBBFX","","","","8/F89XD","T",1,0,0,0,0,"F"
1,2,1,1,"BCX","","","","D7/L7LD","T",0,2,0,0,0,"F"
1,2,1,2,"SBFC","","garvm001","","K","T",1,0,0,2,0,"F"
0,0,1,2,"FFBFFX","","","","D9/L9LD+","T",0,2,0,0,0,"F"
0,0,0,2,"SCFX","","wilks001","","D9/F9LD.2-H","T",0,2,0,4,0,"F"
0,0,0,2,"LCS","","sevep001","","K","T",1,0,0,2,0,"F"
0,1,2,2,"SFBBFFS","","sevep001","","K","T",1,0,0,2,0,"F"
0,2,0,0,"X","","sevep001","","53/G5","T",1,0,0,2,0,"F"
1,0,1,2,"CBCX","","","","D9/L9L","T",0,2,0,0,0,"F"
1,0,2,2,"BSBFX","","refsr001","","S7/G6.2-3","T",0,1,0,3,0,"F"
1,0,2,2,"*BCB*ST","simma001","","refsr001","K","T",1,0,1,0,3,"F"
1,1,2,1,"BBSX","simma001","","refsr001","9/SF/F9LD.3-H","T",1,0,1,0,4,"F"
1,2,2,0,"BBX","simma001","","","D8/F89XD+.1XH(862)","T",1,2,0,0,0,"F"
0,0,1,1,"BCX","","","","3/G3-","T",1,0,0,0,0,"F"
0,1,0,2,"CTS","","","","K","T",1,0,0,0,0,"F"
0,2,2,1,"CBBX","","","","63/G6D+","T",1,0,0,0,0,"F"
1,0,3,2,".BBSCBFFT","","","","K","T",1,0,0,0,0,"F"
1,1,1,2,"CSBX","","","","43/G4+","T",1,0,0,0,0,"F"
1,2,3,1,"BBCBX","","","","D7/G5+","T",0,2,0,0,0,"F"
1,2,2,1,"BBSH","","garvm001","","HP","T",0,1,0,2,0,"F"
1,2,3,2,"BBBFS>X","larnt001","garvm001","","8/F89D+","T",1,0,1,2,0,"F"
0,0,1,0,"BH","","","","HP","T",0,1,0,0,0,"F"
0,0,2,2,"CFBBX","mounr001","","","8/L78D","T",1,0,1,0,0,"F"
0,1,2,1,"BBFX","mounr001","","","64(1)/FO/P6S.B-1","T",1,1,0,0,0,"F"
0,2,0,1,".CX","sevep001","","","8/F78","T",1,0,1,0,0,"F"
1,0,0,1,"...CX","","","","63/G6","T",1,0,0,0,0,"F"
1,1,1,2,"CBSC","","","","K","T",1,0,0,0,0,"F"
1,2,0,0,"X","","","","S48/G4M","T",0,1,0,0,0,"F"
1,2,1,2,"CBFFX","donaj001","","","D7/L7LD.1-H","T",0,2,4,0,0,"F"
1,2,1,2,"TSF*BS","","kiria001","","K","T",1,0,0,2,0,"F"
0,0,0,2,".CFX","","","","3/G3","T",1,0,0,0,0,"F"
0,1,3,2,"BBFFBX","","","","43/G4MD+","T",1,0,0,0,0,"F"
0,2,1,2,"BFFX","","","","7/F7","T",1,0,0,0,0,"F"
1,0,2,1,"CBBX","","","","6/P6MD","T",1,0,0,0,0,"F"
1,1,1,1,"CBX","","","","53/G56","T",1,0,0,0,0,"F"
1,2,2,2,"BCCBS","","","","K","T",1,0,0,0,0,"F"
0,0,1,2,".FFBX","","","","HR/F78XD","T",0,4,0,0,0,"F"
0,0,0,0,"X","","","","8/F89D","T",1,0,0,0,0,"F"
0,1,0,0,"X","","","","S8/L8","T",0,1,0,0,0,"F"
0,1,0,1,"CX","valap001","","","S8/L8D.1-2","T",0,1,2,0,0,"F"
0,1,2,2,"BSS*BS","wilks001","valap001","","K","T",1,0,1,2,0,"F"
0,2,0,1,".CX","wilks001","valap001","","43/G34","T",1,0,1,2,0,"F"
1,0,3,2,"CFBBBX","","","","HR/F9D","T",0,4,0,0,0,"F"
1,0,0,0,"X","","","","8/F78","T",1,0,0,0,0,"F"
1,1,2,1,"BCBX","","","","2/P2F-/FL","T",1,0,0,0,0,"F"
1,2,3,1,"BBBSX","","","","9/F9","T",1,0,0,0,0,"F"
0,0,2,2,"BBCFFX","","","","7/F78D","T",1,0,0,0,0,"F"
0,1,0,1,"FX","","","","6/L6+","T",1,0,0,0,0,"F"
0,2,2,0,"BBX","","","","E8/L89XD+.B-2","T",0,2,0,0,0,"F"
0,2,3,2,"CBCFBFFBB","","santa003","","W","T",0,1,0,2,0,"F"
0,2,0,2,"SFFX","stewd002","santa003","","13/G6S","T",1,0,1,2,0,"F"
0,0,0,0,"X","","","","S8/G4M","T",0,1,0,0,0,"T"
0,0,1,2,"LF*B1F>S","mullc002","","","K+CS2(26)/DP","T",2,0,0,0,0,"F"
0,2,0,2,"SSFX","","","","HR/F7D","T",0,4,0,0,0,"F"
0,2,2,2,"BCCFFBFFFFX","","","","D7/L78","T",0,2,0,0,0,"F"
0,2,0,0,"X","","santa003","","8/F89XD+","T",1,0,0,2,0,"F"
1,0,1,0,"BX","","","","8/F8D","T",1,0,0,0,0,"F"
1,1,0,0,"X","","","","9/L9D+","T",1,0,0,0,0,"F"
1,2,3,1,"BBBCB","","","","W","T",0,1,0,0,0,"F"
1,2,3,0,"BB*BB","cruzn002","","","W.1-2","T",0,1,2,0,0,"F"
1,2,0,2,"CCFS","kiria001","cruzn002","","K","T",1,0,1,2,0,"F"
0,0,3,2,"BBBCFX","","","","43/G4","T",1,0,0,0,0,"F"
0,1,1,2,"CFBS","","","","K","T",1,0,0,0,0,"F"
0,2,3,2,"BSBFB*S","","","","K","T",1,0,0,0,0,"F"
1,0,3,1,"BBBCX","","","","DGR/L78XD+","T",0,2,0,0,0,"F"
1,0,3,2,"C*BBFBX","","larnt001","","1/G13-.2-3","T",1,0,0,3,0,"F"
1,1,1,1,"*BCX","","","larnt001","FC/G5S.3XH(52);B-1","T",1,1,0,0,0,"F"
1,2,1,2,"CBCC","refsr001","","","K","T",1,0,1,0,0,"F"
0,0,3,2,"FSBBFBB","","","","W","T",0,1,0,0,0,"F"
0,0,3,2,"CBB+1BFF*B","siscc001","","","W.1-2","T",0,1,2,0,0,"F"
0,0,1,1,"FBX","mullc002","siscc001","","7/F78","T",1,0,1,2,0,"F"
0,1,1,2,"CSFFBS","mullc002","siscc001","","K","T",1,0,1,2,0,"F"
0,2,1,0,"BX","mullc002","siscc001","","5/P5F/FL","T",1,0,1,2,0,"F"
1,0,0,1,"CX","","","","63/G34","T",1,0,0,0,0,"F"
1,1,1,2,"BFCX","","","","9/F9LD","T",1,0,0,0,0,"F"
1,2,1,0,"BX","","","","13/G4MS","T",1,0,0,0,0,"F"
0,0,0,1,"CX","","","","6/P4D","T",1,0,0,0,0,"F"
0,1,1,2,"BSFFX","","","","63/G56D","T",1,0,0,0,0,"F"
0,2,0,1,"SX","","","","43/G34","T",1,0,0,0,0,"F"
1,0,1,2,"BFSX","","","","8/L8D","T",1,0,0,0,0,"F"
1,1,0,0,"X","","","","8/F8","T",1,0,0,0,0,"F"
1,2,3,2,"CBFBFBC","","","","K","T",1,0,0,0,0,"F"
0,0,2,2,"FFFBBS","","","","K","T",1,0,0,0,0,"F"
0,1,2,2,"BSFBX","","","","7/F7LS","T",1,0,0,0,0,"F"
0,2,1,2,"BFFS","","","","K","T",1,0,0,0,0,"F"
1,0,2,2,"BCBFX","","","","S7/L78S","T",0,1,0,0,0,"F"
1,0,2,1,"BCB1X","astuw001","","","54(1)3/GDP/G56","T",2,0,0,0,0,"F"
1,2,1,1,"SBX","","","","63/G6","T",1,0,0,0,0,"F"
0,0,2,2,"BCBSS","","","","K","T",1,0,0,0,0,"F"
0,1,3,2,"SBBBTS","","","","K","T",1,0,0,0,0,"F"
0,2,1,1,"CBX","","","","6/P6MD","T",1,0,0,0,0,"F"
1,0,0,0,"X","","","","S7/L78+","T",0,1,0,0,0,"F"
1,0,0,1,"F1X","keplm001","","","53/G56-.1-2","T",1,0,2,0,0,"F"
1,1,3,1,"*BBBCB","","keplm001","","W","T",0,1,0,2,0,"F"
1,1,3,2,"F*S*BBBX","cruzn002","keplm001","","3/G34.2-3;1-2","T",1,0,2,3,0,"F"
1,2,2,1,"CBBX","","cruzn002","keplm001","HR/L8XD.3-H;2-H","T",0,4,0,4,4,"F"
1,2,3,2,"CBSBBB","","","","W","T",0,1,0,0,0,"F"
1,2,1,1,"BSX","larnt001","","","43/G4","T",1,0,1,0,0,"F"
0,0,0,0,".X","","","","7/F56D","T",1,0,0,0,0,"F"
0,1,1,2,"CBFFS","","","","K","T",1,0,0,0,0,"F"
0,2,3,2,"BBCBCB","","","","W","T",0,1,0,0,0,"F"
0,2,0,2,"FFC","wilks001","","","K","T",1,0,1,0,0,"F"
1,0,2,2,".SSBFBX","","","","3/P3DF/FL","T",1,0,0,0,0,"F"
1,1,0,0,"X","","","","8/F89","T",1,0,0,0,0,"F"
1,2,3,2,"BCBSBX","","","","63/G4","T",1,0,0,0,0,"F"
0,0,2,1,".BCBX","","","","6/P4MD","T",1,0,0,0,0,"F"
0,1,3,2,"MSFBBBFX","","","","9/F89D","T",1,0,0,0,0,"F"
0,2,1,2,"BCSC","","","","K","T",1,0,0,0,0,"F"
1,0,3,2,".FBTBBS","","","","K","T",1,0,0,0,0,"F"
1,1,0,0,"X","","","","9/F9D","T",1,0,0,0,0,"F"
1,2,0,2,"CSS","","","","K","T",1,0,0,0,0,"F"
0,0,1,2,".CCFBFX","","","","D9/F9D+","T",0,2,0,0,0,"F"
0,0,0,1,"FX","","manct001","","53/G56","T",1,0,0,2,0,"F"
0,1,0,0,"X","","manct001","","7/L7D","T",1,0,0,2,0,"F"
0,2,3,2,"BCBFBX","","manct001","","D9/L89XD+.2-H","T",0,2,0,4,0,"F"
0,2,2,2,".SFBBX","","mcker001","","43/G34","T",1,0,0,2,0,"F"
0,0,1,1,"SBX","","","","3/G4","T",1,0,0,0,0,"T"
0,1,2,2,"CBFFBX","","","","3/P34","T",1,0,0,0,0,"F"
0,2,1,0,"BX","","","","S6/G4","T",0,1,0,0,0,"F"
0,2,0,1,"CX","benia002","","","54(1)/FO/G5D+.B-1","T",1,1,0,0,0,"F"
1,0,3,2,"BBBCSB","","","","W","T",0,1,0,0,0,"F"
1,0,1,0,"BX","garlk001","","","54(1)3/GDP/G56+","T",2,0,0,0,0,"F"
1,2,3,2,"BFBBSFX","","","","D7/G5+","T",0,2,0,0,0,"F"
1,2,3,2,"BBBCFB","","cruzn002","","W","T",0,1,0,2,0,"F"
1,2,2,0,"BBX","garvm001","cruzn002","","3/G3","T",1,0,1,2,0,"F"
0,0,2,2,"CFBBFX","","","","9/F9D","T",1,0,0,0,0,"F"
0,1,0,0,"X","","","","43/G4","T",1,0,0,0,0,"F"
0,2,2,1,"BBCX","","","","S8/L8D","T",0,1,0,0,0,"F"
0,2,0,0,"X","solej001","","","2/P2-","T",1,0,1,0,0,"F"
1,0,1,2,"CSBC","","","","K","T",1,0,0,0,0,"F"
1,1,1,2,"BFCX","","","","S8/L8D+","T",0,1,0,0,0,"F"
1,1,2,2,"CBBTFS","polaj001","","","K","T",1,0,1,0,0,"F"
1,2,0,2,"11CFFS","polaj001","","","K","T",1,0,1,0,0,"F"
0,0,1,0,"BX","","","","43/G4M","T",1,0,0,0,0,"F"
0,1,2,1,"BSBX","","","","13/G4MS","T",1,0,0,0,0,"F"
0,2,0,0,"X","","","","4/F89S","T",1,0,0,0,0,"F"
1,0,0,2,"FFX","","","","8/L8D+","T",1,0,0,0,0,"F"
1,1,2,1,"BBCX","","","","9/F9","T",1,0,0,0,0,"F"
1,2,1,1,"BSX","","","","63/G56","T",1,0,0,0,0,"F"
0,0,1,1,"CBX","","","","7/L7D","T",1,0,0,0,0,"F"
0,1,2,2,"CSBBX","","","","8/F78XD+","T",1,0,0,0,0,"F"
0,2,2,0,"BBX","","","","8/F8XD","T",1,0,0,0,0,"F"
1,0,3,2,"CBBBCX","","","","HR/F7D","T",0,4,0,0,0,"F"
1,0,0,1,"CX","","","","43/G34D","T",1,0,0,0,0,"F"
1,1,2,2,"BSFBS","","","","K","T",1,0,0,0,0,"F"
1,2,2,1,"BBFX","","","","5/P5F/FL","T",1,0,0,0,0,"F"
0,0,2,2,"CFBBS","","","","K","T",1,0,0,0,0,"F"
0,1,1,0,"BX","","","","53/G56","T",1,0,0,0,0,"F"
0,2,3,1,"BBCBB","","","","W","T",0,1,0,0,0,"F"
0,2,0,0,"X","dozih001","","","D9/G4+.1-H","T",0,2,4,0,0,"F"
0,2,2,2,"BC*BCX","","taylm002","","S7/L78S.2-H;B-2","T",0,2,0,4,0,"F"
0,2,0,0,"X","","merrw001","","S9/G3+.2-H","T",0,1,0,4,0,"F"
0,2,3,2,"BCBL*B>S","santc002","","","K","T",1,0,1,0,0,"F"
1,0,1,2,"BCF*S","","","","K","T",1,0,0,0,0,"F"
1,1,2,1,"BBCX","","","","D7/L7LD+","T",0,2,0,0,0,"F"
1,1,1,0,"BX","","simma001","","53/G56S","T",1,0,0,2,0,"F"
1,2,3,2,"BCFB*BFX","","simma001","","7/F7LF+/FL","T",1,0,0,2,0,"F"
0,0,1,0,"BX","","","","3/P3F/FL","T",1,0,0,0,0,"F"
0,1,1,1,"FBX","","","","D7/F78XD+","T",0,2,0,0,0,"F"
0,1,1,0,"B>C","","mondr003","","CS3(25)","F",1,0,0,0,0,"F"
0,2,3,2,"B>C.BFBFS","","","","K","T",1,0,0,0,0,"F"
1,0,0,1,"SX","","","","9/F89D","T",1,0,0,0,0,"F"
1,1,3,2,"BCBBCFX","","","","53/G5","T",1,0,0,0,0,"F"
1,2,1,1,"TBX","","","","7/F7","T",1,0,0,0,0,"F"
0,0,2,1,"BBFX","","","","S8/L8+","T",0,1,0,0,0,"F"
0,0,1,0,"BX","solej001","","","S8/G6M+.1-2","T",0,1,2,0,0,"F"
0,0,1,1,"BLX","dozih001","solej001","","S9/L34D+.2-3;1-2","T",0,1,2,3,0,"F"
0,0,1,1,".BFX","taylm002","dozih001","solej001","D7/L7LS.3-H;2-H;1-3","T",0,2,3,4,4,"F"
0,0,2,1,"CB*BX","","merrw001","taylm002","8/SF/F8.3-H","T",1,0,0,2,4,"F"
0,1,3,1,"BFBBB","","merrw001","","W","T",0,1,0,2,0,"F"
0,1,1,1,"BSX","benia002","merrw001","","S8/L8.2-H;1-3","T",0,1,3,4,0,"F"
0,1,1,2,"SSBX","peres002","","benia002","S9/G4+.3-H;1-2","T",0,1,2,0,4,"F"
0,1,0,2,"SST","mondr003","peres002","","K","T",1,0,1,2,0,"F"
0,2,1,2,"CBFX","mondr003","peres002","","7/F7S","T",1,0,1,2,0,"F"
1,0,3,1,".BBCBX","","","","3/P3F/FL","T",1,0,0,0,0,"F"
1,1,3,0,"BBBB","","","","W","T",0,1,0,0,0,"F"
1,1,3,2,"BSBBFB","polaj001","","","W.1-2","T",0,1,2,0,0,"F"
1,1,3,1,"CBBBB","refsr001","polaj001","","W.2-3;1-2","T",0,1,2,3,0,"F"
1,1,3,2,"..BBC*BFFX","simma001","refsr001","polaj001","S9/L89XD.3-H;2-3;1-2","T",0,1,2,3,4,"F"
1,1,1,2,"*BCFS","larnt001","simma001","refsr001","K","T",1,0,1,2,3,"F"
1,2,0,1,"FB","larnt001","simma001","refsr001","WP.3-H(NR);2-3;1-2","F",0,0,2,3,4,"F"
1,2,2,2,"FB.SFF*BX","","larnt001","simma001","53/G56","T",1,0,0,2,3,"F"
0,0,1,2,"..BFSC","","","","K","T",1,0,0,0,0,"F"
0,1,0,2,"SST","","","","K","T",1,0,0,0,0,"F"
0,2,0,0,"X","","","","9/F9LD","T",1,0,0,0,0,"F"
1,0,2,1,".CBBX","","","","3/P3DF/FL","T",1,0,0,0,0,"F"
1,1,2,0,"BBX","","","","63/G4M","T",1,0,0,0,0,"F"
1,2,0,1,"SX","","","","5/L5","T",1,0,0,0,0,"F"
0,0,2,2,".FBBSC","","","","K","T",1,0,0,0,0,"F"
0,1,0,0,"X","","","","9/F9","T",1,0,0,0,0,"F"
0,2,3,1,"BSBBX","","","","D7/G5+","T",0,2,0,0,0,"F"
0,2,1,2,"CFFF*BS","","peres002","","K","T",1,0,0,2,0,"F"
1,0,0,0,"X","","","","D7/L7LD+","T",0,2,0,0,0,"F"
1,0,0,0,"X","","polaj001","","7/L7D+","T",1,0,0,2,0,"F"
1,1,1,2,"BC*SC","","polaj001","","K","T",1,0,0,2,0,"F"
1,2,3,2,"BCCBFBB","","polaj001","","W","T",0,1,0,2,0,"F"
1,2,1,2,"SS*BFS","larnt001","polaj001","","K","T",1,0,1,2,0,"F"
0,0,1,0,"BX","","","","9/F9D","T",1,0,0,0,0,"T"
0,1,3,2,"CBTFBBB","","","","W","T",0,1,0,0,0,"F"
0,1,2,2,"BFSBX","santc002","","","9/F89+","T",1,0,1,0,0,"F"
0,2,2,1,"BCBX","santc002","","","3/P3","T",1,0,1,0,0,"F"
1,0,1,1,"BCX","","","","63/G4","T",1,0,0,0,0,"F"
1,1,1,1,"CBX","","","","S7/G56","T",0,1,0,0,0,"F"
1,1,3,2,"BBCF*BX","donaj001","","","S8/L89.1-2","T",0,1,2,0,0,"F"
1,1,1,0,"BX","kiria001","donaj001","","DGR/F9LS.2-H;1-3","T",0,2,3,4,0,"F"
1,1,1,2,"BFFFS","","cruzn002","kiria001","K","T",1,0,0,2,3,"F"
1,2,1,1,"BCX","","cruzn002","kiria001","7/F78","T",1,0,0,2,3,"F"
0,0,3,2,"CBBBFFFX","","","","S7/L7D+","T",0,1,0,0,0,"F"
0,0,0,0,"X","mondr003","","","8/L8XD","T",1,0,1,0,0,"F"
0,1,1,0,"B1>B","mondr003","","","SB2","F",0,0,2,0,0,"F"
0,1,3,2,"B1>B.CS*BC","","mondr003","","K","T",1,0,0,2,0,"F"
0,2,1,0,"*BX","","mondr003","","8/F8XD+","T",1,0,0,2,0,"F"
1,0,0,0,"..X","","","","HR/F8XD","T",0,4,0,0,0,"F"
1,0,0,1,"CX","","","","7/F7D","T",1,0,0,0,0,"F"
1,1,1,1,"BCX","","","","1/BP25","T",1,0,0,0,0,"F"
1,2,0,1,"CX","","","","163/G6M","T",1,0,0,0,0,"F"
0,0,3,2,"..CFBBFBB","","","","W","T",0,1,0,0,0,"F"
0,0,1,2,"CF*BX","gallc001","","","4(1)3/GDP/G6M","T",2,0,0,0,0,"F"
0,2,1,1,"CBX","","","","S8/G6M","T",0,1,0,0,0,"F"
0,2,2,2,"BBFSFX","santc002","","","HR/F7LD.1-H","T",0,4,4,0,0,"F"
0,2,2,2,"FBBSFFC","","","","K","T",1,0,0,0,0,"F"
1,0,2,1,"BBSX","","","","43/G4","T",1,0,0,0,0,"F"
1,1,1,2,"FBSS","","","","K","T",1,0,0,0,0,"F"
1,2,1,2,"SBFX","","","","53/G56","T",1,0,0,0,0,"F"
0,0,0,2,"CFFC","","","","K","T",1,0,0,0,0,"F"
0,1,1,2,"CBFC","","","","K","T",1,0,0,0,0,"F"
0,2,2,2,"CFBFBS","","","","K","T",1,0,0,0,0,"F"
1,0,3,1,"FBBBB","","","","W","T",0,1,0,0,0,"F"
1,0,3,2,".BBF1BFB","polaj001","","","W.1-2","T",0,1,2,0,0,"F"
1,0,3,2,"BBCS*BB","garvm001","polaj001","","W.2-3;1-2","T",0,1,2,3,0,"F"
1,0,1,1,"BFX","larnt001","garvm001","polaj001","S8/F89S.3-H;2-3;1-2","T",0,1,2,3,4,"F"
1,0,2,2,"BCBFF.S","refsr001","larnt001","garvm001","K","T",1,0,1,2,3,"F"
1,1,3,2,"BCF*BFBX","refsr001","larnt001","garvm001","9/F9+","T",1,0,1,2,3,"F"
1,2,0,0,"B","refsr001","larnt001","garvm001","WP.3-H;2-3;1-2","F",0,0,2,3,4,"F"
1,2,2,2,"B.F*BSS","","refsr001","larnt001","K","T",1,0,0,2,3,"F"
0,0,2,2,"CTFBFBX","","","","63/G6","T",1,0,0,0,0,"F"
0,1,2,2,"FBBFFX","","","","9/F9LS","T",1,0,0,0,0,"F"
0,2,1,0,"BX","","","","43/G4","T",1,0,0,0,0,"F"
1,0,0,2,"CST","","","","K","T",1,0,0,0,0,"F"
1,1,3,2,"BCCBBT","","","","K","T",1,0,0,0,0,"F"
1,2,0,1,"CX","","","","3/G3","T",1,0,0,0,0,"F"
0,0,0,2,".FCFS","","","","K","T",1,0,0,0,0,"F"
0,1,2,2,"SSBBS","","","","K","T",1,0,0,0,0,"F"
0,2,0,0,"X","","","","8/F89S","T",1,0,0,0,0,"F"
1,0,0,0,"X","","","","D7/L7L+","T",0,2,0,0,0,"F"
1,0,0,1,"SX","","garvm001","","E3/G3D.2-H(NR);BX2(46)","T",1,0,0,4,0,"F"
1,1,0,2,"CFT","","","","K","T",1,0,0,0,0,"F"
1,2,1,2,"BSTX","","","","S8/L8S","T",0,1,0,0,0,"F"
1,2,0,0,"1X","simma001","","","9/F9S","T",1,0,1,0,0,"F"
0,0,2,2,".BBCFS","","","","K","T",1,0,0,0,0,"F"
0,1,1,2,"CBSS","","","","K","T",1,0,0,0,0,"F"
0,2,1,2,".SBC*S","","","","K","T",1,0,0,0,0,"F"
1,0,1,0,"BX","","","","63/G6S","T",1,0,0,0,0,"F"
1,1,0,2,"CFS","","","","K","T",1,0,0,0,0,"F"
1,2,0,0,"X","","","","63/G56","T",1,0,0,0,0,"F"
0,0,0,1,".FX","","","","D7/L78XD+","T",0,2,0,0,0,"F"
0,0,0,0,"X","","albeh001","","S7/L78+.2-3","T",0,1,0,3,0,"F"
0,0,2,2,"BBFCX","gallc001","","albeh001","64(1)3/GDP/G6.3-H(NR)","T",2,0,0,0,4,"F"
0,2,3,2,"BCBSBFB","","","","W","T",0,1,0,0,0,"F"
0,2,1,2,"FF*BFFX","santc002","","","43/G6MD+","T",1,0,1,0,0,"F"
1,0,0,1,"CX","","","","D8/F9D","T",0,2,0,0,0,"F"
1,0,2,1,"*BBCX","","polaj001","","43/G6M.2-3","T",1,0,0,3,0,"F"
1,1,3,1,"CB*BBB","","","polaj001","W","T",0,1,0,0,3,"F"
1,1,0,2,".CTX","larnt001","","polaj001","S7/G56.3-H;1-2","T",0,1,2,0,4,"F"
1,1,3,2,"BF*BF*BFX","refsr001","larnt001","","31/G34.2-3;1-2","T",1,0,2,3,0,"F"
1,2,3,1,"BFBBB","","refsr001","larnt001","W","T",0,1,0,2,3,"F"
1,2,0,2,"CSX","sanom001","refsr001","larnt001","6/P4MS","T",1,0,1,2,3,"F"
0,0,0,2,".CSX","","","","D7/G5+","T",0,2,0,0,0,"F"
0,0,2,2,"BFBFX","","gutik001","","HR/F7LD.2-H","T",0,4,0,4,0,"F"
0,0,2,2,"BCCBFX","","","","8/L8D","T",1,0,0,0,0,"F"
0,1,0,2,".CSS","","","","K","T",1,0,0,0,0,"F"
0,2,1,2,"TBSS","","","","K","T",1,0,0,0,0,"F"
0,0,1,0,"BX","","","","D9/G3","T",0,2,0,0,0,"T"
0,0,0,1,"CX","","merrw001","","31/G3D.2-3","T",1,0,0,3,0,"F"
0,1,0,0,"X","","","merrw001","S7/L6D.3-H","T",0,1,0,0,4,"F"
0,1,0,0,"X","benia002","","","4/F6MD","T",1,0,1,0,0,"F"
0,2,0,2,"SSS","benia002","","","K","T",1,0,1,0,0,"F"
1,0,2,2,"BCFBX","","","","43/G4","T",1,0,0,0,0,"F"
1,1,3,0,"BBBB","","","","W","T",0,1,0,0,0,"F"
1,1,2,2,"BSBCFX","donaj001","","","S8/G6M+.1-2","T",0,1,2,0,0,"F"
1,1,3,1,"BBFBB","kiria001","donaj001","","W.2-3;1-2","T",0,1,2,3,0,"F"
1,1,1,2,"FC*B*S","cruzn002","kiria001","donaj001","K","T",1,0,1,2,3,"F"
1,2,3,1,"*BBFB*B","cruzn002","kiria001","donaj001","W.3-H;2-3;1-2","T",0,1,2,3,4,"F"
1,2,1,2,"C*BFS","larnt001","cruzn002","kiria001","K","T",1,0,1,2,3,"F"
0,0,1,2,"BCSFS","","","","K","T",1,0,0,0,0,"F"
0,1,0,1,"CX","","","","3/P3DF/FL","T",1,0,0,0,0,"F"
0,2,2,2,"CSBFBS","","","","K","T",1,0,0,0,0,"F"
1,0,0,0,"X","","","","HR/F78XD","T",0,4,0,0,0,"F"
1,0,0,2,"FFX","","","","E5/TH/G5.B-1","T",0,1,0,0,0,"F"
1,0,3,2,"CBC*B*BFC","simma001","","","K","T",1,0,1,0,0,"F"
1,1,0,2,"SFX","simma001","","","63/G6M.1-2","T",1,0,2,0,0,"F"
1,2,0,1,"SX","","simma001","","S6/G4.2-3","T",0,1,0,3,0,"F"
1,2,0,1,"CX","kiria001","","simma001","9/F9D","T",1,0,1,0,3,"F"
0,0,1,2,"CFBX","","","","3/G3","T",1,0,0,0,0,"F"
0,1,1,1,"BCX","","","","1/BP1S-","T",1,0,0,0,0,"F"
0,2,3,2,"CFBBBX","","","","5/P6MS","T",1,0,0,0,0,"F"
1,0,1,2,"CCB*S","","","","K","T",1,0,0,0,0,"F"
1,1,3,2,"BBFBCX","","","","43/G34D+","T",1,0,0,0,0,"F"
1,2,2,2,"BFBCFX","","","","8/F8XD+","T",1,0,0,0,0,"F"
0,0,1,2,"BCSFS","","","","K","T",1,0,0,0,0,"F"
0,1,3,2,"FFBBBX","","","","63/G6","T",1,0,0,0,0,"F"
0,2,1,2,"LBC*S","","","","K","T",1,0,0,0,0,"F"
1,0,2,2,"SBFBS","","","","K","T",1,0,0,0,0,"F"
1,1,0,1,"CX","","","","4/L4D","T",1,0,0,0,0,"F"
1,2,2,1,"CBBX","","","","3/G3","T",1,0,0,0,0,"F"
0,0,1,1,"FBX","","","","S7/G56","T",0,1,0,0,0,"F"
0,0,0,0,"X","olive001","","","S8/G6M.1-3","T",0,1,3,0,0,"F"
0,0,0,1,"F1X","gutik001","","olive001","64(1)/FO/G6.3-H;B-1","T",1,1,0,0,4,"F"
0,1,0,0,"X","dozih001","","","S7/G56.1-2","T",0,1,2,0,0,"F"
0,1,0,0,"X","dysoj001","dozih001","","S7/L7LD.2-H;1-2","T",0,1,2,4,0,"F"
0,1,0,1,"2C1","merrw001","dysoj001","","PO2(E1/TH).2-3","F",0,0,1,3,0,"F"
0,1,2,2,"2C1.BBF>F>B","merrw001","","dysoj001","SB2","F",0,0,2,0,3,"F"
0,1,3,2,"2C1.BBF>F>B.FB","","merrw001","dysoj001","W","T",0,1,0,2,3,"F"
0,1,0,1,".SX","santc002","merrw001","dysoj001","8/SF/L8XD.3-H;2-3","T",1,0,1,3,4,"F"
0,2,0,0,"X","santc002","","merrw001","S7/L7.3-H;1-2","T",0,1,2,0,4,"F"
0,2,2,2,"FF*BBX","peres002","santc002","","3/L34","T",1,0,1,2,0,"F"
1,0,1,2,"BCCX","","","","D9/L9D+","T",0,2,0,0,0,"F"
1,0,0,1,"CX","","donaj001","","S7/G6.2-3","T",0,1,0,3,0,"F"
1,0,3,2,"CBT*B1BB","kiria001","","donaj001","W.1-2","T",0,1,2,0,3,"F"
1,0,1,1,"BFX","cruzn002","kiria001","donaj001","54(1)3/GDP/G56.3-H(NR);2-3","T",2,0,0,3,4,"F"
1,2,2,2,"S*BFBC","","","kiria001","K","T",1,0,0,0,3,"F"
0,0,2,2,"CBFBFFX","","","","S7/L7","T",0,1,0,0,0,"F"
0,0,1,2,"1CF*BX","olive001","","","64(1)3/GDP/G6","T",2,0,0,0,0,"F"
0,2,1,1,"SBX","","","","7/F7LD+","T",1,0,0,0,0,"F"
1,0,1,1,".CBX","","","","63/G6","T",1,0,0,0,0,"F"
1,1,1,1,"FBX","","","","8/L8XD","T",1,0,0,0,0,"F"
1,2,3,2,"BFBCBC","","","","K","T",1,0,0,0,0,"F"
0,0,1,0,".BX","","","","63/G4M","T",1,0,0,0,0,"F"
0,1,3,2,"CFBBBFX","","","","8/L89D","T",1,0,0,0,0,"F"
0,2,1,2,"CBSX","","","","S7/F5D-","T",0,1,0,0,0,"F"
0,2,0,2,"FCX","santc002","","","8/F78XD","T",1,0,1,0,0,"F"
1,0,3,2,"BCBFBB","","","","W","T",0,1,0,0,0,"F"
1,0,2,2,"BFCF1*BX","polaj001","","","31/G13.1-2","T",1,0,2,0,0,"F"
1,1,3,2,"BBFF*BFFB","","polaj001","","W","T",0,1,0,2,0,"F"
1,1,1,2,".BSFFS","kiria001","polaj001","","K","T",1,0,1,2,0,"F"
1,2,3,2,"FBBBS>S","kiria001","polaj001","","K","T",1,0,1,2,0,"F"
0,0,0,1,".CX","","","","43/G6MD","T",1,0,0,0,0,"F"
0,1,0,2,"SSFX","","","","8/L78","T",1,0,0,0,0,"F"
0,2,2,1,"CBBX","","","","3/P3DF/FL","T",1,0,0,0,0,"F"
1,0,0,0,"H","","","","HP","T",0,1,0,0,0,"F"
1,0,1,2,"BCFS","larnt001","","","K","T",1,0,1,0,0,"F"
1,1,3,2,".BBC*BCB","larnt001","","","W.1-2","T",0,1,2,0,0,"F"
1,1,0,2,"SCS","garvm001","larnt001","","K","T",1,0,1,2,0,"F"
1,2,1,2,"CBFX","garvm001","larnt001","","3/G3","T",1,0,1,2,0,"F"
0,0,1,0,"..BX","","","","5/P56S","T",1,0,0,0,0,"F"
0,1,1,1,"CBX","","","","HR/F7LD","T",0,4,0,0,0,"F"
0,1,1,1,"BFX","","","","S2/G2","T",0,1,0,0,0,"F"
0,1,1,0,"1BX","dysoj001","","","43/G.1-2","T",1,0,2,0,0,"F"
0,2,0,0,"B","","dysoj001","","WP.2-3","F",0,0,0,3,0,"F"
0,2,1,1,"B.CX","","","dysoj001","31/G3","T",1,0,0,0,3,"F"
1,0,1,2,".CFBFX","","","","7/F78D","T",1,0,0,0,0,"F"
1,1,1,2,"SBF*S","","","","K","T",1,0,0,0,0,"F"
1,2,1,2,"SFBX","","","","63/G6","T",1,0,0,0,0,"F"
0,0,0,2,"CCX","","","","D9/F9D+","T",0,2,0,0,0,"T"
0,0,1,2,"CFBFX","","lemad001","","53/G5S+","T",1,0,0,2,0,"F"
0,1,0,2,"CSFX","","lemad001","","53/G56","T",1,0,0,2,0,"F"
0,2,1,2,"CS*BFFX","","lemad001","","23/G2","T",1,0,0,2,0,"F"
1,0,2,2,"CBFBFS","","","","K","T",1,0,0,0,0,"F"
1,1,1,1,"BCX","","","","S5/G5","T",0,1,0,0,0,"F"
1,1,0,0,"X","donaj001","","","8/F8D","T",1,0,1,0,0,"F"
1,2,3,2,"CF1*BBB>X","donaj001","","","S9/L9L.1-3","T",0,1,3,0,0,"F"
1,2,3,2,"FS*BB*B>F>F>F>X","sanom001","","donaj001","D7/L7LS.3-H;1-H","T",0,2,4,0,4,"F"
1,2,1,2,"BCFS","","jeffr002","","K","T",1,0,0,2,0,"F"
0,0,0,1,"CX","","","","9/L9LD","T",1,0,0,0,0,"F"
0,1,1,0,"BX","","","","6/F8S","T",1,0,0,0,0,"F"
0,2,0,0,"X","","","","13/BG1S-","T",1,0,0,0,0,"F"
1,0,0,0,"X","","","","S7/L7LD+","T",0,1,0,0,0,"F"
1,0,0,2,"FSX","refsr001","","","9/L9S","T",1,0,1,0,0,"F"
1,1,0,1,"1SX","refsr001","","","S8/G4M.1-2","T",0,1,2,0,0,"F"
1,1,2,2,"BBCFFC","simma001","refsr001","","K","T",1,0,1,2,0,"F"
1,2,1,0,"BX","simma001","refsr001","","6/L56","T",1,0,1,2,0,"F"
0,0,0,1,"CX","","","","5/L5+","T",1,0,0,0,0,"F"
0,1,1,2,"CCBX","","","","4/L34D","T",1,0,0,0,0,"F"
0,2,1,2,"CFBC","","","","K","T",1,0,0,0,0,"F"
1,0,0,2,"SFX","","","","3/G3","T",1,0,0,0,0,"F"
1,1,0,1,"SX","","","","9/L89D+","T",1,0,0,0,0,"F"
1,2,2,2,"BTTBX","","","","S9/F9S-","T",0,1,0,0,0,"F"
1,2,0,0,"X","jeffr002","","","63/G4MD","T",1,0,1,0,0,"F"
0,0,0,2,"STFFS","","","","K","T",1,0,0,0,0,"F"
0,1,0,1,"CX","","","","6/P6MD","T",1,0,0,0,0,"F"
0,2,2,2,"FBBSX","","","","S7/G56","T",0,1,0,0,0,"F"
0,2,1,0,"BX","stanm004","","","E1/G1S-.1-2;B-1","T",0,1,2,0,0,"F"
0,2,2,2,"CFF*B*BFX","urshg001","stanm004","","6/L6+","T",1,0,1,2,0,"F"
1,0,0,1,"CX","","","","53/G5","T",1,0,0,0,0,"F"
1,1,1,1,"SBX","","","","3/P3","T",1,0,0,0,0,"F"
1,2,1,0,"BX","","","","63/G56D","T",1,0,0,0,0,"F"
0,0,0,1,"FX","","","","43/G34D+","T",1,0,0,0,0,"F"
0,1,3,1,"BSBBB","","","","W","T",0,1,0,0,0,"F"
0,1,2,2,"BSCBFX","andum001","","","S9/F89S-.1-2","T",0,1,2,0,0,"F"
0,1,0,0,"X","gardb001","andum001","","S7/L7S.2-3;1-2","T",0,1,2,3,0,"F"
0,1,3,2,"S*BBFF*BFB","lemad001","gardb001","andum001","W.3-H;2-3;1-2","T",0,1,2,3,4,"F"
0,1,1,2,".SSBB","judga001","lemad001","gardb001","WP.3-H(NR);2-3;1-2","F",0,0,2,3,4,"F"
0,1,2,2,".SSBB.FFX","","judga001","lemad001","6/L6","T",1,0,0,2,3,"F"
0,2,0,1,"CX","","judga001","lemad001","63/G6","T",1,0,0,2,3,"F"
1,0,1,2,"CBF*S","","","","K.BX1(23)","T",1,0,0,0,0,"F"
1,1,1,2,"BFFX","","","","53/G5D","T",1,0,0,0,0,"F"
1,2,2,2,"BSBC*S","","","","K","T",1,0,0,0,0,"F"
0,0,3,2,"BCFBFFBS","","","","K","T",1,0,0,0,0,"F"
0,1,1,2,"BCFX","","","","S7/L78D+","T",0,1,0,0,0,"F"
0,1,1,0,".BX","sancg002","","","D9/L9LD+.1-3","T",0,2,3,0,0,"F"
0,1,0,1,"CX","","odorr001","sancg002","E5/G56.B-1","T",0,1,0,2,3,"F"
0,1,1,1,"BFX","andum001","odorr001","sancg002","7/SF/F7.3-H(UR)","T",1,0,1,2,5,"F"
0,2,1,0,"BX","andum001","odorr001","","63/G6D","T",1,0,1,2,0,"F"
1,0,3,2,"BBCBCX","","","","43/G6M","T",1,0,0,0,0,"F"
1,1,0,2,"SF*S","","","","K","T",1,0,0,0,0,"F"
1,2,1,1,"CBX","","","","S7/G56+","T",0,1,0,0,0,"F"
1,2,0,1,"CB","larnt001","","","WP.1-2","F",0,0,2,0,0,"F"
1,2,1,1,"CB.X","","larnt001","","D8/F78XD+.2-H","T",0,2,0,4,0,"F"
1,2,0,0,"..X","","kiria001","","53/G5","T",1,0,0,2,0,"F"
0,0,2,2,"...BCCBFX","","","","8/L8D+","T",1,0,0,0,0,"F"
0,1,0,0,"X","","","","S8/L78S","T",0,1,0,0,0,"F"
0,1,0,1,"C1X","torrg001","","","S9/L9.1-3","T",0,1,3,0,0,"F"
0,1,2,2,"FBBFX","stanm004","","torrg001","4/F34D-","T",1,0,1,0,3,"F"
0,2,1,2,"BF*SF1*S","stanm004","","torrg001","K","T",1,0,1,0,3,"F"
1,0,1,2,".CSBX","","","","43/G4D","T",1,0,0,0,0,"F"
1,1,3,1,"BFBBX","","","","43/G6","T",1,0,0,0,0,"F"
1,2,2,2,"BFSFBX","","","","53/G56","T",1,0,0,0,0,"F"
0,0,1,1,"..SBX","","","","S9/G4+","T",0,1,0,0,0,"F"
0,0,0,0,"X","frazc001","","","S9/G34S.1-2","T",0,1,2,0,0,"F"
0,0,1,1,".MBX","andum001","wadet002","","24/SH/BG2-.2-3;1-2","T",1,0,2,3,0,"F"
0,1,0,1,"FX","","andum001","wadet002","FC4/G4D+.3-H;2-3(E4/TH);B-1","T",0,1,0,3,4,"F"
0,1,3,2,"BSBSBX","lemad001","","andum001","FC4/G4D.3-H;1X2(4E6);B-1","T",0,1,2,0,4,"F"
0,1,0,0,"X","judga001","lemad001","","S7/G+.2-3;1-2","T",0,1,2,3,0,"F"
0,1,1,2,"BCFX","torrg001","judga001","lemad001","64(1)3/GDP/G6MS","T",2,0,0,2,3,"F"
1,0,1,2,"..CFBX","","","","4/P34D","T",1,0,0,0,0,"F"
1,1,3,2,"BBCBFT","","","","K","T",1,0,0,0,0,"F"
1,2,2,2,"CBSBX","","","","8/F89XD+","T",1,0,0,0,0,"F"
0,0,0,0,".X","","","","S9/F89S-","T",0,1,0,0,0,"F"
0,0,2,2,"BC*BFX","urshg001","","","HR/F78XD.1-H","T",0,4,4,0,0,"F"
0,0,2,2,"FBSFFBFS","","","","K","T",1,0,0,0,0,"F"
0,1,0,0,"X","","","","HR/F7D","T",0,4,0,0,0,"F"
0,1,1,2,"FCBFFX","","","","9/L9+","T",1,0,0,0,0,"F"
0,2,1,0,"BX","","","","63/G6M","T",1,0,0,0,0,"F"
1,0,0,2,".CSX","","","","S8/F8","T",0,1,0,0,0,"F"
1,0,1,2,"CFFBX","larnt001","","","S7/L78.1-2","T",0,1,2,0,0,"F"
1,0,0,0,"X","kiria001","larnt001","","64(1)/FO/G6.2-H(E4/TH)(NR);B-2","T",1,2,0,4,0,"F"
1,1,1,1,"BSX","","astuw001","","53/G56","T",1,0,0,2,0,"F"
1,2,1,0,"BX","","astuw001","","53/G56","T",1,0,0,2,0,"F"
0,0,2,1,"BBCX","","","","63/G6S","T",1,0,0,0,0,"T"
0,1,0,2,"FSX","","","","HR/F7D","T",0,4,0,0,0,"F"
0,1,2,2,"BFBCX","","","","53/G56+","T",1,0,0,0,0,"F"
0,2,1,0,"BX","","","","D7/L7L+","T",0,2,0,0,0,"F"
0,2,0,0,"X","","stanm004","","53/G6S","T",1,0,0,2,0,"F"
1,0,0,1,"CX","","","","43/G4","T",1,0,0,0,0,"F"
1,1,1,2,"CTBFS","","","","K","T",1,0,0,0,0,"F"
1,2,0,2,"CFX","","","","S9/L9","T",0,1,0,0,0,"F"
1,2,1,2,"FFB*S","larnt001","","","K","T",1,0,1,0,0,"F"
0,0,1,0,"BX","","","","53/G6S","T",1,0,0,0,0,"F"
0,1,3,2,"BBCSBX","","","","63/G6D+","T",1,0,0,0,0,"F"
0,2,1,0,"BX","","","","S8/L78S","T",0,1,0,0,0,"F"
0,2,1,2,"BCCX","higak001","","","D8/L78XD.1-H","T",0,2,4,0,0,"F"
0,2,0,0,"X","","gardb001","","63/G4M","T",1,0,0,2,0,"F"
1,0,2,2,"BCBFC","","","","K","T",1,0,0,0,0,"F"
1,1,0,1,"CX","","","","S7/L7L+","T",0,1,0,0,0,"F"
1,1,1,2,"CBSF>X","kiria001","","","3/P3SF/FL","T",1,0,1,0,0,"F"
1,2,0,2,"CFC","kiria001","","","K","T",1,0,1,0,0,"F"
0,0,0,0,"X","","","","D8/L89XD+","T",0,2,0,0,0,"F"
0,0,3,0,"BBBB","","judga001","","W","T",0,1,0,2,0,"F"
0,0,0,2,"TSX","torrg001","judga001","","HR/F8XD.2-H;1-H","T",0,4,4,4,0,"F"
0,0,3,0,"BBB*B","","","","W","T",0,1,0,0,0,"F"
0,0,1,2,"BFFX","urshg001","","","9/F89S","T",1,0,1,0,0,"F"
0,1,0,0,"X","urshg001","","","8/L8D+","T",1,0,1,0,0,"F"
0,2,3,2,"SBBF*B>X","urshg001","","","63/G6","T",1,0,1,0,0,"F"
1,0,3,1,"BCBBX","","","","63/G6","T",1,0,0,0,0,"F"
1,1,3,1,"BBFBX","","","","HR/F9LD","T",0,4,0,0,0,"F"
1,1,2,2,"BBCFS","","","","K","T",1,0,0,0,0,"F"
1,2,1,2,"FBCS","","","","K","T",1,0,0,0,0,"F"
0,0,3,2,"BBBCFFFX","","","","S9/G4+","T",0,1,0,0,0,"F"
0,0,0,0,"1>X","gardb001","","","9/L9L/DP.1X1(93)","T",2,0,0,0,0,"F"
0,2,1,1,"BSX","","","","53/G5","T",1,0,0,0,0,"F"
1,0,2,2,"CFBBX","","","","6/P4MD","T",1,0,0,0,0,"F"
1,1,0,0,"X","","","","3/P3F/FL","T",1,0,0,0,0,"F"
1,2,3,2,"CFFBBBX","","","","8/F8","T",1,0,0,0,0,"F"
0,0,3,1,"FBBBB","","","","W","T",0,1,0,0,0,"F"
0,0,0,2,"SFX","torrg001","","","HR/F89XD.1-H","T",0,4,4,0,0,"F"
0,0,3,2,"SSBBBX","","","","S8/L8+","T",0,1,0,0,0,"F"
0,0,0,0,"X","urshg001","","","46(1)3/GDP/G34","T",2,0,0,0,0,"F"
0,2,0,1,"CX","","","","HR/F78XD","T",0,4,0,0,0,"F"
0,2,2,2,"FTBBX","","","","S7/G56+","T",0,1,0,0,0,"F"
0,2,2,2,".BCCBX","higak001","","","6/P4","T",1,0,1,0,0,"F"
1,0,1,2,"CFBFX","","","","HR/F9D","T",0,4,0,0,0,"F"
1,0,3,2,"SCBBBFX","","","","7/L7D","T",1,0,0,0,0,"F"
1,1,2,0,"BBX","","","","8/L8","T",1,0,0,0,0,"F"
1,2,3,2,"FCBFBBC","","","","K","T",1,0,0,0,0,"F"
0,0,0,0,"X","","","","9/F9D","T",1,0,0,0,0,"F"
0,1,0,1,"CX","","","","53/G5D","T",1,0,0,0,0,"F"
0,2,2,1,"BBSX","","","","8/L8D","T",1,0,0,0,0,"F"
1,0,0,1,"FX","","","","9/F9LS","T",1,0,0,0,0,"F"
1,1,0,2,"CSFC","","","","K","T",1,0,0,0,0,"F"
1,2,0,1,"FX","","","","S8/L78D+","T",0,1,0,0,0,"F"
1,2,0,2,"CFS","cruzn002","","","K","T",1,0,1,0,0,"F"
0,0,1,2,"BFCX","","","","3/P3DF/FL","T",1,0,0,0,0,"F"
0,1,2,2,"BCSBX","","","","S7/L78D","T",0,1,0,0,0,"F"
0,1,0,0,"X","urshg001","","","D9/L9LS+.1-3","T",0,2,3,0,0,"F"
0,1,3,1,"BFB*BX","","odorr001","urshg001","8/SF/F78.3-H;2-3","T",1,0,0,3,4,"F"
0,2,0,0,"X","","","odorr001","3/P2F/FL","T",1,0,0,0,3,"F"
1,0,0,1,"..SX","","","","41/G3D","T",1,0,0,0,0,"F"
1,1,0,2,"FFX","","","","S8/F89","T",0,1,0,0,0,"F"
1,1,1,2,"SB*SX","sanom001","","","S8/L8+.1-2","T",0,1,2,0,0,"F"
1,1,0,1,"SX","simma001","sanom001","","54(1)/FO/G56.2-3;B-1","T",1,1,0,3,0,"F"
1,2,1,2,"BFF*S","celeg001","","sanom001","K","T",1,0,1,0,3,"F"
0,0,3,2,"CBFFBFBX","","","","D7/L7LD","T",0,2,0,0,0,"F"
0,0,2,2,".C*BBCC","","gardb001","","K","T",1,0,0,2,0,"F"
0,1,0,2,"FSFFS","","gardb001","","K","T",1,0,0,2,0,"F"
0,2,1,2,"*BCCFX","","gardb001","","8/F8XD","T",1,0,0,2,0,"F"
1,0,2,0,"..BBX","","","","E5/G7S.B-1","T",0,1,0,0,0,"F"
1,0,0,1,"CX","donaj001","","","45(1)/FO/G34.B-1","T",1,1,0,0,0,"F"
1,1,1,2,"BSSX","larnt001","","","64(1)3/GDP/G6D+","T",2,0,0,0,0,"F"
0,0,3,2,"...BBCBFX","","","","3E1/G3.B-1","T",0,1,0,0,0,"F"
0,0,1,2,"*ST*BFFFX","stanm004","","","46(1)/FO/G34.B-1","T",1,1,0,0,0,"F"
0,1,1,2,"BSFC","wadet002","","","K","T",1,0,1,0,0,"F"
0,2,0,1,"*SX","wadet002","","","S7/G56.1-2","T",0,1,2,0,0,"F"
0,2,3,2,"CBSB*B>S","andum001","wadet002","","K","T",1,0,1,2,0,"F"
1,0,2,1,".BFBX","","","","3/P3DF/FL","T",1,0,0,0,0,"F"
1,1,0,1,"FX","","","","T9/F8XD+","T",0,3,0,0,0,"F"
1,1,2,2,"BSFBX","","","kiria001","S9/L9+.3-H","T",0,1,0,0,4,"F"
1,1,0,2,"FCX","sanom001","","","13/G1S-.1-2","T",1,0,2,0,0,"F"
1,2,0,2,"FSFX","","sanom001","","S8/L8+.2-3","T",0,1,0,3,0,"F"
1,2,0,0,"B","celeg001","","sanom001","WP.3-H(NR);1-2","F",0,0,2,0,4,"F"
1,2,1,0,"B.X","","celeg001","","HR/F9LD.2-H","T",0,4,0,4,0,"F"
1,2,1,1,"SBX","","","","9/F9L+","T",1,0,0,0,0,"F"
0,0,3,2,"BCBBFX","","","","9/F9","T",1,0,0,0,0,"T"
0,1,1,0,"BX","","","","S8/L89D","T",0,1,0,0,0,"F"
0,1,1,2,"CBSX","judga001","","","S9/G34.1-2","T",0,1,2,0,0,"F"
0,1,2,1,"F*BBX","torrg001","judga001","","HR/F8XD.2-H;1-H","T",0,4,4,4,0,"F"
0,1,1,0,"BX","","","","T4/L9LD","T",0,3,0,0,0,"F"
0,1,0,2,"CST","","","urshg001","K","T",1,0,0,0,3,"F"
0,2,2,2,"BBFFB","","","urshg001","OA.3XH(21)","F",1,0,0,0,0,"F"
1,0,2,1,"BFBX","","","","23/G2-","T",1,0,0,0,0,"F"
1,1,3,2,"CSBBBB","","","","W","T",0,1,0,0,0,"F"
1,1,1,2,"BCCX","donaj001","","","S7/L78D.1-3","T",0,1,3,0,0,"F"
1,1,1,0,"BX","kiria001","","donaj001","7/SF/L7+.3-H","T",1,0,1,0,4,"F"
1,2,3,0,"1BBBB","kiria001","","","W.1-2","T",0,1,2,0,0,"F"
1,2,1,2,"BFFC","larnt001","kiria001","","K","T",1,0,1,2,0,"F"
0,0,3,2,"..FCFFFFBBBB","","","","W","T",0,1,0,0,0,"F"
0,0,1,2,"CBCFX","andum001","","","9/L9","T",1,0,1,0,0,"F"
0,1,3,2,"CSB*BBX","andum001","","","54(1)3/GDP/G56D+","T",2,0,0,0,0,"F"
1,0,2,2,"BFFBS","","","","K","T",1,0,0,0,0,"F"
1,1,1,2,"BCCX","","","","8/F89","T",1,0,0,0,0,"F"
1,2,1,2,"FFBFX","","","","8/F89XD","T",1,0,0,0,0,"F"
0,0,1,1,"FBX","","","","9/F9D","T",1,0,0,0,0,"F"
0,1,1,1,"BFX","","","","7/L7D+","T",1,0,0,0,0,"F"
0,2,2,1,"CBBX","","","","S8/G6M+","T",0,1,0,0,0,"F"
0,2,3,2,"CBC*BFFB>S","torrg001","","","K","T",1,0,1,0,0,"F"
1,0,1,1,"BFX","","","","7/F78","T",1,0,0,0,0,"F"
1,1,2,2,"BCBCS","","","","K","T",1,0,0,0,0,"F"
1,2,1,2,"CFBFX","","","","S9/L9","T",0,1,0,0,0,"F"
1,2,3,2,"1BBC*BF>*B","gordn001","","","W.1-2","T",0,1,2,0,0,"F"
1,2,0,1,"FX","cruzn002","gordn001","","7/F7LSF/FL","T",1,0,1,2,0,"F"
0,0,2,2,"BSBFX","","","","HR/F7D","T",0,4,0,0,0,"F"
0,0,0,0,"X","","","","4/P34D","T",1,0,0,0,0,"F"
0,1,2,2,"CBFBX","","","","S7/G56","T",0,1,0,0,0,"F"
0,1,2,1,"FBBX","andum001","","","13/G13.1-2","T",1,0,2,0,0,"F"
0,2,3,2,"CBS*BBX","","andum001","","6/F6MD","T",1,0,0,2,0,"F"
1,0,0,0,"X","","","","S8/G4M+","T",0,1,0,0,0,"F"
1,0,0,0,"X","sanom001","","","13/SH/BG1S-.1-2","T",1,0,2,0,0,"F"
1,1,3,2,"BFSBBX","","sanom001","","D8/L78XD.2-H","T",0,2,0,4,0,"F"
1,1,1,0,"BX","","simma001","","53/G5","T",1,0,0,2,0,"F"
1,2,1,0,".BH","","simma001","","HP","T",0,1,0,2,0,"F"
1,2,2,2,"BCF*BC","polaj001","simma001","","K","T",1,0,1,2,0,"F"
0,0,2,2,"BBCCX","","","","S9/G34","T",0,1,0,0,0,"F"
0,0,0,0,"X","lemad001","","","9/L9","T",1,0,1,0,0,"F"
0,1,1,0,"BX","lemad001","","","FC6/G6.1-2(E6);B-1","T",0,1,2,0,0,"F"
0,1,1,1,"BFX","torrg001","lemad001","","9/F9","T",1,0,1,2,0,"F"
0,2,2,1,"BBFX","torrg001","lemad001","","8/L89XD","T",1,0,1,2,0,"F"
1,0,1,2,"FSBX","","","","6/P4","T",1,0,0,0,0,"F"
1,1,2,1,"BFBX","","","","C/E2.B-1","T",0,1,0,0,0,"F"
1,1,0,0,"X","cruzn002","","","S7/F7LS.1-2","T",0,1,2,0,0,"F"
1,1,1,1,".BFX","larnt001","cruzn002","","7/F78D","T",1,0,1,2,0,"F"
1,2,2,2,"BBCFX","larnt001","cruzn002","","63/G6","T",1,0,1,2,0,"F"
0,0,2,2,".BCBCX","","","","S7/L7+","T",0,1,0,0,0,"F"
0,0,3,2,"*B*BSBCX","sancg002","","","S5/G5S.1-2","T",0,1,2,0,0,"F"
0,0,0,2,"SFX","andum001","sancg002","","5(2)/FO/G56.1-2;B-1","T",1,1,2,0,0,"F"
0,1,0,0,"X","gittc001","andum001","","9/L9","T",1,0,1,2,0,"F"
0,2,2,1,"B*BSX","gittc001","andum001","","S8/G4M+.2-H;1-2","T",0,1,2,4,0,"F"
0,2,0,0,"X","lemad001","gittc001","","54(1)/FO/G5+.B-1","T",1,1,0,2,0,"F"
1,0,3,2,"..BBCFBX","","","","3/P3","T",1,0,0,0,0,"F"
1,1,0,0,"X","","","","53/G5","T",1,0,0,0,0,"F"
1,2,1,2,"CFBX","","","","8/F8XD","T",1,0,0,0,0,"F"
0,0,0,0,".X","","","","S9/L89","T",0,1,0,0,0,"F"
0,0,0,2,"CSS","torrg001","","","K","T",1,0,1,0,0,"F"
0,1,0,1,"1FX","torrg001","","","8/F89XD","T",1,0,1,0,0,"F"
0,2,0,0,"X","torrg001","","","4/P4D","T",1,0,1,0,0,"F"
1,0,0,1,".CX","","","","43/G6MD","T",1,0,0,0,0,"F"
1,1,0,1,"CX","","","","S8/G4","T",0,1,0,0,0,"F"
1,1,0,0,"B","gordn001","","","WP.1-2","F",0,0,2,0,0,"F"
1,1,2,2,"B.CSBFFX","","gordn001","","D7/L7D+.2-H","T",0,2,0,4,0,"F"
1,1,1,2,"C*BSX","","cruzn002","","53/G56","T",1,0,0,2,0,"F"
1,2,3,2,".S*SBBBS","","cruzn002","","K","T",1,0,0,2,0,"F"
0,0,2,2,".BCBFX","","","","53/G5","T",1,0,0,0,0,"F"
0,1,1,2,"SCBX","","","","53/G5F/FL","T",1,0,0,0,0,"F"
0,2,3,2,"SBBBFFFFB","","","","W","T",0,1,0,0,0,"F"
0,2,3,1,"CBBBX","gardb001","","","9/L9LD+","T",1,0,1,0,0,"F"
1,0,2,2,"...FSBBS","","","","K","T",1,0,0,0,0,"F"
1,1,1,2,"FFBFFX","","","","5/P5F/FL","T",1,0,0,0,0,"F"
1,2,2,2,"CBBFFFX","","","","S7/L7D.BX2(74)","T",1,0,0,0,0,"F"
0,0,1,2,"..BCFS","","","","K","T",1,0,0,0,0,"F"
0,1,1,0,"BX","","","","43/G4M+","T",1,0,0,0,0,"F"
0,2,2,2,"BBSSC","","","","K","T",1,0,0,0,0,"F"
1,0,3,1,".BBCBX","","","","S7/L7+","T",0,1,0,0,0,"F"
1,0,1,0,"BX","polaj001","","","HR/F78XD.1-H","T",0,4,4,0,0,"F"
1,0,0,0,".X","","","","S7/L78D","T",0,1,0,0,0,"F"
1,0,0,0,"X","astuw001","","","HR/F8XD.1-H","T",0,4,4,0,0,"F"
0,0,2,2,"BBFCS","","","","K","T",1,0,0,0,0,"T"
0,1,0,0,"X","","","","S9/L89S","T",0,1,0,0,0,"F"
0,1,1,2,"CFBS","branm003","","","K","T",1,0,1,0,0,"F"
0,2,3,2,"CBBBC>X","branm003","","","S7/L78.1-2","T",0,1,2,0,0,"F"
0,2,0,0,"X","alvay001","branm003","","6/P6","T",1,0,1,2,0,"F"
1,0,1,1,"FBX","","","","3/G3S-","T",1,0,0,0,0,"F"
1,1,0,2,"CSC","","","","K","T",1,0,0,0,0,"F"
1,2,2,2,"FSFFBBX","","","","HR/L78XD","T",0,4,0,0,0,"F"
1,2,0,2,"CSS","","","","K","T",1,0,0,0,0,"F"
0,0,2,2,"CFBBC","","","","K","T",1,0,0,0,0,"F"
0,1,0,0,"X","","","","4/P34D","T",1,0,0,0,0,"F"
0,2,1,2,"CFBFC","","","","K","T",1,0,0,0,0,"F"
1,0,1,1,"BSX","","","","HR/L78XD","T",0,4,0,0,0,"F"
1,0,1,2,"CBSX","","","","53/G56S","T",1,0,0,0,0,"F"
1,1,1,2,"FBSX","","","","43/G34D","T",1,0,0,0,0,"F"
1,2,0,2,"SCX","","","","13/G13-","T",1,0,0,0,0,"F"
0,0,0,1,"CX","","","","S9/F9S","T",0,1,0,0,0,"F"
0,0,0,2,"CFC","maldm001","","","K","T",1,0,1,0,0,"F"
0,1,0,2,"CFX","maldm001","","","D8/F89XD.1-3","T",0,2,3,0,0,"F"
0,1,1,1,"BCX","","branm003","maldm001","8/SF/F8XD.3-H;2-3","T",1,0,0,3,4,"F"
0,2,3,2,"CFBBBB","","","branm003","W","T",0,1,0,0,3,"F"
0,2,1,0,"BX","alvay001","","branm003","7/F7LS","T",1,0,1,0,3,"F"
1,0,1,0,"BX","","","","5/P1S","T",1,0,0,0,0,"F"
1,1,1,2,"CFBC","","","","K","T",1,0,0,0,0,"F"
1,2,0,0,"X","","","","HR/F78XD","T",0,4,0,0,0,"F"
1,2,2,2,"CBFBS","","","","K","T",1,0,0,0,0,"F"
0,0,0,2,"CCS","","","","K","T",1,0,0,0,0,"F"
0,1,2,2,"FBBSX","","","","S8/L89S","T",0,1,0,0,0,"F"
0,1,0,2,"C1CX","tuckk001","","","46(1)3/GDP/G4","T",2,0,0,0,0,"F"
1,0,0,0,"X","","","","6/L4MD+","T",1,0,0,0,0,"F"
1,1,2,2,"CBBFS","","","","K","T",1,0,0,0,0,"F"
1,2,0,2,"SCX","","","","E5/G5.B-1","T",0,1,0,0,0,"F"
1,2,1,2,"SSFFBX","jeffr002","","","9/F9S","T",1,0,1,0,0,"F"
0,0,0,0,"X","","","","8/F8XD","T",1,0,0,0,0,"F"
0,1,0,0,"X","","","","HR/F7LD","T",0,4,0,0,0,"F"
0,1,2,2,"FTBBX","","","","S7/L7","T",0,1,0,0,0,"F"
0,1,0,0,"X","branm003","","","64(1)/FO/G6.B-1","T",1,1,0,0,0,"F"
0,2,0,0,">C","brega001","","","SB2","F",0,0,2,0,0,"F"
0,2,2,2,">C.BCFBFS","","brega001","","K","T",1,0,0,2,0,"F"
1,0,2,2,"BBCFX","","","","9/L9L","T",1,0,0,0,0,"F"
1,1,0,1,"CX","","","","D9/L9D+","T",0,2,0,0,0,"F"
1,1,1,2,"CSFBX","","celeg001","","43/G34D+.2-3","T",1,0,0,3,0,"F"
1,2,1,1,"FBX","","","celeg001","2/P3SF/FL","T",1,0,0,0,3,"F"
0,0,3,1,".BBBCX","","","","HR/F78XD","T",0,4,0,0,0,"F"
0,0,1,2,"FBFS","","","","K","T",1,0,0,0,0,"F"
0,1,0,2,"FCX","","","","8/F89XD","T",1,0,0,0,0,"F"
0,2,0,2,"CFX","","","","31/G34D","T",1,0,0,0,0,"F"
1,0,3,1,"BBSBB","","","","W","T",0,1,0,0,0,"F"
1,0,2,2,"B*SBCFX","cruzn002","","","8/F8XD+","T",1,0,1,0,0,"F"
1,1,0,2,"FSS","cruzn002","","","K","T",1,0,1,0,0,"F"
1,2,0,2,"CSFX","cruzn002","","","64(1)/FO/G6D.B-1","T",1,1,0,0,0,"F"
0,0,2,2,".CCFBBX","","","","63/G6","T",1,0,0,0,0,"F"
0,1,3,1,"FBBBB","","","","W","T",0,1,0,0,0,"F"
0,1,1,2,"C1FFBH","altuj001","","","HP.1-2","T",0,1,2,0,0,"F"
0,1,2,1,"*BC*BB","branm003","altuj001","","WP.2-3;1-2","F",0,0,2,3,0,"F"
0,1,3,2,"*BC*BB.CX","","branm003","altuj001","63/G6MS.3-H","T",1,0,0,2,4,"F"
0,2,0,2,".SCS","","branm003","","K","T",1,0,0,2,0,"F"
1,0,2,2,"BFBFFFT","","","","K","T",1,0,0,0,0,"F"
1,1,0,0,"X","","","","8/F8","T",1,0,0,0,0,"F"
1,2,2,2,"CFBBS","","","","K","T",1,0,0,0,0,"F"
0,0,3,2,".BBCFBS","","","","K","T",1,0,0,0,0,"F"
0,1,0,1,"FX","","","","43/G4M","T",1,0,0,0,0,"F"
0,2,1,2,"BCFX","","","","3/G3+","T",1,0,0,0,0,"F"
1,0,3,2,".CBFBBS","","","","K","T",1,0,0,0,0,"F"
1,1,0,0,"X","","","","HR/F9LD","T",0,4,0,0,0,"F"
1,1,0,0,"X","","","","63/G6MD","T",1,0,0,0,0,"F"
1,2,2,2,"CSFFBBX","","","","S6/G4+","T",0,1,0,0,0,"F"
1,2,0,0,"X","kiria001","","","53/G5+","T",1,0,1,0,0,"F"
0,0,3,1,"BFBBX","","","","S9/L9L","T",0,1,0,0,0,"F"
0,0,0,0,"11B","stram002","","","PB.1-2","F",0,0,2,0,0,"F"
0,0,2,2,"11B.BFLX","","stram002","","D7/L7LD.2-H","T",0,2,0,4,0,"F"
0,0,0,0,"X","","maldm001","","9/L89XD+.2-3","T",1,0,0,3,0,"F"
0,1,1,0,"BX","","","maldm001","S7/G6+.3-H","T",0,1,0,0,4,"F"
0,1,2,1,"BFBX","branm003","","","3/P34S","T",1,0,1,0,0,"F"
0,2,3,2,"CBBBF>S","branm003","","","K","T",1,0,1,0,0,"F"
1,0,3,2,".BFCBBS","","","","K","T",1,0,0,0,0,"F"
1,1,2,2,"BCFFFFFBX","","","","43/G34","T",1,0,0,0,0,"F"
1,2,2,2,"BBCFC","","","","K","T",1,0,0,0,0,"F"
0,0,0,2,"FC*S","","","","K","T",1,0,0,0,0,"T"
0,1,3,2,"CBFFBBB","","","","W","T",0,1,0,0,0,"F"
0,1,2,2,"BBCFS","branm003","","","K","T",1,0,1,0,0,"F"
0,2,1,2,"BCF1C","branm003","","","K","T",1,0,1,0,0,"F"
1,0,0,2,"CCFFFX","","","","S6/G6M","T",0,1,0,0,0,"F"
1,0,0,2,"CSS","polaj001","","","K","T",1,0,1,0,0,"F"
1,1,0,1,"C1X","polaj001","","","4(1)3/GDP/G4M","T",2,0,0,0,0,"F"
0,0,1,0,"BX","","","","5/L56+","T",1,0,0,0,0,"F"
0,1,1,1,"BCX","","","","9/L9L+","T",1,0,0,0,0,"F"
0,2,0,0,"X","","","","S9/L9","T",0,1,0,0,0,"F"
0,2,0,2,"CCFX","garcr005","","","S7/L6D+.1-2","T",0,1,2,0,0,"F"
0,2,2,2,"CBF*BC","mccoc001","garcr005","","K","T",1,0,1,2,0,"F"
1,0,2,2,"BCTBS","","","","K","T",1,0,0,0,0,"F"
1,1,2,2,"BCFFBS","","","","K","T",1,0,0,0,0,"F"
1,2,1,0,"BX","","","","3/G3","T",1,0,0,0,0,"F"
0,0,1,2,"FFFFBFX","","","","8/F8","T",1,0,0,0,0,"F"
0,1,2,1,"BBSX","","","","43/G3D","T",1,0,0,0,0,"F"
0,2,0,0,"X","","","","E5/G56.B-1","T",0,1,0,0,0,"F"
0,2,0,0,"1","brega001","","","PO1(E1/TH).1-2","F",0,0,2,0,0,"F"
0,2,0,0,"1.X","","brega001","","3/G3","T",1,0,0,2,0,"F"
1,0,1,1,"CBX","","","","S8/L8+","T",0,1,0,0,0,"F"
1,0,1,0,"1B1X","gordn001","","","6/P6","T",1,0,1,0,0,"F"
1,1,1,0,"11B+1>C","gordn001","","","SB2","F",0,0,2,0,0,"F"
1,1,3,2,"11B+1>C.B*BFX","","gordn001","","8/F8","T",1,0,0,2,0,"F"
1,2,2,2,"BFBCX","","gordn001","","43/G4+","T",1,0,0,2,0,"F"
0,0,1,1,"CBX","","","","8/F8D","T",1,0,0,0,0,"F"
0,1,3,2,"BBBCFFFC","","","","K","T",1,0,0,0,0,"F"
0,2,0,2,"FCC","","","","K","T",1,0,0,0,0,"F"
1,0,1,2,"FFBX","","","","9/F9","T",1,0,0,0,0,"F"
1,1,2,2,"BBSFX","","","","4/P34D","T",1,0,0,0,0,"F"
1,2,3,2,"BBCBFX","","","","S8/G6M+","T",0,1,0,0,0,"F"
1,2,0,0,"X","larnt001","","","D8/F8XD+.1-H","T",0,2,4,0,0,"F"
1,2,3,2,"BF*B*BSFFX","","sanom001","","3/L3+","T",1,0,0,2,0,"F"
0,0,1,2,"SBTFX","","","","S9/F9S","T",0,1,0,0,0,"F"
0,0,0,1,"F1X","mccoc001","","","64(1)3/GDP/G6","T",2,0,0,0,0,"F"
0,2,3,2,"BBFCFBFFFX","","","","43/G6M","T",1,0,0,0,0,"F"
1,0,0,2,"CSS","","","","K+PB.B-1","T",0,1,0,0,0,"F"
1,0,1,1,"1S1B+11>X","gordn001","","","9/F9S","T",1,0,1,0,0,"F"
1,1,0,0,"1>B","gordn001","","","SB2","F",0,0,2,0,0,"F"
1,1,2,2,"1>B.CBFX","","gordn001","","D8/F8XD.2-H(UR)","T",0,2,0,5,0,"F"
1,1,2,2,"2BBFFX","","rortb001","","HR/F89XD.2-H","T",0,4,0,4,0,"F"
1,1,3,0,"BBBB","","","","W","T",0,1,0,0,0,"F"
1,1,2,2,".SBFFFFBS","donaj001","","","K","T",1,0,1,0,0,"F"
1,2,1,1,"*BFX","donaj001","","","43/G34D","T",1,0,1,0,0,"F"
0,0,1,2,"CBFFX","","","","43/G4D","T",1,0,0,0,0,"F"
0,1,2,2,"BCCB*S","","","","K","T",1,0,0,0,0,"F"
0,2,0,2,"CCC","","","","K","T",1,0,0,0,0,"F"
1,0,2,2,"FBBCX","","","","53/G56","T",1,0,0,0,0,"F"
1,1,0,1,"CX","","","","31/G34","T",1,0,0,0,0,"F"
1,2,2,2,"FBSBX","","","","7/F7LSF/FL","T",1,0,0,0,0,"F"
0,0,0,0,"X","","","","53/G56+","T",1,0,0,0,0,"F"
0,1,0,0,"X","","","","HR/F78XD","T",0,4,0,0,0,"F"
0,1,0,1,"CX","","","","HR/F9D","T",0,4,0,0,0,"F"
0,1,0,0,"X","","","","31/G34","T",1,0,0,0,0,"F"
0,2,0,2,"CFX","","","","43/G6D","T",1,0,0,0,0,"F"
1,0,2,2,".BCBFX","","","","D7/L7L+","T",0,2,0,0,0,"F"
1,0,1,2,"C*BLX","","simma001","","13/SH/BG1S-.2-3","T",1,0,0,3,0,"F"
1,1,2,2,"FBBFFX","","","simma001","S8/L8D.3-H","T",0,1,0,0,4,"F"
1,1,2,2,"*BCBSF1S","polaj001","","","K","T",1,0,1,0,0,"F"
1,2,3,0,".1BBBB","polaj001","","","W.1-2","T",0,1,2,0,0,"F"
1,2,2,2,"CBFBH","cruzn002","polaj001","","HP.2-3;1-2","T",0,1,2,3,0,"F"
1,2,2,2,"BCFBX","larnt001","cruzn002","polaj001","7/L7","T",1,0,1,2,3,"F"
0,0,0,0,".X","","","","9/F9","T",1,0,0,0,0,"F"
0,1,3,2,"BCFBFFFB*B","","","","W","T",0,1,0,0,0,"F"
0,1,3,1,"BBBCX","branm003","","","46(1)3/GDP/G4","T",2,0,0,0,0,"F"
1,0,3,0,"BBBB","","","","W","T",0,1,0,0,0,"F"
1,0,0,2,"CCX","kiria001","","","45(1)3/GDP/G34D","T",2,0,0,0,0,"F"
1,2,1,2,"CBFH","","","","HP","T",0,1,0,0,0,"F"
1,2,0,2,"CF1X","simma001","","","5/L6","T",1,0,1,0,0,"F"
0,0,0,2,".CS*S","","","","K","T",1,0,0,0,0,"F"
0,1,1,0,"BX","","","","8/L89D","T",1,0,0,0,0,"F"
0,2,1,2,"CSBS","","","","K","T",1,0,0,0,0,"F"
0,0,0,0,"X","","","","S7/L78+","T",0,1,0,0,0,"T"
0,0,0,2,"C1CX","altuj001","","","D9/L9LD.1-3","T",0,2,3,0,0,"F"
0,0,2,0,"BBX","","branm003","altuj001","7/SF/F7D.3-H","T",1,0,0,2,4,"F"
0,1,0,1,"FX","","branm003","","7/F7L","T",1,0,0,2,0,"F"
0,2,2,2,"TC*BBS","","branm003","","K","T",1,0,0,2,0,"F"
1,0,1,0,"BX","","","","53/G56","T",1,0,0,0,0,"F"
1,1,3,0,"BBBB","","","","W","T",0,1,0,0,0,"F"
1,1,0,0,"X","donaj001","","","8/F8D+","T",1,0,1,0,0,"F"
1,2,2,0,"BBX","donaj001","","","63/G56","T",1,0,1,0,0,"F"
0,0,0,1,"CX","","","","6/F8S","T",1,0,0,0,0,"F"
0,1,2,2,"BBCTX","","","","8/L8D","T",1,0,0,0,0,"F"
0,2,3,2,"SCBBFBB","","","","W","T",0,1,0,0,0,"F"
0,2,0,0,"1>B","stram002","","","SB2","F",0,0,2,0,0,"F"
0,2,2,0,"1>B.BX","","stram002","","5/P6MS","T",1,0,0,2,0,"F"
1,0,2,2,"BFTBS","","","","K","T",1,0,0,0,0,"F"
1,1,3,2,"BBCCBX","","","","S7/L7S","T",0,1,0,0,0,"F"
1,1,1,0,"*BX","larnt001","","","64(1)3/GDP/G6","T",2,0,0,0,0,"F"
0,0,1,0,"BX","","","","63/G6+","T",1,0,0,0,0,"F"
0,1,0,0,"X","","","","7/F7L","T",1,0,0,0,0,"F"
0,2,3,2,"BBBCFFX","","","","63/G56","T",1,0,0,0,0,"F"
1,0,3,0,"BBBB","","","","W","T",0,1,0,0,0,"F"
1,0,0,2,"CCFX","simma001","","","13/G23.1-2","T",1,0,2,0,0,"F"
1,1,1,2,"SS*BFFX","","simma001","","8/F89D","T",1,0,0,2,0,"F"
1,2,0,1,"FX","","simma001","","63/G6","T",1,0,0,2,0,"F"
0,0,0,1,"CX","","","","7/F7S","T",1,0,0,0,0,"F"
0,1,2,2,"FBCBX","","","","5/L56","T",1,0,0,0,0,"F"
0,2,1,1,"FBX","","","","S57/G6+","T",0,1,0,0,0,"F"
0,2,3,1,"CBBBX","corrc001","","","HR/F8XD.1-H","T",0,4,4,0,0,"F"
0,2,2,2,"FCBBX","","","","S9/L89S","T",0,1,0,0,0,"F"
0,2,1,0,"11BX","stram002","","","S9/G34+.1-3","T",0,1,3,0,0,"F"
0,2,0,0,"X","stubg001","","stram002","53/G56","T",1,0,1,0,3,"F"
1,0,1,0,"BX","","","","53/G56","T",1,0,0,0,0,"F"
1,1,3,2,"BFBBCB","","","","W","T",0,1,0,0,0,"F"
1,1,0,0,"X","refsr001","","","S7/G6.1-2","T",0,1,2,0,0,"F"
1,1,2,1,"BBFX","sanom001","refsr001","","46(1)3/GDP/G4M+","T",2,0,0,2,0,"F"
0,0,2,2,".CBCBX","","","","D7/G5","T",0,2,0,0,0,"F"
0,0,1,1,"BFX","","branm003","","7/F7L","T",1,0,0,2,0,"F"
0,1,0,0,"X","","branm003","","S16/G4M+.2-3","T",0,1,0,3,0,"F"
0,1,2,2,"FBFBF>B","alvay001","","branm003","SB2","F",0,0,2,0,3,"F"
0,1,3,2,"FBFBF>B.X","","alvay001","branm003","8/SF/L8D+.3-H","T",1,0,0,2,4,"F"
0,2,0,0,"X","","alvay001","","D7/L7LD.2-H;B-3(E7/TH)","T",0,3,0,4,0,"F"
0,2,2,2,"BBCSS","","","corrc001","K","T",1,0,0,0,3,"F"
1,0,0,1,"CX","","","","HR/F7D","T",0,4,0,0,0,"F"
1,0,1,1,"FBX","","","","8/F8D","T",1,0,0,0,0,"F"
1,1,3,2,"BBCFBX","","","","43/G4D","T",1,0,0,0,0,"F"
1,2,1,1,"BSX","","","","8/L8XD","T",1,0,0,0,0,"F"
0,0,0,0,"X","","","","D7/L78D","T",0,2,0,0,0,"F"
0,0,0,0,"X","","stram002","","S3/BG23-.2-3","T",0,1,0,3,0,"F"
0,0,3,0,"BBBX","stubg001","","stram002","FC/G56S.1X3(52);B-2","T",1,2,0,0,3,"F"
0,1,2,0,"*BBX","","altuj001","stram002","D87/F78XD+.3-H;2-H","T",0,2,0,4,4,"F"
0,1,2,2,"BCBCT","","branm003","","K","T",1,0,0,2,0,"F"
0,2,1,0,"BX","","branm003","","HR/F89XD.2-H","T",0,4,0,4,0,"F"
0,2,1,0,"BX","","","","53/G5","T",1,0,0,0,0,"F"
1,0,0,1,"CX","","","","S7/G56+","T",0,1,0,0,0,"F"
1,0,0,1,"FX","donaj001","","","S9/G34.1-H(E9/TH)(NR)(UR);B-2","T",0,2,5,0,0,"F"
1,0,0,0,"X","","cruzn002","","53/G56","T",1,0,0,2,0,"F"
1,1,0,2,"SSFX","","cruzn002","","53/G5","T",1,0,0,2,0,"F"
1,2,2,2,"*BCBF*S","","cruzn002","","K","T",1,0,0,2,0,"F"
0,0,2,2,".BSBSX","","","","S7/G56","T",0,1,0,0,0,"F"
0,0,0,0,"X","corrc001","","","D9/L9LD.1-3","T",0,2,3,0,0,"F"
0,0,3,2,"BBBCSC","","tuckk001","corrc001","K","T",1,0,0,2,3,"F"
0,1,1,2,"F*B*SS","","tuckk001","corrc001","K","T",1,0,0,2,3,"F"
0,2,3,0,"*BBBB","","tuckk001","corrc001","W","T",0,1,0,2,3,"F"
0,2,1,1,"BCX","altuj001","tuckk001","corrc001","S8/G4M.3-H;2-H;1-3","T",0,1,3,4,4,"F"
0,2,0,0,".X","jonet005","","altuj001","64(1)/FO/G6D.B-1","T",1,1,0,0,3,"F"
1,0,3,2,".CBBSBX","","","","43/G4M","T",1,0,0,0,0,"F"
1,1,3,1,"BBBCX","","","","53/G56","T",1,0,0,0,0,"F"
1,2,3,2,"BCBBFX","","","","31/G3","T",1,0,0,0,0,"F"
0,0,2,0,".....BBX","","","","HR/F8XD","T",0,4,0,0,0,"F"
0,0,1,1,".FBX","","","","S8/F89","T",0,1,0,0,0,"F"
0,0,3,2,"B*BCFFBB","garcr005","","","W.1-2","T",0,1,2,0,0,"F"
0,0,1,2,"SBFX","corrc001","garcr005","","S9/L9+.2-3;1-2","T",0,1,2,3,0,"F"
0,0,1,1,"BFX","tuckk001","corrc001","garcr005","9/SF/F89D.3-H","T",1,0,1,2,4,"F"
0,1,0,0,"X","tuckk001","corrc001","","7/F7L","T",1,0,1,2,0,"F"
0,2,1,2,"FFFBS","tuckk001","corrc001","","K","T",1,0,1,2,0,"F"
1,0,1,0,"...BX","","","","9/F89","T",1,0,0,0,0,"F"
1,1,0,0,"X","","","","9/F89XD","T",1,0,0,0,0,"F"
1,2,2,0,"BBX","","","","HR/L7D","T",0,4,0,0,0,"F"
1,2,3,1,"BSBBX","","","","43/G4D+","T",1,0,0,0,0,"F"
0,0,1,2,"SSFBX","","","","43/G4","T",1,0,0,0,0,"F"
0,1,3,0,"BBBB","","","","W","T",0,1,0,0,0,"F"
0,1,0,0,"X","brega001","","","D7/G5.1-3","T",0,2,3,0,0,"F"
0,1,0,2,"SSX","","mccoc001","brega001","9/SF/F89D.3-H","T",1,0,0,2,4,"F"
0,2,2,1,"FBBX","","mccoc001","","53/G5","T",1,0,0,2,0,"F"
1,0,2,2,"BSFBS","","","","K","T",1,0,0,0,0,"F"
1,1,0,0,"X","","","","D8/L89XD+","T",0,2,0,0,0,"F"
1,1,1,1,"SBX","","larnt001","","63/G6","T",1,0,0,2,0,"F"
1,2,2,2,"SBBFS","","larnt001","","K","T",1,0,0,2,0,"F"
0,0,1,2,"BFCX","","","","S9/F9S","T",0,1,0,0,0,"T"
0,0,3,2,"CF*B*BF*BX","indij001","","","8/L8XD+","T",1,0,1,0,0,"F"
0,1,2,2,"BFFB>*B","indij001","","","SB2","F",0,0,2,0,0,"F"
0,1,3,2,"BFFB>*B.X","","indij001","","53/G5","T",1,0,0,2,0,"F"
0,2,1,2,"BCCX","","indij001","","9/L89","T",1,0,0,2,0,"F"
1,0,1,2,"BCFX","","","","8/F8D","T",1,0,0,0,0,"F"
1,1,2,2,"SBFBX","","","","63/G6+","T",1,0,0,0,0,"F"
1,2,2,2,"BCBSS","","","","K","T",1,0,0,0,0,"F"
0,0,2,2,"BSBSX","","","","S4/G4+","T",0,1,0,0,0,"F"
0,0,3,2,"SBFBBB","vottj001","","","W.1-2","T",0,1,2,0,0,"F"
0,0,1,2,"TFBS","suare001","vottj001","","K","T",1,0,1,2,0,"F"
0,1,2,2,"CB*BCX","suare001","vottj001","","8/F8D","T",1,0,1,2,0,"F"
0,2,2,2,"BBCFS","suare001","vottj001","","K","T",1,0,1,2,0,"F"
1,0,1,1,"BTX","","","","HR/L7D","T",0,4,0,0,0,"F"
1,0,3,2,"CBBBCB","","","","W","T",0,1,0,0,0,"F"
1,0,0,0,"X","keplm001","","","S9/L9LD+.1-3","T",0,1,3,0,0,"F"
1,0,0,2,"CS1X","polaj001","","keplm001","S8/L8S+.3-H;1-2","T",0,1,2,0,4,"F"
1,0,3,2,"*BBSCBB","kiria001","polaj001","","W.2-3;1-2","T",0,1,2,3,0,"F"
1,0,0,2,"FFFS","jeffr002","kiria001","polaj001","K","T",1,0,1,2,3,"F"
1,1,2,2,"CBSBX","jeffr002","kiria001","polaj001","7/SF/F7LF/FL.3-H","T",1,0,1,2,4,"F"
1,2,0,0,"X","jeffr002","kiria001","","S5/G5S.2-3;1-2","T",0,1,2,3,0,"F"
1,2,3,2,"CSBFF*BB>F>S","buxtb001","jeffr002","kiria001","K","T",1,0,1,2,3,"F"
0,0,3,1,"BBBCB","","","","W","T",0,1,0,0,0,"F"
0,0,1,2,"SBFX","indij001","","","46(1)3/GDP/G34D","T",2,0,0,0,0,"F"
0,2,1,2,"BFFT","","","","K","T",1,0,0,0,0,"F"
1,0,3,1,"BBFBB","","","","W","T",0,1,0,0,0,"F"
1,0,1,2,"FF*BS","cruzn002","","","K","T",1,0,1,0,0,"F"
1,1,3,2,"BBBCSS","cruzn002","","","K","T",1,0,1,0,0,"F"
1,2,3,2,"BBBCC>S","cruzn002","","","K","T",1,0,1,0,0,"F"
0,0,3,1,"BBCBB","","","","W","T",0,1,0,0,0,"F"
0,0,0,1,"CB","stept001","","","WP.1-2","F",0,0,2,0,0,"F"
0,0,2,2,"CB.BCS","","stept001","","K","T",1,0,0,2,0,"F"
0,1,2,2,"FFBBX","","stept001","","HR/F78XD.2-H","T",0,4,0,4,0,"F"
0,1,2,2,"FCBBX","","","","HR/F7LD","T",0,4,0,0,0,"F"
0,1,3,1,"FBBBB","","","","W","T",0,1,0,0,0,"F"
0,1,0,0,"X","farmk001","","","5/P5","T",1,0,1,0,0,"F"
0,2,0,0,"1X","farmk001","","","64(1)/FO/G6+.B-1","T",1,1,0,0,0,"F"
1,0,2,2,"BFCBC","","","","K","T",1,0,0,0,0,"F"
1,1,2,2,"BBFFX","","","","S9/L9S","T",0,1,0,0,0,"F"
1,1,0,1,"FX","simma001","","","8/L8D","T",1,0,1,0,0,"F"
1,2,1,1,"BCH","simma001","","","HP.1-2","T",0,1,2,0,0,"F"
1,2,1,2,"S*BFFS","buxtb001","simma001","","K","T",1,0,1,2,0,"F"
0,0,3,2,"BBLCFFBFX","","","","43/G4D","T",1,0,0,0,0,"F"
0,1,1,0,"BX","","","","9/F89","T",1,0,0,0,0,"F"
0,2,3,2,"BBFBFB","","","","W","T",0,1,0,0,0,"F"
0,2,1,2,"SFFBX","stept001","","","S7/L7+.1-2","T",0,1,2,0,0,"F"
0,2,2,2,".BBC*SX","vottj001","stept001","","8/L89D","T",1,0,1,2,0,"F"
1,0,2,1,".FBBX","","","","53/G5","T",1,0,0,0,0,"F"
1,1,2,0,"BBX","","","","S4/G34+","T",0,1,0,0,0,"F"
1,1,3,2,"C*BCFBB>X","keplm001","","","3/G3S-.1-2","T",1,0,2,0,0,"F"
1,2,0,1,"FX","","keplm001","","53/G56","T",1,0,0,2,0,"F"
0,0,1,1,".CBX","","","","7/F7S","T",1,0,0,0,0,"F"
0,1,2,2,"BCFB*S","","","","K","T",1,0,0,0,0,"F"
0,2,1,2,"CSBS","","","","K","T",1,0,0,0,0,"F"
1,0,0,1,"CX","","","","9/L9D","T",1,0,0,0,0,"F"
1,1,3,2,"BCFBBC","","","","K","T",1,0,0,0,0,"F"
1,2,1,0,"BX","","","","S9/G34","T",0,1,0,0,0,"F"
1,2,1,0,"BX","arral001","","","64(1)/FO/G6M.B-1","T",1,1,0,0,0,"F"
0,0,0,1,"CX","","","","S7/L7L+","T",0,1,0,0,0,"F"
0,0,3,2,".F1BBCBX","indij001","","","9/F89D","T",1,0,1,0,0,"F"
0,1,1,1,"CBX","indij001","","","7/F7D","T",1,0,1,0,0,"F"
0,2,0,1,"C1","indij001","","","POCS2(13)","F",1,0,0,0,0,"F"
1,0,1,0,"BX","","","","7/F7S","T",1,0,0,0,0,"F"
1,1,2,2,".FBBCX","","","","43/G6MD","T",1,0,0,0,0,"F"
1,2,3,0,"BBBB","","","","W","T",0,1,0,0,0,"F"
1,2,1,1,"C*B1>S","keplm001","","","SB2","F",0,0,2,0,0,"F"
1,2,1,2,"C*B1>S.FX","","keplm001","","7/F7","T",1,0,0,2,0,"F"
0,0,1,1,"CBX","","","","63/G6D","T",1,0,0,0,0,"F"
0,1,2,2,"BCBFFC","","","","K","T",1,0,0,0,0,"F"
0,2,1,0,".BX","","","","S7/L7S","T",0,1,0,0,0,"F"
0,2,0,1,".CX","suare001","","","63/G4","T",1,0,1,0,0,"F"
1,0,0,2,"...FSX","","","","S4/F4D","T",0,1,0,0,0,"F"
1,0,0,0,"N","kiria001","","","SB2","F",0,0,2,0,0,"F"
1,0,3,2,"N.BSS*BBFB","","kiria001","","W","T",0,1,0,2,0,"F"
1,0,0,0,"X","jeffr002","kiria001","","14/SH/BG1S.2-3;1-2","T",1,0,2,3,0,"F"
1,1,1,2,".FBFC","","jeffr002","kiria001","K","T",1,0,0,2,3,"F"
1,2,3,0,".VVVV","","jeffr002","kiria001","IW","T",0,1,0,2,3,"F"
1,2,1,2,".BFSX","sanom001","jeffr002","kiria001","13/G15","T",1,0,1,2,3,"F"
0,0,1,1,"...BSX","","","","53/G5","T",1,0,0,0,0,"F"
0,1,1,2,"..CSBX","","","","S7/L78D","T",0,1,0,0,0,"F"
0,1,2,2,"CFBFFBX","akiys001","","","S9/L89+.1-3;BX2(96)","T",1,0,3,0,0,"F"
0,2,1,2,"SCF*BT","","","akiys001","K","T",1,0,0,0,3,"F"
1,0,2,2,"..BBCFX","","","","53/G56","T",1,0,0,0,0,"F"
1,1,0,0,"X","","","","S8/F8S","T",0,1,0,0,0,"F"
1,1,0,1,"CX","keplm001","","","S9/L9LD.1-3","T",0,1,3,0,0,"F"
1,1,3,0,"VVVV","polaj001","","keplm001","IW.1-2","T",0,1,2,0,3,"F"
1,1,3,2,"SBBFBC","kiria001","polaj001","keplm001","K","T",1,0,1,2,3,"F"
1,2,2,2,"CBC*BFX","kiria001","polaj001","keplm001","4(1)/FO/G4.B-1","T",1,1,0,2,3,"F"
0,0,1,2,"...CF*BX","","freem002","","S8/L89.2-H(UR)","T",0,1,0,5,0,"F"
0,0,1,2,"CCBN","castn001","","","BK.1-2","F",0,0,2,0,0,"F"
0,0,1,2,"CCBN.FFX","","castn001","","S8/F89.2-3","T",0,1,0,3,0,"F"
0,0,1,2,"SBCS","stept001","","castn001","K","T",1,0,1,0,3,"F"
0,1,0,1,"FX","stept001","","castn001","9/SF/F9D.3-H","T",1,0,1,0,4,"F"
0,2,0,2,"FFFX","stept001","","","8/F78XD+","T",1,0,1,0,0,"F"
1,0,1,2,"...BCFX","","simma001","","D7/F78XD.2-H(UR)","T",0,2,0,5,0,"F"
1,0,2,2,"BSBSFFFX","","arral001","","S7/G56.2-3","T",0,1,0,3,0,"F"
1,0,1,0,"BX","sanom001","","arral001","7/SF/F7D.3-H","T",1,0,1,0,4,"F"
1,1,1,2,".S*BTC","sanom001","","","K","T",1,0,1,0,0,"F"
1,2,2,0,"BBX","sanom001","","","5/P56D","T",1,0,1,0,0,"F"
0,0,2,2,"..CBF*BFX","","naqut001","","63/G6","T",1,0,0,2,0,"F"
0,1,1,2,"T*BCX","","naqut001","","53/G56","T",1,0,0,2,0,"F"
0,2,1,2,"CS*BC","","naqut001","","K","T",1,0,0,2,0,"F"
1,0,1,0,".BX","","keplm001","","6/P56","T",1,0,0,2,0,"F"
1,1,3,0,"VVVV","","keplm001","","IW","T",0,1,0,2,0,"F"
1,1,1,2,"BCSFFS","kiria001","keplm001","","K","T",1,0,1,2,0,"F"
1,2,1,2,"B*SFX","kiria001","keplm001","","7/L78XD","T",1,0,1,2,0,"F"
0,0,0,2,".FFX","","indij001","","3/G3.2-3","T",1,0,0,3,0,"F"
0,1,3,0,"VVVV","","","indij001","IW","T",0,1,0,0,3,"F"
0,1,0,2,"CFS","castn001","","indij001","K","T",1,0,1,0,3,"F"
0,2,3,2,"BCS*BB>F>*B","castn001","","indij001","W.1-2","T",0,1,2,0,3,"F"
0,2,2,2,"B*SS*BS","vottj001","castn001","indij001","K","T",1,0,1,2,3,"F"
1,0,0,2,"..CFX","","simma001","","63/G6M.2-3","T",1,0,0,3,0,"F"
1,1,3,1,"BFBBX","","","simma001","HR/F78XD.3-H(UR)","T",0,4,0,0,5,"F"
0,0,1,2,"CCBX","","","","43/G6MD","T",1,0,0,0,0,"T"
0,1,3,1,"BBBCB","","","","W","T",0,1,0,0,0,"F"
0,1,1,2,"CFBFX","winkj002","","","9/F89","T",1,0,1,0,0,"F"
0,2,2,2,"CBBFT","winkj002","","","K","T",1,0,1,0,0,"F"
1,0,1,2,"FCFBX","","","","7/L7D","T",1,0,0,0,0,"F"
1,1,3,2,"BCBBSFFS","","","","K","T",1,0,0,0,0,"F"
1,2,0,0,"X","","","","D7/G5+","T",0,2,0,0,0,"F"
1,2,0,1,"CX","","cruzn002","","63/G6","T",1,0,0,2,0,"F"
0,0,0,0,"X","","","","S8/G6M","T",0,1,0,0,0,"F"
0,0,0,0,"X","naqut001","","","54(1)/FO/G5.B-1","T",1,1,0,0,0,"F"
0,1,1,2,"C1CB1N","suare001","","","CS2(1634)","F",1,0,0,0,0,"F"
0,2,1,2,"C1CB1N.X","","","","E5/G56.B-1","T",0,1,0,0,0,"F"
0,2,0,2,"FFFFX","akiys001","","","8/F8S","T",1,0,1,0,0,"F"
1,0,3,2,"BSBCBX","","","","7/F78D","T",1,0,0,0,0,"F"
1,1,3,2,"BBCBCFX","","","","9/F9S","T",1,0,0,0,0,"F"
1,2,1,0,"BX","","","","43/G4D","T",1,0,0,0,0,"F"
0,0,0,1,"CX","","","","HR/F9D","T",0,4,0,0,0,"F"
0,0,1,1,"BCX","","","","13/G23","T",1,0,0,0,0,"F"
0,1,0,2,"SFS","","","","K","T",1,0,0,0,0,"F"
0,2,0,0,"X","","","","3/P3","T",1,0,0,0,0,"F"
1,0,2,0,"BBX","","","","63/G6","T",1,0,0,0,0,"F"
1,1,2,2,"BBCCX","","","","63/G6M","T",1,0,0,0,0,"F"
1,2,0,0,"X","","","","8/F8D","T",1,0,0,0,0,"F"
0,0,0,0,"X","","","","53/G5S","T",1,0,0,0,0,"F"
0,1,1,1,"BCX","","","","S5/BG5S-","T",0,1,0,0,0,"F"
0,1,3,2,"CBBSBX","naqut001","","","8/F8","T",1,0,1,0,0,"F"
0,2,2,2,"1BFB1CFF11FX","naqut001","","","43/G34D","T",1,0,1,0,0,"F"
1,0,3,2,"BBTBFC","","","","K","T",1,0,0,0,0,"F"
1,1,0,0,"X","","","","S7/L78","T",0,1,0,0,0,"F"
1,1,1,2,"1CF*BS","cruzn002","","","K","T",1,0,1,0,0,"F"
1,2,0,0,"X","cruzn002","","","HR/F7D.1-H","T",0,4,4,0,0,"F"
1,2,0,1,"FX","","","","9/F8","T",1,0,0,0,0,"F"
0,0,3,2,"BBFFFBX","","","","S7/G56+","T",0,1,0,0,0,"F"
0,0,1,2,"CFBX","farmk001","","","S7/L7S.1-2","T",0,1,2,0,0,"F"
0,0,3,2,"FBBFBFB","barnt001","farmk001","","W.2-3;1-2","T",0,1,2,3,0,"F"
0,0,1,0,"BX","indij001","barnt001","farmk001","D98/F89XD+.3-H;2-H;1-3","T",0,2,3,4,4,"F"
0,0,0,0,"X","","winkj002","indij001","6/L56","T",1,0,0,2,3,"F"
0,1,1,2,".CFFB*S","","winkj002","indij001","K","T",1,0,0,2,3,"F"
0,2,3,0,"BBBB","","winkj002","indij001","W","T",0,1,0,2,3,"F"
0,2,0,1,"FX","naqut001","winkj002","indij001","S7/G56.3-H;2XH(72);1-2","T",1,1,2,0,4,"F"
1,0,1,0,"BX","","","","S7/G6","T",0,1,0,0,0,"F"
1,0,1,1,"1CBX","kiria001","","","46(1)/FO/G4.B-1","T",1,1,0,0,0,"F"
1,1,0,0,"X","simma001","","","9/F9","T",1,0,1,0,0,"F"
1,2,1,2,"CBSS","simma001","","","K","T",1,0,1,0,0,"F"
0,0,1,2,".CBFX","","","","43/G4","T",1,0,0,0,0,"F"
0,1,1,0,"BX","","","","53/G56+","T",1,0,0,0,0,"F"
0,2,2,2,"CBFBF*S","","","","K","T",1,0,0,0,0,"F"
1,0,2,1,"BBCX","","","","9/F9D","T",1,0,0,0,0,"F"
1,1,0,0,"H","","","","HP","T",0,1,0,0,0,"F"
1,1,1,1,"*BFX","cruzn002","","","7/L7D","T",1,0,1,0,0,"F"
1,2,3,2,"BBBCS>S","cruzn002","","","K","T",1,0,1,0,0,"F"
0,0,3,2,".FBBCFFBX","","","","43/G4M+","T",1,0,0,0,0,"F"
0,1,3,2,"FBCBBFS","","","","K","T",1,0,0,0,0,"F"
0,2,3,2,"BCSBBB","","","","W","T",0,1,0,0,0,"F"
0,2,2,1,"B*BCX","castn001","","","43/G4","T",1,0,1,0,0,"F"
1,0,2,1,"BBSX","","","","S7/L7","T",0,1,0,0,0,"F"
1,0,1,0,"BX","sanom001","","","8/L8D+","T",1,0,1,0,0,"F"
1,1,1,1,"F1BX","sanom001","","","3/P3","T",1,0,1,0,0,"F"
1,2,3,2,".FBFFB*B>S","sanom001","","","K","T",1,0,1,0,0,"F"
0,0,2,2,"..CFBFFBFFX","","","","S7/G6+","T",0,1,0,0,0,"F"
0,0,3,2,"C*BBBFB","naqut001","","","W.1-2","T",0,1,2,0,0,"F"
0,0,1,1,"BCX","suare001","naqut001","","46(1)/FO/G4+.2-3;B-1","T",1,1,0,3,0,"F"
0,1,0,1,"F1X","akiys001","","naqut001","FC7/G7L.3-H;1-3(E5);B-2","T",0,2,3,0,4,"F"
0,1,1,2,"BSFFX","","farmk001","akiys001","S9/G34.3-H(UR);2-H(UR)","T",0,1,0,5,5,"F"
0,1,2,2,"1BBCSX","barnt001","","","54(1)3/GDP/G56","T",2,0,0,0,0,"F"
1,0,3,0,".BBBB","","","","W","T",0,1,0,0,0,"F"
1,0,3,2,"BFBBFX","polaj001","","","HR/L89XD.1-H","T",0,4,4,0,0,"F"
1,0,0,2,"SS*S","","","","K","T",1,0,0,0,0,"F"
1,1,1,0,".BX","","","","HR/F9D","T",0,4,0,0,0,"F"
1,1,3,2,"FBFBFFBX","","","","S7/L7","T",0,1,0,0,0,"F"
1,1,0,2,"CCFX","jeffr002","","","D7/L7D+.1-3","T",0,2,3,0,0,"F"
1,1,1,0,".B>X","","sanom001","jeffr002","D9/F89XD+.3-H;2-H","T",0,2,0,4,4,"F"
1,1,0,1,"SX","","kiria001","","7/F78D","T",1,0,0,2,0,"F"
1,2,3,2,".CBBSBC","","kiria001","","K","T",1,0,0,2,0,"F"
0,0,1,1,".....FBX","","","","8/L78D","T",1,0,0,0,0,"F"
0,1,0,0,"X","","","","D7/L7D+","T",0,2,0,0,0,"F"
0,1,3,2,"CBBBFH","","castn001","","HP","T",0,1,0,2,0,"F"
0,1,2,1,"SBBX","stept001","castn001","","HR/F78XD.2-H;1-H","T",0,4,4,4,0,"F"
0,1,0,1,"FX","","","","53/G5","T",1,0,0,0,0,"F"
0,2,2,2,"BBFCX","","","","13/G4S-","T",1,0,0,0,0,"F"
1,0,2,1,".BCBX","","","","8/L8D","T",1,0,0,0,0,"F"
1,1,3,2,"BBCBCC","","","","K","T",1,0,0,0,0,"F"
1,2,2,2,"BSFBX","","","","S8/L78D+","T",0,1,0,0,0,"F"
1,2,2,0,"B*BX","cruzn002","","","53/G6","T",1,0,1,0,0,"F"
0,0,1,2,"CSBC","","","","K","T",1,0,0,0,0,"T"
0,1,3,2,"SBBCBS","","","","K","T",1,0,0,0,0,"F"
0,2,3,0,"BBBB","","","","W","T",0,1,0,0,0,"F"
0,2,1,0,"1BX","ramij003","","","7/F78","T",1,0,1,0,0,"F"
1,0,3,2,"BSFBFFBFX","","","","S8/L8D+","T",0,1,0,0,0,"F"
1,0,2,2,"CSFF*BBS","arral001","","","K","T",1,0,1,0,0,"F"
1,1,3,0,"BBBB","arral001","","","W.1-2","T",0,1,2,0,0,"F"
1,1,2,2,"*BFCBX","larnt001","arral001","","6/P6D","T",1,0,1,2,0,"F"
1,2,1,2,"CBTN","larnt001","arral001","","BK.2-3;1-2","F",0,0,2,3,0,"F"
1,2,1,2,"CBTN.B","","larnt001","arral001","WP.3-H(NR);2-3","F",0,0,0,3,4,"F"
1,2,3,2,"CBTN.B.*BS","","","larnt001","K","T",1,0,0,0,3,"F"
0,0,3,2,"BBFSBB","","","","W","T",0,1,0,0,0,"F"
0,0,0,2,"CCX","bradb002","","","S9/F8S.1-2","T",0,1,2,0,0,"F"
0,0,1,2,"*B2FF*S","ramih004","bradb002","","K","T",1,0,1,2,0,"F"
0,1,2,2,"BCBCFC","ramih004","bradb002","","K","T",1,0,1,2,0,"F"
0,2,1,2,"CSBX","ramih004","bradb002","","S7/L7L.2-H;1-2","T",0,1,2,4,0,"F"
0,2,3,2,"BCBCB>S","hedga001","ramih004","","K","T",1,0,1,2,0,"F"
1,0,3,0,"BBBB","","","","W","T",0,1,0,0,0,"F"
1,0,0,1,"CX","polaj001","","","35(1)/FO/G34.B-1","T",1,1,0,0,0,"F"
1,1,3,1,"BBCBX","kiria001","","","S8/L8+.1-2","T",0,1,2,0,0,"F"
1,1,0,2,"CST","rortb001","kiria001","","K","T",1,0,1,2,0,"F"
1,2,1,1,"BCN","rortb001","kiria001","","BK.2-3;1-2","F",0,0,2,3,0,"F"
1,2,3,2,"BCN.FFFBBS","","rortb001","kiria001","K","T",1,0,0,2,3,"F"
0,0,3,2,"CBBTBC","","","","K","T",1,0,0,0,0,"F"
0,1,1,2,"CCBX","","","","8/F89XD","T",1,0,0,0,0,"F"
0,2,0,2,"CFX","","","","13/G1S","T",1,0,0,0,0,"F"
1,0,0,1,"FX","","","","S7/L7LS","T",0,1,0,0,0,"F"
1,0,3,1,"CBBBX","donaj001","","","8/F8XD","T",1,0,1,0,0,"F"
1,1,0,0,"X","donaj001","","","64(1)3/GDP/G6","T",2,0,0,0,0,"F"
0,0,2,2,"FBBSX","","","","3/G3","T",1,0,0,0,0,"F"
0,1,0,0,"X","","","","43/G4","T",1,0,0,0,0,"F"
0,2,1,2,"BCCX","","","","S8/G6M+","T",0,1,0,0,0,"F"
0,2,3,2,"BBBSF>C","naylj001","","","K","T",1,0,1,0,0,"F"
1,0,0,1,"FX","","","","13/G1S-","T",1,0,0,0,0,"F"
1,1,1,2,"CFBC","","","","K","T",1,0,0,0,0,"F"
1,2,0,0,"X","","","","13/G4MS","T",1,0,0,0,0,"F"
0,0,1,2,"CFBFS","","","","K","T",1,0,0,0,0,"F"
0,1,0,1,"CX","","","","7/F78D","T",1,0,0,0,0,"F"
0,2,0,1,"CX","","","","5/L56+","T",1,0,0,0,0,"F"
1,0,2,0,"BBX","","","","43/G4","T",1,0,0,0,0,"F"
1,1,1,2,"SCBFX","","","","13/G4S","T",1,0,0,0,0,"F"
1,2,2,2,"CBBFX","","","","3/G3D","T",1,0,0,0,0,"F"
0,0,0,1,"CX","","","","S8/L89","T",0,1,0,0,0,"F"
0,0,1,0,"B1X","ramij003","","","46(1)/FO/G4.B-1","T",1,1,0,0,0,"F"
0,1,3,2,"1SBBBF>C","rosae001","","","K+SB2/NDP.1X2(64)","T",2,0,0,0,0,"F"
1,0,1,2,"BCFX","","","","S8/G6M","T",0,1,0,0,0,"F"
1,0,1,2,"FCBX","donaj001","","","7/F7L","T",1,0,1,0,0,"F"
1,1,0,0,"X","donaj001","","","8/F89D+","T",1,0,1,0,0,"F"
1,2,3,2,"BF*BFB>C","donaj001","","","K","T",1,0,1,0,0,"F"
0,0,0,2,"CFX","","","","4/F34D","T",1,0,0,0,0,"F"
0,1,0,2,".CFX","","","","6/P4","T",1,0,0,0,0,"F"
0,2,0,0,"X","","","","9/F89XD+","T",1,0,0,0,0,"F"
1,0,1,2,".BFSX","","","","S4/G4","T",0,1,0,0,0,"F"
1,0,0,0,">X","polaj001","","","8/F89S","T",1,0,1,0,0,"F"
1,1,1,2,"11CF*B>B","polaj001","","","SB2","F",0,0,2,0,0,"F"
1,1,2,2,"11CF*B>B.C","","polaj001","","K","T",1,0,0,2,0,"F"
1,2,1,2,"CF*B>X","","polaj001","","9/L9L","T",1,0,0,2,0,"F"
0,0,1,2,".BTSFX","","","","S8/L8","T",0,1,0,0,0,"F"
0,0,2,1,"CBBX","hedga001","","","S57/L7S+.1-2","T",0,1,2,0,0,"F"
0,0,0,0,"X","hernc005","hedga001","","36(1)/FO/G2.2-3;B-1","T",1,1,0,3,0,"F"
0,1,3,0,"VVVV","rosaa003","","hedga001","IW.1-2","T",0,1,2,0,3,"F"
0,1,0,0,".X","ramij003","rosaa003","hedga001","S8/G4.3-H;2-H;1-3","T",0,1,3,4,4,"F"
0,1,0,1,"S>X","rosae001","","ramij003","43/G4.3-H;1-2","T",1,0,2,0,4,"F"
0,2,0,0,"X","","rosae001","","S4/G4+.2-3","T",0,1,0,3,0,"F"
0,2,1,2,"BSSX","ramih004","","rosae001","13/G6MS","T",1,0,1,0,3,"F"
1,0,3,2,".BBCFBFX","","","","9/F89D","T",1,0,0,0,0,"F"
1,1,0,1,"CX","","","","63/G6","T",1,0,0,0,0,"F"
1,2,2,2,"BBFTS","","","","K","T",1,0,0,0,0,"F"
0,0,0,0,".X","","","","3/BG34S","T",1,0,0,0,0,"F"
0,1,3,2,"CSFBFBBFX","","","","53/G56+","T",1,0,0,0,0,"F"
0,2,0,0,"X","","","","43/G34","T",1,0,0,0,0,"F"
1,0,0,0,".X","","","","53/G5D+","T",1,0,0,0,0,"F"
1,1,0,0,"X","","","","3/G3","T",1,0,0,0,0,"F"
1,2,2,1,"BBFX","","","","D9/L9LS","T",0,2,0,0,0,"F"
1,2,2,1,"BBC>X","","polaj001","","31/G3D","T",1,0,0,2,0,"F"
0,0,0,2,"FFX","","","","7/F7LD","T",1,0,0,0,0,"T"
0,1,0,1,"CX","","","","HR/F7D","T",0,4,0,0,0,"F"
0,1,3,2,"CBFBFFB*S","","","","K","T",1,0,0,0,0,"F"
0,2,1,2,"CBSX","","","","E4/G34D.B-1","T",0,1,0,0,0,"F"
0,2,0,1,"1S>B","rosae001","","","SB2","F",0,0,2,0,0,"F"
0,2,1,2,"1S>B.FX","","rosae001","","HR/F8XD.2-H(UR);B-H(UR)","T",0,5,0,5,0,"F"
0,2,1,1,"BFX","","","","53/G56","T",1,0,0,0,0,"F"
1,0,0,2,"CCFX","","","","T9/L9D","T",0,3,0,0,0,"F"
1,0,3,2,"FBBFBX","","","arral001","5/SF/F7LSF/FL.3-H","T",1,0,0,0,4,"F"
1,1,0,0,"X","","","","3/L34","T",1,0,0,0,0,"F"
1,2,1,1,"CBX","","","","2/P2F/FL","T",1,0,0,0,0,"F"
0,0,1,1,"BCX","","","","5/P56","T",1,0,0,0,0,"F"
0,1,2,2,"CBFBS","","","","K","T",1,0,0,0,0,"F"
0,2,1,2,".SCFBX","","","","2/P2F/FL","T",1,0,0,0,0,"F"
1,0,1,0,"BX","","","","9/F9LD","T",1,0,0,0,0,"F"
1,1,1,0,"BX","","","","5/P56D","T",1,0,0,0,0,"F"
1,2,2,2,"CBSBS","","","","K","T",1,0,0,0,0,"F"
0,0,1,1,"BCX","","","","3/G3","T",1,0,0,0,0,"F"
0,1,3,2,"BBBCFC","","","","K","T",1,0,0,0,0,"F"
0,2,3,2,"BBFBFX","","","","3/P3","T",1,0,0,0,0,"F"
1,0,0,1,"FX","","","","D8/L78XD+","T",0,2,0,0,0,"F"
1,0,3,2,"B*BBCSX","","gordn001","","FC/G6.2X3(65);B-1","T",1,1,0,0,0,"F"
1,1,2,2,"FBFBFX","simma001","","","T78/L78XD.1-H","T",0,3,4,0,0,"F"
1,1,0,0,"X","","","arral001","S8/L8+.3-H","T",0,1,0,0,4,"F"
1,1,1,0,"BX","donaj001","","","HR/F78XD.1-H","T",0,4,4,0,0,"F"
1,1,0,0,"X","","","","3/P34","T",1,0,0,0,0,"F"
1,2,1,2,"BFCX","","","","8/F8XD+","T",1,0,0,0,0,"F"
0,0,2,1,"BFBX","","","","43/G34D+","T",1,0,0,0,0,"F"
0,1,3,2,"BSCBFBB","","","","W","T",0,1,0,0,0,"F"
0,1,0,2,"CFX","bradb002","","","S7/G56+.1-2","T",0,1,2,0,0,"F"
0,1,1,0,"*BB","ramih004","bradb002","","WP.2-3;1-2","F",0,0,2,3,0,"F"
0,1,3,0,"*BB.BB","","ramih004","bradb002","W","T",0,1,0,2,3,"F"
0,1,0,2,"SCFFFS","naylj001","ramih004","bradb002","K","T",1,0,1,2,3,"F"
0,2,0,1,"FX","naylj001","ramih004","bradb002","S7/G56.3-H;2-H;1-2","T",0,1,2,4,4,"F"
0,2,2,2,"BCFFBFX","hedga001","naylj001","","6(1)/FO/G6M.B-1","T",1,1,0,2,0,"F"
1,0,0,2,"FF*S","","","","K","T",1,0,0,0,0,"F"
1,1,1,2,"CBFX","","","","8/L89D","T",1,0,0,0,0,"F"
1,2,0,0,"X","","","","43/G4","T",1,0,0,0,0,"F"
0,0,1,0,"BX","","","","8/F8XD","T",1,0,0,0,0,"F"
0,1,1,1,"CBX","","","","9/F89D","T",1,0,0,0,0,"F"
0,2,2,2,"CFFBBFX","","","","HR/F9LD","T",0,4,0,0,0,"F"
0,2,0,1,"CX","","","","43/G34D+","T",1,0,0,0,0,"F"
1,0,1,0,"BX","","","","S7/L7","T",0,1,0,0,0,"F"
1,0,0,1,"CX","simma001","","","7/F78D","T",1,0,1,0,0,"F"
1,1,3,2,"C*BBBF*B","simma001","","","W.1-2","T",0,1,2,0,0,"F"
1,1,1,2,".CSBS","donaj001","simma001","","K","T",1,0,1,2,0,"F"
1,2,1,0,"BX","donaj001","simma001","","S7/F78S.2-H;1-2","T",0,1,2,4,0,"F"
1,2,0,2,"CSX","cruzn002","donaj001","","9/F9D","T",1,0,1,2,0,"F"
0,0,1,0,"BX","","","","9/F3D","T",1,0,0,0,0,"F"
0,1,1,2,"BFFX","","","","43/G34D","T",1,0,0,0,0,"F"
0,2,0,1,"CX","","","","8/L8D","T",1,0,0,0,0,"F"
1,0,0,1,".CX","","","","43/G9S","T",1,0,0,0,0,"F"
1,1,0,0,"X","","","","8/L89D","T",1,0,0,0,0,"F"
1,2,1,1,"CBX","","","","S8/G4M+","T",0,1,0,0,0,"F"
1,2,1,2,"CB1CX","gordn001","","","S49/G4.1-3","T",0,1,3,0,0,"F"
1,2,0,0,"X","simma001","","gordn001","D7/F78XD+.3-H;1-H","T",0,2,4,0,4,"F"
1,2,0,1,"SX","","arral001","","7/F7S","T",1,0,0,2,0,"F"
0,0,0,0,".X","","","","23/BG2-","T",1,0,0,0,0,"F"
0,1,1,1,"CBX","","","","43/G4D","T",1,0,0,0,0,"F"
0,2,0,2,"CSX","","","","63/G6","T",1,0,0,0,0,"F"
1,0,2,2,".BSFBX","","","","53/G6+","T",1,0,0,0,0,"F"
1,1,2,2,"FBFBX","","","","163/G6+","T",1,0,0,0,0,"F"
1,2,0,0,"X","","","","S8/L89","T",0,1,0,0,0,"F"
1,2,0,1,"*S1","polaj001","","","POCS2(1365)","F",1,0,0,0,0,"F"
0,0,0,1,".CX","","","","8/F8D","T",1,0,0,0,0,"F"
0,1,1,0,"BX","","","","7/F7","T",1,0,0,0,0,"F"
0,2,2,2,"BCFBX","","","","53/G6M","T",1,0,0,0,0,"F"
1,0,0,2,".CF*S","","","","K.BX1(23)","T",1,0,0,0,0,"F"
1,1,2,2,"CCBFBS","","","","K","T",1,0,0,0,0,"F"
1,2,1,2,"BCFX","","","","53/G56","T",1,0,0,0,0,"F"
0,0,0,1,".CX","","","","63/G6M","T",1,0,0,0,0,"F"
0,1,0,1,"CX","","","","HR/F89XD","T",0,4,0,0,0,"F"
0,1,0,2,"TFX","","","","S9/G3+.BX2(96)","T",1,0,0,0,0,"F"
0,2,1,1,"CBX","","","","63/G56","T",1,0,0,0,0,"F"
0,0,1,1,"CBX","","","","8/L8XD+","T",1,0,0,0,0,"T"
0,1,1,2,"BFSX","","","","D9/L9LD","T",0,2,0,0,0,"F"
0,1,1,2,"CBCS","","rosaa003","","K","T",1,0,0,2,0,"F"
0,2,1,0,"BX","","rosaa003","","3/P3D","T",1,0,0,2,0,"F"
1,0,3,2,"BBCBFF*B","","","","W","T",0,1,0,0,0,"F"
1,0,2,2,"*BSBFFX","polaj001","","","S7/L7S+.1-2","T",0,1,2,0,0,"F"
1,0,0,1,"FX","donaj001","polaj001","","64(1)3/GDP/G6.2-3","T",2,0,0,3,0,"F"
1,2,1,2,"*BCSX","","","polaj001","S8/L78.3-H","T",0,1,0,0,4,"F"
1,2,1,2,"BFFS","larnt001","","","K","T",1,0,1,0,0,"F"
0,0,2,2,"BCFBS","","","","K","T",1,0,0,0,0,"F"
0,1,0,2,"SCS","","","","K","T",1,0,0,0,0,"F"
0,2,2,2,"BCSFFBX","","","","9/F9","T",1,0,0,0,0,"F"
1,0,3,1,"CBBBB","","","","W","T",0,1,0,0,0,"F"
1,0,1,1,"BSX","sanom001","","","7/F7","T",1,0,1,0,0,"F"
1,1,2,0,"BBX","sanom001","","","8/F89D","T",1,0,1,0,0,"F"
1,2,0,0,"X","sanom001","","","HR/F7D.1-H","T",0,4,4,0,0,"F"
1,2,2,1,"BFBX","","","","63/G6+","T",1,0,0,0,0,"F"
0,0,0,2,"SFX","","","","HR/F8XD","T",0,4,0,0,0,"F"
0,0,1,2,"FBFFF*S","","","","K","T",1,0,0,0,0,"F"
0,1,0,1,"CX","","","","9/L89","T",1,0,0,0,0,"F"
0,2,1,2,"CBFX","","","","S9/L9S","T",0,1,0,0,0,"F"
0,2,2,2,"BFFBX","rosaa003","","","8/F78XD","T",1,0,1,0,0,"F"
1,0,0,0,"X","","","","HR/F7D","T",0,4,0,0,0,"F"
1,0,3,2,"CSBBBX","","","","8/L8XD","T",1,0,0,0,0,"F"
1,1,0,1,"CX","","","","3/G3D","T",1,0,0,0,0,"F"
1,2,3,2,"BBCSBB","","","","W","T",0,1,0,0,0,"F"
1,2,3,1,"B*S*BBX","jeffr002","","","S8/G4M+.1-2","T",0,1,2,0,0,"F"
1,2,2,1,"BBCX","sanom001","jeffr002","","4/P34","T",1,0,1,2,0,"F"
0,0,1,0,"BX","","","","3/G3","T",1,0,0,0,0,"F"
0,1,2,2,"BBFCX","","","","7/F7","T",1,0,0,0,0,"F"
0,2,3,1,"BBBCX","","","","S8/L8+","T",0,1,0,0,0,"F"
0,2,2,1,"BC*BX","ramih004","","","6(1)/FO/G4M.B-1","T",1,1,0,0,0,"F"
1,0,1,0,"BX","","","","9/F9","T",1,0,0,0,0,"F"
1,1,3,1,"BBBCB","","","","W","T",0,1,0,0,0,"F"
1,1,0,1,"FX","simma001","","","S4/F89S.1-2","T",0,1,2,0,0,"F"
1,1,2,2,"...BSSBC","polaj001","simma001","","K","T",1,0,1,2,0,"F"
1,2,1,0,"BX","polaj001","simma001","","HR/F7LD.2-H;1-H","T",0,4,4,4,0,"F"
1,2,0,1,"SX","","","","7/L7D+","T",1,0,0,0,0,"F"
0,0,3,2,"BBFBFS","","","","K","T",1,0,0,0,0,"F"
0,1,1,1,"CBX","","","","9/L89D","T",1,0,0,0,0,"F"
0,2,1,1,"CBX","","","","63/G6M","T",1,0,0,0,0,"F"
1,0,1,2,"CBSS","","","","K","T",1,0,0,0,0,"F"
1,1,1,0,"BX","","","","8/L8D","T",1,0,0,0,0,"F"
1,2,3,2,"CCFBBBX","","","","7/L7","T",1,0,0,0,0,"F"
0,0,2,1,"BCBX","","","","63/G6+","T",1,0,0,0,0,"F"
0,1,2,1,"BCBX","","","","D7/G5+","T",0,2,0,0,0,"F"
0,1,1,2,"F*BC+2X","","ramij003","","S7/G6.2-H","T",0,1,0,4,0,"F"
0,1,2,2,"TBF*BFFS","rosae001","","","K","T",1,0,1,0,0,"F"
0,2,3,2,"TBBBF>F>S","rosae001","","","K","T",1,0,1,0,0,"F"
1,0,1,2,"BCSC","","","","K","T",1,0,0,0,0,"F"
1,1,2,1,"BBFX","","","","43/G4","T",1,0,0,0,0,"F"
1,2,0,0,"X","","","","9/F9D","T",1,0,0,0,0,"F"
0,0,3,2,".CBFFBFFBB","","","","W","T",0,1,0,0,0,"F"
0,0,1,2,"BCCS","zimmb001","","","K","T",1,0,1,0,0,"F"
0,1,2,2,"1BCF*BFX","zimmb001","","","64(1)/FO/G6.B-1","T",1,1,0,0,0,"F"
0,2,1,2,"FSBS","cleme002","","","K","T",1,0,1,0,0,"F"
1,0,1,2,".CBFS","","","","K","T",1,0,0,0,0,"F"
1,1,0,2,"SCS","","","","K","T",1,0,0,0,0,"F"
1,2,3,2,"BCSBBB","","","","W","T",0,1,0,0,0,"F"
1,2,3,2,"SBBBS>B","larnt001","","","W.1-2","T",0,1,2,0,0,"F"
1,2,3,2,"BSSBB>B","jeffr002","larnt001","","W.2-3;1-2","T",0,1,2,3,0,"F"
1,2,3,1,".*BBBCB","sanom001","jeffr002","larnt001","W.3-H;2-3;1-2","T",0,1,2,3,4,"F"
1,2,0,0,"X","arral001","sanom001","jeffr002","5/P56D","T",1,0,1,2,3,"F"
0,0,3,2,".BSBBFB","","","","W","T",0,1,0,0,0,"F"
0,0,1,0,"*BX","rosaa003","","","7/F7LD+","T",1,0,1,0,0,"F"
0,1,2,2,"BBFCX","rosaa003","","","65(1)/FO/G4D.B-1","T",1,1,0,0,0,"F"
0,2,0,0,"X","rosae001","","","5/P6","T",1,0,1,0,0,"F"
1,0,0,1,".CX","","","","13/G1","T",1,0,0,0,0,"F"
1,1,0,1,"FX","","","","7/F7LS","T",1,0,0,0,0,"F"
1,2,1,2,"CCB*S","","","","K","T",1,0,0,0,0,"F"
0,0,1,2,"BSCS","","","","K","T",1,0,0,0,0,"F"
0,1,1,2,"CBCX","","","","53/G6D","T",1,0,0,0,0,"F"
0,2,3,2,"BCBTBFB","","","","W","T",0,1,0,0,0,"F"
0,2,0,0,"X","river003","","","9/F9D","T",1,0,1,0,0,"F"
0,0,2,2,"CBBSS","","","","K","T",1,0,0,0,0,"T"
0,1,3,2,"CFBFBBS","","","","K","T",1,0,0,0,0,"F"
0,2,1,2,"SBFS","","","","K","T",1,0,0,0,0,"F"
1,0,2,2,"CSBBFFX","","","","7/F7L","T",1,0,0,0,0,"F"
1,1,0,2,"SCS","","","","K","T",1,0,0,0,0,"F"
1,2,3,1,"SBBBX","","","","3/G3+","T",1,0,0,0,0,"F"
0,0,2,2,"CBBFX","","","","9/F9D","T",1,0,0,0,0,"F"
0,1,1,2,"CFBS","","","","K","T",1,0,0,0,0,"F"
0,2,0,1,"CX","","","","D7/L7LD","T",0,2,0,0,0,"F"
0,2,1,2,"FCFF*B*S","","sheeg001","","K","T",1,0,0,2,0,"F"
1,0,1,1,"BCX","","","","DGR/F8XD+","T",0,2,0,0,0,"F"
1,0,2,0,"BBX","","kiria001","","HR/F9LD.2-H","T",0,4,0,4,0,"F"
1,0,0,1,"CX","","","","3/P3","T",1,0,0,0,0,"F"
1,1,0,2,"FF*S","","","","K","T",1,0,0,0,0,"F"
1,2,0,2,"CCC","","","","K","T",1,0,0,0,0,"F"
0,0,1,0,"BX","","","","63/G6","T",1,0,0,0,0,"F"
0,1,3,1,"BCBBX","","","","43/G34D","T",1,0,0,0,0,"F"
0,2,0,0,"X","","","","9/F9L","T",1,0,0,0,0,"F"
1,0,3,2,"CBSBBB","","","","W","T",0,1,0,0,0,"F"
1,0,2,1,"*BTBX","simma001","","","S7/L78S.1-2","T",0,1,2,0,0,"F"
1,0,1,2,"SBTX","arral001","simma001","","S8/G4.2-H;1-3","T",0,1,3,4,0,"F"
1,0,2,2,"BBCCFS","larnt001","","arral001","K","T",1,0,1,0,3,"F"
1,1,1,2,"SSB*S","larnt001","","arral001","K","T",1,0,1,0,3,"F"
1,2,2,2,"*BFBF>*B","larnt001","","arral001","SB2","F",0,0,2,0,3,"F"
1,2,3,2,"*BFBF>*B.S","","larnt001","arral001","K","T",1,0,0,2,3,"F"
0,0,3,2,"BBCSFBX","","","","31/G3","T",1,0,0,0,0,"F"
0,1,0,2,"CSS","","","","K","T",1,0,0,0,0,"F"
0,2,3,2,"BFFBBB","","","","W","T",0,1,0,0,0,"F"
0,2,3,2,"BCFBFFFB>F>B","goodb001","","","W.1-2","T",0,1,2,0,0,"F"
0,2,2,1,"B*BCX","grany001","goodb001","","6(1)/FO/G4M.B-1","T",1,1,0,2,0,"F"
1,0,0,1,"CX","","","","D9/F9L","T",0,2,0,0,0,"F"
1,0,1,2,"*SC*BFC","","sanom001","","K","T",1,0,0,2,0,"F"
1,1,3,2,"B*BBCCX","","sanom001","","63/G6M.2-3","T",1,0,0,3,0,"F"
1,2,2,2,"BFLBX","","","sanom001","23/G2","T",1,0,0,0,3,"F"
0,0,0,2,"CFC","","","","K","T",1,0,0,0,0,"F"
0,1,2,2,"BFBSX","","","","7/F7","T",1,0,0,0,0,"F"
0,2,3,2,"BBCTFBB","","","","W","T",0,1,0,0,0,"F"
0,2,0,0,"X","garcl004","","","S9/L89+.1-3","T",0,1,3,0,0,"F"
0,2,3,2,"SFBB*B>X","andet001","","garcl004","9/L9D","T",1,0,1,0,3,"F"
1,0,1,1,"CBX","","","","5/L56-","T",1,0,0,0,0,"F"
1,1,0,1,"SX","","","","43/G34D","T",1,0,0,0,0,"F"
1,2,1,0,"BX","","","","13/G4MS","T",1,0,0,0,0,"F"
0,0,1,1,".FBX","","","","HR/F7LD","T",0,4,0,0,0,"F"
0,0,1,2,"CBFS","","","","K","T",1,0,0,0,0,"F"
0,1,3,2,"FCB.FBBT","","","","K","T",1,0,0,0,0,"F"
0,2,1,2,"CBCS","","","","K","T",1,0,0,0,0,"F"
1,0,0,1,".SH","","","","HP","T",0,1,0,0,0,"F"
1,0,2,2,"FBFBFB","kiria001","","","WP.1-2","F",0,0,2,0,0,"F"
1,0,3,2,"FBFBFB.B","","kiria001","","W","T",0,1,0,2,0,"F"
1,0,3,2,"BFCBFF*BS","keplm001","kiria001","","K","T",1,0,1,2,0,"F"
1,1,2,2,"BFFFBX","keplm001","kiria001","","T8/L8XD+.2-H;1-H","T",0,3,4,4,0,"F"
1,1,0,0,".B","","","gordn001","WP.3-H(NR)","F",0,0,0,0,4,"F"
1,1,3,2,".B.BCBSFX","","","","S6/G6","T",0,1,0,0,0,"F"
1,1,1,0,"BX","rortb001","","","14(1)3/GDP/G4MS-","T",2,0,0,0,0,"F"
0,0,0,1,"CX","","","","D8/F89XD","T",0,2,0,0,0,"F"
0,0,1,2,"BFFF.X","","vauga001","","D9/L9LD.2-3","T",0,2,0,3,0,"F"
0,0,1,2,"*BCFX","","eatoa002","vauga001","S8/G6M.3-H;2-H","T",0,1,0,4,4,"F"
0,0,3,2,".CBF*BBFFB","garcl004","","","W.1-2","T",0,1,2,0,0,"F"
0,0,0,1,"CX","andet001","garcl004","","T9/L9LS.2-H;1-H","T",0,3,4,4,0,"F"
0,0,2,2,"FFB*BFFX","","","moncy001","FC/G5.3XH(52);B-1","T",1,1,0,0,0,"F"
0,1,1,2,"..CFBFS","abrej003","","","K","T",1,0,1,0,0,"F"
0,2,2,2,"CSB*BC","abrej003","","","K","T",1,0,1,0,0,"F"
1,0,3,2,"..BCFBBX","","","","S7/G6","T",0,1,0,0,0,"F"
1,0,2,2,"CFBB*S","arral001","","","K","T",1,0,1,0,0,"F"
1,1,1,0,"BX","arral001","","","6/F6D","T",1,0,1,0,0,"F"
1,2,1,2,"CFBB","arral001","","","WP.1-2","F",0,0,2,0,0,"F"
1,2,2,2,"CFBB.X","","arral001","","43/G4","T",1,0,0,2,0,"F"
0,0,2,2,".CFBBFX","","","","7/F78+","T",1,0,0,0,0,"F"
0,1,3,2,"BCFBBFX","","","","E5/TH/G5.B-1","T",0,1,0,0,0,"F"
0,1,2,2,"BCFBC","vauga001","","","K","T",1,0,1,0,0,"F"
0,2,0,2,"SSC","vauga001","","","K","T",1,0,1,0,0,"F"
1,0,3,1,"..BCBBX","","","","HR/F7LD","T",0,4,0,0,0,"F"
1,0,0,0,"X","","","","D7/L7LD+","T",0,2,0,0,0,"F"
1,0,0,2,"FS*S","","sanom001","","K.BX1(23)","T",1,0,0,2,0,"F"
1,1,1,2,"BFCB","","sanom001","","WP.2-3","F",0,0,0,3,0,"F"
1,1,3,2,"BFCB.BB","","","sanom001","W","T",0,1,0,0,3,"F"
1,1,0,0,"X","rortb001","","sanom001","13/SH/BG13-.3-H;1-2","T",1,0,2,0,4,"F"
1,2,3,2,"BBBCCB","","rortb001","","W","T",0,1,0,2,0,"F"
1,2,3,2,"*BBFF*B>F>F>B","arral001","rortb001","","W.2-3;1-2","T",0,1,2,3,0,"F"
1,2,1,2,"CB*SS","larnt001","arral001","rortb001","K","T",1,0,1,2,3,"F"
0,0,3,0,".BBBB","","","","W","T",0,1,0,0,0,"F"
0,0,1,2,"BCCX","andet001","","","45(1)/FO/G4D+.B-1","T",1,1,0,0,0,"F"
0,1,1,1,"FBX","moncy001","","","S8/L6MD.1-2","T",0,1,2,0,0,"F"
0,1,0,0,"X","abrej003","moncy001","","5(2)3/GDP/G5+","T",2,0,1,0,0,"F"
0,0,2,2,"CSFBBS","","","","K","T",1,0,0,0,0,"T"
0,1,1,2,"FTFFBS","","","","K","T",1,0,0,0,0,"F"
0,2,0,2,"CF*S","","","","K","T",1,0,0,0,0,"F"
1,0,3,2,"CFFBBBC","","","","K","T",1,0,0,0,0,"F"
1,1,2,1,"BBFX","","","","8/F8D","T",1,0,0,0,0,"F"
1,2,2,2,"SFBBX","","","","43/G4D","T",1,0,0,0,0,"F"
0,0,3,0,"BBBB","","","","W","T",0,1,0,0,0,"F"
0,0,3,2,"F*B1BFB>F1>B","goodb001","","","W.1-3(E2/TH)","T",0,1,3,0,0,"F"
0,0,2,2,"C*S*BB*S","garcl004","","goodb001","K","T",1,0,1,0,3,"F"
0,1,0,2,"C1FX","garcl004","","goodb001","9/F9S.1-2(E3)","T",1,0,2,0,3,"F"
0,2,1,1,"BCX","","garcl004","goodb001","S8/L8.3-H;2-H(UR)","T",0,1,0,5,4,"F"
0,2,3,2,"FBBBC>X","collz001","","","63/G6D+","T",1,0,1,0,0,"F"
1,0,1,1,"BFX","","","","7/F7L","T",1,0,0,0,0,"F"
1,1,0,1,"SX","","","","S8/F8S","T",0,1,0,0,0,"F"
1,1,1,2,"CC*BX","jeffr002","","","D9/L9LD.1-3","T",0,2,3,0,0,"F"
1,1,3,2,"SBF*B*BX","","keplm001","jeffr002","1/G13","T",1,0,0,2,3,"F"
1,2,3,2,"B*BSFBFX","","keplm001","jeffr002","9/L89","T",1,0,0,2,3,"F"
0,0,2,2,"CFFFBFBFS","","","","K","T",1,0,0,0,0,"F"
0,1,0,0,"X","","","","6/P6","T",1,0,0,0,0,"F"
0,2,0,0,"X","","","","143/G4MD+","T",1,0,0,0,0,"F"
1,0,2,2,"CFFFBBC","","","","K","T",1,0,0,0,0,"F"
1,1,0,2,"SFFC","","","","K","T",1,0,0,0,0,"F"
1,2,0,1,"CX","","","","53/G5","T",1,0,0,0,0,"F"
0,0,1,2,"CBFX","","","","3/G3","T",1,0,0,0,0,"F"
0,1,1,2,"CBCX","","","","9/F9D","T",1,0,0,0,0,"F"
0,2,3,2,"BCSBBB","","","","W","T",0,1,0,0,0,"F"
0,2,0,0,"X","sheeg001","","","54(1)/FO/G56.B-1","T",1,1,0,0,0,"F"
1,0,1,2,"CBFX","","","","63/G6D+","T",1,0,0,0,0,"F"
1,1,2,1,"BBFX","","","","S7/L78","T",0,1,0,0,0,"F"
1,1,3,2,"BBSFBC","kiria001","","","K","T",1,0,1,0,0,"F"
1,2,1,1,"CBX","kiria001","","","9/F9","T",1,0,1,0,0,"F"
0,0,1,2,"CFBFS","","","","K","T",1,0,0,0,0,"F"
0,1,1,2,"CBCFS","","","","K","T",1,0,0,0,0,"F"
0,2,1,2,"CSBFFX","","","","63/G6+","T",1,0,0,0,0,"F"
1,0,0,1,"FX","","","","S8/L8D+","T",0,1,0,0,0,"F"
1,0,2,2,"BBC*SX","sanom001","","","54(1)3/GDP/G56+","T",2,0,0,0,0,"F"
1,2,1,2,"BCFS","","","","K","T",1,0,0,0,0,"F"
0,0,1,1,"CBX","","","","9/L9L","T",1,0,0,0,0,"F"
0,1,0,2,"CFS","","","","K","T",1,0,0,0,0,"F"
0,2,3,2,"BBSCBT","","","","K","T",1,0,0,0,0,"F"
1,0,2,2,"BCFFFBFX","","","","S16/G6S","T",0,1,0,0,0,"F"
1,0,1,2,"BFFS","arral001","","","K","T",1,0,1,0,0,"F"
1,1,0,0,"X","arral001","","","S4/F8+.1-2","T",0,1,2,0,0,"F"
1,1,0,1,"CX","cruzn002","arral001","","S8/G4+.2-H;1-3","T",0,1,3,4,0,"F"
1,1,2,2,"SBSBFS","kiria001","","cruzn002","K","T",1,0,1,0,3,"F"
1,2,1,2,"BSFS","kiria001","","cruzn002","K","T",1,0,1,0,3,"F"
0,0,0,1,"CX","","","","63/G6M","T",1,0,0,0,0,"F"
0,1,1,1,"CBX","","","","3/G3","T",1,0,0,0,0,"F"
0,2,1,2,"CBS*S","","","","K","T",1,0,0,0,0,"F"
1,0,1,2,".CBCX","","","","S4/G4","T",0,1,0,0,0,"F"
1,0,3,2,".BBBCSFX","sanom001","","","53/G6S-.1-2","T",1,0,2,0,0,"F"
1,1,0,1,"SX","","sanom001","","FC/G6.2X3(65);B-1","T",1,1,0,0,0,"F"
1,2,0,1,"CX","simma001","","","8/L8D","T",1,0,1,0,0,"F"
0,0,0,0,"....X","","","","D8/F89XD+","T",0,2,0,0,0,"F"
0,0,1,2,"BLLX","","collz001","","43/G4S.2-3","T",1,0,0,3,0,"F"
0,1,0,0,"X","","","collz001","S9/G34+.3-H","T",0,1,0,0,4,"F"
0,1,0,0,"X","eatoa002","","","E6/G4D+.1-3;B-1","T",0,1,3,0,0,"F"
0,1,1,1,"*BFX","moncy001","","eatoa002","9/SF/F9D.3-H(UR)","T",1,0,1,0,5,"F"
0,2,1,2,"BSFT","moncy001","","","K","T",1,0,1,0,0,"F"
1,0,2,2,"...BBFFFC","","","","K","T",1,0,0,0,0,"F"
1,1,1,2,"SBFT","","","","K","T",1,0,0,0,0,"F"
1,2,1,2,"BFF*S","","","","K","T",1,0,0,0,0,"F"
0,0,1,2,".FSBC","","","","K","T",1,0,0,0,0,"F"
0,1,1,2,".CBFS","","","","K","T",1,0,0,0,0,"F"
0,2,1,2,"CSBS","","","","K","T",1,0,0,0,0,"F"
1,0,2,2,".CBBCS","","","","K","T",1,0,0,0,0,"F"
1,1,1,0,"BX","","","","8/L8XD+","T",1,0,0,0,0,"F"
1,2,2,2,"FBBFFX","","","","7/F78S","T",1,0,0,0,0,"F"
0,0,1,2,"FFBX","","","","S8/L8","T",0,1,0,0,0,"T"
0,0,0,2,"CF>F1X","andet001","","","8/F89","T",1,0,1,0,0,"F"
0,1,0,1,"1C1X","andet001","","","9/F9","T",1,0,1,0,0,"F"
0,2,1,1,"B1C>B","andet001","","","CS2(26)","F",1,0,0,0,0,"F"
1,0,1,0,"BX","","","","D9/G3","T",0,2,0,0,0,"F"
1,0,0,0,"X","","arral001","","7/L78","T",1,0,0,2,0,"F"
1,1,1,0,"BX","","arral001","","43/G4D+.2-3","T",1,0,0,3,0,"F"
1,2,1,2,"CS*BX","","","arral001","9/F9LD","T",1,0,0,0,3,"F"
0,0,0,0,"X","","","","3/G3","T",1,0,0,0,0,"F"
0,1,0,1,"CX","","","","D7/L78XD","T",0,2,0,0,0,"F"
0,1,0,1,"FX","","engea001","","HR/F9LD.2-H","T",0,4,0,4,0,"F"
0,1,1,2,"CSBFFX","","","","S7/L7LD+","T",0,1,0,0,0,"F"
0,1,0,2,"FSC","burgj001","","","K","T",1,0,1,0,0,"F"
0,2,0,0,"X","burgj001","","","43/G6M","T",1,0,1,0,0,"F"
1,0,1,0,"BX","","","","43/G34D","T",1,0,0,0,0,"F"
1,1,0,2,"SSS","","","","K","T",1,0,0,0,0,"F"
1,2,1,2,"FBSFS","","","","K","T",1,0,0,0,0,"F"
0,0,2,2,"FBSBX","","","","S8/L89","T",0,1,0,0,0,"F"
0,0,1,1,"FBX","andet001","","","56(1)3/GDP/G56S","T",2,0,0,0,0,"F"
0,2,2,2,"CBBCS","","","","K","T",1,0,0,0,0,"F"
1,0,2,1,"BBCX","","","","6/L6D","T",1,0,0,0,0,"F"
1,1,0,1,"CX","","","","5/P56","T",1,0,0,0,0,"F"
1,2,0,1,"FX","","","","S8/L78S","T",0,1,0,0,0,"F"
1,2,3,2,"B1FBBF>C","arral001","","","K","T",1,0,1,0,0,"F"
0,0,0,0,"X","","","","S9/L9LS","T",0,1,0,0,0,"F"
0,0,3,2,"BFFB*BX","goodb001","","","6(1)3/GDP/G6M","T",2,0,0,0,0,"F"
0,2,2,1,"BBFX","","","","S7/L7+.B-2(E7)","T",0,2,0,0,0,"F"
0,2,1,2,"CBFS","","garcl004","","K","T",1,0,0,2,0,"F"
1,0,2,0,"BBX","","","","HR/F8XD","T",0,4,0,0,0,"F"
1,0,0,1,"FX","","","","53/G56","T",1,0,0,0,0,"F"
1,1,3,2,"CBSBB*B","","","","W","T",0,1,0,0,0,"F"
1,1,0,0,"B","kiria001","","","WP.1-2","F",0,0,2,0,0,"F"
1,1,3,2,"B.BCBCFFFFB","","kiria001","","W","T",0,1,0,2,0,"F"
1,1,3,2,"SBFBFBC","keplm001","kiria001","","K","T",1,0,1,2,0,"F"
1,2,1,2,"BSCS","keplm001","kiria001","","K","T",1,0,1,2,0,"F"
0,0,0,0,"X","","","","D7/L7LD","T",0,2,0,0,0,"F"
0,0,0,1,"LX","","hamib001","","34/SH/BG2-.2-3","T",1,0,0,3,0,"F"
0,1,0,0,"X","","","hamib001","D7/L7L.3-H","T",0,2,0,0,4,"F"
0,1,3,2,"BCBBCFFX","","andet001","","3/G3.2-3","T",1,0,0,3,0,"F"
0,2,0,0,"X","","","andet001","43/G4","T",1,0,0,0,3,"F"
1,0,0,1,"CX","","","","7/L7","T",1,0,0,0,0,"F"
1,1,2,2,"CFBFFBX","","","","3/G3","T",1,0,0,0,0,"F"
1,2,2,2,"CBSFBX","","","","S7/L7S","T",0,1,0,0,0,"F"
1,2,3,2,"BC1CFBB>B","polaj001","","","W.1-2","T",0,1,2,0,0,"F"
1,2,0,0,"X","larnt001","polaj001","","6/P4MD","T",1,0,1,2,0,"F"
0,0,2,2,"BCBCFT","","","","K","T",1,0,0,0,0,"F"
0,1,0,0,"X","","","","D57/G5+","T",0,2,0,0,0,"F"
0,1,0,0,">C","","engea001","","SB3","F",0,0,0,3,0,"F"
0,1,0,1,">C.X","","","engea001","T8/L89XD.3-H","T",0,3,0,0,4,"F"
0,1,2,1,"BC*BX","","","garcl004","D8/F89XD+.3-H","T",0,2,0,0,4,"F"
0,1,1,0,".BX","","burgj001","","7/F7D","T",1,0,0,2,0,"F"
0,2,2,2,"C*BBTX","","burgj001","","8/L8D","T",1,0,0,2,0,"F"
1,0,1,2,"CBSS","","","","K","T",1,0,0,0,0,"F"
1,1,2,2,"BBCFX","","","","8/F8XD","T",1,0,0,0,0,"F"
1,2,3,1,"BFBBX","","","","7/F78","T",1,0,0,0,0,"F"
0,0,1,1,"BFX","","","","S7/G56+","T",0,1,0,0,0,"F"
0,0,3,1,"BBCBB","andet001","","","W.1-2","T",0,1,2,0,0,"F"
0,0,1,1,"CBX","sheeg001","andet001","","64(1)3/GDP/G6S.2-3","T",2,0,0,3,0,"F"
0,2,1,2,"CBFX","","","andet001","D7/G5.3-H","T",0,2,0,0,4,"F"
0,2,1,0,"BX","","goodb001","","53/G5","T",1,0,0,2,0,"F"
1,0,0,0,".X","","","","6/P6D","T",1,0,0,0,0,"F"
1,1,0,1,"CX","","","","53/G5S","T",1,0,0,0,0,"F"
1,2,1,1,"CBX","","","","7/F78XD","T",1,0,0,0,0,"F"
0,0,2,2,"TFBBFFX","","","","43/G34","T",1,0,0,0,0,"F"
0,1,2,2,"CBSBFS","","","","K","T",1,0,0,0,0,"F"
0,2,2,2,"CBCBFX","","","","S5/G1S-","T",0,1,0,0,0,"F"
0,2,2,2,"SSFBFBS","hamib001","","","K","T",1,0,1,0,0,"F"
1,0,0,2,".CSX","","","","S9/F9S","T",0,1,0,0,0,"F"
1,0,0,2,"CSS","polaj001","","","K","T",1,0,1,0,0,"F"
1,1,2,2,"SS*BBX","polaj001","","","S8/L89.1-3","T",0,1,3,0,0,"F"
1,1,2,2,".SBSB*S","cruzn002","","polaj001","K","T",1,0,1,0,3,"F"
1,2,0,1,"CX","cruzn002","","polaj001","9/F9L","T",1,0,1,0,3,"F"
0,0,3,2,".BBFSFFBB","","","","W","T",0,1,0,0,0,"F"
0,0,1,2,".BCFFFS","andet001","","","K","T",1,0,1,0,0,"F"
0,1,1,0,"BX","andet001","","","9/F89XD+","T",1,0,1,0,0,"F"
0,2,1,2,"BCST","andet001","","","K","T",1,0,1,0,0,"F"
1,0,1,0,"..BX","","","","7/L7","T",1,0,0,0,0,"F"
1,1,1,2,".BSFFS","","","","K","T",1,0,0,0,0,"F"
1,2,2,2,"BFFBFFX","","","","3/P3","T",1,0,0,0,0,"F"
0,0,1,2,"CFBFFS","","","","K","T",1,0,0,0,0,"T"
0,1,0,2,"CSX","","","","3/P3F/FL","T",1,0,0,0,0,"F"
0,2,0,1,"CX","","","","3/P3F/FL","T",1,0,0,0,0,"F"
1,0,1,2,"BCCFFX","","","","4/F3D","T",1,0,0,0,0,"F"
1,1,1,2,"CSBFX","","","","63/G6","T",1,0,0,0,0,"F"
1,2,0,0,"X","","","","9/F9LD","T",1,0,0,0,0,"F"
0,0,2,2,"CBSFBFT","","","","K","T",1,0,0,0,0,"F"
0,1,0,2,"CSX","","","","D7/L5D","T",0,2,0,0,0,"F"
0,1,2,2,"FBBFS","","candj002","","K","T",1,0,0,2,0,"F"
0,2,1,1,"BFX","","candj002","","4/L4","T",1,0,0,2,0,"F"
1,0,1,2,"BSCS","","","","K","T",1,0,0,0,0,"F"
1,1,1,2,"CFBS","","","","K","T",1,0,0,0,0,"F"
1,2,1,1,"BCX","","","","53/G56S","T",1,0,0,0,0,"F"
0,0,1,1,"BCX","","","","3/G3","T",1,0,0,0,0,"F"
0,1,1,2,"CBFS","","","","K","T",1,0,0,0,0,"F"
0,2,2,2,"FBBFX","","","","53/G56S","T",1,0,0,0,0,"F"
1,0,2,2,"SSBBS","","","","K","T",1,0,0,0,0,"F"
1,1,1,2,"CCFBS","","","","K","T",1,0,0,0,0,"F"
1,2,0,0,"X","","","","63/G56D","T",1,0,0,0,0,"F"
0,0,1,2,"CBSX","","","","S8/L8S","T",0,1,0,0,0,"F"
0,0,0,0,"X","schoj001","","","HR/F7LD.1-H","T",0,4,4,0,0,"F"
0,0,1,1,"BFX","","","","S7/L7+","T",0,1,0,0,0,"F"
0,0,0,0,"X","cabrm001","","","8/F8XD/DP.1X2(84)","T",2,0,0,0,0,"F"
0,2,0,2,"CF*S","","","","K","T",1,0,0,0,0,"F"
1,0,0,0,"X","","","","63/G56D","T",1,0,0,0,0,"F"
1,1,1,2,"BFCT","","","","K","T",1,0,0,0,0,"F"
1,2,1,2,"CBFX","","","","7/L7","T",1,0,0,0,0,"F"
0,0,1,0,"BX","","","","53/G56S+","T",1,0,0,0,0,"F"
0,1,1,2,"FBCX","","","","S9/G34+","T",0,1,0,0,0,"F"
0,1,2,1,"*BFBX","mazan001","","","8/F8XD+","T",1,0,1,0,0,"F"
0,2,2,2,"*BBFSS","mazan001","","","K","T",1,0,1,0,0,"F"
1,0,2,1,"BSBX","","","","63/G4M","T",1,0,0,0,0,"F"
1,1,3,2,"CBBBSFX","","","","HR/F7D","T",0,4,0,0,0,"F"
1,1,1,2,"BFCFX","","","","8/F8","T",1,0,0,0,0,"F"
1,2,0,0,"X","","","","S9/L89+","T",0,1,0,0,0,"F"
1,2,3,1,"BFBBX","keplm001","","","9/F9D","T",1,0,1,0,0,"F"
0,0,2,2,"CBFBX","","","","S7/L7","T",0,1,0,0,0,"F"
0,0,0,0,"X","schoj001","","","S8/L8.1-2","T",0,1,2,0,0,"F"
0,0,0,0,"X","haase001","schoj001","","S9/L9.2-3;1-2","T",0,1,2,3,0,"F"
0,0,1,2,"*SS*BC","cabrm001","haase001","schoj001","K","T",1,0,1,2,3,"F"
0,1,3,1,"*BBBCB","cabrm001","haase001","schoj001","W.3-H;2-3;1-2","T",0,1,2,3,4,"F"
0,1,1,2,"CF*BX","shorz001","cabrm001","haase001","46(1)3/GDP/G4M","T",2,0,0,2,3,"F"
1,0,1,0,"BX","","","","9/F89S","T",1,0,0,0,0,"F"
1,1,0,1,"CX","","","","S1/BG2-","T",0,1,0,0,0,"F"
1,1,3,1,"C*BBBB","polaj001","","","W.1-2","T",0,1,2,0,0,"F"
1,1,1,2,"FC*BFX","donaj001","polaj001","","54(1)/FO/G5.2-3;B-1","T",1,1,0,3,0,"F"
1,2,1,1,"CBX","cruzn002","","polaj001","S7/G5.3-H;1-2","T",0,1,2,0,4,"F"
1,2,0,1,"CX","larnt001","cruzn002","","8/F8XD","T",1,0,1,2,0,"F"
0,0,2,2,"CBSFBS","","","","K","T",1,0,0,0,0,"F"
0,1,1,2,"CBTX","","","","13/G25","T",1,0,0,0,0,"F"
0,2,2,1,"CBBX","","","","53/G5","T",1,0,0,0,0,"F"
1,0,1,0,"BX","","","","HR/F89XD","T",0,4,0,0,0,"F"
1,0,1,1,"BFX","","","","S4/G4+","T",0,1,0,0,0,"F"
1,0,2,1,"C1B11BX","keplm001","","","FC6/G6M.1X2(6E4);B-1","T",0,1,2,0,0,"F"
1,0,1,1,".BLX","celeg001","keplm001","","53/SH/BG1S.2-3;1-2","T",1,0,2,3,0,"F"
1,1,2,0,"B*BB","","celeg001","keplm001","WP.3-H(NR)(UR);2-3","F",0,0,0,3,5,"F"
1,1,3,0,"B*BB.X","","","celeg001","8/SF/F8D.3-H(UR)","T",1,0,0,0,5,"F"
1,2,1,2,"CBSS","","","","K","T",1,0,0,0,0,"F"
0,0,2,2,".CBBFX","","","","13/G1","T",1,0,0,0,0,"F"
0,1,2,2,"CSBBFX","","","","53/G56S","T",1,0,0,0,0,"F"
0,2,1,2,"FSBS","","","","K","T",1,0,0,0,0,"F"
1,0,0,2,".CSC","","","","K","T",1,0,0,0,0,"F"
1,1,1,2,"CBF*S","","","","K","T",1,0,0,0,0,"F"
1,2,3,2,"CSBBBB","","","","W","T",0,1,0,0,0,"F"
1,2,1,1,"C*BX","jeffr002","","","7/F78XD+","T",1,0,1,0,0,"F"
0,0,0,1,".FX","","","","9/L89D","T",1,0,0,0,0,"F"
0,1,0,0,"X","","","","31/G34S","T",1,0,0,0,0,"F"
0,2,0,2,"CF*S","","","","K","T",1,0,0,0,0,"F"
0,0,2,1,"BBSX","","","","4E3/G34D.B-1","T",0,1,0,0,0,"T"
0,0,3,2,"CBBF1B>S","badda001","","","K+CS2(24)/DP","T",2,0,0,0,0,"F"
0,2,3,2,"BCBBCFS","","","","K","T",1,0,0,0,0,"F"
1,0,1,1,"CBX","","","","5/L56","T",1,0,0,0,0,"F"
1,1,1,2,"CBSX","","","","8/F8XD+","T",1,0,0,0,0,"F"
1,2,1,2,"BSC*S","","","","K.BX1(23)","T",1,0,0,0,0,"F"
0,0,0,1,"CX","","","","S8/L8","T",0,1,0,0,0,"F"
0,0,0,2,"CF*S","cabrm001","","","K","T",1,0,1,0,0,"F"
0,1,0,1,"CX","cabrm001","","","3/P2F/FL","T",1,0,1,0,0,"F"
0,2,1,2,"C*SBFS","cabrm001","","","K","T",1,0,1,0,0,"F"
1,0,0,0,"X","","","","7/L7+","T",1,0,0,0,0,"F"
1,1,3,1,"BBBCB","","","","W","T",0,1,0,0,0,"F"
1,1,3,1,"FBBBX","kiria001","","","7/F78","T",1,0,1,0,0,"F"
1,2,0,0,"X","kiria001","","","4/P34D","T",1,0,1,0,0,"F"
0,0,3,2,"BSCBBFS","","","","K","T",1,0,0,0,0,"F"
0,1,3,2,"BSBCBB","","","","W","T",0,1,0,0,0,"F"
0,1,1,2,"SFB*S","rogej004","","","K","T",1,0,1,0,0,"F"
0,2,2,2,"SSBBFX","rogej004","","","8/F8","T",1,0,1,0,0,"F"
1,0,2,0,"BBX","","","","9/F9LD+","T",1,0,0,0,0,"F"
1,1,1,1,"CBX","","","","53/G6M","T",1,0,0,0,0,"F"
1,2,3,1,"FBBBX","","","","5/P5","T",1,0,0,0,0,"F"
0,0,3,2,"CBBCBB","","","","W","T",0,1,0,0,0,"F"
0,0,2,2,"B1CSB*S","grosr001","","","K","T",1,0,1,0,0,"F"
0,1,0,1,"CX","grosr001","","","6(1)3/GDP/G4M","T",2,0,0,0,0,"F"
1,0,0,0,"X","","","","53/G56D","T",1,0,0,0,0,"F"
1,1,2,2,"CCBBC","","","","K","T",1,0,0,0,0,"F"
1,2,2,2,"BSBFX","","","","43/G4M+","T",1,0,0,0,0,"F"
0,0,2,2,"SBFBX","","","","S8/F8S","T",0,1,0,0,0,"F"
0,0,0,0,"X","haase001","","","46(1)/FO/G4.B-1","T",1,1,0,0,0,"F"
0,1,3,2,"*B*BCSFBFX","mazan001","","","8/F8XD","T",1,0,1,0,0,"F"
0,2,2,2,"C*BF*BX","mazan001","","","6/F56D","T",1,0,1,0,0,"F"
1,0,1,2,"CBCX","","","","43/G3","T",1,0,0,0,0,"F"
1,1,3,1,"CBBBB","","","","W","T",0,1,0,0,0,"F"
1,1,1,0,"BX","polaj001","","","S7/L7LS.1-3","T",0,1,3,0,0,"F"
1,1,1,2,"CF*B*S","keplm001","","polaj001","K","T",1,0,1,0,3,"F"
1,2,0,1,"FX","keplm001","","polaj001","43/G4S-","T",1,0,1,0,3,"F"
0,0,0,1,".FX","","","","63/G4","T",1,0,0,0,0,"F"
0,1,3,2,"CBBCBFX","","","","S9/L9S","T",0,1,0,0,0,"F"
0,1,0,2,"FCS","schoj001","","","K","T",1,0,1,0,0,"F"
0,2,0,1,"FX","schoj001","","","9/F9S","T",1,0,1,0,0,"F"
1,0,0,0,"X","","","","S8/G4M","T",0,1,0,0,0,"F"
1,0,3,2,"BBBS1S>B","arral001","","","W.1-2","T",0,1,2,0,0,"F"
1,0,1,1,".CBN","donaj001","arral001","","BK.2-3;1-2","F",0,0,2,3,0,"F"
1,0,1,1,".CBN.X","","donaj001","arral001","S9/G3.3-H;2-3","T",0,1,0,3,4,"F"
1,0,1,0,"BX","larnt001","","donaj001","8/SF/F8D.3-H","T",1,0,1,0,4,"F"
1,1,3,2,"1CT*BBBB","larnt001","","","W.1-2","T",0,1,2,0,0,"F"
1,1,3,2,"CBBFBFFFFX","kiria001","larnt001","","7/F7L","T",1,0,1,2,0,"F"
1,2,2,1,"BCBX","kiria001","larnt001","","T7/L7D.2-H;1-H","T",0,3,4,4,0,"F"
1,2,3,2,".C*SF*BBBC","","","keplm001","K","T",1,0,0,0,3,"F"
0,0,0,1,"SX","","","","S9/L9LS","T",0,1,0,0,0,"F"
0,0,3,2,"BSBCBFS","candj002","","","K","T",1,0,1,0,0,"F"
0,1,1,0,"..BX","candj002","","","S7/L78S+.1-2","T",0,1,2,0,0,"F"
0,1,0,2,"CFX","goodn002","candj002","","4/P4D","T",1,0,1,2,0,"F"
0,2,3,2,"B*BCFB>X","goodn002","candj002","","6/P56D","T",1,0,1,2,0,"F"
1,0,1,1,"...BFX","","","","6/P6MD","T",1,0,0,0,0,"F"
1,1,0,2,"CCS","","","","K","T",1,0,0,0,0,"F"
1,2,1,1,"TBX","","","","5/P5F/FL","T",1,0,0,0,0,"F"
0,0,0,2,"CCX","","","","S5/G56","T",0,1,0,0,0,"F"
0,0,0,2,"CF*S","badda001","","","K","T",1,0,1,0,0,"F"
0,1,1,1,"BCX","badda001","","","HR/F7LD.1-H","T",0,4,4,0,0,"F"
0,1,2,2,".CFBBFFX","","","","9/L9D","T",1,0,0,0,0,"F"
0,2,1,2,"CSBFS","","","","K","T",1,0,0,0,0,"F"
1,0,1,0,"BX","","","","63/G6","T",1,0,0,0,0,"F"
1,1,0,2,"FFX","","","","3/G34+","T",1,0,0,0,0,"F"
1,2,0,0,"X","","","","8/F8XD","T",1,0,0,0,0,"F"
0,0,2,2,"BCBFFS","","","","K","T",1,0,0,0,0,"F"
0,1,1,2,"BCFX","","","","S5/P56D","T",0,1,0,0,0,"F"
0,1,1,0,"BX","goodn002","","","54(1)3/GDP/G56","T",2,0,0,0,0,"F"
0,0,1,2,"BSSS","","","","K","T",1,0,0,0,0,"T"
0,1,0,2,"CCFT","","","","K","T",1,0,0,0,0,"F"
0,2,3,2,"CCBBBFX","","","","S7/L7S","T",0,1,0,0,0,"F"
0,2,0,2,"CF1>B","grosr001","","","SB2","F",0,0,2,0,0,"F"
0,2,3,2,"CF1>B.*BBT","","grosr001","","K","T",1,0,0,2,0,"F"
1,0,0,2,"CSFX","","","","S8/L8+","T",0,1,0,0,0,"F"
1,0,3,1,"1BBBC1X","arral001","","","9/F9","T",1,0,1,0,0,"F"
1,1,2,2,"CBBFS","arral001","","","K","T",1,0,1,0,0,"F"
1,2,2,0,"BBX","arral001","","","S9/L9S.1-2","T",0,1,2,0,0,"F"
1,2,1,1,"*BFX","cruzn002","arral001","","3/G3","T",1,0,1,2,0,"F"
0,0,3,2,"BBCCBFX","","","","8/F78D","T",1,0,0,0,0,"F"
0,1,2,2,"BCCBX","","","","5/P5D","T",1,0,0,0,0,"F"
0,2,3,2,"BBCSFBFFX","","","","HR/F9D","T",0,4,0,0,0,"F"
0,2,2,2,"CBCBX","","","","HR/F7D","T",0,4,0,0,0,"F"
0,2,2,2,"BCBFC","","","","K","T",1,0,0,0,0,"F"
1,0,2,2,"BBCSX","","","","63/G6+","T",1,0,0,0,0,"F"
1,1,2,1,"BBFX","","","","8/L8XD+","T",1,0,0,0,0,"F"
1,2,3,2,"CSBBBB","","","","W","T",0,1,0,0,0,"F"
1,2,1,2,"CBSC","jeffr002","","","K","T",1,0,1,0,0,"F"
0,0,1,2,"BFFX","","","","43/G34D","T",1,0,0,0,0,"F"
0,1,1,2,"FFBFX","","","","43/G4M+","T",1,0,0,0,0,"F"
0,2,0,0,"X","","","","9/L9D+","T",1,0,0,0,0,"F"
1,0,3,2,"FFBFBBX","","","","53/G6","T",1,0,0,0,0,"F"
1,1,2,2,"BFBFH","","","","HP","T",0,1,0,0,0,"F"
1,1,0,2,".FCS","polaj001","","","K","T",1,0,1,0,0,"F"
1,2,0,0,"X","polaj001","","","S8/G6M+.1-3","T",0,1,3,0,0,"F"
1,2,0,2,"FFF>F>B","cruzn002","","polaj001","SB2","F",0,0,2,0,3,"F"
1,2,1,2,"FFF>F>B.S","","cruzn002","polaj001","K","T",1,0,0,2,3,"F"
0,0,3,2,"FCBBBB","","","","W","T",0,1,0,0,0,"F"
0,0,3,2,"CBS*BBB","haase001","","","W.1-2","T",0,1,2,0,0,"F"
0,0,1,2,"BSFX","candj002","haase001","","S7/G6.2-H;1-2","T",0,1,2,4,0,"F"
0,0,0,0,"X","casth001","candj002","","36(1)/FO/G34.2-3;B-1","T",1,1,0,3,0,"F"
0,1,0,1,".CX","goodn002","","candj002","8/SF/F78D.3-H","T",1,0,1,0,4,"F"
0,2,1,1,"1FB1X","goodn002","","","7/F78D","T",1,0,1,0,0,"F"
1,0,1,2,".CFFBX","","","","53/G5","T",1,0,0,0,0,"F"
1,1,1,0,"BX","","","","9/F9LD+","T",1,0,0,0,0,"F"
1,2,1,2,"FCBS","","","","K","T",1,0,0,0,0,"F"
0,0,0,1,"SX","","","","8/L8XD","T",1,0,0,0,0,"F"
0,1,1,0,"BX","","","","53/G56","T",1,0,0,0,0,"F"
0,2,2,2,"BBCCFFX","","","","3/G3D","T",1,0,0,0,0,"F"
1,0,0,1,"FX","","","","9/F9LS","T",1,0,0,0,0,"F"
1,1,3,2,"FBCBFBFX","","","","7/F7","T",1,0,0,0,0,"F"
1,2,3,2,"BBCBLX","","","","8/F89XD","T",1,0,0,0,0,"F"
0,0,2,2,"CSBBFX","","","","53/G5","T",1,0,0,0,0,"F"
0,1,2,2,"FFBBS","","","","K","T",1,0,0,0,0,"F"
0,2,0,0,".X","","","","S9/L9+","T",0,1,0,0,0,"F"
0,2,1,2,"CS*B1","casth001","","","POCS2(134)","F",1,0,0,0,0,"F"
1,0,2,2,"CFBFBC","","","","K","T",1,0,0,0,0,"F"
1,1,0,1,"FX","","","","S9/L89","T",0,1,0,0,0,"F"
1,1,0,0,"X","cruzn002","","","HR/F89XD.1-H","T",0,4,4,0,0,"F"
1,1,0,2,"CFS","","","","K","T",1,0,0,0,0,"F"
1,2,1,2,"CSBX","","","","6/P4M","T",1,0,0,0,0,"F"
0,0,2,2,"BFCFBFS","","","","K","T",1,0,0,0,0,"F"
0,1,0,0,"X","","","","S7/G56+","T",0,1,0,0,0,"F"
0,1,0,0,"X","shorz001","","","9/F9D","T",1,0,1,0,0,"F"
0,2,0,2,"F1SX","shorz001","","","7/F7D","T",1,0,1,0,0,"F"
1,0,3,2,".CFBBBX","","","","53/G56","T",1,0,0,0,0,"F"
1,1,0,0,"X","","","","S3/G4","T",0,1,0,0,0,"F"
1,1,1,1,"C*BX","simma001","","","S8/L8S.1-2","T",0,1,2,0,0,"F"
1,1,1,0,"BX","arral001","simma001","","HR/F9LD.2-H;1-H","T",0,4,4,4,0,"F"
1,1,0,0,"X","","","","5/P5","T",1,0,0,0,0,"F"
1,2,3,2,"CBTBBB","","","","W","T",0,1,0,0,0,"F"
1,2,2,2,".CBFBX","cruzn002","","","7/L7","T",1,0,1,0,0,"F"
0,0,1,0,".BX","","","","D7/L7L+","T",0,2,0,0,0,"F"
0,0,3,2,"BFBCBX","","schoj001","","43/G34D.2-3","T",1,0,0,3,0,"F"
0,1,0,2,"FFFC","","","schoj001","K","T",1,0,0,0,3,"F"
0,2,2,2,"*S*BS*B*S","","","schoj001","K","T",1,0,0,0,3,"F"
1,0,3,2,".TBBBFFB","","","","W","T",0,1,0,0,0,"F"
1,0,0,2,"FCS","sanom001","","","K","T",1,0,1,0,0,"F"
1,1,3,2,".CBFBBX","sanom001","","","S67/G56.1-2","T",0,1,2,0,0,"F"
1,1,3,2,".BFBSFBFFB","rortb001","sanom001","","W.2-3;1-2","T",0,1,2,3,0,"F"
1,1,1,2,"SBFFFX","simma001","rortb001","sanom001","S7/L7LS.3-H;2-H;1-3(E7);B-2","T",0,2,3,4,4,"F"
1,1,0,0,".B","","arral001","simma001","WP.3-H(NR)(UR);2-H(E2)(NR)(UR)","F",0,0,0,5,5,"F"
1,1,2,1,".B.BCX","","","","8/F8","T",1,0,0,0,0,"F"
1,2,3,2,"CBBBSS","","","","K","T",1,0,0,0,0,"F"
0,0,3,2,"..CFFBFBFBFX","","","","43/G34D","T",1,0,0,0,0,"F"
0,1,1,2,"BCSX","","","","7/F78D","T",1,0,0,0,0,"F"
0,2,3,2,"CSBBFBC","","","","K","T",1,0,0,0,0,"F"
0,0,0,1,"SX","","","","7/F78D","T",1,0,0,0,0,"T"
0,1,1,0,"BX","","","","53/G56","T",1,0,0,0,0,"F"
0,2,1,0,"BX","","","","8/F8D+","T",1,0,0,0,0,"F"
1,0,2,2,"BBCFX","","","","3/G3","T",1,0,0,0,0,"F"
1,1,3,2,"BBCCBFX","","","","53/G5","T",1,0,0,0,0,"F"
1,2,2,2,"CBTBS","","","","K","T",1,0,0,0,0,"F"
0,0,3,2,"FBFBBX","","","","63/G6","T",1,0,0,0,0,"F"
0,1,0,0,"X","","","","63/G4MD","T",1,0,0,0,0,"F"
0,2,2,2,"BBCSX","","","","9/F9D+","T",1,0,0,0,0,"F"
1,0,3,2,"BBBCFX","","","","S5/G5S-","T",0,1,0,0,0,"F"
1,0,3,2,"BTFBFFFFBX","cruzn002","","","46(1)/FO/G4+.B-1","T",1,1,0,0,0,"F"
1,1,2,2,"CFFBBX","kiria001","","","46(1)/FO/G4.B-1","T",1,1,0,0,0,"F"
1,2,1,0,"1B>C","polaj001","","","SB2","F",0,0,2,0,0,"F"
1,2,3,1,"1B>C.BBX","","polaj001","","7/F78D","T",1,0,0,2,0,"F"
0,0,2,2,"CFBB*S","","","","K","T",1,0,0,0,0,"F"
0,1,0,1,"CX","","","","4/P4","T",1,0,0,0,0,"F"
0,2,3,2,"CCFBBBFFB","","","","W","T",0,1,0,0,0,"F"
0,2,0,2,"FF*S","rogej004","","","K","T",1,0,1,0,0,"F"
1,0,3,1,"CBBBB","","","","W","T",0,1,0,0,0,"F"
1,0,3,2,"B>FB*BF>X","jeffr002","","","8/L8/DP.1X1(83)","T",2,0,0,0,0,"F"
1,2,1,1,"FBX","","","","S6/G6","T",0,1,0,0,0,"F"
1,2,0,1,"S1X","arral001","","","3/P1","T",1,0,1,0,0,"F"
0,0,3,2,"BBFBFT","","","","K","T",1,0,0,0,0,"F"
0,1,3,2,"FBBBF*B","","","","W","T",0,1,0,0,0,"F"
0,1,1,2,"11C1*BF>C","grosr001","","","K+CS2(24)/DP","T",2,0,0,0,0,"F"
1,0,2,2,"BBCSS","","","","K","T",1,0,0,0,0,"F"
1,1,3,2,"BFSBFFBX","","","","8/F89D","T",1,0,0,0,0,"F"
1,2,1,1,"BFX","","","","3/G34","T",1,0,0,0,0,"F"
0,0,2,2,"CFBBX","","","","43/G34D","T",1,0,0,0,0,"F"
0,1,1,2,"CFBC","","","","K","T",1,0,0,0,0,"F"
0,2,2,2,"BBFCX","","","","S8/L8D","T",0,1,0,0,0,"F"
0,2,3,2,"BC1F*B+1B>*B","casth001","","","W.1-2","T",0,1,2,0,0,"F"
0,2,3,1,"BSBBB","shorz001","casth001","","W.2-3;1-2","T",0,1,2,3,0,"F"
0,2,0,2,"FCX","rogej004","shorz001","casth001","S7/L7.3-H;2-H;1-3;B-2","T",0,2,3,4,4,"F"
0,2,0,0,"X","","badda001","rogej004","S9/L9L.3-H;2-H","T",0,1,0,4,4,"F"
0,2,2,2,"F*BCBX","schoj001","","","3/G3","T",1,0,1,0,0,"F"
1,0,0,2,"CFX","","","","63/G4","T",1,0,0,0,0,"F"
1,1,3,2,"BFBSBX","","","","HR/F7D","T",0,4,0,0,0,"F"
1,1,3,2,"CBFBBF.B","","","","W","T",0,1,0,0,0,"F"
1,1,0,1,"FX","rortb001","","","64(1)/FO/G56D.B-1","T",1,1,0,0,0,"F"
1,2,1,1,"CBX","simma001","","","8/F78XD","T",1,0,1,0,0,"F"
0,0,0,0,".X","","","","53/G56","T",1,0,0,0,0,"F"
0,1,0,0,"X","","","","8/L78XD","T",1,0,0,0,0,"F"
0,2,1,2,"CFBS","","","","K","T",1,0,0,0,0,"F"
1,0,2,1,".BCBX","","","","3/P3F/FL","T",1,0,0,0,0,"F"
1,1,3,0,"BBBB","","","","W","T",0,1,0,0,0,"F"
1,1,1,2,"CBTFX","larnt001","","","64(1)/FO/G6.B-1","T",1,1,0,0,0,"F"
1,2,3,2,"FCFBFB*B>B","cruzn002","","","W.1-2","T",0,1,2,0,0,"F"
1,2,0,1,"CX","kiria001","cruzn002","","S9/L89S.2-H;1-3","T",0,1,3,4,0,"F"
1,2,3,2,"CFB1BB>F>F>F>B","polaj001","","kiria001","W.1-2","T",0,1,2,0,3,"F"
1,2,2,2,".CC*B*BX","keplm001","polaj001","kiria001","7/L7","T",1,0,1,2,3,"F"
0,0,2,2,"CBSBFX","","","","43/G4","T",1,0,0,0,0,"F"
0,1,0,2,"FCC","","","","K","T",1,0,0,0,0,"F"
0,2,3,2,"BBCBCC","","","","K","T",1,0,0,0,0,"F"
1,0,3,1,"F.BBBB","","","","W","T",0,1,0,0,0,"F"
1,0,1,2,"BFCX","simma001","","","46(1)/FO/G4MS.B-1","T",1,1,0,0,0,"F"
1,1,3,1,".S*B*BBB","arral001","","","W.1-2","T",0,1,2,0,0,"F"
1,1,2,2,"BSBCS","donaj001","arral001","","K","T",1,0,1,2,0,"F"
1,2,3,2,"CFBB*B>F>F>B","donaj001","arral001","","W.2-3;1-2","T",0,1,2,3,0,"F"
1,2,0,1,".CB","cruzn002","donaj001","arral001","WP.3-H(NR);2-3;1-2","F",0,0,2,3,4,"F"
1,2,2,2,".CB.CF*BX","","cruzn002","donaj001","S7/L7S.3-H;2-3","T",0,1,0,3,4,"F"
1,2,2,2,"B*BTSX","kiria001","","cruzn002","S8/L8+.3-H;1-2","T",0,1,2,0,4,"F"
1,2,0,2,"FSX","polaj001","kiria001","","S9/L9L.2-H;1-3","T",0,1,3,4,0,"F"
1,2,0,0,"X","keplm001","","polaj001","5/P5F/FL","T",1,0,1,0,3,"F"
0,0,1,0,".BX","","","","HR/F9D","T",0,4,0,0,0,"F"
0,0,0,1,"CX","","","","S7/G56+","T",0,1,0,0,0,"F"
0,0,0,1,"CX","schoj001","","","8/F8D","T",1,0,1,0,0,"F"
0,1,1,2,"SF*BC","schoj001","","","K","T",1,0,1,0,0,"F"
0,2,1,1,".C*BX","schoj001","","","8/L8XD","T",1,0,1,0,0,"F"
1,0,2,2,".CCBBX","","","","S8/L8S","T",0,1,0,0,0,"F"
1,0,0,2,"CFX","simma001","","","43/G34.1-2","T",1,0,2,0,0,"F"
1,1,1,1,"CBX","","simma001","","D8/F8XD+.2-H","T",0,2,0,4,0,"F"
1,1,2,2,"CBBFFFFC","","donaj001","","K","T",1,0,0,2,0,"F"
1,2,3,0,"VVVV","","donaj001","","IW","T",0,1,0,2,0,"F"
1,2,0,1,".CX","cruzn002","donaj001","","S4/G34.2-H;1-2","T",0,1,2,4,0,"F"
1,2,1,1,"BCX","kiria001","cruzn002","","4/P4MS","T",1,0,1,2,0,"F"
0,0,0,1,".CX","","","","S9/L9L","T",0,1,0,0,0,"F"
0,0,0,0,".X","haase001","","","D9/L9L.1-3","T",0,2,3,0,0,"F"
0,0,3,2,"CF*B*BBB","","castw003","haase001","W","T",0,1,0,2,3,"F"
0,0,0,0,"X","shorz001","castw003","haase001","HR/F8XD.3-H;2-H;1-H","T",0,4,4,4,4,"F"
0,0,0,2,"CFC","","","","K","T",1,0,0,0,0,"F"
0,1,1,2,"BFFS","","","","K","T",1,0,0,0,0,"F"
0,2,2,2,"BFFBC","","","","K","T",1,0,0,0,0,"F"
1,0,2,0,".BBX","","","","63/G4","T",1,0,0,0,0,"F"
1,1,1,2,"CBFX","","","","HR/F9D","T",0,4,0,0,0,"F"
1,1,0,2,"FFS","","","","K","T",1,0,0,0,0,"F"
1,2,3,2,"BBBCCB","","","","W","T",0,1,0,0,0,"F"
1,2,3,2,"FBF*B*B>B","arral001","","","W.1-2","T",0,1,2,0,0,"F"
1,2,0,2,"FFX","donaj001","arral001","","41/G34","T",1,0,1,2,0,"F"
0,0,3,2,"..FFBBBS","","grosr001","","K","T",1,0,0,2,0,"F"
0,1,3,0,"*BBBV","","grosr001","","IW","T",0,1,0,2,0,"F"
0,1,1,2,"*BCFS","candj002","grosr001","","K","T",1,0,1,2,0,"F"
0,2,0,1,"SX","candj002","grosr001","","3/G3D+","T",1,0,1,2,0,"F"
1,0,3,0,".VVVV","","larnt001","","IW","T",0,1,0,2,0,"F"
1,0,0,0,"X","cruzn002","larnt001","","6/P56D","T",1,0,1,2,0,"F"
1,1,3,2,"BBFFFBX","cruzn002","larnt001","","HR/L7D.2-H(UR);1-H","T",0,4,4,5,0,"F"
0,0,2,1,"BBCX","","","","S5/G5","T",0,1,0,0,0,"T"
0,0,2,2,"CBBFT","fletd002","","","K","T",1,0,1,0,0,"F"
0,1,0,1,"CX","fletd002","","","64(1)3/GDP/G6D","T",2,0,0,0,0,"F"
1,0,1,2,"CFB*S","","","","K","T",1,0,0,0,0,"F"
1,1,0,0,"H","","","","HP","T",0,1,0,0,0,"F"
1,1,3,2,"CCBBB1S","keplm001","","","K","T",1,0,1,0,0,"F"
1,2,3,1,"B*BBCB","keplm001","","","W.1-2","T",0,1,2,0,0,"F"
1,2,1,2,"BFFFFS","sanom001","keplm001","","K","T",1,0,1,2,0,"F"
0,0,2,0,"BBX","","","","7/F78D","T",1,0,0,0,0,"F"
0,1,1,1,"CBX","","","","43/G4D","T",1,0,0,0,0,"F"
0,2,2,2,"CBBFX","","","","63/G4D","T",1,0,0,0,0,"F"
1,0,3,2,"BBCCFBX","","","","S9/L89XD+","T",0,1,0,0,0,"F"
1,0,1,0,"BX","larnt001","","","8/F78D","T",1,0,1,0,0,"F"
1,1,3,2,"SSBBFFBX","larnt001","","","D7/L7LD+.1XH(762)","T",1,2,0,0,0,"F"
1,2,3,2,"BBFFBX","","celeg001","","6/F5DF/FL","T",1,0,0,2,0,"F"
0,0,0,1,"CX","","","","D9/F89XD+","T",0,2,0,0,0,"F"
0,0,2,2,"BSF*BX","","iglej001","","7/F7","T",1,0,0,2,0,"F"
0,1,0,2,"CFX","","iglej001","","3/P3SF/FL","T",1,0,0,2,0,"F"
0,2,0,0,"X","","iglej001","","6/L6M","T",1,0,0,2,0,"F"
1,0,0,0,"X","","","","2/P2","T",1,0,0,0,0,"F"
1,1,0,1,"CX","","","","3/G3","T",1,0,0,0,0,"F"
1,2,2,2,"BCCBFS","","","","K","T",1,0,0,0,0,"F"
0,0,1,1,"BCX","","","","43/G34","T",1,0,0,0,0,"F"
0,1,2,2,"SBFBC","","","","K","T",1,0,0,0,0,"F"
0,2,2,2,"CBFBFX","","","","D7/L7LS","T",0,2,0,0,0,"F"
0,2,0,0,"X","","walsj001","","9/F89D","T",1,0,0,2,0,"F"
1,0,0,0,"X","","","","DGR/F78XD","T",0,2,0,0,0,"F"
1,0,0,0,"X","","sanom001","","8/L8","T",1,0,0,2,0,"F"
1,1,2,0,"BB>B","","sanom001","","SB3","F",0,0,0,3,0,"F"
1,1,3,0,"BB>B.B","","","sanom001","W","T",0,1,0,0,3,"F"
1,1,0,0,"X","larnt001","","sanom001","D9/L9L.3-H;1-3","T",0,2,3,0,4,"F"
1,1,2,2,"CBCFBFX","","astuw001","larnt001","53/G5.3-H","T",1,0,0,2,4,"F"
1,2,0,0,"X","","astuw001","","8/L8","T",1,0,0,2,0,"F"
0,0,3,1,"BBBFX","","","","43/G34","T",1,0,0,0,0,"F"
0,1,0,0,"X","","","","D57/G5","T",0,2,0,0,0,"F"
0,1,1,2,"FSBX","","iglej001","","S7/L7S.2-3;B-2","T",0,2,0,3,0,"F"
0,1,3,2,"SBLBBX","","eatoa002","iglej001","HR/L7LD.3-H;2-H","T",0,4,0,4,4,"F"
0,1,0,1,"CX","","","","63/G6D+","T",1,0,0,0,0,"F"
0,2,1,2,"BCC*S","","","","K","T",1,0,0,0,0,"F"
1,0,0,2,"CFX","","","","2/P2F/FL","T",1,0,0,0,0,"F"
1,1,2,2,"BFBCX","","","","3/G3","T",1,0,0,0,0,"F"
1,2,2,1,"SBBX","","","","7/F7LD+","T",1,0,0,0,0,"F"
0,0,1,0,"BX","","","","63/G56D","T",1,0,0,0,0,"F"
0,1,0,2,"SF*S","","","","K","T",1,0,0,0,0,"F"
0,2,0,0,"X","","","","S5/G5","T",0,1,0,0,0,"F"
0,2,0,2,"CSS","stasm001","","","K","T",1,0,1,0,0,"F"
1,0,2,2,"CBBSS","","","","K","T",1,0,0,0,0,"F"
1,1,0,2,"CFS","","","","K","T",1,0,0,0,0,"F"
1,2,2,2,"CBBCS","","","","K","T",1,0,0,0,0,"F"
0,0,3,2,"BCBBCFX","","","","8/L8D","T",1,0,0,0,0,"F"
0,1,1,0,"BX","","","","9/L9","T",1,0,0,0,0,"F"
0,2,2,2,"SBFFFBS","","","","K","T",1,0,0,0,0,"F"
1,0,1,2,"BFFFX","","","","41/G4","T",1,0,0,0,0,"F"
1,1,0,1,"SX","","","","13/G15","T",1,0,0,0,0,"F"
1,2,0,0,"X","","","","3/G34","T",1,0,0,0,0,"F"
0,0,0,0,".X","","","","5/P5F/FL","T",1,0,0,0,0,"F"
0,1,1,2,"BSFFFS","","","","K","T",1,0,0,0,0,"F"
0,2,3,2,"BBCBCFFFX","","","","53/G5+","T",1,0,0,0,0,"F"
1,0,0,1,"..CX","","","","S9/L9L+.BX2(96)","T",1,0,0,0,0,"F"
1,1,0,0,"X","","","","S9/L89XD+","T",0,1,0,0,0,"F"
1,1,1,0,"BX","keplm001","","","64(1)3/GDP/G6D","T",2,0,0,0,0,"F"
0,0,2,2,"BFFBFFS","","","","K","T",1,0,0,0,0,"F"
0,1,1,2,"CFBC","","","","K","T",1,0,0,0,0,"F"
0,2,2,2,"CBBTS","","","","K","T",1,0,0,0,0,"F"
1,0,0,1,".CX","","","","4/F6MD","T",1,0,0,0,0,"F"
1,1,2,1,"BCBX","","","","8/F8XD","T",1,0,0,0,0,"F"
1,2,0,2,"CCFS","","","","K","T",1,0,0,0,0,"F"
0,0,1,0,"BX","","","","53/G5","T",1,0,0,0,0,"T"
0,1,2,1,"BBCX","","","","D9/F9LD","T",0,2,0,0,0,"F"
0,1,1,0,"BX","","gossp001","","S7/L7S.2-H;B-2","T",0,2,0,4,0,"F"
0,1,1,0,"BX","","iglej001","","8/F89","T",1,0,0,2,0,"F"
0,2,1,0,"BX","","iglej001","","HR/F7LD.2-H","T",0,4,0,4,0,"F"
0,2,2,2,"CBCBX","","","","63/G6MD","T",1,0,0,0,0,"F"
1,0,1,2,"FBCX","","","","31/G34","T",1,0,0,0,0,"F"
1,1,1,2,"CSFBFFFFFX","","","","S9/L9LS","T",0,1,0,0,0,"F"
1,1,2,1,"B1BC1X","polaj001","","","S5/G5.1-2","T",0,1,2,0,0,"F"
1,1,3,2,"BBSBSB","donaj001","polaj001","","W.2-3;1-2","T",0,1,2,3,0,"F"
1,1,0,2,"CCC","larnt001","donaj001","polaj001","K","T",1,0,1,2,3,"F"
1,2,1,1,"SBX","larnt001","donaj001","polaj001","8/L8D+","T",1,0,1,2,3,"F"
0,0,1,2,"CBSC","","","","K","T",1,0,0,0,0,"F"
0,1,2,2,"SBBFFX","","","","HR/F7D","T",0,4,0,0,0,"F"
0,1,0,2,"CCS","","","","K","T",1,0,0,0,0,"F"
0,2,0,0,"X","","","","63/G6","T",1,0,0,0,0,"F"
1,0,0,2,"CS*S","","","","K.BX1(23)","T",1,0,0,0,0,"F"
1,1,2,2,"BCSBC","","","","K","T",1,0,0,0,0,"F"
1,2,0,1,"CX","","","","7/L7","T",1,0,0,0,0,"F"
0,0,2,2,"BBCFFX","","","","S9/L89","T",0,1,0,0,0,"F"
0,0,1,1,"FBX","gossp001","","","8/F8S","T",1,0,1,0,0,"F"
0,1,3,2,"BSBBFFB","gossp001","","","W.1-2","T",0,1,2,0,0,"F"
0,1,3,2,"FB*BSBX","uptoj001","gossp001","","8/F8XD.2-3","T",1,0,1,3,0,"F"
0,2,0,0,"X","uptoj001","","gossp001","43/G34","T",1,0,1,0,3,"F"
1,0,0,0,"X","","","","8/L8XD","T",1,0,0,0,0,"F"
1,1,2,2,"CBSBX","","","","D9/L9L","T",0,2,0,0,0,"F"
1,1,2,2,"BFCBFX","","polaj001","","53/G5+","T",1,0,0,2,0,"F"
1,2,0,0,"X","","polaj001","","S9/G4.2-H","T",0,1,0,4,0,"F"
1,2,0,0,"X","larnt001","","","54(1)/FO/G5+.B-1","T",1,1,0,0,0,"F"
0,0,0,0,"X","","","","S8/L8XD+","T",0,1,0,0,0,"F"
0,0,1,1,"MB1B","lagaj001","","","WP.1-2","F",0,0,2,0,0,"F"
0,0,3,2,"MB1B.FBT","","lagaj001","","K","T",1,0,0,2,0,"F"
0,1,0,1,"CX","","lagaj001","","43/G34.2-3","T",1,0,0,3,0,"F"
0,2,0,2,"CCX","","","lagaj001","43/G4","T",1,0,0,0,3,"F"
1,0,0,0,"X","","","","5/L5D+","T",1,0,0,0,0,"F"
1,1,1,2,"CBTC","","","","K","T",1,0,0,0,0,"F"
1,2,3,1,"CBBBX","","","","D7/L7LD","T",0,2,0,0,0,"F"
1,2,0,0,"X","","jeffr002","","13/G4MS","T",1,0,0,2,0,"F"
0,0,0,0,"X","","","","43/G4MD","T",1,0,0,0,0,"F"
0,1,2,2,"BCBFX","","","","8/L89XD","T",1,0,0,0,0,"F"
0,2,2,2,"BCSBS","","","","K","T",1,0,0,0,0,"F"
1,0,1,0,"BX","","","","S9/L9LD+","T",0,1,0,0,0,"F"
1,0,2,1,"1BBC1","keplm001","","","PO1(E1/TH).1-2","F",0,0,2,0,0,"F"
1,0,2,2,"1BBC1.SX","","keplm001","","S7/L78-.2-3","T",0,1,0,3,0,"F"
1,0,1,0,"*BX","polaj001","","keplm001","54(1)3/GDP/G5+.3-H(NR)(UR)","T",2,0,0,0,5,"F"
1,2,2,2,"BFBCX","","","","7/F7S","T",1,0,0,0,0,"F"
0,0,1,0,"BX","","","","53/G56+","T",1,0,0,0,0,"F"
0,1,0,1,"CX","","","","S8/L8","T",0,1,0,0,0,"F"
0,1,1,1,"BF1","marsb002","","","PO1(E1/TH).1-2","F",0,0,2,0,0,"F"
0,1,1,1,"BF1.X","","marsb002","","FC/G1.2X3(1561);B-2","T",1,2,0,0,0,"F"
0,2,2,1,"FBBX","","lagaj001","","23/G2","T",1,0,0,2,0,"F"
1,0,1,1,".FBX","","","","D7/L7LD","T",0,2,0,0,0,"F"
1,0,1,2,"BCFS","","sanom001","","K","T",1,0,0,2,0,"F"
1,1,1,0,"BX","","sanom001","","S9/G34.2-H","T",0,1,0,4,0,"F"
1,1,1,1,"B11F1","gordn001","","","PO1(13)","F",1,0,0,0,0,"F"
1,2,3,2,"B11F1.SFBBX","","","","D8/F9D","T",0,2,0,0,0,"F"
1,2,0,2,"CFX","","jeffr002","","7/F7L","T",1,0,0,2,0,"F"
0,0,0,1,".CX","","","","8/F78","T",1,0,0,0,0,"F"
0,1,3,2,"BCBCBX","","","","S9/L9L","T",0,1,0,0,0,"F"
0,1,0,0,".X","fletd002","","","43/G34D.1-2","T",1,0,2,0,0,"F"
0,2,0,1,"CX","","fletd002","","43/G4M+","T",1,0,0,2,0,"F"
1,0,0,2,"..FFX","","","","153/G6","T",1,0,0,0,0,"F"
1,1,0,2,"CFFFS","","","","K","T",1,0,0,0,0,"F"
1,2,0,0,"X","","","","S7/G6","T",0,1,0,0,0,"F"
1,2,3,2,"CBSF.FB*B>C","donaj001","","","K","T",1,0,1,0,0,"F"
0,0,2,1,".BBCX","","","","D7/G5","T",0,2,0,0,0,"F"
0,0,0,0,"H","","uptoj001","","HP","T",0,1,0,2,0,"F"
0,0,0,0,"X","suzuk001","uptoj001","","8/L8D+","T",1,0,1,2,0,"F"
0,1,3,2,"BBBCFS","suzuk001","uptoj001","","K","T",1,0,1,2,0,"F"
0,2,3,2,"CBFBFB>F>X","suzuk001","uptoj001","","8/F89S","T",1,0,1,2,0,"F"
1,0,3,2,"CBBBFFFB","","","","W","T",0,1,0,0,0,"F"
1,0,1,2,".SBFFFX","sanom001","","","7/L7","T",1,0,1,0,0,"F"
1,1,1,0,"BX","sanom001","","","S7/G6+.1-2","T",0,1,2,0,0,"F"
1,1,0,0,"X","gordn001","sanom001","","S7/G56.2-H;1-H(E2/TH)(NR);B-2","T",0,2,4,4,0,"F"
1,1,1,1,"BCX","","jeffr002","","63/G6","T",1,0,0,2,0,"F"
1,2,2,2,"CB*BSX","","jeffr002","","3/G3","T",1,0,0,2,0,"F"
0,0,3,2,"..CBBCFFBC","","","","K","T",1,0,0,0,0,"F"
0,1,0,2,"SSFX","","","","S8/L78","T",0,1,0,0,0,"F"
0,1,1,2,"F1S*BC","fletd002","","","K","T",1,0,1,0,0,"F"
0,2,0,1,"1CX","fletd002","","","4/P34","T",1,0,1,0,0,"F"
0,0,2,1,"CBBX","","","","63/G6","T",1,0,0,0,0,"T"
0,1,1,0,"BX","","","","D8/L89XD+","T",0,2,0,0,0,"F"
0,1,0,2,"CFX","","ohtas001","","FC6/G56+.2-H(NR)(UR);BX2(64E3)","T",0,2,0,5,0,"F"
0,1,0,1,"CX","","uptoj001","","13/G34S.2-3","T",1,0,0,3,0,"F"
0,2,2,2,"BFCBX","","","uptoj001","D7/L7L.3-H(UR)","T",0,2,0,0,5,"F"
0,2,0,1,"FX","","iglej001","","7/L78D","T",1,0,0,2,0,"F"
1,0,1,1,"CBX","","","","2/P2F-/FL","T",1,0,0,0,0,"F"
1,1,2,2,"CBFBS","","","","K","T",1,0,0,0,0,"F"
1,2,1,1,"SBX","","","","4/L34D","T",1,0,0,0,0,"F"
0,0,3,2,"BSBFBFX","","","","63/G6","T",1,0,0,0,0,"F"
0,1,2,2,"BCBSFS","","","","K","T",1,0,0,0,0,"F"
0,2,1,2,"BCSX","","","","S8/F8S","T",0,1,0,0,0,"F"
0,2,0,0,"X","mayfj001","","","6/F56D","T",1,0,1,0,0,"F"
1,0,3,1,"BBCBB","","","","W","T",0,1,0,0,0,"F"
1,0,1,2,"BFFS","donaj001","","","K","T",1,0,1,0,0,"F"
1,1,0,1,"FX","donaj001","","","9/F9LD","T",1,0,1,0,0,"F"
1,2,2,2,"BBCSX","donaj001","","","13/G6MS","T",1,0,1,0,0,"F"
0,0,0,2,"CCS","","","","K","T",1,0,0,0,0,"F"
0,1,0,0,"X","","","","7/L78","T",1,0,0,0,0,"F"
0,2,3,2,"BFBBCFS","","","","K","T",1,0,0,0,0,"F"
1,0,2,2,"FBSBC","","","","K","T",1,0,0,0,0,"F"
1,1,1,1,"BCX","","","","63/G6","T",1,0,0,0,0,"F"
1,2,0,0,"X","","","","3/G3S-","T",1,0,0,0,0,"F"
0,0,2,2,"CFFBBFX","","","","9/F89D","T",1,0,0,0,0,"F"
0,1,2,0,"BBX","","","","7/F7LD","T",1,0,0,0,0,"F"
0,2,0,1,"SX","","","","63/G6","T",1,0,0,0,0,"F"
1,0,1,2,"CBSS","","","","K","T",1,0,0,0,0,"F"
1,1,1,0,"BH","","","","HP","T",0,1,0,0,0,"F"
1,1,2,2,"BCCBX","keplm001","","","54(1)3/GDP/G56+","T",2,0,0,0,0,"F"
0,0,3,2,"SBFBBX","","","","7/F7LSF/FL","T",1,0,0,0,0,"F"
0,1,3,2,"BFBFBFX","","","","8/F89D","T",1,0,0,0,0,"F"
0,2,1,0,"BX","","","","3/G3","T",1,0,0,0,0,"F"
1,0,2,1,"BBCX","","","","E6/TH/G56+.B-1","T",0,1,0,0,0,"F"
1,0,0,2,"CFS","sanom001","","","K","T",1,0,1,0,0,"F"
1,1,1,2,"FBCC","sanom001","","","K","T",1,0,1,0,0,"F"
1,2,3,2,"BBBCC>F>S","sanom001","","","K","T",1,0,1,0,0,"F"
0,0,2,2,"BCFBX","","","","63/G4D","T",1,0,0,0,0,"F"
0,1,0,1,"CX","","","","7/F78XD","T",1,0,0,0,0,"F"
0,2,0,0,"X","","","","7/L78D+","T",1,0,0,0,0,"F"
1,0,0,1,"SX","","","","3/P3SF/FL","T",1,0,0,0,0,"F"
1,1,2,2,"CBFBFS","","","","K","T",1,0,0,0,0,"F"
1,2,3,2,"CBBFBS","","","","K","T",1,0,0,0,0,"F"
0,0,1,2,"CFBFX","","","","43/G6M","T",1,0,0,0,0,"F"
0,1,1,2,"FCBC","","","","K","T",1,0,0,0,0,"F"
0,2,1,1,"CBH","","","","HP","T",0,1,0,0,0,"F"
0,2,1,2,"FBFFFFX","stasm001","","","3/G3S+","T",1,0,1,0,0,"F"
1,0,2,1,"CBBX","","","","3/G3","T",1,0,0,0,0,"F"
1,1,0,0,"X","","","","7/F78","T",1,0,0,0,0,"F"
1,2,3,2,"BSFBBS","","","","K","T",1,0,0,0,0,"F"
0,0,0,0,".X","","","","8/L8XD+","T",1,0,0,0,0,"F"
0,1,1,1,"CBX","","","","5/P6S-","T",1,0,0,0,0,"F"
0,2,1,2,"BCCX","","","","D9/L9LD+","T",0,2,0,0,0,"F"
0,2,1,0,"BX","","ohtas001","","31/G34","T",1,0,0,2,0,"F"
1,0,0,2,".CSFS","","","","K","T",1,0,0,0,0,"F"
1,1,1,0,"BH","","","","HP","T",0,1,0,0,0,"F"
1,1,0,2,"FSS","larnt001","","","K","T",1,0,1,0,0,"F"
1,2,0,0,"X","larnt001","","","64(1)/FO/G6D.B-1","T",1,1,0,0,0,"F"
0,0,2,2,"SCBFBS","","","","K","T",1,0,0,0,0,"F"
0,1,0,1,".SX","","","","53/G56","T",1,0,0,0,0,"F"
0,2,3,2,"SBSFBBFX","","","","7/L7D+","T",1,0,0,0,0,"F"
1,0,2,2,"SBSBS","","","","K","T",1,0,0,0,0,"F"
1,1,0,0,"X","","","","D9/L9L","T",0,2,0,0,0,"F"
1,1,0,1,"FX","","rookb001","","9/F9LS","T",1,0,0,2,0,"F"
1,2,0,0,".X","","rookb001","","D7/L7LD+.2-H","T",0,2,0,4,0,"F"
1,2,3,2,".CBSB*BT","","gordn001","","K","T",1,0,0,2,0,"F"
0,0,1,0,"BX","","","","3/G34S","T",1,0,0,0,0,"T"
0,1,0,2,"CSFX","","","","S4/G4","T",0,1,0,0,0,"F"
0,1,0,1,"F1>X","ohtas001","","","8/F8","T",1,0,1,0,0,"F"
0,2,2,1,"BBF1>S","ohtas001","","","CS2(26)","F",1,0,0,0,0,"F"
1,0,3,2,"BBCFBFX","","","","HR/F9LD","T",0,4,0,0,0,"F"
1,0,0,0,"X","","","","HR/F7D","T",0,4,0,0,0,"F"
1,0,2,2,"FFBFBX","","","","3/P3F/FL","T",1,0,0,0,0,"F"
1,1,0,0,"X","","","","63/G56+","T",1,0,0,0,0,"F"
1,2,2,2,"CBCBT","","","","K","T",1,0,0,0,0,"F"
0,0,0,0,"X","","","","7/F78","T",1,0,0,0,0,"F"
0,1,1,2,"CBCX","","","","8/F8XD","T",1,0,0,0,0,"F"
0,2,3,2,"BBBCFB","","","","W","T",0,1,0,0,0,"F"
0,2,1,1,"B1FX","marsb002","","","T89/F89XD.1-H","T",0,3,4,0,0,"F"
0,2,2,2,"SFBFBC","","","stasm001","K","T",1,0,0,0,3,"F"
1,0,1,0,"BX","","","","8/F78","T",1,0,0,0,0,"F"
1,1,1,1,"BFX","","","","7/L7","T",1,0,0,0,0,"F"
1,2,1,2,"CTFBFC","","","","K","T",1,0,0,0,0,"F"
0,0,3,2,"BBCBSS","","","","K","T",1,0,0,0,0,"F"
0,1,0,0,"X","","","","9/L9","T",1,0,0,0,0,"F"
0,2,0,2,"FFF*S","","","","K","T",1,0,0,0,0,"F"
1,0,3,2,"FCFBBBB","","","","W","T",0,1,0,0,0,"F"
1,0,2,2,"1CBSBF1X","simma001","","","9/F89D","T",1,0,1,0,0,"F"
1,1,0,0,"X","simma001","","","4/L34D-","T",1,0,1,0,0,"F"
1,2,1,2,"BFCX","simma001","","","64(1)/FO/G6+.B-1","T",1,1,0,0,0,"F"
0,0,3,2,"BBBCSX","","","","53/G56","T",1,0,0,0,0,"F"
0,1,0,0,"X","","","","13/G2-","T",1,0,0,0,0,"F"
0,2,0,1,"SX","","","","63/G56D+","T",1,0,0,0,0,"F"
1,0,1,2,"SFBC","","","","K","T",1,0,0,0,0,"F"
1,1,1,1,"CBX","","","","S4/G4","T",0,1,0,0,0,"F"
1,1,0,1,"1>FX","cavej001","","","53/G5.1-2","T",1,0,2,0,0,"F"
1,2,0,1,"SX","","cavej001","","9/L89D","T",1,0,0,2,0,"F"
0,0,3,2,"CSFBBBFS","","","","K","T",1,0,0,0,0,"F"
0,1,0,1,"CX","","","","HR/F7LD","T",0,4,0,0,0,"F"
0,1,1,0,"BX","","","","4/L34D+","T",1,0,0,0,0,"F"
0,2,1,1,"FBX","","","","63/G56","T",1,0,0,0,0,"F"
1,0,1,2,"BFFT","","","","K","T",1,0,0,0,0,"F"
1,1,1,1,"CBX","","","","13/G6MS","T",1,0,0,0,0,"F"
1,2,1,1,"FBX","","","","S8/L8D+","T",0,1,0,0,0,"F"
1,2,0,1,"C1X","keplm001","","","9/F89","T",1,0,1,0,0,"F"
0,0,0,0,"X","","","","31/G4S","T",1,0,0,0,0,"F"
0,1,1,0,".BX","","","","HR/F9LD","T",0,4,0,0,0,"F"
0,1,1,2,"CBFFT","","","","K","T",1,0,0,0,0,"F"
0,2,0,2,"LCX","","","","63/G4D","T",1,0,0,0,0,"F"
1,0,3,0,"BBBB","","","","W","T",0,1,0,0,0,"F"
1,0,2,2,"FBFBX","donaj001","","","54(1)3/GDP/G5D","T",2,0,0,0,0,"F"
1,2,2,1,"BBCX","","","","E4/G34D.B-1","T",0,1,0,0,0,"F"
1,2,0,0,"X","cavej001","","","2/P2F/FL","T",1,0,1,0,0,"F"
0,0,1,2,"BFFX","","","","9/F9D","T",1,0,0,0,0,"F"
0,1,1,0,"BX","","","","3/G34","T",1,0,0,0,0,"F"
0,2,0,0,"X","","","","8/F8","T",1,0,0,0,0,"F"
1,0,0,1,"FX","","","","7/L7L","T",1,0,0,0,0,"F"
1,1,3,1,".BFBBX","","","","43/G34D","T",1,0,0,0,0,"F"
1,2,0,1,"FX","","","","8/F89XD","T",1,0,0,0,0,"F"
0,0,0,0,"..X","","","","S3/BG23-","T",0,1,0,0,0,"F"
0,0,1,1,".B*S11X","eatoa002","","","13/SH/BG1S.1-2","T",1,0,2,0,0,"F"
0,1,0,0,"X","","eatoa002","","3/G34.2-3","T",1,0,0,3,0,"F"
0,2,3,0,"VVVV","","","eatoa002","IW","T",0,1,0,0,3,"F"
0,2,1,2,"*BS>F>*B","ohtas001","","eatoa002","SB2","F",0,0,2,0,3,"F"
0,2,3,2,"*BS>F>*B.*BX","","ohtas001","eatoa002","53/G56","T",1,0,0,2,3,"F"
1,0,2,2,"..BBCFS","","","","K","T",1,0,0,0,0,"F"
1,1,0,0,"X","","","","3/G3","T",1,0,0,0,0,"F"
1,2,3,0,"BBBB","","","","W","T",0,1,0,0,0,"F"
1,2,0,2,"FSS","donaj001","","","K","T",1,0,1,0,0,"F"
0,0,0,1,".FX","","","","43/G3D+","T",1,0,0,0,0,"F"
0,1,1,2,"BCFX","","","","S9/G4","T",0,1,0,0,0,"F"
0,1,0,2,"C1F>X","iglej001","","","D9/L89.1-H","T",0,2,4,0,0,"F"
0,1,0,0,"X","","marsb002","","S9/L9S.2-H","T",0,1,0,4,0,"F"
0,1,1,1,"CBX","stasm001","","","36(1)/FO/G3S.B-1","T",1,1,0,0,0,"F"
0,2,3,0,"1BBB>C","eatoa002","","","SB2","F",0,0,2,0,0,"F"
0,2,3,2,"1BBB>C.FX","","eatoa002","","D8/F89XD.2-H","T",0,2,0,4,0,"F"
0,2,2,2,"FFBBX","","mayfj001","","5/L5","T",1,0,0,2,0,"F"
1,0,2,2,".BCSBC","","","","K","T",1,0,0,0,0,"F"
1,1,0,1,"FX","","","","3/P4MS","T",1,0,0,0,0,"F"
1,2,3,2,"CBCBBX","","","","7/L7LD+","T",1,0,0,0,0,"F"
0,0,1,1,"BSX","","","","DGR/L8XD+","T",0,2,0,0,0,"T"
0,0,0,2,"CFFS","","badda001","","K","T",1,0,0,2,0,"F"
0,1,0,2,"SF*S","","badda001","","K","T",1,0,0,2,0,"F"
0,2,3,2,"CFBBBFFFS","","badda001","","K","T",1,0,0,2,0,"F"
1,0,0,0,"X","","","","3/P3SF/FL","T",1,0,0,0,0,"F"
1,1,1,2,"CSBFFS","","","","K","T",1,0,0,0,0,"F"
1,2,1,2,"CBFX","","","","43/G34D","T",1,0,0,0,0,"F"
0,0,3,2,"BCBBFS","","","","K","T",1,0,0,0,0,"F"
0,1,1,1,"BFX","","","","63/G6M","T",1,0,0,0,0,"F"
0,2,0,0,"X","","","","S9/L89D+","T",0,1,0,0,0,"F"
0,2,1,0,"1BX","castw003","","","S6/G56.1X3(635)","T",1,1,0,0,0,"F"
1,0,0,1,"CX","","","","S9/G3+","T",0,1,0,0,0,"F"
1,0,2,1,"CBBX","donaj001","","","D8/F8D+.1-H","T",0,2,4,0,0,"F"
1,0,0,2,"FCX","","garvm001","","63/G6MD+.2-3","T",1,0,0,3,0,"F"
1,1,3,2,"FBBFBS","","","garvm001","K","T",1,0,0,0,3,"F"
1,2,0,0,"X","","","garvm001","3/G3","T",1,0,0,0,3,"F"
0,0,0,0,"X","","","","53/G6S","T",1,0,0,0,0,"F"
0,1,1,0,"BX","","","","8/L8D","T",1,0,0,0,0,"F"
0,2,2,2,"BBFSX","","","","63/G6M","T",1,0,0,0,0,"F"
1,0,0,0,"X","","","","63/G6","T",1,0,0,0,0,"F"
1,1,2,0,"BBX","","","","31/G3","T",1,0,0,0,0,"F"
1,2,2,2,"BBFFH","","","","HP","T",0,1,0,0,0,"F"
1,2,0,1,"FX","rookb001","","","7/L78D","T",1,0,1,0,0,"F"
0,0,1,2,"FFBX","","","","143/G6M+","T",1,0,0,0,0,"F"
0,1,1,2,"CFBX","","","","53/G6S","T",1,0,0,0,0,"F"
0,2,1,1,"BSX","","","","9/F9D","T",1,0,0,0,0,"F"
1,0,0,1,"CX","","","","7/F7","T",1,0,0,0,0,"F"
1,1,1,1,"CBX","","","","D7/L7LD+","T",0,2,0,0,0,"F"
1,1,3,2,"CBBSFB*S","","garvm001","","K.BX1(23)","T",1,0,0,2,0,"F"
1,2,0,1,"FX","","garvm001","","S7/G5.2-H","T",0,1,0,4,0,"F"
1,2,1,2,"BFF>B","sanom001","","","CS2(26)","F",1,0,0,0,0,"F"
0,0,2,2,"CSBBF*S","","","","K","T",1,0,0,0,0,"F"
0,1,1,2,"CSFBS","","","","K","T",1,0,0,0,0,"F"
0,2,0,1,"CX","","","","7/F7D","T",1,0,0,0,0,"F"
1,0,2,2,"CFFBBT","","","","K","T",1,0,0,0,0,"F"
1,1,2,1,"FBBX","","","","53/G5","T",1,0,0,0,0,"F"
1,2,0,0,"X","","","","7/F7","T",1,0,0,0,0,"F"
0,0,1,1,"CBX","","","","8/F8XD+","T",1,0,0,0,0,"F"
0,1,0,2,"CCX","","","","8/L8D","T",1,0,0,0,0,"F"
0,2,3,1,"BSBBX","","","","S8/G6+","T",0,1,0,0,0,"F"
0,2,1,0,"*BX","schoj001","","","HR/F9D.1-H","T",0,4,4,0,0,"F"
0,2,3,2,"BBCBFFFFX","","","","3/G3","T",1,0,0,0,0,"F"
1,0,1,0,"BX","","","","HR/F7D","T",0,4,0,0,0,"F"
1,0,3,1,"CBBB*B","","","","W","T",0,1,0,0,0,"F"
1,0,0,1,".FX","polaj001","","","HR/F8XD.1-H","T",0,4,4,0,0,"F"
1,0,2,1,"CBBX","","","","6/F5D","T",1,0,0,0,0,"F"
1,1,0,0,"X","","","","7/F7S","T",1,0,0,0,0,"F"
1,2,3,2,"CBFBB*B","","","","W","T",0,1,0,0,0,"F"
1,2,2,0,"BBX","sanom001","","","S8/G4M.1X3(85)","T",1,1,0,0,0,"F"
0,0,2,1,".BBFX","","","","HR/F7D","T",0,4,0,0,0,"F"
0,0,1,0,"BX","","","","43/G34","T",1,0,0,0,0,"F"
0,1,1,2,"FBCX","","","","53/G6MD","T",1,0,0,0,0,"F"
0,2,0,0,"X","","","","63/G4D","T",1,0,0,0,0,"F"
1,0,1,0,".BX","","","","S9/L89D+","T",0,1,0,0,0,"F"
1,0,0,0,"X","simma001","","","8/F8XD","T",1,0,1,0,0,"F"
1,1,0,0,"X","simma001","","","8/F89+","T",1,0,1,0,0,"F"
1,2,3,1,"1BCBBX","simma001","","","S4/G3.1-2","T",0,1,2,0,0,"F"
1,2,0,0,".B","polaj001","simma001","","WP.2-3","F",0,0,1,3,0,"F"
1,2,1,0,".B.B","polaj001","","simma001","WP.1-2","F",0,0,2,0,3,"F"
1,2,2,0,".B.B.X","","polaj001","simma001","53/G56","T",1,0,0,2,3,"F"
0,0,0,0,".X","","","","7/F7L","T",1,0,0,0,0,"F"
0,1,0,1,"CX","","","","43/G34","T",1,0,0,0,0,"F"
0,2,3,2,"CBBCBB","","","","W","T",0,1,0,0,0,"F"
0,2,1,2,"BCFX","schoj001","","","64(1)/FO/G6.B-1","T",1,1,0,0,0,"F"
1,0,1,1,"BFH","","","","HP","T",0,1,0,0,0,"F"
1,0,1,2,"FSFBS","garvm001","","","K","T",1,0,1,0,0,"F"
1,1,0,1,"S>B","garvm001","","","CS2(24)","F",1,0,0,0,0,"F"
1,2,2,2,"S>B.SBX","","","","D8/L78XD+","T",0,2,0,0,0,"F"
1,2,3,1,"CB*BBB","","sanom001","","W+WP.2-3","T",0,1,0,3,0,"F"
1,2,2,0,"BBX","cavej001","","sanom001","8/L89XD","T",1,0,1,0,3,"F"
0,0,3,2,"...CFBBB.FFX","","","","S9/L9L","T",0,1,0,0,0,"F"
0,0,2,2,"BBCSS","candj002","","","K","T",1,0,1,0,0,"F"
0,1,0,0,".X","candj002","","","HR/F9D.1-H","T",0,4,4,0,0,"F"
0,1,0,2,"FSFX","","","","13/L4MS","T",1,0,0,0,0,"F"
0,2,1,1,"BSX","","","","7/F7D","T",1,0,0,0,0,"F"
1,0,2,1,"...BFBX","","","","7/L7","T",1,0,0,0,0,"F"
1,1,3,0,"BBBB","","","","W","T",0,1,0,0,0,"F"
1,1,0,2,".F1S.FFS","celeg001","","","K","T",1,0,1,0,0,"F"
1,2,3,1,"*BB*BC*B","celeg001","","","W.1-2","T",0,1,2,0,0,"F"
1,2,1,1,"CBB","donaj001","celeg001","","WP.2-3;1-2","F",0,0,2,3,0,"F"
1,2,3,1,"CBB.BB","","donaj001","celeg001","W","T",0,1,0,2,3,"F"
1,2,0,2,".CFS","garvm001","donaj001","celeg001","K","T",1,0,1,2,3,"F"
0,0,1,2,"...CFF*BX","","shorz001","","5/L56","T",1,0,0,2,0,"F"
0,1,0,2,"FSX","","shorz001","","8/F78D","T",1,0,0,2,0,"F"
0,2,2,2,"BBSCC","","shorz001","","K","T",1,0,0,2,0,"F"
1,0,2,2,"..BFCBS","","maedk001","","K","T",1,0,0,2,0,"F"
1,1,2,0,"BBX","","maedk001","","7/L78","T",1,0,0,2,0,"F"
1,2,3,2,"BBCFBB","","maedk001","","W","T",0,1,0,2,0,"F"
1,2,0,1,"FX","simma001","maedk001","","S8/L89.2-H(UR);1-2","T",0,1,2,5,0,"F"
0,0,1,0,"BX","","","","D9/F9D","T",0,2,0,0,0,"T"
0,0,1,1,"SBX","","badda001","","63/G6D.2-3","T",1,0,0,3,0,"F"
0,1,3,1,"*BBBCB","","","badda001","W","T",0,1,0,0,3,"F"
0,1,0,2,"FSX","grosr001","","badda001","64(1)3/GDP/G6","T",2,0,0,0,3,"F"
1,0,0,0,"X","","","","S7/G56+","T",0,1,0,0,0,"F"
1,0,2,0,"BBX","polaj001","","","S8/L8.1-2","T",0,1,2,0,0,"F"
1,0,3,0,"BBBB","rookb001","polaj001","","W.2-3;1-2","T",0,1,2,3,0,"F"
1,0,1,0,"BX","donaj001","rookb001","polaj001","HR/F78XD.3-H;2-H;1-H","T",0,4,4,4,4,"F"
1,0,1,1,"FBX","","","","6/F78S","T",1,0,0,0,0,"F"
1,1,3,2,"CBFBBX","","","","S7/L78D+","T",0,1,0,0,0,"F"
1,1,0,1,"CX","sanom001","","","64(1)3/GDP/G6","T",2,0,0,0,0,"F"
0,0,2,0,"BBX","","","","S9/G4","T",0,1,0,0,0,"F"
0,0,1,2,"CSBS","candj002","","","K","T",1,0,1,0,0,"F"
0,1,1,2,"BCSX","candj002","","","4/L34D/DP.1X1(43)","T",2,0,0,0,0,"F"
1,0,0,0,"X","","","","9/L9L","T",1,0,0,0,0,"F"
1,1,0,1,"CX","","","","5/P5F/FL","T",1,0,0,0,0,"F"
1,2,1,2,"BFFS","","","","K","T",1,0,0,0,0,"F"
0,0,0,1,"CX","","","","7/L7","T",1,0,0,0,0,"F"
0,1,3,2,"CFBFBFBS","","","","K","T",1,0,0,0,0,"F"
0,2,1,0,"BX","","","","HR/F9D","T",0,4,0,0,0,"F"
0,2,1,1,"FBX","","","","6/L6S-","T",1,0,0,0,0,"F"
1,0,0,1,"CX","","","","DGR/L78XD+","T",0,2,0,0,0,"F"
1,0,2,1,"BFBX","","rookb001","","63/G6D","T",1,0,0,2,0,"F"
1,1,3,2,"BCFBBX","","rookb001","","8/L8XD","T",1,0,0,2,0,"F"
1,2,2,2,"B*BCFX","","rookb001","","7/F78S","T",1,0,0,2,0,"F"
0,0,1,0,"BX","","","","7/F78D","T",1,0,0,0,0,"F"
0,1,3,1,"BBBCX","","","","9/F9D","T",1,0,0,0,0,"F"
0,2,0,1,"FX","","","","8/F8XD","T",1,0,0,0,0,"F"
1,0,1,2,"FBCX","","","","9/F89XD","T",1,0,0,0,0,"F"
1,1,0,0,"X","","","","HR/L7LD","T",0,4,0,0,0,"F"
1,1,0,2,"CCT","","","","K","T",1,0,0,0,0,"F"
1,2,0,2,"CFX","","","","7/L7L","T",1,0,0,0,0,"F"
0,0,3,2,"BBFSBC","","","","K","T",1,0,0,0,0,"F"
0,1,1,2,"BSSFS","","","","K","T",1,0,0,0,0,"F"
0,2,0,1,"CX","","","","43/G4","T",1,0,0,0,0,"F"
1,0,2,2,".CBFBC","","","","K","T",1,0,0,0,0,"F"
1,1,0,0,"X","","","","S7/F78S","T",0,1,0,0,0,"F"
1,1,0,0,"X","rookb001","","","64(1)3/GDP/G6","T",2,0,0,0,0,"F"
0,0,0,2,"FCS","","","","K","T",1,0,0,0,0,"F"
0,1,2,2,"BTCBX","","","","43/G34D","T",1,0,0,0,0,"F"
0,2,1,2,"CSBFX","","","","3/G34+","T",1,0,0,0,0,"F"
1,0,2,2,".CBBCX","","","","63/G6D","T",1,0,0,0,0,"F"
1,1,1,2,"FBCS","","","","K","T",1,0,0,0,0,"F"
1,2,3,0,"BBBB","","","","W","T",0,1,0,0,0,"F"
1,2,0,2,"FFFX","sanom001","","","64(1)/FO/G6.B-1","T",1,1,0,0,0,"F"
0,0,1,2,"CSBX","","","","S7/L78D","T",0,1,0,0,0,"F"
0,0,3,2,"BBBCC*B","grosr001","","","W.1-2","T",0,1,2,0,0,"F"
0,0,0,2,"FFFFFFX","cabrm001","grosr001","","46(1)/FO/G4.2-3;B-1","T",1,1,0,3,0,"F"
0,1,1,0,".BX","candj002","","grosr001","54(1)3/GDP/G56","T",2,0,0,0,3,"F"
1,0,1,2,".BFSS","","","","K","T",1,0,0,0,0,"F"
1,1,2,2,"BFBFX","","","","143/G4","T",1,0,0,0,0,"F"
1,2,0,1,"CX","","","","D9/L9+","T",0,2,0,0,0,"F"
1,2,1,1,"BFX","","polaj001","","9/F9LSF/FL","T",1,0,0,2,0,"F"
0,0,0,1,"..FX","","","","S9/L9L+","T",0,1,0,0,0,"F"
0,0,0,2,"CF1","castw003","","","PO1(E1/TH).1-2","F",0,0,2,0,0,"F"
0,0,0,2,"CF1.X","","castw003","","7/F7","T",1,0,0,2,0,"F"
0,1,0,2,"..SSFX","","castw003","","63/G6MD.2-3","T",1,0,0,3,0,"F"
0,2,3,2,"FSBBBX","","","castw003","13/G15-","T",1,0,0,0,3,"F"
1,0,1,1,".BCX","","","","7/F78D","T",1,0,0,0,0,"F"
1,1,3,2,"CBBSFFBX","","","","8/F78XD","T",1,0,0,0,0,"F"
1,2,0,2,"FFS","","","","K","T",1,0,0,0,0,"F"
0,0,1,1,".BFX","","","","9/L89D","T",1,0,0,0,0,"F"
0,1,2,2,"FBFBX","","","","S8/G6M","T",0,1,0,0,0,"F"
0,1,0,1,"CX","grosr001","","","D8/F89XD+.1-3","T",0,2,3,0,0,"F"
0,1,3,2,"*BBBCSB","","cabrm001","grosr001","W","T",0,1,0,2,3,"F"
0,1,3,2,"CBBFFBFX","candj002","cabrm001","grosr001","HR/F9LD.3-H;2-H;1-H","T",0,4,4,4,4,"F"
0,1,2,2,"BFBTX","","","","63/G4","T",1,0,0,0,0,"F"
0,2,3,2,".BSBBFFFX","","","","9/F9L","T",1,0,0,0,0,"F"
1,0,1,0,".BX","","","","7/F7","T",1,0,0,0,0,"F"
1,1,0,0,"H","","","","HP","T",0,1,0,0,0,"F"
1,1,2,2,".*BCBSS","astuw001","","","K","T",1,0,1,0,0,"F"
1,2,3,2,"BCBBC>B","astuw001","","","W.1-2","T",0,1,2,0,0,"F"
1,2,1,1,"*BFX","simma001","astuw001","","6/P6MD","T",1,0,1,2,0,"F"
0,0,1,2,"...LBLX","","reyev001","","54/SH/BG2-.2-3","T",1,0,0,3,0,"F"
0,1,1,2,"BSLC","","","reyev001","K","T",1,0,0,0,3,"F"
0,2,0,0,".X","","","reyev001","63/G6D","T",1,0,0,0,3,"F"
1,0,0,0,"..X","","polaj001","","43/G4.2-3","T",1,0,0,3,0,"F"
1,1,3,0,"VVVV","","","polaj001","IW","T",0,1,0,0,3,"F"
1,1,2,0,"BBH","donaj001","","polaj001","HP.1-2","T",0,1,2,0,3,"F"
1,1,1,2,".FFBS","jeffr002","donaj001","polaj001","K","T",1,0,1,2,3,"F"
1,2,0,2,"FSS","jeffr002","donaj001","polaj001","K","T",1,0,1,2,3,"F"
0,0,1,1,"..FBX","","schoj001","","8/F89XD+.2-3","T",1,0,0,3,0,"F"
0,1,0,0,"X","","","schoj001","S8/G6M.3-H(UR)","T",0,1,0,0,5,"F"
0,1,0,0,".11","hilld002","","","PO1(13)","F",1,0,0,0,0,"F"
0,2,3,2,".11.FBSBBT","","","","K","T",1,0,0,0,0,"F"
1,0,0,1,"....CX","","sanom001","","FC/G56S.2X3(6545);B-2","T",1,2,0,0,0,"F"
1,1,1,0,"BX","","astuw001","","43/G4.2-3","T",1,0,0,3,0,"F"
1,2,1,0,"BX","","","astuw001","63/G6","T",1,0,0,0,3,"F"
0,0,1,2,"CFBFFFFX","","","","S7/F78S","T",0,1,0,0,0,"T"
0,0,2,2,"B1BCFX","badda001","","","13/G1S.1-2","T",1,0,2,0,0,"F"
0,1,2,2,"CBBSC","","badda001","","K","T",1,0,0,2,0,"F"
0,2,3,1,"BBBCB","","badda001","","W","T",0,1,0,2,0,"F"
0,2,2,2,"FSB*B*S","haase001","badda001","","K","T",1,0,1,2,0,"F"
1,0,3,2,"BBCBFFC","","","","K","T",1,0,0,0,0,"F"
1,1,0,0,"X","","","","9/F9LSF/FL","T",1,0,0,0,0,"F"
1,2,3,1,"BBBCX","","","","3/G3","T",1,0,0,0,0,"F"
0,0,1,2,"CBSX","","","","7/F7LD","T",1,0,0,0,0,"F"
0,1,0,0,"X","","","","S8/L8","T",0,1,0,0,0,"F"
0,1,0,0,"X","castw003","","","S9/L9.1-2","T",0,1,2,0,0,"F"
0,1,1,0,"BX","casth001","castw003","","S7/G56.2-H;1-2","T",0,1,2,4,0,"F"
0,1,3,2,"SCB*BBX","greig001","casth001","","56(1)/FO/G56.2-3;B-1","T",1,1,0,3,0,"F"
0,2,0,0,"X","badda001","","casth001","S3/BG2-.3-H;1-2","T",0,1,2,0,4,"F"
0,2,3,2,"SBBSB>B","hilld002","badda001","","W.2-3;1-2","T",0,1,2,3,0,"F"
0,2,0,0,"X","grosr001","hilld002","badda001","9/F9LD","T",1,0,1,2,3,"F"
1,0,3,1,"BBFBB","","","","W","T",0,1,0,0,0,"F"
1,0,1,2,"CBFX","sanom001","","","7/L7D","T",1,0,1,0,0,"F"
1,1,0,0,"X","sanom001","","","S9/L9.1-2","T",0,1,2,0,0,"F"
1,1,3,2,"BSFB*BFX","astuw001","sanom001","","46(1)/FO/G4.2-3;B-1","T",1,1,0,3,0,"F"
1,2,3,0,"B*BBB","gordn001","","sanom001","W.1-2","T",0,1,2,0,3,"F"
1,2,1,2,"BCFFX","jeffr002","gordn001","sanom001","64(1)/FO/G6.B-1","T",1,1,0,2,3,"F"
0,0,0,1,"CX","","","","53/G5","T",1,0,0,0,0,"F"
0,1,1,1,"CBX","","","","7/F7D","T",1,0,0,0,0,"F"
0,2,1,1,"BFX","","","","5/L56+","T",1,0,0,0,0,"F"
1,0,2,2,"FBBCX","","","","7/F7D","T",1,0,0,0,0,"F"
1,1,2,0,"BBX","","","","63/G6","T",1,0,0,0,0,"F"
1,2,0,0,"X","","","","3/G3+","T",1,0,0,0,0,"F"
0,0,0,1,"CX","","","","S8/L8D+","T",0,1,0,0,0,"F"
0,0,3,2,"B*BBCFB","casth001","","","W.1-2","T",0,1,2,0,0,"F"
0,0,1,2,"LFBX","greig001","casth001","","D9/G3.2-H;1-3","T",0,2,3,4,0,"F"
0,0,1,1,"FBX","","badda001","greig001","S46/G4M.3-H;2-3","T",0,1,0,3,4,"F"
0,0,2,1,"1BBFX","hilld002","","badda001","S9/L9S.3-H;1-2","T",0,1,2,0,4,"F"
0,0,3,1,"BBFBB","grosr001","hilld002","","W.2-3;1-2","T",0,1,2,3,0,"F"
0,0,3,2,"BFC*BBX","haase001","grosr001","hilld002","D7/L78XD+.3-H;2-H;1-3","T",0,2,3,4,4,"F"
0,0,1,2,".FBFX","","candj002","haase001","8/SF/F89XD.3-H;2-3","T",1,0,0,3,4,"F"
0,1,0,2,"FFX","","","candj002","T8/F89XD.3-H","T",0,3,0,0,4,"F"
0,1,0,1,"FX","","","castw003","8/SF/F8D.3-H","T",1,0,0,0,4,"F"
0,2,2,2,"BSBFX","","","","63/G56","T",1,0,0,0,0,"F"
1,0,2,2,"CFBBX","","","","HR/F8XD","T",0,4,0,0,0,"F"
1,0,1,1,"BCX","","","","S9/F9D+","T",0,1,0,0,0,"F"
1,0,0,0,"X","larnt001","","","S9/L9L.1-2","T",0,1,2,0,0,"F"
1,0,2,0,"BBX","astuw001","larnt001","","S8/L8S.2-3;1-2","T",0,1,2,3,0,"F"
1,0,2,2,"FBBSFFX","gordn001","astuw001","larnt001","HR/F8XD.3-H;2-H;1-H","T",0,4,4,4,4,"F"
1,0,3,2,"BBCBCX","","","","9/L9LD","T",1,0,0,0,0,"F"
1,1,0,2,"SSH","","","","HP","T",0,1,0,0,0,"F"
1,1,2,1,".FBBX","keplm001","","","S5/G5+.1-2","T",0,1,2,0,0,"F"
1,1,1,2,"CF*BX","rookb001","keplm001","","S6/G4M.2-3;1-2","T",0,1,2,3,0,"F"
1,1,1,0,"BX","polaj001","rookb001","keplm001","S7/G56.3-H;2-3;1-2","T",0,1,2,3,4,"F"
1,1,3,2,"CCBBBT","sanom001","polaj001","rookb001","K","T",1,0,1,2,3,"F"
1,2,2,1,"BF*BX","sanom001","polaj001","rookb001","64(1)/FO/G6.B-1","T",1,1,0,2,3,"F"
0,0,3,2,"BBFBSB","","","","W","T",0,1,0,0,0,"F"
0,0,0,1,"1C1>B","badda001","","","CS2(24)","F",1,0,0,0,0,"F"
0,1,3,2,"1C1>B.BSBS","","","","K","T",1,0,0,0,0,"F"
0,2,2,0,"BBX","","","","8/F89D","T",1,0,0,0,0,"F"
1,0,1,1,".BFX","","","","S3/G34S","T",0,1,0,0,0,"F"
1,0,3,2,"F*B1BBFB","gordn001","","","W.1-2","T",0,1,2,0,0,"F"
1,0,3,2,"BBC2FBX","jeffr002","gordn001","","46(1)/FO/G4.2-3;B-1","T",1,1,0,3,0,"F"
1,1,2,0,"BBX","simma001","","gordn001","5/P5F/FL","T",1,0,1,0,3,"F"
1,2,3,1,"BBCBB","simma001","","gordn001","W.1-2","T",0,1,2,0,3,"F"
1,2,0,2,"SSS","rookb001","simma001","gordn001","K","T",1,0,1,2,3,"F"
0,0,3,2,"BFBCBB","","","","W","T",0,1,0,0,0,"F"
0,0,3,2,"FBBFB>B","haase001","","","W.1-2","T",0,1,2,0,0,"F"
0,0,0,1,"CX","candj002","haase001","","D7/G5.2-H;1-3","T",0,2,3,4,0,"F"
0,0,2,2,"FFFBBX","","shorz001","candj002","8/SF/F78.3-H","T",1,0,0,2,4,"F"
0,1,0,0,"X","","shorz001","","8/F8","T",1,0,0,2,0,"F"
0,2,0,0,"B","","shorz001","","PB.2-3","F",0,0,0,3,0,"F"
0,2,2,1,"B.BCX","","","shorz001","D8/F89XD+.3-H","T",0,2,0,0,4,"F"
0,2,3,2,"BSBSFFF*BX","","greig001","","43/G34","T",1,0,0,2,0,"F"
1,0,3,1,".BFBBX","","","","8/F8","T",1,0,0,0,0,"F"
1,1,0,1,"CX","","","","6/F6D","T",1,0,0,0,0,"F"
1,2,3,2,"BFBBCX","","","","3/P13","T",1,0,0,0,0,"F"
0,0,1,1,".CBX","","","","9/F9LD","T",1,0,0,0,0,"F"
0,1,2,0,"BBX","","","","7/F7","T",1,0,0,0,0,"F"
0,2,1,1,"BSX","","","","43/G4","T",1,0,0,0,0,"F"
1,0,0,1,"TX","","","","3/G3D","T",1,0,0,0,0,"F"
1,1,2,2,"SSBBS","","","","K","T",1,0,0,0,0,"F"
1,2,1,1,"TBX","","","","53/G56S","T",1,0,0,0,0,"F"
0,0,0,1,"FX","","","","63/G4MS","T",1,0,0,0,0,"F"
0,1,1,2,"FCBS","","","","K","T",1,0,0,0,0,"F"
0,2,0,0,"X","","","","13/G1S","T",1,0,0,0,0,"F"
1,0,2,0,"BBX","","","","HR/F9D","T",0,4,0,0,0,"F"
1,0,2,2,"SBBSX","","","","HR/F7D","T",0,4,0,0,0,"F"
1,0,3,2,"BCFBBB","","","","W","T",0,1,0,0,0,"F"
1,0,0,0,".X","polaj001","","","HR/F7D.1-H","T",0,4,4,0,0,"F"
1,0,1,0,"BX","","","","7/F78","T",1,0,0,0,0,"F"
1,1,0,1,"SX","","","","D8/L78XD+","T",0,2,0,0,0,"F"
1,1,1,2,"FSBF*S","","astuw001","","K","T",1,0,0,2,0,"F"
1,2,0,0,"X","","astuw001","","HR/F78XD.2-H","T",0,4,0,4,0,"F"
1,2,3,1,".SBBBB","","","","W","T",0,1,0,0,0,"F"
1,2,2,2,".CBSBF>C","cavej001","","","K","T",1,0,1,0,0,"F"
0,0,0,2,"...CFT","","","","K","T",1,0,0,0,0,"F"
0,1,3,2,"SBFBBB","","","","W","T",0,1,0,0,0,"F"
0,1,1,2,"BLSS","greig001","","","K","T",1,0,1,0,0,"F"
0,2,0,0,"X","greig001","","","S7/L7+.1-2","T",0,1,2,0,0,"F"
0,2,3,0,"BBBB","hilld002","greig001","","W.2-3;1-2","T",0,1,2,3,0,"F"
0,2,2,0,"BBX","grosr001","hilld002","greig001","D7/G5+.3-H;2-H;1-H","T",0,2,4,4,4,"F"
0,2,1,2,"*BSSX","","haase001","","D78/F78.2-H","T",0,2,0,4,0,"F"
0,2,2,1,"BBCX","","candj002","","9/F9D","T",1,0,0,2,0,"F"
1,0,3,2,".CBBCBB","","","","W","T",0,1,0,0,0,"F"
1,0,2,2,"BBCFFX","rookb001","","","HR/F7D.1-H","T",0,4,4,0,0,"F"
1,0,2,2,"BFBSFC","","","","K","T",1,0,0,0,0,"F"
1,1,0,2,"CCS","","","","K","T",1,0,0,0,0,"F"
1,2,0,2,"FFX","","","","53/G5","T",1,0,0,0,0,"F"
0,0,2,2,"BFBCX","","","","HR/F7D","T",0,4,0,0,0,"T"
0,0,3,2,"CSFBBFBFB","","","","W","T",0,1,0,0,0,"F"
0,0,1,2,"CBSS","hernc005","","","K","T",1,0,1,0,0,"F"
0,1,1,1,"1B*SX","hernc005","","","HR/F8XD.1-H","T",0,4,4,0,0,"F"
0,1,2,2,"CFBBX","","","","8/F8XD","T",1,0,0,0,0,"F"
0,2,2,1,"CBBX","","","","D7/L78","T",0,2,0,0,0,"F"
0,2,0,1,"CX","","goodb001","","E3/P3D.2-H(NR)(UR);B-2","T",0,2,0,5,0,"F"
0,2,3,1,"BC*BBB","","robel002","","W","T",0,1,0,2,0,"F"
0,2,2,2,"B*BSCFFFC","garcl004","robel002","","K","T",1,0,1,2,0,"F"
1,0,2,0,"BBX","","","","9/F9L","T",1,0,0,0,0,"F"
1,1,1,2,"BCSS","","","","K","T",1,0,0,0,0,"F"
1,2,0,2,"CCX","","","","4/L34D","T",1,0,0,0,0,"F"
0,0,0,0,"X","","","","S8/L8D+","T",0,1,0,0,0,"F"
0,0,3,1,"BBB1CB","andet001","","","W.1-2","T",0,1,2,0,0,"F"
0,0,2,1,"S*BBX","hernc005","andet001","","8/F8XD+.2-3","T",1,0,1,3,0,"F"
0,1,1,0,"BX","hernc005","","andet001","HR/F7LD.3-H;1-H","T",0,4,4,0,4,"F"
0,1,2,1,"BBFX","","","","7/F7LS","T",1,0,0,0,0,"F"
0,2,1,1,"BFX","","","","8/F8XD","T",1,0,0,0,0,"F"
1,0,2,2,"CFBBX","","","","43/G4","T",1,0,0,0,0,"F"
1,1,2,1,"BBSX","","","","8/L8D+","T",1,0,0,0,0,"F"
1,2,1,0,"BX","","","","4/L89S","T",1,0,0,0,0,"F"
0,0,0,0,".X","","","","7/L78D","T",1,0,0,0,0,"F"
0,1,1,1,"CBX","","","","43/G34","T",1,0,0,0,0,"F"
0,2,0,2,"SCFX","","","","8/F89","T",1,0,0,0,0,"F"
1,0,3,2,"SBBFFBS","","","","K","T",1,0,0,0,0,"F"
1,1,1,2,"CCBFH","","","","HP","T",0,1,0,0,0,"F"
1,1,3,2,"CBF*B*BX","larnt001","","","54(1)3/GDP/G56","T",2,0,0,0,0,"F"
0,0,0,1,"CX","","","","53/G5","T",1,0,0,0,0,"F"
0,1,1,2,"SFBFS","","","","K","T",1,0,0,0,0,"F"
0,2,2,2,"BCBSX","","","","63/G6D+","T",1,0,0,0,0,"F"
1,0,3,2,"BBBCFX","","","","9/F9D","T",1,0,0,0,0,"F"
1,1,0,2,"CCFS","","","","K","T",1,0,0,0,0,"F"
1,2,3,2,"BBFBCS","","","","K","T",1,0,0,0,0,"F"
0,0,3,2,"BBFSBX","","","","63/G6D+","T",1,0,0,0,0,"F"
0,1,3,2,"BBBCFX","","","","S9/G34","T",0,1,0,0,0,"F"
0,1,1,1,".BCX","moncy001","","","9/F9LD","T",1,0,1,0,0,"F"
0,2,0,0,"X","moncy001","","","D89/L89D.1-H","T",0,2,4,0,0,"F"
0,2,1,2,"C*BSFS","","robel002","","K","T",1,0,0,2,0,"F"
1,0,0,0,"X","","","","S15/G1S","T",0,1,0,0,0,"F"
1,0,2,2,"F*B1S*BX","arral001","","","54(1)3/GDP/G56S","T",2,0,0,0,0,"F"
1,2,2,2,"BCBSX","","","","53/G6MS","T",1,0,0,0,0,"F"
0,0,3,2,"CBSBFBX","","","","8/F89XD","T",1,0,0,0,0,"F"
0,1,3,2,"BBBCCX","","","","9/F9D","T",1,0,0,0,0,"F"
0,2,0,0,"X","","","","7/F78XD+","T",1,0,0,0,0,"F"
1,0,1,0,"BX","","","","43/G4D","T",1,0,0,0,0,"F"
1,1,2,2,"CBSBS","","","","K","T",1,0,0,0,0,"F"
1,2,2,2,"FCBBFS","","","","K","T",1,0,0,0,0,"F"
0,0,2,1,"BCBX","","","","S8/L89","T",0,1,0,0,0,"F"
0,0,3,1,"BBBCB","abrej003","","","W.1-2","T",0,1,2,0,0,"F"
0,0,0,0,"X","jimee001","abrej003","","8/L8XD+.2-3","T",1,0,1,3,0,"F"
0,1,1,2,"CFBX","jimee001","","abrej003","7/SF/F7D.3-H","T",1,0,1,0,4,"F"
0,2,0,2,"*SFS","jimee001","","","K","T",1,0,1,0,0,"F"
1,0,0,0,"X","","","","43/G34+","T",1,0,0,0,0,"F"
1,1,3,2,"BCFBBC","","","","K","T",1,0,0,0,0,"F"
1,2,0,0,"X","","","","7/F7S","T",1,0,0,0,0,"F"
0,0,3,1,"...FBBBB","","","","W","T",0,1,0,0,0,"F"
0,0,1,2,"TF*BX","garcl004","","","S8/L78D+.1-3","T",0,1,3,0,0,"F"
0,0,0,0,"X","zavas001","","garcl004","S7/L7.3-H;1-2","T",0,1,2,0,4,"F"
0,0,0,0,"X","andet001","zavas001","","8/L89D","T",1,0,1,2,0,"F"
0,1,0,2,"CFX","andet001","zavas001","","64(1)3/GDP/G6","T",2,0,0,2,0,"F"
1,0,2,0,"BBX","","","","3/G3+","T",1,0,0,0,0,"F"
1,1,3,2,"BCBBCX","","","","HR/F7LD","T",0,4,0,0,0,"F"
1,1,0,1,"CX","","","","8/L8XD","T",1,0,0,0,0,"F"
1,2,2,2,"BCBFS","","","","K","T",1,0,0,0,0,"F"
0,0,2,2,"BFBFS","","","","K","T",1,0,0,0,0,"F"
0,1,2,0,"BBX","","","","HR/F8XD","T",0,4,0,0,0,"F"
0,1,0,1,"CX","","","","43/G34","T",1,0,0,0,0,"F"
0,2,1,0,"BX","","","","S9/G34","T",0,1,0,0,0,"F"
0,2,1,0,"BX","robel002","","","9/F89","T",1,0,1,0,0,"F"
1,0,1,0,".BX","","","","7/F7","T",1,0,0,0,0,"F"
1,1,3,1,"BFBBB","","","","W","T",0,1,0,0,0,"F"
1,1,0,2,"CCS","simma001","","","K","T",1,0,1,0,0,"F"
1,2,2,2,"SSBBS","simma001","","","K","T",1,0,1,0,0,"F"
0,0,2,0,"BBX","","","","7/F78XD","T",1,0,0,0,0,"T"
0,1,0,2,"CCFS","","","","K+PB.B-1","T",0,1,0,0,0,"F"
0,1,0,2,"C1C*S","engea001","","","K","T",1,0,1,0,0,"F"
0,2,2,2,"FB1BSC","engea001","","","K","T",1,0,1,0,0,"F"
1,0,3,1,"CBBBB","","","","W","T",0,1,0,0,0,"F"
1,0,0,1,"CX","refsr001","","","9/L89","T",1,0,1,0,0,"F"
1,1,3,2,"BCBSBB","refsr001","","","W.1-2","T",0,1,2,0,0,"F"
1,1,1,0,"BB","donaj001","refsr001","","PB.2-3;1-2","F",0,0,2,3,0,"F"
1,1,3,1,"BB.CBB","","donaj001","refsr001","W","T",0,1,0,2,3,"F"
1,1,2,0,"*BBX","garvm001","donaj001","refsr001","S9/G34.3-H;2-3;1-2","T",0,1,2,3,4,"F"
1,1,2,1,"*BBCX","arral001","garvm001","donaj001","53/G56.3-H;2-3;1-2","T",1,0,2,3,4,"F"
1,2,1,1,"*BFX","","arral001","garvm001","43/G4+","T",1,0,0,2,3,"F"
0,0,0,1,"CX","","","","9/F9LD","T",1,0,0,0,0,"F"
0,1,3,0,"BBBB","","","","W","T",0,1,0,0,0,"F"
0,1,0,1,"FX","vauga001","","","46(1)3/GDP/G4","T",2,0,0,0,0,"F"
1,0,2,1,"CBBX","","","","63/G4","T",1,0,0,0,0,"F"
1,1,3,2,"CBCBBX","","","","9/L9D","T",1,0,0,0,0,"F"
1,2,0,1,"CX","","","","53/G56","T",1,0,0,0,0,"F"
0,0,2,2,"BCFBX","","","","S9/G3","T",0,1,0,0,0,"F"
0,0,0,2,"1CFS","hernc005","","","K","T",1,0,1,0,0,"F"
0,1,1,2,"CBS1C","hernc005","","","K","T",1,0,1,0,0,"F"
0,2,0,0,"1X","hernc005","","","HR/F8XD.1-H","T",0,4,4,0,0,"F"
0,2,1,1,"BFX","","","","HR/F78XD","T",0,4,0,0,0,"F"
0,2,2,2,"BBCFFS","","","","K","T",1,0,0,0,0,"F"
1,0,2,2,"BCFBX","","","","5/L5","T",1,0,0,0,0,"F"
1,1,2,1,"BBCX","","","","63/G6","T",1,0,0,0,0,"F"
1,2,2,2,"CBCBX","","","","S5/G5","T",0,1,0,0,0,"F"
1,2,0,2,"CF*S","garvm001","","","K.BX1(23)","T",1,0,1,0,0,"F"
0,0,1,2,"FSBC","","","","K","T",1,0,0,0,0,"F"
0,1,0,0,"X","","","","S8/G6M+","T",0,1,0,0,0,"F"
0,1,1,2,"BSFS","vauga001","","","K","T",1,0,1,0,0,"F"
0,2,0,0,"X","vauga001","","","7/F7","T",1,0,1,0,0,"F"
1,0,0,1,"CX","","","","43/G6MD","T",1,0,0,0,0,"F"
1,1,1,1,"SBX","","","","63/G56","T",1,0,0,0,0,"F"
1,2,0,0,"X","","","","63/G4","T",1,0,0,0,0,"F"
0,0,2,2,"FSBBS","","","","K","T",1,0,0,0,0,"F"
0,1,1,2,"BFFFX","","","","43/G4","T",1,0,0,0,0,"F"
0,2,1,2,"SFBS","","","","K","T",1,0,0,0,0,"F"
1,0,3,1,"BBBCX","","","","S8/L8+","T",0,1,0,0,0,"F"
1,0,3,2,"FSB*BFBX","simma001","","","54(1)3/GDP/G56","T",2,0,0,0,0,"F"
1,2,2,2,"SBBSH","","","","HP","T",0,1,0,0,0,"F"
1,2,3,2,"CFB*BB>F>X","rookb001","","","7/F78","T",1,0,1,0,0,"F"
0,0,2,1,"BCBX","","","","D8/L78XD+","T",0,2,0,0,0,"F"
0,0,1,1,"BSX","","abrej003","","63/G6+","T",1,0,0,2,0,"F"
0,1,0,0,"X","","abrej003","","9/L9","T",1,0,0,2,0,"F"
0,2,3,2,"*BBBCCX","","abrej003","","8/F8XD","T",1,0,0,2,0,"F"
1,0,2,1,"CBBX","","","","7/L7","T",1,0,0,0,0,"F"
1,1,0,2,"CCX","","","","43/G4","T",1,0,0,0,0,"F"
1,2,3,1,"BBBCB","","","","W","T",0,1,0,0,0,"F"
1,2,1,0,"BX","sanom001","","","HR/F7LD.1-H","T",0,4,4,0,0,"F"
1,2,0,0,"X","","","","9/L89D","T",1,0,0,0,0,"F"
0,0,1,2,".BSFX","","","","63/G6","T",1,0,0,0,0,"F"
0,1,1,0,"BX","","","","43/G34","T",1,0,0,0,0,"F"
0,2,1,2,".CSBFS","","","","K","T",1,0,0,0,0,"F"
1,0,2,2,"..CBBSX","","","","S9/G34","T",0,1,0,0,0,"F"
1,0,0,2,"LC11S","simma001","","","K","T",1,0,1,0,0,"F"
1,1,1,2,"SC*BS","simma001","","","K","T",1,0,1,0,0,"F"
1,2,0,1,"FX","simma001","","","54(1)/FO/G5.B-1","T",1,1,0,0,0,"F"
0,0,3,2,"..BBBCFX","","","","S5/G56","T",0,1,0,0,0,"F"
0,0,1,0,"11BX","andet001","","","7/F7S","T",1,0,1,0,0,"F"
0,1,2,2,"C1CBFBFX","andet001","","","5/L56+/DP.1X1(53)","T",2,0,0,0,0,"F"
1,0,1,2,".BCCS","","","","K","T",1,0,0,0,0,"F"
1,1,3,2,"BCCBFBFFS","","","","K","T",1,0,0,0,0,"F"
1,2,3,2,"SFFBBFBB","","","","W","T",0,1,0,0,0,"F"
1,2,0,1,".CX","sanom001","","","S6/G6M.1-2","T",0,1,2,0,0,"F"
1,2,2,2,"CBSBS","polaj001","sanom001","","K","T",1,0,1,2,0,"F"
0,0,2,1,"...BFBX","","","","63/G6","T",1,0,0,0,0,"F"
0,1,1,2,"CFBX","","","","3/G3","T",1,0,0,0,0,"F"
0,2,1,0,"BX","","","","53/G5","T",1,0,0,0,0,"F"
0,0,3,2,"BFBFBS","","","","K","T",1,0,0,0,0,"T"
0,1,2,2,"BCBSX","","","","63/G6+","T",1,0,0,0,0,"F"
0,2,2,2,"BBCFC","","","","K","T",1,0,0,0,0,"F"
1,0,1,0,"BX","","","","53/G6","T",1,0,0,0,0,"F"
1,1,0,2,"SFT","","","","K","T",1,0,0,0,0,"F"
1,2,3,1,"CBBBX","","","","4/F34D","T",1,0,0,0,0,"F"
0,0,0,0,"X","","","","S8/F8S","T",0,1,0,0,0,"F"
0,0,3,2,"BBSSBX","jimee001","","","8/F89S","T",1,0,1,0,0,"F"
0,1,0,0,"X","jimee001","","","14(1)3/GDP/G1S-","T",2,0,0,0,0,"F"
1,0,2,2,"BCBCFX","","","","D8/F89XD","T",0,2,0,0,0,"F"
1,0,1,2,"BCSX","","arral001","","43/G4.2-3","T",1,0,0,3,0,"F"
1,1,3,2,"SSFFBB*BX","","","arral001","6/P6","T",1,0,0,0,3,"F"
1,2,1,2,"BCFT","","","arral001","K","T",1,0,0,0,3,"F"
0,0,3,2,"CSBFBFBX","","","","63/G4","T",1,0,0,0,0,"F"
0,1,0,0,"X","","","","S8/L78D","T",0,1,0,0,0,"F"
0,1,1,2,"1CFBS","garcl004","","","K","T",1,0,1,0,0,"F"
0,2,0,0,"1X","garcl004","","","S8/L8.1-3","T",0,1,3,0,0,"F"
0,2,1,2,"BSSS","hernc005","","garcl004","K","T",1,0,1,0,3,"F"
1,0,3,1,"BSBBB","","","","W","T",0,1,0,0,0,"F"
1,0,1,2,"1CFBS","larnt001","","","K","T",1,0,1,0,0,"F"
1,1,3,2,"BFBBC1","larnt001","","","PO1(13)","F",1,0,0,0,0,"F"
1,2,3,2,"BFBBC1.B","","","","W","T",0,1,0,0,0,"F"
1,2,1,2,"F1B*SS","keplm001","","","K","T",1,0,1,0,0,"F"
0,0,0,0,"X","","","","8/F89XD","T",1,0,0,0,0,"F"
0,1,2,1,"BBSX","","","","S8/G6M+","T",0,1,0,0,0,"F"
0,1,1,2,"BCCFX","jimee001","","","45(1)/FO/G4.B-1","T",1,1,0,0,0,"F"
0,2,0,0,"1X","goodb001","","","43/G4","T",1,0,1,0,0,"F"
1,0,3,1,".BBBCX","","","","9/F9","T",1,0,0,0,0,"F"
1,1,2,2,"CCBBT","","","","K","T",1,0,0,0,0,"F"
1,2,3,2,"FSBBBS","","","","K","T",1,0,0,0,0,"F"
0,0,0,2,"CSX","","","","S5/G6+","T",0,1,0,0,0,"F"
0,0,1,2,"1BCCX","lambj001","","","6/P5DF/FL","T",1,0,1,0,0,"F"
0,1,3,2,"SB1BBSB","lambj001","","","W.1-2","T",0,1,2,0,0,"F"
0,1,1,2,"BCFS","collz001","lambj001","","K","T",1,0,1,2,0,"F"
0,2,1,2,"CSBS","collz001","lambj001","","K","T",1,0,1,2,0,"F"
1,0,0,1,"CX","","","","3/BP34","T",1,0,0,0,0,"F"
1,1,2,2,"BFBSS","","","","K","T",1,0,0,0,0,"F"
1,2,1,2,"CBFX","","","","S7/L7+","T",0,1,0,0,0,"F"
1,2,3,1,"BBC*BB","larnt001","","","W.1-2","T",0,1,2,0,0,"F"
1,2,3,1,"BBBC2","simma001","larnt001","","PO2(E1/TH).2-3;1-2","F",0,0,2,3,0,"F"
1,2,3,2,"BBBC2.FS","","simma001","larnt001","K","T",1,0,0,2,3,"F"
0,0,2,2,"SBBFX","","","","S9/G4","T",0,1,0,0,0,"F"
0,0,1,1,"BFX","abrej003","","","7/L7D","T",1,0,1,0,0,"F"
0,1,2,2,".SFBBS","abrej003","","","K","T",1,0,1,0,0,"F"
0,2,1,1,"S*BX","abrej003","","","3/P3SF/FL","T",1,0,1,0,0,"F"
1,0,0,2,".CSC","","","","K","T",1,0,0,0,0,"F"
1,1,0,0,"X","","","","HR/F78XD","T",0,4,0,0,0,"F"
1,1,0,0,"X","","","","13/G1S","T",1,0,0,0,0,"F"
1,2,3,2,"CSBBFBFB","","","","W","T",0,1,0,0,0,"F"
1,2,1,2,"CBCS","sanom001","","","K","T",1,0,1,0,0,"F"
0,0,2,2,"BBFFFX","","","","9/L9L","T",1,0,0,0,0,"F"
0,1,3,1,"BBBCB","","","","W","T",0,1,0,0,0,"F"
0,1,0,0,"1X","garcl004","","","7/F7LD.1-2","T",1,0,2,0,0,"F"
0,2,1,2,".SBSC","","garcl004","","K","T",1,0,0,2,0,"F"
1,0,1,2,".BCFS","","","","K","T",1,0,0,0,0,"F"
1,1,2,1,"CBBX","","","","7/F7LD","T",1,0,0,0,0,"F"
1,2,2,2,"BCSBFX","","","","9/F9L","T",1,0,0,0,0,"F"
0,0,0,2,".CSC","","","","K","T",1,0,0,0,0,"F"
0,1,1,2,"BCFT","","","","K","T",1,0,0,0,0,"F"
0,2,2,1,"BSBX","","","","9/F9LD","T",1,0,0,0,0,"F"
1,0,0,0,".X","","","","8/F8D","T",1,0,0,0,0,"F"
1,1,3,2,"SBBSFFBFS","","","","K","T",1,0,0,0,0,"F"
1,2,0,2,"FCX","","","","T9/F9LD","T",0,3,0,0,0,"F"
1,2,2,2,"FBBFX","","","polaj001","8/L78","T",1,0,0,0,3,"F"
0,0,1,1,".BCX","","","","43/G34D","T",1,0,0,0,0,"F"
0,1,1,1,"CBX","","","","8/F8XD+","T",1,0,0,0,0,"F"
0,2,3,2,"CCBBFBB","","","","W","T",0,1,0,0,0,"F"
0,2,0,0,"X","lambj001","","","43/G4","T",1,0,1,0,0,"F"
0,0,1,2,"CBSFX","","","","S9/L9S","T",0,1,0,0,0,"T"
0,0,1,1,"C1BX","loweb001","","","6/P8S","T",1,0,1,0,0,"F"
0,1,0,2,"CCS","loweb001","","","K","T",1,0,1,0,0,"F"
0,2,0,1,"1SX","loweb001","","","D8/F89XD.1-H","T",0,2,4,0,0,"F"
0,2,0,2,"CC*S","","arozr001","","K","T",1,0,0,2,0,"F"
1,0,2,2,"CBBFC","","","","K","T",1,0,0,0,0,"F"
1,1,2,0,"BBX","","","","S7/L78S","T",0,1,0,0,0,"F"
1,1,1,1,"BCX","rookb001","","","54(1)3/GDP/G5S","T",2,0,0,0,0,"F"
0,0,0,1,"CX","","","","HR/F89XD","T",0,4,0,0,0,"F"
0,0,1,2,"TSBX","","","","13/G4MS","T",1,0,0,0,0,"F"
0,1,2,2,"BFBFX","","","","53/G5","T",1,0,0,0,0,"F"
0,2,1,2,"FFBX","","","","S7/G6","T",0,1,0,0,0,"F"
0,2,1,2,"FBSX","zunim001","","","S9/L9L.1-3","T",0,1,3,0,0,"F"
0,2,0,1,"CB","loweb001","","zunim001","WP.3-H(NR);1-2","F",0,0,2,0,4,"F"
0,2,1,2,"CB.FS","","loweb001","","K","T",1,0,0,2,0,"F"
1,0,2,1,"BBFX","","","","53/G5+","T",1,0,0,0,0,"F"
1,1,3,2,"CBBFFBFB","","","","W","T",0,1,0,0,0,"F"
1,1,2,2,"CBC*BX","refsr001","","","9/L9D+","T",1,0,1,0,0,"F"
1,2,1,2,"S1BCX","refsr001","","","7/L7D","T",1,0,1,0,0,"F"
0,0,0,1,"TX","","","","HR/L7LD","T",0,4,0,0,0,"F"
0,0,0,2,"FFX","","","","53/G5","T",1,0,0,0,0,"F"
0,1,0,1,"SX","","","","43/G4D+","T",1,0,0,0,0,"F"
0,2,2,1,"S.BBX","","","","9/F89D","T",1,0,0,0,0,"F"
1,0,0,0,"X","","","","4/P34D","T",1,0,0,0,0,"F"
1,1,1,1,"BCX","","","","43/G4M","T",1,0,0,0,0,"F"
1,2,0,2,"CLFS","","","","K","T",1,0,0,0,0,"F"
0,0,1,1,"CBX","","","","4/P34","T",1,0,0,0,0,"F"
0,1,2,2,"BCBTX","","","","S9/L89+.BX2(96)","T",1,0,0,0,0,"F"
0,2,0,0,"X","","","","HR/L78XD","T",0,4,0,0,0,"F"
0,2,3,2,"CBBTFBX","","","","53/G6","T",1,0,0,0,0,"F"
1,0,1,2,"BFCX","","","","S7/L7+","T",0,1,0,0,0,"F"
1,0,2,2,"CCBBS","rookb001","","","K","T",1,0,1,0,0,"F"
1,1,3,1,"CBBBB","rookb001","","","W.1-2","T",0,1,2,0,0,"F"
1,1,0,1,"CX","garvm001","rookb001","","14(1)/FO/G6MS.2-3;B-1","T",1,1,0,3,0,"F"
1,2,2,1,"SBBX","refsr001","","rookb001","S7/G6+.3-H;1-2","T",0,1,2,0,4,"F"
1,2,0,2,"CSC","sanom001","refsr001","","K","T",1,0,1,2,0,"F"
0,0,1,1,"BFX","","","","3/G3","T",1,0,0,0,0,"F"
0,1,3,1,"BBBCX","","","","S3/P3D","T",0,1,0,0,0,"F"
0,1,3,0,"BBBB","cruzn002","","","W.1-2","T",0,1,2,0,0,"F"
0,1,1,2,".SFBS","arozr001","cruzn002","","K","T",1,0,1,2,0,"F"
0,2,0,1,"CX","arozr001","cruzn002","","9/F9D","T",1,0,1,2,0,"F"
1,0,3,2,"CBFBFFBX","","","","S8/G4","T",0,1,0,0,0,"F"
1,0,1,0,"*BX","jeffr002","","","8/L8","T",1,0,1,0,0,"F"
1,1,0,0,"X","jeffr002","","","63/G6+.1-2","T",1,0,2,0,0,"F"
1,2,1,1,"FBX","","jeffr002","","S7/G6+.2-H","T",0,1,0,4,0,"F"
1,2,3,2,"SBBBC>C","rookb001","","","K","T",1,0,1,0,0,"F"
0,0,0,0,".X","","","","HR4/IPHR/F9D","T",0,4,0,0,0,"F"
0,0,2,2,"TBCBFFFS","","","","K","T",1,0,0,0,0,"F"
0,1,0,2,"SSC","","","","K","T",1,0,0,0,0,"F"
0,2,1,0,"BX","","","","43/G34D","T",1,0,0,0,0,"F"
1,0,2,2,"CCBBX","","","","S7/L7LD+","T",0,1,0,0,0,"F"
1,0,1,1,"CBX","garvm001","","","S5/G5.1-3(E5/TH)","T",0,1,3,0,0,"F"
1,0,2,2,".BFFBX","refsr001","","garvm001","S7/G56.3-H(UR);1-2","T",0,1,2,0,5,"F"
1,0,2,2,"*BBSFS","sanom001","refsr001","","K","T",1,0,1,2,0,"F"
1,1,1,0,".BX","sanom001","refsr001","","64(1)3/GDP/G6S","T",2,0,0,2,0,"F"
0,0,0,2,"FFX","","","","D7/L7LD","T",0,2,0,0,0,"F"
0,0,0,2,"CFX","","franw002","","E5/G56.2-3;B-1","T",0,1,0,3,0,"F"
0,0,3,2,"B*S*BF*BB","cruzn002","","franw002","W.1-2","T",0,1,2,0,3,"F"
0,0,1,2,"FF*BX","arozr001","cruzn002","franw002","S9/G34.3-H;2-3;1-2","T",0,1,2,3,4,"F"
0,0,0,2,"SCF*S","wendj002","arozr001","cruzn002","K","T",1,0,1,2,3,"F"
0,1,2,1,"B*BSX","wendj002","arozr001","cruzn002","S9/G34.3-H(UR);2-H;1-3","T",0,1,3,4,5,"F"
0,1,0,0,"X","kierk001","","wendj002","8/SF/F89D.3-H(UR)","T",1,0,1,0,5,"F"
0,2,1,0,"*BX","kierk001","","","8/F8D","T",1,0,1,0,0,"F"
1,0,1,2,"..CBFX","","","","53/G5","T",1,0,0,0,0,"F"
1,1,0,2,"CSX","","","","7/F7","T",1,0,0,0,0,"F"
1,2,1,1,"BFX","","","","HR/F7D","T",0,4,0,0,0,"F"
1,2,3,2,"BBBCFX","","","","S8/L8+","T",0,1,0,0,0,"F"
1,2,2,2,"BCTFBX","donaj001","","","S8/L8D+.1-2","T",0,1,2,0,0,"F"
1,2,0,1,"CX","garvm001","donaj001","","64(1)/FO/G6D+.B-1","T",1,1,0,2,0,"F"
0,0,1,1,".BFX","","","","3/G3","T",1,0,0,0,0,"F"
0,1,0,1,"CX","","","","6/P56D","T",1,0,0,0,0,"F"
0,2,3,2,"CBSBBB","","","","W","T",0,1,0,0,0,"F"
0,2,0,2,"FCFC","cruzn002","","","K","T",1,0,1,0,0,"F"
1,0,0,1,"CX","","","","53/G5","T",1,0,0,0,0,"F"
1,1,2,2,"CBBCT","","","","K","T",1,0,0,0,0,"F"
1,2,0,2,"CFFS","","","","K","T",1,0,0,0,0,"F"
0,0,1,2,"CBSFX","","","","7/F78D","T",1,0,0,0,0,"F"
0,1,0,0,"X","","","","E2/P1S.B-1","T",0,1,0,0,0,"F"
0,1,1,2,"FBCS","luplj001","","","K","T",1,0,1,0,0,"F"
0,2,1,0,"BX","luplj001","","","64(1)/FO/G6.B-1","T",1,1,0,0,0,"F"
1,0,1,2,"CSBFFX","","","","63/G6MD","T",1,0,0,0,0,"F"
1,1,0,0,"X","","","","7/L7D+","T",1,0,0,0,0,"F"
1,2,0,0,"X","","","","9/L9D","T",1,0,0,0,0,"F"
0,0,1,2,"FBSS","","","","K","T",1,0,0,0,0,"T"
0,1,2,0,"BBX","","","","8/F8D","T",1,0,0,0,0,"F"
0,2,1,0,"BX","","","","4/P4D","T",1,0,0,0,0,"F"
1,0,1,0,"BX","","","","HR/F89XD","T",0,4,0,0,0,"F"
1,0,2,2,"FSBBX","","","","D8/F8XD+","T",0,2,0,0,0,"F"
1,0,1,2,"F*BFS","","rookb001","","K","T",1,0,0,2,0,"F"
1,1,1,2,"CSBB","","rookb001","","WP.2-3","F",0,0,0,3,0,"F"
1,1,3,2,"CSBB.*B*B","","","rookb001","W","T",0,1,0,0,3,"F"
1,1,0,1,"FX","donaj001","","rookb001","S7/G6.3-H;1-2","T",0,1,2,0,4,"F"
1,1,2,2,"CB*BCX","arral001","donaj001","","D7/L7LD+.2-H;1-3","T",0,2,3,4,0,"F"
1,1,1,0,"*BX","","garvm001","arral001","43/G6MS+.3-H;2-3","T",1,0,0,3,4,"F"
1,2,1,2,"FSBS","","","garvm001","K","T",1,0,0,0,3,"F"
0,0,1,2,"CCBX","","","","63/G4","T",1,0,0,0,0,"F"
0,1,1,1,"BSX","","","","7/L7","T",1,0,0,0,0,"F"
0,2,3,2,"BBCBFX","","","","S7/L78S+","T",0,1,0,0,0,"F"
0,2,0,0,"X","arozr001","","","7/F7L","T",1,0,1,0,0,"F"
1,0,0,0,"X","","","","D9/G3","T",0,2,0,0,0,"F"
1,0,2,2,"FBFBX","","simma001","","5/P15","T",1,0,0,2,0,"F"
1,1,0,0,"X","","simma001","","53/G5.2-3","T",1,0,0,3,0,"F"
1,2,3,2,"FBSB*BFX","","","simma001","7/F7","T",1,0,0,0,3,"F"
0,0,1,2,"LFBX","","","","3/L3+","T",1,0,0,0,0,"F"
0,1,1,2,"BCFX","","","","3/P3SF/FL","T",1,0,0,0,0,"F"
0,2,1,2,"FBSS","","","","K","T",1,0,0,0,0,"F"
1,0,0,0,"X","","","","S7/L78","T",0,1,0,0,0,"F"
1,0,1,1,"CBX","donaj001","","","HR/F9D.1-H","T",0,4,4,0,0,"F"
1,0,2,0,"BBX","","","","S7/G56","T",0,1,0,0,0,"F"
1,0,0,2,"CCC","garvm001","","","K","T",1,0,1,0,0,"F"
1,1,0,1,"CX","garvm001","","","S8/L78XD+.1-3","T",0,1,3,0,0,"F"
1,1,0,0,"X","refsr001","","garvm001","S9/G34.3-H;1-2","T",0,1,2,0,4,"F"
1,1,0,2,"CFX","simma001","refsr001","","8/L89","T",1,0,1,2,0,"F"
1,2,0,0,"X","simma001","refsr001","","64(1)/FO/G6+.B-1","T",1,1,0,2,0,"F"
0,0,1,0,"BX","","","","9/F9D","T",1,0,0,0,0,"F"
0,1,0,1,"FX","","","","4/P34","T",1,0,0,0,0,"F"
0,2,2,2,"BBFSS","","","","K","T",1,0,0,0,0,"F"
1,0,1,1,"SBX","","","","7/F7LS","T",1,0,0,0,0,"F"
1,1,1,2,"SSBX","","","","8/F78XD+","T",1,0,0,0,0,"F"
1,2,2,2,"CBSBFX","","","","7/F7LS","T",1,0,0,0,0,"F"
0,0,0,0,"H","","","","HP","T",0,1,0,0,0,"F"
0,0,2,1,"BBCX","franw002","","","14(1)3/GDP/G6MS","T",2,0,0,0,0,"F"
0,2,3,2,"CBBBCFFX","","","","S7/G6+","T",0,1,0,0,0,"F"
0,2,1,2,"CBSC","wendj002","","","K","T",1,0,1,0,0,"F"
1,0,1,2,"CFFBS","","","","K","T",1,0,0,0,0,"F"
1,1,0,1,"SX","","","","D9/L9LD+","T",0,2,0,0,0,"F"
1,1,3,2,"CFBB*BFS","","sanom001","","K","T",1,0,0,2,0,"F"
1,2,1,2,"CBFX","","sanom001","","63/G6M-","T",1,0,0,2,0,"F"
0,0,2,2,"CFBBX","","","","S5/G5","T",0,1,0,0,0,"F"
0,0,1,2,"FFBX","mejif001","","","45(1)3/GDP/G34","T",2,0,0,0,0,"F"
0,2,3,1,"BBCBB","","","","W","T",0,1,0,0,0,"F"
0,2,0,0,"X","meada001","","","2/P2F/FL","T",1,0,1,0,0,"F"
1,0,3,2,".BFBBFB","","","","W","T",0,1,0,0,0,"F"
1,0,0,0,"X","keplm001","","","HR/F7LD.1-H","T",0,4,4,0,0,"F"
1,0,1,2,"CBFFX","","","","7/F7L","T",1,0,0,0,0,"F"
1,1,1,0,"BX","","","","9/F89S","T",1,0,0,0,0,"F"
1,2,3,2,"CFBFBBB","","","","W","T",0,1,0,0,0,"F"
1,2,2,2,"CBBSS","arral001","","","K","T",1,0,1,0,0,"F"
0,0,0,2,"..FSS","","","","K","T",1,0,0,0,0,"F"
0,1,0,0,"X","","","","8/L8D+","T",1,0,0,0,0,"F"
0,2,3,1,"CBBBX","","","","43/G4","T",1,0,0,0,0,"F"
1,0,2,1,".CBBX","","","","S8/L78D+","T",0,1,0,0,0,"F"
1,0,1,1,"FBX","sanom001","","","8/F89XD","T",1,0,1,0,0,"F"
1,1,2,1,"BBCX","sanom001","","","8/F78D","T",1,0,1,0,0,"F"
1,2,3,1,"BB*BC*B","sanom001","","","W.1-2","T",0,1,2,0,0,"F"
1,2,1,0,"BB","keplm001","sanom001","","PB.2-3;1-2","F",0,0,2,3,0,"F"
1,2,2,0,"BB.X","","keplm001","sanom001","S7/G6.3-H;2-H(UR)","T",0,1,0,5,4,"F"
1,2,1,2,"SFBH","cavej001","","","HP.1-2","T",0,1,2,0,0,"F"
1,2,1,2,"CSFBC","polaj001","cavej001","","K","T",1,0,1,2,0,"F"
0,0,1,1,"..CBX","","","","8/L8XD","T",1,0,0,0,0,"F"
0,1,2,0,"BBX","","","","8/L8XD","T",1,0,0,0,0,"F"
0,2,0,0,"X","","","","6/P4MD","T",1,0,0,0,0,"F"
1,0,1,0,".BX","","","","8/F89S","T",1,0,0,0,0,"F"
1,1,1,1,"CBX","","","","HR/F7LD","T",0,4,0,0,0,"F"
1,1,3,2,"BFBBFX","","","","7/F7D","T",1,0,0,0,0,"F"
1,2,2,0,"BBX","","","","S7/G6","T",0,1,0,0,0,"F"
1,2,2,1,"BCBX","refsr001","","","6/F78S","T",1,0,1,0,0,"F"
0,0,2,2,".BBFFS","","","","K","T",1,0,0,0,0,"F"
0,1,1,0,"BX","","","","43/G4D","T",1,0,0,0,0,"F"
0,2,0,2,"SCX","","","","63/G6","T",1,0,0,0,0,"F"
0,0,3,2,"FMBBBFFS","","","","K","T",1,0,0,0,0,"T"
0,1,0,2,"CSX","","","","53/G56","T",1,0,0,0,0,"F"
0,2,1,1,"BSX","","","","5/P5F/FL","T",1,0,0,0,0,"F"
1,0,3,2,"CCBBBB","","","","W","T",0,1,0,0,0,"F"
1,0,3,2,"B1B1BFFB","keplm001","","","W.1-2","T",0,1,2,0,0,"F"
1,0,2,1,"BFBX","polaj001","keplm001","","S7/L7S.2-H;1-2","T",0,1,2,4,0,"F"
1,0,3,1,"*BBBCB","donaj001","polaj001","","W.2-3;1-2","T",0,1,2,3,0,"F"
1,0,0,2,"CFFC","arral001","donaj001","polaj001","K","T",1,0,1,2,3,"F"
1,1,2,2,"BCBCX","arral001","donaj001","polaj001","16(1)/FO/G13-.3-H;2-3;B-1","T",1,1,0,3,4,"F"
1,2,2,0,"BBX","larnt001","","donaj001","64(1)/FO/G6.B-1","T",1,1,0,0,3,"F"
0,0,0,2,"CSX","","","","7/F78","T",1,0,0,0,0,"F"
0,1,3,2,"BCFBBX","","","","8/F89XD","T",1,0,0,0,0,"F"
0,2,2,1,"BBCX","","","","53/G5S","T",1,0,0,0,0,"F"
1,0,1,2,"BCFX","","","","7/F7L","T",1,0,0,0,0,"F"
1,1,2,2,"BBTFFX","","","","8/L8D","T",1,0,0,0,0,"F"
1,2,0,1,"CX","","","","D7/G5","T",0,2,0,0,0,"F"
1,2,3,2,"BSBF*B*B","","keplm001","","W","T",0,1,0,2,0,"F"
1,2,0,0,"X","polaj001","keplm001","","53/G56","T",1,0,1,2,0,"F"
0,0,0,0,"X","","","","S9/L89S+","T",0,1,0,0,0,"F"
0,0,1,1,"CBX","zunim001","","","D57/G5+.1-3","T",0,2,3,0,0,"F"
0,0,2,0,"BBX","","brosm001","zunim001","FC/G3.3XH(32);2-3;B-1","T",1,1,0,3,0,"F"
0,1,2,2,"1BFFBFC","wendj002","","brosm001","K","T",1,0,1,0,3,"F"
0,2,3,2,"FBBFB>F>S","wendj002","","brosm001","K","T",1,0,1,0,3,"F"
1,0,1,2,"CBCX","","","","53/G56","T",1,0,0,0,0,"F"
1,1,3,2,"FBFBBB","","","","W","T",0,1,0,0,0,"F"
1,1,0,0,"X","garvm001","","","43/G34.1-2","T",1,0,2,0,0,"F"
1,2,3,2,"TBBBTS","","garvm001","","K","T",1,0,0,2,0,"F"
0,0,2,1,"CBBX","","","","9/F89D","T",1,0,0,0,0,"F"
0,1,1,0,"BX","","","","13/G1","T",1,0,0,0,0,"F"
0,2,2,2,"BCBFX","","","","53/G5","T",1,0,0,0,0,"F"
1,0,1,2,".CSBX","","","","5/P5F/FL","T",1,0,0,0,0,"F"
1,1,0,0,"X","","","","9/F9D","T",1,0,0,0,0,"F"
1,2,3,0,"BBBB","","","","W","T",0,1,0,0,0,"F"
1,2,0,0,"B","keplm001","","","WP.1-2","F",0,0,2,0,0,"F"
1,2,3,0,"B.BBB","","keplm001","","W","T",0,1,0,2,0,"F"
1,2,3,2,".BCBCB>F>X","polaj001","keplm001","","D7/L7L+.2-H;1-H","T",0,2,4,4,0,"F"
1,2,0,1,"CX","","donaj001","","43/G4","T",1,0,0,2,0,"F"
0,0,0,0,"X","","","","63/G6D","T",1,0,0,0,0,"F"
0,1,2,1,"CBBX","","","","HR/F7LD","T",0,4,0,0,0,"F"
0,1,3,1,"SBBBX","","","","9/F9D+","T",1,0,0,0,0,"F"
0,2,2,2,"CBSBX","","","","63/G6M","T",1,0,0,0,0,"F"
1,0,2,2,".CBBSC","","","","K","T",1,0,0,0,0,"F"
1,1,2,2,"CCBBS","","","","K","T",1,0,0,0,0,"F"
1,2,3,2,"BBTCFBB","","","","W","T",0,1,0,0,0,"F"
1,2,2,2,"CBFBS","sanom001","","","K","T",1,0,1,0,0,"F"
0,0,3,2,".CBCBBS","","","","K","T",1,0,0,0,0,"F"
0,1,1,2,"CFBFX","","","","53/G56","T",1,0,0,0,0,"F"
0,2,3,2,"CBSBBB","","","","W","T",0,1,0,0,0,"F"
0,2,0,0,"X","meada001","","","HR/F9D.1-H","T",0,4,4,0,0,"F"
0,2,0,2,"CSS","","","","K.BX1(23)","T",1,0,0,0,0,"F"
1,0,0,2,"FFH","","","","HP","T",0,1,0,0,0,"F"
1,0,0,2,".1CFT","simma001","","","K","T",1,0,1,0,0,"F"
1,1,0,1,"1FX","simma001","","","54(1)3/GDP/G5","T",2,0,0,0,0,"F"
0,0,3,2,"....BSBCBFB","","","","W","T",0,1,0,0,0,"F"
0,0,2,0,"BB1X","luplj001","","","4/P34","T",1,0,1,0,0,"F"
0,1,1,0,"BX","luplj001","","","FC6/G6S.1-2(E6/TH);B-1","T",0,1,2,0,0,"F"
0,1,3,0,"BBBB","brosm001","luplj001","","W.2-3;1-2","T",0,1,2,3,0,"F"
0,1,2,2,"BCFBFFX","wendj002","brosm001","luplj001","S5/G25-.3-H(UR);2-3;1-2","T",0,1,2,3,5,"F"
0,1,1,2,"CFBS","arozr001","wendj002","brosm001","K","T",1,0,1,2,3,"F"
0,2,3,1,".BBBCX","arozr001","wendj002","brosm001","6/P6","T",1,0,1,2,3,"F"
1,0,0,2,".CFX","","","","43/G4MD","T",1,0,0,0,0,"F"
1,1,3,2,"FSBFBFBFX","","","","8/F8XD","T",1,0,0,0,0,"F"
1,2,2,2,"BSBFS","","","","K","T",1,0,0,0,0,"F"
0,0,0,2,"CCX","","","","D7/L78D","T",0,2,0,0,0,"F"
0,0,0,1,"CX","","franw002","","13/SH/BG1S-.2-3","T",1,0,0,3,0,"F"
0,1,0,2,"CSX","","","franw002","4/P34D","T",1,0,0,0,3,"F"
0,2,1,0,"BX","","","franw002","3/G23-","T",1,0,0,0,3,"F"
1,0,3,2,"BCSBBFB","","","","W","T",0,1,0,0,0,"F"
1,0,1,2,".CBF11T","refsr001","","","K","T",1,0,1,0,0,"F"
1,1,2,2,"1CS1FBBC","refsr001","","","K","T",1,0,1,0,0,"F"
1,2,3,2,"B1BBCC>X","refsr001","","","13/G1S-","T",1,0,1,0,0,"F"
0,0,3,2,"...FBFBBX","","","","63/G4","T",1,0,0,0,0,"F"
0,1,0,2,"CFX","","","","43/G4D","T",1,0,0,0,0,"F"
0,2,1,1,"BSX","","","","S7/G56+","T",0,1,0,0,0,"F"
0,2,0,0,"1X","arozr001","","","53/G56","T",1,0,1,0,0,"F"
1,0,1,1,"..BFX","","","","D7/L7L.B-3(E7)","T",0,3,0,0,0,"F"
1,0,0,1,"CX","","","keplm001","9/SF/F9D.3-H(UR)","T",1,0,0,0,5,"F"
0,0,3,2,"SBCBFBX","","","","8/F8XD","T",1,0,0,0,0,"T"
0,1,0,2,"CCX","","","","43/G4MD","T",1,0,0,0,0,"F"
0,2,3,2,"BCFBBT","","","","K","T",1,0,0,0,0,"F"
1,0,3,1,"BFBBX","","","","HR/F9D","T",0,4,0,0,0,"F"
1,0,2,2,"FBSBFH","","","","HP","T",0,1,0,0,0,"F"
1,0,3,2,"BBCFBX","rookb001","","","15(1)3/GDP/G1","T",2,0,0,0,0,"F"
1,2,2,0,"BBX","","","","S19/L9S+","T",0,1,0,0,0,"F"
1,2,0,0,"X","donaj001","","","8/F8D","T",1,0,1,0,0,"F"
0,0,3,1,"BBCBB","","","","W","T",0,1,0,0,0,"F"
0,0,0,1,"CX","reyef001","","","HR/F8XD.1-H","T",0,4,4,0,0,"F"
0,0,1,2,"CSBS","","","","K","T",1,0,0,0,0,"F"
0,1,1,0,"BH","","","","HP","T",0,1,0,0,0,"F"
0,1,0,1,"S11X","millo002","","","6(1)/FO/G4.B-1","T",1,1,0,0,0,"F"
0,2,2,1,"1CBBB","gimea001","","","WP.1-2","F",0,0,2,0,0,"F"
0,2,3,1,"1CBBB.X","","gimea001","","4/P34","T",1,0,0,2,0,"F"
1,0,3,0,"BBBX","","","","S7/G56","T",0,1,0,0,0,"F"
1,0,1,2,"SCBFFFS","sanom001","","","K","T",1,0,1,0,0,"F"
1,1,0,1,"FX","sanom001","","","8/L8D","T",1,0,1,0,0,"F"
1,2,2,0,"BBX","sanom001","","","64(1)/FO/G6.B-1","T",1,1,0,0,0,"F"
0,0,1,1,"BCX","","","","9/F9LF/FL","T",1,0,0,0,0,"F"
0,1,1,1,"BCX","","","","S8/G6M","T",0,1,0,0,0,"F"
0,1,1,2,"B1C>FX","rosaa003","","","FC4/G34.1-3(E4);B-1","T",0,1,3,0,0,"F"
0,1,1,2,"C1T1BX","ramij003","","rosaa003","54(1)3/GDP/G56S","T",2,0,0,0,3,"F"
1,0,3,2,"BCBBCB","","","","W","T",0,1,0,0,0,"F"
1,0,0,0,"X","keplm001","","","9/F89","T",1,0,1,0,0,"F"
1,1,3,2,"11CBCBFBX","keplm001","","","45(1)/FO/G34.B-1","T",1,1,0,0,0,"F"
1,2,0,0,"X","polaj001","","","S8/L89D.1-H","T",0,1,4,0,0,"F"
1,2,3,1,"*B*BBCX","donaj001","","","S4/G34.1-2","T",0,1,2,0,0,"F"
1,2,2,2,"BSFBC","arral001","donaj001","","K","T",1,0,1,2,0,"F"
0,0,1,0,"BX","","","","S49/L9S+","T",0,1,0,0,0,"F"
0,0,0,2,"C11SX","zimmb001","","","4/P4D","T",1,0,1,0,0,"F"
0,1,2,2,"11CB>FB1","zimmb001","","","PO1(E1/TH).1-2","F",0,0,2,0,0,"F"
0,1,2,2,"11CB>FB1.S","","zimmb001","","K","T",1,0,0,2,0,"F"
0,2,1,1,"BFX","","zimmb001","","S1/G1S.2-3","T",0,1,0,3,0,"F"
0,2,0,0,"X","gimea001","","zimmb001","7/F7D","T",1,0,1,0,3,"F"
1,0,0,0,"X","","","","D8/L8D+","T",0,2,0,0,0,"F"
1,0,0,0,"H","","cavej001","","HP","T",0,1,0,2,0,"F"
1,0,0,1,"CX","jeffr002","cavej001","","6(1)/FO/G6M.2-3;B-1","T",1,1,0,3,0,"F"
1,1,2,1,"BBSX","simma001","","cavej001","64(1)/FO/G4M.3-H;B-1","T",1,1,0,0,4,"F"
1,2,3,1,"11BBBCX","keplm001","","","S6/G56.1-2","T",0,1,2,0,0,"F"
1,2,2,2,"CBFBC","rookb001","keplm001","","K","T",1,0,1,2,0,"F"
0,0,1,2,"CCBX","","","","8/F89D","T",1,0,0,0,0,"F"
0,1,1,1,"CBX","","","","D8/L78+.B-3(E8)","T",0,3,0,0,0,"F"
0,1,0,1,"FX","","","rosaa003","S9/G34.3-H(UR)","T",0,1,0,0,5,"F"
0,1,0,0,"X","ramij003","","","4(1)3/GDP/G6MS","T",2,0,0,0,0,"F"
1,0,1,2,"FBCC","","","","K","T",1,0,0,0,0,"F"
1,1,2,2,"CBBFX","","","","S9/L8","T",0,1,0,0,0,"F"
1,1,1,1,"C*BX","arral001","","","64(1)3/GDP/G6","T",2,0,0,0,0,"F"
0,0,0,1,"FX","","","","43/G34D","T",1,0,0,0,0,"F"
0,1,0,1,"CX","","","","63/G6","T",1,0,0,0,0,"F"
0,2,1,0,"BX","","","","E6/G6+.B-1","T",0,1,0,0,0,"F"
0,2,3,0,"*B*BBB","millo002","","","W.1-2","T",0,1,2,0,0,"F"
0,2,2,0,"BBX","gimea001","millo002","","D7/F7LS.2-H(UR);1XH(762)","T",1,2,0,5,0,"F"
1,0,1,2,".CFBS","","","","K","T",1,0,0,0,0,"F"
1,1,2,0,"BBX","","","","HR/F8XD","T",0,4,0,0,0,"F"
1,1,0,0,"X","","","","63/G6","T",1,0,0,0,0,"F"
1,2,3,2,"BBBCFB","","","","W","T",0,1,0,0,0,"F"
1,2,1,2,"BC1F1S","keplm001","","","K","T",1,0,1,0,0,"F"
0,0,3,2,"..BBCBCC","","","","K","T",1,0,0,0,0,"F"
0,1,0,2,"CSFX","","","","4/F4D-","T",1,0,0,0,0,"F"
0,2,3,2,"CFBBBFS","","","","K","T",1,0,0,0,0,"F"
1,0,0,0,"X","","","","S9/L89+","T",0,1,0,0,0,"F"
1,0,0,2,"CF1S","polaj001","","","K","T",1,0,1,0,0,"F"
1,1,0,0,".>X","polaj001","","","43/G34D.1-2","T",1,0,2,0,0,"F"
1,2,3,2,"BBCS*BB","","polaj001","","W","T",0,1,0,2,0,"F"
1,2,3,2,"C*SFB*BB>F>S","sanom001","polaj001","","K","T",1,0,1,2,0,"F"
0,0,2,2,".BSCBX","","","","63/G6","T",1,0,0,0,0,"F"
0,1,3,1,"BBBCB","","","","W","T",0,1,0,0,0,"F"
0,1,2,0,"11*BB>S","zimmb001","","","SB2","F",0,0,2,0,0,"F"
0,1,2,2,"11*BB>S.SB","","zimmb001","","WP.2-3","F",0,0,0,3,0,"F"
0,1,3,2,"11*BB>S.SB.FFT","","","zimmb001","K","T",1,0,0,0,3,"F"
0,2,0,0,"X","","","zimmb001","53/G56S","T",1,0,0,0,3,"F"
1,0,3,2,".BCFBBFX","","","","43/G4","T",1,0,0,0,0,"F"
1,1,2,1,".CBBX","","","","D8/L89XD+","T",0,2,0,0,0,"F"
1,1,1,1,".CBX","","gordn001","","4/F4D","T",1,0,0,2,0,"F"
1,2,3,1,"BBCBX","","gordn001","","9/F9D","T",1,0,0,2,0,"F"
0,0,1,2,"...CFFBX","","","","3/G3","T",1,0,0,0,0,"F"
0,1,0,0,"X","","","","63/G6D+","T",1,0,0,0,0,"F"
0,2,1,1,"FBX","","","","S6/G56","T",0,1,0,0,0,"F"
0,2,0,0,"11X","stram002","","","53/G56S","T",1,0,1,0,0,"F"
1,0,2,2,".CFBBX","","","","43/G34","T",1,0,0,0,0,"F"
1,1,3,2,"BBSBFX","","","","S7/G56","T",0,1,0,0,0,"F"
1,1,0,0,".X","maedk001","","","64(1)/FO/G6MD.B-2(E4/TH)","T",1,2,0,0,0,"F"
1,2,3,0,"VVVV","","arral001","","IW","T",0,1,0,2,0,"F"
1,2,3,1,"BFBBB","sanom001","arral001","","W.2-3;1-2","T",0,1,2,3,0,"F"
1,2,0,0,"X","cavej001","sanom001","arral001","43/G4+","T",1,0,1,2,3,"F"
0,0,2,2,"...BCCBFX","","rosaa003","","63/G6+","T",1,0,0,2,0,"F"
0,1,0,2,"CSS","","rosaa003","","K","T",1,0,0,2,0,"F"
0,2,2,2,"CFFBFFFF*BS","","rosaa003","","K","T",1,0,0,2,0,"F"
1,0,1,0,".BX","","jeffr002","","S8/G4M.2-3","T",0,1,0,3,0,"F"
1,0,3,0,"B*BVV","gordn001","","jeffr002","IW.1-2","T",0,1,2,0,3,"F"
1,0,2,1,"CBBX","keplm001","gordn001","jeffr002","5(2)2(3)/GDP/G5.1-2;B-1","T",2,1,2,0,0,"F"
1,2,0,0,"X","refsr001","keplm001","","D9/L3D+.2-H(UR);1-3","T",0,2,3,5,0,"F"
0,0,1,0,"BX","","","","3/P3","T",1,0,0,0,0,"T"
0,1,0,2,"CFX","","","","63/G6D+","T",1,0,0,0,0,"F"
0,2,1,1,"CBX","","","","D7/L5D","T",0,2,0,0,0,"F"
0,2,3,2,"FFFBBFBX","","ramij003","","9/L9L","T",1,0,0,2,0,"F"
1,0,0,1,"FX","","","","63/G4M","T",1,0,0,0,0,"F"
1,1,3,2,"CBSBBS","","","","K","T",1,0,0,0,0,"F"
1,2,3,2,"FCFFFFFBFFBFFBFS","","","","K","T",1,0,0,0,0,"F"
0,0,0,2,"CCS","","","","K","T",1,0,0,0,0,"F"
0,1,1,2,"BSCS","","","","K","T",1,0,0,0,0,"F"
0,2,1,0,"BX","","","","9/F9LD+","T",1,0,0,0,0,"F"
1,0,0,0,"X","","","","S7/L78S","T",0,1,0,0,0,"F"
1,0,3,2,"CF1BFFBBFB","donaj001","","","W.1-2","T",0,1,2,0,0,"F"
1,0,3,1,"*BBBFB","arral001","donaj001","","W.2-3;1-2","T",0,1,2,3,0,"F"
1,0,0,2,"CFS","garvm001","arral001","donaj001","K","T",1,0,1,2,3,"F"
1,1,0,0,"X","garvm001","arral001","donaj001","12(3)3/GDP/G1-","T",2,0,1,2,0,"F"
0,0,0,2,"CCX","","","","S8/L8S","T",0,1,0,0,0,"F"
0,0,2,0,"BBX","cleme002","","","7/F7LSF/FL","T",1,0,1,0,0,"F"
0,1,0,2,"1CF1X","cleme002","","","FC4/G4.1X2(46);B-2(E6/TH)","T",1,2,0,0,0,"F"
0,2,1,2,"BCSS","","stram002","","K","T",1,0,0,2,0,"F"
1,0,1,2,"CBFFS","","","","K","T",1,0,0,0,0,"F"
1,1,0,1,"CX","","","","8/L8XD+","T",1,0,0,0,0,"F"
1,2,1,2,"CBSC","","","","K","T",1,0,0,0,0,"F"
0,0,0,0,"X","","","","9/L9D+","T",1,0,0,0,0,"F"
0,1,1,1,"BCX","","","","53/G5","T",1,0,0,0,0,"F"
0,2,0,0,"X","","","","3/G34","T",1,0,0,0,0,"F"
1,0,0,1,"CX","","","","S9/L9LD","T",0,1,0,0,0,"F"
1,0,1,2,"FB1SN","polaj001","","","BK.1-2","F",0,0,2,0,0,"F"
1,0,1,2,"FB1SN.C","","polaj001","","K","T",1,0,0,2,0,"F"
1,1,1,1,"*BCX","","polaj001","","8/L8","T",1,0,0,2,0,"F"
1,2,2,2,"BBCTS","","polaj001","","K","T",1,0,0,2,0,"F"
0,0,0,0,"X","","","","D9/F9LD","T",0,2,0,0,0,"F"
0,0,0,1,"SX","","chany001","","HR/F9D.2-H","T",0,4,0,4,0,"F"
0,0,0,2,"CFFFX","","","","63/G6S","T",1,0,0,0,0,"F"
0,1,0,0,"X","","","","43/G34+","T",1,0,0,0,0,"F"
0,2,3,2,"BBCBFX","","","","3/P3","T",1,0,0,0,0,"F"
1,0,0,0,"X","","","","9/F9LD","T",1,0,0,0,0,"F"
1,1,0,1,"CX","","","","43/G4MS+","T",1,0,0,0,0,"F"
1,2,2,2,"FBFBX","","","","5/L56","T",1,0,0,0,0,"F"
0,0,0,2,"CSFX","","","","S9/F9S","T",0,1,0,0,0,"F"
0,0,0,1,"CX","rosaa003","","","FC3/G3S.1-3(E3);B-1","T",0,1,3,0,0,"F"
0,0,1,0,"B1X","ramij003","","rosaa003","8/SF/DP/F8XD.3-H(UR);1X1(843)","T",2,0,0,0,5,"F"
0,2,2,0,"BBX","","","","43/G9S+","T",1,0,0,0,0,"F"
1,0,0,0,"X","","","","5/F56D","T",1,0,0,0,0,"F"
1,1,2,2,"CFFBFBFS","","","","K","T",1,0,0,0,0,"F"
1,2,0,0,"X","","","","S6/L6D","T",0,1,0,0,0,"F"
1,2,2,1,"*B1FBX","polaj001","","","9/F9D","T",1,0,1,0,0,"F"
0,0,0,1,".CX","","","","53/G56","T",1,0,0,0,0,"F"
0,1,1,2,"CSBX","","","","S1/G25-","T",0,1,0,0,0,"F"
0,1,0,1,"1FX","johnd006","","","9/F9S","T",1,0,1,0,0,"F"
0,2,2,2,"1CSBBX","johnd006","","","43/G34D","T",1,0,1,0,0,"F"
1,0,1,2,".CFBX","","","","S9/L8S","T",0,1,0,0,0,"F"
1,0,3,2,"CBBSBX","arral001","","","3/P3F/FL","T",1,0,1,0,0,"F"
1,1,0,0,"X","arral001","","","9/F9LS","T",1,0,1,0,0,"F"
1,2,2,2,"BBSSFB","arral001","","","PB.1-2","F",0,0,2,0,0,"F"
1,2,3,2,"BBSSFB.X","","arral001","","9/L9LD","T",1,0,0,2,0,"F"
0,0,0,0,".X","","","","8/F8","T",1,0,0,0,0,"F"
0,1,2,2,"BBCFS","","","","K","T",1,0,0,0,0,"F"
0,2,1,2,"CCBFFX","","","","6/P4MS","T",1,0,0,0,0,"F"
1,0,3,1,"..BSBBB","","","","W","T",0,1,0,0,0,"F"
1,0,3,2,"CCFBBFBFFB","gordn001","","","W.1-2","T",0,1,2,0,0,"F"
1,0,3,2,"CBFB*BB","keplm001","gordn001","","W.2-3;1-2","T",0,1,2,3,0,"F"
1,0,0,0,"..X","cavej001","keplm001","gordn001","46(1)/FO/G4.3-H;2-3;B-1","T",1,1,0,3,4,"F"
1,1,2,1,"BB*S>S","polaj001","","keplm001","SB2","F",0,0,2,0,3,"F"
1,1,2,2,"BB*S>S.S","","polaj001","keplm001","K","T",1,0,0,2,3,"F"
1,2,3,1,"CBBBX","","polaj001","keplm001","63/G6M","T",1,0,0,2,3,"F"
0,0,1,2,"...FBFX","","","","53/G5","T",1,0,0,0,0,"F"
0,1,0,2,"SCX","","","","S8/L6MD","T",0,1,0,0,0,"F"
0,1,0,2,"F11FFS","zimmb001","","","K","T",1,0,1,0,0,"F"
0,2,2,2,"1C1BS1*BS","zimmb001","","","K","T",1,0,1,0,0,"F"
1,0,2,2,".CFBBS","","","","K","T",1,0,0,0,0,"F"
1,1,2,2,"BSFBC","","","","K","T",1,0,0,0,0,"F"
1,2,2,2,"FBBCX","","","","9/F9","T",1,0,0,0,0,"F"
0,0,3,2,"BFBBCC","","","","K","T",1,0,0,0,0,"T"
0,1,0,1,"CX","","","","53/G5","T",1,0,0,0,0,"F"
0,2,2,2,"BBCCX","","","","HR/F78XD","T",0,4,0,0,0,"F"
0,2,0,1,"FX","","","","53/G56","T",1,0,0,0,0,"F"
1,0,0,0,"X","","","","3/G3","T",1,0,0,0,0,"F"
1,1,0,1,"CX","","","","S5/G56S","T",0,1,0,0,0,"F"
1,1,0,0,"1","rookb001","","","PO1(E1/TH).1-2","F",0,0,2,0,0,"F"
1,1,1,0,"1.BX","","rookb001","","S9/L9.2-H(UR)","T",0,1,0,5,0,"F"
1,1,1,2,"S11FBC","polaj001","","","K","T",1,0,1,0,0,"F"
1,2,3,2,"BB1SBF>B","polaj001","","","W.1-2","T",0,1,2,0,0,"F"
1,2,2,0,"B*BX","arral001","polaj001","","13/G4MS","T",1,0,1,2,0,"F"
0,0,3,1,"BCBBB","","","","W","T",0,1,0,0,0,"F"
0,0,1,2,"CF*BX","merco003","","","54(1)/FO/G56.B-1","T",1,1,0,0,0,"F"
0,1,2,2,"FFBB>B","millo002","","","SB2","F",0,0,2,0,0,"F"
0,1,3,2,"FFBB>B.B","","millo002","","W","T",0,1,0,2,0,"F"
0,1,3,2,"BFFFBFBB","chany001","millo002","","W.2-3;1-2","T",0,1,2,3,0,"F"
0,1,2,2,".C*B*BFF*S","hedga001","chany001","millo002","K","T",1,0,1,2,3,"F"
0,2,3,1,"*BBCBB","hedga001","chany001","millo002","W.3-H;2-3;1-2","T",0,1,2,3,4,"F"
0,2,2,2,"CBFBX","stram002","hedga001","chany001","9/F34D","T",1,0,1,2,3,"F"
1,0,2,0,"BBX","","","","8/F8XD+","T",1,0,0,0,0,"F"
1,1,0,1,"CH","","","","HP","T",0,1,0,0,0,"F"
1,1,0,1,"CX","jeffr002","","","8/F8XD.1-2","T",1,0,2,0,0,"F"
1,2,1,0,"BX","","jeffr002","","63/G4","T",1,0,0,2,0,"F"
0,0,2,1,"BSBX","","","","43/G34D","T",1,0,0,0,0,"F"
0,1,0,0,"X","","","","53/G56","T",1,0,0,0,0,"F"
0,2,3,1,"BBCBB","","","","W","T",0,1,0,0,0,"F"
0,2,3,1,"11BC1B1*B+11>X","merco003","","","D8/F89XD.1-H","T",0,2,4,0,0,"F"
0,2,2,1,"CB*BX","","millo002","","43/G4","T",1,0,0,2,0,"F"
1,0,1,2,"BFFH","","","","HP","T",0,1,0,0,0,"F"
1,0,0,0,"X","rookb001","","","9/F89","T",1,0,1,0,0,"F"
1,1,1,2,"CFBX","rookb001","","","8/F8","T",1,0,1,0,0,"F"
1,2,1,2,"F1BFX","rookb001","","","8/F8XD","T",1,0,1,0,0,"F"
0,0,0,1,".FX","","","","63/G6","T",1,0,0,0,0,"F"
0,1,1,1,"BCX","","","","6/L6D","T",1,0,0,0,0,"F"
0,2,3,2,"FFBBBB","","","","W","T",0,1,0,0,0,"F"
0,2,1,0,"1B>B","stram002","","","SB2","F",0,0,2,0,0,"F"
0,2,3,2,"1B>B.CBCFX","","stram002","","D9/L9LD.2-H","T",0,2,0,4,0,"F"
0,2,0,2,"CSX","","rosaa003","","13/G4MS","T",1,0,0,2,0,"F"
1,0,1,0,"BX","","","","HR/F89XD","T",0,4,0,0,0,"F"
1,0,0,2,"CFX","","","","8/L8D","T",1,0,0,0,0,"F"
1,1,1,0,"BX","","","","63/G6+","T",1,0,0,0,0,"F"
1,2,1,0,"BX","","","","63/G6S+","T",1,0,0,0,0,"F"
0,0,1,0,"BX","","","","HR/F8XD","T",0,4,0,0,0,"F"
0,0,3,1,"BBCBB","","","","W","T",0,1,0,0,0,"F"
0,0,1,2,"1FBFX","merco003","","","43/G34.1-2","T",1,0,2,0,0,"F"
0,1,2,0,"B.BX","","merco003","","63/G6D.2-3","T",1,0,0,3,0,"F"
0,2,2,2,"CBBFX","","","merco003","8/F8D","T",1,0,0,0,3,"F"
1,0,3,2,"BCBFBS","","","","K","T",1,0,0,0,0,"F"
1,1,3,2,"BFBFBB","","","","W","T",0,1,0,0,0,"F"
1,1,0,0,"1X","rookb001","","","5/P5F/FL","T",1,0,1,0,0,"F"
1,2,2,0,"BBX","rookb001","","","S8/G6M+.1-2","T",0,1,2,0,0,"F"
1,2,1,2,"FBFFX","donaj001","rookb001","","S9/L34D.2-H;1-3","T",0,1,3,4,0,"F"
1,2,0,2,"SCX","arral001","","donaj001","D8/L8XD+.3-H;1-H","T",0,2,4,0,4,"F"
1,2,0,0,".X","","sanom001","","S34/G3.2-H","T",0,1,0,4,0,"F"
1,2,1,0,"BX","gordn001","","","S7/L78S.1-2","T",0,1,2,0,0,"F"
1,2,0,1,"CX","jeffr002","gordn001","","DGR/F7LD.2-H;1-3","T",0,2,3,4,0,"F"
1,2,0,2,"CCS","","simma001","jeffr002","K","T",1,0,0,2,3,"F"
0,0,1,2,".CCFBS","","","","K","T",1,0,0,0,0,"F"
0,1,2,2,"BCBCS","","","","K","T",1,0,0,0,0,"F"
0,2,2,2,"CBSBX","","","","S6/G6M+.B-2(E6/TH)","T",0,2,0,0,0,"F"
0,2,0,0,"X","","rosaa003","","8/F89XD","T",1,0,0,2,0,"F"
1,0,1,0,"BX","","","","63/G6D","T",1,0,0,0,0,"F"
1,1,2,0,"BBX","","","","563/G56","T",1,0,0,0,0,"F"
1,2,0,0,"X","","","","7/F7","T",1,0,0,0,0,"F"
0,0,0,0,"X","","","","53/G56S","T",1,0,0,0,0,"F"
0,1,0,1,"CX","","","","3/G34","T",1,0,0,0,0,"F"
0,2,1,2,"CCBX","","","","7/L78D","T",1,0,0,0,0,"F"
1,0,3,0,"BBBB","","","","W","T",0,1,0,0,0,"F"
1,0,3,2,".BBC*BCX","arral001","","","8/F8D","T",1,0,1,0,0,"F"
1,1,0,0,">S","arral001","","","CS2(26)","F",1,0,0,0,0,"F"
1,2,0,1,">S.X","","","","9/L9+","T",1,0,0,0,0,"F"
0,0,0,2,".CSS","","","","K","T",1,0,0,0,0,"F"
0,1,1,0,"BX","","","","43/G6M","T",1,0,0,0,0,"F"
0,2,1,2,"FBFX","","","","53/G56","T",1,0,0,0,0,"F"
1,0,1,2,".BFSS","","","","K","T",1,0,0,0,0,"F"
1,1,1,0,"BX","","","","8/F8XD","T",1,0,0,0,0,"F"
1,2,3,2,"CFBBBX","","","","63/G4","T",1,0,0,0,0,"F"
0,0,3,2,"..CBFBBFFFFX","","","","D8/L78XD","T",0,2,0,0,0,"F"
0,0,0,0,"X","","stram002","","9/F9LD.2-3","T",1,0,0,3,0,"F"
0,1,0,1,"CX","","","stram002","D8/L8.3-H","T",0,2,0,0,4,"F"
0,1,2,1,"B*BFX","","ramij003","","53/G5SF/FL.2-3","T",1,0,0,3,0,"F"
0,2,3,2,".BSF*B*BB","","","ramij003","W+WP.3-H(NR)","T",0,1,0,0,4,"F"
0,2,1,1,"1*BS1>B","zimmb001","","","SB2.1-3(E2/TH)","F",0,0,3,0,0,"F"
0,2,3,2,"1*BS1>B.BFFFX","","","zimmb001","53/G6S","T",1,0,0,0,3,"F"
1,0,1,2,"..BTFX","","","","63/G6MD","T",1,0,0,0,0,"F"
1,1,0,1,"FX","","","","43/G4","T",1,0,0,0,0,"F"
1,2,2,2,"CBFBS","","","","K","T",1,0,0,0,0,"F"
0,0,3,0,"...BBBB","","millo002","","W","T",0,1,0,2,0,"F"
0,0,0,0,"X","gimea001","millo002","","14/SH/BG2-.2-3;1-2","T",1,0,2,3,0,"F"
0,1,0,2,"CCFC","","gimea001","millo002","K","T",1,0,0,2,3,"F"
0,2,1,2,"CCBFX","","gimea001","millo002","4/L4MD","T",1,0,0,2,3,"F"
1,0,1,2,".....BCCX","","refsr001","","5/L6S","T",1,0,0,2,0,"F"
1,1,3,0,"VVVV","","refsr001","","IW","T",0,1,0,2,0,"F"
1,1,3,2,"BBBCSS","sanom001","refsr001","","K","T",1,0,1,2,0,"F"
1,2,1,1,"BFX","sanom001","refsr001","","8/L89","T",1,0,1,2,0,"F"
0,0,0,1,"...FX","","stram002","","7/F7D","T",1,0,0,2,0,"F"
0,1,0,0,"X","","stram002","","9/L9+","T",1,0,0,2,0,"F"
0,2,3,0,"VVVV","","stram002","","IW","T",0,1,0,2,0,"F"
0,2,1,2,".*BFCX","johnd006","stram002","","8/L78D","T",1,0,1,2,0,"F"
1,0,0,0,"....X","","jeffr002","","2/BP2F-/FL","T",1,0,0,2,0,"F"
1,1,0,0,"X","","jeffr002","","E3/G3.2-3;B-1","T",0,1,0,3,0,"F"
1,1,3,2,"B*BFBS>B","keplm001","","jeffr002","W.1-2","T",0,1,2,0,3,"F"
1,1,0,1,"FX","cavej001","keplm001","jeffr002","S9/L34D.3-H(UR);2-3;1-2","T",0,1,2,3,5,"F"
0,0,0,2,"CCX","","","","53/G6","T",1,0,0,0,0,"T"
0,1,3,2,"BBFCBX","","","","7/L7D+","T",1,0,0,0,0,"F"
0,2,3,2,"BBCBFFB","","","","W","T",0,1,0,0,0,"F"
0,2,0,1,"C1X","yelic001","","","64(1)/FO/G6.B-1","T",1,1,0,0,0,"F"
1,0,0,2,"SSS","","","","K","T",1,0,0,0,0,"F"
1,1,3,2,"BBFSBFFS","","","","K","T",1,0,0,0,0,"F"
1,2,2,2,"BCFBX","","","","S3/G34+","T",0,1,0,0,0,"F"
1,2,0,0,"X","refsr001","","","HR/L7LD.1-H","T",0,4,4,0,0,"F"
1,2,1,0,"BX","","","","S7/L7S+","T",0,1,0,0,0,"F"
1,2,1,1,"FBX","sanom001","","","7/F7D","T",1,0,1,0,0,"F"
0,0,1,0,"BX","","","","53/G56+","T",1,0,0,0,0,"F"
0,1,1,1,"CBX","","","","43/G4","T",1,0,0,0,0,"F"
0,2,1,2,"CBFX","","","","3/P3F/FL","T",1,0,0,0,0,"F"
1,0,3,2,"FBCFFBBX","","","","8/L78D","T",1,0,0,0,0,"F"
1,1,0,0,"X","","","","S9/L4D","T",0,1,0,0,0,"F"
1,1,1,2,"CBSX","astuw001","","","S9/G34.1-2","T",0,1,2,0,0,"F"
1,1,3,1,"BBBSB","simma001","astuw001","","W.2-3;1-2","T",0,1,2,3,0,"F"
1,1,2,2,"*BF*BFFC","buxtb001","simma001","astuw001","K","T",1,0,1,2,3,"F"
1,2,2,2,"BBFFS","buxtb001","simma001","astuw001","K","T",1,0,1,2,3,"F"
0,0,1,2,"CFFBFFC","","","","K","T",1,0,0,0,0,"F"
0,1,0,0,"X","","","","5/L56","T",1,0,0,0,0,"F"
0,2,0,1,"CX","","","","S4/G4S","T",0,1,0,0,0,"F"
0,2,2,1,"1BFBX","wongk001","","","6/P6","T",1,0,1,0,0,"F"
1,0,1,1,"BSX","","","","63/G6D+","T",1,0,0,0,0,"F"
1,1,3,2,"CBCBBX","","","","8/F78D+","T",1,0,0,0,0,"F"
1,2,1,1,"BCX","","","","63/G6+","T",1,0,0,0,0,"F"
0,0,1,1,"CBX","","","","S18/L8S+","T",0,1,0,0,0,"F"
0,0,1,2,"B1FSF1T","yelic001","","","K","T",1,0,1,0,0,"F"
0,1,0,0,"1X","yelic001","","","8/F89XD","T",1,0,1,0,0,"F"
0,2,2,2,"B1BCCX","yelic001","","","S8/G6M.1-2","T",0,1,2,0,0,"F"
0,2,2,1,"BBCH","tellr001","yelic001","","HP.2-3;1-2","T",0,1,2,3,0,"F"
0,2,0,1,"CX","pinam001","tellr001","yelic001","6(1)/FO/G4M.B-1","T",1,1,0,2,3,"F"
1,0,2,2,"FBSBX","","","","D8/L89XD+","T",0,2,0,0,0,"F"
1,0,1,0,"BX","","keplm001","","8/F89","T",1,0,0,2,0,"F"
1,1,1,2,"SSFFFBS","","keplm001","","K","T",1,0,0,2,0,"F"
1,2,3,2,"CFBBF*BFX","","keplm001","","7/L7","T",1,0,0,2,0,"F"
0,0,3,2,"BBCBFX","","","","3/P23F/FL","T",1,0,0,0,0,"F"
0,1,2,2,"BSCFFBX","","","","53/G6+","T",1,0,0,0,0,"F"
0,2,3,2,"CBFBBX","","","","63/G6S","T",1,0,0,0,0,"F"
1,0,2,2,"BBFFFFX","","","","9/F89XD","T",1,0,0,0,0,"F"
1,1,2,2,"CBSBFS","","","","K","T",1,0,0,0,0,"F"
1,2,3,0,"BBBB","","","","W","T",0,1,0,0,0,"F"
1,2,0,2,".SSS","donaj001","","","K","T",1,0,1,0,0,"F"
0,0,3,2,"BCCBFFBX","","","","31/G3D+","T",1,0,0,0,0,"F"
0,1,0,0,".X","","","","63/G6D","T",1,0,0,0,0,"F"
0,2,2,2,"CBBCX","","","","D7/G5","T",0,2,0,0,0,"F"
0,2,0,2,"CFFS","","cainl001","","K","T",1,0,0,2,0,"F"
1,0,3,2,"BBFBFC","","","","K","T",1,0,0,0,0,"F"
1,1,2,2,"FFBFBX","","","","S9/L9+","T",0,1,0,0,0,"F"
1,1,0,1,"S>X","keplm001","","","7/L78","T",1,0,1,0,0,"F"
1,2,1,1,"FB1>*B","keplm001","","","SB2","F",0,0,2,0,0,"F"
1,2,2,1,"FB1>*B.X","","keplm001","","S6/G56.2-3","T",0,1,0,3,0,"F"
1,2,0,2,"CFC","simma001","","keplm001","K","T",1,0,1,0,3,"F"
0,0,1,0,"BX","","","","6/F8S","T",1,0,0,0,0,"F"
0,1,1,2,".CBSFS","","","","K","T",1,0,0,0,0,"F"
0,2,2,1,"BBFX","","","","9/F9LS","T",1,0,0,0,0,"F"
1,0,1,1,".BCX","","","","43/G34","T",1,0,0,0,0,"F"
1,1,3,1,"CBBBX","","","","3/P23F/FL","T",1,0,0,0,0,"F"
1,2,3,2,"SSFBBBFB","","","","W","T",0,1,0,0,0,"F"
1,2,0,2,"CSS","donaj001","","","K","T",1,0,1,0,0,"F"
0,0,1,2,"CBSX","","","","S9/L9S","T",0,1,0,0,0,"F"
0,0,1,2,"*BSSX","wongk001","","","9/F89S","T",1,0,1,0,0,"F"
0,1,0,2,"CFS","wongk001","","","K","T",1,0,1,0,0,"F"
0,2,2,2,".CBSFBC","wongk001","","","K/C","T",1,0,1,0,0,"F"
1,0,2,1,"...CBBX","","","","43/G4","T",1,0,0,0,0,"F"
1,1,3,2,"BCFBBB","","","","W","T",0,1,0,0,0,"F"
1,1,1,2,"CFBX","keplm001","","","4(1)3/GDP/G4","T",2,0,0,0,0,"F"
0,0,1,2,".CSBFC","","","","K","T",1,0,0,0,0,"F"
0,1,2,2,"CFFBB*S","","","","K","T",1,0,0,0,0,"F"
0,2,0,1,".SX","","","","8/F8XD+","T",1,0,0,0,0,"F"
0,0,0,1,".CX","","","","7/F7","T",1,0,0,0,0,"T"
0,1,0,1,"CX","","","","7/F7LS","T",1,0,0,0,0,"F"
0,2,2,2,"BFBSS","","","","K","T",1,0,0,0,0,"F"
1,0,3,2,"BBBCCFFC","","","","K","T",1,0,0,0,0,"F"
1,1,1,1,"FBX","","","","53/G56","T",1,0,0,0,0,"F"
1,2,3,1,"BBSBX","","","","S3/G34","T",0,1,0,0,0,"F"
1,2,2,2,"CF*BF1BX","polaj001","","","54(1)/FO/G56.B-1","T",1,1,0,0,0,"F"
0,0,0,2,"SFFFX","","","","63/G56","T",1,0,0,0,0,"F"
0,1,3,1,"BBBCX","","","","8/L8D+","T",1,0,0,0,0,"F"
0,2,1,2,"BCFFX","","","","E5/TH/G56.B-2","T",0,2,0,0,0,"F"
0,2,0,1,"CX","","cainl001","","8/F89D","T",1,0,0,2,0,"F"
1,0,0,1,"CX","","","","63/G6","T",1,0,0,0,0,"F"
1,1,1,0,"BX","","","","9/L9D","T",1,0,0,0,0,"F"
1,2,1,2,"CSFBFFS","","","","K","T",1,0,0,0,0,"F"
0,0,0,1,"CX","","","","53/G5","T",1,0,0,0,0,"F"
0,1,1,2,"CFBX","","","","S7/L78","T",0,1,0,0,0,"F"
0,1,1,2,"1SBSFX","petej002","","","43/G34.1-2","T",1,0,2,0,0,"F"
0,2,2,2,"CFFBBS","","petej002","","K","T",1,0,0,2,0,"F"
1,0,1,2,"CBCFFS","","","","K","T",1,0,0,0,0,"F"
1,1,2,0,"BBX","","","","53/G5","T",1,0,0,0,0,"F"
1,2,2,1,"BCBX","","","","7/F78S","T",1,0,0,0,0,"F"
0,0,0,1,"CX","","","","8/F78XD+","T",1,0,0,0,0,"F"
0,1,0,0,"X","","","","63/G6","T",1,0,0,0,0,"F"
0,2,1,2,"CFBX","","","","9/F9D","T",1,0,0,0,0,"F"
1,0,0,0,"X","","","","63/G6","T",1,0,0,0,0,"F"
1,1,0,2,"CCX","","","","D8/F89XD+","T",0,2,0,0,0,"F"
1,1,0,0,"X","","polaj001","","S8/L8.2-3","T",0,1,0,3,0,"F"
1,1,3,0,"BB*BB","donaj001","","polaj001","W.1-2","T",0,1,2,0,3,"F"
1,1,3,0,"B*BBX","keplm001","donaj001","polaj001","D8/G6+.3-H;2-H;1-3","T",0,2,3,4,4,"F"
1,1,3,1,"*BBBFB","","sanom001","keplm001","W","T",0,1,0,2,3,"F"
1,1,1,2,"C*BFX","rookb001","sanom001","keplm001","12(3)/FO/G1S.2-3;1-2;B-1","T",1,1,2,3,0,"F"
1,2,0,0,"H","jeffr002","rookb001","sanom001","HP.3-H;2-3;1-2","T",0,1,2,3,4,"F"
1,2,3,1,"BBFBB","simma001","jeffr002","rookb001","W.3-H;2-3;1-2","T",0,1,2,3,4,"F"
1,2,1,2,"SF*BFFS","arral001","simma001","jeffr002","K","T",1,0,1,2,3,"F"
0,0,3,2,"CCBBBB","","","","W","T",0,1,0,0,0,"F"
0,0,1,1,"BFX","cainl001","","","S9/G3.1-3","T",0,1,3,0,0,"F"
0,0,0,1,"CX","tellr001","","cainl001","S7/L7S.3-H;1-2","T",0,1,2,0,4,"F"
0,0,1,1,"BCX","pinam001","tellr001","","S7/L7S.2-H;1-2","T",0,1,2,4,0,"F"
0,0,0,0,".X","petej002","pinam001","","5/P5SF/FL","T",1,0,1,2,0,"F"
0,1,0,1,"CX","petej002","pinam001","","S7/L7+.2-3;1-2","T",0,1,2,3,0,"F"
0,1,1,1,"BSX","adamw002","petej002","pinam001","9/SF/F9.3-H(UR);2-H(E3/TH)(NR);1-2","T",1,0,2,4,5,"F"
0,2,0,2,"TSS","","adamw002","","K","T",1,0,0,2,0,"F"
1,0,0,0,"X","","","","43/G4","T",1,0,0,0,0,"F"
1,1,0,0,"X","","","","7/F7D","T",1,0,0,0,0,"F"
1,2,0,0,"X","","","","9/L9","T",1,0,0,0,0,"F"
0,0,0,0,"X","","","","9/L9","T",1,0,0,0,0,"F"
0,1,2,2,"CBFBFFC","","","","K","T",1,0,0,0,0,"F"
0,2,3,2,"BBCBSS","","","","K","T",1,0,0,0,0,"F"
1,0,0,1,"...CX","","","","S7/L78","T",0,1,0,0,0,"F"
1,0,2,2,"BFF*BH","sanom001","","","HP.1-2","T",0,1,2,0,0,"F"
1,0,2,1,"B*BFX","rookb001","sanom001","","S9/L9.2-3;1-2","T",0,1,2,3,0,"F"
1,0,0,1,".CX","jeffr002","rookb001","sanom001","46(1)3/GDP/G4.3-H(NR);2-3","T",2,0,0,3,4,"F"
1,2,0,1,"FX","","","rookb001","43/G34","T",1,0,0,0,3,"F"
0,0,1,0,".BX","","","","8/F8","T",1,0,0,0,0,"F"
0,1,1,0,"BX","","","","7/F7LD","T",1,0,0,0,0,"F"
0,2,0,1,"CX","","","","3/G34","T",1,0,0,0,0,"F"
1,0,1,2,"CFBC","","","","K","T",1,0,0,0,0,"F"
1,1,0,0,"X","","","","S8/L89+","T",0,1,0,0,0,"F"
1,1,2,1,"B1BF1X","polaj001","","","D7/L7LD+.1-H","T",0,2,4,0,0,"F"
1,1,0,2,"FCX","","donaj001","","6/F8S","T",1,0,0,2,0,"F"
1,2,3,2,"BCBBCX","","donaj001","","9/F9S","T",1,0,0,2,0,"F"
0,0,0,0,".X","","","","7/F78D","T",1,0,0,0,0,"F"
0,1,1,0,"BX","","","","S9/G4+","T",0,1,0,0,0,"F"
0,1,0,1,"SX","yelic001","","","54(1)/FO/G5.B-1","T",1,1,0,0,0,"F"
0,2,2,2,"BFFBFS","garca003","","","K","T",1,0,1,0,0,"F"
1,0,2,1,".BCBX","","","","3/G3","T",1,0,0,0,0,"F"
1,1,1,2,"FSBC","","","","K","T",1,0,0,0,0,"F"
1,2,2,2,"FBBFX","","","","53/G5","T",1,0,0,0,0,"F"
0,0,1,2,".CBTX","","","","63/G6","T",1,0,0,0,0,"F"
0,1,3,1,"BBCBB","","","","W","T",0,1,0,0,0,"F"
0,1,0,0,".X","reyep001","","","S7/L78S.1-2","T",0,1,2,0,0,"F"
0,1,1,1,"BSX","narvo001","reyep001","","6(1)3/GDP/G6MD","T",2,0,0,2,0,"F"
0,0,0,2,"CFFS","","","","K","T",1,0,0,0,0,"T"
0,1,3,1,"FBBBX","","","","9/F89D+","T",1,0,0,0,0,"F"
0,2,3,2,"CBBFBB","","","","W","T",0,1,0,0,0,"F"
0,2,1,2,"1BFFT","yelic001","","","K","T",1,0,1,0,0,"F"
1,0,2,2,"BBCFX","","","","3/G34","T",1,0,0,0,0,"F"
1,1,1,2,"BSSFFX","","","","D7/L7LS+","T",0,2,0,0,0,"F"
1,1,2,2,"CBFB>X","","polaj001","","63/G6D.2-3","T",1,0,0,3,0,"F"
1,2,0,1,"FX","","","polaj001","143/G6M","T",1,0,0,0,3,"F"
0,0,3,2,"BCSFBBFS","","","","K","T",1,0,0,0,0,"F"
0,1,0,2,"CSX","","","","HR/F7D","T",0,4,0,0,0,"F"
0,1,1,1,"CBX","","","","7/F7D","T",1,0,0,0,0,"F"
0,2,1,1,"SBX","","","","D8/L78XD","T",0,2,0,0,0,"F"
0,2,2,2,"BBFCX","","bradj001","","8/F8D","T",1,0,0,2,0,"F"
1,0,1,0,"BX","","","","S9/G4+","T",0,1,0,0,0,"F"
1,0,3,2,"BBBCCFS","sanom001","","","K","T",1,0,1,0,0,"F"
1,1,0,1,"FX","sanom001","","","143/G4MS.1-2","T",1,0,2,0,0,"F"
1,2,1,2,"F*BF*S","","sanom001","","K.BX1(23)","T",1,0,0,2,0,"F"
0,0,1,2,"LBFFFFC","","","","K","T",1,0,0,0,0,"F"
0,1,0,0,"X","","","","53/G56","T",1,0,0,0,0,"F"
0,2,3,2,"CBFFBBX","","","","D7/L7D","T",0,2,0,0,0,"F"
0,2,3,1,"FB*B*BB","","yelic001","","W","T",0,1,0,2,0,"F"
0,2,0,1,"CX","narvo001","yelic001","","HR/F8XD.2-H;1-H","T",0,4,4,4,0,"F"
0,2,1,2,"CBFX","","","","9/L9","T",1,0,0,0,0,"F"
1,0,1,2,"BCSX","","","","9/L9","T",1,0,0,0,0,"F"
1,1,1,1,"SBX","","","","8/L89D","T",1,0,0,0,0,"F"
1,2,2,2,"BCFBX","","","","63/G6","T",1,0,0,0,0,"F"
0,0,2,2,"CBBSFH","","","","HP","T",0,1,0,0,0,"F"
0,0,1,0,"BX","petej002","","","8/L89XD+","T",1,0,1,0,0,"F"
0,1,0,1,"11CX","petej002","","","D7/L78.1-3","T",0,2,3,0,0,"F"
0,1,0,0,"X","","reyep001","petej002","D9/L9LS.3-H;2-H","T",0,2,0,4,4,"F"
0,1,3,2,"*BFF*B*BFFB","","wongk001","","W","T",0,1,0,2,0,"F"
0,1,0,0,"X","adamw002","wongk001","","7/L78D+","T",1,0,1,2,0,"F"
0,2,0,0,"X","adamw002","wongk001","","7/F7D","T",1,0,1,2,0,"F"
1,0,3,1,"CBBBB","","","","W","T",0,1,0,0,0,"F"
1,0,1,2,"BSFC","refsr001","","","K","T",1,0,1,0,0,"F"
1,1,1,1,"BCX","refsr001","","","HR/F7LD.1-H","T",0,4,4,0,0,"F"
1,1,0,0,"X","","","","63/G56","T",1,0,0,0,0,"F"
1,2,2,0,"BBX","","","","53/G5","T",1,0,0,0,0,"F"
0,0,0,2,"CFX","","","","63/G6M","T",1,0,0,0,0,"F"
0,1,1,1,"CBX","","","","8/F8XD","T",1,0,0,0,0,"F"
0,2,2,2,"BSFBFS","","","","K","T",1,0,0,0,0,"F"
1,0,1,0,"BX","","","","53/G5","T",1,0,0,0,0,"F"
1,1,3,2,"BBCBCX","","","","53/G56","T",1,0,0,0,0,"F"
1,2,1,2,"CBFS","","","","K","T",1,0,0,0,0,"F"
0,0,0,0,".X","","","","43/G34D","T",1,0,0,0,0,"F"
0,1,1,2,"CFBX","","","","43/G4M","T",1,0,0,0,0,"F"
0,2,0,0,"X","","","","D7/L5D","T",0,2,0,0,0,"F"
0,2,0,2,"SFFS","","wongk001","","K","T",1,0,0,2,0,"F"
1,0,0,2,".CFX","","","","6/P56D","T",1,0,0,0,0,"F"
1,1,1,2,"BSFX","","","","9/L9","T",1,0,0,0,0,"F"
1,2,1,1,"CBX","","","","S7/G56+","T",0,1,0,0,0,"F"
1,2,2,2,"CBBCC","donaj001","","","K","T",1,0,1,0,0,"F"
0,0,1,2,"CBFFX","","","","S8/G6+","T",0,1,0,0,0,"F"
0,0,1,0,"BX","yelic001","","","65(1)3/GDP/G4M+","T",2,0,0,0,0,"F"
0,2,0,1,"CX","","","","63/G4MD+","T",1,0,0,0,0,"F"
1,0,1,2,".CBCS","","","","K","T",1,0,0,0,0,"F"
1,1,2,2,"CBCBC","","","","K","T",1,0,0,0,0,"F"
1,2,1,2,"FBFX","","","","S9/L9S","T",0,1,0,0,0,"F"
1,2,3,2,".BCFBB>X","astuw001","","","63/G6","T",1,0,1,0,0,"F"
0,0,3,2,"..SCBFBBB","","","","W","T",0,1,0,0,0,"F"
0,0,0,2,"LSS","urial001","","","K","T",1,0,1,0,0,"F"
0,1,1,0,"1BX","urial001","","","S9/L9S.1-2","T",0,1,2,0,0,"F"
0,1,0,0,"X","bradj001","urial001","","64(1)/FO/G6.2-3;B-1","T",1,1,0,3,0,"F"
0,2,0,0,"X","reyep001","","urial001","43/G34","T",1,0,1,0,3,"F"
1,0,3,2,".CBBBFS","","","","K","T",1,0,0,0,0,"F"
1,1,0,2,"TSFT","","","","K","T",1,0,0,0,0,"F"
1,2,1,2,".SBSS","","","","K","T",1,0,0,0,0,"F"
0,0,1,2,"...SFFFBS","","","","K","T",1,0,0,0,0,"F"
0,1,0,0,"X","","","","7/F78D","T",1,0,0,0,0,"F"
0,2,1,2,"CBFS","","","","K","T",1,0,0,0,0,"F"
1,0,0,2,".SSX","","","","S7/L7LD+","T",0,1,0,0,0,"F"
1,0,0,2,"TSS","donaj001","","","K","T",1,0,1,0,0,"F"
1,1,3,2,"*BBFSBFS","donaj001","","","K","T",1,0,1,0,0,"F"
1,2,1,2,"BCS>T","donaj001","","","K","T",1,0,1,0,0,"F"
0,0,2,2,"CCBBFFX","","","","5/P6S","T",1,0,0,0,0,"T"
0,1,0,0,"X","","","","HR/F8XD","T",0,4,0,0,0,"F"
0,1,1,0,"BX","","","","3/G3","T",1,0,0,0,0,"F"
0,2,3,2,"BBFSBS","","","","K","T",1,0,0,0,0,"F"
1,0,3,1,"BCBBX","","","","D7/F78XD","T",0,2,0,0,0,"F"
1,0,3,2,"BCFBBX","","arral001","","S8/L8.2-3","T",0,1,0,3,0,"F"
1,0,1,1,"*BT>B","buxtb001","","arral001","CS2(26)","F",1,0,0,0,3,"F"
1,1,2,2,"*BT>B.FX","","","arral001","9/SF/L9D.3-H","T",1,0,0,0,4,"F"
1,2,2,0,"BBX","","","","63/G6","T",1,0,0,0,0,"F"
0,0,1,2,"CFBFFX","","","","S8/G4M","T",0,1,0,0,0,"F"
0,0,3,2,"C*BBBFFS","duffm002","","","K","T",1,0,1,0,0,"F"
0,1,3,2,"1B*BCB>F>X","duffm002","","","8/F8","T",1,0,1,0,0,"F"
0,2,0,2,"FF1B","duffm002","","","WP.1-2","F",0,0,2,0,0,"F"
0,2,2,2,"FF1B.*BX","","duffm002","","T8/F78XD.2-H","T",0,3,0,4,0,"F"
0,2,2,2,"B*BFFX","","","chirr001","13/G1S","T",1,0,0,0,3,"F"
1,0,3,1,"BCBBX","","","","S1/G56S-","T",0,1,0,0,0,"F"
1,0,2,1,"B1CBX","keplm001","","","S9/L9S-.1-3","T",0,1,3,0,0,"F"
1,0,1,2,"C*BFS","sanom001","","keplm001","K","T",1,0,1,0,3,"F"
1,1,3,2,"*BBSCBFFF>S","sanom001","","keplm001","K+SB2","T",1,0,2,0,3,"F"
1,2,0,2,"CSX","","sanom001","keplm001","8/F8D","T",1,0,0,2,3,"F"
0,0,3,2,"BFFFBBFX","","","","43/L3D","T",1,0,0,0,0,"F"
0,1,2,2,"CSBBX","","","","63/G6D+","T",1,0,0,0,0,"F"
0,2,0,2,"CFC","","","","K","T",1,0,0,0,0,"F"
1,0,3,2,"CBCBBX","","","","43/G4","T",1,0,0,0,0,"F"
1,1,1,0,"BX","","","","8/F8D+","T",1,0,0,0,0,"F"
1,2,3,2,"BBBCSX","","","","8/L8D","T",1,0,0,0,0,"F"
0,0,1,2,"BCSX","","","","4/P3D","T",1,0,0,0,0,"F"
0,1,3,2,"BBCBCFX","","","","7/F78XD","T",1,0,0,0,0,"F"
0,2,2,1,"CBBX","","","","43/G34","T",1,0,0,0,0,"F"
1,0,1,1,"BSX","","","","53/G56D+","T",1,0,0,0,0,"F"
1,1,1,2,"FBFX","","","","3/G3","T",1,0,0,0,0,"F"
1,2,1,2,"FSBS","","","","K","T",1,0,0,0,0,"F"
0,0,3,2,"FBCBBFS","","","","K","T",1,0,0,0,0,"F"
0,1,0,1,"CX","","","","63/G6","T",1,0,0,0,0,"F"
0,2,1,2,"FBC*S","","","","K.BX1(23)","T",1,0,0,0,0,"F"
1,0,3,2,"BCBBCX","","","","S5/G5+","T",0,1,0,0,0,"F"
1,0,3,2,"CB1BBFX","rookb001","","","S8/L8S-.1-2","T",0,1,2,0,0,"F"
1,0,1,1,"LBX","rortb001","rookb001","","1/BP1S","T",1,0,1,2,0,"F"
1,1,2,1,".B*BCX","rortb001","rookb001","","36(1)3/GDP/G3S","T",2,0,0,2,0,"F"
0,0,0,1,".SX","","","","S8/L89","T",0,1,0,0,0,"F"
0,0,2,1,"B11BF>X","orter001","","","9/F9D/DP.1X1(93)","T",2,0,0,0,0,"F"
0,2,2,2,"BBFC*S","","","","K","T",1,0,0,0,0,"F"
1,0,0,0,"X","","","","3/P3","T",1,0,0,0,0,"F"
1,1,3,1,"BBBCB","","","","W","T",0,1,0,0,0,"F"
1,1,0,1,"S1X","polaj001","","","64(1)3/GDP/G6","T",2,0,0,0,0,"F"
0,0,3,0,"BBBX","","","","D7/L78+","T",0,2,0,0,0,"F"
0,0,3,2,"*BBFC*BX","","wisdp001","","E5/G6S.B-1","T",0,1,0,2,0,"F"
0,0,0,2,"C+2M+2X","duffm002","wisdp001","","S9/G34.2-3;1-2","T",0,1,2,3,0,"F"
0,0,2,2,".FBCBFS","heywj001","duffm002","wisdp001","K","T",1,0,1,2,3,"F"
0,1,3,2,"BBFFBFS","heywj001","duffm002","wisdp001","K","T",1,0,1,2,3,"F"
0,2,0,2,"CC*S","heywj001","duffm002","wisdp001","K/FO.3XH(2);2-3;1-2;B-1","T",1,1,2,3,0,"F"
1,0,3,2,"BBBCCFB","","","","W","T",0,1,0,0,0,"F"
1,0,0,2,"SCX","keplm001","","","3/P3SF-/FL","T",1,0,1,0,0,"F"
1,1,1,2,"..CS*BT","keplm001","","","K","T",1,0,1,0,0,"F"
1,2,1,0,".BX","keplm001","","","S9/G34.1-2","T",0,1,2,0,0,"F"
1,2,2,1,".BBFX","refsr001","keplm001","","43/G34D","T",1,0,1,2,0,"F"
0,0,0,2,".....FFFS","","","","K","T",1,0,0,0,0,"F"
0,1,3,2,"BFBBCFX","","","","3/P3SF/FL","T",1,0,0,0,0,"F"
0,2,3,2,"BTFBFFFBX","","","","HR/F7LD","T",0,4,0,0,0,"F"
0,2,3,2,"BCFBBC","","","","K","T",1,0,0,0,0,"F"
1,0,1,1,".CBX","","","","S8/G6M","T",0,1,0,0,0,"F"
1,0,2,0,"BBX","arral001","","","9/F9","T",1,0,1,0,0,"F"
1,1,3,2,"BBFBFX","arral001","","","S8/L8.1-2","T",0,1,2,0,0,"F"
1,1,3,1,"BF*BBB","polaj001","arral001","","W.2-3;1-2","T",0,1,2,3,0,"F"
1,1,0,0,".X","donaj001","polaj001","arral001","4/F9LS/DP.3XH(42)","T",2,0,1,2,0,"F"
0,0,3,2,".BSFBBB","","","","W","T",0,1,0,0,0,"F"
0,0,0,1,"CX","duffm002","","","16(1)/FO/G13.B-1","T",1,1,0,0,0,"F"
0,1,2,2,"CBFBS","heywj001","","","K","T",1,0,1,0,0,"F"
0,2,1,0,"1BH","heywj001","","","HP.1-2","T",0,1,2,0,0,"F"
0,2,1,0,"BX","chirr001","heywj001","","64(1)/FO/G6D+.B-1","T",1,1,0,2,0,"F"
1,0,1,0,".BX","","","","3/P3F/FL","T",1,0,0,0,0,"F"
1,1,1,2,"BFSC","","","","K","T",1,0,0,0,0,"F"
1,2,1,2,"SFBS","","","","K","T",1,0,0,0,0,"F"
0,0,0,1,"FX","","","","8/F8D","T",1,0,0,0,0,"T"
0,1,0,2,"CFX","","","","9/F9D","T",1,0,0,0,0,"F"
0,2,0,2,"FSS","","","","K","T",1,0,0,0,0,"F"
1,0,2,1,"FBBX","","","","63/G56","T",1,0,0,0,0,"F"
1,1,2,2,"FFBBX","","","","4/P4MS","T",1,0,0,0,0,"F"
1,2,3,2,"BCBBFB","","","","W","T",0,1,0,0,0,"F"
1,2,2,1,"BFBX","refsr001","","","43/G6M","T",1,0,1,0,0,"F"
0,0,3,2,"BBBCSS","","","","K","T",1,0,0,0,0,"F"
0,1,0,2,"CFX","","","","13/G23","T",1,0,0,0,0,"F"
0,2,1,2,"BFFX","","","","43/G4","T",1,0,0,0,0,"F"
1,0,3,1,"BBCBB","","","","W","T",0,1,0,0,0,"F"
1,0,0,2,"FCFH","sanom001","","","HP.1-2","T",0,1,2,0,0,"F"
1,0,0,2,"CF*S","rookb001","sanom001","","K","T",1,0,1,2,0,"F"
1,1,0,1,"FX","rookb001","sanom001","","64(1)3/GDP/G6","T",2,0,0,2,0,"F"
0,0,3,1,"BCBBB","","","","W","T",0,1,0,0,0,"F"
0,0,3,2,"C*B1BBS1S","rivaa001","","","K","T",1,0,1,0,0,"F"
0,1,3,1,"BFBBX","rivaa001","","","D8/F89D.1-3","T",0,2,3,0,0,"F"
0,1,2,2,"BBFCX","","romia001","rivaa001","8/F8","T",1,0,0,2,3,"F"
0,2,1,1,"S*BX","","romia001","rivaa001","HR/F7LD.3-H;2-H","T",0,4,0,4,4,"F"
0,2,1,2,"SCBFX","","","","S9/L9LD+","T",0,1,0,0,0,"F"
0,2,1,0,"B>B","happi001","","","SB2","F",0,0,2,0,0,"F"
0,2,3,2,"B>B.SSBX","","happi001","","7/F7D+","T",1,0,0,2,0,"F"
1,0,2,2,"CBFBX","","","","63/G6","T",1,0,0,0,0,"F"
1,1,3,2,"CBSBFFBFFX","","","","8/F8","T",1,0,0,0,0,"F"
1,2,3,1,"BBBCX","","","","9/F9D","T",1,0,0,0,0,"F"
0,0,3,2,"BBCSBFFX","","","","8/F78","T",1,0,0,0,0,"F"
0,1,1,1,"SBX","","","","9/F9","T",1,0,0,0,0,"F"
0,2,0,2,"CFS","","","","K","T",1,0,0,0,0,"F"
1,0,1,2,"CCBS","","","","K","T",1,0,0,0,0,"F"
1,1,3,2,"FSBBBB","","","","W","T",0,1,0,0,0,"F"
1,1,2,2,"SFBBT","donaj001","","","K","T",1,0,1,0,0,"F"
1,2,2,2,"BBFF>X","donaj001","","","S8/G4M.1-3","T",0,1,3,0,0,"F"
1,2,2,0,"BBX","rookb001","","donaj001","64(1)/FO/G6D+.B-1","T",1,1,0,0,3,"F"
0,0,1,2,"BSFFFC","","","","K","T",1,0,0,0,0,"F"
0,1,0,2,"CFX","","","","43/G4","T",1,0,0,0,0,"F"
0,2,3,2,"FCBFBBFFFX","","","","8/F8S","T",1,0,0,0,0,"F"
1,0,1,0,"BX","","","","63/G6D","T",1,0,0,0,0,"F"
1,1,0,1,"FX","","","","8/F8XD","T",1,0,0,0,0,"F"
1,2,3,2,"CBTBBX","","","","53/G5","T",1,0,0,0,0,"F"
0,0,0,1,".FX","","","","63/G6D+","T",1,0,0,0,0,"F"
0,1,1,2,"SSFFB*S","","","","K","T",1,0,0,0,0,"F"
0,2,0,0,"X","","","","8/L8XD+","T",1,0,0,0,0,"F"
1,0,0,1,".CX","","","","53/BG25-","T",1,0,0,0,0,"F"
1,1,0,0,"X","","","","63/G6","T",1,0,0,0,0,"F"
1,2,0,1,"SX","","","","3/P3F/FL","T",1,0,0,0,0,"F"
0,0,2,1,"BBFX","","","","S9/G3","T",0,1,0,0,0,"F"
0,0,2,2,"FFF1BB1X","heywj001","","","64(1)3/GDP/G6","T",2,0,0,0,0,"F"
0,2,2,2,"BSFBX","","","","7/F7L","T",1,0,0,0,0,"F"
1,0,0,2,"CC*S","","","","K","T",1,0,0,0,0,"F"
1,1,1,0,"BX","","","","S7/L7D+","T",0,1,0,0,0,"F"
1,1,1,2,"CBFS","rookb001","","","K","T",1,0,1,0,0,"F"
1,2,0,0,"X","rookb001","","","9/L9L","T",1,0,1,0,0,"F"
0,0,0,2,".FCX","","","","8/F8XD","T",1,0,0,0,0,"F"
0,1,2,2,"CFBBS","","","","K","T",1,0,0,0,0,"F"
0,2,0,1,"FX","","","","7/F7D","T",1,0,0,0,0,"F"
1,0,0,2,".CFS","","","","K","T",1,0,0,0,0,"F"
1,1,2,2,"SBFBX","","","","63/G6D+","T",1,0,0,0,0,"F"
1,2,0,0,"X","","","","7/F7L","T",1,0,0,0,0,"F"
0,0,2,2,"...CBFBX","","","","53/G56","T",1,0,0,0,0,"F"
0,1,0,2,"CCX","","","","53/G6MS","T",1,0,0,0,0,"F"
0,2,1,1,"SBX","","","","63/G6","T",1,0,0,0,0,"F"
1,0,3,2,"BCBSBC","","","","K","T",1,0,0,0,0,"F"
1,1,0,2,"STFX","","","","43/G4MD","T",1,0,0,0,0,"F"
1,2,3,2,"BSBCBS","","","","K","T",1,0,0,0,0,"F"
0,0,1,1,"CBX","","","","9/F9","T",1,0,0,0,0,"T"
0,1,1,1,"CBX","","","","D7/G5","T",0,2,0,0,0,"F"
0,1,3,2,"*BTF*BFB*B","","lopen001","","W","T",0,1,0,2,0,"F"
0,1,1,1,"BCX","peres002","lopen001","","HR/F9LD.2-H;1-H","T",0,4,4,4,0,"F"
0,1,0,1,"CX","","","","2/P2F/FL","T",1,0,0,0,0,"F"
0,2,2,2,"FSBBC","","","","K","T",1,0,0,0,0,"F"
1,0,2,0,"BBX","","","","HR/F8XD","T",0,4,0,0,0,"F"
1,0,0,0,"X","","","","D7/L7LD+","T",0,2,0,0,0,"F"
1,0,3,2,"*BBCCFBX","","polaj001","","S9/L9D+.2-3","T",0,1,0,3,0,"F"
1,0,3,2,"CBS*BBX","refsr001","","polaj001","HR/F7LD.3-H;1-H","T",0,4,4,0,4,"F"
1,0,1,1,"CBX","","","","9/F9+","T",1,0,0,0,0,"F"
1,1,3,2,"STBBFBS","","","","K","T",1,0,0,0,0,"F"
1,2,1,2,"CFFFBX","","","","8/F78S","T",1,0,0,0,0,"F"
0,0,0,0,"X","","","","8/F8XD+","T",1,0,0,0,0,"F"
0,1,0,2,"CCX","","","","53/G56","T",1,0,0,0,0,"F"
0,2,1,1,"CBX","","","","53/G56","T",1,0,0,0,0,"F"
1,0,0,0,"X","","","","4/F8S-","T",1,0,0,0,0,"F"
1,1,2,1,"BCBX","","","","S7/G56","T",0,1,0,0,0,"F"
1,1,2,2,"F1BCFF1FB1S","simma001","","","K","T",1,0,1,0,0,"F"
1,2,3,2,"F*BS>F*B1B>X","simma001","","","4/P34D","T",1,0,1,0,0,"F"
0,0,1,2,"CFBFX","","","","9/F9LD","T",1,0,0,0,0,"F"
0,1,0,0,"X","","","","9/F9LD","T",1,0,0,0,0,"F"
0,2,1,2,"CFBC","","","","K","T",1,0,0,0,0,"F"
1,0,2,2,"CBBCC","","","","K","T",1,0,0,0,0,"F"
1,1,0,0,"X","","","","9/F9D","T",1,0,0,0,0,"F"
1,2,1,1,"SBX","","","","9/F9S","T",1,0,0,0,0,"F"
0,0,0,1,"FX","","","","S9/L9LD","T",0,1,0,0,0,"F"
0,0,1,1,"BCX","benia002","","","5/F56D","T",1,0,1,0,0,"F"
0,1,1,2,"1FB1FX","benia002","","","8/F8","T",1,0,1,0,0,"F"
0,2,2,2,"1CBBCX","benia002","","","D7/L78.1-H","T",0,2,4,0,0,"F"
0,2,0,2,"FFC","","taylm002","","K","T",1,0,0,2,0,"F"
1,0,1,1,"SBX","","","","7/F78D","T",1,0,0,0,0,"F"
1,1,3,2,"BBSFFBX","","","","S1/G15","T",0,1,0,0,0,"F"
1,1,1,2,"*BFFS","keplm001","","","K","T",1,0,1,0,0,"F"
1,2,0,2,"11S1FX","keplm001","","","S8/F8S-.1-3","T",0,1,3,0,0,"F"
1,2,0,0,"X","simma001","","keplm001","4/P4","T",1,0,1,0,3,"F"
0,0,0,2,"SSX","","","","D9/F9LD","T",0,2,0,0,0,"F"
0,0,2,2,"BSBSX","","rives002","","43/G4.2-3","T",1,0,0,3,0,"F"
0,1,0,1,"CX","","","rives002","FC/G4.3XH(42);B-1","T",1,1,0,0,0,"F"
0,2,0,0,"1X","lopen001","","","7/F78D","T",1,0,1,0,0,"F"
1,0,2,2,"CFBBFX","","","","8/F8","T",1,0,0,0,0,"F"
1,1,2,2,"FSBBX","","","","43/G4MD","T",1,0,0,0,0,"F"
1,2,0,0,"X","","","","43/G4","T",1,0,0,0,0,"F"
0,0,0,2,"SFX","","","","63/G4M","T",1,0,0,0,0,"F"
0,1,0,0,"X","","","","8/L8XD+","T",1,0,0,0,0,"F"
0,2,1,2,"FFBS","","","","K","T",1,0,0,0,0,"F"
1,0,1,1,"CBX","","","","7/F7","T",1,0,0,0,0,"F"
1,1,0,0,"X","","","","5/L56","T",1,0,0,0,0,"F"
1,2,1,0,"BX","","","","31/G3","T",1,0,0,0,0,"F"
0,0,0,1,".FX","","","","9/F9D","T",1,0,0,0,0,"F"
0,1,1,2,"CBFS","","","","K","T",1,0,0,0,0,"F"
0,2,1,2,"SFBFX","","","","7/F78S","T",1,0,0,0,0,"F"
1,0,0,0,".X","","","","53/G5","T",1,0,0,0,0,"F"
1,1,2,2,"BLBS*S","","","","K.BX1(23)","T",1,0,0,0,0,"F"
1,2,0,0,"X","","","","53/G5","T",1,0,0,0,0,"F"
0,0,0,0,".X","","","","4/F8S","T",1,0,0,0,0,"F"
0,1,1,2,"CBFX","","","","1/G23","T",1,0,0,0,0,"F"
0,2,1,2,"FBSS","","","","K","T",1,0,0,0,0,"F"
1,0,0,0,".X","","","","3/G3","T",1,0,0,0,0,"F"
1,1,2,2,"CCBFBFC","","","","K","T",1,0,0,0,0,"F"
1,2,3,2,"BBBCCFB","","","","W","T",0,1,0,0,0,"F"
1,2,1,2,"*S*BSS","donaj001","","","K","T",1,0,1,0,0,"F"
0,0,0,0,".X","","","","S8/G6M+","T",0,1,0,0,0,"F"
0,0,0,2,"FFS","benia002","","","K","T",1,0,1,0,0,"F"
0,1,0,2,"SFS","benia002","","","K","T",1,0,1,0,0,"F"
0,2,3,1,"BS*BBX","benia002","","","7/F7","T",1,0,1,0,0,"F"
1,0,2,2,".CFBBS","","","","K","T",1,0,0,0,0,"F"
1,1,1,2,"CBFX","","","","5/P5F/FL","T",1,0,0,0,0,"F"
1,2,3,2,".BCBSBX","","","","63/G6M","T",1,0,0,0,0,"F"
0,0,3,2,"....FFBB*BT","","taylm002","","K","T",1,0,0,2,0,"F"
0,1,3,2,".BFF*BFBFFF*B","","taylm002","","W","T",0,1,0,2,0,"F"
0,1,1,2,"BC>FS","olive001","taylm002","","K","T",1,0,1,2,0,"F"
0,2,3,2,"BB*BCS>X","olive001","taylm002","","S1/G3S.2-3;1-2","T",0,1,2,3,0,"F"
0,2,0,0,"X","lopen001","olive001","taylm002","43/G6M","T",1,0,1,2,3,"F"
1,0,3,2,".....CSBBFBB","","rortb001","","W","T",0,1,0,2,0,"F"
1,0,0,1,"CX","arral001","rortb001","","2/BP2F-/FL","T",1,0,1,2,0,"F"
1,1,1,0,"BX","arral001","rortb001","","7/F7D","T",1,0,1,2,0,"F"
1,2,1,0,"BX","arral001","rortb001","","6/L6D","T",1,0,1,2,0,"F"
0,0,0,0,"...X","","peres002","","HR/F7D.2-H(UR)","T",0,4,0,5,0,"F"
0,0,2,1,"BBFX","","","","8/F8XD","T",1,0,0,0,0,"F"
0,1,3,1,"BBSBB","","","","W","T",0,1,0,0,0,"F"
0,1,0,1,"C1","mondr003","","","OA.1-2(E3)","F",0,0,2,0,0,"F"
0,1,0,1,"C1.X","","mondr003","","8/F8","T",1,0,0,2,0,"F"
0,2,0,0,".X","","mondr003","","43/G6M","T",1,0,0,2,0,"F"
1,0,0,0,"..X","","refsr001","","9/F89S+","T",1,0,0,2,0,"F"
1,1,3,0,"*BBBX","","refsr001","","4/F9LSF/FL","T",1,0,0,2,0,"F"
1,2,2,2,"SBC*BC","","refsr001","","K","T",1,0,0,2,0,"F"
0,0,0,0,"X","","","","S7/L7L+","T",0,1,0,0,0,"T"
0,0,0,1,"C1X","merrw001","","","7/F7D","T",1,0,1,0,0,"F"
0,1,0,1,"FX","merrw001","","","9/F89D","T",1,0,1,0,0,"F"
0,2,1,0,"1BN","merrw001","","","CS2(16)","F",1,0,0,0,0,"F"
1,0,3,2,"BBCBFFS","","","","K","T",1,0,0,0,0,"F"
1,1,2,2,"BCBSFX","","","","HR/F78XD","T",0,4,0,0,0,"F"
1,1,2,2,"BCBFX","","","","HR/F9LD","T",0,4,0,0,0,"F"
1,1,0,2,"CSS","","","","K","T",1,0,0,0,0,"F"
1,2,0,2,"CTX","","","","7/L78D","T",1,0,0,0,0,"F"
0,0,0,2,"CFX","","","","43/G3D","T",1,0,0,0,0,"F"
0,1,1,0,"BX","","","","43/G34D+","T",1,0,0,0,0,"F"
0,2,1,2,"CBFX","","","","8/F8D","T",1,0,0,0,0,"F"
1,0,2,2,"BSFFBX","","","","HR/F89XD","T",0,4,0,0,0,"F"
1,0,1,0,"BX","","","","63/G56D+","T",1,0,0,0,0,"F"
1,1,1,0,"BX","","","","7/L7D+","T",1,0,0,0,0,"F"
1,2,0,2,"CCC","","","","K","T",1,0,0,0,0,"F"
0,0,3,2,"CBBFBX","","","","53/G5","T",1,0,0,0,0,"F"
0,1,1,1,"CBX","","","","S7/L7S","T",0,1,0,0,0,"F"
0,1,2,2,"CC*BBS","albeh001","","","K","T",1,0,1,0,0,"F"
0,2,2,2,"SS*BBFFX","albeh001","","","53/G5","T",1,0,1,0,0,"F"
1,0,0,0,"X","","","","63/G6","T",1,0,0,0,0,"F"
1,1,2,2,"BBFFX","","","","53/G5","T",1,0,0,0,0,"F"
1,2,1,0,"BX","","","","S4/G3","T",0,1,0,0,0,"F"
1,2,2,2,"BCC1*B>C","polaj001","","","K","T",1,0,1,0,0,"F"
0,0,3,2,"CBBFBX","","","","S9/G34","T",0,1,0,0,0,"F"
0,0,0,1,"SH","lopen001","","","HP.1-2","T",0,1,2,0,0,"F"
0,0,1,2,"FC*BX","peres002","lopen001","","S8/L8S.2-H;1-2","T",0,1,2,4,0,"F"
0,0,1,0,"BX","benia002","peres002","","4/L4-","T",1,0,1,2,0,"F"
0,1,0,2,"FCX","benia002","peres002","","64(1)/FO/G6.2-3;B-1","T",1,1,0,3,0,"F"
0,2,2,2,"C*BSBT","taylm002","","peres002","K","T",1,0,1,0,3,"F"
1,0,1,2,"FBFX","","","","HR/F9D","T",0,4,0,0,0,"F"
1,0,3,2,"BBBCSB","","","","W","T",0,1,0,0,0,"F"
1,0,2,2,"1FB+11CBFFFS","gordn001","","","K+SB2","T",1,0,2,0,0,"F"
1,1,0,2,"CSC","","gordn001","","K","T",1,0,0,2,0,"F"
1,2,0,2,"FCFX","","gordn001","","43/G4","T",1,0,0,2,0,"F"
0,0,2,2,"BFSFB*S","","","","K","T",1,0,0,0,0,"F"
0,1,0,1,"FX","","","","D7/L7LD","T",0,2,0,0,0,"F"
0,1,0,1,"CX","","dozih001","","43/G4.2-3","T",1,0,0,3,0,"F"
0,2,1,2,"BCFX","","","dozih001","3/G3","T",1,0,0,0,3,"F"
1,0,2,2,"CBBFX","","","","7/F7S","T",1,0,0,0,0,"F"
1,1,1,2,"FBCX","","","","S8/F8-","T",0,1,0,0,0,"F"
1,1,2,2,"CFBB1X","buxtb001","","","HR/F9D.1-H","T",0,4,4,0,0,"F"
1,1,1,2,"CCBS","","","","K","T",1,0,0,0,0,"F"
1,2,3,0,"BBBB","","","","W","T",0,1,0,0,0,"F"
1,2,2,2,".CFBBS","keplm001","","","K","T",1,0,1,0,0,"F"
0,0,0,2,".CC*S","","","","K","T",1,0,0,0,0,"F"
0,1,2,2,"SFBBX","","","","D8/L78XD+","T",0,2,0,0,0,"F"
0,1,3,2,"C*BFFBBC","","benia002","","K","T",1,0,0,2,0,"F"
0,2,3,1,"CBBBB","","benia002","","W","T",0,1,0,2,0,"F"
0,2,3,2,"BFSBB>X","taylm002","benia002","","8/F89","T",1,0,1,2,0,"F"
1,0,3,2,"SBSBFBFFX","","","","63/G56","T",1,0,0,0,0,"F"
1,1,3,2,"BSSBBFX","","","","7/F7","T",1,0,0,0,0,"F"
1,2,1,0,"BX","","","","S8/L89D","T",0,1,0,0,0,"F"
1,2,3,1,".CBBBB","rortb001","","","W.1-2","T",0,1,2,0,0,"F"
1,2,0,0,"X","arral001","rortb001","","9/F89D","T",1,0,1,2,0,"F"
0,0,1,2,".BFFX","","","","8/F8XD","T",1,0,0,0,0,"F"
0,1,3,2,"BBCBFX","","","","53/G56","T",1,0,0,0,0,"F"
0,2,0,1,"CX","","","","3/L34","T",1,0,0,0,0,"F"
1,0,2,2,".BBFFX","","","","31/G3","T",1,0,0,0,0,"F"
1,1,3,2,"BBCFFFBX","","","","S67/G56","T",0,1,0,0,0,"F"
1,1,0,1,"CX","donaj001","","","D9/F89XD+.1-3","T",0,2,3,0,0,"F"
1,1,2,0,"BBX","","keplm001","donaj001","3/G3+","T",1,0,0,2,3,"F"
1,2,3,2,"*BBCBFB","","keplm001","donaj001","W","T",0,1,0,2,3,"F"
1,2,3,1,"BBFBX","sanom001","keplm001","donaj001","S9/L89S-.3-H;2-H;1-2","T",0,1,2,4,4,"F"
1,2,0,0,".X","cavej001","sanom001","","S5/G6M.2-H;1-2","T",0,1,2,4,0,"F"
1,2,0,0,"X","rortb001","cavej001","","63/G6S","T",1,0,1,2,0,"F"
0,0,2,1,".BBFX","","","","S8/L4MD+","T",0,1,0,0,0,"F"
0,0,0,0,"X","lopen001","","","S8/G4M.1-2","T",0,1,2,0,0,"F"
0,0,0,1,"CX","peres002","lopen001","","56(1)/FO/G56S-.2-3;B-1","T",1,1,0,3,0,"F"
0,1,2,1,"BBFX","benia002","","lopen001","64(1)3/GDP/G6","T",2,0,0,0,3,"F"
1,0,0,0,".X","","","","7/F7S","T",1,0,0,0,0,"F"
1,1,0,2,"CSX","","","","43/G34","T",1,0,0,0,0,"F"
1,2,1,2,"SSBFF*S","","","","K","T",1,0,0,0,0,"F"
0,0,1,2,"SFBF*S","","","","K","T",1,0,0,0,0,"F"
0,1,1,0,"BX","","","","7/L7D","T",1,0,0,0,0,"F"
0,2,0,1,"FX","","","","D7/G5","T",0,2,0,0,0,"F"
0,2,0,0,"X","","albeh001","","D7/G5.2-H","T",0,2,0,4,0,"F"
0,2,0,1,"TX","","dozih001","","8/F8D","T",1,0,0,2,0,"F"
0,0,1,0,"BX","","","","D8/F78XD+","T",0,2,0,0,0,"T"
0,0,0,2,"CSX","","merrw001","","S6/G6.2-3","T",0,1,0,3,0,"F"
0,0,1,2,"BSSX","lopen001","","merrw001","9/SF/F9LD.3-H;1-2","T",1,0,2,0,4,"F"
0,1,0,0,"X","","lopen001","","7/F7D","T",1,0,0,2,0,"F"
0,2,0,1,"CX","","lopen001","","8/F8","T",1,0,0,2,0,"F"
1,0,3,2,"FBBBFX","","","","DGR/L7LD+","T",0,2,0,0,0,"F"
1,0,2,1,"CBBB","","buxtb001","","PB.2-3","F",0,0,0,3,0,"F"
1,0,3,1,"CBBB.X","","","buxtb001","63/G6S","T",1,0,0,0,3,"F"
1,1,1,1,"BFX","","","buxtb001","7/SF/F78XD.3-H(UR)","T",1,0,0,0,5,"F"
1,2,0,1,"CX","","","","43/G6MD+","T",1,0,0,0,0,"F"
0,0,3,2,"BBSFBX","","","","HR/F9LD","T",0,4,0,0,0,"F"
0,0,3,2,"BBCSBS","","","","K","T",1,0,0,0,0,"F"
0,1,3,2,"BBFBSS","","","","K","T",1,0,0,0,0,"F"
0,2,0,2,"FCS","","","","K","T",1,0,0,0,0,"F"
1,0,3,2,"FSBBBS","","","","K","T",1,0,0,0,0,"F"
1,1,0,1,"FX","","","","9/F9","T",1,0,0,0,0,"F"
1,2,2,2,"BCCBS","","","","K","T",1,0,0,0,0,"F"
0,0,2,1,"CBBX","","","","53/G56","T",1,0,0,0,0,"F"
0,1,2,2,"BSSBC","","","","K","T",1,0,0,0,0,"F"
0,2,3,2,"BFTBFBFS","","","","K","T",1,0,0,0,0,"F"
1,0,0,0,"X","","","","43/G4M+","T",1,0,0,0,0,"F"
1,1,0,1,"CX","","","","S7/L7LD","T",0,1,0,0,0,"F"
1,1,0,0,"H","simma001","","","HP.1-2","T",0,1,2,0,0,"F"
1,1,3,2,"CF*BBBX","buxtb001","simma001","","4/P4MD","T",1,0,1,2,0,"F"
1,2,2,2,"CBFBX","buxtb001","simma001","","4/F4MD","T",1,0,1,2,0,"F"
0,0,0,2,"CFS","","","","K","T",1,0,0,0,0,"F"
0,1,0,0,"X","","","","43/G34D","T",1,0,0,0,0,"F"
0,2,3,2,"BFBFBFX","","","","8/F8XD","T",1,0,0,0,0,"F"
1,0,1,2,"CBCC","","","","K","T",1,0,0,0,0,"F"
1,1,3,2,"BSBBSFFC","","","","K","T",1,0,0,0,0,"F"
1,2,1,1,"BFX","","","","53/G56","T",1,0,0,0,0,"F"
0,0,3,1,"BBBCX","","","","S9/G4+","T",0,1,0,0,0,"F"
0,0,2,2,"BBCSFX","ohear001","","","7/L7D","T",1,0,1,0,0,"F"
0,1,0,2,">FSX","ohear001","","","S7/G56.1-2","T",0,1,2,0,0,"F"
0,1,0,0,".X","rives002","ohear001","","D9/P3D.2-H;1-3","T",0,2,3,4,0,"F"
0,1,0,2,"CFS","","merrw001","rives002","K","T",1,0,0,2,3,"F"
0,2,0,0,"X","","merrw001","rives002","9/L89","T",1,0,0,2,3,"F"
1,0,3,2,"FSBFFBBS","","","","K","T",1,0,0,0,0,"F"
1,1,0,0,"X","","","","4/L4D","T",1,0,0,0,0,"F"
1,2,1,2,"BFCC","","","","K","T",1,0,0,0,0,"F"
0,0,3,2,"BCBFFBX","","","","S7/L7","T",0,1,0,0,0,"F"
0,0,2,2,"CBBSFFS","benia002","","","K","T",1,0,1,0,0,"F"
0,1,3,2,"S1F1FBBF1BX","benia002","","","9/F9S","T",1,0,1,0,0,"F"
0,2,3,2,"1FC*BBB>B","benia002","","","W.1-2","T",0,1,2,0,0,"F"
0,2,3,0,"*BBBB","ohear001","benia002","","W.2-3;1-2","T",0,1,2,3,0,"F"
0,2,0,0,".X","isbek001","ohear001","benia002","53/G56","T",1,0,1,2,3,"F"
1,0,1,1,"BCX","","","","S8/L8","T",0,1,0,0,0,"F"
1,0,0,1,"CX","buxtb001","","","S7/G56.1-2","T",0,1,2,0,0,"F"
1,0,0,2,"CFX","refsr001","buxtb001","","7/L7LD","T",1,0,1,2,0,"F"
1,1,3,2,"B*BBCFB","refsr001","buxtb001","","W.2-3;1-2","T",0,1,2,3,0,"F"
1,1,0,2,".FCS","donaj001","refsr001","buxtb001","K","T",1,0,1,2,3,"F"
1,2,1,1,"BFX","donaj001","refsr001","buxtb001","D7/L7LD.3-H;2-H;1-3","T",0,2,3,4,4,"F"
1,2,0,0,".X","","rookb001","donaj001","5/P5F/FL","T",1,0,0,2,3,"F"
0,0,0,2,"...SCX","","","","63/G6","T",1,0,0,0,0,"F"
0,1,1,2,"FFBFT","","","","K","T",1,0,0,0,0,"F"
0,2,1,0,"BX","","","","3/P3D","T",1,0,0,0,0,"F"
1,0,0,1,".SX","","","","8/F78S","T",1,0,0,0,0,"F"
1,1,3,2,"CBBSFBS","","","","K","T",1,0,0,0,0,"F"
1,2,2,2,"CBSBS","","","","K","T",1,0,0,0,0,"F"
0,0,1,1,".BSX","","","","S9/L9LS","T",0,1,0,0,0,"F"
0,0,3,1,"BBS1BB","benia002","","","W.1-2","T",0,1,2,0,0,"F"
0,0,1,0,".BX","dozih001","benia002","","14/SH/BG2-.2-3;1-2","T",1,0,2,3,0,"F"
0,1,0,1,"CX","","dozih001","benia002","FC/G4S.3XH(42);2-3;B-1","T",1,1,0,3,0,"F"
0,2,1,0,".BX","olive001","","dozih001","S9/G34+.3-H;1-2","T",0,1,2,0,4,"F"
0,2,1,2,"BCCS","isbek001","olive001","","K","T",1,0,1,2,0,"F"
1,0,2,2,"...CSBBX","","","","53/G5","T",1,0,0,0,0,"F"
1,1,1,1,"CBX","","","","E5/G56.B-1","T",0,1,0,0,0,"F"
1,1,3,0,"*B*BBB","arral001","","","W.1-2","T",0,1,2,0,0,"F"
1,1,2,2,"BCBFX","donaj001","arral001","","64(1)3/GDP/G6+","T",2,0,0,2,0,"F"
0,0,1,0,".BX","","","","S9/G34","T",0,1,0,0,0,"F"
0,0,0,0,"X","merrw001","","","34/SH/BG23-.1-2","T",1,0,2,0,0,"F"
0,1,2,1,"CBBX","","merrw001","","S8/L8+.2-3","T",0,1,0,3,0,"F"
0,1,0,2,"F*SFX","peres002","","merrw001","7/SF/F78XD.3-H","T",1,0,1,0,4,"F"
0,2,1,2,"FFFF*BC","peres002","","","K","T",1,0,1,0,0,"F"
1,0,2,2,"..BBCCS","","","","K","T",1,0,0,0,0,"F"
1,1,3,1,"BBFBX","","","","S7/L7+","T",0,1,0,0,0,"F"
1,1,1,0,"BX","keplm001","","","6/P56","T",1,0,1,0,0,"F"
1,2,0,2,".CSS","keplm001","","","K","T",1,0,1,0,0,"F"
0,0,0,0,"X","","","","7/L78D","T",1,0,0,0,0,"T"
0,1,0,1,"CX","","","","5/L56","T",1,0,0,0,0,"F"
0,2,0,2,"CCX","","","","9/F9","T",1,0,0,0,0,"F"
1,0,0,0,"X","","","","8/F8XD","T",1,0,0,0,0,"F"
1,1,1,2,"CBCFS","","","","K","T",1,0,0,0,0,"F"
1,2,0,0,"X","","","","9/L1S+","T",1,0,0,0,0,"F"
0,0,1,1,"CBX","","","","6/P6MD","T",1,0,0,0,0,"F"
0,1,0,2,"CFX","","","","4/L3D","T",1,0,0,0,0,"F"
0,2,1,2,"SCBX","","","","D7/L7LD","T",0,2,0,0,0,"F"
0,2,2,2,"BFF*BS","","ramih004","","K","T",1,0,0,2,0,"F"
1,0,3,2,"FBBCBB","","","","W","T",0,1,0,0,0,"F"
1,0,1,2,"FCFBFT","keplm001","","","K","T",1,0,1,0,0,"F"
1,1,1,2,"*SFBF11","keplm001","","","PO1(13)","F",1,0,0,0,0,"F"
1,2,1,2,"*SFBF11.X","","","","53/G6","T",1,0,0,0,0,"F"
0,0,1,2,"CBFS","","","","K","T",1,0,0,0,0,"F"
0,1,0,2,"SFC","","","","K","T",1,0,0,0,0,"F"
0,2,3,2,"BBCFBFB","","","","W","T",0,1,0,0,0,"F"
0,2,0,1,"1CX","stram002","","","4/F9S","T",1,0,1,0,0,"F"
1,0,1,2,"CCBC","","","","K","T",1,0,0,0,0,"F"
1,1,0,1,"CX","","","","S9/L9D","T",0,1,0,0,0,"F"
1,1,1,2,"FB>FFX","rortb001","","","D7/L7D+.1-H","T",0,2,4,0,0,"F"
1,1,0,1,"SX","","simma001","","8/L8","T",1,0,0,2,0,"F"
1,2,0,2,"FFFS","","simma001","","K","T",1,0,0,2,0,"F"
0,0,2,1,"BCBX","","","","2/P2F/FL","T",1,0,0,0,0,"F"
0,1,1,2,"FSBFS","","","","K","T",1,0,0,0,0,"F"
0,2,0,0,"X","","","","43/G34","T",1,0,0,0,0,"F"
1,0,2,2,"FBFBS","","","","K","T",1,0,0,0,0,"F"
1,1,3,2,"CBFBBFFX","","","","9/L89XD+","T",1,0,0,0,0,"F"
1,2,1,2,"SSBX","","","","2/P2F/FL","T",1,0,0,0,0,"F"
0,0,1,2,"BFCS","","","","K","T",1,0,0,0,0,"F"
0,1,1,1,"FBX","","","","HR/F9D","T",0,4,0,0,0,"F"
0,1,1,2,"FBSFX","","","","43/G4","T",1,0,0,0,0,"F"
0,2,1,2,"BFSX","","","","7/F7","T",1,0,0,0,0,"F"
1,0,0,1,"FX","","","","43/G34D+","T",1,0,0,0,0,"F"
1,1,0,0,"X","","","","63/G6D","T",1,0,0,0,0,"F"
1,2,2,2,"BBCSS","","","","K","T",1,0,0,0,0,"F"
0,0,1,2,"CBFX","","","","S1/L4MS","T",0,1,0,0,0,"F"
0,0,1,1,".BCX","stram002","","","23/G2-.1-2","T",1,0,2,0,0,"F"
0,1,0,1,"CX","","stram002","","9/F9","T",1,0,0,2,0,"F"
0,2,0,2,"FCC","","stram002","","K","T",1,0,0,2,0,"F"
1,0,0,0,".X","","","","D8/L78XD+","T",0,2,0,0,0,"F"
1,0,0,0,".X","","cavej001","","8/L8","T",1,0,0,2,0,"F"
1,1,0,2,"FFS","","cavej001","","K","T",1,0,0,2,0,"F"
1,2,0,0,"X","","cavej001","","8/F89XD","T",1,0,0,2,0,"F"
0,0,3,2,"...CBFBBS","","","","K","T",1,0,0,0,0,"F"
0,1,0,0,"X","","","","S48/G4M","T",0,1,0,0,0,"F"
0,1,1,1,"SBB","ramih004","","","PB.1-2","F",0,0,2,0,0,"F"
0,1,3,1,"SBB.*BB","","ramih004","","W","T",0,1,0,2,0,"F"
0,1,0,0,"X","zimmb001","ramih004","","D7/F7LD.2-H;1-3","T",0,2,3,4,0,"F"
0,1,0,0,".X","","hedga001","zimmb001","S5/G5.3-H;2-3","T",0,1,0,3,4,"F"
0,1,3,2,"BFBFBX","chany001","","hedga001","9/F89S","T",1,0,1,0,3,"F"
0,2,1,2,"CF1B*S","chany001","","hedga001","K","T",1,0,1,0,3,"F"
1,0,0,0,"..X","","","","13/G4MS","T",1,0,0,0,0,"F"
1,1,3,2,"BCBFBS","","","","K","T",1,0,0,0,0,"F"
1,2,1,2,"FSBX","","","","4/L34","T",1,0,0,0,0,"F"
0,0,3,1,"BBFBB","","","","W","T",0,1,0,0,0,"T"
0,0,1,2,"1CFBX","stram002","","","64(1)/FO/G6+.B-1","T",1,1,0,0,0,"F"
0,1,2,2,"CC*B1BFX","rosaa003","","","7/F78XD","T",1,0,1,0,0,"F"
0,2,2,2,"BBF1SX","rosaa003","","","8/F8D+","T",1,0,1,0,0,"F"
1,0,2,2,"SBSBFS","","","","K","T",1,0,0,0,0,"F"
1,1,2,2,"BBCSFS","","","","K","T",1,0,0,0,0,"F"
1,2,0,0,"X","","","","9/L9","T",1,0,0,0,0,"F"
0,0,2,2,"CSBBC","","","","K","T",1,0,0,0,0,"F"
0,1,2,1,"FBBX","","","","8/F8","T",1,0,0,0,0,"F"
0,2,1,0,"BX","","","","8/L8XD","T",1,0,0,0,0,"F"
1,0,3,0,"BBBB","","","","W","T",0,1,0,0,0,"F"
1,0,1,2,"C*S*BS","sanom001","","","K","T",1,0,1,0,0,"F"
1,1,3,1,"FBBBX","sanom001","","","S8/L8S.1-2","T",0,1,2,0,0,"F"
1,1,0,0,"X","jeffr002","sanom001","","54(1)3/GDP/G56","T",2,0,0,2,0,"F"
0,0,3,2,"FBBFBX","","","","53/G5S","T",1,0,0,0,0,"F"
0,1,0,0,"X","","","","S8/G6","T",0,1,0,0,0,"F"
0,1,1,2,"CFFB1X","merco003","","","43/G4.1-2","T",1,0,2,0,0,"F"
0,2,1,1,"BSX","","merco003","","D8/L89XD+.2-H","T",0,2,0,4,0,"F"
0,2,3,2,"CBBFBFFFX","","rosaa003","","D7/L7LD+.2-H","T",0,2,0,4,0,"F"
0,2,0,0,"X","","ramij003","","S7/L78S.2-H","T",0,1,0,4,0,"F"
0,2,1,0,"BX","reyef001","","","9/F89","T",1,0,1,0,0,"F"
1,0,1,1,"CBX","","","","S8/L8S","T",0,1,0,0,0,"F"
1,0,1,2,"1CFBX","gordn001","","","54(1)3/GDP/G56","T",2,0,0,0,0,"F"
1,2,0,0,"X","","","","9/F9D","T",1,0,0,0,0,"F"
0,0,0,1,"CX","","","","53/G5","T",1,0,0,0,0,"F"
0,1,0,2,"CFC","","","","K","T",1,0,0,0,0,"F"
0,2,3,2,"BSBCFFBX","","","","9/F89D","T",1,0,0,0,0,"F"
1,0,2,2,"BCFBFX","","","","S9/L9L","T",0,1,0,0,0,"F"
1,0,0,1,"CX","polaj001","","","9/F9LS","T",1,0,1,0,0,"F"
1,1,3,2,"BBCBFX","polaj001","","","S7/L7L.1-3;B-2","T",0,2,3,0,0,"F"
1,1,3,1,"BBBCX","","sanom001","polaj001","3/L34","T",1,0,0,2,3,"F"
1,2,0,1,"CX","","sanom001","polaj001","D7/L7LD+.3-H;2-H","T",0,2,0,4,4,"F"
1,2,2,2,"BCFBFX","","jeffr002","","D9/F89XD.2-H","T",0,2,0,4,0,"F"
1,2,0,0,"X","","astuw001","","S8/L89D+.2-H","T",0,1,0,4,0,"F"
1,2,1,0,"1.1B>B","gordn001","","","SB2","F",0,0,2,0,0,"F"
1,2,2,0,"1.1B>B.X","","gordn001","","53/G5","T",1,0,0,2,0,"F"
0,0,2,2,".FFBBFS","","","","K","T",1,0,0,0,0,"F"
0,1,2,1,"BBSX","","","","8/L8D","T",1,0,0,0,0,"F"
0,2,3,2,"CBFBBS","","","","K","T",1,0,0,0,0,"F"
1,0,1,1,"CBX","","","","8/F8","T",1,0,0,0,0,"F"
1,1,1,2,"CBSFS","","","","K","T",1,0,0,0,0,"F"
1,2,0,1,"FX","","","","63/G6M","T",1,0,0,0,0,"F"
0,0,3,2,".CBBBSX","","","","9/F89D","T",1,0,0,0,0,"F"
0,1,1,0,"BX","","","","8/L8XD+","T",1,0,0,0,0,"F"
0,2,1,1,"SBX","","","","D7/L7L","T",0,2,0,0,0,"F"
0,2,1,1,"*BSX","","bradb002","","43/G6MD","T",1,0,0,2,0,"F"
1,0,2,2,"SBCBS","","","","K","T",1,0,0,0,0,"F"
1,1,3,2,"FCBBBX","","","","D7/L7LD+","T",0,2,0,0,0,"F"
1,1,0,0,"X","","refsr001","","HR/F8XD.2-H","T",0,4,0,4,0,"F"
1,1,1,1,".BFX","","","","3/P3D","T",1,0,0,0,0,"F"
1,2,1,2,"CBF*S","","","","K","T",1,0,0,0,0,"F"
0,0,0,1,".CX","","","","S9/G4","T",0,1,0,0,0,"F"
0,0,1,2,"BCSS","millo002","","","K","T",1,0,1,0,0,"F"
0,1,2,0,"*B*BX","millo002","","","4/P4S","T",1,0,1,0,0,"F"
0,2,1,0,"BX","millo002","","","53/G5","T",1,0,1,0,0,"F"
0,0,0,0,"X","","","","8/F78XD","T",1,0,0,0,0,"T"
0,1,1,0,"BX","","","","8/F8XD","T",1,0,0,0,0,"F"
0,2,2,2,"CBBFX","","","","S9/L9+.BX2(96)","T",1,0,0,0,0,"F"
1,0,1,2,"CBFX","","","","9/F9D","T",1,0,0,0,0,"F"
1,1,0,1,"CX","","","","53/G56","T",1,0,0,0,0,"F"
1,2,1,2,"CBCX","","","","43/G34D","T",1,0,0,0,0,"F"
0,0,1,2,"FBCS","","","","K","T",1,0,0,0,0,"F"
0,1,3,2,"BCBSFFBB","","","","W","T",0,1,0,0,0,"F"
0,1,1,2,"BFSFX","bradb002","","","9/F9LS","T",1,0,1,0,0,"F"
0,2,0,1,"SX","bradb002","","","8/F78D","T",1,0,1,0,0,"F"
1,0,1,2,"CSBFS","","","","K","T",1,0,0,0,0,"F"
1,1,3,2,"BCFBBC","","","","K","T",1,0,0,0,0,"F"
1,2,3,2,"BCBFBX","","","","D7/L78XD+","T",0,2,0,0,0,"F"
1,2,3,2,"CSBBFFBX","","sanom001","","31/G3","T",1,0,0,2,0,"F"
0,0,1,2,"BFSX","","","","43/G4","T",1,0,0,0,0,"F"
0,1,2,2,"BBFFS","","","","K","T",1,0,0,0,0,"F"
0,2,3,1,"BBCBX","","","","8/F8D","T",1,0,0,0,0,"F"
1,0,0,1,"CX","","","","7/F7","T",1,0,0,0,0,"F"
1,1,2,1,"CBBX","","","","6/L6","T",1,0,0,0,0,"F"
1,2,1,1,"CBX","","","","63/G6M","T",1,0,0,0,0,"F"
0,0,2,2,"BBFTS","","","","K","T",1,0,0,0,0,"F"
0,1,3,0,"BBBX","","","","D8/L89XD+","T",0,2,0,0,0,"F"
0,1,0,0,"X","","ramij003","","53/G6S.2-3","T",1,0,0,3,0,"F"
0,2,0,0,"X","","","ramij003","D8/L78D+.3-H","T",0,2,0,0,4,"F"
0,2,0,0,"X","","bradb002","","8/F8XD+","T",1,0,0,2,0,"F"
1,0,0,0,"X","","","","2/P2F-/FL","T",1,0,0,0,0,"F"
1,1,3,2,"CBBBCX","","","","4/P4D","T",1,0,0,0,0,"F"
1,2,0,0,"X","","","","9/F9+","T",1,0,0,0,0,"F"
0,0,3,1,"BBBCX","","","","S56/L56D+","T",0,1,0,0,0,"F"
0,0,1,2,"BCFFFFFX","hedga001","","","FC3/G3S-.1-2(E3/TH);B-1","T",0,1,2,0,0,"F"
0,0,1,2,"BSC+2X","gimea001","hedga001","","HR/F7LD.2-H(UR);1-H","T",0,4,4,5,0,"F"
0,0,1,2,"FBCX","","","","D7/L7D+","T",0,2,0,0,0,"F"
0,0,0,1,"CX","","stram002","","3/G3.2-3","T",1,0,0,3,0,"F"
0,1,0,0,"X","","","stram002","7/SF/L7D.3-H(UR)","T",1,0,0,0,5,"F"
0,2,3,1,"BBBCX","","","","S16/G6+","T",0,1,0,0,0,"F"
0,2,0,2,".SSC","reyef001","","","K","T",1,0,1,0,0,"F"
1,0,3,2,"FBCBFBX","","","","63/G4","T",1,0,0,0,0,"F"
1,1,0,0,"X","","","","8/F8+","T",1,0,0,0,0,"F"
1,2,1,2,"CBFC","","","","K","T",1,0,0,0,0,"F"
0,0,0,2,"SFX","","","","53/G56","T",1,0,0,0,0,"F"
0,1,2,0,"BBX","","","","6/F6D","T",1,0,0,0,0,"F"
0,2,0,1,"SX","","","","63/G6M","T",1,0,0,0,0,"F"
1,0,2,1,"BBCX","","","","3/P3F-/FL","T",1,0,0,0,0,"F"
1,1,0,1,"SX","","","","8/L8","T",1,0,0,0,0,"F"
1,2,1,2,"CBFX","","","","8/F78S","T",1,0,0,0,0,"F"
0,0,2,0,"BBX","","","","63/G6","T",1,0,0,0,0,"F"
0,1,3,2,"BBCBFX","","","","S16/G6","T",0,1,0,0,0,"F"
0,1,0,0,"X","stram002","","","S8/G4M.1-H(E4)(NR);B-3","T",0,3,4,0,0,"F"
0,1,3,1,"C*B*BBX","","","zimmb001","S8/L8S.3-H","T",0,1,0,0,4,"F"
0,1,1,2,"SSFF*BB","ramij003","","","WP.1-2","F",0,0,2,0,0,"F"
0,1,3,2,"SSFF*BB.*BX","","ramij003","","S9/L89.2-H","T",0,1,0,4,0,"F"
0,1,2,2,".FBCF*BX","reyef001","","","HR/F89XD.1-H","T",0,4,4,0,0,"F"
0,1,0,2,"FFT","","","","K","T",1,0,0,0,0,"F"
0,2,0,0,"X","","","","6/P6D","T",1,0,0,0,0,"F"
1,0,3,2,"CBBFB*B","","","","W","T",0,1,0,0,0,"F"
1,0,2,2,"CBFBFS","buxtb001","","","K","T",1,0,1,0,0,"F"
1,1,0,0,"X","buxtb001","","","8/F8XD+","T",1,0,1,0,0,"F"
1,2,1,0,"BF","buxtb001","","","FLE3","F",0,0,1,0,0,"F"
1,2,3,1,"BF.BBB","buxtb001","","","W.1-2","T",0,1,2,0,0,"F"
1,2,2,0,"BBX","keplm001","buxtb001","","HR/L7D.2-H(UR);1-H(UR);B-H(UR)","T",0,5,5,5,0,"F"
1,2,3,1,"BBSBB","","","","W","T",0,1,0,0,0,"F"
1,2,3,2,".BFFB*B+1>X","gordn001","","","7/F78XD","T",1,0,1,0,0,"F"
0,0,3,0,"BBBB","","","","W","T",0,1,0,0,0,"F"
0,0,3,2,"*BFBFBFB","gimea001","","","W.1-2","T",0,1,2,0,0,"F"
0,0,1,2,"CBFX","merco003","gimea001","","S9/L89.2-3;1-2","T",0,1,2,3,0,"F"
0,0,0,1,"CX","stram002","merco003","gimea001","46(1)3/GDP/G34.3-H(NR);2-3","T",2,0,0,3,4,"F"
0,2,0,1,"CX","","","merco003","3/P3F/FL","T",1,0,0,0,3,"F"
1,0,0,1,"CX","","","","43/G34","T",1,0,0,0,0,"F"
1,1,1,1,"BFX","","","","S9/L9","T",0,1,0,0,0,"F"
1,1,0,2,"FSFS","arral001","","","K","T",1,0,1,0,0,"F"
1,2,2,2,"BFBFFX","arral001","","","3/G3S","T",1,0,1,0,0,"F"
0,0,2,2,"CBBCX","","","","HR/F7LD","T",0,4,0,0,0,"F"
0,0,0,1,"FX","","","","43/G34+","T",1,0,0,0,0,"F"
0,1,3,2,"BFFFBBX","","","","9/F9LS","T",1,0,0,0,0,"F"
0,2,1,2,"BFSFS","","","","K","T",1,0,0,0,0,"F"
1,0,0,0,".X","","","","9/F9L","T",1,0,0,0,0,"F"
1,1,0,0,"X","","","","7/F7D","T",1,0,0,0,0,"F"
1,2,2,2,"CBFBS","","","","K","T",1,0,0,0,0,"F"
0,0,0,0,"X","","","","8/F8XD+","T",1,0,0,0,0,"T"
0,1,2,0,"BBX","","","","S8/L8","T",0,1,0,0,0,"F"
0,1,0,0,"X","semim001","","","8/F8XD+","T",1,0,1,0,0,"F"
0,2,0,1,"1C1X","semim001","","","64(1)/FO/G6.B-1","T",1,1,0,0,0,"F"
1,0,2,2,"BSFFBFFFX","","","","S7/G56","T",0,1,0,0,0,"F"
1,0,1,1,"F1BX","buxtb001","","","8/L89","T",1,0,1,0,0,"F"
1,1,1,2,"1BFFFS","buxtb001","","","K","T",1,0,1,0,0,"F"
1,2,0,0,"X","buxtb001","","","S8/L78D+.1-3","T",0,1,3,0,0,"F"
1,2,0,2,"CCF>S","garvm001","","buxtb001","K","T",1,0,1,0,3,"F"
0,0,0,2,"CFX","","","","D8/L89XD+","T",0,2,0,0,0,"F"
0,0,1,1,"FBX","","hernt002","","D8/L78XD+.2-H","T",0,2,0,4,0,"F"
0,0,3,2,"F*BF*BBFFS","","gurrl001","","K","T",1,0,0,2,0,"F"
0,1,3,2,"BBC*BSF*B","","gurrl001","","W","T",0,1,0,2,0,"F"
0,1,1,2,"CSBFX","valeb001","gurrl001","","64(1)3/GDP/G6","T",2,0,0,2,0,"F"
1,0,3,2,"BCBFBB","","","","W","T",0,1,0,0,0,"F"
1,0,1,2,"BSFC","sanom001","","","K","T",1,0,1,0,0,"F"
1,1,1,2,"CFBX","sanom001","","","S8/L8D+.1-2","T",0,1,2,0,0,"F"
1,1,1,2,"FCFBFX","gordn001","sanom001","","64(1)3/GDP/G6","T",2,0,0,2,0,"F"
0,0,3,2,"CBBBFX","","","","63/G6S+","T",1,0,0,0,0,"F"
0,1,2,0,"BBX","","","","4/P4D","T",1,0,0,0,0,"F"
0,2,1,2,"CSBX","","","","S5/G5S-","T",0,1,0,0,0,"F"
0,2,1,0,"BX","guerv002","","","8/L8D+","T",1,0,1,0,0,"F"
1,0,1,1,"CBX","","","","D7/L7LS+","T",0,2,0,0,0,"F"
1,0,1,2,"SBFFX","","buxtb001","","S8/G4M.2-H","T",0,1,0,4,0,"F"
1,0,3,2,"1BCBS1BB","polaj001","","","W.1-2","T",0,1,2,0,0,"F"
1,0,1,1,"CBX","donaj001","polaj001","","S8/L8.2-H;1-2","T",0,1,2,4,0,"F"
1,0,2,2,"CFB*BFS","garvm001","donaj001","","K","T",1,0,1,2,0,"F"
1,1,2,2,"SSBFBX","garvm001","donaj001","","S7/L7+.2-3;1-2","T",0,1,2,3,0,"F"
1,1,1,2,"CFBC","sanom001","garvm001","donaj001","K","T",1,0,1,2,3,"F"
1,2,0,2,"CFFFNS","sanom001","garvm001","donaj001","K","T",1,0,1,2,3,"F"
0,0,0,0,"X","","","","HR/F7LD","T",0,4,0,0,0,"F"
0,0,0,2,"FCS","","","","K","T",1,0,0,0,0,"F"
0,1,0,1,"FX","","","","S7/L7S","T",0,1,0,0,0,"F"
0,1,1,1,"C1B>X","gricr001","","","S9/F89S.1-3","T",0,1,3,0,0,"F"
0,1,1,1,"LB1X","valeb001","","gricr001","6/P5D","T",1,0,1,0,3,"F"
0,2,0,1,"SX","valeb001","","gricr001","53/G5","T",1,0,1,0,3,"F"
1,0,2,0,".BBX","","","","5/P25F/FL","T",1,0,0,0,0,"F"
1,1,3,0,"BBBB","","","","W","T",0,1,0,0,0,"F"
1,1,0,1,">F11","buxtb001","","","PO1(E1/TH).1-3","F",0,0,3,0,0,"F"
1,1,2,2,">F11.BBFFX","","","buxtb001","6/L6/DP.3X3(65)","T",2,0,0,0,0,"F"
0,0,0,0,"..X","","","","7/F7LS","T",1,0,0,0,0,"F"
0,1,1,2,"CBFX","","","","63/G6+","T",1,0,0,0,0,"F"
0,2,0,0,"X","","","","S8/G6M+","T",0,1,0,0,0,"F"
0,2,3,2,"11FBBBF>F>F>F>F>X","bichb001","","","63/G6M","T",1,0,1,0,0,"F"
1,0,3,0,"BBBB","","","","W","T",0,1,0,0,0,"F"
1,0,0,2,"CSX","donaj001","","","D8/L78XD+.1-3","T",0,2,3,0,0,"F"
1,0,0,0,".X","","garvm001","donaj001","43/G4D.3-H;2-3","T",1,0,0,3,4,"F"
1,1,2,2,"SBSBS","","","garvm001","K","T",1,0,0,0,3,"F"
1,2,3,0,"*B*BBB","","","garvm001","W","T",0,1,0,0,3,"F"
1,2,2,2,".BBSFX","rookb001","","garvm001","HR/F9D.3-H;1-H","T",0,4,4,0,4,"F"
1,2,1,2,"CBFX","","","","S5/G5","T",0,1,0,0,0,"F"
1,2,0,1,"CB","simma001","","","WP.1-2","F",0,0,2,0,0,"F"
1,2,2,2,"CB.CBFX","","simma001","","63/G6","T",1,0,0,2,0,"F"
0,0,3,1,".CBBBB","","","","W","T",0,1,0,0,0,"F"
0,0,1,1,"FB1X","dickc002","","","3/P3F/FL","T",1,0,1,0,0,"F"
0,1,1,1,"BC11","dickc002","","","PO1(E1/TH).1-2","F",0,0,2,0,0,"F"
0,1,1,1,"BC11.X","","dickc002","","7/F7","T",1,0,0,2,0,"F"
0,2,0,1,"SX","","dickc002","","S7/L7.2XH(72)","T",1,1,0,0,0,"F"
1,0,0,2,"CFS","","","","K","T",1,0,0,0,0,"F"
1,1,1,1,"CBX","","","","7/L7D+","T",1,0,0,0,0,"F"
1,2,2,2,"CBBCX","","","","8/F8XD","T",1,0,0,0,0,"F"
0,0,2,2,".CBBCFS","","","","K","T",1,0,0,0,0,"F"
0,1,1,2,"FBCX","","","","S8/G6M","T",0,1,0,0,0,"F"
0,1,0,0,"X","semim001","","","9/F9","T",1,0,1,0,0,"F"
0,2,0,2,"FCX","semim001","","","43/G4D+","T",1,0,1,0,0,"F"
1,0,0,2,".CFX","","","","S8/L8D","T",0,1,0,0,0,"F"
1,0,3,1,".BBSBX","cavej001","","","64(1)3/GDP/G56+","T",2,0,0,0,0,"F"
1,2,1,1,"BSX","","","","D9/F9D+","T",0,2,0,0,0,"F"
1,2,0,0,"X","","rookb001","","S8/G6M.2-H","T",0,1,0,4,0,"F"
1,2,1,2,"CCBX","gordn001","","","53/G56","T",1,0,1,0,0,"F"
0,0,1,1,"...CBX","","","","6/L6D+","T",1,0,0,0,0,"F"
0,1,2,2,"BBFSX","","","","S4/G4+","T",0,1,0,0,0,"F"
0,1,1,0,"BX","dickc002","","","4/P4M","T",1,0,1,0,0,"F"
0,2,3,0,".BBBB","dickc002","","","W.1-2","T",0,1,2,0,0,"F"
0,2,3,1,".BBBCB","smitk003","dickc002","","W.2-3;1-2","T",0,1,2,3,0,"F"
0,2,0,0,".X","jansd001","smitk003","dickc002","1/L4MS","T",1,0,1,2,3,"F"
1,0,0,2,"..FCS","","","","K","T",1,0,0,0,0,"F"
1,1,3,2,"FBBBSFFFB","","","","W","T",0,1,0,0,0,"F"
1,1,2,2,"FSBBX","polaj001","","","54(1)3/GDP/G56","T",2,0,0,0,0,"F"
0,0,2,2,"CBBCX","","","","53/G56","T",1,0,0,0,0,"F"
0,1,2,2,"FCFBBS","","","","K","T",1,0,0,0,0,"F"
0,2,0,2,"CSFX","","","","53/G56","T",1,0,0,0,0,"F"
0,0,0,0,"X","","","","53/G56+","T",1,0,0,0,0,"T"
0,1,3,2,"CCBBBFX","","","","D8/F78XD","T",0,2,0,0,0,"F"
0,1,0,0,"X","","semim001","","4/F4MD","T",1,0,0,2,0,"F"
0,2,1,2,"CBFF*S","","semim001","","K","T",1,0,0,2,0,"F"
1,0,0,0,"X","","","","S8/L8","T",0,1,0,0,0,"F"
1,0,3,1,"CB1B*BB","arral001","","","W.1-2","T",0,1,2,0,0,"F"
1,0,1,1,"*BSX","buxtb001","arral001","","7/F7LSF/FL","T",1,0,1,2,0,"F"
1,1,2,2,"CSF*BBS","buxtb001","arral001","","K","T",1,0,1,2,0,"F"
1,2,1,2,"FF*BS","buxtb001","arral001","","K","T",1,0,1,2,0,"F"
0,0,1,2,"CFBS","","","","K","T",1,0,0,0,0,"F"
0,1,3,2,"CSBBFFBX","","","","6/L6","T",1,0,0,0,0,"F"
0,2,1,2,"CSBS","","","","K","T",1,0,0,0,0,"F"
1,0,0,2,"TTC","","","","K","T",1,0,0,0,0,"F"
1,1,0,2,"CCX","","","","43/G4MD","T",1,0,0,0,0,"F"
1,2,2,2,"BFFBS","","","","K","T",1,0,0,0,0,"F"
0,0,0,0,"X","","","","D7/L7L","T",0,2,0,0,0,"F"
0,0,1,0,"BX","","espis001","","6/P6D","T",1,0,0,2,0,"F"
0,1,1,0,"BX","","espis001","","3/P3F/FL","T",1,0,0,2,0,"F"
0,2,0,0,"X","","espis001","","7/F7D","T",1,0,0,2,0,"F"
1,0,3,1,"BFBBB","","","","W","T",0,1,0,0,0,"F"
1,0,2,2,"FB1C*BFX","simma001","","","T9/L9LD.1-H","T",0,3,4,0,0,"F"
1,0,0,0,"X","","","arral001","HR/F8XD.3-H","T",0,4,0,0,4,"F"
1,0,2,2,"BBCSC","","","","K","T",1,0,0,0,0,"F"
1,1,2,2,"SSBFBC","","","","K","T",1,0,0,0,0,"F"
1,2,2,0,"BBX","","","","63/G56D","T",1,0,0,0,0,"F"
0,0,2,2,"CFFBB*S","","","","K","T",1,0,0,0,0,"F"
0,1,1,2,"FFFFFBS","","","","K","T",1,0,0,0,0,"F"
0,2,0,1,"CX","","","","13/G4MS","T",1,0,0,0,0,"F"
1,0,0,2,"CFX","","","","S7/G6","T",0,1,0,0,0,"F"
1,0,0,2,"C1SX","gordn001","","","S7/L7S.1-2","T",0,1,2,0,0,"F"
1,0,1,2,"CS+1BC","rookb001","gordn001","","K","T",1,0,1,2,0,"F"
1,1,0,0,"X","rookb001","gordn001","","4/P4D","T",1,0,1,2,0,"F"
1,2,2,1,"BBCX","rookb001","gordn001","","8/F8S","T",1,0,1,2,0,"F"
0,0,2,2,"CBBSFFX","","","","8/L8D+","T",1,0,0,0,0,"F"
0,1,2,2,"FBFFBX","","","","S7/G6","T",0,1,0,0,0,"F"
0,1,1,1,"SB1X","dickc002","","","13/G34S-.1-2","T",1,0,2,0,0,"F"
0,2,2,2,"BFF*BS","","dickc002","","K","T",1,0,0,2,0,"F"
1,0,2,1,"FBBX","","","","63/G6","T",1,0,0,0,0,"F"
1,1,1,0,"BX","","","","43/G34S","T",1,0,0,0,0,"F"
1,2,1,2,"BSFS","","","","K","T",1,0,0,0,0,"F"
0,0,0,1,"FX","","","","7/F7","T",1,0,0,0,0,"F"
0,1,2,2,"CSFBBFFX","","","","HR/F78XD","T",0,4,0,0,0,"F"
0,1,1,1,".CBX","","","","8/L8XD+","T",1,0,0,0,0,"F"
0,2,0,2,"FTS","","","","K","T",1,0,0,0,0,"F"
1,0,1,2,"BCFT","","","","K","T",1,0,0,0,0,"F"
1,1,0,0,"X","","","","9/F89","T",1,0,0,0,0,"F"
1,2,1,2,"SFBS","","","","K","T",1,0,0,0,0,"F"
0,0,0,0,"..X","","","","9/F9D+","T",1,0,0,0,0,"F"
0,1,3,2,"BBCBSFX","","","","63/G6","T",1,0,0,0,0,"F"
0,2,3,2,"CFBBFBFB","","","","W","T",0,1,0,0,0,"F"
0,2,2,0,"*B1BX","dickc002","","","6/L6","T",1,0,1,0,0,"F"
1,0,1,0,".BX","","","","D8/F89XD+","T",0,2,0,0,0,"F"
1,0,0,0,"X","","jeffr002","","2/BP2F-/FL","T",1,0,0,2,0,"F"
1,1,0,1,"CX","","jeffr002","","3/G34.2-3","T",1,0,0,3,0,"F"
1,2,2,2,"BCS*BX","","","jeffr002","9/F89","T",1,0,0,0,3,"F"
0,0,1,2,".CCBFFS","","","","K","T",1,0,0,0,0,"F"
0,1,1,2,"BCCX","","","","53/G56","T",1,0,0,0,0,"F"
0,2,3,2,"BBCFBFX","","","","9/F89S","T",1,0,0,0,0,"F"
1,0,3,2,".CBBBCS","","","","K","T",1,0,0,0,0,"F"
1,1,3,2,"BFCFBBX","","","","4/F8S","T",1,0,0,0,0,"F"
1,2,3,2,"CBBCFFBB","","","","W","T",0,1,0,0,0,"F"
1,2,1,0,"BX","sanom001","","","8/F78XD","T",1,0,1,0,0,"F"
0,0,0,0,".X","","","","53/G5","T",1,0,0,0,0,"F"
0,1,0,2,"FSS","","","","K","T",1,0,0,0,0,"F"
0,2,0,0,"X","","","","9/L89","T",1,0,0,0,0,"F"
0,0,3,2,"BCFFFBBB","","","","W","T",0,1,0,0,0,"T"
0,0,1,0,"*BX","sprig001","","","8/L8XD","T",1,0,1,0,0,"F"
0,1,3,2,"BBBCC>F>F1>X","sprig001","","","53/G56S.1-2","T",1,0,2,0,0,"F"
0,2,0,2,"CSS","","sprig001","","K","T",1,0,0,2,0,"F"
1,0,2,2,"CBSFBS","","","","K","T",1,0,0,0,0,"F"
1,1,2,1,"BBCX","","","","S7/L7S","T",0,1,0,0,0,"F"
1,1,3,1,"11C1*B*BBB","polaj001","","","W.1-2","T",0,1,2,0,0,"F"
1,1,1,2,"F*BS>B","donaj001","polaj001","","SB3","F",0,0,1,3,0,"F"
1,1,3,2,"F*BS>B.BX","donaj001","","polaj001","8/SF/L8XD+.3-H","T",1,0,1,0,4,"F"
1,2,1,1,"BCX","donaj001","","","8/F8XD+","T",1,0,1,0,0,"F"
0,0,0,1,"CX","","","","HR/F8XD","T",0,4,0,0,0,"F"
0,0,3,2,"BFBBSFFB","","","","W","T",0,1,0,0,0,"F"
0,0,0,1,"1CX","dickc002","","","54(1)/FO/G56S.B-1","T",1,1,0,0,0,"F"
0,1,0,0,"1X","espis001","","","8/F89D","T",1,0,1,0,0,"F"
0,2,0,1,"1FX","espis001","","","D9/L9L.1-H(E9)(NR)(UR);BX3(935)","T",1,0,5,0,0,"F"
1,0,3,1,"BBSBB","","","","W","T",0,1,0,0,0,"F"
1,0,1,2,"BCF*S","sanom001","","","K","T",1,0,1,0,0,"F"
1,1,2,2,"BFS*BC","sanom001","","","K","T",1,0,1,0,0,"F"
1,2,0,2,"CFX","sanom001","","","S8/L8.1-3","T",0,1,3,0,0,"F"
1,2,3,0,"BBBX","simma001","","sanom001","7/F78XD","T",1,0,1,0,3,"F"
0,0,1,2,"CBCX","","","","E5/TH/G5.B-2","T",0,2,0,0,0,"F"
0,0,0,1,"FX","","sprig001","","S9/L9.2-3","T",0,1,0,3,0,"F"
0,0,0,0,"X","semim001","","sprig001","54(1)3/GDP/G56.3-3","T",2,0,0,0,3,"F"
0,2,2,1,"*BBFX","","","sprig001","3/G3","T",1,0,0,0,3,"F"
1,0,0,0,"X","","","","4/F6D","T",1,0,0,0,0,"F"
1,1,1,2,"CBFX","","","","9/F9LD","T",1,0,0,0,0,"F"
1,2,3,2,"BCBSBX","","","","9/F9S","T",1,0,0,0,0,"F"
0,0,1,2,".SBF*S","","","","K","T",1,0,0,0,0,"F"
0,1,1,2,"BTSS","","","","K","T",1,0,0,0,0,"F"
0,2,0,1,"SX","","","","6/F7S","T",1,0,0,0,0,"F"
1,0,1,2,"CFBS","","","","K","T",1,0,0,0,0,"F"
1,1,3,1,"BCBBB","","","","W","T",0,1,0,0,0,"F"
1,1,0,0,"X","sanom001","","","46(1)3/GDP/G34","T",2,0,0,0,0,"F"
0,0,1,0,"BX","","","","63/G56","T",1,0,0,0,0,"F"
0,1,1,2,"FFBS","","","","K","T",1,0,0,0,0,"F"
0,2,0,2,"SSS","","","","K","T",1,0,0,0,0,"F"
1,0,1,2,"FCBT","","","","K","T",1,0,0,0,0,"F"
1,1,0,1,"FX","","","","7/F7S","T",1,0,0,0,0,"F"
1,2,3,1,"FBBBB","","","","W","T",0,1,0,0,0,"F"
1,2,1,1,"B1F1>B","buxtb001","","","SB2","F",0,0,2,0,0,"F"
1,2,3,2,"B1F1>B.BSFX","","buxtb001","","7/L7","T",1,0,0,2,0,"F"
0,0,0,1,".FX","","","","HR/F78XD","T",0,4,0,0,0,"F"
0,0,0,2,"SFS","","","","K","T",1,0,0,0,0,"F"
0,1,0,0,"X","","","","S9/G34","T",0,1,0,0,0,"F"
0,1,1,0,"1BX","bichb001","","","9/F9","T",1,0,1,0,0,"F"
0,2,2,0,"1BBX","bichb001","","","S57/G6.1-3","T",0,1,3,0,0,"F"
0,2,2,0,"*BB>C","dickc002","","bichb001","SB2","F",0,0,2,0,3,"F"
0,2,3,2,"*BB>C.FF*BX","","dickc002","bichb001","7/L78","T",1,0,0,2,3,"F"
1,0,2,2,"BCBFX","","","","D8/L78XD+","T",0,2,0,0,0,"F"
1,0,2,2,"CSFB*BFF*S","","donaj001","","K","T",1,0,0,2,0,"F"
1,1,0,2,"FSH","","donaj001","","HP","T",0,1,0,2,0,"F"
1,1,0,1,"FX","rookb001","donaj001","","3/P3DF/FL","T",1,0,1,2,0,"F"
1,2,0,1,"CX","rookb001","donaj001","","7/L7","T",1,0,1,2,0,"F"
0,0,2,2,".BCCBX","","","","S8/L8","T",0,1,0,0,0,"F"
0,0,2,2,".CSFF1B*B*S","jansd001","","","K","T",1,0,1,0,0,"F"
0,1,2,1,"B1F*BX","jansd001","","","HR/F7D.1-H","T",0,4,4,0,0,"F"
0,1,1,2,"CBFX","","","","4/P4","T",1,0,0,0,0,"F"
0,2,3,0,"BBBB","","","","W","T",0,1,0,0,0,"F"
0,2,2,2,"S>FFBFBFFS","guerv002","","","K","T",1,0,1,0,0,"F"
1,0,3,2,"...CFBBFFFBX","","","","8/F78D","T",1,0,0,0,0,"F"
1,1,2,0,".BBX","","","","7/F78D","T",1,0,0,0,0,"F"
1,2,1,0,"BX","","","","53/G56S","T",1,0,0,0,0,"F"
0,0,2,2,"....FFBBFFFX","","","","S7/L7S+","T",0,1,0,0,0,"F"
0,0,3,2,".B*B1C>F*B+1>FC","hernt002","","","K","T",1,0,1,0,0,"F"
0,1,2,1,"11*BB+1C>X","hernt002","","","S57/L7S.1-3","T",0,1,3,0,0,"F"
0,1,1,1,"BF>X","espis001","","hernt002","S9/G34.3-H;1-3","T",0,1,3,0,4,"F"
0,1,1,0,"BX","jansd001","","espis001","54(1)3/GDP/G5+","T",2,0,0,0,3,"F"
1,0,1,0,"..BX","","","","43/G4MD","T",1,0,0,0,0,"F"
1,1,3,1,"CBBBB","","","","W","T",0,1,0,0,0,"F"
1,1,2,2,"BFF*BC","donaj001","","","K","T",1,0,1,0,0,"F"
1,2,3,2,"F*B*BBC>B","donaj001","","","W.1-2","T",0,1,2,0,0,"F"
1,2,3,2,"CBS*BB>X","rookb001","donaj001","","9/F4D","T",1,0,1,2,0,"F"
0,0,1,2,"FBSX","","","","53/G5","T",1,0,0,0,0,"F"
0,1,1,2,"CFBS","","","","K","T",1,0,0,0,0,"F"
0,2,2,2,"BFBSX","","","","53/G5+","T",1,0,0,0,0,"F"
1,0,2,2,".BFBFX","","","","7/L7","T",1,0,0,0,0,"F"
1,1,0,0,"X","","","","43/G4","T",1,0,0,0,0,"F"
1,2,0,1,"FX","","","","63/G56","T",1,0,0,0,0,"F"
0,0,0,1,"CX","","","","S5/G5S","T",0,1,0,0,0,"T"
0,0,3,2,"BF1C1FFF1BF*B>F>X","sprig001","","","8/F8S","T",1,0,1,0,0,"F"
0,1,0,1,"CX","sprig001","","","8/F89D","T",1,0,1,0,0,"F"
0,2,2,2,"1BBFFX","sprig001","","","64(1)/FO/G6.B-1","T",1,1,0,0,0,"F"
1,0,0,0,"X","","","","S8/G4M","T",0,1,0,0,0,"F"
1,0,3,2,"*BSBBFB","arral001","","","W.1-2","T",0,1,2,0,0,"F"
1,0,1,0,"BX","buxtb001","arral001","","23/G2-.2-3;1-2","T",1,0,2,3,0,"F"
1,1,1,2,"CS*BS","","buxtb001","arral001","K","T",1,0,0,2,3,"F"
1,2,1,2,"FBFS","","buxtb001","arral001","K","T",1,0,0,2,3,"F"
0,0,3,2,"BBBFFX","","","","7/L7D+","T",1,0,0,0,0,"F"
0,1,2,2,"FFFBBX","","","","S67/F78S","T",0,1,0,0,0,"F"
0,1,2,1,"C1BB1X","dickc002","","","S8/F8S.1-2","T",0,1,2,0,0,"F"
0,1,0,2,"CFX","espis001","dickc002","","HR/F78XD.2-H;1-H","T",0,4,4,4,0,"F"
0,1,0,1,"CX","","","","9/F89D","T",1,0,0,0,0,"F"
0,2,0,2,"CSFS","","","","K","T",1,0,0,0,0,"F"
1,0,3,0,"BBBB","","","","W","T",0,1,0,0,0,"F"
1,0,1,0,"B1H","garvm001","","","HP.1-2","T",0,1,2,0,0,"F"
1,0,1,2,"CBFS","sanom001","garvm001","","K","T",1,0,1,2,0,"F"
1,1,0,0,"X","sanom001","garvm001","","S9/L9L.2-H;1-3","T",0,1,3,4,0,"F"
1,1,2,2,"B1BCSX","cavej001","","sanom001","54(1)3/GDP/G56","T",2,0,0,0,3,"F"
0,0,0,1,"SX","","","","63/G56","T",1,0,0,0,0,"F"
0,1,3,2,"SBBBFFX","","","","7/F7","T",1,0,0,0,0,"F"
0,2,0,0,"X","","","","S8/G6M+","T",0,1,0,0,0,"F"
0,2,2,2,"11BSBS1X","bichb001","","","7/F78","T",1,0,1,0,0,"F"
1,0,1,2,"CBSFS","","","","K","T",1,0,0,0,0,"F"
1,1,0,0,"X","","","","S7/L7","T",0,1,0,0,0,"F"
1,1,2,1,"B1BCX","polaj001","","","64(1)3/GDP/G6","T",2,0,0,0,0,"F"
0,0,3,2,"BBFBSFFFFFS","","","","K","T",1,0,0,0,0,"F"
0,1,0,1,"CX","","","","63/G6","T",1,0,0,0,0,"F"
0,2,1,2,"BFFX","","","","53/G5","T",1,0,0,0,0,"F"
1,0,1,1,"BCX","","","","9/L9D","T",1,0,0,0,0,"F"
1,1,0,2,"SSS","","","","K","T",1,0,0,0,0,"F"
1,2,3,2,"BBFBSX","","","","D7/F78XD","T",0,2,0,0,0,"F"
1,2,3,2,"FFBFBBFS","","sanom001","","K","T",1,0,0,2,0,"F"
0,0,0,1,"FX","","","","7/F7LD","T",1,0,0,0,0,"F"
0,1,0,0,"X","","","","HR/F78XD","T",0,4,0,0,0,"F"
0,1,0,0,"X","","","","63/G6","T",1,0,0,0,0,"F"
0,2,1,0,"BX","","","","8/F8XD+","T",1,0,0,0,0,"F"
1,0,3,2,"BSBFBFX","","","","7/F7S","T",1,0,0,0,0,"F"
1,1,1,0,"BX","","","","9/L89D","T",1,0,0,0,0,"F"
1,2,3,2,"BCBFFBX","","","","HR/F78XD","T",0,4,0,0,0,"F"
1,2,1,2,"BCFFFFC","","","","K","T",1,0,0,0,0,"F"
0,0,1,1,".FBX","","","","43/G4M","T",1,0,0,0,0,"F"
0,1,2,2,"SBSBX","","","","9/F9","T",1,0,0,0,0,"F"
0,2,1,1,"CBX","","","","8/F8XD","T",1,0,0,0,0,"F"
1,0,0,2,"...CCT","","","","K","T",1,0,0,0,0,"F"
1,1,0,2,"SSFX","","","","S5/F78","T",0,1,0,0,0,"F"
1,1,2,2,"CBSBFH","keplm001","","","HP.1-2","T",0,1,2,0,0,"F"
1,1,1,1,"SBX","garvm001","keplm001","","7/P56D+","T",1,0,1,2,0,"F"
1,2,1,2,".CFBT","garvm001","keplm001","","K","T",1,0,1,2,0,"F"
0,0,3,1,"BFBBB","","","","W","T",0,1,0,0,0,"F"
0,0,1,2,"BFC111FX","espis001","","","3/P3F/FL","T",1,0,1,0,0,"F"
0,1,0,1,"FN","espis001","","","BK.1-2","F",0,0,2,0,0,"F"
0,1,0,1,"FN.X","","espis001","","9/F89","T",1,0,0,2,0,"F"
0,2,3,1,"BFBBB","","espis001","","W","T",0,1,0,2,0,"F"
0,2,2,2,"SBSBS","sprig001","espis001","","K","T",1,0,1,2,0,"F"
1,0,1,2,".FFBFS","","","","K","T",1,0,0,0,0,"F"
1,1,1,2,"CBCS","","","","K","T",1,0,0,0,0,"F"
1,2,2,2,".CFBBFS","","","","K","T",1,0,0,0,0,"F"
0,0,0,2,"..FFX","","","","63/G56","T",1,0,0,0,0,"F"
0,1,2,2,"CBFBFX","","","","D8/F78XD","T",0,2,0,0,0,"F"
0,1,1,2,"CFBX","","bichb001","","D7/G5+.2-H","T",0,2,0,4,0,"F"
0,1,1,1,"FBX","","hernt002","","3/G3.2-3","T",1,0,0,3,0,"F"
0,2,0,1,"CX","","","hernt002","9/F9L","T",1,0,0,0,3,"F"
1,0,0,2,"FFFX","","","","43/G4+","T",1,0,0,0,0,"F"
1,1,0,2,"SCFX","","","","63/G6D","T",1,0,0,0,0,"F"
1,2,0,0,"X","","","","S8/G4M+","T",0,1,0,0,0,"F"
1,2,1,1,"CBX","keplm001","","","D9/F9LD.1-3","T",0,2,3,0,0,"F"
1,2,0,2,".S*SC","","garvm001","keplm001","K","T",1,0,0,2,3,"F"
0,0,0,2,".CFX","","","","63/G6","T",1,0,0,0,0,"F"
0,1,1,2,"CFBX","","","","8/F89S","T",1,0,0,0,0,"F"
0,2,1,1,"BCX","","","","S7/L78D+","T",0,1,0,0,0,"F"
0,2,2,2,"SBFFF*B*S","sprig001","","","K","T",1,0,1,0,0,"F"
1,0,1,1,"BCX","","","","9/F89XD+","T",1,0,0,0,0,"F"
1,1,0,2,"CF*S","","","","K","T",1,0,0,0,0,"F"
1,2,1,2,"CCBS","","","","K","T",1,0,0,0,0,"F"
0,0,0,0,"X","","","","7/F7D","T",1,0,0,0,0,"T"
0,1,1,0,"BX","","","","43/G4M","T",1,0,0,0,0,"F"
0,2,3,1,"BBFBB","","","","W","T",0,1,0,0,0,"F"
0,2,3,2,"FBF1BFB>X","grosr001","","","63/G6","T",1,0,1,0,0,"F"
1,0,1,2,"BCFX","","","","S7/G56","T",0,1,0,0,0,"F"
1,0,3,2,"BBFF*BFX","buxtb001","","","54(1)3/GDP/G5","T",2,0,0,0,0,"F"
1,2,3,2,"BCBSBFFX","","","","S7/L78D+","T",0,1,0,0,0,"F"
1,2,2,2,"CBS>FBX","garvm001","","","S8/G4M+.1-2","T",0,1,2,0,0,"F"
1,2,2,2,"FC*BFBS","donaj001","garvm001","","K","T",1,0,1,2,0,"F"
0,0,0,1,"FX","","","","63/G6","T",1,0,0,0,0,"F"
0,1,2,2,"BFBFC","","","","K","T",1,0,0,0,0,"F"
0,2,1,2,"CCBX","","","","D7/L7LD+","T",0,2,0,0,0,"F"
0,2,0,0,"H","","haase001","","HP","T",0,1,0,2,0,"F"
0,2,1,1,"CBX","garnd001","haase001","","3/P34","T",1,0,1,2,0,"F"
1,0,1,1,"BSX","","","","S6/F7S","T",0,1,0,0,0,"F"
1,0,1,2,"1BSSB","rookb001","","","WP.1-2","F",0,0,2,0,0,"F"
1,0,2,2,"1BSSB.FX","","rookb001","","8/F89D","T",1,0,0,2,0,"F"
1,1,1,1,"BCX","","rookb001","","43/G34D.2-3","T",1,0,0,3,0,"F"
1,2,0,2,"CFX","","","rookb001","9/F9","T",1,0,0,0,3,"F"
0,0,3,1,"BFBBB","","","","W","T",0,1,0,0,0,"F"
0,0,0,0,"X","badda001","","","46(1)3/GDP/G4M","T",2,0,0,0,0,"F"
0,2,3,0,"BBBX","","","","D7/G5","T",0,2,0,0,0,"F"
0,2,2,2,"CCFBBX","","grosr001","","8/L8D","T",1,0,0,2,0,"F"
1,0,3,0,"BBBB","","","","W","T",0,1,0,0,0,"F"
1,0,1,0,"11B>B","buxtb001","","","SB2","F",0,0,2,0,0,"F"
1,0,2,2,"11B>B.SSX","","buxtb001","","9/F89.2-3","T",1,0,0,3,0,"F"
1,1,1,0,"BX","","","buxtb001","8/SF/F8D.3-H","T",1,0,0,0,4,"F"
1,2,1,1,"CBX","","","","53/G56+","T",1,0,0,0,0,"F"
0,0,1,0,"BX","","","","7/F78D","T",1,0,0,0,0,"F"
0,1,1,1,"CBX","","","","D7/L7L+","T",0,2,0,0,0,"F"
0,1,0,2,"CSS","","parei001","","K","T",1,0,0,2,0,"F"
0,2,3,2,"FSBBFBB","","parei001","","W","T",0,1,0,2,0,"F"
0,2,3,2,"BCBFFB>X","garnd001","parei001","","9/F89S","T",1,0,1,2,0,"F"
1,0,3,2,"CSBBBS","","","","K","T",1,0,0,0,0,"F"
1,1,0,2,"FFT","","","","K","T",1,0,0,0,0,"F"
1,2,0,1,"FX","","","","8/F1S","T",1,0,0,0,0,"F"
0,0,1,0,".BX","","","","3/G3","T",1,0,0,0,0,"F"
0,1,1,2,"CSFBX","","","","8/F8XD","T",1,0,0,0,0,"F"
0,2,0,2,"FC*S","","","","K","T",1,0,0,0,0,"F"
1,0,0,0,"X","","","","9/F89","T",1,0,0,0,0,"F"
1,1,2,2,"CBFBT","","","","K","T",1,0,0,0,0,"F"
1,2,2,2,"FBBCS","","","","K","T",1,0,0,0,0,"F"
0,0,0,0,".X","","","","S9/L9","T",0,1,0,0,0,"F"
0,0,2,1,"BBSX","cabrm001","","","7/F7D","T",1,0,1,0,0,"F"
0,1,2,2,"BCBSX","cabrm001","","","S9/G4.1-2","T",0,1,2,0,0,"F"
0,1,0,0,"X","parei001","cabrm001","","5(2)/FO/G56.1-2;B-1","T",1,1,2,0,0,"F"
0,2,3,2,"C*BBFB>F>X","haase001","parei001","","8/F8XD+","T",1,0,1,2,0,"F"
1,0,3,2,"BBBCFFT","","","","K","T",1,0,0,0,0,"F"
1,1,1,2,"BSCX","","","","8/F8D","T",1,0,0,0,0,"F"
1,2,2,2,"BCFBFX","","","","43/G6","T",1,0,0,0,0,"F"
0,0,2,2,".BCFBFS","","","","K","T",1,0,0,0,0,"F"
0,1,1,2,"BCCX","","","","43/L4D","T",1,0,0,0,0,"F"
0,2,0,2,"FS*S","","","","K","T",1,0,0,0,0,"F"
1,0,1,0,".BX","","","","HR/F7LD","T",0,4,0,0,0,"F"
1,0,3,2,".BSBBFB","","","","W","T",0,1,0,0,0,"F"
1,0,1,1,"FB>X","gordn001","","","S68/G6M+.1-3","T",0,1,3,0,0,"F"
1,0,0,0,"X","astuw001","","gordn001","8/SF/F8XD+.3-H","T",1,0,1,0,4,"F"
1,1,0,1,"C>X","astuw001","","","63/G6M.1-2","T",1,0,2,0,0,"F"
1,2,0,2,"SFFS","","astuw001","","K","T",1,0,0,2,0,"F"
0,0,0,2,"..CFS","","","","K","T",1,0,0,0,0,"F"
0,1,0,1,"FX","","","","53/G56","T",1,0,0,0,0,"F"
0,2,3,2,"CBFBFB*B","","","","W","T",0,1,0,0,0,"F"
0,2,3,2,"BCBCB>F>X","candj002","","","4/F34D","T",1,0,1,0,0,"F"
1,0,0,0,"X","","","","S8/L8","T",0,1,0,0,0,"F"
1,0,0,0,"11B","polaj001","","","WP.1-2","F",0,0,2,0,0,"F"
1,0,1,0,"11B.X","","polaj001","","53/G5+","T",1,0,0,2,0,"F"
1,1,3,2,"BBSS*BC","","polaj001","","K","T",1,0,0,2,0,"F"
1,2,3,2,"FC*B*B*BS","","polaj001","","K","T",1,0,0,2,0,"F"
0,0,2,2,".CBBFFFX","","","","S8/G6M+","T",0,1,0,0,0,"F"
0,0,1,2,"FBFX","haase001","","","53/G56.1-2","T",1,0,2,0,0,"F"
0,1,0,0,".X","","haase001","","63/G4M.2-3","T",1,0,0,3,0,"F"
0,2,3,2,"*BBBCFX","","","haase001","S7/L78+.3-H","T",0,1,0,0,4,"F"
0,2,0,0,">B","badda001","","","DI.1-2","F",0,0,2,0,0,"F"
0,2,1,1,">B.CX","","badda001","","S8/L8D+.2-H","T",0,1,0,4,0,"F"
0,2,1,2,"*BCFFS","schoj001","","","K","T",1,0,1,0,0,"F"
0,0,1,2,"BCFC","","","","K","T",1,0,0,0,0,"T"
0,1,0,0,"X","","","","53/G5+","T",1,0,0,0,0,"F"
0,2,1,2,"CFBX","","","","S8/G6M","T",0,1,0,0,0,"F"
0,2,0,2,"1C>FT","grosr001","","","K","T",1,0,1,0,0,"F"
1,0,1,2,"FBCX","","","","S9/G34","T",0,1,0,0,0,"F"
1,0,3,2,"CFBB*BX","arral001","","","S6/G6.1-2","T",0,1,2,0,0,"F"
1,0,0,0,"X","buxtb001","arral001","","HR/F8XD.2-H;1-H","T",0,4,4,4,0,"F"
1,0,3,2,"BCSBBX","","","","S8/G6M","T",0,1,0,0,0,"F"
1,0,2,2,"SFBFBX","donaj001","","","6/F4D","T",1,0,1,0,0,"F"
1,1,1,2,"CCBT","donaj001","","","K","T",1,0,1,0,0,"F"
1,2,1,2,"SBFS","donaj001","","","K","T",1,0,1,0,0,"F"
0,0,1,2,"CBFFX","","","","S9/L9","T",0,1,0,0,0,"F"
0,0,1,2,"B*SFFX","candj002","","","S7/L7LS.1-2","T",0,1,2,0,0,"F"
0,0,0,2,"CSFX","casth001","candj002","","64(1)3/GDP/G6M.2-3","T",2,0,0,3,0,"F"
0,2,2,2,"CFBBX","","","candj002","7/L7D","T",1,0,0,0,3,"F"
1,0,2,2,"CSBBFC","","","","K","T",1,0,0,0,0,"F"
1,1,3,1,"BBFBX","","","","53/G56D","T",1,0,0,0,0,"F"
1,2,0,2,"CFX","","","","S7/L78S","T",0,1,0,0,0,"F"
1,2,0,0,"X","arral001","","","9/F9S+","T",1,0,1,0,0,"F"
0,0,0,0,"X","","","","8/L8","T",1,0,0,0,0,"F"
0,1,1,1,"CBX","","","","53/G56S","T",1,0,0,0,0,"F"
0,2,2,0,"BBX","","","","8/L8XD","T",1,0,0,0,0,"F"
1,0,0,1,"CX","","","","2/P2F/FL","T",1,0,0,0,0,"F"
1,1,1,0,"BX","","","","53/G56D+","T",1,0,0,0,0,"F"
1,2,1,1,"BFX","","","","63/G4","T",1,0,0,0,0,"F"
0,0,1,2,"CSBX","","","","S9/L89S","T",0,1,0,0,0,"F"
0,0,0,0,"H","grosr001","","","HP.1-2","T",0,1,2,0,0,"F"
0,0,0,0,"X","cabrm001","grosr001","","8/F89D.2-3","T",1,0,1,3,0,"F"
0,1,0,2,"FFX","cabrm001","","grosr001","16(1)/FO/L4MS+.3-H;B-1","T",1,1,0,0,4,"F"
0,2,2,2,"BSSB*S","casth001","","","K","T",1,0,1,0,0,"F"
1,0,1,0,"BX","","","","7/L7D","T",1,0,0,0,0,"F"
1,1,2,2,"BBFFX","","","","7/F7LD","T",1,0,0,0,0,"F"
1,2,2,2,"BSBFS","","","","K","T",1,0,0,0,0,"F"
0,0,0,0,"X","","","","D9/L89XD+","T",0,2,0,0,0,"F"
0,0,3,2,"BBBFCFC","","goodn002","","K","T",1,0,0,2,0,"F"
0,1,0,0,"X","","goodn002","","S4/L34D.2-3","T",0,1,0,3,0,"F"
0,1,0,2,"1FF>*B","badda001","","goodn002","SB2","F",0,0,2,0,3,"F"
0,1,1,2,"1FF>*B.S","","badda001","goodn002","K","T",1,0,0,2,3,"F"
0,2,1,0,"BX","","badda001","goodn002","9/L9D+","T",1,0,0,2,3,"F"
1,0,2,2,".CBBSFC","","","","K","T",1,0,0,0,0,"F"
1,1,0,2,"CFX","","","","9/F89XD","T",1,0,0,0,0,"F"
1,2,3,2,"CSBBFBS","","","","K","T",1,0,0,0,0,"F"
0,0,3,2,"CBBBCX","","","","8/L89D","T",1,0,0,0,0,"F"
0,1,1,2,"CFBFX","","","","43/G34D+","T",1,0,0,0,0,"F"
0,2,0,2,"SFX","","","","S8/L4D","T",0,1,0,0,0,"F"
0,2,2,1,"BBFX","casth001","","","S7/G56+.1-2","T",0,1,2,0,0,"F"
0,2,3,2,".C*B*SBB>X","haase001","casth001","","13/G4S","T",1,0,1,2,0,"F"
1,0,3,2,".BCCBBB","","","","W","T",0,1,0,0,0,"F"
1,0,0,0,"X","polaj001","","","S9/L9S+.1-2","T",0,1,2,0,0,"F"
1,0,0,0,"X","donaj001","polaj001","","5/P5","T",1,0,1,2,0,"F"
1,1,2,1,"B*BSX","donaj001","polaj001","","8/F89","T",1,0,1,2,0,"F"
1,2,2,1,"FBBX","donaj001","polaj001","","43/G4D","T",1,0,1,2,0,"F"
0,0,1,0,"BX","","","","53/G56","T",1,0,0,0,0,"F"
0,1,3,2,"BBBCFF*B","","","","W","T",0,1,0,0,0,"F"
0,1,3,2,"C1B*BF*BF1X","badda001","","","143/G4.1-2","T",1,0,2,0,0,"F"
0,2,2,2,".BCFBS","","badda001","","K","T",1,0,0,2,0,"F"
1,0,0,2,"..CCH","","","","HP","T",0,1,0,0,0,"F"
1,0,0,1,".SX","simma001","","","9/F9","T",1,0,1,0,0,"F"
1,1,0,2,"TSX","simma001","","","65(1)3/GDP/G4M","T",2,0,0,0,0,"F"
0,0,0,2,"..CSX","","","","9/F9L","T",1,0,0,0,0,"F"
0,1,3,2,"SBBSBS","","","","K","T",1,0,0,0,0,"F"
0,2,1,2,"CBSH","","","","HP","T",0,1,0,0,0,"F"
0,2,1,1,"C*BX","casth001","","","8/F8XD+","T",1,0,1,0,0,"F"
1,0,0,0,".H","","","","HP","T",0,1,0,0,0,"F"
1,0,0,2,"C1S>B","buxtb001","","","SB2.1-3(E2/TH)","F",0,0,3,0,0,"F"
1,0,1,2,"C1S>B.S","","","buxtb001","K","T",1,0,0,0,3,"F"
1,1,3,2,"*BCFB*BB","","","buxtb001","W","T",0,1,0,0,3,"F"
1,1,0,1,"FX","donaj001","","buxtb001","S8/G6M+.3-H;1-2","T",0,1,2,0,4,"F"
1,1,3,0,"BBBB","keplm001","donaj001","","W.2-3;1-2","T",0,1,2,3,0,"F"
1,1,1,1,"SBX","sanom001","keplm001","donaj001","8/SF/F78S.3-H","T",1,0,1,2,4,"F"
1,2,0,1,"FX","sanom001","keplm001","","7/F78D","T",1,0,1,2,0,"F"
0,0,0,2,".CFT","","","","K","T",1,0,0,0,0,"F"
0,1,1,2,"BFSH","","","","HP","T",0,1,0,0,0,"F"
0,1,0,0,"11X","camed001","","","S7/L7S.1-2","T",0,1,2,0,0,"F"
0,1,2,1,"S*B*BX","badda001","camed001","","S8/G6M.2-H;1-2","T",0,1,2,4,0,"F"
0,1,1,0,"BX","schoj001","badda001","","9/F89S","T",1,0,1,2,0,"F"
0,2,2,1,"BSBX","schoj001","badda001","","53/G56","T",1,0,1,2,0,"F"
0,0,1,2,"SBFC","","","","K","T",1,0,0,0,0,"T"
0,1,0,0,"X","","","","6/F56D","T",1,0,0,0,0,"F"
0,2,2,2,"CCBBC","","","","K","T",1,0,0,0,0,"F"
1,0,1,1,"CBX","","","","HR/F7LD","T",0,4,0,0,0,"F"
1,0,0,0,"X","","","","5/L5+","T",1,0,0,0,0,"F"
1,1,3,2,"CBBCBX","","","","63/G6","T",1,0,0,0,0,"F"
1,2,0,2,"CSS","","","","K","T",1,0,0,0,0,"F"
0,0,1,2,"CSBFS","","","","K","T",1,0,0,0,0,"F"
0,1,1,1,"BCX","","","","5/L56","T",1,0,0,0,0,"F"
0,2,2,2,"BBFSFC","","","","K","T",1,0,0,0,0,"F"
1,0,0,0,"X","","","","8/F8XD","T",1,0,0,0,0,"F"
1,1,3,0,"BBBB","","","","W","T",0,1,0,0,0,"F"
1,1,0,0,"X","sanom001","","","9/F9LD","T",1,0,1,0,0,"F"
1,2,0,0,"X","sanom001","","","7/F7D","T",1,0,1,0,0,"F"
0,0,0,2,"FSX","","","","HR/F89XD","T",0,4,0,0,0,"F"
0,0,2,1,"BBFX","","","","53/G56-","T",1,0,0,0,0,"F"
0,1,0,2,"FFFX","","","","S7/G56","T",0,1,0,0,0,"F"
0,1,0,0,"X","castw003","","","43/G3.1-2","T",1,0,2,0,0,"F"
0,2,0,2,"FCFX","","castw003","","9/F9","T",1,0,0,2,0,"F"
1,0,0,0,"X","","","","S8/G6M","T",0,1,0,0,0,"F"
1,0,3,2,"S*BBFF*BX","simma001","","","64(1)/FO/G6.B-1","T",1,1,0,0,0,"F"
1,1,0,0,"X","buxtb001","","","S7/L78+.1-2","T",0,1,2,0,0,"F"
1,1,2,2,"BSF*BX","polaj001","buxtb001","","8/L8D+","T",1,0,1,2,0,"F"
1,2,2,2,"FBBCX","polaj001","buxtb001","","HR/F78XD.2-H;1-H","T",0,4,4,4,0,"F"
1,2,1,0,"BX","","","","13/G4S","T",1,0,0,0,0,"F"
0,0,1,2,"BCFFFFS","","","","K","T",1,0,0,0,0,"F"
0,1,1,2,"BFFX","","","","D7/L7L","T",0,2,0,0,0,"F"
0,1,2,2,"CBFBB","","schoj001","","WP.2-3","F",0,0,0,3,0,"F"
0,1,3,2,"CBFBB.FF*B","","","schoj001","W","T",0,1,0,0,3,"F"
0,1,0,2,"FFX","candj002","","schoj001","D7/L7L.3-H;1-3","T",0,2,3,0,4,"F"
0,1,2,1,"BBCX","","casth001","candj002","HR/F89XD.3-H;2-H","T",0,4,0,4,4,"F"
0,1,0,2,"CFX","","","","2/P2F/FL","T",1,0,0,0,0,"F"
0,2,0,0,"X","","","","3/BG34S","T",1,0,0,0,0,"F"
1,0,0,0,"X","","","","9/L89D+","T",1,0,0,0,0,"F"
1,1,2,2,"CCBBX","","","","HR/F8XD","T",0,4,0,0,0,"F"
1,1,2,2,"CFBFFBX","","","","D9/F9LD","T",0,2,0,0,0,"F"
1,1,0,0,".X","","arral001","","7/F7","T",1,0,0,2,0,"F"
1,2,1,1,"BFX","","arral001","","9/F9S","T",1,0,0,2,0,"F"
0,0,3,1,"BBBCB","","","","W","T",0,1,0,0,0,"F"
0,0,0,0,"1>B","badda001","","","SB2","F",0,0,2,0,0,"F"
0,0,2,1,"1>B.CBX","","badda001","","5/F5D","T",1,0,0,2,0,"F"
0,1,0,1,"CX","","badda001","","63/G6.2-3","T",1,0,0,3,0,"F"
0,2,0,2,"SSFX","","","badda001","S68/L6D+.3-H","T",0,1,0,0,4,"F"
0,2,1,1,".BCX","schoj001","","","7/L7","T",1,0,1,0,0,"F"
1,0,1,2,"FSBS","","","","K","T",1,0,0,0,0,"F"
1,1,3,1,"BBBCX","","","","53/G5D","T",1,0,0,0,0,"F"
1,2,2,2,"FFBB*S","","","","K","T",1,0,0,0,0,"F"
0,0,1,1,"BFX","","","","4/L4D+","T",1,0,0,0,0,"F"
0,1,0,0,"H","","","","HP","T",0,1,0,0,0,"F"
0,1,0,2,"1FFX","goodn002","","","3/P3F/FL","T",1,0,1,0,0,"F"
0,2,2,2,"BFBS>FS","goodn002","","","K","T",1,0,1,0,0,"F"
1,0,2,1,"FBBX","","","","S8/F8","T",0,1,0,0,0,"F"
1,0,2,1,"C1BBX","keplm001","","","9/F9D+.1-2","T",1,0,2,0,0,"F"
1,1,3,2,"FF*BBBFX","","keplm001","","9/F9LD.2-3","T",1,0,0,3,0,"F"
1,2,2,1,".FBBX","","","keplm001","S9/L89D+.3-H","T",0,1,0,0,4,"F"
1,2,2,2,".FBBSS","arral001","","","K","T",1,0,1,0,0,"F"
0,0,1,0,"..BX","","","","8/F8XD+","T",1,0,0,0,0,"F"
0,1,3,2,"BCBSBFC","","","","K","T",1,0,0,0,0,"F"
0,2,2,1,"SBBX","","","","8/F8","T",1,0,0,0,0,"F"
1,0,3,1,"BCBBX","","","","HR/F78XD","T",0,4,0,0,0,"F"
1,0,0,2,"FCS","","","","K","T",1,0,0,0,0,"F"
1,1,3,0,"BBBB","","","","W","T",0,1,0,0,0,"F"
1,1,1,0,"B>*B","garvm001","","","SB2","F",0,0,2,0,0,"F"
1,1,2,2,"B>*B.CSFFS","","garvm001","","K","T",1,0,0,2,0,"F"
1,2,3,2,"FBCBBB","","garvm001","","W","T",0,1,0,2,0,"F"
1,2,0,2,".SSS","keplm001","garvm001","","K","T",1,0,1,2,0,"F"
0,0,3,1,"..BCBBB","","","","W","T",0,1,0,0,0,"F"
0,0,3,0,"BB*BB","schoj001","","","W.1-2","T",0,1,2,0,0,"F"
0,0,0,2,"CFX","candj002","schoj001","","D8/L78XD+.2-H;1-3","T",0,2,3,4,0,"F"
0,0,1,2,".CC*BFX","","casth001","candj002","63/G6","T",1,0,0,2,3,"F"
0,1,2,2,"FSB*BX","","casth001","candj002","8/SF/F8D.3-H;2-3","T",1,0,0,3,4,"F"
0,2,2,0,"BBX","","","casth001","S9/G34.3-H","T",0,1,0,0,4,"F"
0,2,0,0,"X","castw003","","","8/F89D","T",1,0,1,0,0,"F"
1,0,2,2,"CBFBS","","","","K","T",1,0,0,0,0,"F"
1,1,1,2,"SBCX","","","","8/F78","T",1,0,0,0,0,"F"
1,2,3,2,"SBSFBBX","","","","7/L7","T",1,0,0,0,0,"F"
0,0,2,2,".BCBCS","","","","K","T",1,0,0,0,0,"F"
0,1,1,2,"CSBX","","","","6/P6D","T",1,0,0,0,0,"F"
0,2,0,0,"X","","","","HR/L7LD","T",0,4,0,0,0,"F"
0,2,1,2,"BCCX","","","","31/G34","T",1,0,0,0,0,"F"
1,0,0,0,".X","","","","D7/L78XD+","T",0,2,0,0,0,"F"
1,0,3,2,"*BBCBCS","","buxtb001","","K","T",1,0,0,2,0,"F"
1,1,0,1,"CX","","buxtb001","","9/F9D.2-3","T",1,0,0,3,0,"F"
1,2,3,2,"BBCC*BB","","","buxtb001","W","T",0,1,0,0,3,"F"
1,2,0,0,">B","donaj001","","buxtb001","DI.1-2","F",0,0,2,0,3,"F"
1,2,3,2,">B.BBCFFX","","donaj001","buxtb001","7/F7","T",1,0,0,2,3,"F"
